CD_MUN,idh_idhm_2010,idh_idhm_e_2010,idh_idhm_l_2010,idh_idhm_r_2010,pobreza_desigualdade_gini_2010,pobreza_desigualdade_pind_2010,pobreza_desigualdade_pmpob_2010,pobreza_desigualdade_ppob_2010,pobreza_desigualdade_pren10ricos_2010,pobreza_desigualdade_pren40_2010,pobreza_desigualdade_r1040_2010,pobreza_desigualdade_rdpc_2010,pobreza_desigualdade_rdpc1_2010,pobreza_desigualdade_rdpc10_2010,pobreza_desigualdade_rdpc2_2010,pobreza_desigualdade_rdpc3_2010,pobreza_desigualdade_rdpc4_2010,pobreza_desigualdade_rdpc5_2010,pobreza_desigualdade_theil_2010,desenvolvimento_humano_espvida_2010,desenvolvimento_humano_fectot_2010,desenvolvimento_humano_mort1_2010,desenvolvimento_humano_mort5_2010,desenvolvimento_humano_razdep_2010,desenvolvimento_humano_sobre40_2010,desenvolvimento_humano_sobre60_2010,economia_pib_mil_reais_2021,economia_pib_mil_reais_2022,economia_pib_mil_reais_2023,economia_pib_per_capita_reais_2021,economia_pib_per_capita_reais_2022,economia_pib_per_capita_reais_2023,economia_vab_total_mil_reais_2021,economia_vab_agropecuaria_mil_reais_2021,economia_vab_industria_mil_reais_2021,economia_vab_servicos_mil_reais_2021,economia_vab_administracao_mil_reais_2021,economia_impostos_mil_reais_2021,empresas_emprego_i143491_2024,empresas_emprego_i143493_2024,empresas_emprego_i143494_2024,empresas_emprego_i143495_2024,empresas_emprego_i143496_2024,empresas_emprego_i143497_2024,empresas_emprego_i143498_2024,empresas_emprego_i143499_2024,empresas_emprego_i143500_2024,empresas_emprego_i143501_2024,empresas_emprego_i143502_2024,empresas_emprego_i143503_2024,empresas_emprego_i143504_2024,empresas_emprego_i143505_2024,empresas_emprego_i143506_2024,empresas_emprego_i143507_2024,empresas_emprego_i143508_2024,empresas_emprego_i143509_2024,empresas_emprego_i143510_2024,empresas_emprego_i143511_2024,empresas_emprego_i143512_2024,empresas_emprego_i143513_2024,empresas_emprego_i143514_2024,empresas_emprego_i143516_2024,empresas_emprego_i143517_2024,empresas_emprego_i143518_2024,empresas_emprego_i143519_2024,empresas_emprego_i143520_2024,empresas_emprego_i143521_2024,empresas_emprego_i143522_2024,empresas_emprego_i143523_2024,empresas_emprego_i143524_2024,empresas_emprego_i143525_2024,empresas_emprego_i143526_2024,empresas_emprego_i143527_2024,empresas_emprego_i143528_2024,empresas_emprego_i143529_2024,empresas_emprego_i143530_2024,empresas_emprego_i143531_2024,empresas_emprego_i143532_2024,empresas_emprego_i143533_2024,empresas_emprego_i143534_2024,empresas_emprego_i143535_2024,empresas_emprego_i143536_2024,empresas_emprego_i143538_2024,empresas_emprego_i143539_2024,empresas_emprego_i143540_2024,empresas_emprego_i143541_2024,empresas_emprego_i143542_2024,empresas_emprego_i143543_2024,empresas_emprego_i143544_2024,empresas_emprego_i143545_2024,empresas_emprego_i143546_2024,empresas_emprego_i143547_2024,empresas_emprego_i143548_2024,empresas_emprego_i143549_2024,empresas_emprego_i143550_2024,empresas_emprego_i143551_2024,empresas_emprego_i143552_2024,empresas_emprego_i143553_2024,empresas_emprego_i143554_2024,empresas_emprego_i143555_2024,empresas_emprego_i143556_2024,empresas_emprego_i143557_2024,empresas_emprego_i143558_2024,empresas_emprego_i143580_2024,empresas_emprego_i143582_2024,empresas_emprego_i143583_2024,empresas_emprego_i143584_2024,empresas_emprego_i143585_2024,empresas_emprego_i143586_2024,empresas_emprego_i143587_2024,empresas_emprego_i143588_2024,empresas_emprego_i143589_2024,empresas_emprego_i143590_2024,empresas_emprego_i143591_2024,empresas_emprego_i143592_2024,empresas_emprego_i143593_2024,empresas_emprego_i143594_2024,empresas_emprego_i143595_2024,empresas_emprego_i143596_2024,empresas_emprego_i143597_2024,empresas_emprego_i143598_2024,empresas_emprego_i143599_2024,empresas_emprego_i143600_2024,empresas_emprego_i143601_2024,financas_publicas_i143223_2025,financas_publicas_i143224_2025,financas_publicas_i143225_2025,financas_publicas_i165603_2025,financas_publicas_i165604_2025,financas_publicas_i165605_2025,financas_publicas_i165606_2025,financas_publicas_i165607_2025,financas_publicas_i165608_2025,financas_publicas_i165609_2025,financas_publicas_i165610_2025,financas_publicas_i165611_2025,financas_publicas_i165612_2025,financas_publicas_i165613_2025,financas_publicas_i165614_2025,financas_publicas_i165615_2025,financas_publicas_i165616_2025,financas_publicas_i165617_2025,financas_publicas_i165618_2025,financas_publicas_i28135_2025,financas_publicas_i28136_2025,financas_publicas_i28141_2025,financas_publicas_i28142_2025,financas_publicas_i28144_2025,financas_publicas_i29748_2025,financas_publicas_i29749_2025,financas_publicas_i29750_2025,financas_publicas_i29751_2025,ideb_i78187_2025,ideb_i78188_2025,ideb_i78189_2025,ideb_i78190_2025,ideb_i78192_2025,ideb_i78193_2025,ideb_i78194_2025,ideb_i78195_2025,ideb_i78197_2025,ideb_i78198_2025,ideb_i78199_2025,ideb_i78200_2025
3500105,0.79,0.75,0.852,0.772,0.51,0.5,2.57,11.34,43.03,13.4,12.85,975.43,233.59,4197.1,419.87,577.77,854.6,2795.03,0.45,76.13,1.4,12.0,13.92,42.86,94.72,85.06,1370865.929,1542108.768,1705894.987,38997.12,44457.83,49179.66,1246346.757,54224.142,178323.41,785582.034,228217.171,124519.171,4112,14,1693,8.0,109.0,35.0,162,62.0,52.0,211.0,792,86.0,70.0,3.0,137.0,3.0,61.0,,153,294.0,167,,18101,1323,2274,47.0,393.0,71.0,817.0,340.0,140.0,585.0,3653,363.0,3695.0,16.0,2107.0,2.0,190.0,,312.0,1366.0,407,13746,1323,959.0,33.0,263.0,31.0,619.0,226.0,30.0,298.0,2691,216.0,3602.0,16.0,1932.0,,119.0,,180.0,1007.0,201.0,2.3,587888,67276,50508.0,3843.0,6316.0,741.0,21891.0,16492.0,817.0,10589.0,99019,8065.0,193474.0,671.0,62376.0,,3516.0,,3694.0,28471.0,10128,306270685.0,6733747.94,299536937.06,54320675.49,48406659.15,5914016.34,,3515006.84,15282956.83,4882.4,,85011822.48,173675700.58,2845904.65,,30022.88,,3393086.89,,11799800.35,307895209.61,338080059.04,3423109.77,334656949.27,310704404.53,319695009.96,6753106.34,303951298.19,7.0,7.0,,,5.7,,5.7,,5.0,,5.0,
3500204,0.73,0.648,0.844,0.71,0.38,1.31,3.43,13.36,30.76,17.77,6.92,661.65,209.11,2035.12,378.77,519.68,707.03,1497.34,0.27,75.62,1.81,13.8,15.98,42.22,94.76,84.2,115489.988,152744.965,215282.976,32578.28,35105.71,49478.96,110371.621,22826.148,17782.937,42622.327,27140.209,5118.367,540,7,361,1.0,5.0,3.0,20,3.0,5.0,7.0,58,8.0,2.0,1.0,5.0,3.0,1.0,,28,3.0,19,,1353,355,306,2.0,8.0,8.0,70.0,7.0,10.0,11.0,142,205.0,3.0,,79.0,44.0,2.0,,60.0,7.0,34,868,355,12.0,2.0,2.0,3.0,29.0,4.0,,1.0,82,196.0,,,75.0,40.0,,,51.0,2.0,14.0,1.7,26579,13417,375.0,139.0,58.0,171.0,794.0,270.0,,23.0,2228,3808.0,,,1801.0,1595.0,,,1024.0,15.0,860,44610646.87,1398244.71,43212402.16,5664387.19,4272990.59,1391396.6,,,1208713.13,,,85485.96,44907716.73,79325.47,,28200.0,,1903178.76,,2376536.62,43960327.23,53877007.24,1931378.76,51945628.48,44929368.98,46336863.85,1398244.71,43531124.27,6.0,6.0,,,5.3,5.3,,,3.7,,3.7,
3500303,0.715,0.606,0.858,0.703,0.47,1.03,6.89,23.68,39.07,14.48,10.79,636.07,158.11,2485.19,302.43,438.88,599.27,1680.57,0.39,76.49,2.14,12.5,14.5,43.68,95.22,85.44,1314737.257,1538788.797,1773842.732,35551.7,47979.2,55308.14,1070360.685,121795.919,358840.73,437984.526,151739.51,244376.572,2994,10,1730,12.0,42.0,23.0,98,25.0,26.0,75.0,484,47.0,46.0,2.0,96.0,25.0,31.0,,84,73.0,65,,9941,782,1325,52.0,185.0,56.0,1031.0,117.0,56.0,145.0,2064,149.0,219.0,6.0,2807.0,105.0,74.0,,73.0,223.0,472,7343,782,145.0,37.0,142.0,29.0,930.0,69.0,13.0,49.0,1501,95.0,164.0,6.0,2689.0,71.0,42.0,,34.0,147.0,398.0,2.2,300106,42533,4723.0,1946.0,3848.0,700.0,25940.0,6665.0,370.0,1523.0,52737,3069.0,6697.0,216.0,120146.0,3384.0,1113.0,,1015.0,4549.0,18933,159405592.94,6187374.18,153218218.76,29988754.73,27694685.02,2274237.26,19832.45,1349948.55,5160198.72,,,446069.57,156386600.37,663022.33,,155994.6,,2882576.0,,9362826.05,162009470.19,197033164.87,3038570.6,193994594.27,162129289.23,171372296.24,6702374.18,155426915.05,6.2,6.1,6.8,,5.0,5.6,4.8,,4.2,,4.2,
3500402,0.781,0.716,0.886,0.75,0.52,0.6,3.56,18.43,45.34,12.94,14.01,853.39,186.22,3869.03,365.96,513.01,732.83,2492.73,0.49,78.13,1.81,9.6,11.13,46.28,95.76,87.75,209003.992,237447.327,272358.712,25297.02,32222.46,36960.06,193848.586,25096.376,25550.804,106278.688,36922.718,15155.406,979,6,548,9.0,34.0,10.0,27,10.0,10.0,21.0,133,18.0,8.0,,33.0,4.0,16.0,,52,15.0,25,,1814,345,462,12.0,79.0,18.0,43.0,33.0,13.0,31.0,261,32.0,17.0,,288.0,,29.0,,39.0,83.0,29,956,345,27.0,11.0,45.0,5.0,19.0,21.0,,2.0,123,12.0,8.0,,236.0,,8.0,,14.0,70.0,10.0,2.3,40615,14144,557.0,1274.0,1089.0,181.0,885.0,1532.0,,60.0,3713,353.0,238.0,,13187.0,,263.0,,272.0,2376.0,488,55017130.7,1584858.73,53432271.97,9604026.67,8224666.54,1378212.77,1147.36,1671154.82,1450204.12,,,5417.59,45580229.3,2731393.15,,,,1444944.01,,1786287.09,56139117.85,62487369.66,1444944.01,61042425.65,56757735.76,57925404.94,1614807.09,55142928.67,6.8,6.8,,,5.5,,5.5,,4.9,,4.9,
3500501,0.745,0.675,0.846,0.725,0.43,0.07,2.38,16.44,35.15,15.69,8.96,730.13,207.45,2566.13,365.23,514.93,738.66,1841.46,0.32,75.76,1.52,12.5,14.5,44.06,94.51,84.54,585603.941,709589.578,801114.539,30971.23,39799.74,44680.12,539218.08,10298.965,41438.678,372529.721,114950.716,46385.86,1814,5,277,2.0,142.0,25.0,176,48.0,23.0,78.0,453,55.0,40.0,2.0,258.0,,20.0,,63,113.0,34,,7680,770,261,81.0,1906.0,169.0,494.0,183.0,54.0,162.0,1408,115.0,129.0,6.0,1258.0,,47.0,,128.0,384.0,125,5617,770,,79.0,1721.0,143.0,376.0,90.0,3.0,57.0,894,32.0,80.0,6.0,939.0,,20.0,,85.0,234.0,88.0,1.9,206706,41153,,5279.0,50506.0,6514.0,16820.0,8218.0,52.0,1160.0,27581,824.0,2031.0,350.0,29896.0,,1023.0,,2164.0,8421.0,4714,165998803.16,14327280.39,151671522.77,59955652.62,55055955.42,4897279.67,2417.53,1833402.18,3733399.34,,,20973956.16,91688222.66,2365952.84,,,,3562453.43,,16351196.16,154188515.42,184113039.23,3562453.43,180550585.8,166490552.29,170539711.58,14342755.47,152147796.82,6.9,6.8,7.5,,5.7,5.4,6.3,,4.9,,4.9,
3500550,0.757,0.695,0.84,0.744,0.48,1.44,4.79,19.35,37.79,13.15,11.5,818.15,183.19,3091.47,354.55,524.09,816.64,2207.13,0.41,75.41,2.28,13.0,15.08,48.27,94.31,84.03,217295.581,254816.779,375561.879,35378.64,35504.64,52328.53,204302.32,70378.677,9944.378,82958.154,41021.111,12993.261,1214,8,875,4.0,33.0,11.0,19,7.0,8.0,24.0,98,14.0,9.0,2.0,16.0,1.0,6.0,,41,13.0,25,,2230,430,738,6.0,186.0,13.0,97.0,17.0,9.0,46.0,326,50.0,9.0,13.0,132.0,33.0,4.0,,28.0,13.0,80,1283,430,167.0,3.0,150.0,3.0,73.0,12.0,,13.0,194,25.0,,11.0,112.0,33.0,,,5.0,4.0,48.0,2.2,51454,21952,6739.0,249.0,4413.0,64.0,1795.0,1650.0,,339.0,5816,632.0,,451.0,4301.0,1123.0,,,113.0,89.0,1730,76307507.78,5559504.53,70748003.25,26488415.82,26231135.22,256018.07,1262.53,1126872.22,1282330.89,,,,53035929.82,222040.0,,,,359715.16,,5831487.04,72663805.53,82515303.91,359715.16,82155588.75,77676128.84,78495292.57,5658057.04,72018071.8,6.4,6.4,,,5.1,,5.1,,4.3,,4.3,
3500600,0.854,0.825,0.89,0.849,0.54,0.24,0.8,8.43,44.98,11.42,15.75,1580.72,304.27,7110.0,598.42,899.44,1379.8,4652.07,0.52,78.37,1.32,9.3,10.79,52.77,95.88,88.06,147855.135,160664.986,185389.984,41208.23,57793.16,66687.04,138568.318,0.0,8858.841,98194.675,31514.802,9286.817,365,8,4,3.0,50.0,7.0,57,8.0,14.0,28.0,101,14.0,6.0,,9.0,,9.0,,28,15.0,4,,1741,363,3,5.0,233.0,39.0,83.0,24.0,26.0,37.0,414,27.0,371.0,,21.0,,15.0,,49.0,24.0,7,1353,363,,5.0,167.0,30.0,29.0,15.0,3.0,7.0,296,6.0,365.0,,11.0,,1.0,,43.0,8.0,4.0,2.3,55493,15037,,920.0,5130.0,804.0,827.0,2266.0,105.0,82.0,7730,64.0,20296.0,,151.0,,24.0,,1423.0,264.0,369,54195225.33,4777176.99,49418048.34,13899766.51,12998558.52,901207.99,,351938.94,2747586.53,,,1327764.43,39555282.37,356597.24,,281200.0,,3258725.61,,4946312.88,50927721.51,61778861.63,3539925.61,58238936.02,55838077.56,55874034.39,4920303.48,50917774.08,7.1,7.1,,,6.5,6.5,,,4.7,,4.7,
3500709,0.745,0.694,0.845,0.705,0.41,1.99,6.61,20.07,31.5,15.43,8.16,642.59,167.6,2023.94,328.31,497.25,699.73,1515.19,0.31,75.67,1.8,13.7,15.88,43.38,94.79,84.28,2638622.611,2685446.015,3415808.553,70209.74,71269.8,90653.09,2194289.65,85373.367,1120495.303,780808.117,207612.863,444332.962,2583,7,962,6.0,99.0,29.0,116,31.0,36.0,108.0,564,78.0,65.0,4.0,129.0,,33.0,,121,89.0,106,,15753,1563,1311,120.0,468.0,85.0,1062.0,112.0,80.0,339.0,2367,373.0,432.0,53.0,2240.0,,53.0,,166.0,431.0,4498,13076,1563,520.0,116.0,364.0,47.0,916.0,65.0,16.0,200.0,1721,275.0,348.0,50.0,2065.0,,12.0,,83.0,318.0,4397.0,2.4,461342,74228,35383.0,4430.0,8885.0,1036.0,28801.0,6795.0,537.0,5207.0,56285,8856.0,9805.0,2624.0,132116.0,,414.0,,2334.0,11345.0,72262,220963852.41,4511351.31,216452501.1,25506084.42,25056334.75,449749.67,,2512291.36,5189891.0,,,16138.76,235343170.92,1305253.08,,407369.89,,1416334.39,,5875403.45,229547257.61,271696533.82,1823704.28,269872829.54,229504653.27,235422661.06,5632447.49,223872205.78,6.5,6.5,,,4.9,,4.9,,4.0,,4.0,
3500758,0.712,0.658,0.805,0.682,0.44,1.75,7.61,25.89,35.66,15.67,9.1,556.36,152.68,1983.81,283.24,383.74,550.57,1420.9,0.33,73.27,2.19,17.5,20.3,49.56,93.41,80.68,129389.561,133707.111,160252.134,20765.46,21772.86,26095.45,121961.643,35450.074,11402.717,42753.369,32355.482,7427.919,596,3,389,,9.0,2.0,19,3.0,5.0,10.0,52,10.0,9.0,,27.0,5.0,6.0,,24,12.0,11,,1507,338,456,,42.0,4.0,72.0,4.0,12.0,12.0,183,38.0,13.0,,261.0,22.0,7.0,,5.0,11.0,27,913,338,109.0,,30.0,1.0,44.0,,,1.0,108,25.0,2.0,,220.0,17.0,1.0,,3.0,1.0,13.0,1.8,33196,13802,3220.0,,1038.0,25.0,1289.0,,,30.0,3658,450.0,98.0,,8293.0,607.0,69.0,,70.0,11.0,537,43196514.39,1992648.85,41203865.54,5770374.33,5279133.49,491240.84,,350342.69,574896.76,,,5805.15,42628089.19,10757.25,,,,1637855.73,,2174229.5,43079399.77,50978121.1,1637855.73,49340265.37,44108337.38,45253629.27,2022152.35,42086185.03,6.1,6.1,,,5.7,,5.7,,4.6,,4.6,
3500808,0.741,0.71,0.84,0.682,0.36,1.29,4.66,22.16,26.47,17.86,5.93,558.38,184.9,1478.1,313.65,478.2,620.7,1195.35,0.22,75.41,1.64,14.1,16.33,47.61,94.65,83.9,120354.905,129964.952,158136.921,28649.11,29238.46,35576.36,90501.981,9081.353,21154.99,35648.145,24617.494,29852.924,970,7,820,1.0,2.0,3.0,16,3.0,1.0,12.0,55,6.0,1.0,2.0,13.0,,2.0,,13,11.0,2,,2420,259,680,2.0,6.0,7.0,115.0,8.0,3.0,21.0,145,16.0,1.0,,1130.0,,6.0,,5.0,13.0,3,1595,259,,2.0,3.0,2.0,98.0,4.0,,4.0,86,10.0,,,1119.0,,3.0,,2.0,1.0,2.0,2.1,53104,10516,,188.0,90.0,34.0,1918.0,469.0,,383.0,2477,658.0,,,36040.0,,97.0,,54.0,40.0,139,34549284.12,1450087.75,33099196.37,5086733.41,4680765.24,332362.81,73605.36,,666391.7,,,,36492784.97,59305.58,,,,1060130.26,,1543772.97,35575660.65,43365345.92,1060130.26,42305215.66,34875575.96,37119433.62,1450087.75,33425488.21,5.9,,5.9,,5.4,,5.4,,4.6,,4.6,
3500907,0.687,0.581,0.8,0.698,0.42,0.51,5.38,17.13,33.64,16.67,8.07,616.38,187.39,2073.4,326.29,431.76,624.43,1508.31,0.3,73.0,2.24,18.0,20.84,44.34,93.24,80.26,112274.385,126933.661,210528.68,26662.17,36781.7,61005.12,106487.936,48058.627,5048.541,24150.276,29230.491,5786.449,574,3,475,3.0,6.0,,4,3.0,2.0,5.0,33,3.0,1.0,2.0,3.0,,1.0,,12,5.0,13,,1118,259,652,2.0,7.0,,24.0,,2.0,6.0,76,3.0,1.0,,54.0,,,,3.0,11.0,18,787,259,396.0,2.0,1.0,,21.0,,,,42,,,,52.0,,,,1.0,7.0,6.0,2.4,35682,13475,16597.0,184.0,26.0,,537.0,,,,1166,,,,3285.0,,,,18.0,159.0,235,40495618.51,3430702.29,37064916.22,3020190.26,2829081.64,191108.62,,329313.14,196314.28,,,20086.76,41494714.95,15568.16,582572.89,,,1006999.5,,3473839.94,37085161.22,46665759.94,1589572.39,45076187.55,40559001.16,40559001.16,3473839.94,37085161.22,6.1,6.1,,,5.4,,5.4,,5.0,,5.0,
3501004,0.73,0.635,0.843,0.726,0.45,0.44,2.84,14.71,36.62,15.56,9.42,731.49,213.95,2678.51,355.0,498.78,717.52,1864.55,0.34,75.57,1.84,13.9,16.05,44.42,94.74,84.13,833396.279,646572.298,946537.783,51377.61,38445.25,56281.23,793364.428,386045.395,28793.595,296402.138,82123.3,40031.851,2336,13,1436,1.0,54.0,12.0,70,26.0,17.0,54.0,349,45.0,29.0,2.0,38.0,1.0,7.0,,71,39.0,72,,4794,866,1139,1.0,129.0,42.0,151.0,83.0,46.0,144.0,1246,117.0,133.0,7.0,121.0,2.0,16.0,,98.0,233.0,220,2657,866,162.0,,62.0,26.0,62.0,47.0,3.0,60.0,815,49.0,87.0,7.0,62.0,,6.0,,42.0,173.0,128.0,2.0,96429,33206,7347.0,,1803.0,608.0,1300.0,5014.0,57.0,1940.0,25862,957.0,1701.0,428.0,2567.0,,110.0,,1225.0,6261.0,6044,119072888.53,998481.19,118074407.34,17303078.48,16196771.79,1106306.69,,4148808.27,1848111.18,,,2421320.51,120387299.11,617605.57,,,,1541629.6,,1705030.52,121406938.98,148267852.72,1541629.6,146726223.12,121039469.92,123111969.5,1017341.19,120022128.73,6.5,6.5,,,5.4,5.5,5.3,,4.6,,4.6,
3501103,0.7,0.616,0.817,0.683,0.35,0.61,3.63,18.67,26.79,19.07,5.62,560.3,197.72,1501.19,336.62,474.99,612.74,1182.71,0.21,74.0,1.93,16.3,18.89,45.78,93.85,81.79,113584.879,113062.323,172396.107,27853.08,29435.65,44883.13,107962.95,38450.218,7851.695,34981.123,26679.913,5621.929,1962,4,1802,1.0,9.0,3.0,5,1.0,1.0,6.0,51,3.0,3.0,,13.0,1.0,,,19,3.0,37,,1694,264,1062,2.0,11.0,3.0,10.0,6.0,2.0,6.0,132,5.0,3.0,,104.0,1.0,,,15.0,3.0,65,465,264,3.0,2.0,2.0,,3.0,6.0,,,71,,,,88.0,,,,6.0,,20.0,2.5,23510,13239,591.0,145.0,35.0,,149.0,606.0,,,2309,,,,2610.0,,,,147.0,,3679,42346271.64,1524284.18,40821987.46,3589772.47,3377819.86,211952.61,,19758.36,445974.09,,,126827.6,40696048.67,372173.01,,,,604434.0,,2083918.47,41046011.7,45854988.2,604434.0,45250554.2,42549057.88,43129930.17,1524284.18,41024773.7,6.5,6.5,,,7.4,,7.4,,6.6,,6.6,
3501152,0.766,0.732,0.841,0.729,0.42,1.68,5.73,16.56,32.64,15.48,8.43,747.27,186.95,2438.82,391.41,571.52,803.52,1760.86,0.32,75.47,1.93,14.0,16.22,45.0,94.68,83.99,3982313.077,3594285.557,3438994.015,210670.96,207750.16,198774.29,3148627.836,1155.379,2236917.868,793351.243,117203.345,833685.242,531,7,38,4.0,42.0,11.0,26,7.0,6.0,34.0,156,41.0,14.0,1.0,32.0,1.0,9.0,,51,31.0,20,,8445,666,65,10.0,245.0,32.0,144.0,32.0,14.0,81.0,717,148.0,132.0,34.0,5901.0,4.0,11.0,,29.0,68.0,112,7901,666,26.0,9.0,198.0,20.0,115.0,23.0,2.0,44.0,542,95.0,119.0,34.0,5856.0,,2.0,,14.0,38.0,98.0,3.3,472692,49073,830.0,1359.0,5771.0,362.0,3582.0,1668.0,67.0,1721.0,17480,2633.0,10512.0,2407.0,365118.0,,136.0,,1132.0,2426.0,6415,131159676.16,6659411.76,124500264.4,28973641.18,27749885.47,1223755.71,,1085306.49,922817.05,,,88511.69,134282027.78,3098279.43,,,,142301.91,,7343985.8,134881493.28,168592885.53,142301.91,168450583.62,133754844.19,142225479.08,6672390.76,127082453.43,6.3,6.3,,,4.8,4.8,,,4.5,,4.5,
3501202,0.728,0.683,0.806,0.701,0.41,1.85,3.15,20.26,33.74,16.76,8.05,627.14,190.79,2115.86,334.8,480.56,629.86,1498.77,0.3,73.35,1.79,17.4,20.13,43.01,93.46,80.81,124350.991,135133.659,175598.215,34389.1,34516.9,44852.67,120526.834,60047.108,4639.805,30252.83,25587.09,3824.157,2018,7,1868,1.0,5.0,,20,3.0,2.0,19.0,43,6.0,5.0,,8.0,,1.0,,14,10.0,6,,2043,313,1474,,11.0,,31.0,8.0,8.0,30.0,96,7.0,5.0,,36.0,,2.0,,5.0,10.0,7,443,313,21.0,,6.0,,6.0,5.0,,9.0,48,1.0,,,29.0,,,,2.0,,3.0,2.1,17174,12866,626.0,,124.0,,279.0,791.0,,235.0,1107,10.0,,,934.0,,,,39.0,,162,38768899.51,1262834.5,37506065.01,3516660.68,3375866.35,140794.33,,144529.92,215119.88,,,387.66,41130711.62,88815.4,,,,485162.0,,1282339.5,39083593.99,45581387.16,485162.0,45096225.16,40365933.49,40365933.49,1282339.5,39083593.99,6.5,6.5,,,5.7,6.2,5.5,,4.7,,4.7,
3501301,0.758,0.732,0.834,0.712,0.46,1.57,5.37,22.36,36.45,14.03,10.39,672.03,167.03,2449.69,304.46,457.8,661.56,1766.21,0.38,75.03,1.99,14.7,17.0,44.95,94.44,83.34,709875.985,820450.639,859771.399,28306.72,30113.81,31545.46,611785.067,43126.087,121125.549,335572.053,111961.378,98090.919,3427,9,2286,6.0,49.0,14.0,78,39.0,19.0,62.0,418,75.0,27.0,1.0,85.0,2.0,19.0,,99,99.0,40,,6831,619,1951,23.0,196.0,21.0,244.0,135.0,32.0,115.0,1426,237.0,180.0,9.0,1032.0,16.0,19.0,,183.0,268.0,125,3475,619,10.0,19.0,145.0,4.0,141.0,67.0,,41.0,909,111.0,142.0,9.0,927.0,12.0,,,105.0,140.0,74.0,2.4,164053,29100,392.0,1325.0,3611.0,112.0,3709.0,3974.0,13.0,1384.0,30632,6299.0,5973.0,341.0,65325.0,351.0,211.0,,3673.0,4915.0,2715,128223224.08,12402016.69,115821207.39,18495314.39,17294602.17,1197380.98,3331.24,40390.0,2693113.85,,,2447131.06,120578173.48,889414.53,,550983.9,,5467135.13,,12544274.56,120645572.37,151161656.34,6018119.03,145143537.31,131375268.28,133189846.93,12449492.41,118925775.87,6.6,6.6,,,5.4,5.4,,,4.0,,4.0,
3501400,0.688,0.605,0.805,0.669,0.38,1.4,4.59,24.62,29.14,17.48,6.67,512.99,164.18,1495.1,284.25,409.68,568.35,1135.69,0.26,73.31,2.46,17.5,20.23,32.93,93.43,80.73,58586.473,59626.427,69376.886,11012.49,12401.5,14429.47,56424.586,11040.51,2988.031,19064.229,23331.816,2161.887,301,7,230,1.0,3.0,2.0,4,3.0,,2.0,16,3.0,5.0,,5.0,,2.0,,14,3.0,1,,1108,638,368,2.0,3.0,2.0,6.0,3.0,,3.0,61,3.0,4.0,,4.0,,2.0,,7.0,1.0,1,884,638,193.0,2.0,,,,3.0,,,41,1.0,,,,,,,5.0,,1.0,2.9,48117,40658,5304.0,156.0,,,,410.0,,,1371,25.0,,,,,,,123.0,,70,32727890.79,1537788.74,31190102.05,1858359.79,1750599.46,107760.33,,1181190.66,299208.23,,,1600.0,33291940.66,166901.89,,169034.06,,590508.44,,2069520.02,33119024.84,37558743.73,759542.5,36799201.23,33552987.43,35188544.86,1543254.35,32009733.08,6.3,6.3,,,4.8,,4.8,,3.1,,3.1,
3501509,0.722,0.659,0.791,0.721,0.53,1.98,5.36,26.91,45.47,12.6,14.43,710.49,170.68,3230.37,277.1,420.42,591.64,2088.84,0.5,72.48,2.3,18.9,21.91,50.38,92.92,79.43,58404.989,64404.105,82612.841,17965.24,22323.78,28635.3,56290.761,14785.63,3008.25,17207.521,21289.36,2114.228,318,6,219,1.0,2.0,1.0,4,1.0,1.0,5.0,30,5.0,6.0,,4.0,,1.0,,20,8.0,4,,530,211,161,1.0,5.0,2.0,7.0,4.0,2.0,6.0,71,14.0,6.0,,21.0,,1.0,,5.0,7.0,6,280,211,1.0,1.0,3.0,1.0,,4.0,,,30,8.0,,,17.0,,,,1.0,,3.0,2.3,11969,9616,18.0,69.0,49.0,10.0,,525.0,,,694,170.0,,,599.0,,,,20.0,,199,30014788.2,1183475.16,28831313.04,2093754.08,1935051.48,158702.6,,10115.94,588170.4,,,24592.0,32485688.91,11951.0,,,,200000.0,,1199130.16,29215963.62,35414272.33,200000.0,35214272.33,30030443.2,30415093.78,1199130.16,28831313.04,6.2,6.2,,,4.7,,4.7,,4.4,,4.4,
3501608,0.811,0.76,0.876,0.8,0.47,0.32,1.39,7.1,37.13,14.3,10.39,1161.68,291.01,4313.44,539.54,774.2,1142.32,3039.07,0.38,77.55,1.34,10.77,12.49,37.26,95.69,86.73,15217279.783,16677590.536,17600565.714,62271.47,70296.32,74188.86,12828366.216,14187.998,4499621.881,7144793.007,1169763.33,2388913.567,21068,17,127,53.0,894.0,286.0,2432,715.0,1007.0,1952.0,6219,1229.0,625.0,15.0,2106.0,4.0,740.0,,903,1177.0,567,20317.0,111973,4994,387,1252.0,4873.0,878.0,9210.0,2732.0,2891.0,5606.0,24560,4355.0,8183.0,89.0,25348.0,24.0,3794.0,,2146.0,6529.0,4122,83929,4992,250.0,1188.0,3731.0,475.0,6570.0,1391.0,592.0,2933.0,16776,2478.0,7432.0,85.0,22508.0,20.0,2810.0,,1250.0,4949.0,3499.0,2.6,4089615,410893,11289.0,63330.0,109674.0,12775.0,199514.0,112428.0,20210.0,112781.0,641418,93659.0,402559.0,6212.0,1294981.0,1136.0,181890.0,,45204.0,202815.0,166847,1387778409.46,119429949.11,1268348460.35,477674797.85,426759421.49,50792799.67,122576.69,38227162.27,55112442.28,,,154346005.29,779630743.29,87603852.41,1195806.12,655211.21,,17855472.75,,126542678.23,1348137684.95,1612301493.47,19706490.08,1592595003.39,1458748174.64,1474680363.18,123645923.31,1335102251.33,7.2,6.8,7.5,,5.8,5.9,5.7,,4.7,,4.7,
3501707,0.751,0.701,0.852,0.709,0.39,0.96,3.72,15.04,30.14,17.04,7.08,659.67,200.15,1988.29,361.84,517.93,729.81,1489.02,0.27,76.12,2.07,13.1,15.13,40.65,95.03,84.92,1230443.649,1376814.274,1504961.923,29617.13,41697.64,45578.66,1098113.146,21524.539,363182.168,506588.317,206818.123,132330.503,1354,8,138,,66.0,15.0,59,26.0,7.0,67.0,386,139.0,43.0,5.0,154.0,,28.0,,81,43.0,89,,12418,1647,113,,175.0,17.0,215.0,97.0,19.0,115.0,1269,1411.0,217.0,15.0,4958.0,,44.0,,191.0,1051.0,864,10919,1646,14.0,,105.0,2.0,152.0,53.0,3.0,39.0,818,1236.0,163.0,4.0,4773.0,,11.0,,143.0,1004.0,753.0,2.3,475238,71122,925.0,,2782.0,47.0,4114.0,6071.0,101.0,774.0,27981,64774.0,3962.0,337.0,187756.0,,304.0,,2763.0,61246.0,40182,155806298.04,9345537.97,146460760.07,28012985.62,22939555.8,5072498.55,931.27,1504080.45,2083227.72,,,6822614.02,152360771.34,1994903.12,,,,7825694.67,,13362942.42,172757317.64,200604276.94,7825694.67,192778582.27,174440280.7,186120260.06,10824083.14,163616197.56,6.8,6.8,,,5.5,5.8,5.0,,4.3,,4.3,
3501806,0.745,0.708,0.817,0.715,0.43,0.39,4.45,20.68,34.27,15.31,8.95,686.56,187.27,2353.04,338.46,493.15,705.76,1713.1,0.32,74.04,1.9,16.2,18.79,46.73,93.87,81.86,126802.294,141692.241,175847.704,21158.4,24138.37,29957.02,122170.512,38291.032,3852.177,46794.721,33232.582,4631.782,1290,6,1054,,10.0,6.0,11,4.0,3.0,18.0,88,11.0,4.0,,20.0,,3.0,,26,16.0,10,,1582,279,833,,10.0,8.0,46.0,13.0,8.0,33.0,186,16.0,6.0,,95.0,,5.0,,9.0,21.0,14,534,279,32.0,,,,32.0,10.0,1.0,12.0,85,4.0,2.0,,65.0,,2.0,,2.0,5.0,3.0,2.2,22976,15897,807.0,,,,669.0,913.0,27.0,312.0,2037,322.0,49.0,,1465.0,,76.0,,68.0,108.0,224,43838675.71,2127178.72,41711496.99,4732958.04,4369639.07,363318.97,,,341148.78,,,1499924.94,46040754.82,70752.12,,202300.0,,2276464.78,,3982767.68,45216767.97,55164303.48,2478764.78,52685538.7,46884418.14,49199535.65,2374584.38,44509833.76,7.2,7.2,,,6.1,6.6,5.2,,4.7,,4.5,
3501905,0.785,0.711,0.871,0.78,0.5,0.19,2.49,10.77,42.13,13.66,12.34,1027.6,244.36,4329.44,457.51,641.33,943.41,2857.01,0.44,77.27,1.6,10.6,12.29,40.6,95.33,86.62,5152155.514,6156333.064,6698468.843,70437.56,90523.66,98495.31,4429800.367,120904.072,2105977.151,1830744.15,372174.994,722355.147,5148,12,1439,9.0,215.0,71.0,284,102.0,115.0,263.0,1153,162.0,156.0,4.0,394.0,11.0,81.0,,200,288.0,189,4876.0,31171,2040,1432,184.0,925.0,325.0,1056.0,575.0,369.0,629.0,5672,746.0,1226.0,31.0,11877.0,57.0,208.0,,570.0,2190.0,1059,24556,2040,132.0,171.0,640.0,177.0,771.0,398.0,68.0,290.0,4205,519.0,903.0,29.0,11361.0,42.0,102.0,,154.0,1734.0,820.0,2.6,1185733,120899,6089.0,8806.0,18230.0,4411.0,26180.0,28407.0,2097.0,10080.0,140248,16702.0,37912.0,1839.0,654439.0,2081.0,2176.0,,6160.0,63970.0,35005,485890497.03,15793292.34,470097204.69,117764797.35,116330611.6,1434185.75,,6881691.35,12685298.23,,,36409719.25,360315291.4,15717023.91,,262755.0,,3964528.94,,18938172.91,505476234.9,554001105.43,4227283.94,549773821.49,504944325.98,524414407.81,15815972.2,489128353.78,7.0,6.8,7.4,,5.4,,5.4,,4.9,,4.9,
3502002,0.754,0.668,0.861,0.745,0.53,0.88,4.81,21.01,43.82,12.18,14.39,823.33,175.9,3608.17,325.47,495.66,720.36,2368.25,0.51,76.66,2.3,11.4,13.22,47.73,95.0,85.78,208314.004,210931.789,266291.597,40726.1,45964.65,58028.24,198827.093,46530.602,55494.842,61449.911,35351.738,9486.911,700,8,447,,19.0,3.0,25,7.0,5.0,10.0,49,8.0,6.0,,18.0,7.0,5.0,,41,15.0,27,,1772,344,505,,53.0,18.0,97.0,25.0,11.0,16.0,233,23.0,7.0,,177.0,130.0,6.0,,32.0,25.0,70,1172,344,221.0,,25.0,14.0,65.0,9.0,2.0,,161,2.0,1.0,,153.0,123.0,,,5.0,4.0,43.0,2.4,49942,19272,5706.0,,643.0,,1486.0,871.0,69.0,19.0,5063,45.0,24.0,,5763.0,8776.0,,,123.0,111.0,1972,53981640.52,2615979.4,51365661.12,8044417.74,7794833.51,249584.23,,,489524.29,,,1152749.44,53772531.05,142525.73,,77288.0,,1558986.88,,2850584.34,54854275.52,65238023.13,1636274.88,63601748.25,56920329.63,57704859.86,2740229.51,54180100.12,6.0,6.0,,,4.8,4.8,,,4.5,,4.5,
3502101,0.779,0.702,0.885,0.762,0.51,1.17,3.57,14.9,43.17,13.05,13.24,919.36,206.28,3968.91,393.45,565.58,829.79,2613.1,0.47,78.07,1.66,9.6,11.13,41.9,95.73,87.68,2845285.223,4038899.084,4464940.278,49703.65,67559.32,74685.78,2572204.882,170531.469,808159.873,1295767.928,297745.612,273080.342,6043,14,2610,9.0,177.0,52.0,288,52.0,78.0,259.0,1249,120.0,99.0,9.0,145.0,4.0,73.0,,262,381.0,162,5454.0,26735,3947,2646,435.0,859.0,161.0,1737.0,315.0,225.0,649.0,5031,385.0,775.0,191.0,5127.0,47.0,177.0,,527.0,2197.0,1304,20639,3947,637.0,407.0,661.0,108.0,1397.0,224.0,75.0,335.0,3605,248.0,641.0,175.0,4948.0,45.0,88.0,,262.0,1697.0,1139.0,2.3,863319,223398,21246.0,11959.0,17839.0,4039.0,35716.0,17533.0,2019.0,8579.0,117959,8744.0,26666.0,19176.0,215473.0,1744.0,4874.0,,8376.0,67644.0,50335,329323166.96,20649820.85,308673346.11,70768543.54,61656113.55,9083902.36,28527.63,5720311.75,4357244.48,,,1066254.87,274412168.59,2458386.84,,92499.72,,9285937.69,,25983617.85,312758142.24,368161347.48,9378437.41,358782910.07,332805116.07,338741760.09,20649820.85,312155295.22,6.5,6.5,,,5.0,,5.0,,4.2,,4.2,
3502200,0.719,0.648,0.827,0.693,0.45,1.55,6.84,23.75,36.28,15.11,9.6,597.99,158.31,2169.29,293.59,424.57,586.4,1509.2,0.34,74.6,2.1,15.4,17.78,45.33,94.2,82.7,1474152.0,1661556.472,1776474.762,57306.48,69168.12,73951.99,1332719.749,198300.809,508780.547,497926.495,127711.898,141432.251,3421,5,2426,5.0,46.0,17.0,52,16.0,19.0,62.0,354,59.0,23.0,3.0,72.0,5.0,22.0,,82,77.0,76,,7692,1055,2637,14.0,129.0,28.0,103.0,67.0,43.0,123.0,1312,179.0,81.0,35.0,1108.0,16.0,79.0,,80.0,348.0,255,4397,1055,458.0,12.0,81.0,8.0,41.0,36.0,10.0,43.0,930,105.0,55.0,35.0,1023.0,11.0,54.0,,29.0,245.0,166.0,2.6,203901,54510,29935.0,1000.0,1738.0,189.0,864.0,3114.0,238.0,1069.0,25253,4082.0,1734.0,1984.0,60187.0,285.0,2632.0,,595.0,9101.0,5390,146383846.75,4633406.18,141750440.57,18501343.87,17686697.0,814646.87,,860976.41,851344.92,,,64142.53,152537996.72,246518.47,,,,4431948.59,,6996906.12,157645305.1,177494271.51,4431948.59,173062322.92,161031428.67,164642211.22,5101816.12,155929612.55,6.8,6.8,,,5.6,5.6,5.7,,4.2,,4.2,
3502309,0.721,0.637,0.863,0.681,0.42,0.11,6.42,25.48,32.66,16.01,8.16,554.16,156.37,1809.7,287.28,418.33,582.9,1327.36,0.3,76.78,2.33,12.1,14.03,52.08,95.37,85.85,169558.184,171606.634,315143.922,24534.54,30244.38,55541.76,158678.99,56225.58,19234.224,44275.513,38943.673,10879.194,1178,6,974,3.0,6.0,5.0,12,13.0,5.0,9.0,54,12.0,4.0,1.0,11.0,7.0,,,36,2.0,18,,1671,289,915,5.0,8.0,11.0,25.0,22.0,8.0,10.0,142,21.0,3.0,3.0,93.0,51.0,,,37.0,2.0,26,793,289,227.0,4.0,1.0,2.0,12.0,2.0,,,85,3.0,,3.0,82.0,45.0,,,28.0,,10.0,2.0,31204,13920,7326.0,464.0,40.0,95.0,317.0,177.0,,,2266,79.0,,232.0,2872.0,1933.0,,,1105.0,,377,50290561.98,2211546.26,48079015.72,5451060.35,5079226.86,208451.41,163382.08,,526025.81,,,,59110172.76,437135.87,,,,407536.98,,3193661.94,49183416.67,65931931.77,407536.98,65524394.79,50599672.46,52377078.61,2231692.18,48367980.28,5.7,5.7,,,4.8,4.8,,,4.0,,4.0,
3502408,0.741,0.706,0.845,0.683,0.42,1.75,6.9,24.84,32.27,15.78,8.18,561.82,155.68,1813.11,287.64,439.34,584.89,1345.33,0.31,75.67,1.85,13.7,15.89,47.21,94.79,84.27,105620.787,100740.061,132375.558,25316.58,25041.03,32904.69,102135.806,42784.181,7637.856,26549.261,25164.508,3484.981,1140,7,975,3.0,4.0,6.0,13,2.0,5.0,6.0,45,11.0,3.0,,7.0,,,,25,22.0,6,,1322,319,721,3.0,5.0,6.0,26.0,3.0,13.0,9.0,104,33.0,4.0,,21.0,,,,11.0,37.0,7,430,319,,2.0,,,11.0,3.0,,,46,15.0,,,13.0,,,,4.0,16.0,1.0,2.0,15357,11892,,201.0,8.0,,181.0,341.0,,,1276,301.0,,,648.0,,,,83.0,381.0,45,40001081.55,4430630.34,35570451.21,5798333.94,5635434.0,162899.94,,87773.77,596909.71,,,119.34,40847395.03,193318.84,,540100.0,,1808425.19,,4735336.86,36984507.49,49872375.82,2348525.19,47523850.63,41270978.05,41719844.35,4478352.83,36792625.22,6.9,6.9,,,5.2,,5.2,,4.1,,4.1,
3502507,0.755,0.706,0.828,0.735,0.46,0.49,4.54,18.68,36.44,13.93,10.47,775.17,188.47,2824.39,351.28,517.41,793.98,2020.9,0.37,74.67,1.52,15.2,17.63,40.61,94.24,82.8,1041067.256,1145412.617,1369698.939,28750.03,35168.8,42055.3,988727.005,3002.998,39568.222,762868.88,183286.905,52340.251,2470,10,128,4.0,518.0,31.0,70,23.0,17.0,68.0,1155,51.0,53.0,2.0,64.0,6.0,27.0,,118,73.0,52,,14394,974,119,168.0,3654.0,192.0,376.0,103.0,69.0,146.0,3975,210.0,168.0,,365.0,104.0,260.0,,2698.0,674.0,139,11740,974,2.0,164.0,3026.0,158.0,304.0,68.0,42.0,63.0,2749,146.0,110.0,,291.0,100.0,230.0,,2620.0,604.0,89.0,1.9,412806,73302,68.0,7983.0,74466.0,4517.0,7573.0,7029.0,1293.0,1675.0,74877,4655.0,3020.0,,7631.0,6409.0,11530.0,,98351.0,24539.0,3888,205805688.24,7902306.3,197903381.94,71395151.62,49195027.84,22199942.87,180.91,2044868.38,3098616.55,,,23498409.12,141111761.66,3499987.68,,,,163821.74,,8858396.98,208913155.64,244812616.75,163821.74,244648795.01,210621423.22,217771552.62,7918001.1,202703422.12,6.6,6.6,,,5.3,5.3,,,4.5,,4.5,
3502606,0.721,0.67,0.804,0.697,0.47,3.12,7.74,27.47,38.19,14.29,10.69,611.22,148.02,2334.29,288.74,456.29,604.1,1595.33,0.41,73.25,1.85,17.6,20.34,47.8,93.4,80.64,151539.639,168206.305,225793.852,36763.62,41166.5,55260.37,140595.408,27847.111,38503.623,49290.585,24954.089,10944.231,1419,4,1148,1.0,36.0,4.0,4,2.0,,18.0,120,5.0,2.0,,16.0,,4.0,,23,17.0,15,,1955,353,820,2.0,36.0,7.0,11.0,4.0,,28.0,233,7.0,2.0,,348.0,,19.0,,10.0,60.0,15,874,353,5.0,2.0,3.0,1.0,4.0,3.0,,5.0,108,2.0,,,331.0,,16.0,,3.0,37.0,1.0,1.9,30578,12580,138.0,88.0,253.0,39.0,19.0,128.0,,108.0,2800,58.0,,,12986.0,,242.0,,73.0,1018.0,48,35319512.11,1589658.06,33729854.05,2380246.46,2100972.09,273208.1,6066.27,1860558.04,824916.12,,,73318.82,38092407.44,214720.06,,575150.0,,1958936.84,,3089642.68,39991208.22,45980253.78,2534086.84,43446166.94,40846819.3,43080850.9,1623701.32,39223117.98,7.2,7.2,,,6.0,,6.0,,4.7,,4.7,
3502705,0.71,0.647,0.835,0.662,0.55,8.82,21.67,46.6,42.71,10.24,16.68,492.43,69.68,2103.4,182.49,286.73,478.29,1429.71,0.56,75.07,2.06,14.6,16.93,52.29,94.46,83.4,897712.778,982326.22,1235625.606,37278.88,39956.32,50259.33,824612.886,259420.988,190903.342,257956.291,116332.264,73099.893,3252,9,2300,8.0,42.0,14.0,36,13.0,7.0,69.0,365,40.0,32.0,1.0,39.0,6.0,17.0,,105,71.0,78,,8962,721,2409,25.0,113.0,28.0,432.0,63.0,16.0,259.0,1479,253.0,1556.0,38.0,856.0,9.0,25.0,,146.0,311.0,223,5872,721,291.0,17.0,73.0,13.0,394.0,52.0,2.0,180.0,1093,206.0,1521.0,38.0,799.0,,3.0,,84.0,239.0,146.0,2.2,249283,38552,7521.0,2637.0,1618.0,198.0,4763.0,4666.0,62.0,10789.0,28664,5198.0,89739.0,2181.0,36374.0,,81.0,,2685.0,8221.0,5337,154424486.0,19975493.78,134448992.22,16713920.42,13121919.03,3592001.39,,85613.21,2530717.16,,,,151089477.12,952674.11,,,,7500662.44,,25517186.93,137205087.74,178873064.46,7500662.44,171372402.02,158472239.19,162722274.67,22027061.2,136445177.99,6.9,6.9,6.8,,5.5,,5.5,,4.5,,4.5,
3502754,0.704,0.597,0.814,0.717,0.46,0.57,5.2,20.52,37.82,14.34,10.55,691.69,175.97,2615.78,319.88,467.62,676.39,1821.86,0.37,73.86,2.2,16.6,19.16,47.98,93.76,81.58,4814503.906,5128859.234,4832076.525,206250.44,238307.74,224518.01,3754466.199,1760.733,1504367.05,2112508.413,135830.003,1060037.707,1464,5,76,9.0,86.0,20.0,118,22.0,30.0,69.0,421,84.0,34.0,,162.0,10.0,40.0,,111,43.0,124,,12724,912,71,69.0,747.0,77.0,719.0,35.0,80.0,156.0,2462,298.0,97.0,,5086.0,106.0,99.0,,161.0,420.0,1129,11139,912,,61.0,656.0,43.0,578.0,,28.0,56.0,1996,200.0,59.0,,4902.0,82.0,57.0,,97.0,382.0,1030.0,2.9,605593,80437,,2954.0,21725.0,1397.0,28730.0,,537.0,1685.0,74146,11969.0,2701.0,,323364.0,4228.0,1430.0,,2674.0,8851.0,38767,231965184.66,19651375.07,212313809.59,55490778.08,50168364.86,5322413.22,,9209139.6,8199891.55,,,,192112153.51,2467084.48,,,,9066371.18,,22453724.58,249628977.62,276545418.4,9066371.18,267479047.22,253749508.42,272082702.2,20167771.96,233581736.46,5.9,5.9,,,4.6,4.6,,,4.5,,4.5,
3502804,0.788,0.744,0.841,0.782,0.52,0.63,3.14,12.29,44.03,12.49,14.1,1036.09,224.01,4561.42,422.85,597.92,914.11,3005.74,0.48,75.46,1.49,15.28,17.13,39.72,94.86,84.47,9017953.471,10301206.377,11457739.505,45268.58,51474.12,57253.2,8075378.464,136998.286,1312463.577,5822666.385,803250.216,942575.008,18728,25,3711,21.0,758.0,217.0,1372,602.0,458.0,1282.0,4861,821.0,493.0,72.0,799.0,9.0,353.0,,909,1329.0,636,17416.0,82720,4697,3154,512.0,3261.0,610.0,6286.0,2278.0,1132.0,4468.0,21543,3361.0,6301.0,233.0,9103.0,33.0,2238.0,,2719.0,7118.0,3673,61286,4696,211.0,476.0,2369.0,332.0,4959.0,1111.0,212.0,2721.0,15834,2368.0,5718.0,79.0,8128.0,24.0,1781.0,,1897.0,5365.0,3005.0,2.3,2635429,355193,11824.0,23116.0,64475.0,8738.0,152670.0,101029.0,6684.0,85598.0,568732,73560.0,334023.0,6569.0,333977.0,998.0,115815.0,,45925.0,211344.0,135159,978624884.58,36546123.71,942078760.87,316503800.88,275038136.46,41455348.86,10315.56,16161735.45,23151544.12,,,9365616.99,699271952.35,35025096.93,8854425.35,1152502.78,,13780650.33,,59373079.79,1037033267.86,1123267325.18,23787578.46,1099479746.72,1004332597.93,1096406347.65,37885469.96,966447127.97,7.2,7.2,,,5.5,,5.5,,4.6,,4.6,
3502903,0.776,0.723,0.86,0.751,0.52,1.07,4.14,19.19,44.17,12.67,13.95,853.87,185.86,3771.37,354.93,514.08,759.52,2394.59,0.47,76.61,1.92,12.4,14.33,45.13,95.28,85.61,1205883.673,1215670.7,1523193.918,34075.1,37470.97,46949.85,1078297.388,29828.131,358400.839,522977.879,167090.539,127586.285,2657,7,862,13.0,88.0,32.0,170,50.0,56.0,114.0,574,88.0,63.0,2.0,127.0,,59.0,,141,172.0,39,,10527,1239,904,95.0,292.0,387.0,1315.0,221.0,137.0,210.0,2125,710.0,175.0,23.0,1391.0,,131.0,,159.0,806.0,207,7495,1239,110.0,80.0,185.0,348.0,1098.0,131.0,28.0,67.0,1406,610.0,101.0,23.0,1230.0,,53.0,,52.0,567.0,167.0,2.3,317049,67613,4418.0,4955.0,4755.0,11987.0,47282.0,7846.0,580.0,2266.0,43683,30680.0,3661.0,1282.0,58709.0,,2851.0,,1534.0,13592.0,9354,223959704.16,17095914.49,206863789.67,67083168.37,60183299.63,6899868.74,,3497444.89,5016973.3,,,954218.91,168417809.1,4222156.27,,,,14850938.13,,24930070.54,216969116.97,264042708.97,14850938.13,249191770.84,227582467.66,241899187.51,17122656.74,210459810.92,6.6,6.6,,,5.2,5.2,,,4.3,,4.3,
3503000,0.74,0.656,0.856,0.723,0.43,0.48,3.04,16.78,34.0,15.86,8.57,721.56,201.37,2453.03,370.93,527.46,743.28,1779.25,0.31,76.34,2.0,12.8,14.77,42.71,95.14,85.23,150276.697,172550.026,219178.923,26415.31,31835.8,40438.92,137883.714,27475.441,3773.778,76856.653,29777.843,12392.983,975,6,746,1.0,9.0,3.0,9,2.0,4.0,8.0,99,2.0,6.0,,9.0,2.0,3.0,,28,13.0,25,,1382,342,464,1.0,39.0,4.0,7.0,2.0,25.0,17.0,325,11.0,6.0,,12.0,2.0,2.0,,15.0,11.0,97,772,342,82.0,,25.0,,,2.0,15.0,8.0,217,,,,1.0,,1.0,,6.0,1.0,72.0,2.0,29468,14829,3174.0,,611.0,,14.0,71.0,748.0,143.0,6282,0.0,,,,,24.0,,291.0,,3283,42480899.24,1262549.79,41218349.45,6327844.63,5857348.08,470496.55,,390748.62,707753.53,,,621961.04,44146180.67,128163.95,,,,1686891.32,,1649078.42,42616394.27,54009543.76,1686891.32,52322652.44,43165520.51,44265472.69,1262549.79,41902970.72,6.3,6.3,,,4.9,,4.9,,4.0,,4.0,
3503109,0.685,0.592,0.806,0.675,0.39,0.4,6.53,25.02,29.63,16.97,6.98,535.27,159.28,1586.12,294.98,428.55,583.81,1211.7,0.26,73.36,2.16,17.4,20.13,46.23,93.46,80.81,194817.975,188931.424,217238.409,30569.27,27441.02,31552.42,188271.313,92862.428,9501.675,50612.103,35295.107,6546.662,884,6,638,2.0,7.0,7.0,18,9.0,9.0,18.0,74,20.0,4.0,1.0,10.0,,2.0,,38,10.0,11,,1524,394,601,4.0,21.0,8.0,33.0,16.0,22.0,52.0,236,35.0,4.0,,52.0,,1.0,,17.0,12.0,16,764,394,97.0,3.0,11.0,1.0,10.0,2.0,9.0,31.0,143,9.0,,,42.0,,,,3.0,4.0,5.0,2.2,29671,18191,4078.0,51.0,253.0,,212.0,141.0,464.0,759.0,4010,223.0,,,1023.0,,6.0,,29.0,48.0,186,71889317.58,9101122.48,62788195.1,16364513.64,16118139.39,246374.25,,2087167.92,5277671.86,,,104652.04,53682160.06,254895.37,4828470.5,141400.0,,3389847.16,,11030554.62,67444498.26,86130778.55,8359717.66,77771060.89,76970996.99,78475052.88,10364635.17,66606361.82,6.6,6.6,,,4.5,,4.5,,4.0,,4.0,
3503158,0.68,0.612,0.812,0.634,0.39,3.75,15.5,37.93,28.39,15.74,7.22,414.19,107.73,1175.68,218.17,329.46,482.3,920.08,0.27,73.72,2.18,16.8,19.41,50.7,93.69,81.38,45568.033,47563.096,53235.83,18584.03,20413.35,22848.0,43191.358,2768.908,1887.547,17210.205,21324.697,2376.675,194,7,116,3.0,2.0,1.0,2,1.0,1.0,4.0,24,2.0,2.0,1.0,2.0,,2.0,,18,3.0,3,,478,240,102,2.0,2.0,,7.0,,1.0,6.0,74,16.0,2.0,4.0,9.0,,3.0,,6.0,2.0,2,324,240,1.0,2.0,,,3.0,,,1.0,50,14.0,,,6.0,,1.0,,4.0,,2.0,2.0,13003,10860,28.0,207.0,,,103.0,,,,1209,337.0,,,,,37.0,,76.0,,145,37173299.1,1258493.78,35914805.32,1745926.97,1614175.59,131751.38,,,457650.87,,,,39385159.67,10073.07,,,,1690490.0,,1853020.45,36961448.85,43289300.58,1690490.0,41598810.58,37783386.59,38814469.3,1258493.78,36524892.81,6.3,6.3,,,5.3,5.3,,,4.1,,4.1,
3503208,0.815,0.782,0.877,0.788,0.5,0.53,2.64,11.03,39.65,12.92,12.28,1080.66,239.93,4284.39,458.02,677.23,1040.07,2982.47,0.43,77.64,1.81,10.23,11.87,38.87,95.64,86.6,11953237.471,13194878.807,14689500.266,49692.93,54472.97,60643.28,10500846.791,124542.96,2194729.915,6924500.954,1257072.962,1452390.68,18278,30,1974,34.0,884.0,282.0,1760,468.0,544.0,1412.0,4954,1012.0,569.0,32.0,1003.0,6.0,635.0,,879,1151.0,649,17315.0,105804,7686,2166,671.0,4354.0,1175.0,7960.0,1904.0,1361.0,3501.0,21344,5494.0,8541.0,357.0,19048.0,48.0,3198.0,,5416.0,7754.0,3826,83173,7686,582.0,634.0,3265.0,793.0,5980.0,1032.0,305.0,1560.0,15301,4032.0,7781.0,319.0,17709.0,39.0,2399.0,,4549.0,6113.0,3094.0,2.6,4032377,530736,23672.0,38380.0,95249.0,32326.0,181878.0,89394.0,9007.0,59395.0,578340,219898.0,537984.0,39289.0,899292.0,1733.0,237659.0,,51714.0,263722.0,142709,1451330210.5,74553504.51,1376776705.99,426618740.43,396574443.59,29850467.5,193829.34,31170607.21,21297913.15,,,181612501.77,983503689.82,45843375.01,2993980.66,8091788.87,,46334952.71,15000000.0,165923598.99,1662594082.61,1762467549.63,72420722.24,1690046827.39,1661504928.33,1828517681.6,79632512.03,1581872416.3,6.6,6.2,7.0,,5.4,5.3,5.4,,4.6,,4.4,6.0
3503307,0.781,0.728,0.859,0.763,0.47,0.51,2.31,12.34,38.08,13.87,10.98,921.76,227.24,3509.89,411.98,601.32,910.44,2456.76,0.39,76.55,1.68,11.5,13.34,39.36,94.94,85.63,6942567.272,8447070.79,10022873.262,50772.4,64547.48,76588.83,6028681.189,174528.66,1569122.471,3673554.205,611475.853,913886.083,9577,15,2078,24.0,374.0,83.0,662,241.0,240.0,618.0,2400,474.0,203.0,3.0,661.0,8.0,170.0,,430,510.0,383,8483.0,49225,3550,1415,400.0,1496.0,369.0,2201.0,927.0,613.0,1365.0,10537,2080.0,2166.0,64.0,14558.0,16.0,617.0,,754.0,3689.0,2408,38608,3550,240.0,375.0,1075.0,255.0,1543.0,494.0,104.0,538.0,7614,1429.0,1914.0,60.0,13650.0,4.0,413.0,,397.0,2984.0,1969.0,2.6,1888096,182244,9925.0,25075.0,28601.0,9820.0,52962.0,32064.0,3275.0,20921.0,289444,59778.0,118490.0,3392.0,790449.0,238.0,24878.0,,13620.0,113543.0,109376,933449627.03,68058348.4,865391278.63,223612405.69,219775665.54,3741494.57,95245.58,35212638.85,28201393.09,,,101499195.14,607751270.6,35641359.17,8500000.0,715800.0,,7930674.5,135683.7,72251047.25,908607866.24,1049200420.74,17282158.2,1031918262.54,961001788.11,980858913.49,69837134.85,891164653.26,7.0,6.6,7.8,,5.4,5.4,5.4,,4.5,,4.5,
3503356,0.722,0.694,0.809,0.671,0.4,2.07,9.52,24.8,31.25,16.53,7.56,520.01,137.28,1625.1,292.52,428.28,559.93,1184.98,0.3,73.52,1.47,17.1,19.81,45.05,93.56,81.06,62095.903,62022.282,136328.537,35382.28,30343.58,66696.94,60001.19,28248.212,3645.73,13120.455,14986.793,2094.713,1076,5,1028,1.0,,,1,,2.0,4.0,13,2.0,2.0,,6.0,,1.0,,9,1.0,1,,950,231,640,,,,2.0,,2.0,3.0,33,3.0,2.0,,26.0,,1.0,,4.0,2.0,1,271,231,,,,,,,,,17,,,,20.0,,,,2.0,,1.0,2.0,9889,8681,82.0,,,,,,,,424,5.0,,,588.0,,,,55.0,,53,28429031.29,811869.66,27617161.63,1196997.51,1071449.47,125548.04,,83060.62,856272.56,,,,33608502.79,2726.49,,70000.0,,77964.93,,1209857.53,27749301.11,35895524.9,147964.93,35747559.97,28555192.68,28959158.64,824668.38,27730524.3,6.0,6.0,,,5.7,,5.7,,4.3,,4.3,
3503406,0.744,0.683,0.84,0.718,0.45,1.15,4.87,20.48,35.89,15.09,9.51,697.3,179.57,2502.93,346.61,502.52,701.77,1762.46,0.35,75.37,2.18,14.2,16.41,48.42,94.63,83.83,227079.326,252102.363,301110.079,26206.5,31008.9,37036.91,214181.084,66917.908,18060.968,87290.859,41911.349,12898.242,2461,4,2110,2.0,16.0,2.0,23,8.0,8.0,15.0,101,12.0,15.0,,44.0,,8.0,,37,27.0,29,,3273,419,1678,3.0,34.0,2.0,39.0,19.0,25.0,28.0,334,27.0,27.0,,392.0,,19.0,,23.0,107.0,97,1213,419,26.0,2.0,16.0,,10.0,8.0,10.0,7.0,211,8.0,1.0,,324.0,,11.0,,8.0,83.0,69.0,1.8,42218,18423,755.0,238.0,550.0,,425.0,1039.0,295.0,275.0,6191,270.0,77.0,,7701.0,,358.0,,203.0,3474.0,1945,53647143.12,2631475.56,51015667.56,5352193.43,5268655.62,83537.81,,933375.17,1335780.78,,,638510.83,57029116.23,225163.29,,,,,,3396778.76,53448002.73,65514139.73,,65514139.73,54126465.27,56844781.49,2631475.56,51494989.71,8.2,8.2,,,4.8,,4.8,,3.7,,3.7,
3503505,0.697,0.672,0.803,0.627,0.44,3.87,18.7,46.33,34.67,14.83,9.35,396.78,100.61,1375.74,193.58,282.0,439.51,1017.34,0.35,73.18,2.85,17.7,20.47,52.73,93.36,80.54,58113.412,63771.274,75042.147,14877.99,17828.14,20979.07,55715.507,8333.767,1480.002,19688.428,26213.31,2397.905,283,6,181,,11.0,3.0,7,2.0,,3.0,25,5.0,2.0,,7.0,,,,24,5.0,2,,1111,365,146,,395.0,4.0,12.0,,,6.0,88,8.0,3.0,,42.0,,,,10.0,28.0,4,880,365,,,381.0,,1.0,,,1.0,62,1.0,1.0,,35.0,,,,6.0,24.0,3.0,1.6,24801,14587,,,6786.0,,26.0,,,46.0,1519,30.0,6.0,,928.0,,,,143.0,580.0,150,35972347.17,1039258.08,34933089.09,2192327.04,1970305.89,222021.15,,,1091686.69,,,,45017898.25,10599.96,,,,663155.61,,1089087.3,37471588.83,48975667.55,663155.61,48312511.94,37970836.56,38560676.13,1089087.3,36881749.26,6.3,6.3,,,5.1,5.1,,,4.8,,4.8,
3503604,0.695,0.594,0.823,0.686,0.36,0.65,4.7,18.31,27.4,18.54,5.91,570.09,190.71,1561.92,337.87,462.81,638.91,1217.96,0.22,74.37,2.42,15.7,18.2,45.2,94.06,82.35,163060.489,174095.007,221706.617,14577.19,17186.08,21886.14,154284.387,22630.239,12987.426,65257.559,53409.163,8776.101,553,4,264,3.0,17.0,5.0,7,3.0,4.0,16.0,108,11.0,11.0,,15.0,,5.0,,37,14.0,29,,1849,441,423,16.0,68.0,7.0,18.0,6.0,5.0,24.0,410,67.0,17.0,,178.0,,11.0,,20.0,51.0,87,1388,441,254.0,14.0,50.0,2.0,9.0,5.0,,6.0,289,47.0,7.0,,158.0,,7.0,,9.0,39.0,51.0,2.0,52257,20190,8632.0,570.0,1149.0,45.0,87.0,593.0,,61.0,8516,1912.0,174.0,,6692.0,,142.0,,149.0,1162.0,2184,56391643.01,781851.37,55609791.64,5013344.25,4288690.09,723686.59,967.57,156155.36,1361081.91,,,30884.43,59721557.83,604781.68,1800000.0,,,682391.62,,1295059.63,57390319.06,69370197.08,2482391.62,66887805.46,57324476.67,58685378.69,885556.67,56438920.0,6.8,6.8,,,5.5,5.5,,,3.8,,3.8,
3503703,0.733,0.663,0.813,0.73,0.4,0.47,2.34,10.66,32.49,17.53,7.41,751.35,234.81,2440.96,423.78,567.81,782.02,1753.79,0.28,73.75,2.29,16.7,19.35,42.9,93.7,81.42,1136911.24,1283203.618,1252002.226,115410.74,168798.16,164693.79,949325.678,22472.846,198111.9,676702.037,52038.896,187585.562,817,9,512,1.0,20.0,3.0,12,6.0,6.0,13.0,103,7.0,10.0,6.0,20.0,,5.0,,37,21.0,26,,3244,455,457,3.0,67.0,6.0,15.0,26.0,10.0,38.0,360,49.0,18.0,4.0,1530.0,,4.0,,18.0,64.0,120,2558,455,123.0,1.0,45.0,1.0,4.0,12.0,,24.0,218,38.0,4.0,,1503.0,,,,3.0,38.0,89.0,2.9,143108,21312,6427.0,26.0,1061.0,20.0,81.0,1395.0,,739.0,6474,673.0,79.0,,100861.0,,,,85.0,1045.0,2826,59060040.63,4007642.5,55052398.13,6779670.72,6318509.37,461161.35,,141465.81,549767.32,,,1028837.8,63791236.88,698109.05,1000000.0,1190722.0,,777960.0,,6306427.33,56933869.44,75957769.58,2968682.0,72989087.58,60236322.51,63240296.77,4841810.74,55394511.77,7.7,7.7,,,5.5,,5.5,,5.9,,5.9,
3503802,0.749,0.681,0.827,0.745,0.46,0.43,3.01,13.4,38.33,14.78,10.37,823.24,215.64,3155.65,392.84,559.7,782.71,2119.53,0.37,74.63,1.64,15.3,17.72,42.08,94.22,82.75,1721737.239,2306807.284,2162832.741,30610.29,44830.68,42032.66,1463738.934,207404.495,318941.386,689121.712,248271.341,257998.305,4666,9,2018,7.0,137.0,41.0,151,55.0,68.0,150.0,951,164.0,89.0,7.0,263.0,2.0,66.0,,204,160.0,124,3979.0,15221,1283,1310,159.0,433.0,132.0,538.0,207.0,173.0,363.0,3533,631.0,382.0,117.0,4415.0,55.0,251.0,,315.0,548.0,376,10727,1283,28.0,151.0,264.0,79.0,356.0,97.0,40.0,174.0,2403,426.0,283.0,111.0,4092.0,45.0,172.0,,160.0,341.0,222.0,2.4,488223,81171,1428.0,6536.0,7601.0,2464.0,9190.0,8936.0,998.0,6613.0,81672,20482.0,12412.0,6590.0,210136.0,614.0,5993.0,,10051.0,8059.0,7276,312163400.22,23904498.36,288258901.86,54946108.61,51899201.55,3001248.3,45658.76,15149771.79,6176701.48,,,32195236.73,225668174.57,4039234.0,3769056.79,,,4045611.89,,31706554.06,299805545.73,345989895.86,7814668.68,338175227.18,320363213.86,331512099.79,25593517.75,294769696.11,6.6,6.6,,,5.4,,5.4,,4.6,,4.6,
3503901,0.784,0.73,0.866,0.761,0.56,1.89,6.21,21.4,47.4,10.8,17.56,910.67,163.73,4316.85,327.93,492.84,768.29,2802.74,0.56,76.95,2.0,11.0,12.76,43.05,95.16,86.18,8293370.162,9448587.81,10426127.299,89703.63,109007.91,120285.74,6681571.185,44134.148,1393204.769,4787584.375,456647.894,1611798.977,5275,9,149,29.0,237.0,81.0,471,206.0,218.0,370.0,1582,277.0,173.0,1.0,482.0,3.0,122.0,,345,290.0,230,5140.0,39069,2320,148,902.0,1199.0,457.0,2969.0,681.0,508.0,760.0,10451,1274.0,1613.0,9.0,11758.0,53.0,360.0,,778.0,1228.0,1601,32575,2320,,878.0,916.0,336.0,2454.0,297.0,72.0,297.0,8585,895.0,1399.0,9.0,11142.0,53.0,204.0,,473.0,888.0,1357.0,2.6,1570229,188814,,38936.0,25994.0,11586.0,86200.0,17636.0,2557.0,11282.0,360272,30347.0,44217.0,511.0,627623.0,1175.0,9537.0,,19305.0,33479.0,60757,658808374.77,38033246.0,620775128.77,210809516.48,192920463.57,17889052.91,,8699043.93,2634311.62,,,,449715785.12,20098448.02,23961227.81,1615783.16,,21863035.98,,39454474.66,625953186.8,739397152.12,47440046.95,691957105.17,662982922.04,665407661.46,38033246.0,624949676.04,6.6,6.6,,,5.3,,5.3,,4.4,,4.4,
3503950,0.735,0.657,0.864,0.699,0.44,1.71,5.08,21.32,35.08,15.98,8.78,619.43,175.63,2172.77,319.15,438.06,598.99,1553.89,0.36,76.83,2.1,12.1,13.98,43.0,95.39,85.92,39545.858,44376.593,65850.757,21788.35,24091.53,35749.6,38060.261,10329.13,2056.231,11473.173,14201.728,1485.597,671,6,608,1.0,1.0,4.0,2,,1.0,3.0,21,1.0,1.0,,4.0,,,,6,6.0,6,,741,191,465,1.0,1.0,6.0,4.0,,2.0,6.0,35,1.0,1.0,,11.0,,,,3.0,6.0,8,235,191,14.0,1.0,,1.0,1.0,,1.0,3.0,13,,,,7.0,,,,1.0,,2.0,2.3,9888,8507,421.0,96.0,,21.0,18.0,,27.0,84.0,432,55.0,,,99.0,,,,30.0,,97,27067768.21,1508226.18,25559542.03,1079045.67,943628.02,135417.65,,906151.94,1431198.44,,,9295.0,30097527.45,190174.03,,,,2535806.41,,2734066.68,25833735.97,36249198.94,2535806.41,33713392.53,27297459.52,28567802.65,1508226.18,25789233.34,7.5,,7.5,,6.0,,6.0,,4.9,,4.9,
3504008,0.805,0.781,0.865,0.771,0.5,0.33,3.24,14.1,40.66,13.1,12.41,967.39,216.19,3933.36,417.52,593.9,907.42,2701.79,0.43,76.91,1.77,11.0,12.76,40.99,95.14,86.13,4082515.789,4581890.59,4682609.402,38598.78,45182.29,46175.48,3605762.76,56956.795,675200.021,2381900.859,491705.084,476753.029,9484,22,1849,20.0,413.0,104.0,568,310.0,139.0,662.0,2709,347.0,228.0,12.0,388.0,2.0,207.0,,491,703.0,310,8905.0,39042,3172,1453,135.0,1541.0,328.0,2657.0,1149.0,370.0,1587.0,11368,1761.0,4197.0,112.0,2329.0,2.0,816.0,,838.0,3730.0,1497,28370,3169,63.0,114.0,1097.0,212.0,2065.0,511.0,76.0,721.0,8314,1257.0,3919.0,110.0,1848.0,,545.0,,410.0,2772.0,1167.0,2.5,1302398,206530,2729.0,8427.0,33468.0,6877.0,80731.0,40014.0,2147.0,24984.0,319568,32876.0,258610.0,8367.0,64317.0,,30727.0,,13655.0,116811.0,51561,643481816.16,42725979.24,600755836.92,152959006.31,149449532.98,3399930.36,109542.97,30009523.33,14608533.02,,,64451480.17,394157237.97,14361714.3,,1105339.16,,7353958.65,,61621065.94,645931131.58,679006792.91,8459297.81,670547495.1,679776307.03,707552197.52,44287610.72,635488696.31,6.7,6.7,,,5.2,,5.2,,4.7,,4.7,
3504107,0.765,0.67,0.851,0.786,0.53,0.95,4.52,14.3,43.05,11.61,14.84,1063.52,205.54,4578.4,411.59,603.8,962.61,3099.2,0.5,76.03,1.81,12.77,14.81,44.19,94.91,84.6,8361032.444,8826312.128,9426583.645,57512.36,55637.37,59418.61,6918959.647,305859.573,1833695.583,4034661.197,744743.295,1442072.796,15381,14,1923,37.0,748.0,228.0,1714,505.0,632.0,1171.0,3681,852.0,420.0,10.0,900.0,8.0,475.0,,724,945.0,394,14839.0,67901,3793,1851,444.0,5212.0,580.0,7098.0,1607.0,1399.0,2317.0,14870,2894.0,2307.0,119.0,12975.0,55.0,1223.0,,1419.0,5667.0,2071,49082,3792,67.0,404.0,4268.0,288.0,5350.0,733.0,203.0,769.0,10453,1665.0,1757.0,117.0,11867.0,48.0,560.0,,679.0,4385.0,1677.0,2.6,2330892,278419,2873.0,31242.0,151710.0,9845.0,214162.0,50696.0,6727.0,34703.0,406903,58043.0,61087.0,9395.0,712582.0,2364.0,45627.0,,21881.0,159756.0,72879,1164731114.42,122398769.74,1042332344.68,457003502.64,438013369.66,17419010.45,1571122.53,14349131.38,23066905.85,,,146283539.04,646588576.92,39396877.48,46745745.35,71147.9,,10384848.5,,140460789.43,1084253977.95,1383890275.06,57201741.75,1326688533.31,1188325847.54,1224714767.38,126917030.26,1061408817.28,7.4,7.4,,,5.5,,5.5,,4.6,,4.6,
3504206,0.773,0.738,0.84,0.746,0.47,0.27,1.41,12.08,40.72,15.43,10.56,829.68,238.63,3378.21,401.28,535.22,741.61,2228.84,0.38,75.41,1.5,14.1,16.34,41.05,94.65,83.89,358543.955,392588.991,443572.489,23409.76,28672.87,32396.47,335857.665,36448.745,40184.864,189741.791,69482.265,22686.289,2919,6,1617,1.0,65.0,19.0,65,17.0,10.0,71.0,551,41.0,24.0,1.0,179.0,,11.0,,74,114.0,53,,5336,463,1197,4.0,107.0,27.0,129.0,53.0,20.0,131.0,1394,123.0,86.0,6.0,1076.0,,39.0,,82.0,294.0,105,2708,463,25.0,4.0,42.0,5.0,47.0,33.0,,41.0,787,73.0,53.0,6.0,863.0,,22.0,,32.0,167.0,45.0,1.8,90291,27077,699.0,579.0,891.0,98.0,1610.0,3587.0,,1216.0,22534,2162.0,1320.0,250.0,19381.0,,531.0,,925.0,5981.0,1450,91310563.12,9299917.54,82010645.58,12444519.46,11093905.34,1350614.12,,1830403.87,2783993.84,,,114785.17,81744398.76,1079407.33,,,,2803603.24,,9530975.48,83550670.28,102801111.67,2803603.24,99997508.43,91358175.07,93081645.76,9299917.54,82058257.53,7.1,7.1,,,5.7,,5.7,,4.8,,4.8,
3504305,0.714,0.65,0.83,0.674,0.47,4.44,14.95,36.14,35.3,12.23,11.54,531.2,105.34,1874.91,219.51,379.18,577.61,1374.1,0.4,74.77,2.11,15.1,17.47,46.63,94.29,82.95,376093.832,330717.148,500953.319,68793.46,73771.39,111745.11,365892.551,249016.016,11779.377,71769.962,33327.197,10201.28,964,5,819,3.0,10.0,,5,1.0,3.0,5.0,50,10.0,2.0,1.0,6.0,,1.0,,30,5.0,8,,1312,288,671,2.0,38.0,,9.0,4.0,7.0,5.0,208,18.0,3.0,,12.0,,,,9.0,4.0,34,566,288,61.0,1.0,28.0,,2.0,4.0,,1.0,150,6.0,,,6.0,,,,1.0,,18.0,2.3,26621,15595,3852.0,95.0,617.0,,76.0,556.0,,19.0,4793,131.0,,,98.0,,,,9.0,,780,48503909.71,3202720.61,45301189.1,5619379.67,5138619.77,480759.9,,265867.84,424649.58,,,132490.82,49745253.69,22020.75,,,,707463.18,,3213588.89,46414982.09,56917125.53,707463.18,56209662.35,49628570.98,49628570.98,3213588.89,46414982.09,5.5,5.5,,,4.6,,4.6,,4.3,,4.3,
3504404,0.705,0.623,0.817,0.688,0.42,1.36,5.21,24.46,32.81,15.95,8.23,579.71,168.34,1902.29,293.95,434.8,609.05,1389.56,0.31,74.0,2.29,16.3,18.89,46.09,93.85,81.79,199389.023,219883.034,295754.756,14178.27,19522.6,26258.97,189210.737,38333.36,7235.928,81275.776,62365.673,10178.286,1301,4,979,4.0,10.0,6.0,21,9.0,3.0,17.0,107,18.0,10.0,1.0,22.0,,5.0,,37,16.0,32,,3254,600,653,35.0,31.0,9.0,67.0,23.0,7.0,60.0,357,56.0,29.0,2.0,1161.0,,19.0,,22.0,17.0,106,2339,600,92.0,32.0,22.0,3.0,44.0,8.0,,37.0,241,29.0,19.0,,1128.0,,13.0,,4.0,4.0,63.0,2.8,134727,37104,4870.0,1293.0,504.0,121.0,1011.0,958.0,,795.0,6911,605.0,592.0,,72561.0,,500.0,,94.0,102.0,6703,77255107.04,3650539.81,73604567.23,9610987.62,8435160.74,1175826.88,,288203.52,1504248.91,,,3449969.82,69395149.96,431838.54,,,,1948312.86,,4510383.78,74807343.4,86628711.23,1948312.86,84680398.37,78084773.21,79317727.18,3714489.81,74370283.4,7.4,7.4,,,4.9,,4.9,,3.8,,3.8,
3504503,0.767,0.695,0.866,0.751,0.47,1.08,3.83,15.09,37.48,13.79,10.87,854.42,202.41,3202.08,386.61,560.56,841.53,2267.7,0.4,76.97,1.84,10.49,12.17,43.01,95.2,85.37,3278921.999,3871414.811,4408538.237,35721.22,41715.58,47503.24,2946781.075,154849.966,483492.486,1879750.021,428688.601,332140.924,7064,19,1880,19.0,321.0,86.0,455,152.0,170.0,377.0,2002,228.0,162.0,5.0,305.0,2.0,99.0,,279,316.0,187,6615.0,32893,3060,3070,195.0,1616.0,360.0,1801.0,620.0,420.0,941.0,9118,819.0,3070.0,41.0,4530.0,2.0,223.0,,485.0,1728.0,794,24970,3057,1549.0,180.0,1237.0,254.0,1276.0,290.0,116.0,456.0,6763,520.0,2867.0,40.0,4168.0,1.0,91.0,,251.0,1258.0,596.0,2.3,1054124,199352,50609.0,9390.0,33089.0,7956.0,52723.0,21522.0,3551.0,12824.0,237789,17104.0,138252.0,2790.0,191339.0,21.0,2734.0,,7375.0,43826.0,21876,508373406.79,15744355.28,492629051.51,132426651.76,116923267.91,15308493.69,194890.16,24664814.07,8522846.0,,,5986770.6,402653690.61,21662070.25,,,,7515996.33,,18208996.85,545606304.1,603432839.62,7515996.33,595916843.29,540543656.94,563815300.95,16071672.12,524471984.82,6.5,6.5,,,4.8,,4.8,,4.4,,4.1,6.1
3504602,0.746,0.701,0.805,0.737,0.36,0.06,0.95,8.24,28.57,18.78,6.09,783.57,273.15,2238.86,462.46,610.63,852.45,1726.75,0.22,73.31,1.64,17.5,20.21,40.81,93.44,80.75,551848.518,666077.876,762195.13,30636.12,24434.26,27960.2,500273.415,19642.938,82367.89,305637.979,92624.609,51575.103,2628,9,821,6.0,77.0,17.0,235,36.0,50.0,234.0,571,126.0,45.0,1.0,148.0,,46.0,,84,46.0,76,,8730,861,701,18.0,268.0,37.0,626.0,1239.0,86.0,601.0,1865,478.0,122.0,1.0,1236.0,,74.0,,117.0,82.0,318,5697,859,18.0,9.0,176.0,12.0,250.0,1181.0,11.0,294.0,1186,286.0,54.0,,1033.0,,14.0,,48.0,35.0,231.0,2.1,218258,43967,938.0,275.0,4368.0,261.0,8781.0,26875.0,220.0,18352.0,38591,12331.0,2633.0,,40614.0,,576.0,,2050.0,755.0,16671,170571642.22,3451715.7,167119926.52,41148528.08,37669363.23,3479164.85,,6030879.87,15842982.11,,,9279289.02,117441453.93,897430.18,,721732.14,,2492552.61,,4336124.59,173868196.35,193854847.94,3214284.75,190640563.19,177559818.06,178204320.94,3698700.31,173861117.75,6.8,6.8,,,5.5,5.3,5.8,,4.6,,4.6,
3504701,0.669,0.537,0.809,0.69,0.38,0.0,8.17,22.46,27.94,15.94,7.01,586.02,151.89,1637.52,315.12,500.63,685.65,1287.06,0.26,73.55,1.9,17.1,19.75,47.52,93.58,81.11,65400.429,62119.349,82894.684,10674.14,15981.31,21326.13,63390.071,16589.312,4811.167,13341.383,28648.209,2010.359,239,8,170,,2.0,1.0,2,1.0,,4.0,21,3.0,3.0,,4.0,,1.0,,17,1.0,1,,741,529,112,,2.0,,3.0,,,5.0,24,8.0,3.0,,49.0,,1.0,,2.0,1.0,2,583,529,,,,,,,,,5,3.0,,,44.0,,,,,,2.0,3.3,36226,34614,,,,,,,,,154,59.0,,,1238.0,,,,,,161,28090414.13,3189959.04,24900455.09,1144786.22,1106250.61,38535.61,,99309.28,516812.95,,,32909.09,31921630.12,75713.49,,,,1250696.16,,4879336.09,25155669.39,35041857.31,1250696.16,33791161.15,28342081.43,30035005.48,3189959.04,25152122.39,6.2,6.2,,,4.8,,4.8,,4.4,,4.4,
3504800,0.756,0.695,0.835,0.746,0.44,0.47,1.62,10.83,36.41,16.08,9.06,832.51,242.01,3031.54,427.38,593.51,830.81,2042.65,0.34,75.08,1.49,13.4,15.54,42.23,94.12,83.56,278641.735,311240.963,367870.867,30257.55,32434.45,38335.86,250809.454,37092.377,46855.998,122318.312,44542.767,27832.281,1716,4,1134,3.0,25.0,4.0,34,11.0,16.0,41.0,239,23.0,11.0,,75.0,,9.0,,39,20.0,28,,3458,391,915,22.0,68.0,5.0,83.0,24.0,28.0,161.0,660,111.0,19.0,,692.0,,150.0,,31.0,29.0,69,1848,391,,20.0,39.0,,45.0,7.0,1.0,106.0,371,71.0,5.0,,599.0,,139.0,,11.0,9.0,34.0,2.4,82011,18264,,568.0,1056.0,,4701.0,908.0,36.0,3013.0,10423,2145.0,75.0,,27084.0,,11774.0,,363.0,221.0,1379,54281887.21,3959741.16,50322146.05,11852095.57,10238957.35,1371368.99,241769.23,964122.98,523637.37,,,1388041.07,49450558.62,650658.85,714394.26,173520.0,,2320242.99,,4705152.4,56869267.35,68037271.71,3208157.25,64829114.46,60021424.27,61574419.75,3981204.37,56040219.9,7.6,7.6,,,5.4,,5.4,,4.5,,4.5,
3504909,0.733,0.653,0.872,0.693,0.51,2.06,11.21,36.45,40.99,12.11,13.54,595.74,126.89,2442.2,233.78,370.44,574.13,1674.7,0.45,77.29,2.14,11.5,13.27,49.21,95.62,86.54,216018.384,236093.43,282443.967,19568.66,23682.76,28332.23,200757.341,11795.709,36130.381,93761.83,59069.421,15261.043,899,8,527,3.0,28.0,9.0,22,11.0,2.0,19.0,117,13.0,9.0,2.0,24.0,3.0,9.0,,44,30.0,19,,2441,484,481,4.0,112.0,10.0,75.0,30.0,3.0,41.0,343,143.0,16.0,11.0,521.0,1.0,44.0,,35.0,67.0,20,1614,484,15.0,4.0,77.0,1.0,50.0,14.0,,22.0,211,130.0,4.0,9.0,497.0,,30.0,,20.0,34.0,12.0,1.9,55940,21762,371.0,384.0,1369.0,34.0,1296.0,1229.0,,613.0,5821,3891.0,115.0,421.0,15902.0,,1029.0,,501.0,573.0,632,64870549.41,8453283.43,56417265.98,6980839.88,6458939.72,521900.16,,248421.81,1620177.24,,,,66622211.6,204665.06,,,,6271735.92,,11086324.28,59837124.08,81948051.51,6271735.92,75676315.59,65668316.01,70923448.36,8453383.43,57214932.58,5.8,5.8,,,4.3,4.3,,,4.7,,4.7,
3505005,0.711,0.649,0.82,0.676,0.47,2.53,11.05,33.13,38.36,13.93,11.02,536.63,128.37,2058.36,245.28,365.51,533.76,1402.55,0.4,74.22,2.31,16.0,18.48,53.53,93.98,82.12,74956.416,78067.42,80403.485,21264.23,22109.15,22770.74,72747.665,28042.81,2887.531,21294.932,20522.39,2208.752,602,6,512,1.0,2.0,3.0,2,1.0,,1.0,27,1.0,4.0,,14.0,,2.0,,20,3.0,3,,1061,225,445,1.0,4.0,3.0,4.0,6.0,,1.0,67,3.0,4.0,,288.0,,,,8.0,1.0,1,547,225,,1.0,2.0,,1.0,6.0,,,35,,,,272.0,,,,4.0,,1.0,1.8,18718,10984,,79.0,36.0,,12.0,278.0,,,822,,,,6341.0,,,,80.0,,86,31403334.25,732079.48,30671254.77,2620855.87,2089760.74,523043.14,8051.99,63825.05,1278210.52,,,,36271396.92,121488.32,,791500.0,,2930063.46,,4196286.09,32968335.72,44077340.14,3721563.46,40355776.68,31674079.08,37164621.81,739246.14,30934832.94,6.7,6.7,,,6.6,,6.6,,5.3,,5.3,
3505104,0.699,0.599,0.843,0.676,0.4,0.45,7.67,24.75,31.06,16.69,7.44,536.37,159.13,1665.9,288.42,420.72,570.61,1243.39,0.28,75.57,2.22,13.9,16.06,49.36,94.74,84.13,109124.812,129133.155,186922.613,14488.16,22895.95,33142.31,102280.489,13932.561,4509.921,49617.647,34220.36,6844.323,922,6,694,,14.0,5.0,14,8.0,3.0,7.0,53,9.0,1.0,1.0,46.0,8.0,1.0,,31,6.0,15,,1354,313,446,,32.0,11.0,83.0,13.0,10.0,14.0,122,31.0,1.0,,209.0,14.0,1.0,,18.0,3.0,33,700,313,17.0,,16.0,6.0,72.0,4.0,,8.0,61,12.0,,,161.0,3.0,,,8.0,,19.0,2.0,26600,14662,645.0,,367.0,197.0,1981.0,322.0,,195.0,1768,477.0,,,4323.0,114.0,,,236.0,,1311,47284787.35,5056444.8,42228342.55,5709464.37,5240670.94,468793.43,,,420130.5,,,562915.36,46040774.33,45565.08,1056790.0,265050.0,,1323678.95,,7113175.95,44470388.6,55424368.59,2645518.95,52778849.64,48946736.78,51583564.55,5081246.52,43865490.26,7.0,7.0,,,4.7,,4.7,,5.1,,5.1,
3505203,0.75,0.662,0.867,0.736,0.42,0.25,2.58,12.9,34.23,16.26,8.42,781.34,221.08,2674.64,414.08,562.91,785.33,1915.01,0.31,77.04,2.0,11.8,13.65,47.46,95.5,86.21,1623405.551,1810874.475,1863763.724,45290.86,57315.22,58989.2,1418255.124,88983.09,426105.012,723694.352,179472.67,205150.428,3729,14,1920,4.0,58.0,20.0,112,60.0,63.0,115.0,607,95.0,46.0,5.0,201.0,2.0,42.0,,125,123.0,117,,12367,918,1363,67.0,202.0,71.0,227.0,173.0,103.0,416.0,2864,306.0,271.0,9.0,3929.0,,194.0,,128.0,593.0,533,8782,918,93.0,64.0,131.0,46.0,80.0,61.0,5.0,264.0,2115,112.0,209.0,8.0,3658.0,,137.0,,54.0,442.0,385.0,2.1,353579,60551,3263.0,2888.0,3097.0,1413.0,2209.0,6575.0,143.0,7128.0,71047,5314.0,7779.0,488.0,147308.0,,5196.0,,1854.0,12297.0,15029,182200921.27,7560901.53,174640019.74,32271861.35,29279532.05,2992329.3,,1868028.43,1716336.06,,,12637246.85,156815710.62,1206304.03,,6601715.11,,2922402.38,,14829710.03,181386021.76,216039604.83,9524117.49,206515487.34,187728069.07,196215731.79,8063297.13,179664771.94,7.1,7.1,,,5.6,5.6,5.5,,4.0,,4.0,
3505302,0.788,0.739,0.869,0.762,0.45,0.3,1.54,10.45,36.22,14.81,9.79,915.28,248.0,3315.58,429.64,634.6,921.41,2333.32,0.35,77.12,1.3,10.8,12.53,38.22,95.25,86.41,1515652.893,1760475.822,2077900.588,41955.79,51257.08,60499.06,1339031.439,20125.292,405060.551,732206.507,181639.088,176621.454,2623,8,528,1.0,141.0,37.0,125,49.0,54.0,159.0,749,85.0,66.0,7.0,172.0,4.0,54.0,,139,129.0,116,,16270,1082,345,105.0,699.0,79.0,253.0,278.0,158.0,364.0,3165,1085.0,684.0,64.0,5829.0,7.0,202.0,,181.0,649.0,1041,13275,1082,61.0,105.0,526.0,31.0,98.0,198.0,40.0,155.0,2229,924.0,591.0,57.0,5596.0,3.0,137.0,,64.0,501.0,877.0,2.4,604809,56933,2279.0,5740.0,14628.0,698.0,2886.0,14369.0,1689.0,6040.0,69116,55052.0,20595.0,5098.0,267064.0,126.0,5955.0,,2241.0,13950.0,60347,206376804.55,4703710.93,201673093.62,43744248.11,41801942.68,1942305.43,,4805869.59,3228165.49,,,22299926.73,160236118.16,1896576.77,,248607.81,,4519450.54,,12744547.87,220278804.7,240978963.2,4768058.35,236210904.85,216708481.69,233023352.57,5353817.96,211354663.73,7.4,7.4,,,5.4,,5.4,,5.1,,5.1,
3505351,0.66,0.599,0.779,0.617,0.54,11.7,26.79,58.46,43.64,11.29,15.46,370.97,59.19,1619.05,150.24,223.03,349.13,1074.92,0.53,71.72,2.7,20.3,23.51,56.68,92.42,78.23,133738.024,163231.519,202870.405,23082.16,31621.76,39171.73,129090.019,70754.163,4986.453,25568.106,27781.296,4648.005,1468,3,1356,2.0,2.0,1.0,3,,,3.0,48,10.0,4.0,1.0,2.0,2.0,,,21,6.0,4,,1792,306,1292,2.0,2.0,1.0,3.0,,,4.0,125,18.0,7.0,4.0,8.0,4.0,,,6.0,5.0,5,416,306,18.0,1.0,,,1.0,,,,70,6.0,3.0,2.0,3.0,2.0,,,2.0,,2.0,2.1,16553,13200,408.0,192.0,,,24.0,,,,1748,439.0,49.0,94.0,119.0,54.0,,,44.0,,182,44560563.33,5277757.41,39282805.92,1853467.44,1734877.53,118589.91,,117831.5,630218.43,6850.0,,,50125770.41,,,,,4765963.79,,6221275.1,40587900.06,57500101.57,4765963.79,52734137.78,45175312.1,46809175.16,5412174.43,39763137.67,6.0,6.0,,,4.8,,4.8,,4.5,,4.5,
3505401,0.641,0.532,0.792,0.625,0.5,10.59,25.8,51.15,37.15,11.32,13.13,390.88,59.23,1451.95,161.96,264.8,430.47,1085.88,0.45,72.53,2.78,18.8,21.79,63.61,92.95,79.52,125820.885,138337.709,145159.017,16542.32,20121.85,21110.97,114043.755,5097.223,5416.054,60596.92,42933.558,11777.13,1186,8,979,4.0,14.0,,6,2.0,1.0,4.0,71,7.0,3.0,1.0,5.0,4.0,2.0,,40,10.0,25,,1967,454,989,3.0,34.0,,66.0,3.0,7.0,10.0,209,11.0,3.0,4.0,19.0,51.0,2.0,,23.0,21.0,58,805,454,15.0,2.0,18.0,,61.0,2.0,6.0,1.0,133,3.0,,4.0,14.0,43.0,,,4.0,12.0,33.0,2.2,32322,20936,240.0,311.0,343.0,,1374.0,348.0,103.0,20.0,5001,188.0,,198.0,229.0,2038.0,,,54.0,197.0,742,57745031.81,2531466.82,55213564.99,8472834.96,8288205.08,184629.88,,121671.69,1618501.22,,,,69645240.54,1300743.2,,,,2325093.8,,3881419.84,59941289.85,83484085.41,2325093.8,81158991.61,60171793.8,63822709.69,2562367.82,57609425.98,5.5,5.5,,,4.7,,4.7,,4.8,,4.8,
3505500,0.789,0.738,0.875,0.762,0.48,0.64,2.94,12.92,39.56,13.88,11.4,917.0,220.76,3627.39,415.6,590.76,877.06,2488.85,0.41,77.5,2.01,10.13,11.75,41.43,95.52,86.26,5903515.961,6174110.187,6715414.139,47783.95,50407.07,54826.42,5338686.786,251329.34,1315471.882,3146637.758,625247.805,564829.175,11761,18,3766,23.0,530.0,136.0,648,251.0,219.0,625.0,2765,473.0,249.0,7.0,355.0,3.0,124.0,,458,747.0,364,10386.0,49808,3646,3859,678.0,2121.0,832.0,4043.0,959.0,505.0,1583.0,10228,1830.0,3617.0,58.0,6294.0,5.0,624.0,,882.0,6789.0,1255,37365,3646,1346.0,645.0,1524.0,668.0,3281.0,469.0,105.0,786.0,7037,1245.0,3292.0,57.0,5848.0,,475.0,,482.0,5605.0,854.0,2.6,1827170,303323,57090.0,37495.0,38703.0,22215.0,255772.0,37102.0,2612.0,30610.0,246601,39936.0,171257.0,3933.0,261301.0,,21335.0,,14314.0,246428.0,37141,1121770804.73,85645018.83,1036125785.9,239466535.32,231452056.67,8012338.83,2139.82,42173968.64,20073250.07,,,63222183.61,723567568.69,117400495.55,6345033.68,1791195.5,,35016551.42,,119034964.48,1112099418.56,1249056782.48,43152780.6,1205904001.88,1190726705.41,1231134383.04,95550521.12,1095176184.29,7.0,7.0,,,5.4,4.9,5.6,,4.8,,4.6,
3505609,0.725,0.646,0.829,0.711,0.4,1.02,3.8,16.74,30.95,16.65,7.44,668.32,195.71,2068.74,360.57,517.35,710.09,1553.15,0.28,74.74,2.06,15.1,17.51,43.85,94.28,82.91,624816.297,658639.234,737580.107,18630.66,20523.47,22983.3,581009.306,30338.226,112693.333,272051.402,165926.345,43806.991,1640,9,196,2.0,73.0,22.0,83,16.0,4.0,56.0,445,382.0,34.0,2.0,77.0,2.0,22.0,,82,48.0,85,,7405,1254,105,2.0,173.0,38.0,610.0,60.0,6.0,115.0,1593,2505.0,98.0,,331.0,12.0,44.0,,80.0,146.0,233,5678,1254,3.0,,92.0,15.0,515.0,34.0,,49.0,1107,2065.0,52.0,,237.0,10.0,21.0,,20.0,84.0,120.0,2.3,245833,68026,102.0,,2076.0,267.0,22418.0,4110.0,,1144.0,32362,95355.0,1384.0,,8098.0,296.0,503.0,,399.0,2749.0,6544,158356424.01,13348671.86,145007752.15,21912730.47,19693956.45,2218774.02,,2806698.85,2038504.35,,,6468618.58,145350348.5,895308.0,,,,3031018.75,,13816254.93,154975583.68,182503227.5,3031018.75,179472208.75,164432918.8,168791838.61,13367165.36,151065753.44,6.0,6.0,,,5.2,5.2,,,4.4,,4.4,
3505708,0.786,0.708,0.866,0.791,0.61,1.54,5.65,19.19,52.37,9.46,22.15,1095.84,175.78,5738.4,342.33,525.76,825.56,3609.47,0.67,76.96,1.75,11.34,13.15,40.35,95.36,85.81,58027666.618,69665768.916,71646709.835,207460.98,220131.79,226391.22,44208911.645,464.12,5741034.37,36185003.015,2282410.141,13818754.973,42505,26,49,84.0,1583.0,429.0,5514,3222.0,2019.0,5915.0,8432,2619.0,1790.0,26.0,1419.0,25.0,4022.0,,1654,2063.0,1614,41011.0,438945,13234,174,2381.0,12714.0,1953.0,123980.0,27743.0,5560.0,35942.0,58406,18347.0,7921.0,50.0,30019.0,188.0,51686.0,,7497.0,14599.0,26551,382545,13231,96.0,2284.0,11037.0,1332.0,117171.0,22044.0,1588.0,27352.0,49250,14601.0,5508.0,23.0,28283.0,162.0,46097.0,,5594.0,11948.0,24944.0,3.9,26602426,1638635,5942.0,137778.0,568609.0,60878.0,4075725.0,2721912.0,90920.0,2098709.0,4409924,880494.0,405853.0,1741.0,2258137.0,11512.0,5032322.0,,245439.0,509014.0,1448883,5302938903.35,416657317.94,4886281585.41,3256051531.24,3189973616.97,36311506.33,29766407.94,132353793.9,336503496.58,,,23186.54,2174970379.85,175872685.23,,102886.17,,17812796.0,,471960062.05,5063256969.43,6093690755.51,17915682.17,6075775073.34,5334602886.97,5535217031.48,416657317.94,4917945569.03,6.3,6.3,,,5.3,5.3,,,4.7,5.0,4.3,
3505807,0.751,0.718,0.848,0.696,0.41,1.28,3.94,18.53,32.36,16.65,7.77,609.76,180.59,1973.32,327.15,455.52,630.37,1445.83,0.29,75.86,2.15,13.4,15.54,44.02,94.89,84.54,1067216.916,1141590.238,1596603.168,50936.28,53089.81,74250.25,1001664.102,461927.562,123142.997,306440.458,110153.086,65552.814,1669,7,737,3.0,47.0,19.0,37,22.0,15.0,36.0,381,21.0,30.0,1.0,71.0,1.0,12.0,,94,56.0,79,,6189,1086,617,7.0,137.0,51.0,122.0,90.0,29.0,128.0,1485,88.0,146.0,10.0,1448.0,4.0,26.0,,144.0,201.0,370,4501,1086,51.0,4.0,73.0,30.0,70.0,60.0,4.0,76.0,1019,64.0,92.0,10.0,1371.0,4.0,12.0,,71.0,134.0,270.0,2.1,176428,48381,1561.0,463.0,1750.0,777.0,1755.0,6513.0,85.0,2907.0,31770,1974.0,2625.0,393.0,57746.0,145.0,371.0,,1970.0,4369.0,10875,130247544.71,6372346.49,123875198.22,15654355.39,14464723.07,1189632.32,,2308771.08,2699167.52,,,361022.65,135130785.94,1540502.88,3445693.68,4230.0,,3400788.21,,21511047.71,128125601.13,164545317.35,6850711.89,157694605.46,132181219.34,149636648.84,6488796.49,125692422.85,6.3,6.3,,,5.4,,5.4,,4.4,,4.4,
3505906,0.761,0.685,0.84,0.766,0.5,0.96,3.88,13.78,41.99,13.22,12.71,941.79,209.03,3954.6,413.43,594.74,863.07,2632.93,0.45,75.41,1.77,13.0,15.08,42.63,94.31,84.03,2416802.575,2795758.224,3328690.303,38097.08,47870.93,56996.17,2151518.713,200057.769,532695.391,1109478.862,309286.69,265283.862,5824,14,2547,9.0,155.0,52.0,258,85.0,71.0,222.0,1166,123.0,124.0,1.0,440.0,,78.0,,189,170.0,120,5022.0,22588,1501,1915,30.0,516.0,114.0,956.0,351.0,195.0,521.0,5239,612.0,1377.0,17.0,7000.0,,166.0,,434.0,968.0,676,16620,1501,110.0,20.0,344.0,53.0,640.0,204.0,28.0,240.0,3801,437.0,1205.0,17.0,6437.0,,61.0,,264.0,742.0,516.0,2.7,831102,105312,5691.0,432.0,8308.0,1321.0,17281.0,17182.0,654.0,6426.0,123286,20626.0,59237.0,1078.0,409498.0,,1983.0,,7535.0,26646.0,18607,336385855.64,22910390.3,313475465.34,63691770.57,58263442.73,5423750.01,4577.83,,3797378.04,,,21842267.97,285446366.36,4086792.88,8102037.43,958211.43,,3473926.73,,27442002.35,340808298.27,391398751.41,12534175.59,378864575.82,352364653.89,368250300.62,23832590.44,328532063.45,7.2,7.1,7.9,,5.6,5.8,5.5,,4.9,,4.9,
3506003,0.801,0.752,0.854,0.8,0.55,1.08,3.71,12.95,45.58,11.15,16.35,1163.86,215.41,5304.54,433.4,646.03,1020.07,3502.08,0.55,76.26,1.87,12.18,14.13,41.3,94.98,84.78,16721368.423,18612852.852,20654759.202,43806.93,49091.52,54477.06,14878704.236,49289.643,2524991.881,10733608.532,1570814.18,1842664.187,26950,46,1434,54.0,1248.0,341.0,2722,919.0,899.0,2556.0,8142,1489.0,881.0,30.0,1051.0,7.0,943.0,,1422,1873.0,893,25541.0,187542,13726,1408,1634.0,6464.0,1096.0,28826.0,4342.0,3254.0,7429.0,38382,19469.0,8285.0,408.0,16530.0,55.0,3977.0,,2789.0,16642.0,12826,154391,13724,143.0,1565.0,5035.0,683.0,25910.0,2664.0,1554.0,3981.0,28900,17216.0,7113.0,389.0,15182.0,45.0,2743.0,,1521.0,14071.0,11952.0,2.5,6830299,722024,4389.0,87742.0,135880.0,17945.0,653334.0,290184.0,45717.0,134094.0,1106849,977606.0,521905.0,48940.0,748318.0,2552.0,139810.0,,57328.0,701196.0,434487,2277455610.08,108601492.05,2168854118.03,668560034.0,649603167.59,18942332.37,14534.04,91692515.01,125204808.8,,,212685290.91,1015610413.25,72595983.04,,,,11857048.25,,133257442.2,2281499595.43,2198206093.26,11857048.25,2186349045.01,2331709165.25,2414757037.63,109470262.78,2222238902.47,6.1,5.8,6.3,,4.9,5.3,4.9,,4.4,,4.4,
3506102,0.78,0.735,0.853,0.756,0.51,0.59,3.7,15.67,42.3,13.25,12.77,881.64,205.04,3728.98,379.09,545.2,790.1,2483.92,0.45,76.16,1.49,12.0,13.92,42.54,94.73,85.1,4080484.537,4756160.024,5343661.449,52575.43,62275.41,69967.94,3490670.324,117188.252,535906.051,2466710.36,370865.661,589814.213,7402,14,2486,18.0,240.0,69.0,453,158.0,95.0,400.0,1716,232.0,157.0,5.0,235.0,1.0,123.0,,326,351.0,323,6476.0,36342,2535,5042,220.0,1005.0,222.0,1568.0,1138.0,292.0,2011.0,10477,1066.0,1357.0,32.0,3733.0,4.0,401.0,,1069.0,2163.0,2007,28551,2535,3434.0,198.0,717.0,133.0,1000.0,821.0,91.0,1453.0,8482,715.0,1162.0,30.0,3444.0,,249.0,,783.0,1664.0,1640.0,2.4,1314043,144114,168910.0,13908.0,19270.0,3425.0,30013.0,64062.0,2570.0,79830.0,351791,30851.0,51057.0,2082.0,185108.0,,13533.0,,11094.0,63387.0,79038,480062117.64,29387399.89,450674717.75,115103517.13,107236051.86,7867465.27,,18527186.65,13241361.61,,,49374855.88,322042455.56,8148460.52,3883956.39,273.0,,1071329.49,,33455085.52,508418597.76,531393396.23,4955558.88,526437837.35,533396332.67,541873683.28,32011894.03,501384438.64,6.7,6.7,,,5.3,,5.3,,4.6,,4.6,
3506201,0.744,0.712,0.82,0.706,0.38,1.29,3.09,14.38,30.4,18.28,6.65,647.1,218.19,1967.43,373.19,491.66,688.23,1465.26,0.25,74.17,2.31,16.0,18.56,44.85,93.95,82.06,210459.776,249335.05,288020.154,69504.55,95677.3,110521.93,190475.209,36684.157,77654.509,53272.578,22863.965,19984.566,423,5,326,2.0,7.0,,7,5.0,,2.0,35,2.0,1.0,,4.0,,1.0,,14,3.0,9,,1241,222,181,1.0,20.0,,8.0,,,1.0,52,2.0,1.0,,689.0,,1.0,,1.0,2.0,60,1000,222,6.0,1.0,13.0,,,,,1.0,18,,,,688.0,,,,,,51.0,2.8,55976,11198,211.0,96.0,380.0,,,,,27.0,467,,,,37376.0,,,,,,6220,38674753.22,1712896.91,36961856.31,4795626.03,4694846.57,4494.54,96284.92,,528973.13,,,12886.06,39847422.58,115530.38,,,,,,3084955.94,38714239.33,45300438.18,,45300438.18,39422875.47,41799195.27,1712896.91,37709978.56,6.8,6.8,,,5.0,,5.0,,5.3,,5.3,
3506300,0.734,0.662,0.838,0.713,0.45,0.2,4.42,19.81,37.52,15.37,9.77,676.6,187.52,2538.35,332.3,466.19,642.08,1762.67,0.35,75.26,2.11,14.3,16.59,49.84,94.57,83.68,377950.244,482828.213,605499.302,33842.25,41598.02,52166.74,342053.006,37651.106,75862.582,169941.979,58597.339,35897.238,1443,8,980,4.0,23.0,6.0,18,8.0,11.0,29.0,156,14.0,19.0,2.0,51.0,,12.0,,47,31.0,24,,3994,609,711,77.0,40.0,12.0,41.0,30.0,32.0,63.0,570,52.0,97.0,1.0,1136.0,,17.0,,69.0,288.0,149,2762,609,24.0,77.0,14.0,3.0,18.0,20.0,1.0,21.0,374,34.0,76.0,,1075.0,,,,38.0,256.0,122.0,2.5,136164,36237,1180.0,3988.0,342.0,89.0,471.0,1793.0,17.0,438.0,10266,1490.0,2677.0,,50836.0,,,,895.0,18977.0,6468,72012096.68,3151825.21,68860271.47,10678926.88,9776534.69,892032.19,10360.0,83544.6,1111111.48,,,15290.0,71304757.81,252542.8,,,,3523376.0,,4490585.88,71475902.73,86969549.57,3523376.0,83446173.57,73039828.95,75966488.61,3153924.21,69885904.74,6.5,6.5,,,5.2,,5.2,,4.4,,4.4,
3506359,0.73,0.654,0.817,0.727,0.48,1.44,5.64,20.73,38.0,13.46,11.29,736.03,168.27,2797.2,327.14,473.45,734.01,1987.13,0.41,74.03,2.48,16.3,18.82,46.99,93.87,81.85,2067677.07,2276073.111,2663550.123,31255.51,35459.48,41496.08,1922632.016,8254.705,141038.881,1318462.442,454875.988,145045.054,4565,12,10,25.0,387.0,81.0,1063,102.0,377.0,286.0,1099,377.0,112.0,3.0,74.0,,84.0,,293,129.0,51,4461.0,21421,1960,19,271.0,1977.0,246.0,4150.0,299.0,843.0,569.0,5552,1180.0,830.0,52.0,314.0,,367.0,,1242.0,1081.0,469,15976,1960,8.0,244.0,1494.0,139.0,3317.0,104.0,191.0,159.0,4205,625.0,674.0,52.0,227.0,,262.0,,974.0,924.0,417.0,2.8,807141,283399,229.0,12540.0,44920.0,5203.0,132015.0,10068.0,6320.0,3674.0,129785,25397.0,17520.0,5388.0,7827.0,,11918.0,,50947.0,51620.0,8370,949987233.12,104572399.6,845414833.52,495609794.05,450683110.96,44926683.09,,43279603.0,89630693.35,,,16977.48,365347323.33,20228470.66,60663517.75,,,16409798.25,,128563394.47,895063863.28,1091186177.87,77073316.0,1014112861.87,963729569.38,1023627257.75,106043546.88,857686022.5,6.6,6.6,,,4.7,,4.7,,4.1,,4.1,
3506409,0.768,0.722,0.845,0.743,0.43,0.85,1.43,8.5,35.37,16.58,8.53,816.06,255.55,2886.52,421.04,567.88,797.11,2043.11,0.31,75.7,1.55,12.6,14.61,40.99,94.48,84.44,292576.746,279245.349,307745.487,35693.15,38153.48,42047.48,276979.929,124813.102,10506.76,103764.105,37895.962,15596.817,1696,6,1253,,15.0,7.0,43,12.0,4.0,26.0,154,11.0,10.0,1.0,41.0,,10.0,,45,40.0,18,,3038,342,769,,37.0,11.0,121.0,34.0,10.0,77.0,637,31.0,38.0,1.0,612.0,,78.0,,33.0,131.0,76,1733,342,44.0,,18.0,2.0,34.0,14.0,,43.0,419,16.0,26.0,,563.0,,57.0,,10.0,90.0,55.0,2.0,65606,17603,2006.0,,501.0,21.0,933.0,1436.0,,1382.0,14151,478.0,289.0,,18083.0,,2993.0,,335.0,2462.0,2933,59977081.57,2782481.51,57194600.06,7019439.25,5812748.77,1194665.36,12025.12,2386406.43,537517.81,,,2066115.28,50640735.08,555065.77,,350400.0,,1741414.19,,2937134.45,58610271.91,65297093.81,2091814.19,63205279.62,61214573.88,61547406.36,2815391.94,58399181.94,7.4,7.4,,,6.0,,6.0,,4.2,,4.2,
3506508,0.78,0.734,0.869,0.743,0.42,0.35,2.24,9.91,34.75,16.64,8.35,812.51,246.22,2823.67,429.86,578.04,799.44,2007.77,0.31,77.14,1.57,11.7,13.47,38.86,95.56,86.37,3947388.396,4489460.775,4866489.546,31305.12,37733.22,40902.09,3528398.875,80294.46,720788.391,2179371.339,547944.686,418989.52,10069,10,2420,21.0,284.0,112.0,427,244.0,220.0,455.0,2788,287.0,177.0,9.0,1420.0,2.0,156.0,,397,424.0,216,9294.0,45157,3069,2236,150.0,998.0,319.0,1465.0,881.0,712.0,1203.0,10349,1076.0,3080.0,42.0,15125.0,,730.0,,835.0,2045.0,842,33899,3069,461.0,118.0,686.0,185.0,1011.0,400.0,132.0,609.0,7174,693.0,2870.0,26.0,13405.0,,513.0,,526.0,1415.0,606.0,2.0,1319078,207586,17620.0,4190.0,16912.0,4682.0,30075.0,30465.0,4809.0,20902.0,245317,22524.0,142167.0,1978.0,451723.0,,18945.0,,16863.0,58592.0,23728,604518708.97,23296062.12,581222646.85,147028502.82,142583362.47,4328768.92,116371.43,36274194.88,55509642.56,,,52501876.61,438350743.7,19623572.19,,198046.2,,5752103.85,,32239385.38,651746728.07,755238682.81,5950150.05,749288532.76,657510574.85,683986113.45,25715183.72,631795391.13,7.4,7.4,,,5.7,,5.7,,4.7,,4.6,6.7
3506607,0.712,0.64,0.795,0.71,0.53,1.08,9.77,29.18,44.53,12.35,14.42,662.23,140.71,2949.12,268.37,413.16,586.25,1907.14,0.5,72.7,2.17,18.5,21.44,49.01,93.06,79.79,971015.868,929917.405,1111541.124,29190.32,31335.67,37447.06,931266.674,471703.726,46492.911,280352.889,132717.148,39749.194,1449,10,668,5.0,38.0,17.0,43,15.0,14.0,32.0,332,17.0,30.0,1.0,33.0,6.0,10.0,,107,40.0,31,,4800,802,680,41.0,129.0,63.0,206.0,54.0,38.0,69.0,1582,37.0,98.0,,246.0,54.0,25.0,,111.0,141.0,424,3297,802,39.0,41.0,87.0,41.0,158.0,30.0,7.0,30.0,1200,17.0,58.0,,211.0,43.0,14.0,,38.0,91.0,390.0,2.0,124204,39774,490.0,7293.0,1981.0,867.0,2968.0,3222.0,183.0,1164.0,37673,477.0,1752.0,,8595.0,1877.0,295.0,,1435.0,2070.0,12088,153348639.45,13493594.44,139855045.01,26379637.76,22811719.12,2563268.26,1004650.38,3786720.07,14649874.47,,,207325.33,130474056.83,1327263.31,3250110.0,,,6373219.47,,21227159.89,144414607.77,186448207.24,9623329.47,176824877.77,155668976.35,165641767.66,13645023.13,142023953.22,6.4,6.4,,,4.9,,4.9,,4.0,,4.0,
3506706,0.681,0.562,0.811,0.692,0.44,2.06,8.69,23.11,35.42,15.17,9.34,593.36,152.46,2101.66,297.63,434.44,605.45,1478.38,0.34,73.63,2.46,16.9,19.6,45.72,93.63,81.23,380753.261,426174.943,633216.137,25197.09,32838.26,48791.5,354854.28,98617.081,33976.541,144513.832,77746.827,25898.981,1362,4,879,2.0,25.0,5.0,36,7.0,7.0,33.0,179,27.0,13.0,4.0,48.0,,3.0,,40,16.0,34,,4122,706,1866,1.0,81.0,6.0,67.0,21.0,10.0,99.0,476,66.0,40.0,4.0,276.0,,9.0,,219.0,101.0,74,3049,706,1317.0,,46.0,,22.0,15.0,2.0,60.0,267,39.0,18.0,4.0,219.0,,6.0,,206.0,82.0,40.0,1.8,106726,30203,42632.0,15.0,1330.0,,674.0,2165.0,15.0,1672.0,8232,1140.0,520.0,255.0,6697.0,,255.0,,6729.0,2856.0,1336,98399723.42,4713816.85,93685906.57,11797786.66,10228560.33,1568634.03,592.3,821927.09,715555.18,,,2419685.78,97549765.78,291352.38,,1403523.5,,191812.5,,6268208.11,96978798.67,115191408.87,1595336.0,113596072.87,101176181.56,103247006.78,5218247.25,95957934.31,5.8,5.8,,,5.0,5.0,,,3.2,,3.2,
3506805,0.742,0.656,0.84,0.741,0.42,0.03,1.31,10.52,34.88,16.63,8.39,805.99,244.9,2811.29,425.28,580.27,799.75,1982.03,0.3,75.41,1.9,13.0,15.08,43.37,94.31,84.03,281963.936,306478.797,381376.277,22429.71,27220.78,33873.02,259145.058,43685.843,33095.832,111188.154,71175.229,22818.878,1280,8,576,9.0,24.0,6.0,23,26.0,9.0,29.0,193,8.0,14.0,6.0,225.0,,8.0,,57,19.0,40,,4774,456,421,21.0,62.0,6.0,45.0,65.0,17.0,102.0,552,12.0,41.0,8.0,2578.0,,6.0,,32.0,106.0,244,3600,456,72.0,11.0,34.0,,9.0,17.0,3.0,67.0,320,1.0,27.0,,2295.0,,,,7.0,82.0,199.0,2.2,150188,23449,2705.0,1038.0,817.0,,190.0,1477.0,67.0,4232.0,8904,,581.0,48.0,91584.0,,,,166.0,2543.0,12388,65085234.71,735081.16,64350153.55,10596286.76,9805070.97,791215.79,,970120.88,726294.77,,,788.24,64761357.94,417380.35,,,,889717.63,,969680.99,69316891.9,78361946.57,889717.63,77472228.94,68939974.6,70286572.89,735081.16,68204893.44,6.0,6.0,,,5.2,,5.2,,4.1,,4.1,
3506904,0.705,0.609,0.821,0.7,0.46,2.45,8.21,25.04,36.73,14.13,10.4,622.11,147.59,2284.8,291.8,423.02,627.09,1611.76,0.37,74.23,2.43,15.9,18.44,51.77,93.99,82.15,212434.109,237971.226,309772.994,17546.39,22750.6,29615.01,198627.585,33004.035,24084.799,84052.911,57485.84,13806.524,2235,6,1830,4.0,24.0,6.0,23,8.0,6.0,20.0,128,22.0,10.0,1.0,29.0,15.0,12.0,,45,17.0,29,,3452,473,1858,5.0,72.0,8.0,49.0,15.0,16.0,41.0,361,39.0,16.0,,168.0,116.0,25.0,,35.0,44.0,111,1480,473,327.0,4.0,46.0,1.0,17.0,7.0,3.0,17.0,215,10.0,3.0,,127.0,99.0,10.0,,12.0,24.0,85.0,2.2,61020,24944,12532.0,525.0,1193.0,14.0,297.0,381.0,137.0,378.0,5855,180.0,125.0,,5380.0,5142.0,379.0,,232.0,630.0,2696,88436142.32,9482025.54,78954116.78,17430159.08,16718955.83,711203.25,,318843.55,537765.71,,,,76342852.51,1652050.31,2100000.0,,,2106280.72,,9619374.87,82287733.41,100487951.88,4206280.72,96281671.16,91514904.72,91907108.28,9482025.54,82032879.18,6.0,6.0,,,5.4,4.3,6.4,,4.8,,4.8,
3507001,0.78,0.728,0.861,0.757,0.49,0.94,4.2,14.51,38.91,13.3,11.7,889.51,199.88,3460.84,391.59,579.47,874.9,2400.77,0.43,76.67,2.14,12.3,14.24,40.94,95.31,85.69,3393228.685,3980439.889,4474129.933,53597.04,65166.58,73249.13,2889518.819,29902.417,1115746.09,1412349.422,331520.89,503709.865,5511,11,1037,18.0,227.0,73.0,525,122.0,213.0,326.0,1293,240.0,165.0,13.0,424.0,3.0,115.0,,231,211.0,264,5223.0,31393,2333,1172,96.0,1125.0,227.0,2048.0,338.0,533.0,639.0,5297,1018.0,769.0,64.0,11165.0,11.0,343.0,,429.0,830.0,2956,24851,2333,344.0,75.0,851.0,130.0,1416.0,154.0,93.0,202.0,3736,657.0,566.0,47.0,10597.0,10.0,179.0,,235.0,552.0,2674.0,2.7,1216693,154362,16796.0,3050.0,23148.0,3431.0,34902.0,12420.0,3446.0,6266.0,130356,20748.0,20005.0,4462.0,642763.0,597.0,5015.0,,7185.0,17164.0,110576,413071261.37,32941544.99,380129716.38,148128405.72,113821073.99,34304775.88,2555.85,2264333.22,5921801.76,,,45102.0,317580478.1,7552660.39,7775151.66,633900.0,,20837238.36,,40251871.97,415113627.02,510739071.21,29246290.02,481492781.19,453370094.58,455365498.99,38692685.95,414677408.63,6.6,6.6,,,5.5,5.5,,,4.5,,4.2,
3507100,0.713,0.631,0.802,0.716,0.41,1.64,4.18,16.67,32.36,16.24,7.97,688.02,193.14,2226.37,365.65,519.35,727.48,1638.61,0.31,73.1,2.05,17.8,20.63,44.6,93.31,80.42,1463036.18,1845067.499,1627411.043,55196.42,84088.39,73953.06,1229191.543,14056.192,575826.055,524790.85,114518.447,233844.637,1408,5,184,10.0,51.0,18.0,138,39.0,45.0,71.0,356,53.0,32.0,1.0,214.0,1.0,24.0,,87,46.0,33,,8551,943,175,64.0,122.0,23.0,838.0,105.0,109.0,130.0,1545,114.0,108.0,10.0,3814.0,2.0,36.0,,82.0,112.0,219,6897,943,,51.0,56.0,2.0,682.0,44.0,12.0,44.0,1115,41.0,65.0,10.0,3544.0,,11.0,,34.0,60.0,183.0,2.4,293855,51390,,1646.0,1477.0,64.0,22125.0,4604.0,353.0,1830.0,37435,1291.0,1835.0,462.0,157761.0,,337.0,,883.0,1640.0,8722,159334772.18,4300206.21,155034565.97,37062460.87,33839914.85,3222546.02,,8452570.3,5306177.95,,,5607018.98,125878750.71,3427421.89,,,,7045825.0,,7435246.9,164174239.54,192780225.7,7045825.0,185734400.7,163591263.96,171609486.44,4404372.81,159186891.15,6.8,6.8,,,5.1,,5.1,,4.4,,4.4,
3507159,0.66,0.613,0.775,0.605,0.44,6.02,21.85,52.47,33.84,14.49,9.34,344.32,83.13,1165.22,166.26,246.34,379.28,848.15,0.35,71.49,2.82,20.8,24.01,55.67,92.27,77.86,63856.52,66937.225,77487.097,15912.41,18829.04,21796.65,60243.036,5368.545,12078.165,19547.589,23248.737,3613.483,393,6,267,1.0,5.0,,3,1.0,,1.0,47,4.0,2.0,,8.0,10.0,2.0,,24,2.0,10,,966,239,370,,22.0,,4.0,,,1.0,132,10.0,2.0,,78.0,71.0,,,10.0,2.0,25,640,239,139.0,,16.0,,1.0,,,,87,5.0,,,67.0,62.0,,,5.0,,19.0,2.0,25841,11555,4795.0,,363.0,,19.0,,,,2180,89.0,,,2542.0,3620.0,,,123.0,,555,31548403.32,2515629.39,29032773.93,1739681.43,1691898.11,47783.32,,65877.92,583872.47,,,,37952203.71,13748.49,774200.0,315501.0,,3500775.0,,5007903.28,29884406.14,44945860.02,4590476.0,40355384.02,31696714.22,34892309.42,2515629.39,29181084.83,6.7,6.7,,,5.2,,5.2,,4.5,,4.5,
3507209,0.746,0.675,0.863,0.712,0.4,1.86,2.86,9.41,34.92,18.39,7.59,670.27,239.2,2340.82,377.25,511.9,648.08,1567.1,0.3,76.77,1.27,12.2,14.07,37.37,95.37,85.84,74195.054,92174.455,120962.346,88432.72,101625.64,133365.32,68278.865,13495.84,23466.937,19787.573,11528.515,5916.189,230,8,182,1.0,3.0,,4,1.0,1.0,2.0,9,1.0,3.0,,5.0,,,,5,,5,,1306,136,121,,8.0,,8.0,,2.0,1.0,14,2.0,3.0,,993.0,,,,8.0,,10,1149,136,,,6.0,,,,,,5,,,,990.0,,,,6.0,,6.0,2.3,55053,6557,,,211.0,,18.0,25.0,,,168,,,,47660.0,,,,164.0,,251,23697525.97,832622.78,22864903.19,1072925.68,1047412.4,25513.28,,,578630.26,,,,28756581.61,269328.05,,42880.0,,1128381.49,,5590319.19,23667250.43,31848727.09,1171261.49,30677465.6,23909784.39,29257569.62,842329.28,23067455.11,6.6,6.6,,,5.3,,5.3,,,,,
3507308,0.754,0.685,0.866,0.723,0.38,0.0,2.45,13.59,30.56,18.27,6.69,719.42,223.94,2198.3,433.24,569.07,765.72,1604.27,0.25,76.93,2.02,11.9,13.8,46.39,95.44,86.05,519153.445,582110.672,657535.084,105669.34,123459.32,139456.01,452344.991,25545.06,193575.27,204730.266,28494.395,66808.454,587,2,357,3.0,15.0,1.0,6,3.0,8.0,6.0,81,12.0,4.0,1.0,46.0,,4.0,,10,10.0,18,,2190,258,242,32.0,22.0,1.0,6.0,10.0,13.0,10.0,733,36.0,25.0,16.0,644.0,,6.0,,3.0,6.0,127,1678,258,9.0,28.0,7.0,,1.0,4.0,,5.0,638,1.0,22.0,16.0,592.0,,2.0,,,,95.0,2.4,72337,12012,346.0,961.0,141.0,,26.0,454.0,,187.0,27390,14.0,482.0,2427.0,24475.0,,60.0,,,,3361,40164420.45,1749942.19,38414478.26,2944706.77,2822281.25,122425.52,,142808.05,560540.31,,,34219.1,45777126.96,51331.96,,925046.13,,1798615.42,,2299299.62,38696787.96,52234394.7,2723661.55,49510733.15,40237929.46,40996087.58,1749942.19,38487987.27,7.4,7.4,,,5.6,,5.6,,4.8,,4.8,
3507407,0.73,0.658,0.831,0.71,0.42,1.0,4.54,18.5,33.5,16.07,8.34,664.64,190.18,2226.39,343.84,486.49,685.76,1618.67,0.31,74.83,1.74,15.0,17.35,43.06,94.33,83.05,518182.236,559934.293,704920.778,31833.29,39359.93,49551.58,477211.745,115708.776,37147.716,242451.536,81903.718,40970.49,3308,7,2495,1.0,41.0,15.0,47,16.0,19.0,31.0,304,28.0,17.0,1.0,114.0,2.0,15.0,,60,48.0,47,,5140,729,1507,1.0,87.0,38.0,120.0,61.0,40.0,69.0,1069,59.0,56.0,5.0,888.0,34.0,24.0,,56.0,211.0,86,2705,729,44.0,,42.0,22.0,46.0,40.0,8.0,24.0,699,16.0,39.0,5.0,746.0,31.0,11.0,,25.0,147.0,31.0,1.9,102706,33375,2594.0,,1045.0,603.0,892.0,4274.0,199.0,742.0,20023,457.0,1216.0,217.0,26427.0,2164.0,273.0,,734.0,5353.0,2119,103948548.54,6361201.69,97587346.85,16588870.53,15095865.89,1493004.64,,1383978.2,1550412.16,,,7594704.02,90781044.22,240662.61,715649.56,183152.5,,2076138.34,,8430366.8,98466296.61,121114612.14,2974940.4,118139671.74,104282385.43,106896663.41,6388821.79,97893563.64,7.9,7.3,8.1,,5.7,,5.7,,4.4,,4.4,
3507456,0.705,0.615,0.846,0.674,0.39,1.38,6.63,21.32,32.77,17.58,7.46,529.08,165.1,1733.94,299.87,419.61,545.0,1211.97,0.27,75.73,2.25,13.6,15.77,48.98,94.82,84.36,73943.332,81815.965,118452.374,27255.19,30157.01,43661.03,69141.344,22761.505,3665.512,20404.136,22310.19,4801.988,319,6,229,2.0,3.0,,6,2.0,4.0,3.0,22,3.0,1.0,,12.0,1.0,,,15,5.0,5,,953,238,521,25.0,7.0,,9.0,1.0,10.0,2.0,44,5.0,1.0,,65.0,2.0,,,5.0,3.0,15,708,238,364.0,22.0,4.0,,1.0,1.0,,,16,2.0,,,48.0,,,,2.0,,10.0,2.0,26405,11692,11001.0,578.0,86.0,,23.0,35.0,,,401,44.0,,,1865.0,,,,59.0,,620,40737158.44,2315612.46,38421545.98,2646811.15,2590187.68,56623.47,,,944014.26,,,455370.59,42243757.7,253208.53,,,,415187.08,,2322757.44,39634292.77,46958349.31,415187.08,46543162.23,41121660.87,41957050.21,2315612.46,38806048.41,6.1,6.1,,,4.6,4.6,,,4.5,,4.5,
3507506,0.8,0.746,0.869,0.79,0.54,0.74,3.3,14.34,44.2,11.42,15.48,1089.1,209.59,4814.06,412.52,614.39,987.53,3206.38,0.52,77.13,1.8,10.8,12.53,43.43,95.25,86.43,5979359.062,6709748.564,7992147.651,39937.48,46224.72,55059.4,5374251.672,165588.281,1498002.597,3160156.426,550504.369,605107.39,10677,15,1943,35.0,555.0,172.0,693,252.0,295.0,799.0,2686,463.0,368.0,7.0,485.0,6.0,230.0,,631,801.0,241,10053.0,63033,5145,3367,259.0,2280.0,488.0,4709.0,1036.0,730.0,2212.0,11408,1451.0,4319.0,60.0,13875.0,71.0,800.0,,1386.0,7690.0,1747,50689,5145,1757.0,229.0,1654.0,263.0,3939.0,567.0,146.0,1106.0,8362,853.0,3866.0,60.0,13249.0,66.0,503.0,,820.0,6625.0,1479.0,2.8,2537853,257549,66297.0,32118.0,45519.0,7126.0,125845.0,43405.0,4521.0,52899.0,274014,26592.0,450526.0,4729.0,681693.0,3157.0,21879.0,,27787.0,357815.0,54383,782857612.48,27460553.0,755397059.48,193191068.32,177909529.94,15281538.38,,35198126.32,28671852.94,,,308839.71,569390848.78,36018203.41,,,,9656668.51,,38666136.91,782635264.92,872435607.99,9656668.51,862778939.48,788089093.87,821301401.83,28002898.58,760086195.29,6.7,6.7,,,5.0,5.5,4.8,,4.2,,4.2,
3507605,0.776,0.704,0.861,0.772,0.52,0.7,3.22,13.93,42.82,12.49,13.71,974.08,212.73,4170.78,395.52,580.07,888.82,2789.06,0.46,76.67,1.41,10.62,12.32,41.41,94.99,84.81,7954300.053,9125116.908,10443287.83,46153.09,51609.44,59064.7,6782585.806,99838.174,1987758.259,3946313.675,748675.698,1171714.247,14270,15,1948,33.0,695.0,205.0,1170,381.0,502.0,1034.0,3649,718.0,420.0,7.0,962.0,14.0,343.0,,646,1193.0,335,13790.0,72148,4021,2704,707.0,2749.0,1197.0,6321.0,1240.0,1095.0,2204.0,14587,3329.0,7472.0,149.0,13916.0,289.0,828.0,,1540.0,6048.0,1752,54606,4020,825.0,664.0,1914.0,940.0,5106.0,634.0,139.0,815.0,10242,2181.0,6971.0,148.0,12659.0,269.0,385.0,,961.0,4350.0,1383.0,2.6,2620403,247151,60640.0,32880.0,53112.0,144731.0,131638.0,53422.0,4295.0,26611.0,365888,109451.0,378279.0,7596.0,693915.0,9564.0,13216.0,,38465.0,181321.0,68226,952554074.69,34072814.38,918481260.31,406368069.55,351167143.19,38503970.79,16696955.57,821540.78,34341308.25,,,,723328330.89,42473359.31,,172800.0,,19629641.46,,40503232.22,971413490.39,1227135050.24,19802441.46,1207332608.78,980425775.86,1011916722.61,34825565.95,945600209.91,6.4,6.4,,,5.4,,5.4,,4.6,,4.5,
3507704,0.737,0.664,0.83,0.725,0.43,0.33,1.58,14.08,36.88,16.49,8.95,726.71,219.57,2680.33,379.64,518.82,686.79,1831.27,0.32,74.77,1.96,15.1,17.47,47.81,94.29,82.95,120686.813,118469.734,157855.147,20826.02,22119.07,29472.58,115741.269,36630.741,6689.06,43388.546,29032.923,4945.544,1028,4,856,1.0,6.0,2.0,4,2.0,5.0,9.0,52,2.0,5.0,3.0,17.0,,5.0,,23,16.0,16,,1173,206,510,16.0,73.0,9.0,5.0,5.0,19.0,16.0,162,3.0,10.0,7.0,51.0,,6.0,,11.0,19.0,45,482,206,,16.0,67.0,7.0,,4.0,4.0,5.0,103,,3.0,6.0,30.0,,,,1.0,3.0,27.0,2.1,19039,10711,,666.0,1441.0,216.0,,479.0,86.0,210.0,2744,,40.0,434.0,744.0,,,,22.0,92.0,1155,,,,,,,,,,,,,,,,,,,,,,,,,,,,,7.9,7.9,,,5.8,,5.8,,4.3,,4.3,
3507753,0.71,0.618,0.826,0.702,0.39,0.96,2.01,11.43,35.6,18.87,7.54,631.02,229.91,2246.4,365.6,472.41,588.42,1496.84,0.28,74.54,1.72,15.4,17.86,43.76,94.17,82.62,75675.127,78574.226,90696.609,25996.26,30633.23,35359.3,71262.782,22314.874,3598.637,24671.31,20677.961,4412.344,452,7,364,1.0,1.0,1.0,7,2.0,1.0,2.0,32,,1.0,1.0,3.0,3.0,1.0,,17,6.0,2,,799,236,388,2.0,1.0,1.0,9.0,2.0,1.0,5.0,106,,1.0,2.0,14.0,9.0,1.0,,12.0,5.0,4,441,236,116.0,2.0,,,1.0,,,3.0,57,,,,12.0,7.0,,,4.0,,3.0,2.1,16971,10869,3488.0,56.0,,,19.0,,,40.0,1455,,,,681.0,110.0,,,138.0,,116,29395511.49,612473.39,28783038.1,1929609.1,1903287.56,26321.54,,,424335.29,,,30913.55,33606370.39,245572.76,40345.7,65000.0,,400000.0,,1186602.13,29012648.23,36742146.79,505345.7,36236801.09,29563302.69,30199250.36,666920.39,28896382.3,7.3,7.3,,,5.5,,5.5,,,,,
3507803,0.755,0.675,0.864,0.738,0.44,0.0,3.8,12.33,36.4,15.7,9.27,787.91,223.69,2867.87,395.0,536.55,777.31,1987.64,0.33,76.81,1.58,12.1,14.02,44.6,95.38,85.88,894830.751,971558.236,1210304.604,34947.5,38552.37,48026.05,788868.084,93166.358,147133.404,414073.83,134494.493,105962.667,2390,9,924,4.0,55.0,29.0,113,63.0,24.0,94.0,493,143.0,45.0,2.0,124.0,,36.0,,81,76.0,75,,8308,1128,666,44.0,153.0,146.0,266.0,190.0,49.0,265.0,2041,773.0,137.0,3.0,1218.0,,75.0,,164.0,197.0,793,5797,1128,10.0,40.0,85.0,102.0,140.0,62.0,11.0,143.0,1443,569.0,76.0,2.0,1056.0,,16.0,,97.0,106.0,711.0,2.0,214121,46398,468.0,2267.0,2091.0,6047.0,4142.0,4977.0,285.0,4197.0,48038,21244.0,2243.0,78.0,35212.0,,493.0,,2506.0,3314.0,30122,167539834.21,30680772.63,136859061.58,25910378.67,24631393.2,1278985.47,,8865656.98,13409176.93,,,5312064.94,125714011.54,1350295.92,,35293967.17,,1449769.57,,34017303.56,163092978.05,217305321.72,36743736.74,180561584.98,188954455.15,197110281.61,30957376.4,157997078.75,6.3,6.3,,,4.9,4.8,5.8,,3.8,,3.8,
3507902,0.74,0.688,0.815,0.724,0.41,0.78,3.34,14.62,32.87,16.58,7.93,722.76,214.37,2375.52,384.76,533.05,747.36,1728.78,0.3,73.9,2.1,16.5,19.07,45.65,93.79,81.65,1123986.566,1355480.802,1555980.462,45209.02,56719.42,65109.23,1003464.419,109572.985,280079.79,482124.959,131686.685,120522.147,2876,7,1673,2.0,134.0,37.0,81,34.0,25.0,72.0,371,57.0,36.0,5.0,101.0,1.0,26.0,,108,59.0,47,,9420,978,1612,58.0,786.0,188.0,343.0,137.0,51.0,172.0,2017,195.0,186.0,23.0,1532.0,13.0,72.0,,156.0,355.0,546,6703,978,524.0,57.0,593.0,138.0,239.0,68.0,2.0,70.0,1519,101.0,139.0,19.0,1390.0,7.0,29.0,,81.0,276.0,473.0,2.5,309232,55130,20400.0,2715.0,19840.0,5147.0,7751.0,7918.0,53.0,2171.0,48064,3052.0,6001.0,1313.0,82742.0,304.0,661.0,,2542.0,10038.0,33390,181953270.79,3219975.47,178733295.32,49248956.06,43431378.89,5735286.11,82291.06,3712762.71,7458430.49,,,315043.46,147737099.84,1649872.08,,,,5098322.68,35691.87,9815239.16,193861803.96,215256179.19,5134014.55,210122164.64,184194121.6,203677043.12,3233767.37,180960354.23,6.3,6.3,,,4.9,5.7,4.4,,4.3,,4.3,
3508009,0.667,0.578,0.799,0.642,0.5,4.69,18.74,48.93,40.32,12.79,12.61,435.15,97.28,1754.62,181.08,268.18,429.72,1200.13,0.45,72.94,2.82,18.1,20.95,54.73,93.21,80.17,684130.186,702838.485,907832.787,34121.21,34708.07,44831.25,630667.432,225588.326,54818.881,250755.84,99504.385,53462.753,2694,9,1898,5.0,32.0,13.0,23,9.0,9.0,35.0,356,37.0,29.0,1.0,57.0,3.0,11.0,,81,30.0,56,,6741,981,2790,14.0,73.0,17.0,131.0,36.0,13.0,159.0,1208,97.0,60.0,2.0,848.0,10.0,5.0,,47.0,77.0,173,4283,980,1127.0,12.0,40.0,,107.0,26.0,,119.0,835,55.0,27.0,2.0,779.0,3.0,,,13.0,47.0,111.0,2.0,157577,52917,31647.0,627.0,808.0,,2639.0,2100.0,,5122.0,25095,1633.0,1307.0,225.0,27838.0,99.0,51.0,,291.0,1165.0,4013,147119178.62,10795015.67,136324162.95,12473056.49,12029005.9,313653.43,130397.16,6746055.82,3256764.79,,,,142087125.03,4225684.62,594977.25,370865.0,,3479087.35,,12748053.3,142025631.27,173233616.35,4444929.6,168788686.75,152417442.14,154773684.57,12119248.39,140298193.75,6.7,6.7,,,5.0,5.0,,,4.2,,4.2,
3508108,0.763,0.72,0.839,0.736,0.44,0.38,4.57,16.47,35.81,15.02,9.53,779.78,194.67,2792.14,391.13,546.53,791.71,1984.82,0.35,75.31,1.97,14.3,16.51,41.52,94.59,83.75,627565.183,646238.949,746203.785,36037.97,37550.2,43358.73,585618.214,72979.446,155316.735,274828.036,82493.996,41946.969,2807,8,1825,2.0,49.0,14.0,62,22.0,24.0,86.0,302,61.0,23.0,4.0,62.0,6.0,22.0,,87,108.0,40,,5393,695,1338,31.0,146.0,16.0,162.0,85.0,45.0,156.0,1034,145.0,97.0,27.0,759.0,65.0,80.0,,113.0,309.0,90,3005,695,32.0,30.0,95.0,4.0,90.0,59.0,2.0,54.0,696,66.0,64.0,25.0,697.0,61.0,54.0,,60.0,184.0,37.0,2.1,128626,41436,851.0,1816.0,1975.0,104.0,2681.0,5318.0,,1471.0,20427,3605.0,1900.0,3003.0,30136.0,3158.0,1350.0,,1621.0,6082.0,1692,136328157.99,5669713.3,130658444.69,22340049.0,20967966.37,1372082.63,,5822625.62,4158523.88,,,7240637.65,109001677.33,3539147.8,,,,5993300.26,,9072139.12,132959101.17,158095961.54,5993300.26,152102661.28,137682939.13,142031240.29,5763303.3,131919635.83,6.9,6.9,,,5.5,,5.5,,4.6,,4.6,
3508207,0.735,0.643,0.83,0.743,0.46,0.44,5.19,17.66,36.41,13.84,10.53,817.16,188.23,2975.47,377.08,569.47,843.4,2100.0,0.38,74.79,1.76,15.1,17.43,42.96,94.31,82.98,244488.126,257455.029,305567.589,53769.11,59103.54,70148.67,233484.303,39267.935,119328.791,42011.06,32876.518,11003.823,1328,7,984,3.0,11.0,5.0,25,4.0,3.0,23.0,86,11.0,9.0,5.0,13.0,,5.0,,25,12.0,97,,2730,261,714,2.0,34.0,8.0,70.0,8.0,11.0,33.0,187,21.0,11.0,18.0,1149.0,,8.0,,10.0,11.0,174,1732,261,79.0,1.0,21.0,2.0,42.0,7.0,,4.0,89,11.0,,7.0,1132.0,,3.0,,5.0,,68.0,3.2,112543,16692,3929.0,136.0,362.0,6.0,1336.0,564.0,,72.0,2600,393.0,1.0,532.0,78371.0,,67.0,,81.0,,7402,51073967.06,701327.75,50372639.31,7067281.32,6757760.34,308464.43,1056.55,365616.33,476379.78,,,208116.0,51199928.65,44938.9,,,,142581.0,,960883.47,53552761.93,59504841.98,142581.0,59362260.98,52839793.08,54513645.4,704945.75,52134847.33,6.4,6.4,,,6.1,6.1,,,5.3,,5.3,
3508306,0.694,0.619,0.811,0.667,0.4,0.58,7.01,30.22,31.1,16.67,7.46,507.41,155.23,1578.23,267.74,385.34,550.19,1184.54,0.27,73.68,2.17,16.8,19.49,47.02,93.66,81.31,102881.808,120867.281,177481.056,24368.03,28115.21,41284.27,97697.258,25609.109,17340.874,29701.611,25045.665,5184.55,554,7,384,2.0,4.0,2.0,5,1.0,3.0,9.0,53,5.0,7.0,,21.0,,2.0,,34,6.0,9,,1376,265,470,5.0,10.0,2.0,10.0,4.0,5.0,11.0,194,6.0,88.0,,230.0,,1.0,,18.0,14.0,43,931,265,183.0,4.0,6.0,,5.0,4.0,,3.0,128,1.0,76.0,,208.0,,,,3.0,10.0,35.0,2.2,37697,13431,6083.0,126.0,188.0,,110.0,863.0,,49.0,3456,85.0,5123.0,,5777.0,,,,111.0,244.0,2050,37103815.45,1874968.9,35228846.55,3956508.51,3767551.73,188956.78,,246746.11,390287.84,,,,38315550.27,53420.67,,,,2003436.62,,2406740.46,35631718.43,44965950.02,2003436.62,42962513.4,37325889.12,38038458.89,1878158.9,35447730.22,6.5,6.5,,,5.3,,5.3,,5.0,,5.0,
3508405,0.738,0.678,0.828,0.717,0.42,1.12,4.5,16.33,32.11,15.92,8.07,694.03,194.72,2228.61,357.64,510.48,738.84,1661.19,0.3,74.67,2.07,15.2,17.63,44.94,94.24,82.81,5961333.424,6625402.201,7240981.438,116591.7,140933.02,154027.39,4832317.735,35185.854,1863557.206,2651030.382,282544.292,1129015.689,2668,6,388,24.0,160.0,36.0,189,60.0,70.0,125.0,665,153.0,73.0,2.0,251.0,5.0,44.0,,120,98.0,199,,23212,1666,362,150.0,1055.0,57.0,1524.0,192.0,166.0,217.0,5359,359.0,249.0,7.0,9510.0,29.0,148.0,,192.0,372.0,1598,20121,1666,18.0,123.0,875.0,7.0,1297.0,82.0,26.0,69.0,4563,156.0,169.0,7.0,9186.0,26.0,97.0,,104.0,251.0,1399.0,2.9,1039294,112688,379.0,5033.0,23242.0,295.0,39685.0,6842.0,994.0,2207.0,206176,5522.0,6423.0,376.0,549170.0,2148.0,1845.0,,3348.0,10234.0,62689,340563288.75,20157969.18,320405319.57,75864226.34,69509736.62,6354489.72,,1982366.09,16036447.64,,,,344851761.7,3713867.46,,,,3825444.42,83445.03,31611003.24,347754073.72,446357558.68,3908889.45,442448669.23,355474343.05,379365076.96,21636493.25,333837849.8,6.9,6.9,,,5.3,,5.3,,4.3,,4.3,
3508504,0.788,0.755,0.858,0.754,0.5,0.97,5.17,18.06,39.02,12.4,12.59,871.87,183.55,3401.78,356.85,545.1,848.39,2425.86,0.44,76.5,1.9,11.6,13.45,41.92,94.92,85.57,5214553.271,5870325.31,6516271.282,54458.95,61020.82,67735.3,4362462.72,23143.72,1890322.691,2018774.412,430221.897,852090.551,4367,14,645,13.0,213.0,76.0,375,76.0,90.0,285.0,1187,205.0,142.0,5.0,234.0,18.0,100.0,,224,301.0,164,4216.0,26417,1786,617,64.0,1244.0,238.0,1349.0,407.0,239.0,554.0,5764,623.0,954.0,2.0,8642.0,84.0,212.0,,454.0,1591.0,1593,21278,1786,36.0,43.0,985.0,137.0,949.0,277.0,63.0,182.0,4360,371.0,773.0,,8368.0,56.0,89.0,,254.0,1126.0,1423.0,2.9,1134532,120873,490.0,3680.0,27706.0,3896.0,27396.0,18112.0,1602.0,5666.0,156029,14849.0,32793.0,,602096.0,2140.0,2618.0,,6183.0,46600.0,61804,452731293.15,25939421.97,426791871.18,118255402.18,116592431.1,1661411.67,1559.41,6713994.25,11382732.22,,,242776.09,395854432.43,11073277.14,1843261.4,,,1121271.48,,31219318.72,469117811.66,546487147.19,2964532.88,543522614.31,481508947.27,500337130.38,27022570.77,454486376.5,6.1,6.1,,,5.0,4.9,5.1,,4.5,,4.5,
3508603,0.764,0.728,0.837,0.733,0.52,1.2,7.63,25.48,42.19,11.82,14.27,764.6,154.6,3225.6,297.44,472.56,722.95,2175.85,0.48,75.19,1.66,13.3,15.43,43.69,94.19,83.72,673632.424,727280.9,847786.431,19914.05,23041.47,26859.28,636674.774,19887.221,54496.617,405443.2,156847.736,36957.65,1575,11,496,5.0,92.0,9.0,63,17.0,28.0,74.0,327,56.0,47.0,8.0,46.0,6.0,28.0,,140,91.0,31,,6642,1021,455,38.0,385.0,28.0,176.0,77.0,67.0,134.0,1221,363.0,549.0,32.0,220.0,66.0,335.0,,301.0,1033.0,141,5096,1021,24.0,37.0,279.0,19.0,108.0,52.0,5.0,51.0,879,295.0,492.0,30.0,169.0,61.0,308.0,,235.0,924.0,107.0,2.3,214813,62130,643.0,2815.0,6966.0,518.0,2532.0,5394.0,85.0,1249.0,25627,15573.0,20728.0,3111.0,4639.0,2101.0,14351.0,,6700.0,36557.0,3094,129674544.37,6273725.83,123400818.54,30750058.43,25834242.59,4915815.84,,3185887.07,1014115.04,,,,121761128.15,446009.28,,,,1895000.0,,7750892.03,134993822.93,159052197.97,1895000.0,157157197.97,138728884.45,142744714.96,7042133.0,131686751.45,5.9,5.9,,,5.3,4.5,5.5,,4.4,,4.4,
3508702,0.72,0.62,0.858,0.701,0.5,1.17,9.0,30.16,39.91,12.99,12.29,627.0,144.6,2502.5,262.64,399.21,596.18,1735.69,0.43,76.45,2.06,12.6,14.59,50.85,95.2,85.38,574394.938,479156.063,554109.419,30182.07,28019.18,32402.16,551938.351,249083.086,33498.821,185525.681,83830.762,22456.588,4436,5,3670,,51.0,17.0,35,16.0,14.0,50.0,297,38.0,12.0,3.0,48.0,6.0,18.0,,49,63.0,44,,5980,563,3216,,114.0,34.0,214.0,57.0,33.0,89.0,866,82.0,57.0,15.0,123.0,26.0,62.0,,52.0,296.0,81,1876,563,4.0,,61.0,12.0,169.0,46.0,2.0,30.0,535,28.0,39.0,15.0,62.0,12.0,31.0,,9.0,225.0,33.0,1.9,68247,27739,103.0,,1618.0,332.0,4536.0,3434.0,40.0,675.0,15956,875.0,1022.0,1332.0,1375.0,297.0,460.0,,225.0,6966.0,1262,93404860.74,3791119.73,89613741.01,12386319.11,10706347.77,1222976.81,456994.53,,1641506.57,,,3022800.65,88107828.08,426930.17,,304700.0,,6404663.3,,8311450.25,91501574.41,112294747.88,6709363.3,105585384.58,93530060.88,99813024.66,3791119.73,89738941.15,6.9,6.8,6.9,,5.3,,5.3,,4.1,,4.1,
3508801,0.742,0.661,0.867,0.714,0.46,1.14,5.8,22.18,37.19,14.3,10.41,680.71,169.52,2531.89,317.07,468.36,674.8,1767.33,0.37,77.01,2.04,11.8,13.69,45.53,95.48,86.16,682544.49,737488.829,930635.174,38094.8,44282.98,55880.58,610907.543,107405.166,170241.413,243593.291,89667.674,71636.947,2251,6,1396,3.0,35.0,17.0,58,26.0,12.0,57.0,283,29.0,25.0,3.0,94.0,3.0,29.0,,73,56.0,46,,6135,661,849,15.0,93.0,35.0,214.0,100.0,29.0,93.0,929,73.0,139.0,4.0,2327.0,10.0,62.0,,49.0,233.0,220,4269,661,5.0,13.0,55.0,13.0,134.0,32.0,3.0,26.0,588,32.0,111.0,4.0,2226.0,3.0,29.0,,10.0,161.0,163.0,2.2,172731,37028,153.0,402.0,1096.0,273.0,4383.0,3467.0,52.0,619.0,19453,1115.0,5979.0,292.0,81112.0,48.0,884.0,,210.0,5557.0,10609,108495600.32,5311603.24,103183997.08,15121240.42,14042675.43,1078564.99,,,1418496.26,,,6008048.89,108641175.3,513378.47,,333210.0,,1027772.26,,8767725.72,111149604.78,133063321.6,1360982.26,131702339.34,114910844.69,119917330.5,5416012.8,109494831.89,6.7,6.7,6.2,,5.7,,5.7,,4.6,,4.6,
3508900,0.729,0.691,0.823,0.682,0.37,1.3,5.09,19.55,30.52,18.38,6.64,559.13,177.83,1706.38,336.09,462.71,582.29,1239.61,0.26,74.37,2.06,15.7,18.19,46.0,94.07,82.36,69806.4,70620.504,88015.441,16640.38,19024.92,23711.06,67735.606,19484.968,3832.668,20301.493,24116.477,2070.794,800,6,701,2.0,2.0,1.0,4,1.0,1.0,6.0,22,1.0,2.0,1.0,3.0,1.0,1.0,,26,11.0,8,,1022,310,579,3.0,5.0,1.0,7.0,,2.0,10.0,55,1.0,3.0,,4.0,5.0,1.0,,8.0,12.0,16,379,309,8.0,2.0,3.0,,2.0,,,4.0,36,,,,1.0,2.0,,,5.0,1.0,6.0,1.7,12225,10390,252.0,89.0,30.0,,44.0,,,95.0,964,,,,14.0,74.0,,,73.0,9.0,192,32413954.39,4997617.37,27416337.02,2164281.8,1937201.24,227080.56,,241238.97,1224048.71,,,11473.5,34091402.06,143872.02,,634756.2,,4980195.36,,10495897.12,30954030.9,43491268.62,5614951.56,37876317.06,34320011.3,41449928.02,4997617.37,29322393.93,6.4,6.4,,,5.8,,5.8,,4.5,,4.5,
3509007,0.781,0.749,0.861,0.74,0.47,1.01,5.08,17.67,36.94,13.61,10.86,800.15,185.96,2956.0,358.66,541.93,822.26,2092.26,0.39,76.68,1.6,10.2,11.83,40.7,94.92,84.61,4858858.148,5172279.115,5507619.475,46700.03,54427.86,57955.42,4090021.77,4923.69,1735180.595,1894172.878,455744.606,768836.378,4428,19,18,17.0,201.0,71.0,383,75.0,106.0,346.0,1407,254.0,126.0,4.0,560.0,3.0,115.0,,354,184.0,185,4287.0,33715,2559,73,641.0,977.0,141.0,1661.0,207.0,204.0,766.0,6076,1835.0,5389.0,34.0,9180.0,163.0,253.0,,921.0,1265.0,1370,28361,2558,61.0,626.0,753.0,48.0,1221.0,99.0,30.0,316.0,4387,1510.0,5236.0,29.0,8435.0,161.0,86.0,,624.0,1030.0,1151.0,2.6,1368559,146234,2373.0,41534.0,22915.0,1271.0,33551.0,9449.0,814.0,11394.0,148302,59987.0,269785.0,2446.0,491401.0,11299.0,3806.0,,19996.0,40346.0,51658,500947869.65,22631012.47,478316857.18,150889809.56,141362489.17,9466710.58,60609.81,22078433.53,22471661.56,,,,371336074.44,13067645.42,,506788.6,,8830117.51,,32625261.38,502472667.83,589180530.62,9336906.11,579843624.51,511893920.64,535097929.21,23128332.97,488765587.67,6.3,6.4,5.6,,5.4,,5.4,,4.6,,4.6,
3509106,0.697,0.635,0.802,0.665,0.45,4.02,13.35,33.56,35.62,14.0,10.18,500.47,112.91,1782.48,237.41,363.25,517.75,1266.2,0.37,73.13,2.36,17.8,20.57,45.97,93.33,80.47,96254.924,91472.777,111895.2,15997.16,16734.87,20471.13,92320.111,31769.709,2736.099,23348.878,34465.425,3934.813,1517,6,1401,2.0,1.0,1.0,1,1.0,,3.0,26,4.0,5.0,1.0,2.0,,,,42,3.0,18,,2161,820,1176,12.0,1.0,1.0,3.0,1.0,,3.0,77,6.0,6.0,,10.0,,,,22.0,1.0,22,890,820,5.0,1.0,,,1.0,1.0,,1.0,45,,,,6.0,,,,5.0,,5.0,3.4,54606,52676,141.0,3.0,,,23.0,87.0,,9.0,1243,,,,151.0,,,,96.0,,178,47643448.08,1823760.27,45819687.81,5276813.1,5212938.39,63874.71,,2478652.9,494545.19,,,460605.3,44195951.3,1826797.99,,64800.0,,2673851.57,,2473261.47,49778443.59,57472017.35,2738651.57,54733365.78,51303233.08,52251705.06,1823760.27,49479472.81,6.4,6.4,,,5.5,,5.5,,5.0,,5.0,
3509205,0.728,0.668,0.81,0.713,0.43,3.14,7.21,20.93,32.64,14.73,8.87,676.5,155.89,2208.22,342.19,519.14,741.2,1624.89,0.36,73.59,1.8,17.0,19.66,41.97,93.61,81.18,22713160.274,24330164.353,28984601.766,287384.67,262492.47,312708.11,17475051.296,276.713,2955318.873,14021896.021,497559.69,5238108.977,6331,19,47,32.0,281.0,61.0,563,110.0,163.0,372.0,2498,352.0,143.0,2.0,523.0,8.0,194.0,,300,237.0,426,6023.0,67253,3077,62,102.0,1673.0,143.0,10577.0,403.0,390.0,874.0,13653,2147.0,834.0,,13827.0,93.0,356.0,,1039.0,1589.0,16414,61170,3077,10.0,64.0,1379.0,60.0,10030.0,248.0,131.0,424.0,11797,1716.0,663.0,,13206.0,88.0,154.0,,745.0,1346.0,16032.0,3.0,3263709,302426,268.0,3841.0,39092.0,1164.0,269245.0,14945.0,4902.0,23452.0,569647,87299.0,24492.0,,1096370.0,3368.0,10190.0,,29122.0,45201.0,738683,1132023335.69,113981278.73,1018042056.96,378564887.8,349972191.03,28592696.77,,51243947.75,26014487.73,,,,794606493.75,33869763.69,33000000.0,683650.0,,16327591.66,,118967094.78,1055397201.11,1334310822.38,50011241.66,1284299580.72,1170368881.0,1174364295.89,117309893.15,1053058987.85,6.2,6.2,,,5.2,5.2,,,4.3,,4.3,
3509254,0.694,0.611,0.832,0.658,0.47,5.14,14.4,38.28,36.84,13.43,10.97,481.48,102.11,1773.75,221.23,328.58,497.82,1245.87,0.41,74.89,2.66,14.9,17.24,55.06,94.36,83.14,1755226.467,2228754.189,1987670.371,61714.65,78160.76,69706.13,1381959.848,186075.238,621420.512,425561.239,148902.86,373266.619,1473,9,537,6.0,58.0,17.0,49,19.0,8.0,53.0,353,53.0,34.0,2.0,40.0,2.0,14.0,,81,38.0,100,,8132,1067,604,11.0,305.0,49.0,457.0,73.0,36.0,258.0,1554,1202.0,138.0,37.0,1346.0,101.0,42.0,,83.0,299.0,470,6655,1067,119.0,7.0,235.0,31.0,401.0,48.0,13.0,190.0,1156,1152.0,92.0,37.0,1296.0,93.0,29.0,,29.0,261.0,399.0,2.4,298646,61925,2806.0,657.0,5234.0,1057.0,10958.0,4872.0,435.0,3530.0,32308,38565.0,2484.0,2474.0,105403.0,5107.0,1102.0,,752.0,4942.0,14035,195849948.26,24709288.33,171140659.93,37173979.63,36011805.19,1162174.44,,1012463.8,8266851.41,,,,178663784.35,2562228.04,,2379500.0,,4141576.54,,44038272.36,187282440.9,234200383.77,6521076.54,227679307.23,199957278.64,231320713.26,25533590.67,174423687.97,6.5,6.5,,,5.0,,5.0,,4.7,,4.7,
3509304,0.734,0.674,0.822,0.714,0.4,0.0,2.77,15.13,32.61,17.37,7.51,679.75,210.27,2216.81,380.01,502.2,703.07,1608.52,0.29,74.32,1.89,15.8,18.29,41.5,94.04,82.28,170916.324,194846.521,275000.646,16049.99,21334.34,30110.66,160330.256,23624.544,8703.355,75926.337,52076.02,10586.069,1155,7,773,2.0,18.0,4.0,22,12.0,7.0,23.0,116,18.0,10.0,3.0,18.0,,10.0,,47,40.0,25,,2357,568,737,17.0,25.0,4.0,91.0,38.0,9.0,85.0,370,54.0,26.0,3.0,107.0,,52.0,,16.0,85.0,70,1484,568,289.0,17.0,5.0,,67.0,17.0,,49.0,236,29.0,14.0,3.0,85.0,,31.0,,3.0,34.0,37.0,1.9,57520,18297,12861.0,680.0,145.0,,1362.0,1595.0,,1485.0,6422,1066.0,774.0,267.0,2694.0,,5309.0,,89.0,965.0,3510,60118313.02,4995405.03,55122907.99,5403736.02,4578573.6,825162.42,,406052.07,758434.31,,,2713063.93,58385409.47,265133.12,,,,6256005.09,,8345837.96,55803064.02,74187834.01,6256005.09,67931828.92,60535548.32,64148901.98,5005681.23,55529867.09,6.0,6.0,,,5.5,5.5,,,4.8,,4.8,
3509403,0.713,0.633,0.825,0.693,0.4,1.75,4.61,19.65,31.01,16.66,7.45,597.11,179.02,1851.9,318.46,465.53,646.44,1376.55,0.28,74.52,2.03,15.5,17.92,47.05,94.15,82.58,761749.163,841325.609,1123798.612,28623.2,35305.31,47158.98,689545.228,145197.576,127357.841,285864.868,131124.944,72203.935,2878,10,1726,10.0,37.0,14.0,70,27.0,28.0,80.0,420,91.0,33.0,3.0,88.0,4.0,22.0,,92,60.0,63,,8411,880,1500,41.0,105.0,58.0,308.0,110.0,65.0,225.0,1677,482.0,177.0,7.0,1541.0,4.0,672.0,,96.0,342.0,121,5572,880,111.0,38.0,65.0,41.0,226.0,54.0,3.0,128.0,1176,304.0,128.0,6.0,1418.0,,651.0,,34.0,256.0,53.0,2.2,219871,40665,5213.0,2990.0,1447.0,1070.0,5298.0,5016.0,65.0,4698.0,28097,10212.0,3686.0,344.0,78087.0,,19400.0,,1091.0,9368.0,3125,120637367.06,5078923.63,115558443.43,17183876.25,15734458.92,1449417.33,,994777.38,1635896.98,,,51929.94,124701748.27,620808.55,,,,1101376.64,,6352222.94,128518267.34,146290414.01,1101376.64,145189037.37,131403300.49,134870490.28,5229420.67,126173879.82,5.7,5.7,,,5.0,5.0,5.0,,4.4,,4.4,
3509452,0.717,0.634,0.846,0.687,0.53,2.15,11.03,36.0,44.21,12.3,14.38,575.66,127.93,2544.79,226.05,344.73,517.43,1662.64,0.49,75.77,2.62,13.6,15.71,49.85,94.85,84.42,151086.917,176896.213,211436.295,24817.17,29710.48,35511.64,140777.859,34383.354,15552.313,57611.072,33231.12,10309.057,724,8,463,1.0,12.0,5.0,18,2.0,7.0,13.0,80,13.0,7.0,,14.0,2.0,21.0,,35,9.0,14,,1442,302,438,4.0,39.0,6.0,33.0,1.0,14.0,20.0,266,24.0,7.0,,134.0,23.0,28.0,,38.0,15.0,50,731,302,18.0,4.0,27.0,,10.0,,1.0,,183,,,,110.0,20.0,2.0,,15.0,5.0,34.0,2.5,32515,15535,1589.0,275.0,492.0,,367.0,,18.0,,6082,,,,4555.0,1054.0,418.0,,206.0,120.0,1806,42263214.66,2995814.41,39267400.25,4133150.28,3897817.14,235333.14,,152314.53,463772.85,,,,45095258.17,251407.15,,,,3170220.68,,4988477.83,40899565.84,53266123.66,3170220.68,50095902.98,43753988.9,45888043.67,3105079.33,40648909.57,6.7,6.7,,,5.1,5.1,,,4.4,,4.4,
3509502,0.805,0.731,0.86,0.829,0.56,1.06,3.16,11.39,44.13,10.17,17.36,1390.83,232.33,6137.8,474.71,745.83,1277.21,4207.44,0.56,76.59,1.63,11.81,13.7,38.41,95.17,85.3,72946910.167,80646591.22,91968328.317,59634.32,70847.71,80741.47,59119635.568,170416.993,11136729.652,42630095.744,5182393.178,13827274.599,98622,85,1504,209.0,4494.0,1405.0,13150,4076.0,3798.0,11238.0,24443,4967.0,3737.0,206.0,3374.0,18.0,4788.0,2.0,4915,8410.0,3803,93573.0,580294,24284,2186,3445.0,29121.0,5378.0,83143.0,16866.0,8689.0,37128.0,117069,31344.0,50268.0,4790.0,46232.0,293.0,30531.0,,12220.0,42282.0,35025,455849,24271,704.0,3190.0,23876.0,3464.0,70228.0,9765.0,1415.0,21687.0,88080,24142.0,45564.0,4472.0,41864.0,270.0,23942.0,,6951.0,30811.0,31153.0,3.7,31092599,3459796,55653.0,327418.0,759744.0,152381.0,3042272.0,1134050.0,61196.0,1892748.0,4474027,1090632.0,3808506.0,603209.0,3528296.0,18160.0,2664181.0,,301226.0,1434411.0,2284693,10136520355.05,677830912.23,9458689442.82,5084528189.87,4767554153.87,316974036.0,,397091585.76,679212721.98,,,47127192.74,3292253552.27,637589944.12,166476608.64,1561829.64,2082373.15,38556257.41,54024779.32,740481418.41,9926033853.67,10400505034.9,262701848.16,10137803186.74,10480489483.0,10666515272.08,698388005.09,9782101477.91,6.4,5.8,6.5,,5.0,4.9,5.0,,4.4,,4.3,
3509601,0.769,0.739,0.84,0.733,0.43,1.19,3.64,15.35,31.8,14.97,8.5,767.85,197.23,2441.74,377.51,571.97,846.69,1846.14,0.32,75.4,1.87,14.1,16.35,40.92,94.64,83.88,2530950.088,2976085.474,3233934.762,29291.03,38335.81,41657.24,2150336.345,10544.411,737110.229,1038525.602,364156.102,380613.743,2672,16,63,5.0,114.0,39.0,233,54.0,44.0,209.0,836,153.0,92.0,4.0,259.0,,96.0,,207,144.0,104,2614.0,16239,2234,165,50.0,374.0,93.0,697.0,177.0,86.0,347.0,3570,367.0,987.0,25.0,4897.0,,205.0,,367.0,410.0,1188,13059,2225,96.0,46.0,253.0,40.0,436.0,97.0,14.0,83.0,2545,178.0,874.0,24.0,4542.0,,81.0,,208.0,245.0,1072.0,3.0,737683,118013,3396.0,5381.0,5931.0,935.0,13608.0,8840.0,416.0,2273.0,89933,6109.0,35875.0,702.0,371003.0,,2596.0,,6600.0,9069.0,57002,372431397.25,40051465.91,332379931.34,93759511.49,79657068.49,11926352.44,2176090.56,4069241.86,4039767.67,,,,306288482.88,3338362.99,8573127.04,88265.0,,1420233.48,,55469337.26,370055186.16,421576992.41,10081625.52,411495366.89,403882464.36,425524523.42,43875769.69,360006694.67,6.2,6.2,,,5.3,5.4,5.3,,4.6,,4.6,
3509700,0.749,0.648,0.852,0.761,0.59,1.63,5.41,20.91,52.89,10.76,19.67,911.4,172.18,4820.2,317.98,472.66,671.61,2927.22,0.65,76.1,2.04,13.1,15.17,42.82,95.02,84.88,1449808.277,1662494.083,1946799.338,27503.81,35391.79,41444.19,1335343.881,5938.459,131448.569,930238.697,267718.156,114464.396,3759,19,58,7.0,734.0,75.0,439,65.0,163.0,169.0,1091,225.0,79.0,3.0,87.0,3.0,60.0,,237,173.0,72,,18687,1987,74,94.0,4916.0,717.0,1617.0,218.0,383.0,523.0,4265,550.0,681.0,49.0,803.0,56.0,162.0,,475.0,871.0,246,14352,1985,17.0,92.0,4020.0,629.0,1292.0,113.0,86.0,270.0,3090,189.0,583.0,49.0,695.0,53.0,91.0,,274.0,650.0,174.0,2.0,526385,90552,412.0,5540.0,137721.0,20501.0,41797.0,11045.0,2740.0,7708.0,95731,9612.0,25375.0,2520.0,29648.0,2604.0,3430.0,,10508.0,22211.0,6730,367243109.97,25819037.84,341424072.13,157091987.53,140736162.76,16355100.15,724.62,8547718.32,17404205.71,,,34770.0,234965840.72,8663287.02,,,,13473477.65,29119.79,29921308.11,358614832.37,440210406.74,13502597.44,426707809.3,371435657.44,388536140.48,25843427.84,345592229.6,6.6,6.6,,,5.2,5.2,,,4.5,,4.4,
3509809,0.706,0.638,0.824,0.67,0.43,1.77,9.24,30.41,32.61,15.57,8.38,516.26,141.26,1683.39,260.59,381.26,559.13,1243.19,0.31,74.41,2.48,15.6,18.09,52.42,94.09,82.42,194705.131,234017.327,342294.513,38724.17,47875.89,70027.52,183966.119,82320.64,13825.911,58714.153,29105.415,10739.012,1646,6,1459,,7.0,4.0,35,5.0,3.0,11.0,51,3.0,5.0,,14.0,,2.0,,18,12.0,11,,1765,318,985,,12.0,4.0,59.0,10.0,9.0,13.0,162,5.0,6.0,,127.0,,3.0,,7.0,25.0,20,628,318,60.0,,5.0,,3.0,7.0,,2.0,95,1.0,,,113.0,,,,1.0,14.0,9.0,2.4,30041,18608,2707.0,,16.0,,20.0,731.0,,74.0,2960,8.0,,,4201.0,,,,33.0,348.0,333,53851100.54,5408340.28,48442760.26,4612526.93,4224056.13,388470.8,,405738.22,836091.04,,,491650.9,54503116.35,220659.81,,,,3161604.23,,8957812.0,48703074.19,64231387.48,3161604.23,61069783.25,54431627.9,57660886.19,5814240.28,48617387.62,6.8,6.8,,,5.3,,5.3,,4.4,,4.4,
3509908,0.72,0.649,0.851,0.677,0.49,5.67,13.88,34.09,37.77,12.41,12.17,540.54,99.59,2041.73,235.94,359.8,564.88,1444.05,0.42,76.07,2.54,13.1,15.19,54.26,95.01,84.85,264410.437,286747.105,330537.64,21082.0,23333.64,26897.03,250326.309,38790.803,17593.97,119982.166,73959.37,14084.128,785,9,256,4.0,91.0,15.0,28,6.0,6.0,22.0,171,14.0,21.0,1.0,18.0,,6.0,,94,14.0,9,,2266,652,247,5.0,228.0,28.0,194.0,15.0,12.0,91.0,490,33.0,48.0,4.0,59.0,,37.0,,80.0,24.0,19,1484,652,2.0,4.0,110.0,11.0,170.0,10.0,7.0,65.0,300,9.0,30.0,4.0,41.0,,32.0,,15.0,9.0,13.0,2.3,61586,36127,57.0,432.0,2600.0,283.0,4329.0,825.0,162.0,3778.0,8285,210.0,1466.0,162.0,1180.0,,647.0,,293.0,214.0,534,83758066.83,5197023.4,78561043.43,13935764.23,13047358.51,888405.72,,752782.51,1391311.13,,,,89034225.44,3359006.78,,11416.13,,5019702.24,,8005222.4,88959501.05,113504208.46,5031118.37,108473090.09,90419558.67,96964723.45,5561534.35,84858024.32,6.6,6.6,,,4.9,,4.9,,4.8,,4.8,
3509957,0.704,0.677,0.797,0.646,0.43,2.19,15.21,38.69,32.07,15.22,8.43,444.72,118.08,1426.25,220.29,318.32,490.44,1076.86,0.32,72.83,2.38,18.3,21.17,49.76,93.14,80.0,130060.455,131851.625,121017.029,24688.77,26739.33,24542.09,116856.843,2281.379,19677.572,63843.677,31054.215,13203.612,281,9,83,4.0,11.0,,17,1.0,1.0,5.0,54,10.0,4.0,1.0,39.0,3.0,,,28,3.0,8,,1279,282,71,10.0,50.0,,69.0,,1.0,45.0,191,88.0,4.0,,374.0,24.0,,,56.0,4.0,10,1016,282,1.0,6.0,36.0,,48.0,,,39.0,130,74.0,,,327.0,21.0,,,48.0,,4.0,1.8,35688,14290,42.0,187.0,937.0,,1095.0,,,1077.0,3463,1350.0,,,10704.0,773.0,,,1591.0,,177,36072847.08,1600111.13,34472735.95,4559539.97,4351739.27,207800.7,,238506.77,528365.26,,,,40012206.96,253125.88,,,,1587581.0,,3227107.08,36267462.66,47179325.84,1587581.0,45591744.84,36758980.4,39494569.74,1619631.13,35139349.27,5.9,5.9,,,4.9,4.9,,,4.2,,4.2,
3510005,0.747,0.704,0.845,0.701,0.41,0.74,5.38,20.17,31.78,15.98,7.96,627.55,179.54,1994.45,321.74,472.57,670.97,1493.71,0.3,75.71,2.05,13.7,15.82,44.12,94.81,84.33,1518347.017,2074288.484,2482755.063,48339.61,70436.64,84306.94,1311902.627,116464.014,229211.85,832948.84,133277.924,206444.39,5434,6,3800,15.0,69.0,25.0,85,35.0,20.0,110.0,642,80.0,40.0,4.0,106.0,1.0,48.0,,121,112.0,115,,11344,1117,2388,104.0,183.0,73.0,262.0,199.0,59.0,276.0,2475,297.0,215.0,30.0,2586.0,1.0,106.0,,175.0,455.0,343,7033,1117,82.0,76.0,93.0,39.0,158.0,144.0,8.0,130.0,1697,195.0,166.0,30.0,2458.0,,44.0,,84.0,318.0,194.0,2.7,348052,49000,2486.0,4587.0,2777.0,1134.0,5088.0,10714.0,309.0,4192.0,72518,5656.0,10057.0,2278.0,153712.0,,1907.0,,2244.0,9696.0,9698,216204352.6,9014012.6,207190340.0,30206787.87,28665996.79,1540791.08,,8733413.83,7088128.41,,,9762400.67,167768924.23,4711503.33,,286400.0,,2590230.14,,10226089.65,207698091.38,231147788.48,2876630.14,228271158.34,216289207.25,217924181.03,9015654.1,207273553.15,6.9,6.9,6.9,,5.3,,5.3,,4.7,,4.7,
3510104,0.789,0.762,0.863,0.747,0.48,0.21,1.97,10.37,42.65,15.57,10.96,837.17,242.26,3570.76,409.53,528.98,714.58,2284.18,0.42,76.79,1.64,12.1,14.03,42.98,95.37,85.86,107107.735,109176.27,157950.773,38184.58,37790.33,54673.16,98955.271,32513.445,12621.04,36235.48,17585.306,8152.464,659,7,523,3.0,2.0,1.0,7,4.0,2.0,3.0,62,4.0,4.0,,11.0,,3.0,,14,1.0,8,,1097,262,323,14.0,3.0,1.0,22.0,14.0,8.0,3.0,270,31.0,4.0,,105.0,,3.0,,6.0,1.0,27,623,262,1.0,11.0,,,12.0,7.0,,,198,23.0,,,89.0,,,,2.0,,18.0,2.0,23783,11266,106.0,276.0,,,66.0,880.0,,,5738,1031.0,,,4003.0,,,,46.0,,369,34478315.65,2087900.56,32390415.09,2798182.61,2191973.17,606209.44,,1019253.83,1550946.56,,,178229.7,33866175.23,110866.65,,995500.0,,,,2090599.56,32829029.86,40519154.58,995500.0,39523654.58,34919629.42,34919629.42,2090599.56,32829029.86,7.5,7.5,,,5.5,5.5,,,6.3,,6.3,
3510153,0.68,0.605,0.791,0.658,0.4,2.06,7.22,28.89,30.34,17.06,7.11,480.52,145.98,1458.02,263.98,359.32,514.98,1122.01,0.27,72.46,2.47,19.0,21.93,54.44,92.91,79.42,164318.829,215547.863,218327.89,30627.93,34306.52,34748.99,149373.747,8454.042,62468.977,47861.798,30588.93,14945.083,265,10,124,1.0,4.0,3.0,6,4.0,5.0,7.0,43,15.0,3.0,1.0,4.0,,3.0,,18,5.0,9,,689,255,77,4.0,13.0,4.0,10.0,6.0,7.0,12.0,100,41.0,3.0,2.0,123.0,,6.0,,8.0,4.0,14,469,255,,2.0,9.0,,2.0,,1.0,2.0,49,19.0,,,120.0,,2.0,,2.0,,6.0,2.2,20327,13331,,66.0,181.0,,40.0,,30.0,48.0,1276,394.0,,,4632.0,,53.0,,20.0,,257,39017406.63,1416262.17,37601144.46,2830011.08,2654538.52,64298.27,111174.29,17777.96,1075279.94,,,640433.68,41060861.38,562097.78,,17595.95,,791133.74,,1622473.86,39217928.55,46995191.51,808729.69,46186461.82,39928296.37,40840402.41,1434779.36,38493517.01,6.2,6.2,,,4.6,4.6,,,4.3,,4.3,
3510203,0.721,0.671,0.826,0.675,0.5,4.62,14.66,37.57,38.56,12.17,12.67,534.75,106.04,2061.88,219.42,345.82,547.31,1460.89,0.45,74.55,2.18,15.4,17.86,49.7,94.17,82.63,1269097.445,1395125.255,1668881.584,26945.89,30108.23,36016.18,1183224.076,288352.126,118233.748,550333.294,226304.908,85873.369,4463,14,2612,10.0,102.0,28.0,77,21.0,32.0,125.0,749,60.0,60.0,3.0,113.0,8.0,36.0,,143,126.0,144,,13049,2077,3132,39.0,410.0,84.0,370.0,126.0,80.0,379.0,3179,250.0,275.0,48.0,1089.0,3.0,132.0,,158.0,622.0,596,8584,2077,728.0,25.0,281.0,54.0,287.0,102.0,4.0,228.0,2350,164.0,205.0,48.0,952.0,,90.0,,69.0,480.0,440.0,1.9,307799,95981,23121.0,2177.0,6524.0,619.0,7050.0,9055.0,93.0,5033.0,71933,5195.0,12370.0,2428.0,28066.0,,2622.0,,1772.0,14350.0,19410,284617715.2,38564004.91,246053710.29,36890593.79,32954755.11,3932050.44,3788.24,3052850.84,6721842.99,,,483595.73,264300448.27,1298227.2,,959700.01,,12006609.83,,45068135.34,252674014.45,325713868.66,12966309.84,312747558.82,288417800.8,297742149.79,39050724.61,249367076.19,7.0,7.0,,,5.8,5.9,5.5,,4.8,,4.8,
3510302,0.699,0.617,0.823,0.673,0.4,1.59,7.03,25.86,29.94,16.48,7.27,526.28,150.56,1575.92,283.17,412.27,585.49,1202.67,0.28,74.36,2.25,15.7,18.21,46.45,94.06,82.35,392353.724,442198.932,536047.966,18457.62,19338.71,23443.01,363251.46,43696.438,40582.496,172141.942,106830.584,29102.264,1484,10,783,4.0,28.0,11.0,36,11.0,12.0,42.0,275,59.0,24.0,,50.0,3.0,7.0,,53,42.0,34,,6348,1283,2144,10.0,91.0,30.0,124.0,38.0,34.0,89.0,1283,238.0,58.0,,648.0,16.0,5.0,,69.0,110.0,78,4785,1283,1439.0,8.0,54.0,13.0,77.0,24.0,14.0,35.0,942,135.0,22.0,,585.0,15.0,,,43.0,63.0,33.0,2.0,199655,71745,65020.0,772.0,1204.0,320.0,3097.0,1524.0,193.0,967.0,25521,3767.0,821.0,,19364.0,839.0,,,1383.0,1568.0,1551,130680288.52,15754159.06,114926129.46,18481552.53,16184670.77,2225680.12,71201.64,1970907.71,3529737.63,,,156420.94,109666985.93,1078728.74,,460423.14,,9642746.96,,19395928.13,121284141.45,144987503.58,10103170.1,134884333.48,132698005.54,140680069.58,15836068.66,116861936.88,6.6,6.6,,,5.6,5.6,,,4.4,,4.4,
3510401,0.75,0.669,0.848,0.744,0.46,0.44,2.91,14.5,38.29,14.8,10.35,820.46,212.45,3141.51,394.86,557.92,792.77,2121.41,0.37,75.89,1.73,12.4,14.38,43.16,94.58,84.71,2990809.569,3335183.144,3824460.124,52495.21,66613.07,76385.32,2490275.922,60898.208,1045163.303,1086429.183,297785.227,500533.647,3701,12,1046,6.0,125.0,49.0,184,97.0,102.0,177.0,835,160.0,84.0,2.0,286.0,7.0,58.0,,145,166.0,160,3258.0,23814,2078,796,124.0,1423.0,285.0,373.0,568.0,301.0,554.0,3880,572.0,2973.0,10.0,7122.0,63.0,257.0,,259.0,952.0,1224,19454,2078,67.0,120.0,1288.0,210.0,161.0,319.0,54.0,320.0,2810,350.0,2851.0,10.0,6671.0,54.0,181.0,,162.0,719.0,1029.0,2.4,838296,127690,4851.0,8079.0,9807.0,5187.0,5593.0,22657.0,1810.0,17683.0,97895,7322.0,129811.0,708.0,318776.0,3246.0,8277.0,,6678.0,27786.0,34439,391407208.74,33808999.71,357598209.03,77344457.86,68140381.15,9204076.71,,19513418.78,21922190.55,,,28352447.84,275357351.93,11514756.43,116828.81,2679610.82,,6065597.66,,37227950.33,404223741.12,442866660.68,8862037.29,434004623.39,441360406.24,441451691.45,37227950.33,404132455.91,7.0,7.0,,,5.5,5.6,5.4,,5.1,,4.9,
3510500,0.759,0.705,0.845,0.735,0.5,1.67,6.41,21.63,40.12,12.42,12.92,773.99,164.39,3105.52,316.37,477.01,737.14,2119.56,0.45,75.68,2.01,12.6,14.61,45.47,94.47,84.42,4532235.511,5575378.387,5822814.916,36201.7,41337.37,43172.58,4234119.77,14037.065,976219.397,2522464.931,721398.377,298115.74,7688,16,208,28.0,653.0,175.0,1105,159.0,249.0,491.0,2310,575.0,209.0,7.0,154.0,3.0,141.0,,456,548.0,201,7391.0,41308,5222,305,256.0,3584.0,587.0,3003.0,489.0,570.0,1239.0,11887,2082.0,3502.0,310.0,727.0,21.0,345.0,,866.0,5030.0,1283,32950,5222,98.0,225.0,2855.0,393.0,2368.0,240.0,160.0,626.0,9301,1385.0,3240.0,309.0,535.0,17.0,177.0,,481.0,4243.0,1075.0,2.5,1526698,387719,3717.0,24782.0,64543.0,14414.0,78025.0,20271.0,4045.0,11780.0,286940,137305.0,147317.0,72894.0,21869.0,598.0,6476.0,,14830.0,165524.0,63649,1186137508.02,61883840.38,1124253667.64,452414830.0,435474428.28,16940401.72,,53093881.53,82891889.11,,,120610.0,880361474.41,29505943.08,,2176630.0,,39612663.77,,97268837.95,1186810622.94,1540177921.9,41789293.77,1498388628.13,1196962204.93,1284079460.89,65161806.17,1131800398.76,6.4,6.4,,,5.3,5.3,5.1,,4.6,,4.6,
3510609,0.749,0.693,0.842,0.721,0.46,1.77,6.12,20.1,36.47,14.23,10.25,712.78,172.01,2599.19,334.99,496.51,725.53,1834.1,0.38,75.52,1.89,14.0,16.1,41.19,94.72,84.09,6854705.734,7817578.68,8436817.19,16909.54,20194.15,21801.46,6203702.86,331.514,911392.742,3961459.183,1330519.42,651002.874,12187,11,10,37.0,624.0,144.0,1443,183.0,170.0,799.0,4163,924.0,423.0,4.0,672.0,1.0,482.0,,946,523.0,628,11804.0,60972,6175,16,219.0,2231.0,481.0,5277.0,556.0,373.0,1266.0,15047,4322.0,8407.0,1.0,5762.0,,928.0,,1123.0,3308.0,5480,47120,6175,7.0,177.0,1490.0,296.0,3989.0,260.0,60.0,308.0,10237,3218.0,7863.0,,4926.0,,339.0,,329.0,2671.0,4775.0,2.2,1873138,274465,142.0,18654.0,41557.0,7608.0,84399.0,20927.0,2095.0,8796.0,348846,107292.0,381702.0,,228917.0,,13623.0,,16207.0,88165.0,229745,1113293526.49,252378023.64,860915502.85,275664735.97,248294368.58,4806378.46,22563988.93,,30684688.11,,,,704886446.36,26328726.37,,942525.0,,82914488.21,,292281056.98,911274641.61,1121421610.02,83857013.21,1037564596.81,1150791770.88,1203555698.59,261959792.38,888831978.5,6.2,5.9,6.3,,5.1,,5.1,,4.4,,4.4,
3510708,0.722,0.636,0.853,0.695,0.42,1.72,6.96,20.99,32.52,16.25,8.01,605.99,170.59,1970.85,321.76,460.27,639.18,1454.85,0.32,76.18,1.84,13.0,15.03,46.07,95.06,85.01,321119.823,372262.441,440024.546,25957.47,32812.91,38785.77,305965.678,81695.869,16170.172,141886.416,66213.221,15154.145,2723,7,2253,5.0,23.0,8.0,31,11.0,8.0,34.0,167,13.0,9.0,2.0,23.0,1.0,8.0,,62,42.0,16,,3379,568,1626,12.0,97.0,8.0,59.0,36.0,24.0,74.0,499,44.0,23.0,10.0,78.0,,18.0,,42.0,128.0,33,1236,568,26.0,8.0,73.0,,8.0,14.0,4.0,24.0,303,22.0,10.0,10.0,50.0,,8.0,,17.0,76.0,15.0,2.2,49515,27518,826.0,730.0,2256.0,,151.0,1839.0,69.0,520.0,9011,508.0,363.0,554.0,1474.0,,271.0,,511.0,2434.0,480,84445005.86,5360936.31,79084069.55,8857601.69,7731404.63,1126197.06,,3785524.86,3023914.86,,,88263.5,81518674.12,865092.25,,,,1688627.88,,6774789.98,86296492.5,99827699.16,1688627.88,98139071.28,91243721.24,93071282.48,5433149.83,85810571.41,7.6,7.6,,,6.1,6.7,5.6,,4.5,,4.5,
3510807,0.73,0.64,0.835,0.727,0.49,1.19,5.86,24.0,38.66,12.7,12.18,737.96,156.81,2853.14,311.85,476.23,733.28,1971.62,0.42,75.08,1.92,13.4,15.54,41.34,94.12,83.56,1179141.595,1260885.989,1494279.305,38464.9,44898.55,53209.39,1054005.608,264213.818,131200.656,508921.118,149670.015,125135.987,3134,10,1901,9.0,66.0,25.0,88,24.0,21.0,97.0,458,36.0,47.0,2.0,67.0,12.0,28.0,,93,106.0,44,,9317,1246,1894,59.0,294.0,80.0,350.0,117.0,55.0,219.0,1942,108.0,281.0,8.0,1231.0,16.0,78.0,,135.0,1040.0,164,6605,1246,642.0,40.0,209.0,50.0,246.0,73.0,12.0,92.0,1413,59.0,221.0,8.0,1150.0,6.0,47.0,,75.0,903.0,113.0,2.4,286997,88393,21971.0,1556.0,4778.0,1312.0,7020.0,7561.0,302.0,2614.0,50121,1611.0,7775.0,464.0,41253.0,180.0,1147.0,,2239.0,39345.0,7356,198803290.95,14190621.2,184612669.75,38631416.71,37720633.39,889786.58,20996.74,2806507.0,2155228.49,,,661580.83,172870403.63,1473443.06,617748.51,392338.56,,10835240.77,,15325523.04,193327858.47,230443907.56,11845327.84,218598579.72,206488680.54,208653381.51,14450509.68,192038170.86,6.1,6.1,,,4.7,,4.7,,4.0,,4.0,
3510906,0.734,0.673,0.864,0.68,0.43,0.53,7.85,27.24,35.02,15.34,9.13,551.4,147.59,1930.89,275.31,417.09,568.4,1352.58,0.31,76.81,1.91,12.1,14.02,47.98,95.38,85.88,293111.124,212552.603,306056.167,117809.94,75938.76,109344.83,288820.616,218852.843,8449.43,40743.244,20775.1,4290.508,813,7,676,2.0,8.0,1.0,12,,,3.0,43,7.0,3.0,1.0,13.0,,5.0,,27,2.0,3,,1053,302,548,,22.0,1.0,23.0,,,3.0,92,14.0,3.0,2.0,19.0,,5.0,,11.0,2.0,6,396,302,12.0,,12.0,,4.0,,,,51,5.0,,,,,2.0,,4.0,,4.0,1.8,13254,11055,454.0,,238.0,,73.0,,,,1088,104.0,,,51.0,,87.0,,45.0,,59,29566444.11,1922121.55,27644322.56,2903818.83,2624204.69,87735.05,191879.09,,1247783.07,,,,33924032.12,1063.48,,,,996422.91,,3484487.9,28716515.66,39073120.41,996422.91,38076697.5,29870526.27,32201003.56,1922121.55,27948404.72,4.9,4.9,,,4.8,4.8,,,5.0,,5.0,
3511003,0.731,0.686,0.827,0.688,0.46,5.66,12.17,30.43,35.45,12.92,10.97,579.36,108.28,2054.1,266.13,446.91,625.44,1468.01,0.41,74.63,2.17,15.3,17.72,45.3,94.22,82.75,1388287.047,1792751.021,2275540.623,64508.48,89740.75,113908.03,1239841.551,111293.316,532894.123,471492.896,124161.215,148445.496,3280,10,2589,4.0,37.0,13.0,31,7.0,6.0,38.0,238,22.0,18.0,7.0,24.0,3.0,15.0,,97,84.0,37,,6670,938,2129,39.0,149.0,24.0,104.0,27.0,12.0,82.0,838,229.0,44.0,46.0,1484.0,15.0,101.0,,97.0,245.0,67,3866,938,46.0,28.0,110.0,10.0,67.0,24.0,4.0,37.0,578,206.0,17.0,34.0,1459.0,11.0,88.0,,19.0,157.0,33.0,2.6,199370,46860,3215.0,1042.0,2421.0,151.0,2241.0,3316.0,103.0,873.0,17689,2491.0,501.0,1239.0,107622.0,478.0,2253.0,,382.0,5413.0,1080,173807931.59,7979444.52,165828487.07,28326131.22,27669023.81,608953.87,48153.54,572364.24,4808745.16,,,422369.32,164603680.17,2680975.32,,212250.0,,2841536.7,,11272723.35,168122181.97,204468052.13,3053786.7,201414265.43,173901649.66,179394905.32,7979444.52,165922205.14,6.5,6.5,,,5.1,,5.1,,4.4,,4.4,
3511102,0.785,0.74,0.853,0.767,0.46,0.62,2.35,9.28,37.75,14.98,10.08,945.05,252.26,3567.68,455.5,627.84,906.18,2477.49,0.36,76.2,1.49,12.43,14.42,40.69,94.98,84.79,5218361.311,6036118.39,7029953.383,42386.42,52132.13,60712.43,4710103.705,53856.422,910267.106,3239255.171,506725.006,508257.607,9434,13,1053,27.0,389.0,144.0,602,232.0,202.0,658.0,3038,342.0,216.0,6.0,522.0,,185.0,,527,1002.0,276,8815.0,54996,3928,1220,257.0,1658.0,419.0,2864.0,1194.0,622.0,1750.0,13107,1754.0,2012.0,87.0,10804.0,,620.0,,1210.0,9759.0,1731,43378,3928,415.0,229.0,1223.0,233.0,2236.0,698.0,159.0,836.0,9399,1224.0,1751.0,81.0,10115.0,,373.0,,760.0,8323.0,1395.0,2.4,1947631,279660,4394.0,14272.0,32899.0,6558.0,74504.0,57346.0,5657.0,30866.0,350260,48042.0,90880.0,3890.0,513712.0,,15407.0,,23049.0,319297.0,76938,859091590.08,57487609.46,801603980.62,196771151.59,187802319.63,8466729.63,502102.33,36241890.51,24521544.45,,,79472366.4,442203286.5,25978507.09,,8381461.76,,9869727.64,,59498471.41,826460556.5,823439935.94,18251189.4,805188746.54,875601162.4,885959027.91,57554995.4,818046167.0,6.3,6.3,,,5.4,5.0,5.5,,5.0,,4.9,5.9
3511201,0.751,0.676,0.852,0.734,0.43,0.17,1.92,11.56,35.76,16.46,8.69,771.78,235.82,2759.8,399.34,538.22,771.34,1900.33,0.31,76.12,1.96,13.1,15.14,40.13,95.03,84.91,152901.809,170228.597,196946.443,19342.42,24307.95,28123.15,142377.902,22122.727,12343.407,72450.596,35461.173,10523.907,689,9,361,1.0,26.0,,21,4.0,3.0,10.0,94,11.0,5.0,1.0,20.0,1.0,7.0,,31,7.0,77,,1227,273,189,2.0,31.0,,47.0,14.0,6.0,18.0,308,26.0,18.0,1.0,68.0,1.0,8.0,,11.0,7.0,199,707,273,23.0,2.0,5.0,,20.0,5.0,,3.0,191,14.0,10.0,1.0,43.0,,1.0,,1.0,,115.0,2.2,31265,11526,1094.0,180.0,110.0,,757.0,347.0,,78.0,6992,1466.0,158.0,32.0,1128.0,,17.0,,59.0,,7319,41032114.57,1330448.63,39701665.94,6142940.26,5969385.37,173554.89,,535264.84,345911.45,,,192495.52,41098471.29,33041.59,,39895.0,,678101.18,,1334048.48,40715832.35,49066121.13,717996.18,48348124.95,41871841.46,42049880.83,1334048.48,40537792.98,6.5,6.5,,,5.4,,5.4,,4.7,,4.7,
3511300,0.766,0.689,0.872,0.749,0.42,1.06,2.77,11.89,33.03,15.92,8.3,845.41,227.97,2792.7,445.13,612.7,902.09,2048.43,0.3,77.3,1.75,10.6,12.29,45.45,95.34,86.66,533104.147,643216.294,808869.528,56401.2,50976.09,64104.42,450965.163,37045.843,172293.312,187027.413,54598.596,82138.984,2158,5,1270,2.0,39.0,7.0,80,17.0,26.0,62.0,326,42.0,20.0,1.0,125.0,,14.0,,43,41.0,38,,6042,461,944,2.0,210.0,9.0,992.0,69.0,59.0,206.0,1109,188.0,29.0,,1509.0,,17.0,,40.0,98.0,100,4046,461,9.0,,157.0,2.0,901.0,34.0,,129.0,750,138.0,5.0,,1339.0,,2.0,,20.0,47.0,52.0,2.2,177262,28492,286.0,,4975.0,46.0,38046.0,2130.0,,5467.0,26672,6294.0,187.0,,60755.0,,92.0,,604.0,1343.0,1875,88340660.09,1845478.18,86495181.91,19152104.18,15109749.41,4039991.49,2363.28,1632039.29,1118127.52,,,4636972.07,71964029.68,226375.29,,,,,,1873832.19,87788751.51,98729648.03,,98729648.03,88985890.26,89662583.7,1845478.18,87140412.08,6.9,6.9,,,4.8,4.8,,,4.4,,4.4,
3511409,0.729,0.666,0.821,0.71,0.43,0.68,5.64,19.45,33.61,15.55,8.65,665.36,177.9,2236.52,339.37,486.76,694.49,1639.62,0.32,74.23,2.23,15.9,18.44,47.76,93.99,82.15,956913.985,1220434.479,1400618.178,46928.25,56846.36,65239.1,857828.854,107438.999,239459.606,417797.78,93132.469,99085.131,2326,12,1603,5.0,49.0,21.0,36,16.0,22.0,51.0,225,29.0,31.0,3.0,65.0,,9.0,,57,46.0,46,,6705,1269,1389,26.0,216.0,83.0,118.0,64.0,58.0,108.0,1034,55.0,149.0,42.0,1598.0,,36.0,,58.0,234.0,168,4669,1269,254.0,18.0,164.0,5.0,68.0,41.0,21.0,46.0,755,21.0,111.0,40.0,1508.0,,29.0,,21.0,182.0,116.0,2.4,224793,90121,9767.0,734.0,5150.0,131.0,1908.0,4401.0,461.0,1166.0,20809,632.0,5587.0,2797.0,67277.0,,1013.0,,665.0,6639.0,5532,135386219.56,6881164.77,128505054.79,18378397.01,17222492.11,1154409.09,1495.81,5140646.98,3716312.59,,,4471951.27,116251511.37,1837447.11,,,,2946332.25,,8590500.33,142979325.59,152742598.58,2946332.25,149796266.33,149447590.8,151569825.92,7262240.53,142185350.27,6.4,6.4,,,5.1,,5.1,,4.2,,4.2,
3511508,0.782,0.739,0.854,0.758,0.42,0.21,1.15,7.85,34.5,16.88,8.18,894.52,273.95,3085.83,480.81,645.46,892.69,2187.02,0.3,76.21,2.01,11.9,13.8,40.02,94.76,85.17,2343905.897,2566786.006,2891327.658,46293.89,57428.93,64690.18,1964056.173,75194.103,742604.22,931036.135,215221.715,379849.724,3320,11,660,9.0,107.0,44.0,202,105.0,78.0,169.0,846,159.0,85.0,3.0,389.0,2.0,69.0,,136,109.0,137,,17971,1205,1313,86.0,432.0,115.0,707.0,324.0,229.0,382.0,3464,604.0,452.0,15.0,6973.0,4.0,449.0,,284.0,552.0,381,13880,1205,767.0,69.0,306.0,60.0,433.0,121.0,39.0,151.0,2437,354.0,351.0,14.0,6434.0,,360.0,,160.0,399.0,220.0,2.4,633275,79548,41278.0,5542.0,8175.0,1274.0,10708.0,9387.0,1260.0,5108.0,82523,11704.0,14689.0,634.0,299995.0,,29127.0,,4878.0,19429.0,8016,297647975.8,6445736.97,291202238.83,52394675.63,46065624.29,6329051.34,,10263079.25,11936000.88,,,18976280.07,210657353.83,4396475.48,,178642.0,,2444337.03,,10375156.51,294099107.57,311246844.17,2622979.03,308623865.14,297647975.8,304474264.08,6445736.97,291202238.83,7.1,7.1,,,6.2,6.2,,,4.6,,4.6,
3511607,0.706,0.611,0.804,0.715,0.43,0.75,3.82,17.2,35.27,15.66,9.01,684.95,192.17,2416.02,344.08,488.26,701.99,1700.22,0.33,73.23,1.86,17.6,20.38,42.07,93.39,80.61,740569.082,1032978.28,1215884.112,39826.25,54230.28,63832.64,686815.605,62225.298,88444.887,445274.14,90871.279,53753.477,1651,8,880,6.0,54.0,14.0,57,20.0,29.0,33.0,273,30.0,27.0,2.0,82.0,6.0,18.0,,61,25.0,26,,8180,650,780,16.0,809.0,101.0,248.0,74.0,78.0,57.0,1145,90.0,94.0,8.0,1313.0,7.0,35.0,,81.0,2521.0,73,6546,650,44.0,12.0,739.0,83.0,182.0,41.0,14.0,21.0,841,48.0,60.0,8.0,1214.0,4.0,9.0,,33.0,2495.0,48.0,2.2,280580,36754,1177.0,724.0,25623.0,1919.0,5353.0,4327.0,504.0,437.0,25527,1516.0,1706.0,397.0,47648.0,138.0,271.0,,860.0,124055.0,1646,116590140.22,5697904.95,110892235.27,19291890.22,17354644.99,1937245.23,,887114.4,1761354.93,,,,107278365.57,1581221.77,,,,1285052.51,,6355089.25,113948200.16,132084999.4,1285052.51,130799946.89,118141096.47,120303289.41,5735380.8,112405715.67,6.8,6.8,,,5.5,5.5,,,4.8,,4.8,
3511706,0.736,0.675,0.82,0.72,0.4,0.76,2.72,14.66,30.94,16.93,7.31,705.01,211.04,2181.32,385.91,537.58,762.9,1627.09,0.28,74.18,1.87,16.0,18.55,43.3,93.96,82.07,515122.578,610774.696,790607.333,29370.12,39316.04,50892.01,458671.993,21621.043,174764.359,187873.344,74413.247,56450.585,1548,8,991,4.0,24.0,10.0,44,10.0,9.0,32.0,161,29.0,17.0,2.0,73.0,7.0,11.0,,46,21.0,49,,4051,507,623,14.0,63.0,62.0,98.0,38.0,15.0,423.0,720,196.0,70.0,,844.0,16.0,28.0,,50.0,135.0,149,2832,507,32.0,12.0,37.0,48.0,37.0,31.0,,385.0,513,163.0,47.0,,754.0,7.0,16.0,,43.0,112.0,88.0,2.3,124306,26185,1437.0,1754.0,1021.0,924.0,5471.0,3376.0,,15010.0,18107,5882.0,1412.0,,33314.0,212.0,481.0,,1137.0,3630.0,4951,96718631.26,8005547.26,88713084.0,17963197.81,15697052.38,2261094.91,5050.52,2737044.11,2563079.91,,,1308938.33,92525168.82,1092017.13,,,,2132989.86,,11313707.6,94277984.86,120322435.97,2132989.86,118189446.11,99795450.46,105591692.46,8017683.57,91777766.89,6.6,6.6,,,5.4,5.4,5.6,,4.3,,4.3,
3511904,0.725,0.66,0.821,0.704,0.37,0.54,3.34,15.14,28.34,17.79,6.37,640.87,201.88,1816.23,368.22,514.16,730.56,1390.58,0.24,74.25,2.32,15.9,18.42,42.1,94.0,82.18,186410.592,200097.975,254107.308,20959.14,28659.12,36394.63,173148.96,29694.728,23717.113,77579.417,42157.702,13261.632,1029,4,793,,9.0,4.0,16,2.0,4.0,11.0,73,10.0,6.0,1.0,19.0,,7.0,,25,21.0,24,,1966,311,482,,29.0,11.0,32.0,17.0,13.0,29.0,274,17.0,9.0,,561.0,,32.0,,11.0,99.0,39,1232,311,17.0,,17.0,6.0,8.0,14.0,1.0,17.0,182,5.0,2.0,,535.0,,22.0,,2.0,82.0,11.0,3.3,81433,13738,982.0,,395.0,179.0,267.0,847.0,40.0,502.0,4614,82.0,98.0,,54045.0,,572.0,,49.0,3587.0,1436,50377284.56,3407979.2,46969305.36,4815049.78,4043168.36,771881.42,,307073.75,1688871.33,,,2396965.68,48363625.71,89920.74,,1040420.0,,3544807.49,,7230451.22,47830279.56,62246734.48,4585227.49,57661506.99,50377820.56,55060730.78,3407979.2,46969841.36,6.5,6.5,,,6.4,,6.4,,5.8,,5.8,
3512001,0.757,0.712,0.845,0.72,0.46,0.91,4.36,20.31,36.17,14.65,9.87,706.69,184.37,2555.78,333.26,487.95,713.01,1820.36,0.36,75.71,1.85,13.7,15.81,42.65,94.81,84.33,1541673.004,2117227.263,2052576.439,82881.19,114525.19,111034.1,1340782.423,81769.326,459502.574,687096.536,112413.987,200890.58,1926,5,1145,3.0,36.0,21.0,39,36.0,13.0,41.0,316,25.0,20.0,,28.0,,23.0,,54,58.0,63,,9474,1203,1034,67.0,110.0,45.0,124.0,90.0,34.0,55.0,1117,141.0,127.0,,2890.0,,55.0,,903.0,1195.0,284,7837,1203,308.0,57.0,69.0,19.0,68.0,41.0,2.0,9.0,750,110.0,92.0,,2858.0,,28.0,,873.0,1138.0,212.0,2.2,311494,50738,15690.0,2365.0,1437.0,559.0,2497.0,4340.0,70.0,216.0,24514,6420.0,2124.0,,154637.0,,843.0,,4229.0,28977.0,11838,154885706.33,6544178.31,148341528.02,18914349.94,16682488.68,2203044.81,28816.45,1526156.99,1751870.68,34397.16,,7269699.32,153064600.02,3015057.56,,138600.0,,4799739.27,,8311173.53,156992326.26,190514470.94,4938339.27,185576131.67,161210834.75,165303499.79,6670615.72,154540219.03,6.5,6.5,,,4.6,4.6,,,4.6,5.1,4.4,
3512100,0.71,0.647,0.802,0.689,0.4,1.35,5.04,20.54,32.15,16.94,7.59,582.53,179.28,1872.61,314.12,445.54,616.29,1378.29,0.29,73.13,2.19,17.8,20.57,41.7,93.33,80.46,373218.645,473152.796,743433.098,59974.07,71376.19,112148.6,342209.67,113624.842,80643.52,94802.617,53138.69,31008.975,1250,6,1001,3.0,12.0,3.0,12,7.0,5.0,10.0,80,8.0,8.0,1.0,14.0,6.0,7.0,,29,11.0,27,,4571,600,2336,9.0,38.0,5.0,26.0,25.0,11.0,24.0,233,55.0,18.0,,1077.0,9.0,9.0,,17.0,9.0,70,3625,600,1654.0,1.0,26.0,1.0,9.0,8.0,3.0,10.0,149,44.0,10.0,,1058.0,2.0,5.0,,2.0,1.0,42.0,2.3,191724,31287,95451.0,220.0,740.0,18.0,167.0,700.0,100.0,217.0,3369,513.0,325.0,,57001.0,64.0,104.0,,35.0,68.0,1342,79375556.61,3888319.09,75487237.52,10022509.8,9559473.67,463036.13,,362827.41,551209.34,,,,85378404.27,258563.67,,149229.0,,1319856.0,,5004828.19,80534188.35,98042599.49,1469085.0,96573514.49,83409287.02,85539016.54,4065566.46,79343720.56,7.7,7.7,,,6.3,6.3,,,4.6,,4.6,
3512209,0.708,0.614,0.827,0.699,0.43,1.72,6.76,21.23,34.39,15.44,8.91,617.76,161.58,2124.57,315.23,455.9,644.78,1508.42,0.34,74.64,2.12,15.3,17.69,44.63,94.22,82.77,859274.273,978772.49,1093663.839,30159.5,34825.56,38919.04,761048.302,46361.614,238864.193,349403.836,126418.659,98225.971,2498,7,1393,5.0,40.0,16.0,56,30.0,17.0,69.0,445,50.0,40.0,1.0,118.0,4.0,15.0,,94,44.0,54,,7915,1047,1208,27.0,133.0,53.0,262.0,123.0,65.0,264.0,1872,182.0,86.0,2.0,1946.0,20.0,92.0,,127.0,215.0,191,5761,1047,327.0,21.0,88.0,35.0,197.0,74.0,29.0,186.0,1351,109.0,42.0,2.0,1794.0,14.0,73.0,,70.0,168.0,134.0,2.3,239958,60068,6226.0,590.0,2145.0,1306.0,5029.0,6674.0,766.0,11651.0,43263,4423.0,1377.0,106.0,79530.0,617.0,2873.0,,1866.0,6560.0,4889,186791095.78,12639658.33,174151437.45,41283209.14,38089537.48,3193671.66,,10589932.19,13313287.32,,,8769141.27,137940672.43,3682086.85,98133.11,309359.94,,8177678.01,,18631545.51,176657303.49,224163500.26,8585171.06,215578329.2,189255094.17,195288849.0,12949991.11,176305103.06,6.4,6.4,,,5.7,7.0,5.5,,4.6,,4.6,
3512308,0.736,0.658,0.837,0.725,0.49,1.01,4.51,20.59,40.11,13.65,11.75,730.42,178.99,2929.46,319.55,475.87,685.61,2004.48,0.41,75.19,2.47,14.4,16.7,49.8,94.53,83.57,432993.289,471792.848,551103.139,23872.16,30973.8,36180.62,401036.992,86114.502,32691.414,188775.724,93455.353,31956.298,2813,5,2044,4.0,36.0,13.0,53,13.0,9.0,60.0,282,20.0,15.0,1.0,80.0,7.0,25.0,,63,44.0,39,,5591,637,1795,5.0,96.0,21.0,439.0,67.0,12.0,131.0,952,48.0,136.0,10.0,941.0,7.0,39.0,,59.0,107.0,89,3072,637,142.0,4.0,54.0,5.0,374.0,53.0,,64.0,637,17.0,111.0,10.0,830.0,3.0,4.0,,27.0,52.0,48.0,1.8,107122,37667,3061.0,955.0,1145.0,113.0,10989.0,3140.0,,1266.0,17318,317.0,1822.0,606.0,24669.0,137.0,85.0,,704.0,1468.0,1660,97920569.8,5160418.66,92760151.14,18228858.37,16566051.15,1660586.98,2220.24,1523087.11,2209634.35,,,,90942817.87,568918.46,,,,2870797.79,,6629433.69,95328099.72,116344113.95,2870797.79,113473316.16,99290949.16,101957533.41,5573518.04,93717431.12,6.2,6.2,,,4.9,4.8,5.4,,4.4,,4.4,
3512407,0.758,0.674,0.858,0.754,0.44,0.7,3.05,13.34,34.72,14.59,9.52,873.87,222.76,3034.43,414.78,623.36,913.02,2183.74,0.34,76.45,1.44,11.6,13.45,42.28,94.89,85.5,4107826.495,4216369.402,4167915.366,163554.17,171998.43,170021.84,3471972.723,60273.844,1298662.354,1915957.766,197078.759,635853.772,2015,12,633,13.0,57.0,16.0,79,44.0,33.0,51.0,421,44.0,42.0,,171.0,14.0,20.0,,83,69.0,213,,13400,1014,410,62.0,407.0,21.0,302.0,159.0,73.0,108.0,2678,181.0,295.0,,5809.0,126.0,28.0,,84.0,203.0,1440,11414,1014,1.0,52.0,358.0,4.0,217.0,69.0,14.0,51.0,2167,121.0,242.0,,5574.0,112.0,5.0,,24.0,129.0,1260.0,2.9,614394,79573,57.0,2620.0,10113.0,49.0,7895.0,5611.0,306.0,2271.0,86844,4272.0,4721.0,,331111.0,8740.0,156.0,,794.0,4720.0,64539,272091828.98,35514243.33,236577585.65,55066420.55,50171748.99,4894671.56,,,1786414.04,,,11210394.22,223801366.73,7316214.13,29710474.58,154146.66,,5256388.13,,39043112.43,250999936.97,334301819.04,35121009.37,299180809.67,287437510.09,290043049.4,39009185.84,248428324.25,6.9,6.9,,,5.1,,5.1,,4.7,,4.7,
3512506,0.719,0.648,0.816,0.704,0.39,0.44,3.34,14.91,30.8,17.39,7.09,638.21,209.67,1965.66,345.18,499.88,683.99,1459.35,0.26,73.96,1.85,16.4,18.97,41.69,93.83,81.73,218777.214,257147.869,335404.552,35303.73,47619.98,62111.95,200185.276,63907.789,37004.816,68661.543,30611.128,18591.938,1322,5,1108,3.0,12.0,2.0,18,1.0,1.0,12.0,60,10.0,3.0,1.0,41.0,2.0,2.0,,25,5.0,11,,2219,268,724,20.0,43.0,5.0,63.0,4.0,1.0,24.0,171,65.0,5.0,,773.0,2.0,1.0,,21.0,2.0,27,1283,268,9.0,19.0,28.0,2.0,43.0,4.0,,12.0,100,52.0,,,718.0,,,,13.0,,15.0,2.6,56599,12687,295.0,879.0,672.0,39.0,1437.0,446.0,,221.0,3478,1400.0,,,33981.0,,,,294.0,,769,43227942.18,1042054.97,42185887.21,4463439.0,4215254.03,248184.97,,,733588.16,,,105876.69,45270456.96,31593.11,,,,519488.0,,1047034.67,43419819.04,51124441.92,519488.0,50604953.92,44464873.71,44466853.71,1047034.67,43417839.04,6.5,6.5,,,5.4,,5.4,,4.3,,4.3,
3512605,0.69,0.619,0.811,0.653,0.45,4.13,13.91,39.49,34.91,13.95,10.01,465.29,106.67,1624.56,217.98,333.81,500.65,1164.55,0.36,73.64,2.78,16.9,19.58,49.73,93.63,81.24,141157.631,143742.07,165849.194,30746.6,33584.6,38749.81,136404.608,65678.684,10818.532,31399.016,28508.377,4753.022,894,6,783,2.0,4.0,2.0,5,1.0,1.0,5.0,35,4.0,2.0,,9.0,1.0,2.0,,21,4.0,7,,1579,300,811,2.0,5.0,3.0,10.0,5.0,1.0,8.0,93,36.0,9.0,,266.0,10.0,1.0,,7.0,5.0,7,869,300,191.0,2.0,,,5.0,5.0,,2.0,56,29.0,7.0,,254.0,10.0,,,4.0,2.0,2.0,1.9,28731,15761,3817.0,218.0,,,187.0,330.0,,22.0,1447,971.0,146.0,,5416.0,253.0,,,74.0,32.0,56,51472381.13,3456140.15,48016240.98,5746617.98,5539946.59,206671.39,,2488498.05,1954321.27,,,36640.0,47736037.8,91558.18,,,,1678322.22,,4210411.73,48025884.43,59731995.5,1678322.22,58053673.28,51472381.13,52236296.16,3456140.15,48016240.98,6.2,6.2,,,5.2,,5.2,,4.1,,4.1,
3512704,0.754,0.7,0.841,0.728,0.48,1.04,5.24,19.22,39.41,14.28,11.04,741.32,180.98,2921.65,348.5,496.7,705.73,1975.38,0.4,75.43,1.65,14.1,16.3,46.8,94.66,83.92,345025.593,340219.852,354603.601,84731.24,81101.28,84530.06,289960.028,38854.123,19007.579,200435.336,31662.99,55065.565,1055,5,834,,11.0,4.0,8,9.0,4.0,6.0,51,8.0,7.0,,30.0,16.0,6.0,,27,4.0,25,,2041,284,712,,34.0,19.0,14.0,33.0,7.0,8.0,445,22.0,8.0,,175.0,96.0,14.0,,19.0,6.0,145,1163,284,104.0,,21.0,15.0,3.0,11.0,,,372,10.0,,,132.0,79.0,9.0,,10.0,,113.0,3.0,62375,16454,3440.0,,509.0,666.0,82.0,862.0,,,22987,270.0,,,3989.0,3630.0,261.0,,309.0,,8915,53409561.46,4284512.51,49125048.95,9062565.48,8953023.27,109542.21,,,773376.98,,,1241216.9,47904862.03,360452.32,1960612.01,,,1333960.95,,5455558.28,50227225.46,62637046.67,3294572.96,59342473.71,53862877.6,55682783.74,4297712.51,49565165.09,6.8,6.8,,,4.4,4.4,,,4.5,,4.5,
3512803,0.769,0.697,0.876,0.746,0.42,1.03,2.83,13.18,32.65,15.5,8.43,829.25,223.02,2707.17,419.46,608.29,901.09,1989.19,0.32,77.57,2.16,9.19,10.66,41.36,95.36,85.83,2109639.73,2059490.038,2313364.052,28255.87,34455.19,38702.49,1838449.277,26685.294,652548.775,827086.144,332129.065,271190.453,3025,10,481,9.0,166.0,38.0,199,45.0,35.0,164.0,788,204.0,92.0,2.0,202.0,1.0,55.0,,220,108.0,206,2861.0,15370,1943,350,28.0,465.0,681.0,644.0,160.0,92.0,513.0,3771,785.0,369.0,1.0,3688.0,1.0,166.0,,262.0,649.0,802,11958,1943,40.0,16.0,266.0,631.0,406.0,82.0,18.0,297.0,2806,495.0,265.0,,3429.0,,99.0,,113.0,512.0,540.0,2.7,571547,119898,2573.0,912.0,7608.0,22174.0,12913.0,7793.0,643.0,15272.0,71611,19046.0,7016.0,,232569.0,,3776.0,,3480.0,20083.0,24181,317871579.0,18826008.86,299045570.14,57734580.49,50100046.58,7542091.42,92442.49,8598788.57,499299.87,,,16751018.98,276403723.85,1069055.3,7778779.89,,,6622505.0,,21937453.1,325386859.78,375457751.95,14401284.89,361056467.06,345720874.93,347324312.88,21178680.95,324542193.98,6.7,6.7,,,5.5,5.6,5.2,,4.9,,4.9,
3512902,0.722,0.63,0.849,0.705,0.4,1.38,3.62,17.66,32.42,17.0,7.63,643.1,196.27,2084.99,350.36,499.34,668.96,1488.54,0.29,75.96,1.73,13.3,15.4,45.21,94.94,84.69,506809.049,622395.587,878427.208,69530.67,71383.83,100748.62,413778.215,86572.891,139844.676,145772.939,41587.71,93030.834,2843,5,2499,2.0,11.0,6.0,12,8.0,9.0,17.0,141,8.0,4.0,,50.0,,5.0,,25,24.0,17,,5185,462,1948,14.0,38.0,12.0,39.0,21.0,18.0,28.0,419,37.0,14.0,,2016.0,,16.0,,17.0,45.0,41,2880,462,36.0,11.0,24.0,4.0,25.0,4.0,,9.0,252,26.0,8.0,,1956.0,,11.0,,6.0,22.0,24.0,2.3,126334,24096,1258.0,164.0,547.0,83.0,317.0,473.0,,267.0,7577,733.0,273.0,,88611.0,,359.0,,169.0,631.0,773,64385779.0,5814380.22,58571398.78,8456786.31,7990857.16,465929.15,,510276.65,665360.93,,,2613554.75,56571985.89,406398.33,,720700.0,,1799847.3,,8704527.71,60577488.37,71744910.16,2520547.3,69224362.86,66086792.33,69282016.08,5817580.22,60269212.11,6.8,6.8,,,5.2,5.5,4.8,,4.6,,4.6,
3513009,0.78,0.707,0.851,0.789,0.57,1.43,4.72,16.83,47.68,10.31,18.49,1085.66,188.05,5176.23,371.87,565.35,903.79,3398.2,0.58,76.05,1.78,11.93,13.84,42.05,94.77,84.22,16114164.611,17274219.489,19060773.462,62486.58,63127.54,69460.17,12461522.519,31267.793,3684979.104,7573010.285,1172265.337,3652642.093,19665,20,445,58.0,793.0,278.0,2737,636.0,712.0,2000.0,5054,1547.0,686.0,6.0,1111.0,6.0,1041.0,,1023,822.0,690,19023.0,111358,5071,514,987.0,3999.0,1183.0,15961.0,1628.0,1542.0,6509.0,25862,5883.0,4663.0,,22415.0,10.0,2952.0,,2689.0,4557.0,4933,87064,5071,66.0,909.0,3092.0,795.0,13026.0,510.0,266.0,3829.0,19883,4047.0,3801.0,,20995.0,6.0,1561.0,,1609.0,3455.0,4143.0,2.9,4742463,409135,3360.0,45792.0,89903.0,35646.0,464066.0,41439.0,10511.0,353698.0,1116413,166984.0,179543.0,,1328304.0,340.0,115673.0,,54702.0,142200.0,184752,1585480271.74,109358594.35,1476121677.39,611435816.62,590690518.95,20745297.67,,88531014.86,87018660.95,,,18143.0,1025253085.59,49073948.6,,,,26415044.15,,115804971.53,1563645744.85,1887745713.77,26415044.15,1861330669.62,1647234462.61,1679450716.38,115322173.59,1531912289.02,6.2,6.2,5.9,,4.9,4.8,4.9,,4.3,,4.3,
3513108,0.756,0.683,0.857,0.737,0.42,1.08,2.46,13.94,34.0,15.99,8.5,784.4,219.06,2666.9,408.08,569.78,823.24,1864.83,0.32,76.44,1.67,12.6,14.61,42.75,95.19,85.36,1753136.873,2054668.143,2357353.267,48891.09,61736.97,70831.8,1440649.055,65544.974,463804.461,745529.014,165770.606,312487.819,3247,12,906,6.0,123.0,26.0,195,63.0,69.0,162.0,831,95.0,73.0,1.0,257.0,8.0,47.0,,107,85.0,181,,16636,1211,965,128.0,424.0,61.0,669.0,239.0,147.0,367.0,3281,280.0,337.0,5.0,5946.0,89.0,371.0,,224.0,425.0,1467,13222,1211,503.0,123.0,293.0,30.0,425.0,100.0,16.0,155.0,2291,162.0,222.0,5.0,5625.0,80.0,313.0,,132.0,315.0,1221.0,3.0,695583,62066,57824.0,6767.0,8552.0,835.0,13031.0,8715.0,344.0,5824.0,117402,6720.0,6770.0,282.0,332855.0,4830.0,9937.0,,4212.0,13161.0,35457,324369904.41,44253494.96,280116409.45,60166915.72,59863534.96,243380.76,60000.0,16823516.54,3237397.89,,,18239353.06,178505090.43,16174047.85,24892698.33,,,5229993.28,,48786590.5,287209751.04,323269013.1,30122691.61,293146321.49,330605772.8,335996341.54,44629516.51,285976256.29,6.2,6.2,,,5.1,5.2,5.1,,4.8,,4.8,
3513207,0.734,0.682,0.802,0.723,0.48,0.19,5.54,19.87,40.32,14.18,11.38,721.31,179.35,2908.62,331.95,482.64,663.07,1948.33,0.4,73.11,1.99,17.8,20.62,43.47,93.31,80.42,346565.911,431297.72,449171.364,39369.07,46516.15,48443.85,329810.073,154882.564,23523.988,107863.405,43540.115,16755.838,1473,5,1140,,10.0,12.0,20,6.0,7.0,22.0,110,8.0,7.0,1.0,40.0,,11.0,,39,18.0,17,,2520,411,935,,22.0,15.0,34.0,10.0,19.0,42.0,387,22.0,89.0,,383.0,,9.0,,72.0,23.0,47,1297,411,70.0,,11.0,3.0,14.0,9.0,,17.0,264,12.0,81.0,,336.0,,1.0,,33.0,4.0,31.0,2.0,46712,17938,2109.0,,274.0,59.0,396.0,777.0,5.0,484.0,7806,312.0,2352.0,,12160.0,,24.0,,919.0,116.0,981,59899849.85,1525125.58,58374724.27,6009684.56,5787546.73,222137.83,,,572203.11,,,1492928.13,59132108.31,1048251.86,,,,1598365.44,,2284398.17,61362945.38,69853541.41,1598365.44,68255175.97,62513216.48,63647343.55,1575354.21,60937862.27,6.0,6.0,,,5.1,5.1,,,4.4,,4.4,
3513306,0.774,0.778,0.853,0.698,0.43,1.23,7.83,22.05,34.6,15.62,8.86,614.17,166.15,2124.83,313.42,467.61,629.89,1501.6,0.34,76.18,1.55,13.0,15.03,41.86,95.06,85.01,137663.972,217897.838,218198.594,68116.76,103367.1,103509.77,121640.586,23109.825,5099.345,76365.574,17065.842,16023.387,810,6,710,1.0,5.0,1.0,4,4.0,,7.0,35,3.0,1.0,1.0,3.0,,3.0,,10,9.0,7,,906,217,458,1.0,12.0,1.0,10.0,8.0,,9.0,117,24.0,1.0,,28.0,,2.0,,2.0,6.0,10,375,217,11.0,1.0,7.0,,4.0,5.0,,3.0,80,21.0,,,23.0,,,,1.0,,2.0,2.2,14236,9031,291.0,113.0,136.0,,107.0,178.0,,78.0,3205,143.0,,,819.0,,,,25.0,,113,33453203.23,2274235.87,31178967.36,2101165.25,1947051.45,154113.8,,,657213.08,,,4104.53,38183540.5,31461.24,,,,2085393.58,,3230370.44,32547215.81,43062878.18,2085393.58,40977484.6,33994562.21,35777586.25,2328801.99,31665760.22,,,,,6.2,,6.2,,4.8,,4.8,
3513405,0.788,0.758,0.871,0.742,0.53,2.84,6.44,22.57,43.68,11.84,14.76,809.24,156.33,3534.86,322.54,485.89,744.62,2336.22,0.52,77.28,1.67,11.5,13.28,42.89,95.62,86.54,3182372.784,3815247.008,4281961.617,38390.41,50896.43,57122.53,2677971.563,12249.688,964748.265,1342170.473,358803.137,504401.221,3614,16,447,8.0,180.0,55.0,218,68.0,76.0,219.0,1060,124.0,145.0,2.0,182.0,3.0,85.0,,278,322.0,126,3459.0,23886,2623,397,144.0,777.0,183.0,806.0,246.0,173.0,501.0,5031,549.0,1206.0,36.0,8279.0,48.0,208.0,,403.0,1677.0,599,19801,2623,19.0,137.0,572.0,115.0,588.0,156.0,34.0,230.0,3821,379.0,1015.0,36.0,8062.0,38.0,109.0,,188.0,1210.0,469.0,2.8,988267,141220,502.0,6584.0,12284.0,3005.0,19758.0,15170.0,866.0,5635.0,107698,9156.0,48667.0,4224.0,534623.0,3120.0,4182.0,,5415.0,42531.0,23626,360858710.3,14287415.25,346571295.05,70652826.21,65090309.36,5562372.85,144.0,4948962.08,2211802.55,,,23774180.18,324075391.62,2839777.6,,408236.04,,1429678.17,,26644391.59,400410980.85,430340854.45,1837914.21,428502940.24,410877992.14,427055372.44,24469120.65,386408871.49,5.9,5.9,,,5.3,5.4,5.1,,4.3,,4.3,
3513504,0.737,0.681,0.821,0.716,0.45,2.36,7.29,21.95,34.23,13.94,9.82,689.21,156.55,2359.11,323.69,492.06,740.86,1732.05,0.37,74.23,1.98,16.17,18.34,41.35,94.02,82.24,21946471.662,28715658.22,27813387.639,165607.5,255316.11,247282.87,19099966.035,1326.057,12465419.7,5836351.934,796868.344,2846505.627,4033,18,4,26.0,266.0,90.0,511,58.0,29.0,229.0,934,306.0,152.0,10.0,151.0,2.0,69.0,,325,201.0,652,3842.0,35550,3836,4,2800.0,1408.0,218.0,2570.0,347.0,77.0,550.0,4504,2565.0,1069.0,111.0,7227.0,,198.0,,464.0,2208.0,5394,31597,3835,,2770.0,1124.0,102.0,2288.0,273.0,27.0,253.0,3481,2189.0,885.0,105.0,7080.0,,126.0,,158.0,1983.0,4918.0,4.2,2402760,407865,,133036.0,32624.0,2339.0,71130.0,22526.0,719.0,54587.0,140646,121106.0,38718.0,18674.0,1000435.0,,3471.0,,5125.0,76843.0,272915,1845826374.38,197021108.08,1648805266.3,617482610.4,598782226.27,18700384.13,,77398335.99,117629340.34,,,639424.11,1181862317.97,81349685.91,,,,5066833.26,,238373859.46,1859481232.75,2081428547.98,5066833.26,2076361714.72,1892722207.61,2097855092.21,197632478.14,1695089729.47,5.9,5.9,6.1,,5.0,4.9,5.2,,4.8,,4.4,
3513603,0.684,0.576,0.826,0.672,0.54,3.96,17.12,42.8,44.85,11.37,15.78,525.19,101.94,2355.66,196.7,304.18,473.2,1529.08,0.51,74.54,2.03,15.4,17.86,47.11,94.17,82.62,326362.259,355775.518,432940.522,15269.84,16091.16,19581.21,311399.495,46491.364,15695.85,150424.248,98788.033,14962.764,4377,8,3599,,93.0,10.0,48,10.0,14.0,50.0,245,17.0,32.0,2.0,66.0,4.0,17.0,,89,46.0,27,,6386,690,3388,,297.0,16.0,132.0,45.0,27.0,86.0,890,43.0,94.0,21.0,296.0,2.0,27.0,,68.0,200.0,64,2211,690,79.0,,185.0,3.0,75.0,35.0,,28.0,615,22.0,46.0,19.0,202.0,,12.0,,24.0,140.0,36.0,2.1,85743,38437,1714.0,,4751.0,18.0,1751.0,4319.0,,664.0,16875,678.0,1377.0,1099.0,6660.0,,462.0,,613.0,5029.0,1296,124219283.6,5864302.48,118354981.12,13226247.34,12058192.87,1168054.47,,,1014894.35,,,4441265.04,118211861.11,361551.6,,,,1280509.02,,6832694.41,120497966.42,138536328.46,1280509.02,137255819.44,124899405.18,127330660.83,5876883.44,119022521.74,6.4,6.4,,,5.1,,5.1,,4.8,,4.8,
3513702,0.76,0.687,0.865,0.74,0.45,0.91,5.24,14.96,35.76,14.61,9.79,798.74,198.09,2856.57,385.51,555.37,809.47,2045.24,0.36,76.92,1.54,11.0,12.76,41.7,95.14,86.14,2081161.879,2328295.883,2584483.423,61036.51,73318.3,81385.67,1755389.145,154764.39,606766.077,817834.082,176024.596,325772.734,4358,11,2098,5.0,94.0,27.0,232,50.0,35.0,241.0,682,80.0,91.0,4.0,171.0,17.0,29.0,,139,136.0,216,,14676,1014,2031,22.0,356.0,117.0,966.0,331.0,110.0,485.0,2671,1022.0,310.0,15.0,2960.0,208.0,84.0,,291.0,600.0,1083,10231,1014,645.0,16.0,233.0,89.0,608.0,248.0,16.0,145.0,1744,899.0,195.0,8.0,2742.0,191.0,41.0,,176.0,429.0,792.0,2.4,493643,66539,24978.0,660.0,6097.0,2629.0,18126.0,20163.0,525.0,5263.0,63275,36369.0,9678.0,477.0,160910.0,21374.0,1853.0,,5597.0,14490.0,34640,194108707.74,4817372.18,189291335.56,36156667.37,33766667.45,2383453.39,6546.53,69729.07,3079360.33,,,8562138.77,190008859.96,219945.48,,,,3396271.13,,8565603.88,198547917.29,241492972.11,3396271.13,238096700.98,197495819.33,207113521.17,4908666.13,192587153.2,6.7,6.7,,,5.4,5.4,,,4.9,,4.9,
3513801,0.757,0.716,0.844,0.717,0.43,1.44,5.51,18.67,32.66,15.07,8.67,694.55,179.34,2268.06,344.04,510.96,751.81,1681.35,0.33,75.65,1.7,13.94,15.83,39.52,94.81,84.32,18484355.533,20056680.188,21229085.409,43031.91,51004.05,53985.47,14947045.427,1127.148,5202146.679,7914093.828,1829677.772,3537310.107,16154,17,8,83.0,857.0,197.0,1512,296.0,287.0,983.0,5380,795.0,510.0,20.0,2310.0,2.0,492.0,,1074,587.0,744,15586.0,120460,7192,12,647.0,3184.0,664.0,8709.0,1270.0,687.0,2205.0,25978,4709.0,6819.0,40.0,44175.0,1.0,1122.0,,2591.0,4799.0,5656,100903,7192,5.0,545.0,2209.0,416.0,7106.0,834.0,153.0,997.0,19517,3784.0,6191.0,,41026.0,,521.0,,1566.0,4039.0,4802.0,2.9,5562093,689694,62.0,25653.0,57578.0,10709.0,228098.0,57187.0,5741.0,44352.0,823203,130218.0,299976.0,,2551347.0,,23055.0,,63840.0,273168.0,278212,2126094311.01,226863967.7,1899230343.31,607873151.69,580910151.19,26961557.21,1443.29,93163460.16,38677842.47,,,9189792.39,1228186266.74,118495917.68,,671700.0,,34334613.99,65177219.47,250373531.65,2020778074.87,2195769964.59,100183533.46,2095586431.13,2210576996.83,2271151606.52,227311979.9,1983265016.93,6.9,6.4,7.3,,5.2,,5.2,,4.6,,4.6,
3513850,0.741,0.704,0.842,0.686,0.37,2.06,3.74,17.33,29.72,18.12,6.56,570.51,183.44,1695.57,333.5,469.08,593.63,1278.06,0.25,75.54,1.96,13.9,16.11,45.1,94.72,84.09,69826.774,81422.388,99485.465,38685.19,50260.73,61410.78,62788.436,9389.9,21193.812,18683.787,13520.937,7038.338,477,3,434,1.0,1.0,,3,,1.0,3.0,13,,2.0,,1.0,,1.0,,9,3.0,2,,852,179,487,,1.0,,4.0,,2.0,3.0,24,,1.0,,147.0,,1.0,,,2.0,1,501,179,165.0,,,,,,,,8,,,,147.0,,1.0,,,,1.0,2.9,22993,10266,4492.0,,,,,,,,177,,,,7980.0,,17.0,,,,61,28822324.06,464569.73,28357754.33,1649757.3,1611522.96,38234.34,,1164888.3,1107609.35,,,28099.4,28995759.22,147529.27,,,,743691.64,,916258.29,28564180.78,33837334.48,743691.64,33093642.84,28921934.82,29480439.07,491611.49,28430323.33,7.4,,7.3,,5.8,,5.8,,5.0,,5.0,
3513900,0.734,0.645,0.85,0.72,0.48,0.67,5.51,22.52,39.91,13.83,11.55,707.97,171.08,2825.51,318.37,487.41,655.4,1899.19,0.4,75.97,1.47,13.3,15.38,40.52,94.95,84.7,491457.375,418610.443,528584.116,44568.55,37516.62,47372.66,467065.714,164414.276,18570.639,232712.139,51368.66,24391.661,3228,5,2558,5.0,29.0,8.0,30,13.0,7.0,30.0,282,27.0,19.0,2.0,38.0,16.0,7.0,,41,85.0,26,,5854,543,2311,5.0,66.0,17.0,118.0,46.0,19.0,79.0,1029,76.0,36.0,8.0,210.0,2.0,33.0,,67.0,1086.0,103,2753,543,9.0,5.0,31.0,8.0,81.0,35.0,3.0,32.0,680,35.0,11.0,5.0,149.0,1.0,21.0,,45.0,991.0,68.0,2.0,101950,24701,281.0,478.0,673.0,187.0,3337.0,2833.0,106.0,663.0,18857,1005.0,384.0,161.0,4968.0,0.0,656.0,,1239.0,39296.0,2125,70406051.83,2401918.38,68004133.45,8756372.93,8379642.27,376730.66,,3079171.88,1032172.54,,,1357.95,62179868.26,2742415.88,,597592.0,,1812727.35,,3461588.17,74350123.3,80201678.79,2410319.35,77791359.44,75335841.58,77811711.47,2901767.52,72434074.06,6.7,6.7,,,5.6,5.5,5.8,,4.9,,4.9,
3514007,0.718,0.655,0.818,0.691,0.38,0.75,4.6,17.53,29.21,17.47,6.69,589.47,186.04,1721.66,328.82,450.87,644.77,1343.68,0.26,74.1,2.46,16.2,18.7,45.0,93.91,81.94,138926.575,160515.772,213754.857,15286.82,18325.81,24404.03,126278.463,15060.78,20855.94,47907.212,42454.53,12648.112,485,3,231,,12.0,6.0,15,2.0,2.0,16.0,83,14.0,8.0,1.0,27.0,,9.0,,28,18.0,10,,1189,356,145,,21.0,6.0,25.0,5.0,3.0,27.0,206,33.0,16.0,,288.0,,9.0,,12.0,20.0,17,793,356,26.0,,8.0,,7.0,4.0,,7.0,108,18.0,4.0,,241.0,,,,3.0,3.0,8.0,2.4,35505,16809,1842.0,,218.0,,153.0,277.0,,171.0,3269,259.0,139.0,,11787.0,,,,68.0,64.0,448,43318783.67,1615130.11,41703653.56,5737583.06,5503236.81,233516.7,829.55,,1046422.6,,,1803682.31,41091405.6,716455.78,,143200.0,,2037041.01,,7069420.05,42523979.46,52575790.36,2180241.01,50395549.35,43796932.74,49593399.51,1615130.11,42181802.63,8.4,,8.4,,5.9,,5.9,,5.7,,5.7,
3514106,0.725,0.616,0.853,0.725,0.46,0.63,5.37,20.96,36.6,14.31,10.23,727.28,180.11,2661.65,340.25,489.77,739.03,1891.02,0.38,76.17,1.95,13.0,15.05,46.78,95.06,84.99,835299.134,1007949.164,1187096.718,30150.85,41124.0,48433.16,730320.914,111840.072,150386.967,343848.172,124245.704,104978.22,2971,7,1707,2.0,53.0,22.0,68,34.0,38.0,90.0,414,40.0,37.0,2.0,149.0,2.0,20.0,,97,79.0,110,,8150,840,1316,45.0,115.0,42.0,175.0,111.0,69.0,182.0,1584,117.0,124.0,9.0,1869.0,6.0,84.0,,107.0,775.0,580,5449,840,173.0,44.0,57.0,16.0,85.0,50.0,28.0,57.0,1061,62.0,74.0,9.0,1663.0,3.0,58.0,,51.0,682.0,436.0,2.1,214579,38174,8293.0,1993.0,1240.0,363.0,2420.0,5640.0,1019.0,1814.0,36461,1777.0,1577.0,600.0,64337.0,87.0,2389.0,,1462.0,16268.0,28665,145044023.4,4646487.22,140397536.18,21271369.56,21046053.24,225316.32,,2047085.42,4792906.75,,,13059175.18,133804651.39,1281773.87,,,,3169759.99,,10926800.27,149512449.69,179426722.16,3169759.99,176256962.17,148694249.79,160439249.96,5189674.04,143504575.75,6.4,6.4,,,5.4,5.9,5.0,,3.8,,3.8,
3514205,0.742,0.709,0.825,0.699,0.36,0.0,2.37,15.09,28.8,18.72,6.15,620.98,214.76,1788.65,366.61,501.21,653.22,1362.89,0.23,74.5,1.52,15.5,17.95,45.93,94.14,82.55,58946.794,63005.03,84390.137,27963.37,28547.82,38237.49,56972.689,17233.571,2883.359,20071.677,16784.083,1974.105,524,3,433,,,2.0,2,1.0,1.0,6.0,30,2.0,3.0,,9.0,,,,8,18.0,6,,655,192,292,,,2.0,3.0,7.0,2.0,9.0,59,5.0,3.0,,50.0,,,,5.0,18.0,8,278,192,,,,,1.0,7.0,,1.0,28,1.0,,,40.0,,,,3.0,2.0,3.0,2.4,12098,9338,,,,,21.0,631.0,,6.0,754,,,,1029.0,,,,37.0,53.0,228,26419850.39,1583318.54,24836531.85,1978490.3,1917240.88,61249.42,,43872.73,466704.15,,,24394.18,31049310.18,159760.3,,,,1317412.0,,1681070.08,25843616.17,35039943.84,1317412.0,33722531.84,26942816.5,27524686.25,1625296.7,25317519.8,6.8,6.8,,,5.2,,5.2,,4.7,,4.7,
3514304,0.738,0.689,0.811,0.718,0.37,0.39,1.93,10.27,30.73,18.67,6.58,697.37,243.17,2143.33,407.98,535.81,734.05,1555.19,0.24,73.66,1.65,16.9,19.54,42.51,93.65,81.27,802299.144,856062.879,1178139.786,90318.49,105738.99,145521.22,624684.362,28552.622,314882.638,231733.8,49515.301,177614.783,950,7,429,3.0,42.0,10.0,27,12.0,6.0,11.0,187,22.0,9.0,2.0,59.0,1.0,5.0,,43,26.0,49,,3869,410,603,5.0,411.0,17.0,71.0,42.0,7.0,15.0,485,59.0,20.0,6.0,1458.0,,8.0,,29.0,69.0,154,3017,410,303.0,4.0,369.0,5.0,40.0,23.0,,2.0,275,33.0,6.0,6.0,1388.0,,3.0,,9.0,38.0,103.0,2.8,159710,23543,11163.0,431.0,13651.0,158.0,1150.0,1180.0,,72.0,8609,622.0,167.0,462.0,91923.0,,74.0,,222.0,1245.0,5039,64590830.7,1707051.89,62883778.81,10583089.43,9658653.95,431544.18,492891.3,,586450.97,,,120719.58,65360622.8,78508.73,194020.14,873422.27,,2633976.0,,3025438.66,65326357.97,80430809.92,3701418.41,76729391.51,66365088.75,68351796.63,1717905.89,64647182.86,6.6,6.6,,,5.2,5.2,,,,,,
3514403,0.776,0.737,0.842,0.752,0.44,0.1,2.4,11.62,35.89,15.46,9.28,862.86,237.51,3096.42,429.5,579.51,864.22,2186.7,0.33,75.51,1.46,12.9,14.96,42.71,94.37,84.18,1444977.941,1626665.619,1855223.877,30557.62,35771.33,40797.46,1314951.546,53745.88,200347.816,865879.916,194977.933,130026.396,5293,14,1977,4.0,167.0,36.0,190,112.0,69.0,233.0,1222,151.0,93.0,9.0,177.0,,59.0,,205,366.0,209,,18054,1688,1698,134.0,640.0,92.0,1127.0,487.0,214.0,480.0,5472,591.0,844.0,93.0,1503.0,,163.0,,587.0,1514.0,727,12282,1687,111.0,119.0,447.0,47.0,921.0,230.0,68.0,173.0,4013,321.0,735.0,85.0,1275.0,,86.0,,430.0,1043.0,491.0,2.2,499154,103155,3571.0,6580.0,11618.0,1319.0,18630.0,14821.0,1702.0,5810.0,139636,10317.0,53943.0,5327.0,52942.0,,3280.0,,9193.0,34594.0,22715,243052891.87,12161424.2,230891467.67,59054843.36,54411533.7,4643309.66,,8613.8,2686594.63,,,276587.74,206012997.67,4187654.69,2199800.0,610254.1,,5809189.78,,15455565.94,234724717.4,280846535.77,8619243.88,272227291.89,246035545.39,250180283.34,12276767.25,233758778.14,6.9,6.9,,,5.6,5.6,5.6,,4.8,,4.8,
3514502,0.748,0.698,0.837,0.716,0.43,0.42,4.24,15.27,34.55,16.17,8.55,688.4,197.5,2378.54,359.16,491.68,665.39,1722.07,0.31,75.24,1.65,14.4,16.64,44.98,94.55,83.64,252625.675,324954.219,435779.649,20338.59,26359.04,35348.77,236038.334,16210.505,27923.342,130967.207,60937.279,16587.341,1374,5,697,1.0,33.0,13.0,49,12.0,13.0,39.0,206,28.0,21.0,4.0,55.0,2.0,16.0,,80,69.0,31,,3521,460,575,6.0,78.0,19.0,113.0,51.0,31.0,83.0,697,181.0,96.0,7.0,504.0,2.0,229.0,,53.0,263.0,73,2231,460,14.0,6.0,42.0,3.0,51.0,36.0,,40.0,476,138.0,66.0,7.0,444.0,,204.0,,15.0,186.0,43.0,2.1,86954,23425,518.0,596.0,1178.0,,1226.0,3837.0,,1056.0,14168,6347.0,1709.0,525.0,16919.0,6.0,6215.0,,413.0,7169.0,1647,72353713.03,5172363.06,67181349.97,11320812.09,9204268.26,2116543.83,,1975486.64,823786.82,,,10661.12,68794376.2,364698.76,,,,1212719.19,,8528152.59,68285790.96,84502540.82,1212719.19,83289821.63,73018391.74,76813943.55,5177153.06,67841238.68,7.2,7.2,,,4.8,,4.8,,4.2,,4.2,
3514601,0.744,0.674,0.849,0.72,0.39,0.0,0.85,14.89,29.16,16.94,6.89,705.3,218.3,2056.67,378.93,541.7,792.46,1587.3,0.25,75.91,1.72,13.4,15.48,41.12,94.92,84.62,342331.605,421940.305,414001.737,33647.69,44550.77,43712.57,292264.859,29209.02,58643.683,154247.591,50164.566,50066.745,1291,6,816,3.0,21.0,9.0,28,22.0,22.0,25.0,141,29.0,12.0,,82.0,,11.0,,18,10.0,36,,3133,299,499,30.0,31.0,16.0,40.0,54.0,38.0,63.0,545,90.0,33.0,,1232.0,,21.0,,11.0,15.0,116,2128,299,96.0,27.0,11.0,5.0,13.0,9.0,,37.0,357,53.0,19.0,,1115.0,,3.0,,2.0,2.0,80.0,2.4,97321,19181,2047.0,447.0,209.0,70.0,336.0,844.0,37.0,1287.0,14281,2152.0,704.0,,52889.0,,96.0,,49.0,40.0,2655,64385175.47,5768853.61,58616321.86,11850809.52,8272919.72,3139192.86,438696.94,,812626.21,,,47019.79,56430288.41,162981.83,1655499.87,102051.0,,3656825.0,,5792072.04,63259648.3,74718101.63,5414375.87,69303725.76,68550307.11,69051720.34,5792072.04,62758235.07,6.4,6.4,,,5.5,5.5,,,5.3,,5.3,
3514700,0.745,0.69,0.834,0.719,0.53,1.63,6.25,26.96,45.71,12.48,14.65,703.55,155.99,3215.95,282.95,410.94,589.79,2076.73,0.5,75.01,2.11,14.7,17.03,48.9,94.43,83.31,152431.541,166591.695,187402.902,25295.64,26847.98,30201.92,141961.097,34664.062,7770.564,66839.921,32686.551,10470.443,1536,6,1111,1.0,27.0,6.0,15,9.0,3.0,22.0,220,7.0,9.0,1.0,21.0,,12.0,,39,15.0,12,,2141,292,810,3.0,55.0,9.0,30.0,12.0,6.0,24.0,468,89.0,13.0,3.0,201.0,,18.0,,21.0,63.0,24,946,292,62.0,3.0,23.0,3.0,14.0,6.0,2.0,1.0,212,79.0,3.0,3.0,178.0,,2.0,,7.0,44.0,12.0,1.9,36006,13940,2079.0,266.0,772.0,113.0,440.0,620.0,42.0,84.0,6116,2179.0,78.0,151.0,6667.0,,13.0,,221.0,1774.0,450,49714429.23,2256011.37,47458417.86,5689945.75,5321856.39,368089.36,,309951.42,581484.09,,,187702.83,51018649.28,187836.38,,,,1474801.81,24592.64,2585215.67,48634854.37,59474964.2,1499394.45,57975569.75,51029821.47,51220070.04,2496692.85,48533128.62,7.8,7.8,,,4.7,,4.7,,4.2,,4.2,
3514809,0.691,0.615,0.847,0.633,0.49,6.08,23.26,49.78,38.73,12.34,12.56,411.0,85.45,1591.95,168.12,262.14,419.79,1133.14,0.44,75.82,2.82,13.5,15.64,62.91,94.87,84.48,329349.074,309186.428,423995.268,21122.95,23658.0,32442.82,319618.723,146214.404,12950.934,86045.306,74408.078,9730.352,1945,7,1560,2.0,24.0,5.0,17,6.0,2.0,12.0,146,10.0,8.0,1.0,25.0,4.0,8.0,,70,18.0,20,,3278,729,1448,7.0,92.0,17.0,93.0,20.0,2.0,43.0,455,19.0,12.0,8.0,104.0,40.0,7.0,,57.0,41.0,84,1470,729,42.0,7.0,67.0,12.0,76.0,17.0,,28.0,284,7.0,6.0,8.0,73.0,33.0,,,4.0,21.0,56.0,2.0,53794,33064,1022.0,730.0,1658.0,341.0,1837.0,973.0,,731.0,7595,181.0,169.0,479.0,1935.0,1385.0,,,109.0,494.0,1089,88899566.93,3858297.43,85041269.5,5576705.17,5324915.41,251789.76,,,2826279.95,,,,97486248.72,2344575.9,,,,2677249.64,,5657011.66,88175336.49,110911059.38,2677249.64,108233809.74,90053412.02,93832348.15,4090511.79,85962900.23,6.1,6.1,,,5.4,,5.4,,4.4,,4.4,
3514908,0.695,0.583,0.822,0.701,0.42,2.42,4.87,18.95,33.73,16.06,8.4,625.66,172.39,2110.17,329.91,461.72,642.39,1521.42,0.31,74.32,1.79,15.8,18.29,43.72,94.03,82.28,1004655.097,1510915.948,2159508.523,55521.14,85367.31,122013.02,870094.402,101618.804,371413.346,300563.399,96498.853,134560.695,2037,7,1164,8.0,53.0,9.0,61,11.0,35.0,38.0,282,65.0,14.0,1.0,139.0,10.0,9.0,,65,27.0,39,,8880,721,934,34.0,142.0,23.0,325.0,39.0,84.0,90.0,872,265.0,45.0,,4336.0,29.0,14.0,,47.0,43.0,837,6917,721,11.0,29.0,88.0,7.0,254.0,30.0,4.0,36.0,531,185.0,29.0,,4149.0,19.0,7.0,,12.0,9.0,796.0,2.6,332603,35803,294.0,1438.0,2371.0,626.0,7830.0,3439.0,121.0,4772.0,16681,8383.0,975.0,,211825.0,802.0,121.0,,368.0,277.0,36477,120810634.26,7154017.44,113656616.82,26420933.44,21593036.08,4827897.36,,1556780.0,2272699.43,,,,120122012.43,98415.45,,186436.36,,4181063.0,,8797636.7,118227439.95,154838340.11,4367499.36,150470840.75,122961671.03,127025076.65,7155413.44,115806257.59,6.5,6.5,,,5.4,5.4,,,4.2,,4.2,
3514924,0.747,0.712,0.825,0.711,0.33,0.0,1.4,6.45,26.29,20.54,5.12,666.93,267.03,1753.55,418.04,534.94,741.48,1374.3,0.19,74.51,2.01,15.5,17.93,40.67,94.15,82.58,76050.806,84550.107,121970.552,20323.57,26943.95,38868.88,71757.084,15319.978,2722.802,29479.387,24234.917,4293.722,375,5,246,1.0,7.0,2.0,14,2.0,2.0,5.0,39,,2.0,,12.0,,4.0,,11,1.0,22,,712,197,205,2.0,11.0,6.0,65.0,1.0,2.0,8.0,88,,2.0,,58.0,,3.0,,4.0,1.0,59,418,197,52.0,,2.0,4.0,45.0,,,1.0,38,,,,45.0,,,,,,34.0,2.5,21380,10356,3645.0,,28.0,160.0,1520.0,,,19.0,1395,,,,1658.0,,,,,,2598,32137154.28,1270273.23,30866881.05,2914218.85,2858025.33,56193.52,,261121.72,1036080.81,,,495831.5,34716963.54,166045.68,,422.85,,1544669.02,,2149764.17,31257133.96,41135353.97,1545091.87,39590262.1,32149544.12,33406898.13,1270273.23,30879270.89,7.9,7.9,,,5.9,5.9,,,4.5,,4.5,
3514957,0.73,0.641,0.84,0.723,0.36,0.27,1.96,11.44,29.23,18.85,6.2,717.97,238.84,2098.58,437.86,583.36,772.61,1563.04,0.23,75.42,1.96,14.1,16.32,41.86,94.65,83.91,57200.22,66131.557,93031.653,23385.21,28468.17,40048.06,55158.722,11552.23,6253.928,19026.534,18326.03,2041.498,569,5,485,2.0,3.0,2.0,10,1.0,1.0,6.0,22,3.0,2.0,,3.0,1.0,,,12,4.0,7,,660,212,262,3.0,3.0,2.0,15.0,,1.0,7.0,60,8.0,2.0,,9.0,57.0,,,3.0,6.0,10,335,212,25.0,3.0,,,2.0,,,,26,2.0,,,5.0,57.0,,,1.0,1.0,1.0,2.1,13998,9185,638.0,100.0,,,42.0,258.0,,,995,11.0,,,190.0,2497.0,,,20.0,9.0,54,28699630.87,1533134.08,27166496.79,1637218.81,1547068.82,90149.99,,54003.37,205732.51,,,445941.6,30618904.32,491.61,,,,1394204.25,,2946034.08,27166496.79,34356496.47,1394204.25,32962292.22,28699630.87,30112530.87,1533134.08,27166496.79,7.6,7.6,,,6.3,,6.3,,5.8,,5.8,
3515004,0.735,0.676,0.839,0.7,0.45,1.58,7.05,22.4,36.31,14.94,9.72,622.77,160.04,2261.41,305.2,444.05,625.85,1576.34,0.36,75.33,2.0,13.09,15.18,42.28,94.42,83.28,14314753.758,16591731.265,17290649.652,51258.86,66176.34,68971.96,11397374.827,397.817,1790455.934,8506889.409,1099631.667,2917378.931,8576,21,49,46.0,418.0,147.0,832,138.0,152.0,510.0,3020,616.0,286.0,5.0,447.0,3.0,296.0,,751,324.0,515,8241.0,58317,4890,55,747.0,2174.0,355.0,5740.0,430.0,338.0,897.0,15988,2228.0,1799.0,1.0,11087.0,237.0,1368.0,,1160.0,1692.0,7131,48544,4882,8.0,695.0,1686.0,154.0,4813.0,181.0,65.0,294.0,12557,1527.0,1434.0,,10569.0,235.0,1011.0,,541.0,1292.0,6600.0,2.5,2372057,347357,315.0,29228.0,50227.0,3481.0,158707.0,19594.0,1735.0,15709.0,523184,45086.0,48822.0,,655107.0,22616.0,58130.0,,23321.0,34229.0,335207,1179971315.14,67570051.42,1112401263.72,273031084.92,259299999.58,13729011.49,2073.85,61215051.1,37000551.25,,,1139834.31,1051323865.99,51542232.44,13578290.95,,,37261088.62,,76507582.25,1278869684.33,1526091999.58,50839379.57,1475252620.01,1311283207.09,1355377266.58,73370005.67,1237913201.42,6.5,6.5,6.4,,5.0,5.3,5.0,,4.4,,4.4,
3515103,0.749,0.708,0.834,0.713,0.5,2.89,8.98,25.12,40.56,12.93,12.55,676.52,142.43,2743.69,294.98,433.5,647.19,1870.84,0.46,75.01,1.93,14.7,17.03,46.68,94.43,83.32,1456125.367,1548217.577,1742920.008,20683.01,23118.08,26025.38,1190192.531,2757.21,279476.507,590362.95,317595.864,265932.836,2486,13,222,11.0,110.0,37.0,141,37.0,29.0,116.0,804,127.0,100.0,3.0,206.0,3.0,49.0,,275,134.0,69,2440.0,12152,1696,227,147.0,389.0,190.0,346.0,117.0,52.0,268.0,3442,298.0,447.0,,3519.0,25.0,142.0,,373.0,252.0,222,9272,1696,5.0,139.0,254.0,142.0,179.0,64.0,10.0,133.0,2448,143.0,331.0,,3238.0,18.0,91.0,,153.0,91.0,137.0,2.5,433039,125669,158.0,8475.0,5824.0,4932.0,6786.0,6570.0,280.0,5286.0,74743,5549.0,11955.0,,158531.0,736.0,3060.0,,4567.0,2408.0,7509,276943852.8,5841732.26,271102120.54,63522604.11,51580723.91,11941880.2,,5870342.19,2251388.96,,,,253044459.02,5479338.44,,,,5349379.09,,7100478.23,311953010.47,335517511.81,5349379.09,330168132.72,318477705.39,319053488.7,6975614.61,311502090.78,6.6,5.9,6.8,,5.2,4.6,5.3,,4.5,,4.5,
3515129,0.727,0.691,0.805,0.69,0.38,1.08,4.81,22.08,29.79,17.44,6.83,584.76,178.65,1742.14,331.25,476.03,650.23,1302.56,0.26,73.28,1.97,17.5,20.27,44.29,93.42,80.7,79174.834,78917.541,97865.943,24451.77,26183.66,32470.45,76482.809,25690.611,5697.494,22514.839,22579.865,2692.026,699,5,607,1.0,3.0,2.0,6,1.0,,3.0,32,3.0,3.0,,4.0,1.0,,,13,7.0,8,,857,243,456,1.0,3.0,2.0,8.0,,,3.0,80,6.0,9.0,,25.0,1.0,,,9.0,6.0,5,319,243,,1.0,,,,,,,43,,6.0,,20.0,,,,6.0,,,2.2,12965,10811,,98.0,,,,,,,1090,,127.0,,620.0,,,,139.0,,79,30274790.79,771145.22,29503645.57,1668573.27,1477574.39,183144.16,7854.72,,428518.31,,,16075.0,35162812.55,68527.06,,191331.0,,250000.0,83062.24,772343.22,30199101.14,37868899.43,524393.24,37344506.19,30516648.44,30971444.36,771145.22,29745503.22,8.2,8.2,,,5.9,5.9,,,4.2,,4.2,
3515152,0.732,0.668,0.815,0.72,0.45,1.57,5.92,19.64,35.28,14.07,10.03,707.37,174.86,2495.69,322.73,481.83,735.18,1813.55,0.37,73.87,2.11,16.5,19.13,44.14,93.77,81.6,661053.173,754021.548,814390.123,30446.44,38537.34,41622.72,576632.552,48387.995,130542.389,301599.581,96102.587,84420.621,1536,7,582,4.0,50.0,17.0,53,29.0,26.0,74.0,307,61.0,48.0,,71.0,1.0,32.0,,70,72.0,32,,5785,646,428,32.0,135.0,32.0,181.0,67.0,46.0,149.0,1046,123.0,1110.0,,1406.0,2.0,41.0,,64.0,222.0,55,4285,646,38.0,30.0,82.0,12.0,138.0,26.0,5.0,54.0,684,32.0,1051.0,,1316.0,,7.0,,23.0,129.0,12.0,2.5,206081,30592,1161.0,1547.0,2132.0,223.0,4025.0,2754.0,167.0,1300.0,20849,866.0,59515.0,,74530.0,,185.0,,721.0,5162.0,352,109954087.76,9600822.02,100353265.74,19500506.28,18976743.28,523763.0,,6343268.05,1337880.68,,,5549942.45,99666549.69,1242923.97,,,,2658604.25,,13031879.85,110584871.19,136299675.37,2658604.25,133641071.12,119668827.93,123616751.04,11041898.15,108626929.78,6.0,6.0,,,4.9,,4.9,,4.1,,4.1,
3515186,0.787,0.712,0.872,0.784,0.57,0.35,2.94,14.7,49.8,11.81,16.87,1048.6,212.04,5222.39,407.18,570.43,824.33,3217.51,0.58,77.31,1.67,11.4,13.22,42.08,95.63,86.57,2065823.762,2399383.433,2715247.127,46311.65,60261.79,68194.87,1839974.274,174806.062,570660.663,907642.998,186864.551,225849.487,4014,8,1512,10.0,145.0,36.0,192,74.0,48.0,193.0,809,80.0,93.0,3.0,306.0,2.0,52.0,,177,192.0,82,,30417,1102,1656,42.0,480.0,152.0,13601.0,237.0,158.0,450.0,2958,160.0,721.0,9.0,6377.0,3.0,88.0,,722.0,1099.0,402,26046,1102,380.0,36.0,303.0,97.0,13377.0,119.0,23.0,193.0,2025,30.0,598.0,9.0,5970.0,2.0,28.0,,570.0,873.0,311.0,2.2,600986,56646,13159.0,3233.0,8914.0,3316.0,83981.0,10039.0,496.0,5972.0,68417,1230.0,19523.0,551.0,253259.0,51.0,1177.0,,22422.0,38639.0,9961,201026520.25,2727968.19,198298552.06,42908126.27,40587691.02,2320198.29,236.96,2797166.39,3738046.46,,,3555569.77,185884926.54,1373092.86,,,,4401174.3,,9751796.06,206194303.07,244658102.59,4401174.3,240256928.29,204161174.58,215946099.13,2780650.76,201380523.82,7.1,7.0,7.1,,4.8,,4.8,,4.5,,4.5,
3515194,0.696,0.609,0.819,0.675,0.38,0.55,3.0,23.43,29.94,17.88,6.7,533.76,182.15,1598.14,294.95,416.34,576.96,1201.55,0.24,74.12,2.64,16.1,18.65,46.24,93.92,81.99,91772.493,96443.326,181809.326,18630.23,23200.22,43735.71,86989.913,24141.225,4027.772,30170.034,28650.882,4782.58,628,8,502,3.0,6.0,6.0,5,2.0,,3.0,42,3.0,6.0,,4.0,,3.0,,16,6.0,13,,1015,290,496,2.0,11.0,5.0,9.0,7.0,,3.0,141,6.0,6.0,,8.0,,1.0,,8.0,7.0,15,571,290,170.0,2.0,4.0,,1.0,4.0,,,91,2.0,,,1.0,,,,1.0,2.0,3.0,2.2,22033,14346,4403.0,105.0,116.0,,31.0,336.0,,,2329,47.0,,,38.0,,,,20.0,27.0,235,39279374.13,1362962.66,37916411.47,3919874.1,3875808.54,44065.56,,,1011638.7,,,,44623757.5,57338.54,,22204.31,,2129561.39,,1969828.13,38183182.15,51764374.54,2151765.7,49612608.84,39558081.62,40153010.28,1404918.37,38153163.25,6.3,6.3,,,4.5,,4.5,,4.3,,4.3,
3515202,0.76,0.705,0.873,0.712,0.39,0.66,4.95,14.63,31.34,17.65,7.1,670.65,204.09,2101.82,387.74,521.05,698.08,1552.05,0.26,77.4,1.67,11.3,13.1,41.37,95.68,86.7,753257.368,1211779.79,1317162.584,89460.5,128680.02,139870.72,662610.579,47013.073,322398.642,252573.626,40625.238,90646.789,2172,9,1758,2.0,14.0,9.0,17,21.0,9.0,21.0,156,7.0,6.0,1.0,29.0,1.0,4.0,,35,39.0,34,,5711,466,1310,5.0,55.0,9.0,26.0,70.0,35.0,36.0,718,50.0,30.0,4.0,2552.0,2.0,5.0,,38.0,178.0,122,3971,466,50.0,2.0,43.0,,5.0,37.0,,11.0,534,37.0,24.0,,2519.0,1.0,,,23.0,132.0,87.0,2.4,176339,23544,1484.0,218.0,1336.0,,79.0,3774.0,,166.0,18644,1462.0,487.0,,113383.0,21.0,,,451.0,4413.0,6878,78497116.38,2429668.54,76067447.84,7916931.03,7189485.6,727445.43,,3528544.19,5958637.2,,,25791.0,69673526.86,3097289.04,,3741.59,,,,2489867.59,77887133.98,90204460.91,3741.59,90200719.32,80204669.4,80377001.57,2489867.59,77714801.81,6.8,6.8,,,5.8,,5.8,,4.8,,4.8,
3515301,0.74,0.714,0.818,0.693,0.43,1.45,3.82,24.41,35.13,15.61,9.0,597.74,176.18,2099.86,290.38,447.75,611.49,1471.86,0.33,74.1,2.26,16.2,18.7,45.4,93.91,81.95,62446.432,56385.027,69691.794,22511.33,20860.17,25783.13,58881.266,19267.693,2896.191,16302.326,20415.055,3565.166,599,7,485,1.0,3.0,,8,1.0,,11.0,28,6.0,5.0,,2.0,1.0,,,29,7.0,5,,885,374,378,1.0,3.0,,19.0,,,11.0,57,13.0,5.0,,2.0,1.0,,,5.0,6.0,10,429,374,2.0,1.0,,,7.0,,,,30,6.0,,,2.0,,,,2.0,,5.0,1.8,13287,11843,64.0,86.0,,,166.0,,,,752,40.0,,,79.0,,,,29.0,,229,30674401.24,1201932.24,29472469.0,1790416.0,1644232.0,146184.0,,,158718.91,,,,34282361.75,234033.61,223023.07,,,1435500.0,895357.72,2406849.33,31317238.4,39019411.06,2553880.79,36465530.27,32079206.92,33724087.73,1244212.24,30834994.68,8.0,8.0,,,5.0,,5.0,,4.5,,4.5,
3515350,0.704,0.655,0.802,0.663,0.45,5.16,14.46,35.48,34.01,13.69,9.94,493.91,103.56,1679.61,234.49,359.7,537.58,1225.05,0.39,73.13,1.97,17.8,20.57,51.11,93.33,80.47,136498.422,134967.008,162208.418,14708.88,17032.69,20470.52,131271.023,35911.63,6392.352,42975.678,45991.363,5227.399,1821,6,1595,2.0,4.0,2.0,7,4.0,,10.0,79,6.0,7.0,1.0,10.0,,1.0,,48,24.0,15,,2299,448,1391,3.0,7.0,3.0,12.0,9.0,,13.0,201,6.0,30.0,3.0,37.0,,8.0,,56.0,40.0,32,692,448,37.0,2.0,3.0,,5.0,2.0,,2.0,116,,3.0,3.0,27.0,,6.0,,9.0,12.0,17.0,2.0,26562,19158,1140.0,175.0,38.0,,123.0,338.0,,41.0,3494,,38.0,202.0,619.0,,147.0,,162.0,306.0,581,58084187.45,10421464.6,47662722.85,3000882.23,2236923.55,537134.87,226823.81,226601.16,504322.01,,,,55727385.13,441391.71,,,,4910921.27,,10580539.74,50425828.91,64811503.51,4910921.27,59900582.24,60906221.07,61006368.65,10580539.74,50325681.33,6.5,6.5,,,5.2,,5.2,,4.6,,4.6,
3515400,0.732,0.648,0.867,0.699,0.43,1.47,6.9,20.95,34.31,15.78,8.7,618.77,164.03,2122.93,324.23,464.57,627.28,1523.74,0.32,77.02,1.71,11.8,13.68,46.34,95.49,86.18,473712.304,482673.126,566394.766,29419.47,29005.06,34036.1,443398.501,97585.466,53953.657,214081.615,77777.763,30313.803,2461,7,1701,2.0,30.0,14.0,45,12.0,24.0,47.0,293,18.0,26.0,1.0,69.0,9.0,12.0,,51,53.0,47,,5509,606,1369,4.0,115.0,41.0,208.0,61.0,59.0,126.0,984,87.0,131.0,4.0,1165.0,6.0,31.0,,80.0,246.0,186,3265,606,6.0,4.0,78.0,22.0,150.0,51.0,5.0,67.0,646,59.0,94.0,4.0,1091.0,2.0,17.0,,44.0,182.0,137.0,1.7,111391,31255,239.0,571.0,2049.0,516.0,4256.0,4798.0,99.0,2025.0,18928,1479.0,2424.0,215.0,29028.0,57.0,372.0,,1128.0,7066.0,4885,97267719.18,6008994.26,91258724.92,14739561.05,12976871.32,1762689.73,,848693.14,2817686.4,,,,105242869.48,505259.51,,115988.08,,4330712.08,,12836146.92,96772458.05,128600769.74,4446700.16,124154069.58,99026738.49,109608604.97,6291935.57,92734802.92,7.4,7.4,,,5.7,,5.7,,4.9,,4.9,
3515509,0.797,0.758,0.872,0.767,0.49,0.35,2.46,10.2,41.72,14.42,11.58,944.0,246.92,3938.81,433.52,579.35,843.61,2621.99,0.42,77.31,1.64,12.82,14.37,41.56,95.88,87.26,2468766.33,2760929.076,2790708.1,35430.06,38784.72,39203.05,2250446.989,83864.046,383335.299,1461339.829,321907.815,218319.342,7045,13,2197,13.0,266.0,66.0,254,146.0,125.0,339.0,1834,176.0,129.0,8.0,311.0,1.0,91.0,,241,650.0,185,6580.0,27056,2283,1934,110.0,1070.0,158.0,771.0,541.0,376.0,890.0,7643,757.0,2701.0,57.0,3619.0,2.0,407.0,,414.0,2367.0,956,19083,2283,240.0,99.0,748.0,84.0,478.0,242.0,62.0,425.0,5396,513.0,2547.0,51.0,3209.0,1.0,278.0,,218.0,1458.0,751.0,2.2,778819,157770,8420.0,6852.0,19748.0,1676.0,12448.0,20335.0,2787.0,14343.0,175297,16379.0,136873.0,2893.0,96346.0,7.0,12692.0,,6271.0,48784.0,38900,363222619.77,10610106.85,352612512.92,103221184.5,84903913.94,18257572.6,59697.96,23012785.46,10856034.35,,,1433861.42,268753650.53,12182860.24,,139768.7,,2729273.92,2816113.54,12488287.96,378317422.93,425145532.66,5685156.16,419460376.5,377845035.42,390805710.89,10685832.29,367159203.13,7.0,7.0,,,5.9,5.1,5.9,,5.2,,5.2,
3515608,0.758,0.68,0.859,0.746,0.41,0.42,0.42,8.57,34.77,17.25,8.06,832.72,264.77,2895.21,453.5,602.43,825.4,2020.32,0.29,76.55,1.71,11.5,13.34,45.86,94.94,85.63,205593.634,221148.882,281661.783,35416.65,37217.92,47401.85,191567.057,61991.458,25277.382,70717.318,33580.899,14026.577,1465,8,1162,1.0,10.0,3.0,19,8.0,7.0,15.0,116,4.0,10.0,,28.0,1.0,4.0,,19,18.0,32,,2691,303,831,1.0,28.0,4.0,274.0,24.0,15.0,38.0,405,16.0,16.0,,525.0,1.0,11.0,,17.0,24.0,158,1509,303,34.0,1.0,14.0,,245.0,7.0,1.0,10.0,268,9.0,3.0,,486.0,,7.0,,5.0,3.0,113.0,1.9,53817,14349,1075.0,128.0,267.0,22.0,8004.0,1071.0,22.0,456.0,7808,325.0,98.0,,16520.0,,273.0,,183.0,73.0,3142,51706671.5,3427068.2,48279603.3,4933843.02,4325265.32,608577.7,,455452.39,661574.95,,,6831.71,50678238.92,136691.72,,1156636.0,,894126.76,,5310488.75,51407031.62,58923395.47,2050762.76,56872632.71,55633406.12,56717520.37,4461824.52,51171581.6,8.7,8.7,,,6.3,6.3,,,4.8,,4.8,
3515657,0.703,0.617,0.843,0.668,0.4,1.21,5.17,30.98,33.33,17.05,7.82,510.09,162.79,1699.96,272.13,390.66,521.54,1207.16,0.29,75.55,2.35,13.9,16.08,48.15,94.73,84.11,80954.108,79802.95,102634.371,46552.1,48190.19,61977.28,77315.919,36213.35,3402.017,23174.42,14526.132,3638.189,584,5,523,2.0,1.0,1.0,3,1.0,1.0,2.0,14,2.0,4.0,,5.0,1.0,1.0,,11,4.0,3,,766,181,412,,3.0,1.0,8.0,2.0,5.0,2.0,74,21.0,5.0,,36.0,1.0,2.0,,3.0,2.0,8,302,181,7.0,,,,4.0,,1.0,,57,19.0,,,30.0,,,,,,3.0,2.3,12595,8262,177.0,,,,106.0,,44.0,,2528,662.0,11.0,,753.0,,,,,,51,26925905.62,535679.93,26390225.69,1492246.3,1223158.83,269087.47,,1282867.43,763508.31,,,10217.31,29189249.16,112388.68,,,,,,1396787.33,26425046.54,32850477.19,,32850477.19,26929659.51,27821833.87,535679.93,26393979.58,7.5,7.5,,,5.7,,5.7,,4.9,,4.9,
3515707,0.738,0.703,0.828,0.691,0.43,2.02,7.58,24.65,33.14,15.22,8.71,587.83,152.54,1947.96,294.86,430.92,622.22,1433.43,0.34,74.65,1.9,15.49,17.58,43.57,94.26,82.86,4740673.305,5179708.032,5523980.573,23863.13,28903.81,30826.13,4156684.618,3345.067,1554618.945,1877666.314,721054.293,583988.687,4548,14,21,14.0,214.0,61.0,322,68.0,47.0,231.0,1607,331.0,201.0,2.0,466.0,,115.0,,533,199.0,102,4391.0,29040,3485,28,76.0,767.0,145.0,857.0,195.0,96.0,504.0,6445,1185.0,1000.0,,10740.0,,255.0,,666.0,1886.0,710,23990,3482,7.0,58.0,523.0,76.0,556.0,114.0,18.0,228.0,4631,791.0,778.0,,10135.0,,117.0,,231.0,1642.0,603.0,2.4,1050946,218214,143.0,2058.0,13637.0,2178.0,14104.0,10304.0,832.0,6287.0,147531,20450.0,31276.0,,459350.0,,3241.0,,7035.0,89468.0,24837,693067480.94,65320773.12,627746707.82,133997606.02,108433595.7,25564010.32,,8518460.32,43647934.49,,,,538440014.61,52217292.62,,,,37860552.84,,71327872.56,669227137.58,814681860.9,37860552.84,776821308.06,705982854.46,740555010.14,66812761.25,639170093.21,6.5,6.5,,,5.0,5.2,5.0,,4.4,,4.4,
3515806,0.727,0.723,0.796,0.668,0.4,1.22,7.92,30.4,30.83,16.5,7.47,511.8,149.92,1577.94,272.36,407.39,555.42,1179.34,0.28,72.74,1.85,18.5,21.36,51.3,93.08,79.85,42156.144,47500.084,65664.783,30176.19,31943.57,44159.24,41121.507,16114.754,1695.894,10249.123,13061.735,1034.637,514,4,450,2.0,2.0,,2,2.0,,2.0,8,,2.0,,,1.0,,,27,6.0,6,,583,227,289,3.0,7.0,,6.0,3.0,,2.0,21,,4.0,,,2.0,,,1.0,4.0,14,249,227,,1.0,4.0,,1.0,,,,6,,1.0,,,,,,,,9.0,2.2,9884,9252,,59.0,69.0,,21.0,,,,150,,4.0,,,,,,,,328,26958287.71,1397667.54,25560620.17,1042921.16,964204.89,78716.27,,,666313.88,,,,29167073.3,200841.14,,,,253102.28,,1411165.44,26209148.76,31330251.76,253102.28,31077149.48,27376350.2,27620314.2,1404397.54,25971952.66,7.2,7.2,,,5.8,5.8,,,4.6,,4.6,
3515905,0.747,0.726,0.808,0.71,0.37,0.37,2.41,15.13,28.3,17.52,6.46,663.83,217.06,1878.34,364.6,518.57,754.26,1467.53,0.24,73.49,1.27,17.2,19.85,42.63,93.55,81.03,81886.09,82992.652,131171.272,28393.24,30366.87,47995.34,78718.107,29772.115,4783.238,24273.516,19889.238,3167.984,1168,6,1016,,2.0,2.0,5,2.0,1.0,13.0,45,3.0,3.0,,14.0,,3.0,,24,22.0,7,,1242,231,700,,5.0,5.0,9.0,2.0,2.0,23.0,98,14.0,3.0,,88.0,,11.0,,9.0,27.0,15,392,231,2.0,,3.0,3.0,4.0,,,5.0,43,11.0,,,70.0,,8.0,,4.0,,8.0,1.9,14861,9963,109.0,,61.0,49.0,78.0,,,90.0,1412,303.0,,,2234.0,,201.0,,60.0,,302,39337378.31,1623769.02,37713609.29,2596779.82,2293943.05,185057.39,117779.38,1473334.31,366054.02,,,,35810561.17,427075.24,,,,2199034.93,,2493457.41,37754409.29,42872839.49,2199034.93,40673804.56,39345678.31,40247866.7,1623769.02,37721909.29,8.8,8.8,,,6.4,,6.4,,5.1,,5.1,
3516002,0.715,0.646,0.807,0.702,0.41,2.01,6.0,19.02,31.79,16.23,7.84,632.97,173.34,2012.52,340.3,489.66,683.3,1465.48,0.31,73.44,1.95,17.3,19.96,47.37,93.52,80.94,264841.457,289806.679,361684.346,17731.75,22365.08,27912.05,252152.152,53191.975,26834.159,103218.827,68907.19,12689.306,2135,7,1728,2.0,13.0,6.0,36,6.0,4.0,24.0,109,10.0,6.0,9.0,20.0,,5.0,,41,39.0,70,,3138,640,1145,6.0,19.0,12.0,157.0,24.0,6.0,43.0,386,31.0,16.0,12.0,348.0,,9.0,,25.0,105.0,154,1619,640,64.0,4.0,4.0,5.0,111.0,15.0,1.0,17.0,260,18.0,7.0,,322.0,,4.0,,13.0,57.0,77.0,2.3,75922,40151,3117.0,339.0,110.0,95.0,4205.0,1159.0,9.0,440.0,7933,694.0,200.0,,11947.0,,84.0,,300.0,1947.0,3194,61178306.05,7530684.74,53647621.31,6679509.02,5828213.08,851259.45,36.49,459341.05,1004546.73,,,,64634875.44,344022.0,,,,1153959.1,,7709364.57,57337858.69,74276253.34,1153959.1,73122294.24,64493080.97,65047223.26,7582499.46,56910581.51,6.2,6.2,,,5.4,,5.4,,4.2,,4.2,
3516101,0.713,0.652,0.82,0.678,0.46,5.44,14.89,31.74,36.73,13.55,10.84,544.03,109.62,1998.31,258.96,409.16,552.77,1385.98,0.43,74.19,2.09,16.0,18.52,44.78,93.96,82.09,171948.578,196358.023,216161.178,65354.84,50988.84,56131.18,152520.63,35659.459,4959.845,89442.547,22458.78,19427.948,806,9,694,1.0,2.0,2.0,8,2.0,3.0,6.0,31,5.0,4.0,1.0,2.0,,7.0,,14,10.0,5,,970,438,364,1.0,3.0,4.0,16.0,6.0,6.0,10.0,75,11.0,3.0,,8.0,,9.0,,3.0,10.0,3,510,438,,1.0,1.0,2.0,3.0,6.0,,,41,4.0,,,6.0,,4.0,,2.0,1.0,1.0,2.9,27436,24598,,91.0,44.0,66.0,6.0,305.0,,,1793,85.0,,,153.0,,152.0,,48.0,19.0,77,37672891.46,1915454.63,35757436.83,4377008.07,4017194.29,359813.78,,296201.3,551092.0,,,480.0,43203758.15,131737.38,,769696.46,,1766580.83,,3057597.29,36460636.79,51096554.19,2536277.29,48560276.9,38139833.64,39518234.08,1928512.13,36211321.51,6.8,,6.8,,5.8,,5.8,,4.7,,4.7,
3516200,0.78,0.753,0.842,0.749,0.46,0.65,3.34,12.87,37.67,14.85,10.14,846.57,218.68,3188.69,410.09,572.52,822.13,2206.01,0.37,75.5,1.59,14.3,16.03,42.34,94.75,84.16,11276086.013,13076032.508,14375667.458,31450.1,37091.23,40777.87,10121235.126,159928.808,1608561.476,6913824.261,1438920.582,1154850.887,27648,25,1494,55.0,917.0,307.0,2075,815.0,859.0,1807.0,10089,1087.0,742.0,16.0,3348.0,5.0,632.0,,1119,1667.0,589,26366.0,131176,5901,1615,796.0,4167.0,934.0,8109.0,4744.0,2135.0,5145.0,38046,4543.0,11388.0,117.0,27132.0,6.0,2240.0,,2207.0,8751.0,3200,98041,5900,182.0,728.0,3105.0,558.0,6064.0,3280.0,443.0,2839.0,26500,2924.0,10500.0,109.0,23104.0,,1453.0,,1250.0,6515.0,2587.0,2.1,3943296,421726,5298.0,58634.0,84768.0,15126.0,179047.0,192481.0,17865.0,85254.0,907508,101082.0,563834.0,8232.0,822700.0,,103423.0,,37700.0,239707.0,98911,1330387124.21,28344172.03,1302042952.18,471105416.28,466521396.27,4462050.24,121969.77,767881.46,57141306.36,,,86571079.34,919041086.87,24625616.11,,4285.52,208736.45,13134972.5,,50788830.14,1408401753.42,1572600380.89,13347994.47,1559252386.42,1397904408.49,1459190583.56,30274592.42,1367629816.07,7.2,6.8,7.8,,5.6,,5.6,,4.7,,4.7,
3516309,0.703,0.647,0.815,0.659,0.4,2.75,9.32,30.04,29.68,16.31,7.28,483.98,135.38,1436.66,259.29,376.41,540.99,1105.39,0.28,73.91,2.21,16.5,19.05,46.69,93.8,81.66,1872466.812,2039346.03,2237469.166,10439.01,12349.27,13549.01,1775558.41,657.915,127499.056,988959.398,658442.041,96908.402,3062,9,7,13.0,155.0,36.0,176,30.0,41.0,134.0,1199,318.0,101.0,1.0,155.0,,62.0,,390,147.0,88,2954.0,13324,2382,6,110.0,528.0,85.0,422.0,126.0,76.0,340.0,4340,990.0,521.0,,568.0,,161.0,,528.0,1522.0,619,10033,2382,,93.0,356.0,42.0,230.0,86.0,11.0,185.0,3067,597.0,395.0,,386.0,,84.0,,220.0,1366.0,533.0,2.4,468168,159507,,3127.0,9062.0,1180.0,6837.0,8902.0,235.0,5372.0,108746,15182.0,12932.0,,10324.0,,2636.0,,4929.0,90574.0,28622,645757002.57,49734449.74,596022552.83,97908157.55,88552185.5,9354902.54,1069.51,27668496.29,10903992.59,,,308824.1,538559654.33,11781925.7,,352850.0,,29596783.64,,67360099.43,633355066.9,717080684.2,29949633.64,687131050.56,651893482.6,700715166.33,50627899.71,601265582.89,6.2,6.2,5.9,,4.7,,4.7,,4.1,,4.1,
3516408,0.731,0.654,0.852,0.702,0.44,1.75,6.83,23.54,33.36,14.72,9.07,632.42,158.08,2109.76,307.24,458.74,673.19,1562.76,0.34,76.09,1.8,13.1,15.18,41.28,95.01,84.87,4297870.725,5087143.092,5438088.812,27126.51,35120.32,37543.16,3820464.465,4528.066,1336799.082,1871367.84,607769.478,477406.26,3916,29,90,25.0,213.0,54.0,296,54.0,51.0,174.0,1348,387.0,142.0,3.0,254.0,,90.0,,407,174.0,125,3696.0,25613,5195,96,172.0,732.0,143.0,1203.0,223.0,101.0,335.0,6093,923.0,649.0,106.0,4254.0,,195.0,,510.0,3506.0,1177,21461,5195,12.0,150.0,498.0,77.0,905.0,156.0,23.0,141.0,4617,515.0,475.0,105.0,3934.0,,86.0,,198.0,3317.0,1057.0,2.7,1039784,347922,353.0,12592.0,12769.0,2000.0,29706.0,17393.0,610.0,4573.0,144275,11050.0,22123.0,6284.0,208644.0,,2722.0,,5966.0,164130.0,46671,667434424.73,34732603.74,632701820.99,173258383.33,144939581.26,28318802.07,,31368606.64,21980192.13,,,,513514581.78,13998602.88,10330000.0,,,15919252.08,,49343993.92,676459165.19,780369618.84,26249252.08,754120366.76,696830764.13,725803159.11,37915817.49,658914946.64,6.1,6.1,5.7,,4.9,,4.9,,4.3,,4.3,
3516507,0.763,0.762,0.809,0.721,0.37,0.59,0.88,8.66,29.68,18.82,6.31,712.72,254.03,2115.38,416.8,541.18,757.06,1597.98,0.24,73.54,1.27,17.1,19.77,41.14,93.57,81.09,93704.899,109552.287,123955.929,33755.37,39649.76,44862.8,89388.163,28442.691,16276.463,26511.248,18157.761,4316.736,764,6,619,1.0,3.0,1.0,12,2.0,,15.0,38,5.0,3.0,,11.0,,,,14,22.0,12,,1399,203,450,,6.0,1.0,23.0,6.0,,18.0,173,19.0,6.0,,420.0,,,,7.0,42.0,25,840,203,44.0,,2.0,,6.0,,,1.0,124,13.0,3.0,,405.0,,,,3.0,24.0,12.0,1.7,26365,8961,1090.0,28.0,38.0,,167.0,,,32.0,3804,60.0,13.0,,10747.0,,,,96.0,844.0,484,29894057.0,1858235.47,28035821.53,1849249.18,1754030.43,95218.75,,,439576.89,,,173696.76,34635321.16,40766.62,,,,1769787.07,,2504313.36,29212641.0,38908397.68,1769787.07,37138610.61,30831076.71,31716954.36,1864985.47,28966091.24,5.6,5.6,,,6.8,,6.8,,,,,
3516606,0.709,0.634,0.823,0.684,0.42,1.79,5.68,28.04,32.55,15.43,8.44,565.41,159.48,1840.41,276.6,411.97,597.1,1351.42,0.31,74.36,2.15,15.7,18.21,45.07,94.06,82.34,172719.377,167524.334,220849.14,26907.52,26257.73,34615.85,163021.239,50283.365,11685.908,67199.592,33852.374,9698.139,1070,8,784,4.0,16.0,4.0,11,3.0,3.0,14.0,88,13.0,5.0,,44.0,,5.0,,37,14.0,17,,2031,321,727,6.0,52.0,6.0,40.0,6.0,4.0,22.0,281,44.0,7.0,,379.0,,5.0,,31.0,59.0,41,1128,321,125.0,1.0,36.0,,28.0,5.0,,7.0,177,29.0,,,326.0,,,,8.0,44.0,21.0,1.7,37772,12761,3566.0,122.0,898.0,18.0,658.0,463.0,,166.0,5598,1754.0,,,8401.0,,,,174.0,2434.0,760,47854317.19,1644900.85,46209416.34,5339894.93,5169853.17,170041.76,,247866.49,442845.96,57223.64,,0.2,47260333.86,298205.41,,,,464200.0,,2983834.7,46999214.33,54110570.49,464200.0,53646370.49,48654038.48,49983049.03,1853059.17,46800979.31,6.5,6.5,,,5.0,,5.0,,4.7,,4.7,
3516705,0.769,0.728,0.849,0.737,0.5,1.23,6.94,20.04,41.28,12.84,12.86,786.83,167.94,3247.8,337.27,505.71,729.03,2191.87,0.44,75.93,1.79,13.3,15.43,44.49,94.93,84.64,1725227.785,1657852.918,1893765.629,38831.12,39369.58,44971.87,1572913.798,123187.009,217931.225,1045772.679,186022.885,152313.987,4029,15,1666,4.0,88.0,34.0,147,51.0,69.0,144.0,902,81.0,83.0,2.0,282.0,1.0,68.0,,162,167.0,63,,15191,1293,1660,132.0,298.0,69.0,490.0,187.0,192.0,398.0,3312,320.0,684.0,16.0,3510.0,2.0,442.0,,190.0,1672.0,324,11018,1292,343.0,121.0,193.0,29.0,292.0,106.0,51.0,206.0,2262,220.0,601.0,16.0,3133.0,,365.0,,77.0,1474.0,237.0,2.2,445971,65999,11814.0,6425.0,5461.0,696.0,9029.0,9452.0,1072.0,6379.0,76701,9636.0,38273.0,950.0,128313.0,,16578.0,,2239.0,46826.0,10129,250075244.31,11860891.42,238214352.89,40910368.37,39328077.17,1493618.32,88672.88,11783873.86,14414558.98,,,23142259.39,204405133.25,6799139.34,667074.68,80813.33,,4085148.85,,18694524.85,256873188.06,306288370.05,4833036.86,301455333.19,264774663.08,275567712.91,11871275.45,252903387.63,6.2,6.2,,,5.0,,5.0,,4.5,,4.5,
3516804,0.723,0.635,0.817,0.727,0.42,1.23,2.39,15.12,31.88,15.81,8.06,736.47,206.46,2347.78,375.83,545.72,821.44,1738.51,0.31,74.03,2.53,16.3,18.83,39.77,93.87,81.84,85828.068,83274.604,101942.077,17476.7,25607.2,31347.5,81506.037,21817.456,4534.497,31816.826,23337.259,4322.031,920,7,764,1.0,9.0,2.0,10,3.0,,13.0,55,4.0,1.0,,5.0,,1.0,,25,9.0,11,,981,150,541,1.0,14.0,12.0,25.0,9.0,,15.0,141,19.0,1.0,,12.0,,2.0,,8.0,8.0,23,317,150,34.0,1.0,5.0,2.0,12.0,4.0,,1.0,78,13.0,,,4.0,,1.0,,2.0,1.0,9.0,2.4,15511,9196,2151.0,91.0,132.0,46.0,262.0,426.0,,55.0,2207,434.0,,,48.0,,9.0,,35.0,8.0,410,36094702.33,1029390.42,35065311.91,2225522.34,2199002.13,26520.21,,1120654.74,488583.05,,,6660.0,36910945.79,374299.57,,,,658149.09,,1350752.18,36098447.82,41784814.58,658149.09,41126665.49,36981657.1,37449200.0,1317677.13,35663979.97,6.9,,6.9,,5.7,,5.7,,4.7,,4.7,
3516853,0.719,0.676,0.802,0.687,0.35,1.0,7.38,17.5,25.9,18.34,5.65,575.08,169.08,1489.32,358.18,505.11,660.08,1185.53,0.24,73.14,2.34,17.8,20.56,43.15,93.33,80.47,1184185.051,1258362.596,1735632.823,244615.79,267622.84,369126.5,1023585.817,47791.742,739454.245,197164.038,39175.792,160599.234,514,8,341,1.0,12.0,5.0,17,1.0,1.0,10.0,50,10.0,1.0,1.0,13.0,,,,29,5.0,9,,4913,379,916,1.0,77.0,7.0,89.0,,1.0,21.0,121,24.0,109.0,,3135.0,,,,11.0,6.0,16,4538,379,699.0,,65.0,2.0,70.0,,,11.0,61,10.0,108.0,,3122.0,,,,3.0,3.0,5.0,5.3,423817,25716,36023.0,,2325.0,79.0,885.0,,,1036.0,1701,162.0,1231.0,,354244.0,,,,42.0,57.0,316,83561609.44,4696225.52,78865383.92,24351882.64,23781979.26,569903.38,,,2313762.71,,,653495.26,66575164.24,37149.61,,237330.0,,275788.74,,5245384.81,83735950.8,94444573.2,513118.74,93931454.46,84184255.1,88981335.61,4696225.52,79488029.58,6.5,6.5,,,5.7,5.7,,,6.6,,6.6,
3516903,0.747,0.702,0.808,0.734,0.45,0.5,2.29,14.06,38.19,15.32,9.97,771.92,222.54,2948.18,368.86,518.24,739.18,2013.74,0.35,73.5,1.98,17.2,19.85,40.73,93.55,81.03,275099.291,298226.187,348923.464,25343.09,28920.31,33836.64,257408.674,55733.829,12628.317,135424.323,53622.205,17690.617,2230,8,1606,2.0,25.0,5.0,20,13.0,1.0,35.0,255,17.0,22.0,1.0,26.0,,12.0,,77,53.0,52,,5155,361,1130,4.0,66.0,13.0,41.0,45.0,3.0,77.0,652,37.0,67.0,4.0,2257.0,,19.0,,102.0,166.0,111,3392,361,66.0,3.0,38.0,3.0,14.0,33.0,,38.0,352,17.0,34.0,4.0,2231.0,,5.0,,42.0,104.0,47.0,2.5,147928,24768,2882.0,346.0,673.0,63.0,278.0,3735.0,,697.0,9940,383.0,721.0,250.0,96898.0,,194.0,,1396.0,3154.0,1550,79681804.12,4241544.75,75440259.37,8262853.96,6351575.06,1047178.4,864100.5,4838921.97,4848009.1,,,,65429555.25,2589088.56,,,,6710104.87,,6891788.12,78471335.6,92678533.71,6710104.87,85968428.84,82726950.36,85363123.72,4279747.74,78447202.62,7.1,7.0,,,5.3,5.3,,,5.8,,5.8,
3517000,0.717,0.652,0.813,0.696,0.45,1.76,6.15,23.37,35.76,15.05,9.5,608.58,162.87,2176.31,295.17,420.68,602.73,1553.67,0.36,73.76,2.17,16.7,19.35,48.79,93.71,81.43,215987.576,220875.942,272840.621,18806.06,21586.78,26665.42,207776.827,74848.338,6035.606,73131.432,53761.451,8210.749,1771,9,1549,1.0,4.0,6.0,12,6.0,3.0,17.0,72,10.0,11.0,5.0,9.0,,8.0,,25,12.0,12,,2116,581,957,6.0,5.0,9.0,49.0,8.0,4.0,25.0,207,26.0,34.0,5.0,48.0,,7.0,,23.0,89.0,33,975,581,36.0,5.0,2.0,,31.0,5.0,1.0,6.0,124,15.0,19.0,3.0,37.0,,,,13.0,77.0,20.0,2.8,51709,39317,1586.0,161.0,41.0,,342.0,804.0,3.0,183.0,3496,313.0,515.0,171.0,1056.0,,7.0,,528.0,2518.0,669,55862046.88,2089052.38,53772994.5,5710566.67,5297805.67,412761.0,,,631410.25,,,991972.83,63160239.72,461456.86,,,,1376506.12,,2202092.6,57899600.47,72332152.45,1376506.12,70955646.33,59324235.84,60101693.07,2109679.36,57214556.48,6.1,6.1,,,4.3,,4.3,,4.0,,4.0,
3517109,0.735,0.63,0.858,0.735,0.52,0.13,5.82,19.21,45.34,13.35,13.59,777.37,183.6,3524.73,335.19,474.84,662.83,2236.73,0.49,76.47,2.37,12.6,14.56,46.6,95.21,85.41,125314.106,138649.413,188391.507,25880.65,33506.38,45527.19,118510.563,32201.396,17461.264,39801.549,29046.354,6803.543,1160,6,983,2.0,3.0,2.0,10,6.0,1.0,9.0,37,3.0,6.0,1.0,27.0,9.0,2.0,,26,8.0,19,,1518,304,672,3.0,11.0,3.0,40.0,10.0,1.0,11.0,89,3.0,10.0,,170.0,102.0,5.0,,17.0,21.0,46,730,304,73.0,2.0,7.0,,22.0,4.0,,3.0,40,,4.0,,137.0,83.0,4.0,,9.0,15.0,23.0,2.0,27292,12026,3787.0,122.0,173.0,,785.0,435.0,,79.0,1108,,37.0,,3751.0,3545.0,98.0,,242.0,526.0,577,40900979.56,2507126.2,38393853.36,4098238.05,4058187.49,40050.56,,,1521488.17,,,113964.9,44634426.67,147944.58,314016.57,,,1079734.84,,3720846.95,40183789.92,51909813.78,1393751.41,50516062.37,41601419.82,43904636.87,2507126.2,39094293.62,6.5,6.5,,,,,,,,,,
3517208,0.739,0.679,0.853,0.697,0.38,1.15,4.47,15.27,29.82,18.08,6.6,610.2,198.72,1819.68,353.05,485.57,654.32,1365.8,0.25,76.16,2.18,13.0,15.07,45.01,95.05,84.97,232240.952,259999.736,310852.418,18704.97,23133.71,27658.37,200819.751,28038.137,32268.427,83097.326,57415.861,31421.201,1225,7,885,3.0,18.0,8.0,22,7.0,4.0,14.0,112,8.0,5.0,1.0,38.0,,13.0,,39,17.0,24,,3017,503,657,4.0,51.0,9.0,74.0,15.0,7.0,24.0,360,17.0,10.0,1.0,1158.0,,20.0,,33.0,20.0,54,2109,503,113.0,1.0,32.0,,55.0,,,9.0,217,9.0,5.0,,1114.0,,8.0,,7.0,2.0,34.0,2.3,89151,22483,3712.0,70.0,646.0,,1978.0,72.0,,97.0,6042,176.0,117.0,,52365.0,,166.0,,172.0,56.0,1000,68233518.97,9444013.89,58789505.08,8818628.82,7742131.88,1076496.94,,901085.34,762899.07,,,1791630.88,65855548.8,14724.55,,,,3158191.2,,9472013.89,59037790.41,81302708.66,3158191.2,78144517.46,68481804.3,68509804.3,9444013.89,59037790.41,5.8,5.8,,,5.0,,5.0,,4.2,,4.2,
3517307,0.728,0.689,0.83,0.675,0.4,0.47,6.49,25.57,31.19,16.75,7.45,532.14,158.37,1659.87,287.18,421.48,564.12,1235.14,0.28,74.77,2.06,15.1,17.47,50.44,94.29,82.95,442961.861,462425.705,593772.31,76293.81,83894.36,107723.57,435379.544,26372.233,349668.16,33408.804,25930.348,7582.317,708,8,528,3.0,10.0,7.0,11,1.0,1.0,4.0,64,7.0,2.0,8.0,4.0,1.0,6.0,,24,11.0,8,,1064,338,353,31.0,16.0,8.0,14.0,5.0,1.0,4.0,209,11.0,2.0,21.0,5.0,1.0,15.0,,8.0,13.0,9,533,338,8.0,28.0,4.0,2.0,3.0,5.0,,,128,3.0,,,1.0,,6.0,,2.0,3.0,2.0,1.9,19810,13502,176.0,1315.0,100.0,74.0,89.0,414.0,,,3521,97.0,,,38.0,7.0,236.0,,43.0,60.0,139,47375159.09,890087.27,46485071.82,3670251.9,2721511.57,715325.78,233414.55,1413952.51,262043.74,,,922417.86,43490924.07,581882.76,,,,2092024.02,,1554853.28,46704358.56,52433496.86,2092024.02,50341472.84,47137073.28,48259211.84,890087.27,46246986.01,6.9,6.9,,,4.9,,4.9,,4.8,,4.8,
3517406,0.753,0.683,0.824,0.759,0.53,1.58,4.08,16.34,45.87,12.52,14.65,901.23,193.92,4133.83,370.39,546.21,773.83,2622.11,0.52,74.46,1.72,15.6,18.02,41.02,94.12,82.5,2704845.256,2984915.035,3233958.32,65519.59,76004.25,82333.01,2408607.612,262394.707,911598.262,1011424.379,223190.265,296237.644,4399,14,2534,7.0,103.0,26.0,101,49.0,50.0,129.0,778,85.0,53.0,5.0,78.0,1.0,29.0,,105,148.0,104,,20663,1447,1689,76.0,347.0,83.0,264.0,219.0,119.0,249.0,3263,146.0,408.0,53.0,7565.0,,42.0,,3293.0,749.0,651,16877,1446,162.0,71.0,226.0,53.0,142.0,138.0,25.0,96.0,2316,35.0,320.0,42.0,7470.0,,12.0,,3223.0,567.0,533.0,2.2,695394,111173,14015.0,5365.0,5203.0,1575.0,3710.0,10792.0,826.0,2637.0,77355,834.0,7948.0,3418.0,391594.0,,375.0,,10755.0,19797.0,28021,346479143.5,14643953.38,331835190.12,54980338.74,50642488.16,4326258.6,11591.98,16015334.34,6161785.58,39645.0,,9062471.8,258273146.24,7154785.39,,,,6782599.2,,14997021.4,342498883.12,358470106.29,6782599.2,351687507.09,354002265.08,357495904.52,14947117.21,339055147.87,6.6,6.6,,,4.9,,4.9,,4.4,,4.4,
3517505,0.725,0.605,0.866,0.728,0.41,0.24,3.52,14.28,32.97,16.26,8.11,741.42,213.69,2444.68,389.13,552.08,778.04,1766.24,0.29,76.93,1.68,11.9,13.8,38.97,95.44,86.05,896415.279,942652.244,1134076.67,40585.65,43418.19,52235.12,791421.234,68217.484,284893.638,343739.707,94570.406,104994.045,2600,9,1548,5.0,54.0,14.0,74,29.0,15.0,54.0,374,69.0,22.0,1.0,109.0,1.0,18.0,,79,43.0,82,,8483,852,1600,41.0,159.0,14.0,172.0,77.0,25.0,92.0,1237,345.0,92.0,,3258.0,,43.0,,50.0,90.0,336,6130,852,463.0,33.0,97.0,,76.0,37.0,,29.0,786,262.0,67.0,,3129.0,,24.0,,7.0,40.0,228.0,2.6,287972,40357,65615.0,1195.0,3569.0,,1853.0,3339.0,6.0,856.0,27513,7343.0,2037.0,,122343.0,,789.0,,137.0,1174.0,9846,133311587.35,1260490.05,132051097.3,19197562.75,16074668.11,1276955.22,1845939.42,3466155.96,2776613.56,,,4017392.59,118099336.65,6620982.17,,,,1808647.26,,1260490.05,137115947.33,155986690.94,1808647.26,154178043.68,138334734.18,138376437.38,1260490.05,137074244.13,5.7,5.7,,,5.0,5.0,,,4.2,,4.2,
3517604,0.675,0.602,0.806,0.634,0.55,11.13,28.17,50.35,43.52,9.93,17.52,412.51,56.26,1795.21,148.65,258.06,422.16,1247.73,0.55,73.37,2.35,17.4,20.09,53.65,93.47,80.84,439111.528,523933.915,585182.465,25989.08,30691.46,34279.33,421974.389,186970.175,50975.556,97990.356,86038.301,17137.14,4265,6,3828,1.0,16.0,10.0,9,5.0,1.0,18.0,194,11.0,28.0,1.0,10.0,7.0,6.0,,58,19.0,37,,6100,891,3740,5.0,38.0,17.0,15.0,11.0,5.0,28.0,705,33.0,42.0,4.0,273.0,76.0,29.0,,42.0,38.0,108,1960,891,35.0,5.0,22.0,8.0,6.0,8.0,,8.0,498,20.0,9.0,4.0,267.0,73.0,21.0,,14.0,20.0,51.0,2.0,72573,39463,799.0,448.0,374.0,178.0,126.0,620.0,,261.0,12649,1237.0,338.0,216.0,10125.0,2898.0,598.0,,296.0,588.0,1359,99817379.77,5971421.8,93845957.97,6565593.79,5486558.92,1079034.87,,773254.01,445552.95,,,,105077249.66,346796.88,,521750.0,,719224.78,,6016733.97,97267402.49,114449422.07,1240974.78,113208447.29,102356147.48,103284136.46,6016733.97,96339413.51,6.3,6.3,,,5.1,5.2,4.9,,4.6,,4.6,
3517703,0.718,0.63,0.826,0.71,0.49,3.03,8.09,25.61,40.55,13.06,12.42,664.56,145.14,2694.83,288.95,443.34,626.57,1821.76,0.45,74.55,2.45,15.4,17.86,47.62,94.17,82.63,618205.494,749059.96,854714.843,28896.21,40259.05,45937.59,569019.957,54094.026,101736.603,298764.004,114425.324,49185.537,1700,8,846,2.0,55.0,20.0,53,15.0,11.0,51.0,310,54.0,18.0,4.0,42.0,2.0,19.0,,61,61.0,68,,4671,784,598,29.0,181.0,32.0,162.0,62.0,38.0,86.0,1052,239.0,95.0,7.0,686.0,111.0,20.0,,46.0,278.0,165,3231,784,59.0,26.0,122.0,8.0,94.0,49.0,13.0,21.0,723,179.0,65.0,7.0,642.0,109.0,4.0,,21.0,204.0,101.0,2.2,133625,46492,3235.0,1477.0,3296.0,323.0,1558.0,5307.0,703.0,482.0,20702,5747.0,2194.0,629.0,24896.0,5824.0,122.0,,371.0,8576.0,1689,121231987.02,6510203.14,114721783.88,18331367.21,16367596.38,1963770.83,,151570.46,1452041.48,,,7276415.45,123421259.09,266949.88,,,,,,10118942.32,121494293.52,150899603.57,,150899603.57,127695539.14,131613235.84,6799629.78,120895909.36,6.0,6.0,,,4.6,4.6,,,4.2,,4.2,
3517802,0.719,0.663,0.803,0.699,0.42,1.59,7.02,21.08,33.29,16.13,8.26,619.41,168.1,2062.25,331.35,475.09,635.68,1472.38,0.3,73.2,1.76,17.7,20.45,45.51,93.37,80.56,326571.664,280624.568,374454.285,39546.1,37713.29,50323.11,312987.637,151152.556,14884.404,99408.666,47542.011,13584.027,1822,9,1515,1.0,8.0,8.0,23,13.0,5.0,12.0,109,4.0,7.0,,23.0,,3.0,,39,29.0,14,,2492,308,1184,9.0,32.0,10.0,44.0,39.0,8.0,64.0,390,4.0,27.0,,208.0,,1.0,,30.0,114.0,20,953,308,10.0,9.0,17.0,,9.0,26.0,1.0,46.0,232,,18.0,,177.0,,,,10.0,84.0,6.0,2.0,37103,15917,272.0,680.0,387.0,,198.0,1904.0,2.0,1520.0,6393,,471.0,,6047.0,,,,300.0,2797.0,216,57453329.7,1107334.31,56345995.39,5899591.62,5519791.93,379799.69,,672468.28,1778399.12,,,2605336.89,55423174.45,178961.51,,,,4075897.05,,4127270.05,58140545.82,70633828.92,4075897.05,66557931.87,59181134.64,62267815.87,1194607.31,57986527.33,6.5,6.5,,,5.4,,5.4,,4.7,,4.7,
3517901,0.737,0.682,0.84,0.698,0.42,1.27,5.7,22.0,32.15,15.93,8.07,615.78,171.68,1979.6,318.94,459.51,639.96,1488.81,0.3,75.37,2.12,14.2,16.39,44.95,94.63,83.84,375452.79,449531.446,660485.534,32986.54,43432.99,63815.03,337248.638,89255.008,74477.799,110723.041,62792.791,38204.151,1272,8,924,,17.0,8.0,16,6.0,7.0,20.0,135,15.0,11.0,1.0,17.0,4.0,6.0,,38,15.0,24,,3488,723,619,,35.0,10.0,40.0,18.0,16.0,28.0,463,39.0,14.0,,1248.0,33.0,12.0,,35.0,50.0,105,2520,723,28.0,,18.0,,21.0,11.0,,3.0,304,13.0,1.0,,1228.0,27.0,8.0,,20.0,33.0,82.0,2.8,136760,35761,1395.0,,445.0,,460.0,859.0,8.0,71.0,9828,348.0,7.0,,81375.0,1382.0,232.0,,504.0,853.0,3232,85814498.96,4384885.84,81429613.12,7932117.57,7486736.81,445380.76,,2947326.8,933459.52,,,2437613.09,82366397.33,648807.31,200612.66,,,2861559.03,,6999793.4,90044999.21,100327893.31,3062171.69,97265721.62,92353406.03,97044792.61,4562805.28,87790600.75,6.2,6.2,,,5.2,5.2,,,3.5,,3.5,
3518008,0.732,0.714,0.806,0.682,0.4,0.99,6.43,22.63,31.12,16.85,7.39,557.58,162.21,1735.37,307.69,431.79,560.48,1321.86,0.28,73.34,2.06,17.4,20.15,50.08,93.46,80.79,37039.506,38174.899,48665.285,18556.87,19397.81,24728.3,35599.435,6343.309,2916.658,11395.893,14943.575,1440.071,568,3,430,2.0,13.0,,1,1.0,,6.0,63,2.0,1.0,,9.0,,1.0,,25,8.0,3,,719,173,287,2.0,10.0,,1.0,,,20.0,135,2.0,1.0,,71.0,,3.0,,6.0,3.0,5,324,173,,1.0,,,,,,12.0,70,,,,63.0,,,,,1.0,4.0,2.1,12273,8213,,75.0,,,,,,58.0,1549,,,,2211.0,,,,13.0,29.0,125,27607416.88,1014232.85,26593184.03,1242839.99,1146751.13,96088.86,,,458659.98,,,182581.16,32438071.62,51066.8,,,,705520.86,,1123249.37,27092933.68,35078740.41,705520.86,34373219.55,28204334.65,28216183.05,1112465.97,27091868.68,6.3,6.3,,,5.9,,5.9,,,,,
3518107,0.713,0.623,0.832,0.698,0.48,1.08,5.71,26.32,40.6,14.34,11.33,615.97,164.6,2500.76,276.93,390.08,562.44,1692.29,0.41,74.93,2.59,14.8,17.17,48.07,94.39,83.2,196318.761,212070.912,312045.476,29367.05,32996.87,48552.28,183104.992,64115.506,22445.503,60246.439,36297.544,13213.769,1042,3,814,2.0,13.0,5.0,16,6.0,2.0,8.0,78,10.0,5.0,2.0,19.0,1.0,6.0,,32,6.0,14,,1747,383,640,8.0,49.0,5.0,28.0,16.0,1.0,13.0,216,28.0,14.0,,283.0,1.0,7.0,,18.0,17.0,20,915,383,46.0,4.0,35.0,,5.0,3.0,,5.0,121,14.0,9.0,,267.0,,2.0,,3.0,11.0,7.0,1.9,31615,15069,1737.0,101.0,833.0,4.0,94.0,534.0,,105.0,3491,488.0,242.0,,8162.0,,49.0,,44.0,325.0,337,46772313.51,1334989.99,45437323.52,9949030.4,9547186.65,401843.75,,,929027.09,,,1404449.89,45916396.51,114604.96,,,,1990867.22,,1897060.08,47757880.6,60304376.07,1990867.22,58313508.85,47223133.57,49654940.68,1338356.99,45884776.58,5.5,5.5,,,5.7,,5.7,,5.4,,5.4,
3518206,0.763,0.726,0.84,0.727,0.43,0.37,3.29,14.35,34.4,15.86,8.68,739.89,214.09,2544.95,372.6,522.08,753.12,1836.87,0.31,75.39,1.79,14.1,16.35,42.79,94.64,83.87,1199677.625,1475719.643,1718487.879,36072.94,47548.64,55358.31,1102655.606,234718.728,231377.231,483626.647,152933.001,97022.02,3813,6,2415,5.0,88.0,17.0,73,44.0,31.0,79.0,515,68.0,37.0,2.0,110.0,1.0,23.0,,75,107.0,117,,9777,1027,2005,19.0,326.0,51.0,369.0,130.0,82.0,206.0,1892,341.0,271.0,7.0,2067.0,1.0,52.0,,109.0,421.0,401,6538,1027,488.0,12.0,234.0,34.0,279.0,61.0,8.0,111.0,1268,244.0,226.0,7.0,1920.0,,23.0,,53.0,284.0,259.0,2.2,265290,55171,18957.0,284.0,6114.0,687.0,7590.0,6404.0,116.0,2851.0,37564,7345.0,8684.0,421.0,92750.0,,651.0,,1130.0,9118.0,9453,185466474.25,5043626.98,180422847.27,30023180.88,29332395.62,690785.26,,2826982.07,2436733.85,,,9336706.23,166919750.92,815915.91,,,,4222483.25,,7068128.38,188580572.18,216581753.11,4222483.25,212359269.86,189890724.22,195648700.56,5152612.1,184738112.12,6.6,6.6,,,5.4,,5.4,,4.6,,4.6,
3518305,0.731,0.656,0.817,0.729,0.47,1.73,5.51,19.34,38.24,13.87,11.03,748.79,177.46,2863.17,341.87,500.37,759.48,1970.45,0.4,74.03,2.06,16.3,18.82,44.62,93.87,81.85,1546741.266,1650452.409,2034662.745,50771.09,52838.15,65138.39,1322793.841,50979.23,370827.15,751161.711,149825.75,223947.425,2521,15,596,14.0,166.0,43.0,204,42.0,47.0,157.0,499,158.0,82.0,2.0,136.0,11.0,66.0,,149,61.0,73,,11365,903,643,38.0,1055.0,65.0,702.0,111.0,100.0,319.0,2076,307.0,154.0,,3375.0,80.0,274.0,,155.0,365.0,643,8617,903,60.0,27.0,856.0,23.0,475.0,48.0,23.0,146.0,1488,121.0,62.0,,3219.0,62.0,211.0,,33.0,291.0,569.0,3.0,485039,55373,1862.0,1615.0,20272.0,504.0,14842.0,4483.0,668.0,4463.0,43379,3363.0,1729.0,,263110.0,2887.0,9692.0,,936.0,12205.0,43654,371165389.35,40899377.22,330266012.13,83453014.63,78814512.86,4638501.77,,4250468.29,13157463.11,,,,304420814.24,7798120.71,,450453.85,,10575135.17,,54993846.03,350613865.09,424105470.0,11025589.02,413079880.98,374915102.56,405607711.12,41328493.38,333586609.18,7.9,7.9,,,5.1,,5.1,,4.5,,4.5,
3518404,0.798,0.751,0.886,0.764,0.54,1.52,5.95,18.96,43.67,11.1,15.73,926.78,174.18,4047.63,340.38,517.57,855.68,2749.24,0.52,78.17,1.66,8.72,10.11,40.72,95.7,86.78,7877882.192,8343080.551,8369820.871,63948.0,70677.72,70904.25,6320927.304,49627.11,2657654.269,3075538.379,538107.546,1556954.888,6964,10,1350,18.0,379.0,113.0,495,114.0,150.0,438.0,1912,281.0,212.0,5.0,231.0,3.0,107.0,,387,592.0,167,6568.0,39440,2615,1144,235.0,2394.0,478.0,2051.0,529.0,392.0,1123.0,8976,1804.0,5264.0,81.0,6414.0,35.0,320.0,,845.0,3680.0,1060,31671,2615,39.0,202.0,1944.0,334.0,1609.0,363.0,112.0,566.0,6797,1404.0,5021.0,80.0,6139.0,32.0,208.0,,482.0,2848.0,876.0,2.9,1730046,185005,1002.0,12661.0,48790.0,8394.0,40617.0,28670.0,3219.0,26670.0,237917,73588.0,297020.0,6077.0,595977.0,1275.0,8169.0,,13592.0,107025.0,34376,568272584.79,40139891.12,528132693.67,141921607.58,136197567.54,5724040.04,,5900272.13,14070144.45,,,,504742001.16,15394466.74,4415372.87,43698.27,,27715019.93,,56123436.17,557773515.23,714202583.13,32174091.07,682028492.06,580763286.65,613896951.4,40498184.75,540265101.9,6.7,6.7,,,5.4,5.5,5.2,,4.5,,4.5,
3518503,0.687,0.583,0.805,0.692,0.44,0.66,4.37,22.97,36.34,16.14,9.0,594.42,180.1,2159.97,299.72,420.6,572.45,1491.39,0.33,73.27,2.08,17.5,20.3,45.87,93.41,80.68,313680.631,331671.389,386201.34,16300.18,22092.28,25724.46,292192.653,74506.453,52384.565,83287.362,82014.273,21487.978,2057,7,1646,2.0,23.0,7.0,13,6.0,8.0,8.0,158,18.0,3.0,1.0,55.0,4.0,10.0,,27,27.0,34,,4745,1010,2041,6.0,47.0,7.0,44.0,24.0,23.0,11.0,498,76.0,8.0,3.0,683.0,2.0,44.0,,20.0,62.0,136,2796,1010,524.0,6.0,20.0,,31.0,15.0,3.0,2.0,329,52.0,3.0,3.0,614.0,,33.0,,12.0,37.0,102.0,2.3,122019,62101,18780.0,588.0,476.0,,550.0,1385.0,44.0,52.0,7855,1828.0,101.0,121.0,21891.0,225.0,1148.0,,156.0,902.0,3816,75929994.4,2472082.82,73457911.58,7291664.66,6791205.77,366222.84,134236.05,,2075182.41,,,167043.92,91009367.41,351790.04,,,,3560093.0,,7886512.25,78169469.09,104455141.44,3560093.0,100895048.44,77801574.11,86055981.34,2478672.82,75322901.29,6.7,6.7,,,5.7,,5.7,,4.3,,4.3,
3518602,0.719,0.645,0.811,0.712,0.43,1.27,5.39,18.48,34.17,15.47,8.83,671.34,176.75,2293.79,342.58,489.47,700.49,1644.93,0.33,73.63,2.19,16.9,19.59,42.58,93.63,81.23,1135133.627,1312651.537,1517993.918,27783.09,35005.91,40482.0,1017615.034,68503.907,250885.216,512977.842,185248.069,117518.593,2163,10,391,4.0,95.0,19.0,98,45.0,42.0,151.0,585,126.0,72.0,3.0,131.0,3.0,39.0,,121,93.0,135,,11459,1587,882,15.0,230.0,58.0,584.0,266.0,117.0,359.0,1975,711.0,300.0,82.0,3273.0,24.0,66.0,,148.0,446.0,336,9127,1587,591.0,13.0,134.0,36.0,464.0,180.0,21.0,183.0,1319,556.0,215.0,80.0,3113.0,18.0,25.0,,72.0,341.0,179.0,2.3,405512,84797,8516.0,1200.0,2861.0,1229.0,13621.0,16213.0,1008.0,6660.0,47251,19228.0,7549.0,6279.0,166557.0,758.0,1116.0,,2674.0,11794.0,6201,206765947.4,12596069.67,194169877.73,29326750.81,27049331.86,2277418.95,,2342049.98,3394869.11,,,55412.63,185726628.09,1269015.39,,257092.94,,11204440.98,,16497478.26,198329121.27,233576259.93,11461533.92,222114726.01,208444807.65,214826599.53,12596069.67,195848737.98,6.7,6.7,,,5.6,5.6,,,4.2,,4.2,
3518701,0.751,0.679,0.854,0.729,0.5,2.25,7.04,22.83,40.24,12.58,12.79,745.0,156.41,2997.9,312.36,478.15,730.12,2052.04,0.45,76.23,2.21,13.19,14.8,43.68,95.13,85.2,10494252.383,11474578.482,11536359.008,32292.29,39892.98,40107.77,8914242.428,50432.474,1150370.014,5976188.25,1737251.69,1580009.955,12612,30,173,29.0,976.0,267.0,2885,240.0,412.0,777.0,3285,711.0,395.0,3.0,332.0,3.0,222.0,,834,608.0,430,11979.0,66036,7359,183,210.0,5936.0,1324.0,9577.0,798.0,1394.0,1668.0,16152,2166.0,3225.0,13.0,1888.0,114.0,561.0,,2158.0,3979.0,7331,52878,7359,7.0,177.0,4835.0,998.0,7752.0,420.0,696.0,628.0,12630,1254.0,2651.0,13.0,1521.0,114.0,299.0,,1388.0,3215.0,6921.0,4.7,4537855,2516417,99.0,19367.0,149382.0,34121.0,303994.0,35231.0,31809.0,21835.0,426316,37214.0,103562.0,766.0,95163.0,22390.0,13102.0,,52139.0,122284.0,552667,2264159425.18,127250847.41,2136908577.77,1471040974.74,1368546995.03,102207905.05,286074.66,113251681.51,138806885.29,,,1610468.3,939646257.76,52823925.51,36383091.56,,,64948696.51,3914556.97,210808974.4,2429158136.09,2822426538.15,105246345.04,2717180193.11,2505791225.77,2639967110.49,199117258.62,2306673967.15,5.8,5.7,5.9,,4.8,4.9,4.8,,4.2,,4.2,
3518800,0.763,0.717,0.831,0.746,0.51,1.95,6.5,20.63,40.65,12.05,13.49,829.91,164.85,3373.56,335.35,520.03,808.98,2316.67,0.47,74.83,1.68,13.34,15.47,42.13,94.06,82.33,77376425.117,86373709.547,97557673.612,55084.19,66863.89,75522.42,63017755.038,57763.458,17040799.785,40037133.405,5882058.391,14358670.079,65719,59,137,226.0,3312.0,705.0,6698,1707.0,1498.0,4848.0,21061,3066.0,2045.0,13.0,4563.0,13.0,2269.0,,4159,3453.0,5887,62150.0,487114,9288,178,2699.0,21244.0,1999.0,45951.0,5744.0,3782.0,11810.0,109456,14254.0,36271.0,175.0,99260.0,530.0,6011.0,,8676.0,27417.0,82369,411645,9282,45.0,2432.0,17680.0,1091.0,39075.0,3080.0,1108.0,5725.0,85622,10507.0,33812.0,160.0,93368.0,514.0,3206.0,,4734.0,23079.0,77125.0,2.9,21308015,1082687,844.0,109253.0,601392.0,26085.0,1234753.0,264480.0,33951.0,285612.0,3518432,389257.0,1698420.0,12937.0,5804569.0,19945.0,133447.0,,162896.0,988556.0,4940500,6335579491.38,489127983.57,5846451507.81,2423604878.13,2337729419.65,85624888.58,250569.9,259777195.33,190600627.29,,,39432425.28,4175226463.79,233038202.66,126452717.52,2079779.1,,59972989.45,37848736.76,663527224.3,6303048390.8,7548034015.31,226354222.83,7321679792.48,6634671459.22,6966575615.1,533127016.78,6101544442.44,6.3,6.1,6.9,,5.1,,5.1,,4.4,,4.4,
3518859,0.743,0.688,0.822,0.724,0.53,2.59,8.23,24.61,45.2,12.17,14.86,723.83,144.95,3271.81,295.36,436.91,648.16,2101.9,0.5,74.34,2.29,15.8,18.24,46.28,94.05,82.32,245363.012,227821.973,353798.145,31618.94,31123.22,48333.08,227150.484,87618.689,13970.958,74247.527,51313.309,18212.529,1391,8,1096,1.0,13.0,3.0,23,4.0,2.0,17.0,93,20.0,9.0,2.0,19.0,14.0,3.0,,34,7.0,23,,2777,434,648,87.0,52.0,4.0,637.0,8.0,5.0,60.0,299,44.0,30.0,5.0,125.0,49.0,4.0,,16.0,6.0,264,1928,434,98.0,87.0,40.0,,603.0,,,48.0,190,13.0,21.0,3.0,107.0,32.0,3.0,,5.0,,244.0,2.2,71000,19622,3348.0,6080.0,977.0,,9015.0,,,4741.0,6113,125.0,390.0,233.0,7195.0,1336.0,84.0,,121.0,,11620,54109285.52,1579573.57,52529711.95,7824120.48,7128881.99,695238.49,,241277.72,1000398.58,,,569909.94,54159468.75,311126.38,,141900.0,,2923565.38,,2562378.36,54068257.87,67171767.23,3065465.38,64106301.85,55965566.79,56630636.23,2429834.06,53535732.73,6.4,6.4,,,5.2,5.2,,,3.9,,3.9,
3518909,0.697,0.621,0.808,0.676,0.41,0.92,6.14,25.61,34.97,16.79,8.33,537.05,169.5,1877.94,281.44,400.13,539.31,1289.33,0.3,73.49,2.32,17.2,19.85,45.52,93.55,81.03,93585.019,97181.258,120155.836,17505.62,22887.72,28298.6,89941.724,23193.226,5722.325,31713.387,29312.786,3643.295,1293,6,1106,1.0,19.0,2.0,6,4.0,,3.0,66,6.0,2.0,,19.0,,3.0,,18,12.0,20,,1459,261,750,1.0,24.0,3.0,9.0,7.0,,9.0,125,13.0,1.0,,144.0,,6.0,,11.0,12.0,83,546,261,11.0,1.0,5.0,,2.0,,,6.0,56,4.0,,,129.0,,2.0,,6.0,1.0,62.0,1.9,19218,13093,272.0,98.0,100.0,,43.0,,,34.0,1832,84.0,,,3241.0,,29.0,,91.0,13.0,287,32912746.55,3838251.6,29074494.95,3756892.23,3645764.91,111127.32,,161293.31,1111462.69,,,28717.97,38299439.88,324223.04,,,,435987.25,,4548957.6,30205771.04,44118016.37,435987.25,43682029.12,33706189.87,34754728.64,3885987.69,29820202.18,7.3,7.3,,,5.8,,5.8,,4.7,,4.7,
3519006,0.727,0.698,0.809,0.68,0.44,1.53,8.78,29.45,33.69,14.81,9.1,549.27,143.56,1850.54,263.17,391.64,572.44,1367.17,0.33,73.52,2.14,17.1,19.81,47.34,93.56,81.06,355955.455,420580.355,552689.427,36890.4,46091.0,60568.7,325348.324,87683.163,73605.696,118033.875,46025.59,30607.131,1795,6,1461,2.0,7.0,3.0,16,6.0,6.0,18.0,137,4.0,5.0,1.0,29.0,2.0,2.0,,40,20.0,30,,2675,479,960,2.0,21.0,3.0,27.0,17.0,15.0,35.0,411,6.0,12.0,3.0,434.0,5.0,12.0,,24.0,137.0,72,1380,479,22.0,,12.0,1.0,8.0,14.0,3.0,10.0,254,1.0,4.0,3.0,394.0,5.0,10.0,,6.0,114.0,40.0,2.2,55525,20400,807.0,,317.0,2.0,192.0,1601.0,52.0,307.0,8408,103.0,130.0,111.0,15948.0,242.0,309.0,,138.0,4392.0,2067,58253867.13,3113465.98,55140401.15,4487862.19,4206450.97,281411.22,,399743.84,733818.49,,,1897685.1,59003419.02,201114.3,910112.49,,,3545566.88,,5095109.5,56549181.97,71179322.31,4455679.37,66723642.94,59582226.69,61644291.47,3290752.14,56291474.55,6.1,6.1,,,4.7,,4.7,,4.3,,4.3,
3519055,0.793,0.698,0.878,0.815,0.54,1.7,2.86,5.43,44.83,11.93,15.03,1274.53,280.4,5713.2,479.69,652.27,1071.73,3888.83,0.52,77.66,1.88,10.1,11.71,38.86,95.52,87.13,1463401.405,1518913.052,1806633.11,93777.73,100463.86,119692.14,1320567.738,509243.385,228721.833,498745.64,83856.88,142833.667,2259,8,718,9.0,123.0,24.0,148,126.0,82.0,128.0,412,76.0,53.0,,83.0,,41.0,,82,67.0,79,,14075,783,2038,48.0,1941.0,82.0,2293.0,310.0,222.0,371.0,1813,498.0,265.0,,1485.0,,213.0,,110.0,1195.0,408,11283,783,1460.0,39.0,1773.0,50.0,2079.0,57.0,20.0,193.0,1264,398.0,197.0,,1361.0,,139.0,,49.0,1115.0,306.0,2.5,445948,39852,63164.0,1534.0,54781.0,1852.0,21076.0,5446.0,595.0,15983.0,66886,14161.0,10241.0,,74820.0,,7380.0,,1685.0,54946.0,11547,162510477.5,13533735.77,148976741.73,36104010.06,35245859.5,857975.06,175.5,7313182.26,3034790.72,,,2619421.94,124221704.67,2028715.15,,,,3960844.4,,15004064.27,153170921.88,179282669.2,3960844.4,175321824.8,165031779.79,168174986.15,13573441.78,151458338.01,6.4,6.4,,,5.1,5.1,,,4.3,,4.3,
3519071,0.756,0.703,0.859,0.716,0.41,0.82,3.95,16.92,30.92,16.15,7.66,686.96,196.12,2124.04,358.58,522.13,757.27,1599.31,0.29,76.51,1.64,12.18,14.13,39.6,95.17,85.31,18377821.724,21420797.259,22163924.356,77357.5,90520.23,93660.54,14583468.711,1574.644,5178931.114,8314851.018,1088111.935,3794353.013,10051,17,69,41.0,446.0,152.0,926,182.0,268.0,750.0,3302,821.0,359.0,6.0,788.0,1.0,360.0,,581,487.0,495,9700.0,69827,5897,75,1267.0,2118.0,431.0,5536.0,507.0,502.0,3569.0,15235,3655.0,3089.0,19.0,17722.0,25.0,3929.0,,889.0,2110.0,3252,58099,5895,5.0,1224.0,1619.0,229.0,4601.0,226.0,126.0,2646.0,11361,2731.0,2654.0,17.0,16688.0,25.0,3489.0,,358.0,1499.0,2706.0,3.9,4123907,513101,102.0,45085.0,43703.0,5183.0,149931.0,21078.0,3444.0,101690.0,784715,94583.0,111893.0,658.0,1615458.0,946.0,442669.0,,12917.0,32504.0,144247,1587372803.39,118701290.14,1468671513.25,539321713.55,514546018.16,24775695.39,,72431763.42,108742985.15,,,19228.38,935589351.25,33055098.15,43196979.72,62550.0,,11074300.86,992096.9,121589796.55,1521474923.88,1744486067.38,55325927.48,1689160139.9,1617198988.93,1643064720.43,118797077.9,1498401911.03,6.6,6.6,,,5.2,5.6,5.2,,4.5,,4.4,
3519105,0.745,0.675,0.851,0.721,0.4,0.64,3.57,15.59,30.5,16.82,7.26,712.15,205.45,2172.38,393.33,544.99,751.82,1661.26,0.27,76.03,2.1,12.2,14.15,43.45,94.66,84.92,658009.942,843177.424,687530.477,54825.02,80787.34,65874.34,565353.697,73945.092,48278.72,379964.829,63165.056,92656.245,1413,6,804,,31.0,18.0,33,7.0,5.0,27.0,236,31.0,13.0,6.0,68.0,2.0,9.0,,39,37.0,41,,3396,518,658,,67.0,28.0,87.0,17.0,9.0,46.0,708,76.0,37.0,29.0,768.0,24.0,8.0,,46.0,126.0,144,2134,518,96.0,,37.0,9.0,46.0,8.0,,13.0,422,37.0,22.0,9.0,693.0,20.0,1.0,,17.0,89.0,97.0,1.6,94678,27797,5261.0,,962.0,177.0,956.0,991.0,,392.0,13470,1192.0,500.0,668.0,30290.0,902.0,43.0,,359.0,5367.0,5347,78381979.7,1338751.11,77043228.59,9293971.89,9293971.89,,,519080.19,1245351.87,,,3510433.7,82143902.63,812754.19,,,,4202536.41,,8082650.92,80256118.66,101728030.88,4202536.41,97525494.47,81108896.44,88338769.58,1563642.96,79545253.48,6.4,6.4,,,5.4,5.4,,,4.1,,4.1,
3519204,0.733,0.655,0.857,0.701,0.44,1.58,5.43,22.82,37.16,15.64,9.5,628.14,165.11,2334.31,326.19,464.73,603.84,1583.47,0.36,76.42,2.1,12.6,14.61,45.69,95.19,85.34,316795.432,288024.604,372133.574,50533.65,46978.41,60697.04,286439.907,99988.374,27681.229,127935.424,30834.88,30355.525,1690,4,1458,2.0,9.0,3.0,9,2.0,3.0,10.0,81,7.0,3.0,1.0,21.0,,2.0,,28,22.0,25,,1967,304,1012,5.0,23.0,5.0,11.0,8.0,5.0,18.0,265,22.0,3.0,,115.0,,3.0,,19.0,29.0,120,723,304,24.0,4.0,11.0,1.0,,7.0,,9.0,167,14.0,,,90.0,,,,7.0,1.0,84.0,2.1,30460,12571,728.0,144.0,304.0,25.0,5.0,575.0,,355.0,5213,665.0,,,5799.0,,,,183.0,17.0,3877,40763626.46,735555.32,40028071.14,4510284.82,4178815.6,331469.22,,727343.4,810121.23,,,246854.35,44415408.44,113733.52,,,,494504.07,,1710967.86,40488078.82,51318249.83,494504.07,50823745.76,41088714.83,42199046.68,735555.32,40353159.51,7.0,,7.0,,5.4,,5.4,,4.7,,4.7,
3519253,0.674,0.543,0.848,0.664,0.52,14.84,23.43,38.8,37.46,9.42,15.91,497.81,43.07,1864.92,191.38,346.18,572.52,1335.76,0.5,75.87,2.66,13.4,15.54,47.56,94.9,84.56,168922.26,185127.609,326006.583,17261.62,23112.06,40699.95,157098.603,42584.054,10675.133,56934.427,46904.99,11823.657,988,8,837,2.0,17.0,1.0,9,3.0,,6.0,39,9.0,6.0,,7.0,,1.0,,23,8.0,12,,2909,873,1552,2.0,103.0,2.0,20.0,12.0,,8.0,166,18.0,14.0,,70.0,,13.0,,10.0,14.0,32,2009,873,801.0,2.0,87.0,1.0,9.0,12.0,,1.0,121,2.0,5.0,,64.0,,11.0,,3.0,1.0,16.0,2.7,103021,61515,30680.0,149.0,1771.0,8.0,235.0,873.0,,186.0,3428,62.0,121.0,,2681.0,,372.0,,56.0,54.0,831,51602349.25,2363708.47,49238640.78,21877705.1,21675788.0,201917.1,,,1148093.9,,,,52271924.08,334793.87,56431.55,,,1175000.0,,2798728.57,50794897.79,76863948.5,1231431.55,75632516.95,52246365.39,53593626.36,2371668.48,49874696.91,6.4,6.4,,,4.8,5.0,,,4.1,,4.1,
3519303,0.703,0.627,0.814,0.681,0.37,0.89,5.05,21.12,27.96,17.57,6.36,552.79,172.52,1545.64,313.17,459.6,621.65,1205.62,0.24,73.81,1.88,16.6,19.24,42.66,93.74,81.51,1159253.485,1231162.979,1516837.474,32354.27,38261.02,47138.96,1036747.062,50894.146,407365.102,422490.184,155997.629,122506.423,1848,8,270,4.0,100.0,11.0,137,25.0,27.0,83.0,514,134.0,51.0,3.0,154.0,,17.0,,78,62.0,170,,9544,905,826,13.0,337.0,39.0,662.0,123.0,69.0,171.0,1910,739.0,119.0,22.0,2843.0,,42.0,,81.0,169.0,474,7481,905,582.0,7.0,238.0,21.0,500.0,86.0,7.0,68.0,1341,584.0,59.0,16.0,2640.0,,24.0,,28.0,88.0,287.0,2.5,342418,54149,17764.0,258.0,5887.0,663.0,14419.0,5298.0,273.0,2467.0,39097,44104.0,2631.0,846.0,137939.0,,864.0,,727.0,2445.0,12589,176022924.94,1039967.92,174982957.02,29217067.14,22277800.97,5277910.27,1661355.9,706350.18,1668332.42,,,6497338.51,142760322.17,2079177.26,5000000.0,,,534235.23,,2394560.74,181869604.51,188462822.91,5534235.23,182928587.68,181128021.63,184264165.25,1225027.62,179902994.01,6.4,6.4,,,5.6,,5.6,,4.6,,4.6,
3519402,0.74,0.65,0.841,0.741,0.48,0.88,3.88,16.48,40.86,13.96,11.71,803.36,194.12,3282.48,366.68,532.97,759.41,2169.16,0.42,75.48,1.85,14.0,16.22,43.86,94.69,83.99,318126.274,342388.77,418177.801,25170.21,29289.03,35772.27,299465.164,48698.129,62072.376,126892.359,61802.299,18661.11,1826,6,1090,5.0,43.0,16.0,41,15.0,13.0,49.0,231,60.0,16.0,5.0,76.0,,13.0,,63,54.0,30,,3960,474,690,6.0,75.0,75.0,146.0,33.0,31.0,124.0,708,500.0,58.0,16.0,624.0,,34.0,,137.0,166.0,63,2416,474,12.0,3.0,29.0,60.0,99.0,14.0,1.0,65.0,419,413.0,40.0,11.0,533.0,,23.0,,107.0,89.0,24.0,2.0,91618,24496,509.0,281.0,717.0,1953.0,2692.0,1341.0,,925.0,12444,13984.0,985.0,547.0,19521.0,,705.0,,3851.0,4196.0,2471,74563354.15,5491630.02,69071724.13,11148489.85,9803728.5,1344761.35,,2231459.16,1247847.97,,,922193.57,68935621.06,363711.38,479080.0,,,6522220.37,,10461566.94,71040826.18,91850623.36,7001300.37,84849322.99,76295066.8,81502393.12,5838098.28,70456968.52,6.6,6.6,,,5.1,5.1,,,4.5,,4.5,
3519501,0.708,0.628,0.817,0.692,0.43,2.49,6.41,21.68,33.95,15.86,8.56,593.7,161.54,2015.87,309.32,430.55,612.94,1444.19,0.33,74.03,2.23,16.3,18.84,48.72,93.86,81.84,244614.399,281211.365,331386.983,30862.28,44042.5,51900.86,216142.469,40776.07,28914.675,109952.565,36499.159,28471.93,1530,8,1211,2.0,8.0,6.0,13,8.0,8.0,22.0,90,10.0,7.0,1.0,19.0,,7.0,,31,26.0,53,,2152,238,828,13.0,36.0,6.0,27.0,18.0,25.0,50.0,245,13.0,10.0,,437.0,,12.0,,17.0,59.0,118,1004,238,32.0,12.0,28.0,,7.0,10.0,3.0,18.0,144,2.0,3.0,,408.0,,7.0,,5.0,30.0,57.0,2.2,49986,12713,1865.0,609.0,639.0,,149.0,1483.0,61.0,402.0,4472,6.0,115.0,,23599.0,,288.0,,126.0,829.0,2630,52026843.61,5071898.18,46954945.43,6214537.49,5956971.87,222528.11,35037.51,36.55,640809.44,,,1863011.72,50463793.54,555778.44,,4560.69,,1690933.45,,5399337.98,49236118.43,61433461.32,1695494.14,59737967.18,54635456.41,54635456.41,5399337.98,49236118.43,6.6,6.6,,,4.8,,4.8,,3.9,,3.9,
3519600,0.747,0.667,0.846,0.738,0.43,0.42,2.33,12.19,36.4,16.45,8.85,791.99,232.25,2883.01,419.2,563.69,756.51,1986.0,0.32,75.76,1.64,13.6,15.73,39.83,94.84,84.41,1965222.526,1961941.372,2528835.327,32137.74,32678.87,42124.09,1767728.698,103103.807,407690.466,994118.846,262815.579,197493.828,6566,10,2316,7.0,130.0,51.0,135,45.0,104.0,156.0,1948,123.0,100.0,4.0,848.0,1.0,53.0,,171,229.0,135,5636.0,23749,1544,1658,162.0,478.0,136.0,337.0,220.0,285.0,365.0,6836,295.0,481.0,35.0,8479.0,8.0,228.0,,217.0,1103.0,882,17502,1544,293.0,155.0,325.0,80.0,177.0,147.0,65.0,168.0,4701,82.0,362.0,34.0,7543.0,6.0,170.0,,101.0,808.0,741.0,1.8,584388,76702,8259.0,8355.0,8807.0,1837.0,4508.0,12850.0,1543.0,5031.0,136565,2418.0,11513.0,3789.0,227297.0,255.0,15703.0,,3235.0,28288.0,27433,290556710.01,9082788.35,281473921.66,47838415.28,42369458.25,5468957.03,,6383476.96,5842089.74,,,33140331.68,261508242.93,2399215.96,,,,3437461.91,,14764566.7,296347834.62,360549234.46,3437461.91,357111772.55,298124291.75,311112401.32,9110987.75,289013304.0,6.4,6.7,6.0,,5.6,,5.6,,5.1,,5.1,
3519709,0.71,0.614,0.832,0.7,0.48,1.94,8.3,27.26,39.74,13.65,11.65,624.55,144.04,2482.0,282.17,417.8,595.44,1689.42,0.41,74.91,2.15,16.03,17.97,47.51,94.54,83.6,2370585.551,2676376.83,3023500.924,29609.37,35705.5,39990.75,2130454.025,457846.327,391626.046,904426.913,376554.739,240131.526,7205,15,4205,10.0,152.0,49.0,231,78.0,74.0,179.0,1207,154.0,129.0,4.0,131.0,2.0,53.0,,247,153.0,132,6935.0,23309,2839,4316,31.0,933.0,128.0,1032.0,254.0,154.0,337.0,5846,510.0,477.0,191.0,3951.0,16.0,246.0,,672.0,834.0,542,15542,2839,316.0,20.0,755.0,61.0,723.0,108.0,11.0,100.0,4334,298.0,322.0,183.0,3794.0,15.0,185.0,,433.0,649.0,396.0,2.1,592887,119785,9921.0,1666.0,23009.0,1632.0,24714.0,9065.0,316.0,2753.0,135474,14087.0,9115.0,15985.0,171406.0,583.0,6031.0,,13770.0,18785.0,14789,333402425.25,34024909.3,299377515.95,89929513.03,82310670.86,7618842.17,,11627774.24,3551959.68,,,21009.0,320802293.88,3844201.13,3371304.56,,,7010196.02,,38771097.68,326954563.54,440158251.54,10381500.58,429776750.96,364067246.04,365725661.22,38370257.13,325696988.91,6.2,6.2,,,5.3,,5.3,,4.7,,4.7,
3519808,0.72,0.646,0.806,0.716,0.45,1.11,5.11,19.89,35.19,14.89,9.45,690.78,182.02,2430.92,332.38,493.0,710.46,1735.01,0.35,73.34,2.13,17.4,20.16,42.29,93.45,80.79,209289.094,236126.176,263931.834,25025.6,30199.02,33755.19,202189.884,30442.17,46755.084,74123.631,50868.999,7099.21,866,8,470,4.0,37.0,5.0,20,11.0,6.0,21.0,125,27.0,11.0,2.0,12.0,6.0,4.0,,36,24.0,37,,2131,642,341,4.0,76.0,7.0,56.0,27.0,7.0,48.0,282,83.0,39.0,,33.0,265.0,16.0,,25.0,75.0,105,1397,642,11.0,3.0,33.0,1.0,29.0,14.0,,23.0,149,54.0,27.0,,19.0,257.0,12.0,,10.0,50.0,63.0,2.5,65233,34378,211.0,338.0,915.0,27.0,1113.0,1631.0,,840.0,4299,1294.0,814.0,,382.0,14168.0,326.0,,224.0,1370.0,2904,69804729.74,2423116.79,67381612.95,7204789.46,6836400.96,368388.5,,708787.63,912430.46,,,12840.0,81068022.2,176497.91,229111.11,567450.0,,1208095.64,,3515453.78,69279822.61,92088024.41,2004656.75,90083367.66,71686339.52,72795276.39,2780234.26,68906105.26,6.4,6.4,,,5.4,5.4,,,4.6,,4.6,
3519907,0.736,0.7,0.814,0.7,0.44,1.84,7.4,23.15,35.04,14.93,9.39,623.96,158.63,2186.61,307.24,454.4,647.27,1580.24,0.35,73.85,2.02,16.6,19.17,48.12,93.76,81.57,434355.825,476847.14,503731.726,52789.96,62586.58,66115.2,372132.683,83572.809,13880.299,222617.793,52061.781,62223.143,1467,8,1138,,17.0,5.0,9,12.0,2.0,16.0,132,4.0,5.0,1.0,14.0,,5.0,,37,25.0,37,,2203,439,793,,55.0,7.0,29.0,37.0,1.0,37.0,429,7.0,9.0,5.0,98.0,,14.0,,22.0,130.0,91,1078,439,19.0,,35.0,1.0,16.0,17.0,,14.0,281,1.0,,5.0,81.0,,7.0,,9.0,102.0,51.0,2.2,45545,21068,737.0,,996.0,20.0,367.0,1715.0,,339.0,10035,34.0,89.0,217.0,2755.0,,179.0,,240.0,4562.0,2191,68027391.09,3099118.93,64928272.16,7388125.86,6678422.02,709703.84,,,1690424.06,,,1197960.18,66553539.15,875245.44,,,1202.16,1755529.0,,7425927.91,67233519.85,79462025.85,1756731.16,77705294.69,69682889.22,74659447.76,3352097.89,66330791.33,6.2,6.2,,,5.1,,5.1,,4.5,,4.5,
3520004,0.727,0.664,0.838,0.691,0.36,0.68,4.13,18.67,27.75,18.08,6.14,590.77,192.29,1639.22,341.89,480.44,669.35,1269.28,0.23,75.3,2.01,14.3,16.53,40.51,94.59,83.73,381184.503,416079.055,477976.018,15357.34,18007.4,20686.23,346538.281,15879.572,23366.218,202869.944,104422.547,34646.222,1033,8,273,2.0,49.0,7.0,37,14.0,26.0,23.0,271,28.0,17.0,1.0,47.0,3.0,16.0,,73,23.0,115,,3473,663,250,51.0,140.0,13.0,132.0,40.0,78.0,79.0,1065,107.0,95.0,,316.0,8.0,33.0,,56.0,76.0,271,2314,663,53.0,41.0,80.0,3.0,79.0,16.0,5.0,47.0,743,62.0,72.0,,254.0,6.0,5.0,,26.0,48.0,111.0,1.9,84566,25822,2869.0,2313.0,2070.0,27.0,2528.0,2147.0,123.0,1880.0,22093,2097.0,3426.0,,9063.0,206.0,170.0,,765.0,1507.0,5460,105042666.98,2915481.5,102127185.48,13182261.51,12630308.28,551953.23,,1009624.3,1882705.77,,,11066688.48,91333911.8,524405.4,,24240.0,,4446826.01,,4775098.72,108809181.08,123470663.27,4471066.01,118999597.26,106214161.04,113584279.8,2916981.5,103297179.54,6.6,6.6,,,4.9,,4.9,,4.1,,4.1,
3520103,0.768,0.671,0.835,0.809,0.67,1.17,3.15,15.36,62.15,9.05,27.47,1228.09,206.28,7632.9,349.41,507.64,738.03,4350.28,0.85,75.08,2.15,13.5,15.66,43.48,94.12,83.56,1299637.242,1592921.307,1422122.446,42208.35,60770.69,54254.63,1131565.966,58077.579,163275.34,780396.081,129816.965,168071.276,2989,5,1670,6.0,63.0,17.0,88,25.0,18.0,76.0,477,52.0,59.0,5.0,59.0,6.0,20.0,,110,90.0,143,,8901,823,1285,29.0,297.0,28.0,263.0,109.0,167.0,195.0,1824,237.0,322.0,9.0,2067.0,54.0,48.0,,103.0,390.0,651,6510,823,352.0,25.0,230.0,11.0,151.0,69.0,133.0,90.0,1317,170.0,249.0,8.0,1975.0,47.0,26.0,,41.0,284.0,509.0,2.2,271119,54119,6496.0,1654.0,5264.0,358.0,2807.0,6353.0,6197.0,2868.0,38039,4486.0,11546.0,445.0,89675.0,2139.0,797.0,,986.0,9512.0,27379,184567369.01,6177128.38,178390240.63,28089403.67,25472360.8,2617042.87,,7385199.99,1825777.17,,,23568.15,148568121.24,3828623.97,,,,4297307.55,,7260244.06,193213124.11,194018001.74,4297307.55,189720694.19,197341123.38,200473368.17,6630470.8,190710652.58,5.8,5.8,,,4.9,4.9,,,4.4,4.0,4.4,
3520202,0.711,0.616,0.855,0.683,0.41,0.78,7.25,25.01,32.12,16.02,8.02,561.31,160.43,1803.18,289.06,421.03,605.1,1342.43,0.29,76.28,1.88,12.8,14.85,47.11,95.11,85.15,240165.471,310646.883,353163.257,24936.71,29292.49,33301.58,211732.239,2694.457,24559.35,128599.513,55878.919,28433.232,883,5,367,1.0,40.0,17.0,48,16.0,23.0,34.0,148,27.0,14.0,1.0,33.0,1.0,20.0,,44,29.0,15,,2762,547,394,5.0,258.0,67.0,163.0,33.0,39.0,54.0,560,50.0,31.0,,425.0,2.0,22.0,,60.0,28.0,24,1787,547,40.0,5.0,211.0,42.0,98.0,5.0,3.0,8.0,378,9.0,13.0,,385.0,,1.0,,34.0,1.0,7.0,2.0,67059,25745,986.0,578.0,7087.0,1373.0,2448.0,323.0,92.0,320.0,10442,363.0,303.0,,15542.0,,13.0,,1127.0,36.0,282,85533905.16,3641160.99,81892744.17,22582866.39,19980211.83,2602654.56,,619050.18,2454096.81,,,,74497519.29,403634.46,,,,8896680.27,,6104801.57,85146210.56,109453847.4,8896680.27,100557167.13,88612311.55,91251012.13,3644340.99,84967970.56,5.9,5.9,,,5.2,5.4,5.1,,4.3,,4.3,
3520301,0.726,0.653,0.847,0.691,0.55,6.09,18.75,37.57,43.44,10.37,16.76,588.36,93.27,2555.75,211.66,341.34,554.38,1738.94,0.55,75.84,2.35,13.5,15.6,55.26,94.88,84.51,1588620.44,2376543.246,1896850.188,51053.14,81626.08,65150.27,1559032.85,102580.484,800549.085,497572.56,158330.72,29587.59,2384,8,1500,6.0,72.0,22.0,55,14.0,5.0,42.0,354,39.0,33.0,2.0,29.0,8.0,14.0,,124,38.0,19,,5459,1234,1443,17.0,223.0,39.0,166.0,91.0,10.0,95.0,1326,61.0,181.0,53.0,157.0,26.0,14.0,,137.0,94.0,92,3113,1234,20.0,15.0,143.0,15.0,101.0,83.0,2.0,42.0,966,14.0,139.0,53.0,125.0,10.0,1.0,,44.0,38.0,68.0,2.4,133085,72533,459.0,1942.0,2958.0,282.0,2035.0,6429.0,126.0,1463.0,26050,441.0,6525.0,2914.0,3173.0,423.0,24.0,,1106.0,715.0,3488,179809004.32,10179180.11,169629824.21,25231017.39,21670973.51,3560043.88,,1267340.9,1648306.9,,,,179798656.09,902003.86,,220880.05,,9319565.48,,19456526.5,203348211.15,218387770.67,9540445.53,208847325.14,197222980.98,222804737.65,11199926.91,186023054.07,6.7,6.7,6.5,,5.7,,5.7,,4.7,,4.7,
3520400,0.756,0.693,0.843,0.739,0.49,1.28,4.48,18.12,40.17,13.49,11.91,794.57,184.29,3191.83,351.72,516.62,748.01,2169.24,0.41,75.56,1.96,12.8,14.85,42.77,94.4,84.25,13956618.262,24913501.36,14830714.927,385605.85,713159.14,424535.26,13822087.41,4355.183,9689118.052,3816794.074,311820.102,134530.851,2528,10,154,13.0,474.0,73.0,255,45.0,110.0,138.0,561,138.0,81.0,1.0,45.0,6.0,47.0,,227,107.0,43,,13043,2094,168,42.0,2973.0,533.0,647.0,132.0,269.0,484.0,2819,338.0,291.0,18.0,158.0,,77.0,,417.0,1449.0,134,10054,2094,9.0,30.0,2360.0,442.0,353.0,56.0,64.0,303.0,2227,165.0,196.0,18.0,103.0,,7.0,,231.0,1316.0,80.0,2.9,547948,207571,255.0,3815.0,82818.0,15170.0,14246.0,5494.0,258.0,9257.0,71487,7952.0,7450.0,890.0,3877.0,,187.0,,11286.0,98649.0,7287,863943426.62,62801240.69,801142185.93,149221282.97,132851499.66,16369783.31,,21635212.23,190343465.17,,,,502455299.28,11644910.63,,916470.0,,1126527.0,,85011619.65,840956567.75,877343167.28,2042997.0,875300170.28,868363573.77,925968187.4,64201240.69,804162333.08,6.6,6.6,,,5.5,5.5,,,4.3,,4.3,
3520426,0.725,0.666,0.823,0.696,0.46,2.1,11.23,30.71,33.99,13.21,10.29,608.83,134.81,2069.34,267.34,431.05,672.99,1543.28,0.38,74.36,1.69,15.7,18.2,50.65,94.06,82.35,1363561.107,2303081.816,2802536.357,118036.8,171628.42,208848.38,1348264.649,5569.439,847859.843,397962.489,96872.878,15296.458,634,9,42,3.0,79.0,11.0,39,6.0,17.0,30.0,221,30.0,10.0,2.0,15.0,,14.0,,85,9.0,12,,2777,928,42,6.0,249.0,19.0,70.0,13.0,53.0,45.0,920,92.0,9.0,4.0,62.0,,20.0,,62.0,44.0,139,2119,928,,4.0,148.0,4.0,28.0,4.0,23.0,9.0,701,49.0,,4.0,43.0,,3.0,,10.0,35.0,126.0,2.3,87860,56294,,442.0,3157.0,45.0,515.0,472.0,411.0,305.0,18750,1957.0,,241.0,904.0,,10.0,,202.0,1242.0,2913,132984082.05,8506717.57,124477364.48,37070150.41,36352517.77,702467.78,15164.86,782103.33,1714594.93,,,32142.51,119495029.84,438815.48,,,,6964076.47,,12418396.49,136687578.76,166496912.97,6964076.47,159532836.5,141895891.26,149105975.25,9022386.23,132873505.03,6.4,6.4,,,5.1,5.1,,,4.6,,4.6,
3520442,0.812,0.782,0.871,0.786,0.48,0.76,2.58,9.74,38.46,13.74,11.19,1063.04,249.92,4087.99,480.5,665.48,1015.81,2905.97,0.4,77.24,1.48,11.5,13.34,38.86,95.6,86.49,706074.949,768553.363,917731.981,26261.81,30081.54,35920.47,663912.892,73083.216,39867.795,408260.417,142701.463,42162.057,2244,8,910,3.0,113.0,33.0,52,17.0,18.0,107.0,408,56.0,57.0,13.0,56.0,,27.0,,137,199.0,30,,7179,1046,852,5.0,321.0,60.0,441.0,85.0,43.0,368.0,1579,119.0,758.0,38.0,367.0,,54.0,,145.0,819.0,79,4858,1046,55.0,1.0,184.0,23.0,383.0,61.0,15.0,218.0,1095,54.0,688.0,37.0,295.0,,29.0,,44.0,579.0,51.0,2.9,268746,63048,2256.0,59.0,4989.0,571.0,5498.0,6210.0,244.0,5925.0,34870,1169.0,100609.0,2325.0,16061.0,,816.0,,1110.0,20208.0,2779,212311358.95,6305391.14,206005967.81,20589915.12,18177072.26,2412842.86,,9850156.22,20578157.39,,,7831668.87,189150908.21,5473397.09,,676399.45,,619893.0,,9705168.52,216837627.75,254770495.35,1296292.45,253474202.9,216192992.24,226542796.27,6309390.34,209883601.9,7.1,7.1,,,5.7,,5.7,,5.2,,5.1,5.8
3520509,0.788,0.738,0.837,0.791,0.47,0.17,1.43,7.27,38.31,14.25,10.75,1098.31,286.65,4207.54,495.96,703.1,1058.88,2960.9,0.38,75.22,1.51,13.37,15.51,38.78,94.38,83.17,22817116.886,26940477.52,28264863.052,87525.86,105343.64,110518.41,17776539.834,46618.663,6772161.333,9716238.747,1241521.091,5040577.052,21564,12,1184,52.0,1032.0,273.0,2433,761.0,1121.0,1971.0,5264,1576.0,723.0,12.0,1691.0,9.0,825.0,,852,1181.0,592,20834.0,120797,5723,1309,2098.0,4938.0,969.0,15903.0,2702.0,2476.0,5100.0,23201,5805.0,5103.0,56.0,30306.0,183.0,2760.0,,1947.0,5143.0,5075,93390,5719,302.0,2040.0,3703.0,605.0,13339.0,1352.0,361.0,2489.0,16793,3572.0,4150.0,48.0,28097.0,178.0,1613.0,,1051.0,3578.0,4400.0,3.2,5552502,519955,15290.0,107656.0,107296.0,18079.0,434120.0,171507.0,12337.0,202142.0,803899,154020.0,182105.0,3486.0,2270061.0,13081.0,144839.0,,38124.0,136067.0,218437,2226046444.79,93772039.54,2132274405.25,783001046.05,703218021.58,79285877.67,497146.8,122527563.05,298756643.95,,,229621165.18,1176560272.73,68672195.04,20346955.11,4021193.02,,9451884.59,,123092425.53,2369381452.27,2712958918.72,33820032.72,2679138886.0,2358889095.2,2492473877.8,94685858.54,2264203236.66,7.5,7.5,,,5.7,,5.7,,4.8,,4.8,
3520608,0.761,0.733,0.843,0.714,0.45,1.18,4.42,18.69,35.97,15.26,9.43,681.29,182.05,2450.57,337.88,489.99,680.42,1729.48,0.35,75.56,1.85,13.9,16.08,42.33,94.73,84.11,86968.231,90274.984,99885.601,17846.96,17735.75,19623.89,82869.249,18006.03,3921.954,33369.854,27571.412,4098.981,928,5,696,1.0,3.0,5.0,7,5.0,2.0,11.0,86,7.0,1.0,1.0,45.0,1.0,3.0,,21,11.0,17,,1516,296,569,4.0,2.0,5.0,15.0,14.0,2.0,18.0,197,29.0,1.0,,280.0,2.0,5.0,,9.0,9.0,59,694,296,2.0,,,,7.0,5.0,,1.0,91,22.0,,,227.0,1.0,2.0,,3.0,,37.0,1.8,23620,12315,49.0,,,,170.0,462.0,,19.0,2760,980.0,,,5592.0,48.0,56.0,,40.0,,1130,32844696.86,3399690.83,29445006.03,3420293.24,2457044.06,963249.18,,193870.59,314318.35,,,2591.4,34820731.97,11265.87,,,,2169102.0,,3923331.02,32376227.54,40932173.42,2169102.0,38763071.42,34779152.32,36299558.56,3420886.68,31358265.64,6.0,6.0,,,5.1,,5.1,,4.2,,4.2,
3520707,0.751,0.71,0.835,0.714,0.47,1.42,4.6,23.12,38.7,14.26,10.86,680.85,173.78,2634.82,311.59,461.03,636.21,1833.36,0.39,75.11,1.57,14.6,16.86,43.53,94.48,83.46,111102.983,121298.114,167087.329,28664.34,30061.49,41409.5,106036.581,27338.074,5859.752,48191.812,24646.943,5066.402,1188,5,1020,1.0,7.0,4.0,12,2.0,4.0,9.0,58,3.0,4.0,1.0,5.0,,1.0,,27,21.0,4,,1336,275,717,1.0,8.0,5.0,17.0,7.0,6.0,13.0,127,3.0,9.0,8.0,34.0,,2.0,,17.0,82.0,5,485,275,25.0,1.0,1.0,1.0,3.0,7.0,1.0,2.0,66,1.0,2.0,8.0,22.0,,,,3.0,65.0,2.0,2.4,21402,12817,1027.0,62.0,39.0,33.0,67.0,898.0,25.0,111.0,2391,27.0,58.0,420.0,688.0,,,,62.0,2545.0,132,41871023.92,1332704.1,40538319.82,3359418.28,2973757.74,385660.54,,,775783.35,,,30988.88,43795828.94,688527.36,,,,1536709.68,,2068461.15,41233379.75,50187256.49,1536709.68,48650546.81,42306015.19,43301840.9,1332704.1,40973311.09,8.0,8.0,,,5.9,,5.9,,4.6,,4.6,
3520806,0.759,0.75,0.849,0.688,0.37,0.48,1.81,16.31,30.99,19.16,6.47,576.91,215.39,1787.9,337.29,446.21,586.66,1286.33,0.23,75.95,1.7,13.3,15.42,45.09,94.94,84.67,136680.861,160509.048,176722.809,33790.08,44400.84,48885.98,121866.701,9787.826,7679.618,81553.699,22845.558,14814.16,534,6,346,2.0,6.0,4.0,9,5.0,2.0,11.0,65,13.0,2.0,1.0,12.0,,2.0,,31,5.0,12,,1255,203,297,2.0,16.0,5.0,12.0,13.0,3.0,14.0,460,42.0,28.0,,74.0,,9.0,,15.0,36.0,26,816,203,48.0,1.0,10.0,,3.0,6.0,,3.0,380,20.0,26.0,,64.0,,5.0,,5.0,32.0,10.0,2.2,34517,9346,2405.0,125.0,224.0,,110.0,804.0,,91.0,15903,1264.0,732.0,,1916.0,,134.0,,141.0,899.0,424,32274874.87,2233255.98,30041618.89,2449676.49,2428098.59,21577.9,,240898.21,1351335.09,,,74644.12,33791635.93,25222.88,,,,854798.51,,3010379.41,31085439.71,38788211.23,854798.51,37933412.72,32765440.63,34095819.12,2233255.98,30532184.65,7.0,7.0,,,5.6,,5.6,,4.8,,4.8,
3520905,0.727,0.65,0.828,0.713,0.48,0.34,5.14,23.13,39.86,14.26,11.18,677.42,182.0,2700.32,301.06,454.51,640.01,1810.11,0.4,74.66,2.21,15.3,17.67,48.51,94.23,82.78,499098.585,583771.297,678117.975,32911.22,42573.75,49454.34,448182.298,37047.84,123713.003,210477.649,76943.805,50916.287,957,6,271,2.0,53.0,12.0,26,12.0,6.0,30.0,275,22.0,14.0,2.0,79.0,2.0,11.0,,53,41.0,40,,4162,506,170,3.0,116.0,18.0,47.0,43.0,7.0,69.0,802,41.0,142.0,41.0,1755.0,4.0,41.0,,85.0,144.0,128,3212,506,5.0,,56.0,5.0,21.0,32.0,,32.0,471,16.0,125.0,41.0,1636.0,,25.0,,46.0,104.0,91.0,2.3,146418,29761,143.0,,1087.0,71.0,585.0,3344.0,,789.0,13077,742.0,6456.0,2590.0,70396.0,,765.0,,1430.0,3442.0,11740,88285216.24,3904355.85,84380860.39,9553512.77,8391356.06,1162156.71,,814494.51,889336.55,,,1980840.04,89508853.45,542898.45,,,,4090361.14,,6243691.26,85834475.51,107380296.91,4090361.14,103289935.77,89259949.93,92078166.77,3930395.17,85329554.76,6.4,6.4,,,5.5,5.5,,,4.8,,4.8,
3521002,0.719,0.672,0.814,0.68,0.4,2.19,7.35,21.59,30.4,16.53,7.35,551.75,153.77,1677.04,302.36,433.81,613.31,1262.83,0.29,73.86,2.35,16.6,19.16,42.25,93.77,81.58,969693.824,1140856.469,1291002.665,25010.8,31291.49,35409.71,831964.349,21813.286,308392.806,333669.815,168088.442,137729.475,1579,15,486,12.0,54.0,13.0,98,19.0,18.0,48.0,324,72.0,25.0,1.0,210.0,13.0,19.0,,75,40.0,37,,9024,1580,458,110.0,172.0,26.0,776.0,46.0,40.0,134.0,1341,219.0,183.0,3.0,3433.0,71.0,26.0,,124.0,57.0,225,7399,1580,6.0,101.0,119.0,8.0,675.0,19.0,15.0,82.0,962,136.0,157.0,3.0,3201.0,53.0,5.0,,76.0,16.0,185.0,2.4,331862,84698,,5419.0,3484.0,190.0,14260.0,1356.0,516.0,9559.0,35736,8375.0,3107.0,290.0,152800.0,1909.0,125.0,,2929.0,563.0,6545,204583789.43,7542665.02,197041124.41,52819269.49,50285854.14,2533415.35,,1463726.6,1382413.24,,,2085715.3,174917962.7,895996.32,,490785.07,,4177441.0,,10932264.45,206485798.98,238233309.72,4668226.07,233565083.65,215397653.05,217418063.43,9860570.14,205537082.91,5.8,5.8,,,5.0,5.0,,,4.2,,4.2,
3521101,0.753,0.685,0.845,0.737,0.46,0.66,3.87,16.1,37.82,14.64,10.33,785.15,193.32,2969.74,381.55,534.84,762.84,2065.39,0.38,75.7,2.31,12.6,14.61,46.84,94.48,84.44,947911.795,985603.808,1055775.919,121154.37,144283.97,154556.57,826107.378,24395.317,486813.768,272643.298,42254.994,121804.417,1212,6,898,5.0,13.0,8.0,15,8.0,8.0,18.0,78,12.0,13.0,,44.0,12.0,2.0,,37,7.0,28,,2820,362,579,28.0,48.0,25.0,53.0,19.0,17.0,31.0,218,28.0,12.0,,1145.0,113.0,1.0,,41.0,7.0,93,1901,362,12.0,22.0,33.0,14.0,31.0,11.0,1.0,6.0,117,12.0,,,1097.0,104.0,,,22.0,,57.0,2.4,86497,17319,234.0,1073.0,867.0,329.0,1232.0,1028.0,10.0,198.0,3485,384.0,,,51951.0,3696.0,,,787.0,,3902,56427977.48,3610354.27,52817623.21,9854400.55,9639983.49,214417.06,,,1733281.73,,,3937855.69,51991794.09,101320.38,,,,4099798.98,,5280040.32,54749359.85,71718451.42,4099798.98,67618652.44,57716434.39,60029400.17,4040940.67,53675493.72,7.0,7.0,,,5.4,,5.4,,3.8,,3.8,
3521150,0.73,0.666,0.839,0.696,0.36,1.34,3.51,16.94,27.96,18.13,6.17,608.53,196.29,1701.68,355.43,497.53,679.51,1313.1,0.24,75.33,1.74,14.2,16.47,43.6,94.61,83.78,124258.756,146481.475,173090.62,22360.76,21665.65,25601.33,109949.242,19588.334,24359.218,39831.129,26170.561,14309.515,960,7,710,2.0,5.0,1.0,18,5.0,5.0,11.0,77,24.0,2.0,,41.0,,2.0,,32,10.0,8,,2032,287,789,7.0,11.0,1.0,83.0,8.0,6.0,16.0,197,71.0,7.0,,443.0,,2.0,,43.0,15.0,46,1179,287,220.0,3.0,4.0,,59.0,,,2.0,105,32.0,5.0,,395.0,,,,25.0,4.0,38.0,2.0,43767,12010,7921.0,133.0,62.0,,1495.0,,,2742.0,2935,985.0,149.0,,12389.0,,,,932.0,94.0,1918,44370247.46,1663245.03,42707002.43,4449425.89,3714483.24,502085.83,232856.82,1382456.65,1149625.96,,,1302331.8,41317517.71,121183.01,,,,,950000.0,1663245.03,43890698.7,50672541.02,950000.0,49722541.02,44370247.46,45553943.73,1663245.03,42707002.43,6.6,6.6,,,4.8,,4.8,,4.2,,4.2,
3521200,0.703,0.668,0.816,0.637,0.53,9.62,25.24,50.92,39.97,10.44,15.32,421.14,62.05,1683.47,157.78,261.26,426.81,1197.18,0.52,73.96,2.88,16.4,18.96,59.14,93.83,81.73,63459.365,65472.66,70828.696,15181.67,16182.07,17505.86,61346.797,7278.938,2987.449,22229.423,28850.987,2112.567,453,5,321,2.0,18.0,1.0,10,1.0,,3.0,29,1.0,1.0,1.0,6.0,1.0,1.0,,40,4.0,8,,853,299,318,1.0,54.0,1.0,19.0,,,9.0,77,1.0,1.0,3.0,8.0,,,,29.0,2.0,31,420,299,1.0,1.0,34.0,,4.0,,,7.0,47,,,3.0,,,,,2.0,,22.0,1.9,15193,12240,17.0,159.0,740.0,,83.0,,,244.0,1212,,,174.0,,,,,22.0,,301,45169994.12,2496288.51,42673705.61,1861407.87,1754667.65,106740.22,,,1421847.71,,,,54499126.16,117046.71,,,,1450495.38,,3955809.15,45528433.88,59349923.83,1450495.38,57899428.45,45481369.56,49484243.03,2496288.51,42985081.05,6.0,6.0,,,5.2,,5.2,,4.8,,4.8,
3521309,0.749,0.654,0.848,0.759,0.59,0.72,4.06,19.08,52.46,11.41,18.39,900.48,185.18,4723.8,328.58,471.44,659.75,2855.79,0.64,75.9,2.13,13.4,15.49,42.88,94.92,84.61,442715.064,506912.258,589809.58,26361.5,35070.72,40805.98,410324.171,75494.416,40963.4,203006.802,90859.553,32390.893,1344,6,746,1.0,27.0,8.0,36,14.0,10.0,33.0,259,15.0,11.0,1.0,31.0,,12.0,,41,61.0,32,,3776,797,566,46.0,77.0,22.0,81.0,47.0,19.0,83.0,811,25.0,81.0,,725.0,,16.0,,39.0,219.0,122,2687,797,131.0,46.0,47.0,11.0,39.0,25.0,7.0,48.0,523,7.0,64.0,,675.0,,8.0,,20.0,152.0,87.0,2.1,105432,35548,11240.0,1404.0,1013.0,233.0,1009.0,2180.0,154.0,1152.0,14067,167.0,1743.0,,26694.0,,305.0,,883.0,4631.0,3012,98547324.49,4674581.55,93872742.94,12819248.85,12414831.55,404417.3,,653861.59,1613964.85,,,5910278.88,98112935.56,277191.94,,,,4755395.39,,8651944.17,101648570.37,124142877.06,4755395.39,119387481.67,101981980.19,110300514.54,4684076.55,97297903.64,6.3,6.3,,,5.4,5.4,,,4.0,,4.0,
3521408,0.776,0.729,0.863,0.742,0.4,1.18,2.93,10.5,31.09,17.09,7.28,808.74,243.1,2514.73,447.89,615.31,871.36,1869.82,0.28,76.76,1.73,11.2,12.99,39.51,95.06,85.92,2127925.258,2118043.53,2403777.589,85178.34,96419.33,109426.76,1610360.285,22556.37,714975.253,749838.887,122989.775,517564.974,1350,13,146,9.0,38.0,20.0,76,29.0,25.0,83.0,322,50.0,26.0,,211.0,1.0,23.0,,63,59.0,156,,9517,821,220,128.0,127.0,46.0,406.0,112.0,63.0,268.0,1338,135.0,193.0,,4345.0,,46.0,,62.0,492.0,715,7882,821,118.0,120.0,88.0,22.0,314.0,52.0,15.0,163.0,945,35.0,160.0,,4064.0,,15.0,,28.0,411.0,511.0,2.5,364912,55027,5833.0,8919.0,2581.0,485.0,10226.0,5310.0,331.0,6518.0,48609,989.0,6120.0,,165487.0,,834.0,,636.0,19007.0,27999,149947719.16,8379023.0,141568696.16,37940912.01,36084426.56,1856305.33,180.12,1739910.28,2363851.59,,,7686885.75,121615645.26,719429.2,3645277.18,11000.0,,9394405.0,,11118716.16,156065526.69,185117316.27,13050682.18,172066634.09,165324129.53,167184242.85,9494659.15,155829470.38,6.8,6.8,,,6.0,,6.0,,4.8,,4.8,
3521507,0.713,0.624,0.844,0.688,0.36,0.13,3.8,18.44,28.34,18.24,6.21,579.58,194.06,1642.41,334.66,475.32,654.34,1241.64,0.22,75.63,2.19,13.8,15.96,41.95,94.77,84.21,186223.417,199585.58,282415.637,22987.71,29064.45,41126.49,178877.391,73483.694,9689.122,59246.677,36457.898,7346.026,1612,7,1217,2.0,7.0,8.0,39,6.0,4.0,24.0,118,10.0,10.0,1.0,27.0,,5.0,,26,83.0,18,,2168,279,847,3.0,22.0,8.0,121.0,10.0,11.0,66.0,398,25.0,22.0,,179.0,,13.0,,10.0,118.0,36,945,278,51.0,2.0,12.0,,76.0,5.0,,36.0,262,14.0,9.0,,146.0,,8.0,,3.0,27.0,16.0,1.7,31301,13644,1012.0,126.0,192.0,,1665.0,734.0,,1200.0,6979,394.0,180.0,,3492.0,,214.0,,121.0,668.0,679,44386291.98,3535913.87,40850378.11,3970801.44,3778416.46,192384.98,,188678.0,756192.66,,,63127.93,48064278.92,70412.93,,,,3779709.55,,8289033.19,41884635.89,56893201.43,3779709.55,53113491.88,46560266.63,50173669.08,5303513.87,41256752.76,6.6,6.6,,,6.9,,6.9,,5.8,,5.8,
3521606,0.712,0.622,0.839,0.691,0.44,2.77,9.54,25.02,34.19,14.64,9.34,589.82,137.53,2016.78,294.19,456.88,621.6,1459.91,0.35,75.33,1.86,14.2,16.47,48.63,94.61,83.78,109595.224,116246.809,142421.744,13115.75,19576.76,20101.87,104691.171,21815.73,2638.134,44503.456,35733.851,4904.053,1489,7,1230,1.0,9.0,5.0,11,4.0,2.0,15.0,100,3.0,3.0,,8.0,,3.0,,42,22.0,24,,2140,717,878,8.0,14.0,7.0,84.0,10.0,4.0,15.0,228,3.0,10.0,,45.0,,19.0,,26.0,31.0,41,984,717,,,5.0,,70.0,5.0,1.0,1.0,109,,2.0,,32.0,,16.0,,7.0,4.0,15.0,3.0,54324,45902,50.0,,106.0,,1669.0,566.0,25.0,,3530,,61.0,,1001.0,,603.0,,170.0,98.0,541,37376500.77,2555705.22,34820795.55,3487268.48,3133317.84,235461.59,118489.05,,396744.82,,,1562824.33,38537297.9,41927.21,154784.7,62899.0,,2076814.75,,4352375.38,35429100.72,46320561.19,2294498.45,44026062.74,37867835.32,39781476.1,2570480.74,35297354.58,7.2,7.2,,,5.1,,5.1,,4.4,,4.4,
3521705,0.693,0.636,0.803,0.652,0.5,7.14,19.98,43.52,38.12,11.88,12.84,462.03,80.46,1761.24,193.89,307.67,478.91,1252.95,0.46,73.18,2.39,17.7,20.47,48.84,93.36,80.54,1016119.036,1204811.289,1058158.523,58380.87,66997.24,58842.16,916067.861,304163.077,34937.953,485005.752,91961.078,100051.175,3735,5,3070,4.0,28.0,9.0,20,20.0,4.0,33.0,283,32.0,23.0,3.0,31.0,9.0,10.0,,56,46.0,49,,6087,772,2912,8.0,90.0,20.0,77.0,64.0,10.0,86.0,1100,80.0,66.0,32.0,433.0,15.0,21.0,,81.0,121.0,99,2769,772,338.0,7.0,56.0,8.0,56.0,33.0,,40.0,777,43.0,37.0,32.0,404.0,7.0,13.0,,27.0,72.0,47.0,2.1,107288,36981,16662.0,579.0,1161.0,166.0,1244.0,2830.0,,1355.0,26869,642.0,858.0,2780.0,7349.0,183.0,309.0,,605.0,2023.0,4690,127678737.83,8082144.81,119596593.02,14910369.65,14548783.0,361586.65,,1134204.43,2063234.34,,,,129164439.56,535345.71,,,,900985.49,,8752963.41,120771672.79,148708579.18,900985.49,147807593.69,128281267.13,129524636.2,8199510.81,120081756.32,6.9,,6.9,,5.4,,5.4,,4.7,,4.7,
3521804,0.713,0.63,0.83,0.692,0.45,1.62,8.51,26.24,35.13,14.25,9.86,594.77,143.33,2089.67,280.41,414.72,615.88,1512.86,0.36,74.77,2.26,15.1,17.46,42.93,94.29,82.95,924896.722,997076.88,1082752.493,33471.94,39597.97,43000.5,843807.294,301407.217,68359.7,347177.372,126863.006,81089.428,2660,10,1702,7.0,46.0,19.0,62,32.0,20.0,63.0,359,58.0,28.0,3.0,30.0,4.0,22.0,,87,60.0,48,,6985,1093,2251,13.0,223.0,29.0,292.0,209.0,43.0,147.0,1358,203.0,70.0,109.0,364.0,54.0,33.0,,100.0,284.0,110,4626,1093,964.0,7.0,173.0,8.0,217.0,155.0,3.0,69.0,947,118.0,40.0,101.0,332.0,50.0,12.0,,52.0,222.0,63.0,2.6,216515,71432,52430.0,664.0,4040.0,155.0,5350.0,11571.0,20.0,1618.0,28098,2944.0,937.0,8411.0,13903.0,1951.0,413.0,,1714.0,8334.0,2529,200191417.99,7485298.99,192706119.0,35130489.19,34309511.77,820977.42,,16280217.85,3439652.33,,,1198089.03,166578686.69,7757419.74,339821.09,,,5367347.11,,24292401.77,198813100.84,236091723.03,5707168.2,230384554.83,205251239.35,223105502.61,8890480.19,196360759.16,6.1,6.1,,,5.0,,5.0,,4.5,,4.5,
3521903,0.73,0.644,0.832,0.727,0.38,0.16,1.84,9.87,30.96,18.43,6.72,739.45,250.49,2289.63,431.07,564.84,775.49,1675.06,0.24,74.94,1.45,14.8,17.17,41.45,94.39,83.2,935219.794,1040974.853,1278534.349,61001.88,61273.46,75256.6,848021.937,195824.674,238575.004,333653.222,79969.036,87197.858,4094,7,3142,2.0,30.0,6.0,35,12.0,19.0,43.0,464,20.0,22.0,1.0,128.0,,17.0,,45,69.0,32,,7672,835,2201,12.0,68.0,9.0,199.0,45.0,69.0,77.0,1859,48.0,91.0,8.0,1751.0,,34.0,,61.0,239.0,66,4401,835,89.0,9.0,33.0,1.0,156.0,23.0,10.0,24.0,1301,19.0,61.0,8.0,1587.0,,12.0,,35.0,171.0,27.0,2.0,154800,37820,2511.0,169.0,810.0,21.0,4024.0,2402.0,212.0,559.0,38409,914.0,1059.0,328.0,57245.0,,326.0,,689.0,6027.0,1276,130729180.33,4464791.45,126264388.88,15334566.33,14369938.54,964627.79,,6005445.25,2835432.67,,,4813976.1,112293461.93,1036477.25,,305923.52,,2858924.08,,5629030.06,126264388.88,145484207.13,3164847.6,142319359.53,130729180.33,131893418.94,4464791.45,126264388.88,7.0,7.0,,,5.8,5.8,,,5.8,,5.8,
3522000,0.705,0.613,0.823,0.696,0.37,0.69,5.33,18.73,28.41,18.02,6.31,609.08,189.16,1730.31,359.65,495.81,672.76,1340.81,0.25,74.39,2.22,15.7,18.16,46.88,94.08,82.38,232256.5,338466.402,308304.551,58993.27,93550.69,85214.08,208948.334,45850.604,79572.071,59660.515,23865.143,23308.166,1055,7,918,,4.0,3.0,5,3.0,6.0,2.0,33,1.0,2.0,,28.0,,,,29,5.0,9,,1643,249,764,,13.0,4.0,5.0,7.0,6.0,2.0,133,13.0,2.0,,384.0,,,,13.0,4.0,44,837,249,97.0,,7.0,1.0,,5.0,,,90,11.0,,,354.0,,,,6.0,,17.0,1.9,30240,11662,4896.0,,98.0,34.0,,528.0,,,2812,453.0,,,9221.0,,,,147.0,,388,39785220.23,1300144.52,38485075.71,3208887.76,3092082.54,116805.22,,716736.11,1544285.99,,,834848.39,38216568.7,19842.01,,115361.99,,754465.63,,1763835.16,38785442.64,45410996.58,869827.62,44541168.96,39785220.23,40549277.8,1300144.52,38485075.71,7.1,7.1,,,5.4,,5.4,,4.1,,4.1,
3522109,0.745,0.701,0.823,0.716,0.5,2.53,10.29,26.11,38.8,12.23,12.69,690.67,134.49,2679.63,287.91,447.74,698.17,1889.18,0.45,74.36,2.26,15.7,18.2,52.33,94.06,82.35,2369274.752,2611455.45,2956406.115,22704.86,23217.89,26284.77,2219901.453,65653.361,159891.15,1451541.931,542815.013,149373.299,4377,16,182,26.0,348.0,115.0,475,66.0,122.0,234.0,1459,246.0,158.0,3.0,120.0,5.0,87.0,,396,230.0,89,4198.0,19721,3785,187,163.0,1522.0,445.0,1665.0,228.0,243.0,443.0,6481,559.0,765.0,105.0,462.0,15.0,393.0,,635.0,1322.0,303,15063,3784,12.0,132.0,1125.0,328.0,1299.0,152.0,68.0,149.0,4908,276.0,581.0,105.0,314.0,11.0,283.0,,321.0,999.0,216.0,2.3,639995,270144,316.0,9579.0,25386.0,9773.0,34707.0,14463.0,1522.0,4557.0,157399,8910.0,16339.0,7065.0,8407.0,415.0,8962.0,,8279.0,42447.0,11325,674084002.73,75610044.01,598473958.72,268094276.63,214068016.45,53759658.06,266602.12,71833322.08,5471277.95,,,633119.26,417372631.85,17126065.25,3114246.33,,,30671270.3,,85399281.45,684367334.85,814316209.65,33785516.63,780530693.02,754745092.1,769766616.3,78742588.09,676002504.01,6.3,6.3,,,5.1,5.1,4.9,,4.3,,4.3,
3522158,0.68,0.637,0.787,0.627,0.54,14.98,29.08,52.39,42.46,10.09,16.84,395.32,52.42,1678.68,146.98,242.32,420.61,1180.19,0.56,72.2,1.83,19.4,22.49,61.48,92.74,78.99,53345.253,56550.772,67981.734,16009.98,16530.48,19866.08,51108.337,9352.341,6907.746,15328.072,19520.179,2236.916,578,7,501,3.0,1.0,,1,2.0,,3.0,22,3.0,3.0,,2.0,1.0,,,22,3.0,4,,896,246,482,2.0,1.0,,,1.0,,2.0,64,64.0,3.0,,16.0,,,,7.0,3.0,5,366,246,,1.0,,,,,,,40,62.0,,,14.0,,,,1.0,,2.0,2.1,14533,9503,,119.0,3.0,,,36.0,,,1056,3351.0,,,309.0,,,,21.0,,135,31691003.14,3223760.01,28467243.13,2357692.0,2176647.07,104789.19,76255.74,,3179067.48,,,,38402537.3,67784.7,,,,2604185.37,,4469471.79,29569701.1,46611266.85,2604185.37,44007081.48,31768874.36,34039172.89,3227243.49,28541630.87,6.7,6.7,,,6.4,,6.4,,4.7,,4.7,
3522208,0.742,0.687,0.852,0.699,0.45,1.82,7.44,24.0,35.11,14.61,9.61,619.82,154.72,2176.42,298.19,440.03,638.18,1550.63,0.36,76.09,1.78,13.01,15.09,42.76,95.0,84.83,4909298.748,5275802.258,6215133.643,27338.58,33281.2,39206.76,4240048.944,26749.485,767377.049,2720393.811,725528.599,669249.804,5201,24,155,13.0,264.0,82.0,422,75.0,98.0,266.0,1731,327.0,219.0,2.0,338.0,5.0,145.0,,483,247.0,305,5035.0,37146,3551,217,179.0,1134.0,210.0,4314.0,258.0,201.0,498.0,8544,1341.0,4654.0,,4846.0,134.0,341.0,,897.0,1893.0,3934,31070,3550,63.0,159.0,844.0,93.0,3834.0,131.0,25.0,154.0,6450,903.0,4411.0,,4437.0,131.0,164.0,,475.0,1589.0,3657.0,2.5,1386443,263246,2363.0,6626.0,26141.0,2403.0,75956.0,14662.0,652.0,4776.0,229515,21273.0,241638.0,,236158.0,6909.0,5339.0,,14667.0,78765.0,155353,728935340.21,23273586.18,705661754.03,178434067.11,155239345.8,23182779.59,11941.72,43619579.7,20507577.89,,,,577434581.35,40784540.75,,,,22220306.94,,33452795.33,754626626.55,883000653.74,22220306.94,860780346.8,751932802.97,788079421.88,25283348.13,726649454.84,6.3,6.3,6.5,,5.3,,5.3,,4.6,,4.6,
3522307,0.763,0.705,0.864,0.728,0.49,1.29,7.16,23.29,39.29,12.61,12.46,741.64,156.92,2913.83,310.78,481.1,729.05,2028.25,0.43,76.86,1.7,11.95,13.86,46.24,95.39,85.92,6359722.596,7249598.877,7962801.863,38058.01,45944.6,50464.55,5587332.307,411249.541,1394942.5,3095970.818,685169.449,772390.288,10703,18,3815,24.0,383.0,124.0,544,195.0,240.0,525.0,2471,408.0,256.0,4.0,315.0,6.0,157.0,,352,509.0,357,10130.0,56270,4461,8066,201.0,2040.0,364.0,2738.0,796.0,597.0,1344.0,12718,2288.0,6096.0,64.0,8837.0,105.0,531.0,,594.0,3071.0,1359,44316,4460,4622.0,186.0,1611.0,205.0,2136.0,437.0,120.0,627.0,9804,1699.0,5770.0,64.0,8466.0,92.0,342.0,,329.0,2400.0,946.0,2.3,1927470,314336,204154.0,23642.0,40440.0,5117.0,59678.0,33151.0,3521.0,26667.0,315809,109494.0,269575.0,4499.0,364218.0,4131.0,12016.0,,8672.0,90437.0,37914,875934754.92,46732501.3,829202253.62,187562961.4,163455075.81,24107885.59,,35329347.91,21296544.13,,,976275.94,658182088.24,13276647.26,,4832819.01,,13007856.67,,49188513.26,851124323.94,934464540.56,17840675.68,916623864.88,895533111.1,900312837.2,46788223.3,848744887.8,6.4,6.4,7.7,,5.4,,5.4,,4.7,,4.6,6.1
3522406,0.732,0.697,0.803,0.702,0.53,2.5,12.0,33.69,43.48,11.51,15.1,630.48,122.31,2741.07,240.66,381.04,585.05,1823.92,0.5,73.18,2.11,17.7,20.48,48.45,93.36,80.54,3788992.478,4196751.159,4558511.821,39783.21,46771.92,50803.67,3461192.616,991508.663,477193.322,1560789.808,431700.823,327799.862,9127,22,4510,8.0,275.0,78.0,254,114.0,70.0,342.0,1819,170.0,162.0,8.0,220.0,29.0,70.0,,285,350.0,341,8481.0,31005,3323,5894,71.0,1156.0,201.0,939.0,492.0,206.0,926.0,7669,567.0,2562.0,112.0,2188.0,105.0,190.0,,463.0,1910.0,2031,21750,3322,1921.0,55.0,844.0,114.0,647.0,264.0,55.0,516.0,5692,344.0,2389.0,112.0,1937.0,73.0,106.0,,250.0,1469.0,1640.0,2.2,883577,184544,65420.0,5955.0,18668.0,2557.0,20958.0,21235.0,1509.0,18455.0,183267,8454.0,108919.0,8039.0,78532.0,3379.0,3614.0,,6718.0,59709.0,83646,591789120.71,16121827.89,575667292.82,98429313.58,88848113.44,9573171.61,8028.53,26355626.08,23688002.69,33010.56,,167603.31,514594267.24,27847346.42,,,,9308375.16,,21279612.64,609619945.37,700423545.04,9308375.16,691115169.88,606583858.01,630899558.01,16982640.93,589601217.08,6.6,6.6,,,5.5,5.5,,,5.0,,5.0,
3522505,0.735,0.677,0.855,0.687,0.45,2.72,8.33,26.78,35.76,14.66,9.75,575.72,141.76,2058.76,280.36,412.44,588.85,1447.2,0.37,76.28,1.78,12.5,14.5,45.65,95.05,84.98,12854995.018,15017261.084,15615097.192,52656.14,64586.76,67220.4,10461483.562,364.666,1967818.035,7477096.427,1016204.434,2393511.456,6457,23,41,30.0,300.0,82.0,694,112.0,94.0,372.0,2190,565.0,192.0,2.0,381.0,,241.0,,492,276.0,370,6226.0,50517,4866,55,478.0,1616.0,181.0,2461.0,416.0,187.0,860.0,12838,2081.0,4512.0,,11685.0,,1184.0,,622.0,2980.0,3495,43469,4866,12.0,444.0,1292.0,80.0,1812.0,227.0,45.0,400.0,10551,1391.0,4257.0,,11247.0,,880.0,,172.0,2626.0,3167.0,3.0,2395876,351617,268.0,18120.0,35329.0,1671.0,70721.0,18551.0,1433.0,20375.0,450312,40362.0,207556.0,,848824.0,,52244.0,,6439.0,114574.0,157481,1126103186.21,102344417.93,1023758768.28,260153922.9,242605666.48,17206669.04,341587.38,44826218.55,17804909.24,,,2763538.71,887364843.95,37903014.04,9151835.77,2207496.77,,31524264.93,5799508.17,113482778.73,1112444309.71,1299499553.03,48683105.64,1250816447.39,1157864047.49,1225927088.44,110031805.23,1047832242.26,6.3,6.3,,,4.6,,4.6,,4.0,,4.0,
3522604,0.762,0.692,0.852,0.75,0.45,0.72,2.78,13.15,35.76,15.19,9.41,849.81,225.29,3038.51,420.33,590.7,853.54,2166.05,0.35,76.1,1.52,13.1,15.16,39.6,95.02,84.89,4756331.426,5497230.367,6365973.525,62845.44,76327.1,88389.29,4097735.217,76928.681,1922953.26,1743951.181,353902.095,658596.209,5485,9,1455,15.0,204.0,70.0,347,140.0,105.0,258.0,1305,175.0,159.0,5.0,462.0,32.0,67.0,,238,248.0,191,5183.0,31832,2497,1502,143.0,703.0,241.0,1654.0,539.0,227.0,572.0,5773,992.0,1204.0,33.0,11778.0,55.0,174.0,,419.0,2373.0,953,25468,2497,245.0,125.0,478.0,159.0,1268.0,231.0,41.0,237.0,4151,696.0,1027.0,33.0,11148.0,33.0,91.0,,249.0,2025.0,734.0,2.7,1279503,147426,7026.0,7054.0,13489.0,4992.0,48139.0,16675.0,1133.0,8200.0,151390,35448.0,37567.0,2384.0,663879.0,1000.0,3112.0,,7942.0,86757.0,35891,483712398.26,30408671.78,453303726.48,96156240.43,94509486.13,1616820.68,29933.62,27333771.45,16867523.97,,,31609484.96,339094820.67,12811231.29,900000.0,772856.15,,3572159.92,,31368338.69,497126189.71,529118088.84,5245016.07,523873072.77,516550216.54,528494528.4,30551250.74,485998965.8,6.7,6.6,7.6,,5.1,,5.1,,4.5,,4.5,
3522653,0.661,0.594,0.816,0.595,0.53,12.86,35.11,62.08,41.64,10.73,15.51,323.42,52.75,1346.59,120.85,197.34,320.36,924.27,0.51,73.96,2.88,16.4,18.96,60.53,93.83,81.73,52590.208,63289.874,77308.055,12247.37,14698.07,17953.57,50189.273,3028.786,2864.271,19853.768,24442.448,2400.934,901,5,795,2.0,1.0,1.0,1,1.0,,2.0,50,4.0,7.0,,2.0,,,,22,3.0,5,,1366,255,898,1.0,1.0,1.0,3.0,,,2.0,158,18.0,10.0,,7.0,,,,2.0,,10,544,255,142.0,1.0,,,2.0,,,,115,14.0,3.0,,5.0,,,,1.0,,6.0,1.9,18554,10987,3584.0,146.0,,12.0,19.0,,,,2808,430.0,152.0,,46.0,,,,25.0,,346,34051161.3,3388843.83,30662317.47,2456983.84,2249328.97,207623.54,31.33,65278.73,1292104.16,,,,40475513.23,53986.63,,,,2442604.54,,4415280.11,31535424.94,46786471.13,2442604.54,44343866.59,34534871.6,35950705.05,3402264.2,31132607.4,7.5,7.5,,,4.9,,4.9,,4.6,,4.6,
3522703,0.744,0.667,0.836,0.738,0.45,0.36,3.27,14.3,36.54,15.31,9.54,787.75,214.23,2878.35,388.97,545.81,768.57,2019.87,0.35,75.14,1.66,14.5,16.81,41.9,94.5,83.5,1630819.908,1973005.845,2524858.407,37459.11,49958.37,63931.8,1460011.724,157620.108,315905.16,784293.487,202192.969,170808.184,7830,10,5515,4.0,119.0,32.0,159,86.0,32.0,139.0,941,78.0,64.0,4.0,228.0,1.0,42.0,,151,132.0,93,,16560,1135,3754,75.0,383.0,108.0,617.0,272.0,112.0,303.0,3827,195.0,312.0,6.0,3999.0,18.0,120.0,,179.0,690.0,455,10204,1135,332.0,72.0,237.0,68.0,437.0,105.0,34.0,112.0,2663,73.0,223.0,6.0,3707.0,18.0,61.0,,75.0,510.0,336.0,2.3,428941,76466,11091.0,4804.0,5589.0,2165.0,12763.0,9259.0,836.0,3683.0,90691,1701.0,6648.0,480.0,165576.0,873.0,2036.0,,2175.0,19310.0,12795,242805702.52,10262910.41,232542792.11,45218575.37,38919067.87,6294997.93,4509.57,2797557.72,2225264.28,,,18741161.04,199226589.94,3296369.46,3438639.44,,,4349336.73,,13177721.25,249007127.27,279293493.98,7787976.17,271505517.81,251590072.45,262184848.52,10397535.43,241192537.02,7.2,7.1,7.2,,5.9,6.7,5.7,,5.0,,5.0,
3522802,0.719,0.653,0.835,0.681,0.53,3.42,14.74,40.22,44.78,11.87,15.09,552.76,112.27,2475.29,215.89,327.62,502.49,1607.42,0.5,75.11,2.3,14.6,16.85,50.21,94.49,83.46,305514.254,367400.991,408306.917,20103.59,26084.56,28988.78,290165.452,65058.739,12969.588,142140.633,69996.493,15348.801,2110,6,1581,3.0,16.0,8.0,23,17.0,6.0,23.0,224,11.0,14.0,1.0,26.0,8.0,11.0,,53,48.0,31,,3987,629,1352,9.0,60.0,9.0,49.0,59.0,17.0,60.0,815,19.0,55.0,27.0,364.0,48.0,62.0,,38.0,234.0,81,2111,629,24.0,7.0,40.0,1.0,23.0,40.0,2.0,29.0,573,9.0,40.0,27.0,341.0,34.0,52.0,,6.0,181.0,53.0,1.8,70707,27849,1295.0,597.0,870.0,17.0,480.0,3887.0,55.0,925.0,15959,328.0,868.0,1635.0,7051.0,1406.0,166.0,,173.0,5543.0,1604,77859788.09,2936719.32,74923068.77,7724881.15,7288597.0,436284.15,,405671.1,1128152.18,,,40688.47,81244059.81,528137.03,,,,3335452.94,,5298314.67,79443679.08,94407042.68,3335452.94,91071589.74,80848385.29,84741993.75,3023299.59,77825085.7,6.4,6.4,,,5.1,,5.1,,4.5,,4.5,
3522901,0.725,0.633,0.841,0.716,0.41,0.53,2.39,15.57,33.53,16.59,8.08,687.46,207.92,2304.99,362.49,514.2,712.13,1652.36,0.29,75.47,2.27,14.0,16.24,44.91,94.68,83.98,1003728.987,1235795.278,1311337.801,70205.57,90474.8,96005.4,855513.018,23467.57,300836.91,466055.325,65153.213,148215.97,990,9,348,1.0,34.0,5.0,31,16.0,16.0,39.0,185,20.0,13.0,2.0,60.0,,9.0,,50,43.0,109,,6165,456,329,1.0,87.0,11.0,48.0,36.0,35.0,94.0,1897,95.0,118.0,,2493.0,,22.0,,39.0,84.0,320,5222,456,124.0,,42.0,5.0,8.0,13.0,6.0,46.0,1665,74.0,103.0,,2418.0,,10.0,,16.0,43.0,193.0,2.1,201830,25907,5498.0,,913.0,113.0,142.0,1626.0,166.0,4812.0,59011,3910.0,4207.0,,86826.0,,254.0,,380.0,1148.0,6917,101324876.69,9974967.77,91349908.92,14339634.57,12405935.74,1933698.83,,914223.89,545900.22,,,3331105.53,92765472.37,271980.11,,,,2677182.97,,9974967.77,93010402.13,114845499.66,2677182.97,112168316.69,102985106.98,102985369.9,9974967.77,93010139.21,6.4,6.4,,,4.5,,4.5,,3.8,,3.8,
3523008,0.72,0.673,0.813,0.682,0.45,2.78,8.71,30.44,34.29,14.56,9.42,556.29,136.89,1907.64,268.14,400.52,597.21,1379.49,0.37,73.75,2.54,16.7,19.36,45.16,93.7,81.42,104627.589,136395.113,209348.725,20950.66,34278.74,52613.4,100290.552,35615.413,4324.714,30535.108,29815.317,4337.037,710,7,565,,4.0,4.0,7,1.0,,13.0,33,9.0,6.0,,3.0,3.0,3.0,,33,13.0,6,,1220,293,579,,9.0,6.0,99.0,,,73.0,64,39.0,5.0,,6.0,8.0,2.0,,11.0,12.0,14,619,293,91.0,,4.0,1.0,92.0,,,60.0,31,30.0,,,1.0,8.0,,,,1.0,7.0,2.0,22944,14599,2596.0,,13.0,3.0,2106.0,,,1465.0,921,507.0,,,18.0,445.0,,,,62.0,210,47711633.45,2960379.15,44751254.3,2928323.2,2544320.21,384002.99,,1633328.95,1493721.78,,,29752.81,44619117.44,288365.8,,90877.17,,4006762.04,,6136106.14,46543385.68,55090249.19,4097639.21,50992609.98,48592146.65,52679491.82,2961942.79,45630203.86,6.3,6.3,,,5.1,,5.1,,4.6,,4.6,
3523107,0.714,0.648,0.844,0.665,0.42,2.81,10.21,31.34,32.0,15.06,8.5,502.85,127.18,1609.2,251.38,378.3,555.79,1196.01,0.32,75.66,2.02,15.5,17.37,45.96,95.05,84.98,9519617.706,10755651.305,11979259.765,25112.29,29126.4,32439.94,8121170.577,15805.816,2351745.61,4428777.879,1324841.272,1398447.129,10033,16,59,94.0,444.0,123.0,655,115.0,120.0,449.0,3872,637.0,318.0,6.0,1318.0,4.0,188.0,,891,301.0,423,9612.0,72262,5231,55,988.0,2268.0,282.0,3808.0,593.0,325.0,1050.0,17951,2718.0,5805.0,,23115.0,79.0,546.0,,1240.0,3060.0,3148,61158,5231,1.0,888.0,1785.0,143.0,3163.0,405.0,100.0,537.0,13731,1934.0,5446.0,,21455.0,76.0,324.0,,516.0,2707.0,2716.0,2.3,2568506,352201,61.0,33298.0,52063.0,2729.0,91164.0,31810.0,5676.0,15127.0,468562,58596.0,279380.0,,902123.0,4523.0,10408.0,,16660.0,146684.0,97441,1369809769.36,126832595.65,1242977173.71,309344796.84,289507511.07,19806119.47,31166.3,51763208.09,34205522.92,,,657990.11,944719353.56,81598969.64,17814263.32,,,30353727.3,32980374.79,180138614.15,1320369926.08,1503438206.57,81148365.41,1422289841.16,1485016012.42,1500508540.23,178461740.57,1306554271.85,6.2,6.2,6.2,,4.7,,4.7,,4.1,,4.1,
3523206,0.703,0.649,0.803,0.668,0.48,4.57,16.15,36.65,35.96,12.57,11.45,510.2,100.65,1834.42,219.91,353.76,536.7,1337.61,0.42,73.18,2.13,17.7,20.47,48.75,93.36,80.54,1182424.012,1304342.58,1406445.26,23286.15,29351.96,31649.61,1090441.892,172774.078,118452.578,580730.102,218485.133,91982.12,4477,9,2460,6.0,99.0,34.0,99,55.0,25.0,128.0,776,50.0,74.0,6.0,102.0,2.0,29.0,,164,114.0,245,,13876,1831,2171,25.0,441.0,110.0,569.0,200.0,76.0,262.0,3726,180.0,1900.0,12.0,1016.0,3.0,65.0,,217.0,559.0,513,9944,1831,296.0,21.0,335.0,68.0,473.0,101.0,34.0,117.0,2854,106.0,1828.0,12.0,906.0,2.0,33.0,,95.0,429.0,403.0,2.0,367053,65086,9638.0,2189.0,7573.0,1574.0,12214.0,8648.0,784.0,3642.0,86610,2714.0,94243.0,751.0,30871.0,45.0,1244.0,,2046.0,13259.0,23921,211098368.65,8236134.35,202862234.3,36373501.48,28622525.79,7390668.72,360306.97,2805983.17,5272165.39,,,204705.25,197494273.81,5686806.35,,585500.0,,7757695.74,,13656677.02,208734964.13,256180631.19,8343195.74,247837435.45,213691022.85,222391641.15,8388669.52,205302353.33,6.4,6.4,,,5.5,5.1,5.6,,4.8,,4.8,
3523305,0.677,0.577,0.837,0.642,0.5,6.88,20.98,45.31,38.98,12.21,12.77,434.58,83.27,1693.9,182.06,287.02,452.47,1169.23,0.45,75.21,2.55,14.4,16.68,59.01,94.54,83.6,438980.463,327125.649,400626.557,24725.72,21066.82,25800.27,403814.441,109346.831,13139.103,204462.196,76866.312,35166.021,778,7,350,4.0,24.0,4.0,20,5.0,5.0,22.0,171,16.0,9.0,1.0,16.0,3.0,2.0,,59,28.0,32,,2200,423,389,3.0,84.0,12.0,45.0,18.0,15.0,65.0,608,39.0,11.0,28.0,86.0,4.0,17.0,,54.0,141.0,158,1427,423,53.0,3.0,54.0,8.0,22.0,15.0,1.0,38.0,420,20.0,2.0,25.0,63.0,1.0,15.0,,22.0,116.0,126.0,2.1,59051,26340,1289.0,289.0,1302.0,158.0,890.0,1846.0,13.0,1012.0,12501,460.0,69.0,1681.0,1342.0,168.0,503.0,,231.0,3767.0,5191,88021136.86,4924700.49,83096436.37,10939818.31,10300065.71,639752.6,,738772.48,1900889.55,,,47849.95,86207200.06,744245.87,,288105.03,,5716455.98,,10194466.55,85330096.74,106583337.23,6004561.01,100578776.22,88693654.37,95524563.29,4924700.49,83768953.88,7.0,7.0,7.0,,5.2,,5.2,,4.3,,4.3,
3523404,0.778,0.708,0.844,0.788,0.48,0.27,1.92,8.24,39.11,13.96,11.21,1080.74,265.8,4226.76,488.29,690.59,1022.64,2932.04,0.39,75.64,1.44,14.09,15.79,39.37,94.83,84.37,8245497.584,9032760.722,10327467.002,66360.02,73782.6,84936.81,6742602.272,840129.835,2385197.969,2904492.795,612781.673,1502895.312,8332,13,988,27.0,334.0,101.0,998,225.0,297.0,723.0,1864,458.0,275.0,6.0,760.0,5.0,243.0,,390,420.0,205,8077.0,52453,4176,1052,206.0,1806.0,478.0,6820.0,820.0,759.0,1847.0,8821,3633.0,1580.0,36.0,14030.0,62.0,1241.0,,691.0,2358.0,2037,41801,4176,87.0,182.0,1419.0,342.0,5613.0,356.0,147.0,864.0,6490,3052.0,1203.0,33.0,12981.0,59.0,901.0,,323.0,1794.0,1779.0,2.8,2178279,254387,2798.0,20660.0,45044.0,10745.0,177628.0,28241.0,4761.0,35569.0,283733,153680.0,66927.0,2170.0,886160.0,5226.0,26047.0,,11543.0,68533.0,94425,762831000.11,59037257.72,703793742.39,258867265.66,237155061.92,21712203.74,,6308245.04,18572438.59,,,288310.53,551395750.2,61609269.34,24615173.2,,,10541925.47,,72103656.61,761649553.14,932198378.03,35157098.67,897041279.36,785267206.5,833753209.75,59039937.72,726227268.78,7.2,7.2,,,6.2,6.2,,,5.0,,5.0,
3523503,0.706,0.61,0.841,0.685,0.43,0.9,7.75,24.97,33.68,15.6,8.64,568.58,152.64,1914.77,290.75,429.19,591.27,1383.2,0.32,75.44,2.46,14.1,16.29,48.39,94.66,83.93,396659.517,432049.968,601160.989,18764.35,22656.0,31523.91,361813.518,47195.842,58661.719,162822.867,93133.09,34846.0,1768,8,960,8.0,62.0,11.0,30,14.0,16.0,21.0,337,33.0,35.0,2.0,52.0,4.0,17.0,,57,26.0,75,,4734,882,1161,18.0,131.0,28.0,85.0,43.0,35.0,72.0,1042,81.0,118.0,5.0,590.0,21.0,95.0,,59.0,116.0,152,3076,882,416.0,15.0,67.0,14.0,43.0,27.0,10.0,47.0,643,30.0,72.0,5.0,518.0,18.0,83.0,,24.0,91.0,71.0,2.2,127325,53765,15787.0,863.0,1568.0,227.0,2032.0,3095.0,213.0,1205.0,18959,869.0,1923.0,266.0,17217.0,661.0,1927.0,,616.0,3348.0,2784,124189100.24,1825676.57,122363423.67,24182469.51,22839925.1,1342544.41,,4977859.53,2504039.13,,,,115701906.38,3823994.99,17000.0,,,275020.86,,4503387.08,128056807.52,151482290.4,292020.86,151190269.54,125240351.25,132560194.6,1825676.57,123414674.68,6.5,6.5,,,5.7,5.6,5.7,,4.5,,4.5,
3523602,0.724,0.636,0.813,0.734,0.48,1.38,5.31,16.26,39.27,13.92,11.28,772.14,186.9,3032.52,350.56,515.29,749.74,2066.51,0.41,73.77,2.16,16.7,19.33,36.1,93.71,81.44,1273183.85,1735171.426,1570273.265,68413.96,107454.26,97242.59,844660.724,97283.467,257539.88,382847.624,106989.752,428523.126,1169,13,620,2.0,33.0,10.0,25,18.0,18.0,34.0,180,20.0,18.0,2.0,31.0,3.0,10.0,,46,23.0,63,,6858,1334,1599,16.0,210.0,28.0,205.0,84.0,79.0,55.0,655,40.0,38.0,5.0,2046.0,12.0,36.0,,39.0,50.0,327,5810,1333,1152.0,4.0,177.0,13.0,179.0,53.0,47.0,12.0,470,7.0,12.0,5.0,2012.0,11.0,23.0,,19.0,25.0,256.0,3.4,367101,86447,49783.0,137.0,5684.0,372.0,3100.0,12877.0,3232.0,325.0,15370,365.0,226.0,282.0,175808.0,470.0,670.0,,791.0,619.0,10544,152337667.98,3790890.76,148546777.22,30360242.01,28181201.91,2178127.76,912.34,1963612.36,7009812.14,,,8640238.02,122972502.87,1416308.22,,204760.0,,1375327.5,,7517702.33,151010057.05,173942803.12,1580087.5,172362715.62,156525419.42,158527759.38,5940514.98,150584904.44,6.5,6.5,,,5.4,5.2,5.8,,4.4,,4.4,
3523701,0.707,0.636,0.826,0.673,0.44,1.99,10.23,28.47,35.83,15.44,9.28,526.62,135.78,1886.88,270.7,385.08,531.17,1306.73,0.35,74.55,1.9,15.4,17.86,51.02,94.17,82.62,161834.767,188762.799,190876.434,24568.81,32663.57,33029.32,156884.551,73242.756,9458.206,41938.037,32245.552,4950.215,708,5,536,3.0,5.0,1.0,6,3.0,7.0,5.0,76,6.0,4.0,,20.0,,3.0,,12,9.0,7,,1077,271,458,2.0,6.0,1.0,9.0,10.0,12.0,8.0,154,21.0,9.0,,87.0,,2.0,,7.0,11.0,9,459,271,14.0,1.0,1.0,,2.0,9.0,,1.0,77,10.0,2.0,,62.0,,,,5.0,2.0,2.0,2.1,17944,11646,577.0,104.0,23.0,,48.0,696.0,,23.0,2257,172.0,52.0,,2035.0,,,,128.0,93.0,91,38009734.65,966144.25,37043590.4,2901964.82,2854343.65,47621.17,,,337168.14,,,183.25,41285000.86,583042.02,,,,,,1123143.81,38924641.31,45107359.09,,45107359.09,39466933.98,40047785.12,987463.25,38479470.73,6.4,6.4,,,4.8,,4.8,,3.5,,3.5,
3523800,0.717,0.646,0.82,0.697,0.41,0.32,4.49,20.14,32.42,16.63,7.8,611.41,184.73,1982.28,323.67,463.16,648.32,1438.9,0.29,74.19,1.95,16.0,18.52,42.89,93.96,82.09,198366.051,250848.438,251137.683,25230.99,31176.79,31212.74,186771.744,65156.294,17152.859,71342.018,33120.573,11594.307,837,8,527,3.0,11.0,7.0,10,5.0,,12.0,109,6.0,12.0,,23.0,6.0,5.0,,40,17.0,36,,1678,299,423,2.0,39.0,12.0,104.0,16.0,,15.0,327,23.0,45.0,,235.0,8.0,9.0,,23.0,29.0,69,948,299,19.0,2.0,26.0,3.0,90.0,12.0,,2.0,184,10.0,32.0,,212.0,2.0,6.0,,7.0,13.0,29.0,2.0,34639,13014,747.0,188.0,575.0,99.0,2688.0,695.0,,32.0,5113,314.0,564.0,,8752.0,97.0,154.0,,178.0,335.0,1095,41412689.84,5538170.63,35874519.21,5036605.6,4550215.93,480425.93,5963.74,263368.45,1387067.3,,,143525.13,40662073.61,46514.31,,,,532228.29,239100.0,7644364.67,38926056.92,48310482.69,771328.29,47539154.4,42048269.46,46570421.59,5772734.42,36275535.04,6.6,,6.6,,5.5,,5.5,,,,,
3523909,0.773,0.692,0.854,0.782,0.52,0.49,2.84,12.79,43.96,12.24,14.37,1038.14,221.47,4563.36,413.63,604.24,942.77,3005.32,0.48,76.23,1.73,12.9,14.95,40.82,95.09,85.08,10540812.918,11782988.623,14012530.257,59502.19,70036.78,83288.93,8477815.549,61727.529,2778956.096,4851515.989,785615.934,2062997.369,11796,17,878,43.0,627.0,178.0,1289,406.0,544.0,959.0,3207,639.0,411.0,4.0,759.0,24.0,303.0,,563,567.0,378,11356.0,79031,4627,1026,1130.0,3686.0,750.0,9313.0,2171.0,1314.0,2225.0,15818,2685.0,6063.0,8.0,17946.0,56.0,1050.0,,1498.0,3437.0,4228,64106,4627,248.0,1085.0,2961.0,528.0,7779.0,1433.0,258.0,886.0,12054,1775.0,5523.0,8.0,16912.0,26.0,638.0,,942.0,2620.0,3803.0,2.8,3232278,334405,10475.0,41013.0,90486.0,22983.0,192810.0,111804.0,9954.0,34247.0,503738,81860.0,282682.0,452.0,1110535.0,1055.0,57884.0,,39744.0,111128.0,195024,1195743880.43,90991019.9,1104752860.53,422150548.25,405915724.34,16222525.1,12298.81,43915366.42,70821563.87,,,96572327.89,803823795.88,31742845.56,844497.13,,,10886105.84,,101023970.52,1265991088.36,1480757050.84,11730602.97,1469026447.87,1251920936.64,1367015058.88,91297505.85,1160623430.79,6.5,6.5,,,5.2,,5.2,,4.7,,4.7,
3524006,0.762,0.699,0.844,0.75,0.43,0.19,3.6,13.3,33.44,15.37,8.7,848.65,219.06,2838.27,433.12,623.39,891.42,2069.8,0.33,75.63,1.95,12.7,14.73,40.82,94.44,84.34,8423278.988,9479462.351,10529260.248,130938.58,134239.58,149105.87,6487242.141,90568.245,2380931.761,3601852.833,413889.302,1936036.847,5198,12,573,39.0,258.0,51.0,519,152.0,197.0,338.0,1378,246.0,116.0,2.0,464.0,9.0,131.0,,223,170.0,320,5000.0,40034,2293,523,196.0,1326.0,700.0,3739.0,393.0,438.0,618.0,7894,1698.0,632.0,17.0,13522.0,58.0,419.0,,563.0,642.0,4363,33967,2293,29.0,157.0,1053.0,622.0,3132.0,135.0,37.0,162.0,6375,1371.0,477.0,17.0,12954.0,50.0,251.0,,328.0,440.0,4084.0,3.2,2010693,175994,1206.0,9394.0,36776.0,18449.0,92149.0,11660.0,1389.0,6803.0,360569,68779.0,20718.0,1079.0,936286.0,4602.0,4815.0,,10856.0,15955.0,233214,534485993.4,53420911.6,481065081.8,226968017.85,203693302.26,23271327.4,3388.19,31972269.26,19129477.62,,,96359.66,412905819.29,4484892.02,2184516.96,,,8593278.61,,60294191.81,519512902.33,706334631.27,10777795.57,695556835.7,559941881.75,579807094.14,54694968.75,505246913.0,6.4,6.4,,,5.1,,5.1,,4.1,,4.1,
3524105,0.765,0.694,0.841,0.768,0.52,0.42,3.1,13.79,43.99,13.04,13.49,950.39,218.3,4180.35,401.27,554.28,815.96,2762.45,0.47,75.47,1.7,12.9,14.96,43.19,94.35,84.12,1907193.117,2208547.31,2218625.13,45131.05,58783.3,59051.53,1618587.821,124876.142,500864.603,801006.844,191840.232,288605.296,4174,12,2038,5.0,127.0,32.0,128,79.0,39.0,156.0,737,73.0,73.0,6.0,98.0,,32.0,,142,247.0,150,,12007,1293,1363,105.0,483.0,89.0,489.0,344.0,114.0,283.0,3005,217.0,827.0,34.0,1282.0,,113.0,,231.0,1237.0,498,8048,1293,71.0,92.0,351.0,52.0,323.0,166.0,26.0,82.0,2163,113.0,712.0,31.0,1146.0,,80.0,,134.0,886.0,327.0,2.2,318385,85740,6560.0,6350.0,7536.0,1229.0,8146.0,11178.0,979.0,3031.0,66352,3308.0,25700.0,1406.0,45640.0,,2716.0,,2748.0,31051.0,8715,278782853.9,10516949.97,268265903.93,45230478.19,41044536.95,4185657.2,284.04,11941852.3,3740753.7,,,17602342.41,216003146.98,6900217.98,447386.09,,,2973434.57,,24337332.66,299366729.07,304839612.22,3420820.66,301418791.56,306863777.51,323704061.73,10516949.97,296346827.54,6.1,6.1,,,4.9,4.9,,,4.4,,4.4,
3524204,0.711,0.627,0.845,0.679,0.39,0.21,4.48,22.46,31.57,17.53,7.2,548.22,177.37,1730.7,303.16,416.48,566.49,1269.54,0.26,75.71,1.99,13.7,15.82,42.88,94.81,84.33,153277.993,174902.421,247094.751,22013.21,28114.84,39719.46,147223.99,53492.19,8042.021,49075.616,36614.163,6054.003,961,8,737,2.0,4.0,4.0,9,13.0,3.0,23.0,63,6.0,6.0,,8.0,1.0,4.0,,27,19.0,24,,1433,454,456,4.0,8.0,7.0,10.0,27.0,4.0,27.0,199,13.0,12.0,,49.0,9.0,16.0,,12.0,37.0,89,810,454,59.0,4.0,4.0,3.0,1.0,11.0,,1.0,128,2.0,3.0,,37.0,5.0,14.0,,4.0,14.0,66.0,2.0,32136,18510,3792.0,406.0,84.0,106.0,717.0,858.0,,49.0,3203,3.0,47.0,,1341.0,100.0,207.0,,94.0,260.0,2360,63506020.47,4862179.15,58643841.32,6310958.06,5827972.09,482985.97,,2819382.29,1088176.58,,,650.0,55648532.29,1440665.93,,,,1984018.68,,6585854.81,59629483.65,69292383.83,1984018.68,67308365.15,64464833.26,66215338.46,4874958.95,59589874.31,6.7,6.7,,,5.1,5.1,,,4.6,,4.6,
3524303,0.778,0.71,0.851,0.778,0.52,1.03,3.8,14.85,42.12,11.82,14.26,1015.51,202.48,4276.87,397.57,603.83,952.27,2933.52,0.49,76.08,1.88,13.1,15.19,41.5,95.01,84.86,3601183.19,3877101.78,4156253.295,46151.86,53982.84,57869.61,3165694.051,247869.658,697109.406,1831272.797,389442.189,435489.139,7759,11,2895,10.0,247.0,59.0,505,178.0,225.0,449.0,1502,377.0,152.0,7.0,289.0,4.0,88.0,,292,301.0,168,6477.0,34542,2022,1905,224.0,1083.0,228.0,3708.0,721.0,760.0,1235.0,6192,3175.0,3498.0,45.0,5649.0,36.0,328.0,,1167.0,1790.0,776,26111,2022,210.0,211.0,800.0,159.0,3199.0,326.0,181.0,610.0,4374,2285.0,3301.0,42.0,5254.0,32.0,206.0,,946.0,1365.0,588.0,2.6,1258744,122236,11950.0,13868.0,19315.0,4882.0,83677.0,26456.0,7594.0,27535.0,176534,103105.0,239489.0,3006.0,320327.0,1608.0,10216.0,,9245.0,53866.0,23835,540418239.1,13007849.2,527410389.9,137114683.36,132258041.31,4856642.05,,21326339.24,5278036.47,,251171.58,45814650.82,321493861.17,16937378.87,1889131.0,1700423.28,,3754985.08,,13543930.17,559915334.89,555560660.87,7344539.36,548216121.51,573258901.81,573459265.06,13543930.17,559714971.64,6.6,6.6,,,5.3,5.7,5.1,,4.2,,4.2,
3524402,0.777,0.749,0.837,0.749,0.49,1.11,4.8,17.99,38.55,13.01,11.85,846.53,184.67,3263.4,366.06,548.57,841.26,2291.18,0.42,75.2,1.52,12.51,14.51,41.34,94.21,82.73,16080493.543,17761834.78,19692996.445,67816.13,73922.94,81960.24,12695599.0,38511.705,5091965.759,6611049.404,954072.132,3384894.543,12041,16,784,62.0,621.0,200.0,1324,271.0,279.0,1063.0,3166,727.0,421.0,6.0,683.0,21.0,433.0,,675,768.0,521,11530.0,73694,8191,1327,1328.0,6761.0,480.0,5712.0,1027.0,684.0,2561.0,14278,2619.0,2456.0,33.0,14110.0,170.0,1378.0,,1076.0,5274.0,4229,59227,8191,570.0,1295.0,5995.0,229.0,4325.0,586.0,135.0,1164.0,10553,1682.0,1891.0,32.0,13265.0,135.0,850.0,,487.0,4153.0,3689.0,2.9,3167552,480286,44176.0,58376.0,136521.0,5528.0,142263.0,39788.0,3653.0,45043.0,383957,64462.0,75421.0,2200.0,1297084.0,6603.0,45542.0,,15423.0,154976.0,166248,1515073237.56,89478501.32,1425594736.24,322927006.05,298710780.63,24214487.99,1737.43,42943426.29,75926353.48,,,146979455.48,956334371.18,84336512.08,26410691.53,335420.0,,13056744.73,,101462973.54,1557909575.31,1669249980.82,39802856.26,1629447124.56,1558371609.19,1659372548.85,90084191.5,1468287417.69,6.5,6.5,,,5.2,,5.2,,4.6,,4.4,
3524501,0.723,0.659,0.818,0.7,0.35,0.23,3.1,16.74,27.19,18.45,5.89,624.57,197.82,1698.23,378.47,539.2,699.62,1308.69,0.22,74.05,1.88,16.2,18.78,38.72,93.88,81.88,676808.092,713599.47,880800.415,92434.87,93734.33,115696.89,581604.242,32379.736,290062.665,221721.283,37440.558,95203.85,1276,4,798,3.0,6.0,,20,16.0,7.0,10.0,224,9.0,5.0,,98.0,,2.0,,35,14.0,25,,4581,267,567,12.0,18.0,,34.0,29.0,20.0,51.0,559,15.0,11.0,,2284.0,,7.0,,64.0,555.0,88,3484,267,5.0,9.0,10.0,,3.0,5.0,,41.0,309,3.0,3.0,,2173.0,,4.0,,48.0,541.0,63.0,2.3,143630,17201,195.0,329.0,268.0,,55.0,552.0,,1233.0,8572,44.0,126.0,,85231.0,,154.0,,1729.0,25303.0,2638,59695525.03,2218019.07,57477505.96,8393479.12,6999859.35,1393619.77,,776393.28,769658.82,,,914129.7,58568908.74,452938.0,,230137.0,,1429000.0,,3753270.1,57507363.38,71534644.66,1659137.0,69875507.66,59695525.03,61260633.48,2218019.07,57477505.96,6.6,6.6,,,5.4,,5.4,,4.9,,4.9,
3524600,0.717,0.644,0.832,0.687,0.53,4.13,16.01,36.56,41.17,11.06,14.9,574.52,98.73,2365.56,218.88,351.38,558.48,1631.38,0.5,74.89,2.54,14.9,17.24,52.64,94.36,83.14,531089.163,579594.588,698900.817,29651.56,35963.92,43418.08,492570.623,122648.56,30011.007,253282.227,86628.828,38518.541,1445,11,807,3.0,38.0,7.0,30,15.0,5.0,32.0,246,27.0,11.0,,40.0,6.0,9.0,,80,22.0,56,,4336,795,872,7.0,280.0,16.0,207.0,58.0,19.0,132.0,1074,86.0,42.0,,254.0,36.0,19.0,,67.0,48.0,324,2994,795,154.0,7.0,232.0,7.0,184.0,35.0,3.0,89.0,823,56.0,27.0,,213.0,32.0,9.0,,21.0,25.0,282.0,2.0,106450,35983,5406.0,1047.0,4725.0,125.0,3963.0,4087.0,76.0,2925.0,24966,1814.0,628.0,,6987.0,3105.0,239.0,,491.0,753.0,9130,99911384.94,4983097.78,94928287.16,13573179.55,11617979.22,1550065.15,405135.18,,891502.3,,,8264.54,101090095.57,2809621.84,568863.11,,,6016653.45,,7593465.99,97682428.76,124958180.36,6585516.56,118372663.8,101645125.9,105275894.75,4983097.78,96662028.12,6.3,6.3,,,5.4,,5.4,,4.3,,4.3,
3524709,0.784,0.715,0.862,0.782,0.49,0.51,2.26,11.95,41.09,13.51,12.16,1038.61,234.7,4267.26,466.94,664.96,954.5,2877.21,0.43,76.74,1.79,11.2,12.99,39.74,95.05,85.9,13981301.517,13930315.232,14680877.677,233328.91,234726.53,247373.54,11030150.731,20779.595,3759802.801,6870415.167,379153.169,2951150.786,4763,8,496,13.0,246.0,44.0,497,130.0,231.0,354.0,1184,322.0,157.0,8.0,292.0,6.0,155.0,,209,241.0,170,4577.0,45121,2403,566,126.0,1308.0,125.0,4439.0,428.0,613.0,1345.0,5640,1840.0,1567.0,46.0,13391.0,22.0,7167.0,,752.0,1554.0,1789,39364,2403,141.0,96.0,1028.0,66.0,3990.0,212.0,106.0,873.0,4278,1342.0,1343.0,33.0,13055.0,12.0,6962.0,,563.0,1259.0,1602.0,3.6,2609181,195053,7036.0,3072.0,31671.0,2120.0,130377.0,17729.0,3510.0,108019.0,280482,70264.0,42658.0,2589.0,976237.0,877.0,581831.0,,19042.0,65668.0,70946,646155451.51,14908557.33,631246894.18,176961778.13,154172393.08,22789275.7,109.35,26036760.48,51937334.43,,114097.71,29199045.42,531285647.47,14453366.79,1601940.17,19520.0,,17125930.78,,36573808.3,654340136.42,848735421.38,18747390.95,829988030.43,655078444.75,690913944.72,14939180.11,640139264.64,6.9,6.9,,,5.7,5.7,,,4.5,,4.5,
3524808,0.776,0.73,0.855,0.75,0.46,0.93,3.37,13.15,36.83,14.81,9.95,850.11,215.25,3131.08,414.28,575.51,847.31,2201.31,0.36,76.32,1.25,11.8,13.69,40.6,94.82,85.32,1982125.374,2384962.213,2590208.251,40212.72,48896.22,53104.15,1801936.217,88022.246,355472.671,1139428.481,219012.819,180189.158,6300,12,2773,8.0,176.0,56.0,166,82.0,61.0,269.0,1410,102.0,100.0,3.0,192.0,,76.0,,165,465.0,184,5838.0,21474,1721,2253,45.0,635.0,103.0,427.0,355.0,152.0,635.0,6244,298.0,2792.0,58.0,2429.0,,374.0,,360.0,1902.0,691,14770,1721,28.0,37.0,419.0,39.0,195.0,190.0,33.0,282.0,4552,149.0,2650.0,58.0,2194.0,,265.0,,241.0,1238.0,479.0,2.4,651912,121856,1340.0,4584.0,9900.0,903.0,5051.0,16001.0,877.0,7834.0,151272,3946.0,142247.0,3226.0,91483.0,,11218.0,,8551.0,48049.0,23571,276140977.59,28401128.26,247739849.33,70181629.6,64588309.25,5593320.35,,9078424.54,14900319.36,4031.64,,67.58,186791963.61,8063233.28,13000000.0,,,6568526.5,,33952363.5,283361005.57,308588196.11,19568526.5,289019669.61,307929114.65,317313369.07,30192964.44,277736150.21,7.6,7.6,,,6.1,,6.1,,5.0,,5.0,
3524907,0.756,0.69,0.86,0.727,0.49,0.55,4.88,21.23,41.02,13.35,12.29,738.52,184.65,3029.66,308.43,465.87,686.39,2048.79,0.41,76.61,2.34,12.4,14.34,45.2,95.28,85.61,352904.037,369698.302,461642.156,51684.83,57792.45,72165.41,259826.567,12071.354,112580.984,96688.358,38485.871,93077.47,737,7,453,5.0,8.0,2.0,23,8.0,3.0,17.0,61,19.0,9.0,2.0,51.0,2.0,2.0,,38,11.0,16,,3773,506,514,203.0,73.0,1.0,83.0,7.0,7.0,92.0,253,52.0,12.0,,1729.0,91.0,47.0,,19.0,42.0,42,3055,506,109.0,200.0,67.0,,55.0,,,69.0,174,24.0,,,1652.0,91.0,44.0,,10.0,31.0,23.0,2.5,158362,21805,5578.0,8593.0,1830.0,,1578.0,,,11449.0,4641,1016.0,3.0,,91043.0,7211.0,1675.0,,482.0,785.0,673,60110395.98,1978053.52,58132342.46,13613536.92,13477501.32,136035.6,,257130.99,1453429.94,,,,54793059.26,111189.55,,,,330430.77,,2255582.3,62891576.0,70558777.43,330430.77,70228346.66,62178884.35,65147158.3,1978053.52,60200830.83,6.6,6.6,,,5.7,5.7,,,4.4,,4.4,
3525003,0.76,0.706,0.841,0.738,0.48,0.84,4.4,17.4,39.09,13.85,11.29,792.33,190.88,3097.21,357.66,526.06,765.65,2124.26,0.4,75.46,1.89,15.28,17.13,40.32,94.86,84.47,4908360.238,5752532.953,5547106.684,38426.42,48731.7,46991.46,4043221.904,729.331,1244034.616,2246180.48,552277.477,865138.334,4557,12,5,17.0,200.0,49.0,458,74.0,74.0,346.0,1466,306.0,183.0,3.0,348.0,1.0,173.0,,362,174.0,306,4421.0,28030,3321,4,68.0,814.0,118.0,1545.0,224.0,140.0,706.0,6608,1116.0,1208.0,,8399.0,4.0,686.0,,638.0,376.0,2055,22692,3321,,45.0,607.0,40.0,1037.0,103.0,9.0,268.0,4908,734.0,974.0,,7953.0,,485.0,,309.0,175.0,1724.0,2.9,1214607,181112,,1711.0,16490.0,887.0,38898.0,8490.0,676.0,11510.0,220697,27744.0,44903.0,,543729.0,,14303.0,,12062.0,5311.0,86084,530678894.99,35588594.2,495090300.79,149253463.24,142082635.06,7170828.18,,21815053.11,36168338.9,,,,399480026.83,5327370.66,3750000.0,,,2250000.0,,36621506.8,610218662.74,618044252.74,6000000.0,612044252.74,564622249.32,646840169.54,36321420.8,528300828.52,5.8,5.8,,,5.0,,5.0,,4.4,,4.4,
3525102,0.735,0.64,0.853,0.728,0.48,0.48,4.94,20.45,38.94,13.93,11.18,742.74,178.02,2892.46,339.36,497.62,712.58,1985.82,0.41,76.15,1.86,13.0,15.08,45.31,95.05,84.97,1580760.481,1933190.184,2398612.345,34708.42,42692.24,52970.55,1393322.007,100311.166,227269.233,825790.259,239951.348,187438.474,3467,12,1224,13.0,90.0,29.0,217,63.0,86.0,149.0,715,132.0,66.0,5.0,231.0,7.0,45.0,,127,83.0,173,,13330,1707,1215,110.0,304.0,70.0,902.0,185.0,174.0,582.0,3072,451.0,281.0,10.0,2822.0,96.0,102.0,,240.0,233.0,774,9769,1707,443.0,86.0,198.0,32.0,625.0,85.0,21.0,394.0,2200,277.0,206.0,9.0,2503.0,95.0,50.0,,149.0,121.0,568.0,2.5,460418,104168,30592.0,6231.0,6632.0,789.0,18953.0,7881.0,671.0,15846.0,91473,16410.0,7996.0,586.0,110126.0,4477.0,1556.0,,3891.0,3454.0,28688,238918256.02,8936299.38,229981956.64,54137474.3,51491116.0,2641883.1,4475.2,2721906.11,12558702.65,,,15671534.75,207531951.03,1907643.4,,403336.0,,2515397.57,,13781040.46,247761114.29,297447945.81,2918733.57,294529212.24,243323319.09,261542154.75,8965968.56,234357350.53,5.8,5.8,,,4.5,4.5,,,3.8,,3.8,
3525201,0.733,0.659,0.826,0.723,0.45,0.52,3.06,18.09,35.33,14.74,9.59,718.61,193.39,2539.17,336.09,482.58,712.4,1846.43,0.35,74.53,1.85,15.5,17.9,44.03,94.16,82.59,2997399.556,3245903.103,3546443.823,96153.71,86476.7,94483.65,2495766.616,55015.372,565116.712,1683142.428,192492.104,501632.94,2558,10,872,16.0,108.0,27.0,149,53.0,55.0,110.0,509,139.0,47.0,1.0,168.0,1.0,41.0,,116,61.0,75,,13734,1184,837,85.0,545.0,39.0,558.0,183.0,111.0,234.0,3991,335.0,162.0,13.0,3505.0,1.0,66.0,,115.0,210.0,1560,10857,1184,31.0,67.0,421.0,6.0,389.0,75.0,9.0,87.0,3351,138.0,108.0,13.0,3305.0,,19.0,,44.0,147.0,1463.0,3.1,586423,79028,889.0,3363.0,12954.0,252.0,19538.0,6196.0,297.0,3051.0,186234,4097.0,3808.0,704.0,198869.0,,772.0,,1334.0,4839.0,60196,270713908.52,23042604.7,247671303.82,95064688.79,92679467.31,2346960.53,38260.95,3322860.51,9728907.94,,,176328.0,251100176.39,3456038.92,,,,364690.47,,26493747.74,253244038.13,363213691.02,364690.47,362849000.55,273580763.64,279737785.87,23130969.1,250449794.54,6.1,6.1,,,5.3,,5.3,,4.5,,4.5,
3525300,0.778,0.693,0.886,0.768,0.45,0.46,2.45,9.04,37.36,15.24,9.81,951.17,257.73,3553.64,466.88,644.45,931.39,2456.93,0.36,78.13,1.69,9.6,11.13,41.26,95.76,87.75,5582394.761,6248399.582,6542932.931,36376.16,46805.54,49011.83,4951694.821,125734.564,878277.38,3302757.538,644925.339,630699.94,10300,14,1681,15.0,488.0,121.0,606,295.0,277.0,598.0,3218,320.0,234.0,8.0,986.0,3.0,167.0,,418,580.0,271,9427.0,55593,3250,1288,196.0,2039.0,456.0,1825.0,1114.0,883.0,1349.0,14803,2100.0,5140.0,46.0,11748.0,32.0,492.0,,1067.0,6153.0,1612,43568,3249,201.0,176.0,1480.0,318.0,1056.0,514.0,305.0,525.0,11060,1620.0,4868.0,46.0,10530.0,26.0,286.0,,710.0,5321.0,1277.0,2.3,1860441,235640,9119.0,8586.0,39533.0,11255.0,30579.0,43091.0,19447.0,16070.0,399657,70429.0,270236.0,3401.0,380462.0,970.0,13389.0,,20595.0,233103.0,54879,633882657.48,23896531.49,609986125.99,201336473.4,172039810.4,29296663.0,,7626163.54,28577310.19,,,176047.5,538917414.73,7610759.45,,1503871.04,,4400406.12,,56940156.42,664598945.56,790148445.97,5904277.16,784244168.81,660264605.1,721539101.98,24323037.03,635941568.07,6.6,6.6,,,5.2,5.2,5.2,,5.0,,5.0,
3525409,0.703,0.628,0.814,0.68,0.42,1.13,8.05,27.2,32.85,15.96,8.23,549.1,155.31,1803.77,282.83,419.26,579.09,1305.72,0.3,73.86,2.21,16.6,19.15,49.06,93.77,81.58,168937.393,153123.769,308788.507,53750.36,39638.56,79934.9,163897.317,97912.801,9837.269,34950.275,21196.972,5040.076,660,7,523,3.0,5.0,,3,3.0,1.0,4.0,45,10.0,6.0,,16.0,,1.0,,13,1.0,19,,1068,255,382,4.0,11.0,,13.0,8.0,13.0,9.0,142,19.0,12.0,,109.0,,,,8.0,,83,573,255,38.0,3.0,6.0,,8.0,7.0,13.0,4.0,74,8.0,5.0,,87.0,,,,2.0,,63.0,2.1,25811,12150,2567.0,168.0,149.0,,174.0,641.0,609.0,26.0,2702,164.0,75.0,,2507.0,,,,58.0,,3822,36980164.11,628809.85,36351354.26,4296201.81,4055233.59,240968.22,,,544875.48,,,,37987720.67,58622.86,,,,1152554.25,,1126160.85,36351354.26,44039975.07,1152554.25,42887420.82,36980164.11,37477515.11,628809.85,36351354.26,6.7,6.7,,,4.9,4.9,,,4.1,,4.1,
3525508,0.699,0.585,0.824,0.707,0.43,0.98,6.28,20.77,34.53,15.66,8.82,650.99,176.88,2248.09,332.91,479.58,673.69,1601.58,0.33,74.43,1.88,15.6,18.07,42.88,94.1,82.45,261557.616,285354.38,335736.757,19442.33,22267.22,26198.73,244017.848,25635.617,13741.125,141279.273,63361.833,17539.768,2081,11,1224,6.0,50.0,15.0,54,16.0,36.0,64.0,278,28.0,25.0,1.0,117.0,,16.0,,76,34.0,30,,4683,523,1269,17.0,203.0,38.0,302.0,42.0,83.0,137.0,908,43.0,54.0,,667.0,,54.0,,124.0,148.0,71,2489,522,123.0,14.0,142.0,22.0,232.0,18.0,3.0,45.0,554,12.0,23.0,,533.0,,33.0,,75.0,108.0,30.0,1.8,83757,23382,2674.0,1480.0,5171.0,598.0,6871.0,2015.0,68.0,1472.0,13534,265.0,496.0,,17312.0,,1051.0,,1908.0,4410.0,1049,87782797.37,4315874.93,83466922.44,20110460.23,16501280.22,3609180.01,,1258900.54,2149833.42,,,8950.11,73999412.96,542809.4,,,,19457095.39,,15069396.62,86017001.34,117527462.05,19457095.39,98070366.66,91065020.75,101086397.96,6373838.49,84691182.26,6.8,6.8,,,5.3,5.3,,,4.7,,4.7,
3525607,0.741,0.71,0.818,0.701,0.42,1.5,7.16,21.5,33.21,15.83,8.39,627.59,168.05,2084.18,328.68,470.13,662.39,1512.89,0.32,74.1,2.37,16.2,18.7,44.75,93.91,81.95,148675.33,119071.339,186999.917,32483.14,27241.21,42781.95,144029.335,84115.008,2976.951,33336.969,23600.407,4645.994,758,9,630,,9.0,3.0,8,7.0,3.0,3.0,37,1.0,3.0,,4.0,,2.0,,20,3.0,16,,883,230,424,,13.0,3.0,21.0,21.0,9.0,3.0,75,1.0,3.0,,6.0,,9.0,,9.0,2.0,54,322,230,,,4.0,,2.0,5.0,,,36,,,,,,7.0,,3.0,,35.0,2.1,14195,11137,,,91.0,,44.0,524.0,,,1024,,,,,,212.0,,87.0,,1076,39746061.82,324992.53,39421069.29,2278794.52,2222223.58,56570.94,,1084158.31,2245717.02,,,931436.65,40644981.58,551230.77,,,,439332.94,,621406.72,41509284.89,48175651.79,439332.94,47736318.85,40442841.14,42130691.61,328357.57,40114483.57,6.7,6.7,,,5.8,,5.8,,4.7,,4.7,
3525706,0.777,0.717,0.869,0.752,0.45,0.42,1.18,10.99,36.89,15.45,9.55,863.34,242.17,3185.18,424.84,580.11,845.87,2233.79,0.35,77.14,1.8,10.8,12.53,41.32,95.26,86.44,1381751.014,1642066.802,1940540.325,36644.42,44824.8,52972.47,1259700.891,166490.548,272609.518,626318.305,194282.52,122050.123,5806,8,3394,9.0,104.0,14.0,139,55.0,52.0,122.0,925,119.0,63.0,1.0,238.0,2.0,37.0,,145,155.0,224,,17807,1208,2764,109.0,337.0,43.0,392.0,187.0,150.0,375.0,3816,479.0,2251.0,10.0,3488.0,52.0,425.0,,212.0,547.0,962,12307,1208,207.0,99.0,228.0,29.0,224.0,91.0,25.0,232.0,2697,300.0,2175.0,10.0,3202.0,49.0,368.0,,124.0,334.0,705.0,2.2,501156,58991,8332.0,2850.0,5132.0,650.0,6157.0,8461.0,635.0,7737.0,79144,11506.0,122291.0,529.0,112349.0,2330.0,13395.0,,4119.0,11256.0,45290,196097836.94,12498230.0,183599606.94,38109824.85,32929126.32,5180698.53,,,3528971.26,,,12170537.2,172703216.66,1515828.59,,790627.79,,11809550.28,,16317447.28,190228849.76,240628556.63,12600178.07,228028378.56,202700005.49,206546297.04,12523868.0,190176137.49,6.4,6.3,6.5,,5.2,4.9,5.4,,4.4,,4.4,
3525805,0.716,0.686,0.813,0.659,0.41,3.3,11.22,31.71,31.91,15.88,8.04,482.86,129.24,1540.7,254.21,374.87,527.8,1135.29,0.3,73.76,2.19,16.7,19.35,49.36,93.71,81.43,58842.947,67851.478,82839.206,12197.96,15950.04,19473.25,55946.013,9938.735,1690.562,20852.077,23464.639,2896.933,325,8,191,,3.0,3.0,10,3.0,2.0,10.0,44,3.0,2.0,,3.0,,2.0,,15,22.0,4,,712,319,171,,4.0,3.0,14.0,8.0,4.0,13.0,110,5.0,2.0,,5.0,,1.0,,3.0,45.0,5,450,319,57.0,,,,1.0,3.0,,2.0,44,2.0,,,3.0,,,,,17.0,2.0,1.9,16555,11699,2471.0,,,,38.0,351.0,,48.0,1135,62.0,,,67.0,,,,,594.0,90,38196145.95,2466938.47,35729207.48,3373918.31,2271349.49,1102568.82,,,1086448.62,,,,35442505.6,303721.46,,1036684.83,,1927265.25,,2806683.09,40951688.09,43170544.07,2963950.08,40206593.99,43368161.49,43758371.18,2532430.08,40835731.41,5.7,5.7,,,4.8,,4.8,,3.9,,3.9,
3525854,0.741,0.655,0.863,0.721,0.39,0.68,3.46,13.02,31.02,17.27,7.19,710.27,215.84,2203.08,397.33,541.83,743.91,1654.81,0.27,76.75,2.06,12.2,14.1,43.41,95.36,85.81,213999.554,237904.897,287950.527,61724.71,77772.11,94224.65,181280.062,18361.669,86777.174,55533.029,20608.189,32719.492,535,6,378,,4.0,2.0,9,10.0,5.0,3.0,40,7.0,2.0,,32.0,5.0,3.0,,16,4.0,9,,1992,205,300,,12.0,4.0,20.0,33.0,18.0,3.0,191,43.0,2.0,,1020.0,84.0,7.0,,5.0,1.0,44,1510,205,22.0,,8.0,,7.0,12.0,,,141,34.0,,,964.0,81.0,3.0,,,,33.0,2.3,64335,12829,1203.0,,110.0,,284.0,763.0,,,3951,620.0,,,39130.0,4476.0,114.0,,,,852,37524565.66,1544699.85,35979865.81,4101522.93,3680553.78,396267.07,24702.08,1532809.65,3203933.74,,,944298.36,37908848.95,233409.41,,,,250000.0,,1813488.85,36979446.66,48174823.04,250000.0,47924823.04,37913406.46,38792935.51,1558649.85,36354756.61,6.6,6.6,,,5.5,5.5,,,5.0,,5.0,
3525904,0.822,0.768,0.866,0.834,0.53,0.52,1.87,7.81,43.55,11.43,15.24,1431.55,281.85,6234.66,536.43,828.89,1315.61,4161.85,0.51,76.94,1.58,11.51,13.35,39.72,95.38,85.87,57670892.685,63835906.83,65418378.096,135081.2,144061.39,147597.65,43708869.039,185537.439,11700443.69,29583739.418,2239148.491,13962023.646,38239,29,1247,73.0,1698.0,528.0,4998,1389.0,1465.0,4297.0,9223,1610.0,1465.0,24.0,1803.0,15.0,1975.0,,1735,3012.0,1653,36573.0,249306,8544,1190,1245.0,9785.0,1753.0,35708.0,7142.0,3618.0,11027.0,47490,8311.0,14679.0,216.0,51502.0,135.0,6547.0,,5494.0,16923.0,17997,199893,8542,54.0,1144.0,7798.0,1040.0,30125.0,4570.0,589.0,5077.0,36352,6118.0,12795.0,179.0,49201.0,108.0,3838.0,,3665.0,12541.0,16157.0,3.3,11989389,1076295,1358.0,101418.0,245223.0,32439.0,935502.0,477745.0,22191.0,324549.0,1883096,269144.0,665421.0,18000.0,3845322.0,7034.0,296513.0,,198069.0,632410.0,957661,3877120039.24,199612573.54,3677507465.7,1419346532.58,1296448292.41,122898240.17,,209514928.78,283635937.97,,,82509234.72,2097727290.19,145539029.1,27833389.54,183692.49,,27354826.18,4975712.89,274692312.33,3867571776.51,4298620574.44,60347621.1,4238272953.34,3880026226.07,4142264088.84,199856501.54,3680169724.53,7.1,7.1,,,5.6,,5.6,,4.9,,4.8,6.3
3526001,0.745,0.662,0.86,0.727,0.43,0.98,3.76,16.47,35.34,15.73,8.98,737.14,202.72,2604.99,377.18,528.22,738.31,1840.7,0.33,76.61,1.7,12.4,14.33,45.99,95.28,85.61,807879.163,878755.577,940870.636,38510.78,42975.14,46012.84,730436.239,73462.948,177594.526,380557.884,98820.88,77442.925,3263,9,2182,4.0,36.0,16.0,49,27.0,13.0,59.0,417,71.0,26.0,,58.0,,20.0,,80,89.0,107,,8797,1040,1484,12.0,116.0,29.0,582.0,127.0,26.0,168.0,1847,197.0,93.0,,1977.0,,76.0,,76.0,490.0,457,6035,1040,71.0,,77.0,7.0,523.0,54.0,4.0,79.0,1340,79.0,55.0,,1907.0,,48.0,,34.0,374.0,343.0,2.6,293612,61711,2119.0,,2140.0,167.0,16064.0,6182.0,96.0,2367.0,53465,3248.0,1940.0,,112354.0,,1530.0,,975.0,14329.0,14926,129514504.45,6250885.74,123263618.71,17638393.59,16737224.36,898241.56,2927.67,582732.01,1411065.72,,,6702954.67,116687060.59,278885.51,202688.69,,,4529636.58,,8646037.92,124065842.66,148033417.36,4732325.27,143301092.09,130274785.46,132711880.58,6250885.74,124023899.72,8.0,8.0,,,5.9,,5.9,,4.4,,4.4,
3526100,0.7,0.637,0.823,0.654,0.49,6.77,18.23,41.46,36.3,12.18,11.92,467.35,85.49,1696.34,199.03,313.66,491.17,1239.14,0.43,74.36,2.37,15.7,18.2,57.05,94.06,82.35,366459.396,379655.194,446417.514,19673.56,22132.17,26024.11,346734.77,89324.04,21741.048,148761.986,86907.696,19724.626,1555,8,1016,2.0,25.0,9.0,21,9.0,9.0,26.0,186,28.0,28.0,3.0,48.0,8.0,13.0,,67,16.0,33,,3592,729,963,9.0,131.0,11.0,81.0,40.0,26.0,65.0,651,84.0,59.0,13.0,338.0,19.0,35.0,,47.0,118.0,173,2115,729,7.0,9.0,106.0,1.0,62.0,29.0,,31.0,453,59.0,26.0,13.0,288.0,15.0,22.0,,15.0,106.0,144.0,1.9,74718,34905,114.0,928.0,2153.0,22.0,1291.0,2478.0,,624.0,12664,1548.0,418.0,931.0,7046.0,967.0,459.0,,519.0,3107.0,4542,103192524.59,3449218.12,99743306.47,11549710.46,10354193.44,1195517.02,,920847.83,2075886.24,,,,104946749.08,2502435.54,,18559.73,,3845446.82,,6215254.03,100204777.96,125859635.7,3864006.55,121995629.15,103625508.49,106420031.99,3449218.12,100176290.37,6.8,6.8,,,5.4,,5.4,,4.6,,4.6,
3526209,0.709,0.662,0.791,0.68,0.49,2.62,9.97,37.56,39.52,12.97,12.18,550.32,127.87,2174.75,229.15,350.36,529.83,1509.37,0.42,72.48,2.23,18.9,21.9,50.18,92.92,79.44,573997.22,623225.787,660665.184,18025.29,22742.15,24108.35,519977.939,1252.926,78290.446,306244.897,134189.67,54019.281,1352,6,213,6.0,64.0,17.0,83,16.0,19.0,69.0,379,31.0,43.0,3.0,50.0,3.0,105.0,,122,68.0,55,,5153,800,244,17.0,257.0,41.0,476.0,51.0,41.0,133.0,1818,102.0,137.0,9.0,505.0,27.0,158.0,,101.0,122.0,114,3567,800,18.0,8.0,172.0,15.0,367.0,22.0,13.0,42.0,1362,62.0,86.0,9.0,440.0,16.0,1.0,,21.0,50.0,63.0,1.9,129027,42146,561.0,777.0,4830.0,308.0,9005.0,2574.0,367.0,2201.0,35794,3147.0,2244.0,715.0,18264.0,1177.0,,,755.0,1763.0,2399,156843690.41,10185959.18,146657731.23,24542926.83,20543888.45,2523238.88,1475799.5,,1771328.52,,,,149066529.57,1327112.11,,,,6554362.1,,12371823.07,156185914.86,183262259.13,6554362.1,176707897.03,162629410.6,168557737.93,10185959.18,152443451.42,6.5,6.6,6.3,,5.5,,5.5,,4.9,,4.9,
3526308,0.693,0.609,0.797,0.686,0.48,2.57,9.07,32.89,38.03,13.45,11.31,573.28,138.9,2180.24,246.56,373.28,568.94,1542.86,0.4,72.82,1.93,18.3,21.2,50.71,93.13,79.98,73967.039,83001.502,101410.723,15150.97,16329.24,19950.96,70698.754,11329.111,3547.553,30228.134,25593.956,3268.285,1344,5,1159,1.0,10.0,4.0,14,1.0,2.0,8.0,51,5.0,5.0,,19.0,3.0,4.0,,34,7.0,12,,1940,261,1059,5.0,54.0,10.0,64.0,5.0,1.0,19.0,190,11.0,51.0,,84.0,3.0,14.0,,15.0,47.0,47,692,261,5.0,5.0,41.0,5.0,34.0,5.0,,8.0,120,5.0,44.0,,64.0,,10.0,,9.0,42.0,34.0,1.7,21235,10173,147.0,545.0,654.0,84.0,713.0,270.0,,160.0,3293,188.0,27.0,,1597.0,,288.0,,243.0,1309.0,1545,40458114.92,3208682.99,37249431.93,2818422.38,2443253.04,375169.34,,,1603756.16,,,,41395607.25,206208.92,,910700.0,,1504205.0,,4695795.1,38754981.46,48438899.71,2414905.0,46023994.71,40635211.12,43450776.56,3266452.99,37368758.13,7.4,7.4,,,5.5,,5.5,,4.9,,4.9,
3526407,0.729,0.639,0.829,0.732,0.41,0.56,3.1,12.44,32.25,16.59,7.77,760.58,224.24,2452.64,406.84,558.07,801.54,1806.87,0.29,74.73,1.84,15.1,17.51,44.93,94.27,82.9,1411101.003,1522677.901,1688979.269,48579.92,57982.48,64315.12,1198427.411,40153.573,509863.048,502218.974,146191.816,212673.592,3628,5,2107,15.0,72.0,23.0,86,82.0,26.0,72.0,562,47.0,39.0,1.0,202.0,29.0,30.0,,88,60.0,82,,13858,935,1538,47.0,212.0,63.0,987.0,241.0,80.0,231.0,2298,214.0,179.0,4.0,5790.0,14.0,89.0,,92.0,418.0,426,10369,934,83.0,28.0,122.0,36.0,884.0,86.0,15.0,132.0,1561,135.0,134.0,4.0,5461.0,1.0,53.0,,32.0,341.0,327.0,2.1,404543,54528,3213.0,2050.0,2936.0,954.0,18700.0,7372.0,403.0,5216.0,49810,4006.0,3983.0,275.0,224913.0,73.0,2258.0,,1012.0,11638.0,11205,164672029.35,4778102.43,159893926.92,35852264.32,29018271.55,6830007.58,3985.19,2035865.33,2175577.39,,,3334.0,150372268.75,1704167.02,,,,5213273.79,,7216514.66,166454059.43,197356750.6,5213273.79,192143476.81,169079219.29,173670574.09,4806002.94,164273216.35,6.5,6.5,,,5.3,5.3,5.1,,4.3,,4.3,
3526506,0.721,0.655,0.82,0.698,0.38,1.94,4.57,17.43,27.55,16.92,6.51,614.14,185.62,1691.99,333.86,482.95,702.74,1360.5,0.26,74.17,1.63,16.0,18.56,46.71,93.95,82.06,184895.988,180410.777,262293.976,14696.45,18620.16,27071.32,177216.593,69549.161,4258.765,50632.822,52775.844,7679.395,1300,14,1133,1.0,8.0,1.0,2,3.0,1.0,4.0,54,4.0,4.0,,3.0,,1.0,,26,31.0,10,,2151,1053,740,,31.0,1.0,4.0,6.0,1.0,7.0,192,6.0,3.0,,4.0,,4.0,,20.0,46.0,33,1285,1053,26.0,,22.0,,2.0,5.0,1.0,1.0,128,,,,1.0,,2.0,,5.0,16.0,23.0,3.8,88659,81642,1262.0,,530.0,,29.0,371.0,22.0,24.0,3486,,,,,,54.0,,134.0,431.0,673,67872041.86,1741331.17,66130710.69,11701558.5,11408746.07,292812.43,,1506511.63,6345232.76,299017.0,,8379708.63,39681985.05,8204209.03,,,,611925.28,,4824730.29,68038391.25,76730147.88,611925.28,76118222.6,68420392.23,72863121.54,1741331.17,66679061.06,6.0,6.0,,,4.9,4.9,,,5.0,,5.0,
3526605,0.729,0.707,0.823,0.665,0.55,8.15,20.14,43.43,45.08,10.76,16.76,500.59,75.39,2256.55,193.85,304.71,466.0,1460.69,0.59,74.38,1.99,15.7,18.18,47.3,94.07,82.37,133317.098,154189.566,169896.176,18111.28,21501.82,23692.12,118362.789,5803.588,22491.291,50203.183,39864.726,14954.309,373,6,230,1.0,13.0,2.0,5,1.0,4.0,2.0,39,4.0,3.0,1.0,7.0,7.0,1.0,,35,6.0,6,,988,372,201,4.0,78.0,8.0,10.0,,11.0,4.0,139,7.0,5.0,18.0,28.0,66.0,2.0,,15.0,10.0,10,677,372,14.0,4.0,61.0,5.0,4.0,,1.0,2.0,100,,,18.0,21.0,61.0,,,6.0,4.0,4.0,1.8,23883,14584,162.0,371.0,1276.0,150.0,69.0,,108.0,51.0,3047,,,902.0,529.0,2226.0,,,148.0,123.0,135,46309834.74,2232179.53,44077655.21,5400339.6,4999071.51,401268.09,,,590679.19,,,,47805237.92,232277.35,,,,1877284.87,,2423148.8,46003138.94,55905818.93,1877284.87,54028534.06,48297967.62,48426287.74,2346189.53,45951778.09,6.2,6.2,,,4.9,4.7,5.8,,,,,
3526704,0.744,0.665,0.851,0.729,0.48,0.64,5.09,18.55,39.36,13.99,11.25,746.15,181.78,2936.65,340.24,499.13,706.64,1999.77,0.4,76.05,1.93,13.2,15.25,42.33,94.99,84.82,4101866.544,5139315.315,4938511.737,38964.09,52364.51,50310.32,3484257.903,111181.589,983962.352,1929158.941,459955.021,617608.642,6524,9,1437,26.0,265.0,48.0,398,179.0,144.0,369.0,1697,246.0,161.0,7.0,582.0,11.0,111.0,,265,274.0,295,5956.0,33773,3017,1243,352.0,1214.0,249.0,2029.0,782.0,409.0,1094.0,8266,1071.0,889.0,21.0,8822.0,147.0,441.0,,468.0,1629.0,1630,26349,3017,275.0,323.0,912.0,192.0,1586.0,409.0,44.0,606.0,6247,715.0,706.0,15.0,8049.0,131.0,308.0,,254.0,1255.0,1305.0,2.4,1148333,164562,9102.0,13966.0,28142.0,6272.0,36229.0,29807.0,1282.0,22232.0,222867,25759.0,29770.0,870.0,414299.0,6250.0,13367.0,,8207.0,46445.0,68905,596575288.38,40614040.66,555961247.72,168462631.36,163648473.94,4641516.92,172640.5,26167303.97,27780136.41,,,56805994.56,393843554.26,11478254.18,4000000.0,,,6135109.5,5657.65,50021169.55,574812807.08,694678641.89,10140767.15,684537874.74,604570456.63,624833976.63,41618267.72,562952188.91,6.7,6.7,,,5.1,,5.1,,4.5,,4.5,
3526803,0.764,0.717,0.837,0.743,0.43,0.41,2.73,12.34,35.26,15.72,8.97,816.48,227.99,2878.78,413.87,582.98,824.24,2049.28,0.32,75.19,1.77,13.3,15.43,41.67,94.19,83.72,4924228.119,5881417.984,6564647.742,70818.58,88435.73,98709.09,4249761.163,97655.088,1872223.387,1952286.818,327595.869,674466.956,5725,9,1719,15.0,219.0,61.0,333,148.0,115.0,299.0,1359,261.0,124.0,5.0,280.0,1.0,118.0,,247,216.0,196,5085.0,38254,2420,6621,189.0,999.0,170.0,2645.0,601.0,336.0,804.0,6290,1525.0,715.0,19.0,9924.0,40.0,823.0,,463.0,1392.0,2278,31977,2420,5405.0,165.0,755.0,82.0,2276.0,241.0,74.0,399.0,4709,1193.0,560.0,17.0,9560.0,40.0,663.0,,278.0,1109.0,2031.0,3.1,1830532,146739,343873.0,9517.0,20354.0,2984.0,105043.0,20452.0,2040.0,14057.0,180372,50624.0,30331.0,1232.0,694233.0,1994.0,36303.0,,12239.0,39561.0,118583,553553614.49,10916257.92,542637356.57,100565106.36,94661383.99,5896186.63,7535.74,24919301.95,26384805.07,,,32761959.85,406424192.27,31617393.26,,239592.5,,763101.56,,14221737.12,561191123.84,623675452.82,1002694.06,622672758.76,556413577.39,575412860.96,10936188.77,545477388.62,6.6,6.6,,,5.6,5.6,5.6,,4.6,,4.6,
3526902,0.775,0.719,0.852,0.761,0.48,0.85,3.25,13.48,38.72,13.82,11.21,910.85,215.18,3526.63,414.14,597.14,880.97,2445.39,0.41,76.11,1.86,15.22,17.06,39.79,95.35,85.79,16060738.811,19078470.332,20876940.083,51678.31,65366.55,71528.46,13478226.277,113031.059,4846073.774,7194792.767,1324328.677,2582512.534,22342,18,3445,51.0,917.0,261.0,1599,673.0,518.0,1377.0,6046,894.0,546.0,12.0,2252.0,15.0,503.0,,1079,1384.0,752,20796.0,124584,6953,2783,684.0,4378.0,791.0,8194.0,2486.0,1602.0,3357.0,25124,4641.0,8008.0,172.0,36267.0,179.0,2567.0,,2089.0,6870.0,7439,98121,6950,284.0,620.0,3311.0,452.0,6510.0,1102.0,432.0,1530.0,17968,3487.0,7280.0,155.0,33278.0,144.0,1928.0,,1066.0,5054.0,6570.0,2.9,5287839,600109,23682.0,38424.0,94419.0,13984.0,198230.0,93231.0,14958.0,68714.0,751877,201966.0,353866.0,9400.0,2032633.0,10109.0,123431.0,,35754.0,205953.0,417097,1776933065.63,134146672.36,1642786393.27,583867768.07,541705084.43,42089810.66,72872.98,90664053.34,146130293.88,,,38661397.79,1169220882.8,58751987.13,21558693.73,3013423.83,,11668982.59,3558380.03,154990955.75,1833828224.83,2127095863.19,39799480.18,2087296383.01,1869450172.86,1988819180.58,134961661.5,1734488511.36,7.1,7.1,7.4,,5.6,,5.6,,5.0,,5.0,
3527009,0.742,0.654,0.864,0.722,0.4,0.0,1.79,12.97,33.17,17.46,7.6,714.18,229.4,2368.78,394.12,521.56,713.4,1710.66,0.27,76.85,1.61,12.0,13.92,44.16,95.41,85.95,246178.779,321979.886,405308.216,30018.14,45931.51,57785.6,221425.01,9518.671,76442.616,91644.672,43819.052,24753.768,637,7,186,,28.0,4.0,68,18.0,16.0,20.0,122,46.0,6.0,1.0,51.0,4.0,4.0,,25,24.0,7,,3034,393,167,,214.0,8.0,209.0,43.0,36.0,30.0,452,184.0,11.0,,1101.0,29.0,4.0,,18.0,128.0,7,2341,393,,,173.0,3.0,163.0,9.0,5.0,8.0,296,120.0,5.0,,1039.0,25.0,1.0,,5.0,93.0,3.0,2.3,98048,19837,,,5297.0,55.0,7198.0,417.0,135.0,187.0,8392,3552.0,121.0,,48068.0,707.0,24.0,,194.0,3732.0,132,61674305.51,3169687.39,58504618.12,11878548.06,9558869.21,2319678.85,,379307.77,994475.57,,,502820.12,52341172.75,3216513.95,,,,2646482.53,,3176037.39,60030842.96,71959320.75,2646482.53,69312838.22,62726422.64,63206880.35,3176037.39,59550385.25,6.2,6.2,,,5.7,5.7,,,4.6,,4.6,
3527108,0.786,0.733,0.869,0.762,0.45,0.6,2.89,11.04,35.77,14.66,9.76,919.53,236.14,3289.45,437.92,621.95,928.76,2376.2,0.36,77.13,1.78,11.7,13.51,41.88,95.55,86.33,6763890.055,8848508.844,8610362.609,85642.71,118328.79,115144.13,5882195.913,70627.343,3089440.83,2421186.445,300941.295,881694.143,5586,19,1245,19.0,275.0,67.0,436,103.0,104.0,346.0,1440,192.0,146.0,8.0,151.0,1.0,108.0,,288,406.0,232,5108.0,36843,1506,889,348.0,1299.0,244.0,1684.0,486.0,294.0,881.0,5828,626.0,3454.0,114.0,11274.0,12.0,245.0,,646.0,3162.0,3851,30738,1506,55.0,330.0,962.0,169.0,1172.0,285.0,55.0,437.0,4119,400.0,3286.0,110.0,11124.0,10.0,92.0,,403.0,2630.0,3593.0,2.5,1417296,127120,2918.0,25413.0,27515.0,4469.0,28083.0,25344.0,1417.0,12728.0,131116,14997.0,161388.0,8076.0,561171.0,496.0,3488.0,,9683.0,98970.0,172903,371900974.85,13024176.93,358876797.92,83073084.27,65742368.42,17262538.96,68176.89,2682.21,14586822.9,,,21163.71,347852706.31,2296358.76,355514.94,,,10181291.95,,14853631.16,372852367.16,458369625.05,10536806.89,447832818.16,378788433.48,387705998.32,13134943.48,365653490.0,6.6,6.8,6.5,,5.1,5.6,5.0,,4.2,,4.2,
3527207,0.766,0.713,0.856,0.736,0.52,1.76,8.5,23.18,41.69,11.77,14.16,781.28,152.28,3257.23,307.64,466.59,738.14,2237.29,0.48,76.35,2.17,13.86,15.53,43.62,95.33,85.73,3876663.467,4172744.052,4501317.953,43299.19,49174.99,53047.17,3406505.885,18505.743,1316995.55,1702224.4,368780.192,470157.583,4119,13,528,17.0,233.0,72.0,239,68.0,62.0,277.0,1173,175.0,133.0,4.0,231.0,7.0,105.0,,301,321.0,160,3927.0,24017,2153,600,155.0,1010.0,259.0,981.0,378.0,143.0,721.0,5336,1104.0,1433.0,,5871.0,90.0,416.0,,553.0,2165.0,649,19473,2153,147.0,137.0,741.0,170.0,725.0,252.0,47.0,384.0,4037,879.0,1270.0,,5594.0,82.0,291.0,,329.0,1716.0,519.0,2.7,952299,151620,4007.0,5222.0,17891.0,4680.0,18332.0,19902.0,928.0,12095.0,125770,17631.0,72354.0,,394659.0,5042.0,8892.0,,8924.0,64819.0,19531,396444797.92,15342244.51,381102553.41,98919557.61,90149496.64,8770060.97,,4692254.9,9088634.72,,,347326.7,324296598.5,5767689.66,,,,10131809.86,,17504485.81,395340380.24,453243871.95,10131809.86,443112062.09,402400399.07,412844866.05,15420730.33,386979668.74,5.9,5.9,,,5.2,5.1,5.2,,4.7,,4.7,
3527256,0.742,0.717,0.816,0.697,0.37,2.32,6.1,17.29,28.3,17.42,6.5,612.0,170.28,1731.77,362.63,510.54,684.38,1335.13,0.28,73.96,2.2,16.4,18.97,40.77,93.83,81.73,43489.176,43632.559,55440.123,18818.34,22375.67,28430.83,42012.49,8581.456,1979.826,14230.276,17220.932,1476.686,491,7,420,,1.0,2.0,1,4.0,,2.0,16,,4.0,,4.0,,3.0,,18,8.0,1,,585,176,306,,1.0,2.0,3.0,5.0,,2.0,32,,4.0,,6.0,,5.0,,7.0,35.0,1,222,176,,,,,1.0,,,,14,,,,,,,,2.0,28.0,1.0,2.6,11377,10055,,,,,25.0,,,,465,,,,,,,,30.0,709.0,93,30229713.9,1172272.96,29057440.94,2094602.11,1887442.47,207159.64,,,498079.42,,,92340.5,32295237.06,53666.45,,86052.0,,837745.39,,1620385.38,29376389.09,35957722.93,923797.39,35033925.54,30522706.69,30996774.47,1274074.56,29248632.13,6.7,6.7,,,,,,,5.4,,5.4,
3527306,0.777,0.697,0.861,0.783,0.5,0.52,0.93,7.8,42.34,14.07,12.04,1047.17,271.89,4433.24,464.73,650.74,917.43,2933.78,0.43,76.65,1.81,12.3,14.27,37.34,95.3,85.67,19677150.59,19241992.433,20154612.051,385773.53,371230.54,388732.46,15764359.891,37358.866,5764020.101,9636000.876,326980.049,3912790.699,3932,14,586,19.0,155.0,31.0,256,77.0,78.0,178.0,1558,132.0,75.0,3.0,246.0,1.0,69.0,,146,125.0,183,3807.0,22638,1858,641,159.0,835.0,56.0,993.0,258.0,191.0,427.0,3553,640.0,282.0,,6256.0,,1816.0,,259.0,641.0,3773,18950,1857,114.0,133.0,665.0,18.0,729.0,113.0,32.0,189.0,2578,465.0,176.0,,5925.0,,1728.0,,167.0,483.0,3578.0,3.6,1228615,162680,3522.0,7449.0,23392.0,427.0,30010.0,12970.0,1278.0,7520.0,111054,14661.0,5698.0,,554570.0,,93539.0,,5550.0,22894.0,171401,571579152.65,23836060.24,547743092.41,122679166.25,113135804.22,9486588.97,56773.06,24145304.57,22110981.36,,,28685561.83,492082152.66,12279078.69,665883.16,1791666.91,,11318025.68,,27284892.73,592288613.9,715757821.11,13775575.75,701982245.36,596766105.9,619573506.63,24454186.86,572311919.04,7.2,7.2,,,5.3,,5.3,,4.4,,4.4,
3527405,0.752,0.695,0.841,0.728,0.46,0.36,4.1,19.55,36.98,14.21,10.41,743.2,186.38,2748.35,341.8,503.85,735.01,1942.77,0.37,75.48,1.84,14.0,16.21,46.47,94.69,84.0,584271.282,541971.346,600068.339,26531.25,27016.17,29912.18,526561.136,35246.051,142852.412,243594.022,104868.651,57710.145,2365,10,1245,4.0,42.0,25.0,91,42.0,11.0,83.0,347,36.0,19.0,3.0,63.0,,14.0,,87,75.0,168,,6511,1086,1111,13.0,133.0,32.0,219.0,158.0,24.0,167.0,1207,132.0,58.0,8.0,1402.0,,21.0,,97.0,258.0,385,4246,1086,177.0,8.0,82.0,4.0,106.0,75.0,4.0,57.0,807,76.0,36.0,6.0,1315.0,,3.0,,44.0,175.0,185.0,2.2,172452,57811,3970.0,829.0,1923.0,114.0,3078.0,7254.0,52.0,1399.0,22749,1282.0,864.0,223.0,56720.0,,104.0,,1105.0,5320.0,7657,94939674.17,4215010.19,90724663.98,15455118.48,14596395.57,858722.91,,1466432.69,782576.22,,,,95232602.91,434307.27,,5210.0,,1744355.53,,8476325.65,99785218.82,115120603.1,1749565.53,113371037.57,102550828.94,108261544.47,4559242.09,97991586.85,6.5,6.5,,,5.5,5.6,5.3,,4.5,,4.5,
3527504,0.733,0.662,0.809,0.736,0.51,0.0,2.62,13.35,46.95,14.84,12.65,779.84,223.23,3661.64,355.57,448.92,605.79,2263.59,0.46,73.55,2.23,17.1,19.75,49.49,93.58,81.11,70465.375,73640.153,138654.329,29214.5,31045.6,58454.61,67780.797,26831.011,2953.541,19569.077,18427.169,2684.578,428,3,330,,4.0,2.0,2,1.0,1.0,1.0,38,4.0,4.0,,7.0,1.0,2.0,,17,7.0,4,,721,179,318,,5.0,2.0,2.0,2.0,2.0,1.0,98,10.0,31.0,,57.0,2.0,2.0,,2.0,4.0,4,418,179,103.0,,1.0,,,2.0,,,54,3.0,27.0,,48.0,,,,,,1.0,2.1,15899,8547,3514.0,,56.0,,,348.0,,,1386,108.0,722.0,,1164.0,,,,,,54,29720411.85,750437.74,28969974.11,1524361.4,1448875.53,75485.87,,36119.69,774080.38,,,,33739701.42,9925.71,,,,495000.0,,939142.74,29545942.1,36579188.6,495000.0,36084188.6,30135171.9,30485084.84,787103.74,29348068.16,6.8,6.8,,,5.1,,5.1,,4.7,,4.7,
3527603,0.731,0.671,0.822,0.709,0.42,0.99,4.87,21.49,30.72,15.15,8.11,661.22,172.87,2031.51,328.08,497.22,756.86,1563.28,0.31,74.34,2.09,15.8,18.24,43.86,94.05,82.32,1556606.521,1813179.403,2385616.849,99603.69,147833.62,194506.06,1393224.243,90672.033,872248.358,332391.495,97912.357,163382.277,1036,7,348,3.0,50.0,12.0,54,13.0,9.0,42.0,229,40.0,20.0,,44.0,2.0,22.0,,47,22.0,72,,7671,756,3012,94.0,104.0,20.0,707.0,36.0,27.0,123.0,567,91.0,41.0,,1521.0,3.0,73.0,,25.0,38.0,433,6685,756,2807.0,88.0,52.0,7.0,638.0,24.0,3.0,64.0,313,26.0,9.0,,1468.0,1.0,50.0,,9.0,16.0,354.0,2.6,361132,39622,142104.0,3410.0,1371.0,166.0,33558.0,2263.0,66.0,2128.0,9072,650.0,327.0,,111875.0,8.0,1583.0,,179.0,299.0,12453,103899312.21,1368466.73,102530845.48,19003544.29,18605246.14,398298.15,,708678.14,627807.84,,,91149.67,126945867.53,695784.62,,,,4040010.43,,5052216.22,124837664.25,152112842.52,4040010.43,148072832.09,120541057.48,129889880.47,1810029.69,118731027.79,6.3,6.3,,,5.2,5.2,,,4.4,,4.4,
3527702,0.702,0.623,0.815,0.682,0.35,0.36,2.18,16.27,27.49,19.32,5.69,557.06,205.67,1531.08,332.38,464.74,608.66,1190.0,0.2,73.88,2.39,16.5,19.11,43.91,93.78,81.62,93808.712,95716.627,117808.607,15851.42,20360.91,25060.33,90898.598,25156.373,4672.184,32076.789,28993.253,2910.114,788,5,656,1.0,6.0,3.0,10,1.0,1.0,3.0,45,4.0,5.0,,9.0,2.0,2.0,,19,11.0,5,,1048,259,460,3.0,11.0,3.0,40.0,5.0,3.0,6.0,168,8.0,7.0,,17.0,2.0,7.0,,7.0,34.0,8,504,259,63.0,3.0,5.0,,24.0,5.0,,3.0,110,2.0,2.0,,3.0,1.0,3.0,,2.0,17.0,2.0,2.1,19736,10920,3168.0,299.0,50.0,,536.0,367.0,,57.0,3349,10.0,79.0,,72.0,22.0,101.0,,72.0,492.0,143,39456726.09,1653183.41,37803542.68,2172238.4,2080500.5,91737.9,,,312588.73,,,27157.89,40445435.99,102654.01,,90200.0,,610260.0,,2070896.09,40108242.2,43760535.02,700460.0,43060075.02,41678091.68,42179138.29,1674532.41,40003559.27,6.7,6.7,,,6.2,,6.2,,6.3,,6.3,
3527801,0.724,0.674,0.83,0.679,0.4,0.26,5.33,24.67,33.82,17.16,7.89,547.3,177.48,1850.91,291.97,414.65,552.08,1305.4,0.27,74.81,2.16,15.0,17.39,48.87,94.32,83.01,98336.886,96789.147,115243.875,21340.47,24312.77,28948.47,92860.127,19870.025,15263.583,32156.673,25569.845,5476.76,489,5,356,1.0,8.0,,9,3.0,1.0,12.0,40,3.0,6.0,,8.0,,,,24,11.0,2,,856,273,262,2.0,15.0,,27.0,7.0,1.0,18.0,116,3.0,8.0,,104.0,,,,9.0,10.0,1,475,272,,2.0,5.0,,15.0,4.0,,1.0,72,,5.0,,94.0,,,,4.0,,1.0,2.0,18442,10928,,351.0,236.0,,309.0,590.0,,28.0,1730,,133.0,,3978.0,,,,97.0,,62,32990251.61,1173754.99,31816496.62,4264677.98,3939695.3,324982.68,,318111.63,730606.77,,,66218.64,35777652.09,24290.68,,,,1355909.3,,1208369.98,32564319.15,42537467.09,1355909.3,41181557.79,33537275.95,33772689.13,1176647.98,32360627.97,6.6,6.6,,,5.0,,5.0,,4.1,,4.1,
3527900,0.72,0.659,0.846,0.67,0.42,1.49,8.28,30.53,33.69,15.94,8.46,516.35,146.54,1739.69,264.93,383.22,545.0,1245.36,0.3,75.75,1.97,13.6,15.75,47.66,94.83,84.39,101173.117,100630.589,135644.625,38571.53,37745.91,50975.06,98090.252,50510.647,6703.815,21320.834,19554.955,3082.866,886,6,794,1.0,1.0,,4,7.0,,11.0,27,7.0,1.0,1.0,1.0,3.0,1.0,,16,3.0,2,,1006,297,527,2.0,1.0,,7.0,17.0,,14.0,77,9.0,1.0,,35.0,8.0,1.0,,4.0,4.0,2,392,297,,2.0,,,2.0,4.0,,1.0,47,1.0,,,33.0,3.0,,,1.0,,1.0,1.9,14122,11239,,100.0,,,23.0,153.0,,34.0,1132,35.0,,,1217.0,105.0,,,20.0,,64,31855255.97,1661413.82,30193842.15,1716924.65,1656084.0,60840.65,,,592220.42,,,13078.55,39942893.8,47893.42,,,,487058.49,,2738652.86,31196122.43,42800069.33,487058.49,42313010.84,32296317.22,33934775.29,1661413.82,30634903.4,7.0,7.0,,,5.9,,5.9,,4.0,,4.0,
3528007,0.77,0.697,0.859,0.763,0.55,0.74,2.69,13.06,50.2,12.88,15.59,920.95,218.37,4623.07,374.62,513.72,715.27,2779.8,0.54,76.52,2.13,12.5,14.48,44.99,95.23,85.48,643782.915,636544.053,691847.287,37292.64,37824.24,41110.42,560752.686,33949.897,82702.954,364670.144,79429.692,83030.229,1482,8,865,2.0,29.0,9.0,39,16.0,16.0,45.0,198,23.0,18.0,2.0,74.0,1.0,7.0,,67,34.0,29,,4938,567,520,,67.0,22.0,162.0,61.0,41.0,124.0,805,185.0,294.0,,1742.0,1.0,9.0,,54.0,224.0,60,3794,567,47.0,,37.0,13.0,113.0,43.0,9.0,74.0,570,153.0,270.0,,1652.0,,,,22.0,192.0,32.0,2.7,172542,35470,1959.0,,925.0,331.0,2128.0,3278.0,162.0,8637.0,17635,6034.0,7599.0,,78172.0,,,,903.0,7852.0,1454,129176617.27,1299908.7,127876708.57,11836556.62,10181317.5,1518078.98,137160.14,4644022.63,9598837.81,,,7335639.24,104233659.17,2943242.42,,68729.52,,2367954.14,,1937478.8,134694231.96,143028641.55,2436683.66,140591957.89,129977589.92,136631710.76,1303728.44,128673861.48,7.0,7.0,,,5.5,,5.5,,4.1,,4.1,
3528106,0.743,0.676,0.844,0.72,0.43,0.65,2.74,18.17,34.65,15.93,8.7,704.61,203.12,2441.35,358.18,508.61,714.07,1735.43,0.32,75.64,1.65,13.8,15.93,43.13,94.78,84.24,196951.791,215139.565,245038.153,24094.91,28758.13,32754.73,185812.572,55945.013,8253.751,85914.091,35699.717,11139.219,2083,5,1727,,6.0,7.0,22,9.0,5.0,39.0,111,7.0,14.0,1.0,33.0,,12.0,,38,30.0,17,,3473,307,1305,,8.0,13.0,34.0,17.0,12.0,907.0,362,16.0,41.0,,269.0,,45.0,,23.0,83.0,31,1814,307,34.0,,3.0,4.0,6.0,10.0,,856.0,242,8.0,17.0,,230.0,,29.0,,4.0,49.0,15.0,3.0,99031,15520,1328.0,,36.0,76.0,107.0,1188.0,,61070.0,8088,190.0,478.0,,7515.0,,948.0,,59.0,1416.0,1012,53222601.1,3204002.29,50018598.81,6440813.35,6107879.22,180544.57,152389.56,1957789.63,956450.81,,,1911455.15,47838930.14,1087477.15,,566613.0,,1032021.11,,6008013.4,51290318.02,61791550.34,1598634.11,60192916.23,54322302.56,57298331.42,3210728.79,51111573.77,6.6,6.6,,,5.6,,5.6,,5.2,,5.2,
3528205,0.74,0.675,0.852,0.705,0.42,0.07,3.91,19.17,34.93,16.47,8.48,644.23,197.98,2250.22,332.61,474.02,637.19,1585.04,0.3,76.09,1.49,13.1,15.17,42.85,95.02,84.88,90930.779,93684.277,123749.527,24669.23,23639.74,31226.22,88074.175,31397.42,6711.848,25016.834,24948.074,2856.604,1488,7,1305,2.0,6.0,2.0,5,3.0,,11.0,60,6.0,3.0,,12.0,,10.0,,16,22.0,18,,1543,324,856,3.0,7.0,2.0,7.0,5.0,,18.0,121,24.0,4.0,,80.0,,31.0,,6.0,28.0,27,507,324,4.0,2.0,,,1.0,,,6.0,52,16.0,,,67.0,,19.0,,2.0,5.0,9.0,1.8,17529,11964,116.0,194.0,,,9.0,,,206.0,1337,277.0,,,1770.0,,667.0,,40.0,164.0,788,44479207.51,4512269.57,39966937.94,5916190.74,5845659.12,70531.62,,25994.89,458358.43,,,37385.15,41114805.28,2134764.84,,252252.57,,3797699.7,,6753104.96,42180429.71,53737451.6,4049952.27,49687499.33,46828168.79,48933534.67,4677295.5,42150873.29,7.0,7.0,,,6.4,,6.4,,5.0,,5.0,
3528304,0.753,0.717,0.823,0.724,0.44,1.4,4.28,17.31,36.84,15.52,9.49,725.51,194.73,2672.8,368.37,527.73,738.39,1803.21,0.35,74.38,2.09,15.7,18.17,42.29,94.07,82.38,104128.024,121126.535,168948.851,33742.07,38270.63,53380.36,99311.445,39341.008,5487.237,34183.619,20299.581,4816.58,875,10,707,2.0,3.0,2.0,4,3.0,,18.0,40,10.0,4.0,,17.0,,3.0,,18,12.0,22,,1313,235,633,1.0,3.0,3.0,4.0,9.0,,32.0,141,15.0,4.0,,135.0,,2.0,,10.0,11.0,75,648,235,141.0,1.0,,,,2.0,,7.0,91,2.0,,,119.0,,,,2.0,,48.0,2.0,22457,10746,4619.0,66.0,,,,84.0,,200.0,2270,44.0,,,2569.0,,,,64.0,,1796,39836819.26,1786006.57,38050812.69,2904085.09,2877230.74,26854.35,,1845207.15,378539.63,,,4210.0,38605625.07,1137469.92,,,,1609773.0,,2400059.8,38458154.3,46484909.86,1609773.0,44875136.86,40024360.95,40858214.1,1809004.57,38215356.38,,,,,5.8,,5.8,,5.4,,5.4,
3528403,0.743,0.684,0.831,0.721,0.44,1.77,5.48,18.63,35.07,14.65,9.58,710.18,178.64,2490.3,341.39,525.16,754.32,1742.55,0.35,74.85,1.94,15.0,17.33,44.09,94.34,83.07,2695115.819,2613752.712,2923463.212,56474.15,52304.34,58437.71,2252392.004,22658.27,990050.729,989066.471,250616.534,442723.815,2512,10,291,11.0,140.0,49.0,224,47.0,64.0,120.0,704,148.0,90.0,2.0,164.0,,63.0,,213,91.0,81,2424.0,13376,1597,294,85.0,398.0,104.0,2288.0,150.0,121.0,473.0,2627,404.0,401.0,84.0,3190.0,,127.0,,232.0,242.0,559,10521,1597,17.0,73.0,238.0,41.0,2031.0,81.0,11.0,323.0,1808,202.0,295.0,78.0,3009.0,,51.0,,68.0,131.0,467.0,2.2,468805,103890,571.0,2793.0,6490.0,1096.0,52142.0,8656.0,216.0,9670.0,53638,11483.0,11905.0,4171.0,174407.0,,1768.0,,2068.0,3959.0,19882,270644400.2,9276507.36,261367892.84,61867891.56,50115356.95,11752534.61,,5596530.62,2941093.07,,,92675.39,226731190.62,15904006.94,,,,6799048.72,,10444541.19,279742621.29,319932436.92,6799048.72,313133388.2,275310015.94,290187162.48,9288085.76,266021930.18,5.9,5.9,,,4.5,4.5,,,4.8,,4.8,
3528502,0.788,0.723,0.881,0.767,0.56,1.24,5.74,21.09,45.95,10.53,17.45,944.03,168.98,4338.28,328.19,504.09,825.52,2895.52,0.56,77.86,1.76,11.95,13.39,41.79,96.12,87.95,2288091.621,2484184.151,2767181.265,22076.24,26535.61,29484.21,1986449.592,1026.728,439959.434,1139823.038,405640.392,301642.029,4693,13,141,25.0,313.0,76.0,471,113.0,114.0,307.0,1380,230.0,162.0,3.0,434.0,2.0,153.0,,382,199.0,175,4556.0,23273,2486,160,177.0,1658.0,170.0,2090.0,307.0,243.0,830.0,5710,721.0,599.0,74.0,5004.0,41.0,388.0,,717.0,836.0,1062,17501,2486,11.0,157.0,1257.0,75.0,1496.0,102.0,29.0,417.0,4012,421.0,397.0,66.0,4448.0,39.0,197.0,,423.0,595.0,873.0,2.1,694694,145253,200.0,17081.0,41871.0,2066.0,52643.0,8682.0,962.0,15152.0,124689,13747.0,14377.0,3595.0,176587.0,2730.0,7203.0,,15208.0,19632.0,33014,545827390.09,45297575.77,500529814.32,170308565.97,136100437.59,34203755.27,4373.11,22558197.76,12770949.33,,,8022523.59,340439413.92,27604229.34,,,,38033225.12,1168133.73,50191531.38,529552248.47,620905238.76,39201358.85,581703879.91,553342573.44,579743779.85,45321835.77,508020737.67,6.7,6.7,,,5.3,,5.3,,4.4,,4.4,
3528601,0.739,0.675,0.818,0.73,0.48,0.75,2.65,17.5,40.97,14.72,11.13,750.34,196.83,3074.32,355.48,498.67,681.76,2022.51,0.41,74.05,2.07,16.2,18.79,45.69,93.88,81.87,291908.192,310583.804,361118.423,29272.78,31464.27,36583.77,263804.624,69510.14,38516.836,109164.946,46612.702,28103.568,1421,8,1073,4.0,18.0,4.0,17,14.0,6.0,28.0,114,10.0,8.0,1.0,39.0,,9.0,,28,19.0,21,,3085,461,1339,30.0,44.0,7.0,31.0,44.0,10.0,70.0,414,27.0,37.0,22.0,369.0,,56.0,,23.0,68.0,33,1902,461,571.0,26.0,24.0,2.0,7.0,24.0,,32.0,266,15.0,27.0,20.0,313.0,,51.0,,6.0,48.0,9.0,1.8,67837,16556,17627.0,907.0,866.0,36.0,229.0,2432.0,,908.0,8683,561.0,727.0,1386.0,13079.0,,1746.0,,201.0,1377.0,518,50757195.57,3708915.3,47048280.27,8013570.72,7286346.48,725419.06,1805.18,171373.08,1605869.03,,,3845077.65,51802526.32,625656.17,,,,5024116.91,,5949942.82,49879541.81,71088189.88,5024116.91,66064072.97,52075523.79,55829484.63,4018197.18,48057326.61,6.3,6.3,,,4.5,,4.5,,4.2,,4.2,
3528700,0.677,0.591,0.809,0.65,0.39,3.04,8.28,32.23,29.29,16.43,7.13,457.56,132.19,1340.38,243.78,352.08,522.63,1037.61,0.28,73.54,2.43,17.1,19.77,30.23,93.58,81.09,157010.99,139886.538,201667.809,25999.5,30589.66,44099.67,153307.664,82794.916,5128.944,28518.134,36865.669,3703.326,1550,5,1457,3.0,5.0,2.0,2,1.0,,3.0,28,,5.0,,6.0,1.0,,,28,,4,,1814,549,1130,3.0,8.0,3.0,5.0,3.0,,1.0,53,,5.0,,28.0,8.0,,,13.0,,5,618,549,7.0,1.0,3.0,1.0,1.0,3.0,,,28,,,,20.0,3.0,,,1.0,,1.0,3.8,43012,40953,159.0,103.0,35.0,22.0,,370.0,,,743,,,,494.0,61.0,,,20.0,,52,40866507.82,1692547.31,39173960.51,4545153.87,4450276.81,94877.06,,,412142.72,,,,44447809.18,33227.87,,,,1207494.59,,3286543.61,40221007.14,50645828.23,1207494.59,49438333.64,41622961.79,43507550.75,1929926.13,39693035.66,6.5,6.5,,,5.4,,5.4,,4.7,,4.7,
3528809,0.771,0.758,0.85,0.711,0.42,1.45,3.41,16.0,34.34,16.32,8.42,666.65,199.79,2289.38,344.23,488.82,689.42,1617.47,0.32,75.97,2.2,13.3,15.38,41.77,94.95,84.7,517397.816,953215.328,1039675.675,36775.73,75216.23,82038.64,468732.015,81317.267,67438.835,245176.044,74799.869,48665.801,2359,3,1755,6.0,29.0,7.0,20,19.0,6.0,35.0,232,33.0,16.0,3.0,22.0,,19.0,,74,33.0,47,,6309,572,2554,12.0,80.0,7.0,74.0,55.0,13.0,90.0,812,210.0,101.0,33.0,507.0,,117.0,,847.0,119.0,106,4404,572,1352.0,4.0,43.0,,51.0,28.0,5.0,46.0,537,160.0,84.0,28.0,475.0,,88.0,,796.0,92.0,43.0,2.1,172630,27263,75051.0,266.0,1043.0,,1508.0,2676.0,112.0,1057.0,19282,4843.0,2519.0,1991.0,26220.0,,2473.0,,1731.0,3492.0,1103,96149423.29,3534232.62,92615190.67,10166919.22,9771390.58,395528.64,,362982.0,1497553.49,,,,99386771.12,1790946.93,,,,1668642.66,,5659616.01,97287468.85,114873815.42,1668642.66,113205172.76,99342367.28,102947084.86,3562637.12,95779730.16,7.2,7.2,,,5.5,,5.5,,4.6,,4.6,
3528858,0.752,0.679,0.852,0.736,0.4,1.02,4.11,9.29,33.53,17.85,7.51,781.03,251.72,2618.87,445.26,591.54,796.77,1823.73,0.28,76.14,1.5,13.0,15.08,40.58,95.04,84.94,119694.406,124020.437,163561.59,38648.5,37673.28,49684.57,110716.792,37043.072,12995.587,37276.323,23401.81,8977.615,967,5,722,1.0,6.0,3.0,20,4.0,5.0,3.0,126,11.0,3.0,,20.0,,6.0,,11,5.0,16,,2363,196,527,1.0,14.0,6.0,44.0,7.0,12.0,4.0,443,26.0,3.0,,1007.0,,9.0,,4.0,6.0,54,1605,196,45.0,,9.0,2.0,19.0,2.0,,,303,2.0,,,989.0,,2.0,,2.0,1.0,33.0,2.8,116894,10915,2474.0,,544.0,25.0,1298.0,284.0,,,8993,63.0,,,91012.0,,85.0,,33.0,31.0,1139,36803733.13,487575.12,36316158.01,4104478.61,3464547.62,639930.99,,342837.67,397334.73,,,108251.1,40011587.31,48763.59,,,12196.61,,,1293592.19,36577567.98,45025449.62,12196.61,45013253.01,37065143.1,37871160.17,487575.12,36577567.98,7.9,7.9,,,5.8,,5.8,,5.0,,5.0,
3528908,0.718,0.651,0.83,0.684,0.37,1.36,4.75,19.28,29.07,17.6,6.61,565.58,176.81,1643.89,320.88,468.12,622.04,1231.65,0.27,74.78,1.79,15.1,17.45,44.98,94.3,82.97,76481.673,69905.743,90254.596,18663.17,19899.16,25691.6,74699.202,29656.761,3686.543,20335.457,21020.44,1782.47,1047,5,909,2.0,7.0,5.0,18,3.0,2.0,8.0,39,5.0,4.0,,2.0,1.0,3.0,,18,7.0,9,,1095,233,668,12.0,11.0,5.0,19.0,6.0,4.0,14.0,63,11.0,5.0,,3.0,1.0,4.0,,12.0,9.0,15,279,233,,2.0,2.0,,,3.0,,3.0,21,3.0,,,,,,,5.0,,7.0,2.0,10111,8486,,48.0,37.0,,,520.0,,75.0,643,57.0,,,,,,,99.0,,146,30114027.84,1199877.35,28914150.49,1757992.34,1653452.27,104540.07,,,1102559.12,,,,31999645.35,46870.43,,,,857553.5,,1582844.45,29215242.53,35764620.74,857553.5,34907067.24,30114027.84,30798086.98,1199877.35,28914150.49,7.0,7.0,,,5.8,,5.8,,4.7,,4.7,
3529005,0.798,0.776,0.854,0.768,0.5,1.05,4.04,14.54,40.84,12.7,12.87,953.2,204.48,3893.33,400.65,582.0,907.74,2673.24,0.45,76.26,1.63,12.81,14.86,41.34,95.09,85.08,9756006.261,11020231.383,12507570.77,40272.64,46375.78,52635.31,8649839.222,93385.45,1380457.887,6118707.401,1057288.483,1106167.039,18443,28,2507,25.0,768.0,193.0,1535,616.0,556.0,1398.0,5142,987.0,459.0,7.0,783.0,12.0,533.0,,893,1460.0,541,17351.0,99360,6508,2113,549.0,3796.0,610.0,11762.0,2126.0,1423.0,3333.0,21652,3738.0,7513.0,62.0,15330.0,36.0,2566.0,,1695.0,10676.0,3872,77375,6508,171.0,514.0,2888.0,367.0,10095.0,1029.0,348.0,1505.0,15604,2245.0,6928.0,62.0,14324.0,22.0,1842.0,,965.0,8627.0,3331.0,2.6,3631032,517807,4595.0,30984.0,84993.0,9738.0,317760.0,97917.0,9978.0,70373.0,592150,90966.0,414816.0,4220.0,697189.0,721.0,73414.0,,30476.0,462079.0,120857,1456008604.7,89796396.38,1366212208.32,412508934.72,389591731.24,22106682.79,810520.69,65134420.59,34540317.77,,,3150229.91,952061522.82,101060814.73,2744836.7,,,7124861.74,,110480557.1,1559142922.88,1578325938.98,9869698.44,1568456240.54,1621308035.13,1669623479.98,92403705.9,1528904329.23,7.1,7.1,7.2,,5.1,,5.1,,4.3,,4.3,
3529104,0.731,0.694,0.825,0.681,0.43,0.41,3.62,26.02,35.88,16.22,8.85,553.24,170.15,1984.98,278.42,396.34,546.42,1369.95,0.32,74.5,1.76,15.5,17.95,42.14,94.14,82.55,40066.938,42489.826,56364.596,19070.41,22843.99,30303.55,38657.608,9334.689,2086.23,13107.037,14129.652,1409.33,579,4,503,,5.0,1.0,1,,,4.0,32,1.0,2.0,,2.0,,1.0,,13,7.0,3,,694,199,376,,5.0,2.0,1.0,,,6.0,81,3.0,2.0,,2.0,,4.0,,5.0,5.0,3,252,199,,,,1.0,,,,,45,2.0,,,,,3.0,,1.0,,1.0,2.3,10622,9076,,,,34.0,,,,,1416,17.0,,,,,14.0,,13.0,,52,32026297.28,1155030.42,30871266.86,1287553.61,1132352.6,46476.28,108724.73,896055.53,605836.28,,,,28652338.19,449789.63,,,,1319974.0,,1417924.74,31376037.4,33211547.24,1319974.0,31891573.24,32719280.44,32793962.14,1355349.42,31363931.02,7.2,7.2,,,5.8,,5.8,,5.5,,5.5,
3529203,0.721,0.641,0.832,0.703,0.45,1.42,7.36,21.72,36.18,15.09,9.59,636.0,162.21,2301.24,317.6,455.69,617.57,1636.79,0.36,74.93,1.91,14.8,17.17,46.32,94.39,83.19,754950.447,766182.395,949416.286,28179.26,30793.87,38158.28,699886.786,169680.7,87075.361,310024.342,133106.383,55063.661,3075,10,2150,3.0,31.0,20.0,59,33.0,12.0,64.0,319,38.0,36.0,4.0,58.0,1.0,21.0,,73,61.0,82,,5975,1342,1621,23.0,130.0,28.0,109.0,86.0,27.0,112.0,1101,90.0,162.0,13.0,529.0,1.0,48.0,,109.0,279.0,165,3400,1342,78.0,11.0,95.0,9.0,43.0,35.0,6.0,31.0,759,32.0,118.0,13.0,456.0,,23.0,,61.0,207.0,81.0,2.0,125917,58391,2693.0,346.0,1994.0,177.0,1438.0,3702.0,156.0,995.0,22663,630.0,3050.0,534.0,16706.0,,712.0,,1663.0,6958.0,3108,141310354.87,5353335.0,135957019.87,18766959.57,18431089.86,335869.71,,872721.8,3849312.98,,,6148080.87,131927180.98,548138.02,,,,2200442.15,151004.7,9919868.78,141963163.06,164463841.07,2351446.85,162112394.22,142068318.43,151883031.84,5353335.0,136714983.43,6.7,6.7,,,5.0,5.2,5.0,,4.3,,4.3,
3529302,0.773,0.713,0.847,0.766,0.52,0.66,3.55,13.39,45.09,13.37,13.49,940.44,216.7,4240.85,412.13,575.49,809.6,2685.5,0.49,75.84,1.45,13.5,15.6,38.15,94.88,84.51,5356571.323,6187823.911,7646780.494,63716.37,78294.18,96754.27,4566203.631,75388.306,2091848.538,2049721.336,349245.452,790367.692,6385,9,1479,10.0,206.0,58.0,501,200.0,134.0,443.0,1534,195.0,184.0,5.0,502.0,2.0,164.0,,234,307.0,218,5813.0,39500,1841,6094,116.0,2527.0,181.0,1506.0,1005.0,353.0,1017.0,6783,1119.0,919.0,32.0,11425.0,11.0,398.0,,514.0,1927.0,1732,32022,1841,5057.0,96.0,2279.0,111.0,880.0,571.0,42.0,415.0,4895,868.0,689.0,28.0,10737.0,10.0,180.0,,337.0,1499.0,1487.0,2.7,1688796,124246,215013.0,3124.0,52487.0,3200.0,21778.0,31735.0,1464.0,14128.0,160292,42016.0,35803.0,1556.0,846098.0,227.0,9873.0,,10874.0,51320.0,63564,368396225.44,38215572.78,330180652.66,92387938.29,87869955.52,4517982.77,,9267457.91,4336594.82,,,595525.72,357384338.16,1944623.21,3018064.77,108383.33,,9849927.19,,49280384.08,375293685.95,478892853.4,12976375.29,465916478.11,405406615.8,424574070.03,39672343.31,365734272.49,6.7,7.1,6.5,,5.7,6.1,5.3,,4.7,5.9,4.4,
3529401,0.766,0.733,0.852,0.721,0.44,1.41,5.28,18.44,33.41,14.91,8.97,709.25,180.74,2369.62,347.85,516.1,760.61,1738.81,0.34,76.13,1.53,13.06,15.1,39.52,95.04,84.94,20776212.745,24111460.53,25000732.02,43128.78,57646.93,59773.04,17503268.817,22.476,7756771.51,7936387.777,1810087.054,3272943.928,13081,17,17,57.0,658.0,193.0,1361,267.0,214.0,849.0,4193,864.0,429.0,9.0,1276.0,1.0,431.0,,1011,742.0,492,12491.0,103835,8053,22,1177.0,3053.0,567.0,15382.0,1141.0,512.0,2084.0,22674,4257.0,8726.0,25.0,22268.0,3.0,1098.0,,1428.0,5334.0,6031,88773,8053,3.0,1113.0,2333.0,335.0,14082.0,779.0,147.0,1087.0,17740,3230.0,8183.0,22.0,20595.0,,595.0,,593.0,4423.0,5460.0,2.7,4292368,526485,31.0,66038.0,67462.0,8725.0,377842.0,57822.0,4004.0,48484.0,661174,114914.0,404705.0,3936.0,1454461.0,,27684.0,,19335.0,192851.0,256413,1690887193.59,216136816.94,1474750376.65,480678608.49,440999259.22,39615338.38,64010.89,28123986.31,29003700.65,,,8073514.36,1296049655.07,93801936.38,2266089.19,8691.66,,32989236.99,26964139.45,254200138.68,1559394208.01,1997959558.55,62228157.29,1935731401.26,1724330045.61,1813594346.69,217140904.06,1507189141.55,6.6,,6.6,,5.2,,5.2,,4.4,,4.4,
3529500,0.744,0.663,0.863,0.72,0.36,1.32,2.98,11.38,28.5,18.73,6.09,707.36,228.24,2016.09,434.17,569.47,779.88,1519.75,0.24,76.78,1.61,12.1,14.03,42.77,95.37,85.85,374784.785,474541.432,593744.816,66474.78,77048.45,96402.8,329955.294,22399.981,121950.078,149489.646,36115.589,44829.49,1038,8,741,,9.0,1.0,14,5.0,10.0,14.0,88,20.0,3.0,3.0,27.0,1.0,4.0,,34,13.0,43,,3586,369,1709,,27.0,2.0,18.0,14.0,22.0,31.0,338,75.0,5.0,22.0,764.0,,6.0,,57.0,18.0,109,2659,369,1151.0,,18.0,1.0,4.0,5.0,1.0,12.0,234,39.0,2.0,12.0,735.0,,2.0,,38.0,4.0,32.0,2.6,139682,18948,54521.0,,485.0,41.0,136.0,501.0,37.0,542.0,24000,885.0,30.0,470.0,35222.0,,38.0,,1335.0,81.0,2411,62178951.04,5845972.3,56332978.74,7027652.43,6340671.13,686981.3,,,819408.82,,,1269125.4,54800094.9,525146.62,,622500.0,,2271274.15,,7423722.07,57611534.61,67335202.32,2893774.15,64441428.17,63409771.13,65035256.68,5940731.52,57469039.61,7.5,7.5,,,5.8,,5.8,,5.0,,5.0,
3529609,0.731,0.667,0.817,0.717,0.4,1.28,3.45,13.06,32.87,17.46,7.53,694.38,217.82,2282.56,388.25,514.5,695.91,1643.48,0.28,74.04,1.89,16.2,18.79,44.24,93.87,81.86,393842.471,399566.164,437548.09,103289.4,87394.17,95701.68,352470.786,40163.573,168841.189,116133.402,27332.622,41371.685,1139,7,919,3.0,17.0,1.0,13,2.0,,6.0,71,11.0,3.0,,37.0,,6.0,,27,8.0,8,,3077,308,729,15.0,16.0,1.0,25.0,1.0,,6.0,211,68.0,5.0,,1659.0,,8.0,,8.0,5.0,12,2133,308,,14.0,2.0,,11.0,,,,126,52.0,,,1611.0,,,,4.0,1.0,4.0,3.3,129692,21011,,767.0,33.0,,80.0,,,,3954,2179.0,,,101334.0,,,,67.0,7.0,260,48673670.79,2105502.28,46568168.51,5004545.19,4751463.17,248156.59,4925.43,1942420.6,1741787.44,,,,52894530.95,465438.77,,360350.0,,990175.14,,4268264.21,48571399.44,63399248.09,1350525.14,62048722.95,49515331.56,52839663.65,2105502.28,47409829.28,7.4,7.4,,,5.4,,5.4,,5.0,,5.0,
3529658,0.724,0.666,0.847,0.674,0.37,1.28,6.84,25.44,27.66,16.92,6.54,530.46,153.6,1467.43,295.04,456.22,619.48,1135.53,0.25,75.84,2.41,13.5,15.59,46.77,94.88,84.52,81615.128,78851.943,108331.327,42887.61,40395.46,55497.61,78495.234,43033.586,3123.952,16358.319,15979.377,3119.895,604,6,546,1.0,,,6,,,,19,,1.0,,1.0,,1.0,,13,7.0,3,,767,215,427,20.0,,,13.0,,,,60,,1.0,,14.0,,1.0,,2.0,5.0,9,280,215,3.0,10.0,,,,,,,39,,,,12.0,,,,,,1.0,2.1,10938,9513,211.0,69.0,,,,,,,966,,,,78.0,,,,,,102,33226211.74,1087629.53,32138582.21,1494334.46,1438618.83,55715.63,,1036672.51,314002.96,,,4500.0,34290126.38,207938.9,,,,492581.0,,1416239.55,33154549.28,37840156.21,492581.0,37347575.21,33849201.41,34570788.83,1087629.53,32761571.88,6.6,6.6,,,,,,,5.3,,5.3,
3529708,0.741,0.661,0.863,0.712,0.46,1.69,5.41,22.66,35.49,14.22,9.98,670.82,168.16,2380.99,308.87,451.42,699.08,1714.29,0.36,76.78,2.27,12.1,14.03,43.7,95.37,85.85,1016136.928,1079728.834,1113098.239,45201.82,55538.75,57255.19,989031.638,198445.634,442258.151,230862.465,117465.388,27105.29,2497,11,1699,2.0,57.0,12.0,45,14.0,28.0,33.0,299,37.0,20.0,4.0,18.0,5.0,9.0,,80,92.0,32,,4969,952,1051,13.0,189.0,34.0,202.0,47.0,55.0,103.0,1049,495.0,155.0,10.0,72.0,25.0,26.0,,97.0,329.0,65,3092,952,13.0,13.0,131.0,19.0,157.0,31.0,6.0,65.0,718,452.0,127.0,10.0,47.0,22.0,16.0,,58.0,219.0,36.0,2.0,107389,42371,329.0,1153.0,2513.0,547.0,3043.0,3207.0,187.0,2834.0,20446,12304.0,5768.0,1095.0,824.0,308.0,530.0,,1349.0,6842.0,1739,142415379.76,8819480.49,133595899.27,22094415.67,19493986.66,1511339.31,1089089.7,6154847.24,1384368.63,,,806813.71,133029199.43,1248879.19,209589.53,,,5040102.32,,9571963.84,145115461.09,169968215.72,5249691.85,164718523.87,153066324.29,154687424.93,9110970.42,143955353.87,5.9,5.9,,,4.5,4.5,,,4.7,,4.7,
3529807,0.73,0.658,0.823,0.719,0.39,0.79,2.69,12.96,31.59,17.13,7.38,700.24,215.06,2211.75,384.68,535.28,749.95,1617.13,0.27,74.39,1.99,15.7,18.16,45.19,94.08,82.38,226257.409,255740.214,309941.386,17373.68,22772.95,27599.41,207425.112,31033.258,36451.043,81089.288,58851.522,18832.296,1119,7,630,2.0,25.0,9.0,22,8.0,3.0,20.0,142,16.0,8.0,,53.0,1.0,5.0,,54,22.0,92,,2698,484,460,16.0,87.0,60.0,41.0,13.0,6.0,50.0,505,56.0,31.0,,556.0,2.0,17.0,,40.0,55.0,219,1743,484,53.0,13.0,57.0,47.0,19.0,6.0,,19.0,338,39.0,21.0,,487.0,,9.0,,23.0,29.0,99.0,1.9,59659,21166,1682.0,542.0,1175.0,1425.0,692.0,828.0,,422.0,7460,1161.0,631.0,,16328.0,,264.0,,537.0,775.0,4572,57132724.03,3764792.07,53367931.96,7362202.54,6995332.05,366870.49,,181870.43,826294.0,,,1110.78,59036464.02,934260.58,,218037.0,,7195549.71,,6466093.69,56458734.55,75755789.06,7413586.71,68342202.35,60127681.0,62924828.24,3767852.07,56359828.93,6.8,6.8,,,4.3,,4.3,,3.7,,3.7,
3529906,0.697,0.655,0.803,0.645,0.5,5.15,20.06,47.95,39.42,12.17,12.95,442.77,91.71,1745.31,177.76,278.25,452.32,1219.38,0.44,73.18,2.74,17.7,20.47,57.38,93.36,80.54,456953.057,471305.511,560826.527,23420.28,25403.2,30228.35,421907.042,66972.288,27338.093,232067.527,95529.134,35046.015,1873,12,1166,5.0,67.0,16.0,27,12.0,5.0,34.0,252,31.0,20.0,2.0,32.0,13.0,17.0,,75,29.0,58,,6194,2327,1192,8.0,561.0,70.0,149.0,41.0,7.0,191.0,875,63.0,31.0,65.0,119.0,43.0,27.0,,189.0,102.0,134,4409,2327,97.0,7.0,477.0,55.0,123.0,32.0,,152.0,617,28.0,9.0,65.0,86.0,32.0,8.0,,138.0,79.0,77.0,2.3,183966,122129,2709.0,882.0,13242.0,1628.0,3222.0,2415.0,,2842.0,17782,355.0,278.0,3905.0,1876.0,1115.0,209.0,,4596.0,2339.0,2441,136018088.59,20783357.49,115234731.1,20214316.42,19246863.66,967452.76,,594250.75,3525291.16,,,16425.66,120349185.6,1758495.98,5111045.48,,,12389658.95,,27690245.97,119366048.91,163958670.0,17500704.43,146457965.57,137263534.87,147056294.88,21127576.64,116135958.23,6.1,6.1,,,5.5,,5.5,,4.5,,4.5,
3530003,0.743,0.731,0.806,0.697,0.43,0.64,9.31,21.8,32.93,15.38,8.56,613.14,157.68,2018.81,313.97,460.09,619.6,1509.15,0.32,73.34,1.43,17.4,20.15,42.64,93.46,80.79,70361.627,67283.145,77240.19,22515.72,21523.72,24708.95,67806.712,16877.594,5056.605,24736.617,21135.896,2554.915,1175,8,960,1.0,17.0,11.0,8,2.0,1.0,13.0,81,7.0,2.0,,21.0,3.0,2.0,,26,5.0,7,,1344,277,684,1.0,20.0,16.0,12.0,4.0,10.0,20.0,147,13.0,2.0,,77.0,20.0,3.0,,23.0,4.0,11,427,277,2.0,1.0,3.0,4.0,3.0,3.0,,4.0,51,2.0,,,54.0,12.0,1.0,,7.0,,3.0,1.9,14337,11038,53.0,122.0,14.0,116.0,43.0,184.0,,29.0,1016,36.0,,,936.0,453.0,34.0,,188.0,,75,42051511.58,2496545.76,39554965.82,2208440.66,2028745.58,179695.08,,1172868.14,1007673.67,,,,40440977.22,248962.88,,,,2603711.99,,4540261.24,40430314.66,47682634.56,2603711.99,45078922.57,42876676.42,44970575.9,2497119.76,40379556.66,7.2,7.2,,,6.5,,6.5,,5.1,,5.1,
3530102,0.751,0.665,0.869,0.732,0.45,1.23,4.47,16.64,35.81,14.74,9.71,758.64,191.54,2716.38,367.69,536.1,771.7,1930.09,0.36,77.12,1.78,11.7,13.53,36.89,95.54,86.31,738742.24,788259.463,978818.314,24753.46,28169.23,34979.03,681454.806,153563.244,95679.717,310447.962,121763.883,57287.434,4216,9,3040,5.0,52.0,23.0,58,22.0,16.0,60.0,407,34.0,38.0,6.0,45.0,,13.0,,95,206.0,87,,8228,1134,2420,11.0,186.0,47.0,170.0,79.0,44.0,130.0,1669,110.0,161.0,14.0,999.0,,57.0,,135.0,646.0,216,4463,1134,10.0,5.0,126.0,23.0,100.0,54.0,14.0,56.0,1184,59.0,119.0,11.0,944.0,,36.0,,66.0,405.0,117.0,2.5,214427,79452,319.0,398.0,2555.0,486.0,3250.0,5466.0,401.0,1483.0,34079,2535.0,5339.0,655.0,49471.0,,1038.0,,2524.0,20707.0,4269,144833165.49,5181412.67,139651752.82,19253066.82,18367582.49,885484.33,,5323199.14,2182461.92,,,7191510.04,118025410.22,4723264.6,,,,3110630.13,,5602154.6,147962998.3,159809542.87,3110630.13,156698912.74,153217773.7,153565152.9,5307155.6,147910618.1,6.6,6.6,,,4.4,,4.4,,4.2,,4.2,
3530201,0.724,0.674,0.841,0.67,0.5,6.41,16.47,36.11,39.04,12.07,12.94,516.3,88.74,2015.49,222.88,357.75,521.8,1388.39,0.46,75.45,2.12,14.0,16.24,49.17,94.67,83.95,606917.474,585090.332,651108.007,32957.78,36758.83,40906.45,554061.849,136704.39,155338.587,174756.508,87262.364,52855.625,4456,10,3923,3.0,19.0,6.0,20,9.0,3.0,19.0,187,11.0,30.0,1.0,14.0,1.0,6.0,,102,53.0,39,,8891,959,3430,15.0,69.0,8.0,455.0,34.0,3.0,36.0,565,17.0,1478.0,5.0,1476.0,1.0,8.0,,152.0,71.0,109,4938,959,25.0,5.0,45.0,2.0,428.0,24.0,,19.0,359,4.0,1445.0,5.0,1455.0,,5.0,,81.0,13.0,64.0,2.7,250508,33772,516.0,364.0,961.0,23.0,17890.0,1987.0,,507.0,10458,120.0,73923.0,313.0,105891.0,,159.0,,1507.0,503.0,1615,119942896.59,18688964.1,101253932.49,10828745.65,9948200.23,880545.42,,463133.22,2760098.73,,,,119345663.56,221156.09,,,,31872198.14,,23597943.68,105466555.12,165490995.39,31872198.14,133618797.25,122479123.19,129064498.8,18694039.93,103785083.26,6.9,6.6,7.6,,4.9,,4.9,,4.7,,4.7,
3530300,0.762,0.698,0.846,0.748,0.43,0.86,2.4,11.22,34.37,16.18,8.5,841.27,236.82,2891.54,443.89,596.5,852.37,2086.53,0.32,75.76,1.71,12.5,14.5,39.64,94.51,84.54,2660334.032,3039964.543,3345887.627,43778.54,47996.66,52826.75,2314174.392,47868.45,695647.435,1293726.584,276931.923,346159.64,5511,11,1227,17.0,182.0,51.0,291,105.0,124.0,248.0,1741,136.0,93.0,5.0,512.0,1.0,84.0,,228,254.0,201,5248.0,23706,1345,953,316.0,724.0,397.0,778.0,318.0,273.0,787.0,6066,645.0,528.0,18.0,7838.0,3.0,351.0,,425.0,916.0,1025,17627,1345,19.0,295.0,506.0,343.0,443.0,144.0,18.0,491.0,4031,469.0,399.0,18.0,7211.0,2.0,254.0,,250.0,589.0,800.0,2.3,747422,105292,748.0,10987.0,13906.0,15232.0,14921.0,11464.0,499.0,18415.0,141774,24392.0,18799.0,1233.0,288100.0,72.0,5446.0,,10793.0,21643.0,43707,299236908.95,26346410.88,272890498.07,129136537.88,110936452.93,18200044.25,40.7,5726223.85,16161233.95,,,363307.11,240870004.89,2621043.78,,5479677.08,,1502484.38,,50047762.44,312848275.69,401860512.92,6982161.46,394878351.46,311564071.08,362896038.13,26822593.17,284741477.91,7.1,7.1,,,6.2,,6.2,,5.0,,5.0,
3530409,0.738,0.69,0.829,0.704,0.39,1.14,5.31,16.33,31.38,17.29,7.26,639.58,197.67,2006.85,355.36,494.47,682.22,1462.62,0.27,74.76,1.87,15.1,17.48,47.83,94.29,82.94,213294.971,209298.604,378154.379,42951.06,44827.29,80992.58,198015.463,76241.233,44074.562,51176.863,26522.806,15279.508,1061,4,922,1.0,5.0,1.0,10,1.0,1.0,9.0,44,1.0,3.0,,16.0,,4.0,,27,7.0,5,,1741,198,735,1.0,16.0,1.0,16.0,4.0,1.0,28.0,140,2.0,3.0,,565.0,,9.0,,6.0,6.0,10,873,198,3.0,,11.0,,5.0,,,15.0,86,,,,543.0,,4.0,,1.0,2.0,5.0,2.0,32418,9197,28.0,18.0,162.0,,196.0,,,645.0,2923,,,,18697.0,,162.0,,30.0,83.0,277,36922397.34,819169.32,36103228.02,2898174.34,2592928.86,305245.48,,,421601.0,,,343183.86,41079266.55,288818.79,,80000.0,,,,850732.44,36297343.25,45111044.54,80000.0,45031044.54,37105664.73,37148075.69,819169.32,36286495.41,6.7,6.7,,,5.3,,5.3,,5.1,,5.1,
3530508,0.762,0.709,0.827,0.756,0.53,0.82,3.78,17.19,45.77,12.53,14.61,881.99,192.87,4037.05,359.6,523.09,744.06,2583.55,0.51,74.63,1.64,15.3,17.72,41.82,94.22,82.75,3043691.898,3478085.054,4014553.266,44065.5,51389.39,59315.81,2679216.688,216964.815,752040.895,1389338.352,320872.626,364475.21,5520,11,1823,16.0,173.0,52.0,252,146.0,100.0,256.0,1282,171.0,98.0,8.0,339.0,11.0,86.0,,225,324.0,147,5046.0,23338,1539,1659,91.0,694.0,190.0,713.0,533.0,258.0,657.0,6588,726.0,679.0,81.0,5749.0,30.0,417.0,,383.0,1622.0,729,17080,1539,189.0,83.0,492.0,120.0,421.0,218.0,46.0,326.0,5031,448.0,550.0,64.0,5318.0,21.0,320.0,,201.0,1145.0,548.0,2.4,756908,114445,5244.0,7723.0,10700.0,3929.0,11570.0,15587.0,1753.0,11979.0,189595,16925.0,40525.0,4486.0,235452.0,792.0,15188.0,,6730.0,38575.0,25709,327165777.13,30556907.19,296608869.94,86844915.83,84969098.47,1875082.44,734.92,4618356.87,1360169.78,,,209798.83,284249026.53,3451020.77,7826863.84,6853000.09,,7722208.02,98477.51,35469713.97,343360768.42,403233838.07,22500549.46,380733288.61,371463753.81,378830482.39,31697395.12,339766358.69,6.0,5.7,6.5,,5.3,5.0,5.4,,4.4,,4.5,
3530607,0.783,0.74,0.851,0.762,0.54,1.93,7.06,20.23,43.06,11.0,15.66,916.81,163.46,3947.55,340.75,533.33,868.04,2688.97,0.53,76.07,2.08,12.23,14.19,44.09,94.84,84.42,19604517.461,22702759.066,26072522.197,43031.34,50455.62,57745.81,16631460.593,538093.689,4765447.415,9446543.059,1881376.429,2973056.869,28647,23,2572,52.0,1300.0,399.0,2925,796.0,811.0,2466.0,6964,1786.0,1018.0,10.0,1134.0,29.0,914.0,,1574,3160.0,714,27516.0,160838,6616,2542,914.0,6476.0,1357.0,29050.0,2970.0,2766.0,6307.0,33279,9184.0,12290.0,260.0,19849.0,760.0,2432.0,,3465.0,14159.0,6162,125881,6608,70.0,855.0,4975.0,844.0,25974.0,1593.0,1155.0,3072.0,25068,6706.0,11080.0,252.0,18395.0,707.0,1211.0,,1924.0,10009.0,5383.0,2.4,5447183,573314,1933.0,53168.0,140840.0,24124.0,825608.0,149933.0,42711.0,115261.0,846311,229876.0,516432.0,22950.0,1053538.0,42849.0,49204.0,,62961.0,458688.0,237480,2452481957.48,181866530.06,2270615427.42,800749168.03,777709319.89,23039848.14,,80149046.36,154156627.41,,,267183003.57,1420151188.86,86659993.35,68628540.94,31541997.64,,25305667.93,,241504776.05,2497945148.5,2934525234.09,125476206.51,2809049027.58,2549185414.35,2739449924.55,183313508.43,2365871905.92,6.4,6.4,,,5.1,5.9,5.1,,4.5,,4.5,
3530706,0.774,0.736,0.852,0.74,0.44,0.56,2.94,13.24,34.88,15.46,9.03,802.19,219.79,2797.77,400.12,569.15,827.77,1991.52,0.34,76.1,1.56,13.41,15.03,39.51,95.07,85.02,6865386.209,8182932.159,9433837.649,44538.21,53253.15,61395.03,5916808.735,269941.874,1916750.466,3010575.411,719540.984,948577.474,9586,13,1868,18.0,430.0,107.0,716,207.0,205.0,558.0,2574,394.0,254.0,8.0,679.0,27.0,153.0,,480,551.0,344,8916.0,54190,4202,3197,525.0,2197.0,359.0,3608.0,869.0,591.0,1373.0,12134,1612.0,2451.0,138.0,13189.0,106.0,392.0,,827.0,3421.0,2999,43535,4202,1848.0,506.0,1729.0,228.0,2840.0,531.0,201.0,657.0,9232,1034.0,2144.0,137.0,12297.0,82.0,209.0,,453.0,2588.0,2617.0,2.6,2100517,223453,102916.0,30445.0,48082.0,6383.0,189254.0,41746.0,7046.0,22026.0,330945,44214.0,94303.0,9027.0,698444.0,4065.0,7260.0,,14731.0,98575.0,127605,882649474.85,64015552.85,818633922.0,169795620.59,152457917.33,17254854.31,82848.95,11125895.45,8107216.87,,,92302289.99,675370902.5,49562416.47,26368.74,610621.62,,17944169.02,2910265.23,82540670.08,919489902.61,1027755766.48,21491424.61,1006264341.87,972863702.01,1002030572.69,67086074.4,905777627.61,6.9,6.9,,,5.6,5.9,5.3,,4.4,5.5,4.3,
3530805,0.784,0.715,0.879,0.767,0.49,1.39,3.79,13.49,38.78,13.41,11.57,945.62,212.31,3667.48,421.59,614.38,921.42,2549.49,0.43,77.74,1.89,10.53,12.21,39.74,95.78,86.98,6313563.842,7317579.339,8092719.13,67095.62,79058.54,87434.03,5219214.168,215753.186,1540839.884,2918109.015,544512.084,1094349.674,9025,13,2626,27.0,404.0,93.0,654,233.0,208.0,532.0,2062,301.0,192.0,5.0,545.0,16.0,156.0,,322,425.0,211,8110.0,46109,2565,2412,530.0,1472.0,359.0,2521.0,903.0,552.0,1120.0,8619,1794.0,5291.0,107.0,11234.0,100.0,571.0,,437.0,3641.0,1881,36106,2565,569.0,505.0,1039.0,242.0,1754.0,394.0,149.0,433.0,6145,1366.0,5056.0,90.0,10525.0,83.0,381.0,,162.0,2996.0,1652.0,2.8,1846575,185886,40469.0,25041.0,28296.0,8130.0,53920.0,47380.0,3907.0,16134.0,237938,53270.0,248627.0,6833.0,681433.0,3977.0,19232.0,,6709.0,105535.0,73859,685877301.4,89784686.63,596092614.77,198351248.61,179688807.65,18634087.1,28353.86,15059844.36,20606597.53,,,68429353.41,466292088.6,18165292.35,23311045.33,,,19866418.18,,109516152.85,639533689.91,830081888.37,43177463.51,786904424.86,702420858.27,749049842.76,89853772.1,612567086.17,6.7,6.7,,,5.0,5.5,4.8,,4.7,,4.7,
3530904,0.719,0.607,0.82,0.746,0.61,3.94,9.83,28.64,52.94,9.33,22.69,832.07,122.86,4404.57,265.43,412.37,645.96,2697.66,0.71,74.18,2.54,16.0,18.55,47.85,93.96,82.07,124517.473,147771.732,179188.607,35344.16,39702.24,48143.1,116630.936,24900.335,30102.07,35638.196,25990.335,7886.537,1146,4,1021,4.0,1.0,,4,3.0,,4.0,36,7.0,1.0,,16.0,1.0,2.0,,18,2.0,22,,1428,236,464,54.0,1.0,,4.0,12.0,,9.0,108,12.0,1.0,,460.0,1.0,3.0,,7.0,,56,843,236,18.0,49.0,,,,3.0,,3.0,60,,,,442.0,,,,2.0,,30.0,2.1,32304,11773,937.0,1667.0,,,,137.0,,173.0,1293,4.0,,,15111.0,,,,27.0,,1183,29140181.27,372579.6,28767601.67,2616156.78,2366640.41,249516.37,,300325.22,774537.79,,,,39427036.9,49272.54,,233900.0,,342259.13,,464479.6,29721169.23,43743488.36,576159.13,43167329.23,29707254.46,30185648.83,372579.6,29334674.86,6.4,6.4,,,5.0,5.0,,,4.5,,4.5,
3531001,0.772,0.773,0.814,0.731,0.43,0.71,3.79,12.02,34.94,16.39,8.53,755.2,218.59,2638.78,400.4,536.92,780.25,1842.38,0.32,73.81,1.83,16.6,19.24,41.51,93.74,81.51,58262.056,63512.781,77880.84,25620.96,32789.25,40206.94,53557.217,8345.978,6710.647,19728.284,18772.309,4704.839,598,4,425,2.0,7.0,3.0,17,1.0,,8.0,44,10.0,6.0,,13.0,1.0,1.0,,32,8.0,16,,933,253,388,3.0,8.0,4.0,43.0,2.0,,9.0,92,19.0,27.0,,31.0,9.0,1.0,,17.0,6.0,21,432,253,60.0,2.0,1.0,,15.0,,,,45,7.0,18.0,,18.0,9.0,,,2.0,,2.0,2.2,17950,13155,1410.0,197.0,19.0,,444.0,,,,1319,308.0,282.0,,172.0,432.0,,,36.0,,175,33350348.67,1664108.87,31686239.8,4276517.44,4166887.24,105829.76,3800.44,3459336.26,449534.74,,,,35306872.27,2219668.06,,,,578871.0,,2213234.54,32138440.96,46290799.77,578871.0,45711928.77,33545629.97,34351675.5,1664108.87,31881521.1,6.8,6.8,,,5.3,,5.3,,5.0,,5.0,
3531100,0.754,0.699,0.854,0.719,0.5,2.87,9.72,28.3,38.21,11.9,12.84,699.73,134.08,2673.41,282.27,456.23,728.41,1905.69,0.45,76.24,2.23,12.9,14.93,52.65,95.09,85.09,1254605.285,1396443.614,1535905.805,21421.71,22541.1,24792.27,1178981.595,6363.217,139857.338,717173.344,315587.696,75623.69,2647,12,25,17.0,214.0,41.0,448,48.0,100.0,119.0,795,292.0,88.0,3.0,47.0,2.0,43.0,,191,96.0,66,2564.0,11776,2644,23,51.0,581.0,89.0,1632.0,134.0,440.0,242.0,3189,1265.0,341.0,24.0,144.0,48.0,66.0,,254.0,325.0,284,8995,2644,,35.0,338.0,40.0,1310.0,77.0,299.0,91.0,2319,907.0,236.0,24.0,83.0,47.0,15.0,,104.0,210.0,216.0,15.3,2443687,2241148,,3521.0,7723.0,611.0,19611.0,8258.0,6801.0,3185.0,72404,43309.0,12266.0,1147.0,2291.0,2885.0,291.0,,2830.0,6406.0,8997,361730420.41,18657363.88,343073056.53,163307292.1,132000820.5,30538231.33,768240.27,15687356.47,6182371.84,,,2103769.7,244366484.66,12061455.32,,,,13841075.54,,19339264.12,376196616.74,457549805.63,13841075.54,443708730.09,381775051.16,395535880.86,18928823.88,362846227.28,5.7,5.7,,,4.8,4.8,,,4.3,,4.3,
3531209,0.759,0.678,0.858,0.752,0.48,0.37,2.59,13.3,39.58,14.25,11.11,861.61,219.34,3410.01,394.62,549.18,812.43,2324.96,0.39,76.5,2.12,11.6,13.45,42.75,94.92,85.57,252217.893,284876.225,304555.388,30829.71,33021.47,35302.58,225642.341,64320.06,22128.038,95325.886,43868.357,26575.552,1247,5,702,1.0,49.0,12.0,44,10.0,17.0,39.0,146,24.0,14.0,,54.0,2.0,16.0,,45,18.0,49,,2786,401,638,2.0,135.0,32.0,101.0,21.0,36.0,77.0,484,61.0,36.0,,469.0,5.0,47.0,,49.0,25.0,167,1355,401,2.0,,63.0,9.0,50.0,9.0,,16.0,281,23.0,,,376.0,2.0,24.0,,12.0,2.0,85.0,2.0,50253,19823,54.0,,2230.0,174.0,2194.0,687.0,,303.0,8282,705.0,,,11467.0,53.0,2211.0,,284.0,90.0,1696,55192731.68,4987991.07,50204740.61,11398363.89,9997884.48,1400479.41,,868533.48,775130.26,,,2322132.04,48771986.0,343481.49,,,,350000.0,,6152922.57,52522110.89,64829627.16,350000.0,64479627.16,57349918.76,58675033.46,5011065.69,52338853.07,6.1,6.1,,,5.1,5.1,,,4.5,,4.5,
3531308,0.768,0.707,0.859,0.746,0.42,0.35,2.07,10.15,33.38,16.64,8.03,832.6,248.31,2779.53,444.36,613.61,851.43,2008.43,0.3,76.56,1.54,12.4,14.38,40.37,95.26,85.54,2435240.075,2825781.759,3062782.095,47713.32,59397.61,64379.33,2131269.927,259964.846,623780.456,1018818.591,228706.034,303970.148,5536,8,2255,11.0,242.0,41.0,238,95.0,98.0,182.0,1362,93.0,52.0,3.0,289.0,1.0,66.0,,178,209.0,113,,20604,1646,1712,79.0,573.0,173.0,879.0,347.0,310.0,400.0,4633,316.0,408.0,20.0,7045.0,1.0,231.0,,239.0,1066.0,526,14547,1646,8.0,70.0,312.0,125.0,582.0,160.0,37.0,134.0,2923,183.0,330.0,20.0,6645.0,,127.0,,90.0,765.0,390.0,2.5,660989,87739,293.0,5008.0,8153.0,3533.0,20500.0,13707.0,1222.0,4900.0,98798,4144.0,14202.0,1345.0,349020.0,,4239.0,,2740.0,29333.0,12115,266055286.43,10560714.39,255494572.04,62588539.81,59626130.79,2956061.82,6347.2,3205731.05,3203886.35,,,671975.72,237898646.08,1943928.96,,533480.0,,1660694.35,,12141611.18,267228322.32,311706882.32,2194174.35,309512707.97,268539830.57,279369933.5,10685552.52,257854278.05,6.6,6.6,,,5.4,5.4,5.4,,4.1,,4.1,
3531407,0.785,0.72,0.861,0.781,0.5,0.14,1.46,9.17,43.52,13.84,12.58,1032.05,254.68,4491.76,459.45,646.83,928.24,2860.72,0.45,76.64,1.86,11.4,13.22,41.2,95.0,85.76,766600.054,880683.706,1038559.71,29885.78,39527.99,46613.99,702472.899,89782.696,167344.103,325577.154,119768.946,64127.155,5105,9,3926,5.0,49.0,17.0,77,33.0,24.0,77.0,406,54.0,40.0,2.0,85.0,2.0,22.0,,78,113.0,86,,9570,659,2927,21.0,169.0,32.0,233.0,118.0,45.0,235.0,1478,1065.0,345.0,5.0,1430.0,5.0,61.0,,106.0,401.0,235,5437,659,236.0,18.0,110.0,12.0,135.0,63.0,6.0,134.0,995,996.0,295.0,5.0,1307.0,,35.0,,56.0,255.0,120.0,2.6,241786,41172,11575.0,1542.0,2826.0,352.0,3343.0,6587.0,205.0,4130.0,30717,15172.0,12286.0,433.0,95190.0,,1228.0,,2053.0,7474.0,5501,125494608.65,2229523.94,123265084.71,24229088.83,20126577.33,4102511.5,,1694613.93,1374987.85,,,80710.11,117198034.12,496026.31,,,,2212825.0,,2231269.96,124897020.83,147286286.15,2212825.0,145073461.15,126645791.02,127128290.79,2229523.94,124416267.08,6.6,6.6,,,5.3,5.2,5.5,,4.4,,4.4,
3531506,0.753,0.69,0.843,0.733,0.46,0.07,2.13,14.48,38.24,15.13,10.11,765.11,218.82,2926.03,360.16,507.96,719.45,2019.56,0.36,75.56,1.6,12.8,14.85,42.02,94.4,84.25,639162.497,806993.239,958013.847,33768.09,44459.99,52780.22,571229.035,48168.399,53560.146,370222.627,99277.863,67933.463,2451,7,1182,4.0,66.0,31.0,91,35.0,27.0,84.0,496,54.0,37.0,3.0,84.0,1.0,37.0,,94,69.0,49,,6615,866,871,50.0,186.0,77.0,252.0,109.0,65.0,191.0,1950,207.0,126.0,4.0,750.0,3.0,59.0,,94.0,609.0,146,4263,866,83.0,44.0,110.0,45.0,131.0,55.0,9.0,81.0,1354,107.0,79.0,2.0,632.0,2.0,11.0,,41.0,523.0,88.0,2.3,177620,45977,2942.0,2401.0,2693.0,1284.0,4158.0,7243.0,185.0,2127.0,51527,3836.0,2707.0,132.0,30706.0,45.0,254.0,,967.0,15740.0,2696,134400198.82,9783851.93,124616346.89,20182358.41,19519467.32,631011.02,31880.07,1448722.4,2740896.22,,,10018521.9,117093175.66,910056.18,,,,5514707.61,,12508669.7,141828116.4,157908438.38,5514707.61,152393730.77,151992044.98,154336786.1,10164043.77,141828001.21,7.0,7.0,,,5.6,5.8,5.3,,4.5,,4.5,
3531605,0.741,0.709,0.814,0.706,0.38,0.45,4.25,14.68,29.6,17.43,6.79,646.15,199.18,1912.82,363.88,500.94,717.45,1453.89,0.25,73.81,1.88,16.6,19.24,45.63,93.74,81.52,128087.826,130920.37,161947.18,30746.0,31009.09,38357.93,122268.326,45649.683,4061.499,49311.349,23245.796,5819.5,1187,8,1048,2.0,2.0,3.0,3,1.0,,4.0,39,2.0,2.0,,7.0,,3.0,,28,7.0,28,,1469,350,801,11.0,2.0,3.0,14.0,2.0,,4.0,120,4.0,1.0,,23.0,,13.0,,15.0,10.0,96,673,350,149.0,,,,10.0,2.0,,,73,,,,15.0,,11.0,,3.0,1.0,59.0,1.5,24616,9954,4903.0,,,,1270.0,105.0,,,1942,,,,462.0,,313.0,,83.0,34.0,5550,43139251.16,1444064.24,41695186.92,2399865.46,2297340.63,102524.83,,1262561.03,1042442.66,,,1043373.08,38657731.95,584433.68,,,,1327477.63,,1883836.24,42314027.53,46317885.49,1327477.63,44990407.86,43591509.48,44197863.77,1745231.24,41846278.24,6.3,6.3,,,5.0,,5.0,,4.4,,4.4,
3531704,0.71,0.627,0.826,0.692,0.48,1.43,12.04,30.91,36.99,13.0,11.38,593.95,132.58,2197.33,253.43,409.9,600.73,1581.76,0.4,74.53,1.86,15.5,17.9,50.86,94.16,82.59,83030.469,90419.663,113890.985,17520.67,21851.05,27523.2,75691.989,4866.788,10007.29,36349.701,24468.21,7338.481,676,3,471,3.0,18.0,4.0,15,7.0,2.0,6.0,52,7.0,10.0,,9.0,1.0,2.0,,35,8.0,23,,1310,267,449,5.0,73.0,34.0,27.0,23.0,4.0,10.0,147,33.0,9.0,,119.0,5.0,4.0,,31.0,19.0,51,621,267,1.0,5.0,45.0,32.0,6.0,5.0,1.0,1.0,82,22.0,,,105.0,,,,13.0,13.0,23.0,1.9,22082,11499,39.0,518.0,1198.0,698.0,232.0,541.0,40.0,15.0,2497,47.0,12.0,,3209.0,,,,346.0,388.0,805,36885930.49,2266339.02,34619591.47,3848855.61,3692941.81,155913.8,,127674.16,880784.15,,,14347.59,38221031.07,180374.27,,,,521256.86,,5859177.93,35730332.16,43794323.71,521256.86,43273066.85,37039645.51,41589510.09,2266339.02,34773306.49,6.2,6.2,,,5.6,,5.6,,3.8,,3.8,
3531803,0.733,0.639,0.863,0.713,0.44,1.53,6.57,21.83,34.08,14.59,9.35,674.23,165.7,2297.94,326.0,488.65,715.5,1674.68,0.35,76.78,1.79,12.2,14.07,43.21,95.37,85.84,4317763.585,4751055.794,6049397.718,69972.02,73475.24,93554.14,3636786.048,88146.894,2105530.839,1150537.978,292570.338,680977.537,3468,9,844,16.0,128.0,38.0,241,57.0,74.0,165.0,740,305.0,64.0,2.0,224.0,9.0,66.0,,170,114.0,202,3264.0,20681,1962,701,132.0,590.0,76.0,2968.0,174.0,196.0,511.0,3037,1148.0,275.0,22.0,6875.0,34.0,121.0,,194.0,537.0,1128,16898,1962,60.0,118.0,446.0,28.0,2668.0,77.0,41.0,310.0,2141,781.0,200.0,22.0,6601.0,21.0,45.0,,62.0,406.0,909.0,2.9,915228,112760,3867.0,6155.0,13670.0,670.0,70268.0,7795.0,1048.0,9803.0,78514,32891.0,7476.0,1455.0,510661.0,810.0,2128.0,,2313.0,16572.0,36371,420653172.16,23451568.69,397201603.47,89292823.65,85852851.3,3439972.35,,20949098.77,14011265.96,,,34368.19,342144841.47,7160157.02,,275499.98,,8202893.01,,24325532.02,410234543.34,482070948.05,8478392.99,473592555.06,430707572.36,434560075.36,23664152.17,407043420.19,6.4,6.4,,,5.1,5.3,4.7,,4.5,,4.5,
3531902,0.712,0.604,0.836,0.716,0.45,1.14,4.91,20.32,36.29,14.88,9.76,687.37,177.77,2494.64,333.56,490.49,699.32,1741.61,0.36,75.15,2.2,14.5,16.79,43.03,94.5,83.51,1225918.089,1459845.059,1980195.494,36487.83,52262.38,70890.9,1118482.011,191536.341,293312.423,471700.131,161933.116,107436.078,3062,10,1807,4.0,69.0,21.0,43,30.0,24.0,86.0,433,50.0,40.0,3.0,62.0,1.0,18.0,,93,80.0,188,,10697,1129,1231,21.0,159.0,41.0,110.0,121.0,49.0,233.0,1569,370.0,155.0,6.0,3789.0,1.0,66.0,,112.0,639.0,896,8184,1129,145.0,7.0,94.0,15.0,61.0,85.0,6.0,126.0,1087,300.0,101.0,6.0,3718.0,,39.0,,37.0,533.0,695.0,2.5,383486,78044,10894.0,247.0,2169.0,462.0,1474.0,7068.0,119.0,3027.0,34671,4701.0,2652.0,304.0,188618.0,,1971.0,,992.0,15579.0,30494,237278076.65,7578924.56,229699152.09,38991999.6,33526725.31,5465274.29,,10511649.71,2798043.71,,,7431877.63,200168703.93,2171805.28,602636.66,29568.97,,3735573.84,,10947511.05,244619545.98,266441859.33,4367779.47,262074079.86,249914926.94,255567057.03,8308796.62,241606130.32,6.1,6.1,,,4.8,4.7,5.0,,4.4,5.2,3.9,
3532009,0.715,0.627,0.802,0.726,0.41,1.59,6.18,13.04,32.9,16.51,7.97,733.72,200.53,2414.23,405.02,547.91,762.0,1748.73,0.33,73.1,2.14,17.8,20.63,42.52,93.31,80.42,633323.989,708975.921,765640.893,45445.18,51419.78,55804.73,537561.641,27003.63,256012.463,186841.751,67703.797,95762.349,1202,8,463,6.0,43.0,12.0,73,17.0,26.0,38.0,212,45.0,13.0,2.0,82.0,9.0,15.0,,63,49.0,26,,5308,561,486,9.0,106.0,16.0,167.0,51.0,54.0,65.0,693,112.0,34.0,,2494.0,26.0,36.0,,65.0,113.0,220,3950,561,69.0,6.0,49.0,1.0,79.0,34.0,2.0,12.0,419,29.0,16.0,,2391.0,2.0,17.0,,23.0,49.0,191.0,2.0,148337,23043,2459.0,458.0,1122.0,38.0,2593.0,3716.0,32.0,364.0,13232,968.0,364.0,,87901.0,8.0,835.0,,834.0,1852.0,8517,84167427.86,6531442.22,77635985.64,11552553.19,8918264.37,1805903.34,828385.48,,2040547.73,,,,89141205.89,316356.78,,,,11796360.8,,8347801.31,83131890.38,114847024.39,11796360.8,103050663.59,89052966.65,91479691.69,6832902.07,82220064.58,6.3,6.3,,,5.0,5.0,,,5.2,,5.2,
3532058,0.741,0.691,0.859,0.685,0.45,11.23,14.99,25.84,31.17,12.29,10.15,567.17,65.76,1767.72,282.73,461.34,670.1,1352.94,0.36,76.51,1.83,12.5,14.49,41.16,95.23,85.47,120695.871,132075.421,171027.138,24983.62,32740.56,42396.42,114557.886,36173.631,14866.367,36679.589,26838.299,6137.986,665,6,536,1.0,4.0,3.0,12,4.0,,2.0,31,5.0,3.0,,25.0,1.0,4.0,,17,2.0,9,,1247,219,418,4.0,10.0,3.0,26.0,3.0,,5.0,90,55.0,3.0,,362.0,1.0,5.0,,4.0,,39,701,219,7.0,3.0,6.0,,12.0,,,2.0,44,47.0,,,333.0,,,,1.0,,27.0,2.2,30570,11542,260.0,100.0,157.0,,523.0,,,28.0,1341,1504.0,,,14377.0,,,,12.0,,726,34927515.21,950641.2,33976874.01,2499071.67,2107944.77,391126.9,,79334.93,793264.28,,,520964.3,40653172.83,10695.27,,,,,,1430967.4,35662484.92,44556503.28,,44556503.28,35885164.55,37093452.32,954391.2,34930773.35,7.1,7.1,,,5.3,5.3,,,4.5,,4.5,
3532108,0.726,0.643,0.847,0.703,0.43,2.45,6.3,22.23,32.92,15.02,8.77,636.47,153.5,2095.53,324.35,484.39,674.47,1546.51,0.33,75.84,1.96,13.5,15.6,47.08,94.88,84.51,88027.071,83672.316,113474.072,19453.5,22390.24,30365.02,84755.042,26037.347,2087.377,28329.257,28301.061,3272.029,1197,6,1029,,1.0,2.0,11,,,8.0,56,4.0,3.0,,8.0,,,,40,14.0,15,,1336,237,823,,2.0,2.0,15.0,,,10.0,121,6.0,3.0,,50.0,,,,14.0,28.0,25,377,237,,,1.0,,2.0,,,1.0,69,,,,39.0,,,,4.0,12.0,12.0,2.2,15414,10978,,,14.0,,39.0,,,61.0,1956,,,,1619.0,,,,53.0,289.0,404,39789943.69,1248839.87,38541103.82,3421107.52,3091214.57,329892.95,,279590.42,627972.46,,,587831.03,38767925.26,1784.94,,,,19560.0,,2218462.57,38839397.56,43705771.63,19560.0,43686211.63,40023999.7,41057860.13,1252705.97,38771293.73,6.4,6.4,,,5.4,,5.4,,5.5,,5.5,
3532157,0.714,0.702,0.79,0.655,0.35,0.42,5.19,29.08,26.99,18.95,5.7,472.28,169.32,1274.66,278.23,388.11,521.02,1008.3,0.21,72.41,2.44,19.0,22.04,49.06,92.87,79.33,142300.887,156852.432,189555.515,44261.55,58967.08,71261.47,129767.548,36995.988,2573.649,65532.617,24665.294,12533.339,497,5,416,,4.0,1.0,3,1.0,,2.0,33,1.0,2.0,1.0,4.0,1.0,,,14,2.0,7,,665,242,272,,7.0,1.0,5.0,,,2.0,100,1.0,3.0,3.0,8.0,,,,4.0,2.0,15,344,242,16.0,,3.0,,2.0,,,,68,,1.0,,4.0,,,,1.0,,7.0,2.4,15190,11878,251.0,,30.0,,34.0,,,,2548,,11.0,,153.0,,,,36.0,,250,33767601.0,1619655.15,32147945.85,2436325.37,2363151.05,73174.32,,,1565075.47,,,436791.51,40504170.95,183247.12,,,,,,1937519.35,34130466.65,45125610.42,,45125610.42,34701908.11,36067986.0,1882290.36,32819617.75,5.9,5.9,,,5.3,,5.3,,4.8,,4.8,
3532207,0.718,0.67,0.839,0.659,0.36,1.38,5.34,26.05,28.15,18.13,6.21,482.74,160.45,1358.78,277.06,387.62,535.34,1053.97,0.22,75.33,2.49,14.2,16.47,45.45,94.6,83.77,639075.516,741378.623,896056.601,129106.16,129770.46,156845.2,556049.976,36387.629,301693.831,176032.074,41936.442,83025.541,687,7,535,1.0,11.0,2.0,6,1.0,3.0,6.0,47,7.0,4.0,6.0,10.0,2.0,,,24,5.0,10,,4154,482,426,2.0,40.0,3.0,7.0,2.0,8.0,7.0,176,14.0,4.0,50.0,2856.0,45.0,,,10.0,5.0,17,3632,482,38.0,2.0,30.0,,2.0,2.0,2.0,,124,6.0,,39.0,2848.0,44.0,,,4.0,,9.0,2.3,154245,23606,1195.0,226.0,735.0,,44.0,12.0,57.0,,4166,72.0,,2247.0,119131.0,2471.0,,,78.0,11.0,194,63555272.36,5123999.16,58431273.2,7896030.23,7717441.95,178588.28,,4887.48,1029291.51,,,,68680698.49,79609.05,,4000.0,,3961884.07,,6720897.5,62825129.16,81656400.83,3965884.07,77690516.76,68157371.92,69546026.66,5859913.17,62297458.75,6.9,6.9,,,5.2,5.2,,,4.4,,4.4,
3532306,0.655,0.52,0.814,0.664,0.51,7.96,21.55,41.33,38.46,11.13,13.82,496.93,75.38,1911.3,201.28,327.88,528.74,1359.62,0.48,73.86,2.32,16.6,19.15,52.47,93.77,81.58,93391.138,120667.872,159424.698,14098.9,17240.73,22778.21,89416.317,14285.492,2820.599,35587.371,36722.854,3974.821,1401,5,1210,,10.0,9.0,14,3.0,2.0,13.0,64,11.0,8.0,1.0,11.0,2.0,3.0,,22,3.0,10,,2018,375,1199,,24.0,10.0,30.0,6.0,2.0,25.0,219,14.0,13.0,9.0,43.0,10.0,8.0,,14.0,4.0,13,688,375,101.0,,9.0,1.0,6.0,4.0,,2.0,135,2.0,2.0,9.0,26.0,4.0,5.0,,5.0,,2.0,2.0,25957,16054,3325.0,,201.0,36.0,115.0,291.0,,222.0,3613,61.0,33.0,413.0,1099.0,109.0,148.0,,74.0,,162,53776660.6,4833343.05,48943317.55,3538686.48,3366932.51,171753.97,,135636.59,1303518.15,,,8600.0,58494939.9,185979.17,,,,2143808.45,,6099858.67,49773335.03,65811168.74,2143808.45,63667360.29,54475879.82,55873193.7,4847723.05,49628156.77,6.1,6.1,,,4.8,,4.8,,4.3,,4.3,
3532405,0.678,0.559,0.818,0.681,0.45,2.59,9.79,29.24,35.34,14.66,9.64,554.18,137.61,1958.52,268.55,390.72,571.33,1404.57,0.34,74.08,1.98,16.2,18.74,46.71,93.9,81.92,465370.933,505080.919,595409.604,24667.18,27725.8,32684.28,412788.21,25909.522,87914.187,204046.836,94917.664,52582.723,1241,7,520,4.0,51.0,24.0,55,18.0,21.0,39.0,212,23.0,26.0,1.0,51.0,,7.0,,95,39.0,48,,4884,706,545,6.0,333.0,84.0,149.0,49.0,52.0,438.0,941,50.0,35.0,,1049.0,,22.0,,145.0,71.0,209,3503,706,18.0,5.0,261.0,46.0,88.0,16.0,1.0,377.0,705,14.0,8.0,,986.0,,17.0,,88.0,24.0,143.0,2.3,152448,33865,450.0,1037.0,6351.0,1296.0,2638.0,2187.0,22.0,19927.0,25224,389.0,189.0,,50312.0,,499.0,,3319.0,422.0,4320,118278475.78,7747329.29,110531146.49,28982618.58,26137852.69,1593295.84,1251470.05,,5157825.61,,,1028744.48,98901461.9,160943.51,,198310.95,,4243473.5,,10690619.69,118023874.32,138673378.53,4441784.45,134231594.08,120178847.65,128714494.01,7891380.33,112287467.32,6.4,6.4,6.6,,5.1,,5.1,,4.4,,4.4,
3532504,0.754,0.707,0.823,0.737,0.4,0.24,1.35,9.39,32.75,17.06,7.68,784.55,246.8,2569.27,422.43,579.02,783.13,1850.69,0.28,74.38,1.39,15.7,18.17,40.4,94.07,82.38,276247.695,312975.198,384591.644,30979.89,32298.78,39652.71,245823.992,36596.522,48014.711,123245.183,37967.576,30423.703,1763,9,1301,,7.0,9.0,31,10.0,25.0,34.0,162,25.0,5.0,,56.0,,7.0,,45,19.0,18,,3252,315,977,,10.0,13.0,62.0,24.0,98.0,55.0,458,123.0,41.0,,922.0,,8.0,,24.0,89.0,33,1706,315,21.0,,2.0,4.0,18.0,13.0,7.0,16.0,259,78.0,36.0,,855.0,,,,6.0,68.0,8.0,2.0,62365,14036,422.0,,65.0,117.0,439.0,1026.0,304.0,489.0,7277,3935.0,1019.0,,30113.0,,,,148.0,2638.0,335,59227169.89,994569.57,58232600.32,6697397.22,5977998.02,719399.2,,2684679.3,411698.99,,,1767917.17,51452944.49,1496016.31,,,,,650.21,994569.57,58695159.77,64511303.69,650.21,64510653.48,59689729.34,59689729.34,994569.57,58695159.77,7.7,7.7,,,5.6,,5.6,,4.5,,4.5,
3532603,0.751,0.672,0.835,0.755,0.49,1.4,3.64,15.25,41.41,13.93,11.89,878.42,200.79,3637.16,410.88,566.03,790.15,2371.3,0.42,75.08,1.46,13.5,15.66,40.53,94.12,83.56,367776.641,437104.509,507862.208,31773.36,44367.08,51549.15,342090.682,62082.018,49513.981,170199.328,60295.355,25685.959,3319,6,2795,3.0,15.0,11.0,20,10.0,6.0,42.0,194,11.0,17.0,1.0,37.0,1.0,7.0,,50,67.0,26,,4399,379,2039,10.0,69.0,28.0,220.0,47.0,9.0,83.0,638,84.0,111.0,36.0,183.0,,38.0,,34.0,321.0,70,1763,379,27.0,7.0,50.0,10.0,194.0,36.0,2.0,28.0,401,68.0,84.0,36.0,129.0,,33.0,,13.0,232.0,34.0,2.3,72509,28629,492.0,717.0,1399.0,218.0,3998.0,3415.0,53.0,739.0,12878,1562.0,2396.0,2135.0,3627.0,,1075.0,,315.0,7427.0,1435,62210089.78,3779772.53,58430317.25,13466058.95,11909436.52,1556622.43,,975187.89,794847.28,,,613898.3,60634148.58,203357.66,,584367.6,,7389664.35,,4512934.65,68286630.4,84661530.61,7974031.95,76687498.66,68597735.24,72799565.05,4158076.71,64439658.53,7.0,7.0,7.7,,5.6,,5.6,,4.8,,4.8,
3532702,0.713,0.636,0.814,0.701,0.37,0.67,5.13,15.71,28.06,17.59,6.38,628.33,195.01,1763.34,357.74,523.11,719.53,1359.56,0.24,73.81,2.22,16.6,19.24,40.88,93.74,81.51,95891.822,103610.376,146719.324,17820.45,21812.71,30888.28,90362.594,20239.587,7473.15,36311.104,26338.754,5529.228,854,8,674,4.0,7.0,1.0,8,2.0,,7.0,60,14.0,3.0,,9.0,,,,35,3.0,19,,1079,248,454,7.0,19.0,3.0,12.0,4.0,,12.0,155,44.0,2.0,,80.0,,,,9.0,3.0,27,479,248,7.0,3.0,11.0,1.0,4.0,4.0,,5.0,82,29.0,,,70.0,,,,2.0,1.0,12.0,2.1,19018,11730,630.0,181.0,247.0,23.0,69.0,439.0,,100.0,2127,797.0,,,2207.0,,,,34.0,22.0,412,33895342.82,2254129.45,31641213.37,2651581.11,2483567.09,168014.02,,,415375.75,,,,37486842.31,116223.76,,,,1036000.0,110973.75,2267036.0,32714435.02,41816996.68,1146973.75,40670022.93,34432848.19,34981471.02,2254429.43,32178418.76,8.3,8.3,,,6.4,,6.4,,5.7,,5.7,
3532801,0.738,0.684,0.826,0.71,0.38,1.22,2.33,16.06,30.04,17.35,6.92,662.48,198.66,1990.1,376.13,520.17,713.43,1504.94,0.26,74.56,1.93,15.4,17.84,47.05,94.18,82.65,325932.69,385749.554,361490.478,45514.97,57634.78,54010.23,300869.085,37295.395,70221.527,156228.924,37123.238,25063.606,1315,5,1005,1.0,15.0,4.0,27,1.0,5.0,14.0,107,11.0,5.0,1.0,46.0,,9.0,,27,9.0,23,,2942,400,738,2.0,17.0,4.0,79.0,5.0,12.0,34.0,378,32.0,15.0,,1149.0,,10.0,,10.0,15.0,42,1819,400,3.0,,2.0,,21.0,5.0,,15.0,242,14.0,6.0,,1087.0,,,,2.0,5.0,17.0,1.9,65833,16792,14.0,,47.0,,451.0,647.0,,619.0,6460,646.0,212.0,,39037.0,,23.0,,37.0,124.0,724,50986785.25,6734202.77,44252582.48,4394524.13,3377809.22,1016714.91,,379609.67,595938.88,,,1325111.96,52239536.56,52220.3,,,,,,6801011.09,44857940.15,58986941.5,,58986941.5,51494299.93,51658951.24,6798842.77,44695457.16,6.9,6.9,,,5.9,5.2,6.0,,5.1,,5.1,
3532827,0.651,0.577,0.799,0.598,0.47,7.39,28.12,57.07,36.56,13.61,10.74,330.03,76.05,1206.64,148.56,228.05,341.55,855.06,0.38,72.94,2.54,18.1,20.95,54.43,93.21,80.17,221079.28,229915.533,260753.457,22192.26,27058.44,30687.71,154771.966,22836.018,33543.707,47653.803,50738.438,66307.314,810,6,574,1.0,10.0,1.0,7,6.0,,10.0,77,12.0,11.0,1.0,18.0,15.0,3.0,,43,4.0,11,,2735,514,642,2.0,33.0,2.0,68.0,13.0,,11.0,273,9.0,12.0,,919.0,123.0,8.0,,17.0,3.0,86,1981,514,110.0,2.0,25.0,,60.0,,,1.0,182,1.0,2.0,,908.0,105.0,2.0,,5.0,,64.0,3.1,113124,27367,6330.0,197.0,902.0,,1397.0,,,354.0,4566,177.0,79.0,,65004.0,4692.0,73.0,,86.0,,1901,61997694.52,3803061.09,58194633.43,6160627.82,5652658.04,507969.78,,260292.4,2066659.36,,,,68746304.96,632590.35,,,,3284775.86,,6140123.05,60875460.98,81151250.75,3284775.86,77866474.89,64300876.49,67015584.03,4130643.18,60170233.31,6.3,6.3,,,4.7,4.7,,,4.5,,4.5,
3532843,0.715,0.675,0.806,0.673,0.34,2.12,6.17,22.14,24.23,18.43,5.26,526.58,161.76,1275.74,323.53,476.79,618.88,1050.15,0.21,73.33,1.52,17.4,20.17,45.79,93.45,80.78,46304.606,46089.509,57172.272,25386.3,22681.85,28135.96,44945.356,16904.183,2218.559,11890.548,13932.066,1359.249,1028,6,964,1.0,1.0,2.0,2,,,2.0,15,5.0,4.0,,1.0,1.0,,,15,4.0,5,,965,187,713,,1.0,2.0,3.0,,,4.0,31,6.0,3.0,,1.0,,,,5.0,4.0,5,209,187,,,,,,,,2.0,15,1.0,,,,,,,3.0,,1.0,2.3,9838,8912,,49.0,,,219.0,,,27.0,516,23.0,,,,,,,13.0,,78,30479900.79,2981072.18,27498828.61,1703086.69,1630126.59,72960.1,,1088316.09,600858.72,,,99761.88,29704122.5,196493.06,972415.9,98900.0,,1956060.46,,3501046.9,27747682.13,36420015.3,3027376.36,33392638.94,30534634.14,31248729.03,2981072.18,27553561.96,7.6,7.6,,,6.7,,6.7,,6.1,,6.1,
3532868,0.756,0.755,0.823,0.694,0.36,1.06,5.88,16.84,25.32,17.65,5.74,600.13,182.41,1519.39,347.26,501.16,701.53,1266.56,0.23,74.38,2.27,15.7,18.17,47.25,94.07,82.38,60664.975,63339.779,91227.505,47027.11,59641.98,85901.61,59211.374,31262.209,1547.828,11557.653,14843.684,1453.601,618,6,549,,2.0,1.0,3,1.0,,3.0,20,,3.0,,4.0,,1.0,,14,8.0,3,,685,142,345,,2.0,1.0,5.0,1.0,,3.0,56,,3.0,,110.0,,4.0,,5.0,6.0,2,284,142,,,,,,,,,34,,,,104.0,,3.0,,,,1.0,2.9,18071,10685,2.0,,,,,,,,685,,,,6489.0,,84.0,,,,127,30411776.83,538609.6,29873167.23,1617235.72,1592601.47,24634.25,,1331625.28,2085171.0,,,154939.81,30872371.21,584033.65,,,,663497.67,,870317.15,30454207.86,37308874.34,663497.67,36645376.67,30654410.38,31324525.01,540319.6,30114090.78,6.6,6.6,,,6.1,,6.1,,,,,
3532900,0.765,0.718,0.869,0.718,0.39,0.19,3.16,14.28,31.0,17.33,7.15,697.32,218.29,2161.57,385.95,542.13,746.58,1591.72,0.26,77.11,2.31,11.7,13.54,44.14,95.53,86.31,377460.822,430589.789,556399.529,32768.54,46245.28,59757.23,342127.547,22829.125,131313.678,124499.503,63485.241,35333.275,738,3,420,,25.0,7.0,15,4.0,7.0,28.0,100,14.0,7.0,1.0,10.0,,4.0,,45,24.0,24,,4233,506,704,,47.0,9.0,24.0,15.0,16.0,44.0,286,34.0,21.0,,2380.0,,4.0,,20.0,84.0,39,3611,506,419.0,,22.0,1.0,3.0,13.0,8.0,9.0,164,16.0,15.0,,2364.0,,,,4.0,58.0,9.0,2.3,160377,26524,13714.0,,385.0,26.0,89.0,1325.0,237.0,238.0,6817,459.0,427.0,,106171.0,,,,157.0,2413.0,1394,70087709.37,1215900.0,68871809.37,8541409.02,8110732.57,430676.45,,1079904.81,1329704.23,,,2506364.18,65876407.0,137952.16,,,,1389658.43,,3727933.93,71828437.51,80861399.83,1389658.43,79471741.4,72305774.74,75556371.44,1235910.0,71069864.74,6.8,6.8,,,5.5,5.5,,,4.4,,4.4,
3533007,0.739,0.68,0.818,0.727,0.44,1.16,4.14,15.39,35.51,15.23,9.32,737.29,199.14,2617.99,362.37,524.17,756.44,1853.97,0.35,74.05,2.03,16.2,18.78,43.33,93.88,81.88,512828.707,593529.631,732340.979,23447.89,30564.38,37712.6,477742.0,104377.926,34425.078,246278.236,92660.76,35086.707,2630,7,1886,5.0,28.0,12.0,27,20.0,14.0,51.0,256,28.0,22.0,3.0,64.0,3.0,7.0,,64,55.0,78,,5538,494,1860,13.0,66.0,24.0,111.0,68.0,23.0,115.0,1189,130.0,251.0,8.0,408.0,7.0,40.0,,58.0,189.0,484,3219,494,376.0,8.0,39.0,8.0,75.0,49.0,1.0,53.0,896,92.0,221.0,7.0,328.0,2.0,33.0,,24.0,117.0,396.0,2.2,128717,28881,17562.0,762.0,1038.0,203.0,2006.0,4782.0,19.0,2231.0,29098,3010.0,4582.0,539.0,11053.0,25.0,722.0,,623.0,3560.0,18022,102434043.47,2078954.01,100355089.46,14325527.99,12872007.95,1453520.04,,1111585.38,1015944.73,,,9111.06,101897699.4,149706.31,,,,2360123.87,,2189283.03,103269210.48,120869698.74,2360123.87,118509574.87,105275985.87,105458493.51,2140024.13,103135961.74,6.5,6.5,,,4.6,,4.6,,3.8,,3.8,
3533106,0.726,0.644,0.842,0.707,0.41,1.17,4.75,18.54,32.16,16.15,7.97,652.36,191.17,2098.31,335.68,489.41,678.02,1579.38,0.3,75.52,1.94,12.8,14.85,48.8,94.38,84.19,36774.792,38624.443,47451.061,15762.88,17914.86,22008.84,35305.646,3229.592,1933.131,14554.127,15588.795,1469.146,392,6,325,1.0,,1.0,2,1.0,1.0,2.0,20,1.0,,,,,1.0,,14,10.0,7,,527,194,235,,,1.0,3.0,2.0,4.0,3.0,49,2.0,,,,,4.0,,2.0,10.0,18,246,194,5.0,,,,1.0,2.0,,,27,,,,,,4.0,,1.0,,12.0,1.8,8689,6354,50.0,59.0,,,5.0,251.0,,,818,,,,,,160.0,,23.0,,969,29531844.48,2766111.61,26765732.87,1372205.19,1264560.58,107644.61,,578367.01,597358.75,,,,28617480.8,16308.64,,89800.0,,2257112.83,6586.32,4465824.17,27190061.71,33535219.54,2353499.15,31181720.39,29874326.39,31655885.88,2766111.61,27108214.78,7.5,7.5,,,6.3,,6.3,,4.6,,4.6,
3533205,0.735,0.711,0.827,0.675,0.36,1.25,4.29,22.57,27.9,18.36,6.08,533.68,173.91,1489.01,315.95,460.87,575.41,1146.32,0.21,74.63,2.19,15.3,17.72,46.79,94.22,82.75,213154.675,207948.953,285939.288,51548.89,45118.02,62039.33,195849.536,26717.58,82275.868,54787.476,32068.612,17305.139,623,11,451,,12.0,,9,2.0,1.0,3.0,52,5.0,1.0,3.0,17.0,1.0,1.0,,27,17.0,10,,2683,512,292,,44.0,,75.0,1.0,5.0,5.0,148,13.0,2.0,34.0,1425.0,,1.0,,11.0,16.0,99,2258,512,15.0,,33.0,,61.0,,,1.0,104,7.0,,23.0,1408.0,,,,4.0,2.0,88.0,3.4,137902,33018,573.0,,777.0,,4286.0,,,20.0,2933,81.0,,1884.0,92004.0,,,,47.0,43.0,2237,52845182.14,3701717.41,49143464.73,4171516.12,3872181.88,210882.87,88451.37,,645934.63,,,703793.49,57502001.14,45874.24,12074.69,,,444000.0,,4178377.6,50336109.18,63525194.31,456074.69,63069119.62,53521804.19,54514486.78,3713997.4,49807806.79,5.7,5.7,,,4.9,4.9,,,4.3,,4.3,
3533254,0.719,0.634,0.822,0.712,0.45,1.22,4.23,18.92,37.86,15.48,9.78,671.15,185.29,2541.14,334.16,478.19,642.74,1722.55,0.38,74.32,2.38,15.8,18.29,45.96,94.04,82.28,78660.446,81999.048,105506.875,12986.7,18585.46,23913.62,75754.46,16046.373,2314.801,27496.091,29897.195,2905.985,788,8,635,1.0,3.0,1.0,19,2.0,3.0,8.0,45,8.0,1.0,,5.0,,2.0,,15,8.0,24,,1046,328,416,2.0,8.0,1.0,24.0,3.0,5.0,11.0,128,13.0,1.0,,17.0,,1.0,,6.0,7.0,75,582,328,103.0,1.0,4.0,,2.0,,1.0,2.0,78,3.0,,,11.0,,,,2.0,,47.0,2.2,33728,14890,9587.0,32.0,48.0,,358.0,,19.0,41.0,2327,1.0,,,312.0,,12.0,,35.0,,6067,38593790.22,2219961.04,36373829.18,3210896.49,2971430.6,239465.89,,,518849.35,,,733028.1,40260969.92,226667.65,,,,4926181.13,,7112846.27,37449618.8,49876592.64,4926181.13,44950411.51,39675708.5,44562465.07,2332501.48,37343207.02,6.9,6.9,,,4.9,4.9,,,4.4,,4.4,
3533304,0.743,0.719,0.808,0.705,0.35,0.0,0.82,13.41,27.93,18.91,5.91,643.07,232.43,1796.35,375.67,519.93,698.63,1381.93,0.21,73.49,2.52,17.2,19.85,43.14,93.55,81.03,60213.767,59751.947,70079.78,14278.82,21061.67,24702.07,58434.092,10945.748,2796.63,22923.67,21768.044,1779.675,432,7,315,2.0,6.0,2.0,5,3.0,,10.0,37,2.0,5.0,,4.0,,3.0,,16,9.0,6,,629,194,249,2.0,6.0,2.0,10.0,3.0,,29.0,79,3.0,5.0,,4.0,,16.0,,8.0,9.0,10,275,194,6.0,1.0,,,4.0,1.0,,17.0,32,1.0,,,,,13.0,,2.0,,4.0,2.3,11969,9423,412.0,99.0,,,254.0,91.0,,535.0,809,23.0,,,,,162.0,,33.0,,129,34657616.64,533078.47,34124538.17,2247104.95,1946657.06,300447.89,,1375759.61,429359.22,,,,32695374.74,20044.76,,,,1198711.71,,866960.54,34903867.73,37966354.99,1198711.71,36767643.28,35137896.29,35770828.27,589646.87,34548249.42,7.2,7.2,,,5.7,,5.7,,5.0,,5.0,
3533403,0.791,0.762,0.861,0.755,0.41,0.3,1.54,9.05,32.1,16.53,7.77,878.14,256.45,2819.13,469.27,649.66,935.54,2087.99,0.29,76.68,1.36,11.3,13.11,38.09,95.01,85.81,4020494.254,4620501.035,5613296.888,65145.09,74501.38,90509.31,3318876.101,11171.611,1199729.416,1791037.4,316937.673,701618.153,3851,13,179,14.0,169.0,41.0,359,109.0,96.0,275.0,1100,211.0,100.0,4.0,529.0,2.0,103.0,,241,147.0,159,3723.0,29040,1691,158,462.0,646.0,135.0,2534.0,314.0,223.0,591.0,5261,1397.0,530.0,1.0,12636.0,56.0,167.0,,422.0,343.0,1473,24436,1691,22.0,437.0,457.0,80.0,2139.0,113.0,60.0,238.0,3961,1107.0,407.0,,11935.0,46.0,49.0,,206.0,183.0,1305.0,2.6,1154399,111489,1091.0,22299.0,12928.0,2257.0,68111.0,10357.0,1724.0,11805.0,152325,46871.0,17748.0,,616480.0,668.0,2836.0,,6503.0,6167.0,62739,325699474.06,17825217.99,307874256.07,121903003.9,113064968.98,8732496.18,105538.74,13.76,1431171.41,,,285.6,279374709.1,7387802.74,,118.51,,14146716.79,,19750089.71,352750059.91,424243821.81,14146835.3,410096986.51,360778821.91,372500149.62,18528853.43,342249968.48,6.6,6.6,,,5.8,,5.8,,5.0,,5.0,
3533502,0.753,0.665,0.865,0.741,0.45,2.13,4.37,14.94,36.02,15.12,9.53,806.75,197.51,2905.88,412.31,570.59,794.94,2058.59,0.37,76.92,2.04,12.0,13.84,43.38,95.44,86.04,1585955.121,1821681.962,2313783.253,37973.31,47533.71,60374.26,1403619.894,158112.501,173155.441,883338.783,189013.168,182335.227,6081,13,3762,5.0,154.0,44.0,132,55.0,65.0,128.0,799,78.0,72.0,7.0,141.0,,34.0,,145,202.0,245,,15591,1096,5301,27.0,408.0,263.0,413.0,192.0,138.0,305.0,3024,212.0,397.0,89.0,1776.0,,75.0,,354.0,973.0,548,10086,1096,2808.0,24.0,228.0,205.0,254.0,83.0,5.0,133.0,2027,104.0,285.0,64.0,1579.0,,26.0,,241.0,699.0,225.0,2.4,478193,68116,152536.0,2824.0,5870.0,14490.0,7393.0,7923.0,161.0,3568.0,60366,3432.0,11013.0,4310.0,89078.0,,763.0,,4183.0,27227.0,14939,233391097.68,13295839.2,220095258.48,39674499.56,38670009.29,1000386.56,4103.71,1049.41,5284772.4,,,510951.31,219194971.41,4073884.05,2193319.12,1692804.44,,6289967.79,,18227428.14,239843185.38,278916219.49,10176091.35,268740128.14,239491407.09,258070613.52,13774357.07,225717050.02,6.9,6.9,,,5.7,5.8,4.9,,5.0,,5.0,
3533601,0.746,0.656,0.866,0.73,0.45,0.44,3.84,15.92,36.48,15.21,9.59,751.92,201.1,2742.83,370.66,536.99,736.72,1912.95,0.35,76.94,1.86,11.9,13.8,41.88,95.45,86.07,868091.613,1003708.836,1235536.788,115407.02,135801.49,167167.74,763501.571,76782.636,323151.75,317397.031,46170.153,104590.042,1583,6,1107,,37.0,7.0,18,9.0,3.0,24.0,161,23.0,13.0,3.0,20.0,,7.0,,25,30.0,90,,4852,417,872,,75.0,8.0,144.0,22.0,8.0,51.0,413,47.0,27.0,,2353.0,,7.0,,22.0,99.0,287,3719,417,215.0,,40.0,,127.0,16.0,5.0,23.0,243,20.0,10.0,,2331.0,,3.0,,8.0,68.0,193.0,2.0,148102,22108,8910.0,,820.0,,5757.0,1381.0,37.0,771.0,8719,360.0,267.0,,84228.0,,26.0,,181.0,2275.0,12260,66851630.0,5135808.71,61715821.29,9242451.39,8882969.19,357797.41,1684.79,421880.38,904538.25,,,2894455.03,63783523.96,651455.73,,,,2175828.49,,6138926.18,63616735.68,80074133.23,2175828.49,77898304.74,67779691.05,69755661.86,5251382.27,62528308.78,6.7,6.7,,,5.8,5.8,,,5.0,,5.0,
3533700,0.717,0.653,0.83,0.679,0.39,0.77,2.34,23.19,31.01,17.2,7.21,547.66,177.65,1698.16,293.47,422.07,566.3,1264.59,0.25,74.81,2.24,15.0,17.39,47.05,94.32,83.01,141366.238,128930.226,163910.353,32921.81,29769.16,37845.84,135190.034,57667.146,8462.643,42198.121,26862.123,6176.204,902,5,736,1.0,6.0,2.0,4,10.0,6.0,6.0,71,7.0,4.0,2.0,15.0,1.0,1.0,,12,9.0,4,,1250,296,540,1.0,27.0,2.0,7.0,31.0,22.0,7.0,192,10.0,5.0,8.0,79.0,3.0,1.0,,3.0,7.0,9,525,296,25.0,,20.0,,,11.0,1.0,,100,,1.0,8.0,56.0,,,,1.0,,6.0,2.0,19939,11485,647.0,7.0,616.0,,,1044.0,25.0,,3412,28.0,5.0,563.0,1835.0,,,,22.0,,249,38047220.04,938649.01,37108571.03,3858830.91,3602091.62,256739.29,,242139.72,434334.11,,,711702.16,39977959.23,44200.74,,,,469326.73,,1324763.01,38344177.75,45738493.6,469326.73,45269166.87,39005314.11,39668940.76,1309644.01,37695670.1,6.5,6.5,,,5.1,,5.1,,4.2,,4.2,
3533809,0.73,0.637,0.858,0.713,0.43,1.59,7.11,19.99,33.16,15.28,8.68,676.94,173.43,2244.49,343.89,512.91,719.92,1627.84,0.32,76.46,2.34,12.6,14.58,49.92,95.2,85.39,128271.549,121966.034,143211.547,52419.92,48611.41,57010.97,125811.763,82106.15,5390.92,20951.629,17363.064,2459.786,930,8,858,1.0,1.0,2.0,3,1.0,2.0,5.0,23,2.0,2.0,,1.0,,2.0,,9,2.0,8,,875,182,591,1.0,3.0,3.0,5.0,,6.0,5.0,51,3.0,3.0,,1.0,,2.0,,3.0,2.0,14,220,182,3.0,,2.0,,1.0,,,,23,1.0,,,,,,,2.0,,6.0,2.3,9671,8805,95.0,,28.0,,21.0,,,,461,16.0,,,5.0,,,,20.0,,219,33278022.13,2621139.61,30656882.52,1373874.93,1359259.55,14615.38,,,594361.66,,,135252.43,33601119.42,226295.27,,,,525215.31,,2621139.61,30656882.52,36456119.02,525215.31,35930903.71,33278022.13,33278022.13,2621139.61,30656882.52,7.5,7.5,,,5.7,,5.7,,4.9,,4.9,
3533908,0.773,0.724,0.867,0.737,0.43,0.72,3.64,14.01,34.41,15.58,8.84,783.14,212.96,2695.16,396.94,555.28,786.15,1938.47,0.33,77.02,1.69,10.9,12.64,42.72,95.2,86.28,2551144.674,3126540.557,3569675.501,45985.63,56768.78,64815.98,2264211.369,117750.639,648285.981,1232950.114,265224.635,286933.306,6992,11,3048,14.0,454.0,85.0,462,129.0,111.0,378.0,1131,171.0,106.0,4.0,233.0,2.0,62.0,,236,237.0,118,5858.0,25756,1694,2002,99.0,2641.0,1160.0,2315.0,450.0,308.0,891.0,4973,740.0,554.0,30.0,5757.0,4.0,179.0,,468.0,1055.0,436,18998,1694,158.0,83.0,2116.0,1055.0,1713.0,178.0,131.0,392.0,3631,515.0,443.0,22.0,5436.0,1.0,106.0,,287.0,737.0,300.0,2.6,913398,114621,9925.0,1277.0,65830.0,43759.0,50925.0,12963.0,4274.0,10420.0,126247,12832.0,14221.0,1374.0,390276.0,27.0,3722.0,,9361.0,25977.0,15366,430768911.94,28683972.5,402084939.44,128420341.65,112664843.43,15755498.22,,17457444.44,23104488.8,,,1425809.36,273599851.6,6677504.29,,16553211.96,,5205413.13,,37082464.34,421090349.1,472444065.23,21758625.09,450685440.14,434304379.84,458172813.44,28699875.45,405604504.39,7.3,7.3,,,6.0,,6.0,,5.2,,5.2,
3534005,0.738,0.671,0.863,0.693,0.34,0.07,2.17,12.26,27.59,19.62,5.62,597.67,229.65,1648.81,356.63,483.66,650.23,1263.64,0.2,76.78,2.02,12.1,14.03,44.93,95.37,85.85,205635.802,247119.316,370589.412,46086.02,51796.13,77675.42,188200.811,43061.136,22135.5,95642.824,27361.351,17434.99,689,5,516,7.0,9.0,4.0,10,3.0,2.0,11.0,42,6.0,9.0,,17.0,1.0,4.0,,22,5.0,16,,3211,316,833,109.0,47.0,4.0,17.0,4.0,2.0,13.0,305,13.0,80.0,,1421.0,,3.0,,7.0,6.0,31,2674,316,452.0,104.0,34.0,,6.0,,,,259,8.0,69.0,,1407.0,,,,2.0,2.0,15.0,2.8,128552,16683,14368.0,6495.0,714.0,,168.0,,,34.0,8967,421.0,773.0,,78926.0,,,,81.0,46.0,878,48945423.47,1359392.67,47586030.8,7114268.06,6975795.69,102030.02,36442.35,1787839.05,5498129.19,,,,47419302.19,89097.24,,,,585239.5,,1896648.23,49432260.91,62493875.23,585239.5,61908635.73,50756083.06,51328909.14,1568626.95,49187456.11,6.9,6.9,,,4.7,,4.7,,4.5,,4.5,
3534104,0.77,0.761,0.837,0.717,0.44,0.9,5.57,19.5,35.19,14.95,9.41,694.16,182.46,2442.89,336.54,496.16,709.45,1731.23,0.35,75.22,1.48,14.4,16.66,44.42,94.55,83.62,129763.028,148156.988,194078.729,19753.85,24347.9,31894.61,110954.322,16499.305,13730.43,48832.505,31892.082,18808.706,787,6,467,2.0,14.0,4.0,15,7.0,5.0,17.0,117,11.0,6.0,,37.0,,9.0,,37,15.0,18,,1643,345,310,3.0,19.0,4.0,32.0,18.0,10.0,30.0,353,16.0,6.0,,314.0,,11.0,,14.0,28.0,130,1002,345,5.0,3.0,5.0,,13.0,8.0,6.0,6.0,210,3.0,,,268.0,,2.0,,4.0,16.0,108.0,2.5,45755,13340,406.0,387.0,174.0,,415.0,980.0,557.0,123.0,6727,82.0,,,11766.0,,89.0,,117.0,321.0,10271,42545080.11,2262225.66,40282854.45,4838407.91,4575483.28,262924.63,,,575009.54,,,,41842355.33,24313.23,,50400.0,,1420736.04,,2616151.44,40711602.9,48751222.05,1471136.04,47280086.01,42731957.93,43327754.34,2262225.66,40469732.27,7.0,7.0,,,5.3,,5.3,,4.2,,4.2,
3534203,0.767,0.762,0.824,0.719,0.38,0.14,1.45,11.21,30.23,18.45,6.55,699.63,241.02,2114.78,404.54,529.52,739.62,1585.21,0.24,74.42,2.13,15.6,18.09,41.49,94.1,82.44,640841.175,697765.661,830370.242,87570.54,115830.95,137843.67,552649.612,40120.139,247543.221,222996.126,41990.126,88191.564,883,9,633,3.0,26.0,5.0,21,5.0,1.0,13.0,66,15.0,3.0,,15.0,2.0,3.0,,28,24.0,11,,3594,384,1109,6.0,70.0,6.0,37.0,4.0,1.0,28.0,204,39.0,17.0,,1602.0,3.0,14.0,,26.0,31.0,13,2940,384,715.0,1.0,43.0,,13.0,1.0,,14.0,132,20.0,3.0,,1585.0,,9.0,,9.0,8.0,3.0,3.5,215535,20426,27997.0,104.0,992.0,,606.0,63.0,18.0,501.0,3658,1854.0,108.0,,157470.0,50.0,220.0,,809.0,469.0,190,70258097.21,8004236.38,62253860.83,9597297.72,8972815.84,624481.88,,2556513.44,8264463.64,,,,61900416.95,2192114.2,,403919.0,,937500.0,,8364164.1,62515373.82,85852224.95,1341419.0,84510805.95,70451306.24,70879537.92,8054719.1,62396587.14,6.8,6.8,,,5.5,5.5,,,4.6,,4.6,
3534302,0.78,0.703,0.882,0.765,0.5,0.84,3.96,13.23,41.4,13.46,12.31,934.54,212.03,3868.55,416.73,587.76,853.35,2604.72,0.45,77.89,1.58,8.93,10.36,40.26,95.55,86.34,2579406.068,2864547.039,3247647.904,57728.08,74755.27,84752.94,2248660.095,47661.656,974741.561,1017692.765,208564.113,330745.973,3097,8,554,6.0,137.0,36.0,174,77.0,49.0,184.0,911,128.0,89.0,3.0,134.0,,56.0,,111,241.0,199,,17714,1406,1412,68.0,513.0,114.0,789.0,430.0,122.0,397.0,3512,1324.0,516.0,8.0,4449.0,,132.0,,179.0,896.0,1447,14029,1406,921.0,61.0,372.0,65.0,580.0,267.0,11.0,159.0,2389,1163.0,397.0,8.0,4286.0,,65.0,,99.0,570.0,1210.0,3.0,752483,107804,51727.0,2607.0,10294.0,1579.0,27094.0,18347.0,272.0,4902.0,77582,39815.0,18306.0,556.0,302330.0,,1188.0,,3141.0,20492.0,64448,315532258.45,13366984.97,302165273.48,64448033.25,56932227.98,5941056.74,1574748.53,14631041.39,6100565.19,,,1053.77,211441040.84,12049149.93,,170341.0,,2042139.55,,15923240.04,316435361.26,310883364.92,2212480.55,308670884.37,319827776.24,332358601.3,14041367.24,305786409.0,6.1,6.1,,,5.1,5.1,,,4.5,,4.5,
3534401,0.776,0.718,0.84,0.776,0.53,1.5,4.8,16.13,42.21,11.41,14.79,1003.4,188.86,4235.07,383.72,600.49,955.9,2907.49,0.51,75.42,1.75,13.36,15.5,39.97,94.53,83.58,86111259.991,112145798.194,119404052.763,122765.64,150848.76,163878.12,66916873.54,1392.36,4963982.431,58664575.895,3286922.853,19194386.451,43514,32,30,78.0,1994.0,487.0,4881,6473.0,790.0,3434.0,11298,2158.0,1063.0,13.0,1606.0,3.0,2590.0,,2429,2233.0,1922,41848.0,269545,18149,134,1031.0,9294.0,1386.0,24813.0,20584.0,1871.0,9337.0,63938,8996.0,13059.0,9.0,18176.0,1.0,15688.0,,4956.0,13213.0,44910,223816,18147,85.0,953.0,6965.0,735.0,19537.0,18769.0,559.0,5035.0,50717,6444.0,11698.0,,16060.0,,12468.0,,2504.0,10286.0,42854.0,3.9,15810125,1482313,5853.0,55572.0,201225.0,19370.0,619667.0,2777085.0,21036.0,267596.0,2747003,248371.0,621756.0,,1040335.0,,1520271.0,,88374.0,404655.0,3689643,5127579900.55,477156584.7,4650423315.85,2968907507.29,2846057971.7,122849535.59,,183116256.64,178170840.5,,,11836396.47,1948372731.03,91847803.7,149950669.65,638508.5,,5840468.26,,560034628.11,5031515402.2,5538681182.04,156429646.41,5382251535.63,5263472493.74,5591550030.31,481810771.98,4781661721.76,6.3,6.3,,,4.9,,4.9,,4.3,,4.3,
3534500,0.749,0.715,0.823,0.713,0.45,0.77,5.09,20.98,37.02,15.06,9.83,675.35,185.28,2499.86,323.17,468.17,650.18,1766.95,0.34,74.36,1.34,15.7,18.21,45.55,94.06,82.34,112881.755,104638.356,123399.289,43366.02,42363.71,49959.23,107571.232,42618.299,13757.006,32686.322,18509.605,5310.523,843,3,703,2.0,7.0,5.0,6,2.0,1.0,12.0,50,7.0,3.0,,11.0,,1.0,,17,7.0,6,,1103,269,533,1.0,10.0,6.0,11.0,5.0,1.0,18.0,121,6.0,2.0,,92.0,,1.0,,8.0,6.0,13,431,269,4.0,1.0,2.0,,1.0,3.0,,1.0,63,,,,80.0,,,,1.0,,6.0,2.0,16366,10683,268.0,42.0,48.0,,,294.0,,72.0,1972,,,,2767.0,,,,22.0,,199,32003478.97,2154241.88,29849237.09,2409139.67,2339221.92,69917.75,,168312.97,726923.92,,,128920.05,34612642.49,62128.14,,,,555299.43,,2404967.33,31370177.16,38663366.67,555299.43,38108067.24,32577017.9,33775144.49,2234413.51,30342604.39,8.2,8.2,,,6.4,6.4,,,5.2,,5.2,
3534609,0.762,0.713,0.837,0.74,0.46,0.76,4.46,15.91,36.25,14.65,9.9,797.55,202.43,2890.98,381.61,534.63,788.16,2087.33,0.36,75.22,1.49,14.4,16.66,43.63,94.55,83.62,1087489.589,1231458.434,1615247.661,32836.81,39378.95,51651.56,965699.784,41703.545,266870.776,525322.959,131802.504,121789.805,3478,12,1530,4.0,84.0,28.0,126,57.0,44.0,129.0,636,55.0,43.0,3.0,120.0,,41.0,,132,153.0,281,,12128,1326,1175,39.0,304.0,102.0,548.0,180.0,110.0,291.0,2630,195.0,394.0,57.0,2281.0,,133.0,,488.0,738.0,1137,8516,1326,11.0,36.0,214.0,41.0,404.0,83.0,25.0,125.0,1853,109.0,341.0,47.0,2127.0,,73.0,,388.0,535.0,778.0,1.9,313304,63251,722.0,2652.0,5011.0,1021.0,8305.0,7182.0,1191.0,3265.0,62700,5105.0,18256.0,2458.0,71493.0,,2155.0,,7798.0,17410.0,33329,143934151.65,4361978.06,139572173.59,26157515.2,23288187.47,2866845.22,2482.51,2819901.8,2353612.38,,,52539.3,130779300.77,985850.9,,61870.08,,4038525.07,,7689512.68,139572173.59,167249115.5,4100395.15,163148720.35,143934151.65,147261686.27,4361978.06,139572173.59,6.1,6.1,,,5.4,,5.4,,5.2,,5.2,
3534708,0.778,0.727,0.859,0.753,0.5,0.68,3.75,16.48,40.99,13.02,12.6,868.91,197.53,3561.88,368.02,538.08,809.75,2432.15,0.44,76.53,1.74,11.5,13.34,43.42,94.94,85.61,3961570.958,4463317.19,4902761.91,34406.86,42928.89,47155.54,3552743.949,53262.239,579223.711,2399698.474,520559.525,408827.009,6843,12,795,9.0,292.0,83.0,489,161.0,162.0,471.0,2158,297.0,184.0,4.0,362.0,12.0,138.0,,341,521.0,352,6426.0,38465,3167,556,430.0,1493.0,244.0,2292.0,781.0,580.0,1000.0,10043,1089.0,3881.0,69.0,6103.0,27.0,775.0,,724.0,3364.0,1847,30467,3167,13.0,420.0,1128.0,140.0,1726.0,450.0,277.0,387.0,7534,731.0,3638.0,65.0,5600.0,13.0,610.0,,443.0,2642.0,1483.0,2.4,1333084,221120,1062.0,13877.0,33802.0,5246.0,50324.0,31895.0,15056.0,13588.0,278842,26030.0,198721.0,3943.0,254295.0,719.0,15747.0,,13545.0,97862.0,57410,765966341.02,48749779.39,717216561.63,174872644.26,154275911.97,20446725.63,150006.66,27793194.52,9113643.08,,,4821494.02,463725895.18,12754882.33,3500000.0,,,15756474.91,,53376634.45,738905946.8,712338228.3,19256474.91,693081753.39,789223576.95,792282581.25,51312588.36,737910988.59,6.7,6.6,6.8,,5.3,5.2,5.3,,4.6,,4.6,
3534757,0.77,0.736,0.866,0.717,0.43,0.27,4.06,17.14,34.08,15.82,8.62,694.33,199.19,2366.05,349.89,489.87,714.19,1716.95,0.32,76.93,1.98,11.9,13.8,42.13,95.44,86.05,548740.254,608635.932,670735.495,51226.69,59125.31,65157.91,496933.562,44081.51,191542.515,184148.166,77161.37,51806.692,1450,6,944,3.0,29.0,8.0,16,10.0,13.0,37.0,195,29.0,12.0,10.0,28.0,,11.0,,38,40.0,21,,3924,575,717,7.0,84.0,11.0,36.0,39.0,23.0,67.0,779,307.0,21.0,61.0,854.0,,15.0,,17.0,130.0,181,2650,575,6.0,4.0,54.0,1.0,16.0,32.0,1.0,24.0,555,254.0,8.0,31.0,827.0,,5.0,,5.0,91.0,161.0,2.8,154907,38969,276.0,303.0,1206.0,16.0,514.0,3347.0,48.0,601.0,15315,7378.0,142.0,6001.0,52034.0,,157.0,,118.0,3364.0,25117,113624393.65,4702567.18,108921826.47,21947399.39,20379271.12,1568128.27,,5859496.67,8066463.88,,,98378.58,101291920.77,1630369.16,,234890.0,,1157536.98,,7952676.67,111116866.93,140286455.43,1392426.98,138894028.45,117085195.5,119069543.6,6861119.18,110224076.32,7.3,7.3,,,5.6,6.3,5.5,,4.7,,4.7,
3534807,0.692,0.612,0.814,0.666,0.39,1.44,9.18,26.47,30.1,16.99,7.08,504.63,145.1,1518.86,283.69,393.53,544.31,1157.77,0.27,73.81,2.22,16.6,19.24,49.17,93.74,81.52,134985.78,143472.239,186891.202,15558.53,18443.53,24025.09,129986.487,31819.0,4093.279,50970.587,43103.621,4999.293,888,6,659,1.0,6.0,2.0,9,1.0,1.0,9.0,78,14.0,10.0,,15.0,,4.0,,38,11.0,24,,1510,359,564,3.0,20.0,2.0,28.0,8.0,,18.0,257,44.0,14.0,,88.0,,8.0,,22.0,17.0,58,824,359,105.0,,14.0,,10.0,8.0,,6.0,172,30.0,5.0,,66.0,,3.0,,7.0,10.0,29.0,2.0,31554,16879,2588.0,,327.0,,404.0,693.0,,160.0,4702,954.0,102.0,,1592.0,,167.0,,173.0,208.0,2606,50000451.67,2570756.61,47429695.06,3323880.51,3137216.4,186664.11,,222535.3,603968.24,,,1450977.04,50718586.35,370182.75,,,,2954287.46,,3930775.0,47973463.29,59644417.65,2954287.46,56690130.19,50251342.9,51904238.29,2570756.61,47680586.29,7.0,7.0,,,5.6,5.6,,,5.1,,5.1,
3534906,0.725,0.631,0.843,0.717,0.45,1.54,5.12,22.55,35.74,14.28,10.01,694.16,168.19,2481.06,327.48,503.14,695.57,1779.01,0.37,75.6,1.83,13.8,16.01,47.91,94.75,84.17,217694.932,244521.625,285243.693,15195.79,16436.22,19173.47,207092.635,36833.352,5199.552,100087.422,64972.309,10602.298,2169,10,1607,1.0,24.0,12.0,50,9.0,3.0,93.0,147,5.0,9.0,2.0,14.0,1.0,6.0,,38,68.0,70,,3848,1168,1186,10.0,55.0,16.0,126.0,39.0,6.0,215.0,583,5.0,47.0,11.0,71.0,1.0,10.0,,49.0,115.0,135,2012,1168,91.0,,23.0,3.0,29.0,17.0,,61.0,389,,34.0,9.0,47.0,,6.0,,29.0,41.0,65.0,3.0,111579,84462,5144.0,,364.0,30.0,622.0,1390.0,,1225.0,11506,,749.0,505.0,1133.0,,293.0,,961.0,969.0,2226,66353419.78,6007725.16,60345694.62,7927105.08,7302003.76,178485.51,446615.81,699154.48,1287686.83,,,1926636.88,67467253.81,165031.31,,,,3464425.0,,6236680.01,65362446.96,82937293.39,3464425.0,79472868.39,69936059.1,71599126.97,6068187.33,63867871.77,6.7,6.7,,,5.3,,5.3,,4.2,,4.2,
3535002,0.732,0.645,0.848,0.717,0.4,0.42,3.44,14.58,31.49,17.13,7.35,692.43,214.53,2180.37,378.69,519.33,720.77,1628.26,0.27,75.88,1.61,13.4,15.54,43.54,94.9,84.57,420419.963,466894.631,603348.105,31646.21,40684.44,52574.77,389152.818,100213.296,96730.214,129659.472,62549.836,31267.145,2784,4,2453,1.0,10.0,7.0,20,12.0,5.0,19.0,124,14.0,5.0,4.0,16.0,1.0,12.0,,40,24.0,13,,5168,446,3094,21.0,57.0,11.0,70.0,36.0,9.0,36.0,423,67.0,13.0,2.0,652.0,1.0,36.0,,18.0,47.0,129,2980,446,1267.0,19.0,51.0,2.0,39.0,21.0,2.0,6.0,274,51.0,3.0,,634.0,,26.0,,5.0,17.0,117.0,2.6,156940,24225,81798.0,753.0,1790.0,57.0,1668.0,1968.0,44.0,143.0,8208,3103.0,112.0,,26516.0,,313.0,,124.0,413.0,5705,87505238.21,3150683.45,84354554.76,13107730.05,11263078.98,730114.3,1114536.77,,533280.82,,,446432.23,88249314.05,85334.76,,,,129889.54,396000.0,7659425.26,85148213.54,102947981.45,525889.54,102422091.91,88075100.62,92807638.8,3190941.74,84884158.88,6.6,6.6,,,5.8,5.8,,,4.8,,4.8,
3535101,0.722,0.645,0.837,0.698,0.34,0.16,1.33,13.74,25.72,19.31,5.33,615.01,222.45,1581.61,371.4,507.72,712.5,1259.59,0.19,75.21,2.12,14.4,16.68,39.04,94.54,83.61,136418.658,158111.198,209646.424,9964.11,16384.58,21725.02,130468.053,11179.501,7223.137,59052.639,53012.775,5950.606,500,8,183,3.0,32.0,5.0,27,8.0,2.0,20.0,111,6.0,9.0,,13.0,,7.0,,30,16.0,20,,1462,379,255,6.0,72.0,5.0,139.0,20.0,3.0,34.0,365,10.0,17.0,,38.0,,13.0,,12.0,44.0,50,988,379,123.0,5.0,39.0,,105.0,10.0,,14.0,234,2.0,5.0,,22.0,,4.0,,2.0,20.0,24.0,1.5,30773,14636,3723.0,326.0,908.0,4.0,382.0,604.0,,629.0,6698,29.0,64.0,,529.0,,96.0,,47.0,372.0,1727,52502123.8,3437476.57,49064647.23,3497152.79,3127212.3,369940.49,,307727.18,862463.09,,,,56739319.16,159559.64,,75462.63,,317028.88,,3793652.82,51908835.32,61958713.37,392491.51,61566221.86,55380644.75,55702488.14,3493326.01,51887318.74,6.9,6.9,,,6.8,,6.8,,5.5,,5.5,
3535200,0.753,0.714,0.829,0.72,0.42,0.67,4.02,14.78,34.65,16.54,8.38,707.38,203.55,2451.11,381.45,512.83,696.89,1740.35,0.31,74.76,1.67,15.1,17.49,46.21,94.29,82.94,215050.397,231467.952,308863.583,23443.85,25998.87,34692.08,205675.65,60534.637,12975.983,94049.741,38115.289,9374.748,2885,5,2453,2.0,12.0,7.0,26,7.0,4.0,36.0,191,8.0,9.0,1.0,18.0,1.0,8.0,,35,46.0,16,,3372,334,1814,3.0,30.0,8.0,69.0,39.0,7.0,89.0,625,42.0,21.0,5.0,54.0,1.0,15.0,,55.0,111.0,50,1033,334,,3.0,16.0,,31.0,34.0,,33.0,390,22.0,5.0,5.0,33.0,,7.0,,31.0,58.0,31.0,1.9,37093,14613,,485.0,416.0,,681.0,3243.0,,766.0,10524,1155.0,160.0,327.0,741.0,,343.0,,885.0,1683.0,1070,55136003.18,2312557.75,52823445.43,5529310.71,4587262.66,942048.05,,1885689.82,1051841.45,,,110799.0,50277432.59,26731.58,,682650.0,,3129171.0,,4640603.25,54437203.54,62693626.15,3811821.0,58881805.15,56624586.82,59077806.79,2354338.29,54270248.53,7.5,7.5,,,5.4,,5.4,,5.5,,5.5,
3535309,0.746,0.702,0.814,0.727,0.44,2.71,4.91,18.13,33.43,14.93,8.95,739.37,183.07,2471.52,369.03,535.06,774.21,1835.32,0.35,73.83,2.1,16.6,19.2,45.54,93.75,81.55,900626.568,1256951.719,1405806.538,40347.04,64149.83,71746.79,780544.012,110010.31,109062.39,449959.811,111511.501,120082.556,4347,10,3064,8.0,49.0,20.0,97,38.0,34.0,89.0,384,29.0,37.0,4.0,95.0,1.0,32.0,,75,115.0,166,,7936,659,1972,53.0,192.0,23.0,572.0,150.0,98.0,179.0,1628,51.0,241.0,36.0,1112.0,,70.0,,101.0,384.0,415,4309,659,18.0,44.0,128.0,2.0,443.0,64.0,1.0,59.0,1154,14.0,190.0,33.0,975.0,,28.0,,51.0,228.0,218.0,2.5,203070,42208,1229.0,2811.0,3634.0,70.0,13566.0,5379.0,54.0,1450.0,47204,382.0,6085.0,2766.0,56676.0,,315.0,,1747.0,7447.0,10048,144069370.72,7571940.98,136497429.74,32685049.84,29244076.25,3440973.59,,,1560805.76,,,9467891.57,134159237.71,1153012.09,,603487.2,,1666560.39,,9430953.17,143740353.09,181296044.56,2270047.59,179025996.97,148291836.39,153171306.26,7785114.94,140506721.45,6.9,6.9,,,5.0,,5.0,,4.6,,4.6,
3535408,0.722,0.639,0.814,0.724,0.51,0.91,5.47,21.98,42.86,13.53,12.67,722.51,175.11,3096.68,313.81,459.8,639.82,2001.16,0.46,73.81,2.43,16.6,19.24,47.44,93.74,81.52,317825.589,343055.196,397152.926,19933.87,22925.37,26540.56,299903.174,43883.204,23743.699,156404.953,75871.318,17922.415,1804,8,1023,1.0,37.0,11.0,27,11.0,10.0,29.0,257,37.0,14.0,3.0,125.0,12.0,7.0,,83,64.0,45,,4644,684,884,10.0,158.0,13.0,107.0,60.0,26.0,74.0,846,186.0,84.0,10.0,1068.0,67.0,34.0,,92.0,125.0,116,2862,684,13.0,,111.0,1.0,75.0,43.0,2.0,36.0,567,132.0,62.0,8.0,910.0,39.0,28.0,,46.0,39.0,66.0,1.7,89843,28158,563.0,,2728.0,25.0,1602.0,3106.0,28.0,1160.0,15715,3385.0,1687.0,418.0,24405.0,1569.0,966.0,,1296.0,858.0,2176,85177401.05,7196668.93,77980732.12,11450088.73,11090366.22,359722.51,,2170292.52,1045507.22,,,2307433.65,78698173.82,3067831.73,,,,2097095.36,,7463728.96,82810506.58,100836423.03,2097095.36,98739327.67,89670599.66,90274235.54,7274406.3,82396193.36,6.8,6.8,,,5.1,,5.1,,4.8,,4.8,
3535507,0.762,0.739,0.836,0.717,0.45,1.54,6.39,19.4,36.2,14.35,10.09,694.42,171.63,2513.67,326.61,484.97,714.09,1771.88,0.37,75.18,2.15,14.5,16.74,45.15,94.52,83.56,1801748.006,2653821.106,3133901.5,39015.76,64744.71,76213.56,1613313.66,117848.385,433251.455,854088.938,208124.881,188434.347,4928,11,2918,4.0,119.0,32.0,132,67.0,28.0,117.0,752,74.0,77.0,7.0,106.0,4.0,38.0,,148,158.0,136,,14830,1688,3088,24.0,511.0,105.0,632.0,213.0,72.0,294.0,2443,252.0,414.0,59.0,3249.0,74.0,85.0,,239.0,708.0,680,10225,1688,931.0,22.0,372.0,68.0,451.0,81.0,13.0,136.0,1561,154.0,315.0,50.0,3117.0,72.0,41.0,,126.0,498.0,529.0,2.4,456750,98440,48232.0,1985.0,10275.0,1904.0,14466.0,7259.0,454.0,4553.0,46703,3351.0,13405.0,3620.0,157401.0,3445.0,1614.0,,2799.0,13941.0,22903,283389341.82,7627131.29,275762210.53,52147220.16,44384917.34,7762302.82,,12894859.15,45967124.65,,,375294.69,233523124.95,6855636.09,,772260.0,,1989850.14,,12196181.5,301449562.91,354525369.83,2762110.14,351763259.69,297287523.16,313645744.41,7689908.08,289597615.08,6.5,6.5,,,5.2,5.2,5.4,,4.5,,4.5,
3535606,0.719,0.642,0.815,0.709,0.51,2.48,11.54,29.35,41.42,12.12,13.67,657.59,130.55,2723.61,268.03,418.92,604.7,1860.53,0.47,73.91,1.91,16.5,19.05,47.07,93.8,81.66,352397.922,364785.802,408569.087,19254.61,20647.86,23126.12,327658.653,14028.871,89623.32,134366.902,89639.56,24739.27,1902,6,1297,1.0,60.0,9.0,45,12.0,6.0,42.0,193,31.0,21.0,4.0,48.0,5.0,18.0,,46,28.0,30,,4538,840,1195,27.0,387.0,13.0,150.0,36.0,10.0,80.0,757,69.0,62.0,140.0,481.0,35.0,25.0,,42.0,49.0,140,2659,840,61.0,23.0,300.0,1.0,95.0,28.0,,17.0,511,30.0,38.0,130.0,412.0,27.0,1.0,,19.0,21.0,105.0,2.1,102733,36729,1971.0,1004.0,8281.0,16.0,2625.0,2693.0,,556.0,15283,764.0,1104.0,8180.0,18468.0,789.0,23.0,,620.0,550.0,3077,136055811.89,887801.34,135168010.55,32991662.48,31666192.36,1325470.12,,5090333.81,4654645.25,,,8745.02,104417204.07,560141.07,,52.53,,2509603.39,,1328690.79,141172230.79,150232387.62,2509655.92,147722731.7,137964972.66,142500921.58,953179.14,137011793.52,6.5,6.5,,,5.4,,5.4,,4.6,,4.6,
3535705,0.749,0.668,0.837,0.751,0.45,1.04,1.96,13.38,37.4,15.6,9.59,855.28,223.03,3198.72,444.03,606.36,837.63,2220.01,0.37,75.19,1.91,13.3,15.43,44.56,94.18,83.71,275312.652,341514.012,436076.194,42122.5,55995.08,71499.62,239976.452,37033.209,87834.598,81043.847,34064.798,35336.201,1211,6,866,,18.0,8.0,27,6.0,7.0,21.0,121,11.0,9.0,1.0,25.0,1.0,5.0,,29,22.0,28,,3019,370,620,,43.0,10.0,110.0,19.0,13.0,46.0,304,16.0,24.0,5.0,1326.0,,10.0,,10.0,24.0,69,2064,370,59.0,,23.0,,70.0,12.0,,19.0,154,5.0,15.0,2.0,1297.0,,4.0,,1.0,2.0,31.0,3.1,127618,18430,2258.0,,661.0,,1988.0,1441.0,,534.0,5202,192.0,465.0,84.0,93486.0,,121.0,,23.0,26.0,2708,60096263.18,2040238.64,58056024.54,6921199.04,6664539.11,256659.93,,2216805.59,5694123.45,,,1072665.83,50692192.39,503381.96,,,,2903520.6,,6610238.64,58362319.23,70003888.86,2903520.6,67100368.26,60317827.33,64972557.87,2040238.64,58277588.69,7.2,7.2,,,5.5,5.5,,,6.1,,6.1,
3535804,0.717,0.631,0.839,0.697,0.47,2.53,7.38,25.56,37.99,14.12,10.76,613.31,150.17,2329.94,282.96,397.54,594.35,1636.19,0.39,75.31,2.45,14.3,16.51,47.5,94.59,83.75,945145.306,1134949.704,1222547.491,45907.58,58517.64,63034.16,849104.248,243678.76,37731.77,456222.125,111471.593,96041.058,2499,9,1583,5.0,46.0,22.0,68,29.0,17.0,57.0,376,71.0,23.0,1.0,37.0,1.0,10.0,,67,29.0,48,,6667,915,2057,11.0,245.0,34.0,219.0,109.0,43.0,135.0,1785,184.0,191.0,3.0,357.0,9.0,12.0,,88.0,109.0,161,4359,915,783.0,10.0,200.0,8.0,142.0,67.0,10.0,60.0,1355,95.0,159.0,3.0,312.0,5.0,2.0,,52.0,78.0,103.0,2.2,186106,46266,25173.0,749.0,5386.0,246.0,5066.0,4271.0,219.0,2895.0,65488,2816.0,5394.0,143.0,10521.0,220.0,45.0,,1889.0,2259.0,7060,187319624.41,18994769.72,168324854.69,33284701.12,32752822.87,531878.25,,5468423.99,12493947.63,,,,150173760.9,3830288.13,,,,3630483.03,,20948912.58,174457855.04,208881604.8,3630483.03,205251121.77,190400508.1,195406767.62,19113116.09,171287392.01,6.7,6.7,,,4.7,4.7,,,4.5,,4.5,
3535903,0.732,0.655,0.842,0.712,0.45,0.91,3.67,17.47,38.59,16.18,9.54,670.18,199.39,2586.37,342.62,470.38,633.73,1733.72,0.35,75.52,1.57,14.0,16.15,46.51,94.71,84.05,133064.949,135993.49,160652.727,32360.15,33736.91,39854.31,127382.802,57980.099,6058.881,41222.199,22121.623,5682.147,931,8,776,1.0,5.0,3.0,4,3.0,2.0,7.0,55,6.0,6.0,,4.0,,2.0,,18,25.0,6,,1060,191,537,2.0,8.0,4.0,20.0,8.0,5.0,19.0,160,19.0,19.0,,10.0,,,,9.0,34.0,15,323,191,,2.0,2.0,,12.0,4.0,,5.0,75,10.0,9.0,,3.0,,,,2.0,3.0,5.0,2.4,13933,9610,,204.0,42.0,,270.0,170.0,,136.0,2462,338.0,308.0,,109.0,,,,61.0,8.0,216,36936145.56,137219.7,36798925.86,1893214.87,1714454.12,178760.75,,1055491.73,381598.79,,,135695.0,36826763.5,662086.77,,,,798136.09,,194631.09,37728783.22,41752986.75,798136.09,40954850.66,37736561.44,37923414.31,137219.7,37599341.74,6.2,6.2,,,5.5,,5.5,,5.1,,5.1,
3536000,0.737,0.696,0.83,0.693,0.42,0.92,6.69,24.86,32.1,15.49,8.29,597.44,162.73,1917.99,300.14,456.99,641.65,1436.65,0.3,74.78,1.83,15.1,17.45,46.02,94.3,82.97,741785.799,881743.237,1150355.727,67842.13,83340.57,108729.27,662449.763,113239.761,229653.756,267073.034,52483.211,79336.037,2393,4,1818,4.0,36.0,17.0,26,12.0,6.0,25.0,215,20.0,10.0,2.0,40.0,3.0,7.0,,50,28.0,70,,4803,429,1311,9.0,126.0,25.0,81.0,22.0,11.0,53.0,765,197.0,17.0,5.0,1371.0,17.0,5.0,,53.0,112.0,194,2896,429,27.0,3.0,88.0,4.0,48.0,11.0,1.0,21.0,525,173.0,6.0,5.0,1324.0,14.0,,,24.0,76.0,117.0,2.3,131055,26265,1019.0,216.0,1993.0,118.0,2028.0,1185.0,34.0,760.0,17639,5650.0,170.0,182.0,62695.0,397.0,,,578.0,2719.0,7407,69137721.61,6296246.8,62841474.81,11214983.81,10449187.38,765796.43,,892672.25,868445.69,,,154565.21,66874660.51,304259.09,3449717.96,,,,3438382.13,6837295.17,68098020.26,87197686.65,6888100.09,80309586.56,74577645.41,74935315.43,6692238.7,67885406.71,7.4,7.4,,,6.0,,6.0,,4.6,,4.6,
3536109,0.727,0.652,0.821,0.718,0.46,0.35,6.94,21.07,37.38,14.39,10.39,696.71,171.2,2604.15,330.09,498.77,684.75,1798.9,0.38,74.23,2.31,15.9,18.44,50.49,93.99,82.15,368270.938,440221.167,515970.722,55976.73,61543.57,72133.47,333758.016,33737.293,78985.66,177618.692,43416.371,34512.922,864,6,455,3.0,44.0,8.0,31,12.0,14.0,30.0,110,35.0,7.0,1.0,26.0,,9.0,,38,12.0,23,,3080,411,637,2.0,763.0,38.0,50.0,17.0,29.0,42.0,525,57.0,12.0,6.0,384.0,,9.0,,17.0,42.0,39,2260,411,264.0,2.0,714.0,31.0,8.0,3.0,,8.0,404,15.0,3.0,6.0,351.0,,,,4.0,22.0,14.0,2.1,93509,20113,10128.0,229.0,22662.0,1053.0,230.0,477.0,20.0,242.0,19064,531.0,61.0,299.0,17100.0,,,,133.0,670.0,497,65707002.31,803259.5,64903742.81,24757760.32,23009535.24,1748225.08,,1184707.1,1768814.58,,,,53961642.9,156403.97,,,,1673398.34,,1320426.71,68485615.51,83502727.21,1673398.34,81829328.87,67599847.98,69806042.22,846441.2,66753406.78,6.1,6.1,,,4.7,4.7,,,3.9,,3.9,
3536208,0.736,0.678,0.862,0.682,0.47,2.24,10.45,31.25,36.7,13.61,10.79,557.69,129.17,2046.91,250.24,381.42,571.07,1454.3,0.38,76.7,2.01,12.3,14.19,50.54,95.33,85.73,586023.644,661857.042,753096.869,29601.64,34412.57,39156.5,537442.903,73700.156,37303.439,340427.985,86011.323,48580.741,1284,8,633,8.0,39.0,17.0,31,15.0,11.0,29.0,216,32.0,21.0,1.0,47.0,1.0,13.0,,76,52.0,34,,5704,624,603,30.0,410.0,43.0,250.0,48.0,26.0,58.0,967,174.0,123.0,9.0,291.0,2.0,22.0,,64.0,1902.0,58,4395,624,7.0,24.0,357.0,28.0,217.0,33.0,4.0,24.0,721,120.0,96.0,9.0,228.0,,10.0,,15.0,1847.0,31.0,2.2,180379,30203,182.0,1351.0,10846.0,755.0,3490.0,3823.0,107.0,949.0,24764,8404.0,3067.0,424.0,5879.0,,215.0,,723.0,83836.0,1360,90592545.03,9447183.41,81145361.62,13009357.86,12442169.31,567188.55,,263389.59,4438861.49,,,5400.0,93802625.17,427395.54,,,,4647241.69,,13503330.67,84725737.2,116594271.34,4647241.69,111947029.65,91783534.22,98229067.87,9447183.41,82336350.81,6.1,6.1,,,5.0,,5.0,,4.4,,4.4,
3536257,0.721,0.619,0.842,0.72,0.4,0.0,0.54,8.95,34.54,18.15,7.61,705.62,253.12,2437.56,387.28,520.44,692.71,1674.62,0.29,75.5,1.56,14.0,16.18,43.69,94.7,84.03,53619.89,56106.775,67930.902,24630.17,19400.68,23489.25,51667.444,15226.568,1575.295,17336.671,17528.91,1952.446,652,5,568,2.0,4.0,1.0,4,1.0,3.0,1.0,25,4.0,2.0,,6.0,,,,15,6.0,5,,892,205,454,39.0,4.0,1.0,42.0,,8.0,2.0,60,6.0,10.0,,39.0,,,,7.0,3.0,12,359,205,,37.0,,,35.0,,,1.0,27,1.0,8.0,,33.0,,,,4.0,,8.0,1.9,12800,8845,,958.0,11.0,,679.0,,,,962,26.0,179.0,,873.0,,,,113.0,,156,35672307.69,1854046.96,33818260.73,1874746.49,1486278.41,388468.08,,1472563.82,759828.7,,,770932.23,32618729.02,476522.14,500000.0,180650.0,,3025868.75,,3965980.7,34870714.17,41679841.15,3706518.75,37973322.4,36815797.95,38836694.87,1982388.7,34833409.25,7.1,7.1,,,5.5,,5.5,,4.9,,4.9,
3536307,0.73,0.678,0.826,0.696,0.42,0.89,5.64,22.53,32.57,15.78,8.26,607.51,172.3,1978.71,307.06,450.15,646.09,1462.84,0.31,74.55,1.97,15.4,17.86,45.35,94.17,82.62,1360808.588,1599786.053,1850012.193,91078.82,110421.46,127481.55,1219452.034,394527.984,386103.137,366420.826,72400.087,141356.554,2271,3,1704,1.0,34.0,8.0,43,21.0,8.0,33.0,189,22.0,17.0,3.0,59.0,1.0,9.0,,48,26.0,42,,6797,470,1259,2.0,118.0,19.0,163.0,68.0,24.0,52.0,611,47.0,50.0,1.0,3227.0,,34.0,,134.0,223.0,295,4922,470,61.0,,85.0,3.0,113.0,31.0,1.0,9.0,392,18.0,29.0,,3156.0,,19.0,,101.0,191.0,243.0,2.9,259633,27406,1736.0,,2482.0,72.0,6075.0,5717.0,8.0,302.0,11946,555.0,478.0,,184511.0,,901.0,,2934.0,6594.0,7916,110122183.37,4908146.89,105214036.48,16672416.77,15907752.68,764664.09,,2588.13,4513681.77,,,3435466.37,102057809.26,631392.29,,,,3217347.2,,6848570.67,112921814.05,130530701.79,3217347.2,127313354.59,114399139.8,119770384.72,5180800.24,109218339.56,7.0,7.0,,,4.8,,4.8,,4.2,,4.2,
3536406,0.711,0.64,0.811,0.692,0.44,0.88,5.25,24.11,35.82,15.72,9.12,592.42,172.36,2122.27,293.19,423.02,591.6,1482.11,0.33,73.64,2.41,16.9,19.58,45.29,93.64,81.25,200144.75,254093.733,322393.938,26544.4,31941.39,40527.21,189746.496,32861.025,24656.773,87541.499,44687.198,10398.253,1101,4,752,2.0,16.0,7.0,15,6.0,7.0,11.0,94,25.0,3.0,1.0,36.0,11.0,6.0,,52,22.0,31,,3259,449,618,3.0,58.0,21.0,71.0,18.0,16.0,24.0,373,169.0,6.0,,1256.0,51.0,14.0,,30.0,26.0,56,2288,449,10.0,1.0,42.0,15.0,56.0,,,10.0,277,135.0,3.0,,1213.0,37.0,9.0,,6.0,5.0,20.0,2.0,83856,24551,424.0,34.0,1046.0,394.0,1498.0,,,211.0,7412,6836.0,115.0,,38532.0,966.0,339.0,,121.0,136.0,1242,64998336.43,4240772.05,60757564.38,12146498.85,11809156.67,335962.14,1380.04,,676251.09,,,1854811.48,57549843.61,214939.29,,,,4006596.19,1313713.41,4272084.42,64775802.54,77762653.92,5320309.6,72442344.32,68651680.93,69047886.96,4272084.42,64379596.51,6.9,6.9,,,4.7,,4.7,,4.0,,4.0,
3536505,0.795,0.727,0.864,0.8,0.48,0.63,2.56,9.78,36.67,12.6,11.64,1160.79,245.57,4256.8,485.67,766.71,1226.05,3070.7,0.41,76.83,1.61,12.62,14.14,38.53,95.49,86.17,52389436.509,70496583.77,67067300.461,457517.7,637764.58,606740.73,44118062.99,18366.625,26746711.487,16124529.315,1228455.565,8271373.519,8258,13,189,38.0,396.0,125.0,873,272.0,306.0,873.0,2116,548.0,303.0,7.0,446.0,3.0,227.0,,375,467.0,681,7965.0,65056,4737,301,859.0,1964.0,454.0,4170.0,736.0,669.0,6446.0,11119,6101.0,2042.0,62.0,11402.0,82.0,461.0,,830.0,1879.0,10742,55276,4737,124.0,826.0,1540.0,293.0,3215.0,242.0,106.0,5340.0,8739,5409.0,1680.0,59.0,10887.0,81.0,181.0,,488.0,1253.0,10076.0,4.3,4418096,748378,6088.0,33608.0,48998.0,8067.0,145427.0,22701.0,3963.0,478337.0,467122,289088.0,65062.0,8655.0,1424528.0,5249.0,21234.0,,7884.0,45073.0,588634,2786671006.94,304269126.42,2482401880.52,655034520.25,644902509.08,10131578.09,433.08,99145580.59,148533669.64,,,4100.53,2335620181.85,50833859.23,,1137523.48,,6684873.0,,338112634.66,2637100480.88,3296994308.57,7822396.48,3289171912.09,2821334571.24,2975213115.54,309633864.43,2511700706.81,6.7,6.7,,,5.2,5.0,5.4,,4.8,6.8,4.5,
3536570,0.718,0.663,0.817,0.683,0.43,2.01,5.57,22.07,37.82,17.0,8.9,560.94,172.34,2121.54,304.5,414.46,518.17,1395.44,0.34,74.04,2.36,16.3,18.82,47.52,93.87,81.85,48636.69,52259.4,74506.181,26505.01,25004.5,35648.89,45610.476,13961.467,1865.428,11916.293,17867.287,3026.215,356,7,281,1.0,3.0,,5,1.0,,1.0,20,1.0,4.0,,2.0,,1.0,,22,1.0,6,,557,221,233,,9.0,,8.0,2.0,,1.0,48,5.0,4.0,,7.0,,,,2.0,,17,284,221,9.0,,8.0,,,,,,26,4.0,,,4.0,,,,,,12.0,2.2,11045,9126,204.0,,148.0,,,,,,772,83.0,,,100.0,,,,,,612,30634178.23,366671.49,30267506.74,3802883.5,3763073.25,39810.25,,,1347153.58,,,,33257853.29,42203.26,,567630.64,,2084035.87,,1523485.97,30422738.7,41101760.14,2651666.51,38450093.63,30705258.51,31946224.67,366671.49,30338587.02,6.9,6.9,,,6.3,,6.3,,4.7,,4.7,
3536604,0.725,0.662,0.8,0.721,0.51,1.92,7.26,22.87,43.27,13.5,12.82,708.63,164.99,3066.26,313.37,441.89,628.88,2014.81,0.48,73.0,2.38,18.0,20.84,45.6,93.24,80.26,269674.996,306078.825,426145.814,30054.05,41362.0,57587.27,259652.492,126868.006,11172.421,75107.445,46504.62,10022.503,1253,8,1002,3.0,15.0,8.0,7,6.0,3.0,10.0,94,3.0,5.0,1.0,14.0,1.0,2.0,,42,15.0,14,,1960,607,804,7.0,25.0,7.0,36.0,21.0,4.0,17.0,222,4.0,9.0,3.0,37.0,4.0,7.0,,46.0,75.0,25,1027,607,110.0,4.0,10.0,,28.0,19.0,,2.0,118,,4.0,3.0,16.0,,6.0,,30.0,59.0,11.0,2.6,51010,32651,6479.0,410.0,207.0,3.0,640.0,2131.0,,61.0,3853,,103.0,227.0,408.0,,191.0,,696.0,2112.0,838,71136315.61,4052905.86,67083409.75,8557348.98,8000225.34,557123.64,,3246765.21,819345.5,,,,64002857.36,521519.25,,534590.0,,1640158.84,,6168436.72,67599787.34,79322585.14,2174748.84,77147836.3,71655505.62,73768224.06,4280994.19,67374511.43,6.3,6.3,,,4.9,4.9,,,4.6,,4.6,
3536703,0.739,0.673,0.812,0.738,0.49,2.24,6.66,18.26,40.29,13.24,12.18,788.42,171.67,3176.91,350.08,515.77,761.02,2148.41,0.44,73.74,2.12,16.8,19.39,44.63,93.69,81.4,3066260.985,3986159.062,3840420.972,64521.62,88923.17,85672.05,2484934.222,116145.461,1125486.823,1031294.767,212007.17,581326.763,3994,8,1877,15.0,111.0,38.0,123,42.0,36.0,100.0,814,76.0,77.0,3.0,251.0,10.0,53.0,,137,128.0,95,,16261,1613,1450,71.0,480.0,108.0,1264.0,169.0,77.0,206.0,3341,224.0,388.0,19.0,5141.0,65.0,95.0,,381.0,612.0,557,12297,1613,111.0,56.0,346.0,66.0,1097.0,91.0,9.0,70.0,2343,128.0,270.0,19.0,4807.0,54.0,26.0,,287.0,452.0,452.0,2.4,550384,78123,3419.0,3406.0,8699.0,1868.0,16423.0,8599.0,230.0,1812.0,86029,5683.0,9498.0,1200.0,268625.0,2565.0,709.0,,6130.0,17523.0,29843,255676137.62,8018520.41,247657617.21,40165304.52,39379357.66,785946.86,,5552709.93,4339038.33,,,308205.81,244186952.62,2790287.06,310185.46,,,6511238.53,,11290720.13,256349384.73,304163922.26,6821423.99,297342498.27,258113778.97,267640104.86,8061991.4,250051787.57,6.5,6.5,,,5.2,,5.2,,4.1,,4.1,
3536802,0.677,0.581,0.796,0.671,0.41,1.15,7.65,26.95,31.24,16.5,7.57,521.38,151.34,1628.73,278.88,404.52,555.54,1228.12,0.29,72.77,1.79,18.4,21.29,44.18,93.1,79.9,118076.036,124824.062,147569.268,19271.43,19036.76,22505.61,111151.985,24263.559,6354.5,47984.05,32549.876,6924.052,1878,9,1632,2.0,9.0,4.0,21,5.0,7.0,8.0,99,9.0,5.0,2.0,30.0,1.0,3.0,,20,4.0,8,,2823,337,1752,,18.0,4.0,121.0,9.0,19.0,33.0,317,26.0,6.0,1.0,106.0,4.0,3.0,,13.0,27.0,27,961,337,160.0,,7.0,,94.0,7.0,1.0,21.0,194,16.0,,,69.0,3.0,,,9.0,22.0,21.0,1.6,28886,12574,3525.0,,159.0,,2253.0,406.0,37.0,566.0,5130,403.0,,,2301.0,60.0,20.0,,184.0,635.0,636,38042096.14,432326.65,37609769.49,3235164.33,2667575.67,567588.66,,553265.55,1486926.27,,,5700.0,42603575.36,322156.38,281583.37,,,821851.26,,704790.88,40485007.38,49310222.52,1103434.63,48206787.89,39306509.6,41189798.26,581335.09,38725174.51,,,,,,,,,5.0,,5.0,
3536901,0.742,0.684,0.854,0.698,0.38,1.81,3.64,16.4,31.04,18.73,6.63,615.77,204.66,1911.08,372.11,480.15,619.73,1401.22,0.26,76.26,1.35,12.9,14.91,44.93,95.1,85.11,79886.711,84613.995,116927.575,32369.01,30360.24,41954.64,76528.699,33440.768,3676.919,19568.365,19842.646,3358.012,1412,5,1325,1.0,,1.0,4,,4.0,1.0,20,4.0,1.0,1.0,9.0,,3.0,,22,5.0,6,,1422,266,954,1.0,,1.0,58.0,,8.0,1.0,49,6.0,1.0,2.0,38.0,,3.0,,6.0,21.0,7,396,266,,1.0,,,53.0,,,,28,1.0,,,26.0,,,,2.0,18.0,1.0,2.4,14964,10875,,126.0,,,933.0,,,,784,9.0,,,1778.0,,,,48.0,357.0,53,35829605.34,3705871.84,32123733.5,2241492.05,2095504.94,145987.11,,127590.66,523923.35,,,5627.91,36619232.55,226741.78,,295050.0,,2091323.87,,3736167.9,34388345.95,42130982.17,2386373.87,39744608.3,38121577.46,38124513.85,3733231.51,34388345.95,6.7,6.7,,,6.0,,6.0,,4.7,,4.7,
3537008,0.715,0.623,0.82,0.716,0.49,1.79,6.01,21.28,40.85,13.74,11.89,690.08,168.8,2819.04,305.24,461.32,635.47,1865.94,0.43,74.2,2.0,16.0,18.52,44.93,93.97,82.09,1731363.803,995360.391,1417487.589,102593.26,64113.39,91303.55,1675147.914,589565.748,651483.459,355373.157,78725.55,56215.889,2429,4,1737,9.0,27.0,11.0,24,32.0,13.0,47.0,226,47.0,29.0,3.0,62.0,,13.0,,65,34.0,46,,4475,544,1639,18.0,92.0,13.0,72.0,106.0,39.0,127.0,749,105.0,74.0,51.0,381.0,,41.0,,66.0,228.0,130,2271,544,258.0,15.0,58.0,2.0,44.0,45.0,,67.0,480,43.0,43.0,51.0,314.0,,27.0,,27.0,183.0,70.0,2.1,88294,28267,11461.0,1246.0,1694.0,8.0,1709.0,4722.0,,1693.0,13670,1211.0,923.0,4826.0,6899.0,,969.0,,777.0,5672.0,2545,112425939.68,2249290.29,110176649.39,11407270.69,11053986.23,353284.46,,,1948015.63,,,,113121498.01,1083100.36,,,,1026571.73,,2483039.16,112369031.33,128586456.42,1026571.73,127559884.69,113402282.63,114852070.49,2371620.64,111030661.99,6.2,6.2,,,5.5,,5.5,,4.2,,4.2,
3537107,0.769,0.701,0.864,0.75,0.42,0.35,1.89,7.4,35.01,17.21,8.14,853.76,277.03,2988.64,457.43,611.82,839.12,2103.42,0.3,76.82,1.35,12.1,14.01,38.92,95.39,85.89,1502007.81,1636576.667,1817291.527,30658.23,37961.05,42152.8,1278916.707,10274.972,356878.015,685061.34,226702.381,223091.103,2913,10,214,12.0,123.0,24.0,140,54.0,71.0,122.0,1094,74.0,76.0,3.0,552.0,6.0,56.0,,113,100.0,69,,17883,1221,276,184.0,442.0,90.0,483.0,214.0,228.0,360.0,3868,193.0,320.0,6.0,8618.0,34.0,131.0,,209.0,565.0,441,14323,1220,78.0,165.0,298.0,57.0,348.0,86.0,52.0,200.0,2584,85.0,233.0,6.0,7901.0,26.0,56.0,,135.0,432.0,361.0,2.1,565724,67786,2153.0,6453.0,8263.0,1743.0,10876.0,7560.0,1423.0,7628.0,89308,2228.0,7092.0,314.0,312844.0,1133.0,1928.0,,4015.0,18214.0,14764,275600657.76,19870706.45,255729951.31,63190220.06,57069583.08,6120636.98,,3207956.66,5489153.99,,,30426673.69,200426130.33,1807439.49,337480.25,,,4452962.4,,20740512.07,263451839.63,309338016.87,4790442.65,304547574.22,279260633.01,284192351.7,20137888.14,259122744.87,7.1,7.1,,,5.4,,5.4,,4.4,,4.4,
3537156,0.774,0.739,0.837,0.749,0.56,0.27,6.3,19.6,46.41,11.84,15.68,847.63,175.75,3933.7,325.85,472.28,669.18,2610.23,0.56,75.19,1.58,13.3,15.43,42.24,94.18,83.71,176652.401,203321.074,177967.145,56819.68,72511.08,63469.02,159017.042,21799.021,18484.151,96780.102,21953.768,17635.358,1000,9,819,3.0,6.0,2.0,4,10.0,1.0,16.0,55,7.0,8.0,1.0,20.0,,3.0,,11,15.0,10,,1317,298,445,3.0,16.0,3.0,4.0,30.0,1.0,21.0,274,25.0,18.0,,116.0,,3.0,,14.0,21.0,25,676,298,2.0,2.0,7.0,,,12.0,,3.0,215,17.0,10.0,,87.0,,1.0,,1.0,6.0,15.0,2.3,29423,11861,37.0,152.0,140.0,,15.0,1128.0,,70.0,11131,910.0,259.0,,3027.0,,29.0,,23.0,102.0,539,36930484.49,1129529.25,35800955.24,2804255.51,2663363.34,140777.72,114.45,466412.23,623400.46,,,16064.93,41437453.13,18405.58,,112656.04,,1550240.8,,2587330.07,36528650.77,47028888.68,1662896.84,45365991.84,37183867.18,39115980.84,1147619.73,36036247.45,7.2,7.2,,,5.9,,5.9,,4.4,,4.4,
3537206,0.696,0.634,0.812,0.654,0.47,4.96,16.94,40.12,36.38,13.1,11.11,467.93,99.42,1702.22,207.02,322.76,492.46,1215.49,0.4,73.71,2.28,16.8,19.44,56.96,93.68,81.35,178608.884,169835.095,208399.244,15521.76,15054.97,18473.47,169110.369,32675.893,8575.559,73920.552,53938.365,9498.514,451,8,223,4.0,13.0,2.0,12,1.0,1.0,14.0,76,9.0,3.0,1.0,9.0,4.0,7.0,,47,10.0,7,,1362,404,236,7.0,30.0,9.0,78.0,5.0,2.0,22.0,406,20.0,8.0,4.0,36.0,14.0,6.0,,31.0,32.0,12,943,404,23.0,6.0,18.0,7.0,61.0,5.0,,6.0,327,11.0,5.0,4.0,22.0,9.0,,,8.0,19.0,8.0,2.0,37357,23317,459.0,536.0,369.0,205.0,1819.0,561.0,,123.0,7519,302.0,183.0,258.0,556.0,339.0,4.0,,134.0,527.0,145,68197455.68,3339624.83,64857830.85,7722740.73,6857968.33,864772.4,,,1010626.49,,,,77511177.11,98419.23,324712.0,,,3659131.14,,7465855.39,68064790.36,90326806.7,3983843.14,86342963.56,69845871.05,75530645.75,3517182.77,66328688.28,6.6,6.6,,,5.2,,5.2,,4.4,,4.4,
3537305,0.759,0.68,0.859,0.748,0.47,0.43,3.38,13.69,37.95,14.47,10.49,840.16,213.38,3188.11,394.53,564.67,823.83,2206.1,0.38,76.55,1.31,12.43,14.42,43.45,95.25,85.52,2082458.291,2259079.347,2743179.555,32488.66,36626.39,44475.1,1884875.32,96862.97,299214.439,1174012.793,314785.118,197582.971,7467,11,3533,6.0,275.0,60.0,209,96.0,74.0,222.0,1513,128.0,94.0,5.0,324.0,5.0,70.0,,222,300.0,320,6081.0,23799,1658,2307,327.0,882.0,219.0,694.0,383.0,250.0,523.0,5884,632.0,2077.0,17.0,4941.0,11.0,231.0,,384.0,1573.0,806,16804,1657,214.0,312.0,565.0,138.0,465.0,179.0,63.0,230.0,4085,445.0,1974.0,17.0,4507.0,,138.0,,213.0,1163.0,439.0,2.1,683931,100743,19811.0,14766.0,13250.0,4643.0,15271.0,13778.0,1701.0,9186.0,130699,17880.0,96330.0,1007.0,165062.0,,4477.0,,7329.0,39762.0,28236,378701682.36,15372193.8,363329488.56,73260388.25,68792961.18,3933348.37,534078.7,4461249.82,7092999.84,,,,280742477.56,10399834.36,,,,9575880.21,,27272949.15,383305791.33,385532830.04,9575880.21,375956949.83,388645688.13,410578740.48,16099206.15,372546481.98,7.2,7.0,7.8,,5.4,,5.4,,4.6,,4.6,
3537404,0.766,0.732,0.845,0.728,0.48,1.22,5.65,20.93,39.28,14.02,11.21,743.94,178.43,2922.33,343.16,512.8,720.25,1979.7,0.41,75.71,1.87,13.7,15.82,45.07,94.81,84.33,1087485.494,1296050.48,1495859.413,42339.32,53789.19,62081.74,965599.223,115617.168,87880.215,631252.452,130849.388,121886.271,2959,8,1698,2.0,91.0,23.0,71,30.0,10.0,71.0,470,39.0,44.0,11.0,49.0,4.0,21.0,,147,109.0,61,,8010,959,1442,52.0,204.0,44.0,175.0,108.0,21.0,178.0,1770,64.0,173.0,29.0,1931.0,10.0,68.0,,162.0,468.0,152,5374,959,150.0,52.0,101.0,18.0,99.0,52.0,2.0,99.0,1268,28.0,107.0,8.0,1882.0,5.0,39.0,,60.0,355.0,90.0,2.5,256644,51948,7172.0,3312.0,2173.0,456.0,3475.0,6001.0,74.0,3026.0,44972,1062.0,2297.0,583.0,111920.0,179.0,1447.0,,1701.0,11266.0,3579,162058523.5,5875652.1,156182871.4,23106941.97,18719720.08,4387221.89,,,2408725.03,,,10171545.52,151901306.33,713684.4,,,,6113856.05,,9817515.91,163433402.26,194416059.3,6113856.05,188302203.25,166133548.98,173250918.17,5888672.09,160244876.89,7.2,7.2,,,5.5,,5.5,,4.7,,4.7,
3537503,0.736,0.637,0.873,0.717,0.44,0.61,2.42,17.57,35.82,15.69,9.13,692.35,198.09,2480.35,345.01,491.47,676.33,1743.21,0.33,77.35,2.43,11.4,13.17,46.1,95.65,86.63,317964.199,334838.053,410463.048,35826.95,38669.37,46979.86,285088.589,36557.559,106160.074,96904.471,45466.485,32875.61,1604,7,1184,4.0,15.0,10.0,25,7.0,6.0,22.0,140,26.0,9.0,,41.0,5.0,9.0,,37,15.0,42,,3892,330,1153,16.0,34.0,12.0,118.0,14.0,11.0,50.0,429,155.0,11.0,,1368.0,22.0,15.0,,24.0,24.0,106,2363,330,126.0,12.0,15.0,1.0,86.0,9.0,1.0,26.0,253,113.0,,,1315.0,19.0,,,10.0,12.0,35.0,2.0,90012,16458,6316.0,728.0,179.0,,1374.0,799.0,4.0,2756.0,7282,2484.0,,,48643.0,1108.0,,,228.0,322.0,1329,49865995.38,2731195.98,47134799.4,7088152.21,6237375.8,850776.41,,298468.88,636258.46,,3531.99,98588.6,48331206.21,134384.35,,281510.0,,3325577.33,,3975288.08,49184357.08,60197678.03,3607087.33,56590590.7,52089436.41,53159645.16,3060934.19,49028502.22,6.5,6.5,,,4.7,,4.7,,4.0,,4.0,
3537602,0.749,0.675,0.854,0.73,0.53,2.68,9.3,26.96,42.51,11.24,15.13,753.85,138.51,3204.62,285.12,445.32,720.07,2178.72,0.51,76.24,2.3,12.9,14.93,54.1,95.09,85.09,1966247.303,2471440.333,2366996.023,28211.36,36161.77,34629.51,1867622.776,28423.278,433602.555,1045156.899,360440.044,98624.527,3795,12,89,17.0,341.0,93.0,327,71.0,104.0,261.0,1366,184.0,105.0,3.0,86.0,4.0,98.0,,333,215.0,86,3675.0,15138,2096,92,75.0,1374.0,208.0,1091.0,252.0,235.0,550.0,5369,615.0,666.0,47.0,297.0,8.0,259.0,,667.0,671.0,566,10702,2096,4.0,62.0,969.0,98.0,774.0,146.0,47.0,196.0,3781,351.0,544.0,47.0,193.0,2.0,144.0,,382.0,385.0,481.0,2.2,437183,163786,94.0,6161.0,22364.0,3644.0,22120.0,13124.0,1080.0,7692.0,112361,12645.0,17533.0,2573.0,5166.0,68.0,4230.0,,11220.0,11646.0,19678,450191750.22,38403869.75,411787880.47,201269168.34,159938047.55,41183951.77,147169.02,34934300.06,20232768.86,,,33414.0,260257259.69,7473041.57,,,,30931971.2,,43861711.6,462086088.8,555131923.72,30931971.2,524199952.52,497688807.31,505947800.4,41803342.21,455885465.1,6.0,6.0,,,5.0,4.7,5.0,,4.5,,4.5,
3537701,0.732,0.684,0.843,0.681,0.4,2.95,7.18,24.93,31.56,16.18,7.8,553.99,147.23,1748.6,301.03,442.89,574.64,1294.47,0.31,75.57,2.26,13.9,16.06,44.51,94.74,84.13,119024.81,116895.578,160075.041,19534.68,21180.57,29004.36,114046.072,32846.471,5451.068,45595.796,30152.738,4978.737,1283,6,1038,1.0,4.0,2.0,17,11.0,8.0,16.0,69,6.0,7.0,9.0,23.0,1.0,3.0,,22,17.0,23,,1817,290,715,1.0,10.0,3.0,80.0,44.0,28.0,30.0,191,10.0,14.0,12.0,290.0,2.0,1.0,,16.0,35.0,45,813,290,23.0,1.0,5.0,1.0,53.0,8.0,1.0,11.0,98,1.0,4.0,3.0,266.0,2.0,,,7.0,19.0,20.0,1.7,26136,10798,975.0,135.0,94.0,32.0,1202.0,1113.0,21.0,367.0,3069,26.0,57.0,213.0,6604.0,73.0,,,105.0,545.0,707,41241254.79,1866481.72,39374773.07,3704616.83,3511966.94,192649.89,,289462.02,1066395.27,,,463487.31,42922356.81,57936.07,,117000.0,,1613578.49,,4090042.59,40187713.8,50234832.8,1730578.49,48504254.31,42156580.68,44277756.39,2421381.72,39735198.96,7.4,7.4,,,6.3,,6.3,,,,,
3537800,0.716,0.624,0.848,0.694,0.47,2.43,9.25,25.93,38.26,14.1,10.85,601.32,142.79,2300.6,281.23,413.91,585.78,1577.92,0.4,75.87,1.71,13.4,15.54,45.98,94.9,84.56,1597083.415,1614592.521,1839652.07,28657.0,30481.26,34730.07,1473829.316,475444.061,167586.946,622008.1,208790.21,123254.098,7716,7,5642,8.0,140.0,31.0,143,67.0,49.0,113.0,867,70.0,87.0,4.0,145.0,10.0,37.0,,144,100.0,52,7431.0,15438,1255,5389,23.0,498.0,106.0,560.0,200.0,100.0,266.0,3991,152.0,340.0,49.0,1552.0,16.0,55.0,,246.0,454.0,186,7530,1255,26.0,18.0,321.0,71.0,392.0,95.0,7.0,119.0,2940,59.0,226.0,46.0,1365.0,4.0,15.0,,117.0,328.0,126.0,2.1,288878,59658,1045.0,1881.0,8847.0,2513.0,11980.0,8231.0,167.0,5013.0,91145,1445.0,8616.0,3028.0,63838.0,145.0,282.0,,3320.0,11947.0,5776,233566357.6,6067491.2,227498866.4,38812759.86,34192782.89,4599894.88,20082.09,2147613.36,2952860.26,,,,226549781.32,2136541.48,,,,9638058.76,,11206150.33,249732552.33,282237615.04,9638058.76,272599556.28,247552376.54,260938702.66,6362303.46,241190073.08,6.4,6.4,,,5.6,,5.6,,4.8,,4.8,
3537909,0.69,0.594,0.82,0.674,0.43,1.41,7.26,30.19,33.1,15.33,8.64,531.06,145.66,1757.84,261.33,381.84,561.4,1303.12,0.32,74.18,2.04,16.0,18.55,47.65,93.95,82.07,1276179.945,1568001.71,1502793.869,43096.72,56789.02,54411.6,1114756.381,139941.391,48206.132,795120.558,131488.3,161423.564,3543,8,2305,5.0,62.0,18.0,65,37.0,16.0,79.0,556,56.0,33.0,2.0,85.0,7.0,19.0,,74,61.0,55,,9223,898,2220,19.0,235.0,38.0,404.0,107.0,48.0,174.0,3304,212.0,154.0,18.0,640.0,9.0,90.0,,82.0,367.0,204,5761,898,138.0,12.0,161.0,18.0,331.0,52.0,9.0,94.0,2691,133.0,120.0,18.0,548.0,1.0,72.0,,43.0,288.0,134.0,2.1,218805,45304,4218.0,993.0,3474.0,401.0,13056.0,3946.0,319.0,3775.0,100006,2677.0,3119.0,1279.0,17994.0,3.0,2076.0,,1175.0,9054.0,5935,144550587.21,2165465.87,142385121.34,20574993.3,17631504.99,2905128.61,38359.7,1030432.77,6194675.3,,,176829.09,155868320.57,1133825.43,,401586.48,,1754020.45,,6274103.89,148893242.14,187134683.39,2155606.93,184979076.46,145272507.92,155167346.03,2165465.87,143107042.05,6.9,6.9,,,5.7,,5.7,,4.6,,4.6,
3538006,0.773,0.736,0.843,0.745,0.52,1.32,6.79,20.9,41.86,12.0,13.95,826.02,164.47,3457.93,331.19,511.95,784.72,2363.61,0.48,75.58,1.9,12.9,14.96,42.06,94.58,83.72,13742498.486,13719557.144,13674680.185,79951.7,82933.71,82662.43,11326258.683,43052.007,6276328.458,4231574.697,775303.52,2416239.802,8429,22,1149,37.0,511.0,133.0,722,135.0,181.0,606.0,2265,463.0,322.0,3.0,460.0,18.0,186.0,,440,453.0,323,8066.0,47874,3818,1285,255.0,2201.0,487.0,2875.0,695.0,476.0,1729.0,9243,1834.0,4466.0,1.0,11982.0,260.0,561.0,,811.0,2986.0,1909,38341,3818,289.0,219.0,1627.0,320.0,2183.0,448.0,152.0,940.0,6696,1194.0,4073.0,,11419.0,233.0,325.0,,456.0,2360.0,1589.0,3.0,2120360,242619,8111.0,14951.0,38938.0,7694.0,74060.0,34813.0,4983.0,42985.0,208421,55070.0,188538.0,,992274.0,11409.0,19381.0,,14968.0,90679.0,70465,927893647.32,30546845.68,897346801.64,233449448.67,225429171.42,8020277.25,,16192149.34,13187945.05,111.24,,,742187976.69,35658786.39,9691199.09,,,20013865.06,,53086974.39,1008964578.79,1070381481.53,29705064.15,1040676417.38,992628570.44,1062051553.18,32719177.71,959909392.73,6.6,6.6,,,5.5,,5.5,,4.7,,4.7,
3538105,0.737,0.654,0.842,0.726,0.39,0.39,3.13,10.74,31.62,17.96,7.04,732.68,234.26,2316.58,423.78,560.36,767.41,1677.46,0.26,75.51,1.61,14.0,16.17,42.57,94.7,84.04,498800.901,580740.524,733295.538,28703.01,39935.4,50426.04,449835.357,32396.097,139678.398,197578.818,80182.043,48965.545,1567,6,883,,46.0,10.0,40,16.0,9.0,41.0,266,24.0,19.0,,59.0,,16.0,,48,42.0,42,,4433,662,573,,163.0,24.0,55.0,55.0,18.0,72.0,975,93.0,39.0,,1456.0,,31.0,,37.0,105.0,75,3062,662,11.0,,110.0,13.0,16.0,35.0,5.0,19.0,629,56.0,13.0,,1375.0,,15.0,,15.0,59.0,29.0,2.7,149549,32055,261.0,,2716.0,453.0,404.0,3299.0,83.0,522.0,19105,1682.0,359.0,,84366.0,,502.0,,465.0,1667.0,1611,93855638.13,4900286.07,88955352.06,16446984.67,15810561.96,636225.85,196.86,,3628302.82,,,4471319.04,83964512.24,1282255.85,,,,2091433.18,,7317640.74,91352645.59,111884807.8,2091433.18,109793374.62,96169763.2,98670286.33,4995646.87,91174116.33,6.6,6.6,,,5.5,5.6,5.2,,4.3,,4.3,
3538204,0.725,0.666,0.808,0.707,0.42,1.15,4.82,18.51,32.95,16.11,8.18,652.43,182.07,2149.47,343.55,486.98,683.1,1579.77,0.3,73.49,1.68,17.2,19.86,46.26,93.55,81.02,314651.306,353044.914,416404.895,20216.61,23197.64,27351.87,289791.819,54127.241,31328.263,139613.441,64722.874,24859.487,2041,7,1276,2.0,34.0,10.0,46,19.0,29.0,37.0,279,44.0,22.0,1.0,97.0,1.0,15.0,,75,27.0,20,,4384,485,1278,3.0,137.0,23.0,129.0,65.0,54.0,59.0,1056,110.0,64.0,4.0,691.0,2.0,32.0,,59.0,77.0,56,2234,485,54.0,3.0,101.0,7.0,72.0,35.0,2.0,14.0,722,21.0,35.0,4.0,564.0,,16.0,,23.0,49.0,27.0,1.8,78267,26364,1291.0,581.0,2654.0,104.0,1723.0,2782.0,60.0,476.0,20809,995.0,854.0,249.0,15860.0,,508.0,,647.0,1392.0,918,89888736.3,3948750.28,85939986.02,15408725.97,12977953.86,2430772.11,,193914.66,1127519.72,,,,78369253.99,1263509.49,,,,3541527.35,,5745391.1,94007799.14,99904451.18,3541527.35,96362923.83,97076498.81,99753190.24,4662793.66,92413705.15,6.7,6.7,,,5.0,5.0,,,5.1,,5.1,
3538303,0.711,0.644,0.836,0.669,0.42,3.12,9.05,29.54,30.44,15.52,7.85,514.47,131.69,1565.91,267.47,391.74,559.41,1222.26,0.32,75.18,2.08,14.4,16.7,45.02,94.53,83.56,67093.357,75045.123,100296.285,18103.98,22991.77,30728.03,64014.76,16621.751,3845.287,20308.244,23239.478,3078.597,1008,3,896,1.0,3.0,3.0,6,3.0,1.0,6.0,31,1.0,4.0,2.0,6.0,,1.0,,22,9.0,10,,1226,320,686,2.0,7.0,3.0,3.0,7.0,3.0,8.0,75,1.0,5.0,2.0,61.0,,6.0,,7.0,8.0,22,440,320,3.0,2.0,3.0,,,3.0,,,39,,,,55.0,,5.0,,1.0,1.0,8.0,2.0,15728,12435,64.0,169.0,98.0,,2.0,358.0,,,1147,,,,908.0,,127.0,,21.0,23.0,376,33647764.54,770980.36,32876784.18,2804789.53,2736558.73,68230.8,,,858807.38,,,34283.62,40592727.63,262831.12,,,,1413585.98,,1121169.47,35313572.58,45967025.26,1413585.98,44553439.28,35623556.02,36434742.05,770980.36,34852575.66,6.9,6.9,,,5.1,,5.1,,4.5,,4.5,
3538501,0.757,0.74,0.823,0.711,0.49,3.54,10.36,27.16,37.61,12.42,12.11,665.74,130.01,2504.0,283.36,448.93,684.94,1779.57,0.43,74.38,1.6,15.7,18.18,42.55,94.07,82.37,197854.114,211421.675,227360.717,14661.29,16927.28,18203.42,185563.454,4666.264,36176.23,90118.282,54602.678,12290.66,536,3,208,2.0,20.0,9.0,13,12.0,4.0,14.0,109,10.0,12.0,1.0,19.0,1.0,10.0,,59,18.0,12,,1916,498,183,26.0,62.0,11.0,31.0,27.0,7.0,48.0,333,24.0,42.0,4.0,490.0,,13.0,,44.0,35.0,38,1427,498,1.0,23.0,41.0,2.0,18.0,14.0,1.0,33.0,212,15.0,26.0,4.0,472.0,,6.0,,15.0,21.0,25.0,2.4,64616,21241,10.0,805.0,910.0,49.0,614.0,1979.0,13.0,1587.0,5442,465.0,606.0,214.0,28928.0,,87.0,,226.0,446.0,997,61338387.81,5300776.2,56037611.61,5998240.13,5754794.8,243445.33,,483995.42,2291440.54,,,,59050408.41,101053.74,,,,2090000.0,,6967121.52,58688638.3,70015138.24,2090000.0,67925138.24,63472851.99,65655759.82,5721910.22,57750941.77,7.0,7.0,,,5.2,,5.2,,4.4,,4.4,
3538600,0.739,0.625,0.851,0.758,0.57,2.01,5.08,20.59,50.55,11.34,17.83,893.05,173.29,4513.99,333.14,489.97,688.47,2788.43,0.61,76.03,1.69,13.2,15.28,43.98,94.98,84.79,661695.603,708921.401,799448.681,23959.72,27235.83,30713.77,588492.316,34499.769,104961.994,329290.946,119739.608,73203.287,2479,10,795,10.0,101.0,25.0,148,67.0,76.0,118.0,496,114.0,61.0,2.0,167.0,4.0,44.0,,126,69.0,46,,8507,1016,862,30.0,230.0,45.0,887.0,180.0,196.0,325.0,1709,235.0,157.0,56.0,1839.0,9.0,64.0,,178.0,387.0,102,5609,1016,72.0,13.0,112.0,12.0,703.0,63.0,28.0,172.0,1140,71.0,79.0,56.0,1638.0,1.0,10.0,,88.0,293.0,42.0,2.1,209001,57080,1694.0,1310.0,3089.0,275.0,20735.0,6105.0,800.0,5209.0,35409,1939.0,1188.0,3720.0,56961.0,50.0,247.0,,2956.0,8353.0,1879,178338372.15,4100865.54,174237506.61,43399002.94,40094396.44,3304606.5,,8359282.99,6628912.16,,,137724.7,134282107.39,2173110.66,,198477.0,,6606641.93,,10523314.63,179300425.24,201785259.77,6805118.93,194980140.84,180565623.05,189823739.87,4108376.18,176457246.87,7.0,7.0,,,5.5,5.5,5.5,,4.5,,4.5,
3538709,0.785,0.717,0.848,0.797,0.52,0.94,3.11,11.62,42.68,11.93,14.31,1143.2,229.56,4879.41,452.32,676.91,1061.55,3293.19,0.49,75.88,1.53,14.44,16.18,40.66,95.07,85.02,34555723.85,42063296.89,44351587.75,84225.76,99364.54,104770.09,26672674.559,168945.818,9974330.039,14606754.804,1922643.897,7883049.291,33442,25,6537,94.0,1373.0,451.0,2880,1008.0,1060.0,2395.0,8359,1639.0,945.0,25.0,2129.0,14.0,654.0,,1393,1447.0,1014,29183.0,192230,9129,4135,2547.0,7371.0,1500.0,16626.0,8276.0,3002.0,8689.0,41866,8219.0,11081.0,222.0,44982.0,80.0,1977.0,,3198.0,10543.0,8787,153770,9128,791.0,2434.0,5756.0,920.0,13348.0,6560.0,741.0,5283.0,31698,5829.0,9888.0,207.0,42094.0,57.0,1107.0,,1814.0,8496.0,7619.0,3.1,8576574,877709,25358.0,117452.0,176907.0,28526.0,561893.0,566164.0,23146.0,302353.0,1352178,238198.0,677926.0,12751.0,2746307.0,3940.0,71370.0,,74010.0,367680.0,352705,3002859365.63,172654412.25,2830204953.38,958375308.34,851914301.68,106461006.66,,34101455.83,145073749.2,,,389839112.29,1848130286.39,91178199.82,72656717.95,4897955.26,2226935.11,7884999.48,,203220033.69,2994425998.03,3554364719.67,87666607.8,3466698111.87,3021518000.28,3197646031.72,172674074.13,2848843926.15,7.0,6.9,8.2,,5.6,,5.6,,4.8,5.6,4.6,6.0
3538808,0.758,0.699,0.843,0.74,0.48,0.23,3.71,17.88,38.54,13.63,11.31,801.23,194.62,3088.32,351.34,501.73,777.46,2183.27,0.41,75.59,1.8,13.8,16.01,46.05,94.75,84.16,926203.349,976905.834,1088629.415,30945.65,33187.45,36982.93,855686.035,91329.86,126489.912,496909.843,140956.42,70517.313,3087,11,1465,9.0,111.0,29.0,98,37.0,46.0,149.0,570,58.0,79.0,7.0,79.0,8.0,43.0,,98,129.0,61,,10051,952,1092,32.0,430.0,62.0,287.0,135.0,110.0,310.0,2466,495.0,1171.0,95.0,956.0,67.0,316.0,,153.0,706.0,216,7010,952,15.0,13.0,292.0,30.0,167.0,86.0,24.0,108.0,1801,415.0,1076.0,94.0,851.0,49.0,263.0,,74.0,550.0,150.0,2.2,284803,56233,947.0,1350.0,8089.0,628.0,3074.0,7978.0,748.0,3230.0,59771,16389.0,53077.0,8016.0,23943.0,1987.0,9637.0,,1611.0,22731.0,5365,155734738.55,7248388.69,148486349.86,32043864.45,30321392.33,1722472.12,,1694865.22,1769024.45,,,497896.47,144428259.76,2702440.06,,,,4795790.07,,8160473.67,156726353.75,187932140.48,4795790.07,183136350.41,161562495.84,164886827.42,7312991.38,154249504.46,7.0,7.0,,,5.4,,5.4,,4.8,,4.8,
3538907,0.749,0.672,0.853,0.734,0.47,0.6,4.15,17.8,38.39,14.05,10.93,770.38,191.14,2957.75,350.11,517.18,747.97,2048.08,0.4,76.18,1.91,12.0,13.92,39.83,94.74,85.12,540057.892,582403.026,737808.736,20820.31,25964.2,32892.37,504639.73,88930.161,37446.002,269193.483,109070.085,35418.162,2399,14,1500,2.0,51.0,20.0,63,17.0,23.0,71.0,336,35.0,19.0,3.0,48.0,,19.0,,75,77.0,26,,6371,1461,1326,29.0,133.0,51.0,148.0,61.0,51.0,150.0,1166,430.0,105.0,8.0,333.0,,31.0,,55.0,706.0,127,4343,1461,314.0,29.0,70.0,31.0,77.0,35.0,1.0,61.0,776,390.0,83.0,8.0,270.0,,11.0,,21.0,604.0,101.0,2.5,191674,104339,12335.0,2228.0,1750.0,944.0,1391.0,4318.0,24.0,1453.0,22402,8247.0,2665.0,620.0,6630.0,,772.0,,884.0,17915.0,2757,123890271.75,10094870.78,113795400.97,17375942.91,15323907.64,2052035.27,,1933584.73,3084372.61,,,7427319.44,118197303.05,1021574.56,,,,3396726.97,,14049679.38,119742608.81,152436824.27,3396726.97,149040097.3,128309871.94,133792288.19,10549773.91,117760098.03,6.1,6.1,,,4.8,,4.8,,4.3,,4.3,
3539004,0.756,0.701,0.837,0.735,0.38,0.45,1.41,10.8,29.03,17.7,6.56,774.99,244.98,2250.02,440.94,614.12,854.82,1720.92,0.24,75.19,1.6,13.3,15.43,41.11,94.18,83.71,364797.71,422167.619,535545.259,31655.48,38784.35,49200.3,333445.407,47357.201,73598.801,160335.446,52153.959,31352.303,2351,9,1690,2.0,22.0,13.0,34,19.0,13.0,37.0,247,21.0,10.0,1.0,21.0,1.0,15.0,,50,42.0,104,,4360,308,1239,18.0,59.0,20.0,66.0,64.0,22.0,76.0,920,56.0,51.0,8.0,707.0,2.0,19.0,,77.0,351.0,297,2523,308,187.0,14.0,34.0,4.0,25.0,34.0,3.0,33.0,621,27.0,41.0,8.0,684.0,,3.0,,42.0,296.0,159.0,2.3,109034,17321,9475.0,385.0,684.0,95.0,782.0,2829.0,62.0,605.0,20429,687.0,824.0,519.0,37280.0,,125.0,,529.0,9433.0,6969,60710694.45,1190341.34,59520353.11,9224504.26,7863741.47,1360762.79,,,917003.46,,,331426.83,66674245.77,169188.89,,213300.0,,67395.19,,2755781.76,61228502.01,77597064.4,280695.19,77316369.21,61802902.63,63984283.77,1191741.34,60611161.29,7.2,7.2,,,5.8,,5.8,,4.9,,4.9,
3539103,0.727,0.698,0.81,0.679,0.47,2.55,9.88,33.44,37.51,14.09,10.65,546.69,137.97,2050.9,247.07,365.0,549.35,1436.58,0.4,73.59,2.39,17.0,19.66,51.08,93.61,81.18,826672.314,713384.886,693313.531,42495.88,38834.23,37741.62,749823.205,232.06,358646.969,286915.08,104029.096,76849.109,831,10,19,7.0,18.0,14.0,72,7.0,5.0,42.0,182,33.0,31.0,7.0,53.0,7.0,172.0,,108,13.0,31,,4218,1221,22,43.0,40.0,30.0,595.0,16.0,8.0,97.0,782,161.0,36.0,1.0,755.0,33.0,263.0,,52.0,21.0,42,3273,1221,4.0,41.0,21.0,13.0,497.0,8.0,,44.0,563,118.0,3.0,,692.0,19.0,,,10.0,8.0,11.0,2.0,123139,46330,32.0,2455.0,367.0,535.0,9265.0,646.0,12.0,844.0,15752,1702.0,83.0,,43475.0,660.0,,,416.0,208.0,356,114050370.69,5400930.82,108649439.87,14951313.02,14013325.01,937988.01,,4417299.04,6017589.6,,,,113885657.62,836908.65,,,,1934538.81,,7713447.16,115497827.58,142043306.74,1934538.81,140108767.93,117437093.93,123211274.74,5553692.18,111883401.75,5.5,5.5,,,4.6,4.6,,,3.9,,3.9,
3539202,0.776,0.733,0.863,0.74,0.52,1.09,6.17,21.21,43.18,12.54,13.78,798.0,166.04,3446.0,334.11,499.37,711.31,2277.52,0.48,76.79,1.7,12.1,14.03,43.56,95.38,85.87,927781.106,1226915.658,1410928.462,33165.84,48402.86,55662.32,818052.157,34317.905,285286.432,371560.44,126887.38,109728.949,2074,10,914,3.0,48.0,19.0,107,40.0,26.0,83.0,411,51.0,45.0,2.0,51.0,,20.0,,68,95.0,81,,8029,987,817,16.0,346.0,26.0,530.0,135.0,55.0,247.0,1553,267.0,182.0,42.0,2014.0,,69.0,,207.0,258.0,278,5944,987,114.0,12.0,284.0,7.0,395.0,65.0,13.0,135.0,1077,207.0,127.0,42.0,1942.0,,46.0,,160.0,137.0,194.0,2.1,232027,43103,3410.0,1128.0,7702.0,156.0,9790.0,5889.0,471.0,5238.0,34835,8801.0,3817.0,2556.0,89559.0,,1789.0,,3528.0,4485.0,5769,138346710.54,6925277.35,131421433.19,21777974.91,18087405.97,3687065.67,3503.27,763273.79,2729504.01,,,,127788243.47,1747866.13,,618515.0,,3636612.58,,7767249.55,134904831.66,159061989.89,4255127.58,154806862.31,141487974.18,142672081.21,7085018.79,134402955.39,6.8,6.8,,,5.4,,5.4,,4.4,,4.4,
3539301,0.801,0.736,0.884,0.789,0.51,0.43,3.16,12.08,41.79,12.42,13.46,1086.22,226.97,4539.17,447.34,664.88,1009.72,3065.51,0.47,78.03,1.74,10.42,12.09,42.74,95.97,87.51,3312332.24,3844918.464,4304413.432,42833.73,52279.81,58527.61,2829000.866,128540.359,592377.464,1720941.361,387141.683,483331.373,5949,14,2378,8.0,227.0,56.0,305,92.0,69.0,267.0,1212,126.0,160.0,6.0,213.0,4.0,83.0,,299,287.0,143,5101.0,29788,2320,1936,333.0,1035.0,241.0,1470.0,402.0,166.0,659.0,5884,542.0,4389.0,70.0,7130.0,7.0,178.0,,488.0,1697.0,841,23701,2320,393.0,325.0,766.0,164.0,1098.0,215.0,31.0,285.0,4369,373.0,4179.0,61.0,6842.0,,82.0,,244.0,1278.0,676.0,2.6,1139815,129872,21861.0,16364.0,22490.0,5267.0,41836.0,20325.0,821.0,7140.0,149215,8837.0,257778.0,3829.0,369466.0,46.0,2279.0,,6933.0,46793.0,28664,392655409.14,6467001.47,386188407.67,95165458.53,83608651.56,10908254.46,648552.51,3845504.5,8424508.85,,,49424945.22,301746978.46,5631948.49,,1079629.65,,935699.87,85269.84,9693632.6,414601480.85,466339943.41,2100599.36,464239344.05,408494750.79,424295113.45,6496420.58,401998330.21,6.1,6.1,,,5.2,,5.2,,4.3,,4.3,
3539400,0.779,0.723,0.859,0.762,0.48,1.44,3.54,12.94,37.62,13.84,10.87,917.62,212.71,3451.89,422.5,587.17,908.03,2455.98,0.38,76.53,2.05,12.5,14.46,44.71,95.24,85.5,278466.987,325773.121,389654.818,20048.02,21564.38,25791.29,258025.851,35313.439,22352.562,141605.355,58754.494,20441.136,1835,9,911,8.0,46.0,17.0,71,18.0,31.0,71.0,310,54.0,27.0,,70.0,2.0,19.0,,83,41.0,47,,4374,536,901,62.0,121.0,69.0,132.0,41.0,57.0,141.0,854,122.0,220.0,,542.0,15.0,27.0,,231.0,214.0,89,2472,536,115.0,50.0,71.0,47.0,41.0,7.0,12.0,48.0,470,52.0,184.0,,456.0,8.0,5.0,,171.0,161.0,38.0,1.9,93166,26839,5659.0,3177.0,1762.0,1291.0,874.0,829.0,1971.0,584.0,14901,1950.0,5368.0,,13591.0,395.0,115.0,,4476.0,8007.0,1378,103480643.9,1254342.72,102226301.18,25560053.48,25058174.62,501779.98,98.88,4032571.63,1775329.06,,,,75638611.42,1077641.98,,70699.08,,2678732.19,1914.84,3198647.7,103437900.37,110835553.68,2751346.11,108084207.57,104050999.19,106636548.07,1254342.72,102796656.47,6.5,6.5,,,4.9,,4.9,,4.1,,4.1,
3539509,0.723,0.651,0.83,0.699,0.41,2.18,6.4,20.0,31.42,15.67,8.02,620.66,162.53,1949.96,323.69,486.39,690.28,1445.51,0.31,74.77,2.36,15.1,17.47,46.61,94.29,82.95,1389560.822,1637314.793,1830159.52,34369.55,48622.52,54349.34,1230326.732,97629.338,240279.826,715107.412,177310.155,159234.09,2868,9,1588,3.0,113.0,22.0,61,51.0,29.0,89.0,473,42.0,41.0,8.0,58.0,3.0,20.0,,90,72.0,96,,11219,977,1516,23.0,278.0,55.0,496.0,154.0,61.0,173.0,1862,96.0,334.0,37.0,4351.0,4.0,58.0,,83.0,389.0,272,8812,977,540.0,18.0,153.0,30.0,428.0,76.0,8.0,68.0,1363,34.0,277.0,31.0,4272.0,1.0,40.0,,36.0,293.0,167.0,2.8,486623,66685,28613.0,588.0,3375.0,832.0,7039.0,7837.0,231.0,2148.0,44475,838.0,4784.0,2158.0,297616.0,31.0,1761.0,,996.0,9959.0,6658,206608661.99,13232281.55,193376380.44,34150791.16,30589480.12,3554271.46,7039.58,8331989.69,4371358.05,,,5683387.39,188705900.98,1755750.64,4665250.98,7082.11,,5275145.17,,17968048.81,209766666.67,252946656.17,9947478.26,242999177.91,218022886.23,227734715.48,13322565.37,204700320.86,7.0,7.0,,,5.2,4.6,5.4,,4.5,,4.5,
3539608,0.719,0.639,0.853,0.683,0.37,0.56,4.61,20.83,28.45,17.69,6.43,560.64,182.1,1594.79,313.85,458.05,637.26,1229.6,0.25,76.19,2.54,13.0,15.02,43.73,95.07,85.02,193761.556,231891.37,331486.812,36082.23,52834.67,75526.73,176549.449,44812.981,44986.379,50656.264,36093.825,17212.107,1094,7,856,4.0,9.0,3.0,20,2.0,2.0,5.0,77,11.0,4.0,2.0,17.0,3.0,,,30,5.0,37,,3677,382,2349,6.0,17.0,5.0,37.0,4.0,5.0,7.0,157,70.0,5.0,14.0,527.0,4.0,,,18.0,6.0,64,2781,382,1705.0,2.0,8.0,2.0,12.0,4.0,,,70,57.0,1.0,,504.0,3.0,,,4.0,2.0,25.0,2.7,149338,15938,98916.0,219.0,180.0,80.0,392.0,415.0,,,1977,1128.0,18.0,,28730.0,77.0,,,58.0,15.0,1193,41734166.07,753211.16,40980954.91,4304047.35,4157760.04,146287.31,,,276676.17,,,,50293465.47,48497.38,,,,806372.86,,973795.43,45449513.33,55729059.23,806372.86,54922686.37,45899715.48,46423308.76,761432.96,45138282.52,6.6,6.6,,,5.0,,5.0,,4.5,,4.5,
3539707,0.719,0.652,0.824,0.691,0.49,1.66,6.51,30.23,40.97,14.01,11.7,591.1,153.45,2421.62,260.58,368.13,552.95,1630.77,0.44,74.41,2.36,15.6,18.09,49.86,94.09,82.42,120018.909,139776.855,160405.565,33283.11,46130.98,53026.63,108095.002,44723.913,13437.68,25511.078,24422.331,11923.906,1079,5,974,1.0,3.0,1.0,2,2.0,2.0,2.0,34,7.0,4.0,,5.0,,,,29,2.0,6,,1270,267,608,1.0,4.0,1.0,2.0,12.0,3.0,2.0,72,14.0,26.0,,242.0,,,,7.0,1.0,8,571,267,1.0,1.0,,,,5.0,,,32,5.0,22.0,,235.0,,,,2.0,,1.0,2.8,27346,14032,24.0,65.0,,,,170.0,,,967,38.0,574.0,,11299.0,,,,101.0,,78,41436833.23,2696214.5,38740618.73,4074579.57,3947784.95,126794.62,,,1611955.28,,,,44552934.4,158797.05,,,,3497158.59,,6698517.8,40199872.88,53895424.89,3497158.59,50398266.3,42580777.12,46898390.68,2959737.72,39621039.4,7.1,7.1,,,4.8,,4.8,,3.9,,3.9,
3539806,0.771,0.754,0.856,0.71,0.43,2.34,6.8,21.99,31.91,14.67,8.7,664.31,161.72,2119.62,325.69,499.43,742.54,1596.72,0.34,76.33,1.61,12.8,14.79,41.77,95.14,85.21,3769347.372,4022934.981,4610760.103,31616.47,38769.67,44434.64,3258500.043,3513.614,1004374.56,1688507.023,562104.846,510847.329,5810,9,10,19.0,255.0,102.0,576,136.0,112.0,457.0,1752,352.0,183.0,3.0,434.0,1.0,621.0,,418,229.0,141,5702.0,32948,2413,12,103.0,1139.0,199.0,6653.0,495.0,254.0,820.0,6680,1540.0,1270.0,54.0,6934.0,,1586.0,,1212.0,939.0,645,25701,2413,3.0,75.0,845.0,70.0,6001.0,273.0,48.0,213.0,4641,1130.0,1049.0,54.0,6369.0,,543.0,,811.0,673.0,490.0,2.0,1050887,179305,98.0,8865.0,24275.0,1926.0,194204.0,14132.0,1196.0,5183.0,173179,37483.0,29962.0,5553.0,307300.0,,6798.0,,20226.0,22917.0,18287,486178238.85,10270506.7,475907732.15,139864843.2,119522020.56,20287587.33,55235.31,4566026.81,16299595.96,,,64015.26,376482519.37,21588050.26,8112007.61,319025.72,,7808748.7,39944.52,16180830.23,506596724.42,575144777.41,16279726.55,558865050.86,491889736.7,522777554.65,10692995.14,481196741.56,6.3,6.3,,,5.2,5.4,5.1,,4.6,,4.6,
3539905,0.766,0.717,0.853,0.736,0.39,0.0,0.65,8.83,31.72,17.66,7.19,778.41,260.16,2469.35,426.99,573.5,823.53,1829.68,0.26,76.18,1.87,12.0,13.92,47.14,94.74,85.12,154422.732,172111.564,199994.46,25044.23,30778.18,35764.39,139993.24,33294.854,30293.966,45648.986,30755.434,14429.492,1594,4,1321,2.0,4.0,5.0,23,7.0,6.0,12.0,102,6.0,5.0,,17.0,,7.0,,17,28.0,28,,2297,267,1016,4.0,9.0,9.0,344.0,12.0,16.0,21.0,226,39.0,7.0,,101.0,,6.0,,8.0,56.0,156,1060,267,109.0,3.0,4.0,4.0,312.0,8.0,,2.0,96,33.0,,,81.0,,2.0,,2.0,23.0,114.0,1.4,30121,11737,4281.0,358.0,70.0,121.0,4281.0,873.0,,38.0,2460,957.0,,,1616.0,,39.0,,46.0,731.0,2514,40655990.65,1919515.66,38736474.99,4098459.66,3728987.88,369471.78,,120862.06,1516446.59,,,101480.43,41904494.79,30361.17,,5521.44,,473629.57,,3435746.37,39379471.71,48251255.71,479151.01,47772104.7,40656150.65,42815218.08,1919515.66,38736634.99,6.7,,6.7,,5.5,,5.5,,5.0,,5.0,
3540002,0.786,0.748,0.864,0.75,0.47,0.94,3.43,15.76,38.18,14.03,10.89,850.38,201.92,3246.65,394.57,551.77,826.38,2280.03,0.39,76.81,1.58,12.1,14.01,42.35,95.39,85.89,1951861.434,2325356.654,2509065.063,87425.49,115139.47,124235.74,1657830.224,47880.902,841052.627,653537.436,115359.259,294031.211,2463,9,1277,5.0,61.0,14.0,73,55.0,16.0,67.0,410,30.0,50.0,3.0,129.0,,25.0,,82,113.0,44,,11173,801,795,68.0,235.0,38.0,477.0,202.0,38.0,200.0,1361,57.0,422.0,9.0,5484.0,,56.0,,206.0,558.0,166,8942,801,9.0,63.0,155.0,16.0,379.0,69.0,10.0,117.0,891,24.0,363.0,9.0,5303.0,,27.0,,157.0,433.0,116.0,3.8,635611,47879,327.0,3619.0,4837.0,544.0,33633.0,6911.0,239.0,9195.0,33367,1176.0,27788.0,617.0,436350.0,,755.0,,3626.0,21826.0,2920,182078258.09,6145728.22,175932529.87,23725706.68,23256485.12,469221.56,,52637.73,1247840.94,,,11443471.26,165927296.24,977988.98,,,,1081244.05,,6148288.22,181480415.07,204456185.88,1081244.05,203374941.83,187548666.7,187628703.29,6148288.22,181400378.48,7.2,7.2,,,5.5,,5.5,,4.4,,4.4,
3540101,0.755,0.701,0.844,0.727,0.45,0.0,3.34,18.62,36.8,15.46,9.52,736.33,200.87,2709.5,368.29,506.03,706.12,1889.32,0.34,75.65,1.87,13.8,15.91,41.87,94.78,84.25,94398.934,99853.716,124380.214,27887.43,29411.99,36636.29,89669.319,25946.722,4713.374,37104.152,21905.071,4729.615,849,7,663,2.0,13.0,2.0,7,3.0,1.0,12.0,66,8.0,3.0,2.0,6.0,3.0,8.0,,21,13.0,9,,1107,262,460,1.0,48.0,3.0,21.0,9.0,1.0,24.0,167,11.0,11.0,,36.0,4.0,13.0,,8.0,15.0,13,454,262,,1.0,32.0,1.0,9.0,5.0,,10.0,86,1.0,7.0,,30.0,1.0,3.0,,1.0,2.0,3.0,2.2,18392,11802,,84.0,709.0,32.0,95.0,712.0,,153.0,2348,86.0,138.0,,1892.0,39.0,75.0,,22.0,43.0,161,38107879.17,3682814.24,34425064.93,6545566.75,6334650.93,210915.82,,,670735.62,,,,36323263.7,346727.4,,,,2486838.37,,3716877.12,35217853.44,46373131.84,2486838.37,43886293.47,38934730.56,38934730.56,3716877.12,35217853.44,6.7,6.7,,,5.8,,5.8,,5.9,,5.9,
3540200,0.725,0.633,0.838,0.718,0.44,1.55,6.03,19.03,34.75,14.79,9.4,699.28,173.44,2430.23,343.54,520.31,740.18,1714.25,0.36,75.27,2.29,14.3,16.57,42.09,94.58,83.7,1462864.886,1667659.75,2153953.579,28285.96,44344.4,57275.34,1297782.58,81325.328,450923.587,540579.857,224953.808,165082.306,2231,10,691,4.0,99.0,28.0,66,38.0,18.0,69.0,448,51.0,39.0,2.0,133.0,,23.0,,106,119.0,287,,14433,1103,877,12.0,255.0,37.0,180.0,132.0,47.0,168.0,1590,170.0,296.0,1.0,6428.0,,57.0,,1815.0,435.0,830,12244,1103,492.0,6.0,154.0,5.0,114.0,65.0,14.0,82.0,1090,110.0,239.0,1.0,6241.0,,36.0,,1750.0,274.0,468.0,2.8,703377,84528,10702.0,176.0,4538.0,80.0,4544.0,5875.0,446.0,3284.0,36580,3039.0,9439.0,32.0,496283.0,,1235.0,,15358.0,10112.0,17126,190895192.37,3787788.2,187107404.17,27697930.84,26288466.78,1409464.06,,1624811.06,2234308.8,,,8182203.09,191376892.05,2495141.1,,370900.0,,3535976.0,854245.0,6311616.63,212529762.77,238372407.94,4761121.0,233611286.94,212382806.6,218841379.4,4244904.91,208137901.69,6.2,6.2,,,5.0,5.3,4.9,,4.3,,4.3,
3540259,0.702,0.604,0.847,0.677,0.38,0.57,4.26,19.36,31.74,18.73,6.78,541.56,191.32,1718.9,315.92,423.7,541.63,1226.27,0.25,75.84,1.97,13.5,15.59,43.14,94.88,84.52,98029.534,97316.213,131996.978,20773.37,23580.38,31983.76,94357.953,38924.762,3922.52,27381.924,24128.747,3671.581,927,6,819,1.0,4.0,2.0,4,1.0,2.0,11.0,32,2.0,1.0,,2.0,,,,27,9.0,4,,1076,245,635,1.0,8.0,3.0,18.0,4.0,14.0,13.0,76,9.0,1.0,,7.0,,,,9.0,11.0,22,350,245,12.0,1.0,3.0,,12.0,,1.0,1.0,40,7.0,,,5.0,,,,2.0,2.0,19.0,2.4,17538,13661,545.0,98.0,101.0,,379.0,,23.0,32.0,1063,288.0,,,102.0,,,,24.0,,1223,37080679.79,2862657.4,34218022.39,2158046.67,1922505.83,235540.84,,1595229.55,3014233.87,,,26243.87,36964258.17,41256.27,,,,,,3065697.97,35866589.2,43799268.4,,43799268.4,38545714.9,38932287.17,2882755.08,35662959.82,6.8,6.8,,,5.6,,5.6,,4.8,,4.8,
3540309,0.732,0.69,0.805,0.705,0.38,0.68,2.9,13.59,31.64,18.65,6.79,642.68,220.3,2033.55,379.09,503.25,649.22,1429.54,0.26,73.3,1.86,17.5,20.23,46.91,93.43,80.73,126662.711,115084.068,152498.657,49170.31,48212.85,63887.16,94930.902,23558.894,17561.669,32158.988,21651.352,31731.809,532,7,432,1.0,3.0,2.0,3,1.0,,5.0,33,2.0,3.0,,6.0,,1.0,,25,3.0,5,,1438,231,315,1.0,12.0,2.0,4.0,,,8.0,75,2.0,3.0,,765.0,,,,3.0,2.0,15,1050,231,3.0,1.0,9.0,,,,,1.0,33,,,,762.0,,,,,,10.0,3.0,60689,11448,94.0,117.0,352.0,,,,,10.0,1008,11.0,,,47075.0,,,,,5.0,569,45745443.5,2328105.3,43417338.2,4583635.98,4531230.17,52405.81,,1831602.49,478556.73,,,,41458560.69,517870.15,,130220.0,,1111977.72,,2851197.65,44404194.84,50112423.76,1242197.72,48870226.04,46315530.28,47255392.49,2351921.89,43963608.39,7.2,7.2,,,5.8,,5.8,,5.3,,5.3,
3540408,0.714,0.647,0.804,0.699,0.41,1.04,4.39,19.29,33.33,16.61,8.02,621.48,182.76,2071.45,333.53,478.24,627.0,1488.11,0.29,73.25,2.19,17.6,20.34,46.89,93.4,80.64,117259.827,120313.545,156037.352,28351.02,29152.79,37808.91,113269.967,46156.519,5126.137,35944.338,26042.974,3989.86,986,6,827,1.0,5.0,3.0,4,2.0,,11.0,73,2.0,1.0,,2.0,1.0,5.0,,25,13.0,5,,1213,180,716,3.0,9.0,4.0,12.0,3.0,,16.0,180,4.0,1.0,,6.0,2.0,16.0,,8.0,46.0,7,413,180,81.0,3.0,4.0,,4.0,,,2.0,87,,,,3.0,,9.0,,4.0,33.0,3.0,2.2,17697,10451,2711.0,349.0,98.0,,155.0,107.0,,71.0,2145,,,,114.0,,215.0,,72.0,1117.0,91,41968838.44,3316953.61,38651884.83,3396004.62,3263348.27,132656.35,,1263615.35,472400.15,,,,41704160.93,686810.35,,218945.15,,700000.0,47495.93,3575012.53,40283100.87,48489432.48,966441.08,47522991.4,43626878.73,43858113.4,3360003.27,40266875.46,6.7,6.7,,,6.2,,6.2,,5.7,,5.7,
3540507,0.703,0.578,0.864,0.696,0.48,3.18,12.11,26.59,38.81,13.37,11.61,606.65,121.69,2354.33,283.95,416.83,588.95,1624.48,0.41,76.81,2.31,12.1,14.01,47.98,95.39,85.89,233734.267,259914.531,309199.549,22903.9,24869.82,29585.64,219315.155,65062.559,16478.762,91472.273,46301.559,14419.112,1667,6,1281,2.0,22.0,9.0,26,17.0,11.0,33.0,133,18.0,11.0,,22.0,2.0,13.0,,43,8.0,10,,2910,431,1185,8.0,69.0,10.0,178.0,108.0,24.0,58.0,468,54.0,30.0,,172.0,5.0,18.0,,37.0,25.0,30,1339,431,40.0,8.0,37.0,2.0,150.0,83.0,7.0,19.0,311,29.0,22.0,,145.0,,10.0,,12.0,13.0,20.0,1.8,45627,19374,986.0,998.0,746.0,43.0,4196.0,2678.0,231.0,532.0,9057,425.0,795.0,,4023.0,,267.0,,198.0,337.0,741,57770235.5,4044935.16,53725300.34,11973964.79,11448023.14,525941.65,,649770.77,2295858.48,,,,55866086.26,911967.74,,,,608337.58,,6018075.76,56100412.88,72305985.62,608337.58,71697648.04,58240435.69,62118488.64,4068835.16,54171600.53,6.6,6.6,,,4.7,,4.7,,4.7,,4.7,
3540606,0.758,0.706,0.836,0.737,0.45,0.66,2.55,14.24,36.82,15.06,9.78,785.76,213.34,2893.54,378.3,539.45,772.69,2020.72,0.35,75.14,1.78,14.5,16.8,42.44,94.5,83.5,3754665.663,4346576.883,5067048.835,69921.89,76934.65,89687.04,2862101.308,227392.769,861156.651,1505563.877,267988.011,892564.355,5673,12,2769,15.0,162.0,53.0,277,58.0,85.0,187.0,934,186.0,78.0,9.0,294.0,10.0,74.0,,204,136.0,130,5119.0,23180,1980,2592,225.0,907.0,271.0,1121.0,207.0,210.0,397.0,3719,461.0,412.0,32.0,8104.0,162.0,237.0,,760.0,939.0,444,17557,1980,336.0,207.0,727.0,215.0,874.0,114.0,47.0,157.0,2639,225.0,316.0,23.0,7733.0,146.0,137.0,,597.0,783.0,301.0,2.8,927374,154645,13787.0,11063.0,24611.0,8688.0,37348.0,9748.0,1910.0,5414.0,106730,8848.0,11647.0,1838.0,436249.0,11740.0,6037.0,,26782.0,37242.0,13044,566762510.56,48665514.93,518096995.63,196983555.66,194505976.95,2477578.71,,20719739.13,31728813.24,,,29500605.48,318938461.27,10082053.3,,1871932.32,,1804407.67,,55264578.67,524945727.03,611629568.07,3676339.99,607953228.08,568384394.09,580210305.7,48705801.04,519678593.05,6.4,6.4,,,5.2,5.2,5.7,,4.4,,4.4,
3540705,0.751,0.696,0.827,0.736,0.45,0.65,4.01,16.01,35.71,14.64,9.76,779.0,194.93,2781.9,375.31,553.52,784.95,1979.81,0.35,74.63,1.77,15.3,17.72,42.53,94.22,82.75,2495873.112,2690983.419,3069355.36,43904.33,51111.77,58298.46,2032416.818,65186.806,810504.629,890768.826,265956.556,463456.294,4005,17,716,5.0,165.0,42.0,228,94.0,50.0,186.0,1326,81.0,75.0,3.0,367.0,11.0,56.0,,206,186.0,191,3701.0,21739,1651,616,106.0,650.0,205.0,622.0,321.0,182.0,461.0,5557,338.0,443.0,59.0,7685.0,20.0,127.0,,231.0,1146.0,1319,17135,1651,121.0,95.0,438.0,150.0,372.0,160.0,38.0,218.0,3953,234.0,358.0,49.0,7193.0,2.0,51.0,,91.0,872.0,1089.0,2.2,714138,105974,7601.0,4781.0,12368.0,4933.0,10795.0,10945.0,1396.0,7300.0,130288,6548.0,13864.0,2929.0,306138.0,186.0,1515.0,,2584.0,29646.0,54347,313462869.99,19772002.46,293690867.53,74690916.74,64655536.42,9421211.59,614168.73,16268325.89,55239059.49,,,556680.77,246389603.6,13544927.53,,3636561.99,,12069732.35,,22898191.9,317043648.2,422395808.36,15706294.34,406689514.02,329780110.98,339941840.1,19819442.39,309960668.59,6.8,6.8,,,5.3,5.7,5.1,,4.5,4.9,4.5,
3540754,0.697,0.646,0.806,0.651,0.37,1.53,8.5,30.4,27.01,17.59,6.14,460.22,145.59,1242.86,259.17,377.76,531.06,988.1,0.23,73.38,2.39,17.4,20.09,41.1,93.48,80.84,308459.434,333131.61,355270.826,12047.78,16336.39,17422.07,279058.261,2965.718,42569.123,129450.598,104072.821,29401.174,435,8,54,4.0,19.0,9.0,8,4.0,5.0,13.0,152,21.0,14.0,1.0,33.0,4.0,6.0,,55,17.0,8,,2305,915,41,30.0,55.0,24.0,14.0,12.0,6.0,16.0,567,70.0,40.0,,343.0,10.0,21.0,,54.0,77.0,10,1892,915,2.0,21.0,31.0,14.0,7.0,7.0,1.0,2.0,395,41.0,27.0,,303.0,8.0,16.0,,33.0,65.0,4.0,2.5,93404,60475,50.0,635.0,508.0,134.0,159.0,1409.0,,35.0,8998,1195.0,819.0,,14670.0,362.0,495.0,,1256.0,2029.0,175,80893668.79,10628453.86,70265214.93,7811181.68,6895337.22,915844.46,,623891.04,3967131.03,,,957098.56,95038972.74,581248.98,,,,5421991.42,,13520123.69,76350496.95,114401515.45,5421991.42,108979524.03,84303258.31,89870620.64,10633953.86,73669304.45,5.8,5.8,,,4.8,4.8,,,3.9,,3.9,
3540804,0.747,0.661,0.857,0.737,0.4,0.08,2.95,10.58,32.23,17.38,7.42,785.96,245.69,2532.91,437.22,579.71,833.63,1854.28,0.28,76.41,1.63,11.7,13.57,41.62,94.87,85.44,620168.928,738361.947,1017222.502,35101.25,39920.09,54996.89,561155.391,62041.144,186511.432,231343.072,81259.743,59013.537,2970,6,2057,2.0,39.0,15.0,47,13.0,39.0,50.0,308,78.0,20.0,1.0,72.0,,18.0,,73,69.0,63,,8135,674,1432,55.0,108.0,22.0,117.0,43.0,89.0,92.0,1121,463.0,62.0,,2954.0,,34.0,,88.0,245.0,536,5597,674,16.0,53.0,62.0,6.0,66.0,27.0,4.0,26.0,736,357.0,42.0,,2855.0,,15.0,,49.0,156.0,453.0,2.7,270859,36270,718.0,2132.0,1463.0,106.0,1546.0,3398.0,104.0,1084.0,21905,8771.0,897.0,,166840.0,,413.0,,1846.0,4735.0,18632,123393184.14,4244417.01,119148767.13,16152661.16,12834572.56,3318088.6,,5082452.9,1652747.85,,,4798924.22,114121199.72,667343.16,,,,5673561.73,,11759178.91,128511077.73,148148890.74,5673561.73,142475329.01,131424499.57,140270256.64,4418496.21,127006003.36,6.3,6.3,,,4.8,4.8,,,4.5,,4.5,
3540853,0.696,0.629,0.814,0.658,0.38,1.91,7.43,33.28,29.67,17.05,6.96,480.62,151.87,1425.99,257.94,390.93,521.76,1061.42,0.25,73.82,2.2,16.6,19.23,48.01,93.74,81.52,40969.449,36226.968,44001.326,9468.33,14052.35,17068.01,39835.908,5252.385,2023.387,11143.002,21417.133,1133.541,298,8,219,2.0,3.0,,9,,,1.0,18,,,,2.0,,2.0,,20,2.0,12,,695,445,153,2.0,3.0,,13.0,,,1.0,45,,,,3.0,,3.0,,4.0,3.0,20,490,445,4.0,1.0,,,3.0,,,,25,,,,1.0,,1.0,,2.0,,8.0,2.8,24628,23548,69.0,68.0,,,146.0,,,,515,,,,21.0,,,,21.0,8.0,231,23199700.4,626873.24,22572827.16,849956.41,784008.12,65948.29,,,204734.54,,,,28152657.03,158040.17,,,,503898.68,,899073.07,23069934.68,29869286.83,503898.68,29365388.15,23797831.85,23969007.75,824863.24,22972968.61,6.2,6.2,,,5.7,,5.7,,5.0,,5.0,
3540903,0.733,0.65,0.822,0.738,0.45,1.74,4.06,15.74,36.76,15.02,9.79,788.76,203.07,2899.29,389.41,570.76,793.38,1998.98,0.37,74.34,2.08,15.8,18.24,39.95,94.05,82.32,1096525.583,1224933.671,1456795.944,49306.42,71725.83,85302.49,916005.021,38146.789,395874.063,352138.853,129845.316,180520.562,1656,5,523,4.0,73.0,9.0,74,29.0,9.0,108.0,400,80.0,22.0,3.0,117.0,2.0,34.0,,41,55.0,68,,10513,843,463,12.0,190.0,18.0,1142.0,94.0,12.0,228.0,1087,351.0,73.0,18.0,5396.0,10.0,112.0,,106.0,106.0,252,8744,843,14.0,7.0,119.0,5.0,1058.0,38.0,1.0,108.0,617,250.0,35.0,8.0,5255.0,8.0,74.0,,82.0,47.0,175.0,2.2,350612,45316,375.0,135.0,3303.0,86.0,16659.0,4803.0,28.0,2349.0,18770,9604.0,1270.0,546.0,237230.0,367.0,619.0,,1514.0,1478.0,6161,122421995.58,6293785.05,116128210.53,17498425.05,16940983.21,557441.84,,1528175.77,1034130.48,,,3261092.91,114367397.64,1401574.63,,1063540.1,,4995697.38,34879.56,18172401.24,122135575.04,145184913.52,6094117.04,139090796.48,126368838.09,140307976.28,6476888.21,119891949.88,6.5,6.5,,,5.3,5.3,,,4.4,,4.4,
3541000,0.754,0.692,0.834,0.744,0.49,1.62,5.95,20.27,38.36,12.55,12.22,820.97,170.5,3149.15,344.75,530.13,825.75,2235.16,0.44,75.04,2.02,15.68,17.57,46.83,94.59,83.75,8727831.468,9984881.465,11396645.549,25940.64,28533.53,32567.89,8061761.989,5370.531,829936.303,5478764.798,1747690.357,666069.479,17358,20,13,30.0,1057.0,273.0,4490,280.0,635.0,1024.0,4480,2014.0,400.0,8.0,341.0,1.0,332.0,,914,804.0,242,16338.0,82669,13748,61,317.0,5422.0,810.0,12410.0,860.0,1433.0,2249.0,23370,6910.0,2702.0,67.0,3031.0,,933.0,,1942.0,4926.0,1478,64568,13748,48.0,292.0,4154.0,478.0,9259.0,430.0,449.0,992.0,18448,4571.0,2189.0,67.0,2616.0,,544.0,,1126.0,3901.0,1256.0,2.7,3152939,1448530,3989.0,17234.0,105194.0,10953.0,290266.0,38155.0,12303.0,29653.0,598901,158189.0,83659.0,4284.0,78263.0,,16998.0,,33439.0,173714.0,49217,2435202707.68,129505588.45,2305697119.23,1275870328.78,1109748056.69,165714136.85,408135.24,148068444.55,149689168.25,,,680027.5,1171856615.08,61054779.65,,351425.0,,46088515.62,,162010815.32,2501862078.21,2853659304.43,46439940.62,2807219363.81,2483606007.86,2663872893.53,129700118.62,2353905889.24,6.1,6.1,,,5.1,5.1,4.9,,4.6,,4.6,
3541059,0.701,0.633,0.798,0.681,0.4,0.0,5.01,23.57,32.57,17.15,7.59,553.4,169.68,1802.25,304.95,427.5,571.37,1293.54,0.27,72.86,2.26,18.2,21.11,46.23,93.16,80.05,126366.892,132254.685,252654.531,23527.63,25800.76,49288.83,117167.528,41597.294,8319.528,38295.405,28955.301,9199.365,611,4,389,2.0,16.0,4.0,10,4.0,3.0,6.0,70,5.0,6.0,,18.0,2.0,1.0,,29,4.0,38,,1453,257,354,1.0,30.0,6.0,13.0,15.0,4.0,9.0,236,6.0,8.0,,86.0,15.0,2.0,,12.0,13.0,386,952,257,78.0,1.0,12.0,,,7.0,,4.0,151,1.0,3.0,,60.0,12.0,2.0,,5.0,12.0,347.0,2.6,48348,12408,2709.0,109.0,437.0,,33.0,287.0,,118.0,4020,185.0,75.0,,2464.0,429.0,38.0,,117.0,325.0,24595,42785116.72,4141378.7,38643738.02,3173107.34,3111188.71,61918.63,,273221.33,707969.29,,,2332.0,43406818.54,65352.36,,,,6133690.28,,5051181.32,40076597.74,53762491.14,6133690.28,47628800.86,43739087.33,45127779.06,4142478.7,39596608.63,5.7,5.7,,,5.8,,5.8,,5.3,,5.3,
3541109,0.735,0.689,0.811,0.711,0.47,2.53,5.69,22.89,38.28,14.04,10.91,665.72,162.07,2548.16,305.26,448.66,655.04,1759.91,0.41,73.65,1.85,16.9,19.55,44.11,93.64,81.26,77332.792,81380.053,112971.57,19014.7,21393.28,29698.1,74281.265,24089.03,3404.973,24925.976,21861.285,3051.527,652,5,535,1.0,7.0,5.0,5,3.0,1.0,6.0,30,3.0,2.0,1.0,2.0,,2.0,,15,8.0,21,,899,217,424,2.0,8.0,5.0,7.0,7.0,,8.0,96,5.0,2.0,6.0,49.0,,,,13.0,10.0,40,356,217,2.0,2.0,2.0,,,1.0,,1.0,59,2.0,,6.0,45.0,,,,6.0,,13.0,1.8,12275,8685,59.0,102.0,37.0,,,107.0,,22.0,1452,38.0,,430.0,354.0,,,,100.0,,890,32572905.43,2851174.38,29721731.05,2753112.74,2652478.32,100634.42,,170035.14,1234695.37,,,17316.5,38148862.2,33393.68,,,,1261668.99,,7896648.1,30119110.91,43619084.62,1261668.99,42357415.63,33115684.55,38015759.01,3241310.82,29874373.73,6.3,,6.3,,5.2,,5.2,,4.6,,4.6,
3541208,0.757,0.719,0.839,0.718,0.46,2.14,6.52,23.74,35.48,13.44,10.56,695.29,158.27,2467.02,308.99,484.93,713.23,1811.72,0.38,75.34,1.4,14.2,16.45,43.73,94.61,83.8,331914.146,336492.11,351783.368,25644.3,23222.37,24277.67,303941.987,54727.507,17709.227,163406.16,68099.092,27972.159,3275,7,2692,2.0,27.0,11.0,37,17.0,7.0,53.0,170,19.0,15.0,1.0,27.0,,9.0,,70,82.0,29,,5148,842,2370,5.0,56.0,21.0,109.0,91.0,14.0,89.0,659,105.0,173.0,5.0,191.0,,10.0,,72.0,269.0,67,2341,842,233.0,3.0,24.0,7.0,55.0,59.0,,21.0,471,83.0,153.0,5.0,151.0,,1.0,,30.0,165.0,38.0,2.5,113595,61045,11392.0,342.0,533.0,156.0,2186.0,4028.0,,653.0,13695,2457.0,4682.0,167.0,4667.0,,43.0,,876.0,5299.0,1373,87645768.65,5977507.94,81668260.71,15642472.71,14947432.59,695040.12,,878516.78,1520387.19,,,41.1,85099895.01,358048.15,,,,1443094.48,,6085897.53,83389337.42,104942455.42,1443094.48,103499360.94,88955157.07,89475234.95,6000673.94,82954483.13,6.9,6.9,,,5.7,5.7,,,4.4,,4.4,
3541307,0.75,0.7,0.845,0.714,0.47,2.22,6.86,21.9,37.64,13.8,10.91,680.56,159.08,2561.75,310.41,458.98,670.49,1801.35,0.4,75.72,2.08,13.6,15.77,44.47,94.81,84.34,1325522.126,1570777.976,1521762.21,29738.9,39761.5,38520.75,1230241.205,95665.205,206442.422,740222.661,187910.916,95280.921,5029,5,3130,5.0,135.0,29.0,124,44.0,38.0,129.0,687,76.0,69.0,2.0,87.0,8.0,38.0,,204,103.0,116,,11068,1515,2685,40.0,534.0,56.0,312.0,141.0,84.0,236.0,2732,214.0,356.0,23.0,765.0,96.0,104.0,,317.0,525.0,333,6301,1515,18.0,22.0,389.0,21.0,179.0,86.0,14.0,82.0,1971,116.0,266.0,23.0,676.0,81.0,57.0,,167.0,401.0,217.0,2.1,247317,75140,538.0,2108.0,8257.0,392.0,5149.0,7517.0,339.0,2311.0,55231,4243.0,10434.0,1250.0,42640.0,2506.0,2240.0,,3627.0,12502.0,10891,201498526.31,10874288.11,190624238.2,31178921.26,26919864.93,4259056.33,,4176357.86,6667054.53,,,224083.85,195002868.81,2035875.61,,,,6979316.35,,16574586.94,213222808.46,246264478.27,6979316.35,239285161.92,214715928.07,229797395.4,11523764.44,203192163.63,7.1,6.5,7.4,,5.5,,5.5,,4.5,,4.2,
3541406,0.806,0.774,0.858,0.788,0.54,0.85,3.28,12.62,44.99,11.86,15.18,1080.22,220.44,4860.03,420.06,604.79,955.44,3194.88,0.51,76.49,1.48,12.1,14.03,41.11,95.14,85.23,9242189.133,10344114.975,11617598.706,39845.09,45837.76,51480.93,8200325.798,44943.632,1206432.864,6029072.116,919877.186,1041863.335,20528,33,2451,46.0,778.0,240.0,2293,784.0,501.0,1679.0,5444,827.0,529.0,15.0,810.0,7.0,509.0,,887,2136.0,559,19656.0,100319,6415,2708,402.0,4293.0,687.0,7596.0,3543.0,1353.0,4018.0,24397,3588.0,8424.0,447.0,12453.0,16.0,1633.0,,2706.0,12367.0,3273,73786,6411,430.0,349.0,3352.0,359.0,4386.0,1879.0,283.0,1524.0,17973,2459.0,7707.0,446.0,11429.0,7.0,950.0,,1915.0,9212.0,2715.0,2.5,3386441,407022,15827.0,32116.0,86105.0,8686.0,150898.0,150171.0,11182.0,56232.0,831454,75345.0,496391.0,30467.0,449431.0,151.0,48306.0,,48766.0,371289.0,116603,1145479343.23,63368119.37,1082111223.86,397373397.88,319856286.93,77501367.75,15743.2,70628957.06,60915234.97,,,,697076242.98,102785640.83,1934019.49,7146229.63,,20474490.31,,65700353.64,1083088402.33,1358334213.15,29554739.43,1328779473.72,1146120257.17,1148788755.97,63385319.37,1082734937.8,6.6,6.6,,,5.4,,5.4,,4.6,,4.6,
3541505,0.763,0.708,0.837,0.749,0.49,0.89,4.53,16.36,40.7,13.43,12.12,846.18,194.47,3443.58,373.8,538.94,789.12,2330.09,0.42,75.19,1.69,13.3,15.43,40.45,94.19,83.72,823130.043,912751.618,1096298.255,20760.95,25929.71,31143.95,761274.153,33876.117,33624.736,543918.302,149854.998,61855.89,3399,17,1615,6.0,84.0,22.0,123,58.0,36.0,134.0,627,66.0,62.0,1.0,76.0,1.0,41.0,,141,181.0,108,,10468,1780,1395,14.0,407.0,67.0,950.0,232.0,94.0,298.0,2758,215.0,370.0,21.0,490.0,2.0,145.0,,271.0,703.0,256,7076,1780,102.0,5.0,314.0,38.0,821.0,112.0,23.0,132.0,2041,130.0,286.0,21.0,401.0,1.0,90.0,,176.0,477.0,126.0,2.0,284770,117934,4818.0,112.0,7548.0,1028.0,22703.0,9340.0,770.0,4093.0,59392,4129.0,12352.0,783.0,11883.0,19.0,1995.0,,3999.0,16086.0,5787,225613641.4,20231909.99,205381731.41,29928613.61,26860784.38,3067829.23,,7632339.99,6205321.94,,,32240.0,159578208.76,5725379.43,1396067.36,,,3516010.98,,21535672.17,210708276.16,214014182.07,4912078.34,209102103.73,228766234.43,232243948.33,20274180.22,208492054.21,7.2,7.2,,,5.6,,5.6,,4.6,,4.6,
3541604,0.743,0.666,0.85,0.724,0.43,0.99,3.52,15.87,33.56,15.37,8.73,726.0,200.39,2436.41,357.71,529.73,773.73,1766.89,0.33,75.99,1.94,13.3,15.35,44.62,94.96,84.73,2115365.137,2922927.936,3349680.915,51330.11,83200.82,95348.29,1871682.363,97930.104,869918.623,702533.622,201300.014,243682.774,5069,8,3206,7.0,74.0,23.0,119,35.0,30.0,134.0,724,98.0,50.0,8.0,78.0,5.0,33.0,,122,123.0,192,,14793,1225,3108,57.0,198.0,43.0,424.0,121.0,60.0,267.0,2200,353.0,219.0,107.0,4801.0,12.0,61.0,,284.0,788.0,465,10286,1225,788.0,49.0,111.0,17.0,307.0,79.0,8.0,95.0,1336,225.0,155.0,94.0,4719.0,4.0,18.0,,187.0,637.0,232.0,2.2,402457,56093,48070.0,2843.0,2768.0,295.0,11170.0,7475.0,175.0,2712.0,37839,4675.0,4543.0,7983.0,176363.0,120.0,418.0,,2770.0,24613.0,11533,188429885.96,3590822.84,184839063.12,30849829.01,29721715.72,1125881.45,2231.84,,4834673.33,,,16076708.13,174507951.3,1309875.56,,101500.0,,4125945.57,113761.92,8250062.75,202578413.12,231920244.82,4341207.49,227579037.33,201381660.95,210828475.87,4057092.44,197324568.51,7.0,7.0,7.0,,4.9,,4.9,,3.4,,3.4,
3541653,0.678,0.541,0.822,0.7,0.49,1.09,9.37,31.17,39.67,13.18,12.04,625.35,145.33,2480.47,266.72,421.71,595.63,1702.93,0.4,74.3,2.48,15.8,18.33,47.02,94.02,82.25,144522.602,157133.527,209960.369,37038.08,46147.88,61662.37,137785.884,64414.798,4907.805,40333.172,28130.108,6736.719,831,7,696,2.0,8.0,4.0,7,3.0,10.0,5.0,39,11.0,4.0,,9.0,1.0,3.0,,16,4.0,2,,1228,263,618,1.0,128.0,6.0,13.0,5.0,6.0,6.0,111,20.0,5.0,,23.0,,8.0,,10.0,2.0,3,503,263,31.0,,116.0,2.0,3.0,3.0,,,58,7.0,,,6.0,,5.0,,8.0,,1.0,2.4,21939,14240,835.0,,3655.0,66.0,53.0,167.0,,,2065,298.0,,,170.0,,184.0,,160.0,,47,41722749.44,1720572.34,40002177.1,6818826.91,6673989.43,144837.48,,181501.65,603507.43,,,,39382306.53,401911.38,,,,864871.49,,2540199.97,41019295.7,48252925.39,864871.49,47388053.9,42315453.53,43559495.67,1720572.34,40594881.19,6.5,6.5,,,5.1,5.1,,,6.2,,6.2,
3541703,0.738,0.7,0.814,0.706,0.41,1.16,3.75,20.09,32.84,16.42,8.0,648.64,189.16,2130.02,343.35,492.19,667.13,1556.19,0.3,73.84,1.94,16.6,19.18,45.22,93.76,81.56,821158.912,917950.531,1087543.316,57387.58,69737.18,82621.23,717854.486,56280.547,266167.478,328347.114,67059.348,103304.426,1642,7,1128,7.0,18.0,13.0,32,8.0,5.0,37.0,179,11.0,19.0,1.0,28.0,,11.0,,49,49.0,40,,5441,713,787,38.0,82.0,25.0,157.0,25.0,16.0,66.0,570,40.0,130.0,5.0,2440.0,,33.0,,77.0,94.0,143,4094,713,7.0,24.0,62.0,11.0,122.0,21.0,,27.0,366,27.0,107.0,5.0,2406.0,,20.0,,38.0,42.0,96.0,2.6,196544,30277,370.0,1045.0,1717.0,345.0,5067.0,2561.0,,432.0,9751,878.0,6662.0,199.0,131432.0,,540.0,,1074.0,1229.0,2966,97645855.71,5238509.32,92407346.39,11295523.89,10436432.7,859091.19,,4147914.27,1501318.19,,,10180.4,89484088.34,735132.4,,,,3497753.0,,7609799.43,95789857.8,110671910.49,3497753.0,107174157.49,98371277.9,103399657.23,5238509.32,93132768.58,6.7,6.7,,,5.0,,5.0,,4.7,,4.7,
3541802,0.715,0.681,0.811,0.662,0.42,3.79,10.76,30.83,33.27,15.61,8.52,491.84,123.32,1636.42,260.63,382.86,521.87,1171.57,0.34,73.65,2.82,16.9,19.55,53.11,93.64,81.26,684733.345,747539.905,1095800.38,194914.13,228955.56,335620.33,607851.712,101587.799,314269.632,163503.105,28491.176,76881.633,400,5,310,1.0,4.0,1.0,3,1.0,2.0,2.0,31,4.0,2.0,,5.0,,,,19,5.0,5,,2557,404,156,1.0,15.0,2.0,2.0,,8.0,4.0,129,21.0,2.0,,1794.0,,,,2.0,4.0,13,2326,404,1.0,1.0,9.0,2.0,,,,2.0,91,17.0,,,1789.0,,,,1.0,,9.0,2.4,112376,16469,31.0,84.0,216.0,54.0,,29.0,,23.0,2440,1163.0,,,91338.0,,,,22.0,,505,48843231.72,4827851.46,44015380.26,3597963.22,3564933.76,33029.46,,210125.41,1401328.3,,,43863.26,52599400.51,61204.72,,,,5148030.32,,5891375.5,47036049.19,63061915.74,5148030.32,57913885.42,51495781.75,52927424.69,4831766.46,46664015.29,6.8,6.8,,,5.2,,5.2,,4.7,,4.7,
3541901,0.722,0.687,0.823,0.665,0.46,5.69,11.06,33.96,35.91,14.07,10.21,500.25,111.52,1796.48,240.3,350.4,519.47,1279.15,0.4,74.38,1.59,15.7,18.18,43.93,94.07,82.37,388523.141,451013.232,481508.718,28178.35,49242.63,52572.19,347140.505,4393.669,49016.47,225259.917,68470.448,41382.636,599,9,241,2.0,24.0,9.0,22,3.0,7.0,19.0,111,14.0,7.0,2.0,16.0,3.0,7.0,,42,21.0,40,,2464,620,211,5.0,387.0,10.0,38.0,17.0,18.0,195.0,521,47.0,17.0,55.0,121.0,44.0,17.0,,40.0,38.0,63,1906,620,1.0,5.0,353.0,1.0,18.0,15.0,1.0,169.0,405,34.0,6.0,55.0,110.0,39.0,12.0,,18.0,17.0,27.0,2.0,73145,29228,50.0,605.0,9151.0,24.0,284.0,1036.0,29.0,7043.0,12333,1087.0,118.0,3698.0,4328.0,1798.0,235.0,,579.0,370.0,1149,67375595.94,3006685.73,64368910.21,9126630.52,8201300.46,925330.06,,395608.06,606573.08,,,,67768929.53,673368.48,,,,1135856.0,,3171902.27,68538762.85,79706965.67,1135856.0,78571109.67,70400790.53,71710665.12,3142054.16,67258736.37,6.2,6.2,,,5.7,5.7,,,4.4,,4.4,
3542008,0.732,0.703,0.811,0.689,0.43,2.11,7.23,26.5,34.11,15.47,8.82,581.09,151.66,1981.86,297.7,437.28,585.58,1420.5,0.34,73.65,1.51,16.9,19.55,44.92,93.64,81.26,276283.799,326892.685,371696.18,41016.0,46446.82,52812.76,250516.132,55401.526,71633.619,89933.672,33547.315,25767.667,873,5,611,3.0,6.0,5.0,9,2.0,5.0,9.0,97,15.0,5.0,1.0,33.0,,2.0,,37,19.0,9,,1847,312,378,3.0,17.0,11.0,14.0,7.0,5.0,20.0,327,50.0,60.0,,475.0,,2.0,,18.0,119.0,29,1224,312,4.0,2.0,12.0,6.0,,6.0,2.0,12.0,217,34.0,56.0,,434.0,,,,4.0,103.0,20.0,2.2,55112,13895,138.0,198.0,337.0,113.0,20.0,410.0,67.0,352.0,7344,1558.0,1524.0,,24138.0,,,,115.0,3856.0,1047,53344819.31,3019317.84,50325501.47,4082269.48,3371400.0,710869.48,,,640571.23,,,,54545147.45,111261.27,,,,4034142.42,,4789797.03,51698907.41,63413391.85,4034142.42,59379249.43,53545205.36,56488704.44,3019317.84,50525887.52,6.9,6.9,,,5.7,,5.7,,4.1,,4.1,
3542107,0.745,0.696,0.823,0.722,0.4,1.47,3.48,12.66,31.25,17.3,7.22,717.07,218.89,2240.69,401.53,539.21,744.98,1679.15,0.28,74.37,1.79,15.7,18.19,43.87,94.07,82.36,442882.5,543863.159,594930.466,48529.75,60665.16,66361.46,382099.643,20286.315,174144.116,141670.81,45998.402,60782.858,883,5,431,,21.0,7.0,23,17.0,4.0,14.0,109,31.0,9.0,3.0,98.0,1.0,6.0,,51,8.0,45,,3768,450,234,,60.0,25.0,97.0,32.0,11.0,33.0,388,128.0,43.0,30.0,1964.0,13.0,10.0,,114.0,11.0,125,2960,450,,,41.0,11.0,61.0,5.0,,12.0,240,85.0,34.0,25.0,1829.0,8.0,3.0,,88.0,1.0,67.0,2.6,145080,21109,,,1406.0,260.0,2089.0,380.0,,320.0,7305,3249.0,2788.0,2005.0,98126.0,314.0,83.0,,2729.0,21.0,2893,70321696.7,6067523.4,64254173.3,10000294.38,9008739.49,991554.89,,3841760.78,611494.69,,,2259579.19,58974300.58,867022.22,1400000.0,,,8700.0,,6123191.95,73271796.52,77963151.84,1408700.0,76554451.84,79394988.47,79394988.47,6123191.95,73271796.52,7.0,7.0,,,5.3,,5.3,,4.7,,4.7,
3542206,0.751,0.683,0.861,0.72,0.47,1.5,5.23,20.37,37.94,14.38,10.55,707.37,174.2,2683.99,334.51,479.35,705.13,1848.44,0.39,76.64,2.02,12.3,14.27,45.13,95.3,85.65,1381836.35,1724782.502,1999656.704,46459.21,60332.39,69947.42,1256317.637,283382.561,281459.334,547758.116,143717.627,125518.713,4341,11,2739,6.0,106.0,28.0,93,53.0,51.0,87.0,577,48.0,38.0,4.0,79.0,,26.0,,86,123.0,186,,9794,1003,2019,8.0,380.0,64.0,189.0,216.0,104.0,259.0,1817,169.0,207.0,23.0,2061.0,,61.0,,114.0,598.0,502,6026,1003,106.0,,247.0,34.0,91.0,97.0,8.0,155.0,1204,99.0,146.0,21.0,1993.0,,28.0,,63.0,436.0,295.0,1.9,216822,45807,4191.0,,5501.0,856.0,2666.0,7349.0,136.0,5393.0,36690,3290.0,7810.0,1053.0,65751.0,,633.0,,2029.0,15409.0,12259,183454413.98,13979427.36,169474986.62,23199882.24,22918675.88,281206.36,,1058668.11,7325052.1,,,6838253.04,171375900.15,3200304.93,10475400.0,,,8719196.22,,17107698.82,181096906.39,232192656.79,19194596.22,212998060.57,187513121.89,198204605.21,14474763.34,173038358.55,7.0,7.0,,,5.6,,5.6,,4.5,,4.5,
3542305,0.657,0.56,0.799,0.633,0.45,7.55,14.96,45.76,33.51,14.07,9.53,411.77,93.93,1379.92,195.73,290.97,453.41,1026.56,0.33,72.95,2.33,18.1,20.93,51.07,93.22,80.19,66824.941,82130.385,122058.723,17461.44,18275.56,27160.37,63803.851,14008.206,3298.308,24434.812,22062.525,3021.09,823,4,696,1.0,6.0,3.0,12,1.0,,4.0,44,6.0,1.0,,8.0,,1.0,,15,8.0,13,,1310,322,688,2.0,13.0,4.0,36.0,5.0,,4.0,144,13.0,1.0,,37.0,,6.0,,5.0,10.0,20,570,322,75.0,2.0,7.0,1.0,21.0,5.0,,,90,4.0,,,27.0,,4.0,,2.0,2.0,8.0,1.9,19968,12157,2744.0,139.0,148.0,70.0,461.0,601.0,,,2411,125.0,,,768.0,,81.0,,32.0,37.0,195,34029425.84,1538846.42,32490579.42,2375333.39,2206197.76,169135.63,,84802.68,674489.49,,,201.88,38019980.17,115650.33,,,,1089570.27,,1906096.47,32527939.11,42360028.21,1089570.27,41270457.94,34411812.14,34434035.58,1902182.72,32509629.42,6.2,6.2,,,5.1,,5.1,,4.0,,4.0,
3542404,0.768,0.752,0.818,0.735,0.46,0.5,3.5,15.89,37.36,14.69,10.17,774.14,201.86,2891.84,366.87,529.25,768.6,1994.2,0.37,74.1,1.66,16.2,18.7,43.1,93.91,81.95,983725.278,1123239.391,1293798.465,47932.82,55757.73,64224.3,836090.34,72280.677,119719.467,534674.237,109415.958,147634.938,2223,7,1165,6.0,49.0,16.0,65,25.0,19.0,66.0,398,35.0,21.0,1.0,87.0,,21.0,,60,97.0,85,,7529,885,972,31.0,218.0,37.0,131.0,111.0,54.0,132.0,2349,127.0,215.0,13.0,1437.0,,96.0,,96.0,188.0,437,5314,885,1.0,26.0,158.0,19.0,56.0,74.0,16.0,49.0,1868,75.0,181.0,13.0,1331.0,,69.0,,57.0,80.0,356.0,2.2,216980,40725,106.0,1239.0,3875.0,532.0,2057.0,5620.0,425.0,1233.0,82107,2227.0,6019.0,436.0,50558.0,,2644.0,,1828.0,2758.0,12590,108002272.98,7936523.08,100065749.9,27667626.05,24703244.53,2964381.52,,2119611.86,2427906.66,,,,105751777.18,1770116.95,,,,3403214.86,,10814487.75,112853047.68,143140253.56,3403214.86,139737038.7,118051998.74,123667535.43,8090019.28,109961979.46,6.8,6.8,,,5.6,,5.6,,4.8,,4.8,
3542503,0.728,0.66,0.817,0.715,0.41,0.56,7.19,19.89,30.09,15.67,7.68,685.32,173.56,2062.02,363.4,535.72,752.24,1601.42,0.29,74.04,2.3,16.3,18.82,47.31,93.87,81.85,184875.117,197943.416,270644.409,18401.03,25834.43,35322.95,177906.417,69046.284,6299.308,55621.67,46939.155,6968.699,896,7,669,1.0,7.0,5.0,10,4.0,1.0,9.0,90,11.0,5.0,1.0,14.0,2.0,7.0,,31,16.0,6,,2347,688,1103,1.0,16.0,9.0,27.0,10.0,1.0,16.0,292,22.0,15.0,,61.0,1.0,24.0,,14.0,35.0,12,1624,688,595.0,,7.0,5.0,13.0,6.0,,5.0,199,11.0,8.0,,43.0,,16.0,,3.0,18.0,7.0,2.6,76779,45080,21859.0,,255.0,50.0,466.0,828.0,,133.0,4763,278.0,187.0,,1418.0,,446.0,,70.0,538.0,407,49344644.7,705621.03,48639023.67,5508798.95,5398497.0,110301.95,,418583.85,656718.66,,,1443815.55,52493607.28,64571.88,,,,1271307.55,,1141102.91,52553226.2,61857403.72,1271307.55,60586096.17,53326859.21,53694329.11,875837.93,52451021.28,6.6,6.6,,,4.8,,4.8,,4.0,,4.0,
3542602,0.754,0.702,0.851,0.718,0.52,1.74,10.24,29.5,41.18,11.43,14.41,699.41,135.8,2879.91,263.94,427.19,683.01,2003.77,0.49,76.08,1.95,13.1,15.19,49.74,95.01,84.86,2357409.327,2726881.038,2931914.98,41751.4,45488.96,48908.45,2080587.808,114879.81,163775.815,1531136.703,270795.48,276821.519,4203,19,1210,14.0,184.0,57.0,208,91.0,64.0,203.0,1119,108.0,116.0,4.0,117.0,19.0,45.0,,246,270.0,109,4014.0,21564,2211,1174,136.0,1174.0,144.0,1436.0,401.0,169.0,614.0,5572,582.0,3029.0,85.0,804.0,219.0,109.0,,381.0,2054.0,1270,16934,2211,84.0,126.0,958.0,85.0,1231.0,243.0,31.0,353.0,4311,437.0,2912.0,82.0,637.0,199.0,61.0,,169.0,1619.0,1185.0,5.6,1718396,1104198,1937.0,19131.0,24271.0,2499.0,30499.0,19029.0,941.0,12779.0,157662,15704.0,159034.0,5705.0,20490.0,10899.0,1306.0,,5484.0,72393.0,54435,319153532.3,6901704.0,312251828.3,79346947.15,69888205.68,9447751.16,10990.31,18307160.38,9721521.61,,,91835.43,263019608.67,6506575.54,,423536.4,,12096563.51,,11184867.55,332223646.32,389513748.69,12520099.91,376993648.78,325492001.32,343408513.87,7136266.03,318355735.29,6.6,6.6,,,5.3,,5.3,,4.9,,4.6,
3542701,0.705,0.639,0.826,0.664,0.38,3.51,8.2,26.95,27.69,16.91,6.55,499.24,141.39,1382.54,280.8,417.2,580.99,1070.31,0.27,74.55,2.33,15.4,17.86,49.26,94.17,82.62,211751.731,253224.678,311796.861,27280.56,39541.64,48687.83,197947.293,65327.198,31185.788,57624.834,43809.474,13804.438,928,3,669,4.0,8.0,3.0,18,5.0,4.0,8.0,80,19.0,8.0,,28.0,6.0,6.0,,37,10.0,12,,2098,320,576,4.0,24.0,15.0,123.0,11.0,10.0,13.0,162,337.0,10.0,,343.0,84.0,10.0,,27.0,10.0,19,1308,320,65.0,1.0,14.0,12.0,99.0,2.0,,1.0,76,317.0,4.0,,304.0,79.0,5.0,,4.0,,5.0,2.5,60711,17999,2703.0,119.0,472.0,354.0,1506.0,144.0,,20.0,2607,19454.0,107.0,,10743.0,3962.0,176.0,,75.0,,270,46103369.06,2865995.62,43237373.44,5731175.42,5006342.35,724833.07,,371096.1,566047.62,,,128.66,52100754.8,531831.23,,,,4067841.01,,3114032.07,48543313.75,63368874.84,4067841.01,59301033.83,50807760.88,51657345.82,2894140.25,47913620.63,6.2,6.2,,,4.4,4.4,,,4.1,,4.1,
3542800,0.698,0.673,0.797,0.635,0.47,2.82,20.47,50.15,36.73,13.16,11.16,416.85,100.6,1531.18,173.72,267.11,440.93,1111.0,0.39,72.83,2.51,18.3,21.17,58.25,93.14,80.0,62081.261,56194.05,61921.669,18699.17,17941.91,19770.65,58502.904,14888.842,2321.653,22349.047,18943.363,3578.356,496,2,423,,6.0,1.0,2,1.0,,1.0,16,3.0,4.0,3.0,4.0,2.0,,,21,1.0,6,,947,196,548,,19.0,1.0,40.0,2.0,,3.0,42,4.0,7.0,12.0,56.0,6.0,,,4.0,1.0,6,501,196,157.0,,10.0,,39.0,1.0,,,21,,4.0,12.0,52.0,4.0,,,2.0,,3.0,2.0,17280,8653,4134.0,,256.0,,1135.0,27.0,,,651,,115.0,840.0,1019.0,234.0,,,50.0,,165,32313363.89,2007321.63,30306042.26,1494798.16,1389985.86,104812.3,,,480512.57,,,,38392260.47,114096.28,,,,1452073.01,,2583734.5,32067065.94,41933740.49,1452073.01,40481667.48,33043040.44,34650800.44,2007321.63,31035718.81,7.0,7.0,,,5.5,,5.5,,4.8,,4.8,
3542909,0.712,0.625,0.811,0.712,0.46,0.29,4.85,21.17,38.26,14.96,10.23,673.96,184.4,2578.26,319.65,458.12,627.04,1800.94,0.36,73.66,2.45,16.9,19.54,47.93,93.65,81.27,371778.478,412615.322,494054.078,27794.44,37548.03,44958.97,349587.953,73855.425,31299.151,184693.109,59740.268,22190.526,1624,9,1030,1.0,33.0,13.0,41,12.0,11.0,41.0,190,25.0,16.0,1.0,33.0,2.0,8.0,,41,35.0,82,,3436,426,1137,,140.0,24.0,76.0,34.0,29.0,82.0,530,154.0,69.0,,319.0,16.0,15.0,,23.0,175.0,187,2051,426,448.0,,103.0,6.0,18.0,19.0,10.0,20.0,319,121.0,45.0,,274.0,6.0,3.0,,10.0,131.0,92.0,2.0,79608,20766,11295.0,,1572.0,167.0,509.0,2006.0,274.0,308.0,9608,16362.0,1405.0,,7741.0,228.0,40.0,,263.0,3915.0,3151,67209015.9,2076243.89,65132772.01,9385124.24,7604857.08,1767224.52,13042.64,,1124041.63,,,2867549.46,64081499.71,252239.16,,,,,,3937577.3,68718584.14,77710454.2,,77710454.2,68234902.09,72656161.44,2076243.89,66158658.2,5.9,5.9,,,5.0,5.0,,,,,,
3543006,0.639,0.553,0.797,0.592,0.46,9.6,27.15,59.29,34.81,13.41,10.38,318.44,63.14,1108.5,150.43,221.89,345.52,809.22,0.39,72.83,2.81,18.3,21.17,56.05,93.14,80.0,595498.967,445041.016,640748.923,37255.94,23892.25,34398.93,583091.465,378479.394,22176.25,107844.412,74591.408,12407.503,3323,8,2658,3.0,28.0,4.0,33,3.0,3.0,22.0,341,30.0,6.0,2.0,18.0,7.0,13.0,,45,56.0,43,,5071,596,2488,6.0,49.0,6.0,311.0,11.0,8.0,27.0,1162,61.0,17.0,,101.0,10.0,43.0,,36.0,64.0,75,2016,596,89.0,6.0,21.0,2.0,277.0,11.0,,6.0,816,27.0,8.0,,82.0,3.0,30.0,,7.0,8.0,27.0,1.7,65275,28791,2093.0,621.0,550.0,54.0,6761.0,774.0,,254.0,19656,852.0,45.0,,2499.0,102.0,715.0,,193.0,141.0,1176,111604204.22,9973116.08,101631088.14,7279667.17,6769515.16,510152.01,,122088.35,1525874.81,,,,116994797.77,2585099.73,1739250.19,,,7676124.57,,10431518.29,105819012.41,137922902.59,9415374.76,128507527.83,114857047.09,116250530.7,10132359.39,104724687.7,6.7,6.7,,,5.4,,5.4,,4.7,,4.7,
3543105,0.711,0.642,0.814,0.688,0.42,1.18,5.71,22.54,32.35,15.88,8.15,579.04,158.97,1873.04,300.9,438.76,615.65,1388.75,0.3,73.86,2.36,16.6,19.15,47.7,93.77,81.58,319057.831,211826.79,282574.463,66664.82,45969.36,61322.58,312087.373,206883.033,12518.718,62648.775,30036.847,6970.458,928,10,776,2.0,8.0,1.0,6,3.0,2.0,4.0,61,7.0,5.0,,14.0,,5.0,,13,3.0,8,,1201,243,546,2.0,14.0,1.0,11.0,7.0,2.0,3.0,171,18.0,5.0,,151.0,,2.0,,9.0,2.0,14,493,243,2.0,2.0,6.0,,2.0,7.0,,,87,5.0,,,132.0,,,,2.0,,5.0,2.2,20911,12643,62.0,230.0,111.0,,56.0,827.0,,,2052,122.0,,,4491.0,,4.0,,61.0,,251,43193662.18,3415767.68,39777894.5,3903231.01,3701761.63,201469.38,,204160.95,502185.93,,,19531.66,44067043.66,116155.91,470731.3,,,1786529.65,,3490757.21,41886145.17,51069570.07,2257260.95,48812309.12,45008864.6,45376902.38,3481604.74,41527259.86,6.2,6.2,,,5.1,5.1,,,4.2,,4.2,
3543204,0.747,0.676,0.818,0.753,0.59,1.01,5.82,20.83,54.3,11.47,18.94,866.43,181.17,4704.38,315.65,460.31,637.9,2779.11,0.66,74.05,1.73,16.2,18.79,45.89,93.88,81.87,224362.519,295843.701,326854.578,49451.73,63255.01,69885.52,203855.06,58713.303,12106.65,104315.168,28719.939,20507.46,1283,7,1080,1.0,10.0,2.0,7,3.0,3.0,18.0,57,12.0,3.0,,22.0,,6.0,,16,14.0,22,,1547,222,725,2.0,20.0,2.0,12.0,7.0,5.0,31.0,245,39.0,4.0,,116.0,,40.0,,12.0,20.0,45,606,222,1.0,2.0,8.0,,2.0,6.0,,9.0,178,24.0,,,92.0,,33.0,,5.0,5.0,19.0,2.1,23778,10433,65.0,129.0,161.0,,43.0,666.0,,215.0,7168,504.0,,,2771.0,,668.0,,97.0,91.0,765,39071464.4,1157316.72,37914147.68,2713534.04,2543811.19,169722.85,,337896.66,390774.62,,,9165.0,42554080.03,1181923.0,,,,1206890.6,,1623686.72,39835013.38,48394263.95,1206890.6,47187373.35,40196299.03,41458700.1,1159716.72,39036582.31,6.8,6.8,,,5.8,,5.8,,4.3,,4.3,
3543238,0.721,0.701,0.809,0.661,0.38,2.04,5.73,29.13,28.8,17.4,6.62,489.94,154.5,1411.24,271.69,393.26,548.52,1083.74,0.26,73.52,1.61,17.1,19.81,50.24,93.56,81.06,47000.592,45555.183,56509.323,21152.38,22496.39,27905.84,45428.867,13530.595,2079.879,12821.803,16996.59,1571.725,580,6,512,2.0,1.0,1.0,2,,2.0,2.0,24,,1.0,,5.0,,,,14,2.0,6,,809,284,399,3.0,1.0,2.0,6.0,,5.0,2.0,60,,1.0,,29.0,,,,6.0,1.0,10,346,284,1.0,1.0,,1.0,1.0,,,,33,,,,23.0,,,,,,2.0,1.8,11767,10170,23.0,55.0,,9.0,17.0,,,,906,,,,543.0,,,,,,45,25147653.6,527171.52,24620482.08,1031991.02,963824.3,68166.72,,1054719.82,439535.83,,,68788.87,30983535.98,910039.47,,,,349257.84,,878482.17,26503838.79,34837868.83,349257.84,34488610.99,27234823.16,27382320.96,762634.37,26472188.79,6.5,6.5,,,6.0,,6.0,,5.2,,5.2,
3543253,0.705,0.676,0.807,0.643,0.41,4.05,11.74,38.07,31.91,15.54,8.21,436.21,117.25,1391.95,221.73,335.07,480.33,1027.7,0.31,73.43,1.94,17.3,19.98,49.04,93.51,80.93,116991.72,114005.038,127268.877,15221.41,15302.69,17083.07,113133.721,33355.353,7966.09,33481.625,38330.653,3857.999,897,5,756,1.0,4.0,,3,1.0,2.0,10.0,45,9.0,4.0,,5.0,1.0,2.0,,32,10.0,7,,1507,401,751,1.0,9.0,,7.0,,4.0,17.0,153,47.0,5.0,,38.0,7.0,6.0,,24.0,14.0,23,632,401,8.0,1.0,5.0,,2.0,,,6.0,94,36.0,,,33.0,7.0,5.0,,10.0,9.0,15.0,1.9,21046,15955,116.0,81.0,147.0,,45.0,,,158.0,2606,731.0,,,450.0,,159.0,,244.0,191.0,162,52967026.15,3794715.51,49172310.64,4070105.69,3749710.64,320395.05,,2055721.69,1445211.46,,,,48101634.1,546520.28,,2400.0,,3927433.37,,5143290.43,50483825.84,60149026.59,3929833.37,56219193.22,54572416.45,55627116.27,4122280.51,50450135.94,7.3,7.3,,,5.7,,5.7,,4.9,,4.9,
3543303,0.784,0.76,0.847,0.749,0.44,0.99,3.39,14.19,33.89,14.56,9.31,847.11,210.99,2870.84,405.83,608.5,901.71,2112.2,0.35,75.81,1.56,12.01,13.93,38.3,94.61,83.78,3891002.63,4665685.953,4853228.612,31068.87,40374.92,41997.84,3341662.443,1771.047,868340.258,1974789.715,496761.422,549340.187,5011,10,27,9.0,253.0,79.0,470,99.0,98.0,386.0,1539,272.0,203.0,3.0,481.0,6.0,157.0,,305,374.0,240,4894.0,30438,3975,31,63.0,973.0,225.0,1541.0,451.0,212.0,868.0,7015,941.0,929.0,,8383.0,2.0,332.0,,497.0,1878.0,2122,24038,3975,2.0,55.0,663.0,121.0,986.0,287.0,21.0,385.0,5105,535.0,677.0,,7722.0,,130.0,,183.0,1352.0,1839.0,2.4,1080920,169986,27.0,3486.0,17921.0,3165.0,45212.0,20264.0,539.0,18088.0,184127,21531.0,26582.0,,402290.0,,4780.0,,5448.0,56038.0,101436,569410498.01,56874126.29,512536371.72,162721598.67,150315705.29,12405893.38,,23299592.57,11213693.9,,,364404.59,402364902.51,7954840.87,,,,15835433.69,,57214021.73,532206184.88,623754466.8,15835433.69,607919033.11,588690667.01,589420206.61,57214021.73,531476645.28,6.8,6.8,6.9,,5.5,5.5,5.5,,4.9,,4.9,
3543402,0.8,0.739,0.844,0.82,0.54,0.61,2.53,9.46,43.77,11.44,15.31,1314.04,253.64,5751.31,497.71,747.98,1185.91,3863.27,0.51,75.65,1.6,16.88,18.92,39.02,95.22,85.45,39955305.609,47434521.407,52306819.755,55484.54,67932.56,74869.27,35032881.825,120324.39,5374493.185,26672690.555,2865373.695,4922423.784,71567,57,1866,95.0,3033.0,879.0,9169,3036.0,2778.0,7293.0,19316,4418.0,2572.0,42.0,2775.0,4.0,2318.0,,2840,6850.0,2226,68378.0,359939,18033,3177,1582.0,16499.0,3594.0,46741.0,11266.0,6941.0,19878.0,89907,19631.0,19215.0,314.0,27320.0,181.0,11039.0,,6779.0,36708.0,21134,266512,18013,1177.0,1471.0,13055.0,2410.0,37628.0,5518.0,1587.0,9538.0,66915,12262.0,15390.0,285.0,23651.0,178.0,7782.0,,3837.0,27017.0,18798.0,2.6,12916854,1586156,74491.0,55697.0,402860.0,82064.0,1179531.0,581921.0,63967.0,393898.0,2869134,427523.0,1225608.0,28976.0,1188592.0,8948.0,456487.0,,142471.0,1242373.0,906157,4560174098.0,217857502.98,4342316595.02,1756158232.27,1728693710.26,27459694.35,4827.66,340874245.84,205841029.25,,,354207592.99,2155701439.4,160462066.84,91576544.91,839788.28,,17088825.63,,251491705.57,4728294539.7,5082749765.41,109505158.82,4973244606.59,4786157084.16,4979786245.27,225956490.49,4560200593.67,6.1,5.7,6.5,,4.8,4.5,5.0,,4.4,,4.4,
3543501,0.664,0.577,0.799,0.634,0.5,8.74,25.07,50.45,37.91,11.53,13.15,412.42,71.92,1563.4,165.81,271.47,437.29,1135.12,0.47,72.94,2.74,18.1,20.95,54.77,93.21,80.17,92796.33,102811.999,119164.482,17299.84,18362.56,21283.17,88622.191,27094.174,5038.52,28006.545,28482.952,4174.139,1055,7,902,1.0,3.0,4.0,8,4.0,2.0,6.0,61,5.0,1.0,,16.0,1.0,2.0,,18,10.0,4,,1476,266,794,4.0,3.0,3.0,14.0,9.0,2.0,10.0,200,15.0,1.0,,97.0,3.0,1.0,,16.0,28.0,10,535,266,16.0,4.0,,,3.0,6.0,,5.0,116,7.0,,,76.0,2.0,,,10.0,16.0,8.0,1.9,20530,12324,535.0,369.0,,,50.0,301.0,,28.0,3797,170.0,,,2009.0,34.0,,,228.0,430.0,256,42894169.33,2616515.26,40277654.07,3376566.85,3191163.29,185403.56,,291522.4,679934.25,,,27570.83,44925630.27,463314.48,,,,430000.0,,3274177.86,42769487.12,50194539.08,430000.0,49764539.08,43897690.74,46043664.98,2703431.06,41194259.68,5.9,5.9,,,5.3,,5.3,,4.7,,4.7,
3543600,0.74,0.69,0.824,0.713,0.45,1.8,5.18,22.66,34.57,14.22,9.72,677.62,171.41,2342.4,310.48,477.42,724.22,1700.23,0.35,74.42,2.1,15.6,18.09,45.49,94.1,82.44,191157.71,207289.248,232910.865,52357.63,51195.17,57523.06,175841.477,36130.572,40687.709,70364.227,28658.969,15316.233,638,8,294,4.0,52.0,15.0,42,7.0,12.0,11.0,83,31.0,7.0,3.0,12.0,1.0,7.0,,31,12.0,6,,1702,330,299,2.0,125.0,53.0,111.0,14.0,30.0,29.0,177,50.0,7.0,31.0,374.0,2.0,9.0,,27.0,13.0,19,1116,330,85.0,2.0,71.0,34.0,64.0,5.0,3.0,17.0,85,14.0,,31.0,352.0,,2.0,,6.0,2.0,13.0,2.0,41241,15246,2377.0,121.0,1448.0,988.0,2436.0,308.0,72.0,660.0,2655,272.0,,4518.0,9174.0,,70.0,,312.0,110.0,473,57659365.1,975492.41,56683872.69,15176765.76,13961182.52,1215583.24,,,1071592.24,,,51182.27,53519123.98,343912.32,,,,252683.31,,1703054.29,57177775.73,70415259.88,252683.31,70162576.57,58039865.9,58880830.02,975492.41,57064373.49,6.7,6.7,,,4.5,,4.5,,3.8,,3.8,
3543709,0.734,0.682,0.826,0.701,0.44,2.11,6.82,23.31,34.96,14.77,9.47,626.27,158.51,2189.65,304.12,451.55,641.66,1573.31,0.35,74.53,2.15,15.5,17.9,46.63,94.16,82.6,226043.187,252857.453,346936.887,20883.52,27792.64,38133.31,212058.062,47037.112,18982.225,93798.312,52240.413,13985.125,761,3,395,2.0,12.0,12.0,18,6.0,3.0,13.0,100,14.0,8.0,2.0,32.0,19.0,23.0,,46,16.0,37,,2126,409,554,1.0,36.0,15.0,144.0,17.0,4.0,27.0,248,40.0,79.0,7.0,209.0,68.0,28.0,,28.0,61.0,151,1508,409,320.0,,23.0,2.0,116.0,12.0,,13.0,137,21.0,66.0,7.0,176.0,47.0,,,8.0,49.0,102.0,2.0,57006,19014,10310.0,,568.0,50.0,3667.0,1418.0,,370.0,4210,602.0,1725.0,481.0,7592.0,1903.0,,,171.0,1392.0,3532,61481788.2,3946020.39,57535767.81,7950077.52,6615017.3,1311568.82,23491.4,451271.42,760364.46,,,1646484.14,60491714.58,261657.38,,,,2842053.25,,5716410.27,60908321.62,74403622.75,2842053.25,71561569.5,64314502.1,66624731.89,4011455.31,60303046.79,6.0,6.0,,,4.5,4.7,4.5,,,,,
3543808,0.723,0.644,0.843,0.696,0.43,1.05,5.17,21.28,36.33,16.54,8.79,606.9,188.38,2204.92,313.48,430.88,571.67,1532.39,0.32,75.59,2.04,13.8,16.01,46.75,94.75,84.15,349025.974,387787.637,495679.83,35113.28,41882.24,53534.92,325075.833,106189.324,54593.581,121641.767,42651.161,23950.141,2052,4,1707,1.0,18.0,10.0,12,10.0,5.0,16.0,121,6.0,9.0,1.0,41.0,2.0,7.0,,32,25.0,25,,3682,352,1244,3.0,59.0,20.0,17.0,33.0,15.0,45.0,462,14.0,13.0,,522.0,,13.0,,24.0,96.0,750,2104,352,71.0,2.0,34.0,8.0,3.0,19.0,,26.0,309,5.0,2.0,,469.0,,2.0,,9.0,71.0,722.0,2.6,79902,15593,1859.0,47.0,657.0,93.0,51.0,2091.0,,713.0,11168,294.0,81.0,,21694.0,,51.0,,186.0,2543.0,22780,54419217.8,1883890.41,52535327.39,7286055.02,6030090.43,1255964.59,,808503.57,1190693.79,,,3090474.79,52102280.74,193823.45,,,,1252831.5,,3312984.51,53560492.32,65924662.86,1252831.5,64671831.36,55143402.43,56873476.83,1890978.46,53252423.97,6.8,,6.8,,5.4,,5.4,,3.8,,3.8,
3543907,0.803,0.766,0.862,0.784,0.5,0.37,2.67,10.4,41.97,13.28,12.65,1049.16,245.45,4403.32,450.94,643.23,968.55,2938.37,0.43,76.72,1.82,13.47,15.1,40.87,95.55,86.33,13245335.958,13877679.58,15427116.506,63209.08,68899.9,76592.54,11070434.411,112216.836,4767917.619,5155244.741,1035055.215,2174901.547,14319,13,2220,45.0,650.0,174.0,1179,353.0,481.0,967.0,3865,657.0,354.0,9.0,1055.0,65.0,288.0,,724,714.0,506,13315.0,89246,4138,2446,551.0,2694.0,655.0,9688.0,1452.0,1250.0,2473.0,16514,4160.0,2917.0,107.0,26421.0,328.0,1159.0,,1372.0,6579.0,4342,72187,4138,788.0,493.0,1923.0,419.0,8453.0,791.0,260.0,1130.0,11774,3347.0,2475.0,107.0,25030.0,257.0,778.0,,665.0,5554.0,3805.0,2.8,3627454,304769,47450.0,34323.0,53991.0,12767.0,248327.0,64803.0,9207.0,44591.0,468909,168339.0,203084.0,7759.0,1461841.0,19750.0,33548.0,,25475.0,299872.0,118645,1262954013.02,103079995.7,1159874017.32,336270949.2,320388620.85,15544915.85,337412.5,47462143.01,8173135.85,,,157516531.89,876430777.45,43436568.39,,1483544.34,,6063140.38,,117841796.75,1342620006.16,1476836790.51,7546684.72,1469290105.79,1411186984.88,1460461802.91,109935506.78,1301251478.1,6.3,6.3,7.7,,5.4,5.2,5.4,,4.6,,4.6,
3544004,0.759,0.7,0.842,0.741,0.45,0.48,3.59,14.39,37.13,15.18,9.78,804.0,211.84,2985.29,398.5,554.15,790.56,2051.2,0.36,75.49,2.01,14.0,16.19,41.62,94.69,84.01,1787681.408,2124685.713,2037525.868,49338.49,67820.66,65038.49,1441666.842,29941.306,401905.016,834683.382,175137.138,346014.566,2470,8,1060,5.0,49.0,21.0,106,44.0,27.0,93.0,406,70.0,44.0,1.0,163.0,,31.0,,116,70.0,156,,10695,648,779,127.0,162.0,39.0,710.0,117.0,57.0,203.0,1728,261.0,167.0,,4698.0,,91.0,,162.0,167.0,579,8341,648,199.0,125.0,114.0,13.0,586.0,51.0,3.0,65.0,1217,136.0,113.0,,4475.0,,51.0,,85.0,72.0,388.0,3.0,484579,61299,17555.0,7015.0,2935.0,262.0,22302.0,4737.0,,2100.0,45158,7003.0,5410.0,,278296.0,,2964.0,,2026.0,1904.0,23615,186048732.21,5277907.93,180770824.28,44865000.0,43633000.0,1232000.0,,3000000.0,1067000.0,,,20000.0,136437000.0,1740000.0,,500000.0,101000.0,12270000.0,,5277907.93,182289537.08,200000000.0,12871000.0,187129000.0,187567445.01,187567445.01,5277907.93,182289537.08,6.5,6.5,,,5.3,5.2,5.6,,4.8,,4.8,
3544103,0.749,0.745,0.823,0.684,0.39,1.98,7.02,22.01,29.46,16.58,7.11,563.57,158.79,1660.09,308.29,448.46,631.56,1270.82,0.28,74.36,1.76,15.7,18.21,43.2,94.06,82.35,960727.232,1037153.032,1166050.396,18472.33,23480.94,26399.15,855800.954,843.112,162025.797,506839.251,186092.794,104926.279,799,13,15,7.0,30.0,14.0,45,15.0,3.0,40.0,253,68.0,32.0,1.0,48.0,1.0,25.0,,104,41.0,44,,4672,1135,14,13.0,75.0,21.0,143.0,40.0,7.0,116.0,950,295.0,107.0,,1264.0,,71.0,,86.0,163.0,172,3779,1135,,4.0,33.0,4.0,85.0,24.0,2.0,71.0,651,209.0,68.0,,1201.0,,39.0,,20.0,109.0,124.0,2.4,165197,40397,,855.0,772.0,58.0,2760.0,3276.0,49.0,1945.0,25670,8022.0,2907.0,,66136.0,,945.0,,584.0,3906.0,6915,155952059.39,5378716.38,150573343.01,25129404.91,19787273.67,5342131.24,,8360361.15,4499802.38,,,,139718271.01,2098911.39,2000000.0,,,6120106.28,,7478843.05,163601152.38,187926857.12,8120106.28,179806750.84,159429505.6,171079995.43,5378716.38,154050789.22,6.5,5.5,6.6,,5.1,,5.1,,4.6,,4.6,
3544202,0.703,0.629,0.817,0.677,0.4,1.94,6.24,26.31,30.82,16.46,7.49,539.22,160.26,1662.02,283.41,420.44,583.62,1243.44,0.28,74.04,2.39,16.2,18.79,46.52,93.87,81.86,268963.075,313423.066,390634.838,20921.21,30402.86,37892.6,258629.584,96918.132,14491.007,79811.807,67408.638,10333.491,1640,10,1335,4.0,14.0,4.0,26,2.0,7.0,11.0,101,9.0,13.0,,15.0,2.0,5.0,,40,28.0,14,,2677,949,990,6.0,35.0,4.0,75.0,8.0,10.0,23.0,308,26.0,32.0,,33.0,1.0,17.0,,18.0,101.0,41,1508,949,101.0,3.0,19.0,,47.0,8.0,2.0,10.0,196,16.0,17.0,,18.0,1.0,10.0,,7.0,76.0,28.0,2.7,72981,55698,3020.0,335.0,328.0,,2372.0,855.0,37.0,230.0,5697,254.0,349.0,,329.0,129.0,142.0,,189.0,2204.0,815,80953995.8,6597636.16,74356359.64,6595361.84,6481055.84,114306.0,,501931.93,556184.2,,,8123.76,80895490.21,1151993.79,955605.68,482400.0,,4013946.43,,8576580.2,79228742.37,95161037.84,5451952.11,89709085.73,86119756.27,87805322.57,6955270.69,79164485.58,6.3,6.3,,,5.5,5.5,,,4.3,,4.3,
3544251,0.764,0.728,0.818,0.749,0.6,4.84,11.37,30.43,50.52,9.23,21.88,843.59,118.42,4261.75,271.05,447.61,700.97,2693.96,0.68,74.1,2.08,16.2,18.7,45.32,93.91,81.95,1941771.839,1631427.68,1542730.941,121901.68,93545.17,88459.34,1921604.291,70908.157,1521544.537,208092.733,121058.863,20167.548,2551,9,1823,4.0,42.0,24.0,27,6.0,6.0,70.0,224,31.0,28.0,8.0,22.0,4.0,7.0,,94,97.0,25,,4807,748,1702,7.0,106.0,41.0,37.0,25.0,14.0,219.0,686,131.0,236.0,88.0,90.0,36.0,23.0,,88.0,485.0,45,2366,748,2.0,6.0,61.0,16.0,9.0,22.0,2.0,143.0,441,94.0,196.0,88.0,66.0,35.0,18.0,,23.0,371.0,25.0,2.7,118908,49348,51.0,513.0,1531.0,384.0,307.0,1987.0,74.0,4028.0,12617,2473.0,14916.0,10320.0,2321.0,1346.0,546.0,,693.0,14238.0,1215,134619428.99,3430078.26,131189350.73,17452547.1,17006640.44,445906.66,,1326471.74,1624293.08,,,24231.18,133413227.17,1117346.93,,,,1760828.23,3779264.97,4096525.78,135875503.94,160498210.4,5540093.2,154958117.2,136548579.12,139972029.72,3542260.86,133006318.26,6.9,7.0,6.9,,5.0,,5.0,,4.8,,4.8,
3544301,0.737,0.704,0.823,0.691,0.43,0.38,7.36,26.56,32.87,15.25,8.62,588.39,161.14,1934.01,287.43,416.88,618.22,1462.57,0.32,74.38,2.26,15.7,18.18,41.66,94.07,82.37,374786.246,416137.459,450314.327,34421.96,38417.42,41572.59,333282.872,6311.252,90354.55,180997.182,55619.889,41503.374,655,6,124,9.0,60.0,11.0,48,7.0,19.0,27.0,159,29.0,20.0,2.0,28.0,9.0,4.0,,41,17.0,35,,3257,412,100,30.0,351.0,16.0,381.0,14.0,33.0,60.0,477,134.0,46.0,1.0,786.0,151.0,9.0,,47.0,37.0,172,2599,412,3.0,21.0,291.0,4.0,327.0,6.0,,24.0,301,104.0,28.0,,757.0,134.0,5.0,,24.0,19.0,139.0,2.2,109514,25171,154.0,956.0,9177.0,60.0,9160.0,785.0,,979.0,8317,5129.0,632.0,,29889.0,9415.0,114.0,,592.0,425.0,8558,83569527.17,2888501.94,80681025.23,8999424.66,8444918.74,554420.77,85.15,143952.97,2294363.38,,,9530.0,73702571.26,503207.84,,,,,,3604196.92,81734754.58,85653050.11,,85653050.11,83983163.52,85338951.5,2888501.94,81094661.58,6.5,6.5,,,5.2,5.2,,,,,,
3544400,0.721,0.668,0.82,0.684,0.37,1.21,6.0,18.35,28.95,18.2,6.36,565.62,181.9,1637.75,332.91,459.85,619.12,1228.33,0.24,74.17,2.44,16.0,18.56,44.47,93.95,82.06,78950.332,69438.88,88678.676,24710.59,25718.1,32843.95,76450.893,33639.442,3548.239,18347.839,20915.373,2499.438,702,4,625,1.0,2.0,1.0,2,4.0,,1.0,23,6.0,2.0,,3.0,,2.0,,13,9.0,4,,825,192,385,1.0,4.0,1.0,3.0,11.0,,1.0,74,12.0,2.0,,10.0,,5.0,,1.0,7.0,116,380,192,9.0,1.0,2.0,,,4.0,,,44,5.0,,,6.0,,4.0,,,,113.0,2.2,15164,8176,299.0,71.0,51.0,,,451.0,,,1413,117.0,,,167.0,,60.0,,,,4361,31546755.94,1005618.14,30541137.8,2493706.61,2474531.95,19174.66,,166856.46,1202677.32,,,116760.12,35680355.6,42040.37,24950.0,,,3133182.61,,4404558.32,32136770.87,42860529.09,3158132.61,39702396.48,33214615.52,36541329.19,1870637.48,31343978.04,7.8,7.8,,,5.5,,5.5,,4.2,,4.2,
3544509,0.759,0.726,0.844,0.713,0.39,0.64,2.3,17.14,31.13,17.02,7.32,676.48,208.14,2105.9,367.6,521.5,731.63,1554.88,0.27,75.64,1.5,13.8,15.95,46.89,94.77,84.22,102856.803,145707.499,196382.182,32233.41,38013.96,51234.59,98477.697,34686.171,4783.028,36348.031,22660.468,4379.107,681,5,484,1.0,16.0,4.0,10,2.0,14.0,8.0,43,9.0,3.0,1.0,7.0,1.0,4.0,,39,24.0,6,,1253,305,566,1.0,41.0,5.0,17.0,1.0,28.0,10.0,157,19.0,3.0,1.0,15.0,12.0,2.0,,31.0,32.0,7,642,305,147.0,1.0,19.0,,3.0,,2.0,1.0,109,6.0,,,9.0,10.0,,,16.0,12.0,2.0,2.0,22901,10888,6151.0,121.0,392.0,,41.0,,27.0,15.0,3562,105.0,,,217.0,509.0,,,526.0,209.0,138,56497614.81,6891041.36,49606573.45,6873189.39,5861403.33,578054.69,433731.37,1812365.04,806266.94,,,27984.64,46716454.11,857259.0,,,,3429114.08,,6895165.36,50636101.14,60522633.2,3429114.08,57093519.12,57503792.07,57531266.5,6895165.36,50608626.71,6.9,6.9,,,6.0,,6.0,,4.8,,4.8,
3544608,0.728,0.671,0.813,0.708,0.41,0.71,4.13,15.97,33.16,17.09,7.76,655.4,200.55,2173.25,359.62,489.74,673.54,1553.91,0.29,73.76,2.0,16.7,19.35,46.15,93.71,81.43,175475.616,167592.452,183224.581,31123.73,32784.13,35842.05,167221.854,72684.113,5164.994,57895.85,31476.897,8253.762,890,3,752,1.0,5.0,2.0,9,3.0,,7.0,43,6.0,6.0,,8.0,,1.0,,31,7.0,6,,1200,299,528,1.0,8.0,4.0,17.0,8.0,,10.0,203,9.0,9.0,,45.0,,1.0,,33.0,15.0,10,584,299,50.0,,1.0,1.0,7.0,5.0,,2.0,151,,,,37.0,,,,15.0,11.0,5.0,2.1,22588,13967,1819.0,,28.0,33.0,329.0,652.0,,59.0,3927,,,,615.0,,,,552.0,375.0,231,47534463.29,2027357.99,45507105.3,4399119.9,3634831.75,764288.15,,,520264.86,,,1311672.93,47326748.74,218497.98,,,,1831939.25,,2647523.79,47616550.92,55608243.66,1831939.25,53776304.41,49043626.27,50264074.71,2069043.82,46974582.45,6.7,6.7,,,5.3,,5.3,,5.4,,5.4,
3544707,0.73,0.677,0.83,0.692,0.47,1.74,6.29,25.45,40.57,14.74,11.01,592.88,158.15,2405.6,278.92,401.21,549.6,1581.68,0.41,74.78,2.1,15.1,17.45,47.48,94.3,82.97,54769.352,54988.258,72625.441,22566.69,22226.46,29355.47,53184.683,16300.252,2285.073,16790.864,17808.494,1584.669,608,6,531,2.0,1.0,2.0,3,,,2.0,20,1.0,1.0,,6.0,,1.0,,20,4.0,8,,773,246,365,3.0,2.0,2.0,4.0,,,3.0,54,4.0,1.0,,63.0,,4.0,,6.0,4.0,12,350,246,,1.0,1.0,,1.0,,,,34,2.0,,,59.0,,,,1.0,,5.0,2.1,13532,10371,,81.0,19.0,,9.0,,,,1199,6.0,,,1459.0,,,,22.0,,366,27812128.61,1044502.09,26767626.52,1011000.49,996446.38,14554.11,,160730.94,699233.58,,,,31089965.0,58058.81,,,,1066254.88,,1190472.32,27578611.95,34085243.7,1066254.88,33018988.82,28449169.55,28769084.27,1110225.09,27338944.46,6.5,6.5,,,5.5,,5.5,,4.3,,4.3,
3544806,0.751,0.697,0.859,0.708,0.42,1.47,4.77,18.33,33.48,16.36,8.18,654.79,186.03,2192.23,349.67,481.83,680.63,1583.64,0.31,76.56,2.07,12.4,14.38,45.76,95.25,85.53,169480.032,203344.845,266233.881,26150.29,31590.0,41359.93,162135.16,44360.384,6382.233,78462.855,32929.688,7344.872,960,6,685,,16.0,4.0,12,2.0,6.0,17.0,96,15.0,4.0,1.0,23.0,1.0,7.0,,22,23.0,20,,1752,377,490,,63.0,6.0,38.0,2.0,9.0,51.0,298,27.0,3.0,5.0,185.0,15.0,72.0,,31.0,35.0,45,932,377,4.0,,44.0,1.0,23.0,1.0,,21.0,171,5.0,,5.0,152.0,15.0,63.0,,20.0,12.0,18.0,1.9,33404,15819,209.0,,1167.0,27.0,381.0,119.0,,387.0,3898,341.0,,241.0,4012.0,468.0,4164.0,,569.0,344.0,1259,59135609.96,2484034.64,56651575.32,8276545.02,7420279.19,856265.83,,2267125.2,1729149.93,,,1982189.73,49067062.22,1586389.71,,,,250000.0,,2553629.95,60217303.25,65158461.81,250000.0,64908461.81,62426355.79,62770933.2,2517031.95,59909323.84,6.9,6.9,,,5.4,,5.4,,5.0,,5.0,
3544905,0.772,0.739,0.845,0.738,0.43,0.15,1.84,12.1,36.51,16.42,8.89,789.73,235.44,2883.35,412.96,559.01,761.09,1983.91,0.33,75.71,1.47,13.7,15.82,41.98,94.81,84.33,417237.49,474424.454,529464.336,34473.89,41576.06,46399.47,379831.493,67156.374,85088.256,173985.042,53601.821,37405.997,1337,8,714,,28.0,8.0,33,21.0,13.0,43.0,184,34.0,15.0,,73.0,,4.0,,36,65.0,58,,3627,390,487,,112.0,15.0,108.0,70.0,36.0,128.0,534,192.0,79.0,,1030.0,,16.0,,32.0,187.0,211,2474,390,43.0,,86.0,9.0,60.0,42.0,8.0,76.0,328,144.0,61.0,,945.0,,13.0,,13.0,114.0,142.0,2.2,101484,21179,2180.0,,2425.0,80.0,1013.0,3411.0,174.0,3524.0,9314,4388.0,1368.0,,42410.0,,354.0,,287.0,4040.0,5336,78487255.77,759939.88,77727315.89,16678844.44,15798375.72,592881.75,287586.97,2254220.42,3765385.34,,,3299762.13,67562856.36,3640856.79,,46211.4,,636081.45,,1345996.17,82424827.49,97884218.33,682292.85,97201925.48,81028037.23,83770823.66,759939.88,80268097.35,6.1,6.1,,,4.7,,4.7,,4.1,,4.1,
3545001,0.732,0.69,0.829,0.687,0.42,1.09,8.2,25.52,31.97,15.64,8.18,576.55,155.1,1843.47,295.89,429.75,625.42,1379.9,0.31,74.75,2.37,15.1,17.51,49.02,94.28,82.92,251751.908,271541.435,310985.155,14499.33,17862.22,20456.86,237591.559,27911.065,11189.23,128927.665,69563.599,14160.35,1421,9,906,7.0,39.0,12.0,28,10.0,1.0,36.0,200,8.0,20.0,3.0,23.0,2.0,8.0,,55,22.0,32,,3042,477,825,16.0,70.0,14.0,160.0,41.0,3.0,91.0,826,18.0,40.0,1.0,131.0,,10.0,,26.0,83.0,210,1658,477,32.0,6.0,21.0,2.0,124.0,32.0,,38.0,566,9.0,17.0,1.0,90.0,,3.0,,6.0,57.0,177.0,1.9,62991,24969,768.0,813.0,577.0,58.0,3298.0,2735.0,14.0,1050.0,14576,255.0,515.0,33.0,1979.0,,77.0,,183.0,2077.0,9013,81445396.64,7830191.38,73615205.26,8676470.36,7005684.11,1670786.25,,580550.97,6181709.88,,,,88477475.36,394843.73,,,,4378259.57,,11232752.3,76206276.03,108689309.87,4378259.57,104311050.3,82302322.81,87439028.33,7830191.38,74472131.43,6.2,6.2,,,5.4,,5.4,,4.8,,4.8,
3545100,0.719,0.649,0.846,0.678,0.39,1.25,4.11,22.15,32.2,18.03,7.14,544.52,183.84,1753.14,307.05,423.99,564.59,1242.62,0.27,75.77,2.52,13.6,15.72,47.64,94.84,84.42,96894.972,92861.161,114823.55,18037.04,19313.89,23881.77,94017.216,30980.728,4221.725,30835.038,27979.726,2877.755,637,4,519,2.0,7.0,4.0,4,4.0,,7.0,31,5.0,1.0,1.0,4.0,,2.0,,20,9.0,13,,861,243,336,2.0,12.0,4.0,10.0,5.0,,9.0,103,9.0,1.0,,42.0,,1.0,,7.0,21.0,56,425,243,8.0,2.0,5.0,,3.0,2.0,,1.0,62,3.0,,,38.0,,,,2.0,14.0,42.0,2.3,17377,10912,168.0,112.0,112.0,,43.0,248.0,,,1709,87.0,,,755.0,,,,47.0,232.0,2952,30575884.64,681424.81,29894459.83,1997677.42,1931658.47,66018.95,,,410483.4,,,,36557958.48,105199.86,,,,2235675.63,,5625087.33,32212200.32,41306994.79,2235675.63,39071319.16,32616961.3,37837287.65,753498.81,31863462.49,6.3,6.3,,,5.4,,5.4,,4.0,,4.0,
3545159,0.791,0.75,0.857,0.771,0.39,0.04,0.71,5.43,32.84,18.03,7.28,967.88,330.54,3178.31,542.23,728.67,988.06,2249.17,0.27,76.39,1.45,12.7,14.7,37.41,95.17,85.29,377871.414,431950.188,471342.306,44465.92,52928.59,57755.46,318942.782,18640.608,65924.154,189118.567,45259.454,58928.632,1305,5,657,9.0,14.0,3.0,72,13.0,32.0,45.0,193,35.0,14.0,2.0,84.0,13.0,13.0,,33,12.0,56,,3341,282,383,30.0,49.0,6.0,322.0,26.0,75.0,127.0,750,103.0,38.0,1.0,922.0,13.0,23.0,,20.0,17.0,154,2088,282,20.0,22.0,30.0,1.0,223.0,5.0,3.0,65.0,480,43.0,19.0,,803.0,,2.0,,6.0,4.0,80.0,2.8,108564,16556,776.0,722.0,946.0,9.0,8368.0,321.0,,2997.0,19198,2465.0,530.0,,51547.0,,,,276.0,110.0,3745,65472453.72,1553874.94,63918578.78,13933783.3,12337152.74,1596630.56,,1005533.62,1107333.3,,,174800.39,56624954.77,111618.62,,,,2653378.36,,5953699.81,64378091.09,75611402.36,2653378.36,72958024.0,65472453.72,70331790.9,1553874.94,63918578.78,7.1,7.1,,,6.4,,6.4,,5.1,,5.1,
3545209,0.78,0.751,0.837,0.755,0.45,0.43,3.3,11.79,35.68,15.08,9.47,876.67,231.01,3128.34,429.84,609.77,888.44,2224.42,0.35,75.19,1.75,13.3,15.43,39.99,94.18,83.71,9303486.748,10822151.682,11498958.795,77029.01,80570.52,85609.32,7674671.432,14776.445,2891896.873,4214031.257,553966.857,1628815.316,7101,5,271,35.0,365.0,102.0,736,172.0,201.0,501.0,2020,450.0,199.0,7.0,803.0,8.0,185.0,,304,326.0,411,6862.0,42939,3503,419,748.0,1453.0,398.0,2790.0,567.0,479.0,986.0,9464,2042.0,1507.0,83.0,12972.0,68.0,442.0,,524.0,1345.0,3149,34259,3503,212.0,702.0,1059.0,268.0,2016.0,259.0,72.0,319.0,7055,1399.0,1247.0,81.0,11950.0,64.0,200.0,,274.0,919.0,2660.0,2.7,1696817,212503,13713.0,32044.0,32873.0,7189.0,71268.0,19522.0,2478.0,12699.0,293402,57789.0,51475.0,5320.0,728658.0,2297.0,7920.0,,8595.0,32203.0,104866,724934362.8,34552823.06,690381539.74,211936933.54,206286630.73,5649218.54,1084.27,,11156507.92,,,77425097.55,512581792.07,14861035.2,12572532.17,,,16017604.24,,41931017.31,719620596.67,856551502.69,28590136.41,827961366.28,725785937.96,761551613.98,34581611.76,691204326.2,6.9,6.8,7.1,,5.7,6.2,5.7,,4.8,,4.6,
3545308,0.729,0.665,0.834,0.699,0.44,1.26,7.99,25.43,34.44,14.49,9.51,618.93,154.98,2131.86,293.55,452.17,656.68,1540.7,0.35,75.04,1.87,14.7,16.98,44.84,94.44,83.35,2221476.714,2659063.228,2856415.228,47995.61,60781.37,65292.48,1905979.455,19757.781,1024555.25,666588.506,195077.919,315497.258,2075,10,644,5.0,72.0,25.0,105,22.0,31.0,83.0,522,90.0,58.0,,107.0,16.0,33.0,,115,72.0,65,,9949,1116,591,23.0,286.0,72.0,300.0,79.0,66.0,133.0,2051,284.0,228.0,,3466.0,238.0,137.0,,219.0,195.0,465,7790,1116,51.0,19.0,212.0,33.0,172.0,51.0,10.0,26.0,1445,183.0,161.0,,3355.0,228.0,102.0,,123.0,104.0,399.0,2.7,365605,66323,2040.0,2044.0,6121.0,875.0,4495.0,5056.0,287.0,848.0,47916,4783.0,4835.0,,172223.0,13952.0,3534.0,,4025.0,2683.0,23565,285848757.75,14481964.76,271366792.99,53242347.12,50674375.11,1834426.49,733545.52,7179121.14,3949909.9,,,,223580626.17,13973062.17,10000000.0,,,8649284.96,,19734089.48,281745529.47,320574351.46,18649284.96,301925066.5,294569334.52,301479618.95,15052364.76,279516969.76,6.5,6.5,,,5.3,5.5,5.2,,4.1,,4.1,
3545407,0.704,0.637,0.825,0.664,0.42,2.53,11.69,29.92,33.15,15.72,8.44,499.65,126.07,1656.43,266.57,371.83,523.08,1210.16,0.33,74.5,2.41,15.5,17.96,49.97,94.14,82.55,273943.204,320746.215,394927.897,29155.3,35441.57,43638.44,251869.177,43114.819,48822.264,113272.933,46659.162,22074.026,1064,10,742,1.0,16.0,10.0,20,6.0,2.0,13.0,111,8.0,11.0,3.0,25.0,4.0,6.0,,40,19.0,17,,2455,474,521,1.0,69.0,12.0,28.0,14.0,5.0,27.0,497,12.0,17.0,24.0,465.0,30.0,9.0,,23.0,128.0,99,1622,474,15.0,,48.0,5.0,5.0,10.0,,10.0,368,3.0,7.0,24.0,428.0,24.0,4.0,,8.0,109.0,80.0,2.2,64768,18996,1016.0,,1378.0,33.0,71.0,1116.0,,325.0,14063,11.0,195.0,2701.0,17525.0,926.0,86.0,,186.0,3769.0,2373,61162251.38,5162956.38,55999295.0,8783877.84,7927127.05,856750.79,,,986857.19,,,3853326.8,55407583.6,542909.94,412774.09,,,2150000.0,,8099344.41,59140841.67,72137329.46,2562774.09,69574555.37,63470254.13,67240186.08,5351541.26,58118712.87,6.7,6.7,,,5.0,,5.0,,4.0,,4.0,
3545506,0.709,0.659,0.812,0.665,0.43,3.09,11.12,34.88,31.63,14.61,8.66,502.4,127.8,1589.04,239.14,368.06,571.47,1206.84,0.33,73.73,2.32,16.8,19.4,47.94,93.69,81.38,318809.778,378966.479,455962.205,72374.52,103968.86,125092.51,306793.052,71526.328,144229.223,51478.986,39558.516,12016.726,904,6,768,1.0,3.0,1.0,10,1.0,,7.0,57,6.0,4.0,3.0,6.0,2.0,1.0,,22,2.0,4,,2509,428,621,1.0,4.0,2.0,24.0,,,8.0,108,6.0,5.0,32.0,1233.0,1.0,1.0,,6.0,2.0,27,1801,428,24.0,1.0,2.0,1.0,14.0,,,1.0,44,,,32.0,1227.0,,,,3.0,,24.0,1.2,39574,21359,641.0,68.0,34.0,18.0,597.0,,,14.0,1457,,,3964.0,11188.0,13.0,,,72.0,,149,56852005.72,2976969.8,53875035.92,9564004.06,9356422.53,207581.53,,,1424214.02,,,21259.28,62002939.22,431080.46,,,,935755.0,,5446004.11,56074448.08,74379252.04,935755.0,73443497.04,57702671.16,61520452.19,3085173.92,54617497.24,6.3,6.3,,,5.2,5.2,,,4.3,,4.3,
3545605,0.76,0.702,0.835,0.75,0.43,0.22,2.79,10.23,35.74,16.14,8.86,853.14,243.52,3049.07,444.89,609.74,850.15,2131.62,0.33,75.08,2.05,13.5,15.66,44.11,94.12,83.56,382545.565,462736.507,560338.958,24461.0,33010.17,39972.82,359374.872,82701.045,9911.674,197598.05,69164.102,23170.694,1685,7,959,3.0,42.0,13.0,45,15.0,10.0,42.0,283,17.0,13.0,2.0,32.0,,17.0,,56,42.0,87,,6216,681,3041,8.0,166.0,16.0,120.0,61.0,18.0,67.0,1082,23.0,74.0,8.0,133.0,,44.0,,62.0,173.0,439,4731,681,2401.0,5.0,116.0,1.0,67.0,33.0,,20.0,734,4.0,54.0,8.0,97.0,,28.0,,28.0,121.0,333.0,2.7,242555,28899,162598.0,102.0,2671.0,4.0,1217.0,4045.0,,505.0,19905,177.0,1302.0,449.0,2751.0,,767.0,,531.0,3717.0,12916,87845897.87,2264378.3,85581519.57,13101172.72,12623156.92,478015.8,,1431987.95,871647.01,,,2878259.1,82429209.67,1306029.95,,,,2130476.32,,3593815.44,87082520.35,104148782.72,2130476.32,102018306.4,88231852.32,90676335.79,2264380.3,85967472.02,6.8,6.8,,,5.5,5.4,5.8,,5.2,,5.2,
3545704,0.728,0.665,0.809,0.716,0.42,1.03,3.39,17.18,33.55,16.4,8.18,686.89,196.75,2304.38,366.67,509.81,714.18,1643.05,0.31,73.51,2.03,17.1,19.82,44.81,93.56,81.05,214790.792,277754.737,333896.991,35584.96,43446.7,52228.53,196489.638,30195.349,55697.825,77797.21,32799.254,18301.154,1398,6,1193,1.0,8.0,6.0,6,3.0,4.0,12.0,71,4.0,6.0,2.0,17.0,1.0,4.0,,25,24.0,5,,3307,301,2021,1.0,28.0,6.0,10.0,10.0,11.0,21.0,370,15.0,9.0,2.0,348.0,9.0,17.0,,21.0,90.0,17,2214,301,1162.0,1.0,21.0,,3.0,10.0,1.0,2.0,273,7.0,3.0,,324.0,6.0,10.0,,9.0,69.0,12.0,2.9,118145,14268,72541.0,115.0,527.0,,63.0,511.0,22.0,40.0,8412,160.0,63.0,,18744.0,282.0,214.0,,156.0,1369.0,659,52132515.81,3195419.14,48937096.67,4417366.47,4048177.32,369189.15,,2468670.2,1624421.22,,,398725.05,48329975.14,695766.45,,272549.0,,2376362.31,,3630938.95,51703538.27,60583835.84,2648911.31,57934924.53,54948158.29,55334477.22,3461181.17,51486977.12,6.7,6.7,,,6.3,,6.3,,5.5,,5.5,
3545803,0.781,0.731,0.867,0.752,0.41,0.37,1.82,8.67,33.05,16.96,7.8,863.02,265.73,2852.14,465.96,639.72,895.87,2053.47,0.29,77.04,1.3,10.58,12.27,36.36,95.27,85.57,7825506.502,9437421.271,10803991.725,40073.67,51473.01,58926.47,6664622.565,37205.583,2030517.323,3641483.469,955416.19,1160883.937,9624,8,610,31.0,464.0,129.0,684,161.0,220.0,502.0,3275,385.0,261.0,7.0,1435.0,7.0,242.0,,486,390.0,327,9112.0,62845,4421,553,494.0,2154.0,382.0,8226.0,584.0,549.0,1494.0,14954,1279.0,1531.0,11.0,21063.0,81.0,622.0,,781.0,2609.0,1057,51289,4421,106.0,437.0,1608.0,230.0,7483.0,339.0,137.0,799.0,11025,818.0,1232.0,6.0,19080.0,66.0,312.0,,425.0,2090.0,675.0,2.4,2373843,300233,9162.0,36214.0,49306.0,6710.0,219085.0,31848.0,4433.0,30693.0,428415,32916.0,56364.0,89.0,1042344.0,3581.0,11739.0,,14515.0,72817.0,23379,864840106.83,50683015.68,814157091.15,260599318.79,252309138.09,8226313.44,63867.26,15034443.83,4036496.41,,,106079911.06,630332139.4,15844878.74,15362814.45,1989006.99,,11904346.94,1816411.03,58783014.98,946496873.06,1062999767.64,31072579.41,1031927188.23,996778894.77,1005279888.04,55285843.67,941493051.1,7.0,6.9,8.0,,5.9,,5.9,,4.7,,4.7,
3546009,0.735,0.678,0.828,0.706,0.47,1.36,7.36,25.99,36.05,13.4,10.76,645.59,146.11,2327.68,286.52,436.96,674.97,1703.69,0.39,74.68,1.89,15.2,17.63,45.29,94.24,82.82,312818.584,323281.467,357556.385,20959.37,23132.84,25585.43,288614.839,7654.173,74785.447,133136.413,73038.806,24203.745,979,5,398,2.0,19.0,9.0,68,12.0,9.0,42.0,173,27.0,10.0,2.0,65.0,1.0,18.0,,76,28.0,15,,3238,746,535,10.0,71.0,18.0,362.0,28.0,16.0,92.0,503,55.0,18.0,12.0,597.0,2.0,20.0,,52.0,50.0,51,2232,746,175.0,9.0,48.0,9.0,284.0,13.0,2.0,31.0,291,22.0,5.0,6.0,516.0,,2.0,,14.0,21.0,38.0,1.9,78556,27679,4453.0,636.0,1310.0,204.0,7523.0,924.0,,1617.0,8279,800.0,82.0,1010.0,22276.0,,48.0,,425.0,481.0,810,89862422.49,6655662.83,83206759.66,15751013.2,13391816.51,2356239.15,2957.54,428080.93,2777385.2,,,112959.76,84535205.19,299160.03,10500000.0,932551.1,,2332211.88,,9470450.8,89062496.26,117668567.29,13764762.98,103903804.31,91170185.15,98532947.06,6674470.33,84495714.82,5.8,5.8,,,4.5,4.5,,,4.1,,4.1,
3546108,0.733,0.687,0.804,0.712,0.45,0.39,3.17,17.58,39.32,15.95,9.86,672.98,199.89,2646.45,336.71,475.85,609.98,1741.92,0.37,73.25,1.88,17.6,20.34,44.89,93.4,80.64,96783.316,101020.668,130552.835,45847.14,38884.01,50251.28,91677.74,32616.507,13088.348,25747.306,20225.579,5105.576,627,5,499,1.0,7.0,5.0,10,1.0,4.0,5.0,24,9.0,3.0,,9.0,4.0,2.0,,20,7.0,12,,1235,211,410,1.0,57.0,16.0,128.0,3.0,13.0,8.0,57,129.0,2.0,,153.0,8.0,2.0,,4.0,5.0,28,710,211,16.0,1.0,51.0,10.0,119.0,3.0,1.0,,22,113.0,,,140.0,5.0,,,1.0,,17.0,2.2,27780,13941,579.0,109.0,1469.0,447.0,3075.0,409.0,27.0,,669,3410.0,,,2783.0,111.0,,,14.0,4.0,733,40938966.18,5922148.36,35016817.82,3860361.25,3732097.8,78828.49,49434.96,,420395.24,,,35945.0,38086537.51,1818674.23,230001.42,711500.0,,4501960.12,,6714071.81,35783918.45,49665374.77,5443461.54,44221913.23,41813845.91,42497990.26,6029927.46,35783918.45,7.4,7.4,,,6.1,,6.1,,5.1,,5.1,
3546207,0.79,0.679,0.876,0.83,0.67,1.35,2.05,14.4,61.56,8.66,28.44,1400.46,212.55,8621.55,393.67,580.14,851.13,5080.86,0.87,77.56,1.9,11.1,12.85,45.79,95.75,86.92,161650.68,173305.963,200489.693,35264.11,40520.45,46876.24,144556.159,26035.007,21339.892,64182.381,32998.879,17094.521,972,6,768,3.0,12.0,1.0,13,7.0,4.0,8.0,56,9.0,8.0,,32.0,8.0,3.0,,23,4.0,7,,1687,302,478,8.0,74.0,2.0,28.0,22.0,9.0,11.0,205,28.0,8.0,,455.0,27.0,3.0,,12.0,3.0,12,991,302,28.0,5.0,58.0,,7.0,10.0,,2.0,125,16.0,,,415.0,16.0,1.0,,2.0,,4.0,2.1,36933,14414,1148.0,173.0,1533.0,,172.0,1050.0,,63.0,4066,225.0,,,13079.0,713.0,10.0,,29.0,,255,45664899.9,2384132.74,43280767.16,8581487.39,8043370.83,512913.67,25202.89,718678.45,791021.76,,,2553229.19,36563463.61,128819.06,,,,3064305.65,,3753189.44,43844946.44,52401005.11,3064305.65,49336699.46,46173016.56,47598135.88,2448139.74,43724876.82,7.2,7.2,,,5.4,,5.4,,4.5,,4.5,
3546256,0.743,0.686,0.832,0.719,0.53,2.49,8.29,24.74,43.93,12.21,14.39,700.57,147.05,3077.27,280.71,425.7,616.7,2034.5,0.5,74.89,1.97,14.9,17.25,51.41,94.36,83.13,63456.694,61840.488,101458.892,29296.72,29225.18,47948.44,61567.286,22280.32,3182.942,17160.176,18943.848,1889.408,406,5,319,3.0,2.0,1.0,2,3.0,1.0,2.0,19,3.0,5.0,,6.0,1.0,2.0,,22,4.0,6,,766,247,253,6.0,5.0,1.0,4.0,3.0,1.0,2.0,51,76.0,5.0,,43.0,10.0,1.0,,12.0,2.0,44,481,247,40.0,3.0,3.0,,1.0,,,,31,72.0,,,36.0,7.0,,,2.0,,39.0,1.7,16263,9343,3206.0,145.0,80.0,,20.0,,,,1162,205.0,,,1155.0,387.0,,,35.0,,525,27741030.95,444192.71,27296838.24,1042274.78,988238.61,51110.66,2925.51,,461478.3,,,,34585270.58,462286.18,,202654.0,,,,1157155.77,28713760.74,36753963.84,202654.0,36551309.84,27997404.62,29870916.51,450017.71,27547386.91,6.2,6.2,,,5.5,5.5,,,4.5,,4.5,
3546306,0.728,0.635,0.815,0.746,0.51,1.01,4.2,16.66,42.54,13.18,12.91,829.66,187.67,3529.03,359.05,524.7,748.39,2324.33,0.46,73.87,2.03,16.5,19.14,42.66,93.77,81.59,655974.339,723279.634,788978.101,18687.66,25058.19,27334.33,604400.154,59893.535,21537.978,380846.13,142122.511,51574.185,1817,9,529,5.0,74.0,26.0,77,29.0,8.0,74.0,447,31.0,48.0,2.0,57.0,1.0,31.0,,95,76.0,198,,6394,744,412,80.0,223.0,86.0,221.0,164.0,19.0,221.0,1863,79.0,391.0,1.0,336.0,5.0,51.0,,104.0,443.0,951,4476,744,87.0,73.0,127.0,59.0,127.0,122.0,2.0,117.0,1309,29.0,336.0,1.0,253.0,1.0,19.0,,45.0,328.0,697.0,2.2,183833,40458,2905.0,3086.0,3233.0,1469.0,2921.0,9674.0,135.0,8547.0,40990,594.0,7334.0,32.0,7886.0,23.0,480.0,,1335.0,9487.0,43245,131022606.97,1954946.68,129067660.29,19850277.09,16924106.23,2897155.36,29015.5,10852132.98,8317336.98,,,1837302.98,112599075.79,645057.74,,,,6437707.49,,4128021.15,137287183.19,160538891.05,6437707.49,154101183.56,135191161.79,141415204.34,1955396.68,133235765.11,6.3,6.3,,,5.2,,5.2,,4.3,,4.3,
3546405,0.762,0.686,0.867,0.744,0.46,0.33,2.89,14.56,36.57,14.5,10.09,818.3,209.1,2992.53,384.09,550.91,815.56,2133.61,0.36,77.0,1.86,10.9,12.64,46.21,95.19,86.25,2786906.107,3445164.454,4319822.468,57811.23,74182.09,93015.43,2446393.875,183709.816,770808.261,1248462.762,243413.036,340512.232,6432,14,3573,12.0,116.0,43.0,216,95.0,62.0,193.0,1012,109.0,93.0,4.0,215.0,1.0,64.0,,153,255.0,202,,21223,1492,3728,132.0,894.0,89.0,542.0,419.0,161.0,630.0,4624,633.0,580.0,28.0,4538.0,40.0,211.0,,299.0,893.0,1290,14946,1492,1212.0,120.0,746.0,45.0,268.0,155.0,34.0,367.0,3415,423.0,466.0,22.0,4214.0,39.0,123.0,,186.0,566.0,1053.0,2.5,694556,98762,50321.0,5208.0,20545.0,1321.0,7532.0,14191.0,1030.0,10144.0,114602,15700.0,20714.0,1121.0,242102.0,1985.0,4152.0,,6939.0,20317.0,57870,303604875.48,5192730.71,298412144.77,61841740.13,59815574.97,2016889.08,9276.08,3569878.33,4322483.66,262809.2,,110090.02,281947397.24,1477202.82,,7816.55,86.77,13231492.07,,11402110.53,307425843.95,366770996.79,13239395.39,353531601.4,309209761.47,318827954.48,5469661.27,303740100.2,6.7,6.6,6.9,,5.4,5.6,5.3,,4.3,,4.3,
3546504,0.738,0.699,0.802,0.716,0.42,0.42,2.62,15.96,33.81,16.23,8.33,688.24,204.33,2326.69,354.06,497.49,712.17,1670.7,0.31,73.14,2.14,17.8,20.55,41.03,93.33,80.48,104372.706,122316.261,152154.555,18714.85,19992.85,24869.98,98936.727,15709.522,6348.247,46813.366,30065.592,5435.979,507,7,326,2.0,7.0,5.0,12,2.0,2.0,12.0,61,8.0,2.0,,7.0,,8.0,,19,7.0,20,,938,328,179,2.0,17.0,6.0,26.0,6.0,2.0,12.0,193,22.0,8.0,,37.0,,9.0,,10.0,5.0,76,582,328,6.0,2.0,9.0,,13.0,6.0,,1.0,113,11.0,3.0,,28.0,,3.0,,4.0,,55.0,1.8,22322,12574,146.0,235.0,192.0,30.0,518.0,1119.0,,10.0,3639,248.0,38.0,,999.0,,57.0,,105.0,,2411,36580671.6,2581813.93,33998857.67,3740937.07,3413999.97,322953.8,3983.3,337128.34,1607369.28,,,73106.3,39732996.97,43165.98,,,,1441770.83,,3918072.91,34994450.61,46976474.77,1441770.83,45534703.94,37254000.8,38912523.52,2588285.66,34665715.14,6.7,6.7,,,5.9,,5.9,,5.4,,5.4,
3546603,0.784,0.751,0.84,0.763,0.49,0.61,3.41,10.07,41.68,14.47,11.52,924.06,238.34,3851.73,430.39,569.52,843.26,2541.67,0.43,75.41,1.52,13.0,15.08,41.32,94.31,84.03,1344880.815,1681363.387,1988880.172,41007.46,48323.37,57161.58,1212512.31,49563.016,245497.189,723952.564,193499.542,132368.505,3493,13,1092,5.0,151.0,35.0,155,54.0,42.0,173.0,889,89.0,71.0,6.0,159.0,,47.0,,138,262.0,112,,13942,1475,977,91.0,543.0,85.0,427.0,205.0,82.0,515.0,3458,447.0,672.0,34.0,2983.0,,123.0,,281.0,1119.0,425,10129,1475,61.0,87.0,357.0,42.0,267.0,121.0,9.0,289.0,2368,334.0,593.0,34.0,2769.0,,73.0,,175.0,773.0,302.0,2.2,401989,92545,1057.0,5961.0,9310.0,1132.0,7598.0,11038.0,288.0,8204.0,72331,6063.0,37678.0,1908.0,102507.0,,2768.0,,4244.0,24339.0,13019,343193193.15,30671621.88,312521571.27,58875770.08,55385378.48,3482698.34,7693.26,12450847.45,15831530.32,,,73522381.58,157746374.07,14668182.78,,,,1937928.27,,31463962.39,327236039.68,335033014.55,1937928.27,333095086.28,357757781.9,358700002.07,30798825.62,326958956.28,7.0,7.0,,,5.9,5.9,,,4.9,,4.9,
3546702,0.737,0.654,0.847,0.723,0.38,0.52,1.92,10.25,29.72,18.04,6.59,718.03,243.84,2133.9,403.71,560.23,763.49,1615.68,0.25,75.84,1.87,13.5,15.6,41.91,94.88,84.52,3895817.986,3508436.63,3568256.895,139885.74,148593.31,151126.89,3206547.198,11776.002,2307247.556,723287.443,164236.196,689270.788,1126,7,115,3.0,32.0,9.0,52,35.0,33.0,44.0,364,24.0,28.0,,123.0,19.0,11.0,,77,32.0,118,,11613,860,69,46.0,106.0,14.0,301.0,142.0,85.0,162.0,1357,115.0,54.0,,7367.0,61.0,16.0,,98.0,225.0,535,10373,860,4.0,40.0,71.0,5.0,238.0,84.0,24.0,104.0,919,87.0,20.0,,7224.0,35.0,7.0,,52.0,195.0,404.0,3.3,632358,64904,188.0,2165.0,2532.0,193.0,8060.0,5674.0,1130.0,4840.0,38693,3536.0,663.0,,469606.0,2876.0,553.0,,1003.0,4660.0,21083,209446124.23,12704446.03,196741678.2,46466888.12,42934028.93,3532859.19,,511162.94,8421040.26,,,673961.45,201572817.79,2597883.36,,275700.0,,2798255.0,,23514135.86,208175710.5,263317708.92,3073955.0,260243753.92,214707340.69,231689846.36,13214662.77,201492677.92,6.5,6.5,,,5.5,5.5,,,4.6,,4.6,
3546801,0.738,0.689,0.834,0.7,0.45,3.21,7.63,24.43,34.74,14.34,9.69,623.11,145.98,2164.7,300.81,446.49,649.18,1571.29,0.36,75.02,2.03,14.7,17.02,43.96,94.43,83.32,1658732.668,1947787.624,2298061.229,28340.36,36630.45,43217.76,1472202.291,75738.403,339688.536,803783.316,252992.035,186530.378,2777,12,525,13.0,125.0,42.0,160,48.0,40.0,151.0,763,113.0,70.0,2.0,163.0,14.0,72.0,,213,135.0,116,2703.0,14361,1189,534,90.0,427.0,131.0,871.0,140.0,110.0,452.0,3457,439.0,274.0,72.0,2954.0,444.0,82.0,,351.0,824.0,1520,11206,1189,20.0,69.0,273.0,73.0,687.0,68.0,36.0,264.0,2555,284.0,190.0,72.0,2749.0,427.0,8.0,,182.0,670.0,1390.0,2.4,498175,79560,610.0,3284.0,6985.0,2038.0,23172.0,7311.0,922.0,4996.0,72333,7656.0,6855.0,4021.0,133113.0,26779.0,167.0,,5986.0,23072.0,89313,278655379.67,10355243.47,268300136.2,60793459.28,56793591.99,3999867.29,,3763547.58,3402568.1,,,310233.43,242980959.24,4154729.6,,561420.0,,7067867.11,65530.58,15293892.55,277736265.02,323100314.92,7694817.69,315405497.23,282449125.98,293030157.57,10368709.47,272080416.51,6.6,6.6,,,5.4,,5.4,,4.6,,4.6,
3546900,0.737,0.703,0.818,0.696,0.39,0.59,3.91,15.9,30.26,17.42,6.95,609.37,196.57,1843.85,334.2,468.28,666.03,1382.48,0.26,74.1,1.98,16.2,18.7,43.64,93.91,81.94,131127.832,141710.316,185362.45,14751.7,19822.4,25928.44,126095.355,39226.251,4057.202,44589.409,38222.493,5032.477,352,4,174,,9.0,3.0,5,4.0,2.0,9.0,43,17.0,6.0,2.0,9.0,3.0,3.0,,32,7.0,20,,1031,370,153,,21.0,3.0,54.0,8.0,4.0,10.0,108,36.0,9.0,3.0,171.0,11.0,7.0,,9.0,4.0,50,735,370,41.0,,10.0,,44.0,5.0,,,55,11.0,3.0,,162.0,8.0,,,2.0,,24.0,2.1,28230,14337,1976.0,,189.0,,1135.0,269.0,,,1818,483.0,75.0,,5796.0,452.0,,,117.0,,1584,39119705.49,2230673.38,36889032.11,2992281.8,2952891.8,39390.0,,348895.32,1013111.44,,,1193059.52,41041750.82,630097.43,,,,398000.0,,3358867.13,39527584.72,47617196.33,398000.0,47219196.33,40236469.09,42886451.85,2274706.88,37961762.21,6.9,6.9,,,4.8,,4.8,,4.4,,4.4,
3547007,0.686,0.571,0.82,0.688,0.45,4.05,7.46,25.37,36.32,14.62,9.94,578.55,135.56,2101.31,287.38,418.18,588.27,1462.07,0.42,74.18,2.19,16.0,18.55,46.18,93.96,82.07,153023.631,164149.021,197769.076,24297.18,31308.22,37720.59,143008.114,29119.759,26485.308,55640.419,31762.629,10015.517,730,5,470,5.0,12.0,7.0,18,9.0,4.0,25.0,75,6.0,7.0,1.0,22.0,3.0,2.0,,27,4.0,28,,1782,254,405,27.0,32.0,8.0,31.0,11.0,8.0,61.0,216,10.0,11.0,,565.0,29.0,5.0,,32.0,6.0,71,1153,254,69.0,21.0,18.0,1.0,4.0,1.0,,24.0,127,2.0,4.0,,539.0,27.0,,,22.0,,40.0,1.9,40664,9195,1625.0,471.0,534.0,31.0,115.0,65.0,,366.0,3685,34.0,48.0,,14398.0,1103.0,,,881.0,,8114,48544136.84,2598014.34,45946122.5,7135399.73,6851609.75,283789.98,,327555.84,555495.81,,,13490.94,47758645.41,164889.36,,,,1136934.37,,3253815.75,47115417.09,57092411.46,1136934.37,55955477.09,49692910.12,50369232.84,2598014.34,47094895.78,9.1,9.1,,,4.7,,4.7,,4.8,,4.8,
3547106,0.739,0.699,0.847,0.683,0.4,0.63,5.57,24.8,30.48,16.22,7.52,561.64,160.63,1712.09,294.93,458.5,605.47,1292.76,0.27,75.79,2.21,13.5,15.66,53.28,94.86,84.45,69067.532,73932.624,97262.169,23436.56,25011.04,32903.3,65845.719,19337.389,3217.578,24690.615,18600.138,3221.813,526,3,406,3.0,4.0,2.0,2,5.0,1.0,4.0,25,3.0,2.0,,9.0,,2.0,,24,6.0,25,,960,264,405,3.0,9.0,4.0,10.0,3.0,1.0,11.0,62,3.0,2.0,,103.0,,7.0,,4.0,13.0,56,584,264,140.0,2.0,4.0,2.0,7.0,,,5.0,30,,,,92.0,,6.0,,1.0,,31.0,2.2,29452,9685,12534.0,155.0,97.0,22.0,190.0,,,143.0,1123,,,,2631.0,,196.0,,22.0,,2653,33141502.32,2373166.67,30768335.65,2377593.8,2287999.77,57005.0,32589.03,,1146025.15,,,,34855541.82,152365.07,,,,454978.0,,3219444.93,31178859.57,38986503.84,454978.0,38531525.84,33141502.32,34398304.5,2373166.67,30768335.65,7.3,7.3,,,5.3,,5.3,,4.3,,4.3,
3547205,0.773,0.733,0.84,0.751,0.42,0.43,0.96,9.04,34.64,16.69,8.3,856.78,269.17,2968.03,445.7,572.22,859.99,2133.69,0.3,75.41,1.32,13.0,15.08,45.87,94.31,84.03,39913.179,45598.463,56776.266,27564.35,27304.47,33997.76,38663.685,12838.29,1769.976,10938.256,13117.162,1249.494,783,4,716,,1.0,,5,2.0,1.0,10.0,18,,,,,,1.0,,19,2.0,4,,762,168,520,,1.0,,8.0,1.0,1.0,17.0,33,,,,,,1.0,,5.0,1.0,6,197,168,5.0,,,,,,,9.0,11,,,,,,,,1.0,,3.0,2.3,8666,7717,214.0,,,,,,,202.0,372,,,,,,,,26.0,,135,28644883.68,2463745.05,26181138.63,1392852.55,1286305.82,106546.73,,,1834947.05,4678.46,,8852.5,29767156.33,86029.39,,,,1058188.03,,2640738.14,26317267.45,34152704.31,1058188.03,33094516.28,28757698.78,28958005.59,2463745.05,26293953.73,8.4,,8.4,,,,,,,,,
3547304,0.814,0.725,0.849,0.876,0.67,1.45,4.71,16.85,52.99,6.07,34.91,1858.69,187.76,9849.4,376.51,596.69,1381.9,6735.07,0.89,75.92,1.89,15.49,17.36,41.55,95.25,85.51,11544903.483,12774323.594,14328397.388,79579.96,82893.63,92978.15,9468382.834,125769.367,2027288.28,6311003.897,1004321.29,2076520.648,16634,9,66,47.0,335.0,230.0,2511,1026.0,736.0,2850.0,3143,818.0,593.0,7.0,767.0,10.0,1734.0,,650,600.0,502,16391.0,89400,8817,129,350.0,2168.0,515.0,12536.0,3516.0,1643.0,7728.0,11568,2615.0,3998.0,7.0,16342.0,483.0,7146.0,,2222.0,1885.0,5732,65796,8817,60.0,292.0,1791.0,147.0,9195.0,1571.0,116.0,3445.0,7622,1437.0,3171.0,,15366.0,479.0,4536.0,,1516.0,1064.0,5171.0,3.0,3518820,610461,3372.0,14954.0,57339.0,5170.0,425790.0,112252.0,3617.0,164183.0,334002,55042.0,193477.0,,849841.0,36125.0,356912.0,,54110.0,48748.0,193425,1525009330.1,125960319.14,1399049010.96,1012261796.23,969196521.91,43065274.32,,82789525.05,188547934.68,,,,808684197.05,32951240.74,,72720.0,,316560.0,,211139478.52,1509412281.37,2125623973.75,389280.0,2125234693.75,1602210443.58,1720551759.89,158934735.63,1443275707.95,6.7,6.7,,,5.4,5.4,,,4.7,4.5,6.0,
3547403,0.761,0.74,0.839,0.711,0.39,0.52,2.87,11.48,32.13,18.07,7.11,666.14,227.61,2140.56,374.19,506.62,680.29,1548.1,0.26,75.31,1.27,14.3,16.51,43.27,94.59,83.75,68134.763,82816.562,105525.401,27518.08,30302.44,38611.56,65374.595,20832.115,1877.796,25363.914,17300.769,2760.168,1038,5,933,,2.0,2.0,4,6.0,2.0,3.0,32,7.0,3.0,,3.0,,4.0,,19,6.0,7,,1017,212,616,,2.0,2.0,8.0,14.0,3.0,4.0,99,12.0,3.0,,14.0,,3.0,,5.0,3.0,17,310,212,,,,,1.0,7.0,,,66,1.0,,,11.0,,,,3.0,,9.0,2.2,12608,9105,,,,,4.0,747.0,,,2043,19.0,18.0,,301.0,,,,51.0,,320,35243371.75,2375738.91,32867632.84,2884302.54,2856339.06,27963.48,,1117275.12,783211.77,,,777518.55,32368584.06,960237.68,,208985.0,,4082265.27,,2915954.0,33218557.78,43182379.99,4291250.27,38891129.72,35868291.2,36134511.78,2772407.55,33095883.65,7.1,7.1,,,6.4,,6.4,,5.5,,5.5,
3547502,0.775,0.686,0.887,0.764,0.48,0.53,3.42,13.48,38.34,13.64,11.24,930.59,215.8,3568.14,418.89,623.55,921.15,2463.45,0.4,78.22,1.59,9.5,11.02,44.35,95.8,87.87,825834.738,874777.001,992179.626,29877.17,35226.39,39954.08,733253.219,88082.72,115490.234,408510.435,121169.83,92581.519,3022,8,1529,3.0,49.0,26.0,108,43.0,50.0,123.0,481,92.0,44.0,5.0,100.0,10.0,34.0,,114,128.0,75,,15214,1233,1138,46.0,246.0,69.0,6554.0,172.0,133.0,309.0,1961,212.0,273.0,8.0,1909.0,24.0,93.0,,97.0,448.0,289,12076,1233,77.0,36.0,181.0,39.0,6391.0,86.0,15.0,129.0,1302,33.0,221.0,8.0,1775.0,7.0,49.0,,27.0,268.0,199.0,1.5,333297,65637,2642.0,1738.0,5367.0,1553.0,88773.0,7071.0,548.0,4161.0,43829,1752.0,11859.0,301.0,77003.0,237.0,2255.0,,696.0,9504.0,8371,160714355.95,7751891.73,152962464.22,35227350.67,31237464.25,3979372.59,10513.83,8853923.36,6528330.65,,,228632.09,123364835.64,5438230.85,,,,4894433.58,,15076929.34,163537642.86,184535736.84,4894433.58,179641303.26,169709019.23,178614572.2,8836852.87,160872166.36,6.4,6.4,,,4.8,4.7,4.9,,4.5,,4.5,
3547601,0.77,0.704,0.868,0.746,0.5,0.92,5.44,18.15,40.7,13.09,12.44,829.2,187.66,3375.1,355.17,526.9,786.35,2310.67,0.44,77.1,1.72,11.7,13.56,44.39,95.53,86.29,833444.1,890869.12,1131988.61,30914.1,38053.44,48352.85,700442.357,42429.504,218541.814,313616.038,125855.001,133001.744,2386,5,999,11.0,97.0,12.0,76,29.0,10.0,97.0,549,38.0,47.0,5.0,103.0,3.0,30.0,,88,74.0,113,,7143,748,780,81.0,186.0,49.0,343.0,95.0,15.0,218.0,1852,182.0,245.0,18.0,1522.0,64.0,61.0,,101.0,277.0,306,4880,748,88.0,73.0,79.0,38.0,245.0,67.0,1.0,94.0,1239,137.0,188.0,16.0,1383.0,62.0,26.0,,35.0,186.0,175.0,2.4,212653,38865,839.0,5140.0,1959.0,1158.0,6244.0,6123.0,11.0,3270.0,37900,4634.0,6264.0,1116.0,83593.0,2453.0,709.0,,809.0,5742.0,5824,122438715.85,6793363.18,115645352.67,26055224.41,23803339.58,2248950.47,2934.36,,1845270.76,,,12984.79,111790186.57,1280244.42,,,,2480014.23,,15829296.08,123163839.4,143463925.18,2480014.23,140983910.95,126946724.47,138993135.48,7269283.03,119677441.44,6.2,6.2,,,5.6,,5.6,,4.2,,4.2,
3547650,0.772,0.748,0.864,0.712,0.35,0.65,2.85,10.94,27.01,19.23,5.62,673.2,226.9,1818.19,420.49,565.09,754.99,1402.87,0.22,76.83,1.47,12.1,13.98,41.27,95.4,85.92,42106.248,44239.58,66139.508,27025.83,26893.36,40206.39,39930.463,11391.71,2117.031,12833.314,13588.408,2175.784,705,7,626,2.0,2.0,2.0,4,,,6.0,30,,1.0,,4.0,,,,6,9.0,6,,793,169,485,,2.0,2.0,4.0,,,7.0,79,,10.0,,6.0,,,,3.0,15.0,11,228,169,5.0,,,,,,,,40,,8.0,,1.0,,,,,,5.0,2.2,9051,7520,166.0,,,,,,,,1077,,89.0,,6.0,,,,,,194,27803302.54,1485247.74,26318054.8,2664037.11,2642746.66,21290.45,,937749.32,514161.31,,,,27826509.26,67307.57,,,,1030190.84,,1545482.74,26986152.75,33039955.41,1030190.84,32009764.57,28531635.49,28531635.49,1545482.74,26986152.75,8.1,,8.1,,,,,,5.5,,5.5,
3547700,0.753,0.689,0.854,0.725,0.52,1.13,6.74,26.35,44.36,12.23,14.51,726.34,157.52,3222.15,286.48,446.28,649.28,2075.92,0.49,76.22,1.86,12.9,14.96,46.49,95.08,85.05,555800.928,578356.216,630472.796,26650.73,32197.08,35098.41,508103.938,80281.793,81044.873,257093.12,89684.152,47696.99,2716,7,1665,4.0,48.0,16.0,62,23.0,9.0,137.0,367,31.0,23.0,4.0,49.0,1.0,19.0,,74,102.0,75,,7002,647,1365,11.0,139.0,18.0,297.0,106.0,23.0,282.0,1193,75.0,1572.0,14.0,547.0,3.0,53.0,,81.0,308.0,268,4471,647,117.0,8.0,88.0,,198.0,54.0,6.0,56.0,768,37.0,1545.0,13.0,486.0,2.0,28.0,,42.0,192.0,184.0,2.3,191901,30622,6497.0,680.0,2081.0,19.0,5020.0,6920.0,166.0,1451.0,20989,715.0,74860.0,645.0,24382.0,34.0,962.0,,1241.0,6753.0,7862,104844618.48,10528206.86,94316411.62,16658445.7,16044849.77,611916.51,1679.42,1006648.08,1173535.44,,,144.81,91505235.79,1280394.52,5000000.0,,,1549308.62,,11790751.83,97187803.73,118173712.96,6549308.62,111624404.34,107489180.82,108978555.56,11156553.35,96332627.47,6.6,6.6,,,4.7,,4.7,,4.2,,4.2,
3547809,0.815,0.769,0.861,0.819,0.53,0.78,3.24,11.77,41.94,11.08,15.14,1304.31,232.72,5470.08,490.02,779.83,1263.0,3743.22,0.51,76.66,1.41,12.58,14.1,39.48,95.36,85.81,32620294.592,36470028.631,36931350.665,45062.56,48696.89,49312.88,27925687.694,1385.093,7782624.984,17322921.87,2818755.748,4694606.898,53965,38,20,79.0,2346.0,762.0,8472,1906.0,1438.0,5681.0,14153,2942.0,1874.0,11.0,2764.0,2.0,3147.0,,2828,3947.0,1555,52076.0,300596,10845,31,1001.0,14380.0,2352.0,71578.0,6281.0,3415.0,16029.0,58984,14950.0,20198.0,2.0,25766.0,1.0,9052.0,,6154.0,28274.0,11303,233290,10842,10.0,912.0,11522.0,1379.0,63230.0,3224.0,885.0,8657.0,41754,11011.0,17726.0,,21964.0,,4850.0,,3185.0,22664.0,9475.0,2.4,10221946,870025,622.0,62003.0,329285.0,43644.0,1725427.0,262052.0,34422.0,368098.0,1565862,447625.0,1053811.0,,1519521.0,,326263.0,,120481.0,1129003.0,363804,4188072642.68,484862810.15,3703209832.53,1934172990.72,1667324521.16,266808422.43,40047.13,259890852.06,176461913.22,,,20711701.88,1804066576.06,158380073.62,87492889.89,21248453.66,,37851897.19,21612991.6,576947330.12,3986463505.66,4521890339.9,168206232.34,4353684107.56,4376207523.38,4563410835.78,511627613.06,3864579910.32,6.6,6.5,6.7,,5.3,,5.3,,4.5,,4.5,
3547908,0.702,0.604,0.83,0.69,0.42,1.24,6.19,23.8,32.64,16.14,8.09,585.63,169.34,1911.73,303.3,431.45,600.8,1408.45,0.3,74.8,2.0,15.0,17.4,45.52,94.31,83.0,211521.905,201695.276,282936.894,30114.17,29770.52,41761.9,199691.943,81213.937,7656.974,69243.969,41577.064,11829.961,1933,6,1580,,18.0,4.0,20,6.0,3.0,18.0,148,14.0,4.0,,44.0,,5.0,,38,10.0,15,,2691,500,1339,,31.0,4.0,72.0,16.0,10.0,31.0,371,34.0,8.0,,158.0,,2.0,,57.0,25.0,33,1053,500,65.0,,12.0,,47.0,9.0,3.0,6.0,212,15.0,3.0,,103.0,,,,41.0,16.0,21.0,1.8,33240,16437,3198.0,,178.0,,816.0,704.0,24.0,145.0,5806,188.0,101.0,,2027.0,,,,2104.0,442.0,1068,49175842.38,2207963.97,46967878.41,6768269.2,6548328.59,219940.61,,,621671.41,,,2141688.96,48360281.71,134246.94,,473337.93,,1626674.64,,2495504.38,49252691.52,60126170.79,2100012.57,58026158.22,50294438.64,51748195.9,2235113.56,48059325.08,7.3,7.3,,,5.0,5.0,,,4.1,,4.1,
3548005,0.702,0.576,0.838,0.718,0.44,1.24,4.14,17.19,35.19,15.75,8.94,695.67,191.16,2448.09,356.81,494.56,685.33,1744.44,0.33,75.3,1.82,14.3,16.52,44.41,94.59,83.74,1870734.354,1947452.238,2146889.718,78794.3,83783.01,92363.18,1527020.295,226780.43,376094.552,802556.542,121588.77,343714.059,1933,10,475,7.0,50.0,17.0,120,60.0,48.0,89.0,570,75.0,36.0,1.0,117.0,1.0,25.0,,87,50.0,95,,10465,1018,687,47.0,237.0,46.0,456.0,175.0,122.0,409.0,3472,247.0,101.0,2.0,2665.0,2.0,55.0,,75.0,173.0,476,8305,1018,321.0,42.0,181.0,26.0,313.0,52.0,16.0,293.0,2805,128.0,53.0,2.0,2533.0,,22.0,,19.0,117.0,364.0,3.4,495529,120574,31575.0,3196.0,4651.0,550.0,11300.0,4623.0,472.0,8793.0,115081,3583.0,1364.0,87.0,168539.0,,454.0,,644.0,3496.0,16545,195909190.64,18340236.97,177568953.67,34449648.88,30785834.41,2039248.94,1624565.53,6325597.21,5021835.19,,,8473416.75,154792462.36,4600413.13,,,,10102418.49,,21254281.66,179307804.78,223765792.01,10102418.49,213663373.52,196475482.15,200562086.44,18349195.97,178126286.18,5.9,5.9,,,5.2,5.2,,,4.5,,4.5,
3548054,0.757,0.728,0.84,0.71,0.41,0.77,3.32,16.52,33.05,16.68,7.92,662.71,199.92,2190.12,352.91,495.23,698.56,1564.85,0.29,75.41,1.82,14.1,16.34,40.12,94.65,83.89,289678.137,292812.002,380219.452,33916.19,34945.94,45377.66,277984.121,109970.317,21800.531,82896.563,63316.71,11694.016,2333,7,1980,,12.0,5.0,26,9.0,7.0,10.0,111,20.0,8.0,2.0,19.0,4.0,3.0,,53,10.0,47,,3058,670,1523,,26.0,5.0,64.0,11.0,7.0,18.0,216,30.0,23.0,5.0,283.0,25.0,3.0,,61.0,10.0,78,1461,670,300.0,,12.0,,34.0,,,7.0,94,4.0,4.0,,260.0,21.0,,,31.0,1.0,23.0,2.1,58858,29221,12066.0,,266.0,,1035.0,,,130.0,2838,591.0,120.0,,9923.0,1051.0,,,1030.0,27.0,559,82501622.56,3245846.13,79255776.43,8895397.76,8849014.77,46382.99,,564897.13,703069.78,,,1492424.7,87503301.7,498800.86,,23700.0,,2438353.71,,4880205.47,82085264.42,102119945.64,2462053.71,99657891.93,84902910.41,86965469.89,3343562.62,81559347.79,6.9,6.9,,,5.6,5.6,,,4.7,,4.7,
3548104,0.714,0.62,0.835,0.703,0.41,2.09,5.54,15.91,34.35,16.99,8.09,635.11,177.92,2181.8,361.58,481.4,630.94,1529.47,0.32,75.12,1.51,14.5,16.82,44.67,94.49,83.47,222832.584,274001.154,253743.152,37602.53,44727.58,41420.69,208834.761,89678.809,11351.638,77595.169,30209.145,13997.823,1479,5,1086,3.0,8.0,4.0,16,5.0,,40.0,168,14.0,17.0,,44.0,4.0,6.0,,28,16.0,15,,2368,291,910,1.0,21.0,4.0,23.0,23.0,,73.0,616,27.0,19.0,,241.0,4.0,17.0,,24.0,26.0,48,941,291,2.0,1.0,10.0,,3.0,15.0,,13.0,374,3.0,,,185.0,,5.0,,5.0,7.0,27.0,1.9,33234,12505,156.0,83.0,279.0,,58.0,1117.0,,294.0,11461,88.0,,,5974.0,,146.0,,161.0,96.0,817,38703930.4,1742784.98,36961145.42,4647453.14,4016607.65,630845.49,,401066.97,746147.89,,,,38767468.97,887587.29,,416100.0,,1610270.79,,2867183.39,38635074.46,47476095.05,2026370.79,45449724.26,39451209.66,41502257.85,1838725.29,37612484.37,7.1,7.1,,,5.0,,5.0,,4.7,,4.7,
3548203,0.706,0.632,0.812,0.685,0.47,1.17,9.11,31.16,38.42,13.95,11.02,569.08,138.76,2186.47,258.21,383.71,546.21,1515.92,0.39,73.69,2.02,16.8,19.49,48.87,93.66,81.32,148429.124,159641.819,191747.438,21690.65,22380.74,26881.74,140709.264,16760.97,7378.609,77467.992,39101.693,7719.86,928,5,452,3.0,103.0,10.0,27,6.0,13.0,28.0,138,22.0,15.0,,20.0,,16.0,,47,19.0,4,,2156,379,454,5.0,413.0,37.0,65.0,10.0,27.0,73.0,424,56.0,27.0,,73.0,,21.0,,37.0,45.0,10,1151,379,12.0,5.0,283.0,26.0,33.0,7.0,1.0,27.0,263,27.0,6.0,,51.0,,,,9.0,18.0,4.0,1.9,40494,17814,435.0,490.0,7556.0,860.0,1112.0,809.0,57.0,619.0,7792,669.0,261.0,,1231.0,,,,136.0,463.0,190,55601362.34,5123498.96,50477863.38,11236446.51,10187144.39,1049302.12,,533500.45,1438676.14,,,78569.61,52326687.63,1663302.36,,,,4928921.18,,7017291.55,51797848.89,72206103.88,4928921.18,67277182.7,55783016.33,58815140.44,5124618.96,50658397.37,6.7,6.7,,,5.4,5.4,,,4.6,,4.6,
3548302,0.732,0.714,0.828,0.664,0.41,2.85,11.41,28.78,33.4,16.36,8.17,497.6,134.53,1661.89,272.41,399.08,510.18,1174.68,0.31,74.69,2.18,15.2,17.6,48.3,94.25,82.84,47273.391,53812.634,60255.674,14964.67,17937.54,20085.22,45953.447,6470.526,3327.494,17748.76,18406.667,1319.944,429,4,332,3.0,2.0,1.0,3,2.0,,9.0,25,4.0,3.0,1.0,1.0,1.0,2.0,,23,9.0,4,,714,261,261,3.0,6.0,1.0,6.0,2.0,,12.0,68,30.0,6.0,,1.0,8.0,10.0,,22.0,6.0,11,374,260,1.0,1.0,4.0,,2.0,2.0,,,41,26.0,,,,7.0,6.0,,16.0,,8.0,1.9,12264,9352,25.0,104.0,27.0,15.0,42.0,113.0,,,969,761.0,,,,270.0,26.0,,425.0,,136,27461075.26,1190092.74,26270982.52,1085195.11,1085195.11,,,,666926.39,,,,30311751.69,168565.3,,,,86373.0,,1878810.51,27309855.24,32318811.49,86373.0,32232438.49,28098659.8,29188665.75,1231592.74,26867067.06,6.6,6.6,,,5.5,,5.5,,4.4,,4.4,
3548401,0.74,0.719,0.83,0.68,0.35,0.37,2.41,18.82,25.22,18.69,5.4,551.5,198.33,1391.01,316.97,454.22,638.08,1146.2,0.2,74.78,2.05,15.1,17.45,45.47,94.3,82.97,80653.418,87085.663,97801.855,16609.02,22335.38,25083.83,75762.655,11204.767,3838.978,36716.096,24002.814,4890.763,668,6,538,1.0,5.0,3.0,4,4.0,,3.0,48,4.0,4.0,,14.0,1.0,,,15,6.0,12,,956,259,295,1.0,25.0,3.0,14.0,16.0,,28.0,155,25.0,9.0,,89.0,2.0,,,3.0,12.0,20,530,259,9.0,1.0,15.0,,9.0,6.0,,25.0,94,21.0,4.0,,77.0,2.0,,,1.0,,7.0,1.8,19341,10993,370.0,73.0,332.0,23.0,278.0,322.0,,1893.0,2312,28.0,64.0,,2254.0,113.0,,,22.0,,264,33190459.72,780941.83,32409517.89,2404262.55,2070976.16,333286.39,,158993.83,646780.01,,,36364.64,36954441.89,130316.9,,,,890048.0,,1077941.83,32909664.54,41221207.82,890048.0,40331159.82,33395598.51,33987606.37,780941.83,32614656.68,7.5,7.5,,,6.2,,6.2,,5.4,,5.4,
3548500,0.84,0.807,0.852,0.861,0.55,0.6,2.39,8.08,44.17,10.19,17.33,1693.65,280.05,7481.44,583.28,953.44,1596.37,5060.09,0.56,76.13,1.25,13.7,15.36,44.51,95.14,85.23,24090173.097,27510857.303,30961718.45,55508.46,65719.86,73963.51,20326535.714,5248.939,2150156.228,15770943.804,2400186.743,3763637.383,41991,44,102,60.0,2153.0,717.0,9169,1402.0,1255.0,4621.0,8095,1699.0,1305.0,68.0,797.0,63.0,1591.0,3.0,2225,3618.0,3004,40238.0,248105,12887,166,3252.0,12785.0,2939.0,35715.0,6169.0,3489.0,14165.0,39376,9809.0,20067.0,266.0,7986.0,611.0,4479.0,2.0,10058.0,24079.0,39805,199262,12866,58.0,3194.0,10055.0,2042.0,29746.0,3813.0,1109.0,7930.0,29747,7440.0,18386.0,205.0,6970.0,599.0,2320.0,2.0,7626.0,18659.0,36495.0,3.1,11095160,1395583,2356.0,164066.0,290197.0,188351.0,1060679.0,300732.0,39601.0,370710.0,1135045,362109.0,884435.0,15510.0,908441.0,149443.0,148744.0,43.0,170945.0,837635.0,2670534,5192914968.29,320245112.73,4872669855.56,2816878416.17,2641381281.45,175497134.72,,268895273.76,170638338.86,,,2442.81,1976049505.23,82421820.44,37296480.92,284094.66,,105621664.53,110000.0,394293916.48,5122289888.27,5458198037.38,143312240.11,5314885797.27,5316702877.66,5516583804.75,355107399.97,4961595477.69,6.1,6.1,6.6,,5.2,5.3,5.2,,4.5,,4.5,
3548609,0.72,0.638,0.812,0.719,0.55,2.21,6.9,28.59,47.44,12.0,15.81,701.89,148.87,3329.89,272.24,392.54,587.1,2100.4,0.56,73.69,1.83,16.8,19.49,46.84,93.66,81.32,406647.208,305965.07,354768.094,37283.14,26186.67,30389.59,387715.086,39804.065,13677.018,283080.376,51153.626,18932.122,1368,9,929,2.0,56.0,14.0,21,8.0,9.0,27.0,151,16.0,12.0,1.0,28.0,1.0,8.0,,43,20.0,13,,3110,511,907,6.0,239.0,43.0,58.0,40.0,20.0,59.0,774,32.0,37.0,7.0,103.0,3.0,17.0,,85.0,132.0,37,1671,511,,6.0,162.0,23.0,29.0,30.0,7.0,19.0,577,10.0,20.0,7.0,69.0,2.0,9.0,,60.0,106.0,24.0,1.9,58800,21324,,515.0,4909.0,682.0,850.0,2406.0,197.0,669.0,16379,36.0,487.0,364.0,1924.0,51.0,1144.0,,2306.0,3545.0,1011,60453206.95,3504711.62,56948495.33,12169374.51,10717532.61,1451841.9,,652700.6,3292937.24,,,40307.12,61038077.7,149922.28,,,,2494085.84,,6720110.66,61274632.63,79837405.29,2494085.84,77343319.45,61759122.9,67994743.29,3590117.29,58169005.61,6.9,6.9,,,6.1,,6.1,,4.5,,4.5,
3548708,0.805,0.752,0.861,0.807,0.54,0.99,3.54,13.22,42.7,10.93,15.63,1212.65,216.55,5177.68,446.14,700.06,1154.15,3549.0,0.52,76.65,1.5,12.84,14.39,37.55,95.39,85.91,58277014.065,65652404.178,71965791.185,68571.36,80979.47,88766.77,46541308.592,11195.535,13216248.199,29662760.19,3651104.667,11735705.473,55180,21,52,75.0,2320.0,740.0,8248,1878.0,1339.0,6452.0,14101,2452.0,2188.0,13.0,2623.0,4.0,3399.0,,2866,3254.0,3155,53213.0,363384,13805,90,1411.0,13431.0,2453.0,47847.0,8175.0,3199.0,16030.0,67448,13482.0,18268.0,3.0,75976.0,6.0,11581.0,,7484.0,28053.0,34642,294077,13801,27.0,1310.0,10639.0,1474.0,39203.0,5241.0,754.0,7589.0,50566,10275.0,15479.0,,72572.0,1.0,6982.0,,4356.0,23481.0,30327.0,3.3,17591629,1183354,753.0,76435.0,316786.0,43165.0,1238528.0,454476.0,30992.0,369579.0,2093752,391757.0,863974.0,,7105359.0,105.0,627380.0,,129209.0,1156534.0,1509492,6124383398.97,657592838.44,5466790560.53,2328988321.62,2064340056.78,264648264.84,,202193557.72,159926679.84,,752.59,41897786.92,3292067362.59,376421785.09,189400191.46,24595571.97,,69104221.8,4696144.56,764012072.02,5771157566.47,6689292376.16,287796129.79,6401496246.37,6134010892.91,6535169638.49,659149033.05,5474861859.86,6.8,6.8,,,5.4,,5.4,,4.6,,4.6,
3548807,0.862,0.811,0.887,0.891,0.54,0.09,0.52,3.85,43.71,10.85,16.12,2043.74,377.39,8933.87,731.02,1175.12,1946.52,5984.78,0.52,78.2,1.3,9.5,11.02,41.07,95.79,87.84,15566768.386,18128058.799,22553448.009,95640.71,109432.61,136147.1,13231138.346,30.821,3515560.444,8183229.277,1532317.804,2335630.04,22532,14,10,22.0,1074.0,313.0,3675,1004.0,674.0,2651.0,5473,774.0,705.0,10.0,1091.0,1.0,1649.0,,1103,1706.0,583,21984.0,143712,6408,35,274.0,7253.0,916.0,37118.0,3208.0,1870.0,8083.0,23609,8483.0,6538.0,4.0,18413.0,2.0,6585.0,,2571.0,8719.0,3623,114358,6408,19.0,244.0,5963.0,520.0,33432.0,1446.0,541.0,4443.0,16922,7429.0,5622.0,,16918.0,2.0,3938.0,,1334.0,6209.0,2968.0,2.9,5966183,457561,315.0,28600.0,188262.0,13782.0,1418033.0,134893.0,27502.0,177556.0,771519,331194.0,425346.0,,1106747.0,209.0,306796.0,,55611.0,324159.0,198099,2475616035.91,195055048.6,2280560987.31,934119305.78,857442704.55,76676601.23,,10551270.76,17263710.94,,,497762346.27,1131494067.29,80103139.11,77366399.89,1201754.62,,1249564.0,,204245945.61,2449015282.95,2751111558.66,79817718.51,2671293840.15,2571395294.47,2653261228.56,198270790.45,2373124504.02,7.2,7.2,,,6.0,6.0,5.7,,4.9,4.5,5.2,
3548906,0.805,0.766,0.863,0.788,0.49,0.58,2.53,10.01,39.97,13.16,12.15,1079.45,245.87,4314.68,464.37,681.47,1020.96,2984.49,0.43,76.78,1.44,11.19,12.98,39.61,95.19,85.36,14141854.369,15599640.336,18386920.167,55044.88,61217.79,72146.03,12084354.763,170583.18,3844335.362,6861133.828,1208302.393,2057499.606,21783,18,1895,52.0,1028.0,314.0,2641,502.0,771.0,2233.0,5639,969.0,782.0,12.0,1363.0,16.0,827.0,,936,1261.0,524,20713.0,116872,4894,3178,1201.0,5035.0,1122.0,11968.0,2699.0,2113.0,6497.0,22142,4887.0,11426.0,86.0,23127.0,110.0,3445.0,,1820.0,6547.0,4575,89003,4894,1593.0,1135.0,3892.0,654.0,8912.0,1701.0,488.0,3130.0,15382,3531.0,10332.0,80.0,21215.0,86.0,2277.0,,897.0,4785.0,4019.0,3.2,5253324,407313,66943.0,68550.0,110207.0,21105.0,443930.0,128268.0,16621.0,214823.0,548180,209664.0,1019692.0,5055.0,1330714.0,4089.0,286034.0,,30297.0,198953.0,142886,1541838160.44,107251305.75,1434586854.69,556544849.74,536047739.38,20420926.68,76183.68,7199920.0,16253619.99,,70792.0,168070211.47,942884016.73,26227190.26,4700000.0,100.24,,21252197.23,,122210444.95,1531891797.79,1743202897.66,25952297.47,1717250600.19,1567885410.55,1654102242.74,107271043.56,1460614366.99,7.1,6.5,7.6,,5.6,5.3,5.7,,4.9,,4.8,
3549003,0.723,0.658,0.814,0.705,0.45,0.29,4.02,21.09,37.8,15.67,9.65,643.37,184.97,2431.84,319.11,458.7,613.23,1657.98,0.34,73.82,2.07,16.6,19.23,50.24,93.74,81.52,51167.786,50205.106,59556.069,18189.76,19294.81,22888.57,49983.276,16633.994,2507.216,14798.64,16043.426,1184.51,772,4,683,1.0,1.0,1.0,2,,,6.0,35,1.0,,,4.0,,3.0,,16,11.0,4,,799,162,525,1.0,1.0,1.0,5.0,,,7.0,62,2.0,,,5.0,,2.0,,6.0,14.0,6,197,162,,1.0,,,1.0,,,,26,,,,,,,,3.0,1.0,3.0,2.6,8804,7723,,57.0,,,18.0,,,,738,,,,,,,,15.0,,253,32612713.26,387303.69,32225409.57,1755389.77,1341455.32,226460.86,187473.59,1214897.01,1995326.87,,,12843.97,28955987.63,70380.64,,422320.0,,430000.0,,503902.69,32508609.44,34857145.89,852320.0,34004825.89,32926914.13,33012512.13,503902.69,32423011.44,6.9,,6.9,,5.7,,5.7,,5.3,,5.3,
3549102,0.797,0.749,0.871,0.776,0.51,0.32,1.84,12.66,42.62,13.01,13.1,998.31,228.87,4254.29,420.53,601.51,901.69,2835.66,0.45,77.23,1.98,9.45,10.96,41.32,95.17,85.3,4135189.744,4683628.525,5011180.867,44794.34,50614.67,54147.42,3637955.496,125955.232,943016.747,2146777.947,422205.569,497234.248,8435,19,2342,12.0,331.0,86.0,527,192.0,245.0,482.0,2135,222.0,196.0,4.0,397.0,15.0,173.0,,331,537.0,189,7885.0,38566,2400,2178,129.0,1216.0,320.0,1745.0,1037.0,660.0,1034.0,9572,726.0,5722.0,51.0,6854.0,76.0,425.0,,572.0,2974.0,875,28793,2400,241.0,119.0,814.0,217.0,1175.0,658.0,99.0,402.0,7009,398.0,5475.0,51.0,6326.0,59.0,177.0,,300.0,2220.0,653.0,2.4,1301310,164929,10333.0,11382.0,21792.0,7060.0,30004.0,44026.0,2828.0,15117.0,245783,9710.0,270763.0,2968.0,335655.0,2760.0,6377.0,,10136.0,84612.0,25077,609762894.48,9981060.05,599781834.43,139681292.68,136323131.1,3295273.5,62888.08,29291521.91,27035622.65,,,67340475.87,382164254.12,22182260.7,2462163.33,,,10902036.05,,10111369.03,655067212.87,681059627.31,13364199.38,667695427.93,645443289.55,665178581.9,9985467.26,635457822.29,6.8,6.8,,,5.1,,5.1,,4.8,,4.4,
3549201,0.72,0.686,0.806,0.675,0.36,0.74,4.37,22.06,29.33,18.8,6.24,532.23,181.51,1560.8,318.8,441.52,569.58,1145.78,0.24,73.34,1.88,17.4,20.15,45.88,93.46,80.79,52612.013,55918.879,72713.498,20591.79,21673.98,28183.53,51182.372,16036.73,3694.699,14414.448,17036.494,1429.642,580,6,492,1.0,,4.0,3,,1.0,1.0,29,2.0,1.0,,2.0,,,,24,10.0,4,,686,204,336,1.0,,3.0,5.0,,,13.0,79,16.0,1.0,,9.0,,,,7.0,9.0,3,284,204,,1.0,,,1.0,,,11.0,43,14.0,,,7.0,,,,2.0,,1.0,2.3,12220,9258,,59.0,,,25.0,,,349.0,1592,578.0,,,178.0,,,,39.0,,141,32128772.59,1245690.31,30883082.28,1802902.85,1701098.21,101804.64,,1019827.63,953798.39,,,150.0,31092175.9,256686.28,,,,1601226.7,,1278199.09,31218561.54,36726767.75,1601226.7,35125541.05,32371947.75,32496760.63,1245690.31,31126257.44,6.3,6.3,,,6.0,,6.0,,5.0,,5.0,
3549250,0.748,0.738,0.833,0.682,0.37,2.9,6.44,20.41,28.32,17.86,6.34,559.18,174.36,1583.82,325.03,475.12,619.58,1220.19,0.27,74.97,2.08,14.8,17.11,41.49,94.41,83.25,51478.104,52814.894,69614.459,26507.78,28610.45,37710.97,50037.108,19378.211,1440.394,13452.91,15765.594,1440.996,488,5,388,1.0,6.0,3.0,3,1.0,1.0,4.0,26,2.0,2.0,,4.0,,1.0,,15,11.0,15,,593,211,270,1.0,6.0,4.0,5.0,,,4.0,47,5.0,2.0,,5.0,,1.0,,2.0,10.0,20,235,211,1.0,,,,1.0,,,,15,3.0,,,,,,,,,4.0,2.3,9797,9286,24.0,,3.0,,21.0,,,,318,29.0,,,,,,,,,115,31171969.6,766886.86,30405082.74,1464125.12,1435389.66,28735.46,,1228893.43,740030.71,,,363178.84,32565008.17,679264.81,,,,471325.19,,1781541.78,30560605.52,37511826.27,471325.19,37040501.08,31324335.15,32342147.3,775729.63,30548605.52,6.5,6.5,,,5.6,,5.6,,5.3,,5.3,
3549300,0.75,0.692,0.854,0.714,0.33,0.73,1.1,8.49,26.45,19.84,5.33,680.13,258.03,1799.24,416.66,548.19,766.34,1401.49,0.19,76.26,1.31,12.9,14.89,50.49,95.11,85.12,58492.972,64165.545,83376.43,27920.27,28619.78,37188.42,56171.7,19148.291,3111.482,17640.906,16271.021,2321.272,565,3,498,1.0,,2.0,3,2.0,2.0,2.0,21,,2.0,,5.0,,1.0,,8,9.0,6,,735,193,370,1.0,,2.0,7.0,6.0,6.0,4.0,64,,1.0,,46.0,,1.0,,3.0,10.0,21,296,193,,,,,3.0,3.0,,,39,,,,41.0,,,,2.0,,15.0,2.3,12526,9205,,,,,558.0,329.0,,,1015,,,,893.0,,,,46.0,,480,25917122.38,311356.18,25605766.2,1335446.45,1282280.9,53165.55,,,387662.25,,,648791.55,29720969.21,18629.23,,,,1072657.82,48613.23,1141236.18,25645055.36,33232769.74,1121271.05,32111498.69,26030612.38,26786291.54,424846.18,25605766.2,7.3,7.3,,,5.9,,5.9,,5.0,,5.0,
3549409,0.762,0.706,0.847,0.74,0.42,0.36,2.51,11.74,33.38,16.71,7.99,799.93,232.57,2669.87,435.88,577.33,826.51,1926.64,0.3,75.8,1.75,12.5,14.5,41.14,94.53,84.59,2191085.894,2485889.106,2733786.441,41547.41,51194.22,56299.4,1942190.242,54709.298,727988.648,931319.947,228172.35,248895.652,3463,7,715,4.0,117.0,51.0,182,69.0,46.0,361.0,902,92.0,165.0,9.0,124.0,,110.0,,139,241.0,129,,20442,2745,581,6.0,431.0,201.0,497.0,229.0,126.0,697.0,3723,359.0,505.0,59.0,8098.0,,290.0,,266.0,1094.0,535,16571,2745,30.0,,289.0,136.0,284.0,98.0,23.0,253.0,2665,235.0,308.0,52.0,7934.0,,161.0,,162.0,806.0,390.0,2.7,759888,153500,1351.0,,7042.0,4114.0,7877.0,8629.0,509.0,7548.0,81907,6197.0,14194.0,4015.0,410129.0,,5690.0,,2852.0,29764.0,14570,259306503.59,11194753.48,248111750.11,54334976.73,52907460.75,1427515.98,,3072439.04,9266077.93,,,11703052.46,223267072.29,4345800.28,,,,1882092.29,,16519005.73,253881816.08,307871511.02,1882092.29,305989418.73,263863869.12,270400821.81,11451232.14,252412636.98,6.9,6.3,7.1,,5.3,,5.3,,4.6,,4.6,
3549508,0.693,0.58,0.844,0.679,0.46,2.45,7.73,29.24,38.49,14.88,10.35,548.31,141.46,2110.34,266.38,387.04,530.84,1416.03,0.4,75.61,2.67,13.8,15.99,51.32,94.76,84.19,231517.142,281274.434,336021.818,25749.88,36883.61,44062.66,220831.148,95960.632,5787.293,70175.342,48907.88,10685.994,977,4,772,,11.0,4.0,9,4.0,1.0,4.0,88,7.0,3.0,2.0,8.0,,4.0,,23,18.0,15,,1450,448,518,,23.0,4.0,63.0,11.0,1.0,16.0,180,8.0,10.0,2.0,8.0,,7.0,,12.0,34.0,105,745,448,6.0,,12.0,,51.0,9.0,,10.0,92,1.0,2.0,,,,3.0,,2.0,18.0,91.0,1.9,25887,16822,250.0,,358.0,,1134.0,922.0,,257.0,2447,,90.0,,,,85.0,,39.0,463.0,3021,42623997.26,3229844.97,39394152.29,2976419.2,2921914.57,54504.63,,,338404.69,,,634532.53,48853318.23,28788.26,,,,1602340.21,,3396766.82,43545717.21,54433803.12,1602340.21,52831462.91,46277257.08,46942484.03,3275229.26,43002027.82,5.7,5.7,,,4.1,,4.1,,3.9,,3.9,
3549607,0.684,0.591,0.813,0.666,0.55,7.09,22.95,43.92,44.11,9.66,18.27,506.16,75.78,2232.66,168.59,298.54,506.29,1482.2,0.57,73.8,2.53,16.7,19.26,53.28,93.73,81.49,63347.21,66747.687,80553.126,15297.56,17323.56,20906.6,61038.985,9640.511,2432.084,22349.784,26616.607,2308.225,527,5,396,,16.0,3.0,6,5.0,1.0,4.0,34,5.0,5.0,1.0,3.0,,5.0,,26,10.0,2,,900,310,346,,31.0,3.0,11.0,14.0,1.0,14.0,86,10.0,6.0,3.0,40.0,,2.0,,9.0,12.0,2,455,310,4.0,,12.0,,2.0,9.0,,11.0,50,3.0,,3.0,37.0,,,,8.0,6.0,,2.3,18900,14359,106.0,,278.0,,37.0,453.0,,254.0,1316,88.0,,185.0,1451.0,,,,204.0,114.0,54,45089849.6,1470114.64,43619734.96,3869138.2,3567232.91,301905.29,,,1472859.03,,,,45095525.68,91133.41,,,,1205208.9,,6941574.74,46985438.98,51733865.22,1205208.9,50528656.32,46459834.67,53927013.72,1522519.32,44937315.35,6.6,6.6,,,5.4,5.4,,,4.6,,4.6,
3549706,0.774,0.717,0.868,0.744,0.49,0.8,5.27,17.98,40.33,13.68,11.79,818.61,184.69,3301.5,375.24,533.69,766.33,2208.14,0.41,77.05,1.52,10.9,12.64,41.46,95.21,86.32,2375167.083,2619385.788,2876972.561,42952.13,50175.96,55109.14,2067947.146,196939.838,472632.208,1153489.695,244885.405,307219.937,5300,8,1934,11.0,198.0,58.0,226,100.0,113.0,247.0,1191,131.0,95.0,13.0,244.0,7.0,61.0,,178,338.0,147,4922.0,21018,1505,1829,223.0,690.0,190.0,1198.0,379.0,250.0,616.0,5053,1252.0,787.0,64.0,4163.0,14.0,132.0,,402.0,1513.0,758,15125,1505,181.0,204.0,458.0,123.0,921.0,208.0,59.0,285.0,3614,1077.0,674.0,59.0,3827.0,5.0,55.0,,251.0,1039.0,580.0,2.1,579070,86572,5273.0,7174.0,12134.0,3252.0,28709.0,16086.0,1356.0,9227.0,116098,44860.0,24407.0,4448.0,153827.0,154.0,1582.0,,7011.0,35654.0,21246,357319805.19,14852672.07,342467133.12,61454060.97,55702781.35,5751279.62,,22875561.23,21433340.36,,,22658602.65,233145025.41,9097149.75,,291335.22,,6038953.13,,20464871.76,355798812.04,376994028.72,6330288.35,370663740.37,365412357.82,376263683.8,15369423.84,350042933.98,6.6,6.3,6.9,,5.2,3.9,5.5,,4.5,4.2,4.5,
3549805,0.797,0.748,0.846,0.801,0.5,0.46,1.73,8.85,40.65,12.98,12.53,1169.16,265.99,4753.11,492.85,715.66,1093.42,3263.41,0.43,75.74,1.48,13.6,15.77,38.1,94.83,84.37,20962614.976,23799646.384,26390120.821,44679.93,49537.29,54934.44,18571991.257,64179.636,2145379.949,14508306.843,1854124.83,2390623.719,49366,37,1743,77.0,1976.0,498.0,6552,1568.0,1970.0,4859.0,13743,2809.0,1227.0,19.0,2680.0,7.0,1311.0,1.0,3183,3801.0,1305,47253.0,225864,7839,1986,1833.0,9432.0,1487.0,22935.0,7505.0,5542.0,11159.0,57713,13725.0,12910.0,229.0,25518.0,11.0,6125.0,,5619.0,27465.0,6831,161881,7839,433.0,1733.0,7131.0,796.0,14961.0,4786.0,1360.0,4459.0,41417,9135.0,11303.0,202.0,22015.0,,4372.0,,2636.0,21864.0,5439.0,2.7,7918934,727084,29878.0,95391.0,218644.0,21592.0,516533.0,440521.0,65450.0,180956.0,1933466,395405.0,660581.0,15044.0,983428.0,63.0,189152.0,,98881.0,1098278.0,248586,3103268054.43,199664187.62,2903603866.81,1063480528.2,1039990813.95,23389333.81,100380.44,135264856.91,198266074.57,,,358300555.99,1519313633.65,125572115.89,,6563429.62,,7550307.68,,224639410.23,3069694721.48,3414311502.51,14113737.3,3400197765.21,3151439095.74,3294334131.71,204740292.47,2946698803.27,6.6,6.6,,,5.2,4.3,5.3,,4.5,,4.5,
3549904,0.807,0.764,0.855,0.804,0.55,1.01,3.89,13.03,44.83,10.77,16.64,1190.96,214.63,5338.63,426.96,655.18,1065.97,3600.98,0.54,76.27,1.63,13.49,15.12,38.9,95.22,85.42,45208807.937,56653326.722,61394524.128,61315.88,81231.79,88077.14,38827489.397,25504.102,16459170.872,19457995.78,2884818.643,6381318.54,48149,48,1886,98.0,2299.0,577.0,5772,1764.0,1494.0,5534.0,11391,2992.0,1908.0,26.0,1753.0,10.0,2635.0,1.0,2219,4257.0,1485,45973.0,274961,10864,1821,5249.0,12729.0,2282.0,31435.0,8906.0,3403.0,15049.0,56373,15129.0,19174.0,614.0,40575.0,44.0,9445.0,1.0,5849.0,25200.0,10819,213255,10849,86.0,5138.0,9863.0,1475.0,25190.0,5794.0,677.0,7593.0,42764,11238.0,16439.0,597.0,38229.0,35.0,6009.0,,3595.0,18523.0,9161.0,3.2,12615026,1206091,1728.0,240202.0,277295.0,42317.0,879618.0,424744.0,21064.0,497962.0,1618371,404392.0,834604.0,66789.0,4292221.0,2281.0,434826.0,,131153.0,804269.0,435100,5046568546.33,342530941.79,4704037604.54,1513848569.89,1468466853.37,45381716.52,,209116484.52,238255878.1,,,,2911606191.48,191908778.57,,1573771.83,,31596688.27,,375121003.31,4870810729.09,5097906362.66,33170460.1,5064735902.56,5115661287.57,5245931732.4,344400619.83,4771260667.74,6.9,6.9,6.9,,5.7,6.0,5.4,,4.6,,4.5,6.6
3549953,0.728,0.666,0.823,0.704,0.47,1.61,7.73,26.78,37.71,13.57,11.12,640.64,150.25,2416.14,284.29,440.27,636.91,1671.81,0.39,74.36,1.99,15.7,18.21,44.66,94.06,82.35,285411.765,301589.307,346115.309,17697.76,18868.2,21542.0,260905.076,1858.98,27606.501,158623.601,72815.995,24506.689,905,9,171,5.0,26.0,11.0,74,20.0,14.0,60.0,236,37.0,16.0,2.0,25.0,2.0,48.0,,91,33.0,25,,6419,707,170,9.0,116.0,85.0,3290.0,54.0,29.0,99.0,866,319.0,65.0,57.0,230.0,3.0,82.0,,67.0,91.0,80,5345,707,,5.0,84.0,70.0,3191.0,11.0,10.0,13.0,568,272.0,42.0,47.0,198.0,,7.0,,17.0,51.0,52.0,1.5,140577,31306,,648.0,1747.0,1038.0,57929.0,1271.0,150.0,640.0,19168,13334.0,1106.0,2777.0,5285.0,,344.0,,508.0,1629.0,1698,84191685.08,5636647.65,78555037.43,15788886.53,12789469.04,2999417.49,,818038.86,1256293.85,,,,79824118.71,977341.45,,,,6937464.93,,7521692.75,85341478.33,105602144.33,6937464.93,98664679.4,89005560.52,92863171.08,6176647.65,82828912.87,6.8,6.8,,,5.9,,5.9,,4.9,,4.9,
3550001,0.697,0.593,0.826,0.691,0.48,0.99,9.16,32.84,38.0,13.16,11.55,590.68,138.64,2244.46,249.95,390.7,571.25,1598.82,0.4,74.54,1.64,15.4,17.86,46.18,94.17,82.62,204219.19,220581.512,252579.139,19098.4,21339.03,24434.47,192216.706,24929.186,12156.921,97556.423,57574.176,12002.484,2469,4,1984,4.0,57.0,19.0,33,7.0,10.0,37.0,128,10.0,18.0,1.0,28.0,7.0,11.0,,64,23.0,24,,3880,522,1811,8.0,195.0,25.0,52.0,26.0,17.0,105.0,545,11.0,36.0,48.0,217.0,14.0,51.0,,46.0,97.0,54,1521,522,21.0,7.0,119.0,2.0,12.0,20.0,,49.0,392,,12.0,48.0,167.0,1.0,37.0,,11.0,69.0,32.0,2.0,57619,23593,522.0,692.0,2833.0,59.0,247.0,1993.0,,1470.0,12113,5.0,337.0,3486.0,5293.0,26.0,1219.0,,269.0,2187.0,1275,68496070.11,2708945.94,65787124.17,7157265.61,6427381.75,729883.86,,,1213952.18,,,,70163144.64,418433.21,,,,4704775.02,,3234707.16,66693428.31,83657570.66,4704775.02,78952795.64,68496070.11,69928135.47,2708945.94,65787124.17,6.9,6.9,,,5.4,5.4,,,4.5,,4.5,
3550100,0.744,0.695,0.805,0.735,0.45,1.3,3.45,15.61,36.67,14.79,9.92,773.82,199.1,2837.83,372.96,541.64,772.19,1985.05,0.37,73.29,1.82,17.5,20.26,44.19,93.42,80.71,1340317.267,1482433.37,1889877.382,32463.42,39755.25,50681.9,1195585.809,118878.275,195029.982,721870.938,159806.614,144731.457,2696,11,830,17.0,92.0,35.0,111,38.0,55.0,130.0,688,73.0,60.0,1.0,107.0,3.0,45.0,,130,122.0,148,,11029,1109,801,82.0,284.0,136.0,285.0,147.0,138.0,264.0,2615,243.0,350.0,8.0,2883.0,25.0,88.0,,188.0,761.0,622,8236,1109,191.0,67.0,183.0,86.0,139.0,88.0,30.0,101.0,1869,143.0,262.0,8.0,2731.0,23.0,32.0,,91.0,630.0,453.0,2.4,371304,57646,6116.0,6445.0,4532.0,2151.0,3456.0,10031.0,951.0,2797.0,64781,3954.0,10167.0,514.0,150579.0,1011.0,996.0,,3054.0,20684.0,21439,232909260.89,12851342.76,220057918.13,38187819.21,37311925.82,727673.43,148219.96,10457314.61,12808628.23,,,54741.31,187987925.14,16180154.37,4860000.0,18800.0,,7279393.54,,23780541.37,224713642.3,277834776.41,12158193.54,265676582.87,235732146.17,248494183.67,12886513.25,222845632.92,6.3,6.3,,,5.1,,5.1,,4.3,,4.3,
3550209,0.71,0.633,0.799,0.708,0.57,4.09,11.05,32.62,49.87,11.11,17.96,657.07,119.2,3277.13,245.67,365.79,528.0,2023.11,0.61,72.95,2.24,18.1,20.94,48.77,93.21,80.17,954225.102,941899.305,1157726.376,28853.83,29398.52,36134.91,907932.485,391383.783,47114.506,328949.807,140484.388,46292.618,5891,11,4868,9.0,60.0,20.0,44,21.0,23.0,75.0,399,42.0,42.0,4.0,49.0,,25.0,,90,52.0,57,,10244,881,5087,20.0,214.0,45.0,82.0,84.0,47.0,203.0,1965,119.0,127.0,14.0,626.0,,52.0,,113.0,349.0,216,4593,881,574.0,13.0,150.0,20.0,30.0,55.0,7.0,107.0,1509,61.0,81.0,14.0,567.0,,26.0,,56.0,294.0,148.0,1.8,148365,42764,17407.0,622.0,3203.0,435.0,865.0,4979.0,143.0,2673.0,42642,1113.0,2166.0,736.0,11388.0,,893.0,,1240.0,10728.0,4368,137485366.22,1620438.36,135864927.86,19206595.26,16426608.98,2778316.67,1669.61,1208487.43,4833665.66,,,105944.07,155129460.43,1095038.97,,,,1639887.23,,6980585.78,141686586.08,183219079.05,1639887.23,181579191.82,140511845.78,148667171.86,3042526.32,137469319.46,6.5,6.5,,,5.6,,5.6,,4.7,,4.7,
3550308,0.805,0.725,0.855,0.843,0.62,0.92,4.27,14.69,52.17,8.24,25.32,1516.21,204.1,7910.01,420.63,673.66,1189.16,5105.33,0.72,76.3,1.52,13.15,14.74,40.64,95.18,85.32,828980746.586,945946482.808,1066825104.983,66872.85,82606.43,93156.23,660796712.406,61624.738,62513857.934,549767525.142,48453704.592,168184034.18,1282381,834,1901,1588.0,50053.0,18001.0,181325,81221.0,44223.0,157417.0,293706,71424.0,43496.0,1356.0,47177.0,284.0,105100.0,112.0,57248,89617.0,36298,1220946.0,6822750,403135,4813,35562.0,306040.0,63291.0,1229872.0,397584.0,116563.0,478802.0,1202794,396883.0,371103.0,14643.0,392216.0,2085.0,383688.0,678.0,159346.0,587080.0,276572,5182167,403018,1900.0,33677.0,244076.0,39323.0,1032492.0,288816.0,31012.0,257855.0,862132,293871.0,316817.0,11883.0,331656.0,1723.0,243959.0,678.0,92974.0,456492.0,237813.0,4.0,382178690,39192681,267422.0,2303043.0,8290977.0,2325792.0,44229141.0,47543492.0,2368307.0,24627973.0,52356056,14275771.0,21767488.0,1679800.0,28977807.0,206726.0,39926756.0,91146.0,5653970.0,30397137.0,15697203,116798206872.08,11868773734.33,104929433137.75,68282433803.83,67536750995.13,745410353.48,272455.22,4232870909.25,4640566403.15,,,177281048.46,28611989372.76,2208233404.89,2835694236.28,467503452.76,27210207.8,481693925.2,4226988162.13,14696578416.44,108875228274.81,116192464926.51,8039089984.17,108153374942.34,117009214332.57,123571806691.25,11918084170.9,105091130161.67,6.2,5.8,6.5,8.2,5.0,4.9,5.0,7.6,4.3,4.2,4.3,
3550407,0.755,0.674,0.863,0.741,0.46,0.49,4.08,16.24,36.06,14.12,10.22,803.02,194.62,2896.06,372.15,546.41,808.09,2101.41,0.37,76.78,1.7,11.2,12.99,46.85,95.07,85.95,886335.955,1023481.532,1243177.03,24418.31,26753.49,32496.26,809231.506,64623.833,64260.756,514870.525,165476.393,77104.449,3516,8,1575,4.0,153.0,36.0,142,58.0,77.0,165.0,596,101.0,57.0,3.0,121.0,24.0,56.0,,141,119.0,80,,11164,1162,1334,96.0,1054.0,323.0,511.0,171.0,169.0,482.0,2799,328.0,336.0,19.0,1064.0,112.0,109.0,,177.0,697.0,221,7531,1162,195.0,95.0,866.0,278.0,313.0,90.0,35.0,244.0,2025,169.0,266.0,17.0,895.0,90.0,42.0,,84.0,549.0,116.0,2.0,282350,57704,15648.0,4314.0,24257.0,11146.0,9404.0,7531.0,726.0,9345.0,62367,4919.0,10576.0,1214.0,25927.0,3689.0,1941.0,,3194.0,23013.0,5436,241500224.76,16169112.48,225331112.28,58006328.74,50047195.34,7958163.29,970.11,4733076.83,6262490.61,,,16589917.21,191597251.36,3006057.34,,2106617.06,,3980359.79,,17645077.1,231321307.55,286282098.94,6086976.85,280195122.09,245280497.32,248966384.65,16669973.78,228610523.54,6.5,6.5,,,5.4,5.5,5.3,,4.9,,4.9,
3550506,0.703,0.636,0.826,0.661,0.39,1.79,7.22,29.59,29.79,17.01,7.0,488.08,149.5,1453.83,265.69,383.2,533.87,1112.32,0.27,74.58,2.26,15.4,17.81,50.24,94.19,82.67,234364.608,235145.548,393936.414,30342.39,32595.72,54584.51,219115.663,91072.717,24160.74,61183.344,42698.862,15248.945,2452,5,2235,3.0,5.0,2.0,10,4.0,4.0,8.0,76,6.0,6.0,2.0,20.0,1.0,7.0,,27,8.0,23,,2942,372,1900,13.0,9.0,2.0,30.0,18.0,5.0,10.0,224,6.0,12.0,3.0,261.0,,9.0,,11.0,9.0,48,1180,372,362.0,10.0,4.0,,18.0,14.0,,1.0,128,,3.0,2.0,239.0,,,,4.0,1.0,22.0,2.2,48549,19459,12410.0,419.0,56.0,,626.0,1197.0,,21.0,3594,,78.0,102.0,9609.0,,,,123.0,32.0,822,64125335.2,3101032.79,61024302.41,6538473.86,6175734.64,362739.22,,287314.94,1443197.85,,,1859939.39,61899981.92,161165.86,2785526.82,,,3774378.14,,7678653.51,62715165.33,78749978.78,6559904.96,72190073.82,65385379.54,70393818.84,3101032.79,62284346.75,7.0,7.0,,,4.4,,4.4,,4.2,,4.2,
3550605,0.768,0.687,0.863,0.765,0.5,1.61,4.76,15.04,39.73,12.46,12.76,932.62,199.14,3705.63,381.84,569.92,898.9,2615.78,0.45,76.79,2.06,12.1,14.03,41.82,95.38,85.86,3450778.678,3900209.584,4532567.306,37074.85,49069.12,57024.9,2950864.049,45528.581,602986.495,1906386.234,395962.738,499914.63,6662,14,858,27.0,457.0,89.0,716,175.0,138.0,453.0,1692,278.0,209.0,5.0,335.0,4.0,169.0,,408,439.0,196,6400.0,35092,2623,870,96.0,4152.0,269.0,1925.0,684.0,395.0,1001.0,8922,1310.0,2968.0,50.0,5102.0,7.0,311.0,,1198.0,2262.0,947,27367,2623,41.0,63.0,3607.0,164.0,1182.0,272.0,112.0,405.0,7112,955.0,2696.0,46.0,4680.0,,92.0,,879.0,1703.0,735.0,2.3,1203823,181857,1243.0,5227.0,97377.0,4624.0,33973.0,18171.0,5479.0,14288.0,276116,46364.0,129396.0,3181.0,258283.0,,3275.0,,27518.0,62002.0,35446,583298929.76,20305030.29,562993899.47,189603467.33,176403817.92,13199649.41,,26589653.2,19955881.79,,,,378206998.32,17268276.11,3846580.51,856430.0,,19894106.61,,37170189.31,602036780.18,656221393.87,24597117.12,631624276.75,595258487.58,639206969.49,21867207.95,573391279.63,6.2,6.2,,,5.0,5.0,,,4.9,,4.6,
3550704,0.772,0.703,0.875,0.747,0.49,0.68,3.47,16.6,39.55,13.1,12.08,837.48,196.62,3312.5,351.98,515.27,809.35,2313.59,0.42,77.51,1.85,9.24,10.72,42.65,95.33,85.74,16008645.421,18873505.615,17400619.207,174696.31,231463.15,213255.95,15551943.835,15863.894,9764264.038,5075980.831,695835.071,456701.586,5609,23,147,32.0,832.0,151.0,821,98.0,242.0,310.0,1399,378.0,146.0,1.0,83.0,4.0,96.0,,423,234.0,189,5402.0,32331,4164,149,1673.0,5314.0,536.0,3448.0,313.0,491.0,900.0,6141,1890.0,1248.0,,358.0,7.0,189.0,,1461.0,2282.0,1767,25786,4164,4.0,1660.0,4161.0,333.0,2903.0,145.0,92.0,509.0,4550,1274.0,1070.0,,246.0,2.0,69.0,,1088.0,1946.0,1570.0,4.7,2200083,1290787,119.0,48255.0,119619.0,12509.0,139826.0,13624.0,2937.0,18963.0,150629,68402.0,38897.0,,8128.0,15.0,1660.0,,34429.0,102787.0,148498,1645404064.4,62681808.92,1582722255.48,573615295.52,557197609.15,16417686.37,,57159610.4,179034121.87,,,38232652.53,791118084.02,376983897.23,,1904620.0,1219.89,7537962.02,,111274146.94,1803201642.2,2025587463.48,9443801.91,2016143661.57,1779573484.29,1914475789.14,93188614.6,1686384869.69,6.1,6.1,,,5.1,5.1,,,4.7,,4.7,
3550803,0.701,0.609,0.82,0.689,0.41,0.82,6.02,23.62,32.93,16.4,8.03,581.04,171.98,1913.24,304.6,428.44,591.25,1392.28,0.29,74.19,1.94,16.0,18.52,44.45,93.96,82.09,428491.854,379071.51,481876.411,35304.59,36306.05,46152.32,399987.202,140653.599,31465.975,173855.553,54012.076,28504.652,1647,5,1006,3.0,29.0,10.0,43,19.0,26.0,51.0,262,8.0,19.0,,57.0,4.0,14.0,,34,44.0,13,,3734,424,1034,26.0,60.0,13.0,133.0,54.0,57.0,128.0,1051,10.0,42.0,,439.0,3.0,31.0,,31.0,147.0,51,2147,424,221.0,20.0,30.0,2.0,74.0,33.0,15.0,66.0,703,1.0,20.0,,372.0,,13.0,,14.0,101.0,38.0,1.9,75868,19781,8772.0,751.0,627.0,64.0,2119.0,3410.0,804.0,1766.0,19524,15.0,446.0,,12538.0,,337.0,,339.0,3332.0,1241,60971769.19,2372583.19,58599186.0,7530536.76,7214448.95,316087.81,,271023.03,1579037.77,,,220135.61,59760935.51,282431.28,,,,5209952.71,,6015810.76,60285803.92,74854052.67,5209952.71,69644099.96,62598695.17,66301614.68,2384047.69,60214647.48,6.7,6.7,,,,,,,4.0,,4.0,
3550902,0.766,0.722,0.852,0.732,0.45,0.71,4.37,16.7,36.8,14.76,9.97,761.14,193.12,2800.95,368.66,531.73,754.35,1954.6,0.36,76.11,2.01,12.1,14.03,47.08,94.7,85.02,501326.889,531982.172,648091.535,32456.75,39576.12,48213.92,441772.251,73197.787,60108.933,223996.775,84468.756,59554.637,1806,8,954,2.0,56.0,14.0,70,22.0,9.0,48.0,288,18.0,29.0,1.0,56.0,14.0,13.0,,88,30.0,86,,5209,680,1013,4.0,177.0,19.0,158.0,70.0,15.0,111.0,885,22.0,203.0,6.0,1094.0,162.0,14.0,,149.0,223.0,204,3539,680,347.0,1.0,109.0,5.0,52.0,29.0,,48.0,554,1.0,164.0,6.0,1028.0,131.0,,,88.0,179.0,117.0,2.2,143103,30964,11271.0,24.0,2879.0,57.0,1923.0,3583.0,,1523.0,20101,28.0,6843.0,368.0,45386.0,6869.0,,,1478.0,4836.0,4970,92104238.08,3783968.41,88320269.67,24538618.19,23923604.44,585201.7,29812.05,1155573.22,999599.4,,,3224614.87,82266247.04,368815.41,,329505.0,,3363734.26,,5314452.87,92628110.6,116246707.39,3693239.26,112553468.13,94115537.56,97942563.47,3827526.72,90288010.84,6.5,6.4,6.7,,5.5,,5.5,,4.8,,4.8,
3551009,0.768,0.716,0.857,0.738,0.47,1.48,5.93,18.56,36.67,13.47,10.89,789.32,177.3,2894.43,354.5,538.23,812.73,2065.08,0.4,76.39,1.75,12.79,14.63,43.42,95.19,85.35,6121259.1,6746300.707,7414656.3,16506.51,20453.0,22474.72,5680751.192,4375.988,510075.084,3598069.999,1568230.121,440507.908,9963,21,5,43.0,713.0,215.0,1736,170.0,171.0,547.0,3070,614.0,354.0,7.0,225.0,5.0,223.0,,900,514.0,430,9588.0,54546,7673,14,201.0,3267.0,671.0,4592.0,638.0,406.0,1154.0,14162,2074.0,9095.0,59.0,1638.0,17.0,616.0,,1601.0,2346.0,4322,43882,7672,,145.0,2392.0,386.0,3468.0,396.0,153.0,467.0,10703,1279.0,8656.0,59.0,1342.0,14.0,348.0,,824.0,1715.0,3863.0,2.7,2177831,815588,,7583.0,63486.0,8748.0,109286.0,35799.0,4831.0,12297.0,355990,68697.0,355071.0,3403.0,72309.0,335.0,12606.0,,17124.0,52270.0,182408,1714561440.85,135671397.19,1578890043.66,655394773.43,533224110.19,122013828.14,156835.1,117526600.48,27429851.64,,,904.0,882415639.59,76520847.73,1537280.16,,,42048843.51,8030212.25,166508712.42,1768664731.59,1810904952.79,51616335.92,1759288616.87,1884683369.19,1935173444.01,150047258.03,1734636111.16,5.9,5.9,6.2,,4.9,4.8,5.0,,4.1,,4.1,
3551108,0.707,0.621,0.814,0.699,0.52,1.67,8.63,32.34,44.0,12.49,14.1,619.86,134.95,2727.55,252.06,383.4,555.59,1771.06,0.47,73.86,2.37,16.6,19.16,50.55,93.76,81.58,203910.875,228901.398,270123.317,19433.04,22075.55,26051.05,187852.942,41315.191,30057.453,67773.753,48706.546,16057.933,1604,6,1194,2.0,27.0,8.0,23,10.0,8.0,17.0,149,12.0,14.0,1.0,31.0,23.0,16.0,,41,8.0,14,,3128,496,1175,87.0,78.0,15.0,51.0,31.0,19.0,38.0,433,19.0,25.0,5.0,441.0,102.0,34.0,,34.0,21.0,24,1549,496,68.0,83.0,51.0,2.0,20.0,10.0,2.0,21.0,250,4.0,9.0,5.0,396.0,70.0,17.0,,20.0,14.0,11.0,1.8,52314,19984,2194.0,4265.0,1020.0,15.0,492.0,506.0,54.0,468.0,8069,127.0,181.0,237.0,10379.0,2525.0,562.0,,506.0,284.0,447,63262721.89,3386306.49,59876415.4,8448223.67,7079626.15,1368597.52,,768078.78,939415.32,,,,62660793.71,424389.07,,,,4821455.12,,4679017.71,62034090.75,78062355.67,4821455.12,73240900.55,65498048.53,66713108.46,3562912.08,61935136.45,6.0,6.0,,,5.1,,5.1,,4.0,,4.0,
3551207,0.688,0.603,0.794,0.679,0.44,0.3,6.0,27.66,36.15,15.83,9.14,548.61,166.93,1983.21,267.22,363.79,536.23,1408.47,0.33,72.65,1.65,18.6,21.55,48.61,93.03,79.71,96557.722,93449.444,115634.692,26651.32,25229.33,31218.87,94792.784,43668.874,3996.137,25356.998,21770.775,1764.938,410,6,311,2.0,2.0,3.0,2,,1.0,4.0,43,1.0,3.0,1.0,12.0,2.0,1.0,,12,2.0,2,,917,249,304,2.0,6.0,4.0,3.0,,2.0,5.0,91,1.0,3.0,,165.0,3.0,,,8.0,68.0,3,588,249,57.0,2.0,4.0,,1.0,,,,47,,,,155.0,2.0,,,2.0,67.0,2.0,1.8,19855,11166,1690.0,193.0,134.0,,22.0,,,,939,,,44.0,3045.0,22.0,,,46.0,2392.0,161,,,,,,,,,,,,,,,,,,,,,,,,,,,,,7.2,7.2,,,5.0,,5.0,,3.6,,3.6,
3551306,0.773,0.74,0.835,0.748,0.42,0.16,1.18,8.77,36.02,17.15,8.4,840.63,265.43,3028.11,455.23,596.68,815.03,2080.18,0.31,75.08,1.74,13.5,15.66,39.29,94.12,83.56,417498.625,424963.418,454541.519,116133.14,135771.06,145220.93,374888.915,40418.681,193532.531,114679.751,26257.953,42609.711,1000,6,818,1.0,8.0,2.0,8,2.0,3.0,6.0,60,16.0,9.0,,15.0,,3.0,,12,11.0,20,,3175,321,584,2.0,12.0,2.0,31.0,1.0,5.0,8.0,161,75.0,73.0,,1832.0,,8.0,,3.0,9.0,48,2394,321,6.0,2.0,5.0,,19.0,,,1.0,80,53.0,59.0,,1816.0,,4.0,,1.0,,27.0,3.2,148393,15088,307.0,194.0,105.0,,729.0,159.0,,22.0,2413,1893.0,980.0,,125607.0,,101.0,,30.0,,765,46661573.78,3136963.76,43524610.02,3111700.29,3009500.39,102199.9,,2084467.63,639548.13,,,,47432454.89,1083716.16,,61096.15,,2279996.84,,4691541.88,49388740.37,56692980.09,2341092.99,54351887.1,47282269.73,54080282.25,3138178.76,44144090.97,7.9,7.9,,,6.4,,6.4,,6.3,,6.3,
3551405,0.686,0.572,0.81,0.697,0.45,1.59,7.29,23.01,35.58,14.62,9.73,613.57,151.8,2183.36,296.84,433.94,610.86,1565.27,0.35,73.6,2.16,17.0,19.64,36.13,93.61,81.19,195523.134,190474.262,269296.727,12785.98,14943.85,21127.94,189315.033,46604.064,11240.366,62819.181,68651.422,6208.102,727,7,452,5.0,13.0,6.0,12,2.0,3.0,8.0,92,19.0,8.0,,7.0,9.0,2.0,,35,16.0,31,,1851,826,254,41.0,29.0,8.0,52.0,6.0,7.0,12.0,284,73.0,15.0,,7.0,44.0,5.0,,16.0,24.0,148,1353,826,22.0,35.0,16.0,2.0,36.0,5.0,,4.0,185,53.0,1.0,,1.0,32.0,4.0,,5.0,12.0,114.0,2.8,72031,53996,1018.0,1137.0,372.0,23.0,818.0,623.0,,37.0,5359,1045.0,40.0,,36.0,1755.0,104.0,,100.0,264.0,5304,54359941.82,1676106.7,52683835.12,4232366.47,4077183.72,155182.75,,,1492517.31,,,184544.03,62155966.2,172777.12,,,,708520.86,33394.64,2968479.54,56598445.6,68980086.63,741915.5,68238171.13,56557710.2,59566925.14,1850466.5,54707243.7,5.7,5.7,,,4.7,,4.7,,4.2,,4.2,
3551504,0.729,0.65,0.835,0.713,0.37,0.52,2.94,14.18,28.62,17.77,6.44,677.75,212.75,1939.55,389.35,542.75,753.91,1479.06,0.24,75.08,2.0,14.6,16.91,42.72,94.47,83.41,1349050.264,1366460.223,1454534.798,29221.73,31120.28,33126.12,1208446.52,21355.507,227605.044,722884.231,236601.738,140603.744,2117,16,226,6.0,105.0,37.0,100,28.0,30.0,104.0,685,205.0,60.0,7.0,138.0,1.0,32.0,,96,72.0,169,,11267,1367,259,23.0,244.0,57.0,864.0,128.0,52.0,229.0,2237,1038.0,284.0,36.0,2827.0,20.0,41.0,,100.0,756.0,705,8944,1367,70.0,15.0,129.0,16.0,742.0,59.0,1.0,102.0,1515,785.0,214.0,24.0,2643.0,20.0,8.0,,51.0,662.0,521.0,2.8,458442,97319,2985.0,303.0,2830.0,320.0,18952.0,4961.0,166.0,3301.0,51476,26208.0,8370.0,1922.0,179835.0,711.0,210.0,,1373.0,38145.0,19058,228354581.27,17024455.17,211330126.1,39088868.59,36126914.98,2961953.61,,11752747.3,13693037.31,,,10646189.88,186950717.73,2734857.79,614371.2,,,4989065.8,,19852023.5,233634127.95,270469855.6,5603437.0,264866418.6,246693044.32,253486151.45,17056406.74,229636637.58,6.0,6.0,,,4.6,4.2,5.1,,4.5,,4.5,
3551603,0.767,0.676,0.873,0.764,0.48,0.25,3.19,12.32,38.32,13.85,11.06,927.39,225.21,3554.09,417.2,597.78,910.23,2492.47,0.39,77.36,1.73,11.4,13.16,44.28,95.66,86.64,845122.36,896883.444,1025007.433,28485.03,30002.12,34288.07,764565.045,84669.631,62088.45,489895.096,127911.869,80557.315,3176,14,1176,13.0,203.0,37.0,273,32.0,46.0,119.0,666,68.0,61.0,3.0,165.0,3.0,45.0,,107,113.0,32,,9738,1056,1092,36.0,1527.0,221.0,456.0,115.0,109.0,262.0,2776,173.0,198.0,7.0,1053.0,10.0,86.0,,118.0,357.0,86,6299,1055,24.0,28.0,1218.0,170.0,283.0,76.0,16.0,105.0,1974,80.0,118.0,7.0,813.0,8.0,20.0,,57.0,200.0,47.0,1.8,208281,39323,370.0,1854.0,36199.0,5577.0,8849.0,8111.0,360.0,2491.0,59236,2606.0,3655.0,436.0,26588.0,321.0,458.0,,1452.0,6408.0,3986,193343163.26,22381663.4,170961499.86,67792327.89,60327654.07,7464673.82,,3899270.15,5403260.64,,,1186451.28,131749130.28,1691020.42,,97478.0,,14421465.82,,28616875.15,180323627.7,226240404.48,14518943.82,211721460.66,199124006.53,208940502.85,23248058.72,175875947.81,6.7,,6.7,,5.2,,5.2,,4.2,,4.2,
3551702,0.761,0.672,0.855,0.768,0.46,0.6,2.89,12.01,36.89,14.19,10.4,953.23,230.59,3516.72,445.5,641.15,958.25,2490.59,0.38,76.31,1.96,13.44,15.06,39.19,95.24,85.48,7109021.763,8098068.339,9075017.911,55352.42,63821.1,71520.47,6107745.423,86717.477,2110801.327,3249541.352,660685.268,1001276.34,9990,12,1354,14.0,396.0,130.0,781,323.0,206.0,742.0,2528,524.0,238.0,7.0,1232.0,,156.0,,341,477.0,529,9170.0,66927,2792,1045,123.0,1645.0,334.0,2925.0,1965.0,498.0,1982.0,12429,4098.0,2922.0,42.0,24555.0,,350.0,,998.0,2379.0,5845,54975,2791,191.0,108.0,1198.0,175.0,2018.0,1249.0,82.0,963.0,9482,3344.0,2632.0,34.0,22915.0,,154.0,,680.0,1734.0,5225.0,2.8,2805501,243664,10849.0,6963.0,32791.0,3414.0,69940.0,78416.0,3157.0,46188.0,393918,153730.0,129074.0,1732.0,1383713.0,,5808.0,,12208.0,61615.0,168321,796901813.96,24972143.11,771929670.85,261298522.62,230609980.74,30688541.88,,35452193.21,59475350.15,,,67513747.01,553552424.35,15167790.87,,17211.48,,9880990.51,2564784.16,43233986.97,827565173.54,1004923014.36,12462986.15,992460028.21,818773654.05,870799160.51,26129373.95,792644280.1,6.8,6.8,,,5.5,5.8,5.3,,5.0,,4.7,
3551801,0.673,0.562,0.832,0.651,0.5,4.12,20.09,46.06,38.57,12.05,12.8,459.28,92.82,1771.4,184.0,292.63,471.74,1254.89,0.44,74.89,2.49,14.9,17.24,55.65,94.36,83.14,379170.022,363320.094,461849.31,29783.21,28540.46,36280.39,365668.313,180937.473,23882.691,98288.768,62559.381,13501.71,2003,7,1652,2.0,18.0,5.0,21,8.0,5.0,20.0,100,12.0,14.0,1.0,42.0,10.0,4.0,,57,17.0,8,,3056,341,1534,5.0,50.0,9.0,149.0,19.0,11.0,113.0,365,67.0,24.0,1.0,254.0,32.0,2.0,,27.0,39.0,14,1199,341,46.0,5.0,27.0,1.0,115.0,14.0,,91.0,249,54.0,7.0,1.0,200.0,23.0,,,2.0,18.0,5.0,2.0,45468,18907,2867.0,617.0,768.0,21.0,3108.0,1796.0,,1378.0,6380,933.0,229.0,99.0,6463.0,1092.0,,,40.0,454.0,315,82976407.46,4096905.13,78879502.33,6107129.76,5069490.35,1037639.41,,423133.86,348522.37,,,258.01,92522911.05,405163.04,157815.4,,,2531208.94,,10019178.84,86887263.82,102496142.43,2689024.34,99807118.09,84261355.59,96906442.66,4168825.03,80092530.56,6.2,6.2,,,5.2,,5.1,,4.2,,4.2,
3551900,0.715,0.638,0.807,0.709,0.41,0.28,2.68,15.06,34.37,16.97,8.1,657.45,210.25,2259.9,347.64,479.82,655.93,1570.77,0.3,73.42,2.33,17.3,20.0,43.92,93.5,80.91,271911.501,314475.315,340596.56,15258.78,21574.87,23366.94,253368.641,19012.237,9149.505,141189.913,84016.986,18542.86,1033,7,523,3.0,21.0,11.0,25,6.0,6.0,22.0,170,28.0,7.0,,26.0,,13.0,,64,40.0,61,,3028,675,579,15.0,66.0,11.0,206.0,27.0,13.0,116.0,623,70.0,21.0,,212.0,,26.0,,32.0,76.0,260,2209,675,288.0,12.0,43.0,,172.0,21.0,6.0,90.0,435,40.0,13.0,,184.0,,10.0,,3.0,28.0,189.0,1.9,77079,28778,10846.0,516.0,930.0,,3815.0,2084.0,117.0,2383.0,12701,1094.0,194.0,,5457.0,,275.0,,116.0,614.0,7158,114146686.7,12315979.77,101830706.93,10504218.19,9373895.35,1130322.84,,4333492.43,3594407.71,,,4068279.31,86581080.1,2487929.05,4416827.48,,,4689668.72,25346.2,22477710.07,105121056.44,120701249.19,9131842.4,111569406.79,116701168.37,127598766.51,12384214.75,104316953.62,6.3,6.3,,,5.1,5.1,,,4.1,,4.1,
3552007,0.678,0.584,0.812,0.657,0.48,4.87,18.14,39.91,38.01,13.0,11.69,475.69,98.62,1808.25,210.67,326.67,492.0,1250.86,0.42,73.72,2.21,16.8,19.41,51.27,93.69,81.38,92558.565,101328.983,116266.107,14518.99,16380.37,18795.04,88184.383,11715.01,3987.86,32206.108,40275.404,4374.183,715,7,581,2.0,9.0,1.0,3,3.0,1.0,2.0,64,,3.0,1.0,5.0,,3.0,,20,8.0,2,,1480,463,552,4.0,65.0,2.0,23.0,1.0,2.0,2.0,300,,4.0,5.0,25.0,,5.0,,11.0,14.0,2,861,463,57.0,4.0,54.0,,19.0,,,,226,,,5.0,18.0,,,,8.0,5.0,2.0,1.8,28236,19072,1191.0,386.0,888.0,,289.0,,,,5014,,,382.0,444.0,,,,212.0,213.0,144,50689244.64,1095069.75,49594174.89,3875177.67,3733875.5,141302.17,,123864.69,405028.69,,,,53438292.74,10048.07,,603450.0,,2449500.0,,2611941.45,52729274.94,60905361.86,3052950.0,57852411.86,53658178.7,55341216.39,1130483.75,52527694.95,6.2,6.2,,,5.2,,5.1,,4.0,,4.0,
3552106,0.729,0.634,0.828,0.737,0.44,0.88,5.84,15.1,36.4,15.57,9.35,785.71,201.37,2859.86,410.35,555.59,766.62,2005.44,0.35,74.66,1.43,15.3,17.66,43.73,94.23,82.79,1120219.486,1269084.376,1449300.539,26870.22,31630.64,36122.34,1010242.723,113684.979,134639.933,581522.818,180394.994,109976.763,6930,10,4500,3.0,172.0,49.0,170,85.0,63.0,150.0,880,86.0,49.0,3.0,274.0,13.0,46.0,,161,134.0,82,,15767,1258,4260,13.0,948.0,189.0,625.0,284.0,160.0,384.0,3447,286.0,421.0,13.0,2151.0,17.0,216.0,,292.0,600.0,203,8496,1257,36.0,12.0,743.0,131.0,441.0,121.0,34.0,183.0,2391,157.0,355.0,13.0,1814.0,2.0,160.0,,139.0,395.0,112.0,1.9,296235,59307,832.0,1380.0,21038.0,3314.0,12837.0,9196.0,1029.0,7233.0,71907,6262.0,8882.0,807.0,61527.0,44.0,7243.0,,4635.0,14969.0,3793,205598877.17,8720541.83,196878335.34,53169001.9,50271376.34,2895455.03,2170.53,3063136.55,2970050.05,,,,169595416.3,2437902.25,57288.66,,,6934229.12,,11927985.09,205227435.75,238227024.83,6991517.78,231235507.05,209376510.42,217155420.84,8748994.93,200627515.49,6.9,6.9,,,5.6,,5.6,,4.5,,4.5,
3552205,0.798,0.762,0.843,0.792,0.52,0.89,3.23,12.1,42.81,11.93,14.36,1107.19,224.59,4740.07,435.74,646.76,1020.41,3207.5,0.49,75.59,1.49,13.43,15.58,39.8,94.68,83.97,44533398.241,54465435.816,58816286.432,64046.61,75272.79,81273.66,35129680.971,43587.377,11416523.526,20709422.068,2960148.0,9403717.27,52502,52,1275,106.0,2335.0,682.0,6775,1897.0,1899.0,4876.0,13806,3944.0,1729.0,18.0,2993.0,17.0,2061.0,,2316,4142.0,1579,49875.0,301151,12883,1009,2015.0,12876.0,2227.0,40870.0,7291.0,4503.0,12291.0,64805,14835.0,18554.0,222.0,57411.0,134.0,5815.0,,5461.0,26085.0,11864,236536,12872,70.0,1891.0,10237.0,1400.0,34418.0,3870.0,742.0,5833.0,48631,9522.0,16454.0,212.0,53637.0,113.0,3175.0,,3271.0,20034.0,10154.0,3.0,12765291,1309157,3887.0,163605.0,297291.0,37493.0,1232018.0,310079.0,23757.0,292770.0,1879785,322531.0,931900.0,16896.0,4246323.0,7727.0,197024.0,,108597.0,843967.0,540484,5364053743.89,221367657.02,5142686086.87,1833633123.67,1646407489.13,187002948.84,222685.7,286032658.13,365800424.12,,,403314469.87,2290357767.28,152058356.25,76269973.11,,,30871785.89,15523744.96,240827132.99,5283729434.46,5453862303.28,122665503.96,5331196799.32,5408658046.11,5524556567.45,221476528.01,5187181518.1,6.6,6.5,7.0,,5.5,5.7,5.4,,4.6,,4.7,
3552304,0.747,0.694,0.809,0.743,0.54,1.49,4.16,17.65,48.43,13.12,14.76,813.95,195.64,3941.75,338.48,479.79,655.34,2397.47,0.52,73.51,2.19,17.1,19.82,42.41,93.56,81.05,226784.378,210354.54,302800.668,29307.88,28600.21,41169.36,215001.348,82363.193,9944.752,74978.087,47715.315,11783.03,1337,7,1078,1.0,14.0,1.0,7,8.0,3.0,16.0,100,6.0,9.0,3.0,14.0,,3.0,,39,17.0,11,,2234,412,1178,3.0,27.0,1.0,18.0,23.0,4.0,29.0,262,34.0,13.0,5.0,97.0,,4.0,,16.0,81.0,27,1216,412,410.0,3.0,12.0,,12.0,10.0,,10.0,153,25.0,4.0,,79.0,,1.0,,4.0,66.0,15.0,2.2,47079,20495,13126.0,306.0,293.0,,127.0,1016.0,,262.0,4326,728.0,141.0,,2689.0,,3.0,,97.0,2985.0,484,63283321.15,2446045.36,60837275.79,7039721.55,6674764.76,364956.79,,486332.11,516097.27,,,90396.4,66257371.93,25783.58,,158701.0,,2845164.15,,5524386.48,66789843.65,77419567.99,3003865.15,74415702.84,68457887.6,72314230.13,2481588.63,65976298.97,6.8,6.8,,,5.7,5.7,,,4.6,,4.6,
3552403,0.762,0.705,0.845,0.744,0.45,0.88,3.84,14.5,35.31,14.72,9.6,820.03,206.99,2895.85,396.41,577.47,835.25,2085.75,0.37,75.71,2.05,14.15,15.86,39.33,94.89,84.55,16179891.951,17753218.624,19026093.466,55816.79,63507.32,68060.93,13131392.106,328221.75,4539680.55,7114201.096,1149288.71,3048499.845,12742,14,879,52.0,550.0,145.0,1011,343.0,298.0,768.0,3924,914.0,447.0,12.0,944.0,3.0,357.0,,653,550.0,878,12155.0,85185,4255,750,541.0,3560.0,561.0,4103.0,1081.0,718.0,2930.0,20747,3765.0,6836.0,88.0,18323.0,5.0,2620.0,,974.0,3460.0,9868,70323,4253,5.0,469.0,2970.0,387.0,3046.0,402.0,201.0,1991.0,16184,2640.0,6291.0,86.0,17096.0,4.0,2182.0,,386.0,2788.0,8942.0,3.2,4126529,394677,176.0,25425.0,77969.0,10128.0,224393.0,42409.0,6610.0,94708.0,718074,81781.0,299985.0,6697.0,1519021.0,139.0,86839.0,,13079.0,98064.0,426357,1248551102.33,109168123.6,1139382978.73,425036477.29,398211265.18,26691154.48,134057.63,55265502.25,27229181.2,,,1427195.05,898636108.62,25199020.0,,581377.6,,18860172.69,,112469736.23,1214948151.52,1452235034.7,19441550.29,1432793484.41,1311444428.11,1327417887.75,110416288.85,1201028139.26,6.1,6.0,6.5,,5.1,5.4,5.1,,4.4,5.1,4.2,
3552502,0.765,0.723,0.873,0.708,0.47,1.91,8.54,25.47,36.96,13.31,11.1,654.61,143.49,2419.26,292.29,445.79,676.0,1713.81,0.4,77.36,1.96,12.12,13.58,43.67,95.8,87.03,14811513.691,16866186.246,18618697.595,48818.92,54873.66,60562.59,12206093.262,365314.028,5291217.803,5335113.26,1214448.17,2605420.429,13988,22,536,55.0,741.0,215.0,1275,288.0,328.0,923.0,4759,997.0,450.0,2.0,761.0,7.0,391.0,,968,828.0,442,13552.0,83226,6115,554,1819.0,3055.0,911.0,6749.0,910.0,775.0,2629.0,20916,3236.0,7818.0,,16444.0,35.0,879.0,,2045.0,4806.0,3530,67098,6114,24.0,1757.0,2244.0,644.0,5441.0,462.0,215.0,1516.0,15472,2080.0,7275.0,,15490.0,29.0,413.0,,1137.0,3784.0,3001.0,2.7,3406826,446613,356.0,84293.0,55620.0,16591.0,144452.0,39055.0,5357.0,58506.0,521265,63970.0,352012.0,,1259012.0,1784.0,11900.0,,42397.0,163543.0,140102,,,,,,,,,,,,,,,,,,,,,,,,,,,,,6.3,6.1,6.6,,5.2,,5.2,,4.5,,4.4,
3552551,0.699,0.631,0.813,0.665,0.41,3.4,8.25,32.63,31.64,15.34,8.25,500.45,130.89,1583.18,252.96,397.17,550.34,1171.75,0.32,73.75,2.37,16.7,19.36,46.51,93.7,81.42,341980.906,386090.263,511504.073,84169.56,114737.08,150089.22,303098.448,36433.753,142422.703,96822.567,27419.425,38882.458,899,7,780,,1.0,2.0,4,2.0,1.0,7.0,32,3.0,3.0,2.0,5.0,,1.0,,24,12.0,13,,3061,289,621,,4.0,2.0,104.0,1.0,7.0,21.0,100,5.0,22.0,32.0,1808.0,,3.0,,11.0,11.0,20,2351,289,15.0,,3.0,,98.0,,,13.0,66,1.0,19.0,31.0,1806.0,,2.0,,1.0,1.0,6.0,2.5,106279,13493,706.0,,45.0,,1717.0,,,233.0,1618,,370.0,1951.0,85819.0,,,,23.0,35.0,271,43361055.68,1836696.37,41524359.31,3769105.22,3349925.17,419180.05,,1777940.7,720949.11,,,571226.53,45946548.28,133333.99,,90220.0,,1060089.0,,2704261.54,43581160.28,54069412.83,1150309.0,52919103.83,44862477.21,46285421.82,2132011.34,42730465.87,7.8,7.8,,,,,,,,,,
3552601,0.735,0.666,0.82,0.726,0.4,0.49,2.41,12.22,32.4,18.14,7.14,731.31,234.76,2369.22,428.49,549.32,736.01,1715.94,0.28,74.2,1.82,16.0,18.52,42.05,93.97,82.09,287136.559,304867.309,397691.073,22859.37,26924.61,35122.41,272832.311,77407.832,11555.619,121741.022,62127.838,14304.249,2505,8,1986,1.0,15.0,6.0,26,8.0,10.0,30.0,168,28.0,14.0,1.0,32.0,3.0,9.0,,34,33.0,93,,3444,526,1133,1.0,33.0,7.0,144.0,33.0,21.0,64.0,634,73.0,32.0,6.0,205.0,3.0,12.0,,23.0,138.0,356,1786,526,57.0,,18.0,,101.0,18.0,,28.0,455,36.0,10.0,6.0,162.0,,6.0,,8.0,103.0,252.0,2.0,67536,23618,1822.0,,379.0,,2342.0,1585.0,,723.0,13816,1185.0,256.0,237.0,5532.0,,322.0,,212.0,3510.0,11998,77876499.3,5754051.72,72122447.58,9971653.53,8445099.62,1526553.91,,910858.58,1191990.71,,,3155853.48,71924469.42,653600.91,,,,4054931.0,,8875968.48,74687533.87,91863357.63,4054931.0,87808426.63,80273395.59,83563502.35,5763751.72,74509643.87,7.8,7.8,,,6.5,6.6,6.1,,4.6,,4.6,
3552700,0.704,0.609,0.818,0.7,0.4,1.8,4.27,15.13,33.12,17.49,7.57,625.39,195.88,2071.23,350.98,477.49,624.6,1474.14,0.3,74.1,2.07,16.2,18.7,43.19,93.91,81.94,340423.445,376564.503,512361.457,20278.99,25496.95,34691.68,318404.399,78089.282,29679.683,133545.56,77089.874,22019.046,2938,6,2221,1.0,20.0,7.0,29,12.0,7.0,24.0,319,12.0,16.0,1.0,94.0,,13.0,,52,71.0,33,,4593,523,1283,2.0,37.0,15.0,45.0,39.0,14.0,47.0,1011,17.0,68.0,,1152.0,,33.0,,37.0,200.0,70,2578,523,49.0,,17.0,7.0,15.0,26.0,4.0,19.0,638,1.0,48.0,,1045.0,,21.0,,14.0,116.0,35.0,1.8,87261,28615,979.0,,464.0,287.0,529.0,2364.0,70.0,522.0,16447,21.0,1124.0,,28597.0,,1228.0,,419.0,3674.0,1921,92723403.13,1340385.26,91383017.87,9659052.75,8207136.38,1451916.37,,1068175.81,1267787.54,,,3859268.11,85943068.87,623718.28,,,,1047326.59,,1358337.92,93626230.14,103468397.95,1047326.59,102421071.36,94270619.29,94984568.06,1340739.92,92929879.37,6.4,6.5,5.9,,5.2,5.4,5.1,,4.6,,4.6,
3552809,0.769,0.71,0.863,0.742,0.47,1.62,4.72,17.56,36.58,13.65,10.72,812.19,184.85,2971.04,369.42,551.85,825.17,2122.12,0.4,76.79,1.8,11.75,13.63,40.56,95.3,85.66,10291072.498,10975626.354,12084179.332,34588.58,40124.1,44176.69,8648966.714,265.211,2086009.277,5310499.081,1252193.145,1642105.784,12596,14,3,38.0,549.0,183.0,1521,277.0,297.0,1060.0,3931,894.0,460.0,2.0,749.0,1.0,658.0,,880,602.0,477,12234.0,86965,7715,3,394.0,2773.0,508.0,15102.0,865.0,551.0,2686.0,16538,8512.0,8125.0,,12944.0,2.0,2655.0,,1449.0,4026.0,2117,71871,7715,,360.0,2113.0,254.0,13433.0,405.0,95.0,1377.0,11961,7462.0,7519.0,,11924.0,,1856.0,,564.0,3222.0,1611.0,2.4,3285009,394997,,16974.0,59406.0,6043.0,393817.0,34236.0,3042.0,54819.0,433012,296425.0,372631.0,,677129.0,,292580.0,,16742.0,170705.0,62451,1158723296.3,43351067.31,1115372228.99,430980582.61,381480800.67,49499781.94,,58983675.09,82661310.64,,,1439630.02,815577950.58,44727606.7,,,,3053926.32,,54495908.74,1288095360.7,1437424681.96,3053926.32,1434370755.64,1320012081.3,1342591269.44,49618745.65,1270393335.65,6.2,6.2,6.5,,5.2,,5.2,,4.4,,4.4,
3552908,0.723,0.684,0.809,0.682,0.38,1.61,4.34,19.67,30.05,17.91,6.71,559.1,180.84,1679.97,319.95,439.29,578.53,1269.42,0.26,73.52,1.77,17.1,19.81,46.59,93.56,81.06,186412.175,199127.993,242091.189,29259.48,31809.58,38672.71,179984.052,68762.806,10090.195,54417.335,46713.717,6428.122,1292,5,1020,2.0,6.0,5.0,20,4.0,12.0,27.0,98,10.0,3.0,1.0,7.0,1.0,4.0,,31,15.0,21,,1876,430,737,2.0,15.0,6.0,236.0,13.0,32.0,31.0,210,17.0,5.0,27.0,41.0,1.0,7.0,,17.0,18.0,31,851,430,5.0,1.0,6.0,1.0,211.0,6.0,1.0,1.0,98,6.0,3.0,27.0,34.0,1.0,3.0,,6.0,1.0,10.0,2.3,36843,21809,133.0,162.0,135.0,29.0,4181.0,360.0,40.0,12.0,3099,174.0,70.0,3711.0,2399.0,28.0,74.0,,106.0,8.0,313,60617524.68,3546676.12,57070848.56,5261015.25,5057036.87,203978.38,,468840.14,1422515.66,,,664.91,70547727.44,233907.73,,,,2306282.64,,4066147.32,58756084.69,80240953.77,2306282.64,77934671.13,61554936.88,62822232.01,3696104.32,57858832.56,7.1,7.1,,,5.1,,5.1,,4.5,,4.5,
3553005,0.709,0.631,0.818,0.69,0.37,0.68,3.64,15.28,29.97,18.94,6.33,587.51,206.43,1760.99,349.95,462.67,614.15,1310.29,0.24,74.05,1.94,16.2,18.79,43.3,93.88,81.87,343427.748,391497.809,409335.494,23824.33,30902.03,32310.01,311798.528,55797.041,20165.789,171943.913,63891.786,31629.219,1168,7,632,2.0,24.0,6.0,15,5.0,14.0,21.0,212,13.0,16.0,,106.0,2.0,8.0,,38,22.0,25,,5458,585,497,6.0,49.0,15.0,56.0,25.0,20.0,49.0,783,34.0,107.0,,2957.0,8.0,11.0,,28.0,108.0,120,4409,585,2.0,6.0,22.0,6.0,37.0,24.0,2.0,23.0,553,12.0,89.0,,2856.0,5.0,5.0,,14.0,76.0,92.0,1.3,107198,25856,75.0,604.0,323.0,100.0,1000.0,1425.0,73.0,623.0,14751,224.0,1616.0,,53730.0,94.0,140.0,,307.0,2880.0,3375,72345369.7,2997425.03,69347944.67,8478930.54,8116375.34,362555.2,,522649.46,1686357.49,,,95130.29,74939460.42,20426.69,2500000.0,,,3713827.52,,8124861.36,72429530.75,91956782.41,6213827.52,85742954.89,77355486.77,80554392.11,6451247.03,70904239.74,7.9,7.9,,,5.5,,5.5,,4.8,,4.8,
3553104,0.71,0.628,0.814,0.701,0.41,1.42,4.56,20.72,32.26,16.71,7.72,626.12,182.69,2020.02,340.52,473.66,661.37,1482.62,0.31,73.84,2.04,16.6,19.18,48.08,93.76,81.56,109907.367,121215.941,155640.314,17319.16,21352.11,27415.94,104063.207,28186.582,2699.843,44400.285,28776.496,5844.161,1029,5,795,1.0,18.0,2.0,28,5.0,2.0,17.0,94,,3.0,,12.0,,1.0,,28,12.0,6,,1321,297,514,1.0,31.0,2.0,72.0,6.0,12.0,24.0,236,,7.0,,20.0,,,,10.0,68.0,21,569,297,46.0,,11.0,,31.0,1.0,,3.0,100,,3.0,,7.0,,,,3.0,52.0,15.0,2.3,23894,15208,2716.0,26.0,229.0,,816.0,67.0,,104.0,2461,,113.0,,141.0,,,,89.0,1543.0,379,43695956.68,2516285.62,41179671.06,4878835.85,3923812.3,621055.36,333968.19,1205459.92,1851721.29,,,1620846.86,39847312.54,114923.45,,,,2658825.0,,3478405.98,42460511.66,52177924.91,2658825.0,49519099.91,44742748.44,45938917.64,2521249.02,42221499.42,6.7,6.7,,,4.8,,4.8,,4.9,,4.9,
3553203,0.76,0.718,0.835,0.732,0.42,0.51,3.38,15.39,32.45,15.72,8.26,761.47,203.77,2470.67,394.71,567.41,805.41,1837.83,0.31,75.08,1.76,13.4,15.54,42.74,94.12,83.56,139651.101,151516.031,188353.34,25108.07,23139.28,28765.02,128151.977,24191.068,20237.949,52322.844,31400.116,11499.124,1172,5,900,2.0,13.0,3.0,19,6.0,12.0,14.0,96,12.0,5.0,4.0,13.0,,6.0,,23,22.0,17,,1665,434,517,2.0,28.0,4.0,30.0,17.0,20.0,29.0,274,43.0,12.0,4.0,129.0,,5.0,,10.0,34.0,73,867,434,30.0,,8.0,,7.0,10.0,1.0,11.0,158,24.0,3.0,3.0,113.0,,,,4.0,9.0,52.0,2.5,40955,24819,1498.0,,301.0,,170.0,918.0,24.0,247.0,5347,948.0,79.0,117.0,4313.0,,,,131.0,190.0,1852,41038221.69,1398169.84,39640051.85,5380029.64,4714960.67,642712.87,22356.1,268626.75,850415.49,,,1063842.02,41067017.66,290962.07,,,,1144443.84,,1567623.81,41103633.88,50065337.47,1144443.84,48920893.63,41589632.21,42671257.69,1425036.78,40164595.43,6.8,6.8,,,5.4,,5.4,,4.8,,4.8,
3553302,0.731,0.624,0.858,0.729,0.45,0.72,4.22,17.13,36.15,14.79,9.78,747.11,199.01,2700.95,353.4,515.19,751.87,1915.24,0.35,76.45,1.63,12.6,14.59,45.08,95.2,85.39,700419.073,843711.182,966714.25,30119.07,39361.38,45099.8,637135.464,78980.377,158476.676,304125.371,95553.04,63283.609,2527,6,1361,1.0,60.0,14.0,45,31.0,20.0,67.0,397,36.0,40.0,1.0,171.0,45.0,18.0,,99,59.0,56,,8006,720,986,6.0,174.0,54.0,87.0,95.0,56.0,135.0,1757,220.0,156.0,8.0,2852.0,86.0,65.0,,123.0,285.0,141,5716,720,157.0,5.0,102.0,35.0,40.0,47.0,6.0,51.0,1243,160.0,105.0,8.0,2596.0,46.0,45.0,,60.0,210.0,80.0,2.2,234505,33690,6597.0,42.0,2235.0,773.0,1419.0,4727.0,227.0,1997.0,38401,4134.0,4450.0,434.0,119550.0,1988.0,1309.0,,1902.0,7020.0,3611,138764229.76,5193783.44,133570446.32,22618977.41,21907779.66,709987.74,1210.01,6513403.95,5698271.03,,,7210995.47,109410257.92,14061340.88,,34140.6,,9208685.25,,19108953.59,137580454.11,174756072.51,9242825.85,165513246.66,139418877.55,156689407.7,5193783.44,134225094.11,6.7,6.7,,,4.8,,4.8,,4.4,,4.4,
3553401,0.748,0.687,0.829,0.735,0.42,0.8,3.33,12.98,34.33,16.36,8.4,775.79,221.3,2663.65,413.17,578.07,795.74,1862.87,0.31,74.73,1.76,15.1,17.51,41.43,94.27,82.9,1323569.967,1408897.055,1592466.95,50458.24,55764.78,63030.55,1198144.902,132284.228,461061.387,480104.57,124694.717,125425.065,5356,10,4234,2.0,44.0,18.0,66,31.0,22.0,71.0,423,25.0,31.0,2.0,108.0,,33.0,,88,81.0,67,,10200,866,3078,13.0,132.0,48.0,223.0,101.0,51.0,204.0,1620,55.0,146.0,6.0,2966.0,,80.0,,88.0,293.0,230,5853,866,46.0,8.0,83.0,23.0,144.0,57.0,6.0,108.0,1128,25.0,105.0,6.0,2825.0,,36.0,,41.0,196.0,150.0,2.4,262603,48332,1017.0,174.0,2020.0,742.0,4383.0,5311.0,120.0,3274.0,34971,901.0,3447.0,317.0,141388.0,,1504.0,,1281.0,6711.0,6711,,,,,,,,,,,,,,,,,,,,,,,,,,,,,7.4,7.4,,,6.4,5.7,6.5,,4.8,,4.8,
3553500,0.681,0.578,0.846,0.647,0.44,3.66,14.68,40.9,33.11,14.43,9.18,449.75,112.34,1488.9,212.18,323.7,487.62,1116.88,0.35,75.74,2.71,13.6,15.77,58.15,94.83,84.37,185138.411,191747.235,223954.353,23966.14,23980.39,28008.3,176828.541,68949.22,11578.765,55735.276,40565.281,8309.87,741,3,481,4.0,32.0,5.0,11,3.0,1.0,12.0,86,11.0,9.0,4.0,15.0,3.0,6.0,,36,10.0,9,,1746,355,451,147.0,83.0,5.0,72.0,7.0,1.0,16.0,276,52.0,13.0,24.0,128.0,23.0,6.0,,19.0,37.0,31,1016,355,2.0,144.0,46.0,,59.0,,,5.0,158,37.0,,23.0,110.0,21.0,,,5.0,29.0,22.0,2.1,40708,16343,48.0,7109.0,1383.0,,1477.0,375.0,,168.0,5380,763.0,,1378.0,2685.0,1188.0,3.0,,105.0,1352.0,950,50522467.34,3009590.55,47512876.79,5895092.53,5454750.09,440342.44,,459571.05,1521503.13,,,2457.44,58208620.75,436929.53,,198300.0,,3000824.8,46226.62,7740998.2,50570107.33,69769525.85,3245351.42,66524174.43,52064727.78,58311105.53,3280057.21,48784670.57,6.3,6.3,,,5.2,,5.2,,4.4,,4.4,
3553609,0.751,0.692,0.87,0.703,0.4,0.71,4.18,18.12,31.39,16.36,7.67,637.12,191.47,1999.95,329.71,484.97,694.28,1482.81,0.28,77.18,1.94,11.6,13.44,43.27,95.57,86.4,301184.818,294802.08,358652.712,23275.49,24949.4,30353.14,283452.014,72223.91,25469.716,125753.736,60004.652,17732.804,910,7,469,8.0,23.0,5.0,21,9.0,8.0,25.0,158,25.0,7.0,,39.0,1.0,8.0,,31,41.0,25,,2906,466,433,20.0,84.0,8.0,44.0,49.0,18.0,59.0,540,112.0,40.0,,736.0,2.0,10.0,,37.0,182.0,66,2026,466,49.0,16.0,54.0,3.0,21.0,36.0,2.0,30.0,360,78.0,27.0,,685.0,,2.0,,18.0,137.0,42.0,2.0,78648,23546,1279.0,496.0,1016.0,58.0,587.0,4401.0,37.0,997.0,10020,2260.0,623.0,,26179.0,,63.0,,467.0,5105.0,1515,81708905.72,2760307.95,78948597.77,8235754.57,6980584.51,1255170.06,,11026431.48,2939729.91,,,,70788680.52,1157919.87,,539956.0,,2051610.29,,3609631.99,81232624.67,96740082.64,2591566.29,94148516.35,84197521.52,84842256.66,3067401.46,81130120.06,6.8,6.8,,,5.4,5.6,4.6,,,,,
3553658,0.759,0.716,0.823,0.742,0.51,1.54,3.52,14.54,46.01,14.1,13.05,811.38,201.63,3732.97,370.52,492.86,652.17,2386.0,0.48,74.4,2.11,15.7,18.14,44.11,94.08,82.4,46861.863,55233.706,92382.788,16647.2,21089.62,35274.07,44276.679,7715.097,1850.936,14486.849,20223.797,2585.185,351,4,257,,4.0,2.0,2,8.0,1.0,4.0,28,1.0,3.0,,2.0,,,,19,2.0,14,,762,228,312,,23.0,2.0,4.0,7.0,,7.0,117,1.0,3.0,,15.0,,,,5.0,,38,575,228,197.0,,19.0,,1.0,,,3.0,88,,,,13.0,,,,3.0,,23.0,2.0,21975,8633,8558.0,,566.0,,23.0,,,189.0,2545,,,,415.0,,,,60.0,,986,24670651.37,288593.88,24382057.49,2071061.41,1918062.46,152998.95,,230702.49,1010145.02,,,397991.88,31169137.28,110814.41,,,,620132.5,,540536.02,25320745.36,35609984.99,620132.5,34989852.49,25122254.69,25861281.38,288593.88,24833660.81,,,,,5.5,,5.5,,,,,
3553708,0.748,0.696,0.827,0.727,0.46,0.98,4.64,17.62,37.6,14.76,10.19,739.25,188.97,2779.47,356.73,509.3,709.03,1917.18,0.37,74.61,2.02,15.3,17.75,44.32,94.2,82.72,1660014.384,1930593.663,2307144.805,28846.24,36942.09,44147.43,1510225.105,115944.357,235408.591,885902.109,272970.048,149789.279,5739,10,2993,7.0,146.0,53.0,198,81.0,41.0,205.0,1078,80.0,69.0,6.0,203.0,6.0,61.0,,195,189.0,118,4526.0,18462,1759,1821,128.0,469.0,207.0,872.0,277.0,110.0,432.0,4354,423.0,2606.0,20.0,2766.0,34.0,290.0,,294.0,1034.0,566,13365,1759,128.0,122.0,281.0,144.0,634.0,113.0,24.0,155.0,3081,318.0,2518.0,20.0,2511.0,32.0,217.0,,133.0,745.0,430.0,2.2,540680,85833,5657.0,8098.0,7434.0,4125.0,20103.0,11005.0,625.0,4810.0,95868,13870.0,132014.0,1039.0,100533.0,1241.0,6536.0,,3758.0,23869.0,14262,333742016.42,14617489.83,319124526.59,66456126.28,60680052.46,5776073.82,,13515217.64,1336157.66,,,22745405.98,233029705.27,10090267.65,,,,301370.18,,18739045.54,357586316.49,347474250.66,301370.18,347172880.48,365202291.99,376325362.03,15982475.27,349219816.72,6.3,6.3,,,6.1,5.8,6.1,,5.3,,5.3,
3553807,0.701,0.606,0.811,0.7,0.48,2.48,7.73,26.81,39.63,13.56,11.69,624.86,144.26,2476.16,279.35,413.06,591.61,1672.31,0.42,73.65,2.28,16.9,19.55,45.14,93.64,81.26,988151.947,1227811.122,1279103.093,42424.52,50423.45,52529.9,873777.576,132339.82,66621.372,574067.49,100748.895,114374.371,2715,8,1561,2.0,45.0,18.0,53,35.0,30.0,71.0,463,50.0,37.0,1.0,86.0,9.0,22.0,,71,68.0,85,,7601,1118,1339,12.0,208.0,50.0,203.0,129.0,70.0,232.0,2058,143.0,270.0,7.0,1049.0,5.0,73.0,,79.0,362.0,194,5033,1118,124.0,11.0,156.0,21.0,141.0,73.0,4.0,139.0,1532,60.0,229.0,7.0,947.0,1.0,45.0,,35.0,284.0,106.0,2.2,213588,68490,5445.0,1327.0,3985.0,419.0,3081.0,7203.0,93.0,6396.0,60260,2255.0,8446.0,374.0,28251.0,36.0,1145.0,,892.0,11124.0,4364,172375791.27,5712741.59,166663049.68,23023152.2,21767041.42,1256110.78,,7465087.09,1286380.49,,,23851.62,148839709.7,3983228.86,18000000.0,1425232.11,,,,8444265.35,172631729.2,204046642.07,19425232.11,184621409.96,177449508.83,181075994.55,6396646.59,171052862.24,7.0,7.0,,,5.4,,5.4,,4.9,,4.9,
3553856,0.679,0.626,0.811,0.617,0.43,1.77,17.91,52.53,33.79,15.64,8.64,373.06,106.59,1260.44,185.08,253.93,400.67,937.92,0.31,73.64,2.42,16.9,19.58,51.68,93.63,81.24,367323.698,453976.28,433013.79,61548.88,66023.31,62974.66,332662.275,122948.156,16843.793,157444.137,35426.188,34661.424,775,5,553,2.0,10.0,1.0,11,5.0,2.0,6.0,83,8.0,11.0,,11.0,,2.0,,31,13.0,21,,1985,441,564,1.0,55.0,2.0,36.0,10.0,4.0,8.0,427,141.0,52.0,,130.0,,3.0,,14.0,32.0,65,1315,441,89.0,1.0,44.0,,24.0,6.0,,,342,133.0,42.0,,118.0,,,,2.0,26.0,47.0,2.1,51767,18368,3003.0,79.0,1383.0,,439.0,262.0,,,13163,4615.0,3698.0,,4374.0,,,,48.0,1006.0,1330,53872679.6,2814637.57,51058042.03,4484635.82,4256861.55,227774.27,,72463.6,956450.99,,,,59674434.76,92645.67,8884.87,,,2281825.0,,2931890.54,52484761.08,67571340.71,2290709.87,65280630.84,54484230.55,55416651.62,2839882.57,51644347.98,6.6,6.6,,,5.1,5.1,,,4.3,,4.3,
3553906,0.726,0.697,0.823,0.666,0.4,2.41,8.2,29.7,30.08,16.06,7.49,505.51,140.76,1520.53,265.24,391.77,568.04,1165.11,0.28,74.37,2.32,15.7,18.19,48.04,94.07,82.36,168350.324,170112.935,187170.91,22125.16,26027.07,28636.92,133067.241,16002.304,14259.364,60792.112,42013.462,35283.083,790,7,524,5.0,10.0,3.0,19,4.0,2.0,10.0,79,22.0,3.0,,25.0,,4.0,,42,11.0,20,,1709,447,434,8.0,43.0,7.0,77.0,6.0,6.0,13.0,204,58.0,5.0,,322.0,,4.0,,22.0,17.0,36,1029,447,16.0,5.0,30.0,4.0,55.0,3.0,,2.0,119,28.0,,,289.0,,,,8.0,4.0,19.0,1.8,36454,19679,488.0,265.0,947.0,64.0,1541.0,263.0,,43.0,3556,675.0,,,8046.0,,,,205.0,78.0,603,45598618.72,2260035.55,43338583.17,4382137.33,4112592.01,269302.49,242.83,3290.17,1982057.41,,,,45245106.0,250991.47,,200400.0,,1146000.0,,2301564.86,46999103.12,53209982.38,1346400.0,51863582.38,49288443.58,49300667.98,2301564.86,46986878.72,7.3,7.3,,,5.1,5.1,,,4.2,,4.2,
3553955,0.753,0.68,0.852,0.738,0.54,1.72,5.59,21.78,46.78,12.45,15.03,787.79,171.92,3685.09,318.4,471.06,675.38,2300.68,0.56,76.13,2.22,13.0,15.08,42.56,95.03,84.93,897036.192,918710.468,1153082.93,58396.99,61733.0,77481.72,792821.062,56414.134,342396.588,316519.163,77491.177,104215.13,1381,8,730,3.0,25.0,10.0,30,22.0,4.0,37.0,225,86.0,13.0,4.0,39.0,,13.0,,37,44.0,51,,6791,695,2262,7.0,140.0,11.0,261.0,49.0,14.0,69.0,765,732.0,31.0,53.0,1306.0,,30.0,,57.0,62.0,247,5652,688,1829.0,4.0,112.0,,220.0,20.0,2.0,25.0,533,628.0,18.0,45.0,1263.0,,13.0,,33.0,24.0,195.0,2.5,263037,34785,81021.0,424.0,2962.0,,19103.0,1823.0,34.0,687.0,16239,20073.0,521.0,2808.0,74449.0,,354.0,,956.0,844.0,5954,117260953.07,7220293.03,110040660.04,19412378.9,18692831.12,716536.78,3011.0,4118125.96,3238241.86,,,3443.07,106058538.91,493095.26,,25110.0,,5478541.67,,12148450.06,115721036.18,138827475.63,5503651.67,133323823.96,117630134.08,127869486.24,7254972.26,110375161.82,8.1,8.1,,,5.2,,5.2,,4.2,,4.2,
3554003,0.752,0.688,0.842,0.734,0.47,1.18,4.86,17.38,37.05,14.19,10.44,771.05,186.56,2856.56,360.5,520.61,771.47,2012.18,0.38,75.52,1.82,14.52,16.27,44.86,94.8,84.31,5076192.938,5978311.904,6784534.581,40892.85,48234.75,54739.59,4444640.36,154857.403,1324244.268,2439454.528,526084.162,631552.579,7484,11,1968,24.0,325.0,88.0,533,184.0,197.0,369.0,1858,330.0,188.0,5.0,332.0,22.0,113.0,,300,398.0,239,7088.0,41636,3970,2115,169.0,1921.0,436.0,2015.0,882.0,439.0,1114.0,9059,1740.0,1293.0,92.0,10175.0,237.0,920.0,,872.0,2023.0,2164,32892,3970,372.0,140.0,1544.0,319.0,1400.0,524.0,82.0,617.0,6793,1219.0,1076.0,89.0,9773.0,223.0,766.0,,624.0,1466.0,1895.0,2.5,1510606,209420,12692.0,9148.0,41400.0,9768.0,41853.0,38018.0,2266.0,50818.0,228501,54524.0,57958.0,6508.0,496072.0,10299.0,52499.0,,29931.0,50986.0,107944,589901887.01,35555387.37,554346499.64,158244978.23,146456439.0,11788539.23,,32109721.01,13939423.03,,,834709.84,500174790.48,27458726.55,9003563.86,,,22129313.49,,49385449.75,649088598.61,763895226.49,31132877.35,732762349.14,684101675.82,698474048.36,36872402.58,647229273.24,6.3,6.3,,,5.0,4.9,5.0,,4.6,,4.6,
3554102,0.8,0.746,0.883,0.778,0.51,0.84,3.75,13.83,39.91,12.21,13.08,1011.95,209.21,4038.54,408.51,620.96,988.56,2819.58,0.46,77.98,1.55,10.12,11.74,40.63,95.87,87.23,16199985.933,18462529.003,22607800.468,50495.56,59414.91,72754.95,13205901.67,29195.862,4619437.11,7062455.685,1494813.013,2994084.263,17472,34,1252,35.0,910.0,305.0,1843,429.0,569.0,1550.0,4559,944.0,635.0,4.0,829.0,25.0,444.0,,988,1603.0,514,16745.0,112777,10224,1373,449.0,5345.0,927.0,13510.0,1761.0,1322.0,4819.0,22360,4245.0,7757.0,89.0,19140.0,228.0,1142.0,,2003.0,9886.0,6197,91704,10224,287.0,412.0,4312.0,510.0,11849.0,1041.0,285.0,2830.0,17076,2941.0,6896.0,87.0,18099.0,184.0,578.0,,1081.0,7411.0,5601.0,2.7,4572633,683814,6584.0,23188.0,120076.0,12813.0,315435.0,90191.0,8751.0,111568.0,579272,107055.0,345683.0,6150.0,1585098.0,9113.0,24779.0,,37560.0,290193.0,215312,2141117046.35,90098082.37,2051018963.98,506862420.9,486621496.29,19857751.62,383172.99,109736514.63,37578897.91,,,311297362.98,1179016859.2,70016823.72,,4221794.28,583066.98,11505025.97,5822129.73,120842558.92,2190051651.02,2236640896.3,22132016.96,2214508879.34,2215667865.77,2310894209.94,97458299.39,2118209566.38,6.4,6.4,,,5.3,5.3,5.2,,4.5,,4.5,
3554201,0.668,0.563,0.794,0.668,0.48,2.88,12.71,34.66,38.8,13.66,11.36,510.13,117.63,1979.5,230.91,334.56,517.28,1346.75,0.4,72.65,2.33,18.6,21.55,53.94,93.03,79.71,138116.334,124784.075,341127.352,31023.44,30236.02,82657.46,134217.573,74288.846,4616.711,29408.651,25903.365,3898.761,780,8,700,1.0,2.0,,2,3.0,1.0,3.0,19,1.0,6.0,1.0,11.0,1.0,1.0,,8,3.0,9,,1205,307,570,1.0,2.0,,6.0,8.0,2.0,3.0,49,2.0,7.0,,219.0,1.0,,,5.0,3.0,20,582,307,23.0,1.0,,,3.0,,,,29,1.0,,,207.0,,,,3.0,,8.0,1.9,21160,14423,959.0,195.0,,,24.0,,,,671,43.0,,,4589.0,,,,44.0,,213,37416959.45,1612692.32,35804267.13,2080879.56,1967308.98,20811.67,92758.91,73468.58,961082.03,,,,41139616.44,150353.65,,,,1176703.96,,1612692.32,35809167.13,45582104.22,1176703.96,44405400.26,37416959.45,37421859.45,1612692.32,35804267.13,6.1,6.1,,,5.0,5.7,4.5,,3.9,,3.9,
3554300,0.741,0.679,0.856,0.699,0.47,5.1,9.12,24.69,35.97,13.52,10.64,619.79,129.31,2229.28,289.69,437.59,636.04,1606.66,0.4,76.38,1.89,12.7,14.71,46.2,95.17,85.28,627028.261,678819.552,822760.153,26801.81,30614.69,37106.4,584878.668,125733.521,89635.136,265524.496,103985.516,42149.592,2973,9,2019,3.0,72.0,11.0,39,10.0,7.0,51.0,364,30.0,44.0,1.0,41.0,2.0,10.0,,102,64.0,94,,6734,1132,2336,11.0,180.0,26.0,143.0,51.0,21.0,77.0,1057,67.0,317.0,32.0,403.0,7.0,46.0,,308.0,275.0,245,3784,1132,618.0,9.0,100.0,6.0,104.0,46.0,,24.0,668,33.0,185.0,32.0,360.0,,25.0,,107.0,170.0,165.0,2.0,142629,42030,26693.0,981.0,2472.0,116.0,2694.0,4766.0,,1136.0,20480,933.0,6984.0,2043.0,13144.0,,835.0,,5114.0,5968.0,6239,135855195.83,8934027.25,126921168.58,15556165.27,14548953.57,1002315.57,4896.13,1232695.48,2611592.41,,,,147391833.96,486458.01,,,,3696060.27,,9632680.4,135574044.6,170974805.4,3696060.27,167278745.13,139361674.61,145206725.0,8989740.01,130371934.6,6.7,6.7,6.1,,5.4,5.5,5.4,,4.7,,4.7,
3554409,0.749,0.684,0.838,0.732,0.45,0.66,3.23,12.92,37.97,15.59,9.74,759.32,214.56,2883.49,377.5,526.09,721.31,1959.69,0.36,75.3,1.74,14.3,16.52,44.99,94.59,83.74,174935.246,182316.05,237426.174,18410.36,23066.3,30038.74,167006.693,42624.259,15260.385,63207.555,45914.494,7928.553,1124,7,761,4.0,17.0,5.0,17,7.0,1.0,12.0,116,14.0,5.0,,9.0,3.0,5.0,,34,23.0,84,,1878,398,540,6.0,24.0,5.0,48.0,18.0,1.0,29.0,373,23.0,17.0,,92.0,33.0,22.0,,13.0,101.0,135,1060,398,82.0,4.0,6.0,,26.0,13.0,,16.0,240,8.0,9.0,,81.0,30.0,17.0,,5.0,78.0,47.0,1.9,41109,16922,3762.0,351.0,115.0,,672.0,1075.0,,827.0,6369,270.0,155.0,,2401.0,1467.0,490.0,,120.0,2458.0,3655,53570741.87,4773411.08,48797330.79,5984233.11,5252138.91,732094.2,,1920133.35,293306.4,,,,48068612.69,784765.24,,,,2587181.29,,6540071.34,51382623.91,59638232.08,2587181.29,57051050.79,56557928.77,57922695.25,5201431.24,51356497.53,6.4,6.4,,,5.1,5.1,,,4.9,,4.9,
3554508,0.778,0.698,0.884,0.764,0.48,1.04,3.3,13.53,39.91,13.73,11.63,927.25,215.48,3700.61,421.04,590.83,876.87,2516.36,0.42,78.04,1.76,9.7,11.25,42.49,95.72,87.64,2158402.234,2473358.84,2954947.719,50258.52,65670.79,78457.58,1868235.587,64791.462,734290.347,854750.252,214403.526,290166.646,4615,9,2077,7.0,128.0,53.0,235,121.0,78.0,155.0,759,113.0,82.0,10.0,319.0,8.0,41.0,,152,132.0,136,,20845,1501,1544,114.0,734.0,157.0,691.0,401.0,203.0,441.0,3339,1138.0,364.0,71.0,8192.0,112.0,121.0,,249.0,617.0,856,15912,1501,88.0,106.0,568.0,96.0,425.0,157.0,24.0,215.0,2325,971.0,259.0,50.0,7730.0,94.0,67.0,,131.0,424.0,681.0,2.3,672442,80421,3800.0,4710.0,17860.0,3035.0,13524.0,13655.0,766.0,8765.0,85054,64931.0,10503.0,2574.0,306669.0,7940.0,3372.0,,3921.0,14724.0,26220,250216837.25,6433115.39,243783721.86,49502831.05,47719399.04,1782291.41,1140.6,1694176.44,5861150.2,,,20511270.58,209721380.93,1870853.6,,,,3199858.35,,14877640.52,261208008.88,292361521.15,3199858.35,289161662.8,253979892.82,276085649.4,6485636.43,247494256.39,6.6,6.6,,,5.3,5.3,,,4.4,,4.4,
3554607,0.71,0.629,0.826,0.688,0.46,1.45,9.24,26.9,37.63,14.89,10.11,580.24,147.57,2183.5,284.32,403.44,545.38,1514.18,0.38,74.58,1.71,15.4,17.81,49.58,94.19,82.67,66301.28,62755.097,80267.648,25047.71,25468.79,32576.16,64443.731,24316.821,2843.964,17936.369,19346.577,1857.549,509,7,420,1.0,4.0,1.0,4,3.0,,13.0,21,1.0,1.0,1.0,5.0,,3.0,,12,9.0,3,,730,220,347,,5.0,1.0,13.0,5.0,,13.0,51,1.0,1.0,,23.0,,5.0,,25.0,7.0,13,323,220,34.0,,1.0,,1.0,2.0,,1.0,23,,,,17.0,,,,12.0,1.0,11.0,2.4,14061,11129,1364.0,7.0,7.0,,21.0,299.0,,29.0,527,,,,108.0,,,,308.0,,262,32182241.24,1218540.59,30963700.65,3265609.84,3139843.69,19558.15,106208.0,,452882.7,,,38.19,37702357.03,543732.23,,,,1741821.94,,1335359.74,32061623.69,43706441.93,1741821.94,41964619.99,32817672.55,33396983.43,1303603.25,31514069.3,7.6,7.6,,,5.3,,5.3,,,,,
3554656,0.714,0.647,0.829,0.679,0.39,1.11,8.39,27.86,26.05,15.23,6.84,548.39,141.65,1428.72,275.9,456.01,685.05,1182.37,0.27,74.73,2.16,15.1,17.51,50.57,94.27,82.9,37756.621,37807.309,44086.733,15524.93,18478.65,21547.77,36114.699,2822.443,2481.025,14580.731,16230.499,1641.922,346,10,266,2.0,6.0,,1,2.0,1.0,2.0,23,4.0,3.0,,1.0,1.0,1.0,,19,2.0,2,,539,173,256,1.0,8.0,,2.0,1.0,7.0,2.0,62,4.0,3.0,,6.0,2.0,2.0,,5.0,1.0,4,224,173,,1.0,2.0,,1.0,,,,39,,,,4.0,,,,2.0,,2.0,2.3,9316,7801,,131.0,163.0,,19.0,,,,978,,,,114.0,,,,46.0,,64,29068973.06,2844072.53,26224900.53,1223013.23,1127569.61,95443.62,,,658677.79,,,,30833075.96,1001.98,,,,691523.54,,2844072.53,26660896.64,33407292.5,691523.54,32715768.96,29309856.15,29504969.17,2844072.53,26465783.62,5.0,5.0,,,6.0,,6.0,,4.3,,4.3,
3554706,0.744,0.658,0.852,0.734,0.45,0.2,1.54,13.49,37.02,15.51,9.54,770.15,223.56,2850.86,373.88,528.48,755.52,1968.81,0.34,76.11,1.6,13.1,15.14,43.32,95.03,84.91,284592.255,320479.876,380075.254,28177.45,34331.0,40715.08,261883.978,68706.213,27529.067,120260.732,45387.966,22708.278,1946,8,1419,3.0,26.0,12.0,28,17.0,7.0,22.0,168,14.0,11.0,4.0,52.0,,6.0,,50,23.0,76,,3794,366,1351,5.0,117.0,21.0,53.0,30.0,13.0,46.0,768,23.0,37.0,3.0,401.0,,8.0,,67.0,82.0,403,2136,366,283.0,2.0,88.0,6.0,22.0,11.0,1.0,19.0,563,6.0,24.0,,327.0,,,,43.0,56.0,319.0,2.1,83783,17259,7533.0,249.0,2986.0,97.0,465.0,1264.0,20.0,378.0,14934,123.0,704.0,,24377.0,,,,2109.0,1644.0,9640,55098678.74,360925.98,54737752.76,9962895.0,8477889.02,1485005.98,,743448.43,837827.31,,,294758.95,54373609.5,51225.64,,,,506020.86,,1112058.41,57128868.17,66769785.69,506020.86,66263764.83,56863785.21,58240926.58,417384.73,56446400.48,6.3,,6.3,,5.3,,5.2,,4.2,,4.2,
3554755,0.722,0.697,0.811,0.666,0.4,0.53,9.07,28.15,31.14,16.32,7.63,505.36,144.42,1573.57,267.84,402.8,542.0,1163.78,0.27,73.63,2.12,16.9,19.6,50.34,93.63,81.23,44919.531,52600.846,66640.706,25639.0,31272.8,39619.92,42551.488,9226.651,4962.707,12380.141,15981.989,2368.043,219,4,131,3.0,9.0,1.0,6,1.0,3.0,2.0,19,5.0,2.0,,4.0,1.0,3.0,,16,2.0,7,,664,201,108,4.0,11.0,1.0,10.0,2.0,4.0,3.0,255,11.0,2.0,,31.0,,5.0,,2.0,,14,494,201,16.0,,2.0,,2.0,,,,233,5.0,,,26.0,,1.0,,,,8.0,2.9,19547,7875,231.0,,44.0,,102.0,,,,9400,111.0,,,699.0,,24.0,,,,1061,24833668.37,1358906.25,23474762.12,1241355.48,1011607.72,229747.76,,84915.35,423724.1,,,92640.19,28821572.89,19206.67,,109910.01,,688749.12,,1748506.25,23720155.97,31482073.81,798659.13,30683414.68,25079062.22,25468662.22,1358906.25,23720155.97,6.5,6.5,,,4.9,4.9,,,4.9,,4.9,
3554805,0.785,0.72,0.873,0.769,0.53,1.38,5.95,19.16,41.72,10.77,15.49,959.88,171.5,4004.64,345.5,561.63,938.04,2777.22,0.51,77.38,2.01,11.3,13.11,40.05,95.67,86.67,896633.754,1023337.713,1091770.581,18591.56,19997.61,21334.89,806861.473,12195.007,180772.247,398574.987,215319.233,89772.28,2007,17,430,6.0,73.0,33.0,160,26.0,45.0,166.0,440,69.0,70.0,3.0,118.0,20.0,48.0,,127,132.0,24,1954.0,10774,2053,413,87.0,348.0,107.0,389.0,88.0,121.0,1884.0,2090,285.0,746.0,11.0,1154.0,84.0,84.0,,161.0,535.0,134,8431,2053,25.0,82.0,253.0,59.0,181.0,43.0,37.0,1660.0,1546,209.0,660.0,4.0,1003.0,55.0,21.0,,79.0,354.0,107.0,2.6,394340,119978,1035.0,4234.0,6615.0,1066.0,5261.0,4204.0,682.0,108407.0,44976,5393.0,21962.0,325.0,50605.0,2738.0,532.0,,2075.0,10445.0,3806,217040008.63,20214165.69,196825842.94,71114869.59,63255664.2,5369559.32,2489646.07,372301.01,8595920.01,,,9619.96,169729797.22,1350920.38,,106774.11,,12070469.04,,38125836.12,214976955.84,263350671.32,12177243.15,251173428.17,222708353.61,253102791.96,20721133.62,201987219.99,6.1,6.1,,,5.4,5.4,,,4.5,,4.5,
3554904,0.753,0.726,0.829,0.71,0.41,0.93,2.33,16.91,33.14,16.94,7.83,663.71,201.88,2199.32,360.22,502.25,676.61,1573.92,0.28,74.73,1.94,15.2,17.54,47.27,94.27,82.89,122035.537,130745.408,155504.752,20839.4,19215.96,22854.9,115168.674,23088.42,8711.591,52012.067,31356.597,6866.863,1073,4,829,2.0,9.0,3.0,15,3.0,4.0,13.0,75,18.0,5.0,,21.0,1.0,4.0,,37,17.0,13,,2270,305,1327,3.0,24.0,3.0,35.0,7.0,8.0,18.0,239,99.0,8.0,,119.0,7.0,5.0,,21.0,18.0,24,1380,305,688.0,2.0,12.0,,18.0,5.0,,3.0,149,72.0,3.0,,92.0,7.0,1.0,,10.0,4.0,9.0,1.1,26581,14693,327.0,195.0,423.0,,231.0,623.0,,79.0,3943,1749.0,88.0,,2685.0,476.0,39.0,,374.0,84.0,574,40529177.2,2385296.47,38143880.73,5965252.6,5941070.9,24181.7,,,900978.12,,,2994.27,37529443.27,319136.58,,,,1620843.61,,2764633.88,39175652.36,46338648.45,1620843.61,44717804.84,41533727.65,41940286.24,2542743.93,38990983.72,7.0,7.0,,,6.3,,6.3,,5.2,,5.2,
3554953,0.728,0.63,0.871,0.702,0.39,0.41,4.29,18.31,30.32,17.41,6.97,630.49,193.66,1911.65,355.05,497.42,685.11,1424.28,0.26,77.24,1.66,11.5,13.34,43.83,95.6,86.48,181790.461,193507.593,239682.024,25756.65,28549.36,35361.76,168497.366,43333.376,6697.597,86971.045,31495.348,13293.095,978,11,792,2.0,7.0,5.0,11,3.0,4.0,12.0,57,6.0,6.0,1.0,19.0,,8.0,,26,5.0,3,,1550,322,795,10.0,21.0,5.0,30.0,3.0,8.0,105.0,133,8.0,6.0,,54.0,,8.0,,27.0,6.0,9,600,322,51.0,5.0,12.0,,16.0,,,86.0,58,,,,28.0,,,,13.0,1.0,8.0,2.0,22772,13127,1674.0,208.0,314.0,,670.0,,,3386.0,1706,,,,1069.0,,1.0,,406.0,4.0,208,41005996.21,1265397.73,39740598.48,3712474.3,3104692.5,607781.8,,,820229.7,,,96494.51,43876177.85,342628.57,,277026.0,,44074.2,,2901640.01,40765172.77,49169105.13,321100.2,48848004.93,41540186.05,43666812.78,1265757.63,40274428.42,5.7,5.7,,,5.5,5.5,,,5.0,,5.0,
3555000,0.771,0.704,0.852,0.764,0.54,1.07,4.98,17.14,45.86,11.95,15.35,926.96,188.91,4250.95,365.14,527.66,783.17,2746.16,0.52,76.1,1.3,14.21,15.93,44.59,95.2,85.38,2213337.24,2509745.856,3128301.71,33732.18,39258.95,48934.77,2001533.142,193785.747,289544.79,1243051.898,275150.707,211804.098,7020,14,3069,6.0,221.0,74.0,256,109.0,97.0,246.0,1569,123.0,114.0,4.0,238.0,1.0,89.0,,295,309.0,186,6314.0,24877,2532,2349,72.0,832.0,131.0,661.0,448.0,330.0,885.0,6725,407.0,2867.0,61.0,3067.0,12.0,404.0,,547.0,1818.0,729,17621,2532,109.0,59.0,582.0,52.0,336.0,239.0,94.0,549.0,4772,257.0,2708.0,54.0,2746.0,11.0,291.0,,325.0,1384.0,521.0,2.2,740193,124751,7397.0,4880.0,15050.0,1294.0,9897.0,18075.0,2821.0,17391.0,164232,8904.0,145363.0,2751.0,116295.0,372.0,21598.0,,8144.0,49813.0,21163,315737682.98,22845670.64,292892012.34,90081936.86,77435595.86,12626809.49,19531.51,7594309.77,4096082.85,233644.89,,8613.84,249162968.72,4698909.86,,1417470.0,,14856777.61,,25939559.89,326899737.88,372150714.4,16274247.61,355876466.79,347252049.42,352839297.77,24932675.12,322319374.3,7.0,6.7,7.3,,5.3,,5.3,,4.9,,4.9,5.1
3555109,0.769,0.715,0.835,0.762,0.49,0.69,2.78,12.42,41.12,13.77,11.95,914.36,222.06,3760.01,407.31,570.62,838.43,2524.18,0.42,75.08,1.39,13.4,15.54,43.44,94.12,83.56,340357.291,375898.108,446937.811,21720.31,23709.99,28190.85,320880.284,43825.339,9779.23,193547.67,73728.046,19477.007,2629,6,1838,2.0,27.0,16.0,47,19.0,13.0,52.0,271,22.0,15.0,2.0,37.0,,15.0,,76,108.0,63,,5348,932,1469,10.0,100.0,23.0,420.0,101.0,26.0,101.0,1048,113.0,143.0,2.0,138.0,,75.0,,72.0,327.0,248,3100,932,141.0,,60.0,7.0,357.0,65.0,5.0,38.0,743,80.0,124.0,,93.0,,56.0,,26.0,201.0,172.0,2.2,126579,61508,5375.0,,1480.0,190.0,10380.0,3855.0,115.0,1221.0,17302,2326.0,4045.0,,2451.0,,2081.0,,660.0,7741.0,5849,88140079.7,4127116.07,84012963.63,12962843.45,10994002.7,1030456.15,938384.6,,1083542.75,,,5644360.19,78672707.79,384865.84,,,,3746425.0,,6224231.02,85760295.91,102494745.02,3746425.0,98748320.02,89545110.68,91984526.93,4317971.18,85227139.5,7.9,7.9,,,5.5,5.5,,,5.0,,5.0,
3555208,0.751,0.721,0.824,0.713,0.35,1.54,2.85,12.47,26.83,19.1,5.62,676.92,225.44,1816.09,420.97,555.19,758.75,1420.87,0.22,74.44,2.06,15.6,18.07,45.55,94.11,82.46,56424.618,61349.86,88091.265,27877.78,33745.8,48455.04,54825.036,21508.551,2346.69,15192.574,15777.222,1599.582,951,8,872,1.0,1.0,,7,1.0,,3.0,21,1.0,2.0,,6.0,,3.0,,19,4.0,2,,886,220,562,1.0,5.0,,12.0,,,3.0,43,1.0,3.0,,18.0,,10.0,,3.0,3.0,2,269,220,,1.0,4.0,,3.0,,,1.0,20,,,,12.0,,6.0,,1.0,,1.0,2.2,10387,8683,,65.0,74.0,,179.0,,,24.0,810,,,,247.0,,158.0,,29.0,,119,33055864.98,1625882.72,31429982.26,2068863.43,1896239.3,172624.13,,2252.05,194476.28,,,,39010399.36,263637.2,,,,674212.5,33883.17,3460117.62,32250757.41,42247723.99,708095.67,41539628.32,33876077.04,35710875.03,1700363.63,32175713.41,7.3,7.3,,,5.7,,5.7,,5.4,,5.4,
3555307,0.736,0.675,0.817,0.724,0.39,1.28,1.86,11.24,31.8,17.73,7.17,725.06,236.56,2305.49,406.18,525.21,758.14,1702.88,0.26,74.04,1.61,16.2,18.79,42.59,93.87,81.86,73691.514,72579.582,100226.09,44206.07,43486.87,60051.58,71506.271,37998.619,3096.682,15557.667,14853.303,2185.243,954,5,882,2.0,1.0,1.0,5,3.0,1.0,10.0,19,,2.0,,2.0,,1.0,,8,5.0,7,,937,199,622,3.0,1.0,1.0,10.0,11.0,9.0,18.0,44,,2.0,,4.0,,1.0,,2.0,2.0,8,239,199,,1.0,,,1.0,8.0,,6.0,21,,,,,,,,1.0,,2.0,2.4,11129,9733,,98.0,,,68.0,184.0,,173.0,654,,,,,,,,28.0,,192,34546438.67,1804287.76,32742150.91,2855242.08,2746520.19,108721.89,,1251104.11,380798.98,,,158063.14,34219520.28,60618.04,,,,872218.22,,2547466.95,32976834.91,39797564.85,872218.22,38925346.63,34767308.67,35524301.86,1804287.76,32963020.91,7.7,7.7,,,5.5,,5.5,,,,,
3555356,0.7,0.604,0.844,0.672,0.35,0.71,3.86,21.68,27.39,18.79,5.83,522.27,178.32,1430.49,312.3,431.77,583.95,1110.84,0.22,75.62,2.57,13.8,15.98,47.16,94.76,84.2,212639.004,230722.502,298745.87,32774.2,43005.13,55684.23,203680.901,37290.128,79174.59,50542.026,36674.157,8958.103,491,6,313,,12.0,4.0,8,2.0,2.0,3.0,52,14.0,7.0,,12.0,3.0,1.0,,37,4.0,11,,1872,349,237,,43.0,4.0,60.0,4.0,3.0,4.0,214,54.0,9.0,,845.0,9.0,1.0,,14.0,5.0,17,1479,349,17.0,,29.0,,52.0,,,1.0,154,37.0,2.0,,833.0,2.0,,,,,3.0,2.8,83005,16724,644.0,,402.0,,1537.0,,,19.0,4260,298.0,63.0,,58877.0,,,,21.0,,161,52437064.6,3014397.12,49422667.48,5472712.82,4748651.66,724061.16,,380470.81,1171072.54,,,788816.16,52555582.0,961131.07,,,,1692940.28,,4917140.34,50279795.34,63022725.68,1692940.28,61329785.4,53672229.54,55196935.68,3392434.2,50279795.34,6.5,6.5,,,5.0,5.0,,,5.0,,5.0,
3555406,0.751,0.679,0.841,0.741,0.58,2.58,8.88,25.64,49.74,10.62,18.73,803.5,141.39,3997.01,285.46,433.83,648.66,2515.96,0.62,75.47,1.68,14.4,16.14,44.07,94.74,84.14,2705941.156,3218974.11,3506919.269,29152.88,34620.07,37716.51,2549928.927,31826.987,381498.027,1654039.192,482564.721,156012.23,6561,19,273,28.0,1044.0,122.0,1268,133.0,241.0,306.0,1541,418.0,137.0,3.0,127.0,7.0,117.0,,454,213.0,110,6316.0,29356,2370,271,160.0,6014.0,640.0,3144.0,371.0,490.0,800.0,8442,1309.0,776.0,58.0,688.0,25.0,319.0,,1123.0,1676.0,680,22358,2370,1.0,136.0,4738.0,479.0,2647.0,137.0,101.0,374.0,6697,697.0,606.0,58.0,530.0,12.0,163.0,,693.0,1357.0,562.0,2.0,809823,166644,21.0,10792.0,128700.0,16025.0,83089.0,12200.0,2311.0,12456.0,208751,23356.0,18948.0,3591.0,16313.0,209.0,7204.0,,26950.0,52782.0,19481,763520077.17,23024288.02,740495789.15,348152729.5,258145414.58,89976712.37,30602.55,33317739.94,52015112.14,,,63801.6,384599913.29,13155048.99,,15600.0,,14270914.05,,32360772.12,812821739.55,845590859.51,14286514.05,831304345.46,812919641.5,845182511.67,26564413.97,786355227.53,6.1,6.1,,,4.9,5.4,4.8,,4.2,5.0,4.1,
3555505,0.727,0.674,0.829,0.689,0.42,1.26,8.11,23.2,33.31,15.95,8.35,580.57,153.5,1933.62,309.42,430.83,596.94,1397.54,0.32,74.72,2.26,15.2,17.55,49.46,94.27,82.88,114467.732,123802.334,201026.244,23709.14,24123.6,39171.13,109505.63,30979.063,5088.472,40952.197,32485.898,4962.101,941,3,782,1.0,4.0,,9,4.0,2.0,7.0,57,2.0,1.0,,12.0,,4.0,,28,15.0,10,,1327,299,626,2.0,6.0,,25.0,37.0,6.0,24.0,186,3.0,1.0,,60.0,,3.0,,22.0,14.0,13,574,299,44.0,2.0,2.0,,13.0,31.0,,15.0,114,,,,35.0,,1.0,,14.0,,4.0,2.1,22542,13040,1863.0,209.0,39.0,,318.0,1321.0,12.0,607.0,3522,,,,996.0,,35.0,,338.0,,242,41613582.72,1900342.22,39713240.5,2574569.73,2476058.87,83972.66,14538.2,,338469.05,,,42664.65,44297413.96,20272.03,,,,1498178.17,,1937090.81,40107398.37,48771567.59,1498178.17,47273389.42,42006520.17,42044489.18,1900342.22,40106177.95,6.2,6.2,,,4.6,,4.6,,3.6,,3.6,
3555604,0.721,0.644,0.823,0.708,0.4,1.21,4.24,18.08,30.83,16.43,7.51,655.13,186.48,2020.0,351.58,508.95,700.18,1523.03,0.28,74.36,1.79,15.7,18.21,43.94,94.06,82.34,401840.509,408570.533,521823.515,39430.92,39308.31,50204.3,359502.242,38483.852,143054.14,127884.479,50079.771,42338.267,1852,7,1316,6.0,30.0,14.0,34,11.0,14.0,45.0,165,45.0,18.0,1.0,38.0,,11.0,,51,27.0,19,,2814,561,820,11.0,45.0,14.0,86.0,26.0,36.0,89.0,488,178.0,35.0,,308.0,,15.0,,37.0,36.0,29,1356,561,9.0,2.0,13.0,1.0,42.0,15.0,7.0,30.0,267,110.0,15.0,,251.0,,4.0,,9.0,10.0,10.0,2.2,55811,26419,271.0,94.0,282.0,44.0,2053.0,1424.0,168.0,628.0,7548,3424.0,399.0,,11771.0,,196.0,,168.0,337.0,585,79936845.92,6097088.76,73839757.16,10918621.46,10100591.17,818030.29,,2886473.89,539246.77,,,1768041.24,69621228.04,1898599.97,775983.86,113204.12,,3581715.09,,7425247.4,75409561.26,92103114.44,4470903.07,87632211.37,82648116.2,82834808.66,7238554.94,75409561.26,6.9,6.9,,,5.1,5.1,,,4.2,,4.2,
3555703,0.749,0.699,0.863,0.697,0.35,0.77,1.82,16.92,26.08,18.1,5.76,610.77,205.44,1592.91,347.32,505.83,705.43,1283.79,0.21,76.75,2.12,12.2,14.11,49.44,95.35,85.8,57594.759,64215.389,72243.943,30538.05,40059.51,45067.96,55871.545,20856.867,2472.881,16340.222,16201.576,1723.214,519,6,425,2.0,,1.0,5,3.0,,5.0,22,7.0,3.0,,5.0,,2.0,,23,,10,,665,155,286,86.0,,1.0,12.0,5.0,,9.0,41,13.0,25.0,,6.0,,2.0,,1.0,,23,308,155,4.0,85.0,,,5.0,2.0,,3.0,14,2.0,23.0,,1.0,,1.0,,,,13.0,1.9,11209,7430,255.0,2057.0,,,124.0,165.0,,35.0,263,58.0,233.0,,40.0,,25.0,,,,526,24378593.69,155182.31,24223411.38,558258.85,541283.48,16975.37,,841935.85,519570.45,,,9453.8,31607300.99,70607.45,1000000.0,,,95981.0,,203979.01,27955726.46,34703108.39,1095981.0,33607127.39,28157446.51,28159705.47,203979.01,27953467.5,7.1,,7.1,,5.9,,5.9,,4.7,,4.7,
3555802,0.746,0.709,0.804,0.727,0.46,1.42,4.85,16.15,38.01,15.03,10.11,739.08,190.32,2808.98,365.21,517.81,711.68,1917.97,0.38,73.25,1.64,17.6,20.34,44.1,93.4,80.64,286014.199,313528.164,366620.323,31344.02,35495.09,41505.75,265378.322,89081.036,31474.634,107196.73,37625.921,20635.877,1810,8,1442,2.0,13.0,11.0,22,4.0,5.0,24.0,138,4.0,9.0,,16.0,,5.0,,31,44.0,32,,2913,295,1074,7.0,48.0,15.0,102.0,30.0,6.0,68.0,464,4.0,16.0,,525.0,,27.0,,24.0,113.0,95,1387,295,,6.0,20.0,3.0,78.0,27.0,,32.0,281,,4.0,,496.0,,19.0,,7.0,64.0,55.0,2.0,52021,13688,,516.0,580.0,112.0,2043.0,1901.0,,908.0,7764,,147.0,,20611.0,,610.0,,90.0,723.0,2329,46097288.44,1686265.95,44411022.49,4718405.46,4161714.06,511093.17,45598.23,2095537.69,460959.18,,,,44742332.36,397567.73,,,,1269400.73,,1970693.95,48066176.32,53684203.15,1269400.73,52414802.42,49999424.95,50036870.27,1970693.95,48028731.0,6.6,,6.6,,5.8,,5.8,,,,,
3555901,0.712,0.639,0.832,0.678,0.39,3.91,7.6,24.15,29.86,16.64,7.18,544.1,142.92,1624.76,309.83,465.37,604.98,1203.91,0.26,74.93,1.94,14.8,17.17,41.68,94.39,83.2,46392.065,51165.923,66749.681,40623.52,36889.63,48125.22,45063.406,15392.137,1861.27,12625.748,15184.252,1328.659,392,6,329,,4.0,1.0,4,,,,15,,2.0,,3.0,,1.0,,15,10.0,2,,584,198,242,,5.0,1.0,11.0,,,,43,,2.0,,61.0,,1.0,,7.0,10.0,3,288,198,1.0,,1.0,,6.0,,,,22,,,,59.0,,,,,,1.0,2.1,10986,8387,37.0,,24.0,,197.0,,,,807,,,,1448.0,,,,,,87,29254701.14,4533951.46,24720749.68,1104068.35,1041635.43,62432.92,,76621.81,392891.27,,,,32555667.54,328319.09,,810870.0,,1779827.39,,5991105.87,25369898.39,37048265.45,2590697.39,34457568.06,30105962.02,31361004.26,4800988.93,25304973.09,7.9,7.9,,,5.6,,5.6,,5.6,,5.6,
3556008,0.745,0.683,0.817,0.741,0.43,0.4,1.53,9.39,36.52,16.57,8.82,805.66,246.41,2941.93,420.91,567.26,772.22,2019.72,0.33,74.03,1.67,16.3,18.83,42.93,93.87,81.84,483324.505,549725.349,647135.023,34609.7,39997.48,47084.91,436511.181,96842.634,39978.607,224435.235,75254.706,46813.323,3012,9,2074,3.0,48.0,13.0,54,22.0,23.0,53.0,331,25.0,25.0,1.0,125.0,,12.0,,54,63.0,77,,5458,490,1379,6.0,81.0,20.0,191.0,66.0,50.0,103.0,1182,91.0,69.0,9.0,988.0,,31.0,,79.0,155.0,468,3006,490,38.0,2.0,27.0,6.0,125.0,40.0,6.0,42.0,781,50.0,34.0,9.0,835.0,,12.0,,49.0,83.0,377.0,2.2,120426,30398,735.0,44.0,659.0,105.0,5153.0,4203.0,274.0,1096.0,23277,2710.0,1053.0,394.0,22496.0,,445.0,,1298.0,2815.0,23273,97880634.95,3772847.63,94107787.32,12959984.5,11964736.92,995247.58,,900336.0,1252262.85,,,5317640.44,88942505.86,310887.39,,,,4072658.47,,6847640.3,96145526.92,113756275.51,4072658.47,109683617.04,99631330.2,102993167.22,4135334.39,95495995.81,6.6,6.6,,,5.6,5.6,,,5.1,,5.1,
3556107,0.735,0.692,0.81,0.708,0.36,1.07,3.85,12.32,28.8,19.28,5.98,654.97,225.43,1886.41,405.85,519.33,693.71,1430.81,0.24,73.62,1.98,16.9,19.6,39.63,93.63,81.22,437546.287,459473.416,565653.229,31863.26,32591.39,40122.94,387947.242,23344.673,141998.187,160684.032,61920.349,49599.045,1769,6,919,1.0,30.0,6.0,30,18.0,10.0,39.0,382,15.0,13.0,,167.0,2.0,16.0,,40,46.0,29,,5807,565,901,2.0,92.0,8.0,74.0,52.0,17.0,94.0,932,48.0,22.0,,2708.0,67.0,63.0,,28.0,79.0,55,4111,565,135.0,2.0,60.0,,37.0,36.0,2.0,45.0,513,28.0,6.0,,2506.0,66.0,44.0,,9.0,29.0,28.0,1.8,134237,26513,10183.0,208.0,1443.0,,608.0,2383.0,35.0,1549.0,13346,313.0,156.0,,70962.0,2559.0,1440.0,,243.0,665.0,1632,83997160.75,3289196.34,80707964.41,12278368.73,10949833.92,1304358.2,24176.61,4778065.76,1991148.86,,,4678.73,77931648.36,1125171.53,,,,3425663.5,,7473204.92,84597265.97,101534745.47,3425663.5,98109081.97,87859020.69,92070470.89,3400409.71,84458610.98,7.0,7.0,,,5.3,,5.3,,4.3,,4.3,
3556206,0.819,0.763,0.85,0.848,0.54,0.15,1.17,5.9,44.53,11.34,15.7,1570.91,320.14,6996.05,570.87,848.94,1389.49,4724.95,0.52,76.01,1.43,12.64,14.66,36.99,94.87,84.48,7969199.991,9259974.242,10200700.888,59842.76,73302.78,80718.99,6356953.717,57997.585,1796025.796,3845353.053,657577.284,1612246.275,11900,14,876,21.0,480.0,160.0,1525,454.0,588.0,1129.0,2763,535.0,426.0,12.0,955.0,5.0,438.0,,522,647.0,350,11574.0,63694,2992,958,179.0,2510.0,670.0,5923.0,1185.0,1463.0,3304.0,13559,2203.0,3506.0,35.0,15793.0,64.0,1616.0,,1423.0,2819.0,3492,47910,2991,132.0,158.0,1939.0,441.0,4238.0,345.0,140.0,1778.0,10054,1312.0,2974.0,30.0,14415.0,55.0,1006.0,,836.0,1997.0,3069.0,3.2,2899238,304287,4174.0,15904.0,54063.0,15894.0,164233.0,31406.0,4045.0,150708.0,479593,57148.0,219541.0,2033.0,1060400.0,7753.0,59579.0,,38728.0,85811.0,143936,1018690806.97,75397437.11,943293369.86,408388738.68,356462841.77,51925896.91,,57212804.47,58796346.87,,,,560481965.47,59519101.16,9748009.18,,,7253252.01,18738346.94,83959637.47,991045574.88,1180138564.78,35739608.13,1144398956.65,1028825713.61,1075005212.35,75832685.4,952993028.21,6.5,6.5,,,5.5,5.5,5.6,,4.7,,4.7,
3556305,0.725,0.643,0.825,0.719,0.45,1.47,4.8,19.69,35.12,14.77,9.51,701.02,181.68,2462.25,335.98,482.23,718.31,1784.61,0.34,74.47,2.24,15.6,18.02,38.12,94.12,82.5,1236296.888,1338314.344,1426927.115,45529.09,55208.71,58864.2,1108877.867,138004.542,449113.554,379299.013,142460.757,127419.021,2052,8,1104,2.0,56.0,11.0,57,16.0,11.0,60.0,300,77.0,29.0,6.0,44.0,,15.0,,71,113.0,72,,8609,1234,867,65.0,257.0,13.0,197.0,80.0,17.0,160.0,981,222.0,113.0,51.0,3623.0,,36.0,,104.0,352.0,237,6816,1234,61.0,64.0,202.0,3.0,142.0,64.0,,87.0,655,132.0,80.0,44.0,3573.0,,22.0,,56.0,233.0,164.0,2.3,297559,76701,2134.0,2801.0,4835.0,103.0,3313.0,5704.0,,1979.0,19748,4423.0,2520.0,2329.0,144495.0,,666.0,,1928.0,8296.0,15584,144473644.36,6303145.66,138170498.7,21264335.44,19454266.64,405742.6,1404326.2,1383793.13,1173084.91,23828.53,,10846889.45,136437338.05,1098520.98,992006.6,564841.0,,1250858.8,,6436306.64,149969691.46,175035496.89,2807706.4,172227790.49,156373451.52,156405998.1,6436306.64,149937144.88,6.8,6.8,,,5.2,,5.2,,4.5,,4.5,
3556354,0.699,0.591,0.839,0.69,0.38,0.83,5.31,19.22,30.02,17.27,6.95,587.59,178.92,1763.84,328.36,472.82,637.82,1323.36,0.26,75.36,2.09,14.2,16.42,46.73,94.62,83.82,153401.48,183035.024,222012.401,14148.82,17412.01,21119.9,141919.688,12805.434,13569.871,72837.108,42707.275,11481.792,926,10,505,4.0,19.0,8.0,27,4.0,6.0,19.0,143,11.0,4.0,1.0,66.0,4.0,6.0,,50,10.0,29,,2078,344,493,22.0,65.0,14.0,75.0,28.0,19.0,36.0,530,23.0,8.0,,227.0,6.0,9.0,,37.0,12.0,130,1158,344,18.0,20.0,37.0,4.0,43.0,26.0,1.0,14.0,369,7.0,3.0,,146.0,4.0,1.0,,18.0,2.0,101.0,1.9,42069,14649,670.0,2830.0,861.0,66.0,1182.0,1359.0,27.0,300.0,11287,645.0,31.0,,4322.0,137.0,,,460.0,49.0,3194,60057187.42,2911495.97,57145691.45,7193138.79,7026004.57,167134.22,,,1113196.07,,,,58321509.09,451060.51,,47000.0,,207860.0,,2972655.97,61742984.89,67333764.46,254860.0,67078904.46,61618706.04,64715640.86,2924035.97,58694670.07,6.2,6.2,,,5.3,5.3,,,4.6,,4.6,
3556404,0.737,0.643,0.863,0.721,0.42,0.83,3.46,15.28,33.75,16.01,8.43,711.6,200.96,2401.69,368.63,518.42,733.36,1733.14,0.31,76.78,2.04,12.1,14.03,44.24,95.37,85.85,1287338.885,1357282.639,1431641.524,29684.07,33819.62,35672.43,1126071.422,59764.36,221264.678,670165.935,174876.449,161267.463,2906,8,1149,6.0,76.0,32.0,95,48.0,54.0,92.0,717,61.0,36.0,1.0,183.0,10.0,40.0,,114,97.0,87,,11202,1440,994,89.0,281.0,104.0,493.0,193.0,152.0,191.0,3428,314.0,261.0,5.0,2229.0,7.0,77.0,,150.0,424.0,370,8089,1440,112.0,85.0,193.0,64.0,357.0,103.0,12.0,73.0,2540,217.0,214.0,5.0,1981.0,1.0,27.0,,85.0,308.0,272.0,2.1,325113,69674,8933.0,3528.0,4481.0,1356.0,11827.0,8761.0,283.0,1737.0,81121,9319.0,8726.0,292.0,89148.0,9.0,585.0,,3373.0,10778.0,11181,230447703.55,30675710.99,199771992.56,49155232.2,45800933.22,3345217.04,9081.94,5799303.5,3304943.37,,,10783458.07,163118752.64,4382977.85,11141303.95,649527.0,,8157278.66,,32621697.96,211091673.27,256492777.24,19948109.61,236544667.63,238197818.39,243713371.23,31632537.76,206565280.63,7.3,7.3,,,5.2,,5.2,,4.5,,4.5,
3556453,0.77,0.683,0.884,0.755,0.5,1.38,4.33,14.62,42.23,13.01,12.98,876.61,198.67,3702.19,371.75,548.41,819.53,2514.34,0.46,78.02,1.84,9.7,11.25,43.2,95.7,87.6,2898202.787,3266316.567,3524292.853,53359.16,64894.14,69905.64,2329259.749,43369.001,641802.059,1368881.741,275206.948,568943.038,3835,10,114,19.0,162.0,59.0,426,97.0,106.0,295.0,1179,275.0,126.0,3.0,325.0,1.0,114.0,,257,116.0,151,3767.0,20466,1408,128,88.0,593.0,424.0,1784.0,240.0,237.0,634.0,5579,848.0,593.0,,5983.0,,253.0,,729.0,425.0,520,15784,1408,12.0,70.0,404.0,342.0,1323.0,71.0,56.0,278.0,4163,476.0,419.0,,5559.0,,94.0,,479.0,276.0,354.0,2.6,755249,115074,319.0,4543.0,8547.0,8552.0,45873.0,7359.0,3366.0,8407.0,177031,15667.0,16734.0,,295120.0,,4740.0,,19561.0,8947.0,15408,271771602.92,4691821.98,267079780.94,102659245.31,98737848.69,3921396.62,,4481990.92,6032048.16,,,,239866992.77,4169005.61,,218414.16,,1279574.6,,9697164.7,298873629.23,358707271.53,1497988.76,357209282.77,289327573.92,308570793.93,6842889.16,282484684.76,6.4,6.4,,,5.4,,5.4,,4.6,,4.6,
3556503,0.759,0.705,0.863,0.72,0.39,1.15,3.76,13.39,30.24,17.03,7.1,706.02,210.49,2135.3,390.78,559.32,772.47,1597.04,0.28,76.8,2.01,11.05,12.82,39.32,95.18,85.33,3965839.453,4339125.715,4736061.572,31913.34,37480.25,40908.88,3409483.328,2910.654,1326933.945,1594687.474,484951.255,556356.125,3714,14,20,28.0,195.0,39.0,300,47.0,57.0,209.0,1260,240.0,89.0,2.0,595.0,1.0,82.0,,200,130.0,206,3627.0,25343,2219,42,137.0,930.0,117.0,1634.0,187.0,114.0,463.0,4711,1023.0,335.0,,10300.0,,449.0,,354.0,541.0,1787,20772,2219,21.0,105.0,721.0,68.0,1278.0,133.0,5.0,188.0,3179,708.0,217.0,,9438.0,,346.0,,208.0,393.0,1545.0,2.7,1056776,164575,400.0,5002.0,19947.0,1647.0,45626.0,11268.0,250.0,6756.0,121848,22941.0,6540.0,,533121.0,,14113.0,,6529.0,13725.0,82488,517975833.1,61140181.92,456835651.18,107402889.24,95699593.63,11688964.31,14331.3,25646312.34,5400360.63,,,,375817129.78,17253180.92,,29109.72,,5958658.04,,67930244.48,476295015.19,537507640.67,5987767.76,531519872.91,536331346.49,544225259.67,63894863.66,472436482.83,6.5,6.5,,,5.2,,5.2,,4.4,,4.4,
3556602,0.754,0.715,0.83,0.722,0.45,0.88,5.9,16.64,35.85,14.94,9.6,713.66,183.65,2558.64,349.3,501.62,713.82,1802.65,0.36,74.79,1.81,15.0,17.4,48.21,94.31,82.99,240193.45,277525.316,302804.606,22231.9,27272.53,29756.74,217244.627,23928.208,8141.643,136683.118,48491.658,22948.823,1100,5,682,,18.0,8.0,17,15.0,5.0,28.0,148,24.0,20.0,1.0,22.0,1.0,9.0,,53,36.0,8,,2169,395,525,,59.0,11.0,39.0,43.0,11.0,41.0,544,63.0,66.0,,116.0,3.0,25.0,,42.0,87.0,99,1182,395,7.0,,37.0,1.0,18.0,17.0,1.0,5.0,368,29.0,39.0,,85.0,,16.0,,21.0,47.0,96.0,2.3,49751,16237,130.0,,1451.0,18.0,241.0,1688.0,19.0,134.0,16075,897.0,3166.0,,4092.0,,836.0,,743.0,1647.0,2376,59672551.58,2952333.58,56720218.0,9286809.48,8330635.4,956174.08,,658428.22,1957144.56,,,1264621.63,55976794.35,1127802.4,,,,2255062.95,,4228945.91,58091533.6,72526663.59,2255062.95,70271600.64,60232346.41,62320479.51,2952333.58,57280012.83,6.3,6.3,,,5.8,,5.8,,4.8,,4.8,
3556701,0.817,0.739,0.878,0.84,0.53,0.13,1.35,5.12,42.37,11.72,14.46,1493.32,313.51,6326.57,561.26,835.58,1372.43,4386.56,0.49,77.68,1.36,10.9,12.64,38.03,95.81,87.08,12557908.972,14061247.725,14699664.334,154054.53,183416.35,192052.06,9473451.699,14330.505,3476251.858,5428696.996,554172.339,3084457.273,7823,11,308,18.0,341.0,116.0,980,374.0,474.0,811.0,1930,376.0,285.0,5.0,525.0,1.0,288.0,,357,415.0,208,7588.0,53537,3045,323,3891.0,1659.0,862.0,3174.0,921.0,1045.0,2177.0,10382,1480.0,1764.0,30.0,16090.0,,1233.0,,750.0,1707.0,3004,43020,3042,33.0,3875.0,1273.0,712.0,2002.0,198.0,73.0,995.0,7961,904.0,1363.0,27.0,15436.0,,803.0,,397.0,1166.0,2760.0,3.2,2600790,258183,1172.0,162727.0,39406.0,26814.0,109393.0,17036.0,2123.0,41637.0,400584,35783.0,63558.0,1592.0,1166120.0,,75688.0,,18584.0,46588.0,133801,996161912.91,163061101.26,833100811.65,309304219.75,270282717.59,29732544.85,9288957.31,9629.21,9646664.6,,,70834231.25,626714173.44,15156352.04,87996064.99,51361.23,,5866929.77,,171047732.53,871741954.63,1125579626.28,93914355.99,1031665270.29,1019161060.67,1042789687.16,163363124.24,855797936.43,6.7,6.7,,,5.2,5.2,,,4.6,,4.6,
3556800,0.739,0.683,0.823,0.717,0.4,0.71,2.82,13.78,31.63,17.21,7.35,692.01,221.0,2188.67,374.38,511.88,732.86,1637.73,0.28,74.4,1.76,15.7,18.14,44.25,94.08,82.4,443704.352,512076.106,563835.943,23190.53,29406.0,32378.31,402259.183,42303.844,60045.235,209493.978,90416.126,41445.168,2185,14,1297,5.0,54.0,18.0,51,17.0,10.0,34.0,361,36.0,15.0,1.0,51.0,1.0,25.0,,50,64.0,81,,5056,812,924,44.0,106.0,32.0,142.0,51.0,22.0,91.0,1185,97.0,99.0,2.0,876.0,12.0,65.0,,51.0,212.0,233,3209,812,90.0,40.0,53.0,10.0,77.0,35.0,1.0,48.0,767,40.0,80.0,2.0,815.0,11.0,34.0,,12.0,139.0,143.0,1.8,106773,33503,2954.0,1573.0,1151.0,125.0,2133.0,2880.0,24.0,1653.0,22250,1397.0,2006.0,130.0,22518.0,473.0,838.0,,334.0,4055.0,6777,117658915.15,6868801.67,110790113.48,17584621.32,13637755.95,2170011.93,1776853.44,4876566.39,2052572.28,,,5678995.66,98014066.67,2750999.35,,82535.66,,4454332.55,,7147216.99,111607947.8,135494689.88,4536868.21,130957821.67,118505829.47,118755164.79,6970622.05,111535207.42,6.4,6.4,,,5.0,5.1,4.9,,4.0,,4.0,
3556909,0.744,0.676,0.84,0.726,0.35,0.0,1.43,7.0,28.6,19.29,5.93,732.14,270.15,2093.67,436.12,585.11,786.29,1576.7,0.21,75.41,1.9,14.1,16.33,39.85,94.65,83.9,425057.809,547752.424,705941.182,46388.5,67548.7,87056.5,374784.99,33887.394,150924.149,144839.52,45133.927,50272.819,928,7,569,2.0,16.0,6.0,16,8.0,5.0,14.0,144,7.0,11.0,1.0,32.0,,9.0,,32,27.0,22,,4539,233,448,5.0,24.0,12.0,74.0,28.0,5.0,22.0,667,26.0,115.0,37.0,2644.0,,65.0,,15.0,40.0,79,3713,233,71.0,2.0,9.0,2.0,53.0,18.0,,1.0,469,8.0,99.0,33.0,2590.0,,57.0,,6.0,8.0,54.0,3.0,225943,16965,2826.0,55.0,207.0,18.0,1843.0,1531.0,,212.0,14967,228.0,2646.0,2698.0,177163.0,,2294.0,,133.0,181.0,1977,61861483.32,2235696.27,59625787.05,6987269.84,6072117.01,915152.83,,59887.88,1864540.63,,,2635032.03,61540565.06,642938.65,,1223692.3,,1371613.02,,6872319.85,61870834.36,76325539.41,2595305.32,73730234.09,62367745.14,68743154.21,2235789.54,60131955.6,6.8,6.8,,,6.8,,6.8,,6.5,,6.5,
3556958,0.725,0.685,0.811,0.686,0.35,0.28,3.82,15.39,28.07,19.16,5.86,572.68,206.22,1607.29,342.38,459.82,632.37,1214.69,0.22,73.63,2.21,16.9,19.6,42.73,93.63,81.23,45178.636,47828.506,64481.075,24394.51,26660.26,35942.63,42274.072,7651.375,1930.555,18826.427,13865.715,2904.564,397,7,324,1.0,1.0,,2,,,2.0,37,,2.0,,2.0,,3.0,,6,4.0,6,,502,151,249,,1.0,,4.0,,,2.0,73,,2.0,,2.0,,3.0,,2.0,3.0,10,200,151,9.0,,,,1.0,,,,35,,,,,,1.0,,,,3.0,2.7,10091,8493,324.0,,,,3.0,,,,1037,,,,,,35.0,,,,198,25114675.68,1429305.97,23685369.71,1397906.26,1242258.15,127163.15,28484.96,43820.45,718197.18,,,15631.0,27604010.16,11683.12,,,,3032860.14,,4547140.9,23977420.89,32824108.31,3032860.14,29791248.17,25397055.92,28524561.79,1506974.27,23890081.65,6.8,6.8,,,6.1,,6.1,,4.5,,4.5,
3557006,0.767,0.747,0.838,0.72,0.4,0.8,3.89,15.37,31.03,16.32,7.6,703.99,200.91,2184.31,373.61,538.67,767.65,1638.67,0.29,75.3,1.79,14.74,16.52,41.72,94.66,83.94,3919236.248,4518921.679,5209654.121,31487.9,35325.33,40724.92,3383496.05,3661.49,932430.123,1897868.436,549536.002,535740.197,5613,13,134,13.0,315.0,86.0,500,199.0,120.0,382.0,1996,360.0,178.0,10.0,347.0,1.0,166.0,,262,365.0,166,5429.0,32730,2626,129,217.0,2092.0,293.0,1886.0,522.0,319.0,1401.0,8365,1527.0,3439.0,236.0,6548.0,1.0,423.0,,584.0,1257.0,865,26118,2626,2.0,196.0,1735.0,182.0,1376.0,164.0,87.0,916.0,6168,1057.0,3229.0,229.0,6087.0,,222.0,,367.0,803.0,672.0,2.6,1208833,207124,112.0,8738.0,54235.0,4909.0,34936.0,18299.0,2664.0,31431.0,222618,32620.0,179088.0,22985.0,308906.0,,10378.0,,9928.0,31452.0,28410,705226686.86,4335418.6,700891268.26,223532768.73,204060308.33,19416080.75,56379.65,40323136.09,5812000.02,,,8799994.0,418779939.0,22662483.81,,,,4702045.71,,16512400.19,778100924.85,724612367.36,4702045.71,719910321.65,756826546.3,794613325.04,4518958.82,752307587.48,6.5,6.5,,,5.4,,5.4,,4.7,,4.7,
3557105,0.79,0.744,0.857,0.772,0.49,0.74,3.29,10.45,41.22,14.05,11.74,977.39,240.71,4029.29,445.68,625.43,900.09,2692.19,0.43,76.44,1.69,12.6,14.61,38.56,95.19,85.36,3862539.651,4138149.397,4582202.643,40190.41,42822.91,47418.12,3449040.729,63921.381,720558.066,2277197.924,387363.358,413498.922,8355,13,2610,11.0,259.0,79.0,451,198.0,163.0,418.0,2062,249.0,144.0,5.0,471.0,5.0,130.0,,295,556.0,236,7914.0,39749,2718,2315,232.0,1654.0,337.0,2001.0,704.0,403.0,1155.0,9647,960.0,3315.0,100.0,8041.0,11.0,791.0,,511.0,3872.0,982,30406,2718,121.0,215.0,1335.0,237.0,1513.0,340.0,83.0,599.0,7259,621.0,3108.0,100.0,7479.0,5.0,602.0,,292.0,3156.0,623.0,2.3,1258523,176734,4510.0,15008.0,31452.0,6408.0,32368.0,31268.0,2665.0,22532.0,252482,21041.0,175584.0,7389.0,302142.0,186.0,17815.0,,9046.0,119682.0,30209,594530352.57,44096359.43,550433993.14,136729651.24,128538895.74,8184766.82,5988.68,27176851.34,31382877.25,,,68097076.1,401782535.87,16467101.12,3596281.62,4413087.42,,14157889.35,,52204659.52,572496413.96,703803351.31,22167258.39,681636092.92,615815708.89,624701073.48,46243655.38,569572053.51,6.7,6.7,,,5.7,5.8,5.7,,4.7,,4.5,
3557154,0.729,0.674,0.826,0.695,0.39,0.36,2.86,18.2,31.4,17.57,7.15,605.79,202.41,1902.35,329.64,472.38,635.81,1392.34,0.27,74.56,1.89,15.4,17.84,46.31,94.18,82.65,130188.73,146668.319,177562.313,46763.19,54483.03,65959.25,124637.781,60922.172,13184.488,29175.66,21355.46,5550.95,961,6,856,,3.0,3.0,9,1.0,2.0,4.0,34,3.0,2.0,,9.0,2.0,,,16,4.0,7,,1191,301,576,,4.0,4.0,30.0,1.0,4.0,4.0,100,3.0,4.0,,102.0,2.0,,,25.0,4.0,27,526,301,9.0,,,1.0,20.0,,,,65,,,,92.0,,,,19.0,,19.0,2.2,21151,13622,620.0,,19.0,,523.0,,,,1813,,,,3211.0,,,,493.0,,849,43696236.04,3149179.51,40547056.53,4690661.5,4627548.51,63112.99,,1501759.51,4124490.12,,,9572.07,42469082.98,72435.96,,,,875000.0,,5520211.45,42423431.29,53743002.14,875000.0,52868002.14,43995048.55,47943642.74,3164179.51,40830869.04,7.1,7.1,,,5.4,,5.4,,,,,
3557204,0.729,0.655,0.828,0.713,0.47,0.47,4.21,20.76,38.33,14.7,10.43,677.3,183.47,2596.24,314.35,449.28,653.82,1791.42,0.38,74.66,2.44,15.3,17.67,47.01,94.23,82.78,266344.771,379732.48,477220.027,21448.28,31097.57,39081.16,242253.144,26826.392,20929.378,129521.785,64975.589,24091.627,713,8,303,2.0,15.0,9.0,31,12.0,7.0,21.0,134,10.0,10.0,5.0,51.0,1.0,12.0,,43,27.0,12,,2964,445,174,1.0,23.0,13.0,78.0,49.0,11.0,56.0,451,25.0,18.0,92.0,564.0,9.0,106.0,,51.0,773.0,25,2351,445,11.0,,8.0,5.0,39.0,38.0,,35.0,299,13.0,5.0,91.0,486.0,7.0,93.0,,30.0,737.0,9.0,2.4,106713,22890,364.0,,182.0,149.0,1242.0,3561.0,,739.0,9305,159.0,112.0,16449.0,14549.0,207.0,3234.0,,798.0,32342.0,429,64760316.94,5205435.74,59554881.2,10323633.6,9729565.02,594068.58,,220790.33,640160.11,,,1766207.05,65417434.92,3840921.61,,76361.16,,,,5537865.07,64325529.42,82285508.78,76361.16,82209147.62,68508097.77,69863394.49,5351489.57,63156608.2,5.9,5.9,,,4.8,4.7,4.8,,4.0,,4.0,
3557303,0.74,0.695,0.815,0.716,0.41,0.82,1.91,15.32,33.14,16.82,7.88,686.89,212.96,2276.22,364.76,524.15,709.41,1628.5,0.3,73.87,1.97,16.5,19.13,40.3,93.77,81.6,389432.135,444697.274,532211.875,33843.06,39371.16,47119.25,342102.311,55493.171,92781.439,133306.477,60521.225,47329.824,762,5,335,1.0,24.0,6.0,40,12.0,11.0,19.0,129,20.0,17.0,2.0,42.0,3.0,9.0,,46,17.0,24,,3119,497,618,17.0,97.0,7.0,153.0,32.0,25.0,34.0,413,291.0,32.0,,623.0,,12.0,,20.0,30.0,218,2388,497,355.0,14.0,71.0,,103.0,19.0,,11.0,261,253.0,11.0,,568.0,,6.0,,7.0,17.0,195.0,2.4,103400,22743,12620.0,657.0,1955.0,10.0,3018.0,1324.0,3.0,324.0,6182,8894.0,340.0,,35464.0,,172.0,,170.0,777.0,8745,75592429.95,9590094.88,66002335.07,15961150.55,12366007.04,3594523.66,619.85,1356727.78,1231107.44,,,671500.82,69111407.84,1704120.09,,,,3026330.5,,10720783.09,71647270.33,93062345.02,3026330.5,90036014.52,81552729.65,82368053.42,10160142.59,71392587.06,6.3,6.3,,,5.0,5.0,,,4.3,,4.3,
