CD_MUN,V11000001,V11000002,V11000003,V11000004,V11000005,V11000006,V11000007,V11000008,V11000009,V11000010,V11000011,V11000012,V11000013,V11000014,V11000015,V11000016,V11000017,V11000018,V11000019,V11000020,V11000021,V11000022,V11000023,V11000024,V11000025,V11000026,V11000027,V11000028,V11000029,V11000030,V11000031,V11000032,V11000033,V11000034,V11000035,V11000036,V11000037,V11000038,V11000039,V11000040,V11000041,V11000042,V11000043,V11000044,V11000045,V11000046,V11000047,V11000048,V11000049,V11000050,V11000051,V11000052,V11000053,V11000054,V11000055,V11000056,V11000057,V11000058,V11000059,V11000060,V11000061,V11000062,V11000063,V11000064,V11000065,V11000066,V11000067,V11000068,V11000069,V11000070,V11000071,V11000072,V11000073,V11000074,V11000075,V11000076,V11000077,V11000078,V11000079,V11000080,V11000081,V11000082,V11000083,V11000084,V11000085,V11000086,V11000087,V11000088,V11000089,V11000090,V11000091,V11000092,V11000093,V11000094,V11000095,V11000096,V11000097,V11000098,V11000099,V11000100,V11000101,V11000102,V11000103,V11000104,V11000105,V11000106,V11000107,V11000108,V11000109,V11000110,V11000111,V11000112,V11000113,V11000114,V11000115,V11000116,V11000117,V11000118,V11000119,V11000120,V11000121,V11000122,V11000123,V11000124,V11000125,V11000126,V11000127,V11000128,V11000129,V11000130,V11000131,V11000132,V11000133,V11000134,V11000135,V11000136,V11000137,V11000138,V11000139,V11000140,V11000141,V11000142,V11000143,V11000144,V11000145,V11000146,V11000147,V11000148,V11000149,V11000150,V11000151,V11000152,V11000153,V11000154,V11000155,V11000156,V11000157,V11000158,V11000159,V11000160,V11000161,V11000162,V11000163,V11000164,V11000165,V11000166,V11000167,V11000168,V11000169,V11000170,V11000171,V11000172,V11000173,V11000174,V11000175,V11000176,V11000177,V11000178,V11000179,V11000180,V11000181,V11000182,V11000183,V11000184,V11000185,V11000186,V11000187,V11000188,V11000189,V11000190,V11000191,V11000192,V11000193,V11000194,V11000195,V11000196,V11000197,V11000198,V11000199,V11000200,V11000201,V11000202,V11000203,V11000204,V11000205,V11000206,V11000207,V11000208,V11000209,V11000210,V11000211,V11000212,V11000213,V11000214,V11000215,V11000216,V11000217,V11000218,V11000219,V11000220,V11000221,V11000222,V11000223,V11000224,V11000225,V11000226,V11000227,V11000228,V11000229,V11000230,V11000231,V11000232,V11000233,V11000234,V11000235,V11000236,V11000237,V11000238,V11000239,V11000240,V11000241,V11000242,V11000243,V11000244
3500105,0.0,0.0,0.0,0.0,0.0,0.0,0.0,0.0,0.0,34687.0,0.0,34687.0,0.0,0.0,0.0,0.0,0.0,0.0,0.0,0.0,0.0,0.0,0.0,0.0,0.0,0.0,0.0,0.0,0.0,0.0,0.0,0.0,0.0,0.0,0.0,0.0,0.0,0.0,0.0,0.0,0.0,0.0,96.68,3.32,48.16,51.84,5.08,5.01,5.09,5.52,6.31,6.46,7.56,7.47,7.37,6.95,7.01,7.12,6.6,5.3,4.11,3.1,2.17,1.16,0.49,0.12,0.01,100.0,0.0,100.0,0.0,0.0,0.0,0.0,0.0,0.0,0.0,0.0,0.0,0.0,0.0,0.0,0.0,0.0,0.0,0.0,0.0,0.0,0.0,0.0,0.0,0.0,0.0,0.0,0.0,0.0,0.0,0.0,0.0,0.0,0.0,0.0,0.0,0.0,0.0,0.0,0.0,0.0,0.0,0.0,0.0,0.0,0.0,0.0,0.0,0.0,0.0,0.0,0.0,0.0,0.0,0.0,0.0,0.0,0.0,0.0,0.0,0.0,0.0,0.0,0.0,0.0,0.0,0.0,0.0,0.0,0.0,0.0,0.0,0.0,0.0,0.0,0.0,0.0,0.0,0.0,0.0,0.0,0.0,0.0,0.0,0.0,0.0,0.0,33536.0,1151.0,16705.0,17982.0,1763.0,1739.0,1766.0,1916.0,2188.0,2240.0,2621.0,2591.0,2556.0,2412.0,2430.0,2470.0,2290.0,1838.0,1424.0,1074.0,751.0,403.0,169.0,41.0,5.0,34687.0,0.0,34687.0,96.58,94.11,97.03,96.0,99.31,99.28,99.04,98.93,97.29,96.72,82.19,89.1,99.09,96.49,0.0,96.49,0.0,0.0,0.0,0.0,0.0,0.0,0.0,0.0,0.0,0.0,0.0,0.0,0.0,0.0,0.0,0.0,40.0,47.0,40.0,0.0,40.0,92.16,117.17,92.9,0.0,92.9,149.72,222.15,151.77,0.0,151.77,0.0,0.0,0.0,0.0,0.0,0.0,0.0,0.0,0.0,0.0,0.0,0.0,0.0,0.0,0.0
3500204,0.0,0.0,0.0,0.0,0.0,0.0,0.0,0.0,0.0,4351.0,0.0,4351.0,0.0,0.0,0.0,0.0,0.0,0.0,0.0,0.0,0.0,0.0,0.0,0.0,0.0,0.0,0.0,0.0,0.0,0.0,0.0,0.0,0.0,0.0,0.0,0.0,0.0,0.0,0.0,0.0,0.0,0.0,92.05,7.95,49.48,50.52,5.56,6.69,5.7,6.23,5.84,6.62,6.85,7.45,6.55,6.04,7.06,7.61,6.34,5.68,4.09,3.1,1.49,0.55,0.44,0.11,0.0,100.0,0.0,100.0,0.0,0.0,0.0,0.0,0.0,0.0,0.0,0.0,0.0,0.0,0.0,0.0,0.0,0.0,0.0,0.0,0.0,0.0,0.0,0.0,0.0,0.0,0.0,0.0,0.0,0.0,0.0,0.0,0.0,0.0,0.0,0.0,0.0,0.0,0.0,0.0,0.0,0.0,0.0,0.0,0.0,0.0,0.0,0.0,0.0,0.0,0.0,0.0,0.0,0.0,0.0,0.0,0.0,0.0,0.0,0.0,0.0,0.0,0.0,0.0,0.0,0.0,0.0,0.0,0.0,0.0,0.0,0.0,0.0,0.0,0.0,0.0,0.0,0.0,0.0,0.0,0.0,0.0,0.0,0.0,0.0,0.0,0.0,0.0,4005.0,346.0,2153.0,2198.0,242.0,291.0,248.0,271.0,254.0,288.0,298.0,324.0,285.0,263.0,307.0,331.0,276.0,247.0,178.0,135.0,65.0,24.0,19.0,5.0,0.0,4351.0,0.0,4351.0,93.06,95.09,93.95,92.53,97.64,97.44,97.58,95.57,94.21,92.92,70.56,83.36,98.11,93.22,0.0,93.22,0.0,0.0,0.0,0.0,0.0,0.0,0.0,0.0,0.0,0.0,0.0,0.0,0.0,0.0,0.0,0.0,39.0,44.0,39.0,0.0,39.0,98.37,93.3,97.95,0.0,97.95,121.11,126.23,121.51,0.0,121.51,0.0,0.0,0.0,0.0,0.0,0.0,0.0,0.0,0.0,0.0,0.0,0.0,0.0,0.0,0.0
3500303,0.0,0.0,0.0,0.0,0.0,0.0,0.0,0.0,0.0,32072.0,0.0,32072.0,0.0,0.0,0.0,0.0,0.0,0.0,0.0,0.0,0.0,0.0,0.0,0.0,0.0,0.0,0.0,0.0,0.0,0.0,0.0,0.0,0.0,0.0,0.0,0.0,0.0,0.0,0.0,0.0,0.0,0.0,93.21,6.79,49.51,50.49,6.14,6.43,6.62,6.8,7.36,7.52,7.21,7.94,7.64,6.68,6.25,5.98,5.53,4.39,3.34,1.94,1.18,0.65,0.32,0.08,0.0,100.0,0.0,100.0,0.0,0.0,0.0,0.0,0.0,0.0,0.0,0.0,0.0,0.0,0.0,0.0,0.0,0.0,0.0,0.0,0.0,0.0,0.0,0.0,0.0,0.0,0.0,0.0,0.0,0.0,0.0,0.0,0.0,0.0,0.0,0.0,0.0,0.0,0.0,0.0,0.0,0.0,0.0,0.0,0.0,0.0,0.0,0.0,0.0,0.0,0.0,0.0,0.0,0.0,0.0,0.0,0.0,0.0,0.0,0.0,0.0,0.0,0.0,0.0,0.0,0.0,0.0,0.0,0.0,0.0,0.0,0.0,0.0,0.0,0.0,0.0,0.0,0.0,0.0,0.0,0.0,0.0,0.0,0.0,0.0,0.0,0.0,0.0,29895.0,2177.0,15878.0,16194.0,1970.0,2061.0,2124.0,2180.0,2360.0,2411.0,2311.0,2546.0,2451.0,2144.0,2006.0,1919.0,1772.0,1409.0,1071.0,622.0,380.0,207.0,102.0,25.0,1.0,32072.0,0.0,32072.0,95.08,94.34,95.13,94.94,98.77,98.69,99.03,96.84,94.24,92.77,82.65,86.66,98.81,95.03,0.0,95.03,0.0,0.0,0.0,0.0,0.0,0.0,0.0,0.0,0.0,0.0,0.0,0.0,0.0,0.0,0.0,0.0,36.0,35.0,36.0,0.0,36.0,97.09,112.18,98.05,0.0,98.05,93.9,56.89,90.8,0.0,90.8,0.0,0.0,0.0,0.0,0.0,0.0,0.0,0.0,0.0,0.0,0.0,0.0,0.0,0.0,0.0
3500402,0.0,0.0,0.0,0.0,0.0,0.0,0.0,0.0,0.0,7369.0,0.0,7369.0,0.0,0.0,0.0,0.0,0.0,0.0,0.0,0.0,0.0,0.0,0.0,0.0,0.0,0.0,0.0,0.0,0.0,0.0,0.0,0.0,0.0,0.0,0.0,0.0,0.0,0.0,0.0,0.0,0.0,0.0,87.65,12.35,47.98,52.02,4.65,5.73,5.2,5.16,5.36,5.39,6.2,7.22,7.17,6.85,6.17,7.22,7.27,6.99,4.78,3.42,2.51,1.61,0.88,0.19,0.03,100.0,0.0,100.0,0.0,0.0,0.0,0.0,0.0,0.0,0.0,0.0,0.0,0.0,0.0,0.0,0.0,0.0,0.0,0.0,0.0,0.0,0.0,0.0,0.0,0.0,0.0,0.0,0.0,0.0,0.0,0.0,0.0,0.0,0.0,0.0,0.0,0.0,0.0,0.0,0.0,0.0,0.0,0.0,0.0,0.0,0.0,0.0,0.0,0.0,0.0,0.0,0.0,0.0,0.0,0.0,0.0,0.0,0.0,0.0,0.0,0.0,0.0,0.0,0.0,0.0,0.0,0.0,0.0,0.0,0.0,0.0,0.0,0.0,0.0,0.0,0.0,0.0,0.0,0.0,0.0,0.0,0.0,0.0,0.0,0.0,0.0,0.0,6459.0,910.0,3536.0,3833.0,343.0,422.0,383.0,380.0,395.0,397.0,457.0,532.0,528.0,505.0,455.0,532.0,536.0,515.0,352.0,252.0,185.0,119.0,65.0,14.0,2.0,7369.0,0.0,7369.0,96.88,96.65,97.22,96.51,99.24,99.65,99.58,98.49,98.23,97.66,88.38,91.42,98.57,96.85,0.0,96.85,0.0,0.0,0.0,0.0,0.0,0.0,0.0,0.0,0.0,0.0,0.0,0.0,0.0,0.0,0.0,0.0,43.0,41.0,43.0,0.0,43.0,90.08,109.2,92.25,0.0,92.25,185.99,127.61,177.7,0.0,177.7,0.0,0.0,0.0,0.0,0.0,0.0,0.0,0.0,0.0,0.0,0.0,0.0,0.0,0.0,0.0
3500501,0.0,0.0,0.0,0.0,0.0,0.0,0.0,0.0,0.0,17930.0,0.0,17930.0,0.0,0.0,0.0,0.0,0.0,0.0,0.0,0.0,0.0,0.0,0.0,0.0,0.0,0.0,0.0,0.0,0.0,0.0,0.0,0.0,0.0,0.0,0.0,0.0,0.0,0.0,0.0,0.0,0.0,0.0,87.16,12.84,48.64,51.36,4.48,5.26,5.72,5.83,6.0,6.33,6.54,7.45,8.17,7.18,7.21,7.03,6.42,5.53,4.42,2.8,1.87,1.12,0.55,0.11,0.0,100.0,0.0,100.0,0.0,0.0,0.0,0.0,0.0,0.0,0.0,0.0,0.0,0.0,0.0,0.0,0.0,0.0,0.0,0.0,0.0,0.0,0.0,0.0,0.0,0.0,0.0,0.0,0.0,0.0,0.0,0.0,0.0,0.0,0.0,0.0,0.0,0.0,0.0,0.0,0.0,0.0,0.0,0.0,0.0,0.0,0.0,0.0,0.0,0.0,0.0,0.0,0.0,0.0,0.0,0.0,0.0,0.0,0.0,0.0,0.0,0.0,0.0,0.0,0.0,0.0,0.0,0.0,0.0,0.0,0.0,0.0,0.0,0.0,0.0,0.0,0.0,0.0,0.0,0.0,0.0,0.0,0.0,0.0,0.0,0.0,0.0,0.0,15627.0,2303.0,8721.0,9209.0,803.0,943.0,1025.0,1045.0,1076.0,1135.0,1172.0,1336.0,1465.0,1287.0,1293.0,1261.0,1151.0,991.0,792.0,502.0,335.0,200.0,98.0,20.0,0.0,17930.0,0.0,17930.0,96.48,95.96,96.43,96.39,98.98,99.09,99.38,98.46,97.02,95.94,86.23,90.27,98.99,96.41,0.0,96.41,0.0,0.0,0.0,0.0,0.0,0.0,0.0,0.0,0.0,0.0,0.0,0.0,0.0,0.0,0.0,0.0,41.0,39.0,41.0,0.0,41.0,92.95,107.48,94.7,0.0,94.7,153.77,113.03,147.56,0.0,147.56,0.0,0.0,0.0,0.0,0.0,0.0,0.0,0.0,0.0,0.0,0.0,0.0,0.0,0.0,0.0
3500550,0.0,0.0,0.0,0.0,0.0,0.0,0.0,0.0,0.0,7177.0,0.0,7177.0,0.0,0.0,0.0,0.0,0.0,0.0,0.0,0.0,0.0,0.0,0.0,0.0,0.0,0.0,0.0,0.0,0.0,0.0,0.0,0.0,0.0,0.0,0.0,0.0,0.0,0.0,0.0,0.0,0.0,0.0,87.99,12.01,49.85,50.15,5.25,6.41,6.92,6.74,5.89,6.02,6.38,6.7,6.94,7.11,6.51,6.87,6.63,5.49,4.47,2.54,1.81,0.81,0.4,0.08,0.01,100.0,0.0,100.0,0.0,0.0,0.0,0.0,0.0,0.0,0.0,0.0,0.0,0.0,0.0,0.0,0.0,0.0,0.0,0.0,0.0,0.0,0.0,0.0,0.0,0.0,0.0,0.0,0.0,0.0,0.0,0.0,0.0,0.0,0.0,0.0,0.0,0.0,0.0,0.0,0.0,0.0,0.0,0.0,0.0,0.0,0.0,0.0,0.0,0.0,0.0,0.0,0.0,0.0,0.0,0.0,0.0,0.0,0.0,0.0,0.0,0.0,0.0,0.0,0.0,0.0,0.0,0.0,0.0,0.0,0.0,0.0,0.0,0.0,0.0,0.0,0.0,0.0,0.0,0.0,0.0,0.0,0.0,0.0,0.0,0.0,0.0,0.0,6315.0,862.0,3578.0,3599.0,377.0,460.0,497.0,484.0,423.0,432.0,458.0,481.0,498.0,510.0,467.0,493.0,476.0,394.0,321.0,182.0,130.0,58.0,29.0,6.0,1.0,7177.0,0.0,7177.0,95.87,93.87,95.97,95.32,98.82,98.43,99.0,97.45,95.39,95.36,85.22,89.65,98.91,95.64,0.0,95.64,0.0,0.0,0.0,0.0,0.0,0.0,0.0,0.0,0.0,0.0,0.0,0.0,0.0,0.0,0.0,0.0,40.0,38.0,39.0,0.0,39.0,97.9,111.27,99.42,0.0,99.42,122.47,101.69,119.72,0.0,119.72,0.0,0.0,0.0,0.0,0.0,0.0,0.0,0.0,0.0,0.0,0.0,0.0,0.0,0.0,0.0
3500600,0.0,0.0,0.0,0.0,0.0,0.0,0.0,0.0,0.0,2780.0,0.0,2780.0,0.0,0.0,0.0,0.0,0.0,0.0,0.0,0.0,0.0,0.0,0.0,0.0,0.0,0.0,0.0,0.0,0.0,0.0,0.0,0.0,0.0,0.0,0.0,0.0,0.0,0.0,0.0,0.0,0.0,0.0,100.0,0.0,46.37,53.63,3.49,4.32,5.36,4.75,5.72,4.93,5.14,6.22,6.76,6.44,6.55,6.37,9.06,7.63,6.15,4.28,3.88,1.98,0.72,0.22,0.04,100.0,0.0,100.0,0.0,0.0,0.0,0.0,0.0,0.0,0.0,0.0,0.0,0.0,0.0,0.0,0.0,0.0,0.0,0.0,0.0,0.0,0.0,0.0,0.0,0.0,0.0,0.0,0.0,0.0,0.0,0.0,0.0,0.0,0.0,0.0,0.0,0.0,0.0,0.0,0.0,0.0,0.0,0.0,0.0,0.0,0.0,0.0,0.0,0.0,0.0,0.0,0.0,0.0,0.0,0.0,0.0,0.0,0.0,0.0,0.0,0.0,0.0,0.0,0.0,0.0,0.0,0.0,0.0,0.0,0.0,0.0,0.0,0.0,0.0,0.0,0.0,0.0,0.0,0.0,0.0,0.0,0.0,0.0,0.0,0.0,0.0,0.0,2780.0,0.0,1289.0,1491.0,97.0,120.0,149.0,132.0,159.0,137.0,143.0,173.0,188.0,179.0,182.0,177.0,252.0,212.0,171.0,119.0,108.0,55.0,20.0,6.0,1.0,2780.0,0.0,2780.0,98.76,0.0,98.65,98.85,99.37,98.57,98.51,98.89,98.06,99.77,98.38,98.27,100.0,98.76,0.0,98.76,0.0,0.0,0.0,0.0,0.0,0.0,0.0,0.0,0.0,0.0,0.0,0.0,0.0,0.0,0.0,0.0,47.0,0.0,47.0,0.0,47.0,86.45,0.0,86.45,0.0,86.45,257.92,0.0,257.92,0.0,257.92,0.0,0.0,0.0,0.0,0.0,0.0,0.0,0.0,0.0,0.0,0.0,0.0,0.0,0.0,0.0
3500709,100.0,0.0,100.0,275.0,0.0,275.0,0.73,0.0,0.73,37680.0,0.0,37680.0,100.0,0.0,100.0,100.0,0.0,100.0,100.0,0.0,100.0,132.0,0.0,132.0,380.0,0.0,380.0,275.0,0.0,275.0,2.88,0.0,2.88,2.08,0.0,2.08,1.02,0.0,1.02,72.37,0.0,72.37,95.68,4.32,48.99,51.01,6.2,6.7,6.78,6.36,6.93,7.27,7.49,7.96,7.96,7.26,6.31,5.7,5.26,4.31,3.09,2.01,1.36,0.7,0.27,0.07,0.0,100.0,0.0,100.0,100.0,0.0,50.91,49.09,6.18,6.18,7.64,6.55,8.0,5.45,6.91,9.82,9.09,8.36,6.55,5.82,3.27,3.27,2.18,2.91,1.09,0.73,0.0,0.0,0.0,100.0,0.0,100.0,275.0,0.0,140.0,135.0,17.0,17.0,21.0,18.0,22.0,15.0,19.0,27.0,25.0,23.0,18.0,16.0,9.0,9.0,6.0,8.0,3.0,2.0,0.0,0.0,0.0,275.0,0.0,275.0,0.76,0.0,0.76,0.7,0.73,0.67,0.82,0.75,0.84,0.55,0.67,0.9,0.83,0.84,0.76,0.74,0.45,0.55,0.52,1.06,0.59,0.75,0.0,0.0,0.0,0.73,0.0,0.73,36054.0,1626.0,18461.0,19219.0,2338.0,2525.0,2556.0,2396.0,2613.0,2740.0,2822.0,2998.0,3000.0,2735.0,2378.0,2149.0,1981.0,1624.0,1165.0,758.0,511.0,265.0,101.0,25.0,0.0,37680.0,0.0,37680.0,96.41,91.31,96.61,95.79,99.16,98.9,98.86,98.52,96.79,94.24,83.92,87.73,98.11,96.19,0.0,96.19,90.91,0.0,90.65,91.15,95.45,94.12,100.0,96.15,97.56,84.0,53.85,64.29,100.0,90.91,0.0,90.91,36.0,38.0,36.0,0.0,36.0,95.0,122.74,96.06,0.0,96.06,85.86,104.31,86.67,0.0,86.67,36.0,0.0,36.0,0.0,36.0,103.7,0.0,103.7,0.0,103.7,67.27,0.0,67.27,0.0,67.27
3500758,0.0,0.0,0.0,0.0,0.0,0.0,0.0,0.0,0.0,6141.0,0.0,6141.0,0.0,0.0,0.0,0.0,0.0,0.0,0.0,0.0,0.0,0.0,0.0,0.0,0.0,0.0,0.0,0.0,0.0,0.0,0.0,0.0,0.0,0.0,0.0,0.0,0.0,0.0,0.0,0.0,0.0,0.0,74.22,25.78,50.46,49.54,5.98,6.81,7.1,6.56,7.08,7.05,7.23,8.44,7.51,6.55,5.65,5.63,6.03,5.15,3.65,1.81,1.01,0.55,0.16,0.03,0.03,100.0,0.0,100.0,0.0,0.0,0.0,0.0,0.0,0.0,0.0,0.0,0.0,0.0,0.0,0.0,0.0,0.0,0.0,0.0,0.0,0.0,0.0,0.0,0.0,0.0,0.0,0.0,0.0,0.0,0.0,0.0,0.0,0.0,0.0,0.0,0.0,0.0,0.0,0.0,0.0,0.0,0.0,0.0,0.0,0.0,0.0,0.0,0.0,0.0,0.0,0.0,0.0,0.0,0.0,0.0,0.0,0.0,0.0,0.0,0.0,0.0,0.0,0.0,0.0,0.0,0.0,0.0,0.0,0.0,0.0,0.0,0.0,0.0,0.0,0.0,0.0,0.0,0.0,0.0,0.0,0.0,0.0,0.0,0.0,0.0,0.0,0.0,4558.0,1583.0,3099.0,3042.0,367.0,418.0,436.0,403.0,435.0,433.0,444.0,518.0,461.0,402.0,347.0,346.0,370.0,316.0,224.0,111.0,62.0,34.0,10.0,2.0,2.0,6141.0,0.0,6141.0,95.25,95.85,96.04,94.77,99.31,99.09,99.14,98.06,95.99,92.32,73.3,85.68,100.0,95.41,0.0,95.41,0.0,0.0,0.0,0.0,0.0,0.0,0.0,0.0,0.0,0.0,0.0,0.0,0.0,0.0,0.0,0.0,35.0,38.0,36.0,0.0,36.0,102.85,99.12,101.87,0.0,101.87,86.65,110.42,92.63,0.0,92.63,0.0,0.0,0.0,0.0,0.0,0.0,0.0,0.0,0.0,0.0,0.0,0.0,0.0,0.0,0.0
3500808,0.0,0.0,0.0,0.0,0.0,0.0,0.0,0.0,0.0,4445.0,0.0,4445.0,0.0,0.0,0.0,0.0,0.0,0.0,0.0,0.0,0.0,0.0,0.0,0.0,0.0,0.0,0.0,0.0,0.0,0.0,0.0,0.0,0.0,0.0,0.0,0.0,0.0,0.0,0.0,0.0,0.0,0.0,84.16,15.84,49.72,50.28,5.47,5.62,5.87,5.56,6.21,6.23,6.43,6.52,7.31,6.84,7.06,6.75,6.86,4.93,4.16,4.09,2.14,1.12,0.7,0.11,0.0,100.0,0.0,100.0,0.0,0.0,0.0,0.0,0.0,0.0,0.0,0.0,0.0,0.0,0.0,0.0,0.0,0.0,0.0,0.0,0.0,0.0,0.0,0.0,0.0,0.0,0.0,0.0,0.0,0.0,0.0,0.0,0.0,0.0,0.0,0.0,0.0,0.0,0.0,0.0,0.0,0.0,0.0,0.0,0.0,0.0,0.0,0.0,0.0,0.0,0.0,0.0,0.0,0.0,0.0,0.0,0.0,0.0,0.0,0.0,0.0,0.0,0.0,0.0,0.0,0.0,0.0,0.0,0.0,0.0,0.0,0.0,0.0,0.0,0.0,0.0,0.0,0.0,0.0,0.0,0.0,0.0,0.0,0.0,0.0,0.0,0.0,0.0,3741.0,704.0,2210.0,2235.0,243.0,250.0,261.0,247.0,276.0,277.0,286.0,290.0,325.0,304.0,314.0,300.0,305.0,219.0,185.0,182.0,95.0,50.0,31.0,5.0,0.0,4445.0,0.0,4445.0,94.4,95.85,95.73,93.56,98.91,99.11,99.28,98.37,96.12,95.04,77.96,83.83,99.07,94.64,0.0,94.64,0.0,0.0,0.0,0.0,0.0,0.0,0.0,0.0,0.0,0.0,0.0,0.0,0.0,0.0,0.0,0.0,40.0,48.0,41.0,0.0,41.0,95.35,120.0,98.88,0.0,98.88,130.67,215.69,142.18,0.0,142.18,0.0,0.0,0.0,0.0,0.0,0.0,0.0,0.0,0.0,0.0,0.0,0.0,0.0,0.0,0.0
3500907,0.0,0.0,0.0,0.0,0.0,0.0,0.0,0.0,0.0,3451.0,0.0,3451.0,0.0,0.0,0.0,0.0,0.0,0.0,0.0,0.0,0.0,0.0,0.0,0.0,0.0,0.0,0.0,0.0,0.0,0.0,0.0,0.0,0.0,0.0,0.0,0.0,0.0,0.0,0.0,0.0,0.0,0.0,85.86,14.14,50.77,49.23,5.77,6.84,6.49,6.58,7.1,6.61,7.42,7.68,8.58,6.66,6.4,6.23,5.19,4.11,3.27,2.69,1.39,0.58,0.38,0.03,0.0,100.0,0.0,100.0,0.0,0.0,0.0,0.0,0.0,0.0,0.0,0.0,0.0,0.0,0.0,0.0,0.0,0.0,0.0,0.0,0.0,0.0,0.0,0.0,0.0,0.0,0.0,0.0,0.0,0.0,0.0,0.0,0.0,0.0,0.0,0.0,0.0,0.0,0.0,0.0,0.0,0.0,0.0,0.0,0.0,0.0,0.0,0.0,0.0,0.0,0.0,0.0,0.0,0.0,0.0,0.0,0.0,0.0,0.0,0.0,0.0,0.0,0.0,0.0,0.0,0.0,0.0,0.0,0.0,0.0,0.0,0.0,0.0,0.0,0.0,0.0,0.0,0.0,0.0,0.0,0.0,0.0,0.0,0.0,0.0,0.0,0.0,0.0,2963.0,488.0,1752.0,1699.0,199.0,236.0,224.0,227.0,245.0,228.0,256.0,265.0,296.0,230.0,221.0,215.0,179.0,142.0,113.0,93.0,48.0,20.0,13.0,1.0,0.0,3451.0,0.0,3451.0,92.2,94.75,92.15,92.97,96.73,96.9,99.28,93.23,94.68,90.36,73.14,80.93,97.75,92.55,0.0,92.55,0.0,0.0,0.0,0.0,0.0,0.0,0.0,0.0,0.0,0.0,0.0,0.0,0.0,0.0,0.0,0.0,37.0,37.0,37.0,0.0,37.0,102.39,107.66,103.12,0.0,103.12,97.1,68.22,92.41,0.0,92.41,0.0,0.0,0.0,0.0,0.0,0.0,0.0,0.0,0.0,0.0,0.0,0.0,0.0,0.0,0.0
3501004,0.0,0.0,0.0,0.0,0.0,0.0,0.0,0.0,0.0,16818.0,0.0,16818.0,0.0,0.0,0.0,0.0,0.0,0.0,0.0,0.0,0.0,0.0,0.0,0.0,0.0,0.0,0.0,0.0,0.0,0.0,0.0,0.0,0.0,0.0,0.0,0.0,0.0,0.0,0.0,0.0,0.0,0.0,90.55,9.45,49.28,50.72,5.86,6.35,6.18,6.14,6.94,7.39,7.13,7.71,8.01,6.38,5.92,6.18,5.51,5.02,3.58,2.6,1.68,0.92,0.43,0.07,0.01,100.0,0.0,100.0,0.0,0.0,0.0,0.0,0.0,0.0,0.0,0.0,0.0,0.0,0.0,0.0,0.0,0.0,0.0,0.0,0.0,0.0,0.0,0.0,0.0,0.0,0.0,0.0,0.0,0.0,0.0,0.0,0.0,0.0,0.0,0.0,0.0,0.0,0.0,0.0,0.0,0.0,0.0,0.0,0.0,0.0,0.0,0.0,0.0,0.0,0.0,0.0,0.0,0.0,0.0,0.0,0.0,0.0,0.0,0.0,0.0,0.0,0.0,0.0,0.0,0.0,0.0,0.0,0.0,0.0,0.0,0.0,0.0,0.0,0.0,0.0,0.0,0.0,0.0,0.0,0.0,0.0,0.0,0.0,0.0,0.0,0.0,0.0,15228.0,1590.0,8288.0,8530.0,986.0,1068.0,1039.0,1032.0,1168.0,1243.0,1199.0,1296.0,1347.0,1073.0,996.0,1039.0,927.0,844.0,602.0,437.0,282.0,154.0,73.0,12.0,1.0,16818.0,0.0,16818.0,95.15,93.41,95.49,94.5,99.23,98.81,99.03,98.03,95.41,92.62,79.14,85.49,99.28,94.99,0.0,94.99,0.0,0.0,0.0,0.0,0.0,0.0,0.0,0.0,0.0,0.0,0.0,0.0,0.0,0.0,0.0,0.0,37.0,36.0,37.0,0.0,37.0,95.61,113.42,97.16,0.0,97.16,110.93,80.91,107.73,0.0,107.73,0.0,0.0,0.0,0.0,0.0,0.0,0.0,0.0,0.0,0.0,0.0,0.0,0.0,0.0,0.0
3501103,0.0,0.0,0.0,0.0,0.0,0.0,0.0,0.0,0.0,3841.0,0.0,3841.0,0.0,0.0,0.0,0.0,0.0,0.0,0.0,0.0,0.0,0.0,0.0,0.0,0.0,0.0,0.0,0.0,0.0,0.0,0.0,0.0,0.0,0.0,0.0,0.0,0.0,0.0,0.0,0.0,0.0,0.0,80.73,19.27,50.22,49.78,4.35,4.95,5.75,5.21,5.34,5.18,6.4,6.93,7.76,6.95,6.9,7.26,7.06,5.88,5.88,3.88,2.58,1.12,0.49,0.13,0.0,100.0,0.0,100.0,0.0,0.0,0.0,0.0,0.0,0.0,0.0,0.0,0.0,0.0,0.0,0.0,0.0,0.0,0.0,0.0,0.0,0.0,0.0,0.0,0.0,0.0,0.0,0.0,0.0,0.0,0.0,0.0,0.0,0.0,0.0,0.0,0.0,0.0,0.0,0.0,0.0,0.0,0.0,0.0,0.0,0.0,0.0,0.0,0.0,0.0,0.0,0.0,0.0,0.0,0.0,0.0,0.0,0.0,0.0,0.0,0.0,0.0,0.0,0.0,0.0,0.0,0.0,0.0,0.0,0.0,0.0,0.0,0.0,0.0,0.0,0.0,0.0,0.0,0.0,0.0,0.0,0.0,0.0,0.0,0.0,0.0,0.0,0.0,3101.0,740.0,1929.0,1912.0,167.0,190.0,221.0,200.0,205.0,199.0,246.0,266.0,298.0,267.0,265.0,279.0,271.0,226.0,226.0,149.0,99.0,43.0,19.0,5.0,0.0,3841.0,0.0,3841.0,93.98,95.45,94.58,93.96,98.54,99.1,100.0,95.74,95.68,95.45,79.37,86.05,98.81,94.27,0.0,94.27,0.0,0.0,0.0,0.0,0.0,0.0,0.0,0.0,0.0,0.0,0.0,0.0,0.0,0.0,0.0,0.0,42.0,50.0,43.0,0.0,43.0,100.06,104.42,100.89,0.0,100.89,165.13,247.06,179.58,0.0,179.58,0.0,0.0,0.0,0.0,0.0,0.0,0.0,0.0,0.0,0.0,0.0,0.0,0.0,0.0,0.0
3501152,0.0,0.0,0.0,0.0,0.0,0.0,0.0,0.0,0.0,17301.0,0.0,17301.0,0.0,0.0,0.0,0.0,0.0,0.0,0.0,0.0,0.0,0.0,0.0,0.0,0.0,0.0,0.0,0.0,0.0,0.0,0.0,0.0,0.0,0.0,0.0,0.0,0.0,0.0,0.0,0.0,0.0,0.0,96.28,3.72,49.69,50.31,6.17,6.86,6.72,7.46,7.56,7.25,7.29,8.15,8.14,7.36,6.29,5.88,4.69,3.69,2.82,1.86,1.13,0.45,0.19,0.03,0.01,100.0,0.0,100.0,0.0,0.0,0.0,0.0,0.0,0.0,0.0,0.0,0.0,0.0,0.0,0.0,0.0,0.0,0.0,0.0,0.0,0.0,0.0,0.0,0.0,0.0,0.0,0.0,0.0,0.0,0.0,0.0,0.0,0.0,0.0,0.0,0.0,0.0,0.0,0.0,0.0,0.0,0.0,0.0,0.0,0.0,0.0,0.0,0.0,0.0,0.0,0.0,0.0,0.0,0.0,0.0,0.0,0.0,0.0,0.0,0.0,0.0,0.0,0.0,0.0,0.0,0.0,0.0,0.0,0.0,0.0,0.0,0.0,0.0,0.0,0.0,0.0,0.0,0.0,0.0,0.0,0.0,0.0,0.0,0.0,0.0,0.0,0.0,16657.0,644.0,8597.0,8704.0,1068.0,1187.0,1162.0,1291.0,1308.0,1255.0,1261.0,1410.0,1408.0,1273.0,1088.0,1018.0,811.0,638.0,488.0,321.0,196.0,78.0,33.0,6.0,1.0,17301.0,0.0,17301.0,96.26,94.82,96.84,95.58,98.93,99.48,99.61,98.58,97.04,94.42,77.48,84.04,99.24,96.2,0.0,96.2,0.0,0.0,0.0,0.0,0.0,0.0,0.0,0.0,0.0,0.0,0.0,0.0,0.0,0.0,0.0,0.0,35.0,36.0,35.0,0.0,35.0,98.16,116.11,98.77,0.0,98.77,75.24,76.06,75.27,0.0,75.27,0.0,0.0,0.0,0.0,0.0,0.0,0.0,0.0,0.0,0.0,0.0,0.0,0.0,0.0,0.0
3501202,0.0,0.0,0.0,0.0,0.0,0.0,0.0,0.0,0.0,3915.0,0.0,3915.0,0.0,0.0,0.0,0.0,0.0,0.0,0.0,0.0,0.0,0.0,0.0,0.0,0.0,0.0,0.0,0.0,0.0,0.0,0.0,0.0,0.0,0.0,0.0,0.0,0.0,0.0,0.0,0.0,0.0,0.0,66.97,33.03,50.65,49.35,4.32,4.78,5.52,5.7,5.59,5.06,5.36,6.05,7.25,6.41,7.28,7.59,8.22,7.31,5.39,3.88,2.55,1.4,0.23,0.1,0.0,100.0,0.0,100.0,0.0,0.0,0.0,0.0,0.0,0.0,0.0,0.0,0.0,0.0,0.0,0.0,0.0,0.0,0.0,0.0,0.0,0.0,0.0,0.0,0.0,0.0,0.0,0.0,0.0,0.0,0.0,0.0,0.0,0.0,0.0,0.0,0.0,0.0,0.0,0.0,0.0,0.0,0.0,0.0,0.0,0.0,0.0,0.0,0.0,0.0,0.0,0.0,0.0,0.0,0.0,0.0,0.0,0.0,0.0,0.0,0.0,0.0,0.0,0.0,0.0,0.0,0.0,0.0,0.0,0.0,0.0,0.0,0.0,0.0,0.0,0.0,0.0,0.0,0.0,0.0,0.0,0.0,0.0,0.0,0.0,0.0,0.0,0.0,2622.0,1293.0,1983.0,1932.0,169.0,187.0,216.0,223.0,219.0,198.0,210.0,237.0,284.0,251.0,285.0,297.0,322.0,286.0,211.0,152.0,100.0,55.0,9.0,4.0,0.0,3915.0,0.0,3915.0,92.16,96.18,94.05,92.96,98.63,99.02,100.0,97.7,95.15,93.54,74.06,84.33,95.29,93.51,0.0,93.51,0.0,0.0,0.0,0.0,0.0,0.0,0.0,0.0,0.0,0.0,0.0,0.0,0.0,0.0,0.0,0.0,44.0,46.0,45.0,0.0,45.0,97.74,113.37,102.64,0.0,102.64,184.65,233.93,199.13,0.0,199.13,0.0,0.0,0.0,0.0,0.0,0.0,0.0,0.0,0.0,0.0,0.0,0.0,0.0,0.0,0.0
3501301,0.0,0.0,0.0,0.0,0.0,0.0,0.0,0.0,0.0,27255.0,0.0,27255.0,0.0,0.0,0.0,0.0,0.0,0.0,0.0,0.0,0.0,0.0,0.0,0.0,0.0,0.0,0.0,0.0,0.0,0.0,0.0,0.0,0.0,0.0,0.0,0.0,0.0,0.0,0.0,0.0,0.0,0.0,92.54,7.46,48.55,51.45,6.22,6.76,6.01,6.44,7.05,7.58,7.28,7.36,7.57,6.62,6.84,6.37,5.48,4.31,3.21,2.37,1.47,0.63,0.33,0.1,0.01,100.0,0.0,100.0,0.0,0.0,0.0,0.0,0.0,0.0,0.0,0.0,0.0,0.0,0.0,0.0,0.0,0.0,0.0,0.0,0.0,0.0,0.0,0.0,0.0,0.0,0.0,0.0,0.0,0.0,0.0,0.0,0.0,0.0,0.0,0.0,0.0,0.0,0.0,0.0,0.0,0.0,0.0,0.0,0.0,0.0,0.0,0.0,0.0,0.0,0.0,0.0,0.0,0.0,0.0,0.0,0.0,0.0,0.0,0.0,0.0,0.0,0.0,0.0,0.0,0.0,0.0,0.0,0.0,0.0,0.0,0.0,0.0,0.0,0.0,0.0,0.0,0.0,0.0,0.0,0.0,0.0,0.0,0.0,0.0,0.0,0.0,0.0,25223.0,2032.0,13231.0,14024.0,1696.0,1842.0,1639.0,1755.0,1922.0,2065.0,1983.0,2005.0,2063.0,1803.0,1864.0,1737.0,1494.0,1176.0,875.0,645.0,401.0,172.0,89.0,26.0,3.0,27255.0,0.0,27255.0,95.88,94.54,96.03,95.54,99.22,99.06,98.37,98.65,96.84,95.67,74.85,83.97,98.73,95.77,0.0,95.77,0.0,0.0,0.0,0.0,0.0,0.0,0.0,0.0,0.0,0.0,0.0,0.0,0.0,0.0,0.0,0.0,35.0,48.0,36.0,0.0,36.0,93.28,108.62,94.35,0.0,94.35,87.9,201.37,94.28,0.0,94.28,0.0,0.0,0.0,0.0,0.0,0.0,0.0,0.0,0.0,0.0,0.0,0.0,0.0,0.0,0.0
3501400,0.0,0.0,0.0,0.0,0.0,0.0,0.0,0.0,0.0,4808.0,0.0,4808.0,0.0,0.0,0.0,0.0,0.0,0.0,0.0,0.0,0.0,0.0,0.0,0.0,0.0,0.0,0.0,0.0,0.0,0.0,0.0,0.0,0.0,0.0,0.0,0.0,0.0,0.0,0.0,0.0,0.0,0.0,60.4,39.6,67.16,32.84,3.97,4.2,4.72,4.47,8.42,10.61,12.73,11.02,10.69,6.59,4.83,4.12,4.03,3.66,2.5,1.79,1.04,0.48,0.1,0.02,0.0,100.0,0.0,100.0,0.0,0.0,0.0,0.0,0.0,0.0,0.0,0.0,0.0,0.0,0.0,0.0,0.0,0.0,0.0,0.0,0.0,0.0,0.0,0.0,0.0,0.0,0.0,0.0,0.0,0.0,0.0,0.0,0.0,0.0,0.0,0.0,0.0,0.0,0.0,0.0,0.0,0.0,0.0,0.0,0.0,0.0,0.0,0.0,0.0,0.0,0.0,0.0,0.0,0.0,0.0,0.0,0.0,0.0,0.0,0.0,0.0,0.0,0.0,0.0,0.0,0.0,0.0,0.0,0.0,0.0,0.0,0.0,0.0,0.0,0.0,0.0,0.0,0.0,0.0,0.0,0.0,0.0,0.0,0.0,0.0,0.0,0.0,0.0,2904.0,1904.0,3229.0,1579.0,191.0,202.0,227.0,215.0,405.0,510.0,612.0,530.0,514.0,317.0,232.0,198.0,194.0,176.0,120.0,86.0,50.0,23.0,5.0,1.0,0.0,4808.0,0.0,4808.0,90.4,96.93,94.88,89.61,97.78,97.77,98.32,96.55,93.81,85.97,63.03,74.4,97.92,93.29,0.0,93.29,0.0,0.0,0.0,0.0,0.0,0.0,0.0,0.0,0.0,0.0,0.0,0.0,0.0,0.0,0.0,0.0,36.0,34.0,35.0,0.0,35.0,99.86,1411.11,204.5,0.0,204.5,103.33,132.65,105.65,0.0,105.65,0.0,0.0,0.0,0.0,0.0,0.0,0.0,0.0,0.0,0.0,0.0,0.0,0.0,0.0,0.0
3501509,0.0,0.0,0.0,0.0,0.0,0.0,0.0,0.0,0.0,2885.0,0.0,2885.0,0.0,0.0,0.0,0.0,0.0,0.0,0.0,0.0,0.0,0.0,0.0,0.0,0.0,0.0,0.0,0.0,0.0,0.0,0.0,0.0,0.0,0.0,0.0,0.0,0.0,0.0,0.0,0.0,0.0,0.0,91.58,8.42,49.46,50.54,5.82,6.52,6.86,6.62,7.31,7.21,6.1,6.93,8.11,6.9,7.14,5.86,5.75,4.44,3.81,1.94,1.63,0.66,0.35,0.03,0.0,100.0,0.0,100.0,0.0,0.0,0.0,0.0,0.0,0.0,0.0,0.0,0.0,0.0,0.0,0.0,0.0,0.0,0.0,0.0,0.0,0.0,0.0,0.0,0.0,0.0,0.0,0.0,0.0,0.0,0.0,0.0,0.0,0.0,0.0,0.0,0.0,0.0,0.0,0.0,0.0,0.0,0.0,0.0,0.0,0.0,0.0,0.0,0.0,0.0,0.0,0.0,0.0,0.0,0.0,0.0,0.0,0.0,0.0,0.0,0.0,0.0,0.0,0.0,0.0,0.0,0.0,0.0,0.0,0.0,0.0,0.0,0.0,0.0,0.0,0.0,0.0,0.0,0.0,0.0,0.0,0.0,0.0,0.0,0.0,0.0,0.0,0.0,2642.0,243.0,1427.0,1458.0,168.0,188.0,198.0,191.0,211.0,208.0,176.0,200.0,234.0,199.0,206.0,169.0,166.0,128.0,110.0,56.0,47.0,19.0,10.0,1.0,0.0,2885.0,0.0,2885.0,92.58,94.06,93.72,91.72,96.68,97.14,98.37,97.7,94.07,90.15,71.43,77.9,98.53,92.71,0.0,92.71,0.0,0.0,0.0,0.0,0.0,0.0,0.0,0.0,0.0,0.0,0.0,0.0,0.0,0.0,0.0,0.0,36.0,41.0,37.0,0.0,37.0,96.87,109.48,97.87,0.0,97.87,94.74,124.39,96.93,0.0,96.93,0.0,0.0,0.0,0.0,0.0,0.0,0.0,0.0,0.0,0.0,0.0,0.0,0.0,0.0,0.0
3501608,0.0,0.0,0.0,0.0,0.0,0.0,0.0,0.0,0.0,237240.0,0.0,237240.0,0.0,0.0,0.0,0.0,0.0,0.0,0.0,0.0,0.0,0.0,0.0,0.0,0.0,0.0,0.0,0.0,0.0,0.0,0.0,0.0,0.0,0.0,0.0,0.0,0.0,0.0,0.0,0.0,0.0,0.0,99.83,0.17,48.26,51.74,5.19,5.6,5.54,5.8,6.37,7.26,7.94,8.45,8.43,7.08,6.89,6.47,5.93,4.71,3.38,2.26,1.46,0.81,0.34,0.08,0.01,100.0,0.0,100.0,0.0,0.0,0.0,0.0,0.0,0.0,0.0,0.0,0.0,0.0,0.0,0.0,0.0,0.0,0.0,0.0,0.0,0.0,0.0,0.0,0.0,0.0,0.0,0.0,0.0,0.0,0.0,0.0,0.0,0.0,0.0,0.0,0.0,0.0,0.0,0.0,0.0,0.0,0.0,0.0,0.0,0.0,0.0,0.0,0.0,0.0,0.0,0.0,0.0,0.0,0.0,0.0,0.0,0.0,0.0,0.0,0.0,0.0,0.0,0.0,0.0,0.0,0.0,0.0,0.0,0.0,0.0,0.0,0.0,0.0,0.0,0.0,0.0,0.0,0.0,0.0,0.0,0.0,0.0,0.0,0.0,0.0,0.0,0.0,236829.0,411.0,114495.0,122745.0,12301.0,13280.0,13142.0,13758.0,15112.0,17213.0,18838.0,20051.0,19997.0,16795.0,16339.0,15354.0,14080.0,11176.0,8030.0,5364.0,3471.0,1923.0,812.0,180.0,24.0,237240.0,0.0,237240.0,98.33,96.95,98.68,98.01,99.54,99.54,99.21,99.28,98.88,98.3,90.2,94.12,99.53,98.33,0.0,98.33,0.0,0.0,0.0,0.0,0.0,0.0,0.0,0.0,0.0,0.0,0.0,0.0,0.0,0.0,0.0,0.0,38.0,36.0,38.0,0.0,38.0,93.23,123.37,93.28,0.0,93.28,116.49,60.24,116.36,0.0,116.36,0.0,0.0,0.0,0.0,0.0,0.0,0.0,0.0,0.0,0.0,0.0,0.0,0.0,0.0,0.0
3501707,0.0,0.0,0.0,0.0,0.0,0.0,0.0,0.0,0.0,33019.0,0.0,33019.0,0.0,0.0,0.0,0.0,0.0,0.0,0.0,0.0,0.0,0.0,0.0,0.0,0.0,0.0,0.0,0.0,0.0,0.0,0.0,0.0,0.0,0.0,0.0,0.0,0.0,0.0,0.0,0.0,0.0,0.0,99.2,0.8,49.4,50.6,5.83,6.51,6.64,7.01,7.85,7.93,7.66,7.75,8.69,7.39,6.93,5.83,4.83,3.51,2.48,1.61,0.97,0.41,0.12,0.04,0.01,100.0,0.0,100.0,0.0,0.0,0.0,0.0,0.0,0.0,0.0,0.0,0.0,0.0,0.0,0.0,0.0,0.0,0.0,0.0,0.0,0.0,0.0,0.0,0.0,0.0,0.0,0.0,0.0,0.0,0.0,0.0,0.0,0.0,0.0,0.0,0.0,0.0,0.0,0.0,0.0,0.0,0.0,0.0,0.0,0.0,0.0,0.0,0.0,0.0,0.0,0.0,0.0,0.0,0.0,0.0,0.0,0.0,0.0,0.0,0.0,0.0,0.0,0.0,0.0,0.0,0.0,0.0,0.0,0.0,0.0,0.0,0.0,0.0,0.0,0.0,0.0,0.0,0.0,0.0,0.0,0.0,0.0,0.0,0.0,0.0,0.0,0.0,32755.0,264.0,16310.0,16709.0,1926.0,2149.0,2193.0,2313.0,2591.0,2619.0,2530.0,2560.0,2869.0,2439.0,2288.0,1926.0,1596.0,1158.0,819.0,531.0,321.0,134.0,41.0,13.0,3.0,33019.0,0.0,33019.0,94.52,92.09,94.95,94.06,99.11,98.99,98.75,97.38,94.69,91.51,68.84,77.55,98.96,94.5,0.0,94.5,0.0,0.0,0.0,0.0,0.0,0.0,0.0,0.0,0.0,0.0,0.0,0.0,0.0,0.0,0.0,0.0,35.0,40.0,35.0,0.0,35.0,97.55,106.25,97.61,0.0,97.61,73.5,91.84,73.64,0.0,73.64,0.0,0.0,0.0,0.0,0.0,0.0,0.0,0.0,0.0,0.0,0.0,0.0,0.0,0.0,0.0
3501806,0.0,0.0,0.0,0.0,0.0,0.0,0.0,0.0,0.0,5870.0,0.0,5870.0,0.0,0.0,0.0,0.0,0.0,0.0,0.0,0.0,0.0,0.0,0.0,0.0,0.0,0.0,0.0,0.0,0.0,0.0,0.0,0.0,0.0,0.0,0.0,0.0,0.0,0.0,0.0,0.0,0.0,0.0,88.01,11.99,48.6,51.4,4.79,4.96,5.96,5.6,7.04,6.08,6.29,6.56,7.73,6.56,7.1,7.36,6.83,5.95,4.21,3.29,2.25,0.97,0.41,0.07,0.0,100.0,0.0,100.0,0.0,0.0,0.0,0.0,0.0,0.0,0.0,0.0,0.0,0.0,0.0,0.0,0.0,0.0,0.0,0.0,0.0,0.0,0.0,0.0,0.0,0.0,0.0,0.0,0.0,0.0,0.0,0.0,0.0,0.0,0.0,0.0,0.0,0.0,0.0,0.0,0.0,0.0,0.0,0.0,0.0,0.0,0.0,0.0,0.0,0.0,0.0,0.0,0.0,0.0,0.0,0.0,0.0,0.0,0.0,0.0,0.0,0.0,0.0,0.0,0.0,0.0,0.0,0.0,0.0,0.0,0.0,0.0,0.0,0.0,0.0,0.0,0.0,0.0,0.0,0.0,0.0,0.0,0.0,0.0,0.0,0.0,0.0,0.0,5166.0,704.0,2853.0,3017.0,281.0,291.0,350.0,329.0,413.0,357.0,369.0,385.0,454.0,385.0,417.0,432.0,401.0,349.0,247.0,193.0,132.0,57.0,24.0,4.0,0.0,5870.0,0.0,5870.0,95.16,97.45,96.92,94.08,99.27,98.9,98.96,98.57,97.51,95.56,77.56,85.79,100.0,95.45,0.0,95.45,0.0,0.0,0.0,0.0,0.0,0.0,0.0,0.0,0.0,0.0,0.0,0.0,0.0,0.0,0.0,0.0,40.0,50.0,41.0,0.0,41.0,92.76,108.9,94.56,0.0,94.56,139.6,297.37,152.6,0.0,152.6,0.0,0.0,0.0,0.0,0.0,0.0,0.0,0.0,0.0,0.0,0.0,0.0,0.0,0.0,0.0
3501905,0.0,0.0,0.0,0.0,0.0,0.0,0.0,0.0,0.0,68008.0,0.0,68008.0,0.0,0.0,0.0,0.0,0.0,0.0,0.0,0.0,0.0,0.0,0.0,0.0,0.0,0.0,0.0,0.0,0.0,0.0,0.0,0.0,0.0,0.0,0.0,0.0,0.0,0.0,0.0,0.0,0.0,0.0,92.23,7.77,48.6,51.4,5.0,5.78,5.23,5.74,6.85,6.57,7.82,8.21,8.43,7.11,6.82,6.1,5.8,5.04,3.68,2.51,1.78,0.99,0.43,0.09,0.02,100.0,0.0,100.0,0.0,0.0,0.0,0.0,0.0,0.0,0.0,0.0,0.0,0.0,0.0,0.0,0.0,0.0,0.0,0.0,0.0,0.0,0.0,0.0,0.0,0.0,0.0,0.0,0.0,0.0,0.0,0.0,0.0,0.0,0.0,0.0,0.0,0.0,0.0,0.0,0.0,0.0,0.0,0.0,0.0,0.0,0.0,0.0,0.0,0.0,0.0,0.0,0.0,0.0,0.0,0.0,0.0,0.0,0.0,0.0,0.0,0.0,0.0,0.0,0.0,0.0,0.0,0.0,0.0,0.0,0.0,0.0,0.0,0.0,0.0,0.0,0.0,0.0,0.0,0.0,0.0,0.0,0.0,0.0,0.0,0.0,0.0,0.0,62726.0,5282.0,33053.0,34955.0,3398.0,3928.0,3555.0,3903.0,4661.0,4471.0,5320.0,5586.0,5733.0,4838.0,4640.0,4150.0,3946.0,3428.0,2501.0,1707.0,1210.0,671.0,290.0,59.0,13.0,68008.0,0.0,68008.0,97.1,92.85,96.97,96.59,99.25,99.07,99.3,98.55,96.98,95.6,87.34,91.08,99.2,96.78,0.0,96.78,0.0,0.0,0.0,0.0,0.0,0.0,0.0,0.0,0.0,0.0,0.0,0.0,0.0,0.0,0.0,0.0,39.0,37.0,39.0,0.0,39.0,93.25,111.62,94.56,0.0,94.56,129.5,101.77,127.06,0.0,127.06,0.0,0.0,0.0,0.0,0.0,0.0,0.0,0.0,0.0,0.0,0.0,0.0,0.0,0.0,0.0
3502002,0.0,0.0,0.0,0.0,0.0,0.0,0.0,0.0,0.0,4589.0,0.0,4589.0,0.0,0.0,0.0,0.0,0.0,0.0,0.0,0.0,0.0,0.0,0.0,0.0,0.0,0.0,0.0,0.0,0.0,0.0,0.0,0.0,0.0,0.0,0.0,0.0,0.0,0.0,0.0,0.0,0.0,0.0,84.9,15.1,50.23,49.77,6.17,6.73,6.38,6.52,6.47,6.6,6.86,8.13,8.41,6.52,5.97,5.95,6.54,4.21,3.07,2.42,1.74,0.85,0.35,0.09,0.02,100.0,0.0,100.0,0.0,0.0,0.0,0.0,0.0,0.0,0.0,0.0,0.0,0.0,0.0,0.0,0.0,0.0,0.0,0.0,0.0,0.0,0.0,0.0,0.0,0.0,0.0,0.0,0.0,0.0,0.0,0.0,0.0,0.0,0.0,0.0,0.0,0.0,0.0,0.0,0.0,0.0,0.0,0.0,0.0,0.0,0.0,0.0,0.0,0.0,0.0,0.0,0.0,0.0,0.0,0.0,0.0,0.0,0.0,0.0,0.0,0.0,0.0,0.0,0.0,0.0,0.0,0.0,0.0,0.0,0.0,0.0,0.0,0.0,0.0,0.0,0.0,0.0,0.0,0.0,0.0,0.0,0.0,0.0,0.0,0.0,0.0,0.0,3896.0,693.0,2305.0,2284.0,283.0,309.0,293.0,299.0,297.0,303.0,315.0,373.0,386.0,299.0,274.0,273.0,300.0,193.0,141.0,111.0,80.0,39.0,16.0,4.0,1.0,4589.0,0.0,4589.0,95.73,94.48,95.41,95.67,99.33,98.54,99.5,96.57,95.46,94.76,83.27,87.86,100.0,95.55,0.0,95.55,0.0,0.0,0.0,0.0,0.0,0.0,0.0,0.0,0.0,0.0,0.0,0.0,0.0,0.0,0.0,0.0,38.0,35.0,37.0,0.0,37.0,97.17,125.0,100.92,0.0,100.92,105.99,70.67,100.0,0.0,100.0,0.0,0.0,0.0,0.0,0.0,0.0,0.0,0.0,0.0,0.0,0.0,0.0,0.0,0.0,0.0
3502101,0.0,0.0,0.0,0.0,0.0,0.0,0.0,0.0,0.0,59783.0,0.0,59783.0,0.0,0.0,0.0,0.0,0.0,0.0,0.0,0.0,0.0,0.0,0.0,0.0,0.0,0.0,0.0,0.0,0.0,0.0,0.0,0.0,0.0,0.0,0.0,0.0,0.0,0.0,0.0,0.0,0.0,0.0,91.55,8.45,49.68,50.32,5.3,5.85,5.74,5.86,6.48,7.15,7.4,7.92,7.82,7.06,6.83,6.45,6.05,4.73,3.67,2.71,1.69,0.86,0.31,0.09,0.02,100.0,0.0,100.0,0.0,0.0,0.0,0.0,0.0,0.0,0.0,0.0,0.0,0.0,0.0,0.0,0.0,0.0,0.0,0.0,0.0,0.0,0.0,0.0,0.0,0.0,0.0,0.0,0.0,0.0,0.0,0.0,0.0,0.0,0.0,0.0,0.0,0.0,0.0,0.0,0.0,0.0,0.0,0.0,0.0,0.0,0.0,0.0,0.0,0.0,0.0,0.0,0.0,0.0,0.0,0.0,0.0,0.0,0.0,0.0,0.0,0.0,0.0,0.0,0.0,0.0,0.0,0.0,0.0,0.0,0.0,0.0,0.0,0.0,0.0,0.0,0.0,0.0,0.0,0.0,0.0,0.0,0.0,0.0,0.0,0.0,0.0,0.0,54732.0,5051.0,29698.0,30085.0,3167.0,3500.0,3430.0,3506.0,3873.0,4274.0,4422.0,4737.0,4677.0,4218.0,4086.0,3856.0,3615.0,2829.0,2194.0,1623.0,1010.0,514.0,188.0,54.0,10.0,59783.0,0.0,59783.0,96.53,93.56,96.7,95.83,98.99,98.98,98.93,98.52,97.57,96.31,80.85,87.18,99.19,96.26,0.0,96.26,0.0,0.0,0.0,0.0,0.0,0.0,0.0,0.0,0.0,0.0,0.0,0.0,0.0,0.0,0.0,0.0,38.0,39.0,38.0,0.0,38.0,91.89,223.37,98.71,0.0,98.71,115.43,197.22,119.21,0.0,119.21,0.0,0.0,0.0,0.0,0.0,0.0,0.0,0.0,0.0,0.0,0.0,0.0,0.0,0.0,0.0
3502200,0.0,0.0,0.0,0.0,0.0,0.0,0.0,0.0,0.0,24022.0,0.0,24022.0,0.0,0.0,0.0,0.0,0.0,0.0,0.0,0.0,0.0,0.0,0.0,0.0,0.0,0.0,0.0,0.0,0.0,0.0,0.0,0.0,0.0,0.0,0.0,0.0,0.0,0.0,0.0,0.0,0.0,0.0,70.84,29.16,50.16,49.84,6.39,6.81,6.63,6.7,7.28,6.91,7.26,7.48,7.49,6.58,6.66,6.32,5.74,4.42,3.16,2.06,1.23,0.61,0.22,0.05,0.0,100.0,0.0,100.0,0.0,0.0,0.0,0.0,0.0,0.0,0.0,0.0,0.0,0.0,0.0,0.0,0.0,0.0,0.0,0.0,0.0,0.0,0.0,0.0,0.0,0.0,0.0,0.0,0.0,0.0,0.0,0.0,0.0,0.0,0.0,0.0,0.0,0.0,0.0,0.0,0.0,0.0,0.0,0.0,0.0,0.0,0.0,0.0,0.0,0.0,0.0,0.0,0.0,0.0,0.0,0.0,0.0,0.0,0.0,0.0,0.0,0.0,0.0,0.0,0.0,0.0,0.0,0.0,0.0,0.0,0.0,0.0,0.0,0.0,0.0,0.0,0.0,0.0,0.0,0.0,0.0,0.0,0.0,0.0,0.0,0.0,0.0,0.0,17016.0,7006.0,12049.0,11973.0,1536.0,1636.0,1593.0,1609.0,1749.0,1659.0,1744.0,1797.0,1800.0,1581.0,1601.0,1517.0,1378.0,1061.0,760.0,495.0,295.0,147.0,52.0,11.0,1.0,24022.0,0.0,24022.0,96.15,95.13,96.09,95.6,98.97,98.62,98.55,97.97,96.07,94.3,81.52,87.63,98.6,95.85,0.0,95.85,0.0,0.0,0.0,0.0,0.0,0.0,0.0,0.0,0.0,0.0,0.0,0.0,0.0,0.0,0.0,0.0,35.0,39.0,36.0,0.0,36.0,97.33,109.13,100.63,0.0,100.63,80.0,109.85,88.14,0.0,88.14,0.0,0.0,0.0,0.0,0.0,0.0,0.0,0.0,0.0,0.0,0.0,0.0,0.0,0.0,0.0
3502309,0.0,0.0,0.0,0.0,0.0,0.0,0.0,0.0,0.0,5674.0,0.0,5674.0,0.0,0.0,0.0,0.0,0.0,0.0,0.0,0.0,0.0,0.0,0.0,0.0,0.0,0.0,0.0,0.0,0.0,0.0,0.0,0.0,0.0,0.0,0.0,0.0,0.0,0.0,0.0,0.0,0.0,0.0,81.53,18.47,50.48,49.52,6.47,6.54,7.61,7.83,6.54,6.89,6.38,6.19,7.53,7.19,6.54,5.94,5.97,4.76,3.6,2.04,0.93,0.7,0.3,0.04,0.02,100.0,0.0,100.0,0.0,0.0,0.0,0.0,0.0,0.0,0.0,0.0,0.0,0.0,0.0,0.0,0.0,0.0,0.0,0.0,0.0,0.0,0.0,0.0,0.0,0.0,0.0,0.0,0.0,0.0,0.0,0.0,0.0,0.0,0.0,0.0,0.0,0.0,0.0,0.0,0.0,0.0,0.0,0.0,0.0,0.0,0.0,0.0,0.0,0.0,0.0,0.0,0.0,0.0,0.0,0.0,0.0,0.0,0.0,0.0,0.0,0.0,0.0,0.0,0.0,0.0,0.0,0.0,0.0,0.0,0.0,0.0,0.0,0.0,0.0,0.0,0.0,0.0,0.0,0.0,0.0,0.0,0.0,0.0,0.0,0.0,0.0,0.0,4626.0,1048.0,2864.0,2810.0,367.0,371.0,432.0,444.0,371.0,391.0,362.0,351.0,427.0,408.0,371.0,337.0,339.0,270.0,204.0,116.0,53.0,40.0,17.0,2.0,1.0,5674.0,0.0,5674.0,94.29,94.68,94.79,93.93,97.84,97.61,99.27,96.66,93.71,91.72,84.72,86.63,99.42,94.36,0.0,94.36,0.0,0.0,0.0,0.0,0.0,0.0,0.0,0.0,0.0,0.0,0.0,0.0,0.0,0.0,0.0,0.0,35.0,39.0,36.0,0.0,36.0,97.44,124.41,101.92,0.0,101.92,88.3,92.31,89.06,0.0,89.06,0.0,0.0,0.0,0.0,0.0,0.0,0.0,0.0,0.0,0.0,0.0,0.0,0.0,0.0,0.0
3502408,0.0,0.0,0.0,0.0,0.0,0.0,0.0,0.0,0.0,4023.0,0.0,4023.0,0.0,0.0,0.0,0.0,0.0,0.0,0.0,0.0,0.0,0.0,0.0,0.0,0.0,0.0,0.0,0.0,0.0,0.0,0.0,0.0,0.0,0.0,0.0,0.0,0.0,0.0,0.0,0.0,0.0,0.0,84.36,15.64,48.99,51.01,5.99,6.54,5.94,6.56,6.29,7.03,6.79,7.46,7.58,6.34,7.08,6.26,6.19,4.23,3.68,2.71,1.79,1.04,0.37,0.12,0.0,100.0,0.0,100.0,0.0,0.0,0.0,0.0,0.0,0.0,0.0,0.0,0.0,0.0,0.0,0.0,0.0,0.0,0.0,0.0,0.0,0.0,0.0,0.0,0.0,0.0,0.0,0.0,0.0,0.0,0.0,0.0,0.0,0.0,0.0,0.0,0.0,0.0,0.0,0.0,0.0,0.0,0.0,0.0,0.0,0.0,0.0,0.0,0.0,0.0,0.0,0.0,0.0,0.0,0.0,0.0,0.0,0.0,0.0,0.0,0.0,0.0,0.0,0.0,0.0,0.0,0.0,0.0,0.0,0.0,0.0,0.0,0.0,0.0,0.0,0.0,0.0,0.0,0.0,0.0,0.0,0.0,0.0,0.0,0.0,0.0,0.0,0.0,3394.0,629.0,1971.0,2052.0,241.0,263.0,239.0,264.0,253.0,283.0,273.0,300.0,305.0,255.0,285.0,252.0,249.0,170.0,148.0,109.0,72.0,42.0,15.0,5.0,0.0,4023.0,0.0,4023.0,94.24,94.99,94.53,94.2,99.21,98.74,98.11,97.19,96.11,93.21,74.07,82.35,98.1,94.36,0.0,94.36,0.0,0.0,0.0,0.0,0.0,0.0,0.0,0.0,0.0,0.0,0.0,0.0,0.0,0.0,0.0,0.0,37.0,42.0,38.0,0.0,38.0,93.5,111.07,96.05,0.0,96.05,104.27,136.36,109.02,0.0,109.02,0.0,0.0,0.0,0.0,0.0,0.0,0.0,0.0,0.0,0.0,0.0,0.0,0.0,0.0,0.0
3502507,0.0,0.0,0.0,0.0,0.0,0.0,0.0,0.0,0.0,32569.0,0.0,32569.0,0.0,0.0,0.0,0.0,0.0,0.0,0.0,0.0,0.0,0.0,0.0,0.0,0.0,0.0,0.0,0.0,0.0,0.0,0.0,0.0,0.0,0.0,0.0,0.0,0.0,0.0,0.0,0.0,0.0,0.0,98.0,2.0,47.96,52.04,5.47,6.1,5.73,6.34,6.87,7.04,7.42,7.57,7.85,6.56,6.91,6.75,6.09,5.07,3.45,2.31,1.36,0.76,0.25,0.07,0.01,100.0,0.0,100.0,0.0,0.0,0.0,0.0,0.0,0.0,0.0,0.0,0.0,0.0,0.0,0.0,0.0,0.0,0.0,0.0,0.0,0.0,0.0,0.0,0.0,0.0,0.0,0.0,0.0,0.0,0.0,0.0,0.0,0.0,0.0,0.0,0.0,0.0,0.0,0.0,0.0,0.0,0.0,0.0,0.0,0.0,0.0,0.0,0.0,0.0,0.0,0.0,0.0,0.0,0.0,0.0,0.0,0.0,0.0,0.0,0.0,0.0,0.0,0.0,0.0,0.0,0.0,0.0,0.0,0.0,0.0,0.0,0.0,0.0,0.0,0.0,0.0,0.0,0.0,0.0,0.0,0.0,0.0,0.0,0.0,0.0,0.0,0.0,31916.0,653.0,15619.0,16950.0,1781.0,1988.0,1866.0,2066.0,2236.0,2292.0,2418.0,2467.0,2558.0,2137.0,2249.0,2199.0,1984.0,1651.0,1125.0,751.0,443.0,248.0,83.0,24.0,3.0,32569.0,0.0,32569.0,97.12,92.5,97.2,96.88,98.66,98.98,99.03,98.57,97.58,96.84,87.05,90.94,99.15,97.03,0.0,97.03,0.0,0.0,0.0,0.0,0.0,0.0,0.0,0.0,0.0,0.0,0.0,0.0,0.0,0.0,0.0,0.0,38.0,35.0,38.0,0.0,38.0,91.8,110.65,92.15,0.0,92.15,113.5,56.16,112.01,0.0,112.01,0.0,0.0,0.0,0.0,0.0,0.0,0.0,0.0,0.0,0.0,0.0,0.0,0.0,0.0,0.0
3502606,0.0,0.0,0.0,0.0,0.0,0.0,0.0,0.0,0.0,4086.0,0.0,4086.0,0.0,0.0,0.0,0.0,0.0,0.0,0.0,0.0,0.0,0.0,0.0,0.0,0.0,0.0,0.0,0.0,0.0,0.0,0.0,0.0,0.0,0.0,0.0,0.0,0.0,0.0,0.0,0.0,0.0,0.0,79.12,20.88,49.56,50.44,4.63,5.38,5.07,5.6,6.36,5.58,5.21,5.65,6.9,7.51,8.03,8.03,7.17,6.41,5.14,3.23,2.33,1.27,0.34,0.12,0.02,100.0,0.0,100.0,0.0,0.0,0.0,0.0,0.0,0.0,0.0,0.0,0.0,0.0,0.0,0.0,0.0,0.0,0.0,0.0,0.0,0.0,0.0,0.0,0.0,0.0,0.0,0.0,0.0,0.0,0.0,0.0,0.0,0.0,0.0,0.0,0.0,0.0,0.0,0.0,0.0,0.0,0.0,0.0,0.0,0.0,0.0,0.0,0.0,0.0,0.0,0.0,0.0,0.0,0.0,0.0,0.0,0.0,0.0,0.0,0.0,0.0,0.0,0.0,0.0,0.0,0.0,0.0,0.0,0.0,0.0,0.0,0.0,0.0,0.0,0.0,0.0,0.0,0.0,0.0,0.0,0.0,0.0,0.0,0.0,0.0,0.0,0.0,3233.0,853.0,2025.0,2061.0,189.0,220.0,207.0,229.0,260.0,228.0,213.0,231.0,282.0,307.0,328.0,328.0,293.0,262.0,210.0,132.0,95.0,52.0,14.0,5.0,1.0,4086.0,0.0,4086.0,91.63,92.38,92.76,90.86,99.23,98.19,100.0,97.27,95.43,91.3,66.89,77.04,98.88,91.79,0.0,91.79,0.0,0.0,0.0,0.0,0.0,0.0,0.0,0.0,0.0,0.0,0.0,0.0,0.0,0.0,0.0,0.0,44.0,44.0,44.0,0.0,44.0,96.18,106.54,98.25,0.0,98.25,174.43,166.41,172.73,0.0,172.73,0.0,0.0,0.0,0.0,0.0,0.0,0.0,0.0,0.0,0.0,0.0,0.0,0.0,0.0,0.0
3502705,0.0,0.0,0.0,0.0,0.0,0.0,0.0,0.0,0.0,24585.0,0.0,24585.0,0.0,0.0,0.0,0.0,0.0,0.0,0.0,0.0,0.0,0.0,0.0,0.0,0.0,0.0,0.0,0.0,0.0,0.0,0.0,0.0,0.0,0.0,0.0,0.0,0.0,0.0,0.0,0.0,0.0,0.0,78.5,21.5,50.0,50.0,6.06,6.98,6.94,7.39,7.24,7.34,7.22,7.11,7.48,7.05,6.78,5.93,5.3,4.0,3.08,2.08,1.11,0.63,0.22,0.05,0.01,100.0,0.0,100.0,0.0,0.0,0.0,0.0,0.0,0.0,0.0,0.0,0.0,0.0,0.0,0.0,0.0,0.0,0.0,0.0,0.0,0.0,0.0,0.0,0.0,0.0,0.0,0.0,0.0,0.0,0.0,0.0,0.0,0.0,0.0,0.0,0.0,0.0,0.0,0.0,0.0,0.0,0.0,0.0,0.0,0.0,0.0,0.0,0.0,0.0,0.0,0.0,0.0,0.0,0.0,0.0,0.0,0.0,0.0,0.0,0.0,0.0,0.0,0.0,0.0,0.0,0.0,0.0,0.0,0.0,0.0,0.0,0.0,0.0,0.0,0.0,0.0,0.0,0.0,0.0,0.0,0.0,0.0,0.0,0.0,0.0,0.0,0.0,19298.0,5287.0,12292.0,12293.0,1489.0,1715.0,1706.0,1818.0,1781.0,1805.0,1775.0,1749.0,1839.0,1733.0,1666.0,1457.0,1303.0,984.0,758.0,512.0,272.0,155.0,53.0,13.0,2.0,24585.0,0.0,24585.0,94.99,90.45,94.39,93.63,98.43,98.38,99.39,97.19,94.0,90.91,74.58,81.05,98.67,94.01,0.0,94.01,0.0,0.0,0.0,0.0,0.0,0.0,0.0,0.0,0.0,0.0,0.0,0.0,0.0,0.0,0.0,0.0,35.0,36.0,35.0,0.0,35.0,96.72,112.93,99.99,0.0,99.99,80.76,89.03,82.53,0.0,82.53,0.0,0.0,0.0,0.0,0.0,0.0,0.0,0.0,0.0,0.0,0.0,0.0,0.0,0.0,0.0
3502754,0.0,0.0,0.0,0.0,0.0,0.0,0.0,0.0,0.0,21522.0,0.0,21522.0,0.0,0.0,0.0,0.0,0.0,0.0,0.0,0.0,0.0,0.0,0.0,0.0,0.0,0.0,0.0,0.0,0.0,0.0,0.0,0.0,0.0,0.0,0.0,0.0,0.0,0.0,0.0,0.0,0.0,0.0,87.79,12.21,50.15,49.85,7.32,7.38,7.19,7.72,8.25,7.68,8.12,8.27,7.49,6.48,5.85,5.12,4.65,3.21,2.46,1.48,0.74,0.39,0.14,0.03,0.01,100.0,0.0,100.0,0.0,0.0,0.0,0.0,0.0,0.0,0.0,0.0,0.0,0.0,0.0,0.0,0.0,0.0,0.0,0.0,0.0,0.0,0.0,0.0,0.0,0.0,0.0,0.0,0.0,0.0,0.0,0.0,0.0,0.0,0.0,0.0,0.0,0.0,0.0,0.0,0.0,0.0,0.0,0.0,0.0,0.0,0.0,0.0,0.0,0.0,0.0,0.0,0.0,0.0,0.0,0.0,0.0,0.0,0.0,0.0,0.0,0.0,0.0,0.0,0.0,0.0,0.0,0.0,0.0,0.0,0.0,0.0,0.0,0.0,0.0,0.0,0.0,0.0,0.0,0.0,0.0,0.0,0.0,0.0,0.0,0.0,0.0,0.0,18895.0,2627.0,10793.0,10729.0,1576.0,1589.0,1548.0,1662.0,1775.0,1653.0,1747.0,1779.0,1612.0,1395.0,1260.0,1103.0,1001.0,691.0,530.0,319.0,160.0,83.0,31.0,6.0,2.0,21522.0,0.0,21522.0,95.13,93.54,94.79,95.07,99.27,98.94,99.71,97.23,94.31,90.78,72.21,80.46,99.19,94.93,0.0,94.93,0.0,0.0,0.0,0.0,0.0,0.0,0.0,0.0,0.0,0.0,0.0,0.0,0.0,0.0,0.0,0.0,32.0,36.0,32.0,0.0,32.0,99.84,106.2,100.6,0.0,100.6,56.06,90.79,59.9,0.0,59.9,0.0,0.0,0.0,0.0,0.0,0.0,0.0,0.0,0.0,0.0,0.0,0.0,0.0,0.0,0.0
3502804,0.0,0.0,0.0,0.0,0.0,0.0,0.0,0.0,0.0,200124.0,0.0,200124.0,0.0,0.0,0.0,0.0,0.0,0.0,0.0,0.0,0.0,0.0,0.0,0.0,0.0,0.0,0.0,0.0,0.0,0.0,0.0,0.0,0.0,0.0,0.0,0.0,0.0,0.0,0.0,0.0,0.0,0.0,98.31,1.69,47.56,52.44,5.22,5.86,5.79,5.6,6.74,7.09,7.36,8.0,8.13,7.17,6.85,6.62,5.84,4.79,3.6,2.47,1.57,0.86,0.34,0.09,0.01,100.0,0.0,100.0,0.0,0.0,0.0,0.0,0.0,0.0,0.0,0.0,0.0,0.0,0.0,0.0,0.0,0.0,0.0,0.0,0.0,0.0,0.0,0.0,0.0,0.0,0.0,0.0,0.0,0.0,0.0,0.0,0.0,0.0,0.0,0.0,0.0,0.0,0.0,0.0,0.0,0.0,0.0,0.0,0.0,0.0,0.0,0.0,0.0,0.0,0.0,0.0,0.0,0.0,0.0,0.0,0.0,0.0,0.0,0.0,0.0,0.0,0.0,0.0,0.0,0.0,0.0,0.0,0.0,0.0,0.0,0.0,0.0,0.0,0.0,0.0,0.0,0.0,0.0,0.0,0.0,0.0,0.0,0.0,0.0,0.0,0.0,0.0,196751.0,3373.0,95188.0,104936.0,10442.0,11718.0,11583.0,11201.0,13495.0,14181.0,14724.0,16005.0,16275.0,14350.0,13713.0,13250.0,11686.0,9593.0,7197.0,4951.0,3144.0,1717.0,686.0,186.0,27.0,200124.0,0.0,200124.0,97.46,93.91,97.66,97.17,99.28,99.15,99.13,98.81,98.14,96.94,87.62,91.93,99.19,97.4,0.0,97.4,0.0,0.0,0.0,0.0,0.0,0.0,0.0,0.0,0.0,0.0,0.0,0.0,0.0,0.0,0.0,0.0,38.0,43.0,38.0,0.0,38.0,90.28,119.6,90.71,0.0,90.71,115.7,141.49,116.13,0.0,116.13,0.0,0.0,0.0,0.0,0.0,0.0,0.0,0.0,0.0,0.0,0.0,0.0,0.0,0.0,0.0
3502903,0.0,0.0,0.0,0.0,0.0,0.0,0.0,0.0,0.0,32443.0,0.0,32443.0,0.0,0.0,0.0,0.0,0.0,0.0,0.0,0.0,0.0,0.0,0.0,0.0,0.0,0.0,0.0,0.0,0.0,0.0,0.0,0.0,0.0,0.0,0.0,0.0,0.0,0.0,0.0,0.0,0.0,0.0,88.87,11.13,49.71,50.29,4.75,6.04,6.05,6.23,6.34,5.75,6.4,7.28,8.05,7.4,6.99,7.06,7.15,5.91,3.94,2.3,1.29,0.68,0.28,0.08,0.02,100.0,0.0,100.0,0.0,0.0,0.0,0.0,0.0,0.0,0.0,0.0,0.0,0.0,0.0,0.0,0.0,0.0,0.0,0.0,0.0,0.0,0.0,0.0,0.0,0.0,0.0,0.0,0.0,0.0,0.0,0.0,0.0,0.0,0.0,0.0,0.0,0.0,0.0,0.0,0.0,0.0,0.0,0.0,0.0,0.0,0.0,0.0,0.0,0.0,0.0,0.0,0.0,0.0,0.0,0.0,0.0,0.0,0.0,0.0,0.0,0.0,0.0,0.0,0.0,0.0,0.0,0.0,0.0,0.0,0.0,0.0,0.0,0.0,0.0,0.0,0.0,0.0,0.0,0.0,0.0,0.0,0.0,0.0,0.0,0.0,0.0,0.0,28831.0,3612.0,16126.0,16317.0,1541.0,1961.0,1962.0,2020.0,2057.0,1865.0,2075.0,2363.0,2612.0,2400.0,2269.0,2290.0,2320.0,1916.0,1279.0,747.0,420.0,221.0,92.0,25.0,8.0,32443.0,0.0,32443.0,97.14,95.96,97.13,96.88,98.54,98.83,99.52,98.63,97.73,96.42,87.11,91.97,98.83,97.01,0.0,97.01,0.0,0.0,0.0,0.0,0.0,0.0,0.0,0.0,0.0,0.0,0.0,0.0,0.0,0.0,0.0,0.0,40.0,40.0,40.0,0.0,40.0,97.73,108.06,98.83,0.0,98.83,130.12,116.86,128.62,0.0,128.62,0.0,0.0,0.0,0.0,0.0,0.0,0.0,0.0,0.0,0.0,0.0,0.0,0.0,0.0,0.0
3503000,0.0,0.0,0.0,0.0,0.0,0.0,0.0,0.0,0.0,5420.0,0.0,5420.0,0.0,0.0,0.0,0.0,0.0,0.0,0.0,0.0,0.0,0.0,0.0,0.0,0.0,0.0,0.0,0.0,0.0,0.0,0.0,0.0,0.0,0.0,0.0,0.0,0.0,0.0,0.0,0.0,0.0,0.0,95.02,4.98,48.71,51.29,5.06,6.4,6.4,6.18,5.77,6.9,7.32,7.6,6.92,6.68,6.72,7.23,6.29,4.94,3.34,2.8,2.01,0.87,0.41,0.15,0.0,100.0,0.0,100.0,0.0,0.0,0.0,0.0,0.0,0.0,0.0,0.0,0.0,0.0,0.0,0.0,0.0,0.0,0.0,0.0,0.0,0.0,0.0,0.0,0.0,0.0,0.0,0.0,0.0,0.0,0.0,0.0,0.0,0.0,0.0,0.0,0.0,0.0,0.0,0.0,0.0,0.0,0.0,0.0,0.0,0.0,0.0,0.0,0.0,0.0,0.0,0.0,0.0,0.0,0.0,0.0,0.0,0.0,0.0,0.0,0.0,0.0,0.0,0.0,0.0,0.0,0.0,0.0,0.0,0.0,0.0,0.0,0.0,0.0,0.0,0.0,0.0,0.0,0.0,0.0,0.0,0.0,0.0,0.0,0.0,0.0,0.0,0.0,5150.0,270.0,2640.0,2780.0,274.0,347.0,347.0,335.0,313.0,374.0,397.0,412.0,375.0,362.0,364.0,392.0,341.0,268.0,181.0,152.0,109.0,47.0,22.0,8.0,0.0,5420.0,0.0,5420.0,95.38,89.08,95.38,94.76,99.36,99.48,99.52,97.59,95.45,94.27,80.18,84.88,100.0,95.06,0.0,95.06,0.0,0.0,0.0,0.0,0.0,0.0,0.0,0.0,0.0,0.0,0.0,0.0,0.0,0.0,0.0,0.0,38.0,42.0,39.0,0.0,39.0,92.81,147.71,94.96,0.0,94.96,114.78,156.1,116.53,0.0,116.53,0.0,0.0,0.0,0.0,0.0,0.0,0.0,0.0,0.0,0.0,0.0,0.0,0.0,0.0,0.0
3503109,0.0,0.0,0.0,0.0,0.0,0.0,0.0,0.0,0.0,6885.0,0.0,6885.0,0.0,0.0,0.0,0.0,0.0,0.0,0.0,0.0,0.0,0.0,0.0,0.0,0.0,0.0,0.0,0.0,0.0,0.0,0.0,0.0,0.0,0.0,0.0,0.0,0.0,0.0,0.0,0.0,0.0,0.0,81.03,18.97,50.23,49.77,6.75,6.81,6.75,6.51,7.48,7.13,7.47,7.04,7.18,6.81,6.54,5.46,5.62,4.76,3.31,2.08,1.18,0.77,0.29,0.06,0.0,100.0,0.0,100.0,0.0,0.0,0.0,0.0,0.0,0.0,0.0,0.0,0.0,0.0,0.0,0.0,0.0,0.0,0.0,0.0,0.0,0.0,0.0,0.0,0.0,0.0,0.0,0.0,0.0,0.0,0.0,0.0,0.0,0.0,0.0,0.0,0.0,0.0,0.0,0.0,0.0,0.0,0.0,0.0,0.0,0.0,0.0,0.0,0.0,0.0,0.0,0.0,0.0,0.0,0.0,0.0,0.0,0.0,0.0,0.0,0.0,0.0,0.0,0.0,0.0,0.0,0.0,0.0,0.0,0.0,0.0,0.0,0.0,0.0,0.0,0.0,0.0,0.0,0.0,0.0,0.0,0.0,0.0,0.0,0.0,0.0,0.0,0.0,5579.0,1306.0,3458.0,3427.0,465.0,469.0,465.0,448.0,515.0,491.0,514.0,485.0,494.0,469.0,450.0,376.0,387.0,328.0,228.0,143.0,81.0,53.0,20.0,4.0,0.0,6885.0,0.0,6885.0,94.03,92.12,93.95,93.4,99.03,98.11,99.26,96.94,94.34,90.3,71.76,80.86,99.44,93.67,0.0,93.67,0.0,0.0,0.0,0.0,0.0,0.0,0.0,0.0,0.0,0.0,0.0,0.0,0.0,0.0,0.0,0.0,35.0,36.0,35.0,0.0,35.0,98.82,110.31,100.9,0.0,100.9,87.78,93.53,88.92,0.0,88.92,0.0,0.0,0.0,0.0,0.0,0.0,0.0,0.0,0.0,0.0,0.0,0.0,0.0,0.0,0.0
3503158,0.0,0.0,0.0,0.0,0.0,0.0,0.0,0.0,0.0,2330.0,0.0,2330.0,0.0,0.0,0.0,0.0,0.0,0.0,0.0,0.0,0.0,0.0,0.0,0.0,0.0,0.0,0.0,0.0,0.0,0.0,0.0,0.0,0.0,0.0,0.0,0.0,0.0,0.0,0.0,0.0,0.0,0.0,67.68,32.32,49.27,50.73,5.02,5.54,6.78,7.08,6.31,5.88,6.18,6.14,6.48,6.87,7.34,8.5,6.82,6.14,3.61,2.4,1.42,1.12,0.3,0.09,0.0,100.0,0.0,100.0,0.0,0.0,0.0,0.0,0.0,0.0,0.0,0.0,0.0,0.0,0.0,0.0,0.0,0.0,0.0,0.0,0.0,0.0,0.0,0.0,0.0,0.0,0.0,0.0,0.0,0.0,0.0,0.0,0.0,0.0,0.0,0.0,0.0,0.0,0.0,0.0,0.0,0.0,0.0,0.0,0.0,0.0,0.0,0.0,0.0,0.0,0.0,0.0,0.0,0.0,0.0,0.0,0.0,0.0,0.0,0.0,0.0,0.0,0.0,0.0,0.0,0.0,0.0,0.0,0.0,0.0,0.0,0.0,0.0,0.0,0.0,0.0,0.0,0.0,0.0,0.0,0.0,0.0,0.0,0.0,0.0,0.0,0.0,0.0,1577.0,753.0,1148.0,1182.0,117.0,129.0,158.0,165.0,147.0,137.0,144.0,143.0,151.0,160.0,171.0,198.0,159.0,143.0,84.0,56.0,33.0,26.0,7.0,2.0,0.0,2330.0,0.0,2330.0,95.26,90.3,94.2,93.25,98.64,98.58,100.0,98.98,94.26,93.0,70.97,80.63,100.0,93.72,0.0,93.72,0.0,0.0,0.0,0.0,0.0,0.0,0.0,0.0,0.0,0.0,0.0,0.0,0.0,0.0,0.0,0.0,41.0,39.0,40.0,0.0,40.0,94.21,103.51,97.12,0.0,97.12,144.58,96.77,126.24,0.0,126.24,0.0,0.0,0.0,0.0,0.0,0.0,0.0,0.0,0.0,0.0,0.0,0.0,0.0,0.0,0.0
3503208,0.0,0.0,0.0,0.0,0.0,0.0,0.0,0.0,0.0,242228.0,0.0,242228.0,0.0,0.0,0.0,0.0,0.0,0.0,0.0,0.0,0.0,0.0,0.0,0.0,0.0,0.0,0.0,0.0,0.0,0.0,0.0,0.0,0.0,0.0,0.0,0.0,0.0,0.0,0.0,0.0,0.0,0.0,98.51,1.49,47.96,52.04,5.2,5.94,5.76,5.86,6.76,7.39,7.91,8.33,8.47,6.96,6.47,6.19,5.68,4.6,3.41,2.26,1.47,0.86,0.37,0.09,0.02,100.0,0.0,100.0,0.0,0.0,0.0,0.0,0.0,0.0,0.0,0.0,0.0,0.0,0.0,0.0,0.0,0.0,0.0,0.0,0.0,0.0,0.0,0.0,0.0,0.0,0.0,0.0,0.0,0.0,0.0,0.0,0.0,0.0,0.0,0.0,0.0,0.0,0.0,0.0,0.0,0.0,0.0,0.0,0.0,0.0,0.0,0.0,0.0,0.0,0.0,0.0,0.0,0.0,0.0,0.0,0.0,0.0,0.0,0.0,0.0,0.0,0.0,0.0,0.0,0.0,0.0,0.0,0.0,0.0,0.0,0.0,0.0,0.0,0.0,0.0,0.0,0.0,0.0,0.0,0.0,0.0,0.0,0.0,0.0,0.0,0.0,0.0,238618.0,3610.0,116176.0,126052.0,12597.0,14387.0,13964.0,14185.0,16370.0,17903.0,19149.0,20185.0,20528.0,16856.0,15673.0,14986.0,13762.0,11137.0,8267.0,5481.0,3566.0,2073.0,902.0,218.0,39.0,242228.0,0.0,242228.0,97.7,92.24,97.78,97.47,99.16,99.28,99.06,98.88,97.7,96.8,89.86,93.23,99.3,97.62,0.0,97.62,0.0,0.0,0.0,0.0,0.0,0.0,0.0,0.0,0.0,0.0,0.0,0.0,0.0,0.0,0.0,0.0,38.0,41.0,38.0,0.0,38.0,91.76,122.98,92.17,0.0,92.17,110.61,137.01,110.98,0.0,110.98,0.0,0.0,0.0,0.0,0.0,0.0,0.0,0.0,0.0,0.0,0.0,0.0,0.0,0.0,0.0
3503307,0.0,0.0,0.0,0.0,0.0,0.0,0.0,0.0,0.0,130866.0,0.0,130866.0,0.0,0.0,0.0,0.0,0.0,0.0,0.0,0.0,0.0,0.0,0.0,0.0,0.0,0.0,0.0,0.0,0.0,0.0,0.0,0.0,0.0,0.0,0.0,0.0,0.0,0.0,0.0,0.0,0.0,0.0,97.03,2.97,48.39,51.61,5.44,5.99,5.83,5.99,6.7,7.42,7.83,8.15,8.24,6.93,6.6,6.38,5.69,4.54,3.34,2.22,1.47,0.8,0.34,0.07,0.01,100.0,0.0,100.0,0.0,0.0,0.0,0.0,0.0,0.0,0.0,0.0,0.0,0.0,0.0,0.0,0.0,0.0,0.0,0.0,0.0,0.0,0.0,0.0,0.0,0.0,0.0,0.0,0.0,0.0,0.0,0.0,0.0,0.0,0.0,0.0,0.0,0.0,0.0,0.0,0.0,0.0,0.0,0.0,0.0,0.0,0.0,0.0,0.0,0.0,0.0,0.0,0.0,0.0,0.0,0.0,0.0,0.0,0.0,0.0,0.0,0.0,0.0,0.0,0.0,0.0,0.0,0.0,0.0,0.0,0.0,0.0,0.0,0.0,0.0,0.0,0.0,0.0,0.0,0.0,0.0,0.0,0.0,0.0,0.0,0.0,0.0,0.0,126982.0,3884.0,63328.0,67538.0,7122.0,7838.0,7631.0,7841.0,8774.0,9711.0,10252.0,10661.0,10783.0,9075.0,8640.0,8352.0,7452.0,5937.0,4368.0,2909.0,1926.0,1046.0,445.0,90.0,13.0,130866.0,0.0,130866.0,96.93,92.72,96.93,96.7,99.11,99.05,98.98,98.44,96.74,95.58,87.07,91.01,99.17,96.81,0.0,96.81,0.0,0.0,0.0,0.0,0.0,0.0,0.0,0.0,0.0,0.0,0.0,0.0,0.0,0.0,0.0,0.0,37.0,40.0,37.0,0.0,37.0,93.26,111.89,93.77,0.0,93.77,106.89,112.45,107.06,0.0,107.06,0.0,0.0,0.0,0.0,0.0,0.0,0.0,0.0,0.0,0.0,0.0,0.0,0.0,0.0,0.0
3503356,0.0,0.0,0.0,0.0,0.0,0.0,0.0,0.0,0.0,2044.0,0.0,2044.0,0.0,0.0,0.0,0.0,0.0,0.0,0.0,0.0,0.0,0.0,0.0,0.0,0.0,0.0,0.0,0.0,0.0,0.0,0.0,0.0,0.0,0.0,0.0,0.0,0.0,0.0,0.0,0.0,0.0,0.0,63.89,36.11,50.44,49.56,5.97,7.24,6.07,6.12,6.46,5.97,5.87,7.88,7.19,5.38,6.65,7.34,7.05,4.45,3.86,3.33,1.91,0.88,0.29,0.1,0.0,100.0,0.0,100.0,0.0,0.0,0.0,0.0,0.0,0.0,0.0,0.0,0.0,0.0,0.0,0.0,0.0,0.0,0.0,0.0,0.0,0.0,0.0,0.0,0.0,0.0,0.0,0.0,0.0,0.0,0.0,0.0,0.0,0.0,0.0,0.0,0.0,0.0,0.0,0.0,0.0,0.0,0.0,0.0,0.0,0.0,0.0,0.0,0.0,0.0,0.0,0.0,0.0,0.0,0.0,0.0,0.0,0.0,0.0,0.0,0.0,0.0,0.0,0.0,0.0,0.0,0.0,0.0,0.0,0.0,0.0,0.0,0.0,0.0,0.0,0.0,0.0,0.0,0.0,0.0,0.0,0.0,0.0,0.0,0.0,0.0,0.0,0.0,1306.0,738.0,1031.0,1013.0,122.0,148.0,124.0,125.0,132.0,122.0,120.0,161.0,147.0,110.0,136.0,150.0,144.0,91.0,79.0,68.0,39.0,18.0,6.0,2.0,0.0,2044.0,0.0,2044.0,90.76,95.59,93.45,91.52,97.73,98.35,96.39,97.73,97.15,93.88,61.65,72.94,100.0,92.48,0.0,92.48,0.0,0.0,0.0,0.0,0.0,0.0,0.0,0.0,0.0,0.0,0.0,0.0,0.0,0.0,0.0,0.0,39.0,37.0,38.0,0.0,38.0,92.06,121.62,101.78,0.0,101.78,122.04,99.33,113.45,0.0,113.45,0.0,0.0,0.0,0.0,0.0,0.0,0.0,0.0,0.0,0.0,0.0,0.0,0.0,0.0,0.0
3503406,0.0,0.0,0.0,0.0,0.0,0.0,0.0,0.0,0.0,8130.0,0.0,8130.0,0.0,0.0,0.0,0.0,0.0,0.0,0.0,0.0,0.0,0.0,0.0,0.0,0.0,0.0,0.0,0.0,0.0,0.0,0.0,0.0,0.0,0.0,0.0,0.0,0.0,0.0,0.0,0.0,0.0,0.0,78.59,21.41,49.84,50.16,5.33,5.76,5.61,5.99,5.84,6.05,6.01,6.45,7.1,6.65,6.0,7.7,7.37,6.24,4.77,3.43,2.08,0.95,0.54,0.12,0.01,100.0,0.0,100.0,0.0,0.0,0.0,0.0,0.0,0.0,0.0,0.0,0.0,0.0,0.0,0.0,0.0,0.0,0.0,0.0,0.0,0.0,0.0,0.0,0.0,0.0,0.0,0.0,0.0,0.0,0.0,0.0,0.0,0.0,0.0,0.0,0.0,0.0,0.0,0.0,0.0,0.0,0.0,0.0,0.0,0.0,0.0,0.0,0.0,0.0,0.0,0.0,0.0,0.0,0.0,0.0,0.0,0.0,0.0,0.0,0.0,0.0,0.0,0.0,0.0,0.0,0.0,0.0,0.0,0.0,0.0,0.0,0.0,0.0,0.0,0.0,0.0,0.0,0.0,0.0,0.0,0.0,0.0,0.0,0.0,0.0,0.0,0.0,6389.0,1741.0,4052.0,4078.0,433.0,468.0,456.0,487.0,475.0,492.0,489.0,524.0,577.0,541.0,488.0,626.0,599.0,507.0,388.0,279.0,169.0,77.0,44.0,10.0,1.0,8130.0,0.0,8130.0,96.37,95.54,96.14,96.24,98.95,98.37,97.82,98.18,96.4,96.33,88.97,91.32,99.53,96.19,0.0,96.19,0.0,0.0,0.0,0.0,0.0,0.0,0.0,0.0,0.0,0.0,0.0,0.0,0.0,0.0,0.0,0.0,41.0,45.0,41.0,0.0,41.0,95.98,112.84,99.36,0.0,99.36,147.72,172.34,152.84,0.0,152.84,0.0,0.0,0.0,0.0,0.0,0.0,0.0,0.0,0.0,0.0,0.0,0.0,0.0,0.0,0.0
3503505,0.0,0.0,0.0,0.0,0.0,0.0,0.0,0.0,0.0,3577.0,0.0,3577.0,0.0,0.0,0.0,0.0,0.0,0.0,0.0,0.0,0.0,0.0,0.0,0.0,0.0,0.0,0.0,0.0,0.0,0.0,0.0,0.0,0.0,0.0,0.0,0.0,0.0,0.0,0.0,0.0,0.0,0.0,77.5,22.5,50.27,49.73,6.29,6.46,6.51,7.13,6.71,6.68,6.71,6.79,8.19,6.74,6.35,6.43,5.76,4.81,3.02,2.29,1.65,0.7,0.56,0.17,0.06,100.0,0.0,100.0,0.0,0.0,0.0,0.0,0.0,0.0,0.0,0.0,0.0,0.0,0.0,0.0,0.0,0.0,0.0,0.0,0.0,0.0,0.0,0.0,0.0,0.0,0.0,0.0,0.0,0.0,0.0,0.0,0.0,0.0,0.0,0.0,0.0,0.0,0.0,0.0,0.0,0.0,0.0,0.0,0.0,0.0,0.0,0.0,0.0,0.0,0.0,0.0,0.0,0.0,0.0,0.0,0.0,0.0,0.0,0.0,0.0,0.0,0.0,0.0,0.0,0.0,0.0,0.0,0.0,0.0,0.0,0.0,0.0,0.0,0.0,0.0,0.0,0.0,0.0,0.0,0.0,0.0,0.0,0.0,0.0,0.0,0.0,0.0,2772.0,805.0,1798.0,1779.0,225.0,231.0,233.0,255.0,240.0,239.0,240.0,243.0,293.0,241.0,227.0,230.0,206.0,172.0,108.0,82.0,59.0,25.0,20.0,6.0,2.0,3577.0,0.0,3577.0,94.0,93.9,93.85,94.09,99.58,97.7,98.69,98.32,93.8,91.97,69.59,81.65,100.0,93.98,0.0,93.98,0.0,0.0,0.0,0.0,0.0,0.0,0.0,0.0,0.0,0.0,0.0,0.0,0.0,0.0,0.0,0.0,37.0,38.0,37.0,0.0,37.0,97.16,115.82,101.07,0.0,101.07,100.57,92.77,98.69,0.0,98.69,0.0,0.0,0.0,0.0,0.0,0.0,0.0,0.0,0.0,0.0,0.0,0.0,0.0,0.0,0.0
3503604,0.0,0.0,0.0,0.0,0.0,0.0,0.0,0.0,0.0,10130.0,0.0,10130.0,0.0,0.0,0.0,0.0,0.0,0.0,0.0,0.0,0.0,0.0,0.0,0.0,0.0,0.0,0.0,0.0,0.0,0.0,0.0,0.0,0.0,0.0,0.0,0.0,0.0,0.0,0.0,0.0,0.0,0.0,97.75,2.25,50.41,49.59,6.31,6.72,7.16,7.19,8.13,7.37,7.99,7.83,7.77,6.7,7.24,6.14,4.45,3.29,2.4,1.53,1.08,0.49,0.18,0.04,0.0,100.0,0.0,100.0,0.0,0.0,0.0,0.0,0.0,0.0,0.0,0.0,0.0,0.0,0.0,0.0,0.0,0.0,0.0,0.0,0.0,0.0,0.0,0.0,0.0,0.0,0.0,0.0,0.0,0.0,0.0,0.0,0.0,0.0,0.0,0.0,0.0,0.0,0.0,0.0,0.0,0.0,0.0,0.0,0.0,0.0,0.0,0.0,0.0,0.0,0.0,0.0,0.0,0.0,0.0,0.0,0.0,0.0,0.0,0.0,0.0,0.0,0.0,0.0,0.0,0.0,0.0,0.0,0.0,0.0,0.0,0.0,0.0,0.0,0.0,0.0,0.0,0.0,0.0,0.0,0.0,0.0,0.0,0.0,0.0,0.0,0.0,0.0,9902.0,228.0,5107.0,5023.0,639.0,681.0,725.0,728.0,824.0,747.0,809.0,793.0,787.0,679.0,733.0,622.0,451.0,333.0,243.0,155.0,109.0,50.0,18.0,4.0,0.0,10130.0,0.0,10130.0,93.76,91.76,94.86,92.56,99.03,98.52,98.39,97.85,94.33,87.98,66.67,75.55,98.63,93.72,0.0,93.72,0.0,0.0,0.0,0.0,0.0,0.0,0.0,0.0,0.0,0.0,0.0,0.0,0.0,0.0,0.0,0.0,34.0,38.0,34.0,0.0,34.0,101.26,121.36,101.67,0.0,101.67,66.48,73.91,66.65,0.0,66.65,0.0,0.0,0.0,0.0,0.0,0.0,0.0,0.0,0.0,0.0,0.0,0.0,0.0,0.0,0.0
3503703,0.0,0.0,0.0,0.0,0.0,0.0,0.0,0.0,0.0,7602.0,0.0,7602.0,0.0,0.0,0.0,0.0,0.0,0.0,0.0,0.0,0.0,0.0,0.0,0.0,0.0,0.0,0.0,0.0,0.0,0.0,0.0,0.0,0.0,0.0,0.0,0.0,0.0,0.0,0.0,0.0,0.0,0.0,96.79,3.21,49.67,50.33,4.89,5.41,5.59,6.59,6.18,6.62,6.43,7.96,8.06,8.0,6.91,6.58,5.89,5.37,3.99,2.59,1.46,1.07,0.36,0.07,0.0,100.0,0.0,100.0,0.0,0.0,0.0,0.0,0.0,0.0,0.0,0.0,0.0,0.0,0.0,0.0,0.0,0.0,0.0,0.0,0.0,0.0,0.0,0.0,0.0,0.0,0.0,0.0,0.0,0.0,0.0,0.0,0.0,0.0,0.0,0.0,0.0,0.0,0.0,0.0,0.0,0.0,0.0,0.0,0.0,0.0,0.0,0.0,0.0,0.0,0.0,0.0,0.0,0.0,0.0,0.0,0.0,0.0,0.0,0.0,0.0,0.0,0.0,0.0,0.0,0.0,0.0,0.0,0.0,0.0,0.0,0.0,0.0,0.0,0.0,0.0,0.0,0.0,0.0,0.0,0.0,0.0,0.0,0.0,0.0,0.0,0.0,0.0,7358.0,244.0,3776.0,3826.0,372.0,411.0,425.0,501.0,470.0,503.0,489.0,605.0,613.0,608.0,525.0,500.0,448.0,408.0,303.0,197.0,111.0,81.0,27.0,5.0,0.0,7602.0,0.0,7602.0,94.42,91.63,94.91,93.75,98.3,99.19,99.31,97.78,95.68,93.57,73.16,81.63,100.0,94.32,0.0,94.32,0.0,0.0,0.0,0.0,0.0,0.0,0.0,0.0,0.0,0.0,0.0,0.0,0.0,0.0,0.0,0.0,39.0,48.0,40.0,0.0,40.0,97.64,136.89,98.69,0.0,98.69,128.67,217.24,130.79,0.0,130.79,0.0,0.0,0.0,0.0,0.0,0.0,0.0,0.0,0.0,0.0,0.0,0.0,0.0,0.0,0.0
3503802,0.0,0.0,0.0,0.0,0.0,0.0,0.0,0.0,0.0,51456.0,0.0,51456.0,0.0,0.0,0.0,0.0,0.0,0.0,0.0,0.0,0.0,0.0,0.0,0.0,0.0,0.0,0.0,0.0,0.0,0.0,0.0,0.0,0.0,0.0,0.0,0.0,0.0,0.0,0.0,0.0,0.0,0.0,93.62,6.38,49.24,50.76,6.06,6.51,6.58,6.95,7.68,7.75,7.78,8.48,8.14,6.91,6.41,5.67,4.98,3.93,2.69,1.67,1.03,0.55,0.19,0.05,0.01,100.0,0.0,100.0,0.0,0.0,0.0,0.0,0.0,0.0,0.0,0.0,0.0,0.0,0.0,0.0,0.0,0.0,0.0,0.0,0.0,0.0,0.0,0.0,0.0,0.0,0.0,0.0,0.0,0.0,0.0,0.0,0.0,0.0,0.0,0.0,0.0,0.0,0.0,0.0,0.0,0.0,0.0,0.0,0.0,0.0,0.0,0.0,0.0,0.0,0.0,0.0,0.0,0.0,0.0,0.0,0.0,0.0,0.0,0.0,0.0,0.0,0.0,0.0,0.0,0.0,0.0,0.0,0.0,0.0,0.0,0.0,0.0,0.0,0.0,0.0,0.0,0.0,0.0,0.0,0.0,0.0,0.0,0.0,0.0,0.0,0.0,0.0,48173.0,3283.0,25339.0,26117.0,3117.0,3350.0,3385.0,3577.0,3952.0,3986.0,4001.0,4362.0,4186.0,3558.0,3296.0,2919.0,2560.0,2021.0,1386.0,861.0,528.0,283.0,98.0,26.0,4.0,51456.0,0.0,51456.0,95.4,95.63,95.87,94.97,98.79,98.94,99.11,97.89,95.37,92.5,77.28,84.0,98.89,95.41,0.0,95.41,0.0,0.0,0.0,0.0,0.0,0.0,0.0,0.0,0.0,0.0,0.0,0.0,0.0,0.0,0.0,0.0,35.0,40.0,35.0,0.0,35.0,96.34,107.52,97.02,0.0,97.02,76.11,125.93,78.84,0.0,78.84,0.0,0.0,0.0,0.0,0.0,0.0,0.0,0.0,0.0,0.0,0.0,0.0,0.0,0.0,0.0
3503901,0.0,0.0,0.0,0.0,0.0,0.0,0.0,0.0,0.0,86678.0,0.0,86678.0,0.0,0.0,0.0,0.0,0.0,0.0,0.0,0.0,0.0,0.0,0.0,0.0,0.0,0.0,0.0,0.0,0.0,0.0,0.0,0.0,0.0,0.0,0.0,0.0,0.0,0.0,0.0,0.0,0.0,0.0,97.02,2.98,48.53,51.47,6.0,6.88,6.84,7.23,7.96,7.41,7.22,8.21,8.46,7.04,6.37,5.8,4.93,3.95,2.61,1.52,0.87,0.48,0.19,0.05,0.0,100.0,0.0,100.0,0.0,0.0,0.0,0.0,0.0,0.0,0.0,0.0,0.0,0.0,0.0,0.0,0.0,0.0,0.0,0.0,0.0,0.0,0.0,0.0,0.0,0.0,0.0,0.0,0.0,0.0,0.0,0.0,0.0,0.0,0.0,0.0,0.0,0.0,0.0,0.0,0.0,0.0,0.0,0.0,0.0,0.0,0.0,0.0,0.0,0.0,0.0,0.0,0.0,0.0,0.0,0.0,0.0,0.0,0.0,0.0,0.0,0.0,0.0,0.0,0.0,0.0,0.0,0.0,0.0,0.0,0.0,0.0,0.0,0.0,0.0,0.0,0.0,0.0,0.0,0.0,0.0,0.0,0.0,0.0,0.0,0.0,0.0,0.0,84095.0,2583.0,42064.0,44614.0,5204.0,5967.0,5925.0,6265.0,6897.0,6420.0,6255.0,7112.0,7330.0,6099.0,5518.0,5023.0,4271.0,3426.0,2263.0,1320.0,752.0,415.0,169.0,45.0,2.0,86678.0,0.0,86678.0,96.53,93.84,96.88,96.06,99.35,99.2,99.41,98.6,96.59,94.05,80.17,86.63,98.93,96.45,0.0,96.45,0.0,0.0,0.0,0.0,0.0,0.0,0.0,0.0,0.0,0.0,0.0,0.0,0.0,0.0,0.0,0.0,35.0,35.0,35.0,0.0,35.0,93.94,106.31,94.28,0.0,94.28,74.34,65.86,74.07,0.0,74.07,0.0,0.0,0.0,0.0,0.0,0.0,0.0,0.0,0.0,0.0,0.0,0.0,0.0,0.0,0.0
3503950,0.0,0.0,0.0,0.0,0.0,0.0,0.0,0.0,0.0,1842.0,0.0,1842.0,0.0,0.0,0.0,0.0,0.0,0.0,0.0,0.0,0.0,0.0,0.0,0.0,0.0,0.0,0.0,0.0,0.0,0.0,0.0,0.0,0.0,0.0,0.0,0.0,0.0,0.0,0.0,0.0,0.0,0.0,78.45,21.55,49.78,50.22,5.65,6.24,5.43,5.81,5.48,5.75,5.27,6.73,7.27,6.68,8.2,7.76,6.3,5.27,5.27,3.42,2.12,0.71,0.65,0.0,0.0,100.0,0.0,100.0,0.0,0.0,0.0,0.0,0.0,0.0,0.0,0.0,0.0,0.0,0.0,0.0,0.0,0.0,0.0,0.0,0.0,0.0,0.0,0.0,0.0,0.0,0.0,0.0,0.0,0.0,0.0,0.0,0.0,0.0,0.0,0.0,0.0,0.0,0.0,0.0,0.0,0.0,0.0,0.0,0.0,0.0,0.0,0.0,0.0,0.0,0.0,0.0,0.0,0.0,0.0,0.0,0.0,0.0,0.0,0.0,0.0,0.0,0.0,0.0,0.0,0.0,0.0,0.0,0.0,0.0,0.0,0.0,0.0,0.0,0.0,0.0,0.0,0.0,0.0,0.0,0.0,0.0,0.0,0.0,0.0,0.0,0.0,0.0,1445.0,397.0,917.0,925.0,104.0,115.0,100.0,107.0,101.0,106.0,97.0,124.0,134.0,123.0,151.0,143.0,116.0,97.0,97.0,63.0,39.0,13.0,12.0,0.0,0.0,1842.0,0.0,1842.0,89.35,95.45,91.59,89.79,99.01,97.54,98.51,95.35,93.07,90.73,61.42,75.39,97.5,90.68,0.0,90.68,0.0,0.0,0.0,0.0,0.0,0.0,0.0,0.0,0.0,0.0,0.0,0.0,0.0,0.0,0.0,0.0,41.0,46.0,42.0,0.0,42.0,93.96,120.56,99.14,0.0,99.14,131.75,156.72,136.99,0.0,136.99,0.0,0.0,0.0,0.0,0.0,0.0,0.0,0.0,0.0,0.0,0.0,0.0,0.0,0.0,0.0
3504008,0.0,0.0,0.0,0.0,0.0,0.0,0.0,0.0,0.0,101409.0,0.0,101409.0,0.0,0.0,0.0,0.0,0.0,0.0,0.0,0.0,0.0,0.0,0.0,0.0,0.0,0.0,0.0,0.0,0.0,0.0,0.0,0.0,0.0,0.0,0.0,0.0,0.0,0.0,0.0,0.0,0.0,0.0,96.27,3.73,48.15,51.85,5.13,6.16,5.97,5.98,6.84,7.23,7.5,7.74,8.06,6.96,6.73,6.53,5.84,4.68,3.47,2.37,1.46,0.88,0.37,0.08,0.02,100.0,0.0,100.0,0.0,0.0,0.0,0.0,0.0,0.0,0.0,0.0,0.0,0.0,0.0,0.0,0.0,0.0,0.0,0.0,0.0,0.0,0.0,0.0,0.0,0.0,0.0,0.0,0.0,0.0,0.0,0.0,0.0,0.0,0.0,0.0,0.0,0.0,0.0,0.0,0.0,0.0,0.0,0.0,0.0,0.0,0.0,0.0,0.0,0.0,0.0,0.0,0.0,0.0,0.0,0.0,0.0,0.0,0.0,0.0,0.0,0.0,0.0,0.0,0.0,0.0,0.0,0.0,0.0,0.0,0.0,0.0,0.0,0.0,0.0,0.0,0.0,0.0,0.0,0.0,0.0,0.0,0.0,0.0,0.0,0.0,0.0,0.0,97630.0,3779.0,48826.0,52583.0,5207.0,6248.0,6058.0,6066.0,6936.0,7332.0,7607.0,7850.0,8172.0,7058.0,6828.0,6624.0,5921.0,4743.0,3515.0,2404.0,1476.0,894.0,371.0,80.0,19.0,101409.0,0.0,101409.0,97.45,95.68,97.61,97.18,99.22,99.03,99.01,98.72,97.73,96.84,88.12,92.42,99.14,97.38,0.0,97.38,0.0,0.0,0.0,0.0,0.0,0.0,0.0,0.0,0.0,0.0,0.0,0.0,0.0,0.0,0.0,0.0,38.0,36.0,38.0,0.0,38.0,89.84,226.9,92.86,0.0,92.86,109.93,150.71,110.91,0.0,110.91,0.0,0.0,0.0,0.0,0.0,0.0,0.0,0.0,0.0,0.0,0.0,0.0,0.0,0.0,0.0
3504107,0.0,0.0,0.0,0.0,0.0,0.0,0.0,0.0,0.0,158647.0,0.0,158647.0,0.0,0.0,0.0,0.0,0.0,0.0,0.0,0.0,0.0,0.0,0.0,0.0,0.0,0.0,0.0,0.0,0.0,0.0,0.0,0.0,0.0,0.0,0.0,0.0,0.0,0.0,0.0,0.0,0.0,0.0,89.67,10.33,48.44,51.56,5.71,6.46,6.22,6.06,6.75,6.66,7.51,8.23,8.58,7.24,6.49,6.03,5.4,4.46,3.32,2.19,1.39,0.83,0.36,0.1,0.01,100.0,0.0,100.0,0.0,0.0,0.0,0.0,0.0,0.0,0.0,0.0,0.0,0.0,0.0,0.0,0.0,0.0,0.0,0.0,0.0,0.0,0.0,0.0,0.0,0.0,0.0,0.0,0.0,0.0,0.0,0.0,0.0,0.0,0.0,0.0,0.0,0.0,0.0,0.0,0.0,0.0,0.0,0.0,0.0,0.0,0.0,0.0,0.0,0.0,0.0,0.0,0.0,0.0,0.0,0.0,0.0,0.0,0.0,0.0,0.0,0.0,0.0,0.0,0.0,0.0,0.0,0.0,0.0,0.0,0.0,0.0,0.0,0.0,0.0,0.0,0.0,0.0,0.0,0.0,0.0,0.0,0.0,0.0,0.0,0.0,0.0,0.0,142259.0,16388.0,76842.0,81805.0,9060.0,10241.0,9867.0,9607.0,10711.0,10573.0,11917.0,13060.0,13610.0,11482.0,10299.0,9561.0,8567.0,7080.0,5274.0,3469.0,2212.0,1309.0,575.0,157.0,16.0,158647.0,0.0,158647.0,96.85,93.79,96.57,96.53,99.06,98.57,99.13,98.22,97.1,95.0,86.79,90.29,99.07,96.55,0.0,96.55,0.0,0.0,0.0,0.0,0.0,0.0,0.0,0.0,0.0,0.0,0.0,0.0,0.0,0.0,0.0,0.0,38.0,35.0,37.0,0.0,37.0,92.57,106.66,93.93,0.0,93.93,101.9,71.1,98.25,0.0,98.25,0.0,0.0,0.0,0.0,0.0,0.0,0.0,0.0,0.0,0.0,0.0,0.0,0.0,0.0,0.0
3504206,0.0,0.0,0.0,0.0,0.0,0.0,0.0,0.0,0.0,13692.0,0.0,13692.0,0.0,0.0,0.0,0.0,0.0,0.0,0.0,0.0,0.0,0.0,0.0,0.0,0.0,0.0,0.0,0.0,0.0,0.0,0.0,0.0,0.0,0.0,0.0,0.0,0.0,0.0,0.0,0.0,0.0,0.0,90.32,9.68,49.32,50.68,5.01,5.79,5.49,5.89,5.95,6.52,7.15,7.07,7.69,7.22,6.86,7.62,6.36,5.07,4.05,2.93,1.69,1.06,0.49,0.08,0.0,100.0,0.0,100.0,0.0,0.0,0.0,0.0,0.0,0.0,0.0,0.0,0.0,0.0,0.0,0.0,0.0,0.0,0.0,0.0,0.0,0.0,0.0,0.0,0.0,0.0,0.0,0.0,0.0,0.0,0.0,0.0,0.0,0.0,0.0,0.0,0.0,0.0,0.0,0.0,0.0,0.0,0.0,0.0,0.0,0.0,0.0,0.0,0.0,0.0,0.0,0.0,0.0,0.0,0.0,0.0,0.0,0.0,0.0,0.0,0.0,0.0,0.0,0.0,0.0,0.0,0.0,0.0,0.0,0.0,0.0,0.0,0.0,0.0,0.0,0.0,0.0,0.0,0.0,0.0,0.0,0.0,0.0,0.0,0.0,0.0,0.0,0.0,12367.0,1325.0,6753.0,6939.0,686.0,793.0,752.0,807.0,814.0,893.0,979.0,968.0,1053.0,989.0,939.0,1044.0,871.0,694.0,555.0,401.0,231.0,145.0,67.0,11.0,0.0,13692.0,0.0,13692.0,95.08,92.56,95.2,94.49,98.65,99.04,98.96,97.97,96.52,95.56,74.85,82.89,98.47,94.83,0.0,94.83,0.0,0.0,0.0,0.0,0.0,0.0,0.0,0.0,0.0,0.0,0.0,0.0,0.0,0.0,0.0,0.0,40.0,43.0,40.0,0.0,40.0,95.4,117.21,97.32,0.0,97.32,131.37,152.38,133.35,0.0,133.35,0.0,0.0,0.0,0.0,0.0,0.0,0.0,0.0,0.0,0.0,0.0,0.0,0.0,0.0,0.0
3504305,0.0,0.0,0.0,0.0,0.0,0.0,0.0,0.0,0.0,4483.0,0.0,4483.0,0.0,0.0,0.0,0.0,0.0,0.0,0.0,0.0,0.0,0.0,0.0,0.0,0.0,0.0,0.0,0.0,0.0,0.0,0.0,0.0,0.0,0.0,0.0,0.0,0.0,0.0,0.0,0.0,0.0,0.0,66.16,33.84,49.63,50.37,6.49,7.03,6.13,6.56,6.67,7.27,7.09,7.27,6.85,6.74,6.56,6.45,6.09,4.89,3.39,2.41,1.14,0.62,0.25,0.11,0.0,100.0,0.0,100.0,0.0,0.0,0.0,0.0,0.0,0.0,0.0,0.0,0.0,0.0,0.0,0.0,0.0,0.0,0.0,0.0,0.0,0.0,0.0,0.0,0.0,0.0,0.0,0.0,0.0,0.0,0.0,0.0,0.0,0.0,0.0,0.0,0.0,0.0,0.0,0.0,0.0,0.0,0.0,0.0,0.0,0.0,0.0,0.0,0.0,0.0,0.0,0.0,0.0,0.0,0.0,0.0,0.0,0.0,0.0,0.0,0.0,0.0,0.0,0.0,0.0,0.0,0.0,0.0,0.0,0.0,0.0,0.0,0.0,0.0,0.0,0.0,0.0,0.0,0.0,0.0,0.0,0.0,0.0,0.0,0.0,0.0,0.0,0.0,2966.0,1517.0,2225.0,2258.0,291.0,315.0,275.0,294.0,299.0,326.0,318.0,326.0,307.0,302.0,294.0,289.0,273.0,219.0,152.0,108.0,51.0,28.0,11.0,5.0,0.0,4483.0,0.0,4483.0,93.73,94.14,94.67,93.06,97.66,98.29,97.73,95.1,94.8,92.35,76.35,84.49,95.76,93.86,0.0,93.86,0.0,0.0,0.0,0.0,0.0,0.0,0.0,0.0,0.0,0.0,0.0,0.0,0.0,0.0,0.0,0.0,38.0,33.0,36.0,0.0,36.0,92.85,110.69,98.54,0.0,98.54,103.76,82.97,96.14,0.0,96.14,0.0,0.0,0.0,0.0,0.0,0.0,0.0,0.0,0.0,0.0,0.0,0.0,0.0,0.0,0.0
3504404,0.0,0.0,0.0,0.0,0.0,0.0,0.0,0.0,0.0,11263.0,0.0,11263.0,0.0,0.0,0.0,0.0,0.0,0.0,0.0,0.0,0.0,0.0,0.0,0.0,0.0,0.0,0.0,0.0,0.0,0.0,0.0,0.0,0.0,0.0,0.0,0.0,0.0,0.0,0.0,0.0,0.0,0.0,85.61,14.39,55.09,44.91,5.5,6.24,6.47,6.51,9.21,9.98,8.52,7.77,7.51,6.14,5.97,5.39,4.66,3.73,2.61,1.86,1.07,0.59,0.23,0.05,0.0,100.0,0.0,100.0,0.0,0.0,0.0,0.0,0.0,0.0,0.0,0.0,0.0,0.0,0.0,0.0,0.0,0.0,0.0,0.0,0.0,0.0,0.0,0.0,0.0,0.0,0.0,0.0,0.0,0.0,0.0,0.0,0.0,0.0,0.0,0.0,0.0,0.0,0.0,0.0,0.0,0.0,0.0,0.0,0.0,0.0,0.0,0.0,0.0,0.0,0.0,0.0,0.0,0.0,0.0,0.0,0.0,0.0,0.0,0.0,0.0,0.0,0.0,0.0,0.0,0.0,0.0,0.0,0.0,0.0,0.0,0.0,0.0,0.0,0.0,0.0,0.0,0.0,0.0,0.0,0.0,0.0,0.0,0.0,0.0,0.0,0.0,0.0,9642.0,1621.0,6205.0,5058.0,619.0,703.0,729.0,733.0,1037.0,1124.0,960.0,875.0,846.0,691.0,672.0,607.0,525.0,420.0,294.0,209.0,121.0,66.0,26.0,6.0,0.0,11263.0,0.0,11263.0,93.96,98.77,95.46,93.88,98.17,98.32,98.19,96.63,94.2,91.96,75.93,83.8,97.59,94.77,0.0,94.77,0.0,0.0,0.0,0.0,0.0,0.0,0.0,0.0,0.0,0.0,0.0,0.0,0.0,0.0,0.0,0.0,34.0,29.0,33.0,0.0,33.0,97.5,821.02,122.68,0.0,122.68,80.61,98.68,81.28,0.0,81.28,0.0,0.0,0.0,0.0,0.0,0.0,0.0,0.0,0.0,0.0,0.0,0.0,0.0,0.0,0.0
3504503,100.0,0.0,100.0,4.0,0.0,4.0,0.0,0.0,0.0,92805.0,0.0,92805.0,100.0,0.0,100.0,100.0,0.0,100.0,100.0,0.0,100.0,4.0,0.0,4.0,14.0,0.0,14.0,4.0,0.0,4.0,3.5,0.0,3.5,1.0,0.0,1.0,0.01,0.0,0.01,28.57,0.0,28.57,94.96,5.04,49.51,50.49,5.98,6.56,6.21,6.45,7.16,7.38,7.59,7.99,7.97,7.05,6.2,5.86,5.35,4.34,3.31,2.12,1.34,0.73,0.33,0.06,0.02,100.0,0.0,100.0,100.0,0.0,75.0,25.0,0.0,0.0,0.0,0.0,0.0,0.0,25.0,0.0,50.0,0.0,0.0,25.0,0.0,0.0,0.0,0.0,0.0,0.0,0.0,0.0,0.0,100.0,0.0,100.0,4.0,0.0,3.0,1.0,0.0,0.0,0.0,0.0,0.0,0.0,1.0,0.0,2.0,0.0,0.0,1.0,0.0,0.0,0.0,0.0,0.0,0.0,0.0,0.0,0.0,4.0,0.0,4.0,0.0,0.0,0.01,0.0,0.0,0.0,0.0,0.0,0.0,0.0,0.01,0.0,0.03,0.0,0.0,0.02,0.0,0.0,0.0,0.0,0.0,0.0,0.0,0.0,0.0,0.0,0.0,0.0,88128.0,4677.0,45949.0,46856.0,5551.0,6086.0,5766.0,5984.0,6646.0,6848.0,7045.0,7413.0,7397.0,6546.0,5751.0,5440.0,4964.0,4029.0,3070.0,1967.0,1246.0,678.0,304.0,59.0,15.0,92805.0,0.0,92805.0,96.94,89.94,96.71,96.45,97.94,98.35,99.12,97.94,97.08,95.39,87.66,91.05,99.02,96.58,0.0,96.58,100.0,0.0,100.0,100.0,0.0,100.0,0.0,100.0,0.0,100.0,0.0,0.0,0.0,100.0,0.0,100.0,36.0,31.0,36.0,0.0,36.0,94.72,192.86,98.06,0.0,98.06,94.47,79.33,93.85,0.0,93.85,43.0,0.0,43.0,0.0,43.0,300.0,0.0,300.0,0.0,300.0,0.0,0.0,0.0,0.0,0.0
3504602,0.0,0.0,0.0,0.0,0.0,0.0,0.0,0.0,0.0,27260.0,0.0,27260.0,0.0,0.0,0.0,0.0,0.0,0.0,0.0,0.0,0.0,0.0,0.0,0.0,0.0,0.0,0.0,0.0,0.0,0.0,0.0,0.0,0.0,0.0,0.0,0.0,0.0,0.0,0.0,0.0,0.0,0.0,95.67,4.33,49.04,50.96,6.64,6.56,6.4,5.78,6.79,8.36,9.22,9.34,8.64,7.11,5.82,5.3,4.57,3.55,2.45,1.6,1.04,0.6,0.18,0.04,0.0,100.0,0.0,100.0,0.0,0.0,0.0,0.0,0.0,0.0,0.0,0.0,0.0,0.0,0.0,0.0,0.0,0.0,0.0,0.0,0.0,0.0,0.0,0.0,0.0,0.0,0.0,0.0,0.0,0.0,0.0,0.0,0.0,0.0,0.0,0.0,0.0,0.0,0.0,0.0,0.0,0.0,0.0,0.0,0.0,0.0,0.0,0.0,0.0,0.0,0.0,0.0,0.0,0.0,0.0,0.0,0.0,0.0,0.0,0.0,0.0,0.0,0.0,0.0,0.0,0.0,0.0,0.0,0.0,0.0,0.0,0.0,0.0,0.0,0.0,0.0,0.0,0.0,0.0,0.0,0.0,0.0,0.0,0.0,0.0,0.0,0.0,0.0,26080.0,1180.0,13369.0,13891.0,1811.0,1787.0,1744.0,1575.0,1851.0,2280.0,2513.0,2546.0,2356.0,1938.0,1587.0,1445.0,1247.0,969.0,667.0,435.0,284.0,163.0,50.0,11.0,1.0,27260.0,0.0,27260.0,97.71,94.49,97.65,97.48,99.35,99.48,99.26,98.49,97.96,96.17,85.59,90.81,99.37,97.56,0.0,97.56,0.0,0.0,0.0,0.0,0.0,0.0,0.0,0.0,0.0,0.0,0.0,0.0,0.0,0.0,0.0,0.0,34.0,44.0,35.0,0.0,35.0,95.74,108.11,96.24,0.0,96.24,68.05,174.03,71.64,0.0,71.64,0.0,0.0,0.0,0.0,0.0,0.0,0.0,0.0,0.0,0.0,0.0,0.0,0.0,0.0,0.0
3504701,0.0,0.0,0.0,0.0,0.0,0.0,0.0,0.0,0.0,3887.0,0.0,3887.0,0.0,0.0,0.0,0.0,0.0,0.0,0.0,0.0,0.0,0.0,0.0,0.0,0.0,0.0,0.0,0.0,0.0,0.0,0.0,0.0,0.0,0.0,0.0,0.0,0.0,0.0,0.0,0.0,0.0,0.0,97.43,2.57,81.61,18.39,1.85,2.11,2.19,2.42,6.05,15.44,16.83,15.87,12.91,7.95,4.12,3.55,2.24,2.62,1.7,0.95,0.72,0.26,0.23,0.0,0.0,100.0,0.0,100.0,0.0,0.0,0.0,0.0,0.0,0.0,0.0,0.0,0.0,0.0,0.0,0.0,0.0,0.0,0.0,0.0,0.0,0.0,0.0,0.0,0.0,0.0,0.0,0.0,0.0,0.0,0.0,0.0,0.0,0.0,0.0,0.0,0.0,0.0,0.0,0.0,0.0,0.0,0.0,0.0,0.0,0.0,0.0,0.0,0.0,0.0,0.0,0.0,0.0,0.0,0.0,0.0,0.0,0.0,0.0,0.0,0.0,0.0,0.0,0.0,0.0,0.0,0.0,0.0,0.0,0.0,0.0,0.0,0.0,0.0,0.0,0.0,0.0,0.0,0.0,0.0,0.0,0.0,0.0,0.0,0.0,0.0,0.0,0.0,3787.0,100.0,3172.0,715.0,72.0,82.0,85.0,94.0,235.0,600.0,654.0,617.0,502.0,309.0,160.0,138.0,87.0,102.0,66.0,37.0,28.0,10.0,9.0,0.0,0.0,3887.0,0.0,3887.0,97.05,97.67,97.55,94.6,99.15,99.36,100.0,97.77,95.95,95.11,77.38,83.33,100.0,97.07,0.0,97.07,0.0,0.0,0.0,0.0,0.0,0.0,0.0,0.0,0.0,0.0,0.0,0.0,0.0,0.0,0.0,0.0,35.0,48.0,35.0,0.0,35.0,470.33,96.08,443.64,0.0,443.64,140.0,171.43,141.84,0.0,141.84,0.0,0.0,0.0,0.0,0.0,0.0,0.0,0.0,0.0,0.0,0.0,0.0,0.0,0.0,0.0
3504800,0.0,0.0,0.0,0.0,0.0,0.0,0.0,0.0,0.0,9596.0,0.0,9596.0,0.0,0.0,0.0,0.0,0.0,0.0,0.0,0.0,0.0,0.0,0.0,0.0,0.0,0.0,0.0,0.0,0.0,0.0,0.0,0.0,0.0,0.0,0.0,0.0,0.0,0.0,0.0,0.0,0.0,0.0,92.73,7.27,48.75,51.25,5.02,5.35,5.98,5.89,6.35,6.96,7.17,7.63,7.78,7.25,7.19,6.97,6.08,4.81,3.91,2.66,1.79,0.76,0.32,0.13,0.0,100.0,0.0,100.0,0.0,0.0,0.0,0.0,0.0,0.0,0.0,0.0,0.0,0.0,0.0,0.0,0.0,0.0,0.0,0.0,0.0,0.0,0.0,0.0,0.0,0.0,0.0,0.0,0.0,0.0,0.0,0.0,0.0,0.0,0.0,0.0,0.0,0.0,0.0,0.0,0.0,0.0,0.0,0.0,0.0,0.0,0.0,0.0,0.0,0.0,0.0,0.0,0.0,0.0,0.0,0.0,0.0,0.0,0.0,0.0,0.0,0.0,0.0,0.0,0.0,0.0,0.0,0.0,0.0,0.0,0.0,0.0,0.0,0.0,0.0,0.0,0.0,0.0,0.0,0.0,0.0,0.0,0.0,0.0,0.0,0.0,0.0,0.0,8898.0,698.0,4678.0,4918.0,482.0,513.0,574.0,565.0,609.0,668.0,688.0,732.0,747.0,696.0,690.0,669.0,583.0,462.0,375.0,255.0,172.0,73.0,31.0,12.0,0.0,9596.0,0.0,9596.0,96.24,97.58,96.95,95.76,99.01,98.45,98.87,98.85,97.84,96.17,80.48,87.97,99.06,96.34,0.0,96.34,0.0,0.0,0.0,0.0,0.0,0.0,0.0,0.0,0.0,0.0,0.0,0.0,0.0,0.0,0.0,0.0,39.0,39.0,39.0,0.0,39.0,93.39,120.19,95.12,0.0,95.12,127.54,95.83,125.11,0.0,125.11,0.0,0.0,0.0,0.0,0.0,0.0,0.0,0.0,0.0,0.0,0.0,0.0,0.0,0.0,0.0
3504909,0.0,0.0,0.0,0.0,0.0,0.0,0.0,0.0,0.0,9969.0,0.0,9969.0,0.0,0.0,0.0,0.0,0.0,0.0,0.0,0.0,0.0,0.0,0.0,0.0,0.0,0.0,0.0,0.0,0.0,0.0,0.0,0.0,0.0,0.0,0.0,0.0,0.0,0.0,0.0,0.0,0.0,0.0,80.72,19.28,48.52,51.48,5.98,5.59,5.99,6.97,7.03,6.37,6.85,7.04,7.41,7.01,6.85,6.84,5.75,4.81,3.86,2.75,1.48,0.98,0.3,0.1,0.02,100.0,0.0,100.0,0.0,0.0,0.0,0.0,0.0,0.0,0.0,0.0,0.0,0.0,0.0,0.0,0.0,0.0,0.0,0.0,0.0,0.0,0.0,0.0,0.0,0.0,0.0,0.0,0.0,0.0,0.0,0.0,0.0,0.0,0.0,0.0,0.0,0.0,0.0,0.0,0.0,0.0,0.0,0.0,0.0,0.0,0.0,0.0,0.0,0.0,0.0,0.0,0.0,0.0,0.0,0.0,0.0,0.0,0.0,0.0,0.0,0.0,0.0,0.0,0.0,0.0,0.0,0.0,0.0,0.0,0.0,0.0,0.0,0.0,0.0,0.0,0.0,0.0,0.0,0.0,0.0,0.0,0.0,0.0,0.0,0.0,0.0,0.0,8047.0,1922.0,4837.0,5132.0,596.0,557.0,597.0,695.0,701.0,635.0,683.0,702.0,739.0,699.0,683.0,682.0,573.0,480.0,385.0,274.0,148.0,98.0,30.0,10.0,2.0,9969.0,0.0,9969.0,95.36,91.46,94.5,94.73,97.72,98.33,98.57,97.29,94.93,93.94,78.83,85.42,98.18,94.62,0.0,94.62,0.0,0.0,0.0,0.0,0.0,0.0,0.0,0.0,0.0,0.0,0.0,0.0,0.0,0.0,0.0,0.0,38.0,38.0,38.0,0.0,38.0,91.0,109.14,94.25,0.0,94.25,119.16,96.55,114.29,0.0,114.29,0.0,0.0,0.0,0.0,0.0,0.0,0.0,0.0,0.0,0.0,0.0,0.0,0.0,0.0,0.0
3505005,0.0,0.0,0.0,0.0,0.0,0.0,0.0,0.0,0.0,3531.0,0.0,3531.0,0.0,0.0,0.0,0.0,0.0,0.0,0.0,0.0,0.0,0.0,0.0,0.0,0.0,0.0,0.0,0.0,0.0,0.0,0.0,0.0,0.0,0.0,0.0,0.0,0.0,0.0,0.0,0.0,0.0,0.0,66.78,33.22,49.93,50.07,6.49,6.66,7.42,6.85,6.68,6.6,6.4,6.85,7.14,6.09,6.12,5.89,5.78,5.89,3.79,2.44,1.64,0.76,0.37,0.14,0.0,100.0,0.0,100.0,0.0,0.0,0.0,0.0,0.0,0.0,0.0,0.0,0.0,0.0,0.0,0.0,0.0,0.0,0.0,0.0,0.0,0.0,0.0,0.0,0.0,0.0,0.0,0.0,0.0,0.0,0.0,0.0,0.0,0.0,0.0,0.0,0.0,0.0,0.0,0.0,0.0,0.0,0.0,0.0,0.0,0.0,0.0,0.0,0.0,0.0,0.0,0.0,0.0,0.0,0.0,0.0,0.0,0.0,0.0,0.0,0.0,0.0,0.0,0.0,0.0,0.0,0.0,0.0,0.0,0.0,0.0,0.0,0.0,0.0,0.0,0.0,0.0,0.0,0.0,0.0,0.0,0.0,0.0,0.0,0.0,0.0,0.0,0.0,2358.0,1173.0,1763.0,1768.0,229.0,235.0,262.0,242.0,236.0,233.0,226.0,242.0,252.0,215.0,216.0,208.0,204.0,208.0,134.0,86.0,58.0,27.0,13.0,5.0,0.0,3531.0,0.0,3531.0,94.94,92.83,94.08,94.37,100.0,98.26,97.67,97.37,97.22,94.42,74.6,80.6,100.0,94.22,0.0,94.22,0.0,0.0,0.0,0.0,0.0,0.0,0.0,0.0,0.0,0.0,0.0,0.0,0.0,0.0,0.0,0.0,35.0,40.0,37.0,0.0,37.0,95.04,109.84,99.72,0.0,99.72,92.81,120.0,101.24,0.0,101.24,0.0,0.0,0.0,0.0,0.0,0.0,0.0,0.0,0.0,0.0,0.0,0.0,0.0,0.0,0.0
3505104,0.0,0.0,0.0,0.0,0.0,0.0,0.0,0.0,0.0,5640.0,0.0,5640.0,0.0,0.0,0.0,0.0,0.0,0.0,0.0,0.0,0.0,0.0,0.0,0.0,0.0,0.0,0.0,0.0,0.0,0.0,0.0,0.0,0.0,0.0,0.0,0.0,0.0,0.0,0.0,0.0,0.0,0.0,91.68,8.32,48.67,51.33,6.05,6.88,6.35,6.95,6.9,7.3,7.09,6.77,6.58,6.45,6.54,6.6,5.78,4.93,3.62,2.68,1.26,0.89,0.32,0.07,0.0,100.0,0.0,100.0,0.0,0.0,0.0,0.0,0.0,0.0,0.0,0.0,0.0,0.0,0.0,0.0,0.0,0.0,0.0,0.0,0.0,0.0,0.0,0.0,0.0,0.0,0.0,0.0,0.0,0.0,0.0,0.0,0.0,0.0,0.0,0.0,0.0,0.0,0.0,0.0,0.0,0.0,0.0,0.0,0.0,0.0,0.0,0.0,0.0,0.0,0.0,0.0,0.0,0.0,0.0,0.0,0.0,0.0,0.0,0.0,0.0,0.0,0.0,0.0,0.0,0.0,0.0,0.0,0.0,0.0,0.0,0.0,0.0,0.0,0.0,0.0,0.0,0.0,0.0,0.0,0.0,0.0,0.0,0.0,0.0,0.0,0.0,0.0,5171.0,469.0,2745.0,2895.0,341.0,388.0,358.0,392.0,389.0,412.0,400.0,382.0,371.0,364.0,369.0,372.0,326.0,278.0,204.0,151.0,71.0,50.0,18.0,4.0,0.0,5640.0,0.0,5640.0,92.67,91.27,92.39,92.71,97.43,98.4,97.46,94.82,91.54,90.83,73.13,81.7,98.08,92.55,0.0,92.55,0.0,0.0,0.0,0.0,0.0,0.0,0.0,0.0,0.0,0.0,0.0,0.0,0.0,0.0,0.0,0.0,36.0,35.0,36.0,0.0,36.0,91.87,134.5,94.82,0.0,94.82,104.92,62.64,101.38,0.0,101.38,0.0,0.0,0.0,0.0,0.0,0.0,0.0,0.0,0.0,0.0,0.0,0.0,0.0,0.0,0.0
3505203,0.0,0.0,0.0,0.0,0.0,0.0,0.0,0.0,0.0,31595.0,0.0,31595.0,0.0,0.0,0.0,0.0,0.0,0.0,0.0,0.0,0.0,0.0,0.0,0.0,0.0,0.0,0.0,0.0,0.0,0.0,0.0,0.0,0.0,0.0,0.0,0.0,0.0,0.0,0.0,0.0,0.0,0.0,96.62,3.38,49.0,51.0,5.81,6.01,5.9,6.27,7.01,7.0,6.85,7.71,7.28,6.86,6.17,6.69,6.07,5.03,3.6,2.6,1.78,0.95,0.32,0.09,0.01,100.0,0.0,100.0,0.0,0.0,0.0,0.0,0.0,0.0,0.0,0.0,0.0,0.0,0.0,0.0,0.0,0.0,0.0,0.0,0.0,0.0,0.0,0.0,0.0,0.0,0.0,0.0,0.0,0.0,0.0,0.0,0.0,0.0,0.0,0.0,0.0,0.0,0.0,0.0,0.0,0.0,0.0,0.0,0.0,0.0,0.0,0.0,0.0,0.0,0.0,0.0,0.0,0.0,0.0,0.0,0.0,0.0,0.0,0.0,0.0,0.0,0.0,0.0,0.0,0.0,0.0,0.0,0.0,0.0,0.0,0.0,0.0,0.0,0.0,0.0,0.0,0.0,0.0,0.0,0.0,0.0,0.0,0.0,0.0,0.0,0.0,0.0,30527.0,1068.0,15483.0,16112.0,1836.0,1899.0,1865.0,1981.0,2215.0,2211.0,2164.0,2435.0,2300.0,2166.0,1949.0,2114.0,1919.0,1590.0,1138.0,820.0,561.0,301.0,100.0,28.0,3.0,31595.0,0.0,31595.0,96.16,95.29,96.59,95.71,98.78,98.81,99.27,98.06,96.79,95.91,83.56,88.37,100.0,96.13,0.0,96.13,0.0,0.0,0.0,0.0,0.0,0.0,0.0,0.0,0.0,0.0,0.0,0.0,0.0,0.0,0.0,0.0,38.0,47.0,38.0,0.0,38.0,95.55,113.17,96.1,0.0,96.1,112.45,216.67,115.36,0.0,115.36,0.0,0.0,0.0,0.0,0.0,0.0,0.0,0.0,0.0,0.0,0.0,0.0,0.0,0.0,0.0
3505302,0.0,0.0,0.0,0.0,0.0,0.0,0.0,0.0,0.0,34346.0,0.0,34346.0,0.0,0.0,0.0,0.0,0.0,0.0,0.0,0.0,0.0,0.0,0.0,0.0,0.0,0.0,0.0,0.0,0.0,0.0,0.0,0.0,0.0,0.0,0.0,0.0,0.0,0.0,0.0,0.0,0.0,0.0,98.67,1.33,48.14,51.86,4.62,4.93,5.33,5.54,5.86,6.34,7.12,7.86,8.34,7.8,7.4,7.45,6.52,5.26,3.8,2.63,1.73,0.91,0.46,0.1,0.01,100.0,0.0,100.0,0.0,0.0,0.0,0.0,0.0,0.0,0.0,0.0,0.0,0.0,0.0,0.0,0.0,0.0,0.0,0.0,0.0,0.0,0.0,0.0,0.0,0.0,0.0,0.0,0.0,0.0,0.0,0.0,0.0,0.0,0.0,0.0,0.0,0.0,0.0,0.0,0.0,0.0,0.0,0.0,0.0,0.0,0.0,0.0,0.0,0.0,0.0,0.0,0.0,0.0,0.0,0.0,0.0,0.0,0.0,0.0,0.0,0.0,0.0,0.0,0.0,0.0,0.0,0.0,0.0,0.0,0.0,0.0,0.0,0.0,0.0,0.0,0.0,0.0,0.0,0.0,0.0,0.0,0.0,0.0,0.0,0.0,0.0,0.0,33890.0,456.0,16535.0,17811.0,1586.0,1693.0,1831.0,1903.0,2014.0,2178.0,2446.0,2701.0,2863.0,2678.0,2541.0,2559.0,2238.0,1807.0,1304.0,902.0,594.0,313.0,157.0,35.0,3.0,34346.0,0.0,34346.0,96.13,90.19,96.51,95.63,99.06,99.05,99.23,98.62,96.97,95.1,81.84,88.11,99.46,96.05,0.0,96.05,0.0,0.0,0.0,0.0,0.0,0.0,0.0,0.0,0.0,0.0,0.0,0.0,0.0,0.0,0.0,0.0,41.0,44.0,41.0,0.0,41.0,92.53,118.18,92.84,0.0,92.84,143.71,155.7,143.89,0.0,143.89,0.0,0.0,0.0,0.0,0.0,0.0,0.0,0.0,0.0,0.0,0.0,0.0,0.0,0.0,0.0
3505351,100.0,0.0,100.0,12.0,0.0,12.0,0.23,0.0,0.23,5179.0,0.0,5179.0,100.0,0.0,100.0,100.0,0.0,100.0,100.0,0.0,100.0,7.0,0.0,7.0,20.0,0.0,20.0,12.0,0.0,12.0,2.86,0.0,2.86,1.71,0.0,1.71,0.37,0.0,0.37,60.0,0.0,60.0,36.76,63.24,51.81,48.19,7.12,6.41,7.38,7.97,7.51,7.41,6.64,7.22,8.03,6.6,6.1,5.91,4.96,3.86,2.63,2.2,1.14,0.62,0.15,0.12,0.0,100.0,0.0,100.0,91.67,8.33,58.33,41.67,0.0,0.0,0.0,8.33,8.33,0.0,16.67,16.67,16.67,0.0,0.0,8.33,8.33,8.33,8.33,0.0,0.0,0.0,0.0,0.0,0.0,100.0,0.0,100.0,11.0,1.0,7.0,5.0,0.0,0.0,0.0,1.0,1.0,0.0,2.0,2.0,2.0,0.0,0.0,1.0,1.0,1.0,1.0,0.0,0.0,0.0,0.0,0.0,0.0,12.0,0.0,12.0,0.58,0.03,0.26,0.2,0.0,0.0,0.0,0.24,0.26,0.0,0.58,0.53,0.48,0.0,0.0,0.33,0.39,0.5,0.74,0.0,0.0,0.0,0.0,0.0,0.0,0.23,0.0,0.23,1904.0,3275.0,2683.0,2496.0,369.0,332.0,382.0,413.0,389.0,384.0,344.0,374.0,416.0,342.0,316.0,306.0,257.0,200.0,136.0,114.0,59.0,32.0,8.0,6.0,0.0,5179.0,0.0,5179.0,93.22,90.02,91.61,90.71,97.94,98.08,98.37,95.95,91.64,86.32,57.08,69.73,98.21,91.19,0.0,91.19,100.0,100.0,100.0,100.0,100.0,100.0,100.0,100.0,0.0,100.0,0.0,100.0,0.0,100.0,0.0,100.0,32.0,35.0,34.0,0.0,34.0,101.91,110.88,107.49,0.0,107.49,63.53,82.06,74.98,0.0,74.98,39.0,40.0,40.0,0.0,40.0,175.0,0.0,140.0,0.0,140.0,0.0,0.0,0.0,0.0,0.0
3505401,100.0,42.17,57.83,1226.0,517.0,709.0,17.83,73.96,11.48,6876.0,699.0,6177.0,100.0,36.71,63.29,100.0,36.06,63.94,100.0,42.2,57.8,553.0,203.0,350.0,1550.0,559.0,991.0,1225.0,517.0,708.0,2.8,2.75,2.83,2.22,2.55,2.02,21.48,77.19,15.14,79.03,92.49,71.44,44.97,55.03,50.68,49.32,6.79,6.38,8.13,7.8,6.27,5.24,6.37,6.7,7.21,6.46,6.41,6.11,5.64,5.57,3.3,2.72,1.7,0.84,0.31,0.01,0.03,100.0,10.17,89.83,33.69,66.31,52.94,47.06,6.53,5.95,8.97,7.83,6.44,4.81,5.55,6.44,8.56,5.87,6.44,6.61,4.89,5.95,2.61,2.94,2.61,0.73,0.24,0.0,0.0,100.0,42.17,57.83,413.0,813.0,649.0,577.0,80.0,73.0,110.0,96.0,79.0,59.0,68.0,79.0,105.0,72.0,79.0,81.0,60.0,73.0,32.0,36.0,32.0,9.0,3.0,0.0,0.0,1226.0,517.0,709.0,13.36,21.49,18.62,17.02,17.13,16.63,19.68,17.91,18.33,16.39,15.53,17.14,21.17,16.22,17.91,19.29,15.46,19.06,14.1,19.25,27.35,15.52,14.29,0.0,0.0,17.83,73.96,11.48,3092.0,3784.0,3485.0,3391.0,467.0,439.0,559.0,536.0,431.0,360.0,438.0,461.0,496.0,444.0,441.0,420.0,388.0,383.0,227.0,187.0,117.0,58.0,21.0,1.0,2.0,6876.0,699.0,6177.0,91.28,84.97,88.55,86.96,98.61,95.74,97.64,94.04,92.43,83.42,53.89,64.56,98.48,87.77,82.55,88.38,88.71,83.39,87.13,82.97,98.73,92.91,98.39,92.93,91.39,80.14,43.75,57.84,100.0,85.15,82.97,86.81,34.0,40.0,37.0,42.0,36.0,94.96,109.64,102.77,111.18,101.86,71.94,114.81,94.47,142.06,89.99,32.0,40.0,38.0,42.0,35.0,108.59,114.51,112.48,114.52,111.01,62.77,110.06,93.16,127.0,72.39
3505500,0.0,0.0,0.0,0.0,0.0,0.0,0.0,0.0,0.0,122485.0,0.0,122485.0,0.0,0.0,0.0,0.0,0.0,0.0,0.0,0.0,0.0,0.0,0.0,0.0,0.0,0.0,0.0,0.0,0.0,0.0,0.0,0.0,0.0,0.0,0.0,0.0,0.0,0.0,0.0,0.0,0.0,0.0,97.04,2.96,47.98,52.02,5.51,6.26,5.81,5.91,6.94,7.31,8.17,8.39,8.3,6.86,6.28,6.28,5.53,4.38,3.29,2.27,1.38,0.73,0.31,0.08,0.01,100.0,0.0,100.0,0.0,0.0,0.0,0.0,0.0,0.0,0.0,0.0,0.0,0.0,0.0,0.0,0.0,0.0,0.0,0.0,0.0,0.0,0.0,0.0,0.0,0.0,0.0,0.0,0.0,0.0,0.0,0.0,0.0,0.0,0.0,0.0,0.0,0.0,0.0,0.0,0.0,0.0,0.0,0.0,0.0,0.0,0.0,0.0,0.0,0.0,0.0,0.0,0.0,0.0,0.0,0.0,0.0,0.0,0.0,0.0,0.0,0.0,0.0,0.0,0.0,0.0,0.0,0.0,0.0,0.0,0.0,0.0,0.0,0.0,0.0,0.0,0.0,0.0,0.0,0.0,0.0,0.0,0.0,0.0,0.0,0.0,0.0,0.0,118864.0,3621.0,58769.0,63716.0,6746.0,7665.0,7120.0,7241.0,8506.0,8953.0,10001.0,10271.0,10167.0,8405.0,7698.0,7692.0,6772.0,5363.0,4030.0,2775.0,1686.0,899.0,376.0,104.0,15.0,122485.0,0.0,122485.0,97.66,96.44,97.61,97.63,99.32,99.22,98.97,98.92,97.58,96.97,89.84,92.94,99.16,97.62,0.0,97.62,0.0,0.0,0.0,0.0,0.0,0.0,0.0,0.0,0.0,0.0,0.0,0.0,0.0,0.0,0.0,0.0,37.0,40.0,37.0,0.0,37.0,91.81,107.39,92.24,0.0,92.24,102.06,108.75,102.27,0.0,102.27,0.0,0.0,0.0,0.0,0.0,0.0,0.0,0.0,0.0,0.0,0.0,0.0,0.0,0.0,0.0
3505609,100.0,0.0,100.0,9.0,0.0,9.0,0.03,0.0,0.03,32092.0,0.0,32092.0,100.0,0.0,100.0,100.0,0.0,100.0,100.0,0.0,100.0,8.0,0.0,8.0,14.0,0.0,14.0,9.0,0.0,9.0,1.75,0.0,1.75,1.13,0.0,1.13,0.07,0.0,0.07,64.29,0.0,64.29,99.4,0.6,49.31,50.69,6.81,7.05,7.34,7.53,8.12,7.82,8.21,8.79,8.14,6.83,5.9,5.23,4.37,3.18,2.04,1.27,0.76,0.39,0.18,0.04,0.0,100.0,0.0,100.0,100.0,0.0,55.56,44.44,0.0,0.0,0.0,0.0,11.11,0.0,0.0,11.11,22.22,11.11,11.11,11.11,11.11,0.0,0.0,0.0,0.0,0.0,11.11,0.0,0.0,100.0,0.0,100.0,9.0,0.0,5.0,4.0,0.0,0.0,0.0,0.0,1.0,0.0,0.0,1.0,2.0,1.0,1.0,1.0,1.0,0.0,0.0,0.0,0.0,0.0,1.0,0.0,0.0,9.0,0.0,9.0,0.03,0.0,0.03,0.02,0.0,0.0,0.0,0.0,0.04,0.0,0.0,0.04,0.08,0.05,0.05,0.06,0.07,0.0,0.0,0.0,0.0,0.0,1.75,0.0,0.0,0.03,0.0,0.03,31901.0,191.0,15824.0,16268.0,2184.0,2263.0,2357.0,2415.0,2605.0,2509.0,2636.0,2821.0,2613.0,2193.0,1894.0,1680.0,1401.0,1019.0,654.0,407.0,245.0,125.0,57.0,14.0,0.0,32092.0,0.0,32092.0,93.75,90.6,94.25,93.25,98.89,98.64,98.7,97.13,92.22,87.83,62.5,75.76,99.37,93.74,0.0,93.74,100.0,0.0,100.0,100.0,100.0,0.0,0.0,100.0,100.0,100.0,100.0,100.0,0.0,100.0,0.0,100.0,33.0,37.0,33.0,0.0,33.0,97.24,103.19,97.27,0.0,97.27,57.48,83.33,57.64,0.0,57.64,47.0,0.0,47.0,0.0,47.0,125.0,0.0,125.0,0.0,125.0,0.0,0.0,0.0,0.0,0.0
3505708,0.0,0.0,0.0,0.0,0.0,0.0,0.0,0.0,0.0,316473.0,0.0,316473.0,0.0,0.0,0.0,0.0,0.0,0.0,0.0,0.0,0.0,0.0,0.0,0.0,0.0,0.0,0.0,0.0,0.0,0.0,0.0,0.0,0.0,0.0,0.0,0.0,0.0,0.0,0.0,0.0,0.0,0.0,99.96,0.04,47.73,52.27,5.87,7.55,6.91,7.05,7.39,7.49,8.27,9.26,9.56,7.67,5.99,4.94,4.27,3.24,2.17,1.2,0.67,0.33,0.15,0.04,0.01,100.0,0.0,100.0,0.0,0.0,0.0,0.0,0.0,0.0,0.0,0.0,0.0,0.0,0.0,0.0,0.0,0.0,0.0,0.0,0.0,0.0,0.0,0.0,0.0,0.0,0.0,0.0,0.0,0.0,0.0,0.0,0.0,0.0,0.0,0.0,0.0,0.0,0.0,0.0,0.0,0.0,0.0,0.0,0.0,0.0,0.0,0.0,0.0,0.0,0.0,0.0,0.0,0.0,0.0,0.0,0.0,0.0,0.0,0.0,0.0,0.0,0.0,0.0,0.0,0.0,0.0,0.0,0.0,0.0,0.0,0.0,0.0,0.0,0.0,0.0,0.0,0.0,0.0,0.0,0.0,0.0,0.0,0.0,0.0,0.0,0.0,0.0,316358.0,115.0,151057.0,165416.0,18562.0,23880.0,21855.0,22309.0,23392.0,23698.0,26170.0,29306.0,30248.0,24285.0,18943.0,15618.0,13509.0,10269.0,6870.0,3795.0,2118.0,1036.0,479.0,115.0,16.0,316473.0,0.0,316473.0,97.39,96.59,97.67,97.13,99.2,99.31,99.08,99.01,97.59,95.21,82.38,88.54,99.22,97.39,0.0,97.39,0.0,0.0,0.0,0.0,0.0,0.0,0.0,0.0,0.0,0.0,0.0,0.0,0.0,0.0,0.0,0.0,34.0,34.0,34.0,0.0,34.0,91.32,94.92,91.32,0.0,91.32,59.43,44.44,59.42,0.0,59.42,0.0,0.0,0.0,0.0,0.0,0.0,0.0,0.0,0.0,0.0,0.0,0.0,0.0,0.0,0.0
3505807,0.0,0.0,0.0,0.0,0.0,0.0,0.0,0.0,0.0,21503.0,0.0,21503.0,0.0,0.0,0.0,0.0,0.0,0.0,0.0,0.0,0.0,0.0,0.0,0.0,0.0,0.0,0.0,0.0,0.0,0.0,0.0,0.0,0.0,0.0,0.0,0.0,0.0,0.0,0.0,0.0,0.0,0.0,87.03,12.97,48.88,51.12,5.65,6.14,6.26,6.71,6.88,7.12,6.66,7.14,7.17,6.86,7.36,6.81,5.98,4.64,3.55,2.29,1.62,0.76,0.33,0.07,0.0,100.0,0.0,100.0,0.0,0.0,0.0,0.0,0.0,0.0,0.0,0.0,0.0,0.0,0.0,0.0,0.0,0.0,0.0,0.0,0.0,0.0,0.0,0.0,0.0,0.0,0.0,0.0,0.0,0.0,0.0,0.0,0.0,0.0,0.0,0.0,0.0,0.0,0.0,0.0,0.0,0.0,0.0,0.0,0.0,0.0,0.0,0.0,0.0,0.0,0.0,0.0,0.0,0.0,0.0,0.0,0.0,0.0,0.0,0.0,0.0,0.0,0.0,0.0,0.0,0.0,0.0,0.0,0.0,0.0,0.0,0.0,0.0,0.0,0.0,0.0,0.0,0.0,0.0,0.0,0.0,0.0,0.0,0.0,0.0,0.0,0.0,0.0,18715.0,2788.0,10510.0,10993.0,1214.0,1320.0,1347.0,1443.0,1479.0,1532.0,1432.0,1536.0,1541.0,1476.0,1582.0,1464.0,1285.0,997.0,763.0,492.0,349.0,163.0,71.0,16.0,1.0,21503.0,0.0,21503.0,95.7,96.46,96.32,95.3,99.19,98.89,99.17,98.57,96.99,95.53,78.21,85.1,99.16,95.8,0.0,95.8,0.0,0.0,0.0,0.0,0.0,0.0,0.0,0.0,0.0,0.0,0.0,0.0,0.0,0.0,0.0,0.0,38.0,35.0,38.0,0.0,38.0,93.82,108.53,95.61,0.0,95.61,113.38,68.32,106.6,0.0,106.6,0.0,0.0,0.0,0.0,0.0,0.0,0.0,0.0,0.0,0.0,0.0,0.0,0.0,0.0,0.0
3505906,0.0,0.0,0.0,0.0,0.0,0.0,0.0,0.0,0.0,58402.0,0.0,58402.0,0.0,0.0,0.0,0.0,0.0,0.0,0.0,0.0,0.0,0.0,0.0,0.0,0.0,0.0,0.0,0.0,0.0,0.0,0.0,0.0,0.0,0.0,0.0,0.0,0.0,0.0,0.0,0.0,0.0,0.0,97.13,2.87,48.56,51.44,5.5,5.83,5.95,6.2,6.81,7.39,7.41,7.79,7.95,6.34,6.41,6.2,5.9,4.94,3.74,2.52,1.68,0.91,0.41,0.1,0.02,100.0,0.0,100.0,0.0,0.0,0.0,0.0,0.0,0.0,0.0,0.0,0.0,0.0,0.0,0.0,0.0,0.0,0.0,0.0,0.0,0.0,0.0,0.0,0.0,0.0,0.0,0.0,0.0,0.0,0.0,0.0,0.0,0.0,0.0,0.0,0.0,0.0,0.0,0.0,0.0,0.0,0.0,0.0,0.0,0.0,0.0,0.0,0.0,0.0,0.0,0.0,0.0,0.0,0.0,0.0,0.0,0.0,0.0,0.0,0.0,0.0,0.0,0.0,0.0,0.0,0.0,0.0,0.0,0.0,0.0,0.0,0.0,0.0,0.0,0.0,0.0,0.0,0.0,0.0,0.0,0.0,0.0,0.0,0.0,0.0,0.0,0.0,56726.0,1676.0,28360.0,30042.0,3213.0,3402.0,3473.0,3620.0,3978.0,4314.0,4330.0,4549.0,4643.0,3705.0,3741.0,3621.0,3447.0,2885.0,2186.0,1471.0,984.0,531.0,238.0,61.0,10.0,58402.0,0.0,58402.0,96.37,94.13,96.49,96.14,98.87,98.79,99.06,98.16,96.05,95.44,85.83,90.25,99.2,96.31,0.0,96.31,0.0,0.0,0.0,0.0,0.0,0.0,0.0,0.0,0.0,0.0,0.0,0.0,0.0,0.0,0.0,0.0,38.0,40.0,38.0,0.0,38.0,93.61,125.57,94.4,0.0,94.4,117.02,120.0,117.1,0.0,117.1,0.0,0.0,0.0,0.0,0.0,0.0,0.0,0.0,0.0,0.0,0.0,0.0,0.0,0.0,0.0
3506003,0.0,0.0,0.0,0.0,0.0,0.0,0.0,0.0,0.0,379146.0,0.0,379146.0,0.0,0.0,0.0,0.0,0.0,0.0,0.0,0.0,0.0,0.0,0.0,0.0,0.0,0.0,0.0,0.0,0.0,0.0,0.0,0.0,0.0,0.0,0.0,0.0,0.0,0.0,0.0,0.0,0.0,0.0,97.57,2.43,48.35,51.65,5.51,6.02,5.86,6.26,7.44,7.83,7.62,8.06,8.14,6.92,6.34,6.01,5.42,4.39,3.22,2.25,1.43,0.83,0.37,0.08,0.01,100.0,0.0,100.0,0.0,0.0,0.0,0.0,0.0,0.0,0.0,0.0,0.0,0.0,0.0,0.0,0.0,0.0,0.0,0.0,0.0,0.0,0.0,0.0,0.0,0.0,0.0,0.0,0.0,0.0,0.0,0.0,0.0,0.0,0.0,0.0,0.0,0.0,0.0,0.0,0.0,0.0,0.0,0.0,0.0,0.0,0.0,0.0,0.0,0.0,0.0,0.0,0.0,0.0,0.0,0.0,0.0,0.0,0.0,0.0,0.0,0.0,0.0,0.0,0.0,0.0,0.0,0.0,0.0,0.0,0.0,0.0,0.0,0.0,0.0,0.0,0.0,0.0,0.0,0.0,0.0,0.0,0.0,0.0,0.0,0.0,0.0,0.0,369919.0,9227.0,183320.0,195826.0,20905.0,22807.0,22219.0,23716.0,28220.0,29680.0,28872.0,30560.0,30846.0,26233.0,24050.0,22803.0,20537.0,16634.0,12223.0,8518.0,5406.0,3149.0,1411.0,321.0,36.0,379146.0,0.0,379146.0,97.91,97.73,98.16,97.67,99.27,99.27,99.0,99.01,98.29,97.47,90.47,93.37,99.26,97.9,0.0,97.9,0.0,0.0,0.0,0.0,0.0,0.0,0.0,0.0,0.0,0.0,0.0,0.0,0.0,0.0,0.0,0.0,37.0,32.0,37.0,0.0,37.0,90.49,466.42,93.61,0.0,93.61,103.43,109.37,103.49,0.0,103.49,0.0,0.0,0.0,0.0,0.0,0.0,0.0,0.0,0.0,0.0,0.0,0.0,0.0,0.0,0.0
3506102,0.0,0.0,0.0,0.0,0.0,0.0,0.0,0.0,0.0,76373.0,0.0,76373.0,0.0,0.0,0.0,0.0,0.0,0.0,0.0,0.0,0.0,0.0,0.0,0.0,0.0,0.0,0.0,0.0,0.0,0.0,0.0,0.0,0.0,0.0,0.0,0.0,0.0,0.0,0.0,0.0,0.0,0.0,96.54,3.46,48.4,51.6,5.68,5.83,5.83,5.96,6.53,6.97,7.38,7.97,8.03,7.11,6.75,6.25,5.67,4.75,3.75,2.48,1.63,0.89,0.41,0.11,0.01,100.0,0.0,100.0,0.0,0.0,0.0,0.0,0.0,0.0,0.0,0.0,0.0,0.0,0.0,0.0,0.0,0.0,0.0,0.0,0.0,0.0,0.0,0.0,0.0,0.0,0.0,0.0,0.0,0.0,0.0,0.0,0.0,0.0,0.0,0.0,0.0,0.0,0.0,0.0,0.0,0.0,0.0,0.0,0.0,0.0,0.0,0.0,0.0,0.0,0.0,0.0,0.0,0.0,0.0,0.0,0.0,0.0,0.0,0.0,0.0,0.0,0.0,0.0,0.0,0.0,0.0,0.0,0.0,0.0,0.0,0.0,0.0,0.0,0.0,0.0,0.0,0.0,0.0,0.0,0.0,0.0,0.0,0.0,0.0,0.0,0.0,0.0,73727.0,2646.0,36967.0,39406.0,4340.0,4455.0,4453.0,4553.0,4988.0,5323.0,5635.0,6089.0,6130.0,5433.0,5156.0,4771.0,4334.0,3625.0,2864.0,1897.0,1244.0,676.0,314.0,85.0,8.0,76373.0,0.0,76373.0,97.36,95.78,97.59,97.04,99.1,99.0,99.35,98.92,97.98,96.79,87.5,91.87,98.94,97.31,0.0,97.31,0.0,0.0,0.0,0.0,0.0,0.0,0.0,0.0,0.0,0.0,0.0,0.0,0.0,0.0,0.0,0.0,38.0,39.0,38.0,0.0,38.0,93.2,112.53,93.81,0.0,93.81,113.94,104.29,113.58,0.0,113.58,0.0,0.0,0.0,0.0,0.0,0.0,0.0,0.0,0.0,0.0,0.0,0.0,0.0,0.0,0.0
3506201,0.0,0.0,0.0,0.0,0.0,0.0,0.0,0.0,0.0,2606.0,0.0,2606.0,0.0,0.0,0.0,0.0,0.0,0.0,0.0,0.0,0.0,0.0,0.0,0.0,0.0,0.0,0.0,0.0,0.0,0.0,0.0,0.0,0.0,0.0,0.0,0.0,0.0,0.0,0.0,0.0,0.0,0.0,92.36,7.64,50.04,49.96,6.37,7.02,6.49,5.95,6.72,6.98,7.83,6.87,7.64,6.83,7.6,6.1,5.3,4.18,3.03,2.34,1.77,0.73,0.23,0.04,0.0,100.0,0.0,100.0,0.0,0.0,0.0,0.0,0.0,0.0,0.0,0.0,0.0,0.0,0.0,0.0,0.0,0.0,0.0,0.0,0.0,0.0,0.0,0.0,0.0,0.0,0.0,0.0,0.0,0.0,0.0,0.0,0.0,0.0,0.0,0.0,0.0,0.0,0.0,0.0,0.0,0.0,0.0,0.0,0.0,0.0,0.0,0.0,0.0,0.0,0.0,0.0,0.0,0.0,0.0,0.0,0.0,0.0,0.0,0.0,0.0,0.0,0.0,0.0,0.0,0.0,0.0,0.0,0.0,0.0,0.0,0.0,0.0,0.0,0.0,0.0,0.0,0.0,0.0,0.0,0.0,0.0,0.0,0.0,0.0,0.0,0.0,0.0,2407.0,199.0,1304.0,1302.0,166.0,183.0,169.0,155.0,175.0,182.0,204.0,179.0,199.0,178.0,198.0,159.0,138.0,109.0,79.0,61.0,46.0,19.0,6.0,1.0,0.0,2606.0,0.0,2606.0,94.33,92.81,95.44,93.0,97.14,98.7,98.92,97.35,93.88,94.28,72.93,81.62,98.39,94.2,0.0,94.2,0.0,0.0,0.0,0.0,0.0,0.0,0.0,0.0,0.0,0.0,0.0,0.0,0.0,0.0,0.0,0.0,36.0,40.0,37.0,0.0,37.0,98.27,126.14,100.15,0.0,100.15,87.65,103.13,88.61,0.0,88.61,0.0,0.0,0.0,0.0,0.0,0.0,0.0,0.0,0.0,0.0,0.0,0.0,0.0,0.0,0.0
3506300,0.0,0.0,0.0,0.0,0.0,0.0,0.0,0.0,0.0,11607.0,0.0,11607.0,0.0,0.0,0.0,0.0,0.0,0.0,0.0,0.0,0.0,0.0,0.0,0.0,0.0,0.0,0.0,0.0,0.0,0.0,0.0,0.0,0.0,0.0,0.0,0.0,0.0,0.0,0.0,0.0,0.0,0.0,82.93,17.07,52.85,47.15,5.32,5.7,5.38,5.59,6.88,8.57,8.76,7.89,7.15,6.33,5.94,6.53,5.27,4.62,3.63,2.78,1.95,1.01,0.52,0.16,0.01,100.0,0.0,100.0,0.0,0.0,0.0,0.0,0.0,0.0,0.0,0.0,0.0,0.0,0.0,0.0,0.0,0.0,0.0,0.0,0.0,0.0,0.0,0.0,0.0,0.0,0.0,0.0,0.0,0.0,0.0,0.0,0.0,0.0,0.0,0.0,0.0,0.0,0.0,0.0,0.0,0.0,0.0,0.0,0.0,0.0,0.0,0.0,0.0,0.0,0.0,0.0,0.0,0.0,0.0,0.0,0.0,0.0,0.0,0.0,0.0,0.0,0.0,0.0,0.0,0.0,0.0,0.0,0.0,0.0,0.0,0.0,0.0,0.0,0.0,0.0,0.0,0.0,0.0,0.0,0.0,0.0,0.0,0.0,0.0,0.0,0.0,0.0,9626.0,1981.0,6134.0,5473.0,617.0,662.0,625.0,649.0,799.0,995.0,1017.0,916.0,830.0,735.0,689.0,758.0,612.0,536.0,421.0,323.0,226.0,117.0,60.0,19.0,1.0,11607.0,0.0,11607.0,96.38,98.16,97.57,95.74,98.37,99.3,99.51,98.85,96.84,95.69,87.13,90.49,98.35,96.71,0.0,96.71,0.0,0.0,0.0,0.0,0.0,0.0,0.0,0.0,0.0,0.0,0.0,0.0,0.0,0.0,0.0,0.0,39.0,33.0,37.0,0.0,37.0,91.41,346.17,112.08,0.0,112.08,124.19,97.28,121.59,0.0,121.59,0.0,0.0,0.0,0.0,0.0,0.0,0.0,0.0,0.0,0.0,0.0,0.0,0.0,0.0,0.0
3506359,0.0,0.0,0.0,0.0,0.0,0.0,0.0,0.0,0.0,64188.0,0.0,64188.0,0.0,0.0,0.0,0.0,0.0,0.0,0.0,0.0,0.0,0.0,0.0,0.0,0.0,0.0,0.0,0.0,0.0,0.0,0.0,0.0,0.0,0.0,0.0,0.0,0.0,0.0,0.0,0.0,0.0,0.0,98.95,1.05,49.76,50.24,6.71,7.28,7.26,7.38,7.95,7.55,7.69,8.13,8.2,7.22,6.08,5.33,4.54,3.62,2.48,1.35,0.71,0.33,0.14,0.04,0.01,100.0,0.0,100.0,0.0,0.0,0.0,0.0,0.0,0.0,0.0,0.0,0.0,0.0,0.0,0.0,0.0,0.0,0.0,0.0,0.0,0.0,0.0,0.0,0.0,0.0,0.0,0.0,0.0,0.0,0.0,0.0,0.0,0.0,0.0,0.0,0.0,0.0,0.0,0.0,0.0,0.0,0.0,0.0,0.0,0.0,0.0,0.0,0.0,0.0,0.0,0.0,0.0,0.0,0.0,0.0,0.0,0.0,0.0,0.0,0.0,0.0,0.0,0.0,0.0,0.0,0.0,0.0,0.0,0.0,0.0,0.0,0.0,0.0,0.0,0.0,0.0,0.0,0.0,0.0,0.0,0.0,0.0,0.0,0.0,0.0,0.0,0.0,63511.0,677.0,31937.0,32251.0,4308.0,4670.0,4660.0,4740.0,5100.0,4849.0,4935.0,5220.0,5266.0,4632.0,3900.0,3420.0,2914.0,2322.0,1590.0,869.0,456.0,212.0,92.0,27.0,6.0,64188.0,0.0,64188.0,96.49,92.65,96.23,96.68,98.88,98.91,99.41,97.72,95.17,93.1,85.86,90.94,99.09,96.46,0.0,96.46,0.0,0.0,0.0,0.0,0.0,0.0,0.0,0.0,0.0,0.0,0.0,0.0,0.0,0.0,0.0,0.0,33.0,26.0,33.0,0.0,33.0,99.02,99.71,99.03,0.0,99.03,62.55,41.29,62.24,0.0,62.24,0.0,0.0,0.0,0.0,0.0,0.0,0.0,0.0,0.0,0.0,0.0,0.0,0.0,0.0,0.0
3506409,0.0,0.0,0.0,0.0,0.0,0.0,0.0,0.0,0.0,7319.0,0.0,7319.0,0.0,0.0,0.0,0.0,0.0,0.0,0.0,0.0,0.0,0.0,0.0,0.0,0.0,0.0,0.0,0.0,0.0,0.0,0.0,0.0,0.0,0.0,0.0,0.0,0.0,0.0,0.0,0.0,0.0,0.0,93.96,6.04,49.16,50.84,4.89,6.11,5.67,5.56,6.18,6.39,6.83,7.17,7.6,7.3,7.28,6.33,6.24,5.48,4.43,2.98,1.75,1.13,0.51,0.16,0.01,100.0,0.0,100.0,0.0,0.0,0.0,0.0,0.0,0.0,0.0,0.0,0.0,0.0,0.0,0.0,0.0,0.0,0.0,0.0,0.0,0.0,0.0,0.0,0.0,0.0,0.0,0.0,0.0,0.0,0.0,0.0,0.0,0.0,0.0,0.0,0.0,0.0,0.0,0.0,0.0,0.0,0.0,0.0,0.0,0.0,0.0,0.0,0.0,0.0,0.0,0.0,0.0,0.0,0.0,0.0,0.0,0.0,0.0,0.0,0.0,0.0,0.0,0.0,0.0,0.0,0.0,0.0,0.0,0.0,0.0,0.0,0.0,0.0,0.0,0.0,0.0,0.0,0.0,0.0,0.0,0.0,0.0,0.0,0.0,0.0,0.0,0.0,6877.0,442.0,3598.0,3721.0,358.0,447.0,415.0,407.0,452.0,468.0,500.0,525.0,556.0,534.0,533.0,463.0,457.0,401.0,324.0,218.0,128.0,83.0,37.0,12.0,1.0,7319.0,0.0,7319.0,95.66,95.58,96.49,94.86,99.56,98.76,98.65,97.96,97.38,95.11,80.58,87.38,99.46,95.66,0.0,95.66,0.0,0.0,0.0,0.0,0.0,0.0,0.0,0.0,0.0,0.0,0.0,0.0,0.0,0.0,0.0,0.0,40.0,47.0,40.0,0.0,40.0,95.04,126.67,96.69,0.0,96.69,132.42,212.28,136.15,0.0,136.15,0.0,0.0,0.0,0.0,0.0,0.0,0.0,0.0,0.0,0.0,0.0,0.0,0.0,0.0,0.0
3506508,0.0,0.0,0.0,0.0,0.0,0.0,0.0,0.0,0.0,118979.0,0.0,118979.0,0.0,0.0,0.0,0.0,0.0,0.0,0.0,0.0,0.0,0.0,0.0,0.0,0.0,0.0,0.0,0.0,0.0,0.0,0.0,0.0,0.0,0.0,0.0,0.0,0.0,0.0,0.0,0.0,0.0,0.0,97.84,2.16,48.36,51.64,5.36,6.09,6.02,5.98,6.62,7.02,7.38,7.84,8.16,7.49,7.27,6.56,5.54,4.51,3.34,2.31,1.42,0.73,0.28,0.07,0.01,100.0,0.0,100.0,0.0,0.0,0.0,0.0,0.0,0.0,0.0,0.0,0.0,0.0,0.0,0.0,0.0,0.0,0.0,0.0,0.0,0.0,0.0,0.0,0.0,0.0,0.0,0.0,0.0,0.0,0.0,0.0,0.0,0.0,0.0,0.0,0.0,0.0,0.0,0.0,0.0,0.0,0.0,0.0,0.0,0.0,0.0,0.0,0.0,0.0,0.0,0.0,0.0,0.0,0.0,0.0,0.0,0.0,0.0,0.0,0.0,0.0,0.0,0.0,0.0,0.0,0.0,0.0,0.0,0.0,0.0,0.0,0.0,0.0,0.0,0.0,0.0,0.0,0.0,0.0,0.0,0.0,0.0,0.0,0.0,0.0,0.0,0.0,116413.0,2566.0,57544.0,61435.0,6381.0,7246.0,7168.0,7120.0,7876.0,8355.0,8782.0,9326.0,9709.0,8912.0,8646.0,7802.0,6589.0,5361.0,3978.0,2743.0,1694.0,864.0,337.0,78.0,12.0,118979.0,0.0,118979.0,96.73,95.89,97.11,96.36,99.37,99.17,99.01,98.85,98.07,96.34,80.24,87.48,99.2,96.71,0.0,96.71,0.0,0.0,0.0,0.0,0.0,0.0,0.0,0.0,0.0,0.0,0.0,0.0,0.0,0.0,0.0,0.0,38.0,45.0,38.0,0.0,38.0,92.96,132.43,93.67,0.0,93.67,102.68,203.32,104.14,0.0,104.14,0.0,0.0,0.0,0.0,0.0,0.0,0.0,0.0,0.0,0.0,0.0,0.0,0.0,0.0,0.0
3506607,0.0,0.0,0.0,0.0,0.0,0.0,0.0,0.0,0.0,29683.0,0.0,29683.0,0.0,0.0,0.0,0.0,0.0,0.0,0.0,0.0,0.0,0.0,0.0,0.0,0.0,0.0,0.0,0.0,0.0,0.0,0.0,0.0,0.0,0.0,0.0,0.0,0.0,0.0,0.0,0.0,0.0,0.0,81.53,18.47,49.78,50.22,5.96,6.63,6.85,7.4,7.77,7.14,6.96,7.44,7.29,6.7,6.68,6.01,5.2,4.24,3.36,2.22,1.17,0.65,0.25,0.06,0.01,100.0,0.0,100.0,0.0,0.0,0.0,0.0,0.0,0.0,0.0,0.0,0.0,0.0,0.0,0.0,0.0,0.0,0.0,0.0,0.0,0.0,0.0,0.0,0.0,0.0,0.0,0.0,0.0,0.0,0.0,0.0,0.0,0.0,0.0,0.0,0.0,0.0,0.0,0.0,0.0,0.0,0.0,0.0,0.0,0.0,0.0,0.0,0.0,0.0,0.0,0.0,0.0,0.0,0.0,0.0,0.0,0.0,0.0,0.0,0.0,0.0,0.0,0.0,0.0,0.0,0.0,0.0,0.0,0.0,0.0,0.0,0.0,0.0,0.0,0.0,0.0,0.0,0.0,0.0,0.0,0.0,0.0,0.0,0.0,0.0,0.0,0.0,24201.0,5482.0,14775.0,14908.0,1770.0,1968.0,2033.0,2198.0,2307.0,2120.0,2066.0,2208.0,2164.0,1988.0,1982.0,1784.0,1543.0,1259.0,998.0,660.0,347.0,193.0,75.0,18.0,2.0,29683.0,0.0,29683.0,94.27,93.3,94.64,93.54,98.53,98.3,98.24,97.94,95.01,91.85,71.2,79.9,98.54,94.09,0.0,94.09,0.0,0.0,0.0,0.0,0.0,0.0,0.0,0.0,0.0,0.0,0.0,0.0,0.0,0.0,0.0,0.0,35.0,37.0,35.0,0.0,35.0,97.27,107.65,99.11,0.0,99.11,88.04,89.37,88.29,0.0,88.29,0.0,0.0,0.0,0.0,0.0,0.0,0.0,0.0,0.0,0.0,0.0,0.0,0.0,0.0,0.0
3506706,0.0,0.0,0.0,0.0,0.0,0.0,0.0,0.0,0.0,12978.0,0.0,12978.0,0.0,0.0,0.0,0.0,0.0,0.0,0.0,0.0,0.0,0.0,0.0,0.0,0.0,0.0,0.0,0.0,0.0,0.0,0.0,0.0,0.0,0.0,0.0,0.0,0.0,0.0,0.0,0.0,0.0,0.0,94.03,5.97,49.23,50.77,6.6,7.07,6.77,6.73,7.49,7.57,7.0,7.51,7.95,6.6,6.38,5.83,5.22,4.1,3.2,2.03,1.09,0.55,0.26,0.05,0.01,100.0,0.0,100.0,0.0,0.0,0.0,0.0,0.0,0.0,0.0,0.0,0.0,0.0,0.0,0.0,0.0,0.0,0.0,0.0,0.0,0.0,0.0,0.0,0.0,0.0,0.0,0.0,0.0,0.0,0.0,0.0,0.0,0.0,0.0,0.0,0.0,0.0,0.0,0.0,0.0,0.0,0.0,0.0,0.0,0.0,0.0,0.0,0.0,0.0,0.0,0.0,0.0,0.0,0.0,0.0,0.0,0.0,0.0,0.0,0.0,0.0,0.0,0.0,0.0,0.0,0.0,0.0,0.0,0.0,0.0,0.0,0.0,0.0,0.0,0.0,0.0,0.0,0.0,0.0,0.0,0.0,0.0,0.0,0.0,0.0,0.0,0.0,12203.0,775.0,6389.0,6589.0,856.0,918.0,878.0,874.0,972.0,983.0,908.0,974.0,1032.0,856.0,828.0,756.0,678.0,532.0,415.0,263.0,142.0,72.0,34.0,6.0,1.0,12978.0,0.0,12978.0,92.59,92.72,93.41,91.83,98.66,98.68,99.08,96.51,91.39,87.17,70.66,78.23,99.09,92.6,0.0,92.6,0.0,0.0,0.0,0.0,0.0,0.0,0.0,0.0,0.0,0.0,0.0,0.0,0.0,0.0,0.0,0.0,35.0,38.0,35.0,0.0,35.0,95.59,121.43,96.96,0.0,96.96,80.52,85.35,80.81,0.0,80.81,0.0,0.0,0.0,0.0,0.0,0.0,0.0,0.0,0.0,0.0,0.0,0.0,0.0,0.0,0.0
3506805,0.0,0.0,0.0,0.0,0.0,0.0,0.0,0.0,0.0,11259.0,0.0,11259.0,0.0,0.0,0.0,0.0,0.0,0.0,0.0,0.0,0.0,0.0,0.0,0.0,0.0,0.0,0.0,0.0,0.0,0.0,0.0,0.0,0.0,0.0,0.0,0.0,0.0,0.0,0.0,0.0,0.0,0.0,94.96,5.04,48.9,51.1,5.45,6.5,6.32,6.52,6.7,7.39,7.08,8.11,8.3,7.18,6.4,6.02,5.43,4.39,3.52,2.03,1.47,0.83,0.26,0.09,0.01,100.0,0.0,100.0,0.0,0.0,0.0,0.0,0.0,0.0,0.0,0.0,0.0,0.0,0.0,0.0,0.0,0.0,0.0,0.0,0.0,0.0,0.0,0.0,0.0,0.0,0.0,0.0,0.0,0.0,0.0,0.0,0.0,0.0,0.0,0.0,0.0,0.0,0.0,0.0,0.0,0.0,0.0,0.0,0.0,0.0,0.0,0.0,0.0,0.0,0.0,0.0,0.0,0.0,0.0,0.0,0.0,0.0,0.0,0.0,0.0,0.0,0.0,0.0,0.0,0.0,0.0,0.0,0.0,0.0,0.0,0.0,0.0,0.0,0.0,0.0,0.0,0.0,0.0,0.0,0.0,0.0,0.0,0.0,0.0,0.0,0.0,0.0,10691.0,568.0,5506.0,5753.0,614.0,732.0,712.0,734.0,754.0,832.0,797.0,913.0,934.0,808.0,721.0,678.0,611.0,494.0,396.0,229.0,166.0,94.0,29.0,10.0,1.0,11259.0,0.0,11259.0,95.08,93.18,95.52,94.48,98.67,99.02,99.34,97.94,94.77,92.86,78.45,84.57,98.92,94.99,0.0,94.99,0.0,0.0,0.0,0.0,0.0,0.0,0.0,0.0,0.0,0.0,0.0,0.0,0.0,0.0,0.0,0.0,37.0,35.0,37.0,0.0,37.0,95.02,109.59,95.71,0.0,95.71,100.62,68.75,98.64,0.0,98.64,0.0,0.0,0.0,0.0,0.0,0.0,0.0,0.0,0.0,0.0,0.0,0.0,0.0,0.0,0.0
3506904,0.0,0.0,0.0,0.0,0.0,0.0,0.0,0.0,0.0,10460.0,0.0,10460.0,0.0,0.0,0.0,0.0,0.0,0.0,0.0,0.0,0.0,0.0,0.0,0.0,0.0,0.0,0.0,0.0,0.0,0.0,0.0,0.0,0.0,0.0,0.0,0.0,0.0,0.0,0.0,0.0,0.0,0.0,71.41,28.59,50.89,49.11,5.54,6.47,6.28,6.85,6.48,6.09,5.62,6.95,7.16,7.0,6.64,6.83,6.47,5.91,4.14,2.61,1.64,0.96,0.28,0.08,0.0,100.0,0.0,100.0,0.0,0.0,0.0,0.0,0.0,0.0,0.0,0.0,0.0,0.0,0.0,0.0,0.0,0.0,0.0,0.0,0.0,0.0,0.0,0.0,0.0,0.0,0.0,0.0,0.0,0.0,0.0,0.0,0.0,0.0,0.0,0.0,0.0,0.0,0.0,0.0,0.0,0.0,0.0,0.0,0.0,0.0,0.0,0.0,0.0,0.0,0.0,0.0,0.0,0.0,0.0,0.0,0.0,0.0,0.0,0.0,0.0,0.0,0.0,0.0,0.0,0.0,0.0,0.0,0.0,0.0,0.0,0.0,0.0,0.0,0.0,0.0,0.0,0.0,0.0,0.0,0.0,0.0,0.0,0.0,0.0,0.0,0.0,0.0,7469.0,2991.0,5323.0,5137.0,579.0,677.0,657.0,717.0,678.0,637.0,588.0,727.0,749.0,732.0,695.0,714.0,677.0,618.0,433.0,273.0,172.0,100.0,29.0,8.0,0.0,10460.0,0.0,10460.0,94.56,93.64,94.7,93.88,98.38,98.45,100.0,98.04,93.97,92.95,79.21,85.61,96.5,94.29,0.0,94.29,0.0,0.0,0.0,0.0,0.0,0.0,0.0,0.0,0.0,0.0,0.0,0.0,0.0,0.0,0.0,0.0,36.0,47.0,39.0,0.0,39.0,99.44,114.87,103.62,0.0,103.62,97.08,192.42,120.75,0.0,120.75,0.0,0.0,0.0,0.0,0.0,0.0,0.0,0.0,0.0,0.0,0.0,0.0,0.0,0.0,0.0
3507001,0.0,0.0,0.0,0.0,0.0,0.0,0.0,0.0,0.0,61081.0,0.0,61081.0,0.0,0.0,0.0,0.0,0.0,0.0,0.0,0.0,0.0,0.0,0.0,0.0,0.0,0.0,0.0,0.0,0.0,0.0,0.0,0.0,0.0,0.0,0.0,0.0,0.0,0.0,0.0,0.0,0.0,0.0,96.22,3.78,49.24,50.76,5.88,6.66,6.64,6.53,7.06,7.31,7.91,8.76,8.49,6.97,6.06,5.64,5.0,4.17,2.98,1.98,1.13,0.56,0.22,0.05,0.01,100.0,0.0,100.0,0.0,0.0,0.0,0.0,0.0,0.0,0.0,0.0,0.0,0.0,0.0,0.0,0.0,0.0,0.0,0.0,0.0,0.0,0.0,0.0,0.0,0.0,0.0,0.0,0.0,0.0,0.0,0.0,0.0,0.0,0.0,0.0,0.0,0.0,0.0,0.0,0.0,0.0,0.0,0.0,0.0,0.0,0.0,0.0,0.0,0.0,0.0,0.0,0.0,0.0,0.0,0.0,0.0,0.0,0.0,0.0,0.0,0.0,0.0,0.0,0.0,0.0,0.0,0.0,0.0,0.0,0.0,0.0,0.0,0.0,0.0,0.0,0.0,0.0,0.0,0.0,0.0,0.0,0.0,0.0,0.0,0.0,0.0,0.0,58775.0,2306.0,30076.0,31005.0,3591.0,4069.0,4055.0,3986.0,4313.0,4466.0,4831.0,5353.0,5187.0,4260.0,3699.0,3443.0,3052.0,2549.0,1819.0,1209.0,688.0,340.0,137.0,29.0,5.0,61081.0,0.0,61081.0,97.11,93.52,97.11,96.85,98.98,99.01,99.29,98.5,96.33,96.06,86.79,90.82,99.31,96.98,0.0,96.98,0.0,0.0,0.0,0.0,0.0,0.0,0.0,0.0,0.0,0.0,0.0,0.0,0.0,0.0,0.0,0.0,36.0,38.0,36.0,0.0,36.0,96.53,109.83,97.0,0.0,97.0,83.31,98.24,83.89,0.0,83.89,0.0,0.0,0.0,0.0,0.0,0.0,0.0,0.0,0.0,0.0,0.0,0.0,0.0,0.0,0.0
3507100,100.0,0.0,100.0,26.0,0.0,26.0,0.12,0.0,0.12,22006.0,0.0,22006.0,100.0,0.0,100.0,100.0,0.0,100.0,100.0,0.0,100.0,12.0,0.0,12.0,37.0,0.0,37.0,26.0,0.0,26.0,3.08,0.0,3.08,2.17,0.0,2.17,0.16,0.0,0.16,70.27,0.0,70.27,92.41,7.59,49.46,50.54,6.18,6.48,6.73,6.8,7.56,7.51,7.83,8.44,8.26,7.0,6.09,5.67,4.94,3.8,2.76,1.99,1.08,0.54,0.27,0.07,0.0,100.0,0.0,100.0,100.0,0.0,50.0,50.0,3.85,11.54,15.38,7.69,3.85,3.85,11.54,23.08,7.69,0.0,0.0,3.85,3.85,0.0,3.85,0.0,0.0,0.0,0.0,0.0,0.0,100.0,0.0,100.0,26.0,0.0,13.0,13.0,1.0,3.0,4.0,2.0,1.0,1.0,3.0,6.0,2.0,0.0,0.0,1.0,1.0,0.0,1.0,0.0,0.0,0.0,0.0,0.0,0.0,26.0,0.0,26.0,0.13,0.0,0.12,0.12,0.07,0.21,0.27,0.13,0.06,0.06,0.17,0.32,0.11,0.0,0.0,0.08,0.09,0.0,0.16,0.0,0.0,0.0,0.0,0.0,0.0,0.12,0.0,0.12,20336.0,1670.0,10884.0,11122.0,1359.0,1427.0,1481.0,1496.0,1664.0,1652.0,1723.0,1858.0,1818.0,1540.0,1341.0,1248.0,1087.0,836.0,608.0,437.0,237.0,118.0,59.0,16.0,1.0,22006.0,0.0,22006.0,95.89,92.49,95.91,95.36,98.92,98.55,98.65,97.58,95.73,93.62,80.76,85.94,98.35,95.63,0.0,95.63,94.44,0.0,88.89,100.0,100.0,75.0,100.0,100.0,0.0,100.0,0.0,100.0,0.0,94.44,0.0,94.44,35.0,36.0,35.0,0.0,35.0,96.5,116.04,97.86,0.0,97.86,78.87,88.79,79.66,0.0,79.66,31.0,0.0,31.0,0.0,31.0,100.0,0.0,100.0,0.0,100.0,25.0,0.0,25.0,0.0,25.0
3507159,0.0,0.0,0.0,0.0,0.0,0.0,0.0,0.0,0.0,3555.0,0.0,3555.0,0.0,0.0,0.0,0.0,0.0,0.0,0.0,0.0,0.0,0.0,0.0,0.0,0.0,0.0,0.0,0.0,0.0,0.0,0.0,0.0,0.0,0.0,0.0,0.0,0.0,0.0,0.0,0.0,0.0,0.0,69.68,30.32,51.05,48.95,7.76,7.88,7.54,8.41,8.16,8.55,7.34,6.86,7.03,7.09,5.94,5.2,4.33,3.01,2.25,1.52,0.68,0.2,0.23,0.03,0.0,100.0,0.0,100.0,0.0,0.0,0.0,0.0,0.0,0.0,0.0,0.0,0.0,0.0,0.0,0.0,0.0,0.0,0.0,0.0,0.0,0.0,0.0,0.0,0.0,0.0,0.0,0.0,0.0,0.0,0.0,0.0,0.0,0.0,0.0,0.0,0.0,0.0,0.0,0.0,0.0,0.0,0.0,0.0,0.0,0.0,0.0,0.0,0.0,0.0,0.0,0.0,0.0,0.0,0.0,0.0,0.0,0.0,0.0,0.0,0.0,0.0,0.0,0.0,0.0,0.0,0.0,0.0,0.0,0.0,0.0,0.0,0.0,0.0,0.0,0.0,0.0,0.0,0.0,0.0,0.0,0.0,0.0,0.0,0.0,0.0,0.0,0.0,2477.0,1078.0,1815.0,1740.0,276.0,280.0,268.0,299.0,290.0,304.0,261.0,244.0,250.0,252.0,211.0,185.0,154.0,107.0,80.0,54.0,24.0,7.0,8.0,1.0,0.0,3555.0,0.0,3555.0,94.49,93.59,94.67,93.75,99.31,98.41,99.4,94.33,93.95,91.45,73.4,78.65,99.25,94.21,0.0,94.21,0.0,0.0,0.0,0.0,0.0,0.0,0.0,0.0,0.0,0.0,0.0,0.0,0.0,0.0,0.0,0.0,30.0,33.0,30.0,0.0,30.0,100.57,113.47,104.31,0.0,104.31,48.69,62.15,52.79,0.0,52.79,0.0,0.0,0.0,0.0,0.0,0.0,0.0,0.0,0.0,0.0,0.0,0.0,0.0,0.0,0.0
3507209,0.0,0.0,0.0,0.0,0.0,0.0,0.0,0.0,0.0,907.0,0.0,907.0,0.0,0.0,0.0,0.0,0.0,0.0,0.0,0.0,0.0,0.0,0.0,0.0,0.0,0.0,0.0,0.0,0.0,0.0,0.0,0.0,0.0,0.0,0.0,0.0,0.0,0.0,0.0,0.0,0.0,0.0,81.37,18.63,50.61,49.39,7.06,6.06,6.73,5.84,5.29,6.17,6.73,7.83,7.28,6.62,6.62,7.39,6.17,5.51,4.52,2.21,1.1,0.55,0.11,0.11,0.11,100.0,0.0,100.0,0.0,0.0,0.0,0.0,0.0,0.0,0.0,0.0,0.0,0.0,0.0,0.0,0.0,0.0,0.0,0.0,0.0,0.0,0.0,0.0,0.0,0.0,0.0,0.0,0.0,0.0,0.0,0.0,0.0,0.0,0.0,0.0,0.0,0.0,0.0,0.0,0.0,0.0,0.0,0.0,0.0,0.0,0.0,0.0,0.0,0.0,0.0,0.0,0.0,0.0,0.0,0.0,0.0,0.0,0.0,0.0,0.0,0.0,0.0,0.0,0.0,0.0,0.0,0.0,0.0,0.0,0.0,0.0,0.0,0.0,0.0,0.0,0.0,0.0,0.0,0.0,0.0,0.0,0.0,0.0,0.0,0.0,0.0,0.0,738.0,169.0,459.0,448.0,64.0,55.0,61.0,53.0,48.0,56.0,61.0,71.0,66.0,60.0,60.0,67.0,56.0,50.0,41.0,20.0,10.0,5.0,1.0,1.0,1.0,907.0,0.0,907.0,94.44,93.98,94.58,94.13,100.0,100.0,100.0,98.54,94.17,93.5,78.95,81.4,100.0,94.36,0.0,94.36,0.0,0.0,0.0,0.0,0.0,0.0,0.0,0.0,0.0,0.0,0.0,0.0,0.0,0.0,0.0,0.0,38.0,38.0,38.0,0.0,38.0,98.92,119.48,102.46,0.0,102.46,107.64,83.33,102.78,0.0,102.78,0.0,0.0,0.0,0.0,0.0,0.0,0.0,0.0,0.0,0.0,0.0,0.0,0.0,0.0,0.0
3507308,0.0,0.0,0.0,0.0,0.0,0.0,0.0,0.0,0.0,4715.0,0.0,4715.0,0.0,0.0,0.0,0.0,0.0,0.0,0.0,0.0,0.0,0.0,0.0,0.0,0.0,0.0,0.0,0.0,0.0,0.0,0.0,0.0,0.0,0.0,0.0,0.0,0.0,0.0,0.0,0.0,0.0,0.0,94.27,5.73,50.75,49.25,6.66,6.85,7.21,7.08,7.47,7.13,7.72,8.34,7.02,6.07,6.41,5.54,5.11,4.18,2.86,2.04,1.29,0.74,0.23,0.06,0.0,100.0,0.0,100.0,0.0,0.0,0.0,0.0,0.0,0.0,0.0,0.0,0.0,0.0,0.0,0.0,0.0,0.0,0.0,0.0,0.0,0.0,0.0,0.0,0.0,0.0,0.0,0.0,0.0,0.0,0.0,0.0,0.0,0.0,0.0,0.0,0.0,0.0,0.0,0.0,0.0,0.0,0.0,0.0,0.0,0.0,0.0,0.0,0.0,0.0,0.0,0.0,0.0,0.0,0.0,0.0,0.0,0.0,0.0,0.0,0.0,0.0,0.0,0.0,0.0,0.0,0.0,0.0,0.0,0.0,0.0,0.0,0.0,0.0,0.0,0.0,0.0,0.0,0.0,0.0,0.0,0.0,0.0,0.0,0.0,0.0,0.0,0.0,4445.0,270.0,2393.0,2322.0,314.0,323.0,340.0,334.0,352.0,336.0,364.0,393.0,331.0,286.0,302.0,261.0,241.0,197.0,135.0,96.0,61.0,35.0,11.0,3.0,0.0,4715.0,0.0,4715.0,95.08,95.56,95.88,94.33,98.58,98.29,98.5,97.93,95.41,91.83,83.98,85.32,99.25,95.1,0.0,95.1,0.0,0.0,0.0,0.0,0.0,0.0,0.0,0.0,0.0,0.0,0.0,0.0,0.0,0.0,0.0,0.0,34.0,43.0,34.0,0.0,34.0,101.77,126.89,103.06,0.0,103.06,76.82,140.0,79.73,0.0,79.73,0.0,0.0,0.0,0.0,0.0,0.0,0.0,0.0,0.0,0.0,0.0,0.0,0.0,0.0,0.0
3507407,0.0,0.0,0.0,0.0,0.0,0.0,0.0,0.0,0.0,14226.0,0.0,14226.0,0.0,0.0,0.0,0.0,0.0,0.0,0.0,0.0,0.0,0.0,0.0,0.0,0.0,0.0,0.0,0.0,0.0,0.0,0.0,0.0,0.0,0.0,0.0,0.0,0.0,0.0,0.0,0.0,0.0,0.0,92.23,7.77,49.5,50.5,4.79,5.71,5.56,6.22,6.16,6.33,6.45,7.26,7.77,7.26,6.92,7.28,6.82,5.34,4.04,2.64,1.99,1.03,0.38,0.03,0.01,100.0,0.0,100.0,0.0,0.0,0.0,0.0,0.0,0.0,0.0,0.0,0.0,0.0,0.0,0.0,0.0,0.0,0.0,0.0,0.0,0.0,0.0,0.0,0.0,0.0,0.0,0.0,0.0,0.0,0.0,0.0,0.0,0.0,0.0,0.0,0.0,0.0,0.0,0.0,0.0,0.0,0.0,0.0,0.0,0.0,0.0,0.0,0.0,0.0,0.0,0.0,0.0,0.0,0.0,0.0,0.0,0.0,0.0,0.0,0.0,0.0,0.0,0.0,0.0,0.0,0.0,0.0,0.0,0.0,0.0,0.0,0.0,0.0,0.0,0.0,0.0,0.0,0.0,0.0,0.0,0.0,0.0,0.0,0.0,0.0,0.0,0.0,13121.0,1105.0,7042.0,7184.0,682.0,812.0,791.0,885.0,877.0,900.0,917.0,1033.0,1106.0,1033.0,985.0,1036.0,970.0,760.0,575.0,376.0,283.0,146.0,54.0,4.0,1.0,14226.0,0.0,14226.0,94.23,93.87,94.61,93.81,98.4,98.73,99.42,96.63,94.3,92.92,78.36,85.4,99.46,94.2,0.0,94.2,0.0,0.0,0.0,0.0,0.0,0.0,0.0,0.0,0.0,0.0,0.0,0.0,0.0,0.0,0.0,0.0,40.0,43.0,40.0,0.0,40.0,96.42,119.25,98.02,0.0,98.02,139.35,131.41,138.69,0.0,138.69,0.0,0.0,0.0,0.0,0.0,0.0,0.0,0.0,0.0,0.0,0.0,0.0,0.0,0.0,0.0
3507456,0.0,0.0,0.0,0.0,0.0,0.0,0.0,0.0,0.0,2713.0,0.0,2713.0,0.0,0.0,0.0,0.0,0.0,0.0,0.0,0.0,0.0,0.0,0.0,0.0,0.0,0.0,0.0,0.0,0.0,0.0,0.0,0.0,0.0,0.0,0.0,0.0,0.0,0.0,0.0,0.0,0.0,0.0,86.69,13.31,49.06,50.94,6.52,8.29,7.0,8.48,6.67,7.22,7.59,7.34,7.56,6.56,6.23,5.31,4.98,3.98,2.54,1.73,0.85,0.7,0.33,0.07,0.04,100.0,0.0,100.0,0.0,0.0,0.0,0.0,0.0,0.0,0.0,0.0,0.0,0.0,0.0,0.0,0.0,0.0,0.0,0.0,0.0,0.0,0.0,0.0,0.0,0.0,0.0,0.0,0.0,0.0,0.0,0.0,0.0,0.0,0.0,0.0,0.0,0.0,0.0,0.0,0.0,0.0,0.0,0.0,0.0,0.0,0.0,0.0,0.0,0.0,0.0,0.0,0.0,0.0,0.0,0.0,0.0,0.0,0.0,0.0,0.0,0.0,0.0,0.0,0.0,0.0,0.0,0.0,0.0,0.0,0.0,0.0,0.0,0.0,0.0,0.0,0.0,0.0,0.0,0.0,0.0,0.0,0.0,0.0,0.0,0.0,0.0,0.0,2352.0,361.0,1331.0,1382.0,177.0,225.0,190.0,230.0,181.0,196.0,206.0,199.0,205.0,178.0,169.0,144.0,135.0,108.0,69.0,47.0,23.0,19.0,9.0,2.0,1.0,2713.0,0.0,2713.0,96.55,96.62,97.0,96.13,98.34,99.5,99.28,98.51,96.54,95.34,80.2,87.05,100.0,96.56,0.0,96.56,0.0,0.0,0.0,0.0,0.0,0.0,0.0,0.0,0.0,0.0,0.0,0.0,0.0,0.0,0.0,0.0,32.0,42.0,33.0,0.0,33.0,94.38,109.88,96.31,0.0,96.31,65.09,107.69,69.76,0.0,69.76,0.0,0.0,0.0,0.0,0.0,0.0,0.0,0.0,0.0,0.0,0.0,0.0,0.0,0.0,0.0
3507506,0.0,0.0,0.0,0.0,0.0,0.0,0.0,0.0,0.0,145155.0,0.0,145155.0,0.0,0.0,0.0,0.0,0.0,0.0,0.0,0.0,0.0,0.0,0.0,0.0,0.0,0.0,0.0,0.0,0.0,0.0,0.0,0.0,0.0,0.0,0.0,0.0,0.0,0.0,0.0,0.0,0.0,0.0,96.86,3.14,48.1,51.9,5.38,6.24,6.11,6.56,7.37,7.43,7.68,8.15,8.07,6.87,6.13,5.77,5.33,4.5,3.34,2.23,1.44,0.87,0.4,0.1,0.02,100.0,0.0,100.0,0.0,0.0,0.0,0.0,0.0,0.0,0.0,0.0,0.0,0.0,0.0,0.0,0.0,0.0,0.0,0.0,0.0,0.0,0.0,0.0,0.0,0.0,0.0,0.0,0.0,0.0,0.0,0.0,0.0,0.0,0.0,0.0,0.0,0.0,0.0,0.0,0.0,0.0,0.0,0.0,0.0,0.0,0.0,0.0,0.0,0.0,0.0,0.0,0.0,0.0,0.0,0.0,0.0,0.0,0.0,0.0,0.0,0.0,0.0,0.0,0.0,0.0,0.0,0.0,0.0,0.0,0.0,0.0,0.0,0.0,0.0,0.0,0.0,0.0,0.0,0.0,0.0,0.0,0.0,0.0,0.0,0.0,0.0,0.0,140601.0,4554.0,69822.0,75333.0,7803.0,9057.0,8866.0,9515.0,10703.0,10792.0,11154.0,11831.0,11718.0,9974.0,8897.0,8379.0,7737.0,6537.0,4847.0,3240.0,2092.0,1267.0,580.0,142.0,24.0,145155.0,0.0,145155.0,97.5,95.29,97.64,97.24,99.09,99.15,98.98,98.82,97.49,96.19,90.05,92.95,98.96,97.43,0.0,97.43,0.0,0.0,0.0,0.0,0.0,0.0,0.0,0.0,0.0,0.0,0.0,0.0,0.0,0.0,0.0,0.0,36.0,39.0,36.0,0.0,36.0,92.23,107.95,92.68,0.0,92.68,103.07,97.44,102.88,0.0,102.88,0.0,0.0,0.0,0.0,0.0,0.0,0.0,0.0,0.0,0.0,0.0,0.0,0.0,0.0,0.0
3507605,0.0,0.0,0.0,0.0,0.0,0.0,0.0,0.0,0.0,176811.0,0.0,176811.0,0.0,0.0,0.0,0.0,0.0,0.0,0.0,0.0,0.0,0.0,0.0,0.0,0.0,0.0,0.0,0.0,0.0,0.0,0.0,0.0,0.0,0.0,0.0,0.0,0.0,0.0,0.0,0.0,0.0,0.0,92.96,7.04,48.47,51.53,5.39,6.05,5.88,6.2,7.28,7.43,7.85,8.36,8.51,7.18,6.54,5.83,5.43,4.23,3.26,2.17,1.32,0.7,0.32,0.07,0.01,100.0,0.0,100.0,0.0,0.0,0.0,0.0,0.0,0.0,0.0,0.0,0.0,0.0,0.0,0.0,0.0,0.0,0.0,0.0,0.0,0.0,0.0,0.0,0.0,0.0,0.0,0.0,0.0,0.0,0.0,0.0,0.0,0.0,0.0,0.0,0.0,0.0,0.0,0.0,0.0,0.0,0.0,0.0,0.0,0.0,0.0,0.0,0.0,0.0,0.0,0.0,0.0,0.0,0.0,0.0,0.0,0.0,0.0,0.0,0.0,0.0,0.0,0.0,0.0,0.0,0.0,0.0,0.0,0.0,0.0,0.0,0.0,0.0,0.0,0.0,0.0,0.0,0.0,0.0,0.0,0.0,0.0,0.0,0.0,0.0,0.0,0.0,164358.0,12453.0,85697.0,91114.0,9537.0,10693.0,10393.0,10970.0,12868.0,13138.0,13876.0,14774.0,15046.0,12698.0,11564.0,10300.0,9594.0,7481.0,5766.0,3837.0,2331.0,1230.0,567.0,130.0,18.0,176811.0,0.0,176811.0,97.44,95.2,97.52,97.06,99.22,99.17,99.35,98.67,97.63,96.39,87.23,91.15,99.42,97.28,0.0,97.28,0.0,0.0,0.0,0.0,0.0,0.0,0.0,0.0,0.0,0.0,0.0,0.0,0.0,0.0,0.0,0.0,37.0,38.0,37.0,0.0,37.0,93.15,106.86,94.05,0.0,94.05,101.53,95.37,101.08,0.0,101.08,0.0,0.0,0.0,0.0,0.0,0.0,0.0,0.0,0.0,0.0,0.0,0.0,0.0,0.0,0.0
3507704,0.0,0.0,0.0,0.0,0.0,0.0,0.0,0.0,0.0,5356.0,0.0,5356.0,0.0,0.0,0.0,0.0,0.0,0.0,0.0,0.0,0.0,0.0,0.0,0.0,0.0,0.0,0.0,0.0,0.0,0.0,0.0,0.0,0.0,0.0,0.0,0.0,0.0,0.0,0.0,0.0,0.0,0.0,90.65,9.35,49.09,50.91,6.67,6.24,6.22,6.37,6.91,7.06,6.63,6.74,7.17,6.59,6.83,5.47,6.01,4.57,3.51,2.61,2.39,1.31,0.43,0.24,0.04,100.0,0.0,100.0,0.0,0.0,0.0,0.0,0.0,0.0,0.0,0.0,0.0,0.0,0.0,0.0,0.0,0.0,0.0,0.0,0.0,0.0,0.0,0.0,0.0,0.0,0.0,0.0,0.0,0.0,0.0,0.0,0.0,0.0,0.0,0.0,0.0,0.0,0.0,0.0,0.0,0.0,0.0,0.0,0.0,0.0,0.0,0.0,0.0,0.0,0.0,0.0,0.0,0.0,0.0,0.0,0.0,0.0,0.0,0.0,0.0,0.0,0.0,0.0,0.0,0.0,0.0,0.0,0.0,0.0,0.0,0.0,0.0,0.0,0.0,0.0,0.0,0.0,0.0,0.0,0.0,0.0,0.0,0.0,0.0,0.0,0.0,0.0,4855.0,501.0,2629.0,2727.0,357.0,334.0,333.0,341.0,370.0,378.0,355.0,361.0,384.0,353.0,366.0,293.0,322.0,245.0,188.0,140.0,128.0,70.0,23.0,13.0,2.0,5356.0,0.0,5356.0,92.14,92.96,92.63,91.83,98.92,97.14,98.45,95.3,92.77,91.71,69.68,79.11,98.64,92.22,0.0,92.22,0.0,0.0,0.0,0.0,0.0,0.0,0.0,0.0,0.0,0.0,0.0,0.0,0.0,0.0,0.0,0.0,37.0,40.0,38.0,0.0,38.0,94.67,115.02,96.41,0.0,96.41,108.56,130.34,110.45,0.0,110.45,0.0,0.0,0.0,0.0,0.0,0.0,0.0,0.0,0.0,0.0,0.0,0.0,0.0,0.0,0.0
3507753,0.0,0.0,0.0,0.0,0.0,0.0,0.0,0.0,0.0,2565.0,0.0,2565.0,0.0,0.0,0.0,0.0,0.0,0.0,0.0,0.0,0.0,0.0,0.0,0.0,0.0,0.0,0.0,0.0,0.0,0.0,0.0,0.0,0.0,0.0,0.0,0.0,0.0,0.0,0.0,0.0,0.0,0.0,84.52,15.48,50.33,49.67,5.11,6.08,6.2,6.32,6.24,6.39,6.35,6.32,9.55,7.25,7.06,6.63,6.43,5.07,3.94,2.85,1.13,0.74,0.27,0.04,0.04,100.0,0.0,100.0,0.0,0.0,0.0,0.0,0.0,0.0,0.0,0.0,0.0,0.0,0.0,0.0,0.0,0.0,0.0,0.0,0.0,0.0,0.0,0.0,0.0,0.0,0.0,0.0,0.0,0.0,0.0,0.0,0.0,0.0,0.0,0.0,0.0,0.0,0.0,0.0,0.0,0.0,0.0,0.0,0.0,0.0,0.0,0.0,0.0,0.0,0.0,0.0,0.0,0.0,0.0,0.0,0.0,0.0,0.0,0.0,0.0,0.0,0.0,0.0,0.0,0.0,0.0,0.0,0.0,0.0,0.0,0.0,0.0,0.0,0.0,0.0,0.0,0.0,0.0,0.0,0.0,0.0,0.0,0.0,0.0,0.0,0.0,0.0,2168.0,397.0,1291.0,1274.0,131.0,156.0,159.0,162.0,160.0,164.0,163.0,162.0,245.0,186.0,181.0,170.0,165.0,130.0,101.0,73.0,29.0,19.0,7.0,1.0,1.0,2565.0,0.0,2565.0,93.81,92.96,93.85,93.5,100.0,99.08,100.0,97.3,95.91,94.33,65.38,76.45,98.44,93.68,0.0,93.68,0.0,0.0,0.0,0.0,0.0,0.0,0.0,0.0,0.0,0.0,0.0,0.0,0.0,0.0,0.0,0.0,39.0,48.0,40.0,0.0,40.0,100.56,105.7,101.33,0.0,101.33,104.36,212.5,117.94,0.0,117.94,0.0,0.0,0.0,0.0,0.0,0.0,0.0,0.0,0.0,0.0,0.0,0.0,0.0,0.0,0.0
3507803,0.0,0.0,0.0,0.0,0.0,0.0,0.0,0.0,0.0,25201.0,0.0,25201.0,0.0,0.0,0.0,0.0,0.0,0.0,0.0,0.0,0.0,0.0,0.0,0.0,0.0,0.0,0.0,0.0,0.0,0.0,0.0,0.0,0.0,0.0,0.0,0.0,0.0,0.0,0.0,0.0,0.0,0.0,97.52,2.48,49.03,50.97,6.02,6.36,6.09,6.64,7.06,7.48,7.99,7.88,7.61,6.8,6.45,6.06,5.29,4.23,3.37,2.03,1.48,0.73,0.34,0.07,0.02,100.0,0.0,100.0,0.0,0.0,0.0,0.0,0.0,0.0,0.0,0.0,0.0,0.0,0.0,0.0,0.0,0.0,0.0,0.0,0.0,0.0,0.0,0.0,0.0,0.0,0.0,0.0,0.0,0.0,0.0,0.0,0.0,0.0,0.0,0.0,0.0,0.0,0.0,0.0,0.0,0.0,0.0,0.0,0.0,0.0,0.0,0.0,0.0,0.0,0.0,0.0,0.0,0.0,0.0,0.0,0.0,0.0,0.0,0.0,0.0,0.0,0.0,0.0,0.0,0.0,0.0,0.0,0.0,0.0,0.0,0.0,0.0,0.0,0.0,0.0,0.0,0.0,0.0,0.0,0.0,0.0,0.0,0.0,0.0,0.0,0.0,0.0,24576.0,625.0,12356.0,12845.0,1518.0,1604.0,1534.0,1674.0,1779.0,1886.0,2013.0,1986.0,1917.0,1713.0,1625.0,1527.0,1333.0,1066.0,850.0,511.0,372.0,185.0,86.0,17.0,5.0,25201.0,0.0,25201.0,96.9,93.5,96.76,96.87,98.76,98.92,98.59,98.1,97.24,95.52,87.41,91.11,98.97,96.82,0.0,96.82,0.0,0.0,0.0,0.0,0.0,0.0,0.0,0.0,0.0,0.0,0.0,0.0,0.0,0.0,0.0,0.0,36.0,39.0,36.0,0.0,36.0,95.84,111.15,96.19,0.0,96.19,94.62,111.11,95.04,0.0,95.04,0.0,0.0,0.0,0.0,0.0,0.0,0.0,0.0,0.0,0.0,0.0,0.0,0.0,0.0,0.0
3507902,0.0,0.0,0.0,0.0,0.0,0.0,0.0,0.0,0.0,23898.0,0.0,23898.0,0.0,0.0,0.0,0.0,0.0,0.0,0.0,0.0,0.0,0.0,0.0,0.0,0.0,0.0,0.0,0.0,0.0,0.0,0.0,0.0,0.0,0.0,0.0,0.0,0.0,0.0,0.0,0.0,0.0,0.0,92.12,7.88,48.55,51.45,5.68,5.97,6.02,6.92,6.82,6.77,7.23,7.66,7.84,7.1,6.95,6.32,5.62,4.26,3.62,2.25,1.57,0.95,0.37,0.09,0.0,100.0,0.0,100.0,0.0,0.0,0.0,0.0,0.0,0.0,0.0,0.0,0.0,0.0,0.0,0.0,0.0,0.0,0.0,0.0,0.0,0.0,0.0,0.0,0.0,0.0,0.0,0.0,0.0,0.0,0.0,0.0,0.0,0.0,0.0,0.0,0.0,0.0,0.0,0.0,0.0,0.0,0.0,0.0,0.0,0.0,0.0,0.0,0.0,0.0,0.0,0.0,0.0,0.0,0.0,0.0,0.0,0.0,0.0,0.0,0.0,0.0,0.0,0.0,0.0,0.0,0.0,0.0,0.0,0.0,0.0,0.0,0.0,0.0,0.0,0.0,0.0,0.0,0.0,0.0,0.0,0.0,0.0,0.0,0.0,0.0,0.0,0.0,22015.0,1883.0,11603.0,12295.0,1358.0,1427.0,1438.0,1654.0,1629.0,1618.0,1727.0,1830.0,1873.0,1696.0,1661.0,1510.0,1342.0,1018.0,865.0,538.0,375.0,228.0,88.0,22.0,1.0,23898.0,0.0,23898.0,97.02,94.05,96.77,96.82,99.39,98.77,98.91,98.08,97.26,95.83,86.66,91.07,99.07,96.8,0.0,96.8,0.0,0.0,0.0,0.0,0.0,0.0,0.0,0.0,0.0,0.0,0.0,0.0,0.0,0.0,0.0,0.0,38.0,36.0,38.0,0.0,38.0,93.27,108.3,94.37,0.0,94.37,109.76,72.14,106.01,0.0,106.01,0.0,0.0,0.0,0.0,0.0,0.0,0.0,0.0,0.0,0.0,0.0,0.0,0.0,0.0,0.0
3508009,0.0,0.0,0.0,0.0,0.0,0.0,0.0,0.0,0.0,20250.0,0.0,20250.0,0.0,0.0,0.0,0.0,0.0,0.0,0.0,0.0,0.0,0.0,0.0,0.0,0.0,0.0,0.0,0.0,0.0,0.0,0.0,0.0,0.0,0.0,0.0,0.0,0.0,0.0,0.0,0.0,0.0,0.0,82.82,17.18,50.18,49.82,7.32,7.67,7.91,8.15,7.9,7.13,7.47,7.81,7.2,6.31,5.83,5.2,4.72,3.46,2.68,1.54,0.93,0.49,0.22,0.05,0.0,100.0,0.0,100.0,0.0,0.0,0.0,0.0,0.0,0.0,0.0,0.0,0.0,0.0,0.0,0.0,0.0,0.0,0.0,0.0,0.0,0.0,0.0,0.0,0.0,0.0,0.0,0.0,0.0,0.0,0.0,0.0,0.0,0.0,0.0,0.0,0.0,0.0,0.0,0.0,0.0,0.0,0.0,0.0,0.0,0.0,0.0,0.0,0.0,0.0,0.0,0.0,0.0,0.0,0.0,0.0,0.0,0.0,0.0,0.0,0.0,0.0,0.0,0.0,0.0,0.0,0.0,0.0,0.0,0.0,0.0,0.0,0.0,0.0,0.0,0.0,0.0,0.0,0.0,0.0,0.0,0.0,0.0,0.0,0.0,0.0,0.0,0.0,16771.0,3479.0,10161.0,10089.0,1483.0,1554.0,1602.0,1650.0,1599.0,1444.0,1513.0,1582.0,1458.0,1278.0,1181.0,1054.0,955.0,700.0,542.0,312.0,189.0,99.0,45.0,10.0,0.0,20250.0,0.0,20250.0,93.94,93.52,94.42,93.32,98.31,98.31,98.11,96.58,92.72,90.64,75.27,79.86,98.76,93.87,0.0,93.87,0.0,0.0,0.0,0.0,0.0,0.0,0.0,0.0,0.0,0.0,0.0,0.0,0.0,0.0,0.0,0.0,32.0,34.0,32.0,0.0,32.0,97.72,116.49,100.71,0.0,100.71,60.97,63.93,61.48,0.0,61.48,0.0,0.0,0.0,0.0,0.0,0.0,0.0,0.0,0.0,0.0,0.0,0.0,0.0,0.0,0.0
3508108,0.0,0.0,0.0,0.0,0.0,0.0,0.0,0.0,0.0,17210.0,0.0,17210.0,0.0,0.0,0.0,0.0,0.0,0.0,0.0,0.0,0.0,0.0,0.0,0.0,0.0,0.0,0.0,0.0,0.0,0.0,0.0,0.0,0.0,0.0,0.0,0.0,0.0,0.0,0.0,0.0,0.0,0.0,94.5,5.5,48.54,51.46,5.08,6.01,6.49,5.97,5.92,6.12,6.72,6.96,7.19,6.87,7.68,7.15,6.95,5.47,3.88,2.86,1.6,0.77,0.25,0.06,0.01,100.0,0.0,100.0,0.0,0.0,0.0,0.0,0.0,0.0,0.0,0.0,0.0,0.0,0.0,0.0,0.0,0.0,0.0,0.0,0.0,0.0,0.0,0.0,0.0,0.0,0.0,0.0,0.0,0.0,0.0,0.0,0.0,0.0,0.0,0.0,0.0,0.0,0.0,0.0,0.0,0.0,0.0,0.0,0.0,0.0,0.0,0.0,0.0,0.0,0.0,0.0,0.0,0.0,0.0,0.0,0.0,0.0,0.0,0.0,0.0,0.0,0.0,0.0,0.0,0.0,0.0,0.0,0.0,0.0,0.0,0.0,0.0,0.0,0.0,0.0,0.0,0.0,0.0,0.0,0.0,0.0,0.0,0.0,0.0,0.0,0.0,0.0,16264.0,946.0,8353.0,8857.0,874.0,1035.0,1117.0,1027.0,1019.0,1053.0,1157.0,1198.0,1237.0,1182.0,1322.0,1230.0,1196.0,941.0,667.0,492.0,276.0,132.0,43.0,11.0,1.0,17210.0,0.0,17210.0,94.54,93.65,94.65,94.34,98.92,98.33,99.03,96.88,95.09,93.73,77.38,85.37,99.51,94.49,0.0,94.49,0.0,0.0,0.0,0.0,0.0,0.0,0.0,0.0,0.0,0.0,0.0,0.0,0.0,0.0,0.0,0.0,40.0,43.0,40.0,0.0,40.0,93.39,111.63,94.31,0.0,94.31,123.37,139.62,124.22,0.0,124.22,0.0,0.0,0.0,0.0,0.0,0.0,0.0,0.0,0.0,0.0,0.0,0.0,0.0,0.0,0.0
3508207,0.0,0.0,0.0,0.0,0.0,0.0,0.0,0.0,0.0,4356.0,0.0,4356.0,0.0,0.0,0.0,0.0,0.0,0.0,0.0,0.0,0.0,0.0,0.0,0.0,0.0,0.0,0.0,0.0,0.0,0.0,0.0,0.0,0.0,0.0,0.0,0.0,0.0,0.0,0.0,0.0,0.0,0.0,86.59,13.41,48.9,51.1,5.6,5.95,5.92,6.82,5.95,6.5,6.84,7.46,8.47,7.35,6.11,6.11,5.88,4.91,3.6,2.82,2.2,1.01,0.34,0.14,0.02,100.0,0.0,100.0,0.0,0.0,0.0,0.0,0.0,0.0,0.0,0.0,0.0,0.0,0.0,0.0,0.0,0.0,0.0,0.0,0.0,0.0,0.0,0.0,0.0,0.0,0.0,0.0,0.0,0.0,0.0,0.0,0.0,0.0,0.0,0.0,0.0,0.0,0.0,0.0,0.0,0.0,0.0,0.0,0.0,0.0,0.0,0.0,0.0,0.0,0.0,0.0,0.0,0.0,0.0,0.0,0.0,0.0,0.0,0.0,0.0,0.0,0.0,0.0,0.0,0.0,0.0,0.0,0.0,0.0,0.0,0.0,0.0,0.0,0.0,0.0,0.0,0.0,0.0,0.0,0.0,0.0,0.0,0.0,0.0,0.0,0.0,0.0,3772.0,584.0,2130.0,2226.0,244.0,259.0,258.0,297.0,259.0,283.0,298.0,325.0,369.0,320.0,266.0,266.0,256.0,214.0,157.0,123.0,96.0,44.0,15.0,6.0,1.0,4356.0,0.0,4356.0,94.89,94.61,95.06,94.66,99.23,97.76,99.48,97.84,94.2,93.68,84.56,86.89,99.06,94.85,0.0,94.85,0.0,0.0,0.0,0.0,0.0,0.0,0.0,0.0,0.0,0.0,0.0,0.0,0.0,0.0,0.0,0.0,39.0,42.0,39.0,0.0,39.0,91.96,123.75,95.69,0.0,95.69,115.63,147.06,119.84,0.0,119.84,0.0,0.0,0.0,0.0,0.0,0.0,0.0,0.0,0.0,0.0,0.0,0.0,0.0,0.0,0.0
3508306,0.0,0.0,0.0,0.0,0.0,0.0,0.0,0.0,0.0,4299.0,0.0,4299.0,0.0,0.0,0.0,0.0,0.0,0.0,0.0,0.0,0.0,0.0,0.0,0.0,0.0,0.0,0.0,0.0,0.0,0.0,0.0,0.0,0.0,0.0,0.0,0.0,0.0,0.0,0.0,0.0,0.0,0.0,82.83,17.17,50.62,49.38,6.0,6.47,6.3,7.19,6.98,7.28,7.02,7.7,7.09,7.12,6.91,6.33,5.33,4.33,3.19,2.37,1.23,0.79,0.35,0.02,0.0,100.0,0.0,100.0,0.0,0.0,0.0,0.0,0.0,0.0,0.0,0.0,0.0,0.0,0.0,0.0,0.0,0.0,0.0,0.0,0.0,0.0,0.0,0.0,0.0,0.0,0.0,0.0,0.0,0.0,0.0,0.0,0.0,0.0,0.0,0.0,0.0,0.0,0.0,0.0,0.0,0.0,0.0,0.0,0.0,0.0,0.0,0.0,0.0,0.0,0.0,0.0,0.0,0.0,0.0,0.0,0.0,0.0,0.0,0.0,0.0,0.0,0.0,0.0,0.0,0.0,0.0,0.0,0.0,0.0,0.0,0.0,0.0,0.0,0.0,0.0,0.0,0.0,0.0,0.0,0.0,0.0,0.0,0.0,0.0,0.0,0.0,0.0,3561.0,738.0,2176.0,2123.0,258.0,278.0,271.0,309.0,300.0,313.0,302.0,331.0,305.0,306.0,297.0,272.0,229.0,186.0,137.0,102.0,53.0,34.0,15.0,1.0,0.0,4299.0,0.0,4299.0,93.68,94.15,94.18,93.33,99.0,98.05,98.43,97.33,94.03,91.62,74.15,80.11,100.0,93.76,0.0,93.76,0.0,0.0,0.0,0.0,0.0,0.0,0.0,0.0,0.0,0.0,0.0,0.0,0.0,0.0,0.0,0.0,37.0,35.0,36.0,0.0,36.0,101.53,107.3,102.5,0.0,102.5,102.15,59.24,93.8,0.0,93.8,0.0,0.0,0.0,0.0,0.0,0.0,0.0,0.0,0.0,0.0,0.0,0.0,0.0,0.0,0.0
3508405,0.0,0.0,0.0,0.0,0.0,0.0,0.0,0.0,0.0,47011.0,0.0,47011.0,0.0,0.0,0.0,0.0,0.0,0.0,0.0,0.0,0.0,0.0,0.0,0.0,0.0,0.0,0.0,0.0,0.0,0.0,0.0,0.0,0.0,0.0,0.0,0.0,0.0,0.0,0.0,0.0,0.0,0.0,92.32,7.68,49.51,50.49,6.61,7.02,7.08,7.33,8.11,8.14,8.03,8.24,8.07,6.72,6.28,5.48,4.34,3.29,2.32,1.44,0.81,0.42,0.2,0.06,0.01,100.0,0.0,100.0,0.0,0.0,0.0,0.0,0.0,0.0,0.0,0.0,0.0,0.0,0.0,0.0,0.0,0.0,0.0,0.0,0.0,0.0,0.0,0.0,0.0,0.0,0.0,0.0,0.0,0.0,0.0,0.0,0.0,0.0,0.0,0.0,0.0,0.0,0.0,0.0,0.0,0.0,0.0,0.0,0.0,0.0,0.0,0.0,0.0,0.0,0.0,0.0,0.0,0.0,0.0,0.0,0.0,0.0,0.0,0.0,0.0,0.0,0.0,0.0,0.0,0.0,0.0,0.0,0.0,0.0,0.0,0.0,0.0,0.0,0.0,0.0,0.0,0.0,0.0,0.0,0.0,0.0,0.0,0.0,0.0,0.0,0.0,0.0,43400.0,3611.0,23276.0,23735.0,3107.0,3302.0,3330.0,3446.0,3811.0,3827.0,3775.0,3873.0,3795.0,3160.0,2952.0,2575.0,2038.0,1546.0,1091.0,677.0,383.0,198.0,94.0,27.0,4.0,47011.0,0.0,47011.0,96.47,94.36,96.62,95.99,99.03,99.3,99.26,98.36,96.78,93.11,77.95,84.65,98.93,96.3,0.0,96.3,0.0,0.0,0.0,0.0,0.0,0.0,0.0,0.0,0.0,0.0,0.0,0.0,0.0,0.0,0.0,0.0,33.0,36.0,33.0,0.0,33.0,97.88,100.39,98.07,0.0,98.07,61.67,68.7,62.2,0.0,62.2,0.0,0.0,0.0,0.0,0.0,0.0,0.0,0.0,0.0,0.0,0.0,0.0,0.0,0.0,0.0
3508504,0.0,0.0,0.0,0.0,0.0,0.0,0.0,0.0,0.0,96202.0,0.0,96202.0,0.0,0.0,0.0,0.0,0.0,0.0,0.0,0.0,0.0,0.0,0.0,0.0,0.0,0.0,0.0,0.0,0.0,0.0,0.0,0.0,0.0,0.0,0.0,0.0,0.0,0.0,0.0,0.0,0.0,0.0,96.59,3.41,48.94,51.06,5.98,6.42,6.47,6.36,6.84,6.79,7.3,8.45,8.41,7.04,6.47,6.11,5.48,4.36,3.17,2.06,1.3,0.65,0.27,0.06,0.01,100.0,0.0,100.0,0.0,0.0,0.0,0.0,0.0,0.0,0.0,0.0,0.0,0.0,0.0,0.0,0.0,0.0,0.0,0.0,0.0,0.0,0.0,0.0,0.0,0.0,0.0,0.0,0.0,0.0,0.0,0.0,0.0,0.0,0.0,0.0,0.0,0.0,0.0,0.0,0.0,0.0,0.0,0.0,0.0,0.0,0.0,0.0,0.0,0.0,0.0,0.0,0.0,0.0,0.0,0.0,0.0,0.0,0.0,0.0,0.0,0.0,0.0,0.0,0.0,0.0,0.0,0.0,0.0,0.0,0.0,0.0,0.0,0.0,0.0,0.0,0.0,0.0,0.0,0.0,0.0,0.0,0.0,0.0,0.0,0.0,0.0,0.0,92926.0,3276.0,47081.0,49121.0,5756.0,6178.0,6220.0,6114.0,6585.0,6535.0,7018.0,8127.0,8091.0,6770.0,6227.0,5881.0,5269.0,4196.0,3046.0,1982.0,1246.0,628.0,261.0,59.0,13.0,96202.0,0.0,96202.0,97.22,92.82,97.42,96.74,98.75,99.02,99.16,98.75,97.71,96.26,84.84,90.44,98.76,97.07,0.0,97.07,0.0,0.0,0.0,0.0,0.0,0.0,0.0,0.0,0.0,0.0,0.0,0.0,0.0,0.0,0.0,0.0,37.0,39.0,37.0,0.0,37.0,95.17,117.39,95.85,0.0,95.85,91.79,97.73,91.99,0.0,91.99,0.0,0.0,0.0,0.0,0.0,0.0,0.0,0.0,0.0,0.0,0.0,0.0,0.0,0.0,0.0
3508603,0.0,0.0,0.0,0.0,0.0,0.0,0.0,0.0,0.0,31564.0,0.0,31564.0,0.0,0.0,0.0,0.0,0.0,0.0,0.0,0.0,0.0,0.0,0.0,0.0,0.0,0.0,0.0,0.0,0.0,0.0,0.0,0.0,0.0,0.0,0.0,0.0,0.0,0.0,0.0,0.0,0.0,0.0,92.74,7.26,48.29,51.71,5.96,6.52,6.43,6.8,6.7,6.57,6.79,7.46,8.24,7.01,6.27,6.64,5.57,4.66,3.55,2.39,1.34,0.71,0.32,0.08,0.01,100.0,0.0,100.0,0.0,0.0,0.0,0.0,0.0,0.0,0.0,0.0,0.0,0.0,0.0,0.0,0.0,0.0,0.0,0.0,0.0,0.0,0.0,0.0,0.0,0.0,0.0,0.0,0.0,0.0,0.0,0.0,0.0,0.0,0.0,0.0,0.0,0.0,0.0,0.0,0.0,0.0,0.0,0.0,0.0,0.0,0.0,0.0,0.0,0.0,0.0,0.0,0.0,0.0,0.0,0.0,0.0,0.0,0.0,0.0,0.0,0.0,0.0,0.0,0.0,0.0,0.0,0.0,0.0,0.0,0.0,0.0,0.0,0.0,0.0,0.0,0.0,0.0,0.0,0.0,0.0,0.0,0.0,0.0,0.0,0.0,0.0,0.0,29274.0,2290.0,15241.0,16323.0,1882.0,2058.0,2028.0,2147.0,2114.0,2073.0,2142.0,2355.0,2600.0,2213.0,1978.0,2095.0,1757.0,1470.0,1119.0,755.0,423.0,225.0,101.0,26.0,3.0,31564.0,0.0,31564.0,96.81,92.5,96.58,96.41,99.48,98.53,99.24,98.51,96.9,95.38,84.08,89.67,99.16,96.49,0.0,96.49,0.0,0.0,0.0,0.0,0.0,0.0,0.0,0.0,0.0,0.0,0.0,0.0,0.0,0.0,0.0,0.0,37.0,39.0,37.0,0.0,37.0,91.94,113.82,93.37,0.0,93.37,97.98,105.6,98.51,0.0,98.51,0.0,0.0,0.0,0.0,0.0,0.0,0.0,0.0,0.0,0.0,0.0,0.0,0.0,0.0,0.0
3508702,100.0,0.0,100.0,1.0,0.0,1.0,0.01,0.0,0.01,17101.0,0.0,17101.0,100.0,0.0,100.0,100.0,0.0,100.0,100.0,0.0,100.0,1.0,0.0,1.0,1.0,0.0,1.0,1.0,0.0,1.0,1.0,0.0,1.0,1.0,0.0,1.0,0.02,0.0,0.02,100.0,0.0,100.0,69.19,30.81,49.67,50.33,5.76,5.74,5.78,6.87,7.11,6.65,6.49,6.58,7.19,6.43,6.43,6.69,6.37,5.46,4.14,2.92,1.88,1.04,0.39,0.08,0.02,100.0,0.0,100.0,100.0,0.0,100.0,0.0,0.0,0.0,0.0,0.0,0.0,0.0,0.0,0.0,0.0,0.0,100.0,0.0,0.0,0.0,0.0,0.0,0.0,0.0,0.0,0.0,0.0,100.0,0.0,100.0,1.0,0.0,1.0,0.0,0.0,0.0,0.0,0.0,0.0,0.0,0.0,0.0,0.0,0.0,1.0,0.0,0.0,0.0,0.0,0.0,0.0,0.0,0.0,0.0,0.0,1.0,0.0,1.0,0.01,0.0,0.01,0.0,0.0,0.0,0.0,0.0,0.0,0.0,0.0,0.0,0.0,0.0,0.09,0.0,0.0,0.0,0.0,0.0,0.0,0.0,0.0,0.0,0.0,0.01,0.0,0.01,11832.0,5269.0,8494.0,8607.0,985.0,981.0,989.0,1175.0,1216.0,1137.0,1109.0,1125.0,1229.0,1099.0,1100.0,1144.0,1090.0,934.0,708.0,499.0,321.0,178.0,66.0,13.0,3.0,17101.0,0.0,17101.0,94.18,95.95,94.28,95.15,98.85,98.09,98.75,96.47,94.68,93.91,82.87,87.51,98.9,94.72,0.0,94.72,100.0,0.0,100.0,0.0,0.0,0.0,0.0,0.0,100.0,0.0,0.0,0.0,0.0,100.0,0.0,100.0,38.0,40.0,39.0,0.0,39.0,90.99,118.45,98.69,0.0,98.69,133.25,120.02,129.0,0.0,129.0,52.0,0.0,52.0,0.0,52.0,0.0,0.0,0.0,0.0,0.0,0.0,0.0,0.0,0.0,0.0
3508801,0.0,0.0,0.0,0.0,0.0,0.0,0.0,0.0,0.0,16654.0,0.0,16654.0,0.0,0.0,0.0,0.0,0.0,0.0,0.0,0.0,0.0,0.0,0.0,0.0,0.0,0.0,0.0,0.0,0.0,0.0,0.0,0.0,0.0,0.0,0.0,0.0,0.0,0.0,0.0,0.0,0.0,0.0,91.98,8.02,48.34,51.66,5.9,6.26,6.56,6.46,6.15,6.61,7.07,7.4,8.02,6.57,6.68,6.26,5.84,4.96,3.84,2.37,1.5,0.99,0.45,0.08,0.02,100.0,0.0,100.0,0.0,0.0,0.0,0.0,0.0,0.0,0.0,0.0,0.0,0.0,0.0,0.0,0.0,0.0,0.0,0.0,0.0,0.0,0.0,0.0,0.0,0.0,0.0,0.0,0.0,0.0,0.0,0.0,0.0,0.0,0.0,0.0,0.0,0.0,0.0,0.0,0.0,0.0,0.0,0.0,0.0,0.0,0.0,0.0,0.0,0.0,0.0,0.0,0.0,0.0,0.0,0.0,0.0,0.0,0.0,0.0,0.0,0.0,0.0,0.0,0.0,0.0,0.0,0.0,0.0,0.0,0.0,0.0,0.0,0.0,0.0,0.0,0.0,0.0,0.0,0.0,0.0,0.0,0.0,0.0,0.0,0.0,0.0,0.0,15318.0,1336.0,8050.0,8604.0,983.0,1042.0,1093.0,1076.0,1025.0,1101.0,1177.0,1232.0,1335.0,1094.0,1112.0,1043.0,973.0,826.0,640.0,395.0,250.0,165.0,75.0,13.0,4.0,16654.0,0.0,16654.0,94.44,92.04,94.6,93.93,98.83,98.38,98.34,96.96,94.65,92.81,78.27,84.46,97.82,94.25,0.0,94.25,0.0,0.0,0.0,0.0,0.0,0.0,0.0,0.0,0.0,0.0,0.0,0.0,0.0,0.0,0.0,0.0,38.0,39.0,38.0,0.0,38.0,91.67,118.3,93.56,0.0,93.56,108.07,96.86,107.15,0.0,107.15,0.0,0.0,0.0,0.0,0.0,0.0,0.0,0.0,0.0,0.0,0.0,0.0,0.0,0.0,0.0
3508900,0.0,0.0,0.0,0.0,0.0,0.0,0.0,0.0,0.0,3712.0,0.0,3712.0,0.0,0.0,0.0,0.0,0.0,0.0,0.0,0.0,0.0,0.0,0.0,0.0,0.0,0.0,0.0,0.0,0.0,0.0,0.0,0.0,0.0,0.0,0.0,0.0,0.0,0.0,0.0,0.0,0.0,0.0,80.47,19.53,49.95,50.05,5.25,5.55,6.44,5.17,5.52,6.68,7.44,6.79,6.57,6.49,7.0,8.24,7.49,4.98,3.91,2.94,2.05,0.97,0.4,0.11,0.0,100.0,0.0,100.0,0.0,0.0,0.0,0.0,0.0,0.0,0.0,0.0,0.0,0.0,0.0,0.0,0.0,0.0,0.0,0.0,0.0,0.0,0.0,0.0,0.0,0.0,0.0,0.0,0.0,0.0,0.0,0.0,0.0,0.0,0.0,0.0,0.0,0.0,0.0,0.0,0.0,0.0,0.0,0.0,0.0,0.0,0.0,0.0,0.0,0.0,0.0,0.0,0.0,0.0,0.0,0.0,0.0,0.0,0.0,0.0,0.0,0.0,0.0,0.0,0.0,0.0,0.0,0.0,0.0,0.0,0.0,0.0,0.0,0.0,0.0,0.0,0.0,0.0,0.0,0.0,0.0,0.0,0.0,0.0,0.0,0.0,0.0,0.0,2987.0,725.0,1854.0,1858.0,195.0,206.0,239.0,192.0,205.0,248.0,276.0,252.0,244.0,241.0,260.0,306.0,278.0,185.0,145.0,109.0,76.0,36.0,15.0,4.0,0.0,3712.0,0.0,3712.0,93.01,92.15,93.77,91.91,99.02,98.85,98.31,97.78,96.41,94.35,65.0,74.21,98.65,92.84,0.0,92.84,0.0,0.0,0.0,0.0,0.0,0.0,0.0,0.0,0.0,0.0,0.0,0.0,0.0,0.0,0.0,0.0,38.0,50.0,40.0,0.0,40.0,96.64,113.86,99.78,0.0,99.78,115.4,223.76,132.5,0.0,132.5,0.0,0.0,0.0,0.0,0.0,0.0,0.0,0.0,0.0,0.0,0.0,0.0,0.0,0.0,0.0
3509007,0.0,0.0,0.0,0.0,0.0,0.0,0.0,0.0,0.0,95032.0,0.0,95032.0,0.0,0.0,0.0,0.0,0.0,0.0,0.0,0.0,0.0,0.0,0.0,0.0,0.0,0.0,0.0,0.0,0.0,0.0,0.0,0.0,0.0,0.0,0.0,0.0,0.0,0.0,0.0,0.0,0.0,0.0,99.01,0.99,48.43,51.57,5.78,6.56,6.86,7.1,7.51,7.58,7.45,7.96,8.1,7.31,7.0,6.31,5.01,3.81,2.63,1.52,0.85,0.41,0.18,0.05,0.01,100.0,0.0,100.0,0.0,0.0,0.0,0.0,0.0,0.0,0.0,0.0,0.0,0.0,0.0,0.0,0.0,0.0,0.0,0.0,0.0,0.0,0.0,0.0,0.0,0.0,0.0,0.0,0.0,0.0,0.0,0.0,0.0,0.0,0.0,0.0,0.0,0.0,0.0,0.0,0.0,0.0,0.0,0.0,0.0,0.0,0.0,0.0,0.0,0.0,0.0,0.0,0.0,0.0,0.0,0.0,0.0,0.0,0.0,0.0,0.0,0.0,0.0,0.0,0.0,0.0,0.0,0.0,0.0,0.0,0.0,0.0,0.0,0.0,0.0,0.0,0.0,0.0,0.0,0.0,0.0,0.0,0.0,0.0,0.0,0.0,0.0,0.0,94087.0,945.0,46025.0,49007.0,5495.0,6237.0,6520.0,6746.0,7136.0,7199.0,7077.0,7561.0,7697.0,6950.0,6654.0,5998.0,4757.0,3625.0,2504.0,1446.0,811.0,389.0,172.0,48.0,10.0,95032.0,0.0,95032.0,97.27,95.74,97.54,96.99,99.06,99.19,99.1,98.82,97.54,95.8,83.21,89.94,99.32,97.25,0.0,97.25,0.0,0.0,0.0,0.0,0.0,0.0,0.0,0.0,0.0,0.0,0.0,0.0,0.0,0.0,0.0,0.0,35.0,32.0,35.0,0.0,35.0,93.87,98.53,93.92,0.0,93.92,75.52,63.92,75.4,0.0,75.4,0.0,0.0,0.0,0.0,0.0,0.0,0.0,0.0,0.0,0.0,0.0,0.0,0.0,0.0,0.0
3509106,0.0,0.0,0.0,0.0,0.0,0.0,0.0,0.0,0.0,5466.0,0.0,5466.0,0.0,0.0,0.0,0.0,0.0,0.0,0.0,0.0,0.0,0.0,0.0,0.0,0.0,0.0,0.0,0.0,0.0,0.0,0.0,0.0,0.0,0.0,0.0,0.0,0.0,0.0,0.0,0.0,0.0,0.0,42.66,57.34,60.23,39.77,3.92,4.1,5.09,5.8,10.34,9.75,8.85,7.79,6.4,6.09,6.64,7.26,6.04,4.21,3.2,2.05,1.5,0.68,0.18,0.11,0.0,100.0,0.0,100.0,0.0,0.0,0.0,0.0,0.0,0.0,0.0,0.0,0.0,0.0,0.0,0.0,0.0,0.0,0.0,0.0,0.0,0.0,0.0,0.0,0.0,0.0,0.0,0.0,0.0,0.0,0.0,0.0,0.0,0.0,0.0,0.0,0.0,0.0,0.0,0.0,0.0,0.0,0.0,0.0,0.0,0.0,0.0,0.0,0.0,0.0,0.0,0.0,0.0,0.0,0.0,0.0,0.0,0.0,0.0,0.0,0.0,0.0,0.0,0.0,0.0,0.0,0.0,0.0,0.0,0.0,0.0,0.0,0.0,0.0,0.0,0.0,0.0,0.0,0.0,0.0,0.0,0.0,0.0,0.0,0.0,0.0,0.0,0.0,2332.0,3134.0,3292.0,2174.0,214.0,224.0,278.0,317.0,565.0,533.0,484.0,426.0,350.0,333.0,363.0,397.0,330.0,230.0,175.0,112.0,82.0,37.0,10.0,6.0,0.0,5466.0,0.0,5466.0,91.62,93.84,93.92,91.33,98.76,98.92,98.34,97.42,93.97,91.61,60.73,71.47,95.59,92.93,0.0,92.93,0.0,0.0,0.0,0.0,0.0,0.0,0.0,0.0,0.0,0.0,0.0,0.0,0.0,0.0,0.0,0.0,41.0,33.0,36.0,0.0,36.0,88.06,235.55,151.43,0.0,151.43,145.33,128.15,137.15,0.0,137.15,0.0,0.0,0.0,0.0,0.0,0.0,0.0,0.0,0.0,0.0,0.0,0.0,0.0,0.0,0.0
3509205,0.0,0.0,0.0,0.0,0.0,0.0,0.0,0.0,0.0,92689.0,0.0,92689.0,0.0,0.0,0.0,0.0,0.0,0.0,0.0,0.0,0.0,0.0,0.0,0.0,0.0,0.0,0.0,0.0,0.0,0.0,0.0,0.0,0.0,0.0,0.0,0.0,0.0,0.0,0.0,0.0,0.0,0.0,99.09,0.91,49.0,51.0,6.82,7.34,7.1,7.03,7.84,8.01,8.64,9.55,9.18,7.2,5.97,4.72,3.81,2.76,1.88,1.1,0.61,0.29,0.11,0.03,0.01,100.0,0.0,100.0,0.0,0.0,0.0,0.0,0.0,0.0,0.0,0.0,0.0,0.0,0.0,0.0,0.0,0.0,0.0,0.0,0.0,0.0,0.0,0.0,0.0,0.0,0.0,0.0,0.0,0.0,0.0,0.0,0.0,0.0,0.0,0.0,0.0,0.0,0.0,0.0,0.0,0.0,0.0,0.0,0.0,0.0,0.0,0.0,0.0,0.0,0.0,0.0,0.0,0.0,0.0,0.0,0.0,0.0,0.0,0.0,0.0,0.0,0.0,0.0,0.0,0.0,0.0,0.0,0.0,0.0,0.0,0.0,0.0,0.0,0.0,0.0,0.0,0.0,0.0,0.0,0.0,0.0,0.0,0.0,0.0,0.0,0.0,0.0,91845.0,844.0,45420.0,47269.0,6322.0,6808.0,6579.0,6518.0,7263.0,7425.0,8004.0,8850.0,8505.0,6676.0,5536.0,4376.0,3530.0,2560.0,1746.0,1019.0,568.0,268.0,100.0,28.0,8.0,92689.0,0.0,92689.0,96.57,92.33,96.68,96.39,99.12,99.01,98.69,98.63,96.41,93.36,75.54,83.52,99.1,96.53,0.0,96.53,0.0,0.0,0.0,0.0,0.0,0.0,0.0,0.0,0.0,0.0,0.0,0.0,0.0,0.0,0.0,0.0,33.0,35.0,33.0,0.0,33.0,95.95,112.06,96.09,0.0,96.09,49.65,74.7,49.86,0.0,49.86,0.0,0.0,0.0,0.0,0.0,0.0,0.0,0.0,0.0,0.0,0.0,0.0,0.0,0.0,0.0
3509254,100.0,0.0,100.0,101.0,0.0,101.0,0.35,0.0,0.35,28515.0,0.0,28515.0,100.0,0.0,100.0,100.0,0.0,100.0,100.0,0.0,100.0,55.0,0.0,55.0,157.0,0.0,157.0,101.0,0.0,101.0,2.85,0.0,2.85,1.84,0.0,1.84,0.55,0.0,0.55,64.33,0.0,64.33,76.92,23.08,50.27,49.73,6.86,7.58,7.65,7.55,7.46,7.35,7.0,7.3,7.82,6.83,5.97,5.43,4.64,3.79,2.65,1.87,1.24,0.67,0.25,0.05,0.02,100.0,0.0,100.0,81.19,18.81,55.45,44.55,3.96,2.97,7.92,6.93,6.93,6.93,5.94,2.97,5.94,3.96,4.95,17.82,7.92,1.98,4.95,3.96,1.98,1.98,0.0,0.0,0.0,100.0,0.0,100.0,82.0,19.0,56.0,45.0,4.0,3.0,8.0,7.0,7.0,7.0,6.0,3.0,6.0,4.0,5.0,18.0,8.0,2.0,5.0,4.0,2.0,2.0,0.0,0.0,0.0,101.0,0.0,101.0,0.37,0.29,0.39,0.32,0.2,0.14,0.37,0.32,0.33,0.33,0.3,0.14,0.27,0.21,0.29,1.16,0.6,0.19,0.66,0.75,0.57,1.05,0.0,0.0,0.0,0.35,0.0,0.35,21935.0,6580.0,14335.0,14180.0,1955.0,2162.0,2181.0,2154.0,2127.0,2097.0,1997.0,2081.0,2230.0,1947.0,1703.0,1547.0,1324.0,1081.0,757.0,534.0,353.0,191.0,72.0,15.0,7.0,28515.0,0.0,28515.0,94.19,91.39,94.56,92.53,98.82,98.88,98.5,97.82,95.26,90.91,61.18,73.26,98.9,93.55,0.0,93.55,89.55,94.74,89.58,92.11,100.0,92.31,100.0,100.0,88.89,100.0,50.0,60.0,100.0,90.7,0.0,90.7,33.0,34.0,33.0,0.0,33.0,98.45,110.43,101.09,0.0,101.09,66.69,75.74,68.82,0.0,68.82,40.0,53.0,44.0,0.0,44.0,141.18,72.73,124.44,0.0,124.44,120.0,0.0,153.33,0.0,153.33
3509304,0.0,0.0,0.0,0.0,0.0,0.0,0.0,0.0,0.0,9133.0,0.0,9133.0,0.0,0.0,0.0,0.0,0.0,0.0,0.0,0.0,0.0,0.0,0.0,0.0,0.0,0.0,0.0,0.0,0.0,0.0,0.0,0.0,0.0,0.0,0.0,0.0,0.0,0.0,0.0,0.0,0.0,0.0,94.93,5.07,49.56,50.44,5.17,5.66,5.67,6.32,6.24,6.65,6.8,8.08,7.96,6.46,6.67,6.9,6.05,5.01,4.34,2.93,1.71,0.95,0.34,0.09,0.0,100.0,0.0,100.0,0.0,0.0,0.0,0.0,0.0,0.0,0.0,0.0,0.0,0.0,0.0,0.0,0.0,0.0,0.0,0.0,0.0,0.0,0.0,0.0,0.0,0.0,0.0,0.0,0.0,0.0,0.0,0.0,0.0,0.0,0.0,0.0,0.0,0.0,0.0,0.0,0.0,0.0,0.0,0.0,0.0,0.0,0.0,0.0,0.0,0.0,0.0,0.0,0.0,0.0,0.0,0.0,0.0,0.0,0.0,0.0,0.0,0.0,0.0,0.0,0.0,0.0,0.0,0.0,0.0,0.0,0.0,0.0,0.0,0.0,0.0,0.0,0.0,0.0,0.0,0.0,0.0,0.0,0.0,0.0,0.0,0.0,0.0,0.0,8670.0,463.0,4526.0,4607.0,472.0,517.0,518.0,577.0,570.0,607.0,621.0,738.0,727.0,590.0,609.0,630.0,553.0,458.0,396.0,268.0,156.0,87.0,31.0,8.0,0.0,9133.0,0.0,9133.0,94.58,96.59,95.54,93.83,98.95,98.21,99.69,97.13,94.58,94.93,79.64,85.26,98.82,94.68,0.0,94.68,0.0,0.0,0.0,0.0,0.0,0.0,0.0,0.0,0.0,0.0,0.0,0.0,0.0,0.0,0.0,0.0,39.0,42.0,39.0,0.0,39.0,97.76,107.62,98.24,0.0,98.24,130.81,113.41,129.86,0.0,129.86,0.0,0.0,0.0,0.0,0.0,0.0,0.0,0.0,0.0,0.0,0.0,0.0,0.0,0.0,0.0
3509403,0.0,0.0,0.0,0.0,0.0,0.0,0.0,0.0,0.0,23830.0,0.0,23830.0,0.0,0.0,0.0,0.0,0.0,0.0,0.0,0.0,0.0,0.0,0.0,0.0,0.0,0.0,0.0,0.0,0.0,0.0,0.0,0.0,0.0,0.0,0.0,0.0,0.0,0.0,0.0,0.0,0.0,0.0,89.16,10.84,49.71,50.29,5.77,6.38,6.89,6.84,7.06,7.51,7.65,7.52,7.52,6.52,6.43,6.07,5.41,4.39,3.25,2.12,1.44,0.74,0.37,0.09,0.02,100.0,0.0,100.0,0.0,0.0,0.0,0.0,0.0,0.0,0.0,0.0,0.0,0.0,0.0,0.0,0.0,0.0,0.0,0.0,0.0,0.0,0.0,0.0,0.0,0.0,0.0,0.0,0.0,0.0,0.0,0.0,0.0,0.0,0.0,0.0,0.0,0.0,0.0,0.0,0.0,0.0,0.0,0.0,0.0,0.0,0.0,0.0,0.0,0.0,0.0,0.0,0.0,0.0,0.0,0.0,0.0,0.0,0.0,0.0,0.0,0.0,0.0,0.0,0.0,0.0,0.0,0.0,0.0,0.0,0.0,0.0,0.0,0.0,0.0,0.0,0.0,0.0,0.0,0.0,0.0,0.0,0.0,0.0,0.0,0.0,0.0,0.0,21246.0,2584.0,11846.0,11984.0,1376.0,1520.0,1641.0,1631.0,1683.0,1789.0,1824.0,1793.0,1792.0,1554.0,1533.0,1447.0,1289.0,1046.0,775.0,505.0,343.0,177.0,87.0,21.0,4.0,23830.0,0.0,23830.0,95.3,93.99,95.11,95.2,99.29,98.53,99.07,97.27,94.66,92.69,81.71,86.82,98.94,95.16,0.0,95.16,0.0,0.0,0.0,0.0,0.0,0.0,0.0,0.0,0.0,0.0,0.0,0.0,0.0,0.0,0.0,0.0,35.0,38.0,36.0,0.0,36.0,97.09,114.62,98.85,0.0,98.85,92.17,105.56,93.61,0.0,93.61,0.0,0.0,0.0,0.0,0.0,0.0,0.0,0.0,0.0,0.0,0.0,0.0,0.0,0.0,0.0
3509452,0.0,0.0,0.0,0.0,0.0,0.0,0.0,0.0,0.0,5954.0,0.0,5954.0,0.0,0.0,0.0,0.0,0.0,0.0,0.0,0.0,0.0,0.0,0.0,0.0,0.0,0.0,0.0,0.0,0.0,0.0,0.0,0.0,0.0,0.0,0.0,0.0,0.0,0.0,0.0,0.0,0.0,0.0,82.85,17.15,50.42,49.58,6.47,5.69,6.57,6.53,7.64,6.75,7.34,6.94,7.41,7.15,6.5,6.45,5.56,4.89,3.71,2.07,1.48,0.5,0.32,0.03,0.0,100.0,0.0,100.0,0.0,0.0,0.0,0.0,0.0,0.0,0.0,0.0,0.0,0.0,0.0,0.0,0.0,0.0,0.0,0.0,0.0,0.0,0.0,0.0,0.0,0.0,0.0,0.0,0.0,0.0,0.0,0.0,0.0,0.0,0.0,0.0,0.0,0.0,0.0,0.0,0.0,0.0,0.0,0.0,0.0,0.0,0.0,0.0,0.0,0.0,0.0,0.0,0.0,0.0,0.0,0.0,0.0,0.0,0.0,0.0,0.0,0.0,0.0,0.0,0.0,0.0,0.0,0.0,0.0,0.0,0.0,0.0,0.0,0.0,0.0,0.0,0.0,0.0,0.0,0.0,0.0,0.0,0.0,0.0,0.0,0.0,0.0,0.0,4933.0,1021.0,3002.0,2952.0,385.0,339.0,391.0,389.0,455.0,402.0,437.0,413.0,441.0,426.0,387.0,384.0,331.0,291.0,221.0,123.0,88.0,30.0,19.0,2.0,0.0,5954.0,0.0,5954.0,94.42,95.61,94.82,94.43,97.8,98.33,98.75,97.42,95.08,93.43,77.86,84.11,99.33,94.63,0.0,94.63,0.0,0.0,0.0,0.0,0.0,0.0,0.0,0.0,0.0,0.0,0.0,0.0,0.0,0.0,0.0,0.0,36.0,40.0,37.0,0.0,37.0,99.88,110.95,101.69,0.0,101.69,95.51,117.88,99.1,0.0,99.1,0.0,0.0,0.0,0.0,0.0,0.0,0.0,0.0,0.0,0.0,0.0,0.0,0.0,0.0,0.0
3509502,100.0,0.0,100.0,159.0,0.0,159.0,0.01,0.0,0.01,1139047.0,0.0,1139047.0,100.0,0.0,100.0,100.0,0.0,100.0,100.0,0.0,100.0,83.0,0.0,83.0,260.0,0.0,260.0,159.0,0.0,159.0,3.13,0.0,3.13,1.92,0.0,1.92,0.02,0.0,0.02,61.15,0.0,61.15,99.46,0.54,47.67,52.33,5.21,5.82,5.73,5.94,7.2,7.81,7.86,8.13,8.32,7.0,6.54,6.09,5.48,4.5,3.38,2.24,1.48,0.82,0.36,0.1,0.01,100.0,0.0,100.0,99.37,0.63,50.94,49.06,7.55,4.4,3.77,5.03,13.21,10.06,13.21,8.81,11.32,8.81,5.66,4.4,2.52,1.26,0.0,0.0,0.0,0.0,0.0,0.0,0.0,100.0,0.0,100.0,158.0,1.0,81.0,78.0,12.0,7.0,6.0,8.0,21.0,16.0,21.0,14.0,18.0,14.0,9.0,7.0,4.0,2.0,0.0,0.0,0.0,0.0,0.0,0.0,0.0,159.0,0.0,159.0,0.01,0.02,0.01,0.01,0.02,0.01,0.01,0.01,0.03,0.02,0.02,0.02,0.02,0.02,0.01,0.01,0.01,0.0,0.0,0.0,0.0,0.0,0.0,0.0,0.0,0.01,0.0,0.01,1132934.0,6113.0,543013.0,596034.0,59317.0,66300.0,65265.0,67617.0,82049.0,88931.0,89522.0,92559.0,94732.0,79692.0,74451.0,69345.0,62418.0,51258.0,38469.0,25459.0,16822.0,9381.0,4119.0,1172.0,169.0,1139047.0,0.0,1139047.0,97.6,94.32,97.8,97.4,99.3,99.26,99.01,98.8,97.77,96.73,90.05,92.96,99.11,97.59,0.0,97.59,94.74,100.0,94.44,95.16,90.48,97.3,100.0,100.0,91.3,81.82,0.0,100.0,100.0,94.78,0.0,94.78,37.0,36.0,37.0,0.0,37.0,91.02,108.92,91.1,0.0,91.1,109.77,87.68,109.63,0.0,109.63,32.0,40.0,32.0,0.0,32.0,102.56,0.0,103.85,0.0,103.85,24.0,0.0,24.0,0.0,24.0
3509601,0.0,0.0,0.0,0.0,0.0,0.0,0.0,0.0,0.0,77632.0,0.0,77632.0,0.0,0.0,0.0,0.0,0.0,0.0,0.0,0.0,0.0,0.0,0.0,0.0,0.0,0.0,0.0,0.0,0.0,0.0,0.0,0.0,0.0,0.0,0.0,0.0,0.0,0.0,0.0,0.0,0.0,0.0,98.13,1.87,48.8,51.2,5.78,6.88,6.79,6.85,7.36,7.37,7.29,7.98,8.11,6.98,6.7,5.8,5.35,4.23,2.94,1.71,1.06,0.52,0.23,0.06,0.01,100.0,0.0,100.0,0.0,0.0,0.0,0.0,0.0,0.0,0.0,0.0,0.0,0.0,0.0,0.0,0.0,0.0,0.0,0.0,0.0,0.0,0.0,0.0,0.0,0.0,0.0,0.0,0.0,0.0,0.0,0.0,0.0,0.0,0.0,0.0,0.0,0.0,0.0,0.0,0.0,0.0,0.0,0.0,0.0,0.0,0.0,0.0,0.0,0.0,0.0,0.0,0.0,0.0,0.0,0.0,0.0,0.0,0.0,0.0,0.0,0.0,0.0,0.0,0.0,0.0,0.0,0.0,0.0,0.0,0.0,0.0,0.0,0.0,0.0,0.0,0.0,0.0,0.0,0.0,0.0,0.0,0.0,0.0,0.0,0.0,0.0,0.0,76183.0,1449.0,37884.0,39748.0,4487.0,5342.0,5273.0,5321.0,5710.0,5718.0,5657.0,6193.0,6298.0,5415.0,5204.0,4500.0,4152.0,3285.0,2284.0,1330.0,824.0,403.0,178.0,50.0,8.0,77632.0,0.0,77632.0,96.78,96.13,97.17,96.39,99.04,99.17,99.42,98.67,97.37,95.32,81.56,88.23,99.08,96.77,0.0,96.77,0.0,0.0,0.0,0.0,0.0,0.0,0.0,0.0,0.0,0.0,0.0,0.0,0.0,0.0,0.0,0.0,36.0,36.0,36.0,0.0,36.0,95.1,107.3,95.31,0.0,95.31,82.86,83.22,82.86,0.0,82.86,0.0,0.0,0.0,0.0,0.0,0.0,0.0,0.0,0.0,0.0,0.0,0.0,0.0,0.0,0.0
3509700,0.0,0.0,0.0,0.0,0.0,0.0,0.0,0.0,0.0,46974.0,0.0,46974.0,0.0,0.0,0.0,0.0,0.0,0.0,0.0,0.0,0.0,0.0,0.0,0.0,0.0,0.0,0.0,0.0,0.0,0.0,0.0,0.0,0.0,0.0,0.0,0.0,0.0,0.0,0.0,0.0,0.0,0.0,91.74,8.26,48.8,51.2,5.99,6.6,6.52,6.91,7.8,7.55,7.53,7.63,7.95,7.07,6.91,6.06,5.21,4.0,2.79,1.65,1.01,0.53,0.2,0.06,0.01,100.0,0.0,100.0,0.0,0.0,0.0,0.0,0.0,0.0,0.0,0.0,0.0,0.0,0.0,0.0,0.0,0.0,0.0,0.0,0.0,0.0,0.0,0.0,0.0,0.0,0.0,0.0,0.0,0.0,0.0,0.0,0.0,0.0,0.0,0.0,0.0,0.0,0.0,0.0,0.0,0.0,0.0,0.0,0.0,0.0,0.0,0.0,0.0,0.0,0.0,0.0,0.0,0.0,0.0,0.0,0.0,0.0,0.0,0.0,0.0,0.0,0.0,0.0,0.0,0.0,0.0,0.0,0.0,0.0,0.0,0.0,0.0,0.0,0.0,0.0,0.0,0.0,0.0,0.0,0.0,0.0,0.0,0.0,0.0,0.0,0.0,0.0,43094.0,3880.0,22925.0,24049.0,2816.0,3101.0,3064.0,3248.0,3663.0,3546.0,3539.0,3584.0,3734.0,3323.0,3245.0,2848.0,2448.0,1879.0,1309.0,777.0,476.0,247.0,94.0,28.0,5.0,46974.0,0.0,46974.0,96.45,96.62,96.61,96.32,98.5,98.8,99.01,98.29,96.54,94.62,81.68,88.83,99.24,96.46,0.0,96.46,0.0,0.0,0.0,0.0,0.0,0.0,0.0,0.0,0.0,0.0,0.0,0.0,0.0,0.0,0.0,0.0,35.0,37.0,35.0,0.0,35.0,94.39,106.38,95.33,0.0,95.33,81.38,75.27,80.87,0.0,80.87,0.0,0.0,0.0,0.0,0.0,0.0,0.0,0.0,0.0,0.0,0.0,0.0,0.0,0.0,0.0
3509809,0.0,0.0,0.0,0.0,0.0,0.0,0.0,0.0,0.0,4888.0,0.0,4888.0,0.0,0.0,0.0,0.0,0.0,0.0,0.0,0.0,0.0,0.0,0.0,0.0,0.0,0.0,0.0,0.0,0.0,0.0,0.0,0.0,0.0,0.0,0.0,0.0,0.0,0.0,0.0,0.0,0.0,0.0,79.91,20.09,50.43,49.57,6.81,6.85,5.75,7.18,7.86,6.69,6.57,6.85,7.26,6.85,6.63,6.01,5.56,4.48,3.66,2.56,1.47,0.63,0.29,0.02,0.0,100.0,0.0,100.0,0.0,0.0,0.0,0.0,0.0,0.0,0.0,0.0,0.0,0.0,0.0,0.0,0.0,0.0,0.0,0.0,0.0,0.0,0.0,0.0,0.0,0.0,0.0,0.0,0.0,0.0,0.0,0.0,0.0,0.0,0.0,0.0,0.0,0.0,0.0,0.0,0.0,0.0,0.0,0.0,0.0,0.0,0.0,0.0,0.0,0.0,0.0,0.0,0.0,0.0,0.0,0.0,0.0,0.0,0.0,0.0,0.0,0.0,0.0,0.0,0.0,0.0,0.0,0.0,0.0,0.0,0.0,0.0,0.0,0.0,0.0,0.0,0.0,0.0,0.0,0.0,0.0,0.0,0.0,0.0,0.0,0.0,0.0,0.0,3906.0,982.0,2465.0,2423.0,333.0,335.0,281.0,351.0,384.0,327.0,321.0,335.0,355.0,335.0,324.0,294.0,272.0,219.0,179.0,125.0,72.0,31.0,14.0,1.0,0.0,4888.0,0.0,4888.0,93.53,92.31,93.45,93.09,99.22,98.3,99.06,96.09,93.32,88.87,77.37,82.53,97.83,93.27,0.0,93.27,0.0,0.0,0.0,0.0,0.0,0.0,0.0,0.0,0.0,0.0,0.0,0.0,0.0,0.0,0.0,0.0,35.0,44.0,36.0,0.0,36.0,97.17,122.17,101.73,0.0,101.73,83.73,162.67,96.21,0.0,96.21,0.0,0.0,0.0,0.0,0.0,0.0,0.0,0.0,0.0,0.0,0.0,0.0,0.0,0.0,0.0
3509908,100.0,11.98,88.02,501.0,60.0,441.0,4.08,95.24,3.61,12289.0,63.0,12226.0,100.0,10.29,89.71,100.0,8.0,92.0,100.0,11.98,88.02,243.0,25.0,218.0,775.0,62.0,713.0,501.0,60.0,441.0,3.19,2.48,3.27,2.06,2.4,2.02,5.53,96.15,4.99,64.65,96.77,61.85,88.19,11.81,48.86,51.14,6.07,6.66,6.79,7.33,6.78,6.48,6.23,7.22,7.64,7.01,6.3,6.06,5.95,4.55,3.78,2.35,1.35,0.96,0.37,0.06,0.07,100.0,0.51,99.49,62.08,37.92,49.3,50.7,7.19,8.18,9.18,5.19,5.59,6.99,5.59,6.99,8.38,5.19,6.79,6.59,5.79,4.79,2.99,2.2,0.6,1.0,0.8,0.0,0.0,100.0,11.98,88.02,311.0,190.0,247.0,254.0,36.0,41.0,46.0,26.0,28.0,35.0,28.0,35.0,42.0,26.0,34.0,33.0,29.0,24.0,15.0,11.0,3.0,5.0,4.0,0.0,0.0,501.0,60.0,441.0,2.87,13.09,4.11,4.04,4.83,5.01,5.51,2.89,3.36,4.4,3.66,3.95,4.47,3.02,4.39,4.43,3.97,4.29,3.23,3.81,1.81,4.24,8.7,0.0,0.0,4.08,95.24,3.61,10838.0,1451.0,6005.0,6284.0,746.0,819.0,835.0,901.0,833.0,796.0,765.0,887.0,939.0,861.0,774.0,745.0,731.0,559.0,464.0,289.0,166.0,118.0,46.0,7.0,8.0,12289.0,63.0,12226.0,96.14,88.51,96.19,94.41,98.56,98.4,98.95,97.97,96.39,94.78,78.39,85.15,98.49,95.28,97.73,95.27,93.85,87.31,91.62,91.46,100.0,96.83,100.0,92.21,96.67,95.16,56.52,69.35,100.0,91.53,97.56,90.8,38.0,34.0,37.0,32.0,37.0,94.09,107.29,95.56,80.0,95.65,103.33,75.3,99.5,42.11,99.96,38.0,34.0,36.0,34.0,36.0,110.14,79.25,97.24,76.47,100.45,89.55,55.36,73.98,42.11,79.81
3509957,0.0,0.0,0.0,0.0,0.0,0.0,0.0,0.0,0.0,4931.0,0.0,4931.0,0.0,0.0,0.0,0.0,0.0,0.0,0.0,0.0,0.0,0.0,0.0,0.0,0.0,0.0,0.0,0.0,0.0,0.0,0.0,0.0,0.0,0.0,0.0,0.0,0.0,0.0,0.0,0.0,0.0,0.0,90.71,9.29,49.99,50.01,7.08,7.42,7.67,7.2,7.81,7.83,7.73,7.44,8.38,5.82,5.6,5.86,4.97,4.12,2.35,1.48,0.73,0.28,0.16,0.08,0.0,100.0,0.0,100.0,0.0,0.0,0.0,0.0,0.0,0.0,0.0,0.0,0.0,0.0,0.0,0.0,0.0,0.0,0.0,0.0,0.0,0.0,0.0,0.0,0.0,0.0,0.0,0.0,0.0,0.0,0.0,0.0,0.0,0.0,0.0,0.0,0.0,0.0,0.0,0.0,0.0,0.0,0.0,0.0,0.0,0.0,0.0,0.0,0.0,0.0,0.0,0.0,0.0,0.0,0.0,0.0,0.0,0.0,0.0,0.0,0.0,0.0,0.0,0.0,0.0,0.0,0.0,0.0,0.0,0.0,0.0,0.0,0.0,0.0,0.0,0.0,0.0,0.0,0.0,0.0,0.0,0.0,0.0,0.0,0.0,0.0,0.0,0.0,4473.0,458.0,2465.0,2466.0,349.0,366.0,378.0,355.0,385.0,386.0,381.0,367.0,413.0,287.0,276.0,289.0,245.0,203.0,116.0,73.0,36.0,14.0,8.0,4.0,0.0,4931.0,0.0,4931.0,96.03,94.2,95.68,96.04,98.7,98.31,98.58,96.92,95.74,95.32,75.56,86.56,97.2,95.86,0.0,95.86,0.0,0.0,0.0,0.0,0.0,0.0,0.0,0.0,0.0,0.0,0.0,0.0,0.0,0.0,0.0,0.0,32.0,38.0,33.0,0.0,33.0,98.1,120.19,99.96,0.0,99.96,62.69,77.08,63.95,0.0,63.95,0.0,0.0,0.0,0.0,0.0,0.0,0.0,0.0,0.0,0.0,0.0,0.0,0.0,0.0,0.0
3510005,0.0,0.0,0.0,0.0,0.0,0.0,0.0,0.0,0.0,29449.0,0.0,29449.0,0.0,0.0,0.0,0.0,0.0,0.0,0.0,0.0,0.0,0.0,0.0,0.0,0.0,0.0,0.0,0.0,0.0,0.0,0.0,0.0,0.0,0.0,0.0,0.0,0.0,0.0,0.0,0.0,0.0,0.0,94.61,5.39,48.59,51.41,5.49,5.87,6.31,6.16,6.59,6.53,7.28,7.51,7.3,6.61,6.95,6.93,6.21,5.11,3.61,2.5,1.55,1.01,0.35,0.08,0.03,100.0,0.0,100.0,0.0,0.0,0.0,0.0,0.0,0.0,0.0,0.0,0.0,0.0,0.0,0.0,0.0,0.0,0.0,0.0,0.0,0.0,0.0,0.0,0.0,0.0,0.0,0.0,0.0,0.0,0.0,0.0,0.0,0.0,0.0,0.0,0.0,0.0,0.0,0.0,0.0,0.0,0.0,0.0,0.0,0.0,0.0,0.0,0.0,0.0,0.0,0.0,0.0,0.0,0.0,0.0,0.0,0.0,0.0,0.0,0.0,0.0,0.0,0.0,0.0,0.0,0.0,0.0,0.0,0.0,0.0,0.0,0.0,0.0,0.0,0.0,0.0,0.0,0.0,0.0,0.0,0.0,0.0,0.0,0.0,0.0,0.0,0.0,27861.0,1588.0,14309.0,15140.0,1618.0,1728.0,1859.0,1815.0,1940.0,1922.0,2144.0,2213.0,2151.0,1947.0,2047.0,2041.0,1829.0,1505.0,1064.0,737.0,455.0,297.0,104.0,23.0,10.0,29449.0,0.0,29449.0,95.44,93.3,95.85,94.81,98.61,98.67,98.87,98.21,96.44,94.19,79.52,85.91,99.1,95.31,0.0,95.31,0.0,0.0,0.0,0.0,0.0,0.0,0.0,0.0,0.0,0.0,0.0,0.0,0.0,0.0,0.0,0.0,38.0,47.0,38.0,0.0,38.0,93.87,106.5,94.51,0.0,94.51,111.48,214.95,115.73,0.0,115.73,0.0,0.0,0.0,0.0,0.0,0.0,0.0,0.0,0.0,0.0,0.0,0.0,0.0,0.0,0.0
3510104,0.0,0.0,0.0,0.0,0.0,0.0,0.0,0.0,0.0,2889.0,0.0,2889.0,0.0,0.0,0.0,0.0,0.0,0.0,0.0,0.0,0.0,0.0,0.0,0.0,0.0,0.0,0.0,0.0,0.0,0.0,0.0,0.0,0.0,0.0,0.0,0.0,0.0,0.0,0.0,0.0,0.0,0.0,84.94,15.06,49.71,50.29,4.64,4.67,4.88,5.75,6.61,5.71,7.3,7.51,7.48,6.58,6.85,7.2,7.27,5.12,4.15,3.53,2.7,1.35,0.59,0.1,0.0,100.0,0.0,100.0,0.0,0.0,0.0,0.0,0.0,0.0,0.0,0.0,0.0,0.0,0.0,0.0,0.0,0.0,0.0,0.0,0.0,0.0,0.0,0.0,0.0,0.0,0.0,0.0,0.0,0.0,0.0,0.0,0.0,0.0,0.0,0.0,0.0,0.0,0.0,0.0,0.0,0.0,0.0,0.0,0.0,0.0,0.0,0.0,0.0,0.0,0.0,0.0,0.0,0.0,0.0,0.0,0.0,0.0,0.0,0.0,0.0,0.0,0.0,0.0,0.0,0.0,0.0,0.0,0.0,0.0,0.0,0.0,0.0,0.0,0.0,0.0,0.0,0.0,0.0,0.0,0.0,0.0,0.0,0.0,0.0,0.0,0.0,0.0,2454.0,435.0,1436.0,1453.0,134.0,135.0,141.0,166.0,191.0,165.0,211.0,217.0,216.0,190.0,198.0,208.0,210.0,148.0,120.0,102.0,78.0,39.0,17.0,3.0,0.0,2889.0,0.0,2889.0,94.24,96.41,95.5,93.64,100.0,99.47,100.0,96.77,96.39,94.74,81.59,84.42,95.12,94.55,0.0,94.55,0.0,0.0,0.0,0.0,0.0,0.0,0.0,0.0,0.0,0.0,0.0,0.0,0.0,0.0,0.0,0.0,41.0,42.0,42.0,0.0,42.0,96.32,114.29,98.83,0.0,98.83,182.79,138.36,174.88,0.0,174.88,0.0,0.0,0.0,0.0,0.0,0.0,0.0,0.0,0.0,0.0,0.0,0.0,0.0,0.0,0.0
3510153,0.0,0.0,0.0,0.0,0.0,0.0,0.0,0.0,0.0,6283.0,0.0,6283.0,0.0,0.0,0.0,0.0,0.0,0.0,0.0,0.0,0.0,0.0,0.0,0.0,0.0,0.0,0.0,0.0,0.0,0.0,0.0,0.0,0.0,0.0,0.0,0.0,0.0,0.0,0.0,0.0,0.0,0.0,97.49,2.51,49.13,50.87,7.81,7.37,7.26,7.91,9.04,9.18,7.64,7.56,7.7,6.97,5.43,4.74,3.57,2.85,2.12,1.31,0.94,0.45,0.14,0.0,0.02,100.0,0.0,100.0,0.0,0.0,0.0,0.0,0.0,0.0,0.0,0.0,0.0,0.0,0.0,0.0,0.0,0.0,0.0,0.0,0.0,0.0,0.0,0.0,0.0,0.0,0.0,0.0,0.0,0.0,0.0,0.0,0.0,0.0,0.0,0.0,0.0,0.0,0.0,0.0,0.0,0.0,0.0,0.0,0.0,0.0,0.0,0.0,0.0,0.0,0.0,0.0,0.0,0.0,0.0,0.0,0.0,0.0,0.0,0.0,0.0,0.0,0.0,0.0,0.0,0.0,0.0,0.0,0.0,0.0,0.0,0.0,0.0,0.0,0.0,0.0,0.0,0.0,0.0,0.0,0.0,0.0,0.0,0.0,0.0,0.0,0.0,0.0,6125.0,158.0,3087.0,3196.0,491.0,463.0,456.0,497.0,568.0,577.0,480.0,475.0,484.0,438.0,341.0,298.0,224.0,179.0,133.0,82.0,59.0,28.0,9.0,0.0,1.0,6283.0,0.0,6283.0,93.58,97.48,95.06,92.32,99.12,99.34,99.31,97.18,93.97,86.4,64.25,70.26,98.56,93.68,0.0,93.68,0.0,0.0,0.0,0.0,0.0,0.0,0.0,0.0,0.0,0.0,0.0,0.0,0.0,0.0,0.0,0.0,30.0,33.0,30.0,0.0,30.0,96.13,116.44,96.59,0.0,96.59,50.47,58.97,50.71,0.0,50.71,0.0,0.0,0.0,0.0,0.0,0.0,0.0,0.0,0.0,0.0,0.0,0.0,0.0,0.0,0.0
3510203,100.0,0.0,100.0,42.0,0.0,42.0,0.09,0.0,0.09,46337.0,0.0,46337.0,100.0,0.0,100.0,100.0,0.0,100.0,100.0,0.0,100.0,23.0,0.0,23.0,55.0,0.0,55.0,42.0,0.0,42.0,2.39,0.0,2.39,1.83,0.0,1.83,0.14,0.0,0.14,76.36,0.0,76.36,85.09,14.91,49.53,50.47,6.11,6.79,6.69,7.66,7.37,7.35,7.27,7.52,8.09,6.88,6.29,5.58,5.02,4.01,3.1,2.07,1.28,0.61,0.25,0.05,0.01,100.0,0.0,100.0,90.48,9.52,42.86,57.14,0.0,0.0,4.76,4.76,11.9,0.0,4.76,9.52,4.76,4.76,23.81,7.14,0.0,9.52,9.52,2.38,0.0,0.0,2.38,0.0,0.0,100.0,0.0,100.0,38.0,4.0,18.0,24.0,0.0,0.0,2.0,2.0,5.0,0.0,2.0,4.0,2.0,2.0,10.0,3.0,0.0,4.0,4.0,1.0,0.0,0.0,1.0,0.0,0.0,42.0,0.0,42.0,0.1,0.06,0.08,0.1,0.0,0.0,0.06,0.06,0.15,0.0,0.06,0.11,0.05,0.06,0.34,0.12,0.0,0.22,0.28,0.1,0.0,0.0,0.86,0.0,0.0,0.09,0.0,0.09,39428.0,6909.0,22953.0,23384.0,2829.0,3145.0,3101.0,3551.0,3417.0,3407.0,3369.0,3484.0,3750.0,3188.0,2914.0,2587.0,2324.0,1859.0,1436.0,958.0,592.0,282.0,116.0,23.0,5.0,46337.0,0.0,46337.0,94.61,91.93,95.05,93.39,98.71,98.54,99.3,97.54,93.95,91.61,73.03,80.5,99.01,94.21,0.0,94.21,91.89,100.0,93.75,91.67,100.0,100.0,100.0,83.33,100.0,100.0,100.0,80.0,0.0,92.5,0.0,92.5,35.0,38.0,35.0,0.0,35.0,96.03,111.22,98.16,0.0,98.16,80.3,104.09,83.69,0.0,83.69,52.0,37.0,52.0,0.0,52.0,72.73,100.0,75.0,0.0,75.0,1000.0,0.0,500.0,0.0,500.0
3510302,0.0,0.0,0.0,0.0,0.0,0.0,0.0,0.0,0.0,22866.0,0.0,22866.0,0.0,0.0,0.0,0.0,0.0,0.0,0.0,0.0,0.0,0.0,0.0,0.0,0.0,0.0,0.0,0.0,0.0,0.0,0.0,0.0,0.0,0.0,0.0,0.0,0.0,0.0,0.0,0.0,0.0,0.0,78.95,21.05,54.81,45.19,6.29,6.7,6.16,6.25,8.76,9.26,8.55,8.16,7.57,6.58,5.79,5.44,4.88,3.66,2.66,1.63,0.89,0.51,0.21,0.03,0.01,100.0,0.0,100.0,0.0,0.0,0.0,0.0,0.0,0.0,0.0,0.0,0.0,0.0,0.0,0.0,0.0,0.0,0.0,0.0,0.0,0.0,0.0,0.0,0.0,0.0,0.0,0.0,0.0,0.0,0.0,0.0,0.0,0.0,0.0,0.0,0.0,0.0,0.0,0.0,0.0,0.0,0.0,0.0,0.0,0.0,0.0,0.0,0.0,0.0,0.0,0.0,0.0,0.0,0.0,0.0,0.0,0.0,0.0,0.0,0.0,0.0,0.0,0.0,0.0,0.0,0.0,0.0,0.0,0.0,0.0,0.0,0.0,0.0,0.0,0.0,0.0,0.0,0.0,0.0,0.0,0.0,0.0,0.0,0.0,0.0,0.0,0.0,18052.0,4814.0,12532.0,10334.0,1438.0,1531.0,1409.0,1429.0,2003.0,2117.0,1956.0,1865.0,1731.0,1505.0,1325.0,1245.0,1115.0,838.0,608.0,373.0,203.0,116.0,49.0,8.0,2.0,22866.0,0.0,22866.0,95.12,97.06,96.23,94.74,98.95,98.21,99.3,97.47,95.3,93.26,77.9,85.16,98.42,95.58,0.0,95.58,0.0,0.0,0.0,0.0,0.0,0.0,0.0,0.0,0.0,0.0,0.0,0.0,0.0,0.0,0.0,0.0,34.0,33.0,33.0,0.0,33.0,99.16,279.06,121.27,0.0,121.27,70.66,114.72,75.65,0.0,75.65,0.0,0.0,0.0,0.0,0.0,0.0,0.0,0.0,0.0,0.0,0.0,0.0,0.0,0.0,0.0
3510401,100.0,,,24.0,,,0.05,,,50068.0,4.0,50064.0,100.0,,,100.0,,,100.0,,,12.0,,,30.0,,,24.0,,,2.5,,,2.0,,,0.07,,,80.0,,,96.25,3.75,49.01,50.99,5.94,6.37,6.4,6.91,7.06,7.48,7.48,8.16,8.0,7.03,6.63,6.14,5.2,4.09,2.91,2.03,1.26,0.66,0.22,0.05,0.01,100.0,,,83.33,16.67,37.5,62.5,0.0,0.0,8.33,16.67,4.17,20.83,8.33,0.0,4.17,8.33,12.5,0.0,4.17,8.33,4.17,0.0,0.0,0.0,0.0,0.0,0.0,100.0,,,20.0,4.0,9.0,15.0,0.0,0.0,2.0,4.0,1.0,5.0,2.0,0.0,1.0,2.0,3.0,0.0,1.0,2.0,1.0,0.0,0.0,0.0,0.0,0.0,0.0,24.0,,,0.04,0.21,0.04,0.06,0.0,0.0,0.06,0.12,0.03,0.13,0.05,0.0,0.02,0.06,0.09,0.0,0.04,0.1,0.07,0.0,0.0,0.0,0.0,0.0,0.0,0.05,,,48190.0,1878.0,24540.0,25528.0,2973.0,3190.0,3206.0,3458.0,3534.0,3743.0,3743.0,4085.0,4003.0,3521.0,3322.0,3072.0,2604.0,2046.0,1455.0,1014.0,633.0,330.0,108.0,24.0,4.0,50068.0,,,96.96,95.53,97.21,96.63,99.12,99.21,99.1,98.42,96.8,95.14,87.36,90.79,99.33,96.91,,,100.0,100.0,100.0,100.0,100.0,100.0,100.0,100.0,100.0,100.0,0.0,100.0,100.0,100.0,,,36.0,35.0,36.0,,,95.68,108.44,96.13,,,88.67,66.42,87.71,,,30.0,29.0,30.0,,,66.67,33.33,60.0,,,150.0,0.0,200.0,,
3510500,0.0,0.0,0.0,0.0,0.0,0.0,0.0,0.0,0.0,134873.0,0.0,134873.0,0.0,0.0,0.0,0.0,0.0,0.0,0.0,0.0,0.0,0.0,0.0,0.0,0.0,0.0,0.0,0.0,0.0,0.0,0.0,0.0,0.0,0.0,0.0,0.0,0.0,0.0,0.0,0.0,0.0,0.0,98.59,1.41,48.6,51.4,6.16,7.01,6.88,6.83,6.79,7.15,7.36,7.82,8.21,7.09,6.38,5.59,5.15,4.45,3.14,1.93,1.15,0.58,0.25,0.07,0.01,100.0,0.0,100.0,0.0,0.0,0.0,0.0,0.0,0.0,0.0,0.0,0.0,0.0,0.0,0.0,0.0,0.0,0.0,0.0,0.0,0.0,0.0,0.0,0.0,0.0,0.0,0.0,0.0,0.0,0.0,0.0,0.0,0.0,0.0,0.0,0.0,0.0,0.0,0.0,0.0,0.0,0.0,0.0,0.0,0.0,0.0,0.0,0.0,0.0,0.0,0.0,0.0,0.0,0.0,0.0,0.0,0.0,0.0,0.0,0.0,0.0,0.0,0.0,0.0,0.0,0.0,0.0,0.0,0.0,0.0,0.0,0.0,0.0,0.0,0.0,0.0,0.0,0.0,0.0,0.0,0.0,0.0,0.0,0.0,0.0,0.0,0.0,132970.0,1903.0,65546.0,69327.0,8306.0,9457.0,9282.0,9208.0,9161.0,9643.0,9920.0,10546.0,11078.0,9565.0,8603.0,7533.0,6949.0,6004.0,4240.0,2608.0,1547.0,781.0,335.0,89.0,18.0,134873.0,0.0,134873.0,96.51,94.71,96.61,96.37,99.0,98.91,99.16,98.4,96.71,94.45,84.7,89.38,99.22,96.49,0.0,96.49,0.0,0.0,0.0,0.0,0.0,0.0,0.0,0.0,0.0,0.0,0.0,0.0,0.0,0.0,0.0,0.0,36.0,34.0,36.0,0.0,36.0,93.63,190.53,94.55,0.0,94.55,83.53,76.69,83.46,0.0,83.46,0.0,0.0,0.0,0.0,0.0,0.0,0.0,0.0,0.0,0.0,0.0,0.0,0.0,0.0,0.0
3510609,0.0,0.0,0.0,0.0,0.0,0.0,0.0,0.0,0.0,386984.0,0.0,386984.0,0.0,0.0,0.0,0.0,0.0,0.0,0.0,0.0,0.0,0.0,0.0,0.0,0.0,0.0,0.0,0.0,0.0,0.0,0.0,0.0,0.0,0.0,0.0,0.0,0.0,0.0,0.0,0.0,0.0,0.0,100.0,0.0,48.05,51.95,6.06,7.12,6.79,7.27,8.0,7.64,7.54,8.44,8.38,7.16,6.43,5.45,4.53,3.67,2.6,1.51,0.82,0.37,0.16,0.04,0.01,100.0,0.0,100.0,0.0,0.0,0.0,0.0,0.0,0.0,0.0,0.0,0.0,0.0,0.0,0.0,0.0,0.0,0.0,0.0,0.0,0.0,0.0,0.0,0.0,0.0,0.0,0.0,0.0,0.0,0.0,0.0,0.0,0.0,0.0,0.0,0.0,0.0,0.0,0.0,0.0,0.0,0.0,0.0,0.0,0.0,0.0,0.0,0.0,0.0,0.0,0.0,0.0,0.0,0.0,0.0,0.0,0.0,0.0,0.0,0.0,0.0,0.0,0.0,0.0,0.0,0.0,0.0,0.0,0.0,0.0,0.0,0.0,0.0,0.0,0.0,0.0,0.0,0.0,0.0,0.0,0.0,0.0,0.0,0.0,0.0,0.0,0.0,386984.0,0.0,185934.0,201050.0,23464.0,27556.0,26282.0,28129.0,30978.0,29571.0,29166.0,32667.0,32445.0,27699.0,24866.0,21104.0,17522.0,14192.0,10067.0,5834.0,3189.0,1450.0,618.0,153.0,32.0,386984.0,0.0,386984.0,96.62,0.0,96.93,96.34,99.0,98.96,98.87,98.42,96.94,94.5,80.99,87.36,99.1,96.62,0.0,96.62,0.0,0.0,0.0,0.0,0.0,0.0,0.0,0.0,0.0,0.0,0.0,0.0,0.0,0.0,0.0,0.0,34.0,0.0,34.0,0.0,34.0,92.48,0.0,92.48,0.0,92.48,68.64,0.0,68.64,0.0,68.64,0.0,0.0,0.0,0.0,0.0,0.0,0.0,0.0,0.0,0.0,0.0,0.0,0.0,0.0,0.0
3510708,0.0,0.0,0.0,0.0,0.0,0.0,0.0,0.0,0.0,11345.0,0.0,11345.0,0.0,0.0,0.0,0.0,0.0,0.0,0.0,0.0,0.0,0.0,0.0,0.0,0.0,0.0,0.0,0.0,0.0,0.0,0.0,0.0,0.0,0.0,0.0,0.0,0.0,0.0,0.0,0.0,0.0,0.0,92.07,7.93,48.86,51.14,4.58,5.51,5.98,6.21,5.61,5.33,6.31,6.93,7.44,6.54,6.83,7.57,6.95,6.34,4.65,3.6,2.17,0.99,0.37,0.1,0.0,100.0,0.0,100.0,0.0,0.0,0.0,0.0,0.0,0.0,0.0,0.0,0.0,0.0,0.0,0.0,0.0,0.0,0.0,0.0,0.0,0.0,0.0,0.0,0.0,0.0,0.0,0.0,0.0,0.0,0.0,0.0,0.0,0.0,0.0,0.0,0.0,0.0,0.0,0.0,0.0,0.0,0.0,0.0,0.0,0.0,0.0,0.0,0.0,0.0,0.0,0.0,0.0,0.0,0.0,0.0,0.0,0.0,0.0,0.0,0.0,0.0,0.0,0.0,0.0,0.0,0.0,0.0,0.0,0.0,0.0,0.0,0.0,0.0,0.0,0.0,0.0,0.0,0.0,0.0,0.0,0.0,0.0,0.0,0.0,0.0,0.0,0.0,10445.0,900.0,5543.0,5802.0,520.0,625.0,678.0,704.0,636.0,605.0,716.0,786.0,844.0,742.0,775.0,859.0,789.0,719.0,528.0,408.0,246.0,112.0,42.0,11.0,0.0,11345.0,0.0,11345.0,93.3,95.0,94.17,92.74,99.06,97.88,99.06,97.61,95.85,93.33,74.36,82.04,98.56,93.44,0.0,93.44,0.0,0.0,0.0,0.0,0.0,0.0,0.0,0.0,0.0,0.0,0.0,0.0,0.0,0.0,0.0,0.0,42.0,43.0,42.0,0.0,42.0,94.58,107.37,95.54,0.0,95.54,157.52,145.71,156.61,0.0,156.61,0.0,0.0,0.0,0.0,0.0,0.0,0.0,0.0,0.0,0.0,0.0,0.0,0.0,0.0,0.0
3510807,0.0,0.0,0.0,0.0,0.0,0.0,0.0,0.0,0.0,28083.0,0.0,28083.0,0.0,0.0,0.0,0.0,0.0,0.0,0.0,0.0,0.0,0.0,0.0,0.0,0.0,0.0,0.0,0.0,0.0,0.0,0.0,0.0,0.0,0.0,0.0,0.0,0.0,0.0,0.0,0.0,0.0,0.0,85.13,14.87,51.76,48.24,5.42,5.58,6.3,6.19,6.92,7.37,7.52,8.32,8.04,6.62,6.14,6.38,5.67,4.82,3.63,2.42,1.48,0.74,0.33,0.11,0.01,100.0,0.0,100.0,0.0,0.0,0.0,0.0,0.0,0.0,0.0,0.0,0.0,0.0,0.0,0.0,0.0,0.0,0.0,0.0,0.0,0.0,0.0,0.0,0.0,0.0,0.0,0.0,0.0,0.0,0.0,0.0,0.0,0.0,0.0,0.0,0.0,0.0,0.0,0.0,0.0,0.0,0.0,0.0,0.0,0.0,0.0,0.0,0.0,0.0,0.0,0.0,0.0,0.0,0.0,0.0,0.0,0.0,0.0,0.0,0.0,0.0,0.0,0.0,0.0,0.0,0.0,0.0,0.0,0.0,0.0,0.0,0.0,0.0,0.0,0.0,0.0,0.0,0.0,0.0,0.0,0.0,0.0,0.0,0.0,0.0,0.0,0.0,23907.0,4176.0,14537.0,13546.0,1522.0,1566.0,1768.0,1737.0,1943.0,2071.0,2113.0,2336.0,2257.0,1859.0,1725.0,1791.0,1592.0,1354.0,1019.0,680.0,417.0,208.0,92.0,30.0,3.0,28083.0,0.0,28083.0,96.75,91.78,95.45,96.56,98.97,98.52,98.93,97.82,95.56,94.15,85.73,90.09,99.15,95.98,0.0,95.98,0.0,0.0,0.0,0.0,0.0,0.0,0.0,0.0,0.0,0.0,0.0,0.0,0.0,0.0,0.0,0.0,38.0,35.0,37.0,0.0,37.0,94.76,228.56,107.32,0.0,107.32,113.86,90.96,111.1,0.0,111.1,0.0,0.0,0.0,0.0,0.0,0.0,0.0,0.0,0.0,0.0,0.0,0.0,0.0,0.0,0.0
3510906,0.0,0.0,0.0,0.0,0.0,0.0,0.0,0.0,0.0,2799.0,0.0,2799.0,0.0,0.0,0.0,0.0,0.0,0.0,0.0,0.0,0.0,0.0,0.0,0.0,0.0,0.0,0.0,0.0,0.0,0.0,0.0,0.0,0.0,0.0,0.0,0.0,0.0,0.0,0.0,0.0,0.0,0.0,67.7,32.3,51.13,48.87,4.29,5.64,5.64,5.75,6.47,5.72,6.61,6.93,7.43,6.72,7.0,7.97,6.9,5.89,3.86,2.75,2.07,1.43,0.68,0.21,0.04,100.0,0.0,100.0,0.0,0.0,0.0,0.0,0.0,0.0,0.0,0.0,0.0,0.0,0.0,0.0,0.0,0.0,0.0,0.0,0.0,0.0,0.0,0.0,0.0,0.0,0.0,0.0,0.0,0.0,0.0,0.0,0.0,0.0,0.0,0.0,0.0,0.0,0.0,0.0,0.0,0.0,0.0,0.0,0.0,0.0,0.0,0.0,0.0,0.0,0.0,0.0,0.0,0.0,0.0,0.0,0.0,0.0,0.0,0.0,0.0,0.0,0.0,0.0,0.0,0.0,0.0,0.0,0.0,0.0,0.0,0.0,0.0,0.0,0.0,0.0,0.0,0.0,0.0,0.0,0.0,0.0,0.0,0.0,0.0,0.0,0.0,0.0,1895.0,904.0,1431.0,1368.0,120.0,158.0,158.0,161.0,181.0,160.0,185.0,194.0,208.0,188.0,196.0,223.0,193.0,165.0,108.0,77.0,58.0,40.0,19.0,6.0,1.0,2799.0,0.0,2799.0,94.03,90.74,92.58,93.38,99.45,99.13,98.99,96.27,94.27,89.18,80.6,83.33,100.0,92.98,0.0,92.98,0.0,0.0,0.0,0.0,0.0,0.0,0.0,0.0,0.0,0.0,0.0,0.0,0.0,0.0,0.0,0.0,41.0,41.0,41.0,0.0,41.0,96.37,124.32,104.61,0.0,104.61,165.63,128.38,152.98,0.0,152.98,0.0,0.0,0.0,0.0,0.0,0.0,0.0,0.0,0.0,0.0,0.0,0.0,0.0,0.0,0.0
3511003,0.0,0.0,0.0,0.0,0.0,0.0,0.0,0.0,0.0,19977.0,0.0,19977.0,0.0,0.0,0.0,0.0,0.0,0.0,0.0,0.0,0.0,0.0,0.0,0.0,0.0,0.0,0.0,0.0,0.0,0.0,0.0,0.0,0.0,0.0,0.0,0.0,0.0,0.0,0.0,0.0,0.0,0.0,76.53,23.47,49.28,50.72,5.77,6.69,6.89,6.46,6.5,6.31,6.56,7.05,7.57,7.31,7.0,6.74,5.81,5.04,3.43,2.34,1.38,0.65,0.4,0.08,0.02,100.0,0.0,100.0,0.0,0.0,0.0,0.0,0.0,0.0,0.0,0.0,0.0,0.0,0.0,0.0,0.0,0.0,0.0,0.0,0.0,0.0,0.0,0.0,0.0,0.0,0.0,0.0,0.0,0.0,0.0,0.0,0.0,0.0,0.0,0.0,0.0,0.0,0.0,0.0,0.0,0.0,0.0,0.0,0.0,0.0,0.0,0.0,0.0,0.0,0.0,0.0,0.0,0.0,0.0,0.0,0.0,0.0,0.0,0.0,0.0,0.0,0.0,0.0,0.0,0.0,0.0,0.0,0.0,0.0,0.0,0.0,0.0,0.0,0.0,0.0,0.0,0.0,0.0,0.0,0.0,0.0,0.0,0.0,0.0,0.0,0.0,0.0,15289.0,4688.0,9844.0,10133.0,1152.0,1336.0,1377.0,1290.0,1299.0,1260.0,1310.0,1408.0,1513.0,1461.0,1398.0,1347.0,1161.0,1007.0,686.0,468.0,276.0,129.0,80.0,16.0,3.0,19977.0,0.0,19977.0,94.17,91.43,94.26,92.82,98.38,98.83,99.01,97.74,95.38,92.15,65.53,78.2,98.34,93.53,0.0,93.53,0.0,0.0,0.0,0.0,0.0,0.0,0.0,0.0,0.0,0.0,0.0,0.0,0.0,0.0,0.0,0.0,37.0,42.0,38.0,0.0,38.0,92.99,112.03,97.15,0.0,97.15,95.08,111.96,98.99,0.0,98.99,0.0,0.0,0.0,0.0,0.0,0.0,0.0,0.0,0.0,0.0,0.0,0.0,0.0,0.0,0.0
3511102,0.0,0.0,0.0,0.0,0.0,0.0,0.0,0.0,0.0,115791.0,0.0,115791.0,0.0,0.0,0.0,0.0,0.0,0.0,0.0,0.0,0.0,0.0,0.0,0.0,0.0,0.0,0.0,0.0,0.0,0.0,0.0,0.0,0.0,0.0,0.0,0.0,0.0,0.0,0.0,0.0,0.0,0.0,99.09,0.91,47.9,52.1,5.14,5.71,5.76,5.73,6.21,7.02,7.44,8.05,8.23,7.02,6.82,6.63,5.85,4.89,3.66,2.56,1.76,1.0,0.41,0.11,0.01,100.0,0.0,100.0,0.0,0.0,0.0,0.0,0.0,0.0,0.0,0.0,0.0,0.0,0.0,0.0,0.0,0.0,0.0,0.0,0.0,0.0,0.0,0.0,0.0,0.0,0.0,0.0,0.0,0.0,0.0,0.0,0.0,0.0,0.0,0.0,0.0,0.0,0.0,0.0,0.0,0.0,0.0,0.0,0.0,0.0,0.0,0.0,0.0,0.0,0.0,0.0,0.0,0.0,0.0,0.0,0.0,0.0,0.0,0.0,0.0,0.0,0.0,0.0,0.0,0.0,0.0,0.0,0.0,0.0,0.0,0.0,0.0,0.0,0.0,0.0,0.0,0.0,0.0,0.0,0.0,0.0,0.0,0.0,0.0,0.0,0.0,0.0,114736.0,1055.0,55464.0,60327.0,5951.0,6612.0,6672.0,6633.0,7190.0,8134.0,8616.0,9316.0,9530.0,8130.0,7894.0,7679.0,6772.0,5658.0,4236.0,2962.0,2037.0,1155.0,476.0,123.0,15.0,115791.0,0.0,115791.0,96.85,91.95,97.3,96.36,99.33,99.24,99.2,98.57,97.34,96.24,85.55,90.33,99.01,96.8,0.0,96.8,0.0,0.0,0.0,0.0,0.0,0.0,0.0,0.0,0.0,0.0,0.0,0.0,0.0,0.0,0.0,0.0,39.0,45.0,39.0,0.0,39.0,91.85,101.72,91.94,0.0,91.94,121.35,183.78,121.83,0.0,121.83,0.0,0.0,0.0,0.0,0.0,0.0,0.0,0.0,0.0,0.0,0.0,0.0,0.0,0.0,0.0
3511201,0.0,0.0,0.0,0.0,0.0,0.0,0.0,0.0,0.0,7003.0,0.0,7003.0,0.0,0.0,0.0,0.0,0.0,0.0,0.0,0.0,0.0,0.0,0.0,0.0,0.0,0.0,0.0,0.0,0.0,0.0,0.0,0.0,0.0,0.0,0.0,0.0,0.0,0.0,0.0,0.0,0.0,0.0,95.72,4.28,49.79,50.21,4.98,6.21,6.38,6.58,6.1,6.44,7.35,8.41,8.31,7.04,7.08,6.71,5.53,4.66,3.93,1.9,1.24,0.84,0.24,0.06,0.0,100.0,0.0,100.0,0.0,0.0,0.0,0.0,0.0,0.0,0.0,0.0,0.0,0.0,0.0,0.0,0.0,0.0,0.0,0.0,0.0,0.0,0.0,0.0,0.0,0.0,0.0,0.0,0.0,0.0,0.0,0.0,0.0,0.0,0.0,0.0,0.0,0.0,0.0,0.0,0.0,0.0,0.0,0.0,0.0,0.0,0.0,0.0,0.0,0.0,0.0,0.0,0.0,0.0,0.0,0.0,0.0,0.0,0.0,0.0,0.0,0.0,0.0,0.0,0.0,0.0,0.0,0.0,0.0,0.0,0.0,0.0,0.0,0.0,0.0,0.0,0.0,0.0,0.0,0.0,0.0,0.0,0.0,0.0,0.0,0.0,0.0,0.0,6703.0,300.0,3487.0,3516.0,349.0,435.0,447.0,461.0,427.0,451.0,515.0,589.0,582.0,493.0,496.0,470.0,387.0,326.0,275.0,133.0,87.0,59.0,17.0,4.0,0.0,7003.0,0.0,7003.0,95.17,92.24,96.04,94.07,99.06,99.38,99.28,98.38,95.85,95.22,71.67,80.91,99.45,95.05,0.0,95.05,0.0,0.0,0.0,0.0,0.0,0.0,0.0,0.0,0.0,0.0,0.0,0.0,0.0,0.0,0.0,0.0,38.0,38.0,38.0,0.0,38.0,98.55,114.29,99.18,0.0,99.18,104.17,114.55,104.63,0.0,104.63,0.0,0.0,0.0,0.0,0.0,0.0,0.0,0.0,0.0,0.0,0.0,0.0,0.0,0.0,0.0
3511300,0.0,0.0,0.0,0.0,0.0,0.0,0.0,0.0,0.0,12618.0,0.0,12618.0,0.0,0.0,0.0,0.0,0.0,0.0,0.0,0.0,0.0,0.0,0.0,0.0,0.0,0.0,0.0,0.0,0.0,0.0,0.0,0.0,0.0,0.0,0.0,0.0,0.0,0.0,0.0,0.0,0.0,0.0,91.19,8.81,49.31,50.69,5.78,5.94,6.36,6.21,6.03,7.25,8.19,8.73,8.8,6.82,6.44,5.56,5.18,4.14,3.37,2.39,1.5,0.82,0.4,0.08,0.02,100.0,0.0,100.0,0.0,0.0,0.0,0.0,0.0,0.0,0.0,0.0,0.0,0.0,0.0,0.0,0.0,0.0,0.0,0.0,0.0,0.0,0.0,0.0,0.0,0.0,0.0,0.0,0.0,0.0,0.0,0.0,0.0,0.0,0.0,0.0,0.0,0.0,0.0,0.0,0.0,0.0,0.0,0.0,0.0,0.0,0.0,0.0,0.0,0.0,0.0,0.0,0.0,0.0,0.0,0.0,0.0,0.0,0.0,0.0,0.0,0.0,0.0,0.0,0.0,0.0,0.0,0.0,0.0,0.0,0.0,0.0,0.0,0.0,0.0,0.0,0.0,0.0,0.0,0.0,0.0,0.0,0.0,0.0,0.0,0.0,0.0,0.0,11506.0,1112.0,6222.0,6396.0,729.0,750.0,802.0,783.0,761.0,915.0,1034.0,1101.0,1110.0,861.0,812.0,702.0,654.0,522.0,425.0,302.0,189.0,103.0,51.0,10.0,2.0,12618.0,0.0,12618.0,97.06,94.2,97.24,96.38,99.74,99.18,99.16,98.69,97.67,95.87,82.65,88.59,99.35,96.8,0.0,96.8,0.0,0.0,0.0,0.0,0.0,0.0,0.0,0.0,0.0,0.0,0.0,0.0,0.0,0.0,0.0,0.0,36.0,43.0,37.0,0.0,37.0,95.81,113.85,97.28,0.0,97.28,93.43,170.73,98.99,0.0,98.99,0.0,0.0,0.0,0.0,0.0,0.0,0.0,0.0,0.0,0.0,0.0,0.0,0.0,0.0,0.0
3511409,0.0,0.0,0.0,0.0,0.0,0.0,0.0,0.0,0.0,21469.0,0.0,21469.0,0.0,0.0,0.0,0.0,0.0,0.0,0.0,0.0,0.0,0.0,0.0,0.0,0.0,0.0,0.0,0.0,0.0,0.0,0.0,0.0,0.0,0.0,0.0,0.0,0.0,0.0,0.0,0.0,0.0,0.0,85.3,14.7,52.04,47.96,5.98,6.54,6.55,6.91,7.1,7.61,8.69,8.32,7.63,6.4,6.01,5.54,5.1,4.04,3.06,2.05,1.35,0.67,0.35,0.07,0.02,100.0,0.0,100.0,0.0,0.0,0.0,0.0,0.0,0.0,0.0,0.0,0.0,0.0,0.0,0.0,0.0,0.0,0.0,0.0,0.0,0.0,0.0,0.0,0.0,0.0,0.0,0.0,0.0,0.0,0.0,0.0,0.0,0.0,0.0,0.0,0.0,0.0,0.0,0.0,0.0,0.0,0.0,0.0,0.0,0.0,0.0,0.0,0.0,0.0,0.0,0.0,0.0,0.0,0.0,0.0,0.0,0.0,0.0,0.0,0.0,0.0,0.0,0.0,0.0,0.0,0.0,0.0,0.0,0.0,0.0,0.0,0.0,0.0,0.0,0.0,0.0,0.0,0.0,0.0,0.0,0.0,0.0,0.0,0.0,0.0,0.0,0.0,18314.0,3155.0,11173.0,10296.0,1283.0,1404.0,1407.0,1483.0,1525.0,1634.0,1865.0,1787.0,1639.0,1374.0,1291.0,1189.0,1095.0,867.0,658.0,441.0,290.0,143.0,75.0,14.0,5.0,21469.0,0.0,21469.0,95.6,94.45,95.8,95.0,98.89,97.66,98.8,97.05,94.97,93.87,82.33,87.69,99.3,95.42,0.0,95.42,0.0,0.0,0.0,0.0,0.0,0.0,0.0,0.0,0.0,0.0,0.0,0.0,0.0,0.0,0.0,0.0,35.0,34.0,35.0,0.0,35.0,96.57,222.27,108.52,0.0,108.52,86.62,96.63,87.64,0.0,87.64,0.0,0.0,0.0,0.0,0.0,0.0,0.0,0.0,0.0,0.0,0.0,0.0,0.0,0.0,0.0
3511508,0.0,0.0,0.0,0.0,0.0,0.0,0.0,0.0,0.0,44695.0,0.0,44695.0,0.0,0.0,0.0,0.0,0.0,0.0,0.0,0.0,0.0,0.0,0.0,0.0,0.0,0.0,0.0,0.0,0.0,0.0,0.0,0.0,0.0,0.0,0.0,0.0,0.0,0.0,0.0,0.0,0.0,0.0,94.73,5.27,48.7,51.3,5.37,6.11,6.16,6.18,7.0,6.93,7.57,8.5,8.74,7.13,6.61,5.87,5.36,4.45,3.44,2.26,1.21,0.72,0.28,0.08,0.01,100.0,0.0,100.0,0.0,0.0,0.0,0.0,0.0,0.0,0.0,0.0,0.0,0.0,0.0,0.0,0.0,0.0,0.0,0.0,0.0,0.0,0.0,0.0,0.0,0.0,0.0,0.0,0.0,0.0,0.0,0.0,0.0,0.0,0.0,0.0,0.0,0.0,0.0,0.0,0.0,0.0,0.0,0.0,0.0,0.0,0.0,0.0,0.0,0.0,0.0,0.0,0.0,0.0,0.0,0.0,0.0,0.0,0.0,0.0,0.0,0.0,0.0,0.0,0.0,0.0,0.0,0.0,0.0,0.0,0.0,0.0,0.0,0.0,0.0,0.0,0.0,0.0,0.0,0.0,0.0,0.0,0.0,0.0,0.0,0.0,0.0,0.0,42340.0,2355.0,21767.0,22928.0,2401.0,2733.0,2752.0,2763.0,3128.0,3099.0,3382.0,3800.0,3905.0,3188.0,2956.0,2624.0,2396.0,1989.0,1537.0,1011.0,540.0,324.0,127.0,37.0,3.0,44695.0,0.0,44695.0,97.74,96.65,97.83,97.54,99.36,99.31,99.59,98.92,98.11,96.87,89.42,92.55,98.95,97.68,0.0,97.68,0.0,0.0,0.0,0.0,0.0,0.0,0.0,0.0,0.0,0.0,0.0,0.0,0.0,0.0,0.0,0.0,37.0,38.0,37.0,0.0,37.0,93.92,115.27,94.94,0.0,94.94,100.98,101.12,100.99,0.0,100.99,0.0,0.0,0.0,0.0,0.0,0.0,0.0,0.0,0.0,0.0,0.0,0.0,0.0,0.0,0.0
3511607,0.0,0.0,0.0,0.0,0.0,0.0,0.0,0.0,0.0,19048.0,0.0,19048.0,0.0,0.0,0.0,0.0,0.0,0.0,0.0,0.0,0.0,0.0,0.0,0.0,0.0,0.0,0.0,0.0,0.0,0.0,0.0,0.0,0.0,0.0,0.0,0.0,0.0,0.0,0.0,0.0,0.0,0.0,77.12,22.88,51.29,48.71,5.83,6.69,6.56,6.57,7.79,7.65,8.31,8.43,7.94,6.67,5.79,5.63,4.95,3.88,3.16,2.03,1.24,0.6,0.24,0.05,0.0,100.0,0.0,100.0,0.0,0.0,0.0,0.0,0.0,0.0,0.0,0.0,0.0,0.0,0.0,0.0,0.0,0.0,0.0,0.0,0.0,0.0,0.0,0.0,0.0,0.0,0.0,0.0,0.0,0.0,0.0,0.0,0.0,0.0,0.0,0.0,0.0,0.0,0.0,0.0,0.0,0.0,0.0,0.0,0.0,0.0,0.0,0.0,0.0,0.0,0.0,0.0,0.0,0.0,0.0,0.0,0.0,0.0,0.0,0.0,0.0,0.0,0.0,0.0,0.0,0.0,0.0,0.0,0.0,0.0,0.0,0.0,0.0,0.0,0.0,0.0,0.0,0.0,0.0,0.0,0.0,0.0,0.0,0.0,0.0,0.0,0.0,0.0,14690.0,4358.0,9769.0,9279.0,1110.0,1274.0,1249.0,1252.0,1483.0,1458.0,1583.0,1605.0,1512.0,1271.0,1103.0,1072.0,942.0,740.0,602.0,386.0,236.0,115.0,45.0,10.0,0.0,19048.0,0.0,19048.0,95.31,96.24,95.9,95.16,98.72,98.49,99.38,96.79,94.69,94.44,82.45,87.21,98.45,95.54,0.0,95.54,0.0,0.0,0.0,0.0,0.0,0.0,0.0,0.0,0.0,0.0,0.0,0.0,0.0,0.0,0.0,0.0,34.0,37.0,35.0,0.0,35.0,100.27,124.18,105.28,0.0,105.28,78.62,114.54,84.67,0.0,84.67,0.0,0.0,0.0,0.0,0.0,0.0,0.0,0.0,0.0,0.0,0.0,0.0,0.0,0.0,0.0
3511706,0.0,0.0,0.0,0.0,0.0,0.0,0.0,0.0,0.0,15535.0,0.0,15535.0,0.0,0.0,0.0,0.0,0.0,0.0,0.0,0.0,0.0,0.0,0.0,0.0,0.0,0.0,0.0,0.0,0.0,0.0,0.0,0.0,0.0,0.0,0.0,0.0,0.0,0.0,0.0,0.0,0.0,0.0,93.05,6.95,49.89,50.11,6.13,6.64,6.47,6.46,7.22,7.28,8.07,7.83,7.62,6.91,6.53,5.88,5.3,4.33,3.17,1.99,1.16,0.7,0.24,0.07,0.01,100.0,0.0,100.0,0.0,0.0,0.0,0.0,0.0,0.0,0.0,0.0,0.0,0.0,0.0,0.0,0.0,0.0,0.0,0.0,0.0,0.0,0.0,0.0,0.0,0.0,0.0,0.0,0.0,0.0,0.0,0.0,0.0,0.0,0.0,0.0,0.0,0.0,0.0,0.0,0.0,0.0,0.0,0.0,0.0,0.0,0.0,0.0,0.0,0.0,0.0,0.0,0.0,0.0,0.0,0.0,0.0,0.0,0.0,0.0,0.0,0.0,0.0,0.0,0.0,0.0,0.0,0.0,0.0,0.0,0.0,0.0,0.0,0.0,0.0,0.0,0.0,0.0,0.0,0.0,0.0,0.0,0.0,0.0,0.0,0.0,0.0,0.0,14455.0,1080.0,7750.0,7785.0,952.0,1031.0,1005.0,1004.0,1122.0,1131.0,1253.0,1217.0,1183.0,1073.0,1014.0,914.0,824.0,673.0,492.0,309.0,180.0,109.0,37.0,11.0,1.0,15535.0,0.0,15535.0,95.24,95.32,95.59,94.9,98.93,98.36,98.38,96.54,94.73,92.64,83.93,88.41,98.7,95.24,0.0,95.24,0.0,0.0,0.0,0.0,0.0,0.0,0.0,0.0,0.0,0.0,0.0,0.0,0.0,0.0,0.0,0.0,35.0,40.0,36.0,0.0,36.0,98.89,108.9,99.55,0.0,99.55,85.25,134.07,88.22,0.0,88.22,0.0,0.0,0.0,0.0,0.0,0.0,0.0,0.0,0.0,0.0,0.0,0.0,0.0,0.0,0.0
3511904,0.0,0.0,0.0,0.0,0.0,0.0,0.0,0.0,0.0,6982.0,0.0,6982.0,0.0,0.0,0.0,0.0,0.0,0.0,0.0,0.0,0.0,0.0,0.0,0.0,0.0,0.0,0.0,0.0,0.0,0.0,0.0,0.0,0.0,0.0,0.0,0.0,0.0,0.0,0.0,0.0,0.0,0.0,96.48,3.52,49.64,50.36,6.43,6.72,7.19,7.22,6.76,6.62,8.56,8.16,7.29,6.06,5.63,6.2,5.3,4.37,3.17,1.9,1.32,0.8,0.21,0.09,0.0,100.0,0.0,100.0,0.0,0.0,0.0,0.0,0.0,0.0,0.0,0.0,0.0,0.0,0.0,0.0,0.0,0.0,0.0,0.0,0.0,0.0,0.0,0.0,0.0,0.0,0.0,0.0,0.0,0.0,0.0,0.0,0.0,0.0,0.0,0.0,0.0,0.0,0.0,0.0,0.0,0.0,0.0,0.0,0.0,0.0,0.0,0.0,0.0,0.0,0.0,0.0,0.0,0.0,0.0,0.0,0.0,0.0,0.0,0.0,0.0,0.0,0.0,0.0,0.0,0.0,0.0,0.0,0.0,0.0,0.0,0.0,0.0,0.0,0.0,0.0,0.0,0.0,0.0,0.0,0.0,0.0,0.0,0.0,0.0,0.0,0.0,0.0,6736.0,246.0,3466.0,3516.0,449.0,469.0,502.0,504.0,472.0,462.0,598.0,570.0,509.0,423.0,393.0,433.0,370.0,305.0,221.0,133.0,92.0,56.0,15.0,6.0,0.0,6982.0,0.0,6982.0,93.86,92.13,93.92,93.68,98.31,98.49,98.68,96.11,93.63,91.03,72.19,82.25,98.0,93.8,0.0,93.8,0.0,0.0,0.0,0.0,0.0,0.0,0.0,0.0,0.0,0.0,0.0,0.0,0.0,0.0,0.0,0.0,34.0,53.0,35.0,0.0,35.0,98.47,101.64,98.58,0.0,98.58,80.5,263.33,84.37,0.0,84.37,0.0,0.0,0.0,0.0,0.0,0.0,0.0,0.0,0.0,0.0,0.0,0.0,0.0,0.0,0.0
3512001,0.0,0.0,0.0,0.0,0.0,0.0,0.0,0.0,0.0,18486.0,0.0,18486.0,0.0,0.0,0.0,0.0,0.0,0.0,0.0,0.0,0.0,0.0,0.0,0.0,0.0,0.0,0.0,0.0,0.0,0.0,0.0,0.0,0.0,0.0,0.0,0.0,0.0,0.0,0.0,0.0,0.0,0.0,95.21,4.79,48.42,51.58,5.81,6.9,5.76,6.38,6.93,6.89,7.57,7.74,7.7,6.63,7.15,6.43,5.44,4.37,3.3,2.48,1.22,0.83,0.41,0.04,0.01,100.0,0.0,100.0,0.0,0.0,0.0,0.0,0.0,0.0,0.0,0.0,0.0,0.0,0.0,0.0,0.0,0.0,0.0,0.0,0.0,0.0,0.0,0.0,0.0,0.0,0.0,0.0,0.0,0.0,0.0,0.0,0.0,0.0,0.0,0.0,0.0,0.0,0.0,0.0,0.0,0.0,0.0,0.0,0.0,0.0,0.0,0.0,0.0,0.0,0.0,0.0,0.0,0.0,0.0,0.0,0.0,0.0,0.0,0.0,0.0,0.0,0.0,0.0,0.0,0.0,0.0,0.0,0.0,0.0,0.0,0.0,0.0,0.0,0.0,0.0,0.0,0.0,0.0,0.0,0.0,0.0,0.0,0.0,0.0,0.0,0.0,0.0,17601.0,885.0,8950.0,9536.0,1074.0,1276.0,1064.0,1180.0,1281.0,1274.0,1400.0,1431.0,1424.0,1226.0,1321.0,1189.0,1006.0,808.0,610.0,459.0,225.0,153.0,75.0,8.0,2.0,18486.0,0.0,18486.0,95.51,94.89,95.73,95.25,99.06,98.32,99.26,97.44,94.66,93.62,82.97,88.68,99.01,95.48,0.0,95.48,0.0,0.0,0.0,0.0,0.0,0.0,0.0,0.0,0.0,0.0,0.0,0.0,0.0,0.0,0.0,0.0,37.0,37.0,37.0,0.0,37.0,92.51,125.19,93.85,0.0,93.85,99.72,67.4,98.01,0.0,98.01,0.0,0.0,0.0,0.0,0.0,0.0,0.0,0.0,0.0,0.0,0.0,0.0,0.0,0.0,0.0
3512100,0.0,0.0,0.0,0.0,0.0,0.0,0.0,0.0,0.0,6629.0,0.0,6629.0,0.0,0.0,0.0,0.0,0.0,0.0,0.0,0.0,0.0,0.0,0.0,0.0,0.0,0.0,0.0,0.0,0.0,0.0,0.0,0.0,0.0,0.0,0.0,0.0,0.0,0.0,0.0,0.0,0.0,0.0,70.66,29.34,50.4,49.6,6.26,7.24,7.32,6.95,6.12,6.56,6.89,7.24,7.81,7.5,6.61,6.56,5.58,4.21,2.97,2.31,1.07,0.57,0.2,0.02,0.0,100.0,0.0,100.0,0.0,0.0,0.0,0.0,0.0,0.0,0.0,0.0,0.0,0.0,0.0,0.0,0.0,0.0,0.0,0.0,0.0,0.0,0.0,0.0,0.0,0.0,0.0,0.0,0.0,0.0,0.0,0.0,0.0,0.0,0.0,0.0,0.0,0.0,0.0,0.0,0.0,0.0,0.0,0.0,0.0,0.0,0.0,0.0,0.0,0.0,0.0,0.0,0.0,0.0,0.0,0.0,0.0,0.0,0.0,0.0,0.0,0.0,0.0,0.0,0.0,0.0,0.0,0.0,0.0,0.0,0.0,0.0,0.0,0.0,0.0,0.0,0.0,0.0,0.0,0.0,0.0,0.0,0.0,0.0,0.0,0.0,0.0,0.0,4684.0,1945.0,3341.0,3288.0,415.0,480.0,485.0,461.0,406.0,435.0,457.0,480.0,518.0,497.0,438.0,435.0,370.0,279.0,197.0,153.0,71.0,38.0,13.0,1.0,0.0,6629.0,0.0,6629.0,93.13,91.1,92.69,92.41,98.28,98.32,99.29,95.69,93.8,90.19,67.03,75.27,99.45,92.55,0.0,92.55,0.0,0.0,0.0,0.0,0.0,0.0,0.0,0.0,0.0,0.0,0.0,0.0,0.0,0.0,0.0,0.0,37.0,35.0,36.0,0.0,36.0,97.97,110.95,101.61,0.0,101.61,89.46,64.44,81.3,0.0,81.3,0.0,0.0,0.0,0.0,0.0,0.0,0.0,0.0,0.0,0.0,0.0,0.0,0.0,0.0,0.0
3512209,0.0,0.0,0.0,0.0,0.0,0.0,0.0,0.0,0.0,28101.0,0.0,28101.0,0.0,0.0,0.0,0.0,0.0,0.0,0.0,0.0,0.0,0.0,0.0,0.0,0.0,0.0,0.0,0.0,0.0,0.0,0.0,0.0,0.0,0.0,0.0,0.0,0.0,0.0,0.0,0.0,0.0,0.0,95.29,4.71,49.86,50.14,6.92,6.71,6.54,7.15,8.17,8.11,8.33,7.66,7.7,6.38,6.13,5.46,4.61,3.52,2.67,1.81,1.13,0.65,0.26,0.05,0.01,100.0,0.0,100.0,0.0,0.0,0.0,0.0,0.0,0.0,0.0,0.0,0.0,0.0,0.0,0.0,0.0,0.0,0.0,0.0,0.0,0.0,0.0,0.0,0.0,0.0,0.0,0.0,0.0,0.0,0.0,0.0,0.0,0.0,0.0,0.0,0.0,0.0,0.0,0.0,0.0,0.0,0.0,0.0,0.0,0.0,0.0,0.0,0.0,0.0,0.0,0.0,0.0,0.0,0.0,0.0,0.0,0.0,0.0,0.0,0.0,0.0,0.0,0.0,0.0,0.0,0.0,0.0,0.0,0.0,0.0,0.0,0.0,0.0,0.0,0.0,0.0,0.0,0.0,0.0,0.0,0.0,0.0,0.0,0.0,0.0,0.0,0.0,26778.0,1323.0,14012.0,14089.0,1945.0,1886.0,1839.0,2010.0,2297.0,2279.0,2340.0,2152.0,2165.0,1793.0,1722.0,1535.0,1296.0,990.0,751.0,510.0,317.0,183.0,74.0,15.0,2.0,28101.0,0.0,28101.0,93.96,92.46,93.85,93.92,98.56,98.01,98.27,95.58,92.72,90.0,79.56,82.86,98.83,93.88,0.0,93.88,0.0,0.0,0.0,0.0,0.0,0.0,0.0,0.0,0.0,0.0,0.0,0.0,0.0,0.0,0.0,0.0,33.0,41.0,33.0,0.0,33.0,98.99,109.34,99.45,0.0,99.45,70.56,128.94,72.98,0.0,72.98,0.0,0.0,0.0,0.0,0.0,0.0,0.0,0.0,0.0,0.0,0.0,0.0,0.0,0.0,0.0
3512308,0.0,0.0,0.0,0.0,0.0,0.0,0.0,0.0,0.0,15232.0,0.0,15232.0,0.0,0.0,0.0,0.0,0.0,0.0,0.0,0.0,0.0,0.0,0.0,0.0,0.0,0.0,0.0,0.0,0.0,0.0,0.0,0.0,0.0,0.0,0.0,0.0,0.0,0.0,0.0,0.0,0.0,0.0,78.28,21.72,50.05,49.95,5.31,6.2,6.45,6.41,6.68,6.13,6.91,7.1,7.22,6.57,6.58,6.79,6.68,5.29,3.95,2.56,1.72,0.97,0.34,0.12,0.03,100.0,0.0,100.0,0.0,0.0,0.0,0.0,0.0,0.0,0.0,0.0,0.0,0.0,0.0,0.0,0.0,0.0,0.0,0.0,0.0,0.0,0.0,0.0,0.0,0.0,0.0,0.0,0.0,0.0,0.0,0.0,0.0,0.0,0.0,0.0,0.0,0.0,0.0,0.0,0.0,0.0,0.0,0.0,0.0,0.0,0.0,0.0,0.0,0.0,0.0,0.0,0.0,0.0,0.0,0.0,0.0,0.0,0.0,0.0,0.0,0.0,0.0,0.0,0.0,0.0,0.0,0.0,0.0,0.0,0.0,0.0,0.0,0.0,0.0,0.0,0.0,0.0,0.0,0.0,0.0,0.0,0.0,0.0,0.0,0.0,0.0,0.0,11924.0,3308.0,7624.0,7608.0,809.0,944.0,982.0,977.0,1017.0,933.0,1052.0,1082.0,1099.0,1000.0,1002.0,1035.0,1018.0,806.0,601.0,390.0,262.0,148.0,52.0,19.0,4.0,15232.0,0.0,15232.0,96.46,95.23,96.0,96.38,98.53,98.19,99.01,97.52,96.4,95.42,88.46,91.32,99.73,96.19,0.0,96.19,0.0,0.0,0.0,0.0,0.0,0.0,0.0,0.0,0.0,0.0,0.0,0.0,0.0,0.0,0.0,0.0,38.0,43.0,39.0,0.0,39.0,96.96,112.87,100.21,0.0,100.21,110.25,163.08,120.66,0.0,120.66,0.0,0.0,0.0,0.0,0.0,0.0,0.0,0.0,0.0,0.0,0.0,0.0,0.0,0.0,0.0
3512407,0.0,0.0,0.0,0.0,0.0,0.0,0.0,0.0,0.0,24514.0,0.0,24514.0,0.0,0.0,0.0,0.0,0.0,0.0,0.0,0.0,0.0,0.0,0.0,0.0,0.0,0.0,0.0,0.0,0.0,0.0,0.0,0.0,0.0,0.0,0.0,0.0,0.0,0.0,0.0,0.0,0.0,0.0,95.57,4.43,49.32,50.68,6.08,6.83,6.43,6.61,7.51,8.03,8.27,8.19,8.31,6.76,6.43,5.41,4.65,3.64,2.85,1.84,1.16,0.66,0.29,0.04,0.01,100.0,0.0,100.0,0.0,0.0,0.0,0.0,0.0,0.0,0.0,0.0,0.0,0.0,0.0,0.0,0.0,0.0,0.0,0.0,0.0,0.0,0.0,0.0,0.0,0.0,0.0,0.0,0.0,0.0,0.0,0.0,0.0,0.0,0.0,0.0,0.0,0.0,0.0,0.0,0.0,0.0,0.0,0.0,0.0,0.0,0.0,0.0,0.0,0.0,0.0,0.0,0.0,0.0,0.0,0.0,0.0,0.0,0.0,0.0,0.0,0.0,0.0,0.0,0.0,0.0,0.0,0.0,0.0,0.0,0.0,0.0,0.0,0.0,0.0,0.0,0.0,0.0,0.0,0.0,0.0,0.0,0.0,0.0,0.0,0.0,0.0,0.0,23427.0,1087.0,12091.0,12423.0,1491.0,1674.0,1577.0,1620.0,1842.0,1968.0,2027.0,2007.0,2038.0,1657.0,1576.0,1327.0,1140.0,892.0,699.0,450.0,285.0,161.0,70.0,10.0,3.0,24514.0,0.0,24514.0,97.15,95.67,97.31,96.87,99.24,99.15,99.4,98.57,96.97,95.3,86.62,90.39,99.35,97.08,0.0,97.08,0.0,0.0,0.0,0.0,0.0,0.0,0.0,0.0,0.0,0.0,0.0,0.0,0.0,0.0,0.0,0.0,35.0,37.0,35.0,0.0,35.0,97.03,103.94,97.33,0.0,97.33,77.47,94.76,78.24,0.0,78.24,0.0,0.0,0.0,0.0,0.0,0.0,0.0,0.0,0.0,0.0,0.0,0.0,0.0,0.0,0.0
3512506,0.0,0.0,0.0,0.0,0.0,0.0,0.0,0.0,0.0,5400.0,0.0,5400.0,0.0,0.0,0.0,0.0,0.0,0.0,0.0,0.0,0.0,0.0,0.0,0.0,0.0,0.0,0.0,0.0,0.0,0.0,0.0,0.0,0.0,0.0,0.0,0.0,0.0,0.0,0.0,0.0,0.0,0.0,85.33,14.67,49.44,50.56,5.2,7.02,6.17,5.91,5.46,7.22,7.02,7.28,8.24,7.5,6.89,6.63,5.78,5.06,3.74,2.11,1.5,0.91,0.35,0.02,0.0,100.0,0.0,100.0,0.0,0.0,0.0,0.0,0.0,0.0,0.0,0.0,0.0,0.0,0.0,0.0,0.0,0.0,0.0,0.0,0.0,0.0,0.0,0.0,0.0,0.0,0.0,0.0,0.0,0.0,0.0,0.0,0.0,0.0,0.0,0.0,0.0,0.0,0.0,0.0,0.0,0.0,0.0,0.0,0.0,0.0,0.0,0.0,0.0,0.0,0.0,0.0,0.0,0.0,0.0,0.0,0.0,0.0,0.0,0.0,0.0,0.0,0.0,0.0,0.0,0.0,0.0,0.0,0.0,0.0,0.0,0.0,0.0,0.0,0.0,0.0,0.0,0.0,0.0,0.0,0.0,0.0,0.0,0.0,0.0,0.0,0.0,0.0,4608.0,792.0,2670.0,2730.0,281.0,379.0,333.0,319.0,295.0,390.0,379.0,393.0,445.0,405.0,372.0,358.0,312.0,273.0,202.0,114.0,81.0,49.0,19.0,1.0,0.0,5400.0,0.0,5400.0,95.65,96.53,96.27,95.31,98.98,98.7,99.52,98.57,97.81,94.03,75.38,86.2,99.1,95.78,0.0,95.78,0.0,0.0,0.0,0.0,0.0,0.0,0.0,0.0,0.0,0.0,0.0,0.0,0.0,0.0,0.0,0.0,38.0,44.0,39.0,0.0,39.0,94.92,116.39,97.8,0.0,97.8,97.34,162.79,105.84,0.0,105.84,0.0,0.0,0.0,0.0,0.0,0.0,0.0,0.0,0.0,0.0,0.0,0.0,0.0,0.0,0.0
3512605,0.0,0.0,0.0,0.0,0.0,0.0,0.0,0.0,0.0,4280.0,0.0,4280.0,0.0,0.0,0.0,0.0,0.0,0.0,0.0,0.0,0.0,0.0,0.0,0.0,0.0,0.0,0.0,0.0,0.0,0.0,0.0,0.0,0.0,0.0,0.0,0.0,0.0,0.0,0.0,0.0,0.0,0.0,82.73,17.27,50.49,49.51,5.19,5.75,6.29,6.54,6.61,6.66,6.36,6.68,7.62,6.8,6.17,7.31,6.85,5.56,4.0,2.92,1.66,0.68,0.21,0.16,0.0,100.0,0.0,100.0,0.0,0.0,0.0,0.0,0.0,0.0,0.0,0.0,0.0,0.0,0.0,0.0,0.0,0.0,0.0,0.0,0.0,0.0,0.0,0.0,0.0,0.0,0.0,0.0,0.0,0.0,0.0,0.0,0.0,0.0,0.0,0.0,0.0,0.0,0.0,0.0,0.0,0.0,0.0,0.0,0.0,0.0,0.0,0.0,0.0,0.0,0.0,0.0,0.0,0.0,0.0,0.0,0.0,0.0,0.0,0.0,0.0,0.0,0.0,0.0,0.0,0.0,0.0,0.0,0.0,0.0,0.0,0.0,0.0,0.0,0.0,0.0,0.0,0.0,0.0,0.0,0.0,0.0,0.0,0.0,0.0,0.0,0.0,0.0,3541.0,739.0,2161.0,2119.0,222.0,246.0,269.0,280.0,283.0,285.0,272.0,286.0,326.0,291.0,264.0,313.0,293.0,238.0,171.0,125.0,71.0,29.0,9.0,7.0,0.0,4280.0,0.0,4280.0,90.45,95.1,92.33,90.16,97.53,99.1,96.74,96.73,91.71,87.13,69.29,77.23,100.0,91.25,0.0,91.25,0.0,0.0,0.0,0.0,0.0,0.0,0.0,0.0,0.0,0.0,0.0,0.0,0.0,0.0,0.0,0.0,39.0,43.0,39.0,0.0,39.0,99.16,116.72,101.98,0.0,101.98,123.61,148.82,127.95,0.0,127.95,0.0,0.0,0.0,0.0,0.0,0.0,0.0,0.0,0.0,0.0,0.0,0.0,0.0,0.0,0.0
3512704,0.0,0.0,0.0,0.0,0.0,0.0,0.0,0.0,0.0,4195.0,0.0,4195.0,0.0,0.0,0.0,0.0,0.0,0.0,0.0,0.0,0.0,0.0,0.0,0.0,0.0,0.0,0.0,0.0,0.0,0.0,0.0,0.0,0.0,0.0,0.0,0.0,0.0,0.0,0.0,0.0,0.0,0.0,64.67,35.33,49.99,50.01,6.13,6.75,6.41,6.75,7.46,6.67,8.87,7.96,6.91,6.34,6.03,6.46,5.82,3.91,3.41,2.15,1.17,0.52,0.21,0.07,0.0,100.0,0.0,100.0,0.0,0.0,0.0,0.0,0.0,0.0,0.0,0.0,0.0,0.0,0.0,0.0,0.0,0.0,0.0,0.0,0.0,0.0,0.0,0.0,0.0,0.0,0.0,0.0,0.0,0.0,0.0,0.0,0.0,0.0,0.0,0.0,0.0,0.0,0.0,0.0,0.0,0.0,0.0,0.0,0.0,0.0,0.0,0.0,0.0,0.0,0.0,0.0,0.0,0.0,0.0,0.0,0.0,0.0,0.0,0.0,0.0,0.0,0.0,0.0,0.0,0.0,0.0,0.0,0.0,0.0,0.0,0.0,0.0,0.0,0.0,0.0,0.0,0.0,0.0,0.0,0.0,0.0,0.0,0.0,0.0,0.0,0.0,0.0,2713.0,1482.0,2097.0,2098.0,257.0,283.0,269.0,283.0,313.0,280.0,372.0,334.0,290.0,266.0,253.0,271.0,244.0,164.0,143.0,90.0,49.0,22.0,9.0,3.0,0.0,4195.0,0.0,4195.0,96.76,91.37,94.27,95.45,98.4,97.7,99.43,97.44,94.22,93.01,85.55,85.83,97.25,94.86,0.0,94.86,0.0,0.0,0.0,0.0,0.0,0.0,0.0,0.0,0.0,0.0,0.0,0.0,0.0,0.0,0.0,0.0,34.0,37.0,35.0,0.0,35.0,92.14,116.03,99.95,0.0,99.95,84.84,97.92,89.49,0.0,89.49,0.0,0.0,0.0,0.0,0.0,0.0,0.0,0.0,0.0,0.0,0.0,0.0,0.0,0.0,0.0
3512803,0.0,0.0,0.0,0.0,0.0,0.0,0.0,0.0,0.0,59773.0,0.0,59773.0,0.0,0.0,0.0,0.0,0.0,0.0,0.0,0.0,0.0,0.0,0.0,0.0,0.0,0.0,0.0,0.0,0.0,0.0,0.0,0.0,0.0,0.0,0.0,0.0,0.0,0.0,0.0,0.0,0.0,0.0,97.47,2.53,49.07,50.93,5.81,6.22,6.73,6.59,7.18,7.58,8.11,8.17,8.19,7.17,6.62,6.09,5.03,3.99,2.87,1.74,1.02,0.61,0.22,0.05,0.01,100.0,0.0,100.0,0.0,0.0,0.0,0.0,0.0,0.0,0.0,0.0,0.0,0.0,0.0,0.0,0.0,0.0,0.0,0.0,0.0,0.0,0.0,0.0,0.0,0.0,0.0,0.0,0.0,0.0,0.0,0.0,0.0,0.0,0.0,0.0,0.0,0.0,0.0,0.0,0.0,0.0,0.0,0.0,0.0,0.0,0.0,0.0,0.0,0.0,0.0,0.0,0.0,0.0,0.0,0.0,0.0,0.0,0.0,0.0,0.0,0.0,0.0,0.0,0.0,0.0,0.0,0.0,0.0,0.0,0.0,0.0,0.0,0.0,0.0,0.0,0.0,0.0,0.0,0.0,0.0,0.0,0.0,0.0,0.0,0.0,0.0,0.0,58263.0,1510.0,29331.0,30442.0,3470.0,3717.0,4020.0,3942.0,4293.0,4531.0,4849.0,4882.0,4896.0,4287.0,3955.0,3641.0,3006.0,2387.0,1714.0,1040.0,612.0,362.0,131.0,31.0,7.0,59773.0,0.0,59773.0,96.67,95.15,97.16,96.14,99.23,99.25,99.31,98.76,97.16,94.58,81.58,87.44,99.32,96.64,0.0,96.64,0.0,0.0,0.0,0.0,0.0,0.0,0.0,0.0,0.0,0.0,0.0,0.0,0.0,0.0,0.0,0.0,35.0,39.0,36.0,0.0,36.0,96.05,108.85,96.35,0.0,96.35,82.43,101.46,82.89,0.0,82.89,0.0,0.0,0.0,0.0,0.0,0.0,0.0,0.0,0.0,0.0,0.0,0.0,0.0,0.0,0.0
3512902,0.0,0.0,0.0,0.0,0.0,0.0,0.0,0.0,0.0,8719.0,0.0,8719.0,0.0,0.0,0.0,0.0,0.0,0.0,0.0,0.0,0.0,0.0,0.0,0.0,0.0,0.0,0.0,0.0,0.0,0.0,0.0,0.0,0.0,0.0,0.0,0.0,0.0,0.0,0.0,0.0,0.0,0.0,77.99,22.01,49.76,50.24,5.72,6.03,5.68,6.12,7.13,7.02,6.87,7.54,7.29,6.32,6.23,6.11,6.12,5.13,4.39,2.73,2.12,0.93,0.29,0.19,0.02,100.0,0.0,100.0,0.0,0.0,0.0,0.0,0.0,0.0,0.0,0.0,0.0,0.0,0.0,0.0,0.0,0.0,0.0,0.0,0.0,0.0,0.0,0.0,0.0,0.0,0.0,0.0,0.0,0.0,0.0,0.0,0.0,0.0,0.0,0.0,0.0,0.0,0.0,0.0,0.0,0.0,0.0,0.0,0.0,0.0,0.0,0.0,0.0,0.0,0.0,0.0,0.0,0.0,0.0,0.0,0.0,0.0,0.0,0.0,0.0,0.0,0.0,0.0,0.0,0.0,0.0,0.0,0.0,0.0,0.0,0.0,0.0,0.0,0.0,0.0,0.0,0.0,0.0,0.0,0.0,0.0,0.0,0.0,0.0,0.0,0.0,0.0,6800.0,1919.0,4339.0,4380.0,499.0,526.0,495.0,534.0,622.0,612.0,599.0,657.0,636.0,551.0,543.0,533.0,534.0,447.0,383.0,238.0,185.0,81.0,25.0,17.0,2.0,8719.0,0.0,8719.0,94.38,92.67,94.2,93.81,97.91,98.6,99.38,95.82,93.51,93.72,82.66,85.2,98.1,94.0,0.0,94.0,0.0,0.0,0.0,0.0,0.0,0.0,0.0,0.0,0.0,0.0,0.0,0.0,0.0,0.0,0.0,0.0,37.0,44.0,38.0,0.0,38.0,95.74,111.81,99.06,0.0,99.06,114.96,168.06,125.79,0.0,125.79,0.0,0.0,0.0,0.0,0.0,0.0,0.0,0.0,0.0,0.0,0.0,0.0,0.0,0.0,0.0
3513009,0.0,0.0,0.0,0.0,0.0,0.0,0.0,0.0,0.0,274413.0,0.0,274413.0,0.0,0.0,0.0,0.0,0.0,0.0,0.0,0.0,0.0,0.0,0.0,0.0,0.0,0.0,0.0,0.0,0.0,0.0,0.0,0.0,0.0,0.0,0.0,0.0,0.0,0.0,0.0,0.0,0.0,0.0,97.17,2.83,48.45,51.55,6.37,7.48,7.12,6.98,7.19,7.26,7.76,9.14,9.11,7.25,6.2,5.25,4.44,3.42,2.3,1.33,0.77,0.4,0.17,0.04,0.01,100.0,0.0,100.0,0.0,0.0,0.0,0.0,0.0,0.0,0.0,0.0,0.0,0.0,0.0,0.0,0.0,0.0,0.0,0.0,0.0,0.0,0.0,0.0,0.0,0.0,0.0,0.0,0.0,0.0,0.0,0.0,0.0,0.0,0.0,0.0,0.0,0.0,0.0,0.0,0.0,0.0,0.0,0.0,0.0,0.0,0.0,0.0,0.0,0.0,0.0,0.0,0.0,0.0,0.0,0.0,0.0,0.0,0.0,0.0,0.0,0.0,0.0,0.0,0.0,0.0,0.0,0.0,0.0,0.0,0.0,0.0,0.0,0.0,0.0,0.0,0.0,0.0,0.0,0.0,0.0,0.0,0.0,0.0,0.0,0.0,0.0,0.0,266653.0,7760.0,132943.0,141470.0,17476.0,20535.0,19544.0,19160.0,19722.0,19917.0,21299.0,25095.0,25006.0,19905.0,17009.0,14416.0,12172.0,9395.0,6300.0,3646.0,2118.0,1109.0,455.0,118.0,16.0,274413.0,0.0,274413.0,97.04,93.58,97.1,96.79,99.06,99.19,98.97,98.8,97.25,94.43,82.63,87.74,99.26,96.94,0.0,96.94,0.0,0.0,0.0,0.0,0.0,0.0,0.0,0.0,0.0,0.0,0.0,0.0,0.0,0.0,0.0,0.0,34.0,36.0,34.0,0.0,34.0,93.65,105.67,93.97,0.0,93.97,61.04,72.64,61.38,0.0,61.38,0.0,0.0,0.0,0.0,0.0,0.0,0.0,0.0,0.0,0.0,0.0,0.0,0.0,0.0,0.0
3513108,0.0,0.0,0.0,0.0,0.0,0.0,0.0,0.0,0.0,33281.0,0.0,33281.0,0.0,0.0,0.0,0.0,0.0,0.0,0.0,0.0,0.0,0.0,0.0,0.0,0.0,0.0,0.0,0.0,0.0,0.0,0.0,0.0,0.0,0.0,0.0,0.0,0.0,0.0,0.0,0.0,0.0,0.0,98.42,1.58,49.2,50.8,5.37,6.03,5.99,6.92,7.3,7.37,7.32,7.96,8.27,6.75,6.71,6.36,5.72,4.41,3.12,2.06,1.26,0.64,0.32,0.11,0.01,100.0,0.0,100.0,0.0,0.0,0.0,0.0,0.0,0.0,0.0,0.0,0.0,0.0,0.0,0.0,0.0,0.0,0.0,0.0,0.0,0.0,0.0,0.0,0.0,0.0,0.0,0.0,0.0,0.0,0.0,0.0,0.0,0.0,0.0,0.0,0.0,0.0,0.0,0.0,0.0,0.0,0.0,0.0,0.0,0.0,0.0,0.0,0.0,0.0,0.0,0.0,0.0,0.0,0.0,0.0,0.0,0.0,0.0,0.0,0.0,0.0,0.0,0.0,0.0,0.0,0.0,0.0,0.0,0.0,0.0,0.0,0.0,0.0,0.0,0.0,0.0,0.0,0.0,0.0,0.0,0.0,0.0,0.0,0.0,0.0,0.0,0.0,32754.0,527.0,16375.0,16906.0,1787.0,2006.0,1993.0,2304.0,2429.0,2452.0,2435.0,2649.0,2754.0,2248.0,2234.0,2117.0,1905.0,1468.0,1037.0,687.0,419.0,213.0,106.0,36.0,2.0,33281.0,0.0,33281.0,95.91,93.69,96.26,95.51,98.6,98.69,98.93,97.91,96.59,94.28,80.31,87.02,99.0,95.88,0.0,95.88,0.0,0.0,0.0,0.0,0.0,0.0,0.0,0.0,0.0,0.0,0.0,0.0,0.0,0.0,0.0,0.0,37.0,37.0,37.0,0.0,37.0,96.67,109.13,96.86,0.0,96.86,101.95,75.76,101.5,0.0,101.5,0.0,0.0,0.0,0.0,0.0,0.0,0.0,0.0,0.0,0.0,0.0,0.0,0.0,0.0,0.0
3513207,0.0,0.0,0.0,0.0,0.0,0.0,0.0,0.0,0.0,9272.0,0.0,9272.0,0.0,0.0,0.0,0.0,0.0,0.0,0.0,0.0,0.0,0.0,0.0,0.0,0.0,0.0,0.0,0.0,0.0,0.0,0.0,0.0,0.0,0.0,0.0,0.0,0.0,0.0,0.0,0.0,0.0,0.0,82.28,17.72,49.6,50.4,6.44,6.83,6.35,6.62,6.72,6.82,7.26,8.36,7.69,6.61,6.43,6.29,5.97,4.3,2.94,2.03,1.22,0.71,0.3,0.1,0.01,100.0,0.0,100.0,0.0,0.0,0.0,0.0,0.0,0.0,0.0,0.0,0.0,0.0,0.0,0.0,0.0,0.0,0.0,0.0,0.0,0.0,0.0,0.0,0.0,0.0,0.0,0.0,0.0,0.0,0.0,0.0,0.0,0.0,0.0,0.0,0.0,0.0,0.0,0.0,0.0,0.0,0.0,0.0,0.0,0.0,0.0,0.0,0.0,0.0,0.0,0.0,0.0,0.0,0.0,0.0,0.0,0.0,0.0,0.0,0.0,0.0,0.0,0.0,0.0,0.0,0.0,0.0,0.0,0.0,0.0,0.0,0.0,0.0,0.0,0.0,0.0,0.0,0.0,0.0,0.0,0.0,0.0,0.0,0.0,0.0,0.0,0.0,7629.0,1643.0,4599.0,4673.0,597.0,633.0,589.0,614.0,623.0,632.0,673.0,775.0,713.0,613.0,596.0,583.0,554.0,399.0,273.0,188.0,113.0,66.0,28.0,9.0,1.0,9272.0,0.0,9272.0,94.16,94.94,94.47,94.13,98.72,98.77,98.57,97.04,93.8,91.29,76.05,83.75,98.86,94.3,0.0,94.3,0.0,0.0,0.0,0.0,0.0,0.0,0.0,0.0,0.0,0.0,0.0,0.0,0.0,0.0,0.0,0.0,36.0,37.0,36.0,0.0,36.0,93.19,126.93,98.42,0.0,98.42,94.25,70.95,89.66,0.0,89.66,0.0,0.0,0.0,0.0,0.0,0.0,0.0,0.0,0.0,0.0,0.0,0.0,0.0,0.0,0.0
3513306,0.0,0.0,0.0,0.0,0.0,0.0,0.0,0.0,0.0,2108.0,0.0,2108.0,0.0,0.0,0.0,0.0,0.0,0.0,0.0,0.0,0.0,0.0,0.0,0.0,0.0,0.0,0.0,0.0,0.0,0.0,0.0,0.0,0.0,0.0,0.0,0.0,0.0,0.0,0.0,0.0,0.0,0.0,67.27,32.73,48.86,51.14,4.89,5.08,6.21,5.12,5.17,6.55,6.4,6.12,7.97,6.97,6.31,8.59,8.11,5.65,3.98,2.56,2.7,1.04,0.43,0.14,0.0,100.0,0.0,100.0,0.0,0.0,0.0,0.0,0.0,0.0,0.0,0.0,0.0,0.0,0.0,0.0,0.0,0.0,0.0,0.0,0.0,0.0,0.0,0.0,0.0,0.0,0.0,0.0,0.0,0.0,0.0,0.0,0.0,0.0,0.0,0.0,0.0,0.0,0.0,0.0,0.0,0.0,0.0,0.0,0.0,0.0,0.0,0.0,0.0,0.0,0.0,0.0,0.0,0.0,0.0,0.0,0.0,0.0,0.0,0.0,0.0,0.0,0.0,0.0,0.0,0.0,0.0,0.0,0.0,0.0,0.0,0.0,0.0,0.0,0.0,0.0,0.0,0.0,0.0,0.0,0.0,0.0,0.0,0.0,0.0,0.0,0.0,0.0,1418.0,690.0,1030.0,1078.0,103.0,107.0,131.0,108.0,109.0,138.0,135.0,129.0,168.0,147.0,133.0,181.0,171.0,119.0,84.0,54.0,57.0,22.0,9.0,3.0,0.0,2108.0,0.0,2108.0,94.78,94.11,94.94,94.22,99.08,99.63,98.51,99.33,97.14,92.33,73.79,84.2,97.56,94.57,0.0,94.57,0.0,0.0,0.0,0.0,0.0,0.0,0.0,0.0,0.0,0.0,0.0,0.0,0.0,0.0,0.0,0.0,43.0,40.0,42.0,0.0,42.0,91.11,105.36,95.55,0.0,95.55,171.09,121.54,152.2,0.0,152.2,0.0,0.0,0.0,0.0,0.0,0.0,0.0,0.0,0.0,0.0,0.0,0.0,0.0,0.0,0.0
3513405,0.0,0.0,0.0,0.0,0.0,0.0,0.0,0.0,0.0,74961.0,0.0,74961.0,0.0,0.0,0.0,0.0,0.0,0.0,0.0,0.0,0.0,0.0,0.0,0.0,0.0,0.0,0.0,0.0,0.0,0.0,0.0,0.0,0.0,0.0,0.0,0.0,0.0,0.0,0.0,0.0,0.0,0.0,97.57,2.43,48.0,52.0,5.56,6.05,6.44,6.46,6.77,6.73,6.86,7.6,7.93,6.93,6.4,6.7,6.15,4.95,3.59,2.26,1.42,0.76,0.35,0.07,0.01,100.0,0.0,100.0,0.0,0.0,0.0,0.0,0.0,0.0,0.0,0.0,0.0,0.0,0.0,0.0,0.0,0.0,0.0,0.0,0.0,0.0,0.0,0.0,0.0,0.0,0.0,0.0,0.0,0.0,0.0,0.0,0.0,0.0,0.0,0.0,0.0,0.0,0.0,0.0,0.0,0.0,0.0,0.0,0.0,0.0,0.0,0.0,0.0,0.0,0.0,0.0,0.0,0.0,0.0,0.0,0.0,0.0,0.0,0.0,0.0,0.0,0.0,0.0,0.0,0.0,0.0,0.0,0.0,0.0,0.0,0.0,0.0,0.0,0.0,0.0,0.0,0.0,0.0,0.0,0.0,0.0,0.0,0.0,0.0,0.0,0.0,0.0,73138.0,1823.0,35984.0,38977.0,4171.0,4537.0,4827.0,4840.0,5073.0,5047.0,5146.0,5695.0,5942.0,5196.0,4800.0,5021.0,4608.0,3710.0,2694.0,1694.0,1066.0,572.0,262.0,50.0,10.0,74961.0,0.0,74961.0,97.77,96.52,97.81,97.68,98.92,98.99,98.91,98.84,98.35,97.58,90.04,93.63,98.84,97.74,0.0,97.74,0.0,0.0,0.0,0.0,0.0,0.0,0.0,0.0,0.0,0.0,0.0,0.0,0.0,0.0,0.0,0.0,38.0,39.0,38.0,0.0,38.0,91.81,115.48,92.32,0.0,92.32,108.79,92.16,108.36,0.0,108.36,0.0,0.0,0.0,0.0,0.0,0.0,0.0,0.0,0.0,0.0,0.0,0.0,0.0,0.0,0.0
3513504,0.0,0.0,0.0,0.0,0.0,0.0,0.0,0.0,0.0,112476.0,0.0,112476.0,0.0,0.0,0.0,0.0,0.0,0.0,0.0,0.0,0.0,0.0,0.0,0.0,0.0,0.0,0.0,0.0,0.0,0.0,0.0,0.0,0.0,0.0,0.0,0.0,0.0,0.0,0.0,0.0,0.0,0.0,99.88,0.12,48.01,51.99,6.26,7.04,6.95,7.38,7.92,7.48,7.66,7.91,7.94,6.96,6.5,6.0,4.78,3.6,2.44,1.52,0.99,0.41,0.18,0.05,0.01,100.0,0.0,100.0,0.0,0.0,0.0,0.0,0.0,0.0,0.0,0.0,0.0,0.0,0.0,0.0,0.0,0.0,0.0,0.0,0.0,0.0,0.0,0.0,0.0,0.0,0.0,0.0,0.0,0.0,0.0,0.0,0.0,0.0,0.0,0.0,0.0,0.0,0.0,0.0,0.0,0.0,0.0,0.0,0.0,0.0,0.0,0.0,0.0,0.0,0.0,0.0,0.0,0.0,0.0,0.0,0.0,0.0,0.0,0.0,0.0,0.0,0.0,0.0,0.0,0.0,0.0,0.0,0.0,0.0,0.0,0.0,0.0,0.0,0.0,0.0,0.0,0.0,0.0,0.0,0.0,0.0,0.0,0.0,0.0,0.0,0.0,0.0,112336.0,140.0,53995.0,58481.0,7045.0,7914.0,7822.0,8306.0,8911.0,8413.0,8614.0,8898.0,8935.0,7823.0,7307.0,6746.0,5381.0,4046.0,2747.0,1712.0,1119.0,459.0,205.0,61.0,12.0,112476.0,0.0,112476.0,95.45,94.74,95.8,95.14,99.25,99.02,99.0,97.98,95.64,91.82,77.58,83.1,99.04,95.45,0.0,95.45,0.0,0.0,0.0,0.0,0.0,0.0,0.0,0.0,0.0,0.0,0.0,0.0,0.0,0.0,0.0,0.0,34.0,42.0,34.0,0.0,34.0,92.33,94.44,92.33,0.0,92.33,69.04,119.23,69.1,0.0,69.1,0.0,0.0,0.0,0.0,0.0,0.0,0.0,0.0,0.0,0.0,0.0,0.0,0.0,0.0,0.0
3513603,0.0,0.0,0.0,0.0,0.0,0.0,0.0,0.0,0.0,22110.0,0.0,22110.0,0.0,0.0,0.0,0.0,0.0,0.0,0.0,0.0,0.0,0.0,0.0,0.0,0.0,0.0,0.0,0.0,0.0,0.0,0.0,0.0,0.0,0.0,0.0,0.0,0.0,0.0,0.0,0.0,0.0,0.0,59.02,40.98,50.85,49.15,5.57,5.59,5.59,6.3,6.64,6.67,6.86,6.92,7.54,6.98,7.49,7.46,6.32,5.09,3.7,2.54,1.64,0.78,0.27,0.04,0.01,100.0,0.0,100.0,0.0,0.0,0.0,0.0,0.0,0.0,0.0,0.0,0.0,0.0,0.0,0.0,0.0,0.0,0.0,0.0,0.0,0.0,0.0,0.0,0.0,0.0,0.0,0.0,0.0,0.0,0.0,0.0,0.0,0.0,0.0,0.0,0.0,0.0,0.0,0.0,0.0,0.0,0.0,0.0,0.0,0.0,0.0,0.0,0.0,0.0,0.0,0.0,0.0,0.0,0.0,0.0,0.0,0.0,0.0,0.0,0.0,0.0,0.0,0.0,0.0,0.0,0.0,0.0,0.0,0.0,0.0,0.0,0.0,0.0,0.0,0.0,0.0,0.0,0.0,0.0,0.0,0.0,0.0,0.0,0.0,0.0,0.0,0.0,13050.0,9060.0,11242.0,10868.0,1232.0,1235.0,1236.0,1394.0,1469.0,1474.0,1517.0,1529.0,1668.0,1544.0,1655.0,1649.0,1397.0,1125.0,819.0,561.0,363.0,172.0,60.0,9.0,2.0,22110.0,0.0,22110.0,93.99,92.23,92.86,93.67,98.3,98.4,98.66,96.65,94.84,92.74,70.27,78.88,98.95,93.26,0.0,93.26,0.0,0.0,0.0,0.0,0.0,0.0,0.0,0.0,0.0,0.0,0.0,0.0,0.0,0.0,0.0,0.0,37.0,42.0,39.0,0.0,39.0,95.42,116.23,103.44,0.0,103.44,107.54,143.82,121.74,0.0,121.74,0.0,0.0,0.0,0.0,0.0,0.0,0.0,0.0,0.0,0.0,0.0,0.0,0.0,0.0,0.0
3513702,0.0,0.0,0.0,0.0,0.0,0.0,0.0,0.0,0.0,31756.0,0.0,31756.0,0.0,0.0,0.0,0.0,0.0,0.0,0.0,0.0,0.0,0.0,0.0,0.0,0.0,0.0,0.0,0.0,0.0,0.0,0.0,0.0,0.0,0.0,0.0,0.0,0.0,0.0,0.0,0.0,0.0,0.0,90.71,9.29,49.01,50.99,5.08,5.94,5.69,6.0,6.55,6.82,7.4,8.16,7.92,7.1,6.78,6.47,5.88,4.85,3.69,2.48,1.69,0.94,0.48,0.08,0.0,100.0,0.0,100.0,0.0,0.0,0.0,0.0,0.0,0.0,0.0,0.0,0.0,0.0,0.0,0.0,0.0,0.0,0.0,0.0,0.0,0.0,0.0,0.0,0.0,0.0,0.0,0.0,0.0,0.0,0.0,0.0,0.0,0.0,0.0,0.0,0.0,0.0,0.0,0.0,0.0,0.0,0.0,0.0,0.0,0.0,0.0,0.0,0.0,0.0,0.0,0.0,0.0,0.0,0.0,0.0,0.0,0.0,0.0,0.0,0.0,0.0,0.0,0.0,0.0,0.0,0.0,0.0,0.0,0.0,0.0,0.0,0.0,0.0,0.0,0.0,0.0,0.0,0.0,0.0,0.0,0.0,0.0,0.0,0.0,0.0,0.0,0.0,28806.0,2950.0,15565.0,16191.0,1614.0,1886.0,1807.0,1906.0,2080.0,2165.0,2350.0,2591.0,2514.0,2254.0,2154.0,2054.0,1867.0,1539.0,1173.0,787.0,536.0,300.0,152.0,26.0,1.0,31756.0,0.0,31756.0,96.39,94.13,96.46,95.93,98.85,98.83,98.93,98.22,96.12,95.26,86.35,89.77,98.86,96.19,0.0,96.19,0.0,0.0,0.0,0.0,0.0,0.0,0.0,0.0,0.0,0.0,0.0,0.0,0.0,0.0,0.0,0.0,39.0,38.0,39.0,0.0,39.0,94.42,114.55,96.13,0.0,96.13,124.9,83.67,120.24,0.0,120.24,0.0,0.0,0.0,0.0,0.0,0.0,0.0,0.0,0.0,0.0,0.0,0.0,0.0,0.0,0.0
3513801,0.0,0.0,0.0,0.0,0.0,0.0,0.0,0.0,0.0,393237.0,0.0,393237.0,0.0,0.0,0.0,0.0,0.0,0.0,0.0,0.0,0.0,0.0,0.0,0.0,0.0,0.0,0.0,0.0,0.0,0.0,0.0,0.0,0.0,0.0,0.0,0.0,0.0,0.0,0.0,0.0,0.0,0.0,100.0,0.0,47.71,52.29,5.41,6.42,6.4,6.87,7.86,7.71,8.0,8.65,8.63,7.4,6.91,5.81,4.78,3.58,2.58,1.5,0.84,0.43,0.17,0.05,0.01,100.0,0.0,100.0,0.0,0.0,0.0,0.0,0.0,0.0,0.0,0.0,0.0,0.0,0.0,0.0,0.0,0.0,0.0,0.0,0.0,0.0,0.0,0.0,0.0,0.0,0.0,0.0,0.0,0.0,0.0,0.0,0.0,0.0,0.0,0.0,0.0,0.0,0.0,0.0,0.0,0.0,0.0,0.0,0.0,0.0,0.0,0.0,0.0,0.0,0.0,0.0,0.0,0.0,0.0,0.0,0.0,0.0,0.0,0.0,0.0,0.0,0.0,0.0,0.0,0.0,0.0,0.0,0.0,0.0,0.0,0.0,0.0,0.0,0.0,0.0,0.0,0.0,0.0,0.0,0.0,0.0,0.0,0.0,0.0,0.0,0.0,0.0,393237.0,0.0,187627.0,205610.0,21257.0,25229.0,25151.0,27032.0,30924.0,30323.0,31441.0,34016.0,33926.0,29112.0,27180.0,22836.0,18812.0,14091.0,10137.0,5917.0,3285.0,1672.0,670.0,190.0,36.0,393237.0,0.0,393237.0,96.78,0.0,97.17,96.42,99.18,99.23,99.07,98.94,97.35,94.59,79.37,86.25,99.26,96.78,0.0,96.78,0.0,0.0,0.0,0.0,0.0,0.0,0.0,0.0,0.0,0.0,0.0,0.0,0.0,0.0,0.0,0.0,35.0,0.0,35.0,0.0,35.0,91.25,0.0,91.25,0.0,91.25,76.51,0.0,76.51,0.0,76.51,0.0,0.0,0.0,0.0,0.0,0.0,0.0,0.0,0.0,0.0,0.0,0.0,0.0,0.0,0.0
3513850,0.0,0.0,0.0,0.0,0.0,0.0,0.0,0.0,0.0,1620.0,0.0,1620.0,0.0,0.0,0.0,0.0,0.0,0.0,0.0,0.0,0.0,0.0,0.0,0.0,0.0,0.0,0.0,0.0,0.0,0.0,0.0,0.0,0.0,0.0,0.0,0.0,0.0,0.0,0.0,0.0,0.0,0.0,81.48,18.52,51.11,48.89,4.81,5.12,5.56,6.23,5.0,5.49,5.86,6.85,7.28,7.47,7.84,7.9,6.3,6.05,4.51,3.4,2.47,1.3,0.43,0.12,0.0,100.0,0.0,100.0,0.0,0.0,0.0,0.0,0.0,0.0,0.0,0.0,0.0,0.0,0.0,0.0,0.0,0.0,0.0,0.0,0.0,0.0,0.0,0.0,0.0,0.0,0.0,0.0,0.0,0.0,0.0,0.0,0.0,0.0,0.0,0.0,0.0,0.0,0.0,0.0,0.0,0.0,0.0,0.0,0.0,0.0,0.0,0.0,0.0,0.0,0.0,0.0,0.0,0.0,0.0,0.0,0.0,0.0,0.0,0.0,0.0,0.0,0.0,0.0,0.0,0.0,0.0,0.0,0.0,0.0,0.0,0.0,0.0,0.0,0.0,0.0,0.0,0.0,0.0,0.0,0.0,0.0,0.0,0.0,0.0,0.0,0.0,0.0,1320.0,300.0,828.0,792.0,78.0,83.0,90.0,101.0,81.0,89.0,95.0,111.0,118.0,121.0,127.0,128.0,102.0,98.0,73.0,55.0,40.0,21.0,7.0,2.0,0.0,1620.0,0.0,1620.0,91.07,89.3,91.04,90.4,100.0,97.83,97.06,97.82,96.37,90.43,65.6,71.28,100.0,90.72,0.0,90.72,0.0,0.0,0.0,0.0,0.0,0.0,0.0,0.0,0.0,0.0,0.0,0.0,0.0,0.0,0.0,0.0,42.0,48.0,43.0,0.0,43.0,98.2,138.1,104.55,0.0,104.55,144.14,268.97,158.57,0.0,158.57,0.0,0.0,0.0,0.0,0.0,0.0,0.0,0.0,0.0,0.0,0.0,0.0,0.0,0.0,0.0
3513900,0.0,0.0,0.0,0.0,0.0,0.0,0.0,0.0,0.0,11158.0,0.0,11158.0,0.0,0.0,0.0,0.0,0.0,0.0,0.0,0.0,0.0,0.0,0.0,0.0,0.0,0.0,0.0,0.0,0.0,0.0,0.0,0.0,0.0,0.0,0.0,0.0,0.0,0.0,0.0,0.0,0.0,0.0,68.74,31.26,49.51,50.49,5.14,4.97,5.0,5.38,6.4,6.38,7.05,7.75,8.03,6.72,7.53,6.63,6.7,6.38,4.5,2.78,1.51,0.8,0.31,0.04,0.0,100.0,0.0,100.0,0.0,0.0,0.0,0.0,0.0,0.0,0.0,0.0,0.0,0.0,0.0,0.0,0.0,0.0,0.0,0.0,0.0,0.0,0.0,0.0,0.0,0.0,0.0,0.0,0.0,0.0,0.0,0.0,0.0,0.0,0.0,0.0,0.0,0.0,0.0,0.0,0.0,0.0,0.0,0.0,0.0,0.0,0.0,0.0,0.0,0.0,0.0,0.0,0.0,0.0,0.0,0.0,0.0,0.0,0.0,0.0,0.0,0.0,0.0,0.0,0.0,0.0,0.0,0.0,0.0,0.0,0.0,0.0,0.0,0.0,0.0,0.0,0.0,0.0,0.0,0.0,0.0,0.0,0.0,0.0,0.0,0.0,0.0,0.0,7670.0,3488.0,5524.0,5634.0,574.0,554.0,558.0,600.0,714.0,712.0,787.0,865.0,896.0,750.0,840.0,740.0,748.0,712.0,502.0,310.0,168.0,89.0,35.0,4.0,0.0,11158.0,0.0,11158.0,94.26,96.85,94.94,95.17,98.6,98.0,98.91,95.8,95.79,94.62,85.15,88.96,99.15,95.06,0.0,95.06,0.0,0.0,0.0,0.0,0.0,0.0,0.0,0.0,0.0,0.0,0.0,0.0,0.0,0.0,0.0,0.0,40.0,41.0,41.0,0.0,41.0,91.89,113.07,98.05,0.0,98.05,156.95,143.09,152.31,0.0,152.31,0.0,0.0,0.0,0.0,0.0,0.0,0.0,0.0,0.0,0.0,0.0,0.0,0.0,0.0,0.0
3514007,0.0,0.0,0.0,0.0,0.0,0.0,0.0,0.0,0.0,8759.0,0.0,8759.0,0.0,0.0,0.0,0.0,0.0,0.0,0.0,0.0,0.0,0.0,0.0,0.0,0.0,0.0,0.0,0.0,0.0,0.0,0.0,0.0,0.0,0.0,0.0,0.0,0.0,0.0,0.0,0.0,0.0,0.0,97.68,2.32,49.71,50.29,5.96,6.98,7.57,6.87,7.62,8.14,8.63,9.35,8.39,6.05,5.8,5.26,4.16,3.48,2.48,1.61,1.04,0.42,0.15,0.03,0.01,100.0,0.0,100.0,0.0,0.0,0.0,0.0,0.0,0.0,0.0,0.0,0.0,0.0,0.0,0.0,0.0,0.0,0.0,0.0,0.0,0.0,0.0,0.0,0.0,0.0,0.0,0.0,0.0,0.0,0.0,0.0,0.0,0.0,0.0,0.0,0.0,0.0,0.0,0.0,0.0,0.0,0.0,0.0,0.0,0.0,0.0,0.0,0.0,0.0,0.0,0.0,0.0,0.0,0.0,0.0,0.0,0.0,0.0,0.0,0.0,0.0,0.0,0.0,0.0,0.0,0.0,0.0,0.0,0.0,0.0,0.0,0.0,0.0,0.0,0.0,0.0,0.0,0.0,0.0,0.0,0.0,0.0,0.0,0.0,0.0,0.0,0.0,8556.0,203.0,4354.0,4405.0,522.0,611.0,663.0,602.0,667.0,713.0,756.0,819.0,735.0,530.0,508.0,461.0,364.0,305.0,217.0,141.0,91.0,37.0,13.0,3.0,1.0,8759.0,0.0,8759.0,90.81,88.75,90.62,90.91,98.95,97.89,98.56,94.14,88.73,82.79,60.84,69.43,98.82,90.77,0.0,90.77,0.0,0.0,0.0,0.0,0.0,0.0,0.0,0.0,0.0,0.0,0.0,0.0,0.0,0.0,0.0,0.0,33.0,37.0,33.0,0.0,33.0,98.75,103.0,98.84,0.0,98.84,65.03,74.42,65.26,0.0,65.26,0.0,0.0,0.0,0.0,0.0,0.0,0.0,0.0,0.0,0.0,0.0,0.0,0.0,0.0,0.0
3514106,0.0,0.0,0.0,0.0,0.0,0.0,0.0,0.0,0.0,24510.0,0.0,24510.0,0.0,0.0,0.0,0.0,0.0,0.0,0.0,0.0,0.0,0.0,0.0,0.0,0.0,0.0,0.0,0.0,0.0,0.0,0.0,0.0,0.0,0.0,0.0,0.0,0.0,0.0,0.0,0.0,0.0,0.0,96.0,4.0,49.29,50.71,5.96,6.41,6.94,6.71,6.45,6.53,7.27,8.04,7.67,7.03,6.36,5.99,5.51,4.65,3.27,2.33,1.5,0.92,0.38,0.09,0.01,100.0,0.0,100.0,0.0,0.0,0.0,0.0,0.0,0.0,0.0,0.0,0.0,0.0,0.0,0.0,0.0,0.0,0.0,0.0,0.0,0.0,0.0,0.0,0.0,0.0,0.0,0.0,0.0,0.0,0.0,0.0,0.0,0.0,0.0,0.0,0.0,0.0,0.0,0.0,0.0,0.0,0.0,0.0,0.0,0.0,0.0,0.0,0.0,0.0,0.0,0.0,0.0,0.0,0.0,0.0,0.0,0.0,0.0,0.0,0.0,0.0,0.0,0.0,0.0,0.0,0.0,0.0,0.0,0.0,0.0,0.0,0.0,0.0,0.0,0.0,0.0,0.0,0.0,0.0,0.0,0.0,0.0,0.0,0.0,0.0,0.0,0.0,23529.0,981.0,12080.0,12430.0,1461.0,1572.0,1701.0,1644.0,1581.0,1601.0,1781.0,1970.0,1880.0,1723.0,1559.0,1467.0,1350.0,1139.0,801.0,572.0,368.0,225.0,92.0,21.0,2.0,24510.0,0.0,24510.0,94.23,93.3,93.9,94.46,98.73,97.93,98.49,95.3,93.57,92.23,82.5,86.8,98.8,94.19,0.0,94.19,0.0,0.0,0.0,0.0,0.0,0.0,0.0,0.0,0.0,0.0,0.0,0.0,0.0,0.0,0.0,0.0,37.0,41.0,37.0,0.0,37.0,96.14,126.04,97.18,0.0,97.18,94.98,137.14,96.54,0.0,96.54,0.0,0.0,0.0,0.0,0.0,0.0,0.0,0.0,0.0,0.0,0.0,0.0,0.0,0.0,0.0
3514205,0.0,0.0,0.0,0.0,0.0,0.0,0.0,0.0,0.0,2207.0,0.0,2207.0,0.0,0.0,0.0,0.0,0.0,0.0,0.0,0.0,0.0,0.0,0.0,0.0,0.0,0.0,0.0,0.0,0.0,0.0,0.0,0.0,0.0,0.0,0.0,0.0,0.0,0.0,0.0,0.0,0.0,0.0,89.44,10.56,50.25,49.75,4.49,5.62,5.39,7.02,5.07,7.34,6.52,6.16,6.8,7.43,7.39,7.16,8.02,4.8,3.67,3.26,2.76,0.77,0.23,0.05,0.05,100.0,0.0,100.0,0.0,0.0,0.0,0.0,0.0,0.0,0.0,0.0,0.0,0.0,0.0,0.0,0.0,0.0,0.0,0.0,0.0,0.0,0.0,0.0,0.0,0.0,0.0,0.0,0.0,0.0,0.0,0.0,0.0,0.0,0.0,0.0,0.0,0.0,0.0,0.0,0.0,0.0,0.0,0.0,0.0,0.0,0.0,0.0,0.0,0.0,0.0,0.0,0.0,0.0,0.0,0.0,0.0,0.0,0.0,0.0,0.0,0.0,0.0,0.0,0.0,0.0,0.0,0.0,0.0,0.0,0.0,0.0,0.0,0.0,0.0,0.0,0.0,0.0,0.0,0.0,0.0,0.0,0.0,0.0,0.0,0.0,0.0,0.0,1974.0,233.0,1109.0,1098.0,99.0,124.0,119.0,155.0,112.0,162.0,144.0,136.0,150.0,164.0,163.0,158.0,177.0,106.0,81.0,72.0,61.0,17.0,5.0,1.0,1.0,2207.0,0.0,2207.0,92.03,95.92,93.06,91.81,99.11,96.08,98.95,97.55,94.19,94.33,68.79,76.16,100.0,92.44,0.0,92.44,0.0,0.0,0.0,0.0,0.0,0.0,0.0,0.0,0.0,0.0,0.0,0.0,0.0,0.0,0.0,0.0,41.0,45.0,41.0,0.0,41.0,96.61,147.87,101.0,0.0,101.0,152.46,151.35,152.34,0.0,152.34,0.0,0.0,0.0,0.0,0.0,0.0,0.0,0.0,0.0,0.0,0.0,0.0,0.0,0.0,0.0
3514304,0.0,0.0,0.0,0.0,0.0,0.0,0.0,0.0,0.0,8096.0,0.0,8096.0,0.0,0.0,0.0,0.0,0.0,0.0,0.0,0.0,0.0,0.0,0.0,0.0,0.0,0.0,0.0,0.0,0.0,0.0,0.0,0.0,0.0,0.0,0.0,0.0,0.0,0.0,0.0,0.0,0.0,0.0,93.9,6.1,49.37,50.63,4.47,5.39,5.36,6.03,6.48,6.76,6.83,7.79,7.97,7.16,6.95,6.94,6.53,5.34,4.06,2.79,1.64,0.93,0.47,0.07,0.02,100.0,0.0,100.0,0.0,0.0,0.0,0.0,0.0,0.0,0.0,0.0,0.0,0.0,0.0,0.0,0.0,0.0,0.0,0.0,0.0,0.0,0.0,0.0,0.0,0.0,0.0,0.0,0.0,0.0,0.0,0.0,0.0,0.0,0.0,0.0,0.0,0.0,0.0,0.0,0.0,0.0,0.0,0.0,0.0,0.0,0.0,0.0,0.0,0.0,0.0,0.0,0.0,0.0,0.0,0.0,0.0,0.0,0.0,0.0,0.0,0.0,0.0,0.0,0.0,0.0,0.0,0.0,0.0,0.0,0.0,0.0,0.0,0.0,0.0,0.0,0.0,0.0,0.0,0.0,0.0,0.0,0.0,0.0,0.0,0.0,0.0,0.0,7602.0,494.0,3997.0,4099.0,362.0,436.0,434.0,488.0,525.0,547.0,553.0,631.0,645.0,580.0,563.0,562.0,529.0,432.0,329.0,226.0,133.0,75.0,38.0,6.0,2.0,8096.0,0.0,8096.0,95.09,95.84,95.77,94.52,99.05,99.27,98.27,97.49,95.45,94.78,78.96,85.98,99.5,95.13,0.0,95.13,0.0,0.0,0.0,0.0,0.0,0.0,0.0,0.0,0.0,0.0,0.0,0.0,0.0,0.0,0.0,0.0,40.0,42.0,40.0,0.0,40.0,96.38,116.67,97.51,0.0,97.51,145.86,114.12,143.67,0.0,143.67,0.0,0.0,0.0,0.0,0.0,0.0,0.0,0.0,0.0,0.0,0.0,0.0,0.0,0.0,0.0
3514403,0.0,0.0,0.0,0.0,0.0,0.0,0.0,0.0,0.0,45474.0,0.0,45474.0,0.0,0.0,0.0,0.0,0.0,0.0,0.0,0.0,0.0,0.0,0.0,0.0,0.0,0.0,0.0,0.0,0.0,0.0,0.0,0.0,0.0,0.0,0.0,0.0,0.0,0.0,0.0,0.0,0.0,0.0,92.5,7.5,49.01,50.99,4.97,5.37,5.37,5.46,6.28,7.02,7.35,7.69,7.96,6.93,6.86,6.72,6.43,5.34,3.89,2.79,1.9,1.16,0.38,0.11,0.01,100.0,0.0,100.0,0.0,0.0,0.0,0.0,0.0,0.0,0.0,0.0,0.0,0.0,0.0,0.0,0.0,0.0,0.0,0.0,0.0,0.0,0.0,0.0,0.0,0.0,0.0,0.0,0.0,0.0,0.0,0.0,0.0,0.0,0.0,0.0,0.0,0.0,0.0,0.0,0.0,0.0,0.0,0.0,0.0,0.0,0.0,0.0,0.0,0.0,0.0,0.0,0.0,0.0,0.0,0.0,0.0,0.0,0.0,0.0,0.0,0.0,0.0,0.0,0.0,0.0,0.0,0.0,0.0,0.0,0.0,0.0,0.0,0.0,0.0,0.0,0.0,0.0,0.0,0.0,0.0,0.0,0.0,0.0,0.0,0.0,0.0,0.0,42064.0,3410.0,22287.0,23187.0,2260.0,2441.0,2440.0,2485.0,2858.0,3192.0,3343.0,3496.0,3618.0,3153.0,3121.0,3055.0,2926.0,2427.0,1770.0,1269.0,863.0,528.0,174.0,51.0,4.0,45474.0,0.0,45474.0,96.61,95.56,97.11,95.98,99.23,99.01,98.93,98.72,97.82,96.46,82.87,89.06,98.69,96.53,0.0,96.53,0.0,0.0,0.0,0.0,0.0,0.0,0.0,0.0,0.0,0.0,0.0,0.0,0.0,0.0,0.0,0.0,40.0,37.0,40.0,0.0,40.0,90.82,198.34,96.12,0.0,96.12,137.74,188.95,140.2,0.0,140.2,0.0,0.0,0.0,0.0,0.0,0.0,0.0,0.0,0.0,0.0,0.0,0.0,0.0,0.0,0.0
3514502,0.0,0.0,0.0,0.0,0.0,0.0,0.0,0.0,0.0,12328.0,0.0,12328.0,0.0,0.0,0.0,0.0,0.0,0.0,0.0,0.0,0.0,0.0,0.0,0.0,0.0,0.0,0.0,0.0,0.0,0.0,0.0,0.0,0.0,0.0,0.0,0.0,0.0,0.0,0.0,0.0,0.0,0.0,90.1,9.9,48.84,51.16,5.08,5.43,5.48,5.78,6.18,6.44,6.75,6.95,7.39,7.11,7.02,7.2,6.46,5.65,4.31,3.17,2.09,1.0,0.35,0.13,0.02,100.0,0.0,100.0,0.0,0.0,0.0,0.0,0.0,0.0,0.0,0.0,0.0,0.0,0.0,0.0,0.0,0.0,0.0,0.0,0.0,0.0,0.0,0.0,0.0,0.0,0.0,0.0,0.0,0.0,0.0,0.0,0.0,0.0,0.0,0.0,0.0,0.0,0.0,0.0,0.0,0.0,0.0,0.0,0.0,0.0,0.0,0.0,0.0,0.0,0.0,0.0,0.0,0.0,0.0,0.0,0.0,0.0,0.0,0.0,0.0,0.0,0.0,0.0,0.0,0.0,0.0,0.0,0.0,0.0,0.0,0.0,0.0,0.0,0.0,0.0,0.0,0.0,0.0,0.0,0.0,0.0,0.0,0.0,0.0,0.0,0.0,0.0,11108.0,1220.0,6021.0,6307.0,626.0,669.0,676.0,713.0,762.0,794.0,832.0,857.0,911.0,877.0,865.0,888.0,797.0,696.0,531.0,391.0,258.0,123.0,43.0,16.0,3.0,12328.0,0.0,12328.0,96.0,93.25,96.06,95.42,99.61,98.83,99.32,97.85,96.73,94.36,85.73,89.08,99.27,95.73,0.0,95.73,0.0,0.0,0.0,0.0,0.0,0.0,0.0,0.0,0.0,0.0,0.0,0.0,0.0,0.0,0.0,0.0,41.0,43.0,41.0,0.0,41.0,93.55,114.79,95.47,0.0,95.47,144.68,147.64,145.0,0.0,145.0,0.0,0.0,0.0,0.0,0.0,0.0,0.0,0.0,0.0,0.0,0.0,0.0,0.0,0.0,0.0
3514601,0.0,0.0,0.0,0.0,0.0,0.0,0.0,0.0,0.0,9471.0,0.0,9471.0,0.0,0.0,0.0,0.0,0.0,0.0,0.0,0.0,0.0,0.0,0.0,0.0,0.0,0.0,0.0,0.0,0.0,0.0,0.0,0.0,0.0,0.0,0.0,0.0,0.0,0.0,0.0,0.0,0.0,0.0,97.69,2.31,49.73,50.27,6.01,5.89,5.97,7.08,8.83,7.71,8.06,9.33,7.98,6.81,5.78,5.56,4.75,3.87,2.76,1.69,0.99,0.61,0.26,0.04,0.01,100.0,0.0,100.0,0.0,0.0,0.0,0.0,0.0,0.0,0.0,0.0,0.0,0.0,0.0,0.0,0.0,0.0,0.0,0.0,0.0,0.0,0.0,0.0,0.0,0.0,0.0,0.0,0.0,0.0,0.0,0.0,0.0,0.0,0.0,0.0,0.0,0.0,0.0,0.0,0.0,0.0,0.0,0.0,0.0,0.0,0.0,0.0,0.0,0.0,0.0,0.0,0.0,0.0,0.0,0.0,0.0,0.0,0.0,0.0,0.0,0.0,0.0,0.0,0.0,0.0,0.0,0.0,0.0,0.0,0.0,0.0,0.0,0.0,0.0,0.0,0.0,0.0,0.0,0.0,0.0,0.0,0.0,0.0,0.0,0.0,0.0,0.0,9252.0,219.0,4710.0,4761.0,569.0,558.0,565.0,671.0,836.0,730.0,763.0,884.0,756.0,645.0,547.0,527.0,450.0,367.0,261.0,160.0,94.0,58.0,25.0,4.0,1.0,9471.0,0.0,9471.0,96.03,97.88,96.39,95.79,99.28,98.86,99.76,97.93,96.9,93.45,77.49,85.05,99.6,96.08,0.0,96.08,0.0,0.0,0.0,0.0,0.0,0.0,0.0,0.0,0.0,0.0,0.0,0.0,0.0,0.0,0.0,0.0,35.0,41.0,35.0,0.0,35.0,98.63,112.62,98.93,0.0,98.93,81.95,193.33,83.92,0.0,83.92,0.0,0.0,0.0,0.0,0.0,0.0,0.0,0.0,0.0,0.0,0.0,0.0,0.0,0.0,0.0
3514700,0.0,0.0,0.0,0.0,0.0,0.0,0.0,0.0,0.0,6205.0,0.0,6205.0,0.0,0.0,0.0,0.0,0.0,0.0,0.0,0.0,0.0,0.0,0.0,0.0,0.0,0.0,0.0,0.0,0.0,0.0,0.0,0.0,0.0,0.0,0.0,0.0,0.0,0.0,0.0,0.0,0.0,0.0,84.25,15.75,49.23,50.77,6.56,6.3,6.33,5.9,6.87,7.17,6.9,7.06,6.38,6.67,6.78,6.83,5.98,4.67,3.93,2.48,1.61,1.11,0.31,0.15,0.0,100.0,0.0,100.0,0.0,0.0,0.0,0.0,0.0,0.0,0.0,0.0,0.0,0.0,0.0,0.0,0.0,0.0,0.0,0.0,0.0,0.0,0.0,0.0,0.0,0.0,0.0,0.0,0.0,0.0,0.0,0.0,0.0,0.0,0.0,0.0,0.0,0.0,0.0,0.0,0.0,0.0,0.0,0.0,0.0,0.0,0.0,0.0,0.0,0.0,0.0,0.0,0.0,0.0,0.0,0.0,0.0,0.0,0.0,0.0,0.0,0.0,0.0,0.0,0.0,0.0,0.0,0.0,0.0,0.0,0.0,0.0,0.0,0.0,0.0,0.0,0.0,0.0,0.0,0.0,0.0,0.0,0.0,0.0,0.0,0.0,0.0,0.0,5228.0,977.0,3055.0,3150.0,407.0,391.0,393.0,366.0,426.0,445.0,428.0,438.0,396.0,414.0,421.0,424.0,371.0,290.0,244.0,154.0,100.0,69.0,19.0,9.0,0.0,6205.0,0.0,6205.0,94.35,96.61,94.63,94.75,99.77,98.97,99.09,97.48,96.17,94.34,73.5,82.82,97.28,94.69,0.0,94.69,0.0,0.0,0.0,0.0,0.0,0.0,0.0,0.0,0.0,0.0,0.0,0.0,0.0,0.0,0.0,0.0,37.0,37.0,37.0,0.0,37.0,94.78,109.66,96.98,0.0,96.98,110.61,81.52,105.46,0.0,105.46,0.0,0.0,0.0,0.0,0.0,0.0,0.0,0.0,0.0,0.0,0.0,0.0,0.0,0.0,0.0
3514809,100.0,61.87,38.13,2245.0,1389.0,856.0,17.18,85.27,7.48,13069.0,1629.0,11440.0,100.0,54.02,45.98,100.0,52.89,47.11,100.0,61.88,38.13,870.0,470.0,400.0,2715.0,1436.0,1279.0,2240.0,1386.0,854.0,3.12,3.06,3.2,2.57,2.95,2.14,18.92,86.56,9.86,82.5,96.52,66.77,52.58,47.42,50.13,49.87,7.22,7.66,7.69,7.81,6.74,6.76,6.45,6.68,7.54,6.23,6.34,5.52,4.77,4.18,3.15,2.38,1.6,0.78,0.36,0.11,0.03,100.0,12.46,87.54,22.23,77.77,49.67,50.33,7.39,7.62,8.42,8.46,7.44,6.9,6.5,6.73,7.57,6.55,5.43,4.99,4.54,3.83,2.41,2.36,1.6,0.76,0.45,0.04,0.0,100.0,61.87,38.13,499.0,1746.0,1115.0,1130.0,166.0,171.0,189.0,190.0,167.0,155.0,146.0,151.0,170.0,147.0,122.0,112.0,102.0,86.0,54.0,53.0,36.0,17.0,10.0,1.0,0.0,2245.0,1389.0,856.0,7.26,28.17,17.02,17.34,17.58,17.08,18.81,18.61,18.96,17.55,17.32,17.3,17.26,18.06,14.72,15.53,16.35,15.75,13.11,17.04,17.22,16.67,21.28,7.14,0.0,17.18,85.27,7.48,6872.0,6197.0,6551.0,6518.0,944.0,1001.0,1005.0,1021.0,881.0,883.0,843.0,873.0,985.0,814.0,829.0,721.0,624.0,546.0,412.0,311.0,209.0,102.0,47.0,14.0,4.0,13069.0,1629.0,11440.0,95.06,89.3,92.6,92.17,98.07,97.57,98.77,96.5,94.22,90.11,67.83,75.26,98.91,92.38,88.9,92.86,94.4,88.69,92.37,87.73,98.2,97.34,98.44,95.02,93.68,87.85,52.14,61.09,100.0,89.99,88.34,92.51,35.0,33.0,34.0,32.0,34.0,91.53,111.5,100.51,111.56,99.03,82.16,71.83,76.92,69.31,78.12,34.0,32.0,32.0,32.0,33.0,75.09,106.63,98.67,110.14,82.52,75.47,66.43,68.25,66.67,71.43
3514908,0.0,0.0,0.0,0.0,0.0,0.0,0.0,0.0,0.0,17699.0,0.0,17699.0,0.0,0.0,0.0,0.0,0.0,0.0,0.0,0.0,0.0,0.0,0.0,0.0,0.0,0.0,0.0,0.0,0.0,0.0,0.0,0.0,0.0,0.0,0.0,0.0,0.0,0.0,0.0,0.0,0.0,0.0,86.92,13.08,50.17,49.83,6.34,6.83,6.63,6.99,7.58,7.67,7.62,7.62,7.78,6.92,6.47,5.92,5.39,3.95,2.76,1.66,1.09,0.51,0.22,0.07,0.0,100.0,0.0,100.0,0.0,0.0,0.0,0.0,0.0,0.0,0.0,0.0,0.0,0.0,0.0,0.0,0.0,0.0,0.0,0.0,0.0,0.0,0.0,0.0,0.0,0.0,0.0,0.0,0.0,0.0,0.0,0.0,0.0,0.0,0.0,0.0,0.0,0.0,0.0,0.0,0.0,0.0,0.0,0.0,0.0,0.0,0.0,0.0,0.0,0.0,0.0,0.0,0.0,0.0,0.0,0.0,0.0,0.0,0.0,0.0,0.0,0.0,0.0,0.0,0.0,0.0,0.0,0.0,0.0,0.0,0.0,0.0,0.0,0.0,0.0,0.0,0.0,0.0,0.0,0.0,0.0,0.0,0.0,0.0,0.0,0.0,0.0,0.0,15384.0,2315.0,8880.0,8819.0,1122.0,1209.0,1174.0,1237.0,1342.0,1357.0,1348.0,1348.0,1377.0,1224.0,1145.0,1047.0,954.0,699.0,488.0,293.0,193.0,90.0,39.0,13.0,0.0,17699.0,0.0,17699.0,94.73,94.21,95.08,94.25,99.25,98.82,98.94,97.61,94.85,90.7,74.04,82.15,97.92,94.67,0.0,94.67,0.0,0.0,0.0,0.0,0.0,0.0,0.0,0.0,0.0,0.0,0.0,0.0,0.0,0.0,0.0,0.0,35.0,35.0,35.0,0.0,35.0,99.74,107.25,100.69,0.0,100.69,79.6,75.58,79.0,0.0,79.0,0.0,0.0,0.0,0.0,0.0,0.0,0.0,0.0,0.0,0.0,0.0,0.0,0.0,0.0,0.0
3514924,0.0,0.0,0.0,0.0,0.0,0.0,0.0,0.0,0.0,3138.0,0.0,3138.0,0.0,0.0,0.0,0.0,0.0,0.0,0.0,0.0,0.0,0.0,0.0,0.0,0.0,0.0,0.0,0.0,0.0,0.0,0.0,0.0,0.0,0.0,0.0,0.0,0.0,0.0,0.0,0.0,0.0,0.0,93.34,6.66,50.7,49.3,4.62,6.82,5.96,5.8,5.45,7.36,7.33,7.81,8.19,7.68,7.04,6.44,5.29,5.29,3.57,2.49,1.53,1.02,0.29,0.03,0.0,100.0,0.0,100.0,0.0,0.0,0.0,0.0,0.0,0.0,0.0,0.0,0.0,0.0,0.0,0.0,0.0,0.0,0.0,0.0,0.0,0.0,0.0,0.0,0.0,0.0,0.0,0.0,0.0,0.0,0.0,0.0,0.0,0.0,0.0,0.0,0.0,0.0,0.0,0.0,0.0,0.0,0.0,0.0,0.0,0.0,0.0,0.0,0.0,0.0,0.0,0.0,0.0,0.0,0.0,0.0,0.0,0.0,0.0,0.0,0.0,0.0,0.0,0.0,0.0,0.0,0.0,0.0,0.0,0.0,0.0,0.0,0.0,0.0,0.0,0.0,0.0,0.0,0.0,0.0,0.0,0.0,0.0,0.0,0.0,0.0,0.0,0.0,2929.0,209.0,1591.0,1547.0,145.0,214.0,187.0,182.0,171.0,231.0,230.0,245.0,257.0,241.0,221.0,202.0,166.0,166.0,112.0,78.0,48.0,32.0,9.0,1.0,0.0,3138.0,0.0,3138.0,93.44,97.04,94.39,92.93,99.42,98.92,98.4,98.21,95.02,92.66,69.05,78.92,94.74,93.67,0.0,93.67,0.0,0.0,0.0,0.0,0.0,0.0,0.0,0.0,0.0,0.0,0.0,0.0,0.0,0.0,0.0,0.0,39.0,40.0,39.0,0.0,39.0,101.86,117.71,102.84,0.0,102.84,113.83,90.0,112.09,0.0,112.09,0.0,0.0,0.0,0.0,0.0,0.0,0.0,0.0,0.0,0.0,0.0,0.0,0.0,0.0,0.0
3514957,0.0,0.0,0.0,0.0,0.0,0.0,0.0,0.0,0.0,2323.0,0.0,2323.0,0.0,0.0,0.0,0.0,0.0,0.0,0.0,0.0,0.0,0.0,0.0,0.0,0.0,0.0,0.0,0.0,0.0,0.0,0.0,0.0,0.0,0.0,0.0,0.0,0.0,0.0,0.0,0.0,0.0,0.0,88.29,11.71,51.27,48.73,4.65,5.29,6.63,6.16,4.78,5.6,6.93,8.22,7.71,6.8,6.93,7.58,7.02,5.55,4.18,2.45,1.89,0.95,0.65,0.04,0.0,100.0,0.0,100.0,0.0,0.0,0.0,0.0,0.0,0.0,0.0,0.0,0.0,0.0,0.0,0.0,0.0,0.0,0.0,0.0,0.0,0.0,0.0,0.0,0.0,0.0,0.0,0.0,0.0,0.0,0.0,0.0,0.0,0.0,0.0,0.0,0.0,0.0,0.0,0.0,0.0,0.0,0.0,0.0,0.0,0.0,0.0,0.0,0.0,0.0,0.0,0.0,0.0,0.0,0.0,0.0,0.0,0.0,0.0,0.0,0.0,0.0,0.0,0.0,0.0,0.0,0.0,0.0,0.0,0.0,0.0,0.0,0.0,0.0,0.0,0.0,0.0,0.0,0.0,0.0,0.0,0.0,0.0,0.0,0.0,0.0,0.0,0.0,2051.0,272.0,1191.0,1132.0,108.0,123.0,154.0,143.0,111.0,130.0,161.0,191.0,179.0,158.0,161.0,176.0,163.0,129.0,97.0,57.0,44.0,22.0,15.0,1.0,0.0,2323.0,0.0,2323.0,93.55,95.71,94.24,93.37,100.0,98.97,98.8,97.84,94.67,92.04,72.66,82.74,98.33,93.81,0.0,93.81,0.0,0.0,0.0,0.0,0.0,0.0,0.0,0.0,0.0,0.0,0.0,0.0,0.0,0.0,0.0,0.0,40.0,47.0,40.0,0.0,40.0,103.07,122.95,105.21,0.0,105.21,130.64,194.87,137.14,0.0,137.14,0.0,0.0,0.0,0.0,0.0,0.0,0.0,0.0,0.0,0.0,0.0,0.0,0.0,0.0,0.0
3515004,0.0,0.0,0.0,0.0,0.0,0.0,0.0,0.0,0.0,250691.0,0.0,250691.0,0.0,0.0,0.0,0.0,0.0,0.0,0.0,0.0,0.0,0.0,0.0,0.0,0.0,0.0,0.0,0.0,0.0,0.0,0.0,0.0,0.0,0.0,0.0,0.0,0.0,0.0,0.0,0.0,0.0,0.0,99.41,0.59,48.12,51.88,6.28,7.4,7.2,7.47,8.18,7.91,7.77,8.45,8.45,7.01,6.22,5.11,4.31,3.37,2.36,1.33,0.71,0.3,0.13,0.04,0.0,100.0,0.0,100.0,0.0,0.0,0.0,0.0,0.0,0.0,0.0,0.0,0.0,0.0,0.0,0.0,0.0,0.0,0.0,0.0,0.0,0.0,0.0,0.0,0.0,0.0,0.0,0.0,0.0,0.0,0.0,0.0,0.0,0.0,0.0,0.0,0.0,0.0,0.0,0.0,0.0,0.0,0.0,0.0,0.0,0.0,0.0,0.0,0.0,0.0,0.0,0.0,0.0,0.0,0.0,0.0,0.0,0.0,0.0,0.0,0.0,0.0,0.0,0.0,0.0,0.0,0.0,0.0,0.0,0.0,0.0,0.0,0.0,0.0,0.0,0.0,0.0,0.0,0.0,0.0,0.0,0.0,0.0,0.0,0.0,0.0,0.0,0.0,249223.0,1468.0,120630.0,130061.0,15755.0,18540.0,18047.0,18738.0,20513.0,19823.0,19480.0,21187.0,21179.0,17574.0,15589.0,12809.0,10802.0,8443.0,5927.0,3334.0,1770.0,758.0,318.0,94.0,11.0,250691.0,0.0,250691.0,95.75,96.51,96.09,95.45,98.82,98.92,98.78,98.27,96.07,92.15,75.18,82.29,99.05,95.75,0.0,95.75,0.0,0.0,0.0,0.0,0.0,0.0,0.0,0.0,0.0,0.0,0.0,0.0,0.0,0.0,0.0,0.0,33.0,39.0,33.0,0.0,33.0,92.72,98.11,92.75,0.0,92.75,59.8,117.67,60.1,0.0,60.1,0.0,0.0,0.0,0.0,0.0,0.0,0.0,0.0,0.0,0.0,0.0,0.0,0.0,0.0,0.0
3515103,0.0,0.0,0.0,0.0,0.0,0.0,0.0,0.0,0.0,66970.0,0.0,66970.0,0.0,0.0,0.0,0.0,0.0,0.0,0.0,0.0,0.0,0.0,0.0,0.0,0.0,0.0,0.0,0.0,0.0,0.0,0.0,0.0,0.0,0.0,0.0,0.0,0.0,0.0,0.0,0.0,0.0,0.0,89.63,10.37,49.18,50.82,6.09,7.29,7.08,7.27,7.56,7.4,7.03,7.84,8.36,7.07,6.35,5.51,4.99,4.0,2.78,1.72,0.94,0.46,0.19,0.06,0.01,100.0,0.0,100.0,0.0,0.0,0.0,0.0,0.0,0.0,0.0,0.0,0.0,0.0,0.0,0.0,0.0,0.0,0.0,0.0,0.0,0.0,0.0,0.0,0.0,0.0,0.0,0.0,0.0,0.0,0.0,0.0,0.0,0.0,0.0,0.0,0.0,0.0,0.0,0.0,0.0,0.0,0.0,0.0,0.0,0.0,0.0,0.0,0.0,0.0,0.0,0.0,0.0,0.0,0.0,0.0,0.0,0.0,0.0,0.0,0.0,0.0,0.0,0.0,0.0,0.0,0.0,0.0,0.0,0.0,0.0,0.0,0.0,0.0,0.0,0.0,0.0,0.0,0.0,0.0,0.0,0.0,0.0,0.0,0.0,0.0,0.0,0.0,60024.0,6946.0,32936.0,34034.0,4079.0,4879.0,4740.0,4868.0,5061.0,4955.0,4709.0,5250.0,5598.0,4736.0,4252.0,3691.0,3339.0,2678.0,1859.0,1155.0,632.0,311.0,129.0,43.0,6.0,66970.0,0.0,66970.0,95.86,91.79,95.53,95.34,99.01,98.88,98.92,98.54,96.26,92.26,75.26,82.59,99.06,95.43,0.0,95.43,0.0,0.0,0.0,0.0,0.0,0.0,0.0,0.0,0.0,0.0,0.0,0.0,0.0,0.0,0.0,0.0,34.0,37.0,35.0,0.0,35.0,95.73,106.3,96.77,0.0,96.77,71.79,94.62,74.11,0.0,74.11,0.0,0.0,0.0,0.0,0.0,0.0,0.0,0.0,0.0,0.0,0.0,0.0,0.0,0.0,0.0
3515129,0.0,0.0,0.0,0.0,0.0,0.0,0.0,0.0,0.0,3014.0,0.0,3014.0,0.0,0.0,0.0,0.0,0.0,0.0,0.0,0.0,0.0,0.0,0.0,0.0,0.0,0.0,0.0,0.0,0.0,0.0,0.0,0.0,0.0,0.0,0.0,0.0,0.0,0.0,0.0,0.0,0.0,0.0,88.59,11.41,49.5,50.5,5.34,5.44,5.08,6.4,6.4,5.21,6.2,6.14,6.83,6.77,8.03,8.23,6.47,5.08,4.94,3.52,2.29,1.09,0.46,0.07,0.0,100.0,0.0,100.0,0.0,0.0,0.0,0.0,0.0,0.0,0.0,0.0,0.0,0.0,0.0,0.0,0.0,0.0,0.0,0.0,0.0,0.0,0.0,0.0,0.0,0.0,0.0,0.0,0.0,0.0,0.0,0.0,0.0,0.0,0.0,0.0,0.0,0.0,0.0,0.0,0.0,0.0,0.0,0.0,0.0,0.0,0.0,0.0,0.0,0.0,0.0,0.0,0.0,0.0,0.0,0.0,0.0,0.0,0.0,0.0,0.0,0.0,0.0,0.0,0.0,0.0,0.0,0.0,0.0,0.0,0.0,0.0,0.0,0.0,0.0,0.0,0.0,0.0,0.0,0.0,0.0,0.0,0.0,0.0,0.0,0.0,0.0,0.0,2670.0,344.0,1492.0,1522.0,161.0,164.0,153.0,193.0,193.0,157.0,187.0,185.0,206.0,204.0,242.0,248.0,195.0,153.0,149.0,106.0,69.0,33.0,14.0,2.0,0.0,3014.0,0.0,3014.0,92.25,93.75,93.15,91.72,98.45,98.26,99.13,97.95,95.74,91.65,66.96,77.57,100.0,92.43,0.0,92.43,0.0,0.0,0.0,0.0,0.0,0.0,0.0,0.0,0.0,0.0,0.0,0.0,0.0,0.0,0.0,0.0,41.0,48.0,42.0,0.0,42.0,96.32,112.35,98.03,0.0,98.03,146.8,195.0,150.84,0.0,150.84,0.0,0.0,0.0,0.0,0.0,0.0,0.0,0.0,0.0,0.0,0.0,0.0,0.0,0.0,0.0
3515152,0.0,0.0,0.0,0.0,0.0,0.0,0.0,0.0,0.0,19566.0,0.0,19566.0,0.0,0.0,0.0,0.0,0.0,0.0,0.0,0.0,0.0,0.0,0.0,0.0,0.0,0.0,0.0,0.0,0.0,0.0,0.0,0.0,0.0,0.0,0.0,0.0,0.0,0.0,0.0,0.0,0.0,0.0,94.07,5.93,50.16,49.84,6.96,6.96,6.64,7.62,9.85,9.24,8.81,8.51,7.33,5.77,5.57,4.9,3.92,2.72,2.02,1.51,0.92,0.48,0.17,0.07,0.03,100.0,0.0,100.0,0.0,0.0,0.0,0.0,0.0,0.0,0.0,0.0,0.0,0.0,0.0,0.0,0.0,0.0,0.0,0.0,0.0,0.0,0.0,0.0,0.0,0.0,0.0,0.0,0.0,0.0,0.0,0.0,0.0,0.0,0.0,0.0,0.0,0.0,0.0,0.0,0.0,0.0,0.0,0.0,0.0,0.0,0.0,0.0,0.0,0.0,0.0,0.0,0.0,0.0,0.0,0.0,0.0,0.0,0.0,0.0,0.0,0.0,0.0,0.0,0.0,0.0,0.0,0.0,0.0,0.0,0.0,0.0,0.0,0.0,0.0,0.0,0.0,0.0,0.0,0.0,0.0,0.0,0.0,0.0,0.0,0.0,0.0,0.0,18405.0,1161.0,9814.0,9752.0,1361.0,1362.0,1299.0,1490.0,1928.0,1807.0,1723.0,1666.0,1434.0,1129.0,1090.0,959.0,767.0,533.0,396.0,295.0,180.0,94.0,34.0,13.0,6.0,19566.0,0.0,19566.0,94.29,93.69,94.33,94.18,99.22,98.24,98.45,96.26,92.16,87.37,76.37,81.17,99.54,94.26,0.0,94.26,0.0,0.0,0.0,0.0,0.0,0.0,0.0,0.0,0.0,0.0,0.0,0.0,0.0,0.0,0.0,0.0,30.0,42.0,31.0,0.0,31.0,100.16,108.44,100.64,0.0,100.64,52.84,171.17,57.63,0.0,57.63,0.0,0.0,0.0,0.0,0.0,0.0,0.0,0.0,0.0,0.0,0.0,0.0,0.0,0.0,0.0
3515186,0.0,0.0,0.0,0.0,0.0,0.0,0.0,0.0,0.0,39816.0,0.0,39816.0,0.0,0.0,0.0,0.0,0.0,0.0,0.0,0.0,0.0,0.0,0.0,0.0,0.0,0.0,0.0,0.0,0.0,0.0,0.0,0.0,0.0,0.0,0.0,0.0,0.0,0.0,0.0,0.0,0.0,0.0,90.89,9.11,48.46,51.54,4.72,5.23,5.54,5.85,7.0,7.0,7.07,7.25,7.76,7.24,7.53,6.93,6.19,5.12,3.84,2.59,1.73,0.91,0.39,0.1,0.01,100.0,0.0,100.0,0.0,0.0,0.0,0.0,0.0,0.0,0.0,0.0,0.0,0.0,0.0,0.0,0.0,0.0,0.0,0.0,0.0,0.0,0.0,0.0,0.0,0.0,0.0,0.0,0.0,0.0,0.0,0.0,0.0,0.0,0.0,0.0,0.0,0.0,0.0,0.0,0.0,0.0,0.0,0.0,0.0,0.0,0.0,0.0,0.0,0.0,0.0,0.0,0.0,0.0,0.0,0.0,0.0,0.0,0.0,0.0,0.0,0.0,0.0,0.0,0.0,0.0,0.0,0.0,0.0,0.0,0.0,0.0,0.0,0.0,0.0,0.0,0.0,0.0,0.0,0.0,0.0,0.0,0.0,0.0,0.0,0.0,0.0,0.0,36189.0,3627.0,19294.0,20522.0,1880.0,2081.0,2206.0,2329.0,2787.0,2788.0,2814.0,2888.0,3091.0,2881.0,2997.0,2761.0,2464.0,2038.0,1530.0,1030.0,690.0,362.0,156.0,40.0,3.0,39816.0,0.0,39816.0,96.29,93.17,96.28,95.77,99.0,99.11,99.28,98.44,96.44,94.83,84.7,88.51,99.04,96.01,0.0,96.01,0.0,0.0,0.0,0.0,0.0,0.0,0.0,0.0,0.0,0.0,0.0,0.0,0.0,0.0,0.0,0.0,40.0,38.0,40.0,0.0,40.0,91.86,118.49,94.02,0.0,94.02,140.19,90.6,134.8,0.0,134.8,0.0,0.0,0.0,0.0,0.0,0.0,0.0,0.0,0.0,0.0,0.0,0.0,0.0,0.0,0.0
3515194,0.0,0.0,0.0,0.0,0.0,0.0,0.0,0.0,0.0,4157.0,0.0,4157.0,0.0,0.0,0.0,0.0,0.0,0.0,0.0,0.0,0.0,0.0,0.0,0.0,0.0,0.0,0.0,0.0,0.0,0.0,0.0,0.0,0.0,0.0,0.0,0.0,0.0,0.0,0.0,0.0,0.0,0.0,85.76,14.24,49.75,50.25,7.17,7.24,7.43,7.12,8.03,8.11,7.82,7.53,7.34,6.37,5.87,5.41,4.79,3.73,2.84,1.9,0.72,0.38,0.12,0.05,0.02,100.0,0.0,100.0,0.0,0.0,0.0,0.0,0.0,0.0,0.0,0.0,0.0,0.0,0.0,0.0,0.0,0.0,0.0,0.0,0.0,0.0,0.0,0.0,0.0,0.0,0.0,0.0,0.0,0.0,0.0,0.0,0.0,0.0,0.0,0.0,0.0,0.0,0.0,0.0,0.0,0.0,0.0,0.0,0.0,0.0,0.0,0.0,0.0,0.0,0.0,0.0,0.0,0.0,0.0,0.0,0.0,0.0,0.0,0.0,0.0,0.0,0.0,0.0,0.0,0.0,0.0,0.0,0.0,0.0,0.0,0.0,0.0,0.0,0.0,0.0,0.0,0.0,0.0,0.0,0.0,0.0,0.0,0.0,0.0,0.0,0.0,0.0,3565.0,592.0,2068.0,2089.0,298.0,301.0,309.0,296.0,334.0,337.0,325.0,313.0,305.0,265.0,244.0,225.0,199.0,155.0,118.0,79.0,30.0,16.0,5.0,2.0,1.0,4157.0,0.0,4157.0,91.52,92.45,91.96,91.36,97.31,96.98,97.33,95.47,92.34,84.91,66.92,74.38,98.17,91.66,0.0,91.66,0.0,0.0,0.0,0.0,0.0,0.0,0.0,0.0,0.0,0.0,0.0,0.0,0.0,0.0,0.0,0.0,32.0,39.0,33.0,0.0,33.0,97.29,109.93,98.99,0.0,98.99,60.4,109.57,66.63,0.0,66.63,0.0,0.0,0.0,0.0,0.0,0.0,0.0,0.0,0.0,0.0,0.0,0.0,0.0,0.0,0.0
3515202,0.0,0.0,0.0,0.0,0.0,0.0,0.0,0.0,0.0,9417.0,0.0,9417.0,0.0,0.0,0.0,0.0,0.0,0.0,0.0,0.0,0.0,0.0,0.0,0.0,0.0,0.0,0.0,0.0,0.0,0.0,0.0,0.0,0.0,0.0,0.0,0.0,0.0,0.0,0.0,0.0,0.0,0.0,83.87,16.13,50.89,49.11,4.92,5.8,5.56,6.25,7.31,7.07,6.93,7.54,8.08,6.81,6.61,6.98,5.74,4.96,3.83,2.43,1.88,0.88,0.33,0.06,0.02,100.0,0.0,100.0,0.0,0.0,0.0,0.0,0.0,0.0,0.0,0.0,0.0,0.0,0.0,0.0,0.0,0.0,0.0,0.0,0.0,0.0,0.0,0.0,0.0,0.0,0.0,0.0,0.0,0.0,0.0,0.0,0.0,0.0,0.0,0.0,0.0,0.0,0.0,0.0,0.0,0.0,0.0,0.0,0.0,0.0,0.0,0.0,0.0,0.0,0.0,0.0,0.0,0.0,0.0,0.0,0.0,0.0,0.0,0.0,0.0,0.0,0.0,0.0,0.0,0.0,0.0,0.0,0.0,0.0,0.0,0.0,0.0,0.0,0.0,0.0,0.0,0.0,0.0,0.0,0.0,0.0,0.0,0.0,0.0,0.0,0.0,0.0,7898.0,1519.0,4792.0,4625.0,463.0,546.0,524.0,589.0,688.0,666.0,653.0,710.0,761.0,641.0,622.0,657.0,541.0,467.0,361.0,229.0,177.0,83.0,31.0,6.0,2.0,9417.0,0.0,9417.0,94.21,93.23,94.4,93.7,99.27,99.01,98.75,97.82,95.41,92.99,72.16,80.09,98.88,94.05,0.0,94.05,0.0,0.0,0.0,0.0,0.0,0.0,0.0,0.0,0.0,0.0,0.0,0.0,0.0,0.0,0.0,0.0,38.0,41.0,39.0,0.0,39.0,98.99,131.55,103.61,0.0,103.61,120.86,139.74,123.74,0.0,123.74,0.0,0.0,0.0,0.0,0.0,0.0,0.0,0.0,0.0,0.0,0.0,0.0,0.0,0.0,0.0
3515301,0.0,0.0,0.0,0.0,0.0,0.0,0.0,0.0,0.0,2703.0,0.0,2703.0,0.0,0.0,0.0,0.0,0.0,0.0,0.0,0.0,0.0,0.0,0.0,0.0,0.0,0.0,0.0,0.0,0.0,0.0,0.0,0.0,0.0,0.0,0.0,0.0,0.0,0.0,0.0,0.0,0.0,0.0,82.32,17.68,49.02,50.98,5.51,6.36,7.14,6.62,6.47,5.99,7.47,7.55,6.59,6.1,7.36,7.7,6.7,3.85,3.33,2.07,1.81,0.7,0.44,0.18,0.04,100.0,0.0,100.0,0.0,0.0,0.0,0.0,0.0,0.0,0.0,0.0,0.0,0.0,0.0,0.0,0.0,0.0,0.0,0.0,0.0,0.0,0.0,0.0,0.0,0.0,0.0,0.0,0.0,0.0,0.0,0.0,0.0,0.0,0.0,0.0,0.0,0.0,0.0,0.0,0.0,0.0,0.0,0.0,0.0,0.0,0.0,0.0,0.0,0.0,0.0,0.0,0.0,0.0,0.0,0.0,0.0,0.0,0.0,0.0,0.0,0.0,0.0,0.0,0.0,0.0,0.0,0.0,0.0,0.0,0.0,0.0,0.0,0.0,0.0,0.0,0.0,0.0,0.0,0.0,0.0,0.0,0.0,0.0,0.0,0.0,0.0,0.0,2225.0,478.0,1325.0,1378.0,149.0,172.0,193.0,179.0,175.0,162.0,202.0,204.0,178.0,165.0,199.0,208.0,181.0,104.0,90.0,56.0,49.0,19.0,12.0,5.0,1.0,2703.0,0.0,2703.0,92.9,90.34,92.56,92.28,99.43,98.9,100.0,98.43,94.78,89.2,63.38,72.92,94.64,92.42,0.0,92.42,0.0,0.0,0.0,0.0,0.0,0.0,0.0,0.0,0.0,0.0,0.0,0.0,0.0,0.0,0.0,0.0,35.0,51.0,37.0,0.0,37.0,93.65,108.73,96.15,0.0,96.15,80.44,242.19,100.58,0.0,100.58,0.0,0.0,0.0,0.0,0.0,0.0,0.0,0.0,0.0,0.0,0.0,0.0,0.0,0.0,0.0
3515350,0.0,0.0,0.0,0.0,0.0,0.0,0.0,0.0,0.0,7924.0,0.0,7924.0,0.0,0.0,0.0,0.0,0.0,0.0,0.0,0.0,0.0,0.0,0.0,0.0,0.0,0.0,0.0,0.0,0.0,0.0,0.0,0.0,0.0,0.0,0.0,0.0,0.0,0.0,0.0,0.0,0.0,0.0,62.25,37.75,49.08,50.92,5.84,6.32,7.27,7.4,5.53,6.22,6.42,6.37,6.98,7.75,8.03,7.11,5.84,4.43,3.02,2.54,1.86,0.81,0.2,0.08,0.0,100.0,0.0,100.0,0.0,0.0,0.0,0.0,0.0,0.0,0.0,0.0,0.0,0.0,0.0,0.0,0.0,0.0,0.0,0.0,0.0,0.0,0.0,0.0,0.0,0.0,0.0,0.0,0.0,0.0,0.0,0.0,0.0,0.0,0.0,0.0,0.0,0.0,0.0,0.0,0.0,0.0,0.0,0.0,0.0,0.0,0.0,0.0,0.0,0.0,0.0,0.0,0.0,0.0,0.0,0.0,0.0,0.0,0.0,0.0,0.0,0.0,0.0,0.0,0.0,0.0,0.0,0.0,0.0,0.0,0.0,0.0,0.0,0.0,0.0,0.0,0.0,0.0,0.0,0.0,0.0,0.0,0.0,0.0,0.0,0.0,0.0,0.0,4933.0,2991.0,3889.0,4035.0,463.0,501.0,576.0,586.0,438.0,493.0,509.0,505.0,553.0,614.0,636.0,563.0,463.0,351.0,239.0,201.0,147.0,64.0,16.0,6.0,0.0,7924.0,0.0,7924.0,89.39,86.69,89.49,87.31,99.09,98.1,97.68,96.22,91.92,84.21,47.0,60.25,99.49,88.36,0.0,88.36,0.0,0.0,0.0,0.0,0.0,0.0,0.0,0.0,0.0,0.0,0.0,0.0,0.0,0.0,0.0,0.0,37.0,40.0,38.0,0.0,38.0,88.57,110.78,96.38,0.0,96.38,93.8,101.44,96.56,0.0,96.56,0.0,0.0,0.0,0.0,0.0,0.0,0.0,0.0,0.0,0.0,0.0,0.0,0.0,0.0,0.0
3515400,0.0,0.0,0.0,0.0,0.0,0.0,0.0,0.0,0.0,16641.0,0.0,16641.0,0.0,0.0,0.0,0.0,0.0,0.0,0.0,0.0,0.0,0.0,0.0,0.0,0.0,0.0,0.0,0.0,0.0,0.0,0.0,0.0,0.0,0.0,0.0,0.0,0.0,0.0,0.0,0.0,0.0,0.0,80.85,19.15,48.82,51.18,5.69,6.0,6.31,6.28,6.64,6.26,7.2,7.83,7.62,6.57,6.41,6.41,6.26,5.1,3.84,2.69,1.68,0.73,0.4,0.07,0.0,100.0,0.0,100.0,0.0,0.0,0.0,0.0,0.0,0.0,0.0,0.0,0.0,0.0,0.0,0.0,0.0,0.0,0.0,0.0,0.0,0.0,0.0,0.0,0.0,0.0,0.0,0.0,0.0,0.0,0.0,0.0,0.0,0.0,0.0,0.0,0.0,0.0,0.0,0.0,0.0,0.0,0.0,0.0,0.0,0.0,0.0,0.0,0.0,0.0,0.0,0.0,0.0,0.0,0.0,0.0,0.0,0.0,0.0,0.0,0.0,0.0,0.0,0.0,0.0,0.0,0.0,0.0,0.0,0.0,0.0,0.0,0.0,0.0,0.0,0.0,0.0,0.0,0.0,0.0,0.0,0.0,0.0,0.0,0.0,0.0,0.0,0.0,13455.0,3186.0,8124.0,8517.0,947.0,999.0,1050.0,1045.0,1105.0,1041.0,1198.0,1303.0,1268.0,1094.0,1067.0,1067.0,1042.0,848.0,639.0,448.0,280.0,122.0,67.0,11.0,0.0,16641.0,0.0,16641.0,95.39,95.25,95.48,95.25,99.19,98.62,99.38,98.06,96.39,93.6,82.44,86.63,99.24,95.36,0.0,95.36,0.0,0.0,0.0,0.0,0.0,0.0,0.0,0.0,0.0,0.0,0.0,0.0,0.0,0.0,0.0,0.0,38.0,40.0,38.0,0.0,38.0,91.48,113.83,95.39,0.0,95.39,113.11,124.91,115.39,0.0,115.39,0.0,0.0,0.0,0.0,0.0,0.0,0.0,0.0,0.0,0.0,0.0,0.0,0.0,0.0,0.0
3515509,0.0,0.0,0.0,0.0,0.0,0.0,0.0,0.0,0.0,71186.0,0.0,71186.0,0.0,0.0,0.0,0.0,0.0,0.0,0.0,0.0,0.0,0.0,0.0,0.0,0.0,0.0,0.0,0.0,0.0,0.0,0.0,0.0,0.0,0.0,0.0,0.0,0.0,0.0,0.0,0.0,0.0,0.0,96.8,3.2,48.06,51.94,5.19,5.8,5.37,5.79,6.84,7.0,7.3,7.58,8.06,6.7,6.76,6.42,6.03,5.12,3.89,2.75,1.83,1.03,0.42,0.11,0.01,100.0,0.0,100.0,0.0,0.0,0.0,0.0,0.0,0.0,0.0,0.0,0.0,0.0,0.0,0.0,0.0,0.0,0.0,0.0,0.0,0.0,0.0,0.0,0.0,0.0,0.0,0.0,0.0,0.0,0.0,0.0,0.0,0.0,0.0,0.0,0.0,0.0,0.0,0.0,0.0,0.0,0.0,0.0,0.0,0.0,0.0,0.0,0.0,0.0,0.0,0.0,0.0,0.0,0.0,0.0,0.0,0.0,0.0,0.0,0.0,0.0,0.0,0.0,0.0,0.0,0.0,0.0,0.0,0.0,0.0,0.0,0.0,0.0,0.0,0.0,0.0,0.0,0.0,0.0,0.0,0.0,0.0,0.0,0.0,0.0,0.0,0.0,68905.0,2281.0,34212.0,36974.0,3697.0,4129.0,3826.0,4119.0,4867.0,4983.0,5197.0,5395.0,5736.0,4771.0,4815.0,4568.0,4290.0,3643.0,2772.0,1959.0,1304.0,733.0,296.0,77.0,9.0,71186.0,0.0,71186.0,96.27,94.57,96.72,95.76,99.34,99.32,99.59,98.57,97.25,96.39,80.29,87.2,99.0,96.22,0.0,96.22,0.0,0.0,0.0,0.0,0.0,0.0,0.0,0.0,0.0,0.0,0.0,0.0,0.0,0.0,0.0,0.0,39.0,45.0,39.0,0.0,39.0,91.89,114.18,92.53,0.0,92.53,128.34,167.48,129.45,0.0,129.45,0.0,0.0,0.0,0.0,0.0,0.0,0.0,0.0,0.0,0.0,0.0,0.0,0.0,0.0,0.0
3515608,0.0,0.0,0.0,0.0,0.0,0.0,0.0,0.0,0.0,5942.0,0.0,5942.0,0.0,0.0,0.0,0.0,0.0,0.0,0.0,0.0,0.0,0.0,0.0,0.0,0.0,0.0,0.0,0.0,0.0,0.0,0.0,0.0,0.0,0.0,0.0,0.0,0.0,0.0,0.0,0.0,0.0,0.0,90.0,10.0,48.89,51.11,4.86,5.3,5.5,6.14,6.21,5.96,7.0,7.2,8.57,7.05,7.49,6.29,5.92,4.49,4.61,3.33,2.1,1.26,0.57,0.12,0.0,100.0,0.0,100.0,0.0,0.0,0.0,0.0,0.0,0.0,0.0,0.0,0.0,0.0,0.0,0.0,0.0,0.0,0.0,0.0,0.0,0.0,0.0,0.0,0.0,0.0,0.0,0.0,0.0,0.0,0.0,0.0,0.0,0.0,0.0,0.0,0.0,0.0,0.0,0.0,0.0,0.0,0.0,0.0,0.0,0.0,0.0,0.0,0.0,0.0,0.0,0.0,0.0,0.0,0.0,0.0,0.0,0.0,0.0,0.0,0.0,0.0,0.0,0.0,0.0,0.0,0.0,0.0,0.0,0.0,0.0,0.0,0.0,0.0,0.0,0.0,0.0,0.0,0.0,0.0,0.0,0.0,0.0,0.0,0.0,0.0,0.0,0.0,5348.0,594.0,2905.0,3037.0,289.0,315.0,327.0,365.0,369.0,354.0,416.0,428.0,509.0,419.0,445.0,374.0,352.0,267.0,274.0,198.0,125.0,75.0,34.0,7.0,0.0,5942.0,0.0,5942.0,93.86,91.8,94.15,93.18,98.92,99.09,98.17,96.91,95.49,91.32,77.9,82.65,98.64,93.65,0.0,93.65,0.0,0.0,0.0,0.0,0.0,0.0,0.0,0.0,0.0,0.0,0.0,0.0,0.0,0.0,0.0,0.0,40.0,44.0,40.0,0.0,40.0,94.19,109.89,95.65,0.0,95.65,141.7,155.32,143.07,0.0,143.07,0.0,0.0,0.0,0.0,0.0,0.0,0.0,0.0,0.0,0.0,0.0,0.0,0.0,0.0,0.0
3515657,0.0,0.0,0.0,0.0,0.0,0.0,0.0,0.0,0.0,1656.0,0.0,1656.0,0.0,0.0,0.0,0.0,0.0,0.0,0.0,0.0,0.0,0.0,0.0,0.0,0.0,0.0,0.0,0.0,0.0,0.0,0.0,0.0,0.0,0.0,0.0,0.0,0.0,0.0,0.0,0.0,0.0,0.0,60.51,39.49,50.79,49.21,6.1,7.0,5.56,7.55,5.43,6.82,7.37,6.76,7.79,7.79,5.74,4.65,6.1,4.41,4.89,2.96,2.05,0.6,0.3,0.12,0.0,100.0,0.0,100.0,0.0,0.0,0.0,0.0,0.0,0.0,0.0,0.0,0.0,0.0,0.0,0.0,0.0,0.0,0.0,0.0,0.0,0.0,0.0,0.0,0.0,0.0,0.0,0.0,0.0,0.0,0.0,0.0,0.0,0.0,0.0,0.0,0.0,0.0,0.0,0.0,0.0,0.0,0.0,0.0,0.0,0.0,0.0,0.0,0.0,0.0,0.0,0.0,0.0,0.0,0.0,0.0,0.0,0.0,0.0,0.0,0.0,0.0,0.0,0.0,0.0,0.0,0.0,0.0,0.0,0.0,0.0,0.0,0.0,0.0,0.0,0.0,0.0,0.0,0.0,0.0,0.0,0.0,0.0,0.0,0.0,0.0,0.0,0.0,1002.0,654.0,841.0,815.0,101.0,116.0,92.0,125.0,90.0,113.0,122.0,112.0,129.0,129.0,95.0,77.0,101.0,73.0,81.0,49.0,34.0,10.0,5.0,2.0,0.0,1656.0,0.0,1656.0,93.6,96.91,95.23,94.67,98.89,98.72,97.01,97.1,95.54,93.82,81.0,87.01,98.28,94.95,0.0,94.95,0.0,0.0,0.0,0.0,0.0,0.0,0.0,0.0,0.0,0.0,0.0,0.0,0.0,0.0,0.0,0.0,34.0,44.0,37.0,0.0,37.0,102.42,104.38,103.19,0.0,103.19,80.0,183.65,114.89,0.0,114.89,0.0,0.0,0.0,0.0,0.0,0.0,0.0,0.0,0.0,0.0,0.0,0.0,0.0,0.0,0.0
3515707,0.0,0.0,0.0,0.0,0.0,0.0,0.0,0.0,0.0,179198.0,0.0,179198.0,0.0,0.0,0.0,0.0,0.0,0.0,0.0,0.0,0.0,0.0,0.0,0.0,0.0,0.0,0.0,0.0,0.0,0.0,0.0,0.0,0.0,0.0,0.0,0.0,0.0,0.0,0.0,0.0,0.0,0.0,99.15,0.85,48.34,51.66,6.52,7.26,7.04,7.36,8.1,8.08,7.83,8.26,7.92,6.91,6.42,5.52,4.55,3.46,2.28,1.29,0.71,0.33,0.14,0.03,0.01,100.0,0.0,100.0,0.0,0.0,0.0,0.0,0.0,0.0,0.0,0.0,0.0,0.0,0.0,0.0,0.0,0.0,0.0,0.0,0.0,0.0,0.0,0.0,0.0,0.0,0.0,0.0,0.0,0.0,0.0,0.0,0.0,0.0,0.0,0.0,0.0,0.0,0.0,0.0,0.0,0.0,0.0,0.0,0.0,0.0,0.0,0.0,0.0,0.0,0.0,0.0,0.0,0.0,0.0,0.0,0.0,0.0,0.0,0.0,0.0,0.0,0.0,0.0,0.0,0.0,0.0,0.0,0.0,0.0,0.0,0.0,0.0,0.0,0.0,0.0,0.0,0.0,0.0,0.0,0.0,0.0,0.0,0.0,0.0,0.0,0.0,0.0,177680.0,1518.0,86629.0,92569.0,11681.0,13003.0,12612.0,13187.0,14513.0,14480.0,14025.0,14804.0,14194.0,12381.0,11501.0,9889.0,8155.0,6196.0,4093.0,2305.0,1265.0,600.0,250.0,54.0,10.0,179198.0,0.0,179198.0,96.17,93.98,96.39,95.93,99.09,99.03,98.85,98.48,96.04,93.06,76.32,84.59,99.01,96.15,0.0,96.15,0.0,0.0,0.0,0.0,0.0,0.0,0.0,0.0,0.0,0.0,0.0,0.0,0.0,0.0,0.0,0.0,33.0,35.0,33.0,0.0,33.0,93.33,129.31,93.58,0.0,93.58,61.39,73.53,61.48,0.0,61.48,0.0,0.0,0.0,0.0,0.0,0.0,0.0,0.0,0.0,0.0,0.0,0.0,0.0,0.0,0.0
3515806,0.0,0.0,0.0,0.0,0.0,0.0,0.0,0.0,0.0,1487.0,0.0,1487.0,0.0,0.0,0.0,0.0,0.0,0.0,0.0,0.0,0.0,0.0,0.0,0.0,0.0,0.0,0.0,0.0,0.0,0.0,0.0,0.0,0.0,0.0,0.0,0.0,0.0,0.0,0.0,0.0,0.0,0.0,81.78,18.22,49.09,50.91,4.37,5.51,5.45,6.05,4.91,5.04,6.19,5.85,6.32,5.85,8.0,8.88,7.2,5.78,5.92,4.24,2.29,1.28,0.74,0.13,0.0,100.0,0.0,100.0,0.0,0.0,0.0,0.0,0.0,0.0,0.0,0.0,0.0,0.0,0.0,0.0,0.0,0.0,0.0,0.0,0.0,0.0,0.0,0.0,0.0,0.0,0.0,0.0,0.0,0.0,0.0,0.0,0.0,0.0,0.0,0.0,0.0,0.0,0.0,0.0,0.0,0.0,0.0,0.0,0.0,0.0,0.0,0.0,0.0,0.0,0.0,0.0,0.0,0.0,0.0,0.0,0.0,0.0,0.0,0.0,0.0,0.0,0.0,0.0,0.0,0.0,0.0,0.0,0.0,0.0,0.0,0.0,0.0,0.0,0.0,0.0,0.0,0.0,0.0,0.0,0.0,0.0,0.0,0.0,0.0,0.0,0.0,0.0,1216.0,271.0,730.0,757.0,65.0,82.0,81.0,90.0,73.0,75.0,92.0,87.0,94.0,87.0,119.0,132.0,107.0,86.0,88.0,63.0,34.0,19.0,11.0,2.0,0.0,1487.0,0.0,1487.0,91.2,94.67,93.29,90.43,98.63,97.01,100.0,97.24,94.17,94.56,67.44,77.89,100.0,91.82,0.0,91.82,0.0,0.0,0.0,0.0,0.0,0.0,0.0,0.0,0.0,0.0,0.0,0.0,0.0,0.0,0.0,0.0,45.0,46.0,45.0,0.0,45.0,94.25,106.87,96.43,0.0,96.43,188.46,145.65,179.82,0.0,179.82,0.0,0.0,0.0,0.0,0.0,0.0,0.0,0.0,0.0,0.0,0.0,0.0,0.0,0.0,0.0
3515905,0.0,0.0,0.0,0.0,0.0,0.0,0.0,0.0,0.0,2733.0,0.0,2733.0,0.0,0.0,0.0,0.0,0.0,0.0,0.0,0.0,0.0,0.0,0.0,0.0,0.0,0.0,0.0,0.0,0.0,0.0,0.0,0.0,0.0,0.0,0.0,0.0,0.0,0.0,0.0,0.0,0.0,0.0,83.72,16.28,48.59,51.41,3.55,4.9,4.39,5.89,4.76,5.12,5.63,5.71,6.84,7.14,6.95,8.53,7.68,7.32,5.93,4.24,2.67,1.79,0.77,0.15,0.04,100.0,0.0,100.0,0.0,0.0,0.0,0.0,0.0,0.0,0.0,0.0,0.0,0.0,0.0,0.0,0.0,0.0,0.0,0.0,0.0,0.0,0.0,0.0,0.0,0.0,0.0,0.0,0.0,0.0,0.0,0.0,0.0,0.0,0.0,0.0,0.0,0.0,0.0,0.0,0.0,0.0,0.0,0.0,0.0,0.0,0.0,0.0,0.0,0.0,0.0,0.0,0.0,0.0,0.0,0.0,0.0,0.0,0.0,0.0,0.0,0.0,0.0,0.0,0.0,0.0,0.0,0.0,0.0,0.0,0.0,0.0,0.0,0.0,0.0,0.0,0.0,0.0,0.0,0.0,0.0,0.0,0.0,0.0,0.0,0.0,0.0,0.0,2288.0,445.0,1328.0,1405.0,97.0,134.0,120.0,161.0,130.0,140.0,154.0,156.0,187.0,195.0,190.0,233.0,210.0,200.0,162.0,116.0,73.0,49.0,21.0,4.0,1.0,2733.0,0.0,2733.0,93.75,93.46,94.15,93.29,99.23,97.62,100.0,97.67,96.62,93.45,77.65,85.46,98.55,93.7,0.0,93.7,0.0,0.0,0.0,0.0,0.0,0.0,0.0,0.0,0.0,0.0,0.0,0.0,0.0,0.0,0.0,0.0,48.0,41.0,47.0,0.0,47.0,91.14,113.94,94.52,0.0,94.52,269.96,126.92,238.18,0.0,238.18,0.0,0.0,0.0,0.0,0.0,0.0,0.0,0.0,0.0,0.0,0.0,0.0,0.0,0.0,0.0
3516002,0.0,0.0,0.0,0.0,0.0,0.0,0.0,0.0,0.0,12958.0,0.0,12958.0,0.0,0.0,0.0,0.0,0.0,0.0,0.0,0.0,0.0,0.0,0.0,0.0,0.0,0.0,0.0,0.0,0.0,0.0,0.0,0.0,0.0,0.0,0.0,0.0,0.0,0.0,0.0,0.0,0.0,0.0,80.72,19.28,54.71,45.29,4.82,5.11,5.29,5.59,7.58,8.94,8.91,7.66,7.65,6.65,6.42,6.24,5.76,4.38,3.55,2.6,1.52,0.96,0.3,0.04,0.04,100.0,0.0,100.0,0.0,0.0,0.0,0.0,0.0,0.0,0.0,0.0,0.0,0.0,0.0,0.0,0.0,0.0,0.0,0.0,0.0,0.0,0.0,0.0,0.0,0.0,0.0,0.0,0.0,0.0,0.0,0.0,0.0,0.0,0.0,0.0,0.0,0.0,0.0,0.0,0.0,0.0,0.0,0.0,0.0,0.0,0.0,0.0,0.0,0.0,0.0,0.0,0.0,0.0,0.0,0.0,0.0,0.0,0.0,0.0,0.0,0.0,0.0,0.0,0.0,0.0,0.0,0.0,0.0,0.0,0.0,0.0,0.0,0.0,0.0,0.0,0.0,0.0,0.0,0.0,0.0,0.0,0.0,0.0,0.0,0.0,0.0,0.0,10460.0,2498.0,7089.0,5869.0,624.0,662.0,686.0,724.0,982.0,1158.0,1154.0,993.0,991.0,862.0,832.0,809.0,746.0,568.0,460.0,337.0,197.0,124.0,39.0,5.0,5.0,12958.0,0.0,12958.0,93.81,98.13,96.08,93.01,98.98,99.05,98.6,97.73,96.64,94.02,71.57,80.06,99.32,94.71,0.0,94.71,0.0,0.0,0.0,0.0,0.0,0.0,0.0,0.0,0.0,0.0,0.0,0.0,0.0,0.0,0.0,0.0,39.0,33.0,37.0,0.0,37.0,96.21,364.31,120.79,0.0,120.79,123.86,143.22,125.81,0.0,125.81,0.0,0.0,0.0,0.0,0.0,0.0,0.0,0.0,0.0,0.0,0.0,0.0,0.0,0.0,0.0
3516101,0.0,0.0,0.0,0.0,0.0,0.0,0.0,0.0,0.0,3851.0,0.0,3851.0,0.0,0.0,0.0,0.0,0.0,0.0,0.0,0.0,0.0,0.0,0.0,0.0,0.0,0.0,0.0,0.0,0.0,0.0,0.0,0.0,0.0,0.0,0.0,0.0,0.0,0.0,0.0,0.0,0.0,0.0,65.8,34.2,64.53,35.47,3.71,4.99,4.44,4.39,6.08,9.79,10.75,10.7,10.21,7.48,6.02,5.48,5.14,4.1,3.04,2.0,0.93,0.47,0.21,0.08,0.0,100.0,0.0,100.0,0.0,0.0,0.0,0.0,0.0,0.0,0.0,0.0,0.0,0.0,0.0,0.0,0.0,0.0,0.0,0.0,0.0,0.0,0.0,0.0,0.0,0.0,0.0,0.0,0.0,0.0,0.0,0.0,0.0,0.0,0.0,0.0,0.0,0.0,0.0,0.0,0.0,0.0,0.0,0.0,0.0,0.0,0.0,0.0,0.0,0.0,0.0,0.0,0.0,0.0,0.0,0.0,0.0,0.0,0.0,0.0,0.0,0.0,0.0,0.0,0.0,0.0,0.0,0.0,0.0,0.0,0.0,0.0,0.0,0.0,0.0,0.0,0.0,0.0,0.0,0.0,0.0,0.0,0.0,0.0,0.0,0.0,0.0,0.0,2534.0,1317.0,2485.0,1366.0,143.0,192.0,171.0,169.0,234.0,377.0,414.0,412.0,393.0,288.0,232.0,211.0,198.0,158.0,117.0,77.0,36.0,18.0,8.0,3.0,0.0,3851.0,0.0,3851.0,93.58,92.7,93.44,92.86,98.72,96.46,100.0,94.78,91.15,92.42,70.42,81.77,100.0,93.24,0.0,93.24,0.0,0.0,0.0,0.0,0.0,0.0,0.0,0.0,0.0,0.0,0.0,0.0,0.0,0.0,0.0,0.0,40.0,36.0,37.0,0.0,37.0,100.32,1203.96,181.92,0.0,181.92,116.98,196.55,121.54,0.0,121.54,0.0,0.0,0.0,0.0,0.0,0.0,0.0,0.0,0.0,0.0,0.0,0.0,0.0,0.0,0.0
3516200,0.0,0.0,0.0,0.0,0.0,0.0,0.0,0.0,0.0,352536.0,0.0,352536.0,0.0,0.0,0.0,0.0,0.0,0.0,0.0,0.0,0.0,0.0,0.0,0.0,0.0,0.0,0.0,0.0,0.0,0.0,0.0,0.0,0.0,0.0,0.0,0.0,0.0,0.0,0.0,0.0,0.0,0.0,98.52,1.48,48.47,51.53,5.8,6.38,5.99,6.64,7.52,7.53,7.82,7.82,7.8,6.77,6.64,6.11,5.37,4.28,3.14,2.04,1.31,0.68,0.28,0.07,0.01,100.0,0.0,100.0,0.0,0.0,0.0,0.0,0.0,0.0,0.0,0.0,0.0,0.0,0.0,0.0,0.0,0.0,0.0,0.0,0.0,0.0,0.0,0.0,0.0,0.0,0.0,0.0,0.0,0.0,0.0,0.0,0.0,0.0,0.0,0.0,0.0,0.0,0.0,0.0,0.0,0.0,0.0,0.0,0.0,0.0,0.0,0.0,0.0,0.0,0.0,0.0,0.0,0.0,0.0,0.0,0.0,0.0,0.0,0.0,0.0,0.0,0.0,0.0,0.0,0.0,0.0,0.0,0.0,0.0,0.0,0.0,0.0,0.0,0.0,0.0,0.0,0.0,0.0,0.0,0.0,0.0,0.0,0.0,0.0,0.0,0.0,0.0,347312.0,5224.0,170889.0,181647.0,20456.0,22486.0,21121.0,23408.0,26509.0,26529.0,27569.0,27555.0,27502.0,23872.0,23414.0,21536.0,18922.0,15097.0,11077.0,7190.0,4607.0,2396.0,1001.0,242.0,47.0,352536.0,0.0,352536.0,97.9,96.45,98.06,97.71,99.26,99.26,99.17,99.13,98.56,97.52,88.16,92.39,99.12,97.88,0.0,97.88,0.0,0.0,0.0,0.0,0.0,0.0,0.0,0.0,0.0,0.0,0.0,0.0,0.0,0.0,0.0,0.0,36.0,34.0,36.0,0.0,36.0,93.4,152.86,94.08,0.0,94.08,94.57,94.14,94.56,0.0,94.56,0.0,0.0,0.0,0.0,0.0,0.0,0.0,0.0,0.0,0.0,0.0,0.0,0.0,0.0,0.0
3516309,0.0,0.0,0.0,0.0,0.0,0.0,0.0,0.0,0.0,165139.0,0.0,165139.0,0.0,0.0,0.0,0.0,0.0,0.0,0.0,0.0,0.0,0.0,0.0,0.0,0.0,0.0,0.0,0.0,0.0,0.0,0.0,0.0,0.0,0.0,0.0,0.0,0.0,0.0,0.0,0.0,0.0,0.0,99.54,0.46,48.9,51.1,7.4,7.45,7.34,7.84,8.44,8.42,8.1,8.0,7.59,6.37,5.75,4.98,4.55,3.5,2.27,1.06,0.57,0.24,0.1,0.03,0.01,100.0,0.0,100.0,0.0,0.0,0.0,0.0,0.0,0.0,0.0,0.0,0.0,0.0,0.0,0.0,0.0,0.0,0.0,0.0,0.0,0.0,0.0,0.0,0.0,0.0,0.0,0.0,0.0,0.0,0.0,0.0,0.0,0.0,0.0,0.0,0.0,0.0,0.0,0.0,0.0,0.0,0.0,0.0,0.0,0.0,0.0,0.0,0.0,0.0,0.0,0.0,0.0,0.0,0.0,0.0,0.0,0.0,0.0,0.0,0.0,0.0,0.0,0.0,0.0,0.0,0.0,0.0,0.0,0.0,0.0,0.0,0.0,0.0,0.0,0.0,0.0,0.0,0.0,0.0,0.0,0.0,0.0,0.0,0.0,0.0,0.0,0.0,164374.0,765.0,80754.0,84385.0,12224.0,12296.0,12119.0,12949.0,13935.0,13900.0,13383.0,13208.0,12532.0,10515.0,9494.0,8216.0,7507.0,5784.0,3752.0,1754.0,949.0,403.0,165.0,45.0,9.0,165139.0,0.0,165139.0,94.9,90.63,95.1,94.67,98.77,98.83,98.9,98.02,94.57,89.37,68.18,79.12,98.97,94.88,0.0,94.88,0.0,0.0,0.0,0.0,0.0,0.0,0.0,0.0,0.0,0.0,0.0,0.0,0.0,0.0,0.0,0.0,31.0,36.0,31.0,0.0,31.0,95.67,101.32,95.7,0.0,95.7,55.49,78.98,55.59,0.0,55.59,0.0,0.0,0.0,0.0,0.0,0.0,0.0,0.0,0.0,0.0,0.0,0.0,0.0,0.0,0.0
3516408,0.0,0.0,0.0,0.0,0.0,0.0,0.0,0.0,0.0,144849.0,0.0,144849.0,0.0,0.0,0.0,0.0,0.0,0.0,0.0,0.0,0.0,0.0,0.0,0.0,0.0,0.0,0.0,0.0,0.0,0.0,0.0,0.0,0.0,0.0,0.0,0.0,0.0,0.0,0.0,0.0,0.0,0.0,96.01,3.99,50.22,49.78,6.22,7.05,6.75,7.25,8.26,8.15,8.28,8.66,8.72,7.08,6.04,4.84,4.23,3.51,2.48,1.29,0.71,0.3,0.13,0.04,0.01,100.0,0.0,100.0,0.0,0.0,0.0,0.0,0.0,0.0,0.0,0.0,0.0,0.0,0.0,0.0,0.0,0.0,0.0,0.0,0.0,0.0,0.0,0.0,0.0,0.0,0.0,0.0,0.0,0.0,0.0,0.0,0.0,0.0,0.0,0.0,0.0,0.0,0.0,0.0,0.0,0.0,0.0,0.0,0.0,0.0,0.0,0.0,0.0,0.0,0.0,0.0,0.0,0.0,0.0,0.0,0.0,0.0,0.0,0.0,0.0,0.0,0.0,0.0,0.0,0.0,0.0,0.0,0.0,0.0,0.0,0.0,0.0,0.0,0.0,0.0,0.0,0.0,0.0,0.0,0.0,0.0,0.0,0.0,0.0,0.0,0.0,0.0,139074.0,5775.0,72745.0,72104.0,9013.0,10210.0,9780.0,10495.0,11967.0,11798.0,11994.0,12546.0,12635.0,10259.0,8747.0,7005.0,6130.0,5087.0,3594.0,1873.0,1033.0,439.0,182.0,52.0,10.0,144849.0,0.0,144849.0,95.97,95.67,96.15,95.76,98.86,98.61,98.72,98.3,96.08,92.68,75.79,84.05,98.98,95.96,0.0,95.96,0.0,0.0,0.0,0.0,0.0,0.0,0.0,0.0,0.0,0.0,0.0,0.0,0.0,0.0,0.0,0.0,33.0,31.0,33.0,0.0,33.0,94.95,652.93,100.89,0.0,100.89,63.07,102.18,63.44,0.0,63.44,0.0,0.0,0.0,0.0,0.0,0.0,0.0,0.0,0.0,0.0,0.0,0.0,0.0,0.0,0.0
3516507,0.0,0.0,0.0,0.0,0.0,0.0,0.0,0.0,0.0,2763.0,0.0,2763.0,0.0,0.0,0.0,0.0,0.0,0.0,0.0,0.0,0.0,0.0,0.0,0.0,0.0,0.0,0.0,0.0,0.0,0.0,0.0,0.0,0.0,0.0,0.0,0.0,0.0,0.0,0.0,0.0,0.0,0.0,89.0,11.0,50.09,49.91,4.81,5.9,5.83,5.65,5.21,5.14,6.7,7.24,6.66,7.31,8.51,7.56,5.97,5.61,4.85,3.29,2.24,1.09,0.4,0.04,0.0,100.0,0.0,100.0,0.0,0.0,0.0,0.0,0.0,0.0,0.0,0.0,0.0,0.0,0.0,0.0,0.0,0.0,0.0,0.0,0.0,0.0,0.0,0.0,0.0,0.0,0.0,0.0,0.0,0.0,0.0,0.0,0.0,0.0,0.0,0.0,0.0,0.0,0.0,0.0,0.0,0.0,0.0,0.0,0.0,0.0,0.0,0.0,0.0,0.0,0.0,0.0,0.0,0.0,0.0,0.0,0.0,0.0,0.0,0.0,0.0,0.0,0.0,0.0,0.0,0.0,0.0,0.0,0.0,0.0,0.0,0.0,0.0,0.0,0.0,0.0,0.0,0.0,0.0,0.0,0.0,0.0,0.0,0.0,0.0,0.0,0.0,0.0,2459.0,304.0,1384.0,1379.0,133.0,163.0,161.0,156.0,144.0,142.0,185.0,200.0,184.0,202.0,235.0,209.0,165.0,155.0,134.0,91.0,62.0,30.0,11.0,1.0,0.0,2763.0,0.0,2763.0,94.75,94.8,95.37,94.14,100.0,99.39,100.0,98.7,96.8,94.39,75.9,83.68,100.0,94.75,0.0,94.75,0.0,0.0,0.0,0.0,0.0,0.0,0.0,0.0,0.0,0.0,0.0,0.0,0.0,0.0,0.0,0.0,40.0,54.0,42.0,0.0,42.0,98.79,114.08,100.36,0.0,100.36,127.01,322.86,142.01,0.0,142.01,0.0,0.0,0.0,0.0,0.0,0.0,0.0,0.0,0.0,0.0,0.0,0.0,0.0,0.0,0.0
3516606,0.0,0.0,0.0,0.0,0.0,0.0,0.0,0.0,0.0,6380.0,0.0,6380.0,0.0,0.0,0.0,0.0,0.0,0.0,0.0,0.0,0.0,0.0,0.0,0.0,0.0,0.0,0.0,0.0,0.0,0.0,0.0,0.0,0.0,0.0,0.0,0.0,0.0,0.0,0.0,0.0,0.0,0.0,80.8,19.2,49.06,50.94,4.95,5.63,5.88,5.8,5.36,6.02,6.33,7.12,8.21,7.49,6.97,6.66,6.3,5.82,4.78,3.1,1.77,1.27,0.41,0.11,0.02,100.0,0.0,100.0,0.0,0.0,0.0,0.0,0.0,0.0,0.0,0.0,0.0,0.0,0.0,0.0,0.0,0.0,0.0,0.0,0.0,0.0,0.0,0.0,0.0,0.0,0.0,0.0,0.0,0.0,0.0,0.0,0.0,0.0,0.0,0.0,0.0,0.0,0.0,0.0,0.0,0.0,0.0,0.0,0.0,0.0,0.0,0.0,0.0,0.0,0.0,0.0,0.0,0.0,0.0,0.0,0.0,0.0,0.0,0.0,0.0,0.0,0.0,0.0,0.0,0.0,0.0,0.0,0.0,0.0,0.0,0.0,0.0,0.0,0.0,0.0,0.0,0.0,0.0,0.0,0.0,0.0,0.0,0.0,0.0,0.0,0.0,0.0,5155.0,1225.0,3130.0,3250.0,316.0,359.0,375.0,370.0,342.0,384.0,404.0,454.0,524.0,478.0,445.0,425.0,402.0,371.0,305.0,198.0,113.0,81.0,26.0,7.0,1.0,6380.0,0.0,6380.0,93.27,94.16,94.0,92.9,99.12,98.35,99.15,96.42,93.61,92.87,79.81,84.03,97.79,93.43,0.0,93.43,0.0,0.0,0.0,0.0,0.0,0.0,0.0,0.0,0.0,0.0,0.0,0.0,0.0,0.0,0.0,0.0,41.0,40.0,41.0,0.0,41.0,91.28,120.72,96.31,0.0,96.31,152.26,111.26,143.24,0.0,143.24,0.0,0.0,0.0,0.0,0.0,0.0,0.0,0.0,0.0,0.0,0.0,0.0,0.0,0.0,0.0
3516705,0.0,0.0,0.0,0.0,0.0,0.0,0.0,0.0,0.0,42110.0,0.0,42110.0,0.0,0.0,0.0,0.0,0.0,0.0,0.0,0.0,0.0,0.0,0.0,0.0,0.0,0.0,0.0,0.0,0.0,0.0,0.0,0.0,0.0,0.0,0.0,0.0,0.0,0.0,0.0,0.0,0.0,0.0,94.82,5.18,48.16,51.84,5.4,5.62,5.86,6.31,6.92,6.74,7.09,7.21,7.8,7.25,6.85,6.27,5.92,5.2,3.96,2.6,1.59,0.9,0.38,0.11,0.02,100.0,0.0,100.0,0.0,0.0,0.0,0.0,0.0,0.0,0.0,0.0,0.0,0.0,0.0,0.0,0.0,0.0,0.0,0.0,0.0,0.0,0.0,0.0,0.0,0.0,0.0,0.0,0.0,0.0,0.0,0.0,0.0,0.0,0.0,0.0,0.0,0.0,0.0,0.0,0.0,0.0,0.0,0.0,0.0,0.0,0.0,0.0,0.0,0.0,0.0,0.0,0.0,0.0,0.0,0.0,0.0,0.0,0.0,0.0,0.0,0.0,0.0,0.0,0.0,0.0,0.0,0.0,0.0,0.0,0.0,0.0,0.0,0.0,0.0,0.0,0.0,0.0,0.0,0.0,0.0,0.0,0.0,0.0,0.0,0.0,0.0,0.0,39928.0,2182.0,20281.0,21829.0,2272.0,2367.0,2468.0,2657.0,2912.0,2840.0,2984.0,3036.0,3286.0,3052.0,2885.0,2641.0,2494.0,2191.0,1668.0,1093.0,671.0,378.0,161.0,47.0,7.0,42110.0,0.0,42110.0,96.05,93.0,96.66,95.2,99.31,99.04,98.61,98.85,97.24,95.05,80.87,86.58,98.7,95.89,0.0,95.89,0.0,0.0,0.0,0.0,0.0,0.0,0.0,0.0,0.0,0.0,0.0,0.0,0.0,0.0,0.0,0.0,39.0,39.0,39.0,0.0,39.0,91.76,116.68,92.91,0.0,92.91,124.74,86.83,122.56,0.0,122.56,0.0,0.0,0.0,0.0,0.0,0.0,0.0,0.0,0.0,0.0,0.0,0.0,0.0,0.0,0.0
3516804,0.0,0.0,0.0,0.0,0.0,0.0,0.0,0.0,0.0,3252.0,0.0,3252.0,0.0,0.0,0.0,0.0,0.0,0.0,0.0,0.0,0.0,0.0,0.0,0.0,0.0,0.0,0.0,0.0,0.0,0.0,0.0,0.0,0.0,0.0,0.0,0.0,0.0,0.0,0.0,0.0,0.0,0.0,90.53,9.47,48.52,51.48,4.49,6.58,6.3,7.32,5.84,5.44,5.87,8.0,7.63,6.58,6.55,6.67,6.21,5.1,4.67,3.51,1.78,1.01,0.37,0.06,0.0,100.0,0.0,100.0,0.0,0.0,0.0,0.0,0.0,0.0,0.0,0.0,0.0,0.0,0.0,0.0,0.0,0.0,0.0,0.0,0.0,0.0,0.0,0.0,0.0,0.0,0.0,0.0,0.0,0.0,0.0,0.0,0.0,0.0,0.0,0.0,0.0,0.0,0.0,0.0,0.0,0.0,0.0,0.0,0.0,0.0,0.0,0.0,0.0,0.0,0.0,0.0,0.0,0.0,0.0,0.0,0.0,0.0,0.0,0.0,0.0,0.0,0.0,0.0,0.0,0.0,0.0,0.0,0.0,0.0,0.0,0.0,0.0,0.0,0.0,0.0,0.0,0.0,0.0,0.0,0.0,0.0,0.0,0.0,0.0,0.0,0.0,0.0,2944.0,308.0,1578.0,1674.0,146.0,214.0,205.0,238.0,190.0,177.0,191.0,260.0,248.0,214.0,213.0,217.0,202.0,166.0,152.0,114.0,58.0,33.0,12.0,2.0,0.0,3252.0,0.0,3252.0,90.76,92.43,91.04,90.8,98.42,98.37,99.29,95.87,95.08,88.54,59.82,73.56,97.94,90.92,0.0,90.92,0.0,0.0,0.0,0.0,0.0,0.0,0.0,0.0,0.0,0.0,0.0,0.0,0.0,0.0,0.0,0.0,40.0,38.0,40.0,0.0,40.0,93.18,105.33,94.27,0.0,94.27,134.25,100.0,130.8,0.0,130.8,0.0,0.0,0.0,0.0,0.0,0.0,0.0,0.0,0.0,0.0,0.0,0.0,0.0,0.0,0.0
3516853,0.0,0.0,0.0,0.0,0.0,0.0,0.0,0.0,0.0,4702.0,0.0,4702.0,0.0,0.0,0.0,0.0,0.0,0.0,0.0,0.0,0.0,0.0,0.0,0.0,0.0,0.0,0.0,0.0,0.0,0.0,0.0,0.0,0.0,0.0,0.0,0.0,0.0,0.0,0.0,0.0,0.0,0.0,89.92,10.08,49.66,50.34,6.91,7.02,6.76,6.98,6.98,7.19,8.25,7.83,7.76,6.4,6.36,6.02,5.15,3.62,2.68,1.89,1.08,0.77,0.3,0.06,0.0,100.0,0.0,100.0,0.0,0.0,0.0,0.0,0.0,0.0,0.0,0.0,0.0,0.0,0.0,0.0,0.0,0.0,0.0,0.0,0.0,0.0,0.0,0.0,0.0,0.0,0.0,0.0,0.0,0.0,0.0,0.0,0.0,0.0,0.0,0.0,0.0,0.0,0.0,0.0,0.0,0.0,0.0,0.0,0.0,0.0,0.0,0.0,0.0,0.0,0.0,0.0,0.0,0.0,0.0,0.0,0.0,0.0,0.0,0.0,0.0,0.0,0.0,0.0,0.0,0.0,0.0,0.0,0.0,0.0,0.0,0.0,0.0,0.0,0.0,0.0,0.0,0.0,0.0,0.0,0.0,0.0,0.0,0.0,0.0,0.0,0.0,0.0,4228.0,474.0,2335.0,2367.0,325.0,330.0,318.0,328.0,328.0,338.0,388.0,368.0,365.0,301.0,299.0,283.0,242.0,170.0,126.0,89.0,51.0,36.0,14.0,3.0,0.0,4702.0,0.0,4702.0,94.35,93.52,94.78,93.76,99.09,99.31,98.52,97.41,96.33,90.86,68.91,77.1,98.4,94.26,0.0,94.26,0.0,0.0,0.0,0.0,0.0,0.0,0.0,0.0,0.0,0.0,0.0,0.0,0.0,0.0,0.0,0.0,34.0,40.0,34.0,0.0,34.0,97.75,106.99,98.65,0.0,98.65,71.53,111.36,75.13,0.0,75.13,0.0,0.0,0.0,0.0,0.0,0.0,0.0,0.0,0.0,0.0,0.0,0.0,0.0,0.0,0.0
3516903,0.0,0.0,0.0,0.0,0.0,0.0,0.0,0.0,0.0,10312.0,0.0,10312.0,0.0,0.0,0.0,0.0,0.0,0.0,0.0,0.0,0.0,0.0,0.0,0.0,0.0,0.0,0.0,0.0,0.0,0.0,0.0,0.0,0.0,0.0,0.0,0.0,0.0,0.0,0.0,0.0,0.0,0.0,89.4,10.6,49.24,50.76,4.79,6.03,5.69,5.74,6.0,5.87,6.53,7.39,7.0,7.04,6.95,7.66,6.74,5.76,4.42,3.1,1.95,0.84,0.35,0.13,0.01,100.0,0.0,100.0,0.0,0.0,0.0,0.0,0.0,0.0,0.0,0.0,0.0,0.0,0.0,0.0,0.0,0.0,0.0,0.0,0.0,0.0,0.0,0.0,0.0,0.0,0.0,0.0,0.0,0.0,0.0,0.0,0.0,0.0,0.0,0.0,0.0,0.0,0.0,0.0,0.0,0.0,0.0,0.0,0.0,0.0,0.0,0.0,0.0,0.0,0.0,0.0,0.0,0.0,0.0,0.0,0.0,0.0,0.0,0.0,0.0,0.0,0.0,0.0,0.0,0.0,0.0,0.0,0.0,0.0,0.0,0.0,0.0,0.0,0.0,0.0,0.0,0.0,0.0,0.0,0.0,0.0,0.0,0.0,0.0,0.0,0.0,0.0,9219.0,1093.0,5078.0,5234.0,494.0,622.0,587.0,592.0,619.0,605.0,673.0,762.0,722.0,726.0,717.0,790.0,695.0,594.0,456.0,320.0,201.0,87.0,36.0,13.0,1.0,10312.0,0.0,10312.0,93.75,94.07,94.54,93.06,98.71,98.36,99.72,97.51,95.98,94.28,71.28,81.09,99.16,93.79,0.0,93.79,0.0,0.0,0.0,0.0,0.0,0.0,0.0,0.0,0.0,0.0,0.0,0.0,0.0,0.0,0.0,0.0,41.0,42.0,41.0,0.0,41.0,96.02,105.84,97.02,0.0,97.02,141.51,137.7,141.1,0.0,141.1,0.0,0.0,0.0,0.0,0.0,0.0,0.0,0.0,0.0,0.0,0.0,0.0,0.0,0.0,0.0
3517000,0.0,0.0,0.0,0.0,0.0,0.0,0.0,0.0,0.0,10232.0,0.0,10232.0,0.0,0.0,0.0,0.0,0.0,0.0,0.0,0.0,0.0,0.0,0.0,0.0,0.0,0.0,0.0,0.0,0.0,0.0,0.0,0.0,0.0,0.0,0.0,0.0,0.0,0.0,0.0,0.0,0.0,0.0,76.55,23.45,54.86,45.14,4.4,5.06,5.36,5.84,6.97,8.22,8.53,8.64,8.51,7.06,6.33,5.97,5.77,4.48,3.53,2.49,1.46,0.92,0.38,0.08,0.01,100.0,0.0,100.0,0.0,0.0,0.0,0.0,0.0,0.0,0.0,0.0,0.0,0.0,0.0,0.0,0.0,0.0,0.0,0.0,0.0,0.0,0.0,0.0,0.0,0.0,0.0,0.0,0.0,0.0,0.0,0.0,0.0,0.0,0.0,0.0,0.0,0.0,0.0,0.0,0.0,0.0,0.0,0.0,0.0,0.0,0.0,0.0,0.0,0.0,0.0,0.0,0.0,0.0,0.0,0.0,0.0,0.0,0.0,0.0,0.0,0.0,0.0,0.0,0.0,0.0,0.0,0.0,0.0,0.0,0.0,0.0,0.0,0.0,0.0,0.0,0.0,0.0,0.0,0.0,0.0,0.0,0.0,0.0,0.0,0.0,0.0,0.0,7833.0,2399.0,5613.0,4619.0,450.0,518.0,548.0,598.0,713.0,841.0,873.0,884.0,871.0,722.0,648.0,611.0,590.0,458.0,361.0,255.0,149.0,94.0,39.0,8.0,1.0,10232.0,0.0,10232.0,93.53,97.42,95.71,93.01,98.04,97.96,98.1,98.29,95.84,92.92,75.64,81.76,99.56,94.52,0.0,94.52,0.0,0.0,0.0,0.0,0.0,0.0,0.0,0.0,0.0,0.0,0.0,0.0,0.0,0.0,0.0,0.0,39.0,36.0,38.0,0.0,38.0,91.89,346.74,121.52,0.0,121.52,124.96,156.84,128.96,0.0,128.96,0.0,0.0,0.0,0.0,0.0,0.0,0.0,0.0,0.0,0.0,0.0,0.0,0.0,0.0,0.0
3517109,0.0,0.0,0.0,0.0,0.0,0.0,0.0,0.0,0.0,4138.0,0.0,4138.0,0.0,0.0,0.0,0.0,0.0,0.0,0.0,0.0,0.0,0.0,0.0,0.0,0.0,0.0,0.0,0.0,0.0,0.0,0.0,0.0,0.0,0.0,0.0,0.0,0.0,0.0,0.0,0.0,0.0,0.0,82.94,17.06,49.06,50.94,5.87,6.07,6.38,5.7,6.4,5.46,6.31,6.5,7.1,6.86,7.64,7.03,6.72,6.11,4.16,2.46,1.76,0.99,0.41,0.05,0.0,100.0,0.0,100.0,0.0,0.0,0.0,0.0,0.0,0.0,0.0,0.0,0.0,0.0,0.0,0.0,0.0,0.0,0.0,0.0,0.0,0.0,0.0,0.0,0.0,0.0,0.0,0.0,0.0,0.0,0.0,0.0,0.0,0.0,0.0,0.0,0.0,0.0,0.0,0.0,0.0,0.0,0.0,0.0,0.0,0.0,0.0,0.0,0.0,0.0,0.0,0.0,0.0,0.0,0.0,0.0,0.0,0.0,0.0,0.0,0.0,0.0,0.0,0.0,0.0,0.0,0.0,0.0,0.0,0.0,0.0,0.0,0.0,0.0,0.0,0.0,0.0,0.0,0.0,0.0,0.0,0.0,0.0,0.0,0.0,0.0,0.0,0.0,3432.0,706.0,2030.0,2108.0,243.0,251.0,264.0,236.0,265.0,226.0,261.0,269.0,294.0,284.0,316.0,291.0,278.0,253.0,172.0,102.0,73.0,41.0,17.0,2.0,0.0,4138.0,0.0,4138.0,94.06,94.19,94.81,93.4,98.87,98.77,98.74,96.98,97.17,92.09,74.89,83.79,96.1,94.08,0.0,94.08,0.0,0.0,0.0,0.0,0.0,0.0,0.0,0.0,0.0,0.0,0.0,0.0,0.0,0.0,0.0,0.0,40.0,43.0,40.0,0.0,40.0,94.12,107.65,96.3,0.0,96.3,119.15,147.93,123.75,0.0,123.75,0.0,0.0,0.0,0.0,0.0,0.0,0.0,0.0,0.0,0.0,0.0,0.0,0.0,0.0,0.0
3517208,0.0,0.0,0.0,0.0,0.0,0.0,0.0,0.0,0.0,11239.0,0.0,11239.0,0.0,0.0,0.0,0.0,0.0,0.0,0.0,0.0,0.0,0.0,0.0,0.0,0.0,0.0,0.0,0.0,0.0,0.0,0.0,0.0,0.0,0.0,0.0,0.0,0.0,0.0,0.0,0.0,0.0,0.0,92.94,7.06,49.44,50.56,6.34,6.86,7.19,6.82,6.98,7.08,7.3,7.87,7.73,6.5,6.68,6.13,5.21,4.44,2.7,1.99,1.26,0.54,0.28,0.05,0.02,100.0,0.0,100.0,0.0,0.0,0.0,0.0,0.0,0.0,0.0,0.0,0.0,0.0,0.0,0.0,0.0,0.0,0.0,0.0,0.0,0.0,0.0,0.0,0.0,0.0,0.0,0.0,0.0,0.0,0.0,0.0,0.0,0.0,0.0,0.0,0.0,0.0,0.0,0.0,0.0,0.0,0.0,0.0,0.0,0.0,0.0,0.0,0.0,0.0,0.0,0.0,0.0,0.0,0.0,0.0,0.0,0.0,0.0,0.0,0.0,0.0,0.0,0.0,0.0,0.0,0.0,0.0,0.0,0.0,0.0,0.0,0.0,0.0,0.0,0.0,0.0,0.0,0.0,0.0,0.0,0.0,0.0,0.0,0.0,0.0,0.0,0.0,10446.0,793.0,5557.0,5682.0,713.0,771.0,808.0,766.0,784.0,796.0,821.0,885.0,869.0,731.0,751.0,689.0,586.0,499.0,304.0,224.0,142.0,61.0,31.0,6.0,2.0,11239.0,0.0,11239.0,95.62,94.86,96.11,95.04,99.11,98.33,98.94,97.83,96.42,93.25,79.83,86.37,97.3,95.56,0.0,95.56,0.0,0.0,0.0,0.0,0.0,0.0,0.0,0.0,0.0,0.0,0.0,0.0,0.0,0.0,0.0,0.0,35.0,43.0,35.0,0.0,35.0,96.61,114.91,97.8,0.0,97.8,76.94,146.21,80.93,0.0,80.93,0.0,0.0,0.0,0.0,0.0,0.0,0.0,0.0,0.0,0.0,0.0,0.0,0.0,0.0,0.0
3517307,0.0,0.0,0.0,0.0,0.0,0.0,0.0,0.0,0.0,5512.0,0.0,5512.0,0.0,0.0,0.0,0.0,0.0,0.0,0.0,0.0,0.0,0.0,0.0,0.0,0.0,0.0,0.0,0.0,0.0,0.0,0.0,0.0,0.0,0.0,0.0,0.0,0.0,0.0,0.0,0.0,0.0,0.0,88.48,11.52,49.69,50.31,5.73,6.66,6.62,7.04,6.88,6.44,6.71,7.18,7.67,6.13,6.57,6.19,6.02,4.99,3.41,2.79,1.63,0.82,0.36,0.15,0.0,100.0,0.0,100.0,0.0,0.0,0.0,0.0,0.0,0.0,0.0,0.0,0.0,0.0,0.0,0.0,0.0,0.0,0.0,0.0,0.0,0.0,0.0,0.0,0.0,0.0,0.0,0.0,0.0,0.0,0.0,0.0,0.0,0.0,0.0,0.0,0.0,0.0,0.0,0.0,0.0,0.0,0.0,0.0,0.0,0.0,0.0,0.0,0.0,0.0,0.0,0.0,0.0,0.0,0.0,0.0,0.0,0.0,0.0,0.0,0.0,0.0,0.0,0.0,0.0,0.0,0.0,0.0,0.0,0.0,0.0,0.0,0.0,0.0,0.0,0.0,0.0,0.0,0.0,0.0,0.0,0.0,0.0,0.0,0.0,0.0,0.0,0.0,4877.0,635.0,2739.0,2773.0,316.0,367.0,365.0,388.0,379.0,355.0,370.0,396.0,423.0,338.0,362.0,341.0,332.0,275.0,188.0,154.0,90.0,45.0,20.0,8.0,0.0,5512.0,0.0,5512.0,92.86,92.64,93.51,92.18,98.94,97.79,97.84,98.66,94.0,89.9,68.77,77.69,100.0,92.83,0.0,92.83,0.0,0.0,0.0,0.0,0.0,0.0,0.0,0.0,0.0,0.0,0.0,0.0,0.0,0.0,0.0,0.0,37.0,40.0,37.0,0.0,37.0,96.26,120.49,98.77,0.0,98.77,105.46,110.61,106.11,0.0,106.11,0.0,0.0,0.0,0.0,0.0,0.0,0.0,0.0,0.0,0.0,0.0,0.0,0.0,0.0,0.0
3517406,0.0,0.0,0.0,0.0,0.0,0.0,0.0,0.0,0.0,39279.0,0.0,39279.0,0.0,0.0,0.0,0.0,0.0,0.0,0.0,0.0,0.0,0.0,0.0,0.0,0.0,0.0,0.0,0.0,0.0,0.0,0.0,0.0,0.0,0.0,0.0,0.0,0.0,0.0,0.0,0.0,0.0,0.0,96.84,3.16,48.74,51.26,5.5,5.74,6.16,6.9,6.82,7.01,7.31,8.13,8.0,7.18,7.06,6.39,5.6,4.42,3.3,2.24,1.36,0.56,0.23,0.06,0.01,100.0,0.0,100.0,0.0,0.0,0.0,0.0,0.0,0.0,0.0,0.0,0.0,0.0,0.0,0.0,0.0,0.0,0.0,0.0,0.0,0.0,0.0,0.0,0.0,0.0,0.0,0.0,0.0,0.0,0.0,0.0,0.0,0.0,0.0,0.0,0.0,0.0,0.0,0.0,0.0,0.0,0.0,0.0,0.0,0.0,0.0,0.0,0.0,0.0,0.0,0.0,0.0,0.0,0.0,0.0,0.0,0.0,0.0,0.0,0.0,0.0,0.0,0.0,0.0,0.0,0.0,0.0,0.0,0.0,0.0,0.0,0.0,0.0,0.0,0.0,0.0,0.0,0.0,0.0,0.0,0.0,0.0,0.0,0.0,0.0,0.0,0.0,38036.0,1243.0,19146.0,20133.0,2162.0,2256.0,2419.0,2711.0,2679.0,2754.0,2871.0,3194.0,3144.0,2822.0,2772.0,2509.0,2201.0,1738.0,1297.0,881.0,533.0,220.0,89.0,25.0,2.0,39279.0,0.0,39279.0,96.18,92.81,96.53,95.64,99.37,98.77,99.56,98.28,96.91,94.88,81.43,86.48,98.93,96.07,0.0,96.07,0.0,0.0,0.0,0.0,0.0,0.0,0.0,0.0,0.0,0.0,0.0,0.0,0.0,0.0,0.0,0.0,37.0,41.0,37.0,0.0,37.0,94.49,115.8,95.1,0.0,95.1,102.01,107.02,102.18,0.0,102.18,0.0,0.0,0.0,0.0,0.0,0.0,0.0,0.0,0.0,0.0,0.0,0.0,0.0,0.0,0.0
3517505,0.0,0.0,0.0,0.0,0.0,0.0,0.0,0.0,0.0,21711.0,0.0,21711.0,0.0,0.0,0.0,0.0,0.0,0.0,0.0,0.0,0.0,0.0,0.0,0.0,0.0,0.0,0.0,0.0,0.0,0.0,0.0,0.0,0.0,0.0,0.0,0.0,0.0,0.0,0.0,0.0,0.0,0.0,93.43,6.57,49.56,50.44,5.92,6.58,6.19,6.49,7.69,7.86,7.87,8.12,8.01,6.74,6.52,5.55,4.97,4.05,3.1,2.04,1.17,0.87,0.22,0.03,0.01,100.0,0.0,100.0,0.0,0.0,0.0,0.0,0.0,0.0,0.0,0.0,0.0,0.0,0.0,0.0,0.0,0.0,0.0,0.0,0.0,0.0,0.0,0.0,0.0,0.0,0.0,0.0,0.0,0.0,0.0,0.0,0.0,0.0,0.0,0.0,0.0,0.0,0.0,0.0,0.0,0.0,0.0,0.0,0.0,0.0,0.0,0.0,0.0,0.0,0.0,0.0,0.0,0.0,0.0,0.0,0.0,0.0,0.0,0.0,0.0,0.0,0.0,0.0,0.0,0.0,0.0,0.0,0.0,0.0,0.0,0.0,0.0,0.0,0.0,0.0,0.0,0.0,0.0,0.0,0.0,0.0,0.0,0.0,0.0,0.0,0.0,0.0,20284.0,1427.0,10759.0,10952.0,1286.0,1429.0,1343.0,1408.0,1669.0,1706.0,1708.0,1764.0,1740.0,1463.0,1416.0,1204.0,1080.0,880.0,673.0,443.0,255.0,188.0,48.0,6.0,2.0,21711.0,0.0,21711.0,95.45,92.73,95.45,95.08,98.8,98.65,99.4,97.6,95.83,93.87,73.99,83.29,99.31,95.26,0.0,95.26,0.0,0.0,0.0,0.0,0.0,0.0,0.0,0.0,0.0,0.0,0.0,0.0,0.0,0.0,0.0,0.0,35.0,39.0,35.0,0.0,35.0,97.24,113.62,98.24,0.0,98.24,86.21,119.57,88.1,0.0,88.1,0.0,0.0,0.0,0.0,0.0,0.0,0.0,0.0,0.0,0.0,0.0,0.0,0.0,0.0,0.0
3517604,0.0,0.0,0.0,0.0,0.0,0.0,0.0,0.0,0.0,17071.0,0.0,17071.0,0.0,0.0,0.0,0.0,0.0,0.0,0.0,0.0,0.0,0.0,0.0,0.0,0.0,0.0,0.0,0.0,0.0,0.0,0.0,0.0,0.0,0.0,0.0,0.0,0.0,0.0,0.0,0.0,0.0,0.0,40.46,59.54,50.66,49.34,5.93,6.62,6.86,7.13,6.78,6.71,7.11,6.84,7.44,6.87,6.8,6.57,5.82,4.57,3.46,2.16,1.34,0.62,0.26,0.11,0.0,100.0,0.0,100.0,0.0,0.0,0.0,0.0,0.0,0.0,0.0,0.0,0.0,0.0,0.0,0.0,0.0,0.0,0.0,0.0,0.0,0.0,0.0,0.0,0.0,0.0,0.0,0.0,0.0,0.0,0.0,0.0,0.0,0.0,0.0,0.0,0.0,0.0,0.0,0.0,0.0,0.0,0.0,0.0,0.0,0.0,0.0,0.0,0.0,0.0,0.0,0.0,0.0,0.0,0.0,0.0,0.0,0.0,0.0,0.0,0.0,0.0,0.0,0.0,0.0,0.0,0.0,0.0,0.0,0.0,0.0,0.0,0.0,0.0,0.0,0.0,0.0,0.0,0.0,0.0,0.0,0.0,0.0,0.0,0.0,0.0,0.0,0.0,6907.0,10164.0,8648.0,8423.0,1012.0,1130.0,1171.0,1217.0,1157.0,1146.0,1214.0,1167.0,1270.0,1173.0,1161.0,1122.0,994.0,780.0,590.0,369.0,228.0,106.0,45.0,19.0,0.0,17071.0,0.0,17071.0,93.69,89.69,93.07,89.47,98.01,98.05,98.64,96.76,92.59,86.44,63.75,72.95,99.79,91.3,0.0,91.3,0.0,0.0,0.0,0.0,0.0,0.0,0.0,0.0,0.0,0.0,0.0,0.0,0.0,0.0,0.0,0.0,35.0,37.0,37.0,0.0,37.0,97.57,106.29,102.67,0.0,102.67,85.69,100.67,94.51,0.0,94.51,0.0,0.0,0.0,0.0,0.0,0.0,0.0,0.0,0.0,0.0,0.0,0.0,0.0,0.0,0.0
3517703,0.0,0.0,0.0,0.0,0.0,0.0,0.0,0.0,0.0,18606.0,0.0,18606.0,0.0,0.0,0.0,0.0,0.0,0.0,0.0,0.0,0.0,0.0,0.0,0.0,0.0,0.0,0.0,0.0,0.0,0.0,0.0,0.0,0.0,0.0,0.0,0.0,0.0,0.0,0.0,0.0,0.0,0.0,97.54,2.46,48.83,51.17,5.85,6.38,6.43,7.69,7.99,7.22,6.77,7.51,7.76,6.84,6.38,5.78,5.22,4.4,3.49,2.12,1.21,0.56,0.27,0.13,0.01,100.0,0.0,100.0,0.0,0.0,0.0,0.0,0.0,0.0,0.0,0.0,0.0,0.0,0.0,0.0,0.0,0.0,0.0,0.0,0.0,0.0,0.0,0.0,0.0,0.0,0.0,0.0,0.0,0.0,0.0,0.0,0.0,0.0,0.0,0.0,0.0,0.0,0.0,0.0,0.0,0.0,0.0,0.0,0.0,0.0,0.0,0.0,0.0,0.0,0.0,0.0,0.0,0.0,0.0,0.0,0.0,0.0,0.0,0.0,0.0,0.0,0.0,0.0,0.0,0.0,0.0,0.0,0.0,0.0,0.0,0.0,0.0,0.0,0.0,0.0,0.0,0.0,0.0,0.0,0.0,0.0,0.0,0.0,0.0,0.0,0.0,0.0,18149.0,457.0,9086.0,9520.0,1089.0,1187.0,1196.0,1430.0,1487.0,1344.0,1259.0,1397.0,1444.0,1272.0,1187.0,1075.0,972.0,818.0,649.0,394.0,225.0,105.0,50.0,25.0,1.0,18606.0,0.0,18606.0,93.77,91.76,93.48,93.93,98.66,97.89,98.82,96.52,92.6,90.86,77.13,82.71,98.96,93.72,0.0,93.72,0.0,0.0,0.0,0.0,0.0,0.0,0.0,0.0,0.0,0.0,0.0,0.0,0.0,0.0,0.0,0.0,35.0,41.0,36.0,0.0,36.0,94.61,135.57,95.44,0.0,95.44,92.72,117.28,93.29,0.0,93.29,0.0,0.0,0.0,0.0,0.0,0.0,0.0,0.0,0.0,0.0,0.0,0.0,0.0,0.0,0.0
3517802,0.0,0.0,0.0,0.0,0.0,0.0,0.0,0.0,0.0,7441.0,0.0,7441.0,0.0,0.0,0.0,0.0,0.0,0.0,0.0,0.0,0.0,0.0,0.0,0.0,0.0,0.0,0.0,0.0,0.0,0.0,0.0,0.0,0.0,0.0,0.0,0.0,0.0,0.0,0.0,0.0,0.0,0.0,79.1,20.9,49.28,50.72,4.37,4.78,5.42,5.85,5.82,5.44,5.85,6.63,7.27,7.51,8.0,7.4,6.92,6.13,4.61,3.52,2.27,1.57,0.46,0.13,0.05,100.0,0.0,100.0,0.0,0.0,0.0,0.0,0.0,0.0,0.0,0.0,0.0,0.0,0.0,0.0,0.0,0.0,0.0,0.0,0.0,0.0,0.0,0.0,0.0,0.0,0.0,0.0,0.0,0.0,0.0,0.0,0.0,0.0,0.0,0.0,0.0,0.0,0.0,0.0,0.0,0.0,0.0,0.0,0.0,0.0,0.0,0.0,0.0,0.0,0.0,0.0,0.0,0.0,0.0,0.0,0.0,0.0,0.0,0.0,0.0,0.0,0.0,0.0,0.0,0.0,0.0,0.0,0.0,0.0,0.0,0.0,0.0,0.0,0.0,0.0,0.0,0.0,0.0,0.0,0.0,0.0,0.0,0.0,0.0,0.0,0.0,0.0,5886.0,1555.0,3667.0,3774.0,325.0,356.0,403.0,435.0,433.0,405.0,435.0,493.0,541.0,559.0,595.0,551.0,515.0,456.0,343.0,262.0,169.0,117.0,34.0,10.0,4.0,7441.0,0.0,7441.0,93.14,93.45,93.89,92.56,99.54,97.74,100.0,97.68,97.05,95.03,67.45,78.64,98.94,93.2,0.0,93.2,0.0,0.0,0.0,0.0,0.0,0.0,0.0,0.0,0.0,0.0,0.0,0.0,0.0,0.0,0.0,0.0,43.0,45.0,44.0,0.0,44.0,91.73,120.88,97.16,0.0,97.16,175.38,179.3,176.2,0.0,176.2,0.0,0.0,0.0,0.0,0.0,0.0,0.0,0.0,0.0,0.0,0.0,0.0,0.0,0.0,0.0
3517901,0.0,0.0,0.0,0.0,0.0,0.0,0.0,0.0,0.0,10350.0,0.0,10350.0,0.0,0.0,0.0,0.0,0.0,0.0,0.0,0.0,0.0,0.0,0.0,0.0,0.0,0.0,0.0,0.0,0.0,0.0,0.0,0.0,0.0,0.0,0.0,0.0,0.0,0.0,0.0,0.0,0.0,0.0,93.08,6.92,50.0,50.0,5.21,5.88,6.94,6.81,6.64,6.62,7.09,8.2,7.45,6.85,6.71,6.34,5.6,4.65,3.75,2.47,1.38,0.98,0.35,0.07,0.02,100.0,0.0,100.0,0.0,0.0,0.0,0.0,0.0,0.0,0.0,0.0,0.0,0.0,0.0,0.0,0.0,0.0,0.0,0.0,0.0,0.0,0.0,0.0,0.0,0.0,0.0,0.0,0.0,0.0,0.0,0.0,0.0,0.0,0.0,0.0,0.0,0.0,0.0,0.0,0.0,0.0,0.0,0.0,0.0,0.0,0.0,0.0,0.0,0.0,0.0,0.0,0.0,0.0,0.0,0.0,0.0,0.0,0.0,0.0,0.0,0.0,0.0,0.0,0.0,0.0,0.0,0.0,0.0,0.0,0.0,0.0,0.0,0.0,0.0,0.0,0.0,0.0,0.0,0.0,0.0,0.0,0.0,0.0,0.0,0.0,0.0,0.0,9634.0,716.0,5175.0,5175.0,539.0,609.0,718.0,705.0,687.0,685.0,734.0,849.0,771.0,709.0,694.0,656.0,580.0,481.0,388.0,256.0,143.0,101.0,36.0,7.0,2.0,10350.0,0.0,10350.0,93.33,95.54,92.66,94.3,97.53,98.1,97.9,96.05,93.09,90.94,79.08,84.23,98.56,93.48,0.0,93.48,0.0,0.0,0.0,0.0,0.0,0.0,0.0,0.0,0.0,0.0,0.0,0.0,0.0,0.0,0.0,0.0,37.0,41.0,37.0,0.0,37.0,98.84,116.97,100.0,0.0,100.0,107.56,97.74,106.86,0.0,106.86,0.0,0.0,0.0,0.0,0.0,0.0,0.0,0.0,0.0,0.0,0.0,0.0,0.0,0.0,0.0
3518008,0.0,0.0,0.0,0.0,0.0,0.0,0.0,0.0,0.0,1968.0,0.0,1968.0,0.0,0.0,0.0,0.0,0.0,0.0,0.0,0.0,0.0,0.0,0.0,0.0,0.0,0.0,0.0,0.0,0.0,0.0,0.0,0.0,0.0,0.0,0.0,0.0,0.0,0.0,0.0,0.0,0.0,0.0,86.99,13.01,49.85,50.15,4.88,5.74,6.1,6.0,4.62,6.15,6.35,6.86,7.06,7.32,7.62,7.47,7.11,5.23,4.52,3.05,2.13,1.22,0.46,0.05,0.05,100.0,0.0,100.0,0.0,0.0,0.0,0.0,0.0,0.0,0.0,0.0,0.0,0.0,0.0,0.0,0.0,0.0,0.0,0.0,0.0,0.0,0.0,0.0,0.0,0.0,0.0,0.0,0.0,0.0,0.0,0.0,0.0,0.0,0.0,0.0,0.0,0.0,0.0,0.0,0.0,0.0,0.0,0.0,0.0,0.0,0.0,0.0,0.0,0.0,0.0,0.0,0.0,0.0,0.0,0.0,0.0,0.0,0.0,0.0,0.0,0.0,0.0,0.0,0.0,0.0,0.0,0.0,0.0,0.0,0.0,0.0,0.0,0.0,0.0,0.0,0.0,0.0,0.0,0.0,0.0,0.0,0.0,0.0,0.0,0.0,0.0,0.0,1712.0,256.0,981.0,987.0,96.0,113.0,120.0,118.0,91.0,121.0,125.0,135.0,139.0,144.0,150.0,147.0,140.0,103.0,89.0,60.0,42.0,24.0,9.0,1.0,1.0,1968.0,0.0,1968.0,91.5,94.42,92.8,91.0,97.8,98.37,98.77,98.18,94.22,93.38,64.96,74.16,100.0,91.89,0.0,91.89,0.0,0.0,0.0,0.0,0.0,0.0,0.0,0.0,0.0,0.0,0.0,0.0,0.0,0.0,0.0,0.0,41.0,46.0,42.0,0.0,42.0,95.66,128.57,99.39,0.0,99.39,141.67,148.78,142.55,0.0,142.55,0.0,0.0,0.0,0.0,0.0,0.0,0.0,0.0,0.0,0.0,0.0,0.0,0.0,0.0,0.0
3518107,0.0,0.0,0.0,0.0,0.0,0.0,0.0,0.0,0.0,6427.0,0.0,6427.0,0.0,0.0,0.0,0.0,0.0,0.0,0.0,0.0,0.0,0.0,0.0,0.0,0.0,0.0,0.0,0.0,0.0,0.0,0.0,0.0,0.0,0.0,0.0,0.0,0.0,0.0,0.0,0.0,0.0,0.0,81.86,18.14,49.4,50.6,6.3,6.29,7.67,6.78,7.45,6.83,6.6,7.52,7.52,7.05,6.05,5.54,5.4,4.84,3.67,2.07,1.37,0.68,0.3,0.08,0.0,100.0,0.0,100.0,0.0,0.0,0.0,0.0,0.0,0.0,0.0,0.0,0.0,0.0,0.0,0.0,0.0,0.0,0.0,0.0,0.0,0.0,0.0,0.0,0.0,0.0,0.0,0.0,0.0,0.0,0.0,0.0,0.0,0.0,0.0,0.0,0.0,0.0,0.0,0.0,0.0,0.0,0.0,0.0,0.0,0.0,0.0,0.0,0.0,0.0,0.0,0.0,0.0,0.0,0.0,0.0,0.0,0.0,0.0,0.0,0.0,0.0,0.0,0.0,0.0,0.0,0.0,0.0,0.0,0.0,0.0,0.0,0.0,0.0,0.0,0.0,0.0,0.0,0.0,0.0,0.0,0.0,0.0,0.0,0.0,0.0,0.0,0.0,5261.0,1166.0,3175.0,3252.0,405.0,404.0,493.0,436.0,479.0,439.0,424.0,483.0,483.0,453.0,389.0,356.0,347.0,311.0,236.0,133.0,88.0,44.0,19.0,5.0,0.0,6427.0,0.0,6427.0,92.75,92.83,93.33,92.21,98.75,97.22,97.3,96.17,92.99,91.61,74.05,79.07,97.74,92.76,0.0,92.76,0.0,0.0,0.0,0.0,0.0,0.0,0.0,0.0,0.0,0.0,0.0,0.0,0.0,0.0,0.0,0.0,36.0,37.0,36.0,0.0,36.0,95.0,110.47,97.63,0.0,97.63,91.95,86.18,90.86,0.0,90.86,0.0,0.0,0.0,0.0,0.0,0.0,0.0,0.0,0.0,0.0,0.0,0.0,0.0,0.0,0.0
3518206,0.0,0.0,0.0,0.0,0.0,0.0,0.0,0.0,0.0,31043.0,0.0,31043.0,0.0,0.0,0.0,0.0,0.0,0.0,0.0,0.0,0.0,0.0,0.0,0.0,0.0,0.0,0.0,0.0,0.0,0.0,0.0,0.0,0.0,0.0,0.0,0.0,0.0,0.0,0.0,0.0,0.0,0.0,95.04,4.96,48.66,51.34,5.07,6.16,6.09,5.91,6.08,6.34,7.03,8.05,7.69,6.92,7.15,6.98,6.08,4.68,3.61,2.77,1.85,1.08,0.36,0.1,0.01,100.0,0.0,100.0,0.0,0.0,0.0,0.0,0.0,0.0,0.0,0.0,0.0,0.0,0.0,0.0,0.0,0.0,0.0,0.0,0.0,0.0,0.0,0.0,0.0,0.0,0.0,0.0,0.0,0.0,0.0,0.0,0.0,0.0,0.0,0.0,0.0,0.0,0.0,0.0,0.0,0.0,0.0,0.0,0.0,0.0,0.0,0.0,0.0,0.0,0.0,0.0,0.0,0.0,0.0,0.0,0.0,0.0,0.0,0.0,0.0,0.0,0.0,0.0,0.0,0.0,0.0,0.0,0.0,0.0,0.0,0.0,0.0,0.0,0.0,0.0,0.0,0.0,0.0,0.0,0.0,0.0,0.0,0.0,0.0,0.0,0.0,0.0,29504.0,1539.0,15105.0,15938.0,1575.0,1912.0,1890.0,1835.0,1887.0,1969.0,2181.0,2498.0,2388.0,2148.0,2221.0,2167.0,1886.0,1453.0,1120.0,859.0,573.0,334.0,111.0,32.0,4.0,31043.0,0.0,31043.0,95.34,92.91,95.61,94.85,98.99,98.8,99.03,97.65,96.68,95.48,77.78,84.49,98.86,95.22,0.0,95.22,0.0,0.0,0.0,0.0,0.0,0.0,0.0,0.0,0.0,0.0,0.0,0.0,0.0,0.0,0.0,0.0,39.0,39.0,39.0,0.0,39.0,94.22,106.02,94.77,0.0,94.77,119.5,100.7,118.5,0.0,118.5,0.0,0.0,0.0,0.0,0.0,0.0,0.0,0.0,0.0,0.0,0.0,0.0,0.0,0.0,0.0
3518305,0.0,0.0,0.0,0.0,0.0,0.0,0.0,0.0,0.0,31236.0,0.0,31236.0,0.0,0.0,0.0,0.0,0.0,0.0,0.0,0.0,0.0,0.0,0.0,0.0,0.0,0.0,0.0,0.0,0.0,0.0,0.0,0.0,0.0,0.0,0.0,0.0,0.0,0.0,0.0,0.0,0.0,0.0,82.35,17.65,49.3,50.7,5.64,6.77,6.63,6.83,7.11,6.66,7.17,7.61,7.96,6.91,6.74,6.09,5.38,4.57,3.52,2.3,1.24,0.59,0.21,0.07,0.02,100.0,0.0,100.0,0.0,0.0,0.0,0.0,0.0,0.0,0.0,0.0,0.0,0.0,0.0,0.0,0.0,0.0,0.0,0.0,0.0,0.0,0.0,0.0,0.0,0.0,0.0,0.0,0.0,0.0,0.0,0.0,0.0,0.0,0.0,0.0,0.0,0.0,0.0,0.0,0.0,0.0,0.0,0.0,0.0,0.0,0.0,0.0,0.0,0.0,0.0,0.0,0.0,0.0,0.0,0.0,0.0,0.0,0.0,0.0,0.0,0.0,0.0,0.0,0.0,0.0,0.0,0.0,0.0,0.0,0.0,0.0,0.0,0.0,0.0,0.0,0.0,0.0,0.0,0.0,0.0,0.0,0.0,0.0,0.0,0.0,0.0,0.0,25724.0,5512.0,15398.0,15838.0,1762.0,2116.0,2070.0,2134.0,2221.0,2079.0,2241.0,2377.0,2485.0,2158.0,2104.0,1902.0,1680.0,1427.0,1098.0,717.0,387.0,184.0,65.0,23.0,6.0,31236.0,0.0,31236.0,95.59,93.44,95.53,94.91,98.96,98.82,99.3,97.94,95.64,93.08,79.81,84.95,99.29,95.21,0.0,95.21,0.0,0.0,0.0,0.0,0.0,0.0,0.0,0.0,0.0,0.0,0.0,0.0,0.0,0.0,0.0,0.0,36.0,38.0,37.0,0.0,37.0,95.0,108.31,97.22,0.0,97.22,91.57,105.43,93.93,0.0,93.93,0.0,0.0,0.0,0.0,0.0,0.0,0.0,0.0,0.0,0.0,0.0,0.0,0.0,0.0,0.0
3518404,100.0,0.0,100.0,33.0,0.0,33.0,0.03,0.0,0.03,118044.0,0.0,118044.0,100.0,0.0,100.0,100.0,0.0,100.0,100.0,0.0,100.0,20.0,0.0,20.0,41.0,0.0,41.0,33.0,0.0,33.0,2.05,0.0,2.05,1.65,0.0,1.65,0.05,0.0,0.05,80.49,0.0,80.49,95.9,4.1,47.9,52.1,5.48,5.99,5.91,6.13,6.62,6.77,7.35,7.69,8.0,7.16,7.07,6.63,6.03,4.67,3.51,2.36,1.44,0.74,0.32,0.1,0.01,100.0,0.0,100.0,100.0,0.0,42.42,57.58,3.03,0.0,0.0,6.06,0.0,3.03,9.09,3.03,3.03,12.12,9.09,21.21,15.15,12.12,0.0,0.0,3.03,0.0,0.0,0.0,0.0,100.0,0.0,100.0,33.0,0.0,14.0,19.0,1.0,0.0,0.0,2.0,0.0,1.0,3.0,1.0,1.0,4.0,3.0,7.0,5.0,4.0,0.0,0.0,1.0,0.0,0.0,0.0,0.0,33.0,0.0,33.0,0.03,0.0,0.02,0.03,0.02,0.0,0.0,0.03,0.0,0.01,0.03,0.01,0.01,0.05,0.04,0.09,0.07,0.07,0.0,0.0,0.06,0.0,0.0,0.0,0.0,0.03,0.0,0.03,113199.0,4845.0,56538.0,61506.0,6472.0,7066.0,6977.0,7239.0,7819.0,7993.0,8674.0,9079.0,9443.0,8450.0,8343.0,7826.0,7118.0,5513.0,4147.0,2785.0,1704.0,879.0,383.0,118.0,16.0,118044.0,0.0,118044.0,97.82,94.11,97.63,97.72,99.12,98.99,99.08,98.84,97.98,97.34,90.33,93.44,99.28,97.67,0.0,97.67,100.0,0.0,100.0,100.0,0.0,100.0,100.0,100.0,100.0,100.0,100.0,100.0,100.0,100.0,0.0,100.0,38.0,38.0,38.0,0.0,38.0,91.12,112.78,91.92,0.0,91.92,111.15,95.99,110.47,0.0,110.47,56.0,0.0,56.0,0.0,56.0,73.68,0.0,73.68,0.0,73.68,1000.0,0.0,1000.0,0.0,1000.0
3518503,0.0,0.0,0.0,0.0,0.0,0.0,0.0,0.0,0.0,15013.0,0.0,15013.0,0.0,0.0,0.0,0.0,0.0,0.0,0.0,0.0,0.0,0.0,0.0,0.0,0.0,0.0,0.0,0.0,0.0,0.0,0.0,0.0,0.0,0.0,0.0,0.0,0.0,0.0,0.0,0.0,0.0,0.0,54.24,45.76,60.09,39.91,5.04,5.32,4.86,5.56,8.2,9.94,9.7,9.01,8.73,7.0,5.96,5.37,4.73,3.92,2.68,1.83,1.3,0.63,0.2,0.03,0.0,100.0,0.0,100.0,0.0,0.0,0.0,0.0,0.0,0.0,0.0,0.0,0.0,0.0,0.0,0.0,0.0,0.0,0.0,0.0,0.0,0.0,0.0,0.0,0.0,0.0,0.0,0.0,0.0,0.0,0.0,0.0,0.0,0.0,0.0,0.0,0.0,0.0,0.0,0.0,0.0,0.0,0.0,0.0,0.0,0.0,0.0,0.0,0.0,0.0,0.0,0.0,0.0,0.0,0.0,0.0,0.0,0.0,0.0,0.0,0.0,0.0,0.0,0.0,0.0,0.0,0.0,0.0,0.0,0.0,0.0,0.0,0.0,0.0,0.0,0.0,0.0,0.0,0.0,0.0,0.0,0.0,0.0,0.0,0.0,0.0,0.0,0.0,8143.0,6870.0,9021.0,5992.0,756.0,798.0,730.0,834.0,1231.0,1492.0,1457.0,1353.0,1310.0,1051.0,895.0,806.0,710.0,588.0,403.0,274.0,195.0,95.0,30.0,5.0,0.0,15013.0,0.0,15013.0,94.49,95.7,95.37,94.59,98.62,98.71,99.24,96.85,94.09,91.82,78.46,84.84,98.71,95.07,0.0,95.07,0.0,0.0,0.0,0.0,0.0,0.0,0.0,0.0,0.0,0.0,0.0,0.0,0.0,0.0,0.0,0.0,35.0,36.0,35.0,0.0,35.0,102.71,247.85,150.55,0.0,150.55,81.23,144.13,100.7,0.0,100.7,0.0,0.0,0.0,0.0,0.0,0.0,0.0,0.0,0.0,0.0,0.0,0.0,0.0,0.0,0.0
3518602,0.0,0.0,0.0,0.0,0.0,0.0,0.0,0.0,0.0,37498.0,0.0,37498.0,0.0,0.0,0.0,0.0,0.0,0.0,0.0,0.0,0.0,0.0,0.0,0.0,0.0,0.0,0.0,0.0,0.0,0.0,0.0,0.0,0.0,0.0,0.0,0.0,0.0,0.0,0.0,0.0,0.0,0.0,96.94,3.06,48.2,51.8,5.86,6.47,6.89,7.23,7.42,7.6,7.95,8.86,8.47,6.59,6.29,5.82,4.98,3.71,2.38,1.6,1.05,0.57,0.21,0.05,0.01,100.0,0.0,100.0,0.0,0.0,0.0,0.0,0.0,0.0,0.0,0.0,0.0,0.0,0.0,0.0,0.0,0.0,0.0,0.0,0.0,0.0,0.0,0.0,0.0,0.0,0.0,0.0,0.0,0.0,0.0,0.0,0.0,0.0,0.0,0.0,0.0,0.0,0.0,0.0,0.0,0.0,0.0,0.0,0.0,0.0,0.0,0.0,0.0,0.0,0.0,0.0,0.0,0.0,0.0,0.0,0.0,0.0,0.0,0.0,0.0,0.0,0.0,0.0,0.0,0.0,0.0,0.0,0.0,0.0,0.0,0.0,0.0,0.0,0.0,0.0,0.0,0.0,0.0,0.0,0.0,0.0,0.0,0.0,0.0,0.0,0.0,0.0,36350.0,1148.0,18073.0,19425.0,2199.0,2426.0,2582.0,2710.0,2782.0,2851.0,2982.0,3324.0,3175.0,2472.0,2357.0,2181.0,1866.0,1391.0,894.0,600.0,392.0,214.0,78.0,20.0,2.0,37498.0,0.0,37498.0,93.95,96.72,94.44,93.69,99.03,98.51,99.22,97.35,94.43,89.92,68.45,77.39,98.57,94.05,0.0,94.05,0.0,0.0,0.0,0.0,0.0,0.0,0.0,0.0,0.0,0.0,0.0,0.0,0.0,0.0,0.0,0.0,35.0,34.0,35.0,0.0,35.0,96.53,23.57,93.04,0.0,93.04,75.46,98.75,75.72,0.0,75.72,0.0,0.0,0.0,0.0,0.0,0.0,0.0,0.0,0.0,0.0,0.0,0.0,0.0,0.0,0.0
3518701,100.0,0.0,100.0,67.0,0.0,67.0,0.02,0.0,0.02,287634.0,0.0,287634.0,100.0,0.0,100.0,100.0,0.0,100.0,100.0,0.0,100.0,27.0,0.0,27.0,74.0,0.0,74.0,67.0,0.0,67.0,2.74,0.0,2.74,2.48,0.0,2.48,0.03,0.0,0.03,90.54,0.0,90.54,99.72,0.28,48.02,51.98,6.03,6.94,6.71,7.07,7.73,7.6,7.41,7.79,8.02,7.03,6.66,6.05,5.11,3.88,2.67,1.61,0.95,0.51,0.2,0.05,0.01,100.0,0.0,100.0,100.0,0.0,53.73,46.27,5.97,10.45,5.97,2.99,2.99,5.97,7.46,14.93,5.97,7.46,4.48,7.46,4.48,11.94,1.49,0.0,0.0,0.0,0.0,0.0,0.0,100.0,0.0,100.0,67.0,0.0,36.0,31.0,4.0,7.0,4.0,2.0,2.0,4.0,5.0,10.0,4.0,5.0,3.0,5.0,3.0,8.0,1.0,0.0,0.0,0.0,0.0,0.0,0.0,67.0,0.0,67.0,0.02,0.0,0.03,0.02,0.02,0.04,0.02,0.01,0.01,0.02,0.02,0.04,0.02,0.02,0.02,0.03,0.02,0.07,0.01,0.0,0.0,0.0,0.0,0.0,0.0,0.02,0.0,0.02,286839.0,795.0,138129.0,149505.0,17334.0,19953.0,19293.0,20340.0,22220.0,21847.0,21313.0,22409.0,23063.0,20220.0,19146.0,17399.0,14693.0,11152.0,7679.0,4625.0,2720.0,1459.0,583.0,149.0,37.0,287634.0,0.0,287634.0,96.15,95.98,96.14,96.17,98.92,98.94,98.87,98.18,96.44,93.68,82.26,86.88,99.15,96.15,0.0,96.15,86.54,0.0,85.19,88.0,100.0,100.0,100.0,100.0,87.5,87.5,0.0,44.44,100.0,86.54,0.0,86.54,35.0,37.0,35.0,0.0,35.0,92.37,101.78,92.39,0.0,92.39,76.18,72.3,76.17,0.0,76.17,37.0,0.0,37.0,0.0,37.0,116.13,0.0,116.13,0.0,116.13,80.0,0.0,80.0,0.0,80.0
3518800,100.0,0.0,100.0,2.0,0.0,2.0,0.0,0.0,0.0,1291771.0,0.0,1291771.0,100.0,0.0,100.0,100.0,0.0,100.0,100.0,0.0,100.0,1.0,0.0,1.0,2.0,0.0,2.0,2.0,0.0,2.0,2.0,0.0,2.0,2.0,0.0,2.0,0.0,0.0,0.0,100.0,0.0,100.0,99.95,0.05,48.06,51.94,6.07,6.96,6.67,7.04,7.83,7.67,7.84,8.4,8.34,7.13,6.62,5.6,4.72,3.59,2.5,1.49,0.87,0.43,0.17,0.05,0.01,100.0,0.0,100.0,100.0,0.0,50.0,50.0,0.0,0.0,0.0,0.0,0.0,0.0,0.0,50.0,0.0,50.0,0.0,0.0,0.0,0.0,0.0,0.0,0.0,0.0,0.0,0.0,0.0,100.0,0.0,100.0,2.0,0.0,1.0,1.0,0.0,0.0,0.0,0.0,0.0,0.0,0.0,1.0,0.0,1.0,0.0,0.0,0.0,0.0,0.0,0.0,0.0,0.0,0.0,0.0,0.0,2.0,0.0,2.0,0.0,0.0,0.0,0.0,0.0,0.0,0.0,0.0,0.0,0.0,0.0,0.0,0.0,0.0,0.0,0.0,0.0,0.0,0.0,0.0,0.0,0.0,0.0,0.0,0.0,0.0,0.0,0.0,1291152.0,619.0,620809.0,670962.0,78452.0,89942.0,86180.0,91005.0,101087.0,99030.0,101252.0,108519.0,107675.0,92039.0,85512.0,72337.0,60951.0,46423.0,32351.0,19261.0,11268.0,5533.0,2255.0,597.0,102.0,1291771.0,0.0,1291771.0,96.78,89.32,97.0,96.58,99.05,99.0,98.89,98.63,96.93,94.37,83.72,88.48,98.99,96.78,0.0,96.78,100.0,0.0,100.0,100.0,0.0,0.0,0.0,100.0,100.0,0.0,0.0,0.0,0.0,100.0,0.0,100.0,34.0,34.0,34.0,0.0,34.0,92.52,111.26,92.53,0.0,92.53,70.21,64.39,70.21,0.0,70.21,41.0,0.0,41.0,0.0,41.0,100.0,0.0,100.0,0.0,100.0,0.0,0.0,0.0,0.0,0.0
3518859,0.0,0.0,0.0,0.0,0.0,0.0,0.0,0.0,0.0,7320.0,0.0,7320.0,0.0,0.0,0.0,0.0,0.0,0.0,0.0,0.0,0.0,0.0,0.0,0.0,0.0,0.0,0.0,0.0,0.0,0.0,0.0,0.0,0.0,0.0,0.0,0.0,0.0,0.0,0.0,0.0,0.0,0.0,83.46,16.54,50.27,49.73,6.04,6.84,7.05,7.1,6.52,6.99,6.75,7.1,7.7,7.06,6.01,6.28,5.42,5.03,3.73,2.25,1.2,0.53,0.25,0.11,0.01,100.0,0.0,100.0,0.0,0.0,0.0,0.0,0.0,0.0,0.0,0.0,0.0,0.0,0.0,0.0,0.0,0.0,0.0,0.0,0.0,0.0,0.0,0.0,0.0,0.0,0.0,0.0,0.0,0.0,0.0,0.0,0.0,0.0,0.0,0.0,0.0,0.0,0.0,0.0,0.0,0.0,0.0,0.0,0.0,0.0,0.0,0.0,0.0,0.0,0.0,0.0,0.0,0.0,0.0,0.0,0.0,0.0,0.0,0.0,0.0,0.0,0.0,0.0,0.0,0.0,0.0,0.0,0.0,0.0,0.0,0.0,0.0,0.0,0.0,0.0,0.0,0.0,0.0,0.0,0.0,0.0,0.0,0.0,0.0,0.0,0.0,0.0,6109.0,1211.0,3680.0,3640.0,442.0,501.0,516.0,520.0,477.0,512.0,494.0,520.0,564.0,517.0,440.0,460.0,397.0,368.0,273.0,165.0,88.0,39.0,18.0,8.0,1.0,7320.0,0.0,7320.0,93.82,90.92,93.71,92.94,98.32,97.71,99.68,96.86,94.04,88.91,74.92,82.08,99.51,93.33,0.0,93.33,0.0,0.0,0.0,0.0,0.0,0.0,0.0,0.0,0.0,0.0,0.0,0.0,0.0,0.0,0.0,0.0,36.0,42.0,36.0,0.0,36.0,98.54,115.1,101.1,0.0,101.1,84.42,141.36,93.01,0.0,93.01,0.0,0.0,0.0,0.0,0.0,0.0,0.0,0.0,0.0,0.0,0.0,0.0,0.0,0.0,0.0
3518909,0.0,0.0,0.0,0.0,0.0,0.0,0.0,0.0,0.0,4246.0,0.0,4246.0,0.0,0.0,0.0,0.0,0.0,0.0,0.0,0.0,0.0,0.0,0.0,0.0,0.0,0.0,0.0,0.0,0.0,0.0,0.0,0.0,0.0,0.0,0.0,0.0,0.0,0.0,0.0,0.0,0.0,0.0,87.89,12.11,51.25,48.75,5.53,6.05,6.71,6.78,5.98,6.9,6.69,7.32,8.13,6.48,6.52,6.74,6.43,5.35,2.97,2.61,1.53,0.87,0.28,0.09,0.02,100.0,0.0,100.0,0.0,0.0,0.0,0.0,0.0,0.0,0.0,0.0,0.0,0.0,0.0,0.0,0.0,0.0,0.0,0.0,0.0,0.0,0.0,0.0,0.0,0.0,0.0,0.0,0.0,0.0,0.0,0.0,0.0,0.0,0.0,0.0,0.0,0.0,0.0,0.0,0.0,0.0,0.0,0.0,0.0,0.0,0.0,0.0,0.0,0.0,0.0,0.0,0.0,0.0,0.0,0.0,0.0,0.0,0.0,0.0,0.0,0.0,0.0,0.0,0.0,0.0,0.0,0.0,0.0,0.0,0.0,0.0,0.0,0.0,0.0,0.0,0.0,0.0,0.0,0.0,0.0,0.0,0.0,0.0,0.0,0.0,0.0,0.0,3732.0,514.0,2176.0,2070.0,235.0,257.0,285.0,288.0,254.0,293.0,284.0,311.0,345.0,275.0,277.0,286.0,273.0,227.0,126.0,111.0,65.0,37.0,12.0,4.0,1.0,4246.0,0.0,4246.0,89.39,94.58,91.01,89.01,98.82,98.61,100.0,94.36,91.3,86.94,57.39,69.81,99.15,90.03,0.0,90.03,0.0,0.0,0.0,0.0,0.0,0.0,0.0,0.0,0.0,0.0,0.0,0.0,0.0,0.0,0.0,0.0,38.0,40.0,38.0,0.0,38.0,104.49,109.8,105.12,0.0,105.12,109.32,116.67,110.17,0.0,110.17,0.0,0.0,0.0,0.0,0.0,0.0,0.0,0.0,0.0,0.0,0.0,0.0,0.0,0.0,0.0
3519006,0.0,0.0,0.0,0.0,0.0,0.0,0.0,0.0,0.0,9125.0,0.0,9125.0,0.0,0.0,0.0,0.0,0.0,0.0,0.0,0.0,0.0,0.0,0.0,0.0,0.0,0.0,0.0,0.0,0.0,0.0,0.0,0.0,0.0,0.0,0.0,0.0,0.0,0.0,0.0,0.0,0.0,0.0,89.49,10.51,49.07,50.93,6.22,6.13,6.1,7.38,6.95,7.15,6.97,7.51,7.27,7.18,6.3,6.49,5.79,4.39,3.15,2.32,1.56,0.77,0.35,0.04,0.0,100.0,0.0,100.0,0.0,0.0,0.0,0.0,0.0,0.0,0.0,0.0,0.0,0.0,0.0,0.0,0.0,0.0,0.0,0.0,0.0,0.0,0.0,0.0,0.0,0.0,0.0,0.0,0.0,0.0,0.0,0.0,0.0,0.0,0.0,0.0,0.0,0.0,0.0,0.0,0.0,0.0,0.0,0.0,0.0,0.0,0.0,0.0,0.0,0.0,0.0,0.0,0.0,0.0,0.0,0.0,0.0,0.0,0.0,0.0,0.0,0.0,0.0,0.0,0.0,0.0,0.0,0.0,0.0,0.0,0.0,0.0,0.0,0.0,0.0,0.0,0.0,0.0,0.0,0.0,0.0,0.0,0.0,0.0,0.0,0.0,0.0,0.0,8166.0,959.0,4478.0,4647.0,568.0,559.0,557.0,673.0,634.0,652.0,636.0,685.0,663.0,655.0,575.0,592.0,528.0,401.0,287.0,212.0,142.0,70.0,32.0,4.0,0.0,9125.0,0.0,9125.0,94.35,96.05,95.4,93.69,99.37,98.45,97.66,98.44,95.93,94.29,67.17,79.44,98.96,94.53,0.0,94.53,0.0,0.0,0.0,0.0,0.0,0.0,0.0,0.0,0.0,0.0,0.0,0.0,0.0,0.0,0.0,0.0,36.0,38.0,36.0,0.0,36.0,94.43,114.54,96.36,0.0,96.36,98.74,106.29,99.52,0.0,99.52,0.0,0.0,0.0,0.0,0.0,0.0,0.0,0.0,0.0,0.0,0.0,0.0,0.0,0.0,0.0
3519055,0.0,0.0,0.0,0.0,0.0,0.0,0.0,0.0,0.0,15094.0,0.0,15094.0,0.0,0.0,0.0,0.0,0.0,0.0,0.0,0.0,0.0,0.0,0.0,0.0,0.0,0.0,0.0,0.0,0.0,0.0,0.0,0.0,0.0,0.0,0.0,0.0,0.0,0.0,0.0,0.0,0.0,0.0,79.2,20.8,49.6,50.4,6.09,6.52,6.33,7.08,6.96,7.27,7.05,8.64,8.67,7.79,6.57,5.68,4.74,4.01,2.78,1.67,1.13,0.65,0.32,0.04,0.0,100.0,0.0,100.0,0.0,0.0,0.0,0.0,0.0,0.0,0.0,0.0,0.0,0.0,0.0,0.0,0.0,0.0,0.0,0.0,0.0,0.0,0.0,0.0,0.0,0.0,0.0,0.0,0.0,0.0,0.0,0.0,0.0,0.0,0.0,0.0,0.0,0.0,0.0,0.0,0.0,0.0,0.0,0.0,0.0,0.0,0.0,0.0,0.0,0.0,0.0,0.0,0.0,0.0,0.0,0.0,0.0,0.0,0.0,0.0,0.0,0.0,0.0,0.0,0.0,0.0,0.0,0.0,0.0,0.0,0.0,0.0,0.0,0.0,0.0,0.0,0.0,0.0,0.0,0.0,0.0,0.0,0.0,0.0,0.0,0.0,0.0,0.0,11954.0,3140.0,7486.0,7608.0,919.0,984.0,955.0,1069.0,1051.0,1098.0,1064.0,1304.0,1308.0,1176.0,991.0,858.0,716.0,606.0,420.0,252.0,170.0,98.0,49.0,6.0,0.0,15094.0,0.0,15094.0,97.03,94.42,96.69,96.33,98.67,98.98,99.22,98.28,96.95,94.85,84.0,88.01,99.53,96.51,0.0,96.51,0.0,0.0,0.0,0.0,0.0,0.0,0.0,0.0,0.0,0.0,0.0,0.0,0.0,0.0,0.0,0.0,37.0,32.0,36.0,0.0,36.0,95.77,109.05,98.4,0.0,98.4,89.06,55.64,81.07,0.0,81.07,0.0,0.0,0.0,0.0,0.0,0.0,0.0,0.0,0.0,0.0,0.0,0.0,0.0,0.0,0.0
3519071,100.0,0.0,100.0,6.0,0.0,6.0,0.0,0.0,0.0,236641.0,0.0,236641.0,100.0,0.0,100.0,100.0,0.0,100.0,100.0,0.0,100.0,6.0,0.0,6.0,14.0,0.0,14.0,6.0,0.0,6.0,2.33,0.0,2.33,1.0,0.0,1.0,0.01,0.0,0.01,42.86,0.0,42.86,99.67,0.33,49.58,50.42,6.08,6.86,6.54,6.8,7.93,8.51,8.73,8.88,8.41,6.92,6.31,5.33,4.49,3.38,2.19,1.28,0.77,0.36,0.16,0.04,0.01,100.0,0.0,100.0,100.0,0.0,33.33,66.67,0.0,0.0,0.0,0.0,0.0,16.67,16.67,33.33,16.67,0.0,0.0,0.0,0.0,16.67,0.0,0.0,0.0,0.0,0.0,0.0,0.0,100.0,0.0,100.0,6.0,0.0,2.0,4.0,0.0,0.0,0.0,0.0,0.0,1.0,1.0,2.0,1.0,0.0,0.0,0.0,0.0,1.0,0.0,0.0,0.0,0.0,0.0,0.0,0.0,6.0,0.0,6.0,0.0,0.0,0.0,0.0,0.0,0.0,0.0,0.0,0.0,0.0,0.0,0.01,0.01,0.0,0.0,0.0,0.0,0.01,0.0,0.0,0.0,0.0,0.0,0.0,0.0,0.0,0.0,0.0,235854.0,787.0,117321.0,119320.0,14388.0,16233.0,15486.0,16089.0,18759.0,20146.0,20657.0,21025.0,19911.0,16375.0,14939.0,12606.0,10636.0,8002.0,5185.0,3024.0,1819.0,862.0,381.0,105.0,13.0,236641.0,0.0,236641.0,96.92,97.28,97.36,96.51,99.17,99.25,99.22,98.9,97.53,95.15,74.74,85.02,98.98,96.93,0.0,96.93,100.0,0.0,100.0,100.0,0.0,100.0,0.0,100.0,0.0,0.0,0.0,100.0,0.0,100.0,0.0,100.0,34.0,33.0,34.0,0.0,34.0,98.3,105.48,98.32,0.0,98.32,65.25,35.68,65.12,0.0,65.12,39.0,0.0,39.0,0.0,39.0,50.0,0.0,50.0,0.0,50.0,0.0,0.0,0.0,0.0,0.0
3519105,0.0,0.0,0.0,0.0,0.0,0.0,0.0,0.0,0.0,10437.0,0.0,10437.0,0.0,0.0,0.0,0.0,0.0,0.0,0.0,0.0,0.0,0.0,0.0,0.0,0.0,0.0,0.0,0.0,0.0,0.0,0.0,0.0,0.0,0.0,0.0,0.0,0.0,0.0,0.0,0.0,0.0,0.0,93.49,6.51,49.56,50.44,5.86,6.17,6.43,6.2,6.24,6.62,7.18,8.03,8.28,7.46,6.54,6.71,5.15,4.8,3.35,2.49,1.41,0.73,0.28,0.05,0.02,100.0,0.0,100.0,0.0,0.0,0.0,0.0,0.0,0.0,0.0,0.0,0.0,0.0,0.0,0.0,0.0,0.0,0.0,0.0,0.0,0.0,0.0,0.0,0.0,0.0,0.0,0.0,0.0,0.0,0.0,0.0,0.0,0.0,0.0,0.0,0.0,0.0,0.0,0.0,0.0,0.0,0.0,0.0,0.0,0.0,0.0,0.0,0.0,0.0,0.0,0.0,0.0,0.0,0.0,0.0,0.0,0.0,0.0,0.0,0.0,0.0,0.0,0.0,0.0,0.0,0.0,0.0,0.0,0.0,0.0,0.0,0.0,0.0,0.0,0.0,0.0,0.0,0.0,0.0,0.0,0.0,0.0,0.0,0.0,0.0,0.0,0.0,9758.0,679.0,5173.0,5264.0,612.0,644.0,671.0,647.0,651.0,691.0,749.0,838.0,864.0,779.0,683.0,700.0,538.0,501.0,350.0,260.0,147.0,76.0,29.0,5.0,2.0,10437.0,0.0,10437.0,96.54,96.3,96.98,96.08,98.92,99.31,99.76,98.41,97.33,94.91,83.43,89.42,98.25,96.52,0.0,96.52,0.0,0.0,0.0,0.0,0.0,0.0,0.0,0.0,0.0,0.0,0.0,0.0,0.0,0.0,0.0,0.0,37.0,43.0,38.0,0.0,38.0,96.81,121.9,98.27,0.0,98.27,97.58,122.32,99.01,0.0,99.01,0.0,0.0,0.0,0.0,0.0,0.0,0.0,0.0,0.0,0.0,0.0,0.0,0.0,0.0,0.0
3519204,0.0,0.0,0.0,0.0,0.0,0.0,0.0,0.0,0.0,6131.0,0.0,6131.0,0.0,0.0,0.0,0.0,0.0,0.0,0.0,0.0,0.0,0.0,0.0,0.0,0.0,0.0,0.0,0.0,0.0,0.0,0.0,0.0,0.0,0.0,0.0,0.0,0.0,0.0,0.0,0.0,0.0,0.0,83.95,16.05,49.65,50.35,5.22,5.9,5.87,6.18,6.65,6.7,6.56,6.75,6.77,7.11,6.67,7.32,6.83,4.97,4.21,2.98,1.84,0.99,0.42,0.02,0.0,100.0,0.0,100.0,0.0,0.0,0.0,0.0,0.0,0.0,0.0,0.0,0.0,0.0,0.0,0.0,0.0,0.0,0.0,0.0,0.0,0.0,0.0,0.0,0.0,0.0,0.0,0.0,0.0,0.0,0.0,0.0,0.0,0.0,0.0,0.0,0.0,0.0,0.0,0.0,0.0,0.0,0.0,0.0,0.0,0.0,0.0,0.0,0.0,0.0,0.0,0.0,0.0,0.0,0.0,0.0,0.0,0.0,0.0,0.0,0.0,0.0,0.0,0.0,0.0,0.0,0.0,0.0,0.0,0.0,0.0,0.0,0.0,0.0,0.0,0.0,0.0,0.0,0.0,0.0,0.0,0.0,0.0,0.0,0.0,0.0,0.0,0.0,5147.0,984.0,3044.0,3087.0,320.0,362.0,360.0,379.0,408.0,411.0,402.0,414.0,415.0,436.0,409.0,449.0,419.0,305.0,258.0,183.0,113.0,61.0,26.0,1.0,0.0,6131.0,0.0,6131.0,93.5,92.98,94.24,92.62,99.26,99.26,98.4,97.1,95.27,92.17,69.79,80.46,96.12,93.42,0.0,93.42,0.0,0.0,0.0,0.0,0.0,0.0,0.0,0.0,0.0,0.0,0.0,0.0,0.0,0.0,0.0,0.0,40.0,38.0,40.0,0.0,40.0,96.23,112.07,98.61,0.0,98.61,137.05,106.0,131.09,0.0,131.09,0.0,0.0,0.0,0.0,0.0,0.0,0.0,0.0,0.0,0.0,0.0,0.0,0.0,0.0,0.0
3519253,0.0,0.0,0.0,0.0,0.0,0.0,0.0,0.0,0.0,8010.0,0.0,8010.0,0.0,0.0,0.0,0.0,0.0,0.0,0.0,0.0,0.0,0.0,0.0,0.0,0.0,0.0,0.0,0.0,0.0,0.0,0.0,0.0,0.0,0.0,0.0,0.0,0.0,0.0,0.0,0.0,0.0,0.0,39.89,60.11,67.69,32.31,4.88,4.96,5.77,6.17,5.71,6.42,7.83,9.46,9.88,9.75,7.37,6.77,5.38,4.16,2.81,1.44,0.64,0.4,0.2,0.02,0.01,100.0,0.0,100.0,0.0,0.0,0.0,0.0,0.0,0.0,0.0,0.0,0.0,0.0,0.0,0.0,0.0,0.0,0.0,0.0,0.0,0.0,0.0,0.0,0.0,0.0,0.0,0.0,0.0,0.0,0.0,0.0,0.0,0.0,0.0,0.0,0.0,0.0,0.0,0.0,0.0,0.0,0.0,0.0,0.0,0.0,0.0,0.0,0.0,0.0,0.0,0.0,0.0,0.0,0.0,0.0,0.0,0.0,0.0,0.0,0.0,0.0,0.0,0.0,0.0,0.0,0.0,0.0,0.0,0.0,0.0,0.0,0.0,0.0,0.0,0.0,0.0,0.0,0.0,0.0,0.0,0.0,0.0,0.0,0.0,0.0,0.0,0.0,3195.0,4815.0,5422.0,2588.0,391.0,397.0,462.0,494.0,457.0,514.0,627.0,758.0,791.0,781.0,590.0,542.0,431.0,333.0,225.0,115.0,51.0,32.0,16.0,2.0,1.0,8010.0,0.0,8010.0,95.35,94.22,95.24,93.18,99.12,98.77,100.0,97.68,94.68,89.52,74.65,83.35,97.13,94.63,0.0,94.63,0.0,0.0,0.0,0.0,0.0,0.0,0.0,0.0,0.0,0.0,0.0,0.0,0.0,0.0,0.0,0.0,33.0,42.0,39.0,0.0,39.0,101.45,380.54,209.51,0.0,209.51,65.24,139.2,96.48,0.0,96.48,0.0,0.0,0.0,0.0,0.0,0.0,0.0,0.0,0.0,0.0,0.0,0.0,0.0,0.0,0.0
3519303,0.0,0.0,0.0,0.0,0.0,0.0,0.0,0.0,0.0,32178.0,0.0,32178.0,0.0,0.0,0.0,0.0,0.0,0.0,0.0,0.0,0.0,0.0,0.0,0.0,0.0,0.0,0.0,0.0,0.0,0.0,0.0,0.0,0.0,0.0,0.0,0.0,0.0,0.0,0.0,0.0,0.0,0.0,98.6,1.4,49.85,50.15,6.43,6.91,6.61,7.34,7.69,7.56,8.2,8.56,8.01,6.96,6.38,5.57,4.73,3.44,2.32,1.53,1.06,0.49,0.16,0.03,0.01,100.0,0.0,100.0,0.0,0.0,0.0,0.0,0.0,0.0,0.0,0.0,0.0,0.0,0.0,0.0,0.0,0.0,0.0,0.0,0.0,0.0,0.0,0.0,0.0,0.0,0.0,0.0,0.0,0.0,0.0,0.0,0.0,0.0,0.0,0.0,0.0,0.0,0.0,0.0,0.0,0.0,0.0,0.0,0.0,0.0,0.0,0.0,0.0,0.0,0.0,0.0,0.0,0.0,0.0,0.0,0.0,0.0,0.0,0.0,0.0,0.0,0.0,0.0,0.0,0.0,0.0,0.0,0.0,0.0,0.0,0.0,0.0,0.0,0.0,0.0,0.0,0.0,0.0,0.0,0.0,0.0,0.0,0.0,0.0,0.0,0.0,0.0,31726.0,452.0,16040.0,16138.0,2069.0,2222.0,2127.0,2363.0,2474.0,2434.0,2638.0,2756.0,2578.0,2240.0,2053.0,1792.0,1523.0,1106.0,746.0,493.0,342.0,158.0,51.0,10.0,3.0,32178.0,0.0,32178.0,95.11,92.9,95.34,94.82,98.95,99.03,99.31,97.51,94.78,91.49,75.02,81.71,98.68,95.08,0.0,95.08,0.0,0.0,0.0,0.0,0.0,0.0,0.0,0.0,0.0,0.0,0.0,0.0,0.0,0.0,0.0,0.0,34.0,38.0,34.0,0.0,34.0,99.2,114.22,99.39,0.0,99.39,69.06,69.0,69.06,0.0,69.06,0.0,0.0,0.0,0.0,0.0,0.0,0.0,0.0,0.0,0.0,0.0,0.0,0.0,0.0,0.0
3519402,0.0,0.0,0.0,0.0,0.0,0.0,0.0,0.0,0.0,11690.0,0.0,11690.0,0.0,0.0,0.0,0.0,0.0,0.0,0.0,0.0,0.0,0.0,0.0,0.0,0.0,0.0,0.0,0.0,0.0,0.0,0.0,0.0,0.0,0.0,0.0,0.0,0.0,0.0,0.0,0.0,0.0,0.0,95.02,4.98,48.94,51.06,5.47,6.09,5.65,6.05,5.95,6.77,7.05,7.97,8.08,6.52,6.48,6.43,6.17,5.15,3.69,2.97,1.92,1.04,0.5,0.08,0.02,100.0,0.0,100.0,0.0,0.0,0.0,0.0,0.0,0.0,0.0,0.0,0.0,0.0,0.0,0.0,0.0,0.0,0.0,0.0,0.0,0.0,0.0,0.0,0.0,0.0,0.0,0.0,0.0,0.0,0.0,0.0,0.0,0.0,0.0,0.0,0.0,0.0,0.0,0.0,0.0,0.0,0.0,0.0,0.0,0.0,0.0,0.0,0.0,0.0,0.0,0.0,0.0,0.0,0.0,0.0,0.0,0.0,0.0,0.0,0.0,0.0,0.0,0.0,0.0,0.0,0.0,0.0,0.0,0.0,0.0,0.0,0.0,0.0,0.0,0.0,0.0,0.0,0.0,0.0,0.0,0.0,0.0,0.0,0.0,0.0,0.0,0.0,11108.0,582.0,5721.0,5969.0,639.0,712.0,660.0,707.0,695.0,791.0,824.0,932.0,944.0,762.0,757.0,752.0,721.0,602.0,431.0,347.0,224.0,121.0,58.0,9.0,2.0,11690.0,0.0,11690.0,94.85,94.89,95.22,94.51,99.14,98.33,98.39,97.12,95.46,93.62,81.87,86.68,99.26,94.85,0.0,94.85,0.0,0.0,0.0,0.0,0.0,0.0,0.0,0.0,0.0,0.0,0.0,0.0,0.0,0.0,0.0,0.0,39.0,43.0,39.0,0.0,39.0,95.12,110.87,95.85,0.0,95.85,124.56,135.48,125.06,0.0,125.06,0.0,0.0,0.0,0.0,0.0,0.0,0.0,0.0,0.0,0.0,0.0,0.0,0.0,0.0,0.0
3519501,0.0,0.0,0.0,0.0,0.0,0.0,0.0,0.0,0.0,6385.0,0.0,6385.0,0.0,0.0,0.0,0.0,0.0,0.0,0.0,0.0,0.0,0.0,0.0,0.0,0.0,0.0,0.0,0.0,0.0,0.0,0.0,0.0,0.0,0.0,0.0,0.0,0.0,0.0,0.0,0.0,0.0,0.0,94.35,5.65,49.46,50.54,5.43,6.59,6.05,6.78,6.67,6.62,6.42,7.13,7.11,7.16,7.06,7.08,5.47,4.48,3.77,2.68,1.94,1.17,0.25,0.11,0.02,100.0,0.0,100.0,0.0,0.0,0.0,0.0,0.0,0.0,0.0,0.0,0.0,0.0,0.0,0.0,0.0,0.0,0.0,0.0,0.0,0.0,0.0,0.0,0.0,0.0,0.0,0.0,0.0,0.0,0.0,0.0,0.0,0.0,0.0,0.0,0.0,0.0,0.0,0.0,0.0,0.0,0.0,0.0,0.0,0.0,0.0,0.0,0.0,0.0,0.0,0.0,0.0,0.0,0.0,0.0,0.0,0.0,0.0,0.0,0.0,0.0,0.0,0.0,0.0,0.0,0.0,0.0,0.0,0.0,0.0,0.0,0.0,0.0,0.0,0.0,0.0,0.0,0.0,0.0,0.0,0.0,0.0,0.0,0.0,0.0,0.0,0.0,6024.0,361.0,3158.0,3227.0,347.0,421.0,386.0,433.0,426.0,423.0,410.0,455.0,454.0,457.0,451.0,452.0,349.0,286.0,241.0,171.0,124.0,75.0,16.0,7.0,1.0,6385.0,0.0,6385.0,94.65,93.69,95.23,93.98,96.95,97.96,99.21,97.36,94.16,93.88,79.7,86.54,99.45,94.59,0.0,94.59,0.0,0.0,0.0,0.0,0.0,0.0,0.0,0.0,0.0,0.0,0.0,0.0,0.0,0.0,0.0,0.0,38.0,49.0,38.0,0.0,38.0,96.48,124.22,97.86,0.0,97.86,105.41,227.27,110.05,0.0,110.05,0.0,0.0,0.0,0.0,0.0,0.0,0.0,0.0,0.0,0.0,0.0,0.0,0.0,0.0,0.0
3519600,0.0,0.0,0.0,0.0,0.0,0.0,0.0,0.0,0.0,60033.0,0.0,60033.0,0.0,0.0,0.0,0.0,0.0,0.0,0.0,0.0,0.0,0.0,0.0,0.0,0.0,0.0,0.0,0.0,0.0,0.0,0.0,0.0,0.0,0.0,0.0,0.0,0.0,0.0,0.0,0.0,0.0,0.0,97.04,2.96,49.05,50.95,6.19,6.14,6.16,6.24,7.07,7.29,7.77,8.22,8.21,6.95,6.5,6.05,5.3,4.28,3.06,2.13,1.38,0.67,0.32,0.06,0.01,100.0,0.0,100.0,0.0,0.0,0.0,0.0,0.0,0.0,0.0,0.0,0.0,0.0,0.0,0.0,0.0,0.0,0.0,0.0,0.0,0.0,0.0,0.0,0.0,0.0,0.0,0.0,0.0,0.0,0.0,0.0,0.0,0.0,0.0,0.0,0.0,0.0,0.0,0.0,0.0,0.0,0.0,0.0,0.0,0.0,0.0,0.0,0.0,0.0,0.0,0.0,0.0,0.0,0.0,0.0,0.0,0.0,0.0,0.0,0.0,0.0,0.0,0.0,0.0,0.0,0.0,0.0,0.0,0.0,0.0,0.0,0.0,0.0,0.0,0.0,0.0,0.0,0.0,0.0,0.0,0.0,0.0,0.0,0.0,0.0,0.0,0.0,58254.0,1779.0,29448.0,30585.0,3718.0,3686.0,3697.0,3749.0,4246.0,4377.0,4662.0,4935.0,4929.0,4171.0,3901.0,3629.0,3184.0,2571.0,1835.0,1281.0,829.0,400.0,190.0,37.0,6.0,60033.0,0.0,60033.0,96.53,93.73,96.64,96.27,99.03,98.96,98.91,97.85,96.09,95.24,86.33,90.01,99.22,96.45,0.0,96.45,0.0,0.0,0.0,0.0,0.0,0.0,0.0,0.0,0.0,0.0,0.0,0.0,0.0,0.0,0.0,0.0,36.0,43.0,36.0,0.0,36.0,95.77,114.6,96.28,0.0,96.28,91.81,137.3,93.08,0.0,93.08,0.0,0.0,0.0,0.0,0.0,0.0,0.0,0.0,0.0,0.0,0.0,0.0,0.0,0.0,0.0
3519709,0.0,0.0,0.0,0.0,0.0,0.0,0.0,0.0,0.0,75605.0,0.0,75605.0,0.0,0.0,0.0,0.0,0.0,0.0,0.0,0.0,0.0,0.0,0.0,0.0,0.0,0.0,0.0,0.0,0.0,0.0,0.0,0.0,0.0,0.0,0.0,0.0,0.0,0.0,0.0,0.0,0.0,0.0,69.71,30.29,50.14,49.86,6.36,6.87,6.73,6.94,7.2,6.83,6.98,7.6,7.7,7.04,6.48,5.95,5.48,4.53,3.28,2.01,1.16,0.58,0.24,0.04,0.01,100.0,0.0,100.0,0.0,0.0,0.0,0.0,0.0,0.0,0.0,0.0,0.0,0.0,0.0,0.0,0.0,0.0,0.0,0.0,0.0,0.0,0.0,0.0,0.0,0.0,0.0,0.0,0.0,0.0,0.0,0.0,0.0,0.0,0.0,0.0,0.0,0.0,0.0,0.0,0.0,0.0,0.0,0.0,0.0,0.0,0.0,0.0,0.0,0.0,0.0,0.0,0.0,0.0,0.0,0.0,0.0,0.0,0.0,0.0,0.0,0.0,0.0,0.0,0.0,0.0,0.0,0.0,0.0,0.0,0.0,0.0,0.0,0.0,0.0,0.0,0.0,0.0,0.0,0.0,0.0,0.0,0.0,0.0,0.0,0.0,0.0,0.0,52704.0,22901.0,37912.0,37693.0,4807.0,5194.0,5086.0,5246.0,5442.0,5163.0,5277.0,5745.0,5820.0,5324.0,4898.0,4495.0,4140.0,3427.0,2478.0,1522.0,877.0,437.0,183.0,33.0,11.0,75605.0,0.0,75605.0,94.87,91.78,94.6,93.28,98.57,98.14,98.53,97.24,94.42,91.29,75.12,81.21,98.88,93.94,0.0,93.94,0.0,0.0,0.0,0.0,0.0,0.0,0.0,0.0,0.0,0.0,0.0,0.0,0.0,0.0,0.0,0.0,36.0,36.0,36.0,0.0,36.0,97.7,107.53,100.58,0.0,100.58,85.61,89.73,86.88,0.0,86.88,0.0,0.0,0.0,0.0,0.0,0.0,0.0,0.0,0.0,0.0,0.0,0.0,0.0,0.0,0.0
3519808,0.0,0.0,0.0,0.0,0.0,0.0,0.0,0.0,0.0,7819.0,0.0,7819.0,0.0,0.0,0.0,0.0,0.0,0.0,0.0,0.0,0.0,0.0,0.0,0.0,0.0,0.0,0.0,0.0,0.0,0.0,0.0,0.0,0.0,0.0,0.0,0.0,0.0,0.0,0.0,0.0,0.0,0.0,83.86,16.14,55.15,44.85,4.6,5.86,5.46,5.81,8.75,8.66,8.02,8.01,8.39,6.47,6.59,5.93,4.77,4.72,3.38,2.3,1.19,0.77,0.26,0.08,0.0,100.0,0.0,100.0,0.0,0.0,0.0,0.0,0.0,0.0,0.0,0.0,0.0,0.0,0.0,0.0,0.0,0.0,0.0,0.0,0.0,0.0,0.0,0.0,0.0,0.0,0.0,0.0,0.0,0.0,0.0,0.0,0.0,0.0,0.0,0.0,0.0,0.0,0.0,0.0,0.0,0.0,0.0,0.0,0.0,0.0,0.0,0.0,0.0,0.0,0.0,0.0,0.0,0.0,0.0,0.0,0.0,0.0,0.0,0.0,0.0,0.0,0.0,0.0,0.0,0.0,0.0,0.0,0.0,0.0,0.0,0.0,0.0,0.0,0.0,0.0,0.0,0.0,0.0,0.0,0.0,0.0,0.0,0.0,0.0,0.0,0.0,0.0,6557.0,1262.0,4312.0,3507.0,360.0,458.0,427.0,454.0,684.0,677.0,627.0,626.0,656.0,506.0,515.0,464.0,373.0,369.0,264.0,180.0,93.0,60.0,20.0,6.0,0.0,7819.0,0.0,7819.0,94.95,97.39,95.56,95.18,98.54,98.85,98.05,97.35,94.32,93.43,81.62,87.3,100.0,95.39,0.0,95.39,0.0,0.0,0.0,0.0,0.0,0.0,0.0,0.0,0.0,0.0,0.0,0.0,0.0,0.0,0.0,0.0,39.0,30.0,36.0,0.0,36.0,96.49,642.35,122.95,0.0,122.95,110.06,102.78,109.64,0.0,109.64,0.0,0.0,0.0,0.0,0.0,0.0,0.0,0.0,0.0,0.0,0.0,0.0,0.0,0.0,0.0
3519907,0.0,0.0,0.0,0.0,0.0,0.0,0.0,0.0,0.0,7619.0,0.0,7619.0,0.0,0.0,0.0,0.0,0.0,0.0,0.0,0.0,0.0,0.0,0.0,0.0,0.0,0.0,0.0,0.0,0.0,0.0,0.0,0.0,0.0,0.0,0.0,0.0,0.0,0.0,0.0,0.0,0.0,0.0,88.31,11.69,48.5,51.5,5.34,6.26,6.05,6.23,6.34,6.8,6.38,6.9,7.0,6.77,7.47,6.98,6.39,5.26,3.73,2.74,1.72,1.02,0.5,0.09,0.01,100.0,0.0,100.0,0.0,0.0,0.0,0.0,0.0,0.0,0.0,0.0,0.0,0.0,0.0,0.0,0.0,0.0,0.0,0.0,0.0,0.0,0.0,0.0,0.0,0.0,0.0,0.0,0.0,0.0,0.0,0.0,0.0,0.0,0.0,0.0,0.0,0.0,0.0,0.0,0.0,0.0,0.0,0.0,0.0,0.0,0.0,0.0,0.0,0.0,0.0,0.0,0.0,0.0,0.0,0.0,0.0,0.0,0.0,0.0,0.0,0.0,0.0,0.0,0.0,0.0,0.0,0.0,0.0,0.0,0.0,0.0,0.0,0.0,0.0,0.0,0.0,0.0,0.0,0.0,0.0,0.0,0.0,0.0,0.0,0.0,0.0,0.0,6728.0,891.0,3695.0,3924.0,407.0,477.0,461.0,475.0,483.0,518.0,486.0,526.0,533.0,516.0,569.0,532.0,487.0,401.0,284.0,209.0,131.0,78.0,38.0,7.0,1.0,7619.0,0.0,7619.0,95.46,92.57,95.36,94.89,97.1,98.21,99.33,97.73,96.77,93.72,81.03,87.12,99.43,95.12,0.0,95.12,0.0,0.0,0.0,0.0,0.0,0.0,0.0,0.0,0.0,0.0,0.0,0.0,0.0,0.0,0.0,0.0,39.0,42.0,39.0,0.0,39.0,93.17,102.04,94.16,0.0,94.16,120.02,134.44,121.64,0.0,121.64,0.0,0.0,0.0,0.0,0.0,0.0,0.0,0.0,0.0,0.0,0.0,0.0,0.0,0.0,0.0
3520004,0.0,0.0,0.0,0.0,0.0,0.0,0.0,0.0,0.0,23106.0,0.0,23106.0,0.0,0.0,0.0,0.0,0.0,0.0,0.0,0.0,0.0,0.0,0.0,0.0,0.0,0.0,0.0,0.0,0.0,0.0,0.0,0.0,0.0,0.0,0.0,0.0,0.0,0.0,0.0,0.0,0.0,0.0,98.74,1.26,49.72,50.28,5.63,5.96,6.4,6.63,6.57,6.89,7.34,8.18,8.09,7.33,7.37,6.99,6.2,3.96,2.73,1.84,1.02,0.6,0.2,0.06,0.0,100.0,0.0,100.0,0.0,0.0,0.0,0.0,0.0,0.0,0.0,0.0,0.0,0.0,0.0,0.0,0.0,0.0,0.0,0.0,0.0,0.0,0.0,0.0,0.0,0.0,0.0,0.0,0.0,0.0,0.0,0.0,0.0,0.0,0.0,0.0,0.0,0.0,0.0,0.0,0.0,0.0,0.0,0.0,0.0,0.0,0.0,0.0,0.0,0.0,0.0,0.0,0.0,0.0,0.0,0.0,0.0,0.0,0.0,0.0,0.0,0.0,0.0,0.0,0.0,0.0,0.0,0.0,0.0,0.0,0.0,0.0,0.0,0.0,0.0,0.0,0.0,0.0,0.0,0.0,0.0,0.0,0.0,0.0,0.0,0.0,0.0,0.0,22815.0,291.0,11488.0,11618.0,1302.0,1378.0,1478.0,1531.0,1518.0,1593.0,1697.0,1890.0,1869.0,1693.0,1704.0,1615.0,1432.0,915.0,630.0,426.0,235.0,138.0,47.0,15.0,0.0,23106.0,0.0,23106.0,94.23,91.43,95.0,93.41,98.62,98.51,98.29,97.5,94.79,91.76,67.02,80.01,98.15,94.19,0.0,94.19,0.0,0.0,0.0,0.0,0.0,0.0,0.0,0.0,0.0,0.0,0.0,0.0,0.0,0.0,0.0,0.0,37.0,45.0,37.0,0.0,37.0,98.69,115.56,98.88,0.0,98.88,91.51,163.04,92.3,0.0,92.3,0.0,0.0,0.0,0.0,0.0,0.0,0.0,0.0,0.0,0.0,0.0,0.0,0.0,0.0,0.0
3520103,0.0,0.0,0.0,0.0,0.0,0.0,0.0,0.0,0.0,26212.0,0.0,26212.0,0.0,0.0,0.0,0.0,0.0,0.0,0.0,0.0,0.0,0.0,0.0,0.0,0.0,0.0,0.0,0.0,0.0,0.0,0.0,0.0,0.0,0.0,0.0,0.0,0.0,0.0,0.0,0.0,0.0,0.0,97.23,2.77,48.28,51.72,5.53,6.04,6.21,6.38,6.52,6.61,7.62,7.93,7.61,6.62,6.41,6.57,6.05,4.62,3.49,2.5,1.79,0.94,0.43,0.11,0.02,100.0,0.0,100.0,0.0,0.0,0.0,0.0,0.0,0.0,0.0,0.0,0.0,0.0,0.0,0.0,0.0,0.0,0.0,0.0,0.0,0.0,0.0,0.0,0.0,0.0,0.0,0.0,0.0,0.0,0.0,0.0,0.0,0.0,0.0,0.0,0.0,0.0,0.0,0.0,0.0,0.0,0.0,0.0,0.0,0.0,0.0,0.0,0.0,0.0,0.0,0.0,0.0,0.0,0.0,0.0,0.0,0.0,0.0,0.0,0.0,0.0,0.0,0.0,0.0,0.0,0.0,0.0,0.0,0.0,0.0,0.0,0.0,0.0,0.0,0.0,0.0,0.0,0.0,0.0,0.0,0.0,0.0,0.0,0.0,0.0,0.0,0.0,25486.0,726.0,12654.0,13558.0,1449.0,1584.0,1628.0,1673.0,1709.0,1732.0,1997.0,2078.0,1996.0,1735.0,1681.0,1721.0,1587.0,1211.0,916.0,654.0,469.0,246.0,112.0,29.0,5.0,26212.0,0.0,26212.0,94.88,93.27,94.72,94.94,98.71,98.61,98.71,97.15,93.88,93.29,82.18,87.23,97.89,94.84,0.0,94.84,0.0,0.0,0.0,0.0,0.0,0.0,0.0,0.0,0.0,0.0,0.0,0.0,0.0,0.0,0.0,0.0,37.0,47.0,38.0,0.0,38.0,92.7,118.67,93.33,0.0,93.33,110.21,188.89,112.19,0.0,112.19,0.0,0.0,0.0,0.0,0.0,0.0,0.0,0.0,0.0,0.0,0.0,0.0,0.0,0.0,0.0
3520202,0.0,0.0,0.0,0.0,0.0,0.0,0.0,0.0,0.0,10605.0,0.0,10605.0,0.0,0.0,0.0,0.0,0.0,0.0,0.0,0.0,0.0,0.0,0.0,0.0,0.0,0.0,0.0,0.0,0.0,0.0,0.0,0.0,0.0,0.0,0.0,0.0,0.0,0.0,0.0,0.0,0.0,0.0,74.12,25.88,50.04,49.96,6.06,6.58,6.15,6.9,7.05,6.99,7.13,7.52,8.02,6.39,6.49,6.06,5.97,4.73,3.58,2.09,1.35,0.65,0.2,0.07,0.01,100.0,0.0,100.0,0.0,0.0,0.0,0.0,0.0,0.0,0.0,0.0,0.0,0.0,0.0,0.0,0.0,0.0,0.0,0.0,0.0,0.0,0.0,0.0,0.0,0.0,0.0,0.0,0.0,0.0,0.0,0.0,0.0,0.0,0.0,0.0,0.0,0.0,0.0,0.0,0.0,0.0,0.0,0.0,0.0,0.0,0.0,0.0,0.0,0.0,0.0,0.0,0.0,0.0,0.0,0.0,0.0,0.0,0.0,0.0,0.0,0.0,0.0,0.0,0.0,0.0,0.0,0.0,0.0,0.0,0.0,0.0,0.0,0.0,0.0,0.0,0.0,0.0,0.0,0.0,0.0,0.0,0.0,0.0,0.0,0.0,0.0,0.0,7860.0,2745.0,5307.0,5298.0,643.0,698.0,652.0,732.0,748.0,741.0,756.0,797.0,851.0,678.0,688.0,643.0,633.0,502.0,380.0,222.0,143.0,69.0,21.0,7.0,1.0,10605.0,0.0,10605.0,94.32,88.69,92.76,92.94,98.93,98.66,98.66,96.72,92.97,90.6,67.39,76.88,99.65,92.85,0.0,92.85,0.0,0.0,0.0,0.0,0.0,0.0,0.0,0.0,0.0,0.0,0.0,0.0,0.0,0.0,0.0,0.0,36.0,39.0,37.0,0.0,37.0,96.6,111.15,100.17,0.0,100.17,92.34,120.37,99.25,0.0,99.25,0.0,0.0,0.0,0.0,0.0,0.0,0.0,0.0,0.0,0.0,0.0,0.0,0.0,0.0,0.0
3520301,100.0,24.8,75.2,379.0,94.0,285.0,1.3,84.68,0.98,29115.0,111.0,29004.0,100.0,15.93,84.07,100.0,19.57,80.43,100.0,24.8,75.2,182.0,29.0,153.0,516.0,101.0,415.0,379.0,94.0,285.0,2.84,3.48,2.71,2.08,3.24,1.86,1.68,85.29,1.42,73.45,93.07,68.67,77.16,22.84,50.16,49.84,5.6,6.48,6.91,7.13,6.29,5.82,5.76,6.6,7.09,7.1,6.96,6.7,6.18,5.47,4.05,2.74,1.74,0.9,0.34,0.1,0.03,100.0,0.38,99.62,61.48,38.52,52.77,47.23,4.75,5.28,6.6,6.33,6.86,4.22,6.07,7.12,7.39,8.18,8.97,10.03,5.54,4.49,2.9,2.9,1.32,1.06,0.0,0.0,0.0,100.0,24.8,75.2,233.0,146.0,200.0,179.0,18.0,20.0,25.0,24.0,26.0,16.0,23.0,27.0,28.0,31.0,34.0,38.0,21.0,17.0,11.0,11.0,5.0,4.0,0.0,0.0,0.0,379.0,94.0,285.0,1.04,2.2,1.37,1.23,1.1,1.06,1.24,1.16,1.42,0.94,1.37,1.41,1.36,1.5,1.68,1.95,1.17,1.07,0.93,1.38,0.99,1.52,0.0,0.0,0.0,1.3,84.68,0.98,22465.0,6650.0,14604.0,14511.0,1630.0,1888.0,2011.0,2076.0,1832.0,1695.0,1678.0,1921.0,2065.0,2067.0,2027.0,1950.0,1800.0,1592.0,1178.0,799.0,506.0,263.0,99.0,29.0,9.0,29115.0,111.0,29004.0,95.7,88.97,94.23,94.13,98.47,97.9,98.47,97.24,95.43,92.61,78.36,84.98,98.96,94.18,93.83,94.18,91.3,89.91,89.41,92.47,96.15,94.87,100.0,96.36,84.62,88.14,65.0,85.42,100.0,90.82,93.85,90.04,39.0,40.0,39.0,40.0,39.0,96.01,118.03,100.64,122.0,100.57,112.83,115.6,113.49,56.67,113.8,42.0,39.0,41.0,39.0,42.0,109.91,114.71,111.73,104.35,114.29,153.85,78.38,109.52,55.17,155.88
3520400,0.0,0.0,0.0,0.0,0.0,0.0,0.0,0.0,0.0,34934.0,0.0,34934.0,0.0,0.0,0.0,0.0,0.0,0.0,0.0,0.0,0.0,0.0,0.0,0.0,0.0,0.0,0.0,0.0,0.0,0.0,0.0,0.0,0.0,0.0,0.0,0.0,0.0,0.0,0.0,0.0,0.0,0.0,96.93,3.07,49.45,50.55,5.85,6.79,6.84,6.92,7.43,7.4,7.94,9.33,9.37,7.43,6.22,5.2,4.4,3.32,2.5,1.51,0.85,0.4,0.21,0.06,0.01,100.0,0.0,100.0,0.0,0.0,0.0,0.0,0.0,0.0,0.0,0.0,0.0,0.0,0.0,0.0,0.0,0.0,0.0,0.0,0.0,0.0,0.0,0.0,0.0,0.0,0.0,0.0,0.0,0.0,0.0,0.0,0.0,0.0,0.0,0.0,0.0,0.0,0.0,0.0,0.0,0.0,0.0,0.0,0.0,0.0,0.0,0.0,0.0,0.0,0.0,0.0,0.0,0.0,0.0,0.0,0.0,0.0,0.0,0.0,0.0,0.0,0.0,0.0,0.0,0.0,0.0,0.0,0.0,0.0,0.0,0.0,0.0,0.0,0.0,0.0,0.0,0.0,0.0,0.0,0.0,0.0,0.0,0.0,0.0,0.0,0.0,0.0,33863.0,1071.0,17275.0,17659.0,2045.0,2372.0,2389.0,2419.0,2594.0,2585.0,2775.0,3260.0,3274.0,2597.0,2172.0,1816.0,1538.0,1159.0,873.0,529.0,298.0,140.0,74.0,22.0,3.0,34934.0,0.0,34934.0,96.95,89.46,96.51,96.92,99.27,99.03,98.99,98.26,96.73,94.04,84.8,88.54,98.71,96.72,0.0,96.72,0.0,0.0,0.0,0.0,0.0,0.0,0.0,0.0,0.0,0.0,0.0,0.0,0.0,0.0,0.0,0.0,35.0,36.0,35.0,0.0,35.0,97.2,119.92,97.83,0.0,97.83,67.95,73.27,68.12,0.0,68.12,0.0,0.0,0.0,0.0,0.0,0.0,0.0,0.0,0.0,0.0,0.0,0.0,0.0,0.0,0.0
3520426,0.0,0.0,0.0,0.0,0.0,0.0,0.0,0.0,0.0,13419.0,0.0,13419.0,0.0,0.0,0.0,0.0,0.0,0.0,0.0,0.0,0.0,0.0,0.0,0.0,0.0,0.0,0.0,0.0,0.0,0.0,0.0,0.0,0.0,0.0,0.0,0.0,0.0,0.0,0.0,0.0,0.0,0.0,97.91,2.09,49.25,50.75,5.1,6.16,6.09,5.95,5.15,4.9,5.02,6.19,6.99,6.61,6.45,7.52,8.49,8.27,5.81,2.76,1.59,0.62,0.27,0.05,0.0,100.0,0.0,100.0,0.0,0.0,0.0,0.0,0.0,0.0,0.0,0.0,0.0,0.0,0.0,0.0,0.0,0.0,0.0,0.0,0.0,0.0,0.0,0.0,0.0,0.0,0.0,0.0,0.0,0.0,0.0,0.0,0.0,0.0,0.0,0.0,0.0,0.0,0.0,0.0,0.0,0.0,0.0,0.0,0.0,0.0,0.0,0.0,0.0,0.0,0.0,0.0,0.0,0.0,0.0,0.0,0.0,0.0,0.0,0.0,0.0,0.0,0.0,0.0,0.0,0.0,0.0,0.0,0.0,0.0,0.0,0.0,0.0,0.0,0.0,0.0,0.0,0.0,0.0,0.0,0.0,0.0,0.0,0.0,0.0,0.0,0.0,0.0,13138.0,281.0,6609.0,6810.0,684.0,827.0,817.0,799.0,691.0,658.0,674.0,830.0,938.0,887.0,865.0,1009.0,1139.0,1110.0,780.0,371.0,214.0,83.0,36.0,7.0,0.0,13419.0,0.0,13419.0,95.93,91.95,95.75,95.93,97.11,97.6,98.79,97.62,97.26,95.25,85.79,91.96,99.34,95.84,0.0,95.84,0.0,0.0,0.0,0.0,0.0,0.0,0.0,0.0,0.0,0.0,0.0,0.0,0.0,0.0,0.0,0.0,43.0,45.0,43.0,0.0,43.0,96.56,123.02,97.05,0.0,97.05,160.27,180.0,160.65,0.0,160.65,0.0,0.0,0.0,0.0,0.0,0.0,0.0,0.0,0.0,0.0,0.0,0.0,0.0,0.0,0.0
3520442,0.0,0.0,0.0,0.0,0.0,0.0,0.0,0.0,0.0,25549.0,0.0,25549.0,0.0,0.0,0.0,0.0,0.0,0.0,0.0,0.0,0.0,0.0,0.0,0.0,0.0,0.0,0.0,0.0,0.0,0.0,0.0,0.0,0.0,0.0,0.0,0.0,0.0,0.0,0.0,0.0,0.0,0.0,88.66,11.34,48.35,51.65,4.59,5.45,5.7,5.95,6.59,6.74,6.62,6.52,7.31,7.55,7.84,7.3,6.33,5.32,4.08,3.09,1.76,0.84,0.34,0.08,0.01,100.0,0.0,100.0,0.0,0.0,0.0,0.0,0.0,0.0,0.0,0.0,0.0,0.0,0.0,0.0,0.0,0.0,0.0,0.0,0.0,0.0,0.0,0.0,0.0,0.0,0.0,0.0,0.0,0.0,0.0,0.0,0.0,0.0,0.0,0.0,0.0,0.0,0.0,0.0,0.0,0.0,0.0,0.0,0.0,0.0,0.0,0.0,0.0,0.0,0.0,0.0,0.0,0.0,0.0,0.0,0.0,0.0,0.0,0.0,0.0,0.0,0.0,0.0,0.0,0.0,0.0,0.0,0.0,0.0,0.0,0.0,0.0,0.0,0.0,0.0,0.0,0.0,0.0,0.0,0.0,0.0,0.0,0.0,0.0,0.0,0.0,0.0,22651.0,2898.0,12354.0,13195.0,1173.0,1392.0,1457.0,1520.0,1684.0,1722.0,1691.0,1665.0,1867.0,1929.0,2003.0,1865.0,1618.0,1358.0,1042.0,790.0,449.0,214.0,88.0,20.0,2.0,25549.0,0.0,25549.0,97.26,91.41,96.85,96.43,99.35,98.92,99.24,98.75,97.66,96.93,84.84,89.25,99.67,96.63,0.0,96.63,0.0,0.0,0.0,0.0,0.0,0.0,0.0,0.0,0.0,0.0,0.0,0.0,0.0,0.0,0.0,0.0,41.0,39.0,41.0,0.0,41.0,91.54,111.69,93.63,0.0,93.63,145.32,98.03,138.76,0.0,138.76,0.0,0.0,0.0,0.0,0.0,0.0,0.0,0.0,0.0,0.0,0.0,0.0,0.0,0.0,0.0
3520509,0.0,0.0,0.0,0.0,0.0,0.0,0.0,0.0,0.0,255748.0,0.0,255748.0,0.0,0.0,0.0,0.0,0.0,0.0,0.0,0.0,0.0,0.0,0.0,0.0,0.0,0.0,0.0,0.0,0.0,0.0,0.0,0.0,0.0,0.0,0.0,0.0,0.0,0.0,0.0,0.0,0.0,0.0,98.26,1.74,48.84,51.16,5.66,6.31,6.0,6.08,6.74,7.07,8.06,9.13,9.0,7.45,6.5,5.74,5.15,4.09,2.98,1.93,1.17,0.58,0.26,0.06,0.01,100.0,0.0,100.0,0.0,0.0,0.0,0.0,0.0,0.0,0.0,0.0,0.0,0.0,0.0,0.0,0.0,0.0,0.0,0.0,0.0,0.0,0.0,0.0,0.0,0.0,0.0,0.0,0.0,0.0,0.0,0.0,0.0,0.0,0.0,0.0,0.0,0.0,0.0,0.0,0.0,0.0,0.0,0.0,0.0,0.0,0.0,0.0,0.0,0.0,0.0,0.0,0.0,0.0,0.0,0.0,0.0,0.0,0.0,0.0,0.0,0.0,0.0,0.0,0.0,0.0,0.0,0.0,0.0,0.0,0.0,0.0,0.0,0.0,0.0,0.0,0.0,0.0,0.0,0.0,0.0,0.0,0.0,0.0,0.0,0.0,0.0,0.0,251296.0,4452.0,124899.0,130849.0,14487.0,16149.0,15348.0,15560.0,17227.0,18089.0,20623.0,23339.0,23015.0,19055.0,16633.0,14690.0,13174.0,10467.0,7629.0,4945.0,2998.0,1474.0,674.0,153.0,19.0,255748.0,0.0,255748.0,97.94,94.15,98.08,97.69,99.43,99.42,99.23,99.24,98.43,97.09,88.12,91.92,99.29,97.88,0.0,97.88,0.0,0.0,0.0,0.0,0.0,0.0,0.0,0.0,0.0,0.0,0.0,0.0,0.0,0.0,0.0,0.0,37.0,38.0,37.0,0.0,37.0,95.19,111.5,95.45,0.0,95.45,90.2,96.75,90.32,0.0,90.32,0.0,0.0,0.0,0.0,0.0,0.0,0.0,0.0,0.0,0.0,0.0,0.0,0.0,0.0,0.0
3520608,0.0,0.0,0.0,0.0,0.0,0.0,0.0,0.0,0.0,5090.0,0.0,5090.0,0.0,0.0,0.0,0.0,0.0,0.0,0.0,0.0,0.0,0.0,0.0,0.0,0.0,0.0,0.0,0.0,0.0,0.0,0.0,0.0,0.0,0.0,0.0,0.0,0.0,0.0,0.0,0.0,0.0,0.0,87.76,12.24,50.47,49.53,5.72,5.97,5.89,5.89,6.86,6.42,7.37,7.15,7.62,6.74,7.54,6.58,6.15,4.91,3.79,2.61,1.69,0.65,0.37,0.06,0.0,100.0,0.0,100.0,0.0,0.0,0.0,0.0,0.0,0.0,0.0,0.0,0.0,0.0,0.0,0.0,0.0,0.0,0.0,0.0,0.0,0.0,0.0,0.0,0.0,0.0,0.0,0.0,0.0,0.0,0.0,0.0,0.0,0.0,0.0,0.0,0.0,0.0,0.0,0.0,0.0,0.0,0.0,0.0,0.0,0.0,0.0,0.0,0.0,0.0,0.0,0.0,0.0,0.0,0.0,0.0,0.0,0.0,0.0,0.0,0.0,0.0,0.0,0.0,0.0,0.0,0.0,0.0,0.0,0.0,0.0,0.0,0.0,0.0,0.0,0.0,0.0,0.0,0.0,0.0,0.0,0.0,0.0,0.0,0.0,0.0,0.0,0.0,4467.0,623.0,2569.0,2521.0,291.0,304.0,300.0,300.0,349.0,327.0,375.0,364.0,388.0,343.0,384.0,335.0,313.0,250.0,193.0,133.0,86.0,33.0,19.0,3.0,0.0,5090.0,0.0,5090.0,95.42,95.85,95.38,95.56,98.85,98.72,97.24,97.74,96.7,95.99,70.44,85.63,98.32,95.47,0.0,95.47,0.0,0.0,0.0,0.0,0.0,0.0,0.0,0.0,0.0,0.0,0.0,0.0,0.0,0.0,0.0,0.0,38.0,43.0,39.0,0.0,39.0,99.42,121.71,101.9,0.0,101.9,109.35,164.52,115.08,0.0,115.08,0.0,0.0,0.0,0.0,0.0,0.0,0.0,0.0,0.0,0.0,0.0,0.0,0.0,0.0,0.0
3520707,0.0,0.0,0.0,0.0,0.0,0.0,0.0,0.0,0.0,4035.0,0.0,4035.0,0.0,0.0,0.0,0.0,0.0,0.0,0.0,0.0,0.0,0.0,0.0,0.0,0.0,0.0,0.0,0.0,0.0,0.0,0.0,0.0,0.0,0.0,0.0,0.0,0.0,0.0,0.0,0.0,0.0,0.0,82.65,17.35,48.57,51.43,4.54,5.58,6.1,5.48,4.93,5.43,6.44,6.77,7.46,6.67,7.36,6.59,8.1,6.0,4.98,3.79,2.08,0.92,0.67,0.12,0.0,100.0,0.0,100.0,0.0,0.0,0.0,0.0,0.0,0.0,0.0,0.0,0.0,0.0,0.0,0.0,0.0,0.0,0.0,0.0,0.0,0.0,0.0,0.0,0.0,0.0,0.0,0.0,0.0,0.0,0.0,0.0,0.0,0.0,0.0,0.0,0.0,0.0,0.0,0.0,0.0,0.0,0.0,0.0,0.0,0.0,0.0,0.0,0.0,0.0,0.0,0.0,0.0,0.0,0.0,0.0,0.0,0.0,0.0,0.0,0.0,0.0,0.0,0.0,0.0,0.0,0.0,0.0,0.0,0.0,0.0,0.0,0.0,0.0,0.0,0.0,0.0,0.0,0.0,0.0,0.0,0.0,0.0,0.0,0.0,0.0,0.0,0.0,3335.0,700.0,1960.0,2075.0,183.0,225.0,246.0,221.0,199.0,219.0,260.0,273.0,301.0,269.0,297.0,266.0,327.0,242.0,201.0,153.0,84.0,37.0,27.0,5.0,0.0,4035.0,0.0,4035.0,91.16,93.47,90.57,92.51,98.99,96.24,98.57,95.82,92.76,91.74,75.49,80.11,100.0,91.57,0.0,91.57,0.0,0.0,0.0,0.0,0.0,0.0,0.0,0.0,0.0,0.0,0.0,0.0,0.0,0.0,0.0,0.0,42.0,45.0,42.0,0.0,42.0,90.25,117.39,94.46,0.0,94.46,161.16,182.52,164.53,0.0,164.53,0.0,0.0,0.0,0.0,0.0,0.0,0.0,0.0,0.0,0.0,0.0,0.0,0.0,0.0,0.0
3520806,0.0,0.0,0.0,0.0,0.0,0.0,0.0,0.0,0.0,3615.0,0.0,3615.0,0.0,0.0,0.0,0.0,0.0,0.0,0.0,0.0,0.0,0.0,0.0,0.0,0.0,0.0,0.0,0.0,0.0,0.0,0.0,0.0,0.0,0.0,0.0,0.0,0.0,0.0,0.0,0.0,0.0,0.0,92.09,7.91,49.1,50.9,5.15,5.31,5.67,6.31,6.97,5.98,5.95,7.97,7.61,7.33,7.11,7.19,6.78,5.17,3.68,2.38,1.8,1.02,0.61,0.03,0.0,100.0,0.0,100.0,0.0,0.0,0.0,0.0,0.0,0.0,0.0,0.0,0.0,0.0,0.0,0.0,0.0,0.0,0.0,0.0,0.0,0.0,0.0,0.0,0.0,0.0,0.0,0.0,0.0,0.0,0.0,0.0,0.0,0.0,0.0,0.0,0.0,0.0,0.0,0.0,0.0,0.0,0.0,0.0,0.0,0.0,0.0,0.0,0.0,0.0,0.0,0.0,0.0,0.0,0.0,0.0,0.0,0.0,0.0,0.0,0.0,0.0,0.0,0.0,0.0,0.0,0.0,0.0,0.0,0.0,0.0,0.0,0.0,0.0,0.0,0.0,0.0,0.0,0.0,0.0,0.0,0.0,0.0,0.0,0.0,0.0,0.0,0.0,3329.0,286.0,1775.0,1840.0,186.0,192.0,205.0,228.0,252.0,216.0,215.0,288.0,275.0,265.0,257.0,260.0,245.0,187.0,133.0,86.0,65.0,37.0,22.0,1.0,0.0,3615.0,0.0,3615.0,93.83,96.52,94.37,93.71,98.81,99.54,97.97,98.05,95.98,93.66,67.3,79.66,98.75,94.03,0.0,94.03,0.0,0.0,0.0,0.0,0.0,0.0,0.0,0.0,0.0,0.0,0.0,0.0,0.0,0.0,0.0,0.0,40.0,39.0,40.0,0.0,40.0,95.59,107.25,96.47,0.0,96.47,135.67,108.93,133.1,0.0,133.1,0.0,0.0,0.0,0.0,0.0,0.0,0.0,0.0,0.0,0.0,0.0,0.0,0.0,0.0,0.0
3520905,0.0,0.0,0.0,0.0,0.0,0.0,0.0,0.0,0.0,13712.0,0.0,13712.0,0.0,0.0,0.0,0.0,0.0,0.0,0.0,0.0,0.0,0.0,0.0,0.0,0.0,0.0,0.0,0.0,0.0,0.0,0.0,0.0,0.0,0.0,0.0,0.0,0.0,0.0,0.0,0.0,0.0,0.0,97.12,2.88,49.04,50.96,6.06,6.44,7.01,7.04,7.13,7.16,6.95,7.49,7.39,6.84,6.15,6.11,5.72,4.2,3.3,2.46,1.52,0.65,0.29,0.07,0.01,100.0,0.0,100.0,0.0,0.0,0.0,0.0,0.0,0.0,0.0,0.0,0.0,0.0,0.0,0.0,0.0,0.0,0.0,0.0,0.0,0.0,0.0,0.0,0.0,0.0,0.0,0.0,0.0,0.0,0.0,0.0,0.0,0.0,0.0,0.0,0.0,0.0,0.0,0.0,0.0,0.0,0.0,0.0,0.0,0.0,0.0,0.0,0.0,0.0,0.0,0.0,0.0,0.0,0.0,0.0,0.0,0.0,0.0,0.0,0.0,0.0,0.0,0.0,0.0,0.0,0.0,0.0,0.0,0.0,0.0,0.0,0.0,0.0,0.0,0.0,0.0,0.0,0.0,0.0,0.0,0.0,0.0,0.0,0.0,0.0,0.0,0.0,13317.0,395.0,6724.0,6988.0,831.0,883.0,961.0,965.0,978.0,982.0,953.0,1027.0,1014.0,938.0,843.0,838.0,784.0,576.0,452.0,338.0,209.0,89.0,40.0,9.0,2.0,13712.0,0.0,13712.0,95.55,91.83,96.61,94.34,98.98,98.76,98.65,97.99,95.68,94.39,82.53,85.42,99.46,95.44,0.0,95.44,0.0,0.0,0.0,0.0,0.0,0.0,0.0,0.0,0.0,0.0,0.0,0.0,0.0,0.0,0.0,0.0,36.0,38.0,36.0,0.0,36.0,96.07,101.53,96.22,0.0,96.22,93.39,94.38,93.42,0.0,93.42,0.0,0.0,0.0,0.0,0.0,0.0,0.0,0.0,0.0,0.0,0.0,0.0,0.0,0.0,0.0
3521002,0.0,0.0,0.0,0.0,0.0,0.0,0.0,0.0,0.0,36459.0,0.0,36459.0,0.0,0.0,0.0,0.0,0.0,0.0,0.0,0.0,0.0,0.0,0.0,0.0,0.0,0.0,0.0,0.0,0.0,0.0,0.0,0.0,0.0,0.0,0.0,0.0,0.0,0.0,0.0,0.0,0.0,0.0,82.96,17.04,53.69,46.31,6.44,7.11,6.74,6.68,7.67,8.54,8.73,8.63,8.1,6.68,5.68,5.41,4.63,3.69,2.39,1.56,0.78,0.38,0.13,0.02,0.01,100.0,0.0,100.0,0.0,0.0,0.0,0.0,0.0,0.0,0.0,0.0,0.0,0.0,0.0,0.0,0.0,0.0,0.0,0.0,0.0,0.0,0.0,0.0,0.0,0.0,0.0,0.0,0.0,0.0,0.0,0.0,0.0,0.0,0.0,0.0,0.0,0.0,0.0,0.0,0.0,0.0,0.0,0.0,0.0,0.0,0.0,0.0,0.0,0.0,0.0,0.0,0.0,0.0,0.0,0.0,0.0,0.0,0.0,0.0,0.0,0.0,0.0,0.0,0.0,0.0,0.0,0.0,0.0,0.0,0.0,0.0,0.0,0.0,0.0,0.0,0.0,0.0,0.0,0.0,0.0,0.0,0.0,0.0,0.0,0.0,0.0,0.0,30246.0,6213.0,19575.0,16884.0,2348.0,2594.0,2456.0,2435.0,2796.0,3115.0,3184.0,3145.0,2954.0,2434.0,2072.0,1971.0,1688.0,1347.0,871.0,567.0,283.0,139.0,48.0,9.0,3.0,36459.0,0.0,36459.0,96.01,95.82,96.23,95.66,98.75,98.33,98.64,97.85,96.05,93.28,81.51,86.44,98.76,95.97,0.0,95.97,0.0,0.0,0.0,0.0,0.0,0.0,0.0,0.0,0.0,0.0,0.0,0.0,0.0,0.0,0.0,0.0,33.0,34.0,33.0,0.0,33.0,98.8,272.04,115.94,0.0,115.94,65.0,84.46,66.98,0.0,66.98,0.0,0.0,0.0,0.0,0.0,0.0,0.0,0.0,0.0,0.0,0.0,0.0,0.0,0.0,0.0
3521101,0.0,0.0,0.0,0.0,0.0,0.0,0.0,0.0,0.0,6831.0,0.0,6831.0,0.0,0.0,0.0,0.0,0.0,0.0,0.0,0.0,0.0,0.0,0.0,0.0,0.0,0.0,0.0,0.0,0.0,0.0,0.0,0.0,0.0,0.0,0.0,0.0,0.0,0.0,0.0,0.0,0.0,0.0,92.11,7.89,50.1,49.9,5.96,6.95,6.31,6.94,7.85,8.02,7.09,7.71,7.91,6.6,6.47,5.67,4.87,4.22,3.04,2.03,1.39,0.64,0.26,0.06,0.0,100.0,0.0,100.0,0.0,0.0,0.0,0.0,0.0,0.0,0.0,0.0,0.0,0.0,0.0,0.0,0.0,0.0,0.0,0.0,0.0,0.0,0.0,0.0,0.0,0.0,0.0,0.0,0.0,0.0,0.0,0.0,0.0,0.0,0.0,0.0,0.0,0.0,0.0,0.0,0.0,0.0,0.0,0.0,0.0,0.0,0.0,0.0,0.0,0.0,0.0,0.0,0.0,0.0,0.0,0.0,0.0,0.0,0.0,0.0,0.0,0.0,0.0,0.0,0.0,0.0,0.0,0.0,0.0,0.0,0.0,0.0,0.0,0.0,0.0,0.0,0.0,0.0,0.0,0.0,0.0,0.0,0.0,0.0,0.0,0.0,0.0,0.0,6292.0,539.0,3422.0,3409.0,407.0,475.0,431.0,474.0,536.0,548.0,484.0,527.0,540.0,451.0,442.0,387.0,333.0,288.0,208.0,139.0,95.0,44.0,18.0,4.0,0.0,6831.0,0.0,6831.0,96.28,87.13,95.48,95.64,99.63,98.26,98.97,97.56,95.3,93.19,80.67,86.81,100.0,95.56,0.0,95.56,0.0,0.0,0.0,0.0,0.0,0.0,0.0,0.0,0.0,0.0,0.0,0.0,0.0,0.0,0.0,0.0,35.0,39.0,35.0,0.0,35.0,98.61,123.65,100.38,0.0,100.38,85.77,88.46,85.99,0.0,85.99,0.0,0.0,0.0,0.0,0.0,0.0,0.0,0.0,0.0,0.0,0.0,0.0,0.0,0.0,0.0
3521150,0.0,0.0,0.0,0.0,0.0,0.0,0.0,0.0,0.0,6761.0,0.0,6761.0,0.0,0.0,0.0,0.0,0.0,0.0,0.0,0.0,0.0,0.0,0.0,0.0,0.0,0.0,0.0,0.0,0.0,0.0,0.0,0.0,0.0,0.0,0.0,0.0,0.0,0.0,0.0,0.0,0.0,0.0,85.76,14.24,50.29,49.71,5.95,6.79,7.42,5.69,6.17,6.77,7.13,7.84,7.31,6.94,7.0,6.63,5.69,4.66,3.43,2.14,1.38,0.72,0.3,0.03,0.01,100.0,0.0,100.0,0.0,0.0,0.0,0.0,0.0,0.0,0.0,0.0,0.0,0.0,0.0,0.0,0.0,0.0,0.0,0.0,0.0,0.0,0.0,0.0,0.0,0.0,0.0,0.0,0.0,0.0,0.0,0.0,0.0,0.0,0.0,0.0,0.0,0.0,0.0,0.0,0.0,0.0,0.0,0.0,0.0,0.0,0.0,0.0,0.0,0.0,0.0,0.0,0.0,0.0,0.0,0.0,0.0,0.0,0.0,0.0,0.0,0.0,0.0,0.0,0.0,0.0,0.0,0.0,0.0,0.0,0.0,0.0,0.0,0.0,0.0,0.0,0.0,0.0,0.0,0.0,0.0,0.0,0.0,0.0,0.0,0.0,0.0,0.0,5798.0,963.0,3400.0,3361.0,402.0,459.0,502.0,385.0,417.0,458.0,482.0,530.0,494.0,469.0,473.0,448.0,385.0,315.0,232.0,145.0,93.0,49.0,20.0,2.0,1.0,6761.0,0.0,6761.0,95.95,96.15,96.49,95.48,98.8,98.72,99.14,98.54,96.92,95.32,78.71,86.81,98.69,95.98,0.0,95.98,0.0,0.0,0.0,0.0,0.0,0.0,0.0,0.0,0.0,0.0,0.0,0.0,0.0,0.0,0.0,0.0,37.0,39.0,37.0,0.0,37.0,99.18,114.0,101.16,0.0,101.16,88.81,106.01,91.12,0.0,91.12,0.0,0.0,0.0,0.0,0.0,0.0,0.0,0.0,0.0,0.0,0.0,0.0,0.0,0.0,0.0
3521200,100.0,50.35,49.65,1424.0,717.0,707.0,35.2,68.42,23.58,4046.0,1048.0,2998.0,100.0,43.15,56.85,100.0,43.91,56.09,100.0,50.35,49.65,577.0,249.0,328.0,1715.0,753.0,962.0,1424.0,717.0,707.0,2.97,3.02,2.93,2.47,2.88,2.16,39.55,70.14,29.71,83.03,95.22,73.49,46.79,53.21,50.52,49.48,6.28,7.46,7.98,7.79,6.15,6.48,7.32,6.99,7.59,7.22,6.15,5.59,5.61,4.33,2.52,1.98,1.41,0.79,0.32,0.05,0.0,100.0,25.9,74.1,35.18,64.82,50.14,49.86,7.37,8.01,7.87,8.15,6.6,6.67,7.37,5.69,7.16,6.74,6.04,5.55,4.49,5.2,2.46,2.6,1.05,0.7,0.21,,0.0,100.0,50.35,49.65,501.0,923.0,714.0,710.0,105.0,114.0,112.0,116.0,94.0,95.0,105.0,81.0,102.0,96.0,86.0,79.0,64.0,74.0,35.0,37.0,15.0,10.0,3.0,,0.0,1424.0,717.0,707.0,26.47,42.87,34.93,35.46,41.34,37.75,34.67,36.83,37.75,36.26,35.47,28.62,33.22,32.88,34.54,34.96,28.19,42.29,34.31,46.25,26.32,31.25,23.08,50.0,0.0,35.2,68.42,23.58,1893.0,2153.0,2044.0,2002.0,254.0,302.0,323.0,315.0,249.0,262.0,296.0,283.0,307.0,292.0,249.0,226.0,227.0,175.0,102.0,80.0,57.0,32.0,13.0,2.0,0.0,4046.0,1048.0,2998.0,96.02,90.93,93.82,92.78,97.99,98.21,100.0,97.29,95.19,90.51,64.67,76.14,98.17,93.31,88.46,94.94,92.49,89.53,91.71,89.45,98.94,98.0,100.0,93.99,91.76,87.41,53.03,69.71,97.62,90.58,89.61,91.52,35.0,35.0,35.0,33.0,36.0,95.15,108.62,102.1,113.44,98.41,72.57,83.3,78.27,75.3,79.46,34.0,33.0,33.0,32.0,35.0,89.06,107.42,100.56,110.88,91.08,72.17,72.22,72.21,69.1,75.82
3521309,0.0,0.0,0.0,0.0,0.0,0.0,0.0,0.0,0.0,14454.0,0.0,14454.0,0.0,0.0,0.0,0.0,0.0,0.0,0.0,0.0,0.0,0.0,0.0,0.0,0.0,0.0,0.0,0.0,0.0,0.0,0.0,0.0,0.0,0.0,0.0,0.0,0.0,0.0,0.0,0.0,0.0,0.0,97.5,2.5,49.77,50.23,5.92,6.34,6.01,7.49,7.84,7.71,7.65,8.09,8.34,7.33,6.42,5.7,5.0,3.76,2.89,1.78,1.05,0.48,0.15,0.04,0.01,100.0,0.0,100.0,0.0,0.0,0.0,0.0,0.0,0.0,0.0,0.0,0.0,0.0,0.0,0.0,0.0,0.0,0.0,0.0,0.0,0.0,0.0,0.0,0.0,0.0,0.0,0.0,0.0,0.0,0.0,0.0,0.0,0.0,0.0,0.0,0.0,0.0,0.0,0.0,0.0,0.0,0.0,0.0,0.0,0.0,0.0,0.0,0.0,0.0,0.0,0.0,0.0,0.0,0.0,0.0,0.0,0.0,0.0,0.0,0.0,0.0,0.0,0.0,0.0,0.0,0.0,0.0,0.0,0.0,0.0,0.0,0.0,0.0,0.0,0.0,0.0,0.0,0.0,0.0,0.0,0.0,0.0,0.0,0.0,0.0,0.0,0.0,14093.0,361.0,7194.0,7260.0,856.0,917.0,868.0,1083.0,1133.0,1115.0,1106.0,1170.0,1206.0,1059.0,928.0,824.0,722.0,543.0,417.0,257.0,152.0,69.0,22.0,6.0,1.0,14454.0,0.0,14454.0,94.87,90.69,94.96,94.58,98.85,98.56,99.53,96.3,93.71,93.08,75.54,83.16,99.33,94.77,0.0,94.77,0.0,0.0,0.0,0.0,0.0,0.0,0.0,0.0,0.0,0.0,0.0,0.0,0.0,0.0,0.0,0.0,35.0,37.0,35.0,0.0,35.0,98.69,116.17,99.09,0.0,99.09,83.07,76.06,82.89,0.0,82.89,0.0,0.0,0.0,0.0,0.0,0.0,0.0,0.0,0.0,0.0,0.0,0.0,0.0,0.0,0.0
3521408,0.0,0.0,0.0,0.0,0.0,0.0,0.0,0.0,0.0,21967.0,0.0,21967.0,0.0,0.0,0.0,0.0,0.0,0.0,0.0,0.0,0.0,0.0,0.0,0.0,0.0,0.0,0.0,0.0,0.0,0.0,0.0,0.0,0.0,0.0,0.0,0.0,0.0,0.0,0.0,0.0,0.0,0.0,99.44,0.56,49.61,50.39,5.82,6.11,6.1,6.58,7.51,7.36,7.82,8.85,8.59,6.62,6.49,6.37,5.2,3.93,2.69,1.91,1.04,0.66,0.28,0.07,0.0,100.0,0.0,100.0,0.0,0.0,0.0,0.0,0.0,0.0,0.0,0.0,0.0,0.0,0.0,0.0,0.0,0.0,0.0,0.0,0.0,0.0,0.0,0.0,0.0,0.0,0.0,0.0,0.0,0.0,0.0,0.0,0.0,0.0,0.0,0.0,0.0,0.0,0.0,0.0,0.0,0.0,0.0,0.0,0.0,0.0,0.0,0.0,0.0,0.0,0.0,0.0,0.0,0.0,0.0,0.0,0.0,0.0,0.0,0.0,0.0,0.0,0.0,0.0,0.0,0.0,0.0,0.0,0.0,0.0,0.0,0.0,0.0,0.0,0.0,0.0,0.0,0.0,0.0,0.0,0.0,0.0,0.0,0.0,0.0,0.0,0.0,0.0,21845.0,122.0,10898.0,11069.0,1279.0,1343.0,1339.0,1446.0,1649.0,1616.0,1718.0,1945.0,1886.0,1454.0,1425.0,1400.0,1142.0,864.0,592.0,420.0,229.0,144.0,61.0,15.0,0.0,21967.0,0.0,21967.0,97.16,91.18,97.3,96.97,99.33,99.28,99.17,98.59,97.43,95.75,85.16,89.89,99.33,97.13,0.0,97.13,0.0,0.0,0.0,0.0,0.0,0.0,0.0,0.0,0.0,0.0,0.0,0.0,0.0,0.0,0.0,0.0,36.0,37.0,36.0,0.0,36.0,98.32,125.93,98.46,0.0,98.46,87.34,125.0,87.53,0.0,87.53,0.0,0.0,0.0,0.0,0.0,0.0,0.0,0.0,0.0,0.0,0.0,0.0,0.0,0.0,0.0
3521507,0.0,0.0,0.0,0.0,0.0,0.0,0.0,0.0,0.0,6867.0,0.0,6867.0,0.0,0.0,0.0,0.0,0.0,0.0,0.0,0.0,0.0,0.0,0.0,0.0,0.0,0.0,0.0,0.0,0.0,0.0,0.0,0.0,0.0,0.0,0.0,0.0,0.0,0.0,0.0,0.0,0.0,0.0,90.68,9.32,50.43,49.57,5.45,6.41,6.32,6.82,7.05,6.77,6.92,7.56,7.7,6.58,6.32,5.84,6.01,5.23,3.95,2.39,1.5,0.73,0.35,0.1,0.01,100.0,0.0,100.0,0.0,0.0,0.0,0.0,0.0,0.0,0.0,0.0,0.0,0.0,0.0,0.0,0.0,0.0,0.0,0.0,0.0,0.0,0.0,0.0,0.0,0.0,0.0,0.0,0.0,0.0,0.0,0.0,0.0,0.0,0.0,0.0,0.0,0.0,0.0,0.0,0.0,0.0,0.0,0.0,0.0,0.0,0.0,0.0,0.0,0.0,0.0,0.0,0.0,0.0,0.0,0.0,0.0,0.0,0.0,0.0,0.0,0.0,0.0,0.0,0.0,0.0,0.0,0.0,0.0,0.0,0.0,0.0,0.0,0.0,0.0,0.0,0.0,0.0,0.0,0.0,0.0,0.0,0.0,0.0,0.0,0.0,0.0,0.0,6227.0,640.0,3463.0,3404.0,374.0,440.0,434.0,468.0,484.0,465.0,475.0,519.0,529.0,452.0,434.0,401.0,413.0,359.0,271.0,164.0,103.0,50.0,24.0,7.0,1.0,6867.0,0.0,6867.0,92.81,94.2,93.11,92.76,98.97,97.23,98.59,95.99,93.68,89.68,72.49,81.92,98.37,92.93,0.0,92.93,0.0,0.0,0.0,0.0,0.0,0.0,0.0,0.0,0.0,0.0,0.0,0.0,0.0,0.0,0.0,0.0,37.0,40.0,37.0,0.0,37.0,100.68,112.62,101.73,0.0,101.73,111.47,112.2,111.54,0.0,111.54,0.0,0.0,0.0,0.0,0.0,0.0,0.0,0.0,0.0,0.0,0.0,0.0,0.0,0.0,0.0
3521606,0.0,0.0,0.0,0.0,0.0,0.0,0.0,0.0,0.0,7085.0,0.0,7085.0,0.0,0.0,0.0,0.0,0.0,0.0,0.0,0.0,0.0,0.0,0.0,0.0,0.0,0.0,0.0,0.0,0.0,0.0,0.0,0.0,0.0,0.0,0.0,0.0,0.0,0.0,0.0,0.0,0.0,0.0,73.83,26.17,57.35,42.65,4.14,4.39,4.53,5.52,7.04,9.43,8.67,8.16,7.18,6.55,6.2,6.44,5.7,5.08,4.22,2.99,1.76,1.47,0.44,0.1,0.0,100.0,0.0,100.0,0.0,0.0,0.0,0.0,0.0,0.0,0.0,0.0,0.0,0.0,0.0,0.0,0.0,0.0,0.0,0.0,0.0,0.0,0.0,0.0,0.0,0.0,0.0,0.0,0.0,0.0,0.0,0.0,0.0,0.0,0.0,0.0,0.0,0.0,0.0,0.0,0.0,0.0,0.0,0.0,0.0,0.0,0.0,0.0,0.0,0.0,0.0,0.0,0.0,0.0,0.0,0.0,0.0,0.0,0.0,0.0,0.0,0.0,0.0,0.0,0.0,0.0,0.0,0.0,0.0,0.0,0.0,0.0,0.0,0.0,0.0,0.0,0.0,0.0,0.0,0.0,0.0,0.0,0.0,0.0,0.0,0.0,0.0,0.0,5231.0,1854.0,4063.0,3022.0,293.0,311.0,321.0,391.0,499.0,668.0,614.0,578.0,509.0,464.0,439.0,456.0,404.0,360.0,299.0,212.0,125.0,104.0,31.0,7.0,0.0,7085.0,0.0,7085.0,93.95,94.84,95.26,92.72,98.6,97.5,99.13,96.96,95.46,94.53,73.28,82.86,100.0,94.2,0.0,94.2,0.0,0.0,0.0,0.0,0.0,0.0,0.0,0.0,0.0,0.0,0.0,0.0,0.0,0.0,0.0,0.0,42.0,32.0,38.0,0.0,38.0,92.67,503.91,134.45,0.0,134.45,157.13,255.56,166.7,0.0,166.7,0.0,0.0,0.0,0.0,0.0,0.0,0.0,0.0,0.0,0.0,0.0,0.0,0.0,0.0,0.0
3521705,0.0,0.0,0.0,0.0,0.0,0.0,0.0,0.0,0.0,17983.0,0.0,17983.0,0.0,0.0,0.0,0.0,0.0,0.0,0.0,0.0,0.0,0.0,0.0,0.0,0.0,0.0,0.0,0.0,0.0,0.0,0.0,0.0,0.0,0.0,0.0,0.0,0.0,0.0,0.0,0.0,0.0,0.0,68.51,31.49,50.08,49.92,6.18,6.38,6.36,6.74,7.16,7.35,7.21,7.8,7.97,6.77,6.46,6.03,5.39,4.52,3.23,2.05,1.43,0.65,0.24,0.07,0.01,100.0,0.0,100.0,0.0,0.0,0.0,0.0,0.0,0.0,0.0,0.0,0.0,0.0,0.0,0.0,0.0,0.0,0.0,0.0,0.0,0.0,0.0,0.0,0.0,0.0,0.0,0.0,0.0,0.0,0.0,0.0,0.0,0.0,0.0,0.0,0.0,0.0,0.0,0.0,0.0,0.0,0.0,0.0,0.0,0.0,0.0,0.0,0.0,0.0,0.0,0.0,0.0,0.0,0.0,0.0,0.0,0.0,0.0,0.0,0.0,0.0,0.0,0.0,0.0,0.0,0.0,0.0,0.0,0.0,0.0,0.0,0.0,0.0,0.0,0.0,0.0,0.0,0.0,0.0,0.0,0.0,0.0,0.0,0.0,0.0,0.0,0.0,12320.0,5663.0,9006.0,8977.0,1111.0,1147.0,1144.0,1212.0,1287.0,1322.0,1297.0,1402.0,1434.0,1218.0,1161.0,1084.0,970.0,813.0,581.0,369.0,258.0,116.0,43.0,12.0,2.0,17983.0,0.0,17983.0,94.94,93.82,95.09,94.09,99.3,98.36,98.08,98.1,95.0,91.58,76.75,82.91,99.58,94.59,0.0,94.59,0.0,0.0,0.0,0.0,0.0,0.0,0.0,0.0,0.0,0.0,0.0,0.0,0.0,0.0,0.0,0.0,36.0,38.0,36.0,0.0,36.0,95.25,112.34,100.32,0.0,100.32,90.35,98.79,93.0,0.0,93.0,0.0,0.0,0.0,0.0,0.0,0.0,0.0,0.0,0.0,0.0,0.0,0.0,0.0,0.0,0.0
3521804,0.0,0.0,0.0,0.0,0.0,0.0,0.0,0.0,0.0,25180.0,0.0,25180.0,0.0,0.0,0.0,0.0,0.0,0.0,0.0,0.0,0.0,0.0,0.0,0.0,0.0,0.0,0.0,0.0,0.0,0.0,0.0,0.0,0.0,0.0,0.0,0.0,0.0,0.0,0.0,0.0,0.0,0.0,82.87,17.13,51.85,48.15,6.55,6.88,6.81,6.92,6.7,7.14,7.03,8.15,8.24,6.93,6.37,6.14,5.26,4.31,2.89,1.8,1.03,0.55,0.22,0.08,0.01,100.0,0.0,100.0,0.0,0.0,0.0,0.0,0.0,0.0,0.0,0.0,0.0,0.0,0.0,0.0,0.0,0.0,0.0,0.0,0.0,0.0,0.0,0.0,0.0,0.0,0.0,0.0,0.0,0.0,0.0,0.0,0.0,0.0,0.0,0.0,0.0,0.0,0.0,0.0,0.0,0.0,0.0,0.0,0.0,0.0,0.0,0.0,0.0,0.0,0.0,0.0,0.0,0.0,0.0,0.0,0.0,0.0,0.0,0.0,0.0,0.0,0.0,0.0,0.0,0.0,0.0,0.0,0.0,0.0,0.0,0.0,0.0,0.0,0.0,0.0,0.0,0.0,0.0,0.0,0.0,0.0,0.0,0.0,0.0,0.0,0.0,0.0,20867.0,4313.0,13057.0,12123.0,1650.0,1732.0,1716.0,1742.0,1686.0,1797.0,1770.0,2051.0,2076.0,1746.0,1603.0,1546.0,1325.0,1084.0,727.0,452.0,259.0,139.0,56.0,21.0,2.0,25180.0,0.0,25180.0,94.0,93.3,94.31,93.4,99.41,98.23,98.33,97.26,93.13,90.39,75.03,81.42,98.35,93.88,0.0,93.88,0.0,0.0,0.0,0.0,0.0,0.0,0.0,0.0,0.0,0.0,0.0,0.0,0.0,0.0,0.0,0.0,35.0,40.0,36.0,0.0,36.0,97.7,175.06,107.7,0.0,107.7,75.48,106.41,79.74,0.0,79.74,0.0,0.0,0.0,0.0,0.0,0.0,0.0,0.0,0.0,0.0,0.0,0.0,0.0,0.0,0.0
3521903,0.0,0.0,0.0,0.0,0.0,0.0,0.0,0.0,0.0,16989.0,0.0,16989.0,0.0,0.0,0.0,0.0,0.0,0.0,0.0,0.0,0.0,0.0,0.0,0.0,0.0,0.0,0.0,0.0,0.0,0.0,0.0,0.0,0.0,0.0,0.0,0.0,0.0,0.0,0.0,0.0,0.0,0.0,88.23,11.77,49.95,50.05,5.72,5.61,5.6,6.37,7.32,7.49,7.19,7.42,7.39,6.59,6.49,6.02,5.66,5.04,4.23,2.65,1.71,1.0,0.39,0.11,0.01,100.0,0.0,100.0,0.0,0.0,0.0,0.0,0.0,0.0,0.0,0.0,0.0,0.0,0.0,0.0,0.0,0.0,0.0,0.0,0.0,0.0,0.0,0.0,0.0,0.0,0.0,0.0,0.0,0.0,0.0,0.0,0.0,0.0,0.0,0.0,0.0,0.0,0.0,0.0,0.0,0.0,0.0,0.0,0.0,0.0,0.0,0.0,0.0,0.0,0.0,0.0,0.0,0.0,0.0,0.0,0.0,0.0,0.0,0.0,0.0,0.0,0.0,0.0,0.0,0.0,0.0,0.0,0.0,0.0,0.0,0.0,0.0,0.0,0.0,0.0,0.0,0.0,0.0,0.0,0.0,0.0,0.0,0.0,0.0,0.0,0.0,0.0,14990.0,1999.0,8486.0,8503.0,971.0,953.0,952.0,1082.0,1244.0,1273.0,1221.0,1260.0,1255.0,1120.0,1102.0,1023.0,961.0,857.0,718.0,450.0,290.0,170.0,67.0,18.0,2.0,16989.0,0.0,16989.0,95.67,94.75,95.74,95.37,98.87,98.4,98.69,97.46,95.9,95.06,82.25,87.99,99.36,95.56,0.0,95.56,0.0,0.0,0.0,0.0,0.0,0.0,0.0,0.0,0.0,0.0,0.0,0.0,0.0,0.0,0.0,0.0,37.0,44.0,38.0,0.0,38.0,98.31,111.76,99.8,0.0,99.8,117.7,166.23,122.84,0.0,122.84,0.0,0.0,0.0,0.0,0.0,0.0,0.0,0.0,0.0,0.0,0.0,0.0,0.0,0.0,0.0
3522000,0.0,0.0,0.0,0.0,0.0,0.0,0.0,0.0,0.0,3618.0,0.0,3618.0,0.0,0.0,0.0,0.0,0.0,0.0,0.0,0.0,0.0,0.0,0.0,0.0,0.0,0.0,0.0,0.0,0.0,0.0,0.0,0.0,0.0,0.0,0.0,0.0,0.0,0.0,0.0,0.0,0.0,0.0,80.9,19.1,50.14,49.86,6.5,6.88,6.03,7.1,6.66,6.72,6.8,7.66,6.63,6.69,5.53,6.27,5.91,5.56,3.7,2.71,1.58,0.64,0.41,0.03,0.0,100.0,0.0,100.0,0.0,0.0,0.0,0.0,0.0,0.0,0.0,0.0,0.0,0.0,0.0,0.0,0.0,0.0,0.0,0.0,0.0,0.0,0.0,0.0,0.0,0.0,0.0,0.0,0.0,0.0,0.0,0.0,0.0,0.0,0.0,0.0,0.0,0.0,0.0,0.0,0.0,0.0,0.0,0.0,0.0,0.0,0.0,0.0,0.0,0.0,0.0,0.0,0.0,0.0,0.0,0.0,0.0,0.0,0.0,0.0,0.0,0.0,0.0,0.0,0.0,0.0,0.0,0.0,0.0,0.0,0.0,0.0,0.0,0.0,0.0,0.0,0.0,0.0,0.0,0.0,0.0,0.0,0.0,0.0,0.0,0.0,0.0,0.0,2927.0,691.0,1814.0,1804.0,235.0,249.0,218.0,257.0,241.0,243.0,246.0,277.0,240.0,242.0,200.0,227.0,214.0,201.0,134.0,98.0,57.0,23.0,15.0,1.0,0.0,3618.0,0.0,3618.0,95.0,94.05,94.71,94.93,99.17,98.36,100.0,97.49,93.21,91.38,85.05,88.66,100.0,94.82,0.0,94.82,0.0,0.0,0.0,0.0,0.0,0.0,0.0,0.0,0.0,0.0,0.0,0.0,0.0,0.0,0.0,0.0,36.0,42.0,37.0,0.0,37.0,97.24,115.94,100.55,0.0,100.55,98.59,136.03,105.84,0.0,105.84,0.0,0.0,0.0,0.0,0.0,0.0,0.0,0.0,0.0,0.0,0.0,0.0,0.0,0.0,0.0
3522109,100.0,0.0,100.0,2.0,0.0,2.0,0.0,0.0,0.0,112476.0,0.0,112476.0,100.0,0.0,100.0,100.0,0.0,100.0,100.0,0.0,100.0,1.0,0.0,1.0,2.0,0.0,2.0,2.0,0.0,2.0,2.0,0.0,2.0,2.0,0.0,2.0,0.0,0.0,0.0,100.0,0.0,100.0,98.93,1.07,48.09,51.91,5.47,6.7,7.18,6.99,6.2,5.81,6.07,6.95,7.46,6.66,6.35,6.39,6.55,6.0,4.31,2.49,1.35,0.69,0.27,0.08,0.01,100.0,0.0,100.0,100.0,0.0,50.0,50.0,0.0,0.0,0.0,0.0,0.0,0.0,0.0,0.0,0.0,0.0,50.0,50.0,0.0,0.0,0.0,0.0,0.0,0.0,0.0,0.0,0.0,100.0,0.0,100.0,2.0,0.0,1.0,1.0,0.0,0.0,0.0,0.0,0.0,0.0,0.0,0.0,0.0,0.0,1.0,1.0,0.0,0.0,0.0,0.0,0.0,0.0,0.0,0.0,0.0,2.0,0.0,2.0,0.0,0.0,0.0,0.0,0.0,0.0,0.0,0.0,0.0,0.0,0.0,0.0,0.0,0.0,0.01,0.01,0.0,0.0,0.0,0.0,0.0,0.0,0.0,0.0,0.0,0.0,0.0,0.0,111273.0,1203.0,54092.0,58384.0,6148.0,7539.0,8074.0,7865.0,6979.0,6536.0,6831.0,7817.0,8396.0,7491.0,7147.0,7184.0,7372.0,6743.0,4850.0,2804.0,1524.0,776.0,302.0,90.0,8.0,112476.0,0.0,112476.0,96.02,86.15,95.77,96.06,98.72,98.56,98.78,97.95,96.44,94.65,85.81,90.06,99.02,95.92,0.0,95.92,100.0,0.0,100.0,100.0,0.0,0.0,0.0,0.0,100.0,100.0,0.0,0.0,0.0,100.0,0.0,100.0,39.0,40.0,39.0,0.0,39.0,92.32,128.71,92.65,0.0,92.65,112.44,112.76,112.44,0.0,112.44,55.0,0.0,55.0,0.0,55.0,100.0,0.0,100.0,0.0,100.0,0.0,0.0,0.0,0.0,0.0
3522158,100.0,52.94,47.06,306.0,162.0,144.0,8.94,100.0,4.42,3422.0,162.0,3260.0,100.0,45.9,54.1,100.0,45.25,54.75,100.0,52.94,47.06,122.0,56.0,66.0,358.0,162.0,196.0,306.0,162.0,144.0,2.93,2.89,2.97,2.51,2.89,2.18,9.67,100.0,5.47,85.47,100.0,73.47,46.9,53.1,49.88,50.12,6.28,7.25,6.31,7.22,6.34,6.05,5.67,7.36,7.31,7.95,7.04,5.46,6.08,4.53,3.8,2.48,1.52,0.82,0.38,0.12,0.03,100.0,4.73,95.27,10.13,89.87,50.33,49.67,5.88,7.19,5.88,8.17,6.54,5.56,5.88,9.48,5.23,8.17,9.15,7.84,5.23,2.94,2.61,1.63,1.63,0.65,0.33,0.0,0.0,100.0,52.94,47.06,31.0,275.0,154.0,152.0,18.0,22.0,18.0,25.0,20.0,17.0,18.0,29.0,16.0,25.0,28.0,24.0,16.0,9.0,8.0,5.0,5.0,2.0,1.0,0.0,0.0,306.0,162.0,144.0,1.93,15.13,9.02,8.86,8.37,8.87,8.33,10.12,9.22,8.21,9.28,11.51,6.4,9.19,11.62,12.83,7.69,5.81,6.15,5.88,9.62,7.14,7.69,0.0,0.0,8.94,100.0,4.42,1605.0,1817.0,1707.0,1715.0,215.0,248.0,216.0,247.0,217.0,207.0,194.0,252.0,250.0,272.0,241.0,187.0,208.0,155.0,130.0,85.0,52.0,28.0,13.0,4.0,1.0,3422.0,162.0,3260.0,93.23,87.36,90.54,89.62,97.24,97.76,99.39,96.41,94.54,86.33,57.38,66.67,100.0,90.08,87.5,90.21,89.29,87.27,87.4,87.6,100.0,94.29,94.12,93.33,96.23,75.0,30.77,56.67,100.0,87.5,87.5,87.5,37.0,39.0,38.0,39.0,38.0,92.45,106.24,99.53,97.56,99.63,92.81,106.09,99.56,67.65,101.24,42.0,36.0,37.0,39.0,35.0,55.0,108.33,101.32,97.56,105.71,200.0,72.73,79.31,67.65,95.83
3522208,0.0,0.0,0.0,0.0,0.0,0.0,0.0,0.0,0.0,158522.0,0.0,158522.0,0.0,0.0,0.0,0.0,0.0,0.0,0.0,0.0,0.0,0.0,0.0,0.0,0.0,0.0,0.0,0.0,0.0,0.0,0.0,0.0,0.0,0.0,0.0,0.0,0.0,0.0,0.0,0.0,0.0,0.0,94.52,5.48,48.83,51.17,6.24,7.37,7.38,7.45,7.94,7.59,7.34,8.28,8.21,7.19,6.53,5.34,4.5,3.51,2.45,1.36,0.75,0.38,0.15,0.04,0.0,100.0,0.0,100.0,0.0,0.0,0.0,0.0,0.0,0.0,0.0,0.0,0.0,0.0,0.0,0.0,0.0,0.0,0.0,0.0,0.0,0.0,0.0,0.0,0.0,0.0,0.0,0.0,0.0,0.0,0.0,0.0,0.0,0.0,0.0,0.0,0.0,0.0,0.0,0.0,0.0,0.0,0.0,0.0,0.0,0.0,0.0,0.0,0.0,0.0,0.0,0.0,0.0,0.0,0.0,0.0,0.0,0.0,0.0,0.0,0.0,0.0,0.0,0.0,0.0,0.0,0.0,0.0,0.0,0.0,0.0,0.0,0.0,0.0,0.0,0.0,0.0,0.0,0.0,0.0,0.0,0.0,0.0,0.0,0.0,0.0,0.0,0.0,149831.0,8691.0,77404.0,81118.0,9899.0,11689.0,11696.0,11805.0,12588.0,12031.0,11643.0,13123.0,13019.0,11391.0,10345.0,8462.0,7140.0,5568.0,3885.0,2152.0,1185.0,599.0,236.0,60.0,6.0,158522.0,0.0,158522.0,95.58,94.41,95.71,95.33,99.04,98.76,98.78,98.03,96.02,92.16,75.11,81.97,99.08,95.52,0.0,95.52,0.0,0.0,0.0,0.0,0.0,0.0,0.0,0.0,0.0,0.0,0.0,0.0,0.0,0.0,0.0,0.0,33.0,36.0,34.0,0.0,34.0,94.78,107.18,95.42,0.0,95.42,61.47,84.12,62.59,0.0,62.59,0.0,0.0,0.0,0.0,0.0,0.0,0.0,0.0,0.0,0.0,0.0,0.0,0.0,0.0,0.0
3522307,0.0,0.0,0.0,0.0,0.0,0.0,0.0,0.0,0.0,157790.0,0.0,157790.0,0.0,0.0,0.0,0.0,0.0,0.0,0.0,0.0,0.0,0.0,0.0,0.0,0.0,0.0,0.0,0.0,0.0,0.0,0.0,0.0,0.0,0.0,0.0,0.0,0.0,0.0,0.0,0.0,0.0,0.0,90.34,9.66,49.91,50.09,6.04,6.55,6.48,7.02,7.89,7.8,7.79,7.99,7.92,6.59,6.02,5.55,5.21,4.06,3.01,1.93,1.16,0.64,0.27,0.07,0.01,100.0,0.0,100.0,0.0,0.0,0.0,0.0,0.0,0.0,0.0,0.0,0.0,0.0,0.0,0.0,0.0,0.0,0.0,0.0,0.0,0.0,0.0,0.0,0.0,0.0,0.0,0.0,0.0,0.0,0.0,0.0,0.0,0.0,0.0,0.0,0.0,0.0,0.0,0.0,0.0,0.0,0.0,0.0,0.0,0.0,0.0,0.0,0.0,0.0,0.0,0.0,0.0,0.0,0.0,0.0,0.0,0.0,0.0,0.0,0.0,0.0,0.0,0.0,0.0,0.0,0.0,0.0,0.0,0.0,0.0,0.0,0.0,0.0,0.0,0.0,0.0,0.0,0.0,0.0,0.0,0.0,0.0,0.0,0.0,0.0,0.0,0.0,142544.0,15246.0,78747.0,79043.0,9533.0,10330.0,10221.0,11081.0,12448.0,12315.0,12299.0,12603.0,12495.0,10391.0,9505.0,8750.0,8222.0,6412.0,4750.0,3038.0,1831.0,1007.0,423.0,116.0,20.0,157790.0,0.0,157790.0,97.14,94.54,97.22,96.53,99.2,98.9,99.24,98.34,97.08,95.39,85.52,90.04,99.14,96.87,0.0,96.87,0.0,0.0,0.0,0.0,0.0,0.0,0.0,0.0,0.0,0.0,0.0,0.0,0.0,0.0,0.0,0.0,35.0,34.0,35.0,0.0,35.0,94.63,162.59,99.63,0.0,99.63,84.3,103.64,85.82,0.0,85.82,0.0,0.0,0.0,0.0,0.0,0.0,0.0,0.0,0.0,0.0,0.0,0.0,0.0,0.0,0.0
3522406,100.0,70.87,29.13,357.0,253.0,104.0,0.4,95.11,0.12,89728.0,266.0,89462.0,100.0,56.91,43.09,100.0,66.0,34.0,100.0,70.87,29.13,123.0,70.0,53.0,403.0,266.0,137.0,357.0,253.0,104.0,3.28,3.8,2.58,2.9,3.61,1.96,0.39,100.0,0.17,88.59,95.11,75.91,85.17,14.83,49.08,50.92,6.3,6.84,6.63,7.29,7.78,7.45,7.47,7.81,7.97,6.62,6.31,6.01,5.03,3.71,2.98,1.87,1.1,0.58,0.19,0.05,0.01,100.0,0.3,99.7,29.13,70.87,50.7,49.3,7.56,10.36,7.0,5.32,7.28,9.52,8.68,4.48,5.88,5.6,5.04,8.12,5.88,3.08,2.52,1.4,1.68,0.28,0.28,0.0,0.0,100.0,70.87,29.13,104.0,253.0,181.0,176.0,27.0,37.0,25.0,19.0,26.0,34.0,31.0,16.0,21.0,20.0,18.0,29.0,21.0,11.0,9.0,5.0,6.0,1.0,1.0,0.0,0.0,357.0,253.0,104.0,0.14,1.9,0.41,0.39,0.48,0.6,0.42,0.29,0.37,0.51,0.46,0.23,0.29,0.34,0.32,0.54,0.47,0.33,0.34,0.3,0.61,0.19,0.58,0.0,0.0,0.4,95.11,0.12,76424.0,13304.0,44036.0,45692.0,5656.0,6137.0,5952.0,6540.0,6981.0,6688.0,6700.0,7011.0,7155.0,5940.0,5658.0,5395.0,4511.0,3327.0,2674.0,1674.0,990.0,516.0,172.0,45.0,6.0,89728.0,266.0,89462.0,96.36,91.15,95.87,95.31,98.84,98.63,98.94,97.78,95.87,93.38,78.84,85.27,98.52,95.59,86.63,95.61,93.26,86.03,87.94,88.98,100.0,87.69,100.0,91.89,89.47,88.0,53.85,72.73,83.33,88.43,86.03,93.26,35.0,35.0,35.0,27.0,35.0,94.41,108.49,96.38,101.52,96.36,79.0,75.06,78.42,35.44,78.61,47.0,27.0,31.0,27.0,47.0,96.23,105.69,102.84,105.69,96.23,173.33,37.84,60.67,37.84,173.33
3522505,0.0,0.0,0.0,0.0,0.0,0.0,0.0,0.0,0.0,232297.0,0.0,232297.0,0.0,0.0,0.0,0.0,0.0,0.0,0.0,0.0,0.0,0.0,0.0,0.0,0.0,0.0,0.0,0.0,0.0,0.0,0.0,0.0,0.0,0.0,0.0,0.0,0.0,0.0,0.0,0.0,0.0,0.0,98.45,1.55,48.73,51.27,6.82,8.01,7.17,7.51,8.14,8.2,8.3,8.76,8.23,6.85,6.15,4.9,3.97,3.01,1.97,1.05,0.58,0.26,0.09,0.03,0.01,100.0,0.0,100.0,0.0,0.0,0.0,0.0,0.0,0.0,0.0,0.0,0.0,0.0,0.0,0.0,0.0,0.0,0.0,0.0,0.0,0.0,0.0,0.0,0.0,0.0,0.0,0.0,0.0,0.0,0.0,0.0,0.0,0.0,0.0,0.0,0.0,0.0,0.0,0.0,0.0,0.0,0.0,0.0,0.0,0.0,0.0,0.0,0.0,0.0,0.0,0.0,0.0,0.0,0.0,0.0,0.0,0.0,0.0,0.0,0.0,0.0,0.0,0.0,0.0,0.0,0.0,0.0,0.0,0.0,0.0,0.0,0.0,0.0,0.0,0.0,0.0,0.0,0.0,0.0,0.0,0.0,0.0,0.0,0.0,0.0,0.0,0.0,228691.0,3606.0,113200.0,119097.0,15839.0,18611.0,16654.0,17444.0,18905.0,19049.0,19283.0,20349.0,19114.0,15908.0,14285.0,11372.0,9225.0,7003.0,4581.0,2443.0,1339.0,611.0,205.0,65.0,12.0,232297.0,0.0,232297.0,96.34,94.23,96.57,96.06,99.02,98.9,98.75,98.33,96.12,92.78,75.72,84.23,98.96,96.31,0.0,96.31,0.0,0.0,0.0,0.0,0.0,0.0,0.0,0.0,0.0,0.0,0.0,0.0,0.0,0.0,0.0,0.0,32.0,35.0,32.0,0.0,32.0,94.96,100.89,95.05,0.0,95.05,49.63,65.22,49.87,0.0,49.87,0.0,0.0,0.0,0.0,0.0,0.0,0.0,0.0,0.0,0.0,0.0,0.0,0.0,0.0,0.0
3522604,0.0,0.0,0.0,0.0,0.0,0.0,0.0,0.0,0.0,72022.0,0.0,72022.0,0.0,0.0,0.0,0.0,0.0,0.0,0.0,0.0,0.0,0.0,0.0,0.0,0.0,0.0,0.0,0.0,0.0,0.0,0.0,0.0,0.0,0.0,0.0,0.0,0.0,0.0,0.0,0.0,0.0,0.0,94.56,5.44,48.97,51.03,5.11,5.64,5.38,5.83,6.77,7.33,7.62,7.93,8.21,6.84,6.94,6.47,5.99,4.92,3.75,2.38,1.53,0.83,0.4,0.1,0.01,100.0,0.0,100.0,0.0,0.0,0.0,0.0,0.0,0.0,0.0,0.0,0.0,0.0,0.0,0.0,0.0,0.0,0.0,0.0,0.0,0.0,0.0,0.0,0.0,0.0,0.0,0.0,0.0,0.0,0.0,0.0,0.0,0.0,0.0,0.0,0.0,0.0,0.0,0.0,0.0,0.0,0.0,0.0,0.0,0.0,0.0,0.0,0.0,0.0,0.0,0.0,0.0,0.0,0.0,0.0,0.0,0.0,0.0,0.0,0.0,0.0,0.0,0.0,0.0,0.0,0.0,0.0,0.0,0.0,0.0,0.0,0.0,0.0,0.0,0.0,0.0,0.0,0.0,0.0,0.0,0.0,0.0,0.0,0.0,0.0,0.0,0.0,68103.0,3919.0,35271.0,36751.0,3683.0,4064.0,3875.0,4197.0,4877.0,5278.0,5491.0,5713.0,5915.0,4927.0,5001.0,4659.0,4314.0,3543.0,2704.0,1712.0,1104.0,600.0,287.0,72.0,6.0,72022.0,0.0,72022.0,96.49,95.04,96.62,96.21,99.12,98.95,99.24,98.48,97.05,95.79,83.81,88.71,99.17,96.41,0.0,96.41,0.0,0.0,0.0,0.0,0.0,0.0,0.0,0.0,0.0,0.0,0.0,0.0,0.0,0.0,0.0,0.0,39.0,40.0,39.0,0.0,39.0,94.85,117.72,95.97,0.0,95.97,123.37,123.89,123.4,0.0,123.4,0.0,0.0,0.0,0.0,0.0,0.0,0.0,0.0,0.0,0.0,0.0,0.0,0.0,0.0,0.0
3522653,0.0,0.0,0.0,0.0,0.0,0.0,0.0,0.0,0.0,4306.0,0.0,4306.0,0.0,0.0,0.0,0.0,0.0,0.0,0.0,0.0,0.0,0.0,0.0,0.0,0.0,0.0,0.0,0.0,0.0,0.0,0.0,0.0,0.0,0.0,0.0,0.0,0.0,0.0,0.0,0.0,0.0,0.0,45.17,54.83,51.74,48.26,7.39,7.27,6.34,8.99,9.22,7.9,7.18,8.08,6.94,6.76,5.83,5.09,3.92,2.65,2.65,2.16,1.02,0.39,0.19,0.02,0.02,100.0,0.0,100.0,0.0,0.0,0.0,0.0,0.0,0.0,0.0,0.0,0.0,0.0,0.0,0.0,0.0,0.0,0.0,0.0,0.0,0.0,0.0,0.0,0.0,0.0,0.0,0.0,0.0,0.0,0.0,0.0,0.0,0.0,0.0,0.0,0.0,0.0,0.0,0.0,0.0,0.0,0.0,0.0,0.0,0.0,0.0,0.0,0.0,0.0,0.0,0.0,0.0,0.0,0.0,0.0,0.0,0.0,0.0,0.0,0.0,0.0,0.0,0.0,0.0,0.0,0.0,0.0,0.0,0.0,0.0,0.0,0.0,0.0,0.0,0.0,0.0,0.0,0.0,0.0,0.0,0.0,0.0,0.0,0.0,0.0,0.0,0.0,1945.0,2361.0,2228.0,2078.0,318.0,313.0,273.0,387.0,397.0,340.0,309.0,348.0,299.0,291.0,251.0,219.0,169.0,114.0,114.0,93.0,44.0,17.0,8.0,1.0,1.0,4306.0,0.0,4306.0,90.33,89.9,90.59,89.55,97.48,98.0,99.21,95.83,89.48,84.54,45.73,57.65,98.52,90.09,0.0,90.09,0.0,0.0,0.0,0.0,0.0,0.0,0.0,0.0,0.0,0.0,0.0,0.0,0.0,0.0,0.0,0.0,31.0,32.0,32.0,0.0,32.0,100.93,112.7,107.22,0.0,107.22,60.42,63.27,62.06,0.0,62.06,0.0,0.0,0.0,0.0,0.0,0.0,0.0,0.0,0.0,0.0,0.0,0.0,0.0,0.0,0.0
3522703,0.0,0.0,0.0,0.0,0.0,0.0,0.0,0.0,0.0,39493.0,0.0,39493.0,0.0,0.0,0.0,0.0,0.0,0.0,0.0,0.0,0.0,0.0,0.0,0.0,0.0,0.0,0.0,0.0,0.0,0.0,0.0,0.0,0.0,0.0,0.0,0.0,0.0,0.0,0.0,0.0,0.0,0.0,92.9,7.1,48.94,51.06,5.36,5.74,5.59,6.04,6.46,7.02,7.16,7.95,7.81,6.8,7.07,6.9,5.81,4.78,3.67,2.69,1.72,0.97,0.38,0.08,0.01,100.0,0.0,100.0,0.0,0.0,0.0,0.0,0.0,0.0,0.0,0.0,0.0,0.0,0.0,0.0,0.0,0.0,0.0,0.0,0.0,0.0,0.0,0.0,0.0,0.0,0.0,0.0,0.0,0.0,0.0,0.0,0.0,0.0,0.0,0.0,0.0,0.0,0.0,0.0,0.0,0.0,0.0,0.0,0.0,0.0,0.0,0.0,0.0,0.0,0.0,0.0,0.0,0.0,0.0,0.0,0.0,0.0,0.0,0.0,0.0,0.0,0.0,0.0,0.0,0.0,0.0,0.0,0.0,0.0,0.0,0.0,0.0,0.0,0.0,0.0,0.0,0.0,0.0,0.0,0.0,0.0,0.0,0.0,0.0,0.0,0.0,0.0,36689.0,2804.0,19326.0,20167.0,2115.0,2265.0,2208.0,2386.0,2552.0,2771.0,2826.0,3140.0,3085.0,2686.0,2793.0,2726.0,2295.0,1886.0,1448.0,1061.0,679.0,382.0,151.0,33.0,5.0,39493.0,0.0,39493.0,95.18,94.74,95.6,94.73,98.63,98.52,98.67,97.45,95.78,94.16,81.31,86.5,98.53,95.15,0.0,95.15,0.0,0.0,0.0,0.0,0.0,0.0,0.0,0.0,0.0,0.0,0.0,0.0,0.0,0.0,0.0,0.0,38.0,44.0,39.0,0.0,39.0,94.79,110.51,95.83,0.0,95.83,116.57,183.12,120.52,0.0,120.52,0.0,0.0,0.0,0.0,0.0,0.0,0.0,0.0,0.0,0.0,0.0,0.0,0.0,0.0,0.0
3522802,0.0,0.0,0.0,0.0,0.0,0.0,0.0,0.0,0.0,14085.0,0.0,14085.0,0.0,0.0,0.0,0.0,0.0,0.0,0.0,0.0,0.0,0.0,0.0,0.0,0.0,0.0,0.0,0.0,0.0,0.0,0.0,0.0,0.0,0.0,0.0,0.0,0.0,0.0,0.0,0.0,0.0,0.0,74.68,25.32,49.1,50.9,5.45,6.59,7.18,6.99,6.31,5.96,6.63,7.51,7.56,6.84,6.42,6.15,6.11,5.37,3.82,2.47,1.39,0.77,0.38,0.08,0.01,100.0,0.0,100.0,0.0,0.0,0.0,0.0,0.0,0.0,0.0,0.0,0.0,0.0,0.0,0.0,0.0,0.0,0.0,0.0,0.0,0.0,0.0,0.0,0.0,0.0,0.0,0.0,0.0,0.0,0.0,0.0,0.0,0.0,0.0,0.0,0.0,0.0,0.0,0.0,0.0,0.0,0.0,0.0,0.0,0.0,0.0,0.0,0.0,0.0,0.0,0.0,0.0,0.0,0.0,0.0,0.0,0.0,0.0,0.0,0.0,0.0,0.0,0.0,0.0,0.0,0.0,0.0,0.0,0.0,0.0,0.0,0.0,0.0,0.0,0.0,0.0,0.0,0.0,0.0,0.0,0.0,0.0,0.0,0.0,0.0,0.0,0.0,10518.0,3567.0,6916.0,7169.0,768.0,928.0,1011.0,984.0,889.0,840.0,934.0,1058.0,1065.0,964.0,904.0,866.0,861.0,757.0,538.0,348.0,196.0,108.0,54.0,11.0,1.0,14085.0,0.0,14085.0,92.83,90.97,92.99,91.74,98.54,98.48,98.31,97.36,94.91,89.11,68.11,76.4,98.51,92.35,0.0,92.35,0.0,0.0,0.0,0.0,0.0,0.0,0.0,0.0,0.0,0.0,0.0,0.0,0.0,0.0,0.0,0.0,37.0,42.0,38.0,0.0,38.0,92.74,108.35,96.47,0.0,96.47,98.69,130.12,106.17,0.0,106.17,0.0,0.0,0.0,0.0,0.0,0.0,0.0,0.0,0.0,0.0,0.0,0.0,0.0,0.0,0.0
3522901,0.0,0.0,0.0,0.0,0.0,0.0,0.0,0.0,0.0,13659.0,0.0,13659.0,0.0,0.0,0.0,0.0,0.0,0.0,0.0,0.0,0.0,0.0,0.0,0.0,0.0,0.0,0.0,0.0,0.0,0.0,0.0,0.0,0.0,0.0,0.0,0.0,0.0,0.0,0.0,0.0,0.0,0.0,97.48,2.52,49.78,50.22,7.08,6.63,6.9,7.1,7.31,7.82,7.47,7.64,7.4,6.77,6.07,5.47,5.29,4.21,3.04,1.57,1.3,0.53,0.31,0.07,0.01,100.0,0.0,100.0,0.0,0.0,0.0,0.0,0.0,0.0,0.0,0.0,0.0,0.0,0.0,0.0,0.0,0.0,0.0,0.0,0.0,0.0,0.0,0.0,0.0,0.0,0.0,0.0,0.0,0.0,0.0,0.0,0.0,0.0,0.0,0.0,0.0,0.0,0.0,0.0,0.0,0.0,0.0,0.0,0.0,0.0,0.0,0.0,0.0,0.0,0.0,0.0,0.0,0.0,0.0,0.0,0.0,0.0,0.0,0.0,0.0,0.0,0.0,0.0,0.0,0.0,0.0,0.0,0.0,0.0,0.0,0.0,0.0,0.0,0.0,0.0,0.0,0.0,0.0,0.0,0.0,0.0,0.0,0.0,0.0,0.0,0.0,0.0,13315.0,344.0,6800.0,6859.0,967.0,906.0,942.0,970.0,999.0,1068.0,1021.0,1044.0,1011.0,925.0,829.0,747.0,723.0,575.0,415.0,215.0,177.0,72.0,42.0,9.0,2.0,13659.0,0.0,13659.0,95.0,88.19,95.1,94.54,98.1,98.32,97.24,97.86,94.47,92.18,76.02,84.61,98.98,94.82,0.0,94.82,0.0,0.0,0.0,0.0,0.0,0.0,0.0,0.0,0.0,0.0,0.0,0.0,0.0,0.0,0.0,0.0,34.0,42.0,34.0,0.0,34.0,98.55,124.84,99.14,0.0,99.14,77.89,144.64,79.22,0.0,79.22,0.0,0.0,0.0,0.0,0.0,0.0,0.0,0.0,0.0,0.0,0.0,0.0,0.0,0.0,0.0
3523008,0.0,0.0,0.0,0.0,0.0,0.0,0.0,0.0,0.0,3979.0,0.0,3979.0,0.0,0.0,0.0,0.0,0.0,0.0,0.0,0.0,0.0,0.0,0.0,0.0,0.0,0.0,0.0,0.0,0.0,0.0,0.0,0.0,0.0,0.0,0.0,0.0,0.0,0.0,0.0,0.0,0.0,0.0,84.22,15.78,50.06,49.94,5.6,6.28,6.56,6.43,6.58,5.98,6.79,6.43,7.14,7.26,7.41,6.61,6.99,5.1,4.0,2.26,1.63,0.7,0.2,0.03,0.0,100.0,0.0,100.0,0.0,0.0,0.0,0.0,0.0,0.0,0.0,0.0,0.0,0.0,0.0,0.0,0.0,0.0,0.0,0.0,0.0,0.0,0.0,0.0,0.0,0.0,0.0,0.0,0.0,0.0,0.0,0.0,0.0,0.0,0.0,0.0,0.0,0.0,0.0,0.0,0.0,0.0,0.0,0.0,0.0,0.0,0.0,0.0,0.0,0.0,0.0,0.0,0.0,0.0,0.0,0.0,0.0,0.0,0.0,0.0,0.0,0.0,0.0,0.0,0.0,0.0,0.0,0.0,0.0,0.0,0.0,0.0,0.0,0.0,0.0,0.0,0.0,0.0,0.0,0.0,0.0,0.0,0.0,0.0,0.0,0.0,0.0,0.0,3351.0,628.0,1992.0,1987.0,223.0,250.0,261.0,256.0,262.0,238.0,270.0,256.0,284.0,289.0,295.0,263.0,278.0,203.0,159.0,90.0,65.0,28.0,8.0,1.0,0.0,3979.0,0.0,3979.0,92.68,96.39,93.93,92.64,98.09,97.44,100.0,97.04,94.52,94.64,70.31,77.98,99.12,93.28,0.0,93.28,0.0,0.0,0.0,0.0,0.0,0.0,0.0,0.0,0.0,0.0,0.0,0.0,0.0,0.0,0.0,0.0,38.0,44.0,39.0,0.0,39.0,98.17,112.16,100.25,0.0,100.25,106.8,153.92,113.35,0.0,113.35,0.0,0.0,0.0,0.0,0.0,0.0,0.0,0.0,0.0,0.0,0.0,0.0,0.0,0.0,0.0
3523107,0.0,0.0,0.0,0.0,0.0,0.0,0.0,0.0,0.0,369275.0,0.0,369275.0,0.0,0.0,0.0,0.0,0.0,0.0,0.0,0.0,0.0,0.0,0.0,0.0,0.0,0.0,0.0,0.0,0.0,0.0,0.0,0.0,0.0,0.0,0.0,0.0,0.0,0.0,0.0,0.0,0.0,0.0,100.0,0.0,48.82,51.18,6.96,7.82,7.48,7.78,8.39,7.95,7.84,8.27,7.84,6.68,6.18,5.19,4.32,3.14,2.02,1.12,0.59,0.27,0.11,0.03,0.0,100.0,0.0,100.0,0.0,0.0,0.0,0.0,0.0,0.0,0.0,0.0,0.0,0.0,0.0,0.0,0.0,0.0,0.0,0.0,0.0,0.0,0.0,0.0,0.0,0.0,0.0,0.0,0.0,0.0,0.0,0.0,0.0,0.0,0.0,0.0,0.0,0.0,0.0,0.0,0.0,0.0,0.0,0.0,0.0,0.0,0.0,0.0,0.0,0.0,0.0,0.0,0.0,0.0,0.0,0.0,0.0,0.0,0.0,0.0,0.0,0.0,0.0,0.0,0.0,0.0,0.0,0.0,0.0,0.0,0.0,0.0,0.0,0.0,0.0,0.0,0.0,0.0,0.0,0.0,0.0,0.0,0.0,0.0,0.0,0.0,0.0,0.0,369263.0,12.0,180281.0,188994.0,25694.0,28890.0,27627.0,28740.0,30985.0,29374.0,28969.0,30547.0,28956.0,24684.0,22813.0,19178.0,15957.0,11577.0,7473.0,4120.0,2178.0,1006.0,388.0,107.0,12.0,369275.0,0.0,369275.0,95.3,87.5,95.47,95.15,98.68,98.71,98.63,97.97,95.32,90.76,71.42,80.38,98.72,95.3,0.0,95.3,0.0,0.0,0.0,0.0,0.0,0.0,0.0,0.0,0.0,0.0,0.0,0.0,0.0,0.0,0.0,0.0,32.0,35.0,32.0,0.0,32.0,95.39,100.0,95.39,0.0,95.39,52.08,50.0,52.08,0.0,52.08,0.0,0.0,0.0,0.0,0.0,0.0,0.0,0.0,0.0,0.0,0.0,0.0,0.0,0.0,0.0
3523206,100.0,0.0,100.0,82.0,0.0,82.0,0.18,0.0,0.18,44438.0,0.0,44438.0,100.0,0.0,100.0,100.0,0.0,100.0,100.0,0.0,100.0,25.0,0.0,25.0,82.0,0.0,82.0,82.0,0.0,82.0,3.28,0.0,3.28,3.28,0.0,3.28,0.15,0.0,0.15,100.0,0.0,100.0,94.5,5.5,48.68,51.32,6.2,6.74,6.32,7.26,7.12,7.34,7.07,7.56,7.4,7.0,6.42,6.01,5.32,4.37,3.37,2.16,1.24,0.71,0.31,0.07,0.01,100.0,0.0,100.0,0.0,100.0,51.22,48.78,6.1,4.88,9.76,10.98,3.66,8.54,9.76,3.66,6.1,6.1,8.54,14.63,2.44,4.88,0.0,0.0,0.0,0.0,0.0,0.0,0.0,100.0,0.0,100.0,0.0,82.0,42.0,40.0,5.0,4.0,8.0,9.0,3.0,7.0,8.0,3.0,5.0,5.0,7.0,12.0,2.0,4.0,0.0,0.0,0.0,0.0,0.0,0.0,0.0,82.0,0.0,82.0,0.0,3.36,0.19,0.18,0.18,0.13,0.28,0.28,0.09,0.21,0.25,0.09,0.15,0.16,0.25,0.45,0.08,0.21,0.0,0.0,0.0,0.0,0.0,0.0,0.0,0.18,0.0,0.18,41996.0,2442.0,21634.0,22804.0,2754.0,2994.0,2810.0,3227.0,3163.0,3260.0,3140.0,3361.0,3288.0,3109.0,2853.0,2669.0,2365.0,1942.0,1499.0,962.0,551.0,315.0,139.0,32.0,5.0,44438.0,0.0,44438.0,95.72,93.92,96.11,95.16,98.51,98.75,99.14,98.09,96.14,93.68,80.19,86.37,98.97,95.61,0.0,95.61,0.0,95.38,96.88,93.94,100.0,100.0,100.0,100.0,91.67,92.86,0.0,75.0,100.0,95.38,0.0,95.38,35.0,43.0,36.0,0.0,36.0,93.79,115.53,94.87,0.0,94.87,88.31,150.74,91.26,0.0,91.26,0.0,33.0,33.0,0.0,33.0,0.0,105.0,105.0,0.0,105.0,0.0,35.29,35.29,0.0,35.29
3523305,0.0,0.0,0.0,0.0,0.0,0.0,0.0,0.0,0.0,15528.0,0.0,15528.0,0.0,0.0,0.0,0.0,0.0,0.0,0.0,0.0,0.0,0.0,0.0,0.0,0.0,0.0,0.0,0.0,0.0,0.0,0.0,0.0,0.0,0.0,0.0,0.0,0.0,0.0,0.0,0.0,0.0,0.0,77.01,22.99,49.64,50.36,6.84,7.31,7.88,7.74,7.01,6.39,6.59,7.26,7.02,6.45,5.83,6.01,5.28,4.36,3.3,2.1,1.5,0.82,0.26,0.03,0.0,100.0,0.0,100.0,0.0,0.0,0.0,0.0,0.0,0.0,0.0,0.0,0.0,0.0,0.0,0.0,0.0,0.0,0.0,0.0,0.0,0.0,0.0,0.0,0.0,0.0,0.0,0.0,0.0,0.0,0.0,0.0,0.0,0.0,0.0,0.0,0.0,0.0,0.0,0.0,0.0,0.0,0.0,0.0,0.0,0.0,0.0,0.0,0.0,0.0,0.0,0.0,0.0,0.0,0.0,0.0,0.0,0.0,0.0,0.0,0.0,0.0,0.0,0.0,0.0,0.0,0.0,0.0,0.0,0.0,0.0,0.0,0.0,0.0,0.0,0.0,0.0,0.0,0.0,0.0,0.0,0.0,0.0,0.0,0.0,0.0,0.0,0.0,11958.0,3570.0,7708.0,7820.0,1062.0,1135.0,1224.0,1202.0,1089.0,993.0,1024.0,1128.0,1090.0,1002.0,905.0,933.0,820.0,677.0,512.0,326.0,233.0,128.0,41.0,4.0,0.0,15528.0,0.0,15528.0,94.57,91.83,93.88,93.97,98.07,98.26,98.37,97.75,94.02,90.13,77.05,83.08,98.92,93.93,0.0,93.93,0.0,0.0,0.0,0.0,0.0,0.0,0.0,0.0,0.0,0.0,0.0,0.0,0.0,0.0,0.0,0.0,34.0,37.0,35.0,0.0,35.0,92.72,121.05,98.57,0.0,98.57,75.49,97.13,80.12,0.0,80.12,0.0,0.0,0.0,0.0,0.0,0.0,0.0,0.0,0.0,0.0,0.0,0.0,0.0,0.0,0.0
3523404,100.0,76.37,23.63,182.0,139.0,43.0,0.15,97.89,0.04,121590.0,142.0,121448.0,100.0,65.15,34.85,100.0,71.0,29.0,100.0,76.37,23.63,66.0,43.0,23.0,200.0,142.0,58.0,182.0,139.0,43.0,3.03,3.3,2.52,2.76,3.23,1.87,0.15,100.0,0.05,91.0,97.89,74.14,96.31,3.69,48.9,51.1,5.55,6.06,5.89,6.06,6.97,7.27,7.76,8.72,8.89,7.23,6.6,6.02,5.51,4.17,3.18,1.92,1.19,0.67,0.28,0.06,0.01,100.0,0.12,99.88,100.0,0.0,42.31,57.69,4.4,3.85,7.69,8.79,9.34,5.49,8.24,7.69,9.89,13.19,3.3,6.04,3.85,2.75,0.55,1.65,1.1,2.2,0.0,0.0,0.0,100.0,76.37,23.63,182.0,0.0,77.0,105.0,8.0,7.0,14.0,16.0,17.0,10.0,15.0,14.0,18.0,24.0,6.0,11.0,7.0,5.0,1.0,3.0,2.0,4.0,0.0,0.0,0.0,182.0,139.0,43.0,0.16,0.0,0.13,0.17,0.12,0.1,0.2,0.22,0.2,0.11,0.16,0.13,0.17,0.27,0.07,0.15,0.1,0.1,0.03,0.13,0.14,0.49,0.0,0.0,0.0,0.15,97.89,0.04,117099.0,4491.0,59461.0,62129.0,6746.0,7363.0,7162.0,7363.0,8479.0,8845.0,9433.0,10597.0,10811.0,8786.0,8022.0,7321.0,6697.0,5066.0,3870.0,2338.0,1451.0,818.0,339.0,76.0,7.0,121590.0,142.0,121448.0,97.47,95.74,97.65,97.18,99.26,99.31,99.28,98.97,97.77,96.33,87.09,91.03,99.39,97.41,96.58,97.41,96.08,0.0,95.38,96.59,100.0,100.0,100.0,96.88,100.0,94.44,77.78,73.33,100.0,96.08,96.49,94.87,37.0,38.0,37.0,35.0,37.0,95.02,115.5,95.71,67.06,95.74,97.51,87.7,97.14,52.0,97.19,37.0,0.0,37.0,34.0,39.0,73.33,0.0,73.33,67.47,95.45,75.86,0.0,75.86,52.0,225.0
3523503,0.0,0.0,0.0,0.0,0.0,0.0,0.0,0.0,0.0,19070.0,0.0,19070.0,0.0,0.0,0.0,0.0,0.0,0.0,0.0,0.0,0.0,0.0,0.0,0.0,0.0,0.0,0.0,0.0,0.0,0.0,0.0,0.0,0.0,0.0,0.0,0.0,0.0,0.0,0.0,0.0,0.0,0.0,86.04,13.96,52.97,47.03,6.18,6.5,6.93,7.62,8.62,8.68,8.25,8.08,7.46,6.42,6.12,5.35,4.38,3.43,2.53,1.66,1.0,0.5,0.18,0.08,0.02,100.0,0.0,100.0,0.0,0.0,0.0,0.0,0.0,0.0,0.0,0.0,0.0,0.0,0.0,0.0,0.0,0.0,0.0,0.0,0.0,0.0,0.0,0.0,0.0,0.0,0.0,0.0,0.0,0.0,0.0,0.0,0.0,0.0,0.0,0.0,0.0,0.0,0.0,0.0,0.0,0.0,0.0,0.0,0.0,0.0,0.0,0.0,0.0,0.0,0.0,0.0,0.0,0.0,0.0,0.0,0.0,0.0,0.0,0.0,0.0,0.0,0.0,0.0,0.0,0.0,0.0,0.0,0.0,0.0,0.0,0.0,0.0,0.0,0.0,0.0,0.0,0.0,0.0,0.0,0.0,0.0,0.0,0.0,0.0,0.0,0.0,0.0,16408.0,2662.0,10102.0,8968.0,1179.0,1239.0,1321.0,1453.0,1643.0,1656.0,1573.0,1540.0,1423.0,1224.0,1167.0,1020.0,836.0,655.0,483.0,317.0,191.0,96.0,35.0,15.0,4.0,19070.0,0.0,19070.0,93.89,96.47,94.65,93.84,98.66,98.64,99.09,96.86,93.35,88.69,74.62,81.24,99.13,94.27,0.0,94.27,0.0,0.0,0.0,0.0,0.0,0.0,0.0,0.0,0.0,0.0,0.0,0.0,0.0,0.0,0.0,0.0,33.0,30.0,33.0,0.0,33.0,100.51,239.11,112.64,0.0,112.64,71.45,61.56,70.39,0.0,70.39,0.0,0.0,0.0,0.0,0.0,0.0,0.0,0.0,0.0,0.0,0.0,0.0,0.0,0.0,0.0
3523602,0.0,0.0,0.0,0.0,0.0,0.0,0.0,0.0,0.0,16148.0,0.0,16148.0,0.0,0.0,0.0,0.0,0.0,0.0,0.0,0.0,0.0,0.0,0.0,0.0,0.0,0.0,0.0,0.0,0.0,0.0,0.0,0.0,0.0,0.0,0.0,0.0,0.0,0.0,0.0,0.0,0.0,0.0,91.95,8.05,58.89,41.11,5.12,5.36,5.44,5.43,8.45,10.34,9.99,9.64,8.2,6.33,5.88,5.36,4.3,3.73,2.71,1.66,1.15,0.67,0.15,0.04,0.03,100.0,0.0,100.0,0.0,0.0,0.0,0.0,0.0,0.0,0.0,0.0,0.0,0.0,0.0,0.0,0.0,0.0,0.0,0.0,0.0,0.0,0.0,0.0,0.0,0.0,0.0,0.0,0.0,0.0,0.0,0.0,0.0,0.0,0.0,0.0,0.0,0.0,0.0,0.0,0.0,0.0,0.0,0.0,0.0,0.0,0.0,0.0,0.0,0.0,0.0,0.0,0.0,0.0,0.0,0.0,0.0,0.0,0.0,0.0,0.0,0.0,0.0,0.0,0.0,0.0,0.0,0.0,0.0,0.0,0.0,0.0,0.0,0.0,0.0,0.0,0.0,0.0,0.0,0.0,0.0,0.0,0.0,0.0,0.0,0.0,0.0,0.0,14848.0,1300.0,9509.0,6639.0,827.0,866.0,879.0,877.0,1365.0,1670.0,1613.0,1557.0,1324.0,1022.0,950.0,865.0,694.0,602.0,438.0,268.0,186.0,108.0,25.0,7.0,5.0,16148.0,0.0,16148.0,96.84,92.44,96.93,95.87,98.68,98.99,98.76,98.13,96.15,93.97,83.64,88.35,99.68,96.51,0.0,96.51,0.0,0.0,0.0,0.0,0.0,0.0,0.0,0.0,0.0,0.0,0.0,0.0,0.0,0.0,0.0,0.0,35.0,33.0,34.0,0.0,34.0,145.58,119.22,143.23,0.0,143.23,94.32,61.35,90.71,0.0,90.71,0.0,0.0,0.0,0.0,0.0,0.0,0.0,0.0,0.0,0.0,0.0,0.0,0.0,0.0,0.0
3523701,0.0,0.0,0.0,0.0,0.0,0.0,0.0,0.0,0.0,5779.0,0.0,5779.0,0.0,0.0,0.0,0.0,0.0,0.0,0.0,0.0,0.0,0.0,0.0,0.0,0.0,0.0,0.0,0.0,0.0,0.0,0.0,0.0,0.0,0.0,0.0,0.0,0.0,0.0,0.0,0.0,0.0,0.0,86.87,13.13,50.68,49.32,6.68,6.73,7.13,7.25,7.39,7.42,6.44,7.11,6.7,7.04,5.9,5.5,4.57,4.86,3.77,2.72,1.49,0.8,0.42,0.07,0.02,100.0,0.0,100.0,0.0,0.0,0.0,0.0,0.0,0.0,0.0,0.0,0.0,0.0,0.0,0.0,0.0,0.0,0.0,0.0,0.0,0.0,0.0,0.0,0.0,0.0,0.0,0.0,0.0,0.0,0.0,0.0,0.0,0.0,0.0,0.0,0.0,0.0,0.0,0.0,0.0,0.0,0.0,0.0,0.0,0.0,0.0,0.0,0.0,0.0,0.0,0.0,0.0,0.0,0.0,0.0,0.0,0.0,0.0,0.0,0.0,0.0,0.0,0.0,0.0,0.0,0.0,0.0,0.0,0.0,0.0,0.0,0.0,0.0,0.0,0.0,0.0,0.0,0.0,0.0,0.0,0.0,0.0,0.0,0.0,0.0,0.0,0.0,5020.0,759.0,2929.0,2850.0,386.0,389.0,412.0,419.0,427.0,429.0,372.0,411.0,387.0,407.0,341.0,318.0,264.0,281.0,218.0,157.0,86.0,46.0,24.0,4.0,1.0,5779.0,0.0,5779.0,93.8,93.94,94.22,93.4,98.13,97.75,100.0,96.87,95.59,92.27,76.42,81.4,98.31,93.82,0.0,93.82,0.0,0.0,0.0,0.0,0.0,0.0,0.0,0.0,0.0,0.0,0.0,0.0,0.0,0.0,0.0,0.0,35.0,38.0,35.0,0.0,35.0,98.89,132.82,102.77,0.0,102.77,89.89,99.32,91.07,0.0,91.07,0.0,0.0,0.0,0.0,0.0,0.0,0.0,0.0,0.0,0.0,0.0,0.0,0.0,0.0,0.0
3523800,0.0,0.0,0.0,0.0,0.0,0.0,0.0,0.0,0.0,8046.0,0.0,8046.0,0.0,0.0,0.0,0.0,0.0,0.0,0.0,0.0,0.0,0.0,0.0,0.0,0.0,0.0,0.0,0.0,0.0,0.0,0.0,0.0,0.0,0.0,0.0,0.0,0.0,0.0,0.0,0.0,0.0,0.0,87.14,12.86,50.85,49.15,5.87,5.92,5.95,6.43,7.36,7.56,7.47,8.5,7.79,6.87,5.32,5.98,6.21,4.55,3.48,2.24,1.45,0.6,0.36,0.1,0.0,100.0,0.0,100.0,0.0,0.0,0.0,0.0,0.0,0.0,0.0,0.0,0.0,0.0,0.0,0.0,0.0,0.0,0.0,0.0,0.0,0.0,0.0,0.0,0.0,0.0,0.0,0.0,0.0,0.0,0.0,0.0,0.0,0.0,0.0,0.0,0.0,0.0,0.0,0.0,0.0,0.0,0.0,0.0,0.0,0.0,0.0,0.0,0.0,0.0,0.0,0.0,0.0,0.0,0.0,0.0,0.0,0.0,0.0,0.0,0.0,0.0,0.0,0.0,0.0,0.0,0.0,0.0,0.0,0.0,0.0,0.0,0.0,0.0,0.0,0.0,0.0,0.0,0.0,0.0,0.0,0.0,0.0,0.0,0.0,0.0,0.0,0.0,7011.0,1035.0,4091.0,3955.0,472.0,476.0,479.0,517.0,592.0,608.0,601.0,684.0,627.0,553.0,428.0,481.0,500.0,366.0,280.0,180.0,117.0,48.0,29.0,8.0,0.0,8046.0,0.0,8046.0,94.41,92.8,94.08,94.35,98.65,97.93,99.67,95.96,92.35,92.46,78.27,85.8,99.53,94.21,0.0,94.21,0.0,0.0,0.0,0.0,0.0,0.0,0.0,0.0,0.0,0.0,0.0,0.0,0.0,0.0,0.0,0.0,36.0,36.0,36.0,0.0,36.0,100.72,124.03,103.44,0.0,103.44,110.4,88.37,107.08,0.0,107.08,0.0,0.0,0.0,0.0,0.0,0.0,0.0,0.0,0.0,0.0,0.0,0.0,0.0,0.0,0.0
3523909,0.0,0.0,0.0,0.0,0.0,0.0,0.0,0.0,0.0,168240.0,0.0,168240.0,0.0,0.0,0.0,0.0,0.0,0.0,0.0,0.0,0.0,0.0,0.0,0.0,0.0,0.0,0.0,0.0,0.0,0.0,0.0,0.0,0.0,0.0,0.0,0.0,0.0,0.0,0.0,0.0,0.0,0.0,95.62,4.38,48.84,51.17,5.96,6.45,6.46,6.63,7.26,7.42,7.43,8.05,8.29,7.2,6.76,5.95,5.26,4.06,2.91,1.83,1.11,0.64,0.26,0.07,0.01,100.0,0.0,100.0,0.0,0.0,0.0,0.0,0.0,0.0,0.0,0.0,0.0,0.0,0.0,0.0,0.0,0.0,0.0,0.0,0.0,0.0,0.0,0.0,0.0,0.0,0.0,0.0,0.0,0.0,0.0,0.0,0.0,0.0,0.0,0.0,0.0,0.0,0.0,0.0,0.0,0.0,0.0,0.0,0.0,0.0,0.0,0.0,0.0,0.0,0.0,0.0,0.0,0.0,0.0,0.0,0.0,0.0,0.0,0.0,0.0,0.0,0.0,0.0,0.0,0.0,0.0,0.0,0.0,0.0,0.0,0.0,0.0,0.0,0.0,0.0,0.0,0.0,0.0,0.0,0.0,0.0,0.0,0.0,0.0,0.0,0.0,0.0,160865.0,7375.0,82160.0,86080.0,10032.0,10849.0,10861.0,11147.0,12211.0,12475.0,12503.0,13551.0,13945.0,12111.0,11374.0,10011.0,8854.0,6829.0,4893.0,3075.0,1872.0,1074.0,444.0,112.0,17.0,168240.0,0.0,168240.0,96.66,93.2,96.49,96.54,99.16,98.93,99.06,98.33,96.66,94.47,85.03,89.06,99.23,96.51,0.0,96.51,0.0,0.0,0.0,0.0,0.0,0.0,0.0,0.0,0.0,0.0,0.0,0.0,0.0,0.0,0.0,0.0,36.0,35.0,36.0,0.0,36.0,94.74,112.23,95.45,0.0,95.45,86.41,69.18,85.6,0.0,85.6,0.0,0.0,0.0,0.0,0.0,0.0,0.0,0.0,0.0,0.0,0.0,0.0,0.0,0.0,0.0
3524006,0.0,0.0,0.0,0.0,0.0,0.0,0.0,0.0,0.0,70616.0,0.0,70616.0,0.0,0.0,0.0,0.0,0.0,0.0,0.0,0.0,0.0,0.0,0.0,0.0,0.0,0.0,0.0,0.0,0.0,0.0,0.0,0.0,0.0,0.0,0.0,0.0,0.0,0.0,0.0,0.0,0.0,0.0,94.7,5.3,50.08,49.92,6.67,7.39,7.02,6.83,7.71,7.9,8.45,8.93,9.13,6.99,5.83,5.13,4.09,3.03,2.26,1.23,0.77,0.39,0.19,0.04,0.01,100.0,0.0,100.0,0.0,0.0,0.0,0.0,0.0,0.0,0.0,0.0,0.0,0.0,0.0,0.0,0.0,0.0,0.0,0.0,0.0,0.0,0.0,0.0,0.0,0.0,0.0,0.0,0.0,0.0,0.0,0.0,0.0,0.0,0.0,0.0,0.0,0.0,0.0,0.0,0.0,0.0,0.0,0.0,0.0,0.0,0.0,0.0,0.0,0.0,0.0,0.0,0.0,0.0,0.0,0.0,0.0,0.0,0.0,0.0,0.0,0.0,0.0,0.0,0.0,0.0,0.0,0.0,0.0,0.0,0.0,0.0,0.0,0.0,0.0,0.0,0.0,0.0,0.0,0.0,0.0,0.0,0.0,0.0,0.0,0.0,0.0,0.0,66875.0,3741.0,35366.0,35250.0,4712.0,5222.0,4959.0,4823.0,5443.0,5581.0,5964.0,6309.0,6447.0,4937.0,4120.0,3624.0,2885.0,2140.0,1596.0,871.0,542.0,274.0,136.0,25.0,6.0,70616.0,0.0,70616.0,97.54,95.1,97.47,97.36,99.15,99.16,98.94,98.52,97.29,95.87,85.98,90.18,99.21,97.41,0.0,97.41,0.0,0.0,0.0,0.0,0.0,0.0,0.0,0.0,0.0,0.0,0.0,0.0,0.0,0.0,0.0,0.0,33.0,34.0,33.0,0.0,33.0,99.45,117.5,100.33,0.0,100.33,56.44,65.26,56.91,0.0,56.91,0.0,0.0,0.0,0.0,0.0,0.0,0.0,0.0,0.0,0.0,0.0,0.0,0.0,0.0,0.0
3524105,0.0,0.0,0.0,0.0,0.0,0.0,0.0,0.0,0.0,37571.0,0.0,37571.0,0.0,0.0,0.0,0.0,0.0,0.0,0.0,0.0,0.0,0.0,0.0,0.0,0.0,0.0,0.0,0.0,0.0,0.0,0.0,0.0,0.0,0.0,0.0,0.0,0.0,0.0,0.0,0.0,0.0,0.0,97.22,2.78,48.29,51.71,5.57,5.46,5.85,6.48,6.73,6.76,6.71,7.7,8.52,6.89,6.58,6.14,6.0,5.03,3.8,2.69,1.67,0.97,0.34,0.1,0.01,100.0,0.0,100.0,0.0,0.0,0.0,0.0,0.0,0.0,0.0,0.0,0.0,0.0,0.0,0.0,0.0,0.0,0.0,0.0,0.0,0.0,0.0,0.0,0.0,0.0,0.0,0.0,0.0,0.0,0.0,0.0,0.0,0.0,0.0,0.0,0.0,0.0,0.0,0.0,0.0,0.0,0.0,0.0,0.0,0.0,0.0,0.0,0.0,0.0,0.0,0.0,0.0,0.0,0.0,0.0,0.0,0.0,0.0,0.0,0.0,0.0,0.0,0.0,0.0,0.0,0.0,0.0,0.0,0.0,0.0,0.0,0.0,0.0,0.0,0.0,0.0,0.0,0.0,0.0,0.0,0.0,0.0,0.0,0.0,0.0,0.0,0.0,36527.0,1044.0,18144.0,19427.0,2091.0,2051.0,2198.0,2436.0,2529.0,2540.0,2522.0,2894.0,3200.0,2590.0,2472.0,2308.0,2256.0,1889.0,1427.0,1012.0,627.0,363.0,126.0,36.0,4.0,37571.0,0.0,37571.0,95.59,90.24,95.55,95.35,98.7,98.44,99.51,97.41,95.73,94.22,84.46,88.06,98.9,95.44,0.0,95.44,0.0,0.0,0.0,0.0,0.0,0.0,0.0,0.0,0.0,0.0,0.0,0.0,0.0,0.0,0.0,0.0,39.0,41.0,39.0,0.0,39.0,92.54,128.95,93.4,0.0,93.4,122.26,115.61,122.08,0.0,122.08,0.0,0.0,0.0,0.0,0.0,0.0,0.0,0.0,0.0,0.0,0.0,0.0,0.0,0.0,0.0
3524204,0.0,0.0,0.0,0.0,0.0,0.0,0.0,0.0,0.0,6221.0,0.0,6221.0,0.0,0.0,0.0,0.0,0.0,0.0,0.0,0.0,0.0,0.0,0.0,0.0,0.0,0.0,0.0,0.0,0.0,0.0,0.0,0.0,0.0,0.0,0.0,0.0,0.0,0.0,0.0,0.0,0.0,0.0,94.87,5.13,49.56,50.44,4.95,5.67,6.56,6.67,6.74,6.43,7.02,8.33,7.73,7.01,6.86,7.15,5.95,4.57,3.42,2.2,1.64,0.74,0.27,0.06,0.02,100.0,0.0,100.0,0.0,0.0,0.0,0.0,0.0,0.0,0.0,0.0,0.0,0.0,0.0,0.0,0.0,0.0,0.0,0.0,0.0,0.0,0.0,0.0,0.0,0.0,0.0,0.0,0.0,0.0,0.0,0.0,0.0,0.0,0.0,0.0,0.0,0.0,0.0,0.0,0.0,0.0,0.0,0.0,0.0,0.0,0.0,0.0,0.0,0.0,0.0,0.0,0.0,0.0,0.0,0.0,0.0,0.0,0.0,0.0,0.0,0.0,0.0,0.0,0.0,0.0,0.0,0.0,0.0,0.0,0.0,0.0,0.0,0.0,0.0,0.0,0.0,0.0,0.0,0.0,0.0,0.0,0.0,0.0,0.0,0.0,0.0,0.0,5902.0,319.0,3083.0,3138.0,308.0,353.0,408.0,415.0,419.0,400.0,437.0,518.0,481.0,436.0,427.0,445.0,370.0,284.0,213.0,137.0,102.0,46.0,17.0,4.0,1.0,6221.0,0.0,6221.0,94.98,95.62,95.16,94.87,99.28,99.28,98.39,96.9,95.25,92.52,79.48,86.32,99.4,95.01,0.0,95.01,0.0,0.0,0.0,0.0,0.0,0.0,0.0,0.0,0.0,0.0,0.0,0.0,0.0,0.0,0.0,0.0,38.0,37.0,38.0,0.0,38.0,97.66,109.87,98.25,0.0,98.25,111.59,83.82,109.82,0.0,109.82,0.0,0.0,0.0,0.0,0.0,0.0,0.0,0.0,0.0,0.0,0.0,0.0,0.0,0.0,0.0
3524303,0.0,0.0,0.0,0.0,0.0,0.0,0.0,0.0,0.0,71821.0,0.0,71821.0,0.0,0.0,0.0,0.0,0.0,0.0,0.0,0.0,0.0,0.0,0.0,0.0,0.0,0.0,0.0,0.0,0.0,0.0,0.0,0.0,0.0,0.0,0.0,0.0,0.0,0.0,0.0,0.0,0.0,0.0,97.87,2.13,47.67,52.33,4.94,5.56,5.7,6.14,6.89,7.09,7.31,7.9,8.26,7.02,6.77,6.38,5.81,4.85,3.8,2.58,1.63,0.88,0.36,0.1,0.02,100.0,0.0,100.0,0.0,0.0,0.0,0.0,0.0,0.0,0.0,0.0,0.0,0.0,0.0,0.0,0.0,0.0,0.0,0.0,0.0,0.0,0.0,0.0,0.0,0.0,0.0,0.0,0.0,0.0,0.0,0.0,0.0,0.0,0.0,0.0,0.0,0.0,0.0,0.0,0.0,0.0,0.0,0.0,0.0,0.0,0.0,0.0,0.0,0.0,0.0,0.0,0.0,0.0,0.0,0.0,0.0,0.0,0.0,0.0,0.0,0.0,0.0,0.0,0.0,0.0,0.0,0.0,0.0,0.0,0.0,0.0,0.0,0.0,0.0,0.0,0.0,0.0,0.0,0.0,0.0,0.0,0.0,0.0,0.0,0.0,0.0,0.0,70288.0,1533.0,34236.0,37585.0,3551.0,3993.0,4093.0,4412.0,4946.0,5090.0,5251.0,5675.0,5931.0,5045.0,4859.0,4581.0,4176.0,3484.0,2731.0,1850.0,1173.0,629.0,261.0,73.0,17.0,71821.0,0.0,71821.0,96.62,94.34,96.86,96.31,98.89,98.97,98.65,98.54,97.1,95.75,86.76,90.03,98.9,96.57,0.0,96.57,0.0,0.0,0.0,0.0,0.0,0.0,0.0,0.0,0.0,0.0,0.0,0.0,0.0,0.0,0.0,0.0,38.0,41.0,39.0,0.0,39.0,90.48,123.8,91.09,0.0,91.09,123.78,120.14,123.69,0.0,123.69,0.0,0.0,0.0,0.0,0.0,0.0,0.0,0.0,0.0,0.0,0.0,0.0,0.0,0.0,0.0
3524402,0.0,0.0,0.0,0.0,0.0,0.0,0.0,0.0,0.0,240275.0,0.0,240275.0,0.0,0.0,0.0,0.0,0.0,0.0,0.0,0.0,0.0,0.0,0.0,0.0,0.0,0.0,0.0,0.0,0.0,0.0,0.0,0.0,0.0,0.0,0.0,0.0,0.0,0.0,0.0,0.0,0.0,0.0,97.77,2.23,48.22,51.78,5.54,6.5,6.49,6.51,6.83,7.02,7.48,8.24,8.39,7.27,6.64,6.1,5.28,4.31,3.26,2.06,1.17,0.59,0.25,0.06,0.01,100.0,0.0,100.0,0.0,0.0,0.0,0.0,0.0,0.0,0.0,0.0,0.0,0.0,0.0,0.0,0.0,0.0,0.0,0.0,0.0,0.0,0.0,0.0,0.0,0.0,0.0,0.0,0.0,0.0,0.0,0.0,0.0,0.0,0.0,0.0,0.0,0.0,0.0,0.0,0.0,0.0,0.0,0.0,0.0,0.0,0.0,0.0,0.0,0.0,0.0,0.0,0.0,0.0,0.0,0.0,0.0,0.0,0.0,0.0,0.0,0.0,0.0,0.0,0.0,0.0,0.0,0.0,0.0,0.0,0.0,0.0,0.0,0.0,0.0,0.0,0.0,0.0,0.0,0.0,0.0,0.0,0.0,0.0,0.0,0.0,0.0,0.0,234905.0,5370.0,115868.0,124407.0,13300.0,15621.0,15597.0,15631.0,16400.0,16874.0,17981.0,19805.0,20157.0,17478.0,15944.0,14668.0,12681.0,10355.0,7835.0,4950.0,2812.0,1428.0,606.0,135.0,17.0,240275.0,0.0,240275.0,97.41,92.45,97.54,97.08,99.09,99.19,99.02,98.94,97.81,96.3,86.24,90.92,99.23,97.3,0.0,97.3,0.0,0.0,0.0,0.0,0.0,0.0,0.0,0.0,0.0,0.0,0.0,0.0,0.0,0.0,0.0,0.0,37.0,39.0,37.0,0.0,37.0,92.66,116.71,93.14,0.0,93.14,91.26,110.89,91.69,0.0,91.69,0.0,0.0,0.0,0.0,0.0,0.0,0.0,0.0,0.0,0.0,0.0,0.0,0.0,0.0,0.0
3524501,0.0,0.0,0.0,0.0,0.0,0.0,0.0,0.0,0.0,7613.0,0.0,7613.0,0.0,0.0,0.0,0.0,0.0,0.0,0.0,0.0,0.0,0.0,0.0,0.0,0.0,0.0,0.0,0.0,0.0,0.0,0.0,0.0,0.0,0.0,0.0,0.0,0.0,0.0,0.0,0.0,0.0,0.0,90.99,9.01,50.53,49.47,6.52,7.09,6.28,6.71,7.79,7.55,7.85,8.74,7.83,7.57,5.82,5.53,5.08,3.49,2.55,1.79,1.06,0.47,0.22,0.05,0.0,100.0,0.0,100.0,0.0,0.0,0.0,0.0,0.0,0.0,0.0,0.0,0.0,0.0,0.0,0.0,0.0,0.0,0.0,0.0,0.0,0.0,0.0,0.0,0.0,0.0,0.0,0.0,0.0,0.0,0.0,0.0,0.0,0.0,0.0,0.0,0.0,0.0,0.0,0.0,0.0,0.0,0.0,0.0,0.0,0.0,0.0,0.0,0.0,0.0,0.0,0.0,0.0,0.0,0.0,0.0,0.0,0.0,0.0,0.0,0.0,0.0,0.0,0.0,0.0,0.0,0.0,0.0,0.0,0.0,0.0,0.0,0.0,0.0,0.0,0.0,0.0,0.0,0.0,0.0,0.0,0.0,0.0,0.0,0.0,0.0,0.0,0.0,6927.0,686.0,3847.0,3766.0,496.0,540.0,478.0,511.0,593.0,575.0,598.0,665.0,596.0,576.0,443.0,421.0,387.0,266.0,194.0,136.0,81.0,36.0,17.0,4.0,0.0,7613.0,0.0,7613.0,93.08,96.8,93.4,93.45,97.81,95.4,98.96,93.97,92.35,94.18,75.55,83.11,97.31,93.43,0.0,93.43,0.0,0.0,0.0,0.0,0.0,0.0,0.0,0.0,0.0,0.0,0.0,0.0,0.0,0.0,0.0,0.0,34.0,38.0,35.0,0.0,35.0,100.55,119.87,102.15,0.0,102.15,72.32,93.5,74.04,0.0,74.04,0.0,0.0,0.0,0.0,0.0,0.0,0.0,0.0,0.0,0.0,0.0,0.0,0.0,0.0,0.0
3524600,100.0,93.98,6.02,133.0,125.0,8.0,0.83,60.1,0.05,16097.0,208.0,15889.0,100.0,90.38,9.62,100.0,92.72,7.28,100.0,93.98,6.02,52.0,47.0,5.0,151.0,140.0,11.0,133.0,125.0,8.0,2.9,2.98,2.2,2.56,2.66,1.6,0.89,63.51,0.09,88.08,89.29,72.73,65.7,34.3,49.54,50.46,6.54,7.22,6.65,7.54,6.61,6.55,6.55,7.0,7.68,6.98,6.49,6.22,5.27,4.4,3.38,2.19,1.52,0.76,0.35,0.09,0.01,100.0,1.29,98.71,0.0,100.0,51.88,48.12,4.51,5.26,4.51,8.27,8.27,7.52,9.02,3.01,5.26,8.27,10.53,5.26,11.28,1.5,3.01,1.5,1.5,0.75,0.75,0.0,0.0,100.0,93.98,6.02,0.0,133.0,69.0,64.0,6.0,7.0,6.0,11.0,11.0,10.0,12.0,4.0,7.0,11.0,14.0,7.0,15.0,2.0,4.0,2.0,2.0,1.0,1.0,0.0,0.0,133.0,125.0,8.0,0.0,2.41,0.87,0.79,0.57,0.6,0.56,0.91,1.03,0.95,1.14,0.35,0.57,0.98,1.34,0.7,1.77,0.28,0.74,0.57,0.82,0.81,1.79,0.0,0.0,0.83,60.1,0.05,10575.0,5522.0,7975.0,8122.0,1052.0,1162.0,1071.0,1213.0,1064.0,1055.0,1054.0,1127.0,1237.0,1124.0,1044.0,1001.0,848.0,708.0,544.0,353.0,245.0,123.0,56.0,15.0,1.0,16097.0,208.0,15889.0,95.94,91.41,95.03,93.87,98.87,98.39,99.22,96.95,95.11,94.16,71.5,81.81,99.54,94.44,91.23,94.49,0.0,94.74,94.74,94.74,100.0,100.0,100.0,90.91,100.0,100.0,50.0,58.33,100.0,94.74,94.44,100.0,37.0,34.0,36.0,37.0,36.0,91.96,111.33,98.19,105.94,98.09,97.85,72.86,88.07,102.7,87.9,0.0,39.0,39.0,40.0,34.0,0.0,107.81,107.81,104.92,166.67,0.0,142.11,142.11,152.94,50.0
3524709,0.0,0.0,0.0,0.0,0.0,0.0,0.0,0.0,0.0,59347.0,0.0,59347.0,0.0,0.0,0.0,0.0,0.0,0.0,0.0,0.0,0.0,0.0,0.0,0.0,0.0,0.0,0.0,0.0,0.0,0.0,0.0,0.0,0.0,0.0,0.0,0.0,0.0,0.0,0.0,0.0,0.0,0.0,96.9,3.1,48.53,51.47,5.9,6.15,6.01,6.43,7.53,7.85,8.33,8.71,8.94,7.15,6.38,5.4,4.93,3.76,2.69,1.81,1.14,0.57,0.26,0.06,0.01,100.0,0.0,100.0,0.0,0.0,0.0,0.0,0.0,0.0,0.0,0.0,0.0,0.0,0.0,0.0,0.0,0.0,0.0,0.0,0.0,0.0,0.0,0.0,0.0,0.0,0.0,0.0,0.0,0.0,0.0,0.0,0.0,0.0,0.0,0.0,0.0,0.0,0.0,0.0,0.0,0.0,0.0,0.0,0.0,0.0,0.0,0.0,0.0,0.0,0.0,0.0,0.0,0.0,0.0,0.0,0.0,0.0,0.0,0.0,0.0,0.0,0.0,0.0,0.0,0.0,0.0,0.0,0.0,0.0,0.0,0.0,0.0,0.0,0.0,0.0,0.0,0.0,0.0,0.0,0.0,0.0,0.0,0.0,0.0,0.0,0.0,0.0,57505.0,1842.0,28803.0,30544.0,3501.0,3649.0,3569.0,3814.0,4471.0,4660.0,4945.0,5167.0,5303.0,4241.0,3789.0,3203.0,2928.0,2230.0,1598.0,1074.0,676.0,338.0,152.0,33.0,6.0,59347.0,0.0,59347.0,97.59,94.78,97.85,97.18,99.37,99.38,99.65,99.0,97.82,96.38,83.76,90.04,99.42,97.5,0.0,97.5,0.0,0.0,0.0,0.0,0.0,0.0,0.0,0.0,0.0,0.0,0.0,0.0,0.0,0.0,0.0,0.0,35.0,38.0,36.0,0.0,36.0,93.85,109.32,94.3,0.0,94.3,84.1,89.94,84.29,0.0,84.29,0.0,0.0,0.0,0.0,0.0,0.0,0.0,0.0,0.0,0.0,0.0,0.0,0.0,0.0,0.0
3524808,0.0,0.0,0.0,0.0,0.0,0.0,0.0,0.0,0.0,48776.0,0.0,48776.0,0.0,0.0,0.0,0.0,0.0,0.0,0.0,0.0,0.0,0.0,0.0,0.0,0.0,0.0,0.0,0.0,0.0,0.0,0.0,0.0,0.0,0.0,0.0,0.0,0.0,0.0,0.0,0.0,0.0,0.0,94.45,5.55,48.33,51.67,5.05,5.35,5.45,5.49,6.05,6.47,6.87,7.53,8.07,7.36,7.13,7.1,6.43,5.31,3.97,2.99,1.93,0.98,0.39,0.09,0.01,100.0,0.0,100.0,0.0,0.0,0.0,0.0,0.0,0.0,0.0,0.0,0.0,0.0,0.0,0.0,0.0,0.0,0.0,0.0,0.0,0.0,0.0,0.0,0.0,0.0,0.0,0.0,0.0,0.0,0.0,0.0,0.0,0.0,0.0,0.0,0.0,0.0,0.0,0.0,0.0,0.0,0.0,0.0,0.0,0.0,0.0,0.0,0.0,0.0,0.0,0.0,0.0,0.0,0.0,0.0,0.0,0.0,0.0,0.0,0.0,0.0,0.0,0.0,0.0,0.0,0.0,0.0,0.0,0.0,0.0,0.0,0.0,0.0,0.0,0.0,0.0,0.0,0.0,0.0,0.0,0.0,0.0,0.0,0.0,0.0,0.0,0.0,46068.0,2708.0,23575.0,25201.0,2464.0,2608.0,2660.0,2677.0,2950.0,3155.0,3349.0,3674.0,3935.0,3588.0,3476.0,3462.0,3138.0,2588.0,1934.0,1456.0,943.0,479.0,191.0,46.0,3.0,48776.0,0.0,48776.0,96.28,96.07,96.72,95.87,99.56,98.94,99.11,98.92,97.78,96.26,79.92,87.75,98.91,96.27,0.0,96.27,0.0,0.0,0.0,0.0,0.0,0.0,0.0,0.0,0.0,0.0,0.0,0.0,0.0,0.0,0.0,0.0,40.0,47.0,41.0,0.0,41.0,92.64,110.41,93.55,0.0,93.55,135.77,211.65,139.39,0.0,139.39,0.0,0.0,0.0,0.0,0.0,0.0,0.0,0.0,0.0,0.0,0.0,0.0,0.0,0.0,0.0
3524907,0.0,0.0,0.0,0.0,0.0,0.0,0.0,0.0,0.0,6397.0,0.0,6397.0,0.0,0.0,0.0,0.0,0.0,0.0,0.0,0.0,0.0,0.0,0.0,0.0,0.0,0.0,0.0,0.0,0.0,0.0,0.0,0.0,0.0,0.0,0.0,0.0,0.0,0.0,0.0,0.0,0.0,0.0,70.88,29.12,50.16,49.84,6.27,6.69,6.49,6.35,6.44,6.52,7.05,6.94,7.94,7.32,6.36,6.57,5.94,4.88,3.78,2.09,1.31,0.67,0.28,0.11,0.0,100.0,0.0,100.0,0.0,0.0,0.0,0.0,0.0,0.0,0.0,0.0,0.0,0.0,0.0,0.0,0.0,0.0,0.0,0.0,0.0,0.0,0.0,0.0,0.0,0.0,0.0,0.0,0.0,0.0,0.0,0.0,0.0,0.0,0.0,0.0,0.0,0.0,0.0,0.0,0.0,0.0,0.0,0.0,0.0,0.0,0.0,0.0,0.0,0.0,0.0,0.0,0.0,0.0,0.0,0.0,0.0,0.0,0.0,0.0,0.0,0.0,0.0,0.0,0.0,0.0,0.0,0.0,0.0,0.0,0.0,0.0,0.0,0.0,0.0,0.0,0.0,0.0,0.0,0.0,0.0,0.0,0.0,0.0,0.0,0.0,0.0,0.0,4534.0,1863.0,3209.0,3188.0,401.0,428.0,415.0,406.0,412.0,417.0,451.0,444.0,508.0,468.0,407.0,420.0,380.0,312.0,242.0,134.0,84.0,43.0,18.0,7.0,0.0,6397.0,0.0,6397.0,94.66,92.93,93.93,94.39,98.54,98.04,98.7,98.11,94.86,93.13,73.43,81.55,98.86,94.16,0.0,94.16,0.0,0.0,0.0,0.0,0.0,0.0,0.0,0.0,0.0,0.0,0.0,0.0,0.0,0.0,0.0,0.0,37.0,38.0,38.0,0.0,38.0,97.73,108.16,100.66,0.0,100.66,98.96,96.03,98.07,0.0,98.07,0.0,0.0,0.0,0.0,0.0,0.0,0.0,0.0,0.0,0.0,0.0,0.0,0.0,0.0,0.0
3525003,0.0,0.0,0.0,0.0,0.0,0.0,0.0,0.0,0.0,118045.0,0.0,118045.0,0.0,0.0,0.0,0.0,0.0,0.0,0.0,0.0,0.0,0.0,0.0,0.0,0.0,0.0,0.0,0.0,0.0,0.0,0.0,0.0,0.0,0.0,0.0,0.0,0.0,0.0,0.0,0.0,0.0,0.0,100.0,0.0,48.43,51.57,6.16,7.04,6.8,6.88,8.2,8.01,7.9,8.66,8.42,7.1,6.72,5.65,4.44,3.37,2.18,1.29,0.71,0.34,0.11,0.03,0.0,100.0,0.0,100.0,0.0,0.0,0.0,0.0,0.0,0.0,0.0,0.0,0.0,0.0,0.0,0.0,0.0,0.0,0.0,0.0,0.0,0.0,0.0,0.0,0.0,0.0,0.0,0.0,0.0,0.0,0.0,0.0,0.0,0.0,0.0,0.0,0.0,0.0,0.0,0.0,0.0,0.0,0.0,0.0,0.0,0.0,0.0,0.0,0.0,0.0,0.0,0.0,0.0,0.0,0.0,0.0,0.0,0.0,0.0,0.0,0.0,0.0,0.0,0.0,0.0,0.0,0.0,0.0,0.0,0.0,0.0,0.0,0.0,0.0,0.0,0.0,0.0,0.0,0.0,0.0,0.0,0.0,0.0,0.0,0.0,0.0,0.0,0.0,118045.0,0.0,57168.0,60877.0,7267.0,8310.0,8024.0,8117.0,9682.0,9456.0,9321.0,10223.0,9940.0,8376.0,7933.0,6669.0,5244.0,3981.0,2575.0,1522.0,840.0,405.0,126.0,32.0,2.0,118045.0,0.0,118045.0,96.95,0.0,97.32,96.6,99.25,99.3,99.12,98.89,97.27,94.47,77.9,86.46,99.19,96.95,0.0,96.95,0.0,0.0,0.0,0.0,0.0,0.0,0.0,0.0,0.0,0.0,0.0,0.0,0.0,0.0,0.0,0.0,34.0,0.0,34.0,0.0,34.0,93.91,0.0,93.91,0.0,93.91,62.4,0.0,62.4,0.0,62.4,0.0,0.0,0.0,0.0,0.0,0.0,0.0,0.0,0.0,0.0,0.0,0.0,0.0,0.0,0.0
3525102,0.0,0.0,0.0,0.0,0.0,0.0,0.0,0.0,0.0,45282.0,0.0,45282.0,0.0,0.0,0.0,0.0,0.0,0.0,0.0,0.0,0.0,0.0,0.0,0.0,0.0,0.0,0.0,0.0,0.0,0.0,0.0,0.0,0.0,0.0,0.0,0.0,0.0,0.0,0.0,0.0,0.0,0.0,93.21,6.79,51.77,48.23,6.06,6.73,6.45,6.92,7.48,7.95,7.96,8.26,8.27,6.74,6.0,5.55,4.9,3.88,3.0,1.82,1.07,0.62,0.25,0.07,0.01,100.0,0.0,100.0,0.0,0.0,0.0,0.0,0.0,0.0,0.0,0.0,0.0,0.0,0.0,0.0,0.0,0.0,0.0,0.0,0.0,0.0,0.0,0.0,0.0,0.0,0.0,0.0,0.0,0.0,0.0,0.0,0.0,0.0,0.0,0.0,0.0,0.0,0.0,0.0,0.0,0.0,0.0,0.0,0.0,0.0,0.0,0.0,0.0,0.0,0.0,0.0,0.0,0.0,0.0,0.0,0.0,0.0,0.0,0.0,0.0,0.0,0.0,0.0,0.0,0.0,0.0,0.0,0.0,0.0,0.0,0.0,0.0,0.0,0.0,0.0,0.0,0.0,0.0,0.0,0.0,0.0,0.0,0.0,0.0,0.0,0.0,0.0,42208.0,3074.0,23441.0,21841.0,2746.0,3048.0,2920.0,3134.0,3389.0,3598.0,3606.0,3741.0,3747.0,3054.0,2716.0,2511.0,2220.0,1756.0,1357.0,823.0,484.0,283.0,113.0,32.0,4.0,45282.0,0.0,45282.0,95.96,97.96,96.29,95.92,98.35,98.75,97.87,97.9,95.67,94.69,81.37,88.4,98.81,96.11,0.0,96.11,0.0,0.0,0.0,0.0,0.0,0.0,0.0,0.0,0.0,0.0,0.0,0.0,0.0,0.0,0.0,0.0,35.0,34.0,35.0,0.0,35.0,98.64,419.26,107.33,0.0,107.33,79.99,123.5,81.16,0.0,81.16,0.0,0.0,0.0,0.0,0.0,0.0,0.0,0.0,0.0,0.0,0.0,0.0,0.0,0.0,0.0
3525201,0.0,0.0,0.0,0.0,0.0,0.0,0.0,0.0,0.0,37535.0,0.0,37535.0,0.0,0.0,0.0,0.0,0.0,0.0,0.0,0.0,0.0,0.0,0.0,0.0,0.0,0.0,0.0,0.0,0.0,0.0,0.0,0.0,0.0,0.0,0.0,0.0,0.0,0.0,0.0,0.0,0.0,0.0,87.46,12.54,50.17,49.83,6.7,7.12,6.9,6.73,7.18,7.18,8.11,8.53,8.28,6.92,6.08,5.43,4.76,3.83,2.8,1.71,0.91,0.54,0.24,0.06,0.01,100.0,0.0,100.0,0.0,0.0,0.0,0.0,0.0,0.0,0.0,0.0,0.0,0.0,0.0,0.0,0.0,0.0,0.0,0.0,0.0,0.0,0.0,0.0,0.0,0.0,0.0,0.0,0.0,0.0,0.0,0.0,0.0,0.0,0.0,0.0,0.0,0.0,0.0,0.0,0.0,0.0,0.0,0.0,0.0,0.0,0.0,0.0,0.0,0.0,0.0,0.0,0.0,0.0,0.0,0.0,0.0,0.0,0.0,0.0,0.0,0.0,0.0,0.0,0.0,0.0,0.0,0.0,0.0,0.0,0.0,0.0,0.0,0.0,0.0,0.0,0.0,0.0,0.0,0.0,0.0,0.0,0.0,0.0,0.0,0.0,0.0,0.0,32828.0,4707.0,18830.0,18705.0,2514.0,2672.0,2590.0,2526.0,2694.0,2696.0,3043.0,3200.0,3108.0,2599.0,2283.0,2039.0,1786.0,1436.0,1050.0,642.0,340.0,201.0,89.0,24.0,3.0,37535.0,0.0,37535.0,96.26,94.84,96.25,95.91,99.33,98.95,99.14,98.45,96.13,93.23,81.52,86.29,99.01,96.08,0.0,96.08,0.0,0.0,0.0,0.0,0.0,0.0,0.0,0.0,0.0,0.0,0.0,0.0,0.0,0.0,0.0,0.0,34.0,36.0,35.0,0.0,35.0,99.87,106.45,100.67,0.0,100.67,70.22,82.13,71.64,0.0,71.64,0.0,0.0,0.0,0.0,0.0,0.0,0.0,0.0,0.0,0.0,0.0,0.0,0.0,0.0,0.0
3525300,0.0,0.0,0.0,0.0,0.0,0.0,0.0,0.0,0.0,133497.0,0.0,133497.0,0.0,0.0,0.0,0.0,0.0,0.0,0.0,0.0,0.0,0.0,0.0,0.0,0.0,0.0,0.0,0.0,0.0,0.0,0.0,0.0,0.0,0.0,0.0,0.0,0.0,0.0,0.0,0.0,0.0,0.0,98.24,1.76,48.29,51.71,5.24,5.78,5.83,6.3,6.74,6.72,7.23,8.19,8.34,7.18,6.77,6.42,5.91,4.82,3.46,2.31,1.49,0.83,0.35,0.08,0.01,100.0,0.0,100.0,0.0,0.0,0.0,0.0,0.0,0.0,0.0,0.0,0.0,0.0,0.0,0.0,0.0,0.0,0.0,0.0,0.0,0.0,0.0,0.0,0.0,0.0,0.0,0.0,0.0,0.0,0.0,0.0,0.0,0.0,0.0,0.0,0.0,0.0,0.0,0.0,0.0,0.0,0.0,0.0,0.0,0.0,0.0,0.0,0.0,0.0,0.0,0.0,0.0,0.0,0.0,0.0,0.0,0.0,0.0,0.0,0.0,0.0,0.0,0.0,0.0,0.0,0.0,0.0,0.0,0.0,0.0,0.0,0.0,0.0,0.0,0.0,0.0,0.0,0.0,0.0,0.0,0.0,0.0,0.0,0.0,0.0,0.0,0.0,131154.0,2343.0,64461.0,69036.0,6991.0,7718.0,7780.0,8412.0,9001.0,8977.0,9657.0,10938.0,11130.0,9586.0,9038.0,8570.0,7888.0,6435.0,4619.0,3079.0,1983.0,1103.0,471.0,112.0,9.0,133497.0,0.0,133497.0,96.98,93.52,97.39,96.49,99.12,99.1,99.0,98.58,97.42,96.22,85.54,90.61,99.0,96.92,0.0,96.92,0.0,0.0,0.0,0.0,0.0,0.0,0.0,0.0,0.0,0.0,0.0,0.0,0.0,0.0,0.0,0.0,38.0,39.0,38.0,0.0,38.0,92.78,133.6,93.37,0.0,93.37,114.35,109.95,114.27,0.0,114.27,0.0,0.0,0.0,0.0,0.0,0.0,0.0,0.0,0.0,0.0,0.0,0.0,0.0,0.0,0.0
3525409,0.0,0.0,0.0,0.0,0.0,0.0,0.0,0.0,0.0,3863.0,0.0,3863.0,0.0,0.0,0.0,0.0,0.0,0.0,0.0,0.0,0.0,0.0,0.0,0.0,0.0,0.0,0.0,0.0,0.0,0.0,0.0,0.0,0.0,0.0,0.0,0.0,0.0,0.0,0.0,0.0,0.0,0.0,88.33,11.67,51.59,48.41,6.89,7.79,7.27,7.35,8.36,8.13,7.22,8.13,7.46,7.07,5.54,5.23,4.19,3.57,2.2,1.58,1.04,0.65,0.23,0.08,0.03,100.0,0.0,100.0,0.0,0.0,0.0,0.0,0.0,0.0,0.0,0.0,0.0,0.0,0.0,0.0,0.0,0.0,0.0,0.0,0.0,0.0,0.0,0.0,0.0,0.0,0.0,0.0,0.0,0.0,0.0,0.0,0.0,0.0,0.0,0.0,0.0,0.0,0.0,0.0,0.0,0.0,0.0,0.0,0.0,0.0,0.0,0.0,0.0,0.0,0.0,0.0,0.0,0.0,0.0,0.0,0.0,0.0,0.0,0.0,0.0,0.0,0.0,0.0,0.0,0.0,0.0,0.0,0.0,0.0,0.0,0.0,0.0,0.0,0.0,0.0,0.0,0.0,0.0,0.0,0.0,0.0,0.0,0.0,0.0,0.0,0.0,0.0,3412.0,451.0,1993.0,1870.0,266.0,301.0,281.0,284.0,323.0,314.0,279.0,314.0,288.0,273.0,214.0,202.0,162.0,138.0,85.0,61.0,40.0,25.0,9.0,3.0,1.0,3863.0,0.0,3863.0,94.89,90.03,93.83,94.84,99.38,98.99,100.0,96.51,95.48,86.81,70.5,80.11,100.0,94.33,0.0,94.33,0.0,0.0,0.0,0.0,0.0,0.0,0.0,0.0,0.0,0.0,0.0,0.0,0.0,0.0,0.0,0.0,33.0,32.0,33.0,0.0,33.0,104.68,122.17,106.58,0.0,106.58,63.37,50.0,61.79,0.0,61.79,0.0,0.0,0.0,0.0,0.0,0.0,0.0,0.0,0.0,0.0,0.0,0.0,0.0,0.0,0.0
3525508,0.0,0.0,0.0,0.0,0.0,0.0,0.0,0.0,0.0,12815.0,0.0,12815.0,0.0,0.0,0.0,0.0,0.0,0.0,0.0,0.0,0.0,0.0,0.0,0.0,0.0,0.0,0.0,0.0,0.0,0.0,0.0,0.0,0.0,0.0,0.0,0.0,0.0,0.0,0.0,0.0,0.0,0.0,72.56,27.44,50.66,49.34,5.59,6.19,6.45,6.63,5.89,6.42,7.37,7.8,7.62,6.71,6.86,6.31,6.05,4.72,3.97,2.52,1.67,0.75,0.37,0.1,0.0,100.0,0.0,100.0,0.0,0.0,0.0,0.0,0.0,0.0,0.0,0.0,0.0,0.0,0.0,0.0,0.0,0.0,0.0,0.0,0.0,0.0,0.0,0.0,0.0,0.0,0.0,0.0,0.0,0.0,0.0,0.0,0.0,0.0,0.0,0.0,0.0,0.0,0.0,0.0,0.0,0.0,0.0,0.0,0.0,0.0,0.0,0.0,0.0,0.0,0.0,0.0,0.0,0.0,0.0,0.0,0.0,0.0,0.0,0.0,0.0,0.0,0.0,0.0,0.0,0.0,0.0,0.0,0.0,0.0,0.0,0.0,0.0,0.0,0.0,0.0,0.0,0.0,0.0,0.0,0.0,0.0,0.0,0.0,0.0,0.0,0.0,0.0,9299.0,3516.0,6492.0,6323.0,716.0,793.0,827.0,850.0,755.0,823.0,945.0,1000.0,976.0,860.0,879.0,808.0,775.0,605.0,509.0,323.0,214.0,96.0,48.0,13.0,0.0,12815.0,0.0,12815.0,94.5,91.3,94.17,93.06,98.94,98.36,98.49,97.42,93.56,91.91,75.36,81.75,99.07,93.62,0.0,93.62,0.0,0.0,0.0,0.0,0.0,0.0,0.0,0.0,0.0,0.0,0.0,0.0,0.0,0.0,0.0,0.0,37.0,40.0,38.0,0.0,38.0,99.21,112.45,102.67,0.0,102.67,109.1,114.56,110.57,0.0,110.57,0.0,0.0,0.0,0.0,0.0,0.0,0.0,0.0,0.0,0.0,0.0,0.0,0.0,0.0,0.0
3525607,0.0,0.0,0.0,0.0,0.0,0.0,0.0,0.0,0.0,4371.0,0.0,4371.0,0.0,0.0,0.0,0.0,0.0,0.0,0.0,0.0,0.0,0.0,0.0,0.0,0.0,0.0,0.0,0.0,0.0,0.0,0.0,0.0,0.0,0.0,0.0,0.0,0.0,0.0,0.0,0.0,0.0,0.0,88.4,11.6,49.67,50.33,6.11,7.48,7.55,6.75,6.31,6.98,7.48,7.73,7.64,6.77,6.66,5.99,5.19,4.39,2.86,1.97,1.19,0.64,0.3,0.0,0.0,100.0,0.0,100.0,0.0,0.0,0.0,0.0,0.0,0.0,0.0,0.0,0.0,0.0,0.0,0.0,0.0,0.0,0.0,0.0,0.0,0.0,0.0,0.0,0.0,0.0,0.0,0.0,0.0,0.0,0.0,0.0,0.0,0.0,0.0,0.0,0.0,0.0,0.0,0.0,0.0,0.0,0.0,0.0,0.0,0.0,0.0,0.0,0.0,0.0,0.0,0.0,0.0,0.0,0.0,0.0,0.0,0.0,0.0,0.0,0.0,0.0,0.0,0.0,0.0,0.0,0.0,0.0,0.0,0.0,0.0,0.0,0.0,0.0,0.0,0.0,0.0,0.0,0.0,0.0,0.0,0.0,0.0,0.0,0.0,0.0,0.0,0.0,3864.0,507.0,2171.0,2200.0,267.0,327.0,330.0,295.0,276.0,305.0,327.0,338.0,334.0,296.0,291.0,262.0,227.0,192.0,125.0,86.0,52.0,28.0,13.0,0.0,0.0,4371.0,0.0,4371.0,90.62,93.72,91.03,90.93,99.28,96.99,98.21,95.39,89.27,86.3,69.27,74.6,100.0,90.98,0.0,90.98,0.0,0.0,0.0,0.0,0.0,0.0,0.0,0.0,0.0,0.0,0.0,0.0,0.0,0.0,0.0,0.0,35.0,38.0,35.0,0.0,35.0,96.04,121.4,98.68,0.0,98.68,77.06,87.16,78.25,0.0,78.25,0.0,0.0,0.0,0.0,0.0,0.0,0.0,0.0,0.0,0.0,0.0,0.0,0.0,0.0,0.0
3525706,0.0,0.0,0.0,0.0,0.0,0.0,0.0,0.0,0.0,36633.0,0.0,36633.0,0.0,0.0,0.0,0.0,0.0,0.0,0.0,0.0,0.0,0.0,0.0,0.0,0.0,0.0,0.0,0.0,0.0,0.0,0.0,0.0,0.0,0.0,0.0,0.0,0.0,0.0,0.0,0.0,0.0,0.0,92.79,7.21,49.25,50.75,5.92,6.15,6.08,6.49,7.2,7.5,7.73,8.13,7.95,6.59,6.38,6.25,5.45,4.41,3.13,2.27,1.35,0.66,0.31,0.05,0.01,100.0,0.0,100.0,0.0,0.0,0.0,0.0,0.0,0.0,0.0,0.0,0.0,0.0,0.0,0.0,0.0,0.0,0.0,0.0,0.0,0.0,0.0,0.0,0.0,0.0,0.0,0.0,0.0,0.0,0.0,0.0,0.0,0.0,0.0,0.0,0.0,0.0,0.0,0.0,0.0,0.0,0.0,0.0,0.0,0.0,0.0,0.0,0.0,0.0,0.0,0.0,0.0,0.0,0.0,0.0,0.0,0.0,0.0,0.0,0.0,0.0,0.0,0.0,0.0,0.0,0.0,0.0,0.0,0.0,0.0,0.0,0.0,0.0,0.0,0.0,0.0,0.0,0.0,0.0,0.0,0.0,0.0,0.0,0.0,0.0,0.0,0.0,33990.0,2643.0,18043.0,18590.0,2168.0,2253.0,2229.0,2379.0,2636.0,2747.0,2830.0,2980.0,2913.0,2414.0,2337.0,2291.0,1998.0,1614.0,1145.0,830.0,493.0,240.0,112.0,20.0,4.0,36633.0,0.0,36633.0,96.09,94.2,96.25,95.68,98.94,99.07,99.38,98.05,96.42,95.27,79.22,86.09,98.4,95.96,0.0,95.96,0.0,0.0,0.0,0.0,0.0,0.0,0.0,0.0,0.0,0.0,0.0,0.0,0.0,0.0,0.0,0.0,36.0,40.0,36.0,0.0,36.0,95.66,117.0,97.06,0.0,97.06,95.47,117.38,97.08,0.0,97.08,0.0,0.0,0.0,0.0,0.0,0.0,0.0,0.0,0.0,0.0,0.0,0.0,0.0,0.0,0.0
3525805,0.0,0.0,0.0,0.0,0.0,0.0,0.0,0.0,0.0,4254.0,0.0,4254.0,0.0,0.0,0.0,0.0,0.0,0.0,0.0,0.0,0.0,0.0,0.0,0.0,0.0,0.0,0.0,0.0,0.0,0.0,0.0,0.0,0.0,0.0,0.0,0.0,0.0,0.0,0.0,0.0,0.0,0.0,93.51,6.49,48.87,51.13,6.7,6.65,6.23,6.35,7.85,6.93,6.54,7.36,7.15,6.21,6.56,6.35,5.83,4.61,3.29,2.94,1.25,0.8,0.4,0.02,0.0,100.0,0.0,100.0,0.0,0.0,0.0,0.0,0.0,0.0,0.0,0.0,0.0,0.0,0.0,0.0,0.0,0.0,0.0,0.0,0.0,0.0,0.0,0.0,0.0,0.0,0.0,0.0,0.0,0.0,0.0,0.0,0.0,0.0,0.0,0.0,0.0,0.0,0.0,0.0,0.0,0.0,0.0,0.0,0.0,0.0,0.0,0.0,0.0,0.0,0.0,0.0,0.0,0.0,0.0,0.0,0.0,0.0,0.0,0.0,0.0,0.0,0.0,0.0,0.0,0.0,0.0,0.0,0.0,0.0,0.0,0.0,0.0,0.0,0.0,0.0,0.0,0.0,0.0,0.0,0.0,0.0,0.0,0.0,0.0,0.0,0.0,0.0,3978.0,276.0,2079.0,2175.0,285.0,283.0,265.0,270.0,334.0,295.0,278.0,313.0,304.0,264.0,279.0,270.0,248.0,196.0,140.0,125.0,53.0,34.0,17.0,1.0,0.0,4254.0,0.0,4254.0,93.56,97.6,94.9,92.78,98.8,98.78,98.64,96.6,95.95,90.93,72.17,80.74,100.0,93.8,0.0,93.8,0.0,0.0,0.0,0.0,0.0,0.0,0.0,0.0,0.0,0.0,0.0,0.0,0.0,0.0,0.0,0.0,37.0,32.0,36.0,0.0,36.0,94.9,105.97,95.59,0.0,95.59,101.44,55.88,97.72,0.0,97.72,0.0,0.0,0.0,0.0,0.0,0.0,0.0,0.0,0.0,0.0,0.0,0.0,0.0,0.0,0.0
3525854,0.0,0.0,0.0,0.0,0.0,0.0,0.0,0.0,0.0,3056.0,0.0,3056.0,0.0,0.0,0.0,0.0,0.0,0.0,0.0,0.0,0.0,0.0,0.0,0.0,0.0,0.0,0.0,0.0,0.0,0.0,0.0,0.0,0.0,0.0,0.0,0.0,0.0,0.0,0.0,0.0,0.0,0.0,65.71,34.29,49.8,50.2,6.87,7.62,5.76,7.17,7.92,6.94,7.92,7.49,7.79,6.05,6.18,5.33,5.37,3.89,2.59,2.23,1.44,1.08,0.33,0.03,0.0,100.0,0.0,100.0,0.0,0.0,0.0,0.0,0.0,0.0,0.0,0.0,0.0,0.0,0.0,0.0,0.0,0.0,0.0,0.0,0.0,0.0,0.0,0.0,0.0,0.0,0.0,0.0,0.0,0.0,0.0,0.0,0.0,0.0,0.0,0.0,0.0,0.0,0.0,0.0,0.0,0.0,0.0,0.0,0.0,0.0,0.0,0.0,0.0,0.0,0.0,0.0,0.0,0.0,0.0,0.0,0.0,0.0,0.0,0.0,0.0,0.0,0.0,0.0,0.0,0.0,0.0,0.0,0.0,0.0,0.0,0.0,0.0,0.0,0.0,0.0,0.0,0.0,0.0,0.0,0.0,0.0,0.0,0.0,0.0,0.0,0.0,0.0,2008.0,1048.0,1522.0,1534.0,210.0,233.0,176.0,219.0,242.0,212.0,242.0,229.0,238.0,185.0,189.0,163.0,164.0,119.0,79.0,68.0,44.0,33.0,10.0,1.0,0.0,3056.0,0.0,3056.0,95.97,96.84,96.69,95.85,98.76,100.0,98.4,97.0,96.52,93.88,87.82,89.27,98.94,96.27,0.0,96.27,0.0,0.0,0.0,0.0,0.0,0.0,0.0,0.0,0.0,0.0,0.0,0.0,0.0,0.0,0.0,0.0,35.0,33.0,34.0,0.0,34.0,96.09,105.49,99.22,0.0,99.22,92.66,67.86,83.68,0.0,83.68,0.0,0.0,0.0,0.0,0.0,0.0,0.0,0.0,0.0,0.0,0.0,0.0,0.0,0.0,0.0
3525904,0.0,0.0,0.0,0.0,0.0,0.0,0.0,0.0,0.0,443221.0,0.0,443221.0,0.0,0.0,0.0,0.0,0.0,0.0,0.0,0.0,0.0,0.0,0.0,0.0,0.0,0.0,0.0,0.0,0.0,0.0,0.0,0.0,0.0,0.0,0.0,0.0,0.0,0.0,0.0,0.0,0.0,0.0,96.86,3.14,48.22,51.78,5.36,5.85,5.76,5.79,6.46,7.01,7.99,8.84,8.98,7.24,6.56,5.97,5.35,4.39,3.34,2.28,1.5,0.87,0.35,0.09,0.01,100.0,0.0,100.0,0.0,0.0,0.0,0.0,0.0,0.0,0.0,0.0,0.0,0.0,0.0,0.0,0.0,0.0,0.0,0.0,0.0,0.0,0.0,0.0,0.0,0.0,0.0,0.0,0.0,0.0,0.0,0.0,0.0,0.0,0.0,0.0,0.0,0.0,0.0,0.0,0.0,0.0,0.0,0.0,0.0,0.0,0.0,0.0,0.0,0.0,0.0,0.0,0.0,0.0,0.0,0.0,0.0,0.0,0.0,0.0,0.0,0.0,0.0,0.0,0.0,0.0,0.0,0.0,0.0,0.0,0.0,0.0,0.0,0.0,0.0,0.0,0.0,0.0,0.0,0.0,0.0,0.0,0.0,0.0,0.0,0.0,0.0,0.0,429315.0,13906.0,213736.0,229485.0,23748.0,25949.0,25548.0,25660.0,28638.0,31082.0,35413.0,39195.0,39815.0,32068.0,29080.0,26444.0,23706.0,19455.0,14799.0,10109.0,6639.0,3872.0,1557.0,398.0,46.0,443221.0,0.0,443221.0,98.04,96.23,98.22,97.76,99.31,99.33,99.33,99.12,98.33,97.44,91.07,93.66,99.25,97.98,0.0,97.98,0.0,0.0,0.0,0.0,0.0,0.0,0.0,0.0,0.0,0.0,0.0,0.0,0.0,0.0,0.0,0.0,38.0,38.0,38.0,0.0,38.0,92.35,121.08,93.14,0.0,93.14,106.88,114.01,107.09,0.0,107.09,0.0,0.0,0.0,0.0,0.0,0.0,0.0,0.0,0.0,0.0,0.0,0.0,0.0,0.0,0.0
3526001,100.0,0.0,100.0,8.0,0.0,8.0,0.04,0.0,0.04,20448.0,0.0,20448.0,100.0,0.0,100.0,100.0,0.0,100.0,100.0,0.0,100.0,4.0,0.0,4.0,10.0,0.0,10.0,8.0,0.0,8.0,2.5,0.0,2.5,2.0,0.0,2.0,0.06,0.0,0.06,80.0,0.0,80.0,92.71,7.29,52.32,47.68,4.99,5.7,6.03,5.8,5.85,7.17,8.26,7.74,8.14,6.93,7.03,6.62,5.37,4.86,3.71,2.62,1.73,0.97,0.38,0.1,0.01,100.0,0.0,100.0,100.0,0.0,62.5,37.5,12.5,0.0,0.0,0.0,0.0,0.0,12.5,12.5,0.0,0.0,25.0,12.5,0.0,12.5,12.5,0.0,0.0,0.0,0.0,0.0,0.0,100.0,0.0,100.0,8.0,0.0,5.0,3.0,1.0,0.0,0.0,0.0,0.0,0.0,1.0,1.0,0.0,0.0,2.0,1.0,0.0,1.0,1.0,0.0,0.0,0.0,0.0,0.0,0.0,8.0,0.0,8.0,0.04,0.0,0.05,0.03,0.1,0.0,0.0,0.0,0.0,0.0,0.06,0.06,0.0,0.0,0.14,0.07,0.0,0.1,0.13,0.0,0.0,0.0,0.0,0.0,0.0,0.04,0.0,0.04,18958.0,1490.0,10698.0,9750.0,1020.0,1166.0,1232.0,1186.0,1197.0,1467.0,1688.0,1583.0,1664.0,1417.0,1437.0,1353.0,1099.0,993.0,759.0,535.0,353.0,199.0,77.0,21.0,2.0,20448.0,0.0,20448.0,95.23,95.99,96.35,94.11,99.25,99.05,99.01,98.71,96.92,94.17,74.73,83.57,99.79,95.28,0.0,95.28,100.0,0.0,100.0,100.0,0.0,100.0,0.0,100.0,100.0,100.0,0.0,100.0,0.0,100.0,0.0,100.0,38.0,47.0,39.0,0.0,39.0,108.93,120.41,109.72,0.0,109.72,113.44,186.76,118.14,0.0,118.14,53.0,0.0,53.0,0.0,53.0,166.67,0.0,166.67,0.0,166.67,200.0,0.0,200.0,0.0,200.0
3526100,100.0,0.0,100.0,1.0,0.0,1.0,0.01,0.0,0.01,17154.0,0.0,17154.0,100.0,0.0,100.0,100.0,0.0,100.0,100.0,0.0,100.0,1.0,0.0,1.0,3.0,0.0,3.0,1.0,0.0,1.0,3.0,0.0,3.0,1.0,0.0,1.0,0.02,0.0,0.02,33.33,0.0,33.33,66.98,33.02,50.05,49.95,6.16,6.91,6.78,7.24,7.03,5.64,5.88,6.76,7.32,6.87,6.44,6.54,6.14,4.97,3.69,2.69,1.64,0.8,0.42,0.06,0.01,100.0,0.0,100.0,0.0,100.0,100.0,0.0,0.0,0.0,0.0,0.0,100.0,0.0,0.0,0.0,0.0,0.0,0.0,0.0,0.0,0.0,0.0,0.0,0.0,0.0,0.0,0.0,0.0,100.0,0.0,100.0,0.0,1.0,1.0,0.0,0.0,0.0,0.0,0.0,1.0,0.0,0.0,0.0,0.0,0.0,0.0,0.0,0.0,0.0,0.0,0.0,0.0,0.0,0.0,0.0,0.0,1.0,0.0,1.0,0.0,0.02,0.01,0.0,0.0,0.0,0.0,0.0,0.08,0.0,0.0,0.0,0.0,0.0,0.0,0.0,0.0,0.0,0.0,0.0,0.0,0.0,0.0,0.0,0.0,0.01,0.0,0.01,11489.0,5665.0,8585.0,8569.0,1057.0,1186.0,1163.0,1242.0,1206.0,967.0,1009.0,1160.0,1255.0,1178.0,1105.0,1122.0,1053.0,852.0,633.0,461.0,282.0,138.0,72.0,11.0,2.0,17154.0,0.0,17154.0,94.43,90.26,93.2,92.95,98.18,97.87,98.82,96.52,94.52,91.68,71.53,80.25,98.95,93.08,0.0,93.08,0.0,100.0,100.0,0.0,100.0,0.0,0.0,0.0,0.0,0.0,0.0,0.0,0.0,100.0,0.0,100.0,38.0,38.0,38.0,0.0,38.0,93.42,115.48,100.19,0.0,100.19,103.76,101.25,102.88,0.0,102.88,0.0,24.0,24.0,0.0,24.0,0.0,0.0,0.0,0.0,0.0,0.0,0.0,0.0,0.0,0.0
3526209,0.0,0.0,0.0,0.0,0.0,0.0,0.0,0.0,0.0,27404.0,0.0,27404.0,0.0,0.0,0.0,0.0,0.0,0.0,0.0,0.0,0.0,0.0,0.0,0.0,0.0,0.0,0.0,0.0,0.0,0.0,0.0,0.0,0.0,0.0,0.0,0.0,0.0,0.0,0.0,0.0,0.0,0.0,57.27,42.73,50.29,49.71,6.33,7.28,6.95,7.13,7.48,6.54,6.76,7.38,7.36,6.87,6.85,6.07,5.52,4.48,3.26,1.9,1.08,0.5,0.2,0.06,0.01,100.0,0.0,100.0,0.0,0.0,0.0,0.0,0.0,0.0,0.0,0.0,0.0,0.0,0.0,0.0,0.0,0.0,0.0,0.0,0.0,0.0,0.0,0.0,0.0,0.0,0.0,0.0,0.0,0.0,0.0,0.0,0.0,0.0,0.0,0.0,0.0,0.0,0.0,0.0,0.0,0.0,0.0,0.0,0.0,0.0,0.0,0.0,0.0,0.0,0.0,0.0,0.0,0.0,0.0,0.0,0.0,0.0,0.0,0.0,0.0,0.0,0.0,0.0,0.0,0.0,0.0,0.0,0.0,0.0,0.0,0.0,0.0,0.0,0.0,0.0,0.0,0.0,0.0,0.0,0.0,0.0,0.0,0.0,0.0,0.0,0.0,0.0,15693.0,11711.0,13782.0,13622.0,1735.0,1994.0,1904.0,1954.0,2050.0,1791.0,1852.0,2023.0,2016.0,1884.0,1877.0,1664.0,1512.0,1229.0,892.0,521.0,295.0,137.0,54.0,17.0,3.0,27404.0,0.0,27404.0,93.73,90.13,92.37,91.99,98.15,97.53,98.37,97.03,92.71,89.17,62.32,74.43,98.49,92.18,0.0,92.18,0.0,0.0,0.0,0.0,0.0,0.0,0.0,0.0,0.0,0.0,0.0,0.0,0.0,0.0,0.0,0.0,34.0,38.0,35.0,0.0,35.0,95.8,108.86,101.17,0.0,101.17,70.67,99.45,82.73,0.0,82.73,0.0,0.0,0.0,0.0,0.0,0.0,0.0,0.0,0.0,0.0,0.0,0.0,0.0,0.0,0.0
3526308,0.0,0.0,0.0,0.0,0.0,0.0,0.0,0.0,0.0,5083.0,0.0,5083.0,0.0,0.0,0.0,0.0,0.0,0.0,0.0,0.0,0.0,0.0,0.0,0.0,0.0,0.0,0.0,0.0,0.0,0.0,0.0,0.0,0.0,0.0,0.0,0.0,0.0,0.0,0.0,0.0,0.0,0.0,62.4,37.6,50.72,49.28,4.62,4.98,5.39,6.16,5.55,6.12,5.74,6.45,7.95,6.83,8.83,7.26,6.89,5.57,4.15,3.48,2.07,1.38,0.41,0.14,0.04,100.0,0.0,100.0,0.0,0.0,0.0,0.0,0.0,0.0,0.0,0.0,0.0,0.0,0.0,0.0,0.0,0.0,0.0,0.0,0.0,0.0,0.0,0.0,0.0,0.0,0.0,0.0,0.0,0.0,0.0,0.0,0.0,0.0,0.0,0.0,0.0,0.0,0.0,0.0,0.0,0.0,0.0,0.0,0.0,0.0,0.0,0.0,0.0,0.0,0.0,0.0,0.0,0.0,0.0,0.0,0.0,0.0,0.0,0.0,0.0,0.0,0.0,0.0,0.0,0.0,0.0,0.0,0.0,0.0,0.0,0.0,0.0,0.0,0.0,0.0,0.0,0.0,0.0,0.0,0.0,0.0,0.0,0.0,0.0,0.0,0.0,0.0,3172.0,1911.0,2578.0,2505.0,235.0,253.0,274.0,313.0,282.0,311.0,292.0,328.0,404.0,347.0,449.0,369.0,350.0,283.0,211.0,177.0,105.0,70.0,21.0,7.0,2.0,5083.0,0.0,5083.0,93.68,94.17,94.26,93.46,98.94,99.34,98.95,97.95,94.22,94.71,74.35,82.31,98.37,93.87,0.0,93.87,0.0,0.0,0.0,0.0,0.0,0.0,0.0,0.0,0.0,0.0,0.0,0.0,0.0,0.0,0.0,0.0,41.0,45.0,43.0,0.0,43.0,94.01,119.66,102.91,0.0,102.91,151.46,176.95,160.89,0.0,160.89,0.0,0.0,0.0,0.0,0.0,0.0,0.0,0.0,0.0,0.0,0.0,0.0,0.0,0.0,0.0
3526407,0.0,0.0,0.0,0.0,0.0,0.0,0.0,0.0,0.0,26261.0,0.0,26261.0,0.0,0.0,0.0,0.0,0.0,0.0,0.0,0.0,0.0,0.0,0.0,0.0,0.0,0.0,0.0,0.0,0.0,0.0,0.0,0.0,0.0,0.0,0.0,0.0,0.0,0.0,0.0,0.0,0.0,0.0,88.56,11.44,48.82,51.18,5.86,6.05,6.07,6.58,7.38,7.22,7.49,7.85,7.81,6.56,6.07,5.97,5.59,4.53,3.56,2.44,1.53,0.97,0.39,0.08,0.02,100.0,0.0,100.0,0.0,0.0,0.0,0.0,0.0,0.0,0.0,0.0,0.0,0.0,0.0,0.0,0.0,0.0,0.0,0.0,0.0,0.0,0.0,0.0,0.0,0.0,0.0,0.0,0.0,0.0,0.0,0.0,0.0,0.0,0.0,0.0,0.0,0.0,0.0,0.0,0.0,0.0,0.0,0.0,0.0,0.0,0.0,0.0,0.0,0.0,0.0,0.0,0.0,0.0,0.0,0.0,0.0,0.0,0.0,0.0,0.0,0.0,0.0,0.0,0.0,0.0,0.0,0.0,0.0,0.0,0.0,0.0,0.0,0.0,0.0,0.0,0.0,0.0,0.0,0.0,0.0,0.0,0.0,0.0,0.0,0.0,0.0,0.0,23256.0,3005.0,12821.0,13440.0,1539.0,1590.0,1593.0,1729.0,1938.0,1895.0,1966.0,2062.0,2050.0,1722.0,1594.0,1567.0,1467.0,1189.0,934.0,640.0,401.0,256.0,102.0,21.0,6.0,26261.0,0.0,26261.0,96.77,95.26,96.65,96.54,98.61,98.52,99.14,98.27,95.96,95.62,88.29,91.6,99.42,96.6,0.0,96.6,0.0,0.0,0.0,0.0,0.0,0.0,0.0,0.0,0.0,0.0,0.0,0.0,0.0,0.0,0.0,0.0,36.0,40.0,37.0,0.0,37.0,93.78,108.83,95.39,0.0,95.39,103.7,125.0,106.23,0.0,106.23,0.0,0.0,0.0,0.0,0.0,0.0,0.0,0.0,0.0,0.0,0.0,0.0,0.0,0.0,0.0
3526506,0.0,0.0,0.0,0.0,0.0,0.0,0.0,0.0,0.0,9689.0,0.0,9689.0,0.0,0.0,0.0,0.0,0.0,0.0,0.0,0.0,0.0,0.0,0.0,0.0,0.0,0.0,0.0,0.0,0.0,0.0,0.0,0.0,0.0,0.0,0.0,0.0,0.0,0.0,0.0,0.0,0.0,0.0,43.12,56.88,74.14,25.86,2.45,2.69,2.99,3.15,9.2,14.82,15.09,12.83,10.14,6.14,4.77,3.94,3.41,2.7,2.1,1.71,1.1,0.53,0.18,0.07,0.0,100.0,0.0,100.0,0.0,0.0,0.0,0.0,0.0,0.0,0.0,0.0,0.0,0.0,0.0,0.0,0.0,0.0,0.0,0.0,0.0,0.0,0.0,0.0,0.0,0.0,0.0,0.0,0.0,0.0,0.0,0.0,0.0,0.0,0.0,0.0,0.0,0.0,0.0,0.0,0.0,0.0,0.0,0.0,0.0,0.0,0.0,0.0,0.0,0.0,0.0,0.0,0.0,0.0,0.0,0.0,0.0,0.0,0.0,0.0,0.0,0.0,0.0,0.0,0.0,0.0,0.0,0.0,0.0,0.0,0.0,0.0,0.0,0.0,0.0,0.0,0.0,0.0,0.0,0.0,0.0,0.0,0.0,0.0,0.0,0.0,0.0,0.0,4178.0,5511.0,7183.0,2506.0,237.0,261.0,290.0,305.0,891.0,1436.0,1462.0,1243.0,982.0,595.0,462.0,382.0,330.0,262.0,203.0,166.0,107.0,51.0,17.0,7.0,0.0,9689.0,0.0,9689.0,94.82,97.62,97.42,93.66,98.99,98.76,99.43,97.53,96.31,93.96,80.46,84.5,99.24,96.52,0.0,96.52,0.0,0.0,0.0,0.0,0.0,0.0,0.0,0.0,0.0,0.0,0.0,0.0,0.0,0.0,0.0,0.0,40.0,33.0,34.0,0.0,34.0,91.04,1627.59,286.63,0.0,286.63,140.61,175.25,145.05,0.0,145.05,0.0,0.0,0.0,0.0,0.0,0.0,0.0,0.0,0.0,0.0,0.0,0.0,0.0,0.0,0.0
3526605,0.0,0.0,0.0,0.0,0.0,0.0,0.0,0.0,0.0,7171.0,0.0,7171.0,0.0,0.0,0.0,0.0,0.0,0.0,0.0,0.0,0.0,0.0,0.0,0.0,0.0,0.0,0.0,0.0,0.0,0.0,0.0,0.0,0.0,0.0,0.0,0.0,0.0,0.0,0.0,0.0,0.0,0.0,92.66,7.34,49.69,50.31,6.58,7.54,7.28,7.17,7.14,7.75,7.32,8.2,7.96,7.03,6.48,5.41,4.77,3.71,2.37,1.73,0.88,0.46,0.15,0.06,0.0,100.0,0.0,100.0,0.0,0.0,0.0,0.0,0.0,0.0,0.0,0.0,0.0,0.0,0.0,0.0,0.0,0.0,0.0,0.0,0.0,0.0,0.0,0.0,0.0,0.0,0.0,0.0,0.0,0.0,0.0,0.0,0.0,0.0,0.0,0.0,0.0,0.0,0.0,0.0,0.0,0.0,0.0,0.0,0.0,0.0,0.0,0.0,0.0,0.0,0.0,0.0,0.0,0.0,0.0,0.0,0.0,0.0,0.0,0.0,0.0,0.0,0.0,0.0,0.0,0.0,0.0,0.0,0.0,0.0,0.0,0.0,0.0,0.0,0.0,0.0,0.0,0.0,0.0,0.0,0.0,0.0,0.0,0.0,0.0,0.0,0.0,0.0,6645.0,526.0,3563.0,3608.0,472.0,541.0,522.0,514.0,512.0,556.0,525.0,588.0,571.0,504.0,465.0,388.0,342.0,266.0,170.0,124.0,63.0,33.0,11.0,4.0,0.0,7171.0,0.0,7171.0,95.64,96.26,95.73,95.65,98.44,98.8,99.43,97.24,95.77,95.07,74.89,83.61,99.4,95.69,0.0,95.69,0.0,0.0,0.0,0.0,0.0,0.0,0.0,0.0,0.0,0.0,0.0,0.0,0.0,0.0,0.0,0.0,34.0,39.0,34.0,0.0,34.0,97.65,113.82,98.75,0.0,98.75,64.09,93.88,65.99,0.0,65.99,0.0,0.0,0.0,0.0,0.0,0.0,0.0,0.0,0.0,0.0,0.0,0.0,0.0,0.0,0.0
3526704,0.0,0.0,0.0,0.0,0.0,0.0,0.0,0.0,0.0,98161.0,0.0,98161.0,0.0,0.0,0.0,0.0,0.0,0.0,0.0,0.0,0.0,0.0,0.0,0.0,0.0,0.0,0.0,0.0,0.0,0.0,0.0,0.0,0.0,0.0,0.0,0.0,0.0,0.0,0.0,0.0,0.0,0.0,98.24,1.76,49.05,50.95,5.71,6.21,6.41,6.79,7.34,7.65,7.97,8.52,8.11,6.84,6.34,5.93,5.01,4.07,3.04,1.93,1.17,0.62,0.27,0.07,0.01,100.0,0.0,100.0,0.0,0.0,0.0,0.0,0.0,0.0,0.0,0.0,0.0,0.0,0.0,0.0,0.0,0.0,0.0,0.0,0.0,0.0,0.0,0.0,0.0,0.0,0.0,0.0,0.0,0.0,0.0,0.0,0.0,0.0,0.0,0.0,0.0,0.0,0.0,0.0,0.0,0.0,0.0,0.0,0.0,0.0,0.0,0.0,0.0,0.0,0.0,0.0,0.0,0.0,0.0,0.0,0.0,0.0,0.0,0.0,0.0,0.0,0.0,0.0,0.0,0.0,0.0,0.0,0.0,0.0,0.0,0.0,0.0,0.0,0.0,0.0,0.0,0.0,0.0,0.0,0.0,0.0,0.0,0.0,0.0,0.0,0.0,0.0,96438.0,1723.0,48145.0,50016.0,5607.0,6096.0,6288.0,6665.0,7202.0,7507.0,7826.0,8363.0,7962.0,6710.0,6221.0,5825.0,4920.0,3997.0,2982.0,1895.0,1144.0,607.0,265.0,68.0,11.0,98161.0,0.0,98161.0,95.4,94.36,95.32,95.45,98.93,98.71,98.75,97.27,94.03,93.26,82.26,87.22,98.75,95.38,0.0,95.38,0.0,0.0,0.0,0.0,0.0,0.0,0.0,0.0,0.0,0.0,0.0,0.0,0.0,0.0,0.0,0.0,36.0,40.0,36.0,0.0,36.0,95.9,118.38,96.26,0.0,96.26,87.64,133.09,88.32,0.0,88.32,0.0,0.0,0.0,0.0,0.0,0.0,0.0,0.0,0.0,0.0,0.0,0.0,0.0,0.0,0.0
3526803,0.0,0.0,0.0,0.0,0.0,0.0,0.0,0.0,0.0,66505.0,0.0,66505.0,0.0,0.0,0.0,0.0,0.0,0.0,0.0,0.0,0.0,0.0,0.0,0.0,0.0,0.0,0.0,0.0,0.0,0.0,0.0,0.0,0.0,0.0,0.0,0.0,0.0,0.0,0.0,0.0,0.0,0.0,97.51,2.49,49.28,50.72,5.87,6.29,6.33,6.52,7.26,7.5,7.75,8.26,8.16,6.96,6.53,6.09,5.4,4.08,3.02,1.95,1.14,0.6,0.23,0.05,0.01,100.0,0.0,100.0,0.0,0.0,0.0,0.0,0.0,0.0,0.0,0.0,0.0,0.0,0.0,0.0,0.0,0.0,0.0,0.0,0.0,0.0,0.0,0.0,0.0,0.0,0.0,0.0,0.0,0.0,0.0,0.0,0.0,0.0,0.0,0.0,0.0,0.0,0.0,0.0,0.0,0.0,0.0,0.0,0.0,0.0,0.0,0.0,0.0,0.0,0.0,0.0,0.0,0.0,0.0,0.0,0.0,0.0,0.0,0.0,0.0,0.0,0.0,0.0,0.0,0.0,0.0,0.0,0.0,0.0,0.0,0.0,0.0,0.0,0.0,0.0,0.0,0.0,0.0,0.0,0.0,0.0,0.0,0.0,0.0,0.0,0.0,0.0,64851.0,1654.0,32776.0,33729.0,3904.0,4180.0,4211.0,4336.0,4828.0,4989.0,5155.0,5495.0,5424.0,4630.0,4343.0,4049.0,3592.0,2713.0,2006.0,1299.0,759.0,401.0,150.0,34.0,7.0,66505.0,0.0,66505.0,96.6,94.95,97.04,96.1,99.23,99.18,99.34,98.82,97.41,94.83,80.34,87.04,98.98,96.56,0.0,96.56,0.0,0.0,0.0,0.0,0.0,0.0,0.0,0.0,0.0,0.0,0.0,0.0,0.0,0.0,0.0,0.0,36.0,45.0,36.0,0.0,36.0,96.72,116.78,97.17,0.0,97.17,87.29,179.44,89.15,0.0,89.15,0.0,0.0,0.0,0.0,0.0,0.0,0.0,0.0,0.0,0.0,0.0,0.0,0.0,0.0,0.0
3526902,0.0,0.0,0.0,0.0,0.0,0.0,0.0,0.0,0.0,291869.0,0.0,291869.0,0.0,0.0,0.0,0.0,0.0,0.0,0.0,0.0,0.0,0.0,0.0,0.0,0.0,0.0,0.0,0.0,0.0,0.0,0.0,0.0,0.0,0.0,0.0,0.0,0.0,0.0,0.0,0.0,0.0,0.0,96.98,3.02,48.67,51.33,5.31,5.77,5.78,6.28,7.17,7.22,7.78,8.23,8.28,7.09,6.76,6.33,5.76,4.65,3.23,2.05,1.28,0.69,0.29,0.06,0.01,100.0,0.0,100.0,0.0,0.0,0.0,0.0,0.0,0.0,0.0,0.0,0.0,0.0,0.0,0.0,0.0,0.0,0.0,0.0,0.0,0.0,0.0,0.0,0.0,0.0,0.0,0.0,0.0,0.0,0.0,0.0,0.0,0.0,0.0,0.0,0.0,0.0,0.0,0.0,0.0,0.0,0.0,0.0,0.0,0.0,0.0,0.0,0.0,0.0,0.0,0.0,0.0,0.0,0.0,0.0,0.0,0.0,0.0,0.0,0.0,0.0,0.0,0.0,0.0,0.0,0.0,0.0,0.0,0.0,0.0,0.0,0.0,0.0,0.0,0.0,0.0,0.0,0.0,0.0,0.0,0.0,0.0,0.0,0.0,0.0,0.0,0.0,283051.0,8818.0,142061.0,149808.0,15503.0,16835.0,16865.0,18323.0,20916.0,21087.0,22697.0,24019.0,24164.0,20686.0,19734.0,18466.0,16803.0,13578.0,9417.0,5983.0,3744.0,2019.0,846.0,163.0,21.0,291869.0,0.0,291869.0,97.23,96.42,97.53,96.9,99.13,99.15,99.12,98.92,98.07,96.3,85.65,90.32,99.04,97.2,0.0,97.2,0.0,0.0,0.0,0.0,0.0,0.0,0.0,0.0,0.0,0.0,0.0,0.0,0.0,0.0,0.0,0.0,37.0,40.0,37.0,0.0,37.0,93.83,133.65,94.83,0.0,94.83,105.62,154.21,106.85,0.0,106.85,0.0,0.0,0.0,0.0,0.0,0.0,0.0,0.0,0.0,0.0,0.0,0.0,0.0,0.0,0.0
3527009,0.0,0.0,0.0,0.0,0.0,0.0,0.0,0.0,0.0,7014.0,0.0,7014.0,0.0,0.0,0.0,0.0,0.0,0.0,0.0,0.0,0.0,0.0,0.0,0.0,0.0,0.0,0.0,0.0,0.0,0.0,0.0,0.0,0.0,0.0,0.0,0.0,0.0,0.0,0.0,0.0,0.0,0.0,85.97,14.03,49.27,50.73,5.63,5.95,6.02,5.96,6.46,6.19,6.96,7.81,7.97,6.6,7.44,6.69,6.32,4.82,3.86,2.42,1.75,0.76,0.37,0.03,0.0,100.0,0.0,100.0,0.0,0.0,0.0,0.0,0.0,0.0,0.0,0.0,0.0,0.0,0.0,0.0,0.0,0.0,0.0,0.0,0.0,0.0,0.0,0.0,0.0,0.0,0.0,0.0,0.0,0.0,0.0,0.0,0.0,0.0,0.0,0.0,0.0,0.0,0.0,0.0,0.0,0.0,0.0,0.0,0.0,0.0,0.0,0.0,0.0,0.0,0.0,0.0,0.0,0.0,0.0,0.0,0.0,0.0,0.0,0.0,0.0,0.0,0.0,0.0,0.0,0.0,0.0,0.0,0.0,0.0,0.0,0.0,0.0,0.0,0.0,0.0,0.0,0.0,0.0,0.0,0.0,0.0,0.0,0.0,0.0,0.0,0.0,0.0,6030.0,984.0,3456.0,3558.0,395.0,417.0,422.0,418.0,453.0,434.0,488.0,548.0,559.0,463.0,522.0,469.0,443.0,338.0,271.0,170.0,123.0,53.0,26.0,2.0,0.0,7014.0,0.0,7014.0,96.67,95.58,96.93,96.14,99.56,99.13,99.6,98.74,97.77,94.52,84.49,89.73,98.18,96.52,0.0,96.52,0.0,0.0,0.0,0.0,0.0,0.0,0.0,0.0,0.0,0.0,0.0,0.0,0.0,0.0,0.0,0.0,39.0,38.0,39.0,0.0,39.0,94.58,114.38,97.13,0.0,97.13,119.58,93.75,115.56,0.0,115.56,0.0,0.0,0.0,0.0,0.0,0.0,0.0,0.0,0.0,0.0,0.0,0.0,0.0,0.0,0.0
3527108,0.0,0.0,0.0,0.0,0.0,0.0,0.0,0.0,0.0,74779.0,0.0,74779.0,0.0,0.0,0.0,0.0,0.0,0.0,0.0,0.0,0.0,0.0,0.0,0.0,0.0,0.0,0.0,0.0,0.0,0.0,0.0,0.0,0.0,0.0,0.0,0.0,0.0,0.0,0.0,0.0,0.0,0.0,98.83,1.17,47.98,52.02,5.5,5.96,5.89,5.86,7.02,7.06,7.21,7.88,7.97,6.84,6.61,6.51,5.8,4.83,3.65,2.34,1.62,0.97,0.39,0.1,0.01,100.0,0.0,100.0,0.0,0.0,0.0,0.0,0.0,0.0,0.0,0.0,0.0,0.0,0.0,0.0,0.0,0.0,0.0,0.0,0.0,0.0,0.0,0.0,0.0,0.0,0.0,0.0,0.0,0.0,0.0,0.0,0.0,0.0,0.0,0.0,0.0,0.0,0.0,0.0,0.0,0.0,0.0,0.0,0.0,0.0,0.0,0.0,0.0,0.0,0.0,0.0,0.0,0.0,0.0,0.0,0.0,0.0,0.0,0.0,0.0,0.0,0.0,0.0,0.0,0.0,0.0,0.0,0.0,0.0,0.0,0.0,0.0,0.0,0.0,0.0,0.0,0.0,0.0,0.0,0.0,0.0,0.0,0.0,0.0,0.0,0.0,0.0,73902.0,877.0,35882.0,38897.0,4110.0,4454.0,4401.0,4385.0,5251.0,5276.0,5389.0,5890.0,5958.0,5115.0,4941.0,4865.0,4337.0,3615.0,2732.0,1750.0,1210.0,724.0,292.0,75.0,9.0,74779.0,0.0,74779.0,97.04,94.34,97.3,96.76,99.1,98.89,99.02,98.71,97.81,96.9,85.05,90.5,99.48,97.01,0.0,97.01,0.0,0.0,0.0,0.0,0.0,0.0,0.0,0.0,0.0,0.0,0.0,0.0,0.0,0.0,0.0,0.0,38.0,46.0,38.0,0.0,38.0,92.02,113.9,92.25,0.0,92.25,113.32,147.06,113.72,0.0,113.72,0.0,0.0,0.0,0.0,0.0,0.0,0.0,0.0,0.0,0.0,0.0,0.0,0.0,0.0,0.0
3527207,0.0,0.0,0.0,0.0,0.0,0.0,0.0,0.0,0.0,84855.0,0.0,84855.0,0.0,0.0,0.0,0.0,0.0,0.0,0.0,0.0,0.0,0.0,0.0,0.0,0.0,0.0,0.0,0.0,0.0,0.0,0.0,0.0,0.0,0.0,0.0,0.0,0.0,0.0,0.0,0.0,0.0,0.0,97.26,2.74,47.87,52.13,5.78,6.19,6.18,6.64,7.0,7.25,7.44,7.69,7.98,6.57,6.29,6.3,5.6,4.62,3.51,2.4,1.37,0.75,0.36,0.08,0.0,100.0,0.0,100.0,0.0,0.0,0.0,0.0,0.0,0.0,0.0,0.0,0.0,0.0,0.0,0.0,0.0,0.0,0.0,0.0,0.0,0.0,0.0,0.0,0.0,0.0,0.0,0.0,0.0,0.0,0.0,0.0,0.0,0.0,0.0,0.0,0.0,0.0,0.0,0.0,0.0,0.0,0.0,0.0,0.0,0.0,0.0,0.0,0.0,0.0,0.0,0.0,0.0,0.0,0.0,0.0,0.0,0.0,0.0,0.0,0.0,0.0,0.0,0.0,0.0,0.0,0.0,0.0,0.0,0.0,0.0,0.0,0.0,0.0,0.0,0.0,0.0,0.0,0.0,0.0,0.0,0.0,0.0,0.0,0.0,0.0,0.0,0.0,82530.0,2325.0,40618.0,44237.0,4906.0,5254.0,5242.0,5633.0,5944.0,6151.0,6309.0,6525.0,6769.0,5571.0,5335.0,5347.0,4755.0,3924.0,2982.0,2033.0,1163.0,637.0,303.0,68.0,4.0,84855.0,0.0,84855.0,97.4,91.33,97.39,97.1,98.82,98.9,98.89,98.49,97.52,96.96,88.05,92.22,98.69,97.24,0.0,97.24,0.0,0.0,0.0,0.0,0.0,0.0,0.0,0.0,0.0,0.0,0.0,0.0,0.0,0.0,0.0,0.0,37.0,37.0,37.0,0.0,37.0,91.15,119.13,91.82,0.0,91.82,103.15,99.1,103.03,0.0,103.03,0.0,0.0,0.0,0.0,0.0,0.0,0.0,0.0,0.0,0.0,0.0,0.0,0.0,0.0,0.0
3527256,0.0,0.0,0.0,0.0,0.0,0.0,0.0,0.0,0.0,1950.0,0.0,1950.0,0.0,0.0,0.0,0.0,0.0,0.0,0.0,0.0,0.0,0.0,0.0,0.0,0.0,0.0,0.0,0.0,0.0,0.0,0.0,0.0,0.0,0.0,0.0,0.0,0.0,0.0,0.0,0.0,0.0,0.0,86.26,13.74,49.9,50.1,5.13,5.95,5.33,6.05,6.21,5.23,5.13,7.08,7.49,7.03,7.54,6.56,5.9,6.51,5.28,4.05,2.26,0.77,0.36,0.15,0.0,100.0,0.0,100.0,0.0,0.0,0.0,0.0,0.0,0.0,0.0,0.0,0.0,0.0,0.0,0.0,0.0,0.0,0.0,0.0,0.0,0.0,0.0,0.0,0.0,0.0,0.0,0.0,0.0,0.0,0.0,0.0,0.0,0.0,0.0,0.0,0.0,0.0,0.0,0.0,0.0,0.0,0.0,0.0,0.0,0.0,0.0,0.0,0.0,0.0,0.0,0.0,0.0,0.0,0.0,0.0,0.0,0.0,0.0,0.0,0.0,0.0,0.0,0.0,0.0,0.0,0.0,0.0,0.0,0.0,0.0,0.0,0.0,0.0,0.0,0.0,0.0,0.0,0.0,0.0,0.0,0.0,0.0,0.0,0.0,0.0,0.0,0.0,1682.0,268.0,973.0,977.0,100.0,116.0,104.0,118.0,121.0,102.0,100.0,138.0,146.0,137.0,147.0,128.0,115.0,127.0,103.0,79.0,44.0,15.0,7.0,3.0,0.0,1950.0,0.0,1950.0,89.71,90.48,89.53,90.1,96.69,98.02,98.53,97.54,89.79,91.36,58.78,74.07,96.0,89.82,0.0,89.82,0.0,0.0,0.0,0.0,0.0,0.0,0.0,0.0,0.0,0.0,0.0,0.0,0.0,0.0,0.0,0.0,41.0,44.0,42.0,0.0,42.0,96.96,117.89,99.59,0.0,99.59,149.47,189.19,154.06,0.0,154.06,0.0,0.0,0.0,0.0,0.0,0.0,0.0,0.0,0.0,0.0,0.0,0.0,0.0,0.0,0.0
3527306,0.0,0.0,0.0,0.0,0.0,0.0,0.0,0.0,0.0,51847.0,0.0,51847.0,0.0,0.0,0.0,0.0,0.0,0.0,0.0,0.0,0.0,0.0,0.0,0.0,0.0,0.0,0.0,0.0,0.0,0.0,0.0,0.0,0.0,0.0,0.0,0.0,0.0,0.0,0.0,0.0,0.0,0.0,95.81,4.19,49.73,50.27,6.74,7.37,6.65,6.54,8.26,8.88,8.7,9.33,8.8,6.46,5.52,4.6,3.97,3.16,2.14,1.3,0.88,0.45,0.19,0.06,0.0,100.0,0.0,100.0,0.0,0.0,0.0,0.0,0.0,0.0,0.0,0.0,0.0,0.0,0.0,0.0,0.0,0.0,0.0,0.0,0.0,0.0,0.0,0.0,0.0,0.0,0.0,0.0,0.0,0.0,0.0,0.0,0.0,0.0,0.0,0.0,0.0,0.0,0.0,0.0,0.0,0.0,0.0,0.0,0.0,0.0,0.0,0.0,0.0,0.0,0.0,0.0,0.0,0.0,0.0,0.0,0.0,0.0,0.0,0.0,0.0,0.0,0.0,0.0,0.0,0.0,0.0,0.0,0.0,0.0,0.0,0.0,0.0,0.0,0.0,0.0,0.0,0.0,0.0,0.0,0.0,0.0,0.0,0.0,0.0,0.0,0.0,0.0,49676.0,2171.0,25782.0,26065.0,3493.0,3822.0,3447.0,3391.0,4283.0,4606.0,4509.0,4839.0,4560.0,3347.0,2864.0,2385.0,2060.0,1637.0,1110.0,676.0,455.0,231.0,99.0,31.0,2.0,51847.0,0.0,51847.0,96.62,94.47,96.89,96.19,99.16,99.26,99.44,98.05,95.75,93.88,80.46,86.18,99.65,96.53,0.0,96.53,0.0,0.0,0.0,0.0,0.0,0.0,0.0,0.0,0.0,0.0,0.0,0.0,0.0,0.0,0.0,0.0,32.0,35.0,33.0,0.0,33.0,98.7,103.85,98.91,0.0,98.91,57.84,74.67,58.55,0.0,58.55,0.0,0.0,0.0,0.0,0.0,0.0,0.0,0.0,0.0,0.0,0.0,0.0,0.0,0.0,0.0
3527405,0.0,0.0,0.0,0.0,0.0,0.0,0.0,0.0,0.0,20061.0,0.0,20061.0,0.0,0.0,0.0,0.0,0.0,0.0,0.0,0.0,0.0,0.0,0.0,0.0,0.0,0.0,0.0,0.0,0.0,0.0,0.0,0.0,0.0,0.0,0.0,0.0,0.0,0.0,0.0,0.0,0.0,0.0,83.02,16.98,55.63,44.37,4.81,4.88,5.35,5.5,6.18,6.9,7.32,7.97,8.29,7.67,7.51,7.21,6.23,4.84,3.67,2.69,1.67,0.75,0.42,0.11,0.03,100.0,0.0,100.0,0.0,0.0,0.0,0.0,0.0,0.0,0.0,0.0,0.0,0.0,0.0,0.0,0.0,0.0,0.0,0.0,0.0,0.0,0.0,0.0,0.0,0.0,0.0,0.0,0.0,0.0,0.0,0.0,0.0,0.0,0.0,0.0,0.0,0.0,0.0,0.0,0.0,0.0,0.0,0.0,0.0,0.0,0.0,0.0,0.0,0.0,0.0,0.0,0.0,0.0,0.0,0.0,0.0,0.0,0.0,0.0,0.0,0.0,0.0,0.0,0.0,0.0,0.0,0.0,0.0,0.0,0.0,0.0,0.0,0.0,0.0,0.0,0.0,0.0,0.0,0.0,0.0,0.0,0.0,0.0,0.0,0.0,0.0,0.0,16654.0,3407.0,11160.0,8901.0,965.0,978.0,1073.0,1103.0,1240.0,1385.0,1468.0,1599.0,1663.0,1539.0,1507.0,1447.0,1250.0,970.0,736.0,539.0,335.0,151.0,84.0,23.0,6.0,20061.0,0.0,20061.0,95.56,92.73,95.31,94.62,99.52,98.67,99.39,97.46,96.62,93.92,75.04,84.21,99.11,95.01,0.0,95.01,0.0,0.0,0.0,0.0,0.0,0.0,0.0,0.0,0.0,0.0,0.0,0.0,0.0,0.0,0.0,0.0,39.0,44.0,40.0,0.0,40.0,95.79,762.53,125.38,0.0,125.38,120.25,552.78,135.74,0.0,135.74,0.0,0.0,0.0,0.0,0.0,0.0,0.0,0.0,0.0,0.0,0.0,0.0,0.0,0.0,0.0
3527504,0.0,0.0,0.0,0.0,0.0,0.0,0.0,0.0,0.0,2372.0,0.0,2372.0,0.0,0.0,0.0,0.0,0.0,0.0,0.0,0.0,0.0,0.0,0.0,0.0,0.0,0.0,0.0,0.0,0.0,0.0,0.0,0.0,0.0,0.0,0.0,0.0,0.0,0.0,0.0,0.0,0.0,0.0,81.07,18.93,50.34,49.66,5.23,5.56,6.24,6.45,7.38,6.96,6.11,8.47,8.47,6.53,5.56,4.64,5.56,5.99,5.31,2.57,1.73,0.67,0.46,0.08,0.0,100.0,0.0,100.0,0.0,0.0,0.0,0.0,0.0,0.0,0.0,0.0,0.0,0.0,0.0,0.0,0.0,0.0,0.0,0.0,0.0,0.0,0.0,0.0,0.0,0.0,0.0,0.0,0.0,0.0,0.0,0.0,0.0,0.0,0.0,0.0,0.0,0.0,0.0,0.0,0.0,0.0,0.0,0.0,0.0,0.0,0.0,0.0,0.0,0.0,0.0,0.0,0.0,0.0,0.0,0.0,0.0,0.0,0.0,0.0,0.0,0.0,0.0,0.0,0.0,0.0,0.0,0.0,0.0,0.0,0.0,0.0,0.0,0.0,0.0,0.0,0.0,0.0,0.0,0.0,0.0,0.0,0.0,0.0,0.0,0.0,0.0,0.0,1923.0,449.0,1194.0,1178.0,124.0,132.0,148.0,153.0,175.0,165.0,145.0,201.0,201.0,155.0,132.0,110.0,132.0,142.0,126.0,61.0,41.0,16.0,11.0,2.0,0.0,2372.0,0.0,2372.0,93.16,93.59,92.42,94.08,97.71,97.1,100.0,96.02,92.68,92.98,74.81,83.71,98.28,93.24,0.0,93.24,0.0,0.0,0.0,0.0,0.0,0.0,0.0,0.0,0.0,0.0,0.0,0.0,0.0,0.0,0.0,0.0,39.0,36.0,38.0,0.0,38.0,97.23,121.18,101.36,0.0,101.36,141.08,97.78,131.44,0.0,131.44,0.0,0.0,0.0,0.0,0.0,0.0,0.0,0.0,0.0,0.0,0.0,0.0,0.0,0.0,0.0
3527603,0.0,0.0,0.0,0.0,0.0,0.0,0.0,0.0,0.0,12265.0,0.0,12265.0,0.0,0.0,0.0,0.0,0.0,0.0,0.0,0.0,0.0,0.0,0.0,0.0,0.0,0.0,0.0,0.0,0.0,0.0,0.0,0.0,0.0,0.0,0.0,0.0,0.0,0.0,0.0,0.0,0.0,0.0,98.0,2.0,50.0,50.0,6.51,6.68,7.44,7.63,7.23,8.06,7.81,8.45,7.92,6.66,5.98,5.37,5.12,3.49,2.46,1.42,1.02,0.52,0.15,0.05,0.02,100.0,0.0,100.0,0.0,0.0,0.0,0.0,0.0,0.0,0.0,0.0,0.0,0.0,0.0,0.0,0.0,0.0,0.0,0.0,0.0,0.0,0.0,0.0,0.0,0.0,0.0,0.0,0.0,0.0,0.0,0.0,0.0,0.0,0.0,0.0,0.0,0.0,0.0,0.0,0.0,0.0,0.0,0.0,0.0,0.0,0.0,0.0,0.0,0.0,0.0,0.0,0.0,0.0,0.0,0.0,0.0,0.0,0.0,0.0,0.0,0.0,0.0,0.0,0.0,0.0,0.0,0.0,0.0,0.0,0.0,0.0,0.0,0.0,0.0,0.0,0.0,0.0,0.0,0.0,0.0,0.0,0.0,0.0,0.0,0.0,0.0,0.0,12020.0,245.0,6133.0,6132.0,798.0,819.0,912.0,936.0,887.0,988.0,958.0,1037.0,972.0,817.0,733.0,659.0,628.0,428.0,302.0,174.0,125.0,64.0,19.0,6.0,3.0,12265.0,0.0,12265.0,95.69,93.78,95.7,95.61,98.76,98.92,98.59,98.36,94.97,91.92,80.05,85.1,99.73,95.66,0.0,95.66,0.0,0.0,0.0,0.0,0.0,0.0,0.0,0.0,0.0,0.0,0.0,0.0,0.0,0.0,0.0,0.0,34.0,37.0,34.0,0.0,34.0,99.44,133.33,100.02,0.0,100.02,68.91,80.77,69.16,0.0,69.16,0.0,0.0,0.0,0.0,0.0,0.0,0.0,0.0,0.0,0.0,0.0,0.0,0.0,0.0,0.0
3527702,0.0,0.0,0.0,0.0,0.0,0.0,0.0,0.0,0.0,4701.0,0.0,4701.0,0.0,0.0,0.0,0.0,0.0,0.0,0.0,0.0,0.0,0.0,0.0,0.0,0.0,0.0,0.0,0.0,0.0,0.0,0.0,0.0,0.0,0.0,0.0,0.0,0.0,0.0,0.0,0.0,0.0,0.0,91.13,8.87,49.88,50.12,6.36,7.28,6.32,6.81,6.23,7.0,7.28,8.23,6.79,5.79,6.23,6.72,6.28,4.19,3.25,2.23,1.66,0.89,0.32,0.11,0.04,100.0,0.0,100.0,0.0,0.0,0.0,0.0,0.0,0.0,0.0,0.0,0.0,0.0,0.0,0.0,0.0,0.0,0.0,0.0,0.0,0.0,0.0,0.0,0.0,0.0,0.0,0.0,0.0,0.0,0.0,0.0,0.0,0.0,0.0,0.0,0.0,0.0,0.0,0.0,0.0,0.0,0.0,0.0,0.0,0.0,0.0,0.0,0.0,0.0,0.0,0.0,0.0,0.0,0.0,0.0,0.0,0.0,0.0,0.0,0.0,0.0,0.0,0.0,0.0,0.0,0.0,0.0,0.0,0.0,0.0,0.0,0.0,0.0,0.0,0.0,0.0,0.0,0.0,0.0,0.0,0.0,0.0,0.0,0.0,0.0,0.0,0.0,4284.0,417.0,2345.0,2356.0,299.0,342.0,297.0,320.0,293.0,329.0,342.0,387.0,319.0,272.0,293.0,316.0,295.0,197.0,153.0,105.0,78.0,42.0,15.0,5.0,2.0,4701.0,0.0,4701.0,92.17,95.88,93.16,91.88,98.63,97.76,98.48,95.33,93.45,93.29,64.37,75.38,98.37,92.51,0.0,92.51,0.0,0.0,0.0,0.0,0.0,0.0,0.0,0.0,0.0,0.0,0.0,0.0,0.0,0.0,0.0,0.0,36.0,42.0,36.0,0.0,36.0,98.15,114.95,99.53,0.0,99.53,91.99,129.87,95.1,0.0,95.1,0.0,0.0,0.0,0.0,0.0,0.0,0.0,0.0,0.0,0.0,0.0,0.0,0.0,0.0,0.0
3527801,0.0,0.0,0.0,0.0,0.0,0.0,0.0,0.0,0.0,3981.0,0.0,3981.0,0.0,0.0,0.0,0.0,0.0,0.0,0.0,0.0,0.0,0.0,0.0,0.0,0.0,0.0,0.0,0.0,0.0,0.0,0.0,0.0,0.0,0.0,0.0,0.0,0.0,0.0,0.0,0.0,0.0,0.0,90.48,9.52,48.73,51.27,5.85,6.96,6.91,6.83,5.88,5.93,7.01,6.86,8.26,6.2,6.28,6.76,5.93,5.33,3.49,2.61,1.73,0.78,0.33,0.05,0.03,100.0,0.0,100.0,0.0,0.0,0.0,0.0,0.0,0.0,0.0,0.0,0.0,0.0,0.0,0.0,0.0,0.0,0.0,0.0,0.0,0.0,0.0,0.0,0.0,0.0,0.0,0.0,0.0,0.0,0.0,0.0,0.0,0.0,0.0,0.0,0.0,0.0,0.0,0.0,0.0,0.0,0.0,0.0,0.0,0.0,0.0,0.0,0.0,0.0,0.0,0.0,0.0,0.0,0.0,0.0,0.0,0.0,0.0,0.0,0.0,0.0,0.0,0.0,0.0,0.0,0.0,0.0,0.0,0.0,0.0,0.0,0.0,0.0,0.0,0.0,0.0,0.0,0.0,0.0,0.0,0.0,0.0,0.0,0.0,0.0,0.0,0.0,3602.0,379.0,1940.0,2041.0,233.0,277.0,275.0,272.0,234.0,236.0,279.0,273.0,329.0,247.0,250.0,269.0,236.0,212.0,139.0,104.0,69.0,31.0,13.0,2.0,1.0,3981.0,0.0,3981.0,91.05,97.45,92.52,90.9,98.72,98.06,98.43,97.18,93.56,87.92,65.91,76.01,96.3,91.68,0.0,91.68,0.0,0.0,0.0,0.0,0.0,0.0,0.0,0.0,0.0,0.0,0.0,0.0,0.0,0.0,0.0,0.0,38.0,41.0,38.0,0.0,38.0,93.24,114.12,95.05,0.0,95.05,100.83,124.62,102.8,0.0,102.8,0.0,0.0,0.0,0.0,0.0,0.0,0.0,0.0,0.0,0.0,0.0,0.0,0.0,0.0,0.0
3527900,0.0,0.0,0.0,0.0,0.0,0.0,0.0,0.0,0.0,2661.0,0.0,2661.0,0.0,0.0,0.0,0.0,0.0,0.0,0.0,0.0,0.0,0.0,0.0,0.0,0.0,0.0,0.0,0.0,0.0,0.0,0.0,0.0,0.0,0.0,0.0,0.0,0.0,0.0,0.0,0.0,0.0,0.0,79.33,20.67,49.46,50.54,5.56,6.76,6.76,5.94,6.05,5.98,7.37,7.44,6.99,6.65,6.2,7.29,6.73,5.04,3.27,2.74,1.8,0.94,0.3,0.11,0.08,100.0,0.0,100.0,0.0,0.0,0.0,0.0,0.0,0.0,0.0,0.0,0.0,0.0,0.0,0.0,0.0,0.0,0.0,0.0,0.0,0.0,0.0,0.0,0.0,0.0,0.0,0.0,0.0,0.0,0.0,0.0,0.0,0.0,0.0,0.0,0.0,0.0,0.0,0.0,0.0,0.0,0.0,0.0,0.0,0.0,0.0,0.0,0.0,0.0,0.0,0.0,0.0,0.0,0.0,0.0,0.0,0.0,0.0,0.0,0.0,0.0,0.0,0.0,0.0,0.0,0.0,0.0,0.0,0.0,0.0,0.0,0.0,0.0,0.0,0.0,0.0,0.0,0.0,0.0,0.0,0.0,0.0,0.0,0.0,0.0,0.0,0.0,2111.0,550.0,1316.0,1345.0,148.0,180.0,180.0,158.0,161.0,159.0,196.0,198.0,186.0,177.0,165.0,194.0,179.0,134.0,87.0,73.0,48.0,25.0,8.0,3.0,2.0,2661.0,0.0,2661.0,93.13,96.21,93.29,94.25,99.38,99.44,98.9,97.92,93.86,93.03,71.07,80.26,100.0,93.78,0.0,93.78,0.0,0.0,0.0,0.0,0.0,0.0,0.0,0.0,0.0,0.0,0.0,0.0,0.0,0.0,0.0,0.0,38.0,39.0,38.0,0.0,38.0,93.14,118.25,97.84,0.0,97.84,111.79,102.97,110.04,0.0,110.04,0.0,0.0,0.0,0.0,0.0,0.0,0.0,0.0,0.0,0.0,0.0,0.0,0.0,0.0,0.0
3528007,0.0,0.0,0.0,0.0,0.0,0.0,0.0,0.0,0.0,16829.0,0.0,16829.0,0.0,0.0,0.0,0.0,0.0,0.0,0.0,0.0,0.0,0.0,0.0,0.0,0.0,0.0,0.0,0.0,0.0,0.0,0.0,0.0,0.0,0.0,0.0,0.0,0.0,0.0,0.0,0.0,0.0,0.0,97.07,2.93,49.41,50.59,6.07,6.28,6.74,6.67,6.96,7.33,7.68,8.13,7.81,6.33,6.56,6.6,5.5,3.93,2.91,1.87,1.39,0.81,0.34,0.07,0.0,100.0,0.0,100.0,0.0,0.0,0.0,0.0,0.0,0.0,0.0,0.0,0.0,0.0,0.0,0.0,0.0,0.0,0.0,0.0,0.0,0.0,0.0,0.0,0.0,0.0,0.0,0.0,0.0,0.0,0.0,0.0,0.0,0.0,0.0,0.0,0.0,0.0,0.0,0.0,0.0,0.0,0.0,0.0,0.0,0.0,0.0,0.0,0.0,0.0,0.0,0.0,0.0,0.0,0.0,0.0,0.0,0.0,0.0,0.0,0.0,0.0,0.0,0.0,0.0,0.0,0.0,0.0,0.0,0.0,0.0,0.0,0.0,0.0,0.0,0.0,0.0,0.0,0.0,0.0,0.0,0.0,0.0,0.0,0.0,0.0,0.0,0.0,16336.0,493.0,8316.0,8513.0,1021.0,1057.0,1134.0,1123.0,1172.0,1233.0,1292.0,1369.0,1315.0,1066.0,1104.0,1111.0,926.0,662.0,489.0,315.0,234.0,137.0,57.0,12.0,0.0,16829.0,0.0,16829.0,94.92,95.64,96.0,93.92,98.98,98.89,99.55,98.25,95.39,92.69,73.64,81.69,99.78,94.94,0.0,94.94,0.0,0.0,0.0,0.0,0.0,0.0,0.0,0.0,0.0,0.0,0.0,0.0,0.0,0.0,0.0,0.0,36.0,45.0,36.0,0.0,36.0,97.65,98.79,97.69,0.0,97.69,86.08,170.0,88.17,0.0,88.17,0.0,0.0,0.0,0.0,0.0,0.0,0.0,0.0,0.0,0.0,0.0,0.0,0.0,0.0,0.0
3528106,0.0,0.0,0.0,0.0,0.0,0.0,0.0,0.0,0.0,7481.0,0.0,7481.0,0.0,0.0,0.0,0.0,0.0,0.0,0.0,0.0,0.0,0.0,0.0,0.0,0.0,0.0,0.0,0.0,0.0,0.0,0.0,0.0,0.0,0.0,0.0,0.0,0.0,0.0,0.0,0.0,0.0,0.0,89.48,10.52,49.89,50.11,5.05,5.16,5.25,5.85,5.63,5.98,6.36,7.14,7.41,6.5,7.25,7.04,6.96,5.91,4.46,3.34,2.83,1.31,0.48,0.07,0.01,100.0,0.0,100.0,0.0,0.0,0.0,0.0,0.0,0.0,0.0,0.0,0.0,0.0,0.0,0.0,0.0,0.0,0.0,0.0,0.0,0.0,0.0,0.0,0.0,0.0,0.0,0.0,0.0,0.0,0.0,0.0,0.0,0.0,0.0,0.0,0.0,0.0,0.0,0.0,0.0,0.0,0.0,0.0,0.0,0.0,0.0,0.0,0.0,0.0,0.0,0.0,0.0,0.0,0.0,0.0,0.0,0.0,0.0,0.0,0.0,0.0,0.0,0.0,0.0,0.0,0.0,0.0,0.0,0.0,0.0,0.0,0.0,0.0,0.0,0.0,0.0,0.0,0.0,0.0,0.0,0.0,0.0,0.0,0.0,0.0,0.0,0.0,6694.0,787.0,3732.0,3749.0,378.0,386.0,393.0,438.0,421.0,447.0,476.0,534.0,554.0,486.0,542.0,527.0,521.0,442.0,334.0,250.0,212.0,98.0,36.0,5.0,1.0,7481.0,0.0,7481.0,94.59,94.93,94.84,94.41,98.34,99.02,99.64,97.79,96.01,94.94,78.57,85.27,98.77,94.62,0.0,94.62,0.0,0.0,0.0,0.0,0.0,0.0,0.0,0.0,0.0,0.0,0.0,0.0,0.0,0.0,0.0,0.0,42.0,45.0,42.0,0.0,42.0,97.58,118.01,99.55,0.0,99.55,162.73,176.72,164.13,0.0,164.13,0.0,0.0,0.0,0.0,0.0,0.0,0.0,0.0,0.0,0.0,0.0,0.0,0.0,0.0,0.0
3528205,0.0,0.0,0.0,0.0,0.0,0.0,0.0,0.0,0.0,3963.0,0.0,3963.0,0.0,0.0,0.0,0.0,0.0,0.0,0.0,0.0,0.0,0.0,0.0,0.0,0.0,0.0,0.0,0.0,0.0,0.0,0.0,0.0,0.0,0.0,0.0,0.0,0.0,0.0,0.0,0.0,0.0,0.0,73.78,26.22,49.21,50.79,5.07,5.07,5.22,6.76,5.75,5.37,5.8,6.76,8.05,7.34,7.34,7.52,6.96,5.5,4.74,3.05,1.79,1.26,0.53,0.05,0.03,100.0,0.0,100.0,0.0,0.0,0.0,0.0,0.0,0.0,0.0,0.0,0.0,0.0,0.0,0.0,0.0,0.0,0.0,0.0,0.0,0.0,0.0,0.0,0.0,0.0,0.0,0.0,0.0,0.0,0.0,0.0,0.0,0.0,0.0,0.0,0.0,0.0,0.0,0.0,0.0,0.0,0.0,0.0,0.0,0.0,0.0,0.0,0.0,0.0,0.0,0.0,0.0,0.0,0.0,0.0,0.0,0.0,0.0,0.0,0.0,0.0,0.0,0.0,0.0,0.0,0.0,0.0,0.0,0.0,0.0,0.0,0.0,0.0,0.0,0.0,0.0,0.0,0.0,0.0,0.0,0.0,0.0,0.0,0.0,0.0,0.0,0.0,2924.0,1039.0,1950.0,2013.0,201.0,201.0,207.0,268.0,228.0,213.0,230.0,268.0,319.0,291.0,291.0,298.0,276.0,218.0,188.0,121.0,71.0,50.0,21.0,2.0,1.0,3963.0,0.0,3963.0,92.81,95.79,93.33,93.84,98.68,99.32,99.35,97.79,95.88,93.03,71.8,80.65,99.12,93.59,0.0,93.59,0.0,0.0,0.0,0.0,0.0,0.0,0.0,0.0,0.0,0.0,0.0,0.0,0.0,0.0,0.0,0.0,42.0,43.0,42.0,0.0,42.0,93.51,106.97,96.87,0.0,96.87,157.91,149.38,155.67,0.0,155.67,0.0,0.0,0.0,0.0,0.0,0.0,0.0,0.0,0.0,0.0,0.0,0.0,0.0,0.0,0.0
3528304,0.0,0.0,0.0,0.0,0.0,0.0,0.0,0.0,0.0,3165.0,0.0,3165.0,0.0,0.0,0.0,0.0,0.0,0.0,0.0,0.0,0.0,0.0,0.0,0.0,0.0,0.0,0.0,0.0,0.0,0.0,0.0,0.0,0.0,0.0,0.0,0.0,0.0,0.0,0.0,0.0,0.0,0.0,83.67,16.33,48.82,51.18,3.92,5.69,6.0,4.9,5.91,5.37,7.08,5.88,7.61,7.58,7.39,6.82,7.2,6.07,4.64,3.67,2.46,1.26,0.51,0.03,0.0,100.0,0.0,100.0,0.0,0.0,0.0,0.0,0.0,0.0,0.0,0.0,0.0,0.0,0.0,0.0,0.0,0.0,0.0,0.0,0.0,0.0,0.0,0.0,0.0,0.0,0.0,0.0,0.0,0.0,0.0,0.0,0.0,0.0,0.0,0.0,0.0,0.0,0.0,0.0,0.0,0.0,0.0,0.0,0.0,0.0,0.0,0.0,0.0,0.0,0.0,0.0,0.0,0.0,0.0,0.0,0.0,0.0,0.0,0.0,0.0,0.0,0.0,0.0,0.0,0.0,0.0,0.0,0.0,0.0,0.0,0.0,0.0,0.0,0.0,0.0,0.0,0.0,0.0,0.0,0.0,0.0,0.0,0.0,0.0,0.0,0.0,0.0,2648.0,517.0,1545.0,1620.0,124.0,180.0,190.0,155.0,187.0,170.0,224.0,186.0,241.0,240.0,234.0,216.0,228.0,192.0,147.0,116.0,78.0,40.0,16.0,1.0,0.0,3165.0,0.0,3165.0,93.84,95.8,94.97,93.38,98.4,99.24,99.04,97.19,94.51,95.95,76.89,84.24,100.0,94.16,0.0,94.16,0.0,0.0,0.0,0.0,0.0,0.0,0.0,0.0,0.0,0.0,0.0,0.0,0.0,0.0,0.0,0.0,43.0,42.0,43.0,0.0,43.0,91.75,116.32,95.37,0.0,95.37,173.65,128.41,165.59,0.0,165.59,0.0,0.0,0.0,0.0,0.0,0.0,0.0,0.0,0.0,0.0,0.0,0.0,0.0,0.0,0.0
3528403,0.0,0.0,0.0,0.0,0.0,0.0,0.0,0.0,0.0,50027.0,0.0,50027.0,0.0,0.0,0.0,0.0,0.0,0.0,0.0,0.0,0.0,0.0,0.0,0.0,0.0,0.0,0.0,0.0,0.0,0.0,0.0,0.0,0.0,0.0,0.0,0.0,0.0,0.0,0.0,0.0,0.0,0.0,92.94,7.06,50.27,49.73,5.93,6.45,6.59,6.53,7.32,7.49,7.57,8.27,8.22,6.97,6.5,5.99,5.28,4.17,3.1,1.85,1.03,0.49,0.2,0.04,0.01,100.0,0.0,100.0,0.0,0.0,0.0,0.0,0.0,0.0,0.0,0.0,0.0,0.0,0.0,0.0,0.0,0.0,0.0,0.0,0.0,0.0,0.0,0.0,0.0,0.0,0.0,0.0,0.0,0.0,0.0,0.0,0.0,0.0,0.0,0.0,0.0,0.0,0.0,0.0,0.0,0.0,0.0,0.0,0.0,0.0,0.0,0.0,0.0,0.0,0.0,0.0,0.0,0.0,0.0,0.0,0.0,0.0,0.0,0.0,0.0,0.0,0.0,0.0,0.0,0.0,0.0,0.0,0.0,0.0,0.0,0.0,0.0,0.0,0.0,0.0,0.0,0.0,0.0,0.0,0.0,0.0,0.0,0.0,0.0,0.0,0.0,0.0,46495.0,3532.0,25148.0,24879.0,2966.0,3227.0,3297.0,3267.0,3661.0,3747.0,3789.0,4136.0,4114.0,3485.0,3253.0,2995.0,2640.0,2086.0,1553.0,924.0,517.0,247.0,98.0,18.0,7.0,50027.0,0.0,50027.0,96.19,95.59,96.51,95.79,99.04,99.16,99.05,98.59,96.75,94.36,78.74,85.63,99.37,96.15,0.0,96.15,0.0,0.0,0.0,0.0,0.0,0.0,0.0,0.0,0.0,0.0,0.0,0.0,0.0,0.0,0.0,0.0,36.0,34.0,36.0,0.0,36.0,96.37,193.84,101.08,0.0,101.08,84.94,90.89,85.25,0.0,85.25,0.0,0.0,0.0,0.0,0.0,0.0,0.0,0.0,0.0,0.0,0.0,0.0,0.0,0.0,0.0
3528502,0.0,0.0,0.0,0.0,0.0,0.0,0.0,0.0,0.0,93853.0,0.0,93853.0,0.0,0.0,0.0,0.0,0.0,0.0,0.0,0.0,0.0,0.0,0.0,0.0,0.0,0.0,0.0,0.0,0.0,0.0,0.0,0.0,0.0,0.0,0.0,0.0,0.0,0.0,0.0,0.0,0.0,0.0,90.19,9.81,49.68,50.32,5.91,6.84,6.64,6.61,7.03,6.9,7.19,7.82,8.23,7.21,6.84,6.18,5.59,4.34,2.98,1.86,1.01,0.55,0.22,0.05,0.01,100.0,0.0,100.0,0.0,0.0,0.0,0.0,0.0,0.0,0.0,0.0,0.0,0.0,0.0,0.0,0.0,0.0,0.0,0.0,0.0,0.0,0.0,0.0,0.0,0.0,0.0,0.0,0.0,0.0,0.0,0.0,0.0,0.0,0.0,0.0,0.0,0.0,0.0,0.0,0.0,0.0,0.0,0.0,0.0,0.0,0.0,0.0,0.0,0.0,0.0,0.0,0.0,0.0,0.0,0.0,0.0,0.0,0.0,0.0,0.0,0.0,0.0,0.0,0.0,0.0,0.0,0.0,0.0,0.0,0.0,0.0,0.0,0.0,0.0,0.0,0.0,0.0,0.0,0.0,0.0,0.0,0.0,0.0,0.0,0.0,0.0,0.0,84643.0,9210.0,46628.0,47225.0,5548.0,6420.0,6235.0,6201.0,6594.0,6473.0,6751.0,7343.0,7722.0,6766.0,6423.0,5802.0,5243.0,4069.0,2794.0,1741.0,950.0,512.0,208.0,50.0,8.0,93853.0,0.0,93853.0,96.08,93.4,95.85,95.79,98.64,98.75,99.01,98.02,96.1,93.46,81.84,87.28,99.02,95.82,0.0,95.82,0.0,0.0,0.0,0.0,0.0,0.0,0.0,0.0,0.0,0.0,0.0,0.0,0.0,0.0,0.0,0.0,36.0,39.0,36.0,0.0,36.0,97.54,110.47,98.74,0.0,98.74,84.04,100.29,85.56,0.0,85.56,0.0,0.0,0.0,0.0,0.0,0.0,0.0,0.0,0.0,0.0,0.0,0.0,0.0,0.0,0.0
3528601,0.0,0.0,0.0,0.0,0.0,0.0,0.0,0.0,0.0,9871.0,0.0,9871.0,0.0,0.0,0.0,0.0,0.0,0.0,0.0,0.0,0.0,0.0,0.0,0.0,0.0,0.0,0.0,0.0,0.0,0.0,0.0,0.0,0.0,0.0,0.0,0.0,0.0,0.0,0.0,0.0,0.0,0.0,87.46,12.54,49.55,50.45,5.72,5.83,6.42,6.4,6.6,6.87,7.47,7.4,7.34,6.57,7.33,6.17,5.7,4.43,4.02,2.66,1.71,0.86,0.43,0.05,0.01,100.0,0.0,100.0,0.0,0.0,0.0,0.0,0.0,0.0,0.0,0.0,0.0,0.0,0.0,0.0,0.0,0.0,0.0,0.0,0.0,0.0,0.0,0.0,0.0,0.0,0.0,0.0,0.0,0.0,0.0,0.0,0.0,0.0,0.0,0.0,0.0,0.0,0.0,0.0,0.0,0.0,0.0,0.0,0.0,0.0,0.0,0.0,0.0,0.0,0.0,0.0,0.0,0.0,0.0,0.0,0.0,0.0,0.0,0.0,0.0,0.0,0.0,0.0,0.0,0.0,0.0,0.0,0.0,0.0,0.0,0.0,0.0,0.0,0.0,0.0,0.0,0.0,0.0,0.0,0.0,0.0,0.0,0.0,0.0,0.0,0.0,0.0,8633.0,1238.0,4891.0,4980.0,565.0,575.0,634.0,632.0,651.0,678.0,737.0,730.0,725.0,649.0,724.0,609.0,563.0,437.0,397.0,263.0,169.0,85.0,42.0,5.0,1.0,9871.0,0.0,9871.0,95.0,96.65,96.17,94.27,99.39,98.45,98.97,96.7,96.07,94.71,81.95,86.35,98.78,95.21,0.0,95.21,0.0,0.0,0.0,0.0,0.0,0.0,0.0,0.0,0.0,0.0,0.0,0.0,0.0,0.0,0.0,0.0,37.0,39.0,38.0,0.0,38.0,95.49,119.5,98.21,0.0,98.21,110.32,112.5,110.6,0.0,110.6,0.0,0.0,0.0,0.0,0.0,0.0,0.0,0.0,0.0,0.0,0.0,0.0,0.0,0.0,0.0
3528700,0.0,0.0,0.0,0.0,0.0,0.0,0.0,0.0,0.0,4573.0,0.0,4573.0,0.0,0.0,0.0,0.0,0.0,0.0,0.0,0.0,0.0,0.0,0.0,0.0,0.0,0.0,0.0,0.0,0.0,0.0,0.0,0.0,0.0,0.0,0.0,0.0,0.0,0.0,0.0,0.0,0.0,0.0,37.72,62.28,62.37,37.63,4.33,4.57,4.92,4.57,11.11,11.63,8.99,7.09,7.02,6.82,6.43,6.56,5.27,4.15,2.95,1.77,1.25,0.39,0.15,0.02,0.0,100.0,0.0,100.0,0.0,0.0,0.0,0.0,0.0,0.0,0.0,0.0,0.0,0.0,0.0,0.0,0.0,0.0,0.0,0.0,0.0,0.0,0.0,0.0,0.0,0.0,0.0,0.0,0.0,0.0,0.0,0.0,0.0,0.0,0.0,0.0,0.0,0.0,0.0,0.0,0.0,0.0,0.0,0.0,0.0,0.0,0.0,0.0,0.0,0.0,0.0,0.0,0.0,0.0,0.0,0.0,0.0,0.0,0.0,0.0,0.0,0.0,0.0,0.0,0.0,0.0,0.0,0.0,0.0,0.0,0.0,0.0,0.0,0.0,0.0,0.0,0.0,0.0,0.0,0.0,0.0,0.0,0.0,0.0,0.0,0.0,0.0,0.0,1725.0,2848.0,2852.0,1721.0,198.0,209.0,225.0,209.0,508.0,532.0,411.0,324.0,321.0,312.0,294.0,300.0,241.0,190.0,135.0,81.0,57.0,18.0,7.0,1.0,0.0,4573.0,0.0,4573.0,90.55,95.26,94.63,91.72,98.62,98.83,99.1,97.52,93.4,91.87,59.76,72.8,98.98,93.58,0.0,93.58,0.0,0.0,0.0,0.0,0.0,0.0,0.0,0.0,0.0,0.0,0.0,0.0,0.0,0.0,0.0,0.0,40.0,32.0,34.0,0.0,34.0,94.04,242.31,165.72,0.0,165.72,121.07,109.87,115.51,0.0,115.51,0.0,0.0,0.0,0.0,0.0,0.0,0.0,0.0,0.0,0.0,0.0,0.0,0.0,0.0,0.0
3528809,0.0,0.0,0.0,0.0,0.0,0.0,0.0,0.0,0.0,12673.0,0.0,12673.0,0.0,0.0,0.0,0.0,0.0,0.0,0.0,0.0,0.0,0.0,0.0,0.0,0.0,0.0,0.0,0.0,0.0,0.0,0.0,0.0,0.0,0.0,0.0,0.0,0.0,0.0,0.0,0.0,0.0,0.0,91.16,8.84,49.37,50.63,5.74,6.3,6.07,6.34,6.72,6.6,6.89,7.84,7.91,7.08,6.99,6.75,5.53,4.8,3.57,2.51,1.37,0.64,0.33,0.05,0.0,100.0,0.0,100.0,0.0,0.0,0.0,0.0,0.0,0.0,0.0,0.0,0.0,0.0,0.0,0.0,0.0,0.0,0.0,0.0,0.0,0.0,0.0,0.0,0.0,0.0,0.0,0.0,0.0,0.0,0.0,0.0,0.0,0.0,0.0,0.0,0.0,0.0,0.0,0.0,0.0,0.0,0.0,0.0,0.0,0.0,0.0,0.0,0.0,0.0,0.0,0.0,0.0,0.0,0.0,0.0,0.0,0.0,0.0,0.0,0.0,0.0,0.0,0.0,0.0,0.0,0.0,0.0,0.0,0.0,0.0,0.0,0.0,0.0,0.0,0.0,0.0,0.0,0.0,0.0,0.0,0.0,0.0,0.0,0.0,0.0,0.0,0.0,11553.0,1120.0,6257.0,6416.0,727.0,798.0,769.0,803.0,851.0,837.0,873.0,994.0,1002.0,897.0,886.0,855.0,701.0,608.0,452.0,318.0,173.0,81.0,42.0,6.0,0.0,12673.0,0.0,12673.0,94.58,97.45,95.43,94.27,99.41,98.83,99.6,97.75,97.03,92.42,74.03,82.68,99.33,94.84,0.0,94.84,0.0,0.0,0.0,0.0,0.0,0.0,0.0,0.0,0.0,0.0,0.0,0.0,0.0,0.0,0.0,0.0,37.0,43.0,38.0,0.0,38.0,95.91,115.8,97.52,0.0,97.52,99.95,149.16,103.79,0.0,103.79,0.0,0.0,0.0,0.0,0.0,0.0,0.0,0.0,0.0,0.0,0.0,0.0,0.0,0.0,0.0
3528858,0.0,0.0,0.0,0.0,0.0,0.0,0.0,0.0,0.0,3292.0,0.0,3292.0,0.0,0.0,0.0,0.0,0.0,0.0,0.0,0.0,0.0,0.0,0.0,0.0,0.0,0.0,0.0,0.0,0.0,0.0,0.0,0.0,0.0,0.0,0.0,0.0,0.0,0.0,0.0,0.0,0.0,0.0,89.09,10.91,50.67,49.33,6.04,5.74,5.41,6.01,6.74,6.96,7.96,7.87,8.35,6.83,6.96,6.2,5.59,4.71,3.58,2.61,1.4,0.58,0.39,0.0,0.06,100.0,0.0,100.0,0.0,0.0,0.0,0.0,0.0,0.0,0.0,0.0,0.0,0.0,0.0,0.0,0.0,0.0,0.0,0.0,0.0,0.0,0.0,0.0,0.0,0.0,0.0,0.0,0.0,0.0,0.0,0.0,0.0,0.0,0.0,0.0,0.0,0.0,0.0,0.0,0.0,0.0,0.0,0.0,0.0,0.0,0.0,0.0,0.0,0.0,0.0,0.0,0.0,0.0,0.0,0.0,0.0,0.0,0.0,0.0,0.0,0.0,0.0,0.0,0.0,0.0,0.0,0.0,0.0,0.0,0.0,0.0,0.0,0.0,0.0,0.0,0.0,0.0,0.0,0.0,0.0,0.0,0.0,0.0,0.0,0.0,0.0,0.0,2933.0,359.0,1668.0,1624.0,199.0,189.0,178.0,198.0,222.0,229.0,262.0,259.0,275.0,225.0,229.0,204.0,184.0,155.0,118.0,86.0,46.0,19.0,13.0,0.0,2.0,3292.0,0.0,3292.0,95.49,89.97,95.31,94.49,99.55,98.57,98.4,97.19,95.37,93.81,79.52,84.28,100.0,94.9,0.0,94.9,0.0,0.0,0.0,0.0,0.0,0.0,0.0,0.0,0.0,0.0,0.0,0.0,0.0,0.0,0.0,0.0,37.0,42.0,37.0,0.0,37.0,100.34,124.38,102.71,0.0,102.71,108.27,122.86,110.07,0.0,110.07,0.0,0.0,0.0,0.0,0.0,0.0,0.0,0.0,0.0,0.0,0.0,0.0,0.0,0.0,0.0
3528908,0.0,0.0,0.0,0.0,0.0,0.0,0.0,0.0,0.0,3513.0,0.0,3513.0,0.0,0.0,0.0,0.0,0.0,0.0,0.0,0.0,0.0,0.0,0.0,0.0,0.0,0.0,0.0,0.0,0.0,0.0,0.0,0.0,0.0,0.0,0.0,0.0,0.0,0.0,0.0,0.0,0.0,0.0,86.11,13.89,49.87,50.13,5.41,5.72,5.92,5.95,5.84,6.03,7.29,7.14,7.32,6.01,6.49,8.28,7.14,5.44,3.93,2.88,1.85,1.05,0.31,0.0,0.0,100.0,0.0,100.0,0.0,0.0,0.0,0.0,0.0,0.0,0.0,0.0,0.0,0.0,0.0,0.0,0.0,0.0,0.0,0.0,0.0,0.0,0.0,0.0,0.0,0.0,0.0,0.0,0.0,0.0,0.0,0.0,0.0,0.0,0.0,0.0,0.0,0.0,0.0,0.0,0.0,0.0,0.0,0.0,0.0,0.0,0.0,0.0,0.0,0.0,0.0,0.0,0.0,0.0,0.0,0.0,0.0,0.0,0.0,0.0,0.0,0.0,0.0,0.0,0.0,0.0,0.0,0.0,0.0,0.0,0.0,0.0,0.0,0.0,0.0,0.0,0.0,0.0,0.0,0.0,0.0,0.0,0.0,0.0,0.0,0.0,0.0,0.0,3025.0,488.0,1752.0,1761.0,190.0,201.0,208.0,209.0,205.0,212.0,256.0,251.0,257.0,211.0,228.0,291.0,251.0,191.0,138.0,101.0,65.0,37.0,11.0,0.0,0.0,3513.0,0.0,3513.0,94.48,96.36,95.72,93.8,100.0,98.93,100.0,97.64,98.18,94.28,69.63,82.14,100.0,94.75,0.0,94.75,0.0,0.0,0.0,0.0,0.0,0.0,0.0,0.0,0.0,0.0,0.0,0.0,0.0,0.0,0.0,0.0,39.0,44.0,40.0,0.0,40.0,97.58,112.17,99.49,0.0,99.49,127.72,165.79,132.55,0.0,132.55,0.0,0.0,0.0,0.0,0.0,0.0,0.0,0.0,0.0,0.0,0.0,0.0,0.0,0.0,0.0
3529005,100.0,0.0,100.0,4.0,0.0,4.0,0.0,0.0,0.0,237627.0,0.0,237627.0,100.0,0.0,100.0,100.0,0.0,100.0,100.0,0.0,100.0,3.0,0.0,3.0,4.0,0.0,4.0,4.0,0.0,4.0,1.33,0.0,1.33,1.33,0.0,1.33,0.0,0.0,0.0,100.0,0.0,100.0,98.85,1.15,47.92,52.08,5.81,6.17,5.89,5.94,6.93,7.39,7.3,7.75,8.04,7.2,6.54,6.17,5.6,4.6,3.47,2.32,1.53,0.86,0.38,0.09,0.01,100.0,0.0,100.0,100.0,0.0,75.0,25.0,0.0,0.0,0.0,0.0,0.0,0.0,0.0,0.0,0.0,0.0,25.0,0.0,50.0,0.0,25.0,0.0,0.0,0.0,0.0,0.0,0.0,100.0,0.0,100.0,4.0,0.0,3.0,1.0,0.0,0.0,0.0,0.0,0.0,0.0,0.0,0.0,0.0,0.0,1.0,0.0,2.0,0.0,1.0,0.0,0.0,0.0,0.0,0.0,0.0,4.0,0.0,4.0,0.0,0.0,0.0,0.0,0.0,0.0,0.0,0.0,0.0,0.0,0.0,0.0,0.0,0.0,0.01,0.0,0.02,0.0,0.01,0.0,0.0,0.0,0.0,0.0,0.0,0.0,0.0,0.0,234898.0,2729.0,113866.0,123761.0,13817.0,14664.0,13990.0,14106.0,16467.0,17552.0,17349.0,18405.0,19110.0,17117.0,15546.0,14669.0,13315.0,10924.0,8237.0,5516.0,3647.0,2049.0,902.0,213.0,32.0,237627.0,0.0,237627.0,97.39,95.58,97.74,97.04,99.24,99.29,99.06,98.97,98.37,97.11,85.23,90.74,99.39,97.37,0.0,97.37,100.0,0.0,100.0,100.0,0.0,0.0,0.0,0.0,100.0,100.0,0.0,100.0,0.0,100.0,0.0,100.0,37.0,42.0,37.0,0.0,37.0,91.8,111.88,92.0,0.0,92.0,105.2,138.68,105.57,0.0,105.57,64.0,0.0,64.0,0.0,64.0,300.0,0.0,300.0,0.0,300.0,0.0,0.0,0.0,0.0,0.0
3529104,0.0,0.0,0.0,0.0,0.0,0.0,0.0,0.0,0.0,1860.0,0.0,1860.0,0.0,0.0,0.0,0.0,0.0,0.0,0.0,0.0,0.0,0.0,0.0,0.0,0.0,0.0,0.0,0.0,0.0,0.0,0.0,0.0,0.0,0.0,0.0,0.0,0.0,0.0,0.0,0.0,0.0,0.0,80.65,19.35,50.11,49.89,4.14,4.68,5.0,5.91,6.13,5.97,6.08,6.88,7.2,7.63,8.44,8.33,8.55,5.75,4.03,2.42,1.45,0.91,0.32,0.11,0.05,100.0,0.0,100.0,0.0,0.0,0.0,0.0,0.0,0.0,0.0,0.0,0.0,0.0,0.0,0.0,0.0,0.0,0.0,0.0,0.0,0.0,0.0,0.0,0.0,0.0,0.0,0.0,0.0,0.0,0.0,0.0,0.0,0.0,0.0,0.0,0.0,0.0,0.0,0.0,0.0,0.0,0.0,0.0,0.0,0.0,0.0,0.0,0.0,0.0,0.0,0.0,0.0,0.0,0.0,0.0,0.0,0.0,0.0,0.0,0.0,0.0,0.0,0.0,0.0,0.0,0.0,0.0,0.0,0.0,0.0,0.0,0.0,0.0,0.0,0.0,0.0,0.0,0.0,0.0,0.0,0.0,0.0,0.0,0.0,0.0,0.0,0.0,1500.0,360.0,932.0,928.0,77.0,87.0,93.0,110.0,114.0,111.0,113.0,128.0,134.0,142.0,157.0,155.0,159.0,107.0,75.0,45.0,27.0,17.0,6.0,2.0,1.0,1860.0,0.0,1860.0,89.13,92.06,89.41,90.0,98.25,99.11,98.39,95.04,94.98,88.22,55.1,66.79,95.83,89.71,0.0,89.71,0.0,0.0,0.0,0.0,0.0,0.0,0.0,0.0,0.0,0.0,0.0,0.0,0.0,0.0,0.0,0.0,42.0,46.0,43.0,0.0,43.0,96.59,118.18,100.43,0.0,100.43,162.26,211.11,170.82,0.0,170.82,0.0,0.0,0.0,0.0,0.0,0.0,0.0,0.0,0.0,0.0,0.0,0.0,0.0,0.0,0.0
3529203,0.0,0.0,0.0,0.0,0.0,0.0,0.0,0.0,0.0,24881.0,0.0,24881.0,0.0,0.0,0.0,0.0,0.0,0.0,0.0,0.0,0.0,0.0,0.0,0.0,0.0,0.0,0.0,0.0,0.0,0.0,0.0,0.0,0.0,0.0,0.0,0.0,0.0,0.0,0.0,0.0,0.0,0.0,85.66,14.34,51.43,48.57,5.37,5.8,5.9,6.19,6.89,7.57,7.5,7.83,7.47,6.49,6.92,6.95,5.84,4.7,3.42,2.25,1.54,0.9,0.38,0.07,0.01,100.0,0.0,100.0,0.0,0.0,0.0,0.0,0.0,0.0,0.0,0.0,0.0,0.0,0.0,0.0,0.0,0.0,0.0,0.0,0.0,0.0,0.0,0.0,0.0,0.0,0.0,0.0,0.0,0.0,0.0,0.0,0.0,0.0,0.0,0.0,0.0,0.0,0.0,0.0,0.0,0.0,0.0,0.0,0.0,0.0,0.0,0.0,0.0,0.0,0.0,0.0,0.0,0.0,0.0,0.0,0.0,0.0,0.0,0.0,0.0,0.0,0.0,0.0,0.0,0.0,0.0,0.0,0.0,0.0,0.0,0.0,0.0,0.0,0.0,0.0,0.0,0.0,0.0,0.0,0.0,0.0,0.0,0.0,0.0,0.0,0.0,0.0,21312.0,3569.0,12796.0,12085.0,1337.0,1442.0,1467.0,1540.0,1715.0,1883.0,1867.0,1949.0,1858.0,1615.0,1723.0,1728.0,1453.0,1170.0,852.0,560.0,383.0,223.0,95.0,18.0,3.0,24881.0,0.0,24881.0,94.66,90.91,94.03,94.15,98.72,97.71,98.69,96.59,95.93,93.46,70.28,81.36,98.4,94.09,0.0,94.09,0.0,0.0,0.0,0.0,0.0,0.0,0.0,0.0,0.0,0.0,0.0,0.0,0.0,0.0,0.0,0.0,38.0,36.0,38.0,0.0,38.0,93.78,228.33,105.88,0.0,105.88,109.89,132.04,112.03,0.0,112.03,0.0,0.0,0.0,0.0,0.0,0.0,0.0,0.0,0.0,0.0,0.0,0.0,0.0,0.0,0.0
3529302,0.0,0.0,0.0,0.0,0.0,0.0,0.0,0.0,0.0,79033.0,0.0,79033.0,0.0,0.0,0.0,0.0,0.0,0.0,0.0,0.0,0.0,0.0,0.0,0.0,0.0,0.0,0.0,0.0,0.0,0.0,0.0,0.0,0.0,0.0,0.0,0.0,0.0,0.0,0.0,0.0,0.0,0.0,98.18,1.82,49.06,50.94,5.0,5.85,5.71,6.1,6.67,7.17,7.58,8.34,8.39,7.09,6.88,6.63,5.91,4.81,3.43,2.08,1.29,0.69,0.32,0.06,0.01,100.0,0.0,100.0,0.0,0.0,0.0,0.0,0.0,0.0,0.0,0.0,0.0,0.0,0.0,0.0,0.0,0.0,0.0,0.0,0.0,0.0,0.0,0.0,0.0,0.0,0.0,0.0,0.0,0.0,0.0,0.0,0.0,0.0,0.0,0.0,0.0,0.0,0.0,0.0,0.0,0.0,0.0,0.0,0.0,0.0,0.0,0.0,0.0,0.0,0.0,0.0,0.0,0.0,0.0,0.0,0.0,0.0,0.0,0.0,0.0,0.0,0.0,0.0,0.0,0.0,0.0,0.0,0.0,0.0,0.0,0.0,0.0,0.0,0.0,0.0,0.0,0.0,0.0,0.0,0.0,0.0,0.0,0.0,0.0,0.0,0.0,0.0,77592.0,1441.0,38770.0,40263.0,3955.0,4627.0,4514.0,4819.0,5268.0,5663.0,5991.0,6592.0,6629.0,5607.0,5438.0,5242.0,4672.0,3799.0,2709.0,1640.0,1018.0,549.0,249.0,46.0,6.0,79033.0,0.0,79033.0,96.27,95.76,96.8,95.76,99.11,98.94,98.92,98.58,97.19,95.44,78.99,87.02,99.23,96.26,0.0,96.26,0.0,0.0,0.0,0.0,0.0,0.0,0.0,0.0,0.0,0.0,0.0,0.0,0.0,0.0,0.0,0.0,38.0,40.0,38.0,0.0,38.0,96.05,110.36,96.29,0.0,96.29,111.85,128.69,112.16,0.0,112.16,0.0,0.0,0.0,0.0,0.0,0.0,0.0,0.0,0.0,0.0,0.0,0.0,0.0,0.0,0.0
3529401,0.0,0.0,0.0,0.0,0.0,0.0,0.0,0.0,0.0,418261.0,0.0,418261.0,0.0,0.0,0.0,0.0,0.0,0.0,0.0,0.0,0.0,0.0,0.0,0.0,0.0,0.0,0.0,0.0,0.0,0.0,0.0,0.0,0.0,0.0,0.0,0.0,0.0,0.0,0.0,0.0,0.0,0.0,99.69,0.31,48.14,51.86,5.84,6.36,6.36,6.69,7.82,7.95,8.18,8.59,8.28,6.99,6.65,5.87,4.9,3.75,2.61,1.55,0.94,0.45,0.17,0.04,0.0,100.0,0.0,100.0,0.0,0.0,0.0,0.0,0.0,0.0,0.0,0.0,0.0,0.0,0.0,0.0,0.0,0.0,0.0,0.0,0.0,0.0,0.0,0.0,0.0,0.0,0.0,0.0,0.0,0.0,0.0,0.0,0.0,0.0,0.0,0.0,0.0,0.0,0.0,0.0,0.0,0.0,0.0,0.0,0.0,0.0,0.0,0.0,0.0,0.0,0.0,0.0,0.0,0.0,0.0,0.0,0.0,0.0,0.0,0.0,0.0,0.0,0.0,0.0,0.0,0.0,0.0,0.0,0.0,0.0,0.0,0.0,0.0,0.0,0.0,0.0,0.0,0.0,0.0,0.0,0.0,0.0,0.0,0.0,0.0,0.0,0.0,0.0,416971.0,1290.0,201348.0,216913.0,24433.0,26611.0,26605.0,27976.0,32726.0,33264.0,34211.0,35912.0,34648.0,29218.0,27797.0,24561.0,20500.0,15687.0,10913.0,6491.0,3913.0,1891.0,714.0,171.0,19.0,418261.0,0.0,418261.0,96.74,95.72,97.14,96.38,99.11,99.23,98.81,98.71,97.03,94.74,81.23,87.33,99.24,96.74,0.0,96.74,0.0,0.0,0.0,0.0,0.0,0.0,0.0,0.0,0.0,0.0,0.0,0.0,0.0,0.0,0.0,0.0,35.0,35.0,35.0,0.0,35.0,92.77,113.22,92.82,0.0,92.82,77.68,69.73,77.66,0.0,77.66,0.0,0.0,0.0,0.0,0.0,0.0,0.0,0.0,0.0,0.0,0.0,0.0,0.0,0.0,0.0
3529500,0.0,0.0,0.0,0.0,0.0,0.0,0.0,0.0,0.0,6159.0,0.0,6159.0,0.0,0.0,0.0,0.0,0.0,0.0,0.0,0.0,0.0,0.0,0.0,0.0,0.0,0.0,0.0,0.0,0.0,0.0,0.0,0.0,0.0,0.0,0.0,0.0,0.0,0.0,0.0,0.0,0.0,0.0,88.86,11.14,50.58,49.42,6.07,5.76,6.14,6.02,6.38,6.75,7.96,8.33,7.78,6.3,6.46,6.61,5.07,4.82,3.86,2.84,1.64,0.78,0.31,0.1,0.02,100.0,0.0,100.0,0.0,0.0,0.0,0.0,0.0,0.0,0.0,0.0,0.0,0.0,0.0,0.0,0.0,0.0,0.0,0.0,0.0,0.0,0.0,0.0,0.0,0.0,0.0,0.0,0.0,0.0,0.0,0.0,0.0,0.0,0.0,0.0,0.0,0.0,0.0,0.0,0.0,0.0,0.0,0.0,0.0,0.0,0.0,0.0,0.0,0.0,0.0,0.0,0.0,0.0,0.0,0.0,0.0,0.0,0.0,0.0,0.0,0.0,0.0,0.0,0.0,0.0,0.0,0.0,0.0,0.0,0.0,0.0,0.0,0.0,0.0,0.0,0.0,0.0,0.0,0.0,0.0,0.0,0.0,0.0,0.0,0.0,0.0,0.0,5473.0,686.0,3115.0,3044.0,374.0,355.0,378.0,371.0,393.0,416.0,490.0,513.0,479.0,388.0,398.0,407.0,312.0,297.0,238.0,175.0,101.0,48.0,19.0,6.0,1.0,6159.0,0.0,6159.0,94.98,93.53,94.65,94.98,99.49,98.01,99.57,97.78,95.17,94.58,76.0,84.29,97.83,94.81,0.0,94.81,0.0,0.0,0.0,0.0,0.0,0.0,0.0,0.0,0.0,0.0,0.0,0.0,0.0,0.0,0.0,0.0,37.0,44.0,38.0,0.0,38.0,100.99,113.71,102.33,0.0,102.33,101.61,164.91,108.13,0.0,108.13,0.0,0.0,0.0,0.0,0.0,0.0,0.0,0.0,0.0,0.0,0.0,0.0,0.0,0.0,0.0
3529609,0.0,0.0,0.0,0.0,0.0,0.0,0.0,0.0,0.0,4572.0,0.0,4572.0,0.0,0.0,0.0,0.0,0.0,0.0,0.0,0.0,0.0,0.0,0.0,0.0,0.0,0.0,0.0,0.0,0.0,0.0,0.0,0.0,0.0,0.0,0.0,0.0,0.0,0.0,0.0,0.0,0.0,0.0,81.12,18.88,49.1,50.9,4.81,6.06,6.06,6.39,6.45,6.63,6.65,6.96,7.83,7.79,6.96,6.76,6.28,5.12,3.43,2.76,1.68,0.87,0.46,0.07,0.0,100.0,0.0,100.0,0.0,0.0,0.0,0.0,0.0,0.0,0.0,0.0,0.0,0.0,0.0,0.0,0.0,0.0,0.0,0.0,0.0,0.0,0.0,0.0,0.0,0.0,0.0,0.0,0.0,0.0,0.0,0.0,0.0,0.0,0.0,0.0,0.0,0.0,0.0,0.0,0.0,0.0,0.0,0.0,0.0,0.0,0.0,0.0,0.0,0.0,0.0,0.0,0.0,0.0,0.0,0.0,0.0,0.0,0.0,0.0,0.0,0.0,0.0,0.0,0.0,0.0,0.0,0.0,0.0,0.0,0.0,0.0,0.0,0.0,0.0,0.0,0.0,0.0,0.0,0.0,0.0,0.0,0.0,0.0,0.0,0.0,0.0,0.0,3709.0,863.0,2245.0,2327.0,220.0,277.0,277.0,292.0,295.0,303.0,304.0,318.0,358.0,356.0,318.0,309.0,287.0,234.0,157.0,126.0,77.0,40.0,21.0,3.0,0.0,4572.0,0.0,4572.0,94.54,93.52,94.48,94.2,97.97,99.51,97.79,98.08,97.03,94.46,71.91,79.48,99.1,94.34,0.0,94.34,0.0,0.0,0.0,0.0,0.0,0.0,0.0,0.0,0.0,0.0,0.0,0.0,0.0,0.0,0.0,0.0,38.0,47.0,40.0,0.0,40.0,93.88,108.45,96.48,0.0,96.48,105.98,208.2,122.09,0.0,122.09,0.0,0.0,0.0,0.0,0.0,0.0,0.0,0.0,0.0,0.0,0.0,0.0,0.0,0.0,0.0
3529658,0.0,0.0,0.0,0.0,0.0,0.0,0.0,0.0,0.0,1952.0,0.0,1952.0,0.0,0.0,0.0,0.0,0.0,0.0,0.0,0.0,0.0,0.0,0.0,0.0,0.0,0.0,0.0,0.0,0.0,0.0,0.0,0.0,0.0,0.0,0.0,0.0,0.0,0.0,0.0,0.0,0.0,0.0,82.99,17.01,50.72,49.28,5.48,5.99,7.27,6.25,7.38,6.2,6.76,7.07,7.38,7.43,5.48,7.07,6.35,5.02,3.38,2.36,1.59,0.77,0.72,0.05,0.0,100.0,0.0,100.0,0.0,0.0,0.0,0.0,0.0,0.0,0.0,0.0,0.0,0.0,0.0,0.0,0.0,0.0,0.0,0.0,0.0,0.0,0.0,0.0,0.0,0.0,0.0,0.0,0.0,0.0,0.0,0.0,0.0,0.0,0.0,0.0,0.0,0.0,0.0,0.0,0.0,0.0,0.0,0.0,0.0,0.0,0.0,0.0,0.0,0.0,0.0,0.0,0.0,0.0,0.0,0.0,0.0,0.0,0.0,0.0,0.0,0.0,0.0,0.0,0.0,0.0,0.0,0.0,0.0,0.0,0.0,0.0,0.0,0.0,0.0,0.0,0.0,0.0,0.0,0.0,0.0,0.0,0.0,0.0,0.0,0.0,0.0,0.0,1620.0,332.0,990.0,962.0,107.0,117.0,142.0,122.0,144.0,121.0,132.0,138.0,144.0,145.0,107.0,138.0,124.0,98.0,66.0,46.0,31.0,15.0,14.0,1.0,0.0,1952.0,0.0,1952.0,89.38,87.06,88.56,89.39,98.61,97.23,97.22,94.68,93.25,88.55,42.06,62.73,98.0,88.97,0.0,88.97,0.0,0.0,0.0,0.0,0.0,0.0,0.0,0.0,0.0,0.0,0.0,0.0,0.0,0.0,0.0,0.0,36.0,48.0,38.0,0.0,38.0,101.24,111.46,102.91,0.0,102.91,93.44,208.7,107.92,0.0,107.92,0.0,0.0,0.0,0.0,0.0,0.0,0.0,0.0,0.0,0.0,0.0,0.0,0.0,0.0,0.0
3529708,0.0,0.0,0.0,0.0,0.0,0.0,0.0,0.0,0.0,19441.0,0.0,19441.0,0.0,0.0,0.0,0.0,0.0,0.0,0.0,0.0,0.0,0.0,0.0,0.0,0.0,0.0,0.0,0.0,0.0,0.0,0.0,0.0,0.0,0.0,0.0,0.0,0.0,0.0,0.0,0.0,0.0,0.0,95.29,4.71,48.99,51.01,6.22,6.07,6.55,7.07,7.44,7.34,6.68,7.94,7.7,7.21,6.62,6.31,5.29,4.3,3.21,2.12,1.14,0.57,0.15,0.05,0.02,100.0,0.0,100.0,0.0,0.0,0.0,0.0,0.0,0.0,0.0,0.0,0.0,0.0,0.0,0.0,0.0,0.0,0.0,0.0,0.0,0.0,0.0,0.0,0.0,0.0,0.0,0.0,0.0,0.0,0.0,0.0,0.0,0.0,0.0,0.0,0.0,0.0,0.0,0.0,0.0,0.0,0.0,0.0,0.0,0.0,0.0,0.0,0.0,0.0,0.0,0.0,0.0,0.0,0.0,0.0,0.0,0.0,0.0,0.0,0.0,0.0,0.0,0.0,0.0,0.0,0.0,0.0,0.0,0.0,0.0,0.0,0.0,0.0,0.0,0.0,0.0,0.0,0.0,0.0,0.0,0.0,0.0,0.0,0.0,0.0,0.0,0.0,18525.0,916.0,9525.0,9916.0,1209.0,1181.0,1274.0,1375.0,1446.0,1427.0,1298.0,1543.0,1497.0,1402.0,1287.0,1227.0,1029.0,835.0,625.0,413.0,221.0,110.0,29.0,9.0,4.0,19441.0,0.0,19441.0,92.74,88.52,92.16,92.91,98.2,97.83,98.7,95.36,91.71,89.18,72.01,79.25,98.87,92.55,0.0,92.55,0.0,0.0,0.0,0.0,0.0,0.0,0.0,0.0,0.0,0.0,0.0,0.0,0.0,0.0,0.0,0.0,36.0,39.0,36.0,0.0,36.0,95.27,113.52,96.06,0.0,96.06,89.51,87.05,89.38,0.0,89.38,0.0,0.0,0.0,0.0,0.0,0.0,0.0,0.0,0.0,0.0,0.0,0.0,0.0,0.0,0.0
3529807,0.0,0.0,0.0,0.0,0.0,0.0,0.0,0.0,0.0,11230.0,0.0,11230.0,0.0,0.0,0.0,0.0,0.0,0.0,0.0,0.0,0.0,0.0,0.0,0.0,0.0,0.0,0.0,0.0,0.0,0.0,0.0,0.0,0.0,0.0,0.0,0.0,0.0,0.0,0.0,0.0,0.0,0.0,96.13,3.87,49.61,50.39,5.63,6.0,6.3,6.56,6.33,6.67,7.17,8.17,8.18,6.93,6.5,6.34,5.93,5.25,3.7,1.9,1.33,0.73,0.3,0.07,0.01,100.0,0.0,100.0,0.0,0.0,0.0,0.0,0.0,0.0,0.0,0.0,0.0,0.0,0.0,0.0,0.0,0.0,0.0,0.0,0.0,0.0,0.0,0.0,0.0,0.0,0.0,0.0,0.0,0.0,0.0,0.0,0.0,0.0,0.0,0.0,0.0,0.0,0.0,0.0,0.0,0.0,0.0,0.0,0.0,0.0,0.0,0.0,0.0,0.0,0.0,0.0,0.0,0.0,0.0,0.0,0.0,0.0,0.0,0.0,0.0,0.0,0.0,0.0,0.0,0.0,0.0,0.0,0.0,0.0,0.0,0.0,0.0,0.0,0.0,0.0,0.0,0.0,0.0,0.0,0.0,0.0,0.0,0.0,0.0,0.0,0.0,0.0,10795.0,435.0,5571.0,5659.0,632.0,674.0,707.0,737.0,711.0,749.0,805.0,918.0,919.0,778.0,730.0,712.0,666.0,590.0,415.0,213.0,149.0,82.0,34.0,8.0,1.0,11230.0,0.0,11230.0,94.13,93.66,94.92,93.32,98.73,98.46,98.86,97.6,95.29,91.58,73.31,81.84,98.99,94.11,0.0,94.11,0.0,0.0,0.0,0.0,0.0,0.0,0.0,0.0,0.0,0.0,0.0,0.0,0.0,0.0,0.0,0.0,38.0,40.0,38.0,0.0,38.0,97.93,112.2,98.44,0.0,98.44,108.57,77.27,107.2,0.0,107.2,0.0,0.0,0.0,0.0,0.0,0.0,0.0,0.0,0.0,0.0,0.0,0.0,0.0,0.0,0.0
3529906,100.0,,,39.0,,,0.21,,,18553.0,45.0,18508.0,100.0,,,100.0,,,100.0,,,18.0,,,46.0,,,39.0,,,2.56,,,2.17,,,0.26,,,84.78,,,64.64,35.36,49.77,50.23,6.61,7.35,7.29,7.15,6.78,6.33,6.27,6.89,7.14,6.68,6.41,6.46,5.64,4.71,3.58,2.26,1.33,0.71,0.3,0.09,0.02,100.0,,,0.0,100.0,51.28,48.72,5.13,2.56,10.26,7.69,5.13,2.56,5.13,7.69,7.69,10.26,5.13,2.56,5.13,12.82,5.13,0.0,0.0,5.13,0.0,0.0,0.0,100.0,,,0.0,39.0,20.0,19.0,2.0,1.0,4.0,3.0,2.0,1.0,2.0,3.0,3.0,4.0,2.0,1.0,2.0,5.0,2.0,0.0,0.0,2.0,0.0,0.0,0.0,39.0,,,0.0,0.59,0.22,0.2,0.16,0.07,0.3,0.23,0.16,0.09,0.17,0.23,0.23,0.32,0.17,0.08,0.19,0.57,0.3,0.0,0.0,1.52,0.0,0.0,0.0,0.21,,,11992.0,6561.0,9233.0,9320.0,1226.0,1364.0,1353.0,1326.0,1258.0,1175.0,1163.0,1279.0,1325.0,1239.0,1190.0,1199.0,1046.0,874.0,664.0,419.0,246.0,132.0,56.0,16.0,3.0,18553.0,,,93.87,88.82,91.77,92.42,98.33,97.82,97.94,96.24,93.04,89.84,65.94,76.56,98.8,92.09,,,0.0,84.38,84.21,84.62,100.0,100.0,100.0,100.0,83.33,66.67,0.0,66.67,0.0,84.38,,,36.0,37.0,36.0,,,92.43,112.47,99.07,,,87.08,88.65,87.65,,,0.0,42.0,42.0,,,0.0,105.26,105.26,,,0.0,157.14,157.14,,
3530003,0.0,0.0,0.0,0.0,0.0,0.0,0.0,0.0,0.0,3126.0,0.0,3126.0,0.0,0.0,0.0,0.0,0.0,0.0,0.0,0.0,0.0,0.0,0.0,0.0,0.0,0.0,0.0,0.0,0.0,0.0,0.0,0.0,0.0,0.0,0.0,0.0,0.0,0.0,0.0,0.0,0.0,0.0,80.33,19.67,49.87,50.13,5.15,5.76,5.47,4.86,4.93,5.47,6.43,6.3,7.26,7.49,7.2,7.23,8.06,7.36,5.73,2.69,1.5,0.61,0.45,0.06,0.0,100.0,0.0,100.0,0.0,0.0,0.0,0.0,0.0,0.0,0.0,0.0,0.0,0.0,0.0,0.0,0.0,0.0,0.0,0.0,0.0,0.0,0.0,0.0,0.0,0.0,0.0,0.0,0.0,0.0,0.0,0.0,0.0,0.0,0.0,0.0,0.0,0.0,0.0,0.0,0.0,0.0,0.0,0.0,0.0,0.0,0.0,0.0,0.0,0.0,0.0,0.0,0.0,0.0,0.0,0.0,0.0,0.0,0.0,0.0,0.0,0.0,0.0,0.0,0.0,0.0,0.0,0.0,0.0,0.0,0.0,0.0,0.0,0.0,0.0,0.0,0.0,0.0,0.0,0.0,0.0,0.0,0.0,0.0,0.0,0.0,0.0,0.0,2511.0,615.0,1559.0,1567.0,161.0,180.0,171.0,152.0,154.0,171.0,201.0,197.0,227.0,234.0,225.0,226.0,252.0,230.0,179.0,84.0,47.0,19.0,14.0,2.0,0.0,3126.0,0.0,3126.0,94.61,94.38,94.79,94.35,98.7,98.92,97.78,97.17,98.04,94.56,74.1,84.87,100.0,94.57,0.0,94.57,0.0,0.0,0.0,0.0,0.0,0.0,0.0,0.0,0.0,0.0,0.0,0.0,0.0,0.0,0.0,0.0,43.0,45.0,44.0,0.0,44.0,94.5,122.83,99.49,0.0,99.49,160.05,167.68,161.52,0.0,161.52,0.0,0.0,0.0,0.0,0.0,0.0,0.0,0.0,0.0,0.0,0.0,0.0,0.0,0.0,0.0
3530102,0.0,0.0,0.0,0.0,0.0,0.0,0.0,0.0,0.0,27983.0,0.0,27983.0,0.0,0.0,0.0,0.0,0.0,0.0,0.0,0.0,0.0,0.0,0.0,0.0,0.0,0.0,0.0,0.0,0.0,0.0,0.0,0.0,0.0,0.0,0.0,0.0,0.0,0.0,0.0,0.0,0.0,0.0,88.94,11.06,56.84,43.16,3.94,4.8,4.98,5.09,5.29,7.31,8.61,9.37,8.98,7.56,6.99,6.88,5.75,4.52,3.75,2.78,1.9,0.94,0.45,0.09,0.03,100.0,0.0,100.0,0.0,0.0,0.0,0.0,0.0,0.0,0.0,0.0,0.0,0.0,0.0,0.0,0.0,0.0,0.0,0.0,0.0,0.0,0.0,0.0,0.0,0.0,0.0,0.0,0.0,0.0,0.0,0.0,0.0,0.0,0.0,0.0,0.0,0.0,0.0,0.0,0.0,0.0,0.0,0.0,0.0,0.0,0.0,0.0,0.0,0.0,0.0,0.0,0.0,0.0,0.0,0.0,0.0,0.0,0.0,0.0,0.0,0.0,0.0,0.0,0.0,0.0,0.0,0.0,0.0,0.0,0.0,0.0,0.0,0.0,0.0,0.0,0.0,0.0,0.0,0.0,0.0,0.0,0.0,0.0,0.0,0.0,0.0,0.0,24887.0,3096.0,15905.0,12078.0,1102.0,1344.0,1394.0,1423.0,1479.0,2045.0,2410.0,2621.0,2513.0,2115.0,1957.0,1924.0,1610.0,1265.0,1049.0,778.0,532.0,264.0,127.0,24.0,7.0,27983.0,0.0,27983.0,95.4,94.21,96.08,94.16,99.12,98.92,99.44,97.95,97.1,94.88,75.64,83.54,98.88,95.27,0.0,95.27,0.0,0.0,0.0,0.0,0.0,0.0,0.0,0.0,0.0,0.0,0.0,0.0,0.0,0.0,0.0,0.0,39.0,46.0,40.0,0.0,40.0,134.14,113.66,131.69,0.0,131.69,144.8,164.48,147.29,0.0,147.29,0.0,0.0,0.0,0.0,0.0,0.0,0.0,0.0,0.0,0.0,0.0,0.0,0.0,0.0,0.0
3530201,0.0,0.0,0.0,0.0,0.0,0.0,0.0,0.0,0.0,15917.0,0.0,15917.0,0.0,0.0,0.0,0.0,0.0,0.0,0.0,0.0,0.0,0.0,0.0,0.0,0.0,0.0,0.0,0.0,0.0,0.0,0.0,0.0,0.0,0.0,0.0,0.0,0.0,0.0,0.0,0.0,0.0,0.0,60.06,39.94,49.75,50.25,5.33,6.31,6.42,6.53,5.83,5.42,6.11,6.58,7.04,7.05,7.56,7.93,6.67,5.23,3.88,2.78,1.78,0.99,0.43,0.14,0.02,100.0,0.0,100.0,0.0,0.0,0.0,0.0,0.0,0.0,0.0,0.0,0.0,0.0,0.0,0.0,0.0,0.0,0.0,0.0,0.0,0.0,0.0,0.0,0.0,0.0,0.0,0.0,0.0,0.0,0.0,0.0,0.0,0.0,0.0,0.0,0.0,0.0,0.0,0.0,0.0,0.0,0.0,0.0,0.0,0.0,0.0,0.0,0.0,0.0,0.0,0.0,0.0,0.0,0.0,0.0,0.0,0.0,0.0,0.0,0.0,0.0,0.0,0.0,0.0,0.0,0.0,0.0,0.0,0.0,0.0,0.0,0.0,0.0,0.0,0.0,0.0,0.0,0.0,0.0,0.0,0.0,0.0,0.0,0.0,0.0,0.0,0.0,9559.0,6358.0,7918.0,7999.0,848.0,1004.0,1022.0,1039.0,928.0,862.0,972.0,1047.0,1121.0,1122.0,1203.0,1263.0,1061.0,832.0,617.0,442.0,284.0,157.0,68.0,22.0,3.0,15917.0,0.0,15917.0,92.92,89.94,91.71,91.76,98.81,97.98,98.62,96.63,94.58,91.57,61.89,74.27,99.48,91.74,0.0,91.74,0.0,0.0,0.0,0.0,0.0,0.0,0.0,0.0,0.0,0.0,0.0,0.0,0.0,0.0,0.0,0.0,39.0,42.0,40.0,0.0,40.0,90.95,112.43,98.99,0.0,98.99,122.32,119.79,121.29,0.0,121.29,0.0,0.0,0.0,0.0,0.0,0.0,0.0,0.0,0.0,0.0,0.0,0.0,0.0,0.0,0.0
3530300,0.0,0.0,0.0,0.0,0.0,0.0,0.0,0.0,0.0,63337.0,0.0,63337.0,0.0,0.0,0.0,0.0,0.0,0.0,0.0,0.0,0.0,0.0,0.0,0.0,0.0,0.0,0.0,0.0,0.0,0.0,0.0,0.0,0.0,0.0,0.0,0.0,0.0,0.0,0.0,0.0,0.0,0.0,97.43,2.57,48.47,51.53,5.91,6.1,5.79,5.98,6.42,6.93,7.63,8.08,8.27,7.2,6.95,6.53,5.64,4.46,3.4,2.12,1.39,0.77,0.32,0.1,0.01,100.0,0.0,100.0,0.0,0.0,0.0,0.0,0.0,0.0,0.0,0.0,0.0,0.0,0.0,0.0,0.0,0.0,0.0,0.0,0.0,0.0,0.0,0.0,0.0,0.0,0.0,0.0,0.0,0.0,0.0,0.0,0.0,0.0,0.0,0.0,0.0,0.0,0.0,0.0,0.0,0.0,0.0,0.0,0.0,0.0,0.0,0.0,0.0,0.0,0.0,0.0,0.0,0.0,0.0,0.0,0.0,0.0,0.0,0.0,0.0,0.0,0.0,0.0,0.0,0.0,0.0,0.0,0.0,0.0,0.0,0.0,0.0,0.0,0.0,0.0,0.0,0.0,0.0,0.0,0.0,0.0,0.0,0.0,0.0,0.0,0.0,0.0,61711.0,1626.0,30702.0,32635.0,3745.0,3862.0,3669.0,3789.0,4065.0,4390.0,4834.0,5117.0,5241.0,4561.0,4404.0,4133.0,3570.0,2822.0,2151.0,1342.0,881.0,490.0,203.0,61.0,7.0,63337.0,0.0,63337.0,97.18,97.17,97.7,96.7,98.79,99.27,99.26,99.04,98.28,96.72,82.21,89.73,99.2,97.18,0.0,97.18,0.0,0.0,0.0,0.0,0.0,0.0,0.0,0.0,0.0,0.0,0.0,0.0,0.0,0.0,0.0,0.0,38.0,43.0,38.0,0.0,38.0,93.74,107.93,94.08,0.0,94.08,101.11,152.44,102.23,0.0,102.23,0.0,0.0,0.0,0.0,0.0,0.0,0.0,0.0,0.0,0.0,0.0,0.0,0.0,0.0,0.0
3530409,0.0,0.0,0.0,0.0,0.0,0.0,0.0,0.0,0.0,4669.0,0.0,4669.0,0.0,0.0,0.0,0.0,0.0,0.0,0.0,0.0,0.0,0.0,0.0,0.0,0.0,0.0,0.0,0.0,0.0,0.0,0.0,0.0,0.0,0.0,0.0,0.0,0.0,0.0,0.0,0.0,0.0,0.0,86.42,13.58,50.29,49.71,6.0,6.04,6.45,6.38,6.73,7.17,6.58,7.52,7.37,7.2,6.34,6.38,5.35,4.73,3.68,2.83,1.91,0.81,0.43,0.11,0.0,100.0,0.0,100.0,0.0,0.0,0.0,0.0,0.0,0.0,0.0,0.0,0.0,0.0,0.0,0.0,0.0,0.0,0.0,0.0,0.0,0.0,0.0,0.0,0.0,0.0,0.0,0.0,0.0,0.0,0.0,0.0,0.0,0.0,0.0,0.0,0.0,0.0,0.0,0.0,0.0,0.0,0.0,0.0,0.0,0.0,0.0,0.0,0.0,0.0,0.0,0.0,0.0,0.0,0.0,0.0,0.0,0.0,0.0,0.0,0.0,0.0,0.0,0.0,0.0,0.0,0.0,0.0,0.0,0.0,0.0,0.0,0.0,0.0,0.0,0.0,0.0,0.0,0.0,0.0,0.0,0.0,0.0,0.0,0.0,0.0,0.0,0.0,4035.0,634.0,2348.0,2321.0,280.0,282.0,301.0,298.0,314.0,335.0,307.0,351.0,344.0,336.0,296.0,298.0,250.0,221.0,172.0,132.0,89.0,38.0,20.0,5.0,0.0,4669.0,0.0,4669.0,95.38,94.75,95.52,95.07,99.04,99.38,98.86,99.28,96.52,93.8,78.52,83.9,100.0,95.3,0.0,95.3,0.0,0.0,0.0,0.0,0.0,0.0,0.0,0.0,0.0,0.0,0.0,0.0,0.0,0.0,0.0,0.0,38.0,37.0,38.0,0.0,38.0,98.96,116.38,101.16,0.0,101.16,109.15,96.67,107.42,0.0,107.42,0.0,0.0,0.0,0.0,0.0,0.0,0.0,0.0,0.0,0.0,0.0,0.0,0.0,0.0,0.0
3530508,0.0,0.0,0.0,0.0,0.0,0.0,0.0,0.0,0.0,67681.0,0.0,67681.0,0.0,0.0,0.0,0.0,0.0,0.0,0.0,0.0,0.0,0.0,0.0,0.0,0.0,0.0,0.0,0.0,0.0,0.0,0.0,0.0,0.0,0.0,0.0,0.0,0.0,0.0,0.0,0.0,0.0,0.0,94.87,5.13,49.04,50.96,5.13,5.82,5.78,6.23,6.63,6.73,7.0,7.69,8.01,6.88,6.7,6.71,6.11,5.16,4.03,2.57,1.55,0.82,0.35,0.1,0.01,100.0,0.0,100.0,0.0,0.0,0.0,0.0,0.0,0.0,0.0,0.0,0.0,0.0,0.0,0.0,0.0,0.0,0.0,0.0,0.0,0.0,0.0,0.0,0.0,0.0,0.0,0.0,0.0,0.0,0.0,0.0,0.0,0.0,0.0,0.0,0.0,0.0,0.0,0.0,0.0,0.0,0.0,0.0,0.0,0.0,0.0,0.0,0.0,0.0,0.0,0.0,0.0,0.0,0.0,0.0,0.0,0.0,0.0,0.0,0.0,0.0,0.0,0.0,0.0,0.0,0.0,0.0,0.0,0.0,0.0,0.0,0.0,0.0,0.0,0.0,0.0,0.0,0.0,0.0,0.0,0.0,0.0,0.0,0.0,0.0,0.0,0.0,64211.0,3470.0,33194.0,34487.0,3469.0,3940.0,3912.0,4215.0,4485.0,4557.0,4737.0,5203.0,5423.0,4657.0,4535.0,4543.0,4136.0,3491.0,2726.0,1737.0,1050.0,556.0,235.0,67.0,7.0,67681.0,0.0,67681.0,96.49,95.09,96.7,96.16,99.11,98.97,99.19,98.33,97.13,95.97,83.63,89.39,98.77,96.42,0.0,96.42,0.0,0.0,0.0,0.0,0.0,0.0,0.0,0.0,0.0,0.0,0.0,0.0,0.0,0.0,0.0,0.0,39.0,38.0,39.0,0.0,39.0,95.29,115.93,96.25,0.0,96.25,125.75,91.59,123.71,0.0,123.71,0.0,0.0,0.0,0.0,0.0,0.0,0.0,0.0,0.0,0.0,0.0,0.0,0.0,0.0,0.0
3530607,0.0,0.0,0.0,0.0,0.0,0.0,0.0,0.0,0.0,451505.0,0.0,451505.0,0.0,0.0,0.0,0.0,0.0,0.0,0.0,0.0,0.0,0.0,0.0,0.0,0.0,0.0,0.0,0.0,0.0,0.0,0.0,0.0,0.0,0.0,0.0,0.0,0.0,0.0,0.0,0.0,0.0,0.0,93.93,6.07,48.1,51.9,6.03,6.72,6.8,6.94,7.49,7.36,7.53,8.05,8.18,6.95,6.45,5.85,5.04,3.98,2.82,1.79,1.13,0.59,0.23,0.06,0.01,100.0,0.0,100.0,0.0,0.0,0.0,0.0,0.0,0.0,0.0,0.0,0.0,0.0,0.0,0.0,0.0,0.0,0.0,0.0,0.0,0.0,0.0,0.0,0.0,0.0,0.0,0.0,0.0,0.0,0.0,0.0,0.0,0.0,0.0,0.0,0.0,0.0,0.0,0.0,0.0,0.0,0.0,0.0,0.0,0.0,0.0,0.0,0.0,0.0,0.0,0.0,0.0,0.0,0.0,0.0,0.0,0.0,0.0,0.0,0.0,0.0,0.0,0.0,0.0,0.0,0.0,0.0,0.0,0.0,0.0,0.0,0.0,0.0,0.0,0.0,0.0,0.0,0.0,0.0,0.0,0.0,0.0,0.0,0.0,0.0,0.0,0.0,424082.0,27423.0,217185.0,234320.0,27214.0,30359.0,30713.0,31322.0,33828.0,33224.0,34015.0,36367.0,36915.0,31391.0,29109.0,26421.0,22769.0,17970.0,12711.0,8084.0,5093.0,2652.0,1037.0,274.0,37.0,451505.0,0.0,451505.0,97.36,92.41,97.26,96.9,99.05,98.91,98.91,98.72,97.4,95.81,86.13,90.2,98.92,97.07,0.0,97.07,0.0,0.0,0.0,0.0,0.0,0.0,0.0,0.0,0.0,0.0,0.0,0.0,0.0,0.0,0.0,0.0,35.0,36.0,35.0,0.0,35.0,91.88,106.14,92.69,0.0,92.69,79.56,86.58,80.0,0.0,80.0,0.0,0.0,0.0,0.0,0.0,0.0,0.0,0.0,0.0,0.0,0.0,0.0,0.0,0.0,0.0
3530706,0.0,0.0,0.0,0.0,0.0,0.0,0.0,0.0,0.0,153658.0,0.0,153658.0,0.0,0.0,0.0,0.0,0.0,0.0,0.0,0.0,0.0,0.0,0.0,0.0,0.0,0.0,0.0,0.0,0.0,0.0,0.0,0.0,0.0,0.0,0.0,0.0,0.0,0.0,0.0,0.0,0.0,0.0,97.14,2.86,48.69,51.31,5.63,6.11,6.0,6.1,6.91,7.51,7.79,8.43,8.15,7.02,6.58,6.19,5.45,4.55,3.2,2.16,1.28,0.61,0.24,0.05,0.01,100.0,0.0,100.0,0.0,0.0,0.0,0.0,0.0,0.0,0.0,0.0,0.0,0.0,0.0,0.0,0.0,0.0,0.0,0.0,0.0,0.0,0.0,0.0,0.0,0.0,0.0,0.0,0.0,0.0,0.0,0.0,0.0,0.0,0.0,0.0,0.0,0.0,0.0,0.0,0.0,0.0,0.0,0.0,0.0,0.0,0.0,0.0,0.0,0.0,0.0,0.0,0.0,0.0,0.0,0.0,0.0,0.0,0.0,0.0,0.0,0.0,0.0,0.0,0.0,0.0,0.0,0.0,0.0,0.0,0.0,0.0,0.0,0.0,0.0,0.0,0.0,0.0,0.0,0.0,0.0,0.0,0.0,0.0,0.0,0.0,0.0,0.0,149262.0,4396.0,74823.0,78835.0,8655.0,9387.0,9227.0,9379.0,10620.0,11536.0,11975.0,12958.0,12521.0,10793.0,10110.0,9506.0,8381.0,6997.0,4919.0,3324.0,1962.0,941.0,372.0,81.0,14.0,153658.0,0.0,153658.0,97.22,96.31,97.52,96.89,99.2,99.07,99.1,98.72,97.82,96.68,84.16,90.37,99.18,97.19,0.0,97.19,0.0,0.0,0.0,0.0,0.0,0.0,0.0,0.0,0.0,0.0,0.0,0.0,0.0,0.0,0.0,0.0,37.0,36.0,37.0,0.0,37.0,95.31,82.18,94.91,0.0,94.91,98.77,107.3,98.98,0.0,98.98,0.0,0.0,0.0,0.0,0.0,0.0,0.0,0.0,0.0,0.0,0.0,0.0,0.0,0.0,0.0
3530805,0.0,0.0,0.0,0.0,0.0,0.0,0.0,0.0,0.0,92558.0,0.0,92558.0,0.0,0.0,0.0,0.0,0.0,0.0,0.0,0.0,0.0,0.0,0.0,0.0,0.0,0.0,0.0,0.0,0.0,0.0,0.0,0.0,0.0,0.0,0.0,0.0,0.0,0.0,0.0,0.0,0.0,0.0,94.32,5.68,48.6,51.4,5.22,5.84,5.81,6.05,6.49,6.88,7.32,8.13,8.19,7.06,6.9,6.6,6.0,4.93,3.64,2.33,1.42,0.78,0.33,0.07,0.01,100.0,0.0,100.0,0.0,0.0,0.0,0.0,0.0,0.0,0.0,0.0,0.0,0.0,0.0,0.0,0.0,0.0,0.0,0.0,0.0,0.0,0.0,0.0,0.0,0.0,0.0,0.0,0.0,0.0,0.0,0.0,0.0,0.0,0.0,0.0,0.0,0.0,0.0,0.0,0.0,0.0,0.0,0.0,0.0,0.0,0.0,0.0,0.0,0.0,0.0,0.0,0.0,0.0,0.0,0.0,0.0,0.0,0.0,0.0,0.0,0.0,0.0,0.0,0.0,0.0,0.0,0.0,0.0,0.0,0.0,0.0,0.0,0.0,0.0,0.0,0.0,0.0,0.0,0.0,0.0,0.0,0.0,0.0,0.0,0.0,0.0,0.0,87305.0,5253.0,44987.0,47571.0,4831.0,5404.0,5375.0,5596.0,6008.0,6367.0,6775.0,7527.0,7585.0,6534.0,6386.0,6105.0,5549.0,4564.0,3365.0,2161.0,1316.0,724.0,308.0,69.0,9.0,92558.0,0.0,92558.0,97.1,94.45,97.06,96.85,99.1,98.94,99.49,98.55,97.37,95.8,87.12,91.43,99.38,96.95,0.0,96.95,0.0,0.0,0.0,0.0,0.0,0.0,0.0,0.0,0.0,0.0,0.0,0.0,0.0,0.0,0.0,0.0,39.0,38.0,39.0,0.0,39.0,93.0,124.97,94.57,0.0,94.57,116.28,106.73,115.73,0.0,115.73,0.0,0.0,0.0,0.0,0.0,0.0,0.0,0.0,0.0,0.0,0.0,0.0,0.0,0.0,0.0
3530904,0.0,0.0,0.0,0.0,0.0,0.0,0.0,0.0,0.0,3722.0,0.0,3722.0,0.0,0.0,0.0,0.0,0.0,0.0,0.0,0.0,0.0,0.0,0.0,0.0,0.0,0.0,0.0,0.0,0.0,0.0,0.0,0.0,0.0,0.0,0.0,0.0,0.0,0.0,0.0,0.0,0.0,0.0,85.14,14.86,49.11,50.89,7.85,7.9,6.77,6.77,6.96,7.63,6.9,7.55,7.04,6.37,6.64,6.39,5.32,3.57,2.47,1.99,1.16,0.43,0.21,0.08,0.0,100.0,0.0,100.0,0.0,0.0,0.0,0.0,0.0,0.0,0.0,0.0,0.0,0.0,0.0,0.0,0.0,0.0,0.0,0.0,0.0,0.0,0.0,0.0,0.0,0.0,0.0,0.0,0.0,0.0,0.0,0.0,0.0,0.0,0.0,0.0,0.0,0.0,0.0,0.0,0.0,0.0,0.0,0.0,0.0,0.0,0.0,0.0,0.0,0.0,0.0,0.0,0.0,0.0,0.0,0.0,0.0,0.0,0.0,0.0,0.0,0.0,0.0,0.0,0.0,0.0,0.0,0.0,0.0,0.0,0.0,0.0,0.0,0.0,0.0,0.0,0.0,0.0,0.0,0.0,0.0,0.0,0.0,0.0,0.0,0.0,0.0,0.0,3169.0,553.0,1828.0,1894.0,292.0,294.0,252.0,252.0,259.0,284.0,257.0,281.0,262.0,237.0,247.0,238.0,198.0,133.0,92.0,74.0,43.0,16.0,8.0,3.0,0.0,3722.0,0.0,3722.0,92.59,94.74,94.04,91.86,98.46,98.52,95.89,97.05,92.15,85.32,75.0,81.84,99.06,92.93,0.0,92.93,0.0,0.0,0.0,0.0,0.0,0.0,0.0,0.0,0.0,0.0,0.0,0.0,0.0,0.0,0.0,0.0,33.0,44.0,34.0,0.0,34.0,96.1,98.92,96.52,0.0,96.52,58.7,136.08,67.66,0.0,67.66,0.0,0.0,0.0,0.0,0.0,0.0,0.0,0.0,0.0,0.0,0.0,0.0,0.0,0.0,0.0
3531001,0.0,0.0,0.0,0.0,0.0,0.0,0.0,0.0,0.0,1937.0,0.0,1937.0,0.0,0.0,0.0,0.0,0.0,0.0,0.0,0.0,0.0,0.0,0.0,0.0,0.0,0.0,0.0,0.0,0.0,0.0,0.0,0.0,0.0,0.0,0.0,0.0,0.0,0.0,0.0,0.0,0.0,0.0,90.5,9.5,49.66,50.34,4.54,5.89,5.63,5.83,4.18,4.34,5.11,7.02,7.07,7.59,7.33,7.95,7.85,6.71,4.75,3.92,2.12,1.24,0.77,0.15,0.0,100.0,0.0,100.0,0.0,0.0,0.0,0.0,0.0,0.0,0.0,0.0,0.0,0.0,0.0,0.0,0.0,0.0,0.0,0.0,0.0,0.0,0.0,0.0,0.0,0.0,0.0,0.0,0.0,0.0,0.0,0.0,0.0,0.0,0.0,0.0,0.0,0.0,0.0,0.0,0.0,0.0,0.0,0.0,0.0,0.0,0.0,0.0,0.0,0.0,0.0,0.0,0.0,0.0,0.0,0.0,0.0,0.0,0.0,0.0,0.0,0.0,0.0,0.0,0.0,0.0,0.0,0.0,0.0,0.0,0.0,0.0,0.0,0.0,0.0,0.0,0.0,0.0,0.0,0.0,0.0,0.0,0.0,0.0,0.0,0.0,0.0,0.0,1753.0,184.0,962.0,975.0,88.0,114.0,109.0,113.0,81.0,84.0,99.0,136.0,137.0,147.0,142.0,154.0,152.0,130.0,92.0,76.0,41.0,24.0,15.0,3.0,0.0,1937.0,0.0,1937.0,94.06,95.65,95.1,93.37,96.3,99.45,98.61,98.17,97.23,97.06,75.47,82.41,100.0,94.22,0.0,94.22,0.0,0.0,0.0,0.0,0.0,0.0,0.0,0.0,0.0,0.0,0.0,0.0,0.0,0.0,0.0,0.0,44.0,48.0,45.0,0.0,45.0,96.3,124.39,98.67,0.0,98.67,166.67,230.43,171.38,0.0,171.38,0.0,0.0,0.0,0.0,0.0,0.0,0.0,0.0,0.0,0.0,0.0,0.0,0.0,0.0,0.0
3531100,100.0,0.0,100.0,24.0,0.0,24.0,0.04,0.0,0.04,61951.0,0.0,61951.0,100.0,0.0,100.0,100.0,0.0,100.0,100.0,0.0,100.0,7.0,0.0,7.0,30.0,0.0,30.0,24.0,0.0,24.0,4.29,0.0,4.29,3.43,0.0,3.43,0.03,0.0,0.03,80.0,0.0,80.0,98.86,1.14,50.87,49.13,5.07,6.87,6.4,6.37,6.41,6.86,5.98,6.84,6.84,6.95,6.3,6.29,7.31,6.08,5.22,2.24,1.2,0.52,0.19,0.06,0.0,100.0,0.0,100.0,100.0,0.0,41.67,58.33,4.17,12.5,16.67,25.0,4.17,12.5,0.0,4.17,0.0,0.0,8.33,4.17,0.0,4.17,4.17,0.0,0.0,0.0,0.0,0.0,0.0,100.0,0.0,100.0,24.0,0.0,10.0,14.0,1.0,3.0,4.0,6.0,1.0,3.0,0.0,1.0,0.0,0.0,2.0,1.0,0.0,1.0,1.0,0.0,0.0,0.0,0.0,0.0,0.0,24.0,0.0,24.0,0.04,0.0,0.03,0.05,0.03,0.07,0.1,0.15,0.03,0.07,0.0,0.02,0.0,0.0,0.05,0.03,0.0,0.03,0.03,0.0,0.0,0.0,0.0,0.0,0.0,0.04,0.0,0.04,61244.0,707.0,31512.0,30439.0,3138.0,4255.0,3965.0,3947.0,3973.0,4247.0,3706.0,4237.0,4238.0,4308.0,3905.0,3898.0,4526.0,3766.0,3232.0,1386.0,742.0,322.0,117.0,40.0,3.0,61951.0,0.0,61951.0,96.25,87.98,96.06,96.29,98.59,98.18,98.06,97.83,96.47,95.29,87.47,91.63,99.08,96.17,0.0,96.17,100.0,0.0,100.0,100.0,100.0,100.0,100.0,100.0,100.0,100.0,0.0,100.0,100.0,100.0,0.0,100.0,39.0,31.0,39.0,0.0,39.0,103.23,133.33,103.53,0.0,103.53,125.62,55.5,124.44,0.0,124.44,18.0,0.0,18.0,0.0,18.0,71.43,0.0,71.43,0.0,71.43,25.0,0.0,25.0,0.0,25.0
3531209,0.0,0.0,0.0,0.0,0.0,0.0,0.0,0.0,0.0,8627.0,0.0,8627.0,0.0,0.0,0.0,0.0,0.0,0.0,0.0,0.0,0.0,0.0,0.0,0.0,0.0,0.0,0.0,0.0,0.0,0.0,0.0,0.0,0.0,0.0,0.0,0.0,0.0,0.0,0.0,0.0,0.0,0.0,70.31,29.69,49.59,50.41,4.67,5.68,5.32,5.31,5.87,6.18,6.84,7.87,7.66,7.02,6.9,7.14,7.5,5.71,4.0,3.04,1.75,1.05,0.38,0.09,0.01,100.0,0.0,100.0,0.0,0.0,0.0,0.0,0.0,0.0,0.0,0.0,0.0,0.0,0.0,0.0,0.0,0.0,0.0,0.0,0.0,0.0,0.0,0.0,0.0,0.0,0.0,0.0,0.0,0.0,0.0,0.0,0.0,0.0,0.0,0.0,0.0,0.0,0.0,0.0,0.0,0.0,0.0,0.0,0.0,0.0,0.0,0.0,0.0,0.0,0.0,0.0,0.0,0.0,0.0,0.0,0.0,0.0,0.0,0.0,0.0,0.0,0.0,0.0,0.0,0.0,0.0,0.0,0.0,0.0,0.0,0.0,0.0,0.0,0.0,0.0,0.0,0.0,0.0,0.0,0.0,0.0,0.0,0.0,0.0,0.0,0.0,0.0,6066.0,2561.0,4278.0,4349.0,403.0,490.0,459.0,458.0,506.0,533.0,590.0,679.0,661.0,606.0,595.0,616.0,647.0,493.0,345.0,262.0,151.0,91.0,33.0,8.0,1.0,8627.0,0.0,8627.0,96.14,94.95,95.92,95.67,99.8,99.2,98.57,98.36,96.5,94.85,83.33,88.29,99.44,95.79,0.0,95.79,0.0,0.0,0.0,0.0,0.0,0.0,0.0,0.0,0.0,0.0,0.0,0.0,0.0,0.0,0.0,0.0,41.0,40.0,41.0,0.0,41.0,94.55,108.04,98.37,0.0,98.37,157.85,133.41,150.22,0.0,150.22,0.0,0.0,0.0,0.0,0.0,0.0,0.0,0.0,0.0,0.0,0.0,0.0,0.0,0.0,0.0
3531308,0.0,0.0,0.0,0.0,0.0,0.0,0.0,0.0,0.0,47574.0,0.0,47574.0,0.0,0.0,0.0,0.0,0.0,0.0,0.0,0.0,0.0,0.0,0.0,0.0,0.0,0.0,0.0,0.0,0.0,0.0,0.0,0.0,0.0,0.0,0.0,0.0,0.0,0.0,0.0,0.0,0.0,0.0,96.48,3.52,48.91,51.09,5.08,5.48,5.27,5.67,6.37,6.87,7.23,8.17,8.05,6.92,7.11,6.81,6.14,5.1,3.88,2.59,1.71,1.01,0.43,0.08,0.01,100.0,0.0,100.0,0.0,0.0,0.0,0.0,0.0,0.0,0.0,0.0,0.0,0.0,0.0,0.0,0.0,0.0,0.0,0.0,0.0,0.0,0.0,0.0,0.0,0.0,0.0,0.0,0.0,0.0,0.0,0.0,0.0,0.0,0.0,0.0,0.0,0.0,0.0,0.0,0.0,0.0,0.0,0.0,0.0,0.0,0.0,0.0,0.0,0.0,0.0,0.0,0.0,0.0,0.0,0.0,0.0,0.0,0.0,0.0,0.0,0.0,0.0,0.0,0.0,0.0,0.0,0.0,0.0,0.0,0.0,0.0,0.0,0.0,0.0,0.0,0.0,0.0,0.0,0.0,0.0,0.0,0.0,0.0,0.0,0.0,0.0,0.0,45899.0,1675.0,23270.0,24304.0,2419.0,2607.0,2505.0,2698.0,3032.0,3266.0,3441.0,3888.0,3831.0,3294.0,3382.0,3242.0,2920.0,2424.0,1847.0,1234.0,815.0,482.0,204.0,37.0,6.0,47574.0,0.0,47574.0,96.73,95.66,97.31,96.11,99.27,99.22,99.39,98.68,97.29,96.15,84.09,89.84,99.52,96.69,0.0,96.69,0.0,0.0,0.0,0.0,0.0,0.0,0.0,0.0,0.0,0.0,0.0,0.0,0.0,0.0,0.0,0.0,39.0,45.0,39.0,0.0,39.0,95.28,109.38,95.75,0.0,95.75,130.71,186.22,132.37,0.0,132.37,0.0,0.0,0.0,0.0,0.0,0.0,0.0,0.0,0.0,0.0,0.0,0.0,0.0,0.0,0.0
3531407,0.0,0.0,0.0,0.0,0.0,0.0,0.0,0.0,0.0,22280.0,0.0,22280.0,0.0,0.0,0.0,0.0,0.0,0.0,0.0,0.0,0.0,0.0,0.0,0.0,0.0,0.0,0.0,0.0,0.0,0.0,0.0,0.0,0.0,0.0,0.0,0.0,0.0,0.0,0.0,0.0,0.0,0.0,93.16,6.84,48.86,51.14,5.16,5.56,5.81,6.16,6.39,6.32,7.17,8.02,7.91,6.9,6.8,6.61,5.81,5.13,4.05,2.84,1.92,0.98,0.37,0.08,0.04,100.0,0.0,100.0,0.0,0.0,0.0,0.0,0.0,0.0,0.0,0.0,0.0,0.0,0.0,0.0,0.0,0.0,0.0,0.0,0.0,0.0,0.0,0.0,0.0,0.0,0.0,0.0,0.0,0.0,0.0,0.0,0.0,0.0,0.0,0.0,0.0,0.0,0.0,0.0,0.0,0.0,0.0,0.0,0.0,0.0,0.0,0.0,0.0,0.0,0.0,0.0,0.0,0.0,0.0,0.0,0.0,0.0,0.0,0.0,0.0,0.0,0.0,0.0,0.0,0.0,0.0,0.0,0.0,0.0,0.0,0.0,0.0,0.0,0.0,0.0,0.0,0.0,0.0,0.0,0.0,0.0,0.0,0.0,0.0,0.0,0.0,0.0,20756.0,1524.0,10885.0,11395.0,1149.0,1238.0,1294.0,1372.0,1423.0,1408.0,1597.0,1786.0,1763.0,1537.0,1515.0,1472.0,1295.0,1142.0,902.0,633.0,428.0,219.0,82.0,17.0,8.0,22280.0,0.0,22280.0,96.34,94.55,96.44,96.0,98.95,98.4,98.11,98.2,96.53,96.89,84.28,89.42,98.86,96.21,0.0,96.21,0.0,0.0,0.0,0.0,0.0,0.0,0.0,0.0,0.0,0.0,0.0,0.0,0.0,0.0,0.0,0.0,39.0,41.0,39.0,0.0,39.0,94.09,117.4,95.52,0.0,95.52,127.57,140.17,128.39,0.0,128.39,0.0,0.0,0.0,0.0,0.0,0.0,0.0,0.0,0.0,0.0,0.0,0.0,0.0,0.0,0.0
3531506,0.0,0.0,0.0,0.0,0.0,0.0,0.0,0.0,0.0,18151.0,0.0,18151.0,0.0,0.0,0.0,0.0,0.0,0.0,0.0,0.0,0.0,0.0,0.0,0.0,0.0,0.0,0.0,0.0,0.0,0.0,0.0,0.0,0.0,0.0,0.0,0.0,0.0,0.0,0.0,0.0,0.0,0.0,94.14,5.86,50.04,49.96,5.06,5.34,5.54,6.09,6.13,7.06,7.49,7.96,7.93,6.67,7.2,6.77,6.08,4.67,3.97,2.74,1.79,0.96,0.41,0.13,0.02,100.0,0.0,100.0,0.0,0.0,0.0,0.0,0.0,0.0,0.0,0.0,0.0,0.0,0.0,0.0,0.0,0.0,0.0,0.0,0.0,0.0,0.0,0.0,0.0,0.0,0.0,0.0,0.0,0.0,0.0,0.0,0.0,0.0,0.0,0.0,0.0,0.0,0.0,0.0,0.0,0.0,0.0,0.0,0.0,0.0,0.0,0.0,0.0,0.0,0.0,0.0,0.0,0.0,0.0,0.0,0.0,0.0,0.0,0.0,0.0,0.0,0.0,0.0,0.0,0.0,0.0,0.0,0.0,0.0,0.0,0.0,0.0,0.0,0.0,0.0,0.0,0.0,0.0,0.0,0.0,0.0,0.0,0.0,0.0,0.0,0.0,0.0,17088.0,1063.0,9082.0,9069.0,918.0,969.0,1006.0,1106.0,1113.0,1281.0,1360.0,1444.0,1440.0,1211.0,1307.0,1229.0,1103.0,847.0,720.0,498.0,324.0,174.0,75.0,23.0,3.0,18151.0,0.0,18151.0,95.13,96.19,95.44,94.96,98.56,98.37,98.38,97.85,96.39,93.22,82.5,87.01,98.59,95.2,0.0,95.2,0.0,0.0,0.0,0.0,0.0,0.0,0.0,0.0,0.0,0.0,0.0,0.0,0.0,0.0,0.0,0.0,39.0,39.0,39.0,0.0,39.0,99.23,116.06,100.14,0.0,100.14,131.07,116.47,130.21,0.0,130.21,0.0,0.0,0.0,0.0,0.0,0.0,0.0,0.0,0.0,0.0,0.0,0.0,0.0,0.0,0.0
3531605,0.0,0.0,0.0,0.0,0.0,0.0,0.0,0.0,0.0,4222.0,0.0,4222.0,0.0,0.0,0.0,0.0,0.0,0.0,0.0,0.0,0.0,0.0,0.0,0.0,0.0,0.0,0.0,0.0,0.0,0.0,0.0,0.0,0.0,0.0,0.0,0.0,0.0,0.0,0.0,0.0,0.0,0.0,84.49,15.51,49.6,50.4,5.97,6.11,5.66,6.13,5.92,6.35,6.37,7.11,7.96,6.51,6.42,6.8,6.7,5.66,3.86,2.96,1.99,0.99,0.19,0.26,0.07,100.0,0.0,100.0,0.0,0.0,0.0,0.0,0.0,0.0,0.0,0.0,0.0,0.0,0.0,0.0,0.0,0.0,0.0,0.0,0.0,0.0,0.0,0.0,0.0,0.0,0.0,0.0,0.0,0.0,0.0,0.0,0.0,0.0,0.0,0.0,0.0,0.0,0.0,0.0,0.0,0.0,0.0,0.0,0.0,0.0,0.0,0.0,0.0,0.0,0.0,0.0,0.0,0.0,0.0,0.0,0.0,0.0,0.0,0.0,0.0,0.0,0.0,0.0,0.0,0.0,0.0,0.0,0.0,0.0,0.0,0.0,0.0,0.0,0.0,0.0,0.0,0.0,0.0,0.0,0.0,0.0,0.0,0.0,0.0,0.0,0.0,0.0,3567.0,655.0,2094.0,2128.0,252.0,258.0,239.0,259.0,250.0,268.0,269.0,300.0,336.0,275.0,271.0,287.0,283.0,239.0,163.0,125.0,84.0,42.0,8.0,11.0,3.0,4222.0,0.0,4222.0,92.24,94.06,93.57,91.56,98.4,99.07,97.55,98.11,95.6,91.23,67.03,76.74,96.88,92.54,0.0,92.54,0.0,0.0,0.0,0.0,0.0,0.0,0.0,0.0,0.0,0.0,0.0,0.0,0.0,0.0,0.0,0.0,38.0,49.0,40.0,0.0,40.0,94.92,119.8,98.4,0.0,98.4,112.16,254.22,127.9,0.0,127.9,0.0,0.0,0.0,0.0,0.0,0.0,0.0,0.0,0.0,0.0,0.0,0.0,0.0,0.0,0.0
3531704,0.0,0.0,0.0,0.0,0.0,0.0,0.0,0.0,0.0,4138.0,0.0,4138.0,0.0,0.0,0.0,0.0,0.0,0.0,0.0,0.0,0.0,0.0,0.0,0.0,0.0,0.0,0.0,0.0,0.0,0.0,0.0,0.0,0.0,0.0,0.0,0.0,0.0,0.0,0.0,0.0,0.0,0.0,37.41,62.59,49.95,50.05,5.53,6.98,7.54,5.9,5.63,5.22,6.04,7.54,7.49,6.72,6.23,7.52,7.03,5.68,3.38,2.9,1.57,0.58,0.39,0.12,0.0,100.0,0.0,100.0,0.0,0.0,0.0,0.0,0.0,0.0,0.0,0.0,0.0,0.0,0.0,0.0,0.0,0.0,0.0,0.0,0.0,0.0,0.0,0.0,0.0,0.0,0.0,0.0,0.0,0.0,0.0,0.0,0.0,0.0,0.0,0.0,0.0,0.0,0.0,0.0,0.0,0.0,0.0,0.0,0.0,0.0,0.0,0.0,0.0,0.0,0.0,0.0,0.0,0.0,0.0,0.0,0.0,0.0,0.0,0.0,0.0,0.0,0.0,0.0,0.0,0.0,0.0,0.0,0.0,0.0,0.0,0.0,0.0,0.0,0.0,0.0,0.0,0.0,0.0,0.0,0.0,0.0,0.0,0.0,0.0,0.0,0.0,0.0,1548.0,2590.0,2067.0,2071.0,229.0,289.0,312.0,244.0,233.0,216.0,250.0,312.0,310.0,278.0,258.0,311.0,291.0,235.0,140.0,120.0,65.0,24.0,16.0,5.0,0.0,4138.0,0.0,4138.0,92.68,91.44,91.16,92.65,98.28,98.07,99.34,96.3,91.6,90.53,72.17,78.68,100.0,91.9,0.0,91.9,0.0,0.0,0.0,0.0,0.0,0.0,0.0,0.0,0.0,0.0,0.0,0.0,0.0,0.0,0.0,0.0,38.0,40.0,39.0,0.0,39.0,90.41,105.88,99.81,0.0,99.81,102.51,111.35,107.95,0.0,107.95,0.0,0.0,0.0,0.0,0.0,0.0,0.0,0.0,0.0,0.0,0.0,0.0,0.0,0.0,0.0
3531803,0.0,0.0,0.0,0.0,0.0,0.0,0.0,0.0,0.0,64662.0,0.0,64662.0,0.0,0.0,0.0,0.0,0.0,0.0,0.0,0.0,0.0,0.0,0.0,0.0,0.0,0.0,0.0,0.0,0.0,0.0,0.0,0.0,0.0,0.0,0.0,0.0,0.0,0.0,0.0,0.0,0.0,0.0,97.04,2.96,49.29,50.71,6.57,7.27,7.1,6.89,7.46,7.67,8.03,8.58,9.06,7.01,6.11,5.05,4.52,3.48,2.39,1.35,0.85,0.42,0.14,0.05,0.0,100.0,0.0,100.0,0.0,0.0,0.0,0.0,0.0,0.0,0.0,0.0,0.0,0.0,0.0,0.0,0.0,0.0,0.0,0.0,0.0,0.0,0.0,0.0,0.0,0.0,0.0,0.0,0.0,0.0,0.0,0.0,0.0,0.0,0.0,0.0,0.0,0.0,0.0,0.0,0.0,0.0,0.0,0.0,0.0,0.0,0.0,0.0,0.0,0.0,0.0,0.0,0.0,0.0,0.0,0.0,0.0,0.0,0.0,0.0,0.0,0.0,0.0,0.0,0.0,0.0,0.0,0.0,0.0,0.0,0.0,0.0,0.0,0.0,0.0,0.0,0.0,0.0,0.0,0.0,0.0,0.0,0.0,0.0,0.0,0.0,0.0,0.0,62751.0,1911.0,31872.0,32790.0,4249.0,4698.0,4593.0,4458.0,4822.0,4961.0,5192.0,5549.0,5859.0,4530.0,3951.0,3265.0,2922.0,2248.0,1548.0,873.0,548.0,270.0,91.0,32.0,3.0,64662.0,0.0,64662.0,95.59,95.02,95.87,95.29,98.84,98.85,98.97,98.01,95.83,92.32,74.46,82.42,98.96,95.58,0.0,95.58,0.0,0.0,0.0,0.0,0.0,0.0,0.0,0.0,0.0,0.0,0.0,0.0,0.0,0.0,0.0,0.0,34.0,35.0,34.0,0.0,34.0,97.05,102.22,97.2,0.0,97.2,62.6,77.86,63.04,0.0,63.04,0.0,0.0,0.0,0.0,0.0,0.0,0.0,0.0,0.0,0.0,0.0,0.0,0.0,0.0,0.0
3531902,0.0,0.0,0.0,0.0,0.0,0.0,0.0,0.0,0.0,27933.0,0.0,27933.0,0.0,0.0,0.0,0.0,0.0,0.0,0.0,0.0,0.0,0.0,0.0,0.0,0.0,0.0,0.0,0.0,0.0,0.0,0.0,0.0,0.0,0.0,0.0,0.0,0.0,0.0,0.0,0.0,0.0,0.0,96.23,3.77,49.0,51.0,6.13,6.67,6.84,7.21,7.24,7.34,7.51,8.42,7.82,6.94,6.52,5.88,4.89,3.82,2.9,1.91,1.16,0.55,0.17,0.03,0.01,100.0,0.0,100.0,0.0,0.0,0.0,0.0,0.0,0.0,0.0,0.0,0.0,0.0,0.0,0.0,0.0,0.0,0.0,0.0,0.0,0.0,0.0,0.0,0.0,0.0,0.0,0.0,0.0,0.0,0.0,0.0,0.0,0.0,0.0,0.0,0.0,0.0,0.0,0.0,0.0,0.0,0.0,0.0,0.0,0.0,0.0,0.0,0.0,0.0,0.0,0.0,0.0,0.0,0.0,0.0,0.0,0.0,0.0,0.0,0.0,0.0,0.0,0.0,0.0,0.0,0.0,0.0,0.0,0.0,0.0,0.0,0.0,0.0,0.0,0.0,0.0,0.0,0.0,0.0,0.0,0.0,0.0,0.0,0.0,0.0,0.0,0.0,26879.0,1054.0,13687.0,14246.0,1713.0,1864.0,1912.0,2013.0,2023.0,2051.0,2099.0,2352.0,2184.0,1939.0,1822.0,1643.0,1367.0,1068.0,811.0,534.0,324.0,154.0,48.0,9.0,3.0,27933.0,0.0,27933.0,94.85,94.78,94.71,94.98,99.01,98.67,98.09,96.85,93.88,92.56,78.45,84.82,98.42,94.85,0.0,94.85,0.0,0.0,0.0,0.0,0.0,0.0,0.0,0.0,0.0,0.0,0.0,0.0,0.0,0.0,0.0,0.0,35.0,36.0,35.0,0.0,35.0,95.55,110.38,96.08,0.0,96.08,79.86,51.52,78.67,0.0,78.67,0.0,0.0,0.0,0.0,0.0,0.0,0.0,0.0,0.0,0.0,0.0,0.0,0.0,0.0,0.0
3532009,0.0,0.0,0.0,0.0,0.0,0.0,0.0,0.0,0.0,13720.0,0.0,13720.0,0.0,0.0,0.0,0.0,0.0,0.0,0.0,0.0,0.0,0.0,0.0,0.0,0.0,0.0,0.0,0.0,0.0,0.0,0.0,0.0,0.0,0.0,0.0,0.0,0.0,0.0,0.0,0.0,0.0,0.0,84.99,15.01,48.87,51.13,6.25,6.51,6.25,6.84,7.32,7.5,7.64,7.85,8.15,7.03,6.42,5.85,4.92,4.13,3.38,1.95,1.13,0.6,0.21,0.07,0.01,100.0,0.0,100.0,0.0,0.0,0.0,0.0,0.0,0.0,0.0,0.0,0.0,0.0,0.0,0.0,0.0,0.0,0.0,0.0,0.0,0.0,0.0,0.0,0.0,0.0,0.0,0.0,0.0,0.0,0.0,0.0,0.0,0.0,0.0,0.0,0.0,0.0,0.0,0.0,0.0,0.0,0.0,0.0,0.0,0.0,0.0,0.0,0.0,0.0,0.0,0.0,0.0,0.0,0.0,0.0,0.0,0.0,0.0,0.0,0.0,0.0,0.0,0.0,0.0,0.0,0.0,0.0,0.0,0.0,0.0,0.0,0.0,0.0,0.0,0.0,0.0,0.0,0.0,0.0,0.0,0.0,0.0,0.0,0.0,0.0,0.0,0.0,11660.0,2060.0,6705.0,7015.0,858.0,893.0,858.0,939.0,1004.0,1029.0,1048.0,1077.0,1118.0,964.0,881.0,802.0,675.0,566.0,464.0,267.0,155.0,82.0,29.0,10.0,1.0,13720.0,0.0,13720.0,96.67,94.56,96.37,96.36,99.1,99.18,98.81,98.68,95.99,94.85,81.07,87.8,100.0,96.36,0.0,96.36,0.0,0.0,0.0,0.0,0.0,0.0,0.0,0.0,0.0,0.0,0.0,0.0,0.0,0.0,0.0,0.0,36.0,35.0,35.0,0.0,35.0,93.49,108.29,95.58,0.0,95.58,89.89,68.1,86.2,0.0,86.2,0.0,0.0,0.0,0.0,0.0,0.0,0.0,0.0,0.0,0.0,0.0,0.0,0.0,0.0,0.0
3532058,0.0,0.0,0.0,0.0,0.0,0.0,0.0,0.0,0.0,4034.0,0.0,4034.0,0.0,0.0,0.0,0.0,0.0,0.0,0.0,0.0,0.0,0.0,0.0,0.0,0.0,0.0,0.0,0.0,0.0,0.0,0.0,0.0,0.0,0.0,0.0,0.0,0.0,0.0,0.0,0.0,0.0,0.0,73.05,26.95,50.57,49.43,5.3,6.74,6.1,6.62,6.1,7.11,7.06,7.26,8.4,7.46,6.54,6.64,6.25,4.41,3.52,2.03,1.41,0.57,0.35,0.1,0.0,100.0,0.0,100.0,0.0,0.0,0.0,0.0,0.0,0.0,0.0,0.0,0.0,0.0,0.0,0.0,0.0,0.0,0.0,0.0,0.0,0.0,0.0,0.0,0.0,0.0,0.0,0.0,0.0,0.0,0.0,0.0,0.0,0.0,0.0,0.0,0.0,0.0,0.0,0.0,0.0,0.0,0.0,0.0,0.0,0.0,0.0,0.0,0.0,0.0,0.0,0.0,0.0,0.0,0.0,0.0,0.0,0.0,0.0,0.0,0.0,0.0,0.0,0.0,0.0,0.0,0.0,0.0,0.0,0.0,0.0,0.0,0.0,0.0,0.0,0.0,0.0,0.0,0.0,0.0,0.0,0.0,0.0,0.0,0.0,0.0,0.0,0.0,2947.0,1087.0,2040.0,1994.0,214.0,272.0,246.0,267.0,246.0,287.0,285.0,293.0,339.0,301.0,264.0,268.0,252.0,178.0,142.0,82.0,57.0,23.0,14.0,4.0,0.0,4034.0,0.0,4034.0,94.3,89.53,92.83,93.18,98.78,99.13,98.15,97.94,93.45,88.46,71.67,78.0,100.0,93.0,0.0,93.0,0.0,0.0,0.0,0.0,0.0,0.0,0.0,0.0,0.0,0.0,0.0,0.0,0.0,0.0,0.0,0.0,37.0,41.0,38.0,0.0,38.0,99.66,109.85,102.31,0.0,102.31,97.24,118.52,102.73,0.0,102.73,0.0,0.0,0.0,0.0,0.0,0.0,0.0,0.0,0.0,0.0,0.0,0.0,0.0,0.0,0.0
3532108,0.0,0.0,0.0,0.0,0.0,0.0,0.0,0.0,0.0,3737.0,0.0,3737.0,0.0,0.0,0.0,0.0,0.0,0.0,0.0,0.0,0.0,0.0,0.0,0.0,0.0,0.0,0.0,0.0,0.0,0.0,0.0,0.0,0.0,0.0,0.0,0.0,0.0,0.0,0.0,0.0,0.0,0.0,73.37,26.63,49.59,50.41,4.55,5.35,4.92,5.59,5.97,4.98,5.33,5.97,6.96,7.09,8.27,8.88,7.14,6.13,4.71,3.96,1.85,1.5,0.62,0.24,0.0,100.0,0.0,100.0,0.0,0.0,0.0,0.0,0.0,0.0,0.0,0.0,0.0,0.0,0.0,0.0,0.0,0.0,0.0,0.0,0.0,0.0,0.0,0.0,0.0,0.0,0.0,0.0,0.0,0.0,0.0,0.0,0.0,0.0,0.0,0.0,0.0,0.0,0.0,0.0,0.0,0.0,0.0,0.0,0.0,0.0,0.0,0.0,0.0,0.0,0.0,0.0,0.0,0.0,0.0,0.0,0.0,0.0,0.0,0.0,0.0,0.0,0.0,0.0,0.0,0.0,0.0,0.0,0.0,0.0,0.0,0.0,0.0,0.0,0.0,0.0,0.0,0.0,0.0,0.0,0.0,0.0,0.0,0.0,0.0,0.0,0.0,0.0,2742.0,995.0,1853.0,1884.0,170.0,200.0,184.0,209.0,223.0,186.0,199.0,223.0,260.0,265.0,309.0,332.0,267.0,229.0,176.0,148.0,69.0,56.0,23.0,9.0,0.0,3737.0,0.0,3737.0,94.62,93.6,95.17,93.55,97.31,98.44,99.27,97.93,96.69,95.66,77.05,84.37,98.61,94.34,0.0,94.34,0.0,0.0,0.0,0.0,0.0,0.0,0.0,0.0,0.0,0.0,0.0,0.0,0.0,0.0,0.0,0.0,44.0,49.0,45.0,0.0,45.0,92.02,118.2,98.35,0.0,98.35,169.38,197.79,176.35,0.0,176.35,0.0,0.0,0.0,0.0,0.0,0.0,0.0,0.0,0.0,0.0,0.0,0.0,0.0,0.0,0.0
3532157,0.0,0.0,0.0,0.0,0.0,0.0,0.0,0.0,0.0,2660.0,0.0,2660.0,0.0,0.0,0.0,0.0,0.0,0.0,0.0,0.0,0.0,0.0,0.0,0.0,0.0,0.0,0.0,0.0,0.0,0.0,0.0,0.0,0.0,0.0,0.0,0.0,0.0,0.0,0.0,0.0,0.0,0.0,91.73,8.27,49.06,50.94,6.35,7.03,7.29,6.88,6.47,7.14,7.48,7.37,7.67,6.39,7.74,6.8,5.0,3.61,2.56,1.99,1.32,0.6,0.19,0.08,0.04,100.0,0.0,100.0,0.0,0.0,0.0,0.0,0.0,0.0,0.0,0.0,0.0,0.0,0.0,0.0,0.0,0.0,0.0,0.0,0.0,0.0,0.0,0.0,0.0,0.0,0.0,0.0,0.0,0.0,0.0,0.0,0.0,0.0,0.0,0.0,0.0,0.0,0.0,0.0,0.0,0.0,0.0,0.0,0.0,0.0,0.0,0.0,0.0,0.0,0.0,0.0,0.0,0.0,0.0,0.0,0.0,0.0,0.0,0.0,0.0,0.0,0.0,0.0,0.0,0.0,0.0,0.0,0.0,0.0,0.0,0.0,0.0,0.0,0.0,0.0,0.0,0.0,0.0,0.0,0.0,0.0,0.0,0.0,0.0,0.0,0.0,0.0,2440.0,220.0,1305.0,1355.0,169.0,187.0,194.0,183.0,172.0,190.0,199.0,196.0,204.0,170.0,206.0,181.0,133.0,96.0,68.0,53.0,35.0,16.0,5.0,2.0,1.0,2660.0,0.0,2660.0,92.14,96.57,93.2,91.85,100.0,98.71,99.05,98.0,94.15,87.9,62.5,70.65,96.15,92.51,0.0,92.51,0.0,0.0,0.0,0.0,0.0,0.0,0.0,0.0,0.0,0.0,0.0,0.0,0.0,0.0,0.0,0.0,35.0,41.0,36.0,0.0,36.0,95.36,107.55,96.31,0.0,96.31,72.67,93.33,74.36,0.0,74.36,0.0,0.0,0.0,0.0,0.0,0.0,0.0,0.0,0.0,0.0,0.0,0.0,0.0,0.0,0.0
3532207,0.0,0.0,0.0,0.0,0.0,0.0,0.0,0.0,0.0,5713.0,0.0,5713.0,0.0,0.0,0.0,0.0,0.0,0.0,0.0,0.0,0.0,0.0,0.0,0.0,0.0,0.0,0.0,0.0,0.0,0.0,0.0,0.0,0.0,0.0,0.0,0.0,0.0,0.0,0.0,0.0,0.0,0.0,89.67,10.33,49.66,50.34,6.97,8.17,7.7,6.58,7.63,8.03,7.09,7.93,7.4,6.46,6.21,5.5,4.94,3.1,2.66,1.75,0.91,0.63,0.26,0.07,0.0,100.0,0.0,100.0,0.0,0.0,0.0,0.0,0.0,0.0,0.0,0.0,0.0,0.0,0.0,0.0,0.0,0.0,0.0,0.0,0.0,0.0,0.0,0.0,0.0,0.0,0.0,0.0,0.0,0.0,0.0,0.0,0.0,0.0,0.0,0.0,0.0,0.0,0.0,0.0,0.0,0.0,0.0,0.0,0.0,0.0,0.0,0.0,0.0,0.0,0.0,0.0,0.0,0.0,0.0,0.0,0.0,0.0,0.0,0.0,0.0,0.0,0.0,0.0,0.0,0.0,0.0,0.0,0.0,0.0,0.0,0.0,0.0,0.0,0.0,0.0,0.0,0.0,0.0,0.0,0.0,0.0,0.0,0.0,0.0,0.0,0.0,0.0,5123.0,590.0,2837.0,2876.0,398.0,467.0,440.0,376.0,436.0,459.0,405.0,453.0,423.0,369.0,355.0,314.0,282.0,177.0,152.0,100.0,52.0,36.0,15.0,4.0,0.0,5713.0,0.0,5713.0,94.14,91.88,93.94,93.86,99.31,98.84,98.74,97.72,95.3,90.27,61.84,74.07,98.55,93.9,0.0,93.9,0.0,0.0,0.0,0.0,0.0,0.0,0.0,0.0,0.0,0.0,0.0,0.0,0.0,0.0,0.0,0.0,32.0,44.0,33.0,0.0,33.0,97.57,108.48,98.64,0.0,98.64,56.23,132.73,62.68,0.0,62.68,0.0,0.0,0.0,0.0,0.0,0.0,0.0,0.0,0.0,0.0,0.0,0.0,0.0,0.0,0.0
3532306,0.0,0.0,0.0,0.0,0.0,0.0,0.0,0.0,0.0,6999.0,0.0,6999.0,0.0,0.0,0.0,0.0,0.0,0.0,0.0,0.0,0.0,0.0,0.0,0.0,0.0,0.0,0.0,0.0,0.0,0.0,0.0,0.0,0.0,0.0,0.0,0.0,0.0,0.0,0.0,0.0,0.0,0.0,41.69,58.31,52.01,47.99,5.54,6.27,6.63,5.47,5.73,5.26,5.84,6.69,7.5,6.44,7.33,7.3,6.77,6.23,4.59,3.16,1.81,0.96,0.34,0.1,0.03,100.0,0.0,100.0,0.0,0.0,0.0,0.0,0.0,0.0,0.0,0.0,0.0,0.0,0.0,0.0,0.0,0.0,0.0,0.0,0.0,0.0,0.0,0.0,0.0,0.0,0.0,0.0,0.0,0.0,0.0,0.0,0.0,0.0,0.0,0.0,0.0,0.0,0.0,0.0,0.0,0.0,0.0,0.0,0.0,0.0,0.0,0.0,0.0,0.0,0.0,0.0,0.0,0.0,0.0,0.0,0.0,0.0,0.0,0.0,0.0,0.0,0.0,0.0,0.0,0.0,0.0,0.0,0.0,0.0,0.0,0.0,0.0,0.0,0.0,0.0,0.0,0.0,0.0,0.0,0.0,0.0,0.0,0.0,0.0,0.0,0.0,0.0,2918.0,4081.0,3640.0,3359.0,388.0,439.0,464.0,383.0,401.0,368.0,409.0,468.0,525.0,451.0,513.0,511.0,474.0,436.0,321.0,221.0,127.0,67.0,24.0,7.0,2.0,6999.0,0.0,6999.0,90.46,88.64,89.29,89.52,99.0,98.97,99.11,95.77,90.35,87.72,61.83,72.53,97.47,89.4,0.0,89.4,0.0,0.0,0.0,0.0,0.0,0.0,0.0,0.0,0.0,0.0,0.0,0.0,0.0,0.0,0.0,0.0,40.0,42.0,41.0,0.0,41.0,97.16,117.19,108.37,0.0,108.37,126.47,132.55,130.05,0.0,130.05,0.0,0.0,0.0,0.0,0.0,0.0,0.0,0.0,0.0,0.0,0.0,0.0,0.0,0.0,0.0
3532405,0.0,0.0,0.0,0.0,0.0,0.0,0.0,0.0,0.0,18217.0,0.0,18217.0,0.0,0.0,0.0,0.0,0.0,0.0,0.0,0.0,0.0,0.0,0.0,0.0,0.0,0.0,0.0,0.0,0.0,0.0,0.0,0.0,0.0,0.0,0.0,0.0,0.0,0.0,0.0,0.0,0.0,0.0,50.1,49.9,50.74,49.26,5.97,6.1,6.37,6.32,6.71,6.46,7.59,7.8,7.77,6.61,6.94,6.69,5.62,4.46,3.55,2.23,1.62,0.77,0.36,0.04,0.01,100.0,0.0,100.0,0.0,0.0,0.0,0.0,0.0,0.0,0.0,0.0,0.0,0.0,0.0,0.0,0.0,0.0,0.0,0.0,0.0,0.0,0.0,0.0,0.0,0.0,0.0,0.0,0.0,0.0,0.0,0.0,0.0,0.0,0.0,0.0,0.0,0.0,0.0,0.0,0.0,0.0,0.0,0.0,0.0,0.0,0.0,0.0,0.0,0.0,0.0,0.0,0.0,0.0,0.0,0.0,0.0,0.0,0.0,0.0,0.0,0.0,0.0,0.0,0.0,0.0,0.0,0.0,0.0,0.0,0.0,0.0,0.0,0.0,0.0,0.0,0.0,0.0,0.0,0.0,0.0,0.0,0.0,0.0,0.0,0.0,0.0,0.0,9127.0,9090.0,9244.0,8973.0,1087.0,1112.0,1161.0,1151.0,1222.0,1176.0,1382.0,1421.0,1416.0,1205.0,1264.0,1219.0,1024.0,813.0,647.0,406.0,296.0,141.0,66.0,7.0,1.0,18217.0,0.0,18217.0,94.97,90.84,93.74,92.06,98.45,98.2,98.84,97.5,93.52,90.55,69.9,77.49,99.35,92.91,0.0,92.91,0.0,0.0,0.0,0.0,0.0,0.0,0.0,0.0,0.0,0.0,0.0,0.0,0.0,0.0,0.0,0.0,35.0,40.0,37.0,0.0,37.0,97.17,109.25,103.02,0.0,103.02,86.89,116.04,101.22,0.0,101.22,0.0,0.0,0.0,0.0,0.0,0.0,0.0,0.0,0.0,0.0,0.0,0.0,0.0,0.0,0.0
3532504,0.0,0.0,0.0,0.0,0.0,0.0,0.0,0.0,0.0,9699.0,0.0,9699.0,0.0,0.0,0.0,0.0,0.0,0.0,0.0,0.0,0.0,0.0,0.0,0.0,0.0,0.0,0.0,0.0,0.0,0.0,0.0,0.0,0.0,0.0,0.0,0.0,0.0,0.0,0.0,0.0,0.0,0.0,89.84,10.16,49.54,50.46,5.42,5.07,5.33,5.39,5.27,5.94,6.47,8.33,7.73,7.0,7.07,7.05,6.59,5.5,4.43,3.1,2.4,1.31,0.51,0.06,0.01,100.0,0.0,100.0,0.0,0.0,0.0,0.0,0.0,0.0,0.0,0.0,0.0,0.0,0.0,0.0,0.0,0.0,0.0,0.0,0.0,0.0,0.0,0.0,0.0,0.0,0.0,0.0,0.0,0.0,0.0,0.0,0.0,0.0,0.0,0.0,0.0,0.0,0.0,0.0,0.0,0.0,0.0,0.0,0.0,0.0,0.0,0.0,0.0,0.0,0.0,0.0,0.0,0.0,0.0,0.0,0.0,0.0,0.0,0.0,0.0,0.0,0.0,0.0,0.0,0.0,0.0,0.0,0.0,0.0,0.0,0.0,0.0,0.0,0.0,0.0,0.0,0.0,0.0,0.0,0.0,0.0,0.0,0.0,0.0,0.0,0.0,0.0,8714.0,985.0,4805.0,4894.0,526.0,492.0,517.0,523.0,511.0,576.0,628.0,808.0,750.0,679.0,686.0,684.0,639.0,533.0,430.0,301.0,233.0,127.0,49.0,6.0,1.0,9699.0,0.0,9699.0,95.22,93.73,95.8,94.37,99.61,99.58,98.51,98.33,95.68,95.01,79.64,85.95,98.4,95.08,0.0,95.08,0.0,0.0,0.0,0.0,0.0,0.0,0.0,0.0,0.0,0.0,0.0,0.0,0.0,0.0,0.0,0.0,41.0,39.0,41.0,0.0,41.0,95.78,122.35,98.18,0.0,98.18,158.43,98.4,151.07,0.0,151.07,0.0,0.0,0.0,0.0,0.0,0.0,0.0,0.0,0.0,0.0,0.0,0.0,0.0,0.0,0.0
3532603,0.0,0.0,0.0,0.0,0.0,0.0,0.0,0.0,0.0,9852.0,0.0,9852.0,0.0,0.0,0.0,0.0,0.0,0.0,0.0,0.0,0.0,0.0,0.0,0.0,0.0,0.0,0.0,0.0,0.0,0.0,0.0,0.0,0.0,0.0,0.0,0.0,0.0,0.0,0.0,0.0,0.0,0.0,83.23,16.77,48.08,51.92,4.24,5.19,5.69,5.69,5.33,5.13,5.92,7.18,7.66,6.51,6.95,7.9,7.12,6.26,4.97,3.87,2.49,1.32,0.51,0.06,0.02,100.0,0.0,100.0,0.0,0.0,0.0,0.0,0.0,0.0,0.0,0.0,0.0,0.0,0.0,0.0,0.0,0.0,0.0,0.0,0.0,0.0,0.0,0.0,0.0,0.0,0.0,0.0,0.0,0.0,0.0,0.0,0.0,0.0,0.0,0.0,0.0,0.0,0.0,0.0,0.0,0.0,0.0,0.0,0.0,0.0,0.0,0.0,0.0,0.0,0.0,0.0,0.0,0.0,0.0,0.0,0.0,0.0,0.0,0.0,0.0,0.0,0.0,0.0,0.0,0.0,0.0,0.0,0.0,0.0,0.0,0.0,0.0,0.0,0.0,0.0,0.0,0.0,0.0,0.0,0.0,0.0,0.0,0.0,0.0,0.0,0.0,0.0,8200.0,1652.0,4737.0,5115.0,418.0,511.0,561.0,561.0,525.0,505.0,583.0,707.0,755.0,641.0,685.0,778.0,701.0,617.0,490.0,381.0,245.0,130.0,50.0,6.0,2.0,9852.0,0.0,9852.0,94.15,95.7,95.63,93.29,99.24,98.81,99.42,97.81,95.7,95.13,78.01,85.11,99.09,94.4,0.0,94.4,0.0,0.0,0.0,0.0,0.0,0.0,0.0,0.0,0.0,0.0,0.0,0.0,0.0,0.0,0.0,0.0,44.0,37.0,43.0,0.0,43.0,88.94,113.16,92.61,0.0,92.61,194.69,102.64,175.97,0.0,175.97,0.0,0.0,0.0,0.0,0.0,0.0,0.0,0.0,0.0,0.0,0.0,0.0,0.0,0.0,0.0
3532702,0.0,0.0,0.0,0.0,0.0,0.0,0.0,0.0,0.0,4750.0,0.0,4750.0,0.0,0.0,0.0,0.0,0.0,0.0,0.0,0.0,0.0,0.0,0.0,0.0,0.0,0.0,0.0,0.0,0.0,0.0,0.0,0.0,0.0,0.0,0.0,0.0,0.0,0.0,0.0,0.0,0.0,0.0,91.09,8.91,51.24,48.76,6.59,7.49,6.34,6.55,6.74,7.28,8.34,8.04,7.94,7.09,6.46,5.81,4.51,3.39,2.78,2.32,1.41,0.65,0.23,0.04,0.0,100.0,0.0,100.0,0.0,0.0,0.0,0.0,0.0,0.0,0.0,0.0,0.0,0.0,0.0,0.0,0.0,0.0,0.0,0.0,0.0,0.0,0.0,0.0,0.0,0.0,0.0,0.0,0.0,0.0,0.0,0.0,0.0,0.0,0.0,0.0,0.0,0.0,0.0,0.0,0.0,0.0,0.0,0.0,0.0,0.0,0.0,0.0,0.0,0.0,0.0,0.0,0.0,0.0,0.0,0.0,0.0,0.0,0.0,0.0,0.0,0.0,0.0,0.0,0.0,0.0,0.0,0.0,0.0,0.0,0.0,0.0,0.0,0.0,0.0,0.0,0.0,0.0,0.0,0.0,0.0,0.0,0.0,0.0,0.0,0.0,0.0,0.0,4327.0,423.0,2434.0,2316.0,313.0,356.0,301.0,311.0,320.0,346.0,396.0,382.0,377.0,337.0,307.0,276.0,214.0,161.0,132.0,110.0,67.0,31.0,11.0,2.0,0.0,4750.0,0.0,4750.0,93.41,87.93,93.52,92.27,97.81,97.71,99.49,95.26,93.94,88.37,71.95,78.79,98.23,92.91,0.0,92.91,0.0,0.0,0.0,0.0,0.0,0.0,0.0,0.0,0.0,0.0,0.0,0.0,0.0,0.0,0.0,0.0,34.0,41.0,35.0,0.0,35.0,104.01,116.92,105.09,0.0,105.09,71.06,122.67,75.05,0.0,75.05,0.0,0.0,0.0,0.0,0.0,0.0,0.0,0.0,0.0,0.0,0.0,0.0,0.0,0.0,0.0
3532801,0.0,0.0,0.0,0.0,0.0,0.0,0.0,0.0,0.0,6693.0,0.0,6693.0,0.0,0.0,0.0,0.0,0.0,0.0,0.0,0.0,0.0,0.0,0.0,0.0,0.0,0.0,0.0,0.0,0.0,0.0,0.0,0.0,0.0,0.0,0.0,0.0,0.0,0.0,0.0,0.0,0.0,0.0,89.63,10.37,49.16,50.84,5.96,6.01,6.1,6.51,7.28,7.17,6.75,7.2,7.68,6.93,6.45,6.35,5.53,5.27,3.27,2.32,1.82,0.96,0.31,0.12,0.0,100.0,0.0,100.0,0.0,0.0,0.0,0.0,0.0,0.0,0.0,0.0,0.0,0.0,0.0,0.0,0.0,0.0,0.0,0.0,0.0,0.0,0.0,0.0,0.0,0.0,0.0,0.0,0.0,0.0,0.0,0.0,0.0,0.0,0.0,0.0,0.0,0.0,0.0,0.0,0.0,0.0,0.0,0.0,0.0,0.0,0.0,0.0,0.0,0.0,0.0,0.0,0.0,0.0,0.0,0.0,0.0,0.0,0.0,0.0,0.0,0.0,0.0,0.0,0.0,0.0,0.0,0.0,0.0,0.0,0.0,0.0,0.0,0.0,0.0,0.0,0.0,0.0,0.0,0.0,0.0,0.0,0.0,0.0,0.0,0.0,0.0,0.0,5999.0,694.0,3290.0,3403.0,399.0,402.0,408.0,436.0,487.0,480.0,452.0,482.0,514.0,464.0,432.0,425.0,370.0,353.0,219.0,155.0,122.0,64.0,21.0,8.0,0.0,6693.0,0.0,6693.0,95.51,94.47,96.19,94.65,98.36,97.96,97.19,98.19,95.98,96.86,78.38,85.46,98.93,95.4,0.0,95.4,0.0,0.0,0.0,0.0,0.0,0.0,0.0,0.0,0.0,0.0,0.0,0.0,0.0,0.0,0.0,0.0,37.0,40.0,37.0,0.0,37.0,93.89,124.6,96.68,0.0,96.68,107.43,117.29,108.52,0.0,108.52,0.0,0.0,0.0,0.0,0.0,0.0,0.0,0.0,0.0,0.0,0.0,0.0,0.0,0.0,0.0
3532827,0.0,0.0,0.0,0.0,0.0,0.0,0.0,0.0,0.0,8497.0,0.0,8497.0,0.0,0.0,0.0,0.0,0.0,0.0,0.0,0.0,0.0,0.0,0.0,0.0,0.0,0.0,0.0,0.0,0.0,0.0,0.0,0.0,0.0,0.0,0.0,0.0,0.0,0.0,0.0,0.0,0.0,0.0,71.03,28.97,49.88,50.12,7.12,7.8,7.24,7.86,8.81,8.1,7.83,7.78,7.41,6.3,5.73,5.33,4.5,3.04,2.21,1.57,0.67,0.49,0.2,0.01,0.0,100.0,0.0,100.0,0.0,0.0,0.0,0.0,0.0,0.0,0.0,0.0,0.0,0.0,0.0,0.0,0.0,0.0,0.0,0.0,0.0,0.0,0.0,0.0,0.0,0.0,0.0,0.0,0.0,0.0,0.0,0.0,0.0,0.0,0.0,0.0,0.0,0.0,0.0,0.0,0.0,0.0,0.0,0.0,0.0,0.0,0.0,0.0,0.0,0.0,0.0,0.0,0.0,0.0,0.0,0.0,0.0,0.0,0.0,0.0,0.0,0.0,0.0,0.0,0.0,0.0,0.0,0.0,0.0,0.0,0.0,0.0,0.0,0.0,0.0,0.0,0.0,0.0,0.0,0.0,0.0,0.0,0.0,0.0,0.0,0.0,0.0,0.0,6035.0,2462.0,4238.0,4259.0,605.0,663.0,615.0,668.0,749.0,688.0,665.0,661.0,630.0,535.0,487.0,453.0,382.0,258.0,188.0,133.0,57.0,42.0,17.0,1.0,0.0,8497.0,0.0,8497.0,92.58,91.37,92.53,91.93,98.8,97.71,98.58,94.58,91.49,84.07,68.4,74.71,99.18,92.23,0.0,92.23,0.0,0.0,0.0,0.0,0.0,0.0,0.0,0.0,0.0,0.0,0.0,0.0,0.0,0.0,0.0,0.0,30.0,34.0,31.0,0.0,31.0,97.61,104.32,99.51,0.0,99.51,51.49,71.61,57.25,0.0,57.25,0.0,0.0,0.0,0.0,0.0,0.0,0.0,0.0,0.0,0.0,0.0,0.0,0.0,0.0,0.0
3532843,0.0,0.0,0.0,0.0,0.0,0.0,0.0,0.0,0.0,2032.0,0.0,2032.0,0.0,0.0,0.0,0.0,0.0,0.0,0.0,0.0,0.0,0.0,0.0,0.0,0.0,0.0,0.0,0.0,0.0,0.0,0.0,0.0,0.0,0.0,0.0,0.0,0.0,0.0,0.0,0.0,0.0,0.0,66.54,33.46,49.61,50.39,3.94,4.18,5.02,6.1,5.56,4.58,4.28,6.05,7.53,7.38,7.04,6.74,8.71,7.53,6.79,3.99,2.81,1.23,0.3,0.25,0.0,100.0,0.0,100.0,0.0,0.0,0.0,0.0,0.0,0.0,0.0,0.0,0.0,0.0,0.0,0.0,0.0,0.0,0.0,0.0,0.0,0.0,0.0,0.0,0.0,0.0,0.0,0.0,0.0,0.0,0.0,0.0,0.0,0.0,0.0,0.0,0.0,0.0,0.0,0.0,0.0,0.0,0.0,0.0,0.0,0.0,0.0,0.0,0.0,0.0,0.0,0.0,0.0,0.0,0.0,0.0,0.0,0.0,0.0,0.0,0.0,0.0,0.0,0.0,0.0,0.0,0.0,0.0,0.0,0.0,0.0,0.0,0.0,0.0,0.0,0.0,0.0,0.0,0.0,0.0,0.0,0.0,0.0,0.0,0.0,0.0,0.0,0.0,1352.0,680.0,1008.0,1024.0,80.0,85.0,102.0,124.0,113.0,93.0,87.0,123.0,153.0,150.0,143.0,137.0,177.0,153.0,138.0,81.0,57.0,25.0,6.0,5.0,0.0,2032.0,0.0,2032.0,94.16,94.34,94.97,93.48,99.12,99.44,100.0,97.1,96.93,96.18,72.99,84.73,100.0,94.22,0.0,94.22,0.0,0.0,0.0,0.0,0.0,0.0,0.0,0.0,0.0,0.0,0.0,0.0,0.0,0.0,0.0,0.0,43.0,54.0,46.0,0.0,46.0,93.97,107.95,98.44,0.0,98.44,181.95,433.87,240.45,0.0,240.45,0.0,0.0,0.0,0.0,0.0,0.0,0.0,0.0,0.0,0.0,0.0,0.0,0.0,0.0,0.0
3532868,0.0,0.0,0.0,0.0,0.0,0.0,0.0,0.0,0.0,1062.0,0.0,1062.0,0.0,0.0,0.0,0.0,0.0,0.0,0.0,0.0,0.0,0.0,0.0,0.0,0.0,0.0,0.0,0.0,0.0,0.0,0.0,0.0,0.0,0.0,0.0,0.0,0.0,0.0,0.0,0.0,0.0,0.0,72.98,27.02,49.06,50.94,5.37,7.44,6.78,6.69,5.27,6.5,7.82,7.25,6.69,5.65,8.38,6.78,5.37,5.18,3.3,2.73,1.88,0.94,0.0,0.0,0.0,100.0,0.0,100.0,0.0,0.0,0.0,0.0,0.0,0.0,0.0,0.0,0.0,0.0,0.0,0.0,0.0,0.0,0.0,0.0,0.0,0.0,0.0,0.0,0.0,0.0,0.0,0.0,0.0,0.0,0.0,0.0,0.0,0.0,0.0,0.0,0.0,0.0,0.0,0.0,0.0,0.0,0.0,0.0,0.0,0.0,0.0,0.0,0.0,0.0,0.0,0.0,0.0,0.0,0.0,0.0,0.0,0.0,0.0,0.0,0.0,0.0,0.0,0.0,0.0,0.0,0.0,0.0,0.0,0.0,0.0,0.0,0.0,0.0,0.0,0.0,0.0,0.0,0.0,0.0,0.0,0.0,0.0,0.0,0.0,0.0,0.0,0.0,775.0,287.0,521.0,541.0,57.0,79.0,72.0,71.0,56.0,69.0,83.0,77.0,71.0,60.0,89.0,72.0,57.0,55.0,35.0,29.0,20.0,10.0,0.0,0.0,0.0,1062.0,0.0,1062.0,95.04,98.25,96.43,95.39,100.0,98.68,100.0,97.97,98.66,96.12,77.97,84.56,100.0,95.9,0.0,95.9,0.0,0.0,0.0,0.0,0.0,0.0,0.0,0.0,0.0,0.0,0.0,0.0,0.0,0.0,0.0,0.0,37.0,37.0,37.0,0.0,37.0,91.83,109.49,96.3,0.0,96.3,98.67,100.0,99.04,0.0,99.04,0.0,0.0,0.0,0.0,0.0,0.0,0.0,0.0,0.0,0.0,0.0,0.0,0.0,0.0,0.0
3532900,0.0,0.0,0.0,0.0,0.0,0.0,0.0,0.0,0.0,9311.0,0.0,9311.0,0.0,0.0,0.0,0.0,0.0,0.0,0.0,0.0,0.0,0.0,0.0,0.0,0.0,0.0,0.0,0.0,0.0,0.0,0.0,0.0,0.0,0.0,0.0,0.0,0.0,0.0,0.0,0.0,0.0,0.0,96.2,3.8,50.02,49.98,6.0,6.36,6.96,6.69,6.58,6.95,7.26,8.21,8.52,7.48,6.36,5.85,5.23,4.31,2.91,2.19,1.22,0.66,0.18,0.09,0.0,100.0,0.0,100.0,0.0,0.0,0.0,0.0,0.0,0.0,0.0,0.0,0.0,0.0,0.0,0.0,0.0,0.0,0.0,0.0,0.0,0.0,0.0,0.0,0.0,0.0,0.0,0.0,0.0,0.0,0.0,0.0,0.0,0.0,0.0,0.0,0.0,0.0,0.0,0.0,0.0,0.0,0.0,0.0,0.0,0.0,0.0,0.0,0.0,0.0,0.0,0.0,0.0,0.0,0.0,0.0,0.0,0.0,0.0,0.0,0.0,0.0,0.0,0.0,0.0,0.0,0.0,0.0,0.0,0.0,0.0,0.0,0.0,0.0,0.0,0.0,0.0,0.0,0.0,0.0,0.0,0.0,0.0,0.0,0.0,0.0,0.0,0.0,8957.0,354.0,4657.0,4654.0,559.0,592.0,648.0,623.0,613.0,647.0,676.0,764.0,793.0,696.0,592.0,545.0,487.0,401.0,271.0,204.0,114.0,61.0,17.0,8.0,0.0,9311.0,0.0,9311.0,94.55,93.94,94.53,94.53,99.18,98.87,98.72,97.69,94.33,91.86,78.22,82.16,99.57,94.53,0.0,94.53,0.0,0.0,0.0,0.0,0.0,0.0,0.0,0.0,0.0,0.0,0.0,0.0,0.0,0.0,0.0,0.0,36.0,45.0,36.0,0.0,36.0,99.09,128.39,100.06,0.0,100.06,83.98,175.44,86.88,0.0,86.88,0.0,0.0,0.0,0.0,0.0,0.0,0.0,0.0,0.0,0.0,0.0,0.0,0.0,0.0,0.0
3533007,0.0,0.0,0.0,0.0,0.0,0.0,0.0,0.0,0.0,19419.0,0.0,19419.0,0.0,0.0,0.0,0.0,0.0,0.0,0.0,0.0,0.0,0.0,0.0,0.0,0.0,0.0,0.0,0.0,0.0,0.0,0.0,0.0,0.0,0.0,0.0,0.0,0.0,0.0,0.0,0.0,0.0,0.0,92.04,7.96,49.51,50.49,5.9,6.35,6.3,5.87,7.09,6.77,7.19,7.78,8.14,6.79,6.46,6.09,5.69,4.52,3.59,2.49,1.54,0.93,0.4,0.09,0.02,100.0,0.0,100.0,0.0,0.0,0.0,0.0,0.0,0.0,0.0,0.0,0.0,0.0,0.0,0.0,0.0,0.0,0.0,0.0,0.0,0.0,0.0,0.0,0.0,0.0,0.0,0.0,0.0,0.0,0.0,0.0,0.0,0.0,0.0,0.0,0.0,0.0,0.0,0.0,0.0,0.0,0.0,0.0,0.0,0.0,0.0,0.0,0.0,0.0,0.0,0.0,0.0,0.0,0.0,0.0,0.0,0.0,0.0,0.0,0.0,0.0,0.0,0.0,0.0,0.0,0.0,0.0,0.0,0.0,0.0,0.0,0.0,0.0,0.0,0.0,0.0,0.0,0.0,0.0,0.0,0.0,0.0,0.0,0.0,0.0,0.0,0.0,17874.0,1545.0,9614.0,9805.0,1145.0,1233.0,1224.0,1140.0,1376.0,1315.0,1396.0,1510.0,1581.0,1318.0,1254.0,1183.0,1105.0,878.0,697.0,484.0,299.0,181.0,78.0,18.0,4.0,19419.0,0.0,19419.0,94.78,93.38,94.53,94.8,98.62,98.89,98.85,96.93,94.01,93.49,80.55,85.52,98.64,94.67,0.0,94.67,0.0,0.0,0.0,0.0,0.0,0.0,0.0,0.0,0.0,0.0,0.0,0.0,0.0,0.0,0.0,0.0,38.0,37.0,38.0,0.0,38.0,97.07,110.2,98.05,0.0,98.05,104.58,97.07,103.94,0.0,103.94,0.0,0.0,0.0,0.0,0.0,0.0,0.0,0.0,0.0,0.0,0.0,0.0,0.0,0.0,0.0
3533106,0.0,0.0,0.0,0.0,0.0,0.0,0.0,0.0,0.0,2156.0,0.0,2156.0,0.0,0.0,0.0,0.0,0.0,0.0,0.0,0.0,0.0,0.0,0.0,0.0,0.0,0.0,0.0,0.0,0.0,0.0,0.0,0.0,0.0,0.0,0.0,0.0,0.0,0.0,0.0,0.0,0.0,0.0,90.63,9.37,49.07,50.93,6.03,5.84,5.43,5.75,6.49,5.75,5.84,6.82,7.24,7.1,5.84,6.22,7.7,6.35,4.36,3.15,2.04,1.39,0.65,0.0,0.0,100.0,0.0,100.0,0.0,0.0,0.0,0.0,0.0,0.0,0.0,0.0,0.0,0.0,0.0,0.0,0.0,0.0,0.0,0.0,0.0,0.0,0.0,0.0,0.0,0.0,0.0,0.0,0.0,0.0,0.0,0.0,0.0,0.0,0.0,0.0,0.0,0.0,0.0,0.0,0.0,0.0,0.0,0.0,0.0,0.0,0.0,0.0,0.0,0.0,0.0,0.0,0.0,0.0,0.0,0.0,0.0,0.0,0.0,0.0,0.0,0.0,0.0,0.0,0.0,0.0,0.0,0.0,0.0,0.0,0.0,0.0,0.0,0.0,0.0,0.0,0.0,0.0,0.0,0.0,0.0,0.0,0.0,0.0,0.0,0.0,0.0,0.0,1954.0,202.0,1058.0,1098.0,130.0,126.0,117.0,124.0,140.0,124.0,126.0,147.0,156.0,153.0,126.0,134.0,166.0,137.0,94.0,68.0,44.0,30.0,14.0,0.0,0.0,2156.0,0.0,2156.0,89.86,90.86,91.31,88.7,97.14,97.6,98.8,97.36,93.55,89.33,58.33,71.83,97.56,89.96,0.0,89.96,0.0,0.0,0.0,0.0,0.0,0.0,0.0,0.0,0.0,0.0,0.0,0.0,0.0,0.0,0.0,0.0,40.0,49.0,41.0,0.0,41.0,94.82,112.63,96.36,0.0,96.36,139.6,259.26,148.26,0.0,148.26,0.0,0.0,0.0,0.0,0.0,0.0,0.0,0.0,0.0,0.0,0.0,0.0,0.0,0.0,0.0
3533205,0.0,0.0,0.0,0.0,0.0,0.0,0.0,0.0,0.0,4609.0,0.0,4609.0,0.0,0.0,0.0,0.0,0.0,0.0,0.0,0.0,0.0,0.0,0.0,0.0,0.0,0.0,0.0,0.0,0.0,0.0,0.0,0.0,0.0,0.0,0.0,0.0,0.0,0.0,0.0,0.0,0.0,0.0,76.03,23.97,55.09,44.91,5.71,6.14,5.92,6.55,9.0,10.8,8.7,8.68,8.35,5.99,5.71,4.86,4.73,3.12,2.34,1.76,0.98,0.52,0.11,0.02,0.0,100.0,0.0,100.0,0.0,0.0,0.0,0.0,0.0,0.0,0.0,0.0,0.0,0.0,0.0,0.0,0.0,0.0,0.0,0.0,0.0,0.0,0.0,0.0,0.0,0.0,0.0,0.0,0.0,0.0,0.0,0.0,0.0,0.0,0.0,0.0,0.0,0.0,0.0,0.0,0.0,0.0,0.0,0.0,0.0,0.0,0.0,0.0,0.0,0.0,0.0,0.0,0.0,0.0,0.0,0.0,0.0,0.0,0.0,0.0,0.0,0.0,0.0,0.0,0.0,0.0,0.0,0.0,0.0,0.0,0.0,0.0,0.0,0.0,0.0,0.0,0.0,0.0,0.0,0.0,0.0,0.0,0.0,0.0,0.0,0.0,0.0,0.0,3504.0,1105.0,2539.0,2070.0,263.0,283.0,273.0,302.0,415.0,498.0,401.0,400.0,385.0,276.0,263.0,224.0,218.0,144.0,108.0,81.0,45.0,24.0,5.0,1.0,0.0,4609.0,0.0,4609.0,95.87,96.82,96.74,95.31,99.76,99.11,97.25,98.73,97.59,94.8,68.59,78.92,99.17,96.12,0.0,96.12,0.0,0.0,0.0,0.0,0.0,0.0,0.0,0.0,0.0,0.0,0.0,0.0,0.0,0.0,0.0,0.0,34.0,31.0,33.0,0.0,33.0,92.85,336.76,122.66,0.0,122.66,72.46,105.0,76.43,0.0,76.43,0.0,0.0,0.0,0.0,0.0,0.0,0.0,0.0,0.0,0.0,0.0,0.0,0.0,0.0,0.0
3533254,0.0,0.0,0.0,0.0,0.0,0.0,0.0,0.0,0.0,4412.0,0.0,4412.0,0.0,0.0,0.0,0.0,0.0,0.0,0.0,0.0,0.0,0.0,0.0,0.0,0.0,0.0,0.0,0.0,0.0,0.0,0.0,0.0,0.0,0.0,0.0,0.0,0.0,0.0,0.0,0.0,0.0,0.0,93.81,6.19,50.25,49.75,6.55,7.68,7.07,7.12,7.09,8.23,8.95,8.3,7.98,6.12,5.87,5.19,4.01,2.99,2.65,1.84,1.41,0.68,0.2,0.07,0.0,100.0,0.0,100.0,0.0,0.0,0.0,0.0,0.0,0.0,0.0,0.0,0.0,0.0,0.0,0.0,0.0,0.0,0.0,0.0,0.0,0.0,0.0,0.0,0.0,0.0,0.0,0.0,0.0,0.0,0.0,0.0,0.0,0.0,0.0,0.0,0.0,0.0,0.0,0.0,0.0,0.0,0.0,0.0,0.0,0.0,0.0,0.0,0.0,0.0,0.0,0.0,0.0,0.0,0.0,0.0,0.0,0.0,0.0,0.0,0.0,0.0,0.0,0.0,0.0,0.0,0.0,0.0,0.0,0.0,0.0,0.0,0.0,0.0,0.0,0.0,0.0,0.0,0.0,0.0,0.0,0.0,0.0,0.0,0.0,0.0,0.0,0.0,4139.0,273.0,2217.0,2195.0,289.0,339.0,312.0,314.0,313.0,363.0,395.0,366.0,352.0,270.0,259.0,229.0,177.0,132.0,117.0,81.0,62.0,30.0,9.0,3.0,0.0,4412.0,0.0,4412.0,94.79,91.77,93.98,95.2,100.0,98.28,98.96,96.52,94.9,91.38,71.89,80.65,98.35,94.59,0.0,94.59,0.0,0.0,0.0,0.0,0.0,0.0,0.0,0.0,0.0,0.0,0.0,0.0,0.0,0.0,0.0,0.0,32.0,47.0,33.0,0.0,33.0,100.15,114.96,101.0,0.0,101.0,59.35,185.71,65.0,0.0,65.0,0.0,0.0,0.0,0.0,0.0,0.0,0.0,0.0,0.0,0.0,0.0,0.0,0.0,0.0,0.0
3533304,0.0,0.0,0.0,0.0,0.0,0.0,0.0,0.0,0.0,2837.0,0.0,2837.0,0.0,0.0,0.0,0.0,0.0,0.0,0.0,0.0,0.0,0.0,0.0,0.0,0.0,0.0,0.0,0.0,0.0,0.0,0.0,0.0,0.0,0.0,0.0,0.0,0.0,0.0,0.0,0.0,0.0,0.0,87.87,12.13,50.41,49.59,5.43,5.5,5.68,7.05,6.17,5.6,6.34,7.47,8.14,7.65,7.9,5.68,6.45,5.5,3.98,2.61,1.66,0.63,0.42,0.14,0.0,100.0,0.0,100.0,0.0,0.0,0.0,0.0,0.0,0.0,0.0,0.0,0.0,0.0,0.0,0.0,0.0,0.0,0.0,0.0,0.0,0.0,0.0,0.0,0.0,0.0,0.0,0.0,0.0,0.0,0.0,0.0,0.0,0.0,0.0,0.0,0.0,0.0,0.0,0.0,0.0,0.0,0.0,0.0,0.0,0.0,0.0,0.0,0.0,0.0,0.0,0.0,0.0,0.0,0.0,0.0,0.0,0.0,0.0,0.0,0.0,0.0,0.0,0.0,0.0,0.0,0.0,0.0,0.0,0.0,0.0,0.0,0.0,0.0,0.0,0.0,0.0,0.0,0.0,0.0,0.0,0.0,0.0,0.0,0.0,0.0,0.0,0.0,2493.0,344.0,1430.0,1407.0,154.0,156.0,161.0,200.0,175.0,159.0,180.0,212.0,231.0,217.0,224.0,161.0,183.0,156.0,113.0,74.0,47.0,18.0,12.0,4.0,0.0,2837.0,0.0,2837.0,94.01,92.91,94.71,93.02,98.29,98.53,99.2,98.19,96.6,96.22,61.94,76.65,98.67,93.87,0.0,93.87,0.0,0.0,0.0,0.0,0.0,0.0,0.0,0.0,0.0,0.0,0.0,0.0,0.0,0.0,0.0,0.0,39.0,47.0,40.0,0.0,40.0,99.28,120.51,101.63,0.0,101.63,118.68,218.75,128.87,0.0,128.87,0.0,0.0,0.0,0.0,0.0,0.0,0.0,0.0,0.0,0.0,0.0,0.0,0.0,0.0,0.0
3533403,0.0,0.0,0.0,0.0,0.0,0.0,0.0,0.0,0.0,62019.0,0.0,62019.0,0.0,0.0,0.0,0.0,0.0,0.0,0.0,0.0,0.0,0.0,0.0,0.0,0.0,0.0,0.0,0.0,0.0,0.0,0.0,0.0,0.0,0.0,0.0,0.0,0.0,0.0,0.0,0.0,0.0,0.0,99.24,0.76,48.87,51.13,5.52,6.2,6.05,6.13,6.86,7.14,7.63,8.41,8.89,7.43,6.83,6.21,5.56,4.2,3.08,1.82,1.2,0.57,0.22,0.04,0.01,100.0,0.0,100.0,0.0,0.0,0.0,0.0,0.0,0.0,0.0,0.0,0.0,0.0,0.0,0.0,0.0,0.0,0.0,0.0,0.0,0.0,0.0,0.0,0.0,0.0,0.0,0.0,0.0,0.0,0.0,0.0,0.0,0.0,0.0,0.0,0.0,0.0,0.0,0.0,0.0,0.0,0.0,0.0,0.0,0.0,0.0,0.0,0.0,0.0,0.0,0.0,0.0,0.0,0.0,0.0,0.0,0.0,0.0,0.0,0.0,0.0,0.0,0.0,0.0,0.0,0.0,0.0,0.0,0.0,0.0,0.0,0.0,0.0,0.0,0.0,0.0,0.0,0.0,0.0,0.0,0.0,0.0,0.0,0.0,0.0,0.0,0.0,61546.0,473.0,30311.0,31708.0,3424.0,3844.0,3754.0,3801.0,4255.0,4431.0,4732.0,5214.0,5514.0,4606.0,4233.0,3853.0,3450.0,2603.0,1913.0,1128.0,745.0,351.0,136.0,26.0,6.0,62019.0,0.0,62019.0,97.88,96.28,98.18,97.57,99.53,99.39,99.0,99.07,98.72,97.56,84.99,91.43,99.6,97.87,0.0,97.87,0.0,0.0,0.0,0.0,0.0,0.0,0.0,0.0,0.0,0.0,0.0,0.0,0.0,0.0,0.0,0.0,37.0,41.0,37.0,0.0,37.0,95.48,111.16,95.59,0.0,95.59,93.68,140.0,93.98,0.0,93.98,0.0,0.0,0.0,0.0,0.0,0.0,0.0,0.0,0.0,0.0,0.0,0.0,0.0,0.0,0.0
3533502,0.0,0.0,0.0,0.0,0.0,0.0,0.0,0.0,0.0,38324.0,0.0,38324.0,0.0,0.0,0.0,0.0,0.0,0.0,0.0,0.0,0.0,0.0,0.0,0.0,0.0,0.0,0.0,0.0,0.0,0.0,0.0,0.0,0.0,0.0,0.0,0.0,0.0,0.0,0.0,0.0,0.0,0.0,95.5,4.5,49.24,50.76,5.45,6.03,6.2,6.32,6.35,6.76,7.32,7.76,7.82,6.91,6.83,6.49,5.9,4.9,3.59,2.51,1.64,0.8,0.33,0.07,0.01,100.0,0.0,100.0,0.0,0.0,0.0,0.0,0.0,0.0,0.0,0.0,0.0,0.0,0.0,0.0,0.0,0.0,0.0,0.0,0.0,0.0,0.0,0.0,0.0,0.0,0.0,0.0,0.0,0.0,0.0,0.0,0.0,0.0,0.0,0.0,0.0,0.0,0.0,0.0,0.0,0.0,0.0,0.0,0.0,0.0,0.0,0.0,0.0,0.0,0.0,0.0,0.0,0.0,0.0,0.0,0.0,0.0,0.0,0.0,0.0,0.0,0.0,0.0,0.0,0.0,0.0,0.0,0.0,0.0,0.0,0.0,0.0,0.0,0.0,0.0,0.0,0.0,0.0,0.0,0.0,0.0,0.0,0.0,0.0,0.0,0.0,0.0,36600.0,1724.0,18871.0,19453.0,2089.0,2312.0,2376.0,2422.0,2435.0,2592.0,2806.0,2974.0,2996.0,2649.0,2619.0,2486.0,2263.0,1877.0,1374.0,961.0,630.0,306.0,127.0,26.0,4.0,38324.0,0.0,38324.0,94.73,93.13,94.95,94.38,99.43,98.5,98.78,97.04,95.27,93.3,78.63,84.51,99.26,94.66,0.0,94.66,0.0,0.0,0.0,0.0,0.0,0.0,0.0,0.0,0.0,0.0,0.0,0.0,0.0,0.0,0.0,0.0,38.0,46.0,38.0,0.0,38.0,96.08,119.06,97.01,0.0,97.01,108.92,182.28,111.67,0.0,111.67,0.0,0.0,0.0,0.0,0.0,0.0,0.0,0.0,0.0,0.0,0.0,0.0,0.0,0.0,0.0
3533601,0.0,0.0,0.0,0.0,0.0,0.0,0.0,0.0,0.0,7391.0,0.0,7391.0,0.0,0.0,0.0,0.0,0.0,0.0,0.0,0.0,0.0,0.0,0.0,0.0,0.0,0.0,0.0,0.0,0.0,0.0,0.0,0.0,0.0,0.0,0.0,0.0,0.0,0.0,0.0,0.0,0.0,0.0,93.67,6.33,49.36,50.64,6.01,6.41,6.39,6.1,6.25,7.18,8.24,7.43,7.75,5.87,7.04,6.74,5.76,4.82,3.42,2.06,1.22,0.85,0.38,0.08,0.0,100.0,0.0,100.0,0.0,0.0,0.0,0.0,0.0,0.0,0.0,0.0,0.0,0.0,0.0,0.0,0.0,0.0,0.0,0.0,0.0,0.0,0.0,0.0,0.0,0.0,0.0,0.0,0.0,0.0,0.0,0.0,0.0,0.0,0.0,0.0,0.0,0.0,0.0,0.0,0.0,0.0,0.0,0.0,0.0,0.0,0.0,0.0,0.0,0.0,0.0,0.0,0.0,0.0,0.0,0.0,0.0,0.0,0.0,0.0,0.0,0.0,0.0,0.0,0.0,0.0,0.0,0.0,0.0,0.0,0.0,0.0,0.0,0.0,0.0,0.0,0.0,0.0,0.0,0.0,0.0,0.0,0.0,0.0,0.0,0.0,0.0,0.0,6923.0,468.0,3648.0,3743.0,444.0,474.0,472.0,451.0,462.0,531.0,609.0,549.0,573.0,434.0,520.0,498.0,426.0,356.0,253.0,152.0,90.0,63.0,28.0,6.0,0.0,7391.0,0.0,7391.0,95.43,95.99,95.6,95.34,97.84,98.16,98.48,98.13,96.33,94.48,79.65,86.71,97.87,95.47,0.0,95.47,0.0,0.0,0.0,0.0,0.0,0.0,0.0,0.0,0.0,0.0,0.0,0.0,0.0,0.0,0.0,0.0,36.0,41.0,37.0,0.0,37.0,96.34,115.67,97.46,0.0,97.46,98.38,105.32,98.85,0.0,98.85,0.0,0.0,0.0,0.0,0.0,0.0,0.0,0.0,0.0,0.0,0.0,0.0,0.0,0.0,0.0
3533700,0.0,0.0,0.0,0.0,0.0,0.0,0.0,0.0,0.0,4331.0,0.0,4331.0,0.0,0.0,0.0,0.0,0.0,0.0,0.0,0.0,0.0,0.0,0.0,0.0,0.0,0.0,0.0,0.0,0.0,0.0,0.0,0.0,0.0,0.0,0.0,0.0,0.0,0.0,0.0,0.0,0.0,0.0,85.55,14.45,51.1,48.9,6.51,6.6,6.79,5.84,7.16,6.7,6.19,7.11,6.74,6.37,6.16,6.4,6.0,5.68,3.88,2.38,1.69,1.36,0.32,0.12,0.0,100.0,0.0,100.0,0.0,0.0,0.0,0.0,0.0,0.0,0.0,0.0,0.0,0.0,0.0,0.0,0.0,0.0,0.0,0.0,0.0,0.0,0.0,0.0,0.0,0.0,0.0,0.0,0.0,0.0,0.0,0.0,0.0,0.0,0.0,0.0,0.0,0.0,0.0,0.0,0.0,0.0,0.0,0.0,0.0,0.0,0.0,0.0,0.0,0.0,0.0,0.0,0.0,0.0,0.0,0.0,0.0,0.0,0.0,0.0,0.0,0.0,0.0,0.0,0.0,0.0,0.0,0.0,0.0,0.0,0.0,0.0,0.0,0.0,0.0,0.0,0.0,0.0,0.0,0.0,0.0,0.0,0.0,0.0,0.0,0.0,0.0,0.0,3705.0,626.0,2213.0,2118.0,282.0,286.0,294.0,253.0,310.0,290.0,268.0,308.0,292.0,276.0,267.0,277.0,260.0,246.0,168.0,103.0,73.0,59.0,14.0,5.0,0.0,4331.0,0.0,4331.0,93.76,93.45,94.15,93.27,98.39,98.21,100.0,98.0,95.76,88.45,78.35,84.43,97.78,93.72,0.0,93.72,0.0,0.0,0.0,0.0,0.0,0.0,0.0,0.0,0.0,0.0,0.0,0.0,0.0,0.0,0.0,0.0,37.0,40.0,37.0,0.0,37.0,101.47,124.37,104.49,0.0,104.49,105.68,119.67,107.66,0.0,107.66,0.0,0.0,0.0,0.0,0.0,0.0,0.0,0.0,0.0,0.0,0.0,0.0,0.0,0.0,0.0
3533809,0.0,0.0,0.0,0.0,0.0,0.0,0.0,0.0,0.0,2512.0,0.0,2512.0,0.0,0.0,0.0,0.0,0.0,0.0,0.0,0.0,0.0,0.0,0.0,0.0,0.0,0.0,0.0,0.0,0.0,0.0,0.0,0.0,0.0,0.0,0.0,0.0,0.0,0.0,0.0,0.0,0.0,0.0,76.47,23.53,51.15,48.85,4.62,5.97,6.61,5.69,6.41,7.21,6.21,5.85,7.32,6.69,6.49,6.85,7.17,6.09,4.62,2.75,1.99,1.07,0.32,0.08,0.0,100.0,0.0,100.0,0.0,0.0,0.0,0.0,0.0,0.0,0.0,0.0,0.0,0.0,0.0,0.0,0.0,0.0,0.0,0.0,0.0,0.0,0.0,0.0,0.0,0.0,0.0,0.0,0.0,0.0,0.0,0.0,0.0,0.0,0.0,0.0,0.0,0.0,0.0,0.0,0.0,0.0,0.0,0.0,0.0,0.0,0.0,0.0,0.0,0.0,0.0,0.0,0.0,0.0,0.0,0.0,0.0,0.0,0.0,0.0,0.0,0.0,0.0,0.0,0.0,0.0,0.0,0.0,0.0,0.0,0.0,0.0,0.0,0.0,0.0,0.0,0.0,0.0,0.0,0.0,0.0,0.0,0.0,0.0,0.0,0.0,0.0,0.0,1921.0,591.0,1285.0,1227.0,116.0,150.0,166.0,143.0,161.0,181.0,156.0,147.0,184.0,168.0,163.0,172.0,180.0,153.0,116.0,69.0,50.0,27.0,8.0,2.0,0.0,2512.0,0.0,2512.0,94.27,96.95,95.99,93.8,100.0,98.22,97.67,95.47,96.07,93.18,84.62,89.65,96.49,94.9,0.0,94.9,0.0,0.0,0.0,0.0,0.0,0.0,0.0,0.0,0.0,0.0,0.0,0.0,0.0,0.0,0.0,0.0,39.0,43.0,41.0,0.0,41.0,102.0,114.13,104.73,0.0,104.73,136.04,153.54,140.05,0.0,140.05,0.0,0.0,0.0,0.0,0.0,0.0,0.0,0.0,0.0,0.0,0.0,0.0,0.0,0.0,0.0
3533908,0.0,0.0,0.0,0.0,0.0,0.0,0.0,0.0,0.0,55074.0,0.0,55074.0,0.0,0.0,0.0,0.0,0.0,0.0,0.0,0.0,0.0,0.0,0.0,0.0,0.0,0.0,0.0,0.0,0.0,0.0,0.0,0.0,0.0,0.0,0.0,0.0,0.0,0.0,0.0,0.0,0.0,0.0,96.88,3.12,48.55,51.45,5.72,6.22,6.2,6.29,6.55,7.24,7.93,8.41,8.01,6.52,6.32,5.8,5.32,4.37,3.72,2.48,1.55,0.91,0.37,0.08,0.01,100.0,0.0,100.0,0.0,0.0,0.0,0.0,0.0,0.0,0.0,0.0,0.0,0.0,0.0,0.0,0.0,0.0,0.0,0.0,0.0,0.0,0.0,0.0,0.0,0.0,0.0,0.0,0.0,0.0,0.0,0.0,0.0,0.0,0.0,0.0,0.0,0.0,0.0,0.0,0.0,0.0,0.0,0.0,0.0,0.0,0.0,0.0,0.0,0.0,0.0,0.0,0.0,0.0,0.0,0.0,0.0,0.0,0.0,0.0,0.0,0.0,0.0,0.0,0.0,0.0,0.0,0.0,0.0,0.0,0.0,0.0,0.0,0.0,0.0,0.0,0.0,0.0,0.0,0.0,0.0,0.0,0.0,0.0,0.0,0.0,0.0,0.0,53355.0,1719.0,26741.0,28333.0,3151.0,3425.0,3416.0,3466.0,3605.0,3985.0,4368.0,4630.0,4409.0,3591.0,3483.0,3193.0,2931.0,2405.0,2047.0,1365.0,851.0,500.0,205.0,43.0,5.0,55074.0,0.0,55074.0,96.56,96.13,96.55,96.55,99.11,99.02,98.67,98.19,96.24,95.79,86.56,90.27,99.63,96.55,0.0,96.55,0.0,0.0,0.0,0.0,0.0,0.0,0.0,0.0,0.0,0.0,0.0,0.0,0.0,0.0,0.0,0.0,37.0,41.0,37.0,0.0,37.0,93.92,109.89,94.38,0.0,94.38,103.1,119.93,103.6,0.0,103.6,0.0,0.0,0.0,0.0,0.0,0.0,0.0,0.0,0.0,0.0,0.0,0.0,0.0,0.0,0.0
3534005,0.0,0.0,0.0,0.0,0.0,0.0,0.0,0.0,0.0,4771.0,0.0,4771.0,0.0,0.0,0.0,0.0,0.0,0.0,0.0,0.0,0.0,0.0,0.0,0.0,0.0,0.0,0.0,0.0,0.0,0.0,0.0,0.0,0.0,0.0,0.0,0.0,0.0,0.0,0.0,0.0,0.0,0.0,91.36,8.64,50.3,49.7,6.06,6.96,6.62,7.52,6.75,6.75,7.46,8.49,7.63,7.23,5.99,6.31,5.32,3.81,3.1,2.01,1.17,0.54,0.15,0.06,0.04,100.0,0.0,100.0,0.0,0.0,0.0,0.0,0.0,0.0,0.0,0.0,0.0,0.0,0.0,0.0,0.0,0.0,0.0,0.0,0.0,0.0,0.0,0.0,0.0,0.0,0.0,0.0,0.0,0.0,0.0,0.0,0.0,0.0,0.0,0.0,0.0,0.0,0.0,0.0,0.0,0.0,0.0,0.0,0.0,0.0,0.0,0.0,0.0,0.0,0.0,0.0,0.0,0.0,0.0,0.0,0.0,0.0,0.0,0.0,0.0,0.0,0.0,0.0,0.0,0.0,0.0,0.0,0.0,0.0,0.0,0.0,0.0,0.0,0.0,0.0,0.0,0.0,0.0,0.0,0.0,0.0,0.0,0.0,0.0,0.0,0.0,0.0,4359.0,412.0,2400.0,2371.0,289.0,332.0,316.0,359.0,322.0,322.0,356.0,405.0,364.0,345.0,286.0,301.0,254.0,182.0,148.0,96.0,56.0,26.0,7.0,3.0,2.0,4771.0,0.0,4771.0,94.51,91.92,94.1,94.47,99.07,97.35,97.73,95.58,95.09,94.41,69.47,81.54,99.28,94.29,0.0,94.29,0.0,0.0,0.0,0.0,0.0,0.0,0.0,0.0,0.0,0.0,0.0,0.0,0.0,0.0,0.0,0.0,35.0,39.0,35.0,0.0,35.0,99.41,122.7,101.22,0.0,101.22,79.51,116.67,82.6,0.0,82.6,0.0,0.0,0.0,0.0,0.0,0.0,0.0,0.0,0.0,0.0,0.0,0.0,0.0,0.0,0.0
3534104,0.0,0.0,0.0,0.0,0.0,0.0,0.0,0.0,0.0,6085.0,0.0,6085.0,0.0,0.0,0.0,0.0,0.0,0.0,0.0,0.0,0.0,0.0,0.0,0.0,0.0,0.0,0.0,0.0,0.0,0.0,0.0,0.0,0.0,0.0,0.0,0.0,0.0,0.0,0.0,0.0,0.0,0.0,94.95,5.05,48.04,51.96,5.32,5.9,5.67,5.97,6.62,5.85,6.77,8.27,6.79,5.97,6.69,7.17,7.72,5.39,3.6,2.7,2.02,0.92,0.49,0.16,0.02,100.0,0.0,100.0,0.0,0.0,0.0,0.0,0.0,0.0,0.0,0.0,0.0,0.0,0.0,0.0,0.0,0.0,0.0,0.0,0.0,0.0,0.0,0.0,0.0,0.0,0.0,0.0,0.0,0.0,0.0,0.0,0.0,0.0,0.0,0.0,0.0,0.0,0.0,0.0,0.0,0.0,0.0,0.0,0.0,0.0,0.0,0.0,0.0,0.0,0.0,0.0,0.0,0.0,0.0,0.0,0.0,0.0,0.0,0.0,0.0,0.0,0.0,0.0,0.0,0.0,0.0,0.0,0.0,0.0,0.0,0.0,0.0,0.0,0.0,0.0,0.0,0.0,0.0,0.0,0.0,0.0,0.0,0.0,0.0,0.0,0.0,0.0,5778.0,307.0,2923.0,3162.0,324.0,359.0,345.0,363.0,403.0,356.0,412.0,503.0,413.0,363.0,407.0,436.0,470.0,328.0,219.0,164.0,123.0,56.0,30.0,10.0,1.0,6085.0,0.0,6085.0,95.88,94.4,96.83,94.87,99.26,99.09,99.57,98.91,97.66,95.47,75.78,85.82,100.0,95.81,0.0,95.81,0.0,0.0,0.0,0.0,0.0,0.0,0.0,0.0,0.0,0.0,0.0,0.0,0.0,0.0,0.0,0.0,39.0,40.0,39.0,0.0,39.0,91.26,117.73,92.44,0.0,92.44,136.05,140.35,136.28,0.0,136.28,0.0,0.0,0.0,0.0,0.0,0.0,0.0,0.0,0.0,0.0,0.0,0.0,0.0,0.0,0.0
3534203,0.0,0.0,0.0,0.0,0.0,0.0,0.0,0.0,0.0,6024.0,0.0,6024.0,0.0,0.0,0.0,0.0,0.0,0.0,0.0,0.0,0.0,0.0,0.0,0.0,0.0,0.0,0.0,0.0,0.0,0.0,0.0,0.0,0.0,0.0,0.0,0.0,0.0,0.0,0.0,0.0,0.0,0.0,93.18,6.82,50.05,49.95,6.62,6.71,6.91,6.41,6.87,6.57,8.28,9.11,8.25,7.42,6.67,5.66,4.45,3.77,2.71,1.54,1.15,0.58,0.25,0.07,0.0,100.0,0.0,100.0,0.0,0.0,0.0,0.0,0.0,0.0,0.0,0.0,0.0,0.0,0.0,0.0,0.0,0.0,0.0,0.0,0.0,0.0,0.0,0.0,0.0,0.0,0.0,0.0,0.0,0.0,0.0,0.0,0.0,0.0,0.0,0.0,0.0,0.0,0.0,0.0,0.0,0.0,0.0,0.0,0.0,0.0,0.0,0.0,0.0,0.0,0.0,0.0,0.0,0.0,0.0,0.0,0.0,0.0,0.0,0.0,0.0,0.0,0.0,0.0,0.0,0.0,0.0,0.0,0.0,0.0,0.0,0.0,0.0,0.0,0.0,0.0,0.0,0.0,0.0,0.0,0.0,0.0,0.0,0.0,0.0,0.0,0.0,0.0,5613.0,411.0,3015.0,3009.0,399.0,404.0,416.0,386.0,414.0,396.0,499.0,549.0,497.0,447.0,402.0,341.0,268.0,227.0,163.0,93.0,69.0,35.0,15.0,4.0,0.0,6024.0,0.0,6024.0,93.94,94.29,94.28,93.65,99.28,99.33,100.0,97.99,94.23,90.97,64.35,74.26,100.0,93.96,0.0,93.96,0.0,0.0,0.0,0.0,0.0,0.0,0.0,0.0,0.0,0.0,0.0,0.0,0.0,0.0,0.0,0.0,35.0,39.0,35.0,0.0,35.0,99.47,110.77,100.2,0.0,100.2,69.33,106.41,71.7,0.0,71.7,0.0,0.0,0.0,0.0,0.0,0.0,0.0,0.0,0.0,0.0,0.0,0.0,0.0,0.0,0.0
3534302,0.0,0.0,0.0,0.0,0.0,0.0,0.0,0.0,0.0,38319.0,0.0,38319.0,0.0,0.0,0.0,0.0,0.0,0.0,0.0,0.0,0.0,0.0,0.0,0.0,0.0,0.0,0.0,0.0,0.0,0.0,0.0,0.0,0.0,0.0,0.0,0.0,0.0,0.0,0.0,0.0,0.0,0.0,97.9,2.1,48.27,51.73,5.18,5.83,5.85,6.52,6.85,7.15,7.34,7.86,7.91,6.67,7.04,6.76,6.13,4.53,3.51,2.25,1.49,0.71,0.34,0.09,0.0,100.0,0.0,100.0,0.0,0.0,0.0,0.0,0.0,0.0,0.0,0.0,0.0,0.0,0.0,0.0,0.0,0.0,0.0,0.0,0.0,0.0,0.0,0.0,0.0,0.0,0.0,0.0,0.0,0.0,0.0,0.0,0.0,0.0,0.0,0.0,0.0,0.0,0.0,0.0,0.0,0.0,0.0,0.0,0.0,0.0,0.0,0.0,0.0,0.0,0.0,0.0,0.0,0.0,0.0,0.0,0.0,0.0,0.0,0.0,0.0,0.0,0.0,0.0,0.0,0.0,0.0,0.0,0.0,0.0,0.0,0.0,0.0,0.0,0.0,0.0,0.0,0.0,0.0,0.0,0.0,0.0,0.0,0.0,0.0,0.0,0.0,0.0,37515.0,804.0,18495.0,19824.0,1985.0,2235.0,2241.0,2497.0,2625.0,2738.0,2813.0,3013.0,3031.0,2554.0,2698.0,2590.0,2349.0,1736.0,1346.0,861.0,571.0,273.0,129.0,33.0,1.0,38319.0,0.0,38319.0,96.5,94.04,96.99,95.96,99.09,99.23,98.86,98.06,96.63,95.83,84.21,89.15,99.1,96.45,0.0,96.45,0.0,0.0,0.0,0.0,0.0,0.0,0.0,0.0,0.0,0.0,0.0,0.0,0.0,0.0,0.0,0.0,38.0,38.0,38.0,0.0,38.0,92.98,109.38,93.3,0.0,93.3,114.18,71.58,112.97,0.0,112.97,0.0,0.0,0.0,0.0,0.0,0.0,0.0,0.0,0.0,0.0,0.0,0.0,0.0,0.0,0.0
3534401,100.0,0.0,100.0,17.0,0.0,17.0,0.0,0.0,0.0,728615.0,0.0,728615.0,100.0,0.0,100.0,100.0,0.0,100.0,100.0,0.0,100.0,8.0,0.0,8.0,22.0,0.0,22.0,17.0,0.0,17.0,2.75,0.0,2.75,2.13,0.0,2.13,0.0,0.0,0.0,77.27,0.0,77.27,100.0,0.0,47.55,52.45,5.67,6.66,6.31,6.68,7.42,7.74,7.98,8.51,8.36,7.01,6.54,5.88,5.03,3.81,2.77,1.73,1.07,0.55,0.22,0.06,0.01,100.0,0.0,100.0,100.0,0.0,47.06,52.94,5.88,0.0,11.76,5.88,11.76,5.88,11.76,11.76,0.0,0.0,5.88,5.88,0.0,11.76,0.0,5.88,0.0,0.0,5.88,0.0,0.0,100.0,0.0,100.0,17.0,0.0,8.0,9.0,1.0,0.0,2.0,1.0,2.0,1.0,2.0,2.0,0.0,0.0,1.0,1.0,0.0,2.0,0.0,1.0,0.0,0.0,1.0,0.0,0.0,17.0,0.0,17.0,0.0,0.0,0.0,0.0,0.0,0.0,0.0,0.0,0.0,0.0,0.0,0.0,0.0,0.0,0.0,0.0,0.0,0.01,0.0,0.01,0.0,0.0,0.06,0.0,0.0,0.0,0.0,0.0,728606.0,9.0,346478.0,382137.0,41299.0,48512.0,45942.0,48662.0,54061.0,56388.0,58154.0,61969.0,60933.0,51070.0,47662.0,42834.0,36642.0,27792.0,20185.0,12638.0,7776.0,4021.0,1569.0,432.0,74.0,728615.0,0.0,728615.0,97.19,100.0,97.43,96.99,99.12,99.17,98.8,98.72,97.42,95.56,86.64,90.53,99.14,97.19,0.0,97.19,100.0,0.0,100.0,100.0,100.0,100.0,100.0,100.0,100.0,100.0,100.0,100.0,0.0,100.0,0.0,100.0,35.0,46.0,35.0,0.0,35.0,90.67,200.0,90.67,0.0,90.67,81.86,0.0,81.86,0.0,81.86,34.0,0.0,34.0,0.0,34.0,88.89,0.0,88.89,0.0,88.89,133.33,0.0,133.33,0.0,133.33
3534500,0.0,0.0,0.0,0.0,0.0,0.0,0.0,0.0,0.0,2470.0,0.0,2470.0,0.0,0.0,0.0,0.0,0.0,0.0,0.0,0.0,0.0,0.0,0.0,0.0,0.0,0.0,0.0,0.0,0.0,0.0,0.0,0.0,0.0,0.0,0.0,0.0,0.0,0.0,0.0,0.0,0.0,0.0,83.0,17.0,47.81,52.19,3.97,5.02,6.92,5.3,5.34,4.41,5.91,6.64,7.65,6.6,7.25,7.65,6.44,5.87,6.28,4.21,2.75,1.17,0.49,0.12,0.0,100.0,0.0,100.0,0.0,0.0,0.0,0.0,0.0,0.0,0.0,0.0,0.0,0.0,0.0,0.0,0.0,0.0,0.0,0.0,0.0,0.0,0.0,0.0,0.0,0.0,0.0,0.0,0.0,0.0,0.0,0.0,0.0,0.0,0.0,0.0,0.0,0.0,0.0,0.0,0.0,0.0,0.0,0.0,0.0,0.0,0.0,0.0,0.0,0.0,0.0,0.0,0.0,0.0,0.0,0.0,0.0,0.0,0.0,0.0,0.0,0.0,0.0,0.0,0.0,0.0,0.0,0.0,0.0,0.0,0.0,0.0,0.0,0.0,0.0,0.0,0.0,0.0,0.0,0.0,0.0,0.0,0.0,0.0,0.0,0.0,0.0,0.0,2050.0,420.0,1181.0,1289.0,98.0,124.0,171.0,131.0,132.0,109.0,146.0,164.0,189.0,163.0,179.0,189.0,159.0,145.0,155.0,104.0,68.0,29.0,12.0,3.0,0.0,2470.0,0.0,2470.0,93.75,96.29,94.66,93.75,99.24,96.47,100.0,98.87,96.78,94.54,77.31,85.47,96.49,94.17,0.0,94.17,0.0,0.0,0.0,0.0,0.0,0.0,0.0,0.0,0.0,0.0,0.0,0.0,0.0,0.0,0.0,0.0,43.0,46.0,44.0,0.0,44.0,88.07,111.06,91.62,0.0,91.62,172.14,170.0,171.76,0.0,171.76,0.0,0.0,0.0,0.0,0.0,0.0,0.0,0.0,0.0,0.0,0.0,0.0,0.0,0.0,0.0
3534609,0.0,0.0,0.0,0.0,0.0,0.0,0.0,0.0,0.0,31272.0,0.0,31272.0,0.0,0.0,0.0,0.0,0.0,0.0,0.0,0.0,0.0,0.0,0.0,0.0,0.0,0.0,0.0,0.0,0.0,0.0,0.0,0.0,0.0,0.0,0.0,0.0,0.0,0.0,0.0,0.0,0.0,0.0,92.58,7.42,49.78,50.22,4.61,5.46,5.27,5.55,7.05,6.95,6.86,7.02,7.43,6.77,7.01,6.97,6.6,5.52,4.12,2.99,2.07,1.15,0.5,0.09,0.02,100.0,0.0,100.0,0.0,0.0,0.0,0.0,0.0,0.0,0.0,0.0,0.0,0.0,0.0,0.0,0.0,0.0,0.0,0.0,0.0,0.0,0.0,0.0,0.0,0.0,0.0,0.0,0.0,0.0,0.0,0.0,0.0,0.0,0.0,0.0,0.0,0.0,0.0,0.0,0.0,0.0,0.0,0.0,0.0,0.0,0.0,0.0,0.0,0.0,0.0,0.0,0.0,0.0,0.0,0.0,0.0,0.0,0.0,0.0,0.0,0.0,0.0,0.0,0.0,0.0,0.0,0.0,0.0,0.0,0.0,0.0,0.0,0.0,0.0,0.0,0.0,0.0,0.0,0.0,0.0,0.0,0.0,0.0,0.0,0.0,0.0,0.0,28953.0,2319.0,15568.0,15704.0,1441.0,1707.0,1648.0,1736.0,2206.0,2172.0,2144.0,2195.0,2325.0,2116.0,2191.0,2181.0,2064.0,1726.0,1289.0,934.0,646.0,360.0,156.0,28.0,7.0,31272.0,0.0,31272.0,96.2,97.47,97.26,95.35,99.27,99.35,99.32,98.78,97.52,96.61,80.53,88.03,99.15,96.3,0.0,96.3,0.0,0.0,0.0,0.0,0.0,0.0,0.0,0.0,0.0,0.0,0.0,0.0,0.0,0.0,0.0,0.0,41.0,30.0,40.0,0.0,40.0,91.44,299.83,99.13,0.0,99.13,146.91,257.05,150.33,0.0,150.33,0.0,0.0,0.0,0.0,0.0,0.0,0.0,0.0,0.0,0.0,0.0,0.0,0.0,0.0,0.0
3534708,0.0,0.0,0.0,0.0,0.0,0.0,0.0,0.0,0.0,103970.0,0.0,103970.0,0.0,0.0,0.0,0.0,0.0,0.0,0.0,0.0,0.0,0.0,0.0,0.0,0.0,0.0,0.0,0.0,0.0,0.0,0.0,0.0,0.0,0.0,0.0,0.0,0.0,0.0,0.0,0.0,0.0,0.0,98.16,1.84,47.58,52.42,5.55,6.12,6.38,6.44,6.77,6.85,6.99,7.59,7.76,7.0,6.82,6.52,5.69,4.76,3.67,2.45,1.5,0.73,0.31,0.08,0.01,100.0,0.0,100.0,0.0,0.0,0.0,0.0,0.0,0.0,0.0,0.0,0.0,0.0,0.0,0.0,0.0,0.0,0.0,0.0,0.0,0.0,0.0,0.0,0.0,0.0,0.0,0.0,0.0,0.0,0.0,0.0,0.0,0.0,0.0,0.0,0.0,0.0,0.0,0.0,0.0,0.0,0.0,0.0,0.0,0.0,0.0,0.0,0.0,0.0,0.0,0.0,0.0,0.0,0.0,0.0,0.0,0.0,0.0,0.0,0.0,0.0,0.0,0.0,0.0,0.0,0.0,0.0,0.0,0.0,0.0,0.0,0.0,0.0,0.0,0.0,0.0,0.0,0.0,0.0,0.0,0.0,0.0,0.0,0.0,0.0,0.0,0.0,102054.0,1916.0,49471.0,54499.0,5774.0,6368.0,6636.0,6692.0,7043.0,7127.0,7272.0,7890.0,8066.0,7283.0,7087.0,6777.0,5914.0,4945.0,3811.0,2550.0,1558.0,760.0,326.0,79.0,12.0,103970.0,0.0,103970.0,96.79,95.19,97.43,96.17,99.09,98.94,99.01,98.82,97.5,95.79,85.96,90.06,99.2,96.76,0.0,96.76,0.0,0.0,0.0,0.0,0.0,0.0,0.0,0.0,0.0,0.0,0.0,0.0,0.0,0.0,0.0,0.0,38.0,39.0,38.0,0.0,38.0,90.39,113.6,90.77,0.0,90.77,106.57,91.51,106.27,0.0,106.27,0.0,0.0,0.0,0.0,0.0,0.0,0.0,0.0,0.0,0.0,0.0,0.0,0.0,0.0,0.0
3534757,0.0,0.0,0.0,0.0,0.0,0.0,0.0,0.0,0.0,10294.0,0.0,10294.0,0.0,0.0,0.0,0.0,0.0,0.0,0.0,0.0,0.0,0.0,0.0,0.0,0.0,0.0,0.0,0.0,0.0,0.0,0.0,0.0,0.0,0.0,0.0,0.0,0.0,0.0,0.0,0.0,0.0,0.0,91.39,8.61,49.27,50.73,5.61,6.15,6.39,6.33,6.34,6.67,7.15,8.25,7.72,7.17,6.77,6.2,6.01,4.7,3.57,2.35,1.39,0.8,0.32,0.11,0.0,100.0,0.0,100.0,0.0,0.0,0.0,0.0,0.0,0.0,0.0,0.0,0.0,0.0,0.0,0.0,0.0,0.0,0.0,0.0,0.0,0.0,0.0,0.0,0.0,0.0,0.0,0.0,0.0,0.0,0.0,0.0,0.0,0.0,0.0,0.0,0.0,0.0,0.0,0.0,0.0,0.0,0.0,0.0,0.0,0.0,0.0,0.0,0.0,0.0,0.0,0.0,0.0,0.0,0.0,0.0,0.0,0.0,0.0,0.0,0.0,0.0,0.0,0.0,0.0,0.0,0.0,0.0,0.0,0.0,0.0,0.0,0.0,0.0,0.0,0.0,0.0,0.0,0.0,0.0,0.0,0.0,0.0,0.0,0.0,0.0,0.0,0.0,9408.0,886.0,5072.0,5222.0,577.0,633.0,658.0,652.0,653.0,687.0,736.0,849.0,795.0,738.0,697.0,638.0,619.0,484.0,367.0,242.0,143.0,82.0,33.0,11.0,0.0,10294.0,0.0,10294.0,94.54,93.73,94.77,94.19,98.47,99.09,98.76,98.3,94.98,94.35,70.65,80.62,98.8,94.47,0.0,94.47,0.0,0.0,0.0,0.0,0.0,0.0,0.0,0.0,0.0,0.0,0.0,0.0,0.0,0.0,0.0,0.0,37.0,42.0,38.0,0.0,38.0,96.04,109.46,97.13,0.0,97.13,104.55,123.03,106.05,0.0,106.05,0.0,0.0,0.0,0.0,0.0,0.0,0.0,0.0,0.0,0.0,0.0,0.0,0.0,0.0,0.0
3534807,0.0,0.0,0.0,0.0,0.0,0.0,0.0,0.0,0.0,7779.0,0.0,7779.0,0.0,0.0,0.0,0.0,0.0,0.0,0.0,0.0,0.0,0.0,0.0,0.0,0.0,0.0,0.0,0.0,0.0,0.0,0.0,0.0,0.0,0.0,0.0,0.0,0.0,0.0,0.0,0.0,0.0,0.0,94.6,5.4,48.32,51.68,6.93,6.54,6.63,7.1,6.39,6.92,7.12,7.28,7.24,6.76,6.86,6.23,5.5,4.13,3.25,2.21,1.52,0.9,0.39,0.1,0.0,100.0,0.0,100.0,0.0,0.0,0.0,0.0,0.0,0.0,0.0,0.0,0.0,0.0,0.0,0.0,0.0,0.0,0.0,0.0,0.0,0.0,0.0,0.0,0.0,0.0,0.0,0.0,0.0,0.0,0.0,0.0,0.0,0.0,0.0,0.0,0.0,0.0,0.0,0.0,0.0,0.0,0.0,0.0,0.0,0.0,0.0,0.0,0.0,0.0,0.0,0.0,0.0,0.0,0.0,0.0,0.0,0.0,0.0,0.0,0.0,0.0,0.0,0.0,0.0,0.0,0.0,0.0,0.0,0.0,0.0,0.0,0.0,0.0,0.0,0.0,0.0,0.0,0.0,0.0,0.0,0.0,0.0,0.0,0.0,0.0,0.0,0.0,7359.0,420.0,3759.0,4020.0,539.0,509.0,516.0,552.0,497.0,538.0,554.0,566.0,563.0,526.0,534.0,485.0,428.0,321.0,253.0,172.0,118.0,70.0,30.0,8.0,0.0,7779.0,0.0,7779.0,91.99,88.64,92.59,91.05,97.79,98.44,99.39,96.37,92.08,90.36,61.56,73.05,97.77,91.79,0.0,91.79,0.0,0.0,0.0,0.0,0.0,0.0,0.0,0.0,0.0,0.0,0.0,0.0,0.0,0.0,0.0,0.0,36.0,47.0,36.0,0.0,36.0,92.74,107.92,93.51,0.0,93.51,84.85,208.47,89.51,0.0,89.51,0.0,0.0,0.0,0.0,0.0,0.0,0.0,0.0,0.0,0.0,0.0,0.0,0.0,0.0,0.0
3534906,0.0,0.0,0.0,0.0,0.0,0.0,0.0,0.0,0.0,14877.0,0.0,14877.0,0.0,0.0,0.0,0.0,0.0,0.0,0.0,0.0,0.0,0.0,0.0,0.0,0.0,0.0,0.0,0.0,0.0,0.0,0.0,0.0,0.0,0.0,0.0,0.0,0.0,0.0,0.0,0.0,0.0,0.0,60.07,39.93,66.14,33.86,3.27,3.67,3.73,3.78,8.09,12.23,11.53,10.04,9.06,6.29,5.7,5.46,5.05,3.85,2.94,2.22,1.61,0.97,0.4,0.09,0.01,100.0,0.0,100.0,0.0,0.0,0.0,0.0,0.0,0.0,0.0,0.0,0.0,0.0,0.0,0.0,0.0,0.0,0.0,0.0,0.0,0.0,0.0,0.0,0.0,0.0,0.0,0.0,0.0,0.0,0.0,0.0,0.0,0.0,0.0,0.0,0.0,0.0,0.0,0.0,0.0,0.0,0.0,0.0,0.0,0.0,0.0,0.0,0.0,0.0,0.0,0.0,0.0,0.0,0.0,0.0,0.0,0.0,0.0,0.0,0.0,0.0,0.0,0.0,0.0,0.0,0.0,0.0,0.0,0.0,0.0,0.0,0.0,0.0,0.0,0.0,0.0,0.0,0.0,0.0,0.0,0.0,0.0,0.0,0.0,0.0,0.0,0.0,8936.0,5941.0,9840.0,5037.0,487.0,546.0,555.0,563.0,1204.0,1819.0,1716.0,1494.0,1348.0,936.0,848.0,812.0,751.0,573.0,437.0,330.0,239.0,145.0,59.0,13.0,2.0,14877.0,0.0,14877.0,94.51,95.83,95.67,93.86,98.34,97.31,99.42,96.94,95.57,95.2,75.89,83.65,99.54,95.09,0.0,95.09,0.0,0.0,0.0,0.0,0.0,0.0,0.0,0.0,0.0,0.0,0.0,0.0,0.0,0.0,0.0,0.0,42.0,33.0,36.0,0.0,36.0,93.17,1345.5,195.35,0.0,195.35,153.39,252.63,160.52,0.0,160.52,0.0,0.0,0.0,0.0,0.0,0.0,0.0,0.0,0.0,0.0,0.0,0.0,0.0,0.0,0.0
3535002,0.0,0.0,0.0,0.0,0.0,0.0,0.0,0.0,0.0,11476.0,0.0,11476.0,0.0,0.0,0.0,0.0,0.0,0.0,0.0,0.0,0.0,0.0,0.0,0.0,0.0,0.0,0.0,0.0,0.0,0.0,0.0,0.0,0.0,0.0,0.0,0.0,0.0,0.0,0.0,0.0,0.0,0.0,86.73,13.27,49.85,50.15,5.89,5.79,6.2,6.06,6.06,6.61,7.17,8.17,7.56,6.8,6.47,6.41,5.74,4.79,4.08,2.82,1.86,0.94,0.43,0.11,0.02,100.0,0.0,100.0,0.0,0.0,0.0,0.0,0.0,0.0,0.0,0.0,0.0,0.0,0.0,0.0,0.0,0.0,0.0,0.0,0.0,0.0,0.0,0.0,0.0,0.0,0.0,0.0,0.0,0.0,0.0,0.0,0.0,0.0,0.0,0.0,0.0,0.0,0.0,0.0,0.0,0.0,0.0,0.0,0.0,0.0,0.0,0.0,0.0,0.0,0.0,0.0,0.0,0.0,0.0,0.0,0.0,0.0,0.0,0.0,0.0,0.0,0.0,0.0,0.0,0.0,0.0,0.0,0.0,0.0,0.0,0.0,0.0,0.0,0.0,0.0,0.0,0.0,0.0,0.0,0.0,0.0,0.0,0.0,0.0,0.0,0.0,0.0,9953.0,1523.0,5721.0,5755.0,676.0,665.0,712.0,696.0,695.0,758.0,823.0,938.0,868.0,780.0,743.0,736.0,659.0,550.0,468.0,324.0,213.0,108.0,49.0,13.0,2.0,11476.0,0.0,11476.0,93.47,93.88,94.16,92.9,98.27,98.55,99.01,97.62,94.02,92.54,75.04,80.72,100.0,93.53,0.0,93.53,0.0,0.0,0.0,0.0,0.0,0.0,0.0,0.0,0.0,0.0,0.0,0.0,0.0,0.0,0.0,0.0,38.0,42.0,38.0,0.0,38.0,96.97,116.95,99.41,0.0,99.41,113.48,134.72,116.22,0.0,116.22,0.0,0.0,0.0,0.0,0.0,0.0,0.0,0.0,0.0,0.0,0.0,0.0,0.0,0.0,0.0
3535101,0.0,0.0,0.0,0.0,0.0,0.0,0.0,0.0,0.0,9650.0,0.0,9650.0,0.0,0.0,0.0,0.0,0.0,0.0,0.0,0.0,0.0,0.0,0.0,0.0,0.0,0.0,0.0,0.0,0.0,0.0,0.0,0.0,0.0,0.0,0.0,0.0,0.0,0.0,0.0,0.0,0.0,0.0,98.02,1.98,50.15,49.85,6.06,6.5,6.8,7.03,7.61,7.53,8.16,8.72,8.93,7.04,6.27,5.95,4.57,3.18,2.29,1.54,1.07,0.56,0.19,0.02,0.0,100.0,0.0,100.0,0.0,0.0,0.0,0.0,0.0,0.0,0.0,0.0,0.0,0.0,0.0,0.0,0.0,0.0,0.0,0.0,0.0,0.0,0.0,0.0,0.0,0.0,0.0,0.0,0.0,0.0,0.0,0.0,0.0,0.0,0.0,0.0,0.0,0.0,0.0,0.0,0.0,0.0,0.0,0.0,0.0,0.0,0.0,0.0,0.0,0.0,0.0,0.0,0.0,0.0,0.0,0.0,0.0,0.0,0.0,0.0,0.0,0.0,0.0,0.0,0.0,0.0,0.0,0.0,0.0,0.0,0.0,0.0,0.0,0.0,0.0,0.0,0.0,0.0,0.0,0.0,0.0,0.0,0.0,0.0,0.0,0.0,0.0,0.0,9459.0,191.0,4839.0,4811.0,585.0,627.0,656.0,678.0,734.0,727.0,787.0,841.0,862.0,679.0,605.0,574.0,441.0,307.0,221.0,149.0,103.0,54.0,18.0,2.0,0.0,9650.0,0.0,9650.0,93.09,94.74,93.39,92.86,98.77,98.41,99.31,96.48,90.97,88.28,67.18,76.35,99.17,93.13,0.0,93.13,0.0,0.0,0.0,0.0,0.0,0.0,0.0,0.0,0.0,0.0,0.0,0.0,0.0,0.0,0.0,0.0,35.0,36.0,35.0,0.0,35.0,100.32,114.61,100.58,0.0,100.58,69.49,61.54,69.33,0.0,69.33,0.0,0.0,0.0,0.0,0.0,0.0,0.0,0.0,0.0,0.0,0.0,0.0,0.0,0.0,0.0
3535200,0.0,0.0,0.0,0.0,0.0,0.0,0.0,0.0,0.0,8903.0,0.0,8903.0,0.0,0.0,0.0,0.0,0.0,0.0,0.0,0.0,0.0,0.0,0.0,0.0,0.0,0.0,0.0,0.0,0.0,0.0,0.0,0.0,0.0,0.0,0.0,0.0,0.0,0.0,0.0,0.0,0.0,0.0,82.39,17.61,49.77,50.23,4.41,4.62,5.2,5.81,5.73,5.58,5.59,6.1,7.2,7.54,7.69,8.32,7.75,5.77,4.52,3.73,2.76,1.27,0.36,0.04,0.0,100.0,0.0,100.0,0.0,0.0,0.0,0.0,0.0,0.0,0.0,0.0,0.0,0.0,0.0,0.0,0.0,0.0,0.0,0.0,0.0,0.0,0.0,0.0,0.0,0.0,0.0,0.0,0.0,0.0,0.0,0.0,0.0,0.0,0.0,0.0,0.0,0.0,0.0,0.0,0.0,0.0,0.0,0.0,0.0,0.0,0.0,0.0,0.0,0.0,0.0,0.0,0.0,0.0,0.0,0.0,0.0,0.0,0.0,0.0,0.0,0.0,0.0,0.0,0.0,0.0,0.0,0.0,0.0,0.0,0.0,0.0,0.0,0.0,0.0,0.0,0.0,0.0,0.0,0.0,0.0,0.0,0.0,0.0,0.0,0.0,0.0,0.0,7335.0,1568.0,4431.0,4472.0,393.0,411.0,463.0,517.0,510.0,497.0,498.0,543.0,641.0,671.0,685.0,741.0,690.0,514.0,402.0,332.0,246.0,113.0,32.0,4.0,0.0,8903.0,0.0,8903.0,94.03,93.5,94.42,93.46,99.41,99.1,98.98,97.72,95.65,94.34,75.24,82.9,100.0,93.94,0.0,93.94,0.0,0.0,0.0,0.0,0.0,0.0,0.0,0.0,0.0,0.0,0.0,0.0,0.0,0.0,0.0,0.0,43.0,49.0,44.0,0.0,44.0,96.81,110.47,99.08,0.0,99.08,172.6,252.46,184.14,0.0,184.14,0.0,0.0,0.0,0.0,0.0,0.0,0.0,0.0,0.0,0.0,0.0,0.0,0.0,0.0,0.0
3535309,0.0,0.0,0.0,0.0,0.0,0.0,0.0,0.0,0.0,19594.0,0.0,19594.0,0.0,0.0,0.0,0.0,0.0,0.0,0.0,0.0,0.0,0.0,0.0,0.0,0.0,0.0,0.0,0.0,0.0,0.0,0.0,0.0,0.0,0.0,0.0,0.0,0.0,0.0,0.0,0.0,0.0,0.0,94.84,5.16,48.52,51.48,4.93,5.52,5.74,6.39,6.18,6.49,6.52,7.01,7.52,7.25,6.58,6.71,6.17,5.7,4.5,3.3,1.88,1.09,0.48,0.06,0.02,100.0,0.0,100.0,0.0,0.0,0.0,0.0,0.0,0.0,0.0,0.0,0.0,0.0,0.0,0.0,0.0,0.0,0.0,0.0,0.0,0.0,0.0,0.0,0.0,0.0,0.0,0.0,0.0,0.0,0.0,0.0,0.0,0.0,0.0,0.0,0.0,0.0,0.0,0.0,0.0,0.0,0.0,0.0,0.0,0.0,0.0,0.0,0.0,0.0,0.0,0.0,0.0,0.0,0.0,0.0,0.0,0.0,0.0,0.0,0.0,0.0,0.0,0.0,0.0,0.0,0.0,0.0,0.0,0.0,0.0,0.0,0.0,0.0,0.0,0.0,0.0,0.0,0.0,0.0,0.0,0.0,0.0,0.0,0.0,0.0,0.0,0.0,18583.0,1011.0,9507.0,10087.0,966.0,1082.0,1124.0,1253.0,1210.0,1271.0,1277.0,1373.0,1473.0,1421.0,1289.0,1315.0,1208.0,1116.0,881.0,646.0,368.0,213.0,94.0,11.0,3.0,19594.0,0.0,19594.0,96.04,95.26,96.6,95.44,98.84,98.59,99.07,98.21,96.75,95.68,86.37,89.59,99.01,96.0,0.0,96.0,0.0,0.0,0.0,0.0,0.0,0.0,0.0,0.0,0.0,0.0,0.0,0.0,0.0,0.0,0.0,0.0,40.0,45.0,40.0,0.0,40.0,93.51,108.88,94.25,0.0,94.25,140.91,189.04,143.13,0.0,143.13,0.0,0.0,0.0,0.0,0.0,0.0,0.0,0.0,0.0,0.0,0.0,0.0,0.0,0.0,0.0
3535408,0.0,0.0,0.0,0.0,0.0,0.0,0.0,0.0,0.0,14964.0,0.0,14964.0,0.0,0.0,0.0,0.0,0.0,0.0,0.0,0.0,0.0,0.0,0.0,0.0,0.0,0.0,0.0,0.0,0.0,0.0,0.0,0.0,0.0,0.0,0.0,0.0,0.0,0.0,0.0,0.0,0.0,0.0,97.17,2.83,49.39,50.61,6.48,7.14,7.02,7.07,6.93,7.3,6.86,6.9,7.24,6.98,6.8,5.82,5.15,4.46,3.51,2.17,1.24,0.59,0.21,0.09,0.01,100.0,0.0,100.0,0.0,0.0,0.0,0.0,0.0,0.0,0.0,0.0,0.0,0.0,0.0,0.0,0.0,0.0,0.0,0.0,0.0,0.0,0.0,0.0,0.0,0.0,0.0,0.0,0.0,0.0,0.0,0.0,0.0,0.0,0.0,0.0,0.0,0.0,0.0,0.0,0.0,0.0,0.0,0.0,0.0,0.0,0.0,0.0,0.0,0.0,0.0,0.0,0.0,0.0,0.0,0.0,0.0,0.0,0.0,0.0,0.0,0.0,0.0,0.0,0.0,0.0,0.0,0.0,0.0,0.0,0.0,0.0,0.0,0.0,0.0,0.0,0.0,0.0,0.0,0.0,0.0,0.0,0.0,0.0,0.0,0.0,0.0,0.0,14541.0,423.0,7390.0,7574.0,969.0,1069.0,1051.0,1058.0,1037.0,1092.0,1026.0,1033.0,1084.0,1045.0,1018.0,871.0,771.0,668.0,525.0,325.0,186.0,89.0,31.0,14.0,2.0,14964.0,0.0,14964.0,93.34,93.11,93.24,93.42,97.78,97.73,98.71,97.17,94.13,90.93,71.1,79.35,99.32,93.33,0.0,93.33,0.0,0.0,0.0,0.0,0.0,0.0,0.0,0.0,0.0,0.0,0.0,0.0,0.0,0.0,0.0,0.0,35.0,40.0,35.0,0.0,35.0,97.38,104.35,97.57,0.0,97.57,84.47,86.52,84.53,0.0,84.53,0.0,0.0,0.0,0.0,0.0,0.0,0.0,0.0,0.0,0.0,0.0,0.0,0.0,0.0,0.0
3535507,0.0,0.0,0.0,0.0,0.0,0.0,0.0,0.0,0.0,41120.0,0.0,41120.0,0.0,0.0,0.0,0.0,0.0,0.0,0.0,0.0,0.0,0.0,0.0,0.0,0.0,0.0,0.0,0.0,0.0,0.0,0.0,0.0,0.0,0.0,0.0,0.0,0.0,0.0,0.0,0.0,0.0,0.0,91.72,8.28,49.86,50.14,5.75,6.45,6.22,6.17,6.82,7.22,7.44,7.61,7.52,7.01,6.69,6.48,5.64,4.42,3.5,2.37,1.46,0.82,0.32,0.08,0.02,100.0,0.0,100.0,0.0,0.0,0.0,0.0,0.0,0.0,0.0,0.0,0.0,0.0,0.0,0.0,0.0,0.0,0.0,0.0,0.0,0.0,0.0,0.0,0.0,0.0,0.0,0.0,0.0,0.0,0.0,0.0,0.0,0.0,0.0,0.0,0.0,0.0,0.0,0.0,0.0,0.0,0.0,0.0,0.0,0.0,0.0,0.0,0.0,0.0,0.0,0.0,0.0,0.0,0.0,0.0,0.0,0.0,0.0,0.0,0.0,0.0,0.0,0.0,0.0,0.0,0.0,0.0,0.0,0.0,0.0,0.0,0.0,0.0,0.0,0.0,0.0,0.0,0.0,0.0,0.0,0.0,0.0,0.0,0.0,0.0,0.0,0.0,37717.0,3403.0,20504.0,20616.0,2363.0,2654.0,2556.0,2538.0,2805.0,2968.0,3060.0,3129.0,3091.0,2883.0,2751.0,2664.0,2318.0,1819.0,1439.0,976.0,599.0,336.0,130.0,34.0,7.0,41120.0,0.0,41120.0,95.57,93.62,95.83,94.96,98.75,98.32,99.03,97.54,96.02,93.84,81.32,86.87,98.99,95.39,0.0,95.39,0.0,0.0,0.0,0.0,0.0,0.0,0.0,0.0,0.0,0.0,0.0,0.0,0.0,0.0,0.0,0.0,37.0,38.0,37.0,0.0,37.0,92.72,225.65,99.46,0.0,99.46,98.07,158.95,101.12,0.0,101.12,0.0,0.0,0.0,0.0,0.0,0.0,0.0,0.0,0.0,0.0,0.0,0.0,0.0,0.0,0.0
3535606,0.0,0.0,0.0,0.0,0.0,0.0,0.0,0.0,0.0,17667.0,0.0,17667.0,0.0,0.0,0.0,0.0,0.0,0.0,0.0,0.0,0.0,0.0,0.0,0.0,0.0,0.0,0.0,0.0,0.0,0.0,0.0,0.0,0.0,0.0,0.0,0.0,0.0,0.0,0.0,0.0,0.0,0.0,61.23,38.77,50.48,49.52,6.05,6.14,6.21,6.15,6.72,6.61,7.27,6.8,7.31,6.41,6.83,7.17,6.22,5.08,3.69,2.5,1.7,0.72,0.34,0.07,0.01,100.0,0.0,100.0,0.0,0.0,0.0,0.0,0.0,0.0,0.0,0.0,0.0,0.0,0.0,0.0,0.0,0.0,0.0,0.0,0.0,0.0,0.0,0.0,0.0,0.0,0.0,0.0,0.0,0.0,0.0,0.0,0.0,0.0,0.0,0.0,0.0,0.0,0.0,0.0,0.0,0.0,0.0,0.0,0.0,0.0,0.0,0.0,0.0,0.0,0.0,0.0,0.0,0.0,0.0,0.0,0.0,0.0,0.0,0.0,0.0,0.0,0.0,0.0,0.0,0.0,0.0,0.0,0.0,0.0,0.0,0.0,0.0,0.0,0.0,0.0,0.0,0.0,0.0,0.0,0.0,0.0,0.0,0.0,0.0,0.0,0.0,0.0,10817.0,6850.0,8918.0,8749.0,1068.0,1084.0,1098.0,1087.0,1188.0,1167.0,1284.0,1202.0,1291.0,1133.0,1207.0,1267.0,1099.0,897.0,652.0,441.0,301.0,127.0,60.0,13.0,1.0,17667.0,0.0,17667.0,94.73,91.15,93.63,93.05,98.91,98.41,98.96,96.95,94.74,91.8,70.31,79.78,99.04,93.34,0.0,93.34,0.0,0.0,0.0,0.0,0.0,0.0,0.0,0.0,0.0,0.0,0.0,0.0,0.0,0.0,0.0,0.0,37.0,40.0,38.0,0.0,38.0,93.54,116.77,101.93,0.0,101.93,105.2,118.77,110.49,0.0,110.49,0.0,0.0,0.0,0.0,0.0,0.0,0.0,0.0,0.0,0.0,0.0,0.0,0.0,0.0,0.0
3535705,0.0,0.0,0.0,0.0,0.0,0.0,0.0,0.0,0.0,6099.0,0.0,6099.0,0.0,0.0,0.0,0.0,0.0,0.0,0.0,0.0,0.0,0.0,0.0,0.0,0.0,0.0,0.0,0.0,0.0,0.0,0.0,0.0,0.0,0.0,0.0,0.0,0.0,0.0,0.0,0.0,0.0,0.0,87.15,12.85,50.5,49.5,5.25,5.38,5.97,5.98,6.21,6.33,6.95,8.2,8.64,7.03,6.95,6.67,6.05,5.05,3.57,2.64,1.67,0.9,0.44,0.08,0.02,100.0,0.0,100.0,0.0,0.0,0.0,0.0,0.0,0.0,0.0,0.0,0.0,0.0,0.0,0.0,0.0,0.0,0.0,0.0,0.0,0.0,0.0,0.0,0.0,0.0,0.0,0.0,0.0,0.0,0.0,0.0,0.0,0.0,0.0,0.0,0.0,0.0,0.0,0.0,0.0,0.0,0.0,0.0,0.0,0.0,0.0,0.0,0.0,0.0,0.0,0.0,0.0,0.0,0.0,0.0,0.0,0.0,0.0,0.0,0.0,0.0,0.0,0.0,0.0,0.0,0.0,0.0,0.0,0.0,0.0,0.0,0.0,0.0,0.0,0.0,0.0,0.0,0.0,0.0,0.0,0.0,0.0,0.0,0.0,0.0,0.0,0.0,5315.0,784.0,3080.0,3019.0,320.0,328.0,364.0,365.0,379.0,386.0,424.0,500.0,527.0,429.0,424.0,407.0,369.0,308.0,218.0,161.0,102.0,55.0,27.0,5.0,1.0,6099.0,0.0,6099.0,94.15,93.5,94.77,93.36,98.42,99.26,99.1,98.44,94.84,90.98,74.36,81.98,100.0,94.06,0.0,94.06,0.0,0.0,0.0,0.0,0.0,0.0,0.0,0.0,0.0,0.0,0.0,0.0,0.0,0.0,0.0,0.0,39.0,41.0,39.0,0.0,39.0,99.59,120.22,102.02,0.0,102.02,119.55,149.18,123.12,0.0,123.12,0.0,0.0,0.0,0.0,0.0,0.0,0.0,0.0,0.0,0.0,0.0,0.0,0.0,0.0,0.0
3535804,0.0,0.0,0.0,0.0,0.0,0.0,0.0,0.0,0.0,19395.0,0.0,19395.0,0.0,0.0,0.0,0.0,0.0,0.0,0.0,0.0,0.0,0.0,0.0,0.0,0.0,0.0,0.0,0.0,0.0,0.0,0.0,0.0,0.0,0.0,0.0,0.0,0.0,0.0,0.0,0.0,0.0,0.0,81.72,18.28,50.8,49.2,6.95,7.1,6.43,6.82,7.75,7.88,7.15,7.73,7.87,6.96,6.09,5.94,5.18,4.1,2.66,1.74,0.92,0.52,0.14,0.04,0.01,100.0,0.0,100.0,0.0,0.0,0.0,0.0,0.0,0.0,0.0,0.0,0.0,0.0,0.0,0.0,0.0,0.0,0.0,0.0,0.0,0.0,0.0,0.0,0.0,0.0,0.0,0.0,0.0,0.0,0.0,0.0,0.0,0.0,0.0,0.0,0.0,0.0,0.0,0.0,0.0,0.0,0.0,0.0,0.0,0.0,0.0,0.0,0.0,0.0,0.0,0.0,0.0,0.0,0.0,0.0,0.0,0.0,0.0,0.0,0.0,0.0,0.0,0.0,0.0,0.0,0.0,0.0,0.0,0.0,0.0,0.0,0.0,0.0,0.0,0.0,0.0,0.0,0.0,0.0,0.0,0.0,0.0,0.0,0.0,0.0,0.0,0.0,15850.0,3545.0,9853.0,9542.0,1347.0,1378.0,1248.0,1323.0,1503.0,1529.0,1387.0,1500.0,1527.0,1350.0,1182.0,1152.0,1005.0,795.0,515.0,338.0,179.0,100.0,27.0,8.0,2.0,19395.0,0.0,19395.0,94.06,95.41,95.16,93.43,98.8,98.32,98.9,96.5,95.3,90.54,73.09,81.52,98.03,94.31,0.0,94.31,0.0,0.0,0.0,0.0,0.0,0.0,0.0,0.0,0.0,0.0,0.0,0.0,0.0,0.0,0.0,0.0,34.0,35.0,34.0,0.0,34.0,101.09,113.55,103.26,0.0,103.26,77.49,62.96,74.73,0.0,74.73,0.0,0.0,0.0,0.0,0.0,0.0,0.0,0.0,0.0,0.0,0.0,0.0,0.0,0.0,0.0
3535903,0.0,0.0,0.0,0.0,0.0,0.0,0.0,0.0,0.0,4031.0,0.0,4031.0,0.0,0.0,0.0,0.0,0.0,0.0,0.0,0.0,0.0,0.0,0.0,0.0,0.0,0.0,0.0,0.0,0.0,0.0,0.0,0.0,0.0,0.0,0.0,0.0,0.0,0.0,0.0,0.0,0.0,0.0,91.71,8.29,49.96,50.04,6.05,6.47,5.04,7.42,6.77,6.52,6.82,6.82,7.72,6.75,6.6,6.05,6.5,4.94,4.14,2.16,1.91,0.79,0.37,0.1,0.05,100.0,0.0,100.0,0.0,0.0,0.0,0.0,0.0,0.0,0.0,0.0,0.0,0.0,0.0,0.0,0.0,0.0,0.0,0.0,0.0,0.0,0.0,0.0,0.0,0.0,0.0,0.0,0.0,0.0,0.0,0.0,0.0,0.0,0.0,0.0,0.0,0.0,0.0,0.0,0.0,0.0,0.0,0.0,0.0,0.0,0.0,0.0,0.0,0.0,0.0,0.0,0.0,0.0,0.0,0.0,0.0,0.0,0.0,0.0,0.0,0.0,0.0,0.0,0.0,0.0,0.0,0.0,0.0,0.0,0.0,0.0,0.0,0.0,0.0,0.0,0.0,0.0,0.0,0.0,0.0,0.0,0.0,0.0,0.0,0.0,0.0,0.0,3697.0,334.0,2014.0,2017.0,244.0,261.0,203.0,299.0,273.0,263.0,275.0,275.0,311.0,272.0,266.0,244.0,262.0,199.0,167.0,87.0,77.0,32.0,15.0,4.0,2.0,4031.0,0.0,4031.0,93.02,95.47,93.51,92.94,98.9,98.33,97.81,96.42,94.42,93.28,71.43,79.25,97.41,93.23,0.0,93.23,0.0,0.0,0.0,0.0,0.0,0.0,0.0,0.0,0.0,0.0,0.0,0.0,0.0,0.0,0.0,0.0,38.0,46.0,38.0,0.0,38.0,99.84,100.0,99.85,0.0,99.85,114.52,187.23,119.35,0.0,119.35,0.0,0.0,0.0,0.0,0.0,0.0,0.0,0.0,0.0,0.0,0.0,0.0,0.0,0.0,0.0
3536000,0.0,0.0,0.0,0.0,0.0,0.0,0.0,0.0,0.0,10580.0,0.0,10580.0,0.0,0.0,0.0,0.0,0.0,0.0,0.0,0.0,0.0,0.0,0.0,0.0,0.0,0.0,0.0,0.0,0.0,0.0,0.0,0.0,0.0,0.0,0.0,0.0,0.0,0.0,0.0,0.0,0.0,0.0,87.03,12.97,49.55,50.45,4.92,5.51,5.45,6.02,6.05,6.52,6.2,7.22,7.39,6.69,7.13,7.02,6.95,5.55,4.4,2.98,2.16,1.32,0.37,0.14,0.0,100.0,0.0,100.0,0.0,0.0,0.0,0.0,0.0,0.0,0.0,0.0,0.0,0.0,0.0,0.0,0.0,0.0,0.0,0.0,0.0,0.0,0.0,0.0,0.0,0.0,0.0,0.0,0.0,0.0,0.0,0.0,0.0,0.0,0.0,0.0,0.0,0.0,0.0,0.0,0.0,0.0,0.0,0.0,0.0,0.0,0.0,0.0,0.0,0.0,0.0,0.0,0.0,0.0,0.0,0.0,0.0,0.0,0.0,0.0,0.0,0.0,0.0,0.0,0.0,0.0,0.0,0.0,0.0,0.0,0.0,0.0,0.0,0.0,0.0,0.0,0.0,0.0,0.0,0.0,0.0,0.0,0.0,0.0,0.0,0.0,0.0,0.0,9208.0,1372.0,5242.0,5338.0,521.0,583.0,577.0,637.0,640.0,690.0,656.0,764.0,782.0,708.0,754.0,743.0,735.0,587.0,466.0,315.0,228.0,140.0,39.0,15.0,0.0,10580.0,0.0,10580.0,93.29,93.2,94.26,92.34,98.28,98.44,98.16,97.35,95.69,93.64,68.93,79.83,100.0,93.28,0.0,93.28,0.0,0.0,0.0,0.0,0.0,0.0,0.0,0.0,0.0,0.0,0.0,0.0,0.0,0.0,0.0,0.0,41.0,43.0,41.0,0.0,41.0,95.58,117.78,98.2,0.0,98.2,148.4,162.86,150.21,0.0,150.21,0.0,0.0,0.0,0.0,0.0,0.0,0.0,0.0,0.0,0.0,0.0,0.0,0.0,0.0,0.0
3536109,0.0,0.0,0.0,0.0,0.0,0.0,0.0,0.0,0.0,7153.0,0.0,7153.0,0.0,0.0,0.0,0.0,0.0,0.0,0.0,0.0,0.0,0.0,0.0,0.0,0.0,0.0,0.0,0.0,0.0,0.0,0.0,0.0,0.0,0.0,0.0,0.0,0.0,0.0,0.0,0.0,0.0,0.0,86.82,13.18,50.76,49.24,6.11,6.74,7.24,7.51,8.0,6.82,6.86,7.24,7.7,6.89,6.68,5.73,4.77,4.29,2.92,2.21,1.3,0.59,0.36,0.03,0.0,100.0,0.0,100.0,0.0,0.0,0.0,0.0,0.0,0.0,0.0,0.0,0.0,0.0,0.0,0.0,0.0,0.0,0.0,0.0,0.0,0.0,0.0,0.0,0.0,0.0,0.0,0.0,0.0,0.0,0.0,0.0,0.0,0.0,0.0,0.0,0.0,0.0,0.0,0.0,0.0,0.0,0.0,0.0,0.0,0.0,0.0,0.0,0.0,0.0,0.0,0.0,0.0,0.0,0.0,0.0,0.0,0.0,0.0,0.0,0.0,0.0,0.0,0.0,0.0,0.0,0.0,0.0,0.0,0.0,0.0,0.0,0.0,0.0,0.0,0.0,0.0,0.0,0.0,0.0,0.0,0.0,0.0,0.0,0.0,0.0,0.0,0.0,6210.0,943.0,3631.0,3522.0,437.0,482.0,518.0,537.0,572.0,488.0,491.0,518.0,551.0,493.0,478.0,410.0,341.0,307.0,209.0,158.0,93.0,42.0,26.0,2.0,0.0,7153.0,0.0,7153.0,94.67,95.31,95.12,94.37,99.13,98.88,98.47,97.29,94.13,92.68,79.75,83.63,99.53,94.75,0.0,94.75,0.0,0.0,0.0,0.0,0.0,0.0,0.0,0.0,0.0,0.0,0.0,0.0,0.0,0.0,0.0,0.0,35.0,38.0,35.0,0.0,35.0,101.1,117.28,103.09,0.0,103.09,80.25,94.32,81.98,0.0,81.98,0.0,0.0,0.0,0.0,0.0,0.0,0.0,0.0,0.0,0.0,0.0,0.0,0.0,0.0,0.0
3536208,100.0,0.0,100.0,1.0,0.0,1.0,0.01,0.0,0.01,19233.0,0.0,19233.0,100.0,0.0,100.0,100.0,0.0,100.0,100.0,0.0,100.0,1.0,0.0,1.0,3.0,0.0,3.0,1.0,0.0,1.0,3.0,0.0,3.0,1.0,0.0,1.0,0.01,0.0,0.01,33.33,0.0,33.33,74.21,25.79,49.5,50.5,6.03,6.84,6.79,7.21,7.0,6.95,6.28,7.72,8.1,7.15,6.37,5.66,5.08,4.31,3.35,2.28,1.67,0.79,0.34,0.08,0.02,100.0,0.0,100.0,0.0,100.0,100.0,0.0,0.0,0.0,0.0,0.0,0.0,0.0,0.0,100.0,0.0,0.0,0.0,0.0,0.0,0.0,0.0,0.0,0.0,0.0,0.0,0.0,0.0,100.0,0.0,100.0,0.0,1.0,1.0,0.0,0.0,0.0,0.0,0.0,0.0,0.0,0.0,1.0,0.0,0.0,0.0,0.0,0.0,0.0,0.0,0.0,0.0,0.0,0.0,0.0,0.0,1.0,0.0,1.0,0.0,0.02,0.01,0.0,0.0,0.0,0.0,0.0,0.0,0.0,0.0,0.07,0.0,0.0,0.0,0.0,0.0,0.0,0.0,0.0,0.0,0.0,0.0,0.0,0.0,0.01,0.0,0.01,14273.0,4960.0,9520.0,9713.0,1159.0,1315.0,1305.0,1387.0,1346.0,1337.0,1208.0,1484.0,1557.0,1376.0,1226.0,1088.0,977.0,829.0,644.0,438.0,322.0,151.0,65.0,16.0,3.0,19233.0,0.0,19233.0,95.62,93.44,95.4,94.75,98.74,98.74,99.17,98.03,96.2,93.9,75.88,83.35,98.18,95.07,0.0,95.07,0.0,100.0,100.0,0.0,0.0,0.0,0.0,100.0,0.0,0.0,0.0,0.0,0.0,100.0,0.0,100.0,37.0,36.0,36.0,0.0,36.0,94.24,109.73,98.01,0.0,98.01,93.38,85.36,91.16,0.0,91.16,0.0,39.0,39.0,0.0,39.0,0.0,0.0,0.0,0.0,0.0,0.0,0.0,0.0,0.0,0.0
3536257,0.0,0.0,0.0,0.0,0.0,0.0,0.0,0.0,0.0,2892.0,0.0,2892.0,0.0,0.0,0.0,0.0,0.0,0.0,0.0,0.0,0.0,0.0,0.0,0.0,0.0,0.0,0.0,0.0,0.0,0.0,0.0,0.0,0.0,0.0,0.0,0.0,0.0,0.0,0.0,0.0,0.0,0.0,86.45,13.55,48.31,51.69,5.22,6.43,5.98,6.19,6.29,5.91,7.12,7.3,7.37,6.5,6.09,6.95,6.4,5.84,4.11,3.28,1.73,0.8,0.38,0.1,0.0,100.0,0.0,100.0,0.0,0.0,0.0,0.0,0.0,0.0,0.0,0.0,0.0,0.0,0.0,0.0,0.0,0.0,0.0,0.0,0.0,0.0,0.0,0.0,0.0,0.0,0.0,0.0,0.0,0.0,0.0,0.0,0.0,0.0,0.0,0.0,0.0,0.0,0.0,0.0,0.0,0.0,0.0,0.0,0.0,0.0,0.0,0.0,0.0,0.0,0.0,0.0,0.0,0.0,0.0,0.0,0.0,0.0,0.0,0.0,0.0,0.0,0.0,0.0,0.0,0.0,0.0,0.0,0.0,0.0,0.0,0.0,0.0,0.0,0.0,0.0,0.0,0.0,0.0,0.0,0.0,0.0,0.0,0.0,0.0,0.0,0.0,0.0,2500.0,392.0,1397.0,1495.0,151.0,186.0,173.0,179.0,182.0,171.0,206.0,211.0,213.0,188.0,176.0,201.0,185.0,169.0,119.0,95.0,50.0,23.0,11.0,3.0,0.0,2892.0,0.0,2892.0,93.08,94.49,92.25,94.26,97.25,98.14,99.12,97.64,95.6,93.52,69.78,79.79,98.48,93.28,0.0,93.28,0.0,0.0,0.0,0.0,0.0,0.0,0.0,0.0,0.0,0.0,0.0,0.0,0.0,0.0,0.0,0.0,38.0,46.0,39.0,0.0,39.0,92.46,100.0,93.44,0.0,93.44,116.41,246.81,128.43,0.0,128.43,0.0,0.0,0.0,0.0,0.0,0.0,0.0,0.0,0.0,0.0,0.0,0.0,0.0,0.0,0.0
3536307,0.0,0.0,0.0,0.0,0.0,0.0,0.0,0.0,0.0,14512.0,0.0,14512.0,0.0,0.0,0.0,0.0,0.0,0.0,0.0,0.0,0.0,0.0,0.0,0.0,0.0,0.0,0.0,0.0,0.0,0.0,0.0,0.0,0.0,0.0,0.0,0.0,0.0,0.0,0.0,0.0,0.0,0.0,85.64,14.36,50.42,49.58,6.34,6.99,7.1,7.21,7.41,7.15,7.74,7.16,7.75,6.28,6.17,6.0,5.18,4.34,3.07,1.87,1.19,0.7,0.25,0.08,0.01,100.0,0.0,100.0,0.0,0.0,0.0,0.0,0.0,0.0,0.0,0.0,0.0,0.0,0.0,0.0,0.0,0.0,0.0,0.0,0.0,0.0,0.0,0.0,0.0,0.0,0.0,0.0,0.0,0.0,0.0,0.0,0.0,0.0,0.0,0.0,0.0,0.0,0.0,0.0,0.0,0.0,0.0,0.0,0.0,0.0,0.0,0.0,0.0,0.0,0.0,0.0,0.0,0.0,0.0,0.0,0.0,0.0,0.0,0.0,0.0,0.0,0.0,0.0,0.0,0.0,0.0,0.0,0.0,0.0,0.0,0.0,0.0,0.0,0.0,0.0,0.0,0.0,0.0,0.0,0.0,0.0,0.0,0.0,0.0,0.0,0.0,0.0,12428.0,2084.0,7317.0,7195.0,920.0,1015.0,1030.0,1047.0,1075.0,1037.0,1123.0,1039.0,1124.0,912.0,895.0,871.0,752.0,630.0,446.0,271.0,173.0,101.0,37.0,12.0,2.0,14512.0,0.0,14512.0,95.79,96.14,95.85,95.83,98.88,99.17,98.73,97.41,95.85,94.09,80.54,87.44,98.8,95.84,0.0,95.84,0.0,0.0,0.0,0.0,0.0,0.0,0.0,0.0,0.0,0.0,0.0,0.0,0.0,0.0,0.0,0.0,34.0,38.0,35.0,0.0,35.0,98.15,125.79,101.7,0.0,101.7,78.85,99.06,81.75,0.0,81.75,0.0,0.0,0.0,0.0,0.0,0.0,0.0,0.0,0.0,0.0,0.0,0.0,0.0,0.0,0.0
3536406,0.0,0.0,0.0,0.0,0.0,0.0,0.0,0.0,0.0,7955.0,0.0,7955.0,0.0,0.0,0.0,0.0,0.0,0.0,0.0,0.0,0.0,0.0,0.0,0.0,0.0,0.0,0.0,0.0,0.0,0.0,0.0,0.0,0.0,0.0,0.0,0.0,0.0,0.0,0.0,0.0,0.0,0.0,90.42,9.58,50.33,49.67,6.2,7.79,7.18,6.79,6.73,6.9,7.01,7.47,7.19,6.49,6.65,6.22,5.96,4.56,3.02,2.09,1.11,0.47,0.14,0.05,0.0,100.0,0.0,100.0,0.0,0.0,0.0,0.0,0.0,0.0,0.0,0.0,0.0,0.0,0.0,0.0,0.0,0.0,0.0,0.0,0.0,0.0,0.0,0.0,0.0,0.0,0.0,0.0,0.0,0.0,0.0,0.0,0.0,0.0,0.0,0.0,0.0,0.0,0.0,0.0,0.0,0.0,0.0,0.0,0.0,0.0,0.0,0.0,0.0,0.0,0.0,0.0,0.0,0.0,0.0,0.0,0.0,0.0,0.0,0.0,0.0,0.0,0.0,0.0,0.0,0.0,0.0,0.0,0.0,0.0,0.0,0.0,0.0,0.0,0.0,0.0,0.0,0.0,0.0,0.0,0.0,0.0,0.0,0.0,0.0,0.0,0.0,0.0,7193.0,762.0,4004.0,3951.0,493.0,620.0,571.0,540.0,535.0,549.0,558.0,594.0,572.0,516.0,529.0,495.0,474.0,363.0,240.0,166.0,88.0,37.0,11.0,4.0,0.0,7955.0,0.0,7955.0,94.83,94.42,95.24,94.33,98.69,99.19,99.13,96.74,93.78,94.32,76.14,83.5,100.0,94.79,0.0,94.79,0.0,0.0,0.0,0.0,0.0,0.0,0.0,0.0,0.0,0.0,0.0,0.0,0.0,0.0,0.0,0.0,35.0,44.0,35.0,0.0,35.0,100.47,109.92,101.34,0.0,101.34,77.4,136.3,82.13,0.0,82.13,0.0,0.0,0.0,0.0,0.0,0.0,0.0,0.0,0.0,0.0,0.0,0.0,0.0,0.0,0.0
3536505,0.0,0.0,0.0,0.0,0.0,0.0,0.0,0.0,0.0,110537.0,0.0,110537.0,0.0,0.0,0.0,0.0,0.0,0.0,0.0,0.0,0.0,0.0,0.0,0.0,0.0,0.0,0.0,0.0,0.0,0.0,0.0,0.0,0.0,0.0,0.0,0.0,0.0,0.0,0.0,0.0,0.0,0.0,99.05,0.95,48.52,51.48,5.59,6.79,6.72,6.8,6.81,6.8,7.88,9.05,9.33,7.74,6.6,5.65,4.72,3.65,2.65,1.57,0.9,0.47,0.21,0.05,0.01,100.0,0.0,100.0,0.0,0.0,0.0,0.0,0.0,0.0,0.0,0.0,0.0,0.0,0.0,0.0,0.0,0.0,0.0,0.0,0.0,0.0,0.0,0.0,0.0,0.0,0.0,0.0,0.0,0.0,0.0,0.0,0.0,0.0,0.0,0.0,0.0,0.0,0.0,0.0,0.0,0.0,0.0,0.0,0.0,0.0,0.0,0.0,0.0,0.0,0.0,0.0,0.0,0.0,0.0,0.0,0.0,0.0,0.0,0.0,0.0,0.0,0.0,0.0,0.0,0.0,0.0,0.0,0.0,0.0,0.0,0.0,0.0,0.0,0.0,0.0,0.0,0.0,0.0,0.0,0.0,0.0,0.0,0.0,0.0,0.0,0.0,0.0,109486.0,1051.0,53629.0,56908.0,6183.0,7503.0,7428.0,7517.0,7527.0,7522.0,8708.0,10001.0,10309.0,8559.0,7293.0,6248.0,5219.0,4040.0,2931.0,1733.0,997.0,524.0,233.0,54.0,8.0,110537.0,0.0,110537.0,97.82,97.44,98.11,97.54,99.28,99.4,99.43,99.24,98.42,97.25,84.59,90.16,99.26,97.81,0.0,97.81,0.0,0.0,0.0,0.0,0.0,0.0,0.0,0.0,0.0,0.0,0.0,0.0,0.0,0.0,0.0,0.0,36.0,38.0,36.0,0.0,36.0,94.09,110.62,94.24,0.0,94.24,74.49,80.1,74.54,0.0,74.54,0.0,0.0,0.0,0.0,0.0,0.0,0.0,0.0,0.0,0.0,0.0,0.0,0.0,0.0,0.0
3536570,0.0,0.0,0.0,0.0,0.0,0.0,0.0,0.0,0.0,2090.0,0.0,2090.0,0.0,0.0,0.0,0.0,0.0,0.0,0.0,0.0,0.0,0.0,0.0,0.0,0.0,0.0,0.0,0.0,0.0,0.0,0.0,0.0,0.0,0.0,0.0,0.0,0.0,0.0,0.0,0.0,0.0,0.0,75.36,24.64,50.0,50.0,6.79,6.22,5.79,7.22,6.65,6.94,7.27,7.51,7.13,7.46,6.84,6.22,4.78,4.59,2.68,2.82,1.91,0.67,0.29,0.1,0.1,100.0,0.0,100.0,0.0,0.0,0.0,0.0,0.0,0.0,0.0,0.0,0.0,0.0,0.0,0.0,0.0,0.0,0.0,0.0,0.0,0.0,0.0,0.0,0.0,0.0,0.0,0.0,0.0,0.0,0.0,0.0,0.0,0.0,0.0,0.0,0.0,0.0,0.0,0.0,0.0,0.0,0.0,0.0,0.0,0.0,0.0,0.0,0.0,0.0,0.0,0.0,0.0,0.0,0.0,0.0,0.0,0.0,0.0,0.0,0.0,0.0,0.0,0.0,0.0,0.0,0.0,0.0,0.0,0.0,0.0,0.0,0.0,0.0,0.0,0.0,0.0,0.0,0.0,0.0,0.0,0.0,0.0,0.0,0.0,0.0,0.0,0.0,1575.0,515.0,1045.0,1045.0,142.0,130.0,121.0,151.0,139.0,145.0,152.0,157.0,149.0,156.0,143.0,130.0,100.0,96.0,56.0,59.0,40.0,14.0,6.0,2.0,2.0,2090.0,0.0,2090.0,92.96,90.74,92.31,92.49,97.84,98.65,100.0,95.42,91.97,88.7,73.17,79.27,98.39,92.4,0.0,92.4,0.0,0.0,0.0,0.0,0.0,0.0,0.0,0.0,0.0,0.0,0.0,0.0,0.0,0.0,0.0,0.0,34.0,42.0,37.0,0.0,37.0,95.41,115.48,100.0,0.0,100.0,82.26,144.58,95.42,0.0,95.42,0.0,0.0,0.0,0.0,0.0,0.0,0.0,0.0,0.0,0.0,0.0,0.0,0.0,0.0,0.0
3536604,0.0,0.0,0.0,0.0,0.0,0.0,0.0,0.0,0.0,7400.0,0.0,7400.0,0.0,0.0,0.0,0.0,0.0,0.0,0.0,0.0,0.0,0.0,0.0,0.0,0.0,0.0,0.0,0.0,0.0,0.0,0.0,0.0,0.0,0.0,0.0,0.0,0.0,0.0,0.0,0.0,0.0,0.0,88.19,11.81,50.18,49.82,5.01,5.31,6.0,6.03,6.85,6.58,7.31,7.16,7.43,6.93,7.03,7.26,5.99,4.86,4.08,2.7,2.01,0.89,0.35,0.16,0.04,100.0,0.0,100.0,0.0,0.0,0.0,0.0,0.0,0.0,0.0,0.0,0.0,0.0,0.0,0.0,0.0,0.0,0.0,0.0,0.0,0.0,0.0,0.0,0.0,0.0,0.0,0.0,0.0,0.0,0.0,0.0,0.0,0.0,0.0,0.0,0.0,0.0,0.0,0.0,0.0,0.0,0.0,0.0,0.0,0.0,0.0,0.0,0.0,0.0,0.0,0.0,0.0,0.0,0.0,0.0,0.0,0.0,0.0,0.0,0.0,0.0,0.0,0.0,0.0,0.0,0.0,0.0,0.0,0.0,0.0,0.0,0.0,0.0,0.0,0.0,0.0,0.0,0.0,0.0,0.0,0.0,0.0,0.0,0.0,0.0,0.0,0.0,6526.0,874.0,3713.0,3687.0,371.0,393.0,444.0,446.0,507.0,487.0,541.0,530.0,550.0,513.0,520.0,537.0,443.0,360.0,302.0,200.0,149.0,66.0,26.0,12.0,3.0,7400.0,0.0,7400.0,92.61,93.92,92.23,93.31,98.22,98.25,98.13,95.83,92.84,91.43,74.12,81.13,98.88,92.76,0.0,92.76,0.0,0.0,0.0,0.0,0.0,0.0,0.0,0.0,0.0,0.0,0.0,0.0,0.0,0.0,0.0,0.0,40.0,35.0,39.0,0.0,39.0,93.82,173.13,100.71,0.0,100.71,133.8,92.54,129.22,0.0,129.22,0.0,0.0,0.0,0.0,0.0,0.0,0.0,0.0,0.0,0.0,0.0,0.0,0.0,0.0,0.0
3536703,0.0,0.0,0.0,0.0,0.0,0.0,0.0,0.0,0.0,44827.0,0.0,44827.0,0.0,0.0,0.0,0.0,0.0,0.0,0.0,0.0,0.0,0.0,0.0,0.0,0.0,0.0,0.0,0.0,0.0,0.0,0.0,0.0,0.0,0.0,0.0,0.0,0.0,0.0,0.0,0.0,0.0,0.0,93.6,6.4,49.67,50.33,5.7,6.5,6.55,6.81,7.03,7.44,7.22,8.03,7.83,7.17,6.61,6.18,5.32,4.2,3.08,2.01,1.26,0.68,0.29,0.07,0.01,100.0,0.0,100.0,0.0,0.0,0.0,0.0,0.0,0.0,0.0,0.0,0.0,0.0,0.0,0.0,0.0,0.0,0.0,0.0,0.0,0.0,0.0,0.0,0.0,0.0,0.0,0.0,0.0,0.0,0.0,0.0,0.0,0.0,0.0,0.0,0.0,0.0,0.0,0.0,0.0,0.0,0.0,0.0,0.0,0.0,0.0,0.0,0.0,0.0,0.0,0.0,0.0,0.0,0.0,0.0,0.0,0.0,0.0,0.0,0.0,0.0,0.0,0.0,0.0,0.0,0.0,0.0,0.0,0.0,0.0,0.0,0.0,0.0,0.0,0.0,0.0,0.0,0.0,0.0,0.0,0.0,0.0,0.0,0.0,0.0,0.0,0.0,41958.0,2869.0,22265.0,22562.0,2554.0,2915.0,2936.0,3053.0,3153.0,3337.0,3235.0,3599.0,3512.0,3214.0,2961.0,2769.0,2386.0,1881.0,1381.0,900.0,567.0,306.0,129.0,33.0,6.0,44827.0,0.0,44827.0,95.67,91.25,95.75,95.04,99.02,98.93,98.78,97.89,95.71,92.36,81.76,85.95,98.72,95.39,0.0,95.39,0.0,0.0,0.0,0.0,0.0,0.0,0.0,0.0,0.0,0.0,0.0,0.0,0.0,0.0,0.0,0.0,36.0,40.0,36.0,0.0,36.0,97.62,115.71,98.68,0.0,98.68,88.85,111.34,90.29,0.0,90.29,0.0,0.0,0.0,0.0,0.0,0.0,0.0,0.0,0.0,0.0,0.0,0.0,0.0,0.0,0.0
3536802,0.0,0.0,0.0,0.0,0.0,0.0,0.0,0.0,0.0,6557.0,0.0,6557.0,0.0,0.0,0.0,0.0,0.0,0.0,0.0,0.0,0.0,0.0,0.0,0.0,0.0,0.0,0.0,0.0,0.0,0.0,0.0,0.0,0.0,0.0,0.0,0.0,0.0,0.0,0.0,0.0,0.0,0.0,27.04,72.96,51.85,48.15,5.32,5.69,5.43,6.12,5.52,6.73,7.4,7.96,7.75,7.11,7.0,6.57,5.78,5.87,4.35,2.68,1.68,0.7,0.27,0.08,0.0,100.0,0.0,100.0,0.0,0.0,0.0,0.0,0.0,0.0,0.0,0.0,0.0,0.0,0.0,0.0,0.0,0.0,0.0,0.0,0.0,0.0,0.0,0.0,0.0,0.0,0.0,0.0,0.0,0.0,0.0,0.0,0.0,0.0,0.0,0.0,0.0,0.0,0.0,0.0,0.0,0.0,0.0,0.0,0.0,0.0,0.0,0.0,0.0,0.0,0.0,0.0,0.0,0.0,0.0,0.0,0.0,0.0,0.0,0.0,0.0,0.0,0.0,0.0,0.0,0.0,0.0,0.0,0.0,0.0,0.0,0.0,0.0,0.0,0.0,0.0,0.0,0.0,0.0,0.0,0.0,0.0,0.0,0.0,0.0,0.0,0.0,0.0,1773.0,4784.0,3400.0,3157.0,349.0,373.0,356.0,401.0,362.0,441.0,485.0,522.0,508.0,466.0,459.0,431.0,379.0,385.0,285.0,176.0,110.0,46.0,18.0,5.0,0.0,6557.0,0.0,6557.0,93.88,92.28,93.46,91.92,98.34,98.38,99.62,97.09,92.54,89.88,77.46,81.07,98.55,92.72,0.0,92.72,0.0,0.0,0.0,0.0,0.0,0.0,0.0,0.0,0.0,0.0,0.0,0.0,0.0,0.0,0.0,0.0,38.0,40.0,39.0,0.0,39.0,91.47,114.43,107.7,0.0,107.7,130.88,130.01,130.24,0.0,130.24,0.0,0.0,0.0,0.0,0.0,0.0,0.0,0.0,0.0,0.0,0.0,0.0,0.0,0.0,0.0
3536901,0.0,0.0,0.0,0.0,0.0,0.0,0.0,0.0,0.0,2787.0,0.0,2787.0,0.0,0.0,0.0,0.0,0.0,0.0,0.0,0.0,0.0,0.0,0.0,0.0,0.0,0.0,0.0,0.0,0.0,0.0,0.0,0.0,0.0,0.0,0.0,0.0,0.0,0.0,0.0,0.0,0.0,0.0,62.33,37.67,49.98,50.02,4.27,5.13,5.67,5.99,5.27,4.63,5.53,6.49,7.82,8.11,6.67,7.39,8.07,7.14,4.81,3.09,2.15,0.97,0.5,0.18,0.11,100.0,0.0,100.0,0.0,0.0,0.0,0.0,0.0,0.0,0.0,0.0,0.0,0.0,0.0,0.0,0.0,0.0,0.0,0.0,0.0,0.0,0.0,0.0,0.0,0.0,0.0,0.0,0.0,0.0,0.0,0.0,0.0,0.0,0.0,0.0,0.0,0.0,0.0,0.0,0.0,0.0,0.0,0.0,0.0,0.0,0.0,0.0,0.0,0.0,0.0,0.0,0.0,0.0,0.0,0.0,0.0,0.0,0.0,0.0,0.0,0.0,0.0,0.0,0.0,0.0,0.0,0.0,0.0,0.0,0.0,0.0,0.0,0.0,0.0,0.0,0.0,0.0,0.0,0.0,0.0,0.0,0.0,0.0,0.0,0.0,0.0,0.0,1737.0,1050.0,1393.0,1394.0,119.0,143.0,158.0,167.0,147.0,129.0,154.0,181.0,218.0,226.0,186.0,206.0,225.0,199.0,134.0,86.0,60.0,27.0,14.0,5.0,3.0,2787.0,0.0,2787.0,94.45,93.93,95.49,93.04,97.96,98.23,97.94,96.74,97.82,94.9,71.79,84.47,100.0,94.25,0.0,94.25,0.0,0.0,0.0,0.0,0.0,0.0,0.0,0.0,0.0,0.0,0.0,0.0,0.0,0.0,0.0,0.0,43.0,45.0,44.0,0.0,44.0,96.72,105.48,99.93,0.0,99.93,178.46,180.63,179.29,0.0,179.29,0.0,0.0,0.0,0.0,0.0,0.0,0.0,0.0,0.0,0.0,0.0,0.0,0.0,0.0,0.0
3537008,0.0,0.0,0.0,0.0,0.0,0.0,0.0,0.0,0.0,15525.0,0.0,15525.0,0.0,0.0,0.0,0.0,0.0,0.0,0.0,0.0,0.0,0.0,0.0,0.0,0.0,0.0,0.0,0.0,0.0,0.0,0.0,0.0,0.0,0.0,0.0,0.0,0.0,0.0,0.0,0.0,0.0,0.0,79.56,20.44,50.1,49.9,5.92,6.38,6.49,7.18,7.3,6.9,7.41,7.72,7.83,6.34,6.24,5.81,5.73,4.76,3.27,2.1,1.44,0.77,0.31,0.08,0.01,100.0,0.0,100.0,0.0,0.0,0.0,0.0,0.0,0.0,0.0,0.0,0.0,0.0,0.0,0.0,0.0,0.0,0.0,0.0,0.0,0.0,0.0,0.0,0.0,0.0,0.0,0.0,0.0,0.0,0.0,0.0,0.0,0.0,0.0,0.0,0.0,0.0,0.0,0.0,0.0,0.0,0.0,0.0,0.0,0.0,0.0,0.0,0.0,0.0,0.0,0.0,0.0,0.0,0.0,0.0,0.0,0.0,0.0,0.0,0.0,0.0,0.0,0.0,0.0,0.0,0.0,0.0,0.0,0.0,0.0,0.0,0.0,0.0,0.0,0.0,0.0,0.0,0.0,0.0,0.0,0.0,0.0,0.0,0.0,0.0,0.0,0.0,12351.0,3174.0,7778.0,7747.0,919.0,990.0,1007.0,1115.0,1134.0,1071.0,1151.0,1199.0,1215.0,985.0,968.0,902.0,890.0,739.0,508.0,326.0,223.0,120.0,48.0,13.0,2.0,15525.0,0.0,15525.0,94.06,93.74,93.91,94.08,98.41,98.33,98.55,97.47,94.32,91.85,76.37,81.61,97.64,94.0,0.0,94.0,0.0,0.0,0.0,0.0,0.0,0.0,0.0,0.0,0.0,0.0,0.0,0.0,0.0,0.0,0.0,0.0,36.0,37.0,36.0,0.0,36.0,97.65,111.88,100.4,0.0,100.4,99.17,95.59,98.39,0.0,98.39,0.0,0.0,0.0,0.0,0.0,0.0,0.0,0.0,0.0,0.0,0.0,0.0,0.0,0.0,0.0
3537107,0.0,0.0,0.0,0.0,0.0,0.0,0.0,0.0,0.0,43112.0,0.0,43112.0,0.0,0.0,0.0,0.0,0.0,0.0,0.0,0.0,0.0,0.0,0.0,0.0,0.0,0.0,0.0,0.0,0.0,0.0,0.0,0.0,0.0,0.0,0.0,0.0,0.0,0.0,0.0,0.0,0.0,0.0,98.33,1.67,48.97,51.03,5.11,5.62,5.52,6.14,7.2,7.32,7.81,8.15,8.33,7.12,7.04,6.72,5.7,4.45,3.12,2.14,1.4,0.74,0.27,0.08,0.0,100.0,0.0,100.0,0.0,0.0,0.0,0.0,0.0,0.0,0.0,0.0,0.0,0.0,0.0,0.0,0.0,0.0,0.0,0.0,0.0,0.0,0.0,0.0,0.0,0.0,0.0,0.0,0.0,0.0,0.0,0.0,0.0,0.0,0.0,0.0,0.0,0.0,0.0,0.0,0.0,0.0,0.0,0.0,0.0,0.0,0.0,0.0,0.0,0.0,0.0,0.0,0.0,0.0,0.0,0.0,0.0,0.0,0.0,0.0,0.0,0.0,0.0,0.0,0.0,0.0,0.0,0.0,0.0,0.0,0.0,0.0,0.0,0.0,0.0,0.0,0.0,0.0,0.0,0.0,0.0,0.0,0.0,0.0,0.0,0.0,0.0,0.0,42393.0,719.0,21112.0,22000.0,2203.0,2425.0,2380.0,2646.0,3103.0,3155.0,3368.0,3513.0,3590.0,3070.0,3037.0,2896.0,2459.0,1920.0,1347.0,922.0,605.0,321.0,116.0,35.0,1.0,43112.0,0.0,43112.0,96.76,95.23,97.13,96.37,99.19,99.33,99.13,98.32,97.49,95.63,83.7,89.03,99.04,96.74,0.0,96.74,0.0,0.0,0.0,0.0,0.0,0.0,0.0,0.0,0.0,0.0,0.0,0.0,0.0,0.0,0.0,0.0,38.0,37.0,38.0,0.0,38.0,95.9,99.72,95.96,0.0,95.96,111.04,74.51,110.25,0.0,110.25,0.0,0.0,0.0,0.0,0.0,0.0,0.0,0.0,0.0,0.0,0.0,0.0,0.0,0.0,0.0
3537156,0.0,0.0,0.0,0.0,0.0,0.0,0.0,0.0,0.0,2804.0,0.0,2804.0,0.0,0.0,0.0,0.0,0.0,0.0,0.0,0.0,0.0,0.0,0.0,0.0,0.0,0.0,0.0,0.0,0.0,0.0,0.0,0.0,0.0,0.0,0.0,0.0,0.0,0.0,0.0,0.0,0.0,0.0,90.44,9.56,48.64,51.36,4.78,5.56,4.96,5.78,5.88,6.95,6.6,6.99,7.13,6.88,8.27,7.81,6.6,5.6,3.92,3.0,1.93,0.93,0.39,0.04,0.0,100.0,0.0,100.0,0.0,0.0,0.0,0.0,0.0,0.0,0.0,0.0,0.0,0.0,0.0,0.0,0.0,0.0,0.0,0.0,0.0,0.0,0.0,0.0,0.0,0.0,0.0,0.0,0.0,0.0,0.0,0.0,0.0,0.0,0.0,0.0,0.0,0.0,0.0,0.0,0.0,0.0,0.0,0.0,0.0,0.0,0.0,0.0,0.0,0.0,0.0,0.0,0.0,0.0,0.0,0.0,0.0,0.0,0.0,0.0,0.0,0.0,0.0,0.0,0.0,0.0,0.0,0.0,0.0,0.0,0.0,0.0,0.0,0.0,0.0,0.0,0.0,0.0,0.0,0.0,0.0,0.0,0.0,0.0,0.0,0.0,0.0,0.0,2536.0,268.0,1364.0,1440.0,134.0,156.0,139.0,162.0,165.0,195.0,185.0,196.0,200.0,193.0,232.0,219.0,185.0,157.0,110.0,84.0,54.0,26.0,11.0,1.0,0.0,2804.0,0.0,2804.0,95.3,92.92,95.25,94.9,98.79,98.16,98.99,97.73,97.65,94.55,82.39,85.1,100.0,95.07,0.0,95.07,0.0,0.0,0.0,0.0,0.0,0.0,0.0,0.0,0.0,0.0,0.0,0.0,0.0,0.0,0.0,0.0,41.0,46.0,41.0,0.0,41.0,93.59,106.15,94.72,0.0,94.72,144.7,161.9,146.39,0.0,146.39,0.0,0.0,0.0,0.0,0.0,0.0,0.0,0.0,0.0,0.0,0.0,0.0,0.0,0.0,0.0
3537206,0.0,0.0,0.0,0.0,0.0,0.0,0.0,0.0,0.0,11281.0,0.0,11281.0,0.0,0.0,0.0,0.0,0.0,0.0,0.0,0.0,0.0,0.0,0.0,0.0,0.0,0.0,0.0,0.0,0.0,0.0,0.0,0.0,0.0,0.0,0.0,0.0,0.0,0.0,0.0,0.0,0.0,0.0,65.75,34.25,51.19,48.81,5.42,7.97,6.79,6.71,5.77,5.94,7.43,6.98,7.02,5.75,6.99,6.59,6.86,5.39,3.83,2.4,1.28,0.53,0.27,0.08,0.02,100.0,0.0,100.0,0.0,0.0,0.0,0.0,0.0,0.0,0.0,0.0,0.0,0.0,0.0,0.0,0.0,0.0,0.0,0.0,0.0,0.0,0.0,0.0,0.0,0.0,0.0,0.0,0.0,0.0,0.0,0.0,0.0,0.0,0.0,0.0,0.0,0.0,0.0,0.0,0.0,0.0,0.0,0.0,0.0,0.0,0.0,0.0,0.0,0.0,0.0,0.0,0.0,0.0,0.0,0.0,0.0,0.0,0.0,0.0,0.0,0.0,0.0,0.0,0.0,0.0,0.0,0.0,0.0,0.0,0.0,0.0,0.0,0.0,0.0,0.0,0.0,0.0,0.0,0.0,0.0,0.0,0.0,0.0,0.0,0.0,0.0,0.0,7417.0,3864.0,5775.0,5506.0,611.0,899.0,766.0,757.0,651.0,670.0,838.0,787.0,792.0,649.0,788.0,743.0,774.0,608.0,432.0,271.0,144.0,60.0,30.0,9.0,2.0,11281.0,0.0,11281.0,94.15,89.85,92.4,92.95,98.31,98.74,99.16,97.72,93.39,89.58,68.8,78.47,99.29,92.67,0.0,92.67,0.0,0.0,0.0,0.0,0.0,0.0,0.0,0.0,0.0,0.0,0.0,0.0,0.0,0.0,0.0,0.0,37.0,38.0,37.0,0.0,37.0,100.62,113.6,104.89,0.0,104.89,98.27,110.38,102.37,0.0,102.37,0.0,0.0,0.0,0.0,0.0,0.0,0.0,0.0,0.0,0.0,0.0,0.0,0.0,0.0,0.0
3537305,0.0,0.0,0.0,0.0,0.0,0.0,0.0,0.0,0.0,61679.0,0.0,61679.0,0.0,0.0,0.0,0.0,0.0,0.0,0.0,0.0,0.0,0.0,0.0,0.0,0.0,0.0,0.0,0.0,0.0,0.0,0.0,0.0,0.0,0.0,0.0,0.0,0.0,0.0,0.0,0.0,0.0,0.0,96.05,3.95,48.13,51.87,5.55,6.12,6.19,6.01,6.56,6.55,6.91,7.45,7.83,6.96,6.74,6.55,6.09,4.98,3.7,2.65,1.76,0.94,0.35,0.08,0.02,100.0,0.0,100.0,0.0,0.0,0.0,0.0,0.0,0.0,0.0,0.0,0.0,0.0,0.0,0.0,0.0,0.0,0.0,0.0,0.0,0.0,0.0,0.0,0.0,0.0,0.0,0.0,0.0,0.0,0.0,0.0,0.0,0.0,0.0,0.0,0.0,0.0,0.0,0.0,0.0,0.0,0.0,0.0,0.0,0.0,0.0,0.0,0.0,0.0,0.0,0.0,0.0,0.0,0.0,0.0,0.0,0.0,0.0,0.0,0.0,0.0,0.0,0.0,0.0,0.0,0.0,0.0,0.0,0.0,0.0,0.0,0.0,0.0,0.0,0.0,0.0,0.0,0.0,0.0,0.0,0.0,0.0,0.0,0.0,0.0,0.0,0.0,59241.0,2438.0,29684.0,31995.0,3425.0,3777.0,3817.0,3709.0,4048.0,4040.0,4260.0,4592.0,4827.0,4292.0,4159.0,4041.0,3759.0,3071.0,2282.0,1632.0,1087.0,579.0,218.0,52.0,12.0,61679.0,0.0,61679.0,96.91,94.38,96.93,96.71,99.16,98.86,98.68,98.42,97.69,96.24,87.37,91.03,98.82,96.81,0.0,96.81,0.0,0.0,0.0,0.0,0.0,0.0,0.0,0.0,0.0,0.0,0.0,0.0,0.0,0.0,0.0,0.0,39.0,42.0,39.0,0.0,39.0,91.9,116.9,92.78,0.0,92.78,114.33,136.38,115.18,0.0,115.18,0.0,0.0,0.0,0.0,0.0,0.0,0.0,0.0,0.0,0.0,0.0,0.0,0.0,0.0,0.0
3537404,0.0,0.0,0.0,0.0,0.0,0.0,0.0,0.0,0.0,24095.0,0.0,24095.0,0.0,0.0,0.0,0.0,0.0,0.0,0.0,0.0,0.0,0.0,0.0,0.0,0.0,0.0,0.0,0.0,0.0,0.0,0.0,0.0,0.0,0.0,0.0,0.0,0.0,0.0,0.0,0.0,0.0,0.0,93.69,6.31,48.41,51.59,5.24,6.01,6.2,5.8,5.88,6.29,7.16,6.78,7.45,7.27,7.72,7.25,6.1,4.9,3.89,2.91,1.77,0.95,0.3,0.11,0.01,100.0,0.0,100.0,0.0,0.0,0.0,0.0,0.0,0.0,0.0,0.0,0.0,0.0,0.0,0.0,0.0,0.0,0.0,0.0,0.0,0.0,0.0,0.0,0.0,0.0,0.0,0.0,0.0,0.0,0.0,0.0,0.0,0.0,0.0,0.0,0.0,0.0,0.0,0.0,0.0,0.0,0.0,0.0,0.0,0.0,0.0,0.0,0.0,0.0,0.0,0.0,0.0,0.0,0.0,0.0,0.0,0.0,0.0,0.0,0.0,0.0,0.0,0.0,0.0,0.0,0.0,0.0,0.0,0.0,0.0,0.0,0.0,0.0,0.0,0.0,0.0,0.0,0.0,0.0,0.0,0.0,0.0,0.0,0.0,0.0,0.0,0.0,22574.0,1521.0,11665.0,12430.0,1262.0,1448.0,1495.0,1397.0,1417.0,1515.0,1724.0,1634.0,1795.0,1752.0,1860.0,1748.0,1469.0,1180.0,938.0,702.0,427.0,230.0,73.0,26.0,3.0,24095.0,0.0,24095.0,94.75,91.94,95.31,93.88,98.66,98.89,99.55,97.73,96.48,94.4,75.56,82.29,99.41,94.57,0.0,94.57,0.0,0.0,0.0,0.0,0.0,0.0,0.0,0.0,0.0,0.0,0.0,0.0,0.0,0.0,0.0,0.0,39.0,48.0,40.0,0.0,40.0,92.43,117.6,93.85,0.0,93.85,116.25,189.45,120.05,0.0,120.05,0.0,0.0,0.0,0.0,0.0,0.0,0.0,0.0,0.0,0.0,0.0,0.0,0.0,0.0,0.0
3537503,0.0,0.0,0.0,0.0,0.0,0.0,0.0,0.0,0.0,8737.0,0.0,8737.0,0.0,0.0,0.0,0.0,0.0,0.0,0.0,0.0,0.0,0.0,0.0,0.0,0.0,0.0,0.0,0.0,0.0,0.0,0.0,0.0,0.0,0.0,0.0,0.0,0.0,0.0,0.0,0.0,0.0,0.0,71.37,28.63,50.13,49.87,5.95,7.04,6.68,6.66,6.56,6.66,7.33,7.78,6.9,6.44,6.67,6.28,5.92,4.64,3.69,2.44,1.22,0.76,0.26,0.11,0.0,100.0,0.0,100.0,0.0,0.0,0.0,0.0,0.0,0.0,0.0,0.0,0.0,0.0,0.0,0.0,0.0,0.0,0.0,0.0,0.0,0.0,0.0,0.0,0.0,0.0,0.0,0.0,0.0,0.0,0.0,0.0,0.0,0.0,0.0,0.0,0.0,0.0,0.0,0.0,0.0,0.0,0.0,0.0,0.0,0.0,0.0,0.0,0.0,0.0,0.0,0.0,0.0,0.0,0.0,0.0,0.0,0.0,0.0,0.0,0.0,0.0,0.0,0.0,0.0,0.0,0.0,0.0,0.0,0.0,0.0,0.0,0.0,0.0,0.0,0.0,0.0,0.0,0.0,0.0,0.0,0.0,0.0,0.0,0.0,0.0,0.0,0.0,6236.0,2501.0,4380.0,4357.0,520.0,615.0,584.0,582.0,573.0,582.0,640.0,680.0,603.0,563.0,583.0,549.0,517.0,405.0,322.0,213.0,107.0,66.0,23.0,10.0,0.0,8737.0,0.0,8737.0,95.53,94.55,94.91,95.57,98.6,99.02,98.92,97.9,94.24,93.43,83.53,87.43,98.58,95.24,0.0,95.24,0.0,0.0,0.0,0.0,0.0,0.0,0.0,0.0,0.0,0.0,0.0,0.0,0.0,0.0,0.0,0.0,35.0,41.0,37.0,0.0,37.0,95.55,114.13,100.53,0.0,100.53,86.26,126.74,96.74,0.0,96.74,0.0,0.0,0.0,0.0,0.0,0.0,0.0,0.0,0.0,0.0,0.0,0.0,0.0,0.0,0.0
3537602,0.0,0.0,0.0,0.0,0.0,0.0,0.0,0.0,0.0,68352.0,0.0,68352.0,0.0,0.0,0.0,0.0,0.0,0.0,0.0,0.0,0.0,0.0,0.0,0.0,0.0,0.0,0.0,0.0,0.0,0.0,0.0,0.0,0.0,0.0,0.0,0.0,0.0,0.0,0.0,0.0,0.0,0.0,97.64,2.36,48.19,51.81,5.58,6.43,7.02,6.86,6.4,5.93,6.1,6.85,7.36,6.7,6.42,6.28,6.4,5.81,4.39,2.69,1.54,0.78,0.36,0.1,0.01,100.0,0.0,100.0,0.0,0.0,0.0,0.0,0.0,0.0,0.0,0.0,0.0,0.0,0.0,0.0,0.0,0.0,0.0,0.0,0.0,0.0,0.0,0.0,0.0,0.0,0.0,0.0,0.0,0.0,0.0,0.0,0.0,0.0,0.0,0.0,0.0,0.0,0.0,0.0,0.0,0.0,0.0,0.0,0.0,0.0,0.0,0.0,0.0,0.0,0.0,0.0,0.0,0.0,0.0,0.0,0.0,0.0,0.0,0.0,0.0,0.0,0.0,0.0,0.0,0.0,0.0,0.0,0.0,0.0,0.0,0.0,0.0,0.0,0.0,0.0,0.0,0.0,0.0,0.0,0.0,0.0,0.0,0.0,0.0,0.0,0.0,0.0,66742.0,1610.0,32937.0,35415.0,3817.0,4392.0,4795.0,4690.0,4374.0,4052.0,4170.0,4679.0,5028.0,4579.0,4390.0,4291.0,4377.0,3974.0,3001.0,1838.0,1052.0,533.0,247.0,67.0,6.0,68352.0,0.0,68352.0,96.12,90.4,96.01,95.98,98.42,98.66,98.94,98.08,96.58,94.53,87.04,90.51,98.69,95.99,0.0,95.99,0.0,0.0,0.0,0.0,0.0,0.0,0.0,0.0,0.0,0.0,0.0,0.0,0.0,0.0,0.0,0.0,39.0,37.0,39.0,0.0,39.0,92.52,115.24,93.0,0.0,93.0,116.56,98.57,116.08,0.0,116.08,0.0,0.0,0.0,0.0,0.0,0.0,0.0,0.0,0.0,0.0,0.0,0.0,0.0,0.0,0.0
3537701,0.0,0.0,0.0,0.0,0.0,0.0,0.0,0.0,0.0,5519.0,0.0,5519.0,0.0,0.0,0.0,0.0,0.0,0.0,0.0,0.0,0.0,0.0,0.0,0.0,0.0,0.0,0.0,0.0,0.0,0.0,0.0,0.0,0.0,0.0,0.0,0.0,0.0,0.0,0.0,0.0,0.0,0.0,92.44,7.56,49.54,50.46,4.98,5.69,6.34,5.69,6.7,6.5,6.89,7.95,7.66,6.65,6.32,7.61,6.05,5.42,3.46,2.75,2.05,0.8,0.36,0.09,0.02,100.0,0.0,100.0,0.0,0.0,0.0,0.0,0.0,0.0,0.0,0.0,0.0,0.0,0.0,0.0,0.0,0.0,0.0,0.0,0.0,0.0,0.0,0.0,0.0,0.0,0.0,0.0,0.0,0.0,0.0,0.0,0.0,0.0,0.0,0.0,0.0,0.0,0.0,0.0,0.0,0.0,0.0,0.0,0.0,0.0,0.0,0.0,0.0,0.0,0.0,0.0,0.0,0.0,0.0,0.0,0.0,0.0,0.0,0.0,0.0,0.0,0.0,0.0,0.0,0.0,0.0,0.0,0.0,0.0,0.0,0.0,0.0,0.0,0.0,0.0,0.0,0.0,0.0,0.0,0.0,0.0,0.0,0.0,0.0,0.0,0.0,0.0,5102.0,417.0,2734.0,2785.0,275.0,314.0,350.0,314.0,370.0,359.0,380.0,439.0,423.0,367.0,349.0,420.0,334.0,299.0,191.0,152.0,113.0,44.0,20.0,5.0,1.0,5519.0,0.0,5519.0,92.85,93.87,93.87,92.0,98.92,98.65,100.0,96.52,93.16,92.97,64.78,78.42,100.0,92.93,0.0,92.93,0.0,0.0,0.0,0.0,0.0,0.0,0.0,0.0,0.0,0.0,0.0,0.0,0.0,0.0,0.0,0.0,39.0,48.0,39.0,0.0,39.0,96.46,121.81,98.17,0.0,98.17,117.48,213.79,123.43,0.0,123.43,0.0,0.0,0.0,0.0,0.0,0.0,0.0,0.0,0.0,0.0,0.0,0.0,0.0,0.0,0.0
3537800,0.0,0.0,0.0,0.0,0.0,0.0,0.0,0.0,0.0,52970.0,0.0,52970.0,0.0,0.0,0.0,0.0,0.0,0.0,0.0,0.0,0.0,0.0,0.0,0.0,0.0,0.0,0.0,0.0,0.0,0.0,0.0,0.0,0.0,0.0,0.0,0.0,0.0,0.0,0.0,0.0,0.0,0.0,57.07,42.93,50.21,49.79,5.54,6.2,6.15,6.4,6.87,7.08,7.29,7.65,7.75,7.01,6.8,6.5,6.13,4.65,3.32,2.13,1.44,0.76,0.26,0.08,0.01,100.0,0.0,100.0,0.0,0.0,0.0,0.0,0.0,0.0,0.0,0.0,0.0,0.0,0.0,0.0,0.0,0.0,0.0,0.0,0.0,0.0,0.0,0.0,0.0,0.0,0.0,0.0,0.0,0.0,0.0,0.0,0.0,0.0,0.0,0.0,0.0,0.0,0.0,0.0,0.0,0.0,0.0,0.0,0.0,0.0,0.0,0.0,0.0,0.0,0.0,0.0,0.0,0.0,0.0,0.0,0.0,0.0,0.0,0.0,0.0,0.0,0.0,0.0,0.0,0.0,0.0,0.0,0.0,0.0,0.0,0.0,0.0,0.0,0.0,0.0,0.0,0.0,0.0,0.0,0.0,0.0,0.0,0.0,0.0,0.0,0.0,0.0,30232.0,22738.0,26597.0,26373.0,2934.0,3285.0,3256.0,3391.0,3637.0,3751.0,3862.0,4050.0,4104.0,3713.0,3604.0,3443.0,3247.0,2461.0,1758.0,1130.0,761.0,400.0,136.0,43.0,4.0,52970.0,0.0,52970.0,96.23,94.35,96.04,94.8,98.9,98.86,98.78,97.88,95.89,94.3,78.62,85.49,98.95,95.42,0.0,95.42,0.0,0.0,0.0,0.0,0.0,0.0,0.0,0.0,0.0,0.0,0.0,0.0,0.0,0.0,0.0,0.0,36.0,39.0,37.0,0.0,37.0,97.16,105.98,100.85,0.0,100.85,97.65,115.1,104.91,0.0,104.91,0.0,0.0,0.0,0.0,0.0,0.0,0.0,0.0,0.0,0.0,0.0,0.0,0.0,0.0,0.0
3537909,100.0,0.0,100.0,86.0,0.0,86.0,0.31,0.0,0.31,27619.0,0.0,27619.0,100.0,0.0,100.0,100.0,0.0,100.0,100.0,0.0,100.0,37.0,0.0,37.0,122.0,0.0,122.0,86.0,0.0,86.0,3.3,0.0,3.3,2.32,0.0,2.32,0.39,0.0,0.39,70.49,0.0,70.49,79.41,20.59,50.54,49.46,6.25,6.51,6.77,6.85,7.35,7.09,7.0,7.34,7.27,6.9,6.54,6.13,5.53,4.45,3.44,2.32,1.35,0.64,0.21,0.05,0.0,100.0,0.0,100.0,100.0,0.0,51.16,48.84,4.65,10.47,5.81,2.33,9.3,4.65,3.49,13.95,9.3,9.3,4.65,1.16,3.49,3.49,6.98,5.81,1.16,0.0,0.0,0.0,0.0,100.0,0.0,100.0,86.0,0.0,44.0,42.0,4.0,9.0,5.0,2.0,8.0,4.0,3.0,12.0,8.0,8.0,4.0,1.0,3.0,3.0,6.0,5.0,1.0,0.0,0.0,0.0,0.0,86.0,0.0,86.0,0.39,0.0,0.32,0.31,0.23,0.5,0.27,0.11,0.39,0.2,0.16,0.59,0.4,0.42,0.22,0.06,0.2,0.24,0.63,0.78,0.27,0.0,0.0,0.0,0.0,0.31,0.0,0.31,21933.0,5686.0,13958.0,13661.0,1726.0,1799.0,1870.0,1892.0,2030.0,1958.0,1934.0,2027.0,2008.0,1906.0,1807.0,1694.0,1526.0,1228.0,951.0,641.0,372.0,176.0,58.0,15.0,1.0,27619.0,0.0,27619.0,95.0,94.45,95.28,94.49,98.47,98.72,98.56,98.04,95.26,91.86,79.33,84.95,99.58,94.89,0.0,94.89,91.18,0.0,91.43,90.91,100.0,100.0,100.0,95.0,91.67,100.0,83.33,73.33,0.0,91.18,0.0,91.18,36.0,37.0,36.0,0.0,36.0,99.61,112.72,102.17,0.0,102.17,92.18,91.74,92.09,0.0,92.09,38.0,0.0,38.0,0.0,38.0,104.76,0.0,104.76,0.0,104.76,100.0,0.0,100.0,0.0,100.0
3538006,0.0,0.0,0.0,0.0,0.0,0.0,0.0,0.0,0.0,165428.0,0.0,165428.0,0.0,0.0,0.0,0.0,0.0,0.0,0.0,0.0,0.0,0.0,0.0,0.0,0.0,0.0,0.0,0.0,0.0,0.0,0.0,0.0,0.0,0.0,0.0,0.0,0.0,0.0,0.0,0.0,0.0,0.0,96.33,3.67,48.45,51.55,6.18,6.67,6.49,6.68,7.03,7.19,7.5,8.12,8.4,6.99,6.18,5.86,5.37,4.4,3.17,1.84,1.07,0.55,0.23,0.06,0.01,100.0,0.0,100.0,0.0,0.0,0.0,0.0,0.0,0.0,0.0,0.0,0.0,0.0,0.0,0.0,0.0,0.0,0.0,0.0,0.0,0.0,0.0,0.0,0.0,0.0,0.0,0.0,0.0,0.0,0.0,0.0,0.0,0.0,0.0,0.0,0.0,0.0,0.0,0.0,0.0,0.0,0.0,0.0,0.0,0.0,0.0,0.0,0.0,0.0,0.0,0.0,0.0,0.0,0.0,0.0,0.0,0.0,0.0,0.0,0.0,0.0,0.0,0.0,0.0,0.0,0.0,0.0,0.0,0.0,0.0,0.0,0.0,0.0,0.0,0.0,0.0,0.0,0.0,0.0,0.0,0.0,0.0,0.0,0.0,0.0,0.0,0.0,159364.0,6064.0,80142.0,85286.0,10222.0,11030.0,10740.0,11044.0,11632.0,11893.0,12414.0,13436.0,13894.0,11562.0,10229.0,9690.0,8889.0,7283.0,5252.0,3042.0,1773.0,918.0,377.0,98.0,10.0,165428.0,0.0,165428.0,97.52,94.87,97.55,97.3,99.04,99.08,98.95,98.73,97.8,96.43,87.15,91.94,99.15,97.42,0.0,97.42,0.0,0.0,0.0,0.0,0.0,0.0,0.0,0.0,0.0,0.0,0.0,0.0,0.0,0.0,0.0,0.0,36.0,39.0,36.0,0.0,36.0,93.38,110.78,93.97,0.0,93.97,85.59,110.23,86.4,0.0,86.4,0.0,0.0,0.0,0.0,0.0,0.0,0.0,0.0,0.0,0.0,0.0,0.0,0.0,0.0,0.0
3538105,0.0,0.0,0.0,0.0,0.0,0.0,0.0,0.0,0.0,14542.0,0.0,14542.0,0.0,0.0,0.0,0.0,0.0,0.0,0.0,0.0,0.0,0.0,0.0,0.0,0.0,0.0,0.0,0.0,0.0,0.0,0.0,0.0,0.0,0.0,0.0,0.0,0.0,0.0,0.0,0.0,0.0,0.0,94.9,5.1,49.78,50.22,4.73,5.51,5.86,5.94,6.09,6.31,6.88,7.89,8.42,7.15,7.39,6.17,5.96,5.01,4.39,2.82,1.79,1.14,0.46,0.07,0.03,100.0,0.0,100.0,0.0,0.0,0.0,0.0,0.0,0.0,0.0,0.0,0.0,0.0,0.0,0.0,0.0,0.0,0.0,0.0,0.0,0.0,0.0,0.0,0.0,0.0,0.0,0.0,0.0,0.0,0.0,0.0,0.0,0.0,0.0,0.0,0.0,0.0,0.0,0.0,0.0,0.0,0.0,0.0,0.0,0.0,0.0,0.0,0.0,0.0,0.0,0.0,0.0,0.0,0.0,0.0,0.0,0.0,0.0,0.0,0.0,0.0,0.0,0.0,0.0,0.0,0.0,0.0,0.0,0.0,0.0,0.0,0.0,0.0,0.0,0.0,0.0,0.0,0.0,0.0,0.0,0.0,0.0,0.0,0.0,0.0,0.0,0.0,13800.0,742.0,7239.0,7303.0,688.0,801.0,852.0,864.0,886.0,917.0,1000.0,1147.0,1225.0,1040.0,1075.0,897.0,866.0,729.0,638.0,410.0,260.0,166.0,67.0,10.0,4.0,14542.0,0.0,14542.0,95.11,92.92,96.13,93.9,99.66,99.01,99.42,97.68,96.12,93.76,78.95,85.29,99.43,95.0,0.0,95.0,0.0,0.0,0.0,0.0,0.0,0.0,0.0,0.0,0.0,0.0,0.0,0.0,0.0,0.0,0.0,0.0,40.0,45.0,40.0,0.0,40.0,97.79,127.61,99.12,0.0,99.12,131.23,204.72,134.56,0.0,134.56,0.0,0.0,0.0,0.0,0.0,0.0,0.0,0.0,0.0,0.0,0.0,0.0,0.0,0.0,0.0
3538204,0.0,0.0,0.0,0.0,0.0,0.0,0.0,0.0,0.0,15224.0,0.0,15224.0,0.0,0.0,0.0,0.0,0.0,0.0,0.0,0.0,0.0,0.0,0.0,0.0,0.0,0.0,0.0,0.0,0.0,0.0,0.0,0.0,0.0,0.0,0.0,0.0,0.0,0.0,0.0,0.0,0.0,0.0,60.03,39.97,49.74,50.26,5.01,5.87,5.85,6.13,6.34,6.3,6.45,7.09,7.89,7.01,6.65,6.78,6.76,5.73,4.5,2.72,1.76,0.76,0.34,0.05,0.01,100.0,0.0,100.0,0.0,0.0,0.0,0.0,0.0,0.0,0.0,0.0,0.0,0.0,0.0,0.0,0.0,0.0,0.0,0.0,0.0,0.0,0.0,0.0,0.0,0.0,0.0,0.0,0.0,0.0,0.0,0.0,0.0,0.0,0.0,0.0,0.0,0.0,0.0,0.0,0.0,0.0,0.0,0.0,0.0,0.0,0.0,0.0,0.0,0.0,0.0,0.0,0.0,0.0,0.0,0.0,0.0,0.0,0.0,0.0,0.0,0.0,0.0,0.0,0.0,0.0,0.0,0.0,0.0,0.0,0.0,0.0,0.0,0.0,0.0,0.0,0.0,0.0,0.0,0.0,0.0,0.0,0.0,0.0,0.0,0.0,0.0,0.0,9139.0,6085.0,7572.0,7652.0,763.0,894.0,891.0,933.0,965.0,959.0,982.0,1079.0,1201.0,1067.0,1013.0,1032.0,1029.0,873.0,685.0,414.0,268.0,115.0,51.0,8.0,2.0,15224.0,0.0,15224.0,96.53,95.71,96.59,95.81,99.27,99.02,99.1,98.73,96.92,95.88,82.63,88.7,100.0,96.2,0.0,96.2,0.0,0.0,0.0,0.0,0.0,0.0,0.0,0.0,0.0,0.0,0.0,0.0,0.0,0.0,0.0,0.0,39.0,41.0,40.0,0.0,40.0,95.19,104.88,98.95,0.0,98.95,127.22,148.48,135.2,0.0,135.2,0.0,0.0,0.0,0.0,0.0,0.0,0.0,0.0,0.0,0.0,0.0,0.0,0.0,0.0,0.0
3538303,0.0,0.0,0.0,0.0,0.0,0.0,0.0,0.0,0.0,3264.0,0.0,3264.0,0.0,0.0,0.0,0.0,0.0,0.0,0.0,0.0,0.0,0.0,0.0,0.0,0.0,0.0,0.0,0.0,0.0,0.0,0.0,0.0,0.0,0.0,0.0,0.0,0.0,0.0,0.0,0.0,0.0,0.0,81.31,18.69,47.55,52.45,4.78,5.55,5.76,6.62,5.79,5.94,6.92,7.38,7.41,6.65,7.72,8.39,6.53,4.81,3.55,2.91,2.24,0.74,0.31,0.0,0.0,100.0,0.0,100.0,0.0,0.0,0.0,0.0,0.0,0.0,0.0,0.0,0.0,0.0,0.0,0.0,0.0,0.0,0.0,0.0,0.0,0.0,0.0,0.0,0.0,0.0,0.0,0.0,0.0,0.0,0.0,0.0,0.0,0.0,0.0,0.0,0.0,0.0,0.0,0.0,0.0,0.0,0.0,0.0,0.0,0.0,0.0,0.0,0.0,0.0,0.0,0.0,0.0,0.0,0.0,0.0,0.0,0.0,0.0,0.0,0.0,0.0,0.0,0.0,0.0,0.0,0.0,0.0,0.0,0.0,0.0,0.0,0.0,0.0,0.0,0.0,0.0,0.0,0.0,0.0,0.0,0.0,0.0,0.0,0.0,0.0,0.0,0.0,2654.0,610.0,1552.0,1712.0,156.0,181.0,188.0,216.0,189.0,194.0,226.0,241.0,242.0,217.0,252.0,274.0,213.0,157.0,116.0,95.0,73.0,24.0,10.0,0.0,0.0,3264.0,0.0,3264.0,91.94,93.04,92.28,92.03,99.47,98.81,98.46,95.45,94.46,90.76,66.34,76.21,98.84,92.15,0.0,92.15,0.0,0.0,0.0,0.0,0.0,0.0,0.0,0.0,0.0,0.0,0.0,0.0,0.0,0.0,0.0,0.0,40.0,42.0,40.0,0.0,40.0,87.43,106.08,90.65,0.0,90.65,131.94,126.88,131.05,0.0,131.05,0.0,0.0,0.0,0.0,0.0,0.0,0.0,0.0,0.0,0.0,0.0,0.0,0.0,0.0,0.0
3538501,0.0,0.0,0.0,0.0,0.0,0.0,0.0,0.0,0.0,12490.0,0.0,12490.0,0.0,0.0,0.0,0.0,0.0,0.0,0.0,0.0,0.0,0.0,0.0,0.0,0.0,0.0,0.0,0.0,0.0,0.0,0.0,0.0,0.0,0.0,0.0,0.0,0.0,0.0,0.0,0.0,0.0,0.0,91.77,8.23,47.81,52.19,4.63,5.88,6.08,6.64,6.0,6.12,6.61,6.73,7.11,6.66,7.17,7.53,7.01,5.77,4.08,2.83,1.55,1.03,0.42,0.14,0.0,100.0,0.0,100.0,0.0,0.0,0.0,0.0,0.0,0.0,0.0,0.0,0.0,0.0,0.0,0.0,0.0,0.0,0.0,0.0,0.0,0.0,0.0,0.0,0.0,0.0,0.0,0.0,0.0,0.0,0.0,0.0,0.0,0.0,0.0,0.0,0.0,0.0,0.0,0.0,0.0,0.0,0.0,0.0,0.0,0.0,0.0,0.0,0.0,0.0,0.0,0.0,0.0,0.0,0.0,0.0,0.0,0.0,0.0,0.0,0.0,0.0,0.0,0.0,0.0,0.0,0.0,0.0,0.0,0.0,0.0,0.0,0.0,0.0,0.0,0.0,0.0,0.0,0.0,0.0,0.0,0.0,0.0,0.0,0.0,0.0,0.0,0.0,11462.0,1028.0,5972.0,6518.0,578.0,734.0,759.0,829.0,749.0,765.0,826.0,840.0,888.0,832.0,895.0,941.0,875.0,721.0,510.0,354.0,194.0,129.0,53.0,18.0,0.0,12490.0,0.0,12490.0,96.93,94.26,96.81,96.61,99.33,99.25,99.39,97.69,97.22,96.48,88.5,91.66,98.21,96.71,0.0,96.71,0.0,0.0,0.0,0.0,0.0,0.0,0.0,0.0,0.0,0.0,0.0,0.0,0.0,0.0,0.0,0.0,40.0,42.0,40.0,0.0,40.0,89.45,119.66,91.62,0.0,91.62,138.92,125.71,137.81,0.0,137.81,0.0,0.0,0.0,0.0,0.0,0.0,0.0,0.0,0.0,0.0,0.0,0.0,0.0,0.0,0.0
3538600,0.0,0.0,0.0,0.0,0.0,0.0,0.0,0.0,0.0,26029.0,0.0,26029.0,0.0,0.0,0.0,0.0,0.0,0.0,0.0,0.0,0.0,0.0,0.0,0.0,0.0,0.0,0.0,0.0,0.0,0.0,0.0,0.0,0.0,0.0,0.0,0.0,0.0,0.0,0.0,0.0,0.0,0.0,82.27,17.73,48.83,51.17,5.08,5.67,5.48,5.78,6.88,6.58,7.49,7.26,8.26,7.1,7.35,6.39,6.03,5.14,4.28,2.49,1.56,0.74,0.35,0.07,0.01,100.0,0.0,100.0,0.0,0.0,0.0,0.0,0.0,0.0,0.0,0.0,0.0,0.0,0.0,0.0,0.0,0.0,0.0,0.0,0.0,0.0,0.0,0.0,0.0,0.0,0.0,0.0,0.0,0.0,0.0,0.0,0.0,0.0,0.0,0.0,0.0,0.0,0.0,0.0,0.0,0.0,0.0,0.0,0.0,0.0,0.0,0.0,0.0,0.0,0.0,0.0,0.0,0.0,0.0,0.0,0.0,0.0,0.0,0.0,0.0,0.0,0.0,0.0,0.0,0.0,0.0,0.0,0.0,0.0,0.0,0.0,0.0,0.0,0.0,0.0,0.0,0.0,0.0,0.0,0.0,0.0,0.0,0.0,0.0,0.0,0.0,0.0,21415.0,4614.0,12710.0,13319.0,1321.0,1477.0,1426.0,1505.0,1791.0,1714.0,1949.0,1891.0,2150.0,1848.0,1912.0,1663.0,1570.0,1337.0,1113.0,649.0,407.0,193.0,92.0,18.0,3.0,26029.0,0.0,26029.0,95.18,91.45,94.9,94.19,98.44,98.83,98.8,97.75,95.82,93.44,76.28,83.16,98.63,94.53,0.0,94.53,0.0,0.0,0.0,0.0,0.0,0.0,0.0,0.0,0.0,0.0,0.0,0.0,0.0,0.0,0.0,0.0,40.0,38.0,39.0,0.0,39.0,92.63,109.54,95.43,0.0,95.43,132.45,107.05,127.41,0.0,127.41,0.0,0.0,0.0,0.0,0.0,0.0,0.0,0.0,0.0,0.0,0.0,0.0,0.0,0.0,0.0
3538709,0.0,0.0,0.0,0.0,0.0,0.0,0.0,0.0,0.0,423323.0,0.0,423323.0,0.0,0.0,0.0,0.0,0.0,0.0,0.0,0.0,0.0,0.0,0.0,0.0,0.0,0.0,0.0,0.0,0.0,0.0,0.0,0.0,0.0,0.0,0.0,0.0,0.0,0.0,0.0,0.0,0.0,0.0,97.86,2.14,48.38,51.62,5.37,6.14,5.88,6.2,7.09,7.62,8.0,8.66,8.43,6.91,6.25,5.87,5.31,4.33,3.29,2.14,1.33,0.74,0.34,0.08,0.01,100.0,0.0,100.0,0.0,0.0,0.0,0.0,0.0,0.0,0.0,0.0,0.0,0.0,0.0,0.0,0.0,0.0,0.0,0.0,0.0,0.0,0.0,0.0,0.0,0.0,0.0,0.0,0.0,0.0,0.0,0.0,0.0,0.0,0.0,0.0,0.0,0.0,0.0,0.0,0.0,0.0,0.0,0.0,0.0,0.0,0.0,0.0,0.0,0.0,0.0,0.0,0.0,0.0,0.0,0.0,0.0,0.0,0.0,0.0,0.0,0.0,0.0,0.0,0.0,0.0,0.0,0.0,0.0,0.0,0.0,0.0,0.0,0.0,0.0,0.0,0.0,0.0,0.0,0.0,0.0,0.0,0.0,0.0,0.0,0.0,0.0,0.0,414248.0,9075.0,204794.0,218529.0,22733.0,25979.0,24897.0,26263.0,30032.0,32240.0,33874.0,36641.0,35672.0,29265.0,26440.0,24850.0,22485.0,18340.0,13931.0,9063.0,5637.0,3137.0,1449.0,350.0,45.0,423323.0,0.0,423323.0,97.68,95.3,97.73,97.53,99.21,99.2,98.92,98.83,97.64,96.35,91.18,93.42,99.32,97.62,0.0,97.62,0.0,0.0,0.0,0.0,0.0,0.0,0.0,0.0,0.0,0.0,0.0,0.0,0.0,0.0,0.0,0.0,37.0,39.0,37.0,0.0,37.0,93.02,132.04,93.71,0.0,93.71,100.6,128.96,101.12,0.0,101.12,0.0,0.0,0.0,0.0,0.0,0.0,0.0,0.0,0.0,0.0,0.0,0.0,0.0,0.0,0.0
3538808,0.0,0.0,0.0,0.0,0.0,0.0,0.0,0.0,0.0,29436.0,0.0,29436.0,0.0,0.0,0.0,0.0,0.0,0.0,0.0,0.0,0.0,0.0,0.0,0.0,0.0,0.0,0.0,0.0,0.0,0.0,0.0,0.0,0.0,0.0,0.0,0.0,0.0,0.0,0.0,0.0,0.0,0.0,93.65,6.35,48.39,51.61,5.43,5.99,6.17,6.55,6.56,6.59,6.96,7.37,7.29,6.8,6.39,6.85,6.11,5.34,4.1,2.5,1.61,0.92,0.4,0.06,0.01,100.0,0.0,100.0,0.0,0.0,0.0,0.0,0.0,0.0,0.0,0.0,0.0,0.0,0.0,0.0,0.0,0.0,0.0,0.0,0.0,0.0,0.0,0.0,0.0,0.0,0.0,0.0,0.0,0.0,0.0,0.0,0.0,0.0,0.0,0.0,0.0,0.0,0.0,0.0,0.0,0.0,0.0,0.0,0.0,0.0,0.0,0.0,0.0,0.0,0.0,0.0,0.0,0.0,0.0,0.0,0.0,0.0,0.0,0.0,0.0,0.0,0.0,0.0,0.0,0.0,0.0,0.0,0.0,0.0,0.0,0.0,0.0,0.0,0.0,0.0,0.0,0.0,0.0,0.0,0.0,0.0,0.0,0.0,0.0,0.0,0.0,0.0,27568.0,1868.0,14245.0,15191.0,1598.0,1764.0,1817.0,1929.0,1932.0,1939.0,2049.0,2170.0,2145.0,2002.0,1880.0,2016.0,1799.0,1571.0,1208.0,735.0,473.0,270.0,118.0,18.0,3.0,29436.0,0.0,29436.0,96.83,94.78,97.28,96.17,99.07,99.02,99.05,98.66,97.01,95.81,86.27,91.08,99.1,96.7,0.0,96.7,0.0,0.0,0.0,0.0,0.0,0.0,0.0,0.0,0.0,0.0,0.0,0.0,0.0,0.0,0.0,0.0,38.0,40.0,38.0,0.0,38.0,92.27,118.99,93.77,0.0,93.77,120.27,110.7,119.62,0.0,119.62,0.0,0.0,0.0,0.0,0.0,0.0,0.0,0.0,0.0,0.0,0.0,0.0,0.0,0.0,0.0
3538907,0.0,0.0,0.0,0.0,0.0,0.0,0.0,0.0,0.0,22431.0,0.0,22431.0,0.0,0.0,0.0,0.0,0.0,0.0,0.0,0.0,0.0,0.0,0.0,0.0,0.0,0.0,0.0,0.0,0.0,0.0,0.0,0.0,0.0,0.0,0.0,0.0,0.0,0.0,0.0,0.0,0.0,0.0,81.51,18.49,52.35,47.65,4.62,4.93,5.28,5.44,7.2,8.9,8.93,8.77,8.47,6.62,5.78,6.01,6.11,4.66,3.27,2.18,1.49,0.86,0.37,0.08,0.01,100.0,0.0,100.0,0.0,0.0,0.0,0.0,0.0,0.0,0.0,0.0,0.0,0.0,0.0,0.0,0.0,0.0,0.0,0.0,0.0,0.0,0.0,0.0,0.0,0.0,0.0,0.0,0.0,0.0,0.0,0.0,0.0,0.0,0.0,0.0,0.0,0.0,0.0,0.0,0.0,0.0,0.0,0.0,0.0,0.0,0.0,0.0,0.0,0.0,0.0,0.0,0.0,0.0,0.0,0.0,0.0,0.0,0.0,0.0,0.0,0.0,0.0,0.0,0.0,0.0,0.0,0.0,0.0,0.0,0.0,0.0,0.0,0.0,0.0,0.0,0.0,0.0,0.0,0.0,0.0,0.0,0.0,0.0,0.0,0.0,0.0,0.0,18284.0,4147.0,11742.0,10689.0,1037.0,1106.0,1184.0,1220.0,1616.0,1996.0,2004.0,1967.0,1899.0,1485.0,1297.0,1349.0,1371.0,1046.0,734.0,488.0,335.0,192.0,84.0,19.0,2.0,22431.0,0.0,22431.0,93.94,98.09,95.43,94.09,99.26,98.3,98.27,97.41,93.93,93.2,78.39,84.9,97.86,94.79,0.0,94.79,0.0,0.0,0.0,0.0,0.0,0.0,0.0,0.0,0.0,0.0,0.0,0.0,0.0,0.0,0.0,0.0,39.0,33.0,37.0,0.0,37.0,92.89,242.73,109.85,0.0,109.85,128.11,132.11,128.37,0.0,128.37,0.0,0.0,0.0,0.0,0.0,0.0,0.0,0.0,0.0,0.0,0.0,0.0,0.0,0.0,0.0
3539004,0.0,0.0,0.0,0.0,0.0,0.0,0.0,0.0,0.0,10885.0,0.0,10885.0,0.0,0.0,0.0,0.0,0.0,0.0,0.0,0.0,0.0,0.0,0.0,0.0,0.0,0.0,0.0,0.0,0.0,0.0,0.0,0.0,0.0,0.0,0.0,0.0,0.0,0.0,0.0,0.0,0.0,0.0,92.37,7.63,49.87,50.13,5.24,5.56,5.5,6.06,6.21,7.29,6.99,7.57,7.74,6.86,7.21,6.73,5.89,4.97,3.89,2.73,1.86,1.19,0.4,0.1,0.01,100.0,0.0,100.0,0.0,0.0,0.0,0.0,0.0,0.0,0.0,0.0,0.0,0.0,0.0,0.0,0.0,0.0,0.0,0.0,0.0,0.0,0.0,0.0,0.0,0.0,0.0,0.0,0.0,0.0,0.0,0.0,0.0,0.0,0.0,0.0,0.0,0.0,0.0,0.0,0.0,0.0,0.0,0.0,0.0,0.0,0.0,0.0,0.0,0.0,0.0,0.0,0.0,0.0,0.0,0.0,0.0,0.0,0.0,0.0,0.0,0.0,0.0,0.0,0.0,0.0,0.0,0.0,0.0,0.0,0.0,0.0,0.0,0.0,0.0,0.0,0.0,0.0,0.0,0.0,0.0,0.0,0.0,0.0,0.0,0.0,0.0,0.0,10054.0,831.0,5428.0,5457.0,570.0,605.0,599.0,660.0,676.0,794.0,761.0,824.0,842.0,747.0,785.0,733.0,641.0,541.0,423.0,297.0,202.0,129.0,44.0,11.0,1.0,10885.0,0.0,10885.0,94.83,95.53,95.37,94.41,98.37,98.59,98.98,97.0,95.23,93.96,81.14,86.59,99.26,94.89,0.0,94.89,0.0,0.0,0.0,0.0,0.0,0.0,0.0,0.0,0.0,0.0,0.0,0.0,0.0,0.0,0.0,0.0,39.0,42.0,39.0,0.0,39.0,98.07,118.11,99.47,0.0,99.47,129.02,129.2,129.03,0.0,129.03,0.0,0.0,0.0,0.0,0.0,0.0,0.0,0.0,0.0,0.0,0.0,0.0,0.0,0.0,0.0
3539103,0.0,0.0,0.0,0.0,0.0,0.0,0.0,0.0,0.0,18370.0,0.0,18370.0,0.0,0.0,0.0,0.0,0.0,0.0,0.0,0.0,0.0,0.0,0.0,0.0,0.0,0.0,0.0,0.0,0.0,0.0,0.0,0.0,0.0,0.0,0.0,0.0,0.0,0.0,0.0,0.0,0.0,0.0,96.52,3.48,49.6,50.4,7.41,7.97,7.35,7.96,8.15,8.23,7.63,7.83,8.11,6.9,6.26,4.81,4.06,2.85,1.99,1.21,0.75,0.35,0.15,0.02,0.01,100.0,0.0,100.0,0.0,0.0,0.0,0.0,0.0,0.0,0.0,0.0,0.0,0.0,0.0,0.0,0.0,0.0,0.0,0.0,0.0,0.0,0.0,0.0,0.0,0.0,0.0,0.0,0.0,0.0,0.0,0.0,0.0,0.0,0.0,0.0,0.0,0.0,0.0,0.0,0.0,0.0,0.0,0.0,0.0,0.0,0.0,0.0,0.0,0.0,0.0,0.0,0.0,0.0,0.0,0.0,0.0,0.0,0.0,0.0,0.0,0.0,0.0,0.0,0.0,0.0,0.0,0.0,0.0,0.0,0.0,0.0,0.0,0.0,0.0,0.0,0.0,0.0,0.0,0.0,0.0,0.0,0.0,0.0,0.0,0.0,0.0,0.0,17730.0,640.0,9111.0,9259.0,1361.0,1465.0,1350.0,1462.0,1498.0,1511.0,1402.0,1438.0,1489.0,1268.0,1150.0,884.0,745.0,524.0,365.0,223.0,138.0,65.0,27.0,4.0,1.0,18370.0,0.0,18370.0,95.57,90.24,95.51,95.26,98.2,99.0,99.21,98.12,95.49,89.99,73.36,81.07,98.25,95.39,0.0,95.39,0.0,0.0,0.0,0.0,0.0,0.0,0.0,0.0,0.0,0.0,0.0,0.0,0.0,0.0,0.0,0.0,31.0,35.0,32.0,0.0,32.0,98.08,107.79,98.4,0.0,98.4,49.43,68.24,50.1,0.0,50.1,0.0,0.0,0.0,0.0,0.0,0.0,0.0,0.0,0.0,0.0,0.0,0.0,0.0,0.0,0.0
3539202,0.0,0.0,0.0,0.0,0.0,0.0,0.0,0.0,0.0,25348.0,0.0,25348.0,0.0,0.0,0.0,0.0,0.0,0.0,0.0,0.0,0.0,0.0,0.0,0.0,0.0,0.0,0.0,0.0,0.0,0.0,0.0,0.0,0.0,0.0,0.0,0.0,0.0,0.0,0.0,0.0,0.0,0.0,94.87,5.13,48.65,51.35,5.7,5.92,6.2,6.08,7.26,7.16,7.35,6.99,7.43,7.02,7.42,6.86,5.87,4.51,3.23,2.19,1.56,0.83,0.33,0.09,0.0,100.0,0.0,100.0,0.0,0.0,0.0,0.0,0.0,0.0,0.0,0.0,0.0,0.0,0.0,0.0,0.0,0.0,0.0,0.0,0.0,0.0,0.0,0.0,0.0,0.0,0.0,0.0,0.0,0.0,0.0,0.0,0.0,0.0,0.0,0.0,0.0,0.0,0.0,0.0,0.0,0.0,0.0,0.0,0.0,0.0,0.0,0.0,0.0,0.0,0.0,0.0,0.0,0.0,0.0,0.0,0.0,0.0,0.0,0.0,0.0,0.0,0.0,0.0,0.0,0.0,0.0,0.0,0.0,0.0,0.0,0.0,0.0,0.0,0.0,0.0,0.0,0.0,0.0,0.0,0.0,0.0,0.0,0.0,0.0,0.0,0.0,0.0,24048.0,1300.0,12333.0,13015.0,1445.0,1501.0,1572.0,1540.0,1839.0,1816.0,1862.0,1773.0,1883.0,1780.0,1881.0,1738.0,1487.0,1143.0,820.0,556.0,395.0,210.0,84.0,22.0,1.0,25348.0,0.0,25348.0,95.63,95.05,96.09,95.15,99.35,99.02,99.55,98.66,96.83,94.51,74.92,83.97,99.38,95.6,0.0,95.6,0.0,0.0,0.0,0.0,0.0,0.0,0.0,0.0,0.0,0.0,0.0,0.0,0.0,0.0,0.0,0.0,37.0,43.0,38.0,0.0,38.0,93.87,112.77,94.76,0.0,94.76,102.11,151.9,104.43,0.0,104.43,0.0,0.0,0.0,0.0,0.0,0.0,0.0,0.0,0.0,0.0,0.0,0.0,0.0,0.0,0.0
3539301,0.0,0.0,0.0,0.0,0.0,0.0,0.0,0.0,0.0,73545.0,0.0,73545.0,0.0,0.0,0.0,0.0,0.0,0.0,0.0,0.0,0.0,0.0,0.0,0.0,0.0,0.0,0.0,0.0,0.0,0.0,0.0,0.0,0.0,0.0,0.0,0.0,0.0,0.0,0.0,0.0,0.0,0.0,95.91,4.09,48.21,51.79,5.43,5.88,6.09,6.01,6.53,6.67,7.24,7.87,8.04,6.78,6.58,6.55,5.99,4.76,3.8,2.69,1.63,0.92,0.42,0.11,0.01,100.0,0.0,100.0,0.0,0.0,0.0,0.0,0.0,0.0,0.0,0.0,0.0,0.0,0.0,0.0,0.0,0.0,0.0,0.0,0.0,0.0,0.0,0.0,0.0,0.0,0.0,0.0,0.0,0.0,0.0,0.0,0.0,0.0,0.0,0.0,0.0,0.0,0.0,0.0,0.0,0.0,0.0,0.0,0.0,0.0,0.0,0.0,0.0,0.0,0.0,0.0,0.0,0.0,0.0,0.0,0.0,0.0,0.0,0.0,0.0,0.0,0.0,0.0,0.0,0.0,0.0,0.0,0.0,0.0,0.0,0.0,0.0,0.0,0.0,0.0,0.0,0.0,0.0,0.0,0.0,0.0,0.0,0.0,0.0,0.0,0.0,0.0,70538.0,3007.0,35457.0,38088.0,3997.0,4325.0,4478.0,4420.0,4800.0,4908.0,5323.0,5790.0,5914.0,4984.0,4840.0,4816.0,4404.0,3499.0,2794.0,1979.0,1196.0,679.0,312.0,78.0,9.0,73545.0,0.0,73545.0,97.02,94.4,96.91,96.92,99.13,98.79,98.98,98.54,96.96,96.1,88.69,92.09,99.09,96.92,0.0,96.92,0.0,0.0,0.0,0.0,0.0,0.0,0.0,0.0,0.0,0.0,0.0,0.0,0.0,0.0,0.0,0.0,38.0,42.0,38.0,0.0,38.0,92.34,112.51,93.09,0.0,93.09,115.73,142.6,116.8,0.0,116.8,0.0,0.0,0.0,0.0,0.0,0.0,0.0,0.0,0.0,0.0,0.0,0.0,0.0,0.0,0.0
3539400,0.0,0.0,0.0,0.0,0.0,0.0,0.0,0.0,0.0,15108.0,0.0,15108.0,0.0,0.0,0.0,0.0,0.0,0.0,0.0,0.0,0.0,0.0,0.0,0.0,0.0,0.0,0.0,0.0,0.0,0.0,0.0,0.0,0.0,0.0,0.0,0.0,0.0,0.0,0.0,0.0,0.0,0.0,87.17,12.83,48.6,51.4,5.93,6.83,6.37,5.88,6.19,5.85,6.61,8.04,9.54,7.33,6.46,6.0,5.69,4.92,3.47,2.16,1.33,0.87,0.42,0.07,0.01,100.0,0.0,100.0,0.0,0.0,0.0,0.0,0.0,0.0,0.0,0.0,0.0,0.0,0.0,0.0,0.0,0.0,0.0,0.0,0.0,0.0,0.0,0.0,0.0,0.0,0.0,0.0,0.0,0.0,0.0,0.0,0.0,0.0,0.0,0.0,0.0,0.0,0.0,0.0,0.0,0.0,0.0,0.0,0.0,0.0,0.0,0.0,0.0,0.0,0.0,0.0,0.0,0.0,0.0,0.0,0.0,0.0,0.0,0.0,0.0,0.0,0.0,0.0,0.0,0.0,0.0,0.0,0.0,0.0,0.0,0.0,0.0,0.0,0.0,0.0,0.0,0.0,0.0,0.0,0.0,0.0,0.0,0.0,0.0,0.0,0.0,0.0,13169.0,1939.0,7343.0,7765.0,896.0,1032.0,962.0,889.0,935.0,884.0,999.0,1215.0,1442.0,1107.0,976.0,907.0,860.0,744.0,525.0,327.0,201.0,131.0,64.0,11.0,1.0,15108.0,0.0,15108.0,97.01,93.17,96.89,96.18,98.93,99.31,99.27,98.87,97.98,95.13,84.22,88.32,98.23,96.52,0.0,96.52,0.0,0.0,0.0,0.0,0.0,0.0,0.0,0.0,0.0,0.0,0.0,0.0,0.0,0.0,0.0,0.0,38.0,40.0,39.0,0.0,39.0,92.59,109.17,94.57,0.0,94.57,98.68,101.81,99.1,0.0,99.1,0.0,0.0,0.0,0.0,0.0,0.0,0.0,0.0,0.0,0.0,0.0,0.0,0.0,0.0,0.0
3539509,0.0,0.0,0.0,0.0,0.0,0.0,0.0,0.0,0.0,33674.0,0.0,33674.0,0.0,0.0,0.0,0.0,0.0,0.0,0.0,0.0,0.0,0.0,0.0,0.0,0.0,0.0,0.0,0.0,0.0,0.0,0.0,0.0,0.0,0.0,0.0,0.0,0.0,0.0,0.0,0.0,0.0,0.0,96.23,3.77,49.74,50.26,6.34,6.41,6.61,7.33,8.14,7.65,7.54,8.32,7.96,6.53,6.47,5.91,4.75,3.57,2.63,1.79,1.15,0.62,0.25,0.05,0.0,100.0,0.0,100.0,0.0,0.0,0.0,0.0,0.0,0.0,0.0,0.0,0.0,0.0,0.0,0.0,0.0,0.0,0.0,0.0,0.0,0.0,0.0,0.0,0.0,0.0,0.0,0.0,0.0,0.0,0.0,0.0,0.0,0.0,0.0,0.0,0.0,0.0,0.0,0.0,0.0,0.0,0.0,0.0,0.0,0.0,0.0,0.0,0.0,0.0,0.0,0.0,0.0,0.0,0.0,0.0,0.0,0.0,0.0,0.0,0.0,0.0,0.0,0.0,0.0,0.0,0.0,0.0,0.0,0.0,0.0,0.0,0.0,0.0,0.0,0.0,0.0,0.0,0.0,0.0,0.0,0.0,0.0,0.0,0.0,0.0,0.0,0.0,32404.0,1270.0,16751.0,16923.0,2134.0,2158.0,2226.0,2467.0,2740.0,2577.0,2538.0,2802.0,2681.0,2198.0,2178.0,1989.0,1598.0,1203.0,887.0,604.0,386.0,208.0,84.0,16.0,0.0,33674.0,0.0,33674.0,94.63,91.1,94.89,94.1,98.69,98.48,98.72,97.32,93.69,90.52,78.04,82.7,98.57,94.49,0.0,94.49,0.0,0.0,0.0,0.0,0.0,0.0,0.0,0.0,0.0,0.0,0.0,0.0,0.0,0.0,0.0,0.0,34.0,39.0,34.0,0.0,34.0,98.38,115.62,98.98,0.0,98.98,75.19,112.89,76.5,0.0,76.5,0.0,0.0,0.0,0.0,0.0,0.0,0.0,0.0,0.0,0.0,0.0,0.0,0.0,0.0,0.0
3539608,0.0,0.0,0.0,0.0,0.0,0.0,0.0,0.0,0.0,4389.0,0.0,4389.0,0.0,0.0,0.0,0.0,0.0,0.0,0.0,0.0,0.0,0.0,0.0,0.0,0.0,0.0,0.0,0.0,0.0,0.0,0.0,0.0,0.0,0.0,0.0,0.0,0.0,0.0,0.0,0.0,0.0,0.0,88.43,11.57,49.58,50.42,5.54,6.33,6.38,7.29,6.77,6.13,6.84,7.45,8.77,6.9,6.68,6.56,5.97,4.63,3.05,2.16,1.41,0.84,0.27,0.0,0.02,100.0,0.0,100.0,0.0,0.0,0.0,0.0,0.0,0.0,0.0,0.0,0.0,0.0,0.0,0.0,0.0,0.0,0.0,0.0,0.0,0.0,0.0,0.0,0.0,0.0,0.0,0.0,0.0,0.0,0.0,0.0,0.0,0.0,0.0,0.0,0.0,0.0,0.0,0.0,0.0,0.0,0.0,0.0,0.0,0.0,0.0,0.0,0.0,0.0,0.0,0.0,0.0,0.0,0.0,0.0,0.0,0.0,0.0,0.0,0.0,0.0,0.0,0.0,0.0,0.0,0.0,0.0,0.0,0.0,0.0,0.0,0.0,0.0,0.0,0.0,0.0,0.0,0.0,0.0,0.0,0.0,0.0,0.0,0.0,0.0,0.0,0.0,3881.0,508.0,2176.0,2213.0,243.0,278.0,280.0,320.0,297.0,269.0,300.0,327.0,385.0,303.0,293.0,288.0,262.0,203.0,134.0,95.0,62.0,37.0,12.0,0.0,1.0,4389.0,0.0,4389.0,91.9,93.49,91.77,92.39,98.32,98.42,99.52,96.35,90.77,91.09,60.87,74.45,100.0,92.08,0.0,92.08,0.0,0.0,0.0,0.0,0.0,0.0,0.0,0.0,0.0,0.0,0.0,0.0,0.0,0.0,0.0,0.0,38.0,37.0,38.0,0.0,38.0,96.71,111.67,98.33,0.0,98.33,101.13,96.77,100.62,0.0,100.62,0.0,0.0,0.0,0.0,0.0,0.0,0.0,0.0,0.0,0.0,0.0,0.0,0.0,0.0,0.0
3539707,0.0,0.0,0.0,0.0,0.0,0.0,0.0,0.0,0.0,3025.0,0.0,3025.0,0.0,0.0,0.0,0.0,0.0,0.0,0.0,0.0,0.0,0.0,0.0,0.0,0.0,0.0,0.0,0.0,0.0,0.0,0.0,0.0,0.0,0.0,0.0,0.0,0.0,0.0,0.0,0.0,0.0,0.0,83.64,16.36,50.12,49.88,6.41,6.58,7.21,6.45,6.25,6.51,6.38,7.4,6.15,8.17,6.45,6.45,5.69,4.89,3.87,2.35,1.75,0.83,0.2,0.03,0.0,100.0,0.0,100.0,0.0,0.0,0.0,0.0,0.0,0.0,0.0,0.0,0.0,0.0,0.0,0.0,0.0,0.0,0.0,0.0,0.0,0.0,0.0,0.0,0.0,0.0,0.0,0.0,0.0,0.0,0.0,0.0,0.0,0.0,0.0,0.0,0.0,0.0,0.0,0.0,0.0,0.0,0.0,0.0,0.0,0.0,0.0,0.0,0.0,0.0,0.0,0.0,0.0,0.0,0.0,0.0,0.0,0.0,0.0,0.0,0.0,0.0,0.0,0.0,0.0,0.0,0.0,0.0,0.0,0.0,0.0,0.0,0.0,0.0,0.0,0.0,0.0,0.0,0.0,0.0,0.0,0.0,0.0,0.0,0.0,0.0,0.0,0.0,2530.0,495.0,1516.0,1509.0,194.0,199.0,218.0,195.0,189.0,197.0,193.0,224.0,186.0,247.0,195.0,195.0,172.0,148.0,117.0,71.0,53.0,25.0,6.0,1.0,0.0,3025.0,0.0,3025.0,93.37,93.85,93.7,93.2,100.0,98.97,97.6,97.07,95.02,92.1,71.15,80.05,94.29,93.45,0.0,93.45,0.0,0.0,0.0,0.0,0.0,0.0,0.0,0.0,0.0,0.0,0.0,0.0,0.0,0.0,0.0,0.0,36.0,47.0,37.0,0.0,37.0,98.74,109.75,100.46,0.0,100.46,84.23,193.06,97.05,0.0,97.05,0.0,0.0,0.0,0.0,0.0,0.0,0.0,0.0,0.0,0.0,0.0,0.0,0.0,0.0,0.0
3539806,0.0,0.0,0.0,0.0,0.0,0.0,0.0,0.0,0.0,103765.0,0.0,103765.0,0.0,0.0,0.0,0.0,0.0,0.0,0.0,0.0,0.0,0.0,0.0,0.0,0.0,0.0,0.0,0.0,0.0,0.0,0.0,0.0,0.0,0.0,0.0,0.0,0.0,0.0,0.0,0.0,0.0,0.0,99.82,0.18,47.96,52.04,5.65,6.64,6.87,7.04,7.77,7.32,7.16,7.85,7.99,7.28,6.73,6.03,5.28,4.08,2.93,1.68,0.98,0.43,0.22,0.05,0.01,100.0,0.0,100.0,0.0,0.0,0.0,0.0,0.0,0.0,0.0,0.0,0.0,0.0,0.0,0.0,0.0,0.0,0.0,0.0,0.0,0.0,0.0,0.0,0.0,0.0,0.0,0.0,0.0,0.0,0.0,0.0,0.0,0.0,0.0,0.0,0.0,0.0,0.0,0.0,0.0,0.0,0.0,0.0,0.0,0.0,0.0,0.0,0.0,0.0,0.0,0.0,0.0,0.0,0.0,0.0,0.0,0.0,0.0,0.0,0.0,0.0,0.0,0.0,0.0,0.0,0.0,0.0,0.0,0.0,0.0,0.0,0.0,0.0,0.0,0.0,0.0,0.0,0.0,0.0,0.0,0.0,0.0,0.0,0.0,0.0,0.0,0.0,103574.0,191.0,49764.0,54001.0,5862.0,6894.0,7126.0,7306.0,8061.0,7598.0,7428.0,8146.0,8289.0,7558.0,6988.0,6260.0,5477.0,4233.0,3036.0,1747.0,1022.0,449.0,224.0,51.0,10.0,103765.0,0.0,103765.0,97.37,89.33,97.7,97.05,99.23,99.17,99.21,99.17,98.1,96.46,82.81,89.38,99.14,97.35,0.0,97.35,0.0,0.0,0.0,0.0,0.0,0.0,0.0,0.0,0.0,0.0,0.0,0.0,0.0,0.0,0.0,0.0,35.0,37.0,35.0,0.0,35.0,92.12,112.22,92.15,0.0,92.15,81.75,70.73,81.73,0.0,81.73,0.0,0.0,0.0,0.0,0.0,0.0,0.0,0.0,0.0,0.0,0.0,0.0,0.0,0.0,0.0
3539905,0.0,0.0,0.0,0.0,0.0,0.0,0.0,0.0,0.0,5592.0,0.0,5592.0,0.0,0.0,0.0,0.0,0.0,0.0,0.0,0.0,0.0,0.0,0.0,0.0,0.0,0.0,0.0,0.0,0.0,0.0,0.0,0.0,0.0,0.0,0.0,0.0,0.0,0.0,0.0,0.0,0.0,0.0,91.68,8.32,49.12,50.88,5.6,5.72,6.26,5.9,6.31,6.33,7.35,7.49,7.14,6.24,6.53,5.95,6.06,5.2,4.01,3.27,2.31,1.39,0.72,0.21,0.0,100.0,0.0,100.0,0.0,0.0,0.0,0.0,0.0,0.0,0.0,0.0,0.0,0.0,0.0,0.0,0.0,0.0,0.0,0.0,0.0,0.0,0.0,0.0,0.0,0.0,0.0,0.0,0.0,0.0,0.0,0.0,0.0,0.0,0.0,0.0,0.0,0.0,0.0,0.0,0.0,0.0,0.0,0.0,0.0,0.0,0.0,0.0,0.0,0.0,0.0,0.0,0.0,0.0,0.0,0.0,0.0,0.0,0.0,0.0,0.0,0.0,0.0,0.0,0.0,0.0,0.0,0.0,0.0,0.0,0.0,0.0,0.0,0.0,0.0,0.0,0.0,0.0,0.0,0.0,0.0,0.0,0.0,0.0,0.0,0.0,0.0,0.0,5127.0,465.0,2747.0,2845.0,313.0,320.0,350.0,330.0,353.0,354.0,411.0,419.0,399.0,349.0,365.0,333.0,339.0,291.0,224.0,183.0,129.0,78.0,40.0,12.0,0.0,5592.0,0.0,5592.0,93.75,93.28,93.7,93.72,96.6,97.78,97.5,95.84,93.42,95.24,80.09,85.27,98.46,93.71,0.0,93.71,0.0,0.0,0.0,0.0,0.0,0.0,0.0,0.0,0.0,0.0,0.0,0.0,0.0,0.0,0.0,0.0,39.0,39.0,39.0,0.0,39.0,95.39,110.41,96.56,0.0,96.56,136.52,87.1,131.84,0.0,131.84,0.0,0.0,0.0,0.0,0.0,0.0,0.0,0.0,0.0,0.0,0.0,0.0,0.0,0.0,0.0
3540002,0.0,0.0,0.0,0.0,0.0,0.0,0.0,0.0,0.0,20196.0,0.0,20196.0,0.0,0.0,0.0,0.0,0.0,0.0,0.0,0.0,0.0,0.0,0.0,0.0,0.0,0.0,0.0,0.0,0.0,0.0,0.0,0.0,0.0,0.0,0.0,0.0,0.0,0.0,0.0,0.0,0.0,0.0,94.51,5.49,48.89,51.11,5.29,6.26,5.76,5.97,6.83,6.37,6.69,7.65,8.92,7.25,6.5,6.46,5.89,5.18,3.61,2.62,1.54,0.76,0.3,0.11,0.03,100.0,0.0,100.0,0.0,0.0,0.0,0.0,0.0,0.0,0.0,0.0,0.0,0.0,0.0,0.0,0.0,0.0,0.0,0.0,0.0,0.0,0.0,0.0,0.0,0.0,0.0,0.0,0.0,0.0,0.0,0.0,0.0,0.0,0.0,0.0,0.0,0.0,0.0,0.0,0.0,0.0,0.0,0.0,0.0,0.0,0.0,0.0,0.0,0.0,0.0,0.0,0.0,0.0,0.0,0.0,0.0,0.0,0.0,0.0,0.0,0.0,0.0,0.0,0.0,0.0,0.0,0.0,0.0,0.0,0.0,0.0,0.0,0.0,0.0,0.0,0.0,0.0,0.0,0.0,0.0,0.0,0.0,0.0,0.0,0.0,0.0,0.0,19088.0,1108.0,9874.0,10322.0,1068.0,1265.0,1164.0,1205.0,1380.0,1286.0,1352.0,1544.0,1801.0,1465.0,1313.0,1304.0,1189.0,1046.0,729.0,530.0,312.0,153.0,61.0,23.0,6.0,20196.0,0.0,20196.0,96.44,96.22,97.13,95.76,98.99,99.05,99.16,99.01,97.84,96.43,78.62,87.17,99.38,96.42,0.0,96.42,0.0,0.0,0.0,0.0,0.0,0.0,0.0,0.0,0.0,0.0,0.0,0.0,0.0,0.0,0.0,0.0,39.0,38.0,39.0,0.0,39.0,95.03,107.1,95.66,0.0,95.66,117.51,91.95,115.78,0.0,115.78,0.0,0.0,0.0,0.0,0.0,0.0,0.0,0.0,0.0,0.0,0.0,0.0,0.0,0.0,0.0
3540101,0.0,0.0,0.0,0.0,0.0,0.0,0.0,0.0,0.0,3395.0,0.0,3395.0,0.0,0.0,0.0,0.0,0.0,0.0,0.0,0.0,0.0,0.0,0.0,0.0,0.0,0.0,0.0,0.0,0.0,0.0,0.0,0.0,0.0,0.0,0.0,0.0,0.0,0.0,0.0,0.0,0.0,0.0,84.68,15.32,50.1,49.9,4.36,5.63,5.33,6.27,5.77,5.89,6.54,7.16,8.13,6.3,6.83,6.69,7.45,6.89,4.18,3.06,2.03,1.03,0.38,0.06,0.0,100.0,0.0,100.0,0.0,0.0,0.0,0.0,0.0,0.0,0.0,0.0,0.0,0.0,0.0,0.0,0.0,0.0,0.0,0.0,0.0,0.0,0.0,0.0,0.0,0.0,0.0,0.0,0.0,0.0,0.0,0.0,0.0,0.0,0.0,0.0,0.0,0.0,0.0,0.0,0.0,0.0,0.0,0.0,0.0,0.0,0.0,0.0,0.0,0.0,0.0,0.0,0.0,0.0,0.0,0.0,0.0,0.0,0.0,0.0,0.0,0.0,0.0,0.0,0.0,0.0,0.0,0.0,0.0,0.0,0.0,0.0,0.0,0.0,0.0,0.0,0.0,0.0,0.0,0.0,0.0,0.0,0.0,0.0,0.0,0.0,0.0,0.0,2875.0,520.0,1701.0,1694.0,148.0,191.0,181.0,213.0,196.0,200.0,222.0,243.0,276.0,214.0,232.0,227.0,253.0,234.0,142.0,104.0,69.0,35.0,13.0,2.0,0.0,3395.0,0.0,3395.0,95.17,95.59,96.5,93.93,97.45,99.53,100.0,98.65,95.96,94.58,78.92,86.98,98.94,95.23,0.0,95.23,0.0,0.0,0.0,0.0,0.0,0.0,0.0,0.0,0.0,0.0,0.0,0.0,0.0,0.0,0.0,0.0,41.0,45.0,41.0,0.0,41.0,98.0,114.88,100.41,0.0,100.41,153.3,236.36,163.85,0.0,163.85,0.0,0.0,0.0,0.0,0.0,0.0,0.0,0.0,0.0,0.0,0.0,0.0,0.0,0.0,0.0
3540200,0.0,0.0,0.0,0.0,0.0,0.0,0.0,0.0,0.0,37607.0,0.0,37607.0,0.0,0.0,0.0,0.0,0.0,0.0,0.0,0.0,0.0,0.0,0.0,0.0,0.0,0.0,0.0,0.0,0.0,0.0,0.0,0.0,0.0,0.0,0.0,0.0,0.0,0.0,0.0,0.0,0.0,0.0,97.66,2.34,50.29,49.71,6.46,6.67,6.86,7.47,8.48,8.05,8.22,8.51,8.36,7.02,5.8,5.52,4.45,3.26,2.0,1.35,0.78,0.51,0.18,0.03,0.01,100.0,0.0,100.0,0.0,0.0,0.0,0.0,0.0,0.0,0.0,0.0,0.0,0.0,0.0,0.0,0.0,0.0,0.0,0.0,0.0,0.0,0.0,0.0,0.0,0.0,0.0,0.0,0.0,0.0,0.0,0.0,0.0,0.0,0.0,0.0,0.0,0.0,0.0,0.0,0.0,0.0,0.0,0.0,0.0,0.0,0.0,0.0,0.0,0.0,0.0,0.0,0.0,0.0,0.0,0.0,0.0,0.0,0.0,0.0,0.0,0.0,0.0,0.0,0.0,0.0,0.0,0.0,0.0,0.0,0.0,0.0,0.0,0.0,0.0,0.0,0.0,0.0,0.0,0.0,0.0,0.0,0.0,0.0,0.0,0.0,0.0,0.0,36728.0,879.0,18911.0,18696.0,2431.0,2507.0,2580.0,2811.0,3190.0,3029.0,3092.0,3199.0,3144.0,2639.0,2183.0,2075.0,1673.0,1227.0,753.0,506.0,293.0,192.0,69.0,11.0,3.0,37607.0,0.0,37607.0,94.08,96.21,94.46,93.83,99.06,98.51,98.95,96.67,92.04,88.66,72.72,80.58,99.0,94.14,0.0,94.14,0.0,0.0,0.0,0.0,0.0,0.0,0.0,0.0,0.0,0.0,0.0,0.0,0.0,0.0,0.0,0.0,33.0,30.0,33.0,0.0,33.0,98.03,489.93,101.15,0.0,101.15,62.52,106.56,62.88,0.0,62.88,0.0,0.0,0.0,0.0,0.0,0.0,0.0,0.0,0.0,0.0,0.0,0.0,0.0,0.0,0.0
3540259,0.0,0.0,0.0,0.0,0.0,0.0,0.0,0.0,0.0,4127.0,0.0,4127.0,0.0,0.0,0.0,0.0,0.0,0.0,0.0,0.0,0.0,0.0,0.0,0.0,0.0,0.0,0.0,0.0,0.0,0.0,0.0,0.0,0.0,0.0,0.0,0.0,0.0,0.0,0.0,0.0,0.0,0.0,83.69,16.31,53.07,46.93,6.32,6.52,7.03,6.42,6.98,6.88,6.78,8.5,7.87,6.37,6.66,5.84,5.23,4.39,3.61,2.23,1.21,0.75,0.27,0.05,0.07,100.0,0.0,100.0,0.0,0.0,0.0,0.0,0.0,0.0,0.0,0.0,0.0,0.0,0.0,0.0,0.0,0.0,0.0,0.0,0.0,0.0,0.0,0.0,0.0,0.0,0.0,0.0,0.0,0.0,0.0,0.0,0.0,0.0,0.0,0.0,0.0,0.0,0.0,0.0,0.0,0.0,0.0,0.0,0.0,0.0,0.0,0.0,0.0,0.0,0.0,0.0,0.0,0.0,0.0,0.0,0.0,0.0,0.0,0.0,0.0,0.0,0.0,0.0,0.0,0.0,0.0,0.0,0.0,0.0,0.0,0.0,0.0,0.0,0.0,0.0,0.0,0.0,0.0,0.0,0.0,0.0,0.0,0.0,0.0,0.0,0.0,0.0,3454.0,673.0,2190.0,1937.0,261.0,269.0,290.0,265.0,288.0,284.0,280.0,351.0,325.0,263.0,275.0,241.0,216.0,181.0,149.0,92.0,50.0,31.0,11.0,2.0,3.0,4127.0,0.0,4127.0,89.01,91.11,89.22,89.51,97.57,97.52,99.42,95.27,90.33,84.68,57.14,66.47,97.85,89.36,0.0,89.36,0.0,0.0,0.0,0.0,0.0,0.0,0.0,0.0,0.0,0.0,0.0,0.0,0.0,0.0,0.0,0.0,35.0,42.0,36.0,0.0,36.0,111.0,124.33,113.06,0.0,113.06,81.38,136.89,89.63,0.0,89.63,0.0,0.0,0.0,0.0,0.0,0.0,0.0,0.0,0.0,0.0,0.0,0.0,0.0,0.0,0.0
3540309,0.0,0.0,0.0,0.0,0.0,0.0,0.0,0.0,0.0,2387.0,0.0,2387.0,0.0,0.0,0.0,0.0,0.0,0.0,0.0,0.0,0.0,0.0,0.0,0.0,0.0,0.0,0.0,0.0,0.0,0.0,0.0,0.0,0.0,0.0,0.0,0.0,0.0,0.0,0.0,0.0,0.0,0.0,89.74,10.26,49.69,50.31,5.32,6.45,6.62,4.94,5.11,6.54,7.92,6.91,7.29,5.78,6.83,6.79,6.49,5.24,4.27,3.98,1.89,0.92,0.5,0.21,0.0,100.0,0.0,100.0,0.0,0.0,0.0,0.0,0.0,0.0,0.0,0.0,0.0,0.0,0.0,0.0,0.0,0.0,0.0,0.0,0.0,0.0,0.0,0.0,0.0,0.0,0.0,0.0,0.0,0.0,0.0,0.0,0.0,0.0,0.0,0.0,0.0,0.0,0.0,0.0,0.0,0.0,0.0,0.0,0.0,0.0,0.0,0.0,0.0,0.0,0.0,0.0,0.0,0.0,0.0,0.0,0.0,0.0,0.0,0.0,0.0,0.0,0.0,0.0,0.0,0.0,0.0,0.0,0.0,0.0,0.0,0.0,0.0,0.0,0.0,0.0,0.0,0.0,0.0,0.0,0.0,0.0,0.0,0.0,0.0,0.0,0.0,0.0,2142.0,245.0,1186.0,1201.0,127.0,154.0,158.0,118.0,122.0,156.0,189.0,165.0,174.0,138.0,163.0,162.0,155.0,125.0,102.0,95.0,45.0,22.0,12.0,5.0,0.0,2387.0,0.0,2387.0,91.14,95.22,93.3,89.93,98.36,99.42,100.0,98.23,92.69,92.74,65.36,73.65,95.35,91.58,0.0,91.58,0.0,0.0,0.0,0.0,0.0,0.0,0.0,0.0,0.0,0.0,0.0,0.0,0.0,0.0,0.0,0.0,38.0,50.0,40.0,0.0,40.0,97.6,109.4,98.75,0.0,98.75,119.85,216.67,127.79,0.0,127.79,0.0,0.0,0.0,0.0,0.0,0.0,0.0,0.0,0.0,0.0,0.0,0.0,0.0,0.0,0.0
3540408,0.0,0.0,0.0,0.0,0.0,0.0,0.0,0.0,0.0,4127.0,0.0,4127.0,0.0,0.0,0.0,0.0,0.0,0.0,0.0,0.0,0.0,0.0,0.0,0.0,0.0,0.0,0.0,0.0,0.0,0.0,0.0,0.0,0.0,0.0,0.0,0.0,0.0,0.0,0.0,0.0,0.0,0.0,82.92,17.08,49.09,50.91,4.36,5.86,6.78,6.15,5.52,5.33,6.11,7.63,7.29,6.78,6.95,7.12,7.29,5.48,4.48,3.15,2.33,0.92,0.39,0.05,0.0,100.0,0.0,100.0,0.0,0.0,0.0,0.0,0.0,0.0,0.0,0.0,0.0,0.0,0.0,0.0,0.0,0.0,0.0,0.0,0.0,0.0,0.0,0.0,0.0,0.0,0.0,0.0,0.0,0.0,0.0,0.0,0.0,0.0,0.0,0.0,0.0,0.0,0.0,0.0,0.0,0.0,0.0,0.0,0.0,0.0,0.0,0.0,0.0,0.0,0.0,0.0,0.0,0.0,0.0,0.0,0.0,0.0,0.0,0.0,0.0,0.0,0.0,0.0,0.0,0.0,0.0,0.0,0.0,0.0,0.0,0.0,0.0,0.0,0.0,0.0,0.0,0.0,0.0,0.0,0.0,0.0,0.0,0.0,0.0,0.0,0.0,0.0,3422.0,705.0,2026.0,2101.0,180.0,242.0,280.0,254.0,228.0,220.0,252.0,315.0,301.0,280.0,287.0,294.0,301.0,226.0,185.0,130.0,96.0,38.0,16.0,2.0,0.0,4127.0,0.0,4127.0,91.31,93.78,92.1,91.38,99.12,98.94,100.0,96.43,93.12,90.59,65.6,77.34,97.94,91.74,0.0,91.74,0.0,0.0,0.0,0.0,0.0,0.0,0.0,0.0,0.0,0.0,0.0,0.0,0.0,0.0,0.0,0.0,40.0,44.0,41.0,0.0,41.0,93.99,109.2,96.43,0.0,96.43,139.36,153.64,141.6,0.0,141.6,0.0,0.0,0.0,0.0,0.0,0.0,0.0,0.0,0.0,0.0,0.0,0.0,0.0,0.0,0.0
3540507,0.0,0.0,0.0,0.0,0.0,0.0,0.0,0.0,0.0,10451.0,0.0,10451.0,0.0,0.0,0.0,0.0,0.0,0.0,0.0,0.0,0.0,0.0,0.0,0.0,0.0,0.0,0.0,0.0,0.0,0.0,0.0,0.0,0.0,0.0,0.0,0.0,0.0,0.0,0.0,0.0,0.0,0.0,57.64,42.36,51.05,48.95,5.32,5.59,5.94,5.93,5.84,5.65,6.31,6.23,6.54,6.49,6.9,7.52,7.69,6.79,5.12,3.05,1.67,1.0,0.35,0.05,0.01,100.0,0.0,100.0,0.0,0.0,0.0,0.0,0.0,0.0,0.0,0.0,0.0,0.0,0.0,0.0,0.0,0.0,0.0,0.0,0.0,0.0,0.0,0.0,0.0,0.0,0.0,0.0,0.0,0.0,0.0,0.0,0.0,0.0,0.0,0.0,0.0,0.0,0.0,0.0,0.0,0.0,0.0,0.0,0.0,0.0,0.0,0.0,0.0,0.0,0.0,0.0,0.0,0.0,0.0,0.0,0.0,0.0,0.0,0.0,0.0,0.0,0.0,0.0,0.0,0.0,0.0,0.0,0.0,0.0,0.0,0.0,0.0,0.0,0.0,0.0,0.0,0.0,0.0,0.0,0.0,0.0,0.0,0.0,0.0,0.0,0.0,0.0,6024.0,4427.0,5335.0,5116.0,556.0,584.0,621.0,620.0,610.0,590.0,659.0,651.0,684.0,678.0,721.0,786.0,804.0,710.0,535.0,319.0,175.0,105.0,37.0,5.0,1.0,10451.0,0.0,10451.0,96.03,92.78,94.38,94.97,97.38,97.92,98.39,96.48,94.85,93.96,88.01,89.67,97.98,94.67,0.0,94.67,0.0,0.0,0.0,0.0,0.0,0.0,0.0,0.0,0.0,0.0,0.0,0.0,0.0,0.0,0.0,0.0,42.0,42.0,42.0,0.0,42.0,96.93,115.22,104.28,0.0,104.28,163.31,140.18,152.81,0.0,152.81,0.0,0.0,0.0,0.0,0.0,0.0,0.0,0.0,0.0,0.0,0.0,0.0,0.0,0.0,0.0
3540606,0.0,0.0,0.0,0.0,0.0,0.0,0.0,0.0,0.0,56497.0,0.0,56497.0,0.0,0.0,0.0,0.0,0.0,0.0,0.0,0.0,0.0,0.0,0.0,0.0,0.0,0.0,0.0,0.0,0.0,0.0,0.0,0.0,0.0,0.0,0.0,0.0,0.0,0.0,0.0,0.0,0.0,0.0,84.73,15.27,50.83,49.17,5.61,6.38,6.05,6.16,7.45,7.67,7.58,8.33,7.95,6.94,6.58,6.18,5.38,4.39,3.12,2.04,1.17,0.7,0.26,0.06,0.01,100.0,0.0,100.0,0.0,0.0,0.0,0.0,0.0,0.0,0.0,0.0,0.0,0.0,0.0,0.0,0.0,0.0,0.0,0.0,0.0,0.0,0.0,0.0,0.0,0.0,0.0,0.0,0.0,0.0,0.0,0.0,0.0,0.0,0.0,0.0,0.0,0.0,0.0,0.0,0.0,0.0,0.0,0.0,0.0,0.0,0.0,0.0,0.0,0.0,0.0,0.0,0.0,0.0,0.0,0.0,0.0,0.0,0.0,0.0,0.0,0.0,0.0,0.0,0.0,0.0,0.0,0.0,0.0,0.0,0.0,0.0,0.0,0.0,0.0,0.0,0.0,0.0,0.0,0.0,0.0,0.0,0.0,0.0,0.0,0.0,0.0,0.0,47870.0,8627.0,28716.0,27781.0,3167.0,3605.0,3416.0,3482.0,4208.0,4331.0,4280.0,4709.0,4491.0,3919.0,3717.0,3493.0,3041.0,2480.0,1762.0,1150.0,659.0,397.0,148.0,36.0,6.0,56497.0,0.0,56497.0,96.65,95.35,96.69,96.19,99.0,98.85,98.88,98.27,96.44,94.96,84.14,89.32,99.09,96.45,0.0,96.45,0.0,0.0,0.0,0.0,0.0,0.0,0.0,0.0,0.0,0.0,0.0,0.0,0.0,0.0,0.0,0.0,37.0,34.0,36.0,0.0,36.0,97.03,147.55,103.37,0.0,103.37,97.14,82.04,95.0,0.0,95.0,0.0,0.0,0.0,0.0,0.0,0.0,0.0,0.0,0.0,0.0,0.0,0.0,0.0,0.0,0.0
3540705,0.0,0.0,0.0,0.0,0.0,0.0,0.0,0.0,0.0,52649.0,0.0,52649.0,0.0,0.0,0.0,0.0,0.0,0.0,0.0,0.0,0.0,0.0,0.0,0.0,0.0,0.0,0.0,0.0,0.0,0.0,0.0,0.0,0.0,0.0,0.0,0.0,0.0,0.0,0.0,0.0,0.0,0.0,98.55,1.45,48.68,51.32,5.15,5.91,5.98,6.86,6.88,7.08,7.51,7.85,7.95,7.01,6.72,6.54,5.71,4.42,3.34,2.28,1.54,0.85,0.35,0.07,0.01,100.0,0.0,100.0,0.0,0.0,0.0,0.0,0.0,0.0,0.0,0.0,0.0,0.0,0.0,0.0,0.0,0.0,0.0,0.0,0.0,0.0,0.0,0.0,0.0,0.0,0.0,0.0,0.0,0.0,0.0,0.0,0.0,0.0,0.0,0.0,0.0,0.0,0.0,0.0,0.0,0.0,0.0,0.0,0.0,0.0,0.0,0.0,0.0,0.0,0.0,0.0,0.0,0.0,0.0,0.0,0.0,0.0,0.0,0.0,0.0,0.0,0.0,0.0,0.0,0.0,0.0,0.0,0.0,0.0,0.0,0.0,0.0,0.0,0.0,0.0,0.0,0.0,0.0,0.0,0.0,0.0,0.0,0.0,0.0,0.0,0.0,0.0,51883.0,766.0,25627.0,27022.0,2709.0,3114.0,3150.0,3612.0,3621.0,3725.0,3956.0,4132.0,4183.0,3690.0,3537.0,3441.0,3008.0,2328.0,1757.0,1202.0,811.0,447.0,184.0,38.0,4.0,52649.0,0.0,52649.0,96.16,95.85,96.36,95.96,98.92,98.7,99.14,97.75,95.49,94.91,86.52,90.1,99.29,96.16,0.0,96.16,0.0,0.0,0.0,0.0,0.0,0.0,0.0,0.0,0.0,0.0,0.0,0.0,0.0,0.0,0.0,0.0,37.0,41.0,38.0,0.0,38.0,94.76,100.0,94.84,0.0,94.84,108.24,166.09,108.98,0.0,108.98,0.0,0.0,0.0,0.0,0.0,0.0,0.0,0.0,0.0,0.0,0.0,0.0,0.0,0.0,0.0
3540754,0.0,0.0,0.0,0.0,0.0,0.0,0.0,0.0,0.0,20392.0,0.0,20392.0,0.0,0.0,0.0,0.0,0.0,0.0,0.0,0.0,0.0,0.0,0.0,0.0,0.0,0.0,0.0,0.0,0.0,0.0,0.0,0.0,0.0,0.0,0.0,0.0,0.0,0.0,0.0,0.0,0.0,0.0,85.18,14.82,56.34,43.66,6.08,6.41,6.23,6.44,9.22,9.79,8.98,8.99,8.57,6.64,6.22,4.97,4.08,2.95,2.08,1.23,0.68,0.23,0.13,0.04,0.02,100.0,0.0,100.0,0.0,0.0,0.0,0.0,0.0,0.0,0.0,0.0,0.0,0.0,0.0,0.0,0.0,0.0,0.0,0.0,0.0,0.0,0.0,0.0,0.0,0.0,0.0,0.0,0.0,0.0,0.0,0.0,0.0,0.0,0.0,0.0,0.0,0.0,0.0,0.0,0.0,0.0,0.0,0.0,0.0,0.0,0.0,0.0,0.0,0.0,0.0,0.0,0.0,0.0,0.0,0.0,0.0,0.0,0.0,0.0,0.0,0.0,0.0,0.0,0.0,0.0,0.0,0.0,0.0,0.0,0.0,0.0,0.0,0.0,0.0,0.0,0.0,0.0,0.0,0.0,0.0,0.0,0.0,0.0,0.0,0.0,0.0,0.0,17370.0,3022.0,11488.0,8904.0,1239.0,1307.0,1271.0,1313.0,1881.0,1997.0,1832.0,1834.0,1748.0,1354.0,1268.0,1013.0,833.0,601.0,425.0,251.0,139.0,47.0,27.0,8.0,4.0,20392.0,0.0,20392.0,96.49,89.53,94.5,96.26,97.13,95.8,99.74,96.2,95.42,94.64,76.47,86.42,97.83,95.25,0.0,95.25,0.0,0.0,0.0,0.0,0.0,0.0,0.0,0.0,0.0,0.0,0.0,0.0,0.0,0.0,0.0,0.0,33.0,32.0,33.0,0.0,33.0,97.32,2892.08,129.02,0.0,129.02,60.52,107.55,61.17,0.0,61.17,0.0,0.0,0.0,0.0,0.0,0.0,0.0,0.0,0.0,0.0,0.0,0.0,0.0,0.0,0.0
3540804,0.0,0.0,0.0,0.0,0.0,0.0,0.0,0.0,0.0,18496.0,0.0,18496.0,0.0,0.0,0.0,0.0,0.0,0.0,0.0,0.0,0.0,0.0,0.0,0.0,0.0,0.0,0.0,0.0,0.0,0.0,0.0,0.0,0.0,0.0,0.0,0.0,0.0,0.0,0.0,0.0,0.0,0.0,91.5,8.5,49.35,50.65,5.8,6.53,6.13,6.11,6.63,6.86,7.55,7.61,8.65,6.28,6.3,6.23,5.67,4.57,3.5,2.44,1.64,0.95,0.43,0.11,0.01,100.0,0.0,100.0,0.0,0.0,0.0,0.0,0.0,0.0,0.0,0.0,0.0,0.0,0.0,0.0,0.0,0.0,0.0,0.0,0.0,0.0,0.0,0.0,0.0,0.0,0.0,0.0,0.0,0.0,0.0,0.0,0.0,0.0,0.0,0.0,0.0,0.0,0.0,0.0,0.0,0.0,0.0,0.0,0.0,0.0,0.0,0.0,0.0,0.0,0.0,0.0,0.0,0.0,0.0,0.0,0.0,0.0,0.0,0.0,0.0,0.0,0.0,0.0,0.0,0.0,0.0,0.0,0.0,0.0,0.0,0.0,0.0,0.0,0.0,0.0,0.0,0.0,0.0,0.0,0.0,0.0,0.0,0.0,0.0,0.0,0.0,0.0,16923.0,1573.0,9128.0,9368.0,1073.0,1208.0,1133.0,1131.0,1226.0,1269.0,1397.0,1407.0,1599.0,1161.0,1166.0,1152.0,1048.0,845.0,648.0,451.0,304.0,176.0,79.0,21.0,2.0,18496.0,0.0,18496.0,95.68,95.08,95.69,95.58,97.88,98.35,99.07,97.27,95.4,94.0,83.83,89.79,99.17,95.63,0.0,95.63,0.0,0.0,0.0,0.0,0.0,0.0,0.0,0.0,0.0,0.0,0.0,0.0,0.0,0.0,0.0,0.0,37.0,45.0,37.0,0.0,37.0,96.44,108.9,97.44,0.0,97.44,99.11,174.6,104.69,0.0,104.69,0.0,0.0,0.0,0.0,0.0,0.0,0.0,0.0,0.0,0.0,0.0,0.0,0.0,0.0,0.0
3540853,0.0,0.0,0.0,0.0,0.0,0.0,0.0,0.0,0.0,2578.0,0.0,2578.0,0.0,0.0,0.0,0.0,0.0,0.0,0.0,0.0,0.0,0.0,0.0,0.0,0.0,0.0,0.0,0.0,0.0,0.0,0.0,0.0,0.0,0.0,0.0,0.0,0.0,0.0,0.0,0.0,0.0,0.0,50.89,49.11,71.45,28.55,2.72,3.57,3.14,4.58,13.62,19.2,13.34,8.57,5.9,5.28,4.5,4.23,2.79,3.06,2.64,1.59,0.78,0.35,0.16,0.0,0.0,100.0,0.0,100.0,0.0,0.0,0.0,0.0,0.0,0.0,0.0,0.0,0.0,0.0,0.0,0.0,0.0,0.0,0.0,0.0,0.0,0.0,0.0,0.0,0.0,0.0,0.0,0.0,0.0,0.0,0.0,0.0,0.0,0.0,0.0,0.0,0.0,0.0,0.0,0.0,0.0,0.0,0.0,0.0,0.0,0.0,0.0,0.0,0.0,0.0,0.0,0.0,0.0,0.0,0.0,0.0,0.0,0.0,0.0,0.0,0.0,0.0,0.0,0.0,0.0,0.0,0.0,0.0,0.0,0.0,0.0,0.0,0.0,0.0,0.0,0.0,0.0,0.0,0.0,0.0,0.0,0.0,0.0,0.0,0.0,0.0,0.0,0.0,1312.0,1266.0,1842.0,736.0,70.0,92.0,81.0,118.0,351.0,495.0,344.0,221.0,152.0,136.0,116.0,109.0,72.0,79.0,68.0,41.0,20.0,9.0,4.0,0.0,0.0,2578.0,0.0,2578.0,93.3,98.31,97.05,92.9,98.29,99.52,100.0,96.78,95.24,91.71,64.86,80.54,96.3,95.97,0.0,95.97,0.0,0.0,0.0,0.0,0.0,0.0,0.0,0.0,0.0,0.0,0.0,0.0,0.0,0.0,0.0,0.0,39.0,29.0,31.0,0.0,31.0,92.94,2160.71,250.27,0.0,250.27,115.77,171.43,120.58,0.0,120.58,0.0,0.0,0.0,0.0,0.0,0.0,0.0,0.0,0.0,0.0,0.0,0.0,0.0,0.0,0.0
3540903,0.0,0.0,0.0,0.0,0.0,0.0,0.0,0.0,0.0,17078.0,0.0,17078.0,0.0,0.0,0.0,0.0,0.0,0.0,0.0,0.0,0.0,0.0,0.0,0.0,0.0,0.0,0.0,0.0,0.0,0.0,0.0,0.0,0.0,0.0,0.0,0.0,0.0,0.0,0.0,0.0,0.0,0.0,92.86,7.14,49.42,50.58,5.46,6.29,6.7,6.95,6.79,7.13,7.87,8.55,8.46,6.86,6.63,5.84,5.39,4.09,3.0,2.08,1.02,0.51,0.27,0.08,0.0,100.0,0.0,100.0,0.0,0.0,0.0,0.0,0.0,0.0,0.0,0.0,0.0,0.0,0.0,0.0,0.0,0.0,0.0,0.0,0.0,0.0,0.0,0.0,0.0,0.0,0.0,0.0,0.0,0.0,0.0,0.0,0.0,0.0,0.0,0.0,0.0,0.0,0.0,0.0,0.0,0.0,0.0,0.0,0.0,0.0,0.0,0.0,0.0,0.0,0.0,0.0,0.0,0.0,0.0,0.0,0.0,0.0,0.0,0.0,0.0,0.0,0.0,0.0,0.0,0.0,0.0,0.0,0.0,0.0,0.0,0.0,0.0,0.0,0.0,0.0,0.0,0.0,0.0,0.0,0.0,0.0,0.0,0.0,0.0,0.0,0.0,0.0,15859.0,1219.0,8440.0,8638.0,933.0,1075.0,1145.0,1187.0,1159.0,1218.0,1344.0,1461.0,1445.0,1172.0,1132.0,998.0,921.0,699.0,513.0,356.0,174.0,87.0,46.0,13.0,0.0,17078.0,0.0,17078.0,94.6,90.13,95.13,93.49,98.71,98.71,99.28,97.18,94.88,91.3,70.41,80.51,98.79,94.3,0.0,94.3,0.0,0.0,0.0,0.0,0.0,0.0,0.0,0.0,0.0,0.0,0.0,0.0,0.0,0.0,0.0,0.0,36.0,34.0,36.0,0.0,36.0,96.81,110.17,97.71,0.0,97.71,89.78,81.65,89.09,0.0,89.09,0.0,0.0,0.0,0.0,0.0,0.0,0.0,0.0,0.0,0.0,0.0,0.0,0.0,0.0,0.0
3541000,0.0,0.0,0.0,0.0,0.0,0.0,0.0,0.0,0.0,349935.0,0.0,349935.0,0.0,0.0,0.0,0.0,0.0,0.0,0.0,0.0,0.0,0.0,0.0,0.0,0.0,0.0,0.0,0.0,0.0,0.0,0.0,0.0,0.0,0.0,0.0,0.0,0.0,0.0,0.0,0.0,0.0,0.0,99.69,0.31,47.44,52.56,5.76,6.69,6.78,6.7,6.81,6.62,7.25,8.09,8.49,6.82,6.32,5.71,5.58,4.74,3.49,2.07,1.2,0.58,0.23,0.06,0.01,100.0,0.0,100.0,0.0,0.0,0.0,0.0,0.0,0.0,0.0,0.0,0.0,0.0,0.0,0.0,0.0,0.0,0.0,0.0,0.0,0.0,0.0,0.0,0.0,0.0,0.0,0.0,0.0,0.0,0.0,0.0,0.0,0.0,0.0,0.0,0.0,0.0,0.0,0.0,0.0,0.0,0.0,0.0,0.0,0.0,0.0,0.0,0.0,0.0,0.0,0.0,0.0,0.0,0.0,0.0,0.0,0.0,0.0,0.0,0.0,0.0,0.0,0.0,0.0,0.0,0.0,0.0,0.0,0.0,0.0,0.0,0.0,0.0,0.0,0.0,0.0,0.0,0.0,0.0,0.0,0.0,0.0,0.0,0.0,0.0,0.0,0.0,348851.0,1084.0,165998.0,183937.0,20143.0,23424.0,23720.0,23446.0,23830.0,23150.0,25374.0,28325.0,29703.0,23864.0,22128.0,19978.0,19542.0,16587.0,12228.0,7239.0,4194.0,2015.0,811.0,199.0,35.0,349935.0,0.0,349935.0,97.31,94.8,97.26,97.34,99.1,99.11,99.05,98.67,97.34,95.99,89.39,92.68,99.02,97.3,0.0,97.3,0.0,0.0,0.0,0.0,0.0,0.0,0.0,0.0,0.0,0.0,0.0,0.0,0.0,0.0,0.0,0.0,37.0,30.0,37.0,0.0,37.0,89.84,530.23,90.25,0.0,90.25,93.41,88.1,93.41,0.0,93.41,0.0,0.0,0.0,0.0,0.0,0.0,0.0,0.0,0.0,0.0,0.0,0.0,0.0,0.0,0.0
3541059,0.0,0.0,0.0,0.0,0.0,0.0,0.0,0.0,0.0,5126.0,0.0,5126.0,0.0,0.0,0.0,0.0,0.0,0.0,0.0,0.0,0.0,0.0,0.0,0.0,0.0,0.0,0.0,0.0,0.0,0.0,0.0,0.0,0.0,0.0,0.0,0.0,0.0,0.0,0.0,0.0,0.0,0.0,80.84,19.16,50.04,49.96,6.38,7.78,7.08,7.9,8.39,8.88,8.06,7.96,7.16,6.22,5.99,5.09,4.39,3.63,2.2,1.37,0.82,0.55,0.1,0.04,0.02,100.0,0.0,100.0,0.0,0.0,0.0,0.0,0.0,0.0,0.0,0.0,0.0,0.0,0.0,0.0,0.0,0.0,0.0,0.0,0.0,0.0,0.0,0.0,0.0,0.0,0.0,0.0,0.0,0.0,0.0,0.0,0.0,0.0,0.0,0.0,0.0,0.0,0.0,0.0,0.0,0.0,0.0,0.0,0.0,0.0,0.0,0.0,0.0,0.0,0.0,0.0,0.0,0.0,0.0,0.0,0.0,0.0,0.0,0.0,0.0,0.0,0.0,0.0,0.0,0.0,0.0,0.0,0.0,0.0,0.0,0.0,0.0,0.0,0.0,0.0,0.0,0.0,0.0,0.0,0.0,0.0,0.0,0.0,0.0,0.0,0.0,0.0,4144.0,982.0,2565.0,2561.0,327.0,399.0,363.0,405.0,430.0,455.0,413.0,408.0,367.0,319.0,307.0,261.0,225.0,186.0,113.0,70.0,42.0,28.0,5.0,2.0,1.0,5126.0,0.0,5126.0,91.92,89.61,90.78,92.18,97.91,97.0,98.64,93.03,90.26,87.24,65.54,71.81,98.37,91.48,0.0,91.48,0.0,0.0,0.0,0.0,0.0,0.0,0.0,0.0,0.0,0.0,0.0,0.0,0.0,0.0,0.0,0.0,31.0,35.0,32.0,0.0,32.0,99.14,104.58,100.16,0.0,100.16,58.84,73.58,61.71,0.0,61.71,0.0,0.0,0.0,0.0,0.0,0.0,0.0,0.0,0.0,0.0,0.0,0.0,0.0,0.0,0.0
3541109,0.0,0.0,0.0,0.0,0.0,0.0,0.0,0.0,0.0,3804.0,0.0,3804.0,0.0,0.0,0.0,0.0,0.0,0.0,0.0,0.0,0.0,0.0,0.0,0.0,0.0,0.0,0.0,0.0,0.0,0.0,0.0,0.0,0.0,0.0,0.0,0.0,0.0,0.0,0.0,0.0,0.0,0.0,87.09,12.91,49.37,50.63,5.52,5.97,6.78,5.68,5.97,5.39,6.2,7.7,7.68,7.33,6.62,6.34,6.52,6.15,4.07,2.84,1.68,0.84,0.58,0.13,0.0,100.0,0.0,100.0,0.0,0.0,0.0,0.0,0.0,0.0,0.0,0.0,0.0,0.0,0.0,0.0,0.0,0.0,0.0,0.0,0.0,0.0,0.0,0.0,0.0,0.0,0.0,0.0,0.0,0.0,0.0,0.0,0.0,0.0,0.0,0.0,0.0,0.0,0.0,0.0,0.0,0.0,0.0,0.0,0.0,0.0,0.0,0.0,0.0,0.0,0.0,0.0,0.0,0.0,0.0,0.0,0.0,0.0,0.0,0.0,0.0,0.0,0.0,0.0,0.0,0.0,0.0,0.0,0.0,0.0,0.0,0.0,0.0,0.0,0.0,0.0,0.0,0.0,0.0,0.0,0.0,0.0,0.0,0.0,0.0,0.0,0.0,0.0,3313.0,491.0,1878.0,1926.0,210.0,227.0,258.0,216.0,227.0,205.0,236.0,293.0,292.0,279.0,252.0,241.0,248.0,234.0,155.0,108.0,64.0,32.0,22.0,5.0,0.0,3804.0,0.0,3804.0,93.47,96.5,94.61,93.13,98.24,97.73,97.81,98.12,95.1,93.05,72.73,83.39,100.0,93.86,0.0,93.86,0.0,0.0,0.0,0.0,0.0,0.0,0.0,0.0,0.0,0.0,0.0,0.0,0.0,0.0,0.0,0.0,40.0,38.0,40.0,0.0,40.0,94.77,118.22,97.51,0.0,97.51,129.8,92.31,124.89,0.0,124.89,0.0,0.0,0.0,0.0,0.0,0.0,0.0,0.0,0.0,0.0,0.0,0.0,0.0,0.0,0.0
3541208,0.0,0.0,0.0,0.0,0.0,0.0,0.0,0.0,0.0,14490.0,0.0,14490.0,0.0,0.0,0.0,0.0,0.0,0.0,0.0,0.0,0.0,0.0,0.0,0.0,0.0,0.0,0.0,0.0,0.0,0.0,0.0,0.0,0.0,0.0,0.0,0.0,0.0,0.0,0.0,0.0,0.0,0.0,68.16,31.84,55.92,44.08,3.92,4.55,4.65,4.95,6.4,8.44,8.79,8.32,7.6,6.77,6.7,6.99,6.54,4.72,3.97,3.16,1.86,1.01,0.47,0.15,0.03,100.0,0.0,100.0,0.0,0.0,0.0,0.0,0.0,0.0,0.0,0.0,0.0,0.0,0.0,0.0,0.0,0.0,0.0,0.0,0.0,0.0,0.0,0.0,0.0,0.0,0.0,0.0,0.0,0.0,0.0,0.0,0.0,0.0,0.0,0.0,0.0,0.0,0.0,0.0,0.0,0.0,0.0,0.0,0.0,0.0,0.0,0.0,0.0,0.0,0.0,0.0,0.0,0.0,0.0,0.0,0.0,0.0,0.0,0.0,0.0,0.0,0.0,0.0,0.0,0.0,0.0,0.0,0.0,0.0,0.0,0.0,0.0,0.0,0.0,0.0,0.0,0.0,0.0,0.0,0.0,0.0,0.0,0.0,0.0,0.0,0.0,0.0,9876.0,4614.0,8103.0,6387.0,568.0,659.0,674.0,717.0,928.0,1223.0,1273.0,1206.0,1101.0,981.0,971.0,1013.0,948.0,684.0,575.0,458.0,269.0,147.0,68.0,22.0,5.0,14490.0,0.0,14490.0,95.56,95.32,96.01,94.79,99.35,98.52,98.86,98.05,96.82,95.26,78.64,85.64,99.64,95.48,0.0,95.48,0.0,0.0,0.0,0.0,0.0,0.0,0.0,0.0,0.0,0.0,0.0,0.0,0.0,0.0,0.0,0.0,42.0,36.0,39.0,0.0,39.0,90.51,283.54,126.87,0.0,126.87,161.25,190.29,167.07,0.0,167.07,0.0,0.0,0.0,0.0,0.0,0.0,0.0,0.0,0.0,0.0,0.0,0.0,0.0,0.0,0.0
3541307,0.0,0.0,0.0,0.0,0.0,0.0,0.0,0.0,0.0,39505.0,0.0,39505.0,0.0,0.0,0.0,0.0,0.0,0.0,0.0,0.0,0.0,0.0,0.0,0.0,0.0,0.0,0.0,0.0,0.0,0.0,0.0,0.0,0.0,0.0,0.0,0.0,0.0,0.0,0.0,0.0,0.0,0.0,92.57,7.43,48.24,51.76,5.42,6.28,6.18,6.83,6.4,6.44,6.68,7.1,7.75,7.22,7.08,7.02,6.09,4.93,3.58,2.4,1.49,0.69,0.33,0.08,0.01,100.0,0.0,100.0,0.0,0.0,0.0,0.0,0.0,0.0,0.0,0.0,0.0,0.0,0.0,0.0,0.0,0.0,0.0,0.0,0.0,0.0,0.0,0.0,0.0,0.0,0.0,0.0,0.0,0.0,0.0,0.0,0.0,0.0,0.0,0.0,0.0,0.0,0.0,0.0,0.0,0.0,0.0,0.0,0.0,0.0,0.0,0.0,0.0,0.0,0.0,0.0,0.0,0.0,0.0,0.0,0.0,0.0,0.0,0.0,0.0,0.0,0.0,0.0,0.0,0.0,0.0,0.0,0.0,0.0,0.0,0.0,0.0,0.0,0.0,0.0,0.0,0.0,0.0,0.0,0.0,0.0,0.0,0.0,0.0,0.0,0.0,0.0,36569.0,2936.0,19059.0,20446.0,2141.0,2480.0,2440.0,2698.0,2530.0,2546.0,2637.0,2806.0,3060.0,2853.0,2795.0,2773.0,2407.0,1947.0,1416.0,947.0,590.0,272.0,130.0,33.0,4.0,39505.0,0.0,39505.0,95.4,92.22,95.32,95.02,99.01,98.69,99.03,98.45,96.19,94.31,74.29,84.06,99.14,95.16,0.0,95.16,0.0,0.0,0.0,0.0,0.0,0.0,0.0,0.0,0.0,0.0,0.0,0.0,0.0,0.0,0.0,0.0,38.0,42.0,39.0,0.0,39.0,91.89,111.38,93.22,0.0,93.22,108.45,126.37,109.7,0.0,109.7,0.0,0.0,0.0,0.0,0.0,0.0,0.0,0.0,0.0,0.0,0.0,0.0,0.0,0.0,0.0
3541406,0.0,0.0,0.0,0.0,0.0,0.0,0.0,0.0,0.0,225668.0,0.0,225668.0,0.0,0.0,0.0,0.0,0.0,0.0,0.0,0.0,0.0,0.0,0.0,0.0,0.0,0.0,0.0,0.0,0.0,0.0,0.0,0.0,0.0,0.0,0.0,0.0,0.0,0.0,0.0,0.0,0.0,0.0,97.62,2.38,47.8,52.2,5.43,5.78,5.64,6.05,7.01,7.3,7.3,7.52,7.81,6.96,6.98,6.61,5.82,4.73,3.57,2.51,1.62,0.9,0.35,0.08,0.01,100.0,0.0,100.0,0.0,0.0,0.0,0.0,0.0,0.0,0.0,0.0,0.0,0.0,0.0,0.0,0.0,0.0,0.0,0.0,0.0,0.0,0.0,0.0,0.0,0.0,0.0,0.0,0.0,0.0,0.0,0.0,0.0,0.0,0.0,0.0,0.0,0.0,0.0,0.0,0.0,0.0,0.0,0.0,0.0,0.0,0.0,0.0,0.0,0.0,0.0,0.0,0.0,0.0,0.0,0.0,0.0,0.0,0.0,0.0,0.0,0.0,0.0,0.0,0.0,0.0,0.0,0.0,0.0,0.0,0.0,0.0,0.0,0.0,0.0,0.0,0.0,0.0,0.0,0.0,0.0,0.0,0.0,0.0,0.0,0.0,0.0,0.0,220299.0,5369.0,107861.0,117807.0,12259.0,13040.0,12736.0,13661.0,15811.0,16463.0,16484.0,16980.0,17625.0,15699.0,15762.0,14919.0,13126.0,10685.0,8056.0,5668.0,3659.0,2037.0,791.0,185.0,22.0,225668.0,0.0,225668.0,97.6,95.49,97.8,97.31,99.25,99.19,98.97,98.97,98.35,97.41,87.51,92.0,99.22,97.54,0.0,97.54,0.0,0.0,0.0,0.0,0.0,0.0,0.0,0.0,0.0,0.0,0.0,0.0,0.0,0.0,0.0,0.0,38.0,40.0,38.0,0.0,38.0,90.13,176.61,91.56,0.0,91.56,115.24,179.52,116.29,0.0,116.29,0.0,0.0,0.0,0.0,0.0,0.0,0.0,0.0,0.0,0.0,0.0,0.0,0.0,0.0,0.0
3541505,0.0,0.0,0.0,0.0,0.0,0.0,0.0,0.0,0.0,35201.0,0.0,35201.0,0.0,0.0,0.0,0.0,0.0,0.0,0.0,0.0,0.0,0.0,0.0,0.0,0.0,0.0,0.0,0.0,0.0,0.0,0.0,0.0,0.0,0.0,0.0,0.0,0.0,0.0,0.0,0.0,0.0,0.0,94.46,5.54,48.37,51.63,4.79,5.28,5.56,5.59,5.87,5.85,6.46,7.24,8.21,7.44,7.56,7.54,6.66,5.27,4.14,2.83,1.97,1.09,0.51,0.12,0.01,100.0,0.0,100.0,0.0,0.0,0.0,0.0,0.0,0.0,0.0,0.0,0.0,0.0,0.0,0.0,0.0,0.0,0.0,0.0,0.0,0.0,0.0,0.0,0.0,0.0,0.0,0.0,0.0,0.0,0.0,0.0,0.0,0.0,0.0,0.0,0.0,0.0,0.0,0.0,0.0,0.0,0.0,0.0,0.0,0.0,0.0,0.0,0.0,0.0,0.0,0.0,0.0,0.0,0.0,0.0,0.0,0.0,0.0,0.0,0.0,0.0,0.0,0.0,0.0,0.0,0.0,0.0,0.0,0.0,0.0,0.0,0.0,0.0,0.0,0.0,0.0,0.0,0.0,0.0,0.0,0.0,0.0,0.0,0.0,0.0,0.0,0.0,33252.0,1949.0,17026.0,18175.0,1687.0,1860.0,1958.0,1969.0,2068.0,2059.0,2273.0,2549.0,2889.0,2618.0,2661.0,2655.0,2343.0,1856.0,1456.0,996.0,695.0,384.0,178.0,43.0,4.0,35201.0,0.0,35201.0,95.32,94.74,95.86,94.76,98.74,98.61,98.82,98.34,97.35,95.42,77.04,85.16,98.98,95.29,0.0,95.29,0.0,0.0,0.0,0.0,0.0,0.0,0.0,0.0,0.0,0.0,0.0,0.0,0.0,0.0,0.0,0.0,41.0,45.0,42.0,0.0,42.0,90.02,188.31,93.68,0.0,93.68,143.06,179.45,144.5,0.0,144.5,0.0,0.0,0.0,0.0,0.0,0.0,0.0,0.0,0.0,0.0,0.0,0.0,0.0,0.0,0.0
3541604,0.0,0.0,0.0,0.0,0.0,0.0,0.0,0.0,0.0,35131.0,0.0,35131.0,0.0,0.0,0.0,0.0,0.0,0.0,0.0,0.0,0.0,0.0,0.0,0.0,0.0,0.0,0.0,0.0,0.0,0.0,0.0,0.0,0.0,0.0,0.0,0.0,0.0,0.0,0.0,0.0,0.0,0.0,85.72,14.28,49.05,50.95,5.67,6.22,6.45,7.0,6.71,7.01,7.03,7.09,7.72,7.07,6.69,6.55,5.84,4.34,3.44,2.44,1.55,0.82,0.3,0.06,0.01,100.0,0.0,100.0,0.0,0.0,0.0,0.0,0.0,0.0,0.0,0.0,0.0,0.0,0.0,0.0,0.0,0.0,0.0,0.0,0.0,0.0,0.0,0.0,0.0,0.0,0.0,0.0,0.0,0.0,0.0,0.0,0.0,0.0,0.0,0.0,0.0,0.0,0.0,0.0,0.0,0.0,0.0,0.0,0.0,0.0,0.0,0.0,0.0,0.0,0.0,0.0,0.0,0.0,0.0,0.0,0.0,0.0,0.0,0.0,0.0,0.0,0.0,0.0,0.0,0.0,0.0,0.0,0.0,0.0,0.0,0.0,0.0,0.0,0.0,0.0,0.0,0.0,0.0,0.0,0.0,0.0,0.0,0.0,0.0,0.0,0.0,0.0,30115.0,5016.0,17232.0,17899.0,1993.0,2186.0,2267.0,2458.0,2356.0,2461.0,2469.0,2492.0,2712.0,2485.0,2352.0,2300.0,2052.0,1525.0,1207.0,856.0,543.0,287.0,106.0,21.0,3.0,35131.0,0.0,35131.0,96.76,94.09,96.59,96.17,99.19,98.97,98.99,98.42,96.84,95.7,82.87,88.48,99.07,96.37,0.0,96.37,0.0,0.0,0.0,0.0,0.0,0.0,0.0,0.0,0.0,0.0,0.0,0.0,0.0,0.0,0.0,0.0,37.0,42.0,37.0,0.0,37.0,94.1,110.4,96.27,0.0,96.27,98.83,125.2,102.39,0.0,102.39,0.0,0.0,0.0,0.0,0.0,0.0,0.0,0.0,0.0,0.0,0.0,0.0,0.0,0.0,0.0
3541653,0.0,0.0,0.0,0.0,0.0,0.0,0.0,0.0,0.0,3405.0,0.0,3405.0,0.0,0.0,0.0,0.0,0.0,0.0,0.0,0.0,0.0,0.0,0.0,0.0,0.0,0.0,0.0,0.0,0.0,0.0,0.0,0.0,0.0,0.0,0.0,0.0,0.0,0.0,0.0,0.0,0.0,0.0,44.46,55.54,50.95,49.05,5.17,6.9,6.87,6.46,6.4,5.81,6.9,7.25,7.25,6.9,7.55,6.46,6.11,5.32,3.79,2.73,1.32,0.5,0.26,0.03,0.0,100.0,0.0,100.0,0.0,0.0,0.0,0.0,0.0,0.0,0.0,0.0,0.0,0.0,0.0,0.0,0.0,0.0,0.0,0.0,0.0,0.0,0.0,0.0,0.0,0.0,0.0,0.0,0.0,0.0,0.0,0.0,0.0,0.0,0.0,0.0,0.0,0.0,0.0,0.0,0.0,0.0,0.0,0.0,0.0,0.0,0.0,0.0,0.0,0.0,0.0,0.0,0.0,0.0,0.0,0.0,0.0,0.0,0.0,0.0,0.0,0.0,0.0,0.0,0.0,0.0,0.0,0.0,0.0,0.0,0.0,0.0,0.0,0.0,0.0,0.0,0.0,0.0,0.0,0.0,0.0,0.0,0.0,0.0,0.0,0.0,0.0,0.0,1514.0,1891.0,1735.0,1670.0,176.0,235.0,234.0,220.0,218.0,198.0,235.0,247.0,247.0,235.0,257.0,220.0,208.0,181.0,129.0,93.0,45.0,17.0,9.0,1.0,0.0,3405.0,0.0,3405.0,96.93,92.25,94.53,94.16,99.08,98.38,97.26,95.34,95.53,92.29,81.21,86.53,98.65,94.35,0.0,94.35,0.0,0.0,0.0,0.0,0.0,0.0,0.0,0.0,0.0,0.0,0.0,0.0,0.0,0.0,0.0,0.0,38.0,38.0,38.0,0.0,38.0,101.33,105.99,103.89,0.0,103.89,110.11,102.72,105.89,0.0,105.89,0.0,0.0,0.0,0.0,0.0,0.0,0.0,0.0,0.0,0.0,0.0,0.0,0.0,0.0,0.0
3541703,0.0,0.0,0.0,0.0,0.0,0.0,0.0,0.0,0.0,13163.0,0.0,13163.0,0.0,0.0,0.0,0.0,0.0,0.0,0.0,0.0,0.0,0.0,0.0,0.0,0.0,0.0,0.0,0.0,0.0,0.0,0.0,0.0,0.0,0.0,0.0,0.0,0.0,0.0,0.0,0.0,0.0,0.0,95.02,4.98,49.75,50.25,5.96,6.92,6.69,6.47,6.75,7.07,7.08,7.6,7.92,7.01,6.99,6.4,5.23,4.56,2.92,2.06,1.33,0.8,0.17,0.05,0.03,100.0,0.0,100.0,0.0,0.0,0.0,0.0,0.0,0.0,0.0,0.0,0.0,0.0,0.0,0.0,0.0,0.0,0.0,0.0,0.0,0.0,0.0,0.0,0.0,0.0,0.0,0.0,0.0,0.0,0.0,0.0,0.0,0.0,0.0,0.0,0.0,0.0,0.0,0.0,0.0,0.0,0.0,0.0,0.0,0.0,0.0,0.0,0.0,0.0,0.0,0.0,0.0,0.0,0.0,0.0,0.0,0.0,0.0,0.0,0.0,0.0,0.0,0.0,0.0,0.0,0.0,0.0,0.0,0.0,0.0,0.0,0.0,0.0,0.0,0.0,0.0,0.0,0.0,0.0,0.0,0.0,0.0,0.0,0.0,0.0,0.0,0.0,12508.0,655.0,6549.0,6614.0,785.0,911.0,880.0,852.0,888.0,930.0,932.0,1001.0,1042.0,923.0,920.0,842.0,688.0,600.0,384.0,271.0,175.0,105.0,23.0,7.0,4.0,13163.0,0.0,13163.0,93.04,92.29,93.71,92.32,98.2,98.55,98.84,97.85,93.33,89.08,67.01,77.5,98.51,93.0,0.0,93.0,0.0,0.0,0.0,0.0,0.0,0.0,0.0,0.0,0.0,0.0,0.0,0.0,0.0,0.0,0.0,0.0,36.0,41.0,37.0,0.0,37.0,97.88,123.55,99.02,0.0,99.02,85.36,138.18,87.62,0.0,87.62,0.0,0.0,0.0,0.0,0.0,0.0,0.0,0.0,0.0,0.0,0.0,0.0,0.0,0.0,0.0
3541802,0.0,0.0,0.0,0.0,0.0,0.0,0.0,0.0,0.0,3265.0,0.0,3265.0,0.0,0.0,0.0,0.0,0.0,0.0,0.0,0.0,0.0,0.0,0.0,0.0,0.0,0.0,0.0,0.0,0.0,0.0,0.0,0.0,0.0,0.0,0.0,0.0,0.0,0.0,0.0,0.0,0.0,0.0,91.49,8.51,49.95,50.05,6.34,7.57,7.17,7.26,7.29,7.32,6.83,8.91,8.55,6.74,6.46,5.51,4.66,3.19,1.93,1.99,1.38,0.52,0.21,0.18,0.0,100.0,0.0,100.0,0.0,0.0,0.0,0.0,0.0,0.0,0.0,0.0,0.0,0.0,0.0,0.0,0.0,0.0,0.0,0.0,0.0,0.0,0.0,0.0,0.0,0.0,0.0,0.0,0.0,0.0,0.0,0.0,0.0,0.0,0.0,0.0,0.0,0.0,0.0,0.0,0.0,0.0,0.0,0.0,0.0,0.0,0.0,0.0,0.0,0.0,0.0,0.0,0.0,0.0,0.0,0.0,0.0,0.0,0.0,0.0,0.0,0.0,0.0,0.0,0.0,0.0,0.0,0.0,0.0,0.0,0.0,0.0,0.0,0.0,0.0,0.0,0.0,0.0,0.0,0.0,0.0,0.0,0.0,0.0,0.0,0.0,0.0,0.0,2987.0,278.0,1631.0,1634.0,207.0,247.0,234.0,237.0,238.0,239.0,223.0,291.0,279.0,220.0,211.0,180.0,152.0,104.0,63.0,65.0,45.0,17.0,7.0,6.0,0.0,3265.0,0.0,3265.0,92.99,92.82,93.11,92.85,99.16,98.27,97.74,96.32,94.66,90.66,50.71,69.71,100.0,92.98,0.0,92.98,0.0,0.0,0.0,0.0,0.0,0.0,0.0,0.0,0.0,0.0,0.0,0.0,0.0,0.0,0.0,0.0,35.0,33.0,35.0,0.0,35.0,99.27,105.93,99.82,0.0,99.82,67.85,56.52,66.72,0.0,66.72,0.0,0.0,0.0,0.0,0.0,0.0,0.0,0.0,0.0,0.0,0.0,0.0,0.0,0.0,0.0
3541901,0.0,0.0,0.0,0.0,0.0,0.0,0.0,0.0,0.0,9159.0,0.0,9159.0,0.0,0.0,0.0,0.0,0.0,0.0,0.0,0.0,0.0,0.0,0.0,0.0,0.0,0.0,0.0,0.0,0.0,0.0,0.0,0.0,0.0,0.0,0.0,0.0,0.0,0.0,0.0,0.0,0.0,0.0,90.33,9.67,49.58,50.42,6.52,6.59,6.47,6.81,7.56,7.93,7.04,6.71,7.71,6.7,6.59,6.13,5.47,4.24,3.35,1.85,1.28,0.67,0.26,0.1,0.02,100.0,0.0,100.0,0.0,0.0,0.0,0.0,0.0,0.0,0.0,0.0,0.0,0.0,0.0,0.0,0.0,0.0,0.0,0.0,0.0,0.0,0.0,0.0,0.0,0.0,0.0,0.0,0.0,0.0,0.0,0.0,0.0,0.0,0.0,0.0,0.0,0.0,0.0,0.0,0.0,0.0,0.0,0.0,0.0,0.0,0.0,0.0,0.0,0.0,0.0,0.0,0.0,0.0,0.0,0.0,0.0,0.0,0.0,0.0,0.0,0.0,0.0,0.0,0.0,0.0,0.0,0.0,0.0,0.0,0.0,0.0,0.0,0.0,0.0,0.0,0.0,0.0,0.0,0.0,0.0,0.0,0.0,0.0,0.0,0.0,0.0,0.0,8273.0,886.0,4541.0,4618.0,597.0,604.0,593.0,624.0,692.0,726.0,645.0,615.0,706.0,614.0,604.0,561.0,501.0,388.0,307.0,169.0,117.0,61.0,24.0,9.0,2.0,9159.0,0.0,9159.0,95.42,95.02,95.14,95.62,98.55,98.1,99.46,97.88,95.07,94.82,78.53,85.33,99.61,95.38,0.0,95.38,0.0,0.0,0.0,0.0,0.0,0.0,0.0,0.0,0.0,0.0,0.0,0.0,0.0,0.0,0.0,0.0,35.0,38.0,35.0,0.0,35.0,96.51,117.16,98.33,0.0,98.33,87.92,88.34,87.96,0.0,87.96,0.0,0.0,0.0,0.0,0.0,0.0,0.0,0.0,0.0,0.0,0.0,0.0,0.0,0.0,0.0
3542008,0.0,0.0,0.0,0.0,0.0,0.0,0.0,0.0,0.0,7038.0,0.0,7038.0,0.0,0.0,0.0,0.0,0.0,0.0,0.0,0.0,0.0,0.0,0.0,0.0,0.0,0.0,0.0,0.0,0.0,0.0,0.0,0.0,0.0,0.0,0.0,0.0,0.0,0.0,0.0,0.0,0.0,0.0,92.64,7.36,48.72,51.28,6.88,6.42,6.08,6.41,7.45,7.56,6.69,8.35,7.5,7.05,6.24,5.57,5.23,4.33,3.08,2.46,1.55,0.8,0.21,0.14,0.0,100.0,0.0,100.0,0.0,0.0,0.0,0.0,0.0,0.0,0.0,0.0,0.0,0.0,0.0,0.0,0.0,0.0,0.0,0.0,0.0,0.0,0.0,0.0,0.0,0.0,0.0,0.0,0.0,0.0,0.0,0.0,0.0,0.0,0.0,0.0,0.0,0.0,0.0,0.0,0.0,0.0,0.0,0.0,0.0,0.0,0.0,0.0,0.0,0.0,0.0,0.0,0.0,0.0,0.0,0.0,0.0,0.0,0.0,0.0,0.0,0.0,0.0,0.0,0.0,0.0,0.0,0.0,0.0,0.0,0.0,0.0,0.0,0.0,0.0,0.0,0.0,0.0,0.0,0.0,0.0,0.0,0.0,0.0,0.0,0.0,0.0,0.0,6520.0,518.0,3429.0,3609.0,484.0,452.0,428.0,451.0,524.0,532.0,471.0,588.0,528.0,496.0,439.0,392.0,368.0,305.0,217.0,173.0,109.0,56.0,15.0,10.0,0.0,7038.0,0.0,7038.0,94.63,94.54,95.24,94.03,99.05,99.2,98.86,97.85,96.15,95.53,64.46,78.53,97.33,94.62,0.0,94.62,0.0,0.0,0.0,0.0,0.0,0.0,0.0,0.0,0.0,0.0,0.0,0.0,0.0,0.0,0.0,0.0,36.0,32.0,36.0,0.0,36.0,93.87,110.57,95.01,0.0,95.01,94.88,59.13,91.86,0.0,91.86,0.0,0.0,0.0,0.0,0.0,0.0,0.0,0.0,0.0,0.0,0.0,0.0,0.0,0.0,0.0
3542107,0.0,0.0,0.0,0.0,0.0,0.0,0.0,0.0,0.0,8965.0,0.0,8965.0,0.0,0.0,0.0,0.0,0.0,0.0,0.0,0.0,0.0,0.0,0.0,0.0,0.0,0.0,0.0,0.0,0.0,0.0,0.0,0.0,0.0,0.0,0.0,0.0,0.0,0.0,0.0,0.0,0.0,0.0,89.27,10.73,49.4,50.6,6.39,5.95,6.59,6.55,6.9,7.12,7.45,8.17,8.06,6.74,6.29,6.55,5.31,3.86,2.98,2.33,1.46,0.84,0.39,0.08,0.0,100.0,0.0,100.0,0.0,0.0,0.0,0.0,0.0,0.0,0.0,0.0,0.0,0.0,0.0,0.0,0.0,0.0,0.0,0.0,0.0,0.0,0.0,0.0,0.0,0.0,0.0,0.0,0.0,0.0,0.0,0.0,0.0,0.0,0.0,0.0,0.0,0.0,0.0,0.0,0.0,0.0,0.0,0.0,0.0,0.0,0.0,0.0,0.0,0.0,0.0,0.0,0.0,0.0,0.0,0.0,0.0,0.0,0.0,0.0,0.0,0.0,0.0,0.0,0.0,0.0,0.0,0.0,0.0,0.0,0.0,0.0,0.0,0.0,0.0,0.0,0.0,0.0,0.0,0.0,0.0,0.0,0.0,0.0,0.0,0.0,0.0,0.0,8003.0,962.0,4429.0,4536.0,573.0,533.0,591.0,587.0,619.0,638.0,668.0,732.0,723.0,604.0,564.0,587.0,476.0,346.0,267.0,209.0,131.0,75.0,35.0,7.0,0.0,8965.0,0.0,8965.0,96.27,90.73,95.92,95.53,99.19,99.39,99.44,98.21,95.46,91.82,83.15,88.13,98.7,95.72,0.0,95.72,0.0,0.0,0.0,0.0,0.0,0.0,0.0,0.0,0.0,0.0,0.0,0.0,0.0,0.0,0.0,0.0,37.0,31.0,36.0,0.0,36.0,95.48,117.65,97.64,0.0,97.64,96.3,59.41,91.1,0.0,91.1,0.0,0.0,0.0,0.0,0.0,0.0,0.0,0.0,0.0,0.0,0.0,0.0,0.0,0.0,0.0
3542206,0.0,0.0,0.0,0.0,0.0,0.0,0.0,0.0,0.0,28588.0,0.0,28588.0,0.0,0.0,0.0,0.0,0.0,0.0,0.0,0.0,0.0,0.0,0.0,0.0,0.0,0.0,0.0,0.0,0.0,0.0,0.0,0.0,0.0,0.0,0.0,0.0,0.0,0.0,0.0,0.0,0.0,0.0,90.29,9.71,48.3,51.7,5.72,6.39,6.02,6.34,6.61,6.59,6.78,7.3,7.36,6.95,6.99,7.27,6.18,4.74,3.34,2.45,1.61,0.86,0.39,0.12,0.01,100.0,0.0,100.0,0.0,0.0,0.0,0.0,0.0,0.0,0.0,0.0,0.0,0.0,0.0,0.0,0.0,0.0,0.0,0.0,0.0,0.0,0.0,0.0,0.0,0.0,0.0,0.0,0.0,0.0,0.0,0.0,0.0,0.0,0.0,0.0,0.0,0.0,0.0,0.0,0.0,0.0,0.0,0.0,0.0,0.0,0.0,0.0,0.0,0.0,0.0,0.0,0.0,0.0,0.0,0.0,0.0,0.0,0.0,0.0,0.0,0.0,0.0,0.0,0.0,0.0,0.0,0.0,0.0,0.0,0.0,0.0,0.0,0.0,0.0,0.0,0.0,0.0,0.0,0.0,0.0,0.0,0.0,0.0,0.0,0.0,0.0,0.0,25813.0,2775.0,13807.0,14781.0,1634.0,1826.0,1720.0,1813.0,1889.0,1884.0,1937.0,2087.0,2103.0,1988.0,1999.0,2078.0,1766.0,1355.0,954.0,701.0,460.0,247.0,111.0,33.0,3.0,28588.0,0.0,28588.0,95.18,94.16,95.75,94.48,98.94,98.8,99.16,97.8,96.04,93.96,78.26,84.83,99.06,95.09,0.0,95.09,0.0,0.0,0.0,0.0,0.0,0.0,0.0,0.0,0.0,0.0,0.0,0.0,0.0,0.0,0.0,0.0,38.0,39.0,38.0,0.0,38.0,91.73,110.55,93.41,0.0,93.41,110.93,90.48,108.69,0.0,108.69,0.0,0.0,0.0,0.0,0.0,0.0,0.0,0.0,0.0,0.0,0.0,0.0,0.0,0.0,0.0
3542305,0.0,0.0,0.0,0.0,0.0,0.0,0.0,0.0,0.0,4494.0,0.0,4494.0,0.0,0.0,0.0,0.0,0.0,0.0,0.0,0.0,0.0,0.0,0.0,0.0,0.0,0.0,0.0,0.0,0.0,0.0,0.0,0.0,0.0,0.0,0.0,0.0,0.0,0.0,0.0,0.0,0.0,0.0,53.74,46.26,52.4,47.6,5.18,5.87,6.56,6.16,5.83,5.21,5.59,5.94,7.52,7.41,7.05,7.01,7.81,6.83,4.38,2.92,1.69,0.73,0.2,0.09,0.0,100.0,0.0,100.0,0.0,0.0,0.0,0.0,0.0,0.0,0.0,0.0,0.0,0.0,0.0,0.0,0.0,0.0,0.0,0.0,0.0,0.0,0.0,0.0,0.0,0.0,0.0,0.0,0.0,0.0,0.0,0.0,0.0,0.0,0.0,0.0,0.0,0.0,0.0,0.0,0.0,0.0,0.0,0.0,0.0,0.0,0.0,0.0,0.0,0.0,0.0,0.0,0.0,0.0,0.0,0.0,0.0,0.0,0.0,0.0,0.0,0.0,0.0,0.0,0.0,0.0,0.0,0.0,0.0,0.0,0.0,0.0,0.0,0.0,0.0,0.0,0.0,0.0,0.0,0.0,0.0,0.0,0.0,0.0,0.0,0.0,0.0,0.0,2415.0,2079.0,2355.0,2139.0,233.0,264.0,295.0,277.0,262.0,234.0,251.0,267.0,338.0,333.0,317.0,315.0,351.0,307.0,197.0,131.0,76.0,33.0,9.0,4.0,0.0,4494.0,0.0,4494.0,92.69,91.4,92.14,92.03,98.85,96.91,99.47,95.7,90.92,91.89,69.96,82.17,100.0,92.09,0.0,92.09,0.0,0.0,0.0,0.0,0.0,0.0,0.0,0.0,0.0,0.0,0.0,0.0,0.0,0.0,0.0,0.0,40.0,44.0,42.0,0.0,42.0,106.41,114.55,110.1,0.0,110.1,124.04,160.23,139.9,0.0,139.9,0.0,0.0,0.0,0.0,0.0,0.0,0.0,0.0,0.0,0.0,0.0,0.0,0.0,0.0,0.0
3542404,0.0,0.0,0.0,0.0,0.0,0.0,0.0,0.0,0.0,20145.0,0.0,20145.0,0.0,0.0,0.0,0.0,0.0,0.0,0.0,0.0,0.0,0.0,0.0,0.0,0.0,0.0,0.0,0.0,0.0,0.0,0.0,0.0,0.0,0.0,0.0,0.0,0.0,0.0,0.0,0.0,0.0,0.0,92.55,7.45,49.15,50.85,5.49,6.08,6.01,6.28,6.68,6.84,6.98,7.55,7.97,6.76,6.84,7.07,5.96,4.72,3.37,2.47,1.71,0.79,0.34,0.08,0.01,100.0,0.0,100.0,0.0,0.0,0.0,0.0,0.0,0.0,0.0,0.0,0.0,0.0,0.0,0.0,0.0,0.0,0.0,0.0,0.0,0.0,0.0,0.0,0.0,0.0,0.0,0.0,0.0,0.0,0.0,0.0,0.0,0.0,0.0,0.0,0.0,0.0,0.0,0.0,0.0,0.0,0.0,0.0,0.0,0.0,0.0,0.0,0.0,0.0,0.0,0.0,0.0,0.0,0.0,0.0,0.0,0.0,0.0,0.0,0.0,0.0,0.0,0.0,0.0,0.0,0.0,0.0,0.0,0.0,0.0,0.0,0.0,0.0,0.0,0.0,0.0,0.0,0.0,0.0,0.0,0.0,0.0,0.0,0.0,0.0,0.0,0.0,18644.0,1501.0,9902.0,10243.0,1105.0,1224.0,1211.0,1266.0,1346.0,1378.0,1407.0,1521.0,1605.0,1362.0,1378.0,1425.0,1201.0,951.0,678.0,497.0,344.0,160.0,68.0,16.0,2.0,20145.0,0.0,20145.0,95.64,95.25,96.1,95.15,99.03,99.46,98.96,98.18,96.31,94.25,79.67,86.01,99.19,95.61,0.0,95.61,0.0,0.0,0.0,0.0,0.0,0.0,0.0,0.0,0.0,0.0,0.0,0.0,0.0,0.0,0.0,0.0,38.0,45.0,38.0,0.0,38.0,95.39,114.12,96.67,0.0,96.67,106.8,169.59,110.65,0.0,110.65,0.0,0.0,0.0,0.0,0.0,0.0,0.0,0.0,0.0,0.0,0.0,0.0,0.0,0.0,0.0
3542503,0.0,0.0,0.0,0.0,0.0,0.0,0.0,0.0,0.0,7662.0,0.0,7662.0,0.0,0.0,0.0,0.0,0.0,0.0,0.0,0.0,0.0,0.0,0.0,0.0,0.0,0.0,0.0,0.0,0.0,0.0,0.0,0.0,0.0,0.0,0.0,0.0,0.0,0.0,0.0,0.0,0.0,0.0,68.18,31.82,61.88,38.12,3.6,4.79,4.95,5.38,14.28,12.31,8.98,7.47,7.22,5.65,5.18,4.41,4.27,3.98,3.0,1.96,1.61,0.6,0.29,0.08,0.01,100.0,0.0,100.0,0.0,0.0,0.0,0.0,0.0,0.0,0.0,0.0,0.0,0.0,0.0,0.0,0.0,0.0,0.0,0.0,0.0,0.0,0.0,0.0,0.0,0.0,0.0,0.0,0.0,0.0,0.0,0.0,0.0,0.0,0.0,0.0,0.0,0.0,0.0,0.0,0.0,0.0,0.0,0.0,0.0,0.0,0.0,0.0,0.0,0.0,0.0,0.0,0.0,0.0,0.0,0.0,0.0,0.0,0.0,0.0,0.0,0.0,0.0,0.0,0.0,0.0,0.0,0.0,0.0,0.0,0.0,0.0,0.0,0.0,0.0,0.0,0.0,0.0,0.0,0.0,0.0,0.0,0.0,0.0,0.0,0.0,0.0,0.0,5224.0,2438.0,4741.0,2921.0,276.0,367.0,379.0,412.0,1094.0,943.0,688.0,572.0,553.0,433.0,397.0,338.0,327.0,305.0,230.0,150.0,123.0,46.0,22.0,6.0,1.0,7662.0,0.0,7662.0,95.0,90.51,92.66,94.71,92.5,94.05,98.57,96.09,95.3,94.29,81.9,85.5,96.53,93.4,0.0,93.4,0.0,0.0,0.0,0.0,0.0,0.0,0.0,0.0,0.0,0.0,0.0,0.0,0.0,0.0,0.0,0.0,39.0,27.0,32.0,0.0,32.0,93.34,1013.24,162.31,0.0,162.31,116.0,147.44,118.4,0.0,118.4,0.0,0.0,0.0,0.0,0.0,0.0,0.0,0.0,0.0,0.0,0.0,0.0,0.0,0.0,0.0
3542602,100.0,98.46,1.54,65.0,64.0,1.0,0.11,95.52,0.0,59947.0,67.0,59880.0,100.0,95.83,4.17,100.0,95.71,4.29,100.0,98.46,1.54,24.0,23.0,1.0,70.0,67.0,3.0,65.0,64.0,1.0,2.92,2.91,3.0,2.71,2.78,1.0,0.11,100.0,0.0,92.86,95.52,33.33,87.27,12.73,49.62,50.38,5.91,6.88,6.75,6.83,7.05,6.79,6.89,7.84,8.51,7.16,6.63,5.78,4.99,4.18,3.11,2.15,1.38,0.71,0.35,0.09,0.01,100.0,0.11,99.89,0.0,100.0,61.54,38.46,6.15,6.15,1.54,9.23,3.08,4.62,1.54,10.77,10.77,6.15,3.08,9.23,10.77,9.23,1.54,1.54,1.54,3.08,0.0,0.0,0.0,100.0,98.46,1.54,0.0,65.0,40.0,25.0,4.0,4.0,1.0,6.0,2.0,3.0,1.0,7.0,7.0,4.0,2.0,6.0,7.0,6.0,1.0,1.0,1.0,2.0,0.0,0.0,0.0,65.0,64.0,1.0,0.0,0.85,0.13,0.08,0.11,0.1,0.02,0.15,0.05,0.07,0.02,0.15,0.14,0.09,0.05,0.17,0.23,0.24,0.05,0.08,0.12,0.47,0.0,0.0,0.0,0.11,95.52,0.0,52316.0,7631.0,29746.0,30201.0,3543.0,4126.0,4048.0,4096.0,4227.0,4068.0,4133.0,4699.0,5101.0,4294.0,3977.0,3463.0,2989.0,2507.0,1864.0,1291.0,827.0,425.0,210.0,51.0,8.0,59947.0,67.0,59880.0,96.69,94.18,96.94,95.82,98.72,99.07,99.4,98.39,97.21,94.78,83.43,87.89,99.3,96.37,89.66,96.38,0.0,89.29,87.88,91.3,50.0,100.0,100.0,92.86,100.0,84.62,75.0,81.82,100.0,89.29,89.09,100.0,36.0,36.0,36.0,43.0,36.0,93.03,146.24,98.49,168.0,98.44,85.7,95.28,86.81,211.11,86.72,0.0,43.0,43.0,43.0,55.0,0.0,160.0,160.0,166.67,0.0,0.0,200.0,200.0,200.0,0.0
3542701,0.0,0.0,0.0,0.0,0.0,0.0,0.0,0.0,0.0,6404.0,0.0,6404.0,0.0,0.0,0.0,0.0,0.0,0.0,0.0,0.0,0.0,0.0,0.0,0.0,0.0,0.0,0.0,0.0,0.0,0.0,0.0,0.0,0.0,0.0,0.0,0.0,0.0,0.0,0.0,0.0,0.0,0.0,82.6,17.4,49.61,50.39,5.98,7.62,7.15,7.7,7.35,7.28,6.73,8.03,7.73,6.25,6.57,6.46,5.11,3.86,2.62,1.62,1.22,0.53,0.16,0.03,0.0,100.0,0.0,100.0,0.0,0.0,0.0,0.0,0.0,0.0,0.0,0.0,0.0,0.0,0.0,0.0,0.0,0.0,0.0,0.0,0.0,0.0,0.0,0.0,0.0,0.0,0.0,0.0,0.0,0.0,0.0,0.0,0.0,0.0,0.0,0.0,0.0,0.0,0.0,0.0,0.0,0.0,0.0,0.0,0.0,0.0,0.0,0.0,0.0,0.0,0.0,0.0,0.0,0.0,0.0,0.0,0.0,0.0,0.0,0.0,0.0,0.0,0.0,0.0,0.0,0.0,0.0,0.0,0.0,0.0,0.0,0.0,0.0,0.0,0.0,0.0,0.0,0.0,0.0,0.0,0.0,0.0,0.0,0.0,0.0,0.0,0.0,0.0,5290.0,1114.0,3177.0,3227.0,383.0,488.0,458.0,493.0,471.0,466.0,431.0,514.0,495.0,400.0,421.0,414.0,327.0,247.0,168.0,104.0,78.0,34.0,10.0,2.0,0.0,6404.0,0.0,6404.0,95.42,94.89,95.94,94.73,98.3,99.11,98.92,97.92,94.64,91.5,78.07,86.31,99.07,95.33,0.0,95.33,0.0,0.0,0.0,0.0,0.0,0.0,0.0,0.0,0.0,0.0,0.0,0.0,0.0,0.0,0.0,0.0,34.0,37.0,35.0,0.0,35.0,96.0,110.98,98.45,0.0,98.45,69.5,89.32,72.99,0.0,72.99,0.0,0.0,0.0,0.0,0.0,0.0,0.0,0.0,0.0,0.0,0.0,0.0,0.0,0.0,0.0
3542800,0.0,0.0,0.0,0.0,0.0,0.0,0.0,0.0,0.0,3132.0,0.0,3132.0,0.0,0.0,0.0,0.0,0.0,0.0,0.0,0.0,0.0,0.0,0.0,0.0,0.0,0.0,0.0,0.0,0.0,0.0,0.0,0.0,0.0,0.0,0.0,0.0,0.0,0.0,0.0,0.0,0.0,0.0,53.19,46.81,50.73,49.27,6.19,6.26,7.22,7.38,6.03,6.0,6.67,7.02,6.67,6.9,6.7,6.07,6.16,4.95,4.02,2.62,1.98,0.73,0.35,0.03,0.03,100.0,0.0,100.0,0.0,0.0,0.0,0.0,0.0,0.0,0.0,0.0,0.0,0.0,0.0,0.0,0.0,0.0,0.0,0.0,0.0,0.0,0.0,0.0,0.0,0.0,0.0,0.0,0.0,0.0,0.0,0.0,0.0,0.0,0.0,0.0,0.0,0.0,0.0,0.0,0.0,0.0,0.0,0.0,0.0,0.0,0.0,0.0,0.0,0.0,0.0,0.0,0.0,0.0,0.0,0.0,0.0,0.0,0.0,0.0,0.0,0.0,0.0,0.0,0.0,0.0,0.0,0.0,0.0,0.0,0.0,0.0,0.0,0.0,0.0,0.0,0.0,0.0,0.0,0.0,0.0,0.0,0.0,0.0,0.0,0.0,0.0,0.0,1666.0,1466.0,1589.0,1543.0,194.0,196.0,226.0,231.0,189.0,188.0,209.0,220.0,209.0,216.0,210.0,190.0,193.0,155.0,126.0,82.0,62.0,23.0,11.0,1.0,1.0,3132.0,0.0,3132.0,92.95,89.21,90.93,91.43,97.88,98.99,98.71,94.17,95.31,89.56,66.11,72.45,100.0,91.18,0.0,91.18,0.0,0.0,0.0,0.0,0.0,0.0,0.0,0.0,0.0,0.0,0.0,0.0,0.0,0.0,0.0,0.0,35.0,40.0,37.0,0.0,37.0,97.63,109.43,102.98,0.0,102.98,91.62,124.81,106.17,0.0,106.17,0.0,0.0,0.0,0.0,0.0,0.0,0.0,0.0,0.0,0.0,0.0,0.0,0.0,0.0,0.0
3542909,0.0,0.0,0.0,0.0,0.0,0.0,0.0,0.0,0.0,10989.0,0.0,10989.0,0.0,0.0,0.0,0.0,0.0,0.0,0.0,0.0,0.0,0.0,0.0,0.0,0.0,0.0,0.0,0.0,0.0,0.0,0.0,0.0,0.0,0.0,0.0,0.0,0.0,0.0,0.0,0.0,0.0,0.0,92.73,7.27,49.58,50.42,5.65,6.38,6.49,6.41,6.83,6.95,6.99,7.59,7.8,7.3,6.84,6.16,5.29,4.64,3.23,2.34,1.67,0.92,0.43,0.1,0.0,100.0,0.0,100.0,0.0,0.0,0.0,0.0,0.0,0.0,0.0,0.0,0.0,0.0,0.0,0.0,0.0,0.0,0.0,0.0,0.0,0.0,0.0,0.0,0.0,0.0,0.0,0.0,0.0,0.0,0.0,0.0,0.0,0.0,0.0,0.0,0.0,0.0,0.0,0.0,0.0,0.0,0.0,0.0,0.0,0.0,0.0,0.0,0.0,0.0,0.0,0.0,0.0,0.0,0.0,0.0,0.0,0.0,0.0,0.0,0.0,0.0,0.0,0.0,0.0,0.0,0.0,0.0,0.0,0.0,0.0,0.0,0.0,0.0,0.0,0.0,0.0,0.0,0.0,0.0,0.0,0.0,0.0,0.0,0.0,0.0,0.0,0.0,10190.0,799.0,5448.0,5541.0,621.0,701.0,713.0,704.0,750.0,764.0,768.0,834.0,857.0,802.0,752.0,677.0,581.0,510.0,355.0,257.0,184.0,101.0,47.0,11.0,0.0,10989.0,0.0,10989.0,93.05,93.7,93.13,93.07,98.93,98.37,99.52,96.69,92.66,89.83,74.0,80.75,98.94,93.1,0.0,93.1,0.0,0.0,0.0,0.0,0.0,0.0,0.0,0.0,0.0,0.0,0.0,0.0,0.0,0.0,0.0,0.0,37.0,41.0,37.0,0.0,37.0,97.14,114.78,98.32,0.0,98.32,100.05,106.76,100.54,0.0,100.54,0.0,0.0,0.0,0.0,0.0,0.0,0.0,0.0,0.0,0.0,0.0,0.0,0.0,0.0,0.0
3543006,0.0,0.0,0.0,0.0,0.0,0.0,0.0,0.0,0.0,18627.0,0.0,18627.0,0.0,0.0,0.0,0.0,0.0,0.0,0.0,0.0,0.0,0.0,0.0,0.0,0.0,0.0,0.0,0.0,0.0,0.0,0.0,0.0,0.0,0.0,0.0,0.0,0.0,0.0,0.0,0.0,0.0,0.0,53.54,46.46,50.89,49.11,7.49,7.43,7.29,7.94,7.92,7.88,7.62,7.45,7.51,6.61,6.13,5.4,4.42,3.42,2.42,1.69,0.82,0.39,0.11,0.04,0.01,100.0,0.0,100.0,0.0,0.0,0.0,0.0,0.0,0.0,0.0,0.0,0.0,0.0,0.0,0.0,0.0,0.0,0.0,0.0,0.0,0.0,0.0,0.0,0.0,0.0,0.0,0.0,0.0,0.0,0.0,0.0,0.0,0.0,0.0,0.0,0.0,0.0,0.0,0.0,0.0,0.0,0.0,0.0,0.0,0.0,0.0,0.0,0.0,0.0,0.0,0.0,0.0,0.0,0.0,0.0,0.0,0.0,0.0,0.0,0.0,0.0,0.0,0.0,0.0,0.0,0.0,0.0,0.0,0.0,0.0,0.0,0.0,0.0,0.0,0.0,0.0,0.0,0.0,0.0,0.0,0.0,0.0,0.0,0.0,0.0,0.0,0.0,9973.0,8654.0,9479.0,9148.0,1396.0,1384.0,1357.0,1479.0,1476.0,1468.0,1420.0,1388.0,1399.0,1231.0,1142.0,1005.0,824.0,637.0,451.0,314.0,153.0,72.0,21.0,8.0,2.0,18627.0,0.0,18627.0,92.65,88.89,91.33,90.45,98.37,97.58,98.76,93.9,88.92,83.71,59.82,71.65,97.81,90.9,0.0,90.9,0.0,0.0,0.0,0.0,0.0,0.0,0.0,0.0,0.0,0.0,0.0,0.0,0.0,0.0,0.0,0.0,31.0,33.0,32.0,0.0,32.0,97.49,111.18,103.62,0.0,103.62,55.95,64.8,60.0,0.0,60.0,0.0,0.0,0.0,0.0,0.0,0.0,0.0,0.0,0.0,0.0,0.0,0.0,0.0,0.0,0.0
3543105,0.0,0.0,0.0,0.0,0.0,0.0,0.0,0.0,0.0,4608.0,0.0,4608.0,0.0,0.0,0.0,0.0,0.0,0.0,0.0,0.0,0.0,0.0,0.0,0.0,0.0,0.0,0.0,0.0,0.0,0.0,0.0,0.0,0.0,0.0,0.0,0.0,0.0,0.0,0.0,0.0,0.0,0.0,82.6,17.4,50.04,49.96,6.49,7.66,7.51,6.88,8.18,7.07,7.38,7.36,7.4,6.21,6.16,5.69,4.8,3.8,3.08,2.26,1.19,0.63,0.13,0.13,0.0,100.0,0.0,100.0,0.0,0.0,0.0,0.0,0.0,0.0,0.0,0.0,0.0,0.0,0.0,0.0,0.0,0.0,0.0,0.0,0.0,0.0,0.0,0.0,0.0,0.0,0.0,0.0,0.0,0.0,0.0,0.0,0.0,0.0,0.0,0.0,0.0,0.0,0.0,0.0,0.0,0.0,0.0,0.0,0.0,0.0,0.0,0.0,0.0,0.0,0.0,0.0,0.0,0.0,0.0,0.0,0.0,0.0,0.0,0.0,0.0,0.0,0.0,0.0,0.0,0.0,0.0,0.0,0.0,0.0,0.0,0.0,0.0,0.0,0.0,0.0,0.0,0.0,0.0,0.0,0.0,0.0,0.0,0.0,0.0,0.0,0.0,0.0,3806.0,802.0,2306.0,2302.0,299.0,353.0,346.0,317.0,377.0,326.0,340.0,339.0,341.0,286.0,284.0,262.0,221.0,175.0,142.0,104.0,55.0,29.0,6.0,6.0,0.0,4608.0,0.0,4608.0,92.61,93.57,92.96,92.58,98.94,98.8,98.4,96.18,91.75,88.41,74.5,77.37,100.0,92.77,0.0,92.77,0.0,0.0,0.0,0.0,0.0,0.0,0.0,0.0,0.0,0.0,0.0,0.0,0.0,0.0,0.0,0.0,34.0,33.0,34.0,0.0,34.0,98.75,107.24,100.17,0.0,100.17,75.47,67.69,73.95,0.0,73.95,0.0,0.0,0.0,0.0,0.0,0.0,0.0,0.0,0.0,0.0,0.0,0.0,0.0,0.0,0.0
3543204,0.0,0.0,0.0,0.0,0.0,0.0,0.0,0.0,0.0,4677.0,0.0,4677.0,0.0,0.0,0.0,0.0,0.0,0.0,0.0,0.0,0.0,0.0,0.0,0.0,0.0,0.0,0.0,0.0,0.0,0.0,0.0,0.0,0.0,0.0,0.0,0.0,0.0,0.0,0.0,0.0,0.0,0.0,79.52,20.48,50.05,49.95,5.62,5.75,5.71,6.2,5.9,6.63,5.97,6.99,7.44,7.59,6.63,7.03,6.22,5.45,4.36,3.31,1.88,0.96,0.21,0.11,0.02,100.0,0.0,100.0,0.0,0.0,0.0,0.0,0.0,0.0,0.0,0.0,0.0,0.0,0.0,0.0,0.0,0.0,0.0,0.0,0.0,0.0,0.0,0.0,0.0,0.0,0.0,0.0,0.0,0.0,0.0,0.0,0.0,0.0,0.0,0.0,0.0,0.0,0.0,0.0,0.0,0.0,0.0,0.0,0.0,0.0,0.0,0.0,0.0,0.0,0.0,0.0,0.0,0.0,0.0,0.0,0.0,0.0,0.0,0.0,0.0,0.0,0.0,0.0,0.0,0.0,0.0,0.0,0.0,0.0,0.0,0.0,0.0,0.0,0.0,0.0,0.0,0.0,0.0,0.0,0.0,0.0,0.0,0.0,0.0,0.0,0.0,0.0,3719.0,958.0,2341.0,2336.0,263.0,269.0,267.0,290.0,276.0,310.0,279.0,327.0,348.0,355.0,310.0,329.0,291.0,255.0,204.0,155.0,88.0,45.0,10.0,5.0,1.0,4677.0,0.0,4677.0,93.1,94.29,93.36,93.33,98.19,98.81,97.75,96.74,95.94,91.94,77.3,81.26,100.0,93.35,0.0,93.35,0.0,0.0,0.0,0.0,0.0,0.0,0.0,0.0,0.0,0.0,0.0,0.0,0.0,0.0,0.0,0.0,39.0,45.0,40.0,0.0,40.0,97.82,110.09,100.21,0.0,100.21,122.72,171.05,131.91,0.0,131.91,0.0,0.0,0.0,0.0,0.0,0.0,0.0,0.0,0.0,0.0,0.0,0.0,0.0,0.0,0.0
3543238,0.0,0.0,0.0,0.0,0.0,0.0,0.0,0.0,0.0,2025.0,0.0,2025.0,0.0,0.0,0.0,0.0,0.0,0.0,0.0,0.0,0.0,0.0,0.0,0.0,0.0,0.0,0.0,0.0,0.0,0.0,0.0,0.0,0.0,0.0,0.0,0.0,0.0,0.0,0.0,0.0,0.0,0.0,86.67,13.33,47.8,52.2,4.74,4.64,5.23,6.07,6.47,5.68,5.68,6.81,6.77,7.26,7.31,7.85,6.62,6.02,4.44,4.05,2.32,1.33,0.54,0.15,0.0,100.0,0.0,100.0,0.0,0.0,0.0,0.0,0.0,0.0,0.0,0.0,0.0,0.0,0.0,0.0,0.0,0.0,0.0,0.0,0.0,0.0,0.0,0.0,0.0,0.0,0.0,0.0,0.0,0.0,0.0,0.0,0.0,0.0,0.0,0.0,0.0,0.0,0.0,0.0,0.0,0.0,0.0,0.0,0.0,0.0,0.0,0.0,0.0,0.0,0.0,0.0,0.0,0.0,0.0,0.0,0.0,0.0,0.0,0.0,0.0,0.0,0.0,0.0,0.0,0.0,0.0,0.0,0.0,0.0,0.0,0.0,0.0,0.0,0.0,0.0,0.0,0.0,0.0,0.0,0.0,0.0,0.0,0.0,0.0,0.0,0.0,0.0,1755.0,270.0,968.0,1057.0,96.0,94.0,106.0,123.0,131.0,115.0,115.0,138.0,137.0,147.0,148.0,159.0,134.0,122.0,90.0,82.0,47.0,27.0,11.0,3.0,0.0,2025.0,0.0,2025.0,91.81,90.79,91.63,91.71,99.24,97.39,97.4,97.09,97.29,92.83,67.06,75.13,93.48,91.67,0.0,91.67,0.0,0.0,0.0,0.0,0.0,0.0,0.0,0.0,0.0,0.0,0.0,0.0,0.0,0.0,0.0,0.0,42.0,49.0,43.0,0.0,43.0,89.52,106.11,91.58,0.0,91.58,171.26,192.86,174.32,0.0,174.32,0.0,0.0,0.0,0.0,0.0,0.0,0.0,0.0,0.0,0.0,0.0,0.0,0.0,0.0,0.0
3543253,0.0,0.0,0.0,0.0,0.0,0.0,0.0,0.0,0.0,7450.0,0.0,7450.0,0.0,0.0,0.0,0.0,0.0,0.0,0.0,0.0,0.0,0.0,0.0,0.0,0.0,0.0,0.0,0.0,0.0,0.0,0.0,0.0,0.0,0.0,0.0,0.0,0.0,0.0,0.0,0.0,0.0,0.0,40.32,59.68,51.36,48.64,5.72,6.01,6.79,7.53,6.21,6.71,6.55,7.64,8.3,6.63,7.4,6.27,5.34,4.24,3.7,2.32,1.46,0.79,0.28,0.08,0.01,100.0,0.0,100.0,0.0,0.0,0.0,0.0,0.0,0.0,0.0,0.0,0.0,0.0,0.0,0.0,0.0,0.0,0.0,0.0,0.0,0.0,0.0,0.0,0.0,0.0,0.0,0.0,0.0,0.0,0.0,0.0,0.0,0.0,0.0,0.0,0.0,0.0,0.0,0.0,0.0,0.0,0.0,0.0,0.0,0.0,0.0,0.0,0.0,0.0,0.0,0.0,0.0,0.0,0.0,0.0,0.0,0.0,0.0,0.0,0.0,0.0,0.0,0.0,0.0,0.0,0.0,0.0,0.0,0.0,0.0,0.0,0.0,0.0,0.0,0.0,0.0,0.0,0.0,0.0,0.0,0.0,0.0,0.0,0.0,0.0,0.0,0.0,3004.0,4446.0,3826.0,3624.0,426.0,448.0,506.0,561.0,463.0,500.0,488.0,569.0,618.0,494.0,551.0,467.0,398.0,316.0,276.0,173.0,109.0,59.0,21.0,6.0,1.0,7450.0,0.0,7450.0,93.14,90.4,93.27,89.71,98.7,98.08,99.46,96.97,92.63,89.13,62.33,71.18,97.92,91.52,0.0,91.52,0.0,0.0,0.0,0.0,0.0,0.0,0.0,0.0,0.0,0.0,0.0,0.0,0.0,0.0,0.0,0.0,36.0,38.0,38.0,0.0,38.0,99.47,109.92,105.57,0.0,105.57,89.63,104.17,98.48,0.0,98.48,0.0,0.0,0.0,0.0,0.0,0.0,0.0,0.0,0.0,0.0,0.0,0.0,0.0,0.0,0.0
3543303,0.0,0.0,0.0,0.0,0.0,0.0,0.0,0.0,0.0,115559.0,0.0,115559.0,0.0,0.0,0.0,0.0,0.0,0.0,0.0,0.0,0.0,0.0,0.0,0.0,0.0,0.0,0.0,0.0,0.0,0.0,0.0,0.0,0.0,0.0,0.0,0.0,0.0,0.0,0.0,0.0,0.0,0.0,98.35,1.65,48.23,51.77,5.08,5.97,5.95,6.19,6.96,6.84,7.17,7.83,8.39,7.62,7.08,6.61,5.63,4.76,3.49,2.24,1.2,0.64,0.28,0.06,0.01,100.0,0.0,100.0,0.0,0.0,0.0,0.0,0.0,0.0,0.0,0.0,0.0,0.0,0.0,0.0,0.0,0.0,0.0,0.0,0.0,0.0,0.0,0.0,0.0,0.0,0.0,0.0,0.0,0.0,0.0,0.0,0.0,0.0,0.0,0.0,0.0,0.0,0.0,0.0,0.0,0.0,0.0,0.0,0.0,0.0,0.0,0.0,0.0,0.0,0.0,0.0,0.0,0.0,0.0,0.0,0.0,0.0,0.0,0.0,0.0,0.0,0.0,0.0,0.0,0.0,0.0,0.0,0.0,0.0,0.0,0.0,0.0,0.0,0.0,0.0,0.0,0.0,0.0,0.0,0.0,0.0,0.0,0.0,0.0,0.0,0.0,0.0,113651.0,1908.0,55739.0,59820.0,5865.0,6902.0,6870.0,7150.0,8048.0,7903.0,8289.0,9048.0,9696.0,8808.0,8185.0,7633.0,6509.0,5497.0,4033.0,2586.0,1391.0,741.0,319.0,74.0,12.0,115559.0,0.0,115559.0,97.22,94.66,97.46,96.92,99.02,99.14,98.9,99.09,98.05,96.77,85.09,90.0,99.41,97.18,0.0,97.18,0.0,0.0,0.0,0.0,0.0,0.0,0.0,0.0,0.0,0.0,0.0,0.0,0.0,0.0,0.0,0.0,38.0,37.0,38.0,0.0,38.0,92.96,107.17,93.18,0.0,93.18,108.17,88.01,107.77,0.0,107.77,0.0,0.0,0.0,0.0,0.0,0.0,0.0,0.0,0.0,0.0,0.0,0.0,0.0,0.0,0.0
3543402,0.0,0.0,0.0,0.0,0.0,0.0,0.0,0.0,0.0,698642.0,0.0,698642.0,0.0,0.0,0.0,0.0,0.0,0.0,0.0,0.0,0.0,0.0,0.0,0.0,0.0,0.0,0.0,0.0,0.0,0.0,0.0,0.0,0.0,0.0,0.0,0.0,0.0,0.0,0.0,0.0,0.0,0.0,99.63,0.37,47.57,52.43,5.33,5.78,5.75,6.02,7.42,8.15,8.37,8.71,8.47,6.75,6.14,5.74,5.22,4.26,3.16,2.12,1.4,0.78,0.35,0.09,0.01,100.0,0.0,100.0,0.0,0.0,0.0,0.0,0.0,0.0,0.0,0.0,0.0,0.0,0.0,0.0,0.0,0.0,0.0,0.0,0.0,0.0,0.0,0.0,0.0,0.0,0.0,0.0,0.0,0.0,0.0,0.0,0.0,0.0,0.0,0.0,0.0,0.0,0.0,0.0,0.0,0.0,0.0,0.0,0.0,0.0,0.0,0.0,0.0,0.0,0.0,0.0,0.0,0.0,0.0,0.0,0.0,0.0,0.0,0.0,0.0,0.0,0.0,0.0,0.0,0.0,0.0,0.0,0.0,0.0,0.0,0.0,0.0,0.0,0.0,0.0,0.0,0.0,0.0,0.0,0.0,0.0,0.0,0.0,0.0,0.0,0.0,0.0,696033.0,2609.0,332318.0,366324.0,37203.0,40348.0,40156.0,42065.0,51815.0,56947.0,58480.0,60884.0,59183.0,47129.0,42864.0,40112.0,36439.0,29787.0,22086.0,14787.0,9752.0,5464.0,2433.0,618.0,90.0,698642.0,0.0,698642.0,97.97,92.29,98.04,97.87,99.14,99.05,98.94,98.85,97.8,97.38,91.94,94.6,99.11,97.95,0.0,97.95,0.0,0.0,0.0,0.0,0.0,0.0,0.0,0.0,0.0,0.0,0.0,0.0,0.0,0.0,0.0,0.0,36.0,35.0,36.0,0.0,36.0,90.6,129.67,90.72,0.0,90.72,103.21,96.89,103.19,0.0,103.19,0.0,0.0,0.0,0.0,0.0,0.0,0.0,0.0,0.0,0.0,0.0,0.0,0.0,0.0,0.0
3543501,0.0,0.0,0.0,0.0,0.0,0.0,0.0,0.0,0.0,5599.0,0.0,5599.0,0.0,0.0,0.0,0.0,0.0,0.0,0.0,0.0,0.0,0.0,0.0,0.0,0.0,0.0,0.0,0.0,0.0,0.0,0.0,0.0,0.0,0.0,0.0,0.0,0.0,0.0,0.0,0.0,0.0,0.0,74.98,25.02,50.29,49.71,6.41,6.48,6.86,7.16,6.5,6.88,6.22,6.2,7.27,6.27,6.45,6.98,6.66,4.91,3.39,2.54,1.71,0.71,0.3,0.07,0.02,100.0,0.0,100.0,0.0,0.0,0.0,0.0,0.0,0.0,0.0,0.0,0.0,0.0,0.0,0.0,0.0,0.0,0.0,0.0,0.0,0.0,0.0,0.0,0.0,0.0,0.0,0.0,0.0,0.0,0.0,0.0,0.0,0.0,0.0,0.0,0.0,0.0,0.0,0.0,0.0,0.0,0.0,0.0,0.0,0.0,0.0,0.0,0.0,0.0,0.0,0.0,0.0,0.0,0.0,0.0,0.0,0.0,0.0,0.0,0.0,0.0,0.0,0.0,0.0,0.0,0.0,0.0,0.0,0.0,0.0,0.0,0.0,0.0,0.0,0.0,0.0,0.0,0.0,0.0,0.0,0.0,0.0,0.0,0.0,0.0,0.0,0.0,4198.0,1401.0,2816.0,2783.0,359.0,363.0,384.0,401.0,364.0,385.0,348.0,347.0,407.0,351.0,361.0,391.0,373.0,275.0,190.0,142.0,96.0,40.0,17.0,4.0,1.0,5599.0,0.0,5599.0,91.98,89.69,92.21,90.54,97.53,98.5,98.8,96.82,93.82,88.22,69.67,73.73,96.05,91.36,0.0,91.36,0.0,0.0,0.0,0.0,0.0,0.0,0.0,0.0,0.0,0.0,0.0,0.0,0.0,0.0,0.0,0.0,34.0,46.0,37.0,0.0,37.0,96.35,117.21,101.19,0.0,101.19,82.49,196.46,102.89,0.0,102.89,0.0,0.0,0.0,0.0,0.0,0.0,0.0,0.0,0.0,0.0,0.0,0.0,0.0,0.0,0.0
3543600,0.0,0.0,0.0,0.0,0.0,0.0,0.0,0.0,0.0,4049.0,0.0,4049.0,0.0,0.0,0.0,0.0,0.0,0.0,0.0,0.0,0.0,0.0,0.0,0.0,0.0,0.0,0.0,0.0,0.0,0.0,0.0,0.0,0.0,0.0,0.0,0.0,0.0,0.0,0.0,0.0,0.0,0.0,88.49,11.51,50.14,49.86,5.53,6.3,5.73,6.99,7.36,6.4,6.22,8.1,7.76,6.57,6.62,6.47,6.15,4.64,3.56,2.72,1.63,0.79,0.42,0.05,0.0,100.0,0.0,100.0,0.0,0.0,0.0,0.0,0.0,0.0,0.0,0.0,0.0,0.0,0.0,0.0,0.0,0.0,0.0,0.0,0.0,0.0,0.0,0.0,0.0,0.0,0.0,0.0,0.0,0.0,0.0,0.0,0.0,0.0,0.0,0.0,0.0,0.0,0.0,0.0,0.0,0.0,0.0,0.0,0.0,0.0,0.0,0.0,0.0,0.0,0.0,0.0,0.0,0.0,0.0,0.0,0.0,0.0,0.0,0.0,0.0,0.0,0.0,0.0,0.0,0.0,0.0,0.0,0.0,0.0,0.0,0.0,0.0,0.0,0.0,0.0,0.0,0.0,0.0,0.0,0.0,0.0,0.0,0.0,0.0,0.0,0.0,0.0,3583.0,466.0,2030.0,2019.0,224.0,255.0,232.0,283.0,298.0,259.0,252.0,328.0,314.0,266.0,268.0,262.0,249.0,188.0,144.0,110.0,66.0,32.0,17.0,2.0,0.0,4049.0,0.0,4049.0,95.54,94.72,95.42,95.47,98.66,98.63,98.15,96.88,96.44,94.72,83.7,87.3,99.17,95.45,0.0,95.45,0.0,0.0,0.0,0.0,0.0,0.0,0.0,0.0,0.0,0.0,0.0,0.0,0.0,0.0,0.0,0.0,38.0,39.0,38.0,0.0,38.0,98.07,121.9,100.54,0.0,100.54,116.35,94.25,113.64,0.0,113.64,0.0,0.0,0.0,0.0,0.0,0.0,0.0,0.0,0.0,0.0,0.0,0.0,0.0,0.0,0.0
3543709,0.0,0.0,0.0,0.0,0.0,0.0,0.0,0.0,0.0,9098.0,0.0,9098.0,0.0,0.0,0.0,0.0,0.0,0.0,0.0,0.0,0.0,0.0,0.0,0.0,0.0,0.0,0.0,0.0,0.0,0.0,0.0,0.0,0.0,0.0,0.0,0.0,0.0,0.0,0.0,0.0,0.0,0.0,83.07,16.93,49.62,50.38,5.68,6.23,6.44,6.56,6.84,6.83,6.7,7.2,7.68,6.97,7.07,6.99,5.95,4.42,3.46,2.41,1.43,0.73,0.35,0.07,0.0,100.0,0.0,100.0,0.0,0.0,0.0,0.0,0.0,0.0,0.0,0.0,0.0,0.0,0.0,0.0,0.0,0.0,0.0,0.0,0.0,0.0,0.0,0.0,0.0,0.0,0.0,0.0,0.0,0.0,0.0,0.0,0.0,0.0,0.0,0.0,0.0,0.0,0.0,0.0,0.0,0.0,0.0,0.0,0.0,0.0,0.0,0.0,0.0,0.0,0.0,0.0,0.0,0.0,0.0,0.0,0.0,0.0,0.0,0.0,0.0,0.0,0.0,0.0,0.0,0.0,0.0,0.0,0.0,0.0,0.0,0.0,0.0,0.0,0.0,0.0,0.0,0.0,0.0,0.0,0.0,0.0,0.0,0.0,0.0,0.0,0.0,0.0,7558.0,1540.0,4514.0,4584.0,517.0,567.0,586.0,597.0,622.0,621.0,610.0,655.0,699.0,634.0,643.0,636.0,541.0,402.0,315.0,219.0,130.0,66.0,32.0,6.0,0.0,9098.0,0.0,9098.0,94.79,90.38,94.5,93.63,97.75,98.05,98.87,96.6,93.97,92.52,78.37,84.53,97.11,94.06,0.0,94.06,0.0,0.0,0.0,0.0,0.0,0.0,0.0,0.0,0.0,0.0,0.0,0.0,0.0,0.0,0.0,0.0,38.0,36.0,38.0,0.0,38.0,95.25,115.99,98.47,0.0,98.47,108.7,75.48,102.46,0.0,102.46,0.0,0.0,0.0,0.0,0.0,0.0,0.0,0.0,0.0,0.0,0.0,0.0,0.0,0.0,0.0
3543808,0.0,0.0,0.0,0.0,0.0,0.0,0.0,0.0,0.0,9259.0,0.0,9259.0,0.0,0.0,0.0,0.0,0.0,0.0,0.0,0.0,0.0,0.0,0.0,0.0,0.0,0.0,0.0,0.0,0.0,0.0,0.0,0.0,0.0,0.0,0.0,0.0,0.0,0.0,0.0,0.0,0.0,0.0,83.53,16.47,49.42,50.58,5.1,5.52,5.42,6.27,6.5,6.26,7.07,7.11,7.28,6.22,6.67,6.73,6.51,5.62,4.2,3.01,2.43,1.37,0.57,0.09,0.03,100.0,0.0,100.0,0.0,0.0,0.0,0.0,0.0,0.0,0.0,0.0,0.0,0.0,0.0,0.0,0.0,0.0,0.0,0.0,0.0,0.0,0.0,0.0,0.0,0.0,0.0,0.0,0.0,0.0,0.0,0.0,0.0,0.0,0.0,0.0,0.0,0.0,0.0,0.0,0.0,0.0,0.0,0.0,0.0,0.0,0.0,0.0,0.0,0.0,0.0,0.0,0.0,0.0,0.0,0.0,0.0,0.0,0.0,0.0,0.0,0.0,0.0,0.0,0.0,0.0,0.0,0.0,0.0,0.0,0.0,0.0,0.0,0.0,0.0,0.0,0.0,0.0,0.0,0.0,0.0,0.0,0.0,0.0,0.0,0.0,0.0,0.0,7734.0,1525.0,4576.0,4683.0,472.0,511.0,502.0,581.0,602.0,580.0,655.0,658.0,674.0,576.0,618.0,623.0,603.0,520.0,389.0,279.0,225.0,127.0,53.0,8.0,3.0,9259.0,0.0,9259.0,94.03,94.05,94.82,93.27,99.34,98.79,100.0,96.77,95.9,93.72,72.66,82.98,98.68,94.03,0.0,94.03,0.0,0.0,0.0,0.0,0.0,0.0,0.0,0.0,0.0,0.0,0.0,0.0,0.0,0.0,0.0,0.0,40.0,42.0,40.0,0.0,40.0,95.85,107.77,97.72,0.0,97.72,147.01,157.39,148.62,0.0,148.62,0.0,0.0,0.0,0.0,0.0,0.0,0.0,0.0,0.0,0.0,0.0,0.0,0.0,0.0,0.0
3543907,100.0,0.0,100.0,171.0,0.0,171.0,0.08,0.0,0.08,201418.0,0.0,201418.0,100.0,0.0,100.0,100.0,0.0,100.0,100.0,0.0,100.0,93.0,0.0,93.0,252.0,0.0,252.0,171.0,0.0,171.0,2.71,0.0,2.71,1.84,0.0,1.84,0.13,0.0,0.13,67.86,0.0,67.86,98.64,1.36,48.22,51.78,5.34,5.91,5.95,6.05,7.17,7.4,7.61,8.16,8.34,7.02,6.5,6.16,5.62,4.38,3.31,2.31,1.48,0.8,0.38,0.1,0.01,100.0,0.0,100.0,99.42,0.58,49.12,50.88,5.85,4.09,8.19,3.51,6.43,12.28,8.19,5.85,11.7,9.36,6.43,4.09,6.43,4.09,1.75,0.58,1.17,0.0,0.0,0.0,0.0,100.0,0.0,100.0,170.0,1.0,84.0,87.0,10.0,7.0,14.0,6.0,11.0,21.0,14.0,10.0,20.0,16.0,11.0,7.0,11.0,7.0,3.0,1.0,2.0,0.0,0.0,0.0,0.0,171.0,0.0,171.0,0.09,0.04,0.09,0.08,0.09,0.06,0.12,0.05,0.08,0.14,0.09,0.06,0.12,0.11,0.08,0.06,0.1,0.08,0.04,0.02,0.07,0.0,0.0,0.0,0.0,0.08,0.0,0.08,198673.0,2745.0,97115.0,104303.0,10761.0,11902.0,11984.0,12179.0,14436.0,14909.0,15336.0,16441.0,16797.0,14140.0,13094.0,12401.0,11320.0,8820.0,6673.0,4649.0,2978.0,1613.0,765.0,202.0,18.0,201418.0,0.0,201418.0,97.48,93.97,97.6,97.28,99.24,99.24,99.34,98.81,97.62,96.39,89.48,92.43,99.16,97.43,0.0,97.43,95.68,100.0,95.59,95.83,90.91,100.0,100.0,100.0,92.59,94.44,100.0,92.31,50.0,95.71,0.0,95.71,37.0,40.0,37.0,0.0,37.0,92.82,116.14,93.11,0.0,93.11,106.58,129.87,106.9,0.0,106.9,35.0,72.0,35.0,0.0,35.0,95.4,0.0,96.55,0.0,96.55,74.19,0.0,77.42,0.0,77.42
3544004,0.0,0.0,0.0,0.0,0.0,0.0,0.0,0.0,0.0,31328.0,0.0,31328.0,0.0,0.0,0.0,0.0,0.0,0.0,0.0,0.0,0.0,0.0,0.0,0.0,0.0,0.0,0.0,0.0,0.0,0.0,0.0,0.0,0.0,0.0,0.0,0.0,0.0,0.0,0.0,0.0,0.0,0.0,96.24,3.76,49.84,50.16,6.17,6.7,6.62,6.93,7.61,7.3,7.79,8.73,8.29,7.43,6.25,5.78,4.81,3.61,2.7,1.57,1.02,0.49,0.16,0.02,0.0,100.0,0.0,100.0,0.0,0.0,0.0,0.0,0.0,0.0,0.0,0.0,0.0,0.0,0.0,0.0,0.0,0.0,0.0,0.0,0.0,0.0,0.0,0.0,0.0,0.0,0.0,0.0,0.0,0.0,0.0,0.0,0.0,0.0,0.0,0.0,0.0,0.0,0.0,0.0,0.0,0.0,0.0,0.0,0.0,0.0,0.0,0.0,0.0,0.0,0.0,0.0,0.0,0.0,0.0,0.0,0.0,0.0,0.0,0.0,0.0,0.0,0.0,0.0,0.0,0.0,0.0,0.0,0.0,0.0,0.0,0.0,0.0,0.0,0.0,0.0,0.0,0.0,0.0,0.0,0.0,0.0,0.0,0.0,0.0,0.0,0.0,0.0,30151.0,1177.0,15614.0,15714.0,1933.0,2100.0,2075.0,2172.0,2385.0,2287.0,2439.0,2735.0,2596.0,2327.0,1958.0,1812.0,1508.0,1132.0,847.0,491.0,321.0,154.0,49.0,6.0,1.0,31328.0,0.0,31328.0,96.69,94.34,96.82,96.39,98.99,99.24,99.01,98.33,96.87,94.55,82.0,87.54,99.3,96.6,0.0,96.6,0.0,0.0,0.0,0.0,0.0,0.0,0.0,0.0,0.0,0.0,0.0,0.0,0.0,0.0,0.0,0.0,35.0,39.0,35.0,0.0,35.0,99.12,105.77,99.36,0.0,99.36,72.98,94.19,73.82,0.0,73.82,0.0,0.0,0.0,0.0,0.0,0.0,0.0,0.0,0.0,0.0,0.0,0.0,0.0,0.0,0.0
3544103,0.0,0.0,0.0,0.0,0.0,0.0,0.0,0.0,0.0,44170.0,0.0,44170.0,0.0,0.0,0.0,0.0,0.0,0.0,0.0,0.0,0.0,0.0,0.0,0.0,0.0,0.0,0.0,0.0,0.0,0.0,0.0,0.0,0.0,0.0,0.0,0.0,0.0,0.0,0.0,0.0,0.0,0.0,93.69,6.31,48.81,51.19,5.98,6.82,7.04,7.43,7.96,7.43,7.47,8.16,8.36,7.03,6.63,5.82,4.67,3.77,2.45,1.52,0.88,0.38,0.15,0.05,0.01,100.0,0.0,100.0,0.0,0.0,0.0,0.0,0.0,0.0,0.0,0.0,0.0,0.0,0.0,0.0,0.0,0.0,0.0,0.0,0.0,0.0,0.0,0.0,0.0,0.0,0.0,0.0,0.0,0.0,0.0,0.0,0.0,0.0,0.0,0.0,0.0,0.0,0.0,0.0,0.0,0.0,0.0,0.0,0.0,0.0,0.0,0.0,0.0,0.0,0.0,0.0,0.0,0.0,0.0,0.0,0.0,0.0,0.0,0.0,0.0,0.0,0.0,0.0,0.0,0.0,0.0,0.0,0.0,0.0,0.0,0.0,0.0,0.0,0.0,0.0,0.0,0.0,0.0,0.0,0.0,0.0,0.0,0.0,0.0,0.0,0.0,0.0,41384.0,2786.0,21561.0,22609.0,2643.0,3012.0,3109.0,3280.0,3516.0,3281.0,3300.0,3605.0,3693.0,3106.0,2930.0,2571.0,2061.0,1665.0,1081.0,670.0,387.0,169.0,67.0,21.0,3.0,44170.0,0.0,44170.0,95.94,93.6,96.29,95.34,99.09,99.07,98.76,98.48,96.45,93.35,72.06,82.16,98.97,95.79,0.0,95.79,0.0,0.0,0.0,0.0,0.0,0.0,0.0,0.0,0.0,0.0,0.0,0.0,0.0,0.0,0.0,0.0,34.0,36.0,34.0,0.0,34.0,94.87,103.06,95.36,0.0,95.36,69.12,80.81,69.88,0.0,69.88,0.0,0.0,0.0,0.0,0.0,0.0,0.0,0.0,0.0,0.0,0.0,0.0,0.0,0.0,0.0
3544202,0.0,0.0,0.0,0.0,0.0,0.0,0.0,0.0,0.0,10309.0,0.0,10309.0,0.0,0.0,0.0,0.0,0.0,0.0,0.0,0.0,0.0,0.0,0.0,0.0,0.0,0.0,0.0,0.0,0.0,0.0,0.0,0.0,0.0,0.0,0.0,0.0,0.0,0.0,0.0,0.0,0.0,0.0,71.54,28.46,61.33,38.67,4.88,4.79,5.07,5.7,9.91,10.37,9.58,9.93,8.72,6.96,5.33,4.71,4.37,3.38,2.61,1.88,0.94,0.53,0.26,0.05,0.0,100.0,0.0,100.0,0.0,0.0,0.0,0.0,0.0,0.0,0.0,0.0,0.0,0.0,0.0,0.0,0.0,0.0,0.0,0.0,0.0,0.0,0.0,0.0,0.0,0.0,0.0,0.0,0.0,0.0,0.0,0.0,0.0,0.0,0.0,0.0,0.0,0.0,0.0,0.0,0.0,0.0,0.0,0.0,0.0,0.0,0.0,0.0,0.0,0.0,0.0,0.0,0.0,0.0,0.0,0.0,0.0,0.0,0.0,0.0,0.0,0.0,0.0,0.0,0.0,0.0,0.0,0.0,0.0,0.0,0.0,0.0,0.0,0.0,0.0,0.0,0.0,0.0,0.0,0.0,0.0,0.0,0.0,0.0,0.0,0.0,0.0,0.0,7375.0,2934.0,6322.0,3987.0,503.0,494.0,523.0,588.0,1022.0,1069.0,988.0,1024.0,899.0,718.0,549.0,486.0,451.0,348.0,269.0,194.0,97.0,55.0,27.0,5.0,0.0,10309.0,0.0,10309.0,90.36,97.28,93.43,91.16,99.22,97.13,98.18,95.27,91.87,85.17,69.58,75.68,98.84,92.59,0.0,92.59,0.0,0.0,0.0,0.0,0.0,0.0,0.0,0.0,0.0,0.0,0.0,0.0,0.0,0.0,0.0,0.0,37.0,32.0,34.0,0.0,34.0,98.2,1003.01,158.57,0.0,158.57,92.05,139.8,95.13,0.0,95.13,0.0,0.0,0.0,0.0,0.0,0.0,0.0,0.0,0.0,0.0,0.0,0.0,0.0,0.0,0.0
3544251,0.0,0.0,0.0,0.0,0.0,0.0,0.0,0.0,0.0,17440.0,0.0,17440.0,0.0,0.0,0.0,0.0,0.0,0.0,0.0,0.0,0.0,0.0,0.0,0.0,0.0,0.0,0.0,0.0,0.0,0.0,0.0,0.0,0.0,0.0,0.0,0.0,0.0,0.0,0.0,0.0,0.0,0.0,79.29,20.71,49.16,50.84,5.39,6.07,6.43,6.83,6.3,6.06,6.18,6.4,7.44,7.59,7.74,7.4,6.44,4.99,3.93,2.58,1.32,0.64,0.21,0.03,0.01,100.0,0.0,100.0,0.0,0.0,0.0,0.0,0.0,0.0,0.0,0.0,0.0,0.0,0.0,0.0,0.0,0.0,0.0,0.0,0.0,0.0,0.0,0.0,0.0,0.0,0.0,0.0,0.0,0.0,0.0,0.0,0.0,0.0,0.0,0.0,0.0,0.0,0.0,0.0,0.0,0.0,0.0,0.0,0.0,0.0,0.0,0.0,0.0,0.0,0.0,0.0,0.0,0.0,0.0,0.0,0.0,0.0,0.0,0.0,0.0,0.0,0.0,0.0,0.0,0.0,0.0,0.0,0.0,0.0,0.0,0.0,0.0,0.0,0.0,0.0,0.0,0.0,0.0,0.0,0.0,0.0,0.0,0.0,0.0,0.0,0.0,0.0,13829.0,3611.0,8574.0,8866.0,940.0,1059.0,1122.0,1192.0,1098.0,1056.0,1078.0,1117.0,1298.0,1324.0,1350.0,1290.0,1123.0,871.0,686.0,450.0,230.0,112.0,37.0,5.0,2.0,17440.0,0.0,17440.0,95.16,90.31,94.87,93.54,98.72,98.41,99.59,98.34,95.74,92.25,71.65,81.61,99.78,94.18,0.0,94.18,0.0,0.0,0.0,0.0,0.0,0.0,0.0,0.0,0.0,0.0,0.0,0.0,0.0,0.0,0.0,0.0,40.0,39.0,40.0,0.0,40.0,92.2,116.1,96.71,0.0,96.71,120.46,87.14,112.66,0.0,112.66,0.0,0.0,0.0,0.0,0.0,0.0,0.0,0.0,0.0,0.0,0.0,0.0,0.0,0.0,0.0
3544301,0.0,0.0,0.0,0.0,0.0,0.0,0.0,0.0,0.0,10832.0,0.0,10832.0,0.0,0.0,0.0,0.0,0.0,0.0,0.0,0.0,0.0,0.0,0.0,0.0,0.0,0.0,0.0,0.0,0.0,0.0,0.0,0.0,0.0,0.0,0.0,0.0,0.0,0.0,0.0,0.0,0.0,0.0,93.31,6.69,50.04,49.96,6.06,7.28,6.9,6.66,6.76,7.62,7.15,7.99,8.38,6.9,6.59,6.19,4.97,4.42,2.8,1.86,0.78,0.53,0.15,0.04,0.0,100.0,0.0,100.0,0.0,0.0,0.0,0.0,0.0,0.0,0.0,0.0,0.0,0.0,0.0,0.0,0.0,0.0,0.0,0.0,0.0,0.0,0.0,0.0,0.0,0.0,0.0,0.0,0.0,0.0,0.0,0.0,0.0,0.0,0.0,0.0,0.0,0.0,0.0,0.0,0.0,0.0,0.0,0.0,0.0,0.0,0.0,0.0,0.0,0.0,0.0,0.0,0.0,0.0,0.0,0.0,0.0,0.0,0.0,0.0,0.0,0.0,0.0,0.0,0.0,0.0,0.0,0.0,0.0,0.0,0.0,0.0,0.0,0.0,0.0,0.0,0.0,0.0,0.0,0.0,0.0,0.0,0.0,0.0,0.0,0.0,0.0,0.0,10107.0,725.0,5420.0,5412.0,656.0,789.0,747.0,721.0,732.0,825.0,775.0,865.0,908.0,747.0,714.0,670.0,538.0,479.0,303.0,201.0,85.0,57.0,16.0,4.0,0.0,10832.0,0.0,10832.0,96.98,93.68,96.84,96.66,99.04,99.13,99.32,98.2,96.92,96.61,80.72,88.12,98.93,96.75,0.0,96.75,0.0,0.0,0.0,0.0,0.0,0.0,0.0,0.0,0.0,0.0,0.0,0.0,0.0,0.0,0.0,0.0,35.0,41.0,35.0,0.0,35.0,97.06,156.18,100.15,0.0,100.15,74.23,125.93,76.78,0.0,76.78,0.0,0.0,0.0,0.0,0.0,0.0,0.0,0.0,0.0,0.0,0.0,0.0,0.0,0.0,0.0
3544400,0.0,0.0,0.0,0.0,0.0,0.0,0.0,0.0,0.0,2700.0,0.0,2700.0,0.0,0.0,0.0,0.0,0.0,0.0,0.0,0.0,0.0,0.0,0.0,0.0,0.0,0.0,0.0,0.0,0.0,0.0,0.0,0.0,0.0,0.0,0.0,0.0,0.0,0.0,0.0,0.0,0.0,0.0,88.74,11.26,50.04,49.96,6.41,7.7,6.89,6.44,5.7,6.59,7.22,7.11,8.19,7.15,7.3,7.0,5.52,4.07,2.74,1.63,1.41,0.59,0.22,0.11,0.0,100.0,0.0,100.0,0.0,0.0,0.0,0.0,0.0,0.0,0.0,0.0,0.0,0.0,0.0,0.0,0.0,0.0,0.0,0.0,0.0,0.0,0.0,0.0,0.0,0.0,0.0,0.0,0.0,0.0,0.0,0.0,0.0,0.0,0.0,0.0,0.0,0.0,0.0,0.0,0.0,0.0,0.0,0.0,0.0,0.0,0.0,0.0,0.0,0.0,0.0,0.0,0.0,0.0,0.0,0.0,0.0,0.0,0.0,0.0,0.0,0.0,0.0,0.0,0.0,0.0,0.0,0.0,0.0,0.0,0.0,0.0,0.0,0.0,0.0,0.0,0.0,0.0,0.0,0.0,0.0,0.0,0.0,0.0,0.0,0.0,0.0,0.0,2396.0,304.0,1351.0,1349.0,173.0,208.0,186.0,174.0,154.0,178.0,195.0,192.0,221.0,193.0,197.0,189.0,149.0,110.0,74.0,44.0,38.0,16.0,6.0,3.0,0.0,2700.0,0.0,2700.0,91.83,93.93,92.29,91.87,98.05,98.93,99.05,96.85,90.26,90.24,57.01,73.54,100.0,92.08,0.0,92.08,0.0,0.0,0.0,0.0,0.0,0.0,0.0,0.0,0.0,0.0,0.0,0.0,0.0,0.0,0.0,0.0,36.0,40.0,37.0,0.0,37.0,98.18,117.14,100.15,0.0,100.15,76.67,85.96,77.6,0.0,77.6,0.0,0.0,0.0,0.0,0.0,0.0,0.0,0.0,0.0,0.0,0.0,0.0,0.0,0.0,0.0
3544509,0.0,0.0,0.0,0.0,0.0,0.0,0.0,0.0,0.0,3833.0,0.0,3833.0,0.0,0.0,0.0,0.0,0.0,0.0,0.0,0.0,0.0,0.0,0.0,0.0,0.0,0.0,0.0,0.0,0.0,0.0,0.0,0.0,0.0,0.0,0.0,0.0,0.0,0.0,0.0,0.0,0.0,0.0,89.36,10.64,49.49,50.51,5.48,4.77,5.9,5.09,5.32,4.41,4.96,5.84,6.68,6.99,7.51,8.06,8.48,7.7,5.58,3.55,2.17,1.04,0.37,0.08,0.03,100.0,0.0,100.0,0.0,0.0,0.0,0.0,0.0,0.0,0.0,0.0,0.0,0.0,0.0,0.0,0.0,0.0,0.0,0.0,0.0,0.0,0.0,0.0,0.0,0.0,0.0,0.0,0.0,0.0,0.0,0.0,0.0,0.0,0.0,0.0,0.0,0.0,0.0,0.0,0.0,0.0,0.0,0.0,0.0,0.0,0.0,0.0,0.0,0.0,0.0,0.0,0.0,0.0,0.0,0.0,0.0,0.0,0.0,0.0,0.0,0.0,0.0,0.0,0.0,0.0,0.0,0.0,0.0,0.0,0.0,0.0,0.0,0.0,0.0,0.0,0.0,0.0,0.0,0.0,0.0,0.0,0.0,0.0,0.0,0.0,0.0,0.0,3425.0,408.0,1897.0,1936.0,210.0,183.0,226.0,195.0,204.0,169.0,190.0,224.0,256.0,268.0,288.0,309.0,325.0,295.0,214.0,136.0,83.0,40.0,14.0,3.0,1.0,3833.0,0.0,3833.0,95.47,97.69,96.91,94.53,100.0,99.16,99.15,98.75,97.66,97.63,75.81,87.53,97.44,95.71,0.0,95.71,0.0,0.0,0.0,0.0,0.0,0.0,0.0,0.0,0.0,0.0,0.0,0.0,0.0,0.0,0.0,0.0,45.0,47.0,46.0,0.0,46.0,95.94,117.02,97.99,0.0,97.99,177.2,200.0,179.48,0.0,179.48,0.0,0.0,0.0,0.0,0.0,0.0,0.0,0.0,0.0,0.0,0.0,0.0,0.0,0.0,0.0
3544608,0.0,0.0,0.0,0.0,0.0,0.0,0.0,0.0,0.0,5112.0,0.0,5112.0,0.0,0.0,0.0,0.0,0.0,0.0,0.0,0.0,0.0,0.0,0.0,0.0,0.0,0.0,0.0,0.0,0.0,0.0,0.0,0.0,0.0,0.0,0.0,0.0,0.0,0.0,0.0,0.0,0.0,0.0,89.95,10.05,48.63,51.37,4.77,5.5,6.59,6.08,5.05,5.97,5.87,6.42,7.69,6.75,6.89,6.71,7.51,6.53,4.32,3.36,2.33,1.04,0.49,0.14,0.0,100.0,0.0,100.0,0.0,0.0,0.0,0.0,0.0,0.0,0.0,0.0,0.0,0.0,0.0,0.0,0.0,0.0,0.0,0.0,0.0,0.0,0.0,0.0,0.0,0.0,0.0,0.0,0.0,0.0,0.0,0.0,0.0,0.0,0.0,0.0,0.0,0.0,0.0,0.0,0.0,0.0,0.0,0.0,0.0,0.0,0.0,0.0,0.0,0.0,0.0,0.0,0.0,0.0,0.0,0.0,0.0,0.0,0.0,0.0,0.0,0.0,0.0,0.0,0.0,0.0,0.0,0.0,0.0,0.0,0.0,0.0,0.0,0.0,0.0,0.0,0.0,0.0,0.0,0.0,0.0,0.0,0.0,0.0,0.0,0.0,0.0,0.0,4598.0,514.0,2486.0,2626.0,244.0,281.0,337.0,311.0,258.0,305.0,300.0,328.0,393.0,345.0,352.0,343.0,384.0,334.0,221.0,172.0,119.0,53.0,25.0,7.0,0.0,5112.0,0.0,5112.0,94.42,93.99,94.88,93.9,98.45,97.85,97.66,97.78,93.54,94.22,80.32,87.86,98.97,94.38,0.0,94.38,0.0,0.0,0.0,0.0,0.0,0.0,0.0,0.0,0.0,0.0,0.0,0.0,0.0,0.0,0.0,0.0,42.0,43.0,42.0,0.0,42.0,94.17,99.22,94.67,0.0,94.67,154.97,133.67,152.55,0.0,152.55,0.0,0.0,0.0,0.0,0.0,0.0,0.0,0.0,0.0,0.0,0.0,0.0,0.0,0.0,0.0
3544707,0.0,0.0,0.0,0.0,0.0,0.0,0.0,0.0,0.0,2474.0,0.0,2474.0,0.0,0.0,0.0,0.0,0.0,0.0,0.0,0.0,0.0,0.0,0.0,0.0,0.0,0.0,0.0,0.0,0.0,0.0,0.0,0.0,0.0,0.0,0.0,0.0,0.0,0.0,0.0,0.0,0.0,0.0,79.39,20.61,48.46,51.54,6.27,6.14,7.07,5.66,6.02,6.75,6.63,6.91,7.19,6.47,6.75,5.9,6.91,4.97,4.65,2.63,1.41,1.01,0.44,0.16,0.04,100.0,0.0,100.0,0.0,0.0,0.0,0.0,0.0,0.0,0.0,0.0,0.0,0.0,0.0,0.0,0.0,0.0,0.0,0.0,0.0,0.0,0.0,0.0,0.0,0.0,0.0,0.0,0.0,0.0,0.0,0.0,0.0,0.0,0.0,0.0,0.0,0.0,0.0,0.0,0.0,0.0,0.0,0.0,0.0,0.0,0.0,0.0,0.0,0.0,0.0,0.0,0.0,0.0,0.0,0.0,0.0,0.0,0.0,0.0,0.0,0.0,0.0,0.0,0.0,0.0,0.0,0.0,0.0,0.0,0.0,0.0,0.0,0.0,0.0,0.0,0.0,0.0,0.0,0.0,0.0,0.0,0.0,0.0,0.0,0.0,0.0,0.0,1964.0,510.0,1199.0,1275.0,155.0,152.0,175.0,140.0,149.0,167.0,164.0,171.0,178.0,160.0,167.0,146.0,171.0,123.0,115.0,65.0,35.0,25.0,11.0,4.0,1.0,2474.0,0.0,2474.0,91.29,90.49,91.71,90.56,98.66,99.4,98.81,97.71,93.27,88.64,58.16,72.03,100.0,91.11,0.0,91.11,0.0,0.0,0.0,0.0,0.0,0.0,0.0,0.0,0.0,0.0,0.0,0.0,0.0,0.0,0.0,0.0,37.0,45.0,39.0,0.0,39.0,93.5,96.15,94.04,0.0,94.04,98.01,196.2,114.11,0.0,114.11,0.0,0.0,0.0,0.0,0.0,0.0,0.0,0.0,0.0,0.0,0.0,0.0,0.0,0.0,0.0
3544806,0.0,0.0,0.0,0.0,0.0,0.0,0.0,0.0,0.0,6437.0,0.0,6437.0,0.0,0.0,0.0,0.0,0.0,0.0,0.0,0.0,0.0,0.0,0.0,0.0,0.0,0.0,0.0,0.0,0.0,0.0,0.0,0.0,0.0,0.0,0.0,0.0,0.0,0.0,0.0,0.0,0.0,0.0,92.76,7.24,49.22,50.78,4.75,6.04,6.51,5.78,6.01,5.55,6.49,7.44,7.27,6.32,7.12,7.36,7.64,6.15,4.1,2.73,1.54,0.87,0.25,0.05,0.02,100.0,0.0,100.0,0.0,0.0,0.0,0.0,0.0,0.0,0.0,0.0,0.0,0.0,0.0,0.0,0.0,0.0,0.0,0.0,0.0,0.0,0.0,0.0,0.0,0.0,0.0,0.0,0.0,0.0,0.0,0.0,0.0,0.0,0.0,0.0,0.0,0.0,0.0,0.0,0.0,0.0,0.0,0.0,0.0,0.0,0.0,0.0,0.0,0.0,0.0,0.0,0.0,0.0,0.0,0.0,0.0,0.0,0.0,0.0,0.0,0.0,0.0,0.0,0.0,0.0,0.0,0.0,0.0,0.0,0.0,0.0,0.0,0.0,0.0,0.0,0.0,0.0,0.0,0.0,0.0,0.0,0.0,0.0,0.0,0.0,0.0,0.0,5971.0,466.0,3168.0,3269.0,306.0,389.0,419.0,372.0,387.0,357.0,418.0,479.0,468.0,407.0,458.0,474.0,492.0,396.0,264.0,176.0,99.0,56.0,16.0,3.0,1.0,6437.0,0.0,6437.0,93.53,93.67,93.95,93.15,96.64,97.81,98.66,98.1,93.18,92.65,77.49,84.27,97.3,93.54,0.0,93.54,0.0,0.0,0.0,0.0,0.0,0.0,0.0,0.0,0.0,0.0,0.0,0.0,0.0,0.0,0.0,0.0,40.0,44.0,40.0,0.0,40.0,95.96,109.91,96.91,0.0,96.91,132.41,171.83,134.92,0.0,134.92,0.0,0.0,0.0,0.0,0.0,0.0,0.0,0.0,0.0,0.0,0.0,0.0,0.0,0.0,0.0
3544905,0.0,0.0,0.0,0.0,0.0,0.0,0.0,0.0,0.0,11411.0,0.0,11411.0,0.0,0.0,0.0,0.0,0.0,0.0,0.0,0.0,0.0,0.0,0.0,0.0,0.0,0.0,0.0,0.0,0.0,0.0,0.0,0.0,0.0,0.0,0.0,0.0,0.0,0.0,0.0,0.0,0.0,0.0,94.81,5.19,48.3,51.7,5.37,5.98,5.96,6.17,6.67,7.19,7.45,8.17,8.09,6.77,6.67,6.27,5.7,4.65,3.5,2.64,1.46,0.81,0.43,0.05,0.01,100.0,0.0,100.0,0.0,0.0,0.0,0.0,0.0,0.0,0.0,0.0,0.0,0.0,0.0,0.0,0.0,0.0,0.0,0.0,0.0,0.0,0.0,0.0,0.0,0.0,0.0,0.0,0.0,0.0,0.0,0.0,0.0,0.0,0.0,0.0,0.0,0.0,0.0,0.0,0.0,0.0,0.0,0.0,0.0,0.0,0.0,0.0,0.0,0.0,0.0,0.0,0.0,0.0,0.0,0.0,0.0,0.0,0.0,0.0,0.0,0.0,0.0,0.0,0.0,0.0,0.0,0.0,0.0,0.0,0.0,0.0,0.0,0.0,0.0,0.0,0.0,0.0,0.0,0.0,0.0,0.0,0.0,0.0,0.0,0.0,0.0,0.0,10819.0,592.0,5512.0,5899.0,613.0,682.0,680.0,704.0,761.0,820.0,850.0,932.0,923.0,773.0,761.0,716.0,650.0,531.0,399.0,301.0,167.0,92.0,49.0,6.0,1.0,11411.0,0.0,11411.0,96.96,94.79,97.24,96.49,99.34,99.46,98.88,98.65,97.2,95.97,85.23,90.04,99.61,96.85,0.0,96.85,0.0,0.0,0.0,0.0,0.0,0.0,0.0,0.0,0.0,0.0,0.0,0.0,0.0,0.0,0.0,0.0,38.0,36.0,38.0,0.0,38.0,92.44,113.72,93.44,0.0,93.44,114.43,65.65,111.19,0.0,111.19,0.0,0.0,0.0,0.0,0.0,0.0,0.0,0.0,0.0,0.0,0.0,0.0,0.0,0.0,0.0
3545001,0.0,0.0,0.0,0.0,0.0,0.0,0.0,0.0,0.0,15202.0,0.0,15202.0,0.0,0.0,0.0,0.0,0.0,0.0,0.0,0.0,0.0,0.0,0.0,0.0,0.0,0.0,0.0,0.0,0.0,0.0,0.0,0.0,0.0,0.0,0.0,0.0,0.0,0.0,0.0,0.0,0.0,0.0,64.14,35.86,49.5,50.5,6.0,6.21,6.53,7.08,7.18,6.74,7.1,6.68,7.26,7.2,6.87,6.37,6.08,4.66,3.49,2.27,1.28,0.66,0.29,0.05,0.0,100.0,0.0,100.0,0.0,0.0,0.0,0.0,0.0,0.0,0.0,0.0,0.0,0.0,0.0,0.0,0.0,0.0,0.0,0.0,0.0,0.0,0.0,0.0,0.0,0.0,0.0,0.0,0.0,0.0,0.0,0.0,0.0,0.0,0.0,0.0,0.0,0.0,0.0,0.0,0.0,0.0,0.0,0.0,0.0,0.0,0.0,0.0,0.0,0.0,0.0,0.0,0.0,0.0,0.0,0.0,0.0,0.0,0.0,0.0,0.0,0.0,0.0,0.0,0.0,0.0,0.0,0.0,0.0,0.0,0.0,0.0,0.0,0.0,0.0,0.0,0.0,0.0,0.0,0.0,0.0,0.0,0.0,0.0,0.0,0.0,0.0,0.0,9750.0,5452.0,7525.0,7677.0,912.0,944.0,992.0,1076.0,1091.0,1025.0,1079.0,1015.0,1104.0,1095.0,1044.0,969.0,924.0,709.0,530.0,345.0,195.0,101.0,44.0,8.0,0.0,15202.0,0.0,15202.0,95.23,91.88,94.68,93.42,99.18,99.05,99.26,97.73,95.04,92.02,69.99,79.71,98.76,94.04,0.0,94.04,0.0,0.0,0.0,0.0,0.0,0.0,0.0,0.0,0.0,0.0,0.0,0.0,0.0,0.0,0.0,0.0,37.0,37.0,37.0,0.0,37.0,93.72,106.2,98.02,0.0,98.02,102.14,97.19,100.28,0.0,100.28,0.0,0.0,0.0,0.0,0.0,0.0,0.0,0.0,0.0,0.0,0.0,0.0,0.0,0.0,0.0
3545100,0.0,0.0,0.0,0.0,0.0,0.0,0.0,0.0,0.0,4808.0,0.0,4808.0,0.0,0.0,0.0,0.0,0.0,0.0,0.0,0.0,0.0,0.0,0.0,0.0,0.0,0.0,0.0,0.0,0.0,0.0,0.0,0.0,0.0,0.0,0.0,0.0,0.0,0.0,0.0,0.0,0.0,0.0,91.85,8.15,50.27,49.73,6.16,6.51,5.64,6.97,7.15,6.91,6.51,6.91,7.82,6.41,6.14,6.28,5.84,4.85,3.93,2.83,1.93,0.77,0.4,0.06,0.0,100.0,0.0,100.0,0.0,0.0,0.0,0.0,0.0,0.0,0.0,0.0,0.0,0.0,0.0,0.0,0.0,0.0,0.0,0.0,0.0,0.0,0.0,0.0,0.0,0.0,0.0,0.0,0.0,0.0,0.0,0.0,0.0,0.0,0.0,0.0,0.0,0.0,0.0,0.0,0.0,0.0,0.0,0.0,0.0,0.0,0.0,0.0,0.0,0.0,0.0,0.0,0.0,0.0,0.0,0.0,0.0,0.0,0.0,0.0,0.0,0.0,0.0,0.0,0.0,0.0,0.0,0.0,0.0,0.0,0.0,0.0,0.0,0.0,0.0,0.0,0.0,0.0,0.0,0.0,0.0,0.0,0.0,0.0,0.0,0.0,0.0,0.0,4416.0,392.0,2417.0,2391.0,296.0,313.0,271.0,335.0,344.0,332.0,313.0,332.0,376.0,308.0,295.0,302.0,281.0,233.0,189.0,136.0,93.0,37.0,19.0,3.0,0.0,4808.0,0.0,4808.0,89.34,96.21,90.02,89.76,99.13,98.14,98.99,96.61,91.04,86.28,60.42,68.87,99.27,89.89,0.0,89.89,0.0,0.0,0.0,0.0,0.0,0.0,0.0,0.0,0.0,0.0,0.0,0.0,0.0,0.0,0.0,0.0,37.0,42.0,37.0,0.0,37.0,100.0,114.21,101.09,0.0,101.09,110.81,132.0,112.61,0.0,112.61,0.0,0.0,0.0,0.0,0.0,0.0,0.0,0.0,0.0,0.0,0.0,0.0,0.0,0.0,0.0
3545159,0.0,0.0,0.0,0.0,0.0,0.0,0.0,0.0,0.0,8161.0,0.0,8161.0,0.0,0.0,0.0,0.0,0.0,0.0,0.0,0.0,0.0,0.0,0.0,0.0,0.0,0.0,0.0,0.0,0.0,0.0,0.0,0.0,0.0,0.0,0.0,0.0,0.0,0.0,0.0,0.0,0.0,0.0,89.6,10.4,49.1,50.9,5.31,5.44,5.43,6.3,6.43,6.58,6.92,8.31,8.49,7.49,6.38,6.19,6.09,5.17,4.23,2.34,1.61,0.85,0.42,0.04,0.0,100.0,0.0,100.0,0.0,0.0,0.0,0.0,0.0,0.0,0.0,0.0,0.0,0.0,0.0,0.0,0.0,0.0,0.0,0.0,0.0,0.0,0.0,0.0,0.0,0.0,0.0,0.0,0.0,0.0,0.0,0.0,0.0,0.0,0.0,0.0,0.0,0.0,0.0,0.0,0.0,0.0,0.0,0.0,0.0,0.0,0.0,0.0,0.0,0.0,0.0,0.0,0.0,0.0,0.0,0.0,0.0,0.0,0.0,0.0,0.0,0.0,0.0,0.0,0.0,0.0,0.0,0.0,0.0,0.0,0.0,0.0,0.0,0.0,0.0,0.0,0.0,0.0,0.0,0.0,0.0,0.0,0.0,0.0,0.0,0.0,0.0,0.0,7312.0,849.0,4007.0,4154.0,433.0,444.0,443.0,514.0,525.0,537.0,565.0,678.0,693.0,611.0,521.0,505.0,497.0,422.0,345.0,191.0,131.0,69.0,34.0,3.0,0.0,8161.0,0.0,8161.0,98.34,94.24,97.26,98.52,99.43,99.18,98.33,99.27,98.32,96.81,92.76,94.64,99.53,97.91,0.0,97.91,0.0,0.0,0.0,0.0,0.0,0.0,0.0,0.0,0.0,0.0,0.0,0.0,0.0,0.0,0.0,0.0,39.0,42.0,39.0,0.0,39.0,95.3,107.07,96.46,0.0,96.46,125.61,150.36,128.18,0.0,128.18,0.0,0.0,0.0,0.0,0.0,0.0,0.0,0.0,0.0,0.0,0.0,0.0,0.0,0.0,0.0
3545209,0.0,0.0,0.0,0.0,0.0,0.0,0.0,0.0,0.0,134319.0,0.0,134319.0,0.0,0.0,0.0,0.0,0.0,0.0,0.0,0.0,0.0,0.0,0.0,0.0,0.0,0.0,0.0,0.0,0.0,0.0,0.0,0.0,0.0,0.0,0.0,0.0,0.0,0.0,0.0,0.0,0.0,0.0,98.84,1.16,49.0,51.0,6.16,6.52,6.15,6.3,6.95,7.7,8.21,8.72,8.33,6.93,6.34,6.03,5.27,3.97,2.73,1.72,1.07,0.58,0.24,0.06,0.01,100.0,0.0,100.0,0.0,0.0,0.0,0.0,0.0,0.0,0.0,0.0,0.0,0.0,0.0,0.0,0.0,0.0,0.0,0.0,0.0,0.0,0.0,0.0,0.0,0.0,0.0,0.0,0.0,0.0,0.0,0.0,0.0,0.0,0.0,0.0,0.0,0.0,0.0,0.0,0.0,0.0,0.0,0.0,0.0,0.0,0.0,0.0,0.0,0.0,0.0,0.0,0.0,0.0,0.0,0.0,0.0,0.0,0.0,0.0,0.0,0.0,0.0,0.0,0.0,0.0,0.0,0.0,0.0,0.0,0.0,0.0,0.0,0.0,0.0,0.0,0.0,0.0,0.0,0.0,0.0,0.0,0.0,0.0,0.0,0.0,0.0,0.0,132758.0,1561.0,65810.0,68509.0,8277.0,8759.0,8266.0,8465.0,9337.0,10340.0,11022.0,11707.0,11194.0,9305.0,8516.0,8103.0,7080.0,5335.0,3670.0,2304.0,1442.0,773.0,326.0,82.0,16.0,134319.0,0.0,134319.0,97.44,94.07,97.73,97.1,99.14,99.3,99.16,98.85,98.01,96.39,85.94,90.21,99.26,97.41,0.0,97.41,0.0,0.0,0.0,0.0,0.0,0.0,0.0,0.0,0.0,0.0,0.0,0.0,0.0,0.0,0.0,0.0,36.0,35.0,36.0,0.0,36.0,95.96,105.39,96.06,0.0,96.06,83.21,75.79,83.11,0.0,83.11,0.0,0.0,0.0,0.0,0.0,0.0,0.0,0.0,0.0,0.0,0.0,0.0,0.0,0.0,0.0
3545308,100.0,91.67,8.33,120.0,110.0,10.0,0.27,93.22,0.02,43748.0,118.0,43630.0,100.0,86.05,13.95,100.0,88.37,11.63,100.0,91.67,8.33,43.0,37.0,6.0,129.0,114.0,15.0,120.0,110.0,10.0,3.0,3.08,2.5,2.79,2.97,1.67,0.28,97.37,0.04,93.02,96.49,66.67,92.76,7.24,49.6,50.4,5.57,6.64,6.59,6.54,7.52,7.45,7.42,7.88,7.81,6.68,6.57,6.08,5.56,4.38,3.08,2.19,1.13,0.62,0.23,0.03,0.01,100.0,0.27,99.73,5.0,95.0,50.0,50.0,12.5,5.83,10.83,9.17,8.33,7.5,3.33,9.17,10.0,7.5,1.67,1.67,5.83,4.17,0.83,0.83,0.83,0.0,0.0,0.0,0.0,100.0,91.67,8.33,6.0,114.0,60.0,60.0,15.0,7.0,13.0,11.0,10.0,9.0,4.0,11.0,12.0,9.0,2.0,2.0,7.0,5.0,1.0,1.0,1.0,0.0,0.0,0.0,0.0,120.0,110.0,10.0,0.01,3.6,0.28,0.27,0.62,0.24,0.45,0.38,0.3,0.28,0.12,0.32,0.35,0.31,0.07,0.08,0.29,0.26,0.07,0.1,0.2,0.0,0.0,0.0,0.0,0.27,93.22,0.02,40579.0,3169.0,21701.0,22047.0,2436.0,2907.0,2884.0,2863.0,3289.0,3260.0,3244.0,3447.0,3416.0,2923.0,2876.0,2662.0,2433.0,1917.0,1348.0,957.0,495.0,273.0,100.0,15.0,3.0,43748.0,118.0,43630.0,96.71,95.86,96.97,96.33,99.06,98.94,99.1,98.47,97.33,95.56,81.82,88.68,98.99,96.65,97.62,96.64,80.0,97.5,100.0,93.33,100.0,100.0,100.0,100.0,100.0,88.89,0.0,75.0,100.0,96.47,97.37,88.89,36.0,39.0,36.0,27.0,36.0,97.82,106.58,98.43,100.0,98.43,90.04,112.86,91.66,41.18,91.87,45.0,27.0,28.0,26.0,45.0,200.0,96.55,100.0,100.0,100.0,200.0,38.24,42.86,38.24,200.0
3545407,0.0,0.0,0.0,0.0,0.0,0.0,0.0,0.0,0.0,9050.0,0.0,9050.0,0.0,0.0,0.0,0.0,0.0,0.0,0.0,0.0,0.0,0.0,0.0,0.0,0.0,0.0,0.0,0.0,0.0,0.0,0.0,0.0,0.0,0.0,0.0,0.0,0.0,0.0,0.0,0.0,0.0,0.0,93.83,6.17,48.66,51.34,5.82,6.48,6.09,6.65,6.83,6.48,6.32,7.1,7.13,6.9,6.62,6.59,5.71,5.41,3.98,2.83,1.7,0.94,0.31,0.12,0.0,100.0,0.0,100.0,0.0,0.0,0.0,0.0,0.0,0.0,0.0,0.0,0.0,0.0,0.0,0.0,0.0,0.0,0.0,0.0,0.0,0.0,0.0,0.0,0.0,0.0,0.0,0.0,0.0,0.0,0.0,0.0,0.0,0.0,0.0,0.0,0.0,0.0,0.0,0.0,0.0,0.0,0.0,0.0,0.0,0.0,0.0,0.0,0.0,0.0,0.0,0.0,0.0,0.0,0.0,0.0,0.0,0.0,0.0,0.0,0.0,0.0,0.0,0.0,0.0,0.0,0.0,0.0,0.0,0.0,0.0,0.0,0.0,0.0,0.0,0.0,0.0,0.0,0.0,0.0,0.0,0.0,0.0,0.0,0.0,0.0,0.0,0.0,8492.0,558.0,4404.0,4646.0,527.0,586.0,551.0,602.0,618.0,586.0,572.0,643.0,645.0,624.0,599.0,596.0,517.0,490.0,360.0,256.0,154.0,85.0,28.0,11.0,0.0,9050.0,0.0,9050.0,92.81,91.56,93.12,92.36,98.54,97.84,98.26,96.2,94.03,90.12,77.53,81.0,99.22,92.73,0.0,92.73,0.0,0.0,0.0,0.0,0.0,0.0,0.0,0.0,0.0,0.0,0.0,0.0,0.0,0.0,0.0,0.0,38.0,41.0,38.0,0.0,38.0,93.57,115.44,94.79,0.0,94.79,113.58,125.0,114.24,0.0,114.24,0.0,0.0,0.0,0.0,0.0,0.0,0.0,0.0,0.0,0.0,0.0,0.0,0.0,0.0,0.0
3545506,0.0,0.0,0.0,0.0,0.0,0.0,0.0,0.0,0.0,3645.0,0.0,3645.0,0.0,0.0,0.0,0.0,0.0,0.0,0.0,0.0,0.0,0.0,0.0,0.0,0.0,0.0,0.0,0.0,0.0,0.0,0.0,0.0,0.0,0.0,0.0,0.0,0.0,0.0,0.0,0.0,0.0,0.0,69.38,30.62,50.29,49.71,6.45,7.3,7.82,6.34,6.64,6.89,6.69,6.89,7.05,7.33,6.94,6.47,5.73,4.12,3.4,2.03,1.1,0.55,0.25,0.03,0.0,100.0,0.0,100.0,0.0,0.0,0.0,0.0,0.0,0.0,0.0,0.0,0.0,0.0,0.0,0.0,0.0,0.0,0.0,0.0,0.0,0.0,0.0,0.0,0.0,0.0,0.0,0.0,0.0,0.0,0.0,0.0,0.0,0.0,0.0,0.0,0.0,0.0,0.0,0.0,0.0,0.0,0.0,0.0,0.0,0.0,0.0,0.0,0.0,0.0,0.0,0.0,0.0,0.0,0.0,0.0,0.0,0.0,0.0,0.0,0.0,0.0,0.0,0.0,0.0,0.0,0.0,0.0,0.0,0.0,0.0,0.0,0.0,0.0,0.0,0.0,0.0,0.0,0.0,0.0,0.0,0.0,0.0,0.0,0.0,0.0,0.0,0.0,2529.0,1116.0,1833.0,1812.0,235.0,266.0,285.0,231.0,242.0,251.0,244.0,251.0,257.0,267.0,253.0,236.0,209.0,150.0,124.0,74.0,40.0,20.0,9.0,1.0,0.0,3645.0,0.0,3645.0,94.63,94.25,94.74,94.28,99.59,98.38,97.95,97.24,96.35,92.36,68.75,81.34,100.0,94.51,0.0,94.51,0.0,0.0,0.0,0.0,0.0,0.0,0.0,0.0,0.0,0.0,0.0,0.0,0.0,0.0,0.0,0.0,34.0,41.0,36.0,0.0,36.0,99.45,105.15,101.16,0.0,101.16,64.7,120.85,79.77,0.0,79.77,0.0,0.0,0.0,0.0,0.0,0.0,0.0,0.0,0.0,0.0,0.0,0.0,0.0,0.0,0.0
3545605,0.0,0.0,0.0,0.0,0.0,0.0,0.0,0.0,0.0,14018.0,0.0,14018.0,0.0,0.0,0.0,0.0,0.0,0.0,0.0,0.0,0.0,0.0,0.0,0.0,0.0,0.0,0.0,0.0,0.0,0.0,0.0,0.0,0.0,0.0,0.0,0.0,0.0,0.0,0.0,0.0,0.0,0.0,95.56,4.44,49.28,50.72,5.16,5.97,5.79,6.41,6.84,7.01,7.03,7.7,8.07,7.43,6.56,6.48,5.56,4.63,3.8,2.51,1.7,0.92,0.36,0.07,0.01,100.0,0.0,100.0,0.0,0.0,0.0,0.0,0.0,0.0,0.0,0.0,0.0,0.0,0.0,0.0,0.0,0.0,0.0,0.0,0.0,0.0,0.0,0.0,0.0,0.0,0.0,0.0,0.0,0.0,0.0,0.0,0.0,0.0,0.0,0.0,0.0,0.0,0.0,0.0,0.0,0.0,0.0,0.0,0.0,0.0,0.0,0.0,0.0,0.0,0.0,0.0,0.0,0.0,0.0,0.0,0.0,0.0,0.0,0.0,0.0,0.0,0.0,0.0,0.0,0.0,0.0,0.0,0.0,0.0,0.0,0.0,0.0,0.0,0.0,0.0,0.0,0.0,0.0,0.0,0.0,0.0,0.0,0.0,0.0,0.0,0.0,0.0,13395.0,623.0,6908.0,7110.0,723.0,837.0,811.0,899.0,959.0,982.0,985.0,1080.0,1131.0,1041.0,920.0,908.0,780.0,649.0,532.0,352.0,238.0,129.0,51.0,10.0,1.0,14018.0,0.0,14018.0,95.72,93.64,96.08,95.18,98.85,98.93,98.36,98.15,96.48,93.72,81.43,87.21,99.43,95.62,0.0,95.62,0.0,0.0,0.0,0.0,0.0,0.0,0.0,0.0,0.0,0.0,0.0,0.0,0.0,0.0,0.0,0.0,38.0,45.0,38.0,0.0,38.0,96.44,114.09,97.16,0.0,97.16,113.18,179.55,115.65,0.0,115.65,0.0,0.0,0.0,0.0,0.0,0.0,0.0,0.0,0.0,0.0,0.0,0.0,0.0,0.0,0.0
3545704,0.0,0.0,0.0,0.0,0.0,0.0,0.0,0.0,0.0,6393.0,0.0,6393.0,0.0,0.0,0.0,0.0,0.0,0.0,0.0,0.0,0.0,0.0,0.0,0.0,0.0,0.0,0.0,0.0,0.0,0.0,0.0,0.0,0.0,0.0,0.0,0.0,0.0,0.0,0.0,0.0,0.0,0.0,87.6,12.4,49.69,50.31,5.74,6.24,5.55,5.44,5.11,6.23,7.43,7.18,7.37,6.57,6.48,6.54,6.73,6.12,4.74,3.22,1.63,1.2,0.41,0.05,0.03,100.0,0.0,100.0,0.0,0.0,0.0,0.0,0.0,0.0,0.0,0.0,0.0,0.0,0.0,0.0,0.0,0.0,0.0,0.0,0.0,0.0,0.0,0.0,0.0,0.0,0.0,0.0,0.0,0.0,0.0,0.0,0.0,0.0,0.0,0.0,0.0,0.0,0.0,0.0,0.0,0.0,0.0,0.0,0.0,0.0,0.0,0.0,0.0,0.0,0.0,0.0,0.0,0.0,0.0,0.0,0.0,0.0,0.0,0.0,0.0,0.0,0.0,0.0,0.0,0.0,0.0,0.0,0.0,0.0,0.0,0.0,0.0,0.0,0.0,0.0,0.0,0.0,0.0,0.0,0.0,0.0,0.0,0.0,0.0,0.0,0.0,0.0,5600.0,793.0,3177.0,3216.0,367.0,399.0,355.0,348.0,327.0,398.0,475.0,459.0,471.0,420.0,414.0,418.0,430.0,391.0,303.0,206.0,104.0,77.0,26.0,3.0,2.0,6393.0,0.0,6393.0,92.7,93.77,93.22,92.45,98.47,99.08,98.62,97.63,93.76,91.51,72.01,80.67,99.23,92.83,0.0,92.83,0.0,0.0,0.0,0.0,0.0,0.0,0.0,0.0,0.0,0.0,0.0,0.0,0.0,0.0,0.0,0.0,39.0,47.0,40.0,0.0,40.0,95.87,122.13,98.79,0.0,98.79,132.56,174.07,137.56,0.0,137.56,0.0,0.0,0.0,0.0,0.0,0.0,0.0,0.0,0.0,0.0,0.0,0.0,0.0,0.0,0.0
3545803,100.0,0.0,100.0,1.0,0.0,1.0,0.0,0.0,0.0,183347.0,0.0,183347.0,100.0,0.0,100.0,100.0,0.0,100.0,100.0,0.0,100.0,1.0,0.0,1.0,1.0,0.0,1.0,1.0,0.0,1.0,1.0,0.0,1.0,1.0,0.0,1.0,0.0,0.0,0.0,100.0,0.0,100.0,99.45,0.55,49.06,50.94,5.29,5.94,5.63,5.9,6.67,7.34,7.84,8.22,8.15,6.82,7.06,6.79,6.18,4.82,3.25,1.91,1.2,0.63,0.28,0.06,0.01,100.0,0.0,100.0,100.0,0.0,100.0,0.0,0.0,0.0,0.0,0.0,0.0,0.0,0.0,0.0,0.0,100.0,0.0,0.0,0.0,0.0,0.0,0.0,0.0,0.0,0.0,0.0,0.0,100.0,0.0,100.0,1.0,0.0,1.0,0.0,0.0,0.0,0.0,0.0,0.0,0.0,0.0,0.0,0.0,1.0,0.0,0.0,0.0,0.0,0.0,0.0,0.0,0.0,0.0,0.0,0.0,1.0,0.0,1.0,0.0,0.0,0.0,0.0,0.0,0.0,0.0,0.0,0.0,0.0,0.0,0.0,0.0,0.01,0.0,0.0,0.0,0.0,0.0,0.0,0.0,0.0,0.0,0.0,0.0,0.0,0.0,0.0,182330.0,1017.0,89953.0,93394.0,9706.0,10898.0,10329.0,10826.0,12225.0,13454.0,14368.0,15075.0,14941.0,12513.0,12946.0,12453.0,11322.0,8846.0,5963.0,3496.0,2195.0,1160.0,505.0,113.0,13.0,183347.0,0.0,183347.0,97.41,96.51,97.84,97.0,99.36,99.27,99.25,98.96,98.23,97.43,82.97,90.09,99.2,97.41,0.0,97.41,100.0,0.0,100.0,0.0,0.0,0.0,0.0,0.0,100.0,0.0,0.0,0.0,0.0,100.0,0.0,100.0,38.0,38.0,38.0,0.0,38.0,96.19,122.05,96.32,0.0,96.32,108.47,146.5,108.66,0.0,108.66,48.0,0.0,48.0,0.0,48.0,0.0,0.0,0.0,0.0,0.0,0.0,0.0,0.0,0.0,0.0
3546009,0.0,0.0,0.0,0.0,0.0,0.0,0.0,0.0,0.0,13975.0,0.0,13975.0,0.0,0.0,0.0,0.0,0.0,0.0,0.0,0.0,0.0,0.0,0.0,0.0,0.0,0.0,0.0,0.0,0.0,0.0,0.0,0.0,0.0,0.0,0.0,0.0,0.0,0.0,0.0,0.0,0.0,0.0,84.89,15.11,49.75,50.25,5.3,5.53,6.04,6.52,6.66,6.68,6.67,7.05,7.18,7.16,7.46,7.04,6.38,5.25,3.74,2.65,1.48,0.84,0.3,0.05,0.01,100.0,0.0,100.0,0.0,0.0,0.0,0.0,0.0,0.0,0.0,0.0,0.0,0.0,0.0,0.0,0.0,0.0,0.0,0.0,0.0,0.0,0.0,0.0,0.0,0.0,0.0,0.0,0.0,0.0,0.0,0.0,0.0,0.0,0.0,0.0,0.0,0.0,0.0,0.0,0.0,0.0,0.0,0.0,0.0,0.0,0.0,0.0,0.0,0.0,0.0,0.0,0.0,0.0,0.0,0.0,0.0,0.0,0.0,0.0,0.0,0.0,0.0,0.0,0.0,0.0,0.0,0.0,0.0,0.0,0.0,0.0,0.0,0.0,0.0,0.0,0.0,0.0,0.0,0.0,0.0,0.0,0.0,0.0,0.0,0.0,0.0,0.0,11864.0,2111.0,6953.0,7022.0,740.0,773.0,844.0,911.0,931.0,933.0,932.0,985.0,1004.0,1001.0,1043.0,984.0,892.0,734.0,523.0,370.0,207.0,118.0,42.0,7.0,1.0,13975.0,0.0,13975.0,95.51,92.0,95.02,94.96,98.6,98.93,98.4,97.84,96.04,93.23,80.13,85.76,98.86,94.99,0.0,94.99,0.0,0.0,0.0,0.0,0.0,0.0,0.0,0.0,0.0,0.0,0.0,0.0,0.0,0.0,0.0,0.0,39.0,40.0,39.0,0.0,39.0,96.68,113.23,99.02,0.0,99.02,124.41,114.79,122.78,0.0,122.78,0.0,0.0,0.0,0.0,0.0,0.0,0.0,0.0,0.0,0.0,0.0,0.0,0.0,0.0,0.0
3546108,0.0,0.0,0.0,0.0,0.0,0.0,0.0,0.0,0.0,2598.0,0.0,2598.0,0.0,0.0,0.0,0.0,0.0,0.0,0.0,0.0,0.0,0.0,0.0,0.0,0.0,0.0,0.0,0.0,0.0,0.0,0.0,0.0,0.0,0.0,0.0,0.0,0.0,0.0,0.0,0.0,0.0,0.0,78.33,21.67,50.23,49.77,6.93,5.85,6.7,5.39,6.24,6.35,7.12,7.43,7.54,7.01,6.16,5.85,6.16,5.54,3.89,2.96,1.96,0.65,0.19,0.04,0.04,100.0,0.0,100.0,0.0,0.0,0.0,0.0,0.0,0.0,0.0,0.0,0.0,0.0,0.0,0.0,0.0,0.0,0.0,0.0,0.0,0.0,0.0,0.0,0.0,0.0,0.0,0.0,0.0,0.0,0.0,0.0,0.0,0.0,0.0,0.0,0.0,0.0,0.0,0.0,0.0,0.0,0.0,0.0,0.0,0.0,0.0,0.0,0.0,0.0,0.0,0.0,0.0,0.0,0.0,0.0,0.0,0.0,0.0,0.0,0.0,0.0,0.0,0.0,0.0,0.0,0.0,0.0,0.0,0.0,0.0,0.0,0.0,0.0,0.0,0.0,0.0,0.0,0.0,0.0,0.0,0.0,0.0,0.0,0.0,0.0,0.0,0.0,2035.0,563.0,1305.0,1293.0,180.0,152.0,174.0,140.0,162.0,165.0,185.0,193.0,196.0,182.0,160.0,152.0,160.0,144.0,101.0,77.0,51.0,17.0,5.0,1.0,1.0,2598.0,0.0,2598.0,93.83,93.19,93.91,93.47,98.77,98.86,97.26,98.71,95.32,91.99,75.0,80.35,100.0,93.69,0.0,93.69,0.0,0.0,0.0,0.0,0.0,0.0,0.0,0.0,0.0,0.0,0.0,0.0,0.0,0.0,0.0,0.0,37.0,42.0,38.0,0.0,38.0,96.62,118.22,100.93,0.0,100.93,104.27,131.48,110.08,0.0,110.08,0.0,0.0,0.0,0.0,0.0,0.0,0.0,0.0,0.0,0.0,0.0,0.0,0.0,0.0,0.0
3546207,0.0,0.0,0.0,0.0,0.0,0.0,0.0,0.0,0.0,4277.0,0.0,4277.0,0.0,0.0,0.0,0.0,0.0,0.0,0.0,0.0,0.0,0.0,0.0,0.0,0.0,0.0,0.0,0.0,0.0,0.0,0.0,0.0,0.0,0.0,0.0,0.0,0.0,0.0,0.0,0.0,0.0,0.0,81.27,18.73,49.03,50.97,3.95,5.47,5.54,5.68,5.85,4.84,5.73,7.53,7.88,7.22,7.46,7.32,7.32,6.24,4.93,3.18,2.01,1.17,0.51,0.14,0.02,100.0,0.0,100.0,0.0,0.0,0.0,0.0,0.0,0.0,0.0,0.0,0.0,0.0,0.0,0.0,0.0,0.0,0.0,0.0,0.0,0.0,0.0,0.0,0.0,0.0,0.0,0.0,0.0,0.0,0.0,0.0,0.0,0.0,0.0,0.0,0.0,0.0,0.0,0.0,0.0,0.0,0.0,0.0,0.0,0.0,0.0,0.0,0.0,0.0,0.0,0.0,0.0,0.0,0.0,0.0,0.0,0.0,0.0,0.0,0.0,0.0,0.0,0.0,0.0,0.0,0.0,0.0,0.0,0.0,0.0,0.0,0.0,0.0,0.0,0.0,0.0,0.0,0.0,0.0,0.0,0.0,0.0,0.0,0.0,0.0,0.0,0.0,3476.0,801.0,2097.0,2180.0,169.0,234.0,237.0,243.0,250.0,207.0,245.0,322.0,337.0,309.0,319.0,313.0,313.0,267.0,211.0,136.0,86.0,50.0,22.0,6.0,1.0,4277.0,0.0,4277.0,97.2,92.27,96.16,96.41,98.0,98.89,95.24,98.18,96.02,96.01,90.37,92.94,98.96,96.29,0.0,96.29,0.0,0.0,0.0,0.0,0.0,0.0,0.0,0.0,0.0,0.0,0.0,0.0,0.0,0.0,0.0,0.0,43.0,42.0,43.0,0.0,43.0,93.87,106.98,96.19,0.0,96.19,174.8,153.91,170.63,0.0,170.63,0.0,0.0,0.0,0.0,0.0,0.0,0.0,0.0,0.0,0.0,0.0,0.0,0.0,0.0,0.0
3546256,0.0,0.0,0.0,0.0,0.0,0.0,0.0,0.0,0.0,2116.0,0.0,2116.0,0.0,0.0,0.0,0.0,0.0,0.0,0.0,0.0,0.0,0.0,0.0,0.0,0.0,0.0,0.0,0.0,0.0,0.0,0.0,0.0,0.0,0.0,0.0,0.0,0.0,0.0,0.0,0.0,0.0,0.0,76.04,23.96,50.0,50.0,5.48,6.76,6.99,6.47,5.81,7.66,6.1,7.33,6.33,5.62,5.91,7.14,6.47,5.01,4.58,3.07,1.98,1.04,0.24,0.0,0.0,100.0,0.0,100.0,0.0,0.0,0.0,0.0,0.0,0.0,0.0,0.0,0.0,0.0,0.0,0.0,0.0,0.0,0.0,0.0,0.0,0.0,0.0,0.0,0.0,0.0,0.0,0.0,0.0,0.0,0.0,0.0,0.0,0.0,0.0,0.0,0.0,0.0,0.0,0.0,0.0,0.0,0.0,0.0,0.0,0.0,0.0,0.0,0.0,0.0,0.0,0.0,0.0,0.0,0.0,0.0,0.0,0.0,0.0,0.0,0.0,0.0,0.0,0.0,0.0,0.0,0.0,0.0,0.0,0.0,0.0,0.0,0.0,0.0,0.0,0.0,0.0,0.0,0.0,0.0,0.0,0.0,0.0,0.0,0.0,0.0,0.0,0.0,1609.0,507.0,1058.0,1058.0,116.0,143.0,148.0,137.0,123.0,162.0,129.0,155.0,134.0,119.0,125.0,151.0,137.0,106.0,97.0,65.0,42.0,22.0,5.0,0.0,0.0,2116.0,0.0,2116.0,96.88,92.07,95.21,96.11,99.19,100.0,98.82,98.62,95.49,93.06,85.82,89.02,100.0,95.67,0.0,95.67,0.0,0.0,0.0,0.0,0.0,0.0,0.0,0.0,0.0,0.0,0.0,0.0,0.0,0.0,0.0,0.0,35.0,46.0,38.0,0.0,38.0,93.86,122.37,100.0,0.0,100.0,98.78,191.03,116.46,0.0,116.46,0.0,0.0,0.0,0.0,0.0,0.0,0.0,0.0,0.0,0.0,0.0,0.0,0.0,0.0,0.0
3546306,0.0,0.0,0.0,0.0,0.0,0.0,0.0,0.0,0.0,28864.0,0.0,28864.0,0.0,0.0,0.0,0.0,0.0,0.0,0.0,0.0,0.0,0.0,0.0,0.0,0.0,0.0,0.0,0.0,0.0,0.0,0.0,0.0,0.0,0.0,0.0,0.0,0.0,0.0,0.0,0.0,0.0,0.0,97.71,2.29,49.46,50.54,5.71,6.25,6.15,6.85,7.05,7.27,7.53,8.59,7.86,6.79,6.64,6.13,5.42,4.22,3.04,2.12,1.34,0.69,0.27,0.07,0.01,100.0,0.0,100.0,0.0,0.0,0.0,0.0,0.0,0.0,0.0,0.0,0.0,0.0,0.0,0.0,0.0,0.0,0.0,0.0,0.0,0.0,0.0,0.0,0.0,0.0,0.0,0.0,0.0,0.0,0.0,0.0,0.0,0.0,0.0,0.0,0.0,0.0,0.0,0.0,0.0,0.0,0.0,0.0,0.0,0.0,0.0,0.0,0.0,0.0,0.0,0.0,0.0,0.0,0.0,0.0,0.0,0.0,0.0,0.0,0.0,0.0,0.0,0.0,0.0,0.0,0.0,0.0,0.0,0.0,0.0,0.0,0.0,0.0,0.0,0.0,0.0,0.0,0.0,0.0,0.0,0.0,0.0,0.0,0.0,0.0,0.0,0.0,28204.0,660.0,14275.0,14589.0,1648.0,1805.0,1775.0,1977.0,2034.0,2099.0,2173.0,2478.0,2269.0,1961.0,1918.0,1768.0,1565.0,1217.0,877.0,612.0,388.0,200.0,77.0,20.0,3.0,28864.0,0.0,28864.0,94.09,95.41,93.76,94.46,98.82,98.13,99.34,95.81,92.27,91.33,81.46,85.95,98.31,94.12,0.0,94.12,0.0,0.0,0.0,0.0,0.0,0.0,0.0,0.0,0.0,0.0,0.0,0.0,0.0,0.0,0.0,0.0,36.0,37.0,36.0,0.0,36.0,97.47,115.69,97.85,0.0,97.85,94.78,97.81,94.85,0.0,94.85,0.0,0.0,0.0,0.0,0.0,0.0,0.0,0.0,0.0,0.0,0.0,0.0,0.0,0.0,0.0
3546405,0.0,0.0,0.0,0.0,0.0,0.0,0.0,0.0,0.0,46442.0,0.0,46442.0,0.0,0.0,0.0,0.0,0.0,0.0,0.0,0.0,0.0,0.0,0.0,0.0,0.0,0.0,0.0,0.0,0.0,0.0,0.0,0.0,0.0,0.0,0.0,0.0,0.0,0.0,0.0,0.0,0.0,0.0,93.33,6.67,48.6,51.4,5.85,6.21,6.43,6.61,6.94,6.86,7.1,7.66,7.53,6.58,6.56,6.18,5.48,4.71,3.74,2.47,1.73,0.86,0.39,0.12,0.0,100.0,0.0,100.0,0.0,0.0,0.0,0.0,0.0,0.0,0.0,0.0,0.0,0.0,0.0,0.0,0.0,0.0,0.0,0.0,0.0,0.0,0.0,0.0,0.0,0.0,0.0,0.0,0.0,0.0,0.0,0.0,0.0,0.0,0.0,0.0,0.0,0.0,0.0,0.0,0.0,0.0,0.0,0.0,0.0,0.0,0.0,0.0,0.0,0.0,0.0,0.0,0.0,0.0,0.0,0.0,0.0,0.0,0.0,0.0,0.0,0.0,0.0,0.0,0.0,0.0,0.0,0.0,0.0,0.0,0.0,0.0,0.0,0.0,0.0,0.0,0.0,0.0,0.0,0.0,0.0,0.0,0.0,0.0,0.0,0.0,0.0,0.0,43342.0,3100.0,22569.0,23873.0,2715.0,2884.0,2985.0,3072.0,3225.0,3187.0,3296.0,3558.0,3497.0,3055.0,3047.0,2868.0,2546.0,2187.0,1736.0,1145.0,805.0,399.0,179.0,54.0,2.0,46442.0,0.0,46442.0,96.58,95.53,96.88,96.17,99.01,98.9,98.71,98.43,96.43,95.73,86.38,90.43,99.09,96.51,0.0,96.51,0.0,0.0,0.0,0.0,0.0,0.0,0.0,0.0,0.0,0.0,0.0,0.0,0.0,0.0,0.0,0.0,37.0,43.0,37.0,0.0,37.0,93.51,110.17,94.54,0.0,94.54,102.28,156.44,105.46,0.0,105.46,0.0,0.0,0.0,0.0,0.0,0.0,0.0,0.0,0.0,0.0,0.0,0.0,0.0,0.0,0.0
3546504,0.0,0.0,0.0,0.0,0.0,0.0,0.0,0.0,0.0,6118.0,0.0,6118.0,0.0,0.0,0.0,0.0,0.0,0.0,0.0,0.0,0.0,0.0,0.0,0.0,0.0,0.0,0.0,0.0,0.0,0.0,0.0,0.0,0.0,0.0,0.0,0.0,0.0,0.0,0.0,0.0,0.0,0.0,96.26,3.74,50.2,49.8,6.59,5.48,6.52,6.82,7.57,8.58,8.24,8.06,7.94,6.69,6.75,5.97,4.82,3.86,2.35,1.99,1.11,0.41,0.15,0.11,0.0,100.0,0.0,100.0,0.0,0.0,0.0,0.0,0.0,0.0,0.0,0.0,0.0,0.0,0.0,0.0,0.0,0.0,0.0,0.0,0.0,0.0,0.0,0.0,0.0,0.0,0.0,0.0,0.0,0.0,0.0,0.0,0.0,0.0,0.0,0.0,0.0,0.0,0.0,0.0,0.0,0.0,0.0,0.0,0.0,0.0,0.0,0.0,0.0,0.0,0.0,0.0,0.0,0.0,0.0,0.0,0.0,0.0,0.0,0.0,0.0,0.0,0.0,0.0,0.0,0.0,0.0,0.0,0.0,0.0,0.0,0.0,0.0,0.0,0.0,0.0,0.0,0.0,0.0,0.0,0.0,0.0,0.0,0.0,0.0,0.0,0.0,0.0,5889.0,229.0,3071.0,3047.0,403.0,335.0,399.0,417.0,463.0,525.0,504.0,493.0,486.0,409.0,413.0,365.0,295.0,236.0,144.0,122.0,68.0,25.0,9.0,7.0,0.0,6118.0,0.0,6118.0,95.05,96.84,95.83,94.43,98.92,99.13,98.87,98.47,95.86,90.76,73.59,81.01,100.0,95.12,0.0,95.12,0.0,0.0,0.0,0.0,0.0,0.0,0.0,0.0,0.0,0.0,0.0,0.0,0.0,0.0,0.0,0.0,34.0,39.0,35.0,0.0,35.0,100.44,110.09,100.79,0.0,100.79,77.5,141.03,79.68,0.0,79.68,0.0,0.0,0.0,0.0,0.0,0.0,0.0,0.0,0.0,0.0,0.0,0.0,0.0,0.0,0.0
3546603,0.0,0.0,0.0,0.0,0.0,0.0,0.0,0.0,0.0,34794.0,0.0,34794.0,0.0,0.0,0.0,0.0,0.0,0.0,0.0,0.0,0.0,0.0,0.0,0.0,0.0,0.0,0.0,0.0,0.0,0.0,0.0,0.0,0.0,0.0,0.0,0.0,0.0,0.0,0.0,0.0,0.0,0.0,96.87,3.13,48.08,51.92,5.66,5.72,5.62,5.71,6.69,6.9,6.95,7.57,7.98,6.92,6.87,6.57,5.87,5.07,3.84,2.92,1.78,0.9,0.37,0.08,0.02,100.0,0.0,100.0,0.0,0.0,0.0,0.0,0.0,0.0,0.0,0.0,0.0,0.0,0.0,0.0,0.0,0.0,0.0,0.0,0.0,0.0,0.0,0.0,0.0,0.0,0.0,0.0,0.0,0.0,0.0,0.0,0.0,0.0,0.0,0.0,0.0,0.0,0.0,0.0,0.0,0.0,0.0,0.0,0.0,0.0,0.0,0.0,0.0,0.0,0.0,0.0,0.0,0.0,0.0,0.0,0.0,0.0,0.0,0.0,0.0,0.0,0.0,0.0,0.0,0.0,0.0,0.0,0.0,0.0,0.0,0.0,0.0,0.0,0.0,0.0,0.0,0.0,0.0,0.0,0.0,0.0,0.0,0.0,0.0,0.0,0.0,0.0,33705.0,1089.0,16729.0,18065.0,1969.0,1990.0,1954.0,1985.0,2326.0,2401.0,2419.0,2634.0,2778.0,2407.0,2389.0,2287.0,2042.0,1763.0,1337.0,1016.0,618.0,312.0,130.0,29.0,8.0,34794.0,0.0,34794.0,96.33,93.95,96.7,95.84,99.4,99.21,99.58,98.58,97.37,96.35,81.31,87.28,99.75,96.25,0.0,96.25,0.0,0.0,0.0,0.0,0.0,0.0,0.0,0.0,0.0,0.0,0.0,0.0,0.0,0.0,0.0,0.0,39.0,45.0,39.0,0.0,39.0,92.06,111.05,92.6,0.0,92.6,120.89,185.98,122.7,0.0,122.7,0.0,0.0,0.0,0.0,0.0,0.0,0.0,0.0,0.0,0.0,0.0,0.0,0.0,0.0,0.0
3546702,0.0,0.0,0.0,0.0,0.0,0.0,0.0,0.0,0.0,23611.0,0.0,23611.0,0.0,0.0,0.0,0.0,0.0,0.0,0.0,0.0,0.0,0.0,0.0,0.0,0.0,0.0,0.0,0.0,0.0,0.0,0.0,0.0,0.0,0.0,0.0,0.0,0.0,0.0,0.0,0.0,0.0,0.0,98.87,1.13,50.41,49.59,6.42,6.9,6.83,7.14,8.98,8.78,8.19,8.23,8.0,6.96,6.12,5.04,4.02,2.9,2.24,1.51,0.91,0.54,0.24,0.05,0.01,100.0,0.0,100.0,0.0,0.0,0.0,0.0,0.0,0.0,0.0,0.0,0.0,0.0,0.0,0.0,0.0,0.0,0.0,0.0,0.0,0.0,0.0,0.0,0.0,0.0,0.0,0.0,0.0,0.0,0.0,0.0,0.0,0.0,0.0,0.0,0.0,0.0,0.0,0.0,0.0,0.0,0.0,0.0,0.0,0.0,0.0,0.0,0.0,0.0,0.0,0.0,0.0,0.0,0.0,0.0,0.0,0.0,0.0,0.0,0.0,0.0,0.0,0.0,0.0,0.0,0.0,0.0,0.0,0.0,0.0,0.0,0.0,0.0,0.0,0.0,0.0,0.0,0.0,0.0,0.0,0.0,0.0,0.0,0.0,0.0,0.0,0.0,23344.0,267.0,11903.0,11708.0,1516.0,1630.0,1612.0,1685.0,2120.0,2072.0,1934.0,1944.0,1888.0,1644.0,1445.0,1190.0,948.0,685.0,529.0,356.0,214.0,128.0,57.0,12.0,2.0,23611.0,0.0,23611.0,96.87,89.95,97.33,96.25,99.34,99.4,99.38,98.67,97.05,93.73,80.1,85.83,99.44,96.79,0.0,96.79,0.0,0.0,0.0,0.0,0.0,0.0,0.0,0.0,0.0,0.0,0.0,0.0,0.0,0.0,0.0,0.0,32.0,44.0,32.0,0.0,32.0,101.5,117.07,101.67,0.0,101.67,60.53,166.67,61.6,0.0,61.6,0.0,0.0,0.0,0.0,0.0,0.0,0.0,0.0,0.0,0.0,0.0,0.0,0.0,0.0,0.0
3546801,0.0,0.0,0.0,0.0,0.0,0.0,0.0,0.0,0.0,53174.0,0.0,53174.0,0.0,0.0,0.0,0.0,0.0,0.0,0.0,0.0,0.0,0.0,0.0,0.0,0.0,0.0,0.0,0.0,0.0,0.0,0.0,0.0,0.0,0.0,0.0,0.0,0.0,0.0,0.0,0.0,0.0,0.0,79.57,20.43,49.39,50.61,5.72,6.52,6.64,6.76,7.53,7.04,7.17,7.69,8.05,6.9,6.89,6.17,5.58,4.27,3.2,1.82,1.18,0.59,0.22,0.07,0.01,100.0,0.0,100.0,0.0,0.0,0.0,0.0,0.0,0.0,0.0,0.0,0.0,0.0,0.0,0.0,0.0,0.0,0.0,0.0,0.0,0.0,0.0,0.0,0.0,0.0,0.0,0.0,0.0,0.0,0.0,0.0,0.0,0.0,0.0,0.0,0.0,0.0,0.0,0.0,0.0,0.0,0.0,0.0,0.0,0.0,0.0,0.0,0.0,0.0,0.0,0.0,0.0,0.0,0.0,0.0,0.0,0.0,0.0,0.0,0.0,0.0,0.0,0.0,0.0,0.0,0.0,0.0,0.0,0.0,0.0,0.0,0.0,0.0,0.0,0.0,0.0,0.0,0.0,0.0,0.0,0.0,0.0,0.0,0.0,0.0,0.0,0.0,42313.0,10861.0,26264.0,26910.0,3040.0,3465.0,3532.0,3594.0,4003.0,3741.0,3814.0,4089.0,4280.0,3668.0,3665.0,3280.0,2969.0,2268.0,1700.0,969.0,625.0,312.0,118.0,38.0,4.0,53174.0,0.0,53174.0,95.03,92.72,94.97,94.18,98.9,98.74,98.85,98.09,95.55,91.55,70.81,80.97,98.74,94.57,0.0,94.57,0.0,0.0,0.0,0.0,0.0,0.0,0.0,0.0,0.0,0.0,0.0,0.0,0.0,0.0,0.0,0.0,36.0,37.0,36.0,0.0,36.0,95.01,108.38,97.6,0.0,97.6,91.49,83.12,89.7,0.0,89.7,0.0,0.0,0.0,0.0,0.0,0.0,0.0,0.0,0.0,0.0,0.0,0.0,0.0,0.0,0.0
3546900,0.0,0.0,0.0,0.0,0.0,0.0,0.0,0.0,0.0,7149.0,0.0,7149.0,0.0,0.0,0.0,0.0,0.0,0.0,0.0,0.0,0.0,0.0,0.0,0.0,0.0,0.0,0.0,0.0,0.0,0.0,0.0,0.0,0.0,0.0,0.0,0.0,0.0,0.0,0.0,0.0,0.0,0.0,97.43,2.57,49.32,50.68,5.39,6.81,5.79,6.46,7.04,7.54,7.62,7.93,8.11,6.13,7.22,6.57,5.78,4.31,2.73,2.36,1.4,0.57,0.17,0.06,0.01,100.0,0.0,100.0,0.0,0.0,0.0,0.0,0.0,0.0,0.0,0.0,0.0,0.0,0.0,0.0,0.0,0.0,0.0,0.0,0.0,0.0,0.0,0.0,0.0,0.0,0.0,0.0,0.0,0.0,0.0,0.0,0.0,0.0,0.0,0.0,0.0,0.0,0.0,0.0,0.0,0.0,0.0,0.0,0.0,0.0,0.0,0.0,0.0,0.0,0.0,0.0,0.0,0.0,0.0,0.0,0.0,0.0,0.0,0.0,0.0,0.0,0.0,0.0,0.0,0.0,0.0,0.0,0.0,0.0,0.0,0.0,0.0,0.0,0.0,0.0,0.0,0.0,0.0,0.0,0.0,0.0,0.0,0.0,0.0,0.0,0.0,0.0,6965.0,184.0,3526.0,3623.0,385.0,487.0,414.0,462.0,503.0,539.0,545.0,567.0,580.0,438.0,516.0,470.0,413.0,308.0,195.0,169.0,100.0,41.0,12.0,4.0,1.0,7149.0,0.0,7149.0,93.84,93.42,95.09,92.61,98.41,99.08,97.62,97.65,94.76,92.98,66.36,76.27,99.4,93.83,0.0,93.83,0.0,0.0,0.0,0.0,0.0,0.0,0.0,0.0,0.0,0.0,0.0,0.0,0.0,0.0,0.0,0.0,36.0,42.0,37.0,0.0,37.0,96.86,116.47,97.32,0.0,97.32,95.14,156.25,96.66,0.0,96.66,0.0,0.0,0.0,0.0,0.0,0.0,0.0,0.0,0.0,0.0,0.0,0.0,0.0,0.0,0.0
3547007,0.0,0.0,0.0,0.0,0.0,0.0,0.0,0.0,0.0,5243.0,0.0,5243.0,0.0,0.0,0.0,0.0,0.0,0.0,0.0,0.0,0.0,0.0,0.0,0.0,0.0,0.0,0.0,0.0,0.0,0.0,0.0,0.0,0.0,0.0,0.0,0.0,0.0,0.0,0.0,0.0,0.0,0.0,92.71,7.29,50.37,49.63,6.5,6.73,7.27,7.21,6.26,7.72,7.29,8.43,6.69,6.37,6.47,5.95,6.01,3.7,2.73,2.19,1.35,0.8,0.19,0.1,0.04,100.0,0.0,100.0,0.0,0.0,0.0,0.0,0.0,0.0,0.0,0.0,0.0,0.0,0.0,0.0,0.0,0.0,0.0,0.0,0.0,0.0,0.0,0.0,0.0,0.0,0.0,0.0,0.0,0.0,0.0,0.0,0.0,0.0,0.0,0.0,0.0,0.0,0.0,0.0,0.0,0.0,0.0,0.0,0.0,0.0,0.0,0.0,0.0,0.0,0.0,0.0,0.0,0.0,0.0,0.0,0.0,0.0,0.0,0.0,0.0,0.0,0.0,0.0,0.0,0.0,0.0,0.0,0.0,0.0,0.0,0.0,0.0,0.0,0.0,0.0,0.0,0.0,0.0,0.0,0.0,0.0,0.0,0.0,0.0,0.0,0.0,0.0,4861.0,382.0,2641.0,2602.0,341.0,353.0,381.0,378.0,328.0,405.0,382.0,442.0,351.0,334.0,339.0,312.0,315.0,194.0,143.0,115.0,71.0,42.0,10.0,5.0,2.0,5243.0,0.0,5243.0,93.07,97.14,93.72,93.04,99.09,97.71,99.15,95.59,92.27,88.2,80.82,84.88,97.22,93.38,0.0,93.38,0.0,0.0,0.0,0.0,0.0,0.0,0.0,0.0,0.0,0.0,0.0,0.0,0.0,0.0,0.0,0.0,35.0,38.0,35.0,0.0,35.0,101.7,98.96,101.5,0.0,101.5,82.54,97.01,83.44,0.0,83.44,0.0,0.0,0.0,0.0,0.0,0.0,0.0,0.0,0.0,0.0,0.0,0.0,0.0,0.0,0.0
3547106,0.0,0.0,0.0,0.0,0.0,0.0,0.0,0.0,0.0,2956.0,0.0,2956.0,0.0,0.0,0.0,0.0,0.0,0.0,0.0,0.0,0.0,0.0,0.0,0.0,0.0,0.0,0.0,0.0,0.0,0.0,0.0,0.0,0.0,0.0,0.0,0.0,0.0,0.0,0.0,0.0,0.0,0.0,90.39,9.61,49.29,50.71,5.82,7.0,6.19,6.63,5.45,6.63,6.5,8.15,6.73,7.21,6.43,7.34,6.5,4.5,3.08,2.6,1.89,0.88,0.41,0.03,0.03,100.0,0.0,100.0,0.0,0.0,0.0,0.0,0.0,0.0,0.0,0.0,0.0,0.0,0.0,0.0,0.0,0.0,0.0,0.0,0.0,0.0,0.0,0.0,0.0,0.0,0.0,0.0,0.0,0.0,0.0,0.0,0.0,0.0,0.0,0.0,0.0,0.0,0.0,0.0,0.0,0.0,0.0,0.0,0.0,0.0,0.0,0.0,0.0,0.0,0.0,0.0,0.0,0.0,0.0,0.0,0.0,0.0,0.0,0.0,0.0,0.0,0.0,0.0,0.0,0.0,0.0,0.0,0.0,0.0,0.0,0.0,0.0,0.0,0.0,0.0,0.0,0.0,0.0,0.0,0.0,0.0,0.0,0.0,0.0,0.0,0.0,0.0,2672.0,284.0,1457.0,1499.0,172.0,207.0,183.0,196.0,161.0,196.0,192.0,241.0,199.0,213.0,190.0,217.0,192.0,133.0,91.0,77.0,56.0,26.0,12.0,1.0,1.0,2956.0,0.0,2956.0,93.41,96.25,94.51,92.9,97.52,98.2,97.48,97.73,95.78,94.62,67.05,78.34,97.4,93.69,0.0,93.69,0.0,0.0,0.0,0.0,0.0,0.0,0.0,0.0,0.0,0.0,0.0,0.0,0.0,0.0,0.0,0.0,37.0,45.0,38.0,0.0,38.0,96.33,105.8,97.2,0.0,97.2,100.97,150.0,104.8,0.0,104.8,0.0,0.0,0.0,0.0,0.0,0.0,0.0,0.0,0.0,0.0,0.0,0.0,0.0,0.0,0.0
3547205,0.0,0.0,0.0,0.0,0.0,0.0,0.0,0.0,0.0,1670.0,0.0,1670.0,0.0,0.0,0.0,0.0,0.0,0.0,0.0,0.0,0.0,0.0,0.0,0.0,0.0,0.0,0.0,0.0,0.0,0.0,0.0,0.0,0.0,0.0,0.0,0.0,0.0,0.0,0.0,0.0,0.0,0.0,73.65,26.35,49.82,50.18,3.29,5.03,5.21,5.39,4.49,4.61,5.57,5.45,7.78,6.29,7.66,8.56,8.5,7.01,5.57,4.31,3.05,1.62,0.42,0.12,0.06,100.0,0.0,100.0,0.0,0.0,0.0,0.0,0.0,0.0,0.0,0.0,0.0,0.0,0.0,0.0,0.0,0.0,0.0,0.0,0.0,0.0,0.0,0.0,0.0,0.0,0.0,0.0,0.0,0.0,0.0,0.0,0.0,0.0,0.0,0.0,0.0,0.0,0.0,0.0,0.0,0.0,0.0,0.0,0.0,0.0,0.0,0.0,0.0,0.0,0.0,0.0,0.0,0.0,0.0,0.0,0.0,0.0,0.0,0.0,0.0,0.0,0.0,0.0,0.0,0.0,0.0,0.0,0.0,0.0,0.0,0.0,0.0,0.0,0.0,0.0,0.0,0.0,0.0,0.0,0.0,0.0,0.0,0.0,0.0,0.0,0.0,0.0,1230.0,440.0,832.0,838.0,55.0,84.0,87.0,90.0,75.0,77.0,93.0,91.0,130.0,105.0,128.0,143.0,142.0,117.0,93.0,72.0,51.0,27.0,7.0,2.0,1.0,1670.0,0.0,1670.0,91.86,94.07,93.58,91.35,100.0,98.82,98.25,97.29,97.42,95.09,65.63,78.38,100.0,92.45,0.0,92.45,0.0,0.0,0.0,0.0,0.0,0.0,0.0,0.0,0.0,0.0,0.0,0.0,0.0,0.0,0.0,0.0,45.0,52.0,47.0,0.0,47.0,95.86,109.52,99.28,0.0,99.28,204.6,300.0,226.55,0.0,226.55,0.0,0.0,0.0,0.0,0.0,0.0,0.0,0.0,0.0,0.0,0.0,0.0,0.0,0.0,0.0
3547304,0.0,0.0,0.0,0.0,0.0,0.0,0.0,0.0,0.0,154105.0,0.0,154105.0,0.0,0.0,0.0,0.0,0.0,0.0,0.0,0.0,0.0,0.0,0.0,0.0,0.0,0.0,0.0,0.0,0.0,0.0,0.0,0.0,0.0,0.0,0.0,0.0,0.0,0.0,0.0,0.0,0.0,0.0,99.13,0.87,48.47,51.53,6.36,7.39,7.44,7.17,7.2,6.91,7.14,8.41,9.06,7.43,6.2,5.59,4.63,3.62,2.54,1.38,0.81,0.46,0.19,0.05,0.01,100.0,0.0,100.0,0.0,0.0,0.0,0.0,0.0,0.0,0.0,0.0,0.0,0.0,0.0,0.0,0.0,0.0,0.0,0.0,0.0,0.0,0.0,0.0,0.0,0.0,0.0,0.0,0.0,0.0,0.0,0.0,0.0,0.0,0.0,0.0,0.0,0.0,0.0,0.0,0.0,0.0,0.0,0.0,0.0,0.0,0.0,0.0,0.0,0.0,0.0,0.0,0.0,0.0,0.0,0.0,0.0,0.0,0.0,0.0,0.0,0.0,0.0,0.0,0.0,0.0,0.0,0.0,0.0,0.0,0.0,0.0,0.0,0.0,0.0,0.0,0.0,0.0,0.0,0.0,0.0,0.0,0.0,0.0,0.0,0.0,0.0,0.0,152769.0,1336.0,74688.0,79417.0,9801.0,11394.0,11472.0,11055.0,11101.0,10650.0,11005.0,12965.0,13966.0,11450.0,9548.0,8608.0,7134.0,5573.0,3917.0,2120.0,1245.0,712.0,294.0,81.0,14.0,154105.0,0.0,154105.0,97.04,94.5,97.13,96.9,99.03,99.14,99.29,98.7,97.02,94.24,85.67,90.11,99.49,97.01,0.0,97.01,0.0,0.0,0.0,0.0,0.0,0.0,0.0,0.0,0.0,0.0,0.0,0.0,0.0,0.0,0.0,0.0,35.0,36.0,35.0,0.0,35.0,94.01,98.22,94.05,0.0,94.05,64.4,84.41,64.56,0.0,64.56,0.0,0.0,0.0,0.0,0.0,0.0,0.0,0.0,0.0,0.0,0.0,0.0,0.0,0.0,0.0
3547403,0.0,0.0,0.0,0.0,0.0,0.0,0.0,0.0,0.0,2733.0,0.0,2733.0,0.0,0.0,0.0,0.0,0.0,0.0,0.0,0.0,0.0,0.0,0.0,0.0,0.0,0.0,0.0,0.0,0.0,0.0,0.0,0.0,0.0,0.0,0.0,0.0,0.0,0.0,0.0,0.0,0.0,0.0,77.17,22.83,48.44,51.56,4.83,5.09,4.35,5.56,5.96,4.94,5.96,6.81,7.21,6.29,7.14,7.72,7.03,7.1,5.31,4.17,2.38,1.32,0.77,0.04,0.04,100.0,0.0,100.0,0.0,0.0,0.0,0.0,0.0,0.0,0.0,0.0,0.0,0.0,0.0,0.0,0.0,0.0,0.0,0.0,0.0,0.0,0.0,0.0,0.0,0.0,0.0,0.0,0.0,0.0,0.0,0.0,0.0,0.0,0.0,0.0,0.0,0.0,0.0,0.0,0.0,0.0,0.0,0.0,0.0,0.0,0.0,0.0,0.0,0.0,0.0,0.0,0.0,0.0,0.0,0.0,0.0,0.0,0.0,0.0,0.0,0.0,0.0,0.0,0.0,0.0,0.0,0.0,0.0,0.0,0.0,0.0,0.0,0.0,0.0,0.0,0.0,0.0,0.0,0.0,0.0,0.0,0.0,0.0,0.0,0.0,0.0,0.0,2109.0,624.0,1324.0,1409.0,132.0,139.0,119.0,152.0,163.0,135.0,163.0,186.0,197.0,172.0,195.0,211.0,192.0,194.0,145.0,114.0,65.0,36.0,21.0,1.0,1.0,2733.0,0.0,2733.0,92.06,93.68,93.79,91.16,98.77,99.66,98.85,98.69,96.73,94.79,63.45,76.6,100.0,92.45,0.0,92.45,0.0,0.0,0.0,0.0,0.0,0.0,0.0,0.0,0.0,0.0,0.0,0.0,0.0,0.0,0.0,0.0,43.0,49.0,44.0,0.0,44.0,89.83,109.4,93.97,0.0,93.97,178.13,284.29,197.18,0.0,197.18,0.0,0.0,0.0,0.0,0.0,0.0,0.0,0.0,0.0,0.0,0.0,0.0,0.0,0.0,0.0
3547502,0.0,0.0,0.0,0.0,0.0,0.0,0.0,0.0,0.0,24833.0,0.0,24833.0,0.0,0.0,0.0,0.0,0.0,0.0,0.0,0.0,0.0,0.0,0.0,0.0,0.0,0.0,0.0,0.0,0.0,0.0,0.0,0.0,0.0,0.0,0.0,0.0,0.0,0.0,0.0,0.0,0.0,0.0,92.53,7.47,47.88,52.12,4.46,5.19,5.33,5.63,5.71,5.61,6.17,7.29,7.84,7.0,6.87,7.42,6.91,6.03,4.74,3.31,2.43,1.28,0.62,0.14,0.02,100.0,0.0,100.0,0.0,0.0,0.0,0.0,0.0,0.0,0.0,0.0,0.0,0.0,0.0,0.0,0.0,0.0,0.0,0.0,0.0,0.0,0.0,0.0,0.0,0.0,0.0,0.0,0.0,0.0,0.0,0.0,0.0,0.0,0.0,0.0,0.0,0.0,0.0,0.0,0.0,0.0,0.0,0.0,0.0,0.0,0.0,0.0,0.0,0.0,0.0,0.0,0.0,0.0,0.0,0.0,0.0,0.0,0.0,0.0,0.0,0.0,0.0,0.0,0.0,0.0,0.0,0.0,0.0,0.0,0.0,0.0,0.0,0.0,0.0,0.0,0.0,0.0,0.0,0.0,0.0,0.0,0.0,0.0,0.0,0.0,0.0,0.0,22977.0,1856.0,11890.0,12943.0,1108.0,1289.0,1323.0,1398.0,1419.0,1393.0,1533.0,1811.0,1946.0,1739.0,1707.0,1842.0,1715.0,1497.0,1178.0,821.0,604.0,319.0,153.0,34.0,4.0,24833.0,0.0,24833.0,96.42,97.25,96.47,96.49,98.59,98.74,99.2,98.72,96.55,96.46,88.37,91.76,98.67,96.48,0.0,96.48,0.0,0.0,0.0,0.0,0.0,0.0,0.0,0.0,0.0,0.0,0.0,0.0,0.0,0.0,0.0,0.0,43.0,39.0,42.0,0.0,42.0,90.51,110.43,91.86,0.0,91.86,176.23,113.35,170.03,0.0,170.03,0.0,0.0,0.0,0.0,0.0,0.0,0.0,0.0,0.0,0.0,0.0,0.0,0.0,0.0,0.0
3547601,0.0,0.0,0.0,0.0,0.0,0.0,0.0,0.0,0.0,23411.0,0.0,23411.0,0.0,0.0,0.0,0.0,0.0,0.0,0.0,0.0,0.0,0.0,0.0,0.0,0.0,0.0,0.0,0.0,0.0,0.0,0.0,0.0,0.0,0.0,0.0,0.0,0.0,0.0,0.0,0.0,0.0,0.0,96.65,3.35,48.25,51.75,5.13,6.12,6.06,6.15,6.25,6.84,7.29,7.4,7.67,6.89,6.92,6.5,6.13,4.91,3.9,2.6,1.71,0.97,0.43,0.11,0.01,100.0,0.0,100.0,0.0,0.0,0.0,0.0,0.0,0.0,0.0,0.0,0.0,0.0,0.0,0.0,0.0,0.0,0.0,0.0,0.0,0.0,0.0,0.0,0.0,0.0,0.0,0.0,0.0,0.0,0.0,0.0,0.0,0.0,0.0,0.0,0.0,0.0,0.0,0.0,0.0,0.0,0.0,0.0,0.0,0.0,0.0,0.0,0.0,0.0,0.0,0.0,0.0,0.0,0.0,0.0,0.0,0.0,0.0,0.0,0.0,0.0,0.0,0.0,0.0,0.0,0.0,0.0,0.0,0.0,0.0,0.0,0.0,0.0,0.0,0.0,0.0,0.0,0.0,0.0,0.0,0.0,0.0,0.0,0.0,0.0,0.0,0.0,22626.0,785.0,11296.0,12115.0,1202.0,1433.0,1418.0,1439.0,1464.0,1601.0,1707.0,1732.0,1796.0,1614.0,1620.0,1522.0,1436.0,1149.0,912.0,609.0,401.0,227.0,100.0,26.0,3.0,23411.0,0.0,23411.0,96.64,96.09,96.76,96.5,99.11,98.85,98.61,98.02,97.34,96.28,86.09,90.75,98.61,96.62,0.0,96.62,0.0,0.0,0.0,0.0,0.0,0.0,0.0,0.0,0.0,0.0,0.0,0.0,0.0,0.0,0.0,0.0,38.0,45.0,39.0,0.0,39.0,92.58,114.48,93.24,0.0,93.24,118.46,170.0,119.99,0.0,119.99,0.0,0.0,0.0,0.0,0.0,0.0,0.0,0.0,0.0,0.0,0.0,0.0,0.0,0.0,0.0
3547650,0.0,0.0,0.0,0.0,0.0,0.0,0.0,0.0,0.0,1645.0,0.0,1645.0,0.0,0.0,0.0,0.0,0.0,0.0,0.0,0.0,0.0,0.0,0.0,0.0,0.0,0.0,0.0,0.0,0.0,0.0,0.0,0.0,0.0,0.0,0.0,0.0,0.0,0.0,0.0,0.0,0.0,0.0,71.43,28.57,50.27,49.73,4.68,5.35,5.71,6.02,5.71,5.23,5.59,6.57,7.36,7.72,7.48,7.23,6.63,5.96,5.35,3.16,2.49,1.03,0.61,0.06,0.06,100.0,0.0,100.0,0.0,0.0,0.0,0.0,0.0,0.0,0.0,0.0,0.0,0.0,0.0,0.0,0.0,0.0,0.0,0.0,0.0,0.0,0.0,0.0,0.0,0.0,0.0,0.0,0.0,0.0,0.0,0.0,0.0,0.0,0.0,0.0,0.0,0.0,0.0,0.0,0.0,0.0,0.0,0.0,0.0,0.0,0.0,0.0,0.0,0.0,0.0,0.0,0.0,0.0,0.0,0.0,0.0,0.0,0.0,0.0,0.0,0.0,0.0,0.0,0.0,0.0,0.0,0.0,0.0,0.0,0.0,0.0,0.0,0.0,0.0,0.0,0.0,0.0,0.0,0.0,0.0,0.0,0.0,0.0,0.0,0.0,0.0,0.0,1175.0,470.0,827.0,818.0,77.0,88.0,94.0,99.0,94.0,86.0,92.0,108.0,121.0,127.0,123.0,119.0,109.0,98.0,88.0,52.0,41.0,17.0,10.0,1.0,1.0,1645.0,0.0,1645.0,94.62,95.7,95.08,94.82,98.94,98.88,96.88,96.94,96.8,96.93,79.51,86.04,100.0,94.95,0.0,94.95,0.0,0.0,0.0,0.0,0.0,0.0,0.0,0.0,0.0,0.0,0.0,0.0,0.0,0.0,0.0,0.0,40.0,49.0,43.0,0.0,43.0,95.18,117.59,101.1,0.0,101.1,132.21,278.43,161.0,0.0,161.0,0.0,0.0,0.0,0.0,0.0,0.0,0.0,0.0,0.0,0.0,0.0,0.0,0.0,0.0,0.0
3547700,0.0,0.0,0.0,0.0,0.0,0.0,0.0,0.0,0.0,17963.0,0.0,17963.0,0.0,0.0,0.0,0.0,0.0,0.0,0.0,0.0,0.0,0.0,0.0,0.0,0.0,0.0,0.0,0.0,0.0,0.0,0.0,0.0,0.0,0.0,0.0,0.0,0.0,0.0,0.0,0.0,0.0,0.0,93.51,6.49,47.94,52.06,5.11,5.25,5.63,6.14,6.27,6.54,6.34,6.69,7.16,6.78,7.35,7.98,6.61,4.92,4.08,3.15,2.09,1.32,0.43,0.13,0.01,100.0,0.0,100.0,0.0,0.0,0.0,0.0,0.0,0.0,0.0,0.0,0.0,0.0,0.0,0.0,0.0,0.0,0.0,0.0,0.0,0.0,0.0,0.0,0.0,0.0,0.0,0.0,0.0,0.0,0.0,0.0,0.0,0.0,0.0,0.0,0.0,0.0,0.0,0.0,0.0,0.0,0.0,0.0,0.0,0.0,0.0,0.0,0.0,0.0,0.0,0.0,0.0,0.0,0.0,0.0,0.0,0.0,0.0,0.0,0.0,0.0,0.0,0.0,0.0,0.0,0.0,0.0,0.0,0.0,0.0,0.0,0.0,0.0,0.0,0.0,0.0,0.0,0.0,0.0,0.0,0.0,0.0,0.0,0.0,0.0,0.0,0.0,16798.0,1165.0,8612.0,9351.0,918.0,943.0,1011.0,1103.0,1127.0,1174.0,1139.0,1202.0,1287.0,1218.0,1321.0,1434.0,1188.0,884.0,732.0,565.0,376.0,238.0,78.0,24.0,1.0,17963.0,0.0,17963.0,96.05,94.41,96.35,95.58,98.76,98.96,99.12,98.83,98.07,96.38,81.36,86.47,99.29,95.94,0.0,95.94,0.0,0.0,0.0,0.0,0.0,0.0,0.0,0.0,0.0,0.0,0.0,0.0,0.0,0.0,0.0,0.0,41.0,41.0,41.0,0.0,41.0,90.41,120.23,92.1,0.0,92.1,143.21,129.65,142.27,0.0,142.27,0.0,0.0,0.0,0.0,0.0,0.0,0.0,0.0,0.0,0.0,0.0,0.0,0.0,0.0,0.0
3547809,0.0,0.0,0.0,0.0,0.0,0.0,0.0,0.0,0.0,748919.0,0.0,748919.0,0.0,0.0,0.0,0.0,0.0,0.0,0.0,0.0,0.0,0.0,0.0,0.0,0.0,0.0,0.0,0.0,0.0,0.0,0.0,0.0,0.0,0.0,0.0,0.0,0.0,0.0,0.0,0.0,0.0,0.0,99.89,0.11,47.43,52.57,4.91,5.63,5.62,5.91,6.62,6.96,7.68,8.52,8.56,7.22,6.8,6.38,5.65,4.64,3.51,2.38,1.62,0.9,0.4,0.1,0.01,100.0,0.0,100.0,0.0,0.0,0.0,0.0,0.0,0.0,0.0,0.0,0.0,0.0,0.0,0.0,0.0,0.0,0.0,0.0,0.0,0.0,0.0,0.0,0.0,0.0,0.0,0.0,0.0,0.0,0.0,0.0,0.0,0.0,0.0,0.0,0.0,0.0,0.0,0.0,0.0,0.0,0.0,0.0,0.0,0.0,0.0,0.0,0.0,0.0,0.0,0.0,0.0,0.0,0.0,0.0,0.0,0.0,0.0,0.0,0.0,0.0,0.0,0.0,0.0,0.0,0.0,0.0,0.0,0.0,0.0,0.0,0.0,0.0,0.0,0.0,0.0,0.0,0.0,0.0,0.0,0.0,0.0,0.0,0.0,0.0,0.0,0.0,748086.0,833.0,355196.0,393723.0,36797.0,42132.0,42120.0,44263.0,49561.0,52132.0,57486.0,63789.0,64131.0,54046.0,50904.0,47751.0,42323.0,34764.0,26257.0,17795.0,12145.0,6707.0,2975.0,751.0,90.0,748919.0,0.0,748919.0,98.0,94.17,98.25,97.76,99.34,99.33,99.15,99.11,98.22,97.24,91.88,94.38,99.35,97.99,0.0,97.99,0.0,0.0,0.0,0.0,0.0,0.0,0.0,0.0,0.0,0.0,0.0,0.0,0.0,0.0,0.0,0.0,38.0,35.0,38.0,0.0,38.0,90.2,105.17,90.21,0.0,90.21,118.86,81.22,118.8,0.0,118.8,0.0,0.0,0.0,0.0,0.0,0.0,0.0,0.0,0.0,0.0,0.0,0.0,0.0,0.0,0.0
3547908,0.0,0.0,0.0,0.0,0.0,0.0,0.0,0.0,0.0,6775.0,0.0,6775.0,0.0,0.0,0.0,0.0,0.0,0.0,0.0,0.0,0.0,0.0,0.0,0.0,0.0,0.0,0.0,0.0,0.0,0.0,0.0,0.0,0.0,0.0,0.0,0.0,0.0,0.0,0.0,0.0,0.0,0.0,80.94,19.06,51.07,48.93,6.3,6.02,6.17,5.98,6.89,6.72,6.63,7.62,7.65,5.87,6.33,6.36,6.32,5.52,4.16,2.75,1.51,0.84,0.32,0.04,0.0,100.0,0.0,100.0,0.0,0.0,0.0,0.0,0.0,0.0,0.0,0.0,0.0,0.0,0.0,0.0,0.0,0.0,0.0,0.0,0.0,0.0,0.0,0.0,0.0,0.0,0.0,0.0,0.0,0.0,0.0,0.0,0.0,0.0,0.0,0.0,0.0,0.0,0.0,0.0,0.0,0.0,0.0,0.0,0.0,0.0,0.0,0.0,0.0,0.0,0.0,0.0,0.0,0.0,0.0,0.0,0.0,0.0,0.0,0.0,0.0,0.0,0.0,0.0,0.0,0.0,0.0,0.0,0.0,0.0,0.0,0.0,0.0,0.0,0.0,0.0,0.0,0.0,0.0,0.0,0.0,0.0,0.0,0.0,0.0,0.0,0.0,0.0,5484.0,1291.0,3460.0,3315.0,427.0,408.0,418.0,405.0,467.0,455.0,449.0,516.0,518.0,398.0,429.0,431.0,428.0,374.0,282.0,186.0,102.0,57.0,22.0,3.0,0.0,6775.0,0.0,6775.0,95.56,95.96,95.09,96.19,98.93,98.78,98.51,97.78,96.13,94.41,85.95,88.89,97.08,95.64,0.0,95.64,0.0,0.0,0.0,0.0,0.0,0.0,0.0,0.0,0.0,0.0,0.0,0.0,0.0,0.0,0.0,0.0,37.0,42.0,38.0,0.0,38.0,99.64,127.29,104.37,0.0,104.37,107.79,153.54,116.04,0.0,116.04,0.0,0.0,0.0,0.0,0.0,0.0,0.0,0.0,0.0,0.0,0.0,0.0,0.0,0.0,0.0
3548005,0.0,0.0,0.0,0.0,0.0,0.0,0.0,0.0,0.0,23244.0,0.0,23244.0,0.0,0.0,0.0,0.0,0.0,0.0,0.0,0.0,0.0,0.0,0.0,0.0,0.0,0.0,0.0,0.0,0.0,0.0,0.0,0.0,0.0,0.0,0.0,0.0,0.0,0.0,0.0,0.0,0.0,0.0,93.35,6.65,49.93,50.07,6.07,6.6,6.32,6.74,8.06,7.87,8.08,7.83,7.93,6.53,6.69,5.43,5.27,4.01,2.78,1.73,1.16,0.62,0.24,0.05,0.0,100.0,0.0,100.0,0.0,0.0,0.0,0.0,0.0,0.0,0.0,0.0,0.0,0.0,0.0,0.0,0.0,0.0,0.0,0.0,0.0,0.0,0.0,0.0,0.0,0.0,0.0,0.0,0.0,0.0,0.0,0.0,0.0,0.0,0.0,0.0,0.0,0.0,0.0,0.0,0.0,0.0,0.0,0.0,0.0,0.0,0.0,0.0,0.0,0.0,0.0,0.0,0.0,0.0,0.0,0.0,0.0,0.0,0.0,0.0,0.0,0.0,0.0,0.0,0.0,0.0,0.0,0.0,0.0,0.0,0.0,0.0,0.0,0.0,0.0,0.0,0.0,0.0,0.0,0.0,0.0,0.0,0.0,0.0,0.0,0.0,0.0,0.0,21698.0,1546.0,11606.0,11638.0,1411.0,1535.0,1468.0,1567.0,1874.0,1830.0,1877.0,1821.0,1844.0,1517.0,1556.0,1262.0,1224.0,932.0,646.0,402.0,269.0,143.0,55.0,11.0,0.0,23244.0,0.0,23244.0,96.14,98.0,96.75,95.77,99.31,98.97,99.03,98.12,96.29,94.01,83.3,87.63,98.59,96.26,0.0,96.26,0.0,0.0,0.0,0.0,0.0,0.0,0.0,0.0,0.0,0.0,0.0,0.0,0.0,0.0,0.0,0.0,35.0,32.0,35.0,0.0,35.0,99.01,110.34,99.73,0.0,99.73,85.59,57.8,83.42,0.0,83.42,0.0,0.0,0.0,0.0,0.0,0.0,0.0,0.0,0.0,0.0,0.0,0.0,0.0,0.0,0.0
3548054,0.0,0.0,0.0,0.0,0.0,0.0,0.0,0.0,0.0,8379.0,0.0,8379.0,0.0,0.0,0.0,0.0,0.0,0.0,0.0,0.0,0.0,0.0,0.0,0.0,0.0,0.0,0.0,0.0,0.0,0.0,0.0,0.0,0.0,0.0,0.0,0.0,0.0,0.0,0.0,0.0,0.0,0.0,80.3,19.7,50.13,49.87,5.41,6.52,6.71,5.87,5.47,6.29,6.72,7.38,7.88,7.03,7.6,7.49,6.72,5.14,3.39,2.21,1.4,0.51,0.25,0.02,0.0,100.0,0.0,100.0,0.0,0.0,0.0,0.0,0.0,0.0,0.0,0.0,0.0,0.0,0.0,0.0,0.0,0.0,0.0,0.0,0.0,0.0,0.0,0.0,0.0,0.0,0.0,0.0,0.0,0.0,0.0,0.0,0.0,0.0,0.0,0.0,0.0,0.0,0.0,0.0,0.0,0.0,0.0,0.0,0.0,0.0,0.0,0.0,0.0,0.0,0.0,0.0,0.0,0.0,0.0,0.0,0.0,0.0,0.0,0.0,0.0,0.0,0.0,0.0,0.0,0.0,0.0,0.0,0.0,0.0,0.0,0.0,0.0,0.0,0.0,0.0,0.0,0.0,0.0,0.0,0.0,0.0,0.0,0.0,0.0,0.0,0.0,0.0,6728.0,1651.0,4200.0,4179.0,453.0,546.0,562.0,492.0,458.0,527.0,563.0,618.0,660.0,589.0,637.0,628.0,563.0,431.0,284.0,185.0,117.0,43.0,21.0,2.0,0.0,8379.0,0.0,8379.0,93.88,95.78,94.41,94.09,99.56,98.81,99.69,97.81,96.33,93.03,68.48,79.87,98.85,94.25,0.0,94.25,0.0,0.0,0.0,0.0,0.0,0.0,0.0,0.0,0.0,0.0,0.0,0.0,0.0,0.0,0.0,0.0,39.0,39.0,39.0,0.0,39.0,97.77,112.48,100.5,0.0,100.5,111.31,82.97,105.45,0.0,105.45,0.0,0.0,0.0,0.0,0.0,0.0,0.0,0.0,0.0,0.0,0.0,0.0,0.0,0.0,0.0
3548104,0.0,0.0,0.0,0.0,0.0,0.0,0.0,0.0,0.0,6126.0,0.0,6126.0,0.0,0.0,0.0,0.0,0.0,0.0,0.0,0.0,0.0,0.0,0.0,0.0,0.0,0.0,0.0,0.0,0.0,0.0,0.0,0.0,0.0,0.0,0.0,0.0,0.0,0.0,0.0,0.0,0.0,0.0,64.85,35.15,50.29,49.71,5.26,5.52,5.78,7.15,6.45,6.09,6.66,7.25,7.43,7.49,6.94,6.06,6.76,5.11,4.54,2.64,1.47,1.03,0.33,0.07,0.0,100.0,0.0,100.0,0.0,0.0,0.0,0.0,0.0,0.0,0.0,0.0,0.0,0.0,0.0,0.0,0.0,0.0,0.0,0.0,0.0,0.0,0.0,0.0,0.0,0.0,0.0,0.0,0.0,0.0,0.0,0.0,0.0,0.0,0.0,0.0,0.0,0.0,0.0,0.0,0.0,0.0,0.0,0.0,0.0,0.0,0.0,0.0,0.0,0.0,0.0,0.0,0.0,0.0,0.0,0.0,0.0,0.0,0.0,0.0,0.0,0.0,0.0,0.0,0.0,0.0,0.0,0.0,0.0,0.0,0.0,0.0,0.0,0.0,0.0,0.0,0.0,0.0,0.0,0.0,0.0,0.0,0.0,0.0,0.0,0.0,0.0,0.0,3973.0,2153.0,3081.0,3045.0,322.0,338.0,354.0,438.0,395.0,373.0,408.0,444.0,455.0,459.0,425.0,371.0,414.0,313.0,278.0,162.0,90.0,63.0,20.0,4.0,0.0,6126.0,0.0,6126.0,94.43,93.18,94.09,93.9,97.97,98.59,99.25,97.44,96.49,90.45,75.22,83.44,98.25,93.99,0.0,93.99,0.0,0.0,0.0,0.0,0.0,0.0,0.0,0.0,0.0,0.0,0.0,0.0,0.0,0.0,0.0,0.0,39.0,39.0,39.0,0.0,39.0,95.62,112.33,101.18,0.0,101.18,141.1,118.21,132.54,0.0,132.54,0.0,0.0,0.0,0.0,0.0,0.0,0.0,0.0,0.0,0.0,0.0,0.0,0.0,0.0,0.0
3548203,0.0,0.0,0.0,0.0,0.0,0.0,0.0,0.0,0.0,7133.0,0.0,7133.0,0.0,0.0,0.0,0.0,0.0,0.0,0.0,0.0,0.0,0.0,0.0,0.0,0.0,0.0,0.0,0.0,0.0,0.0,0.0,0.0,0.0,0.0,0.0,0.0,0.0,0.0,0.0,0.0,0.0,0.0,49.1,50.9,50.37,49.63,5.37,6.18,5.97,6.39,7.11,6.21,6.63,7.64,7.91,7.25,6.87,7.49,6.46,4.74,3.11,2.07,1.44,0.91,0.2,0.03,0.01,100.0,0.0,100.0,0.0,0.0,0.0,0.0,0.0,0.0,0.0,0.0,0.0,0.0,0.0,0.0,0.0,0.0,0.0,0.0,0.0,0.0,0.0,0.0,0.0,0.0,0.0,0.0,0.0,0.0,0.0,0.0,0.0,0.0,0.0,0.0,0.0,0.0,0.0,0.0,0.0,0.0,0.0,0.0,0.0,0.0,0.0,0.0,0.0,0.0,0.0,0.0,0.0,0.0,0.0,0.0,0.0,0.0,0.0,0.0,0.0,0.0,0.0,0.0,0.0,0.0,0.0,0.0,0.0,0.0,0.0,0.0,0.0,0.0,0.0,0.0,0.0,0.0,0.0,0.0,0.0,0.0,0.0,0.0,0.0,0.0,0.0,0.0,3502.0,3631.0,3593.0,3540.0,383.0,441.0,426.0,456.0,507.0,443.0,473.0,545.0,564.0,517.0,490.0,534.0,461.0,338.0,222.0,148.0,103.0,65.0,14.0,2.0,1.0,7133.0,0.0,7133.0,96.19,95.14,96.12,95.22,99.01,99.13,99.24,97.66,95.33,94.77,80.48,87.12,100.0,95.67,0.0,95.67,0.0,0.0,0.0,0.0,0.0,0.0,0.0,0.0,0.0,0.0,0.0,0.0,0.0,0.0,0.0,0.0,38.0,39.0,39.0,0.0,39.0,98.3,104.68,101.5,0.0,101.5,111.45,105.56,108.32,0.0,108.32,0.0,0.0,0.0,0.0,0.0,0.0,0.0,0.0,0.0,0.0,0.0,0.0,0.0,0.0,0.0
3548302,0.0,0.0,0.0,0.0,0.0,0.0,0.0,0.0,0.0,3000.0,0.0,3000.0,0.0,0.0,0.0,0.0,0.0,0.0,0.0,0.0,0.0,0.0,0.0,0.0,0.0,0.0,0.0,0.0,0.0,0.0,0.0,0.0,0.0,0.0,0.0,0.0,0.0,0.0,0.0,0.0,0.0,0.0,89.27,10.73,48.67,51.33,5.63,5.7,4.93,7.13,5.87,6.33,5.47,6.63,6.77,6.77,7.1,7.7,6.6,5.7,4.53,3.47,2.27,0.8,0.4,0.17,0.03,100.0,0.0,100.0,0.0,0.0,0.0,0.0,0.0,0.0,0.0,0.0,0.0,0.0,0.0,0.0,0.0,0.0,0.0,0.0,0.0,0.0,0.0,0.0,0.0,0.0,0.0,0.0,0.0,0.0,0.0,0.0,0.0,0.0,0.0,0.0,0.0,0.0,0.0,0.0,0.0,0.0,0.0,0.0,0.0,0.0,0.0,0.0,0.0,0.0,0.0,0.0,0.0,0.0,0.0,0.0,0.0,0.0,0.0,0.0,0.0,0.0,0.0,0.0,0.0,0.0,0.0,0.0,0.0,0.0,0.0,0.0,0.0,0.0,0.0,0.0,0.0,0.0,0.0,0.0,0.0,0.0,0.0,0.0,0.0,0.0,0.0,0.0,2678.0,322.0,1460.0,1540.0,169.0,171.0,148.0,214.0,176.0,190.0,164.0,199.0,203.0,203.0,213.0,231.0,198.0,171.0,136.0,104.0,68.0,24.0,12.0,5.0,1.0,3000.0,0.0,3000.0,92.94,95.62,93.91,92.6,100.0,98.87,97.87,98.51,96.63,93.71,62.62,77.93,98.63,93.23,0.0,93.23,0.0,0.0,0.0,0.0,0.0,0.0,0.0,0.0,0.0,0.0,0.0,0.0,0.0,0.0,0.0,0.0,40.0,46.0,41.0,0.0,41.0,92.25,119.05,94.81,0.0,94.81,141.59,200.0,147.34,0.0,147.34,0.0,0.0,0.0,0.0,0.0,0.0,0.0,0.0,0.0,0.0,0.0,0.0,0.0,0.0,0.0
3548401,0.0,0.0,0.0,0.0,0.0,0.0,0.0,0.0,0.0,3899.0,0.0,3899.0,0.0,0.0,0.0,0.0,0.0,0.0,0.0,0.0,0.0,0.0,0.0,0.0,0.0,0.0,0.0,0.0,0.0,0.0,0.0,0.0,0.0,0.0,0.0,0.0,0.0,0.0,0.0,0.0,0.0,0.0,96.51,3.49,49.22,50.78,6.05,6.9,6.44,6.67,7.23,7.13,7.23,8.05,7.31,6.41,6.54,5.92,6.36,4.15,2.85,2.0,1.26,0.8,0.54,0.15,0.0,100.0,0.0,100.0,0.0,0.0,0.0,0.0,0.0,0.0,0.0,0.0,0.0,0.0,0.0,0.0,0.0,0.0,0.0,0.0,0.0,0.0,0.0,0.0,0.0,0.0,0.0,0.0,0.0,0.0,0.0,0.0,0.0,0.0,0.0,0.0,0.0,0.0,0.0,0.0,0.0,0.0,0.0,0.0,0.0,0.0,0.0,0.0,0.0,0.0,0.0,0.0,0.0,0.0,0.0,0.0,0.0,0.0,0.0,0.0,0.0,0.0,0.0,0.0,0.0,0.0,0.0,0.0,0.0,0.0,0.0,0.0,0.0,0.0,0.0,0.0,0.0,0.0,0.0,0.0,0.0,0.0,0.0,0.0,0.0,0.0,0.0,0.0,3763.0,136.0,1919.0,1980.0,236.0,269.0,251.0,260.0,282.0,278.0,282.0,314.0,285.0,250.0,255.0,231.0,248.0,162.0,111.0,78.0,49.0,31.0,21.0,6.0,0.0,3899.0,0.0,3899.0,92.86,96.55,93.47,92.56,100.0,98.39,99.39,96.16,93.66,91.44,60.54,75.11,100.0,93.0,0.0,93.0,0.0,0.0,0.0,0.0,0.0,0.0,0.0,0.0,0.0,0.0,0.0,0.0,0.0,0.0,0.0,0.0,35.0,44.0,36.0,0.0,36.0,95.99,126.67,96.92,0.0,96.92,91.44,165.0,93.39,0.0,93.39,0.0,0.0,0.0,0.0,0.0,0.0,0.0,0.0,0.0,0.0,0.0,0.0,0.0,0.0,0.0
3548500,100.0,0.0,100.0,19.0,0.0,19.0,0.0,0.0,0.0,418608.0,0.0,418608.0,100.0,0.0,100.0,100.0,0.0,100.0,100.0,0.0,100.0,8.0,0.0,8.0,24.0,0.0,24.0,19.0,0.0,19.0,3.0,0.0,3.0,2.38,0.0,2.38,0.0,0.0,0.0,79.17,0.0,79.17,99.93,0.07,45.32,54.68,4.17,5.03,5.23,5.49,5.96,6.08,6.53,7.33,8.18,7.01,6.74,6.93,6.6,5.82,4.65,3.42,2.41,1.51,0.71,0.18,0.03,100.0,0.0,100.0,100.0,0.0,52.63,47.37,5.26,0.0,0.0,5.26,5.26,5.26,21.05,15.79,10.53,5.26,5.26,10.53,0.0,10.53,0.0,0.0,0.0,0.0,0.0,0.0,0.0,100.0,0.0,100.0,19.0,0.0,10.0,9.0,1.0,0.0,0.0,1.0,1.0,1.0,4.0,3.0,2.0,1.0,1.0,2.0,0.0,2.0,0.0,0.0,0.0,0.0,0.0,0.0,0.0,19.0,0.0,19.0,0.0,0.0,0.01,0.0,0.01,0.0,0.0,0.0,0.0,0.0,0.01,0.01,0.01,0.0,0.0,0.01,0.0,0.01,0.0,0.0,0.0,0.0,0.0,0.0,0.0,0.0,0.0,0.0,418295.0,313.0,189727.0,228881.0,17452.0,21045.0,21873.0,22979.0,24963.0,25449.0,27320.0,30702.0,34224.0,29334.0,28203.0,29007.0,27637.0,24368.0,19477.0,14332.0,10097.0,6304.0,2965.0,770.0,107.0,418608.0,0.0,418608.0,98.4,94.59,98.51,98.31,99.47,99.37,99.29,99.12,98.43,98.08,95.86,96.75,99.28,98.4,0.0,98.4,100.0,0.0,100.0,100.0,100.0,100.0,0.0,100.0,100.0,100.0,0.0,100.0,100.0,100.0,0.0,100.0,42.0,39.0,42.0,0.0,42.0,82.87,114.38,82.89,0.0,82.89,175.75,90.74,175.68,0.0,175.68,35.0,0.0,35.0,0.0,35.0,111.11,0.0,111.11,0.0,111.11,200.0,0.0,200.0,0.0,200.0
3548609,100.0,0.0,100.0,111.0,0.0,111.0,0.95,0.0,0.95,11674.0,0.0,11674.0,100.0,0.0,100.0,100.0,0.0,100.0,100.0,0.0,100.0,46.0,0.0,46.0,123.0,0.0,123.0,111.0,0.0,111.0,2.67,0.0,2.67,2.41,0.0,2.41,1.07,0.0,1.07,90.24,0.0,90.24,53.91,46.09,49.59,50.41,4.99,5.92,5.99,6.08,6.19,6.28,6.61,7.03,7.76,6.92,7.22,7.07,6.88,5.28,3.78,2.8,1.86,0.89,0.35,0.09,0.02,100.0,0.0,100.0,0.0,100.0,48.65,51.35,0.9,8.11,11.71,6.31,4.5,4.5,3.6,9.01,14.41,8.11,3.6,4.5,8.11,0.9,6.31,2.7,1.8,0.9,0.0,0.0,0.0,100.0,0.0,100.0,0.0,111.0,54.0,57.0,1.0,9.0,13.0,7.0,5.0,5.0,4.0,10.0,16.0,9.0,4.0,5.0,9.0,1.0,7.0,3.0,2.0,1.0,0.0,0.0,0.0,111.0,0.0,111.0,0.0,2.06,0.93,0.97,0.17,1.3,1.86,0.99,0.69,0.68,0.52,1.22,1.77,1.11,0.47,0.61,1.12,0.16,1.59,0.92,0.92,0.96,0.0,0.0,0.0,0.95,0.0,0.95,6294.0,5380.0,5789.0,5885.0,582.0,691.0,699.0,710.0,723.0,733.0,772.0,821.0,906.0,808.0,843.0,825.0,803.0,616.0,441.0,327.0,217.0,104.0,41.0,10.0,2.0,11674.0,0.0,11674.0,97.03,95.19,96.04,96.33,99.31,98.67,99.3,98.32,97.27,95.7,84.17,88.91,98.93,96.19,0.0,96.19,0.0,95.45,95.45,95.45,80.0,100.0,100.0,96.15,100.0,100.0,66.67,85.71,100.0,95.45,0.0,95.45,40.0,40.0,40.0,0.0,40.0,94.14,103.56,98.37,0.0,98.37,132.76,126.62,129.87,0.0,129.87,0.0,40.0,40.0,0.0,40.0,0.0,94.74,94.74,0.0,94.74,0.0,100.0,100.0,0.0,100.0
3548708,0.0,0.0,0.0,0.0,0.0,0.0,0.0,0.0,0.0,810729.0,0.0,810729.0,0.0,0.0,0.0,0.0,0.0,0.0,0.0,0.0,0.0,0.0,0.0,0.0,0.0,0.0,0.0,0.0,0.0,0.0,0.0,0.0,0.0,0.0,0.0,0.0,0.0,0.0,0.0,0.0,0.0,0.0,99.54,0.46,47.53,52.47,5.06,6.03,6.07,6.23,7.1,7.15,7.58,8.34,8.62,7.44,6.87,6.35,5.45,4.35,3.17,2.02,1.24,0.61,0.25,0.06,0.01,100.0,0.0,100.0,0.0,0.0,0.0,0.0,0.0,0.0,0.0,0.0,0.0,0.0,0.0,0.0,0.0,0.0,0.0,0.0,0.0,0.0,0.0,0.0,0.0,0.0,0.0,0.0,0.0,0.0,0.0,0.0,0.0,0.0,0.0,0.0,0.0,0.0,0.0,0.0,0.0,0.0,0.0,0.0,0.0,0.0,0.0,0.0,0.0,0.0,0.0,0.0,0.0,0.0,0.0,0.0,0.0,0.0,0.0,0.0,0.0,0.0,0.0,0.0,0.0,0.0,0.0,0.0,0.0,0.0,0.0,0.0,0.0,0.0,0.0,0.0,0.0,0.0,0.0,0.0,0.0,0.0,0.0,0.0,0.0,0.0,0.0,0.0,806963.0,3766.0,385349.0,425380.0,41002.0,48852.0,49236.0,50482.0,57601.0,57987.0,61438.0,67602.0,69860.0,60298.0,55737.0,51476.0,44188.0,35243.0,25725.0,16359.0,10083.0,4951.0,2021.0,520.0,68.0,810729.0,0.0,810729.0,97.62,93.58,97.82,97.41,99.43,99.33,99.29,99.13,97.95,96.18,88.81,92.22,99.24,97.6,0.0,97.6,0.0,0.0,0.0,0.0,0.0,0.0,0.0,0.0,0.0,0.0,0.0,0.0,0.0,0.0,0.0,0.0,37.0,37.0,37.0,0.0,37.0,90.51,108.53,90.59,0.0,90.59,100.1,90.34,100.05,0.0,100.05,0.0,0.0,0.0,0.0,0.0,0.0,0.0,0.0,0.0,0.0,0.0,0.0,0.0,0.0,0.0
3548807,0.0,0.0,0.0,0.0,0.0,0.0,0.0,0.0,0.0,165655.0,0.0,165655.0,0.0,0.0,0.0,0.0,0.0,0.0,0.0,0.0,0.0,0.0,0.0,0.0,0.0,0.0,0.0,0.0,0.0,0.0,0.0,0.0,0.0,0.0,0.0,0.0,0.0,0.0,0.0,0.0,0.0,0.0,100.0,0.0,45.68,54.32,4.42,5.43,5.45,5.38,5.46,5.51,6.28,8.07,8.82,7.39,6.64,6.86,6.38,5.59,4.5,3.19,2.33,1.39,0.69,0.19,0.02,100.0,0.0,100.0,0.0,0.0,0.0,0.0,0.0,0.0,0.0,0.0,0.0,0.0,0.0,0.0,0.0,0.0,0.0,0.0,0.0,0.0,0.0,0.0,0.0,0.0,0.0,0.0,0.0,0.0,0.0,0.0,0.0,0.0,0.0,0.0,0.0,0.0,0.0,0.0,0.0,0.0,0.0,0.0,0.0,0.0,0.0,0.0,0.0,0.0,0.0,0.0,0.0,0.0,0.0,0.0,0.0,0.0,0.0,0.0,0.0,0.0,0.0,0.0,0.0,0.0,0.0,0.0,0.0,0.0,0.0,0.0,0.0,0.0,0.0,0.0,0.0,0.0,0.0,0.0,0.0,0.0,0.0,0.0,0.0,0.0,0.0,0.0,165655.0,0.0,75671.0,89984.0,7320.0,8993.0,9026.0,8912.0,9049.0,9124.0,10409.0,13374.0,14614.0,12240.0,11003.0,11364.0,10572.0,9253.0,7462.0,5284.0,3852.0,2308.0,1145.0,312.0,39.0,165655.0,0.0,165655.0,98.84,0.0,99.04,98.67,99.46,99.57,99.37,99.57,99.1,98.77,95.7,97.16,99.49,98.84,0.0,98.84,0.0,0.0,0.0,0.0,0.0,0.0,0.0,0.0,0.0,0.0,0.0,0.0,0.0,0.0,0.0,0.0,42.0,0.0,42.0,0.0,42.0,84.09,0.0,84.09,0.0,84.09,158.76,0.0,158.76,0.0,158.76,0.0,0.0,0.0,0.0,0.0,0.0,0.0,0.0,0.0,0.0,0.0,0.0,0.0,0.0,0.0
3548906,0.0,0.0,0.0,0.0,0.0,0.0,0.0,0.0,0.0,254857.0,0.0,254857.0,0.0,0.0,0.0,0.0,0.0,0.0,0.0,0.0,0.0,0.0,0.0,0.0,0.0,0.0,0.0,0.0,0.0,0.0,0.0,0.0,0.0,0.0,0.0,0.0,0.0,0.0,0.0,0.0,0.0,0.0,97.88,2.12,48.64,51.36,5.39,5.96,5.63,6.26,7.79,7.6,7.63,8.01,8.16,6.98,6.4,6.0,5.54,4.44,3.32,2.2,1.42,0.8,0.36,0.09,0.01,100.0,0.0,100.0,0.0,0.0,0.0,0.0,0.0,0.0,0.0,0.0,0.0,0.0,0.0,0.0,0.0,0.0,0.0,0.0,0.0,0.0,0.0,0.0,0.0,0.0,0.0,0.0,0.0,0.0,0.0,0.0,0.0,0.0,0.0,0.0,0.0,0.0,0.0,0.0,0.0,0.0,0.0,0.0,0.0,0.0,0.0,0.0,0.0,0.0,0.0,0.0,0.0,0.0,0.0,0.0,0.0,0.0,0.0,0.0,0.0,0.0,0.0,0.0,0.0,0.0,0.0,0.0,0.0,0.0,0.0,0.0,0.0,0.0,0.0,0.0,0.0,0.0,0.0,0.0,0.0,0.0,0.0,0.0,0.0,0.0,0.0,0.0,249463.0,5394.0,123971.0,130886.0,13749.0,15186.0,14344.0,15959.0,19843.0,19367.0,19451.0,20403.0,20806.0,17791.0,16313.0,15290.0,14108.0,11310.0,8473.0,5597.0,3624.0,2051.0,921.0,238.0,33.0,254857.0,0.0,254857.0,97.58,93.69,97.82,97.21,99.3,99.26,99.05,98.86,97.94,96.5,88.57,92.19,99.26,97.5,0.0,97.5,0.0,0.0,0.0,0.0,0.0,0.0,0.0,0.0,0.0,0.0,0.0,0.0,0.0,0.0,0.0,0.0,37.0,38.0,37.0,0.0,37.0,94.36,112.61,94.72,0.0,94.72,107.35,97.0,107.11,0.0,107.11,0.0,0.0,0.0,0.0,0.0,0.0,0.0,0.0,0.0,0.0,0.0,0.0,0.0,0.0,0.0
3549003,0.0,0.0,0.0,0.0,0.0,0.0,0.0,0.0,0.0,2602.0,0.0,2602.0,0.0,0.0,0.0,0.0,0.0,0.0,0.0,0.0,0.0,0.0,0.0,0.0,0.0,0.0,0.0,0.0,0.0,0.0,0.0,0.0,0.0,0.0,0.0,0.0,0.0,0.0,0.0,0.0,0.0,0.0,77.13,22.87,48.81,51.19,4.46,4.84,5.38,5.76,6.07,5.84,5.73,5.88,6.46,7.23,7.23,8.07,7.15,5.84,5.42,3.54,3.04,1.31,0.65,0.08,0.04,100.0,0.0,100.0,0.0,0.0,0.0,0.0,0.0,0.0,0.0,0.0,0.0,0.0,0.0,0.0,0.0,0.0,0.0,0.0,0.0,0.0,0.0,0.0,0.0,0.0,0.0,0.0,0.0,0.0,0.0,0.0,0.0,0.0,0.0,0.0,0.0,0.0,0.0,0.0,0.0,0.0,0.0,0.0,0.0,0.0,0.0,0.0,0.0,0.0,0.0,0.0,0.0,0.0,0.0,0.0,0.0,0.0,0.0,0.0,0.0,0.0,0.0,0.0,0.0,0.0,0.0,0.0,0.0,0.0,0.0,0.0,0.0,0.0,0.0,0.0,0.0,0.0,0.0,0.0,0.0,0.0,0.0,0.0,0.0,0.0,0.0,0.0,2007.0,595.0,1270.0,1332.0,116.0,126.0,140.0,150.0,158.0,152.0,149.0,153.0,168.0,188.0,188.0,210.0,186.0,152.0,141.0,92.0,79.0,34.0,17.0,2.0,1.0,2602.0,0.0,2602.0,91.19,92.42,93.07,89.97,98.73,99.34,100.0,99.38,97.07,90.4,61.33,74.13,100.0,91.49,0.0,91.49,0.0,0.0,0.0,0.0,0.0,0.0,0.0,0.0,0.0,0.0,0.0,0.0,0.0,0.0,0.0,0.0,41.0,53.0,44.0,0.0,44.0,94.67,97.67,95.35,0.0,95.35,153.97,326.87,184.29,0.0,184.29,0.0,0.0,0.0,0.0,0.0,0.0,0.0,0.0,0.0,0.0,0.0,0.0,0.0,0.0,0.0
3549102,0.0,0.0,0.0,0.0,0.0,0.0,0.0,0.0,0.0,92547.0,0.0,92547.0,0.0,0.0,0.0,0.0,0.0,0.0,0.0,0.0,0.0,0.0,0.0,0.0,0.0,0.0,0.0,0.0,0.0,0.0,0.0,0.0,0.0,0.0,0.0,0.0,0.0,0.0,0.0,0.0,0.0,0.0,95.02,4.98,48.04,51.96,5.17,5.65,5.42,5.82,6.67,6.87,7.03,7.92,8.2,7.13,7.03,6.83,5.98,5.06,3.71,2.42,1.62,0.93,0.42,0.12,0.02,100.0,0.0,100.0,0.0,0.0,0.0,0.0,0.0,0.0,0.0,0.0,0.0,0.0,0.0,0.0,0.0,0.0,0.0,0.0,0.0,0.0,0.0,0.0,0.0,0.0,0.0,0.0,0.0,0.0,0.0,0.0,0.0,0.0,0.0,0.0,0.0,0.0,0.0,0.0,0.0,0.0,0.0,0.0,0.0,0.0,0.0,0.0,0.0,0.0,0.0,0.0,0.0,0.0,0.0,0.0,0.0,0.0,0.0,0.0,0.0,0.0,0.0,0.0,0.0,0.0,0.0,0.0,0.0,0.0,0.0,0.0,0.0,0.0,0.0,0.0,0.0,0.0,0.0,0.0,0.0,0.0,0.0,0.0,0.0,0.0,0.0,0.0,87940.0,4607.0,44463.0,48084.0,4783.0,5227.0,5014.0,5382.0,6173.0,6360.0,6507.0,7330.0,7591.0,6595.0,6503.0,6320.0,5538.0,4679.0,3430.0,2243.0,1499.0,862.0,387.0,108.0,16.0,92547.0,0.0,92547.0,97.41,94.63,97.61,96.96,99.21,99.04,99.36,98.77,97.64,96.71,88.56,92.23,99.48,97.27,0.0,97.27,0.0,0.0,0.0,0.0,0.0,0.0,0.0,0.0,0.0,0.0,0.0,0.0,0.0,0.0,0.0,0.0,39.0,40.0,39.0,0.0,39.0,91.37,116.19,92.47,0.0,92.47,125.86,108.01,124.88,0.0,124.88,0.0,0.0,0.0,0.0,0.0,0.0,0.0,0.0,0.0,0.0,0.0,0.0,0.0,0.0,0.0
3549201,0.0,0.0,0.0,0.0,0.0,0.0,0.0,0.0,0.0,2580.0,0.0,2580.0,0.0,0.0,0.0,0.0,0.0,0.0,0.0,0.0,0.0,0.0,0.0,0.0,0.0,0.0,0.0,0.0,0.0,0.0,0.0,0.0,0.0,0.0,0.0,0.0,0.0,0.0,0.0,0.0,0.0,0.0,77.44,22.56,49.3,50.7,5.39,5.23,5.58,6.47,6.71,6.43,6.2,6.51,7.4,7.29,7.87,7.44,6.4,5.23,3.88,2.48,2.13,1.01,0.27,0.08,0.0,100.0,0.0,100.0,0.0,0.0,0.0,0.0,0.0,0.0,0.0,0.0,0.0,0.0,0.0,0.0,0.0,0.0,0.0,0.0,0.0,0.0,0.0,0.0,0.0,0.0,0.0,0.0,0.0,0.0,0.0,0.0,0.0,0.0,0.0,0.0,0.0,0.0,0.0,0.0,0.0,0.0,0.0,0.0,0.0,0.0,0.0,0.0,0.0,0.0,0.0,0.0,0.0,0.0,0.0,0.0,0.0,0.0,0.0,0.0,0.0,0.0,0.0,0.0,0.0,0.0,0.0,0.0,0.0,0.0,0.0,0.0,0.0,0.0,0.0,0.0,0.0,0.0,0.0,0.0,0.0,0.0,0.0,0.0,0.0,0.0,0.0,0.0,1998.0,582.0,1272.0,1308.0,139.0,135.0,144.0,167.0,173.0,166.0,160.0,168.0,191.0,188.0,203.0,192.0,165.0,135.0,100.0,64.0,55.0,26.0,7.0,2.0,0.0,2580.0,0.0,2580.0,91.46,92.21,91.64,91.62,100.0,98.77,100.0,97.21,95.65,88.52,59.74,71.98,100.0,91.63,0.0,91.63,0.0,0.0,0.0,0.0,0.0,0.0,0.0,0.0,0.0,0.0,0.0,0.0,0.0,0.0,0.0,0.0,40.0,41.0,41.0,0.0,41.0,91.56,119.62,97.25,0.0,97.25,134.26,126.6,132.54,0.0,132.54,0.0,0.0,0.0,0.0,0.0,0.0,0.0,0.0,0.0,0.0,0.0,0.0,0.0,0.0,0.0
3549250,0.0,0.0,0.0,0.0,0.0,0.0,0.0,0.0,0.0,1846.0,0.0,1846.0,0.0,0.0,0.0,0.0,0.0,0.0,0.0,0.0,0.0,0.0,0.0,0.0,0.0,0.0,0.0,0.0,0.0,0.0,0.0,0.0,0.0,0.0,0.0,0.0,0.0,0.0,0.0,0.0,0.0,0.0,82.77,17.23,49.67,50.33,6.18,5.85,6.34,6.5,6.61,7.42,6.99,5.36,6.07,7.58,7.37,6.66,5.36,5.36,4.44,2.82,1.84,0.98,0.22,0.05,0.0,100.0,0.0,100.0,0.0,0.0,0.0,0.0,0.0,0.0,0.0,0.0,0.0,0.0,0.0,0.0,0.0,0.0,0.0,0.0,0.0,0.0,0.0,0.0,0.0,0.0,0.0,0.0,0.0,0.0,0.0,0.0,0.0,0.0,0.0,0.0,0.0,0.0,0.0,0.0,0.0,0.0,0.0,0.0,0.0,0.0,0.0,0.0,0.0,0.0,0.0,0.0,0.0,0.0,0.0,0.0,0.0,0.0,0.0,0.0,0.0,0.0,0.0,0.0,0.0,0.0,0.0,0.0,0.0,0.0,0.0,0.0,0.0,0.0,0.0,0.0,0.0,0.0,0.0,0.0,0.0,0.0,0.0,0.0,0.0,0.0,0.0,0.0,1528.0,318.0,917.0,929.0,114.0,108.0,117.0,120.0,122.0,137.0,129.0,99.0,112.0,140.0,136.0,123.0,99.0,99.0,82.0,52.0,34.0,18.0,4.0,1.0,0.0,1846.0,0.0,1846.0,92.04,95.45,94.06,91.25,98.36,99.25,100.0,96.21,93.12,94.59,66.06,76.55,100.0,92.63,0.0,92.63,0.0,0.0,0.0,0.0,0.0,0.0,0.0,0.0,0.0,0.0,0.0,0.0,0.0,0.0,0.0,0.0,37.0,46.0,39.0,0.0,39.0,96.65,109.21,98.71,0.0,98.71,107.72,151.85,114.75,0.0,114.75,0.0,0.0,0.0,0.0,0.0,0.0,0.0,0.0,0.0,0.0,0.0,0.0,0.0,0.0,0.0
3549300,0.0,0.0,0.0,0.0,0.0,0.0,0.0,0.0,0.0,2242.0,0.0,2242.0,0.0,0.0,0.0,0.0,0.0,0.0,0.0,0.0,0.0,0.0,0.0,0.0,0.0,0.0,0.0,0.0,0.0,0.0,0.0,0.0,0.0,0.0,0.0,0.0,0.0,0.0,0.0,0.0,0.0,0.0,87.82,12.18,49.6,50.4,4.95,5.04,5.31,5.04,5.66,5.89,6.02,6.07,5.84,7.0,7.14,7.18,7.49,7.45,5.22,3.66,2.81,1.52,0.45,0.27,0.0,100.0,0.0,100.0,0.0,0.0,0.0,0.0,0.0,0.0,0.0,0.0,0.0,0.0,0.0,0.0,0.0,0.0,0.0,0.0,0.0,0.0,0.0,0.0,0.0,0.0,0.0,0.0,0.0,0.0,0.0,0.0,0.0,0.0,0.0,0.0,0.0,0.0,0.0,0.0,0.0,0.0,0.0,0.0,0.0,0.0,0.0,0.0,0.0,0.0,0.0,0.0,0.0,0.0,0.0,0.0,0.0,0.0,0.0,0.0,0.0,0.0,0.0,0.0,0.0,0.0,0.0,0.0,0.0,0.0,0.0,0.0,0.0,0.0,0.0,0.0,0.0,0.0,0.0,0.0,0.0,0.0,0.0,0.0,0.0,0.0,0.0,0.0,1969.0,273.0,1112.0,1130.0,111.0,113.0,119.0,113.0,127.0,132.0,135.0,136.0,131.0,157.0,160.0,161.0,168.0,167.0,117.0,82.0,63.0,34.0,10.0,6.0,0.0,2242.0,0.0,2242.0,93.78,96.71,94.99,93.34,99.21,98.5,98.48,98.88,96.21,93.92,73.85,85.39,100.0,94.15,0.0,94.15,0.0,0.0,0.0,0.0,0.0,0.0,0.0,0.0,0.0,0.0,0.0,0.0,0.0,0.0,0.0,0.0,44.0,50.0,45.0,0.0,45.0,95.34,123.77,98.41,0.0,98.41,175.08,330.0,188.63,0.0,188.63,0.0,0.0,0.0,0.0,0.0,0.0,0.0,0.0,0.0,0.0,0.0,0.0,0.0,0.0,0.0
3549409,100.0,0.0,100.0,5.0,0.0,5.0,0.01,0.0,0.01,48558.0,0.0,48558.0,100.0,0.0,100.0,100.0,0.0,100.0,100.0,0.0,100.0,3.0,0.0,3.0,9.0,0.0,9.0,5.0,0.0,5.0,3.0,0.0,3.0,1.67,0.0,1.67,0.02,0.0,0.02,55.56,0.0,55.56,98.63,1.37,48.45,51.55,5.29,6.04,6.21,6.66,6.62,7.13,7.33,8.31,8.41,7.12,6.61,6.11,5.52,4.34,3.46,2.21,1.45,0.73,0.34,0.09,0.01,100.0,0.0,100.0,100.0,0.0,40.0,60.0,0.0,0.0,20.0,0.0,20.0,0.0,0.0,20.0,0.0,0.0,20.0,20.0,0.0,0.0,0.0,0.0,0.0,0.0,0.0,0.0,0.0,100.0,0.0,100.0,5.0,0.0,2.0,3.0,0.0,0.0,1.0,0.0,1.0,0.0,0.0,1.0,0.0,0.0,1.0,1.0,0.0,0.0,0.0,0.0,0.0,0.0,0.0,0.0,0.0,5.0,0.0,5.0,0.01,0.0,0.01,0.01,0.0,0.0,0.03,0.0,0.03,0.0,0.0,0.02,0.0,0.0,0.03,0.03,0.0,0.0,0.0,0.0,0.0,0.0,0.0,0.0,0.0,0.01,0.0,0.01,47891.0,667.0,23525.0,25033.0,2571.0,2931.0,3017.0,3232.0,3216.0,3461.0,3559.0,4033.0,4083.0,3459.0,3212.0,2967.0,2681.0,2109.0,1679.0,1071.0,705.0,356.0,167.0,46.0,3.0,48558.0,0.0,48558.0,96.59,92.49,96.95,96.14,99.13,99.13,99.32,98.32,97.12,95.45,83.86,88.72,99.24,96.53,0.0,96.53,75.0,0.0,50.0,100.0,100.0,0.0,0.0,100.0,100.0,0.0,0.0,0.0,0.0,75.0,0.0,75.0,37.0,43.0,37.0,0.0,37.0,93.56,129.21,93.98,0.0,93.98,103.08,136.11,103.5,0.0,103.5,38.0,0.0,38.0,0.0,38.0,66.67,0.0,66.67,0.0,66.67,0.0,0.0,0.0,0.0,0.0
3549508,0.0,0.0,0.0,0.0,0.0,0.0,0.0,0.0,0.0,7626.0,0.0,7626.0,0.0,0.0,0.0,0.0,0.0,0.0,0.0,0.0,0.0,0.0,0.0,0.0,0.0,0.0,0.0,0.0,0.0,0.0,0.0,0.0,0.0,0.0,0.0,0.0,0.0,0.0,0.0,0.0,0.0,0.0,91.56,8.44,50.17,49.83,6.41,6.78,7.44,8.1,7.99,7.8,7.3,6.86,6.58,6.49,6.67,5.44,4.84,3.87,3.3,2.01,1.1,0.64,0.29,0.07,0.01,100.0,0.0,100.0,0.0,0.0,0.0,0.0,0.0,0.0,0.0,0.0,0.0,0.0,0.0,0.0,0.0,0.0,0.0,0.0,0.0,0.0,0.0,0.0,0.0,0.0,0.0,0.0,0.0,0.0,0.0,0.0,0.0,0.0,0.0,0.0,0.0,0.0,0.0,0.0,0.0,0.0,0.0,0.0,0.0,0.0,0.0,0.0,0.0,0.0,0.0,0.0,0.0,0.0,0.0,0.0,0.0,0.0,0.0,0.0,0.0,0.0,0.0,0.0,0.0,0.0,0.0,0.0,0.0,0.0,0.0,0.0,0.0,0.0,0.0,0.0,0.0,0.0,0.0,0.0,0.0,0.0,0.0,0.0,0.0,0.0,0.0,0.0,6982.0,644.0,3826.0,3800.0,489.0,517.0,567.0,618.0,609.0,595.0,557.0,523.0,502.0,495.0,509.0,415.0,369.0,295.0,252.0,153.0,84.0,49.0,22.0,5.0,1.0,7626.0,0.0,7626.0,93.18,93.93,93.88,92.61,99.34,98.18,99.16,96.78,92.83,87.88,71.34,79.09,99.62,93.24,0.0,93.24,0.0,0.0,0.0,0.0,0.0,0.0,0.0,0.0,0.0,0.0,0.0,0.0,0.0,0.0,0.0,0.0,33.0,41.0,33.0,0.0,33.0,99.6,113.25,100.68,0.0,100.68,74.79,120.51,78.19,0.0,78.19,0.0,0.0,0.0,0.0,0.0,0.0,0.0,0.0,0.0,0.0,0.0,0.0,0.0,0.0,0.0
3549607,0.0,0.0,0.0,0.0,0.0,0.0,0.0,0.0,0.0,3853.0,0.0,3853.0,0.0,0.0,0.0,0.0,0.0,0.0,0.0,0.0,0.0,0.0,0.0,0.0,0.0,0.0,0.0,0.0,0.0,0.0,0.0,0.0,0.0,0.0,0.0,0.0,0.0,0.0,0.0,0.0,0.0,0.0,70.98,29.02,50.01,49.99,6.28,6.2,6.96,6.59,6.8,5.97,6.44,6.88,6.9,6.38,7.29,6.93,6.13,5.35,3.27,2.49,1.79,0.88,0.36,0.1,0.0,100.0,0.0,100.0,0.0,0.0,0.0,0.0,0.0,0.0,0.0,0.0,0.0,0.0,0.0,0.0,0.0,0.0,0.0,0.0,0.0,0.0,0.0,0.0,0.0,0.0,0.0,0.0,0.0,0.0,0.0,0.0,0.0,0.0,0.0,0.0,0.0,0.0,0.0,0.0,0.0,0.0,0.0,0.0,0.0,0.0,0.0,0.0,0.0,0.0,0.0,0.0,0.0,0.0,0.0,0.0,0.0,0.0,0.0,0.0,0.0,0.0,0.0,0.0,0.0,0.0,0.0,0.0,0.0,0.0,0.0,0.0,0.0,0.0,0.0,0.0,0.0,0.0,0.0,0.0,0.0,0.0,0.0,0.0,0.0,0.0,0.0,0.0,2735.0,1118.0,1927.0,1926.0,242.0,239.0,268.0,254.0,262.0,230.0,248.0,265.0,266.0,246.0,281.0,267.0,236.0,206.0,126.0,96.0,69.0,34.0,14.0,4.0,0.0,3853.0,0.0,3853.0,92.63,90.95,92.14,92.14,97.33,98.12,98.74,93.97,92.03,91.45,72.35,80.15,100.0,92.14,0.0,92.14,0.0,0.0,0.0,0.0,0.0,0.0,0.0,0.0,0.0,0.0,0.0,0.0,0.0,0.0,0.0,0.0,38.0,38.0,38.0,0.0,38.0,94.25,115.83,100.05,0.0,100.05,108.38,95.75,104.81,0.0,104.81,0.0,0.0,0.0,0.0,0.0,0.0,0.0,0.0,0.0,0.0,0.0,0.0,0.0,0.0,0.0
3549706,0.0,0.0,0.0,0.0,0.0,0.0,0.0,0.0,0.0,52205.0,0.0,52205.0,0.0,0.0,0.0,0.0,0.0,0.0,0.0,0.0,0.0,0.0,0.0,0.0,0.0,0.0,0.0,0.0,0.0,0.0,0.0,0.0,0.0,0.0,0.0,0.0,0.0,0.0,0.0,0.0,0.0,0.0,90.67,9.33,48.2,51.8,5.46,6.0,5.58,5.69,6.18,6.79,7.52,7.82,7.83,6.34,6.46,6.48,6.55,5.47,4.01,2.66,1.73,0.95,0.38,0.09,0.01,100.0,0.0,100.0,0.0,0.0,0.0,0.0,0.0,0.0,0.0,0.0,0.0,0.0,0.0,0.0,0.0,0.0,0.0,0.0,0.0,0.0,0.0,0.0,0.0,0.0,0.0,0.0,0.0,0.0,0.0,0.0,0.0,0.0,0.0,0.0,0.0,0.0,0.0,0.0,0.0,0.0,0.0,0.0,0.0,0.0,0.0,0.0,0.0,0.0,0.0,0.0,0.0,0.0,0.0,0.0,0.0,0.0,0.0,0.0,0.0,0.0,0.0,0.0,0.0,0.0,0.0,0.0,0.0,0.0,0.0,0.0,0.0,0.0,0.0,0.0,0.0,0.0,0.0,0.0,0.0,0.0,0.0,0.0,0.0,0.0,0.0,0.0,47332.0,4873.0,25165.0,27040.0,2848.0,3131.0,2912.0,2971.0,3228.0,3547.0,3928.0,4081.0,4087.0,3309.0,3375.0,3382.0,3417.0,2858.0,2091.0,1391.0,905.0,495.0,198.0,45.0,6.0,52205.0,0.0,52205.0,97.13,94.64,97.03,96.79,98.92,98.86,99.04,98.35,97.29,96.6,88.65,91.96,98.75,96.9,0.0,96.9,0.0,0.0,0.0,0.0,0.0,0.0,0.0,0.0,0.0,0.0,0.0,0.0,0.0,0.0,0.0,0.0,39.0,38.0,39.0,0.0,39.0,91.35,111.5,93.07,0.0,93.07,129.69,116.18,128.29,0.0,128.29,0.0,0.0,0.0,0.0,0.0,0.0,0.0,0.0,0.0,0.0,0.0,0.0,0.0,0.0,0.0
3549805,0.0,0.0,0.0,0.0,0.0,0.0,0.0,0.0,0.0,480393.0,0.0,480393.0,0.0,0.0,0.0,0.0,0.0,0.0,0.0,0.0,0.0,0.0,0.0,0.0,0.0,0.0,0.0,0.0,0.0,0.0,0.0,0.0,0.0,0.0,0.0,0.0,0.0,0.0,0.0,0.0,0.0,0.0,99.18,0.82,47.72,52.28,5.37,5.74,5.63,5.77,7.04,7.65,7.98,8.21,8.35,6.97,6.51,6.16,5.59,4.49,3.38,2.36,1.52,0.84,0.34,0.09,0.01,100.0,0.0,100.0,0.0,0.0,0.0,0.0,0.0,0.0,0.0,0.0,0.0,0.0,0.0,0.0,0.0,0.0,0.0,0.0,0.0,0.0,0.0,0.0,0.0,0.0,0.0,0.0,0.0,0.0,0.0,0.0,0.0,0.0,0.0,0.0,0.0,0.0,0.0,0.0,0.0,0.0,0.0,0.0,0.0,0.0,0.0,0.0,0.0,0.0,0.0,0.0,0.0,0.0,0.0,0.0,0.0,0.0,0.0,0.0,0.0,0.0,0.0,0.0,0.0,0.0,0.0,0.0,0.0,0.0,0.0,0.0,0.0,0.0,0.0,0.0,0.0,0.0,0.0,0.0,0.0,0.0,0.0,0.0,0.0,0.0,0.0,0.0,476448.0,3945.0,229222.0,251171.0,25806.0,27587.0,27050.0,27738.0,33827.0,36749.0,38358.0,39456.0,40111.0,33462.0,31277.0,29581.0,26838.0,21564.0,16224.0,11323.0,7312.0,4025.0,1641.0,420.0,44.0,480393.0,0.0,480393.0,97.84,97.23,98.05,97.64,99.31,99.39,99.27,98.99,98.25,97.44,89.05,93.0,99.27,97.84,0.0,97.84,0.0,0.0,0.0,0.0,0.0,0.0,0.0,0.0,0.0,0.0,0.0,0.0,0.0,0.0,0.0,0.0,37.0,37.0,37.0,0.0,37.0,90.56,245.75,91.26,0.0,91.26,110.92,157.94,111.12,0.0,111.12,0.0,0.0,0.0,0.0,0.0,0.0,0.0,0.0,0.0,0.0,0.0,0.0,0.0,0.0,0.0
3549904,0.0,0.0,0.0,0.0,0.0,0.0,0.0,0.0,0.0,697054.0,0.0,697054.0,0.0,0.0,0.0,0.0,0.0,0.0,0.0,0.0,0.0,0.0,0.0,0.0,0.0,0.0,0.0,0.0,0.0,0.0,0.0,0.0,0.0,0.0,0.0,0.0,0.0,0.0,0.0,0.0,0.0,0.0,98.72,1.28,48.11,51.89,5.74,6.45,6.3,6.37,7.15,7.25,7.74,8.26,8.53,7.05,6.38,5.93,5.31,4.34,3.18,1.98,1.13,0.58,0.26,0.07,0.01,100.0,0.0,100.0,0.0,0.0,0.0,0.0,0.0,0.0,0.0,0.0,0.0,0.0,0.0,0.0,0.0,0.0,0.0,0.0,0.0,0.0,0.0,0.0,0.0,0.0,0.0,0.0,0.0,0.0,0.0,0.0,0.0,0.0,0.0,0.0,0.0,0.0,0.0,0.0,0.0,0.0,0.0,0.0,0.0,0.0,0.0,0.0,0.0,0.0,0.0,0.0,0.0,0.0,0.0,0.0,0.0,0.0,0.0,0.0,0.0,0.0,0.0,0.0,0.0,0.0,0.0,0.0,0.0,0.0,0.0,0.0,0.0,0.0,0.0,0.0,0.0,0.0,0.0,0.0,0.0,0.0,0.0,0.0,0.0,0.0,0.0,0.0,688155.0,8899.0,335359.0,361695.0,39987.0,44960.0,43908.0,44369.0,49806.0,50555.0,53937.0,57604.0,59458.0,49163.0,44477.0,41337.0,36989.0,30242.0,22173.0,13818.0,7851.0,4044.0,1800.0,491.0,85.0,697054.0,0.0,697054.0,97.92,93.41,98.04,97.7,99.33,99.24,99.14,99.03,98.16,97.26,89.15,92.98,99.28,97.86,0.0,97.86,0.0,0.0,0.0,0.0,0.0,0.0,0.0,0.0,0.0,0.0,0.0,0.0,0.0,0.0,0.0,0.0,36.0,38.0,36.0,0.0,36.0,92.47,114.33,92.72,0.0,92.72,90.89,113.98,91.18,0.0,91.18,0.0,0.0,0.0,0.0,0.0,0.0,0.0,0.0,0.0,0.0,0.0,0.0,0.0,0.0,0.0
3549953,0.0,0.0,0.0,0.0,0.0,0.0,0.0,0.0,0.0,16067.0,0.0,16067.0,0.0,0.0,0.0,0.0,0.0,0.0,0.0,0.0,0.0,0.0,0.0,0.0,0.0,0.0,0.0,0.0,0.0,0.0,0.0,0.0,0.0,0.0,0.0,0.0,0.0,0.0,0.0,0.0,0.0,0.0,51.98,48.02,50.15,49.85,5.97,6.77,6.4,6.83,7.43,6.95,7.02,7.33,8.02,7.15,7.04,6.21,5.18,4.59,3.21,1.83,1.1,0.63,0.26,0.06,0.01,100.0,0.0,100.0,0.0,0.0,0.0,0.0,0.0,0.0,0.0,0.0,0.0,0.0,0.0,0.0,0.0,0.0,0.0,0.0,0.0,0.0,0.0,0.0,0.0,0.0,0.0,0.0,0.0,0.0,0.0,0.0,0.0,0.0,0.0,0.0,0.0,0.0,0.0,0.0,0.0,0.0,0.0,0.0,0.0,0.0,0.0,0.0,0.0,0.0,0.0,0.0,0.0,0.0,0.0,0.0,0.0,0.0,0.0,0.0,0.0,0.0,0.0,0.0,0.0,0.0,0.0,0.0,0.0,0.0,0.0,0.0,0.0,0.0,0.0,0.0,0.0,0.0,0.0,0.0,0.0,0.0,0.0,0.0,0.0,0.0,0.0,0.0,8352.0,7715.0,8058.0,8009.0,960.0,1087.0,1029.0,1097.0,1194.0,1117.0,1128.0,1177.0,1289.0,1149.0,1131.0,997.0,832.0,738.0,516.0,294.0,177.0,101.0,42.0,10.0,2.0,16067.0,0.0,16067.0,94.61,92.44,94.02,93.11,98.99,98.49,98.94,97.49,94.87,90.43,67.41,77.5,98.62,93.56,0.0,93.56,0.0,0.0,0.0,0.0,0.0,0.0,0.0,0.0,0.0,0.0,0.0,0.0,0.0,0.0,0.0,0.0,35.0,38.0,36.0,0.0,36.0,93.29,109.19,100.61,0.0,100.61,78.62,98.96,88.17,0.0,88.17,0.0,0.0,0.0,0.0,0.0,0.0,0.0,0.0,0.0,0.0,0.0,0.0,0.0,0.0,0.0
3550001,0.0,0.0,0.0,0.0,0.0,0.0,0.0,0.0,0.0,10337.0,0.0,10337.0,0.0,0.0,0.0,0.0,0.0,0.0,0.0,0.0,0.0,0.0,0.0,0.0,0.0,0.0,0.0,0.0,0.0,0.0,0.0,0.0,0.0,0.0,0.0,0.0,0.0,0.0,0.0,0.0,0.0,0.0,55.57,44.43,50.46,49.54,4.88,5.26,5.36,5.84,5.86,6.29,6.33,6.98,6.89,7.11,7.62,7.86,7.19,6.02,4.09,2.99,1.93,1.09,0.32,0.09,0.01,100.0,0.0,100.0,0.0,0.0,0.0,0.0,0.0,0.0,0.0,0.0,0.0,0.0,0.0,0.0,0.0,0.0,0.0,0.0,0.0,0.0,0.0,0.0,0.0,0.0,0.0,0.0,0.0,0.0,0.0,0.0,0.0,0.0,0.0,0.0,0.0,0.0,0.0,0.0,0.0,0.0,0.0,0.0,0.0,0.0,0.0,0.0,0.0,0.0,0.0,0.0,0.0,0.0,0.0,0.0,0.0,0.0,0.0,0.0,0.0,0.0,0.0,0.0,0.0,0.0,0.0,0.0,0.0,0.0,0.0,0.0,0.0,0.0,0.0,0.0,0.0,0.0,0.0,0.0,0.0,0.0,0.0,0.0,0.0,0.0,0.0,0.0,5744.0,4593.0,5216.0,5121.0,504.0,544.0,554.0,604.0,606.0,650.0,654.0,722.0,712.0,735.0,788.0,812.0,743.0,622.0,423.0,309.0,199.0,113.0,33.0,9.0,1.0,10337.0,0.0,10337.0,93.63,91.8,92.96,92.68,98.84,98.31,98.92,96.79,92.78,92.54,72.59,81.22,99.57,92.82,0.0,92.82,0.0,0.0,0.0,0.0,0.0,0.0,0.0,0.0,0.0,0.0,0.0,0.0,0.0,0.0,0.0,0.0,41.0,42.0,42.0,0.0,42.0,93.4,113.53,101.86,0.0,101.86,154.63,151.22,153.06,0.0,153.06,0.0,0.0,0.0,0.0,0.0,0.0,0.0,0.0,0.0,0.0,0.0,0.0,0.0,0.0,0.0
3550100,0.0,0.0,0.0,0.0,0.0,0.0,0.0,0.0,0.0,37289.0,0.0,37289.0,0.0,0.0,0.0,0.0,0.0,0.0,0.0,0.0,0.0,0.0,0.0,0.0,0.0,0.0,0.0,0.0,0.0,0.0,0.0,0.0,0.0,0.0,0.0,0.0,0.0,0.0,0.0,0.0,0.0,0.0,95.6,4.4,48.98,51.02,5.52,6.18,6.2,6.36,6.89,7.07,7.54,7.73,8.07,7.68,6.87,5.91,5.61,4.41,3.3,2.13,1.39,0.76,0.28,0.07,0.0,100.0,0.0,100.0,0.0,0.0,0.0,0.0,0.0,0.0,0.0,0.0,0.0,0.0,0.0,0.0,0.0,0.0,0.0,0.0,0.0,0.0,0.0,0.0,0.0,0.0,0.0,0.0,0.0,0.0,0.0,0.0,0.0,0.0,0.0,0.0,0.0,0.0,0.0,0.0,0.0,0.0,0.0,0.0,0.0,0.0,0.0,0.0,0.0,0.0,0.0,0.0,0.0,0.0,0.0,0.0,0.0,0.0,0.0,0.0,0.0,0.0,0.0,0.0,0.0,0.0,0.0,0.0,0.0,0.0,0.0,0.0,0.0,0.0,0.0,0.0,0.0,0.0,0.0,0.0,0.0,0.0,0.0,0.0,0.0,0.0,0.0,0.0,35649.0,1640.0,18266.0,19023.0,2060.0,2306.0,2313.0,2373.0,2569.0,2637.0,2812.0,2881.0,3011.0,2862.0,2561.0,2204.0,2093.0,1645.0,1231.0,796.0,520.0,282.0,105.0,27.0,1.0,37289.0,0.0,37289.0,95.49,94.32,96.14,94.77,98.72,98.62,99.37,98.08,95.59,93.13,82.9,86.72,97.89,95.44,0.0,95.44,0.0,0.0,0.0,0.0,0.0,0.0,0.0,0.0,0.0,0.0,0.0,0.0,0.0,0.0,0.0,0.0,37.0,40.0,37.0,0.0,37.0,95.02,120.73,96.02,0.0,96.02,100.22,102.46,100.31,0.0,100.31,0.0,0.0,0.0,0.0,0.0,0.0,0.0,0.0,0.0,0.0,0.0,0.0,0.0,0.0,0.0
3550209,0.0,0.0,0.0,0.0,0.0,0.0,0.0,0.0,0.0,32039.0,0.0,32039.0,0.0,0.0,0.0,0.0,0.0,0.0,0.0,0.0,0.0,0.0,0.0,0.0,0.0,0.0,0.0,0.0,0.0,0.0,0.0,0.0,0.0,0.0,0.0,0.0,0.0,0.0,0.0,0.0,0.0,0.0,68.13,31.87,50.37,49.63,6.09,6.74,6.87,7.09,7.32,7.05,7.1,7.33,7.87,6.55,6.89,6.11,5.35,4.12,3.08,2.14,1.3,0.68,0.27,0.04,0.01,100.0,0.0,100.0,0.0,0.0,0.0,0.0,0.0,0.0,0.0,0.0,0.0,0.0,0.0,0.0,0.0,0.0,0.0,0.0,0.0,0.0,0.0,0.0,0.0,0.0,0.0,0.0,0.0,0.0,0.0,0.0,0.0,0.0,0.0,0.0,0.0,0.0,0.0,0.0,0.0,0.0,0.0,0.0,0.0,0.0,0.0,0.0,0.0,0.0,0.0,0.0,0.0,0.0,0.0,0.0,0.0,0.0,0.0,0.0,0.0,0.0,0.0,0.0,0.0,0.0,0.0,0.0,0.0,0.0,0.0,0.0,0.0,0.0,0.0,0.0,0.0,0.0,0.0,0.0,0.0,0.0,0.0,0.0,0.0,0.0,0.0,0.0,21827.0,10212.0,16138.0,15901.0,1950.0,2158.0,2201.0,2270.0,2344.0,2258.0,2275.0,2348.0,2523.0,2099.0,2208.0,1956.0,1715.0,1320.0,987.0,687.0,418.0,219.0,87.0,14.0,2.0,32039.0,0.0,32039.0,95.01,94.32,95.61,93.96,98.98,98.65,99.14,97.37,94.71,92.84,75.47,83.42,99.32,94.79,0.0,94.79,0.0,0.0,0.0,0.0,0.0,0.0,0.0,0.0,0.0,0.0,0.0,0.0,0.0,0.0,0.0,0.0,35.0,38.0,36.0,0.0,36.0,98.18,108.96,101.49,0.0,101.49,82.55,94.67,86.37,0.0,86.37,0.0,0.0,0.0,0.0,0.0,0.0,0.0,0.0,0.0,0.0,0.0,0.0,0.0,0.0,0.0
3550308,100.0,0.0,100.0,739.0,0.0,739.0,0.01,0.0,0.01,11451999.0,0.0,11451999.0,100.0,0.0,100.0,100.0,0.0,100.0,100.0,0.0,100.0,317.0,0.0,317.0,873.0,0.0,873.0,739.0,0.0,739.0,2.75,0.0,2.75,2.33,0.0,2.33,0.01,0.0,0.01,84.65,0.0,84.65,99.85,0.15,47.04,52.96,5.24,5.96,5.86,6.29,7.38,7.71,7.76,8.23,8.27,7.1,6.57,5.96,5.3,4.29,3.23,2.14,1.41,0.81,0.37,0.1,0.02,100.0,0.0,100.0,100.0,0.0,47.5,52.5,5.68,6.9,7.58,8.8,9.07,9.88,7.04,8.53,7.17,9.2,6.5,2.84,4.47,2.57,1.62,1.49,0.54,0.14,0.0,0.0,0.0,100.0,0.0,100.0,739.0,0.0,351.0,388.0,42.0,51.0,56.0,65.0,67.0,73.0,52.0,63.0,53.0,68.0,48.0,21.0,33.0,19.0,12.0,11.0,4.0,1.0,0.0,0.0,0.0,739.0,0.0,739.0,0.01,0.0,0.01,0.01,0.01,0.01,0.01,0.01,0.01,0.01,0.01,0.01,0.01,0.01,0.01,0.0,0.01,0.0,0.0,0.0,0.0,0.0,0.0,0.0,0.0,0.01,0.0,0.01,11434786.0,17213.0,5386695.0,6065304.0,599931.0,682444.0,670931.0,720787.0,845139.0,882865.0,888568.0,942674.0,947455.0,812857.0,752842.0,682446.0,606419.0,490960.0,370447.0,244904.0,161775.0,92602.0,42666.0,11526.0,1761.0,11451999.0,0.0,11451999.0,97.42,92.14,97.58,97.27,99.17,99.14,99.04,98.74,97.43,96.0,90.81,92.87,99.13,97.42,0.0,97.42,95.93,0.0,96.76,95.19,100.0,100.0,97.3,98.28,94.83,90.74,68.75,80.85,96.43,95.93,0.0,95.93,37.0,33.0,37.0,0.0,37.0,88.77,117.83,88.81,0.0,88.81,103.64,65.66,103.57,0.0,103.57,32.0,0.0,32.0,0.0,32.0,90.46,0.0,90.46,0.0,90.46,53.69,0.0,53.69,0.0,53.69
3550407,0.0,0.0,0.0,0.0,0.0,0.0,0.0,0.0,0.0,38256.0,0.0,38256.0,0.0,0.0,0.0,0.0,0.0,0.0,0.0,0.0,0.0,0.0,0.0,0.0,0.0,0.0,0.0,0.0,0.0,0.0,0.0,0.0,0.0,0.0,0.0,0.0,0.0,0.0,0.0,0.0,0.0,0.0,96.15,3.85,48.49,51.51,5.25,5.99,5.83,6.32,6.6,6.3,6.53,7.36,7.84,7.11,6.67,6.24,6.26,5.13,4.32,3.06,1.74,0.98,0.35,0.11,0.02,100.0,0.0,100.0,0.0,0.0,0.0,0.0,0.0,0.0,0.0,0.0,0.0,0.0,0.0,0.0,0.0,0.0,0.0,0.0,0.0,0.0,0.0,0.0,0.0,0.0,0.0,0.0,0.0,0.0,0.0,0.0,0.0,0.0,0.0,0.0,0.0,0.0,0.0,0.0,0.0,0.0,0.0,0.0,0.0,0.0,0.0,0.0,0.0,0.0,0.0,0.0,0.0,0.0,0.0,0.0,0.0,0.0,0.0,0.0,0.0,0.0,0.0,0.0,0.0,0.0,0.0,0.0,0.0,0.0,0.0,0.0,0.0,0.0,0.0,0.0,0.0,0.0,0.0,0.0,0.0,0.0,0.0,0.0,0.0,0.0,0.0,0.0,36784.0,1472.0,18549.0,19707.0,2009.0,2290.0,2232.0,2416.0,2523.0,2411.0,2499.0,2815.0,2998.0,2719.0,2550.0,2386.0,2395.0,1962.0,1654.0,1171.0,667.0,375.0,135.0,42.0,7.0,38256.0,0.0,38256.0,96.45,97.12,96.68,96.28,99.21,98.84,99.06,97.87,96.55,95.27,89.28,92.0,98.39,96.47,0.0,96.47,0.0,0.0,0.0,0.0,0.0,0.0,0.0,0.0,0.0,0.0,0.0,0.0,0.0,0.0,0.0,0.0,39.0,39.0,39.0,0.0,39.0,93.5,111.19,94.12,0.0,94.12,128.9,124.9,128.74,0.0,128.74,0.0,0.0,0.0,0.0,0.0,0.0,0.0,0.0,0.0,0.0,0.0,0.0,0.0,0.0,0.0
3550506,0.0,0.0,0.0,0.0,0.0,0.0,0.0,0.0,0.0,7217.0,0.0,7217.0,0.0,0.0,0.0,0.0,0.0,0.0,0.0,0.0,0.0,0.0,0.0,0.0,0.0,0.0,0.0,0.0,0.0,0.0,0.0,0.0,0.0,0.0,0.0,0.0,0.0,0.0,0.0,0.0,0.0,0.0,76.08,23.92,50.24,49.76,6.69,6.68,6.62,7.34,7.08,6.42,6.69,7.19,7.62,6.03,6.61,6.68,5.07,4.6,3.69,2.73,1.15,0.73,0.3,0.07,0.0,100.0,0.0,100.0,0.0,0.0,0.0,0.0,0.0,0.0,0.0,0.0,0.0,0.0,0.0,0.0,0.0,0.0,0.0,0.0,0.0,0.0,0.0,0.0,0.0,0.0,0.0,0.0,0.0,0.0,0.0,0.0,0.0,0.0,0.0,0.0,0.0,0.0,0.0,0.0,0.0,0.0,0.0,0.0,0.0,0.0,0.0,0.0,0.0,0.0,0.0,0.0,0.0,0.0,0.0,0.0,0.0,0.0,0.0,0.0,0.0,0.0,0.0,0.0,0.0,0.0,0.0,0.0,0.0,0.0,0.0,0.0,0.0,0.0,0.0,0.0,0.0,0.0,0.0,0.0,0.0,0.0,0.0,0.0,0.0,0.0,0.0,0.0,5491.0,1726.0,3626.0,3591.0,483.0,482.0,478.0,530.0,511.0,463.0,483.0,519.0,550.0,435.0,477.0,482.0,366.0,332.0,266.0,197.0,83.0,53.0,22.0,5.0,0.0,7217.0,0.0,7217.0,93.25,95.55,94.46,93.18,98.63,98.63,98.77,97.38,92.65,90.33,77.5,83.72,100.0,93.82,0.0,93.82,0.0,0.0,0.0,0.0,0.0,0.0,0.0,0.0,0.0,0.0,0.0,0.0,0.0,0.0,0.0,0.0,35.0,41.0,36.0,0.0,36.0,97.31,113.61,100.97,0.0,100.97,81.99,127.42,91.75,0.0,91.75,0.0,0.0,0.0,0.0,0.0,0.0,0.0,0.0,0.0,0.0,0.0,0.0,0.0,0.0,0.0
3550605,100.0,0.0,100.0,532.0,0.0,532.0,0.67,0.0,0.67,79484.0,0.0,79484.0,100.0,0.0,100.0,100.0,0.0,100.0,100.0,0.0,100.0,165.0,0.0,165.0,604.0,0.0,604.0,532.0,0.0,532.0,3.66,0.0,3.66,3.22,0.0,3.22,0.58,0.0,0.58,88.08,0.0,88.08,90.19,9.81,48.77,51.23,5.53,6.43,6.37,6.39,6.49,6.63,7.12,7.96,8.45,7.04,6.54,6.13,5.87,4.7,3.48,2.21,1.43,0.8,0.31,0.08,0.01,100.0,0.0,100.0,99.81,0.19,51.13,48.87,8.46,9.4,10.53,9.21,8.08,9.02,4.32,7.89,8.65,5.45,3.76,5.08,4.14,2.63,2.26,0.75,0.38,0.0,0.0,0.0,0.0,100.0,0.0,100.0,531.0,1.0,272.0,260.0,45.0,50.0,56.0,49.0,43.0,48.0,23.0,42.0,46.0,29.0,20.0,27.0,22.0,14.0,12.0,4.0,2.0,0.0,0.0,0.0,0.0,532.0,0.0,532.0,0.74,0.01,0.7,0.64,1.02,0.98,1.11,0.97,0.83,0.91,0.41,0.66,0.68,0.52,0.38,0.55,0.47,0.37,0.43,0.23,0.18,0.0,0.0,0.0,0.0,0.67,0.0,0.67,71684.0,7800.0,38766.0,40718.0,4396.0,5113.0,5060.0,5077.0,5161.0,5273.0,5663.0,6328.0,6719.0,5599.0,5197.0,4873.0,4665.0,3736.0,2769.0,1760.0,1138.0,639.0,243.0,65.0,10.0,79484.0,0.0,79484.0,96.54,93.95,96.42,96.18,99.09,98.93,99.0,98.41,96.81,94.49,86.02,89.25,98.99,96.29,0.0,96.29,91.32,100.0,94.15,88.6,100.0,98.59,96.67,92.05,93.88,83.67,33.33,59.38,100.0,91.34,0.0,91.34,38.0,38.0,38.0,0.0,38.0,94.2,104.94,95.21,0.0,95.21,103.82,97.37,103.13,0.0,103.13,27.0,42.0,27.0,0.0,27.0,105.02,0.0,104.62,0.0,104.62,35.76,0.0,35.76,0.0,35.76
3550704,0.0,0.0,0.0,0.0,0.0,0.0,0.0,0.0,0.0,81595.0,0.0,81595.0,0.0,0.0,0.0,0.0,0.0,0.0,0.0,0.0,0.0,0.0,0.0,0.0,0.0,0.0,0.0,0.0,0.0,0.0,0.0,0.0,0.0,0.0,0.0,0.0,0.0,0.0,0.0,0.0,0.0,0.0,98.37,1.63,48.88,51.12,6.36,7.1,7.15,7.29,7.56,7.38,7.68,8.1,8.77,7.21,6.35,5.44,4.6,3.49,2.46,1.47,0.87,0.46,0.2,0.05,0.0,100.0,0.0,100.0,0.0,0.0,0.0,0.0,0.0,0.0,0.0,0.0,0.0,0.0,0.0,0.0,0.0,0.0,0.0,0.0,0.0,0.0,0.0,0.0,0.0,0.0,0.0,0.0,0.0,0.0,0.0,0.0,0.0,0.0,0.0,0.0,0.0,0.0,0.0,0.0,0.0,0.0,0.0,0.0,0.0,0.0,0.0,0.0,0.0,0.0,0.0,0.0,0.0,0.0,0.0,0.0,0.0,0.0,0.0,0.0,0.0,0.0,0.0,0.0,0.0,0.0,0.0,0.0,0.0,0.0,0.0,0.0,0.0,0.0,0.0,0.0,0.0,0.0,0.0,0.0,0.0,0.0,0.0,0.0,0.0,0.0,0.0,0.0,80265.0,1330.0,39887.0,41708.0,5186.0,5795.0,5838.0,5947.0,6168.0,6021.0,6265.0,6613.0,7158.0,5880.0,5183.0,4441.0,3754.0,2848.0,2009.0,1201.0,709.0,376.0,160.0,40.0,3.0,81595.0,0.0,81595.0,95.67,91.97,95.67,95.57,99.12,98.9,99.27,98.01,94.94,91.46,80.67,85.46,99.07,95.62,0.0,95.62,0.0,0.0,0.0,0.0,0.0,0.0,0.0,0.0,0.0,0.0,0.0,0.0,0.0,0.0,0.0,0.0,34.0,28.0,34.0,0.0,34.0,95.42,109.78,95.63,0.0,95.63,66.6,39.35,66.0,0.0,66.0,0.0,0.0,0.0,0.0,0.0,0.0,0.0,0.0,0.0,0.0,0.0,0.0,0.0,0.0,0.0
3550803,0.0,0.0,0.0,0.0,0.0,0.0,0.0,0.0,0.0,10441.0,0.0,10441.0,0.0,0.0,0.0,0.0,0.0,0.0,0.0,0.0,0.0,0.0,0.0,0.0,0.0,0.0,0.0,0.0,0.0,0.0,0.0,0.0,0.0,0.0,0.0,0.0,0.0,0.0,0.0,0.0,0.0,0.0,77.62,22.38,49.83,50.17,5.11,5.5,5.84,6.24,6.48,6.83,7.34,7.64,7.8,6.67,6.93,6.86,6.16,5.18,3.74,2.5,1.76,0.85,0.45,0.11,0.01,100.0,0.0,100.0,0.0,0.0,0.0,0.0,0.0,0.0,0.0,0.0,0.0,0.0,0.0,0.0,0.0,0.0,0.0,0.0,0.0,0.0,0.0,0.0,0.0,0.0,0.0,0.0,0.0,0.0,0.0,0.0,0.0,0.0,0.0,0.0,0.0,0.0,0.0,0.0,0.0,0.0,0.0,0.0,0.0,0.0,0.0,0.0,0.0,0.0,0.0,0.0,0.0,0.0,0.0,0.0,0.0,0.0,0.0,0.0,0.0,0.0,0.0,0.0,0.0,0.0,0.0,0.0,0.0,0.0,0.0,0.0,0.0,0.0,0.0,0.0,0.0,0.0,0.0,0.0,0.0,0.0,0.0,0.0,0.0,0.0,0.0,0.0,8104.0,2337.0,5203.0,5238.0,534.0,574.0,610.0,651.0,677.0,713.0,766.0,798.0,814.0,696.0,724.0,716.0,643.0,541.0,391.0,261.0,184.0,89.0,47.0,11.0,1.0,10441.0,0.0,10441.0,95.67,96.02,95.9,95.59,99.11,98.99,99.73,97.7,97.25,95.14,81.79,86.62,98.94,95.75,0.0,95.75,0.0,0.0,0.0,0.0,0.0,0.0,0.0,0.0,0.0,0.0,0.0,0.0,0.0,0.0,0.0,0.0,40.0,35.0,39.0,0.0,39.0,94.34,118.82,99.33,0.0,99.33,149.75,69.44,126.19,0.0,126.19,0.0,0.0,0.0,0.0,0.0,0.0,0.0,0.0,0.0,0.0,0.0,0.0,0.0,0.0,0.0
3550902,0.0,0.0,0.0,0.0,0.0,0.0,0.0,0.0,0.0,13442.0,0.0,13442.0,0.0,0.0,0.0,0.0,0.0,0.0,0.0,0.0,0.0,0.0,0.0,0.0,0.0,0.0,0.0,0.0,0.0,0.0,0.0,0.0,0.0,0.0,0.0,0.0,0.0,0.0,0.0,0.0,0.0,0.0,91.18,8.82,49.04,50.96,4.63,5.54,6.28,6.9,6.46,6.3,6.8,7.66,7.66,6.56,6.95,6.84,6.32,5.06,3.85,2.68,1.93,1.0,0.46,0.11,0.01,100.0,0.0,100.0,0.0,0.0,0.0,0.0,0.0,0.0,0.0,0.0,0.0,0.0,0.0,0.0,0.0,0.0,0.0,0.0,0.0,0.0,0.0,0.0,0.0,0.0,0.0,0.0,0.0,0.0,0.0,0.0,0.0,0.0,0.0,0.0,0.0,0.0,0.0,0.0,0.0,0.0,0.0,0.0,0.0,0.0,0.0,0.0,0.0,0.0,0.0,0.0,0.0,0.0,0.0,0.0,0.0,0.0,0.0,0.0,0.0,0.0,0.0,0.0,0.0,0.0,0.0,0.0,0.0,0.0,0.0,0.0,0.0,0.0,0.0,0.0,0.0,0.0,0.0,0.0,0.0,0.0,0.0,0.0,0.0,0.0,0.0,0.0,12256.0,1186.0,6592.0,6850.0,622.0,745.0,844.0,927.0,869.0,847.0,914.0,1030.0,1029.0,882.0,934.0,920.0,850.0,680.0,517.0,360.0,259.0,135.0,62.0,15.0,1.0,13442.0,0.0,13442.0,96.67,91.56,96.05,96.39,98.85,98.64,97.67,98.06,95.87,94.46,89.9,92.21,98.37,96.22,0.0,96.22,0.0,0.0,0.0,0.0,0.0,0.0,0.0,0.0,0.0,0.0,0.0,0.0,0.0,0.0,0.0,0.0,39.0,38.0,39.0,0.0,39.0,94.14,120.86,96.23,0.0,96.23,132.52,108.84,130.21,0.0,130.21,0.0,0.0,0.0,0.0,0.0,0.0,0.0,0.0,0.0,0.0,0.0,0.0,0.0,0.0,0.0
3551009,0.0,0.0,0.0,0.0,0.0,0.0,0.0,0.0,0.0,329911.0,0.0,329911.0,0.0,0.0,0.0,0.0,0.0,0.0,0.0,0.0,0.0,0.0,0.0,0.0,0.0,0.0,0.0,0.0,0.0,0.0,0.0,0.0,0.0,0.0,0.0,0.0,0.0,0.0,0.0,0.0,0.0,0.0,99.91,0.09,48.11,51.89,5.5,6.49,6.32,6.78,7.66,7.33,7.4,7.68,8.04,7.06,6.68,6.01,5.32,4.37,3.21,1.97,1.22,0.63,0.25,0.06,0.01,100.0,0.0,100.0,0.0,0.0,0.0,0.0,0.0,0.0,0.0,0.0,0.0,0.0,0.0,0.0,0.0,0.0,0.0,0.0,0.0,0.0,0.0,0.0,0.0,0.0,0.0,0.0,0.0,0.0,0.0,0.0,0.0,0.0,0.0,0.0,0.0,0.0,0.0,0.0,0.0,0.0,0.0,0.0,0.0,0.0,0.0,0.0,0.0,0.0,0.0,0.0,0.0,0.0,0.0,0.0,0.0,0.0,0.0,0.0,0.0,0.0,0.0,0.0,0.0,0.0,0.0,0.0,0.0,0.0,0.0,0.0,0.0,0.0,0.0,0.0,0.0,0.0,0.0,0.0,0.0,0.0,0.0,0.0,0.0,0.0,0.0,0.0,329607.0,304.0,158736.0,171175.0,18159.0,21406.0,20841.0,22364.0,25277.0,24188.0,24426.0,25343.0,26530.0,23288.0,22053.0,19843.0,17538.0,14428.0,10584.0,6504.0,4022.0,2064.0,828.0,197.0,28.0,329911.0,0.0,329911.0,96.77,93.09,96.92,96.62,99.02,98.98,99.0,98.46,96.95,95.37,86.29,90.06,99.06,96.77,0.0,96.77,0.0,0.0,0.0,0.0,0.0,0.0,0.0,0.0,0.0,0.0,0.0,0.0,0.0,0.0,0.0,0.0,36.0,30.0,36.0,0.0,36.0,92.72,114.08,92.73,0.0,92.73,93.08,54.02,93.03,0.0,93.03,0.0,0.0,0.0,0.0,0.0,0.0,0.0,0.0,0.0,0.0,0.0,0.0,0.0,0.0,0.0
3551108,0.0,0.0,0.0,0.0,0.0,0.0,0.0,0.0,0.0,10369.0,0.0,10369.0,0.0,0.0,0.0,0.0,0.0,0.0,0.0,0.0,0.0,0.0,0.0,0.0,0.0,0.0,0.0,0.0,0.0,0.0,0.0,0.0,0.0,0.0,0.0,0.0,0.0,0.0,0.0,0.0,0.0,0.0,72.6,27.4,50.58,49.42,5.85,7.07,6.72,7.2,6.91,7.05,6.97,7.28,7.37,6.48,6.04,6.29,5.99,4.82,3.21,2.43,1.44,0.57,0.25,0.05,0.01,100.0,0.0,100.0,0.0,0.0,0.0,0.0,0.0,0.0,0.0,0.0,0.0,0.0,0.0,0.0,0.0,0.0,0.0,0.0,0.0,0.0,0.0,0.0,0.0,0.0,0.0,0.0,0.0,0.0,0.0,0.0,0.0,0.0,0.0,0.0,0.0,0.0,0.0,0.0,0.0,0.0,0.0,0.0,0.0,0.0,0.0,0.0,0.0,0.0,0.0,0.0,0.0,0.0,0.0,0.0,0.0,0.0,0.0,0.0,0.0,0.0,0.0,0.0,0.0,0.0,0.0,0.0,0.0,0.0,0.0,0.0,0.0,0.0,0.0,0.0,0.0,0.0,0.0,0.0,0.0,0.0,0.0,0.0,0.0,0.0,0.0,0.0,7528.0,2841.0,5245.0,5124.0,607.0,733.0,697.0,747.0,716.0,731.0,723.0,755.0,764.0,672.0,626.0,652.0,621.0,500.0,333.0,252.0,149.0,59.0,26.0,5.0,1.0,10369.0,0.0,10369.0,96.14,94.48,95.72,95.62,98.88,98.69,98.85,97.89,95.38,93.64,85.37,88.45,99.04,95.67,0.0,95.67,0.0,0.0,0.0,0.0,0.0,0.0,0.0,0.0,0.0,0.0,0.0,0.0,0.0,0.0,0.0,0.0,34.0,41.0,36.0,0.0,36.0,98.73,112.65,102.36,0.0,102.36,86.0,125.87,95.53,0.0,95.53,0.0,0.0,0.0,0.0,0.0,0.0,0.0,0.0,0.0,0.0,0.0,0.0,0.0,0.0,0.0
3551207,0.0,0.0,0.0,0.0,0.0,0.0,0.0,0.0,0.0,3704.0,0.0,3704.0,0.0,0.0,0.0,0.0,0.0,0.0,0.0,0.0,0.0,0.0,0.0,0.0,0.0,0.0,0.0,0.0,0.0,0.0,0.0,0.0,0.0,0.0,0.0,0.0,0.0,0.0,0.0,0.0,0.0,0.0,88.66,11.34,49.92,50.08,6.02,5.78,6.43,7.64,7.37,7.8,6.8,6.83,6.61,6.18,5.86,6.51,5.99,4.99,3.51,2.81,1.43,0.97,0.35,0.08,0.03,100.0,0.0,100.0,0.0,0.0,0.0,0.0,0.0,0.0,0.0,0.0,0.0,0.0,0.0,0.0,0.0,0.0,0.0,0.0,0.0,0.0,0.0,0.0,0.0,0.0,0.0,0.0,0.0,0.0,0.0,0.0,0.0,0.0,0.0,0.0,0.0,0.0,0.0,0.0,0.0,0.0,0.0,0.0,0.0,0.0,0.0,0.0,0.0,0.0,0.0,0.0,0.0,0.0,0.0,0.0,0.0,0.0,0.0,0.0,0.0,0.0,0.0,0.0,0.0,0.0,0.0,0.0,0.0,0.0,0.0,0.0,0.0,0.0,0.0,0.0,0.0,0.0,0.0,0.0,0.0,0.0,0.0,0.0,0.0,0.0,0.0,0.0,3284.0,420.0,1849.0,1855.0,223.0,214.0,238.0,283.0,273.0,289.0,252.0,253.0,245.0,229.0,217.0,241.0,222.0,185.0,130.0,104.0,53.0,36.0,13.0,3.0,1.0,3704.0,0.0,3704.0,92.58,94.44,93.13,92.49,98.17,96.86,98.3,94.58,90.36,93.52,78.57,82.48,99.07,92.8,0.0,92.8,0.0,0.0,0.0,0.0,0.0,0.0,0.0,0.0,0.0,0.0,0.0,0.0,0.0,0.0,0.0,0.0,35.0,42.0,36.0,0.0,36.0,97.36,119.9,99.68,0.0,99.68,103.25,186.67,110.67,0.0,110.67,0.0,0.0,0.0,0.0,0.0,0.0,0.0,0.0,0.0,0.0,0.0,0.0,0.0,0.0,0.0
3551306,0.0,0.0,0.0,0.0,0.0,0.0,0.0,0.0,0.0,3130.0,0.0,3130.0,0.0,0.0,0.0,0.0,0.0,0.0,0.0,0.0,0.0,0.0,0.0,0.0,0.0,0.0,0.0,0.0,0.0,0.0,0.0,0.0,0.0,0.0,0.0,0.0,0.0,0.0,0.0,0.0,0.0,0.0,83.26,16.74,48.34,51.66,5.72,6.26,6.1,5.46,4.89,5.91,7.22,8.27,7.41,6.2,6.52,7.22,7.03,5.91,3.87,2.65,2.14,0.93,0.19,0.06,0.03,100.0,0.0,100.0,0.0,0.0,0.0,0.0,0.0,0.0,0.0,0.0,0.0,0.0,0.0,0.0,0.0,0.0,0.0,0.0,0.0,0.0,0.0,0.0,0.0,0.0,0.0,0.0,0.0,0.0,0.0,0.0,0.0,0.0,0.0,0.0,0.0,0.0,0.0,0.0,0.0,0.0,0.0,0.0,0.0,0.0,0.0,0.0,0.0,0.0,0.0,0.0,0.0,0.0,0.0,0.0,0.0,0.0,0.0,0.0,0.0,0.0,0.0,0.0,0.0,0.0,0.0,0.0,0.0,0.0,0.0,0.0,0.0,0.0,0.0,0.0,0.0,0.0,0.0,0.0,0.0,0.0,0.0,0.0,0.0,0.0,0.0,0.0,2606.0,524.0,1513.0,1617.0,179.0,196.0,191.0,171.0,153.0,185.0,226.0,259.0,232.0,194.0,204.0,226.0,220.0,185.0,121.0,83.0,67.0,29.0,6.0,2.0,1.0,3130.0,0.0,3130.0,92.91,93.1,94.7,91.33,100.0,99.51,99.09,97.96,95.23,92.38,62.23,76.72,100.0,92.94,0.0,92.94,0.0,0.0,0.0,0.0,0.0,0.0,0.0,0.0,0.0,0.0,0.0,0.0,0.0,0.0,0.0,0.0,39.0,44.0,40.0,0.0,40.0,91.76,103.1,93.57,0.0,93.57,119.71,160.67,126.15,0.0,126.15,0.0,0.0,0.0,0.0,0.0,0.0,0.0,0.0,0.0,0.0,0.0,0.0,0.0,0.0,0.0
3551405,0.0,0.0,0.0,0.0,0.0,0.0,0.0,0.0,0.0,12746.0,0.0,12746.0,0.0,0.0,0.0,0.0,0.0,0.0,0.0,0.0,0.0,0.0,0.0,0.0,0.0,0.0,0.0,0.0,0.0,0.0,0.0,0.0,0.0,0.0,0.0,0.0,0.0,0.0,0.0,0.0,0.0,0.0,93.86,6.14,64.1,35.9,4.36,4.89,4.87,5.79,8.69,10.49,10.18,9.91,9.34,6.82,6.16,5.23,4.51,3.58,2.39,1.45,0.72,0.41,0.17,0.04,0.0,100.0,0.0,100.0,0.0,0.0,0.0,0.0,0.0,0.0,0.0,0.0,0.0,0.0,0.0,0.0,0.0,0.0,0.0,0.0,0.0,0.0,0.0,0.0,0.0,0.0,0.0,0.0,0.0,0.0,0.0,0.0,0.0,0.0,0.0,0.0,0.0,0.0,0.0,0.0,0.0,0.0,0.0,0.0,0.0,0.0,0.0,0.0,0.0,0.0,0.0,0.0,0.0,0.0,0.0,0.0,0.0,0.0,0.0,0.0,0.0,0.0,0.0,0.0,0.0,0.0,0.0,0.0,0.0,0.0,0.0,0.0,0.0,0.0,0.0,0.0,0.0,0.0,0.0,0.0,0.0,0.0,0.0,0.0,0.0,0.0,0.0,0.0,11963.0,783.0,8170.0,4576.0,556.0,623.0,621.0,738.0,1108.0,1337.0,1298.0,1263.0,1191.0,869.0,785.0,666.0,575.0,456.0,304.0,185.0,92.0,52.0,22.0,5.0,0.0,12746.0,0.0,12746.0,94.35,91.14,94.26,93.96,98.38,97.76,98.17,96.05,91.6,90.33,76.97,82.71,98.34,94.16,0.0,94.16,0.0,0.0,0.0,0.0,0.0,0.0,0.0,0.0,0.0,0.0,0.0,0.0,0.0,0.0,0.0,0.0,35.0,40.0,35.0,0.0,35.0,182.68,127.62,178.54,0.0,178.54,91.87,118.57,93.94,0.0,93.94,0.0,0.0,0.0,0.0,0.0,0.0,0.0,0.0,0.0,0.0,0.0,0.0,0.0,0.0,0.0
3551504,0.0,0.0,0.0,0.0,0.0,0.0,0.0,0.0,0.0,43909.0,0.0,43909.0,0.0,0.0,0.0,0.0,0.0,0.0,0.0,0.0,0.0,0.0,0.0,0.0,0.0,0.0,0.0,0.0,0.0,0.0,0.0,0.0,0.0,0.0,0.0,0.0,0.0,0.0,0.0,0.0,0.0,0.0,99.29,0.71,49.15,50.85,6.18,7.09,7.11,7.45,8.21,8.06,8.18,8.52,8.02,6.76,6.14,5.44,4.32,3.27,2.23,1.46,0.92,0.42,0.17,0.03,0.0,100.0,0.0,100.0,0.0,0.0,0.0,0.0,0.0,0.0,0.0,0.0,0.0,0.0,0.0,0.0,0.0,0.0,0.0,0.0,0.0,0.0,0.0,0.0,0.0,0.0,0.0,0.0,0.0,0.0,0.0,0.0,0.0,0.0,0.0,0.0,0.0,0.0,0.0,0.0,0.0,0.0,0.0,0.0,0.0,0.0,0.0,0.0,0.0,0.0,0.0,0.0,0.0,0.0,0.0,0.0,0.0,0.0,0.0,0.0,0.0,0.0,0.0,0.0,0.0,0.0,0.0,0.0,0.0,0.0,0.0,0.0,0.0,0.0,0.0,0.0,0.0,0.0,0.0,0.0,0.0,0.0,0.0,0.0,0.0,0.0,0.0,0.0,43597.0,312.0,21580.0,22329.0,2715.0,3115.0,3121.0,3272.0,3606.0,3537.0,3593.0,3743.0,3521.0,2967.0,2695.0,2387.0,1897.0,1438.0,981.0,641.0,403.0,186.0,76.0,13.0,2.0,43909.0,0.0,43909.0,95.53,95.99,95.85,95.23,98.67,99.02,98.97,97.65,95.21,92.97,71.99,82.25,98.73,95.53,0.0,95.53,0.0,0.0,0.0,0.0,0.0,0.0,0.0,0.0,0.0,0.0,0.0,0.0,0.0,0.0,0.0,0.0,33.0,45.0,33.0,0.0,33.0,96.42,134.59,96.65,0.0,96.65,62.41,194.74,62.98,0.0,62.98,0.0,0.0,0.0,0.0,0.0,0.0,0.0,0.0,0.0,0.0,0.0,0.0,0.0,0.0,0.0
3551603,0.0,0.0,0.0,0.0,0.0,0.0,0.0,0.0,0.0,29894.0,0.0,29894.0,0.0,0.0,0.0,0.0,0.0,0.0,0.0,0.0,0.0,0.0,0.0,0.0,0.0,0.0,0.0,0.0,0.0,0.0,0.0,0.0,0.0,0.0,0.0,0.0,0.0,0.0,0.0,0.0,0.0,0.0,84.0,16.0,48.22,51.78,4.97,5.39,5.45,5.88,6.38,6.22,6.66,7.21,8.3,7.09,6.84,6.41,6.54,5.53,4.48,2.77,2.02,1.19,0.52,0.13,0.01,100.0,0.0,100.0,0.0,0.0,0.0,0.0,0.0,0.0,0.0,0.0,0.0,0.0,0.0,0.0,0.0,0.0,0.0,0.0,0.0,0.0,0.0,0.0,0.0,0.0,0.0,0.0,0.0,0.0,0.0,0.0,0.0,0.0,0.0,0.0,0.0,0.0,0.0,0.0,0.0,0.0,0.0,0.0,0.0,0.0,0.0,0.0,0.0,0.0,0.0,0.0,0.0,0.0,0.0,0.0,0.0,0.0,0.0,0.0,0.0,0.0,0.0,0.0,0.0,0.0,0.0,0.0,0.0,0.0,0.0,0.0,0.0,0.0,0.0,0.0,0.0,0.0,0.0,0.0,0.0,0.0,0.0,0.0,0.0,0.0,0.0,0.0,25111.0,4783.0,14416.0,15478.0,1487.0,1611.0,1628.0,1757.0,1908.0,1858.0,1991.0,2156.0,2482.0,2118.0,2044.0,1917.0,1956.0,1653.0,1338.0,828.0,605.0,357.0,156.0,40.0,4.0,29894.0,0.0,29894.0,96.74,94.94,96.62,96.31,99.27,99.14,98.87,98.58,97.36,96.15,84.52,89.92,99.14,96.46,0.0,96.46,0.0,0.0,0.0,0.0,0.0,0.0,0.0,0.0,0.0,0.0,0.0,0.0,0.0,0.0,0.0,0.0,41.0,39.0,40.0,0.0,40.0,91.5,102.24,93.14,0.0,93.14,151.91,121.41,146.78,0.0,146.78,0.0,0.0,0.0,0.0,0.0,0.0,0.0,0.0,0.0,0.0,0.0,0.0,0.0,0.0,0.0
3551702,100.0,0.0,100.0,5.0,0.0,5.0,0.0,0.0,0.0,126887.0,0.0,126887.0,100.0,0.0,100.0,100.0,0.0,100.0,100.0,0.0,100.0,3.0,0.0,3.0,5.0,0.0,5.0,5.0,0.0,5.0,1.67,0.0,1.67,1.67,0.0,1.67,0.01,0.0,0.01,100.0,0.0,100.0,99.09,0.91,48.54,51.46,5.96,6.52,6.52,6.54,7.13,7.53,8.19,8.85,8.54,6.98,6.22,5.74,4.96,3.78,2.88,1.74,1.09,0.53,0.23,0.06,0.01,100.0,0.0,100.0,0.0,100.0,80.0,20.0,0.0,20.0,0.0,0.0,0.0,0.0,0.0,0.0,0.0,0.0,0.0,20.0,40.0,0.0,20.0,0.0,0.0,0.0,0.0,0.0,0.0,100.0,0.0,100.0,0.0,5.0,4.0,1.0,0.0,1.0,0.0,0.0,0.0,0.0,0.0,0.0,0.0,0.0,0.0,1.0,2.0,0.0,1.0,0.0,0.0,0.0,0.0,0.0,0.0,5.0,0.0,5.0,0.0,0.43,0.01,0.0,0.0,0.01,0.0,0.0,0.0,0.0,0.0,0.0,0.0,0.0,0.0,0.01,0.03,0.0,0.03,0.0,0.0,0.0,0.0,0.0,0.0,0.0,0.0,0.0,125732.0,1155.0,61591.0,65296.0,7562.0,8276.0,8268.0,8303.0,9053.0,9551.0,10396.0,11225.0,10838.0,8860.0,7889.0,7285.0,6296.0,4801.0,3654.0,2207.0,1377.0,670.0,293.0,73.0,10.0,126887.0,0.0,126887.0,96.14,95.27,96.57,95.73,99.24,99.24,98.84,98.2,96.05,94.32,79.63,85.95,99.27,96.14,0.0,96.14,0.0,100.0,100.0,100.0,0.0,0.0,0.0,0.0,0.0,100.0,0.0,100.0,0.0,100.0,0.0,100.0,35.0,33.0,35.0,0.0,35.0,94.11,120.84,94.33,0.0,94.33,80.32,89.16,80.4,0.0,80.4,0.0,60.0,60.0,0.0,60.0,0.0,400.0,400.0,0.0,400.0,0.0,300.0,300.0,0.0,300.0
3551801,100.0,0.0,100.0,17.0,0.0,17.0,0.13,0.0,0.13,12730.0,0.0,12730.0,100.0,0.0,100.0,100.0,0.0,100.0,100.0,0.0,100.0,8.0,0.0,8.0,17.0,0.0,17.0,17.0,0.0,17.0,2.13,0.0,2.13,2.13,0.0,2.13,0.18,0.0,0.18,100.0,0.0,100.0,56.86,43.14,50.8,49.2,6.8,7.09,7.49,7.45,6.54,5.93,6.06,6.79,7.51,7.09,6.66,5.95,5.19,4.91,3.39,2.55,1.49,0.79,0.25,0.06,0.01,100.0,0.0,100.0,0.0,100.0,52.94,47.06,11.76,0.0,0.0,5.88,0.0,0.0,5.88,5.88,5.88,11.76,29.41,0.0,11.76,0.0,5.88,5.88,0.0,0.0,0.0,0.0,0.0,100.0,0.0,100.0,0.0,17.0,9.0,8.0,2.0,0.0,0.0,1.0,0.0,0.0,1.0,1.0,1.0,2.0,5.0,0.0,2.0,0.0,1.0,1.0,0.0,0.0,0.0,0.0,0.0,17.0,0.0,17.0,0.0,0.31,0.14,0.13,0.23,0.0,0.0,0.11,0.0,0.0,0.13,0.12,0.1,0.22,0.59,0.0,0.3,0.0,0.23,0.31,0.0,0.0,0.0,0.0,0.0,0.13,0.0,0.13,7238.0,5492.0,6467.0,6263.0,866.0,902.0,954.0,948.0,833.0,755.0,771.0,864.0,956.0,902.0,848.0,757.0,661.0,625.0,431.0,325.0,190.0,101.0,32.0,8.0,1.0,12730.0,0.0,12730.0,92.5,89.83,91.66,91.04,99.16,97.9,98.29,95.16,92.06,87.87,68.34,75.89,98.9,91.36,0.0,91.36,0.0,100.0,100.0,100.0,0.0,100.0,0.0,100.0,100.0,100.0,100.0,100.0,100.0,100.0,0.0,100.0,36.0,37.0,37.0,0.0,37.0,95.41,114.62,103.26,0.0,103.26,85.24,89.7,87.22,0.0,87.22,0.0,51.0,51.0,0.0,51.0,0.0,112.5,112.5,0.0,112.5,0.0,200.0,200.0,0.0,200.0
3551900,0.0,0.0,0.0,0.0,0.0,0.0,0.0,0.0,0.0,14576.0,0.0,14576.0,0.0,0.0,0.0,0.0,0.0,0.0,0.0,0.0,0.0,0.0,0.0,0.0,0.0,0.0,0.0,0.0,0.0,0.0,0.0,0.0,0.0,0.0,0.0,0.0,0.0,0.0,0.0,0.0,0.0,0.0,95.28,4.72,51.24,48.76,6.13,6.45,6.13,7.05,8.07,7.92,7.02,8.25,7.83,6.57,6.45,6.05,5.56,3.68,2.98,1.65,1.15,0.73,0.25,0.07,0.01,100.0,0.0,100.0,0.0,0.0,0.0,0.0,0.0,0.0,0.0,0.0,0.0,0.0,0.0,0.0,0.0,0.0,0.0,0.0,0.0,0.0,0.0,0.0,0.0,0.0,0.0,0.0,0.0,0.0,0.0,0.0,0.0,0.0,0.0,0.0,0.0,0.0,0.0,0.0,0.0,0.0,0.0,0.0,0.0,0.0,0.0,0.0,0.0,0.0,0.0,0.0,0.0,0.0,0.0,0.0,0.0,0.0,0.0,0.0,0.0,0.0,0.0,0.0,0.0,0.0,0.0,0.0,0.0,0.0,0.0,0.0,0.0,0.0,0.0,0.0,0.0,0.0,0.0,0.0,0.0,0.0,0.0,0.0,0.0,0.0,0.0,0.0,13888.0,688.0,7469.0,7107.0,894.0,940.0,893.0,1028.0,1177.0,1154.0,1023.0,1202.0,1142.0,957.0,940.0,882.0,810.0,536.0,435.0,240.0,168.0,107.0,37.0,10.0,1.0,14576.0,0.0,14576.0,92.44,92.12,93.27,91.54,98.81,97.98,98.54,95.14,90.93,89.01,68.21,76.86,99.03,92.42,0.0,92.42,0.0,0.0,0.0,0.0,0.0,0.0,0.0,0.0,0.0,0.0,0.0,0.0,0.0,0.0,0.0,0.0,35.0,37.0,35.0,0.0,35.0,105.02,106.61,105.09,0.0,105.09,85.25,101.71,85.96,0.0,85.96,0.0,0.0,0.0,0.0,0.0,0.0,0.0,0.0,0.0,0.0,0.0,0.0,0.0,0.0,0.0
3552007,0.0,0.0,0.0,0.0,0.0,0.0,0.0,0.0,0.0,6186.0,0.0,6186.0,0.0,0.0,0.0,0.0,0.0,0.0,0.0,0.0,0.0,0.0,0.0,0.0,0.0,0.0,0.0,0.0,0.0,0.0,0.0,0.0,0.0,0.0,0.0,0.0,0.0,0.0,0.0,0.0,0.0,0.0,52.18,47.82,49.85,50.15,5.97,6.4,6.22,7.68,7.23,6.21,7.08,7.06,7.58,7.05,6.06,6.35,5.97,4.54,3.44,2.33,1.49,0.84,0.4,0.06,0.03,100.0,0.0,100.0,0.0,0.0,0.0,0.0,0.0,0.0,0.0,0.0,0.0,0.0,0.0,0.0,0.0,0.0,0.0,0.0,0.0,0.0,0.0,0.0,0.0,0.0,0.0,0.0,0.0,0.0,0.0,0.0,0.0,0.0,0.0,0.0,0.0,0.0,0.0,0.0,0.0,0.0,0.0,0.0,0.0,0.0,0.0,0.0,0.0,0.0,0.0,0.0,0.0,0.0,0.0,0.0,0.0,0.0,0.0,0.0,0.0,0.0,0.0,0.0,0.0,0.0,0.0,0.0,0.0,0.0,0.0,0.0,0.0,0.0,0.0,0.0,0.0,0.0,0.0,0.0,0.0,0.0,0.0,0.0,0.0,0.0,0.0,0.0,3228.0,2958.0,3084.0,3102.0,369.0,396.0,385.0,475.0,447.0,384.0,438.0,437.0,469.0,436.0,375.0,393.0,369.0,281.0,213.0,144.0,92.0,52.0,25.0,4.0,2.0,6186.0,0.0,6186.0,94.53,88.73,91.26,92.26,99.11,97.81,98.95,97.02,92.6,86.75,66.77,75.52,98.42,91.76,0.0,91.76,0.0,0.0,0.0,0.0,0.0,0.0,0.0,0.0,0.0,0.0,0.0,0.0,0.0,0.0,0.0,0.0,36.0,38.0,37.0,0.0,37.0,92.26,107.87,99.42,0.0,99.42,104.87,100.54,102.78,0.0,102.78,0.0,0.0,0.0,0.0,0.0,0.0,0.0,0.0,0.0,0.0,0.0,0.0,0.0,0.0,0.0
3552106,0.0,0.0,0.0,0.0,0.0,0.0,0.0,0.0,0.0,40122.0,0.0,40122.0,0.0,0.0,0.0,0.0,0.0,0.0,0.0,0.0,0.0,0.0,0.0,0.0,0.0,0.0,0.0,0.0,0.0,0.0,0.0,0.0,0.0,0.0,0.0,0.0,0.0,0.0,0.0,0.0,0.0,0.0,61.4,38.6,49.09,50.91,4.82,5.44,5.49,5.77,6.08,6.25,6.98,7.34,7.87,6.87,7.05,6.69,6.45,5.82,4.34,3.02,2.07,1.11,0.43,0.11,0.0,100.0,0.0,100.0,0.0,0.0,0.0,0.0,0.0,0.0,0.0,0.0,0.0,0.0,0.0,0.0,0.0,0.0,0.0,0.0,0.0,0.0,0.0,0.0,0.0,0.0,0.0,0.0,0.0,0.0,0.0,0.0,0.0,0.0,0.0,0.0,0.0,0.0,0.0,0.0,0.0,0.0,0.0,0.0,0.0,0.0,0.0,0.0,0.0,0.0,0.0,0.0,0.0,0.0,0.0,0.0,0.0,0.0,0.0,0.0,0.0,0.0,0.0,0.0,0.0,0.0,0.0,0.0,0.0,0.0,0.0,0.0,0.0,0.0,0.0,0.0,0.0,0.0,0.0,0.0,0.0,0.0,0.0,0.0,0.0,0.0,0.0,0.0,24633.0,15489.0,19695.0,20427.0,1935.0,2181.0,2202.0,2315.0,2439.0,2508.0,2802.0,2944.0,3158.0,2758.0,2827.0,2685.0,2587.0,2334.0,1740.0,1211.0,831.0,446.0,174.0,45.0,0.0,40122.0,0.0,40122.0,96.45,93.95,95.67,95.32,99.06,98.95,99.17,98.13,96.69,95.6,81.68,86.85,98.75,95.49,0.0,95.49,0.0,0.0,0.0,0.0,0.0,0.0,0.0,0.0,0.0,0.0,0.0,0.0,0.0,0.0,0.0,0.0,40.0,41.0,41.0,0.0,41.0,90.44,106.74,96.42,0.0,96.42,151.31,143.74,148.27,0.0,148.27,0.0,0.0,0.0,0.0,0.0,0.0,0.0,0.0,0.0,0.0,0.0,0.0,0.0,0.0,0.0
3552205,100.0,0.0,100.0,7.0,0.0,7.0,0.0,0.0,0.0,723682.0,0.0,723682.0,100.0,0.0,100.0,100.0,0.0,100.0,100.0,0.0,100.0,7.0,0.0,7.0,11.0,0.0,11.0,7.0,0.0,7.0,1.57,0.0,1.57,1.0,0.0,1.0,0.0,0.0,0.0,63.64,0.0,63.64,99.28,0.72,48.31,51.69,5.85,6.3,6.09,6.36,7.36,7.81,8.22,8.58,8.51,6.97,6.32,5.79,5.11,3.98,2.84,1.84,1.14,0.61,0.26,0.07,0.01,100.0,0.0,100.0,100.0,0.0,85.71,14.29,0.0,0.0,0.0,0.0,0.0,14.29,0.0,0.0,14.29,28.57,14.29,14.29,14.29,0.0,0.0,0.0,0.0,0.0,0.0,0.0,0.0,100.0,0.0,100.0,7.0,0.0,6.0,1.0,0.0,0.0,0.0,0.0,0.0,1.0,0.0,0.0,1.0,2.0,1.0,1.0,1.0,0.0,0.0,0.0,0.0,0.0,0.0,0.0,0.0,7.0,0.0,7.0,0.0,0.0,0.0,0.0,0.0,0.0,0.0,0.0,0.0,0.0,0.0,0.0,0.0,0.0,0.0,0.0,0.0,0.0,0.0,0.0,0.0,0.0,0.0,0.0,0.0,0.0,0.0,0.0,718444.0,5238.0,349632.0,374050.0,42358.0,45600.0,44045.0,46001.0,53234.0,56508.0,59451.0,62059.0,61562.0,50432.0,45753.0,41910.0,36960.0,28817.0,20560.0,13302.0,8234.0,4440.0,1913.0,481.0,62.0,723682.0,0.0,723682.0,97.95,94.34,98.12,97.75,99.28,99.27,99.16,99.1,98.24,96.93,89.91,92.98,99.27,97.92,0.0,97.92,100.0,0.0,100.0,100.0,0.0,100.0,0.0,100.0,100.0,100.0,0.0,0.0,0.0,100.0,0.0,100.0,36.0,37.0,36.0,0.0,36.0,93.37,107.94,93.47,0.0,93.47,86.93,88.25,86.94,0.0,86.94,46.0,0.0,46.0,0.0,46.0,600.0,0.0,600.0,0.0,600.0,0.0,0.0,0.0,0.0,0.0
3552304,0.0,0.0,0.0,0.0,0.0,0.0,0.0,0.0,0.0,7355.0,0.0,7355.0,0.0,0.0,0.0,0.0,0.0,0.0,0.0,0.0,0.0,0.0,0.0,0.0,0.0,0.0,0.0,0.0,0.0,0.0,0.0,0.0,0.0,0.0,0.0,0.0,0.0,0.0,0.0,0.0,0.0,0.0,87.48,12.52,49.71,50.29,5.93,6.08,6.39,6.34,6.16,6.55,6.85,7.14,7.56,7.57,7.49,6.72,6.05,4.62,3.59,2.5,1.35,0.71,0.27,0.14,0.0,100.0,0.0,100.0,0.0,0.0,0.0,0.0,0.0,0.0,0.0,0.0,0.0,0.0,0.0,0.0,0.0,0.0,0.0,0.0,0.0,0.0,0.0,0.0,0.0,0.0,0.0,0.0,0.0,0.0,0.0,0.0,0.0,0.0,0.0,0.0,0.0,0.0,0.0,0.0,0.0,0.0,0.0,0.0,0.0,0.0,0.0,0.0,0.0,0.0,0.0,0.0,0.0,0.0,0.0,0.0,0.0,0.0,0.0,0.0,0.0,0.0,0.0,0.0,0.0,0.0,0.0,0.0,0.0,0.0,0.0,0.0,0.0,0.0,0.0,0.0,0.0,0.0,0.0,0.0,0.0,0.0,0.0,0.0,0.0,0.0,0.0,0.0,6434.0,921.0,3656.0,3699.0,436.0,447.0,470.0,466.0,453.0,482.0,504.0,525.0,556.0,557.0,551.0,494.0,445.0,340.0,264.0,184.0,99.0,52.0,20.0,10.0,0.0,7355.0,0.0,7355.0,93.15,93.31,93.53,92.82,98.9,99.39,98.94,97.13,96.48,92.33,56.99,73.79,100.0,93.17,0.0,93.17,0.0,0.0,0.0,0.0,0.0,0.0,0.0,0.0,0.0,0.0,0.0,0.0,0.0,0.0,0.0,0.0,39.0,38.0,39.0,0.0,39.0,97.6,107.9,98.84,0.0,98.84,106.28,92.53,104.51,0.0,104.51,0.0,0.0,0.0,0.0,0.0,0.0,0.0,0.0,0.0,0.0,0.0,0.0,0.0,0.0,0.0
3552403,100.0,0.0,100.0,5.0,0.0,5.0,0.0,0.0,0.0,279545.0,0.0,279545.0,100.0,0.0,100.0,100.0,0.0,100.0,100.0,0.0,100.0,4.0,0.0,4.0,15.0,0.0,15.0,5.0,0.0,5.0,3.75,0.0,3.75,1.25,0.0,1.25,0.0,0.0,0.0,33.33,0.0,33.33,99.56,0.44,48.86,51.14,5.99,6.79,6.81,6.72,7.35,7.66,8.33,8.89,8.82,7.04,6.38,5.44,4.71,3.69,2.48,1.46,0.83,0.38,0.17,0.04,0.01,100.0,0.0,100.0,100.0,0.0,20.0,80.0,0.0,0.0,0.0,0.0,20.0,40.0,0.0,0.0,40.0,0.0,0.0,0.0,0.0,0.0,0.0,0.0,0.0,0.0,0.0,0.0,0.0,100.0,0.0,100.0,5.0,0.0,1.0,4.0,0.0,0.0,0.0,0.0,1.0,2.0,0.0,0.0,2.0,0.0,0.0,0.0,0.0,0.0,0.0,0.0,0.0,0.0,0.0,0.0,0.0,5.0,0.0,5.0,0.0,0.0,0.0,0.0,0.0,0.0,0.0,0.0,0.0,0.01,0.0,0.0,0.01,0.0,0.0,0.0,0.0,0.0,0.0,0.0,0.0,0.0,0.0,0.0,0.0,0.0,0.0,0.0,278311.0,1234.0,136598.0,142947.0,16743.0,18981.0,19047.0,18774.0,20559.0,21420.0,23298.0,24842.0,24654.0,19670.0,17832.0,15210.0,13177.0,10313.0,6932.0,4085.0,2322.0,1076.0,469.0,120.0,21.0,279545.0,0.0,279545.0,96.5,96.28,96.98,96.05,99.1,99.15,99.17,98.69,97.16,94.62,75.77,84.6,99.11,96.5,0.0,96.5,100.0,0.0,100.0,100.0,100.0,100.0,0.0,100.0,0.0,0.0,0.0,0.0,0.0,100.0,0.0,100.0,35.0,37.0,35.0,0.0,35.0,95.51,107.39,95.56,0.0,95.56,70.27,82.01,70.32,0.0,70.32,29.0,0.0,29.0,0.0,29.0,25.0,0.0,25.0,0.0,25.0,0.0,0.0,0.0,0.0,0.0
3552502,0.0,0.0,0.0,0.0,0.0,0.0,0.0,0.0,0.0,307429.0,0.0,307429.0,0.0,0.0,0.0,0.0,0.0,0.0,0.0,0.0,0.0,0.0,0.0,0.0,0.0,0.0,0.0,0.0,0.0,0.0,0.0,0.0,0.0,0.0,0.0,0.0,0.0,0.0,0.0,0.0,0.0,0.0,98.72,1.28,48.33,51.67,6.33,7.12,6.92,7.24,7.78,7.9,7.71,8.27,8.22,7.0,6.34,5.41,4.66,3.62,2.53,1.48,0.84,0.42,0.17,0.04,0.01,100.0,0.0,100.0,0.0,0.0,0.0,0.0,0.0,0.0,0.0,0.0,0.0,0.0,0.0,0.0,0.0,0.0,0.0,0.0,0.0,0.0,0.0,0.0,0.0,0.0,0.0,0.0,0.0,0.0,0.0,0.0,0.0,0.0,0.0,0.0,0.0,0.0,0.0,0.0,0.0,0.0,0.0,0.0,0.0,0.0,0.0,0.0,0.0,0.0,0.0,0.0,0.0,0.0,0.0,0.0,0.0,0.0,0.0,0.0,0.0,0.0,0.0,0.0,0.0,0.0,0.0,0.0,0.0,0.0,0.0,0.0,0.0,0.0,0.0,0.0,0.0,0.0,0.0,0.0,0.0,0.0,0.0,0.0,0.0,0.0,0.0,0.0,303500.0,3929.0,148590.0,158839.0,19463.0,21882.0,21268.0,22250.0,23915.0,24292.0,23714.0,25420.0,25263.0,21519.0,19505.0,16634.0,14327.0,11122.0,7776.0,4557.0,2573.0,1288.0,510.0,130.0,21.0,307429.0,0.0,307429.0,96.65,93.91,96.83,96.42,99.17,99.06,98.9,98.64,97.1,94.44,79.69,86.37,99.12,96.61,0.0,96.61,0.0,0.0,0.0,0.0,0.0,0.0,0.0,0.0,0.0,0.0,0.0,0.0,0.0,0.0,0.0,0.0,34.0,35.0,34.0,0.0,34.0,93.4,105.28,93.55,0.0,93.55,67.41,79.13,67.56,0.0,67.56,0.0,0.0,0.0,0.0,0.0,0.0,0.0,0.0,0.0,0.0,0.0,0.0,0.0,0.0,0.0
3552551,0.0,0.0,0.0,0.0,0.0,0.0,0.0,0.0,0.0,3408.0,0.0,3408.0,0.0,0.0,0.0,0.0,0.0,0.0,0.0,0.0,0.0,0.0,0.0,0.0,0.0,0.0,0.0,0.0,0.0,0.0,0.0,0.0,0.0,0.0,0.0,0.0,0.0,0.0,0.0,0.0,0.0,0.0,77.64,22.36,50.41,49.59,4.96,6.07,6.51,6.43,6.1,5.93,7.1,7.48,7.45,6.95,7.6,7.42,6.22,4.84,3.76,2.61,1.47,0.59,0.44,0.06,0.0,100.0,0.0,100.0,0.0,0.0,0.0,0.0,0.0,0.0,0.0,0.0,0.0,0.0,0.0,0.0,0.0,0.0,0.0,0.0,0.0,0.0,0.0,0.0,0.0,0.0,0.0,0.0,0.0,0.0,0.0,0.0,0.0,0.0,0.0,0.0,0.0,0.0,0.0,0.0,0.0,0.0,0.0,0.0,0.0,0.0,0.0,0.0,0.0,0.0,0.0,0.0,0.0,0.0,0.0,0.0,0.0,0.0,0.0,0.0,0.0,0.0,0.0,0.0,0.0,0.0,0.0,0.0,0.0,0.0,0.0,0.0,0.0,0.0,0.0,0.0,0.0,0.0,0.0,0.0,0.0,0.0,0.0,0.0,0.0,0.0,0.0,0.0,2646.0,762.0,1718.0,1690.0,169.0,207.0,222.0,219.0,208.0,202.0,242.0,255.0,254.0,237.0,259.0,253.0,212.0,165.0,128.0,89.0,50.0,20.0,15.0,2.0,0.0,3408.0,0.0,3408.0,91.8,93.27,92.17,92.1,99.04,97.3,99.24,97.05,93.95,91.61,59.09,74.63,96.55,92.14,0.0,92.14,0.0,0.0,0.0,0.0,0.0,0.0,0.0,0.0,0.0,0.0,0.0,0.0,0.0,0.0,0.0,0.0,38.0,42.0,39.0,0.0,39.0,97.76,116.48,101.66,0.0,101.66,108.0,136.59,113.88,0.0,113.88,0.0,0.0,0.0,0.0,0.0,0.0,0.0,0.0,0.0,0.0,0.0,0.0,0.0,0.0,0.0
3552601,0.0,0.0,0.0,0.0,0.0,0.0,0.0,0.0,0.0,11323.0,0.0,11323.0,0.0,0.0,0.0,0.0,0.0,0.0,0.0,0.0,0.0,0.0,0.0,0.0,0.0,0.0,0.0,0.0,0.0,0.0,0.0,0.0,0.0,0.0,0.0,0.0,0.0,0.0,0.0,0.0,0.0,0.0,92.65,7.35,49.3,50.7,4.57,5.81,5.63,6.01,5.9,6.38,6.86,8.2,7.86,6.98,7.22,6.84,6.39,5.03,3.91,2.91,2.05,1.05,0.34,0.06,0.01,100.0,0.0,100.0,0.0,0.0,0.0,0.0,0.0,0.0,0.0,0.0,0.0,0.0,0.0,0.0,0.0,0.0,0.0,0.0,0.0,0.0,0.0,0.0,0.0,0.0,0.0,0.0,0.0,0.0,0.0,0.0,0.0,0.0,0.0,0.0,0.0,0.0,0.0,0.0,0.0,0.0,0.0,0.0,0.0,0.0,0.0,0.0,0.0,0.0,0.0,0.0,0.0,0.0,0.0,0.0,0.0,0.0,0.0,0.0,0.0,0.0,0.0,0.0,0.0,0.0,0.0,0.0,0.0,0.0,0.0,0.0,0.0,0.0,0.0,0.0,0.0,0.0,0.0,0.0,0.0,0.0,0.0,0.0,0.0,0.0,0.0,0.0,10491.0,832.0,5582.0,5741.0,517.0,658.0,637.0,680.0,668.0,722.0,777.0,929.0,890.0,790.0,818.0,774.0,723.0,570.0,443.0,330.0,232.0,119.0,38.0,7.0,1.0,11323.0,0.0,11323.0,94.45,95.2,95.14,93.89,98.8,99.27,100.0,97.58,95.27,93.32,75.93,83.79,99.22,94.5,0.0,94.5,0.0,0.0,0.0,0.0,0.0,0.0,0.0,0.0,0.0,0.0,0.0,0.0,0.0,0.0,0.0,0.0,40.0,39.0,40.0,0.0,40.0,95.84,116.67,97.23,0.0,97.23,138.79,102.78,135.93,0.0,135.93,0.0,0.0,0.0,0.0,0.0,0.0,0.0,0.0,0.0,0.0,0.0,0.0,0.0,0.0,0.0
3552700,0.0,0.0,0.0,0.0,0.0,0.0,0.0,0.0,0.0,14769.0,0.0,14769.0,0.0,0.0,0.0,0.0,0.0,0.0,0.0,0.0,0.0,0.0,0.0,0.0,0.0,0.0,0.0,0.0,0.0,0.0,0.0,0.0,0.0,0.0,0.0,0.0,0.0,0.0,0.0,0.0,0.0,0.0,90.83,9.17,49.37,50.63,6.55,6.57,6.32,6.29,6.85,6.97,7.62,7.88,8.11,6.87,6.45,5.58,5.56,4.6,3.05,2.21,1.34,0.76,0.33,0.07,0.01,100.0,0.0,100.0,0.0,0.0,0.0,0.0,0.0,0.0,0.0,0.0,0.0,0.0,0.0,0.0,0.0,0.0,0.0,0.0,0.0,0.0,0.0,0.0,0.0,0.0,0.0,0.0,0.0,0.0,0.0,0.0,0.0,0.0,0.0,0.0,0.0,0.0,0.0,0.0,0.0,0.0,0.0,0.0,0.0,0.0,0.0,0.0,0.0,0.0,0.0,0.0,0.0,0.0,0.0,0.0,0.0,0.0,0.0,0.0,0.0,0.0,0.0,0.0,0.0,0.0,0.0,0.0,0.0,0.0,0.0,0.0,0.0,0.0,0.0,0.0,0.0,0.0,0.0,0.0,0.0,0.0,0.0,0.0,0.0,0.0,0.0,0.0,13415.0,1354.0,7291.0,7478.0,968.0,971.0,933.0,929.0,1011.0,1029.0,1125.0,1164.0,1198.0,1015.0,953.0,824.0,821.0,679.0,450.0,327.0,198.0,112.0,49.0,11.0,2.0,14769.0,0.0,14769.0,93.87,95.48,94.62,93.45,98.62,99.07,98.41,97.16,95.22,89.36,73.96,82.11,98.62,94.02,0.0,94.02,0.0,0.0,0.0,0.0,0.0,0.0,0.0,0.0,0.0,0.0,0.0,0.0,0.0,0.0,0.0,0.0,36.0,43.0,36.0,0.0,36.0,95.93,114.58,97.5,0.0,97.5,87.45,148.23,92.24,0.0,92.24,0.0,0.0,0.0,0.0,0.0,0.0,0.0,0.0,0.0,0.0,0.0,0.0,0.0,0.0,0.0
3552809,100.0,0.0,100.0,30.0,0.0,30.0,0.01,0.0,0.01,273542.0,0.0,273542.0,100.0,0.0,100.0,100.0,0.0,100.0,100.0,0.0,100.0,12.0,0.0,12.0,32.0,0.0,32.0,30.0,0.0,30.0,2.67,0.0,2.67,2.5,0.0,2.5,0.01,0.0,0.01,93.75,0.0,93.75,100.0,0.0,47.42,52.58,5.63,6.7,6.69,6.92,7.84,7.77,7.71,8.75,8.92,7.48,6.57,5.5,4.59,3.5,2.46,1.48,0.85,0.42,0.17,0.05,0.01,100.0,0.0,100.0,100.0,0.0,56.67,43.33,3.33,10.0,6.67,3.33,0.0,33.33,16.67,3.33,3.33,0.0,3.33,3.33,0.0,3.33,0.0,3.33,6.67,0.0,0.0,0.0,0.0,100.0,0.0,100.0,30.0,0.0,17.0,13.0,1.0,3.0,2.0,1.0,0.0,10.0,5.0,1.0,1.0,0.0,1.0,1.0,0.0,1.0,0.0,1.0,2.0,0.0,0.0,0.0,0.0,30.0,0.0,30.0,0.01,0.0,0.01,0.01,0.01,0.02,0.01,0.01,0.0,0.05,0.02,0.0,0.0,0.0,0.01,0.01,0.0,0.01,0.0,0.02,0.09,0.0,0.0,0.0,0.0,0.01,0.0,0.01,273542.0,0.0,129724.0,143818.0,15411.0,18319.0,18296.0,18919.0,21449.0,21247.0,21101.0,23927.0,24408.0,20462.0,17969.0,15056.0,12546.0,9561.0,6720.0,4044.0,2334.0,1161.0,462.0,125.0,25.0,273542.0,0.0,273542.0,97.23,0.0,97.43,97.05,99.26,99.22,99.16,98.94,97.3,95.29,83.71,89.19,99.15,97.23,0.0,97.23,95.83,0.0,100.0,91.67,0.0,100.0,0.0,100.0,100.0,100.0,66.67,75.0,100.0,95.83,0.0,95.83,35.0,0.0,35.0,0.0,35.0,90.2,0.0,90.2,0.0,90.2,71.08,0.0,71.08,0.0,71.08,29.0,0.0,29.0,0.0,29.0,130.77,0.0,130.77,0.0,130.77,66.67,0.0,66.67,0.0,66.67
3552908,0.0,0.0,0.0,0.0,0.0,0.0,0.0,0.0,0.0,6260.0,0.0,6260.0,0.0,0.0,0.0,0.0,0.0,0.0,0.0,0.0,0.0,0.0,0.0,0.0,0.0,0.0,0.0,0.0,0.0,0.0,0.0,0.0,0.0,0.0,0.0,0.0,0.0,0.0,0.0,0.0,0.0,0.0,83.29,16.71,49.23,50.77,6.52,6.96,6.92,6.42,6.37,7.35,7.35,7.4,7.06,7.12,6.74,7.04,4.95,4.09,3.07,2.01,1.58,0.65,0.32,0.06,0.0,100.0,0.0,100.0,0.0,0.0,0.0,0.0,0.0,0.0,0.0,0.0,0.0,0.0,0.0,0.0,0.0,0.0,0.0,0.0,0.0,0.0,0.0,0.0,0.0,0.0,0.0,0.0,0.0,0.0,0.0,0.0,0.0,0.0,0.0,0.0,0.0,0.0,0.0,0.0,0.0,0.0,0.0,0.0,0.0,0.0,0.0,0.0,0.0,0.0,0.0,0.0,0.0,0.0,0.0,0.0,0.0,0.0,0.0,0.0,0.0,0.0,0.0,0.0,0.0,0.0,0.0,0.0,0.0,0.0,0.0,0.0,0.0,0.0,0.0,0.0,0.0,0.0,0.0,0.0,0.0,0.0,0.0,0.0,0.0,0.0,0.0,0.0,5214.0,1046.0,3082.0,3178.0,408.0,436.0,433.0,402.0,399.0,460.0,460.0,463.0,442.0,446.0,422.0,441.0,310.0,256.0,192.0,126.0,99.0,41.0,20.0,4.0,0.0,6260.0,0.0,6260.0,93.9,96.06,94.36,94.16,99.5,98.8,98.8,98.45,96.43,92.01,65.86,77.78,99.34,94.26,0.0,94.26,0.0,0.0,0.0,0.0,0.0,0.0,0.0,0.0,0.0,0.0,0.0,0.0,0.0,0.0,0.0,0.0,35.0,39.0,36.0,0.0,36.0,94.19,112.17,96.98,0.0,96.98,80.43,90.43,82.07,0.0,82.07,0.0,0.0,0.0,0.0,0.0,0.0,0.0,0.0,0.0,0.0,0.0,0.0,0.0,0.0,0.0
3553005,0.0,0.0,0.0,0.0,0.0,0.0,0.0,0.0,0.0,12669.0,0.0,12669.0,0.0,0.0,0.0,0.0,0.0,0.0,0.0,0.0,0.0,0.0,0.0,0.0,0.0,0.0,0.0,0.0,0.0,0.0,0.0,0.0,0.0,0.0,0.0,0.0,0.0,0.0,0.0,0.0,0.0,0.0,90.66,9.34,49.53,50.47,6.78,6.82,7.1,7.13,8.16,8.07,8.33,8.4,7.25,6.06,5.66,5.4,4.7,3.69,2.9,1.85,0.88,0.58,0.19,0.06,0.0,100.0,0.0,100.0,0.0,0.0,0.0,0.0,0.0,0.0,0.0,0.0,0.0,0.0,0.0,0.0,0.0,0.0,0.0,0.0,0.0,0.0,0.0,0.0,0.0,0.0,0.0,0.0,0.0,0.0,0.0,0.0,0.0,0.0,0.0,0.0,0.0,0.0,0.0,0.0,0.0,0.0,0.0,0.0,0.0,0.0,0.0,0.0,0.0,0.0,0.0,0.0,0.0,0.0,0.0,0.0,0.0,0.0,0.0,0.0,0.0,0.0,0.0,0.0,0.0,0.0,0.0,0.0,0.0,0.0,0.0,0.0,0.0,0.0,0.0,0.0,0.0,0.0,0.0,0.0,0.0,0.0,0.0,0.0,0.0,0.0,0.0,0.0,11486.0,1183.0,6275.0,6394.0,859.0,864.0,899.0,903.0,1034.0,1023.0,1055.0,1064.0,918.0,768.0,717.0,684.0,596.0,467.0,367.0,234.0,112.0,74.0,24.0,7.0,0.0,12669.0,0.0,12669.0,95.63,94.58,96.21,94.88,99.52,98.89,98.72,98.18,95.96,93.36,73.39,81.87,100.0,95.53,0.0,95.53,0.0,0.0,0.0,0.0,0.0,0.0,0.0,0.0,0.0,0.0,0.0,0.0,0.0,0.0,0.0,0.0,33.0,36.0,33.0,0.0,33.0,97.49,104.67,98.14,0.0,98.14,70.22,85.44,71.74,0.0,71.74,0.0,0.0,0.0,0.0,0.0,0.0,0.0,0.0,0.0,0.0,0.0,0.0,0.0,0.0,0.0
3553104,0.0,0.0,0.0,0.0,0.0,0.0,0.0,0.0,0.0,5677.0,0.0,5677.0,0.0,0.0,0.0,0.0,0.0,0.0,0.0,0.0,0.0,0.0,0.0,0.0,0.0,0.0,0.0,0.0,0.0,0.0,0.0,0.0,0.0,0.0,0.0,0.0,0.0,0.0,0.0,0.0,0.0,0.0,93.18,6.82,50.66,49.34,5.85,5.92,5.53,6.66,7.01,7.17,6.92,7.5,7.36,6.68,7.27,6.68,5.51,4.12,3.63,2.66,2.03,1.09,0.28,0.12,0.0,100.0,0.0,100.0,0.0,0.0,0.0,0.0,0.0,0.0,0.0,0.0,0.0,0.0,0.0,0.0,0.0,0.0,0.0,0.0,0.0,0.0,0.0,0.0,0.0,0.0,0.0,0.0,0.0,0.0,0.0,0.0,0.0,0.0,0.0,0.0,0.0,0.0,0.0,0.0,0.0,0.0,0.0,0.0,0.0,0.0,0.0,0.0,0.0,0.0,0.0,0.0,0.0,0.0,0.0,0.0,0.0,0.0,0.0,0.0,0.0,0.0,0.0,0.0,0.0,0.0,0.0,0.0,0.0,0.0,0.0,0.0,0.0,0.0,0.0,0.0,0.0,0.0,0.0,0.0,0.0,0.0,0.0,0.0,0.0,0.0,0.0,0.0,5290.0,387.0,2876.0,2801.0,332.0,336.0,314.0,378.0,398.0,407.0,393.0,426.0,418.0,379.0,413.0,379.0,313.0,234.0,206.0,151.0,115.0,62.0,16.0,7.0,0.0,5677.0,0.0,5677.0,91.97,92.86,92.94,91.13,99.25,97.88,96.92,96.56,92.05,89.02,72.93,77.5,99.34,92.03,0.0,92.03,0.0,0.0,0.0,0.0,0.0,0.0,0.0,0.0,0.0,0.0,0.0,0.0,0.0,0.0,0.0,0.0,37.0,44.0,38.0,0.0,38.0,101.29,123.7,102.68,0.0,102.68,108.16,190.2,112.42,0.0,112.42,0.0,0.0,0.0,0.0,0.0,0.0,0.0,0.0,0.0,0.0,0.0,0.0,0.0,0.0,0.0
3553203,0.0,0.0,0.0,0.0,0.0,0.0,0.0,0.0,0.0,6548.0,0.0,6548.0,0.0,0.0,0.0,0.0,0.0,0.0,0.0,0.0,0.0,0.0,0.0,0.0,0.0,0.0,0.0,0.0,0.0,0.0,0.0,0.0,0.0,0.0,0.0,0.0,0.0,0.0,0.0,0.0,0.0,0.0,79.22,20.78,56.26,43.74,4.6,4.95,4.43,5.71,8.83,9.25,8.23,9.41,7.65,6.0,5.91,5.41,5.39,4.51,3.88,2.43,1.77,0.98,0.52,0.14,0.02,100.0,0.0,100.0,0.0,0.0,0.0,0.0,0.0,0.0,0.0,0.0,0.0,0.0,0.0,0.0,0.0,0.0,0.0,0.0,0.0,0.0,0.0,0.0,0.0,0.0,0.0,0.0,0.0,0.0,0.0,0.0,0.0,0.0,0.0,0.0,0.0,0.0,0.0,0.0,0.0,0.0,0.0,0.0,0.0,0.0,0.0,0.0,0.0,0.0,0.0,0.0,0.0,0.0,0.0,0.0,0.0,0.0,0.0,0.0,0.0,0.0,0.0,0.0,0.0,0.0,0.0,0.0,0.0,0.0,0.0,0.0,0.0,0.0,0.0,0.0,0.0,0.0,0.0,0.0,0.0,0.0,0.0,0.0,0.0,0.0,0.0,0.0,5187.0,1361.0,3684.0,2864.0,301.0,324.0,290.0,374.0,578.0,606.0,539.0,616.0,501.0,393.0,387.0,354.0,353.0,295.0,254.0,159.0,116.0,64.0,34.0,9.0,1.0,6548.0,0.0,6548.0,93.65,96.62,95.7,92.46,98.27,98.86,98.9,97.49,94.74,90.66,75.98,83.37,97.93,94.34,0.0,94.34,0.0,0.0,0.0,0.0,0.0,0.0,0.0,0.0,0.0,0.0,0.0,0.0,0.0,0.0,0.0,0.0,39.0,30.0,37.0,0.0,37.0,91.61,766.88,128.63,0.0,128.63,139.77,150.0,140.44,0.0,140.44,0.0,0.0,0.0,0.0,0.0,0.0,0.0,0.0,0.0,0.0,0.0,0.0,0.0,0.0,0.0
3553302,0.0,0.0,0.0,0.0,0.0,0.0,0.0,0.0,0.0,21435.0,0.0,21435.0,0.0,0.0,0.0,0.0,0.0,0.0,0.0,0.0,0.0,0.0,0.0,0.0,0.0,0.0,0.0,0.0,0.0,0.0,0.0,0.0,0.0,0.0,0.0,0.0,0.0,0.0,0.0,0.0,0.0,0.0,91.35,8.65,49.07,50.93,5.62,6.3,6.42,6.15,6.36,7.01,7.69,7.22,7.44,6.5,6.57,6.65,6.13,4.9,3.64,2.44,1.54,0.92,0.36,0.1,0.01,100.0,0.0,100.0,0.0,0.0,0.0,0.0,0.0,0.0,0.0,0.0,0.0,0.0,0.0,0.0,0.0,0.0,0.0,0.0,0.0,0.0,0.0,0.0,0.0,0.0,0.0,0.0,0.0,0.0,0.0,0.0,0.0,0.0,0.0,0.0,0.0,0.0,0.0,0.0,0.0,0.0,0.0,0.0,0.0,0.0,0.0,0.0,0.0,0.0,0.0,0.0,0.0,0.0,0.0,0.0,0.0,0.0,0.0,0.0,0.0,0.0,0.0,0.0,0.0,0.0,0.0,0.0,0.0,0.0,0.0,0.0,0.0,0.0,0.0,0.0,0.0,0.0,0.0,0.0,0.0,0.0,0.0,0.0,0.0,0.0,0.0,0.0,19581.0,1854.0,10518.0,10917.0,1205.0,1350.0,1377.0,1319.0,1363.0,1503.0,1649.0,1547.0,1594.0,1394.0,1409.0,1425.0,1315.0,1051.0,781.0,523.0,330.0,198.0,78.0,22.0,2.0,21435.0,0.0,21435.0,96.62,92.93,96.5,96.13,98.83,99.08,98.73,97.96,97.22,95.04,86.38,89.75,98.68,96.31,0.0,96.31,0.0,0.0,0.0,0.0,0.0,0.0,0.0,0.0,0.0,0.0,0.0,0.0,0.0,0.0,0.0,0.0,38.0,37.0,38.0,0.0,38.0,94.64,116.34,96.35,0.0,96.35,111.38,90.6,109.36,0.0,109.36,0.0,0.0,0.0,0.0,0.0,0.0,0.0,0.0,0.0,0.0,0.0,0.0,0.0,0.0,0.0
3553401,0.0,0.0,0.0,0.0,0.0,0.0,0.0,0.0,0.0,25265.0,0.0,25265.0,0.0,0.0,0.0,0.0,0.0,0.0,0.0,0.0,0.0,0.0,0.0,0.0,0.0,0.0,0.0,0.0,0.0,0.0,0.0,0.0,0.0,0.0,0.0,0.0,0.0,0.0,0.0,0.0,0.0,0.0,91.11,8.89,49.19,50.81,5.5,6.01,5.89,5.79,6.17,6.67,6.89,7.59,8.07,6.5,6.72,6.93,6.15,5.03,3.97,2.63,1.94,1.03,0.4,0.08,0.01,100.0,0.0,100.0,0.0,0.0,0.0,0.0,0.0,0.0,0.0,0.0,0.0,0.0,0.0,0.0,0.0,0.0,0.0,0.0,0.0,0.0,0.0,0.0,0.0,0.0,0.0,0.0,0.0,0.0,0.0,0.0,0.0,0.0,0.0,0.0,0.0,0.0,0.0,0.0,0.0,0.0,0.0,0.0,0.0,0.0,0.0,0.0,0.0,0.0,0.0,0.0,0.0,0.0,0.0,0.0,0.0,0.0,0.0,0.0,0.0,0.0,0.0,0.0,0.0,0.0,0.0,0.0,0.0,0.0,0.0,0.0,0.0,0.0,0.0,0.0,0.0,0.0,0.0,0.0,0.0,0.0,0.0,0.0,0.0,0.0,0.0,0.0,23020.0,2245.0,12427.0,12838.0,1390.0,1519.0,1489.0,1464.0,1560.0,1685.0,1741.0,1917.0,2040.0,1641.0,1698.0,1751.0,1555.0,1272.0,1003.0,665.0,489.0,261.0,102.0,21.0,2.0,25265.0,0.0,25265.0,94.88,93.2,94.86,94.6,98.33,98.16,98.86,97.25,95.15,95.46,77.47,85.06,98.31,94.73,0.0,94.73,0.0,0.0,0.0,0.0,0.0,0.0,0.0,0.0,0.0,0.0,0.0,0.0,0.0,0.0,0.0,0.0,39.0,40.0,39.0,0.0,39.0,95.53,110.8,96.8,0.0,96.8,122.63,116.95,122.1,0.0,122.1,0.0,0.0,0.0,0.0,0.0,0.0,0.0,0.0,0.0,0.0,0.0,0.0,0.0,0.0,0.0
3553500,0.0,0.0,0.0,0.0,0.0,0.0,0.0,0.0,0.0,7996.0,0.0,7996.0,0.0,0.0,0.0,0.0,0.0,0.0,0.0,0.0,0.0,0.0,0.0,0.0,0.0,0.0,0.0,0.0,0.0,0.0,0.0,0.0,0.0,0.0,0.0,0.0,0.0,0.0,0.0,0.0,0.0,0.0,70.71,29.29,50.23,49.77,6.55,7.05,7.4,7.8,7.68,7.23,6.12,6.68,7.3,6.9,6.53,5.2,5.24,3.81,3.33,2.69,1.44,0.73,0.25,0.06,0.0,100.0,0.0,100.0,0.0,0.0,0.0,0.0,0.0,0.0,0.0,0.0,0.0,0.0,0.0,0.0,0.0,0.0,0.0,0.0,0.0,0.0,0.0,0.0,0.0,0.0,0.0,0.0,0.0,0.0,0.0,0.0,0.0,0.0,0.0,0.0,0.0,0.0,0.0,0.0,0.0,0.0,0.0,0.0,0.0,0.0,0.0,0.0,0.0,0.0,0.0,0.0,0.0,0.0,0.0,0.0,0.0,0.0,0.0,0.0,0.0,0.0,0.0,0.0,0.0,0.0,0.0,0.0,0.0,0.0,0.0,0.0,0.0,0.0,0.0,0.0,0.0,0.0,0.0,0.0,0.0,0.0,0.0,0.0,0.0,0.0,0.0,0.0,5654.0,2342.0,4016.0,3980.0,524.0,564.0,592.0,624.0,614.0,578.0,489.0,534.0,584.0,552.0,522.0,416.0,419.0,305.0,266.0,215.0,115.0,58.0,20.0,5.0,0.0,7996.0,0.0,7996.0,93.37,90.96,93.11,92.22,98.37,98.13,98.51,96.6,92.74,89.94,70.94,77.24,98.64,92.67,0.0,92.67,0.0,0.0,0.0,0.0,0.0,0.0,0.0,0.0,0.0,0.0,0.0,0.0,0.0,0.0,0.0,0.0,33.0,38.0,35.0,0.0,35.0,96.66,111.95,100.9,0.0,100.9,75.4,102.38,83.51,0.0,83.51,0.0,0.0,0.0,0.0,0.0,0.0,0.0,0.0,0.0,0.0,0.0,0.0,0.0,0.0,0.0
3553609,0.0,0.0,0.0,0.0,0.0,0.0,0.0,0.0,0.0,11816.0,0.0,11816.0,0.0,0.0,0.0,0.0,0.0,0.0,0.0,0.0,0.0,0.0,0.0,0.0,0.0,0.0,0.0,0.0,0.0,0.0,0.0,0.0,0.0,0.0,0.0,0.0,0.0,0.0,0.0,0.0,0.0,0.0,87.3,12.7,48.45,51.55,4.84,5.61,5.83,6.11,6.75,6.94,7.08,6.7,7.52,6.7,7.35,7.47,6.89,4.98,3.43,2.46,1.79,1.02,0.44,0.08,0.01,100.0,0.0,100.0,0.0,0.0,0.0,0.0,0.0,0.0,0.0,0.0,0.0,0.0,0.0,0.0,0.0,0.0,0.0,0.0,0.0,0.0,0.0,0.0,0.0,0.0,0.0,0.0,0.0,0.0,0.0,0.0,0.0,0.0,0.0,0.0,0.0,0.0,0.0,0.0,0.0,0.0,0.0,0.0,0.0,0.0,0.0,0.0,0.0,0.0,0.0,0.0,0.0,0.0,0.0,0.0,0.0,0.0,0.0,0.0,0.0,0.0,0.0,0.0,0.0,0.0,0.0,0.0,0.0,0.0,0.0,0.0,0.0,0.0,0.0,0.0,0.0,0.0,0.0,0.0,0.0,0.0,0.0,0.0,0.0,0.0,0.0,0.0,10315.0,1501.0,5725.0,6091.0,572.0,663.0,689.0,722.0,797.0,820.0,837.0,792.0,888.0,792.0,868.0,883.0,814.0,588.0,405.0,291.0,212.0,120.0,52.0,10.0,1.0,11816.0,0.0,11816.0,95.8,95.48,95.95,95.59,99.12,99.34,99.54,98.69,96.51,94.99,77.11,86.12,99.66,95.76,0.0,95.76,0.0,0.0,0.0,0.0,0.0,0.0,0.0,0.0,0.0,0.0,0.0,0.0,0.0,0.0,0.0,0.0,40.0,35.0,40.0,0.0,40.0,92.12,107.89,93.99,0.0,93.99,141.22,67.97,129.57,0.0,129.57,0.0,0.0,0.0,0.0,0.0,0.0,0.0,0.0,0.0,0.0,0.0,0.0,0.0,0.0,0.0
3553658,0.0,0.0,0.0,0.0,0.0,0.0,0.0,0.0,0.0,2619.0,0.0,2619.0,0.0,0.0,0.0,0.0,0.0,0.0,0.0,0.0,0.0,0.0,0.0,0.0,0.0,0.0,0.0,0.0,0.0,0.0,0.0,0.0,0.0,0.0,0.0,0.0,0.0,0.0,0.0,0.0,0.0,0.0,95.61,4.39,49.71,50.29,4.73,5.31,6.45,7.45,6.72,6.07,6.8,7.29,8.86,6.53,6.76,6.19,6.91,4.62,3.89,2.75,1.18,0.95,0.46,0.08,0.0,100.0,0.0,100.0,0.0,0.0,0.0,0.0,0.0,0.0,0.0,0.0,0.0,0.0,0.0,0.0,0.0,0.0,0.0,0.0,0.0,0.0,0.0,0.0,0.0,0.0,0.0,0.0,0.0,0.0,0.0,0.0,0.0,0.0,0.0,0.0,0.0,0.0,0.0,0.0,0.0,0.0,0.0,0.0,0.0,0.0,0.0,0.0,0.0,0.0,0.0,0.0,0.0,0.0,0.0,0.0,0.0,0.0,0.0,0.0,0.0,0.0,0.0,0.0,0.0,0.0,0.0,0.0,0.0,0.0,0.0,0.0,0.0,0.0,0.0,0.0,0.0,0.0,0.0,0.0,0.0,0.0,0.0,0.0,0.0,0.0,0.0,0.0,2504.0,115.0,1302.0,1317.0,124.0,139.0,169.0,195.0,176.0,159.0,178.0,191.0,232.0,171.0,177.0,162.0,181.0,121.0,102.0,72.0,31.0,25.0,12.0,2.0,0.0,2619.0,0.0,2619.0,92.41,88.04,93.11,91.36,99.43,97.92,99.04,95.04,94.25,91.25,63.38,75.34,100.0,92.23,0.0,92.23,0.0,0.0,0.0,0.0,0.0,0.0,0.0,0.0,0.0,0.0,0.0,0.0,0.0,0.0,0.0,0.0,39.0,40.0,39.0,0.0,39.0,97.94,121.15,98.86,0.0,98.86,127.63,104.35,126.39,0.0,126.39,0.0,0.0,0.0,0.0,0.0,0.0,0.0,0.0,0.0,0.0,0.0,0.0,0.0,0.0,0.0
3553708,100.0,0.0,100.0,20.0,0.0,20.0,0.04,0.0,0.04,52260.0,0.0,52260.0,100.0,0.0,100.0,100.0,0.0,100.0,100.0,0.0,100.0,7.0,0.0,7.0,24.0,0.0,24.0,20.0,0.0,20.0,3.43,0.0,3.43,2.86,0.0,2.86,0.04,0.0,0.04,83.33,0.0,83.33,95.66,4.34,48.6,51.4,5.19,5.9,5.99,6.54,6.61,6.91,7.13,7.64,7.86,7.13,6.8,6.54,5.86,4.78,3.63,2.47,1.67,0.84,0.41,0.1,0.01,100.0,0.0,100.0,100.0,0.0,50.0,50.0,20.0,10.0,5.0,10.0,5.0,15.0,5.0,5.0,10.0,10.0,5.0,0.0,0.0,0.0,0.0,0.0,0.0,0.0,0.0,0.0,0.0,100.0,0.0,100.0,20.0,0.0,10.0,10.0,4.0,2.0,1.0,2.0,1.0,3.0,1.0,1.0,2.0,2.0,1.0,0.0,0.0,0.0,0.0,0.0,0.0,0.0,0.0,0.0,0.0,20.0,0.0,20.0,0.04,0.0,0.04,0.04,0.15,0.06,0.03,0.06,0.03,0.08,0.03,0.03,0.05,0.05,0.03,0.0,0.0,0.0,0.0,0.0,0.0,0.0,0.0,0.0,0.0,0.04,0.0,0.04,49992.0,2268.0,25399.0,26861.0,2713.0,3084.0,3131.0,3417.0,3456.0,3609.0,3724.0,3994.0,4108.0,3725.0,3556.0,3417.0,3062.0,2498.0,1895.0,1292.0,871.0,439.0,212.0,53.0,4.0,52260.0,0.0,52260.0,95.09,93.39,95.3,94.75,98.64,98.46,98.3,97.85,94.85,93.1,81.96,86.78,99.34,95.02,0.0,95.02,100.0,0.0,100.0,100.0,100.0,100.0,100.0,100.0,100.0,0.0,0.0,0.0,0.0,100.0,0.0,100.0,38.0,40.0,38.0,0.0,38.0,93.44,123.01,94.56,0.0,94.56,114.6,139.63,115.66,0.0,115.66,23.0,0.0,23.0,0.0,23.0,100.0,0.0,100.0,0.0,100.0,0.0,0.0,0.0,0.0,0.0
3553807,0.0,0.0,0.0,0.0,0.0,0.0,0.0,0.0,0.0,24350.0,0.0,24350.0,0.0,0.0,0.0,0.0,0.0,0.0,0.0,0.0,0.0,0.0,0.0,0.0,0.0,0.0,0.0,0.0,0.0,0.0,0.0,0.0,0.0,0.0,0.0,0.0,0.0,0.0,0.0,0.0,0.0,0.0,83.86,16.14,51.76,48.24,5.72,5.88,6.22,6.29,7.59,8.14,8.43,8.04,8.02,6.91,6.21,5.87,5.31,4.44,2.85,1.89,1.25,0.57,0.28,0.07,0.0,100.0,0.0,100.0,0.0,0.0,0.0,0.0,0.0,0.0,0.0,0.0,0.0,0.0,0.0,0.0,0.0,0.0,0.0,0.0,0.0,0.0,0.0,0.0,0.0,0.0,0.0,0.0,0.0,0.0,0.0,0.0,0.0,0.0,0.0,0.0,0.0,0.0,0.0,0.0,0.0,0.0,0.0,0.0,0.0,0.0,0.0,0.0,0.0,0.0,0.0,0.0,0.0,0.0,0.0,0.0,0.0,0.0,0.0,0.0,0.0,0.0,0.0,0.0,0.0,0.0,0.0,0.0,0.0,0.0,0.0,0.0,0.0,0.0,0.0,0.0,0.0,0.0,0.0,0.0,0.0,0.0,0.0,0.0,0.0,0.0,0.0,0.0,20421.0,3929.0,12603.0,11747.0,1393.0,1432.0,1514.0,1532.0,1849.0,1982.0,2052.0,1957.0,1952.0,1683.0,1512.0,1430.0,1294.0,1082.0,695.0,460.0,305.0,140.0,69.0,16.0,1.0,24350.0,0.0,24350.0,94.47,96.22,95.53,93.95,99.35,98.83,98.94,97.47,95.27,91.52,74.87,82.3,98.81,94.77,0.0,94.77,0.0,0.0,0.0,0.0,0.0,0.0,0.0,0.0,0.0,0.0,0.0,0.0,0.0,0.0,0.0,0.0,36.0,36.0,36.0,0.0,36.0,96.22,193.21,107.29,0.0,107.29,89.57,125.1,93.62,0.0,93.62,0.0,0.0,0.0,0.0,0.0,0.0,0.0,0.0,0.0,0.0,0.0,0.0,0.0,0.0,0.0
3553856,0.0,0.0,0.0,0.0,0.0,0.0,0.0,0.0,0.0,6876.0,0.0,6876.0,0.0,0.0,0.0,0.0,0.0,0.0,0.0,0.0,0.0,0.0,0.0,0.0,0.0,0.0,0.0,0.0,0.0,0.0,0.0,0.0,0.0,0.0,0.0,0.0,0.0,0.0,0.0,0.0,0.0,0.0,50.25,49.75,50.86,49.14,7.75,6.88,7.16,7.98,8.6,8.22,7.26,7.85,7.66,6.17,5.74,5.06,4.97,3.58,2.5,1.29,0.81,0.36,0.13,0.01,0.0,100.0,0.0,100.0,0.0,0.0,0.0,0.0,0.0,0.0,0.0,0.0,0.0,0.0,0.0,0.0,0.0,0.0,0.0,0.0,0.0,0.0,0.0,0.0,0.0,0.0,0.0,0.0,0.0,0.0,0.0,0.0,0.0,0.0,0.0,0.0,0.0,0.0,0.0,0.0,0.0,0.0,0.0,0.0,0.0,0.0,0.0,0.0,0.0,0.0,0.0,0.0,0.0,0.0,0.0,0.0,0.0,0.0,0.0,0.0,0.0,0.0,0.0,0.0,0.0,0.0,0.0,0.0,0.0,0.0,0.0,0.0,0.0,0.0,0.0,0.0,0.0,0.0,0.0,0.0,0.0,0.0,0.0,0.0,0.0,0.0,0.0,0.0,3455.0,3421.0,3497.0,3379.0,533.0,473.0,492.0,549.0,591.0,565.0,499.0,540.0,527.0,424.0,395.0,348.0,342.0,246.0,172.0,89.0,56.0,25.0,9.0,1.0,0.0,6876.0,0.0,6876.0,95.31,91.91,93.76,93.48,98.82,98.31,99.05,96.53,92.55,88.84,67.22,76.76,99.57,93.62,0.0,93.62,0.0,0.0,0.0,0.0,0.0,0.0,0.0,0.0,0.0,0.0,0.0,0.0,0.0,0.0,0.0,0.0,32.0,31.0,32.0,0.0,32.0,95.53,112.22,103.49,0.0,103.49,62.17,63.33,62.75,0.0,62.75,0.0,0.0,0.0,0.0,0.0,0.0,0.0,0.0,0.0,0.0,0.0,0.0,0.0,0.0,0.0
3553906,0.0,0.0,0.0,0.0,0.0,0.0,0.0,0.0,0.0,6536.0,0.0,6536.0,0.0,0.0,0.0,0.0,0.0,0.0,0.0,0.0,0.0,0.0,0.0,0.0,0.0,0.0,0.0,0.0,0.0,0.0,0.0,0.0,0.0,0.0,0.0,0.0,0.0,0.0,0.0,0.0,0.0,0.0,92.29,7.71,49.1,50.9,6.12,6.55,6.69,6.78,7.53,7.97,7.05,6.92,7.39,6.88,6.62,6.82,5.46,3.89,2.8,1.96,1.51,0.69,0.29,0.08,0.0,100.0,0.0,100.0,0.0,0.0,0.0,0.0,0.0,0.0,0.0,0.0,0.0,0.0,0.0,0.0,0.0,0.0,0.0,0.0,0.0,0.0,0.0,0.0,0.0,0.0,0.0,0.0,0.0,0.0,0.0,0.0,0.0,0.0,0.0,0.0,0.0,0.0,0.0,0.0,0.0,0.0,0.0,0.0,0.0,0.0,0.0,0.0,0.0,0.0,0.0,0.0,0.0,0.0,0.0,0.0,0.0,0.0,0.0,0.0,0.0,0.0,0.0,0.0,0.0,0.0,0.0,0.0,0.0,0.0,0.0,0.0,0.0,0.0,0.0,0.0,0.0,0.0,0.0,0.0,0.0,0.0,0.0,0.0,0.0,0.0,0.0,0.0,6032.0,504.0,3209.0,3327.0,400.0,428.0,437.0,443.0,492.0,521.0,461.0,452.0,483.0,450.0,433.0,446.0,357.0,254.0,183.0,128.0,99.0,45.0,19.0,5.0,0.0,6536.0,0.0,6536.0,93.71,91.87,93.28,93.85,98.17,98.37,98.11,96.9,94.34,92.53,65.2,76.94,99.44,93.57,0.0,93.57,0.0,0.0,0.0,0.0,0.0,0.0,0.0,0.0,0.0,0.0,0.0,0.0,0.0,0.0,0.0,0.0,35.0,40.0,35.0,0.0,35.0,94.64,121.05,96.45,0.0,96.45,84.75,103.06,86.17,0.0,86.17,0.0,0.0,0.0,0.0,0.0,0.0,0.0,0.0,0.0,0.0,0.0,0.0,0.0,0.0,0.0
3553955,0.0,0.0,0.0,0.0,0.0,0.0,0.0,0.0,0.0,14882.0,0.0,14882.0,0.0,0.0,0.0,0.0,0.0,0.0,0.0,0.0,0.0,0.0,0.0,0.0,0.0,0.0,0.0,0.0,0.0,0.0,0.0,0.0,0.0,0.0,0.0,0.0,0.0,0.0,0.0,0.0,0.0,0.0,96.5,3.5,49.72,50.28,6.18,7.5,7.33,6.84,7.09,7.19,7.61,7.92,7.49,7.44,6.45,6.28,5.05,3.7,2.43,1.77,1.03,0.52,0.15,0.02,0.01,100.0,0.0,100.0,0.0,0.0,0.0,0.0,0.0,0.0,0.0,0.0,0.0,0.0,0.0,0.0,0.0,0.0,0.0,0.0,0.0,0.0,0.0,0.0,0.0,0.0,0.0,0.0,0.0,0.0,0.0,0.0,0.0,0.0,0.0,0.0,0.0,0.0,0.0,0.0,0.0,0.0,0.0,0.0,0.0,0.0,0.0,0.0,0.0,0.0,0.0,0.0,0.0,0.0,0.0,0.0,0.0,0.0,0.0,0.0,0.0,0.0,0.0,0.0,0.0,0.0,0.0,0.0,0.0,0.0,0.0,0.0,0.0,0.0,0.0,0.0,0.0,0.0,0.0,0.0,0.0,0.0,0.0,0.0,0.0,0.0,0.0,0.0,14361.0,521.0,7399.0,7483.0,920.0,1116.0,1091.0,1018.0,1055.0,1070.0,1132.0,1179.0,1115.0,1107.0,960.0,934.0,751.0,550.0,362.0,264.0,154.0,77.0,23.0,3.0,1.0,14882.0,0.0,14882.0,94.34,94.06,95.48,93.23,98.86,99.46,98.69,98.04,95.69,91.63,63.79,75.03,99.76,94.33,0.0,94.33,0.0,0.0,0.0,0.0,0.0,0.0,0.0,0.0,0.0,0.0,0.0,0.0,0.0,0.0,0.0,0.0,34.0,44.0,35.0,0.0,35.0,98.41,112.65,98.88,0.0,98.88,68.75,104.0,69.88,0.0,69.88,0.0,0.0,0.0,0.0,0.0,0.0,0.0,0.0,0.0,0.0,0.0,0.0,0.0,0.0,0.0
3554003,0.0,0.0,0.0,0.0,0.0,0.0,0.0,0.0,0.0,123942.0,0.0,123942.0,0.0,0.0,0.0,0.0,0.0,0.0,0.0,0.0,0.0,0.0,0.0,0.0,0.0,0.0,0.0,0.0,0.0,0.0,0.0,0.0,0.0,0.0,0.0,0.0,0.0,0.0,0.0,0.0,0.0,0.0,96.89,3.11,48.8,51.2,6.09,6.5,6.61,6.86,7.4,7.58,7.56,8.09,8.1,6.93,6.21,5.7,5.11,3.99,3.06,2.04,1.25,0.62,0.24,0.07,0.01,100.0,0.0,100.0,0.0,0.0,0.0,0.0,0.0,0.0,0.0,0.0,0.0,0.0,0.0,0.0,0.0,0.0,0.0,0.0,0.0,0.0,0.0,0.0,0.0,0.0,0.0,0.0,0.0,0.0,0.0,0.0,0.0,0.0,0.0,0.0,0.0,0.0,0.0,0.0,0.0,0.0,0.0,0.0,0.0,0.0,0.0,0.0,0.0,0.0,0.0,0.0,0.0,0.0,0.0,0.0,0.0,0.0,0.0,0.0,0.0,0.0,0.0,0.0,0.0,0.0,0.0,0.0,0.0,0.0,0.0,0.0,0.0,0.0,0.0,0.0,0.0,0.0,0.0,0.0,0.0,0.0,0.0,0.0,0.0,0.0,0.0,0.0,120091.0,3851.0,60479.0,63463.0,7548.0,8053.0,8188.0,8502.0,9166.0,9394.0,9366.0,10030.0,10036.0,8584.0,7701.0,7063.0,6339.0,4946.0,3787.0,2524.0,1551.0,767.0,293.0,92.0,12.0,123942.0,0.0,123942.0,97.17,95.78,97.33,96.93,99.07,99.08,98.85,98.33,97.19,95.8,88.22,91.59,98.93,97.12,0.0,97.12,0.0,0.0,0.0,0.0,0.0,0.0,0.0,0.0,0.0,0.0,0.0,0.0,0.0,0.0,0.0,0.0,35.0,39.0,35.0,0.0,35.0,94.72,115.14,95.3,0.0,95.3,84.81,103.99,85.38,0.0,85.38,0.0,0.0,0.0,0.0,0.0,0.0,0.0,0.0,0.0,0.0,0.0,0.0,0.0,0.0,0.0
3554102,0.0,0.0,0.0,0.0,0.0,0.0,0.0,0.0,0.0,310739.0,0.0,310739.0,0.0,0.0,0.0,0.0,0.0,0.0,0.0,0.0,0.0,0.0,0.0,0.0,0.0,0.0,0.0,0.0,0.0,0.0,0.0,0.0,0.0,0.0,0.0,0.0,0.0,0.0,0.0,0.0,0.0,0.0,98.32,1.68,48.14,51.86,5.56,6.31,6.11,6.24,6.92,7.24,7.67,8.17,8.48,6.92,6.65,6.1,5.43,4.44,3.26,2.14,1.28,0.69,0.3,0.08,0.01,100.0,0.0,100.0,0.0,0.0,0.0,0.0,0.0,0.0,0.0,0.0,0.0,0.0,0.0,0.0,0.0,0.0,0.0,0.0,0.0,0.0,0.0,0.0,0.0,0.0,0.0,0.0,0.0,0.0,0.0,0.0,0.0,0.0,0.0,0.0,0.0,0.0,0.0,0.0,0.0,0.0,0.0,0.0,0.0,0.0,0.0,0.0,0.0,0.0,0.0,0.0,0.0,0.0,0.0,0.0,0.0,0.0,0.0,0.0,0.0,0.0,0.0,0.0,0.0,0.0,0.0,0.0,0.0,0.0,0.0,0.0,0.0,0.0,0.0,0.0,0.0,0.0,0.0,0.0,0.0,0.0,0.0,0.0,0.0,0.0,0.0,0.0,305526.0,5213.0,149603.0,161136.0,17286.0,19617.0,18990.0,19384.0,21500.0,22482.0,23849.0,25391.0,26341.0,21514.0,20660.0,18954.0,16861.0,13812.0,10128.0,6648.0,3990.0,2149.0,924.0,234.0,25.0,310739.0,0.0,310739.0,97.89,93.44,97.89,97.75,99.11,99.08,98.84,98.88,97.94,97.3,90.66,93.86,99.07,97.82,0.0,97.82,0.0,0.0,0.0,0.0,0.0,0.0,0.0,0.0,0.0,0.0,0.0,0.0,0.0,0.0,0.0,0.0,37.0,39.0,37.0,0.0,37.0,92.52,113.91,92.84,0.0,92.84,97.8,108.76,97.99,0.0,97.99,0.0,0.0,0.0,0.0,0.0,0.0,0.0,0.0,0.0,0.0,0.0,0.0,0.0,0.0,0.0
3554201,0.0,0.0,0.0,0.0,0.0,0.0,0.0,0.0,0.0,4127.0,0.0,4127.0,0.0,0.0,0.0,0.0,0.0,0.0,0.0,0.0,0.0,0.0,0.0,0.0,0.0,0.0,0.0,0.0,0.0,0.0,0.0,0.0,0.0,0.0,0.0,0.0,0.0,0.0,0.0,0.0,0.0,0.0,71.19,28.81,51.01,48.99,6.37,6.76,6.93,7.8,7.73,6.78,6.28,7.15,7.15,7.03,5.65,5.62,5.43,4.6,3.8,2.86,1.26,0.61,0.17,0.02,0.0,100.0,0.0,100.0,0.0,0.0,0.0,0.0,0.0,0.0,0.0,0.0,0.0,0.0,0.0,0.0,0.0,0.0,0.0,0.0,0.0,0.0,0.0,0.0,0.0,0.0,0.0,0.0,0.0,0.0,0.0,0.0,0.0,0.0,0.0,0.0,0.0,0.0,0.0,0.0,0.0,0.0,0.0,0.0,0.0,0.0,0.0,0.0,0.0,0.0,0.0,0.0,0.0,0.0,0.0,0.0,0.0,0.0,0.0,0.0,0.0,0.0,0.0,0.0,0.0,0.0,0.0,0.0,0.0,0.0,0.0,0.0,0.0,0.0,0.0,0.0,0.0,0.0,0.0,0.0,0.0,0.0,0.0,0.0,0.0,0.0,0.0,0.0,2938.0,1189.0,2105.0,2022.0,263.0,279.0,286.0,322.0,319.0,280.0,259.0,295.0,295.0,290.0,233.0,232.0,224.0,190.0,157.0,118.0,52.0,25.0,7.0,1.0,0.0,4127.0,0.0,4127.0,89.71,92.75,91.69,89.47,99.06,97.22,98.49,94.92,89.1,86.84,69.95,74.36,99.19,90.6,0.0,90.6,0.0,0.0,0.0,0.0,0.0,0.0,0.0,0.0,0.0,0.0,0.0,0.0,0.0,0.0,0.0,0.0,34.0,39.0,35.0,0.0,35.0,103.89,104.65,104.1,0.0,104.1,84.3,118.39,93.48,0.0,93.48,0.0,0.0,0.0,0.0,0.0,0.0,0.0,0.0,0.0,0.0,0.0,0.0,0.0,0.0,0.0
3554300,0.0,0.0,0.0,0.0,0.0,0.0,0.0,0.0,0.0,22173.0,0.0,22173.0,0.0,0.0,0.0,0.0,0.0,0.0,0.0,0.0,0.0,0.0,0.0,0.0,0.0,0.0,0.0,0.0,0.0,0.0,0.0,0.0,0.0,0.0,0.0,0.0,0.0,0.0,0.0,0.0,0.0,0.0,84.54,15.46,49.25,50.75,6.76,7.26,6.86,6.84,6.95,6.59,7.24,7.7,8.04,7.0,6.86,6.18,4.83,3.94,2.87,2.04,1.13,0.6,0.23,0.08,0.01,100.0,0.0,100.0,0.0,0.0,0.0,0.0,0.0,0.0,0.0,0.0,0.0,0.0,0.0,0.0,0.0,0.0,0.0,0.0,0.0,0.0,0.0,0.0,0.0,0.0,0.0,0.0,0.0,0.0,0.0,0.0,0.0,0.0,0.0,0.0,0.0,0.0,0.0,0.0,0.0,0.0,0.0,0.0,0.0,0.0,0.0,0.0,0.0,0.0,0.0,0.0,0.0,0.0,0.0,0.0,0.0,0.0,0.0,0.0,0.0,0.0,0.0,0.0,0.0,0.0,0.0,0.0,0.0,0.0,0.0,0.0,0.0,0.0,0.0,0.0,0.0,0.0,0.0,0.0,0.0,0.0,0.0,0.0,0.0,0.0,0.0,0.0,18746.0,3427.0,10920.0,11253.0,1498.0,1609.0,1521.0,1516.0,1542.0,1461.0,1606.0,1708.0,1783.0,1552.0,1520.0,1370.0,1071.0,874.0,636.0,453.0,250.0,132.0,50.0,18.0,3.0,22173.0,0.0,22173.0,94.05,92.45,94.27,93.35,98.83,98.66,99.57,98.31,96.0,92.13,61.15,73.34,98.82,93.8,0.0,93.8,0.0,0.0,0.0,0.0,0.0,0.0,0.0,0.0,0.0,0.0,0.0,0.0,0.0,0.0,0.0,0.0,35.0,38.0,35.0,0.0,35.0,94.95,109.35,97.04,0.0,97.04,73.42,85.96,75.35,0.0,75.35,0.0,0.0,0.0,0.0,0.0,0.0,0.0,0.0,0.0,0.0,0.0,0.0,0.0,0.0,0.0
3554409,0.0,0.0,0.0,0.0,0.0,0.0,0.0,0.0,0.0,7904.0,0.0,7904.0,0.0,0.0,0.0,0.0,0.0,0.0,0.0,0.0,0.0,0.0,0.0,0.0,0.0,0.0,0.0,0.0,0.0,0.0,0.0,0.0,0.0,0.0,0.0,0.0,0.0,0.0,0.0,0.0,0.0,0.0,96.53,3.47,49.86,50.14,5.43,5.88,6.03,6.82,6.44,6.73,7.4,8.27,7.34,6.69,6.68,6.5,6.22,5.06,3.18,2.51,1.34,0.96,0.33,0.16,0.01,100.0,0.0,100.0,0.0,0.0,0.0,0.0,0.0,0.0,0.0,0.0,0.0,0.0,0.0,0.0,0.0,0.0,0.0,0.0,0.0,0.0,0.0,0.0,0.0,0.0,0.0,0.0,0.0,0.0,0.0,0.0,0.0,0.0,0.0,0.0,0.0,0.0,0.0,0.0,0.0,0.0,0.0,0.0,0.0,0.0,0.0,0.0,0.0,0.0,0.0,0.0,0.0,0.0,0.0,0.0,0.0,0.0,0.0,0.0,0.0,0.0,0.0,0.0,0.0,0.0,0.0,0.0,0.0,0.0,0.0,0.0,0.0,0.0,0.0,0.0,0.0,0.0,0.0,0.0,0.0,0.0,0.0,0.0,0.0,0.0,0.0,0.0,7630.0,274.0,3941.0,3963.0,429.0,465.0,477.0,539.0,509.0,532.0,585.0,654.0,580.0,529.0,528.0,514.0,492.0,400.0,251.0,198.0,106.0,76.0,26.0,13.0,1.0,7904.0,0.0,7904.0,96.07,95.96,96.45,95.69,99.41,99.37,99.39,97.33,96.03,94.73,81.43,89.36,98.59,96.07,0.0,96.07,0.0,0.0,0.0,0.0,0.0,0.0,0.0,0.0,0.0,0.0,0.0,0.0,0.0,0.0,0.0,0.0,38.0,38.0,38.0,0.0,38.0,99.01,112.4,99.44,0.0,99.44,114.85,92.16,114.0,0.0,114.0,0.0,0.0,0.0,0.0,0.0,0.0,0.0,0.0,0.0,0.0,0.0,0.0,0.0,0.0,0.0
3554508,0.0,0.0,0.0,0.0,0.0,0.0,0.0,0.0,0.0,37663.0,0.0,37663.0,0.0,0.0,0.0,0.0,0.0,0.0,0.0,0.0,0.0,0.0,0.0,0.0,0.0,0.0,0.0,0.0,0.0,0.0,0.0,0.0,0.0,0.0,0.0,0.0,0.0,0.0,0.0,0.0,0.0,0.0,90.79,9.21,49.28,50.72,5.32,5.83,6.05,6.3,6.79,7.1,7.72,8.51,8.11,6.82,6.6,6.1,5.66,4.51,3.52,2.26,1.49,0.84,0.34,0.11,0.01,100.0,0.0,100.0,0.0,0.0,0.0,0.0,0.0,0.0,0.0,0.0,0.0,0.0,0.0,0.0,0.0,0.0,0.0,0.0,0.0,0.0,0.0,0.0,0.0,0.0,0.0,0.0,0.0,0.0,0.0,0.0,0.0,0.0,0.0,0.0,0.0,0.0,0.0,0.0,0.0,0.0,0.0,0.0,0.0,0.0,0.0,0.0,0.0,0.0,0.0,0.0,0.0,0.0,0.0,0.0,0.0,0.0,0.0,0.0,0.0,0.0,0.0,0.0,0.0,0.0,0.0,0.0,0.0,0.0,0.0,0.0,0.0,0.0,0.0,0.0,0.0,0.0,0.0,0.0,0.0,0.0,0.0,0.0,0.0,0.0,0.0,0.0,34196.0,3467.0,18561.0,19102.0,2005.0,2195.0,2277.0,2374.0,2558.0,2674.0,2907.0,3205.0,3056.0,2570.0,2485.0,2298.0,2130.0,1700.0,1326.0,851.0,561.0,318.0,129.0,42.0,2.0,37663.0,0.0,37663.0,97.64,96.65,97.82,97.28,99.18,99.12,99.51,98.69,97.53,96.54,92.17,93.47,99.36,97.55,0.0,97.55,0.0,0.0,0.0,0.0,0.0,0.0,0.0,0.0,0.0,0.0,0.0,0.0,0.0,0.0,0.0,0.0,37.0,40.0,37.0,0.0,37.0,95.89,110.76,97.17,0.0,97.17,108.24,115.92,108.99,0.0,108.99,0.0,0.0,0.0,0.0,0.0,0.0,0.0,0.0,0.0,0.0,0.0,0.0,0.0,0.0,0.0
3554607,0.0,0.0,0.0,0.0,0.0,0.0,0.0,0.0,0.0,2464.0,0.0,2464.0,0.0,0.0,0.0,0.0,0.0,0.0,0.0,0.0,0.0,0.0,0.0,0.0,0.0,0.0,0.0,0.0,0.0,0.0,0.0,0.0,0.0,0.0,0.0,0.0,0.0,0.0,0.0,0.0,0.0,0.0,76.5,23.5,50.57,49.43,4.14,6.13,6.49,5.76,5.93,6.53,6.13,7.51,5.88,5.56,6.01,7.87,7.87,6.01,6.05,2.88,1.62,1.18,0.37,0.08,0.0,100.0,0.0,100.0,0.0,0.0,0.0,0.0,0.0,0.0,0.0,0.0,0.0,0.0,0.0,0.0,0.0,0.0,0.0,0.0,0.0,0.0,0.0,0.0,0.0,0.0,0.0,0.0,0.0,0.0,0.0,0.0,0.0,0.0,0.0,0.0,0.0,0.0,0.0,0.0,0.0,0.0,0.0,0.0,0.0,0.0,0.0,0.0,0.0,0.0,0.0,0.0,0.0,0.0,0.0,0.0,0.0,0.0,0.0,0.0,0.0,0.0,0.0,0.0,0.0,0.0,0.0,0.0,0.0,0.0,0.0,0.0,0.0,0.0,0.0,0.0,0.0,0.0,0.0,0.0,0.0,0.0,0.0,0.0,0.0,0.0,0.0,0.0,1885.0,579.0,1246.0,1218.0,102.0,151.0,160.0,142.0,146.0,161.0,151.0,185.0,145.0,137.0,148.0,194.0,194.0,148.0,149.0,71.0,40.0,29.0,9.0,2.0,0.0,2464.0,0.0,2464.0,93.92,94.08,94.59,93.31,99.32,98.72,97.65,97.88,95.44,94.85,79.47,82.81,100.0,93.95,0.0,93.95,0.0,0.0,0.0,0.0,0.0,0.0,0.0,0.0,0.0,0.0,0.0,0.0,0.0,0.0,0.0,0.0,41.0,39.0,40.0,0.0,40.0,95.54,127.95,102.3,0.0,102.3,167.43,120.75,155.45,0.0,155.45,0.0,0.0,0.0,0.0,0.0,0.0,0.0,0.0,0.0,0.0,0.0,0.0,0.0,0.0,0.0
3554656,0.0,0.0,0.0,0.0,0.0,0.0,0.0,0.0,0.0,2046.0,0.0,2046.0,0.0,0.0,0.0,0.0,0.0,0.0,0.0,0.0,0.0,0.0,0.0,0.0,0.0,0.0,0.0,0.0,0.0,0.0,0.0,0.0,0.0,0.0,0.0,0.0,0.0,0.0,0.0,0.0,0.0,0.0,82.7,17.3,50.24,49.76,5.62,5.47,5.38,7.23,5.91,5.67,5.87,6.5,7.28,7.18,6.74,6.94,7.14,6.3,4.3,3.03,1.76,1.17,0.34,0.1,0.05,100.0,0.0,100.0,0.0,0.0,0.0,0.0,0.0,0.0,0.0,0.0,0.0,0.0,0.0,0.0,0.0,0.0,0.0,0.0,0.0,0.0,0.0,0.0,0.0,0.0,0.0,0.0,0.0,0.0,0.0,0.0,0.0,0.0,0.0,0.0,0.0,0.0,0.0,0.0,0.0,0.0,0.0,0.0,0.0,0.0,0.0,0.0,0.0,0.0,0.0,0.0,0.0,0.0,0.0,0.0,0.0,0.0,0.0,0.0,0.0,0.0,0.0,0.0,0.0,0.0,0.0,0.0,0.0,0.0,0.0,0.0,0.0,0.0,0.0,0.0,0.0,0.0,0.0,0.0,0.0,0.0,0.0,0.0,0.0,0.0,0.0,0.0,1692.0,354.0,1028.0,1018.0,115.0,112.0,110.0,148.0,121.0,116.0,120.0,133.0,149.0,147.0,138.0,142.0,146.0,129.0,88.0,62.0,36.0,24.0,7.0,2.0,1.0,2046.0,0.0,2046.0,95.29,93.53,95.15,94.79,95.87,98.31,99.06,98.23,96.49,94.44,81.82,87.39,97.62,94.97,0.0,94.97,0.0,0.0,0.0,0.0,0.0,0.0,0.0,0.0,0.0,0.0,0.0,0.0,0.0,0.0,0.0,0.0,40.0,49.0,41.0,0.0,41.0,98.59,113.25,100.98,0.0,100.98,130.48,253.33,146.88,0.0,146.88,0.0,0.0,0.0,0.0,0.0,0.0,0.0,0.0,0.0,0.0,0.0,0.0,0.0,0.0,0.0
3554706,0.0,0.0,0.0,0.0,0.0,0.0,0.0,0.0,0.0,9335.0,0.0,9335.0,0.0,0.0,0.0,0.0,0.0,0.0,0.0,0.0,0.0,0.0,0.0,0.0,0.0,0.0,0.0,0.0,0.0,0.0,0.0,0.0,0.0,0.0,0.0,0.0,0.0,0.0,0.0,0.0,0.0,0.0,86.41,13.59,49.88,50.12,5.71,5.93,5.56,5.67,5.92,6.4,6.95,8.07,7.68,6.47,7.02,6.76,6.06,5.31,3.99,2.85,1.83,1.08,0.65,0.05,0.03,100.0,0.0,100.0,0.0,0.0,0.0,0.0,0.0,0.0,0.0,0.0,0.0,0.0,0.0,0.0,0.0,0.0,0.0,0.0,0.0,0.0,0.0,0.0,0.0,0.0,0.0,0.0,0.0,0.0,0.0,0.0,0.0,0.0,0.0,0.0,0.0,0.0,0.0,0.0,0.0,0.0,0.0,0.0,0.0,0.0,0.0,0.0,0.0,0.0,0.0,0.0,0.0,0.0,0.0,0.0,0.0,0.0,0.0,0.0,0.0,0.0,0.0,0.0,0.0,0.0,0.0,0.0,0.0,0.0,0.0,0.0,0.0,0.0,0.0,0.0,0.0,0.0,0.0,0.0,0.0,0.0,0.0,0.0,0.0,0.0,0.0,0.0,8066.0,1269.0,4656.0,4679.0,533.0,554.0,519.0,529.0,553.0,597.0,649.0,753.0,717.0,604.0,655.0,631.0,566.0,496.0,372.0,266.0,171.0,101.0,61.0,5.0,3.0,9335.0,0.0,9335.0,96.28,95.84,96.58,95.87,99.28,99.28,100.0,97.55,95.71,96.16,85.01,90.37,99.5,96.22,0.0,96.22,0.0,0.0,0.0,0.0,0.0,0.0,0.0,0.0,0.0,0.0,0.0,0.0,0.0,0.0,0.0,0.0,39.0,44.0,39.0,0.0,39.0,97.16,115.82,99.51,0.0,99.51,119.89,181.38,127.09,0.0,127.09,0.0,0.0,0.0,0.0,0.0,0.0,0.0,0.0,0.0,0.0,0.0,0.0,0.0,0.0,0.0
3554755,0.0,0.0,0.0,0.0,0.0,0.0,0.0,0.0,0.0,1682.0,0.0,1682.0,0.0,0.0,0.0,0.0,0.0,0.0,0.0,0.0,0.0,0.0,0.0,0.0,0.0,0.0,0.0,0.0,0.0,0.0,0.0,0.0,0.0,0.0,0.0,0.0,0.0,0.0,0.0,0.0,0.0,0.0,92.39,7.61,50.89,49.11,5.71,6.06,8.15,7.67,7.49,7.61,6.9,7.19,7.25,7.37,6.54,6.0,4.99,3.09,2.91,2.2,1.25,1.07,0.36,0.12,0.06,100.0,0.0,100.0,0.0,0.0,0.0,0.0,0.0,0.0,0.0,0.0,0.0,0.0,0.0,0.0,0.0,0.0,0.0,0.0,0.0,0.0,0.0,0.0,0.0,0.0,0.0,0.0,0.0,0.0,0.0,0.0,0.0,0.0,0.0,0.0,0.0,0.0,0.0,0.0,0.0,0.0,0.0,0.0,0.0,0.0,0.0,0.0,0.0,0.0,0.0,0.0,0.0,0.0,0.0,0.0,0.0,0.0,0.0,0.0,0.0,0.0,0.0,0.0,0.0,0.0,0.0,0.0,0.0,0.0,0.0,0.0,0.0,0.0,0.0,0.0,0.0,0.0,0.0,0.0,0.0,0.0,0.0,0.0,0.0,0.0,0.0,0.0,1554.0,128.0,856.0,826.0,96.0,102.0,137.0,129.0,126.0,128.0,116.0,121.0,122.0,124.0,110.0,101.0,84.0,52.0,49.0,37.0,21.0,18.0,6.0,2.0,1.0,1682.0,0.0,1682.0,90.93,94.06,92.41,89.93,99.21,97.95,98.67,96.3,89.74,90.81,61.18,67.2,98.15,91.17,0.0,91.17,0.0,0.0,0.0,0.0,0.0,0.0,0.0,0.0,0.0,0.0,0.0,0.0,0.0,0.0,0.0,0.0,34.0,38.0,35.0,0.0,35.0,104.74,91.04,103.63,0.0,103.63,80.19,85.19,80.6,0.0,80.6,0.0,0.0,0.0,0.0,0.0,0.0,0.0,0.0,0.0,0.0,0.0,0.0,0.0,0.0,0.0
3554805,0.0,0.0,0.0,0.0,0.0,0.0,0.0,0.0,0.0,51173.0,0.0,51173.0,0.0,0.0,0.0,0.0,0.0,0.0,0.0,0.0,0.0,0.0,0.0,0.0,0.0,0.0,0.0,0.0,0.0,0.0,0.0,0.0,0.0,0.0,0.0,0.0,0.0,0.0,0.0,0.0,0.0,0.0,82.88,17.12,53.4,46.6,5.09,6.05,5.88,5.94,8.08,8.45,8.55,8.98,8.84,7.04,6.05,5.88,4.88,3.84,2.71,1.79,1.06,0.58,0.25,0.05,0.01,100.0,0.0,100.0,0.0,0.0,0.0,0.0,0.0,0.0,0.0,0.0,0.0,0.0,0.0,0.0,0.0,0.0,0.0,0.0,0.0,0.0,0.0,0.0,0.0,0.0,0.0,0.0,0.0,0.0,0.0,0.0,0.0,0.0,0.0,0.0,0.0,0.0,0.0,0.0,0.0,0.0,0.0,0.0,0.0,0.0,0.0,0.0,0.0,0.0,0.0,0.0,0.0,0.0,0.0,0.0,0.0,0.0,0.0,0.0,0.0,0.0,0.0,0.0,0.0,0.0,0.0,0.0,0.0,0.0,0.0,0.0,0.0,0.0,0.0,0.0,0.0,0.0,0.0,0.0,0.0,0.0,0.0,0.0,0.0,0.0,0.0,0.0,42414.0,8759.0,27326.0,23847.0,2603.0,3097.0,3009.0,3038.0,4136.0,4322.0,4374.0,4596.0,4522.0,3604.0,3097.0,3011.0,2498.0,1965.0,1386.0,916.0,542.0,298.0,126.0,26.0,7.0,51173.0,0.0,51173.0,97.14,97.48,97.61,96.72,99.03,99.06,98.86,98.4,96.99,95.95,86.95,91.21,99.08,97.2,0.0,97.2,0.0,0.0,0.0,0.0,0.0,0.0,0.0,0.0,0.0,0.0,0.0,0.0,0.0,0.0,0.0,0.0,37.0,32.0,36.0,0.0,36.0,90.9,437.69,114.59,0.0,114.59,89.77,80.11,89.15,0.0,89.15,0.0,0.0,0.0,0.0,0.0,0.0,0.0,0.0,0.0,0.0,0.0,0.0,0.0,0.0,0.0
3554904,0.0,0.0,0.0,0.0,0.0,0.0,0.0,0.0,0.0,6804.0,0.0,6804.0,0.0,0.0,0.0,0.0,0.0,0.0,0.0,0.0,0.0,0.0,0.0,0.0,0.0,0.0,0.0,0.0,0.0,0.0,0.0,0.0,0.0,0.0,0.0,0.0,0.0,0.0,0.0,0.0,0.0,0.0,90.52,9.48,49.96,50.04,5.5,6.25,5.86,5.53,6.95,6.76,7.08,7.17,7.5,6.7,6.8,6.55,5.97,5.32,3.82,2.87,1.85,1.12,0.34,0.04,0.01,100.0,0.0,100.0,0.0,0.0,0.0,0.0,0.0,0.0,0.0,0.0,0.0,0.0,0.0,0.0,0.0,0.0,0.0,0.0,0.0,0.0,0.0,0.0,0.0,0.0,0.0,0.0,0.0,0.0,0.0,0.0,0.0,0.0,0.0,0.0,0.0,0.0,0.0,0.0,0.0,0.0,0.0,0.0,0.0,0.0,0.0,0.0,0.0,0.0,0.0,0.0,0.0,0.0,0.0,0.0,0.0,0.0,0.0,0.0,0.0,0.0,0.0,0.0,0.0,0.0,0.0,0.0,0.0,0.0,0.0,0.0,0.0,0.0,0.0,0.0,0.0,0.0,0.0,0.0,0.0,0.0,0.0,0.0,0.0,0.0,0.0,0.0,6159.0,645.0,3399.0,3405.0,374.0,425.0,399.0,376.0,473.0,460.0,482.0,488.0,510.0,456.0,463.0,446.0,406.0,362.0,260.0,195.0,126.0,76.0,23.0,3.0,1.0,6804.0,0.0,6804.0,93.41,94.23,93.96,93.03,99.79,99.15,99.06,96.99,94.89,92.49,69.34,79.73,99.39,93.49,0.0,93.49,0.0,0.0,0.0,0.0,0.0,0.0,0.0,0.0,0.0,0.0,0.0,0.0,0.0,0.0,0.0,0.0,38.0,49.0,39.0,0.0,39.0,98.81,110.1,99.82,0.0,99.82,111.55,240.0,121.2,0.0,121.2,0.0,0.0,0.0,0.0,0.0,0.0,0.0,0.0,0.0,0.0,0.0,0.0,0.0,0.0,0.0
3554953,0.0,0.0,0.0,0.0,0.0,0.0,0.0,0.0,0.0,6778.0,0.0,6778.0,0.0,0.0,0.0,0.0,0.0,0.0,0.0,0.0,0.0,0.0,0.0,0.0,0.0,0.0,0.0,0.0,0.0,0.0,0.0,0.0,0.0,0.0,0.0,0.0,0.0,0.0,0.0,0.0,0.0,0.0,47.3,52.7,49.76,50.24,4.9,5.81,5.74,5.89,5.12,5.62,6.96,7.13,7.85,6.93,6.96,6.54,6.76,6.05,4.9,3.44,1.93,0.93,0.46,0.09,0.0,100.0,0.0,100.0,0.0,0.0,0.0,0.0,0.0,0.0,0.0,0.0,0.0,0.0,0.0,0.0,0.0,0.0,0.0,0.0,0.0,0.0,0.0,0.0,0.0,0.0,0.0,0.0,0.0,0.0,0.0,0.0,0.0,0.0,0.0,0.0,0.0,0.0,0.0,0.0,0.0,0.0,0.0,0.0,0.0,0.0,0.0,0.0,0.0,0.0,0.0,0.0,0.0,0.0,0.0,0.0,0.0,0.0,0.0,0.0,0.0,0.0,0.0,0.0,0.0,0.0,0.0,0.0,0.0,0.0,0.0,0.0,0.0,0.0,0.0,0.0,0.0,0.0,0.0,0.0,0.0,0.0,0.0,0.0,0.0,0.0,0.0,0.0,3206.0,3572.0,3373.0,3405.0,332.0,394.0,389.0,399.0,347.0,381.0,472.0,483.0,532.0,470.0,472.0,443.0,458.0,410.0,332.0,233.0,131.0,63.0,31.0,6.0,0.0,6778.0,0.0,6778.0,95.48,93.87,94.78,94.49,98.27,98.48,98.34,98.13,95.33,94.67,79.96,86.07,98.73,94.63,0.0,94.63,0.0,0.0,0.0,0.0,0.0,0.0,0.0,0.0,0.0,0.0,0.0,0.0,0.0,0.0,0.0,0.0,41.0,42.0,41.0,0.0,41.0,95.01,102.84,99.06,0.0,99.06,144.89,153.15,149.24,0.0,149.24,0.0,0.0,0.0,0.0,0.0,0.0,0.0,0.0,0.0,0.0,0.0,0.0,0.0,0.0,0.0
3555000,0.0,0.0,0.0,0.0,0.0,0.0,0.0,0.0,0.0,63928.0,0.0,63928.0,0.0,0.0,0.0,0.0,0.0,0.0,0.0,0.0,0.0,0.0,0.0,0.0,0.0,0.0,0.0,0.0,0.0,0.0,0.0,0.0,0.0,0.0,0.0,0.0,0.0,0.0,0.0,0.0,0.0,0.0,94.92,5.08,47.77,52.23,5.13,5.61,5.47,5.97,6.27,6.42,6.71,7.54,7.89,6.96,6.83,6.81,6.13,5.15,4.19,3.09,2.04,1.09,0.54,0.13,0.02,100.0,0.0,100.0,0.0,0.0,0.0,0.0,0.0,0.0,0.0,0.0,0.0,0.0,0.0,0.0,0.0,0.0,0.0,0.0,0.0,0.0,0.0,0.0,0.0,0.0,0.0,0.0,0.0,0.0,0.0,0.0,0.0,0.0,0.0,0.0,0.0,0.0,0.0,0.0,0.0,0.0,0.0,0.0,0.0,0.0,0.0,0.0,0.0,0.0,0.0,0.0,0.0,0.0,0.0,0.0,0.0,0.0,0.0,0.0,0.0,0.0,0.0,0.0,0.0,0.0,0.0,0.0,0.0,0.0,0.0,0.0,0.0,0.0,0.0,0.0,0.0,0.0,0.0,0.0,0.0,0.0,0.0,0.0,0.0,0.0,0.0,0.0,60682.0,3246.0,30537.0,33391.0,3279.0,3584.0,3500.0,3814.0,4009.0,4103.0,4290.0,4823.0,5047.0,4447.0,4368.0,4355.0,3918.0,3293.0,2681.0,1975.0,1305.0,697.0,344.0,84.0,12.0,63928.0,0.0,63928.0,95.95,95.39,96.4,95.5,98.98,98.68,98.83,97.66,97.27,96.25,82.34,88.4,98.88,95.92,0.0,95.92,0.0,0.0,0.0,0.0,0.0,0.0,0.0,0.0,0.0,0.0,0.0,0.0,0.0,0.0,0.0,0.0,40.0,40.0,40.0,0.0,40.0,90.6,108.88,91.45,0.0,91.45,138.9,123.6,138.08,0.0,138.08,0.0,0.0,0.0,0.0,0.0,0.0,0.0,0.0,0.0,0.0,0.0,0.0,0.0,0.0,0.0
3555109,0.0,0.0,0.0,0.0,0.0,0.0,0.0,0.0,0.0,15854.0,0.0,15854.0,0.0,0.0,0.0,0.0,0.0,0.0,0.0,0.0,0.0,0.0,0.0,0.0,0.0,0.0,0.0,0.0,0.0,0.0,0.0,0.0,0.0,0.0,0.0,0.0,0.0,0.0,0.0,0.0,0.0,0.0,78.04,21.96,50.77,49.23,4.15,4.79,4.57,4.37,5.6,7.04,8.02,8.77,8.74,7.04,6.52,6.94,6.51,5.56,4.21,3.28,1.99,1.28,0.51,0.09,0.01,100.0,0.0,100.0,0.0,0.0,0.0,0.0,0.0,0.0,0.0,0.0,0.0,0.0,0.0,0.0,0.0,0.0,0.0,0.0,0.0,0.0,0.0,0.0,0.0,0.0,0.0,0.0,0.0,0.0,0.0,0.0,0.0,0.0,0.0,0.0,0.0,0.0,0.0,0.0,0.0,0.0,0.0,0.0,0.0,0.0,0.0,0.0,0.0,0.0,0.0,0.0,0.0,0.0,0.0,0.0,0.0,0.0,0.0,0.0,0.0,0.0,0.0,0.0,0.0,0.0,0.0,0.0,0.0,0.0,0.0,0.0,0.0,0.0,0.0,0.0,0.0,0.0,0.0,0.0,0.0,0.0,0.0,0.0,0.0,0.0,0.0,0.0,12373.0,3481.0,8049.0,7805.0,658.0,760.0,725.0,693.0,888.0,1116.0,1272.0,1390.0,1385.0,1116.0,1034.0,1100.0,1032.0,881.0,667.0,520.0,316.0,203.0,81.0,15.0,2.0,15854.0,0.0,15854.0,96.46,96.34,96.77,96.09,99.21,98.83,99.52,98.31,97.63,97.14,82.59,89.24,98.56,96.43,0.0,96.43,0.0,0.0,0.0,0.0,0.0,0.0,0.0,0.0,0.0,0.0,0.0,0.0,0.0,0.0,0.0,0.0,42.0,40.0,41.0,0.0,41.0,91.3,160.36,103.13,0.0,103.13,162.69,275.12,173.45,0.0,173.45,0.0,0.0,0.0,0.0,0.0,0.0,0.0,0.0,0.0,0.0,0.0,0.0,0.0,0.0,0.0
3555208,0.0,0.0,0.0,0.0,0.0,0.0,0.0,0.0,0.0,1818.0,0.0,1818.0,0.0,0.0,0.0,0.0,0.0,0.0,0.0,0.0,0.0,0.0,0.0,0.0,0.0,0.0,0.0,0.0,0.0,0.0,0.0,0.0,0.0,0.0,0.0,0.0,0.0,0.0,0.0,0.0,0.0,0.0,82.62,17.38,50.72,49.28,4.95,5.67,5.34,5.45,5.12,5.5,5.17,5.61,6.6,7.54,6.99,8.25,7.1,6.49,5.39,4.68,2.26,1.43,0.39,0.11,0.0,100.0,0.0,100.0,0.0,0.0,0.0,0.0,0.0,0.0,0.0,0.0,0.0,0.0,0.0,0.0,0.0,0.0,0.0,0.0,0.0,0.0,0.0,0.0,0.0,0.0,0.0,0.0,0.0,0.0,0.0,0.0,0.0,0.0,0.0,0.0,0.0,0.0,0.0,0.0,0.0,0.0,0.0,0.0,0.0,0.0,0.0,0.0,0.0,0.0,0.0,0.0,0.0,0.0,0.0,0.0,0.0,0.0,0.0,0.0,0.0,0.0,0.0,0.0,0.0,0.0,0.0,0.0,0.0,0.0,0.0,0.0,0.0,0.0,0.0,0.0,0.0,0.0,0.0,0.0,0.0,0.0,0.0,0.0,0.0,0.0,0.0,0.0,1502.0,316.0,922.0,896.0,90.0,103.0,97.0,99.0,93.0,100.0,94.0,102.0,120.0,137.0,127.0,150.0,129.0,118.0,98.0,85.0,41.0,26.0,7.0,2.0,0.0,1818.0,0.0,1818.0,93.75,86.69,93.32,91.79,100.0,98.97,100.0,97.3,94.7,93.55,72.67,80.37,100.0,92.54,0.0,92.54,0.0,0.0,0.0,0.0,0.0,0.0,0.0,0.0,0.0,0.0,0.0,0.0,0.0,0.0,0.0,0.0,45.0,45.0,45.0,0.0,45.0,102.15,106.54,102.9,0.0,102.9,179.32,152.83,174.48,0.0,174.48,0.0,0.0,0.0,0.0,0.0,0.0,0.0,0.0,0.0,0.0,0.0,0.0,0.0,0.0,0.0
3555307,0.0,0.0,0.0,0.0,0.0,0.0,0.0,0.0,0.0,1669.0,0.0,1669.0,0.0,0.0,0.0,0.0,0.0,0.0,0.0,0.0,0.0,0.0,0.0,0.0,0.0,0.0,0.0,0.0,0.0,0.0,0.0,0.0,0.0,0.0,0.0,0.0,0.0,0.0,0.0,0.0,0.0,0.0,75.55,24.45,48.59,51.41,3.95,3.18,4.01,5.09,5.33,4.43,4.97,5.81,5.21,5.93,7.85,11.74,9.59,7.07,5.93,5.33,2.82,1.2,0.48,0.06,0.0,100.0,0.0,100.0,0.0,0.0,0.0,0.0,0.0,0.0,0.0,0.0,0.0,0.0,0.0,0.0,0.0,0.0,0.0,0.0,0.0,0.0,0.0,0.0,0.0,0.0,0.0,0.0,0.0,0.0,0.0,0.0,0.0,0.0,0.0,0.0,0.0,0.0,0.0,0.0,0.0,0.0,0.0,0.0,0.0,0.0,0.0,0.0,0.0,0.0,0.0,0.0,0.0,0.0,0.0,0.0,0.0,0.0,0.0,0.0,0.0,0.0,0.0,0.0,0.0,0.0,0.0,0.0,0.0,0.0,0.0,0.0,0.0,0.0,0.0,0.0,0.0,0.0,0.0,0.0,0.0,0.0,0.0,0.0,0.0,0.0,0.0,0.0,1261.0,408.0,811.0,858.0,66.0,53.0,67.0,85.0,89.0,74.0,83.0,97.0,87.0,99.0,131.0,196.0,160.0,118.0,99.0,89.0,47.0,20.0,8.0,1.0,0.0,1669.0,0.0,1669.0,94.11,96.31,95.29,94.09,100.0,99.36,100.0,97.83,98.7,97.47,75.76,83.77,100.0,94.67,0.0,94.67,0.0,0.0,0.0,0.0,0.0,0.0,0.0,0.0,0.0,0.0,0.0,0.0,0.0,0.0,0.0,0.0,50.0,54.0,51.0,0.0,51.0,88.49,115.87,94.52,0.0,94.52,256.69,479.31,291.4,0.0,291.4,0.0,0.0,0.0,0.0,0.0,0.0,0.0,0.0,0.0,0.0,0.0,0.0,0.0,0.0,0.0
3555356,0.0,0.0,0.0,0.0,0.0,0.0,0.0,0.0,0.0,5365.0,0.0,5365.0,0.0,0.0,0.0,0.0,0.0,0.0,0.0,0.0,0.0,0.0,0.0,0.0,0.0,0.0,0.0,0.0,0.0,0.0,0.0,0.0,0.0,0.0,0.0,0.0,0.0,0.0,0.0,0.0,0.0,0.0,94.43,5.57,51.22,48.78,6.56,6.78,7.29,7.33,7.08,7.6,7.74,7.57,7.12,7.33,6.28,5.69,4.44,4.06,3.24,1.83,1.25,0.56,0.17,0.04,0.06,100.0,0.0,100.0,0.0,0.0,0.0,0.0,0.0,0.0,0.0,0.0,0.0,0.0,0.0,0.0,0.0,0.0,0.0,0.0,0.0,0.0,0.0,0.0,0.0,0.0,0.0,0.0,0.0,0.0,0.0,0.0,0.0,0.0,0.0,0.0,0.0,0.0,0.0,0.0,0.0,0.0,0.0,0.0,0.0,0.0,0.0,0.0,0.0,0.0,0.0,0.0,0.0,0.0,0.0,0.0,0.0,0.0,0.0,0.0,0.0,0.0,0.0,0.0,0.0,0.0,0.0,0.0,0.0,0.0,0.0,0.0,0.0,0.0,0.0,0.0,0.0,0.0,0.0,0.0,0.0,0.0,0.0,0.0,0.0,0.0,0.0,0.0,5066.0,299.0,2748.0,2617.0,352.0,364.0,391.0,393.0,380.0,408.0,415.0,406.0,382.0,393.0,337.0,305.0,238.0,218.0,174.0,98.0,67.0,30.0,9.0,2.0,3.0,5365.0,0.0,5365.0,91.85,92.71,91.66,92.14,98.42,96.84,97.89,94.04,92.19,89.32,66.51,76.04,98.72,91.9,0.0,91.9,0.0,0.0,0.0,0.0,0.0,0.0,0.0,0.0,0.0,0.0,0.0,0.0,0.0,0.0,0.0,0.0,34.0,43.0,34.0,0.0,34.0,103.78,128.24,105.01,0.0,105.01,74.41,103.85,75.79,0.0,75.79,0.0,0.0,0.0,0.0,0.0,0.0,0.0,0.0,0.0,0.0,0.0,0.0,0.0,0.0,0.0
3555406,100.0,30.05,69.95,1371.0,412.0,959.0,1.47,59.45,1.04,92981.0,693.0,92288.0,100.0,24.79,75.21,100.0,24.79,75.21,100.0,30.07,69.93,589.0,146.0,443.0,1783.0,442.0,1341.0,1370.0,412.0,958.0,3.03,3.03,3.03,2.33,2.82,2.16,1.73,61.34,1.31,76.84,93.21,71.44,93.61,6.39,49.38,50.62,6.32,6.59,6.47,6.67,7.34,7.64,7.75,8.07,8.45,7.31,6.57,5.82,5.0,3.87,2.77,1.66,0.97,0.44,0.2,0.05,0.01,100.0,0.75,99.25,41.79,58.21,51.2,48.8,5.84,8.02,7.44,5.91,7.95,7.22,7.88,8.02,8.32,7.37,6.64,5.32,4.89,4.16,2.77,1.02,0.66,0.29,0.15,0.15,0.0,100.0,30.05,69.95,573.0,798.0,702.0,669.0,80.0,110.0,102.0,81.0,109.0,99.0,108.0,110.0,114.0,101.0,91.0,73.0,67.0,57.0,38.0,14.0,9.0,4.0,2.0,2.0,0.0,1371.0,412.0,959.0,0.66,13.44,1.53,1.42,1.36,1.8,1.69,1.31,1.6,1.39,1.5,1.47,1.45,1.49,1.49,1.35,1.44,1.58,1.48,0.9,0.99,0.98,1.06,4.55,0.0,1.47,59.45,1.04,87042.0,5939.0,45914.0,47067.0,5880.0,6126.0,6019.0,6205.0,6828.0,7102.0,7206.0,7500.0,7861.0,6801.0,6110.0,5415.0,4649.0,3598.0,2576.0,1548.0,906.0,408.0,189.0,44.0,10.0,92981.0,693.0,92288.0,96.55,93.86,96.58,96.19,99.06,98.74,99.13,98.42,96.13,93.34,83.41,89.16,99.29,96.38,93.23,96.4,95.55,92.26,94.76,92.59,98.17,99.03,100.0,98.66,94.79,85.0,74.19,76.19,100.0,93.7,93.59,93.74,35.0,34.0,35.0,33.0,35.0,96.84,108.61,97.55,120.0,97.4,77.99,67.72,77.27,64.6,77.38,38.0,32.0,34.0,32.0,36.0,98.27,110.0,104.93,114.58,101.05,77.23,60.21,66.1,59.0,69.79
3555505,0.0,0.0,0.0,0.0,0.0,0.0,0.0,0.0,0.0,5132.0,0.0,5132.0,0.0,0.0,0.0,0.0,0.0,0.0,0.0,0.0,0.0,0.0,0.0,0.0,0.0,0.0,0.0,0.0,0.0,0.0,0.0,0.0,0.0,0.0,0.0,0.0,0.0,0.0,0.0,0.0,0.0,0.0,79.29,20.71,51.89,48.11,7.05,7.31,7.39,7.21,6.68,7.25,7.46,7.62,7.58,6.04,5.55,5.79,5.11,4.77,3.49,1.85,0.84,0.72,0.23,0.04,0.02,100.0,0.0,100.0,0.0,0.0,0.0,0.0,0.0,0.0,0.0,0.0,0.0,0.0,0.0,0.0,0.0,0.0,0.0,0.0,0.0,0.0,0.0,0.0,0.0,0.0,0.0,0.0,0.0,0.0,0.0,0.0,0.0,0.0,0.0,0.0,0.0,0.0,0.0,0.0,0.0,0.0,0.0,0.0,0.0,0.0,0.0,0.0,0.0,0.0,0.0,0.0,0.0,0.0,0.0,0.0,0.0,0.0,0.0,0.0,0.0,0.0,0.0,0.0,0.0,0.0,0.0,0.0,0.0,0.0,0.0,0.0,0.0,0.0,0.0,0.0,0.0,0.0,0.0,0.0,0.0,0.0,0.0,0.0,0.0,0.0,0.0,0.0,4069.0,1063.0,2663.0,2469.0,362.0,375.0,379.0,370.0,343.0,372.0,383.0,391.0,389.0,310.0,285.0,297.0,262.0,245.0,179.0,95.0,43.0,37.0,12.0,2.0,1.0,5132.0,0.0,5132.0,93.73,94.55,94.04,93.75,99.13,98.68,99.15,96.41,91.93,91.06,78.42,83.55,97.78,93.9,0.0,93.9,0.0,0.0,0.0,0.0,0.0,0.0,0.0,0.0,0.0,0.0,0.0,0.0,0.0,0.0,0.0,0.0,34.0,36.0,34.0,0.0,34.0,104.88,120.08,107.86,0.0,107.86,77.93,80.59,78.49,0.0,78.49,0.0,0.0,0.0,0.0,0.0,0.0,0.0,0.0,0.0,0.0,0.0,0.0,0.0,0.0,0.0
3555604,0.0,0.0,0.0,0.0,0.0,0.0,0.0,0.0,0.0,10394.0,0.0,10394.0,0.0,0.0,0.0,0.0,0.0,0.0,0.0,0.0,0.0,0.0,0.0,0.0,0.0,0.0,0.0,0.0,0.0,0.0,0.0,0.0,0.0,0.0,0.0,0.0,0.0,0.0,0.0,0.0,0.0,0.0,93.24,6.76,49.27,50.73,4.86,5.76,6.13,6.22,5.77,6.51,7.05,7.68,7.59,7.05,6.38,7.08,6.03,5.32,3.96,2.96,1.75,1.21,0.51,0.13,0.02,100.0,0.0,100.0,0.0,0.0,0.0,0.0,0.0,0.0,0.0,0.0,0.0,0.0,0.0,0.0,0.0,0.0,0.0,0.0,0.0,0.0,0.0,0.0,0.0,0.0,0.0,0.0,0.0,0.0,0.0,0.0,0.0,0.0,0.0,0.0,0.0,0.0,0.0,0.0,0.0,0.0,0.0,0.0,0.0,0.0,0.0,0.0,0.0,0.0,0.0,0.0,0.0,0.0,0.0,0.0,0.0,0.0,0.0,0.0,0.0,0.0,0.0,0.0,0.0,0.0,0.0,0.0,0.0,0.0,0.0,0.0,0.0,0.0,0.0,0.0,0.0,0.0,0.0,0.0,0.0,0.0,0.0,0.0,0.0,0.0,0.0,0.0,9691.0,703.0,5121.0,5273.0,505.0,599.0,637.0,647.0,600.0,677.0,733.0,798.0,789.0,733.0,663.0,736.0,627.0,553.0,412.0,308.0,182.0,126.0,53.0,14.0,2.0,10394.0,0.0,10394.0,94.81,92.46,95.23,94.09,98.5,98.65,97.81,97.16,94.56,94.2,82.19,86.3,99.64,94.65,0.0,94.65,0.0,0.0,0.0,0.0,0.0,0.0,0.0,0.0,0.0,0.0,0.0,0.0,0.0,0.0,0.0,0.0,39.0,45.0,40.0,0.0,40.0,96.17,111.11,97.12,0.0,97.12,128.69,163.21,130.79,0.0,130.79,0.0,0.0,0.0,0.0,0.0,0.0,0.0,0.0,0.0,0.0,0.0,0.0,0.0,0.0,0.0
3555703,0.0,0.0,0.0,0.0,0.0,0.0,0.0,0.0,0.0,1603.0,0.0,1603.0,0.0,0.0,0.0,0.0,0.0,0.0,0.0,0.0,0.0,0.0,0.0,0.0,0.0,0.0,0.0,0.0,0.0,0.0,0.0,0.0,0.0,0.0,0.0,0.0,0.0,0.0,0.0,0.0,0.0,0.0,80.85,19.15,49.1,50.9,7.92,6.55,7.36,7.11,7.67,6.11,7.86,6.99,7.49,6.61,5.12,6.43,4.8,4.43,3.49,1.75,1.19,1.0,0.06,0.06,0.0,100.0,0.0,100.0,0.0,0.0,0.0,0.0,0.0,0.0,0.0,0.0,0.0,0.0,0.0,0.0,0.0,0.0,0.0,0.0,0.0,0.0,0.0,0.0,0.0,0.0,0.0,0.0,0.0,0.0,0.0,0.0,0.0,0.0,0.0,0.0,0.0,0.0,0.0,0.0,0.0,0.0,0.0,0.0,0.0,0.0,0.0,0.0,0.0,0.0,0.0,0.0,0.0,0.0,0.0,0.0,0.0,0.0,0.0,0.0,0.0,0.0,0.0,0.0,0.0,0.0,0.0,0.0,0.0,0.0,0.0,0.0,0.0,0.0,0.0,0.0,0.0,0.0,0.0,0.0,0.0,0.0,0.0,0.0,0.0,0.0,0.0,0.0,1296.0,307.0,787.0,816.0,127.0,105.0,118.0,114.0,123.0,98.0,126.0,112.0,120.0,106.0,82.0,103.0,77.0,71.0,56.0,28.0,19.0,16.0,1.0,1.0,0.0,1603.0,0.0,1603.0,93.61,92.06,92.96,93.63,100.0,97.32,100.0,93.97,95.74,87.22,75.38,83.33,97.3,93.3,0.0,93.3,0.0,0.0,0.0,0.0,0.0,0.0,0.0,0.0,0.0,0.0,0.0,0.0,0.0,0.0,0.0,0.0,33.0,37.0,34.0,0.0,34.0,93.72,108.84,96.45,0.0,96.45,73.22,96.36,76.86,0.0,76.86,0.0,0.0,0.0,0.0,0.0,0.0,0.0,0.0,0.0,0.0,0.0,0.0,0.0,0.0,0.0
3555802,0.0,0.0,0.0,0.0,0.0,0.0,0.0,0.0,0.0,8833.0,0.0,8833.0,0.0,0.0,0.0,0.0,0.0,0.0,0.0,0.0,0.0,0.0,0.0,0.0,0.0,0.0,0.0,0.0,0.0,0.0,0.0,0.0,0.0,0.0,0.0,0.0,0.0,0.0,0.0,0.0,0.0,0.0,87.49,12.51,49.04,50.96,4.88,5.35,5.71,6.23,5.72,5.94,6.43,7.06,8.23,6.5,7.04,7.0,7.09,5.62,4.2,3.02,1.96,1.28,0.61,0.14,0.0,100.0,0.0,100.0,0.0,0.0,0.0,0.0,0.0,0.0,0.0,0.0,0.0,0.0,0.0,0.0,0.0,0.0,0.0,0.0,0.0,0.0,0.0,0.0,0.0,0.0,0.0,0.0,0.0,0.0,0.0,0.0,0.0,0.0,0.0,0.0,0.0,0.0,0.0,0.0,0.0,0.0,0.0,0.0,0.0,0.0,0.0,0.0,0.0,0.0,0.0,0.0,0.0,0.0,0.0,0.0,0.0,0.0,0.0,0.0,0.0,0.0,0.0,0.0,0.0,0.0,0.0,0.0,0.0,0.0,0.0,0.0,0.0,0.0,0.0,0.0,0.0,0.0,0.0,0.0,0.0,0.0,0.0,0.0,0.0,0.0,0.0,0.0,7728.0,1105.0,4332.0,4501.0,431.0,473.0,504.0,550.0,505.0,525.0,568.0,624.0,727.0,574.0,622.0,618.0,626.0,496.0,371.0,267.0,173.0,113.0,54.0,12.0,0.0,8833.0,0.0,8833.0,92.7,95.37,93.87,92.26,99.41,98.44,98.39,97.93,95.82,92.93,68.34,78.26,99.17,93.05,0.0,93.05,0.0,0.0,0.0,0.0,0.0,0.0,0.0,0.0,0.0,0.0,0.0,0.0,0.0,0.0,0.0,0.0,40.0,49.0,41.0,0.0,41.0,94.46,109.68,96.25,0.0,96.25,137.41,270.68,150.0,0.0,150.0,0.0,0.0,0.0,0.0,0.0,0.0,0.0,0.0,0.0,0.0,0.0,0.0,0.0,0.0,0.0
3555901,0.0,0.0,0.0,0.0,0.0,0.0,0.0,0.0,0.0,1387.0,0.0,1387.0,0.0,0.0,0.0,0.0,0.0,0.0,0.0,0.0,0.0,0.0,0.0,0.0,0.0,0.0,0.0,0.0,0.0,0.0,0.0,0.0,0.0,0.0,0.0,0.0,0.0,0.0,0.0,0.0,0.0,0.0,83.99,16.01,50.04,49.96,6.13,5.91,6.13,4.97,5.91,5.41,5.41,7.5,7.57,6.06,6.13,8.15,7.64,6.27,5.48,2.16,1.73,0.79,0.58,0.07,0.0,100.0,0.0,100.0,0.0,0.0,0.0,0.0,0.0,0.0,0.0,0.0,0.0,0.0,0.0,0.0,0.0,0.0,0.0,0.0,0.0,0.0,0.0,0.0,0.0,0.0,0.0,0.0,0.0,0.0,0.0,0.0,0.0,0.0,0.0,0.0,0.0,0.0,0.0,0.0,0.0,0.0,0.0,0.0,0.0,0.0,0.0,0.0,0.0,0.0,0.0,0.0,0.0,0.0,0.0,0.0,0.0,0.0,0.0,0.0,0.0,0.0,0.0,0.0,0.0,0.0,0.0,0.0,0.0,0.0,0.0,0.0,0.0,0.0,0.0,0.0,0.0,0.0,0.0,0.0,0.0,0.0,0.0,0.0,0.0,0.0,0.0,0.0,1165.0,222.0,694.0,693.0,85.0,82.0,85.0,69.0,82.0,75.0,75.0,104.0,105.0,84.0,85.0,113.0,106.0,87.0,76.0,30.0,24.0,11.0,8.0,1.0,0.0,1387.0,0.0,1387.0,94.11,93.48,94.21,93.81,97.56,96.67,100.0,97.13,93.49,96.8,77.03,84.81,95.83,94.01,0.0,94.01,0.0,0.0,0.0,0.0,0.0,0.0,0.0,0.0,0.0,0.0,0.0,0.0,0.0,0.0,0.0,0.0,40.0,51.0,41.0,0.0,41.0,97.46,115.53,100.14,0.0,100.14,126.64,189.47,136.11,0.0,136.11,0.0,0.0,0.0,0.0,0.0,0.0,0.0,0.0,0.0,0.0,0.0,0.0,0.0,0.0,0.0
3556008,0.0,0.0,0.0,0.0,0.0,0.0,0.0,0.0,0.0,13744.0,0.0,13744.0,0.0,0.0,0.0,0.0,0.0,0.0,0.0,0.0,0.0,0.0,0.0,0.0,0.0,0.0,0.0,0.0,0.0,0.0,0.0,0.0,0.0,0.0,0.0,0.0,0.0,0.0,0.0,0.0,0.0,0.0,93.07,6.93,49.18,50.82,4.98,5.33,5.41,5.78,6.14,6.82,7.18,7.7,7.83,6.77,6.54,7.06,6.17,5.38,4.18,2.94,1.99,1.2,0.47,0.14,0.01,100.0,0.0,100.0,0.0,0.0,0.0,0.0,0.0,0.0,0.0,0.0,0.0,0.0,0.0,0.0,0.0,0.0,0.0,0.0,0.0,0.0,0.0,0.0,0.0,0.0,0.0,0.0,0.0,0.0,0.0,0.0,0.0,0.0,0.0,0.0,0.0,0.0,0.0,0.0,0.0,0.0,0.0,0.0,0.0,0.0,0.0,0.0,0.0,0.0,0.0,0.0,0.0,0.0,0.0,0.0,0.0,0.0,0.0,0.0,0.0,0.0,0.0,0.0,0.0,0.0,0.0,0.0,0.0,0.0,0.0,0.0,0.0,0.0,0.0,0.0,0.0,0.0,0.0,0.0,0.0,0.0,0.0,0.0,0.0,0.0,0.0,0.0,12792.0,952.0,6759.0,6985.0,684.0,732.0,744.0,794.0,844.0,937.0,987.0,1058.0,1076.0,931.0,899.0,970.0,848.0,739.0,575.0,404.0,273.0,165.0,64.0,19.0,1.0,13744.0,0.0,13744.0,95.39,93.67,95.42,95.13,98.82,98.44,99.15,97.61,96.28,94.94,78.73,87.1,98.77,95.27,0.0,95.27,0.0,0.0,0.0,0.0,0.0,0.0,0.0,0.0,0.0,0.0,0.0,0.0,0.0,0.0,0.0,0.0,40.0,46.0,40.0,0.0,40.0,95.39,117.35,96.76,0.0,96.76,139.01,204.62,142.96,0.0,142.96,0.0,0.0,0.0,0.0,0.0,0.0,0.0,0.0,0.0,0.0,0.0,0.0,0.0,0.0,0.0
3556107,0.0,0.0,0.0,0.0,0.0,0.0,0.0,0.0,0.0,14098.0,0.0,14098.0,0.0,0.0,0.0,0.0,0.0,0.0,0.0,0.0,0.0,0.0,0.0,0.0,0.0,0.0,0.0,0.0,0.0,0.0,0.0,0.0,0.0,0.0,0.0,0.0,0.0,0.0,0.0,0.0,0.0,0.0,91.84,8.16,49.83,50.17,6.31,6.52,5.92,6.28,6.77,7.57,7.92,8.37,8.4,6.84,6.28,5.61,5.26,4.37,2.96,2.35,1.37,0.6,0.21,0.09,0.0,100.0,0.0,100.0,0.0,0.0,0.0,0.0,0.0,0.0,0.0,0.0,0.0,0.0,0.0,0.0,0.0,0.0,0.0,0.0,0.0,0.0,0.0,0.0,0.0,0.0,0.0,0.0,0.0,0.0,0.0,0.0,0.0,0.0,0.0,0.0,0.0,0.0,0.0,0.0,0.0,0.0,0.0,0.0,0.0,0.0,0.0,0.0,0.0,0.0,0.0,0.0,0.0,0.0,0.0,0.0,0.0,0.0,0.0,0.0,0.0,0.0,0.0,0.0,0.0,0.0,0.0,0.0,0.0,0.0,0.0,0.0,0.0,0.0,0.0,0.0,0.0,0.0,0.0,0.0,0.0,0.0,0.0,0.0,0.0,0.0,0.0,0.0,12948.0,1150.0,7025.0,7073.0,890.0,919.0,835.0,886.0,955.0,1067.0,1116.0,1180.0,1184.0,965.0,885.0,791.0,742.0,616.0,417.0,331.0,193.0,85.0,29.0,12.0,0.0,14098.0,0.0,14098.0,95.84,97.01,96.46,95.43,99.06,98.81,99.08,98.31,96.65,95.11,78.46,85.5,98.82,95.94,0.0,95.94,0.0,0.0,0.0,0.0,0.0,0.0,0.0,0.0,0.0,0.0,0.0,0.0,0.0,0.0,0.0,0.0,36.0,39.0,36.0,0.0,36.0,98.22,112.57,99.32,0.0,99.32,89.84,113.15,91.72,0.0,91.72,0.0,0.0,0.0,0.0,0.0,0.0,0.0,0.0,0.0,0.0,0.0,0.0,0.0,0.0,0.0
3556206,100.0,0.0,100.0,5.0,0.0,5.0,0.0,0.0,0.0,126373.0,0.0,126373.0,100.0,0.0,100.0,100.0,0.0,100.0,100.0,0.0,100.0,2.0,0.0,2.0,7.0,0.0,7.0,5.0,0.0,5.0,3.5,0.0,3.5,2.5,0.0,2.5,0.0,0.0,0.0,71.43,0.0,71.43,96.48,3.52,48.68,51.32,4.93,5.68,5.68,5.78,6.2,6.71,7.48,8.43,8.72,7.77,7.35,6.94,5.76,4.49,3.31,2.16,1.45,0.73,0.34,0.09,0.01,100.0,0.0,100.0,20.0,80.0,60.0,40.0,0.0,0.0,0.0,20.0,20.0,0.0,0.0,0.0,0.0,0.0,0.0,20.0,0.0,0.0,20.0,20.0,0.0,0.0,0.0,0.0,0.0,100.0,0.0,100.0,1.0,4.0,3.0,2.0,0.0,0.0,0.0,1.0,1.0,0.0,0.0,0.0,0.0,0.0,0.0,1.0,0.0,0.0,1.0,1.0,0.0,0.0,0.0,0.0,0.0,5.0,0.0,5.0,0.0,0.09,0.0,0.0,0.0,0.0,0.0,0.01,0.01,0.0,0.0,0.0,0.0,0.0,0.0,0.01,0.0,0.0,0.02,0.04,0.0,0.0,0.0,0.0,0.0,0.0,0.0,0.0,121921.0,4452.0,61514.0,64859.0,6236.0,7174.0,7184.0,7303.0,7839.0,8481.0,9452.0,10649.0,11014.0,9814.0,9291.0,8776.0,7281.0,5671.0,4184.0,2728.0,1830.0,921.0,425.0,110.0,10.0,126373.0,0.0,126373.0,98.16,94.89,98.28,97.82,99.41,99.31,99.21,99.16,98.54,97.83,90.29,93.47,99.41,98.05,0.0,98.05,100.0,75.0,66.67,100.0,100.0,0.0,100.0,0.0,0.0,100.0,100.0,50.0,0.0,80.0,0.0,80.0,39.0,38.0,39.0,0.0,39.0,94.46,105.83,94.84,0.0,94.84,113.55,86.55,112.46,0.0,112.46,24.0,63.0,56.0,0.0,56.0,0.0,300.0,150.0,0.0,150.0,0.0,0.0,0.0,0.0,0.0
3556305,0.0,0.0,0.0,0.0,0.0,0.0,0.0,0.0,0.0,24241.0,0.0,24241.0,0.0,0.0,0.0,0.0,0.0,0.0,0.0,0.0,0.0,0.0,0.0,0.0,0.0,0.0,0.0,0.0,0.0,0.0,0.0,0.0,0.0,0.0,0.0,0.0,0.0,0.0,0.0,0.0,0.0,0.0,96.86,3.14,55.77,44.23,5.6,6.46,6.38,5.55,6.43,8.26,9.02,9.67,8.88,7.06,6.16,5.89,4.78,3.38,2.52,1.72,1.22,0.64,0.27,0.08,0.01,100.0,0.0,100.0,0.0,0.0,0.0,0.0,0.0,0.0,0.0,0.0,0.0,0.0,0.0,0.0,0.0,0.0,0.0,0.0,0.0,0.0,0.0,0.0,0.0,0.0,0.0,0.0,0.0,0.0,0.0,0.0,0.0,0.0,0.0,0.0,0.0,0.0,0.0,0.0,0.0,0.0,0.0,0.0,0.0,0.0,0.0,0.0,0.0,0.0,0.0,0.0,0.0,0.0,0.0,0.0,0.0,0.0,0.0,0.0,0.0,0.0,0.0,0.0,0.0,0.0,0.0,0.0,0.0,0.0,0.0,0.0,0.0,0.0,0.0,0.0,0.0,0.0,0.0,0.0,0.0,0.0,0.0,0.0,0.0,0.0,0.0,0.0,23479.0,762.0,13520.0,10721.0,1358.0,1565.0,1547.0,1346.0,1559.0,2003.0,2187.0,2344.0,2152.0,1712.0,1493.0,1429.0,1159.0,819.0,612.0,416.0,296.0,156.0,65.0,20.0,3.0,24241.0,0.0,24241.0,95.33,95.72,96.42,93.93,98.91,99.02,99.38,97.6,95.32,92.97,71.65,82.7,99.08,95.34,0.0,95.34,0.0,0.0,0.0,0.0,0.0,0.0,0.0,0.0,0.0,0.0,0.0,0.0,0.0,0.0,0.0,0.0,36.0,36.0,36.0,0.0,36.0,126.33,119.6,126.11,0.0,126.11,78.94,90.26,79.33,0.0,79.33,0.0,0.0,0.0,0.0,0.0,0.0,0.0,0.0,0.0,0.0,0.0,0.0,0.0,0.0,0.0
3556354,0.0,0.0,0.0,0.0,0.0,0.0,0.0,0.0,0.0,10512.0,0.0,10512.0,0.0,0.0,0.0,0.0,0.0,0.0,0.0,0.0,0.0,0.0,0.0,0.0,0.0,0.0,0.0,0.0,0.0,0.0,0.0,0.0,0.0,0.0,0.0,0.0,0.0,0.0,0.0,0.0,0.0,0.0,64.35,35.65,51.04,48.96,6.54,6.76,6.4,5.89,7.28,7.82,7.43,7.49,7.71,6.69,6.39,5.55,5.23,4.4,3.81,2.33,1.35,0.55,0.31,0.06,0.0,100.0,0.0,100.0,0.0,0.0,0.0,0.0,0.0,0.0,0.0,0.0,0.0,0.0,0.0,0.0,0.0,0.0,0.0,0.0,0.0,0.0,0.0,0.0,0.0,0.0,0.0,0.0,0.0,0.0,0.0,0.0,0.0,0.0,0.0,0.0,0.0,0.0,0.0,0.0,0.0,0.0,0.0,0.0,0.0,0.0,0.0,0.0,0.0,0.0,0.0,0.0,0.0,0.0,0.0,0.0,0.0,0.0,0.0,0.0,0.0,0.0,0.0,0.0,0.0,0.0,0.0,0.0,0.0,0.0,0.0,0.0,0.0,0.0,0.0,0.0,0.0,0.0,0.0,0.0,0.0,0.0,0.0,0.0,0.0,0.0,0.0,0.0,6764.0,3748.0,5365.0,5147.0,687.0,711.0,673.0,619.0,765.0,822.0,781.0,787.0,811.0,703.0,672.0,583.0,550.0,463.0,401.0,245.0,142.0,58.0,33.0,6.0,0.0,10512.0,0.0,10512.0,95.34,94.5,95.77,94.28,98.82,98.94,98.67,97.87,95.35,93.91,78.51,83.9,98.35,95.04,0.0,95.04,0.0,0.0,0.0,0.0,0.0,0.0,0.0,0.0,0.0,0.0,0.0,0.0,0.0,0.0,0.0,0.0,34.0,39.0,36.0,0.0,36.0,100.77,110.8,104.24,0.0,104.24,81.44,111.99,91.65,0.0,91.65,0.0,0.0,0.0,0.0,0.0,0.0,0.0,0.0,0.0,0.0,0.0,0.0,0.0,0.0,0.0
3556404,0.0,0.0,0.0,0.0,0.0,0.0,0.0,0.0,0.0,40133.0,0.0,40133.0,0.0,0.0,0.0,0.0,0.0,0.0,0.0,0.0,0.0,0.0,0.0,0.0,0.0,0.0,0.0,0.0,0.0,0.0,0.0,0.0,0.0,0.0,0.0,0.0,0.0,0.0,0.0,0.0,0.0,0.0,95.57,4.43,49.17,50.83,5.79,6.05,6.09,6.74,6.95,7.1,7.24,7.76,7.72,6.64,6.65,6.52,5.75,4.67,3.43,2.34,1.5,0.7,0.28,0.07,0.01,100.0,0.0,100.0,0.0,0.0,0.0,0.0,0.0,0.0,0.0,0.0,0.0,0.0,0.0,0.0,0.0,0.0,0.0,0.0,0.0,0.0,0.0,0.0,0.0,0.0,0.0,0.0,0.0,0.0,0.0,0.0,0.0,0.0,0.0,0.0,0.0,0.0,0.0,0.0,0.0,0.0,0.0,0.0,0.0,0.0,0.0,0.0,0.0,0.0,0.0,0.0,0.0,0.0,0.0,0.0,0.0,0.0,0.0,0.0,0.0,0.0,0.0,0.0,0.0,0.0,0.0,0.0,0.0,0.0,0.0,0.0,0.0,0.0,0.0,0.0,0.0,0.0,0.0,0.0,0.0,0.0,0.0,0.0,0.0,0.0,0.0,0.0,38354.0,1779.0,19734.0,20399.0,2324.0,2427.0,2445.0,2706.0,2788.0,2851.0,2906.0,3114.0,3098.0,2665.0,2669.0,2615.0,2306.0,1875.0,1377.0,941.0,602.0,280.0,111.0,29.0,4.0,40133.0,0.0,40133.0,95.67,95.09,95.67,95.61,98.85,98.58,98.68,97.12,96.12,95.1,81.44,87.33,98.85,95.64,0.0,95.64,0.0,0.0,0.0,0.0,0.0,0.0,0.0,0.0,0.0,0.0,0.0,0.0,0.0,0.0,0.0,0.0,37.0,37.0,37.0,0.0,37.0,95.84,118.28,96.74,0.0,96.74,105.13,93.79,104.57,0.0,104.57,0.0,0.0,0.0,0.0,0.0,0.0,0.0,0.0,0.0,0.0,0.0,0.0,0.0,0.0,0.0
3556453,0.0,0.0,0.0,0.0,0.0,0.0,0.0,0.0,0.0,50415.0,0.0,50415.0,0.0,0.0,0.0,0.0,0.0,0.0,0.0,0.0,0.0,0.0,0.0,0.0,0.0,0.0,0.0,0.0,0.0,0.0,0.0,0.0,0.0,0.0,0.0,0.0,0.0,0.0,0.0,0.0,0.0,0.0,98.91,1.09,48.85,51.15,6.03,7.0,6.95,6.81,7.18,6.81,7.29,8.24,8.71,7.45,6.51,5.74,5.11,3.83,2.85,1.68,1.05,0.53,0.2,0.03,0.0,100.0,0.0,100.0,0.0,0.0,0.0,0.0,0.0,0.0,0.0,0.0,0.0,0.0,0.0,0.0,0.0,0.0,0.0,0.0,0.0,0.0,0.0,0.0,0.0,0.0,0.0,0.0,0.0,0.0,0.0,0.0,0.0,0.0,0.0,0.0,0.0,0.0,0.0,0.0,0.0,0.0,0.0,0.0,0.0,0.0,0.0,0.0,0.0,0.0,0.0,0.0,0.0,0.0,0.0,0.0,0.0,0.0,0.0,0.0,0.0,0.0,0.0,0.0,0.0,0.0,0.0,0.0,0.0,0.0,0.0,0.0,0.0,0.0,0.0,0.0,0.0,0.0,0.0,0.0,0.0,0.0,0.0,0.0,0.0,0.0,0.0,0.0,49865.0,550.0,24626.0,25789.0,3040.0,3531.0,3503.0,3435.0,3618.0,3431.0,3676.0,4153.0,4390.0,3756.0,3284.0,2894.0,2577.0,1931.0,1435.0,845.0,530.0,267.0,100.0,17.0,2.0,50415.0,0.0,50415.0,96.8,94.8,96.95,96.61,99.2,98.87,99.16,98.79,97.5,94.99,82.17,88.18,98.86,96.77,0.0,96.77,0.0,0.0,0.0,0.0,0.0,0.0,0.0,0.0,0.0,0.0,0.0,0.0,0.0,0.0,0.0,0.0,36.0,36.0,36.0,0.0,36.0,95.38,105.99,95.49,0.0,95.49,76.49,75.0,76.47,0.0,76.47,0.0,0.0,0.0,0.0,0.0,0.0,0.0,0.0,0.0,0.0,0.0,0.0,0.0,0.0,0.0
3556503,100.0,0.0,100.0,4.0,0.0,4.0,0.0,0.0,0.0,115771.0,0.0,115771.0,100.0,0.0,100.0,100.0,0.0,100.0,100.0,0.0,100.0,4.0,0.0,4.0,8.0,0.0,8.0,4.0,0.0,4.0,2.0,0.0,2.0,1.0,0.0,1.0,0.01,0.0,0.01,50.0,0.0,50.0,99.71,0.29,49.52,50.48,6.07,6.79,6.58,6.7,7.71,8.14,8.31,8.67,8.09,6.71,6.53,5.6,4.93,3.83,2.49,1.41,0.82,0.4,0.17,0.03,0.01,100.0,0.0,100.0,100.0,0.0,0.0,100.0,0.0,0.0,0.0,0.0,0.0,0.0,25.0,0.0,0.0,0.0,25.0,0.0,50.0,0.0,0.0,0.0,0.0,0.0,0.0,0.0,0.0,100.0,0.0,100.0,4.0,0.0,0.0,4.0,0.0,0.0,0.0,0.0,0.0,0.0,1.0,0.0,0.0,0.0,1.0,0.0,2.0,0.0,0.0,0.0,0.0,0.0,0.0,0.0,0.0,4.0,0.0,4.0,0.0,0.0,0.0,0.01,0.0,0.0,0.0,0.0,0.0,0.0,0.01,0.0,0.0,0.0,0.01,0.0,0.04,0.0,0.0,0.0,0.0,0.0,0.0,0.0,0.0,0.0,0.0,0.0,115437.0,334.0,57334.0,58437.0,7032.0,7866.0,7619.0,7757.0,8924.0,9427.0,9626.0,10032.0,9366.0,7767.0,7557.0,6483.0,5707.0,4431.0,2879.0,1638.0,953.0,467.0,194.0,40.0,6.0,115771.0,0.0,115771.0,96.54,92.25,96.99,96.08,99.2,99.08,99.22,98.44,97.0,95.3,74.08,84.94,99.3,96.53,0.0,96.53,100.0,0.0,0.0,100.0,0.0,100.0,0.0,0.0,100.0,100.0,0.0,0.0,0.0,100.0,0.0,100.0,34.0,35.0,34.0,0.0,34.0,98.06,118.3,98.11,0.0,98.11,72.43,80.95,72.46,0.0,72.46,58.0,0.0,58.0,0.0,58.0,0.0,0.0,0.0,0.0,0.0,0.0,0.0,0.0,0.0,0.0
3556602,0.0,0.0,0.0,0.0,0.0,0.0,0.0,0.0,0.0,10176.0,0.0,10176.0,0.0,0.0,0.0,0.0,0.0,0.0,0.0,0.0,0.0,0.0,0.0,0.0,0.0,0.0,0.0,0.0,0.0,0.0,0.0,0.0,0.0,0.0,0.0,0.0,0.0,0.0,0.0,0.0,0.0,0.0,88.34,11.66,48.84,51.16,5.18,5.87,5.6,6.0,6.86,6.25,6.35,6.66,6.81,7.47,7.19,7.02,5.94,5.3,4.14,3.44,1.99,1.28,0.51,0.13,0.03,100.0,0.0,100.0,0.0,0.0,0.0,0.0,0.0,0.0,0.0,0.0,0.0,0.0,0.0,0.0,0.0,0.0,0.0,0.0,0.0,0.0,0.0,0.0,0.0,0.0,0.0,0.0,0.0,0.0,0.0,0.0,0.0,0.0,0.0,0.0,0.0,0.0,0.0,0.0,0.0,0.0,0.0,0.0,0.0,0.0,0.0,0.0,0.0,0.0,0.0,0.0,0.0,0.0,0.0,0.0,0.0,0.0,0.0,0.0,0.0,0.0,0.0,0.0,0.0,0.0,0.0,0.0,0.0,0.0,0.0,0.0,0.0,0.0,0.0,0.0,0.0,0.0,0.0,0.0,0.0,0.0,0.0,0.0,0.0,0.0,0.0,0.0,8989.0,1187.0,4970.0,5206.0,527.0,597.0,570.0,611.0,698.0,636.0,646.0,678.0,693.0,760.0,732.0,714.0,604.0,539.0,421.0,350.0,202.0,130.0,52.0,13.0,3.0,10176.0,0.0,10176.0,95.85,96.58,96.55,95.36,99.14,98.67,99.44,98.76,97.86,95.52,81.33,87.6,100.0,95.93,0.0,95.93,0.0,0.0,0.0,0.0,0.0,0.0,0.0,0.0,0.0,0.0,0.0,0.0,0.0,0.0,0.0,0.0,40.0,40.0,40.0,0.0,40.0,93.69,110.09,95.47,0.0,95.47,142.08,100.45,136.6,0.0,136.6,0.0,0.0,0.0,0.0,0.0,0.0,0.0,0.0,0.0,0.0,0.0,0.0,0.0,0.0,0.0
3556701,0.0,0.0,0.0,0.0,0.0,0.0,0.0,0.0,0.0,76540.0,0.0,76540.0,0.0,0.0,0.0,0.0,0.0,0.0,0.0,0.0,0.0,0.0,0.0,0.0,0.0,0.0,0.0,0.0,0.0,0.0,0.0,0.0,0.0,0.0,0.0,0.0,0.0,0.0,0.0,0.0,0.0,0.0,98.72,1.28,48.62,51.38,5.24,6.34,6.08,6.04,6.71,6.82,7.15,8.48,9.02,7.54,6.64,6.08,5.46,4.31,3.28,2.22,1.34,0.76,0.38,0.08,0.01,100.0,0.0,100.0,0.0,0.0,0.0,0.0,0.0,0.0,0.0,0.0,0.0,0.0,0.0,0.0,0.0,0.0,0.0,0.0,0.0,0.0,0.0,0.0,0.0,0.0,0.0,0.0,0.0,0.0,0.0,0.0,0.0,0.0,0.0,0.0,0.0,0.0,0.0,0.0,0.0,0.0,0.0,0.0,0.0,0.0,0.0,0.0,0.0,0.0,0.0,0.0,0.0,0.0,0.0,0.0,0.0,0.0,0.0,0.0,0.0,0.0,0.0,0.0,0.0,0.0,0.0,0.0,0.0,0.0,0.0,0.0,0.0,0.0,0.0,0.0,0.0,0.0,0.0,0.0,0.0,0.0,0.0,0.0,0.0,0.0,0.0,0.0,75558.0,982.0,37217.0,39323.0,4014.0,4855.0,4657.0,4622.0,5136.0,5222.0,5475.0,6489.0,6906.0,5769.0,5082.0,4655.0,4178.0,3302.0,2513.0,1697.0,1024.0,584.0,291.0,61.0,8.0,76540.0,0.0,76540.0,98.05,94.65,98.21,97.82,99.44,99.59,99.34,99.07,98.4,97.4,89.93,93.39,99.63,98.01,0.0,98.01,0.0,0.0,0.0,0.0,0.0,0.0,0.0,0.0,0.0,0.0,0.0,0.0,0.0,0.0,0.0,0.0,38.0,39.0,38.0,0.0,38.0,94.51,105.87,94.64,0.0,94.64,100.91,106.15,100.98,0.0,100.98,0.0,0.0,0.0,0.0,0.0,0.0,0.0,0.0,0.0,0.0,0.0,0.0,0.0,0.0,0.0
3556800,0.0,0.0,0.0,0.0,0.0,0.0,0.0,0.0,0.0,17414.0,0.0,17414.0,0.0,0.0,0.0,0.0,0.0,0.0,0.0,0.0,0.0,0.0,0.0,0.0,0.0,0.0,0.0,0.0,0.0,0.0,0.0,0.0,0.0,0.0,0.0,0.0,0.0,0.0,0.0,0.0,0.0,0.0,97.24,2.76,49.36,50.64,6.09,6.11,6.53,6.69,7.04,7.57,7.66,8.46,7.52,6.78,6.0,5.85,5.29,4.26,3.41,2.27,1.37,0.69,0.36,0.05,0.02,100.0,0.0,100.0,0.0,0.0,0.0,0.0,0.0,0.0,0.0,0.0,0.0,0.0,0.0,0.0,0.0,0.0,0.0,0.0,0.0,0.0,0.0,0.0,0.0,0.0,0.0,0.0,0.0,0.0,0.0,0.0,0.0,0.0,0.0,0.0,0.0,0.0,0.0,0.0,0.0,0.0,0.0,0.0,0.0,0.0,0.0,0.0,0.0,0.0,0.0,0.0,0.0,0.0,0.0,0.0,0.0,0.0,0.0,0.0,0.0,0.0,0.0,0.0,0.0,0.0,0.0,0.0,0.0,0.0,0.0,0.0,0.0,0.0,0.0,0.0,0.0,0.0,0.0,0.0,0.0,0.0,0.0,0.0,0.0,0.0,0.0,0.0,16934.0,480.0,8596.0,8818.0,1061.0,1064.0,1137.0,1165.0,1226.0,1318.0,1334.0,1473.0,1309.0,1180.0,1045.0,1018.0,922.0,741.0,593.0,396.0,238.0,120.0,63.0,8.0,3.0,17414.0,0.0,17414.0,95.75,94.46,95.98,95.47,99.1,99.02,99.14,97.38,95.73,94.43,80.92,86.77,99.79,95.72,0.0,95.72,0.0,0.0,0.0,0.0,0.0,0.0,0.0,0.0,0.0,0.0,0.0,0.0,0.0,0.0,0.0,0.0,36.0,43.0,36.0,0.0,36.0,97.07,113.33,97.48,0.0,97.48,93.68,127.71,94.54,0.0,94.54,0.0,0.0,0.0,0.0,0.0,0.0,0.0,0.0,0.0,0.0,0.0,0.0,0.0,0.0,0.0
3556909,0.0,0.0,0.0,0.0,0.0,0.0,0.0,0.0,0.0,8109.0,0.0,8109.0,0.0,0.0,0.0,0.0,0.0,0.0,0.0,0.0,0.0,0.0,0.0,0.0,0.0,0.0,0.0,0.0,0.0,0.0,0.0,0.0,0.0,0.0,0.0,0.0,0.0,0.0,0.0,0.0,0.0,0.0,94.5,5.5,50.66,49.34,6.75,7.1,6.28,7.07,7.71,8.19,8.18,8.42,8.47,6.47,6.04,5.18,4.21,3.47,2.55,1.8,1.32,0.6,0.16,0.04,0.0,100.0,0.0,100.0,0.0,0.0,0.0,0.0,0.0,0.0,0.0,0.0,0.0,0.0,0.0,0.0,0.0,0.0,0.0,0.0,0.0,0.0,0.0,0.0,0.0,0.0,0.0,0.0,0.0,0.0,0.0,0.0,0.0,0.0,0.0,0.0,0.0,0.0,0.0,0.0,0.0,0.0,0.0,0.0,0.0,0.0,0.0,0.0,0.0,0.0,0.0,0.0,0.0,0.0,0.0,0.0,0.0,0.0,0.0,0.0,0.0,0.0,0.0,0.0,0.0,0.0,0.0,0.0,0.0,0.0,0.0,0.0,0.0,0.0,0.0,0.0,0.0,0.0,0.0,0.0,0.0,0.0,0.0,0.0,0.0,0.0,0.0,0.0,7663.0,446.0,4108.0,4001.0,547.0,576.0,509.0,573.0,625.0,664.0,663.0,683.0,687.0,525.0,490.0,420.0,341.0,281.0,207.0,146.0,107.0,49.0,13.0,3.0,0.0,8109.0,0.0,8109.0,93.0,96.11,93.47,92.88,99.04,98.49,99.15,95.69,92.02,86.73,71.7,78.66,100.0,93.18,0.0,93.18,0.0,0.0,0.0,0.0,0.0,0.0,0.0,0.0,0.0,0.0,0.0,0.0,0.0,0.0,0.0,0.0,33.0,40.0,34.0,0.0,34.0,102.19,111.37,102.67,0.0,102.67,68.95,94.19,70.28,0.0,70.28,0.0,0.0,0.0,0.0,0.0,0.0,0.0,0.0,0.0,0.0,0.0,0.0,0.0,0.0,0.0
3556958,0.0,0.0,0.0,0.0,0.0,0.0,0.0,0.0,0.0,1794.0,0.0,1794.0,0.0,0.0,0.0,0.0,0.0,0.0,0.0,0.0,0.0,0.0,0.0,0.0,0.0,0.0,0.0,0.0,0.0,0.0,0.0,0.0,0.0,0.0,0.0,0.0,0.0,0.0,0.0,0.0,0.0,0.0,84.34,15.66,51.23,48.77,5.07,4.63,7.25,6.24,7.47,5.69,5.35,7.69,8.31,7.75,7.8,7.02,5.63,4.91,3.79,2.4,1.73,1.11,0.11,0.06,0.0,100.0,0.0,100.0,0.0,0.0,0.0,0.0,0.0,0.0,0.0,0.0,0.0,0.0,0.0,0.0,0.0,0.0,0.0,0.0,0.0,0.0,0.0,0.0,0.0,0.0,0.0,0.0,0.0,0.0,0.0,0.0,0.0,0.0,0.0,0.0,0.0,0.0,0.0,0.0,0.0,0.0,0.0,0.0,0.0,0.0,0.0,0.0,0.0,0.0,0.0,0.0,0.0,0.0,0.0,0.0,0.0,0.0,0.0,0.0,0.0,0.0,0.0,0.0,0.0,0.0,0.0,0.0,0.0,0.0,0.0,0.0,0.0,0.0,0.0,0.0,0.0,0.0,0.0,0.0,0.0,0.0,0.0,0.0,0.0,0.0,0.0,0.0,1513.0,281.0,919.0,875.0,91.0,83.0,130.0,112.0,134.0,102.0,96.0,138.0,149.0,139.0,140.0,126.0,101.0,88.0,68.0,43.0,31.0,20.0,2.0,1.0,0.0,1794.0,0.0,1794.0,90.62,96.3,91.91,91.17,97.76,98.99,98.72,97.56,94.62,89.87,53.61,70.36,100.0,91.54,0.0,91.54,0.0,0.0,0.0,0.0,0.0,0.0,0.0,0.0,0.0,0.0,0.0,0.0,0.0,0.0,0.0,0.0,39.0,46.0,40.0,0.0,40.0,101.46,126.61,105.03,0.0,105.03,107.89,176.32,116.45,0.0,116.45,0.0,0.0,0.0,0.0,0.0,0.0,0.0,0.0,0.0,0.0,0.0,0.0,0.0,0.0,0.0
3557006,100.0,0.0,100.0,1.0,0.0,1.0,0.0,0.0,0.0,127923.0,0.0,127923.0,100.0,0.0,100.0,100.0,0.0,100.0,100.0,0.0,100.0,1.0,0.0,1.0,5.0,0.0,5.0,1.0,0.0,1.0,5.0,0.0,5.0,1.0,0.0,1.0,0.0,0.0,0.0,20.0,0.0,20.0,97.73,2.27,48.73,51.27,6.11,6.59,6.45,6.74,7.65,7.8,8.08,8.49,8.48,6.97,6.13,5.63,4.96,3.81,2.75,1.74,0.98,0.44,0.15,0.04,0.01,100.0,0.0,100.0,100.0,0.0,100.0,0.0,0.0,0.0,0.0,0.0,0.0,0.0,0.0,0.0,0.0,0.0,0.0,0.0,100.0,0.0,0.0,0.0,0.0,0.0,0.0,0.0,0.0,100.0,0.0,100.0,1.0,0.0,1.0,0.0,0.0,0.0,0.0,0.0,0.0,0.0,0.0,0.0,0.0,0.0,0.0,0.0,1.0,0.0,0.0,0.0,0.0,0.0,0.0,0.0,0.0,1.0,0.0,1.0,0.0,0.0,0.0,0.0,0.0,0.0,0.0,0.0,0.0,0.0,0.0,0.0,0.0,0.0,0.0,0.0,0.02,0.0,0.0,0.0,0.0,0.0,0.0,0.0,0.0,0.0,0.0,0.0,125021.0,2902.0,62341.0,65582.0,7817.0,8427.0,8252.0,8626.0,9792.0,9980.0,10332.0,10855.0,10842.0,8913.0,7840.0,7198.0,6347.0,4874.0,3522.0,2226.0,1256.0,566.0,194.0,51.0,13.0,127923.0,0.0,127923.0,97.65,97.52,98.04,97.29,99.26,99.14,98.91,99.05,98.13,96.73,85.81,91.13,98.96,97.65,0.0,97.65,100.0,0.0,100.0,0.0,0.0,0.0,0.0,0.0,0.0,100.0,0.0,0.0,0.0,100.0,0.0,100.0,35.0,31.0,35.0,0.0,35.0,95.76,68.92,95.06,0.0,95.06,78.31,52.68,77.76,0.0,77.76,62.0,0.0,62.0,0.0,62.0,0.0,0.0,0.0,0.0,0.0,0.0,0.0,0.0,0.0,0.0
3557105,0.0,0.0,0.0,0.0,0.0,0.0,0.0,0.0,0.0,96634.0,0.0,96634.0,0.0,0.0,0.0,0.0,0.0,0.0,0.0,0.0,0.0,0.0,0.0,0.0,0.0,0.0,0.0,0.0,0.0,0.0,0.0,0.0,0.0,0.0,0.0,0.0,0.0,0.0,0.0,0.0,0.0,0.0,97.15,2.85,48.2,51.8,5.5,5.67,5.54,5.57,6.79,7.32,7.94,7.97,7.91,6.84,6.69,6.39,5.88,4.77,3.69,2.52,1.75,0.84,0.34,0.09,0.01,100.0,0.0,100.0,0.0,0.0,0.0,0.0,0.0,0.0,0.0,0.0,0.0,0.0,0.0,0.0,0.0,0.0,0.0,0.0,0.0,0.0,0.0,0.0,0.0,0.0,0.0,0.0,0.0,0.0,0.0,0.0,0.0,0.0,0.0,0.0,0.0,0.0,0.0,0.0,0.0,0.0,0.0,0.0,0.0,0.0,0.0,0.0,0.0,0.0,0.0,0.0,0.0,0.0,0.0,0.0,0.0,0.0,0.0,0.0,0.0,0.0,0.0,0.0,0.0,0.0,0.0,0.0,0.0,0.0,0.0,0.0,0.0,0.0,0.0,0.0,0.0,0.0,0.0,0.0,0.0,0.0,0.0,0.0,0.0,0.0,0.0,0.0,93876.0,2758.0,46579.0,50055.0,5314.0,5480.0,5349.0,5381.0,6561.0,7070.0,7675.0,7701.0,7642.0,6611.0,6460.0,6173.0,5686.0,4607.0,3563.0,2438.0,1692.0,807.0,327.0,84.0,13.0,96634.0,0.0,96634.0,96.76,94.64,97.2,96.24,99.38,99.19,99.31,98.61,97.55,96.72,82.17,88.66,99.09,96.7,0.0,96.7,0.0,0.0,0.0,0.0,0.0,0.0,0.0,0.0,0.0,0.0,0.0,0.0,0.0,0.0,0.0,0.0,38.0,43.0,38.0,0.0,38.0,92.45,116.14,93.06,0.0,93.06,118.19,150.47,119.04,0.0,119.04,0.0,0.0,0.0,0.0,0.0,0.0,0.0,0.0,0.0,0.0,0.0,0.0,0.0,0.0,0.0
3557154,0.0,0.0,0.0,0.0,0.0,0.0,0.0,0.0,0.0,2692.0,0.0,2692.0,0.0,0.0,0.0,0.0,0.0,0.0,0.0,0.0,0.0,0.0,0.0,0.0,0.0,0.0,0.0,0.0,0.0,0.0,0.0,0.0,0.0,0.0,0.0,0.0,0.0,0.0,0.0,0.0,0.0,0.0,81.35,18.65,49.78,50.22,5.27,6.24,7.32,5.5,6.46,5.01,6.58,7.32,7.76,6.39,6.8,7.58,6.46,5.31,4.01,2.71,1.63,1.34,0.22,0.07,0.0,100.0,0.0,100.0,0.0,0.0,0.0,0.0,0.0,0.0,0.0,0.0,0.0,0.0,0.0,0.0,0.0,0.0,0.0,0.0,0.0,0.0,0.0,0.0,0.0,0.0,0.0,0.0,0.0,0.0,0.0,0.0,0.0,0.0,0.0,0.0,0.0,0.0,0.0,0.0,0.0,0.0,0.0,0.0,0.0,0.0,0.0,0.0,0.0,0.0,0.0,0.0,0.0,0.0,0.0,0.0,0.0,0.0,0.0,0.0,0.0,0.0,0.0,0.0,0.0,0.0,0.0,0.0,0.0,0.0,0.0,0.0,0.0,0.0,0.0,0.0,0.0,0.0,0.0,0.0,0.0,0.0,0.0,0.0,0.0,0.0,0.0,0.0,2190.0,502.0,1340.0,1352.0,142.0,168.0,197.0,148.0,174.0,135.0,177.0,197.0,209.0,172.0,183.0,204.0,174.0,143.0,108.0,73.0,44.0,36.0,6.0,2.0,0.0,2692.0,0.0,2692.0,92.89,96.36,94.01,93.1,98.85,99.04,97.85,97.78,94.93,93.92,68.32,80.1,96.36,93.55,0.0,93.55,0.0,0.0,0.0,0.0,0.0,0.0,0.0,0.0,0.0,0.0,0.0,0.0,0.0,0.0,0.0,0.0,40.0,40.0,40.0,0.0,40.0,94.84,120.18,99.11,0.0,99.11,117.27,107.78,115.58,0.0,115.58,0.0,0.0,0.0,0.0,0.0,0.0,0.0,0.0,0.0,0.0,0.0,0.0,0.0,0.0,0.0
3557204,0.0,0.0,0.0,0.0,0.0,0.0,0.0,0.0,0.0,12211.0,0.0,12211.0,0.0,0.0,0.0,0.0,0.0,0.0,0.0,0.0,0.0,0.0,0.0,0.0,0.0,0.0,0.0,0.0,0.0,0.0,0.0,0.0,0.0,0.0,0.0,0.0,0.0,0.0,0.0,0.0,0.0,0.0,96.97,3.03,48.63,51.37,5.88,6.79,6.72,6.58,6.97,7.03,6.43,6.92,7.58,6.81,6.87,6.38,5.58,4.79,3.69,2.42,1.4,0.84,0.26,0.07,0.01,100.0,0.0,100.0,0.0,0.0,0.0,0.0,0.0,0.0,0.0,0.0,0.0,0.0,0.0,0.0,0.0,0.0,0.0,0.0,0.0,0.0,0.0,0.0,0.0,0.0,0.0,0.0,0.0,0.0,0.0,0.0,0.0,0.0,0.0,0.0,0.0,0.0,0.0,0.0,0.0,0.0,0.0,0.0,0.0,0.0,0.0,0.0,0.0,0.0,0.0,0.0,0.0,0.0,0.0,0.0,0.0,0.0,0.0,0.0,0.0,0.0,0.0,0.0,0.0,0.0,0.0,0.0,0.0,0.0,0.0,0.0,0.0,0.0,0.0,0.0,0.0,0.0,0.0,0.0,0.0,0.0,0.0,0.0,0.0,0.0,0.0,0.0,11841.0,370.0,5938.0,6273.0,718.0,829.0,820.0,803.0,851.0,858.0,785.0,845.0,925.0,832.0,839.0,779.0,681.0,585.0,451.0,295.0,171.0,102.0,32.0,9.0,1.0,12211.0,0.0,12211.0,94.66,93.38,96.23,93.11,98.71,99.09,98.78,97.74,95.27,92.81,77.87,83.72,98.08,94.62,0.0,94.62,0.0,0.0,0.0,0.0,0.0,0.0,0.0,0.0,0.0,0.0,0.0,0.0,0.0,0.0,0.0,0.0,37.0,36.0,37.0,0.0,37.0,94.31,106.7,94.66,0.0,94.66,98.87,79.41,98.31,0.0,98.31,0.0,0.0,0.0,0.0,0.0,0.0,0.0,0.0,0.0,0.0,0.0,0.0,0.0,0.0,0.0
3557303,0.0,0.0,0.0,0.0,0.0,0.0,0.0,0.0,0.0,11295.0,0.0,11295.0,0.0,0.0,0.0,0.0,0.0,0.0,0.0,0.0,0.0,0.0,0.0,0.0,0.0,0.0,0.0,0.0,0.0,0.0,0.0,0.0,0.0,0.0,0.0,0.0,0.0,0.0,0.0,0.0,0.0,0.0,92.67,7.33,50.0,50.0,6.29,6.39,6.24,6.51,6.99,6.88,7.92,8.92,7.8,6.75,6.66,6.28,5.47,4.31,3.07,1.7,1.05,0.53,0.14,0.08,0.02,100.0,0.0,100.0,0.0,0.0,0.0,0.0,0.0,0.0,0.0,0.0,0.0,0.0,0.0,0.0,0.0,0.0,0.0,0.0,0.0,0.0,0.0,0.0,0.0,0.0,0.0,0.0,0.0,0.0,0.0,0.0,0.0,0.0,0.0,0.0,0.0,0.0,0.0,0.0,0.0,0.0,0.0,0.0,0.0,0.0,0.0,0.0,0.0,0.0,0.0,0.0,0.0,0.0,0.0,0.0,0.0,0.0,0.0,0.0,0.0,0.0,0.0,0.0,0.0,0.0,0.0,0.0,0.0,0.0,0.0,0.0,0.0,0.0,0.0,0.0,0.0,0.0,0.0,0.0,0.0,0.0,0.0,0.0,0.0,0.0,0.0,0.0,10467.0,828.0,5647.0,5648.0,711.0,722.0,705.0,735.0,789.0,777.0,895.0,1007.0,881.0,762.0,752.0,709.0,618.0,487.0,347.0,192.0,119.0,60.0,16.0,9.0,2.0,11295.0,0.0,11295.0,96.65,92.8,96.95,95.78,98.73,99.04,99.11,98.62,97.16,95.1,73.12,86.36,99.65,96.36,0.0,96.36,0.0,0.0,0.0,0.0,0.0,0.0,0.0,0.0,0.0,0.0,0.0,0.0,0.0,0.0,0.0,0.0,36.0,38.0,36.0,0.0,36.0,97.9,130.64,99.98,0.0,99.98,84.73,110.88,86.53,0.0,86.53,0.0,0.0,0.0,0.0,0.0,0.0,0.0,0.0,0.0,0.0,0.0,0.0,0.0,0.0,0.0
