CD_MUN,V15000001,V15000002,V15000003,V15000004,V15000005,V15000006,V15000007,V15000008,V15000009,V15000010,V15000011,V15000012,V15000013,V15000014,V15000015,V15000016,V15000017,V15000018,V15000019,V15000020,V15000021,V15000022,V15000023,V15000024,V15000025,V15000026,V15000027,V15000028,V15000029,V15000030,V15000031,V15000032,V15000033,V15000034,V15000035,V15000036,V15000037,V15000038,V15000039,V15000040,V15000041,V15000042,V15000043,V15000044,V15000045,V15000046,V15000047,V15000048,V15000049,V15000050,V15000051,V15000052,V15000053,V15000054,V15000055,V15000056,V15000057,V15000058,V15000059,V15000060,V15000061,V15000062,V15000063,V15000064,V15000065,V15000066,V15000067,V15000068,V15000069,V15000070,V15000071,V15000072,V15000073,V15000074,V15000075,V15000076,V15000077,V15000078,V15000079,V15000080,V15000081,V15000082,V15000083,V15000084,V15000085,V15000086,V15000087,V15000088,V15000089,V15000090,V15000091,V15000092,V15000093,V15000094,V15000095,V15000096,V15000097,V15000098,V15000099,V15000100,V15000101,V15000102,V15000103,V15000104,V15000105,V15000106,V15000107,V15000108,V15000109,V15000110,V15000111,V15000112,V15000113,V15000114,V15000115,V15000116,V15000117,V15000118,V15000119,V15000120,V15000121,V15000122,V15000123,V15000124,V15000125,V15000126,V15000127,V15000128,V15000129,V15000130,V15000131,V15000132,V15000133,V15000134,V15000135,V15000136,V15000137,V15000138,V15000139,V15000140,V15000141,V15000142,V15000143,V15000144,V15000145,V15000146,V15000147,V15000148,V15000149,V15000150,V15000151,V15000152,V15000153,V15000154,V15000155,V15000156,V15000157,V15000158,V15000159,V15000160,V15000161
3500105,0.0,1.53,4.83,3.4,0.16,69.33,0.0,3.32,17.43,47.82,52.18,5.66,6.14,7.02,7.18,4.39,16.71,15.93,15.71,13.24,8.01,100.0,0.0,100.0,100.0,100.0,100.0,100.0,0.0,100.0,100.0,47.82,52.18,5.66,6.14,7.02,7.18,4.39,16.71,15.93,15.71,13.24,8.01,100.0,0.0,476.0,1506.0,1059.0,51.0,21621.0,0.0,1036.0,5436.0,14913.0,16272.0,1766.0,1916.0,2188.0,2240.0,1369.0,5212.0,4968.0,4900.0,4128.0,2498.0,31185.0,0.0,1.59,5.03,3.28,0.17,69.4,0.0,3.35,17.16,6.51,7.44,7.61,4.65,17.72,16.89,16.66,14.03,8.49,96.92,3.08,100.0,0.0,100.0,100.0,100.0,100.0,100.0,0.0,100.0,100.0,6.51,7.44,7.61,4.65,17.72,16.89,16.66,14.03,8.49,96.92,3.08,100.0,0.0,469.0,1481.0,965.0,51.0,20418.0,0.0,986.0,5049.0,1916.0,2188.0,2240.0,1369.0,5212.0,4968.0,4900.0,4128.0,2498.0,28513.0,906.0,29419.0,0.0,1.7,5.1,3.31,0.2,69.97,0.0,3.29,16.43,47.09,52.91,100.0,29.08,13.45,34.53,22.94,0.0,431.0,1291.0,837.0,51.0,17713.0,0.0,834.0,4158.0,11922.0,13393.0,25315.0,7361.0,3405.0,8741.0,5808.0
3500204,0.0,1.2,0.1,3.54,0.1,55.24,0.0,3.54,36.28,48.48,51.52,6.5,7.1,6.65,7.54,2.96,16.29,14.35,16.71,13.7,8.2,100.0,0.0,100.0,100.0,100.0,100.0,100.0,0.0,100.0,100.0,48.48,51.52,6.5,7.1,6.65,7.54,2.96,16.29,14.35,16.71,13.7,8.2,100.0,0.0,46.0,4.0,135.0,4.0,2109.0,0.0,135.0,1385.0,1851.0,1967.0,248.0,271.0,254.0,288.0,113.0,622.0,548.0,638.0,523.0,313.0,3818.0,0.0,1.29,0.11,3.75,0.11,56.16,0.0,3.47,35.1,7.59,7.11,8.07,3.17,17.42,15.35,17.87,14.65,8.77,92.41,7.59,100.0,0.0,100.0,100.0,100.0,100.0,100.0,0.0,100.0,100.0,7.59,7.11,8.07,3.17,17.42,15.35,17.87,14.65,8.77,92.41,7.59,100.0,0.0,46.0,4.0,134.0,4.0,2005.0,0.0,124.0,1253.0,271.0,254.0,288.0,113.0,622.0,548.0,638.0,523.0,313.0,3299.0,271.0,3570.0,0.0,1.41,0.0,3.22,0.13,58.1,0.0,3.32,33.83,47.59,52.41,100.0,48.97,12.87,27.88,10.28,0.0,43.0,0.0,98.0,4.0,1769.0,0.0,101.0,1030.0,1449.0,1596.0,3045.0,1491.0,392.0,849.0,313.0
3500303,0.07,1.49,0.73,5.56,0.03,62.76,0.04,3.51,25.82,49.23,50.77,7.57,7.77,8.42,8.6,2.55,17.32,16.39,14.0,11.34,6.04,100.0,100.0,100.0,100.0,100.0,100.0,100.0,100.0,100.0,100.0,49.23,50.77,7.57,7.77,8.42,8.6,2.55,17.32,16.39,14.0,11.34,6.04,100.0,19.0,418.0,204.0,1558.0,8.0,17599.0,11.0,983.0,7240.0,13804.0,14237.0,2124.0,2180.0,2360.0,2411.0,715.0,4857.0,4595.0,3925.0,3181.0,1693.0,28041.0,0.07,1.54,0.74,5.39,0.03,63.46,0.04,3.57,25.15,8.41,9.11,9.3,2.76,18.74,17.73,15.14,12.27,6.53,95.49,4.51,100.0,100.0,100.0,100.0,100.0,100.0,100.0,100.0,100.0,100.0,8.41,9.11,9.3,2.76,18.74,17.73,15.14,12.27,6.53,95.49,4.51,100.0,19.0,400.0,191.0,1396.0,8.0,16448.0,11.0,925.0,6518.0,2180.0,2360.0,2411.0,715.0,4857.0,4595.0,3925.0,3181.0,1693.0,24748.0,1169.0,25917.0,0.09,1.77,0.73,4.38,0.04,65.0,0.05,3.52,24.41,48.68,51.32,100.0,40.79,18.43,27.53,13.25,19.0,378.0,156.0,936.0,8.0,13895.0,11.0,753.0,5219.0,10407.0,10970.0,21377.0,8720.0,3940.0,5885.0,2832.0
3500402,0.0,4.79,0.15,6.56,0.0,65.69,0.0,2.67,20.15,47.42,52.59,5.64,5.44,5.73,5.09,7.9,14.13,15.47,15.27,15.7,9.65,100.0,0.0,100.0,100.0,100.0,0.0,100.0,0.0,100.0,100.0,47.42,52.58,5.63,5.43,5.73,5.09,7.9,14.14,15.46,15.27,15.7,9.65,100.0,0.0,315.0,10.0,432.0,0.0,4323.0,0.0,176.0,1326.0,3121.0,3461.0,371.0,358.0,377.0,335.0,520.0,930.0,1018.0,1005.0,1033.0,635.0,6581.0,0.0,4.89,0.16,6.54,0.0,66.41,0.0,2.66,19.32,5.76,6.07,5.39,8.37,14.97,16.39,16.18,16.63,10.22,96.49,3.51,100.0,0.0,100.0,100.0,100.0,0.0,100.0,0.0,100.0,100.0,5.76,6.07,5.39,8.37,14.98,16.39,16.18,16.63,10.23,96.49,3.51,100.0,0.0,304.0,10.0,406.0,0.0,4125.0,0.0,165.0,1200.0,358.0,377.0,335.0,520.0,930.0,1018.0,1005.0,1033.0,635.0,5993.0,218.0,6211.0,0.0,4.8,0.09,6.19,0.0,67.49,0.0,2.54,18.86,46.55,53.45,100.0,39.06,12.8,31.68,16.44,0.0,263.0,5.0,339.0,0.0,3696.0,0.0,139.0,1033.0,2549.0,2927.0,5476.0,2139.0,701.0,1735.0,900.0
3500501,0.0,2.16,0.62,7.36,0.26,64.1,0.04,3.26,22.2,48.32,51.68,6.33,6.46,6.65,7.01,4.03,15.5,17.0,15.78,13.24,8.0,100.0,0.0,100.0,100.0,100.0,100.0,100.0,100.0,100.0,100.0,48.32,51.68,6.33,6.46,6.65,7.01,4.03,15.5,17.0,15.78,13.24,8.0,100.0,0.0,349.0,101.0,1191.0,42.0,10374.0,7.0,527.0,3593.0,7820.0,8364.0,1025.0,1045.0,1076.0,1135.0,653.0,2508.0,2752.0,2554.0,2142.0,1294.0,16184.0,0.0,2.14,0.61,7.49,0.28,64.66,0.05,3.12,21.64,6.89,7.1,7.49,4.31,16.54,18.15,16.85,14.13,8.54,95.78,4.22,100.0,0.0,100.0,100.0,100.0,100.0,100.0,100.0,100.0,100.0,6.89,7.1,7.49,4.31,16.54,18.15,16.85,14.13,8.54,95.78,4.22,100.0,0.0,325.0,93.0,1136.0,42.0,9802.0,7.0,473.0,3281.0,1045.0,1076.0,1135.0,653.0,2508.0,2752.0,2554.0,2142.0,1294.0,14519.0,640.0,15159.0,0.0,2.35,0.67,6.46,0.32,66.13,0.05,3.27,20.75,47.42,52.58,100.0,36.62,14.86,31.87,16.65,0.0,307.0,88.0,842.0,42.0,8622.0,7.0,426.0,2705.0,6183.0,6855.0,13038.0,4774.0,1938.0,4155.0,2171.0
3500550,0.0,2.89,0.84,7.74,0.0,60.58,0.05,4.1,23.79,49.43,50.57,7.84,7.63,6.67,6.81,3.53,14.81,15.9,15.14,13.72,7.93,100.0,0.0,100.0,100.0,100.0,0.0,100.0,100.0,100.0,100.0,49.43,50.57,7.84,7.63,6.67,6.81,3.53,14.81,15.9,15.14,13.72,7.93,100.0,0.0,183.0,53.0,491.0,0.0,3841.0,3.0,260.0,1508.0,3134.0,3206.0,497.0,484.0,423.0,432.0,224.0,939.0,1008.0,960.0,870.0,503.0,6340.0,0.0,3.1,0.72,7.55,0.0,60.96,0.05,4.14,23.5,8.28,7.24,7.39,3.83,16.07,17.25,16.43,14.89,8.61,95.82,4.18,100.0,0.0,100.0,100.0,100.0,0.0,100.0,100.0,100.0,100.0,8.28,7.24,7.39,3.83,16.07,17.25,16.43,14.89,8.61,95.82,4.18,100.0,0.0,181.0,42.0,441.0,0.0,3562.0,3.0,242.0,1373.0,484.0,423.0,432.0,224.0,939.0,1008.0,960.0,870.0,503.0,5599.0,244.0,5843.0,0.0,3.22,0.67,6.44,0.0,61.28,0.06,4.58,23.74,48.82,51.18,100.0,32.15,14.16,32.19,21.5,0.0,159.0,33.0,318.0,0.0,3025.0,3.0,226.0,1172.0,2410.0,2526.0,4936.0,1587.0,699.0,1589.0,1061.0
3500600,0.0,5.58,2.46,12.1,0.0,52.01,0.0,10.81,17.05,46.47,53.53,5.81,5.15,6.2,5.35,7.41,12.33,14.32,14.01,18.1,11.31,100.0,0.0,100.0,100.0,100.0,0.0,100.0,0.0,100.0,100.0,46.47,53.53,5.81,5.15,6.2,5.35,7.41,12.33,14.32,14.01,18.1,11.31,100.0,0.0,143.0,63.0,310.0,0.0,1333.0,0.0,277.0,437.0,1191.0,1372.0,149.0,132.0,159.0,137.0,190.0,316.0,367.0,359.0,464.0,290.0,2563.0,0.0,5.76,2.03,11.64,0.0,52.57,0.0,10.77,17.23,5.47,6.59,5.68,7.87,13.09,15.2,14.87,19.22,12.01,98.8,1.2,100.0,0.0,100.0,100.0,100.0,0.0,100.0,0.0,100.0,100.0,5.47,6.59,5.68,7.87,13.09,15.2,14.87,19.22,12.01,98.8,1.2,100.0,0.0,139.0,49.0,281.0,0.0,1269.0,0.0,260.0,416.0,132.0,159.0,137.0,190.0,316.0,367.0,359.0,464.0,290.0,2385.0,29.0,2414.0,0.0,5.61,2.12,10.41,0.0,54.83,0.0,11.4,15.69,44.47,55.53,100.0,20.3,8.81,28.17,42.72,0.0,119.0,45.0,221.0,0.0,1164.0,0.0,242.0,333.0,944.0,1179.0,2123.0,431.0,187.0,598.0,907.0
3500709,0.04,1.26,0.52,8.48,0.34,42.14,0.0,5.42,41.8,48.97,51.03,7.79,7.3,7.96,8.35,2.75,17.73,17.48,13.79,10.99,5.86,100.0,100.0,100.0,100.0,100.0,100.0,100.0,0.0,100.0,100.0,48.97,51.03,7.79,7.3,7.96,8.35,2.75,17.73,17.48,13.79,10.99,5.86,100.0,12.0,414.0,172.0,2783.0,112.0,13828.0,0.0,1780.0,13716.0,16069.0,16748.0,2556.0,2396.0,2613.0,2740.0,902.0,5820.0,5735.0,4527.0,3605.0,1923.0,32817.0,0.04,1.26,0.55,8.58,0.31,42.29,0.0,5.45,41.53,7.92,8.63,9.05,2.98,19.23,18.95,14.96,11.91,6.35,96.63,3.37,100.0,100.0,100.0,100.0,100.0,100.0,100.0,0.0,100.0,100.0,7.92,8.63,9.05,2.98,19.23,18.95,14.96,11.91,6.35,96.63,3.37,100.0,12.0,380.0,166.0,2597.0,95.0,12796.0,0.0,1649.0,12567.0,2396.0,2613.0,2740.0,902.0,5820.0,5735.0,4527.0,3605.0,1923.0,29242.0,1019.0,30261.0,0.0,1.41,0.46,7.88,0.34,44.46,0.0,5.64,39.81,48.07,51.93,100.0,29.79,14.81,38.65,16.74,0.0,357.0,116.0,1991.0,85.0,11227.0,0.0,1424.0,10053.0,12138.0,13114.0,25252.0,7523.0,3740.0,9761.0,4228.0
3500758,0.0,0.78,0.22,3.33,0.0,54.28,0.0,5.01,36.38,50.08,49.92,8.25,8.16,8.47,7.9,2.05,18.0,14.93,13.85,12.69,5.71,100.0,0.0,100.0,100.0,100.0,0.0,100.0,0.0,100.0,100.0,50.08,49.92,8.26,8.16,8.46,7.9,2.05,18.0,14.92,13.85,12.68,5.72,100.0,0.0,42.0,12.0,180.0,0.0,2935.0,0.0,271.0,1967.0,2708.0,2699.0,446.0,441.0,458.0,427.0,111.0,973.0,807.0,749.0,686.0,309.0,5407.0,0.0,0.85,0.24,3.45,0.0,54.85,0.0,4.6,36.02,8.89,9.23,8.61,2.24,19.61,16.27,15.1,13.83,6.23,95.04,4.96,100.0,0.0,100.0,100.0,100.0,0.0,100.0,0.0,100.0,100.0,8.9,9.23,8.61,2.24,19.62,16.26,15.1,13.82,6.23,95.05,4.95,100.0,0.0,42.0,12.0,171.0,0.0,2721.0,0.0,228.0,1787.0,441.0,458.0,427.0,111.0,973.0,807.0,749.0,686.0,309.0,4715.0,246.0,4961.0,0.0,0.89,0.15,3.08,0.0,56.23,0.0,4.33,35.33,50.0,50.0,100.0,41.31,17.26,32.03,9.4,0.0,36.0,6.0,125.0,0.0,2284.0,0.0,176.0,1435.0,2031.0,2031.0,4062.0,1678.0,701.0,1301.0,382.0
3500808,0.0,0.28,0.18,2.76,0.08,74.82,0.0,1.27,20.6,49.49,50.51,6.6,6.25,6.98,7.01,4.58,14.57,15.92,15.54,13.26,9.29,100.0,0.0,100.0,100.0,100.0,100.0,100.0,0.0,100.0,100.0,49.49,50.51,6.6,6.25,6.98,7.01,4.58,14.57,15.92,15.54,13.26,9.29,100.0,0.0,11.0,7.0,109.0,3.0,2957.0,0.0,50.0,814.0,1956.0,1996.0,261.0,247.0,276.0,277.0,181.0,576.0,629.0,614.0,524.0,367.0,3952.0,0.0,0.3,0.19,2.93,0.08,75.02,0.0,1.35,20.13,6.69,7.48,7.5,4.9,15.61,17.04,16.64,14.2,9.94,94.55,5.45,100.0,0.0,100.0,100.0,100.0,100.0,100.0,0.0,100.0,100.0,6.69,7.48,7.5,4.9,15.61,17.04,16.64,14.2,9.94,94.55,5.45,100.0,0.0,11.0,7.0,108.0,3.0,2769.0,0.0,50.0,743.0,247.0,276.0,277.0,181.0,576.0,629.0,614.0,524.0,367.0,3490.0,201.0,3691.0,0.0,0.35,0.16,2.81,0.0,76.04,0.0,1.33,19.32,48.77,51.23,100.0,37.88,10.67,38.45,12.97,0.0,11.0,5.0,89.0,0.0,2409.0,0.0,42.0,612.0,1545.0,1623.0,3168.0,1200.0,338.0,1218.0,411.0
3500907,0.0,0.56,0.4,2.42,0.0,69.06,0.0,1.72,25.83,51.13,48.87,7.43,7.53,8.12,7.56,2.72,17.27,17.44,14.46,10.64,6.83,100.0,0.0,100.0,100.0,100.0,0.0,100.0,0.0,100.0,100.0,51.13,48.87,7.43,7.53,8.12,7.56,2.72,17.27,17.44,14.46,10.64,6.83,100.0,0.0,17.0,12.0,73.0,0.0,2083.0,0.0,52.0,779.0,1542.0,1474.0,224.0,227.0,245.0,228.0,82.0,521.0,526.0,436.0,321.0,206.0,3016.0,0.0,0.61,0.21,2.61,0.0,68.8,0.0,1.86,25.9,8.13,8.78,8.17,2.94,18.66,18.84,15.62,11.5,7.38,92.66,7.34,100.0,0.0,100.0,100.0,100.0,0.0,100.0,0.0,100.0,100.0,8.13,8.78,8.17,2.94,18.66,18.84,15.62,11.5,7.38,92.66,7.34,100.0,0.0,17.0,6.0,73.0,0.0,1921.0,0.0,52.0,723.0,227.0,245.0,228.0,82.0,521.0,526.0,436.0,321.0,206.0,2587.0,205.0,2792.0,0.0,0.73,0.26,1.94,0.0,70.47,0.0,1.98,24.61,51.16,48.84,100.0,50.52,11.55,27.67,10.3,0.0,17.0,6.0,45.0,0.0,1635.0,0.0,46.0,571.0,1187.0,1133.0,2320.0,1172.0,268.0,642.0,239.0
3501004,0.0,1.02,0.59,4.34,0.05,67.54,0.0,3.19,23.26,48.98,51.02,7.04,6.99,7.91,8.42,3.54,16.9,16.39,13.78,12.0,7.04,100.0,0.0,100.0,100.0,100.0,100.0,100.0,0.0,100.0,100.0,48.98,51.02,7.04,6.99,7.91,8.42,3.54,16.9,16.39,13.78,12.0,7.04,100.0,0.0,151.0,87.0,641.0,8.0,9971.0,0.0,471.0,3434.0,7232.0,7532.0,1039.0,1032.0,1168.0,1243.0,522.0,2495.0,2420.0,2035.0,1771.0,1039.0,14764.0,0.0,1.07,0.62,4.49,0.06,67.71,0.0,3.15,22.91,7.52,8.51,9.06,3.8,18.18,17.63,14.83,12.9,7.57,95.96,4.04,100.0,0.0,100.0,100.0,100.0,100.0,100.0,0.0,100.0,100.0,7.52,8.51,9.06,3.8,18.18,17.63,14.83,12.9,7.57,95.96,4.04,100.0,0.0,147.0,85.0,616.0,8.0,9293.0,0.0,433.0,3144.0,1032.0,1168.0,1243.0,522.0,2495.0,2420.0,2035.0,1771.0,1039.0,13171.0,554.0,13725.0,0.0,1.16,0.52,4.12,0.07,67.94,0.0,3.18,23.0,48.32,51.68,100.0,42.66,13.28,27.72,16.34,0.0,134.0,60.0,475.0,8.0,7830.0,0.0,367.0,2651.0,5569.0,5956.0,11525.0,4916.0,1531.0,3195.0,1883.0
3501103,0.0,1.29,0.17,0.92,0.0,69.23,0.0,2.44,25.95,50.11,49.89,6.34,5.74,5.88,5.71,4.76,14.7,16.22,15.61,14.27,10.76,100.0,0.0,100.0,100.0,100.0,0.0,100.0,0.0,100.0,100.0,50.11,49.89,6.34,5.74,5.88,5.71,4.76,14.7,16.22,15.61,14.27,10.76,100.0,0.0,45.0,6.0,32.0,0.0,2412.0,0.0,85.0,904.0,1746.0,1738.0,221.0,200.0,205.0,199.0,166.0,512.0,565.0,544.0,497.0,375.0,3484.0,0.0,1.26,0.18,0.98,0.0,68.92,0.0,2.45,26.2,6.13,6.28,6.1,5.09,15.69,17.32,16.67,15.23,11.49,93.93,6.07,100.0,0.0,100.0,100.0,100.0,0.0,100.0,0.0,100.0,100.0,6.13,6.28,6.1,5.09,15.69,17.32,16.67,15.23,11.49,93.93,6.07,100.0,0.0,41.0,6.0,32.0,0.0,2249.0,0.0,80.0,855.0,200.0,205.0,199.0,166.0,512.0,565.0,544.0,497.0,375.0,3065.0,198.0,3263.0,0.0,1.36,0.21,0.94,0.0,70.47,0.0,2.03,24.98,50.52,49.48,100.0,44.79,18.26,26.66,10.29,0.0,39.0,6.0,27.0,0.0,2014.0,0.0,58.0,714.0,1444.0,1414.0,2858.0,1280.0,522.0,762.0,294.0
3501152,0.0,0.45,0.23,5.78,0.37,59.25,0.03,3.64,30.26,49.68,50.32,7.72,8.58,8.69,8.34,2.09,17.75,17.82,14.0,9.63,5.38,100.0,0.0,100.0,100.0,100.0,100.0,100.0,100.0,100.0,100.0,49.68,50.32,7.72,8.58,8.69,8.34,2.09,17.75,17.82,14.0,9.63,5.38,100.0,0.0,67.0,34.0,869.0,56.0,8915.0,4.0,548.0,4553.0,7475.0,7571.0,1162.0,1291.0,1308.0,1255.0,314.0,2671.0,2681.0,2106.0,1449.0,809.0,15046.0,0.0,0.48,0.24,5.68,0.32,59.87,0.03,3.41,29.97,9.3,9.42,9.04,2.26,19.24,19.31,15.17,10.44,5.83,96.21,3.79,100.0,0.0,100.0,100.0,100.0,100.0,100.0,100.0,100.0,100.0,9.3,9.42,9.04,2.26,19.24,19.31,15.17,10.44,5.83,96.21,3.79,100.0,0.0,67.0,34.0,788.0,44.0,8312.0,4.0,474.0,4161.0,1291.0,1308.0,1255.0,314.0,2671.0,2681.0,2106.0,1449.0,809.0,13358.0,526.0,13884.0,0.0,0.53,0.12,5.02,0.28,61.19,0.04,3.27,29.55,49.29,50.71,100.0,26.71,13.94,45.95,13.41,0.0,60.0,13.0,567.0,32.0,6905.0,4.0,369.0,3335.0,5562.0,5723.0,11285.0,3014.0,1573.0,5185.0,1513.0
3501202,0.0,0.65,0.39,3.15,0.0,69.94,0.0,2.42,23.46,50.55,49.45,6.07,6.27,6.15,5.56,4.72,12.56,15.03,16.35,17.08,10.2,100.0,0.0,100.0,100.0,100.0,0.0,100.0,0.0,100.0,100.0,50.55,49.45,6.07,6.27,6.15,5.56,4.72,12.56,15.03,16.35,17.08,10.2,100.0,0.0,23.0,14.0,112.0,0.0,2489.0,0.0,86.0,835.0,1799.0,1760.0,216.0,223.0,219.0,198.0,168.0,447.0,535.0,582.0,608.0,363.0,3559.0,0.0,0.69,0.33,3.17,0.0,70.74,0.0,2.33,22.73,6.67,6.55,5.92,5.03,13.37,16.0,17.41,18.19,10.86,93.54,6.46,100.0,0.0,100.0,100.0,100.0,0.0,100.0,0.0,100.0,100.0,6.67,6.55,5.92,5.03,13.37,16.0,17.41,18.19,10.86,93.53,6.47,100.0,0.0,23.0,11.0,106.0,0.0,2365.0,0.0,78.0,760.0,223.0,219.0,198.0,168.0,447.0,535.0,582.0,608.0,363.0,3127.0,216.0,3343.0,0.0,0.79,0.31,2.86,0.0,71.98,0.0,2.45,21.61,49.64,50.36,100.0,48.88,13.0,26.89,11.27,0.0,23.0,9.0,83.0,0.0,2088.0,0.0,71.0,627.0,1440.0,1461.0,2901.0,1418.0,377.0,780.0,327.0
3501301,0.0,0.68,0.32,5.74,0.05,61.93,0.0,2.52,28.76,48.08,51.92,6.66,7.7,7.64,8.38,2.67,17.13,17.17,14.15,11.6,6.89,100.0,0.0,100.0,100.0,100.0,100.0,100.0,0.0,100.0,100.0,48.08,51.92,6.66,7.7,7.64,8.38,2.67,17.13,17.17,14.16,11.59,6.89,100.0,0.0,161.0,76.0,1356.0,11.0,14622.0,0.0,594.0,6790.0,11352.0,12259.0,1573.0,1818.0,1804.0,1979.0,631.0,4044.0,4055.0,3342.0,2738.0,1627.0,23612.0,0.0,0.69,0.34,5.82,0.05,62.72,0.0,2.66,27.72,8.25,8.19,8.98,2.86,18.35,18.4,15.16,12.42,7.38,95.78,4.22,100.0,0.0,100.0,100.0,100.0,100.0,100.0,0.0,100.0,100.0,8.25,8.19,8.98,2.86,18.35,18.4,15.17,12.42,7.38,95.78,4.22,100.0,0.0,151.0,76.0,1282.0,11.0,13823.0,0.0,586.0,6110.0,1818.0,1804.0,1979.0,631.0,4044.0,4055.0,3342.0,2738.0,1627.0,21108.0,931.0,22039.0,0.0,0.65,0.26,4.65,0.06,63.78,0.0,2.76,27.83,47.57,52.44,100.0,32.22,16.98,34.35,16.45,0.0,120.0,48.0,856.0,11.0,11747.0,0.0,509.0,5125.0,8761.0,9657.0,18417.0,5934.0,3128.0,6327.0,3029.0
3501400,0.0,0.29,0.93,20.59,0.0,46.8,0.0,5.05,26.32,68.65,31.35,5.14,4.87,9.17,11.55,1.79,25.87,18.82,9.74,8.38,4.67,100.0,0.0,100.0,100.0,100.0,0.0,100.0,0.0,100.0,100.0,68.65,31.35,5.14,4.87,9.17,11.55,1.79,25.87,18.82,9.74,8.38,4.67,100.0,0.0,13.0,41.0,909.0,0.0,2066.0,0.0,223.0,1162.0,3031.0,1384.0,227.0,215.0,405.0,510.0,79.0,1142.0,831.0,430.0,370.0,206.0,4415.0,0.0,0.31,0.98,21.39,0.0,46.59,0.0,4.82,25.88,5.13,9.67,12.18,1.89,27.27,19.84,10.27,8.83,4.92,93.91,6.09,100.0,0.0,100.0,100.0,100.0,0.0,100.0,0.0,100.0,100.0,5.13,9.67,12.18,1.89,27.27,19.84,10.27,8.83,4.92,93.91,6.09,100.0,0.0,13.0,41.0,896.0,0.0,1951.0,0.0,202.0,1084.0,215.0,405.0,510.0,79.0,1142.0,831.0,430.0,370.0,206.0,3933.0,255.0,4188.0,0.0,0.25,0.9,22.28,0.0,46.08,0.0,4.68,25.78,70.24,29.76,100.0,55.07,15.02,25.53,4.4,0.0,9.0,32.0,795.0,0.0,1644.0,0.0,167.0,920.0,2506.0,1062.0,3568.0,1965.0,536.0,911.0,157.0
3501509,0.16,0.0,0.08,4.03,0.0,44.29,0.16,5.69,45.55,49.07,50.93,7.83,7.55,8.34,8.22,3.04,14.87,17.12,14.83,11.63,6.56,100.0,100.0,0.0,100.0,100.0,0.0,100.0,100.0,100.0,100.0,49.07,50.93,7.83,7.55,8.34,8.22,3.04,14.87,17.12,14.83,11.63,6.56,100.0,4.0,0.0,2.0,102.0,0.0,1120.0,4.0,144.0,1152.0,1241.0,1288.0,198.0,191.0,211.0,208.0,77.0,376.0,433.0,375.0,294.0,166.0,2529.0,0.17,0.0,0.09,3.52,0.0,45.52,0.17,5.88,44.66,8.19,9.05,8.92,3.3,16.13,18.58,16.09,12.61,7.12,91.93,8.07,100.0,100.0,0.0,100.0,100.0,0.0,100.0,100.0,100.0,100.0,8.19,9.05,8.92,3.3,16.13,18.58,16.09,12.61,7.12,91.92,8.08,100.0,4.0,0.0,2.0,82.0,0.0,1061.0,4.0,137.0,1041.0,191.0,211.0,208.0,77.0,376.0,433.0,375.0,294.0,166.0,2143.0,188.0,2331.0,0.21,0.0,0.0,2.44,0.0,46.5,0.0,6.48,44.38,48.78,51.22,100.0,43.49,12.55,31.1,12.86,4.0,0.0,0.0,47.0,0.0,897.0,0.0,125.0,856.0,941.0,988.0,1929.0,839.0,242.0,600.0,248.0
3501608,0.0,2.96,0.95,6.99,0.11,54.02,0.01,5.52,29.45,48.01,51.99,6.21,6.5,7.14,8.13,3.03,18.37,17.38,14.97,11.93,6.33,100.0,0.0,100.0,100.0,100.0,100.0,100.0,100.0,100.0,100.0,48.01,51.99,6.21,6.5,7.14,8.13,3.03,18.37,17.38,14.97,11.93,6.33,100.0,0.0,6259.0,2010.0,14798.0,223.0,114348.0,11.0,11687.0,62324.0,101617.0,110042.0,13142.0,13758.0,15112.0,17213.0,6410.0,38889.0,36792.0,31693.0,25256.0,13394.0,211659.0,0.0,3.05,0.96,7.0,0.11,54.53,0.01,5.54,28.8,6.93,7.61,8.67,3.23,19.59,18.53,15.96,12.72,6.75,98.35,1.65,100.0,0.0,100.0,100.0,100.0,100.0,100.0,100.0,100.0,100.0,6.93,7.61,8.67,3.23,19.59,18.53,15.96,12.72,6.75,98.35,1.65,100.0,0.0,6053.0,1912.0,13901.0,223.0,108244.0,11.0,10998.0,57175.0,13758.0,15112.0,17213.0,6410.0,38889.0,36792.0,31693.0,25256.0,13394.0,195233.0,3284.0,198517.0,0.0,3.23,0.92,6.33,0.11,55.72,0.01,5.51,28.17,47.36,52.64,100.0,23.82,12.59,37.69,25.89,0.0,5479.0,1559.0,10738.0,189.0,94528.0,11.0,9356.0,47788.0,80342.0,89305.0,169647.0,40416.0,21367.0,63941.0,43923.0
3501707,0.0,1.59,0.93,8.72,0.05,58.0,0.03,4.11,26.57,49.4,50.6,7.23,7.95,8.56,9.56,1.44,18.08,18.45,13.65,9.99,5.11,100.0,0.0,100.0,100.0,100.0,100.0,100.0,100.0,100.0,100.0,49.4,50.6,7.22,7.95,8.56,9.56,1.44,18.08,18.45,13.65,9.99,5.12,100.0,0.0,460.0,267.0,2515.0,13.0,16739.0,10.0,1187.0,7667.0,14256.0,14601.0,2085.0,2293.0,2470.0,2758.0,415.0,5218.0,5323.0,3938.0,2882.0,1476.0,28858.0,0.0,1.68,0.96,8.81,0.02,58.23,0.04,4.1,26.16,8.56,9.23,10.3,1.55,19.49,19.88,14.71,10.76,5.51,94.34,5.66,100.0,0.0,100.0,100.0,100.0,100.0,100.0,100.0,100.0,100.0,8.56,9.23,10.3,1.55,19.49,19.88,14.71,10.76,5.51,94.34,5.66,100.0,0.0,449.0,257.0,2359.0,6.0,15589.0,10.0,1097.0,7005.0,2293.0,2470.0,2758.0,415.0,5218.0,5323.0,3938.0,2882.0,1476.0,25257.0,1516.0,26773.0,0.0,1.95,0.79,7.95,0.03,59.16,0.05,4.4,25.68,48.68,51.32,100.0,37.7,16.91,39.45,5.94,0.0,429.0,173.0,1749.0,6.0,13022.0,10.0,968.0,5653.0,10715.0,11295.0,22010.0,8298.0,3722.0,8682.0,1308.0
3501806,0.0,0.92,0.0,2.89,0.06,70.16,0.0,2.15,23.82,48.64,51.36,6.61,6.21,7.8,6.74,4.1,14.23,15.84,16.02,14.16,8.31,100.0,0.0,100.0,0.0,100.0,100.0,100.0,0.0,100.0,100.0,48.64,51.36,6.61,6.21,7.8,6.74,4.1,14.23,15.84,16.02,14.16,8.31,100.0,0.0,49.0,0.0,153.0,3.0,3717.0,0.0,114.0,1262.0,2577.0,2721.0,350.0,329.0,413.0,357.0,217.0,754.0,839.0,849.0,750.0,440.0,5298.0,0.0,0.99,0.0,2.79,0.06,70.76,0.0,2.14,23.26,6.65,8.35,7.22,4.39,15.24,16.96,17.16,15.16,8.89,95.68,4.32,100.0,0.0,100.0,0.0,100.0,100.0,100.0,0.0,100.0,100.0,6.65,8.35,7.22,4.39,15.24,16.96,17.16,15.16,8.89,95.67,4.33,100.0,0.0,49.0,0.0,138.0,3.0,3501.0,0.0,106.0,1151.0,329.0,413.0,357.0,217.0,754.0,839.0,849.0,750.0,440.0,4734.0,214.0,4948.0,0.0,1.17,0.0,2.47,0.07,72.59,0.0,1.88,21.83,48.43,51.57,100.0,42.44,15.38,29.72,12.43,0.0,49.0,0.0,104.0,3.0,3053.0,0.0,79.0,918.0,2037.0,2169.0,4206.0,1785.0,647.0,1250.0,523.0
3501905,0.03,3.03,1.78,7.13,0.03,67.48,0.0,3.34,17.18,48.46,51.54,5.42,6.6,7.92,7.46,3.87,17.67,17.7,14.89,11.73,6.74,100.0,100.0,100.0,100.0,100.0,100.0,100.0,0.0,100.0,100.0,48.46,51.54,5.42,6.6,7.91,7.46,3.87,17.67,17.7,14.89,11.73,6.74,100.0,16.0,1842.0,1084.0,4331.0,20.0,41018.0,0.0,2032.0,10441.0,29454.0,31329.0,3293.0,4012.0,4811.0,4535.0,2354.0,10739.0,10760.0,9052.0,7131.0,4096.0,60783.0,0.03,3.05,1.74,7.12,0.03,68.06,0.0,3.31,16.66,6.98,8.37,7.89,4.09,18.68,18.72,15.75,12.4,7.12,97.44,2.56,100.0,100.0,100.0,100.0,100.0,100.0,100.0,0.0,100.0,100.0,6.98,8.37,7.89,4.1,18.68,18.72,15.74,12.4,7.12,97.44,2.56,100.0,16.0,1753.0,1003.0,4092.0,19.0,39125.0,0.0,1903.0,9579.0,4012.0,4811.0,4535.0,2354.0,10739.0,10760.0,9052.0,7131.0,4096.0,56020.0,1470.0,57490.0,0.03,3.27,1.7,6.09,0.03,69.67,0.0,3.35,15.86,47.71,52.29,100.0,29.17,12.5,37.26,21.07,16.0,1593.0,826.0,2963.0,16.0,33905.0,0.0,1630.0,7718.0,23218.0,25449.0,48667.0,14196.0,6083.0,18133.0,10255.0
3502002,0.0,1.83,0.4,10.68,0.0,50.81,0.0,2.75,33.53,49.56,50.44,7.33,7.48,7.43,7.58,3.5,17.21,17.14,13.69,12.33,6.3,100.0,0.0,100.0,100.0,100.0,0.0,100.0,0.0,100.0,100.0,49.56,50.44,7.33,7.48,7.43,7.58,3.5,17.21,17.14,13.69,12.33,6.3,100.0,0.0,73.0,16.0,427.0,0.0,2031.0,0.0,110.0,1340.0,1981.0,2016.0,293.0,299.0,297.0,303.0,140.0,688.0,685.0,547.0,493.0,252.0,3997.0,0.0,1.97,0.43,10.61,0.0,50.7,0.0,2.78,33.5,8.07,8.02,8.18,3.78,18.57,18.49,14.77,13.31,6.8,95.65,4.35,100.0,0.0,100.0,100.0,100.0,0.0,100.0,0.0,100.0,100.0,8.07,8.02,8.18,3.78,18.57,18.49,14.77,13.31,6.8,95.66,4.34,100.0,0.0,73.0,16.0,393.0,0.0,1878.0,0.0,103.0,1241.0,299.0,297.0,303.0,140.0,688.0,685.0,547.0,493.0,252.0,3543.0,161.0,3704.0,0.0,2.16,0.42,9.46,0.0,52.9,0.0,3.06,32.05,49.61,50.39,100.0,31.31,12.9,36.23,19.56,0.0,67.0,13.0,294.0,0.0,1644.0,0.0,95.0,996.0,1542.0,1566.0,3108.0,973.0,401.0,1126.0,608.0
3502101,0.0,3.56,0.37,6.53,0.08,51.72,0.0,4.96,32.78,49.29,50.71,6.46,6.6,7.29,8.05,3.34,17.24,16.75,14.95,12.13,7.19,100.0,0.0,100.0,100.0,100.0,100.0,100.0,0.0,100.0,100.0,49.29,50.71,6.46,6.6,7.29,8.05,3.34,17.24,16.75,14.95,12.13,7.19,100.0,0.0,1891.0,195.0,3466.0,41.0,27472.0,0.0,2637.0,17414.0,26182.0,26934.0,3430.0,3506.0,3873.0,4274.0,1776.0,9159.0,8895.0,7942.0,6444.0,3817.0,53116.0,0.0,3.61,0.35,6.45,0.08,52.28,0.0,4.96,32.27,7.06,7.79,8.6,3.57,18.43,17.9,15.98,12.97,7.68,96.23,3.77,100.0,0.0,100.0,100.0,100.0,100.0,100.0,0.0,100.0,100.0,7.06,7.79,8.6,3.57,18.43,17.9,15.98,12.97,7.68,96.23,3.77,100.0,0.0,1792.0,175.0,3205.0,41.0,25976.0,0.0,2464.0,16033.0,3506.0,3873.0,4274.0,1776.0,9159.0,8895.0,7942.0,6444.0,3817.0,47812.0,1874.0,49686.0,0.0,3.87,0.39,5.51,0.05,53.65,0.0,4.92,31.62,48.76,51.24,100.0,31.79,15.86,32.46,19.9,0.0,1636.0,165.0,2330.0,22.0,22697.0,0.0,2081.0,13377.0,20630.0,21677.0,42307.0,13450.0,6708.0,13732.0,8417.0
3502200,0.0,0.0,0.0,3.56,0.04,68.57,0.0,3.64,24.2,50.08,49.92,7.64,7.72,8.39,7.96,2.43,16.98,16.22,14.95,11.7,6.02,100.0,0.0,0.0,0.0,100.0,100.0,100.0,0.0,100.0,100.0,50.08,49.92,7.64,7.72,8.39,7.96,2.43,16.98,16.22,14.95,11.7,6.02,100.0,0.0,0.0,0.0,742.0,8.0,14296.0,0.0,759.0,5045.0,10441.0,10409.0,1593.0,1609.0,1749.0,1659.0,506.0,3541.0,3381.0,3118.0,2439.0,1255.0,20850.0,0.0,0.0,0.0,3.54,0.04,68.8,0.0,3.62,23.99,8.36,9.08,8.62,2.63,18.39,17.56,16.19,12.67,6.52,97.02,2.98,100.0,0.0,0.0,0.0,100.0,100.0,100.0,0.0,100.0,100.0,8.36,9.08,8.62,2.63,18.39,17.56,16.19,12.67,6.52,97.02,2.98,100.0,0.0,0.0,0.0,682.0,8.0,13248.0,0.0,698.0,4620.0,1609.0,1749.0,1659.0,506.0,3541.0,3381.0,3118.0,2439.0,1255.0,18683.0,574.0,19257.0,0.0,0.0,0.0,3.29,0.05,69.85,0.0,3.34,23.47,49.97,50.03,100.0,41.66,14.25,29.95,14.13,0.0,0.0,0.0,523.0,8.0,11105.0,0.0,531.0,3732.0,7944.0,7955.0,15899.0,6624.0,2266.0,4762.0,2247.0
3502309,0.06,0.24,0.45,3.06,0.06,62.52,0.0,3.3,30.31,50.16,49.84,8.75,9.0,7.52,7.92,2.29,14.44,16.92,14.34,12.34,6.48,100.0,100.0,100.0,100.0,100.0,100.0,100.0,0.0,100.0,100.0,50.16,49.84,8.75,9.0,7.52,7.92,2.29,14.44,16.92,14.34,12.34,6.48,100.0,3.0,12.0,22.0,151.0,3.0,3086.0,0.0,163.0,1496.0,2476.0,2460.0,432.0,444.0,371.0,391.0,113.0,713.0,835.0,708.0,609.0,320.0,4936.0,0.07,0.27,0.49,2.93,0.07,62.7,0.0,3.46,30.0,9.86,8.24,8.68,2.51,15.83,18.54,15.72,13.52,7.1,94.05,5.95,100.0,100.0,100.0,100.0,100.0,100.0,100.0,0.0,100.0,100.0,9.86,8.24,8.68,2.51,15.83,18.54,15.72,13.52,7.1,94.04,5.96,100.0,3.0,12.0,22.0,132.0,3.0,2824.0,0.0,156.0,1351.0,444.0,371.0,391.0,113.0,713.0,835.0,708.0,609.0,320.0,4236.0,268.0,4504.0,0.08,0.33,0.43,2.58,0.08,64.08,0.0,3.39,29.01,50.01,49.99,100.0,46.38,17.57,22.58,13.47,3.0,12.0,16.0,95.0,3.0,2364.0,0.0,125.0,1070.0,1845.0,1844.0,3689.0,1711.0,648.0,833.0,497.0
3502408,0.0,0.28,0.23,1.71,0.0,76.16,0.09,1.79,19.78,48.56,51.44,6.79,7.5,7.19,8.04,3.81,16.28,15.91,15.26,11.91,7.3,100.0,0.0,100.0,100.0,100.0,0.0,100.0,100.0,100.0,100.0,48.56,51.44,6.79,7.5,7.19,8.04,3.81,16.28,15.91,15.26,11.91,7.3,100.0,0.0,10.0,8.0,60.0,0.0,2680.0,3.0,63.0,696.0,1709.0,1810.0,239.0,264.0,253.0,283.0,134.0,573.0,560.0,537.0,419.0,257.0,3519.0,0.0,0.18,0.24,1.83,0.0,76.52,0.09,1.92,19.24,8.05,7.71,8.63,4.09,17.47,17.07,16.37,12.77,7.84,95.82,4.18,100.0,0.0,100.0,100.0,100.0,0.0,100.0,100.0,100.0,100.0,8.05,7.71,8.63,4.09,17.47,17.07,16.37,12.77,7.84,95.83,4.17,100.0,0.0,6.0,8.0,60.0,0.0,2510.0,3.0,63.0,631.0,264.0,253.0,283.0,134.0,573.0,560.0,537.0,419.0,257.0,3143.0,137.0,3280.0,0.0,0.22,0.29,1.74,0.0,76.73,0.11,2.1,18.86,48.5,51.5,100.0,37.17,16.21,31.05,15.56,0.0,6.0,8.0,48.0,0.0,2120.0,3.0,58.0,521.0,1340.0,1423.0,2763.0,1027.0,448.0,858.0,430.0
3502507,0.03,0.54,0.81,2.03,0.0,77.01,0.0,1.6,17.97,47.58,52.42,6.48,7.17,7.76,7.96,2.78,16.96,16.3,15.44,12.62,6.51,100.0,100.0,100.0,100.0,100.0,0.0,100.0,0.0,100.0,100.0,47.58,52.42,6.48,7.17,7.76,7.96,2.78,16.96,16.3,15.44,12.62,6.51,100.0,10.0,155.0,233.0,585.0,0.0,22180.0,0.0,462.0,5175.0,13703.0,15097.0,1866.0,2066.0,2236.0,2292.0,801.0,4885.0,4695.0,4448.0,3635.0,1876.0,28800.0,0.04,0.58,0.82,2.0,0.0,77.54,0.0,1.51,17.5,7.67,8.3,8.51,2.97,18.14,17.43,16.51,13.5,6.97,97.54,2.46,100.0,100.0,100.0,100.0,100.0,0.0,100.0,0.0,100.0,100.0,7.67,8.3,8.51,2.97,18.14,17.43,16.51,13.5,6.97,97.54,2.46,100.0,10.0,155.0,222.0,540.0,0.0,20885.0,0.0,408.0,4713.0,2066.0,2236.0,2292.0,801.0,4885.0,4695.0,4448.0,3635.0,1876.0,26271.0,663.0,26934.0,0.0,0.65,0.69,1.77,0.0,79.24,0.0,1.48,16.17,46.47,53.53,100.0,29.52,14.75,38.53,17.19,0.0,146.0,157.0,401.0,0.0,17934.0,0.0,335.0,3659.0,10516.0,12116.0,22632.0,6682.0,3339.0,8721.0,3890.0
3502606,0.0,5.28,0.0,4.46,0.0,63.07,0.0,1.93,25.24,48.68,51.32,5.63,6.23,7.07,6.2,4.54,12.08,16.02,17.84,15.09,9.3,100.0,0.0,100.0,0.0,100.0,0.0,100.0,0.0,100.0,100.0,48.68,51.32,5.63,6.23,7.07,6.2,4.54,12.08,16.02,17.84,15.09,9.3,100.0,0.0,194.0,0.0,164.0,0.0,2319.0,0.0,71.0,928.0,1790.0,1887.0,207.0,229.0,260.0,228.0,167.0,444.0,589.0,656.0,555.0,342.0,3677.0,0.0,5.27,0.0,4.52,0.0,63.2,0.0,1.87,25.13,6.6,7.49,6.57,4.81,12.8,16.97,18.9,15.99,9.86,93.46,6.54,100.0,0.0,100.0,0.0,100.0,0.0,100.0,0.0,100.0,100.0,6.6,7.49,6.57,4.81,12.8,16.97,18.9,15.99,9.86,93.46,6.54,100.0,0.0,183.0,0.0,157.0,0.0,2193.0,0.0,65.0,872.0,229.0,260.0,228.0,167.0,444.0,589.0,656.0,555.0,342.0,3243.0,227.0,3470.0,0.0,5.27,0.0,3.56,0.0,65.18,0.0,1.78,24.25,48.37,51.63,100.0,52.1,12.48,23.01,12.41,0.0,157.0,0.0,106.0,0.0,1943.0,0.0,53.0,723.0,1442.0,1539.0,2981.0,1553.0,372.0,686.0,370.0
3502705,0.0,0.94,0.27,7.53,0.0,53.29,0.0,2.16,35.81,49.63,50.37,7.98,8.5,8.33,8.44,2.32,16.48,16.71,14.61,10.7,5.94,100.0,0.0,100.0,100.0,100.0,0.0,100.0,0.0,100.0,100.0,49.63,50.37,7.98,8.5,8.33,8.44,2.32,16.48,16.71,14.61,10.7,5.94,100.0,0.0,200.0,58.0,1609.0,0.0,11395.0,0.0,462.0,7657.0,10611.0,10770.0,1706.0,1818.0,1781.0,1805.0,495.0,3524.0,3572.0,3123.0,2287.0,1270.0,21381.0,0.0,1.02,0.24,7.03,0.0,54.05,0.0,2.16,35.5,9.24,9.05,9.17,2.52,17.91,18.16,15.87,11.62,6.45,94.86,5.14,100.0,0.0,100.0,100.0,100.0,0.0,100.0,0.0,100.0,100.0,9.24,9.05,9.17,2.52,17.91,18.16,15.87,11.62,6.45,94.86,5.14,100.0,0.0,200.0,48.0,1383.0,0.0,10635.0,0.0,425.0,6984.0,1818.0,1781.0,1805.0,495.0,3524.0,3572.0,3123.0,2287.0,1270.0,18664.0,1011.0,19675.0,0.0,1.17,0.3,6.01,0.0,54.02,0.0,2.19,36.32,48.93,51.07,100.0,41.84,14.56,32.17,11.43,0.0,188.0,48.0,966.0,0.0,8684.0,0.0,352.0,5838.0,7866.0,8210.0,16076.0,6726.0,2340.0,5172.0,1838.0
3502754,0.0,0.88,0.28,11.6,0.0,45.7,0.0,5.48,36.05,50.19,49.81,7.55,9.95,9.47,9.18,1.34,19.32,17.0,12.53,9.29,4.36,100.0,0.0,100.0,100.0,100.0,0.0,100.0,0.0,100.0,100.0,50.19,49.81,7.56,9.95,9.47,9.18,1.34,19.32,17.0,12.54,9.29,4.36,100.0,0.0,162.0,52.0,2125.0,0.0,8373.0,0.0,1004.0,6605.0,9195.0,9125.0,1384.0,1823.0,1735.0,1682.0,246.0,3539.0,3114.0,2296.0,1702.0,799.0,18321.0,0.0,0.96,0.31,10.6,0.0,46.73,0.0,5.53,35.88,10.76,10.24,9.93,1.45,20.9,18.39,13.56,10.05,4.72,95.7,4.3,100.0,0.0,100.0,100.0,100.0,0.0,100.0,0.0,100.0,100.0,10.76,10.24,9.93,1.45,20.9,18.38,13.56,10.05,4.72,95.7,4.3,100.0,0.0,162.0,52.0,1795.0,0.0,7915.0,0.0,936.0,6076.0,1823.0,1735.0,1682.0,246.0,3539.0,3114.0,2296.0,1702.0,799.0,16208.0,729.0,16936.0,0.0,1.02,0.29,8.86,0.0,48.67,0.0,5.14,36.0,50.6,49.39,100.0,37.41,21.84,29.65,11.11,0.0,136.0,39.0,1186.0,0.0,6511.0,0.0,688.0,4817.0,6770.0,6608.0,13379.0,5005.0,2922.0,3967.0,1486.0
3502804,0.02,3.41,0.87,7.29,0.17,47.34,0.03,5.44,35.43,47.14,52.86,6.55,6.19,7.65,7.9,3.35,17.18,17.33,14.86,12.03,6.95,100.0,100.0,100.0,100.0,100.0,100.0,100.0,100.0,100.0,100.0,47.14,52.86,6.55,6.19,7.65,7.9,3.35,17.18,17.33,14.86,12.03,6.95,100.0,29.0,6052.0,1547.0,12949.0,298.0,84083.0,55.0,9669.0,62922.0,83724.0,93880.0,11633.0,11001.0,13586.0,14024.0,5956.0,30521.0,30780.0,26400.0,21366.0,12337.0,177605.0,0.02,3.49,0.84,7.28,0.16,47.92,0.03,5.48,34.79,6.63,8.19,8.45,3.59,18.39,18.55,15.91,12.87,7.43,97.3,2.7,100.0,100.0,100.0,100.0,100.0,100.0,100.0,100.0,100.0,100.0,6.63,8.19,8.45,3.59,18.39,18.55,15.91,12.87,7.43,97.3,2.7,100.0,29.0,5786.0,1395.0,12087.0,267.0,79529.0,44.0,9091.0,57743.0,11001.0,13586.0,14024.0,5956.0,30521.0,30780.0,26400.0,21366.0,12337.0,161483.0,4489.0,165972.0,0.01,3.63,0.75,6.6,0.13,49.46,0.02,5.37,34.03,46.59,53.41,100.0,25.42,14.69,36.57,23.32,19.0,5131.0,1055.0,9325.0,179.0,69929.0,33.0,7593.0,48120.0,65870.0,75515.0,141385.0,35937.0,20771.0,51708.0,32968.0
3502903,0.0,3.35,0.6,6.48,0.22,53.25,0.03,5.02,31.05,49.78,50.21,6.66,7.36,7.3,6.08,2.9,14.79,17.0,15.95,15.05,6.92,100.0,0.0,100.0,100.0,100.0,100.0,100.0,100.0,100.0,100.0,49.79,50.21,6.66,7.36,7.3,6.08,2.9,14.79,16.99,15.95,15.05,6.92,100.0,0.0,973.0,173.0,1883.0,63.0,15468.0,10.0,1459.0,9019.0,14462.0,14586.0,1934.0,2138.0,2122.0,1765.0,842.0,4296.0,4937.0,4633.0,4372.0,2010.0,29049.0,0.0,3.49,0.64,6.51,0.23,53.84,0.04,5.14,30.12,7.89,7.83,6.51,3.11,15.84,18.21,17.09,16.12,7.41,97.06,2.94,100.0,0.0,100.0,100.0,100.0,100.0,100.0,100.0,100.0,100.0,7.88,7.83,6.51,3.11,15.84,18.21,17.09,16.12,7.41,97.06,2.94,100.0,0.0,945.0,173.0,1765.0,63.0,14598.0,10.0,1395.0,8166.0,2138.0,2122.0,1765.0,842.0,4296.0,4937.0,4633.0,4372.0,2010.0,26316.0,798.0,27114.0,0.0,3.46,0.63,5.99,0.24,55.36,0.04,5.04,29.25,49.37,50.63,100.0,27.66,15.16,36.58,20.6,0.0,790.0,143.0,1368.0,55.0,12652.0,10.0,1152.0,6685.0,11283.0,11571.0,22855.0,6322.0,3464.0,8361.0,4708.0
3503000,0.0,8.27,1.0,2.85,0.08,63.93,0.0,2.65,21.21,48.59,51.41,7.23,6.98,6.52,7.79,3.88,16.86,15.36,15.75,12.69,6.94,100.0,0.0,100.0,100.0,100.0,100.0,100.0,0.0,100.0,100.0,48.59,51.41,7.23,6.98,6.52,7.79,3.88,16.86,15.36,15.75,12.69,6.94,100.0,0.0,397.0,48.0,137.0,4.0,3068.0,0.0,127.0,1018.0,2332.0,2467.0,347.0,335.0,313.0,374.0,186.0,809.0,737.0,756.0,609.0,333.0,4799.0,0.0,8.69,0.9,2.85,0.09,64.53,0.0,2.63,20.31,7.52,7.03,8.4,4.18,18.17,16.55,16.98,13.68,7.48,94.54,5.46,100.0,0.0,100.0,100.0,100.0,100.0,100.0,0.0,100.0,100.0,7.52,7.03,8.4,4.18,18.17,16.55,16.98,13.68,7.48,94.54,5.46,100.0,0.0,387.0,40.0,127.0,4.0,2873.0,0.0,117.0,904.0,335.0,313.0,374.0,186.0,809.0,737.0,756.0,609.0,333.0,4209.0,243.0,4452.0,0.0,8.94,0.6,2.52,0.11,66.09,0.0,2.47,19.27,48.08,51.92,100.0,41.46,15.06,30.39,13.09,0.0,340.0,23.0,96.0,4.0,2514.0,0.0,94.0,733.0,1829.0,1975.0,3804.0,1577.0,573.0,1156.0,498.0
3503109,0.0,0.72,0.27,4.23,0.0,59.06,0.0,4.92,30.81,50.17,49.83,7.57,7.85,8.7,7.58,2.48,16.23,16.51,14.93,12.11,6.03,100.0,0.0,100.0,100.0,100.0,0.0,100.0,0.0,100.0,100.0,50.18,49.82,7.57,7.85,8.7,7.58,2.49,16.23,16.51,14.93,12.12,6.03,100.0,0.0,43.0,16.0,254.0,0.0,3544.0,0.0,295.0,1849.0,3011.0,2990.0,454.0,471.0,522.0,455.0,149.0,974.0,991.0,896.0,727.0,362.0,6001.0,0.0,0.78,0.22,4.06,0.0,59.88,0.0,4.87,30.2,8.49,9.41,8.2,2.69,17.56,17.87,16.16,13.11,6.53,94.16,5.84,100.0,0.0,100.0,100.0,100.0,0.0,100.0,0.0,100.0,100.0,8.5,9.41,8.2,2.69,17.56,17.86,16.15,13.11,6.53,94.15,5.85,100.0,0.0,43.0,12.0,225.0,0.0,3321.0,0.0,270.0,1675.0,471.0,522.0,455.0,149.0,974.0,991.0,896.0,727.0,362.0,5222.0,324.0,5546.0,0.0,0.94,0.26,3.23,0.0,61.08,0.0,4.9,29.58,49.24,50.76,100.0,45.44,15.66,31.14,7.78,0.0,43.0,12.0,147.0,0.0,2781.0,0.0,223.0,1347.0,2242.0,2311.0,4553.0,2069.0,713.0,1418.0,354.0
3503158,0.0,0.38,0.19,6.43,0.0,60.75,0.0,2.83,29.37,48.75,51.25,7.58,7.92,7.05,6.57,3.26,13.77,14.92,17.71,14.49,6.72,100.0,0.0,100.0,100.0,100.0,0.0,100.0,0.0,100.0,100.0,48.75,51.25,7.58,7.92,7.05,6.57,3.26,13.77,14.92,17.71,14.49,6.72,100.0,0.0,8.0,4.0,134.0,0.0,1266.0,0.0,59.0,612.0,1016.0,1068.0,158.0,165.0,147.0,137.0,68.0,287.0,311.0,369.0,302.0,140.0,2084.0,0.0,0.42,0.21,6.07,0.0,61.89,0.0,2.7,28.66,8.57,7.63,7.11,3.53,14.9,16.15,19.16,15.68,7.27,94.44,5.56,100.0,0.0,100.0,100.0,100.0,0.0,100.0,0.0,100.0,100.0,8.57,7.63,7.11,3.53,14.9,16.15,19.16,15.68,7.27,94.46,5.54,100.0,0.0,8.0,4.0,117.0,0.0,1192.0,0.0,52.0,552.0,165.0,147.0,137.0,68.0,287.0,311.0,369.0,302.0,140.0,1819.0,107.0,1926.0,0.0,0.5,0.25,5.27,0.0,62.89,0.0,2.91,28.19,48.82,51.18,100.0,46.72,14.5,30.05,8.74,0.0,8.0,4.0,85.0,0.0,1015.0,0.0,47.0,455.0,788.0,826.0,1614.0,754.0,234.0,485.0,141.0
3503208,0.05,5.64,2.26,8.58,0.05,55.21,0.05,4.72,23.43,47.46,52.54,6.39,6.72,7.7,8.28,3.23,18.13,17.37,14.17,11.68,6.32,100.0,100.0,100.0,100.0,100.0,100.0,100.0,100.0,100.0,100.0,47.46,52.54,6.39,6.72,7.7,8.28,3.23,18.13,17.37,14.17,11.68,6.32,100.0,101.0,12145.0,4872.0,18487.0,113.0,118897.0,116.0,10167.0,50446.0,102201.0,113143.0,13767.0,14470.0,16592.0,17827.0,6963.0,39037.0,37403.0,30518.0,25154.0,13613.0,215344.0,0.05,5.77,2.27,8.42,0.05,55.44,0.06,4.72,23.23,7.18,8.23,8.84,3.45,19.37,18.56,15.14,12.48,6.75,97.71,2.29,100.0,100.0,100.0,100.0,100.0,100.0,100.0,100.0,100.0,100.0,7.18,8.23,8.84,3.45,19.37,18.56,15.14,12.48,6.75,97.71,2.29,100.0,101.0,11626.0,4572.0,16968.0,102.0,111761.0,116.0,9508.0,46823.0,14470.0,16592.0,17827.0,6963.0,39037.0,37403.0,30518.0,25154.0,13613.0,196960.0,4618.0,201577.0,0.05,6.16,2.1,7.43,0.04,56.93,0.06,4.63,22.61,46.78,53.23,100.0,22.63,14.29,37.62,25.46,78.0,10504.0,3577.0,12661.0,73.0,97077.0,103.0,7897.0,38545.0,79759.0,90757.0,170515.0,38580.0,24375.0,64145.0,43416.0
3503307,0.05,2.25,0.67,7.88,0.07,54.09,0.0,4.58,30.42,48.11,51.89,6.58,6.76,7.57,8.38,3.04,18.04,17.13,14.66,11.55,6.28,100.0,100.0,100.0,100.0,100.0,100.0,100.0,0.0,100.0,100.0,48.11,51.89,6.58,6.76,7.57,8.38,3.04,18.04,17.13,14.66,11.55,6.28,100.0,53.0,2604.0,778.0,9128.0,80.0,62698.0,0.0,5306.0,35259.0,55768.0,60138.0,7631.0,7841.0,8774.0,9711.0,3520.0,20913.0,19858.0,16992.0,13389.0,7277.0,115906.0,0.04,2.34,0.65,7.8,0.06,54.56,0.0,4.6,29.95,7.24,8.1,8.97,3.25,19.31,18.34,15.69,12.37,6.72,97.32,2.68,100.0,100.0,100.0,100.0,100.0,100.0,100.0,0.0,100.0,100.0,7.24,8.1,8.97,3.25,19.31,18.34,15.69,12.37,6.72,97.32,2.68,100.0,44.0,2536.0,703.0,8442.0,67.0,59075.0,0.0,4982.0,32426.0,7841.0,8774.0,9711.0,3520.0,20913.0,19858.0,16992.0,13389.0,7277.0,105378.0,2897.0,108275.0,0.03,2.4,0.6,6.96,0.07,56.28,0.0,4.65,29.02,47.39,52.61,100.0,28.09,14.6,35.3,22.01,26.0,2200.0,550.0,6380.0,67.0,51582.0,0.0,4259.0,26597.0,43439.0,48221.0,91660.0,25743.0,13380.0,32359.0,20178.0
3503356,0.0,0.23,0.11,1.97,0.0,57.05,0.17,1.13,39.29,50.06,49.94,6.99,7.05,7.44,6.88,3.66,15.84,14.49,16.12,13.25,8.29,100.0,0.0,100.0,100.0,100.0,0.0,100.0,100.0,100.0,100.0,50.08,49.92,6.99,7.05,7.44,6.88,3.66,15.84,14.49,16.12,13.25,8.29,100.0,0.0,4.0,2.0,35.0,0.0,1012.0,3.0,20.0,697.0,888.0,886.0,124.0,125.0,132.0,122.0,65.0,281.0,257.0,286.0,235.0,147.0,1774.0,0.0,0.24,0.12,1.88,0.0,58.24,0.18,1.21,38.12,7.58,8.0,7.39,3.94,17.03,15.58,17.33,14.24,8.91,92.67,7.33,100.0,0.0,100.0,100.0,100.0,0.0,100.0,100.0,100.0,100.0,7.58,8.0,7.39,3.94,17.03,15.58,17.33,14.24,8.91,92.69,7.31,100.0,0.0,4.0,2.0,31.0,0.0,961.0,3.0,20.0,629.0,125.0,132.0,122.0,65.0,281.0,257.0,286.0,235.0,147.0,1529.0,121.0,1650.0,0.0,0.29,0.14,1.22,0.0,60.37,0.14,0.93,36.9,48.89,51.11,100.0,44.65,13.35,31.08,10.98,0.0,4.0,2.0,17.0,0.0,841.0,2.0,13.0,514.0,681.0,712.0,1393.0,622.0,186.0,433.0,153.0
3503406,0.0,1.18,0.48,5.18,0.22,62.07,0.0,1.58,29.27,49.97,50.03,6.19,6.22,6.16,7.19,4.11,12.89,15.43,16.57,14.67,10.55,100.0,0.0,100.0,100.0,100.0,100.0,100.0,0.0,100.0,100.0,49.97,50.03,6.19,6.22,6.17,7.2,4.11,12.88,15.43,16.57,14.68,10.56,100.0,0.0,86.0,35.0,377.0,16.0,4513.0,0.0,115.0,2128.0,3633.0,3638.0,450.0,452.0,448.0,523.0,299.0,937.0,1122.0,1205.0,1067.0,767.0,7271.0,0.0,1.26,0.44,4.91,0.23,62.66,0.0,1.61,28.87,6.63,6.57,7.67,4.38,13.74,16.45,17.67,15.64,11.24,96.1,3.9,100.0,0.0,100.0,100.0,100.0,100.0,100.0,0.0,100.0,100.0,6.63,6.57,7.67,4.38,13.73,16.45,17.66,15.65,11.25,96.1,3.9,100.0,0.0,86.0,30.0,335.0,16.0,4274.0,0.0,110.0,1969.0,452.0,448.0,523.0,299.0,937.0,1122.0,1205.0,1067.0,767.0,6555.0,266.0,6821.0,0.0,1.37,0.35,4.46,0.17,64.0,0.0,1.6,28.04,49.53,50.47,100.0,43.6,16.11,25.22,15.08,0.0,81.0,21.0,264.0,10.0,3789.0,0.0,95.0,1660.0,2932.0,2988.0,5920.0,2581.0,954.0,1493.0,893.0
3503505,0.0,0.67,0.0,1.47,0.0,72.83,0.0,3.72,21.31,50.11,49.89,7.47,8.17,7.69,7.66,3.59,15.48,17.11,14.64,12.11,6.09,100.0,0.0,100.0,0.0,100.0,0.0,100.0,0.0,100.0,100.0,50.11,49.89,7.47,8.17,7.69,7.66,3.59,15.48,17.11,14.64,12.11,6.09,100.0,0.0,21.0,0.0,46.0,0.0,2273.0,0.0,116.0,665.0,1564.0,1557.0,233.0,255.0,240.0,239.0,112.0,483.0,534.0,457.0,378.0,190.0,3121.0,0.0,0.73,0.0,1.59,0.0,72.85,0.0,3.84,20.95,8.83,8.31,8.28,3.88,16.72,18.49,15.82,13.09,6.58,94.49,5.51,100.0,0.0,100.0,0.0,100.0,0.0,100.0,0.0,100.0,100.0,8.83,8.31,8.28,3.88,16.72,18.49,15.82,13.09,6.58,94.49,5.51,100.0,0.0,21.0,0.0,46.0,0.0,2104.0,0.0,111.0,605.0,255.0,240.0,239.0,112.0,483.0,534.0,457.0,378.0,190.0,2729.0,159.0,2888.0,0.0,0.88,0.0,1.8,0.0,74.01,0.0,3.59,19.68,49.77,50.23,100.0,42.21,15.21,32.01,10.57,0.0,21.0,0.0,43.0,0.0,1771.0,0.0,86.0,471.0,1191.0,1202.0,2393.0,1010.0,364.0,766.0,253.0
3503604,0.0,0.1,0.05,8.3,0.06,50.31,0.0,2.24,38.97,50.36,49.64,8.23,8.26,9.35,8.48,2.05,18.18,16.64,15.38,8.9,4.52,100.0,0.0,100.0,100.0,100.0,100.0,100.0,0.0,100.0,100.0,50.36,49.64,8.23,8.26,9.35,8.48,2.05,18.18,16.64,15.38,8.9,4.52,100.0,0.0,9.0,4.0,731.0,5.0,4432.0,0.0,197.0,3433.0,4437.0,4373.0,725.0,728.0,824.0,747.0,181.0,1602.0,1466.0,1355.0,784.0,398.0,8810.0,0.0,0.11,0.05,8.18,0.06,50.22,0.0,2.44,38.95,9.0,10.19,9.24,2.24,19.81,18.13,16.76,9.7,4.92,92.52,7.48,100.0,0.0,100.0,100.0,100.0,100.0,100.0,0.0,100.0,100.0,9.0,10.19,9.24,2.24,19.81,18.13,16.76,9.7,4.92,92.52,7.48,100.0,0.0,9.0,4.0,661.0,5.0,4060.0,0.0,197.0,3149.0,728.0,824.0,747.0,181.0,1602.0,1466.0,1355.0,784.0,398.0,7480.0,605.0,8085.0,0.0,0.14,0.0,6.66,0.08,52.23,0.0,2.45,38.45,49.99,50.01,100.0,43.04,15.23,32.8,8.92,0.0,9.0,0.0,435.0,5.0,3412.0,0.0,160.0,2512.0,3266.0,3267.0,6533.0,2812.0,995.0,2143.0,583.0
3503703,0.0,2.35,0.67,3.87,0.22,66.89,0.0,1.85,24.17,49.67,50.33,6.23,7.35,6.89,7.38,3.28,16.04,17.91,15.03,12.55,7.33,100.0,0.0,100.0,100.0,100.0,100.0,100.0,0.0,100.0,100.0,49.67,50.33,6.23,7.35,6.89,7.38,3.28,16.04,17.91,15.03,12.55,7.33,100.0,0.0,160.0,46.0,264.0,15.0,4561.0,0.0,126.0,1648.0,3387.0,3432.0,425.0,501.0,470.0,503.0,224.0,1094.0,1221.0,1025.0,856.0,500.0,6819.0,0.0,2.31,0.72,3.61,0.16,67.49,0.0,1.78,23.93,7.84,7.35,7.87,3.5,17.11,19.1,16.03,13.39,7.82,94.78,5.22,100.0,0.0,100.0,100.0,100.0,100.0,100.0,0.0,100.0,100.0,7.84,7.35,7.87,3.5,17.11,19.1,16.03,13.39,7.82,94.77,5.23,100.0,0.0,148.0,46.0,231.0,10.0,4315.0,0.0,114.0,1530.0,501.0,470.0,503.0,224.0,1094.0,1221.0,1025.0,856.0,500.0,6060.0,334.0,6394.0,0.0,2.53,0.46,3.1,0.18,69.15,0.0,1.84,22.72,48.61,51.39,100.0,43.35,11.51,31.72,13.42,0.0,137.0,25.0,168.0,10.0,3750.0,0.0,100.0,1232.0,2636.0,2787.0,5423.0,2351.0,624.0,1720.0,728.0
3503802,0.0,0.83,0.67,8.9,0.17,53.5,0.0,5.36,30.58,49.18,50.82,7.71,7.8,9.32,8.58,2.4,17.84,17.38,14.71,9.51,4.74,100.0,0.0,100.0,100.0,100.0,100.0,100.0,0.0,100.0,100.0,49.18,50.82,7.71,7.8,9.32,8.58,2.4,17.84,17.38,14.71,9.51,4.74,100.0,0.0,372.0,299.0,4000.0,78.0,24053.0,0.0,2410.0,13746.0,22112.0,22846.0,3467.0,3506.0,4188.0,3858.0,1079.0,8021.0,7815.0,6615.0,4277.0,2131.0,44958.0,0.0,0.85,0.69,8.83,0.16,53.93,0.0,5.31,30.23,8.45,10.09,9.3,2.6,19.33,18.84,15.94,10.31,5.14,95.84,4.16,100.0,0.0,100.0,100.0,100.0,100.0,100.0,0.0,100.0,100.0,8.45,10.09,9.3,2.6,19.33,18.84,15.94,10.31,5.14,95.84,4.16,100.0,0.0,353.0,285.0,3662.0,66.0,22377.0,0.0,2205.0,12543.0,3506.0,4188.0,3858.0,1079.0,8021.0,7815.0,6615.0,4277.0,2131.0,39764.0,1727.0,41491.0,0.0,0.97,0.65,7.92,0.13,55.57,0.0,5.48,29.29,48.59,51.41,100.0,37.7,17.26,30.72,14.32,0.0,327.0,218.0,2676.0,44.0,18780.0,0.0,1852.0,9900.0,16423.0,17373.0,33796.0,12740.0,5834.0,10382.0,4840.0
3503901,0.02,2.61,1.45,10.11,0.2,45.36,0.0,9.24,31.01,48.06,51.94,7.85,8.3,9.13,8.5,1.83,17.7,17.79,13.96,10.19,4.75,100.0,100.0,100.0,100.0,100.0,100.0,100.0,0.0,100.0,100.0,48.06,51.94,7.85,8.3,9.13,8.5,1.83,17.7,17.79,13.96,10.19,4.75,100.0,17.0,1968.0,1098.0,7633.0,150.0,34250.0,0.0,6976.0,23415.0,36287.0,39220.0,5925.0,6265.0,6897.0,6420.0,1383.0,13367.0,13429.0,10541.0,7697.0,3583.0,75507.0,0.02,2.66,1.53,9.76,0.2,45.97,0.0,9.35,30.51,9.0,9.91,9.23,1.99,19.21,19.3,15.15,11.06,5.15,97.07,2.93,100.0,100.0,100.0,100.0,100.0,100.0,100.0,0.0,100.0,100.0,9.0,9.91,9.23,1.99,19.21,19.3,15.15,11.06,5.15,97.07,2.93,100.0,17.0,1851.0,1064.0,6794.0,137.0,31984.0,0.0,6503.0,21231.0,6265.0,6897.0,6420.0,1383.0,13367.0,13429.0,10541.0,7697.0,3583.0,67543.0,2039.0,69582.0,0.0,2.79,1.26,8.76,0.2,47.84,0.0,9.11,30.04,47.17,52.83,100.0,24.96,13.93,40.79,20.32,0.0,1576.0,710.0,4941.0,111.0,26994.0,0.0,5141.0,16946.0,26612.0,29808.0,56420.0,14084.0,7858.0,23015.0,11463.0
3503950,0.0,0.99,0.31,2.09,0.43,67.65,0.0,0.25,28.28,49.17,50.83,6.16,6.59,6.22,6.53,3.94,13.62,15.83,18.11,13.12,9.86,100.0,0.0,100.0,100.0,100.0,100.0,100.0,0.0,100.0,100.0,49.16,50.84,6.16,6.59,6.22,6.53,3.94,13.62,15.83,18.11,13.12,9.86,100.0,0.0,16.0,5.0,34.0,7.0,1098.0,0.0,4.0,459.0,798.0,825.0,100.0,107.0,101.0,106.0,64.0,221.0,257.0,294.0,213.0,160.0,1623.0,0.0,1.05,0.33,2.17,0.46,68.75,0.0,0.26,26.99,7.03,6.63,6.96,4.2,14.51,16.87,19.3,13.99,10.51,90.74,9.26,100.0,0.0,100.0,100.0,100.0,100.0,100.0,0.0,100.0,100.0,7.03,6.63,6.96,4.2,14.51,16.87,19.3,13.99,10.51,90.77,9.23,100.0,0.0,16.0,5.0,33.0,7.0,1047.0,0.0,4.0,411.0,107.0,101.0,106.0,64.0,221.0,257.0,294.0,213.0,160.0,1382.0,141.0,1523.0,0.0,1.22,0.38,1.98,0.53,70.19,0.0,0.3,25.4,48.75,51.25,100.0,49.96,11.79,23.04,15.21,0.0,16.0,5.0,26.0,7.0,923.0,0.0,4.0,334.0,641.0,674.0,1315.0,657.0,155.0,303.0,200.0
3504008,0.05,1.13,0.56,5.48,0.05,57.61,0.0,2.82,32.31,47.74,52.26,6.73,6.74,7.71,8.15,3.16,17.18,16.93,14.95,11.85,6.58,100.0,100.0,100.0,100.0,100.0,100.0,100.0,0.0,100.0,100.0,47.74,52.26,6.73,6.74,7.71,8.15,3.16,17.18,16.93,14.95,11.85,6.58,100.0,42.0,1016.0,506.0,4931.0,42.0,51818.0,0.0,2533.0,29065.0,42947.0,47007.0,6058.0,6066.0,6936.0,7332.0,2840.0,15457.0,15230.0,13452.0,10664.0,5919.0,89954.0,0.05,1.18,0.58,5.42,0.05,58.13,0.0,2.81,31.78,7.23,8.27,8.74,3.39,18.42,18.15,16.03,12.71,7.06,97.88,2.12,100.0,100.0,100.0,100.0,100.0,100.0,100.0,0.0,100.0,100.0,7.23,8.27,8.74,3.39,18.42,18.15,16.03,12.71,7.06,97.88,2.12,100.0,42.0,991.0,485.0,4545.0,42.0,48766.0,0.0,2360.0,26666.0,6066.0,6936.0,7332.0,2840.0,15457.0,15230.0,13452.0,10664.0,5919.0,82118.0,1778.0,83896.0,0.05,1.15,0.49,4.7,0.01,59.56,0.0,2.68,31.37,46.94,53.06,100.0,23.92,12.56,36.82,26.69,32.0,815.0,349.0,3331.0,10.0,42222.0,0.0,1899.0,22236.0,33278.0,37616.0,70894.0,16957.0,8907.0,26106.0,18924.0
3504107,0.06,4.29,1.8,9.65,0.1,52.01,0.0,7.7,24.4,48.2,51.8,7.08,6.89,7.69,7.59,3.06,17.92,18.01,14.25,11.23,6.27,100.0,100.0,100.0,100.0,100.0,100.0,100.0,0.0,100.0,100.0,48.2,51.8,7.08,6.89,7.69,7.59,3.06,17.92,18.01,14.25,11.23,6.27,100.0,80.0,5977.0,2508.0,13452.0,134.0,72468.0,0.0,10723.0,34004.0,67171.0,72175.0,9867.0,9607.0,10711.0,10573.0,4269.0,24977.0,25092.0,19860.0,15647.0,8743.0,139346.0,0.06,4.31,1.8,9.46,0.1,52.42,0.0,7.62,24.24,7.42,8.27,8.17,3.3,19.29,19.38,15.34,12.08,6.75,96.68,3.32,100.0,100.0,100.0,100.0,100.0,100.0,100.0,0.0,100.0,100.0,7.42,8.27,8.17,3.3,19.29,19.38,15.34,12.08,6.75,96.68,3.32,100.0,80.0,5584.0,2325.0,12243.0,126.0,67869.0,0.0,9869.0,31383.0,9607.0,10711.0,10573.0,4269.0,24977.0,25092.0,19860.0,15647.0,8743.0,125182.0,4297.0,129479.0,0.07,4.69,1.8,8.54,0.08,53.68,0.0,7.74,23.4,47.46,52.54,100.0,28.1,13.23,32.71,25.97,80.0,5117.0,1966.0,9325.0,90.0,58594.0,0.0,8444.0,25544.0,51808.0,57353.0,109161.0,30669.0,14438.0,35707.0,28348.0
3504206,0.0,3.83,0.11,3.31,0.08,52.63,0.0,1.98,38.06,48.77,51.23,6.16,6.61,6.67,7.31,3.72,15.94,16.72,16.24,12.81,7.83,100.0,0.0,100.0,100.0,100.0,100.0,100.0,0.0,100.0,100.0,48.77,51.23,6.16,6.61,6.67,7.31,3.72,15.94,16.72,16.24,12.81,7.83,100.0,0.0,468.0,13.0,404.0,10.0,6428.0,0.0,242.0,4648.0,5956.0,6257.0,752.0,807.0,814.0,893.0,454.0,1947.0,2042.0,1983.0,1565.0,956.0,12213.0,0.0,3.89,0.11,3.31,0.09,52.94,0.0,2.07,37.6,7.04,7.1,7.79,3.96,16.99,17.82,17.3,13.66,8.34,95.36,4.64,100.0,0.0,100.0,100.0,100.0,100.0,100.0,0.0,100.0,100.0,7.04,7.1,7.79,3.96,16.99,17.82,17.3,13.66,8.34,95.36,4.64,100.0,0.0,446.0,13.0,379.0,10.0,6068.0,0.0,237.0,4309.0,807.0,814.0,893.0,454.0,1947.0,2042.0,1983.0,1565.0,956.0,10929.0,532.0,11461.0,0.0,4.16,0.09,3.06,0.1,53.94,0.0,2.14,36.5,48.23,51.77,100.0,36.06,14.44,34.04,15.45,0.0,409.0,9.0,301.0,10.0,5308.0,0.0,211.0,3592.0,4746.0,5094.0,9840.0,3548.0,1421.0,3350.0,1520.0
3504305,0.0,0.44,0.28,6.4,0.23,43.36,1.75,1.11,46.45,50.04,49.96,7.09,7.58,7.71,8.41,2.45,16.61,15.71,15.04,12.69,6.71,100.0,0.0,100.0,100.0,100.0,100.0,100.0,100.0,100.0,100.0,50.04,49.96,7.09,7.58,7.71,8.41,2.45,16.61,15.71,15.04,12.69,6.71,100.0,0.0,17.0,11.0,248.0,9.0,1681.0,68.0,43.0,1801.0,1940.0,1937.0,275.0,294.0,299.0,326.0,95.0,644.0,609.0,583.0,492.0,260.0,3877.0,0.0,0.47,0.14,6.58,0.25,44.53,1.61,1.19,45.22,8.16,8.3,9.05,2.64,17.88,16.91,16.19,13.66,7.22,95.89,4.11,100.0,0.0,100.0,100.0,100.0,100.0,100.0,100.0,100.0,100.0,8.16,8.3,9.05,2.64,17.88,16.91,16.19,13.66,7.22,95.89,4.11,100.0,0.0,17.0,5.0,237.0,9.0,1604.0,58.0,43.0,1629.0,294.0,299.0,326.0,95.0,644.0,609.0,583.0,492.0,260.0,3454.0,148.0,3602.0,0.0,0.5,0.0,5.32,0.3,46.03,1.43,1.13,45.26,49.85,50.15,100.0,42.47,15.92,30.94,10.67,0.0,15.0,0.0,160.0,9.0,1385.0,43.0,34.0,1362.0,1500.0,1509.0,3009.0,1278.0,479.0,931.0,321.0
3504404,0.0,1.55,0.55,6.58,0.1,53.41,0.0,3.01,34.82,55.79,44.21,7.33,7.37,10.43,11.31,2.2,18.46,15.46,12.87,9.51,5.06,100.0,0.0,100.0,100.0,100.0,100.0,100.0,0.0,100.0,100.0,55.79,44.21,7.33,7.37,10.43,11.31,2.2,18.46,15.46,12.87,9.51,5.06,100.0,0.0,154.0,55.0,654.0,10.0,5309.0,0.0,299.0,3461.0,5546.0,4395.0,729.0,733.0,1037.0,1124.0,219.0,1835.0,1537.0,1279.0,945.0,503.0,9941.0,0.0,1.64,0.51,5.67,0.11,54.49,0.0,3.17,34.41,7.96,11.26,12.2,2.38,19.92,16.68,13.88,10.26,5.46,95.05,4.95,100.0,0.0,100.0,100.0,100.0,100.0,100.0,0.0,100.0,100.0,7.96,11.26,12.2,2.38,19.92,16.68,13.88,10.26,5.46,95.05,4.95,100.0,0.0,151.0,47.0,522.0,10.0,5020.0,0.0,292.0,3170.0,733.0,1037.0,1124.0,219.0,1835.0,1537.0,1279.0,945.0,503.0,8756.0,456.0,9212.0,0.0,1.83,0.63,5.31,0.13,56.26,0.0,3.27,32.59,55.25,44.75,100.0,42.1,16.72,28.37,12.82,0.0,136.0,47.0,395.0,10.0,4187.0,0.0,243.0,2425.0,4112.0,3330.0,7442.0,3133.0,1244.0,2111.0,954.0
3504503,0.0,2.18,0.7,6.49,0.07,59.03,0.01,4.29,27.24,49.46,50.54,7.3,7.67,8.2,8.25,2.65,18.14,17.1,13.49,10.89,6.33,100.0,0.0,100.0,100.0,100.0,100.0,100.0,100.0,100.0,100.0,49.46,50.54,7.3,7.67,8.2,8.25,2.65,18.13,17.1,13.49,10.89,6.33,100.0,0.0,1767.0,565.0,5272.0,57.0,47939.0,7.0,3483.0,22124.0,40167.0,41046.0,5927.0,6232.0,6658.0,6698.0,2155.0,14728.0,13884.0,10954.0,8842.0,5137.0,81213.0,0.0,2.27,0.65,6.64,0.06,59.67,0.01,4.28,26.41,8.28,8.84,8.9,2.86,19.56,18.44,14.55,11.74,6.82,96.64,3.36,100.0,0.0,100.0,100.0,100.0,100.0,100.0,100.0,100.0,100.0,8.28,8.84,8.9,2.86,19.56,18.44,14.55,11.74,6.82,96.64,3.36,100.0,0.0,1708.0,492.0,5000.0,48.0,44922.0,7.0,3223.0,19886.0,6232.0,6658.0,6698.0,2155.0,14728.0,13884.0,10954.0,8842.0,5137.0,72760.0,2526.0,75286.0,0.0,2.45,0.66,5.5,0.07,60.97,0.01,4.37,25.97,48.19,51.81,100.0,30.66,15.72,33.84,19.78,0.0,1527.0,411.0,3434.0,43.0,38044.0,7.0,2726.0,16204.0,30071.0,32325.0,62396.0,19132.0,9811.0,21114.0,12339.0
3504602,0.22,3.71,0.97,5.96,0.0,53.48,0.0,4.86,30.82,48.78,51.22,7.37,6.66,7.82,9.64,2.19,21.38,18.15,12.81,9.37,4.61,100.0,100.0,100.0,100.0,100.0,0.0,100.0,0.0,100.0,100.0,48.78,51.22,7.37,6.66,7.82,9.64,2.19,21.38,18.15,12.81,9.37,4.62,100.0,51.0,877.0,229.0,1410.0,0.0,12654.0,0.0,1149.0,7293.0,11542.0,12120.0,1744.0,1575.0,1851.0,2280.0,519.0,5059.0,4294.0,3032.0,2216.0,1092.0,23662.0,0.23,3.82,0.89,5.82,0.0,54.01,0.0,4.86,30.37,7.19,8.45,10.4,2.37,23.08,19.59,13.83,10.11,4.98,97.85,2.15,100.0,100.0,100.0,100.0,100.0,0.0,100.0,0.0,100.0,100.0,7.19,8.45,10.4,2.37,23.08,19.59,13.83,10.11,4.98,97.85,2.15,100.0,51.0,837.0,195.0,1276.0,0.0,11839.0,0.0,1065.0,6656.0,1575.0,1851.0,2280.0,519.0,5059.0,4294.0,3032.0,2216.0,1092.0,21447.0,471.0,21918.0,0.06,4.0,0.92,5.48,0.0,55.54,0.0,4.9,29.1,48.45,51.55,100.0,26.78,14.94,40.36,17.92,11.0,739.0,171.0,1013.0,0.0,10270.0,0.0,906.0,5382.0,8959.0,9533.0,18492.0,4952.0,2762.0,7464.0,3314.0
3504701,0.0,1.02,2.06,29.55,0.0,39.78,0.0,0.56,27.03,83.04,16.96,2.28,2.52,6.3,16.07,1.39,34.05,21.73,7.98,5.06,2.63,100.0,0.0,100.0,100.0,100.0,0.0,100.0,0.0,100.0,100.0,83.05,16.95,2.28,2.52,6.3,16.07,1.38,34.05,21.73,7.98,5.06,2.64,100.0,0.0,38.0,77.0,1103.0,0.0,1485.0,0.0,21.0,1009.0,3100.0,633.0,85.0,94.0,235.0,600.0,52.0,1271.0,811.0,298.0,189.0,98.0,3733.0,0.0,0.99,2.11,30.02,0.0,39.58,0.0,0.49,26.84,2.58,6.44,16.45,1.43,34.84,22.23,8.17,5.18,2.69,96.88,3.13,100.0,0.0,100.0,100.0,100.0,0.0,100.0,0.0,100.0,100.0,2.58,6.44,16.45,1.41,34.84,22.23,8.17,5.18,2.7,96.89,3.11,100.0,0.0,36.0,77.0,1095.0,0.0,1444.0,0.0,18.0,979.0,94.0,235.0,600.0,52.0,1271.0,811.0,298.0,189.0,98.0,3534.0,114.0,3648.0,0.0,1.08,1.84,30.25,0.0,40.19,0.0,0.54,26.12,84.91,15.09,100.0,54.62,22.12,18.98,4.28,0.0,36.0,61.0,1004.0,0.0,1334.0,0.0,18.0,867.0,2818.0,501.0,3319.0,1813.0,734.0,630.0,142.0
3504800,0.0,2.56,0.33,3.17,0.0,60.74,0.0,2.21,30.98,48.47,51.53,6.67,6.57,7.08,7.77,3.35,16.51,16.78,15.8,12.15,7.32,100.0,0.0,100.0,100.0,100.0,0.0,100.0,0.0,100.0,100.0,48.47,51.53,6.67,6.57,7.08,7.77,3.35,16.51,16.78,15.8,12.15,7.32,100.0,0.0,220.0,28.0,273.0,0.0,5224.0,0.0,190.0,2665.0,4169.0,4432.0,574.0,565.0,609.0,668.0,288.0,1420.0,1443.0,1359.0,1045.0,630.0,8601.0,0.0,2.74,0.3,3.25,0.0,61.28,0.0,2.17,30.26,7.04,7.59,8.32,3.59,17.69,17.98,16.93,13.02,7.85,96.75,3.25,100.0,0.0,100.0,100.0,100.0,0.0,100.0,0.0,100.0,100.0,7.04,7.59,8.32,3.59,17.69,17.98,16.93,13.02,7.85,96.74,3.26,100.0,0.0,220.0,24.0,261.0,0.0,4919.0,0.0,174.0,2429.0,565.0,609.0,668.0,288.0,1420.0,1443.0,1359.0,1045.0,630.0,7766.0,261.0,8027.0,0.0,2.83,0.35,2.44,0.0,63.01,0.0,2.32,29.05,47.51,52.49,100.0,38.17,14.71,30.88,16.24,0.0,194.0,24.0,167.0,0.0,4318.0,0.0,159.0,1991.0,3256.0,3597.0,6853.0,2616.0,1008.0,2116.0,1113.0
3504909,0.0,1.46,0.48,10.63,0.08,58.11,0.0,2.02,27.23,48.16,51.84,6.77,7.88,7.95,7.2,3.27,15.71,16.31,15.48,11.94,7.48,100.0,0.0,100.0,100.0,100.0,100.0,100.0,0.0,100.0,100.0,48.16,51.84,6.77,7.88,7.95,7.2,3.27,15.71,16.31,15.48,11.94,7.48,100.0,0.0,129.0,42.0,937.0,7.0,5123.0,0.0,178.0,2401.0,4246.0,4570.0,597.0,695.0,701.0,635.0,288.0,1385.0,1438.0,1365.0,1053.0,659.0,8816.0,0.0,1.56,0.51,10.33,0.06,58.39,0.0,2.17,27.0,8.46,8.53,7.73,3.5,16.85,17.5,16.61,12.81,8.02,94.96,5.04,100.0,0.0,100.0,100.0,100.0,100.0,100.0,0.0,100.0,100.0,8.46,8.53,7.73,3.5,16.85,17.5,16.61,12.81,8.02,94.96,5.04,100.0,0.0,128.0,42.0,849.0,5.0,4799.0,0.0,178.0,2219.0,695.0,701.0,635.0,288.0,1385.0,1438.0,1365.0,1053.0,659.0,7805.0,414.0,8219.0,0.0,1.79,0.34,9.28,0.07,60.24,0.0,1.99,26.29,47.08,52.92,100.0,43.18,12.9,29.9,14.03,0.0,122.0,23.0,633.0,5.0,4110.0,0.0,136.0,1794.0,3212.0,3611.0,6823.0,2946.0,880.0,2040.0,957.0
3505005,0.07,0.13,0.16,1.7,0.0,70.3,0.62,1.34,25.69,49.63,50.37,8.54,7.89,7.69,7.6,3.36,15.26,15.23,13.82,13.43,7.17,100.0,100.0,100.0,100.0,100.0,0.0,100.0,100.0,100.0,100.0,49.63,50.37,8.54,7.89,7.69,7.6,3.36,15.26,15.23,13.82,13.43,7.17,100.0,2.0,4.0,5.0,52.0,0.0,2156.0,19.0,41.0,788.0,1522.0,1545.0,262.0,242.0,236.0,233.0,103.0,468.0,467.0,424.0,412.0,220.0,3067.0,0.07,0.14,0.18,1.85,0.0,70.45,0.61,1.46,25.28,8.63,8.41,8.31,3.67,16.68,16.65,15.12,14.69,7.84,94.83,5.17,100.0,100.0,100.0,100.0,100.0,0.0,100.0,100.0,100.0,100.0,8.63,8.41,8.31,3.67,16.68,16.65,15.12,14.69,7.84,94.84,5.16,100.0,2.0,4.0,5.0,52.0,0.0,1976.0,17.0,41.0,709.0,242.0,236.0,233.0,103.0,468.0,467.0,424.0,412.0,220.0,2660.0,145.0,2805.0,0.09,0.17,0.21,1.85,0.0,71.25,0.47,1.55,24.37,49.55,50.45,100.0,46.41,21.19,28.49,3.91,2.0,4.0,5.0,43.0,0.0,1658.0,11.0,36.0,567.0,1153.0,1174.0,2327.0,1080.0,493.0,663.0,91.0
3505104,0.0,0.53,1.02,10.45,0.06,44.27,0.0,2.81,40.87,48.58,51.42,7.29,7.98,7.92,8.39,2.91,15.92,14.97,15.09,12.3,7.23,100.0,0.0,100.0,100.0,100.0,100.0,100.0,0.0,100.0,100.0,48.58,51.42,7.29,7.98,7.92,8.39,2.91,15.92,14.97,15.09,12.3,7.23,100.0,0.0,26.0,50.0,513.0,3.0,2174.0,0.0,138.0,2007.0,2386.0,2525.0,358.0,392.0,389.0,412.0,143.0,782.0,735.0,741.0,604.0,355.0,4911.0,0.0,0.57,0.88,10.3,0.07,44.81,0.0,2.66,40.74,8.61,8.54,9.05,3.14,17.18,16.14,16.27,13.27,7.8,92.95,7.05,100.0,0.0,100.0,100.0,100.0,100.0,100.0,0.0,100.0,100.0,8.61,8.54,9.05,3.14,17.18,16.14,16.27,13.27,7.8,92.94,7.06,100.0,0.0,26.0,40.0,469.0,3.0,2040.0,0.0,121.0,1855.0,392.0,389.0,412.0,143.0,782.0,735.0,741.0,604.0,355.0,4232.0,321.0,4553.0,0.0,0.69,0.87,9.17,0.0,47.19,0.0,2.78,39.29,47.53,52.47,100.0,49.1,16.91,25.45,8.54,0.0,26.0,33.0,346.0,0.0,1780.0,0.0,105.0,1482.0,1793.0,1979.0,3772.0,1852.0,638.0,960.0,322.0
3505203,0.0,1.22,0.19,3.26,0.0,70.22,0.0,1.15,23.96,48.7,51.3,6.69,7.11,7.95,7.94,3.56,16.51,16.03,14.58,12.6,7.03,100.0,0.0,100.0,100.0,100.0,0.0,100.0,0.0,100.0,100.0,48.7,51.3,6.69,7.11,7.95,7.94,3.56,16.51,16.03,14.58,12.6,7.03,100.0,0.0,340.0,53.0,909.0,0.0,19563.0,0.0,319.0,6676.0,13569.0,14291.0,1865.0,1981.0,2215.0,2211.0,993.0,4599.0,4466.0,4063.0,3509.0,1958.0,27860.0,0.0,1.26,0.2,3.29,0.0,70.98,0.0,1.12,23.15,7.62,8.52,8.51,3.82,17.69,17.18,15.63,13.5,7.53,96.24,3.76,100.0,0.0,100.0,100.0,100.0,0.0,100.0,0.0,100.0,100.0,7.62,8.52,8.51,3.82,17.69,17.18,15.63,13.5,7.53,96.24,3.76,100.0,0.0,328.0,53.0,856.0,0.0,18451.0,0.0,290.0,6018.0,1981.0,2215.0,2211.0,993.0,4599.0,4466.0,4063.0,3509.0,1958.0,25018.0,977.0,25995.0,0.0,1.37,0.2,2.9,0.0,72.41,0.0,1.25,21.85,48.03,51.97,100.0,36.78,15.46,29.09,18.68,0.0,299.0,44.0,633.0,0.0,15785.0,0.0,273.0,4764.0,10469.0,11330.0,21799.0,8017.0,3370.0,6341.0,4071.0
3505302,0.0,4.19,0.69,5.24,0.08,65.32,0.0,3.8,20.67,47.88,52.12,5.89,6.13,6.48,7.01,3.55,16.57,17.84,16.42,13.02,7.1,100.0,0.0,100.0,100.0,100.0,100.0,100.0,0.0,100.0,100.0,47.88,52.12,5.89,6.13,6.48,7.01,3.55,16.57,17.84,16.42,13.02,7.1,100.0,0.0,1301.0,215.0,1627.0,26.0,20292.0,0.0,1182.0,6423.0,14875.0,16192.0,1831.0,1903.0,2014.0,2178.0,1102.0,5147.0,5541.0,5100.0,4045.0,2206.0,31067.0,0.0,4.14,0.67,5.22,0.09,65.92,0.0,3.65,20.33,6.51,6.89,7.45,3.77,17.61,18.95,17.44,13.84,7.55,96.36,3.64,100.0,0.0,100.0,100.0,100.0,100.0,100.0,0.0,100.0,100.0,6.51,6.89,7.45,3.77,17.61,18.95,17.44,13.84,7.55,96.36,3.64,100.0,0.0,1209.0,195.0,1525.0,26.0,19272.0,0.0,1067.0,5943.0,1903.0,2014.0,2178.0,1102.0,5147.0,5541.0,5100.0,4045.0,2206.0,28173.0,1063.0,29236.0,0.0,4.47,0.59,4.83,0.1,66.14,0.0,3.55,20.32,47.33,52.67,100.0,32.33,15.5,32.88,19.3,0.0,1132.0,150.0,1224.0,26.0,16745.0,0.0,898.0,5144.0,11984.0,13335.0,25319.0,8185.0,3924.0,8324.0,4887.0
3505351,0.0,0.2,0.0,10.27,0.27,36.18,0.0,5.31,47.77,52.52,47.48,8.53,9.22,8.69,8.58,2.34,16.03,16.93,13.89,10.21,5.58,100.0,0.0,100.0,0.0,100.0,100.0,100.0,0.0,100.0,100.0,52.52,47.48,8.53,9.22,8.69,8.58,2.34,16.03,16.93,13.89,10.21,5.58,100.0,0.0,9.0,0.0,460.0,12.0,1620.0,0.0,238.0,2139.0,2352.0,2126.0,382.0,413.0,389.0,384.0,105.0,718.0,758.0,622.0,457.0,250.0,4478.0,0.0,0.22,0.0,9.62,0.29,36.65,0.0,5.49,47.73,10.08,9.5,9.38,2.56,17.53,18.51,15.19,11.16,6.1,91.19,8.81,100.0,0.0,100.0,0.0,100.0,100.0,100.0,0.0,100.0,100.0,10.08,9.5,9.38,2.56,17.53,18.51,15.19,11.16,6.1,91.18,8.82,100.0,0.0,9.0,0.0,394.0,12.0,1501.0,0.0,225.0,1955.0,413.0,389.0,384.0,105.0,718.0,758.0,622.0,457.0,250.0,3735.0,361.0,4096.0,0.0,0.27,0.0,7.23,0.36,38.4,0.0,6.01,47.72,53.04,46.96,100.0,50.58,14.27,29.6,5.56,0.0,9.0,0.0,238.0,12.0,1265.0,0.0,198.0,1572.0,1747.0,1547.0,3294.0,1666.0,470.0,975.0,183.0
3505401,0.07,0.18,0.15,11.07,0.07,45.46,0.0,2.31,40.7,50.75,49.25,9.36,8.98,7.22,6.03,3.33,15.06,15.75,14.42,12.91,6.93,100.0,100.0,100.0,100.0,100.0,100.0,100.0,0.0,100.0,100.0,50.75,49.25,9.36,8.98,7.22,6.03,3.33,15.06,15.75,14.42,12.91,6.93,100.0,4.0,11.0,9.0,661.0,4.0,2714.0,0.0,138.0,2430.0,3030.0,2940.0,559.0,536.0,431.0,360.0,199.0,899.0,940.0,861.0,771.0,414.0,5970.0,0.07,0.2,0.11,10.64,0.07,46.18,0.0,2.27,40.44,9.91,7.97,6.65,3.68,16.61,17.37,15.91,14.25,7.65,89.06,10.94,100.0,100.0,100.0,100.0,100.0,100.0,100.0,0.0,100.0,100.0,9.91,7.97,6.65,3.68,16.61,17.37,15.91,14.25,7.65,89.06,10.94,100.0,4.0,11.0,6.0,576.0,4.0,2499.0,0.0,123.0,2188.0,536.0,431.0,360.0,199.0,899.0,940.0,861.0,771.0,414.0,4819.0,592.0,5411.0,0.09,0.25,0.14,9.0,0.09,48.09,0.0,2.03,40.32,49.77,50.23,100.0,55.4,13.05,24.48,7.07,4.0,11.0,6.0,400.0,4.0,2137.0,0.0,90.0,1792.0,2212.0,2232.0,4444.0,2462.0,580.0,1088.0,314.0
3505500,0.03,3.11,1.21,5.68,0.05,60.74,0.03,3.7,25.45,47.57,52.43,6.54,6.6,7.92,8.44,2.71,18.73,17.15,14.31,11.16,6.44,100.0,100.0,100.0,100.0,100.0,100.0,100.0,100.0,100.0,100.0,47.57,52.43,6.54,6.6,7.92,8.44,2.71,18.73,17.15,14.31,11.16,6.44,100.0,36.0,3360.0,1307.0,6132.0,57.0,65566.0,27.0,3991.0,27467.0,51347.0,56596.0,7061.0,7128.0,8553.0,9114.0,2921.0,20213.0,18510.0,15449.0,12045.0,6949.0,107943.0,0.04,3.12,1.23,5.78,0.05,61.26,0.03,3.55,24.96,7.07,8.48,9.03,2.9,20.04,18.35,15.31,11.94,6.89,97.54,2.46,100.0,100.0,100.0,100.0,100.0,100.0,100.0,100.0,100.0,100.0,7.07,8.48,9.03,2.9,20.04,18.35,15.31,11.94,6.89,97.54,2.46,100.0,36.0,3143.0,1241.0,5834.0,47.0,61796.0,27.0,3579.0,25179.0,7128.0,8553.0,9114.0,2921.0,20213.0,18510.0,15449.0,12045.0,6949.0,98404.0,2478.0,100883.0,0.04,3.3,1.07,5.29,0.06,62.44,0.03,3.63,24.14,46.71,53.29,100.0,26.03,16.63,36.21,21.13,36.0,2813.0,913.0,4503.0,47.0,53197.0,27.0,3096.0,20569.0,39794.0,45407.0,85201.0,22179.0,14167.0,30848.0,18007.0
3505609,0.0,0.63,0.36,13.74,0.04,46.48,0.03,3.48,35.24,49.09,50.91,8.53,8.74,9.42,9.08,1.6,19.74,17.38,12.93,8.75,3.84,100.0,0.0,100.0,100.0,100.0,100.0,100.0,100.0,100.0,100.0,49.09,50.91,8.53,8.74,9.42,9.08,1.6,19.74,17.38,12.93,8.75,3.84,100.0,0.0,175.0,100.0,3798.0,10.0,12850.0,8.0,961.0,9743.0,13572.0,14073.0,2357.0,2415.0,2605.0,2509.0,441.0,5457.0,4806.0,3574.0,2420.0,1061.0,27645.0,0.0,0.59,0.4,13.72,0.04,46.72,0.03,3.52,34.98,9.55,10.3,9.92,1.74,21.58,19.01,14.13,9.57,4.2,94.66,5.34,100.0,0.0,100.0,100.0,100.0,100.0,100.0,100.0,100.0,100.0,9.55,10.3,9.92,1.74,21.58,19.01,14.13,9.57,4.2,94.66,5.34,100.0,0.0,150.0,100.0,3470.0,10.0,11815.0,8.0,891.0,8845.0,2415.0,2605.0,2509.0,441.0,5457.0,4806.0,3574.0,2420.0,1061.0,23937.0,1351.0,25288.0,0.0,0.7,0.31,11.73,0.0,48.38,0.04,3.07,35.77,48.26,51.74,100.0,41.25,15.46,30.94,12.35,0.0,141.0,63.0,2377.0,0.0,9806.0,8.0,623.0,7250.0,9782.0,10486.0,20268.0,8360.0,3134.0,6270.0,2504.0
3505708,0.03,1.82,1.25,11.43,0.08,46.33,0.0,6.39,32.68,47.26,52.74,7.9,8.05,8.54,8.71,1.43,20.25,19.45,12.73,9.04,3.9,100.0,100.0,100.0,100.0,100.0,100.0,100.0,100.0,100.0,100.0,47.26,52.74,7.9,8.05,8.54,8.71,1.43,20.25,19.45,12.73,9.04,3.9,100.0,69.0,4939.0,3390.0,31067.0,217.0,125961.0,11.0,17378.0,88847.0,128500.0,143378.0,21479.0,21888.0,23228.0,23687.0,3876.0,55050.0,52883.0,34599.0,24579.0,10610.0,271878.0,0.03,1.85,1.24,11.2,0.08,46.87,0.0,6.45,32.29,8.74,9.28,9.46,1.55,21.98,21.12,13.82,9.82,4.24,97.56,2.44,100.0,100.0,100.0,100.0,100.0,100.0,100.0,100.0,100.0,100.0,8.74,9.28,9.46,1.55,21.98,21.12,13.82,9.82,4.24,97.56,2.44,100.0,69.0,4620.0,3097.0,28047.0,189.0,117370.0,11.0,16140.0,80856.0,21888.0,23228.0,23687.0,3876.0,55050.0,52883.0,34599.0,24579.0,10610.0,244300.0,6099.0,250399.0,0.03,2.01,1.23,10.24,0.05,47.91,0.01,6.35,32.17,46.37,53.63,100.0,19.48,12.46,44.03,24.04,69.0,4120.0,2522.0,21020.0,110.0,98345.0,11.0,13040.0,66046.0,95186.0,110097.0,205283.0,39989.0,25574.0,90381.0,49340.0
3505807,0.0,0.15,0.06,6.64,0.22,57.4,0.0,3.31,32.23,48.71,51.29,7.1,7.61,7.8,8.08,3.16,15.65,15.9,16.06,12.03,6.62,100.0,0.0,100.0,100.0,100.0,100.0,100.0,0.0,100.0,100.0,48.71,51.29,7.1,7.61,7.8,8.08,3.16,15.65,15.9,16.06,12.03,6.62,100.0,0.0,28.0,12.0,1259.0,41.0,10888.0,0.0,628.0,6114.0,9239.0,9730.0,1347.0,1443.0,1479.0,1532.0,600.0,2968.0,3017.0,3046.0,2282.0,1255.0,18969.0,0.0,0.16,0.07,6.22,0.23,58.18,0.0,3.51,31.63,8.19,8.39,8.69,3.4,16.84,17.12,17.29,12.95,7.12,96.83,3.17,100.0,0.0,100.0,100.0,100.0,100.0,100.0,0.0,100.0,100.0,8.19,8.39,8.69,3.4,16.84,17.12,17.29,12.95,7.12,96.83,3.17,100.0,0.0,28.0,12.0,1096.0,41.0,10253.0,0.0,618.0,5574.0,1443.0,1479.0,1532.0,600.0,2968.0,3017.0,3046.0,2282.0,1255.0,17064.0,558.0,17622.0,0.0,0.19,0.08,5.54,0.28,59.61,0.0,3.56,30.73,48.03,51.97,100.0,36.5,16.22,31.83,15.44,0.0,28.0,12.0,815.0,41.0,8763.0,0.0,524.0,4518.0,7060.0,7640.0,14700.0,5366.0,2385.0,4679.0,2270.0
3505906,0.0,2.7,0.7,5.25,0.02,64.67,0.0,5.13,21.52,48.15,51.84,6.69,6.91,7.99,8.12,3.53,16.59,16.19,14.34,12.61,7.04,100.0,0.0,100.0,100.0,100.0,100.0,100.0,0.0,100.0,100.0,48.15,51.85,6.69,6.91,7.99,8.12,3.53,16.59,16.2,14.34,12.61,7.04,100.0,0.0,1398.0,363.0,2719.0,11.0,33488.0,0.0,2658.0,11146.0,24935.0,26846.0,3463.0,3579.0,4138.0,4204.0,1826.0,8590.0,8386.0,7424.0,6528.0,3644.0,51782.0,0.0,2.57,0.75,5.17,0.02,65.4,0.0,5.21,20.87,7.41,8.56,8.7,3.78,17.78,17.36,15.36,13.51,7.54,96.15,3.85,100.0,0.0,100.0,100.0,100.0,100.0,100.0,0.0,100.0,100.0,7.41,8.56,8.7,3.78,17.78,17.36,15.36,13.51,7.54,96.15,3.85,100.0,0.0,1244.0,363.0,2498.0,11.0,31603.0,0.0,2518.0,10083.0,3579.0,4138.0,4204.0,1826.0,8590.0,8386.0,7424.0,6528.0,3644.0,46460.0,1858.0,48319.0,0.0,2.51,0.6,4.59,0.03,67.42,0.0,5.14,19.72,47.27,52.73,100.0,36.39,16.1,28.99,18.52,0.0,1019.0,244.0,1864.0,11.0,27375.0,0.0,2085.0,8005.0,19191.0,21411.0,40602.0,14774.0,6536.0,11772.0,7519.0
3506003,0.0,3.77,1.48,8.2,0.05,43.94,0.04,6.59,35.93,48.06,51.94,6.62,7.19,8.47,8.79,3.09,17.57,17.05,13.94,11.06,6.22,100.0,100.0,100.0,100.0,100.0,100.0,100.0,100.0,100.0,100.0,48.06,51.94,6.62,7.19,8.47,8.79,3.09,17.57,17.05,13.94,11.06,6.22,100.0,10.0,12642.0,4957.0,27516.0,157.0,147403.0,128.0,22114.0,120533.0,161235.0,174225.0,22195.0,24108.0,28427.0,29500.0,10368.0,58926.0,57209.0,46768.0,37107.0,20852.0,335460.0,0.0,3.83,1.5,8.15,0.05,44.6,0.04,6.58,35.26,7.7,9.07,9.42,3.31,18.81,18.26,14.93,11.85,6.66,98.22,1.78,100.0,100.0,100.0,100.0,100.0,100.0,100.0,100.0,100.0,100.0,7.7,9.07,9.42,3.31,18.81,18.26,14.93,11.85,6.66,98.22,1.78,100.0,10.0,11996.0,4690.0,25521.0,147.0,139718.0,113.0,20624.0,110445.0,24108.0,28427.0,29500.0,10368.0,58926.0,57209.0,46768.0,37107.0,20852.0,307694.0,5571.0,313265.0,0.0,4.17,1.39,7.22,0.06,46.29,0.04,6.43,34.4,47.08,52.92,100.0,22.76,15.27,35.86,26.12,10.0,10884.0,3625.0,18816.0,147.0,120691.0,98.0,16764.0,89696.0,122739.0,137990.0,260730.0,59339.0,39807.0,93491.0,68092.0
3506102,0.0,3.18,0.73,6.27,0.01,56.82,0.0,2.8,30.19,48.02,51.98,6.59,6.74,7.38,7.88,3.44,17.35,17.11,14.69,11.78,7.05,100.0,0.0,100.0,100.0,100.0,100.0,100.0,0.0,100.0,100.0,48.02,51.98,6.59,6.74,7.38,7.88,3.44,17.35,17.11,14.69,11.78,7.05,100.0,0.0,2151.0,492.0,4235.0,8.0,38401.0,0.0,1891.0,20400.0,32448.0,35130.0,4453.0,4553.0,4988.0,5323.0,2327.0,11724.0,11563.0,9927.0,7959.0,4761.0,67578.0,0.0,3.27,0.74,6.11,0.01,57.57,0.0,2.75,29.54,7.21,7.9,8.43,3.69,18.57,18.32,15.73,12.61,7.54,97.65,2.35,100.0,0.0,100.0,100.0,100.0,100.0,100.0,0.0,100.0,100.0,7.21,7.9,8.43,3.69,18.57,18.32,15.73,12.61,7.54,97.65,2.35,100.0,0.0,2063.0,464.0,3857.0,8.0,36343.0,0.0,1739.0,18650.0,4553.0,4988.0,5323.0,2327.0,11724.0,11563.0,9927.0,7959.0,4761.0,61642.0,1483.0,63125.0,0.0,3.49,0.66,5.02,0.01,59.67,0.0,2.87,28.27,47.14,52.86,100.0,30.2,16.03,30.97,22.81,0.0,1870.0,355.0,2689.0,8.0,31976.0,0.0,1538.0,15147.0,25262.0,28322.0,53584.0,16183.0,8587.0,16593.0,12220.0
3506201,0.0,0.75,0.0,6.2,0.0,57.11,0.0,0.71,35.27,49.62,50.38,7.49,6.87,7.75,8.06,3.19,16.97,16.7,15.82,10.94,6.2,100.0,0.0,100.0,0.0,100.0,0.0,100.0,0.0,100.0,100.0,49.62,50.38,7.49,6.87,7.75,8.06,3.19,16.97,16.7,15.82,10.94,6.2,100.0,0.0,17.0,0.0,140.0,0.0,1289.0,0.0,16.0,796.0,1120.0,1137.0,169.0,155.0,175.0,182.0,72.0,383.0,377.0,357.0,247.0,140.0,2257.0,0.0,0.81,0.0,5.89,0.0,57.95,0.0,0.67,34.67,7.42,8.38,8.72,3.45,18.34,18.06,17.1,11.83,6.7,93.87,6.13,100.0,0.0,100.0,0.0,100.0,0.0,100.0,0.0,100.0,100.0,7.42,8.38,8.72,3.45,18.34,18.06,17.1,11.83,6.7,93.87,6.13,100.0,0.0,17.0,0.0,123.0,0.0,1210.0,0.0,14.0,724.0,155.0,175.0,182.0,72.0,383.0,377.0,357.0,247.0,140.0,1960.0,128.0,2088.0,0.0,0.97,0.0,5.29,0.0,58.93,0.0,0.68,34.13,49.37,50.63,100.0,38.0,11.6,37.09,13.31,0.0,17.0,0.0,93.0,0.0,1036.0,0.0,12.0,600.0,868.0,890.0,1758.0,668.0,204.0,652.0,234.0
3506300,0.0,2.3,0.36,5.01,0.0,64.45,0.05,1.78,26.07,53.18,46.82,6.05,6.28,7.74,9.63,4.1,18.72,15.15,14.01,11.12,7.2,100.0,0.0,100.0,100.0,100.0,0.0,100.0,100.0,100.0,100.0,53.18,46.82,6.05,6.28,7.74,9.63,4.1,18.72,15.15,14.01,11.12,7.2,100.0,0.0,238.0,37.0,517.0,0.0,6656.0,5.0,184.0,2692.0,5492.0,4836.0,625.0,649.0,799.0,995.0,423.0,1933.0,1565.0,1447.0,1148.0,744.0,10328.0,0.0,2.24,0.38,5.18,0.0,64.46,0.05,1.82,25.87,6.69,8.23,10.25,4.36,19.92,16.13,14.91,11.83,7.67,96.73,3.27,100.0,0.0,100.0,100.0,100.0,0.0,100.0,100.0,100.0,100.0,6.69,8.23,10.25,4.36,19.92,16.13,14.91,11.83,7.67,96.73,3.27,100.0,0.0,217.0,37.0,503.0,0.0,6255.0,5.0,177.0,2510.0,649.0,799.0,995.0,423.0,1933.0,1565.0,1447.0,1148.0,744.0,9386.0,317.0,9703.0,0.0,2.45,0.45,4.88,0.0,65.29,0.06,1.72,25.16,53.47,46.53,100.0,38.22,20.59,27.16,14.03,0.0,202.0,37.0,403.0,0.0,5390.0,5.0,142.0,2077.0,4414.0,3841.0,8255.0,3155.0,1700.0,2242.0,1158.0
3506359,0.05,2.32,1.63,14.01,0.18,45.2,0.22,7.62,28.77,49.49,50.51,8.44,8.59,9.24,8.78,1.44,18.39,17.93,13.26,9.48,4.45,100.0,100.0,100.0,100.0,100.0,100.0,100.0,100.0,100.0,100.0,49.49,50.51,8.44,8.59,9.24,8.78,1.44,18.39,17.93,13.26,9.48,4.45,100.0,25.0,1283.0,898.0,7733.0,101.0,24956.0,122.0,4208.0,15884.0,27323.0,27887.0,4660.0,4740.0,5100.0,4849.0,793.0,10155.0,9898.0,7320.0,5236.0,2459.0,55210.0,0.05,2.41,1.75,13.92,0.19,45.74,0.2,7.48,28.26,9.38,10.09,9.59,1.57,20.09,19.58,14.48,10.36,4.86,96.26,3.74,100.0,100.0,100.0,100.0,100.0,100.0,100.0,100.0,100.0,100.0,9.38,10.09,9.59,1.57,20.09,19.58,14.48,10.36,4.86,96.26,3.74,100.0,25.0,1219.0,886.0,7038.0,95.0,23120.0,103.0,3781.0,14284.0,4740.0,5100.0,4849.0,793.0,10155.0,9898.0,7320.0,5236.0,2459.0,48658.0,1892.0,50550.0,0.06,2.7,1.71,12.43,0.22,47.68,0.13,7.29,27.77,48.89,51.11,100.0,33.17,17.08,36.21,13.54,25.0,1100.0,696.0,5062.0,89.0,19412.0,54.0,2968.0,11306.0,19903.0,20807.0,40710.0,13503.0,6954.0,14742.0,5511.0
3506409,0.0,1.32,0.18,4.56,0.15,64.68,0.0,4.07,25.05,48.82,51.18,6.37,6.25,6.94,7.18,4.01,15.74,16.73,15.29,13.17,8.32,100.0,0.0,100.0,100.0,100.0,100.0,100.0,0.0,100.0,100.0,48.82,51.18,6.37,6.25,6.94,7.18,4.01,15.74,16.73,15.29,13.17,8.32,100.0,0.0,86.0,12.0,297.0,10.0,4213.0,0.0,265.0,1632.0,3180.0,3334.0,415.0,407.0,452.0,468.0,261.0,1025.0,1090.0,996.0,858.0,542.0,6514.0,0.0,1.33,0.2,4.62,0.16,65.37,0.0,4.21,24.1,6.67,7.41,7.67,4.28,16.81,17.87,16.33,14.07,8.89,94.69,5.31,100.0,0.0,100.0,100.0,100.0,100.0,100.0,0.0,100.0,100.0,6.67,7.41,7.67,4.28,16.81,17.87,16.33,14.07,8.89,94.69,5.31,100.0,0.0,81.0,12.0,282.0,10.0,3987.0,0.0,257.0,1470.0,407.0,452.0,468.0,261.0,1025.0,1090.0,996.0,858.0,542.0,5775.0,324.0,6099.0,0.0,1.28,0.13,4.27,0.19,66.83,0.0,4.2,23.09,48.23,51.77,100.0,35.04,16.3,32.67,15.97,0.0,67.0,7.0,224.0,10.0,3502.0,0.0,220.0,1210.0,2527.0,2713.0,5240.0,1836.0,854.0,1712.0,837.0
3506508,0.07,2.68,0.58,7.2,0.07,50.94,0.01,5.66,32.79,47.98,52.02,6.87,6.72,7.31,7.89,2.83,17.34,17.72,15.62,11.21,6.49,100.0,100.0,100.0,100.0,100.0,100.0,100.0,100.0,100.0,100.0,47.98,52.02,6.87,6.72,7.31,7.89,2.83,17.34,17.72,15.62,11.21,6.49,100.0,71.0,2823.0,611.0,7590.0,72.0,53688.0,8.0,5970.0,34555.0,50570.0,54818.0,7239.0,7086.0,7705.0,8316.0,2983.0,18271.0,18675.0,16459.0,11813.0,6841.0,105388.0,0.07,2.8,0.6,7.11,0.07,51.45,0.01,5.52,32.36,7.22,7.85,8.47,3.04,18.62,19.03,16.77,12.04,6.97,97.04,2.96,100.0,100.0,100.0,100.0,100.0,100.0,100.0,100.0,100.0,100.0,7.22,7.85,8.47,3.04,18.62,19.03,16.77,12.04,6.97,97.04,2.96,100.0,71.0,2751.0,586.0,6980.0,72.0,50497.0,8.0,5420.0,31764.0,7086.0,7705.0,8316.0,2983.0,18271.0,18675.0,16459.0,11813.0,6841.0,95247.0,2902.0,98149.0,0.03,2.87,0.56,6.18,0.09,53.6,0.01,5.26,31.4,47.21,52.79,100.0,30.14,17.52,32.92,19.42,29.0,2391.0,463.0,5152.0,72.0,44683.0,8.0,4387.0,26174.0,39357.0,44000.0,83357.0,25124.0,14602.0,27445.0,16187.0
3506607,0.09,1.28,2.6,10.57,0.22,48.98,0.0,4.18,32.08,49.66,50.34,7.84,8.47,8.89,8.17,2.45,16.47,16.0,14.52,10.8,6.39,100.0,100.0,100.0,100.0,100.0,100.0,100.0,0.0,100.0,100.0,49.66,50.34,7.84,8.47,8.89,8.17,2.45,16.47,16.0,14.52,10.8,6.39,100.0,24.0,333.0,674.0,2743.0,57.0,12707.0,0.0,1085.0,8322.0,12883.0,13062.0,2033.0,2198.0,2307.0,2120.0,635.0,4274.0,4152.0,3766.0,2802.0,1658.0,25945.0,0.1,1.35,2.68,10.16,0.23,49.82,0.0,4.36,31.3,9.19,9.65,8.87,2.66,17.87,17.36,15.75,11.72,6.93,94.49,5.51,100.0,100.0,100.0,100.0,100.0,100.0,100.0,0.0,100.0,100.0,9.19,9.65,8.87,2.66,17.87,17.36,15.75,11.72,6.93,94.49,5.51,100.0,24.0,323.0,642.0,2429.0,55.0,11913.0,0.0,1042.0,7484.0,2198.0,2307.0,2120.0,635.0,4274.0,4152.0,3766.0,2802.0,1658.0,22595.0,1317.0,23912.0,0.12,1.43,2.39,9.4,0.22,50.86,0.0,4.57,31.0,49.08,50.92,100.0,37.47,15.44,35.69,11.4,24.0,278.0,463.0,1824.0,43.0,9871.0,0.0,886.0,6017.0,9524.0,9883.0,19407.0,7272.0,2996.0,6927.0,2212.0
3506706,0.0,1.87,1.19,11.56,0.0,58.07,0.25,2.45,24.62,48.76,51.24,7.84,7.8,8.68,8.77,2.28,16.8,16.85,14.14,10.8,6.05,100.0,0.0,100.0,100.0,100.0,0.0,100.0,100.0,100.0,100.0,48.76,51.24,7.84,7.8,8.68,8.77,2.28,16.8,16.85,14.14,10.8,6.05,100.0,0.0,209.0,133.0,1295.0,0.0,6506.0,28.0,274.0,2758.0,5463.0,5741.0,878.0,874.0,972.0,983.0,255.0,1882.0,1888.0,1584.0,1210.0,678.0,11204.0,0.0,1.92,1.18,11.63,0.0,58.3,0.22,2.49,24.25,8.46,9.41,9.52,2.47,18.23,18.28,15.34,11.72,6.57,93.07,6.93,100.0,0.0,100.0,100.0,100.0,0.0,100.0,100.0,100.0,100.0,8.46,9.41,9.52,2.47,18.23,18.28,15.34,11.72,6.57,93.06,6.94,100.0,0.0,198.0,122.0,1201.0,0.0,6020.0,23.0,257.0,2504.0,874.0,972.0,983.0,255.0,1882.0,1888.0,1584.0,1210.0,678.0,9610.0,716.0,10326.0,0.0,1.99,0.98,9.61,0.0,60.05,0.27,2.41,24.69,48.27,51.73,100.0,43.66,18.05,28.58,9.71,0.0,169.0,83.0,815.0,0.0,5092.0,23.0,204.0,2094.0,4093.0,4387.0,8480.0,3702.0,1531.0,2424.0,823.0
3506805,0.0,1.96,0.44,1.87,0.08,66.13,0.0,2.07,27.46,48.72,51.28,7.18,7.4,7.61,8.39,3.03,17.25,17.57,14.11,11.15,6.3,100.0,0.0,100.0,100.0,100.0,100.0,100.0,0.0,100.0,100.0,48.72,51.28,7.18,7.4,7.61,8.39,3.03,17.25,17.57,14.11,11.15,6.3,100.0,0.0,194.0,44.0,185.0,8.0,6555.0,0.0,205.0,2722.0,4830.0,5083.0,712.0,734.0,754.0,832.0,300.0,1710.0,1742.0,1399.0,1105.0,625.0,9913.0,0.0,2.01,0.37,1.92,0.09,67.05,0.0,2.09,26.49,7.98,8.19,9.04,3.26,18.58,18.93,15.2,12.01,6.79,95.61,4.39,100.0,0.0,100.0,100.0,100.0,100.0,100.0,0.0,100.0,100.0,7.98,8.19,9.04,3.26,18.58,18.93,15.2,12.01,6.79,95.61,4.39,100.0,0.0,185.0,34.0,177.0,8.0,6169.0,0.0,192.0,2437.0,734.0,754.0,832.0,300.0,1710.0,1742.0,1399.0,1105.0,625.0,8797.0,404.0,9201.0,0.0,2.32,0.35,1.94,0.1,67.22,0.0,2.06,26.0,48.32,51.68,100.0,41.55,15.14,27.52,15.77,0.0,179.0,27.0,150.0,8.0,5185.0,0.0,159.0,2005.0,3727.0,3986.0,7713.0,3205.0,1168.0,2123.0,1216.0
3506904,0.0,0.72,0.13,8.29,0.86,55.56,0.0,2.22,32.23,50.59,49.41,7.14,7.79,7.37,6.92,3.36,14.29,16.09,15.31,14.07,7.67,100.0,0.0,100.0,100.0,100.0,100.0,100.0,0.0,100.0,100.0,50.59,49.41,7.14,7.79,7.37,6.92,3.36,14.29,16.09,15.31,14.07,7.67,100.0,0.0,66.0,12.0,763.0,79.0,5114.0,0.0,204.0,2966.0,4656.0,4548.0,657.0,717.0,678.0,637.0,309.0,1315.0,1481.0,1409.0,1295.0,706.0,9204.0,0.0,0.77,0.14,7.99,0.83,55.94,0.0,2.28,32.05,8.39,7.93,7.45,3.62,15.39,17.33,16.49,15.15,8.26,95.1,4.9,100.0,0.0,100.0,100.0,100.0,100.0,100.0,0.0,100.0,100.0,8.39,7.93,7.45,3.62,15.39,17.33,16.49,15.15,8.26,95.1,4.9,100.0,0.0,66.0,12.0,683.0,71.0,4781.0,0.0,195.0,2739.0,717.0,678.0,637.0,309.0,1315.0,1481.0,1409.0,1295.0,706.0,8128.0,419.0,8547.0,0.0,0.92,0.17,7.3,0.73,57.17,0.0,2.17,31.54,50.2,49.8,100.0,46.29,14.09,28.72,10.89,0.0,66.0,12.0,522.0,52.0,4089.0,0.0,155.0,2256.0,3590.0,3562.0,7152.0,3311.0,1008.0,2054.0,779.0
3507001,0.07,1.84,0.75,8.39,0.11,54.18,0.0,5.36,29.3,48.89,51.11,7.59,7.46,8.07,8.36,2.24,19.06,17.68,13.37,10.48,5.67,100.0,100.0,100.0,100.0,100.0,100.0,100.0,0.0,100.0,100.0,48.89,51.11,7.59,7.46,8.07,8.36,2.24,19.06,17.68,13.37,10.48,5.67,100.0,37.0,982.0,402.0,4481.0,59.0,28943.0,0.0,2864.0,15653.0,26116.0,27305.0,4055.0,3986.0,4313.0,4466.0,1199.0,10184.0,9447.0,7142.0,5601.0,3028.0,53421.0,0.07,1.84,0.77,8.38,0.09,54.98,0.0,5.52,28.35,8.07,8.74,9.05,2.43,20.63,19.14,14.47,11.35,6.13,97.22,2.78,100.0,100.0,100.0,100.0,100.0,100.0,100.0,0.0,100.0,100.0,8.07,8.74,9.05,2.43,20.63,19.14,14.47,11.35,6.13,97.22,2.78,100.0,37.0,908.0,381.0,4136.0,44.0,27139.0,0.0,2724.0,13997.0,3986.0,4313.0,4466.0,1199.0,10184.0,9447.0,7142.0,5601.0,3028.0,47995.0,1371.0,49366.0,0.07,2.06,0.77,7.69,0.11,55.22,0.0,5.87,28.21,48.33,51.67,100.0,28.11,14.12,36.68,21.09,27.0,846.0,316.0,3157.0,44.0,22678.0,0.0,2412.0,11587.0,19847.0,21220.0,41067.0,11544.0,5797.0,15065.0,8661.0
3507100,0.0,1.77,2.43,9.66,0.0,57.28,0.07,4.1,24.69,48.93,51.07,7.77,7.57,8.7,9.25,2.37,17.49,17.02,15.5,9.31,5.02,100.0,0.0,100.0,100.0,100.0,0.0,100.0,100.0,100.0,100.0,48.93,51.07,7.77,7.57,8.7,9.25,2.37,17.49,17.02,15.5,9.31,5.02,100.0,0.0,341.0,468.0,1861.0,0.0,11030.0,13.0,789.0,4754.0,9422.0,9835.0,1496.0,1458.0,1676.0,1781.0,456.0,3369.0,3278.0,2984.0,1793.0,967.0,19257.0,0.0,1.92,2.44,9.33,0.0,58.13,0.07,4.18,23.92,8.21,9.44,10.03,2.57,18.97,18.46,16.8,10.1,5.44,95.22,4.78,100.0,0.0,100.0,100.0,100.0,0.0,100.0,100.0,100.0,100.0,8.21,9.43,10.03,2.57,18.97,18.46,16.8,10.09,5.44,95.22,4.78,100.0,0.0,341.0,433.0,1657.0,0.0,10325.0,13.0,743.0,4248.0,1458.0,1676.0,1781.0,456.0,3369.0,3278.0,2984.0,1793.0,967.0,16912.0,849.0,17761.0,0.0,2.02,2.39,8.78,0.0,58.77,0.09,4.11,23.84,48.97,51.03,100.0,36.45,14.94,34.1,14.51,0.0,296.0,350.0,1284.0,0.0,8596.0,13.0,601.0,3487.0,7163.0,7464.0,14627.0,5331.0,2185.0,4988.0,2123.0
3507159,0.0,0.43,0.0,6.07,0.4,63.45,0.0,0.7,28.94,51.08,48.92,8.94,9.97,9.67,10.14,1.33,16.84,16.74,13.2,8.7,4.47,100.0,0.0,100.0,0.0,100.0,100.0,100.0,0.0,100.0,100.0,51.08,48.92,8.94,9.97,9.67,10.14,1.33,16.84,16.74,13.2,8.7,4.47,100.0,0.0,13.0,0.0,182.0,12.0,1903.0,0.0,21.0,868.0,1532.0,1467.0,268.0,299.0,290.0,304.0,40.0,505.0,502.0,396.0,261.0,134.0,2999.0,0.0,0.48,0.0,5.86,0.33,63.27,0.0,0.66,29.4,10.95,10.62,11.13,1.46,18.49,18.38,14.5,9.56,4.91,95.42,4.58,100.0,0.0,100.0,0.0,100.0,100.0,100.0,0.0,100.0,100.0,10.95,10.62,11.13,1.46,18.49,18.38,14.5,9.56,4.91,95.41,4.59,100.0,0.0,13.0,0.0,160.0,9.0,1728.0,0.0,18.0,803.0,299.0,290.0,304.0,40.0,505.0,502.0,396.0,261.0,134.0,2606.0,125.0,2731.0,0.0,0.61,0.0,5.79,0.28,64.24,0.0,0.7,28.34,50.7,49.3,100.0,45.28,16.01,29.08,9.62,0.0,13.0,0.0,124.0,6.0,1376.0,0.0,15.0,607.0,1086.0,1056.0,2142.0,970.0,343.0,623.0,206.0
3507209,0.0,0.25,0.51,3.18,1.15,60.81,0.0,1.4,32.7,50.51,49.49,7.76,6.23,6.23,7.38,2.29,16.79,16.03,16.16,13.49,7.76,100.0,0.0,100.0,100.0,100.0,100.0,100.0,0.0,100.0,100.0,50.5,49.5,7.76,6.22,6.22,7.33,2.24,16.79,16.03,16.16,13.49,7.76,100.0,0.0,2.0,4.0,25.0,9.0,478.0,0.0,11.0,257.0,397.0,389.0,61.0,49.0,49.0,58.0,18.0,132.0,126.0,127.0,106.0,61.0,786.0,0.0,0.28,0.55,3.17,0.69,61.93,0.0,1.52,31.72,6.76,6.76,8.0,2.48,18.21,17.38,17.52,14.62,8.41,94.21,5.79,100.0,0.0,100.0,100.0,100.0,100.0,100.0,0.0,100.0,100.0,6.75,6.74,7.95,2.42,18.21,17.38,17.52,14.62,8.41,94.19,5.81,100.0,0.0,2.0,4.0,23.0,5.0,449.0,0.0,11.0,230.0,49.0,49.0,58.0,18.0,132.0,126.0,127.0,106.0,61.0,683.0,42.0,725.0,0.0,0.32,0.64,2.23,0.48,61.88,0.0,1.44,32.85,51.2,48.96,100.0,44.5,10.37,36.2,8.77,0.0,2.0,4.0,14.0,3.0,388.0,0.0,9.0,206.0,321.0,307.0,627.0,279.0,65.0,227.0,55.0
3507308,0.0,0.0,0.74,3.75,0.17,62.26,0.0,3.48,29.6,50.37,49.63,8.34,8.19,8.63,8.24,2.7,18.56,15.13,13.81,10.74,5.66,100.0,0.0,0.0,100.0,100.0,100.0,100.0,0.0,100.0,100.0,50.37,49.63,8.34,8.19,8.63,8.24,2.7,18.56,15.13,13.81,10.74,5.66,100.0,0.0,0.0,30.0,153.0,7.0,2539.0,0.0,142.0,1207.0,2054.0,2024.0,340.0,334.0,352.0,336.0,110.0,757.0,617.0,563.0,438.0,231.0,4078.0,0.0,0.0,0.67,3.72,0.0,63.96,0.0,3.05,28.62,8.94,9.42,8.99,2.94,20.25,16.51,15.06,11.72,6.18,95.4,4.6,100.0,0.0,0.0,100.0,100.0,0.0,100.0,0.0,100.0,100.0,8.94,9.42,8.99,2.94,20.25,16.51,15.06,11.72,6.18,95.4,4.6,100.0,0.0,0.0,25.0,139.0,0.0,2391.0,0.0,114.0,1070.0,334.0,352.0,336.0,110.0,757.0,617.0,563.0,438.0,231.0,3566.0,172.0,3738.0,0.0,0.0,0.29,3.51,0.0,66.06,0.0,2.98,27.2,49.08,50.92,100.0,45.45,16.45,27.33,10.78,0.0,0.0,9.0,107.0,0.0,2016.0,0.0,91.0,830.0,1498.0,1554.0,3052.0,1387.0,502.0,834.0,329.0
3507407,0.0,0.9,0.32,3.27,0.0,73.45,0.0,1.15,20.92,48.92,51.08,6.4,6.8,7.64,6.91,3.33,15.15,16.71,15.75,14.02,7.29,100.0,0.0,100.0,100.0,100.0,0.0,100.0,0.0,100.0,100.0,48.92,51.08,6.4,6.8,7.65,6.91,3.33,15.14,16.71,15.75,14.02,7.29,100.0,0.0,114.0,41.0,416.0,0.0,9349.0,0.0,146.0,2663.0,6227.0,6501.0,815.0,865.0,973.0,880.0,424.0,1928.0,2127.0,2005.0,1784.0,928.0,12728.0,0.0,0.96,0.27,3.24,0.0,73.47,0.0,1.18,20.88,7.26,8.17,7.39,3.56,16.18,17.85,16.83,14.98,7.79,94.78,5.23,100.0,0.0,100.0,100.0,100.0,0.0,100.0,0.0,100.0,100.0,7.26,8.17,7.39,3.56,16.18,17.85,16.83,14.98,7.79,94.77,5.23,100.0,0.0,114.0,32.0,386.0,0.0,8752.0,0.0,141.0,2488.0,865.0,973.0,880.0,424.0,1928.0,2127.0,2005.0,1784.0,928.0,11291.0,623.0,11913.0,0.0,1.0,0.18,3.09,0.0,75.37,0.0,1.19,19.17,48.56,51.44,100.0,46.23,15.96,26.64,11.18,0.0,101.0,18.0,311.0,0.0,7594.0,0.0,120.0,1931.0,4892.0,5183.0,10075.0,4658.0,1608.0,2684.0,1126.0
3507456,0.0,1.17,0.0,4.54,0.0,38.04,0.0,7.96,48.29,48.59,51.41,8.22,9.95,7.83,8.48,2.34,17.52,16.57,13.54,10.51,5.02,100.0,0.0,100.0,0.0,100.0,0.0,100.0,0.0,100.0,100.0,48.59,51.41,8.22,9.95,7.83,8.48,2.34,17.52,16.57,13.54,10.51,5.02,100.0,0.0,27.0,0.0,105.0,0.0,879.0,0.0,184.0,1116.0,1123.0,1188.0,190.0,230.0,181.0,196.0,54.0,405.0,383.0,313.0,243.0,116.0,2311.0,0.0,1.04,0.0,4.48,0.0,39.93,0.0,7.45,47.1,10.84,8.53,9.24,2.55,19.09,18.06,14.76,11.46,5.47,95.8,4.2,100.0,0.0,100.0,0.0,100.0,0.0,100.0,0.0,100.0,100.0,10.84,8.53,9.24,2.55,19.09,18.06,14.76,11.46,5.47,95.79,4.21,100.0,0.0,22.0,0.0,95.0,0.0,847.0,0.0,158.0,999.0,230.0,181.0,196.0,54.0,405.0,383.0,313.0,243.0,116.0,2032.0,89.0,2121.0,0.0,0.99,0.0,3.86,0.0,40.94,0.0,7.49,46.78,47.31,52.69,100.0,45.56,11.99,35.15,7.37,0.0,17.0,0.0,66.0,0.0,700.0,0.0,128.0,800.0,809.0,901.0,1710.0,779.0,205.0,601.0,126.0
3507506,0.02,2.26,1.19,8.02,0.21,50.45,0.01,5.43,32.41,47.63,52.37,6.99,7.26,8.44,8.51,3.14,17.83,16.68,13.54,11.13,6.49,100.0,100.0,100.0,100.0,100.0,100.0,100.0,100.0,100.0,100.0,47.63,52.37,6.99,7.26,8.44,8.51,3.14,17.83,16.68,13.54,11.13,6.49,100.0,22.0,2893.0,1529.0,10288.0,269.0,64694.0,11.0,6961.0,41563.0,61071.0,67159.0,8962.0,9313.0,10818.0,10906.0,4026.0,22860.0,21390.0,17362.0,14271.0,8321.0,128229.0,0.02,2.32,1.16,8.21,0.17,51.02,0.01,5.31,31.79,7.81,9.07,9.14,3.38,19.17,17.93,14.56,11.97,6.98,97.73,2.27,100.0,100.0,100.0,100.0,100.0,100.0,100.0,100.0,100.0,100.0,7.81,9.07,9.14,3.38,19.17,17.93,14.56,11.97,6.98,97.73,2.27,100.0,22.0,2767.0,1383.0,9792.0,197.0,60847.0,11.0,6334.0,37915.0,9313.0,10818.0,10906.0,4026.0,22860.0,21390.0,17362.0,14271.0,8321.0,116559.0,2708.0,119267.0,0.01,2.56,1.13,7.26,0.17,52.86,0.0,5.33,30.67,46.81,53.19,100.0,23.62,13.42,36.33,26.62,11.0,2541.0,1123.0,7196.0,173.0,52407.0,0.0,5284.0,30400.0,46410.0,52725.0,99135.0,23416.0,13306.0,36019.0,26394.0
3507605,0.27,2.46,1.16,7.47,0.19,55.14,0.04,6.05,27.21,48.06,51.94,6.68,6.84,8.14,8.5,2.85,18.2,17.84,14.03,10.82,6.11,100.0,100.0,100.0,100.0,100.0,100.0,100.0,100.0,100.0,100.0,48.06,51.94,6.68,6.84,8.14,8.5,2.85,18.2,17.84,14.03,10.82,6.11,100.0,423.0,3846.0,1817.0,11677.0,302.0,86223.0,64.0,9461.0,42553.0,75153.0,81213.0,10444.0,10691.0,12723.0,13297.0,4455.0,28458.0,27892.0,21937.0,16912.0,9557.0,156366.0,0.26,2.56,1.2,7.49,0.18,55.92,0.04,5.97,26.38,7.33,8.72,9.11,3.05,19.5,19.11,15.03,11.59,6.55,97.16,2.84,100.0,100.0,100.0,100.0,100.0,100.0,100.0,100.0,100.0,100.0,7.33,8.72,9.11,3.05,19.5,19.11,15.03,11.59,6.55,97.16,2.84,100.0,379.0,3730.0,1749.0,10926.0,268.0,81603.0,64.0,8709.0,38495.0,10691.0,12723.0,13297.0,4455.0,28458.0,27892.0,21937.0,16912.0,9557.0,141771.0,4151.0,145922.0,0.29,2.81,1.11,6.71,0.19,56.99,0.04,6.12,25.74,47.48,52.52,100.0,26.98,13.69,37.84,21.49,356.0,3442.0,1363.0,8224.0,236.0,69817.0,43.0,7495.0,31531.0,58169.0,64339.0,122509.0,33050.0,16771.0,46357.0,26332.0
3507704,0.0,0.88,0.11,8.12,0.0,58.16,0.0,7.16,25.57,48.83,51.17,7.14,7.31,7.93,8.1,5.06,15.35,15.8,14.13,12.15,7.03,100.0,0.0,100.0,100.0,100.0,0.0,100.0,0.0,100.0,100.0,48.83,51.17,7.14,7.31,7.93,8.1,5.06,15.35,15.8,14.13,12.15,7.03,100.0,0.0,41.0,5.0,379.0,0.0,2713.0,0.0,334.0,1193.0,2278.0,2387.0,333.0,341.0,370.0,378.0,236.0,716.0,737.0,659.0,567.0,328.0,4665.0,0.0,0.9,0.12,8.06,0.0,59.4,0.0,6.93,24.58,7.87,8.54,8.73,5.45,16.53,17.01,15.21,13.09,7.57,92.38,7.62,100.0,0.0,100.0,100.0,100.0,0.0,100.0,0.0,100.0,100.0,7.87,8.54,8.73,5.45,16.53,17.01,15.21,13.09,7.57,92.39,7.61,100.0,0.0,39.0,5.0,349.0,0.0,2573.0,0.0,300.0,1065.0,341.0,370.0,378.0,236.0,716.0,737.0,659.0,567.0,328.0,4002.0,330.0,4332.0,0.0,0.99,0.08,6.55,0.0,62.08,0.0,6.16,24.14,48.94,51.06,100.0,40.62,12.01,30.02,17.32,0.0,36.0,3.0,237.0,0.0,2248.0,0.0,223.0,874.0,1772.0,1849.0,3621.0,1471.0,435.0,1087.0,627.0
3507753,0.0,0.13,0.18,11.98,0.0,44.47,0.0,5.44,37.8,50.22,49.78,6.98,7.11,7.02,7.2,2.5,14.27,18.92,15.41,12.95,7.64,100.0,0.0,100.0,100.0,100.0,0.0,100.0,0.0,100.0,100.0,50.22,49.78,6.98,7.11,7.02,7.2,2.5,14.27,18.92,15.41,12.95,7.64,100.0,0.0,3.0,4.0,273.0,0.0,1013.0,0.0,124.0,861.0,1144.0,1134.0,159.0,162.0,160.0,164.0,57.0,325.0,431.0,351.0,295.0,174.0,2278.0,0.0,0.14,0.19,11.47,0.0,45.68,0.0,4.81,37.71,7.65,7.55,7.74,2.69,15.34,20.34,16.56,13.92,8.21,93.96,6.04,100.0,0.0,100.0,100.0,100.0,0.0,100.0,0.0,100.0,100.0,7.65,7.55,7.74,2.69,15.34,20.34,16.56,13.92,8.21,93.96,6.04,100.0,0.0,3.0,4.0,243.0,0.0,968.0,0.0,102.0,799.0,162.0,160.0,164.0,57.0,325.0,431.0,351.0,295.0,174.0,1991.0,128.0,2119.0,0.0,0.17,0.22,10.63,0.0,47.36,0.0,5.45,36.17,49.64,50.36,100.0,44.07,15.8,31.22,8.85,0.0,3.0,4.0,191.0,0.0,851.0,0.0,98.0,650.0,892.0,905.0,1797.0,792.0,284.0,561.0,159.0
3507803,0.0,2.66,0.77,7.86,0.0,62.94,0.0,3.13,22.64,48.86,51.14,6.95,7.58,8.06,8.54,3.01,18.11,16.44,14.28,10.87,6.16,100.0,0.0,100.0,100.0,100.0,0.0,100.0,0.0,100.0,100.0,48.86,51.14,6.95,7.58,8.06,8.54,3.01,18.11,16.44,14.28,10.87,6.16,100.0,0.0,587.0,169.0,1735.0,0.0,13896.0,0.0,692.0,4999.0,10787.0,11292.0,1534.0,1674.0,1779.0,1886.0,665.0,3999.0,3630.0,3152.0,2399.0,1361.0,22079.0,0.0,2.62,0.82,7.61,0.0,63.84,0.0,3.29,21.83,8.15,8.66,9.18,3.24,19.46,17.67,15.34,11.68,6.62,97.24,2.76,100.0,0.0,100.0,100.0,100.0,0.0,100.0,0.0,100.0,100.0,8.15,8.66,9.18,3.24,19.46,17.67,15.34,11.68,6.62,97.24,2.76,100.0,0.0,538.0,169.0,1563.0,0.0,13116.0,0.0,675.0,4484.0,1674.0,1779.0,1886.0,665.0,3999.0,3630.0,3152.0,2399.0,1361.0,19978.0,567.0,20545.0,0.0,2.85,0.77,6.89,0.0,65.43,0.0,3.47,20.59,48.22,51.78,100.0,37.67,14.94,29.2,18.18,0.0,487.0,131.0,1177.0,0.0,11184.0,0.0,593.0,3520.0,8241.0,8851.0,17092.0,6439.0,2554.0,4991.0,3108.0
3507902,0.0,1.77,0.53,3.87,0.1,63.42,0.04,2.99,27.28,48.14,51.85,6.59,8.01,7.32,7.32,3.84,17.26,15.58,14.76,12.01,7.31,100.0,0.0,100.0,100.0,100.0,100.0,100.0,100.0,100.0,100.0,48.15,51.85,6.59,8.01,7.32,7.32,3.84,17.26,15.58,14.76,12.01,7.31,100.0,0.0,373.0,112.0,813.0,20.0,13332.0,9.0,629.0,5734.0,10121.0,10900.0,1385.0,1684.0,1538.0,1539.0,808.0,3629.0,3275.0,3102.0,2525.0,1537.0,21022.0,0.0,1.84,0.46,3.86,0.1,64.03,0.05,3.1,26.55,8.58,7.83,7.84,4.11,18.48,16.68,15.8,12.86,7.83,96.03,3.97,100.0,0.0,100.0,100.0,100.0,100.0,100.0,100.0,100.0,100.0,8.58,7.83,7.84,4.11,18.48,16.68,15.8,12.86,7.83,96.03,3.97,100.0,0.0,362.0,91.0,758.0,20.0,12574.0,9.0,609.0,5214.0,1684.0,1538.0,1539.0,808.0,3629.0,3275.0,3102.0,2525.0,1537.0,18858.0,779.0,19637.0,0.0,2.06,0.49,3.72,0.06,64.96,0.0,3.15,25.56,47.56,52.44,100.0,38.46,20.23,27.6,13.71,0.0,338.0,81.0,611.0,10.0,10663.0,0.0,517.0,4195.0,7807.0,8608.0,16415.0,6313.0,3320.0,4531.0,2251.0
3508009,0.0,0.48,0.52,7.91,0.0,49.23,0.0,4.08,37.78,50.01,49.99,9.31,9.59,9.29,8.39,1.99,17.98,15.89,12.98,9.61,4.96,100.0,0.0,100.0,100.0,100.0,0.0,100.0,0.0,100.0,100.0,50.01,49.99,9.31,9.59,9.29,8.39,1.99,17.98,15.89,12.98,9.61,4.96,100.0,0.0,83.0,90.0,1362.0,0.0,8474.0,0.0,702.0,6503.0,8608.0,8605.0,1602.0,1650.0,1599.0,1444.0,343.0,3095.0,2736.0,2235.0,1655.0,854.0,17213.0,0.0,0.53,0.58,6.95,0.0,50.2,0.0,4.07,37.68,10.57,10.24,9.25,2.2,19.83,17.53,14.32,10.6,5.47,95.04,4.96,100.0,0.0,100.0,100.0,100.0,0.0,100.0,0.0,100.0,100.0,10.57,10.24,9.25,2.2,19.83,17.53,14.32,10.6,5.47,95.04,4.96,100.0,0.0,83.0,90.0,1085.0,0.0,7837.0,0.0,635.0,5882.0,1650.0,1599.0,1444.0,343.0,3095.0,2736.0,2235.0,1655.0,854.0,14836.0,775.0,15611.0,0.0,0.59,0.58,5.91,0.0,51.21,0.0,3.97,37.74,49.68,50.32,100.0,47.61,19.41,25.08,7.91,0.0,73.0,72.0,730.0,0.0,6331.0,0.0,491.0,4665.0,6142.0,6220.0,12362.0,5885.0,2400.0,3100.0,978.0
3508108,0.0,3.39,0.3,8.86,0.03,53.74,0.0,3.8,29.88,48.51,51.49,7.3,6.71,6.66,6.88,3.03,15.39,15.81,16.68,13.97,7.57,100.0,0.0,100.0,100.0,100.0,100.0,100.0,0.0,100.0,100.0,48.51,51.49,7.3,6.71,6.66,6.88,3.03,15.39,15.81,16.68,13.97,7.57,100.0,0.0,519.0,46.0,1355.0,5.0,8222.0,0.0,582.0,4572.0,7423.0,7878.0,1117.0,1027.0,1019.0,1053.0,463.0,2355.0,2419.0,2552.0,2137.0,1159.0,15301.0,0.0,3.41,0.29,8.57,0.04,54.68,0.0,3.81,29.21,7.24,7.18,7.42,3.26,16.6,17.05,17.99,15.07,8.17,95.07,4.93,100.0,0.0,100.0,100.0,100.0,100.0,100.0,0.0,100.0,100.0,7.24,7.18,7.42,3.26,16.6,17.05,17.99,15.07,8.17,95.07,4.93,100.0,0.0,483.0,41.0,1215.0,5.0,7756.0,0.0,541.0,4143.0,1027.0,1019.0,1053.0,463.0,2355.0,2419.0,2552.0,2137.0,1159.0,13485.0,699.0,14184.0,0.0,3.69,0.26,8.2,0.04,56.36,0.0,3.74,27.71,47.95,52.05,100.0,37.56,14.06,35.39,12.98,0.0,448.0,32.0,995.0,5.0,6841.0,0.0,454.0,3363.0,5820.0,6318.0,12138.0,4559.0,1707.0,4296.0,1576.0
3508207,0.0,5.71,0.42,8.36,0.0,56.35,0.0,3.35,25.85,48.85,51.15,6.7,7.71,6.72,7.34,4.2,16.17,17.88,13.81,12.2,7.27,100.0,0.0,100.0,100.0,100.0,0.0,100.0,0.0,100.0,100.0,48.85,51.15,6.7,7.71,6.72,7.34,4.2,16.17,17.88,13.81,12.2,7.27,100.0,0.0,220.0,16.0,322.0,0.0,2171.0,0.0,129.0,996.0,1882.0,1971.0,258.0,297.0,259.0,283.0,162.0,623.0,689.0,532.0,470.0,280.0,3853.0,0.0,5.95,0.45,8.43,0.0,56.41,0.0,3.39,25.4,8.26,7.2,7.87,4.51,17.33,19.17,14.8,13.07,7.79,95.99,4.01,100.0,0.0,100.0,100.0,100.0,0.0,100.0,0.0,100.0,100.0,8.26,7.2,7.87,4.51,17.33,19.17,14.8,13.07,7.79,95.99,4.01,100.0,0.0,214.0,16.0,303.0,0.0,2028.0,0.0,122.0,913.0,297.0,259.0,283.0,162.0,623.0,689.0,532.0,470.0,280.0,3451.0,144.0,3595.0,0.0,6.12,0.33,7.21,0.0,59.13,0.0,3.49,23.76,47.98,52.02,100.0,38.93,15.1,28.13,17.83,0.0,186.0,10.0,219.0,0.0,1797.0,0.0,106.0,722.0,1458.0,1581.0,3039.0,1183.0,459.0,855.0,542.0
3508306,0.0,2.02,0.37,13.31,0.0,46.61,0.0,6.59,31.07,50.25,49.75,7.2,8.21,7.97,8.32,2.74,16.82,16.24,15.12,11.03,6.35,100.0,0.0,100.0,100.0,100.0,0.0,100.0,0.0,100.0,100.0,50.25,49.75,7.2,8.21,7.97,8.32,2.74,16.82,16.24,15.12,11.03,6.35,100.0,0.0,76.0,14.0,501.0,0.0,1754.0,0.0,248.0,1169.0,1891.0,1872.0,271.0,309.0,300.0,313.0,103.0,633.0,611.0,569.0,415.0,239.0,3763.0,0.0,2.06,0.32,13.34,0.0,47.54,0.0,6.59,30.13,8.85,8.59,8.96,2.95,18.13,17.5,16.29,11.88,6.84,93.73,6.27,100.0,0.0,100.0,100.0,100.0,0.0,100.0,0.0,100.0,100.0,8.85,8.59,8.96,2.95,18.13,17.5,16.29,11.88,6.84,93.74,6.26,100.0,0.0,72.0,11.0,466.0,0.0,1660.0,0.0,230.0,1052.0,309.0,300.0,313.0,103.0,633.0,611.0,569.0,415.0,239.0,3273.0,219.0,3492.0,0.0,2.22,0.28,12.0,0.0,50.26,0.0,6.14,29.07,49.77,50.23,100.0,43.95,16.27,30.49,9.3,0.0,64.0,8.0,346.0,0.0,1449.0,0.0,177.0,838.0,1435.0,1448.0,2883.0,1267.0,469.0,879.0,268.0
3508405,0.03,0.75,0.29,13.62,0.05,46.84,0.0,3.74,34.68,49.33,50.67,8.2,8.49,9.39,9.43,1.74,18.84,17.13,13.61,8.83,4.35,100.0,100.0,100.0,100.0,100.0,100.0,100.0,0.0,100.0,100.0,49.33,50.67,8.2,8.49,9.39,9.43,1.74,18.84,17.13,13.61,8.83,4.35,100.0,12.0,306.0,116.0,5532.0,21.0,19016.0,0.0,1518.0,14081.0,20028.0,20574.0,3330.0,3446.0,3811.0,3827.0,706.0,7648.0,6955.0,5527.0,3584.0,1768.0,40602.0,0.03,0.75,0.31,13.42,0.05,47.59,0.0,3.82,34.02,9.25,10.22,10.27,1.89,20.52,18.66,14.83,9.62,4.74,96.57,3.43,100.0,100.0,100.0,100.0,100.0,100.0,100.0,0.0,100.0,100.0,9.25,10.22,10.27,1.89,20.52,18.66,14.83,9.62,4.74,96.57,3.43,100.0,12.0,281.0,116.0,5003.0,19.0,17738.0,0.0,1424.0,12679.0,3446.0,3811.0,3827.0,706.0,7648.0,6955.0,5527.0,3584.0,1768.0,35994.0,1278.0,37272.0,0.04,0.88,0.29,11.81,0.04,49.04,0.0,3.92,33.98,48.71,51.29,100.0,31.83,13.77,42.56,11.83,12.0,264.0,87.0,3545.0,13.0,14718.0,0.0,1178.0,10199.0,14620.0,15395.0,30015.0,9555.0,4133.0,12775.0,3552.0
3508504,0.02,1.73,1.06,5.78,0.19,61.83,0.02,3.38,25.99,48.66,51.34,7.38,7.26,7.81,7.76,2.62,17.97,17.64,14.37,11.23,5.97,100.0,100.0,100.0,100.0,100.0,100.0,100.0,100.0,100.0,100.0,48.66,51.34,7.38,7.26,7.81,7.76,2.62,17.97,17.64,14.37,11.23,5.97,100.0,17.0,1456.0,890.0,4874.0,159.0,52103.0,14.0,2850.0,21905.0,41003.0,43265.0,6220.0,6114.0,6585.0,6535.0,2207.0,15145.0,14861.0,12108.0,9465.0,5028.0,84268.0,0.02,1.83,1.06,5.63,0.18,62.49,0.02,3.4,25.36,7.83,8.44,8.37,2.83,19.4,19.04,15.51,12.13,6.44,97.36,2.64,100.0,100.0,100.0,100.0,100.0,100.0,100.0,100.0,100.0,100.0,7.83,8.44,8.37,2.83,19.4,19.04,15.51,12.13,6.44,97.36,2.64,100.0,17.0,1428.0,830.0,4394.0,144.0,48771.0,14.0,2655.0,19796.0,6114.0,6585.0,6535.0,2207.0,15145.0,14861.0,12108.0,9465.0,5028.0,75991.0,2057.0,78048.0,0.0,1.81,0.95,5.24,0.2,63.66,0.02,3.45,24.66,47.9,52.1,100.0,25.82,14.31,41.45,18.41,0.0,1185.0,622.0,3422.0,128.0,41604.0,14.0,2257.0,16117.0,31303.0,34046.0,65349.0,16874.0,9352.0,27090.0,12033.0
3508603,0.0,2.22,0.41,3.63,0.11,71.04,0.0,1.59,20.99,47.8,52.2,7.34,7.77,7.65,7.5,2.82,16.28,17.42,14.74,11.68,6.78,100.0,0.0,100.0,100.0,100.0,100.0,100.0,0.0,100.0,100.0,47.8,52.2,7.34,7.77,7.65,7.5,2.82,16.28,17.42,14.74,11.68,6.78,100.0,0.0,613.0,114.0,1003.0,31.0,19625.0,0.0,439.0,5799.0,13203.0,14421.0,2028.0,2147.0,2114.0,2073.0,778.0,4497.0,4813.0,4073.0,3227.0,1874.0,27624.0,0.0,2.29,0.45,3.67,0.12,70.96,0.0,1.65,20.86,8.39,8.26,8.1,3.04,17.57,18.8,15.91,12.61,7.32,97.15,2.85,100.0,0.0,100.0,100.0,100.0,100.0,100.0,0.0,100.0,100.0,8.39,8.26,8.1,3.04,17.57,18.8,15.91,12.61,7.32,97.15,2.85,100.0,0.0,587.0,114.0,940.0,31.0,18162.0,0.0,422.0,5340.0,2147.0,2114.0,2073.0,778.0,4497.0,4813.0,4073.0,3227.0,1874.0,24866.0,730.0,25596.0,0.0,2.47,0.45,3.3,0.15,71.27,0.0,1.76,20.6,47.14,52.86,100.0,27.72,13.13,41.25,17.9,0.0,528.0,95.0,705.0,31.0,15205.0,0.0,376.0,4395.0,10058.0,11277.0,21335.0,5915.0,2801.0,8800.0,3820.0
3508702,0.0,2.48,0.13,2.04,0.17,78.89,0.0,1.33,14.96,48.99,51.01,6.46,7.59,8.52,7.18,3.83,14.85,15.02,15.28,13.43,7.85,100.0,0.0,100.0,100.0,100.0,100.0,100.0,0.0,100.0,100.0,48.99,51.01,6.46,7.59,8.52,7.19,3.83,14.84,15.02,15.28,13.42,7.85,100.0,0.0,375.0,20.0,309.0,26.0,11946.0,0.0,202.0,2266.0,7418.0,7725.0,978.0,1149.0,1290.0,1088.0,580.0,2248.0,2274.0,2314.0,2033.0,1189.0,15143.0,0.0,2.65,0.11,2.08,0.15,79.0,0.0,1.36,14.66,8.11,9.11,7.68,4.09,15.87,16.05,16.34,14.35,8.39,95.23,4.77,100.0,0.0,100.0,100.0,100.0,100.0,100.0,0.0,100.0,100.0,8.11,9.11,7.68,4.09,15.87,16.05,16.34,14.35,8.39,95.23,4.77,100.0,0.0,375.0,15.0,294.0,21.0,11191.0,0.0,192.0,2077.0,1149.0,1290.0,1088.0,580.0,2248.0,2274.0,2314.0,2033.0,1189.0,13489.0,676.0,14165.0,0.0,2.94,0.09,1.94,0.14,79.95,0.0,1.4,13.54,48.58,51.42,100.0,43.62,12.88,27.36,16.14,0.0,345.0,10.0,228.0,16.0,9375.0,0.0,164.0,1588.0,5696.0,6029.0,11726.0,5115.0,1510.0,3208.0,1892.0
3508801,0.0,2.5,0.35,5.7,0.42,56.98,0.0,2.45,31.61,48.07,51.93,7.47,7.36,7.01,7.53,3.47,16.47,16.6,14.73,12.3,7.07,100.0,0.0,100.0,100.0,100.0,100.0,100.0,0.0,100.0,100.0,48.07,51.93,7.47,7.36,7.01,7.53,3.47,16.47,16.6,14.73,12.3,7.07,100.0,0.0,365.0,51.0,834.0,62.0,8336.0,0.0,358.0,4624.0,7032.0,7597.0,1093.0,1076.0,1025.0,1101.0,507.0,2409.0,2429.0,2155.0,1799.0,1035.0,14629.0,0.0,2.53,0.38,5.67,0.33,57.67,0.0,2.37,31.07,7.95,7.57,8.13,3.75,17.8,17.94,15.92,13.29,7.65,94.55,5.45,100.0,0.0,100.0,100.0,100.0,100.0,100.0,0.0,100.0,100.0,7.95,7.57,8.13,3.75,17.8,17.94,15.92,13.29,7.65,94.55,5.45,100.0,0.0,342.0,51.0,768.0,44.0,7806.0,0.0,321.0,4205.0,1076.0,1025.0,1101.0,507.0,2409.0,2429.0,2155.0,1799.0,1035.0,12798.0,738.0,13536.0,0.0,2.78,0.39,4.86,0.35,59.29,0.0,2.42,29.9,47.22,52.78,100.0,39.9,15.64,28.48,15.98,0.0,318.0,45.0,556.0,40.0,6780.0,0.0,277.0,3419.0,5400.0,6035.0,11435.0,4563.0,1789.0,3257.0,1827.0
3508900,0.0,0.33,0.09,2.87,0.0,75.51,0.0,0.54,20.63,50.11,49.89,7.22,5.8,6.19,7.49,3.96,15.95,14.65,17.09,13.98,7.67,100.0,0.0,100.0,100.0,100.0,0.0,100.0,0.0,100.0,100.0,50.11,49.89,7.22,5.8,6.19,7.49,3.96,15.95,14.65,17.09,13.98,7.67,100.0,0.0,11.0,3.0,95.0,0.0,2500.0,0.0,18.0,683.0,1659.0,1652.0,239.0,192.0,205.0,248.0,131.0,528.0,485.0,566.0,463.0,254.0,3311.0,0.0,0.36,0.1,3.09,0.0,76.07,0.0,0.33,20.02,6.25,6.67,8.07,4.26,17.19,15.79,18.42,15.07,8.27,93.62,6.38,100.0,0.0,100.0,100.0,100.0,0.0,100.0,0.0,100.0,100.0,6.25,6.67,8.07,4.26,17.19,15.79,18.42,15.07,8.27,93.63,6.37,100.0,0.0,11.0,3.0,95.0,0.0,2337.0,0.0,10.0,615.0,192.0,205.0,248.0,131.0,528.0,485.0,566.0,463.0,254.0,2876.0,196.0,3072.0,0.0,0.41,0.0,2.54,0.0,76.37,0.0,0.37,20.26,49.98,50.02,100.0,41.2,11.36,36.79,10.69,0.0,11.0,0.0,68.0,0.0,2043.0,0.0,10.0,542.0,1337.0,1338.0,2675.0,1102.0,304.0,984.0,286.0
3509007,0.04,1.85,0.9,10.74,0.06,47.8,0.01,6.23,32.36,47.88,52.12,8.07,7.99,8.08,8.47,1.72,17.96,17.75,14.87,10.43,4.66,100.0,100.0,100.0,100.0,100.0,100.0,100.0,100.0,100.0,100.0,47.88,52.12,8.07,8.0,8.08,8.47,1.72,17.96,17.75,14.86,10.43,4.66,100.0,34.0,1549.0,751.0,8984.0,51.0,39966.0,12.0,5208.0,27062.0,40033.0,43584.0,6747.0,6685.0,6757.0,7080.0,1442.0,15017.0,14846.0,12430.0,8718.0,3895.0,83617.0,0.04,1.87,0.93,10.48,0.07,48.31,0.02,6.15,32.14,8.7,8.79,9.21,1.88,19.54,19.31,16.17,11.34,5.07,97.31,2.69,100.0,100.0,100.0,100.0,100.0,100.0,100.0,100.0,100.0,100.0,8.7,8.79,9.21,1.88,19.54,19.31,16.17,11.34,5.07,97.31,2.69,100.0,34.0,1437.0,713.0,8054.0,51.0,37137.0,12.0,4728.0,24705.0,6685.0,6757.0,7080.0,1442.0,15017.0,14846.0,12430.0,8718.0,3895.0,74803.0,2067.0,76870.0,0.02,2.13,0.95,8.97,0.03,49.42,0.02,6.21,32.25,46.77,53.23,100.0,25.79,18.55,37.41,18.24,13.0,1349.0,601.0,5689.0,22.0,31348.0,12.0,3936.0,20458.0,29666.0,33761.0,63427.0,16359.0,11767.0,23730.0,11572.0
3509106,0.0,0.3,0.95,5.25,0.08,57.78,0.0,4.44,31.21,61.14,38.86,5.53,6.3,11.24,10.6,2.68,18.1,13.58,15.12,11.14,5.71,100.0,0.0,100.0,100.0,100.0,100.0,100.0,0.0,100.0,100.0,61.14,38.86,5.53,6.3,11.24,10.6,2.68,18.1,13.58,15.12,11.14,5.71,100.0,0.0,15.0,48.0,264.0,4.0,2905.0,0.0,223.0,1569.0,3074.0,1954.0,278.0,317.0,565.0,533.0,135.0,910.0,683.0,760.0,560.0,287.0,5028.0,0.0,0.32,1.01,5.33,0.08,57.56,0.0,4.36,31.33,6.67,11.89,11.22,2.84,19.16,14.38,16.0,11.79,6.04,92.84,7.16,100.0,0.0,100.0,100.0,100.0,100.0,100.0,0.0,100.0,100.0,6.67,11.89,11.22,2.84,19.16,14.38,16.0,11.79,6.04,92.85,7.15,100.0,0.0,15.0,48.0,253.0,4.0,2734.0,0.0,207.0,1488.0,317.0,565.0,533.0,135.0,910.0,683.0,760.0,560.0,287.0,4410.0,340.0,4750.0,0.0,0.39,0.8,4.11,0.1,59.28,0.0,4.55,30.77,59.49,40.51,100.0,43.8,18.43,28.0,9.77,0.0,15.0,31.0,159.0,4.0,2293.0,0.0,176.0,1190.0,2301.0,1567.0,3868.0,1694.0,713.0,1083.0,378.0
3509205,0.03,1.27,1.15,13.26,0.04,44.82,0.0,6.55,32.89,48.71,51.29,8.27,8.19,9.13,9.33,1.22,21.18,19.08,12.46,7.65,3.48,100.0,100.0,100.0,100.0,100.0,100.0,100.0,0.0,100.0,100.0,48.71,51.29,8.27,8.19,9.13,9.33,1.22,21.18,19.08,12.46,7.65,3.48,100.0,21.0,1007.0,911.0,10551.0,32.0,35657.0,0.0,5215.0,26166.0,38757.0,40802.0,6579.0,6518.0,7263.0,7425.0,972.0,16854.0,15181.0,9912.0,6090.0,2765.0,79559.0,0.03,1.24,1.12,13.14,0.04,45.37,0.0,6.43,32.63,8.93,9.95,10.17,1.33,23.09,20.8,13.58,8.34,3.79,96.83,3.17,100.0,100.0,100.0,100.0,100.0,100.0,100.0,0.0,100.0,100.0,8.93,9.95,10.17,1.33,23.09,20.8,13.58,8.34,3.79,96.82,3.18,100.0,21.0,908.0,821.0,9586.0,32.0,33108.0,0.0,4692.0,23811.0,6518.0,7263.0,7425.0,972.0,16854.0,15181.0,9912.0,6090.0,2765.0,70663.0,2317.0,72980.0,0.04,1.32,1.07,11.86,0.02,46.39,0.0,6.55,32.75,47.96,52.04,100.0,23.03,12.34,44.26,20.36,21.0,779.0,636.0,7023.0,10.0,27465.0,0.0,3878.0,19386.0,28390.0,30809.0,59199.0,13636.0,7308.0,26202.0,12053.0
3509254,0.0,1.04,0.12,17.97,0.67,19.9,0.0,7.03,53.27,50.27,49.73,8.94,8.83,8.72,8.59,2.61,16.71,17.12,13.32,9.86,5.29,100.0,0.0,100.0,100.0,100.0,100.0,100.0,0.0,100.0,100.0,50.27,49.73,8.94,8.83,8.72,8.59,2.61,16.71,17.12,13.32,9.86,5.29,100.0,0.0,253.0,29.0,4384.0,164.0,4855.0,0.0,1714.0,12998.0,12264.0,12134.0,2181.0,2154.0,2127.0,2097.0,638.0,4078.0,4177.0,3250.0,2405.0,1291.0,24398.0,0.0,0.99,0.13,17.74,0.68,19.95,0.0,7.16,53.35,9.7,9.57,9.44,2.87,18.36,18.8,14.63,10.83,5.81,93.5,6.5,100.0,0.0,100.0,100.0,100.0,100.0,100.0,0.0,100.0,100.0,9.7,9.57,9.44,2.87,18.36,18.8,14.63,10.83,5.81,93.49,6.51,100.0,0.0,221.0,29.0,3941.0,151.0,4432.0,0.0,1590.0,11853.0,2154.0,2127.0,2097.0,638.0,4078.0,4177.0,3250.0,2405.0,1291.0,20772.0,1445.0,22217.0,0.0,1.18,0.11,16.08,0.72,21.62,0.0,6.62,53.67,50.01,49.99,100.0,43.88,14.46,33.34,8.32,0.0,211.0,20.0,2885.0,130.0,3877.0,0.0,1187.0,9627.0,8969.0,8967.0,17936.0,7870.0,2594.0,5980.0,1492.0
3509304,0.0,1.04,0.56,4.14,0.0,67.5,0.0,2.22,24.55,49.46,50.54,6.36,7.08,7.0,7.45,3.46,16.69,16.17,15.21,12.41,8.15,100.0,0.0,100.0,100.0,100.0,0.0,100.0,0.0,100.0,100.0,49.46,50.54,6.36,7.08,7.0,7.45,3.46,16.69,16.17,15.21,12.41,8.15,100.0,0.0,85.0,46.0,337.0,0.0,5497.0,0.0,181.0,1999.0,4028.0,4116.0,518.0,577.0,570.0,607.0,282.0,1359.0,1317.0,1239.0,1011.0,664.0,8144.0,0.0,1.06,0.6,4.01,0.0,68.28,0.0,2.31,23.73,7.57,7.47,7.96,3.7,17.82,17.27,16.25,13.26,8.71,95.82,4.18,100.0,0.0,100.0,100.0,100.0,0.0,100.0,0.0,100.0,100.0,7.57,7.47,7.96,3.7,17.82,17.27,16.25,13.26,8.71,95.82,4.18,100.0,0.0,81.0,46.0,306.0,0.0,5207.0,0.0,176.0,1810.0,577.0,570.0,607.0,282.0,1359.0,1317.0,1239.0,1011.0,664.0,7307.0,319.0,7626.0,0.0,1.19,0.35,3.7,0.0,69.13,0.0,2.5,23.12,49.07,50.93,100.0,43.37,11.36,32.34,12.93,0.0,77.0,23.0,240.0,0.0,4479.0,0.0,162.0,1498.0,3179.0,3300.0,6479.0,2810.0,736.0,2095.0,838.0
3509403,0.0,0.75,0.46,3.97,0.0,66.0,0.0,2.45,26.36,49.32,50.68,7.84,7.79,8.04,8.55,3.02,17.28,15.98,14.24,11.15,6.11,100.0,0.0,100.0,100.0,100.0,0.0,100.0,0.0,100.0,100.0,49.32,50.68,7.84,7.79,8.04,8.55,3.02,17.28,15.98,14.24,11.15,6.11,100.0,0.0,157.0,97.0,832.0,0.0,13816.0,0.0,513.0,5518.0,10324.0,10610.0,1641.0,1631.0,1683.0,1789.0,632.0,3617.0,3346.0,2980.0,2335.0,1280.0,20934.0,0.0,0.81,0.41,4.07,0.0,66.4,0.0,2.6,25.7,8.45,8.72,9.27,3.28,18.75,17.34,15.45,12.1,6.63,95.91,4.09,100.0,0.0,100.0,100.0,100.0,0.0,100.0,0.0,100.0,100.0,8.45,8.72,9.27,3.28,18.75,17.34,15.45,12.1,6.63,95.91,4.09,100.0,0.0,157.0,80.0,786.0,0.0,12810.0,0.0,502.0,4958.0,1631.0,1683.0,1789.0,632.0,3617.0,3346.0,2980.0,2335.0,1280.0,18504.0,789.0,19293.0,0.0,0.82,0.39,3.25,0.0,67.68,0.0,2.44,25.42,48.66,51.34,100.0,39.4,16.36,29.06,15.18,0.0,131.0,63.0,519.0,0.0,10815.0,0.0,390.0,4062.0,7775.0,8204.0,15979.0,6296.0,2614.0,4644.0,2425.0
3509452,0.0,1.43,0.17,5.89,0.06,60.84,0.0,3.0,28.62,50.55,49.45,7.48,7.44,8.7,7.69,2.66,16.25,16.58,14.74,11.89,6.58,100.0,0.0,100.0,100.0,100.0,100.0,100.0,0.0,100.0,100.0,50.55,49.45,7.48,7.44,8.7,7.69,2.66,16.25,16.58,14.74,11.89,6.58,100.0,0.0,75.0,9.0,308.0,3.0,3182.0,0.0,157.0,1497.0,2644.0,2586.0,391.0,389.0,455.0,402.0,139.0,850.0,867.0,771.0,622.0,344.0,5230.0,0.0,1.55,0.19,5.44,0.06,61.31,0.0,3.0,28.46,8.04,9.4,8.31,2.87,17.57,17.92,15.93,12.85,7.11,95.64,4.36,100.0,0.0,100.0,100.0,100.0,100.0,100.0,0.0,100.0,100.0,8.04,9.4,8.31,2.87,17.57,17.92,15.93,12.85,7.11,95.64,4.36,100.0,0.0,75.0,9.0,263.0,3.0,2967.0,0.0,145.0,1377.0,389.0,455.0,402.0,139.0,850.0,867.0,771.0,622.0,344.0,4628.0,211.0,4839.0,0.0,1.6,0.15,4.61,0.08,62.9,0.0,2.9,27.78,50.24,49.76,100.0,41.75,12.37,34.12,11.79,0.0,64.0,6.0,184.0,3.0,2513.0,0.0,116.0,1110.0,2007.0,1988.0,3995.0,1668.0,494.0,1363.0,471.0
3509502,0.03,3.36,1.35,11.17,0.2,50.43,0.01,5.69,27.75,47.21,52.79,6.45,6.46,8.02,8.69,3.27,17.99,17.07,14.16,11.34,6.55,100.0,100.0,100.0,100.0,100.0,100.0,100.0,100.0,100.0,100.0,47.21,52.79,6.45,6.46,8.02,8.69,3.27,17.99,17.07,14.16,11.34,6.55,100.0,301.0,34000.0,13708.0,113190.0,2029.0,510812.0,114.0,57684.0,281130.0,478268.0,534700.0,65339.0,65399.0,81281.0,88032.0,33142.0,182232.0,172876.0,143431.0,114884.0,66353.0,1012969.0,0.03,3.43,1.36,11.04,0.19,50.93,0.01,5.71,27.3,6.9,8.58,9.29,3.5,19.23,18.24,15.14,12.12,7.0,97.69,2.31,100.0,100.0,100.0,100.0,100.0,100.0,100.0,100.0,100.0,100.0,6.9,8.58,9.29,3.5,19.23,18.24,15.14,12.12,7.0,97.69,2.31,100.0,281.0,32473.0,12857.0,104658.0,1795.0,482653.0,114.0,54097.0,258700.0,65399.0,81281.0,88032.0,33142.0,182232.0,172876.0,143431.0,114884.0,66353.0,925701.0,21929.0,947630.0,0.03,3.67,1.34,10.05,0.18,52.29,0.01,5.65,26.78,46.23,53.77,100.0,22.91,13.1,34.06,29.92,232.0,29373.0,10730.0,80502.0,1434.0,418807.0,114.0,45243.0,214514.0,370287.0,430663.0,800950.0,183509.0,104955.0,272820.0,239666.0
3509601,0.18,1.66,1.83,10.41,0.26,45.56,0.0,5.78,34.34,48.44,51.56,7.78,7.85,8.42,8.43,2.16,17.48,17.28,14.31,10.97,5.33,100.0,100.0,100.0,100.0,100.0,100.0,100.0,0.0,100.0,100.0,48.44,51.56,7.78,7.85,8.42,8.43,2.16,17.48,17.28,14.31,10.97,5.33,100.0,122.0,1124.0,1238.0,7061.0,174.0,30888.0,0.0,3916.0,23281.0,32841.0,34962.0,5273.0,5321.0,5710.0,5718.0,1463.0,11850.0,11713.0,9704.0,7437.0,3614.0,67803.0,0.15,1.73,1.79,10.34,0.25,45.78,0.0,5.82,34.15,8.51,9.13,9.14,2.34,18.95,18.73,15.52,11.89,5.78,96.74,3.26,100.0,100.0,100.0,100.0,100.0,100.0,100.0,0.0,100.0,100.0,8.51,9.13,9.14,2.34,18.95,18.73,15.52,11.89,5.78,96.74,3.26,100.0,94.0,1080.0,1118.0,6468.0,154.0,28628.0,0.0,3637.0,21352.0,5321.0,5710.0,5718.0,1463.0,11850.0,11713.0,9704.0,7437.0,3614.0,60492.0,2038.0,62530.0,0.18,1.96,1.87,9.48,0.21,46.84,0.0,5.76,33.7,47.53,52.47,100.0,30.47,13.02,40.05,16.46,94.0,1011.0,961.0,4884.0,109.0,24122.0,0.0,2965.0,17354.0,24477.0,27022.0,51499.0,15692.0,6707.0,20625.0,8475.0
3509700,0.0,1.4,0.59,4.9,0.02,62.17,0.08,3.52,27.3,48.41,51.59,7.26,8.09,9.35,8.97,2.21,17.05,16.8,14.73,10.55,5.0,100.0,0.0,100.0,100.0,100.0,100.0,100.0,100.0,100.0,100.0,48.4,51.6,7.26,8.09,9.35,8.97,2.22,17.04,16.8,14.73,10.55,5.0,100.0,0.0,577.0,244.0,2016.0,10.0,25572.0,32.0,1449.0,11229.0,19909.0,21221.0,2987.0,3326.0,3844.0,3690.0,911.0,7011.0,6909.0,6058.0,4338.0,2056.0,41130.0,0.0,1.42,0.64,5.07,0.03,62.35,0.08,3.53,26.89,8.72,10.08,9.67,2.39,18.38,18.11,15.88,11.37,5.39,96.74,3.26,100.0,0.0,100.0,100.0,100.0,100.0,100.0,100.0,100.0,100.0,8.72,10.08,9.67,2.39,18.38,18.11,15.88,11.37,5.39,96.74,3.26,100.0,0.0,541.0,244.0,1933.0,10.0,23781.0,32.0,1346.0,10256.0,3326.0,3844.0,3690.0,911.0,7011.0,6909.0,6058.0,4338.0,2056.0,36900.0,1243.0,38143.0,0.0,1.68,0.6,4.87,0.03,63.12,0.1,3.33,26.26,47.39,52.6,100.0,37.86,16.59,30.77,14.79,0.0,521.0,186.0,1509.0,10.0,19550.0,32.0,1030.0,8135.0,14679.0,16293.0,30973.0,11726.0,5138.0,9529.0,4580.0
3509809,0.0,0.47,0.0,4.55,0.0,61.68,0.0,2.75,30.55,50.9,49.1,6.66,8.32,9.1,7.75,2.8,15.55,16.35,14.64,11.64,7.2,100.0,0.0,100.0,0.0,100.0,0.0,100.0,0.0,100.0,100.0,50.9,49.1,6.66,8.32,9.1,7.75,2.8,15.55,16.35,14.64,11.64,7.2,100.0,0.0,20.0,0.0,192.0,0.0,2603.0,0.0,116.0,1289.0,2148.0,2072.0,281.0,351.0,384.0,327.0,118.0,656.0,690.0,618.0,491.0,304.0,4220.0,0.0,0.51,0.0,4.54,0.0,62.25,0.0,2.77,29.91,8.91,9.75,8.3,3.0,16.65,17.52,15.69,12.47,7.72,94.29,5.71,100.0,0.0,100.0,0.0,100.0,0.0,100.0,0.0,100.0,100.0,8.91,9.75,8.3,3.0,16.65,17.52,15.69,12.47,7.72,94.3,5.7,100.0,0.0,20.0,0.0,179.0,0.0,2452.0,0.0,109.0,1178.0,351.0,384.0,327.0,118.0,656.0,690.0,618.0,491.0,304.0,3714.0,225.0,3939.0,0.0,0.62,0.0,3.81,0.0,64.51,0.0,2.47,28.59,49.88,50.12,100.0,45.88,14.04,26.81,13.26,0.0,20.0,0.0,122.0,0.0,2067.0,0.0,79.0,916.0,1598.0,1606.0,3204.0,1470.0,450.0,859.0,425.0
3509908,0.0,2.29,0.75,21.13,0.7,33.56,0.98,4.58,36.0,48.55,51.45,7.94,8.94,7.57,7.62,2.9,14.91,17.32,14.07,11.65,7.09,100.0,0.0,100.0,100.0,100.0,100.0,100.0,100.0,100.0,100.0,48.55,51.45,7.94,8.95,7.57,7.61,2.9,14.9,17.32,14.07,11.66,7.09,100.0,0.0,247.0,81.0,2275.0,75.0,3614.0,106.0,493.0,3876.0,5228.0,5540.0,855.0,963.0,815.0,820.0,312.0,1605.0,1865.0,1515.0,1255.0,763.0,10768.0,0.0,2.49,0.77,20.26,0.71,34.02,0.87,4.64,36.25,9.71,8.22,8.27,3.15,16.19,18.81,15.28,12.66,7.7,96.27,3.73,100.0,0.0,100.0,100.0,100.0,100.0,100.0,100.0,100.0,100.0,9.72,8.22,8.27,3.15,16.19,18.82,15.28,12.66,7.7,96.27,3.73,100.0,0.0,247.0,76.0,2008.0,70.0,3372.0,86.0,460.0,3593.0,963.0,815.0,820.0,312.0,1605.0,1865.0,1515.0,1255.0,763.0,9543.0,370.0,9913.0,0.0,2.82,0.85,18.45,0.71,36.42,0.57,4.4,35.79,48.34,51.66,100.0,38.95,14.46,33.38,13.23,0.0,229.0,69.0,1501.0,58.0,2962.0,46.0,358.0,2911.0,3932.0,4202.0,8134.0,3168.0,1176.0,2715.0,1076.0
3509957,0.0,0.33,0.17,3.06,0.43,59.42,0.0,2.49,34.11,50.05,49.95,8.97,8.42,9.13,9.16,1.47,17.74,16.6,13.4,10.63,4.48,100.0,0.0,100.0,100.0,100.0,100.0,100.0,0.0,100.0,100.0,50.05,49.95,8.97,8.42,9.13,9.16,1.47,17.74,16.6,13.4,10.63,4.48,100.0,0.0,14.0,7.0,129.0,18.0,2505.0,0.0,105.0,1438.0,2110.0,2106.0,378.0,355.0,385.0,386.0,62.0,748.0,700.0,565.0,448.0,189.0,4216.0,0.0,0.36,0.18,3.07,0.29,60.6,0.0,2.66,32.8,9.25,10.03,10.06,1.62,19.49,18.24,14.72,11.67,4.92,95.96,4.04,100.0,0.0,100.0,100.0,100.0,100.0,100.0,0.0,100.0,100.0,9.25,10.03,10.06,1.62,19.49,18.24,14.72,11.67,4.92,95.96,4.04,100.0,0.0,14.0,7.0,118.0,11.0,2326.0,0.0,102.0,1259.0,355.0,385.0,386.0,62.0,748.0,700.0,565.0,448.0,189.0,3683.0,155.0,3838.0,0.0,0.45,0.13,2.26,0.23,63.72,0.0,2.78,30.41,49.42,50.58,100.0,32.92,17.04,40.41,9.62,0.0,14.0,4.0,70.0,7.0,1974.0,0.0,86.0,942.0,1531.0,1567.0,3098.0,1020.0,528.0,1252.0,298.0
3510005,0.0,0.75,0.38,2.72,0.0,64.79,0.0,2.97,28.4,48.32,51.68,7.12,6.95,7.43,7.36,3.41,16.69,15.7,15.66,12.77,6.9,100.0,0.0,100.0,100.0,100.0,0.0,100.0,0.0,100.0,100.0,48.32,51.68,7.12,6.95,7.43,7.36,3.41,16.69,15.7,15.66,12.77,6.9,100.0,0.0,195.0,98.0,711.0,0.0,16912.0,0.0,776.0,7412.0,12614.0,13489.0,1859.0,1815.0,1940.0,1922.0,889.0,4357.0,4098.0,4088.0,3334.0,1801.0,26103.0,0.0,0.77,0.35,2.76,0.0,65.47,0.0,3.13,27.53,7.49,8.0,7.93,3.67,17.97,16.9,16.86,13.75,7.43,96.18,3.82,100.0,0.0,100.0,100.0,100.0,0.0,100.0,0.0,100.0,100.0,7.49,8.0,7.93,3.67,17.97,16.9,16.86,13.75,7.43,96.19,3.81,100.0,0.0,186.0,84.0,668.0,0.0,15872.0,0.0,759.0,6674.0,1815.0,1940.0,1922.0,889.0,4357.0,4098.0,4088.0,3334.0,1801.0,23319.0,925.0,24244.0,0.0,0.79,0.35,2.52,0.0,66.37,0.0,2.98,26.99,47.66,52.34,100.0,37.35,15.92,30.2,16.54,0.0,162.0,71.0,516.0,0.0,13599.0,0.0,611.0,5530.0,9766.0,10723.0,20489.0,7652.0,3261.0,6187.0,3389.0
3510104,0.0,1.18,0.08,2.56,0.76,70.61,0.0,2.48,22.37,49.16,50.84,5.38,6.34,7.29,6.3,5.23,16.34,15.5,15.5,13.66,8.47,100.0,0.0,100.0,100.0,100.0,100.0,100.0,0.0,100.0,100.0,49.16,50.84,5.38,6.34,7.29,6.3,5.23,16.34,15.5,15.5,13.66,8.47,100.0,0.0,31.0,2.0,67.0,20.0,1850.0,0.0,65.0,586.0,1288.0,1332.0,141.0,166.0,191.0,165.0,137.0,428.0,406.0,406.0,358.0,222.0,2620.0,0.0,1.25,0.08,2.7,0.81,71.16,0.0,2.54,21.54,6.7,7.7,6.66,5.53,17.27,16.38,16.38,14.44,8.96,93.75,6.25,100.0,0.0,100.0,100.0,100.0,100.0,100.0,0.0,100.0,100.0,6.7,7.7,6.66,5.53,17.27,16.38,16.38,14.44,8.96,93.75,6.25,100.0,0.0,31.0,2.0,67.0,20.0,1764.0,0.0,63.0,534.0,166.0,191.0,165.0,137.0,428.0,406.0,406.0,358.0,222.0,2324.0,155.0,2479.0,0.0,1.23,0.09,1.7,0.75,74.03,0.0,2.21,20.03,48.59,51.41,100.0,36.33,8.86,44.02,10.79,0.0,26.0,2.0,36.0,16.0,1571.0,0.0,47.0,425.0,1031.0,1091.0,2122.0,771.0,188.0,934.0,229.0
3510153,0.0,0.79,0.0,7.41,0.0,42.84,0.0,3.13,45.81,49.54,50.46,8.56,9.33,10.66,10.83,1.82,17.92,17.3,11.99,7.56,4.03,100.0,0.0,100.0,0.0,100.0,0.0,100.0,0.0,100.0,100.0,49.54,50.46,8.56,9.33,10.66,10.83,1.82,17.92,17.3,11.99,7.56,4.03,100.0,0.0,42.0,0.0,395.0,0.0,2283.0,0.0,167.0,2441.0,2640.0,2689.0,456.0,497.0,568.0,577.0,97.0,955.0,922.0,639.0,403.0,215.0,5329.0,0.0,0.78,0.0,7.39,0.0,44.18,0.0,3.04,44.63,10.2,11.66,11.84,1.99,19.6,18.92,13.11,8.27,4.41,94.6,5.4,100.0,0.0,100.0,0.0,100.0,0.0,100.0,0.0,100.0,100.0,10.2,11.66,11.84,1.99,19.6,18.92,13.11,8.27,4.41,94.59,5.41,100.0,0.0,38.0,0.0,360.0,0.0,2153.0,0.0,148.0,2175.0,497.0,568.0,577.0,97.0,955.0,922.0,639.0,403.0,215.0,4610.0,263.0,4873.0,0.0,0.87,0.0,5.91,0.0,46.59,0.0,3.02,43.59,49.47,50.53,100.0,40.39,17.52,33.43,8.67,0.0,33.0,0.0,225.0,0.0,1774.0,0.0,115.0,1660.0,1884.0,1924.0,3808.0,1538.0,667.0,1273.0,330.0
3510203,0.0,1.14,0.42,4.82,0.09,53.81,0.02,3.18,36.52,49.33,50.67,7.78,8.77,8.57,8.92,2.52,16.36,17.19,13.86,9.97,6.07,100.0,0.0,100.0,100.0,100.0,100.0,100.0,100.0,100.0,100.0,49.33,50.67,7.78,8.77,8.57,8.92,2.52,16.36,17.19,13.86,9.97,6.07,100.0,0.0,464.0,171.0,1958.0,37.0,21859.0,10.0,1290.0,14834.0,20038.0,20584.0,3162.0,3561.0,3480.0,3623.0,1022.0,6645.0,6983.0,5630.0,4050.0,2466.0,40623.0,0.0,1.24,0.43,4.92,0.1,53.86,0.03,3.14,36.3,9.51,9.29,9.67,2.73,17.74,18.64,15.03,10.81,6.58,95.0,5.0,100.0,0.0,100.0,100.0,100.0,100.0,100.0,100.0,100.0,100.0,9.51,9.29,9.67,2.73,17.74,18.64,15.03,10.81,6.58,95.0,5.0,100.0,0.0,464.0,160.0,1842.0,37.0,20175.0,10.0,1177.0,13597.0,3561.0,3480.0,3623.0,1022.0,6645.0,6983.0,5630.0,4050.0,2466.0,35588.0,1873.0,37461.0,0.0,1.46,0.44,3.89,0.08,55.09,0.03,3.33,35.67,48.14,51.86,100.0,41.5,14.06,33.25,11.2,0.0,443.0,135.0,1184.0,25.0,16758.0,10.0,1014.0,10850.0,14643.0,15776.0,30419.0,12624.0,4277.0,10113.0,3406.0
3510302,0.0,0.52,0.62,5.33,0.0,61.32,0.16,2.14,29.92,55.52,44.48,7.08,7.18,10.07,10.64,1.9,19.2,16.26,12.92,9.82,4.93,100.0,0.0,100.0,100.0,100.0,0.0,100.0,100.0,100.0,100.0,55.52,44.48,7.08,7.18,10.07,10.64,1.9,19.2,16.26,12.92,9.82,4.93,100.0,0.0,103.0,124.0,1060.0,0.0,12200.0,31.0,426.0,5953.0,11046.0,8851.0,1409.0,1429.0,2003.0,2117.0,378.0,3821.0,3236.0,2570.0,1953.0,981.0,19897.0,0.0,0.56,0.62,5.67,0.0,61.62,0.17,2.15,29.21,7.73,10.83,11.45,2.04,20.67,17.5,13.9,10.56,5.31,94.47,5.53,100.0,0.0,100.0,100.0,100.0,0.0,100.0,100.0,100.0,100.0,7.73,10.83,11.45,2.04,20.67,17.5,13.9,10.56,5.31,94.47,5.53,100.0,0.0,103.0,115.0,1048.0,0.0,11392.0,31.0,398.0,5401.0,1429.0,2003.0,2117.0,378.0,3821.0,3236.0,2570.0,1953.0,981.0,17465.0,1023.0,18488.0,0.0,0.62,0.68,5.19,0.0,61.5,0.13,2.23,29.65,56.22,43.78,100.0,46.39,19.37,25.92,8.33,0.0,93.0,102.0,782.0,0.0,9259.0,20.0,336.0,4464.0,8464.0,6592.0,15056.0,6985.0,2916.0,3902.0,1254.0
3510401,0.0,1.24,0.71,5.78,0.54,58.3,0.0,2.66,30.78,48.69,51.31,7.35,7.8,8.23,8.12,2.55,18.19,16.99,13.94,10.99,5.84,100.0,0.0,100.0,100.0,100.0,100.0,100.0,0.0,100.0,100.0,48.69,51.31,7.35,7.8,8.23,8.12,2.55,18.19,16.99,13.94,10.99,5.84,100.0,0.0,544.0,313.0,2538.0,235.0,25594.0,0.0,1169.0,13512.0,21375.0,22529.0,3227.0,3424.0,3613.0,3567.0,1118.0,7984.0,7460.0,6119.0,4827.0,2564.0,43904.0,0.0,1.23,0.69,5.76,0.51,58.7,0.0,2.66,30.44,8.42,8.88,8.77,2.75,19.63,18.34,15.04,11.87,6.3,96.94,3.06,100.0,0.0,100.0,100.0,100.0,100.0,100.0,0.0,100.0,100.0,8.42,8.88,8.77,2.75,19.63,18.34,15.04,11.87,6.3,96.94,3.06,100.0,0.0,502.0,282.0,2344.0,206.0,23880.0,0.0,1082.0,12382.0,3424.0,3613.0,3567.0,1118.0,7984.0,7460.0,6119.0,4827.0,2564.0,39434.0,1244.0,40678.0,0.0,1.32,0.66,5.49,0.45,59.79,0.0,2.72,29.57,47.88,52.12,100.0,39.44,21.21,26.08,13.27,0.0,445.0,223.0,1846.0,152.0,20114.0,0.0,914.0,9946.0,16106.0,17534.0,33640.0,13267.0,7135.0,8773.0,4465.0
3510500,0.06,3.01,2.14,14.53,0.11,41.87,0.01,6.6,31.67,48.23,51.77,7.83,7.97,7.86,8.24,2.45,17.12,17.1,14.14,11.01,6.27,100.0,100.0,100.0,100.0,100.0,100.0,100.0,100.0,100.0,100.0,48.23,51.77,7.83,7.97,7.86,8.24,2.45,17.12,17.1,14.14,11.01,6.27,100.0,67.0,3512.0,2503.0,16977.0,134.0,48918.0,10.0,7710.0,36992.0,56339.0,60485.0,9145.0,9312.0,9188.0,9624.0,2865.0,20001.0,19980.0,16514.0,12864.0,7329.0,116823.0,0.06,3.18,2.17,14.18,0.12,42.35,0.01,6.65,31.27,8.65,8.53,8.94,2.66,18.57,18.56,15.34,11.95,6.81,96.94,3.06,100.0,100.0,100.0,100.0,100.0,100.0,100.0,100.0,100.0,100.0,8.65,8.53,8.94,2.66,18.57,18.55,15.34,11.95,6.81,96.94,3.06,100.0,67.0,3429.0,2334.0,15266.0,134.0,45606.0,10.0,7164.0,33667.0,9312.0,9188.0,9624.0,2865.0,20001.0,19980.0,16514.0,12864.0,7329.0,104379.0,3299.0,107678.0,0.06,3.57,1.99,12.55,0.13,44.48,0.01,6.55,30.66,47.29,52.71,100.0,24.87,14.98,40.7,19.46,56.0,3182.0,1775.0,11193.0,113.0,39664.0,10.0,5844.0,27340.0,42170.0,47007.0,89178.0,22176.0,13360.0,36291.0,17350.0
3510609,0.01,1.21,1.32,14.11,0.17,46.85,0.05,4.67,31.59,47.58,52.42,7.82,8.37,9.22,8.8,1.62,18.4,17.9,13.68,9.44,4.73,100.0,100.0,100.0,100.0,100.0,100.0,100.0,100.0,100.0,100.0,47.58,52.42,7.82,8.37,9.22,8.8,1.62,18.4,17.9,13.68,9.44,4.73,100.0,44.0,4073.0,4447.0,47397.0,587.0,157412.0,175.0,15685.0,106144.0,159848.0,176116.0,26282.0,28129.0,30978.0,29571.0,5442.0,61833.0,60144.0,45970.0,31714.0,15901.0,335964.0,0.01,1.25,1.33,13.78,0.18,47.21,0.05,4.7,31.5,9.08,10.0,9.55,1.76,19.97,19.42,14.84,10.24,5.13,96.33,3.67,100.0,100.0,100.0,100.0,100.0,100.0,100.0,100.0,100.0,100.0,9.08,10.0,9.55,1.76,19.97,19.42,14.84,10.24,5.13,96.33,3.67,100.0,32.0,3872.0,4116.0,42679.0,542.0,146201.0,154.0,14551.0,97535.0,28129.0,30978.0,29571.0,5442.0,61833.0,60144.0,45970.0,31714.0,15901.0,298307.0,11375.0,309682.0,0.01,1.37,1.28,12.4,0.19,48.64,0.05,4.63,31.42,46.56,53.44,100.0,29.58,15.5,39.48,15.45,21.0,3428.0,3212.0,31069.0,487.0,121891.0,124.0,11611.0,78732.0,116669.0,133906.0,250575.0,74111.0,38837.0,98916.0,38711.0
3510708,0.0,1.29,0.07,4.68,0.04,60.95,0.0,3.05,29.91,48.81,51.19,6.65,6.9,6.24,5.93,4.03,14.73,15.55,16.02,14.78,9.18,100.0,0.0,100.0,100.0,100.0,100.0,100.0,0.0,100.0,100.0,48.81,51.19,6.65,6.9,6.24,5.93,4.03,14.73,15.55,16.02,14.78,9.18,100.0,0.0,132.0,7.0,477.0,4.0,6217.0,0.0,311.0,3051.0,4979.0,5221.0,678.0,704.0,636.0,605.0,411.0,1502.0,1586.0,1634.0,1508.0,936.0,10200.0,0.0,1.39,0.07,4.7,0.04,61.52,0.0,3.09,29.19,7.39,6.68,6.35,4.32,15.77,16.66,17.16,15.84,9.83,93.72,6.28,100.0,0.0,100.0,100.0,100.0,100.0,100.0,0.0,100.0,100.0,7.39,6.68,6.35,4.32,15.77,16.66,17.16,15.84,9.83,93.72,6.28,100.0,0.0,132.0,7.0,448.0,4.0,5858.0,0.0,294.0,2779.0,704.0,636.0,605.0,411.0,1502.0,1586.0,1634.0,1508.0,936.0,8924.0,598.0,9522.0,0.0,1.61,0.09,4.25,0.05,62.53,0.0,3.1,28.37,48.11,51.89,100.0,45.88,13.52,27.34,13.26,0.0,132.0,7.0,348.0,4.0,5116.0,0.0,254.0,2321.0,3936.0,4246.0,8182.0,3754.0,1106.0,2237.0,1085.0
3510807,0.0,2.39,1.02,5.17,0.0,62.13,0.0,1.98,27.32,51.81,48.19,7.07,6.95,7.77,8.29,3.0,17.8,16.47,14.07,11.79,6.8,100.0,0.0,100.0,100.0,100.0,0.0,100.0,0.0,100.0,100.0,51.81,48.19,7.07,6.95,7.77,8.29,3.0,17.8,16.47,14.07,11.79,6.8,100.0,0.0,597.0,254.0,1292.0,0.0,15530.0,0.0,494.0,6828.0,12950.0,12045.0,1768.0,1737.0,1943.0,2071.0,750.0,4449.0,4116.0,3516.0,2946.0,1699.0,24995.0,0.0,2.54,0.96,5.26,0.0,62.48,0.0,1.95,26.81,7.48,8.37,8.92,3.23,19.15,17.72,15.14,12.68,7.31,96.28,3.72,100.0,0.0,100.0,100.0,100.0,0.0,100.0,0.0,100.0,100.0,7.48,8.37,8.92,3.23,19.15,17.72,15.14,12.68,7.31,96.28,3.72,100.0,0.0,590.0,222.0,1221.0,0.0,14513.0,0.0,453.0,6228.0,1737.0,1943.0,2071.0,750.0,4449.0,4116.0,3516.0,2946.0,1699.0,22362.0,865.0,23227.0,0.0,2.72,0.88,5.29,0.0,64.2,0.0,1.65,25.25,51.3,48.7,100.0,30.58,13.88,34.87,20.67,0.0,531.0,172.0,1035.0,0.0,12549.0,0.0,323.0,4936.0,10028.0,9519.0,19547.0,5977.0,2713.0,6816.0,4041.0
3510906,0.0,1.31,1.9,5.0,0.0,73.74,0.0,0.99,17.06,51.01,48.99,6.27,6.39,7.18,6.35,4.92,15.03,15.71,16.62,14.2,7.34,100.0,0.0,100.0,100.0,100.0,0.0,100.0,0.0,100.0,100.0,51.01,48.99,6.27,6.39,7.18,6.35,4.92,15.03,15.71,16.62,14.2,7.34,100.0,0.0,33.0,48.0,126.0,0.0,1859.0,0.0,25.0,430.0,1286.0,1235.0,158.0,161.0,181.0,160.0,124.0,379.0,396.0,419.0,358.0,185.0,2521.0,0.0,1.4,1.95,5.21,0.0,73.76,0.0,1.06,16.67,6.81,7.66,6.77,5.25,16.04,16.76,17.73,15.15,7.83,92.93,7.07,100.0,0.0,100.0,100.0,100.0,0.0,100.0,0.0,100.0,100.0,6.81,7.66,6.77,5.25,16.04,16.76,17.73,15.15,7.83,92.95,7.05,100.0,0.0,33.0,46.0,123.0,0.0,1743.0,0.0,25.0,394.0,161.0,181.0,160.0,124.0,379.0,396.0,419.0,358.0,185.0,2196.0,167.0,2363.0,0.0,1.58,1.43,4.8,0.0,75.31,0.0,0.94,15.93,50.57,49.43,100.0,42.16,13.76,30.08,14.05,0.0,32.0,29.0,97.0,0.0,1522.0,0.0,19.0,322.0,1022.0,999.0,2021.0,852.0,278.0,608.0,284.0
3511003,0.0,0.76,0.19,6.24,0.0,60.86,0.0,2.45,29.52,49.24,50.76,7.87,7.38,7.43,7.2,2.88,15.54,17.0,15.7,12.4,6.6,100.0,0.0,100.0,100.0,100.0,0.0,100.0,0.0,100.0,100.0,49.24,50.76,7.87,7.38,7.43,7.2,2.88,15.54,17.0,15.7,12.4,6.6,100.0,0.0,133.0,33.0,1091.0,0.0,10643.0,0.0,428.0,5162.0,8611.0,8878.0,1377.0,1290.0,1299.0,1260.0,504.0,2718.0,2974.0,2745.0,2168.0,1154.0,17489.0,0.0,0.83,0.2,6.24,0.0,60.99,0.0,2.66,29.08,8.01,8.06,7.82,3.13,16.87,18.46,17.04,13.46,7.16,94.22,5.78,100.0,0.0,100.0,100.0,100.0,0.0,100.0,0.0,100.0,100.0,8.01,8.06,7.82,3.13,16.87,18.46,17.04,13.46,7.16,94.21,5.79,100.0,0.0,133.0,33.0,1006.0,0.0,9826.0,0.0,428.0,4686.0,1290.0,1299.0,1260.0,504.0,2718.0,2974.0,2745.0,2168.0,1154.0,15180.0,932.0,16112.0,0.0,0.86,0.16,6.1,0.0,61.09,0.0,2.77,29.03,48.45,51.55,100.0,40.68,15.21,29.0,15.11,0.0,116.0,21.0,825.0,0.0,8261.0,0.0,374.0,3926.0,6552.0,6971.0,13523.0,5501.0,2057.0,3922.0,2043.0
3511102,0.05,6.16,0.58,4.57,0.05,55.33,0.0,3.77,29.51,47.6,52.4,6.33,6.45,6.89,8.03,3.67,17.54,16.69,15.63,11.99,6.78,100.0,100.0,100.0,100.0,100.0,100.0,100.0,0.0,100.0,100.0,47.6,52.4,6.33,6.45,6.89,8.03,3.67,17.54,16.69,15.63,11.99,6.78,100.0,54.0,6361.0,597.0,4720.0,47.0,57173.0,0.0,3893.0,30495.0,49190.0,54149.0,6546.0,6666.0,7120.0,8294.0,3793.0,18125.0,17244.0,16153.0,12395.0,7002.0,103339.0,0.06,6.22,0.62,4.5,0.05,56.02,0.0,3.65,28.89,6.89,7.36,8.57,3.92,18.73,17.82,16.69,12.81,7.23,97.16,2.84,100.0,100.0,100.0,100.0,100.0,100.0,100.0,0.0,100.0,100.0,6.89,7.36,8.57,3.92,18.73,17.82,16.69,12.81,7.23,97.16,2.84,100.0,54.0,6024.0,597.0,4358.0,47.0,54219.0,0.0,3533.0,27960.0,6666.0,7120.0,8294.0,3793.0,18125.0,17244.0,16153.0,12395.0,7002.0,94043.0,2750.0,96793.0,0.07,6.4,0.53,4.2,0.06,57.14,0.0,3.69,27.91,46.94,53.06,100.0,27.74,13.61,36.07,22.58,54.0,5315.0,436.0,3488.0,47.0,47434.0,0.0,3065.0,23166.0,38961.0,44045.0,83007.0,23022.0,11297.0,29942.0,18745.0
3511201,0.0,1.05,0.43,4.08,0.0,58.0,0.0,4.05,32.38,49.38,50.62,7.19,7.41,6.87,7.25,2.57,17.75,17.29,15.53,11.46,6.67,100.0,0.0,100.0,100.0,100.0,0.0,100.0,0.0,100.0,100.0,49.38,50.62,7.19,7.41,6.87,7.25,2.57,17.75,17.29,15.53,11.46,6.68,100.0,0.0,65.0,27.0,254.0,0.0,3607.0,0.0,252.0,2014.0,3071.0,3148.0,447.0,461.0,427.0,451.0,160.0,1104.0,1075.0,966.0,713.0,415.0,6219.0,0.0,1.06,0.47,3.9,0.0,58.13,0.0,4.18,32.28,7.99,7.4,7.81,2.77,19.13,18.62,16.74,12.35,7.19,95.3,4.7,100.0,0.0,100.0,100.0,100.0,0.0,100.0,0.0,100.0,100.0,7.99,7.4,7.81,2.77,19.13,18.62,16.74,12.35,7.2,95.31,4.69,100.0,0.0,61.0,27.0,225.0,0.0,3355.0,0.0,241.0,1863.0,461.0,427.0,451.0,160.0,1104.0,1075.0,966.0,713.0,415.0,5501.0,271.0,5772.0,0.0,1.0,0.31,3.48,0.0,59.15,0.0,3.85,32.21,49.2,50.8,100.0,38.08,14.37,38.66,8.89,0.0,49.0,15.0,170.0,0.0,2889.0,0.0,188.0,1573.0,2403.0,2481.0,4884.0,1860.0,702.0,1888.0,434.0
3511300,0.0,2.71,0.84,6.8,0.0,57.38,0.17,4.08,28.02,49.21,50.79,7.2,7.03,6.83,8.21,3.19,19.17,17.69,13.59,10.56,6.53,100.0,0.0,100.0,100.0,100.0,0.0,100.0,100.0,100.0,100.0,49.21,50.79,7.2,7.03,6.83,8.21,3.19,19.17,17.69,13.59,10.56,6.53,100.0,0.0,302.0,94.0,758.0,0.0,6392.0,19.0,454.0,3121.0,5482.0,5657.0,802.0,783.0,761.0,915.0,355.0,2135.0,1971.0,1514.0,1176.0,727.0,11139.0,0.0,2.77,0.91,6.68,0.0,58.33,0.15,3.7,27.48,7.57,7.36,8.85,3.43,20.65,19.07,14.65,11.38,7.03,97.05,2.95,100.0,0.0,100.0,100.0,100.0,0.0,100.0,100.0,100.0,100.0,7.57,7.36,8.85,3.43,20.65,19.07,14.65,11.38,7.03,97.05,2.95,100.0,0.0,286.0,94.0,690.0,0.0,6030.0,15.0,382.0,2841.0,783.0,761.0,915.0,355.0,2135.0,1971.0,1514.0,1176.0,727.0,10032.0,305.0,10337.0,0.0,2.82,0.91,6.45,0.0,59.93,0.17,3.67,26.04,48.63,51.37,100.0,31.47,16.5,35.52,16.52,0.0,248.0,80.0,567.0,0.0,5270.0,15.0,323.0,2290.0,4276.0,4517.0,8793.0,2767.0,1451.0,3123.0,1453.0
3511409,0.0,1.81,0.92,7.49,0.18,60.0,0.0,2.93,26.67,52.18,47.82,7.49,7.9,8.12,8.7,2.81,19.44,16.04,13.2,10.45,5.85,100.0,0.0,100.0,100.0,100.0,100.0,100.0,0.0,100.0,100.0,52.18,47.82,7.49,7.9,8.12,8.7,2.81,19.44,16.04,13.2,10.45,5.85,100.0,0.0,340.0,173.0,1406.0,34.0,11270.0,0.0,550.0,5009.0,9800.0,8982.0,1407.0,1483.0,1525.0,1634.0,527.0,3652.0,3013.0,2480.0,1962.0,1099.0,18782.0,0.0,1.84,1.0,7.74,0.2,60.33,0.0,3.04,25.86,8.54,8.78,9.4,3.03,21.02,17.34,14.27,11.29,6.33,96.14,3.86,100.0,0.0,100.0,100.0,100.0,100.0,100.0,0.0,100.0,100.0,8.54,8.78,9.4,3.03,21.02,17.34,14.27,11.29,6.33,96.15,3.85,100.0,0.0,319.0,173.0,1344.0,34.0,10482.0,0.0,528.0,4494.0,1483.0,1525.0,1634.0,527.0,3652.0,3013.0,2480.0,1962.0,1099.0,16705.0,670.0,17375.0,0.0,2.01,0.97,6.18,0.24,61.77,0.0,2.93,25.9,52.39,47.61,100.0,40.18,19.95,27.88,11.99,0.0,289.0,140.0,888.0,34.0,8874.0,0.0,421.0,3721.0,7527.0,6840.0,14367.0,5773.0,2866.0,4005.0,1723.0
3511508,0.0,1.75,0.34,6.62,0.11,63.14,0.0,4.92,23.13,48.53,51.47,6.96,6.98,7.91,7.83,2.61,18.15,17.93,14.1,11.08,6.44,100.0,0.0,100.0,100.0,100.0,100.0,100.0,0.0,100.0,100.0,48.53,51.47,6.96,6.98,7.91,7.83,2.61,18.15,17.93,14.1,11.08,6.44,100.0,0.0,692.0,135.0,2618.0,43.0,24978.0,0.0,1946.0,9149.0,19199.0,20362.0,2752.0,2763.0,3128.0,3099.0,1031.0,7182.0,7093.0,5580.0,4385.0,2548.0,39561.0,0.0,1.81,0.37,6.79,0.12,63.17,0.0,4.84,22.9,7.51,8.5,8.42,2.8,19.51,19.27,15.16,11.91,6.92,97.88,2.12,100.0,0.0,100.0,100.0,100.0,100.0,100.0,0.0,100.0,100.0,7.51,8.5,8.42,2.8,19.51,19.27,15.16,11.91,6.92,97.88,2.12,100.0,0.0,667.0,135.0,2499.0,43.0,23253.0,0.0,1781.0,8431.0,2763.0,3128.0,3099.0,1031.0,7182.0,7093.0,5580.0,4385.0,2548.0,36030.0,779.0,36809.0,0.0,1.94,0.33,5.55,0.09,64.46,0.0,4.84,22.78,47.94,52.06,100.0,27.03,16.46,38.57,17.93,0.0,599.0,102.0,1716.0,29.0,19931.0,0.0,1496.0,7044.0,14823.0,16095.0,30918.0,8357.0,5090.0,11926.0,5545.0
3511607,0.0,0.2,0.2,4.08,0.0,54.3,0.0,12.75,28.47,51.24,48.76,7.5,7.51,8.9,8.75,2.44,19.13,16.7,13.05,10.09,5.93,100.0,0.0,100.0,100.0,100.0,0.0,100.0,0.0,100.0,100.0,51.24,48.76,7.5,7.51,8.9,8.75,2.44,19.13,16.7,13.05,10.09,5.93,100.0,0.0,34.0,34.0,680.0,0.0,9048.0,0.0,2124.0,4745.0,8539.0,8125.0,1249.0,1252.0,1483.0,1458.0,406.0,3188.0,2783.0,2175.0,1682.0,988.0,16664.0,0.0,0.22,0.22,4.15,0.0,54.23,0.0,13.35,27.83,8.12,9.62,9.46,2.63,20.68,18.05,14.11,10.91,6.41,95.5,4.5,100.0,0.0,100.0,100.0,100.0,0.0,100.0,0.0,100.0,100.0,8.12,9.62,9.46,2.63,20.68,18.05,14.11,10.91,6.41,95.5,4.5,100.0,0.0,34.0,34.0,639.0,0.0,8360.0,0.0,2058.0,4290.0,1252.0,1483.0,1458.0,406.0,3188.0,2783.0,2175.0,1682.0,988.0,14722.0,693.0,15415.0,0.0,0.17,0.27,3.58,0.0,55.52,0.0,13.42,27.03,50.83,49.17,100.0,42.14,15.62,30.64,11.61,0.0,21.0,34.0,454.0,0.0,7040.0,0.0,1702.0,3428.0,6445.0,6235.0,12680.0,5343.0,1980.0,3885.0,1472.0
3511706,0.0,0.75,0.15,7.31,0.16,56.12,0.0,2.12,33.41,49.76,50.24,7.28,7.56,7.79,7.98,2.58,18.41,17.01,14.48,11.01,5.91,100.0,0.0,100.0,100.0,100.0,100.0,100.0,0.0,100.0,100.0,49.76,50.24,7.29,7.56,7.79,7.98,2.58,18.41,17.01,14.48,11.0,5.91,100.0,0.0,101.0,20.0,989.0,22.0,7597.0,0.0,287.0,4523.0,6736.0,6801.0,986.0,1023.0,1054.0,1080.0,349.0,2492.0,2302.0,1960.0,1490.0,800.0,13537.0,0.0,0.8,0.1,7.23,0.18,56.71,0.0,2.09,32.9,8.15,8.4,8.6,2.78,19.85,18.34,15.62,11.87,6.37,96.13,3.87,100.0,0.0,100.0,100.0,100.0,100.0,100.0,0.0,100.0,100.0,8.15,8.4,8.61,2.78,19.86,18.34,15.61,11.87,6.37,96.13,3.87,100.0,0.0,101.0,13.0,907.0,22.0,7118.0,0.0,262.0,4129.0,1023.0,1054.0,1080.0,349.0,2492.0,2302.0,1960.0,1490.0,800.0,12065.0,486.0,12551.0,0.0,0.8,0.12,6.22,0.21,58.8,0.0,2.35,31.5,49.75,50.25,100.0,36.85,16.43,35.03,11.69,0.0,84.0,13.0,651.0,22.0,6158.0,0.0,246.0,3299.0,5210.0,5263.0,10473.0,3859.0,1721.0,3669.0,1224.0
3511904,0.0,1.27,0.94,4.12,0.15,60.36,0.0,2.7,30.46,49.32,50.68,8.28,8.31,7.78,7.62,2.79,19.26,15.37,13.62,11.13,5.84,100.0,0.0,100.0,100.0,100.0,100.0,100.0,0.0,100.0,100.0,49.32,50.68,8.28,8.31,7.78,7.62,2.79,19.26,15.37,13.62,11.13,5.84,100.0,0.0,77.0,57.0,250.0,9.0,3660.0,0.0,164.0,1847.0,2991.0,3073.0,502.0,504.0,472.0,462.0,169.0,1168.0,932.0,826.0,675.0,354.0,6064.0,0.0,1.15,1.02,4.06,0.16,60.46,0.0,2.68,30.46,9.06,8.49,8.31,3.04,21.0,16.76,14.85,12.14,6.36,93.42,6.58,100.0,0.0,100.0,100.0,100.0,100.0,100.0,0.0,100.0,100.0,9.06,8.49,8.31,3.04,21.0,16.76,14.85,12.14,6.36,93.42,6.58,100.0,0.0,64.0,57.0,226.0,9.0,3363.0,0.0,149.0,1694.0,504.0,472.0,462.0,169.0,1168.0,932.0,826.0,675.0,354.0,5196.0,366.0,5562.0,0.0,1.31,0.81,3.88,0.2,61.77,0.0,2.86,29.18,48.98,51.02,100.0,34.37,20.1,33.01,12.49,0.0,60.0,37.0,178.0,9.0,2833.0,0.0,131.0,1338.0,2246.0,2340.0,4586.0,1576.0,922.0,1514.0,573.0
3512001,0.11,4.07,0.76,9.21,0.0,60.95,0.0,4.27,20.61,48.27,51.72,6.67,7.38,7.84,7.94,2.78,17.52,16.8,15.56,11.03,6.47,100.0,100.0,100.0,100.0,100.0,0.0,100.0,0.0,100.0,100.0,48.27,51.73,6.67,7.38,7.84,7.94,2.78,17.52,16.8,15.56,11.02,6.47,100.0,18.0,654.0,122.0,1480.0,0.0,9791.0,0.0,686.0,3311.0,7754.0,8308.0,1072.0,1186.0,1259.0,1276.0,447.0,2815.0,2698.0,2499.0,1771.0,1040.0,16063.0,0.12,4.22,0.81,9.47,0.0,61.1,0.0,4.19,20.09,7.91,8.4,8.51,2.98,18.78,18.0,16.67,11.81,6.94,95.8,4.2,100.0,100.0,100.0,100.0,100.0,0.0,100.0,0.0,100.0,100.0,7.91,8.4,8.51,2.98,18.78,18.0,16.67,11.81,6.94,95.8,4.2,100.0,18.0,632.0,122.0,1420.0,0.0,9160.0,0.0,628.0,3011.0,1186.0,1259.0,1276.0,447.0,2815.0,2698.0,2499.0,1771.0,1040.0,14362.0,629.0,14991.0,0.1,4.44,0.84,8.66,0.0,61.79,0.0,4.31,19.86,47.81,52.19,100.0,35.78,18.83,31.71,13.69,13.0,557.0,105.0,1087.0,0.0,7751.0,0.0,541.0,2491.0,5998.0,6547.0,12545.0,4488.0,2362.0,3978.0,1717.0
3512100,0.0,1.05,0.14,9.47,0.0,56.26,0.03,2.86,30.21,50.21,49.79,8.46,8.04,7.08,7.59,2.15,16.34,17.7,15.22,11.32,6.1,100.0,0.0,100.0,100.0,100.0,0.0,100.0,100.0,100.0,100.0,50.21,49.79,8.46,8.04,7.08,7.59,2.15,16.34,17.7,15.22,11.32,6.1,100.0,0.0,60.0,8.0,543.0,0.0,3226.0,2.0,164.0,1732.0,2879.0,2855.0,485.0,461.0,406.0,435.0,123.0,937.0,1015.0,873.0,649.0,350.0,5734.0,0.0,1.03,0.1,9.34,0.0,56.93,0.04,2.88,29.7,8.78,7.73,8.29,2.34,17.85,19.34,16.63,12.36,6.67,92.34,7.66,100.0,0.0,100.0,100.0,100.0,0.0,100.0,100.0,100.0,100.0,8.78,7.73,8.29,2.34,17.85,19.34,16.63,12.36,6.67,92.34,7.66,100.0,0.0,54.0,5.0,490.0,0.0,2988.0,2.0,151.0,1559.0,461.0,406.0,435.0,123.0,937.0,1015.0,873.0,649.0,350.0,4847.0,402.0,5249.0,0.0,1.16,0.11,8.58,0.0,58.24,0.05,2.99,28.85,50.0,50.0,100.0,50.37,13.78,26.93,8.92,0.0,51.0,5.0,376.0,0.0,2552.0,2.0,131.0,1264.0,2191.0,2191.0,4382.0,2207.0,604.0,1180.0,391.0
3512209,0.0,0.77,0.03,12.06,0.2,53.38,0.0,3.19,30.38,49.55,50.45,7.58,8.28,9.46,9.39,2.44,18.51,16.31,13.42,9.42,5.2,100.0,0.0,100.0,100.0,100.0,100.0,100.0,0.0,100.0,100.0,49.55,50.45,7.58,8.28,9.46,9.39,2.44,18.51,16.31,13.42,9.42,5.2,100.0,0.0,187.0,8.0,2927.0,48.0,12955.0,0.0,773.0,7373.0,12025.0,12245.0,1839.0,2010.0,2297.0,2279.0,591.0,4492.0,3958.0,3257.0,2286.0,1261.0,24270.0,0.0,0.78,0.04,11.66,0.17,53.97,0.0,3.18,30.2,8.96,10.24,10.16,2.63,20.03,17.65,14.52,10.19,5.62,94.05,5.95,100.0,0.0,100.0,100.0,100.0,100.0,100.0,0.0,100.0,100.0,8.96,10.24,10.16,2.63,20.03,17.65,14.52,10.19,5.62,94.05,5.95,100.0,0.0,174.0,8.0,2616.0,39.0,12107.0,0.0,713.0,6775.0,2010.0,2297.0,2279.0,591.0,4492.0,3958.0,3257.0,2286.0,1261.0,21097.0,1334.0,22431.0,0.0,0.7,0.04,9.89,0.1,56.73,0.0,2.73,29.8,49.06,50.94,100.0,43.73,15.23,28.9,12.14,0.0,127.0,8.0,1793.0,19.0,10282.0,0.0,494.0,5401.0,8891.0,9233.0,18124.0,7926.0,2761.0,5238.0,2200.0
3512308,0.0,0.68,0.27,4.73,0.0,66.32,0.0,4.11,23.87,49.7,50.3,7.29,7.25,7.55,6.92,3.6,15.83,15.57,15.11,13.53,7.35,100.0,0.0,100.0,100.0,100.0,0.0,100.0,0.0,100.0,100.0,49.7,50.3,7.29,7.25,7.55,6.92,3.6,15.83,15.57,15.11,13.53,7.35,100.0,0.0,92.0,37.0,638.0,0.0,8939.0,0.0,554.0,3217.0,6699.0,6780.0,982.0,977.0,1017.0,933.0,485.0,2134.0,2099.0,2037.0,1824.0,991.0,13479.0,0.0,0.64,0.3,4.61,0.0,66.8,0.0,3.81,23.85,7.82,8.14,7.47,3.88,17.08,16.8,16.3,14.6,7.93,96.25,3.75,100.0,0.0,100.0,100.0,100.0,0.0,100.0,0.0,100.0,100.0,7.82,8.14,7.47,3.88,17.08,16.8,16.3,14.6,7.93,96.25,3.75,100.0,0.0,80.0,37.0,576.0,0.0,8348.0,0.0,476.0,2980.0,977.0,1017.0,933.0,485.0,2134.0,2099.0,2037.0,1824.0,991.0,12028.0,469.0,12497.0,0.0,0.63,0.3,3.92,0.0,68.74,0.0,3.84,22.56,49.06,50.94,100.0,40.39,17.2,26.6,15.81,0.0,66.0,32.0,412.0,0.0,7220.0,0.0,403.0,2370.0,5153.0,5350.0,10503.0,4242.0,1807.0,2794.0,1660.0
3512407,0.0,0.56,0.29,5.98,0.01,63.74,0.26,2.08,27.08,48.5,51.5,6.45,7.4,8.4,9.9,2.57,18.0,17.48,13.13,10.36,6.32,100.0,0.0,100.0,100.0,100.0,100.0,100.0,100.0,100.0,100.0,48.5,51.5,6.45,7.4,8.4,9.9,2.57,18.0,17.48,13.13,10.35,6.32,100.0,0.0,118.0,62.0,1260.0,2.0,13429.0,54.0,438.0,5706.0,10218.0,10851.0,1358.0,1560.0,1770.0,2086.0,541.0,3793.0,3683.0,2766.0,2182.0,1332.0,21069.0,0.0,0.6,0.31,5.93,0.01,64.16,0.27,2.02,26.7,7.91,8.98,10.58,2.74,19.24,18.69,14.03,11.07,6.76,96.09,3.91,100.0,0.0,100.0,100.0,100.0,100.0,100.0,100.0,100.0,100.0,7.91,8.98,10.58,2.74,19.24,18.68,14.03,11.07,6.76,96.09,3.91,100.0,0.0,118.0,62.0,1168.0,2.0,12647.0,54.0,398.0,5263.0,1560.0,1770.0,2086.0,541.0,3793.0,3683.0,2766.0,2182.0,1332.0,18941.0,770.0,19711.0,0.0,0.65,0.32,5.02,0.01,66.2,0.33,2.0,25.47,47.82,52.18,100.0,34.22,16.63,33.54,15.61,0.0,107.0,53.0,822.0,2.0,10844.0,54.0,328.0,4172.0,7833.0,8547.0,16381.0,5605.0,2724.0,5495.0,2557.0
3512506,0.0,1.03,0.0,1.88,0.36,57.05,0.0,2.43,37.28,49.22,50.78,7.03,6.73,6.22,8.23,3.16,16.29,17.93,15.4,12.34,6.67,100.0,0.0,100.0,0.0,100.0,100.0,100.0,0.0,100.0,100.0,49.22,50.78,7.03,6.73,6.22,8.23,3.16,16.29,17.93,15.4,12.34,6.67,100.0,0.0,49.0,0.0,89.0,17.0,2704.0,0.0,115.0,1767.0,2333.0,2407.0,333.0,319.0,295.0,390.0,150.0,772.0,850.0,730.0,585.0,316.0,4740.0,0.0,1.11,0.0,1.95,0.39,57.3,0.0,2.41,36.85,7.24,6.69,8.85,3.4,17.52,19.29,16.56,13.27,7.17,95.01,4.99,100.0,0.0,100.0,0.0,100.0,100.0,100.0,0.0,100.0,100.0,7.24,6.69,8.85,3.4,17.52,19.29,16.56,13.27,7.17,95.01,4.99,100.0,0.0,49.0,0.0,86.0,17.0,2525.0,0.0,106.0,1624.0,319.0,295.0,390.0,150.0,772.0,850.0,730.0,585.0,316.0,4187.0,220.0,4407.0,0.0,1.11,0.0,2.27,0.21,58.24,0.0,2.69,35.46,48.8,51.2,100.0,39.55,18.06,29.71,12.68,0.0,42.0,0.0,86.0,8.0,2209.0,0.0,102.0,1345.0,1851.0,1942.0,3793.0,1500.0,685.0,1127.0,481.0
3512605,0.0,0.1,0.0,2.99,0.0,75.1,0.0,1.71,20.09,50.18,49.82,7.06,7.35,7.42,7.48,3.04,14.64,16.19,15.14,13.93,7.76,100.0,0.0,100.0,0.0,100.0,0.0,100.0,0.0,100.0,100.0,50.18,49.82,7.06,7.35,7.42,7.48,3.04,14.64,16.19,15.14,13.93,7.76,100.0,0.0,4.0,0.0,114.0,0.0,2863.0,0.0,65.0,766.0,1913.0,1899.0,269.0,280.0,283.0,285.0,116.0,558.0,617.0,577.0,531.0,296.0,3812.0,0.0,0.11,0.0,2.85,0.0,75.59,0.0,1.64,19.81,7.9,7.99,8.04,3.27,15.75,17.41,16.29,14.99,8.35,91.34,8.66,100.0,0.0,100.0,0.0,100.0,0.0,100.0,0.0,100.0,100.0,7.9,7.99,8.04,3.27,15.75,17.41,16.29,14.99,8.35,91.33,8.67,100.0,0.0,4.0,0.0,101.0,0.0,2678.0,0.0,58.0,702.0,280.0,283.0,285.0,116.0,558.0,617.0,577.0,531.0,296.0,3236.0,307.0,3543.0,0.0,0.13,0.0,2.62,0.0,76.34,0.0,1.64,19.3,49.73,50.27,100.0,51.14,11.21,28.19,9.43,0.0,4.0,0.0,78.0,0.0,2275.0,0.0,49.0,575.0,1482.0,1498.0,2980.0,1524.0,334.0,840.0,281.0
3512704,0.0,0.3,0.57,6.79,0.0,57.87,0.0,6.46,28.02,49.82,50.18,7.36,7.74,8.56,7.66,2.27,19.32,15.21,14.34,11.16,6.37,100.0,0.0,100.0,100.0,100.0,0.0,100.0,0.0,100.0,100.0,49.82,50.18,7.36,7.74,8.56,7.66,2.27,19.32,15.21,14.34,11.16,6.37,100.0,0.0,11.0,21.0,248.0,0.0,2115.0,0.0,236.0,1024.0,1821.0,1834.0,269.0,283.0,313.0,280.0,83.0,706.0,556.0,524.0,408.0,233.0,3655.0,0.0,0.32,0.62,6.47,0.0,58.95,0.0,6.23,27.41,8.36,9.24,8.27,2.45,20.85,16.42,15.48,12.05,6.88,95.57,4.43,100.0,0.0,100.0,100.0,100.0,0.0,100.0,0.0,100.0,100.0,8.36,9.24,8.27,2.45,20.85,16.42,15.48,12.05,6.88,95.58,4.42,100.0,0.0,11.0,21.0,219.0,0.0,1996.0,0.0,211.0,928.0,283.0,313.0,280.0,83.0,706.0,556.0,524.0,408.0,233.0,3236.0,150.0,3386.0,0.0,0.36,0.47,5.56,0.0,60.79,0.0,6.2,26.63,49.82,50.18,100.0,35.38,16.7,34.16,13.76,0.0,10.0,13.0,155.0,0.0,1696.0,0.0,173.0,743.0,1390.0,1400.0,2790.0,987.0,466.0,953.0,384.0
3512803,0.0,1.23,0.41,11.74,0.05,41.25,0.0,6.4,38.92,48.82,51.18,7.64,7.5,8.16,8.62,2.17,18.5,17.46,14.44,10.26,5.24,100.0,0.0,100.0,100.0,100.0,100.0,100.0,0.0,100.0,100.0,48.82,51.18,7.64,7.5,8.16,8.62,2.17,18.5,17.46,14.44,10.26,5.24,100.0,0.0,645.0,216.0,6173.0,24.0,21694.0,0.0,3365.0,20467.0,25671.0,26915.0,4020.0,3942.0,4293.0,4531.0,1143.0,9731.0,9183.0,7596.0,5393.0,2754.0,52586.0,0.0,1.22,0.43,11.51,0.05,41.55,0.0,6.41,38.83,8.12,8.84,9.33,2.35,20.04,18.91,15.64,11.1,5.67,97.09,2.91,100.0,0.0,100.0,100.0,100.0,100.0,100.0,0.0,100.0,100.0,8.12,8.84,9.33,2.35,20.04,18.91,15.64,11.1,5.67,97.09,2.91,100.0,0.0,594.0,208.0,5591.0,22.0,20179.0,0.0,3114.0,18857.0,3942.0,4293.0,4531.0,1143.0,9731.0,9183.0,7596.0,5393.0,2754.0,47151.0,1415.0,48566.0,0.0,1.27,0.36,10.45,0.03,43.77,0.0,6.17,37.94,48.06,51.94,100.0,29.36,15.98,40.33,14.32,0.0,514.0,147.0,4216.0,13.0,17653.0,0.0,2487.0,15301.0,19384.0,20947.0,40331.0,11842.0,6446.0,16266.0,5776.0
3512902,0.0,1.88,0.25,5.06,0.0,70.24,0.0,1.69,20.89,49.44,50.56,6.43,6.94,8.08,7.95,4.03,16.32,15.43,13.98,12.75,8.07,100.0,0.0,100.0,100.0,100.0,0.0,100.0,0.0,100.0,100.0,49.44,50.56,6.43,6.94,8.08,7.95,4.03,16.32,15.43,13.98,12.75,8.07,100.0,0.0,145.0,19.0,389.0,0.0,5404.0,0.0,130.0,1607.0,3804.0,3890.0,495.0,534.0,622.0,612.0,310.0,1256.0,1187.0,1076.0,981.0,621.0,7694.0,0.0,1.97,0.22,5.08,0.0,70.36,0.0,1.69,20.67,7.42,8.64,8.5,4.31,17.45,16.49,14.95,13.63,8.63,94.07,5.93,100.0,0.0,100.0,100.0,100.0,0.0,100.0,0.0,100.0,100.0,7.42,8.64,8.5,4.31,17.45,16.49,14.95,13.63,8.63,94.07,5.93,100.0,0.0,142.0,16.0,366.0,0.0,5065.0,0.0,122.0,1488.0,534.0,622.0,612.0,310.0,1256.0,1187.0,1076.0,981.0,621.0,6772.0,427.0,7199.0,0.0,2.12,0.1,3.92,0.0,71.7,0.0,1.59,20.57,49.38,50.62,100.0,48.47,14.35,26.46,10.72,0.0,128.0,6.0,237.0,0.0,4333.0,0.0,96.0,1243.0,2984.0,3059.0,6043.0,2929.0,867.0,1599.0,648.0
3513009,0.09,2.81,1.31,12.0,0.1,48.85,0.02,6.23,28.59,48.05,51.95,8.27,8.1,8.34,8.43,1.61,19.63,19.0,13.29,9.12,4.21,100.0,100.0,100.0,100.0,100.0,100.0,100.0,100.0,100.0,100.0,48.05,51.95,8.27,8.1,8.34,8.43,1.61,19.63,19.0,13.29,9.12,4.21,100.0,222.0,6632.0,3103.0,28379.0,229.0,115483.0,38.0,14719.0,67597.0,113586.0,122816.0,19544.0,19160.0,19722.0,19917.0,3816.0,46394.0,44911.0,31425.0,21567.0,9946.0,236402.0,0.1,2.87,1.34,11.88,0.1,49.25,0.02,6.18,28.26,8.84,9.09,9.18,1.76,21.39,20.71,14.49,9.95,4.59,97.33,2.67,100.0,100.0,100.0,100.0,100.0,100.0,100.0,100.0,100.0,100.0,8.84,9.09,9.18,1.76,21.39,20.71,14.49,9.95,4.59,97.33,2.67,100.0,222.0,6227.0,2901.0,25771.0,217.0,106801.0,38.0,13393.0,61287.0,19160.0,19722.0,19917.0,3816.0,46394.0,44911.0,31425.0,21567.0,9946.0,211058.0,5800.0,216858.0,0.11,3.04,1.28,11.06,0.07,50.41,0.02,6.15,27.84,47.05,52.95,100.0,22.32,13.76,37.27,26.65,197.0,5404.0,2286.0,19693.0,133.0,89719.0,38.0,10949.0,49557.0,83732.0,94244.0,177976.0,39727.0,24492.0,66324.0,47434.0
3513108,0.0,1.69,0.9,7.94,0.0,61.68,0.04,4.82,22.94,48.94,51.06,6.76,7.81,8.24,8.32,2.63,17.24,16.96,14.76,11.44,5.85,100.0,0.0,100.0,100.0,100.0,0.0,100.0,100.0,100.0,100.0,48.94,51.06,6.76,7.81,8.24,8.32,2.63,17.24,16.96,14.76,11.44,5.85,100.0,0.0,497.0,264.0,2340.0,0.0,18189.0,13.0,1421.0,6765.0,14430.0,15058.0,1993.0,2304.0,2429.0,2452.0,776.0,5084.0,5002.0,4351.0,3373.0,1724.0,29488.0,0.0,1.75,0.9,7.49,0.0,62.26,0.05,4.87,22.68,8.38,8.83,8.92,2.82,18.49,18.19,15.82,12.27,6.27,96.09,3.91,100.0,0.0,100.0,100.0,100.0,0.0,100.0,100.0,100.0,100.0,8.38,8.83,8.92,2.82,18.49,18.19,15.82,12.27,6.27,96.09,3.91,100.0,0.0,481.0,248.0,2058.0,0.0,17119.0,13.0,1340.0,6236.0,2304.0,2429.0,2452.0,776.0,5084.0,5002.0,4351.0,3373.0,1724.0,26421.0,1074.0,27495.0,0.0,1.92,0.88,7.04,0.0,63.36,0.0,4.77,22.02,48.52,51.48,100.0,34.69,16.74,33.71,14.86,0.0,438.0,200.0,1603.0,0.0,14423.0,0.0,1085.0,5013.0,11044.0,11718.0,22762.0,7895.0,3810.0,7674.0,3383.0
3513207,0.0,6.74,0.22,5.71,0.06,63.24,0.0,5.52,18.5,49.48,50.52,7.32,7.63,7.75,7.86,2.7,18.01,16.49,14.66,11.85,5.73,100.0,0.0,100.0,100.0,100.0,100.0,100.0,0.0,100.0,100.0,49.48,50.52,7.32,7.63,7.75,7.86,2.7,18.01,16.49,14.66,11.85,5.73,100.0,0.0,542.0,18.0,459.0,5.0,5086.0,0.0,444.0,1488.0,3979.0,4063.0,589.0,614.0,623.0,632.0,217.0,1448.0,1326.0,1179.0,953.0,461.0,8042.0,0.0,6.67,0.24,5.69,0.07,62.91,0.0,5.53,18.91,8.24,8.36,8.48,2.91,19.43,17.79,15.82,12.79,6.19,94.74,5.26,100.0,0.0,100.0,100.0,100.0,100.0,100.0,0.0,100.0,100.0,8.24,8.36,8.48,2.91,19.43,17.79,15.82,12.79,6.19,94.75,5.25,100.0,0.0,497.0,18.0,424.0,5.0,4689.0,0.0,412.0,1409.0,614.0,623.0,632.0,217.0,1448.0,1326.0,1179.0,953.0,461.0,7061.0,392.0,7453.0,0.0,7.37,0.08,5.21,0.08,63.59,0.0,4.75,18.92,49.26,50.74,100.0,39.88,15.89,31.47,12.74,0.0,458.0,5.0,324.0,5.0,3953.0,0.0,295.0,1176.0,3062.0,3154.0,6216.0,2479.0,988.0,1956.0,792.0
3513306,0.0,0.16,0.0,0.21,0.05,69.28,0.0,0.79,29.56,48.89,51.11,6.9,5.69,5.74,7.27,4.79,13.91,16.6,16.54,15.28,7.27,100.0,0.0,100.0,0.0,100.0,100.0,100.0,0.0,100.0,100.0,48.88,51.12,6.9,5.69,5.74,7.27,4.79,13.91,16.6,16.54,15.28,7.27,100.0,0.0,3.0,0.0,4.0,1.0,1315.0,0.0,15.0,561.0,928.0,970.0,131.0,108.0,109.0,138.0,91.0,264.0,315.0,314.0,290.0,138.0,1898.0,0.0,0.17,0.0,0.23,0.06,69.55,0.0,0.85,29.15,6.11,6.17,7.81,5.15,14.94,17.83,17.77,16.41,7.81,95.59,4.41,100.0,0.0,100.0,0.0,100.0,100.0,100.0,0.0,100.0,100.0,6.11,6.17,7.81,5.15,14.94,17.83,17.77,16.41,7.81,95.58,4.42,100.0,0.0,3.0,0.0,4.0,1.0,1229.0,0.0,15.0,515.0,108.0,109.0,138.0,91.0,264.0,315.0,314.0,290.0,138.0,1689.0,78.0,1767.0,0.0,0.19,0.0,0.0,0.06,69.1,0.0,0.77,29.81,48.32,51.68,100.0,38.13,6.58,42.26,13.03,0.0,3.0,0.0,0.0,1.0,1071.0,0.0,12.0,462.0,749.0,801.0,1550.0,591.0,102.0,655.0,202.0
3513405,0.01,1.89,0.38,4.82,0.09,63.21,0.0,2.97,26.63,47.77,52.23,7.29,7.31,7.66,7.62,2.96,16.36,16.81,14.82,12.55,6.62,100.0,100.0,100.0,100.0,100.0,100.0,100.0,0.0,100.0,100.0,47.77,52.23,7.29,7.31,7.66,7.62,2.96,16.36,16.81,14.82,12.55,6.62,100.0,9.0,1252.0,251.0,3191.0,58.0,41877.0,0.0,1971.0,17644.0,31649.0,34604.0,4827.0,4840.0,5073.0,5047.0,1960.0,10841.0,11138.0,9821.0,8318.0,4388.0,66253.0,0.01,2.01,0.31,4.81,0.09,63.73,0.0,3.03,26.01,7.88,8.26,8.22,3.19,17.65,18.13,15.99,13.54,7.14,97.94,2.06,100.0,100.0,100.0,100.0,100.0,100.0,100.0,0.0,100.0,100.0,7.88,8.26,8.22,3.19,17.65,18.13,15.99,13.54,7.14,97.94,2.06,100.0,9.0,1235.0,193.0,2953.0,55.0,39148.0,0.0,1859.0,15975.0,4840.0,5073.0,5047.0,1960.0,10841.0,11138.0,9821.0,8318.0,4388.0,60161.0,1265.0,61426.0,0.02,2.25,0.28,4.22,0.06,64.94,0.0,3.12,25.12,46.91,53.09,100.0,25.3,12.09,42.8,19.81,9.0,1161.0,146.0,2173.0,30.0,33451.0,0.0,1605.0,12938.0,24167.0,27346.0,51513.0,13035.0,6227.0,22045.0,10207.0
3513504,0.02,0.87,0.74,13.24,0.02,46.23,0.0,4.87,34.0,47.68,52.32,8.03,8.61,9.17,8.91,1.87,17.93,16.63,14.39,10.0,4.47,100.0,100.0,100.0,100.0,100.0,100.0,100.0,0.0,100.0,100.0,47.68,52.32,8.03,8.61,9.16,8.91,1.87,17.93,16.63,14.38,10.0,4.47,100.0,22.0,849.0,718.0,12877.0,19.0,44967.0,0.0,4735.0,33072.0,46370.0,50890.0,7809.0,8373.0,8914.0,8667.0,1820.0,17438.0,16177.0,13991.0,9722.0,4350.0,97260.0,0.02,0.92,0.73,13.08,0.02,46.94,0.0,4.69,33.6,9.36,9.97,9.69,2.03,19.49,18.08,15.64,10.87,4.86,95.31,4.69,100.0,100.0,100.0,100.0,100.0,100.0,100.0,0.0,100.0,100.0,9.36,9.96,9.69,2.04,19.49,18.08,15.64,10.87,4.86,95.31,4.69,100.0,22.0,819.0,653.0,11699.0,19.0,41984.0,0.0,4196.0,30058.0,8373.0,8914.0,8667.0,1820.0,17438.0,16177.0,13991.0,9722.0,4350.0,85258.0,4192.0,89451.0,0.0,1.0,0.59,11.28,0.01,48.78,0.0,4.68,33.65,46.66,53.34,100.0,30.05,17.5,41.69,10.76,0.0,721.0,429.0,8140.0,8.0,35201.0,0.0,3379.0,24285.0,33675.0,38489.0,72164.0,21687.0,12628.0,30084.0,7765.0
3513603,0.0,0.4,0.16,4.43,0.17,67.3,0.0,1.98,25.57,50.55,49.45,6.29,7.1,7.48,7.5,3.09,15.51,16.35,16.82,12.84,7.03,100.0,0.0,100.0,100.0,100.0,100.0,100.0,0.0,100.0,100.0,50.55,49.45,6.29,7.1,7.48,7.5,3.09,15.51,16.35,16.82,12.84,7.03,100.0,0.0,78.0,31.0,870.0,33.0,13220.0,0.0,389.0,5022.0,9929.0,9714.0,1236.0,1394.0,1469.0,1474.0,606.0,3046.0,3212.0,3304.0,2522.0,1380.0,19643.0,0.0,0.42,0.09,4.43,0.12,67.46,0.0,2.08,25.41,7.57,7.98,8.01,3.29,16.55,17.45,17.95,13.7,7.5,93.61,6.39,100.0,0.0,100.0,100.0,100.0,100.0,100.0,0.0,100.0,100.0,7.57,7.98,8.01,3.29,16.55,17.45,17.95,13.7,7.5,93.6,6.4,100.0,0.0,78.0,16.0,815.0,22.0,12417.0,0.0,382.0,4678.0,1394.0,1469.0,1474.0,606.0,3046.0,3212.0,3304.0,2522.0,1380.0,17230.0,1177.0,18407.0,0.0,0.5,0.1,4.43,0.14,66.72,0.0,2.37,25.74,50.14,49.86,100.0,54.0,11.24,23.6,11.16,0.0,78.0,16.0,689.0,22.0,10371.0,0.0,368.0,4001.0,7793.0,7751.0,15544.0,8393.0,1747.0,3669.0,1734.0
3513702,0.0,2.03,0.5,5.54,0.07,69.89,0.0,3.16,18.82,48.73,51.27,6.53,6.54,7.45,7.84,3.44,17.56,18.43,13.67,11.89,6.65,100.0,0.0,100.0,100.0,100.0,100.0,100.0,0.0,100.0,100.0,48.73,51.27,6.53,6.54,7.45,7.84,3.44,17.56,18.43,13.67,11.89,6.65,100.0,0.0,574.0,143.0,1569.0,19.0,19804.0,0.0,895.0,5334.0,13809.0,14528.0,1851.0,1854.0,2112.0,2221.0,974.0,4976.0,5223.0,3875.0,3368.0,1885.0,28337.0,0.0,2.13,0.5,5.38,0.07,70.44,0.0,3.19,18.3,7.0,7.97,8.39,3.68,18.79,19.72,14.63,12.72,7.12,97.77,2.23,100.0,0.0,100.0,100.0,100.0,100.0,100.0,0.0,100.0,100.0,7.0,7.97,8.38,3.68,18.79,19.72,14.63,12.72,7.12,97.77,2.23,100.0,0.0,564.0,132.0,1424.0,19.0,18656.0,0.0,845.0,4846.0,1854.0,2112.0,2221.0,974.0,4976.0,5223.0,3875.0,3368.0,1885.0,25896.0,590.0,26486.0,0.0,2.23,0.54,4.65,0.04,71.86,0.0,3.3,17.37,48.49,51.51,100.0,33.74,15.26,32.36,18.64,0.0,502.0,122.0,1047.0,9.0,16184.0,0.0,744.0,3913.0,10921.0,11600.0,22521.0,7598.0,3436.0,7288.0,4199.0
3513801,0.04,1.69,1.85,11.84,0.09,48.89,0.03,6.51,29.05,47.29,52.71,7.24,7.81,8.98,8.66,1.73,18.87,18.12,14.45,9.52,4.6,100.0,100.0,100.0,100.0,100.0,100.0,100.0,100.0,100.0,100.0,47.29,52.71,7.24,7.81,8.98,8.66,1.73,18.87,18.12,14.45,9.52,4.6,100.0,153.0,5854.0,6423.0,41080.0,315.0,169606.0,92.0,22600.0,100773.0,164050.0,182845.0,25119.0,27102.0,31157.0,30058.0,6015.0,65468.0,62849.0,50126.0,33027.0,15973.0,346895.0,0.05,1.72,1.88,11.7,0.08,49.31,0.03,6.47,28.75,8.42,9.68,9.34,1.87,20.35,19.53,15.58,10.26,4.96,96.88,3.12,100.0,100.0,100.0,100.0,100.0,100.0,100.0,100.0,100.0,100.0,8.42,9.68,9.34,1.87,20.35,19.53,15.58,10.26,4.96,96.88,3.12,100.0,153.0,5538.0,6046.0,37654.0,270.0,158673.0,92.0,20827.0,92524.0,27102.0,31157.0,30058.0,6015.0,65468.0,62849.0,50126.0,33027.0,15973.0,311729.0,10047.0,321776.0,0.05,1.86,1.88,10.64,0.09,50.57,0.03,6.23,28.66,46.33,53.67,100.0,26.16,14.54,43.08,16.22,128.0,4889.0,4943.0,28032.0,231.0,133270.0,70.0,16420.0,75536.0,122079.0,141439.0,263518.0,68931.0,38310.0,113527.0,42750.0
3513850,0.0,0.69,0.0,5.41,0.14,62.85,0.0,2.67,28.17,50.45,49.55,6.17,6.92,5.55,6.1,4.8,14.12,16.38,17.48,13.71,8.77,100.0,0.0,100.0,0.0,100.0,100.0,100.0,0.0,100.0,100.0,50.44,49.56,6.17,6.92,5.55,6.1,4.8,14.12,16.38,17.48,13.71,8.77,100.0,0.0,10.0,0.0,79.0,2.0,917.0,0.0,39.0,411.0,736.0,723.0,90.0,101.0,81.0,89.0,70.0,206.0,239.0,255.0,200.0,128.0,1459.0,0.0,0.73,0.0,4.97,0.15,63.33,0.0,2.63,28.27,7.38,5.92,6.5,5.11,15.05,17.46,18.63,14.61,9.35,90.94,9.06,100.0,0.0,100.0,0.0,100.0,100.0,100.0,0.0,100.0,100.0,7.38,5.92,6.5,5.11,15.05,17.46,18.63,14.61,9.35,90.92,9.08,100.0,0.0,10.0,0.0,68.0,2.0,867.0,0.0,36.0,387.0,101.0,81.0,89.0,70.0,206.0,239.0,255.0,200.0,128.0,1245.0,124.0,1369.0,0.0,0.67,0.0,4.04,0.17,63.77,0.0,2.7,28.64,49.2,50.8,100.0,44.65,11.79,26.03,17.52,0.0,8.0,0.0,48.0,2.0,757.0,0.0,32.0,340.0,584.0,603.0,1187.0,530.0,140.0,309.0,208.0
3513900,0.0,1.65,0.3,2.89,0.06,81.5,0.0,1.61,12.0,49.09,50.91,5.56,5.98,7.12,7.1,2.95,16.47,16.41,15.75,14.56,8.1,100.0,0.0,100.0,100.0,100.0,100.0,100.0,0.0,100.0,100.0,49.09,50.91,5.56,5.98,7.12,7.1,2.95,16.47,16.41,15.75,14.56,8.1,100.0,0.0,165.0,30.0,290.0,6.0,8174.0,0.0,161.0,1204.0,4924.0,5106.0,558.0,600.0,714.0,712.0,296.0,1652.0,1646.0,1580.0,1460.0,812.0,10030.0,0.0,1.74,0.32,2.98,0.06,81.27,0.0,1.48,12.15,6.33,7.54,7.52,3.13,17.44,17.38,16.68,15.41,8.57,94.73,5.27,100.0,0.0,100.0,100.0,100.0,100.0,100.0,0.0,100.0,100.0,6.33,7.54,7.52,3.12,17.44,17.38,16.68,15.41,8.57,94.73,5.27,100.0,0.0,165.0,30.0,282.0,6.0,7698.0,0.0,140.0,1151.0,600.0,714.0,712.0,296.0,1652.0,1646.0,1580.0,1460.0,812.0,8973.0,499.0,9472.0,0.0,1.9,0.2,2.72,0.07,81.26,0.0,1.53,12.33,49.3,50.7,100.0,47.29,14.61,24.98,13.12,0.0,155.0,16.0,222.0,6.0,6629.0,0.0,125.0,1006.0,4022.0,4136.0,8158.0,3858.0,1192.0,2038.0,1070.0
3514007,0.0,1.14,0.3,8.69,0.0,57.91,0.0,1.64,30.33,50.08,49.92,8.69,7.89,8.75,9.35,1.9,20.65,16.59,12.71,8.77,4.69,100.0,0.0,100.0,100.0,100.0,0.0,100.0,0.0,100.0,100.0,50.08,49.92,8.69,7.89,8.75,9.35,1.9,20.65,16.59,12.71,8.77,4.69,100.0,0.0,87.0,23.0,663.0,0.0,4416.0,0.0,125.0,2313.0,3819.0,3807.0,663.0,602.0,667.0,713.0,145.0,1575.0,1265.0,969.0,669.0,358.0,7626.0,0.0,1.25,0.24,8.2,0.0,58.21,0.0,1.71,30.39,8.65,9.58,10.24,2.08,22.62,18.17,13.92,9.61,5.14,92.65,7.35,100.0,0.0,100.0,100.0,100.0,0.0,100.0,0.0,100.0,100.0,8.65,9.58,10.24,2.08,22.62,18.17,13.92,9.61,5.14,92.64,7.36,100.0,0.0,87.0,17.0,571.0,0.0,4053.0,0.0,119.0,2116.0,602.0,667.0,713.0,145.0,1575.0,1265.0,969.0,669.0,358.0,6451.0,512.0,6963.0,0.0,1.25,0.11,6.78,0.0,59.75,0.0,1.63,30.51,49.49,50.51,100.0,36.81,13.86,39.53,9.8,0.0,71.0,6.0,386.0,0.0,3402.0,0.0,93.0,1737.0,2818.0,2876.0,5694.0,2096.0,789.0,2251.0,558.0
3514106,0.0,0.97,0.36,4.18,0.25,71.23,0.0,2.38,20.64,49.34,50.66,7.27,8.11,7.92,7.5,3.06,16.85,17.9,13.36,12.02,6.0,100.0,0.0,100.0,100.0,100.0,100.0,100.0,0.0,100.0,100.0,49.34,50.66,7.27,8.11,7.92,7.5,3.07,16.85,17.9,13.36,12.02,6.0,100.0,0.0,209.0,78.0,904.0,55.0,15415.0,0.0,514.0,4467.0,10677.0,10964.0,1574.0,1755.0,1715.0,1623.0,663.0,3646.0,3874.0,2891.0,2601.0,1299.0,21641.0,0.0,1.04,0.39,3.98,0.27,71.64,0.0,2.46,20.23,8.75,8.55,8.09,3.3,18.17,19.31,14.41,12.96,6.47,94.76,5.24,100.0,0.0,100.0,100.0,100.0,100.0,100.0,0.0,100.0,100.0,8.75,8.55,8.09,3.31,18.17,19.31,14.41,12.96,6.47,94.76,5.24,100.0,0.0,209.0,78.0,798.0,55.0,14376.0,0.0,493.0,4059.0,1755.0,1715.0,1623.0,663.0,3646.0,3874.0,2891.0,2601.0,1299.0,19015.0,1052.0,20067.0,0.0,0.99,0.47,3.6,0.26,72.8,0.0,2.56,19.33,48.62,51.38,100.0,39.4,17.69,31.37,11.54,0.0,164.0,78.0,597.0,43.0,12082.0,0.0,425.0,3208.0,8069.0,8528.0,16597.0,6540.0,2936.0,5207.0,1915.0
3514205,0.0,1.41,0.15,1.71,0.0,75.1,0.0,0.86,20.82,50.5,49.5,6.0,7.81,5.65,8.17,4.28,14.11,15.83,16.18,14.26,7.71,100.0,0.0,100.0,100.0,100.0,0.0,100.0,0.0,100.0,100.0,50.5,49.5,6.0,7.81,5.65,8.17,4.28,14.11,15.83,16.18,14.26,7.71,100.0,0.0,28.0,3.0,34.0,0.0,1490.0,0.0,17.0,413.0,1002.0,982.0,119.0,155.0,112.0,162.0,85.0,280.0,314.0,321.0,283.0,153.0,1984.0,0.0,1.23,0.16,1.66,0.0,75.28,0.0,0.91,20.75,8.31,6.01,8.69,4.56,15.01,16.84,17.21,15.17,8.2,91.9,8.1,100.0,0.0,100.0,100.0,100.0,0.0,100.0,0.0,100.0,100.0,8.31,6.01,8.69,4.56,15.01,16.84,17.21,15.17,8.2,91.89,8.11,100.0,0.0,23.0,3.0,31.0,0.0,1404.0,0.0,17.0,387.0,155.0,112.0,162.0,85.0,280.0,314.0,321.0,283.0,153.0,1714.0,151.0,1865.0,0.0,1.44,0.19,1.13,0.0,75.78,0.0,0.88,20.59,49.12,50.88,100.0,43.74,12.83,30.04,13.39,0.0,23.0,3.0,18.0,0.0,1211.0,0.0,14.0,329.0,785.0,813.0,1598.0,699.0,205.0,480.0,214.0
3514304,0.0,1.15,0.82,5.19,0.0,73.35,0.0,3.49,15.98,49.63,50.37,5.95,6.69,7.19,7.5,3.48,16.22,16.79,15.42,13.17,7.6,100.0,0.0,100.0,100.0,100.0,0.0,100.0,0.0,100.0,100.0,49.63,50.37,5.95,6.69,7.19,7.5,3.48,16.22,16.79,15.42,13.17,7.6,100.0,0.0,84.0,60.0,379.0,0.0,5353.0,0.0,255.0,1166.0,3622.0,3676.0,434.0,488.0,525.0,547.0,254.0,1184.0,1225.0,1125.0,961.0,555.0,7298.0,0.0,1.12,0.87,5.17,0.0,73.56,0.0,3.64,15.65,7.11,7.65,7.97,3.7,17.25,17.85,16.39,14.0,8.09,95.85,4.15,100.0,0.0,100.0,100.0,100.0,0.0,100.0,0.0,100.0,100.0,7.11,7.65,7.97,3.7,17.25,17.85,16.39,14.0,8.09,95.85,4.15,100.0,0.0,77.0,60.0,355.0,0.0,5049.0,0.0,250.0,1074.0,488.0,525.0,547.0,254.0,1184.0,1225.0,1125.0,961.0,555.0,6579.0,285.0,6864.0,0.0,1.21,0.34,4.19,0.0,74.33,0.0,3.55,16.37,48.35,51.65,100.0,41.17,10.87,35.65,12.32,0.0,71.0,20.0,245.0,0.0,4349.0,0.0,208.0,958.0,2829.0,3022.0,5851.0,2409.0,636.0,2086.0,721.0
3514403,0.0,2.27,0.09,4.1,0.05,66.59,0.0,2.56,24.34,48.85,51.15,6.06,6.06,6.82,7.87,4.52,16.4,16.73,14.91,13.3,7.34,100.0,0.0,100.0,100.0,100.0,100.0,100.0,0.0,100.0,100.0,48.85,51.15,6.06,6.05,6.82,7.87,4.52,16.4,16.73,14.91,13.3,7.34,100.0,0.0,926.0,36.0,1674.0,21.0,27162.0,0.0,1044.0,9929.0,19925.0,20867.0,2470.0,2470.0,2782.0,3212.0,1843.0,6690.0,6826.0,6083.0,5424.0,2993.0,40792.0,0.0,2.36,0.09,4.13,0.05,66.72,0.0,2.64,24.0,6.45,7.26,8.38,4.81,17.46,17.81,15.87,14.15,7.81,96.78,3.22,100.0,0.0,100.0,100.0,100.0,100.0,100.0,0.0,100.0,100.0,6.44,7.26,8.38,4.81,17.46,17.81,15.87,14.15,7.81,96.78,3.22,100.0,0.0,904.0,36.0,1582.0,21.0,25568.0,0.0,1013.0,9198.0,2470.0,2782.0,3212.0,1843.0,6690.0,6826.0,6083.0,5424.0,2993.0,37089.0,1234.0,38322.0,0.0,2.57,0.08,3.67,0.06,67.94,0.0,2.65,23.03,47.97,52.03,100.0,29.82,15.02,32.16,23.0,0.0,851.0,26.0,1213.0,21.0,22468.0,0.0,876.0,7616.0,15863.0,17208.0,33071.0,9863.0,4966.0,10635.0,7607.0
3514502,0.0,1.5,0.08,6.1,0.18,57.95,0.0,3.81,30.36,48.51,51.49,6.13,6.46,6.91,7.2,4.02,15.31,16.21,15.89,13.53,8.36,100.0,0.0,100.0,100.0,100.0,100.0,100.0,0.0,100.0,100.0,48.51,51.49,6.13,6.46,6.91,7.2,4.02,15.31,16.21,15.89,13.53,8.36,100.0,0.0,166.0,9.0,673.0,20.0,6394.0,0.0,420.0,3350.0,5352.0,5681.0,676.0,713.0,762.0,794.0,443.0,1689.0,1788.0,1753.0,1493.0,922.0,11033.0,0.0,1.54,0.09,6.03,0.19,58.64,0.0,3.73,29.79,6.88,7.36,7.67,4.28,16.31,17.26,16.93,14.42,8.9,96.18,3.82,100.0,0.0,100.0,100.0,100.0,100.0,100.0,0.0,100.0,100.0,6.88,7.36,7.67,4.28,16.31,17.26,16.93,14.42,8.9,96.18,3.82,100.0,0.0,159.0,9.0,625.0,20.0,6073.0,0.0,386.0,3085.0,713.0,762.0,794.0,443.0,1689.0,1788.0,1753.0,1493.0,922.0,9961.0,396.0,10357.0,0.0,1.51,0.1,5.03,0.2,60.4,0.0,3.75,28.99,48.32,51.68,100.0,41.79,11.95,31.92,14.34,0.0,134.0,9.0,447.0,18.0,5365.0,0.0,333.0,2575.0,4292.0,4590.0,8882.0,3712.0,1061.0,2835.0,1274.0
3514601,0.0,0.68,0.05,6.58,0.0,64.86,0.0,3.8,24.04,49.15,50.85,6.77,8.04,10.02,8.75,2.18,19.74,16.79,12.87,9.79,5.05,100.0,0.0,100.0,100.0,100.0,0.0,100.0,0.0,100.0,100.0,49.15,50.85,6.77,8.04,10.02,8.75,2.18,19.74,16.79,12.87,9.79,5.05,100.0,0.0,57.0,4.0,549.0,0.0,5412.0,0.0,317.0,2006.0,4101.0,4243.0,565.0,671.0,836.0,730.0,182.0,1647.0,1401.0,1074.0,817.0,421.0,8344.0,0.0,0.73,0.05,6.4,0.0,65.52,0.0,3.66,23.63,8.63,10.75,9.38,2.34,21.17,18.01,13.81,10.5,5.41,96.58,3.42,100.0,0.0,100.0,100.0,100.0,0.0,100.0,0.0,100.0,100.0,8.63,10.75,9.38,2.34,21.17,18.01,13.81,10.5,5.41,96.58,3.42,100.0,0.0,57.0,4.0,498.0,0.0,5097.0,0.0,285.0,1838.0,671.0,836.0,730.0,182.0,1647.0,1401.0,1074.0,817.0,421.0,7513.0,266.0,7779.0,0.0,0.91,0.0,5.04,0.0,66.9,0.0,3.89,23.25,48.6,51.4,100.0,38.86,13.38,34.38,13.39,0.0,57.0,0.0,316.0,0.0,4196.0,0.0,244.0,1458.0,3048.0,3224.0,6272.0,2437.0,839.0,2156.0,840.0
3514700,0.0,0.68,0.0,3.81,0.13,65.32,0.0,2.63,27.45,48.92,51.08,7.27,6.77,7.88,8.23,3.64,16.02,14.98,15.63,12.22,7.36,100.0,0.0,100.0,0.0,100.0,100.0,100.0,0.0,100.0,100.0,48.92,51.08,7.27,6.77,7.88,8.23,3.64,16.02,14.98,15.63,12.22,7.36,100.0,0.0,37.0,0.0,206.0,7.0,3532.0,0.0,142.0,1484.0,2645.0,2762.0,393.0,366.0,426.0,445.0,197.0,866.0,810.0,845.0,661.0,398.0,5407.0,0.0,0.74,0.0,3.85,0.14,66.25,0.0,2.37,26.63,7.3,8.5,8.88,3.93,17.27,16.15,16.85,13.18,7.94,95.31,4.69,100.0,0.0,100.0,0.0,100.0,100.0,100.0,0.0,100.0,100.0,7.3,8.5,8.88,3.93,17.27,16.15,16.85,13.18,7.94,95.31,4.69,100.0,0.0,37.0,0.0,193.0,7.0,3322.0,0.0,119.0,1335.0,366.0,426.0,445.0,197.0,866.0,810.0,845.0,661.0,398.0,4779.0,235.0,5014.0,0.0,0.81,0.0,3.41,0.17,67.39,0.0,2.13,26.13,48.84,51.16,100.0,39.2,14.9,31.98,13.93,0.0,34.0,0.0,144.0,7.0,2845.0,0.0,90.0,1103.0,2062.0,2160.0,4222.0,1655.0,629.0,1350.0,588.0
3514809,0.0,1.37,0.14,17.57,0.05,32.16,0.57,4.49,43.64,50.26,49.74,9.03,9.18,7.92,7.94,3.38,15.43,16.17,13.93,10.52,6.5,100.0,0.0,100.0,100.0,100.0,100.0,100.0,100.0,100.0,100.0,50.26,49.74,9.03,9.18,7.92,7.94,3.38,15.43,16.17,13.93,10.52,6.5,100.0,0.0,152.0,16.0,1955.0,6.0,3578.0,63.0,499.0,4855.0,5591.0,5533.0,1005.0,1021.0,881.0,883.0,376.0,1716.0,1799.0,1550.0,1170.0,723.0,11124.0,0.0,1.49,0.16,16.84,0.06,32.78,0.52,4.56,43.59,10.09,8.71,8.73,3.72,16.96,17.78,15.32,11.56,7.14,92.78,7.22,100.0,0.0,100.0,100.0,100.0,100.0,100.0,100.0,100.0,100.0,10.09,8.71,8.73,3.72,16.96,17.78,15.32,11.56,7.14,92.78,7.22,100.0,0.0,151.0,16.0,1704.0,6.0,3317.0,53.0,461.0,4411.0,1021.0,881.0,883.0,376.0,1716.0,1799.0,1550.0,1170.0,723.0,9388.0,731.0,10119.0,0.0,1.84,0.19,14.73,0.07,34.79,0.37,4.49,43.52,49.46,50.54,100.0,43.92,14.84,30.05,11.2,0.0,151.0,16.0,1210.0,6.0,2859.0,30.0,369.0,3576.0,4064.0,4153.0,8217.0,3609.0,1219.0,2469.0,920.0
3514908,0.0,0.53,0.29,13.81,0.0,52.13,0.0,3.34,29.89,50.01,49.99,7.64,8.05,8.73,8.83,2.18,17.54,16.92,14.26,10.76,5.08,100.0,0.0,100.0,100.0,100.0,0.0,100.0,0.0,100.0,100.0,50.01,49.99,7.64,8.05,8.73,8.83,2.18,17.54,16.92,14.26,10.76,5.08,100.0,0.0,82.0,44.0,2122.0,0.0,8012.0,0.0,513.0,4594.0,7685.0,7683.0,1174.0,1237.0,1342.0,1357.0,335.0,2696.0,2601.0,2192.0,1653.0,781.0,15368.0,0.0,0.49,0.31,13.26,0.0,52.74,0.0,3.33,29.86,8.71,9.45,9.56,2.36,18.99,18.32,15.44,11.65,5.5,95.05,4.95,100.0,0.0,100.0,100.0,100.0,0.0,100.0,0.0,100.0,100.0,8.71,9.45,9.56,2.36,18.99,18.32,15.44,11.65,5.5,95.05,4.95,100.0,0.0,70.0,44.0,1882.0,0.0,7486.0,0.0,473.0,4238.0,1237.0,1342.0,1357.0,335.0,2696.0,2601.0,2192.0,1653.0,781.0,13492.0,702.0,14194.0,0.0,0.49,0.28,12.06,0.0,54.36,0.0,3.57,29.24,49.49,50.51,100.0,38.65,14.94,38.19,8.22,0.0,57.0,33.0,1401.0,0.0,6314.0,0.0,415.0,3396.0,5748.0,5867.0,11615.0,4489.0,1735.0,4436.0,955.0
3514924,0.0,1.22,0.47,3.13,0.0,61.93,0.0,1.69,31.56,50.74,49.26,6.73,6.55,6.15,8.31,3.24,17.09,17.92,15.22,11.95,6.84,100.0,0.0,100.0,100.0,100.0,0.0,100.0,0.0,100.0,100.0,50.74,49.26,6.73,6.55,6.15,8.31,3.24,17.09,17.92,15.22,11.95,6.84,100.0,0.0,34.0,13.0,87.0,0.0,1721.0,0.0,47.0,877.0,1410.0,1369.0,187.0,182.0,171.0,231.0,90.0,475.0,498.0,423.0,332.0,190.0,2779.0,0.0,1.31,0.39,3.01,0.0,63.16,0.0,1.5,30.63,7.02,6.6,8.91,3.47,18.33,19.21,16.32,12.81,7.33,95.64,4.36,100.0,0.0,100.0,100.0,100.0,0.0,100.0,0.0,100.0,100.0,7.02,6.6,8.91,3.47,18.33,19.21,16.32,12.81,7.33,95.63,4.37,100.0,0.0,34.0,10.0,78.0,0.0,1637.0,0.0,39.0,794.0,182.0,171.0,231.0,90.0,475.0,498.0,423.0,332.0,190.0,2479.0,113.0,2592.0,0.0,1.34,0.31,2.77,0.0,64.14,0.0,1.47,30.01,50.51,49.49,100.0,39.75,14.02,33.9,12.33,0.0,30.0,7.0,62.0,0.0,1436.0,0.0,33.0,672.0,1131.0,1108.0,2239.0,890.0,314.0,759.0,276.0
3514957,0.0,2.15,0.0,4.78,0.1,66.16,0.0,1.15,25.62,50.76,49.24,7.36,6.84,5.31,6.21,3.92,16.83,16.11,16.11,13.96,7.36,100.0,0.0,100.0,0.0,100.0,100.0,100.0,0.0,100.0,100.0,50.76,49.24,7.36,6.84,5.31,6.21,3.92,16.83,16.11,16.11,13.96,7.36,100.0,0.0,45.0,0.0,100.0,2.0,1384.0,0.0,24.0,536.0,1062.0,1030.0,154.0,143.0,111.0,130.0,82.0,352.0,337.0,337.0,292.0,154.0,2092.0,0.0,2.32,0.0,4.59,0.1,67.08,0.0,1.24,24.61,7.38,5.73,6.71,4.23,18.16,17.39,17.39,15.07,7.95,94.32,5.68,100.0,0.0,100.0,0.0,100.0,100.0,100.0,0.0,100.0,100.0,7.38,5.73,6.71,4.23,18.16,17.39,17.39,15.07,7.95,94.31,5.69,100.0,0.0,45.0,0.0,89.0,2.0,1300.0,0.0,24.0,477.0,143.0,111.0,130.0,82.0,352.0,337.0,337.0,292.0,154.0,1828.0,110.0,1938.0,0.0,2.32,0.0,4.69,0.12,68.05,0.0,1.43,23.46,49.52,50.48,100.0,42.7,12.71,34.8,9.8,0.0,39.0,0.0,79.0,2.0,1146.0,0.0,24.0,395.0,834.0,850.0,1684.0,719.0,214.0,586.0,165.0
3515004,0.01,1.14,1.44,14.54,0.08,49.16,0.04,5.46,28.12,47.64,52.36,8.34,8.66,9.48,9.16,1.36,18.79,17.91,13.12,8.89,4.28,100.0,100.0,100.0,100.0,100.0,100.0,100.0,100.0,100.0,100.0,47.64,52.36,8.34,8.66,9.48,9.16,1.36,18.79,17.91,13.12,8.89,4.28,100.0,11.0,2475.0,3114.0,31463.0,182.0,106370.0,95.0,11824.0,60861.0,103097.0,113299.0,18047.0,18738.0,20513.0,19823.0,2951.0,40667.0,38753.0,28398.0,19245.0,9261.0,216396.0,0.01,1.17,1.48,14.3,0.09,49.76,0.05,5.41,27.76,9.45,10.34,9.99,1.49,20.5,19.54,14.32,9.7,4.67,95.67,4.33,100.0,100.0,100.0,100.0,100.0,100.0,100.0,100.0,100.0,100.0,9.45,10.34,9.99,1.49,20.5,19.54,14.32,9.7,4.67,95.67,4.33,100.0,11.0,2316.0,2927.0,28358.0,170.0,98689.0,95.0,10731.0,55052.0,18738.0,20513.0,19823.0,2951.0,40667.0,38753.0,28398.0,19245.0,9261.0,189768.0,8581.0,198349.0,0.0,1.22,1.42,12.78,0.08,51.05,0.06,5.27,28.12,46.51,53.49,100.0,31.19,16.62,39.76,12.43,0.0,1941.0,2258.0,20327.0,135.0,81216.0,95.0,8381.0,44746.0,74002.0,85096.0,159098.0,49618.0,26450.0,63251.0,19779.0
3515103,0.05,1.96,1.28,14.3,0.14,45.14,0.02,4.73,32.38,48.68,51.32,7.79,8.47,9.33,8.47,1.8,16.78,17.78,13.5,10.41,5.67,100.0,100.0,100.0,100.0,100.0,100.0,100.0,100.0,100.0,100.0,48.68,51.32,7.79,8.47,9.33,8.47,1.8,16.78,17.78,13.5,10.41,5.67,100.0,30.0,1138.0,745.0,8308.0,80.0,26233.0,12.0,2749.0,18815.0,28288.0,29823.0,4524.0,4921.0,5423.0,4922.0,1047.0,9751.0,10333.0,7847.0,6050.0,3292.0,58111.0,0.04,1.99,1.29,14.0,0.14,45.74,0.02,4.71,32.07,9.18,10.12,9.19,1.95,18.2,19.28,14.64,11.29,6.14,94.97,5.03,100.0,100.0,100.0,100.0,100.0,100.0,100.0,100.0,100.0,100.0,9.18,10.12,9.19,1.95,18.2,19.28,14.64,11.29,6.14,94.97,5.03,100.0,20.0,1065.0,693.0,7503.0,76.0,24510.0,12.0,2522.0,17185.0,4921.0,5423.0,4922.0,1047.0,9751.0,10333.0,7847.0,6050.0,3292.0,50891.0,2696.0,53586.0,0.05,2.2,1.32,12.31,0.17,47.72,0.03,4.58,31.64,48.07,51.93,100.0,31.32,13.52,40.81,14.36,20.0,952.0,569.0,5323.0,72.0,20633.0,12.0,1979.0,13681.0,20787.0,22455.0,43242.0,13542.0,5845.0,17647.0,6208.0
3515129,0.0,0.0,0.0,1.49,0.0,73.63,0.0,0.6,24.28,49.35,50.65,5.69,7.18,7.18,5.84,4.39,13.83,15.25,18.22,12.94,9.48,100.0,0.0,0.0,0.0,100.0,0.0,100.0,0.0,100.0,100.0,49.35,50.65,5.69,7.18,7.18,5.84,4.39,13.83,15.25,18.22,12.94,9.48,100.0,0.0,0.0,0.0,40.0,0.0,1980.0,0.0,16.0,653.0,1327.0,1362.0,153.0,193.0,193.0,157.0,118.0,372.0,410.0,490.0,348.0,255.0,2689.0,0.0,0.0,0.0,1.34,0.0,74.29,0.0,0.63,23.7,7.61,7.61,6.19,4.65,14.67,16.17,19.32,13.72,10.06,93.18,6.82,100.0,0.0,0.0,0.0,100.0,0.0,100.0,0.0,100.0,100.0,7.61,7.61,6.19,4.65,14.67,16.17,19.32,13.72,10.06,93.19,6.81,100.0,0.0,0.0,0.0,34.0,0.0,1884.0,0.0,16.0,601.0,193.0,193.0,157.0,118.0,372.0,410.0,490.0,348.0,255.0,2363.0,173.0,2536.0,0.0,0.0,0.0,1.12,0.0,73.77,0.0,0.74,24.37,49.02,50.98,100.0,40.56,13.49,33.86,12.09,0.0,0.0,0.0,24.0,0.0,1586.0,0.0,16.0,524.0,1054.0,1096.0,2150.0,872.0,290.0,728.0,260.0
3515152,0.06,0.09,0.18,7.92,0.0,42.62,0.0,1.79,47.34,49.88,50.12,7.71,8.85,11.45,10.73,1.94,20.12,15.22,12.17,7.72,4.1,100.0,100.0,100.0,100.0,100.0,0.0,100.0,0.0,100.0,100.0,49.88,50.12,7.71,8.85,11.45,10.73,1.94,20.12,15.22,12.17,7.72,4.1,100.0,10.0,16.0,30.0,1334.0,0.0,7179.0,0.0,301.0,7974.0,8401.0,8442.0,1299.0,1490.0,1928.0,1807.0,327.0,3389.0,2563.0,2049.0,1300.0,691.0,16843.0,0.06,0.1,0.19,7.71,0.0,42.14,0.0,1.74,48.06,9.59,12.4,11.63,2.1,21.8,16.49,13.18,8.36,4.45,94.16,5.84,100.0,100.0,100.0,100.0,100.0,0.0,100.0,0.0,100.0,100.0,9.59,12.4,11.63,2.1,21.8,16.49,13.18,8.36,4.45,94.16,5.84,100.0,10.0,16.0,30.0,1198.0,0.0,6550.0,0.0,270.0,7471.0,1490.0,1928.0,1807.0,327.0,3389.0,2563.0,2049.0,1300.0,691.0,14636.0,908.0,15544.0,0.08,0.13,0.16,5.79,0.0,43.07,0.0,1.86,48.9,49.94,50.06,100.0,36.21,10.27,33.69,19.84,10.0,16.0,20.0,702.0,0.0,5223.0,0.0,225.0,5930.0,6056.0,6070.0,12126.0,4391.0,1245.0,4085.0,2406.0
3515186,0.0,2.85,0.79,3.73,0.08,67.19,0.0,3.76,21.6,48.09,51.91,6.15,6.5,7.77,7.78,3.49,15.9,16.66,16.06,12.56,7.14,100.0,0.0,100.0,100.0,100.0,100.0,100.0,0.0,100.0,100.0,48.09,51.91,6.15,6.5,7.77,7.78,3.49,15.9,16.66,16.06,12.56,7.14,100.0,0.0,1022.0,282.0,1338.0,29.0,24090.0,0.0,1349.0,7746.0,17244.0,18611.0,2206.0,2329.0,2787.0,2788.0,1251.0,5702.0,5972.0,5758.0,4502.0,2560.0,35855.0,0.0,2.93,0.71,3.76,0.09,67.66,0.0,3.88,20.97,6.92,8.28,8.29,3.72,16.95,17.75,17.11,13.38,7.61,96.58,3.42,100.0,0.0,100.0,100.0,100.0,100.0,100.0,0.0,100.0,100.0,6.92,8.28,8.29,3.72,16.95,17.75,17.11,13.38,7.61,96.58,3.42,100.0,0.0,986.0,239.0,1266.0,29.0,22768.0,0.0,1305.0,7057.0,2329.0,2787.0,2788.0,1251.0,5702.0,5972.0,5758.0,4502.0,2560.0,32499.0,1150.0,33649.0,0.0,3.12,0.77,3.42,0.1,68.5,0.0,3.88,20.21,47.35,52.65,100.0,34.08,15.75,30.32,19.84,0.0,891.0,220.0,975.0,29.0,19545.0,0.0,1106.0,5767.0,13511.0,15022.0,28533.0,9725.0,4495.0,8652.0,5661.0
3515194,0.14,0.0,0.0,7.14,0.0,59.58,0.0,1.52,31.62,50.08,49.92,8.68,8.32,9.39,9.47,1.52,17.93,16.02,13.18,9.95,5.54,100.0,100.0,0.0,0.0,100.0,0.0,100.0,0.0,100.0,100.0,50.08,49.92,8.68,8.32,9.39,9.47,1.52,17.93,16.02,13.18,9.95,5.54,100.0,5.0,0.0,0.0,254.0,0.0,2120.0,0.0,54.0,1125.0,1782.0,1776.0,309.0,296.0,334.0,337.0,54.0,638.0,570.0,469.0,354.0,197.0,3558.0,0.15,0.0,0.0,6.56,0.0,60.33,0.0,1.39,31.61,9.11,10.28,10.37,1.66,19.64,17.54,14.44,10.9,6.06,91.23,8.77,100.0,100.0,0.0,0.0,100.0,0.0,100.0,0.0,100.0,100.0,9.11,10.28,10.37,1.66,19.64,17.54,14.44,10.9,6.06,91.24,8.76,100.0,5.0,0.0,0.0,213.0,0.0,1960.0,0.0,45.0,1027.0,296.0,334.0,337.0,54.0,638.0,570.0,469.0,354.0,197.0,2964.0,285.0,3249.0,0.08,0.0,0.0,6.07,0.0,61.36,0.0,1.34,31.16,49.18,50.82,100.0,47.73,15.01,28.33,8.93,2.0,0.0,0.0,159.0,0.0,1607.0,0.0,35.0,816.0,1288.0,1331.0,2619.0,1250.0,393.0,742.0,234.0
3515202,0.58,2.34,0.19,8.63,0.0,59.55,0.0,1.37,27.35,50.89,49.11,6.23,7.01,8.18,7.92,3.56,16.21,16.67,15.21,11.99,7.02,100.0,100.0,100.0,100.0,100.0,0.0,100.0,0.0,100.0,100.0,50.89,49.11,6.23,7.01,8.18,7.92,3.56,16.21,16.67,15.21,11.99,7.02,100.0,49.0,197.0,16.0,726.0,0.0,5007.0,0.0,115.0,2300.0,4279.0,4129.0,524.0,589.0,688.0,666.0,299.0,1363.0,1402.0,1279.0,1008.0,590.0,8408.0,0.62,2.42,0.14,8.63,0.0,60.22,0.0,1.46,26.51,7.47,8.73,8.45,3.79,17.29,17.78,16.22,12.79,7.48,95.31,4.69,100.0,100.0,100.0,100.0,100.0,0.0,100.0,0.0,100.0,100.0,7.47,8.73,8.45,3.79,17.29,17.78,16.22,12.79,7.48,95.31,4.69,100.0,49.0,191.0,11.0,680.0,0.0,4748.0,0.0,115.0,2090.0,589.0,688.0,666.0,299.0,1363.0,1402.0,1279.0,1008.0,590.0,7514.0,370.0,7884.0,0.74,2.53,0.17,6.87,0.0,62.24,0.0,1.68,25.79,50.42,49.58,100.0,37.99,14.59,32.31,15.09,49.0,167.0,11.0,454.0,0.0,4112.0,0.0,111.0,1704.0,3331.0,3276.0,6607.0,2510.0,964.0,2135.0,997.0
3515301,0.0,0.0,0.0,1.6,0.0,78.38,0.0,0.97,19.06,48.57,51.43,8.1,7.51,7.35,6.8,3.61,17.04,14.4,17.09,11.96,6.13,100.0,0.0,0.0,0.0,100.0,0.0,100.0,0.0,100.0,100.0,48.57,51.43,8.1,7.51,7.35,6.8,3.61,17.04,14.4,17.09,11.96,6.13,100.0,0.0,0.0,0.0,38.0,0.0,1867.0,0.0,23.0,454.0,1157.0,1225.0,193.0,179.0,175.0,162.0,86.0,406.0,343.0,407.0,285.0,146.0,2382.0,0.0,0.0,0.0,1.64,0.0,78.94,0.0,0.96,18.46,8.18,7.99,7.4,3.93,18.55,15.67,18.59,13.02,6.67,92.74,7.26,100.0,0.0,0.0,0.0,100.0,0.0,100.0,0.0,100.0,100.0,8.18,7.99,7.4,3.93,18.55,15.67,18.59,13.02,6.67,92.75,7.25,100.0,0.0,0.0,0.0,36.0,0.0,1728.0,0.0,21.0,404.0,179.0,175.0,162.0,86.0,406.0,343.0,407.0,285.0,146.0,2030.0,159.0,2189.0,0.0,0.0,0.0,1.85,0.0,76.89,0.0,1.14,20.11,48.39,51.61,100.0,35.69,13.73,40.65,9.92,0.0,0.0,0.0,34.0,0.0,1411.0,0.0,21.0,369.0,888.0,947.0,1835.0,655.0,252.0,746.0,182.0
3515350,0.0,0.0,0.23,8.22,0.06,61.42,0.0,1.77,28.29,48.65,51.35,8.28,8.42,6.29,7.08,3.35,14.57,16.77,17.23,11.7,6.32,100.0,0.0,0.0,100.0,100.0,100.0,100.0,0.0,100.0,100.0,48.65,51.35,8.28,8.42,6.29,7.08,3.35,14.57,16.77,17.23,11.7,6.32,100.0,0.0,0.0,16.0,572.0,4.0,4275.0,0.0,123.0,1969.0,3386.0,3574.0,576.0,586.0,438.0,493.0,233.0,1014.0,1167.0,1199.0,814.0,440.0,6960.0,0.0,0.0,0.25,8.02,0.06,62.3,0.0,1.6,27.77,9.18,6.86,7.72,3.65,15.88,18.28,18.78,12.75,6.89,88.33,11.67,100.0,0.0,0.0,100.0,100.0,100.0,100.0,0.0,100.0,100.0,9.18,6.86,7.72,3.65,15.88,18.28,18.78,12.75,6.89,88.33,11.67,100.0,0.0,0.0,16.0,512.0,4.0,3977.0,0.0,102.0,1773.0,586.0,438.0,493.0,233.0,1014.0,1167.0,1199.0,814.0,440.0,5639.0,745.0,6384.0,0.0,0.0,0.3,7.5,0.07,62.0,0.0,1.9,28.21,47.74,52.26,100.0,44.25,14.24,30.8,10.71,0.0,0.0,16.0,402.0,4.0,3323.0,0.0,102.0,1512.0,2559.0,2801.0,5360.0,2372.0,763.0,1651.0,574.0
3515400,0.1,0.95,0.03,2.52,0.0,76.78,0.07,2.31,17.22,48.57,51.43,7.15,7.11,7.52,7.08,3.27,17.02,16.07,14.52,12.86,7.4,100.0,100.0,100.0,100.0,100.0,0.0,100.0,100.0,100.0,100.0,48.57,51.43,7.15,7.11,7.52,7.08,3.27,17.02,16.07,14.52,12.86,7.4,100.0,15.0,139.0,5.0,370.0,0.0,11283.0,11.0,340.0,2531.0,7138.0,7557.0,1050.0,1045.0,1105.0,1041.0,480.0,2501.0,2362.0,2134.0,1890.0,1087.0,14695.0,0.11,0.97,0.04,2.36,0.0,77.38,0.08,2.28,16.78,7.66,8.1,7.63,3.52,18.33,17.31,15.64,13.85,7.97,95.81,4.19,100.0,100.0,100.0,100.0,100.0,0.0,100.0,100.0,100.0,100.0,7.66,8.1,7.63,3.52,18.33,17.31,15.64,13.85,7.97,95.8,4.2,100.0,15.0,133.0,5.0,322.0,0.0,10558.0,11.0,311.0,2290.0,1045.0,1105.0,1041.0,480.0,2501.0,2362.0,2134.0,1890.0,1087.0,13073.0,572.0,13645.0,0.09,1.1,0.04,2.33,0.0,77.76,0.04,2.06,16.56,48.13,51.87,100.0,42.31,14.86,27.66,15.16,10.0,127.0,5.0,268.0,0.0,8939.0,5.0,237.0,1903.0,5533.0,5962.0,11495.0,4864.0,1708.0,3179.0,1743.0
3515509,0.03,4.73,0.75,5.69,0.0,54.86,0.0,3.33,30.59,47.78,52.22,6.04,6.5,7.68,7.86,3.82,16.72,16.58,14.81,12.52,7.47,100.0,100.0,100.0,100.0,100.0,0.0,100.0,0.0,100.0,100.0,47.78,52.22,6.04,6.5,7.68,7.86,3.82,16.72,16.58,14.81,12.52,7.47,100.0,20.0,2999.0,477.0,3607.0,0.0,34762.0,0.0,2113.0,19382.0,30271.0,33089.0,3826.0,4119.0,4867.0,4983.0,2419.0,10592.0,10507.0,9383.0,7933.0,4731.0,63360.0,0.03,4.75,0.8,5.48,0.0,55.27,0.0,3.43,30.23,6.92,8.18,8.37,4.06,17.79,17.65,15.76,13.33,7.95,96.09,3.91,100.0,100.0,100.0,100.0,100.0,0.0,100.0,0.0,100.0,100.0,6.92,8.18,8.37,4.06,17.79,17.65,15.76,13.33,7.95,96.09,3.91,100.0,20.0,2830.0,477.0,3264.0,0.0,32902.0,0.0,2044.0,17996.0,4119.0,4867.0,4983.0,2419.0,10592.0,10507.0,9383.0,7933.0,4731.0,57207.0,2327.0,59534.0,0.0,5.03,0.7,5.0,0.0,56.9,0.0,3.41,28.95,47.1,52.9,100.0,31.47,14.16,29.7,24.67,0.0,2543.0,356.0,2528.0,0.0,28762.0,0.0,1724.0,14634.0,23810.0,26738.0,50548.0,15908.0,7158.0,15013.0,12469.0
3515608,0.0,1.97,0.26,4.25,0.0,68.79,0.0,1.65,23.08,48.69,51.31,6.13,6.84,6.91,6.63,4.51,15.81,17.38,15.34,11.6,8.84,100.0,0.0,100.0,100.0,100.0,0.0,100.0,0.0,100.0,100.0,48.69,51.31,6.13,6.84,6.91,6.63,4.51,15.81,17.38,15.34,11.6,8.84,100.0,0.0,105.0,14.0,227.0,0.0,3672.0,0.0,88.0,1232.0,2599.0,2739.0,327.0,365.0,369.0,354.0,241.0,844.0,928.0,819.0,619.0,472.0,5338.0,0.0,1.92,0.24,4.05,0.0,69.65,0.0,1.48,22.69,7.28,7.36,7.06,4.81,16.84,18.52,16.34,12.35,9.42,94.85,5.15,100.0,0.0,100.0,100.0,100.0,0.0,100.0,0.0,100.0,100.0,7.28,7.36,7.06,4.81,16.84,18.52,16.34,12.35,9.42,94.85,5.15,100.0,0.0,96.0,12.0,203.0,0.0,3490.0,0.0,74.0,1137.0,365.0,369.0,354.0,241.0,844.0,928.0,819.0,619.0,472.0,4753.0,258.0,5011.0,0.0,2.17,0.14,3.88,0.0,71.52,0.0,1.43,20.86,48.16,51.84,100.0,41.29,12.44,33.11,13.16,0.0,93.0,6.0,166.0,0.0,3059.0,0.0,61.0,892.0,2060.0,2217.0,4277.0,1766.0,532.0,1416.0,563.0
3515657,0.0,1.18,0.0,9.1,0.0,54.76,0.0,1.39,33.63,51.01,48.99,6.39,8.69,6.25,7.85,3.61,16.26,17.93,11.95,12.09,8.96,100.0,0.0,100.0,0.0,100.0,0.0,100.0,0.0,100.0,100.0,51.01,48.99,6.39,8.69,6.25,7.85,3.61,16.26,17.93,11.95,12.09,8.97,100.0,0.0,17.0,0.0,131.0,0.0,788.0,0.0,20.0,484.0,734.0,705.0,92.0,125.0,90.0,113.0,52.0,234.0,258.0,172.0,174.0,129.0,1439.0,0.0,1.26,0.0,8.76,0.0,54.71,0.0,1.34,33.93,9.28,6.68,8.39,3.86,17.37,19.15,12.77,12.92,9.58,97.1,2.9,100.0,0.0,100.0,0.0,100.0,0.0,100.0,0.0,100.0,100.0,9.28,6.68,8.39,3.86,17.37,19.15,12.77,12.92,9.58,97.13,2.87,100.0,0.0,17.0,0.0,118.0,0.0,737.0,0.0,18.0,457.0,125.0,90.0,113.0,52.0,234.0,258.0,172.0,174.0,129.0,1308.0,39.0,1347.0,0.0,1.5,0.0,7.51,0.0,56.54,0.0,1.06,33.3,49.47,50.53,100.0,47.53,12.99,30.65,8.92,0.0,17.0,0.0,85.0,0.0,640.0,0.0,12.0,377.0,560.0,572.0,1132.0,538.0,147.0,347.0,101.0
3515707,0.08,1.07,1.62,13.5,0.09,36.12,0.01,8.89,38.6,47.89,52.11,8.16,8.53,9.39,9.37,1.41,18.66,17.2,13.84,9.29,4.14,100.0,100.0,100.0,100.0,100.0,100.0,100.0,100.0,100.0,100.0,47.89,52.11,8.16,8.53,9.39,9.37,1.41,18.66,17.2,13.84,9.29,4.14,100.0,124.0,1653.0,2509.0,20864.0,144.0,55818.0,23.0,13736.0,59643.0,74003.0,80511.0,12612.0,13187.0,14513.0,14480.0,2179.0,28829.0,26575.0,21390.0,14351.0,6398.0,154514.0,0.08,1.1,1.66,13.47,0.1,36.51,0.02,8.87,38.18,9.29,10.23,10.2,1.54,20.32,18.73,15.07,10.11,4.51,96.34,3.66,100.0,100.0,100.0,100.0,100.0,100.0,100.0,100.0,100.0,100.0,9.29,10.23,10.2,1.54,20.32,18.73,15.07,10.11,4.51,96.34,3.66,100.0,119.0,1563.0,2355.0,19112.0,144.0,51814.0,23.0,12591.0,54182.0,13187.0,14513.0,14480.0,2179.0,28829.0,26575.0,21390.0,14351.0,6398.0,136713.0,5189.0,141902.0,0.08,1.2,1.58,12.38,0.09,37.83,0.02,8.65,38.17,46.92,53.08,100.0,30.93,15.73,41.76,11.58,92.0,1365.0,1810.0,14135.0,102.0,43206.0,23.0,9874.0,43595.0,53582.0,60620.0,114202.0,35320.0,17960.0,47693.0,13228.0
3515806,0.0,0.22,0.0,6.04,0.0,61.94,0.0,1.12,30.6,48.96,51.04,6.04,6.72,5.45,5.6,4.93,13.36,13.51,18.73,14.4,11.27,100.0,0.0,100.0,0.0,100.0,0.0,100.0,0.0,100.0,100.0,48.93,51.07,6.04,6.72,5.45,5.6,4.93,13.36,13.51,18.73,14.4,11.27,100.0,0.0,3.0,0.0,81.0,0.0,830.0,0.0,15.0,410.0,656.0,684.0,81.0,90.0,73.0,75.0,66.0,179.0,181.0,251.0,193.0,151.0,1340.0,0.0,0.24,0.0,5.8,0.0,62.67,0.0,1.19,30.1,7.15,5.8,5.96,5.24,14.22,14.38,19.94,15.33,11.99,93.96,6.04,100.0,0.0,100.0,0.0,100.0,0.0,100.0,0.0,100.0,100.0,7.15,5.8,5.96,5.24,14.22,14.38,19.94,15.33,11.99,93.99,6.01,100.0,0.0,3.0,0.0,73.0,0.0,789.0,0.0,15.0,379.0,90.0,73.0,75.0,66.0,179.0,181.0,251.0,193.0,151.0,1183.0,76.0,1259.0,0.0,0.27,0.0,5.29,0.0,63.41,0.0,0.64,30.29,47.08,52.92,100.0,37.14,11.59,36.68,14.51,0.0,3.0,0.0,58.0,0.0,695.0,0.0,7.0,332.0,516.0,580.0,1096.0,407.0,127.0,402.0,159.0
3515905,0.0,2.12,0.0,4.96,0.0,68.82,0.0,1.92,22.26,48.0,52.0,4.8,6.43,5.2,5.6,5.92,12.39,15.27,16.91,16.39,11.11,100.0,0.0,100.0,0.0,100.0,0.0,100.0,0.0,100.0,100.0,48.0,52.0,4.8,6.43,5.2,5.6,5.92,12.39,15.27,16.91,16.39,11.11,100.0,0.0,53.0,0.0,124.0,0.0,1722.0,0.0,48.0,557.0,1201.0,1301.0,120.0,161.0,130.0,140.0,148.0,310.0,382.0,423.0,410.0,278.0,2502.0,0.0,2.06,0.0,5.0,0.0,69.4,0.0,1.72,21.83,6.76,5.46,5.88,6.21,13.01,16.04,17.76,17.21,11.67,93.74,6.26,100.0,0.0,100.0,0.0,100.0,0.0,100.0,0.0,100.0,100.0,6.76,5.46,5.88,6.21,13.01,16.04,17.76,17.21,11.67,93.73,6.27,100.0,0.0,49.0,0.0,119.0,0.0,1653.0,0.0,41.0,520.0,161.0,130.0,140.0,148.0,310.0,382.0,423.0,410.0,278.0,2233.0,149.0,2382.0,0.0,2.34,0.0,4.3,0.0,70.78,0.0,1.48,21.09,47.3,52.7,100.0,36.68,15.49,28.93,18.84,0.0,49.0,0.0,90.0,0.0,1480.0,0.0,31.0,441.0,989.0,1102.0,2091.0,767.0,324.0,605.0,394.0
3516002,0.0,0.75,1.39,3.82,0.08,63.26,0.0,1.04,29.67,54.97,45.03,5.88,6.2,8.41,9.92,3.17,18.39,15.88,14.06,11.26,6.83,100.0,0.0,100.0,100.0,100.0,100.0,100.0,0.0,100.0,100.0,54.97,45.03,5.88,6.2,8.41,9.92,3.17,18.39,15.88,14.06,11.26,6.83,100.0,0.0,87.0,162.0,446.0,9.0,7384.0,0.0,121.0,3463.0,6416.0,5256.0,686.0,724.0,982.0,1158.0,370.0,2147.0,1853.0,1641.0,1314.0,797.0,11672.0,0.0,0.73,1.47,3.84,0.08,63.43,0.0,1.1,29.34,6.59,8.94,10.54,3.37,19.54,16.87,14.94,11.96,7.25,94.48,5.52,100.0,0.0,100.0,100.0,100.0,100.0,100.0,0.0,100.0,100.0,6.59,8.94,10.54,3.37,19.54,16.87,14.94,11.96,7.25,94.48,5.52,100.0,0.0,80.0,162.0,422.0,9.0,6968.0,0.0,121.0,3223.0,724.0,982.0,1158.0,370.0,2147.0,1853.0,1641.0,1314.0,797.0,10380.0,606.0,10986.0,0.0,0.86,1.35,3.91,0.1,63.59,0.0,1.3,28.88,55.14,44.86,100.0,41.85,17.02,31.21,9.94,0.0,80.0,125.0,363.0,9.0,5901.0,0.0,121.0,2680.0,5117.0,4163.0,9280.0,3884.0,1579.0,2896.0,922.0
3516101,0.0,0.8,1.71,3.38,0.0,51.88,0.0,6.57,35.67,65.81,34.19,4.86,4.81,6.66,10.72,1.85,23.49,19.37,12.6,10.13,5.52,100.0,0.0,100.0,100.0,100.0,0.0,100.0,0.0,100.0,100.0,65.81,34.19,4.86,4.81,6.66,10.72,1.85,23.49,19.37,12.6,10.13,5.52,100.0,0.0,28.0,60.0,119.0,0.0,1824.0,0.0,231.0,1254.0,2314.0,1202.0,171.0,169.0,234.0,377.0,65.0,826.0,681.0,443.0,356.0,194.0,3516.0,0.0,0.84,1.7,3.08,0.0,51.96,0.0,6.82,35.61,5.05,7.0,11.27,1.94,24.69,20.36,13.24,10.64,5.8,93.36,6.64,100.0,0.0,100.0,100.0,100.0,0.0,100.0,0.0,100.0,100.0,5.05,7.0,11.27,1.94,24.69,20.36,13.24,10.64,5.8,93.37,6.63,100.0,0.0,28.0,57.0,103.0,0.0,1738.0,0.0,228.0,1191.0,169.0,234.0,377.0,65.0,826.0,681.0,443.0,356.0,194.0,3123.0,222.0,3345.0,0.0,0.85,1.84,2.96,0.0,50.71,0.0,7.14,36.51,67.3,32.7,100.0,43.61,19.51,27.33,9.55,0.0,25.0,54.0,87.0,0.0,1492.0,0.0,210.0,1074.0,1980.0,962.0,2942.0,1283.0,574.0,804.0,281.0
3516200,0.04,6.47,0.78,6.64,0.07,59.92,0.01,3.92,22.14,48.15,51.85,6.72,7.54,8.52,8.65,2.72,17.44,16.63,14.45,11.13,6.18,100.0,100.0,100.0,100.0,100.0,100.0,100.0,100.0,100.0,100.0,48.15,51.85,6.72,7.54,8.52,8.65,2.72,17.44,16.63,14.45,11.13,6.18,100.0,122.0,20047.0,2426.0,20570.0,221.0,185623.0,43.0,12139.0,68586.0,149156.0,160620.0,20829.0,23371.0,26404.0,26788.0,8432.0,54039.0,51510.0,44772.0,34490.0,19142.0,309777.0,0.03,6.63,0.79,6.61,0.07,60.19,0.01,3.9,21.77,8.09,9.14,9.27,2.92,18.7,17.83,15.49,11.94,6.62,97.99,2.01,100.0,100.0,100.0,100.0,100.0,100.0,100.0,100.0,100.0,100.0,8.09,9.14,9.27,2.92,18.7,17.83,15.49,11.94,6.62,97.99,2.01,100.0,101.0,19156.0,2288.0,19097.0,200.0,173907.0,43.0,11262.0,62893.0,23371.0,26404.0,26788.0,8432.0,54039.0,51510.0,44772.0,34490.0,19142.0,283139.0,5809.0,288948.0,0.03,7.09,0.71,5.89,0.04,61.35,0.01,3.84,21.02,47.33,52.67,100.0,27.55,16.65,36.57,19.23,79.0,16966.0,1703.0,14098.0,85.0,146739.0,32.0,9194.0,50275.0,113207.0,125966.0,239173.0,65881.0,39829.0,87469.0,45994.0
3516309,0.01,0.91,1.61,16.4,0.03,41.53,0.04,5.37,34.11,48.41,51.59,8.49,9.33,9.9,9.85,1.05,18.74,16.23,12.63,9.71,4.07,100.0,100.0,100.0,100.0,100.0,100.0,100.0,100.0,100.0,100.0,48.41,51.59,8.49,9.33,9.9,9.85,1.05,18.74,16.23,12.63,9.71,4.07,100.0,10.0,1281.0,2264.0,23058.0,45.0,58405.0,55.0,7548.0,47973.0,68084.0,72553.0,11943.0,13115.0,13924.0,13857.0,1480.0,26360.0,22821.0,17762.0,13652.0,5722.0,140637.0,0.01,0.94,1.65,16.33,0.03,41.99,0.04,5.36,33.64,10.19,10.82,10.77,1.15,20.48,17.73,13.8,10.61,4.45,94.47,5.53,100.0,100.0,100.0,100.0,100.0,100.0,100.0,100.0,100.0,100.0,10.19,10.82,10.77,1.15,20.48,17.73,13.8,10.61,4.45,94.47,5.53,100.0,10.0,1210.0,2123.0,21010.0,45.0,54044.0,55.0,6904.0,43295.0,13115.0,13924.0,13857.0,1480.0,26360.0,22821.0,17762.0,13652.0,5722.0,121582.0,7112.0,128694.0,0.0,0.97,1.58,14.49,0.03,44.03,0.03,5.29,33.58,47.51,52.49,100.0,36.19,18.65,38.37,6.79,0.0,987.0,1610.0,14729.0,33.0,44758.0,26.0,5376.0,34136.0,48294.0,53361.0,101655.0,36793.0,18956.0,39004.0,6902.0
3516408,0.03,1.23,1.46,15.97,0.42,43.69,0.01,6.63,30.56,50.06,49.94,7.79,8.35,9.53,9.39,1.37,19.53,18.22,12.54,8.93,4.35,100.0,100.0,100.0,100.0,100.0,100.0,100.0,100.0,100.0,100.0,50.06,49.94,7.79,8.35,9.53,9.39,1.37,19.53,18.22,12.54,8.93,4.35,100.0,32.0,1544.0,1838.0,20068.0,528.0,54891.0,8.0,8325.0,38391.0,62889.0,62737.0,9780.0,10495.0,11967.0,11798.0,1716.0,24540.0,22894.0,15752.0,11217.0,5467.0,125626.0,0.03,1.29,1.5,15.65,0.44,44.37,0.01,6.6,30.11,9.06,10.33,10.18,1.48,21.18,19.76,13.6,9.68,4.72,95.52,4.48,100.0,100.0,100.0,100.0,100.0,100.0,100.0,100.0,100.0,100.0,9.06,10.33,10.18,1.48,21.18,19.76,13.6,9.68,4.72,95.52,4.48,100.0,32.0,1500.0,1739.0,18129.0,510.0,51397.0,8.0,7644.0,34886.0,10495.0,11967.0,11798.0,1716.0,24540.0,22894.0,15752.0,11217.0,5467.0,110654.0,5192.0,115846.0,0.02,1.45,1.53,14.44,0.38,45.74,0.01,6.64,29.79,49.36,50.64,100.0,29.88,16.22,42.19,11.7,23.0,1356.0,1426.0,13483.0,356.0,42710.0,8.0,6203.0,27818.0,46098.0,47286.0,93384.0,27907.0,15150.0,39399.0,10928.0
3516507,0.0,0.36,0.12,4.95,0.0,80.02,0.0,3.2,11.35,50.06,49.94,6.53,6.32,5.84,5.76,4.22,15.61,15.65,18.0,12.97,9.12,100.0,0.0,100.0,100.0,100.0,0.0,100.0,0.0,100.0,100.0,50.06,49.94,6.53,6.32,5.84,5.76,4.22,15.61,15.65,18.0,12.97,9.12,100.0,0.0,9.0,3.0,122.0,0.0,1974.0,0.0,79.0,280.0,1235.0,1232.0,161.0,156.0,144.0,142.0,104.0,385.0,386.0,444.0,320.0,225.0,2467.0,0.0,0.39,0.13,4.77,0.0,80.01,0.0,3.34,11.32,6.76,6.24,6.16,4.51,16.7,16.74,19.25,13.88,9.76,93.76,6.24,100.0,0.0,100.0,100.0,100.0,0.0,100.0,0.0,100.0,100.0,6.76,6.24,6.16,4.51,16.7,16.74,19.25,13.88,9.76,93.76,6.24,100.0,0.0,9.0,3.0,110.0,0.0,1845.0,0.0,77.0,261.0,156.0,144.0,142.0,104.0,385.0,386.0,444.0,320.0,225.0,2162.0,144.0,2306.0,0.0,0.45,0.0,4.49,0.0,80.36,0.0,3.34,11.42,49.2,50.8,100.0,34.45,12.31,36.54,16.7,0.0,9.0,0.0,90.0,0.0,1612.0,0.0,67.0,229.0,987.0,1019.0,2006.0,691.0,247.0,733.0,335.0
3516606,0.0,2.59,0.37,8.45,0.14,53.18,0.0,2.8,32.48,48.8,51.2,6.57,6.49,5.99,6.73,4.0,15.04,17.56,15.25,13.55,8.82,100.0,0.0,100.0,100.0,100.0,100.0,100.0,0.0,100.0,100.0,48.8,51.2,6.57,6.49,5.99,6.73,4.0,15.04,17.56,15.25,13.55,8.82,100.0,0.0,148.0,21.0,482.0,8.0,3034.0,0.0,160.0,1853.0,2784.0,2921.0,375.0,370.0,342.0,384.0,228.0,858.0,1002.0,870.0,773.0,503.0,5705.0,0.0,2.63,0.39,8.26,0.15,53.66,0.0,2.7,32.21,6.94,6.42,7.2,4.28,16.1,18.8,16.32,14.5,9.44,94.5,5.5,100.0,0.0,100.0,100.0,100.0,100.0,100.0,0.0,100.0,100.0,6.94,6.42,7.2,4.28,16.1,18.8,16.32,14.5,9.44,94.5,5.5,100.0,0.0,140.0,21.0,440.0,8.0,2860.0,0.0,144.0,1717.0,370.0,342.0,384.0,228.0,858.0,1002.0,870.0,773.0,503.0,5037.0,293.0,5330.0,0.0,2.75,0.41,6.8,0.17,54.87,0.0,2.9,32.09,48.44,51.56,100.0,46.25,13.51,27.35,12.88,0.0,127.0,19.0,314.0,8.0,2534.0,0.0,134.0,1482.0,2237.0,2381.0,4618.0,2136.0,624.0,1263.0,595.0
3516705,0.05,1.7,0.54,7.16,0.07,56.09,0.0,3.24,31.15,47.84,52.16,6.46,7.37,7.61,7.86,3.24,15.83,16.69,15.23,12.37,7.34,100.0,100.0,100.0,100.0,100.0,100.0,100.0,0.0,100.0,100.0,47.84,52.16,6.46,7.37,7.61,7.86,3.24,15.83,16.69,15.23,12.37,7.34,100.0,20.0,635.0,203.0,2668.0,26.0,20904.0,0.0,1206.0,11612.0,17832.0,19440.0,2407.0,2746.0,2837.0,2931.0,1208.0,5900.0,6219.0,5675.0,4612.0,2736.0,37272.0,0.06,1.66,0.58,7.12,0.04,56.43,0.0,3.24,30.88,7.88,8.14,8.41,3.46,16.92,17.84,16.28,13.23,7.85,95.52,4.48,100.0,100.0,100.0,100.0,100.0,100.0,100.0,0.0,100.0,100.0,7.88,8.14,8.41,3.47,16.92,17.84,16.28,13.23,7.85,95.52,4.48,100.0,20.0,579.0,203.0,2483.0,13.0,19674.0,0.0,1128.0,10766.0,2746.0,2837.0,2931.0,1208.0,5900.0,6219.0,5675.0,4612.0,2736.0,33302.0,1563.0,34865.0,0.03,1.64,0.66,6.13,0.04,58.04,0.0,3.06,30.38,46.88,53.12,100.0,32.88,11.83,36.42,18.86,10.0,480.0,194.0,1795.0,13.0,16996.0,0.0,897.0,8896.0,13727.0,15555.0,29282.0,9629.0,3464.0,10665.0,5524.0
3516804,0.0,0.8,0.9,2.28,0.0,75.48,0.0,2.01,18.57,48.17,51.83,7.09,8.23,6.57,6.12,3.63,15.59,15.98,14.87,12.72,9.2,100.0,0.0,100.0,100.0,100.0,0.0,100.0,0.0,100.0,100.0,48.17,51.83,7.09,8.23,6.57,6.12,3.63,15.59,15.98,14.87,12.72,9.2,100.0,0.0,23.0,26.0,66.0,0.0,2183.0,0.0,58.0,537.0,1393.0,1499.0,205.0,238.0,190.0,177.0,105.0,451.0,462.0,430.0,368.0,266.0,2892.0,0.0,0.78,0.97,2.42,0.0,75.47,0.0,1.9,18.5,8.86,7.07,6.59,3.91,16.78,17.19,16.0,13.7,9.9,91.7,8.3,100.0,0.0,100.0,100.0,100.0,0.0,100.0,0.0,100.0,100.0,8.86,7.07,6.59,3.91,16.78,17.19,16.0,13.7,9.9,91.72,8.28,100.0,0.0,21.0,26.0,65.0,0.0,2028.0,0.0,51.0,497.0,238.0,190.0,177.0,105.0,451.0,462.0,430.0,368.0,266.0,2464.0,223.0,2687.0,0.0,0.93,0.75,1.99,0.0,77.11,0.0,1.28,17.93,48.07,51.93,100.0,50.02,11.69,24.35,13.94,0.0,21.0,17.0,45.0,0.0,1742.0,0.0,29.0,405.0,1086.0,1173.0,2259.0,1130.0,264.0,550.0,315.0
3516853,0.0,1.9,0.4,2.72,0.32,58.34,0.0,1.46,34.87,49.44,50.56,7.86,8.1,8.1,8.35,2.57,18.68,16.46,14.38,10.18,5.31,100.0,0.0,100.0,100.0,100.0,100.0,100.0,0.0,100.0,100.0,49.44,50.56,7.86,8.1,8.1,8.35,2.57,18.68,16.46,14.38,10.18,5.31,100.0,0.0,77.0,16.0,110.0,13.0,2361.0,0.0,59.0,1411.0,2001.0,2046.0,318.0,328.0,328.0,338.0,104.0,756.0,666.0,582.0,412.0,215.0,4047.0,0.0,1.98,0.43,2.68,0.35,58.59,0.0,1.31,34.62,8.8,8.8,9.06,2.79,20.27,17.86,15.61,11.05,5.77,94.66,5.34,100.0,0.0,100.0,100.0,100.0,100.0,100.0,0.0,100.0,100.0,8.8,8.8,9.06,2.79,20.27,17.86,15.61,11.05,5.77,94.66,5.34,100.0,0.0,74.0,16.0,100.0,13.0,2185.0,0.0,49.0,1291.0,328.0,328.0,338.0,104.0,756.0,666.0,582.0,412.0,215.0,3530.0,199.0,3729.0,0.0,2.21,0.33,2.51,0.23,60.4,0.0,1.5,32.87,49.63,50.37,100.0,42.11,13.08,33.78,11.0,0.0,68.0,10.0,77.0,7.0,1856.0,0.0,46.0,1010.0,1525.0,1548.0,3073.0,1294.0,402.0,1038.0,338.0
3516903,0.0,3.34,0.2,5.01,0.0,58.87,0.0,1.63,30.95,49.09,50.91,6.38,6.44,6.73,6.58,3.68,15.6,15.75,16.39,14.02,8.44,100.0,0.0,100.0,100.0,100.0,0.0,100.0,0.0,100.0,100.0,49.09,50.91,6.38,6.44,6.73,6.58,3.68,15.6,15.75,16.39,14.02,8.44,100.0,0.0,307.0,18.0,461.0,0.0,5414.0,0.0,150.0,2846.0,4514.0,4682.0,587.0,592.0,619.0,605.0,338.0,1435.0,1448.0,1507.0,1289.0,776.0,9196.0,0.0,3.38,0.21,5.04,0.0,59.77,0.0,1.53,30.06,6.88,7.19,7.03,3.93,16.67,16.82,17.5,14.97,9.01,93.59,6.41,100.0,0.0,100.0,100.0,100.0,0.0,100.0,0.0,100.0,100.0,6.88,7.19,7.03,3.93,16.67,16.82,17.5,14.97,9.01,93.59,6.41,100.0,0.0,291.0,18.0,434.0,0.0,5146.0,0.0,132.0,2588.0,592.0,619.0,605.0,338.0,1435.0,1448.0,1507.0,1289.0,776.0,8057.0,552.0,8609.0,0.0,3.7,0.24,4.6,0.0,61.19,0.0,1.62,28.63,48.16,51.84,100.0,37.74,15.49,27.39,19.38,0.0,274.0,18.0,340.0,0.0,4527.0,0.0,120.0,2118.0,3563.0,3835.0,7398.0,2792.0,1146.0,2026.0,1434.0
3517000,0.0,0.7,0.24,5.78,0.0,65.18,0.04,2.29,25.78,55.38,44.62,5.92,6.46,7.7,9.08,3.14,18.97,17.2,13.59,11.31,6.65,100.0,0.0,100.0,100.0,100.0,0.0,100.0,100.0,100.0,100.0,55.38,44.62,5.92,6.46,7.7,9.08,3.14,18.97,17.2,13.59,11.31,6.65,100.0,0.0,65.0,22.0,535.0,0.0,6038.0,4.0,212.0,2388.0,5130.0,4134.0,548.0,598.0,713.0,841.0,291.0,1757.0,1593.0,1259.0,1048.0,616.0,9264.0,0.0,0.75,0.25,5.59,0.0,66.21,0.0,2.28,24.91,6.86,8.18,9.65,3.34,20.16,18.28,14.44,12.02,7.07,94.95,5.05,100.0,0.0,100.0,100.0,100.0,0.0,100.0,0.0,100.0,100.0,6.86,8.18,9.65,3.34,20.16,18.28,14.44,12.02,7.07,94.95,5.05,100.0,0.0,65.0,22.0,487.0,0.0,5771.0,0.0,199.0,2171.0,598.0,713.0,841.0,291.0,1757.0,1593.0,1259.0,1048.0,616.0,8276.0,440.0,8716.0,0.0,0.88,0.18,4.89,0.0,67.78,0.0,2.28,23.97,56.57,43.43,100.0,36.23,17.41,36.56,9.79,0.0,65.0,13.0,362.0,0.0,5019.0,0.0,169.0,1775.0,4189.0,3216.0,7405.0,2683.0,1289.0,2707.0,725.0
3517109,0.0,1.18,0.49,8.95,0.0,59.58,0.0,2.31,27.5,48.41,51.59,7.24,6.48,7.27,6.2,3.65,14.54,15.86,16.66,14.57,7.52,100.0,0.0,100.0,100.0,100.0,0.0,100.0,0.0,100.0,100.0,48.41,51.59,7.24,6.48,7.27,6.2,3.65,14.54,15.86,16.66,14.57,7.52,100.0,0.0,43.0,18.0,326.0,0.0,2171.0,0.0,84.0,1002.0,1764.0,1880.0,264.0,236.0,265.0,226.0,133.0,530.0,578.0,607.0,531.0,274.0,3644.0,0.0,1.27,0.41,8.85,0.0,60.0,0.0,2.34,27.13,6.98,7.84,6.69,3.93,15.68,17.1,17.96,15.71,8.11,95.06,4.94,100.0,0.0,100.0,100.0,100.0,0.0,100.0,0.0,100.0,100.0,6.98,7.84,6.69,3.93,15.68,17.1,17.96,15.71,8.11,95.07,4.93,100.0,0.0,43.0,14.0,299.0,0.0,2028.0,0.0,79.0,917.0,236.0,265.0,226.0,133.0,530.0,578.0,607.0,531.0,274.0,3213.0,167.0,3380.0,0.0,1.25,0.49,7.82,0.0,60.82,0.0,2.54,27.09,48.21,51.79,100.0,44.39,17.58,25.98,12.05,0.0,36.0,14.0,225.0,0.0,1751.0,0.0,73.0,780.0,1388.0,1491.0,2879.0,1278.0,506.0,748.0,347.0
3517208,0.0,1.01,0.35,3.86,0.05,49.48,0.05,2.96,42.23,49.21,50.79,8.28,7.85,8.04,8.16,2.48,17.49,16.4,14.76,11.12,5.41,100.0,0.0,100.0,100.0,100.0,100.0,100.0,100.0,100.0,100.0,49.21,50.79,8.28,7.85,8.04,8.16,2.48,17.49,16.4,14.76,11.12,5.41,100.0,0.0,99.0,34.0,377.0,5.0,4827.0,5.0,289.0,4120.0,4800.0,4955.0,808.0,766.0,784.0,796.0,242.0,1706.0,1600.0,1440.0,1085.0,528.0,9755.0,0.0,1.05,0.31,3.69,0.0,50.84,0.06,3.17,40.87,8.56,8.76,8.9,2.7,19.07,17.88,16.09,12.13,5.9,95.81,4.19,100.0,0.0,100.0,100.0,100.0,0.0,100.0,100.0,100.0,100.0,8.56,8.76,8.9,2.7,19.07,17.88,16.09,12.13,5.9,95.81,4.19,100.0,0.0,94.0,28.0,330.0,0.0,4549.0,5.0,284.0,3657.0,766.0,784.0,796.0,242.0,1706.0,1600.0,1440.0,1085.0,528.0,8572.0,375.0,8947.0,0.0,1.14,0.38,2.92,0.0,52.06,0.0,3.31,40.19,47.59,52.41,100.0,39.72,18.16,30.39,11.73,0.0,84.0,28.0,216.0,0.0,3851.0,0.0,245.0,2973.0,3520.0,3877.0,7397.0,2938.0,1343.0,2248.0,868.0
3517307,0.0,1.14,0.06,3.13,0.35,49.87,0.0,4.83,40.63,49.08,50.92,7.56,8.03,7.85,7.35,3.38,15.86,15.76,14.56,12.57,7.08,100.0,0.0,100.0,100.0,100.0,100.0,100.0,0.0,100.0,100.0,49.08,50.92,7.56,8.03,7.85,7.35,3.38,15.86,15.76,14.56,12.57,7.08,100.0,0.0,55.0,3.0,151.0,17.0,2408.0,0.0,233.0,1962.0,2370.0,2459.0,365.0,388.0,379.0,355.0,163.0,766.0,761.0,703.0,607.0,342.0,4829.0,0.0,1.23,0.07,3.05,0.31,50.67,0.0,4.86,39.81,8.69,8.49,7.95,3.65,17.16,17.05,15.75,13.6,7.66,92.72,7.28,100.0,0.0,100.0,100.0,100.0,100.0,100.0,0.0,100.0,100.0,8.69,8.49,7.95,3.65,17.16,17.05,15.75,13.6,7.66,92.73,7.27,100.0,0.0,55.0,3.0,136.0,14.0,2262.0,0.0,217.0,1777.0,388.0,379.0,355.0,163.0,766.0,761.0,703.0,607.0,342.0,4139.0,325.0,4464.0,0.0,1.49,0.08,2.52,0.38,52.2,0.0,5.27,38.03,48.47,51.53,100.0,46.96,14.9,28.0,10.12,0.0,55.0,3.0,93.0,14.0,1930.0,0.0,195.0,1406.0,1792.0,1905.0,3697.0,1736.0,551.0,1035.0,374.0
3517406,0.0,1.55,1.12,5.54,0.01,71.52,0.0,2.26,18.0,48.47,51.53,6.94,7.78,7.68,7.9,2.49,17.4,17.11,15.15,11.3,6.25,100.0,0.0,100.0,100.0,100.0,100.0,100.0,0.0,100.0,100.0,48.47,51.53,6.94,7.78,7.68,7.9,2.49,17.4,17.11,15.15,11.3,6.25,100.0,0.0,541.0,390.0,1932.0,5.0,24932.0,0.0,789.0,6274.0,16896.0,17965.0,2419.0,2711.0,2679.0,2754.0,869.0,6065.0,5966.0,5281.0,3939.0,2178.0,34861.0,0.0,1.58,1.09,5.54,0.02,71.69,0.0,2.18,17.9,8.36,8.26,8.49,2.68,18.69,18.39,16.28,12.14,6.71,96.1,3.9,100.0,0.0,100.0,100.0,100.0,100.0,100.0,0.0,100.0,100.0,8.36,8.26,8.49,2.68,18.69,18.39,16.28,12.14,6.71,96.1,3.9,100.0,0.0,514.0,353.0,1797.0,5.0,23259.0,0.0,706.0,5808.0,2711.0,2679.0,2754.0,869.0,6065.0,5966.0,5281.0,3939.0,2178.0,31176.0,1266.0,32442.0,0.0,1.61,1.01,4.74,0.02,73.15,0.0,2.3,17.17,47.89,52.11,100.0,41.34,14.12,28.58,15.96,0.0,436.0,273.0,1281.0,5.0,19789.0,0.0,621.0,4646.0,12955.0,14097.0,27052.0,11182.0,3820.0,7732.0,4318.0
3517505,0.0,2.54,0.41,4.91,0.0,59.88,0.0,3.17,29.1,49.38,50.62,7.07,7.41,8.79,8.98,2.63,18.28,16.86,13.79,10.32,5.87,100.0,0.0,100.0,100.0,100.0,0.0,100.0,0.0,100.0,100.0,49.38,50.62,7.07,7.41,8.79,8.98,2.63,18.28,16.86,13.79,10.32,5.87,100.0,0.0,483.0,77.0,932.0,0.0,11374.0,0.0,602.0,5527.0,9380.0,9616.0,1343.0,1408.0,1669.0,1706.0,499.0,3472.0,3203.0,2620.0,1960.0,1116.0,18996.0,0.0,2.65,0.37,4.76,0.0,60.44,0.0,3.22,28.56,7.98,9.45,9.66,2.83,19.67,18.14,14.84,11.1,6.32,95.55,4.45,100.0,0.0,100.0,100.0,100.0,0.0,100.0,0.0,100.0,100.0,7.98,9.45,9.66,2.83,19.67,18.14,14.84,11.1,6.32,95.55,4.45,100.0,0.0,468.0,65.0,840.0,0.0,10670.0,0.0,569.0,5042.0,1408.0,1669.0,1706.0,499.0,3472.0,3203.0,2620.0,1960.0,1116.0,16867.0,786.0,17653.0,0.0,2.78,0.38,4.37,0.0,60.95,0.0,3.71,27.81,49.17,50.83,100.0,37.31,19.13,29.81,13.75,0.0,405.0,55.0,637.0,0.0,8884.0,0.0,541.0,4054.0,7167.0,7409.0,14576.0,5439.0,2788.0,4345.0,2004.0
3517604,0.0,1.39,0.0,6.93,0.06,65.3,0.0,1.09,25.23,50.82,49.18,7.84,8.15,7.75,7.68,2.67,15.95,16.36,15.29,11.88,6.42,100.0,0.0,100.0,0.0,100.0,100.0,100.0,0.0,100.0,100.0,50.82,49.18,7.84,8.15,7.75,7.68,2.67,15.95,16.36,15.29,11.88,6.42,100.0,0.0,208.0,0.0,1035.0,9.0,9748.0,0.0,162.0,3767.0,7587.0,7342.0,1171.0,1217.0,1157.0,1146.0,398.0,2381.0,2443.0,2283.0,1774.0,959.0,14929.0,0.0,1.42,0.0,6.59,0.04,65.76,0.0,1.14,25.05,8.85,8.41,8.33,2.89,17.31,17.76,16.59,12.89,6.97,91.48,8.52,100.0,0.0,100.0,0.0,100.0,100.0,100.0,0.0,100.0,100.0,8.85,8.41,8.33,2.89,17.31,17.76,16.59,12.89,6.97,91.48,8.52,100.0,0.0,196.0,0.0,907.0,5.0,9047.0,0.0,157.0,3446.0,1217.0,1157.0,1146.0,398.0,2381.0,2443.0,2283.0,1774.0,959.0,12586.0,1172.0,13758.0,0.0,1.5,0.0,6.11,0.04,65.48,0.0,1.06,25.82,50.51,49.49,100.0,52.81,12.01,29.45,5.74,0.0,171.0,0.0,695.0,5.0,7454.0,0.0,121.0,2939.0,5750.0,5634.0,11384.0,6012.0,1367.0,3353.0,653.0
3517703,0.0,2.9,0.7,10.7,0.16,52.74,0.0,3.04,29.77,48.65,51.35,7.32,8.76,9.11,8.23,2.49,16.26,16.63,13.85,10.96,6.39,100.0,0.0,100.0,100.0,100.0,100.0,100.0,0.0,100.0,100.0,48.65,51.35,7.32,8.76,9.11,8.23,2.49,16.26,16.63,13.85,10.96,6.39,100.0,0.0,473.0,115.0,1747.0,26.0,8613.0,0.0,496.0,4861.0,7944.0,8386.0,1196.0,1430.0,1487.0,1344.0,406.0,2656.0,2716.0,2262.0,1790.0,1043.0,16330.0,0.0,3.13,0.65,10.37,0.17,52.6,0.0,3.17,29.91,9.45,9.83,8.88,2.68,17.55,17.95,14.95,11.83,6.89,92.94,7.06,100.0,0.0,100.0,100.0,100.0,100.0,100.0,0.0,100.0,100.0,9.45,9.83,8.88,2.68,17.55,17.95,14.95,11.83,6.89,92.94,7.06,100.0,0.0,473.0,99.0,1570.0,26.0,7960.0,0.0,479.0,4527.0,1430.0,1487.0,1344.0,406.0,2656.0,2716.0,2262.0,1790.0,1043.0,14066.0,1068.0,15134.0,0.0,3.47,0.75,9.04,0.14,53.36,0.0,3.17,30.07,48.02,51.98,100.0,42.66,12.02,31.65,13.66,0.0,424.0,92.0,1104.0,17.0,6519.0,0.0,387.0,3674.0,5867.0,6350.0,12217.0,5212.0,1469.0,3867.0,1669.0
3517802,0.0,1.12,0.07,4.33,0.0,73.34,0.06,1.33,19.73,48.91,51.09,5.96,6.43,6.41,5.99,4.94,13.73,16.27,16.95,14.36,8.95,100.0,0.0,100.0,100.0,100.0,0.0,100.0,100.0,100.0,100.0,48.91,51.09,5.96,6.43,6.41,5.99,4.94,13.73,16.27,16.95,14.36,8.95,100.0,0.0,76.0,5.0,293.0,0.0,4958.0,4.0,90.0,1334.0,3306.0,3454.0,403.0,435.0,433.0,405.0,334.0,928.0,1100.0,1146.0,971.0,605.0,6760.0,0.0,1.2,0.08,4.0,0.0,73.62,0.06,1.42,19.65,6.84,6.81,6.37,5.25,14.6,17.3,18.03,15.27,9.52,93.44,6.56,100.0,0.0,100.0,100.0,100.0,0.0,100.0,100.0,100.0,100.0,6.84,6.81,6.37,5.25,14.6,17.3,18.03,15.27,9.52,93.45,6.55,100.0,0.0,76.0,5.0,254.0,0.0,4680.0,4.0,90.0,1249.0,435.0,433.0,405.0,334.0,928.0,1100.0,1146.0,971.0,605.0,5940.0,417.0,6357.0,0.0,1.22,0.09,3.41,0.0,73.66,0.07,1.33,20.22,48.48,51.52,100.0,42.32,14.37,30.19,13.12,0.0,67.0,5.0,187.0,0.0,4043.0,4.0,73.0,1110.0,2661.0,2828.0,5489.0,2323.0,789.0,1657.0,720.0
3517901,0.09,2.86,0.71,10.66,0.09,63.89,0.0,3.18,18.53,49.72,50.28,7.8,7.66,7.47,7.44,3.14,17.2,16.08,14.67,11.53,7.0,100.0,100.0,100.0,100.0,100.0,100.0,100.0,0.0,100.0,100.0,49.72,50.28,7.8,7.66,7.47,7.44,3.14,17.2,16.08,14.67,11.53,7.0,100.0,8.0,263.0,65.0,981.0,8.0,5879.0,0.0,293.0,1705.0,4575.0,4627.0,718.0,705.0,687.0,685.0,289.0,1583.0,1480.0,1350.0,1061.0,644.0,9202.0,0.09,3.1,0.77,10.7,0.09,63.65,0.0,3.06,18.52,8.31,8.1,8.07,3.41,18.66,17.44,15.91,12.51,7.59,93.48,6.52,100.0,100.0,100.0,100.0,100.0,100.0,100.0,0.0,100.0,100.0,8.31,8.1,8.07,3.41,18.66,17.44,15.91,12.51,7.59,93.49,6.51,100.0,8.0,263.0,65.0,908.0,8.0,5400.0,0.0,260.0,1571.0,705.0,687.0,685.0,289.0,1583.0,1480.0,1350.0,1061.0,644.0,7931.0,553.0,8484.0,0.11,3.05,0.66,9.24,0.11,65.31,0.0,3.0,18.53,49.41,50.59,100.0,36.15,13.35,33.56,16.93,8.0,216.0,47.0,655.0,8.0,4632.0,0.0,213.0,1314.0,3504.0,3588.0,7092.0,2564.0,947.0,2380.0,1201.0
3518008,0.0,2.39,0.23,2.79,0.0,68.5,0.0,3.41,22.68,49.8,50.2,6.82,6.71,5.17,6.88,4.38,14.78,16.09,16.88,13.81,8.47,100.0,0.0,100.0,100.0,100.0,0.0,100.0,0.0,100.0,100.0,49.8,50.2,6.82,6.71,5.17,6.88,4.38,14.78,16.09,16.88,13.81,8.47,100.0,0.0,42.0,4.0,49.0,0.0,1205.0,0.0,60.0,399.0,876.0,883.0,120.0,118.0,91.0,121.0,77.0,260.0,283.0,297.0,243.0,149.0,1759.0,0.0,2.26,0.24,2.81,0.0,68.27,0.0,3.36,23.06,7.2,5.55,7.38,4.7,15.86,17.27,18.12,14.83,9.09,92.01,7.99,100.0,0.0,100.0,100.0,100.0,0.0,100.0,0.0,100.0,100.0,7.2,5.55,7.38,4.7,15.86,17.27,18.12,14.83,9.09,91.98,8.02,100.0,0.0,37.0,4.0,46.0,0.0,1119.0,0.0,55.0,378.0,118.0,91.0,121.0,77.0,260.0,283.0,297.0,243.0,149.0,1508.0,131.0,1639.0,0.0,2.1,0.28,1.89,0.0,69.3,0.0,3.36,23.15,48.39,51.61,100.0,41.47,14.69,33.92,9.86,0.0,30.0,4.0,27.0,0.0,991.0,0.0,48.0,331.0,692.0,738.0,1430.0,593.0,210.0,485.0,141.0
3518107,0.0,0.48,0.05,6.16,0.48,51.58,0.0,2.3,38.96,49.15,50.85,8.78,7.76,8.53,7.81,2.78,16.14,16.66,13.26,11.71,6.57,100.0,0.0,100.0,100.0,100.0,100.0,100.0,0.0,100.0,100.0,49.15,50.85,8.78,7.76,8.53,7.81,2.78,16.14,16.66,13.26,11.71,6.57,100.0,0.0,27.0,3.0,346.0,27.0,2898.0,0.0,129.0,2189.0,2761.0,2857.0,493.0,436.0,479.0,439.0,156.0,907.0,936.0,745.0,658.0,369.0,5618.0,0.0,0.53,0.06,6.15,0.39,52.43,0.0,2.42,38.05,8.51,9.35,8.57,3.04,17.7,18.26,14.54,12.84,7.2,94.24,5.76,100.0,0.0,100.0,100.0,100.0,100.0,100.0,0.0,100.0,100.0,8.51,9.35,8.57,3.04,17.7,18.26,14.54,12.84,7.2,94.24,5.76,100.0,0.0,27.0,3.0,315.0,20.0,2687.0,0.0,124.0,1950.0,436.0,479.0,439.0,156.0,907.0,936.0,745.0,658.0,369.0,4830.0,295.0,5125.0,0.0,0.64,0.07,5.13,0.24,55.42,0.0,2.64,35.87,48.95,51.05,100.0,45.87,14.89,29.22,10.0,0.0,27.0,3.0,216.0,10.0,2333.0,0.0,111.0,1510.0,2061.0,2149.0,4210.0,1931.0,627.0,1230.0,421.0
3518206,0.0,2.0,0.15,6.95,0.19,52.88,0.0,4.91,32.91,48.78,51.22,6.86,6.27,6.78,7.34,3.98,16.82,15.78,14.98,13.25,7.93,100.0,0.0,100.0,100.0,100.0,100.0,100.0,0.0,100.0,100.0,48.78,51.22,6.86,6.28,6.78,7.34,3.98,16.82,15.78,14.98,13.26,7.93,100.0,0.0,551.0,41.0,1912.0,53.0,14555.0,0.0,1352.0,9057.0,13424.0,14098.0,1887.0,1727.0,1867.0,2019.0,1095.0,4630.0,4344.0,4122.0,3648.0,2182.0,27522.0,0.0,2.02,0.12,6.89,0.14,53.53,0.0,4.7,32.6,6.74,7.28,7.88,4.27,18.06,16.95,16.08,14.23,8.51,96.08,3.92,100.0,0.0,100.0,100.0,100.0,100.0,100.0,0.0,100.0,100.0,6.74,7.28,7.88,4.27,18.06,16.95,16.08,14.23,8.51,96.08,3.92,100.0,0.0,519.0,30.0,1766.0,36.0,13723.0,0.0,1204.0,8356.0,1727.0,1867.0,2019.0,1095.0,4630.0,4344.0,4122.0,3648.0,2182.0,24631.0,1004.0,25635.0,0.0,2.26,0.14,6.39,0.14,54.7,0.0,4.32,32.06,47.49,52.51,100.0,33.94,14.91,34.51,16.64,0.0,498.0,30.0,1408.0,30.0,12056.0,0.0,953.0,7066.0,10467.0,11574.0,22041.0,7481.0,3286.0,7606.0,3667.0
3518305,0.0,3.5,1.9,8.29,0.32,45.27,0.0,7.9,32.82,48.81,51.19,7.57,7.8,8.12,7.6,2.43,16.88,16.97,14.64,11.36,6.63,100.0,0.0,100.0,100.0,100.0,100.0,100.0,0.0,100.0,100.0,48.81,51.19,7.57,7.8,8.12,7.6,2.43,16.88,16.97,14.64,11.36,6.63,100.0,0.0,957.0,519.0,2269.0,88.0,12384.0,0.0,2162.0,8979.0,13353.0,14005.0,2070.0,2134.0,2221.0,2079.0,665.0,4618.0,4643.0,4006.0,3107.0,1815.0,27358.0,0.0,3.58,1.83,7.91,0.29,45.94,0.0,7.99,32.46,8.44,8.78,8.22,2.63,18.26,18.36,15.84,12.29,7.18,95.71,4.29,100.0,0.0,100.0,100.0,100.0,100.0,100.0,0.0,100.0,100.0,8.44,8.78,8.22,2.63,18.26,18.36,15.84,12.29,7.18,95.71,4.29,100.0,0.0,906.0,464.0,2000.0,73.0,11618.0,0.0,2020.0,8208.0,2134.0,2221.0,2079.0,665.0,4618.0,4643.0,4006.0,3107.0,1815.0,24204.0,1084.0,25288.0,0.0,4.04,1.66,7.17,0.14,47.03,0.0,7.58,32.38,47.78,52.22,100.0,30.85,13.66,36.46,19.03,0.0,846.0,347.0,1501.0,29.0,9845.0,0.0,1587.0,6778.0,10001.0,10932.0,20933.0,6457.0,2860.0,7632.0,3984.0
3518404,0.0,2.3,0.78,4.31,0.06,65.64,0.0,3.83,23.09,47.57,52.43,6.72,6.78,7.39,7.49,2.96,16.91,17.23,15.69,12.16,6.67,100.0,0.0,100.0,100.0,100.0,100.0,100.0,0.0,100.0,100.0,47.57,52.43,6.72,6.78,7.39,7.49,2.96,16.91,17.23,15.69,12.16,6.67,100.0,0.0,2402.0,816.0,4510.0,60.0,68654.0,0.0,4005.0,24149.0,49751.0,54843.0,7029.0,7092.0,7726.0,7833.0,3091.0,17685.0,18023.0,16412.0,12723.0,6980.0,104595.0,0.0,2.32,0.8,4.37,0.06,66.1,0.0,3.87,22.48,7.27,7.92,8.03,3.17,18.13,18.47,16.82,13.04,7.15,97.88,2.12,100.0,0.0,100.0,100.0,100.0,100.0,100.0,0.0,100.0,100.0,7.27,7.92,8.03,3.17,18.13,18.47,16.82,13.04,7.15,97.88,2.12,100.0,0.0,2262.0,780.0,4266.0,59.0,64487.0,0.0,3777.0,21935.0,7092.0,7726.0,7833.0,3091.0,17685.0,18023.0,16412.0,12723.0,6980.0,95500.0,2065.0,97565.0,0.0,2.39,0.73,3.91,0.07,67.35,0.0,3.74,21.81,46.84,53.16,100.0,24.51,13.46,39.0,23.04,0.0,1975.0,600.0,3237.0,59.0,55728.0,0.0,3098.0,18051.0,38756.0,43992.0,82748.0,20279.0,11135.0,32270.0,19064.0
3518503,0.0,0.4,0.68,8.52,2.2,48.61,0.0,4.8,34.77,61.09,38.91,5.42,6.2,9.15,11.09,2.41,20.88,17.54,12.64,9.64,5.03,100.0,0.0,100.0,100.0,100.0,100.0,100.0,0.0,100.0,100.0,61.09,38.91,5.42,6.2,9.15,11.09,2.41,20.88,17.54,12.64,9.64,5.03,100.0,0.0,54.0,92.0,1147.0,296.0,6543.0,0.0,646.0,4680.0,8222.0,5237.0,730.0,834.0,1231.0,1492.0,325.0,2810.0,2361.0,1701.0,1298.0,677.0,13459.0,0.0,0.42,0.72,8.52,2.33,48.13,0.0,4.87,35.01,6.55,9.67,11.72,2.55,22.08,18.55,13.36,10.2,5.32,94.64,5.36,100.0,0.0,100.0,100.0,100.0,100.0,100.0,0.0,100.0,100.0,6.55,9.67,11.72,2.55,22.08,18.55,13.36,10.2,5.32,94.64,5.36,100.0,0.0,54.0,92.0,1085.0,296.0,6126.0,0.0,620.0,4456.0,834.0,1231.0,1492.0,325.0,2810.0,2361.0,1701.0,1298.0,677.0,12047.0,682.0,12729.0,0.0,0.46,0.77,7.83,2.34,47.85,0.0,5.22,35.52,62.24,37.76,100.0,48.97,17.73,25.68,7.62,0.0,49.0,82.0,835.0,250.0,5103.0,0.0,557.0,3788.0,6637.0,4027.0,10664.0,5222.0,1891.0,2738.0,813.0
3518602,0.0,0.92,0.98,11.71,0.27,51.98,0.0,2.66,31.48,47.7,52.3,7.85,8.24,8.46,8.67,2.15,19.18,17.18,13.8,9.91,4.54,100.0,0.0,100.0,100.0,100.0,100.0,100.0,0.0,100.0,100.0,47.7,52.3,7.85,8.24,8.46,8.67,2.15,19.18,17.18,13.8,9.91,4.54,100.0,0.0,304.0,322.0,3848.0,88.0,17088.0,0.0,873.0,10350.0,15681.0,17192.0,2582.0,2710.0,2782.0,2851.0,706.0,6306.0,5647.0,4538.0,3257.0,1494.0,32873.0,0.0,1.0,1.06,11.34,0.26,52.25,0.0,2.56,31.53,8.95,9.18,9.41,2.33,20.82,18.64,14.98,10.75,4.93,93.92,6.08,100.0,0.0,100.0,100.0,100.0,100.0,100.0,0.0,100.0,100.0,8.95,9.18,9.41,2.33,20.82,18.64,14.98,10.75,4.93,93.92,6.08,100.0,0.0,304.0,322.0,3435.0,78.0,15828.0,0.0,775.0,9550.0,2710.0,2782.0,2851.0,706.0,6306.0,5647.0,4538.0,3257.0,1494.0,28450.0,1841.0,30291.0,0.0,1.18,0.96,10.37,0.19,53.2,0.0,2.57,31.53,46.76,53.24,100.0,38.84,15.88,34.6,10.67,0.0,293.0,237.0,2572.0,46.0,13194.0,0.0,638.0,7820.0,11596.0,13203.0,24799.0,9633.0,3939.0,8581.0,2647.0
3518701,0.28,2.52,1.37,13.27,0.1,47.09,0.03,6.68,28.66,47.61,52.39,7.71,8.12,8.88,8.73,1.98,17.46,17.29,14.6,10.32,4.91,100.0,100.0,100.0,100.0,100.0,100.0,100.0,100.0,100.0,100.0,47.61,52.39,7.71,8.12,8.88,8.73,1.98,17.46,17.29,14.6,10.32,4.91,100.0,700.0,6317.0,3427.0,33212.0,241.0,117898.0,84.0,16726.0,71742.0,119201.0,131146.0,19293.0,20340.0,22220.0,21847.0,4948.0,43722.0,43283.0,36545.0,25845.0,12304.0,250347.0,0.27,2.57,1.38,12.85,0.09,47.71,0.04,6.68,28.42,8.8,9.62,9.46,2.14,18.92,18.73,15.82,11.19,5.33,96.21,3.79,100.0,100.0,100.0,100.0,100.0,100.0,100.0,100.0,100.0,100.0,8.8,9.62,9.46,2.14,18.92,18.73,15.82,11.19,5.33,96.21,3.79,100.0,615.0,5946.0,3178.0,29701.0,204.0,110238.0,84.0,15432.0,65658.0,20340.0,22220.0,21847.0,4948.0,43722.0,43283.0,36545.0,25845.0,12304.0,222298.0,8756.0,231054.0,0.24,2.86,1.33,11.66,0.08,49.16,0.03,6.68,27.96,46.61,53.39,100.0,30.17,17.18,38.76,13.89,444.0,5384.0,2508.0,21981.0,145.0,92662.0,62.0,12598.0,52710.0,87852.0,100642.0,188494.0,56865.0,32390.0,73065.0,26173.0
3518800,0.05,2.48,1.89,15.35,0.17,43.37,0.04,6.58,30.08,47.66,52.34,7.67,8.1,9.0,8.82,1.76,18.67,17.78,14.05,9.56,4.59,100.0,100.0,100.0,100.0,100.0,100.0,100.0,100.0,100.0,100.0,47.66,52.34,7.67,8.1,9.0,8.82,1.76,18.67,17.78,14.05,9.56,4.59,100.0,551.0,27804.0,21223.0,172421.0,1944.0,487155.0,493.0,73893.0,337892.0,535387.0,587990.0,86180.0,91005.0,101087.0,99030.0,19755.0,209771.0,199714.0,157849.0,107374.0,51612.0,1123377.0,0.05,2.5,1.91,15.23,0.18,43.8,0.05,6.57,29.71,8.77,9.75,9.55,1.9,20.22,19.26,15.22,10.35,4.98,96.27,3.73,100.0,100.0,100.0,100.0,100.0,100.0,100.0,100.0,100.0,100.0,8.77,9.75,9.55,1.9,20.22,19.26,15.22,10.35,4.98,96.27,3.73,100.0,526.0,25974.0,19822.0,157963.0,1835.0,454330.0,474.0,68172.0,308102.0,91005.0,101087.0,99030.0,19755.0,209771.0,199714.0,157849.0,107374.0,51612.0,998511.0,38686.0,1037197.0,0.05,2.63,1.83,13.86,0.16,45.35,0.04,6.63,29.44,46.62,53.38,100.0,26.82,14.23,39.21,19.74,454.0,22229.0,15461.0,117119.0,1391.0,383224.0,369.0,56056.0,248804.0,394024.0,451081.0,845105.0,226660.0,120221.0,331396.0,166828.0
3518859,0.0,0.09,0.41,13.94,0.0,50.07,0.0,6.46,29.03,50.16,49.84,8.09,8.15,7.48,8.03,2.41,15.9,16.95,14.11,12.0,6.87,100.0,0.0,100.0,100.0,100.0,0.0,100.0,0.0,100.0,100.0,50.16,49.84,8.09,8.15,7.48,8.03,2.41,15.9,16.95,14.11,12.0,6.87,100.0,0.0,6.0,26.0,889.0,0.0,3193.0,0.0,412.0,1851.0,3199.0,3178.0,516.0,520.0,477.0,512.0,154.0,1014.0,1081.0,900.0,765.0,438.0,6377.0,0.0,0.1,0.34,13.46,0.0,51.19,0.0,6.19,28.7,8.87,8.14,8.74,2.63,17.3,18.44,15.36,13.05,7.47,93.47,6.53,100.0,0.0,100.0,100.0,100.0,0.0,100.0,0.0,100.0,100.0,8.87,8.14,8.74,2.63,17.3,18.44,15.36,13.05,7.47,93.46,6.54,100.0,0.0,6.0,20.0,789.0,0.0,3000.0,0.0,363.0,1682.0,520.0,477.0,512.0,154.0,1014.0,1081.0,900.0,765.0,438.0,5478.0,383.0,5861.0,0.0,0.06,0.35,12.62,0.0,52.22,0.0,6.33,28.39,50.02,49.98,100.0,41.63,14.7,33.31,10.36,0.0,3.0,17.0,614.0,0.0,2540.0,0.0,308.0,1381.0,2433.0,2431.0,4864.0,2025.0,715.0,1620.0,504.0
3518909,0.0,1.89,0.16,7.78,0.0,48.53,0.0,5.06,36.6,50.8,49.2,7.59,7.67,6.77,7.81,3.17,15.85,16.52,15.0,13.32,6.31,100.0,0.0,100.0,100.0,100.0,0.0,100.0,0.0,100.0,100.0,50.8,49.2,7.59,7.67,6.77,7.81,3.17,15.85,16.52,15.0,13.32,6.31,100.0,0.0,71.0,6.0,292.0,0.0,1822.0,0.0,190.0,1374.0,1907.0,1847.0,285.0,288.0,254.0,293.0,119.0,595.0,620.0,563.0,500.0,237.0,3754.0,0.0,1.87,0.09,7.44,0.0,49.55,0.0,4.79,36.26,8.3,7.32,8.45,3.43,17.15,17.87,16.23,14.41,6.83,88.99,11.01,100.0,0.0,100.0,100.0,100.0,0.0,100.0,0.0,100.0,100.0,8.3,7.32,8.45,3.43,17.15,17.87,16.23,14.41,6.83,89.0,11.0,100.0,0.0,65.0,3.0,258.0,0.0,1719.0,0.0,166.0,1258.0,288.0,254.0,293.0,119.0,595.0,620.0,563.0,500.0,237.0,3087.0,382.0,3469.0,0.0,1.84,0.0,6.01,0.0,51.35,0.0,4.58,36.18,50.5,49.5,100.0,45.03,19.47,27.06,8.44,0.0,54.0,0.0,176.0,0.0,1503.0,0.0,134.0,1059.0,1478.0,1449.0,2927.0,1318.0,570.0,792.0,247.0
3519006,0.0,0.23,0.26,4.71,0.0,50.01,0.0,3.04,41.76,49.14,50.86,6.96,8.41,7.93,8.15,3.1,16.52,16.48,14.59,11.62,6.24,100.0,0.0,100.0,100.0,100.0,0.0,100.0,0.0,100.0,100.0,49.14,50.86,6.96,8.41,7.93,8.15,3.1,16.52,16.48,14.59,11.62,6.24,100.0,0.0,18.0,21.0,377.0,0.0,4000.0,0.0,243.0,3340.0,3930.0,4068.0,557.0,673.0,634.0,652.0,248.0,1321.0,1318.0,1167.0,929.0,499.0,7998.0,0.0,0.24,0.28,4.62,0.0,50.89,0.0,2.9,41.06,9.04,8.52,8.76,3.33,17.75,17.71,15.68,12.48,6.71,94.65,5.35,100.0,0.0,100.0,100.0,100.0,0.0,100.0,0.0,100.0,100.0,9.04,8.52,8.76,3.33,17.75,17.71,15.68,12.48,6.71,94.65,5.35,100.0,0.0,18.0,21.0,344.0,0.0,3787.0,0.0,216.0,3055.0,673.0,634.0,652.0,248.0,1321.0,1318.0,1167.0,929.0,499.0,7043.0,398.0,7441.0,0.0,0.29,0.34,4.6,0.0,52.4,0.0,2.8,39.57,48.68,51.32,100.0,47.46,17.54,26.44,8.56,0.0,18.0,21.0,282.0,0.0,3214.0,0.0,172.0,2427.0,2986.0,3148.0,6134.0,2911.0,1076.0,1622.0,525.0
3519055,0.0,2.08,0.67,11.99,0.0,63.91,0.04,1.95,19.36,49.15,50.85,7.28,8.06,8.11,7.89,2.38,16.59,19.54,14.23,10.49,5.42,100.0,0.0,100.0,100.0,100.0,0.0,100.0,100.0,100.0,100.0,49.14,50.86,7.28,8.06,8.1,7.9,2.38,16.59,19.54,14.23,10.5,5.42,100.0,0.0,275.0,88.0,1586.0,0.0,8453.0,5.0,258.0,2560.0,6500.0,6726.0,963.0,1066.0,1072.0,1044.0,315.0,2194.0,2585.0,1882.0,1388.0,717.0,13226.0,0.0,2.14,0.72,11.86,0.0,64.04,0.04,1.97,19.21,8.69,8.74,8.51,2.57,17.89,21.08,15.35,11.32,5.85,97.15,2.85,100.0,0.0,100.0,100.0,100.0,0.0,100.0,100.0,100.0,100.0,8.69,8.74,8.52,2.57,17.89,21.08,15.35,11.32,5.85,97.15,2.85,100.0,0.0,263.0,88.0,1455.0,0.0,7853.0,5.0,242.0,2356.0,1066.0,1072.0,1044.0,315.0,2194.0,2585.0,1882.0,1388.0,717.0,11914.0,349.0,12263.0,0.0,2.28,0.74,11.65,0.0,64.4,0.0,2.07,18.86,47.73,52.27,100.0,29.07,11.17,33.13,26.65,0.0,231.0,75.0,1180.0,0.0,6520.0,0.0,210.0,1910.0,4833.0,5292.0,10125.0,2943.0,1131.0,3354.0,2698.0
3519071,0.02,1.03,1.02,11.63,0.17,40.64,0.0,5.89,39.59,49.4,50.6,7.56,7.69,9.01,9.85,1.54,20.12,17.56,13.32,9.21,4.14,100.0,100.0,100.0,100.0,100.0,100.0,100.0,100.0,100.0,100.0,49.4,50.6,7.56,7.69,9.01,9.85,1.54,20.12,17.56,13.32,9.21,4.14,100.0,42.0,2131.0,2097.0,24008.0,353.0,83854.0,10.0,12158.0,81706.0,101935.0,104423.0,15606.0,15863.0,18587.0,20320.0,3178.0,41520.0,36237.0,27492.0,19004.0,8551.0,206358.0,0.02,1.06,1.02,11.46,0.18,41.24,0.01,5.92,39.1,8.32,9.74,10.65,1.67,21.77,19.0,14.41,9.96,4.48,97.0,3.0,100.0,100.0,100.0,100.0,100.0,100.0,100.0,100.0,100.0,100.0,8.32,9.74,10.65,1.67,21.77,19.0,14.41,9.96,4.48,97.0,3.0,100.0,42.0,2024.0,1947.0,21862.0,334.0,78664.0,10.0,11289.0,74582.0,15863.0,18587.0,20320.0,3178.0,41520.0,36237.0,27492.0,19004.0,8551.0,185023.0,5729.0,190753.0,0.01,1.1,0.96,10.4,0.15,42.5,0.0,5.97,38.9,48.5,51.5,100.0,26.68,14.32,43.28,15.73,21.0,1727.0,1500.0,16263.0,238.0,66423.0,0.0,9327.0,60803.0,75802.0,80501.0,156303.0,41696.0,22384.0,67642.0,24581.0
3519105,0.0,0.33,0.73,2.95,0.12,58.39,0.0,1.74,35.73,49.26,50.74,7.31,7.05,7.09,7.53,2.82,17.29,17.9,15.06,11.32,6.64,100.0,0.0,100.0,100.0,100.0,100.0,100.0,0.0,100.0,100.0,49.26,50.74,7.31,7.05,7.09,7.53,2.82,17.29,17.9,15.06,11.32,6.64,100.0,0.0,30.0,67.0,271.0,11.0,5361.0,0.0,160.0,3280.0,4523.0,4658.0,671.0,647.0,651.0,691.0,259.0,1587.0,1643.0,1383.0,1039.0,610.0,9181.0,0.0,0.35,0.56,2.94,0.13,59.25,0.0,1.72,35.06,7.6,7.65,8.12,3.04,18.65,19.31,16.25,12.21,7.17,96.59,3.41,100.0,0.0,100.0,100.0,100.0,100.0,100.0,0.0,100.0,100.0,7.6,7.65,8.12,3.04,18.65,19.31,16.25,12.21,7.17,96.59,3.41,100.0,0.0,30.0,48.0,250.0,11.0,5042.0,0.0,146.0,2984.0,647.0,651.0,691.0,259.0,1587.0,1643.0,1383.0,1039.0,610.0,8220.0,290.0,8510.0,0.0,0.42,0.61,2.27,0.15,61.36,0.0,1.73,33.46,48.9,51.1,100.0,37.1,14.05,33.24,15.61,0.0,30.0,44.0,164.0,11.0,4425.0,0.0,125.0,2413.0,3527.0,3685.0,7212.0,2676.0,1013.0,2397.0,1126.0
3519204,0.0,0.51,0.28,3.29,0.2,63.98,0.0,0.92,30.85,49.46,50.54,6.61,6.96,7.49,7.54,3.69,14.98,15.62,15.75,13.29,8.09,100.0,0.0,100.0,100.0,100.0,100.0,100.0,0.0,100.0,100.0,49.46,50.54,6.61,6.96,7.49,7.54,3.69,14.98,15.62,15.75,13.29,8.09,100.0,0.0,28.0,15.0,179.0,11.0,3486.0,0.0,50.0,1681.0,2695.0,2754.0,360.0,379.0,408.0,411.0,201.0,816.0,851.0,858.0,724.0,441.0,5449.0,0.0,0.47,0.29,3.16,0.22,64.89,0.0,0.92,30.05,7.45,8.02,8.08,3.95,16.03,16.72,16.86,14.23,8.67,93.44,6.56,100.0,0.0,100.0,100.0,100.0,100.0,100.0,0.0,100.0,100.0,7.45,8.02,8.08,3.95,16.03,16.72,16.86,14.23,8.67,93.44,6.56,100.0,0.0,24.0,15.0,161.0,11.0,3302.0,0.0,47.0,1529.0,379.0,408.0,411.0,201.0,816.0,851.0,858.0,724.0,441.0,4755.0,334.0,5089.0,0.0,0.4,0.35,2.91,0.19,64.55,0.0,1.0,30.64,48.63,51.37,100.0,45.12,15.34,24.94,14.57,0.0,17.0,15.0,125.0,8.0,2777.0,0.0,43.0,1318.0,2092.0,2210.0,4302.0,1941.0,660.0,1073.0,627.0
3519253,0.0,1.41,0.0,6.13,0.0,51.27,0.0,1.34,39.84,69.5,30.5,6.4,6.84,6.33,7.12,1.41,19.18,21.77,15.67,10.58,4.71,100.0,0.0,100.0,0.0,100.0,0.0,100.0,0.0,100.0,100.0,69.5,30.5,6.4,6.84,6.33,7.12,1.41,19.18,21.77,15.67,10.58,4.71,100.0,0.0,102.0,0.0,443.0,0.0,3703.0,0.0,97.0,2877.0,5019.0,2203.0,462.0,494.0,457.0,514.0,102.0,1385.0,1572.0,1132.0,764.0,340.0,7222.0,0.0,1.51,0.0,6.23,0.0,51.08,0.0,1.27,39.91,7.31,6.76,7.6,1.51,20.49,23.25,16.75,11.3,5.03,94.28,5.72,100.0,0.0,100.0,0.0,100.0,0.0,100.0,0.0,100.0,100.0,7.31,6.76,7.6,1.51,20.49,23.25,16.75,11.3,5.03,94.28,5.72,100.0,0.0,102.0,0.0,421.0,0.0,3453.0,0.0,86.0,2698.0,494.0,457.0,514.0,102.0,1385.0,1572.0,1132.0,764.0,340.0,6373.0,387.0,6760.0,0.0,1.41,0.0,6.49,0.0,51.99,0.0,1.26,38.85,72.23,27.77,100.0,55.53,13.22,25.03,6.21,0.0,82.0,0.0,377.0,0.0,3020.0,0.0,73.0,2257.0,4196.0,1613.0,5809.0,3226.0,768.0,1454.0,361.0
3519303,0.0,0.41,0.43,10.91,0.19,50.25,0.13,2.43,35.24,49.56,50.44,7.63,8.47,8.87,8.73,2.02,19.34,17.28,13.79,9.43,4.44,100.0,0.0,100.0,100.0,100.0,100.0,100.0,100.0,100.0,100.0,49.56,50.44,7.63,8.47,8.87,8.73,2.02,19.34,17.28,13.79,9.43,4.44,100.0,0.0,115.0,120.0,3043.0,54.0,14013.0,36.0,678.0,9826.0,13822.0,14065.0,2127.0,2363.0,2474.0,2434.0,564.0,5394.0,4818.0,3845.0,2629.0,1239.0,27887.0,0.0,0.45,0.4,10.63,0.17,50.96,0.14,2.45,34.8,9.17,9.6,9.45,2.19,20.94,18.7,14.93,10.21,4.81,95.06,4.94,100.0,0.0,100.0,100.0,100.0,100.0,100.0,100.0,100.0,100.0,9.17,9.6,9.45,2.19,20.94,18.7,14.93,10.21,4.81,95.06,4.94,100.0,0.0,115.0,103.0,2738.0,44.0,13127.0,36.0,631.0,8965.0,2363.0,2474.0,2434.0,564.0,5394.0,4818.0,3845.0,2629.0,1239.0,24487.0,1273.0,25760.0,0.0,0.48,0.43,9.11,0.17,51.99,0.09,2.29,35.45,48.94,51.06,100.0,36.37,18.68,35.18,9.76,0.0,101.0,90.0,1906.0,35.0,10878.0,18.0,479.0,7417.0,10240.0,10683.0,20923.0,7610.0,3909.0,7360.0,2043.0
3519402,0.0,3.33,0.25,6.12,0.04,64.52,0.0,3.42,22.31,48.7,51.3,6.38,6.84,6.72,7.65,4.0,16.98,16.5,14.6,12.8,7.52,100.0,0.0,100.0,100.0,100.0,100.0,100.0,0.0,100.0,100.0,48.7,51.3,6.38,6.84,6.72,7.65,4.0,16.98,16.5,14.6,12.8,7.52,100.0,0.0,344.0,26.0,633.0,4.0,6671.0,0.0,354.0,2307.0,5035.0,5304.0,660.0,707.0,695.0,791.0,414.0,1756.0,1706.0,1509.0,1323.0,778.0,10339.0,0.0,3.47,0.27,5.79,0.04,65.32,0.0,3.31,21.8,7.3,7.18,8.17,4.28,18.14,17.63,15.59,13.67,8.04,94.94,5.06,100.0,0.0,100.0,100.0,100.0,100.0,100.0,0.0,100.0,100.0,7.3,7.18,8.17,4.28,18.14,17.63,15.59,13.67,8.04,94.93,5.07,100.0,0.0,336.0,26.0,560.0,4.0,6322.0,0.0,320.0,2110.0,707.0,695.0,791.0,414.0,1756.0,1706.0,1509.0,1323.0,778.0,9189.0,490.0,9679.0,0.0,3.79,0.25,4.84,0.05,67.69,0.0,3.12,20.24,48.06,51.94,100.0,38.18,13.47,34.12,14.23,0.0,314.0,21.0,401.0,4.0,5603.0,0.0,258.0,1675.0,3978.0,4299.0,8277.0,3160.0,1115.0,2824.0,1178.0
3519501,0.0,0.12,0.05,6.89,0.34,61.37,0.0,3.7,27.51,48.71,51.29,6.87,7.71,7.58,7.53,3.97,15.4,16.22,16.08,11.3,7.33,100.0,0.0,100.0,100.0,100.0,100.0,100.0,0.0,100.0,100.0,48.71,51.29,6.87,7.71,7.58,7.53,3.97,15.4,16.22,16.08,11.3,7.33,100.0,0.0,7.0,3.0,387.0,19.0,3447.0,0.0,208.0,1545.0,2736.0,2881.0,386.0,433.0,426.0,423.0,223.0,865.0,911.0,903.0,635.0,412.0,5617.0,0.0,0.13,0.06,6.88,0.36,62.13,0.0,3.21,27.2,8.28,8.14,8.09,4.26,16.54,17.42,17.26,12.14,7.88,95.39,4.61,100.0,0.0,100.0,100.0,100.0,100.0,100.0,0.0,100.0,100.0,8.28,8.14,8.09,4.26,16.54,17.42,17.26,12.14,7.88,95.39,4.61,100.0,0.0,7.0,3.0,360.0,19.0,3250.0,0.0,168.0,1423.0,433.0,426.0,423.0,223.0,865.0,911.0,903.0,635.0,412.0,4990.0,241.0,5231.0,0.0,0.16,0.07,6.38,0.32,63.13,0.0,3.55,26.42,48.42,51.58,100.0,40.26,12.99,31.93,14.82,0.0,7.0,3.0,279.0,14.0,2760.0,0.0,155.0,1155.0,2117.0,2255.0,4372.0,1760.0,568.0,1396.0,648.0
3519600,0.0,1.57,1.01,4.92,0.04,59.74,0.0,3.52,29.21,48.6,51.4,7.02,7.12,8.07,8.32,2.78,18.24,17.29,14.31,10.94,5.92,100.0,0.0,100.0,100.0,100.0,100.0,100.0,0.0,100.0,100.0,48.6,51.4,7.02,7.12,8.07,8.32,2.78,18.24,17.29,14.31,10.94,5.92,100.0,0.0,827.0,529.0,2588.0,22.0,31441.0,0.0,1850.0,15372.0,25579.0,27050.0,3697.0,3749.0,4246.0,4377.0,1462.0,9597.0,9100.0,7530.0,5755.0,3116.0,52629.0,0.0,1.52,1.01,4.95,0.04,60.08,0.0,3.6,28.8,7.66,8.68,8.95,2.99,19.61,18.6,15.39,11.76,6.37,96.14,3.86,100.0,0.0,100.0,100.0,100.0,100.0,100.0,0.0,100.0,100.0,7.66,8.68,8.95,2.99,19.61,18.6,15.39,11.76,6.37,96.14,3.86,100.0,0.0,746.0,492.0,2422.0,22.0,29397.0,0.0,1760.0,14093.0,3749.0,4246.0,4377.0,1462.0,9597.0,9100.0,7530.0,5755.0,3116.0,47042.0,1890.0,48932.0,0.0,1.64,0.8,4.46,0.0,61.07,0.0,3.6,28.43,48.01,51.99,100.0,41.5,17.63,31.44,9.43,0.0,672.0,328.0,1825.0,0.0,25001.0,0.0,1474.0,11637.0,19654.0,21283.0,40937.0,16988.0,7218.0,12871.0,3860.0
3519709,0.0,1.38,0.33,9.76,0.16,52.3,0.0,5.24,30.82,49.99,50.01,7.71,7.83,8.32,7.91,2.24,16.99,16.95,14.1,11.9,6.04,100.0,0.0,100.0,100.0,100.0,100.0,100.0,0.0,100.0,100.0,49.99,50.01,7.71,7.83,8.32,7.91,2.24,17.0,16.95,14.1,11.9,6.04,100.0,0.0,904.0,215.0,6383.0,106.0,34196.0,0.0,3423.0,20153.0,32681.0,32698.0,5039.0,5119.0,5442.0,5171.0,1463.0,11111.0,11084.0,9220.0,7782.0,3948.0,65379.0,0.0,1.5,0.31,9.25,0.17,53.03,0.0,5.3,30.44,8.48,9.02,8.57,2.42,18.41,18.37,15.28,12.9,6.54,94.51,5.49,100.0,0.0,100.0,100.0,100.0,100.0,100.0,0.0,100.0,100.0,8.48,9.02,8.57,2.42,18.41,18.37,15.28,12.9,6.54,94.51,5.49,100.0,0.0,904.0,190.0,5581.0,105.0,31997.0,0.0,3195.0,18368.0,5119.0,5442.0,5171.0,1463.0,11111.0,11084.0,9220.0,7782.0,3948.0,57027.0,3313.0,60340.0,0.0,1.67,0.26,8.21,0.17,54.31,0.0,5.1,30.27,49.48,50.52,100.0,43.62,15.52,28.84,12.02,0.0,830.0,130.0,4089.0,86.0,27036.0,0.0,2541.0,15067.0,24633.0,25146.0,49779.0,21716.0,7725.0,14355.0,5982.0
3519808,0.06,3.71,0.33,4.53,0.39,68.72,0.0,2.34,19.93,55.72,44.28,6.1,6.48,9.77,9.67,2.56,17.9,16.6,13.98,10.6,6.34,100.0,100.0,100.0,100.0,100.0,100.0,100.0,0.0,100.0,100.0,55.72,44.28,6.1,6.48,9.77,9.67,2.56,17.9,16.6,13.98,10.6,6.34,100.0,4.0,260.0,23.0,317.0,27.0,4811.0,0.0,164.0,1395.0,3901.0,3100.0,427.0,454.0,684.0,677.0,179.0,1253.0,1162.0,979.0,742.0,444.0,7001.0,0.06,3.56,0.29,4.43,0.41,69.77,0.0,2.18,19.3,6.91,10.4,10.3,2.72,19.06,17.68,14.89,11.29,6.75,95.71,4.29,100.0,100.0,100.0,100.0,100.0,100.0,100.0,0.0,100.0,100.0,6.91,10.4,10.3,2.72,19.06,17.68,14.89,11.29,6.75,95.71,4.29,100.0,4.0,234.0,19.0,291.0,27.0,4587.0,0.0,143.0,1269.0,454.0,684.0,677.0,179.0,1253.0,1162.0,979.0,742.0,444.0,6292.0,282.0,6574.0,0.07,3.88,0.24,4.29,0.4,69.72,0.0,2.35,19.04,54.43,45.57,100.0,38.82,18.47,31.84,10.87,4.0,211.0,13.0,233.0,22.0,3790.0,0.0,128.0,1035.0,2959.0,2477.0,5436.0,2110.0,1004.0,1731.0,591.0
3519907,0.06,0.33,0.0,1.8,0.0,66.37,0.0,2.0,29.43,48.54,51.46,6.84,7.05,7.17,7.69,3.79,15.03,15.58,16.35,13.18,7.32,100.0,100.0,100.0,0.0,100.0,0.0,100.0,0.0,100.0,100.0,48.54,51.46,6.84,7.05,7.17,7.69,3.79,15.03,15.58,16.35,13.18,7.32,100.0,4.0,22.0,0.0,121.0,0.0,4470.0,0.0,135.0,1982.0,3269.0,3466.0,461.0,475.0,483.0,518.0,255.0,1012.0,1049.0,1101.0,888.0,493.0,6735.0,0.06,0.35,0.0,1.83,0.0,66.75,0.0,1.99,29.01,7.57,7.7,8.26,4.06,16.13,16.72,17.55,14.15,7.86,96.05,3.95,100.0,100.0,100.0,0.0,100.0,0.0,100.0,0.0,100.0,100.0,7.57,7.7,8.26,4.06,16.13,16.72,17.55,14.15,7.86,96.05,3.95,100.0,4.0,22.0,0.0,115.0,0.0,4188.0,0.0,125.0,1820.0,475.0,483.0,518.0,255.0,1012.0,1049.0,1101.0,888.0,493.0,6026.0,248.0,6274.0,0.08,0.41,0.0,1.34,0.0,68.12,0.0,1.71,28.35,48.27,51.73,100.0,39.26,10.33,37.64,12.77,4.0,22.0,0.0,71.0,0.0,3621.0,0.0,91.0,1507.0,2566.0,2750.0,5316.0,2087.0,549.0,2001.0,679.0
3520004,1.11,0.88,0.16,4.58,0.21,62.36,0.0,2.86,27.85,49.47,50.53,7.24,7.5,7.43,7.8,2.13,17.56,17.44,16.25,11.49,5.17,100.0,100.0,100.0,100.0,100.0,100.0,100.0,0.0,100.0,100.0,49.47,50.53,7.24,7.5,7.43,7.8,2.13,17.56,17.44,16.25,11.49,5.17,100.0,226.0,179.0,33.0,935.0,42.0,12737.0,0.0,585.0,5689.0,10104.0,10322.0,1478.0,1531.0,1518.0,1593.0,435.0,3587.0,3562.0,3319.0,2347.0,1056.0,20426.0,1.19,0.82,0.12,4.62,0.22,62.85,0.0,2.94,27.23,8.08,8.01,8.41,2.3,18.93,18.8,17.52,12.39,5.57,93.91,6.09,100.0,100.0,100.0,100.0,100.0,100.0,100.0,0.0,100.0,100.0,8.08,8.01,8.41,2.3,18.93,18.8,17.52,12.39,5.57,93.91,6.09,100.0,226.0,155.0,22.0,876.0,42.0,11909.0,0.0,558.0,5159.0,1531.0,1518.0,1593.0,435.0,3587.0,3562.0,3319.0,2347.0,1056.0,17794.0,1154.0,18948.0,1.37,0.92,0.14,3.97,0.2,64.66,0.0,2.96,25.78,48.88,51.12,100.0,43.16,15.23,32.64,8.98,218.0,147.0,22.0,631.0,32.0,10280.0,0.0,471.0,4099.0,7772.0,8127.0,15899.0,6862.0,2421.0,5189.0,1427.0
3520103,0.0,6.63,1.31,9.46,0.0,61.28,0.0,1.47,19.85,47.98,52.02,7.02,7.22,7.37,7.47,3.71,17.58,16.1,14.68,12.07,6.77,100.0,0.0,100.0,100.0,100.0,0.0,100.0,0.0,100.0,100.0,47.98,52.02,7.02,7.22,7.37,7.47,3.71,17.58,16.1,14.68,12.07,6.77,100.0,0.0,1536.0,303.0,2193.0,0.0,14204.0,0.0,341.0,4601.0,11121.0,12058.0,1628.0,1673.0,1709.0,1732.0,861.0,4075.0,3731.0,3402.0,2798.0,1570.0,23179.0,0.0,6.94,1.31,9.09,0.0,62.18,0.0,1.46,19.02,7.76,7.93,8.04,4.0,18.91,17.31,15.79,12.98,7.29,95.33,4.67,100.0,0.0,100.0,100.0,100.0,0.0,100.0,0.0,100.0,100.0,7.76,7.93,8.04,4.0,18.91,17.31,15.79,12.98,7.29,95.33,4.67,100.0,0.0,1495.0,282.0,1958.0,0.0,13401.0,0.0,315.0,4100.0,1673.0,1709.0,1732.0,861.0,4075.0,3731.0,3402.0,2798.0,1570.0,20545.0,1006.0,21551.0,0.0,7.68,0.94,8.44,0.0,62.38,0.0,1.62,18.93,47.13,52.87,100.0,40.83,15.8,28.21,15.16,0.0,1396.0,170.0,1534.0,0.0,11334.0,0.0,294.0,3440.0,8563.0,9606.0,18169.0,7419.0,2871.0,5126.0,2754.0
3520202,0.0,1.08,0.87,4.58,0.0,64.83,0.0,2.31,26.32,50.08,49.92,7.04,7.9,8.07,8.0,2.6,16.76,16.5,14.37,12.25,6.5,100.0,0.0,100.0,100.0,100.0,0.0,100.0,0.0,100.0,100.0,50.08,49.92,7.04,7.9,8.07,8.0,2.6,16.76,16.5,14.37,12.25,6.5,100.0,0.0,100.0,81.0,424.0,0.0,6006.0,0.0,214.0,2438.0,4639.0,4625.0,652.0,732.0,748.0,741.0,241.0,1553.0,1529.0,1331.0,1135.0,602.0,9264.0,0.0,1.11,0.86,4.48,0.0,64.77,0.0,2.35,26.44,8.5,8.69,8.6,2.8,18.03,17.75,15.46,13.18,6.99,93.17,6.83,100.0,0.0,100.0,100.0,100.0,0.0,100.0,0.0,100.0,100.0,8.5,8.69,8.6,2.8,18.03,17.75,15.46,13.18,6.99,93.17,6.83,100.0,0.0,96.0,74.0,386.0,0.0,5578.0,0.0,202.0,2277.0,732.0,748.0,741.0,241.0,1553.0,1529.0,1331.0,1135.0,602.0,8024.0,588.0,8612.0,0.0,1.35,0.83,4.21,0.0,64.44,0.0,2.65,26.54,49.87,50.13,100.0,43.2,14.79,30.69,11.32,0.0,96.0,59.0,300.0,0.0,4596.0,0.0,189.0,1893.0,3557.0,3575.0,7132.0,3081.0,1055.0,2189.0,807.0
3520301,0.04,1.4,0.47,13.34,0.0,41.2,0.59,4.99,37.98,49.82,50.18,7.47,8.46,7.0,6.44,3.62,13.79,16.28,15.63,13.24,8.09,100.0,100.0,100.0,100.0,100.0,0.0,100.0,100.0,100.0,100.0,49.81,50.19,7.47,8.46,7.0,6.44,3.62,13.79,16.28,15.63,13.24,8.09,100.0,10.0,359.0,120.0,3426.0,0.0,10583.0,151.0,1282.0,9754.0,12795.0,12890.0,1919.0,2172.0,1798.0,1653.0,929.0,3541.0,4182.0,4015.0,3401.0,2077.0,25685.0,0.04,1.51,0.45,13.11,0.0,41.98,0.5,5.0,37.4,9.14,7.57,6.96,3.91,14.9,17.6,16.89,14.31,8.74,94.24,5.76,100.0,100.0,100.0,100.0,100.0,0.0,100.0,100.0,100.0,100.0,9.14,7.56,6.96,3.91,14.9,17.59,16.89,14.31,8.74,94.24,5.76,100.0,10.0,359.0,107.0,3115.0,0.0,9977.0,120.0,1189.0,8888.0,2172.0,1798.0,1653.0,929.0,3541.0,4182.0,4015.0,3401.0,2077.0,22397.0,1369.0,23766.0,0.0,1.73,0.49,11.53,0.0,44.51,0.4,4.94,36.4,48.76,51.24,100.0,39.68,13.52,33.26,13.54,0.0,342.0,97.0,2282.0,0.0,8811.0,79.0,978.0,7207.0,9653.0,10144.0,19797.0,7856.0,2677.0,6584.0,2681.0
3520400,0.03,2.69,1.45,13.03,0.02,47.47,0.03,8.22,27.05,49.24,50.76,7.83,7.93,8.5,8.47,1.76,19.78,19.24,13.07,8.84,4.59,100.0,100.0,100.0,100.0,100.0,100.0,100.0,100.0,100.0,100.0,49.24,50.76,7.83,7.93,8.5,8.47,1.76,19.78,19.24,13.07,8.84,4.59,100.0,10.0,822.0,444.0,3977.0,5.0,14486.0,8.0,2510.0,8255.0,15027.0,15490.0,2389.0,2419.0,2594.0,2585.0,537.0,6035.0,5871.0,3988.0,2697.0,1402.0,30517.0,0.04,2.76,1.49,12.83,0.01,47.62,0.02,8.08,27.16,8.6,9.22,9.19,1.91,21.46,20.87,14.18,9.59,4.98,96.83,3.17,100.0,100.0,100.0,100.0,100.0,100.0,100.0,100.0,100.0,100.0,8.6,9.22,9.19,1.91,21.46,20.87,14.18,9.59,4.98,96.83,3.17,100.0,10.0,776.0,418.0,3608.0,3.0,13395.0,6.0,2272.0,7640.0,2419.0,2594.0,2585.0,537.0,6035.0,5871.0,3988.0,2697.0,1402.0,27235.0,893.0,28128.0,0.04,3.09,1.46,12.1,0.01,48.72,0.02,7.79,26.77,48.4,51.6,100.0,26.69,16.16,35.5,21.65,10.0,714.0,338.0,2797.0,3.0,11262.0,4.0,1800.0,6187.0,11187.0,11928.0,23115.0,6169.0,3736.0,8206.0,5004.0
3520426,0.0,3.66,1.11,8.13,0.04,48.71,0.08,11.36,26.91,48.92,51.08,6.86,6.71,5.8,5.53,2.86,12.63,15.33,15.74,18.89,9.67,100.0,0.0,100.0,100.0,100.0,100.0,100.0,100.0,100.0,100.0,48.92,51.08,6.86,6.71,5.8,5.53,2.86,12.63,15.33,15.74,18.89,9.67,100.0,0.0,436.0,132.0,968.0,5.0,5800.0,9.0,1353.0,3204.0,5825.0,6083.0,817.0,799.0,691.0,658.0,340.0,1504.0,1825.0,1874.0,2249.0,1151.0,11908.0,0.0,3.63,1.19,8.34,0.05,48.91,0.08,11.08,26.72,7.2,6.23,5.93,3.07,13.56,16.45,16.9,20.28,10.38,94.34,5.66,100.0,0.0,100.0,100.0,100.0,100.0,100.0,100.0,100.0,100.0,7.2,6.23,5.93,3.07,13.56,16.45,16.9,20.28,10.38,94.33,5.67,100.0,0.0,403.0,132.0,925.0,5.0,5425.0,9.0,1229.0,2963.0,799.0,691.0,658.0,340.0,1504.0,1825.0,1874.0,2249.0,1151.0,10463.0,628.0,11091.0,0.0,3.69,1.17,7.92,0.05,50.13,0.09,11.2,25.77,48.24,51.76,100.0,31.86,15.7,35.9,16.55,0.0,354.0,112.0,760.0,5.0,4813.0,9.0,1075.0,2474.0,4632.0,4969.0,9601.0,3059.0,1507.0,3447.0,1589.0
3520442,0.0,4.25,0.13,10.46,0.12,48.15,0.08,4.36,32.46,48.1,51.9,6.34,6.61,7.33,7.49,3.36,14.6,16.52,16.83,12.95,7.97,100.0,0.0,100.0,100.0,100.0,100.0,100.0,100.0,100.0,100.0,48.1,51.9,6.34,6.61,7.33,7.49,3.36,14.6,16.52,16.83,12.95,7.97,100.0,0.0,976.0,30.0,2404.0,28.0,11067.0,18.0,1001.0,7461.0,11055.0,11929.0,1457.0,1520.0,1684.0,1722.0,773.0,3356.0,3796.0,3868.0,2976.0,1832.0,22984.0,0.0,4.3,0.14,10.68,0.13,48.15,0.04,4.56,32.01,7.06,7.82,8.0,3.59,15.59,17.63,17.97,13.82,8.51,97.04,2.96,100.0,0.0,100.0,100.0,100.0,100.0,100.0,100.0,100.0,100.0,7.06,7.82,8.0,3.59,15.59,17.63,17.97,13.82,8.51,97.04,2.96,100.0,0.0,925.0,30.0,2300.0,28.0,10365.0,9.0,981.0,6890.0,1520.0,1684.0,1722.0,773.0,3356.0,3796.0,3868.0,2976.0,1832.0,20889.0,638.0,21527.0,0.0,4.42,0.16,9.25,0.15,49.34,0.05,4.7,31.93,47.04,52.96,100.0,24.3,14.08,36.74,24.88,0.0,809.0,30.0,1694.0,28.0,9041.0,9.0,862.0,5850.0,8620.0,9703.0,18323.0,4452.0,2580.0,6732.0,4559.0
3520509,0.0,3.85,1.45,10.98,0.07,54.85,0.02,5.57,23.22,48.57,51.43,6.68,7.04,7.62,7.95,2.42,19.49,18.64,13.75,10.75,5.65,100.0,0.0,100.0,100.0,100.0,100.0,100.0,100.0,100.0,100.0,48.57,51.43,6.68,7.04,7.62,7.95,2.42,19.49,18.64,13.75,10.75,5.65,100.0,0.0,8659.0,3253.0,24721.0,161.0,123451.0,34.0,12526.0,52252.0,109309.0,115748.0,15042.0,15844.0,17160.0,17891.0,5441.0,43873.0,41943.0,30948.0,24193.0,12721.0,225056.0,0.0,3.89,1.47,10.92,0.06,55.18,0.02,5.55,22.92,7.54,8.17,8.52,2.59,20.89,19.97,14.74,11.52,6.06,97.81,2.19,100.0,0.0,100.0,100.0,100.0,100.0,100.0,100.0,100.0,100.0,7.54,8.17,8.52,2.59,20.89,19.97,14.74,11.52,6.06,97.81,2.19,100.0,0.0,8165.0,3095.0,22935.0,129.0,115878.0,34.0,11653.0,48126.0,15844.0,17160.0,17891.0,5441.0,43873.0,41943.0,30948.0,24193.0,12721.0,205424.0,4591.0,210015.0,0.0,4.14,1.47,10.08,0.06,56.13,0.02,5.54,22.57,47.93,52.07,100.0,23.09,12.21,38.7,25.99,0.0,7324.0,2598.0,17834.0,107.0,99352.0,34.0,9804.0,39958.0,84844.0,92166.0,177011.0,40880.0,21610.0,68509.0,46011.0
3520608,0.0,1.05,0.0,3.16,0.0,67.68,0.0,1.38,26.74,49.7,50.3,6.67,6.67,7.76,7.27,3.14,16.44,16.26,16.0,12.53,7.25,100.0,0.0,100.0,0.0,100.0,0.0,100.0,0.0,100.0,100.0,49.7,50.3,6.67,6.67,7.76,7.27,3.14,16.44,16.26,16.0,12.53,7.25,100.0,0.0,47.0,0.0,142.0,0.0,3042.0,0.0,62.0,1202.0,2234.0,2261.0,300.0,300.0,349.0,327.0,141.0,739.0,731.0,719.0,563.0,326.0,4495.0,0.0,1.12,0.0,3.27,0.0,68.03,0.0,1.31,26.27,7.15,8.32,7.79,3.36,17.62,17.43,17.14,13.42,7.77,96.0,4.0,100.0,0.0,100.0,0.0,100.0,0.0,100.0,0.0,100.0,100.0,7.15,8.32,7.79,3.36,17.62,17.43,17.14,13.42,7.77,96.0,4.0,100.0,0.0,47.0,0.0,137.0,0.0,2854.0,0.0,55.0,1102.0,300.0,349.0,327.0,141.0,739.0,731.0,719.0,563.0,326.0,4027.0,168.0,4195.0,0.0,1.18,0.0,3.19,0.0,68.64,0.0,1.47,25.49,49.07,50.93,100.0,35.39,15.09,34.38,15.14,0.0,42.0,0.0,113.0,0.0,2434.0,0.0,52.0,904.0,1740.0,1806.0,3546.0,1255.0,535.0,1219.0,537.0
3520707,0.0,1.1,0.0,7.31,0.0,63.05,0.0,2.04,26.5,48.55,51.45,6.78,6.09,5.49,6.04,4.22,14.7,15.72,15.52,15.69,9.76,100.0,0.0,100.0,0.0,100.0,0.0,100.0,0.0,100.0,100.0,48.55,51.45,6.78,6.09,5.49,6.04,4.22,14.7,15.72,15.52,15.69,9.76,100.0,0.0,40.0,0.0,265.0,0.0,2287.0,0.0,74.0,961.0,1761.0,1866.0,246.0,221.0,199.0,219.0,153.0,533.0,570.0,563.0,569.0,354.0,3627.0,0.0,1.18,0.0,6.95,0.0,64.15,0.0,2.01,25.7,6.54,5.89,6.48,4.53,15.76,16.86,16.65,16.83,10.47,92.61,7.39,100.0,0.0,100.0,0.0,100.0,0.0,100.0,0.0,100.0,100.0,6.54,5.89,6.48,4.53,15.76,16.86,16.65,16.83,10.47,92.6,7.4,100.0,0.0,40.0,0.0,235.0,0.0,2169.0,0.0,68.0,869.0,221.0,199.0,219.0,153.0,533.0,570.0,563.0,569.0,354.0,3131.0,250.0,3381.0,0.0,1.08,0.0,6.42,0.0,64.67,0.0,2.03,25.84,47.96,52.04,100.0,42.08,14.56,27.56,15.81,0.0,32.0,0.0,190.0,0.0,1915.0,0.0,60.0,765.0,1420.0,1541.0,2961.0,1246.0,431.0,816.0,468.0
3520806,0.0,0.96,0.09,5.04,0.12,65.03,0.0,2.6,26.17,49.24,50.76,6.33,7.04,7.78,6.67,3.86,15.54,16.68,15.97,13.35,6.77,100.0,0.0,100.0,100.0,100.0,100.0,100.0,0.0,100.0,100.0,49.24,50.76,6.33,7.04,7.78,6.67,3.86,15.54,16.68,15.97,13.35,6.77,100.0,0.0,31.0,3.0,163.0,4.0,2105.0,0.0,84.0,847.0,1594.0,1643.0,205.0,228.0,252.0,216.0,125.0,503.0,540.0,517.0,432.0,219.0,3237.0,0.0,1.02,0.1,4.88,0.07,65.07,0.0,2.64,26.22,7.52,8.31,7.12,4.12,16.59,17.81,17.05,14.25,7.22,95.78,4.22,100.0,0.0,100.0,100.0,100.0,100.0,100.0,0.0,100.0,100.0,7.52,8.31,7.12,4.12,16.59,17.81,17.05,14.25,7.22,95.78,4.22,100.0,0.0,31.0,3.0,148.0,2.0,1973.0,0.0,80.0,795.0,228.0,252.0,216.0,125.0,503.0,540.0,517.0,432.0,219.0,2904.0,128.0,3032.0,0.0,0.94,0.0,4.23,0.0,65.13,0.0,2.78,26.92,48.9,51.1,100.0,32.92,12.34,40.36,14.38,0.0,24.0,0.0,108.0,0.0,1662.0,0.0,71.0,687.0,1248.0,1304.0,2552.0,840.0,315.0,1030.0,367.0
3520905,0.0,1.52,0.24,4.13,0.04,63.14,0.0,2.04,28.88,48.61,51.39,8.01,8.04,8.15,8.18,2.91,16.5,16.27,14.01,11.34,6.58,100.0,0.0,100.0,100.0,100.0,100.0,100.0,0.0,100.0,100.0,48.61,51.39,8.01,8.04,8.15,8.18,2.91,16.5,16.27,14.01,11.34,6.58,100.0,0.0,182.0,29.0,496.0,5.0,7576.0,0.0,245.0,3465.0,5832.0,6166.0,961.0,965.0,978.0,982.0,349.0,1980.0,1952.0,1681.0,1360.0,790.0,11998.0,0.0,1.6,0.26,4.07,0.05,64.16,0.0,1.93,27.93,8.74,8.86,8.9,3.16,17.94,17.69,15.23,12.32,7.16,96.03,3.97,100.0,0.0,100.0,100.0,100.0,100.0,100.0,0.0,100.0,100.0,8.74,8.86,8.9,3.16,17.94,17.69,15.23,12.32,7.16,96.03,3.97,100.0,0.0,177.0,29.0,449.0,5.0,7081.0,0.0,213.0,3083.0,965.0,978.0,982.0,349.0,1980.0,1952.0,1681.0,1360.0,790.0,10599.0,438.0,11037.0,0.0,1.88,0.21,3.78,0.05,65.55,0.0,2.07,26.46,47.58,52.42,100.0,38.1,15.21,30.61,16.08,0.0,171.0,19.0,344.0,5.0,5961.0,0.0,188.0,2406.0,4327.0,4767.0,9094.0,3465.0,1383.0,2784.0,1462.0
3521002,0.0,0.9,1.96,9.54,0.03,40.45,0.0,3.62,43.51,54.03,45.97,7.79,7.73,8.87,9.88,1.53,20.08,17.1,12.83,9.63,4.56,100.0,0.0,100.0,100.0,100.0,100.0,100.0,0.0,100.0,100.0,54.03,45.97,7.79,7.73,8.87,9.88,1.53,20.08,17.1,12.83,9.63,4.56,100.0,0.0,283.0,618.0,3007.0,8.0,12748.0,0.0,1142.0,13712.0,17028.0,14489.0,2456.0,2435.0,2796.0,3115.0,482.0,6329.0,5388.0,4043.0,3035.0,1438.0,31517.0,0.0,0.93,2.02,9.3,0.03,40.56,0.0,3.63,43.52,8.38,9.62,10.72,1.66,21.78,18.54,13.91,10.44,4.95,96.17,3.83,100.0,0.0,100.0,100.0,100.0,100.0,100.0,0.0,100.0,100.0,8.38,9.62,10.72,1.66,21.78,18.54,13.91,10.44,4.95,96.17,3.83,100.0,0.0,271.0,587.0,2704.0,8.0,11787.0,0.0,1055.0,12648.0,2435.0,2796.0,3115.0,482.0,6329.0,5388.0,4043.0,3035.0,1438.0,27948.0,1113.0,29061.0,0.0,1.1,1.78,7.72,0.03,40.81,0.0,3.68,44.87,54.51,45.49,100.0,35.1,20.88,35.43,8.59,0.0,262.0,423.0,1840.0,8.0,9726.0,0.0,877.0,10693.0,12990.0,10840.0,23830.0,8364.0,4976.0,8442.0,2048.0
3521101,0.0,1.04,0.0,4.84,0.0,53.24,0.0,5.33,35.54,49.84,50.16,7.24,7.97,9.01,9.21,2.71,16.99,16.66,13.94,10.44,5.83,100.0,0.0,100.0,0.0,100.0,0.0,100.0,0.0,100.0,100.0,49.84,50.16,7.24,7.97,9.01,9.21,2.71,16.99,16.66,13.94,10.44,5.83,100.0,0.0,62.0,0.0,288.0,0.0,3167.0,0.0,317.0,2114.0,2965.0,2984.0,431.0,474.0,536.0,548.0,161.0,1011.0,991.0,829.0,621.0,347.0,5949.0,0.0,1.01,0.0,5.0,0.0,54.15,0.0,4.95,34.89,8.59,9.71,9.93,2.92,18.32,17.96,15.02,11.25,6.29,96.63,3.37,100.0,0.0,100.0,0.0,100.0,0.0,100.0,0.0,100.0,100.0,8.59,9.71,9.93,2.92,18.32,17.96,15.02,11.25,6.29,96.63,3.37,100.0,0.0,56.0,0.0,276.0,0.0,2988.0,0.0,273.0,1925.0,474.0,536.0,548.0,161.0,1011.0,991.0,829.0,621.0,347.0,5332.0,186.0,5518.0,0.0,1.04,0.0,4.57,0.0,56.32,0.0,5.08,33.01,49.49,50.51,100.0,34.85,17.04,31.74,16.37,0.0,47.0,0.0,206.0,0.0,2539.0,0.0,229.0,1488.0,2231.0,2277.0,4508.0,1571.0,768.0,1431.0,738.0
3521150,0.0,3.05,1.64,6.88,0.0,54.73,0.0,3.95,29.75,50.0,50.0,8.51,6.53,7.07,7.76,2.8,17.15,16.32,15.61,11.86,6.39,100.0,0.0,100.0,100.0,100.0,0.0,100.0,0.0,100.0,100.0,50.0,50.0,8.51,6.53,7.07,7.76,2.8,17.15,16.32,15.61,11.86,6.39,100.0,0.0,180.0,97.0,406.0,0.0,3229.0,0.0,233.0,1755.0,2950.0,2950.0,502.0,385.0,417.0,458.0,165.0,1012.0,963.0,921.0,700.0,377.0,5900.0,0.0,3.28,1.67,6.72,0.0,55.21,0.0,3.63,29.53,7.13,7.73,8.48,3.06,18.75,17.84,17.06,12.97,6.98,95.41,4.59,100.0,0.0,100.0,100.0,100.0,0.0,100.0,0.0,100.0,100.0,7.13,7.73,8.48,3.06,18.75,17.84,17.06,12.97,6.98,95.4,4.6,100.0,0.0,177.0,90.0,363.0,0.0,2980.0,0.0,196.0,1594.0,385.0,417.0,458.0,165.0,1012.0,963.0,921.0,700.0,377.0,5150.0,248.0,5398.0,0.0,3.26,1.65,5.9,0.0,57.42,0.0,3.52,28.22,49.11,50.89,100.0,41.32,14.56,33.36,10.77,0.0,150.0,76.0,271.0,0.0,2639.0,0.0,162.0,1297.0,2257.0,2339.0,4596.0,1899.0,669.0,1533.0,495.0
3521200,0.0,0.43,0.14,10.66,0.23,43.24,0.0,2.61,42.69,49.83,50.17,9.26,9.03,7.13,7.51,2.98,16.59,17.16,13.61,11.52,5.21,100.0,0.0,100.0,100.0,100.0,100.0,100.0,0.0,100.0,100.0,49.83,50.17,9.26,9.03,7.13,7.51,2.98,16.59,17.16,13.61,11.52,5.21,100.0,0.0,15.0,5.0,372.0,8.0,1509.0,0.0,91.0,1490.0,1739.0,1751.0,323.0,315.0,249.0,262.0,104.0,579.0,599.0,475.0,402.0,182.0,3490.0,0.0,0.47,0.16,10.1,0.25,43.73,0.0,2.65,42.63,9.95,7.86,8.27,3.28,18.28,18.91,15.0,12.69,5.75,92.74,7.26,100.0,0.0,100.0,100.0,100.0,100.0,100.0,0.0,100.0,100.0,9.95,7.86,8.27,3.28,18.28,18.91,15.0,12.69,5.75,92.74,7.26,100.0,0.0,15.0,5.0,320.0,8.0,1385.0,0.0,84.0,1350.0,315.0,249.0,262.0,104.0,579.0,599.0,475.0,402.0,182.0,2937.0,230.0,3167.0,0.0,0.5,0.19,9.14,0.23,45.14,0.0,2.61,42.14,50.25,49.75,100.0,39.34,14.52,33.96,12.18,0.0,13.0,5.0,238.0,6.0,1175.0,0.0,68.0,1097.0,1308.0,1295.0,2603.0,1024.0,378.0,884.0,317.0
3521309,0.0,3.56,0.63,8.27,0.0,67.56,0.0,3.46,16.52,49.73,50.27,6.84,8.54,8.93,8.79,1.97,17.95,17.86,13.82,9.98,5.32,100.0,0.0,100.0,100.0,100.0,0.0,100.0,0.0,100.0,100.0,49.73,50.27,6.84,8.54,8.93,8.79,1.97,17.95,17.86,13.82,9.98,5.32,100.0,0.0,452.0,80.0,1049.0,0.0,8567.0,0.0,439.0,2095.0,6306.0,6375.0,868.0,1083.0,1133.0,1115.0,250.0,2276.0,2265.0,1752.0,1265.0,674.0,12681.0,0.0,3.69,0.62,8.14,0.0,68.07,0.0,3.39,16.1,9.17,9.59,9.44,2.12,19.27,19.17,14.83,10.71,5.71,94.9,5.1,100.0,0.0,100.0,100.0,100.0,0.0,100.0,0.0,100.0,100.0,9.17,9.59,9.44,2.12,19.27,19.17,14.83,10.71,5.71,94.91,5.09,100.0,0.0,436.0,73.0,961.0,0.0,8041.0,0.0,400.0,1902.0,1083.0,1133.0,1115.0,250.0,2276.0,2265.0,1752.0,1265.0,674.0,11211.0,602.0,11813.0,0.0,4.14,0.38,7.08,0.0,69.33,0.0,3.25,15.83,49.05,50.95,100.0,43.56,12.6,32.28,11.57,0.0,397.0,36.0,679.0,0.0,6654.0,0.0,312.0,1519.0,4707.0,4890.0,9597.0,4180.0,1209.0,3098.0,1110.0
3521408,0.0,0.67,0.13,5.92,0.24,61.62,0.0,3.16,28.25,49.2,50.8,6.92,7.47,8.52,8.35,2.32,18.94,17.27,14.6,10.37,5.23,100.0,0.0,100.0,100.0,100.0,100.0,100.0,0.0,100.0,100.0,49.2,50.8,6.92,7.47,8.52,8.35,2.32,18.94,17.27,14.6,10.37,5.23,100.0,0.0,130.0,25.0,1146.0,47.0,11920.0,0.0,612.0,5465.0,9518.0,9827.0,1339.0,1446.0,1649.0,1616.0,449.0,3663.0,3340.0,2825.0,2006.0,1012.0,19345.0,0.0,0.66,0.14,5.93,0.2,61.31,0.0,3.32,28.45,8.03,9.16,8.97,2.49,20.34,18.55,15.69,11.14,5.62,98.07,1.93,100.0,0.0,100.0,100.0,100.0,100.0,100.0,0.0,100.0,100.0,8.03,9.16,8.97,2.49,20.34,18.55,15.69,11.14,5.62,98.07,1.93,100.0,0.0,118.0,25.0,1068.0,36.0,11040.0,0.0,597.0,5122.0,1446.0,1649.0,1616.0,449.0,3663.0,3340.0,2825.0,2006.0,1012.0,17659.0,347.0,18006.0,0.0,0.79,0.17,4.7,0.13,62.68,0.0,3.27,28.25,48.47,51.53,100.0,29.24,15.24,38.92,16.59,0.0,118.0,25.0,701.0,20.0,9346.0,0.0,487.0,4213.0,7227.0,7684.0,14911.0,4360.0,2273.0,5804.0,2473.0
3521507,0.0,0.15,0.0,6.76,0.0,67.78,0.0,2.02,23.29,50.19,49.81,7.17,7.73,8.0,7.68,3.06,16.42,16.21,13.79,12.75,7.19,100.0,0.0,100.0,0.0,100.0,0.0,100.0,0.0,100.0,100.0,50.19,49.81,7.17,7.73,8.0,7.68,3.06,16.42,16.21,13.79,12.75,7.19,100.0,0.0,9.0,0.0,409.0,0.0,4103.0,0.0,122.0,1410.0,3038.0,3015.0,434.0,468.0,484.0,465.0,185.0,994.0,981.0,835.0,772.0,435.0,6053.0,0.0,0.16,0.0,6.6,0.0,68.7,0.0,2.1,22.42,8.33,8.61,8.28,3.29,17.69,17.46,14.86,13.74,7.74,92.38,7.62,100.0,0.0,100.0,0.0,100.0,0.0,100.0,0.0,100.0,100.0,8.33,8.61,8.28,3.29,17.69,17.46,14.86,13.74,7.74,92.39,7.61,100.0,0.0,9.0,0.0,371.0,0.0,3860.0,0.0,118.0,1260.0,468.0,484.0,465.0,185.0,994.0,981.0,835.0,772.0,435.0,5191.0,428.0,5619.0,0.0,0.19,0.0,6.17,0.0,70.11,0.0,2.38,21.13,49.84,50.16,100.0,47.2,12.71,30.73,9.39,0.0,9.0,0.0,288.0,0.0,3272.0,0.0,111.0,986.0,2326.0,2341.0,4667.0,2203.0,593.0,1434.0,438.0
3521606,0.0,0.71,0.63,3.69,0.32,61.21,0.0,3.6,29.86,58.03,41.97,4.95,6.03,7.7,10.31,4.12,18.39,15.01,13.81,11.79,7.88,100.0,0.0,100.0,100.0,100.0,100.0,100.0,0.0,100.0,100.0,58.03,41.97,4.95,6.03,7.7,10.31,4.12,18.39,15.01,13.81,11.79,7.88,100.0,0.0,46.0,41.0,239.0,21.0,3967.0,0.0,233.0,1935.0,3761.0,2720.0,321.0,391.0,499.0,668.0,267.0,1192.0,973.0,895.0,764.0,511.0,6481.0,0.0,0.75,0.67,3.88,0.24,61.69,0.0,3.56,29.2,6.35,8.1,10.84,4.33,19.35,15.8,14.53,12.4,8.3,93.18,6.82,100.0,0.0,100.0,100.0,100.0,100.0,100.0,0.0,100.0,100.0,6.35,8.1,10.84,4.33,19.35,15.8,14.53,12.4,8.3,93.17,6.83,100.0,0.0,46.0,41.0,239.0,15.0,3800.0,0.0,219.0,1799.0,391.0,499.0,668.0,267.0,1192.0,973.0,895.0,764.0,511.0,5740.0,420.0,6160.0,0.0,0.7,0.68,3.04,0.28,62.66,0.0,3.74,28.92,57.08,42.92,100.0,42.92,13.97,29.98,13.13,0.0,37.0,36.0,160.0,15.0,3302.0,0.0,197.0,1524.0,3008.0,2262.0,5270.0,2262.0,736.0,1580.0,692.0
3521705,0.0,2.21,0.12,5.85,0.03,64.26,0.0,1.48,26.05,50.08,49.92,7.28,7.71,8.18,8.41,2.74,17.16,16.86,14.28,11.34,6.04,100.0,0.0,100.0,100.0,100.0,100.0,100.0,0.0,100.0,100.0,50.08,49.92,7.28,7.71,8.18,8.41,2.74,17.16,16.86,14.28,11.34,6.04,100.0,0.0,347.0,19.0,920.0,5.0,10105.0,0.0,232.0,4097.0,7875.0,7850.0,1144.0,1212.0,1287.0,1322.0,431.0,2699.0,2652.0,2245.0,1783.0,950.0,15725.0,0.0,2.34,0.13,5.79,0.0,64.33,0.0,1.52,25.89,8.31,8.83,9.07,2.96,18.51,18.19,15.4,12.23,6.52,94.61,5.39,100.0,0.0,100.0,100.0,100.0,0.0,100.0,0.0,100.0,100.0,8.31,8.83,9.07,2.96,18.51,18.19,15.4,12.23,6.52,94.61,5.39,100.0,0.0,341.0,19.0,844.0,0.0,9380.0,0.0,221.0,3775.0,1212.0,1287.0,1322.0,431.0,2699.0,2652.0,2245.0,1783.0,950.0,13795.0,786.0,14581.0,0.0,2.52,0.08,4.97,0.0,65.1,0.0,1.53,25.81,49.86,50.14,100.0,44.26,15.37,30.49,9.88,0.0,304.0,10.0,600.0,0.0,7865.0,0.0,185.0,3118.0,6024.0,6058.0,12082.0,5347.0,1857.0,3684.0,1194.0
3521804,0.0,0.82,0.32,6.64,0.13,62.38,0.0,3.7,26.02,52.06,47.94,7.87,7.99,7.73,8.24,2.19,17.53,17.53,14.45,11.05,5.41,100.0,0.0,100.0,100.0,100.0,100.0,100.0,0.0,100.0,100.0,52.06,47.94,7.87,7.99,7.73,8.24,2.19,17.53,17.53,14.45,11.05,5.41,100.0,0.0,178.0,69.0,1448.0,28.0,13598.0,0.0,806.0,5671.0,11349.0,10449.0,1716.0,1742.0,1686.0,1797.0,477.0,3821.0,3822.0,3149.0,2409.0,1179.0,21798.0,0.0,0.89,0.31,6.67,0.14,62.27,0.0,3.81,25.92,8.67,8.4,8.95,2.38,19.03,19.03,15.68,12.0,5.87,94.66,5.34,100.0,0.0,100.0,100.0,100.0,100.0,100.0,0.0,100.0,100.0,8.67,8.4,8.95,2.38,19.03,19.03,15.68,12.0,5.87,94.66,5.34,100.0,0.0,178.0,62.0,1339.0,28.0,12505.0,0.0,765.0,5205.0,1742.0,1686.0,1797.0,477.0,3821.0,3822.0,3149.0,2409.0,1179.0,19010.0,1072.0,20082.0,0.0,0.87,0.37,6.03,0.17,61.8,0.0,4.24,26.52,52.56,47.44,100.0,45.74,13.46,29.51,11.29,0.0,145.0,62.0,1005.0,28.0,10292.0,0.0,706.0,4416.0,8753.0,7901.0,16654.0,7617.0,2242.0,4915.0,1880.0
3521903,0.07,0.9,0.15,2.48,0.03,72.1,0.0,2.06,22.2,49.74,50.26,6.32,7.18,8.26,8.45,3.63,16.47,15.77,14.11,12.07,7.75,100.0,100.0,100.0,100.0,100.0,100.0,100.0,0.0,100.0,100.0,49.74,50.26,6.32,7.18,8.26,8.45,3.63,16.47,15.77,14.11,12.07,7.75,100.0,11.0,136.0,22.0,374.0,5.0,10862.0,0.0,311.0,3344.0,7493.0,7572.0,952.0,1082.0,1244.0,1273.0,547.0,2481.0,2375.0,2125.0,1818.0,1168.0,15065.0,0.08,0.84,0.13,2.54,0.04,72.5,0.0,2.04,21.83,7.67,8.81,9.02,3.88,17.58,16.83,15.06,12.88,8.28,94.98,5.02,100.0,100.0,100.0,100.0,100.0,100.0,100.0,0.0,100.0,100.0,7.67,8.81,9.02,3.88,17.58,16.83,15.06,12.88,8.28,94.99,5.01,100.0,11.0,119.0,18.0,359.0,5.0,10232.0,0.0,288.0,3081.0,1082.0,1244.0,1273.0,547.0,2481.0,2375.0,2125.0,1818.0,1168.0,13405.0,708.0,14113.0,0.09,1.01,0.07,2.08,0.0,73.56,0.0,1.93,21.25,48.94,51.06,100.0,44.67,15.54,26.07,13.72,11.0,119.0,8.0,245.0,0.0,8671.0,0.0,228.0,2505.0,5769.0,6018.0,11787.0,5265.0,1832.0,3073.0,1617.0
3522000,0.0,0.86,0.64,3.99,0.0,56.19,0.0,14.49,23.87,49.74,50.26,6.96,8.2,7.69,7.75,3.06,16.69,15.38,13.62,13.24,7.4,100.0,0.0,100.0,100.0,100.0,0.0,100.0,0.0,100.0,100.0,49.74,50.26,6.96,8.2,7.69,7.75,3.06,16.69,15.38,13.62,13.24,7.4,100.0,0.0,27.0,20.0,125.0,0.0,1761.0,0.0,454.0,748.0,1559.0,1575.0,218.0,257.0,241.0,243.0,96.0,523.0,482.0,427.0,415.0,232.0,3134.0,0.0,0.93,0.51,3.94,0.0,56.04,0.0,14.54,24.07,8.81,8.26,8.33,3.29,17.94,16.53,14.64,14.23,7.96,94.55,5.45,100.0,0.0,100.0,100.0,100.0,0.0,100.0,0.0,100.0,100.0,8.81,8.26,8.33,3.29,17.94,16.53,14.64,14.23,7.96,94.54,5.46,100.0,0.0,27.0,15.0,115.0,0.0,1634.0,0.0,424.0,702.0,257.0,241.0,243.0,96.0,523.0,482.0,427.0,415.0,232.0,2757.0,159.0,2916.0,0.0,0.79,0.41,3.56,0.0,57.07,0.0,14.39,23.74,49.34,50.66,100.0,49.55,21.75,19.27,9.43,0.0,19.0,10.0,86.0,0.0,1380.0,0.0,348.0,574.0,1193.0,1225.0,2418.0,1198.0,526.0,466.0,228.0
3522109,0.13,4.15,3.38,16.41,0.25,42.49,0.16,5.54,27.5,47.44,52.56,7.98,8.01,7.5,6.5,2.78,14.78,15.5,14.54,14.31,8.1,100.0,100.0,100.0,100.0,100.0,100.0,100.0,100.0,100.0,100.0,47.44,52.56,7.98,8.01,7.5,6.5,2.78,14.78,15.5,14.53,14.31,8.1,100.0,125.0,4106.0,3339.0,16226.0,249.0,42021.0,162.0,5481.0,27198.0,46924.0,51982.0,7894.0,7925.0,7414.0,6425.0,2754.0,14622.0,15331.0,14376.0,14153.0,8014.0,98906.0,0.11,4.25,3.41,15.96,0.24,43.1,0.15,5.54,27.24,8.71,8.15,7.06,3.03,16.07,16.85,15.8,15.55,8.81,95.91,4.09,100.0,100.0,100.0,100.0,100.0,100.0,100.0,100.0,100.0,100.0,8.71,8.15,7.06,3.03,16.07,16.84,15.8,15.55,8.81,95.91,4.09,100.0,103.0,3871.0,3102.0,14523.0,214.0,39230.0,138.0,5040.0,24792.0,7925.0,7414.0,6425.0,2754.0,14622.0,15331.0,14376.0,14153.0,8014.0,87287.0,3726.0,91012.0,0.11,4.64,3.28,14.79,0.22,44.82,0.13,5.66,26.34,46.31,53.69,100.0,29.59,16.53,38.53,15.35,80.0,3513.0,2484.0,11195.0,167.0,33919.0,99.0,4285.0,19931.0,35041.0,40633.0,75674.0,22392.0,12510.0,29157.0,11616.0
3522158,0.0,11.9,0.14,2.16,0.0,49.04,0.0,3.92,32.85,50.39,49.61,7.3,8.35,7.33,7.0,3.31,15.07,17.64,14.46,12.27,7.27,100.0,0.0,100.0,100.0,100.0,0.0,100.0,0.0,100.0,100.0,50.39,49.61,7.3,8.35,7.33,7.0,3.31,15.07,17.64,14.46,12.27,7.27,100.0,0.0,352.0,4.0,64.0,0.0,1451.0,0.0,116.0,972.0,1491.0,1468.0,216.0,247.0,217.0,207.0,98.0,446.0,522.0,428.0,363.0,215.0,2959.0,0.0,12.21,0.15,1.82,0.0,49.69,0.0,3.83,32.37,9.0,7.91,7.55,3.57,16.26,19.03,15.6,13.23,7.84,91.29,8.71,100.0,0.0,100.0,100.0,100.0,0.0,100.0,0.0,100.0,100.0,9.0,7.91,7.55,3.57,16.26,19.03,15.6,13.23,7.84,91.27,8.73,100.0,0.0,335.0,4.0,50.0,0.0,1363.0,0.0,105.0,888.0,247.0,217.0,207.0,98.0,446.0,522.0,428.0,363.0,215.0,2504.0,239.0,2743.0,0.0,12.99,0.18,1.4,0.0,51.25,0.0,3.42,30.76,50.33,49.67,100.0,45.41,11.45,32.16,10.97,0.0,296.0,4.0,32.0,0.0,1168.0,0.0,78.0,701.0,1147.0,1132.0,2279.0,1035.0,261.0,733.0,250.0
3522208,0.08,1.1,0.9,13.34,0.28,48.57,0.05,5.34,30.35,48.43,51.56,8.78,8.72,9.29,8.73,1.41,18.05,17.51,13.7,9.3,4.51,100.0,100.0,100.0,100.0,100.0,100.0,100.0,100.0,100.0,100.0,48.44,51.56,8.78,8.72,9.29,8.73,1.41,18.05,17.51,13.7,9.3,4.51,100.0,111.0,1499.0,1233.0,18246.0,377.0,66440.0,63.0,7304.0,41521.0,66256.0,70537.0,12016.0,11928.0,12705.0,11941.0,1927.0,24693.0,23948.0,18743.0,12716.0,6176.0,136794.0,0.09,1.14,0.92,13.23,0.29,48.99,0.05,5.35,29.94,9.56,10.18,9.57,1.54,19.79,19.19,15.02,10.19,4.95,95.37,4.63,100.0,100.0,100.0,100.0,100.0,100.0,100.0,100.0,100.0,100.0,9.56,10.18,9.57,1.54,19.79,19.19,15.02,10.19,4.95,95.37,4.63,100.0,111.0,1424.0,1152.0,16502.0,365.0,61132.0,63.0,6671.0,37358.0,11928.0,12705.0,11941.0,1927.0,24693.0,23948.0,18743.0,12716.0,6176.0,119007.0,5771.0,124778.0,0.09,1.17,0.89,12.07,0.24,50.31,0.06,5.14,30.03,47.3,52.7,100.0,30.94,15.89,39.63,13.54,89.0,1174.0,896.0,12087.0,238.0,50380.0,63.0,5149.0,30069.0,47365.0,52780.0,100145.0,30984.0,15918.0,39685.0,13558.0
3522307,0.03,1.34,0.73,6.21,0.35,53.25,0.0,3.1,35.0,49.7,50.3,7.41,8.03,9.03,8.93,2.46,18.05,16.59,13.24,10.61,5.65,100.0,100.0,100.0,100.0,100.0,100.0,100.0,0.0,100.0,100.0,49.7,50.3,7.41,8.03,9.03,8.93,2.46,18.05,16.59,13.24,10.61,5.65,100.0,41.0,1847.0,1004.0,8559.0,488.0,73441.0,0.0,4272.0,48274.0,68545.0,69382.0,10221.0,11081.0,12448.0,12315.0,3397.0,24902.0,22886.0,18255.0,14634.0,7788.0,137927.0,0.02,1.37,0.72,6.11,0.38,53.79,0.0,3.15,34.44,8.68,9.75,9.64,2.66,19.5,17.92,14.29,11.46,6.1,97.19,2.81,100.0,100.0,100.0,100.0,100.0,100.0,100.0,0.0,100.0,100.0,8.68,9.75,9.64,2.66,19.5,17.92,14.29,11.46,6.1,97.19,2.81,100.0,31.0,1754.0,923.0,7807.0,488.0,68697.0,0.0,4020.0,43987.0,11081.0,12448.0,12315.0,3397.0,24902.0,22886.0,18255.0,14634.0,7788.0,124121.0,3585.0,127706.0,0.02,1.52,0.61,5.37,0.35,55.56,0.0,3.11,33.47,48.94,51.06,100.0,29.2,13.01,39.08,18.71,21.0,1587.0,633.0,5596.0,360.0,57877.0,0.0,3239.0,34864.0,50985.0,53192.0,104177.0,30418.0,13558.0,40709.0,19493.0
3522406,0.01,2.18,0.89,7.93,0.33,44.49,0.03,3.7,40.45,48.77,51.23,7.71,8.33,8.93,8.57,2.13,17.67,16.61,14.23,10.24,5.59,100.0,100.0,100.0,100.0,100.0,100.0,100.0,100.0,100.0,100.0,48.77,51.23,7.71,8.33,8.93,8.57,2.13,17.67,16.61,14.23,10.24,5.59,100.0,8.0,1701.0,693.0,6188.0,256.0,34722.0,21.0,2891.0,31567.0,38062.0,39985.0,6014.0,6504.0,6966.0,6686.0,1660.0,13790.0,12962.0,11105.0,7994.0,4364.0,78047.0,0.01,2.28,0.84,7.8,0.31,44.83,0.03,3.78,40.12,9.03,9.67,9.28,2.3,19.14,17.99,15.42,11.1,6.06,95.7,4.31,100.0,100.0,100.0,100.0,100.0,100.0,100.0,100.0,100.0,100.0,9.03,9.67,9.28,2.3,19.14,18.0,15.42,11.1,6.06,95.7,4.3,100.0,8.0,1642.0,605.0,5619.0,225.0,32290.0,21.0,2722.0,28901.0,6504.0,6966.0,6686.0,1660.0,13790.0,12962.0,11105.0,7994.0,4364.0,68932.0,3101.0,72032.0,0.01,2.57,0.77,6.3,0.3,46.03,0.0,3.92,40.1,47.72,52.28,100.0,36.41,13.67,33.64,16.28,8.0,1504.0,451.0,3692.0,175.0,26959.0,0.0,2293.0,23481.0,27945.0,30617.0,58562.0,21321.0,8006.0,19700.0,9536.0
3522505,0.12,0.83,1.23,15.87,0.05,39.48,0.04,7.73,34.64,48.41,51.59,8.42,8.82,9.56,9.63,1.13,20.03,17.7,12.97,8.2,3.55,100.0,100.0,100.0,100.0,100.0,100.0,100.0,100.0,100.0,100.0,48.41,51.59,8.42,8.82,9.56,9.63,1.13,20.03,17.7,12.97,8.2,3.55,100.0,247.0,1650.0,2438.0,31400.0,106.0,78113.0,78.0,15285.0,68531.0,95777.0,102070.0,16654.0,17444.0,18905.0,19049.0,2232.0,39632.0,35022.0,25657.0,16228.0,7024.0,197847.0,0.14,0.87,1.22,15.7,0.05,39.91,0.04,7.67,34.4,9.63,10.43,10.51,1.23,21.87,19.33,14.16,8.96,3.88,95.55,4.45,100.0,100.0,100.0,100.0,100.0,100.0,100.0,100.0,100.0,100.0,9.63,10.43,10.51,1.23,21.87,19.33,14.16,8.96,3.88,95.55,4.45,100.0,247.0,1584.0,2205.0,28448.0,96.0,72319.0,69.0,13891.0,62333.0,17444.0,18905.0,19049.0,2232.0,39632.0,35022.0,25657.0,16228.0,7024.0,173131.0,8062.0,181193.0,0.13,0.93,1.18,13.99,0.05,41.28,0.05,7.55,34.83,47.51,52.49,100.0,30.28,16.25,43.4,10.07,195.0,1350.0,1703.0,20268.0,76.0,59790.0,69.0,10942.0,50450.0,68817.0,76027.0,144844.0,43854.0,23532.0,62868.0,14590.0
3522604,0.0,2.09,0.45,8.19,0.06,63.76,0.02,3.6,21.83,48.58,51.42,5.83,6.51,7.61,8.29,3.82,17.08,16.62,15.24,12.42,6.56,100.0,0.0,100.0,100.0,100.0,100.0,100.0,100.0,100.0,100.0,48.58,51.42,5.83,6.51,7.61,8.29,3.82,17.08,16.62,15.24,12.42,6.56,100.0,0.0,1345.0,290.0,5262.0,37.0,40984.0,13.0,2313.0,14032.0,31227.0,33048.0,3749.0,4185.0,4893.0,5330.0,2458.0,10978.0,10685.0,9797.0,7982.0,4217.0,64275.0,0.0,2.15,0.44,8.12,0.06,64.17,0.02,3.53,21.52,6.91,8.08,8.81,4.06,18.14,17.65,16.19,13.19,6.97,96.62,3.38,100.0,0.0,100.0,100.0,100.0,100.0,100.0,100.0,100.0,100.0,6.91,8.08,8.81,4.06,18.14,17.65,16.19,13.19,6.97,96.62,3.38,100.0,0.0,1300.0,264.0,4914.0,37.0,38839.0,13.0,2134.0,13025.0,4185.0,4893.0,5330.0,2458.0,10978.0,10685.0,9797.0,7982.0,4217.0,58478.0,2048.0,60526.0,0.0,2.43,0.32,7.34,0.0,65.87,0.03,3.53,20.49,47.87,52.13,100.0,33.19,14.77,35.36,16.68,0.0,1248.0,167.0,3776.0,0.0,33888.0,13.0,1815.0,10541.0,24626.0,26822.0,51448.0,17075.0,7601.0,18190.0,8581.0
3522653,0.0,0.27,0.0,7.56,0.0,48.68,0.0,0.3,43.21,52.0,48.0,7.43,10.53,10.8,9.25,1.93,17.88,16.05,12.79,7.7,5.63,100.0,0.0,100.0,0.0,100.0,0.0,100.0,0.0,100.0,100.0,52.0,48.0,7.43,10.53,10.8,9.25,1.93,17.88,16.05,12.79,7.7,5.63,100.0,0.0,10.0,0.0,278.0,0.0,1789.0,0.0,11.0,1588.0,1911.0,1764.0,273.0,387.0,397.0,340.0,71.0,657.0,590.0,470.0,283.0,207.0,3675.0,0.0,0.29,0.0,7.5,0.0,48.09,0.0,0.32,43.8,11.38,11.67,9.99,2.09,19.31,17.34,13.82,8.32,6.08,90.95,9.05,100.0,0.0,100.0,0.0,100.0,0.0,100.0,0.0,100.0,100.0,11.38,11.67,9.99,2.09,19.31,17.34,13.82,8.32,6.08,90.94,9.06,100.0,0.0,10.0,0.0,255.0,0.0,1636.0,0.0,11.0,1490.0,387.0,397.0,340.0,71.0,657.0,590.0,470.0,283.0,207.0,3094.0,308.0,3402.0,0.0,0.38,0.0,6.65,0.0,48.74,0.0,0.19,44.04,51.72,48.28,100.0,48.24,11.38,34.22,6.15,0.0,10.0,0.0,174.0,0.0,1276.0,0.0,5.0,1153.0,1354.0,1264.0,2618.0,1263.0,298.0,896.0,161.0
3522703,0.0,1.85,0.53,4.34,0.0,75.47,0.04,0.97,16.79,48.42,51.58,5.96,6.8,7.07,7.91,3.69,17.36,16.47,15.68,12.04,7.03,100.0,0.0,100.0,100.0,100.0,0.0,100.0,100.0,100.0,100.0,48.42,51.58,5.96,6.8,7.07,7.91,3.69,17.36,16.47,15.68,12.04,7.03,100.0,0.0,649.0,185.0,1518.0,0.0,26423.0,15.0,341.0,5878.0,16950.0,18058.0,2086.0,2380.0,2474.0,2769.0,1291.0,6077.0,5766.0,5490.0,4214.0,2461.0,35009.0,0.0,1.94,0.56,4.51,0.0,75.62,0.05,0.95,16.37,7.23,7.51,8.41,3.92,18.46,17.51,16.68,12.8,7.48,94.92,5.08,100.0,0.0,100.0,100.0,100.0,0.0,100.0,100.0,100.0,100.0,7.23,7.51,8.41,3.92,18.46,17.51,16.67,12.8,7.47,94.92,5.08,100.0,0.0,639.0,185.0,1485.0,0.0,24896.0,15.0,314.0,5388.0,2380.0,2474.0,2769.0,1291.0,6077.0,5766.0,5490.0,4214.0,2461.0,31251.0,1672.0,32923.0,0.0,2.09,0.39,3.92,0.0,76.5,0.05,1.04,16.01,47.97,52.03,100.0,39.09,15.54,28.23,17.14,0.0,587.0,110.0,1099.0,0.0,21471.0,15.0,292.0,4494.0,13464.0,14605.0,28068.0,10971.0,4362.0,7924.0,4811.0
3522802,0.0,0.51,0.06,1.79,0.52,76.46,0.16,2.95,17.52,48.89,51.11,8.16,7.94,7.18,6.78,2.99,16.08,16.38,14.29,13.06,7.15,100.0,0.0,100.0,100.0,100.0,100.0,100.0,100.0,100.0,100.0,48.89,51.11,8.16,7.94,7.18,6.78,2.99,16.08,16.38,14.29,13.06,7.15,100.0,0.0,63.0,8.0,222.0,65.0,9473.0,20.0,366.0,2171.0,6057.0,6332.0,1011.0,984.0,889.0,840.0,370.0,1992.0,2029.0,1770.0,1618.0,886.0,12389.0,0.0,0.47,0.07,1.85,0.5,76.65,0.11,2.62,17.73,8.65,7.81,7.38,3.25,17.51,17.83,15.56,14.22,7.79,93.41,6.59,100.0,0.0,100.0,100.0,100.0,100.0,100.0,100.0,100.0,100.0,8.65,7.81,7.38,3.25,17.51,17.83,15.56,14.22,7.79,93.4,6.6,100.0,0.0,54.0,8.0,210.0,57.0,8721.0,13.0,298.0,2017.0,984.0,889.0,840.0,370.0,1992.0,2029.0,1770.0,1618.0,886.0,10628.0,750.0,11378.0,0.0,0.36,0.08,1.58,0.38,77.44,0.14,2.64,17.38,48.58,51.42,100.0,46.87,13.76,27.71,11.65,0.0,34.0,8.0,150.0,36.0,7361.0,13.0,251.0,1652.0,4618.0,4887.0,9505.0,4455.0,1308.0,2634.0,1107.0
3522901,0.0,0.25,0.92,3.58,0.0,67.52,0.0,2.64,25.09,49.78,50.22,7.99,8.23,8.48,9.06,2.56,17.52,16.43,13.37,11.01,5.35,100.0,0.0,100.0,100.0,100.0,0.0,100.0,0.0,100.0,100.0,49.78,50.22,7.99,8.23,8.48,9.06,2.56,17.52,16.43,13.37,11.01,5.35,100.0,0.0,30.0,109.0,422.0,0.0,7958.0,0.0,311.0,2957.0,5867.0,5919.0,942.0,970.0,999.0,1068.0,302.0,2065.0,1936.0,1576.0,1298.0,630.0,11786.0,0.0,0.28,0.81,3.54,0.0,68.73,0.0,2.44,24.19,8.95,9.21,9.85,2.78,19.04,17.85,14.53,11.97,5.81,95.68,4.32,100.0,0.0,100.0,100.0,100.0,0.0,100.0,0.0,100.0,100.0,8.95,9.21,9.85,2.78,19.04,17.85,14.53,11.97,5.81,95.68,4.32,100.0,0.0,30.0,88.0,384.0,0.0,7453.0,0.0,265.0,2623.0,970.0,999.0,1068.0,302.0,2065.0,1936.0,1576.0,1298.0,630.0,10375.0,469.0,10844.0,0.0,0.34,0.61,2.76,0.0,70.07,0.0,2.5,23.72,48.83,51.17,100.0,41.26,16.96,31.38,10.4,0.0,30.0,54.0,245.0,0.0,6219.0,0.0,222.0,2105.0,4334.0,4541.0,8875.0,3662.0,1505.0,2785.0,923.0
3523008,0.0,1.23,0.0,16.6,0.0,50.54,0.0,2.11,29.49,50.03,49.97,7.44,7.3,7.47,6.79,2.91,15.0,16.34,15.92,13.72,7.1,100.0,0.0,100.0,0.0,100.0,0.0,100.0,0.0,100.0,100.0,50.03,49.97,7.44,7.3,7.47,6.79,2.91,15.0,16.34,15.92,13.72,7.1,100.0,0.0,43.0,0.0,582.0,0.0,1772.0,0.0,74.0,1034.0,1754.0,1752.0,261.0,256.0,262.0,238.0,102.0,526.0,573.0,558.0,481.0,249.0,3506.0,0.0,1.26,0.0,16.33,0.0,50.85,0.0,2.1,29.46,7.89,8.07,7.33,3.14,16.21,17.66,17.2,14.82,7.67,94.33,5.67,100.0,0.0,100.0,0.0,100.0,0.0,100.0,0.0,100.0,100.0,7.89,8.07,7.33,3.14,16.21,17.66,17.2,14.82,7.67,94.32,5.68,100.0,0.0,41.0,0.0,530.0,0.0,1650.0,0.0,68.0,956.0,256.0,262.0,238.0,102.0,526.0,573.0,558.0,481.0,249.0,3061.0,184.0,3245.0,0.0,1.5,0.0,13.64,0.0,53.1,0.0,2.13,29.63,49.76,50.24,100.0,40.3,16.43,35.53,7.77,0.0,41.0,0.0,372.0,0.0,1448.0,0.0,58.0,808.0,1357.0,1370.0,2727.0,1099.0,448.0,969.0,212.0
3523107,0.05,0.85,1.23,16.18,0.28,36.3,0.01,7.62,37.48,48.39,51.61,8.74,9.09,9.83,9.37,1.14,18.82,16.87,13.38,8.98,3.78,100.0,100.0,100.0,100.0,100.0,100.0,100.0,100.0,100.0,100.0,48.39,51.61,8.74,9.09,9.83,9.37,1.14,18.82,16.87,13.38,8.98,3.78,100.0,159.0,2688.0,3878.0,50906.0,868.0,114220.0,23.0,23975.0,117913.0,152250.0,162380.0,27488.0,28593.0,30924.0,29489.0,3598.0,59200.0,53090.0,42112.0,28244.0,11893.0,314630.0,0.05,0.88,1.25,15.89,0.26,36.8,0.01,7.66,37.2,9.96,10.77,10.27,1.25,20.62,18.49,14.67,9.84,4.14,95.55,4.45,100.0,100.0,100.0,100.0,100.0,100.0,100.0,100.0,100.0,100.0,9.96,10.77,10.27,1.25,20.62,18.49,14.67,9.84,4.14,95.55,4.45,100.0,146.0,2536.0,3590.0,45634.0,755.0,105666.0,23.0,21983.0,106807.0,28593.0,30924.0,29489.0,3598.0,59200.0,53090.0,42112.0,28244.0,11893.0,274362.0,12779.0,287141.0,0.04,1.01,1.15,13.94,0.21,38.3,0.0,7.63,37.71,47.49,52.51,100.0,33.07,15.73,42.27,8.93,94.0,2300.0,2626.0,31742.0,473.0,87187.0,10.0,17360.0,85833.0,108109.0,119515.0,227625.0,75277.0,35796.0,96216.0,20336.0
3523206,0.0,1.93,0.8,6.43,0.14,49.08,0.0,1.92,39.69,48.24,51.76,7.26,8.34,8.18,8.43,2.69,16.8,16.53,14.27,11.13,6.36,100.0,0.0,100.0,100.0,100.0,100.0,100.0,0.0,100.0,100.0,48.24,51.76,7.26,8.34,8.18,8.43,2.69,16.8,16.53,14.27,11.13,6.36,100.0,0.0,748.0,308.0,2488.0,56.0,18990.0,0.0,743.0,15356.0,18665.0,20025.0,2810.0,3227.0,3163.0,3260.0,1042.0,6501.0,6397.0,5522.0,4307.0,2461.0,38690.0,0.0,2.01,0.78,6.48,0.16,49.67,0.0,2.0,38.91,8.99,8.82,9.09,2.9,18.12,17.83,15.39,12.0,6.86,96.31,3.69,100.0,0.0,100.0,100.0,100.0,100.0,100.0,0.0,100.0,100.0,8.99,8.82,9.09,2.9,18.12,17.83,15.39,12.0,6.86,96.31,3.69,100.0,0.0,720.0,281.0,2325.0,56.0,17822.0,0.0,716.0,13961.0,3227.0,3163.0,3260.0,1042.0,6501.0,6397.0,5522.0,4307.0,2461.0,34557.0,1323.0,35880.0,0.0,1.98,0.66,5.94,0.06,50.75,0.0,1.73,38.87,47.54,52.46,100.0,40.25,15.47,30.26,14.01,0.0,585.0,196.0,1751.0,19.0,14967.0,0.0,509.0,11463.0,14021.0,15469.0,29490.0,11870.0,4562.0,8925.0,4133.0
3523305,0.0,1.33,1.28,14.67,0.0,34.48,0.18,4.7,43.37,49.55,50.45,9.18,9.02,8.17,7.45,3.05,16.14,15.69,13.79,11.23,6.29,100.0,0.0,100.0,100.0,100.0,0.0,100.0,100.0,100.0,100.0,49.55,50.45,9.18,9.02,8.17,7.45,3.05,16.14,15.69,13.79,11.23,6.29,100.0,0.0,177.0,171.0,1955.0,0.0,4596.0,24.0,626.0,5782.0,6606.0,6725.0,1224.0,1202.0,1089.0,993.0,406.0,2152.0,2092.0,1838.0,1497.0,838.0,13331.0,0.0,1.27,1.3,14.19,0.0,35.67,0.17,4.94,42.46,9.93,8.99,8.2,3.35,17.77,17.28,15.18,12.36,6.92,94.02,5.98,100.0,0.0,100.0,100.0,100.0,0.0,100.0,100.0,100.0,100.0,9.93,8.99,8.2,3.35,17.77,17.28,15.18,12.36,6.92,94.02,5.98,100.0,0.0,154.0,157.0,1718.0,0.0,4319.0,20.0,598.0,5141.0,1202.0,1089.0,993.0,406.0,2152.0,2092.0,1838.0,1497.0,838.0,11383.0,724.0,12107.0,0.0,1.39,1.32,12.32,0.0,38.3,0.13,5.4,41.14,48.9,51.1,100.0,45.29,17.52,28.52,8.65,0.0,136.0,130.0,1209.0,0.0,3760.0,13.0,530.0,4038.0,4800.0,5016.0,9816.0,4446.0,1720.0,2800.0,849.0
3523404,0.0,2.66,2.43,8.83,0.1,58.78,0.0,5.03,22.17,48.59,51.41,6.65,6.58,7.72,8.41,2.55,18.93,18.14,14.22,11.01,5.78,100.0,100.0,100.0,100.0,100.0,100.0,100.0,0.0,100.0,100.0,48.59,51.41,6.65,6.58,7.72,8.41,2.55,18.93,18.14,14.22,11.01,5.78,100.0,1.0,2848.0,2609.0,9468.0,107.0,63007.0,0.0,5390.0,23766.0,52081.0,55114.0,7132.0,7054.0,8279.0,9019.0,2732.0,20293.0,19446.0,15240.0,11801.0,6199.0,107195.0,0.0,2.71,2.24,8.86,0.09,59.05,0.0,5.08,21.97,7.05,8.27,9.01,2.73,20.28,19.43,15.23,11.79,6.2,97.39,2.61,100.0,0.0,100.0,100.0,100.0,100.0,100.0,0.0,100.0,100.0,7.05,8.27,9.01,2.73,20.28,19.43,15.23,11.79,6.19,97.39,2.61,100.0,0.0,2715.0,2238.0,8869.0,86.0,59085.0,0.0,5084.0,21986.0,7054.0,8279.0,9019.0,2732.0,20293.0,19446.0,15240.0,11801.0,6199.0,97454.0,2608.0,100063.0,0.0,2.91,2.12,8.14,0.08,60.64,0.0,5.09,21.03,47.79,52.21,100.0,25.14,14.24,37.61,23.01,0.0,2463.0,1793.0,6900.0,65.0,51378.0,0.0,4315.0,17816.0,40492.0,44238.0,84730.0,21299.0,12068.0,31870.0,19493.0
3523503,0.0,0.52,0.07,3.63,0.0,56.25,0.0,2.9,36.63,53.34,46.66,7.93,8.73,9.87,9.94,2.05,18.69,15.9,13.13,8.95,4.8,100.0,0.0,100.0,100.0,100.0,0.0,100.0,0.0,100.0,100.0,53.34,46.66,7.93,8.73,9.87,9.94,2.05,18.69,15.9,13.13,8.95,4.8,100.0,0.0,87.0,11.0,605.0,0.0,9367.0,0.0,483.0,6099.0,8882.0,7770.0,1321.0,1453.0,1643.0,1656.0,341.0,3113.0,2647.0,2187.0,1491.0,800.0,16652.0,0.0,0.57,0.07,3.67,0.0,56.53,0.0,3.0,36.16,9.48,10.72,10.8,2.22,20.31,17.27,14.27,9.73,5.22,95.09,4.91,100.0,0.0,100.0,100.0,100.0,0.0,100.0,0.0,100.0,100.0,9.48,10.72,10.8,2.22,20.31,17.27,14.27,9.73,5.22,95.09,4.91,100.0,0.0,87.0,11.0,563.0,0.0,8666.0,0.0,460.0,5544.0,1453.0,1643.0,1656.0,341.0,3113.0,2647.0,2187.0,1491.0,800.0,14578.0,753.0,15331.0,0.0,0.52,0.09,2.63,0.0,57.19,0.0,3.15,36.42,52.82,47.18,100.0,41.68,16.84,29.15,12.33,0.0,64.0,11.0,322.0,0.0,6997.0,0.0,385.0,4456.0,6463.0,5772.0,12235.0,5099.0,2060.0,3567.0,1509.0
3523602,3.09,1.21,0.91,10.99,0.28,49.77,0.0,2.73,31.03,59.9,40.1,6.08,6.07,9.44,11.55,2.29,21.93,16.23,12.56,8.97,4.88,100.0,100.0,100.0,100.0,100.0,100.0,100.0,0.0,100.0,100.0,59.9,40.1,6.08,6.07,9.44,11.55,2.29,21.93,16.23,12.56,8.97,4.88,100.0,446.0,175.0,131.0,1588.0,40.0,7194.0,0.0,395.0,4486.0,8659.0,5796.0,879.0,877.0,1365.0,1670.0,331.0,3170.0,2346.0,1815.0,1296.0,706.0,14455.0,3.29,1.24,0.96,10.99,0.29,49.95,0.0,2.73,30.55,6.46,10.05,12.3,2.44,23.35,17.28,13.37,9.55,5.2,97.36,2.64,100.0,100.0,100.0,100.0,100.0,100.0,100.0,0.0,100.0,100.0,6.46,10.05,12.3,2.44,23.35,17.28,13.37,9.55,5.2,97.35,2.65,100.0,446.0,169.0,131.0,1492.0,40.0,6781.0,0.0,370.0,4147.0,877.0,1365.0,1670.0,331.0,3170.0,2346.0,1815.0,1296.0,706.0,13217.0,359.0,13576.0,3.27,1.2,0.73,9.72,0.27,51.91,0.0,2.74,30.16,60.11,39.89,100.0,37.12,22.44,30.82,9.63,371.0,136.0,83.0,1102.0,31.0,5883.0,0.0,310.0,3418.0,6813.0,4521.0,11334.0,4207.0,2543.0,3493.0,1091.0
3523701,0.0,1.08,0.2,2.14,0.0,70.86,0.0,3.14,22.56,50.12,49.88,8.23,8.37,8.53,8.57,3.22,15.65,15.87,13.17,10.89,7.49,100.0,0.0,100.0,100.0,100.0,0.0,100.0,0.0,100.0,100.0,50.12,49.88,8.23,8.37,8.53,8.57,3.22,15.65,15.87,13.17,10.89,7.49,100.0,0.0,54.0,10.0,107.0,0.0,3546.0,0.0,157.0,1129.0,2508.0,2496.0,412.0,419.0,427.0,429.0,161.0,783.0,794.0,659.0,545.0,375.0,5004.0,0.0,1.11,0.22,2.07,0.0,71.06,0.0,3.01,22.54,9.12,9.3,9.34,3.51,17.05,17.29,14.35,11.87,8.17,94.69,5.31,100.0,0.0,100.0,100.0,100.0,0.0,100.0,0.0,100.0,100.0,9.12,9.3,9.34,3.51,17.05,17.29,14.35,11.87,8.17,94.69,5.31,100.0,0.0,51.0,10.0,95.0,0.0,3263.0,0.0,138.0,1035.0,419.0,427.0,429.0,161.0,783.0,794.0,659.0,545.0,375.0,4348.0,244.0,4592.0,0.0,1.28,0.11,1.87,0.0,73.14,0.0,3.28,20.29,50.21,49.79,100.0,45.54,13.05,31.98,9.42,0.0,48.0,4.0,70.0,0.0,2740.0,0.0,123.0,760.0,1881.0,1865.0,3746.0,1706.0,489.0,1198.0,353.0
3523800,0.0,1.17,0.75,3.31,0.0,70.92,0.0,1.25,22.61,50.83,49.17,6.75,7.28,8.34,8.57,2.94,18.1,16.62,12.81,12.2,6.38,100.0,0.0,100.0,100.0,100.0,0.0,100.0,0.0,100.0,100.0,50.83,49.17,6.75,7.28,8.34,8.57,2.95,18.1,16.62,12.81,12.2,6.38,100.0,0.0,83.0,53.0,235.0,0.0,5034.0,0.0,89.0,1605.0,3608.0,3490.0,479.0,517.0,592.0,608.0,209.0,1285.0,1180.0,909.0,866.0,453.0,7098.0,0.0,1.18,0.73,3.28,0.0,71.08,0.0,1.34,22.37,7.81,8.94,9.19,3.16,19.41,17.83,13.73,13.08,6.84,94.83,5.17,100.0,0.0,100.0,100.0,100.0,0.0,100.0,0.0,100.0,100.0,7.81,8.94,9.19,3.16,19.41,17.83,13.73,13.08,6.84,94.83,5.17,100.0,0.0,78.0,48.0,217.0,0.0,4705.0,0.0,89.0,1481.0,517.0,592.0,608.0,209.0,1285.0,1180.0,909.0,866.0,453.0,6277.0,342.0,6619.0,0.0,1.25,0.62,2.47,0.0,72.43,0.0,1.43,21.78,49.95,50.05,100.0,41.89,14.05,32.52,11.54,0.0,69.0,34.0,136.0,0.0,3991.0,0.0,79.0,1200.0,2752.0,2758.0,5510.0,2308.0,774.0,1792.0,636.0
3523909,0.0,1.67,1.03,9.01,0.17,58.03,0.01,3.6,26.49,48.57,51.43,7.37,7.56,8.29,8.47,2.39,17.68,17.68,14.51,10.64,5.41,100.0,0.0,100.0,100.0,100.0,100.0,100.0,100.0,100.0,100.0,48.57,51.43,7.37,7.56,8.29,8.47,2.39,17.68,17.68,14.51,10.64,5.41,100.0,0.0,2460.0,1515.0,13270.0,252.0,85510.0,12.0,5310.0,39031.0,71570.0,75789.0,10861.0,11147.0,12211.0,12475.0,3519.0,26054.0,26056.0,21385.0,15683.0,7968.0,147359.0,0.0,1.73,0.99,9.04,0.17,58.42,0.01,3.61,26.03,8.17,8.95,9.14,2.58,19.09,19.09,15.67,11.49,5.84,96.41,3.59,100.0,0.0,100.0,100.0,100.0,100.0,100.0,100.0,100.0,100.0,8.17,8.95,9.14,2.58,19.09,19.09,15.67,11.49,5.84,96.41,3.59,100.0,0.0,2359.0,1353.0,12337.0,234.0,79741.0,12.0,4933.0,35529.0,11147.0,12211.0,12475.0,3519.0,26054.0,26056.0,21385.0,15683.0,7968.0,131596.0,4902.0,136498.0,0.0,1.87,0.92,7.85,0.17,59.87,0.01,3.81,25.5,47.68,52.32,100.0,27.81,15.04,37.41,19.75,0.0,2115.0,1044.0,8880.0,194.0,67734.0,12.0,4306.0,28855.0,53949.0,59191.0,113140.0,31463.0,17016.0,42321.0,22340.0
3524006,0.06,2.38,0.86,6.95,0.06,52.12,0.0,9.9,27.65,49.7,50.3,8.17,7.95,8.97,9.2,1.62,20.23,18.76,12.76,8.28,4.07,100.0,100.0,100.0,100.0,100.0,100.0,100.0,0.0,100.0,100.0,49.7,50.3,8.17,7.95,8.97,9.2,1.62,20.23,18.76,12.76,8.28,4.07,100.0,36.0,1446.0,523.0,4220.0,37.0,31630.0,0.0,6010.0,16780.0,30157.0,30525.0,4959.0,4823.0,5443.0,5581.0,983.0,12273.0,11384.0,7744.0,5025.0,2467.0,60682.0,0.06,2.44,0.88,6.98,0.07,52.5,0.0,9.89,27.19,8.66,9.77,10.02,1.76,22.03,20.43,13.9,9.02,4.43,97.03,2.97,100.0,100.0,100.0,100.0,100.0,100.0,100.0,0.0,100.0,100.0,8.66,9.77,10.02,1.76,22.03,20.43,13.9,9.02,4.43,97.03,2.97,100.0,36.0,1359.0,491.0,3888.0,37.0,29252.0,0.0,5509.0,15152.0,4823.0,5443.0,5581.0,983.0,12273.0,11384.0,7744.0,5025.0,2467.0,54070.0,1653.0,55723.0,0.08,2.61,0.76,6.1,0.08,54.22,0.0,9.61,26.55,48.96,51.04,100.0,26.92,12.29,39.67,21.12,36.0,1185.0,344.0,2775.0,37.0,24645.0,0.0,4367.0,12068.0,22258.0,23199.0,45457.0,12235.0,5587.0,18034.0,9601.0
3524105,0.0,3.63,0.35,5.28,0.1,58.58,0.0,2.87,29.19,47.95,52.05,6.44,7.09,7.43,7.82,3.37,16.08,17.42,13.96,13.16,7.22,100.0,0.0,100.0,100.0,100.0,100.0,100.0,0.0,100.0,100.0,47.95,52.05,6.44,7.09,7.43,7.82,3.37,16.08,17.43,13.96,13.16,7.22,100.0,0.0,1214.0,118.0,1767.0,32.0,19613.0,0.0,962.0,9774.0,16054.0,17427.0,2156.0,2375.0,2487.0,2617.0,1129.0,5384.0,5834.0,4675.0,4407.0,2417.0,33481.0,0.0,3.66,0.38,5.17,0.1,58.93,0.0,3.05,28.71,7.58,7.94,8.35,3.6,17.19,18.62,14.92,14.07,7.72,96.59,3.41,100.0,0.0,100.0,100.0,100.0,100.0,100.0,0.0,100.0,100.0,7.58,7.94,8.36,3.6,17.19,18.62,14.92,14.07,7.72,96.59,3.41,100.0,0.0,1147.0,118.0,1619.0,32.0,18459.0,0.0,955.0,8994.0,2375.0,2487.0,2617.0,1129.0,5384.0,5834.0,4675.0,4407.0,2417.0,30256.0,1069.0,31325.0,0.0,3.75,0.17,4.57,0.07,60.43,0.0,3.08,27.93,47.22,52.78,100.0,34.74,14.95,31.35,18.96,0.0,992.0,45.0,1209.0,19.0,15992.0,0.0,815.0,7391.0,12497.0,13966.0,26463.0,9194.0,3955.0,8297.0,5017.0
3524204,0.0,1.03,0.25,4.66,0.0,66.74,0.0,3.27,24.03,49.5,50.5,7.34,7.46,7.54,7.19,3.06,17.18,16.49,15.68,11.76,6.29,100.0,0.0,100.0,100.0,100.0,0.0,100.0,0.0,100.0,100.0,49.5,50.5,7.34,7.46,7.54,7.19,3.06,17.18,16.49,15.68,11.76,6.29,100.0,0.0,57.0,14.0,259.0,0.0,3711.0,0.0,182.0,1336.0,2752.0,2808.0,408.0,415.0,419.0,400.0,170.0,955.0,917.0,872.0,654.0,350.0,5560.0,0.0,1.11,0.27,4.5,0.0,67.47,0.0,3.07,23.56,8.06,8.13,7.76,3.3,18.54,17.8,16.93,12.69,6.79,95.73,4.27,100.0,0.0,100.0,100.0,100.0,0.0,100.0,0.0,100.0,100.0,8.06,8.13,7.76,3.3,18.54,17.8,16.93,12.69,6.79,95.73,4.27,100.0,0.0,57.0,14.0,232.0,0.0,3476.0,0.0,158.0,1214.0,415.0,419.0,400.0,170.0,955.0,917.0,872.0,654.0,350.0,4932.0,220.0,5152.0,0.0,1.25,0.16,3.77,0.0,68.92,0.0,3.17,22.7,48.93,51.07,100.0,41.99,14.71,27.91,15.4,0.0,54.0,7.0,163.0,0.0,2976.0,0.0,137.0,980.0,2113.0,2205.0,4318.0,1813.0,635.0,1205.0,665.0
3524303,0.0,5.38,1.82,8.52,0.05,55.17,0.0,3.44,25.62,47.25,52.75,6.36,6.92,7.55,7.73,3.38,16.91,17.33,14.77,11.76,7.3,100.0,0.0,100.0,100.0,100.0,100.0,100.0,0.0,100.0,100.0,47.25,52.75,6.36,6.92,7.55,7.73,3.38,16.91,17.33,14.77,11.76,7.3,100.0,0.0,3461.0,1172.0,5481.0,34.0,35495.0,0.0,2213.0,16480.0,30401.0,33936.0,4091.0,4449.0,4855.0,4974.0,2172.0,10882.0,11151.0,9505.0,7563.0,4694.0,64337.0,0.0,5.55,1.87,8.42,0.06,55.52,0.0,3.51,25.07,7.38,8.06,8.26,3.61,18.06,18.51,15.78,12.55,7.79,96.78,3.22,100.0,0.0,100.0,100.0,100.0,100.0,100.0,0.0,100.0,100.0,7.38,8.06,8.26,3.6,18.06,18.51,15.78,12.55,7.79,96.78,3.22,100.0,0.0,3346.0,1129.0,5075.0,34.0,33448.0,0.0,2113.0,15101.0,4449.0,4855.0,4974.0,2172.0,10882.0,11151.0,9505.0,7563.0,4694.0,58308.0,1938.0,60246.0,0.0,5.85,1.67,7.82,0.04,57.08,0.0,3.56,23.97,46.6,53.4,100.0,29.18,15.01,32.82,23.0,0.0,2982.0,850.0,3986.0,21.0,29080.0,0.0,1811.0,12213.0,23739.0,27203.0,50942.0,14864.0,7644.0,16718.0,11716.0
3524402,0.01,2.43,1.47,7.34,0.09,53.69,0.01,4.81,30.15,47.85,52.15,7.31,7.31,7.69,8.1,2.37,17.71,17.72,14.58,11.06,6.14,100.0,100.0,100.0,100.0,100.0,100.0,100.0,100.0,100.0,100.0,47.85,52.15,7.31,7.31,7.69,8.1,2.37,17.71,17.72,14.58,11.06,6.14,100.0,31.0,5141.0,3104.0,15513.0,183.0,113471.0,13.0,10162.0,63724.0,101126.0,110217.0,15443.0,15456.0,16249.0,17129.0,5019.0,37433.0,37441.0,30821.0,23377.0,12976.0,211343.0,0.02,2.5,1.49,7.28,0.09,54.15,0.01,4.83,29.65,7.89,8.29,8.74,2.56,19.11,19.11,15.73,11.93,6.62,97.55,2.45,100.0,100.0,100.0,100.0,100.0,100.0,100.0,100.0,100.0,100.0,7.89,8.29,8.74,2.56,19.11,19.11,15.73,11.93,6.62,97.55,2.45,100.0,31.0,4892.0,2922.0,14257.0,173.0,106072.0,13.0,9455.0,58085.0,15456.0,16249.0,17129.0,5019.0,37433.0,37441.0,30821.0,23377.0,12976.0,191100.0,4800.0,195900.0,0.0,2.69,1.44,6.61,0.09,55.3,0.01,4.76,29.1,46.95,53.05,100.0,24.11,11.76,41.25,22.87,7.0,4411.0,2361.0,10860.0,142.0,90802.0,13.0,7815.0,47784.0,77086.0,87109.0,164195.0,39592.0,19316.0,67738.0,37548.0
3524501,0.0,1.55,0.32,6.72,0.08,67.28,0.0,3.18,20.89,50.33,49.67,7.27,7.77,9.02,8.74,2.42,19.2,17.82,13.14,9.93,4.7,100.0,0.0,100.0,100.0,100.0,100.0,100.0,0.0,100.0,100.0,50.33,49.67,7.27,7.77,9.02,8.74,2.41,19.2,17.82,13.14,9.93,4.7,100.0,0.0,102.0,21.0,442.0,5.0,4425.0,0.0,209.0,1374.0,3310.0,3267.0,478.0,511.0,593.0,575.0,159.0,1263.0,1172.0,864.0,653.0,309.0,6577.0,0.0,1.61,0.31,6.76,0.08,67.9,0.0,3.0,20.35,8.38,9.72,9.43,2.61,20.71,19.22,14.17,10.71,5.07,93.49,6.51,100.0,0.0,100.0,100.0,100.0,100.0,100.0,0.0,100.0,100.0,8.38,9.72,9.43,2.6,20.71,19.22,14.17,10.71,5.07,93.48,6.52,100.0,0.0,98.0,19.0,412.0,5.0,4141.0,0.0,183.0,1241.0,511.0,593.0,575.0,159.0,1263.0,1172.0,864.0,653.0,309.0,5702.0,397.0,6099.0,0.0,1.74,0.2,5.49,0.1,68.89,0.0,3.02,20.56,49.89,50.11,100.0,41.24,19.84,29.55,9.37,0.0,87.0,10.0,274.0,5.0,3441.0,0.0,151.0,1027.0,2492.0,2503.0,4995.0,2060.0,991.0,1476.0,468.0
3524600,0.0,1.66,0.24,17.17,0.33,29.03,0.0,4.13,47.45,49.43,50.57,7.71,8.74,7.66,7.6,3.17,15.71,17.01,14.73,11.21,6.46,100.0,0.0,100.0,100.0,100.0,100.0,100.0,0.0,100.0,100.0,49.43,50.57,7.71,8.74,7.66,7.6,3.17,15.71,17.01,14.73,11.21,6.46,100.0,0.0,230.0,33.0,2384.0,46.0,4030.0,0.0,573.0,6588.0,6863.0,7020.0,1071.0,1213.0,1064.0,1055.0,440.0,2181.0,2361.0,2045.0,1556.0,897.0,13883.0,0.0,1.8,0.22,16.86,0.32,29.65,0.0,4.04,47.11,9.47,8.3,8.23,3.43,17.02,18.43,15.96,12.14,7.0,94.62,5.38,100.0,0.0,100.0,100.0,100.0,100.0,100.0,0.0,100.0,100.0,9.47,8.3,8.23,3.43,17.02,18.43,15.96,12.14,7.0,94.63,5.37,100.0,0.0,230.0,28.0,2160.0,41.0,3799.0,0.0,518.0,6036.0,1213.0,1064.0,1055.0,440.0,2181.0,2361.0,2045.0,1556.0,897.0,12123.0,689.0,12812.0,0.0,1.99,0.22,15.31,0.3,31.2,0.0,3.65,47.32,49.07,50.93,100.0,43.45,14.55,27.96,14.04,0.0,210.0,23.0,1613.0,32.0,3287.0,0.0,385.0,4985.0,5169.0,5366.0,10535.0,4577.0,1533.0,2946.0,1479.0
3524709,0.0,1.86,0.94,8.02,0.19,57.58,0.0,4.36,27.04,48.23,51.77,7.09,7.19,8.28,9.05,2.17,19.57,18.1,12.84,10.22,5.49,100.0,0.0,100.0,100.0,100.0,100.0,100.0,0.0,100.0,100.0,48.23,51.77,7.09,7.19,8.28,9.05,2.17,19.57,18.1,12.84,10.22,5.49,100.0,0.0,967.0,491.0,4171.0,100.0,29927.0,0.0,2266.0,14055.0,25070.0,26907.0,3686.0,3735.0,4303.0,4704.0,1129.0,10171.0,9408.0,6676.0,5312.0,2853.0,51977.0,0.0,1.95,0.98,7.85,0.18,57.69,0.0,4.39,26.95,7.73,8.91,9.74,2.34,21.06,19.48,13.82,11.0,5.91,97.66,2.34,100.0,0.0,100.0,100.0,100.0,100.0,100.0,0.0,100.0,100.0,7.73,8.91,9.74,2.34,21.06,19.48,13.83,11.0,5.91,97.66,2.34,100.0,0.0,942.0,474.0,3792.0,89.0,27857.0,0.0,2121.0,13015.0,3735.0,4303.0,4704.0,1129.0,10171.0,9408.0,6676.0,5312.0,2853.0,47159.0,1132.0,48290.0,0.0,2.01,0.84,7.62,0.19,59.29,0.0,4.22,25.84,48.09,51.9,100.0,24.34,12.27,40.86,22.54,0.0,808.0,337.0,3066.0,77.0,23867.0,0.0,1698.0,10401.0,19359.0,20893.0,40253.0,9796.0,4938.0,16447.0,9072.0
3524808,0.03,4.02,0.09,4.21,0.09,55.65,0.0,3.87,32.05,48.02,51.98,5.83,6.08,6.96,7.43,3.66,15.57,17.41,16.34,13.09,7.62,100.0,100.0,100.0,100.0,100.0,100.0,100.0,0.0,100.0,100.0,48.02,51.98,5.83,6.08,6.96,7.43,3.66,15.57,17.41,16.34,13.09,7.61,100.0,11.0,1758.0,38.0,1838.0,40.0,24318.0,0.0,1690.0,14005.0,20983.0,22716.0,2549.0,2659.0,3041.0,3245.0,1601.0,6805.0,7609.0,7142.0,5720.0,3328.0,43699.0,0.03,4.1,0.09,4.18,0.1,56.47,0.0,4.02,31.02,6.46,7.39,7.89,3.89,16.54,18.49,17.36,13.9,8.09,96.07,3.93,100.0,100.0,100.0,100.0,100.0,100.0,100.0,0.0,100.0,100.0,6.46,7.39,7.89,3.89,16.54,18.49,17.36,13.9,8.09,96.07,3.93,100.0,11.0,1686.0,38.0,1722.0,40.0,23236.0,0.0,1654.0,12763.0,2659.0,3041.0,3245.0,1601.0,6805.0,7609.0,7142.0,5720.0,3328.0,39530.0,1619.0,41149.0,0.03,4.41,0.03,3.84,0.07,57.81,0.0,3.99,29.82,47.08,52.92,100.0,32.52,10.73,30.53,26.22,11.0,1565.0,11.0,1362.0,25.0,20493.0,0.0,1414.0,10570.0,16691.0,18759.0,35450.0,11527.0,3804.0,10824.0,9296.0
3524907,0.0,0.79,0.47,6.07,0.0,62.63,0.0,3.75,26.28,50.32,49.68,7.45,7.29,7.4,7.49,2.73,16.07,17.53,14.85,12.43,6.75,100.0,0.0,100.0,100.0,100.0,0.0,100.0,0.0,100.0,100.0,50.32,49.68,7.45,7.29,7.4,7.49,2.73,16.07,17.53,14.85,12.43,6.75,100.0,0.0,44.0,26.0,338.0,0.0,3487.0,0.0,209.0,1463.0,2802.0,2766.0,415.0,406.0,412.0,417.0,152.0,895.0,976.0,827.0,692.0,376.0,5568.0,0.0,0.85,0.45,6.15,0.0,63.48,0.0,3.8,25.27,7.88,8.0,8.09,2.95,17.37,18.94,16.05,13.43,7.3,93.67,6.33,100.0,0.0,100.0,100.0,100.0,0.0,100.0,0.0,100.0,100.0,7.88,8.0,8.09,2.95,17.37,18.94,16.05,13.43,7.3,93.67,6.33,100.0,0.0,44.0,23.0,317.0,0.0,3271.0,0.0,196.0,1302.0,406.0,412.0,417.0,152.0,895.0,976.0,827.0,692.0,376.0,4827.0,326.0,5153.0,0.0,1.01,0.35,6.18,0.0,63.74,0.0,3.76,24.94,50.61,49.39,100.0,35.55,11.0,36.75,16.7,0.0,44.0,15.0,268.0,0.0,2763.0,0.0,163.0,1081.0,2194.0,2141.0,4335.0,1541.0,477.0,1593.0,724.0
3525003,0.0,0.72,1.37,12.94,0.01,40.92,0.02,7.03,36.99,48.0,52.0,8.13,7.82,9.91,8.91,1.23,18.72,17.94,14.45,9.09,3.81,100.0,0.0,100.0,100.0,100.0,100.0,100.0,100.0,100.0,100.0,48.0,52.0,8.13,7.82,9.91,8.91,1.23,18.72,17.94,14.45,9.09,3.81,100.0,0.0,738.0,1395.0,13191.0,7.0,41723.0,24.0,7166.0,37713.0,48937.0,53021.0,8288.0,7969.0,10108.0,9081.0,1249.0,19086.0,18289.0,14735.0,9270.0,3883.0,101958.0,0.0,0.77,1.4,12.88,0.01,41.32,0.03,7.01,36.58,8.51,10.79,9.69,1.33,20.38,19.53,15.73,9.9,4.15,97.22,2.78,100.0,0.0,100.0,100.0,100.0,100.0,100.0,100.0,100.0,100.0,8.51,10.79,9.69,1.33,20.38,19.53,15.73,9.9,4.15,97.22,2.78,100.0,0.0,722.0,1312.0,12066.0,7.0,38705.0,24.0,6570.0,34263.0,7969.0,10108.0,9081.0,1249.0,19086.0,18289.0,14735.0,9270.0,3883.0,91065.0,2604.0,93669.0,0.0,0.84,1.28,11.21,0.01,42.53,0.03,7.11,37.0,46.82,53.18,100.0,25.97,13.37,43.69,16.97,0.0,632.0,964.0,8474.0,7.0,32151.0,24.0,5375.0,27966.0,35394.0,40199.0,75593.0,19630.0,10104.0,33030.0,12829.0
3525102,0.0,2.04,0.91,7.61,0.0,55.3,0.0,4.79,29.35,51.78,48.22,7.39,7.94,8.58,9.11,2.32,18.61,17.22,13.24,10.07,5.52,100.0,0.0,100.0,100.0,100.0,0.0,100.0,0.0,100.0,100.0,51.78,48.22,7.39,7.94,8.58,9.11,2.32,18.61,17.22,13.24,10.07,5.52,100.0,0.0,806.0,360.0,3005.0,0.0,21836.0,0.0,1892.0,11590.0,20448.0,19040.0,2920.0,3134.0,3389.0,3598.0,916.0,7347.0,6801.0,5227.0,3976.0,2180.0,39488.0,0.0,1.99,0.93,7.33,0.0,56.11,0.0,4.65,28.99,8.57,9.27,9.84,2.5,20.09,18.6,14.29,10.87,5.96,96.92,3.08,100.0,0.0,100.0,100.0,100.0,0.0,100.0,0.0,100.0,100.0,8.57,9.27,9.84,2.5,20.09,18.6,14.29,10.87,5.96,96.92,3.08,100.0,0.0,726.0,339.0,2682.0,0.0,20520.0,0.0,1700.0,10602.0,3134.0,3389.0,3598.0,916.0,7347.0,6801.0,5227.0,3976.0,2180.0,35441.0,1127.0,36568.0,0.0,2.1,0.85,6.79,0.0,57.27,0.0,4.92,28.06,51.24,48.76,100.0,36.0,19.76,30.04,14.2,0.0,630.0,256.0,2041.0,0.0,17208.0,0.0,1479.0,8432.0,15394.0,14651.0,30045.0,10817.0,5937.0,9026.0,4265.0
3525201,0.14,1.42,1.15,5.01,0.26,61.06,0.0,5.76,25.19,49.8,50.2,8.01,7.81,8.33,8.33,2.03,19.3,17.64,13.36,9.96,5.23,100.0,100.0,100.0,100.0,100.0,100.0,100.0,0.0,100.0,100.0,49.8,50.2,8.01,7.81,8.33,8.33,2.03,19.3,17.64,13.36,9.96,5.23,100.0,46.0,460.0,373.0,1622.0,84.0,19751.0,0.0,1863.0,8149.0,16111.0,16238.0,2590.0,2526.0,2694.0,2696.0,657.0,6243.0,5707.0,4322.0,3222.0,1692.0,32349.0,0.13,1.46,1.17,4.99,0.28,61.62,0.0,5.75,24.6,8.49,9.05,9.06,2.21,20.98,19.18,14.52,10.83,5.69,95.06,4.94,100.0,100.0,100.0,100.0,100.0,100.0,100.0,0.0,100.0,100.0,8.49,9.05,9.06,2.21,20.98,19.18,14.52,10.83,5.69,95.06,4.94,100.0,39.0,435.0,348.0,1484.0,84.0,18338.0,0.0,1710.0,7321.0,2526.0,2694.0,2696.0,657.0,6243.0,5707.0,4322.0,3222.0,1692.0,28289.0,1470.0,29759.0,0.1,1.57,0.97,4.39,0.21,62.62,0.0,5.84,24.3,49.42,50.58,100.0,34.3,19.36,32.48,13.86,24.0,386.0,238.0,1077.0,52.0,15366.0,0.0,1433.0,5963.0,12127.0,12412.0,24539.0,8416.0,4751.0,7971.0,3400.0
3525300,0.01,1.76,0.67,3.74,0.24,65.45,0.05,2.48,25.61,47.97,52.03,6.54,7.03,7.55,7.49,3.22,17.62,17.09,14.97,12.22,6.25,100.0,100.0,100.0,100.0,100.0,100.0,100.0,100.0,100.0,100.0,47.97,52.03,6.54,7.03,7.55,7.49,3.22,17.62,17.09,14.97,12.22,6.25,100.0,11.0,2085.0,798.0,4436.0,281.0,77664.0,54.0,2939.0,30385.0,56922.0,61731.0,7765.0,8342.0,8955.0,8889.0,3824.0,20906.0,20282.0,17768.0,14505.0,7416.0,118653.0,0.01,1.8,0.67,3.67,0.25,66.04,0.05,2.44,25.07,7.52,8.08,8.02,3.45,18.85,18.29,16.02,13.08,6.69,96.87,3.13,100.0,100.0,100.0,100.0,100.0,100.0,100.0,100.0,100.0,100.0,7.52,8.08,8.02,3.45,18.85,18.29,16.02,13.08,6.69,96.87,3.13,100.0,11.0,1991.0,748.0,4066.0,272.0,73232.0,54.0,2711.0,27803.0,8342.0,8955.0,8889.0,3824.0,20906.0,20282.0,17768.0,14505.0,7416.0,107417.0,3471.0,110888.0,0.01,1.99,0.54,3.26,0.21,67.75,0.04,2.38,23.83,46.77,53.23,100.0,31.45,18.8,30.47,19.27,11.0,1865.0,502.0,3053.0,193.0,63404.0,33.0,2225.0,22305.0,43772.0,49818.0,93591.0,29438.0,17597.0,28518.0,18037.0
3525409,0.0,9.86,0.42,7.4,0.97,46.81,0.0,5.07,29.49,51.0,49.0,8.53,8.62,9.8,9.53,2.37,17.99,17.02,12.62,9.1,4.43,100.0,0.0,100.0,100.0,100.0,100.0,100.0,0.0,100.0,100.0,51.0,49.0,8.53,8.62,9.8,9.53,2.37,17.99,17.02,12.62,9.1,4.43,100.0,0.0,325.0,14.0,244.0,32.0,1543.0,0.0,167.0,972.0,1681.0,1615.0,281.0,284.0,323.0,314.0,78.0,593.0,561.0,416.0,300.0,146.0,3296.0,0.0,9.92,0.46,7.93,1.06,46.97,0.0,5.07,28.59,9.42,10.71,10.41,2.59,19.67,18.61,13.8,9.95,4.84,94.79,5.21,100.0,0.0,100.0,100.0,100.0,100.0,100.0,0.0,100.0,100.0,9.42,10.71,10.41,2.59,19.67,18.61,13.8,9.95,4.84,94.78,5.22,100.0,0.0,299.0,14.0,239.0,32.0,1416.0,0.0,153.0,862.0,284.0,323.0,314.0,78.0,593.0,561.0,416.0,300.0,146.0,2858.0,157.0,3015.0,0.0,10.09,0.21,7.02,0.75,48.88,0.0,5.19,27.87,50.37,49.63,100.0,41.11,18.06,31.64,9.18,0.0,243.0,5.0,169.0,18.0,1177.0,0.0,125.0,671.0,1213.0,1195.0,2408.0,990.0,435.0,762.0,221.0
3525508,0.0,1.08,1.81,4.58,0.1,65.38,0.0,2.72,24.33,50.51,49.49,7.31,7.52,6.68,7.28,3.28,17.2,16.24,14.92,12.21,7.36,100.0,0.0,100.0,100.0,100.0,100.0,100.0,0.0,100.0,100.0,50.51,49.49,7.31,7.52,6.68,7.28,3.28,17.2,16.24,14.92,12.21,7.36,100.0,0.0,122.0,205.0,518.0,11.0,7392.0,0.0,308.0,2751.0,5711.0,5595.0,827.0,850.0,755.0,823.0,371.0,1945.0,1836.0,1687.0,1380.0,832.0,11306.0,0.0,1.11,1.79,4.58,0.1,65.68,0.0,2.74,23.99,8.11,7.2,7.85,3.54,18.56,17.52,16.1,13.17,7.94,93.74,6.26,100.0,0.0,100.0,100.0,100.0,100.0,100.0,0.0,100.0,100.0,8.11,7.2,7.85,3.54,18.56,17.52,16.1,13.17,7.94,93.74,6.26,100.0,0.0,116.0,188.0,480.0,11.0,6883.0,0.0,287.0,2514.0,850.0,755.0,823.0,371.0,1945.0,1836.0,1687.0,1380.0,832.0,9823.0,656.0,10479.0,0.0,1.25,1.78,3.94,0.06,66.32,0.0,2.54,24.12,49.39,50.61,100.0,44.43,14.18,25.72,15.68,0.0,111.0,158.0,350.0,5.0,5885.0,0.0,225.0,2140.0,4383.0,4491.0,8874.0,3943.0,1258.0,2282.0,1391.0
3525607,0.0,0.32,0.0,2.12,0.0,58.91,0.0,4.58,34.05,49.77,50.23,8.74,7.81,7.31,8.08,2.46,17.61,16.68,14.64,11.09,5.59,100.0,0.0,100.0,0.0,100.0,0.0,100.0,0.0,100.0,100.0,49.77,50.23,8.74,7.81,7.31,8.08,2.46,17.61,16.68,14.64,11.09,5.59,100.0,0.0,12.0,0.0,80.0,0.0,2225.0,0.0,173.0,1286.0,1880.0,1897.0,330.0,295.0,276.0,305.0,93.0,665.0,630.0,553.0,419.0,211.0,3777.0,0.0,0.35,0.0,2.2,0.0,59.33,0.0,4.5,33.65,8.56,8.01,8.85,2.7,19.29,18.28,16.04,12.16,6.12,91.5,8.5,100.0,0.0,100.0,0.0,100.0,0.0,100.0,0.0,100.0,100.0,8.56,8.01,8.85,2.7,19.29,18.28,16.04,12.16,6.12,91.49,8.51,100.0,0.0,12.0,0.0,76.0,0.0,2045.0,0.0,155.0,1160.0,295.0,276.0,305.0,93.0,665.0,630.0,553.0,419.0,211.0,3154.0,293.0,3447.0,0.0,0.42,0.0,1.81,0.0,61.06,0.0,4.07,32.65,49.03,50.97,100.0,40.33,14.78,34.67,10.22,0.0,12.0,0.0,52.0,0.0,1756.0,0.0,117.0,939.0,1410.0,1466.0,2876.0,1160.0,425.0,997.0,294.0
3525706,0.0,1.25,0.45,2.21,0.18,67.53,0.0,1.5,26.89,49.01,50.99,6.92,7.39,8.18,8.53,2.7,18.04,16.54,14.37,11.21,6.13,100.0,0.0,100.0,100.0,100.0,100.0,100.0,0.0,100.0,100.0,49.01,50.99,6.92,7.39,8.18,8.53,2.7,18.04,16.54,14.37,11.21,6.13,100.0,0.0,402.0,144.0,712.0,58.0,21753.0,0.0,483.0,8661.0,15787.0,16425.0,2229.0,2379.0,2636.0,2747.0,869.0,5810.0,5327.0,4628.0,3612.0,1975.0,32212.0,0.0,1.16,0.48,2.25,0.19,67.75,0.0,1.47,26.7,7.93,8.79,9.16,2.9,19.38,17.77,15.44,12.05,6.59,96.55,3.45,100.0,0.0,100.0,100.0,100.0,100.0,100.0,0.0,100.0,100.0,7.93,8.79,9.16,2.9,19.38,17.77,15.44,12.05,6.59,96.55,3.45,100.0,0.0,348.0,144.0,675.0,58.0,20312.0,0.0,441.0,8005.0,2379.0,2636.0,2747.0,869.0,5810.0,5327.0,4628.0,3612.0,1975.0,28948.0,1035.0,29983.0,0.0,1.25,0.34,2.14,0.23,69.2,0.0,1.54,25.31,48.4,51.6,100.0,35.63,19.16,27.98,17.23,0.0,311.0,84.0,534.0,58.0,17277.0,0.0,384.0,6320.0,12085.0,12883.0,24968.0,8897.0,4784.0,6985.0,4302.0
3525805,0.0,0.73,0.08,7.19,0.11,54.94,0.0,2.71,34.21,48.75,51.25,7.19,7.33,9.06,8.0,2.85,16.03,15.41,14.89,12.05,7.19,100.0,0.0,100.0,100.0,100.0,100.0,100.0,0.0,100.0,100.0,48.75,51.25,7.19,7.33,9.06,8.0,2.85,16.03,15.41,14.89,12.05,7.19,100.0,0.0,27.0,3.0,265.0,4.0,2025.0,0.0,100.0,1261.0,1797.0,1889.0,265.0,270.0,334.0,295.0,105.0,591.0,568.0,549.0,444.0,265.0,3686.0,0.0,0.79,0.09,6.81,0.06,56.09,0.0,2.78,33.35,7.89,9.76,8.62,3.07,17.28,16.6,16.05,12.98,7.75,95.38,4.62,100.0,0.0,100.0,100.0,100.0,100.0,100.0,0.0,100.0,100.0,7.89,9.76,8.62,3.07,17.28,16.6,16.05,12.98,7.75,95.37,4.63,100.0,0.0,27.0,3.0,233.0,2.0,1919.0,0.0,95.0,1141.0,270.0,334.0,295.0,105.0,591.0,568.0,549.0,444.0,265.0,3263.0,158.0,3421.0,0.0,0.96,0.11,5.93,0.0,58.47,0.0,2.8,31.7,48.28,51.72,100.0,43.27,15.23,30.99,10.47,0.0,27.0,3.0,167.0,0.0,1647.0,0.0,79.0,893.0,1360.0,1457.0,2817.0,1219.0,429.0,873.0,295.0
3525854,0.0,0.34,1.0,0.54,0.0,66.74,0.0,1.0,30.39,49.37,50.63,6.74,8.38,9.26,8.11,3.37,18.03,16.19,13.47,10.83,5.63,100.0,0.0,100.0,100.0,100.0,0.0,100.0,0.0,100.0,100.0,49.37,50.63,6.74,8.38,9.26,8.11,3.37,18.03,16.19,13.47,10.83,5.63,100.0,0.0,9.0,26.0,14.0,0.0,1744.0,0.0,26.0,794.0,1290.0,1323.0,176.0,219.0,242.0,212.0,88.0,471.0,423.0,352.0,283.0,147.0,2613.0,0.0,0.37,1.07,0.53,0.0,67.05,0.0,1.07,29.87,8.99,9.93,8.7,3.61,19.33,17.36,14.44,11.61,6.03,96.88,3.12,100.0,0.0,100.0,100.0,100.0,0.0,100.0,0.0,100.0,100.0,8.99,9.93,8.7,3.61,19.33,17.36,14.44,11.61,6.03,96.89,3.11,100.0,0.0,9.0,26.0,13.0,0.0,1634.0,0.0,26.0,728.0,219.0,242.0,212.0,88.0,471.0,423.0,352.0,283.0,147.0,2361.0,76.0,2437.0,0.0,0.46,0.96,0.35,0.0,68.93,0.0,0.66,28.64,48.68,51.32,100.0,39.12,20.14,28.39,12.35,0.0,9.0,19.0,7.0,0.0,1362.0,0.0,13.0,566.0,962.0,1014.0,1976.0,773.0,398.0,561.0,244.0
3525904,0.02,3.3,1.28,8.33,0.11,59.09,0.01,5.75,22.12,47.84,52.16,6.51,6.66,7.28,7.83,3.18,18.83,18.34,13.98,11.07,6.31,100.0,100.0,100.0,100.0,100.0,100.0,100.0,100.0,100.0,100.0,47.84,52.16,6.51,6.66,7.28,7.83,3.18,18.83,18.34,13.98,11.07,6.31,100.0,71.0,13000.0,5044.0,32834.0,423.0,233018.0,59.0,22688.0,87227.0,188665.0,205698.0,25673.0,26261.0,28699.0,30884.0,12545.0,74270.0,72343.0,55137.0,43666.0,24886.0,394363.0,0.02,3.34,1.27,8.28,0.11,59.35,0.01,5.79,21.83,7.12,7.78,8.38,3.4,20.14,19.62,14.95,11.84,6.75,98.01,1.99,100.0,100.0,100.0,100.0,100.0,100.0,100.0,100.0,100.0,100.0,7.12,7.78,8.38,3.4,20.14,19.62,14.95,11.84,6.75,98.01,1.99,100.0,71.0,12317.0,4666.0,30528.0,398.0,218832.0,46.0,21356.0,80476.0,26261.0,28699.0,30884.0,12545.0,74270.0,72343.0,55137.0,43666.0,24886.0,361355.0,7336.0,368691.0,0.02,3.59,1.21,7.54,0.11,60.55,0.01,5.79,21.18,47.03,52.97,100.0,21.31,12.59,34.53,31.57,61.0,11276.0,3799.0,23643.0,337.0,189970.0,33.0,18161.0,66451.0,147557.0,166174.0,313730.0,66846.0,39509.0,108341.0,99034.0
3526001,0.0,1.4,0.7,3.27,0.27,63.16,0.18,2.14,28.87,52.38,47.62,6.75,6.49,6.55,8.03,3.57,17.91,16.87,15.28,11.46,7.09,100.0,0.0,100.0,100.0,100.0,100.0,100.0,100.0,100.0,100.0,52.38,47.62,6.75,6.49,6.55,8.03,3.57,17.91,16.87,15.28,11.46,7.09,100.0,0.0,255.0,128.0,597.0,50.0,11535.0,33.0,391.0,5273.0,9565.0,8697.0,1232.0,1186.0,1197.0,1467.0,652.0,3271.0,3081.0,2790.0,2092.0,1294.0,18262.0,0.0,1.42,0.75,3.39,0.29,63.75,0.13,2.19,28.08,6.96,7.03,8.61,3.83,19.21,18.09,16.38,12.28,7.6,95.47,4.53,100.0,0.0,100.0,100.0,100.0,100.0,100.0,100.0,100.0,100.0,6.96,7.03,8.61,3.83,19.21,18.09,16.38,12.28,7.6,95.48,4.52,100.0,0.0,242.0,128.0,577.0,50.0,10856.0,22.0,373.0,4782.0,1186.0,1197.0,1467.0,652.0,3271.0,3081.0,2790.0,2092.0,1294.0,16259.0,771.0,17030.0,0.0,1.58,0.59,3.02,0.34,63.77,0.08,2.38,28.24,52.27,47.73,100.0,35.19,15.99,29.59,19.23,0.0,232.0,87.0,442.0,50.0,9340.0,11.0,348.0,4136.0,7656.0,6991.0,14647.0,5154.0,2342.0,4334.0,2817.0
3526100,0.0,0.74,0.04,11.63,0.28,33.0,0.0,5.24,49.07,49.83,50.17,7.8,8.33,8.09,6.49,3.39,14.55,16.32,14.94,12.78,7.34,100.0,0.0,100.0,100.0,100.0,100.0,100.0,0.0,100.0,100.0,49.83,50.17,7.8,8.33,8.09,6.49,3.39,14.55,16.32,14.94,12.78,7.34,100.0,0.0,110.0,6.0,1734.0,42.0,4921.0,0.0,781.0,7317.0,7430.0,7481.0,1163.0,1242.0,1206.0,967.0,505.0,2169.0,2433.0,2227.0,1905.0,1094.0,14911.0,0.0,0.76,0.04,11.3,0.31,33.98,0.0,5.28,48.33,9.03,8.77,7.03,3.67,15.78,17.7,16.2,13.86,7.96,93.35,6.65,100.0,0.0,100.0,100.0,100.0,100.0,100.0,0.0,100.0,100.0,9.03,8.77,7.03,3.67,15.78,17.7,16.2,13.86,7.96,93.35,6.65,100.0,0.0,105.0,6.0,1553.0,42.0,4671.0,0.0,726.0,6645.0,1242.0,1206.0,967.0,505.0,2169.0,2433.0,2227.0,1905.0,1094.0,12834.0,914.0,13748.0,0.0,0.93,0.05,9.2,0.27,35.67,0.0,5.12,48.76,48.82,51.18,100.0,42.58,13.02,33.14,11.26,0.0,105.0,6.0,1040.0,30.0,4031.0,0.0,579.0,5510.0,5517.0,5783.0,11300.0,4811.0,1471.0,3745.0,1272.0
3526209,0.0,1.6,1.23,11.18,0.14,48.31,0.0,3.59,33.96,50.31,49.69,8.04,8.25,8.66,7.56,2.14,16.37,16.47,14.96,11.58,5.97,100.0,0.0,100.0,100.0,100.0,100.0,100.0,0.0,100.0,100.0,50.31,49.69,8.04,8.25,8.66,7.56,2.14,16.37,16.47,14.96,11.58,5.97,100.0,0.0,379.0,291.0,2646.0,32.0,11438.0,0.0,849.0,8041.0,11911.0,11764.0,1904.0,1954.0,2050.0,1791.0,506.0,3875.0,3900.0,3541.0,2741.0,1413.0,23675.0,0.0,1.7,1.3,10.82,0.07,49.05,0.0,3.62,33.44,8.98,9.42,8.23,2.32,17.8,17.91,16.26,12.59,6.49,92.17,7.83,100.0,0.0,100.0,100.0,100.0,100.0,100.0,0.0,100.0,100.0,8.98,9.42,8.23,2.32,17.8,17.91,16.26,12.59,6.49,92.17,7.83,100.0,0.0,371.0,282.0,2356.0,16.0,10678.0,0.0,788.0,7280.0,1954.0,2050.0,1791.0,506.0,3875.0,3900.0,3541.0,2741.0,1413.0,20067.0,1704.0,21771.0,0.0,1.74,1.29,9.49,0.0,50.11,0.0,4.08,33.3,49.9,50.1,100.0,41.13,12.31,35.81,10.74,0.0,309.0,229.0,1686.0,0.0,8903.0,0.0,725.0,5916.0,8866.0,8901.0,17767.0,7308.0,2188.0,6362.0,1908.0
3526308,0.07,0.39,0.09,1.61,0.0,85.57,0.0,1.13,11.14,50.79,49.21,5.96,6.81,6.14,6.77,4.46,13.49,16.34,17.8,13.78,8.44,100.0,100.0,100.0,100.0,100.0,0.0,100.0,0.0,100.0,100.0,50.79,49.21,5.96,6.81,6.14,6.77,4.46,13.49,16.34,17.8,13.78,8.44,100.0,3.0,18.0,4.0,74.0,0.0,3932.0,0.0,52.0,512.0,2334.0,2261.0,274.0,313.0,282.0,311.0,205.0,620.0,751.0,818.0,633.0,388.0,4595.0,0.07,0.35,0.09,1.57,0.0,85.95,0.0,1.09,10.88,7.24,6.53,7.2,4.74,14.35,17.38,18.93,14.65,8.98,95.23,4.77,100.0,100.0,100.0,100.0,100.0,0.0,100.0,0.0,100.0,100.0,7.24,6.53,7.2,4.74,14.35,17.38,18.93,14.65,8.98,95.23,4.77,100.0,3.0,15.0,4.0,68.0,0.0,3714.0,0.0,47.0,470.0,313.0,282.0,311.0,205.0,620.0,751.0,818.0,633.0,388.0,4115.0,206.0,4321.0,0.0,0.24,0.11,1.56,0.0,86.63,0.0,0.91,10.55,50.72,49.28,100.0,48.66,12.29,27.29,11.76,0.0,9.0,4.0,58.0,0.0,3228.0,0.0,34.0,393.0,1890.0,1836.0,3726.0,1813.0,458.0,1017.0,438.0
3526407,0.0,0.64,0.26,6.62,0.07,69.15,0.0,2.62,20.64,48.63,51.37,6.89,7.47,8.38,8.19,3.4,17.41,16.31,13.67,11.48,6.8,100.0,0.0,100.0,100.0,100.0,100.0,100.0,0.0,100.0,100.0,48.63,51.37,6.89,7.47,8.38,8.19,3.4,17.41,16.31,13.67,11.48,6.8,100.0,0.0,147.0,59.0,1532.0,17.0,15996.0,0.0,606.0,4774.0,11249.0,11883.0,1593.0,1729.0,1938.0,1895.0,786.0,4028.0,3772.0,3161.0,2656.0,1574.0,23132.0,0.0,0.68,0.27,6.62,0.08,69.4,0.0,2.52,20.43,8.03,9.0,8.8,3.65,18.7,17.51,14.68,12.33,7.31,96.14,3.86,100.0,0.0,100.0,100.0,100.0,100.0,100.0,0.0,100.0,100.0,8.03,9.0,8.8,3.65,18.7,17.51,14.68,12.33,7.31,96.14,3.86,100.0,0.0,147.0,59.0,1425.0,17.0,14948.0,0.0,542.0,4400.0,1729.0,1938.0,1895.0,786.0,4028.0,3772.0,3161.0,2656.0,1574.0,20707.0,832.0,21539.0,0.0,0.82,0.27,5.51,0.1,70.71,0.0,2.58,20.01,48.16,51.84,100.0,37.24,16.36,31.83,14.58,0.0,147.0,48.0,985.0,17.0,12637.0,0.0,461.0,3576.0,8608.0,9264.0,17872.0,6655.0,2924.0,5688.0,2605.0
3526506,0.0,1.61,1.02,11.39,0.53,47.96,0.0,5.84,31.63,75.41,24.59,3.16,3.32,9.69,15.62,1.98,29.43,17.16,9.18,6.44,4.01,100.0,0.0,100.0,100.0,100.0,100.0,100.0,0.0,100.0,100.0,75.41,24.59,3.16,3.32,9.69,15.62,1.98,29.43,17.16,9.18,6.44,4.01,100.0,0.0,148.0,94.0,1047.0,49.0,4408.0,0.0,537.0,2907.0,6931.0,2260.0,290.0,305.0,891.0,1436.0,182.0,2705.0,1577.0,844.0,592.0,369.0,9191.0,0.0,1.66,1.06,11.64,0.52,47.39,0.0,6.03,31.69,3.43,10.01,16.13,2.04,30.39,17.72,9.48,6.65,4.15,96.55,3.45,100.0,0.0,100.0,100.0,100.0,100.0,100.0,0.0,100.0,100.0,3.43,10.01,16.13,2.04,30.39,17.72,9.48,6.65,4.15,96.55,3.45,100.0,0.0,148.0,94.0,1036.0,46.0,4218.0,0.0,537.0,2821.0,305.0,891.0,1436.0,182.0,2705.0,1577.0,844.0,592.0,369.0,8594.0,307.0,8901.0,0.0,1.67,0.79,11.17,0.29,48.75,0.0,5.49,31.82,76.09,23.91,100.0,42.79,27.84,22.48,6.89,0.0,129.0,61.0,861.0,22.0,3756.0,0.0,423.0,2452.0,5863.0,1842.0,7705.0,3297.0,2145.0,1732.0,531.0
3526605,0.0,0.37,0.36,3.28,0.0,70.56,0.0,2.03,23.38,49.4,50.6,8.48,8.35,8.31,9.03,1.8,18.07,17.46,13.85,9.87,4.77,100.0,0.0,100.0,100.0,100.0,0.0,100.0,0.0,100.0,100.0,49.4,50.6,8.48,8.35,8.31,9.03,1.8,18.07,17.46,13.85,9.87,4.77,100.0,0.0,23.0,22.0,202.0,0.0,4345.0,0.0,125.0,1440.0,3042.0,3116.0,522.0,514.0,512.0,556.0,111.0,1113.0,1075.0,853.0,608.0,294.0,6158.0,0.0,0.41,0.39,3.5,0.0,70.67,0.0,1.77,23.26,9.12,9.08,9.87,1.97,19.75,19.07,15.13,10.79,5.22,96.2,3.8,100.0,0.0,100.0,100.0,100.0,0.0,100.0,0.0,100.0,100.0,9.12,9.08,9.87,1.97,19.75,19.07,15.13,10.79,5.22,96.2,3.8,100.0,0.0,23.0,22.0,197.0,0.0,3983.0,0.0,100.0,1311.0,514.0,512.0,556.0,111.0,1113.0,1075.0,853.0,608.0,294.0,5422.0,214.0,5636.0,0.0,0.33,0.37,3.06,0.0,70.93,0.0,1.89,23.45,48.74,51.26,100.0,34.95,14.64,40.59,9.83,0.0,15.0,17.0,141.0,0.0,3270.0,0.0,87.0,1081.0,2247.0,2363.0,4610.0,1611.0,675.0,1871.0,453.0
3526704,0.0,1.45,0.79,7.72,0.03,59.92,0.02,3.9,26.17,48.59,51.41,7.45,7.8,8.22,8.46,2.47,19.05,17.09,13.76,10.02,5.67,100.0,0.0,100.0,100.0,100.0,100.0,100.0,100.0,100.0,100.0,48.59,51.41,7.45,7.8,8.22,8.46,2.48,19.05,17.09,13.76,10.02,5.67,100.0,0.0,1246.0,678.0,6649.0,29.0,51596.0,20.0,3357.0,22532.0,41842.0,44266.0,6413.0,6715.0,7075.0,7285.0,2131.0,16407.0,14716.0,11849.0,8632.0,4885.0,86108.0,0.0,1.53,0.74,7.74,0.04,60.47,0.03,3.89,25.57,8.43,8.88,9.14,2.67,20.59,18.47,14.87,10.83,6.13,95.65,4.35,100.0,0.0,100.0,100.0,100.0,100.0,100.0,100.0,100.0,100.0,8.43,8.88,9.14,2.67,20.59,18.47,14.87,10.83,6.13,95.65,4.35,100.0,0.0,1223.0,586.0,6165.0,29.0,48193.0,20.0,3097.0,20381.0,6715.0,7075.0,7285.0,2131.0,16407.0,14716.0,11849.0,8632.0,4885.0,76230.0,3464.0,79694.0,0.0,1.69,0.69,6.84,0.03,61.8,0.02,3.98,24.96,48.0,52.0,100.0,36.83,15.13,31.91,16.14,0.0,1112.0,456.0,4506.0,20.0,40730.0,10.0,2620.0,16450.0,31634.0,34271.0,65904.0,24271.0,9969.0,21027.0,10637.0
3526803,0.0,1.12,0.12,5.24,0.05,54.06,0.0,3.89,35.51,49.2,50.8,7.42,7.68,8.11,8.43,2.32,18.23,17.52,14.13,10.68,5.49,100.0,0.0,100.0,100.0,100.0,100.0,100.0,0.0,100.0,100.0,49.2,50.8,7.42,7.68,8.11,8.43,2.32,18.23,17.52,14.13,10.68,5.49,100.0,0.0,657.0,71.0,3063.0,31.0,31614.0,0.0,2273.0,20766.0,28768.0,29708.0,4336.0,4489.0,4745.0,4928.0,1356.0,10659.0,10244.0,8264.0,6243.0,3211.0,58476.0,0.0,1.17,0.13,5.28,0.06,54.99,0.0,3.79,34.58,8.29,8.76,9.1,2.5,19.69,18.92,15.26,11.53,5.93,96.74,3.26,100.0,0.0,100.0,100.0,100.0,100.0,100.0,0.0,100.0,100.0,8.29,8.76,9.1,2.51,19.69,18.92,15.26,11.53,5.93,96.74,3.26,100.0,0.0,634.0,71.0,2858.0,31.0,29769.0,0.0,2054.0,18722.0,4489.0,4745.0,4928.0,1356.0,10659.0,10244.0,8264.0,6243.0,3211.0,52375.0,1765.0,54140.0,0.0,1.31,0.08,4.63,0.02,56.2,0.0,3.93,33.83,48.69,51.31,100.0,30.84,13.9,36.76,18.5,0.0,589.0,34.0,2077.0,10.0,25238.0,0.0,1767.0,15190.0,21865.0,23041.0,44906.0,13848.0,6244.0,16506.0,8308.0
3526902,0.05,1.64,0.5,7.02,0.04,53.29,0.02,3.59,33.84,48.56,51.44,6.4,6.92,8.15,8.07,2.69,18.53,16.79,14.94,11.47,6.03,100.0,100.0,100.0,100.0,100.0,100.0,100.0,100.0,100.0,100.0,48.56,51.44,6.41,6.92,8.15,8.07,2.69,18.53,16.79,14.94,11.47,6.03,100.0,142.0,4243.0,1292.0,18158.0,115.0,137756.0,40.0,9279.0,87493.0,125548.0,132969.0,16558.0,17897.0,21061.0,20875.0,6948.0,47893.0,43416.0,38619.0,29653.0,15598.0,258518.0,0.05,1.7,0.5,6.99,0.04,53.81,0.02,3.55,33.33,7.4,8.7,8.63,2.87,19.79,17.94,15.96,12.26,6.45,97.26,2.74,100.0,100.0,100.0,100.0,100.0,100.0,100.0,100.0,100.0,100.0,7.4,8.7,8.63,2.87,19.79,17.94,15.96,12.26,6.45,97.26,2.74,100.0,133.0,4116.0,1219.0,16917.0,108.0,130190.0,40.0,8581.0,80656.0,17897.0,21061.0,20875.0,6948.0,47893.0,43416.0,38619.0,29653.0,15598.0,235335.0,6624.0,241959.0,0.03,1.8,0.49,6.48,0.05,55.15,0.02,3.53,32.45,47.74,52.26,100.0,26.62,15.47,38.73,19.17,63.0,3649.0,993.0,13157.0,100.0,111952.0,40.0,7165.0,65882.0,96908.0,106094.0,203002.0,54044.0,31403.0,78631.0,38924.0
3527009,0.0,1.63,1.48,6.82,0.0,66.64,0.0,3.58,19.85,49.0,51.0,6.8,6.74,7.3,7.0,3.29,16.7,16.48,15.98,12.59,7.11,100.0,0.0,100.0,100.0,100.0,0.0,100.0,0.0,100.0,100.0,49.0,51.0,6.8,6.74,7.3,7.0,3.29,16.7,16.48,15.98,12.59,7.11,100.0,0.0,101.0,92.0,423.0,0.0,4133.0,0.0,222.0,1231.0,3039.0,3163.0,422.0,418.0,453.0,434.0,204.0,1036.0,1022.0,991.0,781.0,441.0,6202.0,0.0,1.66,1.59,6.3,0.0,67.68,0.0,3.63,19.15,7.23,7.84,7.51,3.53,17.92,17.68,17.15,13.51,7.63,97.37,2.63,100.0,0.0,100.0,100.0,100.0,0.0,100.0,0.0,100.0,100.0,7.23,7.84,7.51,3.53,17.92,17.68,17.15,13.51,7.63,97.38,2.62,100.0,0.0,96.0,92.0,364.0,0.0,3912.0,0.0,210.0,1107.0,418.0,453.0,434.0,204.0,1036.0,1022.0,991.0,781.0,441.0,5628.0,152.0,5780.0,0.0,1.75,1.24,5.95,0.0,67.0,0.0,3.73,20.33,47.99,52.01,100.0,39.15,12.1,30.6,18.15,0.0,86.0,61.0,292.0,0.0,3289.0,0.0,183.0,998.0,2356.0,2553.0,4909.0,1922.0,594.0,1502.0,891.0
3527108,0.02,2.75,0.53,4.71,0.16,50.69,0.0,5.67,35.46,47.55,52.45,6.65,6.57,7.84,8.18,3.56,17.17,16.57,14.74,12.01,6.72,100.0,100.0,100.0,100.0,100.0,100.0,100.0,0.0,100.0,100.0,47.56,52.44,6.65,6.57,7.84,8.18,3.56,17.17,16.57,14.74,12.01,6.72,100.0,13.0,1818.0,351.0,3115.0,109.0,33513.0,0.0,3750.0,23440.0,31438.0,34671.0,4395.0,4344.0,5180.0,5407.0,2355.0,11350.0,10952.0,9746.0,7940.0,4440.0,66109.0,0.02,2.8,0.55,4.64,0.17,51.44,0.0,5.68,34.7,7.04,8.39,8.76,3.82,18.39,17.75,15.79,12.87,7.19,97.04,2.96,100.0,100.0,100.0,100.0,100.0,100.0,100.0,0.0,100.0,100.0,7.04,8.39,8.76,3.82,18.39,17.75,15.79,12.87,7.19,97.04,2.96,100.0,13.0,1730.0,341.0,2866.0,102.0,31743.0,0.0,3505.0,21414.0,4344.0,5180.0,5407.0,2355.0,11350.0,10952.0,9746.0,7940.0,4440.0,59890.0,1824.0,61714.0,0.02,3.1,0.48,4.31,0.14,53.41,0.0,5.27,33.26,46.53,53.47,100.0,23.45,16.69,35.88,23.98,13.0,1616.0,253.0,2248.0,74.0,27875.0,0.0,2750.0,17361.0,24285.0,27905.0,52190.0,12237.0,8710.0,18726.0,12517.0
3527207,0.03,1.42,1.19,3.59,0.02,64.39,0.0,2.25,27.11,47.57,52.43,7.07,7.51,8.18,8.2,2.94,17.17,16.39,14.07,11.66,6.83,100.0,100.0,100.0,100.0,100.0,100.0,100.0,0.0,100.0,100.0,47.57,52.43,7.06,7.51,8.18,8.19,2.94,17.17,16.39,14.07,11.66,6.83,100.0,23.0,1064.0,889.0,2684.0,12.0,48099.0,0.0,1683.0,20252.0,35536.0,39169.0,5278.0,5610.0,6108.0,6122.0,2198.0,12825.0,12247.0,10508.0,8707.0,5103.0,74704.0,0.03,1.53,1.2,3.57,0.02,64.79,0.0,2.22,26.64,8.08,8.8,8.82,3.17,18.47,17.64,15.14,12.54,7.35,97.71,2.29,100.0,100.0,100.0,100.0,100.0,100.0,100.0,0.0,100.0,100.0,8.08,8.8,8.82,3.17,18.47,17.64,15.14,12.54,7.35,97.71,2.29,100.0,23.0,1064.0,831.0,2482.0,12.0,44981.0,0.0,1542.0,18493.0,5610.0,6108.0,6122.0,2198.0,12825.0,12247.0,10508.0,8707.0,5103.0,67838.0,1589.0,69427.0,0.02,1.69,1.16,2.98,0.02,65.83,0.0,2.18,26.11,46.36,53.64,100.0,24.39,13.22,40.43,21.97,12.0,978.0,669.0,1718.0,12.0,37991.0,0.0,1260.0,15069.0,26753.0,30956.0,57709.0,14075.0,7627.0,23329.0,12678.0
3527256,0.0,7.32,0.52,5.02,0.69,58.88,0.0,1.15,26.41,49.83,50.17,6.0,6.81,6.98,5.88,3.98,13.73,16.32,15.86,13.96,10.5,100.0,0.0,100.0,100.0,100.0,100.0,100.0,0.0,100.0,100.0,49.81,50.19,6.0,6.81,6.98,5.88,3.98,13.73,16.32,15.86,13.96,10.5,100.0,0.0,127.0,9.0,87.0,12.0,1021.0,0.0,20.0,458.0,864.0,870.0,104.0,118.0,121.0,102.0,69.0,238.0,283.0,275.0,242.0,182.0,1734.0,0.0,7.48,0.55,5.21,0.74,58.71,0.0,1.23,26.07,7.24,7.42,6.26,4.23,14.6,17.36,16.87,14.85,11.17,91.23,8.77,100.0,0.0,100.0,100.0,100.0,100.0,100.0,0.0,100.0,100.0,7.24,7.42,6.26,4.23,14.6,17.36,16.87,14.85,11.17,91.25,8.75,100.0,0.0,122.0,9.0,85.0,12.0,957.0,0.0,20.0,425.0,118.0,121.0,102.0,69.0,238.0,283.0,275.0,242.0,182.0,1487.0,143.0,1630.0,0.0,8.41,0.29,4.31,0.86,59.45,0.0,1.29,25.38,49.53,50.47,100.0,48.45,14.74,27.25,9.56,0.0,117.0,4.0,60.0,12.0,827.0,0.0,18.0,353.0,689.0,702.0,1391.0,674.0,205.0,379.0,133.0
3527306,0.0,2.01,0.27,9.32,0.21,57.69,0.0,3.99,26.5,49.44,50.56,7.6,7.78,9.47,10.51,1.77,20.46,17.87,11.58,8.85,4.12,100.0,0.0,100.0,100.0,100.0,100.0,100.0,0.0,100.0,100.0,49.44,50.56,7.6,7.78,9.47,10.51,1.77,20.46,17.87,11.58,8.85,4.12,100.0,0.0,895.0,120.0,4153.0,95.0,25701.0,0.0,1779.0,11804.0,22025.0,22522.0,3384.0,3464.0,4218.0,4681.0,787.0,9114.0,7962.0,5157.0,3944.0,1835.0,44547.0,0.0,2.03,0.29,9.47,0.16,57.86,0.0,3.89,26.31,8.42,10.25,11.37,1.91,22.14,19.34,12.53,9.58,4.46,96.34,3.66,100.0,0.0,100.0,100.0,100.0,100.0,100.0,0.0,100.0,100.0,8.42,10.25,11.37,1.91,22.14,19.34,12.53,9.58,4.46,96.34,3.66,100.0,0.0,834.0,120.0,3900.0,66.0,23816.0,0.0,1600.0,10828.0,3464.0,4218.0,4681.0,787.0,9114.0,7962.0,5157.0,3944.0,1835.0,39658.0,1505.0,41163.0,0.0,2.33,0.23,8.18,0.14,59.17,0.0,3.75,26.19,48.82,51.18,100.0,26.4,12.09,42.12,19.39,0.0,780.0,77.0,2739.0,48.0,19812.0,0.0,1256.0,8768.0,16344.0,17137.0,33481.0,8840.0,4047.0,14101.0,6492.0
3527405,0.0,1.69,0.25,4.75,0.0,61.81,0.0,2.12,29.38,56.04,43.96,5.92,6.09,6.84,7.64,3.31,16.93,17.67,16.3,12.25,7.04,100.0,0.0,100.0,100.0,100.0,0.0,100.0,0.0,100.0,100.0,56.04,43.96,5.92,6.09,6.84,7.64,3.31,16.93,17.67,16.3,12.25,7.04,100.0,0.0,306.0,46.0,860.0,0.0,11199.0,0.0,384.0,5323.0,10154.0,7964.0,1073.0,1103.0,1240.0,1385.0,599.0,3067.0,3202.0,2954.0,2220.0,1275.0,18118.0,0.0,1.68,0.27,4.86,0.0,62.29,0.0,2.08,28.83,6.47,7.27,8.13,3.51,17.99,18.79,17.33,13.02,7.48,95.95,4.05,100.0,0.0,100.0,100.0,100.0,0.0,100.0,0.0,100.0,100.0,6.47,7.27,8.13,3.51,17.99,18.79,17.33,13.02,7.48,95.95,4.05,100.0,0.0,286.0,46.0,828.0,0.0,10617.0,0.0,354.0,4914.0,1103.0,1240.0,1385.0,599.0,3067.0,3202.0,2954.0,2220.0,1275.0,16355.0,690.0,17045.0,0.0,1.83,0.25,4.68,0.0,63.47,0.0,2.05,27.72,56.43,43.57,100.0,37.9,15.68,31.13,15.28,0.0,269.0,37.0,688.0,0.0,9332.0,0.0,301.0,4075.0,8296.0,6406.0,14702.0,5572.0,2306.0,4577.0,2247.0
3527504,0.0,0.71,0.09,6.47,0.19,52.84,0.0,2.27,37.48,50.19,49.81,6.99,7.23,8.27,7.8,3.31,16.35,16.82,11.44,12.95,8.84,100.0,0.0,100.0,100.0,100.0,100.0,100.0,0.0,100.0,100.0,50.19,49.81,6.99,7.23,8.27,7.8,3.31,16.35,16.82,11.44,12.95,8.84,100.0,0.0,15.0,2.0,137.0,4.0,1118.0,0.0,48.0,793.0,1062.0,1054.0,148.0,153.0,175.0,165.0,70.0,346.0,356.0,242.0,274.0,187.0,2116.0,0.0,0.76,0.1,6.3,0.2,53.71,0.0,2.44,36.53,7.77,8.89,8.38,3.56,17.58,18.09,12.3,13.92,9.5,93.55,6.45,100.0,0.0,100.0,100.0,100.0,100.0,100.0,0.0,100.0,100.0,7.77,8.89,8.38,3.56,17.58,18.09,12.3,13.92,9.5,93.53,6.47,100.0,0.0,15.0,2.0,124.0,4.0,1057.0,0.0,48.0,719.0,153.0,175.0,165.0,70.0,346.0,356.0,242.0,274.0,187.0,1841.0,127.0,1968.0,0.0,0.91,0.12,5.73,0.24,54.82,0.0,2.56,35.73,49.94,50.06,100.0,42.68,11.83,34.21,11.28,0.0,15.0,2.0,94.0,4.0,899.0,0.0,42.0,586.0,819.0,821.0,1640.0,700.0,194.0,561.0,185.0
3527603,0.05,0.35,0.49,8.61,0.23,52.77,0.0,4.24,33.26,49.94,50.06,8.56,8.79,8.33,9.28,2.04,18.74,16.8,13.07,9.92,4.47,100.0,100.0,100.0,100.0,100.0,100.0,100.0,0.0,100.0,100.0,49.94,50.06,8.56,8.79,8.33,9.28,2.04,18.74,16.8,13.07,9.92,4.47,100.0,5.0,37.0,52.0,917.0,25.0,5619.0,0.0,451.0,3542.0,5318.0,5330.0,912.0,936.0,887.0,988.0,217.0,1995.0,1789.0,1392.0,1056.0,476.0,10648.0,0.05,0.38,0.43,8.51,0.26,53.77,0.0,4.03,32.57,9.61,9.11,10.15,2.23,20.49,18.38,14.3,10.85,4.89,96.49,3.51,100.0,100.0,100.0,100.0,100.0,100.0,100.0,0.0,100.0,100.0,9.61,9.11,10.15,2.23,20.49,18.38,14.3,10.85,4.89,96.49,3.51,100.0,5.0,37.0,42.0,829.0,25.0,5235.0,0.0,392.0,3171.0,936.0,887.0,988.0,217.0,1995.0,1789.0,1392.0,1056.0,476.0,9394.0,342.0,9736.0,0.06,0.47,0.47,7.58,0.15,54.96,0.0,4.44,31.86,49.08,50.92,100.0,35.79,14.09,36.62,13.5,5.0,37.0,37.0,600.0,12.0,4349.0,0.0,351.0,2521.0,3884.0,4029.0,7913.0,2832.0,1115.0,2898.0,1068.0
3527702,0.0,0.07,1.21,3.72,0.0,67.07,0.0,2.39,25.54,49.41,50.59,7.32,7.88,7.22,8.1,3.5,17.96,14.56,15.0,12.12,6.35,100.0,0.0,100.0,100.0,100.0,0.0,100.0,0.0,100.0,100.0,49.41,50.59,7.32,7.88,7.22,8.1,3.5,17.96,14.56,15.0,12.12,6.35,100.0,0.0,3.0,49.0,151.0,0.0,2723.0,0.0,97.0,1037.0,2006.0,2054.0,297.0,320.0,293.0,329.0,142.0,729.0,591.0,609.0,492.0,258.0,4060.0,0.0,0.08,1.22,3.61,0.0,67.37,0.0,2.34,25.35,8.5,7.79,8.74,3.77,19.37,15.71,16.18,13.07,6.86,92.64,7.36,100.0,0.0,100.0,100.0,100.0,0.0,100.0,0.0,100.0,100.0,8.5,7.79,8.74,3.77,19.37,15.71,16.18,13.07,6.86,92.64,7.36,100.0,0.0,3.0,46.0,136.0,0.0,2535.0,0.0,88.0,954.0,320.0,293.0,329.0,142.0,729.0,591.0,609.0,492.0,258.0,3486.0,277.0,3763.0,0.0,0.1,1.27,2.86,0.0,67.49,0.0,2.54,25.71,48.63,51.37,100.0,49.56,16.19,21.94,12.32,0.0,3.0,40.0,90.0,0.0,2126.0,0.0,80.0,810.0,1532.0,1618.0,3150.0,1561.0,510.0,691.0,388.0
3527801,0.0,0.69,0.23,7.43,0.0,61.62,0.0,1.53,28.46,48.4,51.6,7.92,7.84,6.74,6.8,3.34,15.9,16.59,14.95,12.91,7.0,100.0,0.0,100.0,100.0,100.0,0.0,100.0,0.0,100.0,100.0,48.4,51.6,7.92,7.84,6.74,6.8,3.34,15.9,16.59,14.95,12.91,7.0,100.0,0.0,24.0,8.0,258.0,0.0,2139.0,0.0,53.0,988.0,1680.0,1791.0,275.0,272.0,234.0,236.0,116.0,552.0,576.0,519.0,448.0,243.0,3471.0,0.0,0.75,0.13,7.35,0.0,62.08,0.0,1.56,28.1,8.51,7.32,7.38,3.63,17.27,18.02,16.24,14.02,7.6,91.8,8.2,100.0,0.0,100.0,100.0,100.0,0.0,100.0,0.0,100.0,100.0,8.51,7.32,7.38,3.63,17.27,18.02,16.24,14.02,7.6,91.8,8.2,100.0,0.0,24.0,4.0,235.0,0.0,1984.0,0.0,50.0,898.0,272.0,234.0,236.0,116.0,552.0,576.0,519.0,448.0,243.0,2934.0,262.0,3196.0,0.0,0.67,0.15,7.17,0.0,62.83,0.0,1.75,27.47,48.22,51.78,100.0,42.42,14.72,35.02,7.84,0.0,18.0,4.0,193.0,0.0,1690.0,0.0,47.0,739.0,1297.0,1393.0,2690.0,1141.0,396.0,942.0,211.0
3527900,0.0,0.81,0.17,5.66,0.43,67.81,0.0,1.41,23.66,48.69,51.31,7.72,6.77,6.9,6.82,3.69,16.89,15.56,15.39,13.42,6.86,100.0,0.0,100.0,100.0,100.0,100.0,100.0,0.0,100.0,100.0,48.69,51.31,7.72,6.77,6.9,6.82,3.69,16.89,15.56,15.39,13.42,6.86,100.0,0.0,19.0,4.0,132.0,10.0,1582.0,0.0,33.0,552.0,1136.0,1197.0,180.0,158.0,161.0,159.0,86.0,394.0,363.0,359.0,313.0,160.0,2333.0,0.0,0.74,0.19,5.11,0.46,68.0,0.0,1.39,24.11,7.34,7.48,7.39,3.99,18.3,16.86,16.67,14.54,7.43,93.96,6.04,100.0,0.0,100.0,100.0,100.0,100.0,100.0,0.0,100.0,100.0,7.34,7.48,7.39,3.99,18.3,16.86,16.67,14.54,7.43,93.97,6.03,100.0,0.0,16.0,4.0,110.0,10.0,1464.0,0.0,30.0,519.0,158.0,161.0,159.0,86.0,394.0,363.0,359.0,313.0,160.0,2023.0,130.0,2153.0,0.0,0.65,0.22,3.05,0.38,70.99,0.0,1.64,23.06,48.31,51.69,100.0,38.28,12.1,36.59,12.98,0.0,12.0,4.0,56.0,7.0,1302.0,0.0,30.0,423.0,886.0,948.0,1834.0,702.0,222.0,671.0,238.0
3528007,0.0,0.43,0.13,6.66,0.2,58.31,0.0,2.5,31.77,49.14,50.86,7.69,7.61,7.95,8.36,2.98,18.04,16.14,15.02,10.77,5.45,100.0,0.0,100.0,100.0,100.0,100.0,100.0,0.0,100.0,100.0,49.14,50.86,7.69,7.61,7.95,8.36,2.98,18.04,16.14,15.02,10.77,5.45,100.0,0.0,63.0,19.0,982.0,30.0,8601.0,0.0,369.0,4687.0,7248.0,7503.0,1134.0,1123.0,1172.0,1233.0,440.0,2661.0,2381.0,2215.0,1588.0,804.0,14751.0,0.0,0.46,0.14,6.64,0.15,59.35,0.0,2.61,30.65,8.25,8.61,9.05,3.23,19.54,17.49,16.27,11.66,5.9,95.11,4.89,100.0,0.0,100.0,100.0,100.0,100.0,100.0,0.0,100.0,100.0,8.25,8.61,9.05,3.23,19.54,17.49,16.27,11.66,5.9,95.11,4.89,100.0,0.0,63.0,19.0,904.0,21.0,8082.0,0.0,355.0,4173.0,1123.0,1172.0,1233.0,440.0,2661.0,2381.0,2215.0,1588.0,804.0,12951.0,666.0,13617.0,0.0,0.5,0.11,5.27,0.13,61.7,0.0,2.55,29.72,48.75,51.25,100.0,38.25,14.03,35.14,12.58,0.0,57.0,13.0,597.0,15.0,6986.0,0.0,289.0,3365.0,5520.0,5802.0,11322.0,4331.0,1588.0,3978.0,1424.0
3528106,0.0,1.16,0.13,2.77,0.0,75.69,0.0,1.4,18.83,49.67,50.33,5.85,6.52,6.27,6.65,5.24,15.04,15.48,15.91,14.34,8.69,100.0,0.0,100.0,100.0,100.0,0.0,100.0,0.0,100.0,100.0,49.67,50.33,5.85,6.52,6.27,6.65,5.24,15.04,15.48,15.91,14.34,8.69,100.0,0.0,78.0,9.0,186.0,0.0,5084.0,0.0,94.0,1265.0,3336.0,3381.0,393.0,438.0,421.0,447.0,352.0,1010.0,1040.0,1069.0,963.0,584.0,6717.0,0.0,1.15,0.14,2.72,0.0,76.19,0.0,1.49,18.31,6.93,6.66,7.07,5.57,15.97,16.45,16.9,15.23,9.23,95.27,4.73,100.0,0.0,100.0,100.0,100.0,0.0,100.0,0.0,100.0,100.0,6.93,6.66,7.07,5.57,15.97,16.45,16.9,15.23,9.23,95.27,4.73,100.0,0.0,73.0,9.0,172.0,0.0,4818.0,0.0,94.0,1158.0,438.0,421.0,447.0,352.0,1010.0,1040.0,1069.0,963.0,584.0,6025.0,299.0,6324.0,0.0,1.34,0.09,2.1,0.0,76.93,0.0,1.57,17.95,49.53,50.47,100.0,43.99,13.92,25.54,16.56,0.0,73.0,5.0,115.0,0.0,4204.0,0.0,86.0,981.0,2707.0,2758.0,5465.0,2404.0,761.0,1396.0,905.0
3528205,0.0,1.74,0.0,3.65,0.0,61.58,0.0,2.19,30.81,48.55,51.45,5.81,7.53,6.4,5.98,4.07,13.98,17.13,16.54,13.87,8.68,100.0,0.0,100.0,0.0,100.0,0.0,100.0,0.0,100.0,100.0,48.55,51.45,5.81,7.53,6.4,5.98,4.07,13.98,17.13,16.54,13.87,8.68,100.0,0.0,62.0,0.0,130.0,0.0,2193.0,0.0,78.0,1097.0,1729.0,1832.0,207.0,268.0,228.0,213.0,145.0,498.0,610.0,589.0,494.0,309.0,3561.0,0.0,1.85,0.0,3.82,0.0,62.02,0.0,2.24,30.05,7.99,6.8,6.35,4.32,14.85,18.19,17.56,14.73,9.21,95.02,4.98,100.0,0.0,100.0,0.0,100.0,0.0,100.0,0.0,100.0,100.0,7.99,6.8,6.35,4.32,14.85,18.19,17.56,14.73,9.21,95.02,4.98,100.0,0.0,62.0,0.0,128.0,0.0,2080.0,0.0,75.0,1008.0,268.0,228.0,213.0,145.0,498.0,610.0,589.0,494.0,309.0,3187.0,167.0,3354.0,0.0,1.78,0.0,3.18,0.0,63.79,0.0,2.2,29.01,48.18,51.82,100.0,46.05,12.25,26.35,15.36,0.0,51.0,0.0,91.0,0.0,1823.0,0.0,63.0,829.0,1377.0,1481.0,2858.0,1316.0,350.0,753.0,439.0
3528304,0.0,0.38,0.0,4.23,0.0,65.54,0.0,2.1,27.75,49.18,50.82,6.64,5.42,6.54,5.94,4.72,14.33,16.81,15.73,14.68,9.19,100.0,0.0,100.0,0.0,100.0,0.0,100.0,0.0,100.0,100.0,49.18,50.82,6.64,5.42,6.54,5.94,4.72,14.33,16.81,15.73,14.68,9.19,100.0,0.0,11.0,0.0,121.0,0.0,1875.0,0.0,60.0,794.0,1407.0,1454.0,190.0,155.0,187.0,170.0,135.0,410.0,481.0,450.0,420.0,263.0,2861.0,0.0,0.34,0.0,4.34,0.0,66.49,0.0,2.25,26.54,5.8,7.0,6.36,5.05,15.35,18.01,16.85,15.72,9.85,95.13,4.87,100.0,0.0,100.0,0.0,100.0,0.0,100.0,0.0,100.0,100.0,5.8,7.0,6.36,5.05,15.35,18.01,16.85,15.72,9.85,95.13,4.87,100.0,0.0,9.0,0.0,116.0,0.0,1776.0,0.0,60.0,709.0,155.0,187.0,170.0,135.0,410.0,481.0,450.0,420.0,263.0,2541.0,130.0,2671.0,0.0,0.3,0.0,3.65,0.0,67.41,0.0,2.4,26.15,48.6,51.4,100.0,42.04,14.94,28.98,14.04,0.0,7.0,0.0,85.0,0.0,1570.0,0.0,56.0,609.0,1132.0,1197.0,2329.0,979.0,348.0,675.0,327.0
3528403,0.02,1.31,1.18,7.96,0.04,52.86,0.0,4.68,31.95,49.99,50.01,7.52,7.45,8.35,8.55,2.02,18.08,17.34,14.25,10.78,5.65,100.0,100.0,100.0,100.0,100.0,100.0,100.0,0.0,100.0,100.0,49.99,50.01,7.52,7.45,8.35,8.55,2.02,18.08,17.34,14.25,10.78,5.65,100.0,9.0,576.0,516.0,3488.0,19.0,23172.0,0.0,2050.0,14004.0,21911.0,21923.0,3297.0,3267.0,3661.0,3747.0,887.0,7925.0,7599.0,6248.0,4726.0,2477.0,43834.0,0.02,1.34,1.15,7.95,0.05,53.4,0.0,4.62,31.47,8.06,9.03,9.24,2.19,19.55,18.75,15.41,11.66,6.11,96.54,3.46,100.0,100.0,100.0,100.0,100.0,100.0,100.0,0.0,100.0,100.0,8.06,9.03,9.24,2.19,19.55,18.75,15.41,11.66,6.11,96.54,3.46,100.0,9.0,542.0,468.0,3224.0,19.0,21648.0,0.0,1871.0,12756.0,3267.0,3661.0,3747.0,887.0,7925.0,7599.0,6248.0,4726.0,2477.0,39135.0,1402.0,40537.0,0.03,1.42,1.11,7.22,0.06,54.4,0.0,4.54,31.22,49.31,50.69,100.0,30.89,13.69,40.22,15.2,9.0,478.0,374.0,2427.0,19.0,18283.0,0.0,1526.0,10494.0,16571.0,17038.0,33609.0,10381.0,4602.0,13516.0,5110.0
3528502,0.02,2.33,2.05,11.5,0.24,50.59,0.03,6.07,27.17,49.49,50.51,7.55,7.55,8.04,8.04,2.09,17.06,17.89,15.01,11.36,5.41,100.0,100.0,100.0,100.0,100.0,100.0,100.0,100.0,100.0,100.0,49.49,50.51,7.55,7.55,8.04,8.04,2.09,17.06,17.89,15.01,11.36,5.41,100.0,17.0,1904.0,1680.0,9407.0,197.0,41374.0,23.0,4960.0,22215.0,40469.0,41308.0,6171.0,6173.0,6576.0,6573.0,1707.0,13952.0,14633.0,12275.0,9293.0,4425.0,81777.0,0.02,2.41,2.05,11.41,0.26,50.9,0.03,6.15,26.77,8.16,8.7,8.69,2.26,18.45,19.35,16.24,12.29,5.85,95.71,4.29,100.0,100.0,100.0,100.0,100.0,100.0,100.0,100.0,100.0,100.0,8.16,8.7,8.69,2.26,18.45,19.35,16.23,12.29,5.85,95.71,4.29,100.0,17.0,1819.0,1553.0,8623.0,197.0,38482.0,23.0,4653.0,20239.0,6173.0,6576.0,6573.0,1707.0,13952.0,14633.0,12275.0,9293.0,4425.0,72360.0,3246.0,75606.0,0.03,2.57,2.03,10.25,0.21,51.94,0.01,6.16,26.8,48.97,51.03,100.0,28.54,12.89,38.64,19.93,17.0,1613.0,1277.0,6444.0,131.0,32651.0,8.0,3869.0,16848.0,30778.0,32079.0,62857.0,17941.0,8101.0,24289.0,12525.0
3528601,0.0,0.59,0.24,5.25,0.06,69.88,0.0,1.5,22.49,49.89,50.11,7.55,7.93,7.31,7.31,2.95,17.14,16.72,14.12,11.13,7.81,100.0,0.0,100.0,100.0,100.0,100.0,100.0,0.0,100.0,100.0,49.89,50.11,7.56,7.93,7.31,7.31,2.95,17.15,16.73,14.12,11.13,7.82,100.0,0.0,52.0,21.0,462.0,5.0,6152.0,0.0,132.0,1980.0,4392.0,4412.0,665.0,698.0,644.0,644.0,260.0,1509.0,1472.0,1243.0,980.0,688.0,8804.0,0.0,0.64,0.26,5.39,0.06,69.38,0.0,1.5,22.78,8.58,7.91,7.91,3.19,18.54,18.09,15.27,12.04,8.45,96.04,3.96,100.0,0.0,100.0,100.0,100.0,100.0,100.0,0.0,100.0,100.0,8.57,7.91,7.91,3.19,18.55,18.09,15.27,12.04,8.46,96.04,3.96,100.0,0.0,52.0,21.0,439.0,5.0,5646.0,0.0,122.0,1854.0,698.0,644.0,644.0,260.0,1509.0,1472.0,1243.0,980.0,688.0,7816.0,322.0,8138.0,0.0,0.77,0.15,4.8,0.0,69.57,0.0,1.65,23.05,49.49,50.51,100.0,40.3,13.87,32.96,12.86,0.0,52.0,10.0,326.0,0.0,4729.0,0.0,112.0,1567.0,3364.0,3433.0,6797.0,2739.0,943.0,2240.0,874.0
3528700,0.0,0.86,1.15,8.62,0.0,62.07,0.0,1.27,26.02,63.44,36.56,5.4,5.02,12.19,12.77,1.99,17.64,15.19,14.26,10.35,5.18,100.0,0.0,100.0,100.0,100.0,0.0,100.0,0.0,100.0,100.0,63.44,36.56,5.4,5.02,12.19,12.77,1.99,17.64,15.19,14.26,10.35,5.18,100.0,0.0,36.0,48.0,359.0,0.0,2586.0,0.0,53.0,1084.0,2643.0,1523.0,225.0,209.0,508.0,532.0,83.0,735.0,633.0,594.0,431.0,216.0,4166.0,0.0,0.91,1.22,9.11,0.0,61.91,0.0,1.34,25.5,5.3,12.89,13.5,2.11,18.65,16.06,15.07,10.94,5.48,94.29,5.71,100.0,0.0,100.0,100.0,100.0,0.0,100.0,0.0,100.0,100.0,5.3,12.89,13.5,2.11,18.65,16.06,15.07,10.94,5.48,94.29,5.71,100.0,0.0,36.0,48.0,359.0,0.0,2440.0,0.0,53.0,1005.0,209.0,508.0,532.0,83.0,735.0,633.0,594.0,431.0,216.0,3716.0,225.0,3941.0,0.0,0.68,1.21,6.3,0.0,66.44,0.0,1.21,24.19,61.23,38.77,100.0,47.77,16.53,27.82,7.85,0.0,22.0,39.0,203.0,0.0,2142.0,0.0,39.0,780.0,1974.0,1250.0,3224.0,1540.0,533.0,897.0,253.0
3528809,0.0,0.22,0.0,2.66,0.56,63.25,0.0,2.33,30.97,49.1,50.9,6.9,7.2,7.63,7.51,2.71,16.75,17.03,15.62,11.74,6.91,100.0,0.0,100.0,0.0,100.0,100.0,100.0,0.0,100.0,100.0,49.1,50.9,6.9,7.2,7.63,7.51,2.71,16.75,17.03,15.62,11.74,6.91,100.0,0.0,25.0,0.0,296.0,62.0,7051.0,0.0,260.0,3453.0,5474.0,5674.0,769.0,803.0,851.0,837.0,302.0,1867.0,1899.0,1741.0,1309.0,770.0,11148.0,0.0,0.2,0.0,2.62,0.6,63.52,0.0,2.38,30.67,7.74,8.2,8.06,2.91,17.99,18.3,16.77,12.61,7.42,95.3,4.7,100.0,0.0,100.0,0.0,100.0,100.0,100.0,0.0,100.0,100.0,7.74,8.2,8.06,2.91,17.99,18.3,16.77,12.61,7.42,95.3,4.7,100.0,0.0,21.0,0.0,272.0,62.0,6593.0,0.0,247.0,3183.0,803.0,851.0,837.0,302.0,1867.0,1899.0,1741.0,1309.0,770.0,9891.0,488.0,10379.0,0.0,0.19,0.0,2.42,0.32,63.75,0.0,2.54,30.77,48.48,51.52,100.0,33.68,14.22,37.81,14.28,0.0,17.0,0.0,211.0,28.0,5562.0,0.0,222.0,2685.0,4230.0,4495.0,8725.0,2939.0,1241.0,3299.0,1246.0
3528858,0.0,1.45,0.24,2.38,0.34,52.03,0.0,2.96,40.63,50.03,49.97,6.13,6.82,7.64,7.89,2.75,17.94,17.22,14.91,11.67,7.02,100.0,0.0,100.0,100.0,100.0,100.0,100.0,0.0,100.0,100.0,50.03,49.97,6.13,6.82,7.64,7.89,2.75,17.94,17.22,14.91,11.67,7.02,100.0,0.0,42.0,7.0,69.0,10.0,1511.0,0.0,86.0,1180.0,1453.0,1451.0,178.0,198.0,222.0,229.0,80.0,521.0,500.0,433.0,339.0,204.0,2904.0,0.0,1.43,0.26,2.46,0.37,52.35,0.0,3.01,40.13,7.26,8.14,8.4,2.93,19.11,18.34,15.88,12.44,7.48,95.82,4.18,100.0,0.0,100.0,100.0,100.0,100.0,100.0,0.0,100.0,100.0,7.26,8.14,8.4,2.93,19.11,18.34,15.88,12.44,7.48,95.82,4.18,100.0,0.0,39.0,7.0,67.0,10.0,1427.0,0.0,82.0,1094.0,198.0,222.0,229.0,80.0,521.0,500.0,433.0,339.0,204.0,2612.0,114.0,2726.0,0.0,1.69,0.0,1.56,0.3,54.21,0.0,2.73,39.46,49.52,50.48,100.0,43.8,11.45,32.96,11.8,0.0,39.0,0.0,36.0,7.0,1250.0,0.0,63.0,910.0,1142.0,1164.0,2306.0,1010.0,264.0,760.0,272.0
3528908,0.0,0.22,0.0,5.32,0.0,72.58,0.0,1.09,20.82,49.87,50.13,6.66,6.69,6.57,6.79,3.62,16.24,14.99,16.62,14.16,7.66,100.0,0.0,100.0,0.0,100.0,0.0,100.0,0.0,100.0,100.0,49.87,50.13,6.66,6.69,6.57,6.79,3.62,16.24,14.99,16.62,14.16,7.66,100.0,0.0,7.0,0.0,166.0,0.0,2266.0,0.0,34.0,650.0,1557.0,1565.0,208.0,209.0,205.0,212.0,113.0,507.0,468.0,519.0,442.0,239.0,3122.0,0.0,0.24,0.0,5.08,0.0,73.13,0.0,1.17,20.38,7.17,7.04,7.28,3.88,17.4,16.06,17.81,15.17,8.2,95.13,4.87,100.0,0.0,100.0,0.0,100.0,0.0,100.0,0.0,100.0,100.0,7.17,7.04,7.28,3.88,17.4,16.06,17.81,15.17,8.2,95.12,4.88,100.0,0.0,7.0,0.0,148.0,0.0,2131.0,0.0,34.0,594.0,209.0,205.0,212.0,113.0,507.0,468.0,519.0,442.0,239.0,2772.0,142.0,2914.0,0.0,0.28,0.0,4.04,0.0,74.32,0.0,1.16,20.2,49.32,50.68,100.0,38.84,14.32,33.84,13.0,0.0,7.0,0.0,101.0,0.0,1858.0,0.0,29.0,505.0,1233.0,1267.0,2500.0,971.0,358.0,846.0,325.0
3529005,0.05,3.17,0.54,6.49,0.09,53.34,0.03,5.0,31.29,47.55,52.45,6.59,6.86,7.82,8.42,3.36,17.03,17.19,14.61,11.54,6.6,100.0,100.0,100.0,100.0,100.0,100.0,100.0,100.0,100.0,100.0,47.55,52.45,6.59,6.86,7.82,8.42,3.36,17.03,17.19,14.61,11.54,6.6,100.0,114.0,6631.0,1126.0,13586.0,187.0,111733.0,71.0,10465.0,65543.0,99589.0,109869.0,13795.0,14360.0,16375.0,17629.0,7036.0,35665.0,35998.0,30593.0,24174.0,13833.0,209458.0,0.06,3.26,0.56,6.54,0.09,53.7,0.04,4.99,30.77,7.34,8.37,9.01,3.6,18.23,18.4,15.64,12.35,7.07,97.47,2.53,100.0,100.0,100.0,100.0,100.0,100.0,100.0,100.0,100.0,100.0,7.34,8.37,9.01,3.6,18.23,18.4,15.64,12.35,7.07,97.47,2.53,100.0,114.0,6375.0,1096.0,12791.0,179.0,105064.0,71.0,9759.0,60213.0,14360.0,16375.0,17629.0,7036.0,35665.0,35998.0,30593.0,24174.0,13833.0,190716.0,4947.0,195663.0,0.05,3.53,0.46,5.79,0.09,55.29,0.03,4.96,29.81,46.74,53.26,100.0,23.46,14.85,36.82,24.87,87.0,5817.0,761.0,9548.0,148.0,91185.0,43.0,8183.0,49157.0,77084.0,87844.0,164928.0,38689.0,24489.0,60729.0,41021.0
3529104,0.0,6.9,0.29,2.71,0.0,65.74,0.0,1.12,23.29,49.71,50.29,5.48,6.49,6.72,6.54,3.07,14.21,16.27,18.4,15.68,7.13,100.0,0.0,100.0,100.0,100.0,0.0,100.0,0.0,100.0,100.0,49.69,50.31,5.48,6.49,6.72,6.54,3.08,14.21,16.27,18.4,15.68,7.12,100.0,0.0,117.0,5.0,46.0,0.0,1115.0,0.0,19.0,395.0,843.0,853.0,93.0,110.0,114.0,111.0,52.0,241.0,276.0,312.0,266.0,121.0,1696.0,0.0,7.17,0.31,2.87,0.0,66.38,0.0,0.69,22.65,6.86,7.11,6.92,3.24,15.03,17.22,19.46,16.59,7.55,90.58,9.42,100.0,0.0,100.0,100.0,100.0,0.0,100.0,0.0,100.0,100.0,6.86,7.11,6.92,3.26,15.03,17.22,19.46,16.59,7.53,90.55,9.45,100.0,0.0,115.0,5.0,46.0,0.0,1064.0,0.0,11.0,363.0,110.0,114.0,111.0,52.0,241.0,276.0,312.0,266.0,121.0,1452.0,151.0,1603.0,0.0,8.05,0.36,2.68,0.0,66.13,0.0,0.8,21.97,50.11,49.89,100.0,43.15,14.43,32.34,10.08,0.0,111.0,5.0,37.0,0.0,912.0,0.0,11.0,303.0,691.0,688.0,1379.0,595.0,199.0,446.0,139.0
3529203,0.0,0.48,0.2,4.48,0.29,62.84,0.0,2.99,28.73,51.44,48.56,6.64,6.97,7.76,8.52,3.27,17.27,15.71,15.61,11.87,6.39,100.0,0.0,100.0,100.0,100.0,100.0,100.0,0.0,100.0,100.0,51.44,48.56,6.64,6.97,7.76,8.52,3.27,17.27,15.71,15.61,11.87,6.39,100.0,0.0,105.0,44.0,990.0,63.0,13889.0,0.0,661.0,6350.0,11370.0,10732.0,1467.0,1540.0,1715.0,1883.0,722.0,3816.0,3473.0,3451.0,2623.0,1412.0,22102.0,0.0,0.51,0.21,4.6,0.31,63.03,0.0,3.03,28.31,7.46,8.31,9.13,3.5,18.49,16.83,16.72,12.71,6.84,94.93,5.07,100.0,0.0,100.0,100.0,100.0,100.0,100.0,0.0,100.0,100.0,7.46,8.31,9.13,3.5,18.49,16.83,16.72,12.71,6.84,94.93,5.07,100.0,0.0,105.0,44.0,949.0,63.0,13006.0,0.0,625.0,5842.0,1540.0,1715.0,1883.0,722.0,3816.0,3473.0,3451.0,2623.0,1412.0,19589.0,1046.0,20635.0,0.0,0.51,0.19,4.17,0.3,63.9,0.0,3.36,27.57,51.27,48.73,100.0,36.04,16.11,32.37,15.48,0.0,88.0,33.0,724.0,53.0,11106.0,0.0,584.0,4792.0,8910.0,8470.0,17380.0,6263.0,2800.0,5626.0,2691.0
3529302,0.02,2.91,0.98,6.43,0.1,63.54,0.0,3.67,22.36,48.73,51.27,6.35,6.85,7.54,8.08,2.74,17.72,17.52,14.76,12.09,6.35,100.0,100.0,100.0,100.0,100.0,100.0,100.0,0.0,100.0,100.0,48.73,51.27,6.35,6.85,7.54,8.08,2.74,17.72,17.52,14.76,12.09,6.35,100.0,11.0,2052.0,691.0,4542.0,70.0,44864.0,0.0,2590.0,15785.0,34407.0,36197.0,4484.0,4837.0,5322.0,5706.0,1935.0,12508.0,12372.0,10421.0,8533.0,4485.0,70604.0,0.02,2.94,1.01,6.34,0.11,63.82,0.0,3.69,22.07,7.32,8.05,8.63,2.93,18.92,18.71,15.76,12.91,6.78,96.33,3.67,100.0,100.0,100.0,100.0,100.0,100.0,100.0,0.0,100.0,100.0,7.32,8.05,8.63,2.93,18.92,18.71,15.76,12.91,6.78,96.33,3.67,100.0,11.0,1947.0,668.0,4192.0,70.0,42198.0,0.0,2441.0,14593.0,4837.0,5322.0,5706.0,1935.0,12508.0,12372.0,10421.0,8533.0,4485.0,63692.0,2428.0,66120.0,0.02,2.87,0.83,5.66,0.09,64.94,0.0,3.78,21.81,48.01,51.99,100.0,30.43,14.73,37.16,17.68,11.0,1605.0,467.0,3167.0,50.0,36340.0,0.0,2116.0,12205.0,26866.0,29095.0,55961.0,17029.0,8242.0,20797.0,9892.0
3529401,0.0,1.58,1.12,10.85,0.11,45.84,0.01,7.01,33.47,47.79,52.21,7.14,7.69,8.9,9.04,1.91,18.92,17.22,14.29,10.01,4.88,100.0,100.0,100.0,100.0,100.0,100.0,100.0,100.0,100.0,100.0,47.79,52.21,7.14,7.69,8.9,9.04,1.91,18.92,17.22,14.29,10.01,4.88,100.0,11.0,5810.0,4122.0,39887.0,415.0,168485.0,20.0,25771.0,123000.0,175640.0,191882.0,26241.0,28268.0,32700.0,33241.0,7010.0,69531.0,63284.0,52523.0,36783.0,17939.0,367522.0,0.0,1.64,1.12,10.75,0.11,46.37,0.01,6.96,33.05,8.28,9.58,9.74,2.05,20.37,18.54,15.39,10.78,5.26,96.84,3.16,100.0,100.0,100.0,100.0,100.0,100.0,100.0,100.0,100.0,100.0,8.28,9.58,9.74,2.05,20.37,18.54,15.39,10.78,5.26,96.84,3.16,100.0,11.0,5590.0,3808.0,36686.0,380.0,158250.0,20.0,23758.0,112779.0,28268.0,32700.0,33241.0,7010.0,69531.0,63284.0,52523.0,36783.0,17939.0,330512.0,10769.0,341281.0,0.0,1.73,1.07,9.67,0.12,47.7,0.01,6.84,32.86,46.87,53.13,100.0,25.95,15.14,42.99,15.92,11.0,4857.0,3006.0,27097.0,338.0,133702.0,20.0,19177.0,92103.0,131391.0,148922.0,280312.0,72747.0,42444.0,120506.0,44615.0
3529500,0.0,1.07,0.44,4.09,0.37,65.25,0.0,3.17,25.62,50.33,49.67,6.96,6.83,7.24,7.66,3.22,18.47,15.97,14.83,11.22,7.61,100.0,0.0,100.0,100.0,100.0,100.0,100.0,0.0,100.0,100.0,50.33,49.67,6.96,6.83,7.24,7.66,3.22,18.47,15.97,14.83,11.22,7.61,100.0,0.0,58.0,24.0,222.0,20.0,3543.0,0.0,172.0,1391.0,2733.0,2697.0,378.0,371.0,393.0,416.0,175.0,1003.0,867.0,805.0,609.0,413.0,5430.0,0.0,1.09,0.48,4.14,0.34,65.64,0.0,2.95,25.38,7.34,7.78,8.23,3.46,19.85,17.16,15.93,12.05,8.17,95.92,4.08,100.0,0.0,100.0,100.0,100.0,100.0,100.0,0.0,100.0,100.0,7.34,7.78,8.23,3.46,19.85,17.16,15.93,12.05,8.17,95.92,4.08,100.0,0.0,55.0,24.0,209.0,17.0,3316.0,0.0,149.0,1282.0,371.0,393.0,416.0,175.0,1003.0,867.0,805.0,609.0,413.0,4846.0,206.0,5052.0,0.0,1.28,0.26,3.5,0.28,66.86,0.0,2.73,25.12,49.39,50.61,100.0,40.6,13.71,32.23,13.46,0.0,55.0,11.0,150.0,12.0,2867.0,0.0,117.0,1077.0,2118.0,2170.0,4288.0,1741.0,588.0,1382.0,577.0
3529609,0.0,1.6,0.0,8.79,0.0,62.92,0.0,0.96,25.74,49.47,50.53,6.8,7.17,7.24,7.44,3.46,15.26,17.52,15.39,12.79,6.94,100.0,0.0,100.0,0.0,100.0,0.0,100.0,0.0,100.0,100.0,49.47,50.53,6.8,7.17,7.24,7.44,3.46,15.26,17.52,15.39,12.79,6.94,100.0,0.0,65.0,0.0,358.0,0.0,2564.0,0.0,39.0,1049.0,2016.0,2059.0,277.0,292.0,295.0,303.0,141.0,622.0,714.0,627.0,521.0,283.0,4075.0,0.0,1.63,0.0,8.64,0.0,63.48,0.0,0.92,25.3,7.69,7.77,7.98,3.71,16.38,18.8,16.51,13.72,7.45,95.66,4.34,100.0,0.0,100.0,0.0,100.0,0.0,100.0,0.0,100.0,100.0,7.69,7.77,7.98,3.71,16.38,18.8,16.51,13.72,7.45,95.66,4.34,100.0,0.0,62.0,0.0,328.0,0.0,2411.0,0.0,35.0,961.0,292.0,295.0,303.0,141.0,622.0,714.0,627.0,521.0,283.0,3633.0,165.0,3798.0,0.0,1.78,0.0,7.75,0.0,64.93,0.0,1.0,24.57,48.68,51.32,100.0,40.92,12.24,32.58,14.26,0.0,57.0,0.0,249.0,0.0,2085.0,0.0,32.0,789.0,1563.0,1648.0,3211.0,1314.0,393.0,1046.0,458.0
3529658,0.0,0.23,0.23,9.61,0.0,63.14,0.0,0.58,26.22,49.94,50.06,8.22,7.06,8.33,7.0,3.53,15.63,16.72,14.18,12.85,6.48,100.0,0.0,100.0,100.0,100.0,0.0,100.0,0.0,100.0,100.0,49.94,50.06,8.22,7.06,8.33,7.0,3.53,15.62,16.72,14.18,12.85,6.48,100.0,0.0,4.0,4.0,166.0,0.0,1091.0,0.0,10.0,453.0,863.0,865.0,142.0,122.0,144.0,121.0,61.0,270.0,289.0,245.0,222.0,112.0,1728.0,0.0,0.25,0.25,9.52,0.0,62.55,0.0,0.63,26.73,7.69,9.08,7.63,3.85,17.02,18.22,15.45,14.0,7.06,88.4,11.6,100.0,0.0,100.0,100.0,100.0,0.0,100.0,0.0,100.0,100.0,7.69,9.08,7.63,3.85,17.02,18.22,15.45,14.0,7.06,88.4,11.6,100.0,0.0,4.0,4.0,151.0,0.0,992.0,0.0,10.0,424.0,122.0,144.0,121.0,61.0,270.0,289.0,245.0,222.0,112.0,1402.0,184.0,1586.0,0.0,0.15,0.3,7.73,0.0,64.09,0.0,0.38,27.2,49.77,50.23,100.0,45.0,13.86,31.67,9.47,0.0,2.0,4.0,102.0,0.0,846.0,0.0,5.0,359.0,657.0,663.0,1320.0,594.0,183.0,418.0,125.0
3529708,0.0,1.34,0.36,3.99,0.4,67.53,0.0,2.88,23.49,48.49,51.51,8.54,7.36,8.74,8.41,1.98,17.21,16.05,14.27,10.95,6.48,100.0,0.0,100.0,100.0,100.0,100.0,100.0,0.0,100.0,100.0,48.49,51.51,8.54,7.36,8.74,8.41,1.98,17.2,16.05,14.28,10.96,6.48,100.0,0.0,231.0,62.0,686.0,69.0,11610.0,0.0,495.0,4038.0,8337.0,8855.0,1469.0,1266.0,1503.0,1446.0,341.0,2958.0,2759.0,2454.0,1883.0,1114.0,17192.0,0.0,1.47,0.32,3.98,0.31,68.62,0.0,2.8,22.5,8.05,9.56,9.2,2.17,18.81,17.55,15.61,11.98,7.09,93.3,6.7,100.0,0.0,100.0,100.0,100.0,100.0,100.0,0.0,100.0,100.0,8.05,9.56,9.19,2.17,18.81,17.55,15.61,11.98,7.09,93.3,6.7,100.0,0.0,231.0,50.0,626.0,49.0,10789.0,0.0,440.0,3538.0,1266.0,1503.0,1446.0,341.0,2958.0,2759.0,2454.0,1883.0,1114.0,14670.0,1053.0,15723.0,0.0,1.68,0.09,3.65,0.38,69.36,0.0,2.93,21.89,47.87,52.13,100.0,42.6,16.11,27.92,13.37,0.0,218.0,12.0,473.0,49.0,8986.0,0.0,380.0,2836.0,6202.0,6753.0,12955.0,5519.0,2087.0,3617.0,1732.0
3529807,0.0,1.58,0.54,4.97,0.1,63.65,0.0,1.47,27.67,49.5,50.5,7.12,7.43,7.16,7.55,2.76,17.36,17.1,14.53,12.66,6.33,100.0,0.0,100.0,100.0,100.0,100.0,100.0,0.0,100.0,100.0,49.5,50.5,7.12,7.43,7.16,7.55,2.76,17.36,17.1,14.53,12.66,6.33,100.0,0.0,157.0,54.0,493.0,10.0,6317.0,0.0,146.0,2746.0,4912.0,5012.0,707.0,737.0,711.0,749.0,274.0,1723.0,1697.0,1442.0,1256.0,628.0,9924.0,0.0,1.7,0.42,4.7,0.11,64.6,0.0,1.58,26.87,8.0,7.71,8.13,2.97,18.69,18.41,15.65,13.63,6.81,94.55,5.45,100.0,0.0,100.0,100.0,100.0,100.0,100.0,0.0,100.0,100.0,8.0,7.71,8.13,2.97,18.69,18.41,15.65,13.63,6.81,94.55,5.45,100.0,0.0,157.0,39.0,433.0,10.0,5954.0,0.0,146.0,2477.0,737.0,711.0,749.0,274.0,1723.0,1697.0,1442.0,1256.0,628.0,8715.0,502.0,9217.0,0.0,1.8,0.5,3.44,0.03,66.83,0.0,1.53,25.85,48.73,51.27,100.0,43.07,17.52,28.46,10.95,0.0,140.0,39.0,267.0,2.0,5192.0,0.0,119.0,2008.0,3786.0,3983.0,7769.0,3346.0,1361.0,2211.0,851.0
3529906,0.04,0.58,0.48,8.45,0.28,40.24,0.56,5.41,43.95,49.72,50.28,8.48,8.31,7.88,7.36,2.84,15.3,16.06,14.97,12.03,6.78,100.0,100.0,100.0,100.0,100.0,100.0,100.0,100.0,100.0,100.0,49.72,50.28,8.48,8.31,7.88,7.36,2.84,15.3,16.06,14.97,12.03,6.78,100.0,7.0,92.0,76.0,1349.0,44.0,6424.0,90.0,864.0,7016.0,7937.0,8026.0,1353.0,1326.0,1258.0,1175.0,453.0,2442.0,2564.0,2389.0,1920.0,1083.0,15963.0,0.05,0.6,0.52,8.02,0.3,41.17,0.49,5.28,43.58,9.08,8.61,8.04,3.1,16.71,17.55,16.35,13.14,7.41,92.29,7.71,100.0,100.0,100.0,100.0,100.0,100.0,100.0,100.0,100.0,100.0,9.08,8.61,8.04,3.1,16.71,17.55,16.35,13.14,7.41,92.29,7.71,100.0,7.0,87.0,76.0,1172.0,44.0,6015.0,71.0,772.0,6367.0,1326.0,1258.0,1175.0,453.0,2442.0,2564.0,2389.0,1920.0,1083.0,13483.0,1127.0,14610.0,0.06,0.56,0.58,6.94,0.26,43.21,0.37,5.21,42.8,49.43,50.57,100.0,46.62,14.52,28.55,10.31,7.0,67.0,70.0,835.0,31.0,5196.0,45.0,627.0,5147.0,5945.0,6081.0,12026.0,5607.0,1746.0,3434.0,1240.0
3530003,0.0,2.84,0.14,2.08,0.0,66.32,0.0,3.73,24.88,49.41,50.59,6.14,5.46,5.53,6.14,2.94,14.29,16.55,16.19,17.31,9.44,100.0,0.0,100.0,100.0,100.0,0.0,100.0,0.0,100.0,100.0,49.41,50.59,6.14,5.46,5.53,6.14,2.94,14.29,16.55,16.19,17.31,9.44,100.0,0.0,79.0,4.0,58.0,0.0,1847.0,0.0,104.0,693.0,1376.0,1409.0,171.0,152.0,154.0,171.0,82.0,398.0,461.0,451.0,482.0,263.0,2785.0,0.0,2.91,0.15,2.14,0.0,66.99,0.0,3.9,23.91,5.81,5.89,6.54,3.14,15.23,17.64,17.25,18.44,10.06,95.1,4.9,100.0,0.0,100.0,100.0,100.0,0.0,100.0,0.0,100.0,100.0,5.81,5.89,6.54,3.14,15.23,17.64,17.25,18.44,10.06,95.09,4.91,100.0,0.0,76.0,4.0,56.0,0.0,1751.0,0.0,102.0,625.0,152.0,154.0,171.0,82.0,398.0,461.0,451.0,482.0,263.0,2486.0,128.0,2614.0,0.0,3.16,0.17,2.17,0.0,67.29,0.0,3.99,23.22,49.0,51.0,100.0,42.72,15.08,29.59,12.61,0.0,73.0,4.0,50.0,0.0,1553.0,0.0,92.0,536.0,1131.0,1177.0,2308.0,986.0,348.0,683.0,291.0
3530102,0.0,1.27,0.86,5.43,0.25,55.71,0.0,6.11,30.37,57.1,42.9,5.55,5.43,5.82,7.5,3.73,19.92,18.85,15.22,10.54,7.44,100.0,0.0,100.0,100.0,100.0,100.0,100.0,0.0,100.0,100.0,57.1,42.9,5.55,5.43,5.82,7.5,3.73,19.92,18.85,15.22,10.54,7.44,100.0,0.0,325.0,219.0,1385.0,63.0,14217.0,0.0,1558.0,7751.0,14572.0,10947.0,1417.0,1385.0,1485.0,1913.0,952.0,5083.0,4810.0,3884.0,2690.0,1899.0,25518.0,0.0,1.3,0.91,5.4,0.23,55.89,0.0,6.24,30.03,5.75,6.16,7.94,3.95,21.09,19.96,16.12,11.16,7.88,95.94,4.06,100.0,0.0,100.0,100.0,100.0,100.0,100.0,0.0,100.0,100.0,5.75,6.16,7.94,3.95,21.09,19.96,16.11,11.16,7.88,95.94,4.06,100.0,0.0,313.0,219.0,1301.0,55.0,13471.0,0.0,1505.0,7237.0,1385.0,1485.0,1913.0,952.0,5083.0,4810.0,3884.0,2690.0,1899.0,23123.0,978.0,24101.0,0.0,1.36,0.81,5.06,0.17,57.07,0.0,6.4,29.13,58.1,41.91,100.0,37.39,16.67,31.9,14.04,0.0,288.0,173.0,1075.0,37.0,12116.0,0.0,1359.0,6184.0,12335.0,8897.0,21231.0,7938.0,3539.0,6773.0,2981.0
3530201,0.0,0.29,0.49,3.09,0.03,67.05,0.0,2.04,27.0,49.71,50.29,7.27,7.39,6.6,6.13,3.8,14.35,15.95,17.53,13.46,7.53,100.0,0.0,100.0,100.0,100.0,100.0,100.0,0.0,100.0,100.0,49.71,50.29,7.27,7.39,6.6,6.13,3.8,14.35,15.95,17.53,13.46,7.53,100.0,0.0,41.0,69.0,435.0,4.0,9431.0,0.0,287.0,3798.0,6992.0,7073.0,1022.0,1039.0,928.0,862.0,534.0,2019.0,2243.0,2466.0,1893.0,1059.0,14065.0,0.0,0.31,0.53,3.23,0.03,67.32,0.0,2.04,26.54,7.97,7.11,6.61,4.09,15.48,17.2,18.91,14.51,8.12,92.11,7.89,100.0,0.0,100.0,100.0,100.0,100.0,100.0,0.0,100.0,100.0,7.97,7.11,6.61,4.09,15.48,17.2,18.91,14.51,8.12,92.11,7.89,100.0,0.0,41.0,69.0,421.0,4.0,8780.0,0.0,266.0,3461.0,1039.0,928.0,862.0,534.0,2019.0,2243.0,2466.0,1893.0,1059.0,12014.0,1029.0,13043.0,0.0,0.29,0.47,2.58,0.0,68.27,0.0,1.92,26.47,49.12,50.88,100.0,39.17,12.88,33.95,14.0,0.0,32.0,52.0,286.0,0.0,7562.0,0.0,213.0,2932.0,5441.0,5635.0,11076.0,4338.0,1427.0,3760.0,1551.0
3530300,0.0,5.03,1.68,4.18,0.0,59.92,0.03,4.46,24.7,48.41,51.59,6.6,6.77,6.98,7.74,2.87,17.95,18.04,15.44,11.24,6.39,100.0,0.0,100.0,100.0,100.0,0.0,100.0,100.0,100.0,100.0,48.41,51.59,6.6,6.77,6.98,7.74,2.87,17.95,18.04,15.44,11.24,6.38,100.0,0.0,2801.0,933.0,2328.0,0.0,33368.0,17.0,2486.0,13758.0,26960.0,28731.0,3677.0,3770.0,3887.0,4309.0,1596.0,9997.0,10045.0,8597.0,6259.0,3556.0,55691.0,0.0,5.18,1.71,4.18,0.0,60.12,0.03,4.47,24.31,7.25,7.47,8.28,3.07,19.22,19.31,16.53,12.03,6.84,97.37,2.63,100.0,0.0,100.0,100.0,100.0,0.0,100.0,100.0,100.0,100.0,7.25,7.47,8.28,3.07,19.22,19.31,16.53,12.03,6.84,97.37,2.63,100.0,0.0,2696.0,889.0,2172.0,0.0,31269.0,17.0,2325.0,12646.0,3770.0,3887.0,4309.0,1596.0,9997.0,10045.0,8597.0,6259.0,3556.0,50644.0,1370.0,52014.0,0.0,5.42,1.4,3.46,0.0,61.75,0.04,4.31,23.62,47.58,52.42,100.0,27.79,14.31,34.84,23.06,0.0,2405.0,623.0,1533.0,0.0,27389.0,17.0,1912.0,10478.0,21103.0,23254.0,44357.0,12327.0,6348.0,15455.0,10227.0
3530409,0.0,1.87,0.73,3.75,0.12,59.44,0.0,0.41,33.67,50.65,49.35,7.33,7.26,7.65,8.16,3.7,16.02,16.56,14.46,11.47,7.4,100.0,0.0,100.0,100.0,100.0,100.0,100.0,0.0,100.0,100.0,50.65,49.35,7.33,7.26,7.65,8.16,3.7,16.02,16.56,14.46,11.47,7.4,100.0,0.0,77.0,30.0,154.0,5.0,2441.0,0.0,17.0,1383.0,2080.0,2027.0,301.0,298.0,314.0,335.0,152.0,658.0,680.0,594.0,471.0,304.0,4107.0,0.0,2.02,0.71,3.6,0.13,60.04,0.0,0.45,33.05,7.83,8.25,8.8,3.99,17.29,17.87,15.61,12.38,7.99,95.35,4.65,100.0,0.0,100.0,100.0,100.0,100.0,100.0,0.0,100.0,100.0,7.83,8.25,8.8,3.99,17.29,17.87,15.61,12.38,7.99,95.35,4.65,100.0,0.0,77.0,27.0,137.0,5.0,2285.0,0.0,17.0,1258.0,298.0,314.0,335.0,152.0,658.0,680.0,594.0,471.0,304.0,3629.0,177.0,3806.0,0.0,1.91,0.66,3.26,0.16,62.52,0.0,0.44,31.06,50.16,49.84,100.0,44.8,18.03,26.86,10.27,0.0,61.0,21.0,104.0,5.0,1997.0,0.0,14.0,992.0,1602.0,1592.0,3194.0,1431.0,576.0,858.0,328.0
3530508,0.0,1.55,0.09,3.2,0.02,70.1,0.0,2.3,22.75,48.96,51.04,6.49,6.99,7.44,7.56,3.18,16.49,16.72,15.06,12.65,7.4,100.0,0.0,100.0,100.0,100.0,100.0,100.0,0.0,100.0,100.0,48.96,51.04,6.49,6.99,7.44,7.56,3.18,16.49,16.72,15.06,12.65,7.4,100.0,0.0,933.0,57.0,1926.0,11.0,42248.0,0.0,1388.0,13709.0,29509.0,30763.0,3912.0,4215.0,4485.0,4557.0,1915.0,9940.0,10080.0,9078.0,7627.0,4463.0,60272.0,0.0,1.56,0.1,3.13,0.02,70.43,0.0,2.36,22.4,7.48,7.96,8.09,3.4,17.64,17.89,16.11,13.53,7.92,96.1,3.9,100.0,0.0,100.0,100.0,100.0,100.0,100.0,0.0,100.0,100.0,7.48,7.96,8.09,3.4,17.64,17.89,16.11,13.53,7.92,96.1,3.9,100.0,0.0,877.0,57.0,1764.0,11.0,39694.0,0.0,1331.0,12625.0,4215.0,4485.0,4557.0,1915.0,9940.0,10080.0,9078.0,7627.0,4463.0,54160.0,2200.0,56360.0,0.0,1.62,0.09,2.95,0.02,71.41,0.0,2.35,21.56,48.52,51.48,100.0,33.22,14.8,35.27,16.7,0.0,774.0,43.0,1404.0,11.0,34033.0,0.0,1118.0,10276.0,23124.0,24536.0,47660.0,15835.0,7056.0,16810.0,7959.0
3530607,0.02,3.36,2.23,10.92,0.08,42.77,0.02,8.32,32.27,47.72,52.28,7.8,7.95,8.59,8.43,2.31,17.87,17.34,14.1,10.34,5.28,100.0,100.0,100.0,100.0,100.0,100.0,100.0,100.0,100.0,100.0,47.72,52.28,7.8,7.95,8.59,8.43,2.31,17.87,17.34,14.1,10.34,5.28,100.0,92.0,13238.0,8777.0,43022.0,331.0,168480.0,91.0,32765.0,127136.0,188004.0,205928.0,30713.0,31322.0,33828.0,33224.0,9093.0,70382.0,68306.0,55530.0,40739.0,20795.0,393932.0,0.03,3.46,2.24,10.87,0.08,43.33,0.01,8.34,31.65,8.62,9.31,9.15,2.5,19.38,18.81,15.29,11.22,5.73,97.2,2.8,100.0,100.0,100.0,100.0,100.0,100.0,100.0,100.0,100.0,100.0,8.62,9.31,9.15,2.5,19.38,18.81,15.29,11.22,5.73,97.2,2.8,100.0,92.0,12552.0,8129.0,39467.0,291.0,157386.0,53.0,30278.0,114970.0,31322.0,33828.0,33224.0,9093.0,70382.0,68306.0,55530.0,40739.0,20795.0,353047.0,10172.0,363219.0,0.02,3.74,2.1,9.84,0.08,44.97,0.02,8.4,30.84,46.74,53.26,100.0,23.53,12.7,38.93,24.84,68.0,11137.0,6247.0,29325.0,229.0,134049.0,46.0,25041.0,91926.0,139318.0,158751.0,298069.0,70128.0,37855.0,116041.0,74046.0
3530706,0.01,1.29,0.75,5.5,0.08,57.04,0.0,3.72,31.62,48.4,51.6,6.8,6.92,7.83,8.51,2.48,18.39,17.19,14.46,11.34,6.08,100.0,100.0,100.0,100.0,100.0,100.0,100.0,0.0,100.0,100.0,48.4,51.6,6.8,6.92,7.83,8.51,2.48,18.38,17.19,14.46,11.34,6.08,100.0,10.0,1747.0,1018.0,7459.0,106.0,77352.0,0.0,5046.0,42878.0,65635.0,69981.0,9227.0,9379.0,10620.0,11536.0,3370.0,24933.0,23314.0,19616.0,15378.0,8243.0,135616.0,0.01,1.33,0.75,5.53,0.07,57.51,0.0,3.7,31.1,7.42,8.4,9.13,2.67,19.73,18.45,15.52,12.17,6.52,97.23,2.77,100.0,100.0,100.0,100.0,100.0,100.0,100.0,0.0,100.0,100.0,7.42,8.4,9.13,2.67,19.73,18.45,15.52,12.17,6.52,97.23,2.77,100.0,10.0,1675.0,950.0,6992.0,94.0,72685.0,0.0,4680.0,39303.0,9379.0,10620.0,11536.0,3370.0,24933.0,23314.0,19616.0,15378.0,8243.0,122889.0,3500.0,126389.0,0.01,1.45,0.69,4.93,0.07,58.99,0.0,3.72,30.15,47.77,52.23,100.0,28.38,15.27,38.3,18.05,10.0,1539.0,735.0,5241.0,71.0,62764.0,0.0,3957.0,32073.0,50819.0,55571.0,106390.0,30197.0,16245.0,40749.0,19199.0
3530805,0.03,2.56,0.9,6.1,0.14,61.07,0.0,4.43,24.76,48.24,51.76,6.58,6.72,7.5,7.72,2.95,17.3,17.21,14.98,12.29,6.75,100.0,100.0,100.0,100.0,100.0,100.0,100.0,0.0,100.0,100.0,48.24,51.76,6.58,6.72,7.5,7.72,2.95,17.3,17.21,14.98,12.29,6.75,100.0,21.0,2112.0,739.0,5029.0,116.0,50336.0,0.0,3655.0,20409.0,39754.0,42663.0,5423.0,5537.0,6181.0,6362.0,2434.0,14259.0,14186.0,12344.0,10128.0,5564.0,82417.0,0.03,2.65,0.9,6.01,0.13,61.53,0.0,4.47,24.29,7.19,8.03,8.26,3.16,18.52,18.42,16.03,13.15,7.23,96.93,3.07,100.0,100.0,100.0,100.0,100.0,100.0,100.0,0.0,100.0,100.0,7.19,8.03,8.26,3.16,18.52,18.43,16.03,13.15,7.23,96.93,3.07,100.0,21.0,2039.0,695.0,4624.0,100.0,47372.0,0.0,3444.0,18698.0,5537.0,6181.0,6362.0,2434.0,14259.0,14186.0,12344.0,10128.0,5564.0,74630.0,2364.0,76994.0,0.02,2.85,0.9,5.11,0.15,63.18,0.0,4.53,23.25,47.46,52.54,100.0,28.35,14.64,33.25,23.76,10.0,1863.0,589.0,3337.0,100.0,41241.0,0.0,2959.0,15177.0,30982.0,34294.0,65276.0,18504.0,9557.0,21705.0,15510.0
3530904,0.0,0.0,0.67,8.04,0.0,57.53,0.0,1.4,32.37,48.98,51.02,8.04,8.04,8.26,9.06,2.23,17.16,15.91,15.47,10.55,5.29,100.0,0.0,0.0,100.0,100.0,0.0,100.0,0.0,100.0,100.0,48.98,51.02,8.04,8.04,8.26,9.06,2.23,17.16,15.91,15.47,10.55,5.29,100.0,0.0,0.0,21.0,252.0,0.0,1804.0,0.0,44.0,1015.0,1536.0,1600.0,252.0,252.0,259.0,284.0,70.0,538.0,499.0,485.0,331.0,166.0,3136.0,0.0,0.0,0.55,8.01,0.0,58.77,0.0,1.46,31.21,8.74,8.98,9.85,2.43,18.65,17.3,16.82,11.48,5.76,93.65,6.35,100.0,0.0,0.0,100.0,100.0,0.0,100.0,0.0,100.0,100.0,8.74,8.98,9.85,2.43,18.65,17.3,16.82,11.48,5.76,93.67,6.33,100.0,0.0,0.0,16.0,231.0,0.0,1695.0,0.0,42.0,900.0,252.0,259.0,284.0,70.0,538.0,499.0,485.0,331.0,166.0,2701.0,183.0,2884.0,0.0,0.0,0.67,6.7,0.0,60.68,0.0,1.6,30.3,49.14,50.86,100.0,38.64,19.3,35.23,6.83,0.0,0.0,16.0,159.0,0.0,1440.0,0.0,38.0,719.0,1166.0,1207.0,2373.0,917.0,458.0,836.0,162.0
3531001,0.0,0.69,0.0,8.53,0.0,68.93,0.0,1.15,20.63,49.28,50.72,6.28,6.51,4.67,4.84,4.78,13.54,16.37,17.06,16.25,9.68,100.0,0.0,100.0,0.0,100.0,0.0,100.0,0.0,100.0,100.0,49.31,50.69,6.28,6.51,4.67,4.84,4.78,13.54,16.37,17.06,16.25,9.68,100.0,0.0,12.0,0.0,148.0,0.0,1196.0,0.0,20.0,358.0,855.0,880.0,109.0,113.0,81.0,84.0,83.0,235.0,284.0,296.0,282.0,168.0,1735.0,0.0,0.74,0.0,8.55,0.0,69.86,0.0,1.17,19.74,6.95,4.98,5.17,5.1,14.45,17.47,18.2,17.34,10.33,95.63,4.37,100.0,0.0,100.0,0.0,100.0,0.0,100.0,0.0,100.0,100.0,6.95,4.98,5.17,5.1,14.45,17.47,18.2,17.34,10.33,95.65,4.35,100.0,0.0,12.0,0.0,139.0,0.0,1136.0,0.0,19.0,321.0,113.0,81.0,84.0,83.0,235.0,284.0,296.0,282.0,168.0,1555.0,71.0,1626.0,0.0,0.84,0.0,7.75,0.0,70.6,0.0,1.33,19.55,48.81,51.19,100.0,43.78,10.47,32.33,13.41,0.0,12.0,0.0,111.0,0.0,1011.0,0.0,19.0,280.0,699.0,733.0,1432.0,627.0,150.0,463.0,192.0
3531100,0.35,4.87,8.85,13.4,0.06,41.23,0.39,5.56,25.3,50.78,49.22,7.27,7.23,7.28,7.78,2.24,14.56,15.66,14.3,15.2,8.46,100.0,100.0,100.0,100.0,100.0,100.0,100.0,100.0,100.0,100.0,50.78,49.22,7.27,7.23,7.28,7.78,2.24,14.56,15.66,14.3,15.2,8.46,100.0,189.0,2655.0,4827.0,7313.0,35.0,22493.0,214.0,3033.0,13801.0,27702.0,26856.0,3965.0,3947.0,3973.0,4247.0,1224.0,7943.0,8546.0,7803.0,8292.0,4618.0,54558.0,0.36,5.09,9.09,13.02,0.07,41.69,0.3,5.55,24.84,7.8,7.85,8.39,2.42,15.7,16.89,15.42,16.39,9.13,96.33,3.67,100.0,100.0,100.0,100.0,100.0,100.0,100.0,100.0,100.0,100.0,7.8,7.85,8.39,2.42,15.7,16.89,15.42,16.39,9.13,96.33,3.67,100.0,180.0,2575.0,4597.0,6588.0,35.0,21092.0,153.0,2808.0,12565.0,3947.0,3973.0,4247.0,1224.0,7943.0,8546.0,7803.0,8292.0,4618.0,48734.0,1859.0,50593.0,0.3,5.71,9.85,11.08,0.08,42.68,0.21,5.69,24.4,49.9,50.1,100.0,30.63,21.24,36.04,12.08,128.0,2435.0,4202.0,4727.0,35.0,18214.0,91.0,2430.0,10411.0,21295.0,21378.0,42673.0,13071.0,9064.0,15381.0,5157.0
3531209,0.0,2.38,2.61,4.63,0.08,70.96,0.0,3.63,15.71,49.55,50.45,5.93,5.92,6.54,6.89,3.67,16.41,16.38,15.66,14.74,7.85,100.0,0.0,100.0,100.0,100.0,100.0,100.0,0.0,100.0,100.0,49.55,50.45,5.93,5.92,6.54,6.89,3.67,16.41,16.38,15.66,14.74,7.85,100.0,0.0,184.0,202.0,358.0,6.0,5488.0,0.0,281.0,1215.0,3832.0,3902.0,459.0,458.0,506.0,533.0,284.0,1269.0,1267.0,1211.0,1140.0,607.0,7734.0,0.0,2.38,2.6,4.78,0.08,71.3,0.0,3.86,14.98,6.3,6.96,7.33,3.9,17.44,17.42,16.65,15.67,8.34,96.58,3.42,100.0,0.0,100.0,100.0,100.0,100.0,100.0,0.0,100.0,100.0,6.3,6.96,7.33,3.9,17.44,17.42,16.65,15.67,8.34,96.57,3.43,100.0,0.0,173.0,189.0,348.0,6.0,5187.0,0.0,281.0,1090.0,458.0,506.0,533.0,284.0,1269.0,1267.0,1211.0,1140.0,607.0,7026.0,249.0,7275.0,0.0,2.65,2.61,4.14,0.1,72.27,0.0,4.12,14.12,48.96,51.04,100.0,35.0,12.26,36.82,15.91,0.0,167.0,165.0,261.0,6.0,4561.0,0.0,260.0,891.0,3090.0,3221.0,6311.0,2209.0,774.0,2324.0,1004.0
3531308,0.0,3.32,0.61,5.26,0.02,62.98,0.0,2.61,25.19,48.62,51.38,5.8,6.49,7.01,7.95,3.81,17.13,17.17,15.24,12.17,7.23,100.0,0.0,100.0,100.0,100.0,100.0,100.0,0.0,100.0,100.0,48.62,51.38,5.8,6.49,7.01,7.95,3.81,17.13,17.17,15.24,12.17,7.23,100.0,0.0,1417.0,261.0,2246.0,8.0,26883.0,0.0,1116.0,10754.0,20754.0,21931.0,2477.0,2769.0,2992.0,3394.0,1626.0,7311.0,7328.0,6506.0,5196.0,3086.0,42685.0,0.0,3.37,0.62,5.25,0.02,63.33,0.0,2.6,24.82,6.89,7.44,8.44,4.04,18.18,18.23,16.18,12.92,7.68,96.87,3.13,100.0,0.0,100.0,100.0,100.0,100.0,100.0,0.0,100.0,100.0,6.89,7.44,8.44,4.05,18.18,18.23,16.18,12.92,7.68,96.87,3.13,100.0,0.0,1354.0,248.0,2110.0,8.0,25463.0,0.0,1046.0,9978.0,2769.0,2992.0,3394.0,1626.0,7311.0,7328.0,6506.0,5196.0,3086.0,38951.0,1257.0,40208.0,0.0,3.49,0.56,4.09,0.02,65.47,0.0,2.67,23.69,47.77,52.23,100.0,32.5,15.66,33.44,18.4,0.0,1201.0,193.0,1409.0,8.0,22553.0,0.0,921.0,8162.0,16455.0,17993.0,34448.0,11195.0,5396.0,11518.0,6338.0
3531407,0.0,1.29,1.12,3.12,0.37,64.92,0.0,3.37,25.81,48.43,51.57,6.5,6.9,7.15,7.08,3.79,17.01,16.59,15.02,12.25,7.72,100.0,0.0,100.0,100.0,100.0,100.0,100.0,0.0,100.0,100.0,48.43,51.57,6.5,6.9,7.15,7.08,3.79,17.01,16.59,15.02,12.25,7.72,100.0,0.0,257.0,222.0,621.0,73.0,12915.0,0.0,671.0,5135.0,9634.0,10259.0,1294.0,1372.0,1423.0,1408.0,754.0,3383.0,3300.0,2987.0,2437.0,1535.0,19893.0,0.0,1.38,1.14,3.1,0.39,65.84,0.0,3.41,24.75,7.38,7.65,7.57,4.05,18.19,17.74,16.06,13.1,8.25,95.81,4.19,100.0,0.0,100.0,100.0,100.0,100.0,100.0,0.0,100.0,100.0,7.38,7.65,7.57,4.05,18.19,17.74,16.06,13.1,8.25,95.81,4.19,100.0,0.0,257.0,212.0,576.0,73.0,12245.0,0.0,634.0,4603.0,1372.0,1423.0,1408.0,754.0,3383.0,3300.0,2987.0,2437.0,1535.0,17819.0,780.0,18599.0,0.0,1.42,0.96,2.56,0.37,67.24,0.0,3.32,24.15,47.43,52.57,100.0,35.2,13.4,33.11,18.29,0.0,224.0,151.0,404.0,58.0,10626.0,0.0,525.0,3817.0,7496.0,8308.0,15804.0,5563.0,2117.0,5233.0,2891.0
3531506,0.0,2.32,0.14,6.43,0.02,60.39,0.0,2.43,28.26,49.75,50.25,6.19,6.8,6.84,7.88,3.68,17.24,16.3,15.59,11.99,7.49,100.0,0.0,100.0,100.0,100.0,100.0,100.0,0.0,100.0,100.0,49.75,50.25,6.19,6.8,6.84,7.88,3.68,17.24,16.3,15.59,11.99,7.49,100.0,0.0,378.0,23.0,1045.0,4.0,9822.0,0.0,395.0,4596.0,8092.0,8172.0,1006.0,1106.0,1113.0,1281.0,599.0,2804.0,2651.0,2536.0,1950.0,1218.0,16264.0,0.0,2.46,0.15,6.32,0.03,60.76,0.0,2.44,27.84,7.25,7.29,8.4,3.93,18.38,17.37,16.62,12.78,7.98,95.48,4.52,100.0,0.0,100.0,100.0,100.0,100.0,100.0,0.0,100.0,100.0,7.25,7.29,8.4,3.93,18.38,17.37,16.62,12.78,7.98,95.49,4.51,100.0,0.0,375.0,23.0,965.0,4.0,9270.0,0.0,372.0,4248.0,1106.0,1113.0,1281.0,599.0,2804.0,2651.0,2536.0,1950.0,1218.0,14569.0,689.0,15258.0,0.0,2.55,0.14,5.53,0.03,62.55,0.0,2.28,26.93,48.88,51.12,100.0,39.21,16.19,28.95,15.65,0.0,332.0,18.0,721.0,4.0,8156.0,0.0,297.0,3512.0,6374.0,6665.0,13039.0,5113.0,2111.0,3775.0,2040.0
3531605,0.0,0.81,0.0,4.36,0.0,62.37,0.0,0.94,31.52,49.14,50.86,6.44,6.98,6.73,7.22,3.99,15.33,16.46,15.03,14.06,7.76,100.0,0.0,100.0,0.0,100.0,0.0,100.0,0.0,100.0,100.0,49.14,50.86,6.44,6.98,6.73,7.22,3.99,15.33,16.46,15.03,14.06,7.76,100.0,0.0,30.0,0.0,162.0,0.0,2315.0,0.0,35.0,1170.0,1824.0,1888.0,239.0,259.0,250.0,268.0,148.0,569.0,611.0,558.0,522.0,288.0,3712.0,0.0,0.78,0.0,4.26,0.0,63.26,0.0,0.81,30.9,7.46,7.2,7.72,4.26,16.38,17.59,16.07,15.03,8.29,93.06,6.94,100.0,0.0,100.0,0.0,100.0,0.0,100.0,0.0,100.0,100.0,7.46,7.2,7.72,4.26,16.38,17.59,16.07,15.03,8.29,93.06,6.94,100.0,0.0,27.0,0.0,148.0,0.0,2197.0,0.0,28.0,1073.0,259.0,250.0,268.0,148.0,569.0,611.0,558.0,522.0,288.0,3232.0,241.0,3473.0,0.0,0.84,0.0,3.74,0.0,64.3,0.0,0.81,30.3,48.41,51.59,100.0,43.96,12.01,32.35,11.67,0.0,25.0,0.0,111.0,0.0,1906.0,0.0,24.0,898.0,1435.0,1529.0,2964.0,1303.0,356.0,959.0,346.0
3531704,0.0,1.08,0.55,10.77,0.0,68.73,0.19,3.18,15.52,50.28,49.72,8.62,6.74,6.44,5.97,3.04,15.52,16.24,15.72,14.53,7.18,100.0,0.0,100.0,100.0,100.0,0.0,100.0,100.0,100.0,100.0,50.28,49.72,8.62,6.74,6.44,5.97,3.04,15.52,16.24,15.72,14.53,7.18,100.0,0.0,39.0,20.0,390.0,0.0,2488.0,7.0,115.0,562.0,1820.0,1800.0,312.0,244.0,233.0,216.0,110.0,562.0,588.0,569.0,526.0,260.0,3620.0,0.0,1.18,0.6,10.46,0.0,68.65,0.21,3.48,15.45,7.38,7.04,6.53,3.33,16.99,17.78,17.2,15.9,7.86,92.56,7.44,100.0,0.0,100.0,100.0,100.0,0.0,100.0,100.0,100.0,100.0,7.38,7.04,6.53,3.33,16.99,17.78,17.2,15.9,7.86,92.56,7.44,100.0,0.0,39.0,20.0,346.0,0.0,2271.0,7.0,115.0,511.0,244.0,233.0,216.0,110.0,562.0,588.0,569.0,526.0,260.0,3062.0,246.0,3308.0,0.0,1.38,0.71,10.1,0.0,69.3,0.25,3.74,14.55,49.49,50.51,100.0,37.48,15.22,26.85,20.42,0.0,39.0,20.0,286.0,0.0,1962.0,7.0,106.0,412.0,1401.0,1430.0,2831.0,1061.0,431.0,760.0,578.0
3531803,0.04,0.67,0.63,9.66,0.2,43.32,0.01,5.78,39.72,49.1,50.9,8.24,8.0,8.65,8.9,1.69,19.28,18.65,12.95,9.28,4.35,100.0,100.0,100.0,100.0,100.0,100.0,100.0,100.0,100.0,100.0,49.1,50.9,8.24,8.0,8.65,8.9,1.69,19.28,18.65,12.95,9.28,4.35,100.0,20.0,373.0,349.0,5380.0,109.0,24134.0,3.0,3218.0,22130.0,27357.0,28358.0,4593.0,4458.0,4822.0,4961.0,944.0,10741.0,10389.0,7216.0,5170.0,2421.0,55715.0,0.04,0.68,0.66,9.54,0.19,43.99,0.01,5.64,39.26,8.72,9.43,9.7,1.85,21.01,20.32,14.12,10.11,4.74,95.29,4.71,100.0,100.0,100.0,100.0,100.0,100.0,100.0,100.0,100.0,100.0,8.72,9.43,9.7,1.85,21.01,20.32,14.12,10.11,4.74,95.29,4.71,100.0,20.0,349.0,338.0,4878.0,96.0,22488.0,3.0,2883.0,20068.0,4458.0,4822.0,4961.0,944.0,10741.0,10389.0,7216.0,5170.0,2421.0,48713.0,2409.0,51122.0,0.05,0.71,0.72,8.55,0.17,45.33,0.01,5.57,38.89,48.6,51.4,100.0,31.73,15.86,40.91,11.49,20.0,299.0,301.0,3579.0,71.0,18966.0,3.0,2330.0,16273.0,20334.0,21508.0,41842.0,13278.0,6636.0,17119.0,4809.0
3531902,0.0,0.74,0.16,4.04,0.13,60.56,0.0,3.39,30.99,49.01,50.99,7.69,8.67,9.04,7.97,2.05,18.25,16.47,14.84,9.96,5.07,100.0,0.0,100.0,100.0,100.0,100.0,100.0,0.0,100.0,100.0,49.01,50.99,7.69,8.66,9.04,7.97,2.05,18.25,16.47,14.84,9.96,5.07,100.0,0.0,182.0,38.0,989.0,31.0,14837.0,0.0,830.0,7591.0,12006.0,12492.0,1883.0,2123.0,2215.0,1952.0,502.0,4472.0,4034.0,3635.0,2440.0,1242.0,24498.0,0.0,0.76,0.17,3.98,0.14,60.6,0.0,3.32,31.02,9.39,9.79,8.63,2.22,19.77,17.84,16.07,10.79,5.49,95.4,4.6,100.0,0.0,100.0,100.0,100.0,100.0,100.0,0.0,100.0,100.0,9.39,9.8,8.63,2.22,19.77,17.84,16.07,10.79,5.49,95.4,4.6,100.0,0.0,173.0,38.0,900.0,31.0,13705.0,0.0,750.0,7016.0,2123.0,2215.0,1952.0,502.0,4472.0,4034.0,3635.0,2440.0,1242.0,21574.0,1041.0,22615.0,0.0,0.8,0.11,3.52,0.05,61.21,0.0,2.94,31.35,47.79,52.21,100.0,42.58,15.98,27.25,14.2,0.0,147.0,20.0,644.0,10.0,11188.0,0.0,538.0,5730.0,8734.0,9543.0,18277.0,7782.0,2921.0,4980.0,2595.0
3532009,0.29,0.93,0.72,7.04,0.0,64.25,0.04,3.08,23.65,48.84,51.16,7.17,7.85,8.39,8.6,2.31,17.75,17.39,14.06,10.37,6.11,100.0,100.0,100.0,100.0,100.0,0.0,100.0,100.0,100.0,100.0,48.84,51.16,7.17,7.85,8.39,8.6,2.31,17.75,17.39,14.06,10.37,6.11,100.0,35.0,111.0,86.0,843.0,0.0,7690.0,5.0,369.0,2831.0,5846.0,6123.0,858.0,939.0,1004.0,1029.0,277.0,2125.0,2082.0,1683.0,1241.0,731.0,11969.0,0.32,0.94,0.61,6.88,0.0,65.21,0.05,2.91,23.1,8.45,9.04,9.26,2.49,19.13,18.74,15.15,11.17,6.58,96.2,3.8,100.0,100.0,100.0,100.0,100.0,0.0,100.0,100.0,100.0,100.0,8.45,9.04,9.26,2.49,19.13,18.74,15.15,11.17,6.58,96.2,3.8,100.0,35.0,104.0,68.0,764.0,0.0,7245.0,5.0,323.0,2567.0,939.0,1004.0,1029.0,277.0,2125.0,2082.0,1683.0,1241.0,731.0,10689.0,422.0,11111.0,0.26,1.03,0.63,5.91,0.0,66.51,0.05,2.98,22.62,48.37,51.63,100.0,34.16,18.31,33.39,14.14,24.0,94.0,58.0,542.0,0.0,6098.0,5.0,273.0,2074.0,4435.0,4733.0,9168.0,3132.0,1679.0,3061.0,1296.0
3532058,0.0,1.63,2.17,11.98,0.0,54.37,0.0,0.87,28.97,49.97,50.03,6.93,7.53,6.93,8.09,2.76,16.29,18.04,14.99,12.12,6.31,100.0,0.0,100.0,100.0,100.0,0.0,100.0,0.0,100.0,100.0,49.97,50.03,6.93,7.53,6.93,8.09,2.76,16.29,18.04,14.99,12.12,6.31,100.0,0.0,58.0,77.0,425.0,0.0,1929.0,0.0,31.0,1028.0,1773.0,1775.0,246.0,267.0,246.0,287.0,98.0,578.0,640.0,532.0,430.0,224.0,3548.0,0.0,1.76,2.15,11.54,0.0,54.94,0.0,0.85,28.77,8.09,7.45,8.69,2.97,17.5,19.38,16.11,13.02,6.78,93.34,6.66,100.0,0.0,100.0,100.0,100.0,0.0,100.0,0.0,100.0,100.0,8.09,7.45,8.69,2.97,17.5,19.38,16.11,13.02,6.78,93.32,6.68,100.0,0.0,58.0,71.0,381.0,0.0,1814.0,0.0,28.0,950.0,267.0,246.0,287.0,98.0,578.0,640.0,532.0,430.0,224.0,3082.0,220.0,3302.0,0.0,2.08,1.58,10.54,0.0,55.72,0.0,1.0,29.08,49.41,50.59,100.0,43.31,12.15,33.13,11.4,0.0,58.0,44.0,294.0,0.0,1554.0,0.0,28.0,811.0,1378.0,1411.0,2789.0,1208.0,339.0,924.0,318.0
3532108,0.0,1.75,0.83,7.16,0.21,67.12,0.0,2.23,20.73,49.21,50.79,5.46,6.21,6.62,5.52,4.66,12.53,15.59,19.04,14.73,9.62,100.0,0.0,100.0,100.0,100.0,100.0,100.0,0.0,100.0,100.0,49.21,50.79,5.46,6.21,6.62,5.52,4.66,12.53,15.59,19.04,14.73,9.62,100.0,0.0,59.0,28.0,241.0,7.0,2260.0,0.0,75.0,698.0,1657.0,1710.0,184.0,209.0,223.0,186.0,157.0,422.0,525.0,641.0,496.0,324.0,3367.0,0.0,1.85,0.57,7.1,0.22,67.89,0.0,2.17,20.23,6.57,7.01,5.84,4.93,13.26,16.49,20.14,15.58,10.18,95.41,4.59,100.0,0.0,100.0,100.0,100.0,100.0,100.0,0.0,100.0,100.0,6.57,7.01,5.84,4.93,13.26,16.49,20.14,15.58,10.18,95.42,4.58,100.0,0.0,59.0,18.0,226.0,7.0,2161.0,0.0,69.0,644.0,209.0,223.0,186.0,157.0,422.0,525.0,641.0,496.0,324.0,3037.0,146.0,3183.0,0.0,1.67,0.29,5.96,0.15,70.12,0.0,1.85,19.99,48.24,51.76,100.0,43.08,14.39,27.95,14.54,0.0,46.0,8.0,164.0,4.0,1929.0,0.0,51.0,550.0,1327.0,1424.0,2751.0,1185.0,396.0,769.0,400.0
3532157,0.0,0.0,0.0,1.56,0.13,67.06,0.0,0.87,30.34,49.09,50.91,8.42,7.94,7.47,8.25,2.56,17.14,16.23,16.8,9.94,5.25,100.0,0.0,0.0,0.0,100.0,100.0,100.0,0.0,100.0,100.0,49.09,50.91,8.42,7.94,7.47,8.25,2.56,17.14,16.23,16.8,9.94,5.25,100.0,0.0,0.0,0.0,36.0,3.0,1545.0,0.0,20.0,699.0,1131.0,1173.0,194.0,183.0,172.0,190.0,59.0,395.0,374.0,387.0,229.0,121.0,2304.0,0.0,0.0,0.0,1.71,0.0,66.97,0.0,0.85,30.47,8.67,8.15,9.0,2.8,18.72,17.73,18.34,10.85,5.73,92.8,7.2,100.0,0.0,0.0,0.0,100.0,0.0,100.0,0.0,100.0,100.0,8.67,8.15,9.0,2.8,18.72,17.73,18.34,10.85,5.73,92.79,7.21,100.0,0.0,0.0,0.0,36.0,0.0,1413.0,0.0,18.0,643.0,183.0,172.0,190.0,59.0,395.0,374.0,387.0,229.0,121.0,1958.0,152.0,2110.0,0.0,0.0,0.0,1.77,0.0,67.81,0.0,0.57,29.86,49.0,51.0,100.0,36.07,11.0,41.37,11.57,0.0,0.0,0.0,31.0,0.0,1190.0,0.0,10.0,524.0,860.0,895.0,1755.0,633.0,193.0,726.0,203.0
3532207,0.0,0.0,0.31,2.89,0.0,69.55,0.0,2.25,25.0,49.4,50.6,9.08,7.76,8.99,9.47,2.21,17.7,16.34,13.8,9.47,5.2,100.0,0.0,0.0,100.0,100.0,0.0,100.0,0.0,100.0,100.0,49.4,50.6,9.08,7.76,8.99,9.47,2.21,17.7,16.34,13.8,9.47,5.2,100.0,0.0,0.0,15.0,140.0,0.0,3372.0,0.0,109.0,1212.0,2395.0,2453.0,440.0,376.0,436.0,459.0,107.0,858.0,792.0,669.0,459.0,252.0,4848.0,0.0,0.0,0.27,2.79,0.0,70.37,0.0,2.29,24.27,8.53,9.89,10.41,2.43,19.46,17.97,15.18,10.41,5.72,94.19,5.81,100.0,0.0,0.0,100.0,100.0,0.0,100.0,0.0,100.0,100.0,8.53,9.89,10.41,2.43,19.46,17.97,15.18,10.41,5.72,94.18,5.82,100.0,0.0,0.0,12.0,123.0,0.0,3102.0,0.0,101.0,1070.0,376.0,436.0,459.0,107.0,858.0,792.0,669.0,459.0,252.0,4152.0,256.0,4408.0,0.0,0.0,0.08,2.78,0.0,69.52,0.0,2.53,25.08,49.44,50.56,100.0,36.21,12.6,40.02,11.21,0.0,0.0,3.0,100.0,0.0,2500.0,0.0,91.0,902.0,1778.0,1818.0,3596.0,1302.0,453.0,1439.0,403.0
3532306,0.0,0.26,0.06,4.97,0.0,64.79,0.0,2.56,27.35,52.17,47.83,7.52,6.21,6.5,5.96,3.68,14.21,15.81,16.59,14.74,8.78,100.0,0.0,100.0,100.0,100.0,0.0,100.0,0.0,100.0,100.0,52.17,47.83,7.52,6.21,6.5,5.96,3.68,14.21,15.81,16.59,14.74,8.78,100.0,0.0,16.0,4.0,307.0,0.0,3999.0,0.0,158.0,1688.0,3220.0,2952.0,464.0,383.0,401.0,368.0,227.0,877.0,976.0,1024.0,910.0,542.0,6172.0,0.0,0.28,0.07,4.89,0.0,65.64,0.0,2.51,26.61,6.71,7.03,6.45,3.98,15.36,17.1,17.94,15.94,9.5,89.79,10.21,100.0,0.0,100.0,100.0,100.0,0.0,100.0,0.0,100.0,100.0,6.71,7.03,6.45,3.98,15.36,17.1,17.94,15.94,9.5,89.78,10.22,100.0,0.0,16.0,4.0,279.0,0.0,3747.0,0.0,143.0,1519.0,383.0,401.0,368.0,227.0,877.0,976.0,1024.0,910.0,542.0,5125.0,583.0,5708.0,0.0,0.32,0.08,4.55,0.0,66.37,0.0,2.58,26.08,52.78,47.22,100.0,56.95,14.01,22.12,6.93,0.0,16.0,4.0,224.0,0.0,3268.0,0.0,127.0,1284.0,2599.0,2325.0,4924.0,2804.0,690.0,1089.0,341.0
3532405,0.0,1.37,1.33,8.52,0.0,58.32,0.0,4.15,26.33,50.51,49.49,7.25,7.19,7.63,7.34,3.19,17.5,16.36,15.5,11.47,6.57,100.0,0.0,100.0,100.0,100.0,0.0,100.0,0.0,100.0,100.0,50.51,49.49,7.25,7.19,7.63,7.34,3.19,17.5,16.36,15.5,11.47,6.57,100.0,0.0,219.0,213.0,1365.0,0.0,9341.0,0.0,664.0,4217.0,8090.0,7928.0,1161.0,1151.0,1222.0,1176.0,511.0,2803.0,2621.0,2483.0,1837.0,1053.0,16018.0,0.0,1.44,1.39,8.47,0.0,58.6,0.0,4.21,25.89,7.75,8.23,7.92,3.44,18.87,17.64,16.71,12.36,7.09,93.68,6.32,100.0,0.0,100.0,100.0,100.0,0.0,100.0,0.0,100.0,100.0,7.75,8.23,7.92,3.44,18.87,17.64,16.71,12.36,7.09,93.68,6.32,100.0,0.0,214.0,207.0,1259.0,0.0,8706.0,0.0,625.0,3846.0,1151.0,1222.0,1176.0,511.0,2803.0,2621.0,2483.0,1837.0,1053.0,13918.0,939.0,14857.0,0.0,1.66,1.21,7.47,0.0,59.76,0.0,4.21,25.69,50.22,49.78,100.0,43.24,14.48,29.93,12.34,0.0,207.0,151.0,932.0,0.0,7460.0,0.0,526.0,3207.0,6269.0,6215.0,12484.0,5398.0,1808.0,3737.0,1540.0
3532504,0.0,3.23,1.29,4.5,0.05,69.29,0.0,3.04,18.59,49.27,50.73,5.96,6.02,5.89,6.64,4.79,16.54,16.46,15.78,13.5,8.42,100.0,0.0,100.0,100.0,100.0,100.0,100.0,0.0,100.0,100.0,49.27,50.73,5.96,6.02,5.89,6.64,4.79,16.54,16.46,15.78,13.5,8.42,100.0,0.0,280.0,112.0,391.0,4.0,6015.0,0.0,264.0,1614.0,4277.0,4404.0,517.0,523.0,511.0,576.0,416.0,1436.0,1429.0,1370.0,1172.0,731.0,8681.0,0.0,3.23,1.3,4.13,0.05,70.27,0.0,3.0,18.01,6.41,6.26,7.06,5.1,17.59,17.5,16.78,14.36,8.95,95.28,4.72,100.0,0.0,100.0,100.0,100.0,100.0,100.0,0.0,100.0,100.0,6.41,6.26,7.06,5.1,17.59,17.5,16.78,14.36,8.95,95.29,4.71,100.0,0.0,264.0,106.0,337.0,4.0,5737.0,0.0,245.0,1470.0,523.0,511.0,576.0,416.0,1436.0,1429.0,1370.0,1172.0,731.0,7779.0,385.0,8164.0,0.0,3.51,1.18,3.53,0.03,72.17,0.0,2.93,16.63,48.93,51.07,100.0,38.16,15.05,28.93,17.84,0.0,250.0,84.0,252.0,2.0,5146.0,0.0,209.0,1186.0,3489.0,3641.0,7130.0,2721.0,1073.0,2063.0,1272.0
3532603,0.0,4.62,0.44,3.49,0.0,68.82,0.0,2.06,20.58,47.87,52.13,6.29,6.29,5.88,5.66,4.85,14.46,15.64,16.4,14.77,9.76,100.0,0.0,100.0,100.0,100.0,0.0,100.0,0.0,100.0,100.0,47.87,52.13,6.29,6.29,5.88,5.66,4.85,14.46,15.64,16.4,14.77,9.76,100.0,0.0,412.0,39.0,311.0,0.0,6141.0,0.0,184.0,1836.0,4271.0,4652.0,561.0,561.0,525.0,505.0,433.0,1290.0,1396.0,1463.0,1318.0,871.0,8923.0,0.0,4.76,0.43,3.35,0.0,70.02,0.0,1.89,19.54,6.71,6.28,6.04,5.18,15.43,16.69,17.5,15.76,10.42,94.67,5.33,100.0,0.0,100.0,100.0,100.0,0.0,100.0,0.0,100.0,100.0,6.71,6.28,6.04,5.18,15.43,16.69,17.5,15.76,10.42,94.66,5.34,100.0,0.0,398.0,36.0,280.0,0.0,5855.0,0.0,158.0,1634.0,561.0,525.0,505.0,433.0,1290.0,1396.0,1463.0,1318.0,871.0,7916.0,446.0,8362.0,0.0,4.92,0.4,3.33,0.0,70.7,0.0,2.02,18.64,47.2,52.8,100.0,39.51,10.47,28.66,21.34,0.0,358.0,29.0,242.0,0.0,5144.0,0.0,147.0,1356.0,3434.0,3842.0,7276.0,2875.0,762.0,2085.0,1553.0
3532702,0.07,1.15,0.47,1.72,0.0,65.77,0.0,1.32,29.5,51.24,48.76,7.38,7.62,7.84,8.48,2.72,19.06,17.5,14.29,9.19,5.93,100.0,100.0,100.0,100.0,100.0,0.0,100.0,0.0,100.0,100.0,51.24,48.76,7.38,7.62,7.84,8.48,2.72,19.06,17.5,14.29,9.19,5.93,100.0,3.0,47.0,19.0,70.0,0.0,2684.0,0.0,54.0,1204.0,2091.0,1990.0,301.0,311.0,320.0,346.0,111.0,778.0,714.0,583.0,375.0,242.0,4081.0,0.0,1.16,0.42,1.77,0.0,65.58,0.0,1.38,29.74,8.23,8.47,9.15,2.94,20.58,18.89,15.42,9.92,6.4,93.31,6.69,100.0,0.0,100.0,100.0,100.0,0.0,100.0,0.0,100.0,100.0,8.23,8.47,9.15,2.94,20.58,18.89,15.42,9.92,6.4,93.31,6.69,100.0,0.0,44.0,16.0,67.0,0.0,2479.0,0.0,52.0,1124.0,311.0,320.0,346.0,111.0,778.0,714.0,583.0,375.0,242.0,3527.0,253.0,3780.0,0.0,1.17,0.51,1.46,0.0,66.31,0.0,1.37,29.18,50.56,49.44,100.0,50.65,18.7,20.51,10.13,0.0,37.0,16.0,46.0,0.0,2088.0,0.0,43.0,919.0,1592.0,1557.0,3149.0,1595.0,589.0,646.0,319.0
3532801,0.0,1.49,0.15,6.28,0.08,64.07,0.0,2.77,25.15,48.93,51.07,6.92,7.4,8.27,8.15,3.65,15.85,16.6,14.55,12.27,6.35,100.0,0.0,100.0,100.0,100.0,100.0,100.0,0.0,100.0,100.0,48.93,51.07,6.92,7.4,8.27,8.15,3.65,15.85,16.6,14.55,12.27,6.35,100.0,0.0,88.0,9.0,370.0,5.0,3775.0,0.0,163.0,1482.0,2883.0,3009.0,408.0,436.0,487.0,480.0,215.0,934.0,978.0,857.0,723.0,374.0,5892.0,0.0,1.6,0.13,6.35,0.09,65.26,0.0,2.83,23.74,7.95,8.88,8.75,3.92,17.03,17.83,15.63,13.18,6.82,95.7,4.3,100.0,0.0,100.0,100.0,100.0,100.0,100.0,0.0,100.0,100.0,7.95,8.88,8.75,3.92,17.03,17.83,15.63,13.18,6.82,95.69,4.31,100.0,0.0,88.0,7.0,348.0,5.0,3579.0,0.0,155.0,1302.0,436.0,487.0,480.0,215.0,934.0,978.0,857.0,723.0,374.0,5248.0,236.0,5484.0,0.0,1.67,0.09,5.17,0.11,67.64,0.0,2.81,22.54,47.99,52.01,100.0,40.47,15.19,30.94,13.4,0.0,76.0,4.0,236.0,5.0,3085.0,0.0,128.0,1028.0,2189.0,2372.0,4561.0,1846.0,693.0,1411.0,611.0
3532827,0.0,0.0,0.19,6.18,0.07,32.81,0.0,4.48,56.26,49.8,50.2,8.51,9.24,10.36,9.52,1.62,18.34,16.12,13.0,8.85,4.44,100.0,0.0,0.0,100.0,100.0,100.0,100.0,0.0,100.0,100.0,49.8,50.2,8.51,9.24,10.36,9.52,1.62,18.34,16.12,13.0,8.85,4.44,100.0,0.0,0.0,14.0,447.0,5.0,2372.0,0.0,324.0,4067.0,3600.0,3629.0,615.0,668.0,749.0,688.0,117.0,1326.0,1165.0,940.0,640.0,321.0,7229.0,0.0,0.0,0.21,5.91,0.08,32.93,0.0,4.4,56.46,10.1,11.32,10.4,1.77,20.05,17.61,14.21,9.68,4.85,93.24,6.76,100.0,0.0,0.0,100.0,100.0,100.0,100.0,0.0,100.0,100.0,10.1,11.32,10.4,1.77,20.05,17.61,14.21,9.68,4.85,93.24,6.76,100.0,0.0,0.0,14.0,391.0,5.0,2178.0,0.0,291.0,3734.0,668.0,749.0,688.0,117.0,1326.0,1165.0,940.0,640.0,321.0,6167.0,447.0,6614.0,0.0,0.0,0.27,4.73,0.0,34.33,0.0,4.27,56.4,49.28,50.72,100.0,51.36,12.45,30.04,6.18,0.0,0.0,14.0,246.0,0.0,1784.0,0.0,222.0,2931.0,2561.0,2636.0,5197.0,2669.0,647.0,1561.0,321.0
3532843,0.0,0.37,0.11,3.27,0.16,73.49,0.0,2.04,20.67,49.17,50.83,5.46,6.64,6.05,4.98,4.98,11.25,16.23,15.0,17.68,11.73,100.0,0.0,100.0,100.0,100.0,100.0,100.0,0.0,100.0,100.0,49.14,50.86,5.46,6.64,6.05,4.98,4.98,11.25,16.23,15.0,17.68,11.73,100.0,0.0,7.0,2.0,61.0,3.0,1372.0,0.0,38.0,386.0,918.0,949.0,102.0,124.0,113.0,93.0,93.0,210.0,303.0,280.0,330.0,219.0,1867.0,0.0,0.4,0.11,3.29,0.17,73.94,0.0,1.98,20.11,7.03,6.4,5.27,5.27,11.9,17.17,15.86,18.7,12.41,93.94,6.06,100.0,0.0,100.0,100.0,100.0,100.0,100.0,0.0,100.0,100.0,7.03,6.4,5.27,5.27,11.9,17.17,15.86,18.7,12.41,93.96,6.04,100.0,0.0,7.0,2.0,58.0,3.0,1305.0,0.0,35.0,355.0,124.0,113.0,93.0,93.0,210.0,303.0,280.0,330.0,219.0,1658.0,107.0,1765.0,0.0,0.46,0.13,2.36,0.0,74.41,0.0,2.09,20.55,50.13,49.87,100.0,55.1,8.05,26.44,10.47,0.0,7.0,2.0,36.0,0.0,1137.0,0.0,32.0,314.0,766.0,762.0,1528.0,842.0,123.0,404.0,160.0
3532868,0.0,1.73,0.0,1.08,0.0,67.6,0.0,0.76,28.73,50.43,49.57,7.78,7.67,6.05,7.45,3.24,17.28,14.15,17.39,12.1,6.91,100.0,0.0,100.0,0.0,100.0,0.0,100.0,0.0,100.0,100.0,50.45,49.55,7.78,7.67,6.05,7.45,3.24,17.28,14.15,17.39,12.1,6.91,100.0,0.0,16.0,0.0,10.0,0.0,626.0,0.0,7.0,266.0,467.0,459.0,72.0,71.0,56.0,69.0,30.0,160.0,131.0,161.0,112.0,64.0,926.0,0.0,1.87,0.0,1.17,0.0,67.8,0.0,0.82,28.22,8.31,6.56,8.08,3.51,18.74,15.34,18.85,13.11,7.49,96.25,3.75,100.0,0.0,100.0,0.0,100.0,0.0,100.0,0.0,100.0,100.0,8.31,6.56,8.08,3.51,18.74,15.34,18.85,13.11,7.49,96.27,3.73,100.0,0.0,16.0,0.0,10.0,0.0,579.0,0.0,7.0,241.0,71.0,56.0,69.0,30.0,160.0,131.0,161.0,112.0,64.0,822.0,32.0,854.0,0.0,1.65,0.0,1.38,0.0,69.19,0.0,0.96,26.69,49.79,50.21,100.0,37.28,12.79,39.48,10.45,0.0,12.0,0.0,10.0,0.0,503.0,0.0,7.0,194.0,362.0,365.0,727.0,271.0,93.0,287.0,76.0
3532900,0.0,1.35,1.09,3.77,0.12,62.28,0.0,2.01,29.37,49.46,50.54,8.21,7.47,6.99,7.82,2.79,18.77,18.86,13.42,10.63,5.03,100.0,0.0,100.0,100.0,100.0,100.0,100.0,0.0,100.0,100.0,49.46,50.54,8.21,7.47,7.0,7.82,2.78,18.78,18.86,13.42,10.63,5.04,100.0,0.0,110.0,89.0,307.0,10.0,5076.0,0.0,164.0,2394.0,4031.0,4119.0,669.0,609.0,570.0,637.0,227.0,1530.0,1537.0,1094.0,866.0,410.0,8150.0,0.0,1.4,1.07,3.76,0.13,63.08,0.0,1.92,28.62,8.14,7.62,8.51,3.03,20.45,20.55,14.62,11.58,5.48,95.87,4.12,100.0,0.0,100.0,100.0,100.0,100.0,100.0,0.0,100.0,100.0,8.14,7.62,8.51,3.03,20.46,20.55,14.62,11.58,5.49,95.88,4.12,100.0,0.0,105.0,80.0,281.0,10.0,4719.0,0.0,144.0,2141.0,609.0,570.0,637.0,227.0,1530.0,1537.0,1094.0,866.0,410.0,7172.0,308.0,7481.0,0.0,1.35,1.03,3.68,0.16,63.06,0.0,2.05,28.67,48.89,51.09,100.0,38.29,16.93,32.23,12.55,0.0,85.0,65.0,232.0,10.0,3974.0,0.0,129.0,1807.0,3081.0,3220.0,6302.0,2413.0,1067.0,2031.0,791.0
3533007,0.0,2.71,0.96,4.1,0.06,64.34,0.0,3.33,24.51,49.75,50.25,6.94,7.36,10.21,7.3,3.41,17.32,16.24,13.9,10.95,6.37,100.0,0.0,100.0,100.0,100.0,100.0,100.0,0.0,100.0,100.0,49.75,50.25,6.94,7.36,10.21,7.3,3.41,17.32,16.24,13.9,10.95,6.37,100.0,0.0,458.0,162.0,694.0,10.0,10881.0,0.0,563.0,4145.0,8414.0,8499.0,1174.0,1245.0,1727.0,1234.0,576.0,2929.0,2747.0,2351.0,1852.0,1078.0,16913.0,0.0,2.68,0.97,4.17,0.06,64.35,0.0,3.29,24.48,7.91,10.97,7.84,3.66,18.61,17.45,14.94,11.77,6.85,95.56,4.44,100.0,0.0,100.0,100.0,100.0,100.0,100.0,0.0,100.0,100.0,7.91,10.97,7.84,3.66,18.61,17.46,14.94,11.77,6.85,95.56,4.44,100.0,0.0,422.0,153.0,656.0,10.0,10127.0,0.0,517.0,3853.0,1245.0,1727.0,1234.0,576.0,2929.0,2747.0,2351.0,1852.0,1078.0,15039.0,699.0,15738.0,0.0,3.0,0.91,3.61,0.08,66.13,0.0,3.38,22.89,47.97,52.03,100.0,42.33,14.42,32.02,11.22,0.0,383.0,116.0,461.0,10.0,8443.0,0.0,431.0,2922.0,6124.0,6643.0,12767.0,5404.0,1841.0,4088.0,1433.0
3533106,0.0,0.89,0.0,3.42,0.0,69.21,0.0,4.68,21.79,48.89,51.11,6.16,6.53,7.37,6.53,4.63,14.37,16.26,13.68,15.95,8.53,100.0,0.0,100.0,0.0,100.0,0.0,100.0,0.0,100.0,100.0,48.89,51.11,6.16,6.53,7.37,6.53,4.63,14.37,16.26,13.68,15.95,8.53,100.0,0.0,17.0,0.0,65.0,0.0,1315.0,0.0,89.0,414.0,929.0,971.0,117.0,124.0,140.0,124.0,88.0,273.0,309.0,260.0,303.0,162.0,1900.0,0.0,0.73,0.0,3.42,0.0,70.11,0.0,4.66,21.09,6.95,7.85,6.95,4.94,15.31,17.33,14.58,16.99,9.09,92.65,7.35,100.0,0.0,100.0,0.0,100.0,0.0,100.0,0.0,100.0,100.0,6.95,7.85,6.95,4.94,15.31,17.33,14.58,16.99,9.09,92.66,7.34,100.0,0.0,13.0,0.0,61.0,0.0,1250.0,0.0,83.0,376.0,124.0,140.0,124.0,88.0,273.0,309.0,260.0,303.0,162.0,1652.0,131.0,1783.0,0.0,0.86,0.0,3.09,0.0,71.43,0.0,4.28,20.34,47.53,52.47,100.0,44.44,14.22,28.7,12.64,0.0,13.0,0.0,47.0,0.0,1085.0,0.0,65.0,309.0,722.0,797.0,1519.0,675.0,216.0,436.0,192.0
3533205,0.0,0.47,0.66,13.24,0.0,48.44,0.07,2.44,34.68,56.17,43.83,6.72,7.43,10.21,12.26,1.85,19.71,16.27,11.99,8.91,4.65,100.0,0.0,100.0,100.0,100.0,0.0,100.0,100.0,100.0,100.0,56.17,43.83,6.72,7.43,10.21,12.26,1.85,19.71,16.27,11.99,8.91,4.65,100.0,0.0,19.0,27.0,538.0,0.0,1968.0,3.0,99.0,1409.0,2282.0,1781.0,273.0,302.0,415.0,498.0,75.0,801.0,661.0,487.0,362.0,189.0,4063.0,0.0,0.5,0.71,13.22,0.0,48.87,0.08,2.4,34.22,7.97,10.95,13.14,1.98,21.13,17.44,12.85,9.55,4.99,96.86,3.14,100.0,0.0,100.0,100.0,100.0,0.0,100.0,100.0,100.0,100.0,7.97,10.95,13.14,1.98,21.13,17.44,12.85,9.55,4.99,96.86,3.14,100.0,0.0,19.0,27.0,501.0,0.0,1852.0,3.0,91.0,1297.0,302.0,415.0,498.0,75.0,801.0,661.0,487.0,362.0,189.0,3671.0,119.0,3790.0,0.0,0.52,0.42,12.2,0.0,50.28,0.0,2.31,34.23,56.56,43.44,100.0,30.78,21.35,38.01,9.86,0.0,16.0,13.0,375.0,0.0,1545.0,0.0,71.0,1052.0,1738.0,1335.0,3073.0,946.0,656.0,1168.0,303.0
3533254,0.0,0.21,0.18,7.9,0.0,54.97,0.0,3.04,33.69,50.13,49.87,8.25,8.3,8.27,9.59,2.75,20.11,16.44,12.9,8.17,5.23,100.0,0.0,100.0,100.0,100.0,0.0,100.0,0.0,100.0,100.0,50.13,49.87,8.25,8.3,8.27,9.59,2.75,20.11,16.44,12.9,8.17,5.23,100.0,0.0,8.0,7.0,299.0,0.0,2080.0,0.0,115.0,1275.0,1897.0,1887.0,312.0,314.0,313.0,363.0,104.0,761.0,622.0,488.0,309.0,198.0,3784.0,0.0,0.23,0.2,8.01,0.0,55.59,0.0,3.2,32.75,9.04,9.01,10.46,3.0,21.92,17.91,14.06,8.9,5.7,94.07,5.93,100.0,0.0,100.0,100.0,100.0,0.0,100.0,0.0,100.0,100.0,9.04,9.01,10.46,3.0,21.92,17.91,14.06,8.9,5.7,94.07,5.93,100.0,0.0,8.0,7.0,278.0,0.0,1930.0,0.0,111.0,1137.0,314.0,313.0,363.0,104.0,761.0,622.0,488.0,309.0,198.0,3266.0,206.0,3472.0,0.0,0.28,0.18,7.38,0.0,56.41,0.0,3.44,32.34,50.16,49.84,100.0,46.22,15.22,31.85,6.71,0.0,8.0,5.0,210.0,0.0,1605.0,0.0,98.0,920.0,1427.0,1418.0,2845.0,1315.0,433.0,906.0,191.0
3533304,0.0,0.67,0.51,7.76,0.0,64.82,0.0,3.76,22.48,50.69,49.31,6.37,7.91,6.93,6.29,3.21,15.51,17.73,15.24,13.42,7.4,100.0,0.0,100.0,100.0,100.0,0.0,100.0,0.0,100.0,100.0,50.69,49.31,6.37,7.91,6.93,6.29,3.21,15.51,17.73,15.24,13.42,7.4,100.0,0.0,17.0,13.0,196.0,0.0,1638.0,0.0,95.0,568.0,1281.0,1246.0,161.0,200.0,175.0,159.0,81.0,392.0,448.0,385.0,339.0,187.0,2527.0,0.0,0.72,0.55,7.73,0.0,65.77,0.0,3.55,21.68,8.45,7.4,6.72,3.42,16.57,18.93,16.27,14.33,7.9,94.13,5.87,100.0,0.0,100.0,100.0,100.0,0.0,100.0,0.0,100.0,100.0,8.45,7.4,6.72,3.42,16.57,18.93,16.27,14.33,7.9,94.13,5.87,100.0,0.0,17.0,13.0,183.0,0.0,1556.0,0.0,84.0,513.0,200.0,175.0,159.0,81.0,392.0,448.0,385.0,339.0,187.0,2227.0,139.0,2366.0,0.0,0.85,0.3,7.08,0.0,65.8,0.0,3.47,22.5,49.82,50.18,100.0,37.87,12.31,39.78,10.1,0.0,17.0,6.0,141.0,0.0,1310.0,0.0,69.0,448.0,992.0,999.0,1991.0,754.0,245.0,792.0,201.0
3533403,0.02,1.42,0.75,6.1,0.05,50.7,0.0,4.75,36.21,48.48,51.53,6.53,6.96,7.52,8.44,2.46,17.92,18.41,15.33,10.84,5.57,100.0,100.0,100.0,100.0,100.0,100.0,100.0,0.0,100.0,100.0,48.48,51.52,6.53,6.96,7.52,8.44,2.46,17.92,18.41,15.33,10.84,5.58,100.0,13.0,775.0,407.0,3326.0,30.0,27663.0,0.0,2593.0,19761.0,26452.0,28116.0,3565.0,3798.0,4102.0,4607.0,1345.0,9780.0,10048.0,8363.0,5916.0,3042.0,54567.0,0.03,1.45,0.74,6.14,0.06,51.31,0.0,4.66,35.63,7.45,8.04,9.03,2.64,19.18,19.7,16.4,11.6,5.96,98.08,1.92,100.0,100.0,100.0,100.0,100.0,100.0,100.0,0.0,100.0,100.0,7.45,8.04,9.03,2.64,19.18,19.7,16.4,11.6,5.96,98.08,1.92,100.0,13.0,737.0,379.0,3129.0,30.0,26167.0,0.0,2379.0,18170.0,3798.0,4102.0,4607.0,1345.0,9780.0,10048.0,8363.0,5916.0,3042.0,50024.0,979.0,51002.0,0.0,1.47,0.7,5.87,0.07,51.68,0.0,4.73,35.49,47.83,52.17,100.0,25.66,14.07,41.04,19.24,0.0,634.0,302.0,2528.0,30.0,22275.0,0.0,2038.0,15296.0,20616.0,22486.0,43102.0,11058.0,6065.0,17687.0,8292.0
3533502,0.0,2.02,0.42,2.65,0.11,65.11,0.0,2.3,27.38,49.23,50.77,7.05,7.21,6.94,7.78,3.44,17.13,16.2,15.0,12.63,6.62,100.0,0.0,100.0,100.0,100.0,100.0,100.0,0.0,100.0,100.0,49.22,50.78,7.05,7.21,6.94,7.78,3.44,17.13,16.2,15.0,12.63,6.62,100.0,0.0,685.0,144.0,901.0,38.0,22111.0,0.0,782.0,9298.0,16716.0,17242.0,2394.0,2449.0,2357.0,2642.0,1169.0,5816.0,5500.0,5094.0,4289.0,2249.0,33958.0,0.0,1.99,0.39,2.72,0.1,65.52,0.0,2.35,26.94,7.76,7.47,8.37,3.7,18.43,17.42,16.14,13.59,7.13,95.4,4.6,100.0,0.0,100.0,100.0,100.0,100.0,100.0,0.0,100.0,100.0,7.76,7.47,8.37,3.7,18.42,17.42,16.14,13.59,7.12,95.4,4.6,100.0,0.0,627.0,123.0,857.0,33.0,20680.0,0.0,742.0,8502.0,2449.0,2357.0,2642.0,1169.0,5816.0,5500.0,5094.0,4289.0,2249.0,30113.0,1451.0,31564.0,0.0,2.0,0.39,2.32,0.09,66.96,0.0,2.26,25.98,48.51,51.49,100.0,38.06,15.48,31.55,14.9,0.0,535.0,105.0,621.0,23.0,17917.0,0.0,605.0,6951.0,12981.0,13777.0,26758.0,10185.0,4142.0,8443.0,3988.0
3533601,0.0,1.07,0.0,4.73,0.08,71.19,0.0,2.46,20.49,49.03,50.97,7.29,6.97,7.14,8.2,2.9,17.89,15.56,15.73,12.08,6.24,100.0,0.0,100.0,0.0,100.0,100.0,100.0,0.0,100.0,100.0,49.03,50.97,7.29,6.97,7.14,8.2,2.91,17.89,15.56,15.73,12.08,6.24,100.0,0.0,69.0,0.0,306.0,5.0,4608.0,0.0,159.0,1326.0,3174.0,3299.0,472.0,451.0,462.0,531.0,188.0,1158.0,1007.0,1018.0,782.0,404.0,6473.0,0.0,1.15,0.0,4.75,0.08,71.45,0.0,2.43,20.11,7.52,7.7,8.85,3.13,19.3,16.78,16.96,13.03,6.73,96.08,3.92,100.0,0.0,100.0,0.0,100.0,100.0,100.0,0.0,100.0,100.0,7.52,7.7,8.85,3.14,19.3,16.78,16.96,13.03,6.73,96.09,3.91,100.0,0.0,69.0,0.0,285.0,5.0,4288.0,0.0,146.0,1207.0,451.0,462.0,531.0,188.0,1158.0,1007.0,1018.0,782.0,404.0,5766.0,235.0,6001.0,0.0,1.18,0.0,3.87,0.0,72.29,0.0,2.56,20.11,48.31,51.69,100.0,39.66,12.21,31.11,17.02,0.0,60.0,0.0,197.0,0.0,3678.0,0.0,130.0,1023.0,2458.0,2630.0,5088.0,2018.0,621.0,1583.0,866.0
3533700,0.0,0.58,0.0,2.5,0.0,80.71,0.0,0.9,15.31,50.62,49.38,7.81,6.72,8.24,7.71,4.01,15.31,15.09,14.46,13.45,7.2,100.0,0.0,100.0,0.0,100.0,0.0,100.0,0.0,100.0,100.0,50.62,49.38,7.81,6.72,8.24,7.71,4.01,15.31,15.09,14.46,13.45,7.2,100.0,0.0,22.0,0.0,94.0,0.0,3037.0,0.0,34.0,576.0,1905.0,1858.0,294.0,253.0,310.0,290.0,151.0,576.0,568.0,544.0,506.0,271.0,3763.0,0.0,0.55,0.0,2.42,0.0,80.92,0.0,0.89,15.16,7.29,8.94,8.36,4.35,16.6,16.37,15.68,14.59,7.81,95.36,4.64,100.0,0.0,100.0,0.0,100.0,0.0,100.0,0.0,100.0,100.0,7.29,8.94,8.36,4.35,16.6,16.37,15.68,14.59,7.81,95.36,4.64,100.0,0.0,19.0,0.0,84.0,0.0,2807.0,0.0,31.0,526.0,253.0,310.0,290.0,151.0,576.0,568.0,544.0,506.0,271.0,3308.0,161.0,3469.0,0.0,0.65,0.0,2.31,0.0,81.52,0.0,1.0,14.52,50.69,49.31,100.0,44.29,13.8,33.38,8.53,0.0,19.0,0.0,67.0,0.0,2369.0,0.0,29.0,422.0,1473.0,1433.0,2906.0,1287.0,401.0,970.0,248.0
3533809,0.0,0.36,0.22,1.87,0.09,72.89,0.0,1.6,22.97,50.62,49.38,7.39,6.37,7.17,8.06,3.87,13.49,15.67,14.92,14.83,8.24,100.0,0.0,100.0,100.0,100.0,100.0,100.0,0.0,100.0,100.0,50.62,49.38,7.39,6.37,7.17,8.06,3.87,13.49,15.67,14.92,14.83,8.24,100.0,0.0,8.0,5.0,42.0,2.0,1637.0,0.0,36.0,516.0,1137.0,1109.0,166.0,143.0,161.0,181.0,87.0,303.0,352.0,335.0,333.0,185.0,2246.0,0.0,0.38,0.24,2.02,0.1,73.17,0.0,1.63,22.45,6.88,7.74,8.7,4.18,14.57,16.92,16.11,16.01,8.89,95.29,4.71,100.0,0.0,100.0,100.0,100.0,100.0,100.0,0.0,100.0,100.0,6.87,7.74,8.7,4.18,14.57,16.92,16.11,16.01,8.89,95.29,4.71,100.0,0.0,8.0,5.0,42.0,2.0,1522.0,0.0,34.0,467.0,143.0,161.0,181.0,87.0,303.0,352.0,335.0,333.0,185.0,1982.0,98.0,2080.0,0.0,0.45,0.28,1.52,0.11,74.32,0.0,1.3,22.02,50.34,49.66,100.0,47.24,10.92,30.41,11.43,0.0,8.0,5.0,27.0,2.0,1320.0,0.0,23.0,391.0,894.0,882.0,1776.0,839.0,194.0,540.0,203.0
3533908,0.0,2.58,0.49,9.53,0.17,59.51,0.0,2.81,24.9,48.14,51.86,7.04,7.15,7.43,8.22,3.31,18.55,16.5,13.77,11.0,7.04,100.0,0.0,100.0,100.0,100.0,100.0,100.0,0.0,100.0,100.0,48.14,51.86,7.04,7.15,7.43,8.22,3.31,18.55,16.5,13.77,11.0,7.04,100.0,0.0,1253.0,240.0,4621.0,84.0,28861.0,0.0,1363.0,12076.0,23345.0,25153.0,3416.0,3466.0,3605.0,3985.0,1604.0,8998.0,8000.0,6676.0,5336.0,3412.0,48498.0,0.0,2.66,0.53,9.31,0.16,60.52,0.0,2.76,24.06,7.69,8.0,8.84,3.56,19.96,17.75,14.81,11.84,7.57,96.16,3.84,100.0,0.0,100.0,100.0,100.0,100.0,100.0,0.0,100.0,100.0,7.69,8.0,8.84,3.56,19.96,17.75,14.81,11.84,7.57,96.16,3.84,100.0,0.0,1197.0,240.0,4199.0,71.0,27285.0,0.0,1245.0,10845.0,3466.0,3605.0,3985.0,1604.0,8998.0,8000.0,6676.0,5336.0,3412.0,43349.0,1733.0,45082.0,0.0,2.86,0.47,8.39,0.13,62.39,0.0,2.58,23.19,47.51,52.49,100.0,32.01,12.08,37.74,18.17,0.0,1088.0,177.0,3190.0,48.0,23714.0,0.0,979.0,8815.0,18058.0,19953.0,38011.0,12169.0,4590.0,14344.0,6908.0
3534005,0.17,1.23,0.48,6.24,0.0,54.96,0.0,3.28,33.66,49.81,50.19,7.61,8.65,7.76,7.76,2.27,18.34,17.08,14.14,10.51,5.88,100.0,100.0,100.0,100.0,100.0,0.0,100.0,0.0,100.0,100.0,49.81,50.19,7.61,8.65,7.76,7.76,2.27,18.34,17.08,14.14,10.51,5.88,100.0,7.0,51.0,20.0,259.0,0.0,2281.0,0.0,136.0,1397.0,2067.0,2083.0,316.0,359.0,322.0,322.0,94.0,761.0,709.0,587.0,436.0,244.0,4150.0,0.18,1.12,0.42,6.36,0.0,55.71,0.0,3.21,32.99,9.36,8.4,8.4,2.45,19.85,18.49,15.31,11.37,6.36,94.6,5.4,100.0,100.0,100.0,100.0,100.0,0.0,100.0,0.0,100.0,100.0,9.36,8.4,8.4,2.45,19.85,18.49,15.31,11.37,6.36,94.61,5.39,100.0,7.0,43.0,16.0,244.0,0.0,2136.0,0.0,123.0,1265.0,359.0,322.0,322.0,94.0,761.0,709.0,587.0,436.0,244.0,3627.0,207.0,3834.0,0.1,1.27,0.1,5.36,0.0,57.56,0.0,2.85,32.76,48.3,51.7,100.0,36.35,13.99,39.42,10.24,3.0,40.0,3.0,169.0,0.0,1815.0,0.0,90.0,1033.0,1523.0,1630.0,3153.0,1146.0,441.0,1243.0,323.0
3534104,0.0,1.59,0.44,2.37,0.06,68.83,0.0,4.15,22.58,48.0,52.0,6.39,6.72,7.46,6.59,4.07,16.94,14.37,15.61,14.77,7.09,100.0,0.0,100.0,100.0,100.0,100.0,100.0,0.0,100.0,100.0,48.0,52.0,6.39,6.72,7.46,6.59,4.07,16.94,14.37,15.61,14.77,7.09,100.0,0.0,86.0,24.0,128.0,3.0,3718.0,0.0,224.0,1220.0,2593.0,2809.0,345.0,363.0,403.0,356.0,220.0,915.0,776.0,843.0,798.0,383.0,5402.0,0.0,1.64,0.42,2.37,0.06,69.33,0.0,4.33,21.85,7.18,7.97,7.04,4.35,18.09,15.35,16.67,15.78,7.57,96.08,3.92,100.0,0.0,100.0,100.0,100.0,100.0,100.0,0.0,100.0,100.0,7.18,7.97,7.04,4.35,18.09,15.35,16.67,15.78,7.57,96.09,3.91,100.0,0.0,83.0,21.0,120.0,3.0,3506.0,0.0,219.0,1105.0,363.0,403.0,356.0,220.0,915.0,776.0,843.0,798.0,383.0,4859.0,198.0,5057.0,0.0,1.56,0.49,2.19,0.07,70.26,0.0,4.71,20.69,47.4,52.6,100.0,31.88,14.08,37.38,16.66,0.0,67.0,21.0,94.0,3.0,3015.0,0.0,202.0,888.0,2034.0,2257.0,4291.0,1368.0,604.0,1604.0,715.0
3534203,0.0,0.86,0.15,2.32,0.15,69.45,0.0,4.23,22.85,49.91,50.09,7.97,7.39,7.93,7.58,2.36,20.07,18.08,14.23,9.48,4.9,100.0,0.0,100.0,100.0,100.0,100.0,100.0,0.0,100.0,100.0,49.91,50.09,7.97,7.39,7.93,7.58,2.36,20.07,18.08,14.23,9.48,4.9,100.0,0.0,45.0,8.0,121.0,8.0,3626.0,0.0,221.0,1193.0,2606.0,2615.0,416.0,386.0,414.0,396.0,123.0,1048.0,944.0,743.0,495.0,256.0,5221.0,0.0,0.85,0.17,2.37,0.17,69.95,0.0,3.93,22.56,8.03,8.62,8.24,2.56,21.81,19.65,15.46,10.3,5.33,94.67,5.33,100.0,0.0,100.0,100.0,100.0,100.0,100.0,0.0,100.0,100.0,8.03,8.62,8.24,2.56,21.81,19.65,15.46,10.3,5.33,94.67,5.33,100.0,0.0,41.0,8.0,114.0,8.0,3361.0,0.0,189.0,1084.0,386.0,414.0,396.0,123.0,1048.0,944.0,743.0,495.0,256.0,4549.0,256.0,4805.0,0.0,0.95,0.2,2.02,0.07,71.16,0.0,4.19,21.4,49.56,50.44,100.0,32.93,11.76,36.93,18.35,0.0,38.0,8.0,81.0,3.0,2850.0,0.0,168.0,857.0,1985.0,2020.0,4005.0,1319.0,471.0,1479.0,735.0
3534302,0.0,2.48,0.36,5.7,0.29,68.25,0.0,3.67,19.26,47.88,52.12,6.57,7.32,7.7,8.03,2.95,17.09,16.38,15.51,11.98,6.47,100.0,0.0,100.0,100.0,100.0,100.0,100.0,0.0,100.0,100.0,47.88,52.12,6.57,7.32,7.7,8.03,2.95,17.09,16.38,15.51,11.98,6.47,100.0,0.0,846.0,122.0,1943.0,98.0,23271.0,0.0,1252.0,6568.0,16328.0,17771.0,2241.0,2497.0,2625.0,2738.0,1007.0,5826.0,5585.0,5288.0,4085.0,2207.0,34099.0,0.0,2.63,0.34,5.41,0.28,68.66,0.0,3.71,18.96,7.84,8.24,8.59,3.16,18.29,17.53,16.6,12.82,6.93,96.77,3.23,100.0,0.0,100.0,100.0,100.0,100.0,100.0,0.0,100.0,100.0,7.84,8.24,8.59,3.16,18.29,17.53,16.6,12.82,6.93,96.77,3.23,100.0,0.0,838.0,109.0,1725.0,90.0,21875.0,0.0,1181.0,6041.0,2497.0,2625.0,2738.0,1007.0,5826.0,5585.0,5288.0,4085.0,2207.0,30828.0,1030.0,31858.0,0.0,2.88,0.31,4.68,0.16,70.33,0.0,3.77,17.86,47.14,52.86,100.0,33.33,16.01,32.71,17.95,0.0,770.0,84.0,1252.0,42.0,18804.0,0.0,1008.0,4776.0,12604.0,14132.0,26736.0,8912.0,4280.0,8745.0,4799.0
3534401,0.01,2.23,1.34,13.01,0.22,49.39,0.01,4.82,28.97,47.08,52.92,7.12,7.5,8.45,8.66,2.3,18.9,17.47,14.23,10.12,5.25,100.0,100.0,100.0,100.0,100.0,100.0,100.0,100.0,100.0,100.0,47.08,52.92,7.12,7.5,8.45,8.66,2.3,18.9,17.47,14.23,10.12,5.25,100.0,69.0,14253.0,8555.0,83153.0,1407.0,315693.0,75.0,30816.0,185153.0,300951.0,338223.0,45528.0,47921.0,54009.0,55330.0,14719.0,120825.0,111637.0,90960.0,64656.0,33586.0,639174.0,0.01,2.31,1.38,12.73,0.21,49.82,0.01,4.9,28.61,8.07,9.1,9.32,2.48,20.35,18.81,15.32,10.89,5.66,97.01,2.99,100.0,100.0,100.0,100.0,100.0,100.0,100.0,100.0,100.0,100.0,8.07,9.1,9.32,2.48,20.35,18.81,15.32,10.89,5.66,97.01,2.99,100.0,69.0,13733.0,8189.0,75584.0,1272.0,295749.0,75.0,29117.0,169857.0,47921.0,54009.0,55330.0,14719.0,120825.0,111637.0,90960.0,64656.0,33586.0,575879.0,17766.0,593645.0,0.01,2.51,1.39,11.71,0.2,50.89,0.02,4.88,28.39,46.08,53.92,100.0,23.56,15.19,36.68,24.57,49.0,12327.0,6815.0,57585.0,994.0,250229.0,75.0,24018.0,139622.0,226589.0,265126.0,491715.0,115824.0,74709.0,180364.0,120818.0
3534500,0.0,0.76,0.0,1.11,0.0,79.8,0.0,0.76,17.57,47.33,52.67,7.61,5.83,5.87,4.85,4.98,13.79,15.66,16.37,13.52,11.52,100.0,0.0,100.0,0.0,100.0,0.0,100.0,0.0,100.0,100.0,47.32,52.68,7.61,5.83,5.87,4.85,4.98,13.79,15.66,16.37,13.52,11.52,100.0,0.0,17.0,0.0,25.0,0.0,1794.0,0.0,17.0,395.0,1064.0,1184.0,171.0,131.0,132.0,109.0,112.0,310.0,352.0,368.0,304.0,259.0,2248.0,0.0,0.82,0.0,1.06,0.0,79.68,0.0,0.82,17.62,6.31,6.36,5.25,5.39,14.93,16.95,17.72,14.64,12.47,93.5,6.5,100.0,0.0,100.0,0.0,100.0,0.0,100.0,0.0,100.0,100.0,6.31,6.36,5.25,5.39,14.93,16.95,17.72,14.64,12.47,93.52,6.48,100.0,0.0,17.0,0.0,22.0,0.0,1655.0,0.0,17.0,366.0,131.0,132.0,109.0,112.0,310.0,352.0,368.0,304.0,259.0,1942.0,135.0,2077.0,0.0,0.61,0.0,1.1,0.0,81.37,0.0,0.61,16.32,45.76,54.24,100.0,43.77,13.29,28.5,14.5,0.0,11.0,0.0,20.0,0.0,1476.0,0.0,11.0,296.0,830.0,984.0,1814.0,794.0,241.0,517.0,263.0
3534609,0.0,0.76,0.24,4.76,0.09,66.22,0.0,2.41,25.53,49.8,50.2,6.59,6.33,7.81,7.62,4.23,15.98,15.27,15.32,12.9,7.95,100.0,0.0,100.0,100.0,100.0,100.0,100.0,0.0,100.0,100.0,49.8,50.2,6.59,6.33,7.81,7.62,4.23,15.98,15.27,15.32,12.9,7.95,100.0,0.0,214.0,69.0,1342.0,24.0,18684.0,0.0,680.0,7203.0,14052.0,14164.0,1859.0,1787.0,2204.0,2149.0,1193.0,4510.0,4309.0,4322.0,3640.0,2242.0,28216.0,0.0,0.81,0.26,4.58,0.09,66.57,0.0,2.55,25.13,6.78,8.36,8.15,4.53,17.11,16.35,16.4,13.81,8.51,96.55,3.45,100.0,0.0,100.0,100.0,100.0,100.0,100.0,0.0,100.0,100.0,6.78,8.36,8.15,4.53,17.11,16.35,16.4,13.81,8.51,96.55,3.45,100.0,0.0,214.0,69.0,1208.0,24.0,17546.0,0.0,672.0,6623.0,1787.0,2204.0,2149.0,1193.0,4510.0,4309.0,4322.0,3640.0,2242.0,25447.0,910.0,26357.0,0.0,0.82,0.22,3.56,0.11,68.5,0.0,2.48,24.31,48.86,51.14,100.0,32.97,15.43,31.57,20.03,0.0,183.0,50.0,797.0,24.0,15320.0,0.0,555.0,5437.0,10928.0,11438.0,22366.0,7373.0,3450.0,7062.0,4480.0
3534708,0.0,1.52,0.53,5.61,0.07,57.5,0.0,3.34,31.42,47.34,52.66,7.63,7.08,7.72,7.52,3.02,16.42,16.73,15.52,11.24,7.13,100.0,0.0,100.0,100.0,100.0,100.0,100.0,0.0,100.0,100.0,47.34,52.66,7.63,7.08,7.72,7.52,3.02,16.42,16.73,15.52,11.24,7.13,100.0,0.0,1398.0,484.0,5143.0,67.0,52742.0,0.0,3066.0,28821.0,43417.0,48304.0,6999.0,6496.0,7078.0,6895.0,2768.0,15065.0,15343.0,14231.0,10306.0,6539.0,91721.0,0.0,1.6,0.55,5.53,0.08,58.12,0.0,3.45,30.68,7.67,8.35,8.14,3.27,17.78,18.11,16.8,12.16,7.72,96.48,3.52,100.0,0.0,100.0,100.0,100.0,100.0,100.0,0.0,100.0,100.0,7.67,8.35,8.14,3.27,17.78,18.11,16.8,12.17,7.72,96.48,3.52,100.0,0.0,1354.0,462.0,4686.0,67.0,49236.0,0.0,2921.0,25995.0,6496.0,7078.0,6895.0,2768.0,15065.0,15343.0,14231.0,10306.0,6539.0,81743.0,2978.0,84721.0,0.0,1.72,0.44,4.72,0.06,59.62,0.0,3.51,29.91,46.39,53.61,100.0,30.45,15.2,32.89,21.46,0.0,1227.0,315.0,3359.0,46.0,42417.0,0.0,2499.0,21283.0,33004.0,38143.0,71147.0,21663.0,10812.0,23403.0,15269.0
3534757,0.0,1.97,0.52,4.75,0.0,60.51,0.0,2.59,29.67,48.99,51.01,7.24,7.21,6.69,8.89,3.1,17.68,16.15,14.02,12.35,6.66,100.0,0.0,100.0,100.0,100.0,0.0,100.0,0.0,100.0,100.0,48.99,51.01,7.24,7.22,6.69,8.9,3.1,17.68,16.15,14.02,12.35,6.66,100.0,0.0,179.0,47.0,433.0,0.0,5511.0,0.0,236.0,2702.0,4462.0,4646.0,659.0,657.0,609.0,810.0,282.0,1610.0,1471.0,1277.0,1125.0,607.0,9108.0,0.0,1.89,0.54,4.9,0.0,59.98,0.0,2.62,30.06,7.78,7.21,9.59,3.34,19.06,17.41,15.11,13.32,7.18,94.72,5.28,100.0,0.0,100.0,100.0,100.0,0.0,100.0,0.0,100.0,100.0,7.78,7.21,9.59,3.34,19.06,17.41,15.12,13.31,7.18,94.72,5.28,100.0,0.0,160.0,46.0,414.0,0.0,5068.0,0.0,221.0,2540.0,657.0,609.0,810.0,282.0,1610.0,1471.0,1277.0,1125.0,607.0,8003.0,446.0,8449.0,0.0,2.17,0.57,3.72,0.0,60.93,0.0,2.65,29.96,47.87,52.13,100.0,36.35,12.43,30.41,20.82,0.0,156.0,41.0,267.0,0.0,4376.0,0.0,190.0,2152.0,3438.0,3744.0,7182.0,2611.0,893.0,2184.0,1495.0
3534807,0.0,0.62,0.31,5.57,0.0,63.27,0.0,1.66,28.55,48.12,51.88,7.67,8.2,7.38,7.99,3.36,16.64,16.18,15.14,11.13,6.31,100.0,0.0,100.0,100.0,100.0,0.0,100.0,0.0,100.0,100.0,48.12,51.88,7.67,8.2,7.38,7.99,3.36,16.64,16.18,15.14,11.13,6.31,100.0,0.0,42.0,21.0,375.0,0.0,4259.0,0.0,112.0,1922.0,3239.0,3492.0,516.0,552.0,497.0,538.0,226.0,1120.0,1089.0,1019.0,749.0,425.0,6731.0,0.0,0.61,0.34,5.28,0.0,63.6,0.0,1.8,28.38,8.88,8.0,8.66,3.64,18.02,17.52,16.4,12.05,6.84,93.53,6.47,100.0,0.0,100.0,100.0,100.0,0.0,100.0,0.0,100.0,100.0,8.88,8.0,8.66,3.64,18.02,17.52,16.4,12.05,6.84,93.53,6.47,100.0,0.0,38.0,21.0,328.0,0.0,3953.0,0.0,112.0,1764.0,552.0,497.0,538.0,226.0,1120.0,1089.0,1019.0,749.0,425.0,5813.0,402.0,6215.0,0.0,0.74,0.41,4.76,0.0,63.67,0.0,1.92,28.51,47.79,52.21,100.0,41.95,13.41,32.09,12.54,0.0,38.0,21.0,246.0,0.0,3289.0,0.0,99.0,1473.0,2469.0,2697.0,5166.0,2167.0,693.0,1658.0,648.0
3534906,0.04,1.17,0.85,11.85,0.04,55.27,0.0,3.92,26.88,67.18,32.82,4.01,4.07,8.7,13.14,3.31,23.19,16.5,11.99,9.56,5.54,100.0,100.0,100.0,100.0,100.0,100.0,100.0,0.0,100.0,100.0,67.18,32.82,4.01,4.07,8.7,13.14,3.31,23.19,16.5,11.99,9.56,5.54,100.0,5.0,162.0,117.0,1641.0,5.0,7651.0,0.0,543.0,3721.0,9301.0,4543.0,555.0,563.0,1204.0,1819.0,458.0,3210.0,2284.0,1660.0,1324.0,767.0,13844.0,0.04,1.11,0.88,12.18,0.04,55.35,0.0,3.78,26.62,4.24,9.06,13.69,3.45,24.16,17.19,12.49,9.96,5.77,95.57,4.43,100.0,100.0,100.0,100.0,100.0,100.0,100.0,0.0,100.0,100.0,4.24,9.06,13.69,3.45,24.16,17.19,12.49,9.96,5.77,95.57,4.43,100.0,5.0,148.0,117.0,1618.0,5.0,7356.0,0.0,502.0,3538.0,563.0,1204.0,1819.0,458.0,3210.0,2284.0,1660.0,1324.0,767.0,12700.0,589.0,13289.0,0.04,1.23,0.88,12.02,0.04,56.14,0.0,3.7,25.94,67.19,32.81,100.0,43.42,20.6,25.64,10.35,5.0,142.0,101.0,1385.0,5.0,6469.0,0.0,426.0,2989.0,7742.0,3780.0,11522.0,5003.0,2373.0,2954.0,1192.0
3535002,0.0,1.44,0.76,4.89,0.0,65.8,0.0,2.62,24.48,49.6,50.4,7.03,6.87,6.86,7.48,3.8,17.38,16.26,14.59,11.93,7.81,100.0,0.0,100.0,100.0,100.0,0.0,100.0,0.0,100.0,100.0,49.6,50.4,7.03,6.87,6.86,7.48,3.8,17.38,16.26,14.59,11.93,7.81,100.0,0.0,146.0,77.0,496.0,0.0,6669.0,0.0,266.0,2481.0,5027.0,5108.0,712.0,696.0,695.0,758.0,385.0,1761.0,1648.0,1479.0,1209.0,792.0,10135.0,0.0,1.49,0.71,4.9,0.0,66.15,0.0,2.65,24.1,7.39,7.38,8.04,4.09,18.69,17.49,15.7,12.83,8.4,95.3,4.7,100.0,0.0,100.0,100.0,100.0,0.0,100.0,0.0,100.0,100.0,7.39,7.38,8.04,4.09,18.69,17.49,15.7,12.83,8.4,95.3,4.7,100.0,0.0,140.0,67.0,462.0,0.0,6233.0,0.0,250.0,2271.0,696.0,695.0,758.0,385.0,1761.0,1648.0,1479.0,1209.0,792.0,8980.0,443.0,9423.0,0.0,1.61,0.77,4.51,0.0,66.26,0.0,2.75,24.1,49.12,50.88,100.0,44.72,13.21,28.27,13.79,0.0,129.0,62.0,362.0,0.0,5322.0,0.0,221.0,1936.0,3945.0,4087.0,8032.0,3592.0,1061.0,2271.0,1108.0
3535101,0.0,1.08,0.23,5.63,0.06,60.16,0.0,2.96,29.88,50.23,49.77,7.77,8.04,8.7,8.62,2.1,19.29,18.26,13.97,8.86,4.38,100.0,0.0,100.0,100.0,100.0,100.0,100.0,0.0,100.0,100.0,50.23,49.77,7.77,8.04,8.7,8.62,2.1,19.29,18.26,13.97,8.86,4.38,100.0,0.0,91.0,19.0,475.0,5.0,5076.0,0.0,250.0,2521.0,4238.0,4200.0,656.0,678.0,734.0,727.0,177.0,1628.0,1541.0,1179.0,748.0,370.0,8438.0,0.0,1.08,0.24,5.06,0.06,60.87,0.0,2.81,29.86,8.71,9.43,9.34,2.27,20.92,19.8,15.15,9.61,4.75,93.69,6.31,100.0,0.0,100.0,100.0,100.0,100.0,100.0,0.0,100.0,100.0,8.71,9.43,9.34,2.27,20.92,19.8,15.15,9.61,4.75,93.69,6.31,100.0,0.0,84.0,19.0,394.0,5.0,4737.0,0.0,219.0,2324.0,678.0,734.0,727.0,177.0,1628.0,1541.0,1179.0,748.0,370.0,7291.0,491.0,7782.0,0.0,1.1,0.3,4.16,0.08,61.6,0.0,3.08,29.67,50.46,49.54,100.0,45.78,15.57,28.7,9.97,0.0,70.0,19.0,265.0,5.0,3924.0,0.0,196.0,1890.0,3214.0,3156.0,6370.0,2916.0,992.0,1828.0,635.0
3535200,0.0,3.82,0.06,5.77,0.11,67.87,0.0,1.79,20.58,49.67,50.33,5.72,6.38,6.3,6.14,4.88,12.85,16.2,17.61,14.87,9.06,100.0,0.0,100.0,100.0,100.0,100.0,100.0,0.0,100.0,100.0,49.67,50.33,5.72,6.38,6.3,6.14,4.88,12.85,16.2,17.61,14.87,9.06,100.0,0.0,309.0,5.0,467.0,9.0,5497.0,0.0,145.0,1667.0,4023.0,4076.0,463.0,517.0,510.0,497.0,395.0,1041.0,1312.0,1426.0,1204.0,734.0,8099.0,0.0,3.89,0.07,5.55,0.12,68.58,0.0,1.82,19.97,6.77,6.68,6.51,5.17,13.63,17.18,18.67,15.77,9.61,93.79,6.21,100.0,0.0,100.0,100.0,100.0,100.0,100.0,0.0,100.0,100.0,6.77,6.68,6.51,5.17,13.63,17.18,18.67,15.77,9.61,93.8,6.2,100.0,0.0,297.0,5.0,424.0,9.0,5237.0,0.0,139.0,1525.0,517.0,510.0,497.0,395.0,1041.0,1312.0,1426.0,1204.0,734.0,7162.0,474.0,7636.0,0.0,3.83,0.08,5.21,0.06,69.63,0.0,1.74,19.44,48.99,51.01,100.0,43.35,13.38,24.91,18.35,0.0,253.0,5.0,344.0,4.0,4602.0,0.0,115.0,1285.0,3238.0,3371.0,6609.0,2865.0,884.0,1646.0,1213.0
3535309,0.0,0.95,0.16,5.39,0.0,71.87,0.0,2.21,19.43,48.19,51.81,6.41,7.14,6.9,7.24,3.93,15.1,16.49,14.84,13.25,8.7,100.0,0.0,100.0,100.0,100.0,0.0,100.0,0.0,100.0,100.0,48.19,51.81,6.41,7.14,6.9,7.24,3.93,15.1,16.49,14.84,13.25,8.7,100.0,0.0,166.0,28.0,945.0,0.0,12611.0,0.0,387.0,3409.0,8456.0,9090.0,1124.0,1253.0,1210.0,1271.0,689.0,2650.0,2894.0,2604.0,2324.0,1527.0,17546.0,0.0,0.94,0.17,4.97,0.0,72.88,0.0,2.29,18.74,7.63,7.37,7.74,4.2,16.14,17.62,15.86,14.15,9.3,96.41,3.59,100.0,0.0,100.0,100.0,100.0,0.0,100.0,0.0,100.0,100.0,7.63,7.37,7.74,4.2,16.14,17.62,15.86,14.15,9.3,96.41,3.59,100.0,0.0,155.0,28.0,816.0,0.0,11969.0,0.0,376.0,3078.0,1253.0,1210.0,1271.0,689.0,2650.0,2894.0,2604.0,2324.0,1527.0,15832.0,590.0,16422.0,0.0,1.11,0.12,4.91,0.0,73.59,0.0,2.24,18.03,47.25,52.75,100.0,37.38,11.95,32.68,17.99,0.0,155.0,17.0,686.0,0.0,10272.0,0.0,313.0,2517.0,6596.0,7363.0,13959.0,5218.0,1668.0,4562.0,2511.0
3535408,0.0,0.97,0.13,10.21,0.07,49.57,0.0,1.91,37.13,49.15,50.85,8.13,8.19,8.02,8.45,2.49,15.93,16.47,14.61,11.13,6.58,100.0,0.0,100.0,100.0,100.0,100.0,100.0,0.0,100.0,100.0,49.15,50.85,8.13,8.19,8.02,8.45,2.49,15.93,16.47,14.61,11.13,6.58,100.0,0.0,125.0,17.0,1320.0,9.0,6408.0,0.0,247.0,4800.0,6353.0,6573.0,1051.0,1058.0,1037.0,1092.0,322.0,2059.0,2129.0,1889.0,1439.0,850.0,12926.0,0.0,0.89,0.09,9.89,0.08,50.92,0.0,1.98,36.14,8.91,8.73,9.2,2.71,17.34,17.93,15.91,12.12,7.16,93.68,6.32,100.0,0.0,100.0,100.0,100.0,100.0,100.0,0.0,100.0,100.0,8.91,8.73,9.2,2.71,17.34,17.93,15.91,12.12,7.16,93.68,6.32,100.0,0.0,106.0,11.0,1174.0,9.0,6047.0,0.0,235.0,4292.0,1058.0,1037.0,1092.0,322.0,2059.0,2129.0,1889.0,1439.0,850.0,11124.0,751.0,11875.0,0.0,0.94,0.11,8.47,0.05,52.29,0.0,2.15,35.99,48.6,51.4,100.0,43.98,14.84,31.19,10.01,0.0,92.0,11.0,828.0,5.0,5114.0,0.0,210.0,3520.0,4753.0,5027.0,9780.0,4301.0,1451.0,3050.0,979.0
3535507,0.0,0.75,0.21,4.13,0.08,53.16,0.0,5.28,36.38,49.85,50.15,7.08,7.03,7.77,8.22,3.06,17.14,16.55,15.0,11.46,6.69,100.0,0.0,100.0,100.0,100.0,100.0,100.0,0.0,100.0,100.0,49.85,50.15,7.08,7.03,7.77,8.22,3.06,17.14,16.55,15.0,11.46,6.69,100.0,0.0,272.0,76.0,1491.0,29.0,19192.0,0.0,1908.0,13134.0,17997.0,18106.0,2556.0,2538.0,2805.0,2968.0,1106.0,6189.0,5974.0,5415.0,4137.0,2415.0,36103.0,0.0,0.81,0.23,4.01,0.05,53.61,0.0,5.48,35.81,7.57,8.36,8.85,3.3,18.45,17.81,16.14,12.33,7.2,96.15,3.85,100.0,0.0,100.0,100.0,100.0,100.0,100.0,0.0,100.0,100.0,7.57,8.36,8.85,3.3,18.45,17.81,16.14,12.33,7.2,96.15,3.85,100.0,0.0,272.0,76.0,1346.0,16.0,17984.0,0.0,1840.0,12013.0,2538.0,2805.0,2968.0,1106.0,6189.0,5974.0,5415.0,4137.0,2415.0,32254.0,1293.0,33547.0,0.0,0.87,0.22,3.58,0.03,55.09,0.0,5.79,34.43,49.22,50.78,100.0,32.39,13.52,36.26,17.83,0.0,246.0,61.0,1009.0,8.0,15538.0,0.0,1633.0,9710.0,13883.0,14321.0,28204.0,9136.0,3812.0,10228.0,5028.0
3535606,0.0,0.41,0.43,4.29,0.08,74.66,0.0,2.27,17.85,50.46,49.54,7.08,7.01,7.66,7.52,3.24,16.02,15.62,15.95,12.86,7.04,100.0,0.0,100.0,100.0,100.0,100.0,100.0,0.0,100.0,100.0,50.46,49.54,7.08,7.01,7.66,7.52,3.24,16.02,15.62,15.95,12.86,7.04,100.0,0.0,64.0,66.0,665.0,13.0,11584.0,0.0,352.0,2770.0,7829.0,7686.0,1098.0,1087.0,1188.0,1167.0,502.0,2486.0,2424.0,2474.0,1996.0,1093.0,15515.0,0.0,0.41,0.42,4.21,0.09,74.77,0.0,2.26,17.84,7.54,8.24,8.09,3.48,17.24,16.81,17.16,13.84,7.58,94.19,5.81,100.0,0.0,100.0,100.0,100.0,100.0,100.0,0.0,100.0,100.0,7.54,8.24,8.09,3.48,17.24,16.81,17.16,13.84,7.58,94.19,5.81,100.0,0.0,59.0,61.0,607.0,13.0,10780.0,0.0,326.0,2572.0,1087.0,1188.0,1167.0,502.0,2486.0,2424.0,2474.0,1996.0,1093.0,13580.0,837.0,14417.0,0.0,0.44,0.37,3.96,0.11,75.22,0.0,1.84,18.07,50.17,49.83,100.0,41.82,15.8,29.04,13.33,0.0,53.0,45.0,481.0,13.0,9133.0,0.0,224.0,2194.0,6092.0,6050.0,12142.0,5078.0,1919.0,3526.0,1619.0
3535705,0.0,3.06,1.03,4.13,0.06,65.44,0.0,3.28,22.99,49.83,50.17,6.68,6.7,6.95,7.08,3.49,16.95,17.54,15.24,12.42,6.95,100.0,0.0,100.0,100.0,100.0,100.0,100.0,0.0,100.0,100.0,49.83,50.17,6.68,6.7,6.95,7.08,3.49,16.95,17.54,15.24,12.42,6.95,100.0,0.0,167.0,56.0,225.0,3.0,3567.0,0.0,179.0,1253.0,2716.0,2735.0,364.0,365.0,379.0,386.0,190.0,924.0,956.0,831.0,677.0,379.0,5451.0,0.0,3.11,1.06,3.99,0.0,65.89,0.0,3.2,22.76,7.18,7.45,7.59,3.74,18.16,18.79,16.34,13.31,7.45,94.34,5.66,100.0,0.0,100.0,100.0,100.0,0.0,100.0,0.0,100.0,100.0,7.18,7.45,7.59,3.74,18.16,18.79,16.34,13.31,7.45,94.34,5.66,100.0,0.0,158.0,54.0,203.0,0.0,3352.0,0.0,163.0,1158.0,365.0,379.0,386.0,190.0,924.0,956.0,831.0,677.0,379.0,4799.0,288.0,5087.0,0.0,2.9,0.78,4.05,0.0,67.1,0.0,3.11,22.08,50.01,49.99,100.0,43.01,11.81,25.4,19.78,0.0,126.0,34.0,176.0,0.0,2914.0,0.0,135.0,959.0,2172.0,2171.0,4343.0,1868.0,513.0,1103.0,859.0
3535804,0.0,0.76,0.0,4.81,0.06,58.33,0.0,2.75,33.3,50.76,49.24,7.49,7.94,9.02,9.17,1.9,17.32,17.26,14.0,10.8,5.12,100.0,0.0,100.0,0.0,100.0,100.0,100.0,0.0,100.0,100.0,50.76,49.24,7.49,7.94,9.02,9.17,1.9,17.32,17.26,14.0,10.8,5.12,100.0,0.0,127.0,0.0,802.0,10.0,9723.0,0.0,458.0,5551.0,8461.0,8209.0,1248.0,1323.0,1503.0,1529.0,316.0,2887.0,2877.0,2334.0,1800.0,853.0,16670.0,0.0,0.66,0.0,4.93,0.06,58.46,0.0,2.73,33.17,8.58,9.75,9.91,2.05,18.72,18.66,15.13,11.67,5.53,94.18,5.82,100.0,0.0,100.0,0.0,100.0,100.0,100.0,0.0,100.0,100.0,8.58,9.75,9.91,2.05,18.72,18.66,15.13,11.67,5.53,94.18,5.82,100.0,0.0,102.0,0.0,760.0,10.0,9015.0,0.0,421.0,5115.0,1323.0,1503.0,1529.0,316.0,2887.0,2877.0,2334.0,1800.0,853.0,14524.0,898.0,15422.0,0.0,0.73,0.0,3.51,0.08,59.61,0.0,3.18,32.9,50.12,49.88,100.0,43.59,14.76,29.35,12.31,0.0,92.0,0.0,442.0,10.0,7508.0,0.0,401.0,4144.0,6313.0,6283.0,12596.0,5491.0,1859.0,3697.0,1550.0
3535903,0.0,0.94,0.0,8.0,0.74,56.18,0.0,1.47,32.67,50.2,49.8,5.76,8.48,7.74,7.46,3.69,15.6,16.53,14.46,13.07,7.2,100.0,0.0,100.0,0.0,100.0,100.0,100.0,0.0,100.0,100.0,50.2,49.8,5.76,8.48,7.74,7.46,3.69,15.6,16.53,14.46,13.07,7.2,100.0,0.0,33.0,0.0,282.0,26.0,1981.0,0.0,52.0,1152.0,1770.0,1756.0,203.0,299.0,273.0,263.0,130.0,550.0,583.0,510.0,461.0,254.0,3526.0,0.0,0.99,0.0,7.85,0.51,57.0,0.0,1.41,32.23,9.0,8.22,7.91,3.91,16.55,17.54,15.35,13.87,7.64,94.37,5.63,100.0,0.0,100.0,0.0,100.0,100.0,100.0,0.0,100.0,100.0,9.0,8.22,7.91,3.91,16.55,17.54,15.35,13.87,7.64,94.38,5.62,100.0,0.0,33.0,0.0,261.0,17.0,1894.0,0.0,47.0,1071.0,299.0,273.0,263.0,130.0,550.0,583.0,510.0,461.0,254.0,3136.0,187.0,3323.0,0.0,1.13,0.0,6.47,0.44,57.98,0.0,1.71,32.28,49.65,50.35,100.0,48.38,10.51,29.99,11.09,0.0,31.0,0.0,178.0,12.0,1595.0,0.0,47.0,888.0,1366.0,1385.0,2751.0,1331.0,289.0,825.0,305.0
3536000,0.0,0.87,0.5,7.29,0.0,65.87,0.0,3.08,22.39,49.18,50.82,6.09,6.72,6.75,7.28,4.45,14.99,15.72,15.8,13.95,8.24,100.0,0.0,100.0,100.0,100.0,0.0,100.0,0.0,100.0,100.0,49.18,50.82,6.09,6.72,6.75,7.28,4.45,14.99,15.72,15.8,13.95,8.24,100.0,0.0,82.0,47.0,691.0,0.0,6242.0,0.0,292.0,2122.0,4660.0,4816.0,577.0,637.0,640.0,690.0,422.0,1420.0,1490.0,1497.0,1322.0,781.0,9476.0,0.0,0.92,0.48,7.35,0.0,66.43,0.0,3.06,21.76,7.16,7.19,7.75,4.74,15.96,16.74,16.82,14.86,8.78,93.77,6.23,100.0,0.0,100.0,100.0,100.0,0.0,100.0,0.0,100.0,100.0,7.16,7.19,7.75,4.74,15.96,16.74,16.82,14.86,8.78,93.78,6.22,100.0,0.0,82.0,43.0,654.0,0.0,5912.0,0.0,272.0,1936.0,637.0,640.0,690.0,422.0,1420.0,1490.0,1497.0,1322.0,781.0,8345.0,554.0,8899.0,0.0,0.92,0.31,6.51,0.0,68.91,0.0,2.62,20.72,48.62,51.38,100.0,41.41,16.12,27.64,14.81,0.0,70.0,24.0,496.0,0.0,5252.0,0.0,200.0,1579.0,3706.0,3916.0,7622.0,3156.0,1229.0,2107.0,1129.0
3536109,0.0,1.83,0.53,8.08,0.0,52.47,0.0,4.32,32.77,50.98,49.02,8.31,8.61,9.18,7.83,2.61,16.19,16.75,14.24,10.39,5.89,100.0,0.0,100.0,100.0,100.0,0.0,100.0,0.0,100.0,100.0,50.98,49.02,8.31,8.61,9.18,7.83,2.61,16.19,16.75,14.24,10.39,5.89,100.0,0.0,114.0,33.0,504.0,0.0,3271.0,0.0,269.0,2043.0,3178.0,3056.0,518.0,537.0,572.0,488.0,163.0,1009.0,1044.0,888.0,648.0,367.0,6234.0,0.0,1.78,0.58,7.68,0.0,53.88,0.0,4.02,32.05,9.39,10.01,8.54,2.85,17.65,18.26,15.54,11.34,6.42,94.93,5.07,100.0,0.0,100.0,100.0,100.0,0.0,100.0,0.0,100.0,100.0,9.39,10.01,8.54,2.85,17.65,18.26,15.54,11.34,6.42,94.92,5.08,100.0,0.0,102.0,33.0,439.0,0.0,3080.0,0.0,230.0,1832.0,537.0,572.0,488.0,163.0,1009.0,1044.0,888.0,648.0,367.0,5426.0,290.0,5716.0,0.0,2.11,0.56,6.84,0.0,55.96,0.0,4.17,30.37,49.95,50.05,100.0,38.35,16.32,32.67,12.65,0.0,97.0,26.0,315.0,0.0,2578.0,0.0,192.0,1399.0,2301.0,2306.0,4607.0,1767.0,752.0,1505.0,583.0
3536208,0.0,1.24,0.42,17.49,0.17,34.17,0.56,3.72,42.23,49.11,50.89,7.79,8.28,8.03,7.98,3.32,16.06,17.5,13.81,10.78,6.46,100.0,0.0,100.0,100.0,100.0,100.0,100.0,100.0,100.0,100.0,49.11,50.89,7.79,8.28,8.03,7.98,3.32,16.06,17.5,13.81,10.78,6.46,100.0,0.0,207.0,71.0,2931.0,28.0,5726.0,94.0,624.0,7078.0,8231.0,8528.0,1305.0,1387.0,1346.0,1337.0,557.0,2692.0,2933.0,2314.0,1806.0,1082.0,16759.0,0.0,1.34,0.46,17.38,0.18,34.74,0.45,3.75,41.71,8.98,8.71,8.65,3.6,17.42,18.98,14.97,11.69,7.0,95.48,4.52,100.0,0.0,100.0,100.0,100.0,100.0,100.0,100.0,100.0,100.0,8.98,8.71,8.65,3.6,17.42,18.98,14.97,11.69,7.0,95.48,4.52,100.0,0.0,207.0,71.0,2686.0,28.0,5368.0,69.0,579.0,6446.0,1387.0,1346.0,1337.0,557.0,2692.0,2933.0,2314.0,1806.0,1082.0,14755.0,699.0,15454.0,0.0,1.43,0.36,15.24,0.09,36.52,0.32,4.14,41.88,48.49,51.51,100.0,37.31,14.46,34.93,13.29,0.0,182.0,46.0,1939.0,12.0,4646.0,41.0,527.0,5328.0,6169.0,6552.0,12721.0,4746.0,1839.0,4444.0,1691.0
3536257,0.0,2.39,0.0,7.59,0.0,64.62,0.0,3.52,21.88,48.88,51.12,6.77,7.01,7.12,6.69,3.41,16.32,15.69,14.76,13.86,8.38,100.0,0.0,100.0,0.0,100.0,0.0,100.0,0.0,100.0,100.0,48.88,51.12,6.77,7.01,7.12,6.69,3.41,16.32,15.69,14.76,13.86,8.38,100.0,0.0,61.0,0.0,194.0,0.0,1651.0,0.0,90.0,559.0,1249.0,1306.0,173.0,179.0,182.0,171.0,87.0,417.0,401.0,377.0,354.0,214.0,2555.0,0.0,2.39,0.0,7.35,0.0,65.24,0.0,3.53,21.49,7.51,7.64,7.18,3.65,17.51,16.83,15.83,14.86,8.98,93.91,6.09,100.0,0.0,100.0,0.0,100.0,0.0,100.0,0.0,100.0,100.0,7.51,7.64,7.18,3.65,17.51,16.83,15.83,14.86,8.98,93.91,6.09,100.0,0.0,57.0,0.0,175.0,0.0,1554.0,0.0,84.0,512.0,179.0,182.0,171.0,87.0,417.0,401.0,377.0,354.0,214.0,2237.0,145.0,2382.0,0.0,2.28,0.0,6.78,0.0,67.69,0.0,3.07,20.19,48.79,51.21,100.0,46.81,15.59,27.02,10.59,0.0,46.0,0.0,137.0,0.0,1368.0,0.0,62.0,408.0,986.0,1035.0,2021.0,946.0,315.0,546.0,214.0
3536307,0.0,1.04,0.91,5.15,0.05,69.86,0.0,1.86,21.14,50.24,49.76,8.1,8.08,8.58,7.87,2.61,17.1,17.85,13.48,10.59,5.74,100.0,0.0,100.0,100.0,100.0,100.0,100.0,0.0,100.0,100.0,50.24,49.76,8.1,8.08,8.58,7.87,2.61,17.1,17.85,13.48,10.59,5.74,100.0,0.0,131.0,115.0,651.0,6.0,8822.0,0.0,235.0,2670.0,6345.0,6284.0,1023.0,1021.0,1083.0,994.0,330.0,2160.0,2254.0,1702.0,1337.0,725.0,12629.0,0.0,1.09,0.9,5.32,0.05,69.78,0.0,1.85,20.99,8.8,9.33,8.56,2.84,18.61,19.42,14.66,11.52,6.25,96.21,3.79,100.0,0.0,100.0,100.0,100.0,100.0,100.0,0.0,100.0,100.0,8.8,9.33,8.56,2.84,18.61,19.42,14.67,11.52,6.25,96.21,3.79,100.0,0.0,127.0,105.0,618.0,6.0,8099.0,0.0,215.0,2436.0,1021.0,1083.0,994.0,330.0,2160.0,2254.0,1702.0,1337.0,725.0,11166.0,440.0,11606.0,0.0,1.29,0.61,4.18,0.06,71.12,0.0,1.87,20.87,49.54,50.47,100.0,35.33,17.67,33.31,13.7,0.0,123.0,58.0,397.0,6.0,6758.0,0.0,178.0,1983.0,4707.0,4796.0,9502.0,3357.0,1679.0,3165.0,1302.0
3536406,0.0,0.39,0.95,8.77,0.03,49.91,0.0,3.14,36.8,50.37,49.63,8.35,7.89,7.82,8.02,2.05,16.84,15.9,14.97,12.23,5.93,100.0,0.0,100.0,100.0,100.0,100.0,100.0,0.0,100.0,100.0,50.37,49.63,8.35,7.89,7.82,8.02,2.05,16.84,15.9,14.97,12.23,5.93,100.0,0.0,27.0,65.0,600.0,2.0,3415.0,0.0,215.0,2518.0,3446.0,3396.0,571.0,540.0,535.0,549.0,140.0,1152.0,1088.0,1024.0,837.0,406.0,6842.0,0.0,0.43,0.92,8.79,0.03,50.22,0.0,3.05,36.55,8.61,8.53,8.75,2.23,18.37,17.35,16.33,13.35,6.47,95.04,4.96,100.0,0.0,100.0,100.0,100.0,100.0,100.0,0.0,100.0,100.0,8.61,8.53,8.75,2.23,18.37,17.35,16.33,13.35,6.47,95.04,4.96,100.0,0.0,27.0,58.0,551.0,2.0,3149.0,0.0,191.0,2292.0,540.0,535.0,549.0,140.0,1152.0,1088.0,1024.0,837.0,406.0,5960.0,311.0,6271.0,0.0,0.52,1.0,7.83,0.04,51.62,0.0,2.83,36.16,49.96,50.04,100.0,40.26,15.28,34.37,10.1,0.0,27.0,52.0,407.0,2.0,2682.0,0.0,147.0,1879.0,2596.0,2600.0,5196.0,2092.0,794.0,1786.0,525.0
3536505,0.0,3.67,0.57,9.27,0.09,53.89,0.03,5.44,27.04,48.16,51.84,7.46,7.79,7.56,7.69,2.0,19.24,19.17,14.4,9.75,4.94,100.0,0.0,100.0,100.0,100.0,100.0,100.0,100.0,100.0,100.0,48.16,51.84,7.46,7.79,7.56,7.69,2.0,19.24,19.17,14.4,9.75,4.94,100.0,0.0,3555.0,555.0,8989.0,87.0,52238.0,27.0,5273.0,26211.0,46683.0,50252.0,7232.0,7550.0,7330.0,7452.0,1936.0,18651.0,18580.0,13956.0,9455.0,4793.0,96935.0,0.0,3.75,0.56,9.24,0.08,54.0,0.02,5.53,26.82,8.42,8.17,8.31,2.16,20.79,20.71,15.56,10.54,5.34,97.43,2.57,100.0,0.0,100.0,100.0,100.0,100.0,100.0,100.0,100.0,100.0,8.42,8.17,8.31,2.16,20.79,20.71,15.56,10.54,5.34,97.43,2.57,100.0,0.0,3364.0,500.0,8290.0,73.0,48437.0,18.0,4965.0,24054.0,7550.0,7330.0,7452.0,1936.0,18651.0,18580.0,13956.0,9455.0,4793.0,87395.0,2308.0,89703.0,0.0,3.9,0.51,7.94,0.06,55.39,0.02,5.55,26.63,47.45,52.54,100.0,24.88,10.7,34.81,29.61,0.0,2916.0,382.0,5938.0,46.0,41447.0,18.0,4151.0,19924.0,35507.0,39315.0,74823.0,18614.0,8003.0,26048.0,22156.0
3536570,0.0,0.0,0.17,9.63,0.0,59.79,0.0,0.06,30.31,50.28,49.72,6.66,8.31,7.65,7.98,3.52,17.0,16.78,15.02,10.78,6.33,100.0,0.0,0.0,100.0,100.0,0.0,100.0,0.0,100.0,100.0,50.28,49.72,6.66,8.31,7.65,7.98,3.52,17.0,16.78,15.02,10.78,6.33,100.0,0.0,0.0,3.0,175.0,0.0,1087.0,0.0,1.0,551.0,914.0,904.0,121.0,151.0,139.0,145.0,64.0,309.0,305.0,273.0,196.0,115.0,1818.0,0.0,0.0,0.18,8.96,0.0,60.93,0.0,0.06,29.88,8.9,8.19,8.54,3.77,18.21,17.97,16.09,11.55,6.78,92.81,7.19,100.0,0.0,0.0,100.0,100.0,0.0,100.0,0.0,100.0,100.0,8.9,8.19,8.54,3.77,18.21,17.97,16.09,11.55,6.78,92.79,7.21,100.0,0.0,0.0,3.0,152.0,0.0,1034.0,0.0,1.0,507.0,151.0,139.0,145.0,64.0,309.0,305.0,273.0,196.0,115.0,1575.0,122.0,1697.0,0.0,0.0,0.07,7.18,0.0,62.62,0.0,0.07,29.99,50.6,49.4,100.0,46.77,15.07,27.79,10.45,0.0,0.0,1.0,101.0,0.0,881.0,0.0,1.0,422.0,712.0,695.0,1407.0,658.0,212.0,391.0,147.0
3536604,0.0,3.06,0.98,6.36,0.09,62.57,0.0,4.37,22.59,50.24,49.76,6.69,6.72,7.64,7.34,3.86,16.14,16.02,15.93,12.1,7.56,100.0,0.0,100.0,100.0,100.0,100.0,100.0,0.0,100.0,100.0,50.24,49.76,6.69,6.72,7.64,7.34,3.86,16.14,16.02,15.93,12.1,7.56,100.0,0.0,203.0,65.0,422.0,6.0,4152.0,0.0,290.0,1499.0,3334.0,3302.0,444.0,446.0,507.0,487.0,256.0,1071.0,1063.0,1057.0,803.0,502.0,6636.0,0.0,3.28,1.05,5.8,0.1,62.86,0.0,4.18,22.74,7.2,8.19,7.86,4.13,17.3,17.17,17.07,12.97,8.11,92.62,7.38,100.0,0.0,100.0,100.0,100.0,100.0,100.0,0.0,100.0,100.0,7.2,8.19,7.86,4.13,17.3,17.17,17.07,12.97,8.11,92.62,7.38,100.0,0.0,203.0,65.0,359.0,6.0,3892.0,0.0,259.0,1408.0,446.0,507.0,487.0,256.0,1071.0,1063.0,1057.0,803.0,502.0,5735.0,457.0,6192.0,0.0,3.72,0.95,4.98,0.11,65.17,0.0,3.61,21.45,49.99,50.01,100.0,43.1,18.72,25.88,12.27,0.0,195.0,50.0,261.0,6.0,3414.0,0.0,189.0,1124.0,2619.0,2620.0,5239.0,2258.0,981.0,1356.0,643.0
3536703,0.0,0.87,0.25,6.29,0.39,53.5,0.0,3.65,35.04,49.42,50.58,7.38,8.15,8.12,8.87,2.75,17.27,16.61,14.58,10.75,5.53,100.0,0.0,100.0,100.0,100.0,100.0,100.0,0.0,100.0,100.0,49.42,50.58,7.38,8.15,8.11,8.88,2.75,17.27,16.61,14.58,10.75,5.53,100.0,0.0,344.0,98.0,2477.0,155.0,21056.0,0.0,1435.0,13793.0,19449.0,19909.0,2904.0,3207.0,3194.0,3493.0,1082.0,6799.0,6537.0,5738.0,4230.0,2175.0,39358.0,0.0,0.91,0.24,6.4,0.37,54.23,0.0,3.7,34.14,8.8,8.76,9.58,2.97,18.65,17.93,15.74,11.6,5.97,95.31,4.69,100.0,0.0,100.0,100.0,100.0,100.0,100.0,0.0,100.0,100.0,8.8,8.76,9.58,2.97,18.65,17.93,15.74,11.6,5.97,95.31,4.69,100.0,0.0,333.0,89.0,2332.0,135.0,19770.0,0.0,1350.0,12446.0,3207.0,3194.0,3493.0,1082.0,6799.0,6537.0,5738.0,4230.0,2175.0,34746.0,1708.0,36454.0,0.0,1.03,0.23,5.43,0.38,56.47,0.0,3.48,32.98,48.67,51.33,100.0,36.7,13.51,34.82,14.97,0.0,311.0,69.0,1631.0,115.0,16971.0,0.0,1046.0,9911.0,14628.0,15426.0,30053.0,11030.0,4059.0,10465.0,4499.0
3536802,0.0,0.58,0.03,4.78,0.26,72.03,0.0,1.35,20.96,52.13,47.87,6.1,6.87,6.2,7.56,3.07,17.26,16.69,15.25,13.09,7.9,100.0,0.0,100.0,100.0,100.0,100.0,100.0,0.0,100.0,100.0,52.13,47.87,6.1,6.87,6.2,7.56,3.07,17.26,16.69,15.25,13.09,7.9,100.0,0.0,34.0,2.0,279.0,15.0,4203.0,0.0,79.0,1223.0,3042.0,2793.0,356.0,401.0,362.0,441.0,179.0,1007.0,974.0,890.0,764.0,461.0,5835.0,0.0,0.62,0.0,4.89,0.27,71.93,0.0,1.44,20.84,7.32,6.61,8.05,3.27,18.38,17.78,16.24,13.94,8.41,93.32,6.68,100.0,0.0,100.0,0.0,100.0,100.0,100.0,0.0,100.0,100.0,7.32,6.61,8.05,3.27,18.38,17.78,16.24,13.94,8.41,93.32,6.68,100.0,0.0,34.0,0.0,268.0,15.0,3941.0,0.0,79.0,1142.0,401.0,362.0,441.0,179.0,1007.0,974.0,890.0,764.0,461.0,5113.0,366.0,5479.0,0.0,0.72,0.0,4.11,0.23,73.3,0.0,1.48,20.17,51.8,48.2,100.0,50.55,12.7,26.87,9.86,0.0,34.0,0.0,194.0,11.0,3457.0,0.0,70.0,951.0,2443.0,2273.0,4716.0,2384.0,599.0,1267.0,465.0
3536901,0.0,2.85,0.59,4.59,0.0,62.3,0.0,1.94,27.72,49.86,50.14,6.26,6.61,5.82,5.11,4.32,13.27,17.58,15.52,16.79,8.71,100.0,0.0,100.0,100.0,100.0,0.0,100.0,0.0,100.0,100.0,49.86,50.14,6.26,6.61,5.82,5.11,4.32,13.27,17.58,15.52,16.79,8.71,100.0,0.0,72.0,15.0,116.0,0.0,1573.0,0.0,49.0,700.0,1259.0,1266.0,158.0,167.0,147.0,129.0,109.0,335.0,444.0,392.0,424.0,220.0,2525.0,0.0,2.87,0.63,4.14,0.0,62.57,0.0,2.07,27.71,7.06,6.21,5.45,4.6,14.15,18.76,16.56,17.91,9.29,94.89,5.11,100.0,0.0,100.0,100.0,100.0,0.0,100.0,0.0,100.0,100.0,7.06,6.21,5.45,4.6,14.15,18.76,16.56,17.91,9.29,94.9,5.1,100.0,0.0,68.0,15.0,98.0,0.0,1481.0,0.0,49.0,656.0,167.0,147.0,129.0,109.0,335.0,444.0,392.0,424.0,220.0,2246.0,121.0,2367.0,0.0,3.02,0.54,3.56,0.0,64.3,0.0,2.0,26.6,49.34,50.66,100.0,51.63,13.49,24.4,10.47,0.0,62.0,11.0,73.0,0.0,1320.0,0.0,41.0,546.0,1013.0,1040.0,2053.0,1060.0,277.0,501.0,215.0
3537008,0.0,11.25,0.24,9.89,0.07,56.89,0.0,4.02,17.64,49.86,50.14,7.4,8.19,8.33,7.87,2.98,17.26,16.16,13.73,11.96,6.13,100.0,0.0,100.0,100.0,100.0,100.0,100.0,0.0,100.0,100.0,49.86,50.14,7.4,8.19,8.33,7.87,2.98,17.26,16.16,13.73,11.96,6.13,100.0,0.0,1532.0,33.0,1347.0,9.0,7746.0,0.0,548.0,2402.0,6789.0,6827.0,1007.0,1115.0,1134.0,1071.0,406.0,2350.0,2200.0,1870.0,1629.0,834.0,13616.0,0.0,11.9,0.26,9.78,0.07,56.73,0.0,4.19,17.08,8.84,8.99,8.49,3.22,18.64,17.45,14.83,12.92,6.61,93.42,6.58,100.0,0.0,100.0,100.0,100.0,100.0,100.0,0.0,100.0,100.0,8.84,8.99,8.49,3.22,18.64,17.45,14.83,12.92,6.61,93.42,6.58,100.0,0.0,1500.0,33.0,1233.0,9.0,7153.0,0.0,528.0,2154.0,1115.0,1134.0,1071.0,406.0,2350.0,2200.0,1870.0,1629.0,834.0,11779.0,830.0,12609.0,0.0,12.73,0.25,9.33,0.09,57.07,0.0,4.2,16.33,49.33,50.67,100.0,43.2,14.89,27.64,14.27,0.0,1319.0,26.0,967.0,9.0,5912.0,0.0,435.0,1692.0,5111.0,5249.0,10360.0,4476.0,1543.0,2863.0,1478.0
3537107,0.0,1.26,0.66,7.03,0.0,68.33,0.0,2.54,20.17,48.86,51.14,6.18,6.88,8.06,8.2,2.8,17.88,17.31,15.42,11.38,5.9,100.0,0.0,100.0,100.0,100.0,0.0,100.0,0.0,100.0,100.0,48.86,51.14,6.18,6.88,8.06,8.2,2.8,17.88,17.31,15.42,11.38,5.9,100.0,0.0,485.0,254.0,2707.0,0.0,26298.0,0.0,977.0,7764.0,18804.0,19680.0,2380.0,2646.0,3103.0,3155.0,1078.0,6881.0,6660.0,5933.0,4379.0,2269.0,38484.0,0.0,1.32,0.7,7.08,0.0,68.96,0.0,2.52,19.42,7.33,8.59,8.74,2.99,19.06,18.45,16.43,12.13,6.28,97.08,2.92,100.0,0.0,100.0,100.0,100.0,0.0,100.0,0.0,100.0,100.0,7.33,8.59,8.74,2.99,19.06,18.45,16.43,12.13,6.28,97.08,2.92,100.0,0.0,477.0,254.0,2556.0,0.0,24898.0,0.0,909.0,7010.0,2646.0,3103.0,3155.0,1078.0,6881.0,6660.0,5933.0,4379.0,2269.0,35048.0,1056.0,36104.0,0.0,1.44,0.48,6.4,0.0,70.17,0.0,2.55,18.97,48.04,51.96,100.0,35.88,15.78,32.95,15.39,0.0,437.0,146.0,1942.0,0.0,21301.0,0.0,773.0,5757.0,14583.0,15772.0,30355.0,10891.0,4791.0,10002.0,4671.0
3537156,0.0,0.24,0.0,4.65,0.0,71.44,0.0,1.47,22.2,48.65,51.35,5.53,6.44,6.56,7.76,3.66,15.16,15.63,17.94,13.6,7.72,100.0,0.0,100.0,0.0,100.0,0.0,100.0,0.0,100.0,100.0,48.65,51.35,5.53,6.44,6.56,7.76,3.66,15.16,15.63,17.94,13.6,7.72,100.0,0.0,6.0,0.0,117.0,0.0,1796.0,0.0,37.0,558.0,1223.0,1291.0,139.0,162.0,165.0,195.0,92.0,381.0,393.0,451.0,342.0,194.0,2514.0,0.0,0.25,0.0,4.55,0.0,72.13,0.0,1.56,21.52,6.82,6.95,8.21,3.87,16.04,16.55,18.99,14.4,8.17,94.65,5.35,100.0,0.0,100.0,0.0,100.0,0.0,100.0,0.0,100.0,100.0,6.82,6.95,8.21,3.87,16.04,16.55,18.99,14.4,8.17,94.65,5.35,100.0,0.0,6.0,0.0,108.0,0.0,1713.0,0.0,37.0,511.0,162.0,165.0,195.0,92.0,381.0,393.0,451.0,342.0,194.0,2248.0,127.0,2375.0,0.0,0.29,0.0,4.15,0.0,72.27,0.0,1.51,21.73,47.8,52.2,100.0,32.96,34.72,8.98,23.34,0.0,6.0,0.0,85.0,0.0,1480.0,0.0,31.0,445.0,979.0,1069.0,2048.0,675.0,711.0,184.0,478.0
3537206,0.0,1.3,0.91,13.87,0.36,44.7,0.0,3.3,35.56,50.79,49.21,7.84,7.75,6.66,6.86,2.51,16.63,14.75,15.67,14.14,7.19,100.0,0.0,100.0,100.0,100.0,100.0,100.0,0.0,100.0,100.0,50.79,49.21,7.84,7.75,6.66,6.86,2.51,16.63,14.75,15.67,14.14,7.19,100.0,0.0,127.0,89.0,1355.0,35.0,4368.0,0.0,322.0,3475.0,4963.0,4808.0,766.0,757.0,651.0,670.0,245.0,1625.0,1441.0,1531.0,1382.0,703.0,9771.0,0.0,1.34,0.99,13.61,0.23,45.24,0.0,3.21,35.36,8.41,7.23,7.44,2.72,18.05,16.0,17.0,15.35,7.81,92.87,7.13,100.0,0.0,100.0,100.0,100.0,100.0,100.0,0.0,100.0,100.0,8.41,7.23,7.44,2.72,18.05,16.0,17.0,15.35,7.81,92.87,7.13,100.0,0.0,121.0,89.0,1226.0,21.0,4074.0,0.0,289.0,3184.0,757.0,651.0,670.0,245.0,1625.0,1441.0,1531.0,1382.0,703.0,8363.0,642.0,9005.0,0.0,1.54,0.71,13.11,0.13,46.87,0.0,3.07,34.59,50.28,49.72,100.0,40.99,15.7,35.25,8.06,0.0,117.0,54.0,996.0,10.0,3561.0,0.0,233.0,2628.0,3820.0,3777.0,7597.0,3114.0,1193.0,2678.0,612.0
3537305,0.12,2.29,0.6,6.18,0.05,58.46,0.0,5.32,26.99,47.87,52.13,7.0,6.7,7.41,7.44,3.51,16.53,16.34,15.31,12.55,7.19,100.0,100.0,100.0,100.0,100.0,100.0,100.0,0.0,100.0,100.0,47.87,52.13,7.0,6.7,7.41,7.44,3.51,16.53,16.34,15.31,12.55,7.19,100.0,64.0,1250.0,325.0,3372.0,25.0,31880.0,0.0,2902.0,14717.0,26106.0,28430.0,3820.0,3656.0,4042.0,4057.0,1916.0,9017.0,8913.0,8350.0,6844.0,3921.0,54536.0,0.1,2.43,0.64,5.95,0.05,58.97,0.0,5.32,26.54,7.21,7.97,8.0,3.78,17.78,17.57,16.46,13.49,7.73,96.93,3.07,100.0,100.0,100.0,100.0,100.0,100.0,100.0,0.0,100.0,100.0,7.21,7.97,8.0,3.78,17.78,17.58,16.46,13.5,7.73,96.93,3.07,100.0,50.0,1233.0,325.0,3020.0,25.0,29906.0,0.0,2699.0,13458.0,3656.0,4042.0,4057.0,1916.0,9017.0,8913.0,8350.0,6844.0,3921.0,49158.0,1558.0,50716.0,0.07,2.67,0.62,4.75,0.02,61.23,0.0,5.28,25.37,47.23,52.77,100.0,31.75,15.96,32.51,19.78,28.0,1147.0,268.0,2042.0,10.0,26341.0,0.0,2270.0,10913.0,20316.0,22703.0,43019.0,13659.0,6865.0,13987.0,8508.0
3537404,0.0,1.98,0.42,6.52,0.0,52.82,0.0,2.47,35.78,47.95,52.05,6.89,6.75,6.7,7.78,3.75,15.64,16.38,17.13,11.72,7.27,100.0,0.0,100.0,100.0,100.0,0.0,100.0,0.0,100.0,100.0,47.95,52.05,6.89,6.74,6.7,7.78,3.75,15.64,16.38,17.13,11.72,7.27,100.0,0.0,419.0,90.0,1384.0,0.0,11205.0,0.0,525.0,7589.0,10172.0,11041.0,1462.0,1431.0,1421.0,1651.0,795.0,3317.0,3474.0,3634.0,2486.0,1542.0,21213.0,0.0,1.96,0.46,6.46,0.0,52.96,0.0,2.66,35.51,7.25,7.19,8.36,4.03,16.79,17.59,18.4,12.59,7.81,94.77,5.23,100.0,0.0,100.0,100.0,100.0,0.0,100.0,0.0,100.0,100.0,7.24,7.2,8.36,4.03,16.79,17.59,18.4,12.59,7.81,94.77,5.23,100.0,0.0,387.0,90.0,1275.0,0.0,10460.0,0.0,525.0,7013.0,1431.0,1421.0,1651.0,795.0,3317.0,3474.0,3634.0,2486.0,1542.0,18718.0,1033.0,19751.0,0.0,2.0,0.41,6.18,0.0,54.17,0.0,3.05,34.18,47.38,52.62,100.0,35.15,14.25,29.48,21.12,0.0,338.0,70.0,1045.0,0.0,9155.0,0.0,516.0,5776.0,8006.0,8893.0,16899.0,5940.0,2408.0,4982.0,3569.0
3537503,0.0,0.99,0.47,2.03,0.07,65.61,0.3,4.81,25.72,49.99,50.01,7.68,7.66,7.54,7.66,2.71,17.36,15.34,14.89,12.13,7.04,100.0,0.0,100.0,100.0,100.0,100.0,100.0,100.0,100.0,100.0,49.99,50.01,7.68,7.66,7.54,7.66,2.71,17.36,15.34,14.89,12.13,7.04,100.0,0.0,75.0,36.0,154.0,5.0,4988.0,23.0,366.0,1955.0,3800.0,3802.0,584.0,582.0,573.0,582.0,206.0,1320.0,1166.0,1132.0,922.0,535.0,7602.0,0.0,1.07,0.51,2.19,0.07,66.24,0.3,4.94,24.67,8.29,8.16,8.29,2.94,18.81,16.61,16.13,13.14,7.62,95.95,4.05,100.0,0.0,100.0,100.0,100.0,100.0,100.0,100.0,100.0,100.0,8.29,8.16,8.29,2.94,18.81,16.61,16.13,13.14,7.62,95.95,4.05,100.0,0.0,75.0,36.0,154.0,5.0,4649.0,21.0,347.0,1731.0,582.0,573.0,582.0,206.0,1320.0,1166.0,1132.0,922.0,535.0,6734.0,284.0,7018.0,0.0,0.99,0.38,1.64,0.0,68.7,0.36,4.71,23.25,49.58,50.42,100.0,37.44,17.07,32.2,13.27,0.0,58.0,22.0,96.0,0.0,4028.0,21.0,276.0,1363.0,2907.0,2956.0,5863.0,2195.0,1001.0,1888.0,778.0
3537602,0.1,4.26,2.54,9.38,0.74,42.53,0.23,9.16,31.04,47.86,52.14,7.97,7.8,7.27,6.74,3.17,14.71,15.97,14.43,13.89,8.05,100.0,100.0,100.0,100.0,100.0,100.0,100.0,100.0,100.0,100.0,47.86,52.14,7.97,7.8,7.27,6.74,3.17,14.71,15.97,14.43,13.89,8.05,100.0,60.0,2565.0,1529.0,5644.0,443.0,25579.0,141.0,5511.0,18671.0,28787.0,31356.0,4795.0,4690.0,4374.0,4052.0,1905.0,8849.0,9607.0,8681.0,8351.0,4839.0,60143.0,0.11,4.41,2.5,9.15,0.73,43.25,0.18,9.08,30.6,8.47,7.9,7.32,3.44,15.99,17.36,15.68,15.09,8.74,95.84,4.16,100.0,100.0,100.0,100.0,100.0,100.0,100.0,100.0,100.0,100.0,8.47,7.9,7.32,3.44,15.99,17.36,15.68,15.09,8.74,95.84,4.16,100.0,60.0,2441.0,1381.0,5067.0,405.0,23937.0,97.0,5023.0,16937.0,4690.0,4374.0,4052.0,1905.0,8849.0,9607.0,8681.0,8351.0,4839.0,53047.0,2301.0,55348.0,0.06,4.69,2.5,8.22,0.61,45.02,0.19,8.97,29.73,46.79,53.21,100.0,31.85,16.09,34.4,17.66,29.0,2171.0,1159.0,3804.0,282.0,20839.0,90.0,4153.0,13758.0,21658.0,24626.0,46284.0,14743.0,7445.0,15921.0,8175.0
3537701,0.0,0.3,0.37,4.55,0.12,64.78,0.0,1.79,28.07,49.39,50.61,7.43,6.46,7.39,6.48,3.19,16.43,16.19,16.51,12.94,7.01,100.0,0.0,100.0,100.0,100.0,100.0,100.0,0.0,100.0,100.0,49.39,50.61,7.43,6.46,7.39,6.48,3.19,16.42,16.19,16.51,12.94,7.0,100.0,0.0,15.0,18.0,224.0,6.0,3190.0,0.0,88.0,1382.0,2432.0,2492.0,366.0,318.0,364.0,319.0,157.0,809.0,797.0,813.0,637.0,345.0,4924.0,0.0,0.33,0.33,4.39,0.13,65.91,0.0,1.86,27.05,6.98,7.99,7.0,3.44,17.75,17.49,17.84,13.98,7.57,93.4,6.6,100.0,0.0,100.0,100.0,100.0,100.0,100.0,0.0,100.0,100.0,6.98,7.98,7.0,3.45,17.74,17.49,17.83,13.97,7.56,93.4,6.6,100.0,0.0,15.0,15.0,200.0,6.0,3004.0,0.0,85.0,1233.0,318.0,364.0,319.0,157.0,809.0,797.0,813.0,637.0,345.0,4257.0,301.0,4558.0,0.0,0.31,0.39,3.82,0.15,66.92,0.0,1.73,26.68,48.45,51.55,100.0,45.02,11.87,27.12,16.0,0.0,12.0,15.0,148.0,6.0,2594.0,0.0,67.0,1034.0,1878.0,1998.0,3876.0,1745.0,460.0,1051.0,620.0
3537800,0.0,1.03,0.47,8.0,0.1,56.12,0.0,2.84,31.43,50.03,49.97,6.96,7.25,7.78,8.02,2.87,16.92,16.72,15.07,12.21,6.18,100.0,0.0,100.0,100.0,100.0,100.0,100.0,0.0,100.0,100.0,50.03,49.97,6.96,7.25,7.78,8.02,2.87,16.92,16.72,15.07,12.21,6.18,100.0,0.0,481.0,222.0,3739.0,46.0,26237.0,0.0,1330.0,14695.0,23389.0,23362.0,3256.0,3391.0,3637.0,3751.0,1344.0,7912.0,7817.0,7047.0,5708.0,2888.0,46751.0,0.0,1.09,0.48,7.86,0.11,56.51,0.0,2.85,31.1,7.8,8.36,8.62,3.09,18.19,17.97,16.2,13.12,6.64,95.83,4.17,100.0,0.0,100.0,100.0,100.0,100.0,100.0,0.0,100.0,100.0,7.8,8.36,8.62,3.09,18.19,17.97,16.2,13.12,6.64,95.83,4.17,100.0,0.0,476.0,210.0,3418.0,46.0,24580.0,0.0,1238.0,13527.0,3391.0,3637.0,3751.0,1344.0,7912.0,7817.0,7047.0,5708.0,2888.0,41682.0,1813.0,43495.0,0.0,1.18,0.51,6.94,0.1,56.94,0.0,3.0,31.34,49.79,50.21,100.0,41.93,16.37,30.49,11.2,0.0,431.0,185.0,2530.0,35.0,20765.0,0.0,1093.0,11429.0,18158.0,18309.0,36467.0,15292.0,5971.0,11118.0,4086.0
3537909,0.0,0.58,0.31,7.24,0.0,55.63,0.0,5.13,31.1,50.25,49.75,7.76,7.85,8.43,8.13,2.58,16.44,16.24,14.53,11.43,6.61,100.0,0.0,100.0,100.0,100.0,0.0,100.0,0.0,100.0,100.0,50.25,49.75,7.76,7.85,8.43,8.13,2.58,16.44,16.24,14.53,11.43,6.61,100.0,0.0,140.0,74.0,1745.0,0.0,13404.0,0.0,1237.0,7494.0,12107.0,11987.0,1870.0,1892.0,2030.0,1958.0,622.0,3961.0,3914.0,3501.0,2754.0,1592.0,24094.0,0.0,0.46,0.33,7.12,0.0,56.52,0.0,4.84,30.72,8.51,9.13,8.81,2.8,17.82,17.61,15.75,12.39,7.16,95.75,4.25,100.0,0.0,100.0,100.0,100.0,0.0,100.0,0.0,100.0,100.0,8.51,9.13,8.81,2.8,17.82,17.61,15.75,12.39,7.16,95.75,4.25,100.0,0.0,102.0,74.0,1582.0,0.0,12562.0,0.0,1076.0,6827.0,1892.0,2030.0,1958.0,622.0,3961.0,3914.0,3501.0,2754.0,1592.0,21279.0,945.0,22224.0,0.0,0.48,0.25,5.85,0.0,58.29,0.0,4.77,30.37,49.75,50.25,100.0,42.69,13.99,28.53,14.79,0.0,88.0,45.0,1071.0,0.0,10668.0,0.0,873.0,5558.0,9105.0,9197.0,18302.0,7813.0,2561.0,5222.0,2706.0
3538006,0.01,2.24,1.01,6.21,0.22,57.74,0.02,3.92,28.65,48.07,51.93,7.45,7.66,8.07,8.25,2.2,17.93,17.66,13.82,11.22,5.75,100.0,100.0,100.0,100.0,100.0,100.0,100.0,100.0,100.0,100.0,48.07,51.93,7.45,7.66,8.07,8.25,2.2,17.93,17.66,13.82,11.22,5.75,100.0,9.0,3224.0,1449.0,8947.0,314.0,83249.0,25.0,5651.0,41307.0,69306.0,74870.0,10740.0,11044.0,11632.0,11893.0,3176.0,25850.0,25456.0,19919.0,16172.0,8294.0,144176.0,0.01,2.32,1.04,6.21,0.19,58.03,0.02,3.95,28.24,8.28,8.72,8.91,2.38,19.37,19.08,14.93,12.12,6.22,97.78,2.22,100.0,100.0,100.0,100.0,100.0,100.0,100.0,100.0,100.0,100.0,8.28,8.72,8.91,2.38,19.37,19.08,14.93,12.12,6.22,97.78,2.22,100.0,9.0,3090.0,1387.0,8287.0,253.0,77430.0,25.0,5267.0,37688.0,11044.0,11632.0,11893.0,3176.0,25850.0,25456.0,19919.0,16172.0,8294.0,130478.0,2958.0,133436.0,0.0,2.46,0.98,5.43,0.18,59.38,0.01,4.06,27.5,47.47,52.53,100.0,23.05,14.62,41.25,21.08,0.0,2720.0,1085.0,6018.0,200.0,65772.0,12.0,4493.0,30460.0,52581.0,58179.0,110760.0,25531.0,16192.0,45689.0,23348.0
3538105,0.04,4.48,0.41,3.35,0.15,64.3,0.0,2.18,25.11,49.44,50.56,6.53,6.62,6.79,7.03,3.88,16.45,17.35,15.11,12.22,8.03,100.0,100.0,100.0,100.0,100.0,100.0,100.0,0.0,100.0,100.0,49.44,50.56,6.53,6.62,6.79,7.03,3.88,16.45,17.35,15.11,12.22,8.03,100.0,5.0,585.0,53.0,437.0,20.0,8393.0,0.0,284.0,3277.0,6453.0,6600.0,852.0,864.0,886.0,917.0,507.0,2147.0,2265.0,1972.0,1595.0,1048.0,13053.0,0.04,4.5,0.38,3.31,0.16,64.51,0.0,2.12,24.97,7.08,7.26,7.52,4.16,17.6,18.56,16.16,13.07,8.59,95.0,5.0,100.0,100.0,100.0,100.0,100.0,100.0,100.0,0.0,100.0,100.0,7.08,7.26,7.52,4.16,17.6,18.56,16.16,13.07,8.59,95.0,5.0,100.0,5.0,549.0,46.0,404.0,20.0,7871.0,0.0,259.0,3047.0,864.0,886.0,917.0,507.0,2147.0,2265.0,1972.0,1595.0,1048.0,11591.0,610.0,12201.0,0.05,4.53,0.33,2.91,0.19,65.38,0.0,2.18,24.42,48.8,51.2,100.0,38.69,13.28,32.88,15.16,5.0,473.0,35.0,304.0,20.0,6833.0,0.0,228.0,2552.0,5100.0,5351.0,10451.0,4043.0,1388.0,3436.0,1584.0
3538204,0.0,1.99,0.88,2.68,0.04,68.67,0.0,3.61,22.14,49.72,50.28,6.57,6.88,7.11,7.07,3.27,15.19,16.72,15.07,14.02,8.1,100.0,0.0,100.0,100.0,100.0,100.0,100.0,0.0,100.0,100.0,49.72,50.28,6.57,6.88,7.11,7.07,3.27,15.19,16.72,15.07,14.02,8.1,100.0,0.0,270.0,119.0,363.0,5.0,9316.0,0.0,490.0,3004.0,6745.0,6822.0,891.0,933.0,965.0,959.0,444.0,2061.0,2268.0,2045.0,1902.0,1099.0,13567.0,0.0,2.08,0.82,2.62,0.04,69.08,0.0,3.73,21.63,7.36,7.61,7.57,3.5,16.26,17.89,16.13,15.0,8.67,96.94,3.06,100.0,0.0,100.0,100.0,100.0,100.0,100.0,0.0,100.0,100.0,7.36,7.61,7.57,3.5,16.26,17.89,16.13,15.0,8.67,96.94,3.06,100.0,0.0,264.0,104.0,332.0,5.0,8756.0,0.0,473.0,2742.0,933.0,965.0,959.0,444.0,2061.0,2268.0,2045.0,1902.0,1099.0,12288.0,388.0,12676.0,0.0,2.3,0.78,2.5,0.05,69.92,0.0,3.93,20.52,49.3,50.7,100.0,42.77,16.32,28.96,11.95,0.0,248.0,84.0,269.0,5.0,7536.0,0.0,424.0,2212.0,5314.0,5464.0,10778.0,4610.0,1759.0,3121.0,1288.0
3538303,0.0,0.1,0.07,6.12,0.14,68.81,0.0,2.25,22.51,47.63,52.37,6.42,7.38,6.46,6.63,3.66,15.95,15.68,17.97,12.64,7.21,100.0,0.0,100.0,100.0,100.0,100.0,100.0,0.0,100.0,100.0,47.63,52.37,6.42,7.38,6.46,6.63,3.66,15.95,15.68,17.97,12.64,7.21,100.0,0.0,3.0,2.0,179.0,4.0,2014.0,0.0,66.0,659.0,1394.0,1533.0,188.0,216.0,189.0,194.0,107.0,467.0,459.0,526.0,370.0,211.0,2927.0,0.0,0.11,0.07,6.17,0.15,69.11,0.0,2.26,22.09,7.89,6.9,7.08,3.91,17.05,16.76,19.2,13.51,7.7,94.19,5.81,100.0,0.0,100.0,100.0,100.0,100.0,100.0,0.0,100.0,100.0,7.89,6.9,7.08,3.91,17.05,16.76,19.2,13.51,7.7,94.2,5.8,100.0,0.0,3.0,2.0,169.0,4.0,1893.0,0.0,62.0,605.0,216.0,189.0,194.0,107.0,467.0,459.0,526.0,370.0,211.0,2580.0,159.0,2739.0,0.0,0.13,0.09,4.76,0.0,69.97,0.0,2.57,22.45,46.83,53.17,100.0,46.1,12.04,31.19,10.63,0.0,3.0,2.0,111.0,0.0,1633.0,0.0,60.0,524.0,1093.0,1241.0,2334.0,1076.0,281.0,728.0,248.0
3538501,0.0,0.71,0.44,1.44,0.06,75.17,0.0,2.23,19.95,47.25,52.75,6.79,7.42,6.7,6.84,3.52,14.9,15.39,16.43,14.28,7.73,100.0,0.0,100.0,100.0,100.0,100.0,100.0,0.0,100.0,100.0,47.25,52.75,6.79,7.42,6.7,6.84,3.52,14.9,15.39,16.43,14.28,7.73,100.0,0.0,79.0,49.0,161.0,7.0,8403.0,0.0,249.0,2230.0,5282.0,5896.0,759.0,829.0,749.0,765.0,394.0,1666.0,1720.0,1836.0,1596.0,864.0,11178.0,0.0,0.69,0.39,1.46,0.07,75.4,0.0,2.17,19.82,7.96,7.19,7.34,3.78,15.99,16.51,17.62,15.32,8.29,97.39,2.61,100.0,0.0,100.0,100.0,100.0,100.0,100.0,0.0,100.0,100.0,7.96,7.19,7.34,3.78,15.99,16.51,17.62,15.32,8.29,97.39,2.61,100.0,0.0,72.0,41.0,152.0,7.0,7856.0,0.0,226.0,2065.0,829.0,749.0,765.0,394.0,1666.0,1720.0,1836.0,1596.0,864.0,10147.0,272.0,10419.0,0.0,0.81,0.36,1.26,0.0,75.33,0.0,2.3,19.94,46.27,53.73,100.0,27.64,15.34,42.96,14.06,0.0,72.0,32.0,111.0,0.0,6660.0,0.0,203.0,1763.0,4091.0,4750.0,8841.0,2444.0,1356.0,3798.0,1243.0
3538600,0.0,1.04,1.01,6.58,0.0,66.46,0.0,2.69,22.22,48.68,51.32,6.14,6.48,7.71,7.38,3.07,16.53,17.21,15.39,12.51,7.58,100.0,0.0,100.0,100.0,100.0,0.0,100.0,0.0,100.0,100.0,48.68,51.32,6.14,6.48,7.71,7.38,3.07,16.53,17.21,15.39,12.51,7.58,100.0,0.0,242.0,234.0,1529.0,0.0,15440.0,0.0,624.0,5162.0,11308.0,11923.0,1426.0,1505.0,1791.0,1714.0,713.0,3840.0,3998.0,3575.0,2907.0,1762.0,23231.0,0.0,1.11,0.94,6.26,0.0,67.01,0.0,2.75,21.93,6.9,8.21,7.86,3.27,17.61,18.34,16.4,13.33,8.08,94.32,5.68,100.0,0.0,100.0,100.0,100.0,0.0,100.0,0.0,100.0,100.0,6.9,8.21,7.86,3.27,17.61,18.34,16.4,13.33,8.08,94.32,5.68,100.0,0.0,242.0,204.0,1366.0,0.0,14612.0,0.0,600.0,4782.0,1505.0,1791.0,1714.0,713.0,3840.0,3998.0,3575.0,2907.0,1762.0,20566.0,1239.0,21805.0,0.0,1.25,0.97,4.92,0.0,68.8,0.0,2.63,21.41,48.37,51.63,100.0,39.01,13.04,29.88,18.07,0.0,232.0,180.0,911.0,0.0,12735.0,0.0,487.0,3963.0,8952.0,9557.0,18509.0,7220.0,2413.0,5531.0,3345.0
3538709,0.09,2.32,0.81,9.38,0.07,52.16,0.01,4.29,30.87,47.97,52.03,6.69,7.06,7.86,8.65,2.81,18.81,17.47,13.72,10.89,6.05,100.0,100.0,100.0,100.0,100.0,100.0,100.0,100.0,100.0,100.0,47.97,52.03,6.69,7.06,7.86,8.65,2.81,18.81,17.47,13.72,10.89,6.05,100.0,324.0,8690.0,3028.0,35097.0,253.0,195234.0,48.0,16057.0,115556.0,179533.0,194755.0,25040.0,26415.0,29419.0,32369.0,10525.0,70416.0,65376.0,51334.0,40748.0,22646.0,374288.0,0.08,2.38,0.81,9.22,0.07,52.92,0.01,4.25,30.25,7.56,8.42,9.27,3.01,20.16,18.72,14.7,11.67,6.48,97.85,2.15,100.0,100.0,100.0,100.0,100.0,100.0,100.0,100.0,100.0,100.0,7.56,8.42,9.27,3.01,20.16,18.72,14.7,11.67,6.48,97.85,2.15,100.0,295.0,8328.0,2842.0,32199.0,244.0,184811.0,48.0,14839.0,105642.0,26415.0,29419.0,32369.0,10525.0,70416.0,65376.0,51334.0,40748.0,22646.0,341726.0,7522.0,349248.0,0.09,2.62,0.77,8.25,0.05,54.54,0.01,4.25,29.4,47.23,52.77,100.0,24.41,13.94,37.55,24.1,273.0,7701.0,2245.0,24213.0,155.0,160032.0,37.0,12479.0,86278.0,138576.0,154838.0,293414.0,71617.0,40901.0,110178.0,70717.0
3538808,0.0,0.99,0.19,3.3,0.07,74.34,0.0,3.7,17.41,48.09,51.91,6.97,7.4,7.41,7.44,3.38,16.18,15.9,14.94,12.92,7.45,100.0,0.0,100.0,100.0,100.0,100.0,100.0,0.0,100.0,100.0,48.09,51.91,6.97,7.4,7.41,7.44,3.38,16.18,15.9,14.94,12.92,7.45,100.0,0.0,257.0,49.0,861.0,18.0,19384.0,0.0,964.0,4540.0,12540.0,13534.0,1817.0,1929.0,1932.0,1939.0,882.0,4219.0,4147.0,3896.0,3370.0,1943.0,26074.0,0.0,1.06,0.2,3.21,0.07,74.78,0.0,3.56,17.12,7.95,7.96,7.99,3.64,17.39,17.1,16.06,13.89,8.01,97.25,2.75,100.0,0.0,100.0,100.0,100.0,100.0,100.0,0.0,100.0,100.0,7.95,7.96,7.99,3.64,17.39,17.1,16.06,13.89,8.01,97.25,2.75,100.0,0.0,257.0,49.0,778.0,18.0,18139.0,0.0,864.0,4152.0,1929.0,1932.0,1939.0,882.0,4219.0,4147.0,3896.0,3370.0,1943.0,23589.0,668.0,24257.0,0.0,1.12,0.12,3.06,0.05,75.35,0.0,3.28,17.03,47.18,52.82,100.0,30.87,15.49,32.96,20.67,0.0,228.0,24.0,624.0,10.0,15368.0,0.0,669.0,3473.0,9623.0,10773.0,20396.0,6297.0,3160.0,6723.0,4216.0
3538907,0.0,1.88,0.76,10.27,0.28,54.5,0.0,2.32,29.99,52.45,47.55,5.84,6.01,7.97,9.84,3.12,19.57,16.68,13.04,11.91,6.02,100.0,0.0,100.0,100.0,100.0,100.0,100.0,0.0,100.0,100.0,52.45,47.55,5.84,6.01,7.97,9.84,3.12,19.57,16.68,13.04,11.91,6.02,100.0,0.0,381.0,155.0,2083.0,56.0,11057.0,0.0,470.0,6085.0,10642.0,9646.0,1184.0,1220.0,1616.0,1996.0,632.0,3971.0,3384.0,2646.0,2417.0,1222.0,20288.0,0.0,1.94,0.79,10.42,0.12,54.72,0.0,2.38,29.64,6.39,8.46,10.45,3.31,20.79,17.71,13.85,12.65,6.4,95.02,4.98,100.0,0.0,100.0,100.0,100.0,100.0,100.0,0.0,100.0,100.0,6.39,8.46,10.45,3.31,20.79,17.71,13.85,12.65,6.4,95.02,4.98,100.0,0.0,371.0,150.0,1991.0,22.0,10454.0,0.0,454.0,5662.0,1220.0,1616.0,1996.0,632.0,3971.0,3384.0,2646.0,2417.0,1222.0,18152.0,952.0,19104.0,0.0,2.08,0.7,9.74,0.06,56.26,0.0,2.15,29.01,51.93,48.07,100.0,37.57,13.03,35.73,13.67,0.0,339.0,114.0,1584.0,9.0,9152.0,0.0,349.0,4720.0,8448.0,7820.0,16268.0,6112.0,2119.0,5813.0,2224.0
3539004,0.0,2.12,0.09,3.92,0.22,70.31,0.0,1.68,21.66,49.64,50.36,6.17,6.8,6.96,8.18,3.99,16.32,16.36,15.63,12.17,7.42,100.0,0.0,100.0,100.0,100.0,100.0,100.0,0.0,100.0,100.0,49.64,50.36,6.17,6.8,6.96,8.18,3.99,16.32,16.36,15.63,12.17,7.42,100.0,0.0,206.0,9.0,381.0,21.0,6827.0,0.0,163.0,2103.0,4820.0,4890.0,599.0,660.0,676.0,794.0,387.0,1585.0,1589.0,1518.0,1182.0,720.0,9710.0,0.0,2.12,0.05,3.82,0.23,70.97,0.0,1.61,21.19,7.24,7.42,8.71,4.25,17.4,17.44,16.66,12.97,7.9,96.37,3.63,100.0,0.0,100.0,100.0,100.0,100.0,100.0,0.0,100.0,100.0,7.24,7.42,8.71,4.25,17.4,17.44,16.66,12.97,7.9,96.36,3.64,100.0,0.0,193.0,5.0,348.0,21.0,6466.0,0.0,147.0,1931.0,660.0,676.0,794.0,387.0,1585.0,1589.0,1518.0,1182.0,720.0,8780.0,331.0,9111.0,0.0,2.39,0.06,3.02,0.21,72.46,0.0,1.72,20.14,48.98,51.02,100.0,43.59,10.82,30.42,15.18,0.0,186.0,5.0,235.0,16.0,5634.0,0.0,134.0,1566.0,3808.0,3967.0,7775.0,3389.0,841.0,2365.0,1180.0
3539103,0.03,0.71,1.17,16.66,0.02,40.07,0.0,3.58,37.76,49.25,50.75,8.69,9.41,9.64,9.72,1.51,18.27,17.74,13.09,8.16,3.78,100.0,100.0,100.0,100.0,100.0,100.0,100.0,0.0,100.0,100.0,49.25,50.75,8.69,9.41,9.64,9.72,1.51,18.27,17.74,13.09,8.16,3.78,100.0,5.0,110.0,182.0,2590.0,3.0,6228.0,0.0,556.0,5870.0,7656.0,7888.0,1350.0,1462.0,1498.0,1511.0,235.0,2840.0,2757.0,2034.0,1269.0,588.0,15544.0,0.04,0.77,1.25,16.17,0.02,41.12,0.0,3.47,37.16,10.3,10.55,10.65,1.66,20.01,19.42,14.33,8.94,4.14,95.67,4.33,100.0,100.0,100.0,100.0,100.0,100.0,100.0,0.0,100.0,100.0,10.3,10.55,10.65,1.66,20.01,19.42,14.33,8.94,4.14,95.66,4.34,100.0,5.0,110.0,178.0,2295.0,3.0,5836.0,0.0,492.0,5275.0,1462.0,1498.0,1511.0,235.0,2840.0,2757.0,2034.0,1269.0,588.0,13579.0,615.0,14194.0,0.04,0.81,1.23,14.71,0.03,42.17,0.0,3.31,37.72,48.58,51.42,100.0,35.59,12.76,40.87,10.78,5.0,91.0,138.0,1652.0,3.0,4737.0,0.0,372.0,4237.0,5458.0,5776.0,11234.0,3998.0,1434.0,4591.0,1211.0
3539202,0.0,0.54,0.12,3.39,0.04,62.42,0.0,2.46,31.04,48.18,51.82,7.02,6.87,8.21,8.11,3.18,16.23,16.35,16.15,11.74,6.14,100.0,0.0,100.0,100.0,100.0,100.0,100.0,0.0,100.0,100.0,48.18,51.82,7.02,6.87,8.21,8.11,3.18,16.23,16.35,16.15,11.74,6.14,100.0,0.0,120.0,27.0,759.0,8.0,13983.0,0.0,552.0,6953.0,10794.0,11608.0,1572.0,1540.0,1839.0,1816.0,712.0,3635.0,3663.0,3619.0,2630.0,1376.0,22402.0,0.0,0.55,0.13,3.47,0.04,63.13,0.0,2.52,30.17,7.39,8.83,8.72,3.42,17.45,17.59,17.37,12.63,6.61,96.82,3.18,100.0,0.0,100.0,100.0,100.0,100.0,100.0,0.0,100.0,100.0,7.39,8.83,8.72,3.42,17.45,17.59,17.37,12.63,6.61,96.82,3.18,100.0,0.0,114.0,27.0,723.0,8.0,13151.0,0.0,524.0,6284.0,1540.0,1839.0,1816.0,712.0,3635.0,3663.0,3619.0,2630.0,1376.0,20168.0,662.0,20830.0,0.0,0.65,0.09,2.89,0.05,64.46,0.0,2.53,29.33,47.62,52.38,100.0,32.27,14.53,36.58,16.62,0.0,114.0,16.0,505.0,8.0,11249.0,0.0,441.0,5119.0,8311.0,9140.0,17451.0,5632.0,2535.0,6383.0,2901.0
3539301,0.0,3.31,1.69,6.94,0.03,59.45,0.0,5.19,23.39,47.78,52.22,6.99,6.85,7.17,7.53,3.26,17.0,16.58,14.94,12.33,7.36,100.0,0.0,100.0,100.0,100.0,100.0,100.0,0.0,100.0,100.0,47.78,52.22,6.99,6.85,7.17,7.53,3.26,17.0,16.58,14.94,12.33,7.36,100.0,0.0,2161.0,1100.0,4527.0,19.0,38805.0,0.0,3390.0,15269.0,31188.0,34083.0,4560.0,4468.0,4680.0,4914.0,2125.0,11097.0,10824.0,9752.0,8048.0,4804.0,65271.0,0.0,3.4,1.68,6.83,0.03,59.89,0.0,5.22,22.95,7.36,7.71,8.09,3.5,18.28,17.83,16.06,13.26,7.91,97.18,2.82,100.0,0.0,100.0,100.0,100.0,100.0,100.0,0.0,100.0,100.0,7.36,7.71,8.09,3.5,18.28,17.83,16.06,13.26,7.91,97.18,2.82,100.0,0.0,2063.0,1020.0,4149.0,19.0,36358.0,0.0,3167.0,13935.0,4468.0,4680.0,4914.0,2125.0,11097.0,10824.0,9752.0,8048.0,4804.0,59001.0,1711.0,60711.0,0.0,3.61,1.5,5.96,0.03,61.25,0.0,5.37,22.28,47.01,52.99,100.0,27.22,13.66,33.78,25.34,0.0,1861.0,773.0,3074.0,13.0,31583.0,0.0,2769.0,11491.0,24239.0,27325.0,51564.0,14035.0,7042.0,17419.0,13068.0
3539400,0.0,2.92,0.78,7.72,0.0,47.72,0.0,4.39,36.47,48.39,51.61,7.3,6.75,7.09,6.71,3.1,16.8,19.34,14.29,12.17,6.46,100.0,0.0,100.0,100.0,100.0,0.0,100.0,0.0,100.0,100.0,48.39,51.61,7.3,6.75,7.09,6.71,3.1,16.8,19.34,14.29,12.17,6.46,100.0,0.0,385.0,103.0,1018.0,0.0,6289.0,0.0,578.0,4807.0,6378.0,6802.0,962.0,889.0,935.0,884.0,408.0,2214.0,2549.0,1883.0,1604.0,852.0,13180.0,0.0,3.08,0.77,7.43,0.0,48.66,0.0,4.34,35.73,7.28,7.65,7.24,3.34,18.12,20.86,15.41,13.13,6.97,96.87,3.13,100.0,0.0,100.0,100.0,100.0,0.0,100.0,0.0,100.0,100.0,7.28,7.65,7.24,3.34,18.12,20.86,15.41,13.13,6.97,96.86,3.14,100.0,0.0,376.0,94.0,908.0,0.0,5945.0,0.0,530.0,4365.0,889.0,935.0,884.0,408.0,2214.0,2549.0,1883.0,1604.0,852.0,11835.0,383.0,12218.0,0.0,3.2,0.84,7.23,0.0,50.3,0.0,4.44,33.98,47.84,52.16,100.0,26.01,13.61,35.42,24.96,0.0,333.0,87.0,752.0,0.0,5228.0,0.0,461.0,3532.0,4973.0,5421.0,10394.0,2703.0,1415.0,3682.0,2594.0
3539509,0.0,2.88,0.29,11.52,0.0,53.35,0.0,2.56,29.4,49.73,50.27,7.58,8.4,9.33,8.77,2.36,18.17,16.61,14.18,9.53,5.07,100.0,0.0,100.0,100.0,100.0,0.0,100.0,0.0,100.0,100.0,49.73,50.27,7.58,8.4,9.33,8.77,2.36,18.17,16.61,14.18,9.53,5.07,100.0,0.0,845.0,84.0,3386.0,0.0,15676.0,0.0,752.0,8639.0,14612.0,14770.0,2226.0,2467.0,2740.0,2577.0,694.0,5340.0,4879.0,4167.0,2801.0,1491.0,29382.0,0.0,2.98,0.31,11.39,0.0,53.76,0.0,2.65,28.91,9.08,10.09,9.49,2.56,19.66,17.97,15.34,10.31,5.49,96.03,3.97,100.0,0.0,100.0,100.0,100.0,0.0,100.0,0.0,100.0,100.0,9.08,10.09,9.49,2.56,19.66,17.97,15.34,10.31,5.49,96.03,3.97,100.0,0.0,808.0,84.0,3094.0,0.0,14599.0,0.0,719.0,7852.0,2467.0,2740.0,2577.0,694.0,5340.0,4879.0,4167.0,2801.0,1491.0,26078.0,1078.0,27156.0,0.0,3.33,0.19,9.55,0.0,55.37,0.0,2.82,28.73,49.13,50.87,100.0,37.35,16.7,32.5,13.45,0.0,731.0,41.0,2097.0,0.0,12153.0,0.0,620.0,6306.0,10784.0,11165.0,21949.0,8197.0,3666.0,7133.0,2953.0
3539608,0.0,0.83,0.21,9.54,0.47,59.28,0.0,1.65,28.02,49.59,50.41,7.24,8.27,7.68,6.95,2.9,16.21,17.79,15.02,12.02,5.92,100.0,0.0,100.0,100.0,100.0,100.0,100.0,0.0,100.0,100.0,49.59,50.41,7.24,8.27,7.68,6.95,2.9,16.21,17.79,15.02,12.02,5.92,100.0,0.0,32.0,8.0,369.0,18.0,2293.0,0.0,64.0,1084.0,1918.0,1950.0,280.0,320.0,297.0,269.0,112.0,627.0,688.0,581.0,465.0,229.0,3868.0,0.0,0.89,0.22,9.28,0.5,59.39,0.0,1.64,28.04,8.92,8.28,7.5,3.12,17.47,19.18,16.19,12.96,6.38,94.09,5.91,100.0,0.0,100.0,100.0,100.0,100.0,100.0,0.0,100.0,100.0,8.92,8.28,7.5,3.12,17.47,19.18,16.19,12.96,6.38,94.1,5.9,100.0,0.0,32.0,8.0,333.0,18.0,2131.0,0.0,59.0,1006.0,320.0,297.0,269.0,112.0,627.0,688.0,581.0,465.0,229.0,3376.0,212.0,3588.0,0.0,0.94,0.27,8.28,0.54,60.96,0.0,1.48,27.57,48.97,51.03,100.0,46.75,13.23,30.39,9.66,0.0,28.0,8.0,246.0,16.0,1811.0,0.0,44.0,819.0,1455.0,1516.0,2971.0,1389.0,393.0,903.0,287.0
3539707,0.0,0.08,0.0,3.04,0.0,49.96,0.0,6.46,40.46,50.27,49.73,8.28,7.41,7.18,7.48,3.23,15.84,16.45,14.82,12.16,7.14,100.0,0.0,100.0,0.0,100.0,0.0,100.0,0.0,100.0,100.0,50.27,49.73,8.28,7.41,7.18,7.48,3.23,15.84,16.45,14.82,12.16,7.14,100.0,0.0,2.0,0.0,80.0,0.0,1315.0,0.0,170.0,1065.0,1323.0,1309.0,218.0,195.0,189.0,197.0,85.0,417.0,433.0,390.0,320.0,188.0,2632.0,0.0,0.08,0.0,2.65,0.0,50.95,0.0,6.92,39.35,8.08,7.83,8.16,3.52,17.27,17.94,16.16,13.26,7.79,93.29,6.71,100.0,0.0,100.0,0.0,100.0,0.0,100.0,0.0,100.0,100.0,8.08,7.83,8.16,3.52,17.27,17.94,16.16,13.26,7.79,93.31,6.69,100.0,0.0,2.0,0.0,64.0,0.0,1230.0,0.0,167.0,950.0,195.0,189.0,197.0,85.0,417.0,433.0,390.0,320.0,188.0,2252.0,162.0,2414.0,0.0,0.1,0.0,1.82,0.0,51.87,0.0,7.14,39.01,50.15,49.85,100.0,44.73,11.38,36.9,7.0,0.0,2.0,0.0,37.0,0.0,1053.0,0.0,145.0,792.0,1018.0,1012.0,2030.0,908.0,231.0,749.0,142.0
3539806,0.13,2.87,1.41,12.47,0.42,38.38,0.03,6.15,38.14,47.34,52.66,7.95,7.77,8.67,8.43,1.99,17.22,17.06,14.62,10.84,5.43,100.0,100.0,100.0,100.0,100.0,100.0,100.0,100.0,100.0,100.0,47.34,52.66,7.95,7.77,8.67,8.43,1.99,17.22,17.06,14.62,10.85,5.43,100.0,118.0,2613.0,1281.0,11344.0,381.0,34915.0,29.0,5591.0,34702.0,43070.0,47904.0,7235.0,7073.0,7891.0,7669.0,1809.0,15670.0,15521.0,13301.0,9866.0,4939.0,90974.0,0.13,2.91,1.39,12.16,0.4,38.91,0.03,6.16,37.93,8.45,9.42,9.16,2.16,18.71,18.53,15.88,11.78,5.9,97.7,2.3,100.0,100.0,100.0,100.0,100.0,100.0,100.0,100.0,100.0,100.0,8.45,9.42,9.16,2.16,18.71,18.54,15.88,11.78,5.9,97.7,2.3,100.0,110.0,2433.0,1161.0,10180.0,331.0,32580.0,29.0,5155.0,31759.0,7073.0,7891.0,7669.0,1809.0,15670.0,15521.0,13301.0,9866.0,4939.0,81810.0,1930.0,83740.0,0.07,3.13,1.4,10.83,0.37,40.22,0.04,6.06,37.88,46.13,53.87,100.0,22.84,14.64,45.24,17.28,48.0,2155.0,966.0,7450.0,255.0,27658.0,29.0,4167.0,26049.0,31728.0,37047.0,68775.0,15705.0,10072.0,31114.0,11885.0
3539905,0.0,3.49,0.52,4.48,0.0,66.97,0.0,2.14,22.38,49.14,50.86,7.06,6.65,7.12,7.14,5.22,16.74,15.08,14.08,12.7,8.21,100.0,0.0,100.0,100.0,100.0,0.0,100.0,0.0,100.0,100.0,49.14,50.86,7.06,6.65,7.12,7.14,5.22,16.74,15.08,14.08,12.7,8.21,100.0,0.0,173.0,26.0,222.0,0.0,3321.0,0.0,106.0,1110.0,2437.0,2522.0,350.0,330.0,353.0,354.0,259.0,830.0,748.0,698.0,630.0,407.0,4959.0,0.0,3.62,0.52,4.27,0.0,67.45,0.0,2.19,21.96,7.16,7.66,7.68,5.62,18.01,16.23,15.14,13.67,8.83,93.99,6.01,100.0,0.0,100.0,100.0,100.0,0.0,100.0,0.0,100.0,100.0,7.16,7.66,7.68,5.62,18.01,16.23,15.14,13.67,8.83,93.99,6.01,100.0,0.0,167.0,24.0,197.0,0.0,3109.0,0.0,101.0,1012.0,330.0,353.0,354.0,259.0,830.0,748.0,698.0,630.0,407.0,4332.0,277.0,4609.0,0.0,3.87,0.53,3.23,0.0,69.28,0.0,2.39,20.68,48.14,51.86,100.0,42.05,12.51,32.35,13.09,0.0,152.0,21.0,127.0,0.0,2720.0,0.0,94.0,812.0,1890.0,2036.0,3926.0,1651.0,491.0,1270.0,514.0
3540002,0.0,1.45,0.12,6.86,0.08,61.09,0.0,4.74,25.66,48.88,51.12,6.52,6.75,7.73,7.2,3.11,16.21,18.28,14.65,12.51,7.05,100.0,0.0,100.0,100.0,100.0,100.0,100.0,0.0,100.0,100.0,48.88,51.12,6.52,6.75,7.73,7.2,3.11,16.21,18.28,14.65,12.51,7.05,100.0,0.0,259.0,22.0,1226.0,14.0,10913.0,0.0,846.0,4584.0,8731.0,9132.0,1164.0,1205.0,1380.0,1286.0,555.0,2896.0,3266.0,2617.0,2235.0,1259.0,17863.0,0.0,1.55,0.13,6.99,0.08,61.43,0.0,4.74,25.07,7.22,8.26,7.7,3.32,17.34,19.56,15.67,13.38,7.54,97.16,2.84,100.0,0.0,100.0,100.0,100.0,100.0,100.0,0.0,100.0,100.0,7.22,8.26,7.7,3.32,17.34,19.56,15.67,13.38,7.54,97.16,2.84,100.0,0.0,259.0,22.0,1168.0,14.0,10258.0,0.0,792.0,4187.0,1205.0,1380.0,1286.0,555.0,2896.0,3266.0,2617.0,2235.0,1259.0,16225.0,474.0,16699.0,0.0,1.69,0.06,5.81,0.1,62.52,0.0,5.24,24.59,47.7,52.3,100.0,27.43,13.03,35.38,24.17,0.0,239.0,8.0,820.0,14.0,8824.0,0.0,740.0,3470.0,6733.0,7381.0,14114.0,3871.0,1839.0,4993.0,3411.0
3540101,0.0,3.08,0.1,4.81,1.08,63.94,0.0,2.0,25.0,50.56,49.44,5.92,6.97,6.41,6.54,3.89,15.22,16.03,15.02,15.94,8.05,100.0,0.0,100.0,100.0,100.0,100.0,100.0,0.0,100.0,100.0,50.56,49.44,5.92,6.97,6.41,6.54,3.89,15.22,16.03,15.02,15.94,8.05,100.0,0.0,94.0,3.0,147.0,33.0,1954.0,0.0,61.0,764.0,1545.0,1511.0,181.0,213.0,196.0,200.0,119.0,465.0,490.0,459.0,487.0,246.0,3056.0,0.0,3.27,0.1,4.8,0.97,64.7,0.0,2.02,24.14,7.41,6.82,6.96,4.14,16.17,17.04,15.97,16.94,8.56,95.51,4.49,100.0,0.0,100.0,100.0,100.0,100.0,100.0,0.0,100.0,100.0,7.41,6.82,6.96,4.14,16.17,17.04,15.97,16.94,8.56,95.5,4.5,100.0,0.0,94.0,3.0,138.0,28.0,1860.0,0.0,58.0,694.0,213.0,196.0,200.0,119.0,465.0,490.0,459.0,487.0,246.0,2746.0,129.0,2875.0,0.0,3.04,0.12,3.97,0.93,65.98,0.0,1.66,24.21,50.32,49.68,100.0,40.19,10.87,31.83,17.15,0.0,75.0,3.0,98.0,23.0,1627.0,0.0,41.0,597.0,1241.0,1225.0,2466.0,991.0,268.0,785.0,423.0
3540200,0.0,1.18,1.05,9.83,0.06,55.26,0.04,4.12,28.45,50.09,49.91,7.9,8.6,9.76,9.27,1.74,19.26,17.7,13.03,8.88,3.85,100.0,0.0,100.0,100.0,100.0,100.0,100.0,100.0,100.0,100.0,50.09,49.91,7.9,8.6,9.76,9.27,1.74,19.26,17.7,13.03,8.88,3.85,100.0,0.0,387.0,344.0,3212.0,20.0,18052.0,13.0,1347.0,9294.0,16363.0,16306.0,2580.0,2811.0,3190.0,3029.0,568.0,6291.0,5783.0,4258.0,2900.0,1259.0,32669.0,0.0,1.29,1.07,9.64,0.05,55.8,0.04,4.12,27.98,9.34,10.6,10.07,1.89,20.91,19.22,14.15,9.64,4.18,94.3,5.7,100.0,0.0,100.0,100.0,100.0,100.0,100.0,100.0,100.0,100.0,9.34,10.6,10.07,1.89,20.91,19.22,14.15,9.64,4.18,94.31,5.69,100.0,0.0,387.0,321.0,2901.0,14.0,16791.0,13.0,1240.0,8420.0,2811.0,3190.0,3029.0,568.0,6291.0,5783.0,4258.0,2900.0,1259.0,28375.0,1714.0,30089.0,0.0,1.46,0.84,8.58,0.02,57.4,0.05,3.79,27.86,49.61,50.39,100.0,41.14,16.31,32.02,10.53,0.0,351.0,203.0,2066.0,5.0,13827.0,13.0,913.0,6710.0,11949.0,12139.0,24088.0,9910.0,3929.0,7712.0,2537.0
3540259,0.0,0.42,0.31,2.95,0.0,69.64,0.0,2.2,24.46,52.74,47.26,8.06,7.37,8.01,7.9,2.7,17.54,16.35,14.35,11.04,6.7,100.0,0.0,100.0,100.0,100.0,0.0,100.0,0.0,100.0,100.0,52.74,47.26,8.06,7.37,8.01,7.9,2.7,17.54,16.35,14.35,11.04,6.7,100.0,0.0,15.0,11.0,106.0,0.0,2505.0,0.0,79.0,880.0,1897.0,1700.0,290.0,265.0,288.0,284.0,97.0,631.0,588.0,516.0,397.0,241.0,3597.0,0.0,0.45,0.33,2.96,0.0,69.79,0.0,2.0,24.43,8.01,8.71,8.59,2.93,19.08,17.78,15.6,12.0,7.29,89.9,10.1,100.0,0.0,100.0,100.0,100.0,0.0,100.0,0.0,100.0,100.0,8.01,8.71,8.59,2.93,19.08,17.78,15.6,12.0,7.29,89.89,10.11,100.0,0.0,15.0,11.0,98.0,0.0,2308.0,0.0,66.0,808.0,265.0,288.0,284.0,97.0,631.0,588.0,516.0,397.0,241.0,2973.0,334.0,3307.0,0.0,0.54,0.29,3.2,0.0,70.55,0.0,2.11,23.31,52.0,48.0,100.0,49.09,14.96,24.11,11.87,0.0,15.0,8.0,88.0,0.0,1943.0,0.0,58.0,642.0,1432.0,1322.0,2754.0,1352.0,412.0,664.0,327.0
3540309,0.0,0.57,0.24,6.84,0.0,54.7,0.0,3.47,34.19,49.29,50.71,7.5,5.6,5.79,7.41,3.99,16.81,14.81,15.43,13.3,9.35,100.0,0.0,100.0,100.0,100.0,0.0,100.0,0.0,100.0,100.0,49.29,50.71,7.5,5.6,5.79,7.41,3.99,16.81,14.81,15.43,13.3,9.35,100.0,0.0,12.0,5.0,144.0,0.0,1152.0,0.0,73.0,720.0,1038.0,1068.0,158.0,118.0,122.0,156.0,84.0,354.0,312.0,325.0,280.0,197.0,2106.0,0.0,0.62,0.26,6.72,0.0,55.6,0.0,3.23,33.62,6.06,6.26,8.01,4.31,18.17,16.02,16.68,14.37,10.11,91.58,8.42,100.0,0.0,100.0,100.0,100.0,0.0,100.0,0.0,100.0,100.0,6.06,6.26,8.01,4.31,18.17,16.02,16.68,14.37,10.11,91.57,8.43,100.0,0.0,12.0,5.0,131.0,0.0,1083.0,0.0,63.0,655.0,118.0,122.0,156.0,84.0,354.0,312.0,325.0,280.0,197.0,1784.0,164.0,1948.0,0.0,0.7,0.0,6.67,0.0,58.55,0.0,2.99,31.09,48.65,51.35,100.0,39.46,14.93,30.5,15.11,0.0,12.0,0.0,114.0,0.0,1000.0,0.0,51.0,531.0,831.0,877.0,1708.0,674.0,255.0,521.0,258.0
3540408,0.0,6.69,0.46,9.99,0.0,51.5,0.0,2.11,29.26,49.28,50.72,7.56,6.86,6.15,5.94,4.1,15.3,15.68,15.68,14.22,8.5,100.0,0.0,100.0,100.0,100.0,0.0,100.0,0.0,100.0,100.0,49.28,50.72,7.56,6.86,6.15,5.94,4.1,15.3,15.68,15.68,14.22,8.5,100.0,0.0,248.0,17.0,370.0,0.0,1908.0,0.0,78.0,1084.0,1826.0,1879.0,280.0,254.0,228.0,220.0,152.0,567.0,581.0,581.0,527.0,315.0,3705.0,0.0,7.18,0.5,9.69,0.0,52.23,0.0,1.99,28.41,7.42,6.66,6.42,4.44,16.55,16.96,16.96,15.39,9.2,92.18,7.82,100.0,0.0,100.0,100.0,100.0,0.0,100.0,0.0,100.0,100.0,7.42,6.66,6.42,4.44,16.55,16.96,16.96,15.39,9.2,92.17,7.83,100.0,0.0,246.0,17.0,332.0,0.0,1789.0,0.0,68.0,973.0,254.0,228.0,220.0,152.0,567.0,581.0,581.0,527.0,315.0,3157.0,268.0,3425.0,0.0,7.14,0.2,8.43,0.0,53.96,0.0,2.0,28.24,48.9,51.1,100.0,48.86,12.67,22.66,15.8,0.0,210.0,6.0,248.0,0.0,1588.0,0.0,59.0,831.0,1439.0,1504.0,2943.0,1438.0,373.0,667.0,465.0
3540507,0.04,1.33,0.71,5.17,0.21,57.36,0.0,4.68,30.49,51.09,48.91,6.67,6.66,6.55,6.34,3.47,14.07,14.63,16.19,16.26,9.17,100.0,100.0,100.0,100.0,100.0,100.0,100.0,0.0,100.0,100.0,51.09,48.91,6.67,6.66,6.55,6.34,3.47,14.07,14.63,16.19,16.26,9.17,100.0,4.0,124.0,66.0,481.0,20.0,5341.0,0.0,436.0,2839.0,4757.0,4554.0,621.0,620.0,610.0,590.0,323.0,1310.0,1362.0,1507.0,1514.0,854.0,9311.0,0.05,1.3,0.63,5.21,0.17,57.89,0.0,4.75,29.98,7.13,7.02,6.79,3.72,15.07,15.67,17.34,17.42,9.83,94.26,5.74,100.0,100.0,100.0,100.0,100.0,100.0,100.0,0.0,100.0,100.0,7.13,7.02,6.79,3.72,15.07,15.67,17.34,17.42,9.83,94.25,5.75,100.0,4.0,113.0,55.0,453.0,15.0,5031.0,0.0,413.0,2605.0,620.0,610.0,590.0,323.0,1310.0,1362.0,1507.0,1514.0,854.0,8191.0,499.0,8690.0,0.05,1.43,0.54,4.37,0.2,59.48,0.0,5.07,28.85,50.92,49.08,100.0,44.61,15.87,26.81,12.69,4.0,107.0,40.0,326.0,15.0,4437.0,0.0,378.0,2152.0,3799.0,3661.0,7460.0,3328.0,1184.0,2000.0,947.0
3540606,0.03,1.0,0.54,7.78,0.05,49.38,0.0,4.86,36.36,50.83,49.17,6.87,7.0,8.46,8.71,2.51,18.08,16.91,14.5,11.1,5.86,100.0,100.0,100.0,100.0,100.0,100.0,100.0,0.0,100.0,100.0,50.83,49.17,6.87,7.0,8.46,8.71,2.51,18.08,16.91,14.5,11.1,5.86,100.0,17.0,499.0,267.0,3870.0,23.0,24552.0,0.0,2418.0,18079.0,25277.0,24448.0,3416.0,3482.0,4208.0,4331.0,1246.0,8989.0,8410.0,7210.0,5521.0,2912.0,49725.0,0.03,0.92,0.53,7.7,0.03,50.26,0.0,4.83,35.69,7.52,9.09,9.35,2.69,19.41,18.16,15.57,11.92,6.29,96.39,3.61,100.0,100.0,100.0,100.0,100.0,100.0,100.0,0.0,100.0,100.0,7.52,9.09,9.35,2.69,19.41,18.16,15.57,11.92,6.29,96.39,3.61,100.0,12.0,428.0,244.0,3567.0,15.0,23274.0,0.0,2239.0,16529.0,3482.0,4208.0,4331.0,1246.0,8989.0,8410.0,7210.0,5521.0,2912.0,44639.0,1670.0,46309.0,0.03,1.08,0.42,6.87,0.0,51.9,0.0,4.53,35.16,50.45,49.55,100.0,31.11,16.42,39.19,13.28,12.0,417.0,161.0,2655.0,0.0,20044.0,0.0,1750.0,13579.0,19485.0,19134.0,38619.0,12014.0,6343.0,15134.0,5128.0
3540705,0.0,1.72,0.48,8.7,0.05,57.25,0.0,4.9,26.9,48.41,51.59,6.73,7.71,7.73,7.95,3.17,17.27,16.81,14.9,11.4,6.32,100.0,0.0,100.0,100.0,100.0,100.0,100.0,0.0,100.0,100.0,48.41,51.59,6.73,7.71,7.73,7.95,3.17,17.27,16.81,14.9,11.4,6.32,100.0,0.0,807.0,226.0,4074.0,22.0,26809.0,0.0,2294.0,12594.0,22668.0,24158.0,3150.0,3612.0,3621.0,3725.0,1484.0,8088.0,7873.0,6978.0,5336.0,2959.0,46826.0,0.0,1.82,0.49,8.5,0.05,58.04,0.0,4.93,26.18,8.27,8.29,8.53,3.4,18.52,18.03,15.98,12.22,6.77,96.33,3.67,100.0,0.0,100.0,100.0,100.0,100.0,100.0,0.0,100.0,100.0,8.27,8.29,8.53,3.4,18.52,18.03,15.98,12.22,6.77,96.33,3.67,100.0,0.0,794.0,212.0,3712.0,21.0,25348.0,0.0,2155.0,11434.0,3612.0,3621.0,3725.0,1484.0,8088.0,7873.0,6978.0,5336.0,2959.0,42075.0,1601.0,43676.0,0.0,1.97,0.36,6.99,0.05,59.82,0.0,4.97,25.82,47.58,52.42,100.0,33.41,16.23,33.65,16.71,0.0,718.0,133.0,2546.0,20.0,21802.0,0.0,1812.0,9411.0,17340.0,19103.0,36443.0,12177.0,5913.0,12263.0,6091.0
3540754,0.0,0.77,1.59,2.93,2.25,62.69,0.0,3.18,26.59,57.14,42.86,7.12,7.36,10.54,11.19,1.26,20.54,17.38,12.78,8.04,3.79,100.0,0.0,100.0,100.0,100.0,100.0,100.0,0.0,100.0,100.0,57.14,42.86,7.12,7.36,10.54,11.19,1.26,20.54,17.38,12.78,8.04,3.79,100.0,0.0,138.0,283.0,522.0,402.0,11187.0,0.0,568.0,4746.0,10198.0,7648.0,1271.0,1313.0,1881.0,1997.0,225.0,3666.0,3102.0,2281.0,1434.0,676.0,17846.0,0.0,0.83,1.71,3.08,2.25,62.36,0.0,3.38,26.4,7.92,11.35,12.05,1.36,22.12,18.71,13.76,8.65,4.08,95.32,4.68,100.0,0.0,100.0,100.0,100.0,100.0,100.0,0.0,100.0,100.0,7.92,11.35,12.05,1.36,22.12,18.71,13.76,8.65,4.08,95.32,4.68,100.0,0.0,138.0,283.0,510.0,373.0,10336.0,0.0,560.0,4375.0,1313.0,1881.0,1997.0,225.0,3666.0,3102.0,2281.0,1434.0,676.0,15799.0,776.0,16575.0,0.0,0.96,1.39,2.38,2.33,64.87,0.0,3.56,24.51,57.43,42.57,100.0,39.44,22.26,31.79,6.51,0.0,128.0,186.0,318.0,312.0,8680.0,0.0,477.0,3280.0,7685.0,5696.0,13381.0,5278.0,2978.0,4254.0,871.0
3540804,0.0,1.86,0.33,4.37,0.22,64.27,0.0,2.24,26.72,49.26,50.74,6.99,6.98,7.56,7.83,3.59,17.29,17.02,14.3,11.67,6.78,100.0,0.0,100.0,100.0,100.0,100.0,100.0,0.0,100.0,100.0,49.26,50.74,6.99,6.98,7.56,7.83,3.59,17.29,17.02,14.3,11.67,6.78,100.0,0.0,301.0,53.0,708.0,35.0,10422.0,0.0,364.0,4332.0,7988.0,8227.0,1133.0,1131.0,1226.0,1269.0,582.0,2804.0,2760.0,2318.0,1893.0,1099.0,16215.0,0.0,1.92,0.3,4.33,0.23,64.79,0.0,2.1,26.33,7.5,8.13,8.41,3.86,18.59,18.3,15.37,12.55,7.29,95.55,4.45,100.0,0.0,100.0,100.0,100.0,100.0,100.0,0.0,100.0,100.0,7.5,8.13,8.41,3.86,18.59,18.3,15.37,12.55,7.29,95.55,4.45,100.0,0.0,290.0,45.0,653.0,35.0,9771.0,0.0,316.0,3971.0,1131.0,1226.0,1269.0,582.0,2804.0,2760.0,2318.0,1893.0,1099.0,14411.0,671.0,15082.0,0.0,1.99,0.24,3.03,0.28,66.04,0.0,2.18,26.23,48.68,51.32,100.0,38.76,15.5,31.53,14.2,0.0,253.0,31.0,386.0,35.0,8404.0,0.0,278.0,3338.0,6195.0,6530.0,12725.0,4932.0,1973.0,4012.0,1807.0
3540853,0.0,0.33,3.35,3.27,0.0,62.38,0.12,2.24,28.35,73.3,26.7,3.35,4.88,14.53,20.49,1.61,23.39,11.92,9.31,6.25,4.26,100.0,0.0,100.0,100.0,100.0,0.0,100.0,100.0,100.0,100.0,73.29,26.71,3.35,4.88,14.53,20.49,1.61,23.39,11.92,9.31,6.25,4.27,100.0,0.0,8.0,81.0,79.0,0.0,1507.0,3.0,54.0,685.0,1771.0,645.0,81.0,118.0,351.0,495.0,39.0,565.0,288.0,225.0,151.0,103.0,2416.0,0.0,0.34,3.47,3.38,0.0,62.01,0.13,2.31,28.35,5.05,15.03,21.2,1.67,24.2,12.33,9.64,6.47,4.41,96.19,3.81,100.0,0.0,100.0,100.0,100.0,0.0,100.0,100.0,100.0,100.0,5.05,15.03,21.2,1.66,24.2,12.33,9.64,6.47,4.42,96.19,3.81,100.0,0.0,8.0,81.0,79.0,0.0,1448.0,3.0,54.0,662.0,118.0,351.0,495.0,39.0,565.0,288.0,225.0,151.0,103.0,2246.0,89.0,2335.0,0.0,0.43,2.04,2.47,0.0,63.88,0.0,1.82,29.42,73.1,26.9,100.0,52.25,21.01,21.11,5.63,0.0,8.0,38.0,46.0,0.0,1192.0,0.0,34.0,549.0,1364.0,502.0,1866.0,975.0,392.0,394.0,105.0
3540903,0.0,0.15,0.33,12.97,0.0,59.18,0.0,2.32,25.05,49.28,50.72,7.6,7.88,7.69,8.08,2.12,18.61,17.37,14.13,10.75,5.77,100.0,0.0,100.0,100.0,100.0,0.0,100.0,0.0,100.0,100.0,49.28,50.72,7.6,7.88,7.69,8.08,2.12,18.61,17.37,14.13,10.75,5.77,100.0,0.0,23.0,50.0,1954.0,0.0,8918.0,0.0,350.0,3775.0,7426.0,7644.0,1145.0,1187.0,1159.0,1218.0,320.0,2805.0,2617.0,2130.0,1620.0,869.0,15070.0,0.0,0.17,0.31,12.76,0.0,59.71,0.0,2.46,24.6,8.52,8.32,8.75,2.3,20.14,18.79,15.3,11.63,6.24,93.22,6.78,100.0,0.0,100.0,100.0,100.0,0.0,100.0,0.0,100.0,100.0,8.52,8.32,8.75,2.3,20.14,18.79,15.3,11.63,6.24,93.22,6.78,100.0,0.0,23.0,43.0,1777.0,0.0,8314.0,0.0,343.0,3425.0,1187.0,1159.0,1218.0,320.0,2805.0,2617.0,2130.0,1620.0,869.0,12981.0,944.0,13925.0,0.0,0.2,0.37,12.47,0.0,60.81,0.0,2.77,23.38,48.44,51.56,100.0,39.92,12.61,31.93,15.55,0.0,23.0,43.0,1444.0,0.0,7041.0,0.0,321.0,2707.0,5609.0,5970.0,11579.0,4622.0,1460.0,3697.0,1801.0
3541000,0.02,4.21,3.16,12.8,0.04,46.37,0.05,6.66,26.69,46.96,53.04,7.74,7.65,7.78,7.56,2.37,17.53,17.48,13.74,11.79,6.35,100.0,100.0,100.0,100.0,100.0,100.0,100.0,100.0,100.0,100.0,46.96,53.04,7.74,7.65,7.78,7.56,2.37,17.53,17.48,13.74,11.79,6.35,100.0,72.0,12883.0,9685.0,39220.0,126.0,142076.0,143.0,20395.0,81769.0,143880.0,162488.0,23720.0,23446.0,23830.0,23150.0,7254.0,53699.0,53567.0,42106.0,36129.0,19467.0,306368.0,0.02,4.39,3.19,12.58,0.04,46.9,0.04,6.66,26.17,8.3,8.43,8.19,2.57,19.0,18.95,14.9,12.78,6.89,97.5,2.5,100.0,100.0,100.0,100.0,100.0,100.0,100.0,100.0,100.0,100.0,8.3,8.43,8.19,2.57,19.0,18.95,14.9,12.78,6.89,97.5,2.5,100.0,64.0,12406.0,9027.0,35551.0,116.0,132559.0,126.0,18821.0,73978.0,23446.0,23830.0,23150.0,7254.0,53699.0,53567.0,42106.0,36129.0,19467.0,275573.0,7075.0,282648.0,0.02,4.7,3.0,11.17,0.04,48.72,0.05,6.69,25.62,45.81,54.19,100.0,23.89,15.97,40.97,19.16,38.0,11060.0,7057.0,26297.0,95.0,114670.0,117.0,15743.0,60295.0,107825.0,127547.0,235372.0,56239.0,37588.0,96438.0,45107.0
3541059,0.05,0.3,0.16,10.59,0.0,44.3,0.0,7.77,36.86,49.86,50.14,8.25,9.2,9.77,10.34,1.77,18.66,15.59,12.91,9.34,4.16,100.0,100.0,100.0,100.0,100.0,0.0,100.0,0.0,100.0,100.0,49.86,50.14,8.25,9.2,9.77,10.34,1.77,18.66,15.59,12.91,9.34,4.16,100.0,2.0,13.0,7.0,466.0,0.0,1949.0,0.0,342.0,1622.0,2194.0,2206.0,363.0,405.0,430.0,455.0,78.0,821.0,686.0,568.0,411.0,183.0,4400.0,0.05,0.32,0.17,10.45,0.0,45.06,0.0,7.56,36.39,10.03,10.65,11.27,1.93,20.34,16.99,14.07,10.18,4.53,93.34,6.66,100.0,100.0,100.0,100.0,100.0,0.0,100.0,0.0,100.0,100.0,10.03,10.65,11.27,1.93,20.34,16.99,14.07,10.18,4.53,93.35,6.65,100.0,2.0,13.0,7.0,422.0,0.0,1819.0,0.0,305.0,1469.0,405.0,430.0,455.0,78.0,821.0,686.0,568.0,411.0,183.0,3768.0,269.0,4037.0,0.06,0.41,0.22,7.81,0.0,47.53,0.0,7.46,36.51,49.81,50.19,100.0,47.75,17.21,27.64,7.4,2.0,13.0,7.0,250.0,0.0,1522.0,0.0,239.0,1169.0,1595.0,1607.0,3202.0,1529.0,551.0,885.0,237.0
3541109,0.0,0.56,0.18,5.46,0.89,44.94,0.0,2.05,45.92,49.09,50.91,7.66,6.42,6.74,6.09,3.65,15.71,16.96,14.64,14.32,7.81,100.0,0.0,100.0,100.0,100.0,100.0,100.0,0.0,100.0,100.0,49.09,50.91,7.66,6.42,6.74,6.09,3.65,15.71,16.96,14.64,14.32,7.81,100.0,0.0,19.0,6.0,184.0,30.0,1513.0,0.0,69.0,1546.0,1653.0,1714.0,258.0,216.0,227.0,205.0,123.0,529.0,571.0,493.0,482.0,263.0,3367.0,0.0,0.61,0.19,5.31,0.96,45.71,0.0,2.06,45.16,6.95,7.3,6.59,3.96,17.02,18.37,15.86,15.5,8.46,94.47,5.53,100.0,0.0,100.0,100.0,100.0,100.0,100.0,0.0,100.0,100.0,6.95,7.3,6.59,3.96,17.02,18.37,15.86,15.5,8.46,94.48,5.52,100.0,0.0,19.0,6.0,165.0,30.0,1421.0,0.0,64.0,1404.0,216.0,227.0,205.0,123.0,529.0,571.0,493.0,482.0,263.0,2937.0,172.0,3109.0,0.0,0.71,0.23,5.1,0.49,47.3,0.0,2.18,44.0,47.75,52.25,100.0,38.78,14.33,36.61,10.24,0.0,19.0,6.0,136.0,13.0,1261.0,0.0,58.0,1173.0,1273.0,1393.0,2666.0,1034.0,382.0,976.0,273.0
3541208,0.72,0.43,0.32,5.53,0.14,71.33,0.0,1.24,20.29,56.36,43.64,5.08,5.41,7.0,9.22,3.85,18.69,15.7,14.96,12.3,7.79,100.0,100.0,100.0,100.0,100.0,100.0,100.0,0.0,100.0,100.0,56.36,43.64,5.08,5.41,7.0,9.22,3.85,18.69,15.7,14.96,12.3,7.79,100.0,95.0,57.0,42.0,734.0,18.0,9461.0,0.0,165.0,2691.0,7475.0,5788.0,674.0,717.0,928.0,1223.0,511.0,2479.0,2082.0,1984.0,1632.0,1033.0,13263.0,0.75,0.45,0.33,5.77,0.14,71.17,0.0,1.23,20.15,5.7,7.37,9.71,4.06,19.69,16.54,15.76,12.96,8.21,96.14,3.86,100.0,100.0,100.0,100.0,100.0,100.0,100.0,0.0,100.0,100.0,5.7,7.37,9.71,4.06,19.69,16.54,15.76,12.96,8.21,96.14,3.86,100.0,95.0,57.0,42.0,726.0,18.0,8959.0,0.0,155.0,2537.0,717.0,928.0,1223.0,511.0,2479.0,2082.0,1984.0,1632.0,1033.0,12103.0,486.0,12589.0,0.83,0.45,0.26,5.29,0.16,71.87,0.0,1.27,19.88,56.31,43.69,100.0,37.95,17.36,29.39,15.31,91.0,49.0,28.0,579.0,18.0,7865.0,0.0,139.0,2176.0,6163.0,4781.0,10944.0,4153.0,1900.0,3216.0,1676.0
3541307,0.0,1.53,0.27,6.63,0.1,57.71,0.0,3.08,30.69,47.72,52.28,7.01,8.01,6.84,7.57,3.04,15.8,17.11,15.72,12.33,6.57,100.0,0.0,100.0,100.0,100.0,100.0,100.0,0.0,100.0,100.0,47.72,52.28,7.01,8.01,6.84,7.57,3.05,15.8,17.11,15.72,12.33,6.57,100.0,0.0,535.0,93.0,2315.0,34.0,20148.0,0.0,1076.0,10714.0,16660.0,18254.0,2446.0,2795.0,2389.0,2644.0,1063.0,5515.0,5973.0,5488.0,4306.0,2295.0,34914.0,0.0,1.65,0.29,6.64,0.1,57.65,0.0,3.01,30.67,8.61,7.36,8.14,3.27,16.99,18.4,16.9,13.26,7.07,96.01,3.99,100.0,0.0,100.0,100.0,100.0,100.0,100.0,0.0,100.0,100.0,8.61,7.36,8.14,3.27,16.99,18.4,16.9,13.26,7.07,96.01,3.99,100.0,0.0,535.0,93.0,2155.0,34.0,18717.0,0.0,976.0,9959.0,2795.0,2389.0,2644.0,1063.0,5515.0,5973.0,5488.0,4306.0,2295.0,31173.0,1295.0,32468.0,0.0,1.71,0.3,5.4,0.09,58.26,0.0,3.09,31.15,46.85,53.15,100.0,33.95,15.46,34.44,16.15,0.0,467.0,81.0,1474.0,25.0,15895.0,0.0,842.0,8500.0,12782.0,14502.0,27284.0,9262.0,4219.0,9396.0,4407.0
3541406,0.08,1.47,0.54,4.95,0.06,60.54,0.01,3.66,28.68,47.4,52.6,6.36,6.82,7.89,8.22,3.34,16.7,16.63,15.31,11.88,6.85,100.0,100.0,100.0,100.0,100.0,100.0,100.0,100.0,100.0,100.0,47.4,52.6,6.36,6.82,7.89,8.22,3.34,16.7,16.63,15.31,11.88,6.85,100.0,169.0,2948.0,1073.0,9928.0,120.0,121298.0,30.0,7337.0,57467.0,94973.0,105396.0,12736.0,13661.0,15811.0,16463.0,6694.0,33464.0,33324.0,30681.0,23811.0,13724.0,200369.0,0.08,1.5,0.55,4.93,0.06,60.95,0.01,3.7,28.21,7.28,8.43,8.77,3.57,17.83,17.76,16.35,12.69,7.31,97.63,2.37,100.0,100.0,100.0,100.0,100.0,100.0,100.0,100.0,100.0,100.0,7.28,8.43,8.77,3.57,17.83,17.76,16.35,12.69,7.31,97.63,2.37,100.0,157.0,2823.0,1029.0,9257.0,109.0,114364.0,20.0,6946.0,52928.0,13661.0,15811.0,16463.0,6694.0,33464.0,33324.0,30681.0,23811.0,13724.0,183187.0,4446.0,187633.0,0.09,1.63,0.5,4.24,0.06,61.95,0.01,3.71,27.8,46.48,53.52,100.0,24.31,14.75,34.43,26.51,145.0,2577.0,790.0,6706.0,97.0,97981.0,20.0,5868.0,43975.0,73518.0,84643.0,158161.0,38442.0,23335.0,54459.0,41926.0
3541505,0.0,1.44,0.46,3.95,0.04,64.54,0.0,2.75,26.82,48.22,51.78,6.1,6.53,6.56,6.38,4.39,14.59,17.42,17.19,13.05,7.79,100.0,0.0,100.0,100.0,100.0,100.0,100.0,0.0,100.0,100.0,48.22,51.78,6.1,6.53,6.56,6.38,4.39,14.59,17.42,17.19,13.05,7.79,100.0,0.0,459.0,147.0,1258.0,13.0,20574.0,0.0,876.0,8550.0,15371.0,16506.0,1945.0,2082.0,2091.0,2034.0,1398.0,4652.0,5552.0,5479.0,4161.0,2484.0,31877.0,0.0,1.46,0.49,3.94,0.04,65.03,0.0,2.84,26.2,6.96,6.99,6.8,4.67,15.54,18.55,18.3,13.9,8.3,95.69,4.31,100.0,0.0,100.0,100.0,100.0,100.0,100.0,0.0,100.0,100.0,6.96,6.99,6.79,4.67,15.54,18.55,18.3,13.9,8.3,95.69,4.31,100.0,0.0,436.0,147.0,1178.0,13.0,19466.0,0.0,850.0,7842.0,2082.0,2091.0,2034.0,1398.0,4652.0,5552.0,5479.0,4161.0,2484.0,28641.0,1291.0,29932.0,0.0,1.42,0.57,3.65,0.05,65.58,0.0,2.62,26.1,47.21,52.79,100.0,33.65,14.03,32.42,19.91,0.0,367.0,147.0,940.0,13.0,16893.0,0.0,676.0,6723.0,12160.0,13599.0,25759.0,8667.0,3614.0,8350.0,5128.0
3541604,0.05,2.02,0.53,5.52,0.06,49.04,0.05,1.94,40.79,48.83,51.17,7.32,7.94,7.61,7.95,3.1,16.03,16.79,15.03,11.56,6.67,100.0,100.0,100.0,100.0,100.0,100.0,100.0,100.0,100.0,100.0,48.83,51.17,7.32,7.94,7.61,7.95,3.1,16.03,16.79,15.03,11.56,6.67,100.0,14.0,624.0,163.0,1710.0,19.0,15180.0,15.0,601.0,12626.0,15114.0,15838.0,2267.0,2458.0,2356.0,2461.0,960.0,4961.0,5197.0,4652.0,3577.0,2063.0,30952.0,0.05,2.06,0.39,5.33,0.07,49.81,0.05,2.01,40.24,8.57,8.21,8.58,3.35,17.29,18.12,16.22,12.47,7.19,96.64,3.36,100.0,100.0,100.0,100.0,100.0,100.0,100.0,100.0,100.0,100.0,8.57,8.21,8.58,3.35,17.29,18.12,16.22,12.47,7.19,96.64,3.36,100.0,14.0,590.0,111.0,1528.0,19.0,14287.0,15.0,578.0,11543.0,2458.0,2356.0,2461.0,960.0,4961.0,5197.0,4652.0,3577.0,2063.0,27721.0,964.0,28685.0,0.06,2.14,0.37,4.68,0.08,50.58,0.06,2.13,39.89,48.26,51.74,100.0,36.58,16.56,29.61,17.25,14.0,512.0,88.0,1117.0,19.0,12075.0,15.0,508.0,9523.0,11521.0,12350.0,23871.0,8732.0,3954.0,7068.0,4117.0
3541653,0.0,1.04,0.27,3.61,0.0,61.82,0.0,2.71,30.59,51.14,48.86,7.82,7.35,7.28,6.61,2.4,16.1,16.1,15.93,12.99,7.41,100.0,0.0,100.0,100.0,100.0,0.0,100.0,0.0,100.0,100.0,51.14,48.86,7.82,7.35,7.28,6.61,2.4,16.1,16.1,15.93,12.99,7.41,100.0,0.0,31.0,8.0,108.0,0.0,1851.0,0.0,81.0,916.0,1531.0,1463.0,234.0,220.0,218.0,198.0,72.0,482.0,482.0,477.0,389.0,222.0,2994.0,0.0,1.12,0.29,3.8,0.0,62.07,0.0,2.57,30.14,7.97,7.9,7.17,2.61,17.46,17.46,17.28,14.09,8.04,94.46,5.54,100.0,0.0,100.0,100.0,100.0,0.0,100.0,0.0,100.0,100.0,7.97,7.9,7.17,2.61,17.46,17.46,17.28,14.09,8.04,94.44,5.56,100.0,0.0,31.0,8.0,105.0,0.0,1713.0,0.0,71.0,832.0,220.0,218.0,198.0,72.0,482.0,482.0,477.0,389.0,222.0,2607.0,153.0,2760.0,0.0,1.34,0.26,3.23,0.0,63.09,0.0,2.84,29.24,50.56,49.44,100.0,46.77,15.63,26.57,10.98,0.0,31.0,6.0,75.0,0.0,1465.0,0.0,66.0,679.0,1174.0,1148.0,2322.0,1086.0,363.0,617.0,255.0
3541703,0.0,0.24,0.03,8.33,0.65,56.03,0.0,1.62,33.09,49.3,50.7,7.67,7.43,7.74,8.11,2.74,16.86,17.14,15.37,11.23,5.71,100.0,0.0,100.0,100.0,100.0,100.0,100.0,0.0,100.0,100.0,49.3,50.7,7.67,7.43,7.74,8.11,2.74,16.86,17.14,15.37,11.23,5.71,100.0,0.0,28.0,4.0,955.0,75.0,6425.0,0.0,186.0,3794.0,5653.0,5814.0,880.0,852.0,888.0,930.0,314.0,1933.0,1965.0,1762.0,1288.0,655.0,11467.0,0.0,0.26,0.04,8.33,0.6,56.44,0.0,1.71,32.62,8.05,8.39,8.78,2.97,18.26,18.56,16.64,12.17,6.19,93.47,6.53,100.0,0.0,100.0,100.0,100.0,100.0,100.0,0.0,100.0,100.0,8.05,8.39,8.78,2.97,18.26,18.56,16.64,12.17,6.19,93.48,6.52,100.0,0.0,28.0,4.0,882.0,64.0,5975.0,0.0,181.0,3453.0,852.0,888.0,930.0,314.0,1933.0,1965.0,1762.0,1288.0,655.0,9896.0,691.0,10587.0,0.0,0.32,0.05,6.99,0.54,57.9,0.0,1.87,32.35,48.75,51.25,100.0,36.36,12.21,36.97,14.46,0.0,28.0,4.0,618.0,48.0,5122.0,0.0,165.0,2862.0,4313.0,4534.0,8847.0,3217.0,1080.0,3271.0,1279.0
3541802,0.14,0.0,0.21,5.37,0.0,59.12,0.0,2.45,32.66,49.84,50.16,8.32,8.43,8.47,8.5,2.67,18.29,17.75,13.91,9.11,4.55,100.0,100.0,0.0,100.0,100.0,0.0,100.0,0.0,100.0,100.0,49.84,50.16,8.32,8.43,8.47,8.5,2.67,18.29,17.75,13.91,9.11,4.55,100.0,4.0,0.0,6.0,151.0,0.0,1662.0,0.0,69.0,918.0,1401.0,1410.0,234.0,237.0,238.0,239.0,75.0,514.0,499.0,391.0,256.0,128.0,2811.0,0.16,0.0,0.23,5.59,0.0,60.11,0.0,2.37,31.55,9.2,9.24,9.27,2.91,19.95,19.36,15.17,9.93,4.97,94.68,5.32,100.0,100.0,0.0,100.0,100.0,0.0,100.0,0.0,100.0,100.0,9.2,9.24,9.27,2.91,19.95,19.36,15.17,9.93,4.97,94.68,5.32,100.0,4.0,0.0,6.0,144.0,0.0,1549.0,0.0,61.0,813.0,237.0,238.0,239.0,75.0,514.0,499.0,391.0,256.0,128.0,2440.0,137.0,2577.0,0.19,0.0,0.0,4.71,0.0,61.61,0.0,2.71,30.73,50.29,49.71,100.0,41.96,12.94,34.4,10.75,4.0,0.0,0.0,99.0,0.0,1295.0,0.0,57.0,646.0,1057.0,1045.0,2102.0,882.0,272.0,723.0,226.0
3541901,0.08,0.26,0.15,3.48,0.06,69.36,0.0,3.68,22.93,49.07,50.93,7.45,7.84,8.7,9.12,2.68,15.83,16.59,14.64,11.17,5.98,100.0,100.0,100.0,100.0,100.0,100.0,100.0,0.0,100.0,100.0,49.07,50.93,7.45,7.84,8.7,9.12,2.68,15.83,16.59,14.64,11.17,5.98,100.0,6.0,21.0,12.0,277.0,5.0,5520.0,0.0,293.0,1825.0,3905.0,4053.0,593.0,624.0,692.0,726.0,213.0,1260.0,1320.0,1165.0,889.0,476.0,7958.0,0.08,0.29,0.16,3.34,0.07,70.28,0.0,3.64,22.13,8.47,9.4,9.86,2.89,17.11,17.92,15.82,12.07,6.46,95.61,4.39,100.0,100.0,100.0,100.0,100.0,100.0,100.0,0.0,100.0,100.0,8.47,9.4,9.86,2.89,17.11,17.92,15.82,12.07,6.46,95.62,4.38,100.0,6.0,21.0,12.0,246.0,5.0,5176.0,0.0,268.0,1630.0,624.0,692.0,726.0,213.0,1260.0,1320.0,1165.0,889.0,476.0,7042.0,323.0,7365.0,0.1,0.28,0.1,2.88,0.08,70.57,0.0,3.9,22.07,48.67,51.33,100.0,38.04,12.66,37.74,11.56,6.0,17.0,6.0,174.0,5.0,4269.0,0.0,236.0,1335.0,2944.0,3105.0,6049.0,2301.0,766.0,2283.0,699.0
3542008,0.0,0.38,0.07,5.93,0.0,61.39,0.0,2.92,29.32,49.02,50.98,7.01,7.39,8.59,8.72,3.11,17.35,16.78,13.62,11.03,6.39,100.0,0.0,100.0,100.0,100.0,0.0,100.0,0.0,100.0,100.0,49.02,50.98,7.01,7.39,8.59,8.72,3.11,17.35,16.78,13.62,11.03,6.39,100.0,0.0,23.0,4.0,362.0,0.0,3746.0,0.0,178.0,1789.0,2991.0,3111.0,428.0,451.0,524.0,532.0,190.0,1059.0,1024.0,831.0,673.0,390.0,6102.0,0.0,0.41,0.07,5.92,0.0,61.9,0.0,2.94,28.76,7.95,9.24,9.38,3.35,18.66,18.05,14.65,11.86,6.87,95.08,4.92,100.0,0.0,100.0,100.0,100.0,0.0,100.0,0.0,100.0,100.0,7.95,9.24,9.38,3.35,18.66,18.05,14.65,11.86,6.87,95.09,4.91,100.0,0.0,23.0,4.0,336.0,0.0,3512.0,0.0,167.0,1632.0,451.0,524.0,532.0,190.0,1059.0,1024.0,831.0,673.0,390.0,5395.0,279.0,5674.0,0.0,0.49,0.0,4.58,0.0,64.61,0.0,2.7,27.6,48.31,51.69,100.0,34.52,16.54,35.33,13.62,0.0,23.0,0.0,215.0,0.0,3036.0,0.0,127.0,1297.0,2270.0,2429.0,4699.0,1622.0,777.0,1660.0,640.0
3542107,0.0,1.69,0.19,8.64,0.09,50.48,0.0,6.12,32.79,48.9,51.1,7.52,7.47,7.88,8.12,3.16,17.81,16.89,14.65,10.46,6.06,100.0,0.0,100.0,100.0,100.0,100.0,100.0,0.0,100.0,100.0,48.9,51.1,7.52,7.47,7.88,8.12,3.16,17.81,16.89,14.65,10.46,6.06,100.0,0.0,133.0,15.0,679.0,7.0,3967.0,0.0,481.0,2577.0,3843.0,4016.0,591.0,587.0,619.0,638.0,248.0,1400.0,1327.0,1151.0,822.0,476.0,7859.0,0.0,1.83,0.21,8.68,0.1,51.11,0.0,5.71,32.36,8.08,8.52,8.78,3.41,19.26,18.26,15.84,11.31,6.55,96.64,3.36,100.0,0.0,100.0,100.0,100.0,100.0,100.0,0.0,100.0,100.0,8.08,8.52,8.78,3.41,19.26,18.26,15.84,11.31,6.55,96.64,3.36,100.0,0.0,133.0,15.0,631.0,7.0,3715.0,0.0,415.0,2352.0,587.0,619.0,638.0,248.0,1400.0,1327.0,1151.0,822.0,476.0,7024.0,244.0,7268.0,0.0,2.1,0.18,7.14,0.12,51.42,0.0,6.33,32.71,47.86,52.14,100.0,39.71,13.41,32.07,14.81,0.0,127.0,11.0,433.0,7.0,3117.0,0.0,384.0,1983.0,2901.0,3161.0,6062.0,2407.0,813.0,1944.0,898.0
3542206,0.0,1.35,0.58,5.1,0.0,56.94,0.0,1.66,34.36,47.96,52.04,6.84,7.22,7.52,7.5,3.4,16.01,16.28,16.22,12.42,6.59,100.0,0.0,100.0,100.0,100.0,0.0,100.0,0.0,100.0,100.0,47.96,52.04,6.84,7.22,7.52,7.5,3.4,16.01,16.28,16.22,12.42,6.59,100.0,0.0,339.0,146.0,1282.0,0.0,14308.0,0.0,418.0,8635.0,12052.0,13076.0,1720.0,1813.0,1889.0,1884.0,854.0,4024.0,4091.0,4077.0,3121.0,1655.0,25128.0,0.0,1.45,0.53,5.03,0.0,57.55,0.0,1.69,33.75,7.75,8.07,8.05,3.65,17.19,17.48,17.42,13.33,7.07,95.29,4.71,100.0,0.0,100.0,100.0,100.0,0.0,100.0,0.0,100.0,100.0,7.75,8.07,8.05,3.65,17.19,17.48,17.42,13.33,7.07,95.29,4.71,100.0,0.0,339.0,123.0,1178.0,0.0,13472.0,0.0,396.0,7901.0,1813.0,1889.0,1884.0,854.0,4024.0,4091.0,4077.0,3121.0,1655.0,22306.0,1102.0,23408.0,0.0,1.47,0.48,4.42,0.0,59.45,0.0,1.75,32.43,47.01,52.99,100.0,33.34,14.04,36.32,16.31,0.0,290.0,95.0,871.0,0.0,11715.0,0.0,345.0,6391.0,9264.0,10442.0,19706.0,6570.0,2766.0,7157.0,3214.0
3542305,0.0,0.23,0.78,2.08,0.08,79.88,0.0,1.4,15.59,52.21,47.79,7.38,6.93,6.55,5.85,3.05,12.96,16.79,15.81,16.46,8.21,100.0,0.0,100.0,100.0,100.0,100.0,100.0,0.0,100.0,100.0,52.21,47.79,7.38,6.93,6.55,5.85,3.05,12.96,16.79,15.81,16.46,8.21,100.0,0.0,9.0,31.0,83.0,3.0,3193.0,0.0,56.0,623.0,2087.0,1910.0,295.0,277.0,262.0,234.0,122.0,518.0,671.0,632.0,658.0,328.0,3997.0,0.0,0.24,0.76,2.16,0.08,80.61,0.0,1.46,14.72,7.48,7.08,6.32,3.3,13.99,18.13,17.07,17.77,8.86,93.03,6.97,100.0,0.0,100.0,100.0,100.0,100.0,100.0,0.0,100.0,100.0,7.48,7.08,6.32,3.3,13.99,18.13,17.07,17.77,8.86,93.03,6.97,100.0,0.0,9.0,28.0,80.0,3.0,2984.0,0.0,54.0,545.0,277.0,262.0,234.0,122.0,518.0,671.0,632.0,658.0,328.0,3444.0,258.0,3702.0,0.0,0.28,0.76,1.64,0.09,81.95,0.0,1.49,13.82,52.17,47.83,100.0,53.56,15.18,23.9,7.4,0.0,9.0,24.0,52.0,3.0,2592.0,0.0,47.0,437.0,1650.0,1513.0,3163.0,1694.0,480.0,756.0,234.0
3542404,0.0,1.25,0.32,4.56,0.07,72.06,0.0,0.86,20.87,48.82,51.18,6.8,7.11,7.56,7.73,3.31,16.43,16.65,15.73,12.08,6.6,100.0,0.0,100.0,100.0,100.0,100.0,100.0,0.0,100.0,100.0,48.82,51.18,6.8,7.11,7.56,7.73,3.31,16.43,16.65,15.73,12.08,6.6,100.0,0.0,223.0,57.0,813.0,12.0,12839.0,0.0,154.0,3718.0,8697.0,9119.0,1211.0,1266.0,1346.0,1378.0,590.0,2928.0,2967.0,2803.0,2152.0,1175.0,17816.0,0.0,1.29,0.27,4.81,0.07,72.03,0.0,0.93,20.61,7.62,8.11,8.3,3.55,17.63,17.87,16.88,12.96,7.08,96.87,3.13,100.0,0.0,100.0,100.0,100.0,100.0,100.0,0.0,100.0,100.0,7.62,8.11,8.3,3.55,17.63,17.87,16.88,12.96,7.08,96.88,3.12,100.0,0.0,214.0,45.0,798.0,12.0,11961.0,0.0,154.0,3422.0,1266.0,1346.0,1378.0,590.0,2928.0,2967.0,2803.0,2152.0,1175.0,16086.0,519.0,16605.0,0.0,1.17,0.24,3.92,0.09,72.96,0.0,0.86,20.77,47.63,52.37,100.0,31.72,14.81,32.84,20.62,0.0,164.0,34.0,548.0,12.0,10209.0,0.0,120.0,2906.0,6665.0,7328.0,13993.0,4438.0,2073.0,4596.0,2886.0
3542503,1.57,0.21,0.57,8.48,0.21,55.1,0.0,4.37,29.47,62.91,37.1,4.29,5.86,15.06,13.61,3.32,17.28,14.68,10.67,9.63,5.6,100.0,100.0,100.0,100.0,100.0,100.0,100.0,0.0,100.0,100.0,62.9,37.1,4.28,5.86,15.06,13.61,3.32,17.29,14.67,10.68,9.63,5.59,100.0,110.0,15.0,40.0,595.0,15.0,3867.0,0.0,307.0,2068.0,4415.0,2604.0,301.0,411.0,1057.0,955.0,233.0,1213.0,1030.0,749.0,676.0,393.0,7018.0,1.64,0.22,0.6,8.71,0.22,54.99,0.0,4.42,29.19,6.12,15.74,14.22,3.47,18.06,15.33,11.15,10.06,5.85,93.73,6.27,100.0,100.0,100.0,100.0,100.0,100.0,100.0,0.0,100.0,100.0,6.12,15.73,14.22,3.47,18.06,15.33,11.16,10.06,5.84,93.73,6.27,100.0,110.0,15.0,40.0,585.0,15.0,3694.0,0.0,297.0,1961.0,411.0,1057.0,955.0,233.0,1213.0,1030.0,749.0,676.0,393.0,6296.0,421.0,6717.0,1.71,0.19,0.48,5.2,0.19,58.94,0.0,4.13,29.15,60.74,39.26,100.0,42.01,21.6,26.46,9.93,90.0,10.0,25.0,273.0,10.0,3094.0,0.0,217.0,1530.0,3188.0,2061.0,5249.0,2205.0,1134.0,1389.0,521.0
3542602,0.12,2.77,0.58,17.75,0.32,33.87,0.06,5.38,39.15,49.34,50.66,7.53,7.68,8.14,7.71,3.2,16.71,18.07,14.31,10.5,6.15,100.0,100.0,100.0,100.0,100.0,100.0,100.0,100.0,100.0,100.0,49.34,50.66,7.53,7.68,8.14,7.71,3.2,16.71,18.07,14.31,10.5,6.15,100.0,63.0,1453.0,302.0,9299.0,167.0,17739.0,32.0,2818.0,20503.0,25844.0,26534.0,3946.0,4023.0,4266.0,4038.0,1677.0,8752.0,9462.0,7494.0,5498.0,3220.0,52377.0,0.12,2.78,0.6,17.44,0.29,34.49,0.07,5.44,38.78,8.31,8.81,8.34,3.46,18.07,19.54,15.47,11.35,6.65,96.47,3.53,100.0,100.0,100.0,100.0,100.0,100.0,100.0,100.0,100.0,100.0,8.31,8.81,8.34,3.46,18.07,19.54,15.47,11.35,6.65,96.47,3.53,100.0,60.0,1344.0,291.0,8444.0,142.0,16702.0,32.0,2634.0,18782.0,4023.0,4266.0,4038.0,1677.0,8752.0,9462.0,7494.0,5498.0,3220.0,46723.0,1708.0,48431.0,0.1,2.92,0.57,15.25,0.21,36.54,0.08,5.57,38.76,48.7,51.3,100.0,33.99,15.46,33.81,16.74,41.0,1171.0,228.0,6122.0,84.0,14668.0,32.0,2234.0,15559.0,19548.0,20593.0,40142.0,13643.0,6204.0,13573.0,6721.0
3542701,0.0,1.88,0.09,6.38,0.09,57.06,0.0,3.87,30.62,49.61,50.39,8.28,8.91,8.51,8.42,2.24,17.08,16.18,15.09,10.37,4.92,100.0,0.0,100.0,100.0,100.0,100.0,100.0,0.0,100.0,100.0,49.61,50.39,8.28,8.91,8.51,8.42,2.24,17.08,16.18,15.09,10.37,4.92,100.0,0.0,104.0,5.0,353.0,5.0,3157.0,0.0,214.0,1694.0,2745.0,2788.0,458.0,493.0,471.0,466.0,124.0,945.0,895.0,835.0,574.0,272.0,5533.0,0.0,1.77,0.1,6.44,0.1,57.48,0.0,3.96,30.13,9.71,9.28,9.18,2.44,18.62,17.64,16.45,11.31,5.36,94.74,5.26,100.0,0.0,100.0,100.0,100.0,100.0,100.0,0.0,100.0,100.0,9.71,9.28,9.18,2.44,18.62,17.64,16.45,11.31,5.36,94.74,5.26,100.0,0.0,90.0,5.0,327.0,5.0,2917.0,0.0,201.0,1529.0,493.0,471.0,466.0,124.0,945.0,895.0,835.0,574.0,272.0,4808.0,267.0,5075.0,0.0,1.48,0.07,5.74,0.12,58.21,0.0,3.92,30.43,49.21,50.79,100.0,39.97,14.94,36.12,8.98,0.0,61.0,3.0,236.0,5.0,2393.0,0.0,161.0,1251.0,2023.0,2088.0,4111.0,1643.0,614.0,1485.0,369.0
3542800,0.0,1.35,0.22,12.58,0.0,44.38,0.0,0.11,41.32,50.4,49.6,8.24,8.42,6.89,6.86,3.57,15.65,15.5,14.59,12.69,7.59,100.0,0.0,100.0,100.0,100.0,0.0,100.0,0.0,100.0,100.0,50.4,49.6,8.24,8.42,6.89,6.86,3.57,15.65,15.5,14.59,12.69,7.59,100.0,0.0,37.0,6.0,345.0,0.0,1217.0,0.0,3.0,1133.0,1382.0,1360.0,226.0,231.0,189.0,188.0,98.0,429.0,425.0,400.0,348.0,208.0,2742.0,0.0,1.47,0.24,12.68,0.0,44.87,0.0,0.12,40.58,9.18,7.51,7.47,3.9,17.05,16.89,15.9,13.83,8.27,93.24,6.76,100.0,0.0,100.0,100.0,100.0,0.0,100.0,0.0,100.0,100.0,9.18,7.51,7.47,3.9,17.05,16.89,15.9,13.83,8.27,93.26,6.74,100.0,0.0,37.0,6.0,319.0,0.0,1129.0,0.0,3.0,1021.0,231.0,189.0,188.0,98.0,429.0,425.0,400.0,348.0,208.0,2346.0,170.0,2516.0,0.0,1.77,0.29,10.21,0.0,44.66,0.0,0.14,42.89,50.38,49.62,100.0,47.33,9.49,34.83,8.4,0.0,37.0,6.0,214.0,0.0,936.0,0.0,3.0,899.0,1056.0,1040.0,2096.0,992.0,199.0,730.0,176.0
3542909,0.0,1.1,0.29,11.03,0.0,57.95,0.0,1.23,28.41,49.65,50.35,7.38,7.28,7.76,7.9,3.55,16.57,17.16,14.78,11.29,6.33,100.0,0.0,100.0,100.0,100.0,0.0,100.0,0.0,100.0,100.0,49.65,50.35,7.38,7.28,7.76,7.9,3.55,16.57,17.16,14.78,11.29,6.33,100.0,0.0,106.0,28.0,1066.0,0.0,5602.0,0.0,119.0,2746.0,4800.0,4867.0,713.0,704.0,750.0,764.0,343.0,1602.0,1659.0,1429.0,1091.0,612.0,9667.0,0.0,1.12,0.31,10.82,0.0,58.93,0.0,1.33,27.47,7.86,8.38,8.53,3.83,17.89,18.53,15.96,12.18,6.83,93.56,6.44,100.0,0.0,100.0,100.0,100.0,0.0,100.0,0.0,100.0,100.0,7.86,8.38,8.53,3.83,17.89,18.53,15.96,12.18,6.83,93.55,6.45,100.0,0.0,100.0,28.0,969.0,0.0,5277.0,0.0,119.0,2460.0,704.0,750.0,764.0,343.0,1602.0,1659.0,1429.0,1091.0,612.0,8377.0,577.0,8954.0,0.0,1.33,0.19,9.41,0.0,60.41,0.0,1.17,27.47,49.19,50.81,100.0,39.27,14.31,31.99,14.44,0.0,100.0,14.0,706.0,0.0,4531.0,0.0,88.0,2060.0,3689.0,3811.0,7500.0,2945.0,1073.0,2399.0,1083.0
3543006,0.0,0.38,0.0,6.68,0.0,54.3,0.0,2.23,36.41,50.74,49.26,8.56,9.33,9.31,9.26,1.62,17.72,16.6,13.55,9.22,4.83,100.0,0.0,100.0,0.0,100.0,0.0,100.0,0.0,100.0,100.0,50.74,49.26,8.56,9.33,9.31,9.26,1.62,17.72,16.6,13.55,9.22,4.83,100.0,0.0,61.0,0.0,1058.0,0.0,8605.0,0.0,353.0,5770.0,8041.0,7806.0,1357.0,1479.0,1476.0,1468.0,256.0,2808.0,2630.0,2147.0,1461.0,765.0,15847.0,0.0,0.42,0.0,6.64,0.0,54.22,0.0,2.27,36.47,10.21,10.19,10.13,1.77,19.38,18.15,14.82,10.08,5.28,92.15,7.85,100.0,0.0,100.0,0.0,100.0,0.0,100.0,0.0,100.0,100.0,10.21,10.19,10.13,1.77,19.38,18.15,14.82,10.08,5.28,92.14,7.86,100.0,0.0,61.0,0.0,962.0,0.0,7856.0,0.0,329.0,5284.0,1479.0,1476.0,1468.0,256.0,2808.0,2630.0,2147.0,1461.0,765.0,13352.0,1138.0,14490.0,0.0,0.48,0.0,5.57,0.0,55.99,0.0,2.42,35.54,50.65,49.35,100.0,54.94,15.8,23.88,5.39,0.0,55.0,0.0,643.0,0.0,6459.0,0.0,279.0,4099.0,5842.0,5693.0,11535.0,6337.0,1822.0,2754.0,622.0
3543105,0.0,0.91,0.58,4.75,0.25,66.68,0.0,2.58,24.24,50.08,49.92,8.75,8.01,9.53,8.24,2.43,17.16,15.85,13.8,10.01,6.22,100.0,0.0,100.0,100.0,100.0,100.0,100.0,0.0,100.0,100.0,50.08,49.92,8.75,8.01,9.53,8.24,2.43,17.16,15.85,13.8,10.01,6.22,100.0,0.0,36.0,23.0,188.0,10.0,2638.0,0.0,102.0,959.0,1981.0,1975.0,346.0,317.0,377.0,326.0,96.0,679.0,627.0,546.0,396.0,246.0,3956.0,0.0,1.0,0.64,4.88,0.28,67.31,0.0,2.58,23.35,8.78,10.44,9.03,2.66,18.81,17.37,15.12,10.97,6.81,93.6,6.4,100.0,0.0,100.0,100.0,100.0,100.0,100.0,0.0,100.0,100.0,8.78,10.44,9.03,2.66,18.81,17.37,15.12,10.97,6.81,93.6,6.4,100.0,0.0,36.0,23.0,176.0,10.0,2430.0,0.0,93.0,843.0,317.0,377.0,326.0,96.0,679.0,627.0,546.0,396.0,246.0,3379.0,231.0,3610.0,0.0,1.1,0.34,4.42,0.24,66.91,0.0,2.57,24.38,50.07,49.93,100.0,49.11,17.18,24.38,9.33,0.0,32.0,10.0,129.0,7.0,1951.0,0.0,75.0,711.0,1460.0,1456.0,2916.0,1432.0,501.0,711.0,272.0
3543204,0.0,0.07,0.0,1.79,0.07,82.65,0.0,0.89,14.52,49.99,50.01,6.44,7.0,6.66,7.48,3.59,14.62,16.96,15.42,13.17,8.66,100.0,0.0,100.0,0.0,100.0,100.0,100.0,0.0,100.0,100.0,49.99,50.01,6.44,7.0,6.66,7.48,3.59,14.62,16.96,15.42,13.17,8.66,100.0,0.0,3.0,0.0,74.0,3.0,3426.0,0.0,37.0,602.0,2072.0,2073.0,267.0,290.0,276.0,310.0,149.0,606.0,703.0,639.0,546.0,359.0,4145.0,0.0,0.08,0.0,1.78,0.08,82.49,0.0,0.95,14.62,7.48,7.12,7.99,3.84,15.63,18.13,16.48,14.08,9.26,93.89,6.11,100.0,0.0,100.0,0.0,100.0,100.0,100.0,0.0,100.0,100.0,7.48,7.12,7.99,3.84,15.63,18.13,16.48,14.08,9.26,93.89,6.11,100.0,0.0,3.0,0.0,69.0,3.0,3199.0,0.0,37.0,567.0,290.0,276.0,310.0,149.0,606.0,703.0,639.0,546.0,359.0,3641.0,237.0,3878.0,0.0,0.09,0.0,1.6,0.09,82.49,0.0,1.12,14.61,49.28,50.72,100.0,44.11,13.83,24.52,17.54,0.0,3.0,0.0,53.0,3.0,2732.0,0.0,37.0,484.0,1632.0,1680.0,3312.0,1461.0,458.0,812.0,581.0
3543238,0.0,0.22,0.0,1.14,0.0,77.71,0.0,2.02,18.86,46.98,53.02,5.78,6.7,7.14,6.27,4.8,13.79,15.48,16.73,13.95,9.37,100.0,0.0,100.0,0.0,100.0,0.0,100.0,0.0,100.0,100.0,46.98,53.02,5.78,6.7,7.14,6.27,4.8,13.79,15.48,16.73,13.95,9.37,100.0,0.0,4.0,0.0,21.0,0.0,1426.0,0.0,37.0,346.0,862.0,973.0,106.0,123.0,131.0,115.0,88.0,253.0,284.0,307.0,256.0,172.0,1835.0,0.0,0.23,0.0,1.04,0.0,78.6,0.0,1.97,18.16,7.11,7.58,6.65,5.09,14.63,16.43,17.76,14.81,9.95,92.94,7.06,100.0,0.0,100.0,0.0,100.0,0.0,100.0,0.0,100.0,100.0,7.11,7.58,6.65,5.09,14.63,16.43,17.76,14.81,9.95,92.94,7.06,100.0,0.0,4.0,0.0,18.0,0.0,1359.0,0.0,34.0,314.0,123.0,131.0,115.0,88.0,253.0,284.0,307.0,256.0,172.0,1607.0,122.0,1729.0,0.0,0.27,0.0,1.22,0.0,79.53,0.0,1.69,17.29,46.58,53.42,100.0,48.2,13.29,29.49,9.08,0.0,4.0,0.0,18.0,0.0,1173.0,0.0,25.0,255.0,687.0,788.0,1475.0,711.0,196.0,435.0,134.0
3543253,0.0,0.43,0.0,2.02,0.0,78.12,0.0,0.43,19.01,50.9,49.1,7.69,8.53,7.04,7.6,2.98,16.07,16.91,15.48,10.86,6.83,100.0,0.0,100.0,0.0,100.0,0.0,100.0,0.0,100.0,100.0,50.9,49.1,7.69,8.53,7.04,7.6,2.98,16.07,16.91,15.48,10.86,6.83,100.0,0.0,28.0,0.0,133.0,0.0,5137.0,0.0,28.0,1250.0,3347.0,3229.0,506.0,561.0,463.0,500.0,196.0,1057.0,1112.0,1018.0,714.0,449.0,6576.0,0.0,0.38,0.0,2.04,0.0,78.6,0.0,0.41,18.55,9.24,7.63,8.24,3.23,17.41,18.32,16.77,11.76,7.4,92.16,7.84,100.0,0.0,100.0,0.0,100.0,0.0,100.0,0.0,100.0,100.0,9.24,7.63,8.24,3.23,17.41,18.32,16.77,11.76,7.4,92.15,7.85,100.0,0.0,23.0,0.0,124.0,0.0,4771.0,0.0,25.0,1126.0,561.0,463.0,500.0,196.0,1057.0,1112.0,1018.0,714.0,449.0,5594.0,476.0,6070.0,0.0,0.46,0.0,1.76,0.0,79.47,0.0,0.44,17.86,50.73,49.27,100.0,46.49,14.49,31.85,7.15,0.0,23.0,0.0,89.0,0.0,4010.0,0.0,22.0,901.0,2560.0,2486.0,5046.0,2346.0,731.0,1607.0,361.0
3543303,0.05,2.23,1.6,10.91,0.07,48.37,0.0,7.09,29.67,47.94,52.06,6.68,6.96,7.83,7.69,2.47,16.87,18.0,15.39,11.68,6.44,100.0,100.0,100.0,100.0,100.0,100.0,100.0,0.0,100.0,100.0,47.94,52.06,6.68,6.96,7.83,7.69,2.47,16.87,18.0,15.39,11.68,6.44,100.0,54.0,2294.0,1647.0,11212.0,73.0,49724.0,0.0,7291.0,30498.0,49278.0,53514.0,6870.0,7150.0,8048.0,7903.0,2537.0,17337.0,18504.0,15818.0,12006.0,6619.0,102792.0,0.06,2.31,1.55,10.83,0.08,48.78,0.0,7.05,29.35,7.45,8.39,8.24,2.64,18.07,19.29,16.49,12.52,6.9,97.13,2.87,100.0,100.0,100.0,100.0,100.0,100.0,100.0,0.0,100.0,100.0,7.45,8.39,8.24,2.64,18.07,19.29,16.49,12.52,6.9,97.13,2.87,100.0,54.0,2220.0,1483.0,10391.0,73.0,46786.0,0.0,6766.0,28150.0,7150.0,8048.0,7903.0,2537.0,17337.0,18504.0,15818.0,12006.0,6619.0,93170.0,2752.0,95922.0,0.07,2.53,1.36,9.82,0.09,50.05,0.0,6.89,29.19,46.97,53.03,100.0,23.51,12.55,43.29,20.65,54.0,2039.0,1100.0,7930.0,73.0,40402.0,0.0,5564.0,23563.0,37919.0,42805.0,80724.0,18981.0,10132.0,34942.0,16669.0
3543402,0.05,6.04,1.45,11.03,0.12,53.08,0.02,5.29,22.93,47.16,52.84,6.47,6.77,8.34,9.17,2.96,19.22,17.12,13.36,10.66,5.94,100.0,100.0,100.0,100.0,100.0,100.0,100.0,100.0,100.0,100.0,47.16,52.84,6.47,6.77,8.34,9.17,2.96,19.22,17.12,13.36,10.66,5.94,100.0,284.0,37521.0,9033.0,68511.0,725.0,329646.0,123.0,32862.0,142386.0,292883.0,328208.0,40156.0,42065.0,51815.0,56947.0,18357.0,119364.0,106312.0,82976.0,66226.0,36873.0,621091.0,0.04,6.18,1.47,10.94,0.11,53.48,0.02,5.25,22.51,7.24,8.92,9.8,3.16,20.55,18.3,14.28,11.4,6.35,97.94,2.06,100.0,100.0,100.0,100.0,100.0,100.0,100.0,100.0,100.0,100.0,7.24,8.92,9.8,3.16,20.55,18.3,14.28,11.4,6.35,97.94,2.06,100.0,259.0,35901.0,8564.0,63563.0,621.0,310660.0,98.0,30480.0,130789.0,42065.0,51815.0,56947.0,18357.0,119364.0,106312.0,82976.0,66226.0,36873.0,568984.0,11951.0,580935.0,0.04,6.48,1.38,9.96,0.11,54.93,0.01,5.23,21.86,46.29,53.71,100.0,22.03,15.08,34.57,28.31,209.0,31556.0,6705.0,48488.0,558.0,267542.0,49.0,25495.0,106454.0,225451.0,261604.0,487055.0,107310.0,73465.0,168388.0,137893.0
3543501,0.0,0.16,0.12,4.41,0.14,73.92,0.0,1.85,19.42,49.58,50.42,7.87,8.22,7.46,7.89,3.24,14.25,15.54,15.42,13.29,6.81,100.0,0.0,100.0,100.0,100.0,100.0,100.0,0.0,100.0,100.0,49.58,50.42,7.87,8.22,7.46,7.89,3.24,14.25,15.54,15.42,13.29,6.81,100.0,0.0,8.0,6.0,215.0,7.0,3605.0,0.0,90.0,947.0,2418.0,2459.0,384.0,401.0,364.0,385.0,158.0,695.0,758.0,752.0,648.0,332.0,4877.0,0.0,0.18,0.13,4.16,0.16,74.78,0.0,1.83,18.76,8.92,8.1,8.57,3.52,15.47,16.87,16.74,14.42,7.39,91.3,8.7,100.0,0.0,100.0,100.0,100.0,100.0,100.0,0.0,100.0,100.0,8.92,8.1,8.57,3.52,15.47,16.87,16.74,14.42,7.39,91.29,8.71,100.0,0.0,8.0,6.0,187.0,7.0,3360.0,0.0,82.0,843.0,401.0,364.0,385.0,158.0,695.0,758.0,752.0,648.0,332.0,4102.0,391.0,4493.0,0.0,0.21,0.16,3.22,0.08,76.1,0.0,1.72,18.48,49.52,50.48,100.0,52.15,16.2,22.1,9.58,0.0,8.0,6.0,120.0,3.0,2837.0,0.0,64.0,689.0,1846.0,1882.0,3728.0,1944.0,604.0,824.0,357.0
3543600,0.0,6.02,0.5,12.66,0.0,49.52,0.0,4.15,27.17,50.11,49.89,6.5,7.93,8.35,7.25,3.28,16.25,16.25,14.85,12.24,7.11,100.0,0.0,100.0,100.0,100.0,0.0,100.0,0.0,100.0,100.0,50.11,49.89,6.5,7.93,8.35,7.25,3.28,16.25,16.25,14.85,12.24,7.11,100.0,0.0,215.0,18.0,452.0,0.0,1768.0,0.0,148.0,970.0,1789.0,1781.0,232.0,283.0,298.0,259.0,117.0,580.0,580.0,530.0,437.0,254.0,3570.0,0.0,6.2,0.54,12.7,0.0,49.34,0.0,4.43,26.81,8.48,8.93,7.76,3.51,17.38,17.38,15.88,13.09,7.61,96.26,3.74,100.0,0.0,100.0,100.0,100.0,0.0,100.0,0.0,100.0,100.0,8.48,8.93,7.76,3.51,17.38,17.38,15.88,13.09,7.61,96.25,3.75,100.0,0.0,207.0,18.0,424.0,0.0,1647.0,0.0,148.0,895.0,283.0,298.0,259.0,117.0,580.0,580.0,530.0,437.0,254.0,3213.0,125.0,3338.0,0.0,6.17,0.29,11.32,0.0,51.07,0.0,4.72,26.41,49.91,50.09,100.0,31.41,14.44,37.98,16.18,0.0,170.0,8.0,312.0,0.0,1408.0,0.0,130.0,728.0,1376.0,1381.0,2757.0,866.0,398.0,1047.0,446.0
3543709,0.0,3.16,1.22,3.62,0.0,63.4,0.16,5.43,23.0,49.8,50.2,7.31,7.45,7.76,7.75,2.92,15.78,16.63,15.96,11.77,6.66,100.0,0.0,100.0,100.0,100.0,0.0,100.0,100.0,100.0,100.0,49.8,50.2,7.31,7.45,7.76,7.75,2.92,15.78,16.63,15.96,11.77,6.66,100.0,0.0,253.0,98.0,290.0,0.0,5081.0,13.0,435.0,1843.0,3991.0,4023.0,586.0,597.0,622.0,621.0,234.0,1265.0,1333.0,1279.0,943.0,534.0,8014.0,0.0,3.26,1.24,3.28,0.0,63.92,0.18,5.34,22.77,8.04,8.37,8.36,3.15,17.03,17.95,17.22,12.7,7.19,94.75,5.25,100.0,0.0,100.0,100.0,100.0,0.0,100.0,100.0,100.0,100.0,8.04,8.37,8.36,3.15,17.03,17.95,17.22,12.7,7.19,94.75,5.25,100.0,0.0,242.0,92.0,244.0,0.0,4748.0,13.0,397.0,1691.0,597.0,622.0,621.0,234.0,1265.0,1333.0,1279.0,943.0,534.0,7038.0,390.0,7428.0,0.0,3.22,1.42,2.98,0.0,64.95,0.21,5.12,22.08,49.04,50.96,100.0,42.95,10.57,35.22,11.26,0.0,200.0,88.0,185.0,0.0,4033.0,13.0,318.0,1371.0,3045.0,3164.0,6209.0,2667.0,656.0,2187.0,699.0
3543808,0.0,0.39,0.18,7.5,0.3,68.98,0.0,1.66,21.0,49.13,50.87,6.07,7.02,7.27,7.01,5.03,15.87,15.1,15.0,13.57,8.07,100.0,0.0,100.0,100.0,100.0,100.0,100.0,0.0,100.0,100.0,49.13,50.87,6.07,7.02,7.27,7.01,5.03,15.87,15.1,15.0,13.57,8.07,100.0,0.0,32.0,15.0,621.0,25.0,5709.0,0.0,137.0,1738.0,4066.0,4210.0,502.0,581.0,602.0,580.0,416.0,1313.0,1250.0,1241.0,1123.0,668.0,8276.0,0.0,0.41,0.19,6.97,0.32,69.72,0.0,1.58,20.81,7.47,7.74,7.46,5.35,16.89,16.08,15.96,14.45,8.59,95.01,4.99,100.0,0.0,100.0,100.0,100.0,100.0,100.0,0.0,100.0,100.0,7.47,7.74,7.46,5.35,16.89,16.08,15.96,14.45,8.59,95.01,4.99,100.0,0.0,32.0,15.0,542.0,25.0,5420.0,0.0,123.0,1618.0,581.0,602.0,580.0,416.0,1313.0,1250.0,1241.0,1123.0,668.0,7386.0,388.0,7774.0,0.0,0.49,0.23,6.14,0.38,70.85,0.0,1.56,20.36,48.82,51.18,100.0,39.6,18.39,27.51,14.5,0.0,32.0,15.0,405.0,25.0,4670.0,0.0,103.0,1342.0,3218.0,3373.0,6591.0,2610.0,1212.0,1813.0,956.0
3543907,0.06,2.07,1.01,8.17,0.08,50.46,0.02,6.06,32.06,47.98,52.02,6.71,6.76,7.99,8.31,3.3,17.48,17.56,14.17,11.25,6.47,100.0,100.0,100.0,100.0,100.0,100.0,100.0,100.0,100.0,100.0,47.98,52.02,6.71,6.76,7.99,8.31,3.3,17.48,17.56,14.17,11.25,6.47,100.0,113.0,3696.0,1808.0,14591.0,151.0,90103.0,38.0,10823.0,57250.0,85672.0,92901.0,11984.0,12075.0,14274.0,14837.0,5894.0,31208.0,31364.0,25300.0,20090.0,11546.0,178573.0,0.06,2.15,0.99,8.02,0.09,50.89,0.02,6.13,31.64,7.25,8.57,8.91,3.54,18.73,18.83,15.19,12.06,6.93,97.59,2.41,100.0,100.0,100.0,100.0,100.0,100.0,100.0,100.0,100.0,100.0,7.25,8.57,8.91,3.54,18.73,18.83,15.19,12.06,6.93,97.59,2.41,100.0,102.0,3589.0,1654.0,13361.0,144.0,84783.0,38.0,10205.0,52713.0,12075.0,14274.0,14837.0,5894.0,31208.0,31364.0,25300.0,20090.0,11546.0,162573.0,4016.0,166589.0,0.06,2.26,0.93,7.13,0.06,52.31,0.03,6.27,30.95,47.02,52.98,100.0,24.09,12.96,38.98,23.97,78.0,3176.0,1302.0,10006.0,85.0,73354.0,38.0,8798.0,43403.0,65941.0,74298.0,140239.0,33783.0,18168.0,54671.0,33618.0
3544004,0.0,0.95,0.18,4.21,0.08,50.81,0.0,3.71,40.07,49.62,50.38,7.6,7.96,8.74,8.38,1.95,18.96,18.04,13.81,9.67,4.9,100.0,0.0,100.0,100.0,100.0,100.0,100.0,0.0,100.0,100.0,49.62,50.38,7.6,7.96,8.74,8.38,1.95,18.96,18.04,13.81,9.67,4.9,100.0,0.0,258.0,48.0,1148.0,21.0,13869.0,0.0,1013.0,10938.0,13544.0,13751.0,2075.0,2172.0,2385.0,2287.0,531.0,5174.0,4923.0,3770.0,2640.0,1338.0,27295.0,0.0,1.0,0.19,4.25,0.08,51.53,0.0,3.68,39.27,8.61,9.46,9.07,2.11,20.52,19.52,14.95,10.47,5.31,96.0,4.0,100.0,0.0,100.0,100.0,100.0,100.0,100.0,0.0,100.0,100.0,8.61,9.46,9.07,2.11,20.52,19.52,14.95,10.47,5.31,95.99,4.01,100.0,0.0,252.0,48.0,1071.0,21.0,12997.0,0.0,927.0,9904.0,2172.0,2385.0,2287.0,531.0,5174.0,4923.0,3770.0,2640.0,1338.0,24210.0,1010.0,25220.0,0.0,1.19,0.04,4.02,0.07,53.74,0.0,3.35,37.59,49.11,50.89,100.0,29.86,16.99,40.6,12.55,0.0,245.0,8.0,830.0,14.0,11105.0,0.0,692.0,7767.0,10148.0,10515.0,20663.0,6169.0,3510.0,8390.0,2594.0
3544103,0.11,0.93,1.71,11.09,0.03,45.2,0.0,6.92,34.0,48.23,51.77,8.07,8.52,9.13,8.52,1.68,17.93,17.65,14.28,9.67,4.55,100.0,100.0,100.0,100.0,100.0,100.0,100.0,0.0,100.0,100.0,48.23,51.77,8.07,8.52,9.13,8.52,1.68,17.93,17.65,14.28,9.67,4.55,100.0,42.0,359.0,657.0,4271.0,13.0,17410.0,0.0,2665.0,13097.0,18577.0,19938.0,3109.0,3280.0,3516.0,3281.0,647.0,6905.0,6799.0,5501.0,3726.0,1751.0,38515.0,0.12,1.01,1.78,10.88,0.04,45.63,0.0,7.06,33.49,9.26,9.93,9.27,1.83,19.5,19.2,15.54,10.52,4.95,96.25,3.75,100.0,100.0,100.0,100.0,100.0,100.0,100.0,0.0,100.0,100.0,9.26,9.93,9.27,1.83,19.5,19.2,15.54,10.52,4.95,96.25,3.75,100.0,42.0,356.0,631.0,3853.0,13.0,16156.0,0.0,2498.0,11857.0,3280.0,3516.0,3281.0,647.0,6905.0,6799.0,5501.0,3726.0,1751.0,34079.0,1327.0,35406.0,0.07,1.11,1.63,9.76,0.05,47.18,0.0,7.14,33.06,47.38,52.62,100.0,27.96,13.78,47.86,10.4,21.0,317.0,467.0,2791.0,13.0,13497.0,0.0,2044.0,9459.0,13554.0,15056.0,28610.0,7998.0,3943.0,13693.0,2975.0
3544202,0.0,1.04,0.56,2.09,0.16,73.0,0.13,2.37,20.63,62.33,37.67,5.62,6.31,10.98,11.48,1.98,21.61,17.36,11.11,8.58,4.97,100.0,0.0,100.0,100.0,100.0,100.0,100.0,100.0,100.0,100.0,62.33,37.67,5.62,6.31,10.98,11.48,1.98,21.61,17.36,11.11,8.58,4.97,100.0,0.0,97.0,52.0,195.0,15.0,6798.0,12.0,221.0,1921.0,5804.0,3508.0,523.0,588.0,1022.0,1069.0,184.0,2012.0,1617.0,1035.0,799.0,463.0,9312.0,0.0,1.1,0.5,2.08,0.17,73.46,0.14,2.43,20.12,6.69,11.63,12.16,2.09,22.89,18.4,11.78,9.09,5.27,92.65,7.35,100.0,0.0,100.0,100.0,100.0,100.0,100.0,100.0,100.0,100.0,6.69,11.63,12.16,2.09,22.89,18.4,11.78,9.09,5.27,92.65,7.35,100.0,0.0,97.0,44.0,183.0,15.0,6456.0,12.0,214.0,1768.0,588.0,1022.0,1069.0,184.0,2012.0,1617.0,1035.0,799.0,463.0,8143.0,646.0,8789.0,0.0,1.35,0.57,1.73,0.14,74.52,0.11,2.59,18.99,62.2,37.8,100.0,61.54,12.23,19.65,6.57,0.0,97.0,41.0,124.0,10.0,5350.0,8.0,186.0,1363.0,4465.0,2714.0,7179.0,4418.0,878.0,1411.0,472.0
3544251,0.04,2.1,0.12,8.37,0.03,54.75,0.0,4.22,30.37,48.82,51.18,7.27,7.72,7.11,6.84,2.5,14.22,16.98,17.1,12.91,7.36,100.0,100.0,100.0,100.0,100.0,100.0,100.0,0.0,100.0,100.0,48.82,51.18,7.27,7.72,7.11,6.84,2.5,14.22,16.98,17.1,12.91,7.36,100.0,6.0,324.0,19.0,1293.0,4.0,8454.0,0.0,652.0,4689.0,7538.0,7903.0,1122.0,1192.0,1098.0,1056.0,386.0,2195.0,2622.0,2640.0,1994.0,1136.0,15441.0,0.04,2.19,0.1,8.17,0.03,54.9,0.0,4.25,30.34,8.32,7.67,7.37,2.7,15.33,18.31,18.44,13.93,7.93,95.15,4.85,100.0,100.0,100.0,100.0,100.0,100.0,100.0,0.0,100.0,100.0,8.32,7.67,7.37,2.7,15.33,18.31,18.44,13.93,7.93,95.15,4.85,100.0,6.0,313.0,14.0,1170.0,4.0,7861.0,0.0,608.0,4344.0,1192.0,1098.0,1056.0,386.0,2195.0,2622.0,2640.0,1994.0,1136.0,13625.0,694.0,14319.0,0.0,2.41,0.12,6.83,0.0,55.85,0.0,4.36,30.43,47.57,52.43,100.0,33.88,13.32,35.19,17.61,0.0,290.0,14.0,822.0,0.0,6718.0,0.0,525.0,3660.0,5722.0,6307.0,12029.0,4076.0,1602.0,4233.0,2118.0
3544301,0.0,0.42,0.12,3.33,0.17,72.32,0.0,6.35,17.31,48.89,51.11,8.24,7.52,7.29,9.07,1.6,17.8,16.84,15.25,11.16,5.24,100.0,0.0,100.0,100.0,100.0,100.0,100.0,0.0,100.0,100.0,48.89,51.11,8.23,7.52,7.28,9.07,1.6,17.8,16.84,15.25,11.17,5.24,100.0,0.0,39.0,11.0,312.0,16.0,6778.0,0.0,595.0,1622.0,4582.0,4790.0,772.0,705.0,683.0,850.0,150.0,1668.0,1578.0,1429.0,1046.0,491.0,9372.0,0.0,0.41,0.13,3.23,0.19,73.58,0.0,6.26,16.21,8.2,7.94,9.88,1.74,19.39,18.35,16.61,12.16,5.71,96.71,3.28,100.0,0.0,100.0,100.0,100.0,100.0,100.0,0.0,100.0,100.0,8.19,7.94,9.89,1.75,19.39,18.35,16.62,12.17,5.71,96.72,3.28,100.0,0.0,35.0,11.0,278.0,16.0,6329.0,0.0,538.0,1394.0,705.0,683.0,850.0,150.0,1668.0,1578.0,1429.0,1046.0,491.0,8318.0,282.0,8601.0,0.0,0.49,0.15,3.17,0.22,74.5,0.0,5.85,15.62,47.96,52.04,100.0,30.33,16.64,36.05,17.0,0.0,35.0,11.0,229.0,16.0,5374.0,0.0,422.0,1127.0,3459.0,3754.0,7213.0,2188.0,1200.0,2600.0,1226.0
3544400,0.0,0.69,0.17,3.62,0.0,49.81,0.0,1.77,43.9,49.5,50.5,8.02,7.5,6.64,7.68,2.72,16.69,17.85,16.65,11.17,5.09,100.0,0.0,100.0,100.0,100.0,0.0,100.0,0.0,100.0,100.0,49.5,50.5,8.02,7.5,6.64,7.68,2.72,16.69,17.85,16.65,11.17,5.09,100.0,0.0,16.0,4.0,84.0,0.0,1155.0,0.0,41.0,1018.0,1148.0,1171.0,186.0,174.0,154.0,178.0,63.0,387.0,414.0,386.0,259.0,118.0,2319.0,0.0,0.56,0.19,3.66,0.0,50.77,0.0,1.55,43.27,8.16,7.22,8.35,2.95,18.14,19.41,18.1,12.14,5.53,93.25,6.75,100.0,0.0,100.0,100.0,100.0,0.0,100.0,0.0,100.0,100.0,8.16,7.22,8.35,2.95,18.14,19.41,18.1,12.14,5.53,93.24,6.76,100.0,0.0,12.0,4.0,78.0,0.0,1083.0,0.0,33.0,923.0,174.0,154.0,178.0,63.0,387.0,414.0,386.0,259.0,118.0,1989.0,144.0,2133.0,0.0,0.61,0.0,3.05,0.0,52.8,0.0,1.61,41.94,49.81,50.19,100.0,46.87,17.95,26.7,8.48,0.0,11.0,0.0,55.0,0.0,953.0,0.0,29.0,757.0,899.0,906.0,1805.0,846.0,324.0,482.0,153.0
3544509,0.0,1.74,0.0,4.39,0.09,58.26,0.0,3.46,32.03,49.39,50.61,6.57,5.67,5.93,4.91,4.1,12.03,15.23,17.35,18.02,10.17,100.0,0.0,100.0,0.0,100.0,100.0,100.0,0.0,100.0,100.0,49.39,50.61,6.57,5.67,5.93,4.91,4.1,12.03,15.23,17.35,18.02,10.17,100.0,0.0,60.0,0.0,151.0,3.0,2004.0,0.0,119.0,1102.0,1699.0,1741.0,226.0,195.0,204.0,169.0,141.0,414.0,524.0,597.0,620.0,350.0,3440.0,0.0,1.59,0.0,4.45,0.09,59.46,0.0,3.33,31.08,6.07,6.35,5.26,4.39,12.88,16.3,18.57,19.29,10.89,95.8,4.2,100.0,0.0,100.0,0.0,100.0,100.0,100.0,0.0,100.0,100.0,6.07,6.35,5.26,4.39,12.88,16.3,18.57,19.29,10.89,95.81,4.19,100.0,0.0,51.0,0.0,143.0,3.0,1911.0,0.0,107.0,999.0,195.0,204.0,169.0,141.0,414.0,524.0,597.0,620.0,350.0,3079.0,135.0,3214.0,0.0,1.81,0.0,4.01,0.11,60.14,0.0,3.27,30.69,49.31,50.69,100.0,41.81,14.03,29.73,14.39,0.0,51.0,0.0,113.0,3.0,1693.0,0.0,92.0,864.0,1388.0,1427.0,2815.0,1177.0,395.0,837.0,405.0
3544608,0.0,1.09,0.35,2.7,0.0,62.15,0.0,3.16,30.54,48.48,51.52,7.35,6.78,5.62,6.65,4.45,13.69,16.09,15.15,15.65,8.57,100.0,0.0,100.0,100.0,100.0,0.0,100.0,0.0,100.0,100.0,48.48,51.52,7.35,6.78,5.62,6.65,4.45,13.69,16.09,15.15,15.65,8.57,100.0,0.0,50.0,16.0,124.0,0.0,2851.0,0.0,145.0,1401.0,2224.0,2363.0,337.0,311.0,258.0,305.0,204.0,628.0,738.0,695.0,718.0,393.0,4587.0,0.0,1.18,0.38,2.68,0.0,63.2,0.0,3.08,29.46,7.32,6.07,7.18,4.8,14.78,17.36,16.35,16.89,9.25,95.25,4.75,100.0,0.0,100.0,100.0,100.0,0.0,100.0,0.0,100.0,100.0,7.32,6.07,7.18,4.8,14.78,17.36,16.35,16.89,9.25,95.24,4.76,100.0,0.0,50.0,16.0,114.0,0.0,2686.0,0.0,131.0,1252.0,311.0,258.0,305.0,204.0,628.0,738.0,695.0,718.0,393.0,4048.0,202.0,4250.0,0.0,1.36,0.3,2.23,0.0,65.2,0.0,2.83,28.06,47.76,52.24,100.0,46.97,18.77,24.4,9.86,0.0,50.0,11.0,82.0,0.0,2400.0,0.0,104.0,1033.0,1758.0,1923.0,3681.0,1729.0,691.0,898.0,363.0
3544707,0.0,0.74,0.0,5.68,0.14,63.04,0.0,0.32,30.09,48.55,51.45,8.08,6.46,6.88,7.71,3.51,15.46,15.6,14.44,13.57,8.31,100.0,0.0,100.0,0.0,100.0,100.0,100.0,0.0,100.0,100.0,48.55,51.45,8.08,6.46,6.88,7.71,3.51,15.46,15.6,14.44,13.57,8.31,100.0,0.0,16.0,0.0,123.0,3.0,1366.0,0.0,7.0,652.0,1052.0,1115.0,175.0,140.0,149.0,167.0,76.0,335.0,338.0,313.0,294.0,180.0,2167.0,0.0,0.65,0.0,5.42,0.15,63.3,0.0,0.35,30.07,7.03,7.48,8.38,3.82,16.82,16.97,15.71,14.76,9.04,92.07,7.93,100.0,0.0,100.0,0.0,100.0,100.0,100.0,0.0,100.0,100.0,7.03,7.48,8.38,3.82,16.82,16.97,15.71,14.76,9.04,92.05,7.95,100.0,0.0,13.0,0.0,108.0,3.0,1261.0,0.0,7.0,599.0,140.0,149.0,167.0,76.0,335.0,338.0,313.0,294.0,180.0,1834.0,158.0,1992.0,0.0,0.53,0.0,4.52,0.18,64.65,0.0,0.41,29.71,48.68,51.32,100.0,42.4,12.45,35.41,9.75,0.0,9.0,0.0,77.0,3.0,1101.0,0.0,7.0,506.0,829.0,874.0,1703.0,722.0,212.0,603.0,166.0
3544806,0.0,0.45,0.35,3.2,0.0,61.74,0.0,3.41,30.84,49.11,50.89,7.3,6.48,6.74,6.22,3.05,15.62,15.24,16.23,15.46,7.66,100.0,0.0,100.0,100.0,100.0,0.0,100.0,0.0,100.0,100.0,49.11,50.89,7.3,6.48,6.74,6.22,3.05,15.62,15.24,16.23,15.46,7.66,100.0,0.0,26.0,20.0,184.0,0.0,3545.0,0.0,196.0,1771.0,2820.0,2922.0,419.0,372.0,387.0,357.0,175.0,897.0,875.0,932.0,888.0,440.0,5742.0,0.0,0.49,0.38,3.27,0.0,61.73,0.0,3.29,30.87,6.99,7.27,6.71,3.29,16.85,16.44,17.51,16.68,8.27,93.26,6.74,100.0,0.0,100.0,100.0,100.0,0.0,100.0,0.0,100.0,100.0,6.99,7.27,6.71,3.29,16.85,16.44,17.51,16.68,8.27,93.26,6.74,100.0,0.0,26.0,20.0,174.0,0.0,3286.0,0.0,175.0,1643.0,372.0,387.0,357.0,175.0,897.0,875.0,932.0,888.0,440.0,4964.0,359.0,5323.0,0.0,0.5,0.26,3.05,0.0,61.9,0.0,3.26,31.03,48.44,51.56,100.0,42.55,16.24,28.94,12.25,0.0,23.0,12.0,139.0,0.0,2825.0,0.0,149.0,1416.0,2211.0,2353.0,4564.0,1942.0,741.0,1321.0,559.0
3544905,0.0,3.21,0.25,5.51,0.0,70.74,0.0,2.96,17.34,48.4,51.6,6.72,6.96,7.52,8.11,3.11,17.62,16.77,14.6,11.67,6.92,100.0,0.0,100.0,100.0,100.0,0.0,100.0,0.0,100.0,100.0,48.4,51.6,6.72,6.96,7.52,8.11,3.11,17.62,16.77,14.6,11.67,6.92,100.0,0.0,325.0,25.0,557.0,0.0,7156.0,0.0,299.0,1754.0,4896.0,5220.0,680.0,704.0,761.0,820.0,315.0,1782.0,1696.0,1477.0,1181.0,700.0,10116.0,0.0,3.09,0.26,5.45,0.0,71.26,0.0,2.74,17.18,7.46,8.06,8.69,3.34,18.89,17.97,15.65,12.52,7.42,97.15,2.85,100.0,0.0,100.0,100.0,100.0,0.0,100.0,0.0,100.0,100.0,7.46,8.06,8.69,3.34,18.89,17.97,15.65,12.52,7.42,97.15,2.85,100.0,0.0,292.0,25.0,514.0,0.0,6724.0,0.0,259.0,1621.0,704.0,761.0,820.0,315.0,1782.0,1696.0,1477.0,1181.0,700.0,9167.0,269.0,9436.0,0.0,3.21,0.18,4.4,0.0,72.76,0.0,2.97,16.48,47.79,52.21,100.0,42.34,10.58,28.09,18.98,0.0,256.0,14.0,351.0,0.0,5800.0,0.0,237.0,1314.0,3809.0,4162.0,7971.0,3375.0,843.0,2239.0,1513.0
3545001,0.0,3.18,0.87,4.85,0.0,72.46,0.08,2.56,16.0,49.48,50.52,7.43,8.06,8.17,7.68,2.61,15.69,16.48,15.08,12.24,6.56,100.0,0.0,100.0,100.0,100.0,0.0,100.0,100.0,100.0,100.0,49.48,50.52,7.43,8.06,8.17,7.68,2.61,15.69,16.48,15.08,12.24,6.56,100.0,0.0,424.0,116.0,647.0,0.0,9670.0,11.0,342.0,2136.0,6604.0,6742.0,992.0,1076.0,1091.0,1025.0,348.0,2094.0,2199.0,2013.0,1633.0,875.0,13346.0,0.0,3.13,0.8,4.84,0.0,72.84,0.09,2.53,15.76,8.71,8.83,8.3,2.82,16.95,17.8,16.29,13.22,7.08,94.42,5.58,100.0,0.0,100.0,100.0,100.0,0.0,100.0,100.0,100.0,100.0,8.71,8.83,8.3,2.82,16.95,17.8,16.29,13.22,7.08,94.42,5.58,100.0,0.0,387.0,99.0,598.0,0.0,8999.0,11.0,313.0,1947.0,1076.0,1091.0,1025.0,348.0,2094.0,2199.0,2013.0,1633.0,875.0,11665.0,689.0,12354.0,0.0,3.44,0.74,4.12,0.0,73.53,0.11,2.86,15.22,48.82,51.18,100.0,41.6,13.31,32.71,12.38,0.0,350.0,75.0,420.0,0.0,7491.0,11.0,291.0,1550.0,4973.0,5214.0,10187.0,4238.0,1356.0,3332.0,1261.0
3545100,0.0,0.86,0.4,2.69,0.0,75.4,0.0,0.79,19.84,50.65,49.35,6.45,7.98,8.19,7.91,3.62,15.36,16.29,14.22,12.24,7.74,100.0,0.0,100.0,100.0,100.0,0.0,100.0,0.0,100.0,100.0,50.65,49.35,6.45,7.98,8.19,7.91,3.62,15.36,16.29,14.22,12.24,7.74,100.0,0.0,36.0,17.0,113.0,0.0,3166.0,0.0,33.0,833.0,2127.0,2072.0,271.0,335.0,344.0,332.0,152.0,645.0,684.0,597.0,514.0,325.0,4199.0,0.0,0.92,0.43,2.67,0.0,75.48,0.0,0.79,19.7,8.53,8.76,8.45,3.87,16.42,17.41,15.2,13.09,8.27,88.77,11.23,100.0,0.0,100.0,100.0,100.0,0.0,100.0,0.0,100.0,100.0,8.53,8.76,8.45,3.87,16.42,17.41,15.2,13.09,8.27,88.77,11.23,100.0,0.0,36.0,17.0,105.0,0.0,2965.0,0.0,31.0,774.0,335.0,344.0,332.0,152.0,645.0,684.0,597.0,514.0,325.0,3487.0,441.0,3928.0,0.0,0.95,0.4,1.85,0.0,77.22,0.0,0.89,18.71,49.86,50.14,100.0,56.08,13.3,22.25,8.37,0.0,31.0,13.0,60.0,0.0,2509.0,0.0,29.0,608.0,1620.0,1629.0,3249.0,1822.0,432.0,723.0,272.0
3545159,0.0,0.99,0.26,3.21,0.36,67.6,0.0,2.51,25.05,48.6,51.4,6.08,7.06,7.21,7.37,3.25,17.06,17.9,14.09,12.62,7.36,100.0,0.0,100.0,100.0,100.0,100.0,100.0,0.0,100.0,100.0,48.6,51.4,6.08,7.06,7.21,7.37,3.25,17.06,17.9,14.09,12.62,7.36,100.0,0.0,72.0,19.0,234.0,26.0,4924.0,0.0,183.0,1825.0,3540.0,3744.0,443.0,514.0,525.0,537.0,237.0,1243.0,1304.0,1026.0,919.0,536.0,7284.0,0.0,1.05,0.28,3.29,0.38,68.54,0.0,2.53,23.91,7.51,7.67,7.85,3.46,18.17,19.06,15.0,13.43,7.84,97.95,2.05,100.0,0.0,100.0,100.0,100.0,100.0,100.0,0.0,100.0,100.0,7.51,7.67,7.85,3.46,18.17,19.06,15.0,13.43,7.84,97.95,2.05,100.0,0.0,72.0,19.0,225.0,26.0,4689.0,0.0,173.0,1636.0,514.0,525.0,537.0,237.0,1243.0,1304.0,1026.0,919.0,536.0,6701.0,140.0,6841.0,0.0,1.05,0.26,2.98,0.24,70.41,0.0,2.67,22.39,48.31,51.69,100.0,31.97,25.15,30.61,12.27,0.0,61.0,15.0,173.0,14.0,4085.0,0.0,155.0,1299.0,2803.0,2999.0,5802.0,1855.0,1459.0,1776.0,712.0
3545209,0.02,1.83,1.04,9.13,0.03,58.54,0.0,4.62,24.79,48.66,51.34,7.05,7.22,7.96,8.82,2.25,19.38,17.48,14.17,10.59,5.09,100.0,100.0,100.0,100.0,100.0,100.0,100.0,0.0,100.0,100.0,48.66,51.34,7.05,7.22,7.96,8.82,2.25,19.38,17.48,14.17,10.59,5.09,100.0,20.0,2146.0,1220.0,10705.0,39.0,68660.0,0.0,5416.0,29078.0,57065.0,60218.0,8266.0,8465.0,9337.0,10340.0,2639.0,22729.0,20499.0,16619.0,12415.0,5974.0,117283.0,0.02,1.87,1.05,8.85,0.04,59.11,0.0,4.61,24.46,7.76,8.56,9.48,2.42,20.85,18.8,15.24,11.39,5.48,97.35,2.65,100.0,100.0,100.0,100.0,100.0,100.0,100.0,0.0,100.0,100.0,7.76,8.56,9.48,2.42,20.85,18.8,15.24,11.39,5.48,97.35,2.65,100.0,20.0,2036.0,1143.0,9650.0,39.0,64435.0,0.0,5024.0,26671.0,8465.0,9337.0,10340.0,2639.0,22729.0,20499.0,16619.0,12415.0,5974.0,106126.0,2891.0,109017.0,0.02,2.0,1.09,8.0,0.04,59.94,0.0,4.78,24.12,48.07,51.93,100.0,25.19,13.98,39.95,20.88,20.0,1828.0,995.0,7300.0,38.0,54671.0,0.0,4361.0,22003.0,43851.0,47364.0,91215.0,22975.0,12753.0,36444.0,19043.0
3545308,0.0,1.41,0.83,12.49,0.01,36.37,0.06,5.49,43.34,49.22,50.78,7.55,7.49,8.37,8.4,2.23,17.16,16.82,14.07,11.87,6.03,100.0,0.0,100.0,100.0,100.0,100.0,100.0,100.0,100.0,100.0,49.22,50.78,7.55,7.49,8.37,8.4,2.23,17.16,16.83,14.07,11.87,6.03,100.0,0.0,540.0,320.0,4799.0,4.0,13971.0,22.0,2108.0,16649.0,18909.0,19505.0,2902.0,2876.0,3215.0,3227.0,855.0,6591.0,6463.0,5406.0,4561.0,2317.0,38414.0,0.0,1.52,0.87,12.34,0.01,36.73,0.06,5.6,42.87,8.1,9.05,9.09,2.41,18.56,18.2,15.22,12.84,6.52,97.71,2.29,100.0,0.0,100.0,100.0,100.0,100.0,100.0,100.0,100.0,100.0,8.1,9.05,9.09,2.41,18.56,18.2,15.22,12.84,6.52,97.71,2.29,100.0,0.0,540.0,309.0,4383.0,4.0,13043.0,22.0,1989.0,15223.0,2876.0,3215.0,3227.0,855.0,6591.0,6463.0,5406.0,4561.0,2317.0,34698.0,814.0,35512.0,0.0,1.7,0.65,10.42,0.01,37.79,0.07,5.63,43.71,48.65,51.35,100.0,35.55,15.08,37.09,12.29,0.0,499.0,192.0,3067.0,4.0,11119.0,22.0,1657.0,12861.0,14313.0,15107.0,29421.0,10458.0,4436.0,10912.0,3615.0
3545407,0.0,1.21,0.13,3.98,0.06,61.62,0.0,3.37,29.65,49.0,51.02,7.14,6.58,7.37,7.91,2.86,16.39,14.67,14.75,13.55,8.79,100.0,0.0,100.0,100.0,100.0,100.0,100.0,0.0,100.0,100.0,48.99,51.01,7.14,6.57,7.37,7.92,2.86,16.38,14.67,14.74,13.55,8.8,100.0,0.0,95.0,10.0,313.0,5.0,4851.0,0.0,265.0,2334.0,3857.0,4016.0,562.0,518.0,580.0,623.0,225.0,1290.0,1155.0,1161.0,1067.0,692.0,7872.0,0.0,1.09,0.14,3.73,0.07,62.34,0.0,3.49,29.14,7.09,7.93,8.52,3.08,17.65,15.8,15.88,14.6,9.47,92.19,7.81,100.0,0.0,100.0,100.0,100.0,100.0,100.0,0.0,100.0,100.0,7.08,7.93,8.53,3.08,17.64,15.79,15.87,14.6,9.47,92.19,7.81,100.0,0.0,80.0,10.0,273.0,5.0,4557.0,0.0,255.0,2130.0,518.0,580.0,623.0,225.0,1290.0,1155.0,1161.0,1067.0,692.0,6739.0,571.0,7310.0,0.0,1.29,0.16,3.33,0.08,63.83,0.0,3.61,27.68,47.66,52.34,100.0,44.12,12.63,30.32,12.92,0.0,80.0,10.0,207.0,5.0,3966.0,0.0,224.0,1720.0,2961.0,3252.0,6213.0,2741.0,785.0,1884.0,803.0
3545506,0.0,0.0,0.0,3.98,0.0,71.06,0.0,0.83,24.14,50.16,49.84,9.06,7.35,7.7,7.98,2.23,15.74,16.67,15.55,11.42,6.3,100.0,0.0,0.0,0.0,100.0,0.0,100.0,0.0,100.0,100.0,50.16,49.84,9.06,7.35,7.7,7.98,2.23,15.74,16.67,15.55,11.42,6.3,100.0,0.0,0.0,0.0,125.0,0.0,2234.0,0.0,26.0,759.0,1577.0,1567.0,285.0,231.0,242.0,251.0,70.0,495.0,524.0,489.0,359.0,198.0,3144.0,0.0,0.0,0.0,4.02,0.0,71.18,0.0,0.91,23.89,8.08,8.46,8.78,2.45,17.31,18.33,17.1,12.56,6.93,95.84,4.16,100.0,0.0,0.0,0.0,100.0,0.0,100.0,0.0,100.0,100.0,8.08,8.46,8.78,2.45,17.31,18.33,17.1,12.56,6.93,95.84,4.16,100.0,0.0,0.0,0.0,115.0,0.0,2035.0,0.0,26.0,683.0,231.0,242.0,251.0,70.0,495.0,524.0,489.0,359.0,198.0,2740.0,119.0,2859.0,0.0,0.0,0.0,3.73,0.0,70.83,0.0,1.01,24.48,48.99,51.01,100.0,39.48,11.69,36.92,11.9,0.0,0.0,0.0,89.0,0.0,1690.0,0.0,24.0,584.0,1169.0,1217.0,2386.0,942.0,279.0,881.0,284.0
3545605,0.0,2.26,0.11,3.07,0.18,69.27,0.0,1.76,23.34,48.96,51.04,6.51,7.22,7.7,7.88,3.44,16.58,17.43,14.67,11.47,7.1,100.0,0.0,100.0,100.0,100.0,100.0,100.0,0.0,100.0,100.0,48.96,51.04,6.51,7.22,7.7,7.88,3.44,16.58,17.43,14.67,11.47,7.1,100.0,0.0,281.0,14.0,382.0,23.0,8630.0,0.0,219.0,2908.0,6099.0,6359.0,811.0,899.0,959.0,982.0,429.0,2065.0,2172.0,1828.0,1429.0,884.0,12458.0,0.0,2.41,0.12,3.14,0.2,69.22,0.0,1.82,23.09,7.72,8.23,8.43,3.68,17.73,18.65,15.7,12.27,7.59,96.23,3.77,100.0,0.0,100.0,100.0,100.0,100.0,100.0,0.0,100.0,100.0,7.72,8.23,8.43,3.68,17.73,18.65,15.7,12.27,7.59,96.23,3.77,100.0,0.0,281.0,14.0,366.0,23.0,8062.0,0.0,212.0,2689.0,899.0,959.0,982.0,429.0,2065.0,2172.0,1828.0,1429.0,884.0,11208.0,439.0,11647.0,0.0,2.56,0.08,2.68,0.23,70.2,0.0,1.58,22.65,48.53,51.47,100.0,42.25,12.48,31.05,14.22,0.0,251.0,8.0,262.0,23.0,6872.0,0.0,155.0,2217.0,4751.0,5038.0,9789.0,4136.0,1222.0,3039.0,1392.0
3545704,0.04,1.44,0.0,8.21,0.3,61.99,0.0,3.25,24.76,49.78,50.22,6.31,6.18,5.81,7.07,3.77,16.6,15.83,14.79,14.59,9.05,100.0,100.0,100.0,0.0,100.0,100.0,100.0,0.0,100.0,100.0,49.78,50.22,6.31,6.18,5.81,7.07,3.77,16.6,15.83,14.79,14.59,9.05,100.0,2.0,81.0,0.0,462.0,17.0,3488.0,0.0,183.0,1393.0,2801.0,2826.0,355.0,348.0,327.0,398.0,212.0,934.0,891.0,832.0,821.0,509.0,5627.0,0.04,1.46,0.0,8.14,0.32,62.08,0.0,3.32,24.64,6.6,6.2,7.55,4.02,17.72,16.9,15.78,15.57,9.65,92.53,7.47,100.0,100.0,100.0,0.0,100.0,100.0,100.0,0.0,100.0,100.0,6.6,6.2,7.55,4.02,17.72,16.9,15.78,15.57,9.65,92.53,7.47,100.0,2.0,77.0,0.0,429.0,17.0,3273.0,0.0,175.0,1299.0,348.0,327.0,398.0,212.0,934.0,891.0,832.0,821.0,509.0,4878.0,394.0,5272.0,0.0,1.68,0.0,6.96,0.24,63.8,0.0,3.11,24.21,49.29,50.71,100.0,46.49,12.94,25.08,15.49,0.0,77.0,0.0,320.0,11.0,2933.0,0.0,143.0,1113.0,2266.0,2331.0,4597.0,2137.0,595.0,1153.0,712.0
3545803,0.03,1.15,0.74,5.31,0.06,55.98,0.01,4.72,32.01,48.85,51.15,6.21,6.5,7.79,8.33,2.49,17.72,16.75,15.66,12.51,6.04,100.0,100.0,100.0,100.0,100.0,100.0,100.0,100.0,100.0,100.0,48.85,51.15,6.21,6.5,7.79,8.33,2.49,17.72,16.75,15.66,12.51,6.04,100.0,41.0,1872.0,1209.0,8666.0,91.0,91304.0,11.0,7696.0,52201.0,79665.0,83426.0,10130.0,10608.0,12699.0,13588.0,4057.0,28893.0,27325.0,25548.0,20398.0,9845.0,163091.0,0.03,1.17,0.71,5.33,0.06,56.45,0.01,4.64,31.61,6.94,8.3,8.88,2.65,18.89,17.86,16.7,13.34,6.44,97.48,2.53,100.0,100.0,100.0,100.0,100.0,100.0,100.0,100.0,100.0,100.0,6.94,8.3,8.88,2.65,18.89,17.86,16.7,13.34,6.44,97.47,2.53,100.0,41.0,1791.0,1092.0,8150.0,91.0,86341.0,11.0,7097.0,48348.0,10608.0,12699.0,13588.0,4057.0,28893.0,27325.0,25548.0,20398.0,9845.0,149099.0,3863.0,152961.0,0.02,1.2,0.69,4.71,0.07,57.75,0.0,4.54,31.01,47.95,52.05,100.0,30.92,14.18,38.76,16.14,30.0,1554.0,898.0,6103.0,91.0,74881.0,0.0,5889.0,40208.0,62169.0,67485.0,129655.0,40089.0,18388.0,50251.0,20927.0
3546009,0.05,1.4,1.09,4.38,0.0,63.61,0.0,1.77,27.71,49.73,50.27,6.77,7.31,7.47,7.49,3.01,15.38,16.09,16.27,13.05,7.17,100.0,100.0,100.0,100.0,100.0,0.0,100.0,0.0,100.0,100.0,49.73,50.27,6.77,7.31,7.47,7.49,3.01,15.38,16.09,16.27,13.05,7.17,100.0,6.0,174.0,136.0,546.0,0.0,7927.0,0.0,220.0,3453.0,6197.0,6265.0,844.0,911.0,931.0,933.0,375.0,1917.0,2005.0,2027.0,1626.0,893.0,12462.0,0.05,1.36,1.09,4.56,0.0,64.31,0.0,1.77,26.85,7.84,8.01,8.03,3.23,16.5,17.26,17.45,14.0,7.69,94.83,5.17,100.0,100.0,100.0,100.0,100.0,0.0,100.0,0.0,100.0,100.0,7.84,8.01,8.03,3.23,16.5,17.26,17.45,14.0,7.69,94.82,5.18,100.0,6.0,158.0,127.0,530.0,0.0,7471.0,0.0,206.0,3120.0,911.0,931.0,933.0,375.0,1917.0,2005.0,2027.0,1626.0,893.0,11017.0,601.0,11618.0,0.06,1.37,0.55,3.94,0.0,65.84,0.0,1.81,26.41,49.46,50.54,100.0,34.92,14.22,36.86,14.0,6.0,134.0,54.0,385.0,0.0,6437.0,0.0,177.0,2582.0,4835.0,4941.0,9776.0,3414.0,1390.0,3603.0,1369.0
3546108,0.0,1.59,0.18,6.58,0.66,62.84,0.0,1.94,26.21,50.0,50.0,7.68,6.18,7.15,7.28,3.31,16.68,16.68,13.77,13.42,7.86,100.0,0.0,100.0,100.0,100.0,100.0,100.0,0.0,100.0,100.0,50.0,50.0,7.68,6.18,7.15,7.28,3.31,16.68,16.68,13.77,13.42,7.86,100.0,0.0,36.0,4.0,149.0,15.0,1424.0,0.0,44.0,594.0,1133.0,1133.0,174.0,140.0,162.0,165.0,75.0,378.0,378.0,312.0,304.0,178.0,2266.0,0.0,1.72,0.19,6.6,0.38,63.67,0.0,1.91,25.57,6.69,7.74,7.89,3.59,18.07,18.07,14.91,14.53,8.51,95.17,4.83,100.0,0.0,100.0,100.0,100.0,100.0,100.0,0.0,100.0,100.0,6.69,7.74,7.89,3.59,18.07,18.07,14.91,14.53,8.51,95.17,4.83,100.0,0.0,36.0,4.0,138.0,8.0,1332.0,0.0,40.0,535.0,140.0,162.0,165.0,75.0,378.0,378.0,312.0,304.0,178.0,1991.0,101.0,2092.0,0.0,1.9,0.0,5.7,0.22,64.58,0.0,2.07,25.59,49.39,50.61,100.0,42.96,14.75,26.03,16.26,0.0,34.0,0.0,102.0,4.0,1156.0,0.0,37.0,458.0,884.0,906.0,1790.0,769.0,264.0,466.0,291.0
3546207,0.0,3.23,2.32,5.68,0.0,65.82,0.0,2.25,20.68,48.94,51.06,6.12,6.27,6.45,5.34,4.26,14.64,16.68,16.31,14.97,8.96,100.0,0.0,100.0,100.0,100.0,0.0,100.0,0.0,100.0,100.0,48.94,51.06,6.12,6.27,6.45,5.34,4.26,14.64,16.68,16.31,14.97,8.96,100.0,0.0,125.0,90.0,220.0,0.0,2550.0,0.0,87.0,801.0,1896.0,1978.0,237.0,243.0,250.0,207.0,165.0,567.0,646.0,632.0,580.0,347.0,3874.0,0.0,3.35,2.28,5.55,0.0,66.51,0.0,2.23,20.07,6.68,6.87,5.69,4.54,15.59,17.76,17.38,15.95,9.54,96.65,3.35,100.0,0.0,100.0,100.0,100.0,0.0,100.0,0.0,100.0,100.0,6.68,6.87,5.69,4.54,15.59,17.76,17.38,15.95,9.54,96.66,3.34,100.0,0.0,122.0,83.0,202.0,0.0,2419.0,0.0,81.0,730.0,243.0,250.0,207.0,165.0,567.0,646.0,632.0,580.0,347.0,3515.0,122.0,3637.0,0.0,3.44,2.04,4.68,0.0,68.1,0.0,2.16,19.59,48.25,51.75,100.0,32.25,15.59,32.51,19.66,0.0,108.0,64.0,147.0,0.0,2141.0,0.0,68.0,616.0,1517.0,1627.0,3144.0,1014.0,490.0,1022.0,618.0
3546256,0.0,0.92,0.92,2.48,0.0,62.2,0.0,4.31,29.19,49.54,50.46,7.97,7.38,6.62,8.72,3.72,15.29,13.62,14.86,13.09,8.72,100.0,0.0,100.0,100.0,100.0,0.0,100.0,0.0,100.0,100.0,49.54,50.46,7.97,7.38,6.62,8.72,3.72,15.29,13.62,14.86,13.09,8.72,100.0,0.0,17.0,17.0,46.0,0.0,1155.0,0.0,80.0,542.0,920.0,937.0,148.0,137.0,123.0,162.0,69.0,284.0,253.0,276.0,243.0,162.0,1857.0,0.0,0.99,0.88,2.69,0.0,62.49,0.0,4.27,28.67,8.02,7.2,9.48,4.04,16.62,14.8,16.15,14.22,9.48,96.96,3.04,100.0,0.0,100.0,100.0,100.0,0.0,100.0,0.0,100.0,100.0,8.02,7.2,9.48,4.04,16.62,14.8,16.15,14.22,9.48,96.96,3.04,100.0,0.0,17.0,15.0,46.0,0.0,1068.0,0.0,73.0,490.0,137.0,123.0,162.0,69.0,284.0,253.0,276.0,243.0,162.0,1657.0,52.0,1709.0,0.0,1.17,0.76,2.55,0.0,64.6,0.0,4.35,26.57,48.1,51.9,100.0,37.47,16.7,34.37,11.53,0.0,17.0,11.0,37.0,0.0,936.0,0.0,63.0,385.0,697.0,752.0,1449.0,543.0,242.0,498.0,167.0
3546306,0.0,0.24,0.39,4.94,0.07,70.4,0.0,1.66,22.29,49.04,50.96,6.99,7.78,8.0,8.26,2.71,18.3,16.65,14.51,10.95,5.86,100.0,0.0,100.0,100.0,100.0,100.0,100.0,0.0,100.0,100.0,49.04,50.96,6.99,7.78,8.0,8.26,2.71,18.3,16.65,14.51,10.95,5.86,100.0,0.0,62.0,98.0,1256.0,18.0,17890.0,0.0,422.0,5664.0,12462.0,12949.0,1775.0,1977.0,2034.0,2099.0,688.0,4651.0,4230.0,3686.0,2782.0,1489.0,25411.0,0.0,0.26,0.41,4.73,0.08,70.96,0.0,1.67,21.89,8.36,8.61,8.88,2.91,19.68,17.9,15.59,11.77,6.3,95.27,4.73,100.0,0.0,100.0,100.0,100.0,100.0,100.0,0.0,100.0,100.0,8.36,8.61,8.88,2.91,19.68,17.9,15.59,11.77,6.3,95.27,4.73,100.0,0.0,62.0,98.0,1118.0,18.0,16771.0,0.0,395.0,5174.0,1977.0,2034.0,2099.0,688.0,4651.0,4230.0,3686.0,2782.0,1489.0,22517.0,1119.0,23636.0,0.0,0.3,0.42,4.09,0.05,73.45,0.0,1.47,20.23,48.64,51.36,100.0,41.66,17.18,27.04,14.12,0.0,58.0,83.0,803.0,9.0,14414.0,0.0,289.0,3970.0,9545.0,10080.0,19625.0,8176.0,3372.0,5306.0,2771.0
3546405,0.0,0.82,0.51,2.18,0.1,73.36,0.0,1.83,21.2,48.24,51.76,7.31,7.52,7.9,7.8,3.52,16.78,16.04,14.48,11.59,7.05,100.0,0.0,100.0,100.0,100.0,100.0,100.0,0.0,100.0,100.0,48.24,51.76,7.31,7.52,7.9,7.8,3.52,16.78,16.04,14.48,11.59,7.05,100.0,0.0,335.0,207.0,890.0,40.0,29963.0,0.0,749.0,8659.0,19704.0,21139.0,2985.0,3072.0,3225.0,3187.0,1439.0,6854.0,6552.0,5915.0,4733.0,2881.0,40843.0,0.0,0.85,0.48,2.14,0.08,74.2,0.0,1.88,20.38,8.11,8.52,8.42,3.8,18.1,17.31,15.62,12.5,7.61,96.09,3.91,100.0,0.0,100.0,100.0,100.0,100.0,100.0,0.0,100.0,100.0,8.11,8.52,8.42,3.8,18.1,17.31,15.62,12.5,7.61,96.08,3.92,100.0,0.0,322.0,180.0,811.0,29.0,28092.0,0.0,710.0,7714.0,3072.0,3225.0,3187.0,1439.0,6854.0,6552.0,5915.0,4733.0,2881.0,36376.0,1482.0,37858.0,0.0,0.94,0.44,1.94,0.09,75.36,0.0,1.79,19.44,47.57,52.43,100.0,33.7,14.26,32.15,19.89,0.0,297.0,139.0,613.0,29.0,23783.0,0.0,564.0,6135.0,15014.0,16547.0,31561.0,10635.0,4502.0,10146.0,6278.0
3546504,0.0,0.3,0.24,8.03,0.22,60.28,0.0,2.94,27.97,50.04,49.96,7.42,7.75,8.61,9.76,2.03,18.53,16.64,14.46,9.87,4.94,100.0,0.0,100.0,100.0,100.0,100.0,100.0,0.0,100.0,100.0,50.04,49.96,7.42,7.75,8.61,9.76,2.03,18.53,16.64,14.46,9.87,4.94,100.0,0.0,16.0,13.0,432.0,12.0,3243.0,0.0,158.0,1505.0,2692.0,2688.0,399.0,417.0,463.0,525.0,109.0,997.0,895.0,778.0,531.0,266.0,5380.0,0.0,0.32,0.26,8.01,0.24,61.01,0.0,2.83,27.3,8.37,9.3,10.54,2.19,20.02,17.97,15.62,10.66,5.34,96.37,3.63,100.0,0.0,100.0,100.0,100.0,100.0,100.0,0.0,100.0,100.0,8.37,9.3,10.54,2.19,20.02,17.97,15.62,10.66,5.34,96.36,3.64,100.0,0.0,16.0,13.0,399.0,12.0,3039.0,0.0,141.0,1360.0,417.0,463.0,525.0,109.0,997.0,895.0,778.0,531.0,266.0,4800.0,181.0,4981.0,0.0,0.34,0.15,7.32,0.29,61.38,0.0,2.58,27.94,49.33,50.67,100.0,32.97,13.34,38.41,15.29,0.0,14.0,6.0,300.0,12.0,2517.0,0.0,106.0,1146.0,2023.0,2078.0,4101.0,1352.0,547.0,1575.0,627.0
3546603,0.06,4.0,0.41,6.35,0.04,53.82,0.0,4.86,30.47,47.7,52.3,6.34,6.44,7.54,7.79,3.56,16.39,16.82,15.16,12.34,7.63,100.0,100.0,100.0,100.0,100.0,100.0,100.0,0.0,100.0,100.0,47.7,52.3,6.34,6.44,7.54,7.79,3.56,16.39,16.82,15.16,12.34,7.63,100.0,19.0,1232.0,126.0,1959.0,11.0,16594.0,0.0,1498.0,9396.0,14707.0,16128.0,1954.0,1985.0,2326.0,2401.0,1097.0,5053.0,5185.0,4676.0,3805.0,2353.0,30835.0,0.07,4.06,0.35,6.36,0.04,54.37,0.0,4.74,30.0,6.87,8.05,8.31,3.8,17.5,17.95,16.19,13.17,8.15,96.37,3.63,100.0,100.0,100.0,100.0,100.0,100.0,100.0,0.0,100.0,100.0,6.87,8.05,8.31,3.8,17.5,17.95,16.19,13.17,8.15,96.37,3.63,100.0,19.0,1174.0,100.0,1838.0,11.0,15704.0,0.0,1370.0,8665.0,1985.0,2326.0,2401.0,1097.0,5053.0,5185.0,4676.0,3805.0,2353.0,27832.0,1049.0,28881.0,0.04,4.42,0.3,5.48,0.04,56.11,0.0,4.71,28.9,46.91,53.09,100.0,30.5,12.11,31.59,25.8,10.0,1086.0,74.0,1346.0,11.0,13785.0,0.0,1157.0,7101.0,11527.0,13043.0,24570.0,7495.0,2975.0,7762.0,6338.0
3546702,0.0,0.7,0.41,5.67,0.09,54.78,0.0,3.47,34.89,50.15,49.85,7.88,8.23,10.36,10.12,2.02,18.95,17.26,12.88,7.98,4.32,100.0,0.0,100.0,100.0,100.0,100.0,100.0,0.0,100.0,100.0,50.15,49.85,7.88,8.23,10.36,10.12,2.02,18.95,17.26,12.88,7.98,4.32,100.0,0.0,144.0,83.0,1161.0,18.0,11211.0,0.0,710.0,7140.0,10264.0,10201.0,1612.0,1685.0,2120.0,2072.0,413.0,3878.0,3532.0,2635.0,1633.0,885.0,20465.0,0.0,0.71,0.44,5.47,0.1,56.08,0.0,3.25,33.95,8.94,11.24,10.99,2.19,20.57,18.73,13.98,8.66,4.69,97.22,2.78,100.0,0.0,100.0,100.0,100.0,100.0,100.0,0.0,100.0,100.0,8.94,11.24,10.99,2.19,20.57,18.73,13.98,8.66,4.69,97.22,2.78,100.0,0.0,134.0,83.0,1032.0,18.0,10573.0,0.0,613.0,6401.0,1685.0,2120.0,2072.0,413.0,3878.0,3532.0,2635.0,1633.0,885.0,18328.0,525.0,18853.0,0.0,0.89,0.11,4.55,0.06,58.26,0.0,3.38,32.74,49.89,50.11,100.0,30.08,21.09,37.59,11.24,0.0,134.0,17.0,684.0,9.0,8767.0,0.0,508.0,4927.0,7508.0,7540.0,15048.0,4526.0,3174.0,5657.0,1691.0
3546801,0.0,1.92,1.82,7.38,0.2,49.45,0.0,5.03,34.19,49.16,50.84,7.57,7.7,8.58,8.02,2.35,16.93,17.03,14.88,11.22,5.72,100.0,0.0,100.0,100.0,100.0,100.0,100.0,0.0,100.0,100.0,49.16,50.84,7.57,7.7,8.58,8.02,2.35,16.93,17.03,14.88,11.22,5.72,100.0,0.0,897.0,851.0,3446.0,93.0,23077.0,0.0,2346.0,15958.0,22942.0,23727.0,3532.0,3594.0,4003.0,3741.0,1097.0,7903.0,7948.0,6945.0,5237.0,2669.0,46669.0,0.0,1.91,1.75,7.29,0.18,50.17,0.0,5.05,33.66,8.33,9.28,8.67,2.54,18.32,18.43,16.1,12.14,6.19,95.19,4.81,100.0,0.0,100.0,100.0,100.0,100.0,100.0,0.0,100.0,100.0,8.33,9.28,8.67,2.54,18.32,18.43,16.1,12.14,6.19,95.19,4.81,100.0,0.0,823.0,753.0,3143.0,79.0,21641.0,0.0,2178.0,14520.0,3594.0,4003.0,3741.0,1097.0,7903.0,7948.0,6945.0,5237.0,2669.0,41061.0,2076.0,43137.0,0.0,1.98,1.64,6.79,0.18,51.62,0.0,4.88,32.91,48.38,51.62,100.0,32.63,13.22,38.52,15.62,0.0,704.0,582.0,2414.0,65.0,18345.0,0.0,1735.0,11695.0,17194.0,18346.0,35540.0,11598.0,4700.0,13689.0,5552.0
3546900,0.0,0.66,0.58,8.3,0.0,62.07,0.0,1.71,26.67,48.3,51.7,5.93,7.27,7.43,8.53,3.07,19.96,14.88,16.72,11.53,4.68,100.0,0.0,100.0,100.0,100.0,0.0,100.0,0.0,100.0,100.0,48.3,51.7,5.94,7.27,7.43,8.53,3.06,19.96,14.87,16.72,11.53,4.68,100.0,0.0,41.0,36.0,514.0,0.0,3843.0,0.0,106.0,1651.0,2990.0,3201.0,367.0,450.0,460.0,528.0,190.0,1236.0,921.0,1035.0,714.0,290.0,6191.0,0.0,0.62,0.62,7.86,0.0,62.26,0.0,1.67,26.96,7.73,7.9,9.07,3.26,21.22,15.81,17.77,12.26,4.98,94.92,5.07,100.0,0.0,100.0,100.0,100.0,0.0,100.0,0.0,100.0,100.0,7.73,7.9,9.07,3.26,21.22,15.81,17.78,12.26,4.98,94.93,5.07,100.0,0.0,36.0,36.0,458.0,0.0,3626.0,0.0,97.0,1570.0,450.0,460.0,528.0,190.0,1236.0,921.0,1035.0,714.0,290.0,5528.0,295.0,5824.0,0.0,0.63,0.63,6.84,0.0,63.63,0.0,1.87,26.42,47.89,52.11,100.0,38.04,15.84,38.12,8.02,0.0,31.0,31.0,336.0,0.0,3126.0,0.0,92.0,1298.0,2353.0,2560.0,4913.0,1869.0,778.0,1873.0,394.0
3547007,0.0,0.24,0.4,9.12,0.0,59.79,0.0,1.49,28.93,49.68,50.32,8.38,8.31,7.21,8.9,2.86,18.11,15.06,14.31,11.19,5.67,100.0,0.0,100.0,100.0,100.0,0.0,100.0,0.0,100.0,100.0,49.68,50.32,8.38,8.31,7.21,8.9,2.86,18.11,15.06,14.31,11.19,5.67,100.0,0.0,11.0,18.0,415.0,0.0,2720.0,0.0,68.0,1316.0,2260.0,2289.0,381.0,378.0,328.0,405.0,130.0,824.0,685.0,651.0,509.0,258.0,4549.0,0.0,0.26,0.43,8.69,0.0,60.24,0.0,1.56,28.81,9.07,7.87,9.72,3.12,19.77,16.43,15.62,12.21,6.19,93.98,6.02,100.0,0.0,100.0,100.0,100.0,0.0,100.0,0.0,100.0,100.0,9.07,7.87,9.72,3.12,19.77,16.43,15.62,12.21,6.19,93.98,6.02,100.0,0.0,11.0,18.0,362.0,0.0,2511.0,0.0,65.0,1201.0,378.0,328.0,405.0,130.0,824.0,685.0,651.0,509.0,258.0,3917.0,251.0,4168.0,0.0,0.32,0.26,7.91,0.0,60.34,0.0,1.65,29.52,50.38,49.62,100.0,44.92,16.03,29.61,9.45,0.0,11.0,9.0,274.0,0.0,2089.0,0.0,57.0,1022.0,1744.0,1718.0,3462.0,1555.0,555.0,1025.0,327.0
3547106,0.0,0.19,0.0,8.3,0.0,57.43,0.0,0.81,33.22,49.36,50.64,7.1,7.61,6.25,7.61,3.73,16.8,15.99,15.79,12.61,6.52,100.0,0.0,100.0,0.0,100.0,0.0,100.0,0.0,100.0,100.0,49.36,50.64,7.1,7.61,6.25,7.61,3.73,16.8,15.99,15.79,12.61,6.52,100.0,0.0,5.0,0.0,214.0,0.0,1480.0,0.0,21.0,856.0,1272.0,1305.0,183.0,196.0,161.0,196.0,96.0,433.0,412.0,407.0,325.0,168.0,2577.0,0.0,0.21,0.0,8.15,0.0,57.85,0.0,0.88,32.87,8.19,6.73,8.19,4.01,18.09,17.21,17.0,13.58,7.02,95.91,4.09,100.0,0.0,100.0,0.0,100.0,0.0,100.0,0.0,100.0,100.0,8.19,6.73,8.19,4.01,18.09,17.21,17.0,13.58,7.02,95.9,4.1,100.0,0.0,5.0,0.0,195.0,0.0,1385.0,0.0,21.0,787.0,196.0,161.0,196.0,96.0,433.0,412.0,407.0,325.0,168.0,2296.0,98.0,2394.0,0.0,0.25,0.0,6.92,0.0,58.86,0.0,1.03,32.94,48.65,51.35,100.0,35.05,18.11,35.84,10.95,0.0,5.0,0.0,141.0,0.0,1199.0,0.0,21.0,671.0,991.0,1046.0,2037.0,714.0,369.0,730.0,223.0
3547205,0.0,2.09,0.13,7.51,0.59,59.37,0.0,3.2,27.17,50.16,49.84,5.68,5.88,4.9,5.03,5.75,12.02,15.35,17.7,16.92,10.78,100.0,0.0,100.0,100.0,100.0,100.0,100.0,0.0,100.0,100.0,50.19,49.81,5.68,5.88,4.9,5.03,5.75,12.02,15.35,17.7,16.92,10.78,100.0,0.0,32.0,2.0,115.0,9.0,909.0,0.0,49.0,416.0,768.0,763.0,87.0,90.0,75.0,77.0,88.0,184.0,235.0,271.0,259.0,165.0,1531.0,0.0,2.22,0.14,7.48,0.62,59.56,0.0,3.25,26.73,6.23,5.19,5.33,6.09,12.74,16.27,18.77,17.94,11.43,94.04,5.96,100.0,0.0,100.0,100.0,100.0,100.0,100.0,0.0,100.0,100.0,6.23,5.19,5.33,6.09,12.74,16.27,18.77,17.94,11.43,94.03,5.97,100.0,0.0,32.0,2.0,108.0,9.0,860.0,0.0,47.0,386.0,90.0,75.0,77.0,88.0,184.0,235.0,271.0,259.0,165.0,1358.0,86.0,1444.0,0.0,2.35,0.16,7.04,0.23,60.99,0.0,3.52,25.8,48.94,51.06,100.0,43.24,13.29,31.04,12.43,0.0,30.0,2.0,90.0,3.0,780.0,0.0,45.0,330.0,626.0,653.0,1279.0,553.0,170.0,397.0,159.0
3547304,0.01,3.15,0.81,13.62,0.04,46.06,0.0,6.01,30.3,48.0,52.0,8.68,8.2,8.11,8.04,1.79,18.38,18.95,13.69,9.54,4.62,100.0,100.0,100.0,100.0,100.0,100.0,100.0,0.0,100.0,100.0,48.0,52.0,8.68,8.2,8.11,8.04,1.79,18.38,18.95,13.69,9.54,4.62,100.0,13.0,4189.0,1082.0,18106.0,53.0,61240.0,0.0,7986.0,40292.0,63821.0,69140.0,11543.0,10908.0,10784.0,10691.0,2380.0,24433.0,25201.0,18201.0,12679.0,6142.0,132961.0,0.01,3.2,0.76,13.43,0.04,46.57,0.0,5.96,30.03,8.98,8.88,8.81,1.96,20.12,20.76,14.99,10.44,5.06,97.29,2.71,100.0,100.0,100.0,100.0,100.0,100.0,100.0,0.0,100.0,100.0,8.98,8.88,8.8,1.96,20.12,20.76,14.99,10.44,5.06,97.29,2.71,100.0,13.0,3882.0,925.0,16303.0,53.0,56544.0,0.0,7236.0,36463.0,10908.0,10784.0,10691.0,2380.0,24433.0,25201.0,18201.0,12679.0,6142.0,118133.0,3285.0,121418.0,0.01,3.56,0.78,12.18,0.05,48.16,0.0,5.78,29.46,47.21,52.79,100.0,20.04,10.38,36.51,33.06,13.0,3555.0,780.0,12151.0,53.0,48026.0,0.0,5767.0,29382.0,47077.0,52649.0,99726.0,19990.0,10354.0,36412.0,32971.0
3547403,0.0,2.97,0.24,2.52,0.0,75.43,0.0,1.71,17.1,48.54,51.46,4.83,6.17,6.62,5.48,5.04,14.18,14.99,16.49,15.68,10.52,100.0,0.0,100.0,100.0,100.0,0.0,100.0,0.0,100.0,100.0,48.54,51.46,4.83,6.17,6.62,5.48,5.04,14.18,14.99,16.49,15.68,10.52,100.0,0.0,73.0,6.0,62.0,0.0,1857.0,0.0,42.0,421.0,1195.0,1267.0,119.0,152.0,163.0,135.0,124.0,349.0,369.0,406.0,386.0,259.0,2462.0,0.0,3.03,0.26,2.56,0.0,76.1,0.0,1.58,16.47,6.49,6.96,5.76,5.29,14.9,15.75,17.33,16.47,11.05,92.79,7.21,100.0,0.0,100.0,100.0,100.0,0.0,100.0,0.0,100.0,100.0,6.49,6.96,5.76,5.29,14.9,15.75,17.33,16.47,11.05,92.77,7.23,100.0,0.0,71.0,6.0,60.0,0.0,1783.0,0.0,37.0,386.0,152.0,163.0,135.0,124.0,349.0,369.0,406.0,386.0,259.0,2174.0,169.0,2343.0,0.0,2.76,0.3,2.12,0.0,76.18,0.0,1.58,17.06,48.27,51.73,100.0,47.24,9.91,23.42,19.43,0.0,56.0,6.0,43.0,0.0,1545.0,0.0,32.0,346.0,979.0,1049.0,2028.0,958.0,201.0,475.0,394.0
3547502,0.0,3.8,1.19,4.03,0.0,61.38,0.0,3.88,25.71,47.78,52.22,5.9,6.23,6.32,6.21,4.97,14.9,16.42,15.82,14.32,8.91,100.0,0.0,100.0,100.0,100.0,0.0,100.0,0.0,100.0,100.0,47.78,52.22,5.9,6.23,6.32,6.21,4.97,14.9,16.42,15.82,14.32,8.91,100.0,0.0,852.0,268.0,905.0,0.0,13771.0,0.0,871.0,5769.0,10720.0,11716.0,1323.0,1398.0,1419.0,1393.0,1114.0,3344.0,3685.0,3549.0,3212.0,1999.0,22436.0,0.0,3.98,1.14,4.09,0.0,61.76,0.0,4.09,24.94,6.62,6.72,6.6,5.28,15.84,17.45,16.81,15.21,9.47,96.81,3.19,100.0,0.0,100.0,100.0,100.0,0.0,100.0,0.0,100.0,100.0,6.62,6.72,6.6,5.28,15.84,17.45,16.81,15.21,9.47,96.81,3.19,100.0,0.0,841.0,240.0,864.0,0.0,13039.0,0.0,863.0,5266.0,1398.0,1419.0,1393.0,1114.0,3344.0,3685.0,3549.0,3212.0,1999.0,20439.0,674.0,21113.0,0.0,4.2,1.16,3.92,0.0,62.71,0.0,3.82,24.17,47.25,52.75,100.0,31.7,15.66,32.65,19.99,0.0,769.0,213.0,718.0,0.0,11473.0,0.0,699.0,4423.0,8644.0,9652.0,18296.0,5799.0,2865.0,5973.0,3658.0
3547601,0.0,1.7,0.44,7.96,0.05,61.29,0.0,2.75,25.82,47.91,52.09,7.16,7.02,7.35,7.04,3.33,16.2,17.1,14.64,12.71,7.44,100.0,0.0,100.0,100.0,100.0,100.0,100.0,0.0,100.0,100.0,47.91,52.09,7.16,7.02,7.35,7.04,3.33,16.2,17.1,14.64,12.72,7.43,100.0,0.0,354.0,91.0,1662.0,10.0,12793.0,0.0,574.0,5390.0,10000.0,10873.0,1495.0,1466.0,1535.0,1470.0,696.0,3382.0,3569.0,3055.0,2654.0,1552.0,20873.0,0.0,1.83,0.42,7.36,0.05,61.86,0.0,2.7,25.78,7.57,7.92,7.59,3.59,17.45,18.42,15.77,13.7,8.01,97.25,2.75,100.0,0.0,100.0,100.0,100.0,100.0,100.0,0.0,100.0,100.0,7.57,7.92,7.59,3.59,17.45,18.42,15.77,13.7,8.01,97.25,2.75,100.0,0.0,354.0,82.0,1427.0,10.0,11987.0,0.0,523.0,4996.0,1466.0,1535.0,1470.0,696.0,3382.0,3569.0,3055.0,2654.0,1552.0,18845.0,532.0,19378.0,0.0,1.87,0.43,6.58,0.06,63.01,0.0,2.92,25.13,47.46,52.54,100.0,32.52,15.61,36.63,15.24,0.0,306.0,71.0,1078.0,10.0,10319.0,0.0,478.0,4115.0,7772.0,8605.0,16377.0,5325.0,2557.0,5999.0,2496.0
3547650,0.0,0.68,0.34,2.23,0.0,61.96,0.0,2.84,31.96,49.66,50.34,6.35,6.69,6.35,5.81,4.73,13.51,16.76,16.35,13.99,9.46,100.0,0.0,100.0,100.0,100.0,0.0,100.0,0.0,100.0,100.0,49.66,50.34,6.35,6.69,6.35,5.81,4.73,13.51,16.76,16.35,13.99,9.46,100.0,0.0,10.0,5.0,33.0,0.0,917.0,0.0,42.0,473.0,735.0,745.0,94.0,99.0,94.0,86.0,70.0,200.0,248.0,242.0,207.0,140.0,1480.0,0.0,0.65,0.36,2.24,0.0,63.06,0.0,2.38,31.31,7.14,6.78,6.2,5.05,14.43,17.89,17.46,14.94,10.1,95.96,4.04,100.0,0.0,100.0,100.0,100.0,0.0,100.0,0.0,100.0,100.0,7.14,6.78,6.2,5.05,14.43,17.89,17.46,14.94,10.1,95.95,4.05,100.0,0.0,9.0,5.0,31.0,0.0,874.0,0.0,33.0,434.0,99.0,94.0,86.0,70.0,200.0,248.0,242.0,207.0,140.0,1330.0,56.0,1386.0,0.0,0.67,0.25,1.59,0.0,63.62,0.0,2.6,31.27,48.87,51.13,100.0,43.59,10.56,31.52,14.25,0.0,8.0,3.0,19.0,0.0,759.0,0.0,31.0,373.0,583.0,610.0,1193.0,520.0,126.0,376.0,170.0
3547700,0.0,0.96,0.29,3.45,0.0,64.3,0.0,4.49,26.51,47.71,52.29,6.28,6.85,7.0,7.29,4.45,14.54,15.56,17.11,12.87,8.05,100.0,0.0,100.0,100.0,100.0,0.0,100.0,0.0,100.0,100.0,47.71,52.29,6.28,6.85,7.0,7.29,4.45,14.54,15.56,17.11,12.87,8.05,100.0,0.0,154.0,47.0,556.0,0.0,10354.0,0.0,723.0,4268.0,7683.0,8419.0,1011.0,1103.0,1127.0,1174.0,717.0,2341.0,2505.0,2755.0,2072.0,1297.0,16102.0,0.0,1.02,0.31,3.6,0.0,64.59,0.0,4.63,25.85,7.31,7.47,7.78,4.75,15.51,16.6,18.26,13.73,8.59,96.09,3.91,100.0,0.0,100.0,100.0,100.0,0.0,100.0,0.0,100.0,100.0,7.31,7.47,7.78,4.75,15.51,16.6,18.26,13.73,8.59,96.09,3.91,100.0,0.0,154.0,47.0,543.0,0.0,9748.0,0.0,699.0,3901.0,1103.0,1127.0,1174.0,717.0,2341.0,2505.0,2755.0,2072.0,1297.0,14501.0,590.0,15091.0,0.0,1.2,0.37,2.81,0.0,65.81,0.0,4.67,25.15,46.75,53.25,100.0,32.54,11.59,35.18,20.7,0.0,154.0,47.0,362.0,0.0,8464.0,0.0,601.0,3234.0,6012.0,6849.0,12861.0,4185.0,1490.0,4524.0,2662.0
3547809,0.18,3.89,1.91,10.23,0.21,51.19,0.01,6.19,26.18,46.97,53.03,6.29,6.61,7.4,7.78,3.38,18.1,17.64,14.72,11.51,6.58,100.0,100.0,100.0,100.0,100.0,100.0,100.0,100.0,100.0,100.0,46.97,53.03,6.29,6.61,7.4,7.78,3.38,18.1,17.64,14.72,11.51,6.58,100.0,1234.0,26079.0,12820.0,68539.0,1387.0,342958.0,75.0,41472.0,175427.0,314675.0,355315.0,42120.0,44263.0,49561.0,52132.0,22668.0,121275.0,118177.0,98655.0,77087.0,44052.0,669990.0,0.18,3.99,1.93,10.07,0.2,51.58,0.01,6.17,25.87,7.05,7.89,8.3,3.61,19.32,18.82,15.71,12.28,7.02,98.18,1.82,100.0,100.0,100.0,100.0,100.0,100.0,100.0,100.0,100.0,100.0,7.05,7.89,8.3,3.61,19.32,18.82,15.71,12.28,7.02,98.18,1.82,100.0,1108.0,25057.0,12133.0,63213.0,1260.0,323847.0,48.0,38752.0,162452.0,44263.0,49561.0,52132.0,22668.0,121275.0,118177.0,98655.0,77087.0,44052.0,616463.0,11407.0,627870.0,0.18,4.21,1.9,9.26,0.19,52.85,0.01,6.18,25.22,45.95,54.05,100.0,19.81,11.66,37.41,31.12,950.0,22480.0,10163.0,49454.0,1024.0,282231.0,48.0,33027.0,134670.0,245417.0,288629.0,534046.0,105795.0,62267.0,199803.0,166181.0
3547908,0.0,2.04,0.02,3.94,0.03,73.89,0.0,1.63,18.47,50.72,49.28,7.04,6.82,7.86,7.66,3.1,16.25,15.42,14.48,13.5,7.88,100.0,0.0,100.0,100.0,100.0,100.0,100.0,0.0,100.0,100.0,50.72,49.28,7.04,6.82,7.86,7.66,3.1,16.25,15.42,14.48,13.5,7.88,100.0,0.0,121.0,1.0,234.0,2.0,4389.0,0.0,97.0,1097.0,3013.0,2927.0,418.0,405.0,467.0,455.0,184.0,965.0,916.0,860.0,802.0,468.0,5940.0,0.0,2.14,0.02,3.89,0.0,74.25,0.0,1.61,18.09,7.33,8.46,8.24,3.33,17.48,16.59,15.57,14.52,8.48,96.02,3.98,100.0,0.0,100.0,100.0,100.0,0.0,100.0,0.0,100.0,100.0,7.33,8.46,8.24,3.33,17.48,16.59,15.57,14.52,8.48,96.02,3.98,100.0,0.0,118.0,1.0,215.0,0.0,4100.0,0.0,89.0,999.0,405.0,467.0,455.0,184.0,965.0,916.0,860.0,802.0,468.0,5302.0,220.0,5522.0,0.0,2.41,0.0,3.74,0.0,74.88,0.0,1.53,17.44,50.19,49.81,100.0,45.61,12.9,26.39,15.1,0.0,112.0,0.0,174.0,0.0,3482.0,0.0,71.0,811.0,2334.0,2316.0,4650.0,2121.0,600.0,1227.0,702.0
3548005,0.0,0.73,0.5,17.42,0.09,56.18,0.0,2.5,22.58,49.73,50.27,7.23,7.72,9.23,9.02,2.35,18.22,16.56,13.88,10.62,5.16,100.0,0.0,100.0,100.0,100.0,100.0,100.0,0.0,100.0,100.0,49.73,50.27,7.23,7.72,9.23,9.02,2.35,18.22,16.56,13.88,10.62,5.16,100.0,0.0,148.0,101.0,3535.0,19.0,11403.0,0.0,507.0,4584.0,10094.0,10204.0,1468.0,1567.0,1874.0,1830.0,478.0,3698.0,3361.0,2818.0,2156.0,1048.0,20298.0,0.0,0.79,0.49,16.81,0.05,57.18,0.0,2.57,22.11,8.32,9.95,9.72,2.54,19.64,17.85,14.97,11.45,5.57,95.76,4.24,100.0,0.0,100.0,100.0,100.0,100.0,100.0,0.0,100.0,100.0,8.32,9.95,9.72,2.54,19.64,17.85,14.97,11.45,5.57,95.76,4.24,100.0,0.0,148.0,92.0,3165.0,10.0,10767.0,0.0,484.0,4164.0,1567.0,1874.0,1830.0,478.0,3698.0,3361.0,2818.0,2156.0,1048.0,18032.0,798.0,18830.0,0.0,0.87,0.34,15.51,0.06,58.26,0.0,2.53,22.41,49.23,50.77,100.0,42.18,18.99,27.08,11.75,0.0,134.0,53.0,2387.0,10.0,8965.0,0.0,390.0,3449.0,7576.0,7813.0,15389.0,6491.0,2922.0,4168.0,1808.0
3548054,0.0,0.56,0.46,2.85,0.08,56.94,0.0,3.28,35.83,50.08,49.92,7.62,6.67,6.21,7.14,2.48,16.0,16.92,17.14,13.47,6.36,100.0,0.0,100.0,100.0,100.0,100.0,100.0,0.0,100.0,100.0,50.08,49.92,7.62,6.67,6.21,7.14,2.48,16.0,16.92,17.14,13.47,6.36,100.0,0.0,41.0,34.0,210.0,6.0,4202.0,0.0,242.0,2644.0,3696.0,3684.0,562.0,492.0,458.0,527.0,183.0,1181.0,1249.0,1265.0,994.0,469.0,7380.0,0.0,0.6,0.5,2.65,0.09,57.57,0.0,3.11,35.48,7.22,6.72,7.73,2.68,17.32,18.32,18.55,14.58,6.88,95.38,4.62,100.0,0.0,100.0,100.0,100.0,100.0,100.0,0.0,100.0,100.0,7.22,6.72,7.73,2.68,17.32,18.32,18.55,14.58,6.88,95.39,4.61,100.0,0.0,41.0,34.0,181.0,6.0,3925.0,0.0,212.0,2419.0,492.0,458.0,527.0,183.0,1181.0,1249.0,1265.0,994.0,469.0,6503.0,315.0,6818.0,0.0,0.7,0.43,2.39,0.05,58.37,0.0,2.74,35.31,50.24,49.76,100.0,35.16,17.28,35.97,11.61,0.0,41.0,25.0,140.0,3.0,3425.0,0.0,161.0,2072.0,2948.0,2920.0,5868.0,2063.0,1014.0,2111.0,681.0
3548104,0.0,2.05,0.77,3.2,0.0,75.1,0.0,2.71,16.17,49.96,50.04,6.48,8.01,7.23,6.82,3.24,15.59,16.72,14.56,13.3,8.05,100.0,0.0,100.0,100.0,100.0,0.0,100.0,0.0,100.0,100.0,49.96,50.04,6.48,8.01,7.23,6.82,3.24,15.59,16.72,14.56,13.3,8.05,100.0,0.0,112.0,42.0,175.0,0.0,4105.0,0.0,148.0,884.0,2731.0,2735.0,354.0,438.0,395.0,373.0,177.0,852.0,914.0,796.0,727.0,440.0,5466.0,0.0,2.13,0.7,3.11,0.0,75.82,0.0,2.78,15.47,8.57,7.73,7.3,3.46,16.67,17.88,15.57,14.22,8.61,94.17,5.83,100.0,0.0,100.0,100.0,100.0,0.0,100.0,0.0,100.0,100.0,8.57,7.73,7.3,3.46,16.67,17.88,15.57,14.22,8.61,94.17,5.83,100.0,0.0,109.0,36.0,159.0,0.0,3876.0,0.0,142.0,791.0,438.0,395.0,373.0,177.0,852.0,914.0,796.0,727.0,440.0,4814.0,298.0,5112.0,0.0,2.31,0.56,2.97,0.0,76.28,0.0,2.69,15.19,49.8,50.2,100.0,41.95,17.13,28.39,12.55,0.0,99.0,24.0,127.0,0.0,3264.0,0.0,115.0,650.0,2131.0,2148.0,4279.0,1795.0,733.0,1215.0,537.0
3548203,0.1,1.55,0.35,8.54,0.0,70.17,0.21,3.38,15.71,50.04,49.96,6.75,7.23,8.04,7.02,2.93,16.14,17.13,16.23,12.66,5.86,100.0,100.0,100.0,100.0,100.0,0.0,100.0,100.0,100.0,100.0,50.04,49.96,6.75,7.23,8.04,7.02,2.93,16.14,17.13,16.23,12.66,5.86,100.0,6.0,98.0,22.0,539.0,0.0,4427.0,13.0,213.0,991.0,3157.0,3152.0,426.0,456.0,507.0,443.0,185.0,1018.0,1081.0,1024.0,799.0,370.0,6309.0,0.1,1.67,0.37,8.57,0.0,70.3,0.15,3.25,15.6,7.75,8.62,7.53,3.14,17.3,18.37,17.41,13.58,6.29,95.5,4.5,100.0,100.0,100.0,100.0,100.0,0.0,100.0,100.0,100.0,100.0,7.75,8.62,7.53,3.14,17.3,18.37,17.41,13.58,6.29,95.5,4.5,100.0,6.0,98.0,22.0,504.0,0.0,4136.0,9.0,191.0,918.0,456.0,507.0,443.0,185.0,1018.0,1081.0,1024.0,799.0,370.0,5618.0,265.0,5883.0,0.06,1.79,0.41,8.29,0.0,71.04,0.18,3.17,15.06,49.9,50.1,100.0,39.43,12.74,29.96,17.87,3.0,88.0,20.0,408.0,0.0,3495.0,9.0,156.0,741.0,2455.0,2465.0,4920.0,1940.0,627.0,1474.0,879.0
3548302,0.0,0.53,0.23,4.36,0.0,66.77,0.0,3.01,25.08,48.31,51.69,5.56,8.05,6.62,7.14,4.14,13.65,15.26,16.69,13.87,9.02,100.0,0.0,100.0,100.0,100.0,0.0,100.0,0.0,100.0,100.0,48.31,51.69,5.56,8.05,6.62,7.14,4.14,13.65,15.26,16.69,13.87,9.02,100.0,0.0,14.0,6.0,116.0,0.0,1776.0,0.0,80.0,667.0,1285.0,1375.0,148.0,214.0,176.0,190.0,110.0,363.0,406.0,444.0,369.0,240.0,2660.0,0.0,0.56,0.24,4.38,0.0,66.44,0.0,3.07,25.32,8.52,7.01,7.56,4.38,14.45,16.16,17.68,14.69,9.55,92.83,7.17,100.0,0.0,100.0,100.0,100.0,0.0,100.0,0.0,100.0,100.0,8.52,7.01,7.56,4.38,14.45,16.16,17.68,14.69,9.55,92.82,7.18,100.0,0.0,14.0,6.0,110.0,0.0,1669.0,0.0,77.0,636.0,214.0,176.0,190.0,110.0,363.0,406.0,444.0,369.0,240.0,2332.0,180.0,2512.0,0.0,0.66,0.14,3.63,0.0,67.62,0.0,3.02,24.93,48.44,51.56,100.0,42.32,13.1,36.48,8.11,0.0,14.0,3.0,77.0,0.0,1435.0,0.0,64.0,529.0,1028.0,1094.0,2122.0,898.0,278.0,774.0,172.0
3548401,0.0,0.59,0.32,4.51,0.29,61.23,0.0,2.47,30.64,48.59,51.41,7.4,7.66,8.31,8.19,3.15,17.56,15.76,14.32,12.08,5.57,100.0,0.0,100.0,100.0,100.0,100.0,100.0,0.0,100.0,100.0,48.59,51.41,7.4,7.66,8.31,8.19,3.15,17.56,15.76,14.32,12.08,5.57,100.0,0.0,20.0,11.0,153.0,10.0,2078.0,0.0,84.0,1040.0,1649.0,1745.0,251.0,260.0,282.0,278.0,107.0,596.0,535.0,486.0,410.0,189.0,3394.0,0.0,0.64,0.35,4.39,0.32,60.9,0.0,2.67,30.77,8.27,8.97,8.85,3.4,18.96,17.02,15.46,13.04,6.01,93.7,6.3,100.0,0.0,100.0,100.0,100.0,100.0,100.0,0.0,100.0,100.0,8.27,8.97,8.85,3.4,18.96,17.02,15.46,13.04,6.01,93.71,6.29,100.0,0.0,20.0,11.0,138.0,10.0,1914.0,0.0,84.0,967.0,260.0,282.0,278.0,107.0,596.0,535.0,486.0,410.0,189.0,2945.0,198.0,3143.0,0.0,0.77,0.42,3.69,0.19,62.36,0.0,2.65,29.95,48.06,51.94,100.0,32.41,21.8,33.53,12.26,0.0,20.0,11.0,96.0,5.0,1622.0,0.0,69.0,779.0,1250.0,1351.0,2601.0,843.0,567.0,872.0,319.0
3548500,0.06,7.67,2.13,10.45,0.05,58.98,0.03,6.23,14.39,44.8,55.2,5.86,6.05,6.54,6.58,5.34,15.04,16.68,15.13,13.74,9.04,100.0,100.0,100.0,100.0,100.0,100.0,100.0,100.0,100.0,100.0,44.8,55.2,5.86,6.05,6.54,6.58,5.34,15.04,16.68,15.13,13.74,9.04,100.0,239.0,29196.0,8115.0,39781.0,188.0,224520.0,120.0,23726.0,54777.0,170551.0,210111.0,22296.0,23015.0,24879.0,25064.0,20330.0,57259.0,63504.0,57577.0,52314.0,34423.0,380662.0,0.06,7.78,2.13,10.22,0.05,59.31,0.03,6.22,14.21,6.42,6.94,6.99,5.67,15.98,17.72,16.07,14.6,9.61,98.49,1.51,100.0,100.0,100.0,100.0,100.0,100.0,100.0,100.0,100.0,100.0,6.42,6.94,6.99,5.67,15.98,17.72,16.07,14.6,9.61,98.49,1.51,100.0,227.0,27893.0,7616.0,36608.0,174.0,212534.0,98.0,22299.0,50916.0,23015.0,24879.0,25064.0,20330.0,57259.0,63504.0,57577.0,52314.0,34423.0,352949.0,5417.0,358366.0,0.05,8.08,1.96,9.21,0.05,60.75,0.03,6.16,13.71,43.48,56.52,100.0,15.91,10.9,33.86,39.33,156.0,25099.0,6091.0,28594.0,145.0,188605.0,84.0,19132.0,42565.0,134983.0,175489.0,310472.0,49397.0,33839.0,105136.0,122100.0
3548609,0.0,1.17,0.8,3.15,0.0,80.17,0.0,2.33,12.38,48.88,51.12,7.22,6.44,7.01,6.53,3.84,16.04,15.93,16.6,13.28,7.11,100.0,0.0,100.0,100.0,100.0,0.0,100.0,0.0,100.0,100.0,48.88,51.12,7.22,6.44,7.01,6.53,3.84,16.04,15.94,16.59,13.28,7.11,100.0,0.0,122.0,83.0,328.0,0.0,8347.0,0.0,243.0,1289.0,5089.0,5323.0,752.0,671.0,730.0,680.0,400.0,1670.0,1659.0,1728.0,1383.0,740.0,10412.0,0.0,1.26,0.86,3.34,0.0,80.07,0.0,2.34,12.12,6.95,7.56,7.04,4.14,17.29,17.17,17.89,14.32,7.66,96.69,3.31,100.0,0.0,100.0,100.0,100.0,0.0,100.0,0.0,100.0,100.0,6.95,7.55,7.04,4.14,17.28,17.18,17.88,14.32,7.66,96.69,3.31,100.0,0.0,122.0,83.0,323.0,0.0,7735.0,0.0,226.0,1171.0,671.0,730.0,680.0,400.0,1670.0,1659.0,1728.0,1383.0,740.0,9340.0,320.0,9660.0,0.0,1.44,0.87,3.1,0.0,79.88,0.0,2.54,12.18,48.93,51.08,100.0,41.63,11.13,29.48,17.76,0.0,119.0,72.0,256.0,0.0,6597.0,0.0,210.0,1006.0,4041.0,4219.0,8259.0,3438.0,919.0,2435.0,1467.0
3548708,0.08,3.66,1.8,10.95,0.09,51.16,0.02,6.04,26.19,47.1,52.9,6.83,7.0,7.99,8.04,2.45,17.9,18.06,14.87,11.02,5.84,100.0,100.0,100.0,100.0,100.0,100.0,100.0,100.0,100.0,100.0,47.1,52.9,6.83,7.0,7.99,8.04,2.45,17.9,18.06,14.87,11.02,5.84,100.0,547.0,26402.0,12998.0,78967.0,669.0,368804.0,137.0,43573.0,188777.0,339529.0,381346.0,49236.0,50482.0,57601.0,57987.0,17643.0,129040.0,130158.0,107213.0,79431.0,42084.0,720875.0,0.07,3.74,1.82,10.82,0.09,51.57,0.02,6.05,25.82,7.52,8.58,8.63,2.63,19.21,19.38,15.96,11.83,6.27,97.66,2.34,100.0,100.0,100.0,100.0,100.0,100.0,100.0,100.0,100.0,100.0,7.52,8.58,8.63,2.63,19.21,19.38,15.96,11.83,6.27,97.66,2.34,100.0,494.0,25130.0,12209.0,72669.0,606.0,346367.0,129.0,40603.0,173433.0,50482.0,57601.0,57987.0,17643.0,129040.0,130158.0,107213.0,79431.0,42084.0,655908.0,15731.0,671639.0,0.06,4.03,1.78,9.71,0.09,52.88,0.02,6.09,25.34,46.04,53.96,100.0,19.47,12.8,38.54,29.19,362.0,22735.0,10030.0,54713.0,516.0,298001.0,103.0,34297.0,142800.0,259435.0,304121.0,563556.0,109718.0,72113.0,217208.0,164518.0
3548807,0.1,6.39,2.37,9.22,0.11,57.02,0.01,6.14,18.65,45.17,54.83,5.93,5.89,6.14,6.09,5.15,15.81,17.97,15.11,13.38,8.53,100.0,100.0,100.0,100.0,100.0,100.0,100.0,100.0,100.0,100.0,45.17,54.83,5.93,5.89,6.15,6.09,5.15,15.81,17.97,15.11,13.38,8.53,100.0,142.0,9538.0,3541.0,13759.0,158.0,85118.0,8.0,9172.0,27840.0,67423.0,81853.0,8859.0,8790.0,9173.0,9084.0,7681.0,23604.0,26823.0,22553.0,19972.0,12734.0,149276.0,0.1,6.55,2.4,9.1,0.09,57.3,0.01,6.15,18.3,6.26,6.53,6.47,5.47,16.81,19.1,16.06,14.22,9.07,98.87,1.13,100.0,100.0,100.0,100.0,100.0,100.0,100.0,100.0,100.0,100.0,6.26,6.53,6.47,5.47,16.81,19.1,16.06,14.22,9.07,98.87,1.13,100.0,142.0,9197.0,3371.0,12775.0,128.0,80452.0,8.0,8642.0,25702.0,8790.0,9173.0,9084.0,7681.0,23604.0,26823.0,22553.0,19972.0,12734.0,138825.0,1591.0,140417.0,0.12,6.87,2.4,8.32,0.08,58.21,0.0,6.06,17.95,43.9,56.1,100.0,14.71,8.13,28.98,48.18,142.0,8410.0,2941.0,10183.0,99.0,71275.0,0.0,7420.0,21983.0,53757.0,68696.0,122453.0,18016.0,9951.0,35488.0,58998.0
3548906,0.04,3.68,1.3,10.83,0.05,54.92,0.03,5.38,23.78,48.29,51.71,6.35,7.06,8.78,8.57,3.04,17.64,17.08,13.99,11.25,6.23,100.0,100.0,100.0,100.0,100.0,100.0,100.0,100.0,100.0,100.0,48.29,51.71,6.35,7.06,8.78,8.57,3.04,17.64,17.08,13.99,11.25,6.23,100.0,86.0,8308.0,2942.0,24466.0,109.0,124071.0,63.0,12163.0,53714.0,109100.0,116822.0,14344.0,15959.0,19843.0,19367.0,6867.0,39854.0,38597.0,31603.0,25418.0,14070.0,225922.0,0.04,3.77,1.3,10.9,0.05,55.4,0.03,5.38,23.13,7.54,9.38,9.15,3.25,18.84,18.24,14.94,12.01,6.65,97.74,2.26,100.0,100.0,100.0,100.0,100.0,100.0,100.0,100.0,100.0,100.0,7.54,9.38,9.15,3.25,18.84,18.24,14.94,12.01,6.65,97.74,2.26,100.0,86.0,7970.0,2748.0,23062.0,109.0,117212.0,63.0,11385.0,48942.0,15959.0,19843.0,19367.0,6867.0,39854.0,38597.0,31603.0,25418.0,14070.0,206803.0,4775.0,211578.0,0.03,4.06,1.24,9.3,0.04,57.06,0.04,5.38,22.86,47.27,52.73,100.0,21.54,12.4,38.51,27.56,53.0,7136.0,2176.0,16352.0,77.0,100295.0,63.0,9450.0,40174.0,83083.0,92693.0,175776.0,37856.0,21788.0,67687.0,48445.0
3549003,0.13,4.45,0.55,4.49,0.0,66.74,0.0,1.02,22.67,48.56,51.44,5.93,6.36,6.69,6.44,5.64,12.8,15.08,16.86,14.32,9.87,100.0,100.0,100.0,100.0,100.0,0.0,100.0,0.0,100.0,100.0,48.56,51.44,5.93,6.36,6.69,6.44,5.64,12.8,15.08,16.86,14.32,9.87,100.0,3.0,105.0,13.0,106.0,0.0,1575.0,0.0,24.0,535.0,1146.0,1214.0,140.0,150.0,158.0,152.0,133.0,302.0,356.0,398.0,338.0,233.0,2360.0,0.14,4.41,0.59,4.46,0.0,67.57,0.0,1.08,21.8,6.76,7.12,6.85,5.99,13.6,16.04,17.93,15.23,10.5,93.47,6.53,100.0,100.0,100.0,100.0,100.0,0.0,100.0,0.0,100.0,100.0,6.76,7.12,6.85,5.99,13.6,16.04,17.93,15.23,10.5,93.46,6.54,100.0,3.0,98.0,13.0,99.0,0.0,1500.0,0.0,24.0,484.0,150.0,158.0,152.0,133.0,302.0,356.0,398.0,338.0,233.0,2075.0,145.0,2220.0,0.0,4.65,0.52,4.34,0.0,69.04,0.0,0.89,20.55,49.01,50.99,100.0,50.47,10.51,25.58,13.44,0.0,89.0,10.0,83.0,0.0,1320.0,0.0,17.0,393.0,937.0,975.0,1912.0,965.0,201.0,489.0,257.0
3549102,0.03,3.33,1.19,5.55,0.04,61.78,0.09,5.41,22.58,47.71,52.29,6.17,6.65,7.42,7.72,3.6,16.84,17.11,15.55,12.29,6.65,100.0,100.0,100.0,100.0,100.0,100.0,100.0,100.0,100.0,100.0,47.71,52.29,6.17,6.65,7.42,7.72,3.6,16.84,17.11,15.55,12.29,6.65,100.0,22.0,2746.0,986.0,4584.0,29.0,50997.0,77.0,4466.0,18639.0,39380.0,43167.0,5091.0,5491.0,6125.0,6375.0,2969.0,13904.0,14124.0,12837.0,10146.0,5486.0,82547.0,0.03,3.43,1.2,5.42,0.04,62.23,0.1,5.18,22.38,7.09,7.91,8.23,3.83,17.95,18.23,16.57,13.1,7.08,97.73,2.27,100.0,100.0,100.0,100.0,100.0,100.0,100.0,100.0,100.0,100.0,7.09,7.91,8.23,3.83,17.95,18.23,16.57,13.1,7.08,97.73,2.27,100.0,22.0,2655.0,933.0,4197.0,29.0,48197.0,77.0,4014.0,17332.0,5491.0,6125.0,6375.0,2969.0,13904.0,14124.0,12837.0,10146.0,5486.0,75698.0,1758.0,77456.0,0.03,3.58,1.15,4.61,0.03,63.9,0.07,5.4,21.23,47.01,52.99,100.0,28.6,14.16,33.0,24.24,22.0,2357.0,756.0,3036.0,18.0,42070.0,43.0,3558.0,13980.0,30949.0,34891.0,65840.0,18831.0,9321.0,21728.0,15960.0
3549201,0.0,0.65,0.0,2.86,0.0,77.02,0.0,0.52,18.99,49.74,50.26,6.24,7.24,7.5,7.2,3.9,14.22,16.44,17.13,13.01,7.11,100.0,0.0,100.0,0.0,100.0,0.0,100.0,0.0,100.0,100.0,49.74,50.26,6.24,7.24,7.5,7.2,3.9,14.22,16.44,17.13,13.01,7.11,100.0,0.0,15.0,0.0,66.0,0.0,1776.0,0.0,12.0,438.0,1147.0,1159.0,144.0,167.0,173.0,166.0,90.0,328.0,379.0,395.0,300.0,164.0,2306.0,0.0,0.69,0.0,2.64,0.0,77.29,0.0,0.56,18.87,7.72,8.0,7.68,4.16,15.17,17.53,18.27,13.88,7.59,93.85,6.15,100.0,0.0,100.0,0.0,100.0,0.0,100.0,0.0,100.0,100.0,7.72,8.0,7.68,4.16,15.17,17.53,18.27,13.88,7.59,93.85,6.15,100.0,0.0,15.0,0.0,57.0,0.0,1671.0,0.0,12.0,408.0,167.0,173.0,166.0,90.0,328.0,379.0,395.0,300.0,164.0,2029.0,133.0,2162.0,0.0,0.71,0.0,2.63,0.0,77.11,0.0,0.66,18.94,49.23,50.77,100.0,42.86,13.01,33.59,10.54,0.0,13.0,0.0,48.0,0.0,1405.0,0.0,12.0,345.0,897.0,925.0,1822.0,781.0,237.0,612.0,192.0
3549250,0.0,1.48,0.37,4.25,0.0,55.91,0.0,5.17,32.82,49.26,50.74,7.2,7.39,7.51,8.44,3.51,14.04,15.52,15.95,12.19,8.25,100.0,0.0,100.0,100.0,100.0,0.0,100.0,0.0,100.0,100.0,49.26,50.74,7.2,7.39,7.51,8.44,3.51,14.04,15.52,15.95,12.19,8.25,100.0,0.0,24.0,6.0,69.0,0.0,908.0,0.0,84.0,533.0,800.0,824.0,117.0,120.0,122.0,137.0,57.0,228.0,252.0,259.0,198.0,134.0,1624.0,0.0,1.59,0.4,3.98,0.0,57.0,0.0,4.91,32.12,7.96,8.1,9.09,3.78,15.13,16.72,17.19,13.14,8.89,94.09,5.91,100.0,0.0,100.0,100.0,100.0,0.0,100.0,0.0,100.0,100.0,7.96,8.1,9.09,3.78,15.13,16.72,17.19,13.14,8.89,94.11,5.89,100.0,0.0,24.0,6.0,60.0,0.0,859.0,0.0,74.0,484.0,120.0,122.0,137.0,57.0,228.0,252.0,259.0,198.0,134.0,1418.0,89.0,1507.0,0.0,1.5,0.32,3.64,0.0,58.1,0.0,4.98,31.38,48.85,51.15,100.0,40.47,17.63,28.62,13.2,0.0,19.0,4.0,46.0,0.0,735.0,0.0,63.0,397.0,618.0,647.0,1265.0,512.0,223.0,362.0,167.0
3549300,0.0,1.78,0.0,1.59,0.35,77.55,0.0,2.13,16.55,49.7,50.3,5.9,5.6,6.29,6.54,5.6,13.43,14.27,15.91,16.6,9.86,100.0,0.0,100.0,0.0,100.0,100.0,100.0,0.0,100.0,100.0,49.68,50.32,5.9,5.6,6.29,6.54,5.6,13.43,14.27,15.91,16.6,9.86,100.0,0.0,36.0,0.0,32.0,7.0,1565.0,0.0,43.0,334.0,1003.0,1015.0,119.0,113.0,127.0,132.0,113.0,271.0,288.0,321.0,335.0,199.0,2018.0,0.0,1.9,0.0,1.69,0.16,77.51,0.0,2.16,16.59,5.95,6.69,6.95,5.95,14.27,15.17,16.9,17.64,10.48,95.1,4.9,100.0,0.0,100.0,0.0,100.0,100.0,100.0,0.0,100.0,100.0,5.95,6.69,6.95,5.95,14.27,15.17,16.9,17.64,10.48,95.1,4.9,100.0,0.0,36.0,0.0,32.0,3.0,1472.0,0.0,41.0,315.0,113.0,127.0,132.0,113.0,271.0,288.0,321.0,335.0,199.0,1806.0,93.0,1899.0,0.0,1.93,0.0,1.51,0.18,77.88,0.0,2.47,15.97,49.31,50.69,100.0,39.78,11.87,34.84,13.5,0.0,32.0,0.0,25.0,3.0,1292.0,0.0,41.0,265.0,818.0,841.0,1659.0,660.0,197.0,578.0,224.0
3549409,0.02,2.78,0.92,5.95,0.2,63.53,0.0,3.21,23.39,48.2,51.8,7.01,7.51,7.47,8.04,2.97,17.63,17.52,14.35,11.13,6.39,100.0,100.0,100.0,100.0,100.0,100.0,100.0,0.0,100.0,100.0,48.2,51.8,7.01,7.51,7.47,8.04,2.97,17.63,17.52,14.35,11.13,6.39,100.0,10.0,1199.0,395.0,2563.0,85.0,27353.0,0.0,1380.0,10071.0,20754.0,22302.0,3017.0,3232.0,3216.0,3461.0,1277.0,7592.0,7542.0,6179.0,4790.0,2750.0,43056.0,0.02,2.92,0.87,5.87,0.14,64.15,0.0,3.18,22.85,8.07,8.03,8.64,3.19,18.96,18.84,15.43,11.96,6.87,96.64,3.36,100.0,100.0,100.0,100.0,100.0,100.0,100.0,0.0,100.0,100.0,8.07,8.03,8.64,3.19,18.96,18.84,15.43,11.96,6.87,96.64,3.36,100.0,10.0,1168.0,348.0,2349.0,57.0,25686.0,0.0,1273.0,9147.0,3232.0,3216.0,3461.0,1277.0,7592.0,7542.0,6179.0,4790.0,2750.0,38695.0,1344.0,40039.0,0.03,3.1,0.88,5.19,0.17,65.56,0.0,3.13,21.93,47.36,52.64,100.0,31.26,15.98,34.13,18.62,10.0,1040.0,297.0,1743.0,57.0,22023.0,0.0,1053.0,7368.0,15910.0,17681.0,33591.0,10502.0,5369.0,11466.0,6254.0
3549508,0.0,0.48,0.0,7.25,0.0,63.41,0.0,4.0,24.86,50.15,49.85,8.56,9.34,9.2,8.99,2.43,16.31,15.06,13.96,10.03,6.12,100.0,0.0,100.0,0.0,100.0,0.0,100.0,0.0,100.0,100.0,50.15,49.85,8.56,9.34,9.2,8.99,2.43,16.31,15.06,13.96,10.03,6.12,100.0,0.0,32.0,0.0,480.0,0.0,4198.0,0.0,265.0,1646.0,3320.0,3300.0,567.0,618.0,609.0,595.0,161.0,1080.0,997.0,924.0,664.0,405.0,6620.0,0.0,0.53,0.0,7.3,0.0,64.48,0.0,3.75,23.94,10.21,10.06,9.83,2.66,17.84,16.47,15.27,10.97,6.69,93.8,6.2,100.0,0.0,100.0,0.0,100.0,0.0,100.0,0.0,100.0,100.0,10.21,10.06,9.83,2.66,17.84,16.47,15.27,10.97,6.69,93.8,6.2,100.0,0.0,32.0,0.0,442.0,0.0,3903.0,0.0,227.0,1449.0,618.0,609.0,595.0,161.0,1080.0,997.0,924.0,664.0,405.0,5678.0,375.0,6053.0,0.0,0.66,0.0,5.97,0.0,65.46,0.0,3.87,24.04,49.61,50.39,100.0,47.41,17.65,25.61,9.32,0.0,32.0,0.0,288.0,0.0,3159.0,0.0,187.0,1160.0,2394.0,2432.0,4826.0,2288.0,852.0,1236.0,450.0
3549607,0.0,1.01,0.0,4.74,0.0,76.45,0.0,1.87,15.93,49.94,50.06,7.95,7.53,7.77,6.82,3.59,15.21,15.18,16.25,13.11,6.58,100.0,0.0,100.0,0.0,100.0,0.0,100.0,0.0,100.0,100.0,49.94,50.06,7.95,7.53,7.77,6.82,3.59,15.21,15.18,16.25,13.11,6.58,100.0,0.0,34.0,0.0,160.0,0.0,2578.0,0.0,63.0,537.0,1684.0,1688.0,268.0,254.0,262.0,230.0,121.0,513.0,512.0,548.0,442.0,222.0,3372.0,0.0,1.1,0.0,4.9,0.0,76.48,0.0,2.03,15.5,8.18,8.44,7.41,3.9,16.53,16.49,17.65,14.24,7.15,93.36,6.64,100.0,0.0,100.0,0.0,100.0,0.0,100.0,0.0,100.0,100.0,8.18,8.44,7.41,3.9,16.53,16.49,17.65,14.24,7.15,93.36,6.64,100.0,0.0,34.0,0.0,152.0,0.0,2374.0,0.0,63.0,481.0,254.0,262.0,230.0,121.0,513.0,512.0,548.0,442.0,222.0,2898.0,206.0,3104.0,0.0,1.24,0.0,4.64,0.0,75.97,0.0,2.05,16.11,48.76,51.24,100.0,47.45,10.55,29.06,12.98,0.0,32.0,0.0,120.0,0.0,1966.0,0.0,53.0,417.0,1262.0,1326.0,2588.0,1228.0,273.0,752.0,336.0
3549706,0.0,1.59,0.67,2.67,0.07,79.14,0.0,1.61,14.24,47.89,52.11,6.61,6.3,7.57,7.04,3.51,17.65,15.25,14.32,14.31,7.44,100.0,0.0,100.0,100.0,100.0,100.0,100.0,0.0,100.0,100.0,47.89,52.11,6.61,6.3,7.57,7.04,3.51,17.65,15.25,14.32,14.31,7.44,100.0,0.0,734.0,309.0,1233.0,32.0,36509.0,0.0,744.0,6571.0,22092.0,24039.0,3051.0,2905.0,3492.0,3249.0,1617.0,8141.0,7034.0,6607.0,6602.0,3433.0,46131.0,0.0,1.68,0.69,2.61,0.07,79.32,0.0,1.59,14.03,6.74,8.11,7.54,3.75,18.9,16.33,15.34,15.32,7.97,97.5,2.5,100.0,0.0,100.0,100.0,100.0,100.0,100.0,0.0,100.0,100.0,6.74,8.11,7.54,3.75,18.9,16.33,15.34,15.33,7.97,97.5,2.5,100.0,0.0,723.0,299.0,1126.0,32.0,34169.0,0.0,685.0,6046.0,2905.0,3492.0,3249.0,1617.0,8141.0,7034.0,6607.0,6602.0,3433.0,42002.0,1078.0,43080.0,0.0,1.8,0.54,2.54,0.06,80.49,0.0,1.67,12.9,47.12,52.88,100.0,36.96,15.66,30.39,16.99,0.0,661.0,197.0,932.0,21.0,29526.0,0.0,613.0,4734.0,17284.0,19400.0,36684.0,13557.0,5746.0,11147.0,6234.0
3549805,0.02,5.93,1.27,7.89,0.16,51.04,0.04,5.09,28.55,47.26,52.74,6.4,6.48,7.86,8.52,3.12,18.21,17.27,14.26,11.42,6.45,100.0,100.0,100.0,100.0,100.0,100.0,100.0,100.0,100.0,100.0,47.26,52.74,6.4,6.48,7.86,8.52,3.12,18.21,17.27,14.26,11.42,6.45,100.0,79.0,25347.0,5435.0,33712.0,683.0,218015.0,152.0,21754.0,121953.0,201865.0,225266.0,27319.0,27692.0,33580.0,36381.0,13343.0,77784.0,73769.0,60915.0,48788.0,27559.0,427130.0,0.02,6.07,1.27,7.86,0.17,51.38,0.04,5.09,28.1,6.93,8.4,9.1,3.34,19.46,18.45,15.24,12.2,6.89,97.58,2.42,100.0,100.0,100.0,100.0,100.0,100.0,100.0,100.0,100.0,100.0,6.93,8.4,9.1,3.34,19.46,18.45,15.24,12.2,6.89,97.58,2.42,100.0,79.0,24263.0,5095.0,31426.0,662.0,205417.0,152.0,20370.0,112347.0,27692.0,33580.0,36381.0,13343.0,77784.0,73769.0,60915.0,48788.0,27559.0,390120.0,9691.0,399811.0,0.02,6.37,1.16,6.93,0.14,52.69,0.03,5.09,27.56,46.44,53.56,100.0,24.23,14.14,34.44,27.19,79.0,21564.0,3913.0,23472.0,474.0,178388.0,111.0,17239.0,93299.0,157201.0,181338.0,338539.0,82013.0,47873.0,116596.0,92057.0
3549904,0.0,2.45,0.77,7.78,0.03,58.63,0.01,4.88,25.44,47.76,52.24,7.22,7.2,8.14,8.34,2.34,18.29,17.7,13.85,10.99,5.92,100.0,100.0,100.0,100.0,100.0,100.0,100.0,100.0,100.0,100.0,47.76,52.24,7.22,7.2,8.14,8.34,2.34,18.29,17.7,13.85,10.99,5.92,100.0,22.0,15005.0,4737.0,47592.0,198.0,358805.0,85.0,29852.0,155723.0,292329.0,319689.0,44175.0,44084.0,49843.0,51031.0,14310.0,111959.0,108353.0,84762.0,67275.0,36226.0,612019.0,0.0,2.5,0.8,7.76,0.03,59.02,0.01,4.93,24.93,7.76,8.78,8.99,2.52,19.72,19.08,14.93,11.85,6.38,97.99,2.01,100.0,100.0,100.0,100.0,100.0,100.0,100.0,100.0,100.0,100.0,7.76,8.78,8.99,2.52,19.72,19.08,14.93,11.85,6.38,97.99,2.01,100.0,22.0,14190.0,4516.0,44083.0,198.0,335160.0,85.0,28008.0,141582.0,44084.0,49843.0,51031.0,14310.0,111959.0,108353.0,84762.0,67275.0,36226.0,556404.0,11440.0,567843.0,0.0,2.71,0.75,7.03,0.03,60.22,0.01,4.88,24.37,46.73,53.27,100.0,19.83,13.15,38.35,28.67,22.0,12853.0,3559.0,33325.0,119.0,285369.0,64.0,23124.0,115482.0,221476.0,252440.0,473916.0,93964.0,62314.0,181765.0,135874.0
3549953,0.0,1.3,1.32,10.37,0.04,54.98,0.41,4.61,26.98,49.98,50.02,7.34,7.82,8.52,7.97,2.37,16.44,17.39,15.18,11.2,5.78,100.0,0.0,100.0,100.0,100.0,100.0,100.0,100.0,100.0,100.0,49.98,50.02,7.34,7.82,8.52,7.97,2.37,16.44,17.39,15.18,11.2,5.78,100.0,0.0,182.0,185.0,1454.0,5.0,7708.0,57.0,647.0,3782.0,7007.0,7013.0,1029.0,1097.0,1194.0,1117.0,332.0,2305.0,2438.0,2128.0,1570.0,810.0,14020.0,0.0,1.37,1.4,10.42,0.04,55.12,0.35,4.73,26.58,8.44,9.19,8.6,2.56,17.74,18.77,16.38,12.09,6.24,94.16,5.84,100.0,0.0,100.0,100.0,100.0,100.0,100.0,100.0,100.0,100.0,8.44,9.19,8.6,2.56,17.74,18.77,16.38,12.09,6.24,94.16,5.84,100.0,0.0,178.0,182.0,1354.0,5.0,7160.0,46.0,614.0,3453.0,1097.0,1194.0,1117.0,332.0,2305.0,2438.0,2128.0,1570.0,810.0,12232.0,759.0,12991.0,0.0,1.53,1.1,9.38,0.05,56.21,0.27,4.72,26.74,49.12,50.88,100.0,33.3,15.6,36.88,14.23,0.0,164.0,118.0,1004.0,5.0,6014.0,29.0,505.0,2861.0,5256.0,5444.0,10700.0,3563.0,1669.0,3946.0,1523.0
3550001,0.0,1.19,0.28,3.37,0.12,77.95,0.0,1.38,15.73,50.42,49.58,5.98,6.04,7.46,7.22,3.19,15.02,15.36,17.51,14.82,7.39,100.0,0.0,100.0,100.0,100.0,100.0,100.0,0.0,100.0,100.0,50.42,49.58,5.98,6.04,7.46,7.22,3.19,15.02,15.37,17.5,14.82,7.4,100.0,0.0,110.0,26.0,311.0,11.0,7199.0,0.0,127.0,1453.0,4657.0,4579.0,552.0,558.0,689.0,667.0,295.0,1387.0,1419.0,1617.0,1369.0,683.0,9236.0,0.0,1.27,0.3,3.26,0.13,78.32,0.0,1.29,15.44,6.43,7.93,7.68,3.4,15.97,16.34,18.62,15.76,7.87,93.72,6.28,100.0,0.0,100.0,100.0,100.0,100.0,100.0,0.0,100.0,100.0,6.42,7.93,7.68,3.39,15.98,16.35,18.62,15.77,7.87,93.72,6.28,100.0,0.0,110.0,26.0,283.0,11.0,6801.0,0.0,112.0,1341.0,558.0,689.0,667.0,295.0,1387.0,1419.0,1617.0,1369.0,683.0,8139.0,545.0,8684.0,0.0,1.34,0.27,3.2,0.15,79.28,0.0,1.2,14.58,50.02,49.99,100.0,47.53,11.43,26.61,14.44,0.0,100.0,20.0,238.0,11.0,5896.0,0.0,89.0,1084.0,3720.0,3718.0,7437.0,3535.0,850.0,1979.0,1074.0
3550100,0.03,1.49,1.2,4.86,0.07,62.22,0.06,2.01,28.05,48.83,51.17,6.72,7.29,7.84,7.46,2.79,17.66,18.14,14.36,11.45,6.29,100.0,100.0,100.0,100.0,100.0,100.0,100.0,100.0,100.0,100.0,48.83,51.17,6.72,7.29,7.84,7.46,2.78,17.66,18.14,14.36,11.45,6.29,100.0,11.0,490.0,396.0,1599.0,23.0,20484.0,19.0,663.0,9236.0,16077.0,16845.0,2214.0,2400.0,2580.0,2456.0,917.0,5815.0,5972.0,4726.0,3771.0,2071.0,32922.0,0.04,1.51,1.25,4.72,0.07,62.2,0.06,2.04,28.1,7.82,8.4,8.0,2.99,18.94,19.45,15.39,12.28,6.74,95.37,4.63,100.0,100.0,100.0,100.0,100.0,100.0,100.0,100.0,100.0,100.0,7.82,8.4,8.0,2.99,18.94,19.45,15.39,12.28,6.74,95.37,4.63,100.0,11.0,465.0,385.0,1448.0,23.0,19101.0,19.0,627.0,8629.0,2400.0,2580.0,2456.0,917.0,5815.0,5972.0,4726.0,3771.0,2071.0,29285.0,1423.0,30708.0,0.04,1.61,1.06,4.15,0.04,63.5,0.03,2.15,27.4,48.27,51.73,100.0,31.14,15.01,39.47,14.38,11.0,414.0,273.0,1067.0,11.0,16338.0,9.0,554.0,7049.0,12419.0,13309.0,25728.0,8012.0,3863.0,10154.0,3699.0
3550209,0.09,0.29,0.13,5.85,0.28,59.64,0.0,4.93,28.79,50.24,49.76,7.88,8.13,8.39,8.08,2.65,16.55,16.55,14.91,10.87,5.99,100.0,100.0,100.0,100.0,100.0,100.0,100.0,0.0,100.0,100.0,50.24,49.76,7.88,8.13,8.39,8.08,2.65,16.55,16.55,14.91,10.87,5.99,100.0,25.0,82.0,35.0,1633.0,78.0,16659.0,0.0,1378.0,8041.0,14033.0,13898.0,2201.0,2270.0,2344.0,2258.0,740.0,4623.0,4622.0,4164.0,3035.0,1674.0,27931.0,0.1,0.32,0.14,5.74,0.3,60.24,0.0,5.14,28.02,8.82,9.11,8.78,2.88,17.97,17.96,16.18,11.8,6.51,95.48,4.52,100.0,100.0,100.0,100.0,100.0,100.0,100.0,0.0,100.0,100.0,8.82,9.11,8.78,2.88,17.97,17.96,16.18,11.8,6.51,95.48,4.52,100.0,25.0,82.0,35.0,1476.0,78.0,15501.0,0.0,1323.0,7210.0,2270.0,2344.0,2258.0,740.0,4623.0,4622.0,4164.0,3035.0,1674.0,24568.0,1162.0,25730.0,0.12,0.29,0.17,5.3,0.21,61.81,0.0,5.15,26.94,49.86,50.14,100.0,46.35,17.71,25.3,10.64,25.0,62.0,35.0,1120.0,45.0,13051.0,0.0,1088.0,5689.0,10528.0,10588.0,21116.0,9787.0,3740.0,5342.0,2247.0
3550308,0.07,3.78,2.29,13.49,0.13,50.72,0.04,6.31,23.17,46.56,53.44,6.59,7.04,8.26,8.68,3.11,17.89,17.22,14.15,10.9,6.16,100.0,100.0,100.0,100.0,100.0,100.0,100.0,100.0,100.0,100.0,46.56,53.44,6.59,7.04,8.26,8.68,3.11,17.89,17.22,14.15,10.9,6.16,100.0,6775.0,383816.0,233027.0,1371590.0,13262.0,5156315.0,3705.0,641113.0,2355647.0,4733313.0,5431937.0,670063.0,715553.0,839178.0,882200.0,316342.0,1818839.0,1750407.0,1437927.0,1108153.0,626588.0,10165251.0,0.07,3.88,2.31,13.36,0.13,51.1,0.04,6.31,22.81,7.54,8.84,9.29,3.33,19.16,18.43,15.14,11.67,6.6,97.34,2.66,100.0,100.0,100.0,100.0,100.0,100.0,100.0,100.0,100.0,100.0,7.54,8.84,9.29,3.33,19.16,18.43,15.14,11.67,6.6,97.34,2.66,100.0,6374.0,368703.0,218901.0,1268521.0,12151.0,4852445.0,3425.0,599176.0,2165490.0,715553.0,839178.0,882200.0,316342.0,1818839.0,1750407.0,1437927.0,1108153.0,626588.0,9242242.0,252946.0,9495188.0,0.06,4.18,2.23,12.25,0.12,52.46,0.03,6.31,22.35,45.39,54.61,100.0,22.89,13.59,33.59,29.92,5109.0,331539.0,177091.0,972711.0,9723.0,4165513.0,2696.0,501015.0,1775060.0,3603817.0,4336640.0,7940457.0,1817389.0,1079497.0,2667486.0,2376085.0
3550407,0.0,4.07,0.61,9.24,0.21,48.13,0.0,5.27,32.49,47.84,52.16,6.46,7.36,7.82,7.16,3.85,15.19,16.65,14.73,12.55,8.26,100.0,0.0,100.0,100.0,100.0,100.0,100.0,0.0,100.0,100.0,47.84,52.16,6.46,7.36,7.82,7.16,3.85,15.19,16.65,14.73,12.55,8.26,100.0,0.0,1381.0,208.0,3136.0,70.0,16341.0,0.0,1788.0,11032.0,16245.0,17710.0,2192.0,2498.0,2655.0,2430.0,1306.0,5157.0,5654.0,5000.0,4260.0,2804.0,33955.0,0.0,4.2,0.6,9.2,0.22,48.63,0.0,5.44,31.72,7.86,8.36,7.65,4.11,16.24,17.8,15.74,13.41,8.83,96.7,3.3,100.0,0.0,100.0,100.0,100.0,100.0,100.0,0.0,100.0,100.0,7.86,8.36,7.65,4.11,16.24,17.8,15.74,13.41,8.83,96.7,3.3,100.0,0.0,1334.0,191.0,2922.0,69.0,15445.0,0.0,1727.0,10074.0,2498.0,2655.0,2430.0,1306.0,5157.0,5654.0,5000.0,4260.0,2804.0,30714.0,1049.0,31763.0,0.0,4.48,0.67,8.21,0.19,50.43,0.0,5.25,30.78,46.63,53.37,100.0,31.4,13.97,34.9,19.72,0.0,1192.0,177.0,2184.0,50.0,13421.0,0.0,1396.0,8192.0,12409.0,14202.0,26611.0,8356.0,3718.0,9288.0,5249.0
3550506,0.0,0.29,0.27,4.4,0.0,65.07,0.0,2.18,27.8,50.34,49.66,7.65,8.48,8.17,7.41,2.61,16.03,15.75,15.34,11.16,7.41,100.0,0.0,100.0,100.0,100.0,0.0,100.0,0.0,100.0,100.0,50.34,49.66,7.65,8.48,8.17,7.41,2.61,16.03,15.75,15.34,11.16,7.41,100.0,0.0,18.0,17.0,275.0,0.0,4068.0,0.0,136.0,1738.0,3147.0,3105.0,478.0,530.0,511.0,463.0,163.0,1002.0,985.0,959.0,698.0,463.0,6252.0,0.0,0.26,0.17,4.07,0.0,65.92,0.0,2.15,27.43,9.18,8.85,8.02,2.82,17.35,17.06,16.61,12.09,8.02,94.22,5.78,100.0,0.0,100.0,100.0,100.0,0.0,100.0,0.0,100.0,100.0,9.18,8.85,8.02,2.82,17.35,17.06,16.61,12.09,8.02,94.21,5.79,100.0,0.0,15.0,10.0,235.0,0.0,3806.0,0.0,124.0,1584.0,530.0,511.0,463.0,163.0,1002.0,985.0,959.0,698.0,463.0,5440.0,334.0,5774.0,0.0,0.23,0.15,3.49,0.0,66.89,0.0,2.16,27.09,49.97,50.03,100.0,48.68,13.65,27.09,10.56,0.0,11.0,7.0,165.0,0.0,3166.0,0.0,102.0,1282.0,2365.0,2368.0,4733.0,2304.0,646.0,1282.0,500.0
3550605,0.0,2.82,1.7,9.11,0.18,55.08,0.0,4.97,26.14,48.65,51.35,7.31,7.2,7.48,7.57,3.06,17.36,17.07,14.41,11.75,6.78,100.0,0.0,100.0,100.0,100.0,100.0,100.0,0.0,100.0,100.0,48.65,51.35,7.31,7.2,7.48,7.57,3.06,17.36,17.07,14.41,11.75,6.78,100.0,0.0,1979.0,1197.0,6395.0,127.0,38670.0,0.0,3490.0,18354.0,34156.0,36056.0,5136.0,5056.0,5252.0,5316.0,2149.0,12188.0,11985.0,10118.0,8251.0,4760.0,70212.0,0.0,2.83,1.71,9.09,0.19,55.57,0.0,4.9,25.73,7.77,8.07,8.17,3.3,18.73,18.42,15.55,12.68,7.31,96.72,3.28,100.0,0.0,100.0,100.0,100.0,100.0,100.0,0.0,100.0,100.0,7.77,8.07,8.17,3.3,18.73,18.42,15.55,12.68,7.32,96.72,3.28,100.0,0.0,1843.0,1110.0,5915.0,122.0,36160.0,0.0,3186.0,16741.0,5056.0,5252.0,5316.0,2149.0,12188.0,11985.0,10118.0,8251.0,4760.0,62942.0,2134.0,65076.0,0.0,3.27,1.53,7.88,0.19,56.96,0.0,5.0,25.16,47.78,52.22,100.0,28.4,13.55,35.05,23.0,0.0,1791.0,838.0,4318.0,106.0,31197.0,0.0,2736.0,13781.0,26168.0,28600.0,54768.0,15556.0,7419.0,19194.0,12598.0
3550704,0.04,2.19,1.25,14.43,0.14,45.3,0.31,7.53,28.82,48.56,51.44,8.2,8.73,8.61,8.28,1.93,18.12,18.4,13.62,9.52,4.59,100.0,100.0,100.0,100.0,100.0,100.0,100.0,100.0,100.0,100.0,48.56,51.44,8.2,8.73,8.61,8.28,1.93,18.12,18.4,13.62,9.52,4.59,100.0,28.0,1544.0,880.0,10180.0,98.0,31968.0,221.0,5312.0,20336.0,34271.0,36297.0,5790.0,6161.0,6073.0,5843.0,1365.0,12784.0,12984.0,9610.0,6720.0,3238.0,70568.0,0.04,2.25,1.3,14.32,0.14,45.6,0.27,7.56,28.51,9.51,9.38,9.02,2.11,19.74,20.04,14.84,10.37,5.0,95.79,4.21,100.0,100.0,100.0,100.0,100.0,100.0,100.0,100.0,100.0,100.0,9.51,9.38,9.02,2.11,19.74,20.04,14.84,10.37,5.0,95.79,4.21,100.0,28.0,1459.0,839.0,9276.0,92.0,29539.0,177.0,4897.0,18471.0,6161.0,6073.0,5843.0,1365.0,12784.0,12984.0,9610.0,6720.0,3238.0,62048.0,2730.0,64778.0,0.01,2.51,1.36,12.85,0.15,47.23,0.22,7.58,28.09,47.64,52.36,100.0,29.72,15.03,38.38,16.87,3.0,1317.0,717.0,6754.0,77.0,24817.0,115.0,3982.0,14762.0,25032.0,27512.0,52544.0,15617.0,7895.0,20166.0,8866.0
3550803,0.0,1.37,0.18,3.66,0.05,73.76,0.0,0.99,19.99,49.61,50.39,6.54,6.98,7.25,7.64,3.56,16.76,16.18,15.43,12.69,6.99,100.0,0.0,100.0,100.0,100.0,100.0,100.0,0.0,100.0,100.0,49.61,50.39,6.54,6.98,7.25,7.64,3.56,16.76,16.18,15.43,12.69,6.99,100.0,0.0,128.0,17.0,342.0,5.0,6884.0,0.0,92.0,1866.0,4630.0,4703.0,610.0,651.0,677.0,713.0,332.0,1564.0,1510.0,1440.0,1184.0,652.0,9333.0,0.0,1.4,0.19,3.57,0.06,73.89,0.0,1.05,19.86,7.46,7.76,8.17,3.81,17.93,17.31,16.51,13.57,7.47,95.54,4.46,100.0,0.0,100.0,100.0,100.0,100.0,100.0,0.0,100.0,100.0,7.46,7.76,8.17,3.81,17.93,17.31,16.51,13.57,7.47,95.54,4.46,100.0,0.0,122.0,17.0,311.0,5.0,6445.0,0.0,92.0,1732.0,651.0,677.0,713.0,332.0,1564.0,1510.0,1440.0,1184.0,652.0,8334.0,389.0,8723.0,0.0,1.58,0.23,3.0,0.07,74.5,0.0,1.0,19.62,49.43,50.57,100.0,45.34,14.59,25.45,14.62,0.0,117.0,17.0,222.0,5.0,5509.0,0.0,74.0,1451.0,3655.0,3740.0,7395.0,3353.0,1079.0,1882.0,1081.0
3550902,0.0,2.55,1.28,7.36,0.0,63.12,0.0,2.02,23.68,48.78,51.22,6.99,7.68,7.2,7.01,3.91,16.1,15.83,15.35,12.67,7.26,100.0,0.0,100.0,100.0,100.0,0.0,100.0,0.0,100.0,100.0,48.78,51.22,6.99,7.68,7.2,7.01,3.91,16.1,15.83,15.35,12.67,7.26,100.0,0.0,308.0,154.0,889.0,0.0,7622.0,0.0,244.0,2859.0,5890.0,6185.0,844.0,927.0,869.0,847.0,472.0,1944.0,1911.0,1854.0,1530.0,877.0,12075.0,0.0,2.69,1.28,7.13,0.0,63.83,0.0,1.93,23.13,8.25,7.74,7.54,4.2,17.31,17.02,16.51,13.62,7.81,97.68,2.32,100.0,0.0,100.0,100.0,100.0,0.0,100.0,0.0,100.0,100.0,8.25,7.74,7.54,4.2,17.31,17.02,16.51,13.62,7.81,97.68,2.32,100.0,0.0,302.0,144.0,801.0,0.0,7169.0,0.0,217.0,2598.0,927.0,869.0,847.0,472.0,1944.0,1911.0,1854.0,1530.0,877.0,10970.0,261.0,11231.0,0.0,2.93,1.13,5.87,0.0,65.1,0.0,2.17,22.8,47.75,52.25,100.0,31.17,14.54,38.84,15.45,0.0,276.0,107.0,554.0,0.0,6142.0,0.0,205.0,2151.0,4505.0,4930.0,9435.0,2941.0,1372.0,3665.0,1458.0
3551009,0.06,3.42,2.39,13.8,0.1,45.72,0.01,6.57,27.92,47.69,52.31,7.23,7.65,8.61,8.34,2.51,17.1,16.86,14.52,11.17,6.01,100.0,100.0,100.0,100.0,100.0,100.0,100.0,100.0,100.0,100.0,47.69,52.31,7.23,7.65,8.61,8.34,2.51,17.1,16.86,14.52,11.17,6.01,100.0,182.0,9964.0,6964.0,40163.0,283.0,133031.0,33.0,19124.0,81233.0,138758.0,152220.0,21032.0,22257.0,25058.0,24271.0,7313.0,49753.0,49059.0,42244.0,32501.0,17490.0,290978.0,0.06,3.56,2.39,13.56,0.09,46.14,0.01,6.51,27.67,8.24,9.28,8.99,2.71,18.43,18.17,15.65,12.04,6.48,96.81,3.19,100.0,100.0,100.0,100.0,100.0,100.0,100.0,100.0,100.0,100.0,8.25,9.28,8.99,2.71,18.43,18.17,15.65,12.04,6.48,96.81,3.19,100.0,170.0,9600.0,6464.0,36611.0,250.0,124558.0,33.0,17577.0,74682.0,22257.0,25058.0,24271.0,7313.0,49753.0,49059.0,42244.0,32501.0,17490.0,261325.0,8621.0,269946.0,0.06,3.92,2.23,12.15,0.07,47.97,0.01,6.34,27.25,46.6,53.4,100.0,27.72,19.52,38.63,14.13,137.0,8736.0,4966.0,27058.0,153.0,106785.0,33.0,14104.0,60660.0,103740.0,118891.0,222631.0,61714.0,43452.0,86008.0,31457.0
3551108,0.0,0.7,0.31,3.82,1.52,61.87,0.0,5.39,26.38,50.38,49.62,7.72,8.27,7.93,8.1,2.66,16.37,15.9,14.15,12.42,6.48,100.0,0.0,100.0,100.0,100.0,100.0,100.0,0.0,100.0,100.0,50.38,49.62,7.72,8.27,7.93,8.1,2.66,16.37,15.9,14.15,12.42,6.48,100.0,0.0,63.0,28.0,345.0,137.0,5586.0,0.0,487.0,2382.0,4549.0,4480.0,697.0,747.0,716.0,731.0,240.0,1478.0,1436.0,1278.0,1121.0,585.0,9029.0,0.0,0.76,0.34,3.36,1.5,63.01,0.0,5.27,25.76,8.97,8.59,8.77,2.88,17.74,17.23,15.34,13.45,7.02,95.57,4.43,100.0,0.0,100.0,100.0,100.0,100.0,100.0,0.0,100.0,100.0,8.97,8.59,8.77,2.88,17.74,17.23,15.34,13.45,7.02,95.57,4.43,100.0,0.0,63.0,28.0,280.0,125.0,5250.0,0.0,439.0,2146.0,747.0,716.0,731.0,240.0,1478.0,1436.0,1278.0,1121.0,585.0,7963.0,369.0,8332.0,0.0,0.92,0.35,3.06,1.0,64.59,0.0,5.24,24.85,50.27,49.73,100.0,40.94,11.08,35.99,11.98,0.0,63.0,24.0,210.0,69.0,4437.0,0.0,360.0,1707.0,3453.0,3416.0,6869.0,2812.0,761.0,2472.0,823.0
3551207,0.0,0.12,0.09,4.32,0.0,59.9,0.0,2.57,33.06,49.13,50.87,7.28,8.66,8.36,8.85,3.24,15.46,14.51,14.02,12.46,7.16,100.0,0.0,100.0,100.0,100.0,0.0,100.0,0.0,100.0,100.0,49.13,50.87,7.28,8.66,8.36,8.85,3.24,15.46,14.51,14.02,12.46,7.16,100.0,0.0,4.0,3.0,141.0,0.0,1957.0,0.0,84.0,1080.0,1605.0,1662.0,238.0,283.0,273.0,289.0,106.0,505.0,474.0,458.0,407.0,234.0,3267.0,0.0,0.13,0.1,4.23,0.0,60.55,0.0,2.48,32.52,9.34,9.01,9.54,3.5,16.67,15.65,15.12,13.44,7.73,92.31,7.69,100.0,0.0,100.0,100.0,100.0,0.0,100.0,0.0,100.0,100.0,9.34,9.01,9.54,3.5,16.67,15.65,15.12,13.44,7.73,92.3,7.7,100.0,0.0,4.0,3.0,128.0,0.0,1834.0,0.0,75.0,985.0,283.0,273.0,289.0,106.0,505.0,474.0,458.0,407.0,234.0,2796.0,233.0,3029.0,0.0,0.0,0.12,3.8,0.0,62.23,0.0,2.3,31.5,48.52,51.48,100.0,51.8,12.05,28.79,7.36,0.0,0.0,3.0,94.0,0.0,1539.0,0.0,57.0,779.0,1200.0,1273.0,2473.0,1281.0,298.0,712.0,182.0
3551306,0.0,0.51,0.0,2.69,0.0,75.03,0.0,1.96,19.82,48.06,51.94,6.93,6.21,5.55,6.72,3.81,17.6,15.46,15.61,14.7,7.4,100.0,0.0,100.0,0.0,100.0,0.0,100.0,0.0,100.0,100.0,48.06,51.94,6.93,6.21,5.55,6.72,3.81,17.6,15.46,15.61,14.7,7.4,100.0,0.0,14.0,0.0,74.0,0.0,2067.0,0.0,54.0,546.0,1324.0,1431.0,191.0,171.0,153.0,185.0,105.0,485.0,426.0,430.0,405.0,204.0,2755.0,0.0,0.55,0.0,2.38,0.0,75.74,0.0,1.87,19.46,6.67,5.97,7.22,4.1,18.92,16.61,16.77,15.8,7.96,93.45,6.55,100.0,0.0,100.0,0.0,100.0,0.0,100.0,0.0,100.0,100.0,6.67,5.97,7.22,4.1,18.92,16.61,16.77,15.8,7.96,93.43,6.57,100.0,0.0,14.0,0.0,61.0,0.0,1942.0,0.0,48.0,499.0,171.0,153.0,185.0,105.0,485.0,426.0,430.0,405.0,204.0,2396.0,168.0,2564.0,0.0,0.63,0.0,2.41,0.0,75.85,0.0,2.14,18.97,47.63,52.37,100.0,39.51,17.37,28.57,14.6,0.0,14.0,0.0,54.0,0.0,1699.0,0.0,48.0,425.0,1067.0,1173.0,2240.0,885.0,389.0,640.0,327.0
3551405,1.05,1.8,0.72,8.34,0.1,53.6,0.0,4.43,29.97,65.55,34.45,5.37,6.38,9.58,11.56,1.48,22.14,17.81,12.54,8.91,4.23,100.0,100.0,100.0,100.0,100.0,100.0,100.0,0.0,100.0,100.0,65.55,34.45,5.37,6.38,9.58,11.56,1.48,22.14,17.81,12.54,8.91,4.23,100.0,122.0,208.0,83.0,965.0,12.0,6200.0,0.0,512.0,3467.0,7582.0,3985.0,621.0,738.0,1108.0,1337.0,171.0,2561.0,2060.0,1451.0,1031.0,489.0,11567.0,1.11,1.9,0.76,8.12,0.11,53.17,0.0,4.57,30.26,6.74,10.12,12.21,1.56,23.4,18.82,13.26,9.42,4.47,93.66,6.34,100.0,100.0,100.0,100.0,100.0,100.0,100.0,0.0,100.0,100.0,6.74,10.12,12.21,1.56,23.4,18.82,13.26,9.42,4.47,93.66,6.34,100.0,122.0,208.0,83.0,889.0,12.0,5820.0,0.0,500.0,3312.0,738.0,1108.0,1337.0,171.0,2561.0,2060.0,1451.0,1031.0,489.0,10252.0,694.0,10946.0,0.76,2.09,0.73,7.05,0.0,55.26,0.0,4.47,29.64,67.15,32.85,100.0,47.31,17.73,28.69,6.27,69.0,190.0,66.0,642.0,0.0,5029.0,0.0,407.0,2697.0,6111.0,2989.0,9100.0,4305.0,1613.0,2611.0,571.0
3551504,0.0,1.29,0.39,9.86,0.16,62.31,0.0,3.51,22.47,49.04,50.95,8.08,8.58,9.4,9.02,1.88,18.86,16.83,13.8,8.81,4.75,100.0,0.0,100.0,100.0,100.0,100.0,100.0,0.0,100.0,100.0,49.04,50.96,8.08,8.58,9.4,9.02,1.88,18.86,16.82,13.8,8.81,4.75,100.0,0.0,495.0,148.0,3769.0,63.0,23825.0,0.0,1343.0,8591.0,18751.0,19482.0,3088.0,3279.0,3595.0,3448.0,719.0,7211.0,6433.0,5276.0,3368.0,1818.0,38234.0,0.0,1.38,0.39,9.77,0.1,62.82,0.0,3.55,21.99,9.33,10.23,9.81,2.05,20.52,18.3,15.01,9.58,5.17,95.74,4.26,100.0,0.0,100.0,100.0,100.0,100.0,100.0,0.0,100.0,100.0,9.33,10.23,9.81,2.04,20.52,18.3,15.01,9.58,5.17,95.74,4.26,100.0,0.0,485.0,138.0,3434.0,34.0,22079.0,0.0,1247.0,7728.0,3279.0,3595.0,3448.0,719.0,7211.0,6433.0,5276.0,3368.0,1818.0,33648.0,1498.0,35145.0,0.0,1.52,0.18,8.55,0.08,64.24,0.0,3.7,21.73,47.97,52.03,100.0,36.3,18.21,35.9,9.6,0.0,430.0,51.0,2418.0,24.0,18162.0,0.0,1045.0,6142.0,13562.0,14710.0,28271.0,10262.0,5148.0,10148.0,2713.0
3551603,0.0,3.69,2.16,5.41,0.06,62.92,0.0,3.91,21.83,47.84,52.16,6.08,6.56,7.12,6.93,4.34,15.48,17.17,14.78,13.47,8.08,100.0,0.0,100.0,100.0,100.0,100.0,100.0,0.0,100.0,100.0,47.84,52.16,6.08,6.56,7.12,6.93,4.34,15.48,17.17,14.78,13.47,8.08,100.0,0.0,990.0,578.0,1451.0,17.0,16861.0,0.0,1049.0,5849.0,12820.0,13976.0,1628.0,1757.0,1908.0,1858.0,1162.0,4147.0,4600.0,3961.0,3609.0,2166.0,26796.0,0.0,3.59,2.21,5.41,0.03,63.41,0.0,3.96,21.4,6.98,7.58,7.38,4.62,16.48,18.28,15.74,14.34,8.61,96.83,3.17,100.0,0.0,100.0,100.0,100.0,100.0,100.0,0.0,100.0,100.0,6.98,7.58,7.38,4.62,16.48,18.28,15.74,14.34,8.61,96.83,3.17,100.0,0.0,904.0,555.0,1361.0,7.0,15958.0,0.0,996.0,5386.0,1757.0,1908.0,1858.0,1162.0,4147.0,4600.0,3961.0,3609.0,2166.0,24371.0,797.0,25168.0,0.0,3.82,2.27,4.76,0.03,64.58,0.0,3.74,20.79,47.02,52.98,100.0,30.42,16.01,34.76,18.81,0.0,822.0,489.0,1024.0,7.0,13886.0,0.0,804.0,4470.0,10110.0,11393.0,21503.0,6541.0,3443.0,7475.0,4044.0
3551702,0.0,2.24,1.35,9.75,0.05,50.89,0.03,6.01,29.69,48.16,51.84,7.52,7.31,7.94,8.59,2.08,19.21,18.09,13.7,10.2,5.37,100.0,0.0,100.0,100.0,100.0,100.0,100.0,100.0,100.0,100.0,48.16,51.84,7.52,7.31,7.94,8.59,2.08,19.21,18.09,13.7,10.2,5.37,100.0,0.0,2479.0,1493.0,10800.0,50.0,56395.0,38.0,6663.0,32897.0,53370.0,57444.0,8336.0,8097.0,8799.0,9522.0,2304.0,21286.0,20043.0,15180.0,11298.0,5949.0,110814.0,0.0,2.32,1.38,9.61,0.01,51.36,0.04,5.99,29.3,7.9,8.59,9.29,2.25,20.77,19.56,14.81,11.02,5.81,96.49,3.51,100.0,0.0,100.0,100.0,100.0,100.0,100.0,100.0,100.0,100.0,7.9,8.59,9.29,2.25,20.77,19.56,14.81,11.02,5.81,96.49,3.51,100.0,0.0,2373.0,1415.0,9844.0,12.0,52630.0,38.0,6143.0,30024.0,8097.0,8799.0,9522.0,2304.0,21286.0,20043.0,15180.0,11298.0,5949.0,98884.0,3595.0,102478.0,0.0,2.37,1.14,8.51,0.01,53.07,0.03,6.27,28.6,47.43,52.57,100.0,31.08,16.13,33.95,18.84,0.0,2029.0,975.0,7282.0,12.0,45420.0,25.0,5362.0,24477.0,40589.0,44993.0,85582.0,26602.0,13804.0,29056.0,16120.0
3551801,0.0,1.68,0.16,14.16,0.32,38.47,0.36,2.2,42.66,50.84,49.16,8.7,8.65,7.6,6.89,3.03,14.92,16.95,14.64,11.73,6.9,100.0,0.0,100.0,100.0,100.0,100.0,100.0,100.0,100.0,100.0,50.84,49.16,8.7,8.65,7.6,6.89,3.03,14.92,16.95,14.64,11.73,6.9,100.0,0.0,184.0,18.0,1552.0,35.0,4217.0,40.0,241.0,4676.0,5573.0,5389.0,954.0,948.0,833.0,755.0,332.0,1635.0,1858.0,1605.0,1286.0,756.0,10962.0,0.0,1.78,0.18,14.22,0.35,38.86,0.29,2.21,42.12,9.47,8.32,7.54,3.32,16.34,18.57,16.04,12.85,7.55,91.97,8.03,100.0,0.0,100.0,100.0,100.0,100.0,100.0,100.0,100.0,100.0,9.47,8.32,7.54,3.32,16.34,18.57,16.04,12.85,7.55,91.96,8.04,100.0,0.0,178.0,18.0,1423.0,35.0,3889.0,29.0,221.0,4215.0,948.0,833.0,755.0,332.0,1635.0,1858.0,1605.0,1286.0,756.0,9204.0,804.0,10008.0,0.0,1.87,0.13,12.63,0.43,40.18,0.21,2.24,42.3,50.41,49.59,100.0,48.47,16.42,27.58,7.54,0.0,154.0,11.0,1039.0,35.0,3306.0,17.0,184.0,3480.0,4147.0,4080.0,8227.0,3988.0,1351.0,2269.0,620.0
3551900,0.0,0.38,0.16,7.43,0.53,62.49,0.0,2.86,26.14,51.0,49.0,7.01,8.07,9.24,9.06,2.53,17.46,16.47,14.3,10.56,5.3,100.0,0.0,100.0,100.0,100.0,100.0,100.0,0.0,100.0,100.0,51.0,49.0,7.01,8.07,9.24,9.06,2.53,17.46,16.47,14.3,10.56,5.3,100.0,0.0,48.0,20.0,947.0,68.0,7963.0,0.0,365.0,3331.0,6498.0,6244.0,893.0,1028.0,1177.0,1154.0,323.0,2225.0,2099.0,1822.0,1346.0,675.0,12742.0,0.0,0.41,0.12,7.24,0.47,62.95,0.0,2.91,25.89,8.68,9.93,9.74,2.73,18.78,17.71,15.38,11.36,5.7,93.41,6.59,100.0,0.0,100.0,100.0,100.0,100.0,100.0,0.0,100.0,100.0,8.68,9.93,9.74,2.73,18.78,17.71,15.38,11.36,5.7,93.41,6.59,100.0,0.0,48.0,14.0,858.0,56.0,7459.0,0.0,345.0,3068.0,1028.0,1177.0,1154.0,323.0,2225.0,2099.0,1822.0,1346.0,675.0,11068.0,781.0,11849.0,0.0,0.39,0.04,6.45,0.36,63.69,0.0,2.92,26.15,50.4,49.6,100.0,43.41,14.33,30.64,11.62,0.0,38.0,4.0,622.0,35.0,6142.0,0.0,282.0,2522.0,4861.0,4783.0,9644.0,4186.0,1382.0,2955.0,1121.0
3552007,0.0,0.39,0.37,1.72,0.42,80.85,0.0,1.0,15.26,49.73,50.27,7.1,8.76,8.25,7.08,3.23,16.14,16.69,14.17,11.99,6.59,100.0,0.0,100.0,100.0,100.0,100.0,100.0,0.0,100.0,100.0,49.73,50.27,7.1,8.76,8.25,7.08,3.23,16.14,16.69,14.17,11.99,6.59,100.0,0.0,21.0,20.0,93.0,23.0,4383.0,0.0,54.0,827.0,2696.0,2725.0,385.0,475.0,447.0,384.0,175.0,875.0,905.0,768.0,650.0,357.0,5421.0,0.0,0.42,0.4,1.65,0.28,80.88,0.0,1.07,15.31,9.43,8.88,7.63,3.47,17.37,17.97,15.25,12.91,7.09,92.04,7.96,100.0,0.0,100.0,100.0,100.0,100.0,100.0,0.0,100.0,100.0,9.43,8.88,7.63,3.47,17.37,17.97,15.25,12.91,7.09,92.03,7.97,100.0,0.0,21.0,20.0,83.0,14.0,4073.0,0.0,54.0,771.0,475.0,447.0,384.0,175.0,875.0,905.0,768.0,650.0,357.0,4635.0,401.0,5036.0,0.0,0.51,0.36,1.43,0.17,81.5,0.0,1.0,15.0,49.76,50.24,100.0,49.3,11.89,28.42,10.4,0.0,21.0,15.0,59.0,7.0,3353.0,0.0,41.0,617.0,2047.0,2067.0,4114.0,2028.0,489.0,1169.0,428.0
3552106,0.02,1.72,1.52,6.59,0.28,65.13,0.0,3.08,21.66,49.03,50.97,6.51,6.39,6.54,6.79,4.21,16.14,16.82,14.96,13.58,8.06,100.0,100.0,100.0,100.0,100.0,100.0,100.0,0.0,100.0,100.0,49.03,50.97,6.51,6.39,6.54,6.79,4.21,16.14,16.82,14.96,13.58,8.06,100.0,8.0,618.0,547.0,2374.0,102.0,23457.0,0.0,1109.0,7802.0,17659.0,18357.0,2344.0,2303.0,2355.0,2446.0,1517.0,5813.0,6059.0,5387.0,4890.0,2902.0,36016.0,0.02,1.8,1.45,6.29,0.27,65.82,0.0,3.21,21.14,6.84,6.99,7.26,4.51,17.26,17.99,16.0,14.52,8.62,95.83,4.17,100.0,100.0,100.0,100.0,100.0,100.0,100.0,0.0,100.0,100.0,6.84,6.99,7.26,4.5,17.26,17.99,16.0,14.52,8.62,95.83,4.17,100.0,8.0,605.0,489.0,2118.0,90.0,22165.0,0.0,1080.0,7118.0,2303.0,2355.0,2446.0,1517.0,5813.0,6059.0,5387.0,4890.0,2902.0,32268.0,1405.0,33673.0,0.03,1.91,1.17,5.4,0.23,67.33,0.0,3.31,20.62,48.44,51.56,100.0,40.65,14.31,27.46,17.59,8.0,554.0,339.0,1566.0,66.0,19536.0,0.0,961.0,5984.0,14054.0,14960.0,29014.0,11793.0,4152.0,7966.0,5104.0
3552205,0.01,3.23,1.0,9.69,0.17,47.88,0.03,5.42,32.56,47.97,52.03,6.99,7.37,8.16,8.84,2.53,19.02,17.26,13.98,10.39,5.47,100.0,100.0,100.0,100.0,100.0,100.0,100.0,100.0,100.0,100.0,47.97,52.03,6.99,7.37,8.16,8.84,2.53,19.02,17.26,13.98,10.39,5.47,100.0,95.0,20618.0,6359.0,61833.0,1099.0,305441.0,186.0,34570.0,207690.0,305967.0,331923.0,44565.0,46981.0,52067.0,56383.0,16153.0,121303.0,110127.0,89177.0,66256.0,34876.0,637890.0,0.02,3.28,1.02,9.61,0.16,48.35,0.03,5.42,32.11,7.92,8.78,9.5,2.72,20.44,18.56,15.03,11.17,5.88,97.96,2.04,100.0,100.0,100.0,100.0,100.0,100.0,100.0,100.0,100.0,100.0,7.92,8.78,9.5,2.72,20.44,18.56,15.03,11.17,5.88,97.96,2.04,100.0,95.0,19472.0,6025.0,57040.0,951.0,286873.0,186.0,32186.0,190495.0,46981.0,52067.0,56383.0,16153.0,121303.0,110127.0,89177.0,66256.0,34876.0,581213.0,12112.0,593325.0,0.02,3.57,0.91,8.67,0.15,49.69,0.03,5.33,31.64,46.95,53.05,100.0,21.75,12.77,39.31,26.17,95.0,17635.0,4507.0,42848.0,736.0,245599.0,141.0,26330.0,156385.0,232049.0,262227.0,494276.0,107484.0,63123.0,194306.0,129363.0
3552304,0.0,0.79,0.19,3.99,0.23,64.51,0.0,1.95,28.35,49.47,50.53,7.26,7.2,7.0,7.45,2.8,15.9,17.2,16.15,12.13,6.92,100.0,0.0,100.0,100.0,100.0,100.0,100.0,0.0,100.0,100.0,49.47,50.53,7.26,7.2,7.0,7.45,2.8,15.9,17.2,16.15,12.13,6.92,100.0,0.0,51.0,12.0,258.0,15.0,4175.0,0.0,126.0,1835.0,3202.0,3270.0,470.0,466.0,453.0,482.0,181.0,1029.0,1113.0,1045.0,785.0,448.0,6472.0,0.0,0.85,0.15,4.08,0.25,65.03,0.0,1.77,27.89,7.76,7.55,8.03,3.02,17.14,18.54,17.41,13.08,7.46,93.12,6.88,100.0,0.0,100.0,100.0,100.0,100.0,100.0,0.0,100.0,100.0,7.76,7.55,8.03,3.02,17.14,18.54,17.41,13.08,7.46,93.12,6.88,100.0,0.0,51.0,9.0,245.0,15.0,3903.0,0.0,106.0,1674.0,466.0,453.0,482.0,181.0,1029.0,1113.0,1045.0,785.0,448.0,5589.0,413.0,6002.0,0.0,0.9,0.18,3.4,0.3,65.24,0.0,1.63,28.33,49.22,50.78,100.0,35.27,16.51,35.35,12.87,0.0,46.0,9.0,173.0,15.0,3316.0,0.0,83.0,1440.0,2502.0,2581.0,5083.0,1793.0,839.0,1797.0,654.0
3552403,0.0,1.03,1.11,12.12,0.08,44.39,0.0,7.06,34.19,48.55,51.45,7.81,7.7,8.43,8.79,1.64,19.74,18.18,13.55,9.63,4.52,100.0,100.0,100.0,100.0,100.0,100.0,100.0,100.0,100.0,100.0,48.55,51.45,7.81,7.7,8.43,8.79,1.64,19.74,18.18,13.55,9.63,4.52,100.0,12.0,2518.0,2709.0,29556.0,195.0,108237.0,12.0,17217.0,83365.0,118383.0,125438.0,19047.0,18774.0,20559.0,21420.0,4008.0,48140.0,44324.0,33042.0,23490.0,11017.0,243821.0,0.01,1.05,1.13,11.98,0.08,44.77,0.0,7.07,33.91,8.35,9.15,9.53,1.78,21.42,19.72,14.7,10.45,4.9,96.14,3.86,100.0,100.0,100.0,100.0,100.0,100.0,100.0,0.0,100.0,100.0,8.35,9.15,9.53,1.78,21.42,19.72,14.7,10.45,4.9,96.14,3.86,100.0,12.0,2369.0,2549.0,26923.0,182.0,100635.0,0.0,15881.0,76224.0,18774.0,20559.0,21420.0,4008.0,48140.0,44324.0,33042.0,23490.0,11017.0,216092.0,8682.0,224774.0,0.01,1.18,1.09,10.67,0.06,46.12,0.0,7.03,33.85,47.83,52.17,100.0,28.79,14.89,42.16,14.17,12.0,2180.0,2029.0,19793.0,108.0,85529.0,0.0,13028.0,62763.0,88688.0,96753.0,185441.0,53381.0,27606.0,78186.0,26268.0
3552502,0.05,2.01,1.78,12.6,0.09,39.38,0.03,7.92,36.12,47.92,52.08,7.99,8.36,8.99,9.13,1.7,18.47,17.58,13.58,9.56,4.64,100.0,100.0,100.0,100.0,100.0,100.0,100.0,100.0,100.0,100.0,47.92,52.08,7.99,8.36,8.99,9.13,1.7,18.47,17.58,13.58,9.56,4.64,100.0,145.0,5344.0,4748.0,33536.0,243.0,104789.0,88.0,21073.0,96118.0,127511.0,138573.0,21268.0,22250.0,23915.0,24292.0,4522.0,49134.0,46782.0,36139.0,25449.0,12333.0,266084.0,0.06,2.04,1.82,12.49,0.09,39.94,0.04,7.83,35.7,9.09,9.77,9.92,1.85,20.07,19.11,14.76,10.4,5.04,96.72,3.28,100.0,100.0,100.0,100.0,100.0,100.0,100.0,100.0,100.0,100.0,9.09,9.77,9.92,1.85,20.07,19.11,14.76,10.4,5.04,96.72,3.28,100.0,145.0,5004.0,4448.0,30581.0,220.0,97771.0,88.0,19168.0,87390.0,22250.0,23915.0,24292.0,4522.0,49134.0,46782.0,36139.0,25449.0,12333.0,236776.0,8040.0,244816.0,0.06,2.16,1.76,11.37,0.06,41.21,0.03,7.8,35.56,46.89,53.11,100.0,25.59,14.49,44.35,15.56,120.0,4286.0,3505.0,22578.0,118.0,81859.0,54.0,15494.0,70637.0,93153.0,105498.0,198651.0,50843.0,28787.0,88108.0,30913.0
3552551,0.0,0.2,0.0,7.82,0.0,54.82,0.0,3.83,33.34,50.4,49.6,7.32,7.22,6.86,6.66,2.87,16.39,16.19,16.89,12.43,7.16,100.0,0.0,100.0,0.0,100.0,0.0,100.0,0.0,100.0,100.0,50.4,49.6,7.32,7.22,6.86,6.66,2.87,16.39,16.19,16.89,12.43,7.16,100.0,0.0,6.0,0.0,237.0,0.0,1662.0,0.0,116.0,1011.0,1528.0,1504.0,222.0,219.0,208.0,202.0,87.0,497.0,491.0,512.0,377.0,217.0,3032.0,0.0,0.21,0.0,8.01,0.0,55.55,0.0,3.99,32.24,7.79,7.4,7.19,3.1,17.69,17.47,18.22,13.42,7.72,93.77,6.23,100.0,0.0,100.0,0.0,100.0,0.0,100.0,0.0,100.0,100.0,7.79,7.4,7.19,3.1,17.69,17.47,18.22,13.42,7.72,93.78,6.22,100.0,0.0,6.0,0.0,225.0,0.0,1561.0,0.0,112.0,906.0,219.0,208.0,202.0,87.0,497.0,491.0,512.0,377.0,217.0,2635.0,175.0,2810.0,0.0,0.25,0.0,6.92,0.0,56.65,0.0,3.94,32.19,50.06,49.94,100.0,42.38,11.58,29.79,16.24,0.0,6.0,0.0,165.0,0.0,1350.0,0.0,94.0,767.0,1193.0,1190.0,2383.0,1010.0,276.0,710.0,387.0
3552601,0.0,3.95,0.12,4.14,0.36,68.68,0.0,2.18,20.57,49.32,50.68,6.08,6.81,6.71,6.44,4.12,18.27,16.17,15.51,12.82,7.07,100.0,0.0,100.0,100.0,100.0,100.0,100.0,0.0,100.0,100.0,49.32,50.68,6.08,6.81,6.72,6.43,4.11,18.27,16.18,15.51,12.82,7.07,100.0,0.0,398.0,12.0,418.0,36.0,6926.0,0.0,220.0,2074.0,4974.0,5111.0,613.0,687.0,677.0,649.0,415.0,1843.0,1631.0,1564.0,1293.0,713.0,10085.0,0.0,3.89,0.13,3.97,0.27,69.46,0.0,2.15,20.13,7.25,7.15,6.85,4.38,19.46,17.22,16.51,13.65,7.53,95.25,4.75,100.0,0.0,100.0,100.0,100.0,100.0,100.0,0.0,100.0,100.0,7.26,7.15,6.85,4.38,19.45,17.22,16.51,13.65,7.53,95.25,4.75,100.0,0.0,368.0,12.0,376.0,26.0,6579.0,0.0,204.0,1907.0,687.0,677.0,649.0,415.0,1843.0,1631.0,1564.0,1293.0,713.0,9022.0,450.0,9472.0,0.0,4.26,0.1,3.42,0.2,69.44,0.0,2.15,20.44,48.51,51.48,100.0,41.54,14.81,29.42,14.22,0.0,345.0,8.0,277.0,16.0,5630.0,0.0,174.0,1657.0,3933.0,4174.0,8108.0,3368.0,1201.0,2385.0,1153.0
3552700,0.0,1.18,0.96,6.63,0.1,64.14,0.12,3.07,23.8,49.36,50.64,7.27,7.24,7.88,8.02,2.9,17.84,17.25,13.85,11.69,6.06,100.0,0.0,100.0,100.0,100.0,100.0,100.0,100.0,100.0,100.0,49.36,50.64,7.27,7.24,7.88,8.02,2.9,17.84,17.25,13.85,11.69,6.06,100.0,0.0,151.0,123.0,851.0,13.0,8229.0,15.0,394.0,3054.0,6333.0,6497.0,933.0,929.0,1011.0,1029.0,372.0,2289.0,2213.0,1777.0,1500.0,777.0,12830.0,0.0,1.27,1.03,6.29,0.1,64.87,0.13,3.02,23.28,7.81,8.5,8.65,3.13,19.24,18.6,14.94,12.61,6.53,94.45,5.55,100.0,0.0,100.0,100.0,100.0,100.0,100.0,100.0,100.0,100.0,7.81,8.5,8.65,3.13,19.24,18.6,14.94,12.61,6.53,94.46,5.54,100.0,0.0,151.0,123.0,748.0,12.0,7718.0,15.0,359.0,2770.0,929.0,1011.0,1029.0,372.0,2289.0,2213.0,1777.0,1500.0,777.0,11237.0,660.0,11897.0,0.0,1.45,0.87,5.95,0.11,65.18,0.09,3.17,23.16,48.79,51.21,100.0,46.25,14.2,27.52,12.04,0.0,144.0,87.0,592.0,11.0,6490.0,9.0,316.0,2306.0,4858.0,5099.0,9957.0,4605.0,1414.0,2740.0,1199.0
3552809,0.08,2.14,2.24,12.05,0.24,52.47,0.01,6.22,24.54,46.99,53.01,7.63,7.89,8.94,8.86,1.71,18.78,18.71,13.77,9.22,4.49,100.0,100.0,100.0,100.0,100.0,100.0,100.0,100.0,100.0,100.0,46.99,53.01,7.63,7.89,8.94,8.86,1.71,18.78,18.71,13.77,9.22,4.49,100.0,196.0,5137.0,5382.0,28909.0,578.0,125826.0,34.0,14911.0,58838.0,112699.0,127113.0,18296.0,18919.0,21449.0,21247.0,4107.0,45028.0,44870.0,33025.0,22107.0,10764.0,239812.0,0.08,2.2,2.22,11.96,0.23,52.89,0.02,6.15,24.24,8.54,9.68,9.59,1.85,20.33,20.26,14.91,9.98,4.86,97.22,2.78,100.0,100.0,100.0,100.0,100.0,100.0,100.0,100.0,100.0,100.0,8.54,9.68,9.59,1.85,20.33,20.26,14.91,9.98,4.86,97.22,2.78,100.0,183.0,4866.0,4927.0,26487.0,515.0,117170.0,34.0,13632.0,53700.0,18919.0,21449.0,21247.0,4107.0,45028.0,44870.0,33025.0,22107.0,10764.0,215347.0,6169.0,221516.0,0.08,2.33,2.09,10.77,0.19,53.91,0.02,6.27,24.34,45.7,54.3,100.0,24.45,15.12,39.28,21.15,140.0,4222.0,3791.0,19515.0,341.0,97652.0,34.0,11354.0,44098.0,82780.0,98368.0,181148.0,44289.0,27390.0,71152.0,38318.0
3552908,0.0,0.06,0.0,2.47,0.0,72.05,0.0,0.57,24.85,48.74,51.26,7.99,7.42,7.37,8.49,3.03,17.04,16.4,15.93,10.45,5.87,100.0,0.0,100.0,0.0,100.0,0.0,100.0,0.0,100.0,100.0,48.74,51.26,7.99,7.42,7.37,8.49,3.03,17.04,16.4,15.93,10.45,5.87,100.0,0.0,3.0,0.0,134.0,0.0,3902.0,0.0,31.0,1346.0,2640.0,2776.0,433.0,402.0,399.0,460.0,164.0,923.0,888.0,863.0,566.0,318.0,5416.0,0.0,0.06,0.0,2.37,0.0,72.67,0.0,0.54,24.38,8.07,8.01,9.23,3.29,18.52,17.82,17.32,11.36,6.38,94.44,5.56,100.0,0.0,100.0,0.0,100.0,0.0,100.0,0.0,100.0,100.0,8.07,8.01,9.23,3.29,18.52,17.82,17.32,11.36,6.38,94.44,5.56,100.0,0.0,3.0,0.0,118.0,0.0,3621.0,0.0,27.0,1215.0,402.0,399.0,460.0,164.0,923.0,888.0,863.0,566.0,318.0,4706.0,277.0,4983.0,0.0,0.07,0.0,1.98,0.0,74.53,0.0,0.5,22.91,48.52,51.48,100.0,39.89,12.24,35.68,12.17,0.0,3.0,0.0,83.0,0.0,3117.0,0.0,21.0,958.0,2029.0,2153.0,4182.0,1668.0,512.0,1492.0,509.0
3553005,0.0,0.37,0.48,3.7,0.19,66.44,0.0,5.16,23.67,49.21,50.79,8.21,8.25,9.45,9.35,1.98,19.36,15.4,12.8,9.71,5.49,100.0,0.0,100.0,100.0,100.0,100.0,100.0,0.0,100.0,100.0,49.21,50.79,8.21,8.25,9.45,9.35,1.98,19.36,15.4,12.8,9.71,5.49,100.0,0.0,41.0,52.0,405.0,21.0,7272.0,0.0,565.0,2591.0,5387.0,5559.0,899.0,903.0,1034.0,1023.0,217.0,2119.0,1686.0,1401.0,1063.0,601.0,10946.0,0.0,0.36,0.2,3.86,0.21,67.07,0.0,4.89,23.41,8.99,10.29,10.18,2.16,21.09,16.78,13.94,10.58,5.98,95.77,4.23,100.0,0.0,100.0,100.0,100.0,100.0,100.0,0.0,100.0,100.0,8.99,10.29,10.18,2.16,21.09,16.78,13.94,10.58,5.98,95.77,4.23,100.0,0.0,36.0,20.0,388.0,21.0,6739.0,0.0,491.0,2352.0,903.0,1034.0,1023.0,217.0,2119.0,1686.0,1401.0,1063.0,601.0,9622.0,425.0,10047.0,0.0,0.39,0.07,3.22,0.2,69.43,0.0,4.73,21.96,48.43,51.57,100.0,45.5,17.68,27.56,9.26,0.0,32.0,6.0,261.0,16.0,5631.0,0.0,384.0,1781.0,3928.0,4182.0,8110.0,3690.0,1434.0,2235.0,751.0
3553104,0.0,0.36,0.24,6.65,0.0,66.7,0.0,1.46,24.58,50.19,49.81,6.27,7.55,7.95,8.13,3.99,16.35,15.91,15.81,10.92,7.13,100.0,0.0,100.0,100.0,100.0,0.0,100.0,0.0,100.0,100.0,50.19,49.81,6.27,7.55,7.95,8.13,3.99,16.35,15.91,15.81,10.92,7.13,100.0,0.0,18.0,12.0,333.0,0.0,3341.0,0.0,73.0,1231.0,2514.0,2495.0,314.0,378.0,398.0,407.0,200.0,819.0,797.0,792.0,547.0,357.0,5009.0,0.0,0.38,0.19,7.09,0.0,66.69,0.0,1.47,24.13,8.05,8.48,8.67,4.26,17.44,16.98,16.87,11.65,7.6,92.23,7.77,100.0,0.0,100.0,100.0,100.0,0.0,100.0,0.0,100.0,100.0,8.05,8.48,8.67,4.26,17.44,16.98,16.87,11.65,7.6,92.24,7.76,100.0,0.0,18.0,9.0,333.0,0.0,3131.0,0.0,69.0,1133.0,378.0,398.0,407.0,200.0,819.0,797.0,792.0,547.0,357.0,4330.0,365.0,4695.0,0.0,0.46,0.23,5.69,0.0,68.33,0.0,1.68,23.63,49.81,50.19,100.0,47.44,12.53,27.05,12.96,0.0,18.0,9.0,223.0,0.0,2678.0,0.0,66.0,926.0,1952.0,1967.0,3919.0,1859.0,491.0,1060.0,508.0
3553203,0.0,1.16,0.71,3.82,0.0,70.76,0.0,1.99,21.56,57.42,42.58,4.9,6.31,9.76,10.23,3.78,19.5,15.09,12.51,10.94,6.97,100.0,0.0,100.0,100.0,100.0,0.0,100.0,0.0,100.0,100.0,57.42,42.58,4.9,6.31,9.76,10.23,3.78,19.5,15.09,12.51,10.94,6.97,100.0,0.0,69.0,42.0,226.0,0.0,4191.0,0.0,118.0,1277.0,3401.0,2522.0,290.0,374.0,578.0,606.0,224.0,1155.0,894.0,741.0,648.0,413.0,5923.0,0.0,1.17,0.75,3.8,0.0,71.06,0.0,2.06,21.14,6.64,10.26,10.76,3.98,20.5,15.87,13.15,11.5,7.33,94.09,5.91,100.0,0.0,100.0,100.0,100.0,0.0,100.0,0.0,100.0,100.0,6.64,10.26,10.76,3.98,20.5,15.87,13.15,11.5,7.33,94.08,5.92,100.0,0.0,66.0,42.0,214.0,0.0,4003.0,0.0,116.0,1191.0,374.0,578.0,606.0,224.0,1155.0,894.0,741.0,648.0,413.0,5300.0,333.0,5633.0,0.0,1.28,0.45,2.84,0.0,73.3,0.0,2.11,20.0,55.84,44.16,100.0,40.25,16.41,28.9,14.42,0.0,60.0,21.0,133.0,0.0,3431.0,0.0,99.0,936.0,2614.0,2067.0,4681.0,1884.0,768.0,1353.0,675.0
3553302,0.0,2.07,0.99,5.48,0.0,65.07,0.0,5.7,20.7,48.88,51.12,7.29,6.99,7.22,7.96,3.34,16.93,15.83,15.01,12.53,6.91,100.0,0.0,100.0,100.0,100.0,0.0,100.0,0.0,100.0,100.0,48.88,51.12,7.29,6.99,7.22,7.96,3.34,16.93,15.83,15.01,12.53,6.91,100.0,0.0,390.0,186.0,1035.0,0.0,12286.0,0.0,1076.0,3908.0,9228.0,9652.0,1377.0,1319.0,1363.0,1503.0,630.0,3196.0,2988.0,2834.0,2366.0,1304.0,18880.0,0.0,2.08,0.98,5.18,0.0,66.11,0.0,5.79,19.85,7.54,7.79,8.59,3.6,18.26,17.07,16.19,13.52,7.45,96.83,3.17,100.0,0.0,100.0,100.0,100.0,0.0,100.0,0.0,100.0,100.0,7.54,7.79,8.59,3.6,18.26,17.07,16.19,13.52,7.45,96.83,3.17,100.0,0.0,364.0,172.0,907.0,0.0,11572.0,0.0,1013.0,3475.0,1319.0,1363.0,1503.0,630.0,3196.0,2988.0,2834.0,2366.0,1304.0,16948.0,555.0,17503.0,0.0,2.35,0.99,5.01,0.0,66.87,0.0,5.64,19.14,48.53,51.47,100.0,38.49,17.52,27.02,16.96,0.0,348.0,146.0,743.0,0.0,9911.0,0.0,836.0,2837.0,7193.0,7628.0,14821.0,5705.0,2596.0,4005.0,2514.0
3553401,0.0,1.66,0.61,3.74,0.12,63.92,0.0,3.06,26.88,49.07,50.93,6.66,6.55,6.98,7.54,3.91,16.36,16.47,15.43,12.65,7.46,100.0,0.0,100.0,100.0,100.0,100.0,100.0,0.0,100.0,100.0,49.07,50.93,6.66,6.55,6.98,7.54,3.91,16.36,16.47,15.43,12.65,7.46,100.0,0.0,372.0,137.0,837.0,26.0,14290.0,0.0,685.0,6009.0,10971.0,11385.0,1489.0,1464.0,1560.0,1685.0,875.0,3658.0,3681.0,3449.0,2827.0,1668.0,22356.0,0.0,1.56,0.62,3.71,0.12,64.28,0.0,3.08,26.63,7.02,7.48,8.07,4.19,17.53,17.64,16.53,13.55,7.99,95.56,4.44,100.0,0.0,100.0,100.0,100.0,100.0,100.0,0.0,100.0,100.0,7.02,7.48,8.07,4.19,17.53,17.64,16.53,13.55,7.99,95.56,4.44,100.0,0.0,325.0,130.0,775.0,26.0,13414.0,0.0,643.0,5556.0,1464.0,1560.0,1685.0,875.0,3658.0,3681.0,3449.0,2827.0,1668.0,19941.0,926.0,20867.0,0.0,1.65,0.62,2.93,0.08,65.71,0.0,3.22,25.78,48.27,51.73,100.0,40.28,16.62,29.98,13.11,0.0,294.0,111.0,523.0,15.0,11725.0,0.0,574.0,4600.0,8612.0,9231.0,17843.0,7187.0,2965.0,5350.0,2340.0
3553500,0.17,1.33,0.43,16.16,0.0,32.43,0.62,4.46,44.38,50.04,49.96,8.57,9.03,8.89,8.37,2.87,14.81,16.44,13.58,10.48,6.96,100.0,100.0,100.0,100.0,100.0,0.0,100.0,100.0,100.0,100.0,50.04,49.96,8.57,9.03,8.89,8.37,2.87,14.81,16.44,13.58,10.48,6.96,100.0,12.0,92.0,30.0,1116.0,0.0,2240.0,43.0,308.0,3066.0,3457.0,3451.0,592.0,624.0,614.0,578.0,198.0,1023.0,1136.0,938.0,724.0,481.0,6908.0,0.19,1.35,0.47,15.2,0.0,33.36,0.54,4.77,44.11,9.88,9.72,9.15,3.13,16.2,17.99,14.85,11.46,7.62,93.05,6.95,100.0,100.0,100.0,100.0,100.0,0.0,100.0,100.0,100.0,100.0,9.88,9.72,9.15,3.13,16.2,17.99,14.85,11.46,7.62,93.04,6.96,100.0,12.0,85.0,30.0,960.0,0.0,2107.0,34.0,301.0,2786.0,624.0,614.0,578.0,198.0,1023.0,1136.0,938.0,724.0,481.0,5877.0,439.0,6316.0,0.24,1.42,0.51,12.52,0.0,35.05,0.28,4.88,45.1,49.67,50.33,100.0,47.64,14.34,28.26,9.77,12.0,72.0,26.0,636.0,0.0,1780.0,14.0,248.0,2290.0,2522.0,2556.0,5078.0,2419.0,728.0,1435.0,496.0
3553609,0.0,2.77,0.23,2.98,0.0,75.07,0.0,1.3,17.64,48.33,51.67,6.51,6.82,7.53,7.75,3.73,15.4,15.88,16.55,13.25,6.58,100.0,0.0,100.0,100.0,100.0,0.0,100.0,0.0,100.0,100.0,48.33,51.67,6.51,6.82,7.53,7.75,3.73,15.4,15.88,16.55,13.25,6.58,100.0,0.0,293.0,24.0,315.0,0.0,7943.0,0.0,138.0,1867.0,5114.0,5467.0,689.0,722.0,797.0,820.0,395.0,1629.0,1680.0,1751.0,1402.0,696.0,10581.0,0.0,2.78,0.24,2.78,0.0,75.62,0.0,1.37,17.21,7.3,8.06,8.29,3.99,16.47,16.98,17.7,14.17,7.04,96.5,3.5,100.0,0.0,100.0,100.0,100.0,0.0,100.0,0.0,100.0,100.0,7.3,8.06,8.29,3.99,16.47,16.98,17.7,14.17,7.04,96.51,3.49,100.0,0.0,275.0,24.0,275.0,0.0,7480.0,0.0,136.0,1702.0,722.0,797.0,820.0,395.0,1629.0,1680.0,1751.0,1402.0,696.0,9546.0,346.0,9892.0,0.0,2.96,0.26,2.57,0.0,77.02,0.0,1.46,15.73,47.75,52.25,100.0,40.3,13.16,31.7,14.85,0.0,248.0,22.0,215.0,0.0,6449.0,0.0,122.0,1317.0,3998.0,4375.0,8373.0,3374.0,1102.0,2654.0,1243.0
3553658,0.0,0.64,0.0,7.47,0.0,72.16,0.0,0.08,19.61,49.58,50.42,7.17,8.28,7.47,6.75,2.97,15.66,17.11,14.39,12.82,7.39,100.0,0.0,100.0,0.0,100.0,0.0,100.0,0.0,100.0,100.0,49.58,50.42,7.17,8.28,7.47,6.75,2.97,15.66,17.11,14.39,12.82,7.39,100.0,0.0,15.0,0.0,176.0,0.0,1700.0,0.0,2.0,462.0,1168.0,1188.0,169.0,195.0,176.0,159.0,70.0,369.0,403.0,339.0,302.0,174.0,2356.0,0.0,0.55,0.0,7.13,0.0,72.66,0.0,0.09,19.57,8.92,8.05,7.27,3.2,16.87,18.43,15.5,13.81,7.96,92.73,7.27,100.0,0.0,100.0,0.0,100.0,0.0,100.0,0.0,100.0,100.0,8.92,8.05,7.27,3.2,16.87,18.43,15.5,13.81,7.96,92.72,7.28,100.0,0.0,12.0,0.0,156.0,0.0,1589.0,0.0,2.0,428.0,195.0,176.0,159.0,70.0,369.0,403.0,339.0,302.0,174.0,2028.0,159.0,2187.0,0.0,0.66,0.0,6.22,0.0,72.52,0.0,0.06,20.59,48.79,51.21,100.0,49.17,12.5,24.83,13.49,0.0,12.0,0.0,113.0,0.0,1317.0,0.0,1.0,374.0,886.0,930.0,1816.0,893.0,227.0,451.0,245.0
3553708,0.02,2.49,1.02,7.41,0.02,61.03,0.0,3.06,24.95,48.37,51.63,6.93,7.64,7.15,7.61,3.56,16.39,17.32,14.2,12.24,6.96,100.0,100.0,100.0,100.0,100.0,100.0,100.0,0.0,100.0,100.0,48.37,51.63,6.93,7.64,7.15,7.61,3.56,16.39,17.32,14.2,12.24,6.96,100.0,9.0,1156.0,474.0,3441.0,11.0,28342.0,0.0,1420.0,11586.0,22464.0,23975.0,3220.0,3546.0,3319.0,3536.0,1653.0,7610.0,8044.0,6596.0,5684.0,3230.0,46439.0,0.02,2.55,0.92,7.11,0.03,61.81,0.0,3.06,24.51,8.2,7.68,8.18,3.82,17.61,18.61,15.26,13.15,7.47,95.17,4.83,100.0,100.0,100.0,100.0,100.0,100.0,100.0,0.0,100.0,100.0,8.2,7.68,8.18,3.82,17.61,18.61,15.26,13.15,7.47,95.17,4.83,100.0,9.0,1100.0,396.0,3072.0,11.0,26713.0,0.0,1323.0,10595.0,3546.0,3319.0,3536.0,1653.0,7610.0,8044.0,6596.0,5684.0,3230.0,41131.0,2088.0,43219.0,0.0,2.73,0.78,6.09,0.03,64.23,0.0,3.08,23.05,47.69,52.31,100.0,35.63,14.77,32.98,16.62,0.0,994.0,283.0,2215.0,11.0,23350.0,0.0,1121.0,8380.0,17337.0,19017.0,36354.0,12953.0,5370.0,11990.0,6041.0
3553807,0.16,1.15,0.26,5.12,0.0,66.41,0.0,2.26,24.63,51.74,48.26,7.03,7.12,8.59,9.21,2.47,18.62,16.89,13.67,11.04,5.37,100.0,100.0,100.0,100.0,100.0,0.0,100.0,0.0,100.0,100.0,51.74,48.26,7.03,7.12,8.59,9.21,2.47,18.62,16.89,13.67,11.04,5.37,100.0,35.0,248.0,55.0,1102.0,0.0,14295.0,0.0,487.0,5302.0,11138.0,10387.0,1514.0,1532.0,1849.0,1982.0,531.0,4009.0,3635.0,2942.0,2376.0,1155.0,21525.0,0.17,1.13,0.27,4.99,0.0,66.83,0.0,2.27,24.33,7.66,9.24,9.9,2.65,20.03,18.17,14.7,11.87,5.77,95.59,4.41,100.0,100.0,100.0,100.0,100.0,0.0,100.0,0.0,100.0,100.0,7.66,9.24,9.9,2.65,20.03,18.17,14.7,11.87,5.77,95.59,4.41,100.0,35.0,227.0,55.0,998.0,0.0,13373.0,0.0,455.0,4868.0,1532.0,1849.0,1982.0,531.0,4009.0,3635.0,2942.0,2376.0,1155.0,19129.0,882.0,20011.0,0.15,1.21,0.33,4.59,0.0,66.85,0.0,2.54,24.32,51.53,48.47,100.0,47.44,14.55,26.05,11.97,25.0,202.0,55.0,764.0,0.0,11117.0,0.0,422.0,4045.0,8570.0,8060.0,16630.0,7889.0,2419.0,4332.0,1990.0
3553856,0.0,0.48,0.09,5.33,0.0,66.08,0.0,1.33,26.71,50.83,49.17,8.38,9.35,10.07,9.63,1.55,17.7,16.2,12.66,10.02,4.45,100.0,0.0,100.0,100.0,100.0,0.0,100.0,0.0,100.0,100.0,50.83,49.17,8.38,9.35,10.07,9.63,1.55,17.7,16.2,12.66,10.02,4.45,100.0,0.0,28.0,5.0,313.0,0.0,3879.0,0.0,78.0,1568.0,2984.0,2886.0,492.0,549.0,591.0,565.0,91.0,1039.0,951.0,743.0,588.0,261.0,5870.0,0.0,0.52,0.09,5.41,0.0,66.42,0.0,1.32,26.24,10.21,10.99,10.51,1.69,19.32,17.68,13.82,10.93,4.85,94.74,5.26,100.0,0.0,100.0,100.0,100.0,0.0,100.0,0.0,100.0,100.0,10.21,10.99,10.51,1.69,19.32,17.68,13.82,10.93,4.85,94.74,5.26,100.0,0.0,28.0,5.0,291.0,0.0,3572.0,0.0,71.0,1411.0,549.0,591.0,565.0,91.0,1039.0,951.0,743.0,588.0,261.0,5095.0,283.0,5378.0,0.0,0.42,0.12,4.6,0.0,66.94,0.0,1.32,26.59,50.21,49.79,100.0,50.38,13.28,29.28,7.06,0.0,18.0,5.0,195.0,0.0,2837.0,0.0,56.0,1127.0,2128.0,2110.0,4238.0,2135.0,563.0,1241.0,299.0
3553906,0.0,0.47,0.05,4.2,0.28,67.68,0.0,2.07,25.25,49.04,50.96,7.66,7.76,8.62,9.13,2.94,16.0,16.35,15.4,10.7,5.45,100.0,0.0,100.0,100.0,100.0,100.0,100.0,0.0,100.0,100.0,49.04,50.96,7.66,7.76,8.62,9.13,2.94,16.0,16.35,15.4,10.7,5.45,100.0,0.0,27.0,3.0,240.0,16.0,3863.0,0.0,118.0,1441.0,2799.0,2909.0,437.0,443.0,492.0,521.0,168.0,913.0,933.0,879.0,611.0,311.0,5708.0,0.0,0.51,0.06,4.36,0.3,67.92,0.0,2.18,24.68,8.4,9.33,9.88,3.19,17.32,17.7,16.68,11.59,5.9,93.89,6.11,100.0,0.0,100.0,100.0,100.0,100.0,100.0,0.0,100.0,100.0,8.4,9.33,9.88,3.19,17.32,17.7,16.68,11.59,5.9,93.89,6.11,100.0,0.0,27.0,3.0,230.0,16.0,3580.0,0.0,115.0,1301.0,443.0,492.0,521.0,168.0,913.0,933.0,879.0,611.0,311.0,4949.0,322.0,5271.0,0.0,0.62,0.07,3.55,0.07,67.57,0.0,2.38,25.74,48.45,51.55,100.0,38.56,17.18,34.32,9.96,0.0,27.0,3.0,154.0,3.0,2930.0,0.0,103.0,1116.0,2101.0,2235.0,4336.0,1672.0,745.0,1488.0,432.0
3553955,0.0,0.22,0.05,1.99,0.13,55.35,0.0,3.39,38.88,49.53,50.47,8.49,7.92,8.21,8.33,2.01,17.99,17.3,14.74,10.13,4.87,100.0,0.0,100.0,100.0,100.0,100.0,100.0,0.0,100.0,100.0,49.53,50.47,8.49,7.92,8.21,8.33,2.01,17.99,17.3,14.74,10.13,4.87,100.0,0.0,28.0,6.0,255.0,17.0,7110.0,0.0,436.0,4995.0,6362.0,6484.0,1091.0,1018.0,1055.0,1070.0,258.0,2311.0,2222.0,1894.0,1301.0,626.0,12846.0,0.0,0.24,0.05,2.02,0.14,55.61,0.0,3.28,38.68,8.66,8.97,9.1,2.19,19.66,18.9,16.11,11.07,5.33,94.89,5.11,100.0,0.0,100.0,100.0,100.0,100.0,100.0,0.0,100.0,100.0,8.66,8.97,9.1,2.19,19.66,18.9,16.11,11.07,5.33,94.89,5.11,100.0,0.0,28.0,6.0,237.0,17.0,6537.0,0.0,385.0,4547.0,1018.0,1055.0,1070.0,258.0,2311.0,2222.0,1894.0,1301.0,626.0,11154.0,601.0,11755.0,0.0,0.23,0.06,1.71,0.18,56.39,0.0,3.08,38.36,48.96,51.04,100.0,36.62,14.83,36.56,11.98,0.0,22.0,6.0,166.0,17.0,5460.0,0.0,298.0,3714.0,4740.0,4942.0,9682.0,3546.0,1436.0,3540.0,1160.0
3554003,0.01,1.13,0.7,7.49,0.06,43.54,0.0,6.29,40.79,48.27,51.73,7.75,7.81,8.44,8.38,2.55,17.86,17.17,14.06,10.23,5.77,100.0,100.0,100.0,100.0,100.0,100.0,100.0,0.0,100.0,100.0,48.27,51.73,7.75,7.81,8.44,8.38,2.55,17.86,17.17,14.06,10.23,5.77,100.0,11.0,1231.0,758.0,8123.0,60.0,47242.0,0.0,6830.0,44257.0,52382.0,56129.0,8407.0,8472.0,9156.0,9098.0,2763.0,19378.0,18626.0,15253.0,11096.0,6261.0,108511.0,0.01,1.17,0.71,7.39,0.05,44.2,0.0,6.36,40.13,8.46,9.15,9.09,2.76,19.36,18.61,15.24,11.08,6.25,97.22,2.78,100.0,100.0,100.0,100.0,100.0,100.0,100.0,0.0,100.0,100.0,8.46,9.15,9.09,2.76,19.36,18.61,15.24,11.08,6.25,97.22,2.78,100.0,11.0,1170.0,706.0,7394.0,50.0,44244.0,0.0,6362.0,40167.0,8472.0,9156.0,9098.0,2763.0,19378.0,18626.0,15253.0,11096.0,6261.0,97320.0,2784.0,100104.0,0.01,1.25,0.72,6.5,0.05,45.61,0.0,6.26,39.59,48.02,51.98,100.0,31.39,14.55,37.02,17.04,11.0,1031.0,597.0,5359.0,40.0,37617.0,0.0,5167.0,32654.0,39602.0,42874.0,82476.0,25887.0,12003.0,30534.0,14053.0
3554102,0.03,2.37,1.18,6.3,0.15,60.54,0.04,5.0,24.4,47.72,52.28,6.93,7.08,7.85,8.21,2.67,17.98,17.48,14.47,11.2,6.13,100.0,100.0,100.0,100.0,100.0,100.0,100.0,100.0,100.0,100.0,47.72,52.28,6.93,7.08,7.85,8.21,2.67,17.98,17.48,14.47,11.2,6.13,100.0,69.0,6483.0,3223.0,17260.0,398.0,165785.0,107.0,13686.0,66825.0,130681.0,143155.0,18990.0,19384.0,21500.0,22482.0,7322.0,49240.0,47855.0,39614.0,30673.0,16776.0,273836.0,0.03,2.44,1.18,6.32,0.14,60.95,0.03,4.98,23.93,7.61,8.44,8.82,2.87,19.32,18.78,15.54,12.04,6.58,98.03,1.97,100.0,100.0,100.0,100.0,100.0,100.0,100.0,100.0,100.0,100.0,7.61,8.44,8.82,2.87,19.32,18.78,15.54,12.04,6.58,98.03,1.97,100.0,69.0,6218.0,3004.0,16094.0,347.0,155331.0,87.0,12704.0,60992.0,19384.0,21500.0,22482.0,7322.0,49240.0,47855.0,39614.0,30673.0,16776.0,249829.0,5017.0,254846.0,0.02,2.57,1.04,5.62,0.13,62.35,0.04,4.93,23.31,46.87,53.13,100.0,22.08,11.92,39.9,26.09,49.0,5500.0,2225.0,12018.0,273.0,133403.0,78.0,10543.0,49874.0,100274.0,113688.0,213962.0,47253.0,25509.0,85368.0,55832.0
3554201,0.0,0.14,0.0,4.24,0.11,72.75,0.0,1.42,21.34,50.82,49.18,7.98,8.98,8.9,7.81,2.37,15.45,16.32,12.97,11.55,7.67,100.0,0.0,100.0,0.0,100.0,100.0,100.0,0.0,100.0,100.0,50.82,49.18,7.98,8.98,8.9,7.81,2.37,15.45,16.32,12.97,11.55,7.67,100.0,0.0,5.0,0.0,152.0,4.0,2608.0,0.0,51.0,765.0,1822.0,1763.0,286.0,322.0,319.0,280.0,85.0,554.0,585.0,465.0,414.0,275.0,3585.0,0.0,0.15,0.0,4.46,0.12,72.66,0.0,1.39,21.25,9.76,9.67,8.49,2.58,16.79,17.73,14.1,12.55,8.34,90.97,9.03,100.0,0.0,100.0,0.0,100.0,100.0,100.0,0.0,100.0,100.0,9.76,9.67,8.49,2.58,16.79,17.73,14.1,12.55,8.34,90.97,9.03,100.0,0.0,5.0,0.0,147.0,4.0,2397.0,0.0,46.0,701.0,322.0,319.0,280.0,85.0,554.0,585.0,465.0,414.0,275.0,3001.0,298.0,3299.0,0.0,0.19,0.0,2.78,0.15,73.1,0.0,1.43,22.35,51.39,48.61,100.0,57.22,12.94,23.1,6.73,0.0,5.0,0.0,74.0,4.0,1943.0,0.0,38.0,594.0,1366.0,1292.0,2658.0,1521.0,344.0,614.0,179.0
3554300,0.0,0.73,0.18,2.63,0.04,61.2,0.0,2.06,33.16,48.87,51.13,7.98,7.95,8.09,7.66,2.38,17.38,17.49,15.16,10.2,5.71,100.0,0.0,100.0,100.0,100.0,100.0,100.0,0.0,100.0,100.0,48.87,51.13,7.98,7.95,8.09,7.66,2.38,17.38,17.49,15.16,10.2,5.71,100.0,0.0,139.0,35.0,501.0,8.0,11668.0,0.0,393.0,6323.0,9317.0,9749.0,1521.0,1516.0,1542.0,1461.0,453.0,3314.0,3335.0,2890.0,1945.0,1089.0,19066.0,0.0,0.79,0.2,2.75,0.05,61.48,0.0,1.94,32.79,8.64,8.79,8.33,2.58,18.89,19.01,16.47,11.09,6.21,94.25,5.75,100.0,0.0,100.0,100.0,100.0,100.0,100.0,0.0,100.0,100.0,8.64,8.79,8.33,2.58,18.89,19.01,16.47,11.09,6.21,94.26,5.74,100.0,0.0,139.0,35.0,483.0,8.0,10786.0,0.0,341.0,5753.0,1516.0,1542.0,1461.0,453.0,3314.0,3335.0,2890.0,1945.0,1089.0,16537.0,1008.0,17545.0,0.0,0.77,0.17,2.5,0.06,62.42,0.0,2.28,31.81,48.54,51.46,100.0,35.4,14.77,35.12,14.7,0.0,112.0,24.0,362.0,8.0,9043.0,0.0,330.0,4608.0,7032.0,7455.0,14487.0,5129.0,2140.0,5088.0,2130.0
3554409,0.0,0.24,0.06,3.72,0.26,66.79,0.0,3.64,25.29,49.94,50.06,6.8,7.69,7.26,7.59,3.17,17.67,15.82,14.86,12.72,6.41,100.0,0.0,100.0,100.0,100.0,100.0,100.0,0.0,100.0,100.0,49.94,50.06,6.8,7.69,7.26,7.59,3.17,17.67,15.82,14.86,12.72,6.41,100.0,0.0,17.0,4.0,261.0,18.0,4682.0,0.0,255.0,1773.0,3501.0,3509.0,477.0,539.0,509.0,532.0,222.0,1239.0,1109.0,1042.0,892.0,449.0,7010.0,0.0,0.26,0.06,3.57,0.09,67.78,0.0,3.63,24.58,8.25,7.79,8.14,3.4,18.97,16.98,15.95,13.65,6.87,96.77,3.23,100.0,0.0,100.0,100.0,100.0,100.0,100.0,0.0,100.0,100.0,8.25,7.79,8.14,3.4,18.97,16.98,15.95,13.65,6.87,96.77,3.23,100.0,0.0,17.0,4.0,233.0,6.0,4428.0,0.0,237.0,1606.0,539.0,509.0,532.0,222.0,1239.0,1109.0,1042.0,892.0,449.0,6322.0,211.0,6533.0,0.0,0.24,0.0,3.9,0.11,67.66,0.0,3.35,24.74,49.02,50.98,100.0,44.76,11.52,30.26,13.44,0.0,13.0,0.0,214.0,6.0,3711.0,0.0,184.0,1357.0,2689.0,2796.0,5485.0,2455.0,632.0,1660.0,737.0
3554508,0.0,0.9,0.37,5.75,0.0,69.02,0.0,2.88,21.07,48.94,51.06,6.8,7.09,7.64,7.99,3.14,18.26,16.81,14.29,11.45,6.51,100.0,0.0,100.0,100.0,100.0,0.0,100.0,0.0,100.0,100.0,48.94,51.06,6.8,7.09,7.64,7.99,3.14,18.26,16.81,14.29,11.45,6.51,100.0,0.0,301.0,124.0,1925.0,0.0,23097.0,0.0,965.0,7052.0,16376.0,17087.0,2277.0,2374.0,2558.0,2674.0,1052.0,6112.0,5626.0,4783.0,3830.0,2177.0,33463.0,0.0,0.97,0.37,5.68,0.0,69.23,0.0,2.99,20.77,7.61,8.2,8.57,3.37,19.6,18.04,15.34,12.28,6.98,97.97,2.03,100.0,0.0,100.0,100.0,100.0,0.0,100.0,0.0,100.0,100.0,7.61,8.2,8.57,3.37,19.6,18.04,15.34,12.28,6.98,97.97,2.03,100.0,0.0,301.0,116.0,1772.0,0.0,21589.0,0.0,932.0,6476.0,2374.0,2558.0,2674.0,1052.0,6112.0,5626.0,4783.0,3830.0,2177.0,30553.0,633.0,31186.0,0.0,1.09,0.32,5.05,0.0,70.52,0.0,3.05,19.97,48.09,51.91,100.0,28.19,17.18,32.9,21.73,0.0,286.0,84.0,1326.0,0.0,18514.0,0.0,801.0,5242.0,12626.0,13628.0,26254.0,7401.0,4510.0,8638.0,5705.0
3554607,0.0,0.27,0.0,5.34,0.0,70.56,0.0,3.08,20.76,50.34,49.66,7.24,6.42,6.6,7.28,3.62,15.2,12.75,15.47,15.47,9.95,100.0,0.0,100.0,0.0,100.0,0.0,100.0,0.0,100.0,100.0,50.33,49.67,7.24,6.42,6.6,7.28,3.62,15.2,12.75,15.47,15.47,9.95,100.0,0.0,6.0,0.0,118.0,0.0,1560.0,0.0,68.0,459.0,1113.0,1098.0,160.0,142.0,146.0,161.0,80.0,336.0,282.0,342.0,342.0,220.0,2211.0,0.0,0.29,0.0,4.34,0.0,71.09,0.0,3.17,21.11,6.92,7.12,7.85,3.9,16.38,13.75,16.67,16.67,10.73,94.0,6.0,100.0,0.0,100.0,0.0,100.0,0.0,100.0,0.0,100.0,100.0,6.92,7.12,7.85,3.9,16.38,13.75,16.67,16.67,10.73,94.0,6.0,100.0,0.0,6.0,0.0,89.0,0.0,1458.0,0.0,65.0,433.0,142.0,146.0,161.0,80.0,336.0,282.0,342.0,342.0,220.0,1928.0,123.0,2051.0,0.0,0.34,0.0,4.14,0.0,72.43,0.0,3.23,19.85,49.74,50.26,100.0,46.17,13.39,27.96,12.48,0.0,6.0,0.0,73.0,0.0,1277.0,0.0,57.0,350.0,877.0,886.0,1763.0,814.0,236.0,493.0,220.0
3554656,0.0,0.55,0.27,10.56,0.0,25.01,0.0,4.18,59.43,49.59,50.41,6.05,8.14,6.65,6.38,3.85,13.91,16.27,15.39,15.12,8.25,100.0,0.0,100.0,100.0,100.0,0.0,100.0,0.0,100.0,100.0,49.59,50.41,6.05,8.14,6.65,6.38,3.85,13.91,16.27,15.39,15.12,8.25,100.0,0.0,10.0,5.0,192.0,0.0,455.0,0.0,76.0,1081.0,902.0,917.0,110.0,148.0,121.0,116.0,70.0,253.0,296.0,280.0,275.0,150.0,1819.0,0.0,0.59,0.29,10.36,0.0,25.51,0.0,3.98,59.27,8.66,7.08,6.79,4.1,14.8,17.32,16.38,16.09,8.78,94.32,5.68,100.0,0.0,100.0,100.0,100.0,0.0,100.0,0.0,100.0,100.0,8.66,7.08,6.79,4.1,14.8,17.32,16.38,16.09,8.78,94.35,5.65,100.0,0.0,10.0,5.0,177.0,0.0,436.0,0.0,68.0,1013.0,148.0,121.0,116.0,70.0,253.0,296.0,280.0,275.0,150.0,1612.0,97.0,1709.0,0.0,0.69,0.35,9.79,0.0,26.74,0.0,3.96,58.4,49.1,50.9,100.0,43.61,16.88,30.35,9.1,0.0,10.0,5.0,141.0,0.0,385.0,0.0,57.0,841.0,707.0,733.0,1440.0,628.0,243.0,437.0,131.0
3554706,0.11,0.51,0.23,2.85,0.48,77.79,0.0,1.19,16.85,49.65,50.35,6.29,6.41,6.7,7.24,4.13,17.0,16.02,15.59,12.88,7.74,100.0,100.0,100.0,100.0,100.0,100.0,100.0,0.0,100.0,100.0,49.65,50.35,6.29,6.41,6.7,7.24,4.13,17.0,16.02,15.59,12.88,7.74,100.0,9.0,42.0,19.0,235.0,40.0,6416.0,0.0,98.0,1390.0,4095.0,4153.0,519.0,529.0,553.0,597.0,341.0,1402.0,1321.0,1286.0,1062.0,638.0,8248.0,0.12,0.54,0.25,2.86,0.52,78.17,0.0,1.23,16.32,6.84,7.15,7.72,4.41,18.14,17.09,16.64,13.74,8.25,96.3,3.7,100.0,100.0,100.0,100.0,100.0,100.0,100.0,0.0,100.0,100.0,6.84,7.15,7.72,4.41,18.14,17.09,16.64,13.74,8.25,96.29,3.71,100.0,9.0,42.0,19.0,221.0,40.0,6042.0,0.0,95.0,1261.0,529.0,553.0,597.0,341.0,1402.0,1321.0,1286.0,1062.0,638.0,7443.0,286.0,7729.0,0.14,0.56,0.29,2.66,0.35,79.92,0.0,1.02,15.07,49.18,50.82,100.0,46.26,17.92,21.14,14.67,9.0,37.0,19.0,177.0,23.0,5312.0,0.0,68.0,1002.0,3269.0,3378.0,6647.0,3075.0,1191.0,1405.0,975.0
3554755,0.0,0.47,1.89,7.01,0.81,64.56,0.0,3.3,21.97,49.93,50.07,9.23,8.69,8.49,8.63,2.7,15.97,16.58,14.22,9.16,6.4,100.0,0.0,100.0,100.0,100.0,100.0,100.0,0.0,100.0,100.0,49.93,50.07,9.23,8.69,8.49,8.63,2.67,15.97,16.58,14.22,9.15,6.37,100.0,0.0,7.0,28.0,104.0,12.0,958.0,0.0,49.0,326.0,741.0,743.0,137.0,129.0,126.0,128.0,40.0,237.0,246.0,211.0,136.0,95.0,1484.0,0.0,0.52,1.93,6.9,0.74,65.7,0.0,3.19,20.94,9.58,9.35,9.5,2.97,17.59,18.26,15.66,10.1,7.05,92.65,7.35,100.0,0.0,100.0,100.0,100.0,100.0,100.0,0.0,100.0,100.0,9.58,9.35,9.5,2.95,17.59,18.26,15.66,10.08,7.02,92.62,7.38,100.0,0.0,7.0,26.0,93.0,10.0,885.0,0.0,43.0,282.0,129.0,126.0,128.0,40.0,237.0,246.0,211.0,136.0,95.0,1248.0,99.0,1347.0,0.0,0.64,1.65,5.59,0.73,68.22,0.0,2.66,20.51,48.35,51.65,100.0,35.99,29.4,27.29,7.33,0.0,7.0,18.0,61.0,8.0,745.0,0.0,29.0,224.0,528.0,564.0,1092.0,393.0,321.0,298.0,80.0
3554805,0.0,2.04,1.52,7.73,3.88,55.13,0.0,5.2,24.51,53.84,46.16,6.54,6.88,9.36,9.58,2.1,19.61,17.43,13.67,9.86,4.98,100.0,0.0,100.0,100.0,100.0,100.0,100.0,0.0,100.0,100.0,53.84,46.16,6.54,6.88,9.36,9.58,2.1,19.61,17.42,13.67,9.85,4.98,100.0,0.0,927.0,692.0,3517.0,1764.0,25097.0,0.0,2367.0,11156.0,24510.0,21010.0,2978.0,3131.0,4259.0,4361.0,958.0,8926.0,7932.0,6224.0,4486.0,2267.0,45520.0,0.0,2.13,1.54,7.77,4.15,55.01,0.0,5.17,24.24,7.36,10.01,10.25,2.25,20.98,18.64,14.63,10.54,5.33,97.31,2.69,100.0,0.0,100.0,100.0,100.0,100.0,100.0,0.0,100.0,100.0,7.36,10.01,10.25,2.25,20.98,18.64,14.63,10.54,5.33,97.31,2.69,100.0,0.0,905.0,654.0,3306.0,1764.0,23403.0,0.0,2200.0,10311.0,3131.0,4259.0,4361.0,958.0,8926.0,7932.0,6224.0,4486.0,2267.0,41399.0,1144.0,42543.0,0.0,2.13,1.3,7.31,3.42,56.95,0.0,5.3,23.6,53.42,46.58,100.0,28.01,14.94,34.8,22.26,0.0,749.0,457.0,2569.0,1201.0,20019.0,0.0,1864.0,8295.0,18779.0,16374.0,35153.0,9846.0,5251.0,12232.0,7824.0
3554904,0.0,1.85,0.6,5.21,0.0,56.4,0.0,3.0,32.96,49.78,50.22,6.64,6.26,7.88,7.66,3.81,16.15,16.09,15.14,12.79,7.58,100.0,0.0,100.0,100.0,100.0,0.0,100.0,0.0,100.0,100.0,49.78,50.22,6.64,6.26,7.88,7.66,3.81,16.15,16.09,15.14,12.79,7.58,100.0,0.0,111.0,36.0,313.0,0.0,3387.0,0.0,180.0,1979.0,2989.0,3016.0,399.0,376.0,473.0,460.0,229.0,970.0,966.0,909.0,768.0,455.0,6005.0,0.0,1.8,0.64,5.26,0.0,56.94,0.0,2.94,32.41,6.71,8.44,8.21,4.08,17.3,17.23,16.21,13.7,8.12,94.06,5.94,100.0,0.0,100.0,100.0,100.0,0.0,100.0,0.0,100.0,100.0,6.71,8.44,8.21,4.08,17.3,17.23,16.21,13.7,8.12,94.07,5.93,100.0,0.0,101.0,36.0,295.0,0.0,3192.0,0.0,165.0,1817.0,376.0,473.0,460.0,229.0,970.0,966.0,909.0,768.0,455.0,5273.0,333.0,5606.0,0.0,2.04,0.42,4.75,0.0,57.91,0.0,2.84,32.02,48.96,51.04,100.0,39.71,14.82,29.77,15.7,0.0,97.0,20.0,226.0,0.0,2755.0,0.0,135.0,1523.0,2329.0,2428.0,4757.0,1889.0,705.0,1416.0,747.0
3554953,0.0,0.58,1.14,0.76,0.0,68.23,0.0,5.27,24.03,49.95,50.05,6.43,6.59,5.73,6.3,3.82,15.78,16.56,15.12,14.34,9.34,100.0,0.0,100.0,100.0,100.0,0.0,100.0,0.0,100.0,100.0,49.95,50.05,6.43,6.59,5.73,6.3,3.82,15.78,16.56,15.12,14.34,9.34,100.0,0.0,35.0,69.0,46.0,0.0,4129.0,0.0,319.0,1454.0,3023.0,3029.0,389.0,399.0,347.0,381.0,231.0,955.0,1002.0,915.0,868.0,565.0,6052.0,0.0,0.62,1.11,0.81,0.0,68.46,0.0,5.33,23.68,7.05,6.13,6.73,4.08,16.86,17.69,16.16,15.33,9.98,94.67,5.33,100.0,0.0,100.0,100.0,100.0,0.0,100.0,0.0,100.0,100.0,7.05,6.13,6.73,4.08,16.86,17.69,16.16,15.33,9.98,94.67,5.33,100.0,0.0,35.0,63.0,46.0,0.0,3877.0,0.0,302.0,1341.0,399.0,347.0,381.0,231.0,955.0,1002.0,915.0,868.0,565.0,5361.0,302.0,5663.0,0.0,0.53,0.83,0.81,0.0,68.66,0.0,5.45,23.71,49.97,50.03,100.0,46.98,11.41,31.44,10.17,0.0,26.0,41.0,40.0,0.0,3376.0,0.0,268.0,1166.0,2457.0,2460.0,4917.0,2310.0,561.0,1546.0,500.0
3555000,0.0,3.41,0.19,6.25,0.28,55.31,0.0,2.47,32.11,47.37,52.63,6.24,6.48,6.52,7.32,4.25,15.96,16.69,15.12,12.77,8.64,100.0,0.0,100.0,100.0,100.0,100.0,100.0,0.0,100.0,100.0,47.36,52.64,6.24,6.48,6.52,7.32,4.24,15.96,16.69,15.12,12.77,8.64,100.0,0.0,1946.0,107.0,3568.0,161.0,31593.0,0.0,1409.0,18342.0,27057.0,30067.0,3566.0,3703.0,3726.0,4181.0,2425.0,9119.0,9533.0,8640.0,7297.0,4937.0,57124.0,0.0,3.48,0.2,6.33,0.24,55.61,0.0,2.57,31.58,6.91,6.96,7.81,4.53,17.03,17.8,16.13,13.62,9.22,96.2,3.8,100.0,0.0,100.0,100.0,100.0,100.0,100.0,0.0,100.0,100.0,6.91,6.96,7.81,4.53,17.03,17.8,16.13,13.62,9.22,96.2,3.8,100.0,0.0,1864.0,107.0,3389.0,127.0,29786.0,0.0,1374.0,16912.0,3703.0,3726.0,4181.0,2425.0,9119.0,9533.0,8640.0,7297.0,4937.0,51522.0,2036.0,53558.0,0.0,3.61,0.23,5.77,0.21,57.39,0.0,2.65,30.15,46.55,53.45,100.0,31.77,14.84,31.4,21.99,0.0,1663.0,107.0,2660.0,97.0,26472.0,0.0,1222.0,13909.0,21472.0,24657.0,46130.0,14654.0,6846.0,14487.0,10142.0
3555109,0.05,2.16,1.21,7.5,0.0,64.84,0.0,1.36,22.89,50.88,49.12,5.02,4.8,6.15,7.73,4.27,18.44,17.32,14.78,13.25,8.22,100.0,100.0,100.0,100.0,100.0,0.0,100.0,0.0,100.0,100.0,50.88,49.12,5.02,4.8,6.15,7.73,4.27,18.44,17.32,14.78,13.25,8.22,100.0,7.0,312.0,174.0,1083.0,0.0,9360.0,0.0,197.0,3305.0,7345.0,7091.0,725.0,693.0,888.0,1116.0,617.0,2662.0,2501.0,2134.0,1913.0,1187.0,14436.0,0.05,2.19,1.27,7.44,0.0,64.98,0.0,1.31,22.77,5.05,6.48,8.14,4.5,19.42,18.24,15.56,13.95,8.66,96.72,3.28,100.0,100.0,100.0,100.0,100.0,0.0,100.0,0.0,100.0,100.0,5.05,6.48,8.14,4.5,19.42,18.24,15.56,13.95,8.66,96.72,3.28,100.0,7.0,300.0,174.0,1020.0,0.0,8910.0,0.0,179.0,3122.0,693.0,888.0,1116.0,617.0,2662.0,2501.0,2134.0,1913.0,1187.0,13261.0,450.0,13711.0,0.06,2.43,1.01,7.3,0.0,65.9,0.0,1.48,21.83,50.63,49.37,100.0,37.07,14.17,29.13,19.63,7.0,295.0,122.0,885.0,0.0,7994.0,0.0,179.0,2648.0,6141.0,5989.0,12130.0,4496.0,1719.0,3534.0,2381.0
3555208,0.0,2.89,0.31,3.32,0.68,72.55,0.0,1.23,19.02,49.72,50.28,5.97,6.09,5.72,6.15,4.68,12.06,15.82,17.05,15.2,11.26,100.0,0.0,100.0,100.0,100.0,100.0,100.0,0.0,100.0,100.0,49.72,50.28,5.97,6.09,5.72,6.15,4.68,12.06,15.82,17.05,15.2,11.26,100.0,0.0,47.0,5.0,54.0,11.0,1179.0,0.0,20.0,309.0,808.0,817.0,97.0,99.0,93.0,100.0,76.0,196.0,257.0,277.0,247.0,183.0,1625.0,0.0,3.08,0.33,3.53,0.39,73.49,0.0,1.18,18.06,6.48,6.09,6.54,4.97,12.83,16.82,18.13,16.16,11.98,93.65,6.35,100.0,0.0,100.0,100.0,100.0,100.0,100.0,0.0,100.0,100.0,6.48,6.09,6.54,4.97,12.83,16.82,18.13,16.16,11.98,93.67,6.33,100.0,0.0,47.0,5.0,54.0,6.0,1123.0,0.0,18.0,276.0,99.0,93.0,100.0,76.0,196.0,257.0,277.0,247.0,183.0,1431.0,97.0,1528.0,0.0,3.07,0.15,3.59,0.45,74.03,0.0,1.35,17.29,48.35,51.65,100.0,36.9,13.32,33.53,16.24,0.0,41.0,2.0,48.0,6.0,989.0,0.0,18.0,231.0,646.0,690.0,1336.0,493.0,178.0,448.0,217.0
3555307,0.0,1.81,0.32,3.87,0.0,74.9,0.45,1.74,16.9,48.32,51.68,4.32,5.48,5.74,4.77,4.9,11.61,12.0,21.1,17.94,12.13,100.0,0.0,100.0,100.0,100.0,0.0,100.0,100.0,100.0,100.0,48.35,51.65,4.32,5.48,5.74,4.77,4.9,11.61,12.0,21.1,17.94,12.13,100.0,0.0,28.0,5.0,60.0,0.0,1161.0,7.0,27.0,262.0,749.0,801.0,67.0,85.0,89.0,74.0,76.0,180.0,186.0,327.0,278.0,188.0,1550.0,0.0,1.89,0.34,3.44,0.0,76.2,0.47,1.55,16.18,5.73,6.0,4.99,5.12,12.14,12.54,22.05,18.75,12.68,94.88,5.12,100.0,0.0,100.0,100.0,100.0,0.0,100.0,100.0,100.0,100.0,5.73,6.0,4.99,5.12,12.14,12.54,22.05,18.75,12.68,94.9,5.1,100.0,0.0,28.0,5.0,51.0,0.0,1130.0,7.0,23.0,240.0,85.0,89.0,74.0,76.0,180.0,186.0,327.0,278.0,188.0,1407.0,76.0,1483.0,0.0,1.91,0.0,3.21,0.0,77.54,0.53,1.3,15.51,48.43,51.57,100.0,36.13,15.2,30.94,17.72,0.0,25.0,0.0,42.0,0.0,1015.0,7.0,17.0,203.0,634.0,675.0,1309.0,473.0,199.0,405.0,232.0
3555356,0.0,0.24,0.11,6.99,0.43,60.31,0.0,2.5,29.4,50.91,49.09,8.41,8.45,8.17,8.78,2.39,17.66,16.67,13.81,9.81,5.85,100.0,0.0,100.0,100.0,100.0,100.0,100.0,0.0,100.0,100.0,50.91,49.09,8.41,8.45,8.17,8.78,2.39,17.66,16.67,13.81,9.81,5.85,100.0,0.0,11.0,5.0,325.0,20.0,2804.0,0.0,116.0,1367.0,2367.0,2282.0,391.0,393.0,380.0,408.0,111.0,821.0,775.0,642.0,456.0,272.0,4649.0,0.0,0.26,0.12,6.76,0.47,60.4,0.0,2.44,29.52,9.23,8.92,9.58,2.61,19.28,18.2,15.08,10.71,6.39,92.65,7.35,100.0,0.0,100.0,100.0,100.0,100.0,100.0,0.0,100.0,100.0,9.23,8.92,9.58,2.61,19.28,18.2,15.08,10.71,6.39,92.65,7.35,100.0,0.0,11.0,5.0,288.0,20.0,2572.0,0.0,104.0,1257.0,393.0,380.0,408.0,111.0,821.0,775.0,642.0,456.0,272.0,3945.0,313.0,4258.0,0.0,0.32,0.14,5.51,0.4,61.98,0.0,2.44,29.18,50.7,49.3,100.0,47.14,12.37,30.82,9.67,0.0,11.0,5.0,192.0,14.0,2160.0,0.0,85.0,1017.0,1767.0,1718.0,3485.0,1643.0,431.0,1074.0,337.0
3555406,0.03,2.45,1.59,14.76,0.26,40.85,0.23,7.38,32.47,49.1,50.9,7.43,7.66,8.43,8.77,1.92,18.16,18.11,14.23,10.18,5.09,100.0,100.0,100.0,100.0,100.0,100.0,100.0,100.0,100.0,100.0,49.1,50.9,7.43,7.66,8.43,8.77,1.92,18.16,18.11,14.23,10.18,5.09,100.0,21.0,1981.0,1286.0,11948.0,214.0,33076.0,185.0,5977.0,26289.0,39757.0,41218.0,6019.0,6205.0,6828.0,7102.0,1557.0,14706.0,14662.0,11525.0,8247.0,4124.0,80975.0,0.03,2.49,1.61,14.57,0.26,41.34,0.19,7.4,32.1,8.28,9.11,9.47,2.08,19.62,19.56,15.38,11.0,5.5,96.55,3.45,100.0,100.0,100.0,100.0,100.0,100.0,100.0,100.0,100.0,100.0,8.28,9.11,9.47,2.08,19.62,19.56,15.38,11.0,5.5,96.55,3.45,100.0,21.0,1869.0,1205.0,10920.0,196.0,30987.0,146.0,5549.0,24064.0,6205.0,6828.0,7102.0,1557.0,14706.0,14662.0,11525.0,8247.0,4124.0,72369.0,2587.0,74956.0,0.02,2.62,1.71,13.41,0.24,42.4,0.16,7.59,31.84,48.6,51.4,100.0,30.45,13.86,37.56,18.13,15.0,1625.0,1058.0,8306.0,147.0,26256.0,99.0,4699.0,19718.0,30092.0,31831.0,61923.0,18855.0,8584.0,23257.0,11227.0
3555505,0.0,0.07,0.07,3.09,0.27,55.63,0.0,1.39,39.48,51.65,48.35,8.62,8.42,7.8,8.46,2.16,17.61,15.9,13.24,11.54,6.23,100.0,0.0,100.0,100.0,100.0,100.0,100.0,0.0,100.0,100.0,51.65,48.35,8.62,8.42,7.8,8.46,2.16,17.61,15.9,13.24,11.54,6.23,100.0,0.0,3.0,3.0,136.0,12.0,2445.0,0.0,61.0,1735.0,2270.0,2125.0,379.0,370.0,343.0,372.0,95.0,774.0,699.0,582.0,507.0,274.0,4395.0,0.0,0.07,0.07,3.09,0.25,56.03,0.0,1.29,39.19,9.21,8.54,9.26,2.37,19.27,17.41,14.49,12.62,6.82,95.72,4.28,100.0,0.0,100.0,100.0,100.0,100.0,100.0,0.0,100.0,100.0,9.21,8.54,9.26,2.37,19.27,17.41,14.49,12.62,6.82,95.71,4.29,100.0,0.0,3.0,3.0,124.0,10.0,2250.0,0.0,52.0,1574.0,370.0,343.0,372.0,95.0,774.0,699.0,582.0,507.0,274.0,3844.0,172.0,4016.0,0.0,0.09,0.09,2.63,0.06,58.01,0.0,1.15,37.94,51.56,48.44,100.0,44.35,14.2,29.79,11.66,0.0,3.0,3.0,87.0,2.0,1916.0,0.0,38.0,1253.0,1703.0,1600.0,3303.0,1465.0,469.0,984.0,385.0
3555604,0.0,3.55,1.1,3.89,0.0,66.88,0.0,3.52,21.08,49.22,50.78,6.86,6.96,6.46,7.29,4.06,16.48,16.38,15.06,12.7,7.75,100.0,0.0,100.0,100.0,100.0,0.0,100.0,0.0,100.0,100.0,49.22,50.78,6.86,6.96,6.46,7.29,4.06,16.48,16.38,15.06,12.7,7.75,100.0,0.0,330.0,102.0,361.0,0.0,6213.0,0.0,327.0,1958.0,4573.0,4717.0,637.0,647.0,600.0,677.0,377.0,1531.0,1522.0,1399.0,1180.0,720.0,9290.0,0.0,3.59,1.12,3.7,0.0,67.6,0.0,3.47,20.54,7.48,6.93,7.82,4.36,17.69,17.59,16.17,13.64,8.32,95.1,4.9,100.0,0.0,100.0,100.0,100.0,0.0,100.0,0.0,100.0,100.0,7.48,6.93,7.82,4.36,17.69,17.59,16.17,13.64,8.32,95.1,4.9,100.0,0.0,311.0,97.0,320.0,0.0,5849.0,0.0,300.0,1777.0,647.0,600.0,677.0,377.0,1531.0,1522.0,1399.0,1180.0,720.0,8229.0,424.0,8653.0,0.0,3.88,1.01,3.29,0.0,67.66,0.0,3.51,20.63,48.87,51.13,100.0,43.34,15.65,25.82,15.19,0.0,287.0,75.0,244.0,0.0,5011.0,0.0,260.0,1528.0,3619.0,3787.0,7406.0,3210.0,1159.0,1912.0,1125.0
3555703,0.0,0.8,0.22,1.75,0.0,75.64,0.0,0.58,21.01,49.09,50.91,8.61,8.32,8.97,7.15,2.48,17.36,16.48,13.49,10.8,6.35,100.0,0.0,100.0,100.0,100.0,0.0,100.0,0.0,100.0,100.0,49.1,50.9,8.61,8.32,8.97,7.15,2.45,17.36,16.48,13.49,10.8,6.38,100.0,0.0,11.0,3.0,24.0,0.0,1037.0,0.0,8.0,288.0,673.0,698.0,118.0,114.0,123.0,98.0,34.0,238.0,226.0,185.0,148.0,87.0,1371.0,0.0,0.88,0.24,1.92,0.0,76.38,0.0,0.64,20.03,9.1,9.82,7.82,2.71,18.99,18.04,14.76,11.81,6.94,94.17,5.83,100.0,0.0,100.0,100.0,100.0,0.0,100.0,0.0,100.0,100.0,9.1,9.82,7.82,2.68,18.99,18.04,14.76,11.81,6.98,94.16,5.84,100.0,0.0,11.0,3.0,24.0,0.0,957.0,0.0,8.0,251.0,114.0,123.0,98.0,34.0,238.0,226.0,185.0,148.0,87.0,1180.0,73.0,1253.0,0.0,1.08,0.0,2.36,0.0,75.39,0.0,0.79,20.37,48.92,51.08,100.0,41.14,15.94,29.63,13.29,0.0,11.0,0.0,24.0,0.0,766.0,0.0,8.0,207.0,497.0,519.0,1016.0,418.0,162.0,301.0,135.0
3555802,0.0,1.53,0.28,3.24,0.0,68.43,0.0,1.97,24.56,48.87,51.13,6.36,6.94,6.37,6.62,4.44,15.03,16.41,15.64,14.15,8.05,100.0,0.0,100.0,100.0,100.0,0.0,100.0,0.0,100.0,100.0,48.87,51.13,6.36,6.94,6.37,6.62,4.44,15.03,16.41,15.64,14.15,8.05,100.0,0.0,121.0,22.0,257.0,0.0,5426.0,0.0,156.0,1947.0,3875.0,4054.0,504.0,550.0,505.0,525.0,352.0,1192.0,1301.0,1240.0,1122.0,638.0,7929.0,0.0,1.49,0.19,3.3,0.0,69.08,0.0,2.02,23.92,7.41,6.8,7.07,4.74,16.05,17.52,16.7,15.11,8.59,91.68,8.32,100.0,0.0,100.0,100.0,100.0,0.0,100.0,0.0,100.0,100.0,7.41,6.8,7.07,4.74,16.05,17.52,16.7,15.11,8.59,91.67,8.33,100.0,0.0,111.0,14.0,245.0,0.0,5129.0,0.0,150.0,1776.0,550.0,505.0,525.0,352.0,1192.0,1301.0,1240.0,1122.0,638.0,6807.0,618.0,7425.0,0.0,1.38,0.17,2.84,0.0,69.42,0.0,2.01,24.18,48.18,51.82,100.0,41.92,13.7,30.17,14.19,0.0,88.0,11.0,181.0,0.0,4422.0,0.0,128.0,1540.0,3069.0,3301.0,6370.0,2670.0,873.0,1922.0,904.0
3555901,0.0,0.57,0.16,9.02,0.0,55.9,0.0,0.49,33.85,50.41,49.59,6.97,5.66,6.72,6.15,3.61,14.67,15.49,16.23,15.82,8.69,100.0,0.0,100.0,100.0,100.0,0.0,100.0,0.0,100.0,100.0,50.41,49.59,6.97,5.66,6.72,6.15,3.61,14.67,15.49,16.23,15.82,8.69,100.0,0.0,7.0,2.0,110.0,0.0,682.0,0.0,6.0,413.0,615.0,605.0,85.0,69.0,82.0,75.0,44.0,179.0,189.0,198.0,193.0,106.0,1220.0,0.0,0.62,0.18,8.28,0.0,56.83,0.0,0.53,33.66,6.08,7.22,6.61,3.88,15.77,16.65,17.44,17.0,9.34,94.98,5.02,100.0,0.0,100.0,100.0,100.0,0.0,100.0,0.0,100.0,100.0,6.08,7.22,6.61,3.88,15.77,16.65,17.44,17.0,9.34,94.97,5.03,100.0,0.0,7.0,2.0,94.0,0.0,645.0,0.0,6.0,382.0,69.0,82.0,75.0,44.0,179.0,189.0,198.0,193.0,106.0,1078.0,57.0,1135.0,0.0,0.3,0.0,6.2,0.0,59.45,0.0,0.61,33.43,49.49,50.51,100.0,44.31,13.21,25.51,16.97,0.0,3.0,0.0,61.0,0.0,585.0,0.0,6.0,329.0,487.0,497.0,984.0,436.0,130.0,251.0,167.0
3556008,0.0,1.44,0.3,3.58,0.0,70.27,0.0,1.69,22.72,49.08,50.92,6.04,6.44,6.85,7.6,4.23,16.59,16.28,15.16,12.87,7.94,100.0,0.0,100.0,100.0,100.0,0.0,100.0,0.0,100.0,100.0,49.08,50.92,6.04,6.44,6.85,7.6,4.23,16.59,16.28,15.16,12.87,7.94,100.0,0.0,178.0,37.0,441.0,0.0,8663.0,0.0,208.0,2801.0,6051.0,6277.0,744.0,794.0,844.0,937.0,522.0,2045.0,2007.0,1869.0,1587.0,979.0,12328.0,0.0,1.54,0.29,3.25,0.0,71.02,0.0,1.8,22.12,6.85,7.29,8.09,4.51,17.65,17.33,16.13,13.7,8.45,96.52,3.48,100.0,0.0,100.0,100.0,100.0,0.0,100.0,0.0,100.0,100.0,6.85,7.29,8.09,4.51,17.65,17.33,16.13,13.7,8.45,96.52,3.48,100.0,0.0,178.0,34.0,376.0,0.0,8227.0,0.0,208.0,2562.0,794.0,844.0,937.0,522.0,2045.0,2007.0,1869.0,1587.0,979.0,11181.0,403.0,11584.0,0.0,1.53,0.31,2.75,0.0,72.4,0.0,1.49,21.52,48.69,51.31,100.0,38.7,14.64,30.83,15.85,0.0,152.0,31.0,274.0,0.0,7201.0,0.0,148.0,2140.0,4843.0,5103.0,9946.0,3849.0,1456.0,3066.0,1576.0
3556107,0.0,4.26,0.24,4.5,0.08,60.8,0.0,4.16,25.95,49.36,50.64,6.79,7.21,7.77,8.68,2.6,18.68,17.49,13.64,11.05,6.09,100.0,0.0,100.0,100.0,100.0,100.0,100.0,0.0,100.0,100.0,49.36,50.64,6.79,7.21,7.77,8.68,2.6,18.68,17.49,13.64,11.05,6.09,100.0,0.0,524.0,29.0,553.0,10.0,7472.0,0.0,511.0,3189.0,6066.0,6223.0,835.0,886.0,955.0,1067.0,319.0,2296.0,2149.0,1676.0,1358.0,748.0,12289.0,0.0,4.29,0.2,4.49,0.09,62.1,0.0,3.78,25.06,7.74,8.34,9.32,2.79,20.05,18.76,14.63,11.86,6.53,96.04,3.96,100.0,0.0,100.0,100.0,100.0,100.0,100.0,0.0,100.0,100.0,7.74,8.34,9.32,2.79,20.05,18.76,14.63,11.86,6.53,96.04,3.96,100.0,0.0,491.0,23.0,514.0,10.0,7113.0,0.0,433.0,2870.0,886.0,955.0,1067.0,319.0,2296.0,2149.0,1676.0,1358.0,748.0,11000.0,454.0,11454.0,0.0,4.55,0.07,3.81,0.1,63.91,0.0,3.76,23.8,49.2,50.8,100.0,40.25,16.66,32.15,10.93,0.0,437.0,7.0,366.0,10.0,6144.0,0.0,361.0,2288.0,4730.0,4883.0,9613.0,3869.0,1602.0,3091.0,1051.0
3556206,0.04,3.5,1.19,8.63,0.11,56.03,0.0,6.62,23.89,48.45,51.55,6.1,6.6,6.92,7.64,2.83,17.3,18.44,16.33,11.59,6.25,100.0,100.0,100.0,100.0,100.0,100.0,100.0,0.0,100.0,100.0,48.45,51.55,6.1,6.6,6.92,7.64,2.83,17.29,18.44,16.33,11.59,6.25,100.0,43.0,3956.0,1341.0,9740.0,119.0,63271.0,0.0,7474.0,26971.0,54713.0,58204.0,6886.0,7451.0,7819.0,8629.0,3192.0,19529.0,20823.0,18444.0,13085.0,7059.0,112916.0,0.02,3.52,1.22,8.71,0.1,56.21,0.0,6.68,23.55,7.03,7.37,8.14,3.01,18.42,19.64,17.39,12.34,6.66,98.24,1.76,100.0,100.0,100.0,100.0,100.0,100.0,100.0,0.0,100.0,100.0,7.03,7.37,8.14,3.01,18.42,19.64,17.39,12.34,6.66,98.24,1.76,100.0,21.0,3729.0,1292.0,9234.0,109.0,59595.0,0.0,7080.0,24969.0,7451.0,7819.0,8629.0,3192.0,19529.0,20823.0,18444.0,13085.0,7059.0,104167.0,1864.0,106031.0,0.02,3.77,1.22,8.14,0.05,57.15,0.0,6.63,23.02,47.68,52.32,100.0,21.9,11.55,32.74,33.81,21.0,3420.0,1109.0,7389.0,45.0,51869.0,0.0,6015.0,20893.0,43274.0,47487.0,90761.0,19875.0,10485.0,29712.0,30689.0
3556305,0.0,0.92,0.29,6.51,0.04,49.25,0.0,1.86,41.13,56.42,43.58,7.26,6.31,7.31,9.4,2.53,21.25,18.13,13.71,9.28,4.82,100.0,0.0,100.0,100.0,100.0,100.0,100.0,0.0,100.0,100.0,56.42,43.58,7.26,6.31,7.31,9.4,2.53,21.25,18.13,13.71,9.28,4.82,100.0,0.0,196.0,62.0,1388.0,8.0,10499.0,0.0,396.0,8769.0,12028.0,9290.0,1547.0,1346.0,1559.0,2003.0,540.0,4531.0,3864.0,2922.0,1978.0,1028.0,21318.0,0.0,0.99,0.31,6.66,0.04,49.52,0.0,1.89,40.59,6.81,7.89,10.13,2.73,22.92,19.54,14.78,10.0,5.2,96.12,3.88,100.0,0.0,100.0,100.0,100.0,100.0,100.0,0.0,100.0,100.0,6.81,7.89,10.13,2.73,22.92,19.54,14.78,10.0,5.2,96.11,3.89,100.0,0.0,196.0,62.0,1316.0,8.0,9791.0,0.0,373.0,8025.0,1346.0,1559.0,2003.0,540.0,4531.0,3864.0,2922.0,1978.0,1028.0,19003.0,768.0,19771.0,0.0,0.81,0.31,6.33,0.05,51.74,0.0,1.84,38.94,57.21,42.79,100.0,37.19,14.16,35.91,12.74,0.0,137.0,52.0,1067.0,8.0,8726.0,0.0,310.0,6567.0,9649.0,7217.0,16866.0,6273.0,2389.0,6056.0,2148.0
3556354,0.21,0.66,0.31,5.05,0.19,61.77,0.0,4.25,27.57,50.95,49.05,7.38,6.79,8.39,9.02,2.62,17.2,16.61,13.77,11.11,7.09,100.0,100.0,100.0,100.0,100.0,100.0,100.0,0.0,100.0,100.0,50.95,49.05,7.38,6.79,8.39,9.02,2.62,17.2,16.61,13.77,11.11,7.09,100.0,19.0,60.0,28.0,460.0,17.0,5630.0,0.0,387.0,2513.0,4644.0,4470.0,673.0,619.0,765.0,822.0,239.0,1568.0,1514.0,1255.0,1013.0,646.0,9114.0,0.23,0.65,0.18,5.08,0.2,61.59,0.0,4.19,27.89,7.33,9.06,9.74,2.83,18.58,17.94,14.87,12.0,7.65,94.4,5.6,100.0,100.0,100.0,100.0,100.0,100.0,100.0,0.0,100.0,100.0,7.33,9.06,9.74,2.83,18.58,17.94,14.87,12.0,7.65,94.4,5.6,100.0,19.0,55.0,15.0,429.0,17.0,5199.0,0.0,354.0,2354.0,619.0,765.0,822.0,239.0,1568.0,1514.0,1255.0,1013.0,646.0,7968.0,473.0,8441.0,0.09,0.71,0.21,4.55,0.24,62.11,0.0,4.01,28.07,50.5,49.5,100.0,47.24,14.03,28.35,10.37,6.0,50.0,15.0,321.0,17.0,4383.0,0.0,283.0,1981.0,3564.0,3493.0,7057.0,3334.0,990.0,2001.0,732.0
3556404,0.0,1.79,0.5,3.59,0.38,63.73,0.0,2.76,27.25,48.86,51.14,6.91,7.65,7.88,8.06,2.9,17.01,16.29,14.93,11.82,6.55,100.0,0.0,100.0,100.0,100.0,100.0,100.0,0.0,100.0,100.0,48.86,51.14,6.91,7.65,7.88,8.06,2.9,17.01,16.29,14.93,11.82,6.55,100.0,0.0,632.0,177.0,1270.0,135.0,22549.0,0.0,976.0,9643.0,17288.0,18094.0,2445.0,2706.0,2788.0,2851.0,1026.0,6020.0,5763.0,5284.0,4181.0,2318.0,35382.0,0.0,1.81,0.5,3.52,0.38,64.28,0.0,2.57,26.94,8.22,8.46,8.66,3.12,18.28,17.5,16.04,12.69,7.04,95.31,4.69,100.0,0.0,100.0,100.0,100.0,100.0,100.0,0.0,100.0,100.0,8.22,8.46,8.66,3.12,18.28,17.5,16.04,12.69,7.04,95.31,4.69,100.0,0.0,596.0,166.0,1160.0,124.0,21173.0,0.0,845.0,8873.0,2706.0,2788.0,2851.0,1026.0,6020.0,5763.0,5284.0,4181.0,2318.0,31393.0,1544.0,32937.0,0.0,1.91,0.53,3.17,0.33,65.88,0.0,2.55,25.63,48.14,51.86,100.0,50.26,13.99,24.27,11.48,0.0,524.0,145.0,870.0,90.0,18080.0,0.0,701.0,7034.0,13211.0,14232.0,27443.0,13793.0,3838.0,6661.0,3151.0
3556453,0.08,1.82,1.3,13.95,0.03,50.86,0.0,6.18,25.8,48.5,51.5,7.81,7.8,8.4,7.93,2.23,17.21,18.51,14.3,10.76,5.05,100.0,100.0,100.0,100.0,100.0,100.0,100.0,0.0,100.0,100.0,48.5,51.5,7.81,7.8,8.4,7.93,2.23,17.21,18.51,14.3,10.76,5.05,100.0,33.0,797.0,571.0,6106.0,12.0,22267.0,0.0,2704.0,11295.0,21235.0,22550.0,3420.0,3416.0,3679.0,3474.0,975.0,7535.0,8103.0,6260.0,4712.0,2210.0,43785.0,0.08,1.77,1.33,13.86,0.03,51.31,0.0,6.25,25.38,8.46,9.11,8.61,2.42,18.67,20.07,15.51,11.67,5.48,96.05,3.95,100.0,100.0,100.0,100.0,100.0,100.0,100.0,0.0,100.0,100.0,8.46,9.12,8.61,2.42,18.67,20.08,15.51,11.67,5.47,96.05,3.95,100.0,33.0,716.0,536.0,5594.0,12.0,20710.0,0.0,2522.0,10243.0,3416.0,3679.0,3474.0,975.0,7535.0,8103.0,6260.0,4712.0,2210.0,38770.0,1595.0,40365.0,0.1,1.96,1.2,12.83,0.04,52.75,0.0,6.41,24.72,47.6,52.4,100.0,25.61,14.89,36.21,23.29,33.0,653.0,398.0,4268.0,12.0,17551.0,0.0,2131.0,8223.0,15835.0,17435.0,33270.0,8520.0,4955.0,12048.0,7747.0
3556503,0.03,0.6,0.9,10.91,0.12,52.59,0.04,3.57,31.23,49.64,50.36,7.76,7.68,8.91,9.46,1.56,19.14,17.08,13.6,10.23,4.59,100.0,100.0,100.0,100.0,100.0,100.0,100.0,100.0,100.0,100.0,49.64,50.36,7.76,7.68,8.91,9.46,1.56,19.15,17.08,13.6,10.23,4.59,100.0,29.0,603.0,907.0,11001.0,126.0,53043.0,44.0,3604.0,31495.0,50063.0,50790.0,7823.0,7743.0,8982.0,9539.0,1575.0,19308.0,17221.0,13715.0,10313.0,4632.0,100852.0,0.03,0.59,0.9,10.81,0.14,53.15,0.05,3.44,30.91,8.32,9.66,10.25,1.69,20.75,18.51,14.74,11.09,4.98,96.79,3.21,100.0,100.0,100.0,100.0,100.0,100.0,100.0,100.0,100.0,100.0,8.32,9.66,10.25,1.69,20.75,18.51,14.74,11.09,4.98,96.79,3.21,100.0,29.0,547.0,839.0,10053.0,126.0,49442.0,44.0,3196.0,28753.0,7743.0,8982.0,9539.0,1575.0,19308.0,17221.0,13715.0,10313.0,4632.0,90042.0,2988.0,93029.0,0.01,0.58,0.74,9.65,0.14,54.81,0.06,3.47,30.53,48.96,51.04,100.0,31.49,15.25,42.27,11.0,11.0,439.0,568.0,7362.0,105.0,41825.0,44.0,2651.0,23298.0,37355.0,38949.0,76304.0,24026.0,11636.0,32251.0,8391.0
3556602,0.0,0.83,0.24,3.92,0.28,71.46,0.0,3.0,20.26,48.39,51.61,6.3,6.75,7.71,7.03,4.42,14.63,16.05,15.97,12.63,8.52,100.0,0.0,100.0,100.0,100.0,100.0,100.0,0.0,100.0,100.0,48.39,51.61,6.3,6.75,7.71,7.03,4.42,14.63,16.05,15.97,12.63,8.52,100.0,0.0,75.0,22.0,355.0,25.0,6469.0,0.0,272.0,1834.0,4380.0,4672.0,570.0,611.0,698.0,636.0,400.0,1324.0,1453.0,1446.0,1143.0,771.0,9052.0,0.0,0.81,0.26,3.82,0.24,72.12,0.0,3.01,19.75,7.2,8.23,7.5,4.72,15.61,17.13,17.05,13.48,9.09,96.33,3.67,100.0,0.0,100.0,100.0,100.0,100.0,100.0,0.0,100.0,100.0,7.2,8.23,7.5,4.72,15.61,17.13,17.05,13.48,9.09,96.33,3.67,100.0,0.0,69.0,22.0,324.0,20.0,6117.0,0.0,255.0,1675.0,611.0,698.0,636.0,400.0,1324.0,1453.0,1446.0,1143.0,771.0,8171.0,311.0,8482.0,0.0,0.88,0.15,2.76,0.21,73.44,0.0,3.11,19.45,47.64,52.36,100.0,33.6,13.01,38.99,14.4,0.0,63.0,11.0,198.0,15.0,5268.0,0.0,223.0,1395.0,3417.0,3756.0,7173.0,2410.0,933.0,2797.0,1033.0
3556701,0.0,3.57,0.69,7.35,0.06,58.0,0.03,6.12,24.18,48.55,51.45,7.04,6.64,7.62,7.5,2.88,18.1,18.86,13.93,11.36,6.07,100.0,0.0,100.0,100.0,100.0,100.0,100.0,100.0,100.0,100.0,48.55,51.45,7.04,6.64,7.62,7.5,2.88,18.1,18.86,13.93,11.36,6.07,100.0,0.0,2419.0,466.0,4976.0,42.0,39287.0,23.0,4146.0,16378.0,32884.0,34851.0,4768.0,4497.0,5162.0,5081.0,1953.0,12259.0,12773.0,9434.0,7696.0,4113.0,67736.0,0.0,3.61,0.65,7.29,0.07,58.46,0.04,6.02,23.88,7.14,8.2,8.07,3.1,19.47,20.29,14.98,12.22,6.53,97.83,2.17,100.0,0.0,100.0,100.0,100.0,100.0,100.0,100.0,100.0,100.0,7.14,8.2,8.07,3.1,19.47,20.29,14.98,12.22,6.53,97.83,2.17,100.0,0.0,2271.0,409.0,4592.0,42.0,36810.0,23.0,3788.0,15034.0,4497.0,5162.0,5081.0,1953.0,12259.0,12773.0,9434.0,7696.0,4113.0,61602.0,1365.0,62967.0,0.0,3.91,0.6,6.77,0.04,59.32,0.04,5.76,23.55,47.6,52.4,100.0,21.43,11.15,33.82,33.6,0.0,2086.0,321.0,3609.0,22.0,31624.0,23.0,3072.0,12552.0,25377.0,27932.0,53308.0,11422.0,5946.0,18031.0,17909.0
3556800,0.0,0.45,0.35,5.11,0.07,54.86,0.04,4.73,34.38,49.32,50.68,7.44,7.62,8.02,8.62,2.83,18.36,16.28,13.49,10.88,6.47,100.0,0.0,100.0,100.0,100.0,100.0,100.0,100.0,100.0,100.0,49.32,50.68,7.44,7.62,8.02,8.62,2.83,18.36,16.28,13.49,10.88,6.47,100.0,0.0,69.0,53.0,782.0,11.0,8387.0,6.0,723.0,5257.0,7541.0,7748.0,1137.0,1165.0,1226.0,1318.0,432.0,2807.0,2489.0,2063.0,1663.0,989.0,15289.0,0.0,0.41,0.33,5.05,0.08,55.75,0.04,4.6,33.73,8.23,8.66,9.31,3.05,19.83,17.59,14.58,11.75,6.99,95.19,4.81,100.0,0.0,100.0,100.0,100.0,100.0,100.0,100.0,100.0,100.0,8.23,8.66,9.31,3.05,19.83,17.59,14.58,11.75,6.99,95.19,4.81,100.0,0.0,58.0,47.0,715.0,11.0,7890.0,6.0,651.0,4774.0,1165.0,1226.0,1318.0,432.0,2807.0,2489.0,2063.0,1663.0,989.0,13471.0,681.0,14152.0,0.0,0.46,0.2,4.58,0.09,57.38,0.05,4.5,32.74,48.77,51.23,100.0,40.69,15.36,30.75,13.2,0.0,54.0,24.0,539.0,11.0,6748.0,6.0,529.0,3850.0,5736.0,6025.0,11761.0,4785.0,1806.0,3617.0,1553.0
3556909,0.0,0.34,0.17,7.49,0.0,62.63,0.0,1.85,27.53,50.44,49.56,7.29,8.2,8.95,9.5,2.46,19.27,17.35,13.03,8.9,5.05,100.0,0.0,100.0,100.0,100.0,0.0,100.0,0.0,100.0,100.0,50.44,49.56,7.29,8.2,8.95,9.5,2.46,19.27,17.35,13.03,8.9,5.05,100.0,0.0,24.0,12.0,523.0,0.0,4375.0,0.0,129.0,1923.0,3524.0,3462.0,509.0,573.0,625.0,664.0,172.0,1346.0,1212.0,910.0,622.0,353.0,6986.0,0.0,0.37,0.19,7.52,0.0,63.07,0.0,1.91,26.96,8.85,9.65,10.25,2.66,20.78,18.71,14.05,9.6,5.45,92.68,7.32,100.0,0.0,100.0,100.0,100.0,0.0,100.0,0.0,100.0,100.0,8.85,9.65,10.25,2.66,20.78,18.71,14.05,9.6,5.45,92.68,7.32,100.0,0.0,24.0,12.0,487.0,0.0,4085.0,0.0,124.0,1746.0,573.0,625.0,664.0,172.0,1346.0,1212.0,910.0,622.0,353.0,6003.0,474.0,6477.0,0.0,0.45,0.23,6.21,0.0,64.92,0.0,2.16,26.03,49.93,50.07,100.0,48.12,11.99,29.82,10.08,0.0,24.0,12.0,328.0,0.0,3427.0,0.0,114.0,1374.0,2636.0,2643.0,5279.0,2540.0,633.0,1574.0,532.0
3556958,0.0,0.06,0.31,0.93,0.0,68.64,0.0,1.3,28.77,50.68,49.32,8.02,6.91,8.27,6.3,3.09,14.44,17.78,16.42,11.67,7.1,100.0,0.0,100.0,100.0,100.0,0.0,100.0,0.0,100.0,100.0,50.68,49.32,8.02,6.91,8.27,6.3,3.09,14.44,17.78,16.42,11.67,7.09,100.0,0.0,1.0,5.0,15.0,0.0,1112.0,0.0,21.0,466.0,821.0,799.0,130.0,112.0,134.0,102.0,50.0,234.0,288.0,266.0,189.0,115.0,1620.0,0.0,0.07,0.34,1.01,0.0,69.13,0.0,1.14,28.32,7.52,8.99,6.85,3.36,15.7,19.33,17.85,12.68,7.72,90.47,9.53,100.0,0.0,100.0,100.0,100.0,0.0,100.0,0.0,100.0,100.0,7.52,8.99,6.85,3.36,15.7,19.33,17.85,12.68,7.71,90.5,9.5,100.0,0.0,1.0,5.0,15.0,0.0,1030.0,0.0,17.0,422.0,112.0,134.0,102.0,50.0,234.0,288.0,266.0,189.0,115.0,1348.0,142.0,1490.0,0.0,0.08,0.0,1.05,0.0,70.74,0.0,1.21,26.93,50.64,49.36,100.0,44.45,15.68,30.55,9.32,0.0,1.0,0.0,13.0,0.0,880.0,0.0,15.0,335.0,630.0,614.0,1244.0,553.0,195.0,380.0,116.0
3557006,0.0,1.2,0.94,9.03,0.12,44.78,0.03,5.13,38.78,48.36,51.64,7.39,7.72,8.77,8.94,1.86,18.97,17.69,13.47,10.05,5.15,100.0,0.0,100.0,100.0,100.0,100.0,100.0,100.0,100.0,100.0,48.36,51.64,7.39,7.72,8.77,8.94,1.86,18.97,17.69,13.47,10.05,5.15,100.0,0.0,1338.0,1050.0,10088.0,135.0,50006.0,28.0,5725.0,43309.0,54009.0,57670.0,8252.0,8626.0,9792.0,9980.0,2080.0,21187.0,19755.0,15038.0,11221.0,5748.0,111679.0,0.0,1.23,0.97,8.94,0.12,45.31,0.03,5.1,38.29,8.34,9.47,9.65,2.01,20.48,19.1,14.54,10.85,5.56,97.39,2.61,100.0,0.0,100.0,100.0,100.0,100.0,100.0,100.0,100.0,100.0,8.34,9.47,9.65,2.01,20.48,19.1,14.54,10.85,5.56,97.39,2.61,100.0,0.0,1275.0,1007.0,9242.0,122.0,46867.0,28.0,5279.0,39605.0,8626.0,9792.0,9980.0,2080.0,21187.0,19755.0,15038.0,11221.0,5748.0,100728.0,2699.0,103427.0,0.0,1.37,0.87,8.11,0.1,46.63,0.02,4.85,38.05,47.45,52.55,100.0,25.09,13.32,41.33,20.26,0.0,1167.0,737.0,6892.0,87.0,39643.0,14.0,4124.0,32344.0,40337.0,44672.0,85009.0,21325.0,11323.0,35135.0,17226.0
3557105,0.07,5.52,0.55,5.87,0.05,54.61,0.0,4.49,28.84,47.86,52.14,6.15,6.18,7.75,8.26,3.29,17.91,16.61,14.72,12.14,6.97,100.0,100.0,100.0,100.0,100.0,100.0,100.0,0.0,100.0,100.0,47.86,52.14,6.15,6.18,7.75,8.26,3.29,17.92,16.61,14.72,12.14,6.97,100.0,63.0,4730.0,469.0,5032.0,40.0,46798.0,0.0,3846.0,24717.0,41009.0,44685.0,5274.0,5294.0,6644.0,7081.0,2823.0,15352.0,14231.0,12617.0,10401.0,5976.0,85694.0,0.08,5.59,0.54,5.86,0.02,55.31,0.0,4.41,28.18,6.58,8.26,8.81,3.51,19.09,17.7,15.69,12.93,7.43,96.35,3.65,100.0,100.0,100.0,100.0,100.0,100.0,100.0,0.0,100.0,100.0,6.58,8.26,8.81,3.51,19.09,17.7,15.69,12.93,7.43,96.35,3.65,100.0,63.0,4494.0,437.0,4712.0,20.0,44483.0,0.0,3546.0,22663.0,5294.0,6644.0,7081.0,2823.0,15352.0,14231.0,12617.0,10401.0,5976.0,77481.0,2938.0,80420.0,0.09,5.95,0.52,5.2,0.03,56.48,0.0,4.51,27.22,47.19,52.81,100.0,31.61,14.16,32.47,21.76,63.0,4075.0,358.0,3559.0,20.0,38680.0,0.0,3089.0,18638.0,32318.0,36164.0,68482.0,21645.0,9696.0,22239.0,14902.0
3557154,0.0,0.25,0.17,4.79,0.8,65.62,0.0,2.9,25.48,49.08,50.92,8.27,6.21,7.3,5.67,3.69,15.7,15.99,16.25,13.31,7.6,100.0,0.0,100.0,100.0,100.0,100.0,100.0,0.0,100.0,100.0,49.08,50.92,8.27,6.21,7.3,5.67,3.69,15.7,15.99,16.25,13.31,7.6,100.0,0.0,6.0,4.0,114.0,19.0,1563.0,0.0,69.0,607.0,1169.0,1213.0,197.0,148.0,174.0,135.0,88.0,374.0,381.0,387.0,317.0,181.0,2382.0,0.0,0.27,0.18,4.99,0.73,66.45,0.0,2.65,24.76,6.77,7.96,6.18,4.03,17.12,17.44,17.71,14.51,8.28,93.64,6.36,100.0,0.0,100.0,100.0,100.0,100.0,100.0,0.0,100.0,100.0,6.77,7.96,6.18,4.03,17.12,17.44,17.71,14.51,8.28,93.62,6.38,100.0,0.0,6.0,4.0,109.0,16.0,1452.0,0.0,58.0,541.0,148.0,174.0,135.0,88.0,374.0,381.0,387.0,317.0,181.0,2046.0,139.0,2185.0,0.0,0.32,0.21,4.35,0.59,68.28,0.0,2.58,23.67,48.9,51.1,100.0,43.05,14.33,30.7,11.92,0.0,6.0,4.0,81.0,11.0,1272.0,0.0,48.0,441.0,911.0,952.0,1863.0,802.0,267.0,572.0,222.0
3557204,0.0,0.57,0.06,5.05,0.2,55.81,0.0,2.76,35.57,48.46,51.54,7.69,7.53,7.98,8.05,2.95,15.29,16.48,15.17,11.87,7.0,100.0,0.0,100.0,100.0,100.0,100.0,100.0,0.0,100.0,100.0,48.46,51.54,7.69,7.53,7.98,8.05,2.95,15.29,16.48,15.17,11.87,7.0,100.0,0.0,61.0,6.0,538.0,21.0,5952.0,0.0,294.0,3793.0,5168.0,5496.0,820.0,803.0,851.0,858.0,315.0,1630.0,1757.0,1618.0,1266.0,746.0,10664.0,0.0,0.62,0.06,4.99,0.21,56.65,0.0,2.66,34.81,8.16,8.64,8.72,3.2,16.56,17.85,16.44,12.86,7.58,94.75,5.25,100.0,0.0,100.0,100.0,100.0,100.0,100.0,0.0,100.0,100.0,8.16,8.64,8.72,3.2,16.56,17.85,16.44,12.86,7.58,94.75,5.25,100.0,0.0,61.0,6.0,491.0,21.0,5577.0,0.0,262.0,3427.0,803.0,851.0,858.0,315.0,1630.0,1757.0,1618.0,1266.0,746.0,9327.0,517.0,9844.0,0.0,0.67,0.0,4.36,0.12,58.73,0.0,2.75,33.37,47.81,52.19,100.0,36.42,14.98,36.36,12.23,0.0,55.0,0.0,357.0,10.0,4810.0,0.0,225.0,2733.0,3916.0,4274.0,8190.0,2983.0,1227.0,2978.0,1002.0
3557303,0.1,1.12,0.08,4.46,0.0,59.84,0.0,4.01,30.39,49.95,50.05,7.15,7.45,8.0,7.88,2.09,19.29,16.66,14.81,11.2,5.47,100.0,100.0,100.0,100.0,100.0,0.0,100.0,0.0,100.0,100.0,49.95,50.05,7.15,7.45,8.0,7.88,2.09,19.29,16.66,14.81,11.2,5.47,100.0,10.0,110.0,8.0,440.0,0.0,5901.0,0.0,395.0,2997.0,4926.0,4936.0,705.0,735.0,789.0,777.0,206.0,1902.0,1643.0,1461.0,1105.0,539.0,9862.0,0.05,1.09,0.09,4.47,0.0,59.99,0.0,3.96,30.34,8.03,8.62,8.49,2.25,20.77,17.94,15.96,12.07,5.89,96.3,3.7,100.0,100.0,100.0,100.0,100.0,0.0,100.0,0.0,100.0,100.0,8.03,8.62,8.49,2.25,20.77,17.94,15.96,12.07,5.89,96.3,3.7,100.0,5.0,100.0,8.0,409.0,0.0,5493.0,0.0,363.0,2778.0,735.0,789.0,777.0,206.0,1902.0,1643.0,1461.0,1105.0,539.0,8818.0,339.0,9157.0,0.07,1.23,0.1,3.98,0.0,61.72,0.0,4.17,28.73,49.94,50.06,100.0,35.02,12.08,37.15,15.75,5.0,94.0,8.0,304.0,0.0,4711.0,0.0,318.0,2193.0,3812.0,3821.0,7633.0,2673.0,922.0,2836.0,1202.0
