CD_MUN,V16000001,V16000002,V16000003,V16000004,V16000005,V16000006,V16000007,V16000008,V16000009,V16000010,V16000011,V16000012,V16000013,V16000014,V16000015,V16000016,V16000017,V16000018,V16000019,V16000020,V16000021,V16000022,V16000023,V16000024,V16000025,V16000026,V16000027,V16000028,V16000029,V16000030,V16000031,V16000032,V16000033,V16000034,V16000035,V16000036,V16000037,V16000038,V16000039,V16000040,V16000041,V16000042,V16000043,V16000044,V16000045,V16000046,V16000047,V16000048,V16000049,V16000050,V16000051,V16000052,V16000053,V16000054,V16000055,V16000056,V16000057,V16000058,V16000059,V16000060,V16000061,V16000062,V16000063,V16000064,V16000065,V16000066,V16000067,V16000068,V16000069,V16000070,V16000071,V16000072,V16000073,V16000074,V16000075,V16000076,V16000077,V16000078,V16000079,V16000080,V16000081,V16000082,V16000083,V16000084,V16000085,V16000086,V16000087,V16000088,V16000089,V16000090,V16000091,V16000092,V16000093,V16000094,V16000095,V16000096,V16000097,V16000098,V16000099,V16000100,V16000101,V16000102,V16000103,V16000104,V16000105,V16000106,V16000107,V16000108,V16000109,V16000110,V16000111,V16000112,V16000113,V16000114,V16000115,V16000116,V16000117,V16000118,V16000119,V16000120,V16000121,V16000122,V16000123,V16000124,V16000125,V16000126,V16000127,V16000128,V16000129,V16000130,V16000131,V16000132,V16000133,V16000134,V16000135,V16000136,V16000137,V16000138,V16000139,V16000140,V16000141,V16000142,V16000143,V16000144,V16000145,V16000146,V16000147,V16000148,V16000149,V16000150,V16000151,V16000152,V16000153,V16000154,V16000155,V16000156,V16000157,V16000158,V16000159,V16000160,V16000161,V16000162,V16000163,V16000164,V16000165,V16000166,V16000167,V16000168,V16000169,V16000170,V16000171,V16000172,V16000173,V16000174,V16000175,V16000176,V16000177,V16000178,V16000179,V16000180,V16000181,V16000182,V16000183,V16000184,V16000185,V16000186,V16000187,V16000188,V16000189,V16000190,V16000191,V16000192,V16000193,V16000194,V16000195,V16000196,V16000197,V16000198,V16000199,V16000200,V16000201,V16000202,V16000203,V16000204,V16000205,V16000206,V16000207,V16000208,V16000209,V16000210,V16000211,V16000212,V16000213,V16000214,V16000215,V16000216,V16000217,V16000218,V16000219,V16000220,V16000221,V16000222,V16000223,V16000224,V16000225,V16000226,V16000227,V16000228,V16000229,V16000230,V16000231,V16000232,V16000233,V16000234,V16000235,V16000236,V16000237,V16000238,V16000239,V16000240,V16000241,V16000242,V16000243,V16000244,V16000245,V16000246,V16000247,V16000248,V16000249,V16000250
3500105,51.5,48.48,2.08,97.14,2.72,0.16,69.77,4.04,1.99,24.21,0.0,100.0,4.06,11.96,35.25,30.51,8.01,5.11,3.03,3618.0,3406.0,146.0,6824.0,191.0,11.0,4901.0,284.0,140.0,1701.0,0.0,7025.0,285.0,840.0,2476.0,2143.0,563.0,359.0,213.0,3179.0,1236.0,154.0,70.0,842.0,3618.0,3406.0,6824.0,191.0,11.0,751.0,611.0,1701.0,1465.0,1012.0,1381.0,104.0,7025.0,728.0,815.0,54.03,45.97,3.65,92.76,11.12,81.63,5.5,0.09,0.78,100.0,0.71,3.72,26.27,42.82,13.97,8.79,0.07,82.5,4.72,9232.0,7855.0,624.0,15850.0,1901.0,13949.0,939.0,15.0,134.0,17088.0,121.0,636.0,4489.0,7317.0,2387.0,1502.0,12.0,14097.0,807.0,17.71,3.26,21.58,0.74,48.88,0.06,0.36,5.99,0.0,0.0,0.42,0.0,0.07,0.07,94.3,5.7,0.0,13.79,9.81,1.7,66.23,4.49,1.72,27.47,0.08,100.0,47.47,26.67,0.0,0.0,2496.0,459.0,3042.0,104.0,6890.0,9.0,51.0,844.0,0.0,0.0,59.0,0.0,10.0,10.0,13294.0,803.0,0.0,1944.0,1383.0,239.0,9337.0,633.0,243.0,3873.0,11.0,14097.0,6692.0,3760.0,0.0,0.0,54.12,45.88,3.26,13.27,10.78,1.84,65.79,4.7,1.76,27.67,0.07,100.0,47.02,26.13,0.0,0.17,0.59,3.74,26.04,44.39,13.96,8.02,0.0,8065.0,6838.0,486.0,1978.0,1606.0,274.0,9804.0,701.0,262.0,4124.0,11.0,14903.0,7007.0,3894.0,0.0,25.0,88.0,557.0,3881.0,6616.0,2080.0,1195.0,0.0,17.76,3.28,21.22,0.7,48.34,0.11,0.45,6.07,0.0,0.0,0.58,0.07,0.07,0.22,65.79,4.7,1.76,27.67,0.07,100.0,13.12,14.41,44.32,28.15,2647.0,489.0,3162.0,104.0,7204.0,17.0,67.0,905.0,0.0,0.0,86.0,11.0,10.0,33.0,9804.0,701.0,262.0,4124.0,11.0,14903.0,1956.0,2147.0,6605.0,4195.0
3500204,51.22,48.78,2.34,80.14,19.86,0.0,63.49,2.82,0.97,32.62,0.0,100.0,7.98,25.61,31.94,27.56,3.7,0.58,0.19,526.0,501.0,24.0,823.0,204.0,0.0,652.0,29.0,10.0,335.0,0.0,1027.0,82.0,263.0,328.0,283.0,38.0,6.0,2.0,547.0,164.0,22.0,0.0,56.0,526.0,501.0,823.0,204.0,0.0,75.0,103.0,270.0,190.0,146.0,210.0,32.0,1027.0,163.0,74.0,56.79,43.21,2.15,73.83,9.95,63.88,19.76,0.0,5.12,100.0,1.2,8.85,27.13,48.56,9.57,2.49,0.0,82.15,1.48,1187.0,903.0,45.0,1543.0,208.0,1335.0,413.0,0.0,107.0,2090.0,25.0,185.0,567.0,1015.0,200.0,52.0,0.0,1717.0,31.0,12.11,24.46,7.57,0.52,25.74,0.0,1.05,25.8,0.12,0.0,0.29,1.4,0.17,0.41,77.11,22.89,0.0,18.87,8.79,5.82,58.77,4.02,0.58,36.28,0.29,100.0,37.16,29.24,0.0,0.0,208.0,420.0,130.0,9.0,442.0,0.0,18.0,443.0,2.0,0.0,5.0,24.0,3.0,7.0,1324.0,393.0,0.0,324.0,151.0,100.0,1009.0,69.0,10.0,623.0,5.0,1717.0,638.0,502.0,0.0,0.0,56.86,43.19,1.2,18.54,8.81,5.72,58.52,4.29,0.57,36.33,0.29,100.0,36.9,28.89,0.17,0.86,1.03,8.98,29.63,48.51,8.24,2.46,0.0,994.0,755.0,21.0,324.0,154.0,100.0,1023.0,75.0,10.0,635.0,5.0,1748.0,645.0,505.0,3.0,15.0,18.0,157.0,518.0,848.0,144.0,43.0,0.0,11.9,24.49,7.44,0.51,26.2,0.17,1.03,25.34,0.11,0.0,0.29,1.37,0.17,0.4,58.52,4.29,0.57,36.33,0.29,100.0,31.46,16.48,38.04,14.02,208.0,428.0,130.0,9.0,458.0,3.0,18.0,443.0,2.0,0.0,5.0,24.0,3.0,7.0,1023.0,75.0,10.0,635.0,5.0,1748.0,550.0,288.0,665.0,245.0
3500303,51.03,48.97,0.14,91.95,8.04,0.0,63.87,4.55,0.16,31.41,0.0,100.0,9.46,21.24,39.61,20.95,4.9,1.43,2.28,4114.0,3948.0,11.0,7413.0,648.0,0.0,5149.0,367.0,13.0,2532.0,0.0,8062.0,763.0,1712.0,3193.0,1689.0,395.0,115.0,184.0,3957.0,1630.0,106.0,75.0,615.0,4114.0,3948.0,7413.0,648.0,0.0,632.0,1073.0,2097.0,1543.0,1158.0,1437.0,122.0,8062.0,806.0,873.0,58.57,41.43,1.46,91.6,23.31,68.29,5.53,0.0,1.19,100.0,1.97,8.46,35.75,38.56,10.39,3.42,0.0,71.68,2.14,8289.0,5864.0,206.0,12964.0,3299.0,9665.0,783.0,0.0,169.0,14153.0,279.0,1197.0,5059.0,5457.0,1470.0,484.0,0.0,10145.0,303.0,12.28,22.59,19.34,0.59,28.53,0.0,3.53,11.57,0.0,0.0,0.43,0.0,0.0,0.1,93.63,6.36,0.0,16.63,12.6,3.5,59.11,7.86,0.5,32.53,0.0,100.0,37.94,28.21,0.39,0.0,1246.0,2292.0,1962.0,60.0,2894.0,0.0,358.0,1174.0,0.0,0.0,44.0,0.0,0.0,10.0,9499.0,645.0,0.0,1687.0,1278.0,355.0,5997.0,797.0,51.0,3300.0,0.0,10145.0,3849.0,2862.0,40.0,0.0,59.04,40.96,0.99,16.22,12.75,4.43,59.49,7.7,0.49,32.31,0.0,100.0,37.0,28.06,0.56,0.26,1.62,9.19,35.58,40.18,9.19,3.26,0.0,6169.0,4280.0,103.0,1695.0,1332.0,463.0,6216.0,805.0,51.0,3376.0,0.0,10448.0,3866.0,2932.0,58.0,27.0,169.0,960.0,3717.0,4198.0,960.0,341.0,0.0,12.29,22.11,19.04,0.57,28.99,0.0,3.49,11.77,0.0,0.0,0.52,0.0,0.0,0.1,59.49,7.7,0.49,32.31,0.0,100.0,25.56,18.0,40.61,15.84,1284.0,2310.0,1989.0,60.0,3029.0,0.0,365.0,1230.0,0.0,0.0,54.0,0.0,0.0,10.0,6216.0,805.0,51.0,3376.0,0.0,10448.0,2670.0,1881.0,4243.0,1655.0
3500402,52.57,47.43,0.32,72.45,27.49,0.0,65.76,2.34,0.32,31.58,0.0,100.0,5.78,20.14,37.75,29.24,4.68,0.71,1.36,809.0,730.0,5.0,1115.0,423.0,0.0,1012.0,36.0,5.0,486.0,0.0,1539.0,89.0,310.0,581.0,450.0,72.0,11.0,21.0,882.0,248.0,15.0,5.0,93.0,809.0,730.0,1115.0,423.0,0.0,113.0,123.0,454.0,308.0,245.0,255.0,41.0,1539.0,149.0,147.0,56.27,43.73,2.13,70.71,16.36,54.35,27.16,0.0,1.36,100.0,1.39,7.25,28.76,45.09,10.21,5.21,0.0,79.53,1.95,1902.0,1478.0,72.0,2390.0,553.0,1837.0,918.0,0.0,46.0,3380.0,47.0,245.0,972.0,1524.0,345.0,176.0,0.0,2688.0,66.0,22.99,1.53,14.99,0.19,42.6,0.19,2.86,11.35,0.0,0.0,2.38,0.0,0.19,0.37,67.97,32.03,0.0,10.34,14.47,3.27,67.04,6.88,0.19,25.89,0.0,100.0,39.43,32.29,0.0,0.0,618.0,41.0,403.0,5.0,1145.0,5.0,77.0,305.0,0.0,0.0,64.0,0.0,5.0,10.0,1827.0,861.0,0.0,278.0,389.0,88.0,1802.0,185.0,5.0,696.0,0.0,2688.0,1060.0,868.0,0.0,0.0,55.43,44.57,1.31,10.09,15.03,3.38,67.11,6.9,0.18,25.81,0.0,100.0,39.6,31.69,0.0,0.0,1.52,7.51,30.02,46.9,8.24,4.5,0.0,1527.0,1228.0,36.0,278.0,414.0,93.0,1849.0,190.0,5.0,711.0,0.0,2755.0,1091.0,873.0,0.0,0.0,42.0,207.0,827.0,1292.0,227.0,124.0,0.0,22.79,1.49,15.35,0.18,42.47,0.18,2.79,11.43,0.0,0.0,2.32,0.0,0.18,0.36,67.11,6.9,0.18,25.81,0.0,100.0,28.49,16.7,39.13,15.68,628.0,41.0,423.0,5.0,1170.0,5.0,77.0,315.0,0.0,0.0,64.0,0.0,5.0,10.0,1849.0,190.0,5.0,711.0,0.0,2755.0,785.0,460.0,1078.0,432.0
3500501,50.78,49.22,1.08,89.01,10.99,0.0,72.47,2.23,0.0,25.3,0.0,100.0,2.98,14.31,39.22,33.34,6.08,2.29,0.69,1686.0,1634.0,36.0,2955.0,365.0,0.0,2406.0,74.0,0.0,840.0,0.0,3320.0,99.0,475.0,1302.0,1107.0,202.0,76.0,23.0,1797.0,510.0,35.0,0.0,165.0,1686.0,1634.0,2955.0,365.0,0.0,171.0,89.0,939.0,810.0,545.0,761.0,4.0,3320.0,434.0,380.0,53.79,46.22,1.82,84.71,18.09,66.63,12.22,0.0,1.95,100.0,0.35,4.55,26.9,49.43,11.23,5.73,0.0,59.06,19.79,5079.0,4364.0,172.0,7998.0,1708.0,6291.0,1154.0,0.0,184.0,9442.0,33.0,430.0,2540.0,4667.0,1060.0,541.0,0.0,5576.0,1869.0,19.24,0.97,20.05,1.42,46.48,0.0,0.61,9.63,0.0,0.0,0.16,0.0,0.2,0.07,85.58,14.42,0.0,18.58,6.19,0.72,71.75,3.53,0.0,24.71,0.0,100.0,39.8,33.68,0.0,0.0,1073.0,54.0,1118.0,79.0,2592.0,0.0,34.0,537.0,0.0,0.0,9.0,0.0,11.0,4.0,4772.0,804.0,0.0,1036.0,345.0,40.0,4001.0,197.0,0.0,1378.0,0.0,5576.0,2219.0,1878.0,0.0,0.0,54.81,45.19,1.3,18.63,6.05,0.59,70.85,4.45,0.0,24.72,0.0,100.0,41.04,32.39,0.16,0.17,0.38,4.07,28.63,49.77,10.99,4.86,0.0,4080.0,3364.0,97.0,1387.0,450.0,44.0,5274.0,331.0,0.0,1840.0,0.0,7444.0,3055.0,2411.0,12.0,13.0,28.0,303.0,2131.0,3705.0,818.0,362.0,0.0,18.05,1.01,20.73,1.06,45.29,0.0,0.74,11.65,0.0,0.0,0.16,0.0,0.15,0.11,70.88,4.44,0.0,24.69,0.0,100.0,23.4,17.78,42.46,16.36,1345.0,75.0,1545.0,79.0,3375.0,0.0,55.0,868.0,0.0,0.0,12.0,0.0,11.0,8.0,5282.0,331.0,0.0,1840.0,0.0,7452.0,1744.0,1325.0,3164.0,1219.0
3500550,51.6,48.34,1.77,79.39,20.32,0.23,66.38,3.2,0.0,30.42,0.0,100.0,2.0,19.58,35.16,26.83,9.02,5.37,0.29,904.0,847.0,31.0,1391.0,356.0,4.0,1163.0,56.0,0.0,533.0,0.0,1752.0,35.0,343.0,616.0,470.0,158.0,94.0,5.0,884.0,290.0,39.0,0.0,210.0,904.0,847.0,1391.0,356.0,4.0,192.0,129.0,443.0,405.0,267.0,301.0,14.0,1752.0,120.0,208.0,58.05,41.95,4.36,83.55,15.91,67.64,14.38,0.0,2.04,100.0,0.34,6.57,27.88,39.36,13.75,7.69,0.0,79.76,2.27,2022.0,1461.0,152.0,2910.0,554.0,2356.0,501.0,0.0,71.0,3483.0,12.0,229.0,971.0,1371.0,479.0,268.0,0.0,2778.0,79.0,23.79,1.19,5.94,0.25,52.23,0.0,5.4,9.29,0.0,0.0,0.4,0.0,0.0,0.5,84.31,15.69,0.0,17.21,12.46,1.55,63.64,5.72,0.29,30.17,0.25,100.0,35.46,32.79,0.11,0.0,661.0,33.0,165.0,7.0,1451.0,0.0,150.0,258.0,0.0,0.0,11.0,0.0,0.0,14.0,2342.0,436.0,0.0,478.0,346.0,43.0,1768.0,159.0,8.0,838.0,7.0,2778.0,985.0,911.0,3.0,0.0,58.26,41.74,3.11,17.21,12.84,1.92,63.96,5.84,0.28,29.67,0.24,100.0,34.64,32.16,0.8,0.0,0.21,7.07,27.85,39.64,14.91,7.21,0.0,1665.0,1193.0,89.0,492.0,367.0,55.0,1828.0,167.0,8.0,848.0,7.0,2858.0,990.0,919.0,23.0,0.0,6.0,202.0,796.0,1133.0,426.0,206.0,0.0,23.13,1.15,5.88,0.24,53.04,0.0,5.25,9.34,0.0,0.0,0.38,0.0,0.0,0.49,63.96,5.84,0.28,29.67,0.24,100.0,18.75,16.66,40.34,24.25,661.0,33.0,168.0,7.0,1516.0,0.0,150.0,267.0,0.0,0.0,11.0,0.0,0.0,14.0,1828.0,167.0,8.0,848.0,7.0,2858.0,536.0,476.0,1153.0,693.0
3500600,53.95,46.24,3.66,69.75,29.48,0.77,82.27,6.17,0.77,10.79,0.0,100.0,1.35,4.24,27.55,36.22,9.63,14.26,3.08,280.0,240.0,19.0,362.0,153.0,4.0,427.0,32.0,4.0,56.0,0.0,519.0,7.0,22.0,143.0,188.0,50.0,74.0,16.0,259.0,62.0,13.0,6.0,81.0,280.0,240.0,362.0,153.0,4.0,63.0,48.0,134.0,118.0,62.0,94.0,0.0,519.0,49.0,47.0,52.47,47.53,13.38,72.77,23.57,49.2,25.56,0.16,1.19,100.0,0.72,1.59,16.32,35.59,16.64,15.37,0.32,71.58,3.34,659.0,597.0,168.0,914.0,296.0,618.0,321.0,2.0,15.0,1256.0,9.0,20.0,205.0,447.0,209.0,193.0,4.0,899.0,42.0,30.7,1.45,2.22,0.0,58.95,0.0,1.0,4.89,0.0,0.0,0.0,0.0,0.0,0.11,68.41,31.59,0.0,25.7,9.57,2.67,78.09,5.12,1.67,14.91,0.33,100.0,35.26,25.58,1.0,0.0,276.0,13.0,20.0,0.0,530.0,0.0,9.0,44.0,0.0,0.0,0.0,0.0,0.0,1.0,615.0,284.0,0.0,231.0,86.0,24.0,702.0,46.0,15.0,134.0,3.0,899.0,317.0,230.0,9.0,0.0,52.07,48.03,12.22,24.55,9.46,3.51,77.36,4.89,1.59,15.83,0.32,100.0,33.69,25.72,1.28,1.59,0.53,1.91,18.38,38.26,15.41,12.96,0.43,490.0,452.0,115.0,231.0,89.0,33.0,728.0,46.0,15.0,149.0,3.0,941.0,317.0,242.0,12.0,15.0,5.0,18.0,173.0,360.0,145.0,122.0,4.0,29.65,1.38,2.13,0.0,57.49,0.0,1.28,6.38,0.0,0.0,0.0,0.0,0.0,0.74,77.36,4.89,1.59,15.83,0.32,100.0,14.67,6.91,38.47,39.96,279.0,13.0,20.0,0.0,541.0,0.0,12.0,60.0,0.0,0.0,0.0,0.0,0.0,7.0,728.0,46.0,15.0,149.0,3.0,941.0,138.0,65.0,362.0,376.0
3500709,50.09,49.91,1.6,89.04,10.97,0.0,58.09,3.79,0.37,37.59,0.17,100.0,6.35,18.07,37.03,25.94,5.29,4.39,1.35,4894.0,4876.0,156.0,8699.0,1072.0,0.0,5675.0,370.0,36.0,3673.0,17.0,9770.0,620.0,1765.0,3618.0,2534.0,517.0,429.0,132.0,4840.0,1490.0,241.0,15.0,1025.0,4894.0,4876.0,8699.0,1072.0,0.0,714.0,1188.0,2439.0,2048.0,1302.0,2006.0,74.0,9770.0,1241.0,917.0,55.4,44.6,3.14,76.14,13.23,62.91,21.35,0.0,1.9,100.0,1.06,7.68,30.74,39.36,11.35,6.64,0.03,82.01,2.24,9974.0,8028.0,565.0,13706.0,2381.0,11325.0,3843.0,0.0,342.0,18002.0,191.0,1383.0,5533.0,7086.0,2043.0,1196.0,5.0,14764.0,404.0,13.86,1.91,12.02,0.49,44.71,0.02,1.9,23.34,0.0,0.0,0.14,0.11,0.0,0.0,74.84,25.16,0.0,11.86,15.65,3.09,56.25,8.23,0.43,34.89,0.21,100.0,31.51,36.8,0.18,0.0,2047.0,282.0,1776.0,72.0,6603.0,3.0,281.0,3447.0,0.0,0.0,20.0,16.0,0.0,0.0,11054.0,3716.0,0.0,1751.0,2312.0,457.0,8308.0,1215.0,64.0,5153.0,31.0,14770.0,4654.0,5435.0,27.0,0.0,56.36,43.64,2.22,11.76,15.39,3.23,56.35,8.51,0.42,34.51,0.2,100.0,31.35,36.81,0.28,0.17,1.17,7.81,31.45,39.54,11.56,6.21,0.03,8548.0,6620.0,336.0,1783.0,2334.0,490.0,8547.0,1291.0,64.0,5235.0,31.0,15168.0,4755.0,5583.0,43.0,26.0,178.0,1184.0,4770.0,5998.0,1754.0,942.0,5.0,13.81,1.86,11.76,0.55,44.93,0.11,1.85,23.28,0.0,0.0,0.2,0.11,0.0,0.0,56.33,8.51,0.42,34.53,0.2,100.0,15.05,16.98,48.39,19.58,2096.0,282.0,1785.0,83.0,6817.0,17.0,281.0,3533.0,0.0,0.0,31.0,16.0,0.0,0.0,8547.0,1291.0,64.0,5240.0,31.0,15174.0,2283.0,2576.0,7343.0,2971.0
3500758,50.88,49.12,0.17,78.0,21.66,0.0,70.1,4.72,0.17,24.67,0.34,100.0,6.59,17.11,44.57,23.65,5.51,1.19,1.19,895.0,864.0,3.0,1372.0,381.0,0.0,1233.0,83.0,3.0,434.0,6.0,1759.0,116.0,301.0,784.0,416.0,97.0,21.0,21.0,890.0,450.0,13.0,3.0,212.0,895.0,864.0,1372.0,381.0,0.0,148.0,373.0,386.0,355.0,246.0,183.0,69.0,1759.0,72.0,121.0,61.34,38.66,1.07,62.62,14.15,48.47,32.4,0.0,4.13,100.0,1.42,9.32,37.8,38.12,9.67,2.56,0.0,76.67,4.16,1725.0,1087.0,30.0,1761.0,398.0,1363.0,911.0,0.0,116.0,2812.0,40.0,262.0,1063.0,1072.0,272.0,72.0,0.0,2156.0,117.0,23.98,4.27,18.32,0.14,27.83,0.14,3.62,18.6,0.0,0.0,2.04,0.0,0.0,0.83,63.22,36.83,0.0,19.25,14.15,2.83,68.65,4.73,0.0,26.3,0.28,100.0,25.42,37.94,0.14,0.0,517.0,92.0,395.0,3.0,600.0,3.0,78.0,401.0,0.0,0.0,44.0,0.0,0.0,18.0,1363.0,794.0,0.0,415.0,305.0,61.0,1480.0,102.0,0.0,567.0,6.0,2156.0,548.0,818.0,3.0,0.0,59.61,40.43,0.79,18.26,14.08,3.65,68.5,4.8,0.0,26.44,0.26,100.0,24.11,38.06,0.79,0.26,1.36,8.97,38.5,39.33,8.45,2.64,0.0,1355.0,919.0,18.0,415.0,320.0,83.0,1557.0,109.0,0.0,601.0,6.0,2273.0,548.0,865.0,18.0,6.0,31.0,204.0,875.0,894.0,192.0,60.0,0.0,22.75,4.18,17.95,0.13,28.42,0.13,3.43,19.23,0.0,0.0,2.33,0.0,0.0,1.06,68.5,4.8,0.0,26.44,0.26,100.0,19.89,19.14,49.01,11.97,517.0,95.0,408.0,3.0,646.0,3.0,78.0,437.0,0.0,0.0,53.0,0.0,0.0,24.0,1557.0,109.0,0.0,601.0,6.0,2273.0,452.0,435.0,1114.0,272.0
3500808,51.17,48.83,0.67,80.0,19.44,0.0,53.74,5.03,1.45,39.89,0.0,100.0,4.92,23.58,39.11,25.03,4.02,2.01,0.67,458.0,437.0,6.0,716.0,174.0,0.0,481.0,45.0,13.0,357.0,0.0,895.0,44.0,211.0,350.0,224.0,36.0,18.0,6.0,449.0,140.0,21.0,0.0,38.0,458.0,437.0,716.0,174.0,0.0,40.0,35.0,248.0,211.0,135.0,217.0,8.0,895.0,143.0,104.0,56.66,43.34,1.85,75.26,7.78,67.48,23.19,0.0,1.2,100.0,0.8,7.88,30.47,41.85,11.97,5.09,0.15,88.88,1.85,1136.0,869.0,37.0,1509.0,156.0,1353.0,465.0,0.0,24.0,2005.0,16.0,158.0,611.0,839.0,240.0,102.0,3.0,1782.0,37.0,37.77,1.68,6.96,0.34,43.43,0.0,0.9,7.91,0.0,0.0,0.0,0.0,0.0,0.84,75.76,24.24,0.0,25.31,14.25,2.58,53.42,6.4,1.74,38.44,0.0,100.0,31.76,26.09,0.0,0.0,673.0,30.0,124.0,6.0,774.0,0.0,16.0,141.0,0.0,0.0,0.0,0.0,0.0,15.0,1350.0,432.0,0.0,451.0,254.0,46.0,952.0,114.0,31.0,685.0,0.0,1782.0,566.0,465.0,0.0,0.0,56.95,42.99,2.03,24.96,14.57,2.53,53.6,6.27,1.7,38.37,0.0,100.0,31.12,26.72,0.16,0.0,0.88,7.92,30.02,42.99,11.21,4.78,0.16,1036.0,782.0,37.0,454.0,265.0,46.0,975.0,114.0,31.0,698.0,0.0,1819.0,566.0,486.0,3.0,0.0,16.0,144.0,546.0,782.0,204.0,87.0,3.0,37.16,1.65,7.31,0.33,43.27,0.0,0.88,8.3,0.0,0.0,0.0,0.0,0.0,0.82,53.6,6.27,1.7,38.37,0.0,100.0,16.66,10.72,53.44,19.13,676.0,30.0,133.0,6.0,787.0,0.0,16.0,151.0,0.0,0.0,0.0,0.0,0.0,15.0,975.0,114.0,31.0,698.0,0.0,1819.0,303.0,195.0,972.0,348.0
3500907,49.68,50.32,0.0,89.86,10.14,0.0,53.53,8.09,0.0,38.38,0.0,100.0,9.11,22.46,32.61,24.13,5.52,0.0,6.03,387.0,392.0,0.0,700.0,79.0,0.0,417.0,63.0,0.0,299.0,0.0,779.0,71.0,175.0,254.0,188.0,43.0,0.0,47.0,404.0,125.0,5.0,9.0,45.0,387.0,392.0,700.0,79.0,0.0,39.0,52.0,221.0,192.0,105.0,167.0,3.0,779.0,63.0,129.0,62.01,37.99,1.45,80.59,12.96,67.57,18.9,0.0,0.51,100.0,0.88,9.92,28.89,43.05,13.27,2.47,0.0,85.34,1.14,981.0,601.0,23.0,1275.0,205.0,1069.0,299.0,0.0,8.0,1582.0,14.0,157.0,457.0,681.0,210.0,39.0,0.0,1350.0,18.0,21.11,7.56,3.19,0.15,17.33,0.0,1.41,47.19,0.0,0.0,0.52,0.0,0.0,0.59,79.04,20.96,0.0,20.22,22.59,5.63,40.67,15.26,0.3,43.56,0.22,100.0,22.96,27.93,0.0,0.0,285.0,102.0,43.0,2.0,234.0,0.0,19.0,637.0,0.0,0.0,7.0,0.0,0.0,8.0,1067.0,283.0,0.0,273.0,305.0,76.0,549.0,206.0,4.0,588.0,3.0,1350.0,310.0,377.0,0.0,0.0,61.92,38.08,0.95,20.18,22.81,5.56,40.79,15.06,0.29,43.64,0.22,100.0,22.66,27.56,0.0,0.37,1.02,9.87,28.65,43.79,12.87,2.85,0.0,847.0,521.0,13.0,276.0,312.0,76.0,558.0,206.0,4.0,597.0,3.0,1368.0,310.0,377.0,0.0,5.0,14.0,135.0,392.0,599.0,176.0,39.0,0.0,20.83,7.46,3.14,0.15,17.32,0.0,1.39,47.15,0.0,0.0,0.51,0.0,0.0,0.88,40.79,15.06,0.29,43.64,0.22,100.0,34.28,10.6,41.45,13.6,285.0,102.0,43.0,2.0,237.0,0.0,19.0,645.0,0.0,0.0,7.0,0.0,0.0,12.0,558.0,206.0,4.0,597.0,3.0,1368.0,469.0,145.0,567.0,186.0
3501004,50.28,49.75,0.53,91.49,8.27,0.11,66.38,4.64,0.26,28.7,0.0,100.0,7.85,24.03,35.42,23.74,3.21,1.37,3.87,1908.0,1888.0,20.0,3472.0,314.0,4.0,2519.0,176.0,10.0,1089.0,0.0,3795.0,298.0,912.0,1344.0,901.0,122.0,52.0,147.0,1960.0,510.0,53.0,19.0,304.0,1908.0,1888.0,3472.0,314.0,4.0,254.0,252.0,1025.0,839.0,518.0,863.0,45.0,3795.0,569.0,381.0,59.28,40.72,2.13,86.77,11.51,75.26,11.92,0.0,1.04,100.0,1.27,9.95,33.33,40.68,7.86,4.79,0.0,84.64,2.54,4670.0,3208.0,168.0,6836.0,907.0,5929.0,939.0,0.0,82.0,7878.0,100.0,784.0,2626.0,3205.0,619.0,377.0,0.0,6668.0,200.0,24.73,2.52,4.65,0.51,44.48,0.0,6.61,14.77,0.0,0.0,0.48,0.0,0.0,0.84,87.82,12.18,0.0,12.82,16.77,5.2,57.59,7.99,0.15,34.27,0.0,100.0,31.09,33.83,0.22,0.0,1649.0,168.0,310.0,34.0,2966.0,0.0,441.0,985.0,0.0,0.0,32.0,0.0,0.0,56.0,5856.0,812.0,0.0,855.0,1118.0,347.0,3840.0,533.0,10.0,2285.0,0.0,6668.0,2073.0,2256.0,15.0,0.0,59.62,40.38,2.13,12.45,17.38,5.5,57.44,8.04,0.23,34.29,0.0,100.0,30.65,33.1,0.86,0.0,1.37,9.77,32.24,41.79,8.3,4.43,0.0,4095.0,2773.0,146.0,855.0,1194.0,378.0,3945.0,552.0,16.0,2355.0,0.0,6868.0,2105.0,2273.0,59.0,0.0,94.0,671.0,2214.0,2870.0,570.0,304.0,0.0,24.13,2.45,4.6,0.5,44.74,0.0,6.42,15.2,0.0,0.0,0.55,0.0,0.0,1.02,57.44,8.04,0.23,34.29,0.0,100.0,27.65,13.58,41.0,17.76,1657.0,168.0,316.0,34.0,3073.0,0.0,441.0,1044.0,0.0,0.0,38.0,0.0,0.0,70.0,3945.0,552.0,16.0,2355.0,0.0,6868.0,1899.0,933.0,2816.0,1220.0
3501103,49.13,50.87,0.0,82.41,17.59,0.0,64.68,3.49,0.87,30.96,0.0,100.0,8.72,14.39,48.26,23.98,1.74,1.45,1.45,338.0,350.0,0.0,567.0,121.0,0.0,445.0,24.0,6.0,213.0,0.0,688.0,60.0,99.0,332.0,165.0,12.0,10.0,10.0,406.0,121.0,8.0,0.0,40.0,338.0,350.0,567.0,121.0,0.0,53.0,57.0,202.0,178.0,93.0,103.0,3.0,688.0,52.0,60.0,61.06,38.94,1.42,75.94,12.16,63.78,20.18,0.0,3.49,100.0,1.42,6.27,35.06,44.44,8.93,2.46,0.0,81.44,2.52,944.0,602.0,22.0,1174.0,188.0,986.0,312.0,0.0,54.0,1546.0,22.0,97.0,542.0,687.0,138.0,38.0,0.0,1259.0,39.0,27.8,5.0,11.44,2.38,28.04,0.0,0.32,22.32,0.0,0.0,0.71,0.0,0.0,0.87,77.6,22.4,0.0,21.45,18.35,2.54,59.33,6.67,0.24,33.76,0.0,100.0,29.63,27.88,0.0,0.0,350.0,63.0,144.0,30.0,353.0,0.0,4.0,281.0,0.0,0.0,9.0,0.0,0.0,11.0,977.0,282.0,0.0,270.0,231.0,32.0,747.0,84.0,3.0,425.0,0.0,1259.0,373.0,351.0,0.0,0.0,60.09,39.91,0.62,20.8,18.49,2.7,60.09,6.7,0.23,32.97,0.0,100.0,28.89,27.73,0.0,1.23,1.69,7.09,35.67,43.99,9.09,1.85,0.0,780.0,518.0,8.0,270.0,240.0,35.0,780.0,87.0,3.0,428.0,0.0,1298.0,375.0,360.0,0.0,16.0,22.0,92.0,463.0,571.0,118.0,24.0,0.0,27.2,4.85,11.09,2.31,28.35,0.0,0.31,22.73,0.0,0.0,0.92,0.0,0.0,1.08,60.09,6.7,0.23,32.97,0.0,100.0,21.42,19.88,42.99,15.72,353.0,63.0,144.0,30.0,368.0,0.0,4.0,295.0,0.0,0.0,12.0,0.0,0.0,14.0,780.0,87.0,3.0,428.0,0.0,1298.0,278.0,258.0,558.0,204.0
3501152,49.54,50.46,0.44,83.89,16.11,0.0,51.99,8.22,0.66,39.13,0.0,100.0,2.81,18.28,37.94,31.83,5.48,2.08,1.14,2260.0,2302.0,20.0,3827.0,735.0,0.0,2372.0,375.0,30.0,1785.0,0.0,4562.0,128.0,834.0,1731.0,1452.0,250.0,95.0,52.0,2227.0,1045.0,13.0,16.0,540.0,2260.0,2302.0,3827.0,735.0,0.0,430.0,605.0,1155.0,967.0,701.0,624.0,81.0,4562.0,225.0,496.0,60.53,39.47,2.41,76.15,8.38,67.78,22.75,0.0,0.34,100.0,1.09,8.37,26.62,43.2,13.86,4.46,0.0,89.87,0.65,4673.0,3047.0,186.0,5879.0,647.0,5233.0,1756.0,0.0,26.0,7720.0,84.0,646.0,2055.0,3335.0,1070.0,344.0,0.0,6938.0,50.0,23.36,0.33,5.82,0.14,31.9,0.0,0.99,35.93,0.22,0.0,0.17,0.0,0.0,0.13,74.99,25.01,0.0,5.9,15.68,5.68,49.78,9.66,0.39,40.1,0.07,100.0,29.46,43.04,0.16,0.0,1621.0,23.0,404.0,10.0,2213.0,0.0,69.0,2493.0,15.0,0.0,12.0,0.0,0.0,9.0,5203.0,1735.0,0.0,409.0,1088.0,394.0,3454.0,670.0,27.0,2782.0,5.0,6938.0,2044.0,2986.0,11.0,0.0,61.28,38.72,2.18,5.85,15.63,5.8,49.66,9.65,0.39,40.25,0.07,100.0,29.39,42.93,0.2,0.1,1.2,7.94,27.53,43.45,13.54,4.16,0.0,4282.0,2706.0,152.0,409.0,1092.0,405.0,3470.0,674.0,27.0,2813.0,5.0,6988.0,2054.0,3000.0,14.0,7.0,84.0,555.0,1924.0,3036.0,946.0,291.0,0.0,23.34,0.33,5.78,0.14,31.87,0.0,1.09,35.96,0.21,0.0,0.17,0.0,0.0,0.13,49.66,9.65,0.39,40.25,0.07,100.0,13.28,14.24,56.24,16.26,1631.0,23.0,404.0,10.0,2227.0,0.0,76.0,2513.0,15.0,0.0,12.0,0.0,0.0,9.0,3470.0,674.0,27.0,2813.0,5.0,6988.0,928.0,995.0,3930.0,1136.0
3501202,51.13,48.87,0.26,86.75,13.25,0.0,60.93,2.12,0.26,36.29,0.4,100.0,6.09,19.47,43.84,24.77,2.91,1.72,0.79,386.0,369.0,2.0,655.0,100.0,0.0,460.0,16.0,2.0,274.0,3.0,755.0,46.0,147.0,331.0,187.0,22.0,13.0,6.0,399.0,145.0,12.0,5.0,34.0,386.0,369.0,655.0,100.0,0.0,59.0,53.0,195.0,143.0,126.0,150.0,31.0,755.0,79.0,81.0,58.28,41.72,2.08,68.22,26.05,42.23,23.54,0.0,1.07,100.0,1.01,8.37,32.28,43.49,10.51,2.27,0.0,63.56,2.2,926.0,663.0,33.0,1084.0,414.0,671.0,374.0,0.0,17.0,1589.0,16.0,133.0,513.0,691.0,167.0,36.0,0.0,1010.0,35.0,22.97,5.25,14.95,0.3,42.57,0.2,0.59,11.19,0.0,0.0,0.79,0.0,0.0,0.1,66.04,33.86,0.0,26.93,12.67,1.09,60.3,2.87,0.59,36.14,0.0,100.0,29.8,28.42,0.0,0.0,232.0,53.0,151.0,3.0,430.0,2.0,6.0,113.0,0.0,0.0,8.0,0.0,0.0,1.0,667.0,342.0,0.0,272.0,128.0,11.0,609.0,29.0,6.0,365.0,0.0,1010.0,301.0,287.0,0.0,0.0,55.36,44.73,2.39,26.25,12.64,1.72,59.96,2.78,0.57,36.69,0.0,100.0,29.02,28.93,0.19,0.29,0.77,8.91,31.7,43.58,9.96,2.59,0.0,578.0,467.0,25.0,274.0,132.0,18.0,626.0,29.0,6.0,383.0,0.0,1044.0,303.0,302.0,2.0,3.0,8.0,93.0,331.0,455.0,104.0,27.0,0.0,22.61,5.08,14.85,0.29,42.62,0.19,0.57,11.49,0.0,0.0,1.25,0.0,0.0,0.1,59.96,2.78,0.57,36.69,0.0,100.0,20.98,15.9,42.24,20.88,236.0,53.0,155.0,3.0,445.0,2.0,6.0,120.0,0.0,0.0,13.0,0.0,0.0,1.0,626.0,29.0,6.0,383.0,0.0,1044.0,219.0,166.0,441.0,218.0
3501301,48.86,51.13,0.31,85.14,14.86,0.0,53.5,3.7,1.6,40.57,0.64,100.0,9.13,20.31,36.16,24.2,5.51,3.47,0.91,3271.0,3423.0,21.0,5700.0,995.0,0.0,3582.0,248.0,107.0,2716.0,43.0,6695.0,611.0,1360.0,2421.0,1620.0,369.0,232.0,61.0,3202.0,1260.0,56.0,35.0,588.0,3271.0,3423.0,5700.0,995.0,0.0,570.0,733.0,1952.0,1172.0,929.0,1274.0,65.0,6695.0,706.0,848.0,55.67,44.33,2.5,59.6,16.07,43.53,37.26,0.0,1.42,100.0,2.22,9.77,30.9,38.51,10.33,5.71,0.08,78.69,2.11,6979.0,5557.0,313.0,7472.0,2014.0,5457.0,4671.0,0.0,178.0,12536.0,278.0,1225.0,3873.0,4828.0,1295.0,716.0,10.0,9864.0,264.0,10.86,0.8,20.16,1.79,49.23,0.11,1.54,12.7,0.0,0.0,0.7,0.0,0.0,0.6,54.53,45.47,0.0,10.06,14.23,2.51,52.33,6.55,2.53,38.15,0.44,100.0,29.73,43.2,0.0,0.0,1071.0,79.0,1989.0,177.0,4856.0,11.0,152.0,1253.0,0.0,0.0,69.0,0.0,0.0,59.0,5379.0,4485.0,0.0,992.0,1404.0,248.0,5162.0,646.0,250.0,3763.0,43.0,9864.0,2933.0,4261.0,0.0,0.0,55.71,44.29,2.46,9.89,14.39,2.6,52.53,6.49,2.47,38.1,0.42,100.0,29.36,42.83,0.22,0.35,1.54,9.24,31.1,39.74,9.97,5.85,0.1,5642.0,4486.0,249.0,1002.0,1457.0,263.0,5320.0,657.0,250.0,3859.0,43.0,10128.0,2974.0,4338.0,22.0,35.0,156.0,936.0,3150.0,4025.0,1010.0,592.0,10.0,10.57,0.78,19.92,1.96,49.5,0.11,1.5,12.63,0.0,0.0,0.79,0.22,0.0,0.58,52.53,6.49,2.47,38.1,0.42,100.0,18.46,18.08,42.51,20.96,1071.0,79.0,2017.0,199.0,5013.0,11.0,152.0,1279.0,0.0,0.0,80.0,22.0,0.0,59.0,5320.0,657.0,250.0,3859.0,43.0,10128.0,1870.0,1831.0,4305.0,2123.0
3501400,50.41,49.59,0.0,87.67,12.33,0.0,50.0,7.05,0.0,42.95,0.0,100.0,16.53,25.61,36.31,13.55,2.57,0.41,5.15,372.0,366.0,0.0,647.0,91.0,0.0,369.0,52.0,0.0,317.0,0.0,738.0,122.0,189.0,268.0,100.0,19.0,3.0,38.0,332.0,129.0,32.0,18.0,59.0,372.0,366.0,647.0,91.0,0.0,44.0,79.0,187.0,196.0,101.0,122.0,9.0,738.0,53.0,114.0,58.5,41.5,0.49,69.5,8.74,60.76,25.4,0.0,0.65,100.0,2.83,11.25,36.89,36.89,9.39,2.27,0.0,81.88,3.96,723.0,513.0,6.0,859.0,108.0,751.0,314.0,0.0,8.0,1236.0,35.0,139.0,456.0,456.0,116.0,28.0,0.0,1012.0,49.0,33.43,1.57,4.9,1.08,28.04,0.0,4.51,25.59,0.0,0.0,0.0,0.0,0.0,0.0,73.04,26.96,0.0,10.29,25.2,10.59,40.49,11.27,0.0,48.24,0.0,100.0,32.35,20.78,0.88,0.0,341.0,16.0,50.0,11.0,286.0,0.0,46.0,261.0,0.0,0.0,0.0,0.0,0.0,0.0,745.0,275.0,0.0,105.0,257.0,108.0,413.0,115.0,0.0,492.0,0.0,1020.0,330.0,212.0,9.0,0.0,58.31,41.69,0.28,9.86,24.32,11.83,41.6,11.36,0.0,47.04,0.0,100.0,30.7,19.91,2.25,0.56,2.35,11.55,36.62,36.15,10.33,2.63,0.0,621.0,444.0,3.0,105.0,259.0,126.0,443.0,121.0,0.0,501.0,0.0,1065.0,327.0,212.0,24.0,6.0,25.0,123.0,390.0,385.0,110.0,28.0,0.0,31.97,1.49,4.66,1.03,29.54,0.0,4.29,25.44,0.0,0.0,0.75,0.0,0.0,0.0,41.29,11.56,0.0,47.25,0.0,100.0,26.56,13.42,50.42,9.69,343.0,16.0,50.0,11.0,317.0,0.0,46.0,273.0,0.0,0.0,8.0,0.0,0.0,0.0,443.0,124.0,0.0,507.0,0.0,1073.0,285.0,144.0,541.0,104.0
3501509,48.17,51.83,0.98,92.3,7.7,0.0,48.78,6.23,0.0,44.99,0.0,100.0,16.14,25.67,38.02,14.3,2.57,0.98,1.34,394.0,424.0,8.0,755.0,63.0,0.0,399.0,51.0,0.0,368.0,0.0,818.0,132.0,210.0,311.0,117.0,21.0,8.0,11.0,392.0,193.0,10.0,18.0,43.0,394.0,424.0,755.0,63.0,0.0,72.0,135.0,165.0,161.0,117.0,157.0,11.0,818.0,76.0,88.0,58.23,41.69,1.92,75.44,7.18,68.34,14.62,0.0,0.0,100.0,1.84,12.2,45.36,27.65,7.77,3.34,0.0,76.78,6.18,697.0,499.0,23.0,903.0,86.0,818.0,175.0,0.0,0.0,1197.0,22.0,146.0,543.0,331.0,93.0,40.0,0.0,919.0,74.0,32.32,6.42,1.41,0.54,23.5,0.0,1.74,30.47,0.0,0.0,1.09,0.0,0.0,1.09,82.92,17.08,0.0,20.78,23.5,5.44,49.4,10.12,0.0,40.37,0.0,100.0,24.37,25.57,0.22,0.0,297.0,59.0,13.0,5.0,216.0,0.0,16.0,280.0,0.0,0.0,10.0,0.0,0.0,10.0,762.0,157.0,0.0,191.0,216.0,50.0,454.0,93.0,0.0,371.0,0.0,919.0,224.0,235.0,2.0,0.0,60.32,39.68,2.01,20.95,22.86,5.54,49.04,10.47,0.0,40.48,0.0,100.0,23.26,24.97,0.2,0.3,2.01,10.98,46.53,27.29,7.15,4.03,0.0,599.0,394.0,20.0,208.0,227.0,55.0,487.0,104.0,0.0,402.0,0.0,993.0,231.0,248.0,2.0,3.0,20.0,109.0,462.0,271.0,71.0,40.0,0.0,31.82,5.94,1.31,0.5,23.16,0.0,1.61,29.51,0.0,0.0,1.41,0.0,0.2,1.61,49.04,10.47,0.0,40.48,0.0,100.0,30.01,13.8,39.17,17.02,316.0,59.0,13.0,5.0,230.0,0.0,16.0,293.0,0.0,0.0,14.0,0.0,2.0,16.0,487.0,104.0,0.0,402.0,0.0,993.0,298.0,137.0,389.0,169.0
3501608,49.38,50.62,4.24,89.47,10.39,0.12,70.34,4.52,0.62,24.49,0.02,100.0,2.91,9.15,27.46,34.13,13.02,7.27,1.83,26612.0,27281.0,2284.0,48219.0,5597.0,65.0,37909.0,2434.0,333.0,13196.0,10.0,53893.0,1566.0,4933.0,14799.0,18391.0,7015.0,3920.0,984.0,24424.0,9117.0,1719.0,477.0,7797.0,26612.0,27281.0,48219.0,5597.0,65.0,5669.0,7190.0,13109.0,10497.0,7430.0,9511.0,487.0,53893.0,5595.0,4763.0,55.19,44.81,7.23,79.52,11.31,68.22,17.36,0.06,1.45,100.0,0.65,3.18,16.82,40.82,18.83,12.44,0.04,83.43,2.2,69041.0,56052.0,9041.0,99479.0,14144.0,85335.0,21710.0,74.0,1810.0,125093.0,811.0,3972.0,21043.0,51065.0,23550.0,15566.0,44.0,104371.0,2747.0,11.0,3.39,11.06,0.42,56.66,0.71,1.6,13.22,0.07,0.01,0.19,0.01,0.1,0.4,80.49,19.51,0.0,9.45,15.79,4.16,68.27,6.07,0.68,24.9,0.08,100.0,34.92,35.09,0.17,0.01,11486.0,3541.0,11557.0,440.0,59186.0,739.0,1676.0,13812.0,76.0,12.0,201.0,11.0,105.0,418.0,84069.0,20381.0,0.0,9871.0,16497.0,4344.0,71310.0,6345.0,708.0,26004.0,82.0,104449.0,36469.0,36648.0,175.0,10.0,56.52,43.48,7.03,9.42,15.8,4.52,68.32,6.02,0.7,24.87,0.09,100.0,34.47,34.71,0.36,0.17,0.52,3.12,17.05,41.41,18.84,12.02,0.01,60541.0,46577.0,7531.0,10095.0,16926.0,4838.0,73182.0,6445.0,755.0,26644.0,93.0,107118.0,36920.0,37182.0,384.0,181.0,559.0,3340.0,18260.0,44358.0,20182.0,12877.0,11.0,10.88,3.3,11.02,0.43,56.5,0.71,1.58,13.29,0.08,0.01,0.24,0.01,0.1,0.53,68.29,6.03,0.7,24.89,0.09,100.0,11.62,12.32,46.61,29.44,11663.0,3542.0,11813.0,463.0,60563.0,761.0,1696.0,14246.0,87.0,12.0,262.0,11.0,105.0,570.0,73201.0,6463.0,755.0,26684.0,93.0,107196.0,12458.0,13210.0,49966.0,31562.0
3501707,49.2,50.82,0.11,90.92,9.09,0.0,46.49,7.18,0.0,46.07,0.26,100.0,8.1,18.89,42.59,22.47,2.51,1.0,4.34,3983.0,4114.0,9.0,7361.0,736.0,0.0,3764.0,581.0,0.0,3730.0,21.0,8096.0,656.0,1529.0,3448.0,1819.0,203.0,81.0,351.0,3832.0,1359.0,37.0,654.0,456.0,3983.0,4114.0,7361.0,736.0,0.0,529.0,1083.0,2279.0,1566.0,1143.0,1347.0,150.0,8096.0,942.0,817.0,58.84,41.16,0.41,56.29,5.83,50.47,35.83,0.0,5.54,100.0,1.16,7.27,34.92,45.36,7.78,3.04,0.06,82.33,3.97,9099.0,6366.0,63.0,8706.0,901.0,7805.0,5541.0,0.0,856.0,15465.0,179.0,1124.0,5401.0,7015.0,1203.0,470.0,10.0,12732.0,614.0,15.01,6.74,14.71,1.27,27.51,0.0,3.84,29.52,0.0,0.0,0.32,0.0,0.0,0.31,59.34,40.66,0.0,11.11,22.3,3.62,46.24,10.32,0.09,43.35,0.0,100.0,26.52,36.21,0.0,0.0,1914.0,859.0,1875.0,162.0,3507.0,0.0,489.0,3764.0,0.0,0.0,41.0,0.0,0.0,40.0,7565.0,5184.0,0.0,1416.0,2843.0,462.0,5895.0,1316.0,11.0,5527.0,0.0,12749.0,3381.0,4617.0,0.0,0.0,58.88,41.12,0.47,10.84,22.18,4.07,45.86,10.91,0.08,43.08,0.08,100.0,26.33,35.57,0.31,0.48,0.97,7.8,34.97,45.5,7.66,2.56,0.07,7858.0,5488.0,63.0,1447.0,2960.0,543.0,6120.0,1456.0,11.0,5749.0,11.0,13346.0,3514.0,4747.0,42.0,64.0,129.0,1041.0,4667.0,6073.0,1022.0,341.0,10.0,14.63,6.53,14.8,1.21,27.85,0.0,4.14,29.42,0.0,0.0,0.31,0.0,0.0,0.3,45.8,10.9,0.08,43.15,0.08,100.0,20.76,19.09,52.06,8.09,1955.0,872.0,1978.0,162.0,3722.0,0.0,553.0,3931.0,0.0,0.0,41.0,0.0,0.0,40.0,6120.0,1456.0,11.0,5766.0,11.0,13363.0,2774.0,2551.0,6957.0,1081.0
3501806,47.99,52.01,1.59,85.74,14.26,0.0,63.67,4.19,1.01,31.12,0.0,100.0,4.53,18.46,41.36,27.52,5.12,1.17,0.25,572.0,620.0,19.0,1022.0,170.0,0.0,759.0,50.0,12.0,371.0,0.0,1192.0,54.0,220.0,493.0,328.0,61.0,14.0,3.0,657.0,186.0,10.0,6.0,122.0,572.0,620.0,1022.0,170.0,0.0,131.0,97.0,315.0,271.0,172.0,202.0,2.0,1192.0,112.0,98.0,57.74,42.26,1.66,77.96,32.01,45.94,18.83,0.0,2.37,100.0,1.39,5.75,30.63,43.48,12.07,5.0,0.0,63.02,1.76,1708.0,1250.0,49.0,2306.0,947.0,1359.0,557.0,0.0,70.0,2958.0,41.0,170.0,906.0,1286.0,357.0,148.0,0.0,1864.0,52.0,22.32,5.63,9.71,0.0,28.17,0.11,2.15,30.85,0.0,0.0,0.27,0.0,0.0,0.16,72.21,27.79,0.0,21.57,24.14,4.29,67.44,5.47,0.38,26.72,0.0,100.0,27.68,22.1,0.16,0.0,416.0,105.0,181.0,0.0,525.0,2.0,40.0,575.0,0.0,0.0,5.0,0.0,0.0,3.0,1346.0,518.0,0.0,402.0,450.0,80.0,1257.0,102.0,7.0,498.0,0.0,1864.0,516.0,412.0,3.0,0.0,59.76,40.19,1.41,20.98,24.11,4.59,67.17,5.38,0.37,27.09,0.0,100.0,27.14,21.92,0.16,0.94,1.93,4.02,32.67,43.95,11.8,4.18,0.0,1145.0,770.0,27.0,402.0,462.0,88.0,1287.0,103.0,7.0,519.0,0.0,1916.0,520.0,420.0,3.0,18.0,37.0,77.0,626.0,842.0,226.0,80.0,0.0,21.87,5.48,9.45,0.0,28.6,0.1,2.09,30.85,0.0,0.0,0.42,0.0,0.0,0.16,67.17,5.38,0.37,27.09,0.0,100.0,23.07,16.44,43.06,17.43,419.0,105.0,181.0,0.0,548.0,2.0,40.0,591.0,0.0,0.0,8.0,0.0,0.0,3.0,1287.0,103.0,7.0,519.0,0.0,1916.0,442.0,315.0,825.0,334.0
3501905,49.48,50.52,1.48,89.3,10.5,0.13,72.42,3.1,0.14,24.34,0.0,100.0,2.05,11.7,37.17,33.27,8.37,5.41,0.57,7009.0,7156.0,209.0,12650.0,1487.0,18.0,10258.0,439.0,20.0,3448.0,0.0,14165.0,291.0,1657.0,5265.0,4712.0,1185.0,766.0,81.0,6617.0,2289.0,452.0,33.0,1818.0,7009.0,7156.0,12650.0,1487.0,18.0,1769.0,1335.0,3810.0,2586.0,1903.0,2599.0,163.0,14165.0,1529.0,1429.0,54.66,45.34,3.79,91.87,12.23,79.65,6.14,0.01,1.36,100.0,0.3,3.41,24.09,45.35,14.01,9.03,0.0,77.97,7.83,20073.0,16650.0,1393.0,33737.0,4490.0,29248.0,2254.0,4.0,501.0,36722.0,112.0,1253.0,8847.0,16654.0,5146.0,3317.0,0.0,28632.0,2874.0,18.24,6.5,22.01,0.64,40.15,0.4,1.8,8.38,0.0,0.0,0.53,0.04,0.0,0.54,92.95,7.05,0.0,12.33,10.78,2.25,71.72,6.2,0.45,21.64,0.0,100.0,43.02,31.13,0.22,0.0,5229.0,1864.0,6309.0,183.0,11509.0,115.0,516.0,2402.0,0.0,0.0,151.0,11.0,0.0,156.0,26640.0,2022.0,0.0,3534.0,3090.0,645.0,20557.0,1776.0,128.0,6202.0,0.0,28662.0,12330.0,8923.0,64.0,0.0,54.81,45.19,3.02,12.82,10.52,2.28,71.54,6.0,0.41,22.06,0.0,100.0,43.06,30.69,0.3,0.04,0.25,3.14,24.34,46.47,14.13,8.66,0.0,17268.0,14238.0,953.0,4040.0,3316.0,718.0,22538.0,1889.0,128.0,6951.0,0.0,31506.0,13568.0,9668.0,95.0,14.0,80.0,988.0,7667.0,14640.0,4451.0,2727.0,0.0,18.36,6.44,21.92,0.58,40.02,0.36,1.9,8.52,0.03,0.0,0.48,0.03,0.0,0.62,71.51,5.99,0.41,22.1,0.0,100.0,14.71,13.42,48.51,23.35,5793.0,2033.0,6915.0,183.0,12625.0,115.0,599.0,2689.0,9.0,0.0,151.0,11.0,0.0,195.0,22557.0,1889.0,128.0,6971.0,0.0,31546.0,4641.0,4234.0,15304.0,7367.0
3502002,49.23,50.77,0.36,77.78,22.22,0.0,60.07,2.71,0.54,36.68,0.0,100.0,2.26,19.15,37.94,26.38,9.94,2.35,1.72,545.0,562.0,4.0,861.0,246.0,0.0,665.0,30.0,6.0,406.0,0.0,1107.0,25.0,212.0,420.0,292.0,110.0,26.0,19.0,525.0,169.0,18.0,0.0,125.0,545.0,562.0,861.0,246.0,0.0,78.0,87.0,271.0,245.0,178.0,245.0,4.0,1107.0,118.0,152.0,58.41,41.64,3.23,86.08,20.04,66.03,13.06,0.0,0.39,100.0,0.78,7.63,32.59,37.07,12.63,5.95,0.13,76.03,3.06,1355.0,966.0,75.0,1997.0,465.0,1532.0,303.0,0.0,9.0,2320.0,18.0,177.0,756.0,860.0,293.0,138.0,3.0,1764.0,71.0,28.17,1.47,7.94,0.0,40.25,0.0,4.02,15.59,0.0,0.0,0.17,0.0,0.0,0.17,85.43,14.57,0.0,22.39,11.39,0.62,63.21,6.58,0.23,29.88,0.11,100.0,27.89,35.71,0.0,0.0,497.0,26.0,140.0,0.0,710.0,0.0,71.0,275.0,0.0,0.0,3.0,0.0,0.0,3.0,1507.0,257.0,0.0,395.0,201.0,11.0,1115.0,116.0,4.0,527.0,2.0,1764.0,492.0,630.0,0.0,0.0,57.6,42.4,2.67,21.53,12.21,1.42,63.0,6.54,0.38,29.97,0.11,100.0,27.19,35.2,0.33,0.0,0.49,7.19,31.44,38.04,14.06,5.94,0.16,1057.0,778.0,49.0,395.0,224.0,26.0,1156.0,120.0,7.0,550.0,2.0,1835.0,499.0,646.0,6.0,0.0,9.0,132.0,577.0,698.0,258.0,109.0,3.0,27.3,1.42,8.01,0.0,41.25,0.0,4.03,15.31,0.0,0.0,0.16,0.0,0.0,0.16,63.0,6.54,0.38,29.97,0.11,100.0,20.05,13.41,45.78,20.76,501.0,26.0,147.0,0.0,757.0,0.0,74.0,281.0,0.0,0.0,3.0,0.0,0.0,3.0,1156.0,120.0,7.0,550.0,2.0,1835.0,368.0,246.0,840.0,381.0
3502101,49.05,50.95,1.56,92.13,7.8,0.0,54.19,3.71,1.43,40.67,0.0,100.0,6.63,14.96,37.7,26.82,6.85,4.58,0.89,6910.0,7178.0,220.0,12979.0,1099.0,0.0,7634.0,522.0,202.0,5729.0,0.0,14088.0,934.0,2107.0,5311.0,3779.0,965.0,645.0,125.0,6766.0,2450.0,126.0,134.0,1977.0,6910.0,7178.0,12979.0,1099.0,0.0,1479.0,1986.0,3445.0,2702.0,1946.0,2389.0,141.0,14088.0,1133.0,1502.0,54.28,45.72,3.59,90.98,11.06,79.91,6.16,0.2,1.51,100.0,0.94,5.51,26.39,42.82,13.09,7.65,0.0,82.71,3.57,15508.0,13062.0,1027.0,25992.0,3161.0,22831.0,1761.0,58.0,430.0,28570.0,268.0,1575.0,7541.0,12233.0,3740.0,2187.0,0.0,23629.0,1020.0,12.27,9.66,30.45,0.93,36.31,0.19,1.69,7.17,0.0,0.0,0.21,0.0,0.0,0.33,94.06,5.95,0.0,12.42,11.13,2.1,49.32,6.46,1.81,42.32,0.1,100.0,41.17,32.83,0.05,0.0,2899.0,2282.0,7194.0,219.0,8580.0,46.0,400.0,1694.0,0.0,0.0,49.0,0.0,0.0,78.0,22225.0,1405.0,0.0,2935.0,2631.0,496.0,11653.0,1527.0,427.0,9999.0,24.0,23629.0,9729.0,7757.0,11.0,0.0,54.53,45.47,3.1,12.03,11.23,2.39,49.16,6.43,1.78,42.54,0.1,100.0,40.54,32.45,0.26,0.69,1.05,5.55,27.08,43.53,12.26,7.44,0.0,13442.0,11208.0,764.0,2966.0,2767.0,589.0,12117.0,1586.0,438.0,10486.0,24.0,24650.0,9993.0,7998.0,65.0,169.0,259.0,1367.0,6674.0,10729.0,3021.0,1834.0,0.0,12.18,9.38,30.35,0.94,36.03,0.19,1.66,7.25,0.0,0.0,0.3,0.11,0.0,0.53,49.16,6.43,1.78,42.54,0.1,100.0,15.23,17.53,43.49,23.75,3003.0,2313.0,7482.0,231.0,8882.0,46.0,408.0,1786.0,0.0,0.0,73.0,26.0,0.0,130.0,12117.0,1586.0,438.0,10486.0,24.0,24650.0,3754.0,4320.0,10721.0,5854.0
3502200,51.08,48.92,1.94,85.55,14.45,0.0,78.32,2.82,0.16,18.49,0.21,100.0,4.38,22.91,38.59,25.59,4.07,1.26,1.23,2948.0,2823.0,112.0,4937.0,834.0,0.0,4520.0,163.0,9.0,1067.0,12.0,5771.0,253.0,1322.0,2227.0,1477.0,235.0,73.0,71.0,2937.0,793.0,45.0,21.0,747.0,2948.0,2823.0,4937.0,834.0,0.0,538.0,491.0,1634.0,1228.0,815.0,1029.0,37.0,5771.0,566.0,663.0,58.99,41.0,3.23,85.94,15.82,70.12,9.53,0.0,0.39,100.0,1.05,10.1,32.95,37.11,9.51,5.81,0.22,76.44,3.21,6603.0,4589.0,361.0,9619.0,1771.0,7848.0,1067.0,0.0,44.0,11193.0,118.0,1131.0,3688.0,4154.0,1065.0,650.0,25.0,8556.0,359.0,24.64,2.53,13.49,0.54,30.4,0.21,1.25,23.81,0.0,0.0,0.43,0.0,0.0,1.47,90.23,9.77,0.0,16.19,17.68,5.2,73.36,3.59,0.23,22.67,0.14,100.0,28.33,31.62,0.54,0.0,2113.0,217.0,1157.0,46.0,2607.0,18.0,107.0,2042.0,0.0,0.0,37.0,0.0,0.0,126.0,7737.0,838.0,0.0,1388.0,1516.0,446.0,6291.0,308.0,20.0,1944.0,12.0,8575.0,2429.0,2711.0,46.0,0.0,59.8,40.2,3.56,15.78,17.54,5.75,73.4,3.48,0.22,22.76,0.13,100.0,27.49,31.58,1.39,0.0,1.23,9.87,33.54,36.79,9.67,5.06,0.28,5331.0,3584.0,317.0,1407.0,1564.0,513.0,6544.0,310.0,20.0,2029.0,12.0,8915.0,2451.0,2815.0,124.0,0.0,110.0,880.0,2990.0,3280.0,862.0,451.0,25.0,24.27,2.43,13.53,0.51,30.8,0.2,1.33,23.55,0.0,0.0,0.78,0.0,0.0,1.41,73.46,3.47,0.22,22.71,0.13,100.0,25.2,15.15,41.27,18.39,2168.0,217.0,1209.0,46.0,2751.0,18.0,119.0,2104.0,0.0,0.0,70.0,0.0,0.0,126.0,6562.0,310.0,20.0,2029.0,12.0,8933.0,2251.0,1353.0,3687.0,1643.0
3502309,49.81,50.19,0.48,75.77,24.23,0.0,60.9,2.48,0.16,36.4,0.0,100.0,6.62,28.0,39.15,18.42,5.71,1.24,0.32,925.0,932.0,9.0,1407.0,450.0,0.0,1131.0,46.0,3.0,676.0,0.0,1857.0,123.0,520.0,727.0,342.0,106.0,23.0,6.0,937.0,403.0,0.0,6.0,210.0,925.0,932.0,1407.0,450.0,0.0,133.0,382.0,365.0,354.0,228.0,296.0,98.0,1857.0,240.0,62.0,60.32,39.71,0.96,93.67,20.32,73.35,5.89,0.0,0.11,100.0,1.73,14.06,35.81,38.46,7.91,1.07,0.0,76.96,2.28,1639.0,1079.0,26.0,2545.0,552.0,1993.0,160.0,0.0,3.0,2717.0,47.0,382.0,973.0,1045.0,215.0,29.0,0.0,2091.0,62.0,36.39,0.53,4.64,0.0,29.89,0.0,5.83,19.18,0.0,0.0,0.81,0.29,0.0,0.67,94.84,5.16,0.0,16.12,23.63,4.21,57.87,7.03,0.14,34.96,0.0,100.0,25.87,28.6,0.19,0.0,761.0,11.0,97.0,0.0,625.0,0.0,122.0,401.0,0.0,0.0,17.0,6.0,0.0,14.0,1983.0,108.0,0.0,337.0,494.0,88.0,1210.0,147.0,3.0,731.0,0.0,2091.0,541.0,598.0,4.0,0.0,60.2,39.8,0.74,15.88,23.59,5.16,57.92,6.83,0.14,35.07,0.0,100.0,25.27,28.01,0.7,0.0,1.39,14.31,35.16,38.6,8.55,1.21,0.0,1296.0,857.0,16.0,342.0,508.0,111.0,1247.0,147.0,3.0,755.0,0.0,2153.0,544.0,603.0,15.0,0.0,30.0,308.0,757.0,831.0,184.0,26.0,0.0,35.86,0.51,4.51,0.0,30.14,0.0,5.85,18.86,0.0,0.0,0.98,0.51,0.14,0.93,57.92,6.83,0.14,35.07,0.0,100.0,28.43,21.27,32.51,17.74,772.0,11.0,97.0,0.0,649.0,0.0,126.0,406.0,0.0,0.0,21.0,11.0,3.0,20.0,1247.0,147.0,3.0,755.0,0.0,2153.0,612.0,458.0,700.0,382.0
3502408,47.85,52.15,0.44,75.69,24.31,0.0,53.92,3.87,0.0,42.21,0.0,100.0,7.4,25.97,40.66,17.02,4.97,2.54,0.99,433.0,472.0,4.0,685.0,220.0,0.0,488.0,35.0,0.0,382.0,0.0,905.0,67.0,235.0,368.0,154.0,45.0,23.0,9.0,440.0,115.0,10.0,4.0,106.0,433.0,472.0,685.0,220.0,0.0,66.0,66.0,260.0,182.0,135.0,197.0,0.0,905.0,111.0,120.0,56.67,43.27,2.11,62.88,11.4,51.49,32.47,0.0,4.43,100.0,2.16,11.72,33.5,31.01,14.96,4.54,0.0,82.66,1.24,1049.0,801.0,39.0,1164.0,211.0,953.0,601.0,0.0,82.0,1851.0,40.0,217.0,620.0,574.0,277.0,84.0,0.0,1530.0,23.0,29.61,2.03,10.78,0.0,40.78,0.0,3.99,9.87,0.0,0.0,2.03,0.0,0.0,0.13,61.76,38.24,0.0,20.65,20.78,2.75,49.35,5.95,0.72,43.99,0.0,100.0,21.7,33.27,0.0,0.0,453.0,31.0,165.0,0.0,624.0,0.0,61.0,151.0,0.0,0.0,31.0,0.0,0.0,2.0,945.0,585.0,0.0,316.0,318.0,42.0,755.0,91.0,11.0,673.0,0.0,1530.0,332.0,509.0,0.0,0.0,53.6,46.4,1.42,20.33,20.91,2.9,48.97,5.86,0.71,44.4,0.0,100.0,21.56,32.75,0.26,0.45,2.19,11.52,33.91,32.24,15.25,3.35,0.0,833.0,721.0,22.0,316.0,325.0,45.0,761.0,91.0,11.0,690.0,0.0,1554.0,335.0,509.0,4.0,7.0,34.0,179.0,527.0,501.0,237.0,52.0,0.0,29.34,1.99,10.62,0.0,40.54,0.0,3.93,10.17,0.0,0.0,1.99,0.0,0.0,0.64,48.97,5.86,0.71,44.4,0.0,100.0,18.4,19.11,42.86,19.63,456.0,31.0,165.0,0.0,630.0,0.0,61.0,158.0,0.0,0.0,31.0,0.0,0.0,10.0,761.0,91.0,11.0,690.0,0.0,1554.0,286.0,297.0,666.0,305.0
3502507,51.24,48.76,1.1,83.02,16.84,0.0,67.56,4.59,0.0,27.85,0.0,100.0,6.37,23.71,36.55,23.04,5.01,2.27,1.95,3788.0,3604.0,81.0,6137.0,1245.0,0.0,4994.0,339.0,0.0,2059.0,0.0,7392.0,471.0,1753.0,2702.0,1703.0,370.0,168.0,144.0,3557.0,1271.0,140.0,53.0,894.0,3788.0,3604.0,6137.0,1245.0,0.0,780.0,909.0,1749.0,1638.0,914.0,1370.0,32.0,7392.0,916.0,560.0,53.34,46.66,2.46,81.75,13.7,68.05,15.96,0.0,1.32,100.0,1.03,10.19,32.96,38.46,9.45,5.37,0.07,81.44,2.57,9100.0,7961.0,420.0,13947.0,2338.0,11610.0,2722.0,0.0,225.0,17060.0,176.0,1739.0,5623.0,6562.0,1613.0,916.0,12.0,13893.0,439.0,31.09,11.11,9.74,1.15,33.03,5.35,0.79,5.16,0.0,0.05,0.07,0.0,0.0,0.0,81.82,18.18,0.0,14.23,9.6,1.67,63.97,6.88,0.0,29.16,0.0,100.0,41.61,31.42,0.14,0.0,4323.0,1545.0,1354.0,160.0,4592.0,744.0,110.0,717.0,0.0,7.0,10.0,0.0,0.0,0.0,11376.0,2528.0,0.0,1978.0,1335.0,232.0,8894.0,957.0,0.0,4054.0,0.0,13904.0,5786.0,4368.0,20.0,0.0,55.14,44.86,2.64,13.78,9.78,2.09,63.96,6.96,0.0,29.08,0.0,100.0,40.98,31.47,0.32,0.29,0.87,10.05,33.37,38.74,9.4,4.93,0.0,7902.0,6430.0,379.0,1975.0,1401.0,299.0,9167.0,997.0,0.0,4168.0,0.0,14332.0,5873.0,4510.0,46.0,42.0,125.0,1440.0,4782.0,5552.0,1347.0,707.0,0.0,31.23,10.83,9.68,1.12,33.12,5.28,0.82,5.23,0.0,0.11,0.16,0.0,0.0,0.0,63.99,6.95,0.0,29.06,0.0,100.0,19.26,17.02,45.22,18.5,4479.0,1554.0,1388.0,160.0,4750.0,757.0,117.0,750.0,0.0,16.0,23.0,0.0,0.0,0.0,9178.0,997.0,0.0,4168.0,0.0,14343.0,2763.0,2441.0,6486.0,2653.0
3502606,52.37,47.5,0.51,83.44,16.56,0.0,70.73,2.57,0.0,26.57,0.0,100.0,3.08,22.59,46.47,23.62,1.28,1.28,1.16,408.0,370.0,4.0,650.0,129.0,0.0,551.0,20.0,0.0,207.0,0.0,779.0,24.0,176.0,362.0,184.0,10.0,10.0,9.0,394.0,117.0,6.0,0.0,93.0,408.0,370.0,650.0,129.0,0.0,91.0,31.0,210.0,168.0,116.0,163.0,0.0,779.0,76.0,93.0,60.35,39.65,0.85,81.91,18.94,63.02,11.74,0.0,4.86,100.0,0.91,9.61,34.69,40.55,9.12,4.27,0.0,74.07,0.64,1131.0,743.0,16.0,1535.0,355.0,1181.0,220.0,0.0,91.0,1874.0,17.0,180.0,650.0,760.0,171.0,80.0,0.0,1388.0,12.0,31.48,6.2,12.68,1.51,29.39,0.0,3.82,12.68,0.0,0.0,1.08,0.29,0.0,0.22,85.09,14.99,0.0,23.13,12.82,7.13,62.1,5.69,0.22,31.99,0.0,100.0,35.59,20.82,0.29,0.0,437.0,86.0,176.0,21.0,408.0,0.0,53.0,176.0,0.0,0.0,15.0,4.0,0.0,3.0,1181.0,208.0,0.0,321.0,178.0,99.0,862.0,79.0,3.0,444.0,0.0,1388.0,494.0,289.0,4.0,0.0,58.0,42.07,0.64,22.93,13.21,7.07,62.07,5.64,0.21,32.14,0.0,100.0,35.64,20.64,0.29,0.0,0.93,9.0,36.57,40.0,8.57,4.29,0.0,812.0,589.0,9.0,321.0,185.0,99.0,869.0,79.0,3.0,450.0,0.0,1400.0,499.0,289.0,4.0,0.0,13.0,126.0,512.0,560.0,120.0,60.0,0.0,31.21,6.14,12.57,1.5,29.64,0.0,3.79,12.93,0.0,0.0,1.07,0.29,0.0,0.21,62.07,5.64,0.21,32.14,0.0,100.0,30.0,13.21,36.93,19.93,437.0,86.0,176.0,21.0,415.0,0.0,53.0,181.0,0.0,0.0,15.0,4.0,0.0,3.0,869.0,79.0,3.0,450.0,0.0,1400.0,420.0,185.0,517.0,279.0
3502705,49.15,50.85,0.16,95.84,4.18,0.0,53.66,4.19,0.0,42.15,0.0,100.0,14.23,27.67,31.6,18.82,2.96,1.83,2.75,2988.0,3091.0,10.0,5826.0,254.0,0.0,3262.0,255.0,0.0,2562.0,0.0,6079.0,865.0,1682.0,1921.0,1144.0,180.0,111.0,167.0,3320.0,1045.0,40.0,34.0,513.0,2988.0,3091.0,5826.0,254.0,0.0,373.0,415.0,1789.0,1326.0,1116.0,1029.0,32.0,6079.0,532.0,596.0,59.46,40.54,1.14,93.5,15.37,78.14,5.43,0.13,0.52,100.0,3.17,15.45,36.79,31.08,9.24,3.15,0.0,79.78,3.9,6532.0,4454.0,125.0,10272.0,1688.0,8584.0,596.0,14.0,57.0,10986.0,348.0,1697.0,4042.0,3414.0,1015.0,346.0,0.0,8765.0,429.0,40.64,3.75,13.5,0.29,30.86,0.16,2.08,5.88,0.0,0.0,0.91,0.0,0.0,0.67,95.54,4.46,0.0,15.38,14.68,4.34,45.58,7.6,0.38,46.43,0.0,100.0,29.66,34.96,0.31,0.0,3562.0,329.0,1183.0,25.0,2705.0,14.0,182.0,515.0,0.0,0.0,80.0,0.0,0.0,59.0,8374.0,391.0,0.0,1348.0,1287.0,380.0,3995.0,666.0,33.0,4070.0,0.0,8765.0,2600.0,3064.0,27.0,0.0,59.71,40.29,1.23,15.3,14.07,4.36,45.43,7.6,0.36,46.61,0.0,100.0,29.12,34.52,1.14,0.7,3.44,15.17,37.21,30.38,9.83,2.73,0.0,5490.0,3704.0,113.0,1407.0,1294.0,401.0,4177.0,699.0,33.0,4285.0,0.0,9194.0,2677.0,3174.0,105.0,64.0,316.0,1395.0,3421.0,2793.0,904.0,251.0,0.0,39.81,3.58,13.64,0.27,30.75,0.15,2.08,6.67,0.0,0.0,0.97,0.0,0.0,0.74,45.43,7.6,0.36,46.61,0.0,100.0,22.57,15.54,45.62,16.27,3660.0,329.0,1254.0,25.0,2827.0,14.0,191.0,613.0,0.0,0.0,89.0,0.0,0.0,68.0,4177.0,699.0,33.0,4285.0,0.0,9194.0,2075.0,1429.0,4194.0,1496.0
3502754,50.34,49.66,1.1,89.03,10.73,0.22,45.5,10.34,0.26,43.73,0.16,100.0,4.5,16.18,45.6,24.73,4.37,2.15,1.35,4090.0,4035.0,89.0,7234.0,872.0,18.0,3697.0,840.0,21.0,3553.0,13.0,8125.0,366.0,1315.0,3705.0,2009.0,355.0,175.0,110.0,3524.0,2494.0,53.0,84.0,614.0,4101.0,4035.0,7246.0,872.0,18.0,766.0,2288.0,1530.0,995.0,1013.0,1183.0,360.0,8136.0,621.0,745.0,56.98,43.02,2.76,86.36,8.51,77.86,11.97,0.0,0.88,100.0,1.06,6.58,35.78,39.55,10.13,4.14,0.0,84.44,5.39,6042.0,4562.0,293.0,9158.0,902.0,8256.0,1269.0,0.0,93.0,10604.0,112.0,698.0,3794.0,4194.0,1074.0,439.0,0.0,8954.0,572.0,26.85,0.29,5.61,0.27,36.82,0.11,10.46,18.33,0.36,0.0,0.25,0.0,0.0,0.0,87.11,12.89,0.0,10.87,13.06,3.6,40.07,11.05,0.13,48.46,0.29,100.0,27.69,44.24,0.11,0.0,2404.0,26.0,502.0,24.0,3297.0,10.0,937.0,1641.0,32.0,0.0,22.0,0.0,0.0,0.0,7800.0,1154.0,0.0,973.0,1169.0,322.0,3588.0,989.0,12.0,4339.0,26.0,8954.0,2479.0,3961.0,10.0,0.0,57.3,42.7,2.32,10.7,12.98,3.95,40.87,11.27,0.13,47.46,0.27,100.0,27.88,43.6,0.21,0.13,0.57,6.67,36.44,39.93,10.34,3.75,0.0,5458.0,4067.0,221.0,1019.0,1236.0,376.0,3893.0,1073.0,12.0,4521.0,26.0,9525.0,2656.0,4153.0,20.0,12.0,54.0,635.0,3471.0,3803.0,985.0,357.0,0.0,26.95,0.27,5.38,0.25,37.17,0.1,10.38,18.07,0.34,0.0,0.23,0.0,0.0,0.0,40.87,11.27,0.13,47.46,0.27,100.0,25.17,26.24,36.18,12.42,2567.0,26.0,512.0,24.0,3540.0,10.0,989.0,1721.0,32.0,0.0,22.0,0.0,0.0,0.0,3893.0,1073.0,12.0,4521.0,26.0,9525.0,2397.0,2499.0,3446.0,1183.0
3502804,48.54,51.46,3.53,95.9,3.88,0.16,61.29,4.63,1.48,32.56,0.04,100.0,6.21,14.15,32.75,26.7,8.39,5.87,2.41,23780.0,25210.0,1727.0,46982.0,1903.0,76.0,30024.0,2268.0,726.0,15950.0,22.0,48990.0,3041.0,6933.0,16042.0,13078.0,4111.0,2878.0,1181.0,21930.0,7988.0,1112.0,709.0,7415.0,23789.0,25210.0,46982.0,1912.0,76.0,5136.0,7631.0,11855.0,9111.0,5848.0,8411.0,1007.0,49000.0,6126.0,3719.0,54.75,45.25,5.89,94.38,13.34,81.04,3.21,0.02,0.83,100.0,1.07,5.0,24.44,40.25,14.38,8.96,0.03,77.11,7.14,52712.0,43563.0,5666.0,90866.0,12839.0,78026.0,3095.0,22.0,798.0,96275.0,1026.0,4816.0,23528.0,38747.0,13841.0,8622.0,28.0,74236.0,6876.0,6.8,7.72,34.28,0.94,43.39,0.48,0.39,3.96,0.0,0.0,0.13,0.06,0.03,0.5,96.81,3.19,0.0,10.26,9.0,2.35,56.65,7.94,1.89,33.38,0.14,100.0,41.31,36.61,0.06,0.0,5052.0,5733.0,25459.0,698.0,32229.0,358.0,290.0,2944.0,0.0,0.0,93.0,45.0,20.0,371.0,71902.0,2367.0,0.0,7617.0,6682.0,1744.0,42073.0,5896.0,1403.0,24794.0,104.0,74269.0,30677.0,27189.0,43.0,0.0,54.98,45.02,5.89,10.06,9.13,2.63,56.6,7.8,1.96,33.5,0.13,100.0,40.22,36.82,0.24,0.32,1.06,4.54,24.29,40.92,14.43,8.85,0.02,44615.0,36528.0,4779.0,8163.0,7410.0,2134.0,45930.0,6330.0,1592.0,27186.0,104.0,81143.0,32637.0,29877.0,191.0,258.0,864.0,3682.0,19706.0,33200.0,11712.0,7183.0,18.0,7.01,7.76,34.02,0.96,42.82,0.47,0.47,4.13,0.0,0.0,0.22,0.06,0.03,0.55,56.59,7.8,1.96,33.52,0.13,100.0,12.75,14.72,45.82,26.71,5688.0,6298.0,27620.0,782.0,34763.0,385.0,379.0,3352.0,0.0,0.0,179.0,45.0,28.0,446.0,45940.0,6330.0,1592.0,27210.0,104.0,81176.0,10353.0,11949.0,37195.0,21679.0
3502903,50.56,49.44,1.73,70.25,29.63,0.0,73.25,1.75,0.36,24.52,0.0,100.0,6.68,14.16,33.3,28.43,8.1,4.19,3.4,4070.0,3980.0,139.0,5655.0,2385.0,0.0,5897.0,141.0,29.0,1974.0,0.0,8050.0,538.0,1140.0,2681.0,2289.0,652.0,337.0,274.0,3807.0,1864.0,60.0,17.0,1245.0,4070.0,3980.0,5655.0,2385.0,0.0,821.0,1478.0,1789.0,1696.0,1089.0,894.0,283.0,8050.0,391.0,667.0,58.35,41.65,5.04,71.71,13.96,57.75,24.23,0.0,0.85,100.0,1.4,6.74,26.75,38.09,13.34,8.62,0.0,69.6,12.38,8485.0,6056.0,733.0,10427.0,2030.0,8397.0,3524.0,0.0,123.0,14541.0,204.0,980.0,3890.0,5539.0,1940.0,1254.0,0.0,10121.0,1800.0,15.43,2.55,18.29,0.38,49.51,0.0,1.32,9.99,0.0,0.0,0.32,0.13,0.0,0.41,73.23,26.77,0.0,5.54,21.21,4.91,70.15,3.53,0.44,25.87,0.0,100.0,27.34,39.66,0.56,0.0,1562.0,258.0,1851.0,38.0,5011.0,0.0,134.0,1011.0,0.0,0.0,32.0,13.0,0.0,41.0,7412.0,2709.0,0.0,561.0,2147.0,497.0,7100.0,357.0,45.0,2618.0,0.0,10121.0,2767.0,4014.0,57.0,0.0,58.32,41.68,4.76,6.35,19.68,10.77,70.64,3.73,0.67,24.96,0.0,100.0,24.68,36.95,0.67,0.18,1.35,6.76,27.3,37.92,13.49,8.43,0.0,6952.0,4969.0,567.0,757.0,2346.0,1284.0,8421.0,445.0,80.0,2975.0,0.0,11921.0,2942.0,4405.0,80.0,21.0,161.0,806.0,3254.0,4520.0,1608.0,1005.0,0.0,15.68,2.69,17.46,0.46,49.9,0.0,1.34,9.57,0.0,0.0,0.35,0.11,0.0,0.54,70.64,3.73,0.67,24.96,0.0,100.0,15.71,14.89,46.95,22.45,1869.0,321.0,2082.0,55.0,5949.0,0.0,160.0,1141.0,0.0,0.0,42.0,13.0,0.0,64.0,8421.0,445.0,80.0,2975.0,0.0,11921.0,1873.0,1775.0,5597.0,2676.0
3503000,49.0,50.93,0.69,76.23,23.77,0.0,49.54,6.94,0.23,43.21,0.0,100.0,10.49,18.36,36.65,24.92,5.25,2.31,1.31,635.0,660.0,9.0,988.0,308.0,0.0,642.0,90.0,3.0,560.0,0.0,1296.0,136.0,238.0,475.0,323.0,68.0,30.0,17.0,644.0,196.0,17.0,6.0,185.0,635.0,660.0,988.0,308.0,0.0,152.0,145.0,356.0,246.0,161.0,236.0,0.0,1296.0,107.0,141.0,56.88,43.12,2.25,64.6,12.31,52.29,31.94,0.0,3.3,100.0,2.49,7.24,27.43,40.63,13.35,6.56,0.0,82.26,1.97,1414.0,1072.0,56.0,1606.0,306.0,1300.0,794.0,0.0,82.0,2486.0,62.0,180.0,682.0,1010.0,332.0,163.0,0.0,2045.0,49.0,26.55,7.48,3.08,0.0,33.69,0.0,9.88,17.95,0.0,0.0,0.54,0.0,0.0,0.15,63.33,36.67,0.0,15.99,17.41,1.96,48.22,11.69,0.0,40.15,0.0,100.0,37.36,26.6,0.0,0.0,543.0,153.0,63.0,0.0,689.0,0.0,202.0,367.0,0.0,0.0,11.0,0.0,0.0,3.0,1295.0,750.0,0.0,327.0,356.0,40.0,986.0,239.0,0.0,821.0,0.0,2045.0,764.0,544.0,0.0,0.0,57.26,42.74,1.96,15.62,17.57,2.48,48.57,11.51,0.0,39.92,0.0,100.0,36.63,26.27,0.29,0.33,1.58,7.31,27.94,41.98,13.42,5.83,0.0,1199.0,895.0,41.0,327.0,368.0,52.0,1017.0,241.0,0.0,836.0,0.0,2094.0,767.0,550.0,6.0,7.0,33.0,153.0,585.0,879.0,281.0,122.0,0.0,25.93,7.31,3.25,0.0,34.1,0.0,9.98,17.53,0.0,0.0,0.72,0.14,0.0,0.29,48.57,11.51,0.0,39.92,0.0,100.0,24.74,15.09,44.13,16.05,543.0,153.0,68.0,0.0,714.0,0.0,209.0,367.0,0.0,0.0,15.0,3.0,0.0,6.0,1017.0,241.0,0.0,836.0,0.0,2094.0,518.0,316.0,924.0,336.0
3503109,51.78,48.22,0.0,87.17,12.83,0.0,52.52,4.63,0.2,42.58,0.0,100.0,12.56,23.84,40.9,18.47,1.48,1.07,1.68,771.0,718.0,0.0,1298.0,191.0,0.0,782.0,69.0,3.0,634.0,0.0,1489.0,187.0,355.0,609.0,275.0,22.0,16.0,25.0,857.0,218.0,0.0,3.0,88.0,771.0,718.0,1298.0,191.0,0.0,75.0,72.0,447.0,369.0,237.0,289.0,0.0,1489.0,130.0,194.0,59.94,40.03,1.27,79.75,17.28,62.5,18.58,0.0,1.36,100.0,1.9,10.35,39.11,37.5,6.61,3.2,0.0,74.49,6.55,1894.0,1265.0,40.0,2520.0,546.0,1975.0,587.0,0.0,43.0,3160.0,60.0,327.0,1236.0,1185.0,209.0,101.0,0.0,2354.0,207.0,20.73,1.19,7.18,0.0,45.71,0.13,7.22,16.02,0.0,0.0,0.51,0.0,0.0,0.81,78.55,21.45,0.0,8.28,18.48,3.82,48.0,9.26,0.0,42.78,0.0,100.0,23.19,45.96,0.0,0.0,488.0,28.0,169.0,0.0,1076.0,3.0,170.0,377.0,0.0,0.0,12.0,0.0,0.0,19.0,1849.0,505.0,0.0,195.0,435.0,90.0,1130.0,218.0,0.0,1007.0,0.0,2354.0,546.0,1082.0,0.0,0.0,59.66,40.34,1.44,9.22,18.08,3.51,49.75,8.86,0.0,41.39,0.0,100.0,23.66,44.83,0.35,0.0,1.99,10.82,40.37,36.0,6.36,3.01,0.0,1528.0,1033.0,37.0,236.0,463.0,90.0,1274.0,227.0,0.0,1060.0,0.0,2561.0,606.0,1148.0,9.0,0.0,51.0,277.0,1034.0,922.0,163.0,77.0,0.0,21.16,1.09,6.95,0.0,45.57,0.12,7.38,15.81,0.0,0.0,0.47,0.0,0.0,0.74,49.75,8.86,0.0,41.39,0.0,100.0,26.36,17.84,47.52,8.28,542.0,28.0,178.0,0.0,1167.0,3.0,189.0,405.0,0.0,0.0,12.0,0.0,0.0,19.0,1274.0,227.0,0.0,1060.0,0.0,2561.0,675.0,457.0,1217.0,212.0
3503158,49.24,50.76,0.0,89.54,10.46,0.0,44.66,7.41,0.0,48.15,0.0,100.0,8.06,39.22,33.55,13.94,3.05,2.18,0.0,226.0,233.0,0.0,411.0,48.0,0.0,205.0,34.0,0.0,221.0,0.0,459.0,37.0,180.0,154.0,64.0,14.0,10.0,0.0,273.0,80.0,7.0,0.0,32.0,226.0,233.0,411.0,48.0,0.0,35.0,17.0,129.0,133.0,91.0,55.0,0.0,459.0,7.0,60.0,57.8,42.3,0.56,89.45,12.61,76.84,9.71,0.0,0.65,100.0,2.89,19.33,37.91,30.07,7.19,2.15,0.0,82.91,3.55,619.0,453.0,6.0,958.0,135.0,823.0,104.0,0.0,7.0,1071.0,31.0,207.0,406.0,322.0,77.0,23.0,0.0,888.0,38.0,49.89,9.35,8.33,0.0,20.27,0.0,0.0,11.26,0.0,0.0,0.34,0.0,0.0,0.56,91.67,8.45,0.0,20.83,8.78,2.14,46.51,14.3,0.56,38.63,0.0,100.0,39.86,28.38,0.0,0.0,443.0,83.0,74.0,0.0,180.0,0.0,0.0,100.0,0.0,0.0,3.0,0.0,0.0,5.0,814.0,75.0,0.0,185.0,78.0,19.0,413.0,127.0,5.0,343.0,0.0,888.0,354.0,252.0,0.0,0.0,56.26,43.74,0.43,20.63,9.83,3.13,46.76,13.93,0.54,38.77,0.0,100.0,38.55,27.21,0.65,0.22,2.16,17.82,39.2,30.35,7.67,2.48,0.0,521.0,405.0,4.0,191.0,91.0,29.0,433.0,129.0,5.0,359.0,0.0,926.0,357.0,252.0,6.0,2.0,20.0,165.0,363.0,281.0,71.0,23.0,0.0,48.06,9.07,8.1,0.0,21.38,0.0,0.0,12.53,0.0,0.0,0.32,0.0,0.0,0.54,46.76,13.93,0.54,38.77,0.0,100.0,31.75,14.04,42.76,11.34,445.0,84.0,75.0,0.0,198.0,0.0,0.0,116.0,0.0,0.0,3.0,0.0,0.0,5.0,433.0,129.0,5.0,359.0,0.0,926.0,294.0,130.0,396.0,105.0
3503208,50.52,49.48,2.87,94.93,4.91,0.05,63.33,5.83,0.72,30.02,0.09,100.0,6.36,15.93,30.06,26.85,8.68,5.81,3.44,30389.0,29762.0,1727.0,57103.0,2954.0,32.0,38091.0,3505.0,433.0,18055.0,56.0,60151.0,3828.0,9581.0,18082.0,16149.0,5221.0,3493.0,2069.0,26120.0,12264.0,1396.0,241.0,8376.0,30389.0,29762.0,57103.0,2954.0,32.0,6605.0,9968.0,14524.0,10586.0,7337.0,10177.0,955.0,60151.0,8607.0,3147.0,53.84,46.16,7.03,90.21,11.93,78.28,5.75,0.02,1.37,100.0,1.01,5.63,23.03,37.69,15.47,10.11,0.04,81.41,2.55,62788.0,53830.0,8198.0,105202.0,13910.0,91292.0,6700.0,22.0,1601.0,116619.0,1175.0,6561.0,26854.0,43957.0,18042.0,11790.0,42.0,94937.0,2969.0,9.3,4.49,16.46,0.7,47.39,0.41,0.7,17.81,0.0,0.0,0.28,0.01,0.01,0.43,94.31,5.69,0.0,8.97,15.52,2.8,62.34,9.12,0.61,27.89,0.04,100.0,35.3,36.39,0.1,0.0,8841.0,4269.0,15655.0,670.0,45068.0,391.0,662.0,16940.0,0.0,0.0,269.0,10.0,10.0,407.0,89683.0,5414.0,0.0,8527.0,14757.0,2660.0,59282.0,8671.0,577.0,26526.0,41.0,95097.0,33572.0,34603.0,98.0,0.0,54.09,45.91,6.67,8.79,15.65,3.09,62.44,9.11,0.61,27.8,0.04,100.0,34.78,35.95,0.38,0.23,1.07,5.66,23.39,38.16,15.24,9.78,0.03,53018.0,44996.0,6537.0,8615.0,15337.0,3025.0,61201.0,8928.0,599.0,27245.0,41.0,98014.0,34093.0,35239.0,375.0,230.0,1048.0,5550.0,22926.0,37400.0,14933.0,9589.0,31.0,9.23,4.42,16.12,0.71,47.34,0.42,0.72,17.77,0.0,0.0,0.42,0.02,0.01,0.55,62.43,9.12,0.61,27.8,0.04,100.0,12.16,13.5,45.93,28.4,9058.0,4335.0,15828.0,699.0,46476.0,413.0,702.0,17445.0,0.0,0.0,417.0,22.0,10.0,541.0,61290.0,8949.0,599.0,27294.0,41.0,98173.0,11940.0,13256.0,45092.0,27886.0
3503307,48.65,51.35,2.61,94.2,5.72,0.02,65.41,5.0,0.31,29.07,0.17,100.0,6.37,13.31,33.43,28.1,8.99,4.47,2.71,16408.0,17322.0,881.0,31772.0,1931.0,7.0,22063.0,1687.0,105.0,9806.0,58.0,33730.0,2150.0,4490.0,11276.0,9477.0,3034.0,1507.0,915.0,14837.0,5951.0,944.0,619.0,5318.0,16408.0,17322.0,31772.0,1931.0,7.0,3778.0,5556.0,7953.0,6095.0,4174.0,5291.0,883.0,33730.0,2828.0,3233.0,56.25,43.75,5.24,90.92,10.88,80.04,6.32,0.06,0.9,100.0,0.98,5.33,23.44,40.25,16.66,8.05,0.04,83.51,2.9,35498.0,27608.0,3306.0,57378.0,6867.0,50511.0,3987.0,35.0,571.0,63106.0,618.0,3364.0,14795.0,25400.0,10516.0,5083.0,24.0,52702.0,1830.0,9.62,4.97,23.83,0.63,46.02,0.08,1.67,11.49,0.02,0.02,0.28,0.04,0.04,0.51,93.63,6.37,0.0,9.65,14.39,2.78,64.04,7.67,0.43,27.84,0.02,100.0,37.72,34.8,0.22,0.03,5074.0,2619.0,12567.0,333.0,24264.0,40.0,878.0,6056.0,11.0,12.0,148.0,19.0,22.0,270.0,49372.0,3357.0,0.0,5090.0,7586.0,1468.0,33767.0,4045.0,226.0,14681.0,11.0,52729.0,19888.0,18349.0,117.0,18.0,57.03,42.97,4.46,9.62,14.34,3.02,64.25,7.71,0.44,27.59,0.02,100.0,37.21,34.49,0.52,0.16,0.96,5.4,23.86,40.71,17.19,7.39,0.02,31097.0,23435.0,2432.0,5244.0,7821.0,1648.0,35035.0,4204.0,240.0,15043.0,11.0,54532.0,20290.0,18807.0,284.0,85.0,524.0,2946.0,13014.0,22200.0,9376.0,4028.0,13.0,9.56,4.91,23.52,0.63,45.97,0.09,1.75,11.52,0.02,0.04,0.3,0.03,0.04,0.52,64.24,7.71,0.44,27.6,0.02,100.0,15.31,14.31,44.43,25.95,5218.0,2677.0,12835.0,344.0,25083.0,51.0,955.0,6287.0,11.0,24.0,161.0,19.0,22.0,284.0,35048.0,4204.0,240.0,15057.0,11.0,54559.0,8352.0,7807.0,24241.0,14160.0
3503356,50.0,50.21,0.0,81.78,18.43,0.0,46.19,1.48,0.0,35.59,16.95,100.0,5.51,37.92,36.86,16.74,2.12,0.64,0.21,236.0,237.0,0.0,386.0,87.0,0.0,218.0,7.0,0.0,168.0,80.0,472.0,26.0,179.0,174.0,79.0,10.0,3.0,1.0,250.0,72.0,6.0,0.0,60.0,236.0,237.0,386.0,87.0,0.0,30.0,42.0,145.0,96.0,82.0,78.0,0.0,472.0,44.0,41.0,62.44,37.56,0.33,73.22,17.22,56.0,26.56,0.0,0.0,100.0,1.78,14.44,37.44,35.33,7.56,3.11,0.0,79.67,3.0,562.0,338.0,3.0,659.0,155.0,504.0,239.0,0.0,0.0,900.0,16.0,130.0,337.0,318.0,68.0,28.0,0.0,717.0,27.0,38.35,1.12,13.25,0.28,22.32,0.0,2.51,18.13,0.0,0.0,1.81,0.0,0.0,2.37,69.87,30.13,0.0,18.55,9.34,2.51,44.91,4.32,0.0,39.75,11.16,100.0,23.43,45.75,0.0,0.0,275.0,8.0,95.0,2.0,160.0,0.0,18.0,130.0,0.0,0.0,13.0,0.0,0.0,17.0,501.0,216.0,0.0,133.0,67.0,18.0,322.0,31.0,0.0,285.0,80.0,717.0,168.0,328.0,0.0,0.0,59.01,40.86,0.4,17.88,9.41,2.42,45.43,4.17,0.0,39.65,10.89,100.0,22.58,45.83,1.08,0.27,1.48,13.31,37.9,35.89,7.8,3.09,0.0,439.0,304.0,3.0,133.0,70.0,18.0,338.0,31.0,0.0,295.0,81.0,744.0,168.0,341.0,8.0,2.0,11.0,99.0,282.0,267.0,58.0,23.0,0.0,36.96,1.08,12.77,0.27,22.85,0.0,2.42,18.41,0.0,0.0,2.69,0.0,0.0,2.69,45.43,4.17,0.0,39.65,10.89,100.0,20.3,18.01,44.49,17.07,275.0,8.0,95.0,2.0,170.0,0.0,18.0,137.0,0.0,0.0,20.0,0.0,0.0,20.0,338.0,31.0,0.0,295.0,81.0,744.0,151.0,134.0,331.0,127.0
3503406,50.03,49.97,0.91,78.71,21.29,0.0,72.35,4.31,0.0,23.29,0.0,100.0,5.76,20.01,36.39,24.56,8.31,3.7,0.3,825.0,824.0,15.0,1298.0,351.0,0.0,1193.0,71.0,0.0,384.0,0.0,1649.0,95.0,330.0,600.0,405.0,137.0,61.0,5.0,837.0,251.0,25.0,11.0,232.0,825.0,824.0,1298.0,351.0,0.0,173.0,243.0,404.0,367.0,204.0,248.0,10.0,1649.0,116.0,177.0,58.41,41.59,2.51,85.64,21.43,64.21,12.62,0.0,1.49,100.0,1.02,6.69,29.12,42.76,11.62,6.27,0.0,75.16,1.64,2347.0,1671.0,101.0,3441.0,861.0,2580.0,507.0,0.0,60.0,4018.0,41.0,269.0,1170.0,1718.0,467.0,252.0,0.0,3020.0,66.0,26.09,2.81,11.75,0.17,44.34,0.0,2.02,9.7,0.0,0.0,1.32,0.0,0.0,0.5,84.07,15.93,0.0,20.33,12.85,6.03,72.88,4.67,0.17,22.28,0.0,100.0,34.54,25.79,0.0,0.0,788.0,85.0,355.0,5.0,1339.0,0.0,61.0,293.0,0.0,0.0,40.0,0.0,0.0,15.0,2539.0,481.0,0.0,614.0,388.0,182.0,2201.0,141.0,5.0,673.0,0.0,3020.0,1043.0,779.0,0.0,0.0,58.36,41.64,2.43,20.22,12.93,6.06,72.78,5.06,0.16,21.97,0.0,100.0,34.28,25.57,0.0,0.0,0.81,5.93,29.29,43.75,11.08,6.71,0.0,1801.0,1285.0,75.0,624.0,399.0,187.0,2246.0,156.0,5.0,678.0,0.0,3086.0,1058.0,789.0,0.0,0.0,25.0,183.0,904.0,1350.0,342.0,207.0,0.0,25.7,2.75,11.5,0.16,44.36,0.0,1.98,9.66,0.0,0.0,1.46,0.0,0.0,0.49,72.78,5.06,0.16,21.97,0.0,100.0,26.96,17.21,37.04,18.79,793.0,85.0,355.0,5.0,1369.0,0.0,61.0,298.0,0.0,0.0,45.0,0.0,0.0,15.0,2246.0,156.0,5.0,678.0,0.0,3086.0,832.0,531.0,1143.0,580.0
3503505,50.66,49.21,0.4,91.01,8.99,0.0,55.29,6.08,0.0,38.62,0.0,100.0,19.71,33.07,32.14,13.1,1.19,0.0,0.53,383.0,372.0,3.0,688.0,68.0,0.0,418.0,46.0,0.0,292.0,0.0,756.0,149.0,250.0,243.0,99.0,9.0,0.0,4.0,407.0,148.0,0.0,0.0,76.0,383.0,372.0,688.0,68.0,0.0,73.0,25.0,248.0,174.0,134.0,103.0,0.0,756.0,24.0,100.0,60.92,39.08,0.41,86.97,25.78,61.19,11.47,0.0,0.95,100.0,2.51,17.64,40.91,29.51,5.09,4.0,0.0,68.11,4.48,898.0,576.0,6.0,1282.0,380.0,902.0,169.0,0.0,14.0,1474.0,37.0,260.0,603.0,435.0,75.0,59.0,0.0,1004.0,66.0,45.78,17.28,10.23,0.6,20.66,0.0,1.29,2.28,0.0,0.0,0.3,0.0,0.0,0.3,89.57,10.43,0.0,22.64,9.33,1.59,49.65,7.25,0.0,43.1,0.0,100.0,35.75,30.29,0.0,0.0,461.0,174.0,103.0,6.0,208.0,0.0,13.0,23.0,0.0,0.0,3.0,0.0,0.0,3.0,902.0,105.0,0.0,228.0,94.0,16.0,500.0,73.0,0.0,434.0,0.0,1007.0,360.0,305.0,0.0,0.0,62.8,37.29,0.0,21.12,10.75,1.78,50.56,6.82,0.0,42.62,0.0,100.0,34.11,30.19,0.84,1.03,3.08,17.01,41.78,28.97,5.61,3.55,0.0,672.0,399.0,0.0,226.0,115.0,19.0,541.0,73.0,0.0,456.0,0.0,1070.0,365.0,323.0,9.0,11.0,33.0,182.0,447.0,310.0,60.0,38.0,0.0,43.34,16.5,10.53,0.56,21.99,0.0,1.68,3.26,0.0,0.0,0.28,0.0,0.0,0.56,50.7,6.8,0.0,42.5,0.0,100.0,28.52,15.75,42.5,13.23,465.0,177.0,113.0,6.0,236.0,0.0,18.0,35.0,0.0,0.0,3.0,0.0,0.0,6.0,544.0,73.0,0.0,456.0,0.0,1073.0,306.0,169.0,456.0,142.0
3503604,51.28,48.72,0.61,83.65,16.32,0.0,49.6,4.52,0.0,45.84,0.0,100.0,4.67,24.09,40.02,23.25,6.51,0.65,0.19,1339.0,1272.0,16.0,2184.0,426.0,0.0,1295.0,118.0,0.0,1197.0,0.0,2611.0,122.0,629.0,1045.0,607.0,170.0,17.0,5.0,1389.0,574.0,12.0,25.0,208.0,1339.0,1272.0,2184.0,426.0,0.0,259.0,284.0,726.0,564.0,411.0,343.0,22.0,2611.0,165.0,237.0,60.26,39.74,0.96,49.89,7.0,42.9,45.43,0.0,3.58,100.0,0.44,10.5,30.82,41.8,11.86,3.63,0.0,83.75,4.56,2892.0,1907.0,46.0,2394.0,336.0,2059.0,2180.0,0.0,172.0,4799.0,21.0,504.0,1479.0,2006.0,569.0,174.0,0.0,4019.0,219.0,20.33,1.67,3.33,0.0,24.63,0.1,2.69,46.9,0.0,0.0,0.2,0.0,0.0,0.0,49.96,50.04,0.0,8.88,29.36,7.29,51.38,6.67,0.1,41.85,0.0,100.0,20.13,34.01,0.2,0.0,817.0,67.0,134.0,0.0,990.0,4.0,108.0,1885.0,0.0,0.0,8.0,0.0,0.0,0.0,2008.0,2011.0,0.0,357.0,1180.0,293.0,2065.0,268.0,4.0,1682.0,0.0,4019.0,809.0,1367.0,8.0,0.0,60.88,39.15,1.09,8.92,29.47,7.98,50.85,6.87,0.09,42.19,0.0,100.0,19.28,33.62,0.42,0.12,0.38,11.02,30.7,41.48,12.69,2.64,0.0,2580.0,1659.0,46.0,378.0,1249.0,338.0,2155.0,291.0,4.0,1788.0,0.0,4238.0,817.0,1425.0,18.0,5.0,16.0,467.0,1301.0,1758.0,538.0,112.0,0.0,19.73,1.58,3.82,0.0,24.02,0.09,2.81,46.67,0.0,0.0,0.94,0.0,0.0,0.14,50.85,6.87,0.09,42.19,0.0,100.0,22.25,19.28,47.48,11.0,836.0,67.0,162.0,0.0,1018.0,4.0,119.0,1978.0,0.0,0.0,40.0,0.0,0.0,6.0,2155.0,291.0,4.0,1788.0,0.0,4238.0,943.0,817.0,2012.0,466.0
3503703,49.84,50.16,0.63,79.66,20.34,0.0,70.12,2.76,0.0,27.06,0.0,100.0,2.32,20.03,38.23,29.13,5.52,2.39,1.76,794.0,799.0,10.0,1269.0,324.0,0.0,1117.0,44.0,0.0,431.0,0.0,1593.0,37.0,319.0,609.0,464.0,88.0,38.0,28.0,757.0,294.0,39.0,4.0,182.0,794.0,799.0,1269.0,324.0,0.0,150.0,138.0,398.0,324.0,272.0,304.0,5.0,1593.0,166.0,151.0,58.21,41.76,1.2,83.61,8.76,74.85,15.52,0.0,0.39,100.0,0.73,6.85,28.9,44.92,12.0,5.43,0.0,87.69,2.69,2081.0,1493.0,43.0,2989.0,313.0,2676.0,555.0,0.0,14.0,3575.0,26.0,245.0,1033.0,1606.0,429.0,194.0,0.0,3135.0,96.0,27.15,3.0,5.49,0.51,33.27,0.0,0.61,29.19,0.0,0.0,0.57,0.0,0.0,0.0,83.64,16.36,0.0,12.82,10.81,1.63,73.49,5.14,0.19,21.18,0.0,100.0,42.62,32.06,0.06,0.0,851.0,94.0,172.0,16.0,1043.0,0.0,19.0,915.0,0.0,0.0,18.0,0.0,0.0,0.0,2622.0,513.0,0.0,402.0,339.0,51.0,2304.0,161.0,6.0,664.0,0.0,3135.0,1336.0,1005.0,2.0,0.0,60.76,39.24,0.96,12.78,10.77,1.58,73.51,4.98,0.19,21.32,0.0,100.0,42.68,31.35,0.53,0.19,0.8,6.96,28.97,45.22,11.64,5.48,0.0,1963.0,1268.0,31.0,413.0,348.0,51.0,2375.0,161.0,6.0,689.0,0.0,3231.0,1379.0,1013.0,17.0,6.0,26.0,225.0,936.0,1461.0,376.0,177.0,0.0,26.34,2.91,5.51,0.5,33.86,0.0,0.74,28.69,0.0,0.0,0.62,0.12,0.0,0.34,73.51,4.98,0.19,21.32,0.0,100.0,22.72,13.0,47.51,16.77,851.0,94.0,178.0,16.0,1094.0,0.0,24.0,927.0,0.0,0.0,20.0,4.0,0.0,11.0,2375.0,161.0,6.0,689.0,0.0,3231.0,734.0,420.0,1535.0,542.0
3503802,48.99,51.02,0.8,86.29,13.1,0.19,53.87,4.66,0.53,40.94,0.0,100.0,5.05,16.31,37.57,29.16,5.16,3.76,2.2,6669.0,6946.0,109.0,11748.0,1784.0,26.0,7334.0,634.0,72.0,5574.0,0.0,13614.0,687.0,2220.0,5115.0,3970.0,702.0,512.0,299.0,6640.0,2891.0,170.0,74.0,1094.0,6669.0,6946.0,11748.0,1784.0,26.0,1360.0,1993.0,3134.0,2718.0,1850.0,2483.0,76.0,13614.0,1426.0,1318.0,56.53,43.47,2.67,67.08,16.08,51.0,27.61,0.0,2.41,100.0,0.79,6.75,27.93,42.69,12.18,6.98,0.0,75.32,3.21,15068.0,11586.0,713.0,17880.0,4286.0,13594.0,7360.0,0.0,642.0,26655.0,211.0,1799.0,7445.0,11378.0,3246.0,1861.0,0.0,20077.0,855.0,9.81,10.6,13.66,0.49,38.2,0.3,3.65,20.69,0.33,0.0,0.35,0.11,0.05,0.34,65.22,34.78,0.0,9.85,24.32,4.08,52.72,7.31,0.35,39.56,0.05,100.0,26.41,34.74,0.21,0.0,1970.0,2129.0,2745.0,98.0,7673.0,61.0,734.0,4157.0,66.0,0.0,70.0,22.0,10.0,69.0,13102.0,6986.0,0.0,1978.0,4885.0,819.0,10591.0,1468.0,70.0,7947.0,11.0,20088.0,5305.0,6979.0,43.0,0.0,57.11,42.89,2.52,9.72,24.46,4.52,52.71,7.38,0.33,39.52,0.05,100.0,25.84,34.34,0.31,0.37,0.6,7.1,28.73,43.5,11.49,6.06,0.0,11966.0,8988.0,528.0,2036.0,5126.0,948.0,11045.0,1546.0,70.0,8282.0,11.0,20954.0,5414.0,7195.0,64.0,77.0,126.0,1488.0,6021.0,9114.0,2408.0,1270.0,0.0,9.81,10.58,13.61,0.47,38.04,0.29,3.6,20.53,0.31,0.0,0.6,0.1,0.05,0.48,52.74,7.37,0.33,39.5,0.05,100.0,23.81,19.91,40.02,16.27,2056.0,2219.0,2853.0,98.0,7975.0,61.0,754.0,4304.0,66.0,0.0,125.0,22.0,10.0,100.0,11056.0,1546.0,70.0,8282.0,11.0,20965.0,4992.0,4174.0,8390.0,3410.0
3503901,49.29,50.71,4.68,86.39,13.45,0.06,49.08,6.68,1.05,42.97,0.22,100.0,8.1,17.13,34.76,21.58,6.98,4.99,1.78,11381.0,11707.0,1080.0,19946.0,3106.0,14.0,11331.0,1542.0,242.0,9922.0,51.0,23088.0,1870.0,3954.0,8025.0,4982.0,1612.0,1153.0,412.0,11078.0,4169.0,403.0,164.0,2541.0,11381.0,11711.0,19950.0,3106.0,14.0,2083.0,2434.0,6212.0,4610.0,3539.0,4017.0,196.0,23092.0,2234.0,2504.0,55.89,44.11,7.15,68.9,12.79,56.11,27.76,0.0,0.39,100.0,1.43,7.06,28.84,33.18,12.42,9.93,0.0,81.6,2.22,23325.0,18407.0,2984.0,28752.0,5336.0,23416.0,11585.0,0.0,163.0,41732.0,596.0,2946.0,12034.0,13847.0,5184.0,4143.0,0.0,34054.0,925.0,15.9,1.85,5.39,0.54,43.51,0.53,1.68,27.59,0.06,0.2,0.47,0.08,0.0,0.71,67.54,32.46,0.0,6.03,25.81,11.45,47.51,10.07,1.27,41.02,0.13,100.0,21.43,32.71,1.92,0.0,5413.0,630.0,1834.0,183.0,14817.0,180.0,573.0,9395.0,22.0,69.0,159.0,26.0,0.0,243.0,22999.0,11055.0,0.0,2055.0,8788.0,3899.0,16179.0,3430.0,432.0,13968.0,45.0,34054.0,7298.0,11140.0,655.0,0.0,57.64,42.36,6.96,5.87,25.98,11.62,47.43,10.17,1.26,40.98,0.15,100.0,21.05,32.44,2.1,0.22,1.3,6.72,30.13,33.45,12.0,9.44,0.0,20174.0,14827.0,2436.0,2055.0,9093.0,4066.0,16601.0,3561.0,440.0,14345.0,54.0,35001.0,7369.0,11356.0,735.0,77.0,455.0,2353.0,10545.0,11708.0,4201.0,3304.0,0.0,15.74,1.8,5.28,0.59,43.59,0.51,1.67,27.6,0.06,0.23,0.52,0.07,0.0,0.79,47.43,10.17,1.26,40.98,0.15,100.0,13.75,13.63,48.96,23.66,5508.0,630.0,1849.0,208.0,15257.0,180.0,586.0,9659.0,22.0,81.0,181.0,26.0,0.0,277.0,16601.0,3561.0,440.0,14345.0,54.0,35001.0,4813.0,4770.0,17136.0,8282.0
3503950,53.01,46.99,0.0,91.8,8.47,0.0,59.56,4.37,0.0,36.07,0.0,100.0,7.1,27.6,35.52,24.86,2.46,0.0,2.46,194.0,172.0,0.0,336.0,31.0,0.0,218.0,16.0,0.0,132.0,0.0,366.0,26.0,101.0,130.0,91.0,9.0,0.0,9.0,201.0,42.0,0.0,0.0,17.0,194.0,172.0,336.0,31.0,0.0,10.0,6.0,115.0,79.0,51.0,106.0,0.0,366.0,51.0,56.0,57.23,42.64,0.76,66.12,18.27,47.84,31.22,0.0,2.28,100.0,0.89,10.28,28.43,45.3,9.9,4.44,0.0,76.14,3.05,451.0,336.0,6.0,521.0,144.0,377.0,246.0,0.0,18.0,788.0,7.0,81.0,224.0,357.0,78.0,35.0,0.0,600.0,24.0,26.33,11.33,9.17,0.0,23.33,0.0,4.0,22.17,0.0,0.0,3.0,0.0,0.0,0.33,61.83,38.17,0.0,17.5,13.5,1.83,57.17,6.0,1.33,35.0,0.5,100.0,39.0,27.33,0.33,0.0,158.0,68.0,55.0,0.0,140.0,0.0,24.0,133.0,0.0,0.0,18.0,0.0,0.0,2.0,371.0,229.0,0.0,105.0,81.0,11.0,343.0,36.0,8.0,210.0,3.0,600.0,234.0,164.0,2.0,0.0,54.09,45.91,0.96,16.85,14.77,2.09,57.46,6.26,1.28,34.67,0.48,100.0,38.2,26.81,0.32,0.64,0.96,9.47,29.7,45.43,9.63,4.01,0.0,337.0,286.0,6.0,105.0,92.0,13.0,358.0,39.0,8.0,216.0,3.0,623.0,238.0,167.0,2.0,4.0,6.0,59.0,185.0,283.0,60.0,25.0,0.0,25.36,10.91,9.79,0.0,24.24,0.0,4.01,22.15,0.0,0.0,2.89,0.0,0.0,0.32,57.46,6.26,1.28,34.67,0.48,100.0,22.95,11.4,40.93,24.72,158.0,68.0,61.0,0.0,151.0,0.0,25.0,138.0,0.0,0.0,18.0,0.0,0.0,2.0,358.0,39.0,8.0,216.0,3.0,623.0,143.0,71.0,255.0,154.0
3504008,50.17,49.83,2.03,95.48,4.43,0.1,70.44,3.0,0.37,26.19,0.0,100.0,6.39,15.26,28.97,30.7,9.29,5.31,2.05,12584.0,12500.0,508.0,23949.0,1110.0,25.0,17668.0,753.0,94.0,6569.0,0.0,25084.0,1602.0,3829.0,7268.0,7700.0,2331.0,1332.0,515.0,11415.0,3902.0,723.0,169.0,3950.0,12584.0,12510.0,23959.0,1110.0,25.0,3130.0,3044.0,6016.0,5000.0,3321.0,4353.0,232.0,25094.0,2670.0,2266.0,52.95,47.04,5.18,89.79,14.4,75.39,6.94,0.02,1.19,100.0,1.31,5.99,22.84,40.12,15.78,8.78,0.0,77.55,4.8,26927.0,23921.0,2635.0,45657.0,7321.0,38336.0,3529.0,11.0,604.0,50849.0,664.0,3045.0,11615.0,20403.0,8024.0,4462.0,0.0,39433.0,2443.0,13.52,7.6,24.42,1.69,45.33,0.25,0.88,4.52,0.0,0.0,0.21,0.0,0.0,0.48,92.15,7.85,0.0,11.02,10.67,2.24,67.87,4.91,0.44,26.75,0.03,100.0,42.66,32.91,0.05,0.0,5331.0,2996.0,9631.0,668.0,17880.0,100.0,347.0,1783.0,0.0,0.0,84.0,0.0,0.0,190.0,36347.0,3098.0,0.0,4345.0,4207.0,885.0,26770.0,1938.0,174.0,10551.0,10.0,39444.0,16828.0,12980.0,19.0,0.0,53.77,46.23,4.81,10.84,10.86,2.68,68.11,4.81,0.46,26.59,0.02,100.0,41.75,32.71,0.14,0.35,1.09,5.74,23.13,40.97,15.87,8.4,0.0,22517.0,19359.0,2014.0,4540.0,4547.0,1124.0,28523.0,2016.0,192.0,11134.0,10.0,41876.0,17482.0,13698.0,60.0,148.0,455.0,2402.0,9684.0,17157.0,6647.0,3517.0,0.0,13.46,7.36,24.53,1.62,44.76,0.31,0.85,4.71,0.0,0.0,0.22,0.0,0.0,0.63,68.13,4.81,0.46,26.57,0.02,100.0,12.33,13.16,44.75,29.76,5640.0,3082.0,10279.0,677.0,18755.0,129.0,356.0,1975.0,0.0,0.0,93.0,0.0,0.0,262.0,28546.0,2016.0,192.0,11134.0,10.0,41898.0,5167.0,5512.0,18749.0,12470.0
3504107,50.03,49.97,4.71,91.58,8.13,0.21,63.8,4.73,1.21,30.15,0.09,100.0,5.32,13.18,29.95,28.1,9.25,7.36,2.13,18812.0,18788.0,1770.0,34435.0,3057.0,80.0,23989.0,1779.0,456.0,11337.0,32.0,37600.0,1999.0,4957.0,11263.0,10566.0,3477.0,2768.0,801.0,17896.0,6478.0,842.0,298.0,4579.0,18812.0,18788.0,34435.0,3057.0,80.0,3403.0,4798.0,10070.0,7519.0,4843.0,6571.0,395.0,37600.0,3205.0,4301.0,55.52,44.48,8.36,86.58,18.08,68.5,9.61,0.0,0.8,100.0,1.15,5.1,21.5,38.15,14.92,10.82,0.01,75.93,2.14,45547.0,36486.0,6857.0,71023.0,14829.0,56194.0,7883.0,0.0,654.0,82033.0,943.0,4184.0,17636.0,31292.0,12237.0,8872.0,12.0,62284.0,1756.0,14.69,1.94,10.52,0.73,52.8,0.47,1.51,14.77,0.0,0.04,0.31,0.08,0.02,0.44,88.46,11.54,0.0,8.53,19.22,7.06,61.61,7.33,2.02,28.84,0.21,100.0,28.11,36.37,0.06,0.0,9154.0,1206.0,6557.0,453.0,32900.0,292.0,941.0,9204.0,0.0,22.0,192.0,48.0,15.0,277.0,55117.0,7188.0,0.0,5315.0,11976.0,4399.0,38386.0,4565.0,1258.0,17967.0,131.0,62305.0,17511.0,22658.0,35.0,0.0,56.94,43.06,7.5,8.43,19.32,7.5,61.77,7.39,1.98,28.66,0.2,100.0,27.71,35.87,0.25,0.03,1.13,5.24,22.13,39.08,14.65,10.28,0.0,36485.0,27592.0,4804.0,5403.0,12377.0,4806.0,39582.0,4735.0,1267.0,18363.0,131.0,64077.0,17757.0,22983.0,159.0,22.0,721.0,3357.0,14183.0,25039.0,9387.0,6586.0,0.0,14.53,1.95,10.37,0.73,52.61,0.46,1.47,14.86,0.0,0.07,0.33,0.07,0.04,0.57,61.75,7.38,1.98,28.69,0.2,100.0,17.8,14.59,41.02,26.59,9317.0,1249.0,6649.0,465.0,33732.0,292.0,941.0,9527.0,0.0,48.0,212.0,48.0,27.0,363.0,39592.0,4735.0,1267.0,18393.0,131.0,64117.0,11415.0,9356.0,26299.0,17047.0
3504206,50.85,49.18,0.94,87.5,12.5,0.0,66.4,2.39,0.47,30.74,0.0,100.0,7.07,14.86,42.81,26.75,4.28,0.91,2.43,1403.0,1357.0,26.0,2414.0,345.0,0.0,1832.0,66.0,13.0,848.0,0.0,2759.0,195.0,410.0,1181.0,738.0,118.0,25.0,67.0,1418.0,421.0,44.0,13.0,272.0,1403.0,1357.0,2414.0,345.0,0.0,303.0,120.0,772.0,553.0,454.0,531.0,26.0,2759.0,230.0,362.0,56.52,43.48,2.5,87.2,13.24,73.97,10.1,0.0,2.18,100.0,1.07,5.92,34.12,42.91,9.7,3.68,0.09,80.75,3.33,3838.0,2953.0,170.0,5922.0,899.0,5023.0,686.0,0.0,148.0,6791.0,73.0,402.0,2317.0,2914.0,659.0,250.0,6.0,5484.0,226.0,23.76,1.64,22.47,0.73,42.94,0.07,1.0,5.85,0.0,0.0,0.57,0.0,0.0,0.11,90.44,9.56,0.0,27.61,7.0,2.92,64.44,4.78,0.24,30.53,0.0,100.0,38.26,23.71,0.11,0.0,1303.0,90.0,1232.0,40.0,2355.0,4.0,55.0,321.0,0.0,0.0,31.0,0.0,0.0,6.0,4960.0,524.0,0.0,1514.0,384.0,160.0,3534.0,262.0,13.0,1674.0,0.0,5484.0,2098.0,1300.0,6.0,0.0,57.12,42.9,2.28,26.61,7.71,3.49,64.63,4.59,0.23,30.55,0.0,100.0,36.89,23.49,0.47,0.96,0.74,5.2,34.37,44.25,9.79,3.38,0.0,3261.0,2449.0,130.0,1519.0,440.0,199.0,3690.0,262.0,13.0,1744.0,0.0,5709.0,2106.0,1341.0,27.0,55.0,42.0,297.0,1962.0,2526.0,559.0,193.0,0.0,22.89,1.58,21.77,0.7,43.21,0.07,1.31,5.85,0.0,0.0,1.24,0.0,0.0,0.46,64.63,4.59,0.23,30.55,0.0,100.0,20.21,15.59,45.17,19.01,1307.0,90.0,1243.0,40.0,2467.0,4.0,75.0,334.0,0.0,0.0,71.0,0.0,0.0,26.0,3690.0,262.0,13.0,1744.0,0.0,5709.0,1154.0,890.0,2579.0,1085.0
3504305,45.25,54.65,0.21,84.3,15.5,0.0,43.9,4.34,0.0,28.2,23.45,100.0,11.88,28.1,32.95,21.49,3.51,1.03,0.83,438.0,529.0,2.0,816.0,150.0,0.0,425.0,42.0,0.0,273.0,227.0,968.0,115.0,272.0,319.0,208.0,34.0,10.0,8.0,546.0,180.0,13.0,0.0,81.0,438.0,529.0,816.0,150.0,0.0,67.0,99.0,325.0,215.0,142.0,110.0,8.0,968.0,47.0,100.0,61.72,38.28,2.7,84.72,21.72,62.95,13.56,0.0,1.23,100.0,2.06,12.43,27.13,40.64,11.25,3.73,0.0,74.69,1.82,1256.0,779.0,55.0,1724.0,442.0,1281.0,276.0,0.0,25.0,2035.0,42.0,253.0,552.0,827.0,229.0,76.0,0.0,1520.0,37.0,41.38,0.92,4.47,0.26,27.7,0.13,7.63,15.33,0.0,0.0,0.59,0.0,0.0,0.66,83.62,16.45,0.0,28.95,20.72,3.95,52.24,6.51,0.2,25.39,15.59,100.0,25.66,19.8,0.0,0.0,629.0,14.0,68.0,4.0,421.0,2.0,116.0,233.0,0.0,0.0,9.0,0.0,0.0,10.0,1271.0,250.0,0.0,440.0,315.0,60.0,794.0,99.0,3.0,386.0,237.0,1520.0,390.0,301.0,0.0,0.0,58.51,41.49,2.95,28.32,20.94,4.05,52.09,6.36,0.19,25.63,15.74,100.0,25.11,19.65,0.32,0.19,1.61,11.3,26.27,41.55,12.14,4.17,0.0,911.0,646.0,46.0,441.0,326.0,63.0,811.0,99.0,3.0,399.0,245.0,1557.0,391.0,306.0,5.0,3.0,25.0,176.0,409.0,647.0,189.0,65.0,0.0,40.46,0.9,4.56,0.26,28.13,0.13,7.51,15.41,0.0,0.0,0.58,0.0,0.0,0.64,52.09,6.36,0.19,25.63,15.74,100.0,22.67,17.28,44.96,15.09,630.0,14.0,71.0,4.0,438.0,2.0,117.0,240.0,0.0,0.0,9.0,0.0,0.0,10.0,811.0,99.0,3.0,399.0,245.0,1557.0,353.0,269.0,700.0,235.0
3504404,52.94,47.06,0.04,84.07,15.93,0.0,57.75,5.69,0.0,36.55,0.0,100.0,13.25,26.13,30.52,18.75,6.53,2.56,2.25,1386.0,1232.0,1.0,2201.0,417.0,0.0,1512.0,149.0,0.0,957.0,0.0,2618.0,347.0,684.0,799.0,491.0,171.0,67.0,59.0,1228.0,419.0,25.0,40.0,283.0,1386.0,1232.0,2201.0,417.0,0.0,223.0,321.0,612.0,574.0,351.0,530.0,8.0,2618.0,239.0,385.0,69.22,30.76,0.45,74.93,14.39,60.55,21.4,0.0,0.43,100.0,2.39,11.13,32.92,35.85,11.48,5.75,0.0,75.22,6.73,3383.0,1503.0,22.0,3662.0,703.0,2959.0,1046.0,0.0,21.0,4887.0,117.0,544.0,1609.0,1752.0,561.0,281.0,0.0,3676.0,329.0,10.26,18.66,10.26,0.65,28.18,0.0,2.31,27.97,0.0,0.0,0.65,0.05,0.0,0.0,76.47,23.53,0.0,11.92,21.71,5.03,54.05,6.12,0.57,39.23,0.0,100.0,24.13,36.26,0.03,0.0,377.0,686.0,377.0,24.0,1036.0,0.0,85.0,1028.0,0.0,0.0,24.0,2.0,0.0,0.0,2811.0,865.0,0.0,438.0,798.0,185.0,1987.0,225.0,21.0,1442.0,0.0,3676.0,887.0,1333.0,1.0,0.0,69.74,30.26,0.52,10.94,25.04,5.72,53.91,5.99,0.52,39.58,0.0,100.0,22.3,34.11,0.47,0.6,1.87,11.29,32.56,37.95,10.74,5.04,0.0,2793.0,1212.0,21.0,438.0,1003.0,229.0,2159.0,240.0,21.0,1585.0,0.0,4005.0,893.0,1366.0,19.0,24.0,75.0,452.0,1304.0,1520.0,430.0,202.0,0.0,9.79,18.0,9.96,0.6,29.31,0.0,2.12,28.26,0.0,0.0,0.85,0.05,0.0,0.15,53.91,5.99,0.52,39.58,0.0,100.0,23.97,20.95,39.3,15.78,392.0,721.0,399.0,24.0,1174.0,0.0,85.0,1132.0,0.0,0.0,34.0,2.0,0.0,6.0,2159.0,240.0,21.0,1585.0,0.0,4005.0,960.0,839.0,1574.0,632.0
3504503,50.29,49.71,2.01,96.78,3.19,0.03,67.81,4.5,0.47,27.21,0.0,100.0,6.06,17.52,33.45,27.0,7.86,3.04,3.06,12438.0,12294.0,497.0,23936.0,788.0,8.0,16772.0,1113.0,117.0,6730.0,0.0,24732.0,1498.0,4333.0,8274.0,6678.0,1944.0,751.0,758.0,11361.0,4694.0,404.0,122.0,3458.0,12438.0,12294.0,23936.0,788.0,8.0,2256.0,4127.0,6188.0,4561.0,3289.0,3901.0,410.0,24732.0,2152.0,2541.0,54.86,45.14,4.23,94.07,12.98,81.09,4.32,0.02,0.55,100.0,1.2,7.38,27.53,38.87,13.8,6.94,0.04,83.55,1.86,24384.0,20066.0,1880.0,41813.0,5769.0,36045.0,1919.0,9.0,245.0,44450.0,534.0,3281.0,12238.0,17277.0,6133.0,3087.0,19.0,37139.0,825.0,19.49,3.67,16.76,1.27,48.73,0.22,1.23,6.58,0.0,0.0,0.38,0.05,0.0,0.34,95.91,4.09,0.0,11.58,15.49,3.39,65.79,5.62,0.93,27.54,0.13,100.0,37.09,31.9,0.09,0.0,7245.0,1364.0,6230.0,474.0,18119.0,82.0,458.0,2448.0,0.0,0.0,143.0,19.0,0.0,128.0,35660.0,1522.0,0.0,4307.0,5761.0,1262.0,24461.0,2088.0,346.0,10241.0,47.0,37182.0,13790.0,11861.0,32.0,0.0,55.62,44.38,4.0,11.51,15.61,3.53,65.69,5.57,1.01,27.61,0.12,100.0,36.57,31.5,0.63,0.13,1.18,7.36,28.17,39.16,13.64,6.47,0.02,21121.0,16852.0,1518.0,4372.0,5927.0,1342.0,24944.0,2114.0,384.0,10485.0,47.0,37973.0,13885.0,11963.0,238.0,51.0,447.0,2795.0,10697.0,14872.0,5179.0,2457.0,9.0,19.23,3.59,16.63,1.27,49.05,0.22,1.24,6.6,0.0,0.0,0.39,0.05,0.0,0.39,65.73,5.56,1.01,27.58,0.12,100.0,17.55,17.01,43.53,21.92,7310.0,1364.0,6324.0,483.0,18648.0,82.0,473.0,2510.0,0.0,0.0,150.0,19.0,0.0,147.0,24987.0,2114.0,384.0,10485.0,47.0,38017.0,6671.0,6466.0,16547.0,8333.0
3504602,50.29,49.71,1.53,78.91,21.09,0.0,63.02,4.58,0.39,32.01,0.0,100.0,4.36,12.12,33.27,35.37,7.93,3.91,1.52,3252.0,3214.0,99.0,5102.0,1364.0,0.0,4075.0,296.0,25.0,2070.0,0.0,6466.0,282.0,784.0,2151.0,2287.0,513.0,253.0,98.0,3356.0,988.0,103.0,74.0,552.0,3252.0,3214.0,5102.0,1364.0,0.0,506.0,656.0,1835.0,1391.0,826.0,1225.0,27.0,6466.0,752.0,642.0,56.11,43.9,3.58,51.9,14.76,37.14,44.68,0.0,2.67,100.0,0.9,4.21,21.61,45.88,16.47,7.36,0.0,79.7,2.09,8125.0,6357.0,518.0,7516.0,2138.0,5378.0,6470.0,0.0,387.0,14481.0,130.0,610.0,3129.0,6644.0,2385.0,1066.0,0.0,11542.0,302.0,10.96,3.42,17.29,0.55,54.04,0.07,0.67,11.74,0.0,0.0,0.25,0.0,0.0,0.07,45.73,54.26,0.0,10.47,14.73,1.66,64.58,7.15,0.52,27.76,0.0,100.0,31.97,40.85,0.03,0.0,1266.0,395.0,1996.0,63.0,6240.0,8.0,77.0,1355.0,0.0,0.0,29.0,0.0,0.0,8.0,5280.0,6265.0,0.0,1209.0,1701.0,192.0,7456.0,825.0,60.0,3205.0,0.0,11546.0,3691.0,4716.0,4.0,0.0,55.5,44.5,3.27,10.56,15.02,1.84,64.48,7.1,0.51,27.92,0.0,100.0,31.56,40.39,0.17,0.19,0.71,3.89,21.74,47.79,15.67,6.95,0.0,6576.0,5272.0,387.0,1251.0,1780.0,218.0,7640.0,841.0,60.0,3308.0,0.0,11848.0,3739.0,4785.0,20.0,23.0,84.0,461.0,2576.0,5662.0,1856.0,823.0,0.0,10.81,3.33,17.27,0.53,53.55,0.07,0.65,12.1,0.0,0.0,0.4,0.0,0.0,0.23,64.47,7.09,0.51,27.93,0.0,100.0,15.13,15.88,48.66,20.34,1282.0,395.0,2048.0,63.0,6350.0,8.0,77.0,1435.0,0.0,0.0,48.0,0.0,0.0,27.0,7646.0,841.0,60.0,3312.0,0.0,11859.0,1794.0,1883.0,5770.0,2412.0
3504701,41.61,58.39,1.55,79.81,19.25,0.93,61.8,8.07,0.0,30.12,0.0,100.0,8.07,22.05,33.54,25.47,8.39,1.24,0.0,134.0,188.0,5.0,257.0,62.0,3.0,199.0,26.0,0.0,97.0,0.0,322.0,26.0,71.0,108.0,82.0,27.0,4.0,0.0,145.0,46.0,9.0,3.0,44.0,134.0,188.0,257.0,62.0,3.0,22.0,34.0,71.0,73.0,50.0,72.0,0.0,322.0,32.0,44.0,51.37,48.63,5.21,83.21,11.0,72.21,16.21,0.0,0.43,100.0,2.03,7.67,24.89,42.69,11.14,6.51,0.0,86.4,2.03,355.0,336.0,36.0,575.0,76.0,499.0,112.0,0.0,3.0,691.0,14.0,53.0,172.0,295.0,77.0,45.0,0.0,597.0,14.0,46.23,1.51,6.53,0.0,43.05,0.0,0.0,2.01,0.0,0.0,0.5,0.0,0.0,0.5,83.58,16.42,0.0,27.3,4.36,1.17,65.16,7.2,0.67,26.97,0.0,100.0,49.08,18.26,0.0,0.0,276.0,9.0,39.0,0.0,257.0,0.0,0.0,12.0,0.0,0.0,3.0,0.0,0.0,3.0,499.0,98.0,0.0,163.0,26.0,7.0,389.0,43.0,4.0,161.0,0.0,597.0,293.0,109.0,0.0,0.0,51.55,48.45,5.24,26.68,5.07,1.15,65.47,7.04,0.65,26.84,0.0,100.0,48.77,18.17,0.0,0.16,2.29,8.02,24.22,42.72,10.15,7.36,0.0,315.0,296.0,32.0,163.0,31.0,7.0,400.0,43.0,4.0,164.0,0.0,611.0,298.0,111.0,0.0,1.0,14.0,49.0,148.0,261.0,62.0,45.0,0.0,45.17,1.47,7.04,0.0,43.37,0.0,0.0,2.13,0.0,0.0,0.49,0.0,0.0,0.49,65.47,7.04,0.65,26.84,0.0,100.0,20.62,7.69,51.55,20.13,276.0,9.0,43.0,0.0,265.0,0.0,0.0,13.0,0.0,0.0,3.0,0.0,0.0,3.0,400.0,43.0,4.0,164.0,0.0,611.0,126.0,47.0,315.0,123.0
3504800,50.42,49.58,0.51,82.43,17.07,0.55,76.61,3.69,0.0,19.7,0.0,100.0,5.9,21.63,36.62,23.75,8.49,2.44,0.69,1093.0,1075.0,11.0,1787.0,370.0,12.0,1661.0,80.0,0.0,427.0,0.0,2168.0,128.0,469.0,794.0,515.0,184.0,53.0,15.0,1103.0,371.0,16.0,65.0,175.0,1093.0,1075.0,1787.0,370.0,12.0,171.0,185.0,534.0,444.0,291.0,440.0,104.0,2168.0,258.0,180.0,58.05,41.95,1.76,75.2,14.39,60.82,23.91,0.0,0.53,100.0,0.59,7.62,28.07,43.38,12.64,5.94,0.0,82.42,2.34,2833.0,2047.0,86.0,3670.0,702.0,2968.0,1167.0,0.0,26.0,4880.0,29.0,372.0,1370.0,2117.0,617.0,290.0,0.0,4022.0,114.0,12.43,12.18,11.79,0.87,47.34,0.0,0.72,13.08,0.0,0.0,0.8,0.35,0.0,0.17,72.6,27.37,0.0,12.11,13.4,2.71,74.14,5.67,0.0,20.19,0.0,100.0,41.6,30.03,0.12,0.0,500.0,490.0,474.0,35.0,1904.0,0.0,29.0,526.0,0.0,0.0,32.0,14.0,0.0,7.0,2920.0,1101.0,0.0,487.0,539.0,109.0,2982.0,228.0,0.0,812.0,0.0,4022.0,1673.0,1208.0,5.0,0.0,58.32,41.66,2.08,12.06,13.35,2.73,74.54,5.51,0.12,19.83,0.0,100.0,40.88,29.69,0.48,0.7,0.56,6.65,26.64,44.63,12.96,6.46,0.0,2412.0,1723.0,86.0,499.0,552.0,113.0,3083.0,228.0,5.0,820.0,0.0,4136.0,1691.0,1228.0,20.0,29.0,23.0,275.0,1102.0,1846.0,536.0,267.0,0.0,12.19,12.04,11.7,0.85,46.88,0.0,0.7,13.01,0.0,0.0,1.72,0.34,0.0,0.29,74.54,5.51,0.12,19.83,0.0,100.0,20.58,16.83,40.96,21.62,504.0,498.0,484.0,35.0,1939.0,0.0,29.0,538.0,0.0,0.0,71.0,14.0,0.0,12.0,3083.0,228.0,5.0,820.0,0.0,4136.0,851.0,696.0,1694.0,894.0
3504909,51.07,48.97,0.0,86.49,13.56,0.0,49.69,8.64,0.29,41.43,0.0,100.0,18.62,27.06,30.64,17.09,1.58,3.25,1.81,1070.0,1026.0,0.0,1812.0,284.0,0.0,1041.0,181.0,6.0,868.0,0.0,2095.0,390.0,567.0,642.0,358.0,33.0,68.0,38.0,1165.0,434.0,14.0,12.0,194.0,1070.0,1026.0,1812.0,284.0,0.0,201.0,165.0,560.0,495.0,393.0,248.0,34.0,2095.0,94.0,183.0,55.91,44.09,1.36,82.36,14.62,67.74,16.28,0.0,1.16,100.0,3.31,12.6,39.15,30.81,6.28,6.48,0.0,81.05,2.97,2466.0,1945.0,60.0,3633.0,645.0,2988.0,718.0,0.0,51.0,4411.0,146.0,556.0,1727.0,1359.0,277.0,286.0,0.0,3575.0,131.0,37.17,8.5,7.55,0.03,25.23,0.0,1.43,17.73,0.0,0.0,0.34,0.0,0.0,0.22,82.15,17.85,0.0,10.71,24.73,4.03,43.64,11.36,0.0,45.01,0.0,100.0,27.36,31.72,0.2,0.0,1329.0,304.0,270.0,1.0,902.0,0.0,51.0,634.0,0.0,0.0,12.0,0.0,0.0,8.0,2937.0,638.0,0.0,383.0,884.0,144.0,1560.0,406.0,0.0,1609.0,0.0,3575.0,978.0,1134.0,7.0,0.0,57.85,42.15,0.97,10.36,24.82,4.8,43.74,11.52,0.0,44.77,0.0,100.0,26.44,30.98,0.97,0.43,2.75,11.66,39.45,32.19,6.75,6.23,0.0,2144.0,1562.0,36.0,384.0,920.0,178.0,1621.0,427.0,0.0,1659.0,0.0,3706.0,980.0,1148.0,36.0,16.0,102.0,432.0,1462.0,1193.0,250.0,231.0,0.0,36.51,8.28,7.45,0.03,25.12,0.0,1.38,18.94,0.0,0.0,0.35,0.0,0.0,0.22,43.74,11.52,0.0,44.77,0.0,100.0,28.39,14.79,41.28,15.57,1353.0,307.0,276.0,1.0,931.0,0.0,51.0,702.0,0.0,0.0,13.0,0.0,0.0,8.0,1621.0,427.0,0.0,1659.0,0.0,3706.0,1052.0,548.0,1530.0,577.0
3505005,51.99,47.89,0.0,94.15,5.72,0.0,72.76,1.37,0.62,22.01,3.36,100.0,11.57,39.18,32.34,12.44,2.99,0.75,0.75,418.0,385.0,0.0,757.0,46.0,0.0,585.0,11.0,5.0,177.0,27.0,804.0,93.0,315.0,260.0,100.0,24.0,6.0,6.0,435.0,104.0,0.0,33.0,45.0,421.0,385.0,757.0,49.0,0.0,54.0,51.0,227.0,211.0,86.0,150.0,28.0,806.0,87.0,104.0,54.86,45.14,0.8,95.49,24.17,71.21,4.51,0.0,0.0,100.0,1.5,21.66,42.63,23.67,6.92,2.81,0.0,74.62,1.1,547.0,450.0,8.0,952.0,241.0,710.0,45.0,0.0,0.0,997.0,15.0,216.0,425.0,236.0,69.0,28.0,0.0,744.0,11.0,61.69,7.26,3.9,0.94,24.06,0.4,0.27,1.61,0.0,0.0,0.0,0.0,0.0,0.0,93.95,6.05,0.0,12.5,6.05,0.94,66.94,1.88,0.94,28.23,2.15,100.0,64.25,16.53,0.0,0.0,459.0,54.0,29.0,7.0,179.0,3.0,2.0,12.0,0.0,0.0,0.0,0.0,0.0,0.0,699.0,45.0,0.0,93.0,45.0,7.0,498.0,14.0,7.0,210.0,16.0,744.0,478.0,123.0,0.0,0.0,54.57,45.56,0.4,12.32,5.96,0.93,66.89,1.85,0.93,28.21,2.12,100.0,64.37,16.56,0.0,0.0,1.32,21.06,45.83,23.18,5.17,3.18,0.0,412.0,344.0,3.0,93.0,45.0,7.0,505.0,14.0,7.0,213.0,16.0,755.0,486.0,125.0,0.0,0.0,10.0,159.0,346.0,175.0,39.0,24.0,0.0,61.19,7.15,3.84,1.19,24.11,0.4,0.26,1.59,0.0,0.0,0.4,0.0,0.0,0.0,66.89,1.85,0.93,28.21,2.12,100.0,29.93,18.41,42.25,9.54,462.0,54.0,29.0,9.0,182.0,3.0,2.0,12.0,0.0,0.0,3.0,0.0,0.0,0.0,505.0,14.0,7.0,213.0,16.0,755.0,226.0,139.0,319.0,72.0
3505104,45.81,54.19,0.0,86.85,13.08,0.0,50.22,4.05,1.23,44.51,0.0,100.0,16.04,30.56,30.71,17.85,2.53,0.72,1.59,634.0,750.0,0.0,1202.0,181.0,0.0,695.0,56.0,17.0,616.0,0.0,1384.0,222.0,423.0,425.0,247.0,35.0,10.0,22.0,670.0,223.0,11.0,15.0,142.0,634.0,750.0,1202.0,181.0,0.0,105.0,119.0,356.0,282.0,210.0,299.0,13.0,1384.0,157.0,166.0,58.59,41.41,0.36,79.37,14.88,64.49,19.5,0.09,0.73,100.0,2.54,12.61,37.73,38.14,5.53,3.08,0.0,80.59,3.49,1292.0,913.0,8.0,1750.0,328.0,1422.0,430.0,2.0,16.0,2205.0,56.0,278.0,832.0,841.0,122.0,68.0,0.0,1777.0,77.0,12.04,26.11,9.12,0.0,26.84,0.0,0.56,23.64,0.0,0.0,0.68,0.0,0.0,0.84,78.28,21.72,0.0,15.64,16.21,2.81,46.31,7.03,0.68,45.98,0.0,100.0,32.53,32.75,0.11,0.0,214.0,464.0,162.0,0.0,477.0,0.0,10.0,420.0,0.0,0.0,12.0,0.0,0.0,15.0,1391.0,386.0,0.0,278.0,288.0,50.0,823.0,125.0,12.0,817.0,0.0,1777.0,578.0,582.0,2.0,0.0,59.12,40.88,0.43,14.99,16.5,2.97,46.49,7.55,0.65,45.31,0.0,100.0,31.66,31.88,0.81,0.76,2.64,10.9,37.32,39.75,6.09,2.8,0.0,1096.0,758.0,8.0,278.0,306.0,55.0,862.0,140.0,12.0,840.0,0.0,1854.0,587.0,591.0,15.0,14.0,49.0,202.0,692.0,737.0,113.0,52.0,0.0,12.03,25.46,9.22,0.0,26.91,0.0,0.54,23.68,0.0,0.0,0.65,0.0,0.0,1.02,46.49,7.55,0.65,45.31,0.0,100.0,26.43,21.9,39.05,12.62,223.0,472.0,171.0,0.0,499.0,0.0,10.0,439.0,0.0,0.0,12.0,0.0,0.0,19.0,862.0,140.0,12.0,840.0,0.0,1854.0,490.0,406.0,724.0,234.0
3505203,49.88,50.12,1.02,86.58,13.29,0.12,72.37,4.73,0.0,22.9,0.0,100.0,5.37,15.21,37.04,29.21,7.21,4.18,0.75,3651.0,3668.0,75.0,6337.0,973.0,9.0,5297.0,346.0,0.0,1676.0,0.0,7319.0,393.0,1113.0,2711.0,2138.0,528.0,306.0,55.0,3310.0,1253.0,186.0,0.0,896.0,3651.0,3668.0,6337.0,973.0,9.0,646.0,772.0,1711.0,1504.0,1030.0,1585.0,71.0,7319.0,775.0,898.0,57.32,42.68,3.28,91.43,12.17,79.27,6.92,0.0,0.95,100.0,0.87,5.12,28.17,45.05,11.23,6.23,0.06,83.09,3.09,9355.0,6966.0,535.0,14923.0,1987.0,12937.0,1129.0,0.0,155.0,16321.0,142.0,835.0,4598.0,7353.0,1833.0,1017.0,9.0,13561.0,505.0,12.19,14.44,21.34,0.43,40.33,0.07,1.3,8.07,0.0,0.0,0.58,0.0,0.0,0.47,93.78,6.22,0.0,16.17,10.39,1.43,72.09,4.73,0.21,22.97,0.0,100.0,45.63,26.03,0.06,0.0,1655.0,1961.0,2897.0,58.0,5476.0,9.0,177.0,1096.0,0.0,0.0,79.0,0.0,0.0,64.0,12732.0,844.0,0.0,2195.0,1411.0,194.0,9788.0,642.0,28.0,3118.0,0.0,13577.0,6195.0,3534.0,8.0,0.0,58.74,41.26,2.91,15.81,10.65,1.93,71.81,4.74,0.2,23.26,0.0,100.0,45.05,25.54,0.15,0.5,0.81,5.32,27.35,45.83,11.55,6.18,0.06,8262.0,5803.0,409.0,2223.0,1498.0,271.0,10100.0,666.0,28.0,3271.0,0.0,14065.0,6336.0,3592.0,21.0,71.0,114.0,748.0,3847.0,6446.0,1624.0,869.0,9.0,11.86,14.22,21.1,0.41,40.62,0.06,1.26,8.44,0.0,0.0,0.56,0.0,0.0,0.61,71.83,4.73,0.2,23.23,0.0,100.0,22.36,17.83,38.81,21.01,1670.0,2003.0,2971.0,58.0,5719.0,9.0,177.0,1189.0,0.0,0.0,79.0,0.0,0.0,86.0,10115.0,666.0,28.0,3271.0,0.0,14081.0,3149.0,2510.0,5465.0,2958.0
3505302,49.19,50.81,1.89,84.68,15.2,0.12,71.5,3.62,0.0,24.89,0.0,100.0,4.85,12.04,35.4,30.23,10.29,4.49,0.83,3959.0,4089.0,152.0,6815.0,1223.0,10.0,5754.0,291.0,0.0,2003.0,0.0,8048.0,390.0,969.0,2849.0,2433.0,828.0,361.0,67.0,3635.0,1516.0,342.0,237.0,1152.0,3959.0,4089.0,6815.0,1223.0,10.0,841.0,1643.0,1788.0,1484.0,1068.0,1019.0,206.0,8048.0,422.0,745.0,54.8,45.2,4.07,87.12,14.8,72.32,11.08,0.0,0.94,100.0,0.66,4.44,24.93,41.76,15.51,8.62,0.0,80.71,2.57,9570.0,7893.0,711.0,15214.0,2585.0,12630.0,1935.0,0.0,164.0,17463.0,116.0,775.0,4354.0,7292.0,2709.0,1506.0,0.0,14095.0,448.0,19.83,2.77,14.62,0.6,41.46,0.11,4.32,14.79,0.0,0.0,0.37,0.0,0.0,0.31,88.3,11.69,0.0,12.9,11.06,1.98,70.29,4.77,0.06,24.87,0.0,100.0,40.43,33.16,0.09,0.0,2795.0,390.0,2061.0,85.0,5844.0,15.0,609.0,2084.0,0.0,0.0,52.0,0.0,0.0,43.0,12446.0,1648.0,0.0,1818.0,1559.0,279.0,9908.0,673.0,9.0,3505.0,0.0,14095.0,5699.0,4674.0,12.0,0.0,55.4,44.6,3.87,12.63,11.24,2.42,70.69,4.7,0.06,24.55,0.0,100.0,39.75,32.72,0.35,0.54,0.75,4.55,25.5,41.42,15.82,8.09,0.0,8069.0,6495.0,564.0,1839.0,1637.0,353.0,10296.0,684.0,9.0,3575.0,0.0,14564.0,5789.0,4765.0,51.0,78.0,109.0,663.0,3714.0,6032.0,2304.0,1178.0,0.0,19.43,2.68,14.15,0.66,41.81,0.1,4.22,14.6,0.08,0.0,0.77,0.0,0.0,0.53,70.69,4.7,0.06,24.55,0.0,100.0,18.53,15.83,43.22,22.43,2830.0,390.0,2061.0,96.0,6089.0,15.0,615.0,2127.0,12.0,0.0,112.0,0.0,0.0,77.0,10296.0,684.0,9.0,3575.0,0.0,14564.0,2699.0,2305.0,6294.0,3266.0
3505351,46.94,53.06,0.0,95.26,4.74,0.0,39.1,3.79,0.34,56.59,0.26,100.0,21.19,38.59,28.77,6.29,2.93,0.0,2.15,545.0,616.0,0.0,1106.0,55.0,0.0,454.0,44.0,4.0,657.0,3.0,1161.0,246.0,448.0,334.0,73.0,34.0,0.0,25.0,695.0,218.0,0.0,0.0,25.0,545.0,616.0,1106.0,55.0,0.0,16.0,53.0,352.0,288.0,220.0,209.0,23.0,1161.0,97.0,126.0,64.17,35.88,0.15,97.04,37.85,59.24,2.37,0.0,0.0,100.0,5.27,26.02,39.82,21.73,5.37,1.68,0.0,60.33,1.28,1302.0,728.0,3.0,1969.0,768.0,1202.0,48.0,0.0,0.0,2029.0,107.0,528.0,808.0,441.0,109.0,34.0,0.0,1224.0,26.0,39.62,0.82,29.49,0.25,21.24,0.9,0.0,6.05,0.0,0.0,0.74,0.0,0.0,0.33,97.88,2.12,0.0,18.38,13.07,4.25,37.34,7.35,0.25,54.98,0.0,100.0,28.68,35.29,0.0,0.0,485.0,10.0,361.0,3.0,260.0,11.0,0.0,74.0,0.0,0.0,9.0,0.0,0.0,4.0,1198.0,26.0,0.0,225.0,160.0,52.0,457.0,90.0,3.0,673.0,0.0,1224.0,351.0,432.0,0.0,0.0,62.8,37.2,0.0,18.0,12.96,4.4,37.92,7.2,0.24,54.56,0.0,100.0,28.08,35.12,0.56,0.64,5.12,22.64,36.48,25.84,7.36,2.56,0.0,785.0,465.0,0.0,225.0,162.0,55.0,474.0,90.0,3.0,682.0,0.0,1250.0,351.0,439.0,7.0,8.0,64.0,283.0,456.0,323.0,92.0,32.0,0.0,38.8,0.8,29.76,0.56,21.36,0.88,0.0,6.24,0.0,0.0,0.72,0.0,0.0,0.32,37.92,7.2,0.24,54.56,0.0,100.0,28.56,16.56,43.68,11.2,485.0,10.0,372.0,7.0,267.0,11.0,0.0,78.0,0.0,0.0,9.0,0.0,0.0,4.0,474.0,90.0,3.0,682.0,0.0,1250.0,357.0,207.0,546.0,140.0
3505401,52.15,47.85,0.33,89.86,9.95,0.2,46.03,6.31,0.0,47.59,0.0,100.0,18.4,35.31,25.81,14.5,2.73,1.56,1.43,802.0,736.0,5.0,1382.0,153.0,3.0,708.0,97.0,0.0,732.0,0.0,1538.0,283.0,543.0,397.0,223.0,42.0,24.0,22.0,916.0,321.0,13.0,0.0,123.0,802.0,736.0,1382.0,153.0,3.0,78.0,126.0,465.0,444.0,297.0,119.0,8.0,1538.0,8.0,156.0,59.93,40.07,1.85,95.29,30.12,65.17,3.2,0.0,0.87,100.0,2.86,21.22,33.13,29.85,7.5,3.51,0.0,65.1,3.24,1590.0,1063.0,49.0,2528.0,799.0,1729.0,85.0,0.0,23.0,2653.0,76.0,563.0,879.0,792.0,199.0,93.0,0.0,1727.0,86.0,42.5,7.7,8.92,0.64,25.71,0.69,2.26,3.36,0.0,0.0,0.52,0.0,0.0,1.27,98.26,1.74,0.0,28.89,10.31,3.71,37.75,9.5,0.52,51.82,0.41,100.0,30.8,19.92,0.12,0.0,734.0,133.0,154.0,11.0,444.0,12.0,39.0,58.0,0.0,0.0,9.0,0.0,0.0,22.0,1697.0,30.0,0.0,499.0,178.0,64.0,652.0,164.0,9.0,895.0,7.0,1727.0,532.0,344.0,2.0,0.0,58.93,41.01,2.26,27.62,10.75,4.58,38.31,9.21,0.5,51.6,0.39,100.0,29.33,20.12,0.66,0.99,1.98,20.29,32.08,30.71,9.21,3.47,0.0,1069.0,744.0,41.0,501.0,195.0,83.0,695.0,167.0,9.0,936.0,7.0,1814.0,532.0,365.0,12.0,18.0,36.0,368.0,582.0,557.0,167.0,63.0,0.0,40.46,7.33,8.65,0.61,27.45,0.72,2.15,4.19,0.0,0.0,0.77,0.0,0.0,1.43,38.31,9.21,0.5,51.6,0.39,100.0,29.11,16.76,39.69,14.44,734.0,133.0,157.0,11.0,498.0,13.0,39.0,76.0,0.0,0.0,14.0,0.0,0.0,26.0,695.0,167.0,9.0,936.0,7.0,1814.0,528.0,304.0,720.0,262.0
3505500,49.31,50.69,2.02,96.27,3.7,0.03,60.94,6.6,0.61,31.82,0.03,100.0,5.5,15.86,31.92,27.79,7.97,4.38,4.55,15230.0,15657.0,625.0,29736.0,1144.0,8.0,18823.0,2039.0,188.0,9828.0,9.0,30888.0,1698.0,4899.0,9859.0,8585.0,2462.0,1354.0,1406.0,13886.0,5704.0,812.0,550.0,3327.0,15230.0,15657.0,29736.0,1144.0,8.0,3293.0,4503.0,7584.0,5519.0,3629.0,5524.0,835.0,30888.0,3972.0,2637.0,54.6,45.4,4.63,93.85,15.11,78.74,2.72,0.0,0.31,100.0,0.8,5.68,24.09,42.69,14.39,7.68,0.03,76.26,5.15,32581.0,27092.0,2765.0,56004.0,9016.0,46989.0,1625.0,0.0,182.0,59673.0,479.0,3391.0,14375.0,25474.0,8586.0,4585.0,17.0,45507.0,3071.0,11.54,8.06,25.91,1.29,41.56,0.34,0.61,8.23,0.0,0.0,0.25,0.15,0.09,0.43,97.16,2.84,0.0,8.82,10.35,2.35,60.06,9.89,0.95,29.09,0.0,100.0,42.84,35.23,0.1,0.0,5255.0,3673.0,11800.0,589.0,18927.0,155.0,277.0,3746.0,0.0,0.0,116.0,68.0,40.0,196.0,44249.0,1295.0,0.0,4019.0,4713.0,1070.0,27356.0,4506.0,431.0,13251.0,0.0,45544.0,19509.0,16044.0,45.0,0.0,55.16,44.84,4.86,8.71,10.31,2.41,60.41,9.81,0.89,28.89,0.0,100.0,43.07,34.62,0.3,0.19,0.91,5.83,24.08,42.96,13.83,7.54,0.0,26814.0,21799.0,2361.0,4235.0,5014.0,1170.0,29366.0,4771.0,431.0,14046.0,0.0,48613.0,20937.0,16830.0,144.0,93.0,443.0,2834.0,11704.0,20882.0,6724.0,3666.0,0.0,11.55,7.83,25.72,1.27,41.72,0.34,0.62,8.05,0.0,0.0,0.4,0.15,0.08,0.49,60.4,9.83,0.89,28.89,0.0,100.0,13.71,15.91,43.69,26.69,5618.0,3808.0,12515.0,620.0,20297.0,165.0,301.0,3915.0,0.0,0.0,194.0,75.0,40.0,237.0,29383.0,4781.0,431.0,14055.0,0.0,48650.0,6668.0,7742.0,21257.0,12983.0
3505609,50.92,49.08,0.26,88.45,11.44,0.0,44.81,8.54,0.14,46.23,0.3,100.0,7.28,19.29,41.42,25.41,4.34,1.37,0.63,4461.0,4300.0,23.0,7749.0,1002.0,0.0,3926.0,748.0,12.0,4050.0,26.0,8761.0,638.0,1690.0,3629.0,2226.0,380.0,120.0,55.0,4442.0,1690.0,210.0,50.0,670.0,4461.0,4300.0,7749.0,1002.0,0.0,831.0,1055.0,2092.0,1990.0,1231.0,1514.0,48.0,8761.0,753.0,945.0,57.61,42.39,1.35,57.89,9.71,48.17,40.13,0.0,0.72,100.0,1.61,8.02,31.86,41.4,11.88,3.88,0.0,81.89,6.42,9059.0,6665.0,212.0,9102.0,1527.0,7575.0,6310.0,0.0,113.0,15724.0,253.0,1261.0,5010.0,6510.0,1868.0,610.0,0.0,12876.0,1010.0,13.47,10.82,10.19,0.41,22.44,0.12,3.08,38.14,0.0,0.0,0.08,0.0,0.0,0.0,55.49,44.51,0.0,7.82,31.55,8.82,36.23,14.53,0.88,48.06,0.3,100.0,24.64,26.27,0.35,0.0,1734.0,1393.0,1312.0,53.0,2889.0,16.0,396.0,4911.0,0.0,0.0,10.0,0.0,0.0,0.0,7145.0,5731.0,0.0,1007.0,4062.0,1136.0,4665.0,1871.0,113.0,6188.0,39.0,12876.0,3173.0,3383.0,45.0,0.0,59.24,40.76,1.43,7.79,30.25,9.58,36.37,14.53,0.89,47.88,0.35,100.0,23.54,25.65,1.25,1.21,1.56,8.12,32.45,40.77,11.67,4.0,0.0,8225.0,5660.0,199.0,1081.0,4200.0,1330.0,5050.0,2017.0,123.0,6648.0,48.0,13885.0,3269.0,3561.0,173.0,168.0,217.0,1127.0,4505.0,5661.0,1621.0,556.0,0.0,12.92,10.33,9.69,0.38,24.31,0.12,3.2,37.29,0.0,0.0,0.22,0.0,0.0,0.0,36.37,14.53,0.89,47.88,0.35,100.0,26.84,18.7,39.16,15.3,1794.0,1435.0,1345.0,53.0,3375.0,16.0,445.0,5178.0,0.0,0.0,30.0,0.0,0.0,0.0,5050.0,2017.0,123.0,6648.0,48.0,13885.0,3727.0,2596.0,5437.0,2125.0
3505708,48.98,51.02,5.42,88.5,11.41,0.05,51.09,6.35,0.34,42.17,0.06,100.0,6.75,19.06,27.26,23.01,8.73,7.53,2.23,43749.0,45579.0,4840.0,79059.0,10189.0,45.0,45635.0,5670.0,300.0,37667.0,57.0,89328.0,6029.0,17027.0,24351.0,20556.0,7802.0,6729.0,1995.0,43148.0,15131.0,1820.0,352.0,10057.0,43749.0,45590.0,79071.0,10189.0,45.0,8115.0,10790.0,24098.0,16924.0,11254.0,17175.0,983.0,89340.0,10359.0,8472.0,54.66,45.34,11.33,71.13,16.24,54.89,24.41,0.03,0.93,100.0,1.22,8.02,22.85,32.51,12.81,11.24,0.02,77.15,2.15,80173.0,66491.0,16616.0,104318.0,23812.0,80505.0,35798.0,48.0,1371.0,146664.0,1786.0,11766.0,33512.0,47678.0,18783.0,16491.0,32.0,113151.0,3153.0,11.23,0.49,4.74,0.3,41.69,0.4,0.33,32.96,0.13,5.82,0.2,0.05,0.07,0.36,69.62,30.38,0.0,4.22,29.82,18.63,48.85,10.16,0.72,40.23,0.05,100.0,16.01,29.52,1.32,0.0,12707.0,552.0,5364.0,344.0,47175.0,455.0,379.0,37293.0,152.0,6588.0,227.0,51.0,76.0,409.0,78775.0,34376.0,0.0,4775.0,33744.0,21076.0,55273.0,11496.0,810.0,45521.0,51.0,113151.0,18121.0,33398.0,1495.0,0.0,55.73,44.27,10.07,4.18,29.68,18.86,49.05,10.08,0.73,40.09,0.06,100.0,15.81,29.36,1.39,0.1,1.17,8.51,24.04,33.37,12.78,10.04,0.02,64845.0,51507.0,11715.0,4869.0,34530.0,21946.0,57066.0,11724.0,846.0,46648.0,68.0,116352.0,18390.0,34160.0,1616.0,117.0,1364.0,9903.0,27971.0,38829.0,14866.0,11684.0,21.0,11.18,0.51,4.71,0.3,41.63,0.42,0.34,32.82,0.14,5.73,0.25,0.04,0.07,0.44,49.05,10.08,0.73,40.09,0.06,100.0,10.85,12.62,49.4,27.13,13013.0,589.0,5475.0,344.0,48436.0,493.0,401.0,38193.0,165.0,6670.0,287.0,51.0,76.0,511.0,57074.0,11724.0,846.0,46648.0,68.0,116360.0,12629.0,14681.0,57487.0,31563.0
3505807,49.54,50.48,0.69,87.46,12.54,0.0,48.89,1.32,8.56,41.21,0.0,100.0,4.85,20.0,44.17,22.82,4.48,2.82,0.18,2442.0,2488.0,34.0,4311.0,618.0,0.0,2410.0,65.0,422.0,2031.0,0.0,4929.0,239.0,986.0,2177.0,1125.0,221.0,139.0,9.0,2517.0,929.0,31.0,34.0,525.0,2442.0,2488.0,4311.0,618.0,0.0,438.0,459.0,1264.0,1148.0,792.0,773.0,56.0,4929.0,442.0,451.0,57.2,42.81,2.61,93.31,14.52,78.79,4.05,0.12,2.04,100.0,0.87,8.55,34.85,38.78,9.23,5.11,0.0,74.42,8.54,6207.0,4645.0,283.0,10125.0,1576.0,8550.0,440.0,13.0,221.0,10851.0,94.0,928.0,3782.0,4208.0,1002.0,554.0,0.0,8075.0,927.0,19.24,3.81,21.34,0.94,38.7,0.15,1.3,12.59,0.0,0.0,0.09,0.0,0.0,0.72,95.64,4.37,0.0,19.89,7.64,0.97,42.56,4.46,10.14,42.85,0.0,100.0,40.94,29.56,0.0,0.0,1554.0,308.0,1723.0,76.0,3125.0,12.0,105.0,1017.0,0.0,0.0,7.0,0.0,0.0,58.0,7723.0,353.0,0.0,1606.0,617.0,78.0,3437.0,360.0,819.0,3460.0,0.0,8075.0,3306.0,2387.0,0.0,0.0,57.71,42.29,2.77,19.4,8.44,1.08,42.86,4.27,9.92,42.96,0.0,100.0,39.9,29.52,0.1,0.52,0.96,8.25,35.2,38.51,9.22,5.1,0.0,5195.0,3807.0,249.0,1746.0,760.0,97.0,3858.0,384.0,893.0,3867.0,0.0,9002.0,3592.0,2657.0,9.0,47.0,86.0,743.0,3169.0,3467.0,830.0,459.0,0.0,19.97,3.63,21.34,0.84,37.68,0.13,1.23,12.71,0.0,0.0,0.27,0.0,0.11,0.94,42.86,4.27,9.92,42.96,0.0,100.0,21.62,17.96,42.51,17.92,1798.0,327.0,1921.0,76.0,3392.0,12.0,111.0,1144.0,0.0,0.0,24.0,0.0,10.0,85.0,3858.0,384.0,893.0,3867.0,0.0,9002.0,1946.0,1617.0,3827.0,1613.0
3505906,50.44,49.56,2.9,91.44,8.44,0.12,64.11,5.7,0.16,30.04,0.0,100.0,4.82,13.46,38.07,28.68,6.84,4.61,0.63,6598.0,6483.0,379.0,11960.0,1104.0,16.0,8385.0,745.0,21.0,3929.0,0.0,13080.0,630.0,1760.0,4980.0,3751.0,895.0,603.0,83.0,6447.0,2026.0,267.0,38.0,1799.0,6598.0,6483.0,11960.0,1104.0,16.0,1217.0,1589.0,3437.0,2772.0,1679.0,2235.0,152.0,13080.0,1225.0,1278.0,57.29,42.71,3.71,91.53,12.04,79.48,6.57,0.0,1.22,100.0,0.77,6.03,26.15,39.66,15.75,7.93,0.0,83.24,2.81,16766.0,12498.0,1086.0,26784.0,3524.0,23259.0,1922.0,0.0,357.0,29264.0,224.0,1765.0,7652.0,11605.0,4610.0,2321.0,0.0,24359.0,822.0,13.17,11.28,14.96,0.71,43.87,0.34,2.32,11.97,0.0,0.0,0.39,0.08,0.0,0.11,93.67,6.34,0.0,10.96,16.77,2.6,63.91,6.78,0.09,29.23,0.0,100.0,42.24,27.12,0.18,0.0,3207.0,2748.0,3645.0,172.0,10687.0,83.0,565.0,2916.0,0.0,0.0,94.0,20.0,0.0,28.0,22816.0,1544.0,0.0,2670.0,4085.0,633.0,15568.0,1652.0,21.0,7119.0,0.0,24359.0,10290.0,6606.0,44.0,0.0,58.95,41.05,3.21,10.77,16.97,2.95,64.04,6.72,0.08,29.16,0.0,100.0,41.56,26.76,0.49,0.3,0.68,6.29,26.68,39.72,15.36,8.06,0.0,14845.0,10337.0,809.0,2711.0,4274.0,744.0,16127.0,1691.0,21.0,7344.0,0.0,25181.0,10466.0,6738.0,123.0,75.0,171.0,1583.0,6718.0,10001.0,3869.0,2030.0,0.0,12.95,11.11,14.82,0.68,44.15,0.33,2.24,11.91,0.0,0.0,0.56,0.08,0.0,0.18,64.04,6.72,0.08,29.16,0.0,100.0,22.99,18.22,37.93,20.86,3261.0,2797.0,3732.0,172.0,11117.0,83.0,565.0,2998.0,0.0,0.0,141.0,20.0,0.0,45.0,16127.0,1691.0,21.0,7344.0,0.0,25181.0,5789.0,4588.0,9552.0,5252.0
3506003,49.13,50.87,4.39,96.4,3.43,0.12,64.75,5.84,0.86,28.42,0.12,100.0,5.14,15.08,29.26,27.82,9.77,6.02,2.52,46959.0,48628.0,4198.0,92149.0,3279.0,119.0,61892.0,5583.0,821.0,27169.0,112.0,95586.0,4915.0,14412.0,27966.0,26590.0,9334.0,5759.0,2412.0,42636.0,17774.0,3430.0,359.0,14746.0,46959.0,48628.0,92149.0,3279.0,119.0,11013.0,15889.0,23373.0,17314.0,11948.0,14752.0,1299.0,95586.0,9046.0,7596.0,53.39,46.61,7.15,94.22,12.56,81.67,3.34,0.01,0.9,100.0,1.06,5.78,22.91,38.23,14.76,10.09,0.01,82.64,2.32,101678.0,88761.0,13612.0,179441.0,23917.0,155524.0,6369.0,28.0,1708.0,190439.0,2019.0,11002.0,43637.0,72809.0,28113.0,19222.0,26.0,157377.0,4423.0,9.32,1.44,11.58,0.6,52.79,0.57,0.37,21.33,0.01,0.0,0.2,0.02,0.01,0.3,96.9,3.1,0.0,7.52,18.01,4.09,62.16,8.44,1.27,27.99,0.14,100.0,31.12,38.43,0.03,0.02,14681.0,2267.0,18241.0,945.0,83150.0,898.0,585.0,33601.0,10.0,0.0,315.0,39.0,12.0,475.0,152635.0,4885.0,0.0,11841.0,28368.0,6448.0,97907.0,13293.0,2008.0,44089.0,223.0,157520.0,49013.0,60532.0,41.0,24.0,54.08,45.92,6.68,7.42,17.97,4.3,62.11,8.46,1.29,28.0,0.14,100.0,30.73,38.03,0.29,0.25,0.93,5.83,23.58,38.85,14.51,9.61,0.01,87562.0,74360.0,10812.0,12018.0,29097.0,6964.0,100563.0,13702.0,2091.0,45342.0,223.0,161921.0,49760.0,61582.0,476.0,397.0,1499.0,9444.0,38189.0,62903.0,23492.0,15566.0,16.0,9.27,1.45,11.47,0.61,52.68,0.56,0.37,21.22,0.01,0.0,0.23,0.04,0.01,0.37,62.1,8.47,1.29,28.01,0.14,100.0,12.94,15.09,44.2,27.77,15018.0,2353.0,18583.0,981.0,85383.0,906.0,599.0,34389.0,21.0,0.0,376.0,59.0,12.0,592.0,100657.0,13721.0,2091.0,45392.0,223.0,162084.0,20973.0,24459.0,71634.0,45018.0
3506102,49.91,50.09,1.64,96.53,3.47,0.0,66.09,5.19,0.08,28.63,0.0,100.0,5.56,18.18,32.85,28.1,7.17,4.22,2.29,9458.0,9491.0,310.0,18291.0,658.0,0.0,12524.0,983.0,16.0,5426.0,0.0,18949.0,1053.0,3445.0,6224.0,5324.0,1359.0,800.0,434.0,8847.0,3336.0,594.0,261.0,1872.0,9458.0,9491.0,18291.0,658.0,0.0,1756.0,2711.0,4320.0,3590.0,2587.0,3660.0,325.0,18949.0,2263.0,1775.0,56.15,43.85,3.37,93.52,11.21,82.31,3.24,0.0,1.08,100.0,1.03,6.66,24.97,43.02,13.0,7.92,0.03,81.62,3.9,21186.0,16543.0,1272.0,35285.0,4229.0,31056.0,1222.0,0.0,406.0,37729.0,390.0,2511.0,9422.0,16231.0,4906.0,2987.0,10.0,30796.0,1471.0,11.4,6.25,26.76,1.32,42.38,0.13,1.69,7.55,0.0,0.0,0.58,0.03,0.0,0.44,97.19,2.81,0.0,11.32,16.5,1.8,63.76,6.8,0.08,29.3,0.07,100.0,43.14,26.67,0.07,0.0,3517.0,1929.0,8258.0,408.0,13078.0,41.0,522.0,2330.0,0.0,0.0,179.0,8.0,0.0,135.0,29994.0,866.0,0.0,3492.0,5092.0,554.0,19676.0,2097.0,24.0,9041.0,21.0,30860.0,13314.0,8231.0,22.0,0.0,56.35,43.65,3.05,11.3,16.53,2.04,64.2,6.73,0.1,28.91,0.07,100.0,42.56,26.58,0.26,0.06,1.01,6.33,24.65,44.21,13.04,7.66,0.03,18189.0,14088.0,985.0,3648.0,5335.0,658.0,20721.0,2173.0,32.0,9331.0,21.0,32278.0,13738.0,8578.0,84.0,18.0,327.0,2044.0,7958.0,14271.0,4208.0,2474.0,10.0,11.23,6.19,26.36,1.32,42.48,0.15,1.67,7.69,0.0,0.0,0.76,0.02,0.0,0.48,64.27,6.72,0.1,28.85,0.06,100.0,15.82,16.51,39.8,27.86,3631.0,2001.0,8525.0,426.0,13739.0,49.0,540.0,2487.0,0.0,0.0,245.0,8.0,0.0,154.0,20784.0,2173.0,32.0,9331.0,21.0,32341.0,5117.0,5340.0,12873.0,9011.0
3506201,49.51,50.49,0.16,78.5,21.34,0.0,45.93,4.72,0.0,49.19,0.0,100.0,12.38,17.75,35.99,21.5,7.98,2.61,1.3,304.0,310.0,1.0,482.0,131.0,0.0,282.0,29.0,0.0,302.0,0.0,614.0,76.0,109.0,221.0,132.0,49.0,16.0,8.0,280.0,69.0,0.0,0.0,99.0,304.0,310.0,482.0,131.0,0.0,71.0,28.0,181.0,131.0,76.0,127.0,0.0,614.0,68.0,97.0,60.89,39.11,1.66,68.19,5.63,62.63,31.32,0.0,0.0,100.0,1.66,7.04,30.07,40.6,11.68,7.21,0.0,91.38,2.57,735.0,472.0,20.0,823.0,68.0,756.0,378.0,0.0,0.0,1207.0,20.0,85.0,363.0,490.0,141.0,87.0,0.0,1103.0,31.0,31.55,2.18,3.99,0.27,25.75,0.0,2.81,30.64,0.0,0.0,0.73,0.0,0.0,2.09,68.27,31.64,0.0,14.87,17.5,7.25,40.34,11.06,0.73,47.78,0.0,100.0,34.54,25.75,0.0,0.0,348.0,24.0,44.0,3.0,284.0,0.0,31.0,338.0,0.0,0.0,8.0,0.0,0.0,23.0,753.0,349.0,0.0,164.0,193.0,80.0,445.0,122.0,8.0,527.0,0.0,1103.0,381.0,284.0,0.0,0.0,62.43,37.48,1.76,14.64,17.81,7.41,39.68,11.2,0.71,48.41,0.0,100.0,33.6,25.31,0.88,0.26,1.76,7.5,30.6,40.04,11.82,6.44,0.0,708.0,425.0,20.0,166.0,202.0,84.0,450.0,127.0,8.0,549.0,0.0,1134.0,381.0,287.0,10.0,3.0,20.0,85.0,347.0,454.0,134.0,73.0,0.0,31.22,2.12,3.88,0.26,25.84,0.0,3.0,30.42,0.0,0.0,0.97,0.0,0.0,2.2,39.68,11.2,0.71,48.41,0.0,100.0,26.01,12.96,46.74,14.29,354.0,24.0,44.0,3.0,293.0,0.0,34.0,345.0,0.0,0.0,11.0,0.0,0.0,25.0,450.0,127.0,8.0,549.0,0.0,1134.0,295.0,147.0,530.0,162.0
3506300,48.61,51.39,0.99,90.74,9.26,0.0,76.84,3.12,0.0,20.04,0.0,100.0,7.39,27.85,35.43,21.41,4.84,0.88,1.22,1276.0,1349.0,26.0,2382.0,243.0,0.0,2017.0,82.0,0.0,526.0,0.0,2625.0,194.0,731.0,930.0,562.0,127.0,23.0,32.0,1236.0,584.0,9.0,18.0,220.0,1276.0,1349.0,2382.0,243.0,0.0,266.0,365.0,595.0,550.0,330.0,472.0,47.0,2625.0,294.0,264.0,58.94,41.06,3.74,89.95,22.85,67.1,7.64,0.0,1.03,100.0,1.42,10.64,31.82,36.62,11.01,4.75,0.0,71.96,2.8,2693.0,1876.0,171.0,4110.0,1044.0,3066.0,349.0,0.0,47.0,4569.0,65.0,486.0,1454.0,1673.0,503.0,217.0,0.0,3288.0,128.0,36.37,8.0,7.79,0.15,41.27,0.0,1.82,1.73,0.0,0.0,1.19,0.0,0.0,0.43,91.48,8.52,0.0,15.12,9.18,5.99,73.42,5.63,0.33,20.62,0.0,100.0,38.93,30.57,0.0,0.0,1196.0,263.0,256.0,5.0,1357.0,0.0,60.0,57.0,0.0,0.0,39.0,0.0,0.0,14.0,3008.0,280.0,0.0,497.0,302.0,197.0,2414.0,185.0,11.0,678.0,0.0,3288.0,1280.0,1005.0,0.0,0.0,59.24,40.76,3.07,14.99,9.66,5.94,73.79,5.42,0.32,20.47,0.0,100.0,38.07,30.81,0.35,0.0,1.43,10.6,31.13,37.19,11.63,4.98,0.0,2023.0,1392.0,105.0,512.0,330.0,203.0,2520.0,185.0,11.0,699.0,0.0,3415.0,1300.0,1052.0,12.0,0.0,49.0,362.0,1063.0,1270.0,397.0,170.0,0.0,35.84,7.82,7.82,0.15,41.41,0.0,1.76,1.96,0.0,0.0,1.43,0.0,0.0,0.41,73.79,5.42,0.32,20.47,0.0,100.0,17.83,17.92,45.1,19.15,1224.0,267.0,267.0,5.0,1414.0,0.0,60.0,67.0,0.0,0.0,49.0,0.0,0.0,14.0,2520.0,185.0,11.0,699.0,0.0,3415.0,609.0,612.0,1540.0,654.0
3506359,49.79,50.21,1.17,93.43,6.42,0.06,41.84,8.88,0.26,48.36,0.66,100.0,9.04,27.25,35.56,17.43,4.85,2.68,2.01,8239.0,8308.0,193.0,15460.0,1063.0,10.0,6923.0,1470.0,43.0,8002.0,110.0,16548.0,1496.0,4510.0,5884.0,2884.0,802.0,444.0,333.0,8538.0,2678.0,99.0,121.0,1315.0,8239.0,8308.0,15460.0,1063.0,10.0,1177.0,1568.0,4616.0,3586.0,2229.0,3268.0,104.0,16548.0,1720.0,2077.0,55.52,44.48,3.68,93.16,15.12,78.05,4.2,0.06,0.36,100.0,2.12,12.49,32.0,33.01,10.5,5.98,0.22,79.56,2.75,17131.0,13723.0,1134.0,28746.0,4664.0,24082.0,1296.0,19.0,112.0,30855.0,655.0,3855.0,9875.0,10184.0,3240.0,1845.0,68.0,24547.0,850.0,12.59,26.54,7.25,0.52,29.36,0.06,0.14,20.19,0.0,0.0,0.17,0.0,0.08,0.37,95.71,4.29,0.0,7.54,21.15,5.91,36.81,12.94,0.49,49.55,0.21,100.0,23.23,40.74,0.36,0.0,3094.0,6521.0,1780.0,127.0,7214.0,14.0,35.0,4961.0,0.0,0.0,42.0,0.0,19.0,90.0,23515.0,1053.0,0.0,1853.0,5196.0,1451.0,9044.0,3180.0,121.0,12173.0,51.0,24568.0,5708.0,10009.0,88.0,0.0,56.12,43.88,2.65,7.38,21.2,6.25,36.73,12.84,0.48,49.68,0.26,100.0,22.93,40.36,0.54,0.18,1.96,13.03,33.54,33.85,9.34,5.54,0.09,14252.0,11145.0,673.0,1874.0,5383.0,1587.0,9329.0,3261.0,121.0,12618.0,67.0,25397.0,5824.0,10249.0,137.0,45.0,498.0,3309.0,8519.0,8597.0,2373.0,1406.0,23.0,12.75,26.3,7.11,0.5,29.39,0.06,0.14,19.98,0.0,0.0,0.21,0.0,0.07,0.62,36.78,12.83,0.48,49.64,0.26,100.0,26.65,19.01,42.38,11.96,3240.0,6684.0,1807.0,127.0,7470.0,14.0,35.0,5079.0,0.0,0.0,53.0,0.0,19.0,157.0,9350.0,3261.0,121.0,12618.0,67.0,25418.0,6775.0,4831.0,10772.0,3039.0
3506409,49.28,50.78,0.0,79.61,19.7,0.38,59.97,4.69,0.38,34.96,0.0,100.0,6.0,20.7,35.58,23.95,7.07,6.0,0.75,788.0,812.0,0.0,1273.0,315.0,6.0,959.0,75.0,6.0,559.0,0.0,1599.0,96.0,331.0,569.0,383.0,113.0,96.0,12.0,859.0,268.0,23.0,6.0,183.0,788.0,812.0,1273.0,315.0,6.0,198.0,154.0,511.0,300.0,196.0,217.0,24.0,1599.0,119.0,141.0,56.71,43.26,1.84,78.2,11.28,66.93,17.54,0.14,3.34,100.0,1.17,6.85,24.78,43.79,12.97,8.6,0.0,82.93,1.7,2037.0,1554.0,66.0,2809.0,405.0,2404.0,630.0,5.0,120.0,3592.0,42.0,246.0,890.0,1573.0,466.0,309.0,0.0,2979.0,61.0,24.86,13.1,15.34,1.64,37.79,0.0,0.37,4.99,0.0,0.0,0.17,0.0,0.0,0.17,80.54,19.46,0.0,23.62,8.11,1.01,61.54,5.8,0.67,31.86,0.13,100.0,38.46,28.07,0.0,0.0,742.0,391.0,458.0,49.0,1128.0,0.0,11.0,149.0,0.0,0.0,5.0,0.0,0.0,5.0,2404.0,581.0,0.0,705.0,242.0,30.0,1837.0,173.0,20.0,951.0,4.0,2985.0,1148.0,838.0,0.0,0.0,56.48,43.52,1.58,23.19,8.36,1.09,61.48,5.89,0.66,31.81,0.13,100.0,37.99,27.96,0.2,0.36,1.05,7.5,25.59,43.19,12.93,8.16,0.0,1717.0,1323.0,48.0,705.0,254.0,33.0,1869.0,179.0,20.0,967.0,4.0,3040.0,1155.0,850.0,6.0,11.0,32.0,228.0,778.0,1313.0,393.0,248.0,0.0,24.36,12.84,15.04,1.61,38.64,0.0,0.36,4.89,0.0,0.0,0.39,0.0,0.0,0.16,61.56,5.88,0.66,31.75,0.13,100.0,18.45,19.5,43.14,18.91,742.0,391.0,458.0,49.0,1177.0,0.0,11.0,149.0,0.0,0.0,12.0,0.0,0.0,5.0,1875.0,179.0,20.0,967.0,4.0,3046.0,562.0,594.0,1314.0,576.0
3506508,50.38,49.62,1.57,90.27,9.55,0.11,62.22,3.81,0.77,33.21,0.0,100.0,5.75,16.82,35.61,27.74,6.82,3.44,2.25,14007.0,13798.0,437.0,25100.0,2655.0,31.0,17299.0,1058.0,215.0,9233.0,0.0,27805.0,1599.0,4677.0,9901.0,7712.0,1895.0,957.0,627.0,13465.0,4991.0,726.0,198.0,2766.0,14007.0,13798.0,25100.0,2655.0,31.0,2431.0,3125.0,7333.0,5568.0,4037.0,4947.0,364.0,27805.0,2922.0,2736.0,54.29,45.71,3.57,92.19,13.84,78.35,6.16,0.05,0.76,100.0,1.01,6.35,26.5,43.72,12.63,6.21,0.02,81.29,3.26,33126.0,27891.0,2177.0,56249.0,8445.0,47805.0,3759.0,29.0,464.0,61017.0,616.0,3872.0,16169.0,26677.0,7706.0,3789.0,10.0,49601.0,1992.0,10.43,9.56,40.1,0.81,35.15,0.3,0.2,1.42,0.0,0.0,0.14,0.02,0.0,0.31,93.41,6.59,0.0,13.21,5.96,1.45,62.0,5.37,0.85,31.7,0.08,100.0,46.67,32.13,0.06,0.02,5181.0,4747.0,19909.0,404.0,17455.0,150.0,100.0,705.0,0.0,0.0,69.0,10.0,0.0,154.0,46379.0,3273.0,0.0,6561.0,2959.0,719.0,30784.0,2666.0,424.0,15739.0,40.0,49652.0,23172.0,15951.0,30.0,11.0,55.69,44.31,3.25,13.01,6.02,1.61,61.71,5.59,0.86,31.77,0.08,100.0,46.0,32.2,0.17,0.42,0.94,6.15,26.71,44.1,12.76,6.09,0.0,28731.0,22862.0,1677.0,6711.0,3108.0,829.0,31837.0,2883.0,443.0,16390.0,40.0,51594.0,23734.0,16611.0,90.0,217.0,483.0,3174.0,13783.0,22755.0,6582.0,3140.0,0.0,10.28,9.61,39.79,0.78,35.15,0.31,0.19,1.57,0.0,0.0,0.27,0.02,0.0,0.42,61.73,5.58,0.86,31.76,0.08,100.0,16.23,17.6,43.58,22.59,5310.0,4963.0,20551.0,404.0,18154.0,162.0,100.0,811.0,0.0,0.0,141.0,10.0,0.0,215.0,31878.0,2883.0,443.0,16401.0,40.0,51644.0,8383.0,9091.0,22506.0,11664.0
3506607,49.87,50.13,0.32,82.12,17.79,0.09,60.31,4.41,3.68,31.6,0.0,100.0,7.5,23.28,35.53,27.31,2.48,1.31,2.28,3781.0,3801.0,24.0,6226.0,1349.0,7.0,4573.0,334.0,279.0,2396.0,0.0,7582.0,569.0,1765.0,2694.0,2071.0,188.0,99.0,173.0,3920.0,1860.0,101.0,33.0,608.0,3789.0,3801.0,6234.0,1349.0,7.0,646.0,1269.0,1997.0,1604.0,1136.0,862.0,77.0,7590.0,419.0,650.0,58.94,41.07,0.47,68.3,16.44,51.86,28.78,0.0,1.72,100.0,1.58,11.54,35.88,38.25,8.72,3.57,0.0,77.74,2.91,7848.0,5468.0,62.0,9094.0,2189.0,6905.0,3832.0,0.0,229.0,13315.0,211.0,1536.0,4777.0,5093.0,1161.0,476.0,0.0,10351.0,387.0,26.05,3.87,7.25,0.35,30.43,0.0,1.95,24.6,0.61,1.67,0.88,0.0,0.0,0.57,65.21,34.78,0.0,9.09,27.16,11.07,60.08,7.81,2.72,29.27,0.13,100.0,20.13,29.36,2.67,0.0,2703.0,402.0,752.0,36.0,3157.0,0.0,202.0,2552.0,63.0,173.0,91.0,0.0,0.0,59.0,6766.0,3608.0,0.0,943.0,2818.0,1149.0,6233.0,810.0,282.0,3037.0,13.0,10375.0,2089.0,3046.0,277.0,0.0,60.07,39.92,0.43,8.88,27.35,11.36,59.74,7.64,2.63,29.74,0.25,100.0,19.62,28.71,3.29,0.29,1.33,10.73,36.0,39.89,8.34,3.28,0.0,6450.0,4287.0,46.0,954.0,2937.0,1220.0,6415.0,820.0,282.0,3193.0,27.0,10738.0,2107.0,3083.0,353.0,31.0,143.0,1152.0,3866.0,4283.0,896.0,352.0,0.0,25.38,3.88,7.25,0.33,30.68,0.0,2.07,24.77,0.59,1.79,0.99,0.0,0.0,0.55,59.72,7.69,2.62,29.72,0.25,100.0,21.87,17.35,46.83,13.96,2731.0,418.0,780.0,36.0,3301.0,0.0,223.0,2666.0,63.0,193.0,107.0,0.0,0.0,59.0,6427.0,827.0,282.0,3198.0,27.0,10761.0,2353.0,1867.0,5039.0,1502.0
3506706,50.2,49.8,0.13,88.84,11.13,0.0,58.77,5.35,0.0,35.85,0.0,100.0,5.16,21.94,44.14,23.1,3.53,0.91,1.03,1606.0,1593.0,4.0,2842.0,356.0,0.0,1880.0,171.0,0.0,1147.0,0.0,3199.0,165.0,702.0,1412.0,739.0,113.0,29.0,33.0,1670.0,540.0,8.0,9.0,351.0,1606.0,1593.0,2842.0,356.0,0.0,228.0,272.0,865.0,736.0,511.0,570.0,16.0,3199.0,382.0,239.0,59.12,40.88,0.71,75.97,15.44,60.53,21.59,0.0,0.82,100.0,0.74,8.88,35.8,40.69,9.57,3.6,0.0,78.7,3.33,3516.0,2431.0,42.0,4518.0,918.0,3600.0,1284.0,0.0,49.0,5947.0,44.0,528.0,2129.0,2420.0,569.0,214.0,0.0,4680.0,198.0,24.81,5.32,5.26,0.11,31.65,0.0,1.62,27.91,0.0,0.0,1.99,0.13,0.0,0.21,76.05,23.97,0.0,14.76,18.91,3.85,53.06,8.1,0.0,38.85,0.0,100.0,28.61,33.55,0.19,0.0,1161.0,249.0,246.0,5.0,1481.0,0.0,76.0,1306.0,0.0,0.0,93.0,6.0,0.0,10.0,3559.0,1122.0,0.0,691.0,885.0,180.0,2483.0,379.0,0.0,1818.0,0.0,4680.0,1339.0,1570.0,9.0,0.0,60.77,39.23,0.63,14.15,18.96,4.77,53.46,8.19,0.0,38.35,0.0,100.0,27.74,32.56,1.09,0.31,0.47,7.72,37.43,41.65,8.99,3.09,0.0,2968.0,1916.0,31.0,691.0,926.0,233.0,2611.0,400.0,0.0,1873.0,0.0,4884.0,1355.0,1590.0,53.0,15.0,23.0,377.0,1828.0,2034.0,439.0,151.0,0.0,23.77,5.1,5.26,0.1,32.41,0.0,1.7,27.56,0.0,0.0,2.33,0.12,0.0,0.33,53.46,8.19,0.0,38.35,0.0,100.0,26.8,21.56,38.92,12.71,1161.0,249.0,257.0,5.0,1583.0,0.0,83.0,1346.0,0.0,0.0,114.0,6.0,0.0,16.0,2611.0,400.0,0.0,1873.0,0.0,4884.0,1309.0,1053.0,1901.0,621.0
3506805,49.8,50.2,0.22,85.99,14.01,0.0,66.97,2.62,0.11,29.94,0.4,100.0,8.22,13.06,39.32,30.81,4.29,4.07,0.0,1369.0,1380.0,6.0,2364.0,385.0,0.0,1841.0,72.0,3.0,823.0,11.0,2749.0,226.0,359.0,1081.0,847.0,118.0,112.0,0.0,1428.0,512.0,36.0,33.0,295.0,1369.0,1380.0,2364.0,385.0,0.0,240.0,377.0,749.0,572.0,376.0,414.0,21.0,2749.0,127.0,319.0,55.32,44.7,1.29,90.41,38.56,51.85,8.75,0.0,0.76,100.0,0.87,5.24,29.71,46.13,10.59,6.19,0.0,59.28,1.32,3432.0,2773.0,80.0,5609.0,2392.0,3217.0,543.0,0.0,47.0,6204.0,54.0,325.0,1843.0,2862.0,657.0,384.0,0.0,3678.0,82.0,23.79,4.38,11.15,0.27,40.4,0.19,2.53,15.74,0.0,0.0,0.63,0.0,0.0,0.27,86.41,13.62,0.0,19.74,8.51,6.99,62.78,4.57,0.08,32.46,0.11,100.0,35.05,29.2,0.49,0.0,875.0,161.0,410.0,10.0,1486.0,7.0,93.0,579.0,0.0,0.0,23.0,0.0,0.0,10.0,3178.0,501.0,0.0,726.0,313.0,257.0,2309.0,168.0,3.0,1194.0,4.0,3678.0,1289.0,1074.0,18.0,0.0,60.21,39.79,1.3,19.49,8.94,6.97,62.93,4.47,0.08,32.39,0.11,100.0,34.92,28.88,0.74,0.0,0.24,3.72,27.15,47.95,12.21,7.37,0.0,2264.0,1496.0,49.0,733.0,336.0,262.0,2366.0,168.0,3.0,1218.0,4.0,3760.0,1313.0,1086.0,28.0,0.0,9.0,140.0,1021.0,1803.0,459.0,277.0,0.0,23.8,4.28,11.17,0.27,40.4,0.19,2.47,15.51,0.0,0.0,0.77,0.0,0.0,0.27,62.93,4.47,0.08,32.39,0.11,100.0,25.51,14.18,40.05,20.24,895.0,161.0,420.0,10.0,1519.0,7.0,93.0,583.0,0.0,0.0,29.0,0.0,0.0,10.0,2366.0,168.0,3.0,1218.0,4.0,3760.0,959.0,533.0,1506.0,761.0
3506904,50.5,49.5,0.68,87.93,12.07,0.0,66.59,3.71,0.0,29.66,0.0,100.0,8.91,20.75,38.34,23.69,5.65,1.27,0.81,1117.0,1095.0,15.0,1945.0,267.0,0.0,1473.0,82.0,0.0,656.0,0.0,2212.0,197.0,459.0,848.0,524.0,125.0,28.0,18.0,1291.0,360.0,12.0,4.0,218.0,1117.0,1095.0,1945.0,267.0,0.0,168.0,144.0,679.0,536.0,383.0,291.0,11.0,2212.0,135.0,192.0,59.67,40.31,2.42,87.45,16.09,71.36,11.67,0.0,0.09,100.0,1.47,8.93,35.2,36.49,10.2,5.33,0.0,81.17,1.85,2767.0,1869.0,112.0,4055.0,746.0,3309.0,541.0,0.0,4.0,4637.0,68.0,414.0,1632.0,1692.0,473.0,247.0,0.0,3764.0,86.0,31.96,0.45,6.14,0.64,36.88,0.0,4.38,18.38,0.0,0.0,0.16,0.16,0.0,0.16,87.22,12.78,0.0,17.32,19.53,5.02,63.04,4.86,0.0,31.75,0.32,100.0,25.85,31.16,0.4,0.0,1203.0,17.0,231.0,24.0,1388.0,0.0,165.0,692.0,0.0,0.0,6.0,6.0,0.0,6.0,3283.0,481.0,0.0,652.0,735.0,189.0,2373.0,183.0,0.0,1195.0,12.0,3764.0,973.0,1173.0,15.0,0.0,60.31,39.69,1.04,16.94,19.74,5.43,63.61,4.88,0.0,31.19,0.31,100.0,25.56,30.73,0.62,0.29,1.35,8.08,36.21,37.43,10.7,5.22,0.0,2322.0,1528.0,40.0,652.0,760.0,209.0,2449.0,188.0,0.0,1201.0,12.0,3850.0,984.0,1183.0,24.0,11.0,52.0,311.0,1394.0,1441.0,412.0,201.0,0.0,31.53,0.44,6.13,0.62,37.09,0.0,4.29,18.49,0.0,0.0,0.26,0.16,0.0,0.29,63.61,4.88,0.0,31.19,0.31,100.0,29.48,18.18,40.36,11.97,1214.0,17.0,236.0,24.0,1428.0,0.0,165.0,712.0,0.0,0.0,10.0,6.0,0.0,11.0,2449.0,188.0,0.0,1201.0,12.0,3850.0,1135.0,700.0,1554.0,461.0
3507001,50.96,49.04,3.1,89.89,9.85,0.05,67.14,3.54,0.67,28.65,0.0,100.0,6.5,18.04,29.73,25.65,9.64,4.19,3.15,7967.0,7668.0,485.0,14055.0,1540.0,8.0,10497.0,554.0,104.0,4479.0,0.0,15635.0,1016.0,2821.0,4648.0,4010.0,1507.0,655.0,493.0,7589.0,2735.0,304.0,73.0,1804.0,7967.0,7668.0,14055.0,1540.0,8.0,1592.0,1777.0,4138.0,3187.0,2082.0,2754.0,106.0,15635.0,1549.0,1582.0,57.35,42.65,5.82,89.36,12.63,76.74,8.51,0.0,0.82,100.0,1.02,6.94,23.21,40.01,14.63,8.36,0.0,81.94,3.26,15302.0,11382.0,1552.0,23845.0,3369.0,20476.0,2271.0,0.0,218.0,26684.0,271.0,1853.0,6194.0,10677.0,3905.0,2231.0,0.0,21864.0,869.0,19.27,5.37,9.61,0.75,51.71,0.55,0.8,9.73,0.0,0.0,0.39,0.0,0.0,0.25,91.1,8.9,0.0,10.4,11.74,4.53,62.4,6.53,0.7,30.19,0.19,100.0,35.48,37.18,0.15,0.05,4213.0,1174.0,2102.0,164.0,11306.0,120.0,176.0,2127.0,0.0,0.0,85.0,0.0,0.0,55.0,19919.0,1946.0,0.0,2274.0,2566.0,991.0,13643.0,1427.0,152.0,6601.0,42.0,21864.0,7757.0,8128.0,32.0,12.0,59.13,40.87,5.51,10.05,11.8,5.82,62.23,6.44,0.7,30.44,0.18,100.0,34.53,36.4,0.56,0.23,1.04,6.77,24.56,40.66,13.89,7.58,0.0,13451.0,9296.0,1253.0,2285.0,2685.0,1323.0,14156.0,1465.0,160.0,6925.0,42.0,22747.0,7855.0,8281.0,127.0,53.0,236.0,1539.0,5586.0,9248.0,3160.0,1725.0,0.0,18.76,5.35,9.41,0.72,51.54,0.56,0.77,9.78,0.0,0.0,0.56,0.0,0.0,0.34,62.23,6.44,0.7,30.44,0.18,100.0,16.01,13.7,46.11,24.19,4268.0,1218.0,2140.0,164.0,11723.0,128.0,176.0,2225.0,0.0,0.0,128.0,0.0,0.0,78.0,14156.0,1465.0,160.0,6925.0,42.0,22747.0,3641.0,3116.0,10488.0,5502.0
3507100,47.91,52.09,1.22,81.46,18.52,0.0,57.66,5.14,0.0,37.19,0.0,100.0,5.18,20.98,37.86,23.7,6.34,3.98,0.71,2432.0,2644.0,62.0,4135.0,940.0,0.0,2927.0,261.0,0.0,1888.0,0.0,5076.0,263.0,1065.0,1922.0,1203.0,322.0,202.0,36.0,2776.0,878.0,22.0,0.0,547.0,2432.0,2644.0,4135.0,940.0,0.0,317.0,413.0,1419.0,1197.0,898.0,786.0,46.0,5076.0,406.0,447.0,57.86,42.15,1.35,70.55,19.54,51.01,26.16,0.0,1.04,100.0,1.06,7.62,28.28,41.54,11.39,8.77,0.0,74.22,2.95,6719.0,4895.0,157.0,8193.0,2269.0,5924.0,3038.0,0.0,121.0,11613.0,123.0,885.0,3284.0,4824.0,1323.0,1018.0,0.0,8619.0,343.0,23.8,3.78,11.07,0.56,47.48,0.15,1.49,10.29,0.0,0.15,0.0,0.0,0.0,0.71,66.33,33.67,0.0,11.15,14.44,2.78,52.99,9.01,0.75,37.25,0.0,100.0,33.91,37.06,0.24,0.0,2051.0,326.0,954.0,48.0,4092.0,13.0,128.0,887.0,0.0,13.0,0.0,0.0,0.0,61.0,5717.0,2902.0,0.0,961.0,1245.0,240.0,4567.0,777.0,65.0,3211.0,0.0,8619.0,2923.0,3194.0,21.0,0.0,60.38,39.63,1.5,11.14,14.44,3.33,53.39,8.67,0.73,37.21,0.0,100.0,33.01,36.79,0.5,0.12,0.68,7.0,27.34,43.84,9.99,9.66,0.0,5411.0,3552.0,134.0,998.0,1294.0,298.0,4785.0,777.0,65.0,3335.0,0.0,8962.0,2958.0,3297.0,45.0,11.0,61.0,627.0,2450.0,3929.0,895.0,866.0,0.0,23.28,3.78,11.01,0.54,47.15,0.15,1.43,10.48,0.0,0.15,0.12,0.0,0.0,1.12,53.39,8.67,0.73,37.21,0.0,100.0,20.4,17.62,46.69,15.3,2086.0,339.0,987.0,48.0,4226.0,13.0,128.0,939.0,0.0,13.0,11.0,0.0,0.0,100.0,4785.0,777.0,65.0,3335.0,0.0,8962.0,1828.0,1579.0,4184.0,1371.0
3507159,50.54,49.46,0.0,95.43,4.57,0.0,61.96,6.85,0.0,31.2,0.0,100.0,15.0,30.22,43.7,7.83,2.28,0.43,0.43,465.0,455.0,0.0,878.0,42.0,0.0,570.0,63.0,0.0,287.0,0.0,920.0,138.0,278.0,402.0,72.0,21.0,4.0,4.0,509.0,163.0,5.0,4.0,42.0,465.0,455.0,878.0,42.0,0.0,69.0,21.0,276.0,223.0,157.0,174.0,0.0,920.0,68.0,129.0,64.9,35.1,2.32,94.58,12.74,81.84,5.42,0.0,0.0,100.0,1.89,13.83,45.83,28.58,5.73,1.89,0.0,85.01,2.25,1065.0,576.0,38.0,1552.0,209.0,1343.0,89.0,0.0,0.0,1641.0,31.0,227.0,752.0,469.0,94.0,31.0,0.0,1395.0,37.0,35.96,0.72,8.67,0.21,28.58,0.0,1.58,20.63,0.0,0.0,3.01,0.0,0.0,0.29,95.42,4.58,0.0,18.7,14.18,13.61,65.33,6.02,0.07,28.65,0.0,100.0,29.94,22.42,0.86,0.0,502.0,10.0,121.0,3.0,399.0,0.0,22.0,288.0,0.0,0.0,42.0,0.0,0.0,4.0,1332.0,64.0,0.0,261.0,198.0,190.0,912.0,84.0,1.0,400.0,0.0,1396.0,418.0,313.0,12.0,0.0,66.09,33.85,1.54,18.14,14.93,13.96,65.46,6.35,0.0,28.12,0.0,100.0,29.17,21.84,1.4,0.21,1.67,13.96,48.08,28.12,4.95,1.54,0.0,947.0,485.0,22.0,260.0,214.0,200.0,938.0,91.0,0.0,403.0,0.0,1433.0,418.0,313.0,20.0,3.0,24.0,200.0,689.0,403.0,71.0,22.0,0.0,35.01,0.7,8.44,0.21,29.85,0.0,1.53,20.43,0.0,0.0,3.14,0.0,0.0,0.28,65.41,6.35,0.07,28.1,0.0,100.0,29.22,20.01,39.19,11.58,502.0,10.0,121.0,3.0,428.0,0.0,22.0,293.0,0.0,0.0,45.0,0.0,0.0,4.0,938.0,91.0,1.0,403.0,0.0,1434.0,419.0,287.0,562.0,166.0
3507209,53.14,47.34,0.0,93.24,7.25,0.0,60.39,2.42,0.0,37.2,0.0,100.0,1.93,16.43,43.96,32.37,4.35,0.0,0.97,110.0,98.0,0.0,193.0,15.0,0.0,125.0,5.0,0.0,77.0,0.0,207.0,4.0,34.0,91.0,67.0,9.0,0.0,2.0,120.0,37.0,2.0,0.0,6.0,110.0,98.0,193.0,15.0,0.0,5.0,11.0,59.0,48.0,36.0,46.0,3.0,207.0,23.0,21.0,58.7,41.3,0.0,89.13,14.35,74.78,10.0,0.0,0.87,100.0,0.22,5.0,32.39,50.65,8.7,3.04,0.0,82.39,2.39,270.0,190.0,0.0,410.0,66.0,344.0,46.0,0.0,4.0,460.0,1.0,23.0,149.0,233.0,40.0,14.0,0.0,379.0,11.0,42.22,1.06,6.07,0.0,18.73,0.0,2.11,27.7,0.0,0.0,1.06,0.0,0.0,0.53,89.45,10.55,0.0,26.39,11.61,2.9,58.84,6.07,0.0,34.83,0.53,100.0,30.08,28.5,0.0,0.0,160.0,4.0,23.0,0.0,71.0,0.0,8.0,105.0,0.0,0.0,4.0,0.0,0.0,2.0,339.0,40.0,0.0,100.0,44.0,11.0,223.0,23.0,0.0,132.0,2.0,379.0,114.0,108.0,0.0,0.0,58.46,41.54,0.0,25.64,11.79,2.82,58.21,6.41,0.0,34.87,0.51,100.0,29.23,29.49,0.0,0.51,0.0,4.87,32.82,52.05,6.67,3.59,0.0,228.0,162.0,0.0,100.0,46.0,11.0,227.0,25.0,0.0,136.0,2.0,390.0,114.0,115.0,0.0,2.0,0.0,19.0,128.0,203.0,26.0,14.0,0.0,41.79,1.03,5.9,0.0,19.49,0.0,2.05,27.95,0.0,0.0,1.03,0.0,0.0,0.51,58.21,6.41,0.0,34.87,0.51,100.0,30.77,12.31,46.41,10.26,163.0,4.0,23.0,0.0,76.0,0.0,8.0,109.0,0.0,0.0,4.0,0.0,0.0,2.0,227.0,25.0,0.0,136.0,2.0,390.0,120.0,48.0,181.0,40.0
3507308,51.14,48.78,0.24,90.31,9.69,0.0,57.82,4.15,0.0,38.03,0.0,100.0,11.4,20.68,35.1,21.25,5.46,1.55,4.32,628.0,599.0,3.0,1109.0,119.0,0.0,710.0,51.0,0.0,467.0,0.0,1228.0,140.0,254.0,431.0,261.0,67.0,19.0,53.0,669.0,174.0,21.0,0.0,102.0,628.0,599.0,1109.0,119.0,0.0,103.0,91.0,332.0,267.0,177.0,255.0,3.0,1228.0,100.0,163.0,57.26,42.74,0.62,88.74,12.54,76.2,9.14,0.0,2.12,100.0,1.06,8.83,32.67,44.59,9.27,2.91,0.0,83.84,1.46,1297.0,968.0,14.0,2010.0,284.0,1726.0,207.0,0.0,48.0,2265.0,24.0,200.0,740.0,1010.0,210.0,66.0,0.0,1899.0,33.0,45.29,1.9,6.69,0.58,37.49,0.21,2.21,4.58,0.0,0.0,0.42,0.0,0.0,0.42,90.26,9.74,0.0,25.33,6.79,2.16,60.93,7.21,0.0,31.7,0.21,100.0,38.86,26.7,0.21,0.0,860.0,36.0,127.0,11.0,712.0,4.0,42.0,87.0,0.0,0.0,8.0,0.0,0.0,8.0,1714.0,185.0,0.0,481.0,129.0,41.0,1157.0,137.0,0.0,602.0,4.0,1899.0,738.0,507.0,4.0,0.0,58.85,41.15,0.41,25.0,6.94,2.38,61.49,7.09,0.0,31.26,0.21,100.0,38.35,26.55,0.36,0.31,0.78,9.37,32.87,45.24,8.75,2.59,0.0,1137.0,795.0,8.0,483.0,134.0,46.0,1188.0,137.0,0.0,604.0,4.0,1932.0,741.0,513.0,7.0,6.0,15.0,181.0,635.0,874.0,169.0,50.0,0.0,44.72,1.86,6.57,0.57,37.73,0.21,2.17,4.92,0.0,0.0,0.41,0.0,0.0,0.41,61.49,7.09,0.0,31.26,0.21,100.0,24.48,19.1,41.72,14.75,864.0,36.0,127.0,11.0,729.0,4.0,42.0,95.0,0.0,0.0,8.0,0.0,0.0,8.0,1188.0,137.0,0.0,604.0,4.0,1932.0,473.0,369.0,806.0,285.0
3507407,48.63,51.37,1.73,85.82,14.0,0.17,71.33,2.05,0.24,26.41,0.0,100.0,8.73,19.69,34.0,24.99,6.41,2.53,1.87,1403.0,1482.0,50.0,2476.0,404.0,5.0,2058.0,59.0,7.0,762.0,0.0,2885.0,252.0,568.0,981.0,721.0,185.0,73.0,54.0,1451.0,435.0,36.0,13.0,334.0,1403.0,1482.0,2476.0,404.0,5.0,302.0,183.0,870.0,612.0,417.0,486.0,14.0,2885.0,244.0,371.0,57.48,42.52,2.92,89.79,11.64,78.15,8.25,0.0,1.6,100.0,1.32,7.8,29.98,41.41,11.67,4.92,0.0,85.53,0.87,3833.0,2835.0,195.0,5987.0,776.0,5211.0,550.0,0.0,107.0,6668.0,88.0,520.0,1999.0,2761.0,778.0,328.0,0.0,5703.0,58.0,24.86,2.9,13.82,0.84,44.43,0.09,3.48,7.84,0.0,0.0,0.61,0.0,0.0,0.28,91.13,8.87,0.0,18.9,9.24,4.11,72.02,3.66,0.4,23.94,0.0,100.0,41.82,25.48,0.0,0.0,1421.0,166.0,790.0,48.0,2539.0,5.0,199.0,448.0,0.0,0.0,35.0,0.0,0.0,16.0,5208.0,507.0,0.0,1080.0,528.0,235.0,4116.0,209.0,23.0,1368.0,0.0,5715.0,2390.0,1456.0,0.0,0.0,57.72,42.28,2.73,18.75,9.43,4.27,72.07,3.63,0.4,23.92,0.0,100.0,41.47,25.55,0.09,0.0,1.35,8.66,29.49,41.87,11.51,4.41,0.0,3325.0,2436.0,157.0,1080.0,543.0,246.0,4152.0,209.0,23.0,1378.0,0.0,5761.0,2389.0,1472.0,5.0,0.0,78.0,499.0,1699.0,2412.0,663.0,254.0,0.0,24.61,2.88,13.68,0.92,44.71,0.09,3.45,7.95,0.0,0.0,0.61,0.0,0.0,0.28,72.02,3.62,0.4,23.97,0.0,100.0,26.14,18.76,40.46,14.64,1421.0,166.0,790.0,53.0,2581.0,5.0,199.0,459.0,0.0,0.0,35.0,0.0,0.0,16.0,4158.0,209.0,23.0,1384.0,0.0,5773.0,1509.0,1083.0,2336.0,845.0
3507456,50.07,49.93,0.68,92.4,7.6,0.0,63.09,2.44,0.27,34.19,0.0,100.0,8.14,24.83,43.96,19.54,1.49,0.0,1.36,369.0,368.0,5.0,681.0,56.0,0.0,465.0,18.0,2.0,252.0,0.0,737.0,60.0,183.0,324.0,144.0,11.0,0.0,10.0,376.0,138.0,0.0,0.0,43.0,369.0,368.0,681.0,56.0,0.0,42.0,12.0,187.0,180.0,143.0,170.0,3.0,737.0,100.0,81.0,57.56,42.37,1.5,73.05,13.32,59.73,25.97,0.0,0.22,100.0,2.17,8.91,38.92,39.15,6.81,2.54,0.0,84.88,0.82,769.0,566.0,20.0,976.0,178.0,798.0,347.0,0.0,3.0,1336.0,29.0,119.0,520.0,523.0,91.0,34.0,0.0,1134.0,11.0,39.77,6.08,10.76,0.0,27.16,0.0,1.15,14.99,0.0,0.0,0.0,0.0,0.0,0.0,70.02,29.98,0.0,18.17,13.84,0.79,60.76,6.53,0.0,32.36,0.44,100.0,33.16,34.13,0.0,0.0,451.0,69.0,122.0,0.0,308.0,0.0,13.0,170.0,0.0,0.0,0.0,0.0,0.0,0.0,794.0,340.0,0.0,206.0,157.0,9.0,689.0,74.0,0.0,367.0,5.0,1134.0,376.0,387.0,0.0,0.0,57.47,42.53,0.7,17.99,13.71,1.05,60.44,6.46,0.0,32.66,0.44,100.0,32.84,34.15,0.0,0.26,2.53,8.91,39.83,39.83,6.9,1.4,0.0,658.0,487.0,8.0,206.0,157.0,12.0,692.0,74.0,0.0,374.0,5.0,1145.0,376.0,391.0,0.0,3.0,29.0,102.0,456.0,456.0,79.0,16.0,0.0,39.39,6.03,10.66,0.0,27.6,0.0,1.14,15.11,0.0,0.0,0.0,0.0,0.0,0.0,60.44,6.46,0.0,32.66,0.44,100.0,29.26,16.77,46.46,7.6,451.0,69.0,122.0,0.0,316.0,0.0,13.0,173.0,0.0,0.0,0.0,0.0,0.0,0.0,692.0,74.0,0.0,374.0,5.0,1145.0,335.0,192.0,532.0,87.0
3507506,49.46,50.54,2.79,95.55,4.37,0.05,69.48,4.84,0.69,24.98,0.0,100.0,6.37,15.52,32.99,25.91,8.56,4.71,3.15,18734.0,19143.0,1055.0,36190.0,1656.0,20.0,26317.0,1834.0,263.0,9462.0,0.0,37877.0,2414.0,5878.0,12495.0,9815.0,3243.0,1785.0,1192.0,16567.0,6349.0,1292.0,273.0,5806.0,18745.0,19143.0,36201.0,1656.0,20.0,4583.0,5230.0,8606.0,6928.0,5054.0,6982.0,506.0,37888.0,4716.0,2883.0,54.14,45.86,5.42,94.16,12.76,81.4,2.41,0.01,0.56,100.0,0.89,5.86,25.33,37.33,15.21,9.91,0.05,80.5,3.29,38175.0,32331.0,3822.0,66386.0,8995.0,57392.0,1699.0,10.0,398.0,70507.0,625.0,4133.0,17859.0,26317.0,10726.0,6990.0,36.0,56759.0,2318.0,13.31,1.37,11.16,0.8,50.41,0.4,1.27,19.12,0.0,0.0,0.15,0.02,0.0,0.34,97.97,2.03,0.0,8.76,13.72,1.73,68.93,6.54,0.52,23.82,0.2,100.0,38.41,36.6,0.08,0.02,7565.0,779.0,6345.0,456.0,28655.0,227.0,722.0,10870.0,0.0,0.0,85.0,11.0,0.0,194.0,55687.0,1154.0,0.0,4980.0,7798.0,985.0,39181.0,3716.0,295.0,13537.0,111.0,56841.0,21832.0,20804.0,43.0,11.0,54.48,45.52,5.21,8.67,13.78,1.93,69.14,6.5,0.52,23.65,0.19,100.0,37.85,36.4,0.43,0.13,0.75,5.66,25.94,38.05,14.9,9.48,0.02,32200.0,26901.0,3080.0,5122.0,8147.0,1142.0,40865.0,3841.0,306.0,13978.0,111.0,59101.0,22372.0,21513.0,252.0,74.0,445.0,3346.0,15329.0,22485.0,8804.0,5600.0,10.0,13.26,1.34,10.9,0.79,50.49,0.38,1.29,19.07,0.0,0.0,0.17,0.02,0.0,0.4,69.15,6.49,0.52,23.65,0.19,100.0,12.26,13.47,44.8,29.47,7847.0,795.0,6448.0,467.0,29883.0,227.0,762.0,11285.0,0.0,0.0,98.0,11.0,0.0,239.0,40927.0,3841.0,306.0,13998.0,111.0,59183.0,7256.0,7973.0,26514.0,17440.0
3507605,49.32,50.68,2.83,96.33,3.59,0.05,67.89,3.43,0.93,27.73,0.0,100.0,4.28,14.38,32.91,28.98,8.57,4.61,3.45,19776.0,20324.0,1134.0,38627.0,1440.0,22.0,27222.0,1376.0,371.0,11121.0,0.0,40100.0,1716.0,5765.0,13198.0,11621.0,3437.0,1848.0,1383.0,18968.0,6746.0,936.0,479.0,5182.0,19776.0,20324.0,38627.0,1440.0,22.0,4158.0,4565.0,10118.0,8566.0,5429.0,6882.0,382.0,40100.0,3400.0,4388.0,54.56,45.44,5.09,84.64,14.29,70.35,8.6,0.03,0.78,100.0,0.68,5.37,24.18,40.35,15.33,8.96,0.03,77.06,1.87,48917.0,40744.0,4562.0,75890.0,12810.0,63080.0,7712.0,23.0,700.0,89662.0,612.0,4818.0,21681.0,36180.0,13745.0,8038.0,24.0,69095.0,1675.0,12.65,1.36,16.24,1.7,47.43,0.29,1.84,16.16,0.0,0.0,0.16,0.17,0.02,0.33,89.8,10.2,0.0,8.3,16.85,5.58,67.34,6.79,0.75,24.94,0.19,100.0,31.22,37.14,0.17,0.02,8758.0,938.0,11244.0,1174.0,32835.0,201.0,1271.0,11185.0,0.0,0.0,110.0,115.0,11.0,227.0,62163.0,7060.0,0.0,5746.0,11665.0,3866.0,46613.0,4703.0,516.0,17262.0,129.0,69223.0,21613.0,25709.0,115.0,12.0,55.41,44.59,4.34,8.17,16.99,5.84,67.52,6.74,0.74,24.82,0.18,100.0,30.8,36.89,0.28,0.06,0.69,5.58,25.22,41.14,14.85,8.16,0.02,39241.0,31574.0,3074.0,5786.0,12034.0,4137.0,47815.0,4773.0,525.0,17574.0,129.0,70815.0,21814.0,26124.0,195.0,45.0,486.0,3953.0,17863.0,29133.0,10519.0,5777.0,11.0,12.58,1.34,16.24,1.67,47.35,0.28,1.82,16.1,0.0,0.0,0.18,0.16,0.02,0.37,67.52,6.74,0.74,24.82,0.18,100.0,14.69,14.56,47.08,23.67,8923.0,949.0,11520.0,1186.0,33595.0,201.0,1293.0,11420.0,0.0,0.0,129.0,115.0,11.0,260.0,47899.0,4783.0,525.0,17608.0,129.0,70944.0,10425.0,10328.0,33397.0,16794.0
3507704,47.0,53.0,1.04,80.9,19.1,0.0,53.8,3.6,0.24,38.21,4.08,100.0,8.79,26.94,35.33,20.94,4.88,0.8,1.28,588.0,663.0,13.0,1012.0,239.0,0.0,673.0,45.0,3.0,478.0,51.0,1251.0,110.0,337.0,442.0,262.0,61.0,10.0,16.0,611.0,145.0,58.0,5.0,124.0,588.0,663.0,1012.0,239.0,0.0,140.0,76.0,340.0,274.0,169.0,244.0,8.0,1251.0,141.0,165.0,59.18,40.82,1.33,68.82,11.53,57.29,16.03,0.0,15.15,100.0,1.37,13.34,34.95,34.27,10.12,4.66,0.0,71.23,2.09,1473.0,1016.0,33.0,1713.0,287.0,1426.0,399.0,0.0,377.0,2489.0,34.0,332.0,870.0,853.0,252.0,116.0,0.0,1773.0,52.0,28.03,7.9,7.22,0.45,32.71,0.0,1.86,20.42,0.0,0.0,0.51,0.0,0.06,0.17,79.7,20.3,0.0,22.5,21.77,4.29,53.02,6.49,0.51,37.34,2.71,100.0,28.09,22.9,0.0,0.0,497.0,140.0,128.0,8.0,580.0,0.0,33.0,362.0,0.0,0.0,9.0,0.0,1.0,3.0,1413.0,360.0,0.0,399.0,386.0,76.0,940.0,115.0,9.0,662.0,48.0,1773.0,498.0,406.0,0.0,0.0,56.22,43.78,1.04,22.03,21.81,4.49,53.97,6.52,0.49,36.44,2.63,100.0,27.29,22.74,0.11,0.88,1.26,13.86,36.27,30.41,11.18,6.03,0.0,1026.0,799.0,19.0,402.0,398.0,82.0,985.0,119.0,9.0,665.0,48.0,1825.0,498.0,415.0,2.0,16.0,23.0,253.0,662.0,555.0,204.0,110.0,0.0,27.62,7.67,7.01,0.44,33.7,0.0,2.19,19.84,0.0,0.0,0.49,0.0,0.05,0.16,53.97,6.52,0.49,36.44,2.63,100.0,20.82,13.59,41.64,23.95,504.0,140.0,128.0,8.0,615.0,0.0,40.0,362.0,0.0,0.0,9.0,0.0,1.0,3.0,985.0,119.0,9.0,665.0,48.0,1825.0,380.0,248.0,760.0,437.0
3507753,52.54,47.46,0.0,85.81,13.66,0.53,46.76,5.25,0.35,47.46,0.0,100.0,3.85,17.69,51.84,24.87,1.58,0.0,0.0,300.0,271.0,0.0,490.0,78.0,3.0,267.0,30.0,2.0,271.0,0.0,571.0,22.0,101.0,296.0,142.0,9.0,0.0,0.0,293.0,111.0,12.0,0.0,36.0,300.0,271.0,490.0,78.0,3.0,54.0,25.0,174.0,125.0,104.0,90.0,0.0,571.0,45.0,74.0,57.34,42.66,0.68,59.03,10.6,48.43,35.71,0.0,4.24,100.0,1.19,7.12,37.23,43.94,6.7,3.14,0.0,82.1,2.04,676.0,503.0,8.0,696.0,125.0,571.0,421.0,0.0,50.0,1179.0,14.0,84.0,439.0,518.0,79.0,37.0,0.0,968.0,24.0,23.45,15.39,14.05,0.0,22.31,0.0,0.21,23.55,0.0,0.0,0.31,0.0,0.0,0.31,58.99,41.01,0.0,27.27,16.84,2.07,44.01,8.16,0.72,47.11,0.0,100.0,28.0,25.72,0.0,0.0,227.0,149.0,136.0,0.0,216.0,0.0,2.0,228.0,0.0,0.0,3.0,0.0,0.0,3.0,571.0,397.0,0.0,264.0,163.0,20.0,426.0,79.0,7.0,456.0,0.0,968.0,271.0,249.0,0.0,0.0,55.14,44.76,0.3,27.02,17.64,2.02,43.25,7.96,0.71,48.19,0.0,100.0,27.52,25.1,0.4,0.3,1.41,6.65,37.3,45.06,6.85,2.52,0.0,547.0,444.0,3.0,268.0,175.0,20.0,429.0,79.0,7.0,478.0,0.0,992.0,273.0,249.0,4.0,3.0,14.0,66.0,370.0,447.0,68.0,25.0,0.0,23.19,15.02,13.71,0.0,21.77,0.0,0.2,24.4,0.0,0.0,0.91,0.0,0.0,0.3,43.25,7.96,0.71,48.19,0.0,100.0,20.06,19.56,46.07,14.31,230.0,149.0,136.0,0.0,216.0,0.0,2.0,242.0,0.0,0.0,9.0,0.0,0.0,3.0,429.0,79.0,7.0,478.0,0.0,992.0,199.0,194.0,457.0,142.0
3507803,48.95,51.05,2.09,86.51,13.16,0.32,64.91,4.47,1.12,29.5,0.0,100.0,6.15,22.4,29.23,26.8,8.85,2.82,1.68,2882.0,3006.0,123.0,5094.0,775.0,19.0,3822.0,263.0,66.0,1737.0,0.0,5888.0,362.0,1319.0,1721.0,1578.0,521.0,166.0,99.0,2916.0,962.0,166.0,60.0,525.0,2882.0,3006.0,5094.0,775.0,19.0,450.0,634.0,1553.0,1195.0,862.0,1120.0,74.0,5888.0,473.0,785.0,58.24,41.76,3.01,71.65,11.3,60.35,24.2,0.0,1.94,100.0,1.63,7.24,24.2,41.24,15.93,6.64,0.09,80.01,4.53,7553.0,5416.0,391.0,9292.0,1465.0,7827.0,3138.0,0.0,251.0,12969.0,212.0,939.0,3139.0,5349.0,2066.0,861.0,12.0,10377.0,588.0,12.87,17.1,7.31,0.4,51.28,0.12,4.33,4.35,0.0,0.0,1.29,0.0,0.0,0.02,72.85,27.15,0.0,10.52,22.54,3.29,62.92,9.21,0.32,27.56,0.0,100.0,32.8,30.76,0.0,0.0,1336.0,1774.0,759.0,42.0,5321.0,12.0,449.0,451.0,0.0,0.0,134.0,0.0,0.0,2.0,7560.0,2817.0,0.0,1092.0,2339.0,341.0,6529.0,956.0,33.0,2860.0,0.0,10377.0,3404.0,3192.0,0.0,0.0,59.83,40.17,3.47,9.96,22.47,3.83,62.86,9.48,0.3,27.36,0.0,100.0,31.73,29.91,0.74,1.3,1.3,7.56,24.09,41.4,15.47,6.6,0.11,6560.0,4405.0,380.0,1092.0,2464.0,420.0,6893.0,1039.0,33.0,3000.0,0.0,10965.0,3479.0,3280.0,81.0,142.0,143.0,829.0,2641.0,4540.0,1696.0,724.0,12.0,12.26,16.56,7.01,0.38,51.3,0.11,4.21,4.52,0.15,0.0,2.12,0.0,0.0,0.29,62.86,9.48,0.3,27.36,0.0,100.0,24.23,17.64,38.19,19.95,1344.0,1816.0,769.0,42.0,5625.0,12.0,462.0,496.0,16.0,0.0,233.0,0.0,0.0,32.0,6893.0,1039.0,33.0,3000.0,0.0,10965.0,2657.0,1934.0,4187.0,2188.0
3507902,50.4,49.6,1.59,91.53,8.47,0.0,66.15,4.43,0.21,29.0,0.18,100.0,10.03,20.99,32.63,21.26,7.13,1.9,4.47,2819.0,2774.0,89.0,5119.0,474.0,0.0,3700.0,248.0,12.0,1622.0,10.0,5593.0,561.0,1174.0,1825.0,1189.0,399.0,106.0,250.0,2770.0,1030.0,59.0,191.0,400.0,2819.0,2774.0,5119.0,474.0,0.0,438.0,617.0,1426.0,1139.0,951.0,905.0,116.0,5593.0,506.0,637.0,58.76,41.24,2.64,93.76,18.7,75.05,3.37,0.0,0.11,100.0,1.09,6.92,27.48,40.74,13.5,7.6,0.0,69.71,8.59,5535.0,3885.0,249.0,8832.0,1762.0,7070.0,317.0,0.0,10.0,9420.0,103.0,652.0,2589.0,3838.0,1272.0,716.0,0.0,6567.0,809.0,15.04,3.97,6.49,0.47,56.97,0.0,3.56,11.56,0.0,0.0,0.64,0.0,0.0,0.14,96.83,3.17,0.0,13.17,7.71,3.96,70.81,4.45,0.94,23.62,0.18,100.0,25.52,49.02,0.15,0.0,988.0,261.0,426.0,31.0,3741.0,0.0,234.0,759.0,0.0,0.0,42.0,0.0,0.0,9.0,6359.0,208.0,0.0,865.0,506.0,260.0,4650.0,292.0,62.0,1551.0,12.0,6567.0,1676.0,3219.0,10.0,0.0,58.94,41.06,2.82,13.0,8.85,4.68,68.65,4.37,0.84,25.98,0.16,100.0,25.22,47.26,0.42,0.0,0.97,6.17,25.67,44.31,13.13,6.93,0.0,4354.0,3033.0,208.0,960.0,654.0,346.0,5071.0,323.0,62.0,1919.0,12.0,7387.0,1863.0,3491.0,31.0,0.0,72.0,456.0,1896.0,3273.0,970.0,512.0,0.0,15.22,3.82,7.04,0.42,54.81,0.0,3.17,13.23,0.0,0.0,0.84,0.0,0.0,0.12,68.65,4.37,0.84,25.98,0.16,100.0,23.08,18.38,40.61,17.91,1124.0,282.0,520.0,31.0,4049.0,0.0,234.0,977.0,0.0,0.0,62.0,0.0,0.0,9.0,5071.0,323.0,62.0,1919.0,12.0,7387.0,1705.0,1358.0,3000.0,1323.0
3508009,49.51,50.49,0.8,93.69,6.31,0.0,69.06,2.42,0.14,28.39,0.0,100.0,15.32,29.98,31.79,12.9,3.11,1.71,4.4,2925.0,2983.0,47.0,5535.0,373.0,0.0,4080.0,143.0,8.0,1677.0,0.0,5908.0,905.0,1771.0,1878.0,762.0,184.0,101.0,260.0,3082.0,1151.0,10.0,277.0,369.0,2925.0,2983.0,5535.0,373.0,0.0,401.0,1094.0,1517.0,1195.0,752.0,847.0,102.0,5908.0,444.0,575.0,63.17,36.83,1.26,93.59,25.27,68.33,3.14,0.0,0.0,100.0,3.73,17.41,40.58,27.84,7.83,1.37,0.0,69.24,2.11,5028.0,2931.0,100.0,7449.0,2011.0,5438.0,250.0,0.0,0.0,7959.0,297.0,1386.0,3230.0,2216.0,623.0,109.0,0.0,5511.0,168.0,30.27,8.24,8.95,0.78,31.74,0.18,2.76,14.63,0.0,0.0,0.58,0.0,0.0,0.98,95.79,4.21,0.0,14.26,15.88,6.1,63.04,3.74,0.54,32.68,0.0,100.0,29.47,33.68,0.0,0.0,1668.0,454.0,493.0,43.0,1749.0,10.0,152.0,806.0,0.0,0.0,32.0,0.0,0.0,54.0,5279.0,232.0,0.0,786.0,875.0,336.0,3474.0,206.0,30.0,1801.0,0.0,5511.0,1624.0,1856.0,0.0,0.0,63.97,36.03,0.97,13.82,15.53,6.21,63.64,3.78,0.53,32.07,0.0,100.0,28.96,34.59,0.32,0.0,4.2,17.55,40.72,29.93,5.01,1.64,0.0,3638.0,2049.0,55.0,786.0,883.0,353.0,3619.0,215.0,30.0,1824.0,0.0,5687.0,1647.0,1967.0,18.0,0.0,239.0,998.0,2316.0,1702.0,285.0,93.0,0.0,29.52,8.39,8.67,0.76,31.4,0.18,3.6,14.96,0.0,0.0,0.56,0.0,0.0,1.11,63.64,3.78,0.53,32.07,0.0,100.0,29.79,23.4,37.54,9.28,1679.0,477.0,493.0,43.0,1786.0,10.0,205.0,851.0,0.0,0.0,32.0,0.0,0.0,63.0,3619.0,215.0,30.0,1824.0,0.0,5687.0,1694.0,1331.0,2135.0,528.0
3508108,48.68,51.32,1.79,89.38,10.51,0.11,61.18,1.57,0.56,36.72,0.0,100.0,5.72,22.56,41.0,21.5,3.11,2.21,2.07,1737.0,1831.0,64.0,3189.0,375.0,4.0,2183.0,56.0,20.0,1310.0,0.0,3568.0,204.0,805.0,1463.0,767.0,111.0,79.0,74.0,1936.0,610.0,25.0,4.0,289.0,1737.0,1831.0,3189.0,375.0,4.0,254.0,146.0,1076.0,866.0,550.0,657.0,19.0,3568.0,362.0,342.0,58.66,41.34,3.67,86.42,13.92,72.5,12.12,0.0,1.17,100.0,1.68,8.36,32.44,37.01,10.47,6.3,0.08,79.82,4.8,4509.0,3178.0,282.0,6643.0,1070.0,5573.0,932.0,0.0,90.0,7687.0,129.0,643.0,2494.0,2845.0,805.0,484.0,6.0,6136.0,369.0,12.51,24.16,23.28,0.0,30.0,0.1,1.02,7.09,0.0,0.0,0.41,0.08,0.42,0.29,87.72,12.28,0.0,20.42,9.4,2.28,61.18,5.22,0.44,32.86,0.29,100.0,42.7,24.91,0.0,0.0,769.0,1485.0,1431.0,0.0,1844.0,6.0,63.0,436.0,0.0,0.0,25.0,5.0,26.0,18.0,5392.0,755.0,0.0,1255.0,578.0,140.0,3761.0,321.0,27.0,2020.0,18.0,6147.0,2625.0,1531.0,0.0,0.0,59.57,40.43,3.75,19.94,9.3,2.92,60.29,5.38,0.42,33.65,0.28,100.0,41.84,24.47,0.31,0.69,1.66,8.78,32.64,37.42,10.07,5.67,0.0,3875.0,2630.0,244.0,1297.0,605.0,190.0,3922.0,350.0,27.0,2189.0,18.0,6505.0,2722.0,1592.0,20.0,45.0,108.0,571.0,2123.0,2434.0,655.0,369.0,0.0,12.48,23.51,22.74,0.0,30.66,0.09,0.97,7.12,0.0,0.0,0.81,0.08,0.4,0.45,60.27,5.37,0.41,33.69,0.28,100.0,21.75,14.78,47.45,16.01,813.0,1532.0,1482.0,0.0,1998.0,6.0,63.0,464.0,0.0,0.0,53.0,5.0,26.0,29.0,3927.0,350.0,27.0,2195.0,18.0,6516.0,1417.0,963.0,3092.0,1043.0
3508207,50.22,49.78,0.98,71.17,28.74,0.0,69.11,4.3,0.0,26.59,0.0,100.0,7.25,21.84,30.62,27.31,7.88,4.03,0.0,561.0,556.0,11.0,795.0,321.0,0.0,772.0,48.0,0.0,297.0,0.0,1117.0,81.0,244.0,342.0,305.0,88.0,45.0,0.0,522.0,164.0,35.0,0.0,198.0,561.0,556.0,795.0,321.0,0.0,129.0,148.0,264.0,205.0,183.0,184.0,3.0,1117.0,100.0,97.0,56.85,43.15,3.56,89.91,15.14,74.77,8.56,0.0,1.11,100.0,1.85,8.1,25.93,39.31,13.8,7.41,0.0,81.62,1.76,1228.0,932.0,77.0,1942.0,327.0,1615.0,185.0,0.0,24.0,2160.0,40.0,175.0,560.0,849.0,298.0,160.0,0.0,1763.0,38.0,27.74,5.45,5.79,0.0,41.24,0.11,5.05,12.42,0.0,0.0,0.57,0.0,0.0,0.0,91.09,8.85,0.0,25.35,11.29,0.68,64.89,5.62,0.0,29.21,0.28,100.0,34.37,27.79,0.0,0.0,489.0,96.0,102.0,0.0,727.0,2.0,89.0,219.0,0.0,0.0,10.0,0.0,0.0,0.0,1606.0,156.0,0.0,447.0,199.0,12.0,1144.0,99.0,0.0,515.0,5.0,1763.0,606.0,490.0,0.0,0.0,56.06,44.0,3.06,25.0,11.78,1.22,64.94,5.67,0.0,29.11,0.28,100.0,33.83,27.39,0.11,0.22,1.39,8.72,26.83,38.44,13.89,7.72,0.0,1009.0,792.0,55.0,450.0,212.0,22.0,1169.0,102.0,0.0,524.0,5.0,1800.0,609.0,493.0,2.0,4.0,25.0,157.0,483.0,692.0,250.0,139.0,0.0,27.17,5.33,6.17,0.0,41.39,0.39,4.94,12.22,0.0,0.0,0.72,0.0,0.0,0.0,64.94,5.67,0.0,29.11,0.28,100.0,25.28,15.78,37.33,21.61,489.0,96.0,111.0,0.0,745.0,7.0,89.0,220.0,0.0,0.0,13.0,0.0,0.0,0.0,1169.0,102.0,0.0,524.0,5.0,1800.0,455.0,284.0,672.0,389.0
3508306,49.89,50.0,0.67,93.68,6.32,0.0,63.41,3.1,0.0,33.48,0.0,100.0,15.63,24.06,42.68,12.86,3.22,1.0,0.0,450.0,451.0,6.0,845.0,57.0,0.0,572.0,28.0,0.0,302.0,0.0,902.0,141.0,217.0,385.0,116.0,29.0,9.0,0.0,460.0,152.0,7.0,3.0,30.0,450.0,451.0,845.0,57.0,0.0,39.0,19.0,262.0,217.0,149.0,217.0,0.0,902.0,87.0,163.0,59.11,40.89,1.24,79.82,16.75,63.07,15.85,0.0,3.57,100.0,2.38,11.42,34.65,37.46,10.28,2.43,0.14,76.25,2.67,1242.0,859.0,26.0,1677.0,352.0,1325.0,333.0,0.0,75.0,2101.0,50.0,240.0,728.0,787.0,216.0,51.0,3.0,1602.0,56.0,34.96,4.93,5.24,1.0,36.08,0.0,5.37,10.49,0.0,0.0,1.19,0.0,0.12,0.0,80.71,19.29,0.0,17.73,17.1,1.19,60.86,5.62,0.0,33.52,0.0,100.0,39.2,24.34,0.19,0.0,560.0,79.0,84.0,16.0,578.0,0.0,86.0,168.0,0.0,0.0,19.0,0.0,2.0,0.0,1293.0,309.0,0.0,284.0,274.0,19.0,975.0,90.0,0.0,537.0,0.0,1602.0,628.0,390.0,3.0,0.0,57.54,42.46,0.78,17.49,18.21,1.33,61.34,5.43,0.0,33.17,0.0,100.0,38.12,24.25,0.36,0.0,2.35,10.31,33.96,40.29,9.89,2.41,0.0,954.0,704.0,13.0,290.0,302.0,22.0,1017.0,90.0,0.0,550.0,0.0,1658.0,632.0,402.0,6.0,0.0,39.0,171.0,563.0,668.0,164.0,40.0,0.0,34.56,4.76,5.31,0.97,36.31,0.0,5.19,10.74,0.0,0.0,1.33,0.18,0.12,0.0,61.34,5.43,0.0,33.17,0.0,100.0,24.07,17.97,44.93,13.03,573.0,79.0,88.0,16.0,602.0,0.0,86.0,178.0,0.0,0.0,22.0,3.0,2.0,0.0,1017.0,90.0,0.0,550.0,0.0,1658.0,399.0,298.0,745.0,216.0
3508405,49.33,50.67,0.78,92.7,7.3,0.0,55.65,5.29,0.3,38.49,0.26,100.0,5.06,18.07,37.51,30.39,4.21,2.52,1.45,5595.0,5747.0,89.0,10514.0,828.0,0.0,6312.0,600.0,34.0,4366.0,30.0,11342.0,574.0,2049.0,4254.0,3447.0,477.0,286.0,165.0,6068.0,1940.0,110.0,33.0,962.0,5595.0,5747.0,10514.0,828.0,0.0,949.0,680.0,3332.0,2684.0,1753.0,1942.0,2.0,11342.0,993.0,1235.0,56.93,43.08,1.61,84.42,9.2,75.22,14.18,0.0,0.48,100.0,0.64,6.0,28.64,46.86,11.62,4.54,0.07,84.77,4.63,13306.0,10069.0,377.0,19733.0,2151.0,17581.0,3314.0,0.0,112.0,23374.0,150.0,1403.0,6695.0,10954.0,2717.0,1062.0,17.0,19814.0,1082.0,15.81,2.63,10.42,1.16,30.49,0.08,2.76,34.86,0.0,0.0,0.97,0.0,0.0,0.24,84.99,15.01,0.0,8.62,20.36,5.78,49.71,8.75,0.68,40.56,0.31,100.0,23.09,41.79,0.27,0.0,3132.0,521.0,2065.0,230.0,6042.0,16.0,546.0,6907.0,0.0,0.0,192.0,0.0,0.0,48.0,16839.0,2975.0,0.0,1708.0,4035.0,1146.0,9850.0,1733.0,134.0,8036.0,61.0,19814.0,4576.0,8281.0,53.0,0.0,57.74,42.26,1.45,8.41,20.99,6.44,49.68,8.72,0.64,40.63,0.33,100.0,22.41,40.86,0.65,0.07,0.5,5.69,28.88,47.91,11.3,4.2,0.08,12066.0,8830.0,302.0,1757.0,4387.0,1345.0,10381.0,1822.0,134.0,8490.0,69.0,20896.0,4683.0,8539.0,135.0,14.0,104.0,1188.0,6035.0,10011.0,2361.0,878.0,17.0,15.7,2.7,10.36,1.15,30.41,0.08,2.82,34.56,0.0,0.0,1.19,0.0,0.0,0.29,49.68,8.72,0.64,40.63,0.33,100.0,18.52,14.62,53.85,13.01,3280.0,564.0,2164.0,241.0,6355.0,16.0,589.0,7222.0,0.0,0.0,248.0,0.0,0.0,60.0,10381.0,1822.0,134.0,8490.0,69.0,20896.0,3869.0,3056.0,11252.0,2718.0
3508504,49.89,50.11,2.15,90.81,9.19,0.0,66.54,4.05,0.65,28.71,0.0,100.0,9.09,20.51,33.09,23.12,7.03,3.86,1.14,11433.0,11484.0,493.0,20810.0,2105.0,0.0,15248.0,929.0,149.0,6579.0,0.0,22916.0,2084.0,4699.0,7583.0,5299.0,1612.0,884.0,262.0,11387.0,4388.0,243.0,85.0,2759.0,11433.0,11484.0,20810.0,2105.0,0.0,2006.0,2807.0,6126.0,4809.0,3068.0,3591.0,509.0,22916.0,1146.0,2907.0,57.0,43.0,3.9,80.53,13.87,66.65,14.8,0.07,0.56,100.0,2.13,10.37,29.67,35.36,11.94,6.58,0.06,78.03,3.47,24534.0,18508.0,1677.0,34661.0,5972.0,28688.0,6369.0,29.0,243.0,43042.0,915.0,4464.0,12771.0,15221.0,5138.0,2832.0,24.0,33585.0,1494.0,14.26,11.66,11.19,0.82,36.36,0.74,6.84,16.39,0.0,0.0,0.49,0.0,0.0,0.29,82.81,17.19,0.0,6.48,24.0,5.26,62.07,7.45,0.69,29.72,0.07,100.0,24.8,38.85,0.3,0.0,4791.0,3917.0,3759.0,275.0,12213.0,250.0,2297.0,5507.0,0.0,0.0,163.0,0.0,0.0,96.0,27820.0,5773.0,0.0,2177.0,8061.0,1766.0,20852.0,2502.0,233.0,9984.0,22.0,33593.0,8330.0,13051.0,100.0,0.0,58.94,41.05,3.59,6.28,24.04,5.71,62.08,7.52,0.74,29.6,0.06,100.0,24.33,38.38,0.62,0.19,1.89,10.13,29.76,36.52,11.94,6.09,0.07,20681.0,14404.0,1259.0,2202.0,8434.0,2004.0,21782.0,2638.0,260.0,10384.0,22.0,35086.0,8538.0,13465.0,218.0,65.0,663.0,3555.0,10442.0,12815.0,4191.0,2137.0,24.0,13.91,11.36,11.1,0.78,36.5,0.71,6.72,16.36,0.0,0.0,0.71,0.0,0.0,0.44,62.09,7.52,0.74,29.59,0.06,100.0,13.44,12.68,51.84,22.04,4882.0,3988.0,3895.0,275.0,12811.0,250.0,2358.0,5743.0,0.0,0.0,249.0,0.0,0.0,153.0,21790.0,2638.0,260.0,10384.0,22.0,35094.0,4715.0,4450.0,18193.0,7736.0
3508603,48.76,51.24,0.74,88.99,11.01,0.0,65.13,4.41,0.58,29.88,0.0,100.0,11.6,25.88,33.09,16.76,6.43,3.21,2.3,3671.0,3857.0,56.0,6699.0,829.0,0.0,4903.0,332.0,44.0,2249.0,0.0,7528.0,873.0,1948.0,2491.0,1262.0,484.0,242.0,173.0,3751.0,1372.0,110.0,11.0,850.0,3671.0,3857.0,6699.0,829.0,0.0,690.0,792.0,1965.0,1643.0,1129.0,1235.0,74.0,7528.0,621.0,813.0,58.41,41.59,2.56,80.0,14.18,65.82,17.02,0.0,2.39,100.0,4.87,14.87,33.33,30.41,7.79,6.19,0.0,80.28,2.56,7383.0,5256.0,324.0,10111.0,1792.0,8319.0,2151.0,0.0,302.0,12639.0,615.0,1880.0,4212.0,3843.0,984.0,782.0,0.0,10146.0,324.0,27.8,13.28,10.96,0.49,37.97,0.0,1.4,5.97,0.0,0.11,0.0,0.1,0.07,0.37,80.62,19.38,0.0,13.34,12.46,2.92,63.37,8.01,0.55,28.06,0.0,100.0,34.26,35.91,0.4,0.0,2824.0,1349.0,1113.0,50.0,3857.0,0.0,142.0,606.0,0.0,11.0,0.0,10.0,7.0,38.0,8190.0,1969.0,0.0,1355.0,1266.0,297.0,6438.0,814.0,56.0,2851.0,0.0,10159.0,3480.0,3648.0,41.0,0.0,59.18,40.82,2.61,13.1,12.73,3.11,63.39,7.91,0.64,28.07,0.0,100.0,33.49,35.34,0.99,0.55,4.83,14.21,34.42,30.7,7.41,5.82,0.0,6196.0,4274.0,273.0,1372.0,1333.0,326.0,6637.0,828.0,67.0,2939.0,0.0,10470.0,3506.0,3700.0,104.0,58.0,506.0,1488.0,3604.0,3214.0,776.0,609.0,0.0,27.58,13.04,10.85,0.56,37.82,0.0,1.35,6.6,0.0,0.1,0.0,0.1,0.07,0.48,63.43,7.9,0.64,28.04,0.0,100.0,15.65,13.8,48.93,21.63,2891.0,1367.0,1137.0,59.0,3965.0,0.0,142.0,692.0,0.0,11.0,0.0,10.0,7.0,50.0,6649.0,828.0,67.0,2939.0,0.0,10483.0,1641.0,1447.0,5129.0,2267.0
3508702,50.39,49.61,0.68,86.67,13.33,0.0,65.57,3.05,0.0,31.41,0.0,100.0,15.58,28.05,34.8,14.59,4.04,2.1,0.15,1633.0,1608.0,22.0,2809.0,432.0,0.0,2125.0,99.0,0.0,1018.0,0.0,3241.0,505.0,909.0,1128.0,473.0,131.0,68.0,5.0,1804.0,519.0,25.0,26.0,205.0,1633.0,1608.0,2809.0,432.0,0.0,221.0,129.0,997.0,747.0,522.0,615.0,10.0,3241.0,317.0,345.0,61.23,38.77,2.11,93.05,26.84,66.21,6.02,0.0,0.27,100.0,2.65,13.13,36.46,31.41,8.99,5.25,0.0,70.36,1.87,4557.0,2886.0,157.0,6926.0,1998.0,4928.0,448.0,0.0,20.0,7443.0,197.0,977.0,2714.0,2338.0,669.0,391.0,0.0,5237.0,139.0,30.84,0.38,11.93,0.53,45.71,0.21,6.72,1.32,0.0,0.0,1.03,0.0,0.1,0.23,93.01,6.99,0.0,20.05,13.94,1.85,65.76,6.0,0.31,27.94,0.0,100.0,32.31,31.51,0.0,0.0,1615.0,20.0,625.0,28.0,2394.0,11.0,352.0,69.0,0.0,0.0,54.0,0.0,5.0,12.0,4871.0,366.0,0.0,1050.0,730.0,97.0,3444.0,314.0,16.0,1463.0,0.0,5237.0,1692.0,1650.0,0.0,0.0,58.11,41.89,1.79,19.62,14.03,2.47,65.29,6.23,0.3,28.18,0.0,100.0,31.96,30.97,0.5,0.09,2.36,14.16,37.87,30.58,8.61,4.59,0.0,3124.0,2252.0,96.0,1055.0,754.0,133.0,3510.0,335.0,16.0,1515.0,0.0,5376.0,1718.0,1665.0,27.0,5.0,127.0,761.0,2036.0,1644.0,463.0,247.0,0.0,30.52,0.37,11.63,0.52,46.24,0.2,6.64,1.49,0.0,0.0,1.0,0.0,0.09,0.32,65.29,6.23,0.3,28.18,0.0,100.0,24.76,12.97,40.16,22.1,1641.0,20.0,625.0,28.0,2486.0,11.0,357.0,80.0,0.0,0.0,54.0,0.0,5.0,17.0,3510.0,335.0,16.0,1515.0,0.0,5376.0,1331.0,697.0,2159.0,1188.0
3508801,49.93,50.07,0.32,90.05,9.95,0.0,62.37,3.66,0.24,33.71,0.0,100.0,7.26,19.56,41.18,23.01,5.36,2.05,1.25,1871.0,1876.0,12.0,3374.0,373.0,0.0,2337.0,137.0,9.0,1263.0,0.0,3747.0,272.0,733.0,1543.0,862.0,201.0,77.0,47.0,1953.0,633.0,40.0,7.0,335.0,1871.0,1876.0,3374.0,373.0,0.0,300.0,319.0,1118.0,798.0,538.0,640.0,34.0,3747.0,336.0,443.0,56.02,43.98,3.35,89.09,12.62,76.47,8.85,0.0,1.44,100.0,1.03,7.95,33.22,38.79,10.06,5.6,0.0,82.92,2.39,4283.0,3363.0,256.0,6812.0,965.0,5847.0,677.0,0.0,110.0,7646.0,79.0,608.0,2540.0,2966.0,769.0,428.0,0.0,6340.0,183.0,27.18,5.11,8.68,0.32,40.81,0.2,1.69,13.41,0.0,0.0,1.23,0.0,0.36,0.46,90.7,9.31,0.0,20.2,7.88,2.44,57.22,6.48,1.75,34.57,0.0,100.0,39.82,29.31,0.27,0.0,1725.0,324.0,551.0,20.0,2590.0,13.0,107.0,851.0,0.0,0.0,78.0,0.0,23.0,29.0,5756.0,591.0,0.0,1282.0,500.0,155.0,3631.0,411.0,111.0,2194.0,0.0,6346.0,2527.0,1860.0,17.0,0.0,55.56,44.44,2.97,19.94,8.55,2.54,57.33,6.45,1.76,34.46,0.0,100.0,39.21,28.97,0.55,0.08,1.21,7.19,33.4,39.53,9.99,5.72,0.0,3625.0,2899.0,194.0,1301.0,558.0,166.0,3740.0,421.0,115.0,2248.0,0.0,6524.0,2558.0,1890.0,36.0,5.0,79.0,469.0,2179.0,2579.0,652.0,373.0,0.0,26.69,5.04,8.51,0.31,41.23,0.2,1.64,13.58,0.0,0.0,1.33,0.0,0.35,0.44,57.37,6.45,1.76,34.42,0.0,100.0,24.21,19.87,37.08,18.83,1743.0,329.0,556.0,20.0,2693.0,13.0,107.0,887.0,0.0,0.0,87.0,0.0,23.0,29.0,3747.0,421.0,115.0,2248.0,0.0,6531.0,1581.0,1298.0,2422.0,1230.0
3508900,49.74,50.13,0.39,88.54,11.46,0.0,50.39,0.91,1.04,47.53,0.0,100.0,8.72,30.34,38.54,19.14,2.47,0.26,0.0,382.0,385.0,3.0,680.0,88.0,0.0,387.0,7.0,8.0,365.0,0.0,768.0,67.0,233.0,296.0,147.0,19.0,2.0,0.0,409.0,131.0,0.0,0.0,45.0,382.0,385.0,680.0,88.0,0.0,43.0,35.0,212.0,191.0,107.0,171.0,9.0,768.0,111.0,72.0,62.1,37.9,1.66,55.04,7.95,47.15,44.25,0.0,0.47,100.0,1.42,10.68,31.61,40.21,11.68,2.79,0.0,88.49,2.55,1047.0,639.0,28.0,928.0,134.0,795.0,746.0,0.0,8.0,1686.0,24.0,180.0,533.0,678.0,197.0,47.0,0.0,1492.0,43.0,26.07,2.61,4.89,0.2,22.18,0.0,2.95,38.54,0.0,0.0,0.74,0.2,0.47,0.87,53.08,46.92,0.0,16.82,32.17,3.55,51.07,3.75,0.8,44.37,0.0,100.0,22.39,24.93,0.13,0.0,389.0,39.0,73.0,3.0,331.0,0.0,44.0,575.0,0.0,0.0,11.0,3.0,7.0,13.0,792.0,700.0,0.0,251.0,480.0,53.0,762.0,56.0,12.0,662.0,0.0,1492.0,334.0,372.0,2.0,0.0,62.73,37.27,1.56,16.3,32.53,3.83,50.52,4.29,0.84,44.29,0.0,100.0,21.88,24.16,0.19,0.78,1.56,11.04,32.08,39.48,11.56,2.73,0.0,966.0,574.0,24.0,251.0,501.0,59.0,778.0,66.0,13.0,682.0,0.0,1540.0,337.0,372.0,3.0,12.0,24.0,170.0,494.0,608.0,178.0,42.0,0.0,25.39,2.53,4.74,0.19,23.18,0.0,2.86,37.66,0.0,0.0,1.23,0.19,0.45,1.04,50.52,4.29,0.84,44.29,0.0,100.0,18.44,13.96,53.25,14.42,391.0,39.0,73.0,3.0,357.0,0.0,44.0,580.0,0.0,0.0,19.0,3.0,7.0,16.0,778.0,66.0,13.0,682.0,0.0,1540.0,284.0,215.0,820.0,222.0
3509007,50.38,49.62,1.78,85.52,14.39,0.09,50.44,8.36,0.51,40.68,0.01,100.0,7.88,16.97,32.07,26.48,8.0,3.19,3.62,16381.0,16135.0,580.0,27810.0,4679.0,28.0,16401.0,2719.0,167.0,13228.0,2.0,32517.0,2562.0,5519.0,10429.0,8611.0,2600.0,1037.0,1178.0,12966.0,9646.0,557.0,1346.0,3322.0,16381.0,16146.0,27820.0,4679.0,28.0,3255.0,9333.0,6085.0,5119.0,3723.0,4148.0,864.0,32527.0,2607.0,2084.0,55.01,44.99,4.33,57.56,10.47,47.09,36.42,0.0,0.42,100.0,1.58,7.85,27.19,37.44,13.73,7.8,0.08,80.07,3.41,24856.0,20328.0,1957.0,26009.0,4733.0,21276.0,16456.0,0.0,192.0,45184.0,713.0,3549.0,12284.0,16919.0,6203.0,3524.0,36.0,36180.0,1543.0,13.81,0.94,5.02,0.52,35.81,0.27,1.19,28.79,0.57,10.96,0.22,0.0,0.0,0.4,57.37,42.63,0.0,4.46,23.81,26.67,50.25,11.08,0.45,38.14,0.08,100.0,16.35,24.94,2.99,0.02,4997.0,340.0,1816.0,188.0,12956.0,97.0,432.0,10417.0,206.0,3965.0,78.0,0.0,0.0,146.0,20756.0,15423.0,0.0,1614.0,8614.0,9649.0,18181.0,4009.0,163.0,13798.0,29.0,36180.0,5917.0,9024.0,1080.0,9.0,56.58,43.42,4.37,4.32,23.31,27.32,49.98,11.06,0.43,38.45,0.08,100.0,15.99,24.56,3.49,0.13,1.5,7.64,27.45,37.26,13.83,7.87,0.07,21349.0,16383.0,1650.0,1630.0,8795.0,10308.0,18858.0,4175.0,163.0,14507.0,29.0,37732.0,6034.0,9267.0,1315.0,50.0,565.0,2884.0,10359.0,14060.0,5220.0,2969.0,25.0,13.51,0.91,5.02,0.53,35.22,0.26,1.15,29.37,0.55,10.99,0.29,0.0,0.01,0.5,49.98,11.06,0.43,38.45,0.08,100.0,13.9,18.55,44.82,22.72,5096.0,342.0,1895.0,199.0,13291.0,97.0,434.0,11080.0,206.0,4145.0,109.0,0.0,2.0,188.0,18858.0,4175.0,163.0,14507.0,29.0,37732.0,5245.0,7001.0,16913.0,8573.0
3509106,48.42,51.58,0.0,79.01,21.11,0.0,45.71,2.93,0.34,51.13,0.0,100.0,7.11,23.7,40.52,22.12,1.92,0.79,3.72,429.0,457.0,0.0,700.0,187.0,0.0,405.0,26.0,3.0,453.0,0.0,886.0,63.0,210.0,359.0,196.0,17.0,7.0,33.0,456.0,160.0,13.0,32.0,79.0,429.0,457.0,700.0,187.0,0.0,52.0,95.0,221.0,222.0,171.0,113.0,12.0,886.0,28.0,119.0,60.93,39.07,1.39,80.5,23.79,56.7,18.18,0.0,1.27,100.0,1.75,12.26,40.58,35.51,4.59,3.62,0.24,68.54,6.28,1009.0,647.0,23.0,1333.0,394.0,939.0,301.0,0.0,21.0,1656.0,29.0,203.0,672.0,588.0,76.0,60.0,4.0,1135.0,104.0,37.8,3.08,25.64,0.0,27.4,0.35,0.35,4.23,0.0,0.0,0.79,0.0,0.0,0.26,81.76,18.24,0.0,27.49,9.16,4.93,42.64,5.55,0.0,51.54,0.26,100.0,27.14,31.01,0.35,0.0,429.0,35.0,291.0,0.0,311.0,4.0,4.0,48.0,0.0,0.0,9.0,0.0,0.0,3.0,928.0,207.0,0.0,312.0,104.0,56.0,484.0,63.0,0.0,585.0,3.0,1135.0,308.0,352.0,4.0,0.0,58.19,41.81,0.4,25.34,10.17,7.26,42.62,5.65,0.4,51.25,0.24,100.0,24.86,29.22,1.45,1.53,2.02,11.22,39.95,37.21,5.17,3.71,0.32,721.0,518.0,5.0,314.0,126.0,90.0,528.0,70.0,5.0,635.0,3.0,1239.0,308.0,362.0,18.0,19.0,25.0,139.0,495.0,461.0,64.0,46.0,4.0,34.95,3.07,24.78,0.0,28.33,0.32,0.56,6.3,0.0,0.0,0.73,0.0,0.0,0.48,42.62,5.65,0.4,51.25,0.24,100.0,20.98,15.58,42.78,20.74,433.0,38.0,307.0,0.0,351.0,4.0,7.0,78.0,0.0,0.0,9.0,0.0,0.0,6.0,528.0,70.0,5.0,635.0,3.0,1239.0,260.0,193.0,530.0,257.0
3509205,50.45,49.55,2.55,85.6,14.29,0.1,49.86,8.03,0.12,41.99,0.0,100.0,5.79,16.68,34.23,26.44,7.75,4.12,2.44,12756.0,12529.0,644.0,21645.0,3614.0,26.0,12608.0,2030.0,31.0,10616.0,0.0,25285.0,1464.0,4218.0,8656.0,6686.0,1959.0,1042.0,616.0,12327.0,4265.0,448.0,166.0,2748.0,12756.0,12529.0,21645.0,3614.0,26.0,1852.0,3027.0,6833.0,5147.0,3305.0,4892.0,229.0,25285.0,2915.0,2417.0,55.42,44.58,4.96,74.67,12.56,62.11,23.22,0.0,0.87,100.0,0.9,6.43,26.82,38.2,13.81,8.84,0.05,83.59,1.71,25262.0,20322.0,2263.0,34037.0,5726.0,28312.0,10585.0,0.0,398.0,45583.0,408.0,2929.0,12225.0,17414.0,6293.0,4031.0,21.0,38102.0,780.0,13.14,0.94,5.54,0.21,39.7,0.28,1.29,36.94,0.14,0.18,0.37,0.11,0.08,0.12,73.41,26.59,0.0,5.46,26.99,10.66,47.89,11.35,0.18,40.53,0.05,100.0,17.61,37.93,1.06,0.0,5009.0,360.0,2112.0,80.0,15136.0,108.0,490.0,14083.0,54.0,67.0,142.0,42.0,32.0,46.0,27986.0,10138.0,0.0,2081.0,10288.0,4065.0,18257.0,4328.0,68.0,15452.0,19.0,38124.0,6715.0,14461.0,406.0,0.0,56.96,43.04,4.62,5.35,26.92,11.07,47.76,11.34,0.17,40.67,0.05,100.0,17.34,37.43,1.41,0.06,0.76,6.45,27.22,39.04,13.12,8.76,0.03,22157.0,16740.0,1797.0,2081.0,10472.0,4304.0,18579.0,4410.0,68.0,15820.0,19.0,38897.0,6745.0,14561.0,547.0,23.0,295.0,2508.0,10589.0,15184.0,5105.0,3408.0,11.0,12.97,0.93,5.52,0.24,39.68,0.28,1.26,36.88,0.14,0.24,0.45,0.13,0.08,0.14,47.8,11.33,0.17,40.65,0.05,100.0,12.39,11.59,51.53,24.49,5048.0,360.0,2147.0,93.0,15444.0,108.0,490.0,14354.0,54.0,92.0,175.0,51.0,32.0,56.0,18602.0,4410.0,68.0,15820.0,19.0,38919.0,4824.0,4510.0,20055.0,9530.0
3509254,51.15,48.84,0.63,92.67,7.14,0.0,47.83,2.24,0.31,49.65,0.0,100.0,13.4,31.17,28.89,17.84,5.64,0.97,1.44,3682.0,3516.0,45.0,6671.0,514.0,0.0,3443.0,161.0,22.0,3574.0,0.0,7199.0,965.0,2244.0,2080.0,1284.0,406.0,70.0,104.0,4086.0,1332.0,153.0,34.0,373.0,3682.0,3516.0,6671.0,514.0,0.0,344.0,811.0,2250.0,1610.0,1028.0,1112.0,44.0,7199.0,331.0,890.0,65.37,34.64,2.34,92.49,13.61,78.89,4.38,0.0,2.27,100.0,2.45,15.32,36.32,31.35,7.9,4.21,0.11,71.45,11.66,7431.0,3937.0,266.0,10513.0,1547.0,8967.0,498.0,0.0,258.0,11367.0,279.0,1741.0,4128.0,3564.0,898.0,478.0,13.0,8122.0,1325.0,26.55,6.17,15.61,0.53,31.81,0.0,2.93,14.49,0.0,0.0,0.18,0.0,0.0,0.48,96.52,3.48,0.0,19.22,13.57,2.19,41.92,7.29,0.73,50.05,0.0,100.0,35.77,28.71,0.0,0.0,2156.0,501.0,1268.0,43.0,2584.0,0.0,238.0,1177.0,0.0,0.0,15.0,0.0,0.0,39.0,7839.0,283.0,0.0,1561.0,1102.0,178.0,3405.0,592.0,59.0,4065.0,0.0,8122.0,2905.0,2332.0,0.0,0.0,66.8,33.2,2.38,18.03,13.75,2.55,42.41,7.04,0.62,49.93,0.0,100.0,36.15,27.71,0.3,0.67,2.54,14.48,35.62,33.01,8.46,3.51,0.0,6323.0,3142.0,225.0,1707.0,1301.0,241.0,4014.0,666.0,59.0,4726.0,0.0,9465.0,3422.0,2623.0,28.0,63.0,240.0,1371.0,3371.0,3124.0,801.0,332.0,0.0,26.01,5.83,15.66,0.45,32.26,0.0,2.87,14.34,0.0,0.0,0.42,0.0,0.0,0.67,42.41,7.04,0.62,49.93,0.0,100.0,24.7,16.65,47.53,11.1,2462.0,552.0,1482.0,43.0,3053.0,0.0,272.0,1357.0,0.0,0.0,40.0,0.0,0.0,63.0,4014.0,666.0,59.0,4726.0,0.0,9465.0,2338.0,1576.0,4499.0,1051.0
3509304,48.59,51.35,0.34,82.24,17.76,0.0,61.89,4.51,0.0,33.54,0.0,100.0,4.17,22.44,42.5,24.3,3.27,1.47,1.52,862.0,911.0,6.0,1459.0,315.0,0.0,1098.0,80.0,0.0,595.0,0.0,1774.0,74.0,398.0,754.0,431.0,58.0,26.0,27.0,931.0,256.0,48.0,6.0,142.0,862.0,911.0,1459.0,315.0,0.0,106.0,130.0,545.0,400.0,237.0,339.0,15.0,1774.0,186.0,204.0,58.13,41.87,2.19,75.05,26.42,48.6,18.72,0.0,5.71,100.0,1.08,7.75,30.77,44.02,9.87,4.31,0.0,62.09,5.26,2686.0,1935.0,101.0,3468.0,1221.0,2246.0,865.0,0.0,264.0,4621.0,50.0,358.0,1422.0,2034.0,456.0,199.0,0.0,2869.0,243.0,17.89,13.3,4.14,0.84,34.35,0.0,1.53,26.0,0.0,0.0,0.59,0.0,0.0,0.59,72.54,27.43,0.0,25.27,16.29,11.03,69.44,6.47,0.0,23.91,0.14,100.0,25.58,20.5,0.45,0.0,514.0,382.0,119.0,24.0,987.0,0.0,44.0,747.0,0.0,0.0,17.0,0.0,0.0,17.0,2084.0,788.0,0.0,726.0,468.0,317.0,1995.0,186.0,0.0,687.0,4.0,2873.0,735.0,589.0,13.0,0.0,58.79,41.21,2.64,23.75,16.23,11.73,67.95,6.65,0.0,25.27,0.13,100.0,24.59,20.93,1.19,0.58,1.29,6.72,30.15,45.71,9.68,3.89,0.0,1829.0,1282.0,82.0,739.0,505.0,365.0,2114.0,207.0,0.0,786.0,4.0,3111.0,765.0,651.0,37.0,18.0,40.0,209.0,938.0,1422.0,301.0,121.0,0.0,17.72,12.65,4.24,0.77,34.0,0.0,1.93,25.94,0.0,0.0,1.16,0.0,0.0,0.9,67.87,6.65,0.0,25.36,0.13,100.0,23.18,12.46,47.77,16.6,552.0,394.0,132.0,24.0,1059.0,0.0,60.0,808.0,0.0,0.0,36.0,0.0,0.0,28.0,2114.0,207.0,0.0,790.0,4.0,3115.0,722.0,388.0,1488.0,517.0
3509403,52.42,47.58,0.85,91.51,8.22,0.27,69.17,3.36,0.17,27.31,0.0,100.0,11.53,18.32,38.69,20.86,5.1,2.84,1.82,3137.0,2847.0,51.0,5476.0,492.0,16.0,4139.0,201.0,10.0,1634.0,0.0,5984.0,690.0,1096.0,2315.0,1248.0,305.0,170.0,109.0,3101.0,1213.0,53.0,62.0,645.0,3137.0,2847.0,5476.0,492.0,16.0,380.0,964.0,1561.0,1317.0,860.0,772.0,130.0,5984.0,341.0,567.0,59.76,40.24,1.86,85.54,19.86,65.68,12.49,0.0,1.34,100.0,2.12,9.32,35.68,35.89,9.53,5.43,0.17,74.65,3.51,6790.0,4572.0,211.0,9719.0,2257.0,7462.0,1419.0,0.0,152.0,11362.0,241.0,1059.0,4054.0,4078.0,1083.0,617.0,19.0,8482.0,399.0,23.83,2.52,8.78,0.6,42.8,0.11,4.56,15.85,0.0,0.0,0.0,0.0,0.0,0.0,86.09,13.91,0.0,12.95,18.2,3.77,60.71,4.95,0.28,34.05,0.0,100.0,35.46,28.68,0.51,0.32,2021.0,214.0,745.0,51.0,3630.0,9.0,387.0,1344.0,0.0,0.0,0.0,0.0,0.0,0.0,7302.0,1180.0,0.0,1098.0,1544.0,320.0,5149.0,420.0,24.0,2888.0,0.0,8482.0,3008.0,2433.0,43.0,27.0,60.54,39.46,1.08,12.59,18.61,4.48,60.41,5.68,0.27,33.66,0.0,100.0,34.8,27.61,0.74,0.92,1.88,8.35,35.54,36.96,10.44,5.54,0.21,5377.0,3504.0,96.0,1118.0,1653.0,398.0,5365.0,504.0,24.0,2989.0,0.0,8881.0,3091.0,2452.0,66.0,82.0,167.0,742.0,3156.0,3282.0,927.0,492.0,19.0,23.51,2.41,8.47,0.57,42.7,0.1,4.85,15.99,0.0,0.0,0.17,0.0,0.0,0.0,60.41,5.68,0.27,33.66,0.0,100.0,25.14,18.8,37.52,18.53,2088.0,214.0,752.0,51.0,3792.0,9.0,431.0,1420.0,0.0,0.0,15.0,0.0,0.0,0.0,5365.0,504.0,24.0,2989.0,0.0,8881.0,2233.0,1670.0,3332.0,1646.0
3509452,50.15,49.85,0.75,86.73,12.67,0.6,69.0,2.64,0.23,27.0,1.06,100.0,3.32,25.04,46.91,19.68,1.89,1.89,0.45,665.0,661.0,10.0,1150.0,168.0,8.0,915.0,35.0,3.0,358.0,14.0,1326.0,44.0,332.0,622.0,261.0,25.0,25.0,6.0,685.0,215.0,20.0,0.0,153.0,665.0,661.0,1150.0,168.0,8.0,114.0,94.0,329.0,329.0,221.0,240.0,0.0,1326.0,125.0,128.0,59.91,40.13,1.47,81.17,14.93,66.24,17.87,0.0,0.4,100.0,1.18,10.19,40.31,35.71,6.55,4.6,0.0,80.54,3.46,1629.0,1091.0,40.0,2207.0,406.0,1801.0,486.0,0.0,11.0,2719.0,32.0,277.0,1096.0,971.0,178.0,125.0,0.0,2190.0,94.0,22.59,16.93,9.86,0.14,27.52,0.18,2.28,17.66,0.0,0.0,1.37,0.0,0.18,0.32,79.28,20.72,0.0,19.26,16.52,6.85,66.09,3.1,0.46,30.03,0.27,100.0,35.55,21.59,0.27,0.0,495.0,371.0,216.0,3.0,603.0,4.0,50.0,387.0,0.0,0.0,30.0,0.0,4.0,7.0,1737.0,454.0,0.0,422.0,362.0,150.0,1448.0,68.0,10.0,658.0,6.0,2191.0,779.0,473.0,6.0,0.0,59.66,40.34,1.14,19.62,16.26,7.3,66.3,2.97,0.44,29.98,0.26,100.0,35.27,21.2,0.35,0.0,1.18,10.75,40.95,35.71,6.51,3.8,0.0,1365.0,923.0,26.0,449.0,372.0,167.0,1517.0,68.0,10.0,686.0,6.0,2288.0,807.0,485.0,8.0,0.0,27.0,246.0,937.0,817.0,149.0,87.0,0.0,22.37,16.91,9.65,0.13,28.35,0.17,2.27,17.3,0.0,0.0,1.31,0.0,0.17,0.39,66.32,2.97,0.44,29.97,0.26,100.0,24.33,15.55,46.44,13.67,512.0,387.0,221.0,3.0,649.0,4.0,52.0,396.0,0.0,0.0,30.0,0.0,4.0,9.0,1518.0,68.0,10.0,686.0,6.0,2289.0,557.0,356.0,1063.0,313.0
3509502,49.51,50.49,7.47,94.68,5.02,0.24,57.36,7.91,0.77,33.87,0.05,100.0,5.26,14.52,26.33,25.73,9.38,8.64,2.66,138874.0,141600.0,20944.0,265562.0,14067.0,681.0,160877.0,22177.0,2161.0,94984.0,140.0,280474.0,14762.0,40736.0,73852.0,72172.0,26309.0,24238.0,7462.0,124754.0,45999.0,12626.0,1988.0,41581.0,138898.0,141600.0,265562.0,14091.0,681.0,31757.0,47545.0,65265.0,51754.0,32385.0,47457.0,4335.0,280498.0,37341.0,16209.0,53.35,46.65,12.71,87.01,16.18,70.83,8.64,0.02,0.64,100.0,0.92,5.61,19.76,33.48,14.24,13.2,0.07,76.13,3.32,310480.0,271511.0,73991.0,506381.0,94167.0,412214.0,50287.0,132.0,3729.0,581991.0,5336.0,32678.0,114976.0,194873.0,82896.0,76826.0,414.0,443096.0,19338.0,9.04,1.32,6.28,0.23,46.13,0.72,1.38,31.56,0.65,0.0,0.21,0.09,0.04,0.47,89.82,10.18,0.0,5.34,27.56,14.31,57.2,11.07,1.0,30.64,0.09,100.0,18.88,32.29,0.72,0.0,40133.0,5840.0,27877.0,1030.0,204696.0,3184.0,6111.0,140043.0,2904.0,0.0,945.0,408.0,198.0,2085.0,398571.0,45168.0,0.0,23717.0,122303.0,63495.0,253803.0,49137.0,4422.0,135957.0,419.0,443738.0,83790.0,143286.0,3215.0,5.0,54.37,45.63,11.39,5.28,27.25,14.45,57.24,10.97,1.05,30.65,0.1,100.0,18.73,32.02,0.96,0.17,0.85,5.68,20.89,34.68,13.88,12.59,0.04,251552.0,211082.0,52698.0,24423.0,126051.0,66853.0,264791.0,50773.0,4839.0,141790.0,440.0,462633.0,86662.0,148152.0,4443.0,777.0,3947.0,26286.0,96641.0,160455.0,64208.0,58230.0,169.0,8.96,1.3,6.22,0.24,45.97,0.71,1.37,31.38,0.66,0.0,0.23,0.09,0.04,0.56,57.2,10.98,1.04,30.68,0.09,100.0,13.6,13.08,41.78,31.54,41529.0,6014.0,28805.0,1089.0,212986.0,3284.0,6326.0,145398.0,3066.0,0.0,1064.0,433.0,198.0,2601.0,265006.0,50865.0,4839.0,142126.0,440.0,463276.0,62998.0,60575.0,193564.0,146139.0
3509601,50.89,49.11,1.35,91.97,7.96,0.04,59.65,5.46,0.15,34.64,0.0,100.0,6.63,16.6,36.74,27.92,6.44,2.54,1.77,9874.0,9530.0,262.0,17845.0,1545.0,7.0,11575.0,1059.0,30.0,6721.0,0.0,19404.0,1286.0,3221.0,7129.0,5418.0,1250.0,493.0,344.0,9874.0,3468.0,376.0,105.0,1948.0,9874.0,9530.0,17845.0,1545.0,7.0,1668.0,2037.0,5175.0,4225.0,2944.0,3214.0,139.0,19404.0,1337.0,2296.0,56.35,43.65,2.85,56.91,11.82,45.09,40.75,0.0,1.22,100.0,1.21,7.15,28.93,40.31,12.63,6.82,0.09,82.98,2.82,20415.0,15812.0,1034.0,20617.0,4281.0,16336.0,14764.0,0.0,443.0,36228.0,437.0,2592.0,10482.0,14603.0,4577.0,2470.0,32.0,30062.0,1023.0,10.39,1.17,9.8,0.55,38.55,0.13,0.96,30.11,0.21,6.19,0.33,0.0,0.04,0.73,52.63,47.37,0.0,7.29,28.99,18.25,56.14,9.7,0.26,33.9,0.0,100.0,15.32,28.63,0.99,0.01,3125.0,351.0,2948.0,166.0,11597.0,40.0,290.0,9057.0,63.0,1862.0,99.0,1.0,11.0,219.0,15832.0,14252.0,0.0,2192.0,8721.0,5491.0,16888.0,2919.0,78.0,10199.0,0.0,30084.0,4608.0,8612.0,298.0,4.0,57.5,42.5,2.61,7.27,28.74,18.56,56.19,9.5,0.28,34.04,0.0,100.0,15.02,28.48,1.12,0.12,0.96,6.91,29.83,40.37,12.45,6.82,0.06,17882.0,13218.0,813.0,2262.0,8937.0,5773.0,17474.0,2953.0,88.0,10585.0,0.0,31100.0,4670.0,8856.0,349.0,38.0,299.0,2148.0,9277.0,12555.0,3871.0,2120.0,19.0,10.16,1.15,9.61,0.57,38.75,0.13,1.0,30.14,0.2,6.13,0.37,0.0,0.04,0.75,56.19,9.52,0.28,34.01,0.0,100.0,15.64,12.47,52.01,19.88,3161.0,358.0,2991.0,177.0,12060.0,40.0,311.0,9381.0,63.0,1908.0,114.0,1.0,11.0,234.0,17487.0,2963.0,88.0,10585.0,0.0,31122.0,4869.0,3881.0,16186.0,6187.0
3509700,50.35,49.66,0.78,94.15,5.76,0.09,73.05,2.95,0.51,23.49,0.0,100.0,5.72,16.96,43.15,25.54,3.96,2.88,1.01,5679.0,5601.0,88.0,10619.0,650.0,10.0,8239.0,333.0,58.0,2649.0,0.0,11279.0,645.0,1913.0,4867.0,2881.0,447.0,325.0,114.0,5690.0,1909.0,173.0,69.0,955.0,5679.0,5601.0,10619.0,650.0,10.0,722.0,1351.0,2678.0,2428.0,1572.0,2400.0,129.0,11279.0,1361.0,1123.0,53.04,46.96,3.04,96.78,12.47,84.31,1.26,0.0,0.13,100.0,0.91,6.31,31.79,44.3,8.31,5.34,0.0,81.4,4.02,14352.0,12706.0,823.0,26188.0,3374.0,22813.0,342.0,0.0,36.0,27058.0,246.0,1708.0,8601.0,11986.0,2249.0,1444.0,0.0,22025.0,1088.0,20.57,4.13,9.97,0.43,48.29,0.4,2.46,12.44,0.0,0.0,0.13,0.0,0.02,0.56,98.98,1.02,0.0,6.86,19.77,3.01,72.86,3.74,0.58,22.75,0.07,100.0,27.68,42.55,0.05,0.0,4531.0,910.0,2196.0,94.0,10636.0,89.0,542.0,2741.0,0.0,0.0,29.0,0.0,5.0,123.0,21801.0,224.0,0.0,1512.0,4354.0,662.0,16047.0,823.0,128.0,5010.0,16.0,22025.0,6097.0,9372.0,11.0,0.0,54.5,45.5,2.56,7.0,19.33,2.9,73.04,3.71,0.55,22.63,0.07,100.0,28.42,41.63,0.16,0.09,1.01,6.43,31.81,45.01,8.21,4.97,0.0,12620.0,10535.0,593.0,1622.0,4477.0,671.0,16913.0,858.0,128.0,5239.0,16.0,23155.0,6581.0,9640.0,36.0,21.0,234.0,1489.0,7366.0,10421.0,1901.0,1150.0,0.0,20.61,3.98,10.14,0.41,47.97,0.38,2.38,12.32,0.0,0.0,0.13,0.0,0.02,0.6,73.04,3.71,0.55,22.63,0.07,100.0,26.2,20.41,39.98,13.41,4772.0,921.0,2349.0,94.0,11108.0,89.0,552.0,2853.0,0.0,0.0,29.0,0.0,5.0,140.0,16913.0,858.0,128.0,5239.0,16.0,23155.0,6067.0,4726.0,9258.0,3104.0
3509809,48.95,51.14,0.0,85.96,13.86,0.0,64.65,2.46,0.53,32.37,0.0,100.0,10.18,29.21,32.11,22.63,3.77,1.58,0.61,558.0,583.0,0.0,980.0,158.0,0.0,737.0,28.0,6.0,369.0,0.0,1140.0,116.0,333.0,366.0,258.0,43.0,18.0,7.0,586.0,181.0,15.0,0.0,115.0,558.0,583.0,980.0,158.0,0.0,99.0,98.0,308.0,225.0,169.0,231.0,11.0,1140.0,60.0,184.0,62.24,37.76,1.26,85.31,11.99,73.37,6.31,0.0,4.78,100.0,1.76,13.61,30.91,38.85,10.05,3.56,0.0,77.42,2.21,1381.0,838.0,28.0,1893.0,266.0,1628.0,140.0,0.0,106.0,2219.0,39.0,302.0,686.0,862.0,223.0,79.0,0.0,1718.0,49.0,37.37,3.61,11.18,0.12,26.66,0.0,4.83,14.03,0.0,0.0,1.05,0.0,0.0,0.0,93.42,6.52,0.0,24.45,14.61,4.37,62.22,3.73,0.17,33.88,0.0,100.0,28.93,27.01,0.17,0.0,642.0,62.0,192.0,2.0,458.0,0.0,83.0,241.0,0.0,0.0,18.0,0.0,0.0,0.0,1605.0,112.0,0.0,420.0,251.0,75.0,1069.0,64.0,3.0,582.0,0.0,1718.0,497.0,464.0,3.0,0.0,60.69,39.31,1.3,24.04,15.21,4.58,61.88,3.62,0.17,34.33,0.0,100.0,28.73,26.41,0.45,0.17,1.58,15.1,33.2,37.5,8.09,3.22,0.0,1073.0,695.0,23.0,425.0,269.0,81.0,1094.0,64.0,3.0,607.0,0.0,1768.0,508.0,467.0,8.0,3.0,28.0,267.0,587.0,663.0,143.0,57.0,0.0,36.48,3.51,11.43,0.11,26.53,0.0,5.49,14.37,0.0,0.0,1.02,0.0,0.0,0.0,61.88,3.62,0.17,34.33,0.0,100.0,28.73,15.78,37.84,17.59,645.0,62.0,202.0,2.0,469.0,0.0,97.0,254.0,0.0,0.0,18.0,0.0,0.0,0.0,1094.0,64.0,3.0,607.0,0.0,1768.0,508.0,279.0,669.0,311.0
3509908,48.93,51.07,0.79,90.54,9.28,0.0,52.69,3.65,0.18,41.5,1.99,100.0,14.88,29.79,28.75,17.52,4.98,2.2,1.12,1355.0,1414.0,22.0,2507.0,257.0,0.0,1459.0,101.0,5.0,1149.0,55.0,2769.0,412.0,825.0,796.0,485.0,138.0,61.0,31.0,1566.0,530.0,17.0,20.0,247.0,1355.0,1414.0,2507.0,257.0,0.0,195.0,229.0,808.0,687.0,478.0,354.0,17.0,2769.0,163.0,227.0,57.4,42.62,2.55,91.69,17.46,74.24,5.78,0.0,0.45,100.0,4.11,15.43,32.53,32.78,8.81,3.79,0.0,74.89,4.88,3061.0,2273.0,136.0,4890.0,931.0,3959.0,308.0,0.0,24.0,5333.0,219.0,823.0,1735.0,1748.0,470.0,202.0,0.0,3994.0,260.0,23.85,44.58,7.07,0.0,17.93,0.0,0.0,1.4,0.0,0.0,0.15,0.0,3.0,0.55,93.83,6.17,0.0,24.03,7.99,1.3,51.57,6.54,0.42,41.18,0.3,100.0,45.7,20.18,0.7,0.0,955.0,1785.0,283.0,0.0,718.0,0.0,0.0,56.0,0.0,0.0,6.0,0.0,120.0,22.0,3757.0,247.0,0.0,962.0,320.0,52.0,2065.0,262.0,17.0,1649.0,12.0,4004.0,1830.0,808.0,28.0,0.0,59.08,40.9,2.37,22.94,7.9,1.22,51.46,6.68,0.4,41.18,0.28,100.0,45.25,20.34,0.87,1.05,4.17,16.33,32.93,33.75,7.62,2.84,0.0,2521.0,1745.0,101.0,979.0,337.0,52.0,2196.0,285.0,17.0,1757.0,12.0,4267.0,1931.0,868.0,37.0,45.0,178.0,697.0,1405.0,1440.0,325.0,121.0,0.0,23.62,43.08,7.44,0.12,18.03,0.0,0.0,1.96,0.0,0.0,0.14,0.12,3.04,0.82,51.59,6.67,0.4,41.09,0.28,100.0,25.28,17.12,42.05,15.58,1010.0,1842.0,318.0,5.0,771.0,0.0,0.0,84.0,0.0,0.0,6.0,5.0,130.0,35.0,2206.0,285.0,17.0,1757.0,12.0,4276.0,1081.0,732.0,1798.0,666.0
3509957,51.69,48.4,0.59,81.7,18.3,0.0,53.79,3.37,0.34,42.58,0.0,100.0,14.84,29.26,35.33,16.53,1.6,0.84,1.01,613.0,574.0,7.0,969.0,217.0,0.0,638.0,40.0,4.0,505.0,0.0,1186.0,176.0,347.0,419.0,196.0,19.0,10.0,12.0,723.0,169.0,9.0,3.0,71.0,613.0,574.0,969.0,217.0,0.0,84.0,57.0,342.0,320.0,170.0,213.0,0.0,1186.0,88.0,125.0,58.93,41.07,1.86,60.93,16.09,44.84,33.81,0.0,5.07,100.0,2.28,16.51,37.3,34.84,4.88,2.28,0.0,75.72,2.93,1267.0,883.0,40.0,1310.0,346.0,964.0,727.0,0.0,109.0,2150.0,49.0,355.0,802.0,749.0,105.0,49.0,0.0,1628.0,63.0,16.95,29.73,13.94,0.61,23.46,0.25,1.78,12.22,0.0,0.0,0.25,0.0,0.0,0.37,56.45,43.49,0.0,14.93,8.78,2.27,47.11,5.22,1.17,46.44,0.0,100.0,35.26,38.27,0.49,0.0,276.0,484.0,227.0,10.0,382.0,4.0,29.0,199.0,0.0,0.0,4.0,0.0,0.0,6.0,919.0,708.0,0.0,243.0,143.0,37.0,767.0,85.0,19.0,756.0,0.0,1628.0,574.0,623.0,8.0,0.0,57.84,42.16,1.06,15.91,8.46,2.42,46.95,5.03,1.12,46.9,0.0,100.0,34.42,38.26,0.47,0.0,2.19,16.03,37.91,35.01,5.26,2.48,0.0,978.0,713.0,18.0,269.0,143.0,41.0,794.0,85.0,19.0,793.0,0.0,1691.0,582.0,647.0,8.0,0.0,37.0,271.0,641.0,592.0,89.0,42.0,0.0,17.39,29.57,13.96,0.59,23.42,0.24,1.71,12.12,0.0,0.0,0.24,0.0,0.0,0.35,46.95,5.03,1.12,46.9,0.0,100.0,19.22,15.49,53.16,12.12,294.0,500.0,236.0,10.0,396.0,4.0,29.0,205.0,0.0,0.0,4.0,0.0,0.0,6.0,794.0,85.0,19.0,793.0,0.0,1691.0,325.0,262.0,899.0,205.0
3510005,48.48,51.52,0.6,87.41,12.59,0.0,67.78,3.4,0.0,28.76,0.07,100.0,7.15,17.66,35.38,30.67,4.54,3.07,0.92,3632.0,3860.0,45.0,6549.0,943.0,0.0,5078.0,255.0,0.0,2155.0,5.0,7492.0,536.0,1323.0,2651.0,2298.0,340.0,230.0,69.0,3518.0,1402.0,196.0,42.0,838.0,3632.0,3860.0,6549.0,943.0,0.0,763.0,1080.0,1625.0,1591.0,1046.0,1316.0,72.0,7492.0,811.0,685.0,59.67,40.33,2.45,82.37,12.92,69.45,15.17,0.0,1.46,100.0,1.37,8.26,28.55,43.56,10.06,5.75,0.0,81.96,2.66,8109.0,5481.0,333.0,11193.0,1756.0,9437.0,2062.0,0.0,198.0,13589.0,186.0,1122.0,3879.0,5920.0,1367.0,782.0,0.0,11137.0,362.0,10.28,23.44,12.19,0.46,36.4,0.09,2.51,11.86,0.0,0.0,0.78,0.0,0.0,0.49,82.97,17.03,0.0,16.42,10.51,2.0,65.58,4.6,0.38,29.45,0.0,100.0,38.26,32.3,0.2,0.0,1145.0,2610.0,1358.0,51.0,4054.0,10.0,280.0,1321.0,0.0,0.0,87.0,0.0,0.0,55.0,9240.0,1897.0,0.0,1829.0,1170.0,223.0,7304.0,512.0,42.0,3280.0,0.0,11137.0,4261.0,3597.0,22.0,0.0,61.29,38.71,2.2,16.21,10.52,2.1,65.61,4.51,0.37,29.52,0.0,100.0,37.74,32.2,0.4,0.52,1.25,8.08,28.21,45.08,9.59,5.58,0.0,7048.0,4451.0,253.0,1864.0,1210.0,242.0,7545.0,519.0,42.0,3394.0,0.0,11499.0,4340.0,3703.0,46.0,60.0,144.0,929.0,3244.0,5184.0,1103.0,642.0,0.0,10.33,23.27,11.91,0.44,36.26,0.09,2.43,11.84,0.0,0.0,1.39,0.0,0.0,0.58,65.61,4.51,0.37,29.52,0.0,100.0,19.82,19.24,40.99,19.96,1188.0,2676.0,1370.0,51.0,4169.0,10.0,280.0,1361.0,0.0,0.0,160.0,0.0,0.0,67.0,7545.0,519.0,42.0,3394.0,0.0,11499.0,2279.0,2212.0,4713.0,2295.0
3510104,52.02,48.19,0.0,88.31,11.9,0.0,68.15,0.81,1.61,29.64,0.0,100.0,10.89,28.63,32.26,26.01,1.61,0.81,0.0,258.0,239.0,0.0,438.0,59.0,0.0,338.0,4.0,8.0,147.0,0.0,496.0,54.0,142.0,160.0,129.0,8.0,4.0,0.0,259.0,85.0,0.0,5.0,40.0,258.0,239.0,438.0,59.0,0.0,40.0,19.0,128.0,133.0,75.0,102.0,0.0,496.0,71.0,36.0,60.04,39.96,2.72,87.61,24.32,63.22,9.41,0.0,0.4,100.0,1.13,7.16,30.02,43.07,12.79,3.18,0.0,71.24,1.26,906.0,603.0,41.0,1322.0,367.0,954.0,142.0,0.0,6.0,1509.0,17.0,108.0,453.0,650.0,193.0,48.0,0.0,1075.0,19.0,32.19,1.3,2.79,0.28,46.33,0.0,9.02,6.42,0.0,0.0,0.28,0.0,0.0,0.0,87.72,12.28,0.0,26.51,4.09,0.0,65.86,3.91,1.02,29.12,0.0,100.0,41.21,27.35,0.0,0.0,346.0,14.0,30.0,3.0,498.0,0.0,97.0,69.0,0.0,0.0,3.0,0.0,0.0,0.0,943.0,132.0,0.0,285.0,44.0,0.0,708.0,42.0,11.0,313.0,0.0,1075.0,443.0,294.0,0.0,0.0,60.77,39.23,1.55,26.55,4.29,0.0,65.97,3.83,1.0,29.2,0.0,100.0,40.69,27.1,0.36,0.0,0.64,7.12,29.84,44.8,13.78,2.28,0.0,666.0,430.0,17.0,291.0,47.0,0.0,723.0,42.0,11.0,320.0,0.0,1096.0,446.0,297.0,4.0,0.0,7.0,78.0,327.0,491.0,151.0,25.0,0.0,32.12,1.28,2.74,0.27,46.62,0.27,8.85,6.3,0.0,0.0,0.27,0.0,0.0,0.0,65.97,3.83,1.0,29.2,0.0,100.0,21.62,11.77,53.65,13.05,352.0,14.0,30.0,3.0,511.0,3.0,97.0,69.0,0.0,0.0,3.0,0.0,0.0,0.0,723.0,42.0,11.0,320.0,0.0,1096.0,237.0,129.0,588.0,143.0
3510153,47.52,52.48,0.0,76.57,23.43,0.0,55.71,6.58,0.12,37.6,0.0,100.0,6.52,19.67,41.3,26.84,2.33,2.81,0.48,795.0,878.0,0.0,1281.0,392.0,0.0,932.0,110.0,2.0,629.0,0.0,1673.0,109.0,329.0,691.0,449.0,39.0,47.0,8.0,836.0,262.0,4.0,2.0,230.0,795.0,878.0,1281.0,392.0,0.0,171.0,139.0,455.0,343.0,227.0,337.0,0.0,1673.0,129.0,210.0,56.61,43.39,0.6,44.37,8.62,35.75,53.22,0.0,2.38,100.0,1.52,8.15,36.96,40.92,8.34,3.52,0.0,86.43,2.57,1786.0,1369.0,19.0,1400.0,272.0,1128.0,1679.0,0.0,75.0,3155.0,48.0,257.0,1166.0,1291.0,263.0,111.0,0.0,2727.0,81.0,22.0,5.65,15.55,0.26,27.69,0.0,3.56,24.83,0.0,0.0,0.11,0.0,0.0,0.0,41.03,58.97,0.0,11.0,11.48,1.43,50.09,10.27,0.37,39.27,0.0,100.0,38.36,36.6,0.62,0.0,600.0,154.0,424.0,7.0,755.0,0.0,97.0,677.0,0.0,0.0,3.0,0.0,0.0,0.0,1119.0,1608.0,0.0,300.0,313.0,39.0,1366.0,280.0,10.0,1071.0,0.0,2727.0,1046.0,998.0,17.0,0.0,57.12,42.84,0.53,10.68,11.54,1.5,50.0,10.26,0.5,39.21,0.0,100.0,37.86,36.15,1.03,0.61,1.42,9.05,37.04,41.7,7.34,2.85,0.0,1604.0,1203.0,15.0,300.0,324.0,42.0,1404.0,288.0,14.0,1101.0,0.0,2808.0,1063.0,1015.0,29.0,17.0,40.0,254.0,1040.0,1171.0,206.0,80.0,0.0,21.69,5.48,15.24,0.25,28.17,0.0,3.45,24.79,0.0,0.0,0.11,0.0,0.0,0.25,50.0,10.26,0.5,39.21,0.0,100.0,25.04,18.59,46.33,10.01,609.0,154.0,428.0,7.0,791.0,0.0,97.0,696.0,0.0,0.0,3.0,0.0,0.0,7.0,1404.0,288.0,14.0,1101.0,0.0,2808.0,703.0,522.0,1301.0,281.0
3510203,51.7,48.3,0.49,94.3,5.4,0.3,68.54,1.4,1.49,28.57,0.0,100.0,12.74,29.35,34.66,16.2,3.1,2.15,1.31,5679.0,5305.0,54.0,10358.0,593.0,33.0,7528.0,154.0,164.0,3138.0,0.0,10984.0,1399.0,3224.0,3807.0,1779.0,341.0,236.0,144.0,5694.0,2040.0,102.0,92.0,979.0,5679.0,5305.0,10358.0,593.0,33.0,839.0,978.0,2964.0,2506.0,1687.0,1831.0,177.0,10984.0,1190.0,886.0,59.97,40.03,1.64,87.62,13.99,73.63,8.9,0.0,0.77,100.0,2.58,14.52,37.96,31.27,7.31,4.72,0.0,77.55,4.99,12185.0,8133.0,334.0,17803.0,2842.0,14961.0,1809.0,0.0,157.0,20318.0,524.0,2950.0,7712.0,6353.0,1486.0,960.0,0.0,15756.0,1013.0,30.93,7.58,19.6,0.16,27.52,0.0,1.24,10.93,0.0,0.0,0.57,0.0,0.0,0.52,92.19,7.8,0.0,12.55,15.99,5.8,67.31,3.08,1.78,27.77,0.06,100.0,33.61,31.62,0.1,0.0,4875.0,1194.0,3090.0,26.0,4337.0,0.0,195.0,1723.0,0.0,0.0,90.0,0.0,0.0,82.0,14531.0,1230.0,0.0,1978.0,2520.0,914.0,10609.0,485.0,281.0,4377.0,10.0,15762.0,5298.0,4984.0,15.0,0.0,61.32,38.68,1.56,12.17,15.9,6.83,67.31,2.89,1.87,27.87,0.06,100.0,32.36,30.77,1.12,0.47,2.55,15.15,38.56,30.5,7.41,4.27,0.0,10283.0,6486.0,262.0,2041.0,2667.0,1145.0,11287.0,485.0,313.0,4674.0,10.0,16769.0,5427.0,5159.0,187.0,78.0,428.0,2541.0,6466.0,5114.0,1243.0,716.0,0.0,30.16,7.33,18.77,0.16,28.1,0.0,1.34,11.68,0.08,0.0,0.77,0.0,0.0,0.69,67.32,2.89,1.87,27.86,0.06,100.0,23.32,16.69,45.64,14.35,5059.0,1229.0,3148.0,26.0,4713.0,0.0,224.0,1960.0,13.0,0.0,129.0,0.0,0.0,115.0,11292.0,485.0,313.0,4674.0,10.0,16774.0,3912.0,2800.0,7655.0,2407.0
3510302,48.58,51.42,1.1,91.31,8.71,0.0,74.32,1.56,0.17,23.97,0.0,100.0,8.27,24.01,32.33,17.28,2.04,0.97,14.01,2643.0,2797.0,60.0,4967.0,474.0,0.0,4043.0,85.0,9.0,1304.0,0.0,5440.0,450.0,1306.0,1759.0,940.0,111.0,53.0,762.0,2677.0,1076.0,70.0,203.0,268.0,2643.0,2797.0,4967.0,474.0,0.0,458.0,853.0,1252.0,1083.0,753.0,961.0,81.0,5440.0,437.0,709.0,59.66,40.34,2.26,76.65,12.52,64.15,17.49,0.12,1.05,100.0,2.48,13.66,37.94,33.5,7.26,2.9,0.0,78.62,2.98,4666.0,3155.0,177.0,5995.0,979.0,5017.0,1368.0,9.0,82.0,7821.0,194.0,1068.0,2967.0,2620.0,568.0,227.0,0.0,6149.0,233.0,24.95,3.9,15.04,0.28,33.27,0.21,5.71,11.27,0.0,0.0,0.34,0.0,0.0,0.39,79.96,20.04,0.0,9.63,20.9,6.52,76.84,2.23,0.99,19.94,0.0,100.0,27.13,33.27,0.57,1.35,1534.0,240.0,925.0,17.0,2046.0,13.0,351.0,693.0,0.0,0.0,21.0,0.0,0.0,24.0,4917.0,1232.0,0.0,592.0,1285.0,401.0,4725.0,137.0,61.0,1226.0,0.0,6149.0,1668.0,2046.0,35.0,83.0,60.8,39.2,1.83,9.26,20.55,6.63,77.43,2.27,0.95,19.35,0.0,100.0,26.51,32.61,1.35,1.66,2.42,13.09,39.29,33.69,6.6,3.1,0.0,3887.0,2506.0,117.0,592.0,1314.0,424.0,4950.0,145.0,61.0,1237.0,0.0,6393.0,1695.0,2085.0,86.0,106.0,155.0,837.0,2512.0,2154.0,422.0,198.0,0.0,24.14,3.89,14.77,0.27,32.72,0.2,6.05,11.2,0.0,0.0,0.33,0.0,0.0,0.5,77.43,2.27,0.95,19.35,0.0,100.0,24.64,17.74,42.19,15.44,1543.0,249.0,944.0,17.0,2092.0,13.0,387.0,716.0,0.0,0.0,21.0,0.0,0.0,32.0,4950.0,145.0,61.0,1237.0,0.0,6393.0,1575.0,1134.0,2697.0,987.0
3510401,50.16,49.84,1.45,91.94,8.05,0.0,59.64,9.33,0.11,30.92,0.0,100.0,4.56,16.09,37.97,27.4,6.63,3.27,2.65,9379.0,9319.0,272.0,17192.0,1505.0,0.0,11153.0,1744.0,20.0,5782.0,0.0,18699.0,852.0,3008.0,7100.0,5123.0,1239.0,611.0,495.0,8919.0,4970.0,184.0,372.0,1624.0,9379.0,9319.0,17192.0,1505.0,0.0,1887.0,6425.0,3192.0,2359.0,1812.0,2037.0,986.0,18699.0,1173.0,1456.0,58.82,41.18,2.71,87.5,11.13,76.37,9.34,0.0,0.22,100.0,0.94,7.42,30.4,39.63,12.35,6.42,0.12,81.96,3.68,13275.0,9295.0,612.0,19748.0,2513.0,17235.0,2107.0,0.0,49.0,22569.0,213.0,1675.0,6862.0,8945.0,2787.0,1448.0,27.0,18498.0,831.0,18.9,3.02,11.49,0.47,48.91,0.17,0.8,14.15,0.0,0.0,0.34,0.0,0.11,0.89,89.74,10.26,0.0,6.3,21.21,5.45,60.95,11.2,0.12,27.74,0.0,100.0,31.46,35.1,0.07,0.0,3497.0,558.0,2126.0,87.0,9050.0,32.0,148.0,2619.0,0.0,0.0,63.0,0.0,20.0,164.0,16606.0,1899.0,0.0,1165.0,3925.0,1008.0,11278.0,2072.0,22.0,5133.0,0.0,18505.0,5821.0,6496.0,13.0,0.0,61.09,38.91,2.74,6.26,21.27,5.72,60.52,11.05,0.11,28.32,0.0,100.0,31.34,34.51,0.14,0.12,0.83,6.86,30.01,40.67,12.11,6.78,0.0,11816.0,7526.0,530.0,1210.0,4115.0,1107.0,11706.0,2137.0,22.0,5477.0,0.0,19342.0,6061.0,6674.0,27.0,24.0,161.0,1327.0,5804.0,7867.0,2342.0,1311.0,0.0,18.72,2.89,11.61,0.59,48.32,0.17,0.83,14.36,0.0,0.0,0.39,0.0,0.1,0.96,60.53,11.04,0.11,28.3,0.0,100.0,27.43,21.31,35.65,15.6,3623.0,559.0,2246.0,115.0,9349.0,32.0,161.0,2779.0,0.0,0.0,76.0,0.0,20.0,186.0,11713.0,2137.0,22.0,5477.0,0.0,19350.0,5308.0,4123.0,6899.0,3019.0
3510500,49.54,50.46,1.31,95.1,4.84,0.06,56.7,5.53,0.39,37.28,0.1,100.0,10.86,21.82,31.35,20.85,6.56,4.31,2.94,17578.0,17907.0,466.0,33747.0,1716.0,22.0,20121.0,1961.0,140.0,13229.0,35.0,35485.0,3854.0,7742.0,11124.0,7397.0,2329.0,1528.0,1045.0,17143.0,6253.0,601.0,198.0,3830.0,17578.0,17907.0,33747.0,1716.0,22.0,2561.0,4004.0,9617.0,7346.0,4842.0,6677.0,439.0,35485.0,4046.0,3413.0,55.78,44.22,3.86,91.25,14.1,77.15,7.06,0.06,0.48,100.0,2.45,10.79,29.86,34.29,11.51,7.23,0.02,78.48,5.78,33231.0,26346.0,2301.0,54365.0,8401.0,45964.0,4208.0,38.0,288.0,59577.0,1457.0,6426.0,17790.0,20429.0,6856.0,4306.0,12.0,46758.0,3442.0,9.71,27.77,11.96,0.96,31.89,0.21,0.67,14.89,0.0,0.02,0.19,0.09,0.0,0.58,92.42,7.58,0.0,8.93,18.02,5.26,54.09,9.3,0.52,35.9,0.19,100.0,30.15,36.74,0.25,0.0,4543.0,12992.0,5597.0,449.0,14921.0,100.0,312.0,6965.0,0.0,10.0,90.0,41.0,0.0,271.0,43238.0,3544.0,0.0,4179.0,8429.0,2459.0,25304.0,4350.0,243.0,16796.0,89.0,46782.0,14106.0,17187.0,115.0,0.0,57.45,42.55,3.45,8.45,18.58,5.39,53.34,9.46,0.5,36.5,0.19,100.0,29.36,36.57,0.61,0.11,2.34,10.53,31.03,35.18,10.9,6.56,0.0,28848.0,21363.0,1732.0,4245.0,9327.0,2704.0,26781.0,4752.0,253.0,18328.0,97.0,50211.0,14744.0,18363.0,304.0,54.0,1177.0,5286.0,15582.0,17664.0,5473.0,3295.0,2.0,9.54,27.48,11.91,1.02,31.36,0.22,0.75,15.31,0.0,0.02,0.24,0.08,0.0,0.63,53.35,9.46,0.5,36.5,0.19,100.0,15.23,15.84,48.76,20.17,4791.0,13805.0,5981.0,513.0,15754.0,111.0,375.0,7692.0,0.0,10.0,123.0,41.0,0.0,318.0,26798.0,4752.0,253.0,18335.0,97.0,50235.0,7649.0,7959.0,24496.0,10131.0
3510609,49.9,50.1,0.97,85.81,14.09,0.05,45.7,9.69,0.19,44.14,0.25,100.0,9.26,19.24,34.56,22.41,6.01,2.83,4.72,49244.0,49448.0,953.0,84684.0,13908.0,53.0,45099.0,9559.0,186.0,43560.0,245.0,98692.0,9134.0,18993.0,34109.0,22119.0,5934.0,2797.0,4654.0,49329.0,18962.0,1888.0,1479.0,10027.0,49244.0,49448.0,84684.0,13908.0,53.0,8867.0,13386.0,26968.0,20300.0,13430.0,14605.0,1137.0,98692.0,7575.0,9432.0,54.01,45.99,2.43,50.49,14.74,35.75,45.04,0.01,1.84,100.0,1.67,8.76,30.7,37.55,12.65,6.2,0.03,77.66,3.09,96095.0,81836.0,4324.0,89830.0,26223.0,63606.0,80148.0,11.0,3270.0,177931.0,2978.0,15591.0,54631.0,66820.0,22501.0,11038.0,50.0,138178.0,5501.0,10.3,0.74,6.3,0.25,25.88,0.34,0.85,43.11,0.26,9.16,0.28,0.03,0.08,0.79,44.33,55.67,0.0,3.04,35.45,26.7,42.81,13.62,0.21,43.17,0.2,100.0,8.67,23.09,2.29,0.02,14239.0,1020.0,8704.0,343.0,35760.0,476.0,1175.0,59573.0,358.0,12653.0,384.0,48.0,109.0,1087.0,61257.0,76940.0,0.0,4208.0,48996.0,36897.0,59157.0,18816.0,293.0,59655.0,276.0,138197.0,11981.0,31911.0,3160.0,32.0,54.63,45.37,2.32,3.05,35.25,26.87,42.83,13.63,0.22,43.12,0.19,100.0,8.62,22.75,2.37,0.11,1.46,8.64,31.09,38.32,12.36,5.81,0.02,78543.0,65223.0,3331.0,4380.0,50671.0,38624.0,61580.0,19595.0,317.0,61998.0,276.0,143766.0,12398.0,32713.0,3414.0,157.0,2099.0,12418.0,44696.0,55085.0,17763.0,8352.0,23.0,10.24,0.72,6.24,0.24,26.05,0.36,0.85,42.74,0.25,9.08,0.33,0.04,0.08,0.84,42.84,13.63,0.22,43.12,0.19,100.0,15.93,14.34,50.01,19.72,14728.0,1033.0,8973.0,343.0,37449.0,514.0,1227.0,61450.0,358.0,13059.0,471.0,54.0,109.0,1202.0,61598.0,19595.0,317.0,61998.0,276.0,143784.0,22910.0,20622.0,71901.0,28350.0
3510708,49.1,50.9,0.56,82.13,17.87,0.0,48.79,4.93,0.99,45.24,0.0,100.0,6.53,27.5,33.27,22.28,7.24,1.63,0.99,1234.0,1279.0,14.0,2064.0,449.0,0.0,1226.0,124.0,25.0,1137.0,0.0,2513.0,164.0,691.0,836.0,560.0,182.0,41.0,25.0,1395.0,381.0,14.0,17.0,311.0,1234.0,1279.0,2064.0,449.0,0.0,269.0,308.0,680.0,512.0,394.0,333.0,17.0,2513.0,139.0,254.0,56.84,43.18,1.83,86.38,15.29,71.09,11.95,0.0,1.33,100.0,2.01,10.95,27.67,37.53,14.0,6.01,0.0,81.19,1.85,2855.0,2169.0,92.0,4339.0,768.0,3571.0,600.0,0.0,67.0,5023.0,101.0,550.0,1390.0,1885.0,703.0,302.0,0.0,4078.0,93.0,14.57,31.58,10.77,0.76,27.81,0.0,2.11,11.43,0.0,0.0,0.0,0.0,0.12,0.0,86.17,13.83,0.0,25.77,13.34,2.97,47.35,8.71,1.23,42.74,0.0,100.0,34.65,22.51,0.25,0.0,594.0,1288.0,439.0,31.0,1134.0,0.0,86.0,466.0,0.0,0.0,0.0,0.0,5.0,0.0,3514.0,564.0,0.0,1051.0,544.0,121.0,1931.0,355.0,50.0,1743.0,0.0,4078.0,1413.0,918.0,10.0,0.0,56.82,43.2,2.01,25.34,13.04,3.0,47.13,8.7,1.2,42.99,0.0,100.0,34.14,23.33,0.29,0.34,2.04,11.72,27.19,38.65,12.66,5.73,0.0,2370.0,1802.0,84.0,1057.0,544.0,125.0,1966.0,363.0,50.0,1793.0,0.0,4171.0,1424.0,973.0,12.0,14.0,85.0,489.0,1134.0,1612.0,528.0,239.0,0.0,14.46,31.65,10.74,0.74,27.79,0.0,2.06,11.41,0.0,0.0,0.0,0.0,0.12,0.0,47.13,8.7,1.2,42.99,0.0,100.0,26.23,16.09,39.68,18.03,603.0,1320.0,448.0,31.0,1159.0,0.0,86.0,476.0,0.0,0.0,0.0,0.0,5.0,0.0,1966.0,363.0,50.0,1793.0,0.0,4171.0,1094.0,671.0,1655.0,752.0
3510807,51.36,48.64,0.19,91.94,8.06,0.0,66.36,3.69,0.13,29.81,0.0,100.0,11.05,21.12,32.89,20.82,8.08,2.12,3.72,3229.0,3058.0,12.0,5780.0,507.0,0.0,4172.0,232.0,8.0,1874.0,0.0,6287.0,695.0,1328.0,2068.0,1309.0,508.0,133.0,234.0,3124.0,1136.0,80.0,38.0,595.0,3239.0,3058.0,5790.0,507.0,0.0,400.0,585.0,1578.0,1409.0,1082.0,1201.0,41.0,6297.0,720.0,605.0,55.84,44.16,2.25,91.06,13.17,77.89,7.25,0.09,1.0,100.0,1.87,9.82,29.45,38.0,11.95,6.66,0.0,82.31,2.92,6787.0,5367.0,274.0,11068.0,1601.0,9467.0,881.0,11.0,122.0,12154.0,227.0,1194.0,3579.0,4618.0,1452.0,809.0,0.0,10004.0,355.0,18.87,4.28,19.85,0.74,41.25,0.0,3.78,9.45,0.0,0.0,0.42,0.1,0.05,0.19,92.84,7.17,0.0,13.02,12.09,3.25,67.67,6.28,0.0,25.93,0.12,100.0,36.71,34.0,0.23,0.0,1889.0,429.0,1988.0,74.0,4130.0,0.0,378.0,946.0,0.0,0.0,42.0,10.0,5.0,19.0,9296.0,718.0,0.0,1304.0,1211.0,325.0,6776.0,629.0,0.0,2596.0,12.0,10013.0,3676.0,3404.0,23.0,0.0,55.03,44.97,2.37,12.77,11.98,3.39,67.61,6.39,0.0,25.88,0.12,100.0,35.84,33.82,0.99,0.29,2.08,9.39,29.49,38.13,11.81,6.74,0.0,5701.0,4658.0,245.0,1323.0,1241.0,351.0,7004.0,662.0,0.0,2681.0,12.0,10359.0,3713.0,3503.0,103.0,30.0,215.0,973.0,3055.0,3950.0,1223.0,698.0,0.0,18.4,4.11,19.3,0.71,41.31,0.0,3.69,9.24,0.0,0.0,0.62,0.1,0.05,0.46,67.58,6.34,0.0,25.97,0.11,100.0,16.08,12.92,48.24,22.77,1923.0,429.0,2017.0,74.0,4317.0,0.0,386.0,965.0,0.0,0.0,65.0,10.0,5.0,48.0,7061.0,662.0,0.0,2714.0,12.0,10449.0,1680.0,1350.0,5041.0,2379.0
3510906,50.25,49.92,0.33,76.71,23.46,0.0,63.73,4.83,0.0,31.45,0.0,100.0,4.33,22.8,40.77,20.97,8.15,2.16,0.67,302.0,300.0,2.0,461.0,141.0,0.0,383.0,29.0,0.0,189.0,0.0,601.0,26.0,137.0,245.0,126.0,49.0,13.0,4.0,293.0,77.0,12.0,0.0,97.0,302.0,300.0,461.0,141.0,0.0,79.0,43.0,156.0,126.0,82.0,115.0,0.0,601.0,56.0,67.0,58.01,41.99,2.32,78.25,21.17,57.07,15.45,0.0,5.87,100.0,1.02,11.17,33.21,36.84,12.33,3.12,0.0,69.62,2.9,800.0,579.0,32.0,1079.0,292.0,787.0,213.0,0.0,81.0,1379.0,14.0,154.0,458.0,508.0,170.0,43.0,0.0,960.0,40.0,36.46,1.88,6.77,0.0,45.73,0.0,2.29,5.52,0.0,0.0,0.42,0.31,0.31,0.21,80.42,19.58,0.0,19.48,9.69,3.33,69.27,7.19,0.0,23.44,0.0,100.0,38.75,28.75,0.0,0.0,350.0,18.0,65.0,0.0,439.0,0.0,22.0,53.0,0.0,0.0,4.0,3.0,3.0,2.0,772.0,188.0,0.0,187.0,93.0,32.0,665.0,69.0,0.0,225.0,0.0,960.0,372.0,276.0,0.0,0.0,52.2,47.8,2.8,18.9,9.9,3.8,68.4,7.4,0.0,24.2,0.0,100.0,38.4,28.2,0.4,0.4,1.3,11.0,33.5,37.3,11.9,2.1,0.0,522.0,478.0,28.0,189.0,99.0,38.0,684.0,74.0,0.0,242.0,0.0,1000.0,384.0,282.0,4.0,4.0,13.0,110.0,335.0,373.0,119.0,21.0,0.0,35.6,1.8,6.9,0.0,45.6,0.0,2.2,6.6,0.0,0.0,0.4,0.3,0.3,0.2,68.4,7.4,0.0,24.2,0.0,100.0,25.0,11.2,45.1,18.7,356.0,18.0,69.0,0.0,456.0,0.0,22.0,66.0,0.0,0.0,4.0,3.0,3.0,2.0,684.0,74.0,0.0,242.0,0.0,1000.0,250.0,112.0,451.0,187.0
3511003,49.55,50.45,0.75,82.46,17.54,0.0,52.6,5.8,0.89,40.73,0.0,100.0,7.1,22.0,31.59,26.68,5.41,2.62,3.85,2511.0,2557.0,38.0,4179.0,889.0,0.0,2666.0,294.0,45.0,2064.0,0.0,5068.0,360.0,1115.0,1601.0,1352.0,274.0,133.0,195.0,2627.0,868.0,91.0,43.0,492.0,2511.0,2557.0,4179.0,889.0,0.0,377.0,561.0,1338.0,1119.0,773.0,848.0,52.0,5068.0,450.0,496.0,57.93,42.07,1.71,77.1,17.58,59.52,22.11,0.0,0.14,100.0,1.86,10.94,30.13,36.95,11.62,6.63,0.15,71.3,10.33,5009.0,3637.0,148.0,6666.0,1520.0,5146.0,1912.0,0.0,12.0,8646.0,161.0,946.0,2605.0,3195.0,1005.0,573.0,13.0,6165.0,893.0,12.04,10.95,15.09,0.0,31.86,0.0,0.41,27.88,0.0,0.0,0.76,0.0,0.0,0.34,76.35,23.65,0.0,9.62,25.0,5.19,44.64,8.06,0.89,46.41,0.0,100.0,27.19,32.91,0.1,0.0,742.0,675.0,930.0,0.0,1964.0,0.0,25.0,1719.0,0.0,0.0,47.0,0.0,0.0,21.0,4707.0,1458.0,0.0,593.0,1541.0,320.0,2752.0,497.0,55.0,2861.0,0.0,6165.0,1676.0,2029.0,6.0,0.0,58.69,41.31,1.22,9.04,24.24,5.48,43.34,8.1,0.91,47.65,0.0,100.0,25.05,34.05,0.81,1.02,1.77,11.31,30.08,38.13,10.07,7.24,0.18,4142.0,2916.0,86.0,638.0,1711.0,387.0,3059.0,572.0,64.0,3363.0,0.0,7058.0,1768.0,2403.0,57.0,72.0,125.0,798.0,2123.0,2691.0,711.0,511.0,13.0,10.94,10.92,15.06,0.11,30.41,0.0,0.52,29.16,0.0,0.0,1.4,0.0,0.0,0.54,43.34,8.1,0.91,47.65,0.0,100.0,22.24,15.27,42.22,20.25,772.0,771.0,1063.0,8.0,2146.0,0.0,37.0,2058.0,0.0,0.0,99.0,0.0,0.0,38.0,3059.0,572.0,64.0,3363.0,0.0,7058.0,1570.0,1078.0,2980.0,1429.0
3511102,49.67,50.33,1.58,94.24,5.67,0.09,67.69,5.1,0.35,26.87,0.0,100.0,7.31,14.9,32.69,28.69,8.66,4.37,1.8,12940.0,13110.0,412.0,24550.0,1477.0,23.0,17633.0,1329.0,90.0,6999.0,0.0,26050.0,1905.0,3881.0,8516.0,7473.0,2255.0,1138.0,470.0,12068.0,4460.0,563.0,167.0,3295.0,12940.0,13110.0,24550.0,1477.0,23.0,2822.0,2875.0,6663.0,5052.0,3668.0,4753.0,217.0,26050.0,3182.0,2317.0,54.59,45.41,4.23,91.5,11.53,79.98,4.75,0.0,1.26,100.0,1.0,5.08,22.49,42.23,16.25,8.71,0.02,82.71,1.99,31794.0,26446.0,2463.0,53291.0,6713.0,46578.0,2764.0,0.0,731.0,58239.0,581.0,2958.0,13097.0,24597.0,9463.0,5071.0,9.0,48167.0,1157.0,11.42,2.85,28.6,1.67,46.86,0.26,0.45,5.91,0.0,0.0,0.39,0.05,0.02,0.22,95.37,4.63,0.0,10.81,10.07,2.05,69.61,6.23,0.28,23.84,0.04,100.0,41.75,34.67,0.16,0.0,5502.0,1372.0,13780.0,804.0,22576.0,127.0,218.0,2848.0,0.0,0.0,186.0,23.0,12.0,108.0,45949.0,2229.0,0.0,5206.0,4852.0,988.0,33536.0,3000.0,136.0,11486.0,20.0,48178.0,20115.0,16703.0,79.0,0.0,55.21,44.79,3.87,10.74,10.15,2.26,69.85,6.3,0.28,23.52,0.06,100.0,41.2,34.43,0.3,0.23,0.91,5.11,22.19,43.13,16.25,8.51,0.02,27243.0,22099.0,1911.0,5300.0,5010.0,1117.0,34465.0,3108.0,136.0,11603.0,30.0,49342.0,20328.0,16987.0,147.0,113.0,451.0,2521.0,10948.0,21282.0,8018.0,4201.0,9.0,11.33,2.8,28.04,1.63,47.11,0.28,0.44,6.04,0.0,0.0,0.44,0.05,0.02,0.3,69.86,6.3,0.28,23.51,0.06,100.0,14.94,13.73,45.22,26.11,5593.0,1382.0,13840.0,804.0,23248.0,137.0,218.0,2981.0,0.0,0.0,217.0,23.0,12.0,147.0,34476.0,3108.0,136.0,11603.0,30.0,49353.0,7371.0,6778.0,22318.0,12886.0
3511201,50.24,49.76,0.0,85.05,14.95,0.0,62.35,1.45,0.0,36.26,0.0,100.0,5.26,19.72,39.17,29.62,4.64,1.04,0.62,726.0,719.0,0.0,1229.0,216.0,0.0,901.0,21.0,0.0,524.0,0.0,1445.0,76.0,285.0,566.0,428.0,67.0,15.0,9.0,799.0,265.0,41.0,14.0,53.0,726.0,719.0,1229.0,216.0,0.0,100.0,73.0,468.0,319.0,257.0,219.0,10.0,1445.0,90.0,183.0,63.4,36.57,0.26,47.63,10.6,37.03,51.24,0.0,0.0,100.0,1.13,7.78,31.14,42.76,12.52,4.24,0.1,74.56,13.71,1914.0,1104.0,8.0,1438.0,320.0,1118.0,1547.0,0.0,0.0,3019.0,34.0,235.0,940.0,1291.0,378.0,128.0,3.0,2251.0,414.0,17.68,1.38,9.64,0.18,28.03,0.0,9.77,31.01,0.0,0.0,0.93,0.0,0.0,0.31,41.27,58.73,0.0,11.2,20.12,4.4,60.6,4.0,0.0,35.32,0.09,100.0,19.28,44.6,0.4,0.0,398.0,31.0,217.0,4.0,631.0,0.0,220.0,698.0,0.0,0.0,21.0,0.0,0.0,7.0,929.0,1322.0,0.0,252.0,453.0,99.0,1364.0,90.0,0.0,795.0,2.0,2251.0,434.0,1004.0,9.0,0.0,66.3,33.7,0.19,9.76,18.39,4.28,60.38,4.02,0.0,35.53,0.08,100.0,17.97,48.93,0.45,0.23,1.13,7.8,32.2,41.46,12.95,4.28,0.0,1767.0,898.0,5.0,260.0,490.0,114.0,1609.0,107.0,0.0,947.0,2.0,2665.0,479.0,1304.0,12.0,6.0,30.0,208.0,858.0,1105.0,345.0,114.0,0.0,17.41,1.24,10.02,0.15,30.54,0.0,10.21,28.33,0.0,0.0,0.79,0.0,0.0,0.26,60.38,4.02,0.0,35.53,0.08,100.0,18.05,16.85,53.58,11.52,464.0,33.0,267.0,4.0,814.0,0.0,272.0,755.0,0.0,0.0,21.0,0.0,0.0,7.0,1609.0,107.0,0.0,947.0,2.0,2665.0,481.0,449.0,1428.0,307.0
3511300,47.32,52.68,0.64,75.78,24.22,0.0,61.21,5.17,0.19,33.43,0.0,100.0,5.17,12.35,33.65,33.27,7.35,6.8,0.71,1475.0,1642.0,20.0,2362.0,755.0,0.0,1908.0,161.0,6.0,1042.0,0.0,3117.0,161.0,385.0,1049.0,1037.0,229.0,212.0,22.0,1577.0,588.0,41.0,6.0,333.0,1475.0,1642.0,2362.0,755.0,0.0,302.0,493.0,746.0,615.0,368.0,529.0,63.0,3117.0,241.0,330.0,57.24,42.78,3.62,68.13,14.98,53.15,30.7,0.0,1.13,100.0,1.33,3.94,24.69,42.2,15.55,8.57,0.09,81.05,2.8,3906.0,2919.0,247.0,4649.0,1022.0,3627.0,2095.0,0.0,77.0,6824.0,91.0,269.0,1685.0,2880.0,1061.0,585.0,6.0,5531.0,191.0,15.57,6.64,17.94,0.89,50.41,0.0,0.33,6.83,0.0,0.0,0.63,0.0,0.0,0.47,64.49,35.53,0.0,12.87,8.48,1.9,66.59,6.76,0.38,26.13,0.14,100.0,35.74,40.82,0.09,0.0,861.0,367.0,992.0,49.0,2788.0,0.0,18.0,378.0,0.0,0.0,35.0,0.0,0.0,26.0,3567.0,1965.0,0.0,712.0,469.0,105.0,3683.0,374.0,21.0,1445.0,8.0,5531.0,1977.0,2258.0,5.0,0.0,56.87,43.13,3.36,12.88,8.6,2.04,66.93,6.78,0.37,25.76,0.14,100.0,35.08,40.72,0.16,0.33,1.24,4.21,24.05,42.76,16.08,8.3,0.0,3254.0,2468.0,192.0,737.0,492.0,117.0,3830.0,388.0,21.0,1474.0,8.0,5722.0,2007.0,2330.0,9.0,19.0,71.0,241.0,1376.0,2447.0,920.0,475.0,0.0,15.29,6.5,17.42,0.86,50.7,0.0,0.31,6.87,0.0,0.0,0.91,0.0,0.1,0.61,66.93,6.78,0.37,25.76,0.14,100.0,18.51,20.06,42.22,19.22,875.0,372.0,997.0,49.0,2901.0,0.0,18.0,393.0,0.0,0.0,52.0,0.0,6.0,35.0,3830.0,388.0,21.0,1474.0,8.0,5722.0,1059.0,1148.0,2416.0,1100.0
3511409,49.38,50.62,0.63,87.8,11.6,0.61,68.51,1.85,0.0,29.64,0.0,100.0,9.03,20.66,36.13,23.55,5.97,2.18,1.86,2992.0,3067.0,38.0,5320.0,703.0,37.0,4151.0,112.0,0.0,1796.0,0.0,6059.0,547.0,1252.0,2189.0,1427.0,362.0,132.0,113.0,2967.0,1361.0,158.0,30.0,460.0,2992.0,3067.0,5320.0,703.0,37.0,507.0,1110.0,1387.0,1181.0,736.0,954.0,183.0,6059.0,428.0,655.0,57.42,42.58,2.49,87.83,10.95,76.88,10.95,0.0,0.45,100.0,1.75,7.46,30.8,39.24,12.41,5.86,0.0,75.44,12.39,5553.0,4118.0,241.0,8494.0,1059.0,7435.0,1059.0,0.0,44.0,9671.0,169.0,721.0,2979.0,3795.0,1200.0,567.0,0.0,7296.0,1198.0,22.93,6.0,9.47,0.0,38.19,0.0,2.37,18.63,0.0,0.0,0.78,0.0,0.0,0.19,87.55,12.45,0.0,16.17,18.52,4.58,71.04,3.51,0.0,25.32,0.12,100.0,32.43,27.75,0.37,0.0,1673.0,438.0,691.0,0.0,2786.0,0.0,173.0,1359.0,0.0,0.0,57.0,0.0,0.0,14.0,6388.0,908.0,0.0,1180.0,1351.0,334.0,5183.0,256.0,0.0,1847.0,9.0,7296.0,2366.0,2025.0,27.0,0.0,57.72,42.28,2.5,16.32,17.73,5.32,70.33,3.61,0.0,25.95,0.11,100.0,30.57,28.74,0.93,0.14,1.19,8.22,30.99,39.04,12.68,5.39,0.0,4903.0,3591.0,212.0,1386.0,1506.0,452.0,5974.0,307.0,0.0,2204.0,9.0,8494.0,2597.0,2441.0,79.0,12.0,101.0,698.0,2632.0,3316.0,1077.0,458.0,0.0,23.9,5.84,8.95,0.0,37.49,0.0,2.52,18.79,0.0,0.0,0.81,0.0,0.0,0.16,70.33,3.61,0.0,25.95,0.11,100.0,24.36,21.37,39.77,14.5,2030.0,496.0,760.0,0.0,3184.0,0.0,214.0,1596.0,0.0,0.0,69.0,0.0,0.0,14.0,5974.0,307.0,0.0,2204.0,9.0,8494.0,2069.0,1815.0,3378.0,1232.0
3511508,49.11,50.89,1.43,91.39,8.5,0.11,73.11,2.69,0.27,23.93,0.0,100.0,3.08,15.97,30.71,34.51,8.4,4.68,1.22,5188.0,5375.0,151.0,9653.0,898.0,12.0,7723.0,284.0,28.0,2528.0,0.0,10563.0,325.0,1687.0,3244.0,3645.0,887.0,494.0,129.0,5283.0,1698.0,247.0,50.0,1200.0,5188.0,5375.0,9653.0,898.0,12.0,801.0,1093.0,2808.0,2204.0,1596.0,1996.0,66.0,10563.0,1231.0,855.0,54.66,45.34,3.46,84.51,12.6,71.9,13.16,0.0,1.13,100.0,0.55,5.05,23.72,44.9,14.52,7.81,0.0,82.4,2.66,12718.0,10548.0,804.0,19661.0,2932.0,16729.0,3061.0,0.0,263.0,23266.0,127.0,1175.0,5519.0,10446.0,3378.0,1816.0,0.0,19172.0,618.0,17.49,5.94,14.0,0.43,47.59,0.11,1.89,10.93,0.0,0.0,0.46,0.05,0.0,0.22,85.83,14.17,0.0,10.48,6.54,1.82,68.07,4.99,0.25,26.63,0.06,100.0,41.7,39.1,0.19,0.0,3368.0,1144.0,2696.0,82.0,9164.0,21.0,363.0,2105.0,0.0,0.0,88.0,10.0,0.0,43.0,16526.0,2729.0,0.0,2018.0,1259.0,351.0,13107.0,961.0,49.0,5128.0,11.0,19255.0,8030.0,7529.0,36.0,0.0,57.26,42.74,3.6,10.47,7.07,2.17,68.07,4.92,0.25,26.71,0.06,100.0,40.91,38.56,0.31,0.26,0.59,5.3,23.87,45.08,13.93,7.64,0.0,11332.0,8458.0,713.0,2072.0,1399.0,429.0,13472.0,974.0,49.0,5285.0,11.0,19790.0,8097.0,7631.0,61.0,51.0,116.0,1048.0,4723.0,8922.0,2757.0,1512.0,0.0,17.41,5.92,13.72,0.46,47.22,0.11,1.87,11.38,0.0,0.0,0.53,0.05,0.0,0.33,68.03,4.9,0.25,26.78,0.06,100.0,14.53,17.37,48.72,19.38,3459.0,1177.0,2726.0,91.0,9384.0,21.0,371.0,2262.0,0.0,0.0,106.0,10.0,0.0,66.0,13519.0,974.0,49.0,5321.0,11.0,19873.0,2888.0,3451.0,9682.0,3852.0
3511607,49.64,50.36,0.38,91.57,8.43,0.0,73.25,2.65,0.09,23.88,0.11,100.0,4.83,23.49,43.91,22.91,3.04,0.22,1.21,2208.0,2240.0,17.0,4073.0,375.0,0.0,3258.0,118.0,4.0,1062.0,5.0,4448.0,215.0,1045.0,1953.0,1019.0,135.0,10.0,54.0,2399.0,784.0,72.0,115.0,106.0,2208.0,2240.0,4073.0,375.0,0.0,177.0,397.0,1245.0,1002.0,686.0,885.0,54.0,4448.0,489.0,484.0,59.48,40.52,1.12,83.42,20.72,62.7,15.81,0.0,0.24,100.0,1.51,11.9,34.2,41.79,7.34,1.97,0.16,77.25,1.27,4977.0,3391.0,94.0,6981.0,1734.0,5247.0,1323.0,0.0,20.0,8368.0,126.0,996.0,2862.0,3497.0,614.0,165.0,13.0,6464.0,106.0,25.32,4.51,15.46,0.12,32.93,0.0,2.49,17.33,0.08,0.0,0.12,0.0,0.0,0.85,80.78,19.22,0.0,14.9,15.06,2.32,70.13,4.07,0.19,25.37,0.25,100.0,32.44,34.51,0.23,0.0,1638.0,292.0,1000.0,8.0,2130.0,0.0,161.0,1121.0,5.0,0.0,8.0,0.0,0.0,55.0,5225.0,1243.0,0.0,964.0,974.0,150.0,4536.0,263.0,12.0,1641.0,16.0,6468.0,2098.0,2232.0,15.0,0.0,61.66,38.34,1.07,14.67,14.82,2.86,69.88,4.11,0.18,25.6,0.24,100.0,31.96,34.2,0.73,0.12,1.51,11.93,35.43,41.08,6.93,1.84,0.2,4051.0,2519.0,70.0,964.0,974.0,188.0,4591.0,270.0,12.0,1682.0,16.0,6570.0,2100.0,2247.0,48.0,8.0,99.0,784.0,2328.0,2699.0,455.0,121.0,13.0,25.14,4.44,15.33,0.12,33.31,0.0,2.45,17.17,0.08,0.0,0.2,0.0,0.0,0.88,69.88,4.11,0.18,25.59,0.24,100.0,26.92,22.41,37.57,13.08,1653.0,292.0,1008.0,8.0,2190.0,0.0,161.0,1129.0,5.0,0.0,13.0,0.0,0.0,58.0,4594.0,270.0,12.0,1682.0,16.0,6574.0,1770.0,1473.0,2470.0,860.0
3511706,49.85,50.18,0.25,83.33,16.51,0.16,65.89,2.0,0.11,32.03,0.0,100.0,4.37,20.36,43.54,23.48,5.82,1.83,0.36,1824.0,1836.0,9.0,3049.0,604.0,6.0,2411.0,73.0,4.0,1172.0,0.0,3659.0,160.0,745.0,1593.0,859.0,213.0,67.0,13.0,1836.0,614.0,57.0,19.0,338.0,1824.0,1836.0,3049.0,604.0,6.0,333.0,238.0,962.0,827.0,579.0,713.0,8.0,3659.0,313.0,482.0,61.37,38.63,0.98,65.62,9.17,56.45,33.74,0.0,0.04,100.0,0.61,8.54,30.37,40.9,13.32,5.27,0.0,88.85,1.36,4436.0,2792.0,71.0,4743.0,663.0,4080.0,2439.0,0.0,3.0,7228.0,44.0,617.0,2195.0,2956.0,963.0,381.0,0.0,6422.0,98.0,19.45,2.8,7.48,0.06,36.87,0.37,3.67,26.38,0.0,0.0,1.43,0.0,0.0,0.42,63.3,36.7,0.0,9.15,29.5,6.02,64.28,5.37,0.08,30.29,0.0,100.0,26.71,28.11,0.2,0.0,1250.0,180.0,481.0,4.0,2370.0,24.0,236.0,1696.0,0.0,0.0,92.0,0.0,0.0,27.0,4069.0,2359.0,0.0,588.0,1896.0,387.0,4132.0,345.0,5.0,1947.0,0.0,6428.0,1717.0,1807.0,13.0,0.0,63.63,36.37,1.0,9.02,29.76,6.24,64.21,5.57,0.08,30.16,0.0,100.0,26.34,27.86,0.28,0.2,0.54,7.93,31.06,42.31,12.82,4.34,0.0,4148.0,2371.0,65.0,588.0,1940.0,407.0,4186.0,363.0,5.0,1966.0,0.0,6519.0,1717.0,1816.0,18.0,13.0,35.0,517.0,2025.0,2758.0,836.0,283.0,0.0,19.15,2.76,7.37,0.06,37.08,0.37,3.62,26.36,0.0,0.0,1.53,0.0,0.0,0.51,64.14,5.56,0.08,30.22,0.0,100.0,20.61,18.28,47.27,13.84,1250.0,180.0,481.0,4.0,2420.0,24.0,236.0,1720.0,0.0,0.0,100.0,0.0,0.0,33.0,4186.0,363.0,5.0,1972.0,0.0,6526.0,1345.0,1193.0,3085.0,903.0
3511904,47.39,52.61,0.34,91.56,8.27,0.0,53.65,3.39,0.4,42.62,0.0,100.0,7.24,20.96,43.02,20.05,6.03,1.61,0.8,825.0,916.0,6.0,1594.0,144.0,0.0,934.0,59.0,7.0,742.0,0.0,1741.0,126.0,365.0,749.0,349.0,105.0,28.0,14.0,910.0,321.0,24.0,21.0,122.0,825.0,916.0,1594.0,144.0,0.0,106.0,164.0,455.0,423.0,281.0,302.0,9.0,1741.0,172.0,172.0,57.44,42.56,0.96,81.46,37.15,44.31,16.06,0.0,2.48,100.0,1.38,8.08,33.92,38.06,13.27,4.34,0.0,57.38,2.96,2039.0,1511.0,34.0,2892.0,1319.0,1573.0,570.0,0.0,88.0,3550.0,49.0,287.0,1204.0,1351.0,471.0,154.0,0.0,2037.0,105.0,16.3,6.92,11.0,1.28,29.46,0.0,3.19,29.85,0.0,0.0,0.29,0.0,0.0,0.2,76.09,23.91,0.0,13.5,18.26,5.69,50.02,7.76,0.98,41.29,0.0,100.0,34.86,25.72,0.44,0.0,332.0,141.0,224.0,26.0,600.0,0.0,65.0,608.0,0.0,0.0,6.0,0.0,0.0,4.0,1550.0,487.0,0.0,275.0,372.0,116.0,1019.0,158.0,20.0,841.0,0.0,2037.0,710.0,524.0,9.0,0.0,58.52,41.48,1.31,13.44,18.85,5.83,50.21,8.26,0.93,40.6,0.0,100.0,33.13,25.34,0.98,0.37,2.01,9.05,36.07,37.28,8.87,5.41,0.0,1254.0,889.0,28.0,288.0,404.0,125.0,1076.0,177.0,20.0,870.0,0.0,2143.0,710.0,543.0,21.0,8.0,43.0,194.0,773.0,799.0,190.0,116.0,0.0,15.77,6.91,10.69,1.21,30.24,0.0,3.45,28.98,0.0,0.0,0.28,0.0,0.0,0.65,50.21,8.26,0.93,40.6,0.0,100.0,19.37,20.07,43.07,17.45,338.0,148.0,229.0,26.0,648.0,0.0,74.0,621.0,0.0,0.0,6.0,0.0,0.0,14.0,1076.0,177.0,20.0,870.0,0.0,2143.0,415.0,430.0,923.0,374.0
3512001,49.19,50.81,0.39,88.32,11.68,0.0,59.98,4.36,0.0,35.55,0.11,100.0,2.96,18.18,47.59,24.61,4.63,1.64,0.0,2157.0,2228.0,17.0,3873.0,512.0,0.0,2630.0,191.0,0.0,1559.0,5.0,4385.0,130.0,797.0,2087.0,1079.0,203.0,72.0,0.0,2242.0,607.0,45.0,17.0,341.0,2157.0,2228.0,3873.0,512.0,0.0,301.0,419.0,1216.0,871.0,519.0,1031.0,27.0,4385.0,684.0,449.0,56.34,43.66,2.62,90.73,11.88,78.83,7.3,0.0,1.74,100.0,0.49,6.27,32.64,42.41,10.12,5.45,0.0,84.47,1.61,5268.0,4082.0,245.0,8483.0,1111.0,7371.0,683.0,0.0,163.0,9350.0,46.0,586.0,3052.0,3965.0,946.0,510.0,0.0,7898.0,151.0,8.33,22.17,16.56,0.22,26.77,0.13,2.27,22.21,0.0,0.0,0.49,0.0,0.06,0.05,92.5,7.48,0.0,12.02,16.45,3.41,55.34,6.32,0.43,37.67,0.23,100.0,28.46,39.05,0.19,0.15,658.0,1751.0,1308.0,17.0,2114.0,10.0,179.0,1754.0,0.0,0.0,39.0,0.0,5.0,4.0,7306.0,591.0,0.0,949.0,1299.0,269.0,4371.0,499.0,34.0,2975.0,18.0,7898.0,2248.0,3084.0,15.0,12.0,56.38,43.62,2.64,11.89,16.2,3.75,55.56,6.43,0.47,37.31,0.22,100.0,28.18,38.64,0.46,0.61,0.38,6.36,32.44,42.61,10.54,5.03,0.0,4541.0,3513.0,213.0,958.0,1305.0,302.0,4475.0,518.0,38.0,3005.0,18.0,8054.0,2270.0,3112.0,37.0,49.0,31.0,512.0,2613.0,3432.0,849.0,405.0,0.0,8.17,21.82,16.53,0.21,27.23,0.12,2.27,21.95,0.0,0.0,0.83,0.0,0.06,0.1,55.56,6.43,0.47,37.31,0.22,100.0,22.31,20.8,41.81,15.09,658.0,1757.0,1331.0,17.0,2193.0,10.0,183.0,1768.0,0.0,0.0,67.0,0.0,5.0,8.0,4475.0,518.0,38.0,3005.0,18.0,8054.0,1797.0,1675.0,3367.0,1215.0
3512100,51.46,48.54,0.55,84.62,15.38,0.0,42.03,9.28,1.84,46.8,0.0,100.0,6.5,23.57,36.43,24.71,5.96,0.89,1.34,1037.0,978.0,11.0,1705.0,310.0,0.0,847.0,187.0,37.0,943.0,0.0,2015.0,131.0,475.0,734.0,498.0,120.0,18.0,27.0,1088.0,254.0,41.0,107.0,162.0,1037.0,978.0,1705.0,310.0,0.0,155.0,429.0,466.0,371.0,224.0,310.0,59.0,2015.0,213.0,150.0,61.33,38.67,0.99,89.72,9.99,79.73,9.63,0.0,0.56,100.0,1.54,11.24,29.57,43.89,9.4,3.38,0.0,79.6,9.76,1867.0,1177.0,30.0,2731.0,304.0,2427.0,293.0,0.0,17.0,3044.0,47.0,342.0,900.0,1336.0,286.0,103.0,0.0,2423.0,297.0,32.89,3.01,3.01,0.0,25.71,0.0,4.0,30.29,0.0,0.0,0.7,0.12,0.0,0.12,89.43,10.57,0.0,16.63,20.64,2.39,40.07,13.45,0.78,45.69,0.0,100.0,22.99,37.31,0.0,0.0,797.0,73.0,73.0,0.0,623.0,0.0,97.0,734.0,0.0,0.0,17.0,3.0,0.0,3.0,2167.0,256.0,0.0,403.0,500.0,58.0,971.0,326.0,19.0,1107.0,0.0,2423.0,557.0,904.0,0.0,0.0,61.58,38.42,0.74,15.92,24.34,2.76,40.81,12.9,0.92,45.37,0.0,100.0,22.68,33.9,0.11,0.29,1.73,11.62,30.33,43.46,8.97,3.16,0.0,1675.0,1045.0,20.0,433.0,662.0,75.0,1110.0,351.0,25.0,1234.0,0.0,2720.0,617.0,922.0,3.0,8.0,47.0,316.0,825.0,1182.0,244.0,86.0,0.0,33.31,3.24,2.98,0.0,27.13,0.0,3.57,28.6,0.0,0.0,0.63,0.11,0.0,0.22,40.81,12.9,0.92,45.37,0.0,100.0,32.79,16.07,38.64,12.5,906.0,88.0,81.0,0.0,738.0,0.0,97.0,778.0,0.0,0.0,17.0,3.0,0.0,6.0,1110.0,351.0,25.0,1234.0,0.0,2720.0,892.0,437.0,1051.0,340.0
3512209,49.09,50.91,0.44,87.75,12.25,0.0,58.35,5.52,0.76,35.38,0.0,100.0,5.19,23.36,37.17,23.51,4.52,1.51,4.3,3435.0,3563.0,31.0,6141.0,857.0,0.0,4083.0,386.0,53.0,2476.0,0.0,6998.0,363.0,1635.0,2601.0,1645.0,316.0,106.0,301.0,3441.0,1432.0,62.0,100.0,666.0,3435.0,3563.0,6141.0,857.0,0.0,683.0,752.0,1931.0,1438.0,1040.0,1060.0,95.0,6998.0,476.0,820.0,58.46,41.54,1.72,83.61,11.88,71.73,15.35,0.0,0.66,100.0,0.95,10.39,31.4,40.98,10.01,4.56,0.0,82.19,4.82,8098.0,5755.0,238.0,11583.0,1646.0,9937.0,2127.0,0.0,92.0,13853.0,132.0,1439.0,4350.0,5677.0,1386.0,632.0,0.0,11386.0,668.0,10.79,19.29,14.3,0.58,32.41,0.0,1.5,19.07,0.0,0.0,1.35,0.0,0.0,0.0,84.46,15.55,0.0,14.41,15.56,3.39,56.76,6.46,0.97,35.82,0.0,100.0,34.53,31.7,0.0,0.0,1228.0,2196.0,1628.0,66.0,3690.0,0.0,171.0,2171.0,0.0,0.0,154.0,0.0,0.0,0.0,9617.0,1770.0,0.0,1641.0,1772.0,386.0,6463.0,735.0,111.0,4078.0,0.0,11386.0,3932.0,3609.0,0.0,0.0,59.72,40.28,1.77,14.24,16.34,3.54,56.77,6.45,1.0,35.78,0.0,100.0,33.79,30.9,0.16,0.49,0.72,10.87,30.94,41.12,9.82,4.77,0.0,7205.0,4859.0,213.0,1718.0,1971.0,427.0,6849.0,778.0,121.0,4316.0,0.0,12064.0,4076.0,3728.0,19.0,59.0,87.0,1311.0,3732.0,4961.0,1185.0,575.0,0.0,10.99,18.28,14.04,0.55,32.77,0.0,1.48,19.15,0.0,0.0,1.62,0.0,0.0,0.0,56.77,6.45,1.0,35.78,0.0,100.0,27.17,18.07,40.65,14.12,1326.0,2205.0,1694.0,66.0,3953.0,0.0,179.0,2310.0,0.0,0.0,195.0,0.0,0.0,0.0,6849.0,778.0,121.0,4316.0,0.0,12064.0,3278.0,2180.0,4904.0,1703.0
3512308,49.17,50.83,1.26,91.95,8.05,0.0,75.31,4.05,0.0,20.62,0.0,100.0,4.19,19.3,38.86,23.94,6.2,5.07,1.15,2346.0,2425.0,60.0,4387.0,384.0,0.0,3593.0,193.0,0.0,984.0,0.0,4771.0,200.0,921.0,1854.0,1142.0,296.0,242.0,55.0,2034.0,1246.0,77.0,164.0,473.0,2346.0,2425.0,4387.0,384.0,0.0,497.0,1117.0,894.0,832.0,541.0,672.0,218.0,4771.0,448.0,329.0,57.69,42.31,3.31,88.76,19.39,69.38,9.13,0.0,0.86,100.0,0.68,9.23,31.81,36.93,10.33,7.72,0.0,76.67,1.84,4082.0,2994.0,234.0,6281.0,1372.0,4909.0,646.0,0.0,61.0,7076.0,48.0,653.0,2251.0,2613.0,731.0,546.0,0.0,5425.0,130.0,25.11,3.35,12.3,0.75,42.14,0.0,1.58,12.43,0.0,0.0,0.99,0.0,0.09,0.7,89.29,10.71,0.0,15.15,11.91,2.06,73.47,4.12,0.0,22.39,0.0,100.0,39.43,30.96,0.29,0.0,1364.0,182.0,668.0,41.0,2289.0,0.0,86.0,675.0,0.0,0.0,54.0,0.0,5.0,38.0,4850.0,582.0,0.0,823.0,647.0,112.0,3991.0,224.0,0.0,1216.0,0.0,5432.0,2142.0,1682.0,16.0,0.0,58.09,41.91,2.83,14.82,11.86,2.77,73.16,4.12,0.0,22.72,0.0,100.0,38.85,30.78,0.65,0.0,0.67,9.32,32.01,37.37,10.59,7.2,0.0,3227.0,2328.0,157.0,823.0,659.0,154.0,4064.0,229.0,0.0,1262.0,0.0,5555.0,2158.0,1710.0,36.0,0.0,37.0,518.0,1778.0,2076.0,588.0,400.0,0.0,24.76,3.27,12.01,0.74,42.77,0.0,1.55,12.37,0.0,0.0,1.06,0.0,0.09,0.77,73.19,4.12,0.0,22.69,0.0,100.0,26.47,20.55,35.45,17.53,1377.0,182.0,668.0,41.0,2379.0,0.0,86.0,688.0,0.0,0.0,59.0,0.0,5.0,43.0,4071.0,229.0,0.0,1262.0,0.0,5562.0,1472.0,1143.0,1972.0,975.0
3512407,51.34,48.66,1.01,89.61,10.39,0.0,59.83,8.34,0.0,31.83,0.0,100.0,5.24,13.78,31.21,34.77,8.49,3.23,2.27,3048.0,2889.0,60.0,5320.0,617.0,0.0,3552.0,495.0,0.0,1890.0,0.0,5937.0,311.0,818.0,1853.0,2064.0,504.0,192.0,135.0,2914.0,952.0,86.0,58.0,492.0,3048.0,2889.0,5320.0,617.0,0.0,532.0,463.0,1658.0,1147.0,802.0,1295.0,40.0,5937.0,671.0,764.0,58.04,41.96,2.58,87.76,8.88,78.87,11.09,0.0,0.49,100.0,0.69,5.25,19.51,48.99,15.07,7.94,0.0,88.56,1.4,6670.0,4823.0,296.0,10086.0,1021.0,9065.0,1274.0,0.0,56.0,11493.0,79.0,603.0,2242.0,5630.0,1732.0,912.0,0.0,10178.0,161.0,14.4,6.29,10.96,0.39,49.88,0.22,2.25,13.41,0.0,0.1,0.29,0.17,0.09,0.32,87.89,12.11,0.0,13.99,7.9,1.54,60.06,7.94,0.09,31.81,0.1,100.0,43.87,32.25,0.0,0.0,1466.0,640.0,1115.0,40.0,5077.0,22.0,229.0,1365.0,0.0,10.0,30.0,17.0,9.0,33.0,8945.0,1233.0,0.0,1424.0,804.0,157.0,6113.0,808.0,9.0,3238.0,10.0,10178.0,4465.0,3282.0,0.0,0.0,58.56,41.44,2.45,13.96,8.17,1.52,59.92,8.0,0.09,31.89,0.1,100.0,43.76,32.04,0.0,0.0,0.67,5.21,19.49,50.15,14.23,7.82,0.0,6055.0,4284.0,253.0,1443.0,845.0,157.0,6195.0,827.0,9.0,3297.0,10.0,10339.0,4524.0,3313.0,0.0,0.0,69.0,539.0,2015.0,5185.0,1471.0,808.0,0.0,14.18,6.3,10.94,0.39,50.01,0.21,2.21,13.2,0.0,0.1,0.46,0.16,0.09,0.52,59.92,8.0,0.09,31.89,0.1,100.0,18.0,19.74,41.57,20.7,1466.0,651.0,1131.0,40.0,5171.0,22.0,229.0,1365.0,0.0,10.0,48.0,17.0,9.0,54.0,6195.0,827.0,9.0,3297.0,10.0,10339.0,1861.0,2041.0,4298.0,2140.0
3512506,50.29,49.79,0.0,80.73,19.27,0.0,58.72,5.59,0.0,35.7,0.0,100.0,9.59,29.27,34.78,20.6,3.67,1.67,0.5,603.0,597.0,0.0,968.0,231.0,0.0,704.0,67.0,0.0,428.0,0.0,1199.0,115.0,351.0,417.0,247.0,44.0,20.0,6.0,691.0,187.0,15.0,0.0,83.0,603.0,597.0,968.0,231.0,0.0,92.0,66.0,407.0,242.0,181.0,211.0,0.0,1199.0,115.0,108.0,57.48,42.48,1.92,62.75,16.61,46.14,32.95,0.0,4.0,100.0,2.31,9.57,29.1,43.44,9.88,3.77,0.0,76.7,2.38,1495.0,1105.0,50.0,1632.0,432.0,1200.0,857.0,0.0,104.0,2601.0,60.0,249.0,757.0,1130.0,257.0,98.0,0.0,1995.0,62.0,13.48,17.39,21.7,0.3,32.53,0.0,0.55,13.08,0.0,0.0,0.0,0.0,0.0,0.45,59.45,40.55,0.0,13.48,7.77,0.9,57.44,7.92,0.2,34.14,0.25,100.0,45.16,32.73,0.0,0.0,269.0,347.0,433.0,6.0,649.0,0.0,11.0,261.0,0.0,0.0,0.0,0.0,0.0,9.0,1186.0,809.0,0.0,269.0,155.0,18.0,1146.0,158.0,4.0,681.0,5.0,1995.0,901.0,653.0,0.0,0.0,56.25,43.8,2.14,13.22,7.88,1.22,57.41,7.97,0.19,34.18,0.24,100.0,44.34,32.81,0.1,0.44,2.09,9.33,30.14,44.43,9.29,2.58,0.0,1157.0,901.0,44.0,272.0,162.0,25.0,1181.0,164.0,4.0,703.0,5.0,2057.0,912.0,675.0,2.0,9.0,43.0,192.0,620.0,914.0,191.0,53.0,0.0,13.08,17.02,21.73,0.29,32.86,0.0,0.68,12.88,0.0,0.0,0.24,0.15,0.0,0.44,57.41,7.97,0.19,34.18,0.24,100.0,20.71,20.08,42.54,16.67,269.0,350.0,447.0,6.0,676.0,0.0,14.0,265.0,0.0,0.0,5.0,3.0,0.0,9.0,1181.0,164.0,4.0,703.0,5.0,2057.0,426.0,413.0,875.0,343.0
3512605,50.54,49.46,0.54,82.76,17.24,0.0,64.01,1.72,0.32,33.84,0.0,100.0,11.75,26.51,37.39,15.63,4.96,2.8,0.32,469.0,459.0,5.0,768.0,160.0,0.0,594.0,16.0,3.0,314.0,0.0,928.0,109.0,246.0,347.0,145.0,46.0,26.0,3.0,448.0,148.0,22.0,11.0,75.0,469.0,459.0,768.0,160.0,0.0,66.0,50.0,258.0,207.0,159.0,183.0,5.0,928.0,120.0,105.0,61.42,38.53,1.28,83.3,16.7,66.6,16.54,0.0,0.16,100.0,2.19,11.53,43.7,29.03,7.95,4.11,0.21,81.59,1.55,1151.0,722.0,24.0,1561.0,313.0,1248.0,310.0,0.0,3.0,1874.0,41.0,216.0,819.0,544.0,149.0,77.0,4.0,1529.0,29.0,38.65,2.22,7.59,0.0,28.84,0.0,7.33,13.6,0.0,0.0,0.85,0.13,0.0,0.52,80.77,19.23,0.0,22.43,13.15,3.01,59.32,5.17,0.52,34.73,0.33,100.0,34.73,26.68,0.0,0.0,591.0,34.0,116.0,0.0,441.0,0.0,112.0,208.0,0.0,0.0,13.0,2.0,0.0,8.0,1235.0,294.0,0.0,343.0,201.0,46.0,907.0,79.0,8.0,531.0,5.0,1529.0,531.0,408.0,0.0,0.0,60.46,39.47,1.09,22.14,13.09,2.95,59.18,5.07,0.51,34.92,0.32,100.0,34.53,26.57,0.13,0.51,2.31,11.17,43.2,29.65,7.83,4.43,0.26,942.0,615.0,17.0,345.0,204.0,46.0,922.0,79.0,8.0,544.0,5.0,1558.0,538.0,414.0,2.0,8.0,36.0,174.0,673.0,462.0,122.0,69.0,4.0,38.25,2.18,7.45,0.0,29.2,0.0,7.7,13.48,0.0,0.0,0.83,0.13,0.0,0.51,59.18,5.07,0.51,34.92,0.32,100.0,28.31,13.48,45.19,13.03,596.0,34.0,116.0,0.0,455.0,0.0,120.0,210.0,0.0,0.0,13.0,2.0,0.0,8.0,922.0,79.0,8.0,544.0,5.0,1558.0,441.0,210.0,704.0,203.0
3512704,49.16,50.84,0.32,85.82,14.08,0.0,67.12,3.57,0.0,29.2,0.0,100.0,5.99,19.33,40.97,26.68,5.15,1.16,0.42,468.0,484.0,3.0,817.0,134.0,0.0,639.0,34.0,0.0,278.0,0.0,952.0,57.0,184.0,390.0,254.0,49.0,11.0,4.0,501.0,163.0,3.0,3.0,87.0,468.0,484.0,817.0,134.0,0.0,75.0,31.0,271.0,228.0,171.0,175.0,0.0,952.0,86.0,108.0,60.53,39.47,1.19,85.31,24.96,60.34,14.6,0.0,0.0,100.0,0.81,7.75,27.86,44.84,12.17,5.37,0.0,67.52,7.42,1273.0,830.0,25.0,1794.0,525.0,1269.0,307.0,0.0,0.0,2103.0,17.0,163.0,586.0,943.0,256.0,113.0,0.0,1420.0,156.0,32.04,8.31,7.96,0.85,33.31,0.0,1.13,13.73,0.0,0.0,0.56,0.0,0.0,1.62,82.04,17.96,0.0,24.93,14.93,1.27,69.51,6.2,0.0,24.01,0.28,100.0,33.73,24.3,0.14,0.0,455.0,118.0,113.0,12.0,473.0,0.0,16.0,195.0,0.0,0.0,8.0,0.0,0.0,23.0,1165.0,255.0,0.0,354.0,212.0,18.0,987.0,88.0,0.0,341.0,4.0,1420.0,479.0,345.0,2.0,0.0,57.36,42.7,1.21,24.62,15.48,2.03,69.04,6.54,0.0,24.24,0.25,100.0,31.92,24.75,0.57,0.0,0.51,8.19,26.52,46.26,11.74,5.65,0.0,904.0,673.0,19.0,388.0,244.0,32.0,1088.0,103.0,0.0,382.0,4.0,1576.0,503.0,390.0,9.0,0.0,8.0,129.0,418.0,729.0,185.0,89.0,0.0,31.09,8.63,8.63,0.76,32.99,0.0,1.27,13.9,0.0,0.0,0.7,0.0,0.0,1.65,69.04,6.54,0.0,24.24,0.25,100.0,16.75,16.05,49.56,17.64,490.0,136.0,136.0,12.0,520.0,0.0,20.0,219.0,0.0,0.0,11.0,0.0,0.0,26.0,1088.0,103.0,0.0,382.0,4.0,1576.0,264.0,253.0,781.0,278.0
3512803,51.38,48.62,0.95,88.99,10.83,0.07,50.04,6.53,0.58,42.85,0.0,100.0,7.12,17.21,31.58,30.99,7.44,2.78,1.93,7516.0,7113.0,139.0,13019.0,1584.0,10.0,7320.0,956.0,85.0,6268.0,0.0,14629.0,1042.0,2518.0,4620.0,4533.0,1089.0,406.0,282.0,7374.0,2682.0,212.0,66.0,1550.0,7516.0,7113.0,13019.0,1584.0,10.0,1323.0,1735.0,3910.0,3082.0,1848.0,2533.0,197.0,14629.0,1292.0,1452.0,57.84,42.16,2.69,67.48,11.27,56.21,31.12,0.04,0.83,100.0,1.44,7.31,25.02,40.11,16.09,7.34,0.0,83.7,3.67,15767.0,11492.0,733.0,18395.0,3071.0,15323.0,8482.0,12.0,226.0,27259.0,392.0,1992.0,6820.0,10933.0,4387.0,2002.0,0.0,22815.0,1001.0,13.8,4.98,8.79,1.32,36.09,0.18,5.99,27.07,0.26,0.0,0.12,0.07,0.0,0.4,66.05,33.95,0.0,7.99,24.08,4.74,50.73,9.73,0.36,39.06,0.13,100.0,26.4,35.86,0.39,0.0,3149.0,1136.0,2006.0,301.0,8233.0,42.0,1366.0,6177.0,59.0,0.0,28.0,16.0,0.0,91.0,15069.0,7746.0,0.0,1822.0,5494.0,1081.0,11573.0,2219.0,82.0,8912.0,29.0,22815.0,6023.0,8182.0,89.0,0.0,60.36,39.64,2.55,7.79,23.95,5.3,50.61,9.75,0.34,39.18,0.12,100.0,25.54,35.06,1.12,0.53,1.2,7.09,25.06,40.7,16.27,7.13,0.0,14376.0,9440.0,608.0,1856.0,5705.0,1262.0,12054.0,2321.0,82.0,9331.0,29.0,23816.0,6083.0,8350.0,267.0,126.0,286.0,1688.0,5968.0,9693.0,3876.0,1698.0,0.0,13.5,4.85,8.58,1.3,36.53,0.18,5.9,27.14,0.25,0.0,0.21,0.07,0.0,0.5,50.61,9.75,0.34,39.18,0.12,100.0,13.55,15.56,52.84,18.06,3214.0,1154.0,2043.0,309.0,8700.0,42.0,1406.0,6464.0,59.0,0.0,50.0,16.0,0.0,118.0,12054.0,2321.0,82.0,9331.0,29.0,23816.0,3226.0,3705.0,12584.0,4301.0
3512902,48.41,51.59,0.22,83.45,16.55,0.0,58.08,3.41,0.5,37.9,0.11,100.0,7.21,23.98,40.36,22.58,3.97,1.06,0.67,866.0,923.0,4.0,1493.0,296.0,0.0,1039.0,61.0,9.0,678.0,2.0,1789.0,129.0,429.0,722.0,404.0,71.0,19.0,12.0,983.0,241.0,15.0,44.0,140.0,866.0,923.0,1493.0,296.0,0.0,163.0,141.0,517.0,395.0,236.0,318.0,19.0,1789.0,177.0,189.0,59.23,40.74,1.62,85.2,21.6,63.59,12.38,0.0,1.0,100.0,0.77,8.6,31.77,44.38,10.09,2.67,0.07,50.09,25.89,2377.0,1635.0,65.0,3419.0,867.0,2552.0,497.0,0.0,40.0,4013.0,31.0,345.0,1275.0,1781.0,405.0,107.0,3.0,2010.0,1039.0,22.84,9.65,12.24,0.0,26.87,0.0,0.35,23.53,0.0,0.0,0.35,0.0,0.0,3.18,83.83,16.17,0.0,17.86,12.69,2.24,58.76,8.56,0.0,32.64,0.0,100.0,37.86,29.2,0.0,0.0,459.0,194.0,246.0,0.0,540.0,0.0,7.0,473.0,0.0,0.0,7.0,0.0,0.0,64.0,1685.0,325.0,0.0,359.0,255.0,45.0,1181.0,172.0,0.0,656.0,0.0,2010.0,761.0,587.0,0.0,0.0,59.48,40.52,1.94,16.21,11.45,2.3,63.22,7.41,0.07,29.3,0.0,100.0,37.99,30.68,0.52,0.33,0.72,7.48,30.84,47.15,9.45,2.43,0.0,1813.0,1235.0,59.0,494.0,349.0,70.0,1927.0,226.0,2.0,893.0,0.0,3048.0,1158.0,935.0,16.0,10.0,22.0,228.0,940.0,1437.0,288.0,74.0,0.0,26.02,9.21,10.78,0.2,29.04,0.0,0.66,19.34,0.0,0.0,0.88,0.0,0.1,2.39,63.26,7.41,0.07,29.27,0.0,100.0,27.93,18.32,39.3,14.45,794.0,281.0,329.0,6.0,886.0,0.0,20.0,590.0,0.0,0.0,27.0,0.0,3.0,73.0,1930.0,226.0,2.0,893.0,0.0,3051.0,852.0,559.0,1199.0,441.0
3513009,49.67,50.33,5.29,86.11,13.63,0.11,50.27,8.61,0.96,40.16,0.0,100.0,5.77,15.07,29.38,25.7,8.85,6.69,3.24,37420.0,37923.0,3987.0,64877.0,10272.0,85.0,37878.0,6490.0,720.0,30255.0,0.0,75343.0,4350.0,11351.0,22138.0,19363.0,6668.0,5044.0,2442.0,36191.0,13155.0,1995.0,262.0,8820.0,37420.0,37935.0,64888.0,10272.0,85.0,6711.0,9965.0,20211.0,15209.0,9475.0,13111.0,672.0,75355.0,6684.0,8247.0,54.59,45.41,9.37,66.04,14.68,51.36,28.72,0.02,1.71,100.0,1.33,6.72,23.64,34.29,14.32,10.24,0.1,77.34,2.75,74763.0,62199.0,12837.0,90445.0,20102.0,70343.0,39331.0,25.0,2344.0,136962.0,1818.0,9204.0,32375.0,46962.0,19612.0,14022.0,131.0,105926.0,3763.0,9.58,0.6,6.76,0.52,45.04,0.32,0.77,32.74,0.09,0.57,0.15,0.03,0.02,0.3,65.08,34.92,0.0,4.26,32.25,19.98,48.48,11.33,0.85,39.29,0.05,100.0,12.3,26.6,3.32,0.0,10159.0,631.0,7169.0,552.0,47752.0,341.0,818.0,34708.0,97.0,600.0,160.0,37.0,21.0,323.0,68992.0,37021.0,0.0,4517.0,34193.0,21185.0,51393.0,12014.0,899.0,41657.0,50.0,106013.0,13038.0,28202.0,3518.0,0.0,56.04,43.96,8.84,4.17,31.92,20.26,48.7,11.35,0.95,38.94,0.06,100.0,12.14,26.41,3.55,0.15,1.43,6.73,24.57,34.53,13.95,9.9,0.06,61477.0,48223.0,9699.0,4573.0,35019.0,22224.0,53421.0,12453.0,1039.0,42718.0,68.0,109699.0,13322.0,28967.0,3898.0,161.0,1564.0,7380.0,26950.0,37881.0,15298.0,10865.0,63.0,9.49,0.57,6.75,0.51,44.95,0.33,0.78,32.58,0.09,0.6,0.16,0.03,0.02,0.4,48.72,11.34,0.95,38.93,0.06,100.0,12.72,13.54,43.98,29.77,10424.0,631.0,7406.0,561.0,49348.0,362.0,858.0,35765.0,97.0,659.0,173.0,37.0,21.0,443.0,53486.0,12453.0,1039.0,42741.0,68.0,109787.0,13965.0,14860.0,48279.0,32684.0
3513108,51.48,48.52,0.75,89.47,10.53,0.0,65.66,3.78,0.08,30.14,0.34,100.0,5.24,12.18,40.8,29.39,5.93,3.73,1.97,4108.0,3872.0,60.0,7140.0,840.0,0.0,5240.0,302.0,6.0,2405.0,27.0,7980.0,418.0,972.0,3256.0,2345.0,473.0,298.0,157.0,3899.0,1475.0,49.0,231.0,669.0,4108.0,3872.0,7140.0,840.0,0.0,821.0,828.0,1890.0,1674.0,1203.0,1482.0,81.0,7980.0,944.0,714.0,56.93,43.07,1.33,78.99,11.62,67.37,15.44,0.0,3.42,100.0,1.07,4.71,31.23,43.21,10.1,8.36,0.0,80.13,2.69,9491.0,7181.0,221.0,13170.0,1938.0,11232.0,2574.0,0.0,570.0,16672.0,178.0,785.0,5207.0,7204.0,1684.0,1394.0,0.0,13359.0,448.0,15.85,6.91,10.57,0.46,42.12,0.0,3.21,18.51,0.0,0.0,1.4,0.0,0.0,0.0,82.35,17.65,0.0,7.09,16.35,3.11,64.05,7.7,0.23,27.91,0.1,100.0,30.08,43.31,0.0,0.0,2117.0,923.0,1412.0,62.0,5627.0,0.0,429.0,2473.0,0.0,0.0,187.0,0.0,0.0,0.0,11001.0,2358.0,0.0,947.0,2184.0,415.0,8556.0,1029.0,31.0,3729.0,14.0,13359.0,4018.0,5786.0,0.0,0.0,57.86,42.14,1.46,6.92,16.93,3.17,64.23,7.53,0.31,27.84,0.1,100.0,29.43,42.92,0.28,0.29,1.14,4.94,32.21,42.82,9.18,8.26,0.0,7988.0,5818.0,202.0,955.0,2338.0,437.0,8867.0,1040.0,43.0,3843.0,14.0,13806.0,4063.0,5925.0,39.0,40.0,157.0,682.0,4447.0,5912.0,1267.0,1140.0,0.0,15.71,6.97,10.23,0.45,42.43,0.0,3.11,18.35,0.0,0.0,1.64,0.0,0.0,0.0,64.23,7.53,0.31,27.84,0.1,100.0,20.22,18.09,44.35,17.35,2169.0,962.0,1412.0,62.0,5858.0,0.0,429.0,2533.0,0.0,0.0,227.0,0.0,0.0,0.0,8867.0,1040.0,43.0,3843.0,14.0,13806.0,2791.0,2498.0,6123.0,2395.0
3513207,48.61,51.39,0.41,82.1,17.95,0.0,55.52,5.59,0.27,38.62,0.0,100.0,7.27,20.95,38.07,24.94,5.0,2.91,0.55,1070.0,1131.0,9.0,1807.0,395.0,0.0,1222.0,123.0,6.0,850.0,0.0,2201.0,160.0,461.0,838.0,549.0,110.0,64.0,12.0,1128.0,359.0,9.0,37.0,198.0,1070.0,1131.0,1807.0,395.0,0.0,178.0,164.0,603.0,488.0,270.0,453.0,45.0,2201.0,255.0,214.0,59.29,40.71,2.37,70.62,20.92,49.7,26.57,0.0,2.22,100.0,1.29,7.66,31.87,41.84,10.05,4.89,0.0,74.13,2.16,2803.0,1925.0,112.0,3339.0,989.0,2350.0,1256.0,0.0,105.0,4728.0,61.0,362.0,1507.0,1978.0,475.0,231.0,0.0,3505.0,102.0,18.72,6.08,8.25,0.26,44.54,0.0,13.72,6.65,0.0,0.0,0.66,0.0,0.0,0.49,65.51,34.49,0.0,10.16,14.69,10.96,53.01,11.53,0.14,35.18,0.14,100.0,30.07,33.69,0.0,0.0,656.0,213.0,289.0,9.0,1561.0,0.0,481.0,233.0,0.0,0.0,23.0,0.0,0.0,17.0,2296.0,1209.0,0.0,356.0,515.0,384.0,1858.0,404.0,5.0,1233.0,5.0,3505.0,1054.0,1181.0,0.0,0.0,56.45,43.53,1.58,9.87,14.53,11.81,53.7,11.31,0.14,34.71,0.14,100.0,29.61,33.02,0.0,0.44,1.05,7.07,30.47,45.0,9.4,5.41,0.0,2036.0,1570.0,57.0,356.0,524.0,426.0,1937.0,408.0,5.0,1252.0,5.0,3607.0,1068.0,1191.0,0.0,16.0,38.0,255.0,1099.0,1623.0,339.0,195.0,0.0,18.49,5.91,8.54,0.25,45.0,0.0,13.34,6.46,0.0,0.0,0.64,0.0,0.0,0.58,53.7,11.31,0.14,34.71,0.14,100.0,24.84,19.05,41.64,14.47,667.0,213.0,308.0,9.0,1623.0,0.0,481.0,233.0,0.0,0.0,23.0,0.0,0.0,21.0,1937.0,408.0,5.0,1252.0,5.0,3607.0,896.0,687.0,1502.0,522.0
3513306,53.04,46.96,0.0,87.29,12.71,0.0,58.56,1.1,0.0,40.61,0.0,100.0,5.52,23.76,45.3,22.1,3.31,0.28,0.0,192.0,170.0,0.0,316.0,46.0,0.0,212.0,4.0,0.0,147.0,0.0,362.0,20.0,86.0,164.0,80.0,12.0,1.0,0.0,216.0,29.0,4.0,2.0,6.0,192.0,170.0,316.0,46.0,0.0,9.0,6.0,87.0,113.0,43.0,104.0,0.0,362.0,67.0,38.0,56.15,43.85,1.67,72.34,16.84,55.5,23.87,0.0,3.89,100.0,0.83,6.66,39.5,38.95,7.4,5.0,0.0,77.98,1.39,607.0,474.0,18.0,782.0,182.0,600.0,258.0,0.0,42.0,1081.0,9.0,72.0,427.0,421.0,80.0,54.0,0.0,843.0,15.0,29.18,13.52,7.83,0.95,27.88,0.0,0.24,18.62,0.0,0.0,1.78,0.0,0.0,0.12,70.46,29.54,0.0,25.62,3.2,0.71,57.77,3.32,0.36,38.55,0.0,100.0,41.28,29.18,0.0,0.0,246.0,114.0,66.0,8.0,235.0,0.0,2.0,157.0,0.0,0.0,15.0,0.0,0.0,1.0,594.0,249.0,0.0,216.0,27.0,6.0,487.0,28.0,3.0,325.0,0.0,843.0,348.0,246.0,0.0,0.0,53.61,46.39,0.58,25.64,3.15,1.17,58.16,3.26,0.35,38.23,0.0,100.0,40.79,28.9,0.0,0.23,0.47,6.29,41.72,39.04,7.11,4.9,0.0,460.0,398.0,5.0,220.0,27.0,10.0,499.0,28.0,3.0,328.0,0.0,858.0,350.0,248.0,0.0,2.0,4.0,54.0,358.0,335.0,61.0,42.0,0.0,29.25,13.29,7.69,1.17,27.39,0.0,0.23,18.53,0.0,0.0,2.33,0.0,0.0,0.12,58.16,3.26,0.35,38.23,0.0,100.0,18.41,5.71,59.21,16.67,251.0,114.0,66.0,10.0,235.0,0.0,2.0,159.0,0.0,0.0,20.0,0.0,0.0,1.0,499.0,28.0,3.0,328.0,0.0,858.0,158.0,49.0,508.0,143.0
3513405,48.88,51.12,0.94,93.22,6.64,0.08,67.74,6.4,0.25,25.52,0.09,100.0,11.62,20.12,29.53,23.52,7.35,3.53,3.39,9036.0,9451.0,173.0,17233.0,1228.0,14.0,12524.0,1183.0,46.0,4718.0,17.0,18487.0,2148.0,3720.0,5460.0,4348.0,1359.0,653.0,626.0,8936.0,3788.0,307.0,95.0,2797.0,9036.0,9451.0,17233.0,1228.0,14.0,1820.0,2928.0,4922.0,3617.0,2634.0,2167.0,398.0,18487.0,869.0,1695.0,56.76,43.24,2.89,91.27,12.04,79.22,7.49,0.0,0.51,100.0,2.84,10.29,28.89,35.97,12.12,7.0,0.0,84.56,2.15,17675.0,13467.0,901.0,28424.0,3751.0,24672.0,2332.0,0.0,158.0,31142.0,883.0,3203.0,8997.0,11203.0,3775.0,2181.0,0.0,26334.0,670.0,25.09,13.47,17.86,0.27,36.7,0.13,1.03,3.66,0.0,0.0,0.38,0.08,0.0,0.23,92.09,7.91,0.0,11.02,11.64,1.96,69.13,7.79,0.22,22.76,0.1,100.0,39.52,35.22,0.2,0.0,6614.0,3551.0,4708.0,71.0,9674.0,34.0,271.0,966.0,0.0,0.0,99.0,21.0,0.0,61.0,24278.0,2084.0,0.0,2905.0,3068.0,516.0,18225.0,2053.0,58.0,6000.0,27.0,26362.0,10419.0,9285.0,54.0,0.0,59.57,40.43,2.89,10.91,11.81,2.11,68.94,7.8,0.21,22.92,0.14,100.0,39.17,34.98,0.53,0.06,2.78,10.46,28.64,36.67,11.71,6.84,0.0,16088.0,10917.0,781.0,2946.0,3188.0,571.0,18616.0,2106.0,58.0,6189.0,37.0,27005.0,10579.0,9446.0,142.0,17.0,751.0,2824.0,7735.0,9903.0,3163.0,1847.0,0.0,24.95,13.44,17.76,0.26,36.6,0.16,1.0,3.97,0.0,0.0,0.37,0.08,0.0,0.31,68.97,7.79,0.21,22.89,0.14,100.0,11.61,10.48,52.13,25.78,6744.0,3632.0,4801.0,71.0,9894.0,43.0,271.0,1074.0,0.0,0.0,99.0,21.0,0.0,84.0,18644.0,2106.0,58.0,6189.0,37.0,27033.0,3139.0,2834.0,14092.0,6968.0
3513504,49.81,50.19,0.8,91.83,8.17,0.0,42.56,8.06,0.07,49.16,0.15,100.0,13.44,23.15,35.29,17.99,3.65,1.61,4.08,15473.0,15593.0,247.0,28528.0,2538.0,0.0,13223.0,2503.0,22.0,15272.0,46.0,31066.0,4176.0,7191.0,10963.0,5588.0,1134.0,500.0,1268.0,15294.0,6368.0,309.0,182.0,2657.0,15473.0,15593.0,28528.0,2538.0,0.0,2626.0,4128.0,7745.0,6262.0,4536.0,5354.0,414.0,31066.0,2871.0,3384.0,57.28,42.72,1.68,73.6,11.09,62.51,24.6,0.0,0.97,100.0,2.57,12.39,33.3,35.07,10.32,4.68,0.0,83.32,3.79,25921.0,19332.0,761.0,33305.0,5019.0,28286.0,11134.0,0.0,441.0,45252.0,1161.0,5605.0,15068.0,15870.0,4670.0,2117.0,0.0,37704.0,1717.0,11.97,10.19,7.2,0.36,18.42,0.21,3.53,46.41,0.03,0.0,0.47,0.06,0.04,0.35,72.86,27.14,0.0,4.59,32.03,13.65,36.27,13.0,0.06,50.49,0.17,100.0,15.12,33.72,0.54,0.09,4518.0,3845.0,2718.0,137.0,6952.0,81.0,1331.0,17512.0,11.0,0.0,178.0,22.0,16.0,131.0,27490.0,10242.0,0.0,1732.0,12087.0,5152.0,13686.0,4906.0,24.0,19051.0,63.0,37732.0,5706.0,12723.0,205.0,34.0,59.43,40.57,1.62,4.45,31.84,13.83,36.45,13.14,0.09,50.14,0.19,100.0,14.91,33.11,0.92,0.63,2.34,12.45,34.03,35.19,9.94,4.42,0.0,23428.0,15992.0,640.0,1754.0,12552.0,5452.0,14368.0,5178.0,36.0,19764.0,74.0,39420.0,5877.0,13051.0,361.0,249.0,922.0,4907.0,13415.0,13873.0,3920.0,1742.0,0.0,11.82,9.99,7.27,0.35,18.42,0.21,3.5,46.29,0.04,0.03,0.58,0.1,0.04,0.49,36.45,13.13,0.09,50.15,0.19,100.0,16.96,16.44,52.42,14.18,4663.0,3940.0,2866.0,137.0,7267.0,81.0,1382.0,18261.0,17.0,11.0,227.0,39.0,16.0,195.0,14377.0,5178.0,36.0,19784.0,74.0,39448.0,6690.0,6485.0,20678.0,5595.0
3513603,52.47,47.53,1.04,91.57,8.43,0.0,63.53,1.81,0.29,34.11,0.0,100.0,14.03,28.33,32.61,16.99,3.97,1.81,1.21,2378.0,2154.0,47.0,4150.0,382.0,0.0,2879.0,82.0,13.0,1546.0,0.0,4532.0,636.0,1284.0,1478.0,770.0,180.0,82.0,55.0,2450.0,822.0,14.0,152.0,321.0,2378.0,2154.0,4150.0,382.0,0.0,376.0,460.0,1174.0,1015.0,694.0,681.0,132.0,4532.0,366.0,406.0,62.05,37.95,2.39,94.29,25.49,68.8,4.76,0.0,0.35,100.0,4.31,19.19,38.52,25.21,7.16,3.05,0.16,62.45,11.11,6376.0,3900.0,246.0,9689.0,2619.0,7070.0,489.0,0.0,36.0,10276.0,443.0,1972.0,3958.0,2591.0,736.0,313.0,16.0,6417.0,1142.0,45.65,1.79,24.16,0.82,24.27,0.0,1.37,0.34,0.0,0.0,0.62,0.0,0.0,0.44,94.79,5.21,0.0,19.93,15.79,2.57,62.11,3.58,0.48,33.7,0.14,100.0,27.8,33.64,0.28,0.0,2934.0,115.0,1553.0,53.0,1560.0,0.0,88.0,22.0,0.0,0.0,40.0,0.0,0.0,28.0,6092.0,335.0,0.0,1281.0,1015.0,165.0,3992.0,230.0,31.0,2166.0,9.0,6427.0,1787.0,2162.0,18.0,0.0,62.02,37.98,2.05,21.3,14.7,2.92,62.63,3.04,0.41,33.8,0.12,100.0,28.69,31.04,1.1,0.13,4.0,19.26,40.84,25.2,6.38,2.28,0.0,4688.0,2871.0,155.0,1610.0,1111.0,221.0,4734.0,230.0,31.0,2555.0,9.0,7559.0,2169.0,2346.0,83.0,10.0,302.0,1456.0,3087.0,1905.0,482.0,172.0,0.0,44.44,1.52,23.03,0.83,26.07,0.0,1.44,1.02,0.0,0.0,0.53,0.0,0.0,0.55,62.68,3.04,0.41,33.76,0.12,100.0,34.02,16.75,36.7,12.54,3364.0,115.0,1743.0,63.0,1973.0,0.0,109.0,77.0,0.0,0.0,40.0,0.0,0.0,42.0,4744.0,230.0,31.0,2555.0,9.0,7569.0,2575.0,1268.0,2778.0,949.0
3513702,49.93,50.07,0.31,91.13,8.88,0.0,73.41,2.36,0.0,24.23,0.0,100.0,6.36,15.0,35.34,30.93,6.6,4.38,1.1,3738.0,3749.0,23.0,6823.0,665.0,0.0,5496.0,177.0,0.0,1814.0,0.0,7487.0,476.0,1123.0,2646.0,2316.0,494.0,328.0,82.0,3558.0,1313.0,163.0,51.0,827.0,3738.0,3749.0,6823.0,665.0,0.0,806.0,881.0,1792.0,1438.0,1057.0,1390.0,125.0,7487.0,633.0,943.0,56.62,43.38,2.37,91.9,14.28,77.61,6.69,0.0,0.63,100.0,0.76,4.61,24.74,46.05,13.52,7.83,0.13,79.88,4.42,9670.0,7410.0,404.0,15696.0,2439.0,13256.0,1142.0,0.0,108.0,17080.0,129.0,788.0,4225.0,7866.0,2309.0,1338.0,22.0,13643.0,755.0,15.6,6.18,15.87,0.38,42.57,0.08,5.14,10.9,0.0,0.0,0.89,0.08,0.0,0.56,93.3,6.69,0.0,14.76,16.25,4.01,72.48,3.46,0.13,23.92,0.0,100.0,34.51,29.97,0.07,0.0,2130.0,844.0,2166.0,52.0,5811.0,11.0,702.0,1488.0,0.0,0.0,121.0,11.0,0.0,77.0,12737.0,914.0,0.0,2015.0,2218.0,547.0,9895.0,473.0,18.0,3265.0,0.0,13652.0,4711.0,4091.0,9.0,0.0,57.73,42.26,2.51,14.26,16.32,4.9,72.0,3.42,0.13,24.45,0.0,100.0,34.05,28.96,0.43,0.46,0.77,4.41,24.78,46.4,13.7,7.26,0.15,8312.0,6085.0,362.0,2053.0,2350.0,706.0,10367.0,492.0,18.0,3521.0,0.0,14398.0,4903.0,4170.0,62.0,66.0,111.0,635.0,3568.0,6681.0,1973.0,1046.0,22.0,15.45,6.02,15.57,0.36,42.41,0.08,5.07,10.99,0.0,0.0,1.12,0.08,0.0,0.7,71.96,3.42,0.12,24.5,0.0,100.0,20.22,17.35,41.54,20.89,2226.0,867.0,2243.0,52.0,6109.0,11.0,731.0,1583.0,0.0,0.0,161.0,11.0,0.0,101.0,10367.0,492.0,18.0,3529.0,0.0,14406.0,2913.0,2500.0,5984.0,3009.0
3513801,49.08,50.92,1.03,83.78,16.15,0.06,45.6,9.48,0.32,44.59,0.0,100.0,8.82,18.46,32.95,25.99,6.44,3.19,3.12,47993.0,49783.0,1011.0,81918.0,15786.0,57.0,44589.0,9272.0,313.0,43601.0,0.0,97776.0,8620.0,18045.0,32221.0,25411.0,6295.0,3120.0,3054.0,46830.0,18103.0,2066.0,806.0,11164.0,47993.0,49783.0,81918.0,15786.0,57.0,9081.0,12904.0,25555.0,19603.0,13552.0,16229.0,852.0,97776.0,9377.0,9430.0,53.47,46.53,2.76,61.05,11.35,49.7,34.8,0.01,1.05,100.0,1.52,8.12,28.04,39.24,13.18,7.11,0.03,82.48,2.0,102107.0,88839.0,5276.0,116570.0,21676.0,94894.0,66457.0,22.0,2001.0,190945.0,2895.0,15509.0,53536.0,74922.0,25176.0,13581.0,51.0,157483.0,3817.0,18.71,1.35,7.53,0.54,26.98,0.28,0.35,39.36,0.44,1.39,0.19,0.02,0.02,0.43,59.15,40.85,0.0,4.41,30.75,18.77,43.23,13.02,0.42,43.25,0.08,100.0,14.29,28.85,2.01,0.01,29463.0,2131.0,11853.0,848.0,42490.0,448.0,554.0,61984.0,694.0,2195.0,305.0,34.0,38.0,671.0,93146.0,64337.0,0.0,6942.0,48423.0,29554.0,68078.0,20509.0,663.0,68107.0,126.0,157483.0,22500.0,45426.0,3164.0,23.0,54.71,45.29,2.66,4.38,30.6,18.93,43.33,13.04,0.42,43.14,0.08,100.0,14.12,28.66,2.18,0.08,1.4,8.05,28.33,39.64,13.02,6.9,0.01,88289.0,73083.0,4294.0,7067.0,49372.0,30555.0,69920.0,21036.0,682.0,69608.0,126.0,161372.0,22786.0,46253.0,3512.0,133.0,2265.0,12986.0,45713.0,63963.0,21012.0,11128.0,12.0,18.63,1.36,7.4,0.53,26.99,0.29,0.34,39.23,0.43,1.43,0.23,0.03,0.03,0.48,43.33,13.04,0.42,43.14,0.08,100.0,13.43,13.63,53.0,19.95,30064.0,2195.0,11939.0,858.0,43551.0,471.0,554.0,63302.0,694.0,2300.0,371.0,44.0,48.0,769.0,69920.0,21036.0,682.0,69608.0,126.0,161372.0,21666.0,21989.0,85531.0,32187.0
3513850,59.08,40.92,0.0,88.12,10.89,0.99,60.73,1.98,1.32,35.97,0.0,100.0,2.97,19.8,49.5,24.09,3.63,0.0,0.0,179.0,124.0,0.0,267.0,33.0,3.0,184.0,6.0,4.0,109.0,0.0,303.0,9.0,60.0,150.0,73.0,11.0,0.0,0.0,164.0,51.0,2.0,0.0,9.0,179.0,124.0,267.0,33.0,3.0,4.0,7.0,93.0,68.0,61.0,70.0,0.0,303.0,48.0,29.0,55.92,44.08,0.25,66.25,9.57,56.68,32.24,0.0,0.88,100.0,1.01,4.91,33.5,47.73,9.7,2.77,0.0,86.4,2.52,444.0,350.0,2.0,526.0,76.0,450.0,256.0,0.0,7.0,794.0,8.0,39.0,266.0,379.0,77.0,22.0,0.0,686.0,20.0,24.2,8.75,19.24,0.0,19.39,0.0,0.44,26.09,0.0,0.0,0.58,0.0,0.0,0.58,64.72,35.28,0.0,19.83,9.62,1.02,54.08,2.62,0.73,42.42,0.29,100.0,36.01,33.24,0.0,0.0,166.0,60.0,132.0,0.0,133.0,0.0,3.0,179.0,0.0,0.0,4.0,0.0,0.0,4.0,444.0,242.0,0.0,136.0,66.0,7.0,371.0,18.0,5.0,291.0,2.0,686.0,247.0,228.0,0.0,0.0,54.25,45.75,0.28,19.26,9.63,0.99,54.67,2.55,0.71,41.78,0.28,100.0,35.55,32.44,0.28,0.28,1.13,4.96,34.99,48.02,7.79,2.83,0.0,383.0,323.0,2.0,136.0,68.0,7.0,386.0,18.0,5.0,295.0,2.0,706.0,251.0,229.0,2.0,2.0,8.0,35.0,247.0,339.0,55.0,20.0,0.0,23.51,8.5,18.7,0.0,20.11,0.0,0.42,25.64,0.0,0.0,0.85,0.0,0.0,0.71,54.67,2.55,0.71,41.78,0.28,100.0,22.95,14.45,40.08,22.38,166.0,60.0,132.0,0.0,142.0,0.0,3.0,181.0,0.0,0.0,6.0,0.0,0.0,5.0,386.0,18.0,5.0,295.0,2.0,706.0,162.0,102.0,283.0,158.0
3513900,48.71,51.29,0.19,80.9,19.1,0.0,80.29,1.08,0.0,18.63,0.0,100.0,2.3,16.1,41.15,29.42,7.74,2.77,0.33,1038.0,1093.0,4.0,1724.0,407.0,0.0,1711.0,23.0,0.0,397.0,0.0,2131.0,49.0,343.0,877.0,627.0,165.0,59.0,7.0,1093.0,281.0,14.0,21.0,300.0,1038.0,1093.0,1724.0,407.0,0.0,241.0,226.0,549.0,470.0,246.0,373.0,26.0,2131.0,131.0,290.0,60.38,39.62,2.4,87.85,26.94,60.89,10.2,0.0,0.65,100.0,0.2,5.71,30.48,45.18,9.97,5.8,0.25,67.59,3.49,3344.0,2194.0,133.0,4865.0,1492.0,3372.0,565.0,0.0,36.0,5538.0,11.0,316.0,1688.0,2502.0,552.0,321.0,14.0,3743.0,193.0,27.23,1.76,12.3,0.19,49.91,0.0,3.15,3.41,0.0,0.0,0.51,0.05,0.0,1.23,87.22,12.78,0.0,20.06,9.79,1.47,78.29,1.73,0.0,19.95,0.0,100.0,39.16,29.39,0.13,0.0,1021.0,66.0,461.0,7.0,1871.0,0.0,118.0,128.0,0.0,0.0,19.0,2.0,0.0,46.0,3270.0,479.0,0.0,752.0,367.0,55.0,2935.0,65.0,0.0,748.0,0.0,3749.0,1468.0,1102.0,5.0,0.0,57.63,42.37,2.64,19.18,10.31,2.06,78.03,1.65,0.0,20.35,0.0,100.0,38.07,28.93,0.51,0.74,0.03,5.21,30.51,44.7,10.59,6.35,0.0,2269.0,1668.0,104.0,755.0,406.0,81.0,3072.0,65.0,0.0,801.0,0.0,3937.0,1499.0,1139.0,20.0,29.0,1.0,205.0,1201.0,1760.0,417.0,250.0,0.0,26.28,1.83,11.97,0.18,49.82,0.0,3.45,3.63,0.0,0.0,1.29,0.05,0.0,1.17,78.06,1.65,0.0,20.32,0.0,100.0,25.6,18.59,36.38,19.43,1036.0,72.0,472.0,7.0,1964.0,0.0,136.0,143.0,0.0,0.0,51.0,2.0,0.0,46.0,3077.0,65.0,0.0,801.0,0.0,3942.0,1009.0,733.0,1434.0,766.0
3514007,47.12,52.84,0.96,80.4,19.6,0.0,42.95,4.62,0.0,52.38,0.0,100.0,6.64,24.91,36.45,25.96,2.52,1.83,0.69,1029.0,1154.0,21.0,1756.0,428.0,0.0,938.0,101.0,0.0,1144.0,0.0,2184.0,145.0,544.0,796.0,567.0,55.0,40.0,15.0,1115.0,371.0,22.0,0.0,189.0,1029.0,1154.0,1756.0,428.0,0.0,114.0,218.0,581.0,533.0,312.0,424.0,0.0,2184.0,238.0,249.0,58.99,41.01,2.29,38.81,7.85,30.97,58.15,0.0,2.08,100.0,1.91,10.16,32.04,39.77,10.65,3.18,0.0,86.22,2.9,2526.0,1756.0,98.0,1662.0,336.0,1326.0,2490.0,0.0,89.0,4282.0,82.0,435.0,1372.0,1703.0,456.0,136.0,0.0,3692.0,124.0,15.33,2.44,19.34,0.92,27.49,0.0,6.09,27.76,0.0,0.0,0.3,0.0,0.16,0.0,35.64,64.36,0.0,11.54,17.77,4.09,37.57,8.21,0.14,53.79,0.3,100.0,24.19,41.82,0.43,0.0,566.0,90.0,714.0,34.0,1015.0,0.0,225.0,1025.0,0.0,0.0,11.0,0.0,6.0,0.0,1316.0,2376.0,0.0,426.0,656.0,151.0,1387.0,303.0,5.0,1986.0,11.0,3692.0,893.0,1544.0,16.0,0.0,59.25,40.75,2.2,11.16,17.9,4.22,38.26,8.05,0.13,53.3,0.29,100.0,23.93,41.43,1.13,0.0,1.28,10.46,31.63,40.49,10.53,3.41,0.0,2261.0,1555.0,84.0,426.0,683.0,161.0,1460.0,307.0,5.0,2034.0,11.0,3816.0,913.0,1581.0,43.0,0.0,49.0,399.0,1207.0,1545.0,402.0,130.0,0.0,14.83,2.36,19.65,0.89,27.83,0.0,5.9,27.54,0.0,0.0,0.45,0.0,0.16,0.0,38.26,8.05,0.13,53.3,0.29,100.0,22.69,14.83,50.26,12.24,566.0,90.0,750.0,34.0,1062.0,0.0,225.0,1051.0,0.0,0.0,17.0,0.0,6.0,0.0,1460.0,307.0,5.0,2034.0,11.0,3816.0,866.0,566.0,1918.0,467.0
3514106,51.85,48.15,0.0,92.0,8.0,0.0,60.43,3.91,0.0,35.47,0.0,100.0,13.14,25.07,35.52,17.64,3.69,2.1,2.85,3116.0,2894.0,0.0,5529.0,481.0,0.0,3632.0,235.0,0.0,2132.0,0.0,6010.0,790.0,1507.0,2135.0,1060.0,222.0,126.0,171.0,2934.0,1427.0,73.0,33.0,484.0,3116.0,2894.0,5529.0,481.0,0.0,569.0,569.0,1515.0,1194.0,1063.0,932.0,169.0,6010.0,382.0,677.0,59.44,40.56,2.43,91.7,11.53,80.17,6.22,0.0,0.39,100.0,1.74,10.29,33.76,37.36,9.19,5.23,0.0,78.11,8.28,6642.0,4533.0,271.0,10247.0,1289.0,8959.0,695.0,0.0,44.0,11175.0,195.0,1150.0,3773.0,4175.0,1027.0,585.0,0.0,8729.0,925.0,30.42,3.94,11.58,0.66,34.17,0.0,4.69,11.73,0.0,0.0,0.54,0.11,0.52,0.1,94.05,5.96,0.0,12.77,14.45,3.68,65.87,6.54,0.0,27.6,0.0,100.0,33.8,35.04,0.13,0.0,2655.0,344.0,1011.0,58.0,2983.0,0.0,409.0,1024.0,0.0,0.0,47.0,10.0,45.0,9.0,8210.0,520.0,0.0,1115.0,1261.0,321.0,5750.0,571.0,0.0,2409.0,0.0,8729.0,2950.0,3059.0,11.0,0.0,58.76,41.24,2.31,13.03,14.18,3.89,67.02,6.37,0.0,26.6,0.0,100.0,32.84,34.77,0.85,0.31,1.77,9.78,33.85,38.72,8.37,5.19,0.0,5673.0,3981.0,223.0,1258.0,1369.0,376.0,6470.0,615.0,0.0,2568.0,0.0,9654.0,3170.0,3357.0,82.0,30.0,171.0,944.0,3268.0,3738.0,808.0,501.0,0.0,30.1,3.56,11.07,0.71,35.27,0.0,4.24,11.47,0.0,0.0,1.02,0.1,0.47,0.25,67.02,6.37,0.0,26.6,0.0,100.0,23.86,20.03,41.56,14.55,2906.0,344.0,1069.0,69.0,3405.0,0.0,409.0,1107.0,0.0,0.0,98.0,10.0,45.0,24.0,6470.0,615.0,0.0,2568.0,0.0,9654.0,2303.0,1934.0,4012.0,1405.0
3514205,51.19,49.02,0.0,80.69,19.31,0.0,59.87,3.9,0.43,35.57,0.0,100.0,12.15,30.8,31.02,19.52,4.56,1.74,0.43,236.0,226.0,0.0,372.0,89.0,0.0,276.0,18.0,2.0,164.0,0.0,461.0,56.0,142.0,143.0,90.0,21.0,8.0,2.0,213.0,89.0,0.0,0.0,45.0,236.0,226.0,372.0,89.0,0.0,35.0,23.0,123.0,96.0,85.0,99.0,0.0,461.0,65.0,50.0,57.14,42.86,0.4,71.83,16.1,55.84,20.72,0.0,7.24,100.0,1.51,13.28,29.48,38.03,10.97,6.34,0.0,75.86,0.6,568.0,426.0,4.0,714.0,160.0,555.0,206.0,0.0,72.0,994.0,15.0,132.0,293.0,378.0,109.0,63.0,0.0,754.0,6.0,31.56,13.79,6.1,0.4,24.67,0.0,2.52,20.16,0.0,0.0,0.53,0.0,0.0,0.4,73.08,27.06,0.0,27.32,16.58,1.99,62.73,5.17,0.0,32.23,0.0,100.0,30.37,23.61,0.0,0.0,238.0,104.0,46.0,3.0,186.0,0.0,19.0,152.0,0.0,0.0,4.0,0.0,0.0,3.0,551.0,204.0,0.0,206.0,125.0,15.0,473.0,39.0,0.0,243.0,0.0,754.0,229.0,178.0,0.0,0.0,56.05,44.08,0.26,27.11,16.97,1.97,62.76,5.13,0.0,32.24,0.0,100.0,30.13,23.68,0.0,0.0,1.58,15.66,29.21,38.03,10.13,5.26,0.0,426.0,335.0,2.0,206.0,129.0,15.0,477.0,39.0,0.0,245.0,0.0,760.0,229.0,180.0,0.0,0.0,12.0,119.0,222.0,289.0,77.0,40.0,0.0,31.58,13.68,6.05,0.39,25.0,0.0,2.5,20.0,0.0,0.0,0.53,0.0,0.0,0.39,62.76,5.13,0.0,32.24,0.0,100.0,27.63,11.58,41.05,19.74,240.0,104.0,46.0,3.0,190.0,0.0,19.0,152.0,0.0,0.0,4.0,0.0,0.0,3.0,477.0,39.0,0.0,245.0,0.0,760.0,210.0,88.0,312.0,150.0
3514304,51.55,48.38,1.45,88.0,12.0,0.0,69.61,5.14,0.0,25.25,0.0,100.0,2.24,19.45,43.38,26.04,4.94,1.38,0.99,782.0,734.0,22.0,1335.0,182.0,0.0,1056.0,78.0,0.0,383.0,0.0,1517.0,34.0,295.0,658.0,395.0,75.0,21.0,15.0,783.0,217.0,5.0,6.0,157.0,782.0,734.0,1335.0,182.0,0.0,90.0,131.0,419.0,330.0,256.0,290.0,0.0,1517.0,107.0,242.0,58.71,41.29,3.26,91.71,9.79,81.92,7.47,0.0,0.55,100.0,0.0,6.07,26.95,43.53,14.23,5.94,0.0,86.65,2.76,2146.0,1509.0,119.0,3352.0,358.0,2994.0,273.0,0.0,20.0,3655.0,0.0,222.0,985.0,1591.0,520.0,217.0,0.0,3167.0,101.0,19.83,3.88,4.67,0.51,38.93,0.0,8.75,22.48,0.0,0.0,0.32,0.13,0.0,0.0,92.67,7.33,0.0,17.05,12.95,1.48,75.75,5.34,0.0,18.91,0.0,100.0,48.06,20.3,0.0,0.0,628.0,123.0,148.0,16.0,1233.0,0.0,277.0,712.0,0.0,0.0,10.0,4.0,0.0,0.0,2935.0,232.0,0.0,540.0,410.0,47.0,2399.0,169.0,0.0,599.0,0.0,3167.0,1522.0,643.0,0.0,0.0,58.59,41.44,3.12,17.08,13.04,1.68,75.82,5.45,0.0,18.76,0.0,100.0,47.23,20.02,0.8,0.0,0.0,6.24,26.51,44.11,14.57,5.48,0.0,1914.0,1354.0,102.0,558.0,426.0,55.0,2477.0,178.0,0.0,613.0,0.0,3267.0,1543.0,654.0,26.0,0.0,0.0,204.0,866.0,1441.0,476.0,179.0,0.0,19.77,3.76,4.53,0.49,39.79,0.0,8.48,21.89,0.0,0.0,0.49,0.12,0.0,0.0,75.82,5.45,0.0,18.76,0.0,100.0,24.03,12.34,49.53,14.11,646.0,123.0,148.0,16.0,1300.0,0.0,277.0,715.0,0.0,0.0,16.0,4.0,0.0,0.0,2477.0,178.0,0.0,613.0,0.0,3267.0,785.0,403.0,1618.0,461.0
3514403,49.62,50.38,2.88,92.64,7.27,0.09,67.78,3.21,2.01,26.66,0.35,100.0,5.84,16.36,28.04,27.99,10.69,6.59,1.6,5265.0,5346.0,306.0,9830.0,771.0,10.0,7192.0,341.0,213.0,2829.0,37.0,10611.0,620.0,1736.0,2975.0,2970.0,1134.0,699.0,170.0,4713.0,1929.0,224.0,86.0,1603.0,5265.0,5346.0,9830.0,771.0,10.0,1200.0,1781.0,2321.0,2024.0,1286.0,1753.0,246.0,10611.0,1087.0,968.0,55.63,44.37,3.79,90.96,16.26,74.7,5.88,0.04,1.5,100.0,1.05,5.76,24.43,40.96,14.46,9.51,0.05,77.74,2.89,11596.0,9247.0,790.0,18959.0,3390.0,15569.0,1226.0,9.0,312.0,20843.0,218.0,1201.0,5092.0,8537.0,3013.0,1982.0,10.0,16204.0,602.0,16.15,4.46,26.23,0.93,47.72,0.17,0.35,1.97,0.0,0.0,0.23,0.0,0.0,0.36,94.03,5.97,0.0,15.03,9.31,1.42,63.0,4.87,1.77,30.07,0.29,100.0,46.22,27.6,0.03,0.0,2617.0,723.0,4250.0,150.0,7733.0,28.0,56.0,320.0,0.0,0.0,38.0,0.0,0.0,59.0,15237.0,967.0,0.0,2435.0,1509.0,230.0,10209.0,789.0,286.0,4873.0,47.0,16204.0,7490.0,4473.0,5.0,0.0,56.84,43.16,3.43,14.82,9.24,1.65,63.08,4.74,1.7,30.21,0.28,100.0,45.44,27.24,0.34,0.52,0.93,5.68,24.42,41.33,13.98,10.17,0.06,9552.0,7253.0,577.0,2490.0,1552.0,278.0,10600.0,796.0,286.0,5076.0,47.0,16805.0,7637.0,4577.0,57.0,88.0,156.0,954.0,4104.0,6945.0,2350.0,1709.0,10.0,15.74,4.36,25.9,0.89,47.85,0.17,0.33,2.05,0.0,0.0,0.35,0.0,0.0,0.58,63.08,4.74,1.7,30.21,0.28,100.0,15.69,13.91,42.1,28.3,2645.0,732.0,4353.0,150.0,8042.0,28.0,56.0,344.0,0.0,0.0,58.0,0.0,0.0,98.0,10600.0,796.0,286.0,5076.0,47.0,16805.0,2637.0,2338.0,7075.0,4756.0
3514502,48.06,51.94,1.37,87.28,12.52,0.0,62.16,4.32,1.58,31.87,0.08,100.0,10.18,18.66,38.17,22.21,5.65,2.46,1.33,1190.0,1286.0,34.0,2161.0,310.0,0.0,1539.0,107.0,39.0,789.0,2.0,2476.0,252.0,462.0,945.0,550.0,140.0,61.0,33.0,1261.0,556.0,22.0,8.0,189.0,1190.0,1286.0,2161.0,310.0,0.0,218.0,192.0,656.0,583.0,429.0,385.0,12.0,2476.0,170.0,270.0,57.56,42.44,3.72,80.93,22.63,58.31,17.55,0.0,1.18,100.0,1.34,7.08,33.75,35.14,13.0,5.95,0.0,73.96,1.82,3510.0,2588.0,227.0,4935.0,1380.0,3556.0,1070.0,0.0,72.0,6098.0,82.0,432.0,2058.0,2143.0,793.0,363.0,0.0,4510.0,111.0,24.26,3.73,7.8,0.53,41.6,0.0,1.93,16.63,0.0,0.0,1.13,0.0,0.0,0.38,77.72,22.26,0.0,15.81,17.56,5.14,62.22,5.94,1.24,30.42,0.16,100.0,38.8,21.33,0.42,0.0,1094.0,168.0,352.0,24.0,1876.0,0.0,87.0,750.0,0.0,0.0,51.0,0.0,0.0,17.0,3505.0,1004.0,0.0,713.0,792.0,232.0,2806.0,268.0,56.0,1372.0,7.0,4510.0,1750.0,962.0,19.0,0.0,57.49,42.51,3.24,15.87,17.86,5.34,62.46,6.03,1.21,30.14,0.15,100.0,38.08,21.25,0.52,0.11,1.34,5.95,35.94,37.99,10.66,4.89,0.0,2659.0,1966.0,150.0,734.0,826.0,247.0,2889.0,279.0,56.0,1394.0,7.0,4625.0,1761.0,983.0,24.0,5.0,62.0,275.0,1662.0,1757.0,493.0,226.0,0.0,23.83,3.63,7.76,0.69,41.15,0.0,2.08,16.58,0.0,0.0,1.69,0.0,0.0,0.58,62.46,6.03,1.21,30.14,0.15,100.0,24.17,13.6,45.38,16.84,1102.0,168.0,359.0,32.0,1903.0,0.0,96.0,767.0,0.0,0.0,78.0,0.0,0.0,27.0,2889.0,279.0,56.0,1394.0,7.0,4625.0,1118.0,629.0,2099.0,779.0
3514601,54.41,45.59,0.0,88.08,11.92,0.0,52.91,4.26,0.0,42.59,0.25,100.0,3.91,18.24,37.93,30.06,6.01,3.01,0.85,1086.0,910.0,0.0,1758.0,238.0,0.0,1056.0,85.0,0.0,850.0,5.0,1996.0,78.0,364.0,757.0,600.0,120.0,60.0,17.0,1012.0,296.0,22.0,16.0,182.0,1086.0,910.0,1758.0,238.0,0.0,167.0,155.0,522.0,461.0,294.0,398.0,0.0,1996.0,225.0,244.0,58.27,41.73,3.59,70.08,7.41,62.67,29.32,0.0,0.26,100.0,0.79,5.57,26.37,43.39,13.79,6.5,0.0,90.75,1.13,2941.0,2106.0,181.0,3537.0,374.0,3163.0,1480.0,0.0,13.0,5047.0,40.0,281.0,1331.0,2190.0,696.0,328.0,0.0,4580.0,57.0,28.91,4.8,4.56,0.85,37.99,0.0,1.24,19.98,0.0,0.0,0.85,0.0,0.15,0.0,68.47,31.51,0.0,6.31,15.11,1.11,54.5,7.38,0.0,37.99,0.11,100.0,34.85,42.18,0.22,0.0,1324.0,220.0,209.0,39.0,1740.0,0.0,57.0,915.0,0.0,0.0,39.0,0.0,7.0,0.0,3136.0,1443.0,0.0,289.0,692.0,51.0,2496.0,338.0,0.0,1740.0,5.0,4580.0,1596.0,1932.0,10.0,0.0,59.01,40.99,3.77,6.48,14.9,1.1,54.49,7.28,0.0,38.1,0.11,100.0,34.61,41.8,0.41,0.22,0.86,5.38,26.58,43.57,13.22,6.59,0.0,2740.0,1903.0,175.0,301.0,692.0,51.0,2530.0,338.0,0.0,1769.0,5.0,4643.0,1607.0,1941.0,19.0,10.0,40.0,250.0,1234.0,2023.0,614.0,306.0,0.0,28.84,4.74,4.5,0.84,38.32,0.0,1.23,19.79,0.0,0.0,0.84,0.0,0.15,0.0,54.49,7.28,0.0,38.1,0.11,100.0,26.06,14.39,43.16,16.39,1339.0,220.0,209.0,39.0,1779.0,0.0,57.0,919.0,0.0,0.0,39.0,0.0,7.0,0.0,2530.0,338.0,0.0,1769.0,5.0,4643.0,1210.0,668.0,2004.0,761.0
3514700,50.11,49.89,0.67,90.53,9.55,0.0,62.94,2.54,0.22,34.38,0.0,100.0,9.1,25.28,38.03,19.61,3.8,2.24,1.27,672.0,669.0,9.0,1214.0,128.0,0.0,844.0,34.0,3.0,461.0,0.0,1341.0,122.0,339.0,510.0,263.0,51.0,30.0,17.0,680.0,203.0,6.0,0.0,87.0,672.0,669.0,1214.0,128.0,0.0,65.0,48.0,372.0,317.0,233.0,307.0,0.0,1341.0,167.0,198.0,60.66,39.34,1.67,85.5,11.09,74.42,11.64,0.0,1.67,100.0,1.33,10.6,30.89,40.9,9.08,5.52,0.0,84.24,1.82,1636.0,1061.0,45.0,2306.0,299.0,2007.0,314.0,0.0,45.0,2697.0,36.0,286.0,833.0,1103.0,245.0,149.0,0.0,2272.0,49.0,26.41,10.96,4.71,0.53,32.31,0.0,8.1,14.22,0.0,0.0,2.42,0.0,0.0,0.31,87.1,12.9,0.0,10.78,20.2,2.51,59.2,5.41,0.13,35.21,0.0,100.0,38.38,28.04,0.13,0.0,600.0,249.0,107.0,12.0,734.0,0.0,184.0,323.0,0.0,0.0,55.0,0.0,0.0,7.0,1979.0,293.0,0.0,245.0,459.0,57.0,1345.0,123.0,3.0,800.0,0.0,2272.0,872.0,637.0,3.0,0.0,59.2,40.8,1.68,10.69,20.16,2.97,58.64,5.43,0.13,35.76,0.0,100.0,37.7,28.05,0.26,0.13,1.38,10.34,32.14,41.15,8.06,5.21,0.0,1374.0,947.0,39.0,248.0,468.0,69.0,1361.0,126.0,3.0,830.0,0.0,2321.0,875.0,651.0,6.0,3.0,32.0,240.0,746.0,955.0,187.0,121.0,0.0,26.02,10.73,4.74,0.52,32.57,0.0,8.32,14.43,0.0,0.0,2.37,0.0,0.0,0.3,58.64,5.43,0.13,35.76,0.0,100.0,21.37,16.67,44.59,17.36,604.0,249.0,110.0,12.0,756.0,0.0,193.0,335.0,0.0,0.0,55.0,0.0,0.0,7.0,1361.0,126.0,3.0,830.0,0.0,2321.0,496.0,387.0,1035.0,403.0
3514809,50.13,49.87,0.47,91.46,8.54,0.0,37.79,11.58,1.13,48.31,1.19,100.0,22.03,34.24,28.22,8.82,3.48,1.63,1.07,1597.0,1589.0,15.0,2914.0,272.0,0.0,1204.0,369.0,36.0,1539.0,38.0,3186.0,702.0,1091.0,899.0,281.0,111.0,52.0,34.0,1821.0,506.0,20.0,6.0,193.0,1597.0,1589.0,2914.0,272.0,0.0,168.0,165.0,899.0,826.0,522.0,601.0,6.0,3186.0,232.0,408.0,65.34,34.64,1.43,93.77,29.85,63.9,5.2,0.0,0.12,100.0,4.54,19.64,38.16,24.49,8.54,3.08,0.1,67.09,2.04,3327.0,1764.0,73.0,4775.0,1520.0,3254.0,265.0,0.0,6.0,5092.0,231.0,1000.0,1943.0,1247.0,435.0,157.0,5.0,3416.0,104.0,29.42,10.25,18.79,0.35,28.19,0.23,2.58,7.99,0.0,0.0,0.26,0.0,0.03,1.2,93.79,6.21,0.0,16.45,13.73,1.9,32.08,14.64,0.82,52.11,0.32,100.0,35.33,32.06,0.32,0.0,1005.0,350.0,642.0,12.0,963.0,8.0,88.0,273.0,0.0,0.0,9.0,0.0,1.0,41.0,3204.0,212.0,0.0,562.0,469.0,65.0,1096.0,500.0,28.0,1780.0,11.0,3416.0,1207.0,1095.0,11.0,0.0,63.21,36.79,1.53,16.19,13.81,2.05,32.44,14.4,0.8,52.05,0.31,100.0,34.91,31.76,0.68,0.34,3.98,20.03,39.77,22.93,8.81,2.81,0.14,2225.0,1295.0,54.0,570.0,486.0,72.0,1142.0,507.0,28.0,1832.0,11.0,3520.0,1229.0,1118.0,24.0,12.0,140.0,705.0,1400.0,807.0,310.0,99.0,5.0,29.46,9.97,18.47,0.34,28.84,0.23,2.5,8.04,0.0,0.0,0.26,0.0,0.03,1.16,32.44,14.4,0.8,52.05,0.31,100.0,23.58,20.09,41.85,14.49,1037.0,351.0,650.0,12.0,1015.0,8.0,88.0,283.0,0.0,0.0,9.0,0.0,1.0,41.0,1142.0,507.0,28.0,1832.0,11.0,3520.0,830.0,707.0,1473.0,510.0
3514908,51.38,48.62,0.0,89.3,10.73,0.0,58.57,3.42,0.07,37.94,0.0,100.0,5.28,22.77,43.07,21.79,4.81,1.5,0.8,2256.0,2135.0,0.0,3921.0,471.0,0.0,2572.0,150.0,3.0,1666.0,0.0,4391.0,232.0,1000.0,1891.0,957.0,211.0,66.0,35.0,2411.0,850.0,44.0,62.0,282.0,2256.0,2135.0,3921.0,471.0,0.0,348.0,584.0,1183.0,928.0,614.0,684.0,51.0,4391.0,327.0,416.0,60.44,39.56,1.01,81.88,16.32,65.54,15.66,0.0,1.82,100.0,1.05,9.83,33.32,41.99,9.38,3.42,0.0,78.96,2.24,4969.0,3252.0,83.0,6731.0,1342.0,5388.0,1287.0,0.0,150.0,8221.0,86.0,808.0,2739.0,3452.0,771.0,281.0,0.0,6491.0,184.0,17.91,3.2,14.4,0.77,42.25,0.11,2.83,17.2,0.51,0.0,0.11,0.0,0.06,0.34,80.77,19.25,0.0,10.16,17.37,2.2,56.2,5.3,0.31,38.14,0.06,100.0,25.2,45.0,0.0,0.0,1163.0,208.0,935.0,50.0,2744.0,7.0,184.0,1117.0,33.0,0.0,7.0,0.0,4.0,22.0,5246.0,1250.0,0.0,660.0,1128.0,143.0,3650.0,344.0,20.0,2477.0,4.0,6495.0,1637.0,2923.0,0.0,0.0,61.39,38.61,1.17,10.05,17.9,2.31,55.52,5.39,0.3,38.73,0.06,100.0,24.96,44.52,0.12,0.07,1.09,10.11,33.12,42.22,9.21,3.07,0.0,4098.0,2577.0,78.0,671.0,1195.0,154.0,3706.0,360.0,20.0,2585.0,4.0,6675.0,1666.0,2972.0,8.0,5.0,73.0,675.0,2211.0,2818.0,615.0,205.0,0.0,17.61,3.22,14.9,0.75,41.68,0.1,2.75,17.49,0.49,0.0,0.18,0.0,0.06,0.33,55.53,5.39,0.3,38.7,0.06,100.0,24.03,16.68,49.03,10.26,1176.0,215.0,995.0,50.0,2784.0,7.0,184.0,1168.0,33.0,0.0,12.0,0.0,4.0,22.0,3709.0,360.0,20.0,2585.0,4.0,6679.0,1605.0,1114.0,3275.0,685.0
3514924,48.97,51.03,0.47,86.73,13.27,0.0,70.46,0.95,0.0,28.44,0.0,100.0,10.58,10.43,48.97,22.43,3.0,2.84,1.42,310.0,323.0,3.0,549.0,84.0,0.0,446.0,6.0,0.0,180.0,0.0,633.0,67.0,66.0,310.0,142.0,19.0,18.0,9.0,344.0,109.0,2.0,0.0,39.0,310.0,323.0,549.0,84.0,0.0,23.0,19.0,206.0,133.0,116.0,136.0,0.0,633.0,75.0,64.0,60.05,39.95,0.78,57.26,18.03,39.17,40.27,0.0,1.82,100.0,1.56,4.02,30.42,43.13,13.1,7.0,0.0,76.78,2.72,926.0,616.0,12.0,883.0,278.0,604.0,621.0,0.0,28.0,1542.0,24.0,62.0,469.0,665.0,202.0,108.0,0.0,1184.0,42.0,20.61,4.05,8.95,0.0,35.9,0.0,3.55,24.75,0.0,0.0,0.93,0.0,0.0,1.01,50.25,49.75,0.0,19.34,13.43,3.21,71.2,4.05,0.0,24.75,0.0,100.0,24.83,38.6,0.25,0.0,244.0,48.0,106.0,0.0,425.0,0.0,42.0,293.0,0.0,0.0,11.0,0.0,0.0,12.0,595.0,589.0,0.0,229.0,159.0,38.0,843.0,48.0,0.0,293.0,0.0,1184.0,294.0,457.0,3.0,0.0,60.36,39.64,0.73,18.92,13.54,3.26,71.04,4.16,0.0,24.8,0.0,100.0,23.98,39.48,0.24,0.16,1.39,4.08,29.28,43.88,14.44,6.28,0.0,740.0,486.0,9.0,232.0,166.0,40.0,871.0,51.0,0.0,304.0,0.0,1226.0,294.0,484.0,3.0,2.0,17.0,50.0,359.0,538.0,177.0,77.0,0.0,20.15,3.92,8.89,0.0,36.05,0.0,3.43,25.29,0.0,0.0,0.9,0.0,0.0,1.14,71.04,4.16,0.0,24.8,0.0,100.0,18.76,16.15,48.78,16.23,247.0,48.0,109.0,0.0,442.0,0.0,42.0,310.0,0.0,0.0,11.0,0.0,0.0,14.0,871.0,51.0,0.0,304.0,0.0,1226.0,230.0,198.0,598.0,199.0
3514957,55.02,44.78,0.6,81.33,18.47,0.0,69.88,2.01,0.0,28.11,0.0,100.0,7.43,21.49,40.36,25.1,3.01,1.0,1.0,274.0,223.0,3.0,405.0,92.0,0.0,348.0,10.0,0.0,140.0,0.0,498.0,37.0,107.0,201.0,125.0,15.0,5.0,5.0,243.0,106.0,5.0,2.0,45.0,274.0,223.0,405.0,92.0,0.0,23.0,46.0,124.0,118.0,94.0,92.0,0.0,498.0,33.0,64.0,60.33,39.67,0.29,66.63,15.32,51.31,32.4,0.0,0.78,100.0,0.87,8.05,31.91,43.16,11.15,4.46,0.0,81.09,2.62,622.0,409.0,3.0,687.0,158.0,529.0,334.0,0.0,8.0,1031.0,9.0,83.0,329.0,445.0,115.0,46.0,0.0,836.0,27.0,26.32,2.63,2.63,0.48,29.43,0.24,4.55,33.13,0.0,0.0,0.48,0.0,0.0,0.0,62.44,37.56,0.0,16.03,20.93,4.19,64.23,5.14,0.0,30.5,0.0,100.0,27.99,30.74,0.0,0.0,220.0,22.0,22.0,4.0,246.0,2.0,38.0,277.0,0.0,0.0,4.0,0.0,0.0,0.0,522.0,314.0,0.0,134.0,175.0,35.0,537.0,43.0,0.0,255.0,0.0,836.0,234.0,257.0,0.0,0.0,62.8,37.2,0.12,15.53,21.09,4.75,65.12,4.98,0.0,29.78,0.0,100.0,27.69,30.48,0.0,0.46,1.04,7.76,32.33,42.76,12.17,3.82,0.0,542.0,321.0,1.0,134.0,182.0,41.0,562.0,43.0,0.0,257.0,0.0,863.0,239.0,263.0,0.0,4.0,9.0,67.0,279.0,369.0,105.0,33.0,0.0,25.72,2.55,2.67,0.46,30.01,0.23,4.4,32.91,0.0,0.0,0.81,0.0,0.0,0.0,65.12,4.98,0.0,29.78,0.0,100.0,21.32,12.28,52.84,13.56,222.0,22.0,23.0,4.0,259.0,2.0,38.0,284.0,0.0,0.0,7.0,0.0,0.0,0.0,562.0,43.0,0.0,257.0,0.0,863.0,184.0,106.0,456.0,117.0
3515004,49.45,50.55,0.7,82.45,17.46,0.08,39.79,10.93,0.16,49.08,0.03,100.0,11.02,22.69,36.64,19.88,4.21,1.71,3.14,35058.0,35838.0,494.0,58453.0,12375.0,55.0,28209.0,7749.0,111.0,34793.0,19.0,70896.0,7815.0,16088.0,25976.0,14095.0,2987.0,1213.0,2227.0,35168.0,15148.0,860.0,444.0,6015.0,35058.0,35838.0,58453.0,12375.0,55.0,6458.0,10132.0,18222.0,14203.0,9766.0,11360.0,755.0,70896.0,6868.0,6393.0,53.85,46.15,1.34,50.04,11.09,38.94,44.28,0.02,1.42,100.0,2.23,10.73,33.78,38.17,9.81,3.93,0.02,80.12,3.09,63092.0,54076.0,1567.0,58626.0,12999.0,45627.0,51877.0,22.0,1661.0,117168.0,2611.0,12569.0,39580.0,44719.0,11490.0,4607.0,25.0,93872.0,3622.0,13.38,0.66,7.02,0.37,22.8,0.18,0.48,50.48,0.07,2.36,0.24,0.03,0.02,0.27,46.75,53.25,0.0,3.64,25.82,33.75,36.24,16.25,0.34,46.98,0.19,100.0,10.18,21.68,4.16,0.0,12563.0,624.0,6586.0,352.0,21405.0,169.0,446.0,47389.0,69.0,2218.0,225.0,31.0,16.0,257.0,43890.0,49989.0,0.0,3414.0,24238.0,31682.0,34020.0,15259.0,319.0,44105.0,175.0,93878.0,9558.0,20350.0,3908.0,0.0,54.75,45.25,1.19,3.52,25.5,34.3,36.37,16.15,0.33,46.96,0.19,100.0,9.95,21.22,4.45,0.18,2.12,10.66,34.34,38.55,9.56,3.55,0.03,53393.0,44133.0,1165.0,3429.0,24866.0,33453.0,35474.0,15752.0,319.0,45798.0,184.0,97526.0,9706.0,20698.0,4342.0,176.0,2065.0,10394.0,33493.0,37598.0,9325.0,3462.0,25.0,13.2,0.67,6.92,0.4,22.9,0.17,0.5,50.42,0.07,2.3,0.27,0.03,0.02,0.32,36.38,16.15,0.33,46.96,0.19,100.0,19.19,17.6,48.31,14.89,12872.0,658.0,6749.0,394.0,22334.0,169.0,487.0,49180.0,69.0,2243.0,263.0,31.0,16.0,309.0,35480.0,15752.0,319.0,45798.0,184.0,97533.0,18720.0,17164.0,47123.0,14526.0
3515103,48.3,51.7,1.49,88.81,11.07,0.07,53.08,6.11,0.66,40.16,0.0,100.0,12.71,21.77,33.22,21.13,5.33,1.59,2.75,8027.0,8591.0,248.0,14759.0,1839.0,11.0,8821.0,1015.0,109.0,6673.0,0.0,16618.0,2112.0,3618.0,5520.0,3512.0,886.0,265.0,457.0,8234.0,3319.0,272.0,174.0,1606.0,8027.0,8591.0,14759.0,1839.0,11.0,1237.0,1661.0,4692.0,3618.0,2801.0,2541.0,68.0,16618.0,1684.0,1330.0,56.73,43.27,2.63,68.36,13.08,55.29,27.73,0.0,0.56,100.0,2.31,10.36,33.02,37.32,9.98,4.38,0.0,80.69,2.32,16645.0,12698.0,772.0,20060.0,3837.0,16223.0,8138.0,0.0,164.0,29343.0,679.0,3040.0,9690.0,10950.0,2928.0,1284.0,0.0,23678.0,681.0,19.2,0.85,7.12,0.4,33.04,0.16,3.16,32.11,0.06,0.64,0.25,0.1,0.0,0.19,67.66,32.34,0.0,4.49,19.27,19.96,47.45,9.8,0.41,42.22,0.13,100.0,18.56,27.45,9.27,0.05,4545.0,202.0,1687.0,95.0,7823.0,39.0,748.0,7602.0,14.0,151.0,59.0,23.0,0.0,44.0,16021.0,7657.0,0.0,1062.0,4563.0,4726.0,11235.0,2320.0,96.0,9997.0,30.0,23678.0,4395.0,6500.0,2196.0,12.0,56.95,43.06,2.75,4.45,19.11,20.2,47.53,9.88,0.39,42.07,0.12,100.0,18.22,27.13,9.8,0.09,2.24,9.59,32.56,38.1,10.3,4.47,0.0,13872.0,10489.0,671.0,1085.0,4655.0,4920.0,11579.0,2407.0,96.0,10248.0,30.0,24360.0,4438.0,6609.0,2387.0,23.0,546.0,2336.0,7931.0,9280.0,2509.0,1089.0,0.0,19.0,0.87,7.11,0.39,32.76,0.16,3.07,32.28,0.06,0.76,0.24,0.09,0.0,0.18,47.53,9.88,0.39,42.07,0.12,100.0,15.5,14.84,49.85,19.81,4628.0,213.0,1733.0,95.0,7981.0,39.0,749.0,7864.0,14.0,186.0,59.0,23.0,0.0,44.0,11579.0,2407.0,96.0,10248.0,30.0,24360.0,3776.0,3615.0,12143.0,4826.0
3515129,47.21,52.79,0.77,79.57,19.81,0.62,58.51,4.33,1.08,36.07,0.0,100.0,6.04,27.71,37.93,19.66,4.33,2.17,1.39,305.0,341.0,5.0,514.0,128.0,4.0,378.0,28.0,7.0,233.0,0.0,646.0,39.0,179.0,245.0,127.0,28.0,14.0,9.0,313.0,97.0,12.0,9.0,63.0,305.0,341.0,514.0,128.0,4.0,56.0,50.0,155.0,131.0,112.0,142.0,0.0,646.0,84.0,68.0,58.74,41.26,0.36,73.53,16.24,57.29,25.02,0.0,0.58,100.0,1.52,13.63,32.27,41.41,7.54,3.19,0.0,79.12,3.19,810.0,569.0,5.0,1014.0,224.0,790.0,345.0,0.0,8.0,1379.0,21.0,188.0,445.0,571.0,104.0,44.0,0.0,1091.0,44.0,24.56,4.95,11.0,0.0,29.88,0.0,17.87,10.72,0.0,0.0,0.73,0.0,0.0,0.27,71.4,28.69,0.0,16.41,30.61,11.0,50.69,5.96,0.55,42.8,0.0,100.0,18.24,23.74,0.0,0.0,268.0,54.0,120.0,0.0,326.0,0.0,195.0,117.0,0.0,0.0,8.0,0.0,0.0,3.0,779.0,313.0,0.0,179.0,334.0,120.0,553.0,65.0,6.0,467.0,0.0,1091.0,199.0,259.0,0.0,0.0,57.09,42.91,0.44,15.77,30.31,11.28,50.4,6.08,0.79,42.64,0.0,100.0,17.71,24.05,0.44,0.0,1.85,14.98,33.3,40.44,6.08,2.91,0.0,648.0,487.0,5.0,179.0,344.0,128.0,572.0,69.0,9.0,484.0,0.0,1135.0,201.0,273.0,5.0,0.0,21.0,170.0,378.0,459.0,69.0,33.0,0.0,24.41,4.76,10.84,0.0,30.04,0.0,17.62,10.57,0.0,0.0,0.7,0.0,0.0,0.26,50.4,6.08,0.79,42.64,0.0,100.0,22.73,16.39,44.76,16.12,277.0,54.0,123.0,0.0,341.0,0.0,200.0,120.0,0.0,0.0,8.0,0.0,0.0,3.0,572.0,69.0,9.0,484.0,0.0,1135.0,258.0,186.0,508.0,183.0
3515152,50.92,49.08,1.63,91.05,8.58,0.37,51.93,7.09,0.23,40.75,0.0,100.0,6.0,14.95,38.62,26.16,6.15,5.48,1.02,3039.0,2929.0,97.0,5434.0,512.0,22.0,3099.0,423.0,14.0,2432.0,0.0,5968.0,358.0,892.0,2305.0,1561.0,367.0,327.0,61.0,2369.0,665.0,275.0,18.0,1462.0,3039.0,2929.0,5434.0,512.0,22.0,839.0,1126.0,1314.0,1006.0,658.0,1009.0,16.0,5968.0,556.0,623.0,56.94,43.06,3.67,76.1,11.62,64.48,20.09,0.0,2.32,100.0,0.98,8.51,33.53,38.66,8.28,6.37,0.0,81.23,3.34,5902.0,4464.0,380.0,7889.0,1205.0,6684.0,2083.0,0.0,241.0,10366.0,102.0,882.0,3476.0,4008.0,858.0,660.0,0.0,8420.0,346.0,16.88,17.7,9.73,0.33,27.13,0.06,5.61,20.65,0.0,0.0,0.18,0.0,0.0,0.97,77.74,22.26,0.0,14.42,18.0,4.84,44.28,9.0,0.38,46.36,0.0,100.0,32.39,29.46,0.13,0.0,1422.0,1491.0,820.0,28.0,2286.0,5.0,473.0,1740.0,0.0,0.0,15.0,0.0,0.0,82.0,6550.0,1876.0,0.0,1215.0,1517.0,408.0,3731.0,758.0,32.0,3906.0,0.0,8426.0,2729.0,2482.0,11.0,0.0,58.1,41.9,3.64,14.04,17.55,5.32,44.58,8.87,0.37,46.18,0.0,100.0,31.81,29.0,1.14,0.25,0.89,8.45,34.48,39.44,7.68,5.43,0.0,5094.0,3673.0,319.0,1231.0,1539.0,466.0,3908.0,778.0,32.0,4049.0,0.0,8767.0,2789.0,2542.0,100.0,22.0,78.0,741.0,3023.0,3458.0,673.0,476.0,0.0,16.81,17.12,9.63,0.32,27.45,0.06,5.39,20.98,0.0,0.0,0.42,0.0,0.0,0.93,44.55,8.87,0.36,46.23,0.0,100.0,23.42,13.91,44.09,18.59,1475.0,1502.0,845.0,28.0,2408.0,5.0,473.0,1840.0,0.0,0.0,37.0,0.0,0.0,82.0,3908.0,778.0,32.0,4055.0,0.0,8772.0,2054.0,1220.0,3868.0,1631.0
3515186,49.76,50.24,3.18,90.56,9.43,0.0,76.41,3.57,0.12,19.9,0.0,100.0,5.51,12.22,34.24,32.62,6.81,4.05,1.36,4590.0,4635.0,293.0,8354.0,870.0,0.0,7049.0,329.0,11.0,1836.0,0.0,9225.0,508.0,1127.0,3159.0,3009.0,628.0,374.0,125.0,4424.0,1661.0,203.0,62.0,1214.0,4590.0,4635.0,8354.0,870.0,0.0,839.0,1408.0,2035.0,1826.0,1179.0,1484.0,454.0,9225.0,851.0,808.0,54.37,45.62,3.53,91.01,13.93,77.08,6.36,0.0,0.7,100.0,0.99,4.97,24.76,45.68,13.17,6.84,0.06,79.95,3.41,11340.0,9516.0,737.0,18981.0,2905.0,16076.0,1326.0,0.0,147.0,20857.0,207.0,1036.0,5164.0,9527.0,2746.0,1427.0,13.0,16676.0,712.0,21.13,2.05,17.1,0.31,43.88,0.17,2.16,10.95,0.0,0.0,0.26,0.05,0.0,0.76,93.22,6.77,0.0,16.58,11.44,0.96,73.73,6.39,0.0,19.78,0.1,100.0,40.63,30.29,0.0,0.0,3524.0,342.0,2851.0,51.0,7318.0,29.0,360.0,1826.0,0.0,0.0,43.0,8.0,0.0,127.0,15546.0,1129.0,0.0,2765.0,1908.0,160.0,12295.0,1065.0,0.0,3299.0,17.0,16676.0,6775.0,5051.0,0.0,0.0,53.69,46.31,3.52,16.37,11.45,1.35,73.77,6.71,0.0,19.42,0.1,100.0,40.33,29.61,0.44,0.24,0.95,4.33,25.73,46.4,12.5,6.57,0.0,9344.0,8058.0,613.0,2848.0,1992.0,235.0,12838.0,1168.0,0.0,3379.0,17.0,17402.0,7018.0,5152.0,77.0,41.0,166.0,753.0,4478.0,8074.0,2175.0,1143.0,0.0,20.96,2.18,17.16,0.29,43.74,0.17,2.15,10.94,0.0,0.0,0.29,0.05,0.0,0.73,73.77,6.71,0.0,19.42,0.1,100.0,18.42,18.19,41.63,21.76,3647.0,379.0,2987.0,51.0,7611.0,29.0,375.0,1903.0,0.0,0.0,50.0,8.0,0.0,127.0,12838.0,1168.0,0.0,3379.0,17.0,17402.0,3205.0,3166.0,7244.0,3787.0
3515194,47.2,52.71,0.0,87.18,12.73,0.0,66.61,3.43,0.0,29.87,0.0,100.0,9.84,20.58,46.93,17.33,3.88,0.9,0.63,523.0,584.0,0.0,966.0,141.0,0.0,738.0,38.0,0.0,331.0,0.0,1108.0,109.0,228.0,520.0,192.0,43.0,10.0,7.0,532.0,178.0,7.0,0.0,102.0,523.0,584.0,966.0,141.0,0.0,89.0,71.0,279.0,268.0,145.0,252.0,4.0,1108.0,114.0,175.0,61.13,38.87,0.31,85.35,7.87,77.48,14.7,0.0,0.0,100.0,2.02,11.39,38.98,36.39,7.97,3.0,0.0,90.17,1.97,1181.0,751.0,6.0,1649.0,152.0,1497.0,284.0,0.0,0.0,1932.0,39.0,220.0,753.0,703.0,154.0,58.0,0.0,1742.0,38.0,25.32,0.0,4.31,0.29,29.45,0.0,2.35,36.57,0.0,0.0,0.57,0.0,0.0,0.0,85.53,14.47,0.0,15.15,24.74,1.09,59.99,6.49,0.52,33.07,0.0,100.0,24.45,34.16,0.0,0.0,441.0,0.0,75.0,5.0,513.0,0.0,41.0,637.0,0.0,0.0,10.0,0.0,0.0,0.0,1490.0,252.0,0.0,264.0,431.0,19.0,1045.0,113.0,9.0,576.0,0.0,1742.0,426.0,595.0,0.0,0.0,61.18,38.82,0.34,14.83,25.06,1.4,60.11,6.35,0.51,33.03,0.0,100.0,23.93,33.71,0.17,0.39,1.97,11.97,38.71,35.9,8.03,3.09,0.0,1089.0,691.0,6.0,264.0,446.0,25.0,1070.0,113.0,9.0,588.0,0.0,1780.0,426.0,600.0,3.0,7.0,35.0,213.0,689.0,639.0,143.0,55.0,0.0,24.78,0.0,4.38,0.28,29.16,0.0,2.64,36.57,0.0,0.0,0.84,0.0,0.0,0.0,60.11,6.35,0.51,33.03,0.0,100.0,27.36,17.7,43.48,11.46,441.0,0.0,78.0,5.0,519.0,0.0,47.0,651.0,0.0,0.0,15.0,0.0,0.0,0.0,1070.0,113.0,9.0,588.0,0.0,1780.0,487.0,315.0,774.0,204.0
3515202,50.38,49.62,0.0,81.55,18.45,0.0,65.65,4.6,0.0,29.7,0.0,100.0,2.8,10.72,47.72,30.83,5.31,2.37,0.24,1062.0,1046.0,0.0,1719.0,389.0,0.0,1384.0,97.0,0.0,626.0,0.0,2108.0,59.0,226.0,1006.0,650.0,112.0,50.0,5.0,1021.0,306.0,34.0,5.0,290.0,1062.0,1046.0,1719.0,389.0,0.0,279.0,152.0,570.0,377.0,283.0,425.0,22.0,2108.0,224.0,228.0,58.43,41.57,1.65,88.63,14.11,74.52,10.26,0.0,1.13,100.0,0.4,3.72,28.07,47.86,12.46,5.83,0.0,81.42,3.36,2796.0,1989.0,79.0,4241.0,675.0,3566.0,491.0,0.0,54.0,4785.0,19.0,178.0,1343.0,2290.0,596.0,279.0,0.0,3896.0,161.0,28.44,7.92,21.57,0.36,32.98,0.0,1.22,5.88,0.0,0.0,0.51,0.08,0.0,0.59,89.74,10.26,0.0,24.12,3.82,0.81,65.24,5.55,0.31,28.62,0.25,100.0,45.05,25.72,0.13,0.0,1117.0,311.0,847.0,14.0,1295.0,0.0,48.0,231.0,0.0,0.0,20.0,3.0,0.0,23.0,3524.0,403.0,0.0,947.0,150.0,32.0,2562.0,218.0,12.0,1124.0,10.0,3927.0,1769.0,1010.0,5.0,0.0,57.37,42.65,1.5,23.84,4.12,1.43,65.68,5.37,0.42,28.3,0.25,100.0,43.57,26.01,0.47,0.2,0.12,3.99,28.3,48.1,11.56,6.41,0.0,2327.0,1730.0,61.0,967.0,167.0,58.0,2664.0,218.0,17.0,1148.0,10.0,4056.0,1767.0,1055.0,19.0,8.0,5.0,162.0,1148.0,1951.0,469.0,260.0,0.0,27.87,7.58,21.51,0.34,33.55,0.0,1.27,6.0,0.0,0.0,0.59,0.07,0.0,0.71,65.45,5.41,0.41,28.46,0.24,100.0,20.14,15.65,46.11,18.07,1143.0,311.0,882.0,14.0,1376.0,0.0,52.0,246.0,0.0,0.0,24.0,3.0,0.0,29.0,2684.0,222.0,17.0,1167.0,10.0,4101.0,826.0,642.0,1891.0,741.0
3515301,47.18,52.82,0.0,91.81,8.19,0.0,50.14,1.41,0.56,48.02,0.0,100.0,4.94,13.98,53.53,20.48,4.52,0.28,2.12,334.0,374.0,0.0,650.0,58.0,0.0,355.0,10.0,4.0,340.0,0.0,708.0,35.0,99.0,379.0,145.0,32.0,2.0,15.0,350.0,128.0,0.0,0.0,94.0,334.0,374.0,650.0,58.0,0.0,56.0,113.0,166.0,163.0,102.0,108.0,0.0,708.0,69.0,67.0,56.87,43.13,2.15,67.8,10.84,56.95,24.5,0.0,7.28,100.0,1.74,7.95,38.16,42.14,6.62,1.24,0.0,75.08,6.37,687.0,521.0,26.0,819.0,131.0,688.0,296.0,0.0,88.0,1208.0,21.0,96.0,461.0,509.0,80.0,15.0,0.0,907.0,77.0,40.24,5.18,3.31,0.0,26.68,0.0,2.09,21.06,0.0,0.0,0.0,0.0,0.0,0.55,73.54,26.46,0.0,23.93,25.69,3.86,44.76,4.96,0.66,49.61,0.0,100.0,28.45,15.99,1.1,0.0,365.0,47.0,30.0,0.0,242.0,0.0,19.0,191.0,0.0,0.0,0.0,0.0,0.0,5.0,667.0,240.0,0.0,217.0,233.0,35.0,406.0,45.0,6.0,450.0,0.0,907.0,258.0,145.0,10.0,0.0,54.07,45.93,0.41,22.46,25.3,4.47,43.6,4.98,1.02,50.41,0.0,100.0,26.22,15.55,2.03,2.74,1.12,7.72,38.31,43.8,7.42,1.22,0.0,532.0,452.0,4.0,221.0,249.0,44.0,429.0,49.0,10.0,496.0,0.0,984.0,258.0,153.0,20.0,27.0,11.0,76.0,377.0,431.0,73.0,12.0,0.0,37.8,4.78,3.25,0.0,27.85,0.0,1.93,22.76,0.0,0.0,0.0,0.0,0.0,0.51,43.6,4.98,1.02,50.41,0.0,100.0,18.09,12.8,54.27,14.84,372.0,47.0,32.0,0.0,274.0,0.0,19.0,224.0,0.0,0.0,0.0,0.0,0.0,5.0,429.0,49.0,10.0,496.0,0.0,984.0,178.0,126.0,534.0,146.0
3515350,49.57,50.38,0.0,88.21,11.38,0.46,36.87,3.54,0.0,59.59,0.0,100.0,15.07,21.4,38.14,17.25,4.7,0.61,2.88,980.0,996.0,0.0,1744.0,225.0,9.0,729.0,70.0,0.0,1178.0,0.0,1977.0,298.0,423.0,754.0,341.0,93.0,12.0,57.0,971.0,377.0,30.0,27.0,179.0,980.0,996.0,1744.0,225.0,9.0,169.0,226.0,490.0,460.0,341.0,283.0,8.0,1977.0,107.0,286.0,59.48,40.56,0.43,85.6,22.09,63.47,13.19,0.0,0.72,100.0,3.54,12.14,40.13,31.85,9.82,2.09,0.0,63.73,12.96,1817.0,1239.0,13.0,2615.0,675.0,1939.0,403.0,0.0,22.0,3055.0,108.0,371.0,1226.0,973.0,300.0,64.0,0.0,1947.0,396.0,30.8,6.88,18.07,0.41,28.44,0.0,3.23,9.96,0.0,0.0,0.31,0.0,0.0,0.46,85.88,14.07,0.0,20.59,14.43,7.34,30.6,7.75,0.0,61.6,0.0,100.0,30.54,25.05,0.62,0.46,600.0,134.0,352.0,8.0,554.0,0.0,63.0,194.0,0.0,0.0,6.0,0.0,0.0,9.0,1673.0,274.0,0.0,401.0,281.0,143.0,596.0,151.0,0.0,1200.0,0.0,1948.0,595.0,488.0,12.0,9.0,59.01,40.99,0.56,18.79,14.52,6.96,30.44,7.86,0.0,61.7,0.0,100.0,30.23,24.85,2.39,0.73,3.5,12.89,39.11,33.05,9.27,1.67,0.0,1382.0,960.0,13.0,440.0,340.0,163.0,713.0,184.0,0.0,1445.0,0.0,2342.0,708.0,582.0,56.0,17.0,82.0,302.0,916.0,774.0,217.0,39.0,0.0,29.75,8.58,15.83,0.34,27.83,0.0,3.46,11.05,0.0,0.0,0.43,0.0,0.0,0.64,30.43,7.85,0.0,61.72,0.0,100.0,18.14,15.19,48.83,17.84,697.0,201.0,371.0,8.0,652.0,0.0,81.0,259.0,0.0,0.0,10.0,0.0,0.0,15.0,713.0,184.0,0.0,1446.0,0.0,2343.0,425.0,356.0,1144.0,418.0
3515400,47.98,52.02,0.62,89.92,10.08,0.0,74.31,2.1,0.38,23.19,0.0,100.0,6.45,28.88,31.54,20.53,6.56,2.2,3.25,1786.0,1936.0,23.0,3347.0,375.0,0.0,2766.0,78.0,14.0,863.0,0.0,3722.0,240.0,1075.0,1174.0,764.0,244.0,82.0,121.0,1883.0,561.0,135.0,6.0,328.0,1786.0,1936.0,3347.0,375.0,0.0,290.0,260.0,1002.0,844.0,561.0,754.0,10.0,3722.0,452.0,357.0,56.62,43.38,2.29,90.26,14.52,75.74,7.46,0.0,1.23,100.0,0.89,10.29,30.3,40.33,11.23,4.67,0.0,81.29,1.91,4499.0,3447.0,182.0,7172.0,1154.0,6018.0,593.0,0.0,98.0,7946.0,71.0,818.0,2408.0,3205.0,892.0,371.0,0.0,6459.0,152.0,36.47,4.25,7.77,0.73,46.67,0.05,2.15,1.11,0.0,0.0,0.29,0.0,0.08,0.12,92.2,7.8,0.0,20.04,8.03,1.35,75.27,3.31,0.34,21.07,0.0,100.0,36.75,33.36,0.26,0.0,2357.0,275.0,502.0,47.0,3016.0,3.0,139.0,72.0,0.0,0.0,19.0,0.0,5.0,8.0,5959.0,504.0,0.0,1295.0,519.0,87.0,4865.0,214.0,22.0,1362.0,0.0,6463.0,2375.0,2156.0,17.0,0.0,55.3,44.68,1.86,20.0,8.32,1.62,75.34,3.4,0.33,20.92,0.0,100.0,36.24,32.85,0.53,0.2,0.76,9.88,31.98,40.75,10.59,4.21,0.0,3656.0,2954.0,123.0,1322.0,550.0,107.0,4981.0,225.0,22.0,1383.0,0.0,6611.0,2396.0,2172.0,35.0,13.0,50.0,653.0,2114.0,2694.0,700.0,278.0,0.0,35.96,4.38,7.68,0.71,46.49,0.12,2.1,1.41,0.0,0.0,0.59,0.0,0.08,0.12,75.36,3.4,0.33,20.91,0.0,100.0,26.02,18.44,38.7,16.83,2379.0,290.0,508.0,47.0,3075.0,8.0,139.0,93.0,0.0,0.0,39.0,0.0,5.0,8.0,4985.0,225.0,22.0,1383.0,0.0,6615.0,1721.0,1220.0,2560.0,1113.0
3515509,48.63,51.38,2.27,95.33,4.63,0.04,69.01,3.52,0.53,26.78,0.17,100.0,4.58,13.18,35.75,29.06,8.62,3.41,3.14,8735.0,9228.0,408.0,17124.0,831.0,7.0,12395.0,632.0,95.0,4810.0,30.0,17962.0,823.0,2367.0,6421.0,5219.0,1548.0,612.0,564.0,7404.0,3266.0,294.0,149.0,3022.0,8735.0,9240.0,17137.0,831.0,7.0,2077.0,3041.0,4057.0,2958.0,2274.0,3384.0,185.0,17975.0,2219.0,1621.0,55.51,44.49,4.78,91.43,13.97,77.46,6.3,0.02,1.2,100.0,0.89,5.03,26.08,43.49,12.67,6.95,0.11,80.36,3.42,19072.0,15285.0,1642.0,31412.0,4800.0,26613.0,2165.0,6.0,412.0,34356.0,307.0,1727.0,8959.0,14941.0,4354.0,2388.0,38.0,27608.0,1176.0,14.92,4.87,28.04,0.71,42.53,0.25,0.41,5.95,0.0,0.0,0.18,0.24,0.03,0.26,93.75,6.25,0.0,14.56,8.41,2.4,66.47,6.06,0.74,26.6,0.14,100.0,44.58,29.49,0.05,0.03,4119.0,1344.0,7740.0,195.0,11742.0,69.0,112.0,1642.0,0.0,0.0,51.0,65.0,8.0,71.0,25883.0,1725.0,0.0,4020.0,2322.0,662.0,18352.0,1672.0,203.0,7343.0,38.0,27608.0,12308.0,8142.0,15.0,9.0,56.35,43.65,4.53,14.44,8.77,2.64,67.07,5.9,0.71,26.19,0.13,100.0,43.7,29.29,0.26,0.29,0.76,4.66,26.26,44.42,12.47,6.83,0.06,16221.0,12563.0,1305.0,4156.0,2525.0,761.0,19306.0,1699.0,203.0,7538.0,38.0,28784.0,12579.0,8431.0,76.0,83.0,220.0,1341.0,7560.0,12786.0,3590.0,1965.0,17.0,14.79,4.85,27.55,0.75,42.24,0.24,0.46,6.19,0.0,0.0,0.39,0.27,0.03,0.53,67.07,5.9,0.71,26.19,0.13,100.0,16.34,16.15,39.28,28.23,4257.0,1396.0,7929.0,216.0,12158.0,69.0,133.0,1783.0,0.0,0.0,111.0,79.0,8.0,152.0,19306.0,1699.0,203.0,7538.0,38.0,28784.0,4702.0,4650.0,11307.0,8125.0
3515608,51.05,48.87,1.67,80.25,19.75,0.0,70.79,3.1,0.5,25.61,0.0,100.0,4.18,21.09,39.58,26.44,4.44,2.59,0.0,610.0,584.0,20.0,959.0,236.0,0.0,846.0,37.0,6.0,306.0,0.0,1195.0,50.0,252.0,473.0,316.0,53.0,31.0,0.0,570.0,216.0,11.0,3.0,114.0,610.0,584.0,959.0,236.0,0.0,97.0,66.0,303.0,261.0,196.0,269.0,3.0,1195.0,139.0,142.0,54.82,45.18,2.25,83.46,11.92,71.54,15.04,0.0,1.37,100.0,0.9,6.55,26.02,46.37,11.54,6.33,0.0,84.59,2.0,1757.0,1448.0,72.0,2675.0,382.0,2293.0,482.0,0.0,44.0,3205.0,29.0,210.0,834.0,1486.0,370.0,203.0,0.0,2711.0,64.0,29.47,0.55,10.13,0.26,43.72,0.0,3.09,9.43,0.0,0.0,0.92,0.96,0.33,0.66,84.2,15.8,0.0,32.01,8.73,1.18,67.85,4.57,0.11,27.48,0.0,100.0,39.45,18.34,0.0,0.0,800.0,15.0,275.0,7.0,1187.0,0.0,84.0,256.0,0.0,0.0,25.0,26.0,9.0,18.0,2286.0,429.0,0.0,869.0,237.0,32.0,1842.0,124.0,3.0,746.0,0.0,2715.0,1071.0,498.0,0.0,0.0,55.17,44.83,1.48,31.42,9.33,1.44,68.36,4.47,0.11,27.06,0.0,100.0,38.63,18.05,0.32,0.29,1.05,6.52,26.74,47.57,11.96,4.72,0.0,1531.0,1244.0,41.0,872.0,259.0,40.0,1897.0,124.0,3.0,751.0,0.0,2775.0,1072.0,501.0,9.0,8.0,29.0,181.0,742.0,1320.0,332.0,131.0,0.0,28.97,0.54,9.97,0.25,43.9,0.0,3.13,9.32,0.0,0.0,1.22,0.94,0.32,0.65,68.26,4.46,0.11,27.17,0.0,100.0,23.03,15.8,44.44,16.73,805.0,15.0,277.0,7.0,1220.0,0.0,87.0,259.0,0.0,0.0,34.0,26.0,9.0,18.0,1897.0,124.0,3.0,755.0,0.0,2779.0,640.0,439.0,1235.0,465.0
3515657,51.25,48.75,0.0,85.79,14.21,0.0,58.77,0.0,0.56,40.67,0.0,100.0,1.95,37.05,41.23,17.83,1.11,0.84,0.0,184.0,175.0,0.0,308.0,51.0,0.0,211.0,0.0,2.0,146.0,0.0,359.0,7.0,133.0,148.0,64.0,4.0,3.0,0.0,176.0,54.0,0.0,0.0,33.0,184.0,175.0,308.0,51.0,0.0,34.0,5.0,99.0,72.0,57.0,90.0,2.0,359.0,42.0,54.0,59.59,40.28,0.76,69.89,24.9,44.98,18.55,0.0,11.44,100.0,0.64,14.1,36.98,38.5,5.59,3.43,0.0,60.86,2.67,469.0,317.0,6.0,550.0,196.0,354.0,146.0,0.0,90.0,787.0,5.0,111.0,291.0,303.0,44.0,27.0,0.0,479.0,21.0,39.04,1.04,14.41,0.0,31.32,0.0,3.76,8.98,0.0,0.0,0.63,0.0,0.0,0.84,73.28,26.72,0.0,26.51,14.61,5.22,57.62,5.43,0.21,36.74,0.0,100.0,38.2,15.24,0.0,0.0,187.0,5.0,69.0,0.0,150.0,0.0,18.0,43.0,0.0,0.0,3.0,0.0,0.0,4.0,351.0,128.0,0.0,127.0,70.0,25.0,276.0,26.0,1.0,176.0,0.0,479.0,183.0,73.0,0.0,0.0,51.2,48.8,0.8,25.4,15.6,6.2,56.4,5.2,0.2,38.0,0.0,100.0,36.8,15.2,0.4,0.4,1.0,15.4,39.6,35.6,5.2,2.6,0.0,256.0,244.0,4.0,127.0,78.0,31.0,282.0,26.0,1.0,190.0,0.0,500.0,184.0,76.0,2.0,2.0,5.0,77.0,198.0,178.0,26.0,13.0,0.0,37.4,1.0,13.8,0.0,33.2,0.0,3.6,9.6,0.0,0.0,0.6,0.0,0.0,0.8,56.4,5.2,0.2,38.0,0.0,100.0,22.8,13.4,50.4,13.4,187.0,5.0,69.0,0.0,166.0,0.0,18.0,48.0,0.0,0.0,3.0,0.0,0.0,4.0,282.0,26.0,1.0,190.0,0.0,500.0,114.0,67.0,252.0,67.0
3515707,49.42,50.58,0.51,80.22,19.66,0.08,42.75,10.3,0.12,46.58,0.22,100.0,10.77,23.51,34.77,20.81,4.79,1.61,3.24,24337.0,24905.0,250.0,39502.0,9682.0,37.0,21053.0,5074.0,57.0,22938.0,108.0,49242.0,5302.0,11575.0,17120.0,10248.0,2359.0,791.0,1596.0,23500.0,9268.0,575.0,547.0,4916.0,24337.0,24905.0,39502.0,9682.0,37.0,4065.0,6240.0,12840.0,9910.0,6594.0,9102.0,492.0,49242.0,5350.0,5085.0,56.08,43.92,1.05,48.21,10.8,37.42,47.16,0.02,1.52,100.0,2.4,11.88,34.41,37.17,9.73,3.33,0.03,79.41,5.12,45751.0,35831.0,853.0,39333.0,8808.0,30525.0,38474.0,20.0,1241.0,81581.0,1962.0,9692.0,28072.0,30321.0,7936.0,2718.0,27.0,64781.0,4173.0,15.76,1.21,3.74,0.2,19.17,0.43,0.48,17.27,0.23,39.2,0.12,0.01,0.01,0.7,44.41,55.59,0.0,3.47,25.85,37.1,40.08,14.11,0.18,45.42,0.21,100.0,10.1,18.42,4.52,0.11,10211.0,783.0,2423.0,132.0,12424.0,277.0,311.0,11194.0,148.0,25399.0,77.0,5.0,5.0,451.0,28776.0,36025.0,0.0,2248.0,16752.0,24040.0,25972.0,9144.0,114.0,29435.0,135.0,64801.0,6542.0,11939.0,2928.0,72.0,57.54,42.46,0.93,3.51,25.48,37.02,40.27,14.01,0.17,45.34,0.2,100.0,10.08,18.08,5.03,0.23,2.29,11.78,34.22,37.27,10.12,3.4,0.0,39716.0,29303.0,639.0,2420.0,17583.0,25554.0,27797.0,9672.0,114.0,31295.0,141.0,69019.0,6959.0,12476.0,3471.0,162.0,1582.0,8128.0,23617.0,25723.0,6984.0,2347.0,0.0,15.64,1.26,3.73,0.21,19.05,0.42,0.51,17.27,0.21,39.19,0.14,0.03,0.01,0.71,40.28,14.01,0.17,45.34,0.2,100.0,17.84,16.35,51.7,14.11,10799.0,868.0,2576.0,144.0,13149.0,290.0,350.0,11921.0,148.0,27053.0,96.0,20.0,5.0,492.0,27806.0,9672.0,114.0,31305.0,141.0,69039.0,12316.0,11291.0,35693.0,9739.0
3515806,52.17,47.46,0.36,96.38,3.62,0.0,47.46,2.54,0.0,49.64,0.0,100.0,15.94,29.35,28.62,19.93,3.62,1.45,0.72,144.0,131.0,1.0,266.0,10.0,0.0,131.0,7.0,0.0,137.0,0.0,276.0,44.0,81.0,79.0,55.0,10.0,4.0,2.0,151.0,54.0,0.0,0.0,10.0,144.0,131.0,266.0,10.0,0.0,10.0,6.0,78.0,70.0,52.0,59.0,0.0,276.0,31.0,31.0,55.47,44.37,1.9,85.26,46.43,38.83,14.1,0.0,0.48,100.0,3.49,13.63,32.17,33.6,9.83,5.39,0.0,47.39,5.55,350.0,280.0,12.0,538.0,293.0,245.0,89.0,0.0,3.0,631.0,22.0,86.0,203.0,212.0,62.0,34.0,0.0,299.0,35.0,54.18,2.34,7.69,2.68,28.09,0.0,0.0,4.35,0.0,0.0,0.0,0.0,0.0,0.67,80.6,19.06,0.0,44.15,13.71,5.02,50.17,4.35,0.0,45.48,0.0,100.0,24.41,12.71,0.0,0.0,162.0,7.0,23.0,8.0,84.0,0.0,0.0,13.0,0.0,0.0,0.0,0.0,0.0,2.0,241.0,57.0,0.0,132.0,41.0,15.0,150.0,13.0,0.0,136.0,0.0,299.0,73.0,38.0,0.0,0.0,53.89,46.11,2.1,39.52,18.86,5.39,51.5,3.89,0.0,44.61,0.0,100.0,22.16,11.98,0.0,1.8,1.8,13.47,34.73,32.63,7.78,7.19,0.0,180.0,154.0,7.0,132.0,63.0,18.0,172.0,13.0,0.0,149.0,0.0,334.0,74.0,40.0,0.0,6.0,6.0,45.0,116.0,109.0,26.0,24.0,0.0,48.8,2.1,8.08,2.4,33.83,0.0,0.0,4.19,0.0,0.0,0.0,0.0,0.0,0.6,51.5,3.89,0.0,44.61,0.0,100.0,12.87,10.78,52.1,24.25,163.0,7.0,27.0,8.0,113.0,0.0,0.0,14.0,0.0,0.0,0.0,0.0,0.0,2.0,172.0,13.0,0.0,149.0,0.0,334.0,43.0,36.0,174.0,81.0
3515905,51.7,48.09,0.43,84.04,15.96,0.0,67.23,2.98,0.0,29.79,0.0,100.0,14.04,18.72,35.53,22.55,5.32,2.55,0.64,243.0,226.0,2.0,395.0,75.0,0.0,316.0,14.0,0.0,140.0,0.0,470.0,66.0,88.0,167.0,106.0,25.0,12.0,3.0,229.0,95.0,0.0,0.0,45.0,243.0,226.0,395.0,75.0,0.0,48.0,17.0,123.0,99.0,100.0,83.0,0.0,470.0,54.0,47.0,55.76,44.15,4.99,80.7,15.94,64.76,11.69,0.0,7.36,100.0,1.14,6.87,30.42,38.68,12.1,5.81,0.0,49.47,26.98,682.0,540.0,61.0,987.0,195.0,792.0,143.0,0.0,90.0,1223.0,14.0,84.0,372.0,473.0,148.0,71.0,0.0,605.0,330.0,27.11,16.86,15.21,0.0,32.56,0.0,1.16,4.79,0.0,0.0,1.32,0.0,0.0,0.33,81.65,18.35,0.0,26.12,10.25,1.32,73.39,3.8,0.0,22.81,0.0,100.0,49.09,13.39,0.0,0.0,164.0,102.0,92.0,0.0,197.0,0.0,7.0,29.0,0.0,0.0,8.0,0.0,0.0,2.0,494.0,111.0,0.0,158.0,62.0,8.0,444.0,23.0,0.0,138.0,0.0,605.0,297.0,81.0,0.0,0.0,52.94,47.06,4.06,29.73,10.16,0.86,73.26,4.49,0.0,22.25,0.0,100.0,45.88,11.87,0.0,0.0,1.18,7.49,28.34,38.82,13.48,6.63,0.0,495.0,440.0,38.0,278.0,95.0,8.0,685.0,42.0,0.0,208.0,0.0,935.0,429.0,111.0,0.0,0.0,11.0,70.0,265.0,363.0,126.0,62.0,0.0,30.16,15.61,10.48,0.64,30.48,0.0,1.07,3.1,0.0,0.0,0.86,0.0,0.0,0.96,73.26,4.49,0.0,22.25,0.0,100.0,11.66,18.4,40.96,28.98,282.0,146.0,98.0,6.0,285.0,0.0,10.0,29.0,0.0,0.0,8.0,0.0,0.0,9.0,685.0,42.0,0.0,208.0,0.0,935.0,109.0,172.0,383.0,271.0
3516002,50.46,49.54,0.0,82.96,17.04,0.0,57.5,3.67,0.75,38.13,0.0,100.0,9.58,29.46,35.67,17.92,1.83,3.42,2.08,1211.0,1189.0,0.0,1991.0,409.0,0.0,1380.0,88.0,18.0,915.0,0.0,2400.0,230.0,707.0,856.0,430.0,44.0,82.0,50.0,1226.0,377.0,27.0,8.0,262.0,1211.0,1189.0,1991.0,409.0,0.0,233.0,143.0,640.0,590.0,360.0,424.0,11.0,2400.0,195.0,306.0,61.46,38.54,0.96,76.18,17.26,58.93,21.32,0.0,1.58,100.0,1.99,11.53,34.57,37.38,7.18,6.36,0.0,78.18,2.09,3081.0,1932.0,48.0,3819.0,865.0,2954.0,1069.0,0.0,79.0,5013.0,100.0,578.0,1733.0,1874.0,360.0,319.0,0.0,3919.0,105.0,27.92,1.15,8.06,0.46,39.4,0.13,2.63,17.02,0.0,0.0,1.71,0.0,0.0,1.0,74.82,25.19,0.0,10.56,15.49,6.48,53.53,5.08,1.45,39.91,0.0,100.0,26.95,39.14,1.28,0.0,1094.0,45.0,316.0,18.0,1544.0,5.0,103.0,667.0,0.0,0.0,67.0,0.0,0.0,39.0,2932.0,987.0,0.0,414.0,607.0,254.0,2098.0,199.0,57.0,1564.0,0.0,3919.0,1056.0,1534.0,50.0,0.0,59.02,40.98,0.75,10.29,15.61,7.01,53.48,5.07,1.42,40.01,0.0,100.0,26.42,38.74,1.34,0.5,1.89,12.5,33.75,37.77,6.88,6.46,0.0,2375.0,1649.0,30.0,414.0,628.0,282.0,2152.0,204.0,57.0,1610.0,0.0,4024.0,1063.0,1559.0,54.0,20.0,76.0,503.0,1358.0,1520.0,277.0,260.0,0.0,27.51,1.12,8.3,0.45,38.62,0.12,2.56,17.1,0.0,0.0,2.36,0.0,0.0,1.09,53.48,5.07,1.42,40.01,0.0,100.0,20.38,16.25,45.08,18.32,1107.0,45.0,334.0,18.0,1554.0,5.0,103.0,688.0,0.0,0.0,95.0,0.0,0.0,44.0,2152.0,204.0,57.0,1610.0,0.0,4024.0,820.0,654.0,1814.0,737.0
3516101,52.29,47.71,0.46,86.43,13.26,0.46,65.7,3.66,0.0,30.03,0.61,100.0,10.82,31.1,31.86,20.27,3.81,1.37,0.46,343.0,313.0,3.0,567.0,87.0,3.0,431.0,24.0,0.0,197.0,4.0,656.0,71.0,204.0,209.0,133.0,25.0,9.0,3.0,326.0,104.0,14.0,0.0,70.0,343.0,313.0,567.0,87.0,3.0,59.0,57.0,186.0,134.0,81.0,134.0,3.0,656.0,78.0,64.0,56.59,43.41,1.19,88.25,17.22,70.95,10.32,0.0,1.43,100.0,3.1,12.3,31.11,37.3,11.35,3.65,0.0,78.73,2.62,713.0,547.0,15.0,1112.0,217.0,894.0,130.0,0.0,18.0,1260.0,39.0,155.0,392.0,470.0,143.0,46.0,0.0,992.0,33.0,39.82,5.34,2.62,0.71,34.68,0.0,3.13,11.19,0.0,0.0,0.6,0.0,0.0,0.0,88.61,11.39,0.0,22.58,10.08,1.81,56.15,7.96,0.0,35.58,0.3,100.0,40.73,23.49,0.0,0.0,395.0,53.0,26.0,7.0,344.0,0.0,31.0,111.0,0.0,0.0,6.0,0.0,0.0,0.0,879.0,113.0,0.0,224.0,100.0,18.0,557.0,79.0,0.0,353.0,3.0,992.0,404.0,233.0,0.0,0.0,55.8,44.2,0.29,22.44,10.15,1.76,55.8,8.39,0.0,35.41,0.29,100.0,40.2,23.51,0.1,0.49,2.24,13.07,34.24,36.39,10.63,3.22,0.0,572.0,453.0,3.0,230.0,104.0,18.0,572.0,86.0,0.0,363.0,3.0,1025.0,412.0,241.0,1.0,5.0,23.0,134.0,351.0,373.0,109.0,33.0,0.0,39.9,5.46,2.83,0.68,34.63,0.0,3.02,10.83,0.0,0.0,0.59,0.0,0.0,0.2,55.8,8.39,0.0,35.41,0.29,100.0,18.34,14.83,48.59,18.24,409.0,56.0,29.0,7.0,355.0,0.0,31.0,111.0,0.0,0.0,6.0,0.0,0.0,2.0,572.0,86.0,0.0,363.0,3.0,1025.0,188.0,152.0,498.0,187.0
3516200,49.35,50.65,2.24,97.33,2.54,0.08,64.33,6.28,0.09,29.23,0.07,100.0,4.62,16.18,33.68,26.44,7.76,3.74,5.34,41817.0,42925.0,1896.0,82483.0,2151.0,65.0,54517.0,5321.0,76.0,24771.0,58.0,84743.0,3917.0,13711.0,28543.0,22407.0,6576.0,3168.0,4526.0,39530.0,15354.0,1960.0,548.0,9829.0,41817.0,42925.0,82483.0,2151.0,65.0,7878.0,9601.0,22460.0,16320.0,12425.0,15008.0,1051.0,84743.0,9143.0,8379.0,54.03,45.97,4.0,95.31,17.74,77.57,2.44,0.0,0.37,100.0,0.83,5.72,25.38,43.27,13.69,7.1,0.01,77.44,2.55,95364.0,81137.0,7064.0,168226.0,31308.0,136918.0,4304.0,8.0,658.0,176500.0,1458.0,10091.0,44804.0,76375.0,24163.0,12534.0,11.0,136687.0,4495.0,12.77,5.54,17.92,0.8,51.15,0.51,0.48,8.75,0.01,0.0,0.14,0.0,0.0,0.36,97.53,2.47,0.0,10.01,11.52,2.63,61.99,8.69,0.17,29.07,0.08,100.0,35.31,39.99,0.07,0.02,17466.0,7576.0,24507.0,1093.0,69948.0,700.0,658.0,11964.0,10.0,0.0,197.0,0.0,0.0,489.0,133365.0,3376.0,0.0,13691.0,15749.0,3594.0,84759.0,11889.0,239.0,39746.0,108.0,136740.0,48277.0,54683.0,91.0,31.0,55.77,44.23,3.98,9.81,11.87,2.83,62.03,8.58,0.17,29.14,0.08,100.0,34.73,39.77,0.25,0.21,0.69,5.64,25.8,43.92,13.2,6.76,0.0,78758.0,62472.0,5626.0,13848.0,16768.0,3992.0,87599.0,12120.0,239.0,41156.0,116.0,141229.0,49043.0,56170.0,351.0,292.0,974.0,7961.0,36443.0,62031.0,18642.0,9552.0,0.0,12.66,5.46,17.75,0.79,51.14,0.5,0.47,8.94,0.01,0.0,0.19,0.0,0.0,0.41,62.03,8.59,0.17,29.14,0.08,100.0,15.02,16.85,45.49,22.64,17892.0,7717.0,25078.0,1113.0,72253.0,700.0,669.0,12628.0,10.0,0.0,267.0,0.0,0.0,585.0,87631.0,12130.0,239.0,41167.0,116.0,141282.0,21218.0,23806.0,64269.0,31989.0
3516309,50.74,49.26,0.14,91.78,8.22,0.0,37.63,11.52,0.06,50.75,0.03,100.0,13.2,26.51,36.54,17.33,2.61,0.67,3.0,25974.0,25216.0,73.0,46982.0,4207.0,0.0,19263.0,5897.0,33.0,25979.0,17.0,51189.0,6755.0,13569.0,18706.0,8871.0,1338.0,341.0,1537.0,24286.0,14077.0,364.0,785.0,2248.0,25974.0,25216.0,46982.0,4207.0,0.0,4330.0,9495.0,12059.0,9482.0,6885.0,8306.0,633.0,51189.0,4851.0,4578.0,56.28,43.72,0.27,43.77,11.31,32.46,53.17,0.0,0.45,100.0,2.85,14.39,37.99,35.14,7.08,2.22,0.07,81.92,3.64,37667.0,29264.0,178.0,29297.0,7568.0,21728.0,35587.0,0.0,298.0,66931.0,1905.0,9634.0,25424.0,23517.0,4741.0,1486.0,46.0,54831.0,2433.0,10.25,0.32,3.52,0.15,15.84,0.09,1.48,28.67,0.43,37.07,0.1,0.26,0.04,0.74,38.27,61.73,0.0,2.22,27.39,40.88,35.11,16.12,0.16,48.49,0.12,100.0,6.23,15.91,6.97,0.0,5620.0,177.0,1928.0,83.0,8687.0,47.0,811.0,15725.0,237.0,20331.0,54.0,141.0,24.0,405.0,20988.0,33854.0,0.0,1218.0,15023.0,22421.0,19252.0,8843.0,87.0,26593.0,67.0,54841.0,3414.0,8726.0,3821.0,0.0,57.39,42.61,0.24,2.22,27.12,41.05,35.04,16.12,0.17,48.56,0.12,100.0,6.18,15.71,7.09,0.21,2.53,14.04,38.64,35.34,7.02,2.1,0.08,32894.0,24421.0,135.0,1274.0,15544.0,23528.0,20082.0,9237.0,97.0,27833.0,67.0,57316.0,3541.0,9003.0,4066.0,118.0,1452.0,8049.0,22147.0,20256.0,4025.0,1204.0,46.0,10.21,0.31,3.61,0.18,15.96,0.08,1.45,28.56,0.41,36.95,0.16,0.26,0.04,0.75,35.05,16.11,0.17,48.55,0.12,100.0,20.2,20.48,49.57,9.75,5855.0,177.0,2071.0,102.0,9147.0,47.0,832.0,16372.0,237.0,21183.0,91.0,149.0,24.0,428.0,20092.0,9237.0,97.0,27833.0,67.0,57326.0,11582.0,11738.0,28417.0,5588.0
3516408,50.19,49.81,0.55,89.17,10.71,0.1,44.82,8.13,0.33,46.68,0.03,100.0,12.52,21.49,32.33,24.18,4.75,2.02,2.14,18720.0,18577.0,204.0,33256.0,3994.0,39.0,16716.0,3034.0,122.0,17412.0,12.0,37297.0,4671.0,8016.0,12059.0,9019.0,1772.0,755.0,800.0,18199.0,6916.0,328.0,813.0,3266.0,18720.0,18577.0,33256.0,3994.0,39.0,2696.0,4618.0,10095.0,7772.0,5138.0,6624.0,355.0,37297.0,3902.0,3874.0,54.8,45.2,1.72,54.09,10.96,43.13,41.79,0.0,0.7,100.0,1.72,9.07,29.0,39.06,12.45,6.98,0.0,81.33,3.56,34729.0,28650.0,1087.0,34282.0,6944.0,27338.0,26483.0,0.0,446.0,63378.0,1090.0,5751.0,18378.0,24756.0,7891.0,4425.0,0.0,51547.0,2258.0,9.57,0.65,4.59,0.38,23.83,0.3,1.1,28.66,0.57,28.33,0.27,0.04,0.0,0.4,51.29,48.71,0.0,2.44,31.53,32.08,43.94,12.32,0.26,43.42,0.06,100.0,9.07,20.06,4.43,0.0,4935.0,336.0,2370.0,194.0,12292.0,154.0,569.0,14783.0,294.0,14615.0,139.0,20.0,0.0,205.0,26457.0,25126.0,0.0,1261.0,16266.0,16550.0,22666.0,6356.0,132.0,22395.0,33.0,51582.0,4679.0,10345.0,2285.0,0.0,55.76,44.24,1.48,2.38,31.37,32.35,43.71,12.26,0.25,43.72,0.06,100.0,8.86,19.69,4.86,0.1,1.6,8.9,29.67,39.66,12.03,6.66,0.0,30008.0,23813.0,797.0,1280.0,16883.0,17409.0,23526.0,6598.0,132.0,23533.0,33.0,53821.0,4771.0,10597.0,2617.0,52.0,861.0,4792.0,15967.0,21344.0,6476.0,3584.0,0.0,9.31,0.65,4.53,0.36,23.98,0.29,1.1,28.74,0.57,28.34,0.28,0.04,0.0,0.41,43.72,12.25,0.25,43.73,0.06,100.0,14.84,13.81,55.36,15.99,5015.0,351.0,2441.0,195.0,12917.0,154.0,590.0,15480.0,306.0,15265.0,149.0,20.0,0.0,220.0,23544.0,6598.0,132.0,23551.0,33.0,53856.0,7993.0,7435.0,29816.0,8613.0
3516507,51.51,48.49,0.0,86.07,13.93,0.0,66.44,1.85,4.53,27.18,0.0,100.0,4.36,17.11,33.56,34.56,6.71,2.68,0.67,307.0,289.0,0.0,513.0,83.0,0.0,396.0,11.0,27.0,162.0,0.0,596.0,26.0,102.0,200.0,206.0,40.0,16.0,4.0,315.0,74.0,0.0,0.0,76.0,307.0,289.0,513.0,83.0,0.0,53.0,25.0,179.0,125.0,91.0,123.0,0.0,596.0,37.0,93.0,54.48,45.52,1.8,78.0,12.49,65.51,18.88,0.0,2.5,100.0,0.49,6.59,23.32,48.37,14.16,5.27,0.0,82.72,1.73,785.0,656.0,26.0,1124.0,180.0,944.0,272.0,0.0,36.0,1441.0,7.0,95.0,336.0,697.0,204.0,76.0,0.0,1192.0,25.0,31.12,5.45,12.75,0.0,31.71,0.34,0.92,17.11,0.0,0.0,0.25,0.0,0.0,0.0,78.36,21.64,0.0,26.68,6.04,0.59,65.6,3.52,2.35,28.61,0.0,100.0,52.27,14.01,0.0,0.0,371.0,65.0,152.0,0.0,378.0,4.0,11.0,204.0,0.0,0.0,3.0,0.0,0.0,0.0,934.0,258.0,0.0,318.0,72.0,7.0,782.0,42.0,28.0,341.0,0.0,1192.0,623.0,167.0,0.0,0.0,54.48,45.44,1.89,26.38,6.98,0.58,65.24,3.62,2.3,28.92,0.0,100.0,51.19,14.05,0.0,0.0,0.25,7.48,22.35,50.53,13.06,4.44,0.0,663.0,553.0,23.0,321.0,85.0,7.0,794.0,44.0,28.0,352.0,0.0,1217.0,623.0,171.0,0.0,0.0,3.0,91.0,272.0,615.0,159.0,54.0,0.0,30.48,5.34,12.74,0.0,32.54,0.33,0.9,16.76,0.0,0.0,0.25,0.0,0.0,0.0,65.24,3.62,2.3,28.92,0.0,100.0,15.2,13.15,50.29,21.36,371.0,65.0,155.0,0.0,396.0,4.0,11.0,204.0,0.0,0.0,3.0,0.0,0.0,0.0,794.0,44.0,28.0,352.0,0.0,1217.0,185.0,160.0,612.0,260.0
3516606,50.45,49.55,1.51,80.54,19.46,0.0,57.01,5.96,0.68,36.27,0.0,100.0,9.28,22.4,42.16,18.55,3.77,0.23,2.11,669.0,657.0,20.0,1068.0,258.0,0.0,756.0,79.0,9.0,481.0,0.0,1326.0,123.0,297.0,559.0,246.0,50.0,3.0,28.0,676.0,289.0,14.0,4.0,103.0,669.0,657.0,1068.0,258.0,0.0,91.0,115.0,393.0,278.0,233.0,213.0,4.0,1326.0,99.0,141.0,57.46,42.54,3.12,82.1,20.19,61.94,12.0,0.0,0.66,100.0,1.92,9.52,35.97,38.36,8.85,2.16,0.1,72.28,1.66,1733.0,1283.0,94.0,2476.0,609.0,1868.0,362.0,0.0,20.0,3016.0,58.0,287.0,1085.0,1157.0,267.0,65.0,3.0,2180.0,50.0,36.33,1.97,9.45,0.0,33.67,0.0,5.73,8.94,0.0,0.0,1.79,0.0,0.0,0.41,84.77,15.23,0.0,26.56,10.41,1.74,53.39,6.65,0.83,39.13,0.0,100.0,33.3,26.51,0.41,0.0,792.0,43.0,206.0,0.0,734.0,0.0,125.0,195.0,0.0,0.0,39.0,0.0,0.0,9.0,1848.0,332.0,0.0,579.0,227.0,38.0,1164.0,145.0,18.0,853.0,0.0,2180.0,726.0,578.0,9.0,0.0,56.89,43.16,3.41,26.11,10.59,2.02,53.34,6.51,0.81,39.35,0.0,100.0,32.57,26.42,0.72,0.58,1.3,7.85,37.91,38.13,9.29,2.15,0.0,1268.0,962.0,76.0,582.0,236.0,45.0,1189.0,145.0,18.0,877.0,0.0,2229.0,726.0,589.0,16.0,13.0,29.0,175.0,845.0,850.0,207.0,48.0,0.0,35.53,1.93,9.24,0.0,34.54,0.0,5.61,9.06,0.0,0.0,2.06,0.0,0.0,0.4,53.34,6.51,0.81,39.35,0.0,100.0,28.44,15.79,38.13,17.68,792.0,43.0,206.0,0.0,770.0,0.0,125.0,202.0,0.0,0.0,46.0,0.0,0.0,9.0,1189.0,145.0,18.0,877.0,0.0,2229.0,634.0,352.0,850.0,394.0
3516705,50.38,49.62,0.43,94.84,5.05,0.11,56.2,5.0,0.95,37.86,0.0,100.0,5.04,18.17,37.75,28.5,5.33,3.1,1.68,4561.0,4493.0,39.0,8587.0,457.0,10.0,5088.0,453.0,86.0,3428.0,0.0,9054.0,456.0,1645.0,3418.0,2580.0,483.0,281.0,152.0,4379.0,1597.0,70.0,80.0,1021.0,4561.0,4493.0,8587.0,457.0,10.0,801.0,808.0,2248.0,2014.0,1384.0,1682.0,117.0,9054.0,769.0,1138.0,56.53,43.47,2.9,86.72,11.25,75.47,6.79,0.0,0.57,100.0,1.25,7.23,29.57,41.69,10.9,6.46,0.0,79.9,2.36,10988.0,8448.0,564.0,16855.0,2187.0,14668.0,1319.0,0.0,111.0,19436.0,242.0,1406.0,5747.0,8102.0,2118.0,1255.0,0.0,15529.0,458.0,20.52,6.28,16.7,0.44,45.88,0.0,1.17,7.21,0.0,0.0,0.51,0.0,0.0,0.07,93.27,6.73,0.0,13.79,9.25,4.04,56.13,8.37,1.06,34.31,0.14,100.0,47.67,24.72,0.05,0.06,3186.0,975.0,2593.0,68.0,7125.0,0.0,182.0,1120.0,0.0,0.0,79.0,0.0,0.0,11.0,14484.0,1045.0,0.0,2142.0,1436.0,627.0,8716.0,1300.0,164.0,5328.0,21.0,15529.0,7403.0,3839.0,8.0,10.0,57.1,42.9,3.13,13.43,9.43,4.54,55.85,8.8,1.03,34.2,0.13,100.0,46.84,24.12,0.6,0.38,1.38,6.82,30.35,42.19,10.46,5.67,0.0,9129.0,6858.0,500.0,2147.0,1507.0,726.0,8928.0,1407.0,164.0,5467.0,21.0,15987.0,7489.0,3856.0,96.0,61.0,220.0,1091.0,4852.0,6745.0,1672.0,906.0,0.0,20.19,6.1,16.33,0.43,45.99,0.0,1.23,7.59,0.0,0.0,0.68,0.0,0.0,0.12,55.85,8.8,1.03,34.2,0.13,100.0,14.54,14.22,46.68,24.56,3227.0,975.0,2610.0,68.0,7353.0,0.0,196.0,1213.0,0.0,0.0,109.0,0.0,0.0,19.0,8928.0,1407.0,164.0,5467.0,21.0,15987.0,2324.0,2274.0,7463.0,3926.0
3516804,47.4,52.6,0.55,83.42,16.58,0.0,58.36,5.21,0.0,36.44,0.0,100.0,7.12,24.79,32.47,27.81,3.84,2.33,0.82,346.0,384.0,4.0,609.0,121.0,0.0,426.0,38.0,0.0,266.0,0.0,730.0,52.0,181.0,237.0,203.0,28.0,17.0,6.0,373.0,91.0,22.0,6.0,79.0,346.0,384.0,609.0,121.0,0.0,61.0,58.0,178.0,183.0,114.0,133.0,3.0,730.0,64.0,94.0,57.82,42.18,2.62,77.85,15.0,62.85,20.81,0.0,0.99,100.0,2.19,17.27,29.58,33.9,10.12,4.32,0.0,79.76,3.82,817.0,596.0,37.0,1100.0,212.0,888.0,294.0,0.0,14.0,1413.0,31.0,244.0,418.0,479.0,143.0,61.0,0.0,1127.0,54.0,36.83,4.85,8.28,0.62,30.13,0.0,2.64,14.63,0.0,0.0,1.15,0.0,0.0,0.7,76.04,23.96,0.0,24.32,15.77,9.6,58.68,8.46,0.0,32.95,0.0,100.0,31.63,18.24,0.18,0.0,418.0,55.0,94.0,7.0,342.0,0.0,30.0,166.0,0.0,0.0,13.0,0.0,0.0,8.0,863.0,272.0,0.0,276.0,179.0,109.0,666.0,96.0,0.0,374.0,0.0,1135.0,359.0,207.0,2.0,0.0,57.02,42.98,0.85,23.69,15.99,9.56,57.45,9.31,0.0,33.16,0.0,100.0,30.88,18.27,0.76,0.51,2.12,16.5,31.98,34.01,10.32,4.23,0.0,674.0,508.0,10.0,280.0,189.0,113.0,679.0,110.0,0.0,392.0,0.0,1182.0,365.0,216.0,9.0,6.0,25.0,195.0,378.0,402.0,122.0,50.0,0.0,35.88,4.96,8.15,0.59,29.83,0.0,2.52,15.8,0.0,0.0,1.09,0.0,0.0,1.01,57.39,9.24,0.0,33.28,0.0,100.0,30.25,12.35,36.81,20.59,427.0,59.0,97.0,7.0,355.0,0.0,30.0,188.0,0.0,0.0,13.0,0.0,0.0,12.0,683.0,110.0,0.0,396.0,0.0,1190.0,360.0,147.0,438.0,245.0
3516853,51.23,48.77,0.26,91.81,8.19,0.0,54.05,3.7,0.0,42.25,0.0,100.0,8.98,19.28,38.29,21.39,7.66,1.58,2.55,582.0,554.0,3.0,1043.0,93.0,0.0,614.0,42.0,0.0,480.0,0.0,1136.0,102.0,219.0,435.0,243.0,87.0,18.0,29.0,536.0,158.0,23.0,11.0,57.0,582.0,554.0,1043.0,93.0,0.0,59.0,57.0,327.0,246.0,146.0,297.0,4.0,1136.0,290.0,61.0,59.8,40.15,2.96,89.97,9.62,80.36,8.07,0.14,1.5,100.0,1.09,7.61,26.94,41.93,16.04,3.42,0.0,85.23,3.28,1312.0,881.0,65.0,1974.0,211.0,1763.0,177.0,3.0,33.0,2194.0,24.0,167.0,591.0,920.0,352.0,75.0,0.0,1870.0,72.0,24.49,0.96,1.82,0.0,19.57,0.16,2.99,47.86,0.0,0.0,0.86,0.0,0.0,0.43,92.67,7.33,0.0,17.17,25.72,4.39,47.86,7.22,0.0,44.87,0.0,100.0,18.5,34.22,0.0,0.0,458.0,18.0,34.0,0.0,366.0,3.0,56.0,895.0,0.0,0.0,16.0,0.0,0.0,8.0,1733.0,137.0,0.0,321.0,481.0,82.0,895.0,135.0,0.0,839.0,0.0,1870.0,346.0,640.0,0.0,0.0,60.78,39.22,2.37,16.52,26.66,5.25,48.22,6.95,0.0,44.83,0.0,100.0,17.81,33.4,0.15,0.0,1.08,6.85,27.28,43.34,15.75,3.4,0.0,1181.0,762.0,46.0,321.0,518.0,102.0,937.0,135.0,0.0,871.0,0.0,1943.0,346.0,649.0,3.0,0.0,21.0,133.0,530.0,842.0,306.0,66.0,0.0,23.57,0.93,1.85,0.0,19.45,0.15,2.99,47.45,0.0,0.0,1.9,0.0,0.0,0.41,48.22,6.95,0.0,44.83,0.0,100.0,27.64,15.23,43.03,14.1,458.0,18.0,36.0,0.0,378.0,3.0,58.0,922.0,0.0,0.0,37.0,0.0,0.0,8.0,937.0,135.0,0.0,871.0,0.0,1943.0,537.0,296.0,836.0,274.0
3516903,49.37,50.63,2.4,88.14,11.86,0.0,63.67,2.53,0.0,33.62,0.18,100.0,5.66,16.92,38.73,26.79,6.38,2.49,0.59,1091.0,1119.0,53.0,1948.0,262.0,0.0,1407.0,56.0,0.0,743.0,4.0,2210.0,125.0,374.0,856.0,592.0,141.0,55.0,13.0,1211.0,294.0,28.0,14.0,242.0,1091.0,1119.0,1948.0,262.0,0.0,167.0,276.0,587.0,465.0,238.0,411.0,65.0,2210.0,194.0,227.0,59.49,40.51,4.02,86.5,15.27,71.23,10.75,0.0,1.16,100.0,1.66,8.45,31.4,37.9,9.47,7.13,0.0,77.69,4.29,2872.0,1956.0,194.0,4176.0,737.0,3439.0,519.0,0.0,56.0,4828.0,80.0,408.0,1516.0,1830.0,457.0,344.0,0.0,3751.0,207.0,15.81,18.1,7.6,0.88,35.32,0.0,0.8,19.38,0.0,0.0,0.21,0.0,0.0,0.69,88.67,11.33,0.0,16.42,15.38,3.89,58.06,6.4,0.43,35.11,0.0,100.0,38.95,24.82,0.08,0.0,593.0,679.0,285.0,33.0,1325.0,0.0,30.0,727.0,0.0,0.0,8.0,0.0,0.0,26.0,3326.0,425.0,0.0,616.0,577.0,146.0,2178.0,240.0,16.0,1317.0,0.0,3751.0,1461.0,931.0,3.0,0.0,59.5,40.5,2.83,16.2,16.62,4.85,58.62,6.06,0.4,34.92,0.0,100.0,37.65,23.72,0.35,0.23,1.64,9.47,31.66,37.97,9.12,7.3,0.0,2355.0,1603.0,112.0,641.0,658.0,192.0,2320.0,240.0,16.0,1382.0,0.0,3958.0,1490.0,939.0,14.0,9.0,65.0,375.0,1253.0,1503.0,361.0,289.0,0.0,15.72,17.26,7.2,0.83,35.85,0.0,0.76,19.56,0.0,0.0,0.61,0.15,0.0,0.78,58.62,6.06,0.4,34.92,0.0,100.0,22.23,18.29,37.57,21.91,622.0,683.0,285.0,33.0,1419.0,0.0,30.0,774.0,0.0,0.0,24.0,6.0,0.0,31.0,2320.0,240.0,16.0,1382.0,0.0,3958.0,880.0,724.0,1487.0,867.0
3517000,45.81,54.19,0.0,87.54,12.46,0.0,53.18,3.52,1.06,42.23,0.0,100.0,8.77,30.22,38.6,18.38,2.18,1.17,0.67,820.0,970.0,0.0,1567.0,223.0,0.0,952.0,63.0,19.0,756.0,0.0,1790.0,157.0,541.0,691.0,329.0,39.0,21.0,12.0,998.0,254.0,46.0,9.0,150.0,820.0,970.0,1567.0,223.0,0.0,160.0,122.0,512.0,422.0,277.0,272.0,25.0,1790.0,112.0,221.0,60.78,39.24,1.52,72.94,15.61,57.33,25.88,0.0,0.52,100.0,2.61,11.03,33.44,40.0,8.52,2.75,0.13,80.13,3.08,2325.0,1501.0,58.0,2790.0,597.0,2193.0,990.0,0.0,20.0,3825.0,100.0,422.0,1279.0,1530.0,326.0,105.0,5.0,3065.0,118.0,21.92,1.21,5.35,0.23,25.97,0.0,1.83,40.91,0.0,0.0,0.62,0.0,0.0,0.26,70.21,29.79,0.0,7.05,21.99,3.65,47.99,8.38,1.53,42.09,0.0,100.0,31.91,35.04,0.0,0.0,672.0,37.0,164.0,7.0,796.0,0.0,56.0,1254.0,0.0,0.0,19.0,0.0,0.0,8.0,2152.0,913.0,0.0,216.0,674.0,112.0,1471.0,257.0,47.0,1290.0,0.0,3065.0,978.0,1074.0,0.0,0.0,61.33,38.67,1.13,6.79,21.8,4.46,47.82,8.36,1.85,41.94,0.0,100.0,31.35,33.74,0.53,0.97,2.07,11.31,33.68,41.47,8.11,2.17,0.0,1952.0,1231.0,36.0,216.0,694.0,142.0,1522.0,266.0,59.0,1335.0,0.0,3183.0,998.0,1074.0,17.0,31.0,66.0,360.0,1072.0,1320.0,258.0,69.0,0.0,21.27,1.16,5.15,0.47,26.01,0.0,1.76,41.69,0.0,0.0,0.6,0.0,0.0,0.25,47.82,8.36,1.85,41.94,0.0,100.0,23.06,16.81,45.81,14.36,677.0,37.0,164.0,15.0,828.0,0.0,56.0,1327.0,0.0,0.0,19.0,0.0,0.0,8.0,1522.0,266.0,59.0,1335.0,0.0,3183.0,734.0,535.0,1458.0,457.0
3517109,49.9,50.1,0.69,77.87,22.23,0.0,62.45,3.75,0.2,33.7,0.0,100.0,7.61,28.95,38.24,17.0,5.73,1.48,0.3,505.0,507.0,7.0,788.0,225.0,0.0,632.0,38.0,2.0,341.0,0.0,1012.0,77.0,293.0,387.0,172.0,58.0,15.0,3.0,459.0,206.0,14.0,0.0,94.0,505.0,507.0,788.0,225.0,0.0,88.0,84.0,235.0,219.0,152.0,215.0,19.0,1012.0,143.0,96.0,58.91,41.03,2.92,73.07,21.19,51.88,23.44,0.0,3.15,100.0,1.01,11.24,30.8,41.2,9.44,3.37,0.0,70.94,4.38,1048.0,730.0,52.0,1300.0,377.0,923.0,417.0,0.0,56.0,1779.0,18.0,200.0,548.0,733.0,168.0,60.0,0.0,1262.0,78.0,21.87,5.71,16.24,0.32,33.84,0.0,4.28,16.16,0.0,0.0,0.63,0.0,0.0,0.55,70.92,29.08,0.0,17.12,15.21,1.9,56.74,7.69,0.0,35.5,0.0,100.0,33.6,32.17,0.0,0.0,276.0,72.0,205.0,4.0,427.0,0.0,54.0,204.0,0.0,0.0,8.0,0.0,0.0,7.0,895.0,367.0,0.0,216.0,192.0,24.0,716.0,97.0,0.0,448.0,0.0,1262.0,424.0,406.0,0.0,0.0,55.49,44.59,2.32,16.43,16.06,2.61,56.76,7.47,0.15,35.62,0.0,100.0,31.89,31.81,0.22,0.97,0.9,10.23,30.99,43.24,9.19,3.14,0.0,743.0,597.0,31.0,220.0,215.0,35.0,760.0,100.0,2.0,477.0,0.0,1339.0,427.0,426.0,3.0,13.0,12.0,137.0,415.0,579.0,123.0,42.0,0.0,20.84,5.68,15.98,0.3,34.06,0.0,4.26,15.98,0.0,0.0,1.49,0.0,0.0,1.12,56.76,7.47,0.15,35.62,0.0,100.0,21.58,19.72,41.9,16.88,279.0,76.0,214.0,4.0,456.0,0.0,57.0,214.0,0.0,0.0,20.0,0.0,0.0,15.0,760.0,100.0,2.0,477.0,0.0,1339.0,289.0,264.0,561.0,226.0
3517208,49.59,50.41,1.07,79.85,19.99,0.18,54.86,4.29,0.64,39.93,0.28,100.0,12.91,20.98,37.04,19.75,4.75,2.05,1.44,1617.0,1644.0,35.0,2604.0,652.0,6.0,1789.0,140.0,21.0,1302.0,9.0,3261.0,421.0,684.0,1208.0,644.0,155.0,67.0,47.0,1586.0,574.0,49.0,15.0,363.0,1617.0,1644.0,2604.0,652.0,6.0,225.0,534.0,807.0,645.0,454.0,535.0,61.0,3261.0,304.0,370.0,55.12,44.88,1.2,53.02,9.92,43.1,45.39,0.0,0.47,100.0,2.16,10.09,32.44,39.56,9.94,4.58,0.0,86.5,1.99,2802.0,2281.0,61.0,2695.0,504.0,2191.0,2307.0,0.0,24.0,5083.0,110.0,513.0,1649.0,2011.0,505.0,233.0,0.0,4397.0,101.0,16.74,6.98,13.99,0.8,30.84,0.0,2.89,27.31,0.0,0.0,0.14,0.0,0.0,0.11,49.19,50.81,0.0,8.8,10.46,2.07,52.17,8.44,1.0,38.3,0.11,100.0,28.16,50.17,0.25,0.0,736.0,307.0,615.0,35.0,1356.0,0.0,127.0,1201.0,0.0,0.0,6.0,0.0,0.0,5.0,2163.0,2234.0,0.0,387.0,460.0,91.0,2294.0,371.0,44.0,1684.0,5.0,4397.0,1238.0,2206.0,11.0,0.0,54.78,45.22,1.07,8.6,10.65,2.38,52.2,8.25,0.98,38.48,0.11,100.0,28.01,49.4,0.6,0.11,2.36,9.98,33.04,39.08,10.2,4.27,0.0,2464.0,2034.0,48.0,387.0,479.0,107.0,2348.0,371.0,44.0,1731.0,5.0,4498.0,1260.0,2222.0,27.0,5.0,106.0,449.0,1486.0,1758.0,459.0,192.0,0.0,16.36,6.83,13.92,0.78,31.08,0.09,2.82,27.32,0.0,0.0,0.13,0.0,0.0,0.24,52.2,8.25,0.98,38.48,0.11,100.0,25.06,21.52,38.66,14.74,736.0,307.0,626.0,35.0,1398.0,4.0,127.0,1229.0,0.0,0.0,6.0,0.0,0.0,11.0,2348.0,371.0,44.0,1731.0,5.0,4498.0,1127.0,968.0,1739.0,663.0
3517307,50.04,49.96,0.0,87.27,12.73,0.0,44.54,4.79,0.71,49.96,0.0,100.0,5.11,26.71,46.11,18.54,2.83,0.47,0.31,637.0,636.0,0.0,1111.0,162.0,0.0,567.0,61.0,9.0,636.0,0.0,1273.0,65.0,340.0,587.0,236.0,36.0,6.0,4.0,708.0,219.0,6.0,10.0,94.0,637.0,636.0,1111.0,162.0,0.0,101.0,88.0,350.0,292.0,204.0,216.0,22.0,1273.0,121.0,116.0,59.16,40.84,1.12,73.13,10.34,62.8,26.6,0.0,0.27,100.0,1.39,11.54,41.97,34.57,6.89,2.52,0.0,87.22,2.17,1528.0,1055.0,29.0,1889.0,267.0,1622.0,687.0,0.0,7.0,2583.0,36.0,298.0,1084.0,893.0,178.0,65.0,0.0,2253.0,56.0,38.13,0.93,3.06,0.18,23.48,0.0,3.46,30.05,0.0,0.0,0.49,0.0,0.0,0.22,71.55,28.5,0.0,9.1,22.02,7.37,41.01,8.7,1.24,49.09,0.0,100.0,39.24,21.93,0.36,0.0,859.0,21.0,69.0,4.0,529.0,0.0,78.0,677.0,0.0,0.0,11.0,0.0,0.0,5.0,1612.0,642.0,0.0,205.0,496.0,166.0,924.0,196.0,28.0,1106.0,0.0,2253.0,884.0,494.0,8.0,0.0,57.79,42.21,1.0,8.87,22.47,7.45,40.69,9.0,1.21,49.09,0.0,100.0,38.48,21.47,0.65,0.52,1.34,11.08,43.59,34.59,6.23,2.08,0.0,1335.0,975.0,23.0,205.0,519.0,172.0,940.0,208.0,28.0,1134.0,0.0,2310.0,889.0,496.0,15.0,12.0,31.0,256.0,1007.0,799.0,144.0,48.0,0.0,37.32,0.91,3.16,0.17,23.55,0.0,3.46,30.26,0.0,0.0,0.95,0.0,0.0,0.22,40.69,9.0,1.21,49.09,0.0,100.0,28.1,19.96,40.82,11.08,862.0,21.0,73.0,4.0,544.0,0.0,80.0,699.0,0.0,0.0,22.0,0.0,0.0,5.0,940.0,208.0,28.0,1134.0,0.0,2310.0,649.0,461.0,943.0,256.0
3517406,49.36,50.64,1.68,89.94,9.95,0.11,61.19,5.31,0.41,33.03,0.07,100.0,6.0,15.7,33.74,29.26,9.08,2.73,1.79,5284.0,5420.0,180.0,9627.0,1065.0,12.0,6550.0,568.0,44.0,3535.0,8.0,10704.0,642.0,1681.0,3612.0,3132.0,972.0,292.0,192.0,4947.0,2254.0,145.0,111.0,1282.0,5284.0,5420.0,9627.0,1065.0,12.0,1131.0,1838.0,2300.0,1880.0,1460.0,1790.0,306.0,10704.0,1181.0,783.0,56.88,43.12,2.91,95.34,17.44,77.9,2.54,0.0,0.88,100.0,1.39,6.84,27.65,37.96,16.58,6.66,0.0,75.59,4.84,11126.0,8435.0,570.0,18649.0,3411.0,15238.0,496.0,0.0,173.0,19561.0,272.0,1338.0,5408.0,7426.0,3244.0,1303.0,0.0,14787.0,947.0,8.78,22.6,13.51,0.22,31.39,0.0,1.05,20.65,0.0,0.0,0.42,0.0,0.0,0.57,97.49,2.51,0.0,10.92,15.83,3.41,54.78,8.93,1.71,34.53,0.05,100.0,38.08,31.4,0.14,0.0,1300.0,3345.0,2000.0,32.0,4646.0,0.0,155.0,3056.0,0.0,0.0,62.0,0.0,0.0,85.0,14428.0,371.0,0.0,1616.0,2343.0,504.0,8107.0,1321.0,253.0,5110.0,8.0,14799.0,5636.0,4647.0,20.0,0.0,57.9,42.1,3.04,11.22,15.73,3.78,55.31,8.86,1.84,33.94,0.05,100.0,37.59,30.92,0.17,0.22,0.94,6.15,27.99,39.35,16.18,6.34,0.0,9110.0,6624.0,478.0,1765.0,2475.0,594.0,8703.0,1394.0,290.0,5340.0,8.0,15734.0,5914.0,4865.0,27.0,34.0,148.0,968.0,4404.0,6192.0,2546.0,998.0,0.0,8.83,21.94,13.3,0.2,31.93,0.0,1.03,20.67,0.0,0.0,0.58,0.0,0.0,0.65,55.33,8.85,1.84,33.93,0.05,100.0,25.52,16.51,38.75,19.22,1390.0,3454.0,2094.0,32.0,5028.0,0.0,162.0,3255.0,0.0,0.0,91.0,0.0,0.0,102.0,8712.0,1394.0,290.0,5343.0,8.0,15746.0,4019.0,2599.0,6101.0,3027.0
3517505,49.51,50.49,1.6,74.69,25.16,0.0,53.01,4.95,1.38,40.68,0.0,100.0,3.64,11.64,34.47,31.89,9.28,5.12,2.38,3308.0,3374.0,107.0,4991.0,1681.0,0.0,3542.0,331.0,92.0,2718.0,0.0,6682.0,243.0,778.0,2303.0,2131.0,620.0,342.0,159.0,3048.0,1751.0,58.0,87.0,691.0,3308.0,3374.0,4991.0,1681.0,0.0,685.0,1629.0,1432.0,1051.0,777.0,943.0,166.0,6682.0,468.0,580.0,56.14,43.86,2.29,73.79,12.25,61.54,24.74,0.0,0.83,100.0,1.28,4.44,25.78,44.48,14.86,6.73,0.13,73.85,12.42,6682.0,5220.0,273.0,8782.0,1458.0,7324.0,2944.0,0.0,99.0,11902.0,152.0,529.0,3068.0,5294.0,1769.0,801.0,15.0,8790.0,1478.0,19.34,7.3,16.48,0.55,40.01,0.0,0.52,14.72,0.0,0.0,0.34,0.09,0.0,0.1,72.89,27.11,0.0,12.45,13.15,3.82,56.36,5.98,0.23,37.44,0.0,100.0,35.4,34.55,0.2,0.0,1700.0,642.0,1449.0,48.0,3517.0,0.0,46.0,1294.0,0.0,0.0,30.0,8.0,0.0,9.0,6407.0,2383.0,0.0,1094.0,1156.0,336.0,4954.0,526.0,20.0,3291.0,0.0,8790.0,3112.0,3037.0,18.0,0.0,56.29,43.71,2.14,13.05,12.91,3.68,56.4,5.96,0.29,37.35,0.0,100.0,35.34,34.09,0.26,0.28,1.25,4.29,26.77,45.0,13.04,7.51,0.0,5780.0,4489.0,220.0,1340.0,1326.0,378.0,5792.0,612.0,30.0,3835.0,0.0,10269.0,3629.0,3501.0,27.0,29.0,128.0,441.0,2749.0,4621.0,1339.0,771.0,0.0,18.28,7.28,17.77,0.47,39.34,0.0,0.56,14.4,0.0,0.0,0.57,0.08,0.0,0.37,56.4,5.96,0.29,37.35,0.0,100.0,21.84,24.43,37.96,15.77,1877.0,748.0,1825.0,48.0,4040.0,0.0,57.0,1479.0,0.0,0.0,59.0,8.0,0.0,38.0,5792.0,612.0,30.0,3835.0,0.0,10269.0,2243.0,2509.0,3898.0,1619.0
3517604,49.55,50.45,0.68,93.86,6.16,0.0,54.98,1.93,1.03,42.06,0.0,100.0,18.49,36.14,27.83,12.27,2.06,0.71,1.82,1825.0,1858.0,25.0,3457.0,227.0,0.0,2025.0,71.0,38.0,1549.0,0.0,3683.0,681.0,1331.0,1025.0,452.0,76.0,26.0,67.0,2053.0,769.0,5.0,20.0,207.0,1825.0,1858.0,3457.0,227.0,0.0,141.0,296.0,1145.0,908.0,692.0,496.0,6.0,3683.0,108.0,522.0,65.41,34.59,1.69,93.26,24.61,68.63,4.46,0.0,2.23,100.0,5.14,22.12,38.28,24.97,5.29,2.51,0.0,64.75,8.32,3756.0,1986.0,97.0,5355.0,1413.0,3941.0,256.0,0.0,128.0,5742.0,295.0,1270.0,2198.0,1434.0,304.0,144.0,0.0,3718.0,478.0,38.08,1.72,18.26,0.0,32.65,0.05,2.31,4.79,0.0,0.0,0.73,0.0,0.0,0.46,94.89,5.11,0.0,20.01,9.63,4.25,49.62,3.79,1.8,44.78,0.0,100.0,32.73,32.03,0.91,0.0,1416.0,64.0,679.0,0.0,1214.0,2.0,86.0,178.0,0.0,0.0,27.0,0.0,0.0,17.0,3528.0,190.0,0.0,744.0,358.0,158.0,1845.0,141.0,67.0,1665.0,0.0,3718.0,1217.0,1191.0,34.0,0.0,65.81,34.19,1.55,18.97,9.48,4.62,46.68,3.48,1.69,48.15,0.0,100.0,32.21,32.4,1.43,0.48,4.12,19.99,38.48,26.92,6.0,2.93,0.0,2762.0,1435.0,65.0,796.0,398.0,194.0,1959.0,146.0,71.0,2021.0,0.0,4197.0,1352.0,1360.0,60.0,20.0,173.0,839.0,1615.0,1130.0,252.0,123.0,0.0,36.57,1.83,20.71,0.0,31.17,0.19,2.17,4.98,0.0,0.0,0.98,0.0,0.0,0.55,46.68,3.48,1.69,48.15,0.0,100.0,27.04,14.46,48.06,10.41,1535.0,77.0,869.0,0.0,1308.0,8.0,91.0,209.0,0.0,0.0,41.0,0.0,0.0,23.0,1959.0,146.0,71.0,2021.0,0.0,4197.0,1135.0,607.0,2017.0,437.0
3517703,51.32,48.66,0.45,87.52,12.46,0.0,45.63,7.37,0.24,46.73,0.0,100.0,7.22,27.36,29.97,25.97,5.21,1.17,2.64,2373.0,2250.0,21.0,4047.0,576.0,0.0,2110.0,341.0,11.0,2161.0,0.0,4624.0,334.0,1265.0,1386.0,1201.0,241.0,54.0,122.0,2390.0,861.0,56.0,4.0,485.0,2373.0,2250.0,4047.0,576.0,0.0,459.0,546.0,1155.0,940.0,736.0,753.0,35.0,4624.0,547.0,280.0,57.13,42.87,2.06,81.39,10.22,71.17,15.56,0.0,1.73,100.0,0.95,11.38,28.89,41.03,9.84,5.85,0.0,85.05,1.68,4528.0,3398.0,163.0,6451.0,810.0,5641.0,1233.0,0.0,137.0,7926.0,75.0,902.0,2290.0,3252.0,780.0,464.0,0.0,6741.0,133.0,11.87,32.8,9.35,0.0,22.9,0.0,2.05,17.7,0.0,0.0,0.98,0.21,0.1,0.25,82.87,17.13,0.0,20.89,15.16,4.11,44.9,13.91,0.68,40.5,0.0,100.0,34.48,24.49,0.0,0.0,800.0,2211.0,630.0,0.0,1544.0,0.0,138.0,1193.0,0.0,0.0,66.0,14.0,7.0,17.0,5586.0,1155.0,0.0,1408.0,1022.0,277.0,3027.0,938.0,46.0,2730.0,0.0,6741.0,2324.0,1651.0,0.0,0.0,58.9,41.1,1.99,20.48,15.49,4.31,44.82,13.78,0.67,40.73,0.0,100.0,34.17,24.4,0.16,0.0,1.0,10.94,29.23,41.29,9.98,5.57,0.0,4049.0,2825.0,137.0,1408.0,1065.0,296.0,3081.0,947.0,46.0,2800.0,0.0,6874.0,2349.0,1677.0,11.0,0.0,69.0,752.0,2009.0,2838.0,686.0,383.0,0.0,11.64,32.67,9.16,0.12,23.52,0.0,2.01,17.5,0.0,0.0,0.96,0.2,0.1,0.25,44.82,13.78,0.67,40.73,0.0,100.0,20.85,13.11,46.77,19.28,800.0,2246.0,630.0,8.0,1617.0,0.0,138.0,1203.0,0.0,0.0,66.0,14.0,7.0,17.0,3081.0,947.0,46.0,2800.0,0.0,6874.0,1433.0,901.0,3215.0,1325.0
3517802,50.89,49.11,1.23,79.27,20.73,0.0,51.64,0.89,3.28,44.19,0.0,100.0,6.16,22.57,35.36,24.56,6.77,1.85,1.5,744.0,718.0,18.0,1159.0,303.0,0.0,755.0,13.0,48.0,646.0,0.0,1462.0,90.0,330.0,517.0,359.0,99.0,27.0,22.0,741.0,255.0,22.0,19.0,172.0,744.0,718.0,1159.0,303.0,0.0,158.0,124.0,393.0,311.0,230.0,232.0,12.0,1462.0,84.0,169.0,58.54,41.46,2.36,82.14,20.5,61.64,12.77,0.23,2.65,100.0,1.61,7.99,31.74,40.77,10.93,4.6,0.0,72.77,1.87,2036.0,1442.0,82.0,2857.0,713.0,2144.0,444.0,8.0,92.0,3478.0,56.0,278.0,1104.0,1418.0,380.0,160.0,0.0,2531.0,65.0,22.48,4.03,13.16,0.99,47.73,0.0,4.9,3.44,0.0,0.0,0.75,0.0,0.0,0.87,84.04,15.92,0.0,19.44,14.07,6.28,49.82,4.11,2.92,43.15,0.0,100.0,30.66,28.61,0.2,0.0,569.0,102.0,333.0,25.0,1208.0,0.0,124.0,87.0,0.0,0.0,19.0,0.0,0.0,22.0,2127.0,403.0,0.0,492.0,356.0,159.0,1261.0,104.0,74.0,1092.0,0.0,2531.0,776.0,724.0,5.0,0.0,57.65,42.35,2.62,18.96,13.72,7.05,49.33,4.01,2.85,43.85,0.0,100.0,29.9,28.17,0.46,0.58,1.73,7.9,31.64,41.23,10.52,4.39,0.0,1496.0,1099.0,68.0,492.0,356.0,183.0,1280.0,104.0,74.0,1138.0,0.0,2595.0,776.0,731.0,12.0,15.0,45.0,205.0,821.0,1070.0,273.0,114.0,0.0,21.93,3.93,13.03,0.96,47.75,0.0,4.78,3.7,0.0,0.0,0.73,0.31,0.0,0.85,49.33,4.01,2.85,43.85,0.0,100.0,20.73,15.45,45.55,18.3,569.0,102.0,338.0,25.0,1239.0,0.0,124.0,96.0,0.0,0.0,19.0,8.0,0.0,22.0,1280.0,104.0,74.0,1138.0,0.0,2595.0,538.0,401.0,1182.0,475.0
3517901,47.93,52.03,1.13,87.62,12.38,0.0,53.95,4.39,0.0,41.61,0.0,100.0,9.87,25.3,35.26,21.71,4.77,1.21,0.71,1146.0,1244.0,27.0,2095.0,296.0,0.0,1290.0,105.0,0.0,995.0,0.0,2391.0,236.0,605.0,843.0,519.0,114.0,29.0,17.0,1318.0,452.0,32.0,7.0,164.0,1146.0,1244.0,2095.0,296.0,0.0,186.0,206.0,632.0,567.0,368.0,407.0,25.0,2391.0,202.0,216.0,59.76,40.24,2.77,87.63,12.15,75.48,9.88,0.0,1.89,100.0,2.49,10.92,32.15,37.19,11.0,3.51,0.0,83.19,2.15,2976.0,2004.0,138.0,4364.0,605.0,3759.0,492.0,0.0,94.0,4980.0,124.0,544.0,1601.0,1852.0,548.0,175.0,0.0,4143.0,107.0,12.91,22.54,6.85,0.1,24.79,0.0,0.8,30.51,0.0,0.0,0.53,0.0,0.0,0.27,89.33,10.67,0.0,12.21,14.46,3.45,52.14,9.17,0.22,38.47,0.0,100.0,34.35,34.44,0.58,0.0,535.0,934.0,284.0,4.0,1027.0,0.0,33.0,1264.0,0.0,0.0,22.0,0.0,0.0,11.0,3701.0,442.0,0.0,506.0,599.0,143.0,2160.0,380.0,9.0,1594.0,0.0,4143.0,1423.0,1427.0,24.0,0.0,60.39,39.59,2.63,12.02,14.37,3.76,52.13,9.29,0.21,38.34,0.0,100.0,33.94,34.23,0.92,0.16,2.52,10.84,33.47,36.6,10.68,3.25,0.0,2567.0,1683.0,112.0,511.0,611.0,160.0,2216.0,395.0,9.0,1630.0,0.0,4251.0,1443.0,1455.0,39.0,7.0,107.0,461.0,1423.0,1556.0,454.0,138.0,0.0,13.01,22.14,6.75,0.09,25.34,0.0,0.78,30.11,0.0,0.0,0.64,0.0,0.0,0.26,52.13,9.29,0.21,38.34,0.0,100.0,22.16,14.68,43.19,19.97,553.0,941.0,287.0,4.0,1077.0,0.0,33.0,1280.0,0.0,0.0,27.0,0.0,0.0,11.0,2216.0,395.0,9.0,1630.0,0.0,4251.0,942.0,624.0,1836.0,849.0
3518008,53.26,46.74,0.52,92.17,7.83,0.0,68.93,3.39,0.0,27.68,0.0,100.0,10.7,25.85,47.26,14.1,1.04,0.0,0.52,204.0,179.0,2.0,353.0,30.0,0.0,264.0,13.0,0.0,106.0,0.0,383.0,41.0,99.0,181.0,54.0,4.0,0.0,2.0,211.0,63.0,5.0,2.0,8.0,204.0,179.0,353.0,30.0,0.0,17.0,5.0,116.0,91.0,69.0,85.0,0.0,383.0,36.0,57.0,56.7,43.3,0.77,77.14,14.56,62.45,22.35,0.0,0.13,100.0,1.66,10.47,45.21,33.46,3.96,4.47,0.0,81.86,3.07,444.0,339.0,6.0,604.0,114.0,489.0,175.0,0.0,1.0,783.0,13.0,82.0,354.0,262.0,31.0,35.0,0.0,641.0,24.0,19.66,29.64,6.71,0.94,23.24,0.0,0.94,17.32,0.0,0.0,0.47,0.0,0.0,0.62,76.29,23.71,0.0,24.34,12.95,2.18,69.27,6.24,1.4,23.24,0.0,100.0,45.55,15.13,0.0,0.0,126.0,190.0,43.0,6.0,149.0,0.0,6.0,111.0,0.0,0.0,3.0,0.0,0.0,4.0,489.0,152.0,0.0,156.0,83.0,14.0,444.0,40.0,9.0,149.0,0.0,641.0,292.0,97.0,0.0,0.0,55.04,44.96,0.3,23.46,13.83,2.56,68.57,7.37,1.35,22.71,0.0,100.0,44.51,14.59,0.3,0.3,1.65,10.68,45.86,32.33,4.66,4.51,0.0,366.0,299.0,2.0,156.0,92.0,17.0,456.0,49.0,9.0,151.0,0.0,665.0,296.0,97.0,2.0,2.0,11.0,71.0,305.0,215.0,31.0,30.0,0.0,18.95,28.57,6.92,0.9,23.76,0.0,1.2,17.29,0.0,0.0,0.9,0.0,0.0,0.6,68.57,7.37,1.35,22.71,0.0,100.0,21.95,13.68,47.67,16.69,126.0,190.0,46.0,6.0,158.0,0.0,8.0,115.0,0.0,0.0,6.0,0.0,0.0,4.0,456.0,49.0,9.0,151.0,0.0,665.0,146.0,91.0,317.0,111.0
3518107,47.99,52.01,0.32,76.62,23.06,0.26,52.4,3.43,0.71,43.46,0.0,100.0,7.51,26.75,40.16,20.4,2.59,2.33,0.0,741.0,803.0,5.0,1183.0,356.0,4.0,809.0,53.0,11.0,671.0,0.0,1544.0,116.0,413.0,620.0,315.0,40.0,36.0,0.0,872.0,215.0,18.0,4.0,149.0,741.0,803.0,1183.0,356.0,4.0,117.0,118.0,426.0,381.0,224.0,272.0,6.0,1544.0,61.0,225.0,59.09,40.88,1.92,76.55,17.82,58.73,19.67,0.0,3.75,100.0,1.73,11.34,37.04,35.5,8.08,4.36,0.0,66.38,12.02,1814.0,1255.0,59.0,2350.0,547.0,1803.0,604.0,0.0,115.0,3070.0,53.0,348.0,1137.0,1090.0,248.0,134.0,0.0,2038.0,369.0,31.99,5.2,9.81,0.29,36.7,0.0,2.65,12.22,0.0,0.0,0.59,0.0,0.0,0.44,76.89,23.11,0.0,18.55,12.76,2.55,54.17,4.27,0.83,40.58,0.15,100.0,36.02,30.18,0.0,0.0,652.0,106.0,200.0,6.0,748.0,0.0,54.0,249.0,0.0,0.0,12.0,0.0,0.0,9.0,1567.0,471.0,0.0,378.0,260.0,52.0,1104.0,87.0,17.0,827.0,3.0,2038.0,734.0,615.0,0.0,0.0,57.46,42.54,1.45,17.08,14.25,2.83,52.31,5.4,0.83,41.34,0.12,100.0,35.19,29.95,0.5,0.17,1.74,10.68,39.72,35.73,6.23,4.45,0.0,1383.0,1024.0,35.0,411.0,343.0,68.0,1259.0,130.0,20.0,995.0,3.0,2407.0,847.0,721.0,12.0,4.0,42.0,257.0,956.0,860.0,150.0,107.0,0.0,31.74,4.99,9.06,0.25,37.22,0.0,2.58,12.96,0.0,0.0,0.75,0.0,0.0,0.37,52.31,5.4,0.83,41.34,0.12,100.0,28.5,17.78,39.97,13.75,764.0,120.0,218.0,6.0,896.0,0.0,62.0,312.0,0.0,0.0,18.0,0.0,0.0,9.0,1259.0,130.0,20.0,995.0,3.0,2407.0,686.0,428.0,962.0,331.0
3518206,48.22,51.78,1.59,87.46,12.37,0.15,54.44,4.14,1.04,40.39,0.0,100.0,8.11,20.04,37.18,21.5,6.19,2.73,2.66,3468.0,3724.0,114.0,6290.0,890.0,11.0,3915.0,298.0,75.0,2905.0,0.0,7192.0,583.0,1441.0,2674.0,1546.0,445.0,196.0,191.0,3525.0,1164.0,157.0,32.0,853.0,3468.0,3724.0,6290.0,890.0,11.0,616.0,891.0,1789.0,1612.0,810.0,1279.0,194.0,7192.0,705.0,757.0,57.61,42.4,3.56,86.49,16.95,69.54,12.83,0.0,0.61,100.0,1.53,7.88,29.43,38.76,13.17,5.67,0.0,79.42,2.86,7991.0,5882.0,494.0,11998.0,2351.0,9647.0,1780.0,0.0,84.0,13872.0,212.0,1093.0,4082.0,5377.0,1827.0,787.0,0.0,11017.0,397.0,7.3,22.18,21.3,0.42,30.75,0.0,1.92,14.15,0.0,0.0,0.5,0.0,0.0,0.23,85.94,14.06,0.0,15.34,17.31,4.64,53.31,7.13,1.39,38.18,0.0,100.0,36.53,25.27,0.19,0.0,804.0,2444.0,2347.0,46.0,3388.0,0.0,211.0,1559.0,0.0,0.0,55.0,0.0,0.0,25.0,9468.0,1549.0,0.0,1690.0,1907.0,511.0,5873.0,786.0,153.0,4206.0,0.0,11017.0,4025.0,2784.0,21.0,0.0,58.27,41.73,3.38,14.96,16.9,5.36,52.99,6.88,1.59,38.54,0.0,100.0,35.77,25.33,0.28,0.72,0.93,7.68,29.97,39.31,13.07,5.65,0.0,6659.0,4768.0,386.0,1710.0,1931.0,612.0,6055.0,786.0,182.0,4404.0,0.0,11427.0,4087.0,2894.0,32.0,82.0,106.0,878.0,3425.0,4492.0,1493.0,646.0,0.0,7.04,21.76,21.2,0.4,30.86,0.0,1.97,14.12,0.0,0.0,0.59,0.0,0.0,0.6,52.99,6.88,1.59,38.54,0.0,100.0,17.03,14.61,47.3,21.05,804.0,2486.0,2422.0,46.0,3526.0,0.0,225.0,1613.0,0.0,0.0,67.0,0.0,0.0,68.0,6055.0,786.0,182.0,4404.0,0.0,11427.0,1946.0,1670.0,5405.0,2405.0
3518305,51.67,48.33,1.35,89.59,10.41,0.0,60.27,4.77,0.06,34.91,0.0,100.0,5.8,24.38,38.95,18.97,5.42,4.49,0.61,3706.0,3467.0,97.0,6426.0,747.0,0.0,4323.0,342.0,4.0,2504.0,0.0,7173.0,416.0,1749.0,2794.0,1361.0,389.0,322.0,44.0,3632.0,1324.0,73.0,9.0,596.0,3706.0,3467.0,6426.0,747.0,0.0,467.0,471.0,2222.0,1670.0,1009.0,1281.0,53.0,7173.0,813.0,725.0,57.41,42.59,3.32,84.45,17.81,66.65,13.33,0.07,0.82,100.0,1.01,9.89,33.83,33.91,10.36,7.6,0.08,76.93,3.11,8663.0,6427.0,501.0,12745.0,2687.0,10058.0,2011.0,11.0,124.0,15091.0,153.0,1493.0,5106.0,5117.0,1564.0,1147.0,12.0,11610.0,470.0,26.64,7.33,7.65,0.52,39.04,0.0,1.51,15.25,0.0,0.34,0.64,0.0,0.0,0.29,84.93,15.07,0.0,10.78,23.45,5.94,57.24,8.68,0.16,33.74,0.19,100.0,24.88,33.58,0.61,0.0,3093.0,851.0,888.0,60.0,4533.0,0.0,175.0,1770.0,0.0,39.0,74.0,0.0,0.0,34.0,9860.0,1750.0,0.0,1251.0,2722.0,690.0,6645.0,1008.0,18.0,3917.0,22.0,11610.0,2889.0,3899.0,71.0,0.0,58.34,41.66,3.53,10.41,23.45,6.17,56.94,8.95,0.15,33.79,0.18,100.0,24.53,32.77,1.24,0.44,1.17,10.32,34.29,34.0,9.83,6.87,0.0,7047.0,5033.0,426.0,1258.0,2833.0,745.0,6878.0,1081.0,18.0,4082.0,22.0,12080.0,2963.0,3959.0,150.0,53.0,141.0,1247.0,4142.0,4107.0,1188.0,830.0,0.0,26.11,7.14,7.49,0.5,39.78,0.0,1.45,14.87,0.0,0.42,0.69,0.0,0.0,0.48,56.94,8.95,0.15,33.79,0.18,100.0,17.09,14.39,50.57,17.96,3154.0,862.0,905.0,60.0,4805.0,0.0,175.0,1796.0,0.0,51.0,83.0,0.0,0.0,58.0,6878.0,1081.0,18.0,4082.0,22.0,12080.0,2064.0,1738.0,6109.0,2169.0
3518404,48.96,51.04,3.7,89.18,10.74,0.08,65.42,4.96,0.35,29.17,0.11,100.0,10.2,17.25,29.69,24.52,7.59,5.34,1.71,13475.0,14049.0,1017.0,24546.0,2956.0,21.0,18005.0,1365.0,95.0,8028.0,31.0,27523.0,2807.0,4747.0,8171.0,6749.0,2090.0,1470.0,472.0,12735.0,4704.0,943.0,110.0,4183.0,13475.0,14049.0,24546.0,2956.0,21.0,2797.0,3846.0,6855.0,5602.0,3825.0,4110.0,489.0,27523.0,2213.0,2635.0,56.03,43.97,6.26,84.58,13.33,71.25,13.23,0.0,0.56,100.0,1.75,8.67,28.29,33.43,12.59,8.99,0.02,81.1,3.3,31064.0,24375.0,3469.0,46889.0,7391.0,39498.0,7337.0,0.0,312.0,55439.0,971.0,4808.0,15684.0,18533.0,6981.0,4983.0,10.0,44962.0,1830.0,13.68,13.77,13.28,0.62,44.41,0.54,0.97,11.27,0.02,0.0,0.14,0.0,0.0,0.42,85.61,14.39,0.0,10.57,14.0,3.2,62.02,6.66,0.41,30.77,0.14,100.0,31.82,39.47,0.46,0.0,6154.0,6191.0,5971.0,281.0,19970.0,243.0,435.0,5070.0,11.0,0.0,63.0,0.0,0.0,189.0,38500.0,6469.0,0.0,4754.0,6294.0,1437.0,27892.0,2997.0,183.0,13837.0,61.0,44970.0,14311.0,17749.0,206.0,0.0,57.75,42.25,5.86,10.33,14.05,3.47,62.34,6.63,0.43,30.47,0.13,100.0,31.41,38.8,1.05,0.12,1.81,8.7,29.05,33.97,12.01,8.57,0.02,27045.0,19790.0,2744.0,4839.0,6580.0,1624.0,29198.0,3104.0,202.0,14269.0,61.0,46835.0,14711.0,18174.0,490.0,55.0,847.0,4076.0,13605.0,15910.0,5626.0,4016.0,10.0,13.31,13.52,12.98,0.64,44.78,0.52,0.95,11.48,0.02,0.0,0.16,0.0,0.0,0.45,62.36,6.62,0.43,30.45,0.13,100.0,13.23,13.45,47.35,25.98,6238.0,6336.0,6081.0,302.0,20982.0,243.0,447.0,5380.0,11.0,0.0,75.0,0.0,0.0,210.0,29219.0,3104.0,202.0,14269.0,61.0,46856.0,6200.0,6300.0,22184.0,12173.0
3518503,48.43,51.57,0.77,85.83,14.17,0.0,70.72,0.62,0.0,28.66,0.0,100.0,5.01,26.02,37.37,24.56,4.06,1.32,0.84,1323.0,1409.0,21.0,2345.0,387.0,0.0,1932.0,17.0,0.0,783.0,0.0,2732.0,137.0,711.0,1021.0,671.0,111.0,36.0,23.0,1419.0,426.0,30.0,18.0,269.0,1323.0,1409.0,2345.0,387.0,0.0,193.0,195.0,818.0,582.0,455.0,474.0,14.0,2732.0,237.0,334.0,60.98,39.03,1.88,92.16,17.6,74.56,7.57,0.0,0.15,100.0,1.57,11.44,34.08,39.42,7.47,4.15,0.0,80.93,1.22,3656.0,2340.0,113.0,5525.0,1055.0,4470.0,454.0,0.0,9.0,5995.0,94.0,686.0,2043.0,2363.0,448.0,249.0,0.0,4852.0,73.0,27.11,3.73,16.06,0.38,31.31,0.0,0.4,18.64,0.0,0.0,0.65,0.08,0.0,0.56,91.29,8.71,0.0,18.12,20.21,5.55,65.97,2.9,0.0,30.97,0.14,100.0,31.17,24.09,0.2,0.0,1367.0,188.0,810.0,19.0,1579.0,0.0,20.0,940.0,0.0,0.0,33.0,4.0,0.0,28.0,4604.0,439.0,0.0,914.0,1019.0,280.0,3327.0,146.0,0.0,1562.0,7.0,5043.0,1572.0,1215.0,10.0,0.0,61.52,38.48,1.48,18.46,20.91,6.01,67.21,2.52,0.0,30.11,0.14,100.0,30.8,22.62,0.2,0.08,1.22,11.9,34.07,40.59,6.72,4.02,0.0,3030.0,1895.0,73.0,909.0,1030.0,296.0,3310.0,124.0,0.0,1483.0,7.0,4925.0,1517.0,1114.0,10.0,4.0,60.0,586.0,1678.0,1999.0,331.0,198.0,0.0,26.72,3.67,16.46,0.37,31.16,0.0,0.39,18.61,0.0,0.0,0.65,0.08,0.0,0.59,66.07,2.91,0.0,30.86,0.14,100.0,29.22,18.47,40.01,12.29,1367.0,188.0,842.0,19.0,1594.0,0.0,20.0,952.0,0.0,0.0,33.0,4.0,0.0,30.0,3380.0,149.0,0.0,1579.0,7.0,5116.0,1495.0,945.0,2047.0,629.0
3518602,50.55,49.44,0.83,88.86,11.13,0.0,41.98,6.68,0.0,51.32,0.0,100.0,11.79,19.59,39.57,20.8,3.29,2.26,1.88,5029.0,4919.0,83.0,8841.0,1107.0,0.0,4177.0,665.0,0.0,5106.0,0.0,9949.0,1173.0,1949.0,3937.0,2069.0,327.0,225.0,187.0,4953.0,2159.0,61.0,76.0,1046.0,5029.0,4919.0,8841.0,1107.0,0.0,800.0,1520.0,2401.0,2112.0,1566.0,1464.0,85.0,9949.0,777.0,878.0,59.57,40.43,1.98,79.29,14.45,64.83,18.25,0.0,0.89,100.0,2.7,8.88,34.93,38.25,8.74,4.52,0.0,80.19,2.76,9488.0,6440.0,315.0,12628.0,2302.0,10326.0,2907.0,0.0,141.0,15927.0,430.0,1415.0,5563.0,6092.0,1392.0,720.0,0.0,12772.0,440.0,14.56,8.71,11.17,0.55,29.49,0.13,2.16,31.38,0.0,0.0,0.49,0.0,0.0,0.27,79.65,20.35,0.0,8.47,21.43,6.58,43.52,9.02,0.08,47.39,0.0,100.0,32.14,31.15,0.17,0.0,1868.0,1118.0,1433.0,70.0,3784.0,17.0,277.0,4026.0,0.0,0.0,63.0,0.0,0.0,34.0,10219.0,2611.0,0.0,1087.0,2749.0,844.0,5584.0,1157.0,10.0,6080.0,0.0,12830.0,4123.0,3997.0,22.0,0.0,60.67,39.33,2.17,8.36,21.8,7.07,43.46,9.28,0.08,47.19,0.0,100.0,31.75,30.33,0.31,0.29,2.41,9.16,35.31,37.15,8.88,4.92,0.0,8029.0,5204.0,287.0,1106.0,2885.0,936.0,5751.0,1228.0,10.0,6244.0,0.0,13233.0,4202.0,4014.0,41.0,39.0,319.0,1212.0,4673.0,4916.0,1175.0,651.0,0.0,14.12,8.64,11.11,0.53,29.73,0.13,2.17,31.53,0.0,0.0,0.56,0.0,0.0,0.26,43.44,9.32,0.08,47.16,0.0,100.0,20.19,15.94,48.24,15.64,1877.0,1148.0,1477.0,70.0,3951.0,17.0,289.0,4191.0,0.0,0.0,74.0,0.0,0.0,34.0,5774.0,1239.0,10.0,6268.0,0.0,13291.0,2683.0,2119.0,6411.0,2079.0
3518701,49.25,50.75,1.02,93.54,6.26,0.15,44.0,7.17,0.18,48.56,0.07,100.0,9.85,23.18,33.2,21.56,5.59,2.51,3.08,37529.0,38670.0,776.0,71278.0,4767.0,115.0,33524.0,5460.0,136.0,37002.0,52.0,76199.0,7507.0,17666.0,25297.0,16428.0,4261.0,1913.0,2350.0,37661.0,14672.0,1113.0,1336.0,7227.0,37529.0,38670.0,71278.0,4767.0,115.0,7286.0,10514.0,19871.0,15263.0,9926.0,12203.0,1136.0,76199.0,6966.0,7224.0,55.65,44.35,2.6,83.16,14.05,69.1,12.04,0.01,0.63,100.0,2.63,11.93,30.77,36.13,10.26,5.63,0.06,78.05,3.07,71765.0,57196.0,3355.0,107240.0,18123.0,89117.0,15529.0,13.0,813.0,128961.0,3395.0,15379.0,39686.0,46593.0,13225.0,7255.0,73.0,100651.0,3957.0,10.23,27.13,16.08,0.71,18.11,0.24,0.5,23.56,0.0,0.01,0.28,0.34,0.35,0.62,85.62,14.38,0.0,4.35,27.49,12.4,38.01,11.18,0.21,50.38,0.22,100.0,17.99,36.59,0.43,0.02,10296.0,27311.0,16188.0,712.0,18233.0,245.0,500.0,23714.0,0.0,14.0,279.0,344.0,348.0,623.0,86184.0,14473.0,0.0,4379.0,27671.0,12480.0,38262.0,11251.0,209.0,50715.0,220.0,100657.0,18111.0,36826.0,434.0,25.0,57.63,42.37,2.52,4.31,27.35,12.63,37.95,11.17,0.2,50.46,0.22,100.0,17.67,36.32,0.6,0.17,2.54,11.94,31.61,36.27,9.88,5.22,0.02,60311.0,44349.0,2635.0,4513.0,28621.0,13222.0,39719.0,11688.0,209.0,52810.0,233.0,104660.0,18492.0,38014.0,625.0,174.0,2655.0,12492.0,33088.0,37961.0,10343.0,5464.0,22.0,10.09,26.86,16.01,0.7,18.1,0.27,0.53,23.57,0.0,0.04,0.32,0.36,0.33,0.67,37.95,11.17,0.2,50.46,0.22,100.0,18.58,17.11,48.65,15.65,10560.0,28115.0,16756.0,736.0,18940.0,284.0,559.0,24667.0,0.0,43.0,340.0,374.0,348.0,706.0,39719.0,11688.0,209.0,52816.0,233.0,104666.0,19444.0,17913.0,50924.0,16385.0
3518800,49.2,50.8,2.27,93.64,6.05,0.2,48.75,8.63,0.72,41.74,0.13,100.0,10.32,19.57,27.86,23.2,7.53,4.28,4.97,172849.0,178496.0,7969.0,328985.0,21257.0,687.0,171292.0,30314.0,2529.0,146639.0,470.0,351345.0,36267.0,68753.0,97871.0,81523.0,26461.0,15043.0,17459.0,162218.0,65895.0,7476.0,10683.0,40561.0,172869.0,178496.0,329006.0,21257.0,687.0,34110.0,57521.0,87304.0,67545.0,45404.0,53706.0,5776.0,351365.0,30485.0,34048.0,54.85,45.15,5.22,78.21,12.97,65.24,15.61,0.01,0.66,100.0,1.98,8.99,25.93,35.91,13.2,8.71,0.07,77.48,3.33,320811.0,264101.0,30533.0,457470.0,75866.0,381605.0,91279.0,51.0,3876.0,584912.0,11610.0,52575.0,151649.0,210043.0,77184.0,50932.0,385.0,453215.0,19477.0,13.26,1.45,4.63,0.34,34.76,0.38,0.64,40.14,0.08,1.51,0.35,0.07,0.0,0.4,81.04,18.96,0.0,3.81,31.32,22.39,48.2,11.26,0.79,39.62,0.13,100.0,12.05,26.71,2.95,0.03,60145.0,6579.0,20978.0,1531.0,157639.0,1714.0,2895.0,182009.0,356.0,6842.0,1585.0,324.0,19.0,1830.0,367474.0,85969.0,0.0,17271.0,142003.0,101540.0,218563.0,51059.0,3568.0,179661.0,592.0,453442.0,54631.0,121109.0,13358.0,155.0,56.54,43.46,5.13,3.75,31.13,22.62,48.1,11.26,0.8,39.7,0.14,100.0,11.87,26.32,3.15,0.16,1.67,8.75,25.94,36.71,13.02,8.75,0.03,267413.0,205522.0,24263.0,17721.0,147222.0,106962.0,227490.0,53240.0,3767.0,187776.0,663.0,472935.0,56114.0,124494.0,14883.0,761.0,7921.0,41384.0,122661.0,173609.0,61573.0,41361.0,162.0,13.12,1.44,4.58,0.32,34.49,0.39,0.63,40.15,0.08,1.51,0.35,0.07,0.0,0.43,48.09,11.25,0.8,39.72,0.14,100.0,13.24,13.41,48.21,25.15,62087.0,6808.0,21670.0,1531.0,163172.0,1831.0,2960.0,189960.0,379.0,7134.0,1674.0,324.0,19.0,2038.0,227549.0,53251.0,3767.0,187933.0,663.0,473163.0,62640.0,63438.0,228091.0,118993.0
3518859,51.81,48.19,1.81,87.63,12.37,0.0,49.1,4.41,2.54,44.01,0.0,100.0,11.07,24.63,32.54,22.99,3.73,1.92,1.36,917.0,853.0,32.0,1551.0,219.0,0.0,869.0,78.0,45.0,779.0,0.0,1770.0,196.0,436.0,576.0,407.0,66.0,34.0,24.0,982.0,242.0,28.0,8.0,129.0,917.0,853.0,1551.0,219.0,0.0,123.0,104.0,523.0,413.0,259.0,349.0,0.0,1770.0,234.0,146.0,60.06,39.94,2.83,79.39,12.17,67.25,19.95,0.0,0.16,100.0,2.08,10.16,27.57,43.07,9.9,4.39,0.0,85.03,2.18,1845.0,1227.0,87.0,2439.0,374.0,2066.0,613.0,0.0,5.0,3072.0,64.0,312.0,847.0,1323.0,304.0,135.0,0.0,2612.0,67.0,18.31,18.43,3.44,0.0,24.66,0.0,2.75,31.08,0.0,0.0,0.84,0.0,0.15,0.23,78.4,21.56,0.0,19.69,16.55,4.05,53.21,6.35,1.95,38.49,0.0,100.0,31.04,28.59,0.0,0.0,479.0,482.0,90.0,0.0,645.0,0.0,72.0,813.0,0.0,0.0,22.0,0.0,4.0,6.0,2051.0,564.0,0.0,515.0,433.0,106.0,1392.0,166.0,51.0,1007.0,0.0,2616.0,812.0,748.0,0.0,0.0,59.3,40.7,2.24,19.57,17.14,4.18,53.32,6.65,1.9,38.13,0.0,100.0,30.4,28.23,0.3,0.11,1.94,9.48,27.97,43.76,10.27,4.33,0.0,1588.0,1090.0,60.0,524.0,459.0,112.0,1428.0,178.0,51.0,1021.0,0.0,2678.0,814.0,756.0,8.0,3.0,52.0,254.0,749.0,1172.0,275.0,116.0,0.0,18.2,18.05,3.43,0.0,25.43,0.0,2.68,30.5,0.0,0.0,0.93,0.0,0.15,0.56,53.39,6.64,1.9,38.07,0.0,100.0,20.13,16.0,47.91,16.0,488.0,484.0,92.0,0.0,682.0,0.0,72.0,818.0,0.0,0.0,25.0,0.0,4.0,15.0,1432.0,178.0,51.0,1021.0,0.0,2682.0,540.0,429.0,1285.0,429.0
3518909,52.01,48.1,0.0,84.66,14.91,0.44,49.95,4.03,0.54,45.48,0.0,100.0,10.23,23.5,45.7,14.25,3.37,0.65,2.39,478.0,442.0,0.0,778.0,137.0,4.0,459.0,37.0,5.0,418.0,0.0,919.0,94.0,216.0,420.0,131.0,31.0,6.0,22.0,538.0,143.0,6.0,0.0,97.0,478.0,442.0,778.0,137.0,4.0,94.0,60.0,275.0,222.0,138.0,127.0,3.0,919.0,53.0,83.0,63.17,36.83,2.3,78.09,16.57,61.46,21.49,0.0,0.48,100.0,1.98,10.9,42.06,33.4,7.48,1.98,0.0,78.94,4.01,1182.0,689.0,43.0,1461.0,310.0,1150.0,402.0,0.0,9.0,1871.0,37.0,204.0,787.0,625.0,140.0,37.0,0.0,1477.0,75.0,22.82,9.48,4.67,0.0,31.35,0.14,2.57,26.61,0.0,0.0,0.34,0.0,0.0,1.83,75.56,24.44,0.0,16.05,19.3,5.15,51.79,9.88,0.34,37.98,0.0,100.0,31.35,27.29,0.68,0.0,337.0,140.0,69.0,0.0,463.0,2.0,38.0,393.0,0.0,0.0,5.0,0.0,0.0,27.0,1116.0,361.0,0.0,237.0,285.0,76.0,765.0,146.0,5.0,561.0,0.0,1477.0,463.0,403.0,10.0,0.0,63.4,36.66,1.8,16.3,19.52,5.54,51.8,10.31,0.32,37.63,0.0,100.0,30.22,26.55,1.16,0.58,2.06,11.15,43.23,32.73,6.89,2.19,0.0,984.0,569.0,28.0,253.0,303.0,86.0,804.0,160.0,5.0,584.0,0.0,1552.0,469.0,412.0,18.0,9.0,32.0,173.0,671.0,508.0,107.0,34.0,0.0,22.74,9.21,4.57,0.0,31.25,0.13,2.45,26.42,0.0,0.0,0.52,0.0,0.0,2.58,51.8,10.31,0.32,37.63,0.0,100.0,26.1,22.23,40.08,11.6,353.0,143.0,71.0,0.0,485.0,2.0,38.0,410.0,0.0,0.0,8.0,0.0,0.0,40.0,804.0,160.0,5.0,584.0,0.0,1552.0,405.0,345.0,622.0,180.0
3519006,46.57,53.38,0.33,84.03,15.97,0.0,48.76,5.29,0.0,45.23,0.71,100.0,8.87,29.36,35.99,20.5,1.81,1.29,1.86,977.0,1120.0,7.0,1763.0,335.0,0.0,1023.0,111.0,0.0,949.0,15.0,2098.0,186.0,616.0,755.0,430.0,38.0,27.0,39.0,1069.0,486.0,14.0,5.0,223.0,977.0,1120.0,1763.0,335.0,0.0,229.0,251.0,581.0,428.0,326.0,259.0,24.0,2098.0,59.0,243.0,62.77,37.23,0.46,69.03,17.97,51.09,12.56,0.33,4.9,100.0,1.67,11.78,36.0,39.05,7.74,3.31,0.0,58.85,5.13,2483.0,1473.0,18.0,2731.0,711.0,2021.0,497.0,13.0,194.0,3956.0,66.0,466.0,1424.0,1545.0,306.0,131.0,0.0,2328.0,203.0,19.89,8.63,9.24,0.69,41.49,0.0,2.53,10.01,0.0,0.0,3.01,0.0,0.21,1.63,84.11,15.89,0.0,13.45,8.2,1.59,50.77,5.76,0.6,42.48,0.39,100.0,37.5,38.4,0.0,0.43,463.0,201.0,215.0,16.0,966.0,0.0,59.0,233.0,0.0,0.0,70.0,0.0,5.0,38.0,1958.0,370.0,0.0,313.0,191.0,37.0,1182.0,134.0,14.0,989.0,9.0,2328.0,873.0,894.0,0.0,10.0,62.11,37.89,0.71,13.95,7.98,1.62,51.48,5.49,0.55,42.12,0.36,100.0,35.28,37.1,0.83,2.77,1.78,12.84,34.61,38.8,8.53,2.69,0.0,1572.0,959.0,18.0,353.0,202.0,41.0,1303.0,139.0,14.0,1066.0,9.0,2531.0,893.0,939.0,21.0,70.0,45.0,325.0,876.0,982.0,216.0,68.0,0.0,18.73,8.1,9.92,0.63,39.23,0.0,2.33,10.08,0.16,0.0,4.82,0.0,0.2,3.36,51.48,5.49,0.55,42.12,0.36,100.0,32.28,19.91,36.82,10.94,474.0,205.0,251.0,16.0,993.0,0.0,59.0,255.0,4.0,0.0,122.0,0.0,5.0,85.0,1303.0,139.0,14.0,1066.0,9.0,2531.0,817.0,504.0,932.0,277.0
3519055,52.4,47.6,5.24,88.4,11.63,0.0,58.58,2.44,0.3,38.71,0.0,100.0,1.24,9.7,32.42,31.1,11.01,9.13,0.13,1951.0,1772.0,195.0,3291.0,433.0,0.0,2181.0,91.0,11.0,1441.0,0.0,3723.0,46.0,361.0,1207.0,1158.0,410.0,340.0,5.0,1745.0,628.0,36.0,18.0,350.0,1951.0,1772.0,3291.0,433.0,0.0,352.0,181.0,891.0,813.0,574.0,889.0,23.0,3723.0,523.0,424.0,54.99,45.01,9.71,93.99,23.54,70.44,5.56,0.0,0.24,100.0,0.07,2.74,22.55,40.6,13.32,10.93,0.07,72.4,3.6,4610.0,3774.0,814.0,7880.0,1974.0,5906.0,466.0,0.0,20.0,8384.0,6.0,230.0,1891.0,3404.0,1117.0,916.0,6.0,6070.0,302.0,11.74,4.72,10.62,0.08,65.72,0.0,0.48,5.41,0.0,0.0,0.18,0.16,0.0,0.1,92.75,7.25,0.0,14.4,7.42,1.83,56.68,5.01,0.76,37.55,0.0,100.0,47.3,29.07,0.0,0.0,714.0,287.0,646.0,5.0,3997.0,0.0,29.0,329.0,0.0,0.0,11.0,10.0,0.0,6.0,5641.0,441.0,0.0,876.0,451.0,111.0,3447.0,305.0,46.0,2284.0,0.0,6082.0,2877.0,1768.0,0.0,0.0,54.3,45.7,7.86,13.95,7.36,1.9,56.25,5.18,0.72,37.85,0.0,100.0,46.77,29.99,0.0,0.03,0.0,2.45,22.79,43.24,12.85,10.72,0.09,3460.0,2912.0,501.0,889.0,469.0,121.0,3584.0,330.0,46.0,2412.0,0.0,6372.0,2980.0,1911.0,0.0,2.0,0.0,156.0,1452.0,2755.0,819.0,683.0,6.0,11.7,4.73,10.93,0.08,65.62,0.0,0.45,5.22,0.0,0.0,0.17,0.16,0.0,0.17,56.33,5.17,0.72,37.78,0.0,100.0,19.11,16.43,38.33,26.11,747.0,302.0,698.0,5.0,4189.0,0.0,29.0,333.0,0.0,0.0,11.0,10.0,0.0,11.0,3596.0,330.0,46.0,2412.0,0.0,6384.0,1220.0,1049.0,2447.0,1667.0
3519071,49.92,50.08,1.34,88.11,11.79,0.05,49.21,8.41,0.4,41.87,0.05,100.0,6.99,15.58,32.35,29.34,8.01,3.88,2.51,30830.0,30929.0,830.0,54417.0,7283.0,28.0,30392.0,5194.0,249.0,25858.0,32.0,61759.0,4317.0,9621.0,19982.0,18118.0,4948.0,2394.0,1548.0,28752.0,11412.0,1213.0,399.0,7599.0,30830.0,30929.0,54417.0,7283.0,28.0,4903.0,9588.0,15627.0,12172.0,8117.0,10563.0,788.0,61759.0,7301.0,5082.0,55.62,44.38,3.17,58.81,11.56,47.25,36.1,0.01,1.65,100.0,1.29,6.65,25.78,41.46,13.88,7.73,0.04,81.08,2.24,64262.0,51266.0,3659.0,67941.0,13353.0,54587.0,41707.0,8.0,1902.0,115528.0,1488.0,7686.0,29780.0,47903.0,16033.0,8933.0,46.0,93675.0,2588.0,11.44,2.88,7.37,0.48,45.67,0.21,2.34,26.71,1.15,0.0,0.18,0.08,0.04,0.35,57.21,42.79,0.0,5.5,27.1,11.97,46.96,11.42,0.53,40.94,0.15,100.0,20.17,34.11,0.65,0.08,10732.0,2700.0,6913.0,450.0,42833.0,195.0,2195.0,25053.0,1081.0,0.0,170.0,78.0,33.0,329.0,53662.0,40129.0,0.0,5156.0,25419.0,11228.0,44041.0,10709.0,501.0,38401.0,138.0,93791.0,18922.0,31994.0,610.0,71.0,56.37,43.63,2.93,5.44,26.99,12.1,47.07,11.31,0.52,40.96,0.14,100.0,19.97,33.83,0.95,0.17,1.22,6.75,26.42,41.58,13.83,7.27,0.01,54290.0,42013.0,2826.0,5241.0,25989.0,11652.0,45327.0,10893.0,501.0,39444.0,138.0,96303.0,19235.0,32579.0,911.0,159.0,1171.0,6498.0,25440.0,40039.0,13320.0,6998.0,10.0,11.34,2.84,7.28,0.48,45.59,0.21,2.42,26.66,1.12,0.0,0.25,0.1,0.03,0.38,47.04,11.3,0.52,41.0,0.14,100.0,14.15,13.19,53.89,18.76,10938.0,2738.0,7018.0,461.0,43960.0,206.0,2333.0,25710.0,1083.0,0.0,245.0,100.0,33.0,370.0,45356.0,10900.0,501.0,39534.0,138.0,96430.0,13647.0,12722.0,51968.0,18093.0
3519105,49.68,50.32,0.42,91.07,8.93,0.0,71.39,2.61,0.25,25.79,0.0,100.0,10.45,16.94,37.59,25.45,5.23,1.81,2.15,1179.0,1194.0,10.0,2161.0,212.0,0.0,1694.0,62.0,6.0,612.0,0.0,2373.0,248.0,402.0,892.0,604.0,124.0,43.0,51.0,1107.0,442.0,26.0,18.0,183.0,1179.0,1194.0,2161.0,212.0,0.0,180.0,153.0,599.0,528.0,379.0,510.0,24.0,2373.0,229.0,368.0,58.93,41.1,2.28,91.15,9.43,81.72,7.82,0.0,0.0,100.0,2.73,7.58,30.81,42.11,9.52,5.01,0.0,87.3,2.26,2743.0,1913.0,106.0,4243.0,439.0,3804.0,364.0,0.0,0.0,4655.0,127.0,353.0,1434.0,1960.0,443.0,233.0,0.0,4064.0,105.0,27.73,6.77,6.74,0.59,34.55,0.0,2.71,19.56,0.0,0.0,0.1,0.0,0.0,0.12,92.15,7.85,0.0,16.63,16.46,2.04,66.58,4.92,0.81,27.68,0.0,100.0,35.68,28.76,0.0,0.0,1127.0,275.0,274.0,24.0,1404.0,0.0,110.0,795.0,0.0,0.0,4.0,0.0,0.0,5.0,3745.0,319.0,0.0,676.0,669.0,83.0,2706.0,200.0,33.0,1125.0,0.0,4064.0,1450.0,1169.0,0.0,0.0,59.53,40.44,1.97,16.45,17.01,2.25,66.78,4.89,0.79,27.51,0.0,100.0,35.07,28.57,0.22,0.0,2.49,7.94,30.94,42.22,9.74,4.68,0.0,2482.0,1686.0,82.0,686.0,709.0,94.0,2784.0,204.0,33.0,1147.0,0.0,4169.0,1462.0,1191.0,9.0,0.0,104.0,331.0,1290.0,1760.0,406.0,195.0,0.0,27.15,6.6,6.79,0.58,35.52,0.0,2.64,19.41,0.0,0.0,0.1,0.0,0.0,0.12,66.78,4.89,0.79,27.51,0.0,100.0,22.69,14.75,45.65,16.91,1132.0,275.0,283.0,24.0,1481.0,0.0,110.0,809.0,0.0,0.0,4.0,0.0,0.0,5.0,2784.0,204.0,33.0,1147.0,0.0,4169.0,946.0,615.0,1903.0,705.0
3519204,50.88,49.04,0.8,76.24,23.76,0.0,57.44,2.64,0.72,39.28,0.0,100.0,11.28,26.24,37.44,16.56,4.24,3.2,0.24,636.0,613.0,10.0,953.0,297.0,0.0,718.0,33.0,9.0,491.0,0.0,1250.0,141.0,328.0,468.0,207.0,53.0,40.0,3.0,661.0,215.0,16.0,20.0,112.0,636.0,613.0,953.0,297.0,0.0,74.0,103.0,329.0,325.0,211.0,183.0,26.0,1250.0,87.0,139.0,61.85,38.11,1.44,75.54,16.52,59.02,20.94,0.11,2.62,100.0,2.19,12.9,33.19,36.96,7.76,5.57,0.0,76.9,3.05,1722.0,1061.0,40.0,2103.0,460.0,1643.0,583.0,3.0,73.0,2784.0,61.0,359.0,924.0,1029.0,216.0,155.0,0.0,2141.0,85.0,24.61,3.55,12.38,1.12,35.59,0.0,4.44,14.43,0.0,0.0,1.35,0.0,0.14,0.7,74.22,25.78,0.0,15.69,14.53,2.76,50.54,5.7,0.75,42.88,0.14,100.0,34.42,31.62,0.19,0.0,527.0,76.0,265.0,24.0,762.0,0.0,95.0,309.0,0.0,0.0,29.0,0.0,3.0,15.0,1589.0,552.0,0.0,336.0,311.0,59.0,1082.0,122.0,16.0,918.0,3.0,2141.0,737.0,677.0,4.0,0.0,59.58,40.47,1.66,15.93,14.31,2.87,50.43,5.92,0.72,42.84,0.13,100.0,34.1,31.31,0.4,0.13,2.24,13.95,33.83,35.13,7.99,5.25,0.0,1328.0,902.0,37.0,355.0,319.0,64.0,1124.0,132.0,16.0,955.0,3.0,2229.0,760.0,698.0,9.0,3.0,50.0,311.0,754.0,783.0,178.0,117.0,0.0,24.5,3.54,12.34,1.08,35.89,0.0,4.26,14.18,0.0,0.0,1.44,0.0,0.13,0.81,50.43,5.92,0.72,42.84,0.13,100.0,25.75,16.51,38.18,19.61,546.0,79.0,275.0,24.0,800.0,0.0,95.0,316.0,0.0,0.0,32.0,0.0,3.0,18.0,1124.0,132.0,16.0,955.0,3.0,2229.0,574.0,368.0,851.0,437.0
3519253,51.15,48.85,0.41,89.42,10.04,0.54,52.65,4.82,0.0,42.61,0.0,100.0,11.26,28.56,36.64,16.01,4.0,1.09,2.04,754.0,720.0,6.0,1318.0,148.0,8.0,776.0,71.0,0.0,628.0,0.0,1474.0,166.0,421.0,540.0,236.0,59.0,16.0,30.0,794.0,221.0,11.0,4.0,110.0,754.0,720.0,1318.0,148.0,8.0,99.0,73.0,447.0,337.0,247.0,265.0,6.0,1474.0,108.0,227.0,59.18,40.82,2.15,87.29,18.49,68.81,10.72,0.0,1.77,100.0,2.49,14.23,35.16,34.66,7.98,3.38,0.0,76.57,2.91,1402.0,967.0,51.0,2068.0,438.0,1630.0,254.0,0.0,42.0,2369.0,59.0,337.0,833.0,821.0,189.0,80.0,0.0,1814.0,69.0,23.74,11.0,9.46,0.33,36.65,0.0,3.12,13.62,0.0,0.0,0.22,0.0,0.0,1.2,88.68,11.32,0.0,16.96,14.88,2.95,57.06,5.25,0.0,37.69,0.0,100.0,33.21,31.46,0.55,0.0,434.0,201.0,173.0,6.0,670.0,0.0,57.0,249.0,0.0,0.0,4.0,0.0,0.0,22.0,1621.0,207.0,0.0,310.0,272.0,54.0,1043.0,96.0,0.0,689.0,0.0,1828.0,607.0,575.0,10.0,0.0,60.35,39.65,1.7,16.83,15.82,3.5,58.01,5.1,0.0,36.89,0.0,100.0,32.01,30.52,1.11,0.21,1.22,15.18,35.93,34.71,7.8,3.4,0.0,1137.0,747.0,32.0,317.0,298.0,66.0,1093.0,96.0,0.0,695.0,0.0,1884.0,603.0,575.0,21.0,4.0,23.0,286.0,677.0,654.0,147.0,64.0,0.0,22.88,11.02,9.12,0.32,37.37,0.0,3.22,14.07,0.0,0.0,0.21,0.0,0.0,1.16,58.09,5.06,0.0,36.85,0.0,100.0,26.94,14.76,41.86,16.45,434.0,209.0,173.0,6.0,709.0,0.0,61.0,267.0,0.0,0.0,4.0,0.0,0.0,22.0,1102.0,96.0,0.0,699.0,0.0,1897.0,511.0,280.0,794.0,312.0
3519303,50.1,49.9,0.63,90.21,9.79,0.0,51.95,3.77,0.08,43.96,0.22,100.0,8.65,25.62,38.13,19.26,3.63,2.37,1.72,4129.0,4113.0,52.0,7435.0,807.0,0.0,4282.0,311.0,7.0,3623.0,18.0,8242.0,713.0,2112.0,3143.0,1587.0,299.0,195.0,142.0,4190.0,1456.0,130.0,83.0,649.0,4129.0,4113.0,7435.0,807.0,0.0,713.0,1080.0,2225.0,1614.0,1112.0,1418.0,81.0,8242.0,680.0,1053.0,59.52,40.47,1.24,66.15,10.79,55.36,31.21,0.0,0.45,100.0,0.99,9.48,34.33,39.95,9.04,4.97,0.0,83.89,2.68,8867.0,6029.0,184.0,9855.0,1608.0,8247.0,4649.0,0.0,67.0,14897.0,148.0,1412.0,5114.0,5951.0,1346.0,741.0,0.0,12497.0,399.0,13.77,7.46,6.6,1.28,36.81,0.1,5.35,25.15,0.0,0.0,0.42,0.0,0.18,0.64,64.53,35.47,0.0,6.48,22.18,7.57,53.65,9.03,0.06,37.26,0.0,100.0,20.68,41.48,0.07,0.0,1721.0,932.0,825.0,160.0,4600.0,12.0,669.0,3143.0,0.0,0.0,52.0,0.0,22.0,80.0,8064.0,4433.0,0.0,810.0,2772.0,946.0,6705.0,1129.0,7.0,4656.0,0.0,12497.0,2585.0,5184.0,9.0,0.0,60.67,39.34,1.32,6.28,21.84,8.41,53.85,8.84,0.05,37.26,0.0,100.0,20.39,40.77,0.73,0.09,1.04,9.41,33.75,40.32,9.36,4.8,0.0,7824.0,5073.0,170.0,810.0,2816.0,1085.0,6944.0,1140.0,7.0,4805.0,0.0,12896.0,2630.0,5258.0,94.0,11.0,134.0,1214.0,4353.0,5200.0,1207.0,619.0,0.0,13.56,7.23,6.49,1.24,37.47,0.09,5.19,24.65,0.0,0.0,0.72,0.0,0.17,0.87,53.85,8.84,0.05,37.26,0.0,100.0,22.79,17.98,46.48,12.74,1749.0,932.0,837.0,160.0,4832.0,12.0,669.0,3179.0,0.0,0.0,93.0,0.0,22.0,112.0,6944.0,1140.0,7.0,4805.0,0.0,12896.0,2939.0,2319.0,5994.0,1643.0
3519402,48.47,51.49,0.6,82.69,17.01,0.3,69.78,2.22,0.43,27.54,0.0,100.0,5.33,17.99,32.99,32.35,7.8,2.39,0.55,1137.0,1208.0,14.0,1940.0,399.0,7.0,1637.0,52.0,10.0,646.0,0.0,2346.0,125.0,422.0,774.0,759.0,183.0,56.0,13.0,1231.0,365.0,34.0,3.0,208.0,1137.0,1208.0,1940.0,399.0,7.0,184.0,164.0,678.0,494.0,377.0,448.0,0.0,2346.0,261.0,244.0,57.51,42.49,2.8,79.16,12.79,66.37,18.64,0.0,1.61,100.0,0.5,6.74,24.29,47.63,11.87,6.15,0.0,83.78,1.25,3364.0,2485.0,164.0,4630.0,748.0,3882.0,1090.0,0.0,94.0,5849.0,29.0,394.0,1421.0,2786.0,694.0,360.0,0.0,4900.0,73.0,27.06,6.31,9.84,0.29,38.22,0.06,2.67,14.08,0.0,0.0,0.65,0.08,0.0,0.0,79.1,20.9,0.0,20.04,17.27,1.31,68.69,4.35,0.29,26.67,0.0,100.0,33.51,27.55,0.31,0.0,1326.0,309.0,482.0,14.0,1873.0,3.0,131.0,690.0,0.0,0.0,32.0,4.0,0.0,0.0,3876.0,1024.0,0.0,982.0,846.0,64.0,3366.0,213.0,14.0,1307.0,0.0,4900.0,1642.0,1350.0,15.0,0.0,59.09,40.93,2.94,19.75,17.24,1.87,68.5,4.49,0.28,26.75,0.0,100.0,33.02,27.31,0.42,0.38,0.46,6.4,24.09,48.27,12.01,5.85,0.0,2938.0,2035.0,146.0,982.0,857.0,93.0,3406.0,223.0,14.0,1330.0,0.0,4972.0,1642.0,1358.0,21.0,19.0,23.0,318.0,1198.0,2400.0,597.0,291.0,0.0,26.67,6.21,9.69,0.28,38.44,0.06,2.72,14.08,0.0,0.0,0.99,0.08,0.0,0.08,68.5,4.49,0.28,26.75,0.0,100.0,24.28,16.09,43.44,16.19,1326.0,309.0,482.0,14.0,1911.0,3.0,135.0,700.0,0.0,0.0,49.0,4.0,0.0,4.0,3406.0,223.0,14.0,1330.0,0.0,4972.0,1207.0,800.0,2160.0,805.0
3519501,49.91,50.09,0.25,76.79,22.71,0.0,69.77,3.04,0.19,26.76,0.0,100.0,8.22,25.87,36.81,22.9,4.17,1.52,0.38,789.0,792.0,4.0,1214.0,359.0,0.0,1103.0,48.0,3.0,423.0,0.0,1581.0,130.0,409.0,582.0,362.0,66.0,24.0,6.0,733.0,233.0,33.0,2.0,233.0,789.0,792.0,1214.0,359.0,0.0,169.0,158.0,426.0,280.0,217.0,324.0,6.0,1581.0,186.0,160.0,60.92,39.08,2.07,84.31,11.51,72.8,14.75,0.0,0.1,100.0,1.41,10.71,35.4,37.3,9.87,3.25,0.0,78.35,9.17,1821.0,1168.0,62.0,2520.0,344.0,2176.0,441.0,0.0,3.0,2989.0,42.0,320.0,1058.0,1115.0,295.0,97.0,0.0,2342.0,274.0,12.43,30.91,7.6,0.13,26.9,0.0,3.5,16.52,0.0,0.0,1.24,0.0,0.0,0.38,83.56,16.44,0.0,22.33,9.48,2.69,68.79,5.64,0.13,25.45,0.0,100.0,37.45,27.37,0.56,0.0,291.0,724.0,178.0,3.0,630.0,0.0,82.0,387.0,0.0,0.0,29.0,0.0,0.0,9.0,1957.0,385.0,0.0,523.0,222.0,63.0,1611.0,132.0,3.0,596.0,0.0,2342.0,877.0,641.0,13.0,0.0,61.74,38.3,2.18,21.83,9.98,2.79,69.42,5.73,0.11,24.73,0.0,100.0,36.2,28.02,0.96,0.0,1.49,10.97,35.32,37.12,9.4,3.56,0.0,1615.0,1002.0,57.0,571.0,261.0,73.0,1816.0,150.0,3.0,647.0,0.0,2616.0,947.0,733.0,25.0,0.0,39.0,287.0,924.0,971.0,246.0,93.0,0.0,12.46,30.85,6.92,0.34,27.1,0.0,3.52,16.48,0.0,0.0,1.53,0.0,0.0,0.46,69.42,5.73,0.11,24.73,0.0,100.0,22.4,16.02,44.3,17.28,326.0,807.0,181.0,9.0,709.0,0.0,92.0,431.0,0.0,0.0,40.0,0.0,0.0,12.0,1816.0,150.0,3.0,647.0,0.0,2616.0,586.0,419.0,1159.0,452.0
3519600,50.61,49.39,0.18,96.12,3.88,0.0,66.77,3.62,0.0,29.6,0.0,100.0,6.62,19.85,40.27,23.46,4.47,2.41,2.74,6324.0,6172.0,23.0,12011.0,485.0,0.0,8344.0,452.0,0.0,3699.0,0.0,12496.0,827.0,2480.0,5032.0,2932.0,559.0,301.0,343.0,6259.0,2097.0,101.0,188.0,815.0,6324.0,6172.0,12011.0,485.0,0.0,829.0,945.0,3544.0,2915.0,1630.0,2529.0,105.0,12496.0,1415.0,1621.0,55.02,44.98,1.67,94.11,12.6,81.51,3.29,0.0,0.36,100.0,0.92,7.01,32.68,44.4,9.63,3.69,0.0,82.67,2.13,16970.0,13871.0,515.0,29023.0,3886.0,25138.0,1016.0,0.0,112.0,30841.0,283.0,2163.0,10080.0,13692.0,2969.0,1138.0,0.0,25497.0,657.0,18.12,4.74,24.5,1.58,39.56,0.08,0.85,9.1,0.0,0.0,0.23,0.0,0.0,0.15,96.77,3.23,0.0,13.62,9.08,10.18,65.89,5.79,0.21,28.0,0.11,100.0,42.94,23.92,0.13,0.0,4623.0,1210.0,6250.0,404.0,10090.0,21.0,217.0,2321.0,0.0,0.0,59.0,0.0,0.0,37.0,24683.0,824.0,0.0,3475.0,2315.0,2597.0,16806.0,1477.0,53.0,7142.0,29.0,25508.0,10953.0,6102.0,32.0,0.0,56.15,43.85,1.71,13.57,9.19,10.46,65.75,5.77,0.2,28.17,0.11,100.0,42.46,23.58,0.28,0.23,0.74,6.25,33.06,45.06,9.57,3.62,0.0,14685.0,11469.0,446.0,3549.0,2403.0,2735.0,17195.0,1509.0,53.0,7368.0,29.0,26154.0,11105.0,6167.0,74.0,61.0,193.0,1634.0,8647.0,11785.0,2504.0,946.0,0.0,18.1,4.66,24.13,1.61,39.61,0.08,0.83,9.35,0.0,0.0,0.28,0.0,0.0,0.14,65.76,5.77,0.2,28.16,0.11,100.0,27.59,21.09,41.11,10.21,4736.0,1220.0,6314.0,422.0,10364.0,21.0,217.0,2447.0,0.0,0.0,74.0,0.0,0.0,37.0,17205.0,1509.0,53.0,7368.0,29.0,26164.0,7219.0,5519.0,10755.0,2671.0
3519709,48.63,51.37,1.22,89.72,10.15,0.08,57.98,3.45,1.34,37.21,0.03,100.0,9.0,24.09,36.44,19.19,5.43,2.54,2.08,8586.0,9071.0,216.0,15842.0,1792.0,14.0,10237.0,610.0,236.0,6570.0,5.0,17657.0,1590.0,4253.0,6435.0,3389.0,959.0,449.0,368.0,9976.0,3077.0,266.0,57.0,1268.0,8586.0,9071.0,15842.0,1792.0,14.0,1157.0,1880.0,5053.0,4004.0,2551.0,2584.0,428.0,17657.0,1024.0,1990.0,59.73,40.27,2.45,90.32,18.46,71.86,8.92,0.03,0.36,100.0,2.18,11.71,35.63,34.21,9.72,4.06,0.04,78.47,2.33,20780.0,14007.0,851.0,31420.0,6423.0,24997.0,3102.0,9.0,125.0,34787.0,760.0,4075.0,12395.0,11900.0,3381.0,1412.0,14.0,27299.0,809.0,21.96,1.13,13.45,0.15,42.38,0.06,1.4,15.93,0.0,0.04,1.03,0.11,0.04,1.34,89.69,10.31,0.0,8.33,20.43,6.11,57.61,5.38,2.87,34.07,0.06,100.0,25.87,38.82,0.21,0.0,5996.0,308.0,3672.0,42.0,11569.0,17.0,382.0,4349.0,0.0,12.0,281.0,29.0,12.0,367.0,24485.0,2814.0,0.0,2274.0,5576.0,1668.0,15728.0,1470.0,783.0,9302.0,17.0,27299.0,7062.0,10597.0,58.0,0.0,59.86,40.14,2.42,8.22,20.6,6.39,57.52,5.39,2.79,34.24,0.06,100.0,25.62,38.1,0.53,0.17,2.11,11.68,36.42,33.81,9.45,4.07,0.05,16825.0,11283.0,681.0,2311.0,5791.0,1796.0,16168.0,1516.0,784.0,9624.0,17.0,28108.0,7202.0,10708.0,149.0,47.0,592.0,3282.0,10237.0,9504.0,2655.0,1143.0,14.0,21.95,1.1,13.23,0.19,42.14,0.1,1.36,16.17,0.0,0.04,1.12,0.1,0.04,1.31,57.52,5.39,2.79,34.24,0.06,100.0,26.7,18.95,39.76,14.59,6169.0,308.0,3719.0,53.0,11846.0,27.0,382.0,4545.0,0.0,12.0,315.0,29.0,12.0,367.0,16168.0,1516.0,784.0,9624.0,17.0,28108.0,7504.0,5327.0,11176.0,4101.0
3519808,49.64,50.41,0.66,83.71,16.34,0.0,54.72,4.91,0.22,40.09,0.0,100.0,4.91,20.54,36.39,25.9,6.63,3.31,1.71,899.0,913.0,12.0,1516.0,296.0,0.0,991.0,89.0,4.0,726.0,0.0,1811.0,89.0,372.0,659.0,469.0,120.0,60.0,31.0,856.0,321.0,17.0,33.0,219.0,899.0,913.0,1516.0,296.0,0.0,188.0,240.0,474.0,321.0,242.0,292.0,54.0,1811.0,177.0,189.0,56.84,43.16,3.35,79.56,13.71,65.85,18.16,0.0,1.15,100.0,1.1,8.63,30.48,40.07,11.49,4.88,0.0,76.33,7.68,1969.0,1495.0,116.0,2756.0,475.0,2281.0,629.0,0.0,40.0,3464.0,38.0,299.0,1056.0,1388.0,398.0,169.0,0.0,2644.0,266.0,24.05,8.89,5.71,0.19,36.2,0.0,2.99,20.16,0.0,0.0,0.34,0.0,0.0,0.34,79.65,20.35,0.0,16.04,18.87,5.82,49.43,7.26,0.64,42.66,0.0,100.0,33.4,25.08,0.34,0.0,636.0,235.0,151.0,5.0,957.0,0.0,79.0,533.0,0.0,0.0,9.0,0.0,0.0,9.0,2106.0,538.0,0.0,424.0,499.0,154.0,1307.0,192.0,17.0,1128.0,0.0,2644.0,883.0,663.0,9.0,0.0,57.08,42.89,2.96,15.43,19.76,5.81,49.69,7.42,0.58,42.3,0.0,100.0,31.96,25.09,0.89,0.58,0.58,8.56,31.07,41.75,11.24,3.81,0.0,1661.0,1248.0,86.0,449.0,575.0,169.0,1446.0,216.0,17.0,1231.0,0.0,2910.0,930.0,730.0,26.0,17.0,17.0,249.0,904.0,1215.0,327.0,111.0,0.0,23.95,8.63,5.77,0.17,37.35,0.0,2.71,19.42,0.0,0.0,0.45,0.0,0.0,0.31,49.69,7.42,0.58,42.3,0.0,100.0,25.09,15.95,44.74,14.19,697.0,251.0,168.0,5.0,1087.0,0.0,79.0,565.0,0.0,0.0,13.0,0.0,0.0,9.0,1446.0,216.0,17.0,1231.0,0.0,2910.0,730.0,464.0,1302.0,413.0
3519907,47.27,52.73,1.33,92.69,7.37,0.0,68.93,2.92,0.0,28.14,0.0,100.0,7.43,30.18,31.19,22.43,5.46,1.4,0.64,744.0,830.0,21.0,1459.0,116.0,0.0,1085.0,46.0,0.0,443.0,0.0,1574.0,117.0,475.0,491.0,353.0,86.0,22.0,10.0,820.0,245.0,0.0,0.0,122.0,744.0,830.0,1459.0,116.0,0.0,94.0,42.0,449.0,391.0,247.0,352.0,0.0,1574.0,174.0,214.0,58.64,41.36,1.61,85.2,9.62,75.58,13.67,0.0,1.13,100.0,2.74,10.48,31.86,40.2,9.02,4.11,0.0,86.72,2.53,1969.0,1389.0,54.0,2861.0,323.0,2538.0,459.0,0.0,38.0,3358.0,92.0,352.0,1070.0,1350.0,303.0,138.0,0.0,2912.0,85.0,34.0,3.37,8.69,0.24,43.61,0.0,3.4,5.7,0.0,0.0,0.62,0.07,0.0,0.34,85.58,14.42,0.0,28.74,15.25,6.22,69.3,3.95,0.24,26.51,0.0,100.0,26.99,22.49,0.31,0.0,990.0,98.0,253.0,7.0,1270.0,0.0,99.0,166.0,0.0,0.0,18.0,2.0,0.0,10.0,2492.0,420.0,0.0,837.0,444.0,181.0,2018.0,115.0,7.0,772.0,0.0,2912.0,786.0,655.0,9.0,0.0,58.32,41.68,1.57,28.13,15.35,6.41,68.4,3.97,0.23,27.43,0.0,100.0,26.46,23.02,0.63,0.0,2.17,10.41,31.93,40.77,9.34,3.8,0.0,1748.0,1249.0,47.0,843.0,460.0,192.0,2050.0,119.0,7.0,822.0,0.0,2997.0,793.0,690.0,19.0,0.0,65.0,312.0,957.0,1222.0,280.0,114.0,0.0,33.43,3.64,8.84,0.23,43.34,0.0,3.3,6.04,0.0,0.0,0.77,0.07,0.0,0.33,68.4,3.97,0.23,27.43,0.0,100.0,20.52,10.84,50.98,17.62,1002.0,109.0,265.0,7.0,1299.0,0.0,99.0,181.0,0.0,0.0,23.0,2.0,0.0,10.0,2050.0,119.0,7.0,822.0,0.0,2997.0,615.0,325.0,1528.0,528.0
3520004,50.85,49.13,0.25,87.52,12.48,0.0,54.29,9.17,0.0,36.37,0.15,100.0,8.66,24.8,35.77,24.54,2.84,1.06,2.1,2690.0,2599.0,13.0,4630.0,660.0,0.0,2872.0,485.0,0.0,1924.0,8.0,5290.0,458.0,1312.0,1892.0,1298.0,150.0,56.0,111.0,2773.0,937.0,66.0,35.0,387.0,2690.0,2599.0,4630.0,660.0,0.0,348.0,681.0,1316.0,1146.0,776.0,951.0,70.0,5290.0,550.0,542.0,60.34,39.66,0.89,66.9,13.21,53.69,29.21,0.0,1.51,100.0,1.79,8.75,29.48,42.69,11.11,5.28,0.0,79.9,3.01,6258.0,4114.0,92.0,6939.0,1370.0,5569.0,3030.0,0.0,157.0,10372.0,186.0,908.0,3058.0,4428.0,1152.0,548.0,0.0,8287.0,312.0,18.99,3.63,9.65,0.58,31.67,0.0,5.79,26.44,0.0,0.0,0.37,0.14,0.13,0.38,66.48,33.52,0.0,8.94,17.15,6.43,56.17,10.0,0.21,33.23,0.38,100.0,21.17,44.38,0.0,0.0,1601.0,306.0,814.0,49.0,2670.0,0.0,488.0,2229.0,0.0,0.0,31.0,12.0,11.0,32.0,5606.0,2826.0,0.0,754.0,1446.0,542.0,4736.0,843.0,18.0,2802.0,32.0,8432.0,1785.0,3742.0,0.0,0.0,61.57,38.43,0.63,8.91,17.03,6.62,56.92,10.13,0.21,32.36,0.37,100.0,21.26,44.64,0.79,0.23,1.2,9.19,30.55,43.43,10.58,4.43,0.0,5295.0,3305.0,54.0,766.0,1465.0,569.0,4895.0,871.0,18.0,2783.0,32.0,8600.0,1828.0,3839.0,68.0,20.0,103.0,790.0,2627.0,3735.0,910.0,381.0,0.0,18.61,3.5,9.45,0.66,31.87,0.0,5.81,26.2,0.0,0.0,0.83,0.14,0.13,0.37,56.44,10.2,0.21,32.78,0.37,100.0,25.3,17.11,46.21,11.38,1627.0,306.0,826.0,58.0,2787.0,0.0,508.0,2291.0,0.0,0.0,73.0,12.0,11.0,32.0,4935.0,892.0,18.0,2866.0,32.0,8744.0,2212.0,1496.0,4041.0,995.0
3520103,50.74,49.27,0.42,89.41,10.59,0.0,53.24,8.44,0.37,37.96,0.0,100.0,4.73,21.92,38.44,25.32,4.2,2.38,2.59,3176.0,3084.0,26.0,5596.0,663.0,0.0,3332.0,528.0,23.0,2376.0,0.0,6259.0,296.0,1372.0,2406.0,1585.0,263.0,149.0,162.0,3117.0,1104.0,47.0,89.0,686.0,3176.0,3084.0,5596.0,663.0,0.0,611.0,767.0,1640.0,1257.0,851.0,1034.0,99.0,6259.0,706.0,510.0,57.27,42.74,1.84,85.44,12.2,73.26,13.15,0.0,0.8,100.0,1.21,9.77,32.0,40.55,9.04,5.58,0.0,79.32,7.1,6457.0,4818.0,208.0,9633.0,1375.0,8259.0,1483.0,0.0,90.0,11274.0,136.0,1102.0,3608.0,4572.0,1019.0,629.0,0.0,8942.0,800.0,24.57,2.36,6.48,0.53,40.45,0.0,4.38,19.24,0.0,0.0,0.65,0.0,0.08,0.08,84.62,15.38,0.0,12.88,15.97,3.91,51.07,8.28,0.76,39.89,0.0,100.0,30.16,36.11,0.7,0.0,2197.0,211.0,579.0,47.0,3617.0,0.0,392.0,1720.0,0.0,0.0,58.0,0.0,7.0,7.0,7567.0,1375.0,0.0,1152.0,1428.0,350.0,4567.0,740.0,68.0,3567.0,0.0,8942.0,2697.0,3229.0,63.0,0.0,57.63,42.37,2.05,12.26,16.62,6.65,49.35,8.8,0.7,41.15,0.0,100.0,28.41,34.58,1.02,0.23,1.13,9.52,32.9,39.65,8.86,5.88,0.0,5614.0,4128.0,200.0,1194.0,1619.0,648.0,4808.0,857.0,68.0,4009.0,0.0,9742.0,2768.0,3369.0,99.0,22.0,110.0,927.0,3205.0,3863.0,863.0,573.0,0.0,25.14,2.31,6.22,0.48,39.76,0.0,4.18,19.42,0.0,0.0,0.82,0.0,0.07,0.27,49.35,8.8,0.7,41.15,0.0,100.0,23.85,18.31,39.74,18.11,2449.0,225.0,606.0,47.0,3873.0,0.0,407.0,1892.0,0.0,0.0,80.0,0.0,7.0,26.0,4808.0,857.0,68.0,4009.0,0.0,9742.0,2323.0,1784.0,3871.0,1764.0
3520202,49.68,50.32,4.91,86.87,12.97,0.2,61.17,3.75,0.24,34.84,0.0,100.0,11.65,26.3,29.45,20.83,4.43,1.84,0.6,1245.0,1261.0,123.0,2177.0,325.0,5.0,1533.0,94.0,6.0,873.0,0.0,2506.0,292.0,659.0,738.0,522.0,111.0,46.0,15.0,1208.0,524.0,14.0,14.0,245.0,1245.0,1261.0,2177.0,325.0,5.0,204.0,249.0,685.0,522.0,407.0,406.0,33.0,2506.0,190.0,312.0,60.34,39.68,3.15,86.09,19.18,66.91,11.66,0.0,0.68,100.0,2.38,12.29,32.06,34.89,9.98,5.26,0.0,75.83,2.74,3215.0,2114.0,168.0,4587.0,1022.0,3565.0,621.0,0.0,36.0,5328.0,127.0,655.0,1708.0,1859.0,532.0,280.0,0.0,4040.0,146.0,32.68,1.29,10.9,0.52,39.85,0.0,1.29,11.55,0.0,0.0,0.44,0.0,0.0,0.47,85.96,14.04,0.0,15.35,18.71,4.92,59.38,8.16,0.44,32.01,0.0,100.0,26.8,32.66,1.04,0.0,1322.0,52.0,441.0,21.0,1612.0,0.0,52.0,467.0,0.0,0.0,18.0,0.0,0.0,19.0,3477.0,568.0,0.0,621.0,757.0,199.0,2402.0,330.0,18.0,1295.0,0.0,4045.0,1084.0,1321.0,42.0,0.0,60.2,39.78,3.87,14.84,19.09,5.54,59.99,8.03,0.43,31.58,0.0,100.0,26.76,32.01,1.1,0.0,2.44,11.49,31.53,35.59,9.82,5.26,0.0,2520.0,1665.0,162.0,621.0,799.0,232.0,2511.0,336.0,18.0,1322.0,0.0,4186.0,1120.0,1340.0,46.0,0.0,102.0,481.0,1320.0,1490.0,411.0,220.0,0.0,31.64,1.24,11.0,0.5,40.52,0.0,1.24,11.86,0.0,0.0,0.43,0.0,0.0,0.45,59.91,8.02,0.43,31.66,0.0,100.0,27.61,18.71,40.16,13.53,1326.0,52.0,461.0,21.0,1698.0,0.0,52.0,497.0,0.0,0.0,18.0,0.0,0.0,19.0,2511.0,336.0,18.0,1327.0,0.0,4191.0,1157.0,784.0,1683.0,567.0
3520301,50.52,49.48,0.48,91.51,8.51,0.0,57.02,2.48,0.9,38.0,1.6,100.0,13.66,27.38,30.19,18.0,4.98,3.51,1.81,3480.0,3409.0,33.0,6304.0,586.0,0.0,3928.0,171.0,62.0,2618.0,110.0,6889.0,941.0,1886.0,2080.0,1240.0,343.0,242.0,125.0,3477.0,1380.0,53.0,33.0,698.0,3480.0,3409.0,6304.0,586.0,0.0,494.0,799.0,1962.0,1455.0,1055.0,1022.0,103.0,6889.0,547.0,702.0,56.79,43.2,2.36,87.5,17.62,69.88,11.44,0.0,0.45,100.0,4.13,15.69,32.31,32.22,7.86,5.44,0.0,76.14,5.18,7266.0,5528.0,302.0,11195.0,2254.0,8941.0,1464.0,0.0,57.0,12795.0,528.0,2007.0,4134.0,4122.0,1006.0,696.0,0.0,9742.0,663.0,24.21,31.81,7.3,0.1,25.12,0.55,1.03,7.48,0.0,0.0,0.1,0.0,1.27,0.09,87.27,12.73,0.0,13.69,12.05,3.48,51.79,5.36,1.18,41.18,0.47,100.0,33.72,35.8,0.45,0.0,2361.0,3102.0,712.0,10.0,2450.0,54.0,100.0,729.0,0.0,0.0,10.0,0.0,124.0,9.0,8511.0,1241.0,0.0,1335.0,1175.0,339.0,5051.0,523.0,115.0,4016.0,46.0,9752.0,3288.0,3491.0,44.0,0.0,56.99,43.01,2.27,13.01,12.84,4.05,51.27,5.44,1.11,41.74,0.44,100.0,33.4,34.75,1.02,0.09,3.4,15.85,32.3,32.01,7.78,6.38,0.0,5930.0,4475.0,236.0,1354.0,1336.0,421.0,5335.0,566.0,115.0,4343.0,46.0,10405.0,3475.0,3616.0,106.0,9.0,354.0,1649.0,3361.0,3331.0,810.0,664.0,0.0,23.62,31.78,7.05,0.1,25.62,0.63,0.96,7.35,0.0,0.19,0.1,0.0,1.29,0.09,51.32,5.43,1.1,41.7,0.44,100.0,21.77,14.59,46.44,17.19,2460.0,3310.0,734.0,10.0,2668.0,66.0,100.0,766.0,0.0,20.0,10.0,0.0,134.0,9.0,5345.0,566.0,115.0,4343.0,46.0,10415.0,2267.0,1520.0,4837.0,1790.0
3520400,49.75,50.23,3.42,89.02,10.72,0.26,50.43,6.82,0.42,41.76,0.58,100.0,2.2,16.46,35.14,28.57,7.28,5.77,1.16,4660.0,4705.0,320.0,8338.0,1004.0,24.0,4723.0,639.0,39.0,3911.0,54.0,9366.0,206.0,1542.0,3291.0,2676.0,682.0,540.0,109.0,4600.0,1637.0,218.0,64.0,1004.0,4660.0,4705.0,8338.0,1004.0,24.0,736.0,1222.0,2340.0,1932.0,1315.0,1675.0,147.0,9366.0,987.0,856.0,55.17,44.84,5.49,96.25,13.53,82.73,2.54,0.0,0.78,100.0,0.76,6.03,26.32,40.02,13.0,8.38,0.0,83.21,1.92,10782.0,8763.0,1073.0,18813.0,2644.0,16169.0,497.0,0.0,153.0,19545.0,149.0,1178.0,5145.0,7821.0,2541.0,1638.0,0.0,16264.0,376.0,18.97,9.7,23.71,0.06,29.16,0.0,0.07,16.15,0.0,0.0,0.12,0.16,0.77,0.13,97.5,2.5,0.0,12.49,15.96,1.52,47.01,9.45,0.17,42.96,0.42,100.0,27.77,41.9,0.07,0.0,3093.0,1582.0,3866.0,9.0,4755.0,0.0,12.0,2633.0,0.0,0.0,19.0,26.0,125.0,21.0,15899.0,407.0,0.0,2037.0,2603.0,248.0,7665.0,1541.0,28.0,7005.0,68.0,16306.0,4528.0,6833.0,11.0,0.0,55.86,44.15,4.24,12.36,15.94,1.68,46.93,9.43,0.17,43.06,0.41,100.0,27.34,41.68,0.36,0.01,0.86,6.29,27.9,41.28,12.05,7.37,0.0,9309.0,7358.0,707.0,2060.0,2657.0,280.0,7821.0,1572.0,28.0,7177.0,68.0,16666.0,4557.0,6946.0,60.0,2.0,144.0,1048.0,4650.0,6879.0,2009.0,1229.0,0.0,19.04,9.67,23.36,0.05,28.78,0.0,0.07,16.1,0.0,0.0,0.11,0.24,1.0,0.18,47.01,9.41,0.17,43.01,0.41,100.0,20.48,19.26,42.39,17.88,3181.0,1616.0,3904.0,9.0,4809.0,0.0,12.0,2691.0,0.0,0.0,19.0,40.0,167.0,30.0,7855.0,1572.0,28.0,7187.0,68.0,16710.0,3422.0,3218.0,7083.0,2988.0
3520426,49.86,50.14,0.51,83.51,16.49,0.0,56.23,4.74,1.05,37.37,0.61,100.0,14.35,25.52,33.31,17.03,4.47,2.67,2.13,1473.0,1481.0,15.0,2467.0,487.0,0.0,1661.0,140.0,31.0,1104.0,18.0,2954.0,424.0,754.0,984.0,503.0,132.0,79.0,63.0,1531.0,500.0,20.0,4.0,292.0,1473.0,1481.0,2467.0,487.0,0.0,175.0,317.0,808.0,656.0,439.0,541.0,19.0,2954.0,294.0,313.0,57.04,42.96,2.4,86.22,18.36,67.86,12.92,0.0,0.31,100.0,3.22,12.61,34.21,29.82,12.05,5.73,0.0,76.2,4.58,2778.0,2092.0,117.0,4199.0,894.0,3305.0,629.0,0.0,15.0,4870.0,157.0,614.0,1666.0,1452.0,587.0,279.0,0.0,3711.0,223.0,21.16,25.95,8.5,0.16,35.74,0.0,0.0,7.31,0.0,0.0,0.27,0.0,0.13,0.0,86.99,12.99,0.0,12.34,8.58,7.99,56.52,6.67,0.43,36.14,0.24,100.0,37.67,32.83,0.3,0.0,787.0,965.0,316.0,6.0,1329.0,0.0,0.0,272.0,0.0,0.0,10.0,0.0,5.0,0.0,3235.0,483.0,0.0,459.0,319.0,297.0,2102.0,248.0,16.0,1344.0,9.0,3719.0,1401.0,1221.0,11.0,0.0,58.75,41.25,1.93,11.77,8.34,8.28,56.44,6.58,0.53,36.06,0.36,100.0,36.57,31.46,2.29,0.79,3.23,13.39,34.54,30.7,11.08,5.11,0.0,2312.0,1623.0,76.0,463.0,328.0,326.0,2221.0,259.0,21.0,1419.0,14.0,3935.0,1439.0,1238.0,90.0,31.0,127.0,527.0,1359.0,1208.0,436.0,201.0,0.0,20.62,24.91,8.42,0.25,36.56,0.0,0.0,7.71,0.0,0.0,0.38,0.0,0.13,0.0,56.54,6.57,0.53,36.0,0.36,100.0,19.15,15.37,43.99,21.46,813.0,982.0,332.0,10.0,1441.0,0.0,0.0,304.0,0.0,0.0,15.0,0.0,5.0,0.0,2229.0,259.0,21.0,1419.0,14.0,3942.0,755.0,606.0,1734.0,846.0
3520442,50.06,49.94,3.9,85.59,14.41,0.0,52.6,6.02,0.16,41.2,0.0,100.0,4.77,11.67,34.31,28.22,9.52,6.91,0.69,3182.0,3175.0,248.0,5441.0,916.0,0.0,3344.0,383.0,10.0,2619.0,0.0,6357.0,303.0,742.0,2181.0,1794.0,605.0,439.0,44.0,2675.0,998.0,308.0,13.0,1209.0,3182.0,3175.0,5441.0,916.0,0.0,1046.0,913.0,1418.0,1188.0,773.0,957.0,62.0,6357.0,545.0,609.0,53.45,46.56,5.82,85.26,12.59,72.68,12.35,0.1,1.5,100.0,1.07,5.12,23.76,39.29,13.86,11.02,0.09,81.38,3.66,6623.0,5770.0,721.0,10566.0,1560.0,9006.0,1530.0,12.0,186.0,12392.0,132.0,634.0,2944.0,4869.0,1717.0,1365.0,11.0,10085.0,454.0,10.69,20.3,20.55,0.2,33.87,0.0,1.29,10.67,0.0,0.0,0.0,0.0,0.17,0.46,87.72,12.28,0.0,19.02,9.65,2.39,48.62,7.24,0.77,43.37,0.0,100.0,47.17,20.6,0.0,0.11,1078.0,2047.0,2072.0,20.0,3416.0,0.0,130.0,1076.0,0.0,0.0,0.0,0.0,17.0,46.0,8847.0,1238.0,0.0,1918.0,973.0,241.0,4903.0,730.0,78.0,4374.0,0.0,10085.0,4757.0,2078.0,0.0,11.0,54.33,45.66,6.18,18.74,10.26,2.76,48.57,7.7,0.74,42.98,0.0,100.0,46.08,20.04,0.0,0.89,1.05,5.15,23.34,38.95,14.22,11.11,0.0,5731.0,4816.0,652.0,1977.0,1082.0,291.0,5123.0,812.0,78.0,4534.0,0.0,10548.0,4861.0,2114.0,0.0,94.0,111.0,543.0,2462.0,4108.0,1500.0,1172.0,0.0,10.56,19.76,19.85,0.19,34.16,0.0,1.5,11.15,0.0,0.0,0.0,0.0,0.16,0.68,48.57,7.7,0.74,42.98,0.0,100.0,12.6,14.22,45.49,27.68,1114.0,2084.0,2094.0,20.0,3603.0,0.0,158.0,1176.0,0.0,0.0,0.0,0.0,17.0,72.0,5123.0,812.0,78.0,4534.0,0.0,10548.0,1329.0,1500.0,4798.0,2920.0
3520509,49.99,50.01,7.5,91.9,7.92,0.15,64.73,3.54,1.15,30.39,0.17,100.0,1.8,9.99,25.23,29.73,11.51,10.13,4.1,31809.0,31823.0,4775.0,58476.0,5041.0,95.0,41186.0,2251.0,729.0,19335.0,111.0,63632.0,1146.0,6360.0,16053.0,18916.0,7323.0,6449.0,2610.0,29533.0,10086.0,1928.0,538.0,7730.0,31830.0,31823.0,58496.0,5041.0,95.0,5731.0,8459.0,15831.0,11937.0,8196.0,12584.0,916.0,63653.0,7249.0,6589.0,55.78,44.22,11.04,88.07,12.55,75.52,8.69,0.04,0.71,100.0,0.38,3.53,16.77,38.49,17.15,12.65,0.0,82.37,1.84,72850.0,57745.0,14418.0,115021.0,16395.0,98625.0,11348.0,54.0,921.0,130595.0,492.0,4608.0,21905.0,50263.0,22393.0,16517.0,0.0,107577.0,2398.0,9.17,6.39,18.09,0.51,49.28,0.43,1.91,12.2,0.09,0.03,0.18,0.07,0.08,0.49,90.55,9.45,0.0,5.86,17.26,4.1,60.52,6.42,1.04,31.87,0.16,100.0,31.56,40.54,0.13,0.0,9875.0,6881.0,19491.0,550.0,53099.0,463.0,2057.0,13140.0,102.0,32.0,197.0,75.0,82.0,531.0,97557.0,10184.0,0.0,6312.0,18598.0,4416.0,65199.0,6920.0,1118.0,34337.0,167.0,107740.0,34005.0,43675.0,142.0,0.0,57.05,42.95,9.63,5.78,17.24,4.46,60.64,6.47,1.06,31.68,0.15,100.0,31.22,40.27,0.23,0.14,0.38,3.54,17.71,39.78,17.04,11.92,0.0,62768.0,47258.0,10593.0,6362.0,18973.0,4904.0,66716.0,7120.0,1171.0,34853.0,167.0,110027.0,34350.0,44309.0,248.0,159.0,419.0,3890.0,19488.0,43773.0,18752.0,13112.0,0.0,9.07,6.32,17.9,0.5,49.44,0.46,1.9,12.16,0.09,0.03,0.19,0.08,0.08,0.57,60.59,6.47,1.06,31.73,0.15,100.0,12.51,12.55,46.67,28.27,10000.0,6968.0,19724.0,550.0,54487.0,504.0,2090.0,13396.0,102.0,32.0,208.0,86.0,93.0,625.0,66772.0,7130.0,1171.0,34963.0,167.0,110202.0,13784.0,13835.0,51434.0,31150.0
3520608,52.75,47.25,0.6,74.14,25.86,0.0,57.82,5.33,0.52,36.34,0.0,100.0,5.67,23.2,32.47,26.2,8.08,3.87,0.0,614.0,550.0,7.0,863.0,301.0,0.0,673.0,62.0,6.0,423.0,0.0,1164.0,66.0,270.0,378.0,305.0,94.0,45.0,0.0,641.0,169.0,16.0,7.0,125.0,614.0,550.0,863.0,301.0,0.0,111.0,109.0,313.0,246.0,147.0,193.0,45.0,1164.0,118.0,88.0,60.05,39.95,2.22,63.58,11.69,51.88,32.03,0.0,4.0,100.0,1.35,7.17,29.25,41.18,10.62,8.16,0.0,80.34,3.57,1515.0,1008.0,56.0,1604.0,295.0,1309.0,808.0,0.0,101.0,2523.0,34.0,181.0,738.0,1039.0,268.0,206.0,0.0,2027.0,90.0,28.22,4.49,13.91,0.0,40.65,0.0,1.09,10.56,0.0,0.0,0.74,0.0,0.0,0.0,62.95,37.05,0.0,27.43,10.71,4.05,61.12,7.6,0.59,30.64,0.0,100.0,25.75,31.82,0.0,0.0,572.0,91.0,282.0,0.0,824.0,0.0,22.0,214.0,0.0,0.0,15.0,0.0,0.0,0.0,1276.0,751.0,0.0,556.0,217.0,82.0,1239.0,154.0,12.0,621.0,0.0,2027.0,522.0,645.0,0.0,0.0,58.2,41.85,1.94,26.41,11.15,4.16,61.5,7.51,0.57,30.42,0.0,100.0,25.89,30.75,0.0,1.18,1.51,6.94,30.23,42.42,9.45,7.46,0.0,1232.0,886.0,41.0,559.0,236.0,88.0,1302.0,159.0,12.0,644.0,0.0,2117.0,548.0,651.0,0.0,25.0,32.0,147.0,640.0,898.0,200.0,158.0,0.0,28.06,4.49,13.46,0.0,39.73,0.0,1.04,11.05,0.0,0.0,1.51,0.0,0.0,0.14,61.5,7.51,0.57,30.42,0.0,100.0,19.51,16.58,45.16,18.75,594.0,95.0,285.0,0.0,841.0,0.0,22.0,234.0,0.0,0.0,32.0,0.0,0.0,3.0,1302.0,159.0,12.0,644.0,0.0,2117.0,413.0,351.0,956.0,397.0
3520707,50.64,49.23,1.54,85.48,14.52,0.0,57.46,4.24,0.51,37.79,0.0,100.0,6.81,26.99,35.22,20.82,7.58,0.77,0.26,394.0,383.0,12.0,665.0,113.0,0.0,447.0,33.0,4.0,294.0,0.0,778.0,53.0,210.0,274.0,162.0,59.0,6.0,2.0,423.0,115.0,6.0,6.0,62.0,394.0,383.0,665.0,113.0,0.0,51.0,36.0,237.0,186.0,122.0,143.0,3.0,778.0,67.0,99.0,58.3,41.64,3.3,79.01,17.46,61.6,19.51,0.0,1.42,100.0,1.31,9.9,30.2,39.08,11.66,4.49,0.0,78.04,3.07,1025.0,732.0,58.0,1389.0,307.0,1083.0,343.0,0.0,25.0,1758.0,23.0,174.0,531.0,687.0,205.0,79.0,0.0,1372.0,54.0,28.35,12.24,9.99,0.29,30.98,0.0,2.48,14.21,0.0,0.0,1.24,0.0,0.0,0.0,77.99,22.01,0.0,30.25,16.47,2.26,55.98,6.2,0.95,36.88,0.0,100.0,35.28,15.82,0.0,0.0,389.0,168.0,137.0,4.0,425.0,0.0,34.0,195.0,0.0,0.0,17.0,0.0,0.0,0.0,1070.0,302.0,0.0,415.0,226.0,31.0,768.0,85.0,13.0,506.0,0.0,1372.0,484.0,217.0,0.0,0.0,56.31,43.69,2.45,29.59,17.46,2.17,56.24,6.52,0.91,36.33,0.0,100.0,33.94,16.27,0.21,0.35,1.19,10.1,31.0,38.57,12.2,4.49,0.0,803.0,623.0,35.0,422.0,249.0,31.0,802.0,93.0,13.0,518.0,0.0,1426.0,484.0,232.0,3.0,5.0,17.0,144.0,442.0,550.0,174.0,64.0,0.0,27.56,11.78,10.03,0.28,31.7,0.0,2.59,14.52,0.0,0.0,1.19,0.0,0.0,0.21,56.24,6.52,0.91,36.33,0.0,100.0,18.65,19.28,38.78,23.21,393.0,168.0,143.0,4.0,452.0,0.0,37.0,207.0,0.0,0.0,17.0,0.0,0.0,3.0,802.0,93.0,13.0,518.0,0.0,1426.0,266.0,275.0,553.0,331.0
3520806,48.41,51.59,0.0,80.08,19.92,0.0,58.23,4.15,0.55,36.65,0.55,100.0,2.63,21.3,44.12,25.59,3.18,2.77,0.41,350.0,373.0,0.0,579.0,144.0,0.0,421.0,30.0,4.0,265.0,4.0,723.0,19.0,154.0,319.0,185.0,23.0,20.0,3.0,348.0,156.0,23.0,10.0,74.0,350.0,373.0,579.0,144.0,0.0,64.0,52.0,189.0,169.0,160.0,88.0,0.0,723.0,31.0,81.0,56.91,43.09,0.47,76.94,9.19,67.81,20.15,0.0,2.9,100.0,0.59,8.89,33.37,41.43,8.95,6.16,0.0,86.48,1.42,960.0,727.0,8.0,1298.0,155.0,1144.0,340.0,0.0,49.0,1687.0,10.0,150.0,563.0,699.0,151.0,104.0,0.0,1459.0,24.0,39.0,5.28,7.88,1.03,33.45,0.0,0.62,12.27,0.0,0.0,0.0,0.0,0.0,0.34,77.79,22.28,0.0,24.61,7.88,0.96,52.98,7.06,0.48,39.14,0.34,100.0,41.19,25.36,0.0,0.0,569.0,77.0,115.0,15.0,488.0,0.0,9.0,179.0,0.0,0.0,0.0,0.0,0.0,5.0,1135.0,325.0,0.0,359.0,115.0,14.0,773.0,103.0,7.0,571.0,5.0,1459.0,601.0,370.0,0.0,0.0,57.55,42.45,0.4,24.19,8.22,1.15,53.03,6.94,0.47,39.15,0.34,100.0,40.7,25.27,0.0,0.27,0.47,8.69,33.36,43.4,7.01,6.67,0.0,854.0,630.0,6.0,359.0,122.0,17.0,787.0,103.0,7.0,581.0,5.0,1484.0,604.0,375.0,0.0,4.0,7.0,129.0,495.0,644.0,104.0,99.0,0.0,38.34,5.19,7.75,1.01,34.3,0.0,0.61,12.06,0.0,0.0,0.0,0.0,0.0,0.34,53.03,6.94,0.47,39.15,0.34,100.0,15.36,14.08,51.35,19.14,569.0,77.0,115.0,15.0,509.0,0.0,9.0,179.0,0.0,0.0,0.0,0.0,0.0,5.0,787.0,103.0,7.0,581.0,5.0,1484.0,228.0,209.0,762.0,284.0
3520905,48.63,51.37,0.38,87.58,12.45,0.0,67.54,3.34,0.0,28.56,0.54,100.0,7.49,21.15,38.5,22.79,6.14,2.59,0.94,1805.0,1907.0,14.0,3251.0,462.0,0.0,2507.0,124.0,0.0,1060.0,20.0,3712.0,278.0,785.0,1429.0,846.0,228.0,96.0,35.0,1766.0,575.0,147.0,20.0,470.0,1805.0,1907.0,3251.0,462.0,0.0,348.0,476.0,870.0,765.0,550.0,677.0,27.0,3712.0,317.0,418.0,57.7,42.28,1.75,81.57,9.0,72.59,16.13,0.06,1.58,100.0,1.77,8.3,31.86,37.86,13.51,4.95,0.0,86.55,2.22,3720.0,2726.0,113.0,5259.0,580.0,4680.0,1040.0,4.0,102.0,6447.0,114.0,535.0,2054.0,2441.0,871.0,319.0,0.0,5580.0,143.0,22.87,13.91,8.64,0.38,34.96,0.0,2.29,15.79,0.0,0.0,0.61,0.09,0.11,0.0,83.62,16.38,0.0,15.05,12.2,2.58,62.33,6.68,0.16,30.66,0.16,100.0,34.52,34.66,0.63,0.0,1276.0,776.0,482.0,21.0,1951.0,0.0,128.0,881.0,0.0,0.0,34.0,5.0,6.0,0.0,4666.0,914.0,0.0,840.0,681.0,144.0,3478.0,373.0,9.0,1711.0,9.0,5580.0,1926.0,1934.0,35.0,0.0,58.71,41.29,1.43,14.76,12.39,2.6,62.29,6.52,0.16,30.88,0.16,100.0,34.06,34.3,1.01,0.52,1.9,8.6,32.76,37.5,13.3,4.49,0.0,3360.0,2363.0,82.0,845.0,709.0,149.0,3565.0,373.0,9.0,1767.0,9.0,5723.0,1949.0,1963.0,58.0,30.0,109.0,492.0,1875.0,2146.0,761.0,257.0,0.0,22.58,13.56,8.51,0.37,35.61,0.0,2.24,15.66,0.0,0.0,0.66,0.09,0.1,0.1,62.29,6.52,0.16,30.88,0.16,100.0,20.99,18.87,40.94,19.2,1292.0,776.0,487.0,21.0,2038.0,0.0,128.0,896.0,0.0,0.0,38.0,5.0,6.0,6.0,3565.0,373.0,9.0,1767.0,9.0,5723.0,1201.0,1080.0,2343.0,1099.0
3521002,47.78,52.22,0.52,84.93,15.07,0.0,56.12,6.75,0.11,37.01,0.0,100.0,8.14,25.81,40.07,19.32,4.5,0.84,0.83,4163.0,4550.0,45.0,7400.0,1313.0,0.0,4890.0,588.0,10.0,3225.0,0.0,8713.0,709.0,2249.0,3491.0,1683.0,392.0,73.0,72.0,4666.0,1506.0,128.0,9.0,632.0,4163.0,4550.0,7400.0,1313.0,0.0,630.0,673.0,2453.0,1933.0,1376.0,1612.0,35.0,8713.0,695.0,1077.0,57.63,42.37,1.72,65.35,13.0,52.35,33.32,0.0,0.33,100.0,1.14,10.75,35.14,38.42,8.69,4.13,0.0,83.48,2.18,8965.0,6591.0,268.0,10166.0,2023.0,8143.0,5183.0,0.0,52.0,15556.0,177.0,1672.0,5467.0,5977.0,1352.0,643.0,0.0,12986.0,339.0,21.64,4.73,13.78,1.27,37.76,0.0,1.05,17.81,0.12,0.0,0.23,0.0,0.1,0.4,61.88,38.11,0.0,9.3,25.76,6.86,53.45,9.76,0.22,36.45,0.11,100.0,24.97,32.63,0.24,0.0,2812.0,615.0,1791.0,165.0,4907.0,0.0,137.0,2315.0,16.0,0.0,30.0,0.0,13.0,52.0,8042.0,4953.0,0.0,1208.0,3348.0,891.0,6947.0,1269.0,29.0,4737.0,14.0,12996.0,3245.0,4240.0,31.0,0.0,59.91,40.09,1.46,9.28,25.45,7.38,53.63,9.61,0.22,36.33,0.2,100.0,24.61,32.52,0.35,0.05,1.13,10.21,36.41,38.47,8.51,3.8,0.0,7983.0,5342.0,195.0,1237.0,3392.0,983.0,7147.0,1281.0,29.0,4841.0,27.0,13326.0,3280.0,4333.0,46.0,7.0,151.0,1360.0,4852.0,5127.0,1134.0,506.0,0.0,21.42,4.71,13.57,1.24,38.14,0.0,1.03,17.87,0.12,0.0,0.22,0.0,0.1,0.39,53.66,9.61,0.22,36.3,0.2,100.0,18.99,20.37,49.43,11.2,2857.0,628.0,1810.0,165.0,5086.0,0.0,137.0,2383.0,16.0,0.0,30.0,0.0,13.0,52.0,7156.0,1281.0,29.0,4841.0,27.0,13335.0,2532.0,2716.0,6592.0,1494.0
3521101,50.29,49.71,2.36,74.52,25.05,0.43,60.38,6.47,0.19,33.01,0.0,100.0,4.58,15.4,36.53,28.47,6.52,5.45,0.68,1042.0,1030.0,49.0,1544.0,519.0,9.0,1251.0,134.0,4.0,684.0,0.0,2072.0,95.0,319.0,757.0,590.0,135.0,113.0,14.0,874.0,459.0,116.0,27.0,205.0,1042.0,1030.0,1544.0,519.0,9.0,167.0,367.0,481.0,335.0,264.0,340.0,120.0,2072.0,224.0,167.0,57.45,42.55,3.34,68.82,10.22,58.6,29.73,0.0,0.46,100.0,0.94,5.63,27.36,45.55,10.85,6.25,0.09,85.35,3.0,2012.0,1490.0,117.0,2410.0,358.0,2052.0,1041.0,0.0,16.0,3502.0,33.0,197.0,958.0,1595.0,380.0,219.0,3.0,2989.0,105.0,14.05,16.83,10.3,0.0,37.07,0.0,3.01,14.95,0.0,0.0,0.54,0.0,0.0,1.77,67.95,32.02,0.0,21.68,14.82,1.61,56.91,7.39,0.4,35.26,0.0,100.0,31.75,29.51,0.33,0.0,420.0,503.0,308.0,0.0,1108.0,0.0,90.0,447.0,0.0,0.0,16.0,0.0,0.0,53.0,2031.0,957.0,0.0,648.0,443.0,48.0,1701.0,221.0,12.0,1054.0,0.0,2989.0,949.0,882.0,10.0,0.0,59.55,40.48,3.33,21.24,15.1,2.59,57.61,7.34,0.39,34.66,0.0,100.0,31.07,29.1,0.42,0.19,0.78,5.53,27.55,45.78,10.99,6.05,0.0,1842.0,1252.0,103.0,657.0,467.0,80.0,1782.0,227.0,12.0,1072.0,0.0,3093.0,961.0,900.0,13.0,6.0,24.0,171.0,852.0,1416.0,340.0,187.0,0.0,13.87,16.59,10.05,0.0,37.02,0.0,2.91,15.0,0.0,0.0,0.61,0.0,0.0,2.04,57.61,7.34,0.39,34.66,0.0,100.0,21.14,18.72,42.45,17.69,429.0,513.0,311.0,0.0,1145.0,0.0,90.0,464.0,0.0,0.0,19.0,0.0,0.0,63.0,1782.0,227.0,12.0,1072.0,0.0,3093.0,654.0,579.0,1313.0,547.0
3521150,51.64,48.36,0.0,83.86,16.14,0.0,65.97,4.76,0.0,29.07,0.2,100.0,9.11,27.19,35.57,20.7,5.16,1.54,0.74,771.0,722.0,0.0,1252.0,241.0,0.0,985.0,71.0,0.0,434.0,3.0,1493.0,136.0,406.0,531.0,309.0,77.0,23.0,11.0,912.0,213.0,3.0,6.0,96.0,771.0,722.0,1252.0,241.0,0.0,90.0,56.0,510.0,383.0,210.0,243.0,0.0,1493.0,120.0,142.0,60.39,39.61,1.48,55.3,15.62,39.67,40.79,0.21,3.34,100.0,1.96,11.89,28.84,42.38,9.03,4.43,0.0,78.03,2.65,2006.0,1316.0,49.0,1837.0,519.0,1318.0,1355.0,7.0,111.0,3322.0,65.0,395.0,958.0,1408.0,300.0,147.0,0.0,2592.0,88.0,21.91,3.24,18.98,0.5,39.31,0.12,1.74,12.62,0.0,0.0,0.69,0.0,0.0,0.12,50.19,49.81,0.0,15.35,25.89,4.09,63.73,3.94,0.54,31.6,0.19,100.0,25.85,28.13,0.08,0.0,568.0,84.0,492.0,13.0,1019.0,3.0,45.0,327.0,0.0,0.0,18.0,0.0,0.0,3.0,1301.0,1291.0,0.0,398.0,671.0,106.0,1652.0,102.0,14.0,819.0,5.0,2592.0,670.0,729.0,2.0,0.0,59.93,40.07,1.04,15.37,25.82,4.1,63.73,3.96,0.52,31.64,0.19,100.0,25.15,28.06,0.41,0.22,2.05,12.24,29.85,41.31,9.78,3.73,0.0,1606.0,1074.0,28.0,412.0,692.0,110.0,1708.0,106.0,14.0,848.0,5.0,2680.0,674.0,752.0,11.0,6.0,55.0,328.0,800.0,1107.0,262.0,100.0,0.0,21.57,3.13,19.1,0.49,39.14,0.11,1.79,12.69,0.0,0.0,0.93,0.0,0.0,0.11,63.73,3.96,0.52,31.64,0.19,100.0,25.75,15.0,45.07,14.18,578.0,84.0,512.0,13.0,1049.0,3.0,48.0,340.0,0.0,0.0,25.0,0.0,0.0,3.0,1708.0,106.0,14.0,848.0,5.0,2680.0,690.0,402.0,1208.0,380.0
3521200,50.49,49.51,0.49,88.46,11.44,0.0,22.09,12.52,0.0,65.19,0.1,100.0,27.02,30.67,26.43,12.33,2.47,0.59,0.0,512.0,502.0,5.0,897.0,116.0,0.0,224.0,127.0,0.0,661.0,1.0,1014.0,274.0,311.0,268.0,125.0,25.0,6.0,0.0,585.0,163.0,24.0,0.0,73.0,512.0,502.0,897.0,116.0,0.0,49.0,71.0,290.0,274.0,182.0,147.0,0.0,1014.0,63.0,106.0,54.38,45.62,3.13,93.33,12.42,80.91,5.8,0.23,0.64,100.0,7.2,19.79,35.81,24.43,6.09,3.54,0.0,83.23,3.71,937.0,786.0,54.0,1608.0,214.0,1394.0,100.0,4.0,11.0,1723.0,124.0,341.0,617.0,421.0,105.0,61.0,0.0,1434.0,64.0,58.65,1.88,12.41,0.0,17.71,0.14,1.81,1.05,0.0,0.0,1.05,0.0,0.0,0.56,95.47,4.53,0.0,27.34,8.51,2.02,23.36,16.25,0.0,60.46,0.0,100.0,33.75,24.06,0.0,0.0,841.0,27.0,178.0,0.0,254.0,2.0,26.0,15.0,0.0,0.0,15.0,0.0,0.0,8.0,1369.0,65.0,0.0,392.0,122.0,29.0,335.0,233.0,0.0,867.0,0.0,1434.0,484.0,345.0,0.0,0.0,53.67,46.4,3.07,26.37,8.48,2.4,22.96,16.36,0.0,60.68,0.0,100.0,32.84,23.9,0.6,0.93,7.61,20.03,37.32,23.03,5.87,3.07,0.0,804.0,695.0,46.0,395.0,127.0,36.0,344.0,245.0,0.0,909.0,0.0,1498.0,492.0,358.0,9.0,14.0,114.0,300.0,559.0,345.0,88.0,46.0,0.0,56.54,1.8,12.75,0.0,18.56,0.13,1.74,1.54,0.0,0.0,1.0,0.0,0.0,1.07,22.96,16.36,0.0,60.68,0.0,100.0,20.96,15.89,46.6,16.56,847.0,27.0,191.0,0.0,278.0,2.0,26.0,23.0,0.0,0.0,15.0,0.0,0.0,16.0,344.0,245.0,0.0,909.0,0.0,1498.0,314.0,238.0,698.0,248.0
3521309,49.43,50.57,0.11,85.13,14.87,0.0,47.9,4.51,0.0,47.59,0.0,100.0,4.13,20.44,41.91,28.39,3.76,1.26,0.0,1722.0,1762.0,4.0,2966.0,518.0,0.0,1669.0,157.0,0.0,1658.0,0.0,3484.0,144.0,712.0,1460.0,989.0,131.0,44.0,0.0,1725.0,593.0,51.0,7.0,401.0,1722.0,1762.0,2966.0,518.0,0.0,328.0,288.0,951.0,682.0,554.0,647.0,35.0,3484.0,355.0,352.0,59.48,40.52,1.4,75.88,7.94,67.94,23.26,0.05,0.59,100.0,1.15,8.6,32.54,41.93,9.76,4.63,0.0,89.4,1.77,4345.0,2960.0,102.0,5543.0,580.0,4963.0,1699.0,4.0,43.0,7305.0,84.0,628.0,2377.0,3063.0,713.0,338.0,0.0,6531.0,129.0,15.69,17.68,8.64,0.28,22.23,0.0,2.45,31.79,0.0,0.0,0.77,0.0,0.0,0.11,75.33,24.67,0.0,16.14,22.43,5.94,44.59,8.42,0.18,46.81,0.0,100.0,31.07,23.87,0.51,0.0,1025.0,1155.0,564.0,18.0,1452.0,0.0,160.0,2076.0,0.0,0.0,50.0,0.0,0.0,7.0,4920.0,1611.0,0.0,1054.0,1465.0,388.0,2912.0,550.0,12.0,3057.0,0.0,6531.0,2029.0,1559.0,33.0,0.0,61.1,38.9,1.43,15.81,22.11,6.2,44.63,8.3,0.18,46.89,0.0,100.0,30.54,23.94,0.62,0.51,1.14,8.25,32.85,41.82,10.01,4.52,0.0,4073.0,2593.0,95.0,1054.0,1474.0,413.0,2975.0,553.0,12.0,3126.0,0.0,6666.0,2036.0,1596.0,41.0,34.0,76.0,550.0,2190.0,2788.0,667.0,301.0,0.0,15.38,17.55,8.61,0.27,22.77,0.0,2.4,31.47,0.0,0.0,0.75,0.0,0.0,0.17,44.63,8.3,0.18,46.89,0.0,100.0,26.13,16.71,43.35,13.8,1025.0,1170.0,574.0,18.0,1518.0,0.0,160.0,2098.0,0.0,0.0,50.0,0.0,0.0,11.0,2975.0,553.0,12.0,3126.0,0.0,6666.0,1742.0,1114.0,2890.0,920.0
3521408,49.58,50.42,1.25,81.5,18.37,0.12,61.5,5.44,0.0,33.04,0.0,100.0,2.63,9.68,37.48,32.92,9.47,6.61,0.0,2864.0,2913.0,72.0,4708.0,1061.0,7.0,3553.0,314.0,0.0,1909.0,0.0,5777.0,152.0,559.0,2165.0,1902.0,547.0,382.0,0.0,2809.0,1153.0,49.0,31.0,592.0,2864.0,2913.0,4708.0,1061.0,7.0,553.0,802.0,1295.0,1157.0,799.0,1061.0,111.0,5777.0,710.0,433.0,57.33,42.66,3.23,73.57,8.4,65.16,25.07,0.0,0.46,100.0,0.53,4.5,25.81,40.07,15.49,10.35,0.0,88.39,1.85,6661.0,4956.0,375.0,8547.0,976.0,7570.0,2913.0,0.0,53.0,11618.0,62.0,523.0,2999.0,4655.0,1800.0,1203.0,0.0,10269.0,215.0,14.16,15.5,9.23,0.09,45.21,0.07,4.79,9.77,0.0,0.0,0.27,0.2,0.0,0.25,72.85,27.14,0.0,15.98,12.84,0.74,61.32,8.8,0.0,29.78,0.1,100.0,38.34,32.01,0.0,0.0,1454.0,1592.0,948.0,9.0,4643.0,7.0,492.0,1003.0,0.0,0.0,28.0,21.0,0.0,26.0,7481.0,2787.0,0.0,1641.0,1319.0,76.0,6297.0,904.0,0.0,3058.0,10.0,10269.0,3937.0,3287.0,0.0,0.0,59.48,40.51,2.95,16.14,12.75,1.02,61.23,8.86,0.0,29.81,0.1,100.0,38.04,31.79,0.09,0.0,0.5,4.08,26.17,40.59,15.47,10.24,0.0,6236.0,4247.0,309.0,1692.0,1337.0,107.0,6419.0,929.0,0.0,3125.0,10.0,10484.0,3988.0,3333.0,9.0,0.0,52.0,428.0,2744.0,4255.0,1622.0,1074.0,0.0,13.87,15.26,9.12,0.09,45.8,0.07,4.69,9.79,0.0,0.0,0.44,0.2,0.0,0.25,61.23,8.86,0.0,29.81,0.1,100.0,16.88,17.9,46.99,18.22,1454.0,1600.0,956.0,9.0,4802.0,7.0,492.0,1026.0,0.0,0.0,46.0,21.0,0.0,26.0,6419.0,929.0,0.0,3125.0,10.0,10484.0,1770.0,1877.0,4926.0,1910.0
3521507,49.73,50.27,0.4,89.68,10.32,0.0,67.16,1.61,0.0,31.23,0.0,100.0,5.23,25.94,43.03,21.65,2.95,0.8,0.0,742.0,750.0,6.0,1338.0,154.0,0.0,1002.0,24.0,0.0,466.0,0.0,1492.0,78.0,387.0,642.0,323.0,44.0,12.0,0.0,817.0,231.0,27.0,15.0,67.0,742.0,750.0,1338.0,154.0,0.0,88.0,48.0,418.0,356.0,240.0,342.0,0.0,1492.0,123.0,213.0,62.68,37.32,1.42,82.1,23.73,58.37,12.0,0.0,5.51,100.0,0.56,8.96,33.17,46.67,6.84,2.39,0.0,68.37,2.03,2126.0,1266.0,48.0,2785.0,805.0,1980.0,407.0,0.0,187.0,3392.0,19.0,304.0,1125.0,1583.0,232.0,81.0,0.0,2319.0,69.0,13.5,21.39,9.4,0.0,28.03,0.0,3.54,20.4,0.0,0.0,0.91,0.22,0.0,0.26,83.4,16.6,0.0,14.96,19.92,2.5,72.45,3.15,0.0,24.15,0.26,100.0,30.23,30.27,0.26,0.0,313.0,496.0,218.0,0.0,650.0,0.0,82.0,473.0,0.0,0.0,21.0,5.0,0.0,6.0,1934.0,385.0,0.0,347.0,462.0,58.0,1680.0,73.0,0.0,560.0,6.0,2319.0,701.0,702.0,6.0,0.0,59.34,40.62,1.76,15.33,19.64,2.43,71.82,3.39,0.0,24.5,0.25,100.0,30.07,29.4,0.63,0.46,0.8,7.83,35.55,44.72,7.04,2.3,0.0,1417.0,970.0,42.0,366.0,469.0,58.0,1715.0,81.0,0.0,585.0,6.0,2388.0,718.0,702.0,15.0,11.0,19.0,187.0,849.0,1068.0,168.0,55.0,0.0,13.82,20.94,9.13,0.0,28.22,0.0,3.43,20.23,0.0,0.0,1.09,0.21,0.0,0.42,71.82,3.39,0.0,24.5,0.25,100.0,22.99,15.28,49.08,12.6,330.0,500.0,218.0,0.0,674.0,0.0,82.0,483.0,0.0,0.0,26.0,5.0,0.0,10.0,1715.0,81.0,0.0,585.0,6.0,2388.0,549.0,365.0,1172.0,301.0
3521606,53.4,46.6,0.0,85.82,14.18,0.0,61.53,5.06,1.99,31.43,0.0,100.0,7.79,22.64,38.06,20.9,4.98,2.16,3.4,644.0,562.0,0.0,1035.0,171.0,0.0,742.0,61.0,24.0,379.0,0.0,1206.0,94.0,273.0,459.0,252.0,60.0,26.0,41.0,591.0,210.0,0.0,12.0,126.0,644.0,562.0,1035.0,171.0,0.0,105.0,132.0,337.0,251.0,171.0,187.0,23.0,1206.0,93.0,173.0,59.39,40.61,0.44,75.77,15.89,59.88,22.26,0.0,1.36,100.0,0.97,9.57,31.34,40.83,10.8,6.06,0.0,77.74,4.39,1353.0,925.0,10.0,1726.0,362.0,1364.0,507.0,0.0,31.0,2278.0,22.0,218.0,714.0,930.0,246.0,138.0,0.0,1771.0,100.0,33.65,2.43,6.89,0.0,39.47,0.0,1.19,14.12,0.0,0.0,0.62,0.79,0.0,0.0,74.14,25.86,0.0,13.95,7.62,7.79,49.8,6.89,2.26,41.05,0.0,100.0,33.48,35.63,0.85,0.0,596.0,43.0,122.0,0.0,699.0,0.0,21.0,250.0,0.0,0.0,11.0,14.0,0.0,0.0,1313.0,458.0,0.0,247.0,135.0,138.0,882.0,122.0,40.0,727.0,0.0,1771.0,593.0,631.0,15.0,0.0,59.43,40.57,0.53,13.95,7.22,8.02,50.94,7.06,2.14,39.87,0.0,100.0,33.35,34.9,0.8,0.64,0.53,10.42,32.92,39.39,10.16,6.04,0.0,1112.0,759.0,10.0,261.0,135.0,150.0,953.0,132.0,40.0,746.0,0.0,1871.0,624.0,653.0,15.0,12.0,10.0,195.0,616.0,737.0,190.0,113.0,0.0,32.5,2.3,7.38,0.0,38.96,0.0,1.12,14.64,0.0,0.0,0.59,0.75,0.0,0.37,50.94,7.06,2.14,39.87,0.0,100.0,18.87,12.03,47.3,21.86,608.0,43.0,138.0,0.0,729.0,0.0,21.0,274.0,0.0,0.0,11.0,14.0,0.0,7.0,953.0,132.0,40.0,746.0,0.0,1871.0,353.0,225.0,885.0,409.0
3521705,48.87,51.1,0.73,93.36,6.62,0.0,68.75,1.84,0.45,28.93,0.0,100.0,15.51,29.07,32.02,15.47,3.43,2.09,1.68,2149.0,2247.0,32.0,4105.0,291.0,0.0,3023.0,81.0,20.0,1272.0,0.0,4397.0,682.0,1278.0,1408.0,680.0,151.0,92.0,74.0,2247.0,852.0,61.0,164.0,211.0,2149.0,2247.0,4105.0,291.0,0.0,190.0,563.0,1228.0,869.0,657.0,760.0,128.0,4397.0,527.0,333.0,63.23,36.77,2.11,93.79,18.37,75.42,4.9,0.08,0.73,100.0,2.81,15.5,35.36,31.1,8.2,4.9,0.0,78.0,2.39,4519.0,2628.0,151.0,6703.0,1313.0,5390.0,350.0,6.0,52.0,7147.0,201.0,1108.0,2527.0,2223.0,586.0,350.0,0.0,5575.0,171.0,35.64,0.79,13.87,0.25,36.07,0.0,1.18,9.33,0.0,0.0,1.27,0.0,0.0,0.65,94.73,5.29,0.0,19.09,12.29,2.22,73.52,2.33,0.18,23.98,0.0,100.0,35.41,30.4,0.3,0.0,1987.0,44.0,773.0,14.0,2011.0,0.0,66.0,520.0,0.0,0.0,71.0,0.0,0.0,36.0,5281.0,295.0,0.0,1064.0,685.0,124.0,4099.0,130.0,10.0,1337.0,0.0,5575.0,1974.0,1695.0,17.0,0.0,62.32,37.68,2.3,18.57,12.74,2.25,73.23,2.45,0.3,24.03,0.0,100.0,34.72,30.04,1.01,0.24,2.99,15.07,34.81,30.72,8.55,5.57,0.0,3581.0,2165.0,132.0,1067.0,732.0,129.0,4208.0,141.0,17.0,1381.0,0.0,5746.0,1995.0,1726.0,58.0,14.0,172.0,866.0,2000.0,1765.0,491.0,320.0,0.0,34.72,0.77,13.51,0.24,36.18,0.0,1.15,9.26,0.0,0.0,2.19,0.0,0.0,0.84,73.23,2.45,0.3,24.03,0.0,100.0,20.38,18.81,45.67,15.16,1995.0,44.0,776.0,14.0,2079.0,0.0,66.0,532.0,0.0,0.0,126.0,0.0,0.0,48.0,4208.0,141.0,17.0,1381.0,0.0,5746.0,1171.0,1081.0,2624.0,871.0
3521804,50.12,49.88,1.18,90.44,9.56,0.0,69.25,3.05,0.66,27.05,0.0,100.0,8.99,24.75,35.26,18.3,4.82,3.45,3.27,2961.0,2947.0,70.0,5343.0,565.0,0.0,4091.0,180.0,39.0,1598.0,0.0,5908.0,531.0,1462.0,2083.0,1081.0,285.0,204.0,193.0,3166.0,985.0,94.0,5.0,396.0,2961.0,2947.0,5343.0,565.0,0.0,456.0,390.0,1573.0,1443.0,868.0,1166.0,12.0,5908.0,376.0,886.0,60.14,39.86,2.19,91.18,15.38,75.8,7.99,0.0,0.34,100.0,1.38,12.74,31.65,34.92,10.1,7.02,0.0,81.65,2.13,6596.0,4371.0,240.0,10000.0,1687.0,8313.0,876.0,0.0,37.0,10967.0,151.0,1397.0,3471.0,3830.0,1108.0,770.0,0.0,8955.0,234.0,23.84,0.79,6.52,0.0,43.6,0.13,4.29,18.23,0.0,0.0,0.79,0.12,0.16,0.66,91.11,8.89,0.0,12.64,20.1,5.49,66.43,4.67,0.67,28.12,0.11,100.0,26.54,34.36,0.49,0.0,2143.0,71.0,586.0,0.0,3920.0,12.0,386.0,1639.0,0.0,0.0,71.0,11.0,14.0,59.0,8191.0,799.0,0.0,1136.0,1807.0,494.0,5972.0,420.0,60.0,2528.0,10.0,8990.0,2386.0,3089.0,44.0,0.0,60.38,39.63,2.05,12.49,19.98,5.79,66.0,4.76,0.65,28.48,0.11,100.0,25.93,34.03,0.93,0.47,1.64,13.15,30.97,34.78,10.1,7.31,0.0,5548.0,3642.0,188.0,1148.0,1836.0,532.0,6065.0,437.0,60.0,2617.0,10.0,9189.0,2383.0,3127.0,85.0,43.0,151.0,1208.0,2846.0,3196.0,928.0,672.0,0.0,23.23,0.77,6.37,0.0,43.69,0.13,4.18,18.54,0.0,0.0,0.9,0.12,0.15,0.91,66.14,4.74,0.65,28.37,0.11,100.0,25.54,17.92,41.89,14.65,2143.0,71.0,588.0,0.0,4030.0,12.0,386.0,1710.0,0.0,0.0,83.0,11.0,14.0,84.0,6101.0,437.0,60.0,2617.0,10.0,9224.0,2356.0,1653.0,3864.0,1351.0
3521903,50.65,49.35,1.04,89.58,10.42,0.0,66.04,2.64,0.46,30.85,0.0,100.0,4.58,14.81,43.79,22.93,6.42,3.87,2.58,1648.0,1606.0,34.0,2915.0,339.0,0.0,2149.0,86.0,15.0,1004.0,0.0,3254.0,149.0,482.0,1425.0,746.0,209.0,126.0,84.0,1606.0,519.0,12.0,10.0,299.0,1648.0,1606.0,2915.0,339.0,0.0,250.0,159.0,865.0,734.0,525.0,704.0,18.0,3254.0,318.0,491.0,60.33,39.67,2.14,94.03,25.94,68.09,4.99,0.06,0.33,100.0,0.47,6.24,31.44,42.89,11.67,5.05,0.07,71.94,1.19,5153.0,3389.0,183.0,8032.0,2216.0,5816.0,426.0,5.0,28.0,8542.0,40.0,533.0,2686.0,3664.0,997.0,431.0,6.0,6145.0,102.0,21.37,2.36,12.47,0.46,47.5,0.0,7.9,6.2,0.0,0.0,0.6,0.0,0.0,0.62,93.82,6.18,0.0,15.53,10.9,5.87,66.95,4.36,0.28,28.31,0.1,100.0,39.4,27.96,0.0,0.0,1314.0,145.0,767.0,28.0,2921.0,0.0,486.0,381.0,0.0,0.0,37.0,0.0,0.0,38.0,5769.0,380.0,0.0,955.0,670.0,361.0,4117.0,268.0,17.0,1741.0,6.0,6149.0,2423.0,1719.0,0.0,0.0,60.72,39.26,2.32,15.22,10.82,5.94,67.13,4.29,0.27,28.22,0.1,100.0,39.12,27.9,0.24,0.42,0.29,5.41,27.56,46.65,12.47,5.3,0.0,3794.0,2453.0,145.0,951.0,676.0,371.0,4194.0,268.0,17.0,1763.0,6.0,6248.0,2444.0,1743.0,15.0,26.0,18.0,338.0,1722.0,2915.0,779.0,331.0,0.0,21.19,2.32,12.27,0.45,47.92,0.0,7.77,6.29,0.0,0.0,0.59,0.0,0.0,0.69,67.08,4.29,0.27,28.26,0.1,100.0,29.4,19.82,33.94,16.83,1325.0,145.0,767.0,28.0,2996.0,0.0,486.0,393.0,0.0,0.0,37.0,0.0,0.0,43.0,4194.0,268.0,17.0,1767.0,6.0,6252.0,1838.0,1239.0,2122.0,1052.0
3522000,50.22,49.78,0.55,89.45,10.22,0.33,57.91,3.63,0.0,38.46,0.0,100.0,4.4,25.38,40.0,20.55,5.49,0.22,3.41,457.0,453.0,5.0,814.0,93.0,3.0,527.0,33.0,0.0,350.0,0.0,910.0,40.0,231.0,364.0,187.0,50.0,2.0,31.0,470.0,194.0,7.0,5.0,27.0,457.0,453.0,814.0,93.0,3.0,65.0,45.0,260.0,170.0,184.0,178.0,9.0,910.0,109.0,98.0,58.76,41.24,1.81,74.88,14.61,60.27,24.4,0.0,0.79,100.0,0.3,10.69,31.7,40.04,10.27,5.25,0.0,82.07,2.54,973.0,683.0,30.0,1240.0,242.0,998.0,404.0,0.0,13.0,1656.0,5.0,177.0,525.0,663.0,170.0,87.0,0.0,1359.0,42.0,31.64,7.43,5.45,0.0,31.86,0.0,4.12,19.06,0.0,0.0,0.0,0.0,0.0,0.29,72.63,27.37,0.0,25.39,11.33,7.8,60.34,4.71,0.0,34.81,0.22,100.0,31.86,22.3,1.4,0.0,430.0,101.0,74.0,0.0,433.0,0.0,56.0,259.0,0.0,0.0,0.0,0.0,0.0,4.0,987.0,372.0,0.0,345.0,154.0,106.0,820.0,64.0,0.0,473.0,3.0,1359.0,433.0,303.0,19.0,0.0,56.03,43.97,0.43,24.84,10.99,7.85,60.1,4.85,0.0,34.83,0.21,100.0,31.26,22.41,1.5,1.07,0.36,10.56,34.33,41.26,9.06,4.0,0.0,785.0,616.0,6.0,348.0,154.0,110.0,842.0,68.0,0.0,488.0,3.0,1401.0,438.0,314.0,21.0,15.0,5.0,148.0,481.0,578.0,127.0,56.0,0.0,30.69,7.21,5.28,0.0,32.12,0.0,4.5,18.92,0.0,0.0,0.64,0.0,0.0,0.43,60.1,4.85,0.0,34.83,0.21,100.0,32.55,29.12,26.98,11.35,430.0,101.0,74.0,0.0,450.0,0.0,63.0,265.0,0.0,0.0,9.0,0.0,0.0,6.0,842.0,68.0,0.0,488.0,3.0,1401.0,456.0,408.0,378.0,159.0
3522109,50.26,49.74,1.28,90.95,8.69,0.3,51.39,7.05,0.61,40.7,0.26,100.0,15.28,25.26,28.78,17.95,4.83,2.68,3.94,14175.0,14027.0,361.0,25651.0,2451.0,86.0,14492.0,1987.0,171.0,11478.0,74.0,28202.0,4310.0,7123.0,8117.0,5062.0,1362.0,756.0,1111.0,14492.0,4725.0,486.0,449.0,2868.0,14175.0,14027.0,25651.0,2451.0,86.0,2505.0,3297.0,7472.0,6119.0,4030.0,4339.0,440.0,28202.0,2138.0,3044.0,55.23,44.77,3.14,84.05,14.28,69.77,11.31,0.02,0.69,100.0,3.11,13.6,29.78,32.59,10.7,7.04,0.06,77.22,3.86,22861.0,18531.0,1299.0,34791.0,5912.0,28879.0,4683.0,10.0,286.0,41393.0,1286.0,5630.0,12325.0,13488.0,4427.0,2913.0,25.0,31964.0,1598.0,15.74,28.35,9.56,0.2,30.09,0.66,0.69,12.65,0.03,0.0,0.25,0.04,0.03,0.2,88.02,11.98,0.0,10.65,19.25,7.67,49.49,10.84,0.3,38.89,0.48,100.0,28.35,32.74,0.54,0.13,5044.0,9083.0,3064.0,65.0,9641.0,211.0,221.0,4053.0,10.0,0.0,80.0,13.0,10.0,64.0,28204.0,3839.0,0.0,3411.0,6168.0,2458.0,15859.0,3473.0,95.0,12460.0,155.0,32043.0,9083.0,10492.0,174.0,41.0,56.52,43.48,2.92,10.26,19.1,8.66,49.4,10.87,0.28,38.98,0.46,100.0,27.71,32.04,0.88,0.43,3.1,13.74,30.73,32.79,10.34,6.34,0.04,18974.0,14599.0,979.0,3444.0,6412.0,2906.0,16584.0,3650.0,95.0,13088.0,155.0,33573.0,9304.0,10757.0,295.0,144.0,1042.0,4614.0,10318.0,11009.0,3470.0,2128.0,13.0,15.5,27.86,9.31,0.19,30.31,0.63,0.72,13.01,0.03,0.04,0.24,0.04,0.03,0.32,49.52,10.85,0.28,38.89,0.46,100.0,16.9,15.98,49.36,17.76,5216.0,9374.0,3134.0,65.0,10198.0,211.0,243.0,4379.0,10.0,14.0,80.0,13.0,10.0,106.0,16663.0,3650.0,95.0,13088.0,155.0,33651.0,5687.0,5377.0,16610.0,5978.0
3522158,46.66,53.34,0.5,95.3,4.7,0.0,35.27,4.58,0.5,59.78,0.0,100.0,25.0,30.07,26.49,12.13,1.61,2.23,2.1,377.0,431.0,4.0,770.0,38.0,0.0,285.0,37.0,4.0,483.0,0.0,808.0,202.0,243.0,214.0,98.0,13.0,18.0,17.0,395.0,205.0,9.0,0.0,20.0,377.0,431.0,770.0,38.0,0.0,26.0,58.0,240.0,168.0,152.0,140.0,23.0,808.0,62.0,116.0,58.42,41.5,1.21,92.34,21.03,71.31,6.37,0.0,0.0,100.0,4.35,23.37,38.6,20.55,6.37,5.56,0.0,74.38,3.3,725.0,515.0,15.0,1146.0,261.0,885.0,79.0,0.0,0.0,1241.0,54.0,290.0,479.0,255.0,79.0,69.0,0.0,923.0,41.0,38.79,12.46,18.63,0.76,26.33,0.0,0.22,0.54,0.0,0.0,0.0,0.0,0.0,0.87,93.28,6.61,0.0,24.49,16.36,1.19,34.02,9.75,0.0,56.12,0.0,100.0,33.91,22.64,0.0,0.0,358.0,115.0,172.0,7.0,243.0,0.0,2.0,5.0,0.0,0.0,0.0,0.0,0.0,8.0,861.0,61.0,0.0,226.0,151.0,11.0,314.0,90.0,0.0,518.0,0.0,923.0,313.0,209.0,0.0,0.0,57.01,42.99,0.0,23.47,15.99,2.08,33.85,9.35,0.0,56.8,0.0,100.0,33.64,22.53,0.83,0.0,3.32,23.47,41.54,20.25,6.65,4.78,0.0,549.0,414.0,0.0,226.0,154.0,20.0,326.0,90.0,0.0,547.0,0.0,963.0,324.0,217.0,8.0,0.0,32.0,226.0,400.0,195.0,64.0,46.0,0.0,37.49,12.36,19.83,0.73,26.06,0.0,0.21,0.83,0.0,0.0,0.0,0.0,0.0,0.83,33.85,9.35,0.0,56.8,0.0,100.0,18.59,13.19,51.3,16.82,361.0,119.0,191.0,7.0,251.0,0.0,2.0,8.0,0.0,0.0,0.0,0.0,0.0,8.0,326.0,90.0,0.0,547.0,0.0,963.0,179.0,127.0,494.0,162.0
3522208,49.89,50.11,0.83,86.34,13.54,0.03,44.23,11.36,0.27,43.93,0.09,100.0,13.57,24.05,33.69,18.99,3.58,1.6,3.68,20563.0,20652.0,343.0,35584.0,5580.0,12.0,18230.0,4680.0,113.0,18107.0,38.0,41214.0,5593.0,9912.0,13887.0,7828.0,1476.0,660.0,1516.0,22244.0,6645.0,382.0,549.0,3844.0,20563.0,20652.0,35584.0,5580.0,12.0,3032.0,3755.0,11831.0,9396.0,5998.0,6916.0,286.0,41214.0,4092.0,3457.0,55.55,44.45,1.8,57.54,12.16,45.39,38.62,0.01,1.62,100.0,2.82,12.03,34.52,36.18,8.8,3.86,0.0,80.29,3.7,39882.0,31914.0,1295.0,41314.0,8729.0,32585.0,27725.0,10.0,1163.0,71796.0,2023.0,8634.0,24783.0,25976.0,6317.0,2768.0,0.0,57646.0,2653.0,12.96,0.59,6.61,0.36,23.13,0.07,0.44,51.16,0.17,1.27,0.45,0.02,0.02,0.36,54.21,45.79,0.0,4.76,23.94,28.44,39.39,15.28,0.47,44.68,0.18,100.0,10.91,21.35,9.65,0.0,7471.0,340.0,3809.0,210.0,13331.0,42.0,251.0,29494.0,98.0,734.0,259.0,10.0,12.0,207.0,31251.0,26395.0,0.0,2742.0,13798.0,16395.0,22707.0,8806.0,272.0,25756.0,104.0,57646.0,6291.0,12305.0,5565.0,0.0,55.83,44.17,1.54,4.72,23.42,28.51,39.48,15.13,0.49,44.71,0.19,100.0,10.86,20.99,10.24,0.25,2.7,11.87,34.94,36.33,9.19,3.42,0.0,33678.0,26642.0,930.0,2845.0,14127.0,17199.0,23812.0,9129.0,296.0,26967.0,116.0,60320.0,6548.0,12661.0,6177.0,153.0,1626.0,7162.0,21078.0,21915.0,5545.0,2063.0,0.0,12.89,0.58,6.57,0.35,23.08,0.07,0.43,51.1,0.16,1.26,0.45,0.04,0.02,0.43,39.48,15.13,0.49,44.71,0.19,100.0,17.87,16.13,49.04,16.97,7777.0,351.0,3964.0,210.0,13922.0,42.0,259.0,30822.0,98.0,758.0,271.0,22.0,12.0,258.0,23812.0,9129.0,296.0,26967.0,116.0,60320.0,10777.0,9731.0,29578.0,10235.0
3522307,50.09,49.91,1.6,96.04,3.85,0.09,70.97,2.33,1.26,25.37,0.04,100.0,7.21,20.38,34.04,24.28,6.57,4.48,1.43,18848.0,18781.0,603.0,36139.0,1448.0,32.0,26705.0,877.0,475.0,9545.0,14.0,37629.0,2714.0,7669.0,12810.0,9135.0,2473.0,1686.0,539.0,18210.0,6578.0,833.0,122.0,4163.0,18848.0,18781.0,36139.0,1448.0,32.0,3121.0,3525.0,9928.0,8217.0,5719.0,6838.0,281.0,37629.0,4736.0,2987.0,56.95,43.05,3.75,94.34,13.25,81.08,4.45,0.0,0.56,100.0,1.39,8.39,30.49,37.77,11.13,7.04,0.04,82.74,2.76,41170.0,31127.0,2708.0,68203.0,9582.0,58621.0,3216.0,0.0,407.0,72297.0,1007.0,6068.0,22044.0,27307.0,8044.0,5088.0,30.0,59818.0,1998.0,18.52,4.43,19.52,0.98,39.48,1.9,2.19,10.95,0.04,0.0,0.4,0.07,0.02,0.55,95.78,4.22,0.0,9.16,14.17,3.13,69.22,3.82,1.01,25.87,0.08,100.0,33.6,39.0,0.3,0.0,11114.0,2660.0,11713.0,591.0,23688.0,1140.0,1317.0,6571.0,23.0,0.0,240.0,42.0,10.0,331.0,57470.0,2532.0,0.0,5497.0,8501.0,1876.0,41534.0,2291.0,607.0,15521.0,48.0,60002.0,20162.0,23402.0,179.0,0.0,57.45,42.55,3.5,9.12,14.11,3.49,69.16,3.75,1.07,25.94,0.08,100.0,33.04,38.51,0.7,0.17,1.24,8.47,30.72,38.54,10.84,6.67,0.02,35527.0,26311.0,2167.0,5640.0,8723.0,2159.0,42765.0,2322.0,662.0,16040.0,48.0,61838.0,20432.0,23814.0,434.0,103.0,768.0,5235.0,18997.0,23834.0,6705.0,4122.0,10.0,18.15,4.43,19.32,0.95,39.38,1.87,2.14,11.19,0.04,0.04,0.47,0.07,0.02,0.75,69.14,3.74,1.07,25.97,0.08,100.0,14.94,13.62,50.52,20.91,11256.0,2746.0,11986.0,591.0,24426.0,1160.0,1330.0,6939.0,23.0,22.0,292.0,42.0,10.0,464.0,42892.0,2322.0,662.0,16108.0,48.0,62033.0,9269.0,8449.0,31342.0,12973.0
3522406,49.69,50.31,1.66,97.27,2.63,0.1,73.26,2.09,0.23,24.36,0.06,100.0,8.87,25.14,34.89,18.16,5.3,3.75,2.22,11165.0,11306.0,373.0,21858.0,590.0,23.0,16462.0,470.0,51.0,5474.0,13.0,22471.0,1993.0,5649.0,7841.0,4081.0,1192.0,843.0,499.0,11331.0,3938.0,429.0,180.0,2022.0,11174.0,11306.0,21866.0,590.0,23.0,1652.0,2340.0,6042.0,4768.0,3455.0,3976.0,247.0,22480.0,2292.0,2288.0,59.45,40.55,2.92,92.83,13.53,79.29,5.26,0.0,0.73,100.0,2.25,12.46,33.68,32.79,10.59,5.28,0.02,80.96,3.48,23510.0,16035.0,1156.0,36708.0,5352.0,31357.0,2080.0,0.0,288.0,39545.0,891.0,4927.0,13319.0,12968.0,4186.0,2088.0,9.0,32016.0,1378.0,22.69,2.11,14.92,1.26,37.37,0.22,1.94,16.94,0.0,0.0,0.35,0.03,0.0,0.48,94.74,5.26,0.0,10.65,18.43,5.87,68.6,4.07,0.17,27.16,0.0,100.0,29.64,34.37,0.19,0.0,7263.0,676.0,4777.0,404.0,11965.0,72.0,620.0,5425.0,0.0,0.0,113.0,11.0,0.0,153.0,30332.0,1684.0,0.0,3411.0,5901.0,1880.0,21962.0,1303.0,54.0,8697.0,0.0,32016.0,9491.0,11003.0,60.0,0.0,61.18,38.82,2.82,10.69,18.48,6.03,68.82,3.99,0.16,26.99,0.03,100.0,29.25,34.0,0.52,0.16,1.87,12.23,34.32,32.84,10.8,5.11,0.0,20456.0,12981.0,943.0,3574.0,6180.0,2017.0,23011.0,1335.0,54.0,9026.0,10.0,33437.0,9781.0,11369.0,175.0,54.0,626.0,4090.0,11477.0,10980.0,3610.0,1710.0,0.0,22.56,2.02,14.7,1.34,37.78,0.22,1.92,16.67,0.0,0.0,0.36,0.03,0.0,0.55,68.82,3.99,0.16,26.99,0.03,100.0,20.63,15.4,44.01,19.96,7544.0,676.0,4916.0,447.0,12632.0,72.0,642.0,5573.0,0.0,0.0,122.0,11.0,0.0,183.0,23011.0,1335.0,54.0,9026.0,10.0,33437.0,6899.0,5150.0,14715.0,6673.0
3522505,50.71,49.29,0.57,92.15,7.42,0.0,37.92,8.66,0.13,53.22,0.07,100.0,12.42,23.69,33.25,18.34,4.14,1.13,6.47,32751.0,31830.0,368.0,59513.0,4789.0,0.0,24491.0,5590.0,83.0,34372.0,46.0,64581.0,8021.0,15300.0,21471.0,11841.0,2675.0,729.0,4176.0,33371.0,14317.0,1025.0,920.0,3743.0,32751.0,31830.0,59513.0,4789.0,0.0,4933.0,9740.0,18258.0,13168.0,8512.0,9234.0,736.0,64581.0,4420.0,6786.0,56.34,43.66,1.34,54.06,11.07,42.99,35.19,0.02,2.51,100.0,2.32,11.38,34.6,37.73,9.23,3.39,0.01,75.86,2.32,54581.0,42294.0,1300.0,52371.0,10727.0,41644.0,34095.0,20.0,2434.0,96875.0,2250.0,11021.0,33515.0,36555.0,8940.0,3284.0,9.0,73489.0,2245.0,13.08,1.18,6.59,0.46,22.82,0.23,1.19,34.75,0.34,17.48,0.23,0.03,0.06,0.29,55.5,44.5,0.0,2.62,33.11,24.07,36.86,13.24,0.2,49.65,0.05,100.0,9.19,27.87,2.52,0.06,9616.0,869.0,4846.0,339.0,16773.0,167.0,872.0,25540.0,253.0,12844.0,167.0,23.0,43.0,216.0,40795.0,32703.0,0.0,1923.0,24336.0,17691.0,27093.0,9734.0,146.0,36489.0,36.0,73498.0,6754.0,20486.0,1855.0,47.0,56.98,43.02,1.25,2.58,33.0,24.41,36.99,13.21,0.19,49.56,0.05,100.0,8.99,27.43,2.72,0.19,2.05,10.64,34.53,38.8,9.35,3.37,0.01,43166.0,32593.0,946.0,1953.0,25003.0,18490.0,28026.0,10005.0,146.0,37546.0,36.0,75759.0,6811.0,20782.0,2058.0,141.0,1553.0,8062.0,26156.0,29398.0,7080.0,2555.0,9.0,12.8,1.16,6.56,0.45,22.72,0.22,1.16,34.81,0.33,17.55,0.29,0.03,0.06,0.34,36.99,13.2,0.19,49.57,0.05,100.0,15.54,14.77,56.32,13.38,9701.0,881.0,4974.0,339.0,17211.0,167.0,877.0,26378.0,253.0,13297.0,216.0,23.0,43.0,261.0,28026.0,10005.0,146.0,37555.0,36.0,75767.0,11775.0,11187.0,42669.0,10136.0
3522604,50.2,49.8,1.85,92.95,6.92,0.0,73.08,4.49,0.14,22.22,0.05,100.0,4.36,13.61,35.87,28.56,7.43,4.17,4.14,7587.0,7527.0,280.0,14048.0,1046.0,0.0,11046.0,679.0,21.0,3359.0,8.0,15114.0,659.0,2057.0,5421.0,4317.0,1123.0,631.0,625.0,7306.0,2662.0,507.0,135.0,1372.0,7587.0,7527.0,14048.0,1046.0,0.0,1245.0,2026.0,3855.0,2950.0,1969.0,2738.0,330.0,15114.0,1616.0,1516.0,55.84,44.16,4.23,89.83,8.77,81.06,3.17,0.0,0.78,100.0,0.43,4.54,23.52,42.72,16.55,7.97,0.03,82.14,2.06,20009.0,15822.0,1515.0,32186.0,3143.0,29043.0,1137.0,0.0,280.0,35831.0,155.0,1628.0,8428.0,15307.0,5931.0,2856.0,10.0,29431.0,738.0,15.44,7.96,23.31,0.64,38.76,0.19,1.78,9.65,0.0,0.0,0.49,0.0,0.04,0.42,96.74,3.26,0.0,12.5,11.2,2.0,71.32,5.5,0.15,22.95,0.07,100.0,39.37,34.37,0.11,0.0,4550.0,2347.0,6871.0,189.0,11425.0,57.0,525.0,2845.0,0.0,0.0,143.0,0.0,11.0,124.0,28514.0,961.0,0.0,3684.0,3300.0,589.0,21023.0,1622.0,44.0,6765.0,22.0,29475.0,11605.0,10132.0,31.0,0.0,56.58,43.42,3.7,12.37,11.39,2.1,71.34,5.57,0.18,22.84,0.07,100.0,39.18,34.21,0.17,0.03,0.48,4.2,24.34,43.88,15.83,7.54,0.03,17075.0,13105.0,1118.0,3732.0,3436.0,634.0,21530.0,1682.0,55.0,6892.0,22.0,30180.0,11825.0,10326.0,51.0,10.0,144.0,1267.0,7346.0,13243.0,4777.0,2275.0,10.0,15.27,7.88,23.06,0.67,39.21,0.19,1.77,9.65,0.0,0.0,0.47,0.0,0.04,0.41,71.27,5.6,0.18,22.87,0.07,100.0,18.14,16.21,44.93,20.72,4615.0,2382.0,6969.0,203.0,11850.0,57.0,534.0,2916.0,0.0,0.0,143.0,0.0,11.0,124.0,21541.0,1693.0,55.0,6913.0,22.0,30223.0,5483.0,4899.0,13578.0,6263.0
3522653,49.9,50.1,0.8,98.51,1.49,0.0,55.77,1.09,0.0,43.14,0.0,100.0,8.05,36.18,40.85,10.64,2.49,0.89,0.0,502.0,504.0,8.0,991.0,15.0,0.0,561.0,11.0,0.0,434.0,0.0,1006.0,81.0,364.0,411.0,107.0,25.0,9.0,0.0,545.0,231.0,6.0,0.0,39.0,502.0,504.0,991.0,15.0,0.0,31.0,43.0,312.0,210.0,237.0,173.0,0.0,1006.0,68.0,117.0,64.6,35.4,2.33,97.2,11.23,86.02,2.43,0.0,0.0,100.0,1.71,19.93,42.86,25.52,5.23,2.12,0.31,86.8,1.66,1248.0,684.0,45.0,1878.0,217.0,1662.0,47.0,0.0,0.0,1932.0,33.0,385.0,828.0,493.0,101.0,41.0,6.0,1677.0,32.0,36.14,4.47,28.74,1.31,17.95,0.18,0.66,9.0,0.0,0.0,0.0,0.0,0.0,0.06,98.21,1.79,0.0,23.32,25.28,12.58,48.78,3.4,0.0,47.76,0.0,100.0,15.68,22.84,0.06,0.0,606.0,75.0,482.0,22.0,301.0,3.0,11.0,151.0,0.0,0.0,0.0,0.0,0.0,1.0,1647.0,30.0,0.0,391.0,424.0,211.0,818.0,57.0,0.0,801.0,0.0,1677.0,263.0,383.0,1.0,0.0,66.94,33.06,2.52,23.05,25.22,12.76,48.8,3.45,0.0,47.75,0.0,100.0,15.51,22.76,0.29,0.0,1.35,20.95,43.36,25.16,4.45,2.05,0.18,1144.0,565.0,43.0,394.0,431.0,218.0,834.0,59.0,0.0,816.0,0.0,1709.0,265.0,389.0,5.0,0.0,23.0,358.0,741.0,430.0,76.0,35.0,3.0,35.87,4.39,28.55,1.29,18.43,0.18,0.76,8.84,0.0,0.0,0.0,0.0,0.0,0.06,48.8,3.45,0.0,47.75,0.0,100.0,27.62,13.87,52.02,6.55,613.0,75.0,488.0,22.0,315.0,3.0,13.0,151.0,0.0,0.0,0.0,0.0,0.0,1.0,834.0,59.0,0.0,816.0,0.0,1709.0,472.0,237.0,889.0,112.0
3522703,50.26,49.74,0.95,87.61,12.28,0.0,67.93,1.99,0.34,29.72,0.0,100.0,4.98,18.48,32.68,32.92,5.13,4.36,0.48,4669.0,4621.0,88.0,8139.0,1141.0,0.0,6311.0,185.0,32.0,2761.0,0.0,9290.0,463.0,1717.0,3036.0,3058.0,477.0,405.0,45.0,4207.0,1793.0,176.0,43.0,956.0,4669.0,4621.0,8139.0,1141.0,0.0,607.0,1553.0,2253.0,1648.0,1222.0,1804.0,203.0,9290.0,1192.0,922.0,56.46,43.54,2.38,94.75,20.21,74.54,3.14,0.0,0.93,100.0,0.66,7.06,26.09,44.72,12.33,6.75,0.0,74.91,2.77,11389.0,8783.0,481.0,19112.0,4076.0,15037.0,634.0,0.0,188.0,20172.0,133.0,1424.0,5263.0,9021.0,2488.0,1362.0,0.0,15111.0,559.0,19.95,4.11,17.22,0.95,44.62,0.0,1.08,9.15,0.0,0.0,0.3,0.0,0.0,0.42,96.7,3.31,0.0,15.67,7.84,2.45,70.71,3.37,0.11,25.76,0.05,100.0,41.24,31.12,0.06,0.0,3014.0,621.0,2602.0,144.0,6742.0,0.0,163.0,1383.0,0.0,0.0,46.0,0.0,0.0,63.0,14612.0,500.0,0.0,2368.0,1185.0,370.0,10685.0,509.0,16.0,3893.0,8.0,15111.0,6232.0,4702.0,9.0,0.0,57.6,42.4,2.85,15.44,8.12,3.0,70.84,3.3,0.1,25.7,0.05,100.0,40.42,30.76,0.12,0.1,0.48,5.97,25.44,46.48,11.99,6.8,0.0,9026.0,6645.0,446.0,2420.0,1272.0,470.0,11102.0,517.0,16.0,4027.0,8.0,15671.0,6334.0,4821.0,19.0,16.0,75.0,935.0,3986.0,7284.0,1879.0,1066.0,0.0,19.64,3.96,16.9,0.96,44.54,0.0,1.13,9.05,0.0,0.0,0.58,0.0,0.0,0.63,70.84,3.3,0.1,25.7,0.05,100.0,22.5,17.98,38.97,20.55,3078.0,621.0,2648.0,151.0,6980.0,0.0,177.0,1419.0,0.0,0.0,91.0,0.0,0.0,99.0,11102.0,517.0,16.0,4027.0,8.0,15671.0,3526.0,2817.0,6107.0,3221.0
3522802,48.59,51.41,1.06,90.22,9.81,0.0,75.51,1.4,0.81,21.46,0.84,100.0,7.59,29.03,38.22,16.84,4.12,1.71,1.49,1734.0,1835.0,38.0,3220.0,350.0,0.0,2695.0,50.0,29.0,766.0,30.0,3569.0,271.0,1036.0,1364.0,601.0,147.0,61.0,53.0,1890.0,586.0,34.0,15.0,354.0,1734.0,1835.0,3220.0,350.0,0.0,273.0,347.0,893.0,819.0,568.0,644.0,26.0,3569.0,357.0,333.0,59.92,40.06,1.81,92.45,17.85,74.6,6.24,0.0,1.21,100.0,1.57,13.71,40.61,30.59,7.7,3.99,0.0,78.27,2.59,3706.0,2478.0,112.0,5718.0,1104.0,4614.0,386.0,0.0,75.0,6185.0,97.0,848.0,2512.0,1892.0,476.0,247.0,0.0,4841.0,160.0,36.96,2.85,12.39,0.17,35.67,0.0,0.87,8.99,0.0,0.0,0.33,0.0,0.45,0.06,93.51,6.47,0.0,23.71,11.9,2.6,73.83,2.52,0.72,22.39,0.54,100.0,30.51,30.63,0.33,0.0,1789.0,138.0,600.0,8.0,1727.0,0.0,42.0,435.0,0.0,0.0,16.0,0.0,22.0,3.0,4527.0,313.0,0.0,1148.0,576.0,126.0,3574.0,122.0,35.0,1084.0,26.0,4841.0,1477.0,1483.0,16.0,0.0,58.18,41.82,1.9,23.5,11.94,2.84,73.64,2.5,0.76,22.58,0.52,100.0,29.84,30.24,0.42,0.82,1.42,13.92,40.78,29.64,8.46,3.86,0.0,2909.0,2091.0,95.0,1175.0,597.0,142.0,3682.0,125.0,38.0,1129.0,26.0,5000.0,1492.0,1512.0,21.0,41.0,71.0,696.0,2039.0,1482.0,423.0,193.0,0.0,36.74,3.04,12.16,0.16,35.2,0.0,1.06,9.26,0.0,0.0,0.52,0.0,0.44,0.06,73.64,2.5,0.76,22.58,0.52,100.0,24.5,16.7,43.06,15.74,1837.0,152.0,608.0,8.0,1760.0,0.0,53.0,463.0,0.0,0.0,26.0,0.0,22.0,3.0,3682.0,125.0,38.0,1129.0,26.0,5000.0,1225.0,835.0,2153.0,787.0
3522901,50.24,49.76,0.3,85.27,14.73,0.0,61.16,5.09,0.24,33.48,0.0,100.0,8.4,20.67,40.55,24.21,3.85,1.41,0.6,1855.0,1837.0,11.0,3148.0,544.0,0.0,2258.0,188.0,9.0,1236.0,0.0,3692.0,310.0,763.0,1497.0,894.0,142.0,52.0,22.0,1863.0,573.0,11.0,29.0,323.0,1855.0,1837.0,3148.0,544.0,0.0,245.0,380.0,939.0,761.0,540.0,810.0,17.0,3692.0,555.0,338.0,58.19,41.83,1.0,93.34,9.26,84.06,5.58,0.07,0.47,100.0,0.81,7.0,32.06,45.96,8.5,4.7,0.0,87.98,1.75,3951.0,2840.0,68.0,6338.0,629.0,5708.0,379.0,5.0,32.0,6790.0,55.0,475.0,2177.0,3121.0,577.0,319.0,0.0,5974.0,119.0,33.9,3.4,14.7,0.89,43.29,0.0,1.1,2.23,0.0,0.0,0.17,0.0,0.0,0.0,94.21,5.78,0.0,21.41,5.34,1.54,60.13,8.94,0.05,30.88,0.0,100.0,51.19,20.25,0.07,0.0,2025.0,203.0,878.0,53.0,2586.0,0.0,66.0,133.0,0.0,0.0,10.0,0.0,0.0,0.0,5628.0,345.0,0.0,1279.0,319.0,92.0,3592.0,534.0,3.0,1845.0,0.0,5974.0,3058.0,1210.0,4.0,0.0,59.21,40.81,0.87,20.99,5.52,2.1,60.08,8.83,0.05,31.04,0.0,100.0,50.64,19.96,0.43,0.1,0.69,6.91,32.24,47.05,7.91,4.33,0.0,3607.0,2486.0,53.0,1279.0,336.0,128.0,3660.0,538.0,3.0,1891.0,0.0,6092.0,3085.0,1216.0,26.0,6.0,42.0,421.0,1964.0,2866.0,482.0,264.0,0.0,33.24,3.53,14.54,0.87,43.35,0.0,1.08,2.31,0.0,0.0,0.39,0.0,0.0,0.08,60.08,8.83,0.05,31.04,0.0,100.0,24.75,20.99,43.29,10.98,2025.0,215.0,886.0,53.0,2641.0,0.0,66.0,141.0,0.0,0.0,24.0,0.0,0.0,5.0,3660.0,538.0,3.0,1891.0,0.0,6092.0,1508.0,1279.0,2637.0,669.0
3523008,49.94,50.06,1.91,86.2,13.8,0.0,39.17,5.5,0.45,54.88,0.0,100.0,12.46,23.01,42.54,14.48,1.23,2.58,1.8,445.0,446.0,17.0,768.0,123.0,0.0,349.0,49.0,4.0,489.0,0.0,891.0,111.0,205.0,379.0,129.0,11.0,23.0,16.0,493.0,157.0,3.0,3.0,48.0,445.0,446.0,768.0,123.0,0.0,68.0,52.0,245.0,219.0,117.0,182.0,8.0,891.0,73.0,114.0,60.38,39.62,1.3,67.04,16.04,51.06,31.31,0.0,1.0,100.0,3.3,11.5,39.92,34.26,6.01,3.71,0.0,75.83,6.49,1024.0,672.0,22.0,1137.0,272.0,866.0,531.0,0.0,17.0,1696.0,56.0,195.0,677.0,581.0,102.0,63.0,0.0,1286.0,110.0,13.3,28.3,5.52,0.47,17.11,0.0,1.01,32.66,0.0,0.0,0.0,0.0,0.86,0.0,67.11,32.89,0.0,14.54,26.44,1.4,30.72,10.03,0.62,58.71,0.0,100.0,36.31,18.12,2.18,0.0,171.0,364.0,71.0,6.0,220.0,0.0,13.0,420.0,0.0,0.0,0.0,0.0,11.0,0.0,863.0,423.0,0.0,187.0,340.0,18.0,395.0,129.0,8.0,755.0,0.0,1286.0,467.0,233.0,28.0,0.0,60.63,39.37,1.57,13.39,24.77,2.08,30.99,9.23,0.57,59.2,0.0,100.0,33.43,16.96,4.94,3.36,3.72,10.24,40.52,35.0,5.44,3.44,0.0,847.0,550.0,22.0,187.0,346.0,29.0,433.0,129.0,8.0,827.0,0.0,1397.0,467.0,237.0,69.0,47.0,52.0,143.0,566.0,489.0,76.0,48.0,0.0,12.24,26.06,5.3,0.43,18.54,0.0,1.22,34.65,0.0,0.0,0.0,0.0,0.79,0.0,30.99,9.23,0.57,59.2,0.0,100.0,18.83,17.97,53.4,9.74,171.0,364.0,74.0,6.0,259.0,0.0,17.0,484.0,0.0,0.0,0.0,0.0,11.0,0.0,433.0,129.0,8.0,827.0,0.0,1397.0,263.0,251.0,746.0,136.0
3523107,49.59,50.41,0.22,84.35,15.43,0.2,39.12,9.05,0.15,51.47,0.15,100.0,11.18,24.49,36.68,18.59,3.85,1.18,3.82,52481.0,53355.0,234.0,89268.0,16332.0,213.0,41402.0,9580.0,164.0,54469.0,164.0,105836.0,11831.0,25914.0,38819.0,19671.0,4073.0,1253.0,4041.0,53467.0,22900.0,870.0,1292.0,7503.0,52481.0,53355.0,89268.0,16332.0,213.0,7834.0,14907.0,28276.0,21611.0,14458.0,17596.0,1153.0,105836.0,9248.0,10557.0,57.36,42.64,0.69,55.08,12.48,42.6,40.72,0.0,1.08,100.0,2.96,13.21,36.34,36.33,7.73,2.73,0.02,80.58,2.69,94501.0,70264.0,1129.0,90750.0,20561.0,70188.0,67085.0,0.0,1786.0,164765.0,4869.0,21765.0,59871.0,59864.0,12742.0,4494.0,30.0,132764.0,4440.0,17.59,2.29,4.46,0.4,26.11,0.16,1.05,28.64,0.06,16.93,0.32,0.06,0.01,0.8,51.65,48.35,0.0,4.36,25.97,23.62,36.53,13.49,0.24,49.61,0.13,100.0,13.38,25.85,6.28,0.02,23354.0,3045.0,5916.0,535.0,34670.0,211.0,1388.0,38032.0,81.0,22473.0,427.0,83.0,11.0,1063.0,68574.0,64204.0,0.0,5790.0,34480.0,31359.0,48508.0,17912.0,313.0,65868.0,177.0,132779.0,17762.0,34319.0,8335.0,25.0,59.31,40.69,0.61,4.32,25.79,23.79,36.65,13.53,0.23,49.46,0.14,100.0,13.13,25.47,6.68,0.16,2.62,13.06,36.67,36.81,7.58,2.63,0.02,81421.0,55853.0,837.0,5928.0,35400.0,32662.0,50304.0,18576.0,313.0,67894.0,186.0,137273.0,18018.0,34963.0,9167.0,223.0,3597.0,17933.0,50341.0,50531.0,10405.0,3608.0,21.0,17.34,2.25,4.36,0.39,26.03,0.18,1.03,28.78,0.07,16.92,0.37,0.07,0.01,0.88,36.64,13.54,0.23,49.45,0.14,100.0,19.7,16.91,51.99,11.4,23810.0,3095.0,5989.0,535.0,35742.0,250.0,1411.0,39518.0,93.0,23234.0,504.0,94.0,11.0,1202.0,50304.0,18591.0,313.0,67894.0,186.0,137288.0,27046.0,23210.0,71375.0,15657.0
3523206,50.02,49.98,0.58,94.92,4.97,0.11,77.75,3.24,0.33,18.69,0.0,100.0,13.77,22.17,35.25,20.38,3.87,1.3,2.68,5736.0,5732.0,67.0,10885.0,570.0,13.0,8916.0,372.0,38.0,2143.0,0.0,11468.0,1579.0,2543.0,4042.0,2337.0,444.0,149.0,307.0,5606.0,2326.0,136.0,57.0,966.0,5736.0,5732.0,10885.0,570.0,13.0,1009.0,1167.0,3054.0,2128.0,1893.0,2075.0,142.0,11468.0,1142.0,1235.0,58.63,41.38,2.12,89.49,12.03,77.47,7.38,0.0,1.48,100.0,3.14,12.24,35.2,33.34,9.42,4.53,0.0,77.84,7.0,11300.0,7975.0,409.0,17249.0,2318.0,14931.0,1422.0,0.0,285.0,19274.0,606.0,2359.0,6785.0,6426.0,1815.0,874.0,0.0,15003.0,1350.0,34.27,7.61,12.02,0.3,36.24,0.07,1.31,5.25,0.0,0.0,0.91,0.13,0.07,0.13,93.9,6.1,0.0,14.34,13.31,4.26,75.43,3.33,0.51,20.57,0.15,100.0,35.34,31.95,0.0,0.0,5143.0,1142.0,1804.0,45.0,5438.0,10.0,196.0,788.0,0.0,0.0,137.0,20.0,10.0,20.0,14092.0,915.0,0.0,2152.0,1998.0,640.0,11320.0,499.0,77.0,3087.0,22.0,15007.0,5303.0,4795.0,0.0,0.0,59.81,40.19,1.87,13.94,13.87,4.49,75.02,3.23,0.54,21.07,0.13,100.0,33.57,31.47,0.88,0.86,3.12,11.97,36.13,33.91,8.92,4.08,0.0,9780.0,6572.0,306.0,2279.0,2268.0,735.0,12268.0,528.0,88.0,3446.0,22.0,16353.0,5490.0,5147.0,144.0,140.0,511.0,1957.0,5908.0,5546.0,1458.0,667.0,0.0,33.6,7.09,11.49,0.28,36.76,0.06,1.41,5.92,0.0,0.0,1.2,0.12,0.06,0.21,75.01,3.23,0.54,21.09,0.13,100.0,23.88,18.81,40.03,17.28,5496.0,1160.0,1879.0,45.0,6013.0,10.0,231.0,969.0,0.0,0.0,197.0,20.0,10.0,34.0,12268.0,528.0,88.0,3449.0,22.0,16356.0,3906.0,3077.0,6547.0,2827.0
3523305,50.25,49.75,0.6,88.05,11.93,0.0,40.45,4.38,1.05,53.68,0.42,100.0,18.82,35.02,23.56,12.61,4.74,0.66,3.98,1917.0,1898.0,23.0,3359.0,455.0,0.0,1543.0,167.0,40.0,2048.0,16.0,3815.0,718.0,1336.0,899.0,481.0,181.0,25.0,152.0,2228.0,641.0,25.0,19.0,208.0,1917.0,1898.0,3359.0,455.0,0.0,190.0,250.0,1116.0,1020.0,613.0,617.0,10.0,3815.0,305.0,389.0,60.88,39.12,1.33,77.0,17.56,59.43,20.34,0.0,2.06,100.0,4.89,22.16,33.53,28.48,7.95,1.53,0.13,77.21,2.45,3660.0,2352.0,80.0,4629.0,1056.0,3573.0,1223.0,0.0,124.0,6012.0,294.0,1332.0,2016.0,1712.0,478.0,92.0,8.0,4642.0,147.0,23.18,21.89,9.65,0.37,27.21,0.32,3.1,8.44,0.0,0.0,2.65,0.0,0.13,1.14,74.9,25.12,0.0,13.51,18.76,4.31,39.27,10.12,1.98,48.56,0.06,100.0,27.68,34.49,0.32,0.62,1076.0,1016.0,448.0,17.0,1263.0,15.0,144.0,392.0,0.0,0.0,123.0,0.0,6.0,53.0,3477.0,1166.0,0.0,627.0,871.0,200.0,1823.0,470.0,92.0,2254.0,3.0,4642.0,1285.0,1601.0,15.0,29.0,59.13,40.87,1.54,13.39,19.02,4.52,39.74,10.18,1.92,48.1,0.06,100.0,27.27,33.94,0.56,0.96,4.59,22.52,31.44,29.63,8.53,1.75,0.0,2836.0,1960.0,74.0,642.0,912.0,217.0,1906.0,488.0,92.0,2307.0,3.0,4796.0,1308.0,1628.0,27.0,46.0,220.0,1080.0,1508.0,1421.0,409.0,84.0,0.0,23.02,21.48,9.61,0.35,27.65,0.31,3.0,8.44,0.0,0.0,2.86,0.0,0.13,1.27,39.74,10.18,1.92,48.1,0.06,100.0,27.04,19.41,41.58,11.95,1104.0,1030.0,461.0,17.0,1326.0,15.0,144.0,405.0,0.0,0.0,137.0,0.0,6.0,61.0,1906.0,488.0,92.0,2307.0,3.0,4796.0,1297.0,931.0,1994.0,573.0
3523404,49.77,50.23,4.55,92.94,6.92,0.04,63.98,4.83,0.18,30.9,0.11,100.0,2.95,11.81,30.25,30.04,10.78,8.1,1.53,14352.0,14483.0,1312.0,26799.0,1994.0,11.0,18449.0,1393.0,52.0,8909.0,32.0,28835.0,850.0,3405.0,8722.0,8661.0,3108.0,2336.0,440.0,13488.0,4653.0,774.0,256.0,4056.0,14373.0,14483.0,26820.0,1994.0,11.0,2832.0,3958.0,7288.0,5798.0,3520.0,4924.0,537.0,28856.0,2968.0,2661.0,55.56,44.44,7.28,83.24,9.81,73.43,9.44,0.03,0.47,100.0,0.46,4.06,19.75,41.44,16.4,10.6,0.0,81.16,1.73,35235.0,28180.0,4619.0,52787.0,6222.0,46565.0,5987.0,20.0,299.0,63415.0,293.0,2575.0,12524.0,26278.0,10401.0,6725.0,0.0,51468.0,1094.0,12.32,1.13,10.78,0.46,54.23,0.18,1.6,17.67,0.04,0.02,0.27,0.02,0.02,0.3,89.26,10.74,0.0,6.13,21.65,4.42,61.19,7.48,0.36,30.94,0.04,100.0,29.51,37.66,0.13,0.04,6364.0,586.0,5566.0,239.0,28012.0,92.0,825.0,9130.0,20.0,12.0,138.0,11.0,11.0,155.0,46106.0,5550.0,0.0,3169.0,11182.0,2281.0,31607.0,3862.0,187.0,15981.0,19.0,51656.0,15246.0,19456.0,67.0,22.0,56.62,43.39,6.75,6.0,21.69,4.78,61.49,7.5,0.4,30.57,0.04,100.0,29.23,37.46,0.17,0.13,0.34,4.16,20.14,42.84,16.37,9.41,0.0,29764.0,22809.0,3549.0,3153.0,11404.0,2513.0,32328.0,3944.0,210.0,16070.0,19.0,52572.0,15367.0,19695.0,89.0,68.0,177.0,2186.0,10586.0,22521.0,8604.0,4949.0,0.0,12.28,1.11,10.63,0.48,54.11,0.2,1.58,17.67,0.04,0.02,0.3,0.02,0.02,0.44,61.43,7.51,0.4,30.63,0.04,100.0,14.85,14.5,45.09,25.56,6478.0,586.0,5607.0,251.0,28548.0,103.0,836.0,9324.0,20.0,12.0,157.0,11.0,11.0,233.0,32411.0,3960.0,210.0,16161.0,19.0,52761.0,7835.0,7651.0,23790.0,13486.0
3523503,49.52,50.48,0.77,90.29,9.71,0.0,66.41,6.32,0.4,26.88,0.0,100.0,4.79,25.65,35.5,25.47,3.89,3.91,0.0,2493.0,2541.0,39.0,4545.0,489.0,0.0,3343.0,318.0,20.0,1353.0,0.0,5034.0,241.0,1291.0,1787.0,1282.0,196.0,197.0,0.0,2531.0,1024.0,0.0,37.0,462.0,2493.0,2541.0,4545.0,489.0,0.0,461.0,673.0,1211.0,1026.0,683.0,910.0,70.0,5034.0,442.0,538.0,61.46,38.55,1.42,84.32,11.7,72.63,14.04,0.0,0.65,100.0,1.35,10.06,32.01,40.22,8.99,5.94,0.0,85.08,1.6,5234.0,3283.0,121.0,7181.0,996.0,6185.0,1196.0,0.0,55.0,8516.0,115.0,857.0,2726.0,3425.0,766.0,506.0,0.0,7245.0,136.0,21.56,5.3,5.52,0.11,29.45,0.0,3.78,31.54,0.0,0.0,0.95,0.0,0.0,0.33,84.82,15.2,0.0,14.67,32.35,8.03,63.23,9.15,0.14,27.48,0.0,100.0,20.81,23.57,0.15,0.0,1562.0,384.0,400.0,8.0,2134.0,0.0,274.0,2285.0,0.0,0.0,69.0,0.0,0.0,24.0,6145.0,1101.0,0.0,1063.0,2344.0,582.0,4581.0,663.0,10.0,1991.0,0.0,7245.0,1508.0,1708.0,11.0,0.0,62.53,37.47,1.52,14.4,32.46,8.26,62.63,9.29,0.14,27.94,0.0,100.0,20.43,23.28,0.62,0.0,1.15,9.63,31.73,40.9,9.48,5.6,0.0,4615.0,2766.0,112.0,1063.0,2396.0,610.0,4623.0,686.0,10.0,2062.0,0.0,7381.0,1508.0,1718.0,46.0,0.0,85.0,711.0,2342.0,3019.0,700.0,413.0,0.0,21.28,5.34,5.58,0.11,29.45,0.0,3.85,31.54,0.0,0.0,0.93,0.0,0.0,0.33,62.63,9.29,0.14,27.94,0.0,100.0,25.85,20.57,38.21,15.38,1571.0,394.0,412.0,8.0,2174.0,0.0,284.0,2328.0,0.0,0.0,69.0,0.0,0.0,24.0,4623.0,686.0,10.0,2062.0,0.0,7381.0,1908.0,1518.0,2820.0,1135.0
3523602,50.34,49.66,1.0,85.16,14.82,0.0,61.94,5.52,0.13,32.38,0.0,100.0,7.79,20.63,31.56,25.65,7.79,4.36,1.19,1906.0,1880.0,38.0,3224.0,561.0,0.0,2345.0,209.0,5.0,1226.0,0.0,3786.0,295.0,781.0,1195.0,971.0,295.0,165.0,45.0,1672.0,973.0,58.0,25.0,361.0,1916.0,1880.0,3234.0,561.0,0.0,303.0,819.0,862.0,685.0,489.0,591.0,48.0,3796.0,243.0,465.0,57.14,42.86,2.48,88.23,14.69,73.53,6.95,0.0,0.31,100.0,2.2,9.08,28.39,36.43,14.05,7.27,0.08,77.77,2.71,3733.0,2800.0,162.0,5764.0,960.0,4804.0,454.0,0.0,20.0,6533.0,144.0,593.0,1855.0,2380.0,918.0,475.0,5.0,5081.0,177.0,24.6,14.78,8.83,0.45,33.86,0.18,6.69,8.95,0.0,0.0,0.53,0.26,0.02,0.31,92.85,7.15,0.0,16.23,8.32,1.77,59.03,6.71,0.31,33.94,0.0,100.0,37.26,35.98,0.12,0.08,1253.0,753.0,450.0,23.0,1725.0,9.0,341.0,456.0,0.0,0.0,27.0,13.0,1.0,16.0,4730.0,364.0,0.0,827.0,424.0,90.0,3007.0,342.0,16.0,1729.0,0.0,5094.0,1898.0,1833.0,6.0,4.0,57.84,42.16,2.26,15.92,9.13,1.86,58.94,6.5,0.3,34.25,0.0,100.0,36.57,35.26,0.3,0.49,2.23,10.14,28.36,36.61,12.95,7.46,0.0,3041.0,2217.0,119.0,837.0,480.0,98.0,3099.0,342.0,16.0,1801.0,0.0,5258.0,1923.0,1854.0,16.0,26.0,117.0,533.0,1491.0,1925.0,681.0,392.0,0.0,23.97,14.54,8.98,0.44,33.74,0.17,6.57,9.01,0.0,0.0,0.97,0.25,0.02,0.3,58.98,6.49,0.3,34.25,0.0,100.0,19.79,21.54,43.19,15.48,1263.0,766.0,473.0,23.0,1778.0,9.0,346.0,475.0,0.0,0.0,51.0,13.0,1.0,16.0,3108.0,342.0,16.0,1805.0,0.0,5270.0,1043.0,1135.0,2276.0,816.0
3523701,48.93,51.07,0.0,90.62,9.38,0.0,52.65,8.52,0.0,38.83,0.0,100.0,8.74,32.09,40.76,16.19,1.5,0.79,0.0,683.0,713.0,0.0,1265.0,131.0,0.0,735.0,119.0,0.0,542.0,0.0,1396.0,122.0,448.0,569.0,226.0,21.0,11.0,0.0,782.0,224.0,9.0,0.0,87.0,683.0,713.0,1265.0,131.0,0.0,88.0,61.0,412.0,319.0,239.0,272.0,5.0,1396.0,155.0,139.0,59.46,40.54,0.9,74.21,23.53,50.68,25.14,0.0,0.43,100.0,1.19,12.73,36.73,39.14,6.4,2.81,0.11,75.11,0.72,1653.0,1127.0,25.0,2063.0,654.0,1409.0,699.0,0.0,12.0,2780.0,33.0,354.0,1021.0,1088.0,178.0,78.0,3.0,2088.0,20.0,28.54,7.23,7.09,0.14,30.51,0.0,11.78,13.12,0.0,0.0,0.72,0.0,0.29,0.29,66.95,33.05,0.0,13.03,20.21,0.86,50.53,9.53,0.34,39.61,0.0,100.0,31.75,34.15,0.0,0.0,596.0,151.0,148.0,3.0,637.0,0.0,246.0,274.0,0.0,0.0,15.0,0.0,6.0,6.0,1398.0,690.0,0.0,272.0,422.0,18.0,1055.0,199.0,7.0,827.0,0.0,2088.0,663.0,713.0,0.0,0.0,58.35,41.65,0.62,12.9,20.16,1.0,50.66,9.44,0.33,39.56,0.0,100.0,31.78,33.82,0.14,0.14,1.23,12.38,38.61,38.19,5.69,3.18,0.14,1230.0,878.0,13.0,272.0,425.0,21.0,1068.0,199.0,7.0,834.0,0.0,2108.0,670.0,713.0,3.0,3.0,26.0,261.0,814.0,805.0,120.0,67.0,3.0,28.27,7.16,7.02,0.14,31.02,0.0,11.67,13.14,0.0,0.0,0.71,0.0,0.28,0.28,50.66,9.44,0.33,39.56,0.0,100.0,26.8,16.79,45.35,11.1,596.0,151.0,148.0,3.0,654.0,0.0,246.0,277.0,0.0,0.0,15.0,0.0,6.0,6.0,1068.0,199.0,7.0,834.0,0.0,2108.0,565.0,354.0,956.0,234.0
3523800,49.7,50.3,0.18,83.15,16.85,0.0,61.67,3.33,0.0,34.88,0.12,100.0,4.52,16.37,45.6,25.42,5.54,1.9,0.48,835.0,845.0,3.0,1397.0,283.0,0.0,1036.0,56.0,0.0,586.0,2.0,1680.0,76.0,275.0,766.0,427.0,93.0,32.0,8.0,882.0,275.0,17.0,8.0,142.0,835.0,845.0,1397.0,283.0,0.0,138.0,104.0,502.0,358.0,267.0,285.0,25.0,1680.0,135.0,220.0,60.22,39.78,1.0,77.7,10.29,67.38,20.01,0.12,2.17,100.0,1.05,6.45,35.2,41.0,10.67,4.54,0.1,86.27,1.24,2522.0,1666.0,42.0,3254.0,431.0,2822.0,838.0,5.0,91.0,4188.0,44.0,270.0,1474.0,1717.0,447.0,190.0,4.0,3613.0,52.0,23.28,3.49,12.7,0.61,28.4,0.0,3.24,26.07,0.0,0.0,1.94,0.0,0.0,0.0,77.69,22.31,0.0,14.42,11.43,2.52,59.12,7.22,0.08,33.49,0.06,100.0,29.56,41.35,0.61,0.08,841.0,126.0,459.0,22.0,1026.0,0.0,117.0,942.0,0.0,0.0,70.0,0.0,0.0,0.0,2807.0,806.0,0.0,521.0,413.0,91.0,2136.0,261.0,3.0,1210.0,2.0,3613.0,1068.0,1494.0,22.0,3.0,59.32,40.68,1.01,14.22,11.43,2.56,59.07,7.26,0.08,33.53,0.05,100.0,29.3,41.2,0.6,0.46,1.06,6.17,36.13,40.9,10.48,4.17,0.11,2174.0,1491.0,37.0,521.0,419.0,94.0,2165.0,266.0,3.0,1229.0,2.0,3665.0,1074.0,1510.0,22.0,17.0,39.0,226.0,1324.0,1499.0,384.0,153.0,4.0,22.95,3.44,12.52,0.65,28.46,0.0,3.19,26.08,0.0,0.0,2.02,0.0,0.0,0.14,59.07,7.26,0.08,33.53,0.05,100.0,27.8,17.05,41.75,13.42,841.0,126.0,459.0,24.0,1043.0,0.0,117.0,956.0,0.0,0.0,74.0,0.0,0.0,5.0,2165.0,266.0,3.0,1229.0,2.0,3665.0,1019.0,625.0,1530.0,492.0
3523909,50.39,49.61,2.77,94.63,5.19,0.06,65.15,4.98,0.55,29.32,0.0,100.0,5.95,16.19,33.6,29.16,7.43,3.63,1.27,19129.0,18836.0,1052.0,35925.0,1972.0,21.0,24735.0,1889.0,210.0,11130.0,0.0,37965.0,2258.0,6146.0,12757.0,11069.0,2821.0,1379.0,483.0,19238.0,6489.0,694.0,168.0,3804.0,19129.0,18836.0,35925.0,1972.0,21.0,3306.0,3740.0,10469.0,8310.0,5131.0,6817.0,191.0,37965.0,3871.0,3700.0,56.42,43.58,5.36,90.4,12.36,78.04,6.81,0.01,0.6,100.0,1.12,5.97,24.55,41.82,13.27,7.92,0.0,83.19,1.58,46083.0,35596.0,4377.0,73834.0,10094.0,63741.0,5561.0,9.0,488.0,81678.0,917.0,4874.0,20048.0,34154.0,10839.0,6469.0,0.0,67952.0,1294.0,14.93,4.51,12.2,0.18,44.28,0.4,2.49,19.05,0.03,0.0,0.35,0.06,0.06,0.3,92.62,7.38,0.0,7.63,19.65,3.84,61.47,7.11,0.48,30.87,0.06,100.0,29.39,39.16,0.07,0.02,10149.0,3065.0,8295.0,125.0,30099.0,270.0,1692.0,12952.0,22.0,0.0,241.0,44.0,44.0,205.0,62956.0,5019.0,0.0,5184.0,13360.0,2607.0,41782.0,4836.0,327.0,20986.0,44.0,67975.0,19978.0,26616.0,47.0,13.0,57.66,42.34,4.51,7.69,19.75,4.15,61.51,7.16,0.5,30.77,0.06,100.0,29.08,38.73,0.16,0.08,1.01,5.99,24.57,42.76,13.73,7.43,0.0,39963.0,29348.0,3123.0,5327.0,13690.0,2879.0,42635.0,4961.0,347.0,21324.0,44.0,69311.0,20156.0,26841.0,112.0,55.0,702.0,4149.0,17031.0,29638.0,9517.0,5152.0,0.0,14.88,4.44,12.12,0.19,44.15,0.39,2.51,18.99,0.05,0.0,0.46,0.06,0.06,0.37,61.5,7.17,0.5,30.77,0.06,100.0,17.01,15.04,47.39,20.57,10319.0,3076.0,8406.0,135.0,30613.0,270.0,1739.0,13165.0,32.0,0.0,317.0,44.0,44.0,258.0,42640.0,4968.0,347.0,21335.0,44.0,69333.0,11791.0,10427.0,32855.0,14261.0
3524006,51.51,48.49,3.54,82.98,17.02,0.0,56.33,5.89,0.66,36.93,0.1,100.0,4.35,13.6,29.13,30.97,10.08,6.46,1.86,9594.0,9031.0,660.0,15454.0,3170.0,0.0,10490.0,1097.0,123.0,6878.0,18.0,18624.0,811.0,2533.0,5425.0,5767.0,1878.0,1204.0,346.0,8938.0,3040.0,358.0,48.0,1892.0,9594.0,9031.0,15454.0,3170.0,0.0,1455.0,1830.0,5047.0,3941.0,2581.0,3660.0,111.0,18624.0,1636.0,2712.0,58.21,41.79,6.15,74.91,11.63,63.29,23.1,0.0,0.6,100.0,0.79,5.16,21.5,42.98,14.46,8.96,0.0,83.48,2.87,20659.0,14831.0,2184.0,26586.0,4126.0,22461.0,8197.0,0.0,214.0,35490.0,282.0,1831.0,7630.0,15252.0,5131.0,3180.0,0.0,29626.0,1019.0,13.41,3.36,9.56,0.64,49.56,0.09,2.5,18.27,0.05,0.08,0.71,0.13,0.0,0.34,74.46,25.54,0.0,6.62,17.19,7.55,51.79,8.09,0.73,39.22,0.17,100.0,29.73,38.07,0.19,0.0,3979.0,996.0,2836.0,190.0,14708.0,28.0,742.0,5421.0,16.0,23.0,211.0,39.0,0.0,100.0,22097.0,7581.0,0.0,1964.0,5102.0,2241.0,15369.0,2401.0,218.0,11640.0,51.0,29678.0,8822.0,11297.0,55.0,0.0,58.71,41.29,6.04,6.56,17.3,8.1,51.88,8.06,0.81,39.09,0.17,100.0,29.41,37.36,0.31,0.25,0.73,4.8,21.68,43.84,14.27,8.64,0.0,18000.0,12658.0,1852.0,2012.0,5305.0,2482.0,15904.0,2471.0,247.0,11985.0,51.0,30658.0,9016.0,11453.0,94.0,77.0,223.0,1473.0,6648.0,13439.0,4374.0,2649.0,0.0,13.19,3.24,9.47,0.62,49.76,0.09,2.48,18.17,0.05,0.07,0.76,0.15,0.0,0.52,51.88,8.05,0.8,39.1,0.17,100.0,15.9,14.34,47.33,22.42,4050.0,996.0,2907.0,190.0,15282.0,28.0,762.0,5580.0,16.0,23.0,233.0,45.0,0.0,159.0,15932.0,2471.0,247.0,12009.0,51.0,30710.0,4883.0,4404.0,14536.0,6886.0
3524105,52.05,47.95,3.04,92.41,7.33,0.25,59.79,6.37,0.97,32.74,0.13,100.0,3.45,21.89,33.56,27.25,7.34,2.76,0.7,4446.0,4095.0,260.0,7893.0,626.0,21.0,5107.0,544.0,83.0,2796.0,11.0,8541.0,295.0,1870.0,2866.0,2327.0,627.0,236.0,60.0,3940.0,1252.0,207.0,129.0,1194.0,4446.0,4095.0,7893.0,626.0,21.0,1012.0,947.0,1914.0,1791.0,1165.0,1569.0,143.0,8541.0,968.0,852.0,55.63,44.36,4.95,89.12,13.66,75.46,9.34,0.05,0.78,100.0,0.81,7.62,26.91,42.14,11.68,5.77,0.11,83.19,1.66,10304.0,8217.0,917.0,16507.0,2531.0,13976.0,1730.0,10.0,144.0,18522.0,150.0,1411.0,4985.0,7805.0,2164.0,1068.0,21.0,15409.0,307.0,14.91,11.83,20.12,1.53,37.82,0.0,2.68,9.5,0.0,0.0,0.29,0.0,0.0,0.34,89.3,10.7,0.0,13.58,13.23,4.76,56.21,10.13,0.53,33.01,0.11,100.0,36.78,31.17,0.28,0.0,2298.0,1823.0,3101.0,235.0,5828.0,0.0,413.0,1464.0,0.0,0.0,45.0,0.0,0.0,52.0,13761.0,1649.0,0.0,2093.0,2038.0,734.0,8661.0,1561.0,82.0,5087.0,17.0,15409.0,5667.0,4803.0,43.0,0.0,56.84,43.16,4.29,13.44,13.47,4.79,56.55,10.0,0.52,32.82,0.11,100.0,36.49,30.85,0.41,0.21,0.7,7.57,28.71,42.37,10.66,5.64,0.06,8934.0,6783.0,674.0,2113.0,2117.0,753.0,8888.0,1571.0,82.0,5158.0,17.0,15717.0,5735.0,4849.0,64.0,33.0,110.0,1189.0,4512.0,6660.0,1676.0,886.0,10.0,14.85,11.68,19.98,1.5,37.8,0.0,2.68,9.49,0.0,0.0,0.42,0.0,0.0,0.46,56.55,10.0,0.52,32.82,0.11,100.0,21.05,16.09,40.99,21.87,2334.0,1835.0,3140.0,235.0,5941.0,0.0,421.0,1492.0,0.0,0.0,66.0,0.0,0.0,73.0,8888.0,1571.0,82.0,5158.0,17.0,15717.0,3308.0,2529.0,6442.0,3438.0
3524204,50.66,49.41,0.9,83.18,16.89,0.0,50.8,6.37,0.21,42.35,0.28,100.0,2.49,23.53,34.67,30.73,5.4,2.15,0.14,732.0,714.0,13.0,1202.0,244.0,0.0,734.0,92.0,3.0,612.0,4.0,1445.0,36.0,340.0,501.0,444.0,78.0,31.0,2.0,735.0,218.0,44.0,5.0,127.0,732.0,714.0,1202.0,244.0,0.0,161.0,89.0,368.0,324.0,208.0,292.0,3.0,1445.0,173.0,143.0,57.65,42.35,2.45,70.55,8.67,61.88,26.97,0.0,1.88,100.0,0.66,8.82,26.31,46.88,9.64,5.27,0.0,86.62,2.23,1836.0,1349.0,78.0,2247.0,276.0,1971.0,859.0,0.0,60.0,3185.0,21.0,281.0,838.0,1493.0,307.0,168.0,0.0,2759.0,71.0,21.96,13.48,11.85,0.0,21.35,0.0,1.27,28.02,0.0,0.0,1.34,0.14,0.0,0.51,71.29,28.71,0.0,20.95,17.76,4.35,50.74,9.93,0.29,38.2,0.8,100.0,32.29,24.43,0.11,0.0,606.0,372.0,327.0,0.0,589.0,0.0,35.0,773.0,0.0,0.0,37.0,4.0,0.0,14.0,1967.0,792.0,0.0,578.0,490.0,120.0,1400.0,274.0,8.0,1054.0,22.0,2759.0,891.0,674.0,3.0,0.0,57.77,42.19,1.94,20.42,17.74,4.98,51.02,10.07,0.28,37.84,0.78,100.0,31.59,24.13,0.42,0.57,0.74,8.73,26.75,47.03,9.58,5.19,0.0,1635.0,1194.0,55.0,578.0,502.0,141.0,1444.0,285.0,8.0,1071.0,22.0,2830.0,894.0,683.0,12.0,16.0,21.0,247.0,757.0,1331.0,271.0,147.0,0.0,21.41,13.14,11.66,0.0,22.26,0.0,1.24,27.7,0.0,0.0,1.73,0.14,0.0,0.6,51.02,10.07,0.28,37.84,0.78,100.0,23.25,17.35,38.45,20.95,606.0,372.0,330.0,0.0,630.0,0.0,35.0,784.0,0.0,0.0,49.0,4.0,0.0,17.0,1444.0,285.0,8.0,1071.0,22.0,2830.0,658.0,491.0,1088.0,593.0
3524303,50.77,49.23,3.2,93.11,6.76,0.12,61.73,4.84,1.33,32.11,0.0,100.0,4.28,15.65,34.64,26.87,8.49,5.28,1.59,8303.0,8050.0,523.0,15227.0,1106.0,19.0,10094.0,791.0,217.0,5251.0,0.0,16353.0,700.0,2560.0,5664.0,4394.0,1388.0,863.0,260.0,7426.0,2600.0,722.0,122.0,2088.0,8303.0,8050.0,15227.0,1106.0,19.0,1774.0,1899.0,4118.0,3163.0,2258.0,2910.0,231.0,16353.0,1779.0,1615.0,55.81,44.19,4.79,92.59,14.3,78.29,5.47,0.04,1.0,100.0,0.84,5.99,26.03,39.3,13.46,9.54,0.06,81.32,2.42,19136.0,15154.0,1642.0,31749.0,4904.0,26845.0,1877.0,12.0,343.0,34290.0,289.0,2053.0,8924.0,13475.0,4616.0,3271.0,20.0,27885.0,830.0,14.45,6.42,20.8,1.62,48.18,0.08,0.79,6.07,0.0,0.0,0.41,0.0,0.04,0.35,94.69,5.31,0.0,11.77,9.97,1.47,61.99,7.42,1.14,29.45,0.0,100.0,46.81,29.5,0.04,0.0,4031.0,1791.0,5802.0,451.0,13439.0,23.0,220.0,1693.0,0.0,0.0,115.0,0.0,10.0,97.0,26413.0,1481.0,0.0,3283.0,2782.0,410.0,17291.0,2069.0,319.0,8215.0,0.0,27894.0,13058.0,8228.0,11.0,0.0,56.13,43.87,4.56,11.57,9.96,1.72,62.26,7.39,1.14,29.21,0.0,100.0,46.08,29.14,0.55,0.35,0.94,6.07,27.57,38.75,13.16,8.96,0.0,16128.0,12607.0,1309.0,3325.0,2863.0,495.0,17889.0,2123.0,329.0,8394.0,0.0,28735.0,13241.0,8372.0,158.0,102.0,269.0,1744.0,7922.0,11135.0,3782.0,2574.0,0.0,14.23,6.27,20.27,1.65,48.17,0.14,0.85,6.41,0.0,0.0,0.53,0.0,0.03,0.46,62.24,7.39,1.14,29.23,0.0,100.0,17.43,15.44,39.74,27.39,4090.0,1801.0,5826.0,475.0,13846.0,39.0,244.0,1841.0,0.0,0.0,153.0,0.0,10.0,133.0,17889.0,2123.0,329.0,8402.0,0.0,28743.0,5010.0,4438.0,11423.0,7872.0
3524402,49.27,50.73,2.75,89.45,10.42,0.09,65.13,4.87,0.61,29.22,0.13,100.0,7.92,17.09,30.59,24.23,8.87,6.3,2.24,29839.0,30722.0,1665.0,54171.0,6308.0,53.0,39447.0,2950.0,372.0,17697.0,76.0,60562.0,4799.0,10353.0,18524.0,14675.0,5371.0,3817.0,1356.0,28081.0,9749.0,1875.0,243.0,8636.0,29839.0,30722.0,54171.0,6308.0,53.0,5565.0,7917.0,15716.0,11892.0,8570.0,10355.0,546.0,60562.0,4761.0,7217.0,55.6,44.4,5.2,76.58,12.39,64.19,20.25,0.03,1.14,100.0,1.71,7.46,26.69,36.24,13.65,9.01,0.03,81.23,3.23,62610.0,49999.0,5860.0,86235.0,13948.0,72288.0,22800.0,35.0,1286.0,112608.0,1921.0,8403.0,30060.0,40806.0,15375.0,10150.0,33.0,91472.0,3640.0,13.12,6.85,8.0,0.36,39.56,0.51,3.57,25.99,0.04,0.01,0.22,0.03,0.05,0.45,77.08,22.93,0.0,5.48,25.13,6.19,62.25,6.98,0.9,29.81,0.06,100.0,22.18,40.21,0.23,0.01,12006.0,6267.0,7316.0,328.0,36197.0,470.0,3263.0,23782.0,37.0,8.0,198.0,30.0,43.0,409.0,70526.0,20978.0,0.0,5016.0,22996.0,5663.0,56964.0,6385.0,821.0,27276.0,57.0,91503.0,20295.0,36797.0,215.0,10.0,56.83,43.17,4.65,5.43,24.95,6.63,62.35,6.97,0.87,29.74,0.06,100.0,21.8,39.74,0.54,0.23,1.59,7.5,27.13,36.51,13.77,8.83,0.01,54056.0,41067.0,4427.0,5162.0,23729.0,6308.0,59313.0,6629.0,832.0,28292.0,57.0,95122.0,20736.0,37803.0,514.0,223.0,1515.0,7136.0,25806.0,34726.0,13101.0,8399.0,11.0,12.94,6.68,7.94,0.4,39.6,0.5,3.52,26.0,0.04,0.02,0.24,0.03,0.05,0.55,62.35,6.97,0.87,29.74,0.06,100.0,11.79,11.19,50.57,26.45,12317.0,6359.0,7559.0,381.0,37678.0,480.0,3351.0,24742.0,37.0,17.0,228.0,30.0,43.0,526.0,59333.0,6629.0,832.0,28303.0,57.0,95154.0,11221.0,10651.0,48117.0,25165.0
3524501,51.06,48.94,0.84,88.13,11.87,0.0,59.52,4.48,0.0,35.95,0.0,100.0,4.93,10.75,52.13,26.82,2.91,0.95,0.67,912.0,874.0,15.0,1574.0,212.0,0.0,1063.0,80.0,0.0,642.0,0.0,1786.0,88.0,192.0,931.0,479.0,52.0,17.0,12.0,937.0,285.0,3.0,8.0,60.0,912.0,874.0,1574.0,212.0,0.0,78.0,106.0,525.0,345.0,248.0,461.0,23.0,1786.0,266.0,227.0,55.68,44.32,1.32,86.24,16.64,69.6,11.37,0.0,2.07,100.0,0.82,4.65,33.18,45.42,10.67,3.95,0.0,79.04,1.9,2229.0,1774.0,53.0,3452.0,666.0,2786.0,455.0,0.0,83.0,4003.0,33.0,186.0,1328.0,1818.0,427.0,158.0,0.0,3164.0,76.0,25.54,12.77,15.83,0.85,35.87,0.0,0.06,7.77,0.0,0.0,0.09,0.0,0.0,0.44,86.76,13.24,0.0,15.08,7.68,0.28,57.71,8.03,0.0,34.07,0.22,100.0,49.43,27.43,0.0,0.0,808.0,404.0,501.0,27.0,1135.0,0.0,2.0,246.0,0.0,0.0,3.0,0.0,0.0,14.0,2745.0,419.0,0.0,477.0,243.0,9.0,1826.0,254.0,0.0,1078.0,7.0,3164.0,1564.0,868.0,0.0,0.0,55.17,44.8,1.23,14.78,7.87,0.28,57.91,7.93,0.0,33.94,0.22,100.0,49.12,27.52,0.12,0.22,1.02,4.2,33.08,46.62,10.31,3.58,0.0,1788.0,1452.0,40.0,479.0,255.0,9.0,1877.0,257.0,0.0,1100.0,7.0,3241.0,1592.0,892.0,4.0,7.0,33.0,136.0,1072.0,1511.0,334.0,116.0,0.0,25.27,12.47,15.64,0.83,35.61,0.0,0.06,8.42,0.0,0.0,0.28,0.0,0.0,0.52,57.91,7.93,0.0,33.94,0.22,100.0,24.56,25.33,39.0,11.08,819.0,404.0,507.0,27.0,1154.0,0.0,2.0,273.0,0.0,0.0,9.0,0.0,0.0,17.0,1877.0,257.0,0.0,1100.0,7.0,3241.0,796.0,821.0,1264.0,359.0
3524600,50.73,49.3,0.68,87.9,11.91,0.18,48.49,3.57,0.47,47.16,0.31,100.0,13.5,28.1,32.82,15.07,5.24,2.09,2.53,1946.0,1891.0,26.0,3372.0,457.0,7.0,1860.0,137.0,18.0,1809.0,12.0,3836.0,518.0,1078.0,1259.0,578.0,201.0,80.0,97.0,2245.0,671.0,25.0,42.0,248.0,1946.0,1891.0,3372.0,457.0,7.0,226.0,437.0,1107.0,852.0,580.0,570.0,64.0,3836.0,215.0,390.0,62.68,37.32,2.06,82.95,17.34,65.61,14.97,0.0,1.81,100.0,2.41,15.04,33.44,30.77,10.93,5.34,0.0,78.37,2.22,4129.0,2458.0,136.0,5464.0,1142.0,4322.0,986.0,0.0,119.0,6587.0,159.0,991.0,2203.0,2027.0,720.0,352.0,0.0,5162.0,146.0,25.3,5.06,20.03,0.0,34.21,0.39,0.62,12.9,0.0,0.0,0.68,0.0,0.0,0.02,82.33,17.67,0.0,14.9,11.91,2.87,47.99,5.6,1.01,45.08,0.33,100.0,32.14,37.66,0.19,0.0,1306.0,261.0,1034.0,0.0,1766.0,20.0,32.0,666.0,0.0,0.0,35.0,0.0,0.0,1.0,4250.0,912.0,0.0,769.0,615.0,148.0,2477.0,289.0,52.0,2327.0,17.0,5162.0,1659.0,1944.0,10.0,0.0,62.66,37.34,1.81,14.49,12.28,2.96,48.46,5.56,0.98,44.69,0.32,100.0,31.46,37.4,0.7,0.21,1.75,14.62,35.04,30.9,10.74,5.12,0.0,3326.0,1982.0,96.0,769.0,652.0,157.0,2572.0,295.0,52.0,2372.0,17.0,5308.0,1670.0,1985.0,37.0,11.0,93.0,776.0,1860.0,1640.0,570.0,272.0,0.0,24.7,4.92,19.8,0.0,33.97,0.38,0.6,13.62,0.0,0.0,0.75,0.0,0.0,0.28,48.46,5.56,0.98,44.69,0.32,100.0,27.41,18.54,35.96,18.09,1311.0,261.0,1051.0,0.0,1803.0,20.0,32.0,723.0,0.0,0.0,40.0,0.0,0.0,15.0,2572.0,295.0,52.0,2372.0,17.0,5308.0,1455.0,984.0,1909.0,960.0
3524709,48.28,51.72,3.71,90.96,8.97,0.0,64.36,4.59,0.25,30.72,0.07,100.0,3.68,14.16,26.58,29.05,9.37,6.93,6.53,7165.0,7677.0,550.0,13500.0,1332.0,0.0,9553.0,681.0,37.0,4560.0,10.0,14842.0,546.0,2102.0,3945.0,4311.0,1390.0,1029.0,969.0,6868.0,2335.0,461.0,299.0,1990.0,7165.0,7677.0,13500.0,1332.0,0.0,1445.0,2049.0,3759.0,2973.0,1861.0,2615.0,140.0,14842.0,1490.0,1399.0,55.46,44.54,7.46,84.59,15.63,68.96,9.36,0.08,0.58,100.0,0.66,5.35,19.39,39.86,16.31,10.98,0.0,75.94,2.4,14684.0,11791.0,1974.0,22395.0,4138.0,18257.0,2478.0,20.0,154.0,26475.0,175.0,1417.0,5133.0,10552.0,4318.0,2906.0,0.0,20106.0,636.0,14.92,3.06,16.42,0.28,47.91,0.25,1.01,13.97,0.0,0.0,0.19,0.0,0.05,0.21,88.97,11.03,0.0,9.31,10.29,3.25,60.04,7.84,0.13,31.99,0.0,100.0,38.34,37.72,0.25,0.05,3001.0,616.0,3303.0,57.0,9638.0,50.0,204.0,2810.0,0.0,0.0,39.0,0.0,10.0,42.0,17896.0,2219.0,0.0,1873.0,2070.0,653.0,12077.0,1578.0,26.0,6434.0,0.0,20115.0,7713.0,7587.0,51.0,10.0,56.63,43.37,7.09,9.07,10.44,3.61,60.09,8.0,0.13,31.79,0.0,100.0,37.79,37.48,0.44,0.19,0.52,5.27,20.07,40.2,16.4,10.46,0.0,11754.0,9001.0,1471.0,1883.0,2166.0,749.0,12472.0,1661.0,26.0,6597.0,0.0,20755.0,7844.0,7779.0,91.0,40.0,108.0,1093.0,4165.0,8343.0,3403.0,2172.0,0.0,14.81,3.08,16.3,0.27,47.88,0.24,0.98,13.87,0.0,0.0,0.19,0.0,0.05,0.28,60.11,8.0,0.13,31.77,0.0,100.0,13.05,11.88,47.93,27.14,3076.0,640.0,3385.0,57.0,9943.0,50.0,204.0,2880.0,0.0,0.0,39.0,0.0,10.0,58.0,12481.0,1661.0,26.0,6597.0,0.0,20765.0,2710.0,2467.0,9953.0,5635.0
3524808,49.37,50.63,3.42,90.34,9.49,0.18,70.04,1.98,1.19,26.71,0.08,100.0,5.71,13.19,26.55,32.22,10.1,6.32,2.5,5226.0,5359.0,362.0,9563.0,1004.0,19.0,7414.0,210.0,126.0,2827.0,8.0,10585.0,604.0,1396.0,2810.0,3410.0,1069.0,669.0,265.0,4914.0,1476.0,193.0,131.0,1830.0,5226.0,5359.0,9563.0,1004.0,19.0,1309.0,1213.0,2529.0,2116.0,1423.0,1870.0,124.0,10585.0,1123.0,918.0,55.11,44.89,5.99,87.22,10.52,76.7,6.99,0.0,2.72,100.0,0.98,4.23,19.72,44.62,14.48,9.98,0.0,81.42,2.26,13923.0,11340.0,1513.0,22034.0,2658.0,19376.0,1766.0,0.0,688.0,25263.0,247.0,1069.0,4982.0,11272.0,3659.0,2520.0,0.0,20570.0,572.0,13.1,6.04,33.88,1.4,40.97,0.06,0.3,2.28,0.0,0.0,0.5,0.0,0.0,0.18,92.21,7.79,0.0,17.39,6.34,3.77,68.95,4.4,1.6,25.01,0.04,100.0,47.53,24.67,0.13,0.0,2694.0,1242.0,6970.0,289.0,8428.0,13.0,62.0,469.0,0.0,0.0,103.0,0.0,0.0,37.0,18968.0,1602.0,0.0,3577.0,1304.0,776.0,14183.0,905.0,329.0,5145.0,8.0,20570.0,9776.0,5075.0,26.0,0.0,54.67,45.33,5.63,17.19,6.65,4.18,68.9,4.42,1.59,25.05,0.04,100.0,46.71,24.41,0.28,0.32,0.82,4.29,19.52,45.49,14.27,9.99,0.0,11558.0,9584.0,1191.0,3634.0,1406.0,884.0,14567.0,935.0,337.0,5296.0,8.0,21142.0,9876.0,5160.0,59.0,67.0,174.0,906.0,4127.0,9617.0,3016.0,2113.0,0.0,13.1,5.96,33.41,1.44,41.01,0.06,0.29,2.28,0.0,0.0,0.61,0.0,0.0,0.27,68.9,4.42,1.59,25.05,0.04,100.0,17.42,11.64,40.69,30.25,2769.0,1260.0,7063.0,305.0,8670.0,13.0,62.0,481.0,0.0,0.0,130.0,0.0,0.0,58.0,14567.0,935.0,337.0,5296.0,8.0,21142.0,3682.0,2461.0,8603.0,6396.0
3524907,46.06,54.0,2.91,81.53,18.47,0.0,70.92,4.09,0.25,24.8,0.0,100.0,7.32,22.94,38.19,22.38,3.35,2.29,0.62,743.0,871.0,47.0,1315.0,298.0,0.0,1144.0,66.0,4.0,400.0,0.0,1613.0,118.0,370.0,616.0,361.0,54.0,37.0,10.0,811.0,279.0,20.0,4.0,176.0,743.0,871.0,1315.0,298.0,0.0,116.0,194.0,452.0,315.0,224.0,289.0,23.0,1613.0,131.0,192.0,60.07,39.96,5.46,78.09,16.48,61.61,20.47,0.07,1.08,100.0,1.34,9.48,29.92,38.95,9.94,4.91,0.0,79.1,3.07,1837.0,1222.0,167.0,2388.0,504.0,1884.0,626.0,2.0,33.0,3058.0,41.0,290.0,915.0,1191.0,304.0,150.0,0.0,2419.0,94.0,23.07,3.31,7.28,0.62,40.1,0.21,10.5,14.3,0.0,0.0,0.12,0.0,0.0,0.37,77.14,22.86,0.0,11.7,15.09,1.28,68.71,5.33,0.5,25.3,0.12,100.0,32.45,39.31,0.0,0.0,558.0,80.0,176.0,15.0,970.0,5.0,254.0,346.0,0.0,0.0,3.0,0.0,0.0,9.0,1866.0,553.0,0.0,283.0,365.0,31.0,1662.0,129.0,12.0,612.0,3.0,2419.0,785.0,951.0,0.0,0.0,59.83,40.17,5.14,11.27,16.08,1.31,68.51,5.37,0.64,25.36,0.12,100.0,31.53,38.77,0.24,0.32,1.15,8.16,30.14,40.29,10.47,4.74,0.0,1503.0,1009.0,129.0,283.0,404.0,33.0,1721.0,135.0,16.0,637.0,3.0,2512.0,792.0,974.0,6.0,8.0,29.0,205.0,757.0,1012.0,263.0,119.0,0.0,22.29,3.18,7.13,0.6,40.49,0.2,10.11,14.53,0.0,0.0,0.12,0.0,0.0,0.68,68.51,5.37,0.64,25.36,0.12,100.0,20.98,12.34,49.96,16.76,560.0,80.0,179.0,15.0,1017.0,5.0,254.0,365.0,0.0,0.0,3.0,0.0,0.0,17.0,1721.0,135.0,16.0,637.0,3.0,2512.0,527.0,310.0,1255.0,421.0
3525003,49.49,50.5,1.77,75.48,24.17,0.14,48.41,8.31,0.44,42.69,0.15,100.0,8.08,17.89,32.42,25.07,7.35,3.62,3.81,15408.0,15722.0,550.0,23499.0,7525.0,45.0,15070.0,2586.0,138.0,13290.0,46.0,31131.0,2514.0,5568.0,10092.0,7805.0,2288.0,1126.0,1187.0,15231.0,5220.0,643.0,453.0,3677.0,15408.0,15722.0,23499.0,7525.0,45.0,2986.0,4313.0,8403.0,6317.0,3725.0,5104.0,282.0,31131.0,2740.0,3166.0,53.9,46.1,4.06,44.09,11.54,32.55,48.89,0.02,3.12,100.0,1.7,7.83,28.07,38.76,12.84,6.7,0.04,77.91,3.46,31806.0,27204.0,2395.0,26018.0,6809.0,19209.0,28851.0,10.0,1839.0,59010.0,1001.0,4622.0,16567.0,22875.0,7575.0,3951.0,24.0,45974.0,2044.0,11.76,0.78,5.47,0.61,30.45,0.26,0.98,33.69,0.18,13.62,0.24,0.08,0.02,0.56,40.58,59.42,0.0,2.66,29.67,24.4,42.04,12.52,0.51,44.91,0.03,100.0,13.41,27.15,2.15,0.03,5406.0,360.0,2517.0,279.0,14000.0,121.0,452.0,15490.0,85.0,6263.0,109.0,35.0,11.0,258.0,18658.0,27316.0,0.0,1223.0,13640.0,11219.0,19327.0,5755.0,234.0,20646.0,12.0,45974.0,6167.0,12480.0,987.0,12.0,54.65,45.35,3.37,2.69,29.32,24.45,42.2,12.32,0.55,44.91,0.02,100.0,13.2,26.96,2.38,0.15,1.51,7.37,28.78,40.18,12.2,6.55,0.05,26268.0,21801.0,1620.0,1295.0,14096.0,11752.0,20285.0,5922.0,264.0,21587.0,12.0,48070.0,6346.0,12958.0,1146.0,71.0,725.0,3542.0,13833.0,19315.0,5864.0,3149.0,22.0,11.53,0.75,5.48,0.58,30.51,0.25,0.97,33.46,0.2,13.46,0.26,0.1,0.02,0.63,42.2,12.32,0.55,44.91,0.02,100.0,13.76,13.0,54.51,18.72,5543.0,360.0,2634.0,279.0,14668.0,121.0,465.0,16085.0,95.0,6471.0,126.0,46.0,11.0,301.0,20285.0,5922.0,264.0,21587.0,12.0,48070.0,6615.0,6251.0,26202.0,9001.0
3525102,50.33,49.67,0.66,87.77,12.23,0.0,56.35,7.88,0.56,35.21,0.0,100.0,5.85,21.52,34.73,27.5,5.9,2.37,1.48,6052.0,5972.0,79.0,10553.0,1471.0,0.0,6775.0,948.0,67.0,4234.0,0.0,12024.0,703.0,2588.0,4176.0,3306.0,709.0,285.0,178.0,6094.0,2477.0,195.0,38.0,1093.0,6052.0,5972.0,10553.0,1471.0,0.0,1061.0,1812.0,3010.0,2347.0,1654.0,1911.0,229.0,12024.0,982.0,1144.0,59.89,40.11,2.16,65.84,8.72,57.12,31.06,0.04,1.9,100.0,1.13,8.07,30.35,38.21,14.22,5.85,0.0,85.93,2.29,12199.0,8170.0,440.0,13411.0,1776.0,11634.0,6326.0,9.0,388.0,20369.0,230.0,1644.0,6183.0,7782.0,2897.0,1192.0,0.0,17503.0,466.0,9.52,11.08,11.83,0.29,44.92,0.05,3.13,14.68,0.0,0.0,0.71,0.0,0.0,0.43,65.03,34.97,0.0,9.85,20.0,3.42,56.76,8.75,0.5,33.93,0.07,100.0,30.5,33.37,0.24,0.0,1666.0,1939.0,2071.0,51.0,7862.0,8.0,547.0,2570.0,0.0,0.0,125.0,0.0,0.0,76.0,11383.0,6120.0,0.0,1724.0,3500.0,598.0,9934.0,1532.0,87.0,5939.0,12.0,17503.0,5339.0,5840.0,42.0,0.0,60.54,39.46,2.0,9.72,19.76,3.8,56.89,8.71,0.48,33.86,0.07,100.0,30.47,33.07,0.32,0.18,1.0,7.52,30.5,38.74,14.49,5.74,0.0,10878.0,7091.0,360.0,1747.0,3551.0,682.0,10222.0,1565.0,87.0,6084.0,12.0,17969.0,5476.0,5942.0,57.0,32.0,180.0,1351.0,5481.0,6961.0,2604.0,1032.0,0.0,9.41,10.79,11.75,0.28,45.24,0.04,3.08,14.59,0.0,0.0,0.71,0.07,0.0,0.57,56.89,8.71,0.48,33.86,0.07,100.0,20.95,22.95,38.93,17.17,1690.0,1939.0,2112.0,51.0,8130.0,8.0,553.0,2621.0,0.0,0.0,128.0,13.0,0.0,102.0,10222.0,1565.0,87.0,6084.0,12.0,17969.0,3764.0,4123.0,6996.0,3086.0
3525201,49.75,50.25,0.55,88.06,11.67,0.28,53.51,4.2,0.29,41.8,0.2,100.0,8.95,22.4,34.34,19.38,6.66,3.24,4.46,4668.0,4714.0,52.0,8262.0,1095.0,26.0,5020.0,394.0,27.0,3922.0,19.0,9382.0,840.0,2102.0,3222.0,1818.0,625.0,304.0,418.0,4917.0,1806.0,87.0,144.0,692.0,4668.0,4714.0,8262.0,1095.0,26.0,618.0,1165.0,2571.0,2035.0,1375.0,1558.0,59.0,9382.0,745.0,991.0,58.46,41.54,1.42,76.84,15.35,61.49,20.2,0.0,0.41,100.0,2.18,11.04,29.64,38.58,11.63,5.51,0.0,79.66,1.95,9573.0,6801.0,232.0,12582.0,2513.0,10069.0,3308.0,0.0,67.0,16374.0,357.0,1807.0,4853.0,6317.0,1905.0,903.0,0.0,13043.0,320.0,14.28,1.51,8.87,0.06,47.24,0.0,2.84,23.5,0.0,0.34,0.16,0.0,0.0,0.44,75.7,24.3,0.0,6.8,18.94,4.52,55.55,5.76,0.39,38.03,0.28,100.0,29.07,40.49,0.08,0.0,1862.0,197.0,1157.0,8.0,6162.0,0.0,370.0,3065.0,0.0,44.0,21.0,0.0,0.0,57.0,9874.0,3169.0,0.0,887.0,2470.0,589.0,7245.0,751.0,51.0,4960.0,36.0,13043.0,3791.0,5281.0,10.0,0.0,60.23,39.77,1.39,6.77,18.83,4.8,55.43,5.91,0.38,38.0,0.27,100.0,28.42,40.59,0.33,0.08,2.02,9.58,29.88,38.97,12.45,5.71,0.0,8058.0,5320.0,186.0,906.0,2519.0,642.0,7416.0,790.0,51.0,5084.0,36.0,13378.0,3802.0,5430.0,44.0,11.0,270.0,1282.0,3997.0,5213.0,1665.0,764.0,0.0,14.34,1.47,9.19,0.06,46.7,0.0,2.77,23.34,0.0,0.33,0.4,0.0,0.0,0.51,55.43,5.91,0.38,38.0,0.27,100.0,18.26,19.39,44.84,17.51,1918.0,197.0,1230.0,8.0,6248.0,0.0,370.0,3123.0,0.0,44.0,53.0,0.0,0.0,68.0,7416.0,790.0,51.0,5084.0,36.0,13378.0,2443.0,2594.0,5999.0,2342.0
3525300,50.42,49.58,1.79,94.87,5.06,0.07,67.73,5.28,0.21,26.71,0.07,100.0,6.67,13.58,35.69,28.66,6.14,3.46,4.01,16124.0,15854.0,571.0,30336.0,1619.0,23.0,21660.0,1688.0,67.0,8542.0,21.0,31978.0,2134.0,4343.0,11414.0,9166.0,1962.0,1107.0,1281.0,15341.0,6740.0,500.0,381.0,3643.0,16124.0,15854.0,30336.0,1619.0,23.0,3494.0,5126.0,7565.0,6265.0,4619.0,4363.0,547.0,31978.0,2046.0,3328.0,54.7,45.3,3.81,92.02,14.73,77.28,2.7,0.0,0.57,100.0,1.29,5.58,24.59,44.29,13.22,7.19,0.03,77.85,2.12,36403.0,30151.0,2535.0,61241.0,9806.0,51435.0,1794.0,0.0,382.0,66554.0,856.0,3712.0,16368.0,29475.0,8799.0,4788.0,22.0,51814.0,1414.0,14.23,2.51,21.49,0.66,46.5,0.28,0.7,11.92,0.0,0.0,0.15,0.0,0.01,0.44,97.46,2.54,0.0,12.18,9.64,1.51,70.61,7.28,0.24,21.81,0.06,100.0,45.45,30.5,0.16,0.0,7377.0,1302.0,11141.0,344.0,24109.0,144.0,363.0,6178.0,0.0,0.0,77.0,0.0,7.0,230.0,50523.0,1319.0,0.0,6315.0,4998.0,782.0,36608.0,3774.0,122.0,11308.0,31.0,51842.0,23564.0,15811.0,82.0,0.0,56.51,43.49,3.46,11.98,9.78,1.72,70.59,7.35,0.23,21.77,0.06,100.0,44.83,30.52,0.32,0.17,1.2,5.25,25.17,45.63,12.24,7.01,0.04,30078.0,23150.0,1841.0,6376.0,5207.0,918.0,37573.0,3912.0,122.0,11590.0,31.0,53228.0,23862.0,16243.0,172.0,93.0,638.0,2792.0,13400.0,24288.0,6513.0,3733.0,22.0,13.99,2.48,21.3,0.73,46.48,0.27,0.7,11.94,0.0,0.0,0.28,0.0,0.01,0.5,70.6,7.35,0.23,21.76,0.06,100.0,17.82,19.89,39.58,22.71,7450.0,1323.0,11346.0,387.0,24752.0,144.0,374.0,6360.0,0.0,0.0,147.0,0.0,7.0,265.0,37601.0,3912.0,122.0,11590.0,31.0,53257.0,9493.0,10594.0,21077.0,12092.0
3525409,53.13,46.77,0.3,87.88,12.12,0.0,44.14,3.74,0.91,51.21,0.0,100.0,2.83,28.18,38.59,23.74,4.04,2.12,0.3,526.0,463.0,3.0,870.0,120.0,0.0,437.0,37.0,9.0,507.0,0.0,990.0,28.0,279.0,382.0,235.0,40.0,21.0,3.0,492.0,158.0,21.0,0.0,75.0,526.0,463.0,870.0,120.0,0.0,64.0,44.0,309.0,230.0,157.0,185.0,0.0,990.0,134.0,111.0,58.34,41.66,1.66,80.95,13.22,67.74,18.14,0.0,0.65,100.0,0.75,9.85,31.41,40.05,11.41,4.92,0.0,77.84,8.04,1161.0,829.0,33.0,1611.0,263.0,1348.0,361.0,0.0,13.0,1990.0,15.0,196.0,625.0,797.0,227.0,98.0,0.0,1549.0,160.0,35.12,3.87,2.19,0.19,29.05,0.0,21.82,6.84,0.0,0.0,0.52,0.0,0.0,0.0,80.83,19.17,0.0,13.69,15.36,2.19,45.13,10.33,0.58,43.96,0.0,100.0,38.93,28.99,0.71,0.0,544.0,60.0,34.0,3.0,450.0,0.0,338.0,106.0,0.0,0.0,8.0,0.0,0.0,0.0,1252.0,297.0,0.0,212.0,238.0,34.0,699.0,160.0,9.0,681.0,0.0,1549.0,603.0,449.0,11.0,0.0,58.81,41.14,0.76,15.68,15.45,2.4,45.06,10.47,0.53,43.89,0.0,100.0,36.4,28.61,0.82,0.35,0.88,9.95,30.9,41.43,11.59,4.51,0.0,1005.0,703.0,13.0,268.0,264.0,41.0,770.0,179.0,9.0,750.0,0.0,1709.0,622.0,489.0,14.0,6.0,15.0,170.0,528.0,708.0,198.0,77.0,0.0,34.17,3.63,2.69,0.18,29.67,0.0,21.47,6.96,0.18,0.0,0.47,0.0,0.0,0.0,45.06,10.47,0.53,43.89,0.0,100.0,24.75,19.02,44.76,11.47,584.0,62.0,46.0,3.0,507.0,0.0,367.0,119.0,3.0,0.0,8.0,0.0,0.0,0.0,770.0,179.0,9.0,750.0,0.0,1709.0,423.0,325.0,765.0,196.0
3525508,50.55,49.45,2.14,87.65,12.39,0.0,74.37,4.27,0.64,20.58,0.14,100.0,4.06,15.27,39.52,27.48,6.84,3.24,1.39,1420.0,1389.0,60.0,2462.0,348.0,0.0,2089.0,120.0,18.0,578.0,4.0,2809.0,114.0,429.0,1110.0,772.0,192.0,91.0,39.0,1572.0,414.0,49.0,0.0,279.0,1420.0,1394.0,2462.0,353.0,0.0,258.0,176.0,787.0,681.0,422.0,461.0,30.0,2815.0,248.0,252.0,58.51,41.49,3.89,89.8,18.99,70.83,8.08,0.0,0.39,100.0,1.01,5.59,32.75,39.59,10.2,6.97,0.0,77.73,1.17,3897.0,2763.0,259.0,5981.0,1265.0,4717.0,538.0,0.0,26.0,6660.0,67.0,372.0,2181.0,2637.0,679.0,464.0,0.0,5177.0,78.0,30.32,1.47,18.33,0.79,41.99,0.0,3.03,2.24,0.0,0.0,0.27,0.0,0.0,1.0,90.39,9.61,0.0,20.58,8.91,3.22,67.79,3.86,0.19,27.99,0.15,100.0,40.86,25.98,0.12,0.0,1572.0,76.0,950.0,41.0,2177.0,0.0,157.0,116.0,0.0,0.0,14.0,0.0,0.0,52.0,4686.0,498.0,0.0,1067.0,462.0,167.0,3514.0,200.0,10.0,1451.0,8.0,5184.0,2118.0,1347.0,6.0,0.0,60.23,39.77,3.88,20.55,8.79,3.37,67.52,3.81,0.19,28.32,0.15,100.0,40.55,25.88,0.32,0.0,0.91,6.03,32.71,40.1,9.84,6.53,0.0,3165.0,2090.0,204.0,1080.0,462.0,177.0,3548.0,200.0,10.0,1488.0,8.0,5255.0,2131.0,1360.0,17.0,0.0,48.0,317.0,1719.0,2107.0,517.0,343.0,0.0,29.99,1.44,18.4,0.78,41.96,0.0,2.98,2.39,0.0,0.0,0.27,0.0,0.0,0.99,67.56,3.8,0.19,28.28,0.15,100.0,31.19,18.64,34.7,15.45,1578.0,76.0,968.0,41.0,2208.0,0.0,157.0,126.0,0.0,0.0,14.0,0.0,0.0,52.0,3555.0,200.0,10.0,1488.0,8.0,5262.0,1641.0,981.0,1826.0,813.0
3525607,48.54,51.46,0.0,89.14,10.86,0.0,53.44,4.49,0.0,42.17,0.0,100.0,10.02,30.06,37.47,17.33,3.86,0.42,0.94,465.0,493.0,0.0,854.0,104.0,0.0,512.0,43.0,0.0,404.0,0.0,958.0,96.0,288.0,359.0,166.0,37.0,4.0,9.0,567.0,133.0,0.0,4.0,20.0,465.0,493.0,854.0,104.0,0.0,23.0,4.0,325.0,262.0,145.0,199.0,0.0,958.0,106.0,126.0,63.36,36.58,0.83,72.01,14.77,57.25,26.94,0.0,0.77,100.0,1.43,12.34,34.44,35.7,11.9,3.36,0.0,82.2,1.98,1150.0,664.0,15.0,1307.0,268.0,1039.0,489.0,0.0,14.0,1815.0,26.0,224.0,625.0,648.0,216.0,61.0,0.0,1492.0,36.0,17.23,6.1,4.89,0.0,24.53,0.0,2.08,42.9,0.0,0.0,1.27,0.0,0.0,0.0,69.03,30.97,0.0,13.61,17.69,10.52,45.24,10.39,0.2,44.17,0.0,100.0,25.74,31.5,0.87,0.0,257.0,91.0,73.0,0.0,366.0,0.0,31.0,640.0,0.0,0.0,19.0,0.0,0.0,0.0,1030.0,462.0,0.0,203.0,264.0,157.0,675.0,155.0,3.0,659.0,0.0,1492.0,384.0,470.0,13.0,0.0,64.27,35.73,0.65,13.55,17.28,10.41,46.27,10.14,0.2,43.32,0.0,100.0,25.59,31.54,1.11,0.46,0.79,12.7,34.03,36.85,12.04,3.01,0.0,982.0,546.0,10.0,207.0,264.0,159.0,707.0,155.0,3.0,662.0,0.0,1528.0,391.0,482.0,17.0,7.0,12.0,194.0,520.0,563.0,184.0,46.0,0.0,17.08,5.96,5.3,0.0,25.07,0.0,2.29,41.88,0.0,0.0,1.57,0.0,0.0,0.0,46.27,10.14,0.2,43.32,0.0,100.0,23.56,12.3,50.33,13.81,261.0,91.0,81.0,0.0,383.0,0.0,35.0,640.0,0.0,0.0,24.0,0.0,0.0,0.0,707.0,155.0,3.0,662.0,0.0,1528.0,360.0,188.0,769.0,211.0
3525706,50.58,49.42,0.93,88.86,11.05,0.08,67.48,2.91,0.0,29.61,0.0,100.0,4.71,14.92,33.38,32.28,8.61,3.39,1.79,5029.0,4913.0,92.0,8834.0,1099.0,8.0,6709.0,289.0,0.0,2944.0,0.0,9942.0,468.0,1483.0,3319.0,3209.0,856.0,337.0,178.0,4472.0,2532.0,170.0,15.0,901.0,5029.0,4913.0,8834.0,1099.0,8.0,979.0,1931.0,2351.0,1645.0,1197.0,1688.0,151.0,9942.0,916.0,935.0,56.61,43.38,2.88,89.4,13.77,75.63,8.36,0.0,1.08,100.0,0.87,5.86,25.24,45.82,13.29,6.03,0.0,81.53,2.46,10941.0,8384.0,557.0,17277.0,2661.0,14617.0,1615.0,0.0,209.0,19326.0,169.0,1132.0,4877.0,8856.0,2569.0,1165.0,0.0,15756.0,476.0,19.22,5.83,26.13,1.2,34.66,0.08,0.5,10.88,0.0,0.0,0.22,0.08,0.0,0.26,90.56,9.44,0.0,14.52,13.29,2.3,66.98,3.77,0.44,28.74,0.06,100.0,40.51,29.01,0.0,0.0,3032.0,920.0,4121.0,189.0,5467.0,13.0,79.0,1716.0,0.0,0.0,34.0,12.0,0.0,41.0,14284.0,1489.0,0.0,2290.0,2096.0,362.0,10565.0,595.0,70.0,4533.0,9.0,15773.0,6389.0,4576.0,0.0,0.0,57.18,42.82,2.78,14.31,13.33,2.52,66.98,3.79,0.43,28.75,0.06,100.0,40.25,28.79,0.23,0.21,0.92,6.33,23.62,47.18,13.24,5.93,0.0,9281.0,6951.0,452.0,2322.0,2163.0,409.0,10872.0,615.0,70.0,4666.0,9.0,16232.0,6534.0,4674.0,37.0,34.0,149.0,1027.0,3834.0,7658.0,2149.0,962.0,0.0,18.9,5.72,26.0,1.16,34.56,0.08,0.49,10.93,0.0,0.0,0.56,0.07,0.0,0.49,66.97,3.78,0.43,28.76,0.06,100.0,21.03,23.4,36.43,19.13,3071.0,930.0,4225.0,189.0,5615.0,13.0,79.0,1776.0,0.0,0.0,91.0,12.0,0.0,79.0,10882.0,615.0,70.0,4673.0,9.0,16249.0,3417.0,3803.0,5920.0,3109.0
3525805,48.16,51.84,1.05,92.73,7.27,0.0,45.84,2.21,0.53,51.42,0.0,100.0,15.81,21.18,38.25,18.44,1.48,0.84,2.85,457.0,492.0,10.0,880.0,69.0,0.0,435.0,21.0,5.0,488.0,0.0,949.0,150.0,201.0,363.0,175.0,14.0,8.0,27.0,523.0,143.0,16.0,4.0,41.0,457.0,492.0,880.0,69.0,0.0,68.0,68.0,296.0,210.0,120.0,168.0,19.0,949.0,118.0,104.0,58.6,41.4,1.31,66.65,12.24,54.46,32.26,0.0,0.11,100.0,2.83,10.45,36.07,37.54,5.66,6.15,0.0,84.93,1.8,1077.0,761.0,24.0,1225.0,225.0,1001.0,593.0,0.0,2.0,1838.0,52.0,192.0,663.0,690.0,104.0,113.0,0.0,1561.0,33.0,29.4,1.86,2.69,0.9,25.75,0.0,0.83,38.12,0.0,0.0,0.19,0.0,0.0,0.0,63.42,36.58,0.0,8.71,28.76,3.14,43.43,5.06,0.7,50.8,0.0,100.0,27.23,31.45,0.38,0.0,459.0,29.0,42.0,14.0,402.0,0.0,13.0,595.0,0.0,0.0,3.0,0.0,0.0,0.0,990.0,571.0,0.0,136.0,449.0,49.0,678.0,79.0,11.0,793.0,0.0,1561.0,425.0,491.0,6.0,0.0,59.66,40.34,1.25,8.53,28.86,3.64,42.97,4.96,0.69,51.38,0.0,100.0,27.16,30.8,0.5,0.0,2.32,11.1,37.89,36.95,5.52,4.96,0.0,951.0,643.0,20.0,136.0,460.0,58.0,685.0,79.0,11.0,819.0,0.0,1594.0,433.0,491.0,8.0,0.0,37.0,177.0,604.0,589.0,88.0,79.0,0.0,29.05,1.82,2.63,0.88,26.54,0.0,0.82,37.52,0.0,0.0,0.31,0.0,0.0,0.0,42.97,4.96,0.69,51.38,0.0,100.0,21.89,17.25,49.0,11.86,463.0,29.0,42.0,14.0,423.0,0.0,13.0,598.0,0.0,0.0,5.0,0.0,0.0,0.0,685.0,79.0,11.0,819.0,0.0,1594.0,349.0,275.0,781.0,189.0
3525854,50.78,49.22,0.0,82.6,17.26,0.0,57.14,5.23,0.0,37.34,0.28,100.0,3.68,24.19,38.47,27.58,4.24,1.84,0.0,359.0,348.0,0.0,584.0,122.0,0.0,404.0,37.0,0.0,264.0,2.0,707.0,26.0,171.0,272.0,195.0,30.0,13.0,0.0,376.0,115.0,3.0,2.0,57.0,359.0,348.0,584.0,122.0,0.0,68.0,51.0,210.0,140.0,86.0,147.0,4.0,707.0,68.0,85.0,60.96,39.04,0.82,77.11,9.28,67.84,18.28,0.0,3.37,100.0,0.76,9.35,32.03,43.44,6.8,6.94,0.0,83.92,2.2,887.0,568.0,12.0,1122.0,135.0,987.0,266.0,0.0,49.0,1455.0,11.0,136.0,466.0,632.0,99.0,101.0,0.0,1221.0,32.0,29.73,8.27,8.85,0.0,39.23,0.0,1.47,12.12,0.0,0.0,0.0,0.0,0.16,0.0,79.44,20.56,0.0,19.49,5.81,1.15,63.39,8.85,0.0,27.76,0.0,100.0,47.83,25.55,0.0,0.0,363.0,101.0,108.0,0.0,479.0,0.0,18.0,148.0,0.0,0.0,0.0,0.0,2.0,0.0,970.0,251.0,0.0,238.0,71.0,14.0,774.0,108.0,0.0,339.0,0.0,1221.0,584.0,312.0,0.0,0.0,59.22,40.78,0.96,18.99,6.15,1.12,63.93,8.62,0.0,27.45,0.0,100.0,47.89,25.46,0.32,0.0,0.88,10.06,32.88,41.9,6.62,6.7,0.0,742.0,511.0,12.0,238.0,77.0,14.0,801.0,108.0,0.0,344.0,0.0,1253.0,600.0,319.0,4.0,0.0,11.0,126.0,412.0,525.0,83.0,84.0,0.0,29.61,8.06,8.78,0.0,39.9,0.0,1.44,11.81,0.0,0.0,0.0,0.0,0.16,0.0,63.93,8.62,0.0,27.45,0.0,100.0,24.1,23.94,36.15,15.72,371.0,101.0,110.0,0.0,500.0,0.0,18.0,148.0,0.0,0.0,0.0,0.0,2.0,0.0,801.0,108.0,0.0,344.0,0.0,1253.0,302.0,300.0,453.0,197.0
3525904,49.86,50.14,7.25,91.96,7.89,0.11,68.73,4.71,0.68,25.75,0.09,100.0,2.67,8.88,24.4,30.34,13.32,11.34,1.79,52476.0,52778.0,7636.0,96793.0,8309.0,111.0,72342.0,4953.0,719.0,27104.0,95.0,105255.0,2814.0,9344.0,25677.0,31938.0,14018.0,11940.0,1888.0,46001.0,18557.0,3389.0,516.0,16251.0,52476.0,52791.0,96806.0,8309.0,111.0,11010.0,16082.0,25143.0,20126.0,13558.0,17961.0,1387.0,105267.0,9105.0,11447.0,54.46,45.54,12.63,81.39,13.02,68.38,14.95,0.02,1.21,100.0,0.53,3.3,15.97,33.51,18.07,15.99,0.0,81.12,2.2,120240.0,100565.0,27887.0,179721.0,28740.0,150981.0,33013.0,53.0,2681.0,220805.0,1164.0,7281.0,35262.0,73986.0,39901.0,35313.0,10.0,179113.0,4851.0,8.56,1.0,6.69,0.47,53.17,0.31,1.86,25.08,0.04,0.65,0.22,0.16,0.04,0.57,82.84,17.16,0.0,5.84,24.4,9.34,66.31,6.56,0.89,26.17,0.08,100.0,24.27,35.16,0.4,0.01,15345.0,1792.0,11984.0,836.0,95305.0,555.0,3334.0,44955.0,69.0,1157.0,395.0,278.0,77.0,1018.0,148471.0,30762.0,0.0,10474.0,43726.0,16739.0,118841.0,11758.0,1594.0,46904.0,135.0,179233.0,43501.0,63026.0,715.0,11.0,55.21,44.79,11.98,5.78,24.47,9.61,66.29,6.53,0.94,26.17,0.07,100.0,23.9,34.89,0.51,0.13,0.45,3.31,16.65,34.33,18.16,15.13,0.0,101621.0,82426.0,22041.0,10633.0,45028.0,17689.0,122003.0,12010.0,1738.0,48160.0,135.0,184047.0,43979.0,64223.0,946.0,248.0,824.0,6085.0,30644.0,63186.0,33418.0,27850.0,0.0,8.46,1.01,6.61,0.45,53.15,0.32,1.84,24.97,0.04,0.7,0.26,0.16,0.04,0.62,66.28,6.52,0.94,26.18,0.07,100.0,9.76,12.31,41.73,36.21,15591.0,1853.0,12169.0,836.0,97905.0,588.0,3392.0,45991.0,69.0,1292.0,473.0,300.0,77.0,1141.0,122097.0,12010.0,1738.0,48221.0,135.0,184201.0,17971.0,22669.0,76864.0,66698.0
3526001,48.8,51.2,0.85,84.77,15.23,0.0,64.15,2.81,1.08,31.94,0.0,100.0,4.8,21.0,29.93,29.75,9.06,3.72,0.87,2359.0,2475.0,41.0,4098.0,736.0,0.0,3101.0,136.0,52.0,1544.0,0.0,4834.0,232.0,1015.0,1447.0,1438.0,438.0,180.0,42.0,2328.0,753.0,97.0,0.0,684.0,2359.0,2475.0,4098.0,736.0,0.0,634.0,439.0,1143.0,988.0,688.0,881.0,60.0,4834.0,631.0,340.0,57.99,41.99,2.55,82.68,7.42,75.25,14.27,0.0,1.16,100.0,0.46,7.8,25.43,42.45,14.52,6.78,0.0,86.17,3.35,5140.0,3722.0,226.0,7328.0,658.0,6669.0,1265.0,0.0,103.0,8863.0,41.0,691.0,2254.0,3762.0,1287.0,601.0,0.0,7637.0,297.0,16.89,8.17,18.24,0.62,38.8,0.0,0.51,12.24,0.0,0.0,0.37,0.0,0.0,0.43,86.19,13.81,0.0,16.9,13.46,1.79,57.5,4.7,1.27,36.27,0.25,100.0,40.36,27.04,0.16,0.0,1290.0,624.0,1393.0,47.0,2963.0,0.0,39.0,935.0,0.0,0.0,28.0,0.0,0.0,33.0,6582.0,1055.0,0.0,1291.0,1028.0,137.0,4391.0,359.0,97.0,2770.0,19.0,7637.0,3082.0,2065.0,12.0,0.0,58.27,41.73,2.65,16.36,13.54,1.84,57.46,4.52,1.35,36.41,0.24,100.0,39.58,27.04,0.54,0.84,0.52,7.95,26.22,41.32,14.56,6.79,0.0,4623.0,3311.0,210.0,1298.0,1074.0,146.0,4559.0,359.0,107.0,2889.0,19.0,7934.0,3140.0,2145.0,43.0,67.0,41.0,631.0,2080.0,3278.0,1155.0,539.0,0.0,16.64,8.12,17.82,0.59,39.64,0.0,0.49,12.13,0.0,0.0,0.47,0.0,0.0,0.42,57.46,4.52,1.35,36.41,0.24,100.0,16.81,13.5,41.44,28.25,1320.0,644.0,1414.0,47.0,3145.0,0.0,39.0,962.0,0.0,0.0,37.0,0.0,0.0,33.0,4559.0,359.0,107.0,2889.0,19.0,7934.0,1334.0,1071.0,3288.0,2241.0
3526100,51.65,48.35,0.42,91.63,7.98,0.39,49.79,3.06,1.62,45.48,0.08,100.0,14.23,30.49,33.66,14.28,3.58,0.97,2.38,1975.0,1849.0,16.0,3504.0,305.0,15.0,1904.0,117.0,62.0,1739.0,3.0,3824.0,544.0,1166.0,1287.0,546.0,137.0,37.0,91.0,2050.0,772.0,25.0,12.0,305.0,1975.0,1849.0,3504.0,305.0,15.0,252.0,296.0,1134.0,919.0,599.0,578.0,46.0,3824.0,208.0,453.0,60.84,39.16,1.57,83.15,17.44,65.71,10.83,0.0,2.29,100.0,4.31,16.3,35.44,29.24,8.46,4.69,0.0,70.82,5.57,4337.0,2791.0,112.0,5927.0,1243.0,4684.0,772.0,0.0,163.0,7128.0,307.0,1162.0,2526.0,2084.0,603.0,334.0,0.0,5048.0,397.0,29.08,13.43,12.1,0.18,32.01,0.22,1.53,8.46,0.0,0.0,0.79,0.0,0.22,0.65,88.35,11.67,0.0,17.59,15.17,4.0,41.13,7.37,1.19,50.16,0.16,100.0,26.74,35.66,0.1,0.0,1468.0,678.0,611.0,9.0,1616.0,11.0,77.0,427.0,0.0,0.0,40.0,0.0,11.0,33.0,4460.0,589.0,0.0,888.0,766.0,202.0,2076.0,372.0,60.0,2532.0,8.0,5048.0,1350.0,1800.0,5.0,0.0,61.47,38.54,1.8,16.81,15.27,5.3,41.64,7.61,1.25,49.38,0.15,100.0,25.44,34.05,1.15,0.57,4.0,16.02,35.17,30.32,8.41,4.29,0.0,3354.0,2103.0,98.0,917.0,833.0,289.0,2272.0,415.0,68.0,2694.0,8.0,5456.0,1388.0,1858.0,63.0,31.0,218.0,874.0,1919.0,1654.0,459.0,234.0,0.0,28.57,13.17,11.79,0.29,31.79,0.2,1.5,8.28,0.0,0.0,1.03,0.0,0.2,1.12,41.6,7.67,1.25,49.33,0.15,100.0,23.88,13.66,46.13,16.33,1560.0,719.0,644.0,16.0,1736.0,11.0,82.0,452.0,0.0,0.0,56.0,0.0,11.0,61.0,2272.0,419.0,68.0,2694.0,8.0,5461.0,1304.0,746.0,2519.0,892.0
3526209,49.63,50.37,0.13,93.22,6.78,0.0,56.52,5.14,0.43,37.66,0.23,100.0,15.44,31.15,29.77,15.39,1.79,2.1,4.23,3002.0,3047.0,8.0,5639.0,410.0,0.0,3419.0,311.0,26.0,2278.0,14.0,6049.0,934.0,1884.0,1801.0,931.0,108.0,127.0,256.0,3450.0,1003.0,27.0,102.0,309.0,3002.0,3047.0,5639.0,410.0,0.0,378.0,358.0,2063.0,1479.0,882.0,890.0,0.0,6049.0,370.0,788.0,60.46,39.54,0.81,82.46,23.1,59.36,14.54,0.15,0.66,100.0,4.22,17.21,35.25,33.43,4.86,4.16,0.06,69.14,4.62,6522.0,4265.0,87.0,8895.0,2492.0,6403.0,1568.0,16.0,71.0,10787.0,455.0,1856.0,3802.0,3606.0,524.0,449.0,7.0,7458.0,498.0,34.31,0.7,9.55,0.54,31.34,0.15,0.8,20.47,0.07,0.0,0.51,0.0,0.0,0.54,80.29,19.7,0.0,8.77,20.76,12.04,55.47,8.15,0.0,36.38,0.0,100.0,23.91,31.64,2.19,0.12,2559.0,52.0,712.0,40.0,2337.0,11.0,60.0,1527.0,5.0,0.0,38.0,0.0,0.0,40.0,5988.0,1469.0,0.0,654.0,1548.0,898.0,4137.0,608.0,0.0,2713.0,0.0,7458.0,1783.0,2360.0,163.0,9.0,61.28,38.71,0.86,9.05,19.63,12.02,55.08,7.91,0.2,36.79,0.0,100.0,23.34,31.52,2.47,0.33,4.58,16.27,34.23,35.59,3.98,4.38,0.09,4895.0,3092.0,69.0,723.0,1568.0,960.0,4400.0,632.0,16.0,2939.0,0.0,7988.0,1864.0,2518.0,197.0,26.0,366.0,1300.0,2734.0,2843.0,318.0,350.0,7.0,33.48,0.85,9.16,0.63,31.35,0.14,0.75,20.47,0.06,0.0,0.48,0.0,0.0,0.7,55.14,7.9,0.2,36.75,0.0,100.0,20.54,15.18,48.4,15.87,2678.0,68.0,733.0,50.0,2507.0,11.0,60.0,1637.0,5.0,0.0,38.0,0.0,0.0,56.0,4410.0,632.0,16.0,2939.0,0.0,7998.0,1643.0,1214.0,3871.0,1269.0
3526308,46.8,53.2,0.58,87.31,12.69,0.0,76.26,3.78,0.0,19.96,0.0,100.0,7.85,30.62,37.11,19.38,2.62,1.94,0.0,483.0,549.0,6.0,901.0,131.0,0.0,787.0,39.0,0.0,206.0,0.0,1032.0,81.0,316.0,383.0,200.0,27.0,20.0,0.0,516.0,196.0,43.0,0.0,120.0,483.0,549.0,901.0,131.0,0.0,110.0,119.0,245.0,217.0,187.0,146.0,9.0,1032.0,71.0,87.0,59.37,40.63,2.12,88.06,19.53,68.57,10.45,0.0,1.49,100.0,2.55,13.08,38.0,34.42,6.99,2.79,0.0,75.52,3.46,1511.0,1034.0,54.0,2241.0,497.0,1745.0,266.0,0.0,38.0,2545.0,65.0,333.0,967.0,876.0,178.0,71.0,0.0,1922.0,88.0,48.65,1.35,17.0,0.16,27.13,0.0,1.66,3.12,0.0,0.0,0.21,0.0,0.16,0.47,89.92,10.08,0.0,23.39,12.58,4.47,68.4,4.26,0.0,27.18,0.16,100.0,37.37,21.88,0.31,0.0,936.0,26.0,327.0,3.0,522.0,0.0,32.0,60.0,0.0,0.0,4.0,0.0,3.0,9.0,1730.0,194.0,0.0,450.0,242.0,86.0,1316.0,82.0,0.0,523.0,3.0,1924.0,719.0,421.0,6.0,0.0,58.38,41.57,2.09,22.53,13.82,5.02,68.52,4.33,0.0,27.0,0.15,100.0,36.3,21.03,0.8,0.5,2.39,13.28,39.28,34.31,5.77,2.88,0.0,1174.0,836.0,42.0,453.0,278.0,101.0,1378.0,87.0,0.0,543.0,3.0,2011.0,730.0,423.0,16.0,10.0,48.0,267.0,790.0,690.0,116.0,58.0,0.0,46.82,1.44,16.95,0.15,27.88,0.0,1.79,3.73,0.0,0.0,0.2,0.0,0.15,0.8,68.59,4.32,0.0,26.99,0.15,100.0,30.17,15.81,39.26,14.76,942.0,29.0,341.0,3.0,561.0,0.0,36.0,75.0,0.0,0.0,4.0,0.0,3.0,16.0,1380.0,87.0,0.0,543.0,3.0,2012.0,607.0,318.0,790.0,297.0
3526407,51.25,48.77,0.9,92.1,7.9,0.0,63.93,5.25,0.0,30.82,0.0,100.0,6.58,21.79,40.62,24.28,3.28,1.34,1.22,2907.0,2766.0,51.0,5224.0,448.0,0.0,3626.0,298.0,0.0,1748.0,0.0,5672.0,373.0,1236.0,2304.0,1377.0,186.0,76.0,69.0,2927.0,894.0,44.0,27.0,475.0,2907.0,2766.0,5224.0,448.0,0.0,439.0,424.0,1648.0,1135.0,835.0,1162.0,29.0,5672.0,672.0,634.0,56.64,43.36,3.85,91.08,15.18,75.9,4.48,0.0,1.19,100.0,0.59,6.03,29.73,44.62,10.06,5.12,0.0,77.8,2.48,6965.0,5331.0,474.0,11199.0,1866.0,9333.0,551.0,0.0,146.0,12296.0,73.0,741.0,3656.0,5487.0,1237.0,629.0,0.0,9566.0,305.0,22.77,2.08,11.96,0.3,38.54,0.29,0.74,20.4,0.0,0.0,0.05,0.0,0.0,0.54,95.34,4.67,0.0,11.69,9.37,1.74,66.66,7.78,0.0,25.57,0.0,100.0,34.83,41.92,0.0,0.0,2178.0,199.0,1144.0,29.0,3687.0,28.0,71.0,1951.0,0.0,0.0,5.0,0.0,0.0,52.0,9120.0,447.0,0.0,1118.0,896.0,166.0,6377.0,744.0,0.0,2446.0,0.0,9566.0,3332.0,4010.0,0.0,0.0,58.0,42.0,3.71,11.58,9.68,1.77,66.41,7.65,0.0,25.93,0.0,100.0,35.18,41.21,0.0,0.0,0.62,5.46,29.3,44.95,11.02,4.94,0.0,5733.0,4151.0,367.0,1145.0,957.0,175.0,6564.0,756.0,0.0,2563.0,0.0,9884.0,3477.0,4073.0,0.0,0.0,61.0,540.0,2896.0,4443.0,1089.0,488.0,0.0,22.51,2.13,12.01,0.29,38.29,0.28,0.72,20.51,0.0,0.0,0.11,0.0,0.0,0.64,66.41,7.65,0.0,25.93,0.0,100.0,20.11,19.02,43.19,17.68,2225.0,211.0,1187.0,29.0,3785.0,28.0,71.0,2027.0,0.0,0.0,11.0,0.0,0.0,63.0,6564.0,756.0,0.0,2563.0,0.0,9884.0,1988.0,1880.0,4269.0,1747.0
3526506,50.82,49.18,0.0,83.13,16.87,0.0,51.95,2.06,0.82,45.27,0.0,100.0,3.6,30.56,33.33,21.81,7.82,2.78,0.0,494.0,478.0,0.0,808.0,164.0,0.0,505.0,20.0,8.0,440.0,0.0,972.0,35.0,297.0,324.0,212.0,76.0,27.0,0.0,552.0,155.0,0.0,9.0,119.0,494.0,478.0,808.0,164.0,0.0,99.0,69.0,289.0,237.0,158.0,120.0,0.0,972.0,26.0,110.0,55.62,44.38,1.42,72.9,11.91,60.98,24.89,0.0,1.46,100.0,1.9,13.02,29.89,33.3,13.95,6.51,0.0,82.24,3.59,1256.0,1002.0,32.0,1646.0,269.0,1377.0,562.0,0.0,33.0,2258.0,43.0,294.0,675.0,752.0,315.0,147.0,0.0,1857.0,81.0,24.77,3.5,16.53,0.59,36.62,0.32,2.69,11.52,0.0,0.0,2.32,0.0,0.22,0.54,73.61,26.39,0.0,20.3,10.88,6.35,57.46,4.52,2.48,35.54,0.0,100.0,36.24,25.74,0.0,0.0,460.0,65.0,307.0,11.0,680.0,6.0,50.0,214.0,0.0,0.0,43.0,0.0,4.0,10.0,1367.0,490.0,0.0,377.0,202.0,118.0,1067.0,84.0,46.0,660.0,0.0,1857.0,673.0,478.0,0.0,0.0,54.59,45.41,1.65,19.45,11.76,6.09,58.51,4.33,2.37,34.83,0.0,100.0,35.04,25.18,1.19,0.93,1.55,12.95,30.29,31.89,15.12,6.55,0.0,1058.0,880.0,32.0,377.0,228.0,118.0,1134.0,84.0,46.0,675.0,0.0,1938.0,679.0,488.0,23.0,18.0,30.0,251.0,587.0,618.0,293.0,127.0,0.0,24.05,3.66,15.84,0.57,37.72,0.31,2.58,11.61,0.0,0.0,2.58,0.0,0.21,0.52,58.51,4.33,2.37,34.83,0.0,100.0,20.28,14.65,42.57,22.5,466.0,71.0,307.0,11.0,731.0,6.0,50.0,225.0,0.0,0.0,50.0,0.0,4.0,10.0,1134.0,84.0,46.0,675.0,0.0,1938.0,393.0,284.0,825.0,436.0
3526605,49.29,50.71,0.0,76.51,23.49,0.0,61.36,2.63,0.71,35.29,0.0,100.0,10.54,27.11,31.89,17.34,5.1,2.09,5.93,898.0,924.0,0.0,1394.0,428.0,0.0,1118.0,48.0,13.0,643.0,0.0,1822.0,192.0,494.0,581.0,316.0,93.0,38.0,108.0,1025.0,408.0,35.0,0.0,124.0,898.0,924.0,1394.0,428.0,0.0,136.0,162.0,560.0,404.0,354.0,206.0,0.0,1822.0,32.0,198.0,59.02,40.98,0.94,51.58,8.24,43.34,45.67,0.0,2.55,100.0,2.29,13.22,35.84,34.23,9.66,3.62,0.19,87.65,1.33,1826.0,1268.0,29.0,1596.0,255.0,1341.0,1413.0,0.0,79.0,3094.0,71.0,409.0,1109.0,1059.0,299.0,112.0,6.0,2712.0,41.0,22.68,10.77,19.1,0.66,30.2,0.48,1.7,12.91,0.0,0.0,0.33,0.0,0.0,0.15,49.08,50.96,0.0,12.32,11.91,3.43,60.84,6.31,0.55,32.3,0.0,100.0,29.02,42.77,0.11,0.0,615.0,292.0,518.0,18.0,819.0,13.0,46.0,350.0,0.0,0.0,9.0,0.0,0.0,4.0,1331.0,1382.0,0.0,334.0,323.0,93.0,1650.0,171.0,15.0,876.0,0.0,2712.0,787.0,1160.0,3.0,0.0,60.19,39.85,0.62,12.39,11.95,3.78,60.7,6.47,0.54,32.29,0.0,100.0,28.59,42.64,0.11,0.11,2.36,13.19,35.2,35.38,9.88,3.27,0.11,1657.0,1097.0,17.0,341.0,329.0,104.0,1671.0,178.0,15.0,889.0,0.0,2753.0,787.0,1174.0,3.0,3.0,65.0,363.0,969.0,974.0,272.0,90.0,3.0,22.41,10.61,18.89,0.65,30.15,0.47,1.78,13.0,0.0,0.0,0.54,0.0,0.0,0.25,60.7,6.47,0.54,32.29,0.0,100.0,19.65,15.11,51.87,13.37,617.0,292.0,520.0,18.0,830.0,13.0,49.0,358.0,0.0,0.0,15.0,0.0,0.0,7.0,1671.0,178.0,15.0,889.0,0.0,2753.0,541.0,416.0,1428.0,368.0
3526704,49.81,50.19,1.24,95.49,4.48,0.03,63.19,4.6,0.3,31.87,0.04,100.0,7.96,22.79,33.83,24.32,5.17,3.2,1.48,13249.0,13351.0,331.0,25400.0,1191.0,8.0,16809.0,1224.0,80.0,8477.0,10.0,26600.0,2117.0,6062.0,9000.0,6468.0,1376.0,852.0,394.0,12820.0,5049.0,289.0,614.0,2572.0,13249.0,13351.0,25400.0,1191.0,8.0,2547.0,4154.0,6365.0,4991.0,3565.0,4690.0,289.0,26600.0,2487.0,2768.0,57.13,42.87,3.26,89.81,13.94,75.86,7.61,0.02,0.53,100.0,1.6,8.88,27.17,41.39,11.19,6.47,0.04,78.77,4.73,27942.0,20965.0,1594.0,43922.0,6819.0,37103.0,3724.0,8.0,257.0,48907.0,781.0,4344.0,13288.0,20243.0,5473.0,3163.0,20.0,38523.0,2312.0,10.33,17.54,22.37,0.63,33.25,0.0,1.81,11.71,0.0,0.0,0.73,0.0,0.02,0.56,91.92,8.08,0.0,12.48,12.35,3.71,64.93,5.47,0.48,29.09,0.03,100.0,38.98,31.99,0.13,0.17,3983.0,6763.0,8623.0,244.0,12817.0,0.0,697.0,4514.0,0.0,0.0,281.0,0.0,9.0,214.0,35436.0,3115.0,0.0,4813.0,4760.0,1431.0,25032.0,2109.0,185.0,11216.0,10.0,38552.0,15026.0,12333.0,52.0,67.0,58.13,41.87,3.22,12.24,12.61,3.97,64.83,5.48,0.45,29.21,0.02,100.0,38.76,31.19,0.38,0.52,1.41,8.46,26.91,42.37,11.24,6.35,0.05,23738.0,17097.0,1314.0,4998.0,5148.0,1621.0,26474.0,2238.0,185.0,11928.0,10.0,40835.0,15826.0,12735.0,155.0,214.0,575.0,3453.0,10989.0,17300.0,4590.0,2593.0,20.0,9.98,17.0,21.86,0.62,34.06,0.0,1.85,11.56,0.0,0.0,1.07,0.0,0.02,0.65,64.86,5.48,0.45,29.19,0.02,100.0,22.01,15.98,42.75,19.26,4079.0,6946.0,8934.0,252.0,13916.0,0.0,754.0,4723.0,0.0,0.0,439.0,0.0,9.0,265.0,26502.0,2238.0,185.0,11928.0,10.0,40863.0,8994.0,6531.0,17470.0,7869.0
3526803,49.54,50.47,1.11,90.88,8.96,0.16,67.91,3.87,0.33,27.88,0.0,100.0,4.22,12.25,33.94,32.55,8.64,5.27,2.0,8137.0,8290.0,183.0,14928.0,1472.0,27.0,11155.0,636.0,55.0,4580.0,0.0,16426.0,693.0,2013.0,5575.0,5347.0,1420.0,865.0,329.0,8005.0,2725.0,392.0,25.0,2029.0,8137.0,8290.0,14928.0,1472.0,27.0,1825.0,1679.0,4051.0,3631.0,2323.0,2860.0,58.0,16426.0,1392.0,1857.0,56.58,43.42,3.19,93.58,9.64,83.93,4.9,0.07,0.4,100.0,0.85,4.6,23.09,43.15,16.18,8.93,0.0,86.16,2.73,18959.0,14549.0,1070.0,31356.0,3231.0,28124.0,1641.0,23.0,133.0,33508.0,285.0,1542.0,7737.0,14460.0,5422.0,2993.0,0.0,28872.0,916.0,15.65,1.91,15.96,0.78,43.03,0.21,3.48,17.51,0.0,0.0,0.51,0.0,0.04,0.07,95.5,4.5,0.0,12.58,12.53,2.65,66.84,5.08,0.41,27.68,0.0,100.0,39.97,31.81,0.19,0.0,4523.0,553.0,4611.0,225.0,12431.0,60.0,1006.0,5060.0,0.0,0.0,146.0,0.0,12.0,20.0,27591.0,1301.0,0.0,3634.0,3620.0,767.0,19311.0,1467.0,118.0,7997.0,0.0,28892.0,11548.0,9191.0,55.0,0.0,57.28,42.72,2.93,12.68,12.46,2.79,66.53,5.35,0.42,27.7,0.0,100.0,39.44,31.42,0.59,0.17,0.73,4.28,23.14,43.93,16.05,8.95,0.0,17062.0,12726.0,873.0,3776.0,3712.0,831.0,19818.0,1595.0,126.0,8250.0,0.0,29788.0,11749.0,9360.0,177.0,52.0,218.0,1274.0,6893.0,13085.0,4781.0,2665.0,0.0,15.62,1.86,15.79,0.78,42.97,0.2,3.55,17.44,0.0,0.0,0.52,0.0,0.04,0.07,66.51,5.35,0.42,27.71,0.0,100.0,15.81,15.38,47.52,21.28,4655.0,553.0,4708.0,232.0,12809.0,60.0,1057.0,5199.0,0.0,0.0,155.0,0.0,12.0,20.0,19826.0,1595.0,126.0,8261.0,0.0,29808.0,4714.0,4584.0,14166.0,6344.0
3526902,49.69,50.31,3.26,94.81,5.1,0.08,64.28,5.45,0.29,29.93,0.06,100.0,5.38,16.16,31.54,27.46,8.81,5.91,1.48,33042.0,33450.0,2167.0,63041.0,3389.0,52.0,42739.0,3621.0,194.0,19900.0,39.0,66492.0,3578.0,10747.0,20969.0,18262.0,5856.0,3929.0,984.0,31327.0,10719.0,1813.0,825.0,7323.0,33102.0,33495.0,63145.0,3389.0,52.0,6159.0,7795.0,16715.0,13375.0,8700.0,12959.0,893.0,66596.0,7812.0,6777.0,55.23,44.78,5.11,92.44,11.55,80.89,4.7,0.02,0.92,100.0,0.91,5.58,23.92,39.97,15.19,9.33,0.0,82.62,2.97,79223.0,64232.0,7324.0,132613.0,16572.0,116041.0,6739.0,31.0,1314.0,143454.0,1306.0,8007.0,34309.0,57332.0,21788.0,13389.0,0.0,118518.0,4256.0,10.35,1.91,13.0,0.6,49.18,0.66,4.35,18.06,0.02,0.01,0.26,0.07,0.02,0.62,95.15,4.86,0.0,8.06,17.64,3.29,64.34,7.32,0.32,28.0,0.03,100.0,32.78,37.72,0.15,0.0,12291.0,2268.0,15432.0,716.0,58387.0,786.0,5170.0,21439.0,21.0,11.0,308.0,81.0,21.0,737.0,112961.0,5765.0,0.0,9568.0,20940.0,3901.0,76386.0,8686.0,377.0,33238.0,39.0,118725.0,38914.0,44783.0,178.0,0.0,56.81,43.19,4.95,7.84,17.93,3.56,64.29,7.39,0.32,27.97,0.03,100.0,32.37,37.43,0.3,0.11,0.8,5.24,23.87,41.2,14.72,9.22,0.0,69767.0,53045.0,6077.0,9632.0,22014.0,4367.0,78960.0,9073.0,390.0,34349.0,39.0,122811.0,39753.0,45964.0,367.0,140.0,977.0,6439.0,29315.0,50601.0,18076.0,11327.0,0.0,10.33,1.93,12.87,0.67,48.86,0.65,4.32,18.1,0.02,0.02,0.36,0.07,0.02,0.75,64.22,7.38,0.32,28.06,0.03,100.0,12.86,15.14,49.73,22.27,12712.0,2373.0,15837.0,826.0,60111.0,797.0,5310.0,22263.0,21.0,22.0,441.0,81.0,21.0,923.0,79002.0,9073.0,390.0,34514.0,39.0,123018.0,15817.0,18628.0,61182.0,27392.0
3527009,50.54,49.39,0.0,81.18,18.75,0.0,74.69,4.33,0.0,20.91,0.0,100.0,1.59,16.73,43.69,29.2,4.33,3.39,1.01,701.0,685.0,0.0,1126.0,260.0,0.0,1036.0,60.0,0.0,290.0,0.0,1387.0,22.0,232.0,606.0,405.0,60.0,47.0,14.0,737.0,227.0,5.0,5.0,97.0,701.0,685.0,1126.0,260.0,0.0,78.0,123.0,358.0,326.0,182.0,296.0,23.0,1387.0,174.0,143.0,55.66,44.34,2.32,78.64,15.23,63.41,18.02,0.0,1.26,100.0,0.26,6.48,27.64,44.6,12.15,6.51,0.0,78.64,2.79,1897.0,1511.0,79.0,2680.0,519.0,2161.0,614.0,0.0,43.0,3408.0,9.0,221.0,942.0,1520.0,414.0,222.0,0.0,2680.0,95.0,23.66,2.61,14.85,0.3,47.84,0.0,2.01,5.07,0.0,0.0,0.78,0.0,0.0,0.19,79.22,20.82,0.0,15.9,10.34,0.9,72.99,5.34,0.11,21.57,0.0,100.0,46.79,25.11,0.0,0.0,634.0,70.0,398.0,8.0,1282.0,0.0,54.0,136.0,0.0,0.0,21.0,0.0,0.0,5.0,2123.0,558.0,0.0,426.0,277.0,24.0,1956.0,143.0,3.0,578.0,0.0,2680.0,1254.0,673.0,0.0,0.0,56.32,43.68,1.73,15.53,10.74,1.41,72.32,5.33,0.11,22.2,0.0,100.0,45.84,24.61,0.9,0.0,0.18,6.63,27.32,45.01,12.07,7.06,0.0,1563.0,1212.0,48.0,431.0,298.0,39.0,2007.0,148.0,3.0,616.0,0.0,2775.0,1272.0,683.0,25.0,0.0,5.0,184.0,758.0,1249.0,335.0,196.0,0.0,23.24,2.74,14.7,0.29,48.36,0.0,1.95,5.12,0.0,0.0,0.76,0.11,0.0,0.18,72.32,5.33,0.11,22.2,0.0,100.0,24.43,16.18,37.73,21.62,645.0,76.0,408.0,8.0,1342.0,0.0,54.0,142.0,0.0,0.0,21.0,3.0,0.0,5.0,2007.0,148.0,3.0,616.0,0.0,2775.0,678.0,449.0,1047.0,600.0
3527108,50.0,50.0,1.85,95.8,4.0,0.15,58.42,4.95,0.92,35.71,0.0,100.0,7.1,15.06,30.77,29.36,10.06,4.06,1.74,9748.0,9747.0,361.0,18677.0,780.0,30.0,11389.0,965.0,179.0,6962.0,0.0,19495.0,1384.0,2936.0,5999.0,5723.0,1962.0,791.0,339.0,8655.0,3704.0,421.0,68.0,2973.0,9748.0,9747.0,18677.0,780.0,30.0,2110.0,3359.0,4601.0,3397.0,2493.0,3275.0,261.0,19495.0,1876.0,1798.0,54.55,45.45,4.29,92.98,13.66,79.32,5.2,0.0,0.25,100.0,1.13,5.46,25.11,40.06,15.38,8.52,0.05,81.35,3.14,20057.0,16711.0,1579.0,34186.0,5021.0,29166.0,1912.0,0.0,92.0,36769.0,417.0,2007.0,9232.0,14730.0,5654.0,3131.0,18.0,29913.0,1154.0,14.55,2.08,20.56,1.43,43.65,0.37,0.83,14.69,0.0,0.0,0.18,0.15,0.03,0.42,94.86,5.14,0.0,12.3,12.14,2.02,55.1,8.32,1.08,35.47,0.03,100.0,42.49,30.62,0.0,0.0,4356.0,624.0,6155.0,429.0,13070.0,112.0,250.0,4400.0,0.0,0.0,54.0,44.0,9.0,127.0,28405.0,1539.0,0.0,3682.0,3634.0,606.0,16499.0,2491.0,324.0,10621.0,9.0,29944.0,12724.0,9168.0,0.0,0.0,55.14,44.86,3.95,12.05,12.54,2.13,55.28,8.38,1.04,35.24,0.06,100.0,42.05,30.01,0.16,0.48,1.11,5.66,24.96,40.77,15.15,8.34,0.06,17135.0,13943.0,1229.0,3745.0,3897.0,661.0,17180.0,2604.0,324.0,10951.0,19.0,31078.0,13068.0,9326.0,51.0,148.0,345.0,1760.0,7756.0,12669.0,4709.0,2592.0,18.0,14.39,2.03,20.22,1.41,43.93,0.36,0.8,14.68,0.0,0.0,0.29,0.17,0.03,0.49,55.25,8.37,1.04,35.27,0.06,100.0,11.84,17.82,42.88,27.45,4478.0,631.0,6291.0,439.0,13666.0,112.0,250.0,4566.0,0.0,0.0,91.0,53.0,9.0,151.0,17189.0,2604.0,324.0,10972.0,19.0,31109.0,3683.0,5545.0,13340.0,8540.0
3527207,48.47,51.53,1.85,92.61,7.24,0.11,63.88,6.03,0.12,29.96,0.0,100.0,8.56,21.7,30.38,23.55,8.5,3.7,1.75,10177.0,10818.0,388.0,19443.0,1519.0,24.0,13411.0,1267.0,26.0,6290.0,0.0,20995.0,1798.0,4556.0,6378.0,4944.0,1785.0,777.0,368.0,9417.0,3764.0,701.0,165.0,3200.0,10177.0,10818.0,19443.0,1519.0,24.0,2222.0,3225.0,5267.0,3987.0,2955.0,3141.0,199.0,20995.0,1243.0,2504.0,56.19,43.81,3.77,80.87,12.84,68.03,17.01,0.07,0.82,100.0,2.0,9.88,28.84,34.98,13.42,7.06,0.05,81.95,3.15,21307.0,16613.0,1429.0,30667.0,4869.0,25797.0,6449.0,25.0,312.0,37921.0,759.0,3746.0,10935.0,13264.0,5089.0,2679.0,20.0,31078.0,1193.0,11.29,28.17,15.71,0.43,33.52,0.31,1.12,8.3,0.0,0.0,0.09,0.03,0.03,0.28,80.89,19.12,0.0,8.84,11.74,2.46,59.56,8.16,0.24,32.01,0.03,100.0,37.96,38.47,0.31,0.0,3511.0,8764.0,4888.0,133.0,10427.0,95.0,347.0,2582.0,0.0,0.0,28.0,10.0,10.0,86.0,25162.0,5947.0,0.0,2749.0,3653.0,764.0,18529.0,2537.0,75.0,9957.0,10.0,31108.0,11808.0,11967.0,97.0,0.0,57.55,42.45,3.68,8.77,11.65,2.71,59.82,8.04,0.27,31.83,0.03,100.0,37.45,37.93,0.86,0.24,2.01,9.13,29.58,35.77,13.24,6.56,0.02,18573.0,13699.0,1189.0,2831.0,3759.0,874.0,19306.0,2595.0,87.0,10273.0,10.0,32272.0,12085.0,12242.0,279.0,76.0,650.0,2947.0,9545.0,11545.0,4272.0,2116.0,8.0,11.2,27.92,15.35,0.45,33.59,0.29,1.13,8.47,0.03,0.0,0.15,0.03,0.03,0.41,59.77,8.03,0.3,31.87,0.03,100.0,12.9,12.21,48.93,25.95,3619.0,9018.0,4958.0,145.0,10850.0,95.0,366.0,2735.0,11.0,0.0,49.0,10.0,10.0,132.0,19306.0,2595.0,97.0,10294.0,10.0,32303.0,4167.0,3944.0,15807.0,8384.0
3527256,53.13,46.87,0.46,78.42,21.58,0.0,62.41,4.64,0.0,32.95,0.0,100.0,3.94,23.9,32.48,31.09,3.48,4.64,0.0,229.0,202.0,2.0,338.0,93.0,0.0,269.0,20.0,0.0,142.0,0.0,431.0,17.0,103.0,140.0,134.0,15.0,20.0,0.0,193.0,67.0,13.0,0.0,63.0,229.0,202.0,338.0,93.0,0.0,53.0,36.0,123.0,70.0,63.0,87.0,0.0,431.0,43.0,52.0,56.37,43.63,0.76,78.73,15.12,63.61,21.06,0.0,0.22,100.0,1.08,9.83,30.35,45.03,7.78,5.29,0.0,80.56,4.1,522.0,404.0,7.0,729.0,140.0,589.0,195.0,0.0,2.0,926.0,10.0,91.0,281.0,417.0,72.0,49.0,0.0,746.0,38.0,26.41,16.89,18.36,0.0,21.18,0.0,0.67,16.35,0.0,0.0,0.0,0.0,0.0,0.27,78.42,21.58,0.0,36.33,15.28,2.82,57.91,8.58,0.67,32.98,0.0,100.0,27.88,17.69,0.0,0.0,197.0,126.0,137.0,0.0,158.0,0.0,5.0,122.0,0.0,0.0,0.0,0.0,0.0,2.0,585.0,161.0,0.0,271.0,114.0,21.0,432.0,64.0,5.0,246.0,0.0,746.0,208.0,132.0,0.0,0.0,56.38,43.62,0.51,34.57,15.31,3.32,58.04,8.42,0.64,33.04,0.0,100.0,27.04,16.84,0.77,1.4,0.89,10.2,31.76,44.9,7.14,4.59,0.0,442.0,342.0,4.0,271.0,120.0,26.0,455.0,66.0,5.0,259.0,0.0,784.0,212.0,132.0,6.0,11.0,7.0,80.0,249.0,352.0,56.0,36.0,0.0,25.13,16.33,17.47,0.0,22.32,0.0,0.77,16.71,0.0,0.0,0.0,0.0,0.0,0.51,58.04,8.42,0.64,33.04,0.0,100.0,23.6,18.11,44.9,13.39,197.0,128.0,137.0,0.0,175.0,0.0,6.0,131.0,0.0,0.0,0.0,0.0,0.0,4.0,455.0,66.0,5.0,259.0,0.0,784.0,185.0,142.0,352.0,105.0
3527306,50.59,49.42,3.54,81.96,17.93,0.11,56.68,4.18,0.28,38.73,0.05,100.0,4.15,15.3,29.44,28.95,10.26,5.26,3.09,6786.0,6630.0,475.0,10995.0,2405.0,15.0,7603.0,561.0,38.0,5196.0,7.0,13415.0,557.0,2053.0,3950.0,3884.0,1377.0,706.0,414.0,6477.0,1918.0,178.0,70.0,1473.0,6786.0,6630.0,10995.0,2405.0,15.0,1148.0,1202.0,3580.0,2713.0,1678.0,2998.0,96.0,13415.0,1624.0,1675.0,56.55,43.45,5.97,72.97,10.86,62.1,25.42,0.04,0.81,100.0,0.52,5.09,22.23,40.95,16.72,8.48,0.04,84.26,3.3,15229.0,11703.0,1607.0,19651.0,2925.0,16726.0,6845.0,11.0,219.0,26932.0,140.0,1370.0,5987.0,11028.0,4504.0,2283.0,11.0,22692.0,890.0,16.08,1.76,12.98,0.66,44.49,0.06,5.97,16.8,0.09,0.12,0.24,0.0,0.0,0.1,71.93,28.07,0.0,8.46,14.41,3.25,49.06,8.07,0.44,42.37,0.05,100.0,29.2,44.31,0.16,0.04,3651.0,399.0,2947.0,150.0,10102.0,14.0,1356.0,3814.0,21.0,27.0,54.0,0.0,0.0,22.0,16333.0,6373.0,0.0,1922.0,3272.0,737.0,11140.0,1833.0,101.0,9620.0,11.0,22706.0,6631.0,10060.0,36.0,10.0,57.32,42.68,5.65,8.32,14.49,3.8,49.8,7.9,0.57,41.68,0.05,100.0,28.67,43.84,0.36,0.04,0.39,4.94,22.88,42.6,16.47,7.0,0.05,13518.0,10064.0,1333.0,1962.0,3418.0,896.0,11745.0,1863.0,135.0,9829.0,11.0,23582.0,6761.0,10338.0,86.0,10.0,93.0,1166.0,5395.0,10047.0,3885.0,1651.0,11.0,15.71,1.69,12.95,0.73,44.96,0.06,5.75,16.62,0.09,0.11,0.23,0.0,0.0,0.15,49.81,7.9,0.57,41.69,0.05,100.0,15.7,13.37,52.46,18.47,3708.0,399.0,3055.0,172.0,10608.0,14.0,1356.0,3922.0,21.0,27.0,54.0,0.0,0.0,36.0,11752.0,1863.0,135.0,9836.0,11.0,23596.0,3705.0,3155.0,12378.0,4358.0
3527405,51.39,48.61,0.7,80.11,19.89,0.0,70.68,1.45,0.24,27.63,0.0,100.0,7.26,13.14,37.38,31.43,6.12,2.76,1.21,2124.0,2009.0,29.0,3311.0,822.0,0.0,2921.0,60.0,10.0,1142.0,0.0,4133.0,300.0,543.0,1545.0,1299.0,253.0,114.0,50.0,1915.0,794.0,14.0,12.0,521.0,2124.0,2009.0,3311.0,822.0,0.0,483.0,377.0,1003.0,840.0,567.0,824.0,39.0,4133.0,483.0,395.0,56.06,43.94,2.03,78.29,8.96,69.34,17.33,0.0,4.1,100.0,1.37,4.99,32.57,42.19,12.48,4.36,0.0,83.99,2.68,4775.0,3743.0,173.0,6669.0,763.0,5906.0,1476.0,0.0,349.0,8518.0,117.0,425.0,2774.0,3594.0,1063.0,371.0,0.0,7154.0,228.0,23.18,2.47,19.97,1.03,38.93,0.15,1.38,11.91,0.0,0.0,0.29,0.0,0.0,0.18,81.16,18.84,0.0,20.39,12.9,3.39,59.01,4.77,0.18,36.04,0.0,100.0,31.06,31.62,0.13,0.22,1662.0,177.0,1432.0,74.0,2791.0,11.0,99.0,854.0,0.0,0.0,21.0,0.0,0.0,13.0,5819.0,1351.0,0.0,1462.0,925.0,243.0,4231.0,342.0,13.0,2584.0,0.0,7170.0,2227.0,2267.0,9.0,16.0,55.49,44.51,1.65,20.13,12.98,3.48,58.45,4.9,0.3,36.35,0.0,100.0,30.48,31.02,0.43,1.21,1.26,5.49,33.6,42.44,11.26,4.29,0.0,4096.0,3286.0,122.0,1486.0,958.0,257.0,4315.0,362.0,22.0,2683.0,0.0,7382.0,2250.0,2290.0,32.0,89.0,93.0,405.0,2480.0,3133.0,831.0,317.0,0.0,22.74,2.53,19.36,1.0,39.48,0.15,1.34,11.77,0.0,0.0,0.55,0.0,0.0,0.47,58.43,4.89,0.3,36.39,0.0,100.0,17.07,15.95,47.39,19.6,1682.0,187.0,1432.0,74.0,2921.0,11.0,99.0,871.0,0.0,0.0,41.0,0.0,0.0,35.0,4323.0,362.0,22.0,2692.0,0.0,7398.0,1263.0,1180.0,3506.0,1450.0
3527504,48.08,52.12,0.0,80.77,19.23,0.0,63.27,3.65,0.38,32.69,0.0,100.0,2.69,24.81,44.62,23.08,3.08,1.73,0.0,250.0,271.0,0.0,420.0,100.0,0.0,329.0,19.0,2.0,170.0,0.0,520.0,14.0,129.0,232.0,120.0,16.0,9.0,0.0,257.0,101.0,5.0,0.0,72.0,250.0,271.0,420.0,100.0,0.0,57.0,35.0,124.0,133.0,89.0,83.0,0.0,520.0,39.0,46.0,59.12,40.88,0.8,81.29,16.79,64.5,18.15,0.0,0.48,100.0,0.16,8.67,35.1,41.77,9.72,3.78,0.0,79.28,3.37,736.0,509.0,10.0,1012.0,209.0,803.0,226.0,0.0,6.0,1245.0,2.0,108.0,437.0,520.0,121.0,47.0,0.0,987.0,42.0,26.16,0.71,3.03,0.2,34.85,0.2,4.04,28.18,0.0,0.0,1.82,0.0,0.0,0.61,80.2,19.7,0.0,19.29,18.89,6.36,53.43,4.95,0.4,41.01,0.2,100.0,33.64,21.11,0.4,0.0,259.0,7.0,30.0,2.0,345.0,2.0,40.0,279.0,0.0,0.0,18.0,0.0,0.0,6.0,794.0,195.0,0.0,191.0,187.0,63.0,529.0,49.0,4.0,406.0,2.0,990.0,333.0,209.0,4.0,0.0,57.73,42.27,0.39,18.85,19.63,7.29,53.45,5.25,0.39,40.72,0.19,100.0,32.56,20.7,0.39,0.29,0.0,7.58,36.64,41.11,9.91,4.28,0.0,594.0,435.0,4.0,194.0,202.0,75.0,550.0,54.0,4.0,419.0,2.0,1029.0,335.0,213.0,4.0,3.0,0.0,78.0,377.0,423.0,102.0,44.0,0.0,25.19,0.68,3.1,0.19,35.66,0.19,4.17,27.81,0.0,0.0,1.94,0.0,0.0,0.78,53.39,5.23,0.39,40.79,0.19,100.0,27.03,11.82,46.32,14.83,260.0,7.0,32.0,2.0,368.0,2.0,43.0,287.0,0.0,0.0,20.0,0.0,0.0,8.0,551.0,54.0,4.0,421.0,2.0,1032.0,279.0,122.0,478.0,153.0
3527603,50.88,49.15,1.15,90.32,9.68,0.0,50.42,7.42,0.19,41.98,0.0,100.0,5.83,21.72,38.54,23.58,4.84,1.64,2.7,1640.0,1584.0,37.0,2911.0,312.0,0.0,1625.0,239.0,6.0,1353.0,0.0,3223.0,188.0,700.0,1242.0,760.0,156.0,53.0,87.0,1688.0,487.0,15.0,11.0,316.0,1640.0,1584.0,2911.0,312.0,0.0,192.0,347.0,841.0,706.0,454.0,679.0,5.0,3223.0,385.0,321.0,60.58,39.42,1.73,85.83,7.09,78.74,12.23,0.0,0.53,100.0,1.13,9.37,34.47,37.09,9.49,6.72,0.0,88.52,2.47,3536.0,2301.0,101.0,5010.0,414.0,4596.0,714.0,0.0,31.0,5837.0,66.0,547.0,2012.0,2165.0,554.0,392.0,0.0,5167.0,144.0,17.81,11.69,3.5,0.41,26.55,0.1,3.66,34.7,0.0,0.0,0.64,0.0,0.0,0.37,88.12,11.86,0.0,15.64,25.08,4.26,49.84,9.79,0.23,40.02,0.12,100.0,26.92,27.87,0.0,0.0,920.0,604.0,181.0,21.0,1372.0,5.0,189.0,1793.0,0.0,0.0,33.0,0.0,0.0,19.0,4553.0,613.0,0.0,808.0,1296.0,220.0,2575.0,506.0,12.0,2068.0,6.0,5167.0,1391.0,1440.0,0.0,0.0,61.89,38.11,1.79,15.38,25.08,4.37,49.88,9.72,0.23,40.07,0.11,100.0,26.61,27.9,0.43,0.0,1.15,9.49,33.95,36.58,9.87,7.17,0.0,3287.0,2024.0,95.0,817.0,1332.0,232.0,2649.0,516.0,12.0,2128.0,6.0,5311.0,1413.0,1482.0,23.0,0.0,61.0,504.0,1803.0,1943.0,524.0,381.0,0.0,17.91,11.54,3.48,0.4,26.94,0.09,3.56,34.34,0.0,0.0,0.83,0.0,0.0,0.36,49.88,9.72,0.23,40.07,0.11,100.0,22.97,14.59,44.76,17.68,951.0,613.0,185.0,21.0,1431.0,5.0,189.0,1824.0,0.0,0.0,44.0,0.0,0.0,19.0,2649.0,516.0,12.0,2128.0,6.0,5311.0,1220.0,775.0,2377.0,939.0
3527702,49.87,50.13,0.54,84.75,15.25,0.0,46.55,4.66,0.0,48.79,0.0,100.0,6.82,23.32,46.28,19.55,2.6,0.81,0.0,556.0,559.0,6.0,945.0,170.0,0.0,519.0,52.0,0.0,544.0,0.0,1115.0,76.0,260.0,516.0,218.0,29.0,9.0,0.0,612.0,163.0,37.0,0.0,67.0,556.0,559.0,945.0,170.0,0.0,88.0,91.0,328.0,217.0,177.0,212.0,0.0,1115.0,106.0,131.0,59.35,40.65,1.14,76.78,13.4,63.38,9.64,0.0,13.58,100.0,1.36,11.21,37.1,37.63,7.23,4.38,0.0,70.78,2.23,1355.0,928.0,26.0,1753.0,306.0,1447.0,220.0,0.0,310.0,2283.0,31.0,256.0,847.0,859.0,165.0,100.0,0.0,1616.0,51.0,26.08,3.65,7.23,0.19,27.13,0.19,0.87,33.5,0.0,0.0,0.8,0.0,0.0,0.12,89.06,10.94,0.0,19.34,17.86,4.7,45.24,6.0,0.0,48.76,0.0,100.0,22.56,35.48,0.0,0.0,422.0,59.0,117.0,3.0,439.0,3.0,14.0,542.0,0.0,0.0,13.0,0.0,0.0,2.0,1441.0,177.0,0.0,313.0,289.0,76.0,732.0,97.0,0.0,789.0,0.0,1618.0,365.0,574.0,0.0,0.0,58.07,41.93,1.32,19.14,17.46,5.28,45.71,6.18,0.0,48.11,0.0,100.0,22.32,35.15,0.36,0.18,0.9,11.22,35.15,40.37,6.3,4.68,0.0,968.0,699.0,22.0,319.0,291.0,88.0,762.0,103.0,0.0,802.0,0.0,1667.0,372.0,586.0,6.0,3.0,15.0,187.0,586.0,673.0,105.0,78.0,0.0,25.4,3.54,7.31,0.18,28.28,0.18,1.02,32.89,0.0,0.0,0.78,0.0,0.0,0.12,45.78,6.17,0.0,48.05,0.0,100.0,30.92,20.91,30.86,17.32,424.0,59.0,122.0,3.0,472.0,3.0,17.0,549.0,0.0,0.0,13.0,0.0,0.0,2.0,764.0,103.0,0.0,802.0,0.0,1669.0,516.0,349.0,515.0,289.0
3527801,48.32,51.68,0.53,89.33,10.76,0.0,52.82,5.82,0.0,41.36,0.0,100.0,13.05,27.69,38.18,14.81,1.85,0.88,3.09,548.0,586.0,6.0,1013.0,122.0,0.0,599.0,66.0,0.0,469.0,0.0,1134.0,148.0,314.0,433.0,168.0,21.0,10.0,35.0,559.0,296.0,0.0,0.0,31.0,548.0,586.0,1013.0,122.0,0.0,59.0,205.0,279.0,230.0,156.0,179.0,27.0,1134.0,101.0,148.0,59.75,40.25,2.32,81.7,12.47,69.3,16.11,0.0,0.2,100.0,1.72,13.13,37.47,36.41,8.16,0.86,0.0,83.02,2.39,901.0,607.0,35.0,1232.0,188.0,1045.0,243.0,0.0,3.0,1508.0,26.0,198.0,565.0,549.0,123.0,13.0,0.0,1252.0,36.0,40.1,5.75,5.75,0.0,26.76,0.0,4.63,16.29,0.0,0.0,0.32,0.0,0.0,0.0,82.19,17.81,0.0,7.11,25.24,10.94,49.04,7.11,0.0,43.77,0.0,100.0,31.23,25.16,0.0,0.0,502.0,72.0,72.0,0.0,335.0,0.0,58.0,204.0,0.0,0.0,4.0,0.0,0.0,0.0,1029.0,223.0,0.0,89.0,316.0,137.0,614.0,89.0,0.0,548.0,0.0,1252.0,391.0,315.0,0.0,0.0,58.82,41.18,1.86,6.92,25.64,11.11,48.56,7.93,0.0,43.51,0.0,100.0,30.38,25.02,0.23,0.39,1.32,13.29,39.08,35.2,8.31,1.01,0.0,757.0,530.0,24.0,89.0,330.0,143.0,625.0,102.0,0.0,560.0,0.0,1287.0,391.0,322.0,3.0,5.0,17.0,171.0,503.0,453.0,107.0,13.0,0.0,39.55,5.59,5.59,0.0,27.04,0.0,4.51,16.63,0.0,0.0,0.54,0.0,0.0,0.23,48.56,7.93,0.0,43.51,0.0,100.0,22.69,18.65,46.0,12.74,509.0,72.0,72.0,0.0,348.0,0.0,58.0,214.0,0.0,0.0,7.0,0.0,0.0,3.0,625.0,102.0,0.0,560.0,0.0,1287.0,292.0,240.0,592.0,164.0
3527900,47.48,52.52,0.0,86.5,13.5,0.0,52.68,0.33,0.0,46.18,0.81,100.0,6.83,24.72,34.47,26.34,6.02,1.63,0.0,292.0,323.0,0.0,532.0,83.0,0.0,324.0,2.0,0.0,284.0,5.0,615.0,42.0,152.0,212.0,162.0,37.0,10.0,0.0,324.0,83.0,3.0,0.0,58.0,292.0,323.0,532.0,83.0,0.0,65.0,24.0,168.0,147.0,76.0,134.0,0.0,615.0,38.0,108.0,58.55,41.45,2.75,73.97,21.6,52.37,23.05,0.0,3.05,100.0,0.76,10.31,33.97,40.76,7.02,4.43,0.0,71.83,3.59,767.0,543.0,36.0,969.0,283.0,686.0,302.0,0.0,40.0,1310.0,10.0,135.0,445.0,534.0,92.0,58.0,0.0,941.0,47.0,40.28,2.13,4.78,0.0,29.54,0.0,4.89,17.22,0.0,0.0,0.0,0.32,0.0,0.85,71.41,28.59,0.0,21.68,22.95,3.93,59.3,5.74,0.0,34.96,0.0,100.0,30.5,20.94,0.0,0.0,379.0,20.0,45.0,0.0,278.0,0.0,46.0,162.0,0.0,0.0,0.0,3.0,0.0,8.0,672.0,269.0,0.0,204.0,216.0,37.0,558.0,54.0,0.0,329.0,0.0,941.0,287.0,197.0,0.0,0.0,57.19,42.81,1.92,20.65,23.48,4.96,59.01,5.47,0.0,35.43,0.0,100.0,29.05,21.26,0.2,0.4,1.01,8.91,33.3,43.12,7.89,3.85,0.0,565.0,423.0,19.0,204.0,232.0,49.0,583.0,54.0,0.0,350.0,0.0,988.0,287.0,210.0,2.0,4.0,10.0,88.0,329.0,426.0,78.0,38.0,0.0,38.66,2.02,4.55,0.0,31.78,0.0,4.66,17.0,0.0,0.0,0.1,0.3,0.0,0.81,59.01,5.47,0.0,35.43,0.0,100.0,16.7,12.96,52.23,18.12,382.0,20.0,45.0,0.0,314.0,0.0,46.0,168.0,0.0,0.0,1.0,3.0,0.0,8.0,583.0,54.0,0.0,350.0,0.0,988.0,165.0,128.0,516.0,179.0
3528007,50.74,49.29,0.0,88.89,11.11,0.0,59.91,4.95,0.3,34.84,0.0,100.0,4.61,18.56,39.77,29.4,5.77,1.63,0.25,2059.0,2000.0,0.0,3607.0,451.0,0.0,2431.0,201.0,12.0,1414.0,0.0,4058.0,187.0,753.0,1614.0,1193.0,234.0,66.0,10.0,2185.0,665.0,51.0,18.0,241.0,2059.0,2000.0,3607.0,451.0,0.0,338.0,317.0,1118.0,864.0,588.0,825.0,9.0,4058.0,353.0,545.0,58.88,41.11,1.36,71.23,6.41,64.82,26.44,0.0,1.8,100.0,0.55,6.13,29.03,42.28,14.22,6.43,0.0,89.92,1.33,4736.0,3307.0,109.0,5730.0,516.0,5214.0,2127.0,0.0,145.0,8044.0,44.0,493.0,2335.0,3401.0,1144.0,517.0,0.0,7233.0,107.0,21.03,3.4,8.67,0.8,35.93,0.0,4.18,25.09,0.0,0.0,0.29,0.06,0.0,0.0,71.37,28.63,0.0,12.44,10.59,0.95,61.58,7.48,0.08,30.86,0.0,100.0,32.43,43.48,0.04,0.0,1521.0,246.0,627.0,58.0,2599.0,0.0,302.0,1815.0,0.0,0.0,21.0,4.0,0.0,0.0,5162.0,2071.0,0.0,900.0,766.0,69.0,4454.0,541.0,6.0,2232.0,0.0,7233.0,2346.0,3145.0,3.0,0.0,60.52,39.48,1.36,12.26,10.68,1.27,61.54,7.43,0.08,30.95,0.0,100.0,32.03,43.54,0.12,0.05,0.48,6.05,29.16,42.14,14.41,6.4,0.0,4442.0,2898.0,100.0,900.0,784.0,93.0,4517.0,545.0,6.0,2272.0,0.0,7340.0,2351.0,3196.0,9.0,4.0,35.0,444.0,2140.0,3093.0,1058.0,470.0,0.0,20.72,3.35,8.58,0.79,36.1,0.0,4.25,25.1,0.0,0.0,0.38,0.05,0.0,0.12,61.54,7.43,0.08,30.95,0.0,100.0,19.97,15.76,49.22,15.05,1521.0,246.0,630.0,58.0,2650.0,0.0,312.0,1842.0,0.0,0.0,28.0,4.0,0.0,9.0,4517.0,545.0,6.0,2272.0,0.0,7340.0,1466.0,1157.0,3613.0,1105.0
3528106,48.11,51.89,1.57,81.9,18.18,0.0,71.35,2.85,0.0,25.8,0.0,100.0,13.76,22.31,34.5,20.03,4.42,0.71,2.71,675.0,728.0,22.0,1149.0,255.0,0.0,1001.0,40.0,0.0,362.0,0.0,1403.0,193.0,313.0,484.0,281.0,62.0,10.0,38.0,670.0,267.0,13.0,5.0,164.0,675.0,728.0,1149.0,255.0,0.0,167.0,66.0,370.0,296.0,244.0,250.0,11.0,1403.0,76.0,209.0,58.49,41.51,2.87,81.92,16.75,65.15,15.06,0.0,2.93,100.0,2.57,8.43,30.21,40.36,10.68,4.56,0.33,78.7,1.48,1977.0,1403.0,97.0,2769.0,566.0,2202.0,509.0,0.0,99.0,3380.0,87.0,285.0,1021.0,1364.0,361.0,154.0,11.0,2660.0,50.0,18.61,23.38,12.86,0.45,30.08,0.0,2.44,10.94,0.0,0.0,0.68,0.0,0.0,0.41,81.88,18.12,0.0,21.92,14.62,1.99,70.9,4.85,0.41,23.83,0.0,100.0,37.41,23.8,0.0,0.0,495.0,622.0,342.0,12.0,800.0,0.0,65.0,291.0,0.0,0.0,18.0,0.0,0.0,11.0,2178.0,482.0,0.0,583.0,389.0,53.0,1886.0,129.0,11.0,634.0,0.0,2660.0,995.0,633.0,0.0,0.0,57.76,42.24,2.36,21.5,14.35,2.32,71.3,4.76,0.41,23.53,0.0,100.0,37.22,23.68,0.22,0.48,3.02,8.23,30.84,41.02,10.22,4.28,0.0,1566.0,1145.0,64.0,583.0,389.0,63.0,1933.0,129.0,11.0,638.0,0.0,2711.0,1009.0,642.0,6.0,13.0,82.0,223.0,836.0,1112.0,277.0,116.0,0.0,18.37,23.09,12.8,0.44,30.43,0.0,2.4,10.92,0.0,0.0,0.66,0.0,0.0,0.66,71.3,4.76,0.41,23.53,0.0,100.0,26.08,15.82,37.48,20.62,498.0,626.0,347.0,12.0,825.0,0.0,65.0,296.0,0.0,0.0,18.0,0.0,0.0,18.0,1933.0,129.0,11.0,638.0,0.0,2711.0,707.0,429.0,1016.0,559.0
3528205,49.57,50.43,1.1,77.72,21.79,0.49,63.4,1.96,0.0,34.64,0.0,100.0,2.2,27.78,43.08,19.95,2.57,3.06,0.24,405.0,412.0,9.0,635.0,178.0,4.0,518.0,16.0,0.0,283.0,0.0,817.0,18.0,227.0,352.0,163.0,21.0,25.0,2.0,406.0,140.0,17.0,3.0,104.0,405.0,412.0,635.0,178.0,4.0,89.0,73.0,189.0,183.0,146.0,124.0,12.0,817.0,63.0,84.0,59.28,40.72,1.39,69.83,19.0,50.83,27.67,0.0,1.94,100.0,1.39,9.72,34.39,37.61,10.44,5.11,0.0,77.0,1.44,1067.0,733.0,25.0,1257.0,342.0,915.0,498.0,0.0,35.0,1800.0,25.0,175.0,619.0,677.0,188.0,92.0,0.0,1386.0,26.0,20.27,14.07,12.12,0.0,28.72,0.58,0.94,21.14,0.0,0.0,1.15,0.0,0.0,0.79,65.58,34.34,0.0,25.18,17.46,1.95,67.68,2.74,0.0,29.22,0.29,100.0,26.62,28.79,0.0,0.0,281.0,195.0,168.0,0.0,398.0,8.0,13.0,293.0,0.0,0.0,16.0,0.0,0.0,11.0,909.0,476.0,0.0,349.0,242.0,27.0,938.0,38.0,0.0,405.0,4.0,1386.0,369.0,399.0,0.0,0.0,57.29,42.71,1.35,24.93,17.42,2.2,67.78,2.69,0.0,29.25,0.28,100.0,26.27,28.47,0.28,0.42,1.42,10.69,33.78,37.46,10.34,4.96,0.0,809.0,603.0,19.0,352.0,246.0,31.0,957.0,38.0,0.0,413.0,4.0,1412.0,371.0,402.0,4.0,6.0,20.0,151.0,477.0,529.0,146.0,70.0,0.0,20.25,13.81,11.9,0.0,28.68,0.57,0.92,21.46,0.0,0.0,1.13,0.0,0.0,1.06,67.78,2.69,0.0,29.25,0.28,100.0,25.14,13.88,38.67,22.31,286.0,195.0,168.0,0.0,405.0,8.0,13.0,303.0,0.0,0.0,16.0,0.0,0.0,15.0,957.0,38.0,0.0,413.0,4.0,1412.0,355.0,196.0,546.0,315.0
3528304,48.65,51.35,0.0,83.16,16.33,0.51,73.23,1.18,0.0,24.58,1.18,100.0,3.54,24.41,40.74,23.57,6.23,0.84,0.67,289.0,305.0,0.0,494.0,97.0,3.0,435.0,7.0,0.0,146.0,7.0,594.0,21.0,145.0,242.0,140.0,37.0,5.0,4.0,348.0,83.0,0.0,3.0,45.0,289.0,305.0,494.0,97.0,3.0,32.0,28.0,185.0,158.0,94.0,94.0,3.0,594.0,67.0,48.0,59.16,40.84,2.54,79.87,10.68,69.19,14.75,0.0,5.38,100.0,1.09,8.87,29.22,39.1,12.21,6.98,0.0,81.03,2.91,814.0,562.0,35.0,1099.0,147.0,952.0,203.0,0.0,74.0,1376.0,15.0,122.0,402.0,538.0,168.0,96.0,0.0,1115.0,40.0,28.52,19.55,10.22,0.0,28.16,0.0,0.54,11.93,0.0,0.0,0.9,0.0,0.0,0.27,84.13,15.87,0.0,32.47,11.84,1.88,66.19,2.78,0.0,31.03,0.0,100.0,37.49,16.32,0.0,0.0,318.0,218.0,114.0,0.0,314.0,0.0,6.0,133.0,0.0,0.0,10.0,0.0,0.0,3.0,938.0,177.0,0.0,362.0,132.0,21.0,738.0,31.0,0.0,346.0,0.0,1115.0,418.0,182.0,0.0,0.0,57.32,42.68,1.56,31.6,13.07,2.16,66.23,3.03,0.0,30.74,0.0,100.0,36.19,16.8,0.0,0.26,1.3,8.14,29.35,40.52,12.64,6.58,0.0,662.0,493.0,18.0,365.0,151.0,25.0,765.0,35.0,0.0,355.0,0.0,1155.0,418.0,194.0,0.0,3.0,15.0,94.0,339.0,468.0,146.0,76.0,0.0,27.53,18.87,10.22,0.0,29.78,0.0,0.52,11.69,0.0,0.0,0.95,0.0,0.0,0.52,66.23,3.03,0.0,30.74,0.0,100.0,20.95,16.45,41.9,20.69,318.0,218.0,118.0,0.0,344.0,0.0,6.0,135.0,0.0,0.0,11.0,0.0,0.0,6.0,765.0,35.0,0.0,355.0,0.0,1155.0,242.0,190.0,484.0,239.0
3528403,49.7,50.3,0.29,83.13,16.83,0.04,57.71,6.35,0.81,35.12,0.0,100.0,5.77,18.48,36.86,28.05,5.4,3.73,1.43,5744.0,5814.0,33.0,9608.0,1945.0,5.0,6670.0,734.0,94.0,4059.0,0.0,11558.0,667.0,2136.0,4260.0,3242.0,624.0,431.0,165.0,6039.0,2169.0,160.0,136.0,1158.0,5744.0,5814.0,9608.0,1945.0,5.0,962.0,1126.0,3322.0,2625.0,1772.0,1687.0,63.0,11558.0,698.0,1198.0,56.05,43.95,2.06,66.52,12.96,53.56,31.32,0.0,1.11,100.0,0.89,7.22,28.0,43.61,11.75,6.47,0.0,82.17,2.63,13362.0,10477.0,492.0,15858.0,3090.0,12768.0,7467.0,0.0,265.0,23839.0,211.0,1721.0,6675.0,10396.0,2801.0,1542.0,0.0,19589.0,628.0,16.39,1.18,9.6,0.17,42.0,0.45,3.62,25.09,0.31,0.04,0.23,0.0,0.0,0.12,63.52,36.48,0.0,6.42,23.79,6.13,52.1,9.29,0.83,37.55,0.23,100.0,25.81,37.26,0.27,0.0,3210.0,231.0,1881.0,33.0,8227.0,89.0,710.0,4914.0,60.0,8.0,45.0,0.0,0.0,24.0,12443.0,7146.0,0.0,1257.0,4660.0,1201.0,10206.0,1819.0,163.0,7356.0,45.0,19589.0,5056.0,7298.0,53.0,0.0,57.26,42.74,1.4,6.33,23.59,6.76,52.36,9.31,0.92,37.19,0.22,100.0,25.16,37.1,0.48,0.14,0.87,7.14,28.45,43.47,12.16,6.51,0.0,11587.0,8648.0,283.0,1281.0,4773.0,1368.0,10595.0,1883.0,186.0,7526.0,45.0,20235.0,5091.0,7508.0,97.0,29.0,176.0,1445.0,5757.0,8797.0,2460.0,1317.0,0.0,16.1,1.22,9.49,0.16,42.3,0.44,3.57,25.2,0.3,0.04,0.22,0.0,0.0,0.12,52.36,9.31,0.92,37.19,0.22,100.0,16.64,12.08,52.71,18.57,3258.0,247.0,1921.0,33.0,8559.0,89.0,722.0,5100.0,60.0,8.0,45.0,0.0,0.0,24.0,10595.0,1883.0,186.0,7526.0,45.0,20235.0,3367.0,2445.0,10665.0,3758.0
3528502,48.79,51.22,3.11,84.57,15.43,0.0,56.77,5.49,0.35,37.34,0.05,100.0,9.65,19.11,31.35,21.55,7.44,5.29,2.5,10878.0,11420.0,693.0,18856.0,3441.0,0.0,12657.0,1224.0,79.0,8325.0,12.0,22297.0,2152.0,4261.0,6989.0,4806.0,1659.0,1180.0,557.0,11148.0,4116.0,325.0,297.0,2350.0,10906.0,11450.0,18915.0,3441.0,0.0,1642.0,2761.0,6048.0,4772.0,3142.0,3644.0,346.0,22356.0,1905.0,2214.0,58.29,41.71,6.07,73.93,14.99,58.94,22.46,0.0,0.43,100.0,1.91,8.94,28.04,33.46,12.22,9.27,0.09,78.92,2.41,25906.0,18537.0,2698.0,32856.0,6661.0,26195.0,9984.0,0.0,190.0,44443.0,847.0,3972.0,12464.0,14871.0,5430.0,4119.0,40.0,35073.0,1071.0,21.92,1.06,6.75,0.24,46.97,0.13,1.37,19.1,0.06,0.24,0.4,0.0,0.0,0.24,73.59,26.41,0.0,6.29,27.71,16.73,54.11,8.12,0.72,36.9,0.14,100.0,17.55,30.0,1.32,0.0,7694.0,371.0,2371.0,85.0,16487.0,47.0,480.0,6704.0,21.0,83.0,142.0,0.0,0.0,83.0,25832.0,9270.0,0.0,2208.0,9726.0,5872.0,18994.0,2852.0,254.0,12953.0,49.0,35102.0,6161.0,10531.0,464.0,0.0,59.2,40.8,5.57,6.1,27.59,17.3,54.18,8.05,0.89,36.74,0.14,100.0,17.03,29.73,1.61,0.03,1.58,9.14,28.1,34.62,11.66,9.29,0.03,21418.0,14761.0,2014.0,2208.0,9980.0,6259.0,19600.0,2914.0,322.0,13293.0,49.0,36179.0,6163.0,10755.0,582.0,10.0,573.0,3306.0,10168.0,12526.0,4218.0,3362.0,12.0,21.32,1.05,6.58,0.23,47.09,0.13,1.33,19.38,0.06,0.27,0.42,0.0,0.0,0.33,54.19,8.05,0.89,36.74,0.14,100.0,17.64,13.57,46.3,22.49,7721.0,381.0,2384.0,85.0,17052.0,47.0,480.0,7017.0,21.0,97.0,152.0,0.0,0.0,119.0,19620.0,2914.0,322.0,13303.0,49.0,36208.0,6387.0,4913.0,16766.0,8143.0
3528601,46.36,53.64,0.85,77.25,22.75,0.0,74.18,2.09,0.21,23.52,0.0,100.0,5.37,17.17,43.84,25.44,5.16,1.53,0.68,1088.0,1259.0,20.0,1813.0,534.0,0.0,1741.0,49.0,5.0,552.0,0.0,2347.0,126.0,403.0,1029.0,597.0,121.0,36.0,16.0,1305.0,356.0,30.0,5.0,285.0,1088.0,1259.0,1813.0,534.0,0.0,218.0,277.0,561.0,556.0,354.0,342.0,41.0,2347.0,182.0,184.0,59.64,40.36,3.14,79.3,12.25,67.03,19.82,0.0,0.7,100.0,0.75,5.44,33.09,38.45,11.54,7.57,0.0,83.95,2.9,3003.0,2032.0,158.0,3993.0,617.0,3375.0,998.0,0.0,35.0,5035.0,38.0,274.0,1666.0,1936.0,581.0,381.0,0.0,4227.0,146.0,21.53,6.74,8.23,0.35,37.54,0.0,3.0,21.17,0.0,0.0,0.35,0.12,0.0,0.47,78.07,21.93,0.0,17.53,19.33,4.16,72.68,4.23,0.12,22.95,0.0,100.0,31.49,27.23,0.12,0.0,910.0,285.0,348.0,15.0,1587.0,0.0,127.0,895.0,0.0,0.0,15.0,5.0,0.0,20.0,3300.0,927.0,0.0,741.0,817.0,176.0,3072.0,179.0,5.0,970.0,0.0,4227.0,1331.0,1151.0,5.0,0.0,60.85,39.15,2.79,17.15,18.91,4.62,72.58,4.34,0.11,22.98,0.0,100.0,31.12,27.46,0.37,0.23,0.75,5.63,33.91,38.6,11.34,6.97,0.0,2661.0,1712.0,122.0,750.0,827.0,202.0,3174.0,190.0,5.0,1005.0,0.0,4373.0,1361.0,1201.0,16.0,10.0,33.0,246.0,1483.0,1688.0,496.0,305.0,0.0,21.75,6.63,8.1,0.34,37.89,0.0,3.02,20.83,0.0,0.0,0.46,0.11,0.0,0.46,72.58,4.34,0.11,22.98,0.0,100.0,24.99,15.82,44.27,14.91,951.0,290.0,354.0,15.0,1657.0,0.0,132.0,911.0,0.0,0.0,20.0,5.0,0.0,20.0,3174.0,190.0,5.0,1005.0,0.0,4373.0,1093.0,692.0,1936.0,652.0
3528700,52.16,47.97,0.0,79.82,20.18,0.0,49.11,2.54,0.0,48.35,0.0,100.0,14.72,19.42,36.68,20.18,7.49,1.14,0.38,411.0,378.0,0.0,629.0,159.0,0.0,387.0,20.0,0.0,381.0,0.0,788.0,116.0,153.0,289.0,159.0,59.0,9.0,3.0,444.0,103.0,18.0,0.0,86.0,411.0,378.0,629.0,159.0,0.0,39.0,128.0,215.0,175.0,85.0,118.0,28.0,788.0,52.0,85.0,65.1,34.9,1.44,90.23,20.97,69.19,8.1,0.0,0.0,100.0,3.33,14.69,32.7,30.66,11.2,5.98,0.0,67.6,9.69,860.0,461.0,19.0,1192.0,277.0,914.0,107.0,0.0,0.0,1321.0,44.0,194.0,432.0,405.0,148.0,79.0,0.0,893.0,128.0,41.21,0.34,15.79,0.67,27.1,0.0,2.35,7.28,0.34,0.0,1.23,0.34,0.0,0.34,94.18,5.82,0.0,21.95,13.44,7.17,44.12,4.48,0.0,51.4,0.0,100.0,36.73,19.26,0.34,0.0,368.0,3.0,141.0,6.0,242.0,0.0,21.0,65.0,3.0,0.0,11.0,3.0,0.0,3.0,841.0,52.0,0.0,196.0,120.0,64.0,394.0,40.0,0.0,459.0,0.0,893.0,328.0,172.0,3.0,0.0,63.08,36.92,1.47,19.69,14.99,6.66,44.47,4.31,0.0,51.32,0.0,100.0,34.57,19.1,1.18,2.45,3.62,14.1,33.89,28.5,11.75,6.66,0.0,644.0,377.0,15.0,201.0,153.0,68.0,454.0,44.0,0.0,524.0,0.0,1021.0,353.0,195.0,12.0,25.0,37.0,144.0,346.0,291.0,120.0,68.0,0.0,38.98,0.69,14.5,0.78,27.82,0.0,2.74,9.01,0.59,0.0,1.08,0.29,0.0,0.29,44.47,4.31,0.0,51.32,0.0,100.0,25.76,13.61,43.98,16.65,398.0,7.0,148.0,8.0,284.0,0.0,28.0,92.0,6.0,0.0,11.0,3.0,0.0,3.0,454.0,44.0,0.0,524.0,0.0,1021.0,263.0,139.0,449.0,170.0
3528809,50.91,49.09,1.25,85.29,14.47,0.0,70.24,2.53,0.0,27.23,0.0,100.0,4.18,14.37,43.76,28.07,5.74,2.29,0.34,1509.0,1455.0,37.0,2528.0,429.0,0.0,2082.0,75.0,0.0,807.0,0.0,2964.0,124.0,426.0,1297.0,832.0,170.0,68.0,10.0,1413.0,503.0,23.0,40.0,374.0,1509.0,1455.0,2528.0,429.0,0.0,256.0,270.0,813.0,594.0,457.0,560.0,13.0,2964.0,292.0,320.0,60.7,39.3,1.45,84.71,10.83,73.88,13.66,0.0,1.15,100.0,0.77,7.17,30.88,42.73,12.3,4.73,0.0,85.39,2.16,3648.0,2362.0,87.0,5091.0,651.0,4440.0,821.0,0.0,69.0,6010.0,46.0,431.0,1856.0,2568.0,739.0,284.0,0.0,5132.0,130.0,21.69,3.0,11.36,0.18,29.62,0.29,5.92,26.36,0.0,0.0,0.82,0.0,0.0,0.31,85.85,14.15,0.0,13.41,17.26,3.96,62.72,5.61,0.08,31.59,0.0,100.0,30.48,34.35,0.12,0.0,1113.0,154.0,583.0,9.0,1520.0,15.0,304.0,1353.0,0.0,0.0,42.0,0.0,0.0,16.0,4406.0,726.0,0.0,688.0,886.0,203.0,3219.0,288.0,4.0,1621.0,0.0,5132.0,1564.0,1763.0,6.0,0.0,61.19,38.81,1.1,13.07,17.45,4.14,62.6,5.7,0.08,31.62,0.0,100.0,29.72,34.25,0.46,0.42,0.68,7.05,31.68,42.65,12.68,4.16,0.0,3220.0,2042.0,58.0,688.0,918.0,218.0,3294.0,300.0,4.0,1664.0,0.0,5262.0,1564.0,1802.0,24.0,22.0,36.0,371.0,1667.0,2244.0,667.0,219.0,0.0,21.15,3.02,11.08,0.3,29.97,0.29,5.78,26.17,0.0,0.0,1.24,0.0,0.0,0.42,62.6,5.7,0.08,31.62,0.0,100.0,14.77,15.89,50.34,18.99,1113.0,159.0,583.0,16.0,1577.0,15.0,304.0,1377.0,0.0,0.0,65.0,0.0,0.0,22.0,3294.0,300.0,4.0,1664.0,0.0,5262.0,777.0,836.0,2649.0,999.0
3528858,55.61,44.39,0.64,87.98,11.86,0.0,77.4,2.4,0.0,20.19,0.0,100.0,2.56,21.96,40.38,27.24,6.73,0.48,0.0,347.0,277.0,4.0,549.0,74.0,0.0,483.0,15.0,0.0,126.0,0.0,624.0,16.0,137.0,252.0,170.0,42.0,3.0,0.0,330.0,75.0,6.0,0.0,31.0,347.0,277.0,549.0,74.0,0.0,25.0,26.0,198.0,129.0,89.0,157.0,0.0,624.0,81.0,101.0,57.28,42.78,1.29,87.29,13.21,74.08,11.09,0.0,1.51,100.0,0.5,5.99,28.72,44.68,15.06,3.81,0.0,83.03,2.13,1023.0,764.0,23.0,1559.0,236.0,1323.0,198.0,0.0,27.0,1786.0,9.0,107.0,513.0,798.0,269.0,68.0,0.0,1483.0,38.0,27.71,3.51,7.82,0.2,46.26,0.0,0.27,10.59,0.0,0.0,1.35,0.0,0.0,1.01,88.4,11.6,0.0,30.82,6.07,1.69,74.92,5.26,0.2,19.62,0.0,100.0,41.6,19.49,0.0,0.0,411.0,52.0,116.0,3.0,686.0,0.0,4.0,157.0,0.0,0.0,20.0,0.0,0.0,15.0,1311.0,172.0,0.0,457.0,90.0,25.0,1111.0,78.0,3.0,291.0,0.0,1483.0,617.0,289.0,0.0,0.0,56.15,43.85,1.51,30.05,5.92,2.24,74.82,5.52,0.2,19.46,0.0,100.0,40.76,19.2,1.18,0.26,0.39,6.11,29.13,44.12,14.92,3.88,0.0,854.0,667.0,23.0,457.0,90.0,34.0,1138.0,84.0,3.0,296.0,0.0,1521.0,620.0,292.0,18.0,4.0,6.0,93.0,443.0,671.0,227.0,59.0,0.0,27.02,3.42,7.63,0.2,46.68,0.0,0.26,10.78,0.0,0.0,1.31,0.0,0.0,1.45,74.82,5.52,0.2,19.46,0.0,100.0,25.25,14.14,46.48,14.14,411.0,52.0,116.0,3.0,710.0,0.0,4.0,164.0,0.0,0.0,20.0,0.0,0.0,22.0,1138.0,84.0,3.0,296.0,0.0,1521.0,384.0,215.0,707.0,215.0
3528908,50.2,49.93,1.47,73.09,26.91,0.0,60.37,3.21,0.0,36.41,0.0,100.0,11.24,24.1,37.62,20.08,4.02,1.34,0.27,375.0,373.0,11.0,546.0,201.0,0.0,451.0,24.0,0.0,272.0,0.0,747.0,84.0,180.0,281.0,150.0,30.0,10.0,2.0,361.0,133.0,6.0,3.0,99.0,375.0,373.0,546.0,201.0,0.0,41.0,71.0,187.0,181.0,139.0,121.0,7.0,747.0,69.0,78.0,59.02,41.04,2.1,61.06,9.52,51.55,35.78,0.0,2.9,100.0,3.09,12.11,30.66,40.73,8.65,2.66,0.0,85.66,1.67,955.0,664.0,34.0,988.0,154.0,834.0,579.0,0.0,47.0,1618.0,50.0,196.0,496.0,659.0,140.0,43.0,0.0,1386.0,27.0,16.67,9.16,6.71,0.0,31.6,0.0,2.02,30.66,0.0,0.0,1.3,0.0,0.0,0.87,59.81,40.19,0.0,15.66,25.47,7.72,60.25,4.26,0.0,35.43,0.0,100.0,18.4,32.47,0.22,0.0,231.0,127.0,93.0,0.0,438.0,0.0,28.0,425.0,0.0,0.0,18.0,0.0,0.0,12.0,829.0,557.0,0.0,217.0,353.0,107.0,835.0,59.0,0.0,491.0,0.0,1386.0,255.0,450.0,3.0,0.0,58.03,41.97,2.19,15.36,25.12,8.14,60.23,4.25,0.0,35.53,0.0,100.0,18.05,31.85,0.5,0.92,3.04,12.67,30.79,40.34,8.42,2.55,0.0,820.0,593.0,31.0,217.0,355.0,115.0,851.0,60.0,0.0,502.0,0.0,1413.0,255.0,450.0,7.0,13.0,43.0,179.0,435.0,570.0,119.0,36.0,0.0,16.35,8.99,6.58,0.0,32.34,0.0,1.98,30.36,0.0,0.0,1.27,0.0,0.0,0.85,60.23,4.25,0.0,35.53,0.0,100.0,18.26,15.57,47.98,18.26,231.0,127.0,93.0,0.0,457.0,0.0,28.0,429.0,0.0,0.0,18.0,0.0,0.0,12.0,851.0,60.0,0.0,502.0,0.0,1413.0,258.0,220.0,678.0,258.0
3529005,48.74,51.26,3.01,96.2,3.7,0.04,60.52,4.75,1.42,33.2,0.11,100.0,4.61,13.92,32.05,28.83,8.74,5.87,2.98,28714.0,30196.0,1771.0,56670.0,2180.0,21.0,35651.0,2801.0,839.0,19556.0,63.0,58910.0,2716.0,8201.0,18878.0,16986.0,5148.0,3458.0,1754.0,25765.0,10489.0,1997.0,385.0,8069.0,28735.0,30196.0,56680.0,2191.0,21.0,5645.0,8925.0,13937.0,10764.0,7747.0,11106.0,807.0,58931.0,6863.0,5363.0,53.44,46.56,5.72,93.34,12.08,81.26,2.87,0.04,0.63,100.0,0.77,5.64,23.7,39.36,14.96,9.79,0.06,81.72,2.39,63451.0,55272.0,6792.0,110813.0,14341.0,96472.0,3406.0,44.0,745.0,118724.0,917.0,6695.0,28140.0,46735.0,17759.0,11618.0,70.0,97022.0,2835.0,10.06,3.3,22.18,0.68,46.97,0.27,0.56,13.73,0.0,0.0,0.33,0.0,0.02,0.33,97.4,2.6,0.0,9.0,14.32,3.36,57.23,6.83,1.73,34.11,0.1,100.0,35.78,36.9,0.06,0.02,9771.0,3201.0,21544.0,657.0,45624.0,261.0,546.0,13333.0,0.0,0.0,322.0,0.0,21.0,317.0,94613.0,2524.0,0.0,8743.0,13913.0,3259.0,55587.0,6633.0,1682.0,33136.0,100.0,97137.0,34753.0,35843.0,63.0,18.0,54.51,45.49,5.38,8.89,14.31,3.57,57.39,6.77,1.78,33.96,0.1,100.0,35.31,36.63,0.24,0.35,0.73,5.59,24.4,40.06,14.47,9.33,0.05,54462.0,45459.0,5374.0,8886.0,14302.0,3563.0,57343.0,6766.0,1777.0,33935.0,100.0,99921.0,35281.0,36601.0,237.0,346.0,725.0,5588.0,24380.0,40026.0,14458.0,9323.0,47.0,9.9,3.29,21.7,0.68,47.1,0.28,0.57,13.73,0.01,0.0,0.43,0.02,0.03,0.45,57.36,6.79,1.78,33.98,0.1,100.0,11.39,14.84,46.35,27.42,9912.0,3295.0,21721.0,679.0,47149.0,281.0,567.0,13741.0,10.0,0.0,432.0,22.0,31.0,451.0,57421.0,6796.0,1777.0,34010.0,100.0,100103.0,11402.0,14854.0,46401.0,27447.0
3529104,48.68,51.05,1.05,76.84,23.16,0.0,60.0,3.16,0.79,36.05,0.0,100.0,3.42,26.58,44.21,19.47,3.95,0.53,0.53,185.0,194.0,4.0,292.0,88.0,0.0,228.0,12.0,3.0,137.0,0.0,380.0,13.0,101.0,168.0,74.0,15.0,2.0,2.0,170.0,55.0,6.0,3.0,66.0,185.0,194.0,292.0,88.0,0.0,49.0,34.0,103.0,67.0,50.0,72.0,3.0,380.0,44.0,37.0,56.64,43.36,1.82,84.8,16.62,68.19,14.69,0.0,0.51,100.0,0.91,10.44,36.88,38.4,7.09,4.46,0.0,80.65,2.23,559.0,428.0,18.0,837.0,164.0,673.0,145.0,0.0,5.0,987.0,9.0,103.0,364.0,379.0,70.0,44.0,0.0,796.0,22.0,33.42,3.27,12.94,0.75,28.52,0.0,5.78,11.68,0.0,0.0,0.63,0.0,0.0,2.51,83.42,16.58,0.0,27.39,10.18,2.64,53.89,6.41,1.63,38.07,0.0,100.0,41.33,18.34,0.13,0.0,266.0,26.0,103.0,6.0,227.0,0.0,46.0,93.0,0.0,0.0,5.0,0.0,0.0,20.0,664.0,132.0,0.0,218.0,81.0,21.0,429.0,51.0,13.0,303.0,0.0,796.0,329.0,146.0,1.0,0.0,55.75,44.25,1.34,26.89,10.39,2.69,54.03,6.6,1.59,37.78,0.0,100.0,40.95,17.85,0.49,0.73,1.1,10.76,38.88,37.65,5.62,4.52,0.0,456.0,362.0,11.0,220.0,85.0,22.0,442.0,54.0,13.0,309.0,0.0,818.0,335.0,146.0,4.0,6.0,9.0,88.0,318.0,308.0,46.0,37.0,0.0,32.64,3.18,12.59,0.73,29.71,0.0,5.62,11.37,0.0,0.0,0.86,0.0,0.0,2.69,54.03,6.6,1.59,37.78,0.0,100.0,21.88,14.79,49.88,13.45,267.0,26.0,103.0,6.0,243.0,0.0,46.0,93.0,0.0,0.0,7.0,0.0,0.0,22.0,442.0,54.0,13.0,309.0,0.0,818.0,179.0,121.0,408.0,110.0
3529203,48.97,51.03,0.7,91.7,8.3,0.0,57.46,3.93,0.0,38.41,0.0,100.0,10.15,21.73,35.58,20.86,7.26,1.72,1.98,2643.0,2754.0,38.0,4949.0,448.0,0.0,3101.0,212.0,0.0,2073.0,0.0,5397.0,548.0,1173.0,1920.0,1126.0,392.0,93.0,107.0,2634.0,876.0,108.0,80.0,462.0,2643.0,2754.0,4949.0,448.0,0.0,423.0,447.0,1475.0,1154.0,780.0,1065.0,53.0,5397.0,584.0,654.0,57.74,42.26,1.64,80.7,11.68,69.02,18.0,0.0,0.56,100.0,1.85,9.91,31.37,36.81,13.44,4.87,0.12,83.67,3.35,6132.0,4488.0,174.0,8570.0,1240.0,7330.0,1912.0,0.0,60.0,10620.0,197.0,1052.0,3331.0,3909.0,1427.0,517.0,13.0,8886.0,356.0,17.48,6.81,11.29,0.62,35.9,0.11,2.05,22.89,0.0,0.0,1.31,0.0,0.0,0.96,81.42,18.58,0.0,12.2,22.39,6.8,55.95,7.37,0.25,36.43,0.0,100.0,29.44,29.03,0.0,0.0,1553.0,605.0,1003.0,55.0,3190.0,10.0,182.0,2034.0,0.0,0.0,116.0,0.0,0.0,85.0,7235.0,1651.0,0.0,1084.0,1990.0,604.0,4972.0,655.0,22.0,3237.0,0.0,8886.0,2616.0,2580.0,0.0,0.0,58.86,41.14,1.75,11.9,21.86,6.65,55.85,7.21,0.24,36.7,0.0,100.0,28.67,28.76,0.39,1.44,1.81,10.43,30.72,36.82,13.71,4.61,0.14,5440.0,3802.0,162.0,1100.0,2020.0,615.0,5162.0,666.0,22.0,3392.0,0.0,9242.0,2650.0,2658.0,36.0,133.0,167.0,964.0,2839.0,3403.0,1267.0,426.0,13.0,17.31,6.55,10.85,0.6,35.81,0.11,2.08,22.9,0.0,0.0,2.03,0.0,0.0,1.0,55.85,7.21,0.24,36.7,0.0,100.0,19.82,14.3,44.43,21.45,1600.0,605.0,1003.0,55.0,3310.0,10.0,192.0,2116.0,0.0,0.0,188.0,0.0,0.0,92.0,5162.0,666.0,22.0,3392.0,0.0,9242.0,1832.0,1322.0,4106.0,1982.0
3529302,50.53,49.47,0.95,92.2,7.71,0.0,64.62,5.3,0.44,29.64,0.0,100.0,4.82,17.16,35.08,29.05,8.46,3.01,1.47,9197.0,9004.0,173.0,16781.0,1404.0,0.0,11762.0,965.0,80.0,5394.0,0.0,18201.0,877.0,3123.0,6385.0,5287.0,1540.0,547.0,268.0,8379.0,3784.0,217.0,243.0,2360.0,9204.0,9012.0,16797.0,1404.0,0.0,2082.0,2448.0,4606.0,3421.0,2398.0,3004.0,258.0,18216.0,1504.0,1728.0,55.92,44.08,3.49,93.61,11.54,82.07,4.36,0.03,0.77,100.0,0.7,6.28,24.23,42.81,15.39,7.09,0.0,82.51,3.96,21344.0,16822.0,1332.0,35729.0,4404.0,31324.0,1664.0,13.0,295.0,38166.0,269.0,2397.0,9249.0,16340.0,5873.0,2707.0,0.0,31491.0,1511.0,13.55,4.51,24.53,1.16,43.61,0.05,0.86,9.87,0.0,0.0,0.18,0.0,0.0,0.63,96.17,3.83,0.0,11.14,10.95,2.52,60.19,7.74,0.69,31.35,0.03,100.0,47.22,27.46,0.12,0.0,4273.0,1423.0,7735.0,367.0,13751.0,15.0,271.0,3112.0,0.0,0.0,58.0,0.0,0.0,199.0,30322.0,1209.0,0.0,3514.0,3453.0,795.0,18979.0,2440.0,217.0,9885.0,10.0,31530.0,14889.0,8658.0,37.0,0.0,57.77,42.23,3.44,10.72,10.94,2.61,60.43,7.84,0.69,31.01,0.03,100.0,46.75,27.62,0.34,0.27,0.58,5.91,24.59,43.59,15.06,6.83,0.0,19064.0,13938.0,1134.0,3537.0,3609.0,863.0,19943.0,2587.0,228.0,10234.0,10.0,33002.0,15430.0,9115.0,111.0,89.0,192.0,1949.0,8116.0,14386.0,4970.0,2255.0,0.0,13.49,4.39,23.88,1.24,43.97,0.05,0.88,9.84,0.0,0.0,0.35,0.0,0.0,0.67,60.36,7.83,0.69,31.09,0.03,100.0,14.38,14.54,48.46,22.62,4456.0,1452.0,7890.0,411.0,14527.0,15.0,292.0,3251.0,0.0,0.0,117.0,0.0,0.0,222.0,19945.0,2587.0,228.0,10271.0,10.0,33041.0,4752.0,4803.0,16012.0,7474.0
3529401,49.27,50.73,0.74,86.85,13.02,0.04,51.66,7.89,0.28,40.05,0.12,100.0,7.09,19.12,32.02,26.82,7.44,3.3,3.48,52797.0,54361.0,793.0,93066.0,13954.0,47.0,55361.0,8453.0,299.0,42915.0,130.0,107159.0,7596.0,20484.0,34314.0,28740.0,7971.0,3531.0,3731.0,49698.0,20543.0,2195.0,1548.0,14027.0,52797.0,54361.0,93066.0,13954.0,47.0,9788.0,16985.0,26479.0,20836.0,15076.0,16604.0,1391.0,107159.0,9847.0,9301.0,54.82,45.18,1.93,58.51,10.61,47.91,37.59,0.0,1.25,100.0,1.61,8.54,28.09,39.78,12.92,7.1,0.02,82.85,2.61,109217.0,90023.0,3851.0,116581.0,21134.0,95447.0,74887.0,0.0,2495.0,199239.0,3209.0,17015.0,55966.0,79258.0,25748.0,14147.0,45.0,165070.0,5202.0,12.45,1.1,6.03,0.4,25.58,0.3,1.77,33.3,0.58,15.73,0.14,0.08,0.05,0.77,56.44,43.56,0.0,3.77,31.97,25.29,48.09,10.89,0.38,40.58,0.07,100.0,11.51,24.47,2.16,0.0,20561.0,1812.0,9951.0,657.0,42227.0,503.0,2926.0,54984.0,960.0,25961.0,230.0,135.0,83.0,1271.0,93175.0,71918.0,0.0,6225.0,52781.0,41758.0,79397.0,17976.0,620.0,66990.0,109.0,165093.0,18999.0,40399.0,3562.0,0.0,55.95,44.05,1.78,3.74,31.76,25.32,48.07,10.91,0.37,40.57,0.08,100.0,11.58,24.2,2.43,0.08,1.38,8.48,27.9,40.48,12.95,7.02,0.02,95295.0,75039.0,3031.0,6369.0,54096.0,43131.0,81888.0,18582.0,630.0,69098.0,137.0,170334.0,19719.0,41229.0,4131.0,139.0,2345.0,14449.0,47518.0,68945.0,22051.0,11959.0,34.0,12.4,1.08,6.0,0.4,25.61,0.31,1.78,33.16,0.58,15.72,0.19,0.1,0.05,0.8,48.08,10.91,0.37,40.56,0.08,100.0,13.31,14.17,52.17,20.34,21129.0,1835.0,10229.0,677.0,43624.0,527.0,3039.0,56497.0,981.0,26784.0,325.0,173.0,83.0,1367.0,81911.0,18582.0,630.0,69098.0,137.0,170357.0,22677.0,24145.0,88880.0,34655.0
3529500,51.22,48.86,0.74,87.1,12.9,0.0,64.55,3.98,0.22,31.25,0.0,100.0,3.91,18.94,38.84,31.02,4.35,1.99,0.22,695.0,663.0,10.0,1182.0,175.0,0.0,876.0,54.0,3.0,424.0,0.0,1357.0,53.0,257.0,527.0,421.0,59.0,27.0,3.0,651.0,225.0,10.0,4.0,110.0,695.0,663.0,1182.0,175.0,0.0,127.0,50.0,333.0,318.0,204.0,325.0,0.0,1357.0,255.0,103.0,57.93,42.04,1.97,86.83,35.0,51.83,10.86,0.0,1.57,100.0,0.92,6.62,23.85,46.69,13.73,6.16,0.0,59.9,2.83,1882.0,1366.0,64.0,2821.0,1137.0,1684.0,353.0,0.0,51.0,3249.0,30.0,215.0,775.0,1517.0,446.0,200.0,0.0,1946.0,92.0,17.16,13.51,9.3,0.41,34.17,0.15,1.08,12.44,0.0,0.0,0.57,8.68,0.51,1.85,84.58,15.36,0.0,22.71,11.36,2.93,65.11,6.17,0.31,28.42,0.0,100.0,37.2,25.18,0.36,0.0,334.0,263.0,181.0,8.0,665.0,3.0,21.0,242.0,0.0,0.0,11.0,169.0,10.0,36.0,1646.0,299.0,0.0,442.0,221.0,57.0,1267.0,120.0,6.0,553.0,0.0,1946.0,724.0,490.0,7.0,0.0,57.65,42.35,1.32,22.23,11.43,3.63,64.92,6.23,0.29,28.56,0.0,100.0,36.65,24.78,0.54,0.54,0.69,5.84,24.58,47.01,15.01,5.45,0.0,1175.0,863.0,27.0,453.0,233.0,74.0,1323.0,127.0,6.0,582.0,0.0,2038.0,747.0,505.0,11.0,11.0,14.0,119.0,501.0,958.0,306.0,111.0,0.0,16.68,13.15,9.27,0.39,34.45,0.15,1.18,12.37,0.0,0.0,0.74,8.44,0.49,2.26,64.92,6.23,0.29,28.56,0.0,100.0,23.55,15.51,43.72,17.17,340.0,268.0,189.0,8.0,702.0,3.0,24.0,252.0,0.0,0.0,15.0,172.0,10.0,46.0,1323.0,127.0,6.0,582.0,0.0,2038.0,480.0,316.0,891.0,350.0
3529609,49.8,50.2,1.09,78.43,20.97,0.6,66.3,4.57,0.0,29.22,0.0,100.0,2.78,22.56,36.18,27.83,7.06,2.49,0.0,501.0,505.0,11.0,789.0,211.0,6.0,667.0,46.0,0.0,294.0,0.0,1006.0,28.0,227.0,364.0,280.0,71.0,25.0,0.0,520.0,152.0,3.0,2.0,115.0,501.0,505.0,789.0,211.0,6.0,93.0,43.0,293.0,211.0,164.0,199.0,3.0,1006.0,144.0,70.0,57.36,42.64,1.49,74.07,14.14,59.93,25.8,0.0,0.14,100.0,0.72,7.02,30.26,42.19,13.24,5.09,0.0,84.29,1.44,1274.0,947.0,33.0,1645.0,314.0,1331.0,573.0,0.0,3.0,2221.0,16.0,156.0,672.0,937.0,294.0,113.0,0.0,1872.0,32.0,17.68,11.91,13.35,0.0,32.48,0.0,0.48,21.37,0.0,0.0,0.0,0.0,0.0,1.34,70.51,29.49,0.0,24.52,7.16,1.76,66.13,6.57,0.0,27.3,0.0,100.0,35.2,31.36,0.0,0.0,331.0,223.0,250.0,0.0,608.0,0.0,9.0,400.0,0.0,0.0,0.0,0.0,0.0,25.0,1320.0,552.0,0.0,459.0,134.0,33.0,1238.0,123.0,0.0,511.0,0.0,1872.0,659.0,587.0,0.0,0.0,57.3,42.7,1.58,24.11,7.51,2.05,66.12,6.62,0.0,27.31,0.0,100.0,34.87,30.99,0.0,0.42,0.74,7.04,31.09,41.12,13.55,4.94,0.0,1091.0,813.0,30.0,459.0,143.0,39.0,1259.0,126.0,0.0,520.0,0.0,1904.0,664.0,590.0,0.0,8.0,14.0,134.0,592.0,783.0,258.0,94.0,0.0,17.65,11.71,13.24,0.0,32.77,0.0,0.47,21.32,0.0,0.0,0.0,0.0,0.0,1.47,66.12,6.62,0.0,27.31,0.0,100.0,24.11,13.92,42.65,19.38,336.0,223.0,252.0,0.0,624.0,0.0,9.0,406.0,0.0,0.0,0.0,0.0,0.0,28.0,1259.0,126.0,0.0,520.0,0.0,1904.0,459.0,265.0,812.0,369.0
3529658,50.68,49.32,0.23,88.41,11.59,0.0,56.59,6.82,0.0,36.59,0.0,100.0,4.09,25.23,46.14,18.18,3.41,1.36,0.91,223.0,217.0,1.0,389.0,51.0,0.0,249.0,30.0,0.0,161.0,0.0,440.0,18.0,111.0,203.0,80.0,15.0,6.0,4.0,254.0,65.0,7.0,0.0,30.0,223.0,217.0,389.0,51.0,0.0,29.0,24.0,115.0,123.0,65.0,76.0,7.0,440.0,52.0,33.0,61.14,38.75,0.93,66.13,9.05,57.08,30.74,0.0,3.13,100.0,0.93,9.63,40.6,38.52,7.54,1.86,0.0,86.43,1.39,527.0,334.0,8.0,570.0,78.0,492.0,265.0,0.0,27.0,862.0,8.0,83.0,350.0,332.0,65.0,16.0,0.0,745.0,12.0,32.62,3.89,4.56,0.81,18.39,0.0,2.82,37.05,0.0,0.0,0.0,0.0,0.0,0.0,65.5,34.5,0.0,12.62,23.36,3.36,54.23,8.59,0.0,37.18,0.0,100.0,34.36,26.31,0.0,0.0,243.0,29.0,34.0,6.0,137.0,0.0,21.0,276.0,0.0,0.0,0.0,0.0,0.0,0.0,488.0,257.0,0.0,94.0,174.0,25.0,404.0,64.0,0.0,277.0,0.0,745.0,256.0,196.0,0.0,0.0,60.5,39.37,0.4,12.42,22.99,3.7,54.03,8.45,0.0,37.52,0.0,100.0,33.95,26.29,0.4,0.26,1.06,9.64,42.14,38.18,7.66,0.92,0.0,458.0,298.0,3.0,94.0,174.0,28.0,409.0,64.0,0.0,284.0,0.0,757.0,257.0,199.0,3.0,2.0,8.0,73.0,319.0,289.0,58.0,7.0,0.0,32.23,3.83,4.49,0.79,18.63,0.0,2.77,37.12,0.0,0.0,0.26,0.0,0.0,0.0,54.03,8.45,0.0,37.52,0.0,100.0,27.34,16.64,43.73,12.29,244.0,29.0,34.0,6.0,141.0,0.0,21.0,281.0,0.0,0.0,2.0,0.0,0.0,0.0,409.0,64.0,0.0,284.0,0.0,757.0,207.0,126.0,331.0,93.0
3529708,51.06,48.94,1.33,85.37,14.65,0.0,57.89,4.41,0.31,37.39,0.0,100.0,7.23,26.87,35.3,23.05,3.03,2.55,0.65,2339.0,2242.0,61.0,3911.0,671.0,0.0,2652.0,202.0,14.0,1713.0,0.0,4581.0,331.0,1231.0,1617.0,1056.0,139.0,117.0,30.0,2449.0,705.0,51.0,60.0,491.0,2339.0,2242.0,3911.0,671.0,0.0,415.0,461.0,1099.0,1201.0,669.0,685.0,52.0,4581.0,365.0,461.0,58.92,41.09,2.39,76.45,18.39,58.05,19.67,0.0,0.68,100.0,2.42,10.68,33.44,37.8,9.74,3.54,0.0,72.72,5.0,5292.0,3691.0,215.0,6867.0,1652.0,5214.0,1767.0,0.0,61.0,8982.0,217.0,959.0,3004.0,3395.0,875.0,318.0,0.0,6532.0,449.0,10.38,25.02,9.34,0.49,26.4,0.0,0.0,26.54,0.0,0.0,0.26,0.0,0.0,0.83,76.15,23.83,0.0,11.51,20.01,7.41,53.78,7.17,0.6,38.44,0.0,100.0,33.22,27.55,0.0,0.14,679.0,1637.0,611.0,32.0,1727.0,0.0,0.0,1736.0,0.0,0.0,17.0,0.0,0.0,54.0,4982.0,1559.0,0.0,753.0,1309.0,485.0,3518.0,469.0,39.0,2515.0,0.0,6542.0,2173.0,1802.0,0.0,9.0,59.99,40.01,2.21,11.26,20.43,7.71,53.75,7.35,0.56,38.16,0.17,100.0,32.43,26.83,0.6,0.3,2.08,9.54,32.75,39.36,9.8,4.27,0.0,4188.0,2793.0,154.0,786.0,1426.0,538.0,3752.0,513.0,39.0,2664.0,12.0,6981.0,2264.0,1873.0,42.0,21.0,145.0,666.0,2286.0,2748.0,684.0,298.0,0.0,10.13,23.86,8.74,0.46,26.55,0.0,0.0,27.64,0.0,0.0,0.39,0.0,0.0,1.12,53.81,7.34,0.56,38.11,0.17,100.0,27.15,19.05,36.89,16.91,708.0,1668.0,611.0,32.0,1856.0,0.0,0.0,1932.0,0.0,0.0,27.0,0.0,0.0,78.0,3762.0,513.0,39.0,2664.0,12.0,6991.0,1898.0,1332.0,2579.0,1182.0
3529807,50.12,49.88,0.0,89.03,10.94,0.0,65.06,1.31,0.0,33.64,0.0,100.0,9.39,26.55,35.54,19.73,6.34,1.39,1.07,1265.0,1259.0,0.0,2247.0,276.0,0.0,1642.0,33.0,0.0,849.0,0.0,2524.0,237.0,670.0,897.0,498.0,160.0,35.0,27.0,1301.0,419.0,35.0,22.0,248.0,1265.0,1259.0,2247.0,276.0,0.0,220.0,275.0,648.0,586.0,350.0,414.0,30.0,2524.0,178.0,321.0,57.38,42.62,1.02,75.07,13.52,61.56,22.6,0.0,1.59,100.0,1.31,11.49,34.98,36.87,10.43,3.88,0.0,80.59,3.56,2882.0,2141.0,51.0,3771.0,679.0,3092.0,1135.0,0.0,80.0,5023.0,66.0,577.0,1757.0,1852.0,524.0,195.0,0.0,4048.0,179.0,32.07,2.82,7.73,0.99,34.56,0.0,5.71,14.87,0.0,0.0,0.59,0.0,0.0,0.54,74.06,25.94,0.0,11.71,16.8,2.74,64.55,3.43,0.17,31.84,0.0,100.0,27.15,41.5,0.1,0.0,1298.0,114.0,313.0,40.0,1399.0,0.0,231.0,602.0,0.0,0.0,24.0,0.0,0.0,22.0,2998.0,1050.0,0.0,474.0,680.0,111.0,2613.0,139.0,7.0,1289.0,0.0,4048.0,1099.0,1680.0,4.0,0.0,59.14,40.86,0.83,11.21,16.8,2.82,65.37,3.29,0.17,31.18,0.0,100.0,26.73,41.68,0.33,0.43,1.23,11.28,33.66,39.39,10.03,3.57,0.0,2500.0,1727.0,35.0,474.0,710.0,119.0,2763.0,139.0,7.0,1318.0,0.0,4227.0,1130.0,1762.0,14.0,18.0,52.0,477.0,1423.0,1665.0,424.0,151.0,0.0,31.11,2.7,7.52,0.95,36.12,0.0,5.56,14.48,0.0,0.0,0.73,0.0,0.0,0.66,65.37,3.29,0.17,31.18,0.0,100.0,25.12,18.88,41.33,14.64,1315.0,114.0,318.0,40.0,1527.0,0.0,235.0,612.0,0.0,0.0,31.0,0.0,0.0,28.0,2763.0,139.0,7.0,1318.0,0.0,4227.0,1062.0,798.0,1747.0,619.0
3529906,47.87,52.13,0.79,89.83,9.97,0.18,50.22,4.29,0.99,43.24,1.28,100.0,21.85,25.57,30.57,15.71,2.66,0.64,2.18,2175.0,2369.0,36.0,4082.0,453.0,8.0,2282.0,195.0,45.0,1965.0,58.0,4544.0,993.0,1162.0,1389.0,714.0,121.0,29.0,99.0,2600.0,688.0,126.0,30.0,276.0,2175.0,2369.0,4082.0,453.0,8.0,234.0,482.0,1489.0,1016.0,646.0,645.0,32.0,4544.0,302.0,520.0,60.22,39.78,1.67,87.32,18.83,68.49,8.21,0.0,1.2,100.0,6.39,15.11,35.76,29.22,7.55,4.31,0.0,73.74,2.98,4513.0,2981.0,125.0,6544.0,1411.0,5133.0,615.0,0.0,90.0,7494.0,479.0,1132.0,2680.0,2190.0,566.0,323.0,0.0,5526.0,223.0,40.57,5.97,10.89,0.76,23.02,0.2,2.35,11.89,0.0,0.0,1.39,0.0,0.18,1.61,91.08,8.92,0.0,16.32,13.25,4.42,50.25,5.65,1.21,42.18,0.71,100.0,31.94,32.45,0.89,0.16,2242.0,330.0,602.0,42.0,1272.0,11.0,130.0,657.0,0.0,0.0,77.0,0.0,10.0,89.0,5033.0,493.0,0.0,902.0,732.0,244.0,2777.0,312.0,67.0,2331.0,39.0,5526.0,1765.0,1793.0,49.0,9.0,58.66,41.35,1.15,15.92,13.15,4.85,49.65,5.93,1.17,42.57,0.7,100.0,31.12,31.84,1.69,0.61,6.07,13.76,36.99,30.25,7.67,4.11,0.0,3372.0,2377.0,66.0,915.0,756.0,279.0,2854.0,341.0,67.0,2447.0,40.0,5748.0,1789.0,1830.0,97.0,35.0,349.0,791.0,2126.0,1739.0,441.0,236.0,0.0,39.28,6.16,10.8,0.73,23.54,0.19,2.37,12.11,0.0,0.0,1.58,0.0,0.17,1.72,49.65,5.93,1.17,42.57,0.7,100.0,24.6,17.92,41.89,15.59,2258.0,354.0,621.0,42.0,1353.0,11.0,136.0,696.0,0.0,0.0,91.0,0.0,10.0,99.0,2854.0,341.0,67.0,2447.0,40.0,5748.0,1414.0,1030.0,2408.0,896.0
3530003,50.7,49.3,0.0,82.95,17.05,0.0,67.91,3.26,0.0,28.84,0.0,100.0,11.63,28.68,34.88,21.86,1.86,0.78,0.31,327.0,318.0,0.0,535.0,110.0,0.0,438.0,21.0,0.0,186.0,0.0,645.0,75.0,185.0,225.0,141.0,12.0,5.0,2.0,307.0,90.0,3.0,8.0,80.0,327.0,318.0,535.0,110.0,0.0,86.0,20.0,180.0,131.0,81.0,147.0,0.0,645.0,90.0,67.0,59.5,40.5,1.77,86.25,9.46,76.79,13.23,0.0,0.3,100.0,1.63,10.57,35.7,43.68,3.92,2.66,0.0,87.51,2.44,805.0,548.0,24.0,1167.0,128.0,1039.0,179.0,0.0,4.0,1353.0,22.0,143.0,483.0,591.0,53.0,36.0,0.0,1184.0,33.0,33.5,13.22,6.31,0.17,36.87,0.0,0.76,8.59,0.0,0.0,0.0,0.0,0.34,0.25,86.53,13.47,0.0,32.32,10.35,1.18,62.79,4.12,0.0,33.0,0.0,100.0,33.5,22.56,0.0,0.0,398.0,157.0,75.0,2.0,438.0,0.0,9.0,102.0,0.0,0.0,0.0,0.0,4.0,3.0,1028.0,160.0,0.0,384.0,123.0,14.0,746.0,49.0,0.0,392.0,0.0,1188.0,398.0,268.0,0.0,0.0,59.11,40.8,1.81,31.77,10.59,1.15,63.55,3.94,0.0,32.51,0.0,100.0,32.59,23.07,0.49,0.0,1.81,10.18,35.55,43.84,4.35,2.46,0.0,720.0,497.0,22.0,387.0,129.0,14.0,774.0,48.0,0.0,396.0,0.0,1218.0,397.0,281.0,6.0,0.0,22.0,124.0,433.0,534.0,53.0,30.0,0.0,32.76,12.86,6.14,0.16,37.92,0.0,0.74,8.6,0.0,0.0,0.0,0.0,0.33,0.25,63.39,4.26,0.0,32.43,0.0,100.0,29.57,15.07,36.77,18.59,400.0,157.0,75.0,2.0,463.0,0.0,9.0,105.0,0.0,0.0,0.0,0.0,4.0,3.0,774.0,52.0,0.0,396.0,0.0,1221.0,361.0,184.0,449.0,227.0
3530102,50.17,49.83,2.36,89.18,10.62,0.2,57.98,2.65,2.5,36.87,0.0,100.0,8.0,18.14,29.2,28.26,8.67,2.87,2.5,2727.0,2708.0,128.0,4847.0,577.0,11.0,3151.0,144.0,136.0,2004.0,0.0,5435.0,435.0,986.0,1587.0,1536.0,471.0,156.0,136.0,2868.0,969.0,125.0,31.0,636.0,2727.0,2708.0,4847.0,577.0,11.0,456.0,881.0,1468.0,1085.0,774.0,668.0,104.0,5435.0,282.0,524.0,57.46,42.54,3.69,87.37,13.15,74.22,11.44,0.09,0.27,100.0,2.08,7.03,26.12,40.13,13.67,7.29,0.0,80.12,5.63,6145.0,4550.0,395.0,9344.0,1406.0,7938.0,1223.0,10.0,29.0,10695.0,222.0,752.0,2793.0,4292.0,1462.0,780.0,0.0,8569.0,602.0,19.05,4.8,24.71,0.63,36.39,0.0,2.17,10.61,0.0,0.0,0.46,0.0,0.0,0.2,88.41,11.6,0.0,19.65,14.25,4.82,55.32,4.36,1.7,38.63,0.0,100.0,36.42,24.32,0.34,0.0,1632.0,411.0,2117.0,54.0,3118.0,0.0,186.0,909.0,0.0,0.0,39.0,0.0,0.0,17.0,7576.0,994.0,0.0,1684.0,1221.0,413.0,4740.0,374.0,146.0,3310.0,0.0,8569.0,3121.0,2084.0,29.0,0.0,57.11,42.89,3.58,19.18,14.08,6.14,55.07,4.59,1.59,38.74,0.0,100.0,35.63,23.32,0.55,0.68,2.07,6.81,26.24,40.8,13.0,7.5,0.0,5238.0,3934.0,328.0,1759.0,1291.0,563.0,5051.0,421.0,146.0,3553.0,0.0,9172.0,3268.0,2139.0,50.0,62.0,190.0,625.0,2407.0,3742.0,1192.0,688.0,0.0,18.57,4.59,23.4,0.59,37.65,0.0,2.03,10.78,0.0,0.0,0.52,0.2,0.0,0.58,55.07,4.59,1.59,38.74,0.0,100.0,18.64,13.18,48.59,19.57,1703.0,421.0,2146.0,54.0,3453.0,0.0,186.0,989.0,0.0,0.0,48.0,18.0,0.0,53.0,5051.0,421.0,146.0,3553.0,0.0,9172.0,1710.0,1209.0,4457.0,1795.0
3530201,47.88,52.09,0.29,88.8,11.18,0.0,48.07,3.68,1.36,46.89,0.0,100.0,18.86,26.81,32.89,14.43,4.21,0.93,1.55,1795.0,1953.0,11.0,3329.0,419.0,0.0,1802.0,138.0,51.0,1758.0,0.0,3749.0,707.0,1005.0,1233.0,541.0,158.0,35.0,58.0,1851.0,653.0,70.0,25.0,432.0,1795.0,1953.0,3329.0,419.0,0.0,322.0,431.0,1027.0,760.0,558.0,593.0,58.0,3749.0,249.0,469.0,61.24,38.78,1.4,92.43,22.58,69.86,6.79,0.0,0.56,100.0,4.39,14.84,36.37,30.21,8.7,4.04,0.05,63.33,13.32,4060.0,2571.0,93.0,6128.0,1497.0,4632.0,450.0,0.0,37.0,6630.0,291.0,984.0,2411.0,2003.0,577.0,268.0,3.0,4199.0,883.0,28.05,9.65,12.79,0.64,32.08,0.0,3.24,10.55,0.0,0.0,1.19,0.0,0.0,0.83,92.36,7.64,0.0,17.89,14.38,7.67,47.32,6.69,1.52,44.46,0.0,100.0,32.01,26.55,0.5,0.0,1178.0,405.0,537.0,27.0,1347.0,0.0,136.0,443.0,0.0,0.0,50.0,0.0,0.0,35.0,3878.0,321.0,0.0,751.0,604.0,322.0,1987.0,281.0,64.0,1867.0,0.0,4199.0,1344.0,1115.0,21.0,0.0,59.45,40.55,1.14,17.39,13.3,8.38,49.02,6.51,1.26,43.21,0.0,100.0,32.13,26.11,1.04,0.65,4.72,14.64,36.72,29.3,9.17,4.27,0.0,3021.0,2061.0,58.0,884.0,676.0,426.0,2491.0,331.0,64.0,2196.0,0.0,5082.0,1633.0,1327.0,53.0,33.0,240.0,744.0,1866.0,1489.0,466.0,217.0,0.0,26.58,10.25,13.22,0.53,32.72,0.0,2.75,10.78,0.0,0.0,1.36,0.0,0.0,0.79,49.02,6.51,1.26,43.21,0.0,100.0,16.65,14.4,48.52,20.41,1351.0,521.0,672.0,27.0,1663.0,0.0,140.0,548.0,0.0,0.0,69.0,0.0,0.0,40.0,2491.0,331.0,64.0,2196.0,0.0,5082.0,846.0,732.0,2466.0,1037.0
3530300,49.32,50.68,3.74,83.82,16.04,0.15,68.38,3.33,0.68,27.53,0.08,100.0,4.43,13.72,34.78,27.62,8.85,4.54,2.29,6777.0,6965.0,514.0,11518.0,2204.0,20.0,9397.0,457.0,94.0,3783.0,11.0,13742.0,609.0,1886.0,4780.0,3796.0,1216.0,624.0,315.0,6872.0,2294.0,232.0,153.0,1153.0,6777.0,6965.0,11518.0,2204.0,20.0,943.0,1216.0,3887.0,2986.0,1899.0,2632.0,178.0,13742.0,1369.0,1669.0,54.94,45.06,6.25,75.44,12.0,63.44,20.73,0.0,2.4,100.0,0.63,5.05,21.97,40.68,16.08,9.33,0.0,82.16,2.0,18210.0,14933.0,2071.0,25002.0,3976.0,21026.0,6869.0,0.0,794.0,33143.0,208.0,1675.0,7281.0,13484.0,5331.0,3092.0,0.0,27231.0,663.0,12.23,9.35,19.49,1.0,49.66,0.16,0.24,5.58,0.0,0.0,0.54,0.0,0.04,0.51,75.96,24.04,0.0,9.72,9.08,2.0,68.26,6.18,0.5,24.9,0.16,100.0,40.07,38.48,0.22,0.08,3330.0,2545.0,5306.0,271.0,13523.0,44.0,64.0,1520.0,0.0,0.0,148.0,0.0,11.0,140.0,20686.0,6545.0,0.0,2646.0,2473.0,545.0,18588.0,1683.0,135.0,6781.0,44.0,27231.0,10912.0,10479.0,60.0,22.0,55.66,44.34,6.42,9.65,9.06,2.31,68.17,6.23,0.48,24.95,0.16,100.0,39.76,38.17,0.44,0.18,0.56,4.86,21.44,41.29,16.2,9.23,0.0,15527.0,12368.0,1792.0,2692.0,2528.0,645.0,19017.0,1739.0,135.0,6961.0,44.0,27895.0,11091.0,10647.0,124.0,49.0,155.0,1355.0,5980.0,11519.0,4520.0,2575.0,0.0,12.12,9.16,19.17,0.97,49.73,0.16,0.23,5.66,0.0,0.0,0.74,0.0,0.04,0.67,68.17,6.23,0.48,24.95,0.16,100.0,16.75,15.78,41.4,26.07,3381.0,2555.0,5348.0,271.0,13872.0,44.0,64.0,1578.0,0.0,0.0,207.0,0.0,11.0,188.0,19017.0,1739.0,135.0,6961.0,44.0,27895.0,4673.0,4402.0,11548.0,7271.0
3530409,49.05,50.95,0.3,86.76,13.24,0.0,64.19,2.81,0.0,33.0,0.0,100.0,6.92,23.37,39.62,22.07,4.21,2.61,1.0,489.0,508.0,3.0,865.0,132.0,0.0,640.0,28.0,0.0,329.0,0.0,997.0,69.0,233.0,395.0,220.0,42.0,26.0,10.0,490.0,130.0,11.0,23.0,76.0,489.0,508.0,865.0,132.0,0.0,73.0,71.0,251.0,247.0,120.0,227.0,8.0,997.0,144.0,123.0,60.45,39.55,1.51,82.08,12.57,69.46,15.88,0.0,1.07,100.0,1.17,9.3,30.35,42.67,10.13,4.92,0.0,81.3,4.04,1241.0,812.0,31.0,1685.0,258.0,1426.0,326.0,0.0,22.0,2053.0,24.0,191.0,623.0,876.0,208.0,101.0,0.0,1669.0,83.0,22.83,9.47,12.64,2.16,32.77,0.0,0.0,19.59,0.0,0.0,0.0,0.0,0.0,0.0,82.26,17.74,0.0,26.6,17.08,1.68,61.23,7.55,0.0,31.22,0.0,100.0,29.18,25.4,0.0,0.0,381.0,158.0,211.0,36.0,547.0,0.0,0.0,327.0,0.0,0.0,0.0,0.0,0.0,0.0,1373.0,296.0,0.0,444.0,285.0,28.0,1022.0,126.0,0.0,521.0,0.0,1669.0,487.0,424.0,0.0,0.0,60.05,40.01,1.6,26.31,17.81,1.6,62.16,7.19,0.0,30.71,0.0,100.0,28.2,25.46,0.46,0.23,0.8,9.87,30.25,43.26,9.7,4.51,0.0,1052.0,701.0,28.0,461.0,312.0,28.0,1089.0,126.0,0.0,538.0,0.0,1752.0,494.0,446.0,8.0,4.0,14.0,173.0,530.0,758.0,170.0,79.0,0.0,22.37,9.25,12.16,2.05,33.73,0.0,0.0,19.35,0.0,0.0,0.34,0.0,0.0,0.0,62.16,7.19,0.0,30.71,0.0,100.0,26.37,21.52,38.13,13.98,392.0,162.0,213.0,36.0,591.0,0.0,0.0,339.0,0.0,0.0,6.0,0.0,0.0,0.0,1089.0,126.0,0.0,538.0,0.0,1752.0,462.0,377.0,668.0,245.0
3530508,49.62,50.38,1.62,91.19,8.73,0.09,63.74,4.76,0.0,31.5,0.0,100.0,8.32,21.71,33.49,24.65,5.82,3.51,0.88,7910.0,8031.0,258.0,14535.0,1391.0,15.0,10160.0,759.0,0.0,5021.0,0.0,15940.0,1327.0,3460.0,5338.0,3929.0,928.0,559.0,141.0,7528.0,2947.0,255.0,80.0,2208.0,7910.0,8031.0,14535.0,1391.0,15.0,1744.0,1830.0,3944.0,3078.0,2460.0,2672.0,213.0,15940.0,1471.0,1453.0,59.23,40.77,4.08,93.16,12.13,81.03,4.79,0.05,0.77,100.0,1.59,7.94,27.28,41.48,10.98,6.65,0.0,83.61,2.26,18422.0,12679.0,1270.0,28974.0,3773.0,25201.0,1490.0,15.0,238.0,31101.0,493.0,2470.0,8485.0,12901.0,3416.0,2067.0,0.0,26002.0,703.0,19.27,4.96,19.44,0.35,41.41,0.25,1.42,11.32,0.0,0.0,0.36,0.03,0.0,0.45,95.55,4.45,0.0,10.78,12.07,2.69,63.65,7.02,0.03,29.26,0.04,100.0,41.22,32.69,0.24,0.0,5019.0,1291.0,5064.0,92.0,10788.0,64.0,369.0,2949.0,0.0,0.0,93.0,7.0,0.0,116.0,24892.0,1160.0,0.0,2807.0,3145.0,702.0,16581.0,1829.0,8.0,7623.0,10.0,26051.0,10737.0,8516.0,62.0,0.0,59.16,40.84,3.51,10.71,12.15,3.05,63.98,6.96,0.03,28.99,0.04,100.0,40.7,32.38,0.42,0.16,1.33,7.87,27.05,42.82,11.02,6.4,0.0,15798.0,10907.0,938.0,2861.0,3244.0,814.0,17085.0,1859.0,8.0,7743.0,10.0,26705.0,10869.0,8648.0,113.0,43.0,355.0,2102.0,7224.0,11435.0,2942.0,1709.0,0.0,19.07,4.87,19.23,0.34,41.53,0.24,1.45,11.34,0.0,0.0,0.46,0.08,0.0,0.47,63.89,6.98,0.03,29.06,0.04,100.0,16.74,15.99,47.58,19.69,5102.0,1303.0,5144.0,92.0,11110.0,64.0,387.0,3034.0,0.0,0.0,122.0,21.0,0.0,125.0,17093.0,1868.0,8.0,7775.0,10.0,26754.0,4479.0,4277.0,12730.0,5268.0
3530607,49.2,50.8,2.86,94.19,5.66,0.13,56.22,7.49,3.12,33.03,0.12,100.0,10.6,18.83,28.61,22.23,7.99,5.58,3.31,58325.0,60223.0,3395.0,111657.0,6713.0,151.0,66653.0,8874.0,3698.0,39159.0,143.0,118548.0,12566.0,22317.0,33911.0,26354.0,9469.0,6616.0,3920.0,54855.0,20474.0,2719.0,752.0,16676.0,58325.0,60223.0,111657.0,6713.0,151.0,11430.0,16467.0,29138.0,24126.0,15441.0,20458.0,1488.0,118548.0,13345.0,9728.0,55.11,44.89,6.77,79.23,13.8,65.44,17.14,0.01,1.03,100.0,1.91,8.9,25.21,33.55,13.59,10.05,0.03,79.89,2.69,112028.0,91264.0,13761.0,161071.0,28045.0,133026.0,34845.0,23.0,2086.0,203291.0,3874.0,18090.0,51255.0,68206.0,27624.0,20430.0,51.0,162401.0,5469.0,14.24,2.56,4.7,0.2,39.36,0.49,0.62,26.68,0.11,8.79,0.19,0.03,0.0,0.43,80.13,19.87,0.0,5.2,27.49,13.91,54.26,10.65,3.36,31.65,0.08,100.0,18.16,31.98,2.36,0.0,23146.0,4164.0,7643.0,317.0,63962.0,802.0,1012.0,43360.0,180.0,14287.0,304.0,43.0,0.0,699.0,130220.0,32281.0,0.0,8449.0,44674.0,22603.0,88176.0,17300.0,5460.0,51428.0,137.0,162501.0,29508.0,51963.0,3832.0,0.0,55.96,44.04,6.6,5.18,27.33,14.44,54.34,10.55,3.4,31.61,0.09,100.0,17.86,31.47,2.63,0.13,1.7,8.86,25.72,33.97,13.58,9.54,0.02,93958.0,73936.0,11088.0,8690.0,45881.0,24247.0,91238.0,17717.0,5716.0,53074.0,148.0,167894.0,29984.0,52834.0,4408.0,210.0,2855.0,14875.0,43184.0,57041.0,22802.0,16013.0,37.0,14.18,2.52,4.61,0.19,39.44,0.5,0.64,26.37,0.11,8.95,0.21,0.04,0.0,0.48,54.33,10.56,3.4,31.62,0.09,100.0,11.25,11.6,47.85,29.3,23829.0,4232.0,7748.0,327.0,66260.0,846.0,1080.0,44305.0,180.0,15040.0,350.0,68.0,0.0,803.0,91267.0,17741.0,5716.0,53122.0,148.0,167994.0,18893.0,19480.0,80393.0,49229.0
3530706,50.39,49.61,1.24,91.69,8.15,0.12,73.14,3.27,0.13,23.41,0.05,100.0,4.87,15.77,37.04,28.55,7.55,3.22,1.76,17492.0,17223.0,432.0,31831.0,2831.0,42.0,25389.0,1135.0,44.0,8128.0,19.0,34715.0,1690.0,5474.0,12860.0,9911.0,2621.0,1117.0,611.0,17622.0,6374.0,485.0,193.0,3777.0,17492.0,17235.0,31831.0,2842.0,42.0,3635.0,3664.0,9291.0,7274.0,4815.0,5680.0,368.0,34727.0,2843.0,3432.0,57.12,42.88,3.77,84.91,11.94,72.97,11.96,0.0,1.16,100.0,0.84,5.43,26.1,41.3,14.86,7.66,0.02,82.64,2.26,42031.0,31548.0,2776.0,62475.0,8782.0,53693.0,8800.0,0.0,857.0,73579.0,619.0,3999.0,19207.0,30385.0,10936.0,5638.0,18.0,60808.0,1666.0,8.71,8.09,22.41,0.52,41.25,0.23,3.33,13.92,0.02,0.0,0.23,0.04,0.0,0.34,86.42,13.58,0.0,7.61,13.01,2.95,71.75,4.87,0.23,23.11,0.05,100.0,32.82,43.04,0.13,0.02,5304.0,4925.0,13644.0,315.0,25111.0,137.0,2029.0,8476.0,11.0,0.0,142.0,24.0,0.0,205.0,52614.0,8266.0,0.0,4632.0,7920.0,1798.0,43681.0,2963.0,137.0,14067.0,32.0,60880.0,19978.0,26201.0,80.0,12.0,58.18,41.82,3.52,7.62,13.13,3.37,71.86,4.81,0.22,23.07,0.05,100.0,32.46,42.54,0.21,0.12,0.86,5.21,26.54,42.66,14.08,7.09,0.03,36358.0,26135.0,2202.0,4765.0,8208.0,2103.0,44905.0,3004.0,137.0,14415.0,32.0,62492.0,20284.0,26585.0,131.0,77.0,538.0,3256.0,16586.0,26658.0,8801.0,4433.0,18.0,8.66,8.11,22.32,0.5,41.29,0.22,3.34,13.79,0.02,0.0,0.24,0.04,0.0,0.34,71.84,4.82,0.22,23.07,0.05,100.0,14.5,15.45,48.57,21.48,5417.0,5073.0,13966.0,315.0,25837.0,137.0,2089.0,8629.0,11.0,0.0,153.0,24.0,0.0,215.0,44956.0,3013.0,137.0,14437.0,32.0,62575.0,9073.0,9666.0,30395.0,13442.0
3530805,49.52,50.48,2.76,89.06,10.79,0.15,72.62,4.59,0.4,22.25,0.13,100.0,5.69,12.46,31.09,27.52,7.78,6.47,6.23,11325.0,11546.0,631.0,20368.0,2467.0,35.0,16610.0,1050.0,92.0,5088.0,30.0,22871.0,1302.0,2849.0,7110.0,6293.0,1780.0,1479.0,1426.0,10345.0,4870.0,631.0,335.0,2741.0,11325.0,11546.0,20368.0,2467.0,35.0,2411.0,3944.0,5376.0,4276.0,3035.0,3387.0,441.0,22871.0,1652.0,2296.0,56.08,43.92,5.91,82.66,14.18,68.48,12.75,0.02,1.11,100.0,0.91,4.85,22.59,39.97,14.31,11.43,0.04,74.61,6.58,24722.0,19364.0,2604.0,36440.0,6251.0,30189.0,5621.0,9.0,488.0,44086.0,399.0,2136.0,9960.0,17623.0,6310.0,5039.0,17.0,32893.0,2903.0,10.67,5.11,18.39,1.02,50.66,0.08,2.3,9.55,0.06,0.0,0.35,0.0,0.03,0.19,84.96,15.04,0.0,10.9,15.53,2.66,70.86,5.79,0.56,22.66,0.14,100.0,38.04,31.97,0.23,0.03,3511.0,1680.0,6049.0,337.0,16663.0,27.0,755.0,3142.0,20.0,0.0,115.0,0.0,10.0,61.0,27945.0,4948.0,0.0,3584.0,5108.0,876.0,23307.0,1903.0,185.0,7453.0,46.0,32893.0,12514.0,10516.0,77.0,10.0,56.56,43.44,5.84,10.61,16.16,2.96,70.54,5.85,0.54,22.94,0.13,100.0,37.01,31.94,0.48,0.1,0.85,4.74,22.44,40.06,14.37,11.65,0.05,20258.0,15560.0,2092.0,3799.0,5787.0,1062.0,25267.0,2095.0,194.0,8217.0,46.0,35818.0,13257.0,11442.0,171.0,37.0,305.0,1696.0,8036.0,14350.0,5148.0,4172.0,17.0,10.63,5.1,18.43,1.06,50.04,0.13,2.3,10.06,0.06,0.0,0.36,0.0,0.03,0.22,70.54,5.85,0.54,22.94,0.13,100.0,13.28,13.95,43.92,28.85,3806.0,1827.0,6600.0,380.0,17925.0,47.0,824.0,3604.0,20.0,0.0,128.0,0.0,10.0,79.0,25267.0,2095.0,194.0,8217.0,46.0,35818.0,4757.0,4998.0,15730.0,10334.0
3530904,46.72,53.28,0.0,92.47,7.53,0.0,51.86,6.44,0.0,41.7,0.0,100.0,13.21,26.75,36.35,17.14,5.57,0.33,0.66,428.0,488.0,0.0,847.0,69.0,0.0,475.0,59.0,0.0,382.0,0.0,916.0,121.0,245.0,333.0,157.0,51.0,3.0,6.0,529.0,137.0,4.0,0.0,28.0,428.0,488.0,847.0,69.0,0.0,55.0,40.0,294.0,199.0,120.0,209.0,0.0,916.0,104.0,114.0,60.8,39.2,0.83,68.42,13.47,55.02,26.43,0.0,4.76,100.0,1.78,10.61,31.64,38.82,12.77,3.49,0.0,79.1,2.35,957.0,617.0,13.0,1077.0,212.0,866.0,416.0,0.0,75.0,1574.0,28.0,167.0,498.0,611.0,201.0,55.0,0.0,1245.0,37.0,34.62,2.89,11.49,0.0,36.87,0.0,3.94,9.4,0.0,0.0,0.16,0.0,0.0,0.08,67.87,32.13,0.0,24.82,9.88,0.48,53.98,8.27,0.0,37.75,0.0,100.0,30.28,34.38,0.16,0.0,431.0,36.0,143.0,0.0,459.0,0.0,49.0,117.0,0.0,0.0,2.0,0.0,0.0,1.0,845.0,400.0,0.0,309.0,123.0,6.0,672.0,103.0,0.0,470.0,0.0,1245.0,377.0,428.0,2.0,0.0,60.37,39.63,1.01,24.49,10.69,0.47,52.96,8.11,0.0,38.85,0.0,100.0,30.27,33.93,0.16,0.0,2.18,9.67,32.45,39.47,12.17,3.04,0.0,774.0,508.0,13.0,314.0,137.0,6.0,679.0,104.0,0.0,498.0,0.0,1282.0,388.0,435.0,2.0,0.0,28.0,124.0,416.0,506.0,156.0,39.0,0.0,34.09,2.81,11.23,0.0,37.99,0.0,3.82,9.28,0.0,0.0,0.16,0.0,0.0,0.08,52.96,8.11,0.0,38.85,0.0,100.0,22.78,19.42,49.61,8.19,437.0,36.0,144.0,0.0,487.0,0.0,49.0,119.0,0.0,0.0,2.0,0.0,0.0,1.0,679.0,104.0,0.0,498.0,0.0,1282.0,292.0,249.0,636.0,105.0
3531001,51.41,48.59,0.0,82.86,17.39,0.0,69.57,3.58,0.0,26.85,0.0,100.0,3.84,33.76,44.25,16.11,2.3,0.0,0.0,201.0,190.0,0.0,324.0,68.0,0.0,272.0,14.0,0.0,105.0,0.0,391.0,15.0,132.0,173.0,63.0,9.0,0.0,0.0,192.0,59.0,1.0,0.0,31.0,201.0,190.0,324.0,68.0,0.0,23.0,16.0,106.0,85.0,64.0,95.0,1.0,391.0,52.0,57.0,57.7,42.3,1.34,83.93,14.96,68.97,15.29,0.0,0.78,100.0,0.78,12.28,38.17,39.51,4.46,3.46,0.0,80.69,3.57,517.0,379.0,12.0,752.0,134.0,618.0,137.0,0.0,7.0,896.0,7.0,110.0,342.0,354.0,40.0,31.0,0.0,723.0,32.0,29.6,11.89,14.94,0.69,33.47,0.0,0.41,5.95,0.0,0.0,0.28,0.0,0.0,2.63,84.51,15.63,0.0,22.82,10.1,1.24,68.33,6.09,0.0,25.59,0.0,100.0,46.33,19.64,0.0,0.0,214.0,86.0,108.0,5.0,242.0,0.0,3.0,43.0,0.0,0.0,2.0,0.0,0.0,19.0,611.0,113.0,0.0,165.0,73.0,9.0,494.0,44.0,0.0,185.0,0.0,723.0,335.0,142.0,0.0,0.0,57.75,42.25,0.79,21.85,10.86,2.65,68.21,5.83,0.0,25.96,0.0,100.0,44.77,19.21,0.0,0.66,0.93,12.45,38.28,39.6,4.64,3.18,0.0,436.0,319.0,6.0,165.0,82.0,20.0,515.0,44.0,0.0,196.0,0.0,755.0,338.0,145.0,0.0,5.0,7.0,94.0,289.0,299.0,35.0,24.0,0.0,28.87,11.39,14.3,0.66,34.7,0.0,0.79,6.23,0.0,0.0,0.53,0.0,0.0,2.52,68.21,5.83,0.0,25.96,0.0,100.0,22.78,11.66,48.21,17.35,218.0,86.0,108.0,5.0,262.0,0.0,6.0,47.0,0.0,0.0,4.0,0.0,0.0,19.0,515.0,44.0,0.0,196.0,0.0,755.0,172.0,88.0,364.0,131.0
3531100,49.56,50.44,1.08,87.42,12.45,0.14,48.19,9.93,0.15,40.62,1.1,100.0,17.8,25.34,26.29,18.22,5.6,2.49,3.18,7314.0,7443.0,160.0,12900.0,1837.0,20.0,7112.0,1466.0,22.0,5995.0,163.0,14757.0,2627.0,3739.0,3880.0,2688.0,827.0,367.0,470.0,7674.0,2896.0,296.0,138.0,1245.0,7314.0,7443.0,12900.0,1837.0,20.0,1072.0,1746.0,4210.0,3184.0,2273.0,2033.0,239.0,14757.0,1065.0,1442.0,57.09,42.92,2.38,78.61,17.51,61.1,18.05,0.09,0.6,100.0,4.23,14.75,29.51,33.23,10.68,5.15,0.06,75.55,3.68,12055.0,9062.0,502.0,16599.0,3697.0,12902.0,3811.0,18.0,127.0,21116.0,894.0,3115.0,6232.0,7016.0,2256.0,1088.0,13.0,15954.0,777.0,15.29,19.18,11.4,0.34,26.95,0.04,0.74,22.5,0.2,0.07,0.18,0.0,0.01,0.2,78.6,21.4,0.0,8.89,21.43,8.95,43.28,16.79,0.32,38.92,0.7,100.0,28.05,31.13,0.5,0.0,2464.0,3091.0,1837.0,54.0,4342.0,7.0,120.0,3625.0,33.0,11.0,29.0,0.0,2.0,33.0,12665.0,3448.0,0.0,1432.0,3454.0,1443.0,6974.0,2706.0,51.0,6271.0,112.0,16114.0,4520.0,5017.0,80.0,0.0,60.3,39.7,2.28,8.79,21.31,9.79,43.61,16.49,0.37,38.84,0.69,100.0,27.22,30.15,1.09,0.24,3.59,14.94,28.46,35.56,10.17,4.96,0.05,10089.0,6642.0,381.0,1470.0,3565.0,1638.0,7296.0,2759.0,62.0,6499.0,115.0,16731.0,4554.0,5045.0,183.0,40.0,600.0,2499.0,4762.0,5949.0,1701.0,830.0,9.0,15.35,18.65,11.11,0.32,26.28,0.04,1.05,22.6,0.25,0.14,0.17,0.04,0.01,0.26,43.32,16.54,0.37,39.09,0.68,100.0,15.66,21.15,47.26,15.93,2595.0,3154.0,1878.0,54.0,4444.0,7.0,178.0,3822.0,42.0,23.0,29.0,7.0,2.0,44.0,7325.0,2796.0,62.0,6610.0,115.0,16909.0,2648.0,3576.0,7991.0,2694.0
3531209,50.22,49.72,2.3,76.76,23.24,0.0,72.34,3.29,0.0,24.36,0.0,100.0,1.43,16.66,34.56,34.56,5.41,3.85,1.12,808.0,800.0,37.0,1235.0,374.0,0.0,1164.0,53.0,0.0,392.0,0.0,1609.0,23.0,268.0,556.0,556.0,87.0,62.0,18.0,885.0,186.0,56.0,5.0,193.0,816.0,807.0,1249.0,374.0,0.0,202.0,107.0,447.0,379.0,213.0,264.0,11.0,1623.0,123.0,176.0,55.39,44.61,4.8,59.66,16.09,43.57,25.32,0.0,0.62,100.0,0.58,5.24,24.76,43.31,13.14,8.17,0.0,68.13,0.75,2503.0,2016.0,217.0,2696.0,727.0,1969.0,1144.0,0.0,28.0,4519.0,26.0,237.0,1119.0,1957.0,594.0,369.0,0.0,3079.0,34.0,17.73,2.34,22.02,0.58,44.07,0.0,1.4,9.71,0.0,0.0,0.52,0.0,0.0,0.65,63.3,36.7,0.0,11.17,17.47,3.02,74.67,3.83,0.1,21.18,0.19,100.0,28.29,39.14,0.55,0.0,546.0,72.0,678.0,18.0,1357.0,0.0,43.0,299.0,0.0,0.0,16.0,0.0,0.0,20.0,1949.0,1130.0,0.0,344.0,538.0,93.0,2299.0,118.0,3.0,652.0,6.0,3079.0,871.0,1205.0,17.0,0.0,54.19,45.81,5.3,11.05,17.28,3.34,74.98,3.79,0.1,20.94,0.19,100.0,28.14,39.19,0.64,0.0,0.71,6.42,25.63,40.96,13.68,7.32,0.0,1687.0,1426.0,165.0,344.0,538.0,104.0,2334.0,118.0,3.0,652.0,6.0,3113.0,876.0,1220.0,20.0,0.0,22.0,200.0,798.0,1275.0,426.0,228.0,0.0,17.7,2.31,21.78,0.58,44.3,0.0,1.38,9.86,0.0,0.0,0.51,0.0,0.0,0.64,74.98,3.79,0.1,20.94,0.19,100.0,19.82,16.06,46.96,17.19,551.0,72.0,678.0,18.0,1379.0,0.0,43.0,307.0,0.0,0.0,16.0,0.0,0.0,20.0,2334.0,118.0,3.0,652.0,6.0,3113.0,617.0,500.0,1462.0,535.0
3531308,49.24,50.76,1.07,87.04,12.96,0.0,69.74,3.36,0.23,26.66,0.0,100.0,1.73,12.35,35.65,36.89,6.93,4.5,0.88,5958.0,6141.0,129.0,10531.0,1568.0,0.0,8438.0,406.0,28.0,3226.0,0.0,12099.0,209.0,1494.0,4313.0,4463.0,839.0,545.0,107.0,5416.0,2569.0,306.0,109.0,1736.0,5958.0,6141.0,10531.0,1568.0,0.0,1311.0,2598.0,2616.0,1946.0,1553.0,1795.0,280.0,12099.0,723.0,1240.0,55.96,44.03,2.92,94.3,9.24,85.05,4.57,0.04,0.59,100.0,0.16,3.95,23.24,48.77,13.08,7.88,0.0,86.74,2.92,14374.0,11310.0,751.0,24220.0,2374.0,21846.0,1174.0,10.0,151.0,25685.0,40.0,1015.0,5970.0,12527.0,3359.0,2023.0,0.0,22280.0,749.0,13.59,5.1,34.79,0.71,35.18,0.16,1.4,6.96,0.0,0.0,0.78,0.04,0.0,0.29,95.32,4.68,0.0,12.64,5.15,6.15,67.83,5.0,0.48,26.69,0.01,100.0,44.43,30.6,0.12,0.0,3027.0,1136.0,7751.0,159.0,7839.0,36.0,311.0,1550.0,0.0,0.0,173.0,10.0,0.0,64.0,21238.0,1042.0,0.0,2816.0,1148.0,1371.0,15113.0,1113.0,106.0,5947.0,2.0,22280.0,9900.0,6818.0,27.0,0.0,56.37,43.63,2.68,12.57,5.35,6.45,68.01,4.91,0.46,26.61,0.01,100.0,43.9,30.27,0.4,0.07,0.14,3.81,23.33,49.21,13.28,7.53,0.0,12982.0,10048.0,618.0,2894.0,1231.0,1485.0,15662.0,1131.0,106.0,6128.0,2.0,23030.0,10111.0,6971.0,93.0,15.0,33.0,878.0,5374.0,11334.0,3058.0,1734.0,0.0,13.66,5.01,34.63,0.69,35.19,0.19,1.35,6.95,0.0,0.0,0.83,0.08,0.0,0.32,68.01,4.91,0.46,26.61,0.01,100.0,17.52,17.83,43.28,21.37,3145.0,1153.0,7976.0,159.0,8104.0,43.0,311.0,1600.0,0.0,0.0,190.0,18.0,0.0,73.0,15662.0,1131.0,106.0,6128.0,2.0,23030.0,4034.0,4107.0,9967.0,4921.0
3531407,50.37,49.63,1.64,89.89,10.11,0.0,67.51,2.87,1.09,28.54,0.0,100.0,5.21,18.45,37.9,25.67,6.09,4.12,0.92,2457.0,2421.0,80.0,4385.0,493.0,0.0,3293.0,140.0,53.0,1392.0,0.0,4878.0,254.0,900.0,1849.0,1252.0,297.0,201.0,45.0,2368.0,690.0,145.0,45.0,561.0,2457.0,2421.0,4385.0,493.0,0.0,531.0,324.0,1311.0,1024.0,704.0,938.0,44.0,4878.0,745.0,324.0,57.65,42.35,3.37,82.32,16.32,65.99,15.32,0.0,1.53,100.0,1.31,7.31,24.93,43.08,11.53,8.46,0.0,76.81,4.5,6321.0,4644.0,369.0,9026.0,1790.0,7236.0,1680.0,0.0,168.0,10965.0,144.0,802.0,2734.0,4724.0,1264.0,928.0,0.0,8422.0,493.0,23.15,2.4,8.96,1.02,44.53,0.0,0.57,17.94,0.15,0.0,0.45,0.0,0.0,0.7,81.79,18.21,0.0,12.47,24.41,4.44,68.1,5.7,0.81,25.41,0.0,100.0,30.24,28.44,0.0,0.0,1950.0,202.0,755.0,86.0,3750.0,0.0,48.0,1511.0,13.0,0.0,38.0,0.0,0.0,59.0,6888.0,1534.0,0.0,1050.0,2056.0,374.0,5735.0,480.0,68.0,2140.0,0.0,8422.0,2547.0,2395.0,0.0,0.0,58.97,41.03,3.71,12.17,24.44,5.25,67.47,5.71,0.76,26.05,0.0,100.0,29.43,28.11,0.46,0.15,1.41,6.01,24.72,44.16,12.0,8.0,0.0,5258.0,3658.0,331.0,1085.0,2179.0,468.0,6016.0,509.0,68.0,2323.0,0.0,8916.0,2624.0,2506.0,41.0,13.0,126.0,536.0,2204.0,3937.0,1070.0,713.0,0.0,23.17,2.74,8.79,0.96,43.8,0.0,0.9,17.59,0.15,0.0,0.43,0.0,0.0,1.07,67.47,5.71,0.76,26.05,0.0,100.0,19.93,15.28,41.73,23.06,2066.0,244.0,784.0,86.0,3905.0,0.0,80.0,1568.0,13.0,0.0,38.0,0.0,0.0,95.0,6016.0,509.0,68.0,2323.0,0.0,8916.0,1777.0,1362.0,3721.0,2056.0
3531506,53.56,46.44,1.63,85.01,15.01,0.0,74.45,3.13,0.0,22.42,0.0,100.0,2.77,15.04,41.19,25.19,7.69,5.59,0.98,2069.0,1794.0,63.0,3284.0,580.0,0.0,2876.0,121.0,0.0,866.0,0.0,3863.0,107.0,581.0,1591.0,973.0,297.0,216.0,38.0,1932.0,655.0,68.0,32.0,441.0,2069.0,1794.0,3284.0,580.0,0.0,335.0,349.0,1093.0,744.0,598.0,693.0,51.0,3863.0,405.0,331.0,58.75,41.25,4.47,92.92,10.8,82.13,5.94,0.0,1.0,100.0,0.46,5.18,30.22,41.44,10.7,7.53,0.0,85.2,2.87,5453.0,3829.0,415.0,8625.0,1002.0,7623.0,551.0,0.0,93.0,9282.0,43.0,481.0,2805.0,3846.0,993.0,699.0,0.0,7908.0,266.0,18.69,9.62,15.55,0.48,41.5,0.0,2.57,9.76,0.0,0.0,1.37,0.13,0.0,0.21,94.52,5.49,0.0,26.69,8.06,2.05,69.42,5.06,0.15,25.37,0.0,100.0,37.66,25.42,0.0,0.0,1478.0,761.0,1230.0,38.0,3282.0,0.0,203.0,772.0,0.0,0.0,108.0,10.0,0.0,17.0,7475.0,434.0,0.0,2111.0,637.0,162.0,5490.0,400.0,12.0,2006.0,0.0,7908.0,2978.0,2010.0,0.0,0.0,58.31,41.69,3.58,26.32,8.29,2.26,69.62,5.16,0.15,25.07,0.0,100.0,36.81,25.29,0.62,0.26,0.5,4.92,30.61,41.93,11.1,7.36,0.0,4766.0,3408.0,293.0,2151.0,678.0,185.0,5691.0,422.0,12.0,2049.0,0.0,8174.0,3009.0,2067.0,51.0,21.0,41.0,402.0,2502.0,3427.0,907.0,602.0,0.0,18.27,9.42,15.11,0.46,41.86,0.0,2.53,10.19,0.0,0.0,1.68,0.12,0.0,0.21,69.62,5.16,0.15,25.07,0.0,100.0,22.88,18.63,39.38,19.11,1493.0,770.0,1235.0,38.0,3422.0,0.0,207.0,833.0,0.0,0.0,137.0,10.0,0.0,17.0,5691.0,422.0,12.0,2049.0,0.0,8174.0,1870.0,1523.0,3219.0,1562.0
3531605,54.99,45.01,0.0,88.93,11.07,0.0,68.23,3.85,0.0,27.92,0.0,100.0,4.93,24.79,39.95,23.59,4.57,1.2,0.84,457.0,374.0,0.0,739.0,92.0,0.0,567.0,32.0,0.0,232.0,0.0,831.0,41.0,206.0,332.0,196.0,38.0,10.0,7.0,476.0,132.0,2.0,6.0,53.0,457.0,374.0,739.0,92.0,0.0,45.0,38.0,258.0,196.0,148.0,146.0,0.0,831.0,83.0,79.0,57.69,42.36,0.59,67.0,10.27,56.73,25.65,0.0,7.4,100.0,1.01,8.89,32.25,41.99,9.85,5.59,0.0,81.0,1.38,1084.0,796.0,11.0,1259.0,193.0,1066.0,482.0,0.0,139.0,1879.0,19.0,167.0,606.0,789.0,185.0,105.0,0.0,1522.0,26.0,26.54,8.08,5.65,0.0,32.65,0.26,4.27,20.24,0.0,0.0,1.05,0.0,0.0,0.0,69.84,30.09,0.0,22.4,14.32,3.55,62.75,5.32,0.2,31.67,0.0,100.0,27.6,31.73,0.13,0.0,404.0,123.0,86.0,0.0,497.0,4.0,65.0,308.0,0.0,0.0,16.0,0.0,0.0,0.0,1063.0,458.0,0.0,341.0,218.0,54.0,955.0,81.0,3.0,482.0,0.0,1522.0,420.0,483.0,2.0,0.0,56.2,43.8,0.13,22.22,14.53,3.68,62.73,5.23,0.19,31.85,0.0,100.0,27.13,31.91,0.13,0.13,1.23,8.2,33.79,42.44,8.66,5.62,0.0,870.0,678.0,2.0,344.0,225.0,57.0,971.0,81.0,3.0,493.0,0.0,1548.0,420.0,494.0,2.0,2.0,19.0,127.0,523.0,657.0,134.0,87.0,0.0,26.23,7.95,5.56,0.0,33.01,0.26,4.39,20.35,0.0,0.0,1.03,0.0,0.0,0.0,62.73,5.23,0.19,31.85,0.0,100.0,21.96,14.02,48.13,15.89,406.0,123.0,86.0,0.0,511.0,4.0,68.0,315.0,0.0,0.0,16.0,0.0,0.0,0.0,971.0,81.0,3.0,493.0,0.0,1548.0,340.0,217.0,745.0,246.0
3531704,48.61,51.5,0.93,88.85,11.15,0.0,65.43,4.44,0.62,29.51,0.0,100.0,8.77,23.32,33.95,24.25,5.88,0.72,1.96,471.0,499.0,9.0,861.0,108.0,0.0,634.0,43.0,6.0,286.0,0.0,969.0,85.0,226.0,329.0,235.0,57.0,7.0,19.0,577.0,144.0,12.0,0.0,82.0,471.0,499.0,861.0,108.0,0.0,84.0,51.0,330.0,240.0,134.0,129.0,0.0,969.0,71.0,82.0,58.31,41.69,3.63,84.24,23.36,60.88,15.46,0.0,0.1,100.0,2.17,9.57,35.3,34.79,10.88,3.78,0.0,72.66,3.68,1158.0,828.0,72.0,1673.0,464.0,1209.0,307.0,0.0,2.0,1986.0,43.0,190.0,701.0,691.0,216.0,75.0,0.0,1443.0,73.0,27.93,7.28,12.68,0.49,34.65,0.21,0.9,15.32,0.0,0.0,0.21,0.0,0.0,0.35,81.64,18.36,0.0,17.05,20.79,3.88,67.15,7.48,0.83,24.53,0.0,100.0,28.34,29.73,0.21,0.0,403.0,105.0,183.0,7.0,500.0,3.0,13.0,221.0,0.0,0.0,3.0,0.0,0.0,5.0,1178.0,265.0,0.0,246.0,300.0,56.0,969.0,108.0,12.0,354.0,0.0,1443.0,409.0,429.0,3.0,0.0,57.65,42.28,3.3,16.56,20.91,5.34,67.55,7.65,0.79,24.01,0.0,100.0,28.23,28.3,0.4,0.26,2.57,8.11,36.94,34.7,10.42,3.89,0.0,874.0,641.0,50.0,251.0,317.0,81.0,1024.0,116.0,12.0,364.0,0.0,1516.0,428.0,429.0,6.0,4.0,39.0,123.0,560.0,526.0,158.0,59.0,0.0,26.78,7.06,12.2,0.46,36.94,0.2,0.86,14.97,0.0,0.0,0.2,0.0,0.0,0.33,67.55,7.65,0.79,24.01,0.0,100.0,22.69,19.33,37.07,20.84,406.0,107.0,185.0,7.0,560.0,3.0,13.0,227.0,0.0,0.0,3.0,0.0,0.0,5.0,1024.0,116.0,12.0,364.0,0.0,1516.0,344.0,293.0,562.0,316.0
3531803,51.08,48.92,0.37,89.15,10.85,0.0,49.94,5.32,0.39,44.25,0.09,100.0,8.69,21.64,35.97,24.8,4.02,2.95,1.56,8231.0,7884.0,60.0,14367.0,1748.0,0.0,8048.0,858.0,63.0,7131.0,15.0,16115.0,1401.0,3488.0,5796.0,3997.0,648.0,475.0,251.0,8614.0,2549.0,138.0,111.0,1211.0,8231.0,7884.0,14367.0,1748.0,0.0,1250.0,1407.0,4529.0,3601.0,2096.0,3030.0,201.0,16115.0,1879.0,1613.0,58.22,41.78,1.45,69.03,14.12,54.91,26.19,0.0,1.84,100.0,1.89,9.29,30.09,41.79,8.97,6.47,0.03,76.75,4.36,17347.0,12448.0,433.0,20567.0,4206.0,16361.0,7805.0,0.0,548.0,29796.0,564.0,2767.0,8966.0,12453.0,2674.0,1927.0,10.0,22868.0,1298.0,15.23,2.29,8.21,0.4,37.92,0.05,2.34,31.44,0.1,0.0,0.34,0.0,0.0,0.49,67.78,32.22,0.0,6.92,26.5,12.87,47.28,10.51,0.3,41.84,0.07,100.0,19.95,32.28,1.15,0.0,3483.0,524.0,1877.0,91.0,8671.0,11.0,535.0,7189.0,24.0,0.0,77.0,0.0,0.0,113.0,15500.0,7369.0,0.0,1582.0,6060.0,2942.0,10813.0,2404.0,68.0,9567.0,15.0,22868.0,4562.0,7382.0,262.0,0.0,59.04,40.95,1.35,6.59,25.85,14.65,47.21,10.44,0.28,42.01,0.06,100.0,19.43,31.63,1.44,0.09,1.63,9.23,30.95,42.28,8.6,5.95,0.0,14268.0,9897.0,327.0,1592.0,6247.0,3540.0,11408.0,2524.0,68.0,10151.0,15.0,24166.0,4695.0,7644.0,349.0,21.0,393.0,2230.0,7479.0,10218.0,2079.0,1439.0,0.0,14.86,2.26,8.17,0.38,38.05,0.05,2.36,31.55,0.2,0.0,0.41,0.0,0.0,0.53,47.21,10.44,0.28,42.01,0.06,100.0,18.07,15.72,52.51,13.69,3591.0,545.0,1975.0,91.0,9194.0,11.0,571.0,7625.0,48.0,0.0,98.0,0.0,0.0,129.0,11408.0,2524.0,68.0,10151.0,15.0,24166.0,4367.0,3800.0,12690.0,3309.0
3531902,49.0,51.0,0.87,90.74,8.87,0.4,44.06,5.78,0.76,49.41,0.0,100.0,8.73,15.31,40.39,25.63,5.96,1.46,1.66,3397.0,3535.0,60.0,6290.0,615.0,28.0,3054.0,401.0,53.0,3425.0,0.0,6932.0,605.0,1061.0,2800.0,1777.0,413.0,101.0,115.0,3704.0,1038.0,85.0,43.0,696.0,3397.0,3535.0,6290.0,615.0,28.0,602.0,693.0,1704.0,1564.0,1079.0,1214.0,75.0,6932.0,647.0,720.0,59.53,40.46,1.87,89.17,8.3,80.86,9.66,0.0,0.62,100.0,1.82,6.85,35.03,39.36,10.98,4.07,0.0,88.79,1.74,7627.0,5184.0,240.0,11424.0,1063.0,10360.0,1238.0,0.0,80.0,12812.0,233.0,877.0,4488.0,5043.0,1407.0,522.0,0.0,11376.0,223.0,14.16,16.66,13.51,0.33,24.81,0.0,1.39,27.14,0.0,0.0,0.72,0.0,0.0,0.24,90.06,9.93,0.0,11.26,21.3,2.89,41.84,12.05,0.45,45.66,0.0,100.0,34.96,29.32,0.0,0.0,1611.0,1895.0,1537.0,38.0,2822.0,0.0,158.0,3088.0,0.0,0.0,82.0,0.0,0.0,27.0,10245.0,1130.0,0.0,1281.0,2423.0,329.0,4760.0,1371.0,51.0,5194.0,0.0,11376.0,3977.0,3336.0,0.0,0.0,60.63,39.37,1.82,11.14,21.23,3.18,41.89,12.19,0.44,45.48,0.0,100.0,34.64,29.38,0.17,0.0,1.5,6.95,34.8,39.82,11.11,3.99,0.0,7033.0,4566.0,211.0,1292.0,2462.0,369.0,4859.0,1414.0,51.0,5275.0,0.0,11599.0,4018.0,3408.0,20.0,0.0,174.0,806.0,4037.0,4619.0,1289.0,463.0,0.0,13.98,16.42,13.45,0.33,25.16,0.0,1.36,26.8,0.0,0.0,0.99,0.0,0.0,0.41,41.89,12.19,0.44,45.48,0.0,100.0,26.92,17.65,37.55,17.88,1621.0,1905.0,1560.0,38.0,2918.0,0.0,158.0,3108.0,0.0,0.0,115.0,0.0,0.0,48.0,4859.0,1414.0,51.0,5275.0,0.0,11599.0,3123.0,2047.0,4355.0,2074.0
3532009,48.51,51.49,1.25,87.03,12.45,0.53,54.25,6.7,0.0,39.08,0.0,100.0,6.34,18.59,35.27,28.93,5.78,3.19,0.62,1477.0,1568.0,38.0,2650.0,379.0,16.0,1652.0,204.0,0.0,1190.0,0.0,3045.0,193.0,566.0,1074.0,881.0,176.0,97.0,19.0,1508.0,564.0,30.0,8.0,236.0,1477.0,1568.0,2650.0,379.0,16.0,240.0,266.0,866.0,672.0,413.0,578.0,11.0,3045.0,295.0,403.0,56.14,43.87,3.51,85.46,13.54,71.92,12.95,0.0,1.01,100.0,0.88,6.67,26.74,46.27,10.0,5.95,0.0,82.6,2.21,3907.0,3053.0,244.0,5947.0,942.0,5005.0,901.0,0.0,70.0,6959.0,61.0,464.0,1861.0,3220.0,696.0,414.0,0.0,5748.0,154.0,30.64,1.36,7.08,0.71,51.34,0.07,2.04,5.51,0.0,0.0,0.26,0.0,0.09,0.21,85.37,14.63,0.0,18.28,15.94,2.42,58.23,7.17,0.09,34.36,0.14,100.0,33.3,29.51,0.0,0.0,1761.0,78.0,407.0,41.0,2951.0,4.0,117.0,317.0,0.0,0.0,15.0,0.0,5.0,12.0,4907.0,841.0,0.0,1051.0,916.0,139.0,3347.0,412.0,5.0,1975.0,8.0,5748.0,1914.0,1696.0,0.0,0.0,55.27,44.73,2.42,18.22,16.37,2.49,58.42,7.06,0.08,34.3,0.14,100.0,32.58,29.44,0.27,0.07,0.9,6.16,26.33,48.51,9.92,5.76,0.0,3264.0,2642.0,143.0,1076.0,967.0,147.0,3450.0,417.0,5.0,2026.0,8.0,5906.0,1924.0,1739.0,16.0,4.0,53.0,364.0,1555.0,2865.0,586.0,340.0,0.0,30.63,1.32,7.21,0.76,51.27,0.07,2.08,5.37,0.0,0.0,0.32,0.0,0.08,0.2,58.42,7.06,0.08,34.3,0.14,100.0,20.08,20.81,44.5,14.61,1809.0,78.0,426.0,45.0,3028.0,4.0,123.0,317.0,0.0,0.0,19.0,0.0,5.0,12.0,3450.0,417.0,5.0,2026.0,8.0,5906.0,1186.0,1229.0,2628.0,863.0
3532058,50.79,49.21,0.34,85.29,14.71,0.0,48.98,7.92,0.0,42.76,0.34,100.0,7.81,20.02,37.1,27.49,3.62,2.38,1.13,449.0,435.0,3.0,754.0,130.0,0.0,433.0,70.0,0.0,378.0,3.0,884.0,69.0,177.0,328.0,243.0,32.0,21.0,10.0,466.0,133.0,6.0,0.0,78.0,449.0,435.0,754.0,130.0,0.0,63.0,45.0,264.0,199.0,147.0,163.0,3.0,884.0,79.0,122.0,58.27,41.73,1.15,67.68,12.05,55.68,28.88,0.0,2.69,100.0,1.64,7.27,28.74,42.88,10.66,7.62,0.0,80.08,4.48,1170.0,838.0,23.0,1359.0,242.0,1118.0,580.0,0.0,54.0,2008.0,33.0,146.0,577.0,861.0,214.0,153.0,0.0,1608.0,90.0,23.2,14.49,10.07,0.19,32.46,0.0,6.16,12.06,0.0,0.0,0.37,0.0,0.0,0.37,67.35,32.59,0.0,17.72,22.89,3.36,48.32,11.01,0.25,40.36,0.0,100.0,34.51,21.46,0.0,0.0,373.0,233.0,162.0,3.0,522.0,0.0,99.0,194.0,0.0,0.0,6.0,0.0,0.0,6.0,1083.0,524.0,0.0,285.0,368.0,54.0,777.0,177.0,4.0,649.0,0.0,1608.0,555.0,345.0,0.0,0.0,57.95,41.99,0.41,16.96,23.38,3.42,48.35,10.66,0.24,40.75,0.0,100.0,34.04,21.32,0.24,0.41,1.71,6.54,29.98,43.82,10.31,7.18,0.0,984.0,713.0,7.0,288.0,397.0,58.0,821.0,181.0,4.0,692.0,0.0,1698.0,578.0,362.0,4.0,7.0,29.0,111.0,509.0,744.0,175.0,122.0,0.0,22.91,14.25,9.54,0.18,32.86,0.0,6.3,12.31,0.0,0.0,0.47,0.0,0.0,0.59,48.35,10.66,0.24,40.75,0.0,100.0,22.5,14.72,46.7,16.08,389.0,242.0,162.0,3.0,558.0,0.0,107.0,209.0,0.0,0.0,8.0,0.0,0.0,10.0,821.0,181.0,4.0,692.0,0.0,1698.0,382.0,250.0,793.0,273.0
3532108,51.17,48.83,0.0,80.99,18.86,0.0,66.37,1.75,1.46,30.26,0.0,100.0,5.41,23.68,36.99,25.44,6.87,0.58,1.17,350.0,334.0,0.0,554.0,129.0,0.0,454.0,12.0,10.0,207.0,0.0,684.0,37.0,162.0,253.0,174.0,47.0,4.0,8.0,382.0,123.0,10.0,9.0,42.0,350.0,334.0,554.0,129.0,0.0,46.0,34.0,197.0,165.0,124.0,116.0,2.0,684.0,56.0,60.0,59.91,40.09,1.61,72.99,31.78,41.14,26.52,0.25,0.0,100.0,1.55,9.73,29.37,40.58,13.01,4.28,0.0,62.08,5.89,967.0,647.0,26.0,1178.0,513.0,664.0,428.0,4.0,0.0,1614.0,25.0,157.0,474.0,655.0,210.0,69.0,0.0,1002.0,95.0,29.34,4.49,13.47,1.5,32.04,0.0,5.09,12.38,0.0,0.0,1.3,0.0,0.0,0.0,61.68,38.32,0.0,20.96,18.66,2.69,60.18,5.29,0.3,34.23,0.0,100.0,29.84,27.84,0.0,0.0,294.0,45.0,135.0,15.0,321.0,0.0,51.0,124.0,0.0,0.0,13.0,0.0,0.0,0.0,618.0,384.0,0.0,210.0,187.0,27.0,603.0,53.0,3.0,343.0,0.0,1002.0,299.0,279.0,0.0,0.0,59.53,40.47,1.46,20.15,18.05,2.92,60.44,5.65,0.55,33.36,0.0,100.0,29.08,27.71,0.82,1.19,1.19,8.2,28.71,44.03,12.94,3.37,0.0,653.0,444.0,16.0,221.0,198.0,32.0,663.0,62.0,6.0,366.0,0.0,1097.0,319.0,304.0,9.0,13.0,13.0,90.0,315.0,483.0,142.0,37.0,0.0,27.35,4.47,12.67,1.37,32.45,0.0,4.83,14.13,0.0,0.0,2.01,0.0,0.0,0.0,60.44,5.65,0.55,33.36,0.0,100.0,19.33,14.13,45.12,21.42,300.0,49.0,139.0,15.0,356.0,0.0,53.0,155.0,0.0,0.0,22.0,0.0,0.0,0.0,663.0,62.0,6.0,366.0,0.0,1097.0,212.0,155.0,495.0,235.0
3532157,53.14,46.86,0.61,90.96,9.19,0.0,48.09,4.9,0.0,47.01,0.0,100.0,6.13,29.56,35.07,17.92,6.28,3.68,0.92,347.0,306.0,4.0,594.0,60.0,0.0,314.0,32.0,0.0,307.0,0.0,653.0,40.0,193.0,229.0,117.0,41.0,24.0,6.0,311.0,100.0,0.0,0.0,72.0,347.0,306.0,594.0,60.0,0.0,49.0,18.0,170.0,147.0,111.0,156.0,3.0,653.0,60.0,110.0,59.05,41.03,0.95,79.83,9.57,70.17,10.09,0.0,10.17,100.0,1.55,12.59,31.29,38.1,9.83,5.78,0.0,77.84,2.5,685.0,476.0,11.0,926.0,111.0,814.0,117.0,0.0,118.0,1160.0,18.0,146.0,363.0,442.0,114.0,67.0,0.0,903.0,29.0,38.98,5.2,3.99,0.55,30.34,0.0,4.98,13.95,0.0,0.0,0.0,0.0,0.0,0.0,89.26,10.74,0.0,21.37,18.16,2.99,39.53,10.08,0.0,50.28,0.0,100.0,37.43,18.72,0.0,0.0,352.0,47.0,36.0,5.0,274.0,0.0,45.0,126.0,0.0,0.0,0.0,0.0,0.0,0.0,806.0,97.0,0.0,193.0,164.0,27.0,357.0,91.0,0.0,454.0,0.0,903.0,338.0,169.0,0.0,0.0,57.14,42.96,0.64,20.73,18.15,3.76,39.31,9.77,0.0,50.91,0.0,100.0,36.73,18.69,0.0,0.64,1.93,12.57,32.65,39.63,8.06,4.4,0.0,532.0,400.0,6.0,193.0,169.0,35.0,366.0,91.0,0.0,474.0,0.0,931.0,342.0,174.0,0.0,6.0,18.0,117.0,304.0,369.0,75.0,41.0,0.0,37.81,5.48,4.51,0.54,31.15,0.0,4.83,13.75,0.0,0.0,0.0,0.0,0.0,0.0,39.31,9.77,0.0,50.91,0.0,100.0,17.51,12.35,57.36,12.89,352.0,51.0,42.0,5.0,290.0,0.0,45.0,128.0,0.0,0.0,0.0,0.0,0.0,0.0,366.0,91.0,0.0,474.0,0.0,931.0,163.0,115.0,534.0,120.0
3532207,48.67,51.33,0.96,84.12,15.88,0.0,42.54,6.24,0.4,50.77,0.0,100.0,5.56,15.94,41.63,30.97,2.5,1.42,1.02,858.0,905.0,17.0,1483.0,280.0,0.0,750.0,110.0,7.0,895.0,0.0,1763.0,98.0,281.0,734.0,546.0,44.0,25.0,18.0,881.0,218.0,14.0,6.0,272.0,858.0,905.0,1483.0,280.0,0.0,154.0,219.0,468.0,363.0,217.0,323.0,19.0,1763.0,227.0,146.0,59.3,40.7,2.05,82.26,8.41,73.85,12.36,0.0,4.42,100.0,1.01,8.19,35.13,41.85,8.91,2.87,0.0,85.13,1.08,1651.0,1133.0,57.0,2290.0,234.0,2056.0,344.0,0.0,123.0,2784.0,28.0,228.0,978.0,1165.0,248.0,80.0,0.0,2370.0,30.0,20.23,14.92,5.1,0.0,23.22,0.0,10.66,24.69,0.0,0.0,0.63,0.0,0.0,0.13,86.35,13.65,0.0,19.17,21.15,8.26,35.52,8.93,0.55,54.99,0.0,100.0,23.09,27.98,0.13,0.0,480.0,354.0,121.0,0.0,551.0,0.0,253.0,586.0,0.0,0.0,15.0,0.0,0.0,3.0,2049.0,324.0,0.0,455.0,502.0,196.0,843.0,212.0,13.0,1305.0,0.0,2373.0,548.0,664.0,3.0,0.0,60.5,39.5,1.46,18.96,21.08,8.33,35.38,9.0,0.54,55.13,0.0,100.0,23.0,28.25,0.13,0.13,1.0,7.96,34.71,43.58,8.88,2.42,0.0,1452.0,948.0,35.0,455.0,506.0,200.0,849.0,216.0,13.0,1323.0,0.0,2400.0,552.0,678.0,3.0,3.0,24.0,191.0,833.0,1046.0,213.0,58.0,0.0,20.22,14.86,5.04,0.0,23.05,0.0,10.53,24.72,0.0,0.0,0.92,0.0,0.0,0.12,35.33,8.99,0.54,55.18,0.0,100.0,19.48,12.98,52.89,14.65,486.0,357.0,121.0,0.0,554.0,0.0,253.0,594.0,0.0,0.0,22.0,0.0,0.0,3.0,849.0,216.0,13.0,1326.0,0.0,2403.0,468.0,312.0,1271.0,352.0
3532306,50.12,49.88,1.12,89.09,10.91,0.0,67.28,3.13,0.0,29.59,0.0,100.0,17.96,38.49,31.03,8.02,2.57,0.4,0.32,625.0,622.0,14.0,1111.0,136.0,0.0,839.0,39.0,0.0,369.0,0.0,1247.0,224.0,480.0,387.0,100.0,32.0,5.0,4.0,846.0,173.0,10.0,0.0,66.0,625.0,622.0,1111.0,136.0,0.0,63.0,73.0,438.0,365.0,181.0,121.0,5.0,1247.0,3.0,149.0,67.12,32.88,2.11,92.57,31.83,60.78,6.81,0.0,0.25,100.0,3.86,19.96,36.64,27.06,7.54,2.84,0.0,59.14,8.41,1843.0,903.0,58.0,2542.0,874.0,1669.0,187.0,0.0,7.0,2746.0,106.0,548.0,1006.0,743.0,207.0,78.0,0.0,1624.0,231.0,39.96,2.71,17.12,1.85,22.35,0.0,3.63,7.33,0.0,0.0,0.0,0.0,0.68,0.37,91.44,8.56,0.0,16.38,14.04,8.0,68.1,6.1,0.0,25.86,0.0,100.0,28.82,31.71,0.37,0.0,649.0,44.0,278.0,30.0,363.0,0.0,59.0,119.0,0.0,0.0,0.0,0.0,11.0,6.0,1485.0,139.0,0.0,266.0,228.0,130.0,1106.0,99.0,0.0,420.0,0.0,1624.0,468.0,515.0,6.0,0.0,66.06,33.94,2.1,16.59,15.25,8.89,69.83,5.77,0.0,24.35,0.0,100.0,27.69,30.6,0.32,0.0,4.36,18.16,37.45,27.32,8.19,2.37,0.0,1226.0,630.0,39.0,308.0,283.0,165.0,1296.0,107.0,0.0,452.0,0.0,1856.0,514.0,568.0,6.0,0.0,81.0,337.0,695.0,507.0,152.0,44.0,0.0,39.88,2.64,18.84,1.61,22.12,0.0,3.18,6.84,0.0,0.0,0.0,0.0,0.86,0.48,69.75,5.76,0.0,24.43,0.0,100.0,34.55,16.31,38.32,10.82,741.0,49.0,350.0,30.0,411.0,0.0,59.0,127.0,0.0,0.0,0.0,0.0,16.0,9.0,1296.0,107.0,0.0,454.0,0.0,1858.0,642.0,303.0,712.0,201.0
3532405,49.87,50.13,0.56,87.99,12.01,0.0,63.51,3.98,0.48,31.63,0.4,100.0,7.29,26.64,40.36,20.05,2.38,2.03,0.69,1868.0,1878.0,21.0,3296.0,450.0,0.0,2379.0,149.0,18.0,1185.0,15.0,3746.0,273.0,998.0,1512.0,751.0,89.0,76.0,26.0,2198.0,446.0,41.0,38.0,291.0,1868.0,1878.0,3296.0,450.0,0.0,280.0,222.0,1162.0,918.0,491.0,638.0,35.0,3746.0,301.0,431.0,60.51,39.49,1.68,82.24,25.19,57.06,16.75,0.0,0.4,100.0,1.59,12.55,35.26,36.8,8.81,3.23,0.08,71.95,1.85,5319.0,3471.0,148.0,7229.0,2214.0,5016.0,1472.0,0.0,35.0,8790.0,140.0,1103.0,3099.0,3235.0,774.0,284.0,7.0,6324.0,163.0,22.11,1.77,17.88,0.52,43.18,0.0,1.17,10.1,0.0,0.0,2.01,0.0,0.0,0.68,78.42,21.57,0.0,9.03,19.45,3.89,65.46,4.74,0.27,29.46,0.06,100.0,25.13,42.14,0.36,0.0,1398.0,112.0,1131.0,33.0,2731.0,0.0,74.0,639.0,0.0,0.0,127.0,0.0,0.0,43.0,4959.0,1364.0,0.0,571.0,1230.0,246.0,4140.0,300.0,17.0,1863.0,4.0,6324.0,1589.0,2665.0,23.0,0.0,59.9,40.1,1.36,8.88,19.86,4.27,65.08,4.79,0.26,29.8,0.06,100.0,24.5,41.64,0.63,0.23,1.68,12.44,33.61,39.42,8.66,2.85,0.0,3886.0,2601.0,88.0,576.0,1288.0,277.0,4222.0,311.0,17.0,1933.0,4.0,6487.0,1589.0,2701.0,41.0,15.0,109.0,807.0,2180.0,2557.0,562.0,185.0,0.0,21.66,1.73,17.6,0.51,43.89,0.0,1.14,9.99,0.0,0.0,2.22,0.05,0.0,0.66,65.08,4.79,0.26,29.8,0.06,100.0,24.94,16.73,42.69,15.65,1405.0,112.0,1142.0,33.0,2847.0,0.0,74.0,648.0,0.0,0.0,144.0,3.0,0.0,43.0,4222.0,311.0,17.0,1933.0,4.0,6487.0,1618.0,1085.0,2769.0,1015.0
3532504,48.66,51.34,1.05,88.36,11.64,0.0,63.14,3.84,0.0,33.07,0.0,100.0,4.48,19.96,35.91,27.28,8.74,2.53,0.0,924.0,975.0,20.0,1678.0,221.0,0.0,1199.0,73.0,0.0,628.0,0.0,1899.0,85.0,379.0,682.0,518.0,166.0,48.0,0.0,999.0,286.0,50.0,0.0,158.0,924.0,975.0,1678.0,221.0,0.0,144.0,161.0,522.0,392.0,312.0,361.0,6.0,1899.0,213.0,193.0,59.2,40.8,2.51,70.48,11.5,58.98,25.17,0.0,4.15,100.0,0.68,5.5,23.48,46.22,15.43,6.18,0.0,82.48,1.65,2970.0,2047.0,126.0,3536.0,577.0,2959.0,1263.0,0.0,208.0,5017.0,34.0,276.0,1178.0,2319.0,774.0,310.0,0.0,4138.0,83.0,17.43,21.05,14.94,0.29,36.62,0.0,1.45,6.76,0.0,0.0,0.43,0.1,0.1,0.29,70.75,29.25,0.0,18.08,17.79,1.3,68.48,7.27,0.0,24.14,0.1,100.0,33.41,28.82,0.27,0.0,722.0,872.0,619.0,12.0,1517.0,0.0,60.0,280.0,0.0,0.0,18.0,4.0,4.0,12.0,2931.0,1212.0,0.0,749.0,737.0,54.0,2837.0,301.0,0.0,1000.0,4.0,4143.0,1384.0,1194.0,11.0,0.0,58.71,41.32,2.11,17.86,17.67,1.56,68.16,7.13,0.0,24.62,0.09,100.0,33.21,28.52,0.5,0.38,0.64,5.61,24.64,46.01,14.93,6.04,0.0,2478.0,1744.0,89.0,754.0,746.0,66.0,2877.0,301.0,0.0,1039.0,4.0,4221.0,1402.0,1204.0,21.0,16.0,27.0,237.0,1040.0,1942.0,630.0,255.0,0.0,17.18,21.01,14.65,0.28,36.99,0.0,1.51,6.63,0.0,0.0,0.43,0.09,0.09,0.4,68.17,7.12,0.0,24.59,0.09,100.0,23.02,16.85,39.66,20.47,726.0,888.0,619.0,12.0,1563.0,0.0,64.0,280.0,0.0,0.0,18.0,4.0,4.0,17.0,2881.0,301.0,0.0,1039.0,4.0,4226.0,973.0,712.0,1676.0,865.0
3532603,49.32,50.73,0.99,82.17,17.83,0.0,66.42,2.55,0.16,30.93,0.0,100.0,7.95,19.96,32.12,29.83,5.2,3.64,0.31,949.0,976.0,19.0,1581.0,343.0,0.0,1278.0,49.0,3.0,595.0,0.0,1924.0,153.0,384.0,618.0,574.0,100.0,70.0,6.0,986.0,341.0,13.0,0.0,231.0,949.0,976.0,1581.0,343.0,0.0,185.0,105.0,531.0,452.0,339.0,312.0,0.0,1924.0,126.0,227.0,55.79,44.21,3.28,82.81,20.55,62.26,15.29,0.0,1.65,100.0,2.21,9.14,28.04,40.02,9.6,7.72,0.0,75.4,2.15,2674.0,2119.0,157.0,3969.0,985.0,2984.0,733.0,0.0,79.0,4793.0,106.0,438.0,1344.0,1918.0,460.0,370.0,0.0,3614.0,103.0,29.52,8.19,12.17,0.61,40.34,0.22,0.55,7.39,0.0,0.0,0.36,0.0,0.0,0.47,81.54,18.48,0.0,23.05,11.07,2.3,70.61,2.71,0.33,26.23,0.11,100.0,40.54,22.58,0.33,0.0,1067.0,296.0,440.0,22.0,1458.0,8.0,20.0,267.0,0.0,0.0,13.0,0.0,0.0,17.0,2947.0,668.0,0.0,833.0,400.0,83.0,2552.0,98.0,12.0,948.0,4.0,3614.0,1465.0,816.0,12.0,0.0,54.48,45.52,3.98,22.41,11.95,2.37,71.08,2.66,0.32,25.83,0.11,100.0,39.74,22.3,0.59,0.38,1.53,6.56,29.81,40.36,9.5,8.29,0.0,2025.0,1692.0,148.0,833.0,444.0,88.0,2642.0,99.0,12.0,960.0,4.0,3717.0,1477.0,829.0,22.0,14.0,57.0,244.0,1108.0,1500.0,353.0,308.0,0.0,29.22,7.96,11.97,0.59,40.14,0.22,0.7,7.59,0.0,0.0,0.35,0.0,0.0,0.56,71.08,2.66,0.32,25.83,0.11,100.0,22.76,10.92,39.33,27.01,1086.0,296.0,445.0,22.0,1492.0,8.0,26.0,282.0,0.0,0.0,13.0,0.0,0.0,21.0,2642.0,99.0,12.0,960.0,4.0,3717.0,846.0,406.0,1462.0,1004.0
3532702,52.14,47.86,0.89,90.2,9.71,0.0,51.34,4.19,0.0,44.39,0.0,100.0,3.12,25.22,42.42,24.33,1.6,2.23,0.27,585.0,537.0,10.0,1012.0,109.0,0.0,576.0,47.0,0.0,498.0,0.0,1122.0,35.0,283.0,476.0,273.0,18.0,25.0,3.0,563.0,163.0,9.0,23.0,52.0,585.0,537.0,1012.0,109.0,0.0,74.0,64.0,314.0,247.0,162.0,253.0,7.0,1122.0,122.0,189.0,59.75,40.29,0.94,71.8,10.82,60.98,20.49,0.0,7.62,100.0,1.07,10.29,34.06,41.84,7.79,4.02,0.0,42.42,39.06,1458.0,983.0,23.0,1752.0,264.0,1488.0,500.0,0.0,186.0,2440.0,26.0,251.0,831.0,1021.0,190.0,98.0,0.0,1035.0,953.0,31.4,4.54,8.89,0.0,24.15,0.0,1.93,27.25,0.0,0.0,0.29,0.0,0.0,0.29,76.91,23.19,0.0,16.62,18.36,4.73,55.46,6.18,0.19,38.16,0.0,100.0,31.11,28.12,0.68,0.0,325.0,47.0,92.0,0.0,250.0,0.0,20.0,282.0,0.0,0.0,3.0,0.0,0.0,3.0,796.0,240.0,0.0,172.0,190.0,49.0,574.0,64.0,2.0,395.0,0.0,1035.0,322.0,291.0,7.0,0.0,60.16,39.84,0.5,15.14,17.96,4.78,53.62,7.04,0.1,39.24,0.0,100.0,29.33,30.38,0.55,0.2,0.96,10.66,34.51,42.05,6.64,4.73,0.0,1196.0,792.0,10.0,301.0,357.0,95.0,1066.0,140.0,2.0,780.0,0.0,1988.0,583.0,604.0,11.0,4.0,19.0,212.0,686.0,836.0,132.0,94.0,0.0,30.5,4.77,8.44,0.0,22.11,0.0,1.36,29.7,0.0,0.0,0.75,0.0,0.0,0.35,53.57,7.04,0.1,39.3,0.0,100.0,36.68,20.15,30.9,12.26,607.0,95.0,168.0,0.0,440.0,0.0,27.0,591.0,0.0,0.0,15.0,0.0,0.0,7.0,1066.0,140.0,2.0,782.0,0.0,1990.0,730.0,401.0,615.0,244.0
3532801,51.52,48.48,0.43,88.45,11.41,0.0,65.2,5.39,0.21,28.84,0.43,100.0,7.73,14.88,40.33,28.56,6.31,1.7,0.14,727.0,684.0,6.0,1248.0,161.0,0.0,920.0,76.0,3.0,407.0,6.0,1411.0,109.0,210.0,569.0,403.0,89.0,24.0,2.0,730.0,228.0,14.0,0.0,84.0,727.0,684.0,1248.0,161.0,0.0,81.0,42.0,401.0,323.0,241.0,319.0,3.0,1411.0,210.0,145.0,57.35,42.65,0.86,70.45,14.67,55.78,26.23,0.0,1.86,100.0,1.08,5.62,26.63,46.56,14.07,5.17,0.03,79.62,2.34,2009.0,1494.0,30.0,2468.0,514.0,1954.0,919.0,0.0,65.0,3503.0,38.0,197.0,933.0,1631.0,493.0,181.0,1.0,2789.0,82.0,22.45,7.49,12.62,0.11,36.0,0.0,0.0,18.97,0.0,0.0,0.86,0.0,0.0,0.72,68.84,31.16,0.0,22.73,20.19,3.16,68.05,7.53,0.0,24.31,0.11,100.0,28.54,24.81,0.0,0.0,626.0,209.0,352.0,3.0,1004.0,0.0,0.0,529.0,0.0,0.0,24.0,0.0,0.0,20.0,1920.0,869.0,0.0,634.0,563.0,88.0,1898.0,210.0,0.0,678.0,3.0,2789.0,796.0,692.0,0.0,0.0,57.55,42.41,0.77,22.27,20.46,3.44,67.64,7.52,0.0,24.74,0.1,100.0,28.25,24.46,0.0,0.38,1.01,5.53,27.38,47.53,12.94,4.8,0.03,1654.0,1219.0,22.0,640.0,588.0,99.0,1944.0,216.0,0.0,711.0,3.0,2874.0,812.0,703.0,0.0,11.0,29.0,159.0,787.0,1366.0,372.0,138.0,1.0,22.03,7.27,12.56,0.1,36.33,0.0,0.0,19.17,0.0,0.0,0.9,0.0,0.0,0.7,67.64,7.52,0.0,24.74,0.1,100.0,23.17,18.75,42.1,15.94,633.0,209.0,361.0,3.0,1044.0,0.0,0.0,551.0,0.0,0.0,26.0,0.0,0.0,20.0,1944.0,216.0,0.0,711.0,3.0,2874.0,666.0,539.0,1210.0,458.0
3532827,49.91,50.09,0.26,91.18,8.82,0.0,65.17,1.51,0.0,33.32,0.0,100.0,16.21,32.84,31.59,11.11,2.55,1.3,4.15,1155.0,1159.0,6.0,2110.0,204.0,0.0,1508.0,35.0,0.0,771.0,0.0,2314.0,375.0,760.0,731.0,257.0,59.0,30.0,96.0,1217.0,490.0,5.0,8.0,76.0,1155.0,1159.0,2110.0,204.0,0.0,142.0,220.0,594.0,498.0,385.0,463.0,12.0,2314.0,236.0,282.0,65.25,34.75,0.83,87.07,10.26,76.84,9.22,0.0,0.51,100.0,3.09,19.86,41.35,26.61,4.43,3.72,0.15,63.97,22.09,2195.0,1169.0,28.0,2929.0,345.0,2585.0,310.0,0.0,17.0,3364.0,104.0,668.0,1391.0,895.0,149.0,125.0,5.0,2152.0,743.0,38.15,1.44,11.15,0.0,22.21,0.0,2.93,21.1,0.0,0.0,1.35,0.0,0.0,0.0,89.41,10.59,0.0,11.48,17.47,5.9,62.96,5.53,0.0,31.51,0.0,100.0,28.44,35.69,0.0,0.0,821.0,31.0,240.0,0.0,478.0,0.0,63.0,454.0,0.0,0.0,29.0,0.0,0.0,0.0,1924.0,228.0,0.0,247.0,376.0,127.0,1355.0,119.0,0.0,678.0,0.0,2152.0,612.0,768.0,0.0,0.0,66.46,33.51,0.97,11.02,17.41,5.53,63.14,5.22,0.0,31.61,0.0,100.0,25.94,37.75,0.9,0.45,3.39,19.14,43.56,26.56,4.18,2.04,0.17,1924.0,970.0,28.0,319.0,504.0,160.0,1828.0,151.0,0.0,915.0,0.0,2895.0,751.0,1093.0,26.0,13.0,98.0,554.0,1261.0,769.0,121.0,59.0,5.0,36.93,1.42,13.2,0.0,22.9,0.0,2.56,19.83,0.0,0.0,1.0,0.0,0.0,0.17,63.14,5.22,0.0,31.61,0.0,100.0,30.85,18.27,42.18,8.67,1069.0,41.0,382.0,0.0,663.0,0.0,74.0,574.0,0.0,0.0,29.0,0.0,0.0,5.0,1828.0,151.0,0.0,915.0,0.0,2895.0,893.0,529.0,1221.0,251.0
3532843,44.1,55.9,0.0,85.67,14.33,0.0,63.48,5.34,0.0,31.18,0.0,100.0,3.09,17.42,39.04,30.9,6.18,2.25,0.84,157.0,199.0,0.0,305.0,51.0,0.0,226.0,19.0,0.0,111.0,0.0,356.0,11.0,62.0,139.0,110.0,22.0,8.0,3.0,184.0,65.0,0.0,0.0,28.0,157.0,199.0,305.0,51.0,0.0,28.0,5.0,97.0,82.0,77.0,67.0,0.0,356.0,55.0,24.0,58.0,42.12,0.36,70.64,15.88,54.75,29.0,0.0,0.24,100.0,0.48,5.9,34.54,44.28,9.63,4.69,0.0,81.71,2.05,482.0,350.0,3.0,587.0,132.0,455.0,241.0,0.0,2.0,831.0,4.0,49.0,287.0,368.0,80.0,39.0,0.0,679.0,17.0,28.13,7.07,9.43,0.0,33.43,0.0,0.74,20.18,0.0,0.0,0.44,0.0,0.15,0.29,66.27,33.73,0.0,32.11,18.11,1.77,57.29,7.51,0.15,35.05,0.0,100.0,22.53,25.48,0.0,0.0,191.0,48.0,64.0,0.0,227.0,0.0,5.0,137.0,0.0,0.0,3.0,0.0,1.0,2.0,450.0,229.0,0.0,218.0,123.0,12.0,389.0,51.0,1.0,238.0,0.0,679.0,153.0,173.0,0.0,0.0,54.89,45.11,0.0,31.61,17.96,1.87,57.61,7.33,0.14,34.91,0.0,100.0,21.98,25.43,0.29,0.72,0.57,5.75,33.76,46.55,8.76,4.6,0.0,382.0,314.0,0.0,220.0,125.0,13.0,401.0,51.0,1.0,243.0,0.0,696.0,153.0,177.0,2.0,5.0,4.0,40.0,235.0,324.0,61.0,32.0,0.0,27.87,6.9,9.91,0.0,33.76,0.0,0.86,19.68,0.0,0.0,0.43,0.0,0.14,0.29,57.61,7.33,0.14,34.91,0.0,100.0,22.41,11.64,48.13,17.82,194.0,48.0,69.0,0.0,235.0,0.0,6.0,137.0,0.0,0.0,3.0,0.0,1.0,2.0,401.0,51.0,1.0,243.0,0.0,696.0,156.0,81.0,335.0,124.0
3532868,44.21,55.79,2.48,89.26,10.74,0.0,59.09,0.0,0.0,40.91,0.0,100.0,2.48,17.36,45.87,24.38,6.61,0.83,0.0,107.0,135.0,6.0,216.0,26.0,0.0,143.0,0.0,0.0,99.0,0.0,242.0,6.0,42.0,111.0,59.0,16.0,2.0,0.0,124.0,36.0,0.0,0.0,18.0,107.0,135.0,216.0,26.0,0.0,12.0,7.0,75.0,57.0,36.0,56.0,0.0,242.0,35.0,29.0,59.47,40.35,2.11,86.32,19.65,66.67,10.18,0.0,3.51,100.0,1.4,5.61,27.37,41.93,15.26,6.32,0.0,75.79,0.88,339.0,230.0,12.0,492.0,112.0,380.0,58.0,0.0,20.0,570.0,8.0,32.0,156.0,239.0,87.0,36.0,0.0,432.0,5.0,39.58,4.86,14.35,0.0,35.65,0.0,0.0,4.86,0.0,0.0,0.0,0.0,0.0,0.93,87.96,12.27,0.0,31.02,4.4,3.01,61.57,3.01,0.46,34.95,0.0,100.0,39.12,22.69,0.0,0.0,171.0,21.0,62.0,0.0,154.0,0.0,0.0,21.0,0.0,0.0,0.0,0.0,0.0,4.0,380.0,53.0,0.0,134.0,19.0,13.0,266.0,13.0,2.0,151.0,0.0,432.0,169.0,98.0,0.0,0.0,56.16,43.84,1.37,30.59,4.57,3.42,61.19,2.97,0.46,35.39,0.0,100.0,38.58,22.37,0.46,0.0,1.83,5.02,29.0,44.52,11.42,6.62,0.0,246.0,192.0,6.0,134.0,20.0,15.0,268.0,13.0,2.0,155.0,0.0,438.0,169.0,98.0,2.0,0.0,8.0,22.0,127.0,195.0,50.0,29.0,0.0,39.04,4.79,14.16,0.0,35.84,0.0,0.0,5.25,0.0,0.0,0.0,0.0,0.0,0.91,61.19,2.97,0.46,35.39,0.0,100.0,17.58,11.87,56.62,13.93,171.0,21.0,62.0,0.0,157.0,0.0,0.0,23.0,0.0,0.0,0.0,0.0,0.0,4.0,268.0,13.0,2.0,155.0,0.0,438.0,77.0,52.0,248.0,61.0
3532900,52.58,47.47,0.45,91.61,8.39,0.0,53.61,6.19,0.0,40.2,0.0,100.0,9.02,22.75,31.22,20.5,4.26,2.6,9.2,1172.0,1058.0,10.0,2042.0,187.0,0.0,1195.0,138.0,0.0,896.0,0.0,2229.0,201.0,507.0,696.0,457.0,95.0,58.0,205.0,1149.0,376.0,20.0,0.0,147.0,1172.0,1058.0,2042.0,187.0,0.0,92.0,150.0,596.0,549.0,376.0,466.0,0.0,2229.0,279.0,259.0,58.77,41.23,2.08,83.41,8.79,74.62,15.05,0.0,0.64,100.0,1.56,8.87,29.38,40.21,10.87,7.05,0.0,76.87,12.79,2292.0,1608.0,81.0,3253.0,343.0,2910.0,587.0,0.0,25.0,3900.0,61.0,346.0,1146.0,1568.0,424.0,275.0,0.0,2998.0,499.0,19.57,3.32,2.39,0.33,27.34,0.0,1.5,44.55,0.0,0.0,0.17,0.0,0.0,0.33,83.32,16.68,0.0,10.8,18.5,4.75,51.1,11.69,0.5,36.71,0.0,100.0,29.5,35.95,0.33,0.0,589.0,100.0,72.0,10.0,823.0,0.0,45.0,1341.0,0.0,0.0,5.0,0.0,0.0,10.0,2508.0,502.0,0.0,325.0,557.0,143.0,1538.0,352.0,15.0,1105.0,0.0,3010.0,888.0,1082.0,10.0,0.0,59.17,40.84,2.03,9.67,19.82,5.52,50.7,11.67,0.43,37.23,0.0,100.0,27.57,36.43,0.57,0.29,1.57,8.44,29.77,40.63,10.49,7.03,0.0,2069.0,1428.0,71.0,338.0,693.0,193.0,1773.0,408.0,15.0,1302.0,0.0,3497.0,964.0,1274.0,20.0,10.0,55.0,295.0,1041.0,1421.0,367.0,246.0,0.0,19.09,3.42,2.48,0.28,27.76,0.0,1.42,44.09,0.0,0.0,0.57,0.0,0.0,0.43,50.87,11.63,0.43,37.1,0.0,100.0,23.94,14.99,43.69,17.36,670.0,120.0,87.0,10.0,974.0,0.0,50.0,1547.0,0.0,0.0,20.0,0.0,0.0,15.0,1785.0,408.0,15.0,1302.0,0.0,3509.0,840.0,526.0,1533.0,609.0
3533007,50.49,49.51,0.61,90.69,9.31,0.0,60.83,4.1,0.0,35.06,0.0,100.0,6.03,20.63,33.22,29.94,6.52,2.6,0.42,2386.0,2340.0,29.0,4286.0,440.0,0.0,2875.0,194.0,0.0,1657.0,0.0,4726.0,285.0,975.0,1570.0,1415.0,308.0,123.0,20.0,2320.0,856.0,59.0,58.0,509.0,2386.0,2340.0,4286.0,440.0,0.0,373.0,670.0,1253.0,923.0,655.0,773.0,81.0,4726.0,328.0,596.0,57.26,42.74,1.28,77.99,15.8,62.19,19.8,0.0,0.74,100.0,0.91,8.84,27.15,44.34,12.71,4.78,0.0,79.48,2.5,5739.0,4284.0,128.0,7817.0,1584.0,6233.0,1985.0,0.0,74.0,10023.0,91.0,886.0,2721.0,4444.0,1274.0,479.0,0.0,7966.0,251.0,17.52,9.73,10.56,0.6,29.61,0.0,2.87,25.51,0.0,0.0,0.36,0.13,0.0,0.24,76.65,23.35,0.0,13.42,21.11,6.98,56.23,8.37,0.24,34.91,0.25,100.0,30.64,24.74,0.46,0.0,1396.0,775.0,841.0,48.0,2359.0,0.0,229.0,2032.0,0.0,0.0,29.0,10.0,0.0,19.0,6106.0,1860.0,0.0,1069.0,1682.0,556.0,4479.0,667.0,19.0,2781.0,20.0,7966.0,2441.0,1971.0,37.0,0.0,58.87,41.13,1.3,13.01,21.43,7.12,56.03,8.58,0.23,34.92,0.24,100.0,30.06,24.81,0.9,0.11,0.88,9.24,26.42,44.63,12.79,4.76,0.0,4837.0,3380.0,107.0,1069.0,1761.0,585.0,4604.0,705.0,19.0,2869.0,20.0,8217.0,2470.0,2039.0,74.0,9.0,72.0,759.0,2171.0,3667.0,1051.0,391.0,0.0,17.21,9.43,10.59,0.58,29.63,0.0,3.03,25.8,0.0,0.0,0.35,0.12,0.0,0.23,56.03,8.58,0.23,34.92,0.24,100.0,26.7,17.18,42.14,13.98,1414.0,775.0,870.0,48.0,2435.0,0.0,249.0,2120.0,0.0,0.0,29.0,10.0,0.0,19.0,4604.0,705.0,19.0,2869.0,20.0,8217.0,2194.0,1412.0,3463.0,1149.0
3533106,48.71,51.29,0.0,90.87,9.37,0.0,71.43,7.03,0.0,21.78,0.0,100.0,10.3,21.31,44.73,20.84,1.41,1.64,0.0,208.0,219.0,0.0,388.0,40.0,0.0,305.0,30.0,0.0,93.0,0.0,427.0,44.0,91.0,191.0,89.0,6.0,7.0,0.0,238.0,63.0,4.0,0.0,20.0,208.0,219.0,388.0,40.0,0.0,16.0,22.0,134.0,85.0,69.0,99.0,2.0,427.0,53.0,50.0,56.66,43.34,1.1,54.46,3.85,50.61,42.02,0.0,3.3,100.0,2.75,9.46,36.85,37.84,8.58,3.3,0.0,91.09,1.54,515.0,394.0,10.0,495.0,35.0,460.0,382.0,0.0,30.0,909.0,25.0,86.0,335.0,344.0,78.0,30.0,0.0,828.0,14.0,25.85,6.52,4.71,0.6,38.89,0.0,0.97,20.41,0.0,0.0,0.97,0.24,0.24,0.0,55.31,44.81,0.0,40.7,13.41,3.86,66.67,9.42,0.24,23.67,0.0,100.0,28.14,13.89,0.0,0.0,214.0,54.0,39.0,5.0,322.0,0.0,8.0,169.0,0.0,0.0,8.0,2.0,2.0,0.0,458.0,371.0,0.0,337.0,111.0,32.0,552.0,78.0,2.0,196.0,0.0,828.0,233.0,115.0,0.0,0.0,55.34,44.54,0.83,40.02,14.25,4.04,66.15,9.5,0.24,23.99,0.0,100.0,27.67,13.66,0.24,0.0,2.49,9.03,36.82,38.72,8.67,3.33,0.0,466.0,375.0,7.0,337.0,120.0,34.0,557.0,80.0,2.0,202.0,0.0,842.0,233.0,115.0,2.0,0.0,21.0,76.0,310.0,326.0,73.0,28.0,0.0,25.42,6.41,4.63,0.59,39.31,0.0,1.19,20.07,0.0,0.0,1.31,0.24,0.24,0.0,66.15,9.5,0.24,23.99,0.0,100.0,23.4,14.61,48.1,13.78,214.0,54.0,39.0,5.0,331.0,0.0,10.0,169.0,0.0,0.0,11.0,2.0,2.0,0.0,557.0,80.0,2.0,202.0,0.0,842.0,197.0,123.0,405.0,116.0
3533205,47.21,52.87,0.0,81.48,18.11,0.41,52.7,4.34,0.25,42.7,0.0,100.0,9.84,17.46,38.61,23.36,7.62,2.3,0.82,576.0,645.0,0.0,994.0,221.0,5.0,643.0,53.0,3.0,521.0,0.0,1220.0,120.0,213.0,471.0,285.0,93.0,28.0,10.0,548.0,236.0,6.0,2.0,175.0,576.0,645.0,994.0,221.0,5.0,127.0,157.0,267.0,239.0,182.0,238.0,10.0,1220.0,142.0,111.0,59.87,40.18,1.43,83.65,8.6,75.11,16.35,0.0,0.0,100.0,1.54,9.66,30.1,36.78,13.22,7.32,0.0,87.21,4.25,1128.0,757.0,27.0,1576.0,162.0,1415.0,308.0,0.0,0.0,1884.0,29.0,182.0,567.0,693.0,249.0,138.0,0.0,1643.0,80.0,26.88,8.92,7.28,0.24,30.4,0.0,5.1,18.45,0.0,0.0,0.61,0.0,0.0,0.12,84.28,15.72,0.0,25.3,9.04,1.15,47.03,9.77,0.36,42.9,0.0,100.0,36.04,26.46,0.0,0.0,443.0,147.0,120.0,4.0,501.0,0.0,84.0,304.0,0.0,0.0,10.0,0.0,0.0,2.0,1389.0,259.0,0.0,417.0,149.0,19.0,775.0,161.0,6.0,707.0,0.0,1648.0,594.0,436.0,0.0,0.0,60.3,39.7,1.57,24.67,8.71,1.51,46.26,9.75,0.35,43.59,0.0,100.0,35.29,26.0,1.16,0.46,1.28,8.71,29.77,37.84,13.64,7.2,0.0,1039.0,684.0,27.0,425.0,150.0,26.0,797.0,168.0,6.0,751.0,0.0,1723.0,608.0,448.0,20.0,8.0,22.0,150.0,513.0,652.0,235.0,124.0,0.0,26.32,8.73,7.06,0.23,31.0,0.0,4.86,18.8,0.0,0.0,0.81,0.0,0.0,0.12,46.27,9.72,0.35,43.61,0.0,100.0,14.34,17.47,51.82,16.37,455.0,151.0,122.0,4.0,536.0,0.0,84.0,325.0,0.0,0.0,14.0,0.0,0.0,2.0,800.0,168.0,6.0,754.0,0.0,1729.0,248.0,302.0,896.0,283.0
3533254,48.94,51.06,0.28,95.95,4.05,0.0,43.05,5.61,0.0,51.33,0.0,100.0,13.25,28.89,37.44,17.3,2.21,0.28,0.28,532.0,555.0,3.0,1043.0,44.0,0.0,468.0,61.0,0.0,558.0,0.0,1087.0,144.0,314.0,407.0,188.0,24.0,3.0,3.0,610.0,170.0,9.0,7.0,33.0,532.0,555.0,1043.0,44.0,0.0,39.0,70.0,319.0,262.0,159.0,232.0,6.0,1087.0,138.0,120.0,59.7,40.3,0.48,65.87,4.9,60.98,27.19,0.0,6.42,100.0,2.38,13.17,35.08,39.16,8.17,1.57,0.0,85.69,2.52,1256.0,848.0,10.0,1386.0,103.0,1283.0,572.0,0.0,135.0,2104.0,50.0,277.0,738.0,824.0,172.0,33.0,0.0,1803.0,53.0,21.52,2.55,4.33,0.0,21.96,0.0,1.16,44.87,0.0,0.0,1.44,0.0,0.17,0.33,68.77,31.17,0.0,3.99,27.57,8.71,44.7,11.76,0.11,43.37,0.0,100.0,18.14,40.43,0.83,0.17,388.0,46.0,78.0,0.0,396.0,0.0,21.0,809.0,0.0,0.0,26.0,0.0,3.0,6.0,1240.0,562.0,0.0,72.0,497.0,157.0,806.0,212.0,2.0,782.0,0.0,1803.0,327.0,729.0,15.0,3.0,58.46,41.54,0.38,4.09,27.64,8.73,44.94,12.12,0.11,42.78,0.0,100.0,18.7,39.55,0.81,0.27,2.48,13.2,35.29,38.52,8.46,1.67,0.0,1085.0,771.0,7.0,76.0,513.0,162.0,834.0,225.0,2.0,794.0,0.0,1856.0,347.0,734.0,15.0,5.0,46.0,245.0,655.0,715.0,157.0,31.0,0.0,21.88,2.48,4.2,0.0,21.88,0.0,1.13,44.94,0.0,0.0,1.4,0.0,0.16,0.32,44.94,12.12,0.11,42.78,0.0,100.0,29.31,19.18,41.97,9.48,406.0,46.0,78.0,0.0,406.0,0.0,21.0,834.0,0.0,0.0,26.0,0.0,3.0,6.0,834.0,225.0,2.0,794.0,0.0,1856.0,544.0,356.0,779.0,176.0
3533304,50.93,49.07,0.0,88.53,11.47,0.0,50.93,5.06,0.67,43.34,0.0,100.0,12.98,25.97,39.29,19.22,2.53,0.0,0.0,302.0,291.0,0.0,525.0,68.0,0.0,302.0,30.0,4.0,257.0,0.0,593.0,77.0,154.0,233.0,114.0,15.0,0.0,0.0,281.0,113.0,7.0,0.0,33.0,302.0,291.0,525.0,68.0,0.0,38.0,17.0,160.0,136.0,114.0,129.0,0.0,593.0,99.0,59.0,58.42,41.58,1.23,68.12,8.05,60.07,31.88,0.0,0.0,100.0,3.45,11.34,39.11,32.54,9.2,3.12,0.0,88.74,3.29,711.0,506.0,15.0,829.0,98.0,731.0,388.0,0.0,0.0,1217.0,42.0,138.0,476.0,396.0,112.0,38.0,0.0,1080.0,40.0,38.24,3.7,6.3,0.37,26.67,0.0,0.93,23.24,0.0,0.0,0.0,0.0,0.0,0.46,66.11,33.8,0.0,17.96,29.81,5.09,51.48,8.24,0.65,39.63,0.0,100.0,30.93,16.11,0.0,0.0,413.0,40.0,68.0,4.0,288.0,0.0,10.0,251.0,0.0,0.0,0.0,0.0,0.0,5.0,714.0,365.0,0.0,194.0,322.0,55.0,556.0,89.0,7.0,428.0,0.0,1080.0,334.0,174.0,0.0,0.0,59.43,40.57,1.34,17.34,30.29,5.54,50.58,7.95,0.63,40.84,0.0,100.0,30.12,16.53,0.0,0.18,3.49,11.53,40.39,31.72,8.76,2.77,0.0,665.0,454.0,15.0,194.0,339.0,62.0,566.0,89.0,7.0,457.0,0.0,1119.0,337.0,185.0,0.0,2.0,39.0,129.0,452.0,355.0,98.0,31.0,0.0,37.89,3.57,6.08,0.71,26.36,0.0,0.89,24.04,0.0,0.0,0.0,0.0,0.0,0.45,50.58,7.95,0.63,40.84,0.0,100.0,17.25,14.83,52.82,15.19,424.0,40.0,68.0,8.0,295.0,0.0,10.0,269.0,0.0,0.0,0.0,0.0,0.0,5.0,566.0,89.0,7.0,457.0,0.0,1119.0,193.0,166.0,591.0,170.0
3533403,49.07,50.93,2.1,79.65,20.3,0.0,63.01,6.42,0.45,29.91,0.21,100.0,4.29,11.92,29.4,31.73,12.29,5.63,2.63,7753.0,8047.0,332.0,12584.0,3207.0,0.0,9956.0,1015.0,71.0,4725.0,33.0,15800.0,678.0,1884.0,4645.0,5014.0,1942.0,889.0,416.0,6943.0,3043.0,330.0,82.0,2155.0,7753.0,8047.0,12584.0,3207.0,0.0,1469.0,2776.0,3739.0,2873.0,1832.0,2830.0,280.0,15800.0,1586.0,1663.0,56.64,43.36,4.38,67.56,11.57,55.99,27.93,0.0,2.19,100.0,0.87,4.26,19.98,41.87,17.98,10.66,0.0,81.55,2.37,17738.0,13581.0,1371.0,21160.0,3625.0,17535.0,8747.0,0.0,685.0,31319.0,273.0,1334.0,6256.0,13113.0,5632.0,3340.0,0.0,25540.0,742.0,9.89,5.47,14.56,0.6,51.83,0.18,1.44,14.49,0.02,0.0,0.17,0.0,0.04,0.36,67.33,32.67,0.0,10.7,14.93,3.39,64.4,8.43,0.29,26.82,0.05,100.0,32.77,37.6,0.15,0.0,2526.0,1396.0,3718.0,152.0,13237.0,46.0,369.0,3702.0,5.0,0.0,43.0,0.0,11.0,93.0,17195.0,8345.0,0.0,2734.0,3813.0,866.0,16449.0,2154.0,74.0,6851.0,13.0,25540.0,8370.0,9604.0,38.0,0.0,57.52,42.48,4.29,10.53,15.17,3.78,63.98,8.5,0.28,27.19,0.05,100.0,32.43,37.11,0.3,0.21,0.86,4.23,19.97,42.47,17.8,10.39,0.0,15117.0,11165.0,1127.0,2767.0,3986.0,993.0,16815.0,2235.0,74.0,7146.0,13.0,26282.0,8523.0,9753.0,79.0,54.0,225.0,1112.0,5249.0,11161.0,4678.0,2730.0,0.0,9.74,5.39,14.19,0.58,52.09,0.18,1.44,14.63,0.02,0.0,0.18,0.0,0.04,0.51,63.98,8.5,0.28,27.19,0.05,100.0,12.08,13.59,51.24,23.09,2560.0,1417.0,3729.0,152.0,13690.0,46.0,379.0,3846.0,5.0,0.0,48.0,0.0,11.0,134.0,16815.0,2235.0,74.0,7146.0,13.0,26282.0,3176.0,3573.0,13466.0,6068.0
3533502,48.7,51.3,1.21,90.85,8.91,0.0,70.38,3.63,0.29,25.7,0.0,100.0,6.01,17.6,36.37,27.04,6.43,3.67,1.68,3865.0,4072.0,96.0,7211.0,707.0,0.0,5586.0,288.0,23.0,2040.0,0.0,7937.0,477.0,1397.0,2887.0,2146.0,510.0,291.0,133.0,4169.0,1355.0,176.0,47.0,780.0,3880.0,4072.0,7226.0,707.0,0.0,621.0,608.0,2257.0,1954.0,1240.0,1221.0,51.0,7952.0,568.0,857.0,58.17,41.83,3.08,96.31,12.17,84.14,2.43,0.0,0.63,100.0,1.2,7.24,27.8,40.78,13.33,6.56,0.0,84.43,2.14,10835.0,7792.0,574.0,17939.0,2266.0,15673.0,453.0,0.0,117.0,18627.0,224.0,1348.0,5179.0,7596.0,2483.0,1222.0,0.0,15726.0,399.0,17.46,6.85,18.22,0.9,37.05,0.0,2.64,15.07,0.0,0.0,0.64,0.0,0.0,0.12,97.6,2.41,0.0,15.0,10.45,3.15,67.29,6.17,0.21,26.32,0.0,100.0,40.21,30.84,0.03,0.0,2754.0,1080.0,2874.0,142.0,5845.0,0.0,416.0,2377.0,0.0,0.0,101.0,0.0,0.0,19.0,15397.0,380.0,0.0,2367.0,1649.0,497.0,10616.0,974.0,33.0,4153.0,0.0,15776.0,6344.0,4866.0,5.0,0.0,60.3,39.7,3.16,14.91,10.8,3.16,67.42,6.2,0.2,26.18,0.0,100.0,40.17,30.35,0.15,0.16,0.87,7.26,27.91,40.69,13.59,6.51,0.0,9723.0,6402.0,509.0,2405.0,1742.0,510.0,10871.0,999.0,33.0,4222.0,0.0,16125.0,6477.0,4894.0,24.0,25.0,141.0,1170.0,4501.0,6562.0,2191.0,1050.0,0.0,17.55,6.8,18.18,0.88,36.9,0.0,2.66,14.7,0.0,0.0,0.98,0.0,0.0,0.25,67.36,6.26,0.2,26.18,0.0,100.0,23.65,17.13,40.79,18.42,2839.0,1100.0,2940.0,142.0,5968.0,0.0,431.0,2377.0,0.0,0.0,158.0,0.0,0.0,40.0,10896.0,1012.0,33.0,4235.0,0.0,16175.0,3826.0,2771.0,6598.0,2980.0
3533601,51.27,48.79,1.9,85.77,14.23,0.0,67.4,4.84,0.0,27.76,0.0,100.0,4.44,14.17,38.13,30.36,8.53,2.07,0.46,890.0,847.0,33.0,1489.0,247.0,0.0,1170.0,84.0,0.0,482.0,0.0,1736.0,77.0,246.0,662.0,527.0,148.0,36.0,8.0,927.0,235.0,18.0,3.0,174.0,890.0,847.0,1489.0,247.0,0.0,157.0,95.0,497.0,372.0,255.0,350.0,10.0,1736.0,213.0,165.0,55.83,44.19,3.74,88.82,12.21,76.58,10.14,0.0,0.79,100.0,0.71,6.3,28.14,42.45,12.43,6.24,0.0,84.0,2.75,2048.0,1621.0,137.0,3258.0,448.0,2809.0,372.0,0.0,29.0,3668.0,26.0,231.0,1032.0,1557.0,456.0,229.0,0.0,3081.0,101.0,27.58,3.82,7.65,0.0,40.96,0.0,2.92,15.81,0.0,0.0,0.45,0.13,0.0,0.1,89.89,10.11,0.0,24.3,6.42,1.94,67.01,5.51,0.1,27.28,0.1,100.0,37.72,29.39,0.0,0.0,851.0,118.0,236.0,0.0,1264.0,0.0,90.0,488.0,0.0,0.0,14.0,4.0,0.0,3.0,2774.0,312.0,0.0,750.0,198.0,60.0,2068.0,170.0,3.0,842.0,3.0,3086.0,1164.0,907.0,0.0,0.0,57.7,42.27,3.05,23.76,7.01,1.98,66.91,5.44,0.09,27.47,0.09,100.0,36.64,29.26,0.75,0.41,0.5,5.81,27.18,44.31,12.85,6.29,0.0,1836.0,1345.0,97.0,756.0,223.0,63.0,2129.0,173.0,3.0,874.0,3.0,3182.0,1166.0,931.0,24.0,13.0,16.0,185.0,865.0,1410.0,409.0,200.0,0.0,26.92,3.7,7.41,0.0,41.51,0.09,2.98,15.56,0.0,0.0,0.88,0.13,0.0,0.28,66.8,5.59,0.09,27.42,0.09,100.0,22.0,14.15,42.58,21.27,858.0,118.0,236.0,0.0,1323.0,3.0,95.0,496.0,0.0,0.0,28.0,4.0,0.0,9.0,2129.0,178.0,3.0,874.0,3.0,3187.0,701.0,451.0,1357.0,678.0
3533700,50.55,49.35,0.6,90.57,9.43,0.0,60.08,2.88,0.0,36.94,0.0,100.0,10.92,25.82,37.44,19.86,3.57,1.09,0.6,509.0,497.0,6.0,912.0,95.0,0.0,605.0,29.0,0.0,372.0,0.0,1007.0,110.0,260.0,377.0,200.0,36.0,11.0,6.0,538.0,144.0,0.0,35.0,69.0,509.0,497.0,912.0,95.0,0.0,77.0,64.0,267.0,236.0,142.0,217.0,3.0,1007.0,103.0,118.0,62.01,37.99,2.58,90.93,13.83,77.15,9.07,0.0,0.0,100.0,2.28,11.65,35.71,38.3,6.59,2.84,0.0,83.28,2.89,1224.0,750.0,51.0,1795.0,273.0,1523.0,179.0,0.0,0.0,1974.0,45.0,230.0,705.0,756.0,130.0,56.0,0.0,1644.0,57.0,34.31,1.58,4.62,0.36,34.06,0.0,5.47,16.36,0.0,0.0,1.82,0.0,0.0,0.18,91.36,8.64,0.0,17.76,17.03,4.01,55.9,6.75,0.0,37.35,0.0,100.0,26.64,33.09,0.36,0.0,564.0,26.0,76.0,6.0,560.0,0.0,90.0,269.0,0.0,0.0,30.0,0.0,0.0,3.0,1502.0,142.0,0.0,292.0,280.0,66.0,919.0,111.0,0.0,614.0,0.0,1644.0,438.0,544.0,6.0,0.0,60.73,39.27,2.59,17.17,17.58,4.23,55.91,6.7,0.12,37.33,0.0,100.0,25.75,32.33,1.18,0.29,1.94,9.82,35.86,39.86,7.11,2.82,0.0,1033.0,668.0,44.0,292.0,299.0,72.0,951.0,114.0,2.0,635.0,0.0,1701.0,438.0,550.0,20.0,5.0,33.0,167.0,610.0,678.0,121.0,48.0,0.0,33.33,1.53,4.47,0.35,34.27,0.0,5.47,16.93,0.0,0.0,1.88,0.0,0.0,0.18,55.91,6.7,0.12,37.33,0.0,100.0,26.22,19.05,43.97,10.82,567.0,26.0,76.0,6.0,583.0,0.0,93.0,288.0,0.0,0.0,32.0,0.0,0.0,3.0,951.0,114.0,2.0,635.0,0.0,1701.0,446.0,324.0,748.0,184.0
3533809,49.9,50.1,0.0,84.85,15.15,0.0,71.52,3.23,0.0,25.45,0.0,100.0,9.7,28.69,38.99,18.59,3.84,0.0,0.2,247.0,248.0,0.0,420.0,75.0,0.0,354.0,16.0,0.0,126.0,0.0,495.0,48.0,142.0,193.0,92.0,19.0,0.0,1.0,291.0,59.0,2.0,0.0,41.0,247.0,248.0,420.0,75.0,0.0,33.0,24.0,145.0,148.0,66.0,78.0,0.0,495.0,46.0,57.0,62.66,37.34,0.96,63.88,20.45,43.43,34.64,0.0,0.87,100.0,2.0,11.31,30.72,40.91,10.27,3.92,0.0,76.59,1.48,720.0,429.0,11.0,734.0,235.0,499.0,398.0,0.0,10.0,1149.0,23.0,130.0,353.0,470.0,118.0,45.0,0.0,880.0,17.0,27.61,0.68,10.11,0.0,29.77,0.0,3.41,26.93,0.0,0.0,0.0,0.0,0.0,0.23,55.91,44.09,0.0,12.5,23.86,5.8,71.25,2.27,0.23,26.36,0.0,100.0,29.66,27.5,0.0,0.0,243.0,6.0,89.0,0.0,262.0,0.0,30.0,237.0,0.0,0.0,0.0,0.0,0.0,2.0,492.0,388.0,0.0,110.0,210.0,51.0,627.0,20.0,2.0,232.0,0.0,880.0,261.0,242.0,0.0,0.0,63.92,36.08,0.67,12.25,23.61,6.12,71.6,2.23,0.22,25.95,0.0,100.0,30.18,26.95,0.0,0.0,1.45,10.13,32.07,42.43,10.36,2.9,0.0,574.0,324.0,6.0,110.0,212.0,55.0,643.0,20.0,2.0,233.0,0.0,898.0,271.0,242.0,0.0,0.0,13.0,91.0,288.0,381.0,93.0,26.0,0.0,27.28,0.67,9.91,0.0,30.62,0.0,3.34,26.61,0.0,0.0,0.0,0.0,0.0,0.22,71.6,2.23,0.22,25.95,0.0,100.0,27.73,10.8,45.77,15.59,245.0,6.0,89.0,0.0,275.0,0.0,30.0,239.0,0.0,0.0,0.0,0.0,0.0,2.0,643.0,20.0,2.0,233.0,0.0,898.0,249.0,97.0,411.0,140.0
3533908,50.78,49.23,0.94,94.77,5.23,0.0,64.42,4.56,0.11,30.92,0.0,100.0,4.45,18.13,35.14,28.67,6.92,2.4,3.35,6414.0,6219.0,119.0,11971.0,661.0,0.0,8137.0,576.0,14.0,3906.0,0.0,12632.0,562.0,2290.0,4439.0,3622.0,874.0,303.0,423.0,5979.0,2215.0,221.0,253.0,1018.0,6414.0,6219.0,11971.0,661.0,0.0,917.0,1253.0,3408.0,2569.0,1777.0,2572.0,137.0,12632.0,1534.0,1413.0,54.51,45.49,3.09,93.87,15.68,78.19,2.71,0.0,0.52,100.0,1.0,7.11,25.27,42.84,14.45,6.25,0.0,77.92,2.87,14446.0,12054.0,818.0,24876.0,4156.0,20720.0,717.0,0.0,137.0,26500.0,264.0,1885.0,6696.0,11352.0,3828.0,1657.0,0.0,20650.0,761.0,17.23,4.08,18.13,1.68,44.43,0.2,1.33,9.65,0.0,0.0,0.29,0.04,0.0,0.4,97.1,2.9,0.0,8.37,13.16,2.77,63.69,6.32,0.07,29.92,0.0,100.0,41.34,33.27,0.05,0.0,3557.0,842.0,3743.0,347.0,9174.0,42.0,274.0,1992.0,0.0,0.0,60.0,9.0,0.0,82.0,20051.0,599.0,0.0,1729.0,2717.0,572.0,13152.0,1306.0,15.0,6178.0,0.0,20650.0,8536.0,6870.0,10.0,0.0,55.18,44.82,2.28,8.07,13.13,2.78,63.85,6.42,0.07,29.66,0.0,100.0,41.5,32.83,0.17,0.19,0.97,7.07,25.13,44.38,13.98,6.2,0.0,11829.0,9608.0,489.0,1729.0,2814.0,595.0,13688.0,1377.0,15.0,6358.0,0.0,21437.0,8897.0,7038.0,37.0,40.0,207.0,1515.0,5387.0,9513.0,2996.0,1330.0,0.0,17.43,4.13,18.09,1.74,43.72,0.2,1.34,9.8,0.0,0.0,0.34,0.04,0.0,0.44,63.85,6.42,0.07,29.66,0.0,100.0,17.48,12.46,49.13,20.93,3736.0,885.0,3878.0,374.0,9372.0,42.0,288.0,2100.0,0.0,0.0,72.0,9.0,0.0,95.0,13688.0,1377.0,15.0,6358.0,0.0,21437.0,3748.0,2671.0,10532.0,4486.0
3534005,51.9,48.1,0.35,83.08,16.92,0.0,58.55,8.95,0.27,32.06,0.27,100.0,1.68,20.64,45.0,26.22,3.81,1.51,0.8,586.0,543.0,4.0,938.0,191.0,0.0,661.0,101.0,3.0,362.0,3.0,1129.0,19.0,233.0,508.0,296.0,43.0,17.0,9.0,597.0,176.0,20.0,9.0,100.0,586.0,543.0,938.0,191.0,0.0,56.0,89.0,314.0,253.0,199.0,211.0,7.0,1129.0,103.0,125.0,56.69,43.31,1.88,71.94,12.53,59.36,24.87,0.0,2.91,100.0,0.4,8.02,34.29,40.4,11.1,3.91,0.0,82.32,1.88,1420.0,1085.0,47.0,1802.0,314.0,1487.0,623.0,0.0,73.0,2505.0,10.0,201.0,859.0,1012.0,278.0,98.0,0.0,2062.0,47.0,18.7,15.75,9.79,0.24,23.55,0.0,2.52,24.66,0.0,0.0,0.48,0.0,0.0,1.02,71.61,28.39,0.0,14.53,19.62,3.54,52.33,10.9,0.39,36.09,0.29,100.0,28.63,30.43,0.15,0.0,386.0,325.0,202.0,5.0,486.0,0.0,52.0,509.0,0.0,0.0,10.0,0.0,0.0,21.0,1478.0,586.0,0.0,300.0,405.0,73.0,1080.0,225.0,8.0,745.0,6.0,2064.0,591.0,628.0,3.0,0.0,57.01,42.99,1.61,14.22,20.0,3.6,51.9,10.76,0.33,36.68,0.28,100.0,28.2,30.28,0.47,0.24,0.47,8.01,35.12,40.47,10.85,3.36,0.0,1203.0,907.0,34.0,300.0,422.0,76.0,1095.0,227.0,7.0,774.0,6.0,2110.0,595.0,639.0,10.0,5.0,10.0,169.0,741.0,854.0,229.0,71.0,0.0,18.66,15.39,9.56,0.24,24.29,0.0,2.46,24.48,0.0,0.0,0.47,0.0,0.0,1.14,51.89,10.75,0.38,36.65,0.28,100.0,22.25,13.78,52.7,11.27,394.0,325.0,202.0,5.0,513.0,0.0,52.0,517.0,0.0,0.0,10.0,0.0,0.0,24.0,1096.0,227.0,8.0,774.0,6.0,2112.0,470.0,291.0,1113.0,238.0
3534104,48.14,51.86,0.88,70.53,29.18,0.29,56.53,5.54,0.51,37.42,0.0,100.0,4.89,16.7,37.13,29.98,6.42,2.84,1.17,660.0,711.0,12.0,967.0,400.0,4.0,775.0,76.0,7.0,513.0,0.0,1371.0,67.0,229.0,509.0,411.0,88.0,39.0,16.0,650.0,234.0,99.0,10.0,92.0,660.0,711.0,967.0,400.0,4.0,123.0,144.0,310.0,284.0,219.0,261.0,30.0,1371.0,147.0,139.0,56.63,43.34,1.25,58.52,12.17,46.35,38.47,0.0,1.08,100.0,0.95,7.61,27.76,43.44,12.47,6.49,0.0,81.85,2.97,1675.0,1282.0,37.0,1731.0,360.0,1371.0,1138.0,0.0,32.0,2958.0,28.0,225.0,821.0,1285.0,369.0,192.0,0.0,2421.0,88.0,25.11,5.53,7.19,0.29,36.93,0.0,4.21,19.0,0.0,0.0,0.37,0.0,0.0,0.66,55.35,44.65,0.0,12.02,8.96,0.78,51.09,9.33,0.37,39.24,0.0,100.0,34.49,43.58,0.0,0.0,608.0,134.0,174.0,7.0,894.0,0.0,102.0,460.0,0.0,0.0,9.0,0.0,0.0,16.0,1340.0,1081.0,0.0,291.0,217.0,19.0,1237.0,226.0,9.0,950.0,0.0,2421.0,835.0,1055.0,0.0,0.0,57.51,42.49,1.04,11.8,9.61,0.84,50.98,10.0,0.36,38.66,0.0,100.0,34.75,42.73,0.0,0.12,0.36,8.09,27.66,43.8,12.63,6.42,0.0,1443.0,1066.0,26.0,296.0,241.0,21.0,1279.0,251.0,9.0,970.0,0.0,2509.0,872.0,1072.0,0.0,3.0,9.0,203.0,694.0,1099.0,317.0,161.0,0.0,24.71,5.62,7.13,0.28,37.07,0.0,4.26,18.89,0.0,0.0,0.48,0.0,0.0,0.72,50.98,10.0,0.36,38.66,0.0,100.0,16.22,14.15,48.03,21.6,620.0,141.0,179.0,7.0,930.0,0.0,107.0,474.0,0.0,0.0,12.0,0.0,0.0,18.0,1279.0,251.0,9.0,970.0,0.0,2509.0,407.0,355.0,1205.0,542.0
3534203,52.32,47.62,1.44,86.73,13.27,0.0,50.81,4.32,0.0,44.87,0.0,100.0,7.88,17.58,36.23,26.66,5.01,4.01,1.13,836.0,761.0,23.0,1386.0,212.0,0.0,812.0,69.0,0.0,717.0,0.0,1598.0,126.0,281.0,579.0,426.0,80.0,64.0,18.0,786.0,218.0,43.0,3.0,232.0,836.0,761.0,1386.0,212.0,0.0,172.0,139.0,413.0,349.0,217.0,305.0,4.0,1598.0,188.0,127.0,57.64,42.36,2.89,96.37,10.28,86.05,3.21,0.0,0.1,100.0,1.43,9.05,28.93,39.31,12.42,6.0,0.0,86.02,3.28,1777.0,1306.0,89.0,2971.0,317.0,2653.0,99.0,0.0,3.0,3083.0,44.0,279.0,892.0,1212.0,383.0,185.0,0.0,2652.0,101.0,32.62,7.79,4.03,0.0,25.7,0.0,3.39,26.15,0.0,0.0,0.26,0.0,0.0,0.0,98.65,1.35,0.0,16.74,10.38,2.07,46.91,9.29,0.71,43.12,0.0,100.0,31.87,38.98,0.0,0.0,867.0,207.0,107.0,0.0,683.0,0.0,90.0,695.0,0.0,0.0,7.0,0.0,0.0,0.0,2622.0,36.0,0.0,445.0,276.0,55.0,1247.0,247.0,19.0,1146.0,0.0,2658.0,847.0,1036.0,0.0,0.0,59.32,40.68,2.98,16.06,10.75,2.76,46.86,9.41,0.69,43.04,0.0,100.0,31.09,38.47,0.84,0.07,1.6,9.15,30.08,39.34,10.9,5.96,0.0,1633.0,1120.0,82.0,442.0,296.0,76.0,1290.0,259.0,19.0,1185.0,0.0,2753.0,856.0,1059.0,23.0,2.0,44.0,252.0,828.0,1083.0,300.0,164.0,0.0,31.82,7.5,3.95,0.07,26.31,0.0,3.33,26.6,0.0,0.0,0.36,0.0,0.0,0.0,46.86,9.5,0.69,42.95,0.0,100.0,19.32,14.24,46.03,20.41,878.0,207.0,109.0,2.0,726.0,0.0,92.0,734.0,0.0,0.0,10.0,0.0,0.0,0.0,1293.0,262.0,19.0,1185.0,0.0,2759.0,533.0,393.0,1270.0,563.0
3534302,50.53,49.47,1.51,87.91,12.09,0.0,55.96,4.4,0.25,39.39,0.0,100.0,5.97,15.26,36.64,29.4,6.94,3.33,0.94,5265.0,5154.0,157.0,9159.0,1260.0,0.0,5830.0,458.0,26.0,4104.0,0.0,10419.0,622.0,1590.0,3818.0,3063.0,723.0,347.0,98.0,4584.0,2303.0,243.0,249.0,1125.0,5265.0,5154.0,9159.0,1260.0,0.0,1053.0,2118.0,2396.0,1706.0,1330.0,1601.0,214.0,10419.0,1070.0,844.0,57.03,42.97,3.1,90.47,14.05,76.42,7.23,0.0,1.01,100.0,1.37,5.47,26.3,43.52,13.85,6.39,0.0,80.67,2.84,10797.0,8134.0,587.0,17127.0,2659.0,14467.0,1368.0,0.0,192.0,18931.0,260.0,1035.0,4979.0,8238.0,2621.0,1210.0,0.0,15272.0,537.0,13.67,3.81,26.05,1.26,43.52,0.06,1.39,7.86,0.0,0.0,0.21,0.2,0.0,0.37,92.41,7.59,0.0,18.89,8.73,1.79,56.46,7.46,0.3,35.78,0.0,100.0,46.67,23.32,0.05,0.05,2088.0,582.0,3978.0,192.0,6646.0,9.0,213.0,1200.0,0.0,0.0,32.0,31.0,0.0,56.0,14113.0,1159.0,0.0,2885.0,1334.0,274.0,8622.0,1139.0,46.0,5465.0,0.0,15272.0,7128.0,3562.0,7.0,8.0,58.22,41.78,3.16,18.53,8.82,2.15,56.37,7.41,0.29,35.92,0.0,100.0,45.7,22.95,0.4,0.63,1.25,5.36,26.83,43.46,13.45,6.49,0.0,9219.0,6616.0,500.0,2935.0,1397.0,341.0,8926.0,1174.0,46.0,5689.0,0.0,15836.0,7237.0,3635.0,64.0,99.0,198.0,849.0,4249.0,6882.0,2130.0,1027.0,0.0,13.41,3.75,25.35,1.21,43.24,0.06,1.51,8.46,0.0,0.0,0.36,0.2,0.0,0.5,56.37,7.41,0.29,35.92,0.0,100.0,19.6,16.63,42.38,21.39,2124.0,594.0,4014.0,192.0,6848.0,9.0,239.0,1340.0,0.0,0.0,57.0,31.0,0.0,79.0,8926.0,1174.0,46.0,5689.0,0.0,15836.0,3104.0,2633.0,6712.0,3387.0
3534401,48.57,51.43,3.98,86.78,12.92,0.11,52.68,7.98,0.79,38.38,0.08,100.0,6.59,15.88,29.28,24.44,9.56,6.69,3.58,102204.0,108211.0,8367.0,182601.0,27194.0,241.0,110843.0,16792.0,1660.0,80763.0,175.0,210414.0,13856.0,33407.0,61607.0,51431.0,20126.0,14084.0,7536.0,89930.0,40559.0,7922.0,2084.0,31328.0,102258.0,108238.0,182683.0,27194.0,241.0,21899.0,42808.0,47240.0,35633.0,24527.0,33132.0,5255.0,210496.0,20648.0,18025.0,53.38,46.62,7.66,63.14,14.69,48.45,30.63,0.01,0.87,100.0,1.47,7.36,23.45,34.89,14.41,10.7,0.05,76.27,2.76,186605.0,162962.0,26763.0,220705.0,51343.0,169363.0,107063.0,46.0,3030.0,349567.0,5149.0,25721.0,81988.0,121974.0,50376.0,37410.0,186.0,266627.0,9644.0,11.21,0.95,4.67,0.21,33.98,0.39,0.51,37.91,0.11,6.06,0.3,0.03,0.02,0.46,61.73,38.27,0.0,3.18,35.58,21.75,49.94,11.21,0.72,38.05,0.09,100.0,10.98,25.1,2.21,0.03,29891.0,2531.0,12459.0,548.0,90658.0,1038.0,1361.0,101129.0,306.0,16156.0,811.0,72.0,47.0,1223.0,164665.0,102096.0,0.0,8489.0,94924.0,58010.0,133218.0,29892.0,1927.0,101494.0,230.0,266761.0,29283.0,66956.0,5905.0,82.0,54.96,45.04,7.42,3.1,35.37,21.95,49.82,11.24,0.74,38.11,0.08,100.0,10.77,24.88,2.33,0.11,1.25,7.61,24.24,35.17,14.02,10.27,0.01,151940.0,124532.0,20519.0,8557.0,97792.0,60676.0,137744.0,31089.0,2050.0,105359.0,230.0,276472.0,29775.0,68776.0,6439.0,306.0,3464.0,21040.0,67029.0,97234.0,38756.0,28407.0,23.0,11.1,0.95,4.67,0.22,33.78,0.4,0.51,37.62,0.13,5.99,0.33,0.03,0.02,0.53,49.82,11.25,0.74,38.11,0.08,100.0,12.76,13.58,44.05,29.6,30693.0,2622.0,12913.0,595.0,93443.0,1112.0,1407.0,104069.0,353.0,16562.0,919.0,72.0,47.0,1478.0,137794.0,31112.0,2050.0,105419.0,230.0,276605.0,35297.0,37574.0,121852.0,81883.0
3534500,51.09,48.91,0.55,87.04,12.77,0.0,70.07,2.19,0.55,27.01,0.0,100.0,2.37,24.09,43.25,21.17,7.48,1.09,0.0,280.0,268.0,3.0,477.0,70.0,0.0,384.0,12.0,3.0,148.0,0.0,548.0,13.0,132.0,237.0,116.0,41.0,6.0,0.0,265.0,74.0,0.0,3.0,71.0,280.0,268.0,477.0,70.0,0.0,61.0,27.0,124.0,139.0,72.0,126.0,0.0,548.0,70.0,64.0,55.5,44.6,0.82,81.38,11.81,69.57,14.9,0.0,0.36,100.0,0.18,8.72,36.78,39.06,10.17,4.27,0.0,84.01,0.54,611.0,491.0,9.0,896.0,130.0,766.0,164.0,0.0,4.0,1101.0,2.0,96.0,405.0,430.0,112.0,47.0,0.0,925.0,6.0,34.16,4.76,5.51,0.0,45.08,0.0,0.43,6.16,0.0,0.0,2.27,0.0,0.0,1.62,82.81,17.08,0.0,24.43,15.89,1.62,59.57,6.38,2.7,31.35,0.0,100.0,37.19,20.86,0.0,0.0,316.0,44.0,51.0,0.0,417.0,0.0,4.0,57.0,0.0,0.0,21.0,0.0,0.0,15.0,766.0,158.0,0.0,226.0,147.0,15.0,551.0,59.0,25.0,290.0,0.0,925.0,344.0,193.0,0.0,0.0,55.64,44.36,0.32,24.27,16.43,1.61,59.94,6.34,2.69,31.15,0.0,100.0,36.95,20.73,0.0,0.0,0.21,9.13,39.74,36.95,9.99,3.54,0.0,518.0,413.0,3.0,226.0,153.0,15.0,558.0,59.0,25.0,290.0,0.0,931.0,344.0,193.0,0.0,0.0,2.0,85.0,370.0,344.0,93.0,33.0,0.0,33.94,4.73,5.48,0.0,45.11,0.0,0.43,6.44,0.0,0.0,2.26,0.0,0.0,1.61,59.94,6.34,2.69,31.15,0.0,100.0,20.09,14.82,41.68,23.42,316.0,44.0,51.0,0.0,420.0,0.0,4.0,60.0,0.0,0.0,21.0,0.0,0.0,15.0,558.0,59.0,25.0,290.0,0.0,931.0,187.0,138.0,388.0,218.0
3534609,44.45,55.56,1.64,89.82,10.18,0.0,60.88,1.57,1.37,36.18,0.0,100.0,7.5,20.75,34.23,22.21,8.1,2.29,3.29,2852.0,3565.0,105.0,5763.0,653.0,0.0,3906.0,101.0,88.0,2321.0,0.0,6416.0,481.0,1331.0,2196.0,1425.0,520.0,147.0,211.0,3244.0,1067.0,116.0,48.0,838.0,2852.0,3565.0,5763.0,653.0,0.0,554.0,724.0,1651.0,1519.0,873.0,992.0,102.0,6416.0,516.0,586.0,58.03,41.97,5.25,90.52,17.29,73.23,7.3,0.0,1.72,100.0,0.98,7.06,30.87,35.67,13.36,6.81,0.0,78.56,1.97,8394.0,6070.0,759.0,13093.0,2501.0,10592.0,1056.0,0.0,249.0,14464.0,142.0,1021.0,4465.0,5160.0,1933.0,985.0,0.0,11363.0,285.0,21.13,6.78,22.84,0.8,41.81,0.0,0.48,5.24,0.0,0.0,0.35,0.0,0.0,0.08,92.25,7.75,0.0,14.46,8.08,1.63,59.42,3.56,1.39,35.24,0.38,100.0,45.97,29.49,0.0,0.0,2401.0,770.0,2595.0,91.0,4751.0,0.0,54.0,595.0,0.0,0.0,40.0,0.0,0.0,9.0,10482.0,881.0,0.0,1643.0,918.0,185.0,6752.0,405.0,158.0,4004.0,43.0,11363.0,5224.0,3351.0,0.0,0.0,58.19,41.81,4.4,14.2,8.26,1.67,59.34,3.75,1.36,35.17,0.37,100.0,45.11,29.41,0.09,0.69,1.12,7.11,30.63,34.95,14.79,7.0,0.0,6778.0,4870.0,512.0,1654.0,962.0,195.0,6912.0,437.0,158.0,4097.0,43.0,11648.0,5254.0,3426.0,11.0,80.0,131.0,828.0,3568.0,4071.0,1723.0,815.0,0.0,20.89,6.7,22.36,0.78,41.7,0.0,0.46,5.43,0.0,0.0,0.43,0.0,0.1,0.39,59.34,3.75,1.36,35.17,0.37,100.0,16.89,15.49,43.51,24.12,2433.0,780.0,2605.0,91.0,4857.0,0.0,54.0,633.0,0.0,0.0,50.0,0.0,12.0,46.0,6912.0,437.0,158.0,4097.0,43.0,11648.0,1967.0,1804.0,5068.0,2809.0
3534708,48.85,51.16,2.67,95.45,4.47,0.04,69.68,3.79,0.68,25.65,0.17,100.0,5.91,16.92,31.33,28.0,7.86,4.58,2.73,12713.0,13315.0,696.0,24844.0,1163.0,10.0,18135.0,986.0,177.0,6675.0,44.0,26027.0,1538.0,4403.0,8154.0,7287.0,2046.0,1193.0,710.0,12569.0,3961.0,780.0,347.0,3828.0,12713.0,13315.0,24844.0,1163.0,10.0,2914.0,3574.0,6361.0,5509.0,3289.0,3941.0,438.0,26027.0,2194.0,2348.0,55.22,44.78,5.61,91.48,16.16,75.32,5.65,0.0,1.0,100.0,1.24,7.36,25.74,38.8,13.41,7.83,0.02,77.68,3.24,27479.0,22285.0,2792.0,45524.0,8043.0,37481.0,2810.0,0.0,496.0,49763.0,615.0,3663.0,12809.0,19307.0,6671.0,3895.0,11.0,38658.0,1614.0,13.07,6.37,22.28,1.51,42.94,0.1,0.81,10.09,0.0,0.0,0.34,0.14,0.08,0.39,94.44,5.56,0.0,11.96,11.94,3.95,66.39,6.1,1.0,26.39,0.11,100.0,39.06,32.36,0.08,0.03,5054.0,2465.0,8619.0,585.0,16609.0,37.0,314.0,3901.0,0.0,0.0,132.0,53.0,30.0,152.0,36530.0,2149.0,0.0,4626.0,4617.0,1528.0,25681.0,2360.0,386.0,10209.0,44.0,38680.0,15107.0,12515.0,32.0,11.0,57.05,42.95,5.43,11.61,12.31,4.14,66.16,6.13,1.04,26.56,0.11,100.0,37.97,32.24,0.35,0.54,1.02,7.14,26.16,39.73,13.09,7.41,0.03,22985.0,17305.0,2187.0,4677.0,4959.0,1669.0,26657.0,2469.0,421.0,10700.0,44.0,40290.0,15299.0,12991.0,139.0,219.0,411.0,2878.0,10540.0,16007.0,5272.0,2985.0,11.0,13.02,6.31,21.8,1.48,42.61,0.09,0.91,10.37,0.0,0.0,0.52,0.13,0.07,0.57,66.18,6.12,1.04,26.54,0.11,100.0,16.45,16.63,42.44,24.48,5248.0,2542.0,8790.0,596.0,17175.0,37.0,368.0,4179.0,0.0,0.0,211.0,53.0,30.0,228.0,26678.0,2469.0,421.0,10700.0,44.0,40312.0,6631.0,6703.0,17107.0,9870.0
3534757,49.86,50.18,2.06,79.73,20.27,0.0,59.02,4.4,0.83,35.78,0.0,100.0,7.06,18.8,33.0,30.66,4.64,3.45,0.4,1257.0,1265.0,52.0,2010.0,511.0,0.0,1488.0,111.0,21.0,902.0,0.0,2521.0,178.0,474.0,832.0,773.0,117.0,87.0,10.0,1284.0,424.0,77.0,16.0,273.0,1257.0,1265.0,2010.0,511.0,0.0,223.0,301.0,677.0,518.0,369.0,385.0,48.0,2521.0,200.0,247.0,58.14,41.88,2.95,87.87,16.19,71.68,10.66,0.0,0.33,100.0,1.07,7.57,27.99,42.17,12.74,5.53,0.0,80.16,2.21,2819.0,2031.0,143.0,4261.0,785.0,3476.0,517.0,0.0,16.0,4849.0,52.0,367.0,1357.0,2045.0,618.0,268.0,0.0,3887.0,107.0,14.54,19.06,12.89,1.16,33.88,0.0,3.14,14.41,0.0,0.0,0.33,0.0,0.0,0.13,88.83,11.14,0.0,23.95,14.05,2.47,57.04,7.67,1.29,34.01,0.0,100.0,38.0,21.28,0.0,0.0,565.0,741.0,501.0,45.0,1317.0,0.0,122.0,560.0,0.0,0.0,13.0,0.0,0.0,5.0,3453.0,433.0,0.0,931.0,546.0,96.0,2217.0,298.0,50.0,1322.0,0.0,3887.0,1477.0,827.0,0.0,0.0,58.93,41.07,2.58,23.49,14.27,3.28,57.4,7.46,1.25,33.91,0.0,100.0,37.24,21.19,0.05,0.25,1.08,7.94,29.65,41.87,11.02,5.89,0.0,2353.0,1640.0,103.0,938.0,570.0,131.0,2292.0,298.0,50.0,1354.0,0.0,3993.0,1487.0,846.0,2.0,10.0,43.0,317.0,1184.0,1672.0,440.0,235.0,0.0,14.25,18.56,12.8,1.13,34.51,0.0,3.06,14.48,0.0,0.0,0.58,0.0,0.0,0.13,57.4,7.46,1.25,33.91,0.0,100.0,15.98,12.82,41.62,29.58,569.0,741.0,511.0,45.0,1378.0,0.0,122.0,578.0,0.0,0.0,23.0,0.0,0.0,5.0,2292.0,298.0,50.0,1354.0,0.0,3993.0,638.0,512.0,1662.0,1181.0
3534807,48.29,51.71,0.0,90.14,9.86,0.0,49.84,4.66,0.27,44.96,0.32,100.0,14.68,30.17,31.08,17.63,4.34,1.07,1.02,901.0,965.0,0.0,1682.0,184.0,0.0,930.0,87.0,5.0,839.0,6.0,1866.0,274.0,563.0,580.0,329.0,81.0,20.0,19.0,992.0,276.0,13.0,5.0,159.0,901.0,965.0,1682.0,184.0,0.0,118.0,106.0,508.0,422.0,305.0,400.0,7.0,1866.0,218.0,203.0,57.65,42.35,0.3,67.84,8.09,59.78,29.37,0.0,2.65,100.0,4.24,13.77,32.7,33.36,11.33,4.15,0.15,83.26,5.89,1918.0,1409.0,10.0,2257.0,269.0,1989.0,977.0,0.0,88.0,3327.0,141.0,458.0,1088.0,1110.0,377.0,138.0,5.0,2770.0,196.0,22.42,16.68,10.61,1.12,33.9,0.0,0.9,12.64,0.0,0.0,0.0,0.69,0.0,0.76,69.93,30.07,0.0,21.95,10.65,7.44,45.81,7.04,0.0,47.11,0.0,100.0,33.61,25.63,0.76,0.0,621.0,462.0,294.0,31.0,939.0,0.0,25.0,350.0,0.0,0.0,0.0,19.0,0.0,21.0,1937.0,833.0,0.0,608.0,295.0,206.0,1269.0,195.0,0.0,1305.0,0.0,2770.0,931.0,710.0,21.0,0.0,56.95,43.05,0.34,21.17,10.79,8.16,46.22,6.74,0.0,47.03,0.0,100.0,31.83,24.68,1.82,1.58,4.75,13.96,32.37,33.01,11.09,4.32,0.17,1689.0,1277.0,10.0,628.0,320.0,242.0,1371.0,200.0,0.0,1395.0,0.0,2966.0,944.0,732.0,54.0,47.0,141.0,414.0,960.0,979.0,329.0,128.0,5.0,21.44,15.71,10.38,1.05,34.79,0.0,0.84,13.42,0.0,0.0,0.4,0.64,0.0,1.01,46.22,6.74,0.0,47.03,0.0,100.0,19.32,16.42,45.21,19.05,636.0,466.0,308.0,31.0,1032.0,0.0,25.0,398.0,0.0,0.0,12.0,19.0,0.0,30.0,1371.0,200.0,0.0,1395.0,0.0,2966.0,573.0,487.0,1341.0,565.0
3534906,49.95,50.05,0.45,86.02,13.98,0.0,54.84,2.37,1.36,41.37,0.0,100.0,7.16,18.57,36.28,23.76,7.87,4.34,1.56,990.0,992.0,9.0,1705.0,277.0,0.0,1087.0,47.0,27.0,820.0,0.0,1982.0,142.0,368.0,719.0,471.0,156.0,86.0,31.0,954.0,301.0,30.0,26.0,249.0,990.0,992.0,1705.0,277.0,0.0,158.0,208.0,563.0,391.0,288.0,350.0,23.0,1982.0,203.0,220.0,56.61,43.36,2.21,85.67,12.09,73.58,12.21,0.0,1.69,100.0,1.91,8.07,29.93,36.07,13.55,8.14,0.12,83.67,2.09,2406.0,1843.0,94.0,3641.0,514.0,3127.0,519.0,0.0,72.0,4250.0,81.0,343.0,1272.0,1533.0,576.0,346.0,5.0,3556.0,89.0,25.25,2.78,13.09,0.76,48.95,0.0,1.04,6.82,0.0,0.0,0.51,0.0,0.11,0.25,86.89,13.14,0.0,23.87,6.71,4.04,50.21,3.45,1.43,44.76,0.17,100.0,42.09,22.44,0.7,0.0,899.0,99.0,466.0,27.0,1743.0,0.0,37.0,243.0,0.0,0.0,18.0,0.0,4.0,9.0,3094.0,468.0,0.0,850.0,239.0,144.0,1788.0,123.0,51.0,1594.0,6.0,3561.0,1499.0,799.0,25.0,0.0,55.32,44.65,1.59,23.48,6.69,4.09,50.19,3.37,1.54,44.73,0.16,100.0,41.39,22.3,1.45,0.41,2.14,8.72,30.61,35.41,12.64,8.75,0.14,2017.0,1628.0,58.0,856.0,244.0,149.0,1830.0,123.0,56.0,1631.0,6.0,3646.0,1509.0,813.0,53.0,15.0,78.0,318.0,1116.0,1291.0,461.0,319.0,5.0,24.93,2.71,12.77,0.74,49.18,0.0,1.01,6.82,0.0,0.0,1.04,0.0,0.11,0.25,50.27,3.37,1.53,44.68,0.16,100.0,18.71,14.49,44.6,22.19,910.0,99.0,466.0,27.0,1795.0,0.0,37.0,249.0,0.0,0.0,38.0,0.0,4.0,9.0,1835.0,123.0,56.0,1631.0,6.0,3650.0,683.0,529.0,1628.0,810.0
3535002,50.6,49.4,0.67,83.91,16.09,0.0,54.22,5.07,0.0,40.67,0.0,100.0,4.12,20.67,43.91,24.53,3.41,2.74,0.0,1217.0,1188.0,16.0,2018.0,387.0,0.0,1304.0,122.0,0.0,978.0,0.0,2405.0,99.0,497.0,1056.0,590.0,82.0,66.0,0.0,1206.0,349.0,25.0,0.0,275.0,1217.0,1188.0,2018.0,387.0,0.0,144.0,227.0,713.0,537.0,321.0,462.0,0.0,2405.0,236.0,315.0,60.22,39.78,1.65,90.11,19.21,70.92,7.01,0.0,1.17,100.0,0.85,7.31,31.82,42.74,9.71,5.93,0.0,76.1,1.82,3404.0,2249.0,93.0,5094.0,1086.0,4009.0,396.0,0.0,66.0,5653.0,48.0,413.0,1799.0,2416.0,549.0,335.0,0.0,4302.0,103.0,19.87,17.64,7.11,0.0,28.15,0.0,0.74,25.22,0.0,0.0,0.23,0.0,0.0,0.79,92.54,7.46,0.0,17.22,23.31,4.04,57.81,9.04,0.21,32.94,0.0,100.0,30.99,24.34,0.09,0.0,855.0,759.0,306.0,0.0,1211.0,0.0,32.0,1085.0,0.0,0.0,10.0,0.0,0.0,34.0,3981.0,321.0,0.0,741.0,1003.0,174.0,2487.0,389.0,9.0,1417.0,0.0,4302.0,1333.0,1047.0,4.0,0.0,61.09,38.91,1.66,16.82,23.41,4.4,57.41,8.92,0.2,33.44,0.0,100.0,30.51,24.52,0.18,0.16,0.86,6.74,33.03,41.59,10.78,5.31,0.0,2691.0,1714.0,73.0,741.0,1031.0,194.0,2529.0,393.0,9.0,1473.0,0.0,4405.0,1344.0,1080.0,8.0,7.0,38.0,297.0,1455.0,1832.0,475.0,234.0,0.0,19.77,17.23,7.01,0.0,28.44,0.0,0.73,25.31,0.0,0.0,0.23,0.0,0.0,0.93,57.41,8.92,0.2,33.44,0.0,100.0,27.11,14.69,40.68,17.53,871.0,759.0,309.0,0.0,1253.0,0.0,32.0,1115.0,0.0,0.0,10.0,0.0,0.0,41.0,2529.0,393.0,9.0,1473.0,0.0,4405.0,1194.0,647.0,1792.0,772.0
3535101,49.01,51.03,1.56,90.97,9.03,0.0,50.35,4.67,0.0,44.97,0.0,100.0,6.23,15.69,40.51,26.38,4.07,3.4,2.2,1384.0,1441.0,44.0,2569.0,255.0,0.0,1422.0,132.0,0.0,1270.0,0.0,2824.0,176.0,443.0,1144.0,745.0,115.0,96.0,62.0,1314.0,517.0,32.0,287.0,256.0,1387.0,1445.0,2573.0,259.0,0.0,257.0,532.0,572.0,543.0,383.0,380.0,165.0,2832.0,165.0,261.0,57.1,42.92,1.46,57.59,13.82,43.77,40.4,0.0,1.31,100.0,1.54,7.97,36.46,40.85,6.74,4.89,0.08,81.91,2.24,2780.0,2090.0,71.0,2804.0,673.0,2131.0,1967.0,0.0,64.0,4869.0,75.0,388.0,1775.0,1989.0,328.0,238.0,4.0,3988.0,109.0,23.83,0.97,6.24,0.12,21.45,0.0,2.12,44.18,0.0,0.0,0.0,0.1,0.0,0.12,52.67,47.33,0.0,9.02,28.12,5.17,47.93,8.27,0.0,43.81,0.0,100.0,21.75,35.41,0.25,0.0,954.0,39.0,250.0,5.0,859.0,0.0,85.0,1769.0,0.0,0.0,0.0,4.0,0.0,5.0,2109.0,1895.0,0.0,361.0,1126.0,207.0,1919.0,331.0,0.0,1754.0,0.0,4004.0,871.0,1418.0,10.0,0.0,57.87,42.15,1.32,8.98,28.0,5.44,47.82,8.23,0.0,43.79,0.2,100.0,21.16,34.98,0.71,0.22,1.34,7.2,38.05,40.05,6.44,5.47,0.1,2371.0,1727.0,54.0,368.0,1147.0,223.0,1959.0,337.0,0.0,1794.0,8.0,4097.0,867.0,1433.0,29.0,9.0,55.0,295.0,1559.0,1641.0,264.0,224.0,4.0,23.36,0.95,6.08,0.12,22.27,0.0,2.16,43.67,0.0,0.0,0.1,0.1,0.0,0.12,47.82,8.27,0.0,43.72,0.19,100.0,29.25,16.17,41.16,13.42,961.0,39.0,250.0,5.0,916.0,0.0,89.0,1796.0,0.0,0.0,4.0,4.0,0.0,5.0,1967.0,340.0,0.0,1798.0,8.0,4113.0,1203.0,665.0,1693.0,552.0
3535200,51.68,48.32,0.0,81.82,17.51,0.73,66.2,3.48,1.95,28.37,0.0,100.0,4.94,19.71,39.29,24.89,7.2,1.4,2.62,847.0,792.0,0.0,1341.0,287.0,12.0,1085.0,57.0,32.0,465.0,0.0,1639.0,81.0,323.0,644.0,408.0,118.0,23.0,43.0,819.0,297.0,22.0,4.0,210.0,847.0,792.0,1341.0,287.0,12.0,208.0,85.0,396.0,404.0,295.0,243.0,9.0,1639.0,100.0,186.0,58.01,41.96,1.66,89.0,19.39,69.63,9.62,0.0,0.99,100.0,0.84,6.79,34.72,38.59,11.96,5.41,0.0,76.76,2.5,2411.0,1744.0,69.0,3699.0,806.0,2894.0,400.0,0.0,41.0,4156.0,35.0,282.0,1443.0,1604.0,497.0,225.0,0.0,3190.0,104.0,25.27,6.14,19.4,0.66,32.26,0.0,4.7,9.09,0.0,0.0,1.25,0.0,0.0,0.56,89.94,10.06,0.0,25.64,9.4,3.13,66.27,5.55,1.1,26.99,0.09,100.0,35.52,25.42,0.56,0.0,806.0,196.0,619.0,21.0,1029.0,0.0,150.0,290.0,0.0,0.0,40.0,0.0,0.0,18.0,2869.0,321.0,0.0,818.0,300.0,100.0,2114.0,177.0,35.0,861.0,3.0,3190.0,1133.0,811.0,18.0,0.0,56.95,43.05,1.64,24.95,9.9,3.67,66.18,5.74,1.21,26.78,0.09,100.0,34.55,24.95,0.7,0.97,0.79,8.01,33.3,39.98,12.23,4.01,0.0,1876.0,1418.0,54.0,822.0,326.0,121.0,2180.0,189.0,40.0,882.0,3.0,3294.0,1138.0,822.0,23.0,32.0,26.0,264.0,1097.0,1317.0,403.0,132.0,0.0,24.47,6.13,18.79,0.64,32.3,0.0,4.55,9.32,0.0,0.0,1.61,0.0,0.0,1.52,66.18,5.74,1.21,26.78,0.09,100.0,23.19,12.96,38.89,24.95,806.0,202.0,619.0,21.0,1064.0,0.0,150.0,307.0,0.0,0.0,53.0,0.0,0.0,50.0,2180.0,189.0,40.0,882.0,3.0,3294.0,764.0,427.0,1281.0,822.0
3535309,48.75,51.25,0.27,88.71,11.29,0.0,73.64,3.72,0.32,22.35,0.0,100.0,4.48,17.05,36.47,24.71,5.79,3.96,7.25,2164.0,2275.0,12.0,3938.0,501.0,0.0,3269.0,165.0,14.0,992.0,0.0,4439.0,199.0,757.0,1619.0,1097.0,257.0,176.0,322.0,2141.0,803.0,50.0,9.0,570.0,2164.0,2275.0,3938.0,501.0,0.0,556.0,419.0,1048.0,936.0,604.0,789.0,87.0,4439.0,493.0,375.0,58.6,41.4,4.82,91.19,14.55,76.64,6.7,0.0,1.39,100.0,0.9,8.01,30.84,36.42,11.88,7.12,0.0,81.57,1.78,4877.0,3446.0,401.0,7590.0,1211.0,6379.0,558.0,0.0,116.0,8323.0,75.0,667.0,2567.0,3031.0,989.0,593.0,0.0,6789.0,148.0,11.68,25.42,11.84,0.4,36.75,0.09,1.65,8.85,0.0,0.0,0.77,0.12,0.15,0.27,92.72,7.28,0.0,14.85,9.66,0.74,72.23,4.08,0.31,23.38,0.0,100.0,40.37,32.38,0.0,0.0,793.0,1726.0,804.0,27.0,2495.0,6.0,112.0,601.0,0.0,0.0,52.0,8.0,10.0,18.0,6295.0,494.0,0.0,1008.0,656.0,50.0,4904.0,277.0,21.0,1587.0,0.0,6789.0,2741.0,2198.0,0.0,0.0,58.21,41.79,3.81,14.72,9.56,0.99,72.26,3.99,0.3,23.44,0.0,100.0,40.22,31.81,0.5,0.22,0.91,7.91,31.38,38.99,10.57,6.43,0.0,4038.0,2899.0,264.0,1021.0,663.0,69.0,5013.0,277.0,21.0,1626.0,0.0,6937.0,2790.0,2207.0,35.0,15.0,63.0,549.0,2177.0,2705.0,733.0,446.0,0.0,11.85,24.88,12.24,0.39,36.79,0.09,1.61,8.79,0.0,0.0,0.75,0.12,0.14,0.37,72.26,3.99,0.3,23.44,0.0,100.0,19.88,12.74,44.7,22.66,822.0,1726.0,849.0,27.0,2552.0,6.0,112.0,610.0,0.0,0.0,52.0,8.0,10.0,26.0,5013.0,277.0,21.0,1626.0,0.0,6937.0,1379.0,884.0,3101.0,1572.0
3535408,50.03,49.97,0.17,93.46,5.75,0.79,52.72,2.72,0.45,44.11,0.0,100.0,9.54,27.24,35.21,21.86,2.95,2.41,0.65,1783.0,1781.0,6.0,3331.0,205.0,28.0,1879.0,97.0,16.0,1572.0,0.0,3564.0,340.0,971.0,1255.0,779.0,105.0,86.0,23.0,2016.0,502.0,8.0,32.0,245.0,1783.0,1781.0,3331.0,205.0,28.0,236.0,221.0,1122.0,798.0,528.0,652.0,7.0,3564.0,272.0,488.0,59.56,40.45,1.28,89.87,11.41,78.48,6.66,0.0,0.56,100.0,1.88,10.81,31.38,39.88,9.74,5.03,0.0,83.9,1.22,3952.0,2684.0,85.0,5963.0,757.0,5207.0,442.0,0.0,37.0,6635.0,125.0,717.0,2082.0,2646.0,646.0,334.0,0.0,5567.0,81.0,18.86,15.43,25.95,0.43,32.05,0.0,0.47,4.14,0.0,0.0,1.0,0.0,0.0,1.06,93.21,6.79,0.0,22.5,5.43,1.95,51.08,5.11,0.7,43.11,0.0,100.0,47.39,22.41,0.14,0.0,1052.0,861.0,1448.0,24.0,1788.0,0.0,26.0,231.0,0.0,0.0,56.0,0.0,0.0,59.0,5200.0,379.0,0.0,1255.0,303.0,109.0,2850.0,285.0,39.0,2405.0,0.0,5579.0,2644.0,1250.0,8.0,0.0,59.92,40.1,1.04,22.36,5.59,2.44,51.06,5.12,0.69,43.13,0.0,100.0,46.85,22.26,0.23,0.09,1.75,9.81,31.78,40.33,9.88,5.4,0.0,3384.0,2265.0,59.0,1263.0,316.0,138.0,2884.0,289.0,39.0,2436.0,0.0,5648.0,2646.0,1257.0,13.0,5.0,99.0,554.0,1795.0,2278.0,558.0,305.0,0.0,18.66,15.21,25.58,0.42,32.51,0.0,0.46,4.4,0.0,0.0,1.11,0.0,0.0,1.04,51.17,5.11,0.69,43.04,0.0,100.0,25.05,17.4,45.88,11.68,1056.0,861.0,1448.0,24.0,1840.0,0.0,26.0,249.0,0.0,0.0,63.0,0.0,0.0,59.0,2896.0,289.0,39.0,2436.0,0.0,5660.0,1418.0,985.0,2597.0,661.0
3535507,51.06,48.94,0.83,91.28,8.56,0.18,59.45,4.17,0.39,35.78,0.22,100.0,8.14,20.31,34.97,24.61,4.83,3.14,3.18,5221.0,5004.0,85.0,9333.0,875.0,18.0,6079.0,426.0,40.0,3659.0,22.0,10225.0,832.0,2077.0,3576.0,2516.0,494.0,321.0,325.0,4716.0,1814.0,184.0,36.0,1181.0,5221.0,5004.0,9333.0,875.0,18.0,897.0,1278.0,2530.0,2031.0,1391.0,1975.0,123.0,10225.0,1145.0,1149.0,57.15,42.85,3.26,91.74,15.63,76.11,6.69,0.0,0.67,100.0,1.68,9.0,30.58,39.46,10.62,5.4,0.0,78.5,4.31,10270.0,7700.0,586.0,16485.0,2808.0,13677.0,1203.0,0.0,120.0,17970.0,302.0,1618.0,5496.0,7091.0,1908.0,970.0,0.0,14106.0,774.0,13.69,15.34,15.52,0.9,31.51,0.0,3.81,16.68,0.0,0.0,0.21,0.06,0.0,0.56,93.11,6.88,0.0,13.79,20.33,4.9,55.1,6.21,0.67,37.96,0.06,100.0,32.64,27.31,0.0,0.0,1932.0,2165.0,2191.0,127.0,4447.0,0.0,538.0,2354.0,0.0,0.0,29.0,9.0,0.0,79.0,13142.0,971.0,0.0,1946.0,2869.0,691.0,7777.0,877.0,94.0,5357.0,9.0,14114.0,4607.0,3854.0,0.0,0.0,58.72,41.28,3.15,13.25,21.06,4.97,55.15,6.17,0.63,37.98,0.06,100.0,31.92,27.32,0.33,0.15,1.49,9.42,30.99,39.87,10.48,4.61,0.0,8737.0,6143.0,468.0,1972.0,3134.0,740.0,8207.0,918.0,94.0,5651.0,9.0,14880.0,4750.0,4065.0,49.0,22.0,221.0,1401.0,4612.0,5932.0,1559.0,686.0,0.0,13.51,15.02,15.5,0.85,31.25,0.0,3.76,17.27,0.0,0.0,0.44,0.06,0.0,0.65,55.18,6.17,0.63,37.96,0.06,100.0,15.88,12.63,49.6,21.88,2011.0,2236.0,2308.0,127.0,4653.0,0.0,560.0,2571.0,0.0,0.0,65.0,9.0,0.0,97.0,8215.0,918.0,94.0,5651.0,9.0,14888.0,2364.0,1881.0,7384.0,3258.0
3535606,48.46,51.51,0.7,86.49,13.51,0.0,67.0,2.23,0.5,30.26,0.0,100.0,9.16,29.23,32.64,19.49,6.0,2.12,0.64,1736.0,1845.0,25.0,3098.0,484.0,0.0,2400.0,80.0,18.0,1084.0,0.0,3582.0,328.0,1047.0,1169.0,698.0,215.0,76.0,23.0,1984.0,598.0,76.0,45.0,343.0,1736.0,1845.0,3098.0,484.0,0.0,241.0,350.0,1007.0,895.0,576.0,488.0,25.0,3582.0,167.0,367.0,61.22,38.78,1.9,82.73,17.74,64.99,13.66,0.0,1.84,100.0,2.05,14.8,31.97,37.18,8.44,3.68,0.0,75.9,2.74,4969.0,3148.0,154.0,6715.0,1440.0,5275.0,1109.0,0.0,149.0,8117.0,166.0,1201.0,2595.0,3018.0,685.0,299.0,0.0,6161.0,222.0,25.62,6.62,15.86,0.32,34.68,0.08,7.36,8.89,0.0,0.0,0.08,0.0,0.18,0.0,84.5,15.5,0.0,11.35,20.45,5.35,66.84,3.84,0.52,28.59,0.21,100.0,28.94,33.71,0.19,0.0,1580.0,408.0,978.0,20.0,2139.0,5.0,454.0,548.0,0.0,0.0,5.0,0.0,11.0,0.0,5211.0,956.0,0.0,700.0,1261.0,330.0,4122.0,237.0,32.0,1763.0,13.0,6167.0,1785.0,2079.0,12.0,0.0,61.2,38.8,2.18,11.14,20.71,6.16,66.35,3.82,0.5,29.1,0.2,100.0,28.16,33.32,0.5,0.0,1.61,14.88,31.83,37.89,7.85,3.76,0.0,3907.0,2477.0,139.0,711.0,1322.0,393.0,4236.0,244.0,32.0,1858.0,13.0,6384.0,1798.0,2127.0,32.0,0.0,103.0,950.0,2032.0,2419.0,501.0,240.0,0.0,25.11,6.39,15.76,0.31,34.94,0.08,7.48,9.33,0.0,0.0,0.08,0.0,0.17,0.06,66.38,3.82,0.5,29.08,0.2,100.0,25.29,18.27,41.04,15.4,1604.0,408.0,1007.0,20.0,2232.0,5.0,478.0,596.0,0.0,0.0,5.0,0.0,11.0,4.0,4241.0,244.0,32.0,1858.0,13.0,6389.0,1616.0,1167.0,2622.0,984.0
3535705,49.89,50.11,0.73,77.5,22.5,0.0,68.74,5.19,0.0,26.08,0.0,100.0,5.26,9.86,39.74,31.12,7.45,5.77,0.0,683.0,686.0,10.0,1061.0,308.0,0.0,941.0,71.0,0.0,357.0,0.0,1369.0,72.0,135.0,544.0,426.0,102.0,79.0,0.0,668.0,250.0,52.0,9.0,153.0,683.0,686.0,1061.0,308.0,0.0,146.0,159.0,345.0,283.0,195.0,217.0,24.0,1369.0,82.0,155.0,59.81,40.15,2.92,78.17,8.63,69.54,21.24,0.0,0.58,100.0,0.83,3.99,27.36,42.18,14.27,8.46,0.0,88.04,2.75,1740.0,1168.0,85.0,2274.0,251.0,2023.0,618.0,0.0,17.0,2909.0,24.0,116.0,796.0,1227.0,415.0,246.0,0.0,2561.0,80.0,27.41,3.71,4.88,0.7,36.63,0.0,5.04,19.8,0.0,0.0,1.25,0.0,0.0,0.35,78.68,21.32,0.0,18.24,17.02,7.26,70.52,7.26,0.12,21.91,0.2,100.0,31.67,24.68,1.02,0.08,702.0,95.0,125.0,18.0,938.0,0.0,129.0,507.0,0.0,0.0,32.0,0.0,0.0,9.0,2015.0,546.0,0.0,467.0,436.0,186.0,1806.0,186.0,3.0,561.0,5.0,2561.0,811.0,632.0,26.0,2.0,60.66,39.34,2.5,17.68,16.77,7.38,69.75,7.35,0.11,22.61,0.19,100.0,30.82,24.2,1.74,1.33,0.83,4.05,26.73,43.13,14.09,8.71,0.0,1602.0,1039.0,66.0,467.0,443.0,195.0,1842.0,194.0,3.0,597.0,5.0,2641.0,814.0,639.0,46.0,35.0,22.0,107.0,706.0,1139.0,372.0,230.0,0.0,26.69,3.6,4.92,0.68,36.99,0.0,5.0,19.46,0.0,0.0,1.74,0.11,0.0,0.45,69.75,7.35,0.11,22.61,0.19,100.0,21.01,13.18,40.7,25.1,705.0,95.0,130.0,18.0,977.0,0.0,132.0,514.0,0.0,0.0,46.0,3.0,0.0,12.0,1842.0,194.0,3.0,597.0,5.0,2641.0,555.0,348.0,1075.0,663.0
3535804,52.12,47.86,1.31,87.06,12.59,0.21,69.42,1.15,0.13,29.28,0.0,100.0,4.97,21.14,41.54,20.46,6.43,1.77,2.38,2715.0,2493.0,68.0,4535.0,656.0,11.0,3616.0,60.0,7.0,1525.0,0.0,5209.0,259.0,1101.0,2164.0,1066.0,335.0,92.0,124.0,2499.0,987.0,39.0,26.0,636.0,2715.0,2493.0,4535.0,656.0,11.0,503.0,713.0,1443.0,918.0,715.0,881.0,34.0,5209.0,377.0,645.0,57.63,42.36,2.96,90.64,16.21,74.43,3.07,0.0,1.14,100.0,1.42,8.42,36.1,35.62,10.0,5.48,0.0,73.88,3.63,5580.0,4101.0,287.0,8776.0,1569.0,7206.0,297.0,0.0,110.0,9682.0,137.0,815.0,3495.0,3449.0,968.0,531.0,0.0,7153.0,351.0,25.93,4.65,6.64,0.78,37.34,0.0,2.28,18.42,0.0,0.0,0.33,0.0,0.0,0.96,97.94,2.06,0.0,14.63,16.67,4.25,62.32,2.7,0.32,34.67,0.0,100.0,27.74,35.83,0.0,0.15,1862.0,334.0,477.0,56.0,2682.0,0.0,164.0,1323.0,0.0,0.0,24.0,0.0,0.0,69.0,7034.0,148.0,0.0,1051.0,1197.0,305.0,4476.0,194.0,23.0,2490.0,0.0,7182.0,1992.0,2573.0,0.0,11.0,58.54,41.46,2.41,14.37,16.88,5.13,62.89,2.85,0.31,33.96,0.0,100.0,27.23,34.54,0.15,0.43,0.85,8.42,35.78,37.78,10.25,4.49,0.0,4393.0,3111.0,181.0,1078.0,1267.0,385.0,4719.0,214.0,23.0,2548.0,0.0,7504.0,2043.0,2592.0,11.0,32.0,64.0,632.0,2685.0,2835.0,769.0,337.0,0.0,25.67,4.61,6.33,0.74,37.44,0.0,2.18,18.12,0.0,0.0,0.76,0.0,0.0,1.05,62.64,2.84,0.31,34.21,0.0,100.0,29.22,15.96,41.29,13.53,1934.0,347.0,477.0,56.0,2820.0,0.0,164.0,1365.0,0.0,0.0,57.0,0.0,0.0,79.0,4719.0,214.0,23.0,2577.0,0.0,7533.0,2201.0,1202.0,3110.0,1019.0
3535903,46.38,53.73,0.56,86.87,13.24,0.0,56.84,4.12,2.11,36.93,0.0,100.0,5.45,21.36,42.05,22.69,5.67,1.89,0.33,417.0,483.0,5.0,781.0,119.0,0.0,511.0,37.0,19.0,332.0,0.0,899.0,49.0,192.0,378.0,204.0,51.0,17.0,3.0,441.0,167.0,9.0,0.0,71.0,417.0,483.0,781.0,119.0,0.0,77.0,32.0,236.0,168.0,188.0,194.0,4.0,899.0,84.0,127.0,63.05,36.9,1.54,82.99,12.33,70.71,11.61,0.0,2.26,100.0,1.49,9.3,33.61,39.05,11.31,3.75,0.0,56.17,26.1,1227.0,718.0,30.0,1615.0,240.0,1376.0,226.0,0.0,44.0,1946.0,29.0,181.0,654.0,760.0,220.0,73.0,0.0,1093.0,508.0,19.3,11.25,9.15,0.0,24.79,0.0,5.58,23.33,0.0,0.0,1.83,0.0,0.0,0.91,84.9,15.1,0.0,18.12,9.06,0.27,61.39,8.05,2.1,28.45,0.0,100.0,31.2,37.69,0.0,0.0,211.0,123.0,100.0,0.0,271.0,0.0,61.0,255.0,0.0,0.0,20.0,0.0,0.0,10.0,928.0,165.0,0.0,198.0,99.0,3.0,671.0,88.0,23.0,311.0,0.0,1093.0,341.0,412.0,0.0,0.0,63.67,36.33,1.44,16.98,9.36,0.31,54.93,8.11,2.37,34.52,0.0,100.0,29.34,38.08,0.0,0.0,1.44,9.3,35.02,39.95,9.49,3.31,0.0,1020.0,582.0,23.0,272.0,150.0,5.0,880.0,130.0,38.0,553.0,0.0,1602.0,470.0,610.0,0.0,0.0,23.0,149.0,561.0,640.0,152.0,53.0,0.0,17.29,11.36,7.93,0.0,24.84,0.0,5.31,25.16,0.0,0.0,1.5,0.0,0.0,0.94,54.93,8.11,2.37,34.52,0.0,100.0,32.52,17.79,35.08,14.61,277.0,182.0,127.0,0.0,398.0,0.0,85.0,403.0,0.0,0.0,24.0,0.0,0.0,15.0,880.0,130.0,38.0,553.0,0.0,1602.0,521.0,285.0,562.0,234.0
3536000,49.92,50.13,1.27,76.9,23.1,0.0,54.38,3.56,2.23,39.83,0.0,100.0,7.06,20.82,45.03,19.12,3.82,2.6,0.27,940.0,944.0,24.0,1448.0,435.0,0.0,1024.0,67.0,42.0,750.0,0.0,1883.0,133.0,392.0,848.0,360.0,72.0,49.0,5.0,1046.0,265.0,31.0,7.0,193.0,940.0,944.0,1448.0,435.0,0.0,152.0,83.0,540.0,488.0,305.0,315.0,0.0,1883.0,117.0,225.0,60.62,39.38,1.66,82.76,13.63,69.1,13.46,0.1,3.51,100.0,2.22,7.11,33.02,40.59,10.5,4.89,0.0,77.37,5.29,3059.0,1987.0,84.0,4176.0,688.0,3487.0,679.0,5.0,177.0,5046.0,112.0,359.0,1666.0,2048.0,530.0,247.0,0.0,3904.0,267.0,23.64,8.91,15.06,0.13,37.86,0.1,0.38,11.12,0.0,0.0,0.54,0.0,0.0,0.82,84.94,15.06,0.0,20.82,13.55,2.82,53.89,4.53,1.72,39.55,0.31,100.0,34.71,26.72,0.36,0.0,923.0,348.0,588.0,5.0,1478.0,4.0,15.0,434.0,0.0,0.0,21.0,0.0,0.0,32.0,3316.0,588.0,0.0,813.0,529.0,110.0,2104.0,177.0,67.0,1544.0,12.0,3904.0,1355.0,1043.0,14.0,0.0,60.61,39.39,1.51,20.19,13.55,3.5,53.15,4.7,1.61,40.28,0.29,100.0,33.76,26.9,0.96,0.19,2.28,6.83,33.42,41.02,10.19,4.77,0.0,2528.0,1643.0,63.0,842.0,565.0,146.0,2217.0,196.0,67.0,1680.0,12.0,4171.0,1408.0,1122.0,40.0,8.0,95.0,285.0,1394.0,1711.0,425.0,199.0,0.0,23.74,8.73,14.94,0.12,36.95,0.1,0.36,11.58,0.0,0.0,0.82,0.0,0.0,1.29,53.15,4.7,1.61,40.28,0.29,100.0,23.16,17.53,41.29,18.03,990.0,364.0,623.0,5.0,1541.0,4.0,15.0,483.0,0.0,0.0,34.0,0.0,0.0,54.0,2217.0,196.0,67.0,1680.0,12.0,4171.0,966.0,731.0,1722.0,752.0
3536109,49.45,50.5,1.52,85.01,14.93,0.0,63.21,5.6,0.41,30.73,0.0,100.0,4.14,18.43,41.98,25.95,5.13,1.52,1.4,848.0,866.0,26.0,1458.0,256.0,0.0,1084.0,96.0,7.0,527.0,0.0,1715.0,71.0,316.0,720.0,445.0,88.0,26.0,24.0,931.0,305.0,10.0,12.0,139.0,848.0,866.0,1458.0,256.0,0.0,163.0,78.0,481.0,408.0,297.0,288.0,0.0,1715.0,140.0,178.0,59.45,40.55,2.84,89.96,19.33,70.63,8.91,0.0,0.3,100.0,0.66,7.27,30.08,38.15,14.96,6.1,0.0,78.12,1.39,2174.0,1483.0,104.0,3290.0,707.0,2583.0,326.0,0.0,11.0,3657.0,24.0,266.0,1100.0,1395.0,547.0,223.0,0.0,2857.0,51.0,25.13,0.49,5.88,0.18,44.7,0.11,3.26,19.43,0.0,0.0,0.42,0.0,0.0,0.0,89.32,10.68,0.0,15.09,17.36,1.82,63.56,8.3,0.39,27.76,0.0,100.0,30.07,35.39,0.28,0.0,718.0,14.0,168.0,5.0,1277.0,3.0,93.0,555.0,0.0,0.0,12.0,0.0,0.0,0.0,2552.0,305.0,0.0,431.0,496.0,52.0,1816.0,237.0,11.0,793.0,0.0,2857.0,859.0,1011.0,8.0,0.0,61.16,38.84,2.27,14.82,17.29,1.89,63.49,8.35,0.38,27.78,0.0,100.0,29.84,35.61,0.45,0.0,0.72,7.18,31.49,39.95,13.54,4.85,0.0,1779.0,1130.0,66.0,431.0,503.0,55.0,1847.0,243.0,11.0,808.0,0.0,2909.0,868.0,1036.0,13.0,0.0,21.0,209.0,916.0,1162.0,394.0,141.0,0.0,24.85,0.48,5.78,0.17,44.31,0.1,3.33,19.59,0.0,0.0,0.65,0.0,0.0,0.1,63.49,8.35,0.38,27.78,0.0,100.0,24.65,22.17,39.91,13.23,723.0,14.0,168.0,5.0,1289.0,3.0,97.0,570.0,0.0,0.0,19.0,0.0,0.0,3.0,1847.0,243.0,11.0,808.0,0.0,2909.0,717.0,645.0,1161.0,385.0
3536208,51.84,48.16,1.27,90.57,9.43,0.0,52.38,2.81,0.46,42.49,1.86,100.0,7.94,24.22,37.12,19.61,4.71,2.76,2.39,2123.0,1972.0,52.0,3709.0,386.0,0.0,2145.0,115.0,19.0,1740.0,76.0,4095.0,325.0,992.0,1520.0,803.0,193.0,113.0,98.0,2301.0,675.0,30.0,17.0,333.0,2123.0,1972.0,3709.0,386.0,0.0,217.0,244.0,1254.0,1037.0,725.0,572.0,46.0,4095.0,169.0,569.0,59.07,40.94,2.89,86.76,16.06,70.7,11.69,0.0,1.12,100.0,2.23,9.93,35.61,34.58,9.45,5.34,0.0,80.09,2.31,5159.0,3576.0,252.0,7578.0,1403.0,6175.0,1021.0,0.0,98.0,8734.0,195.0,867.0,3110.0,3020.0,825.0,466.0,0.0,6995.0,202.0,23.24,16.33,17.78,0.49,31.31,0.07,0.5,9.12,0.0,0.0,0.27,0.0,0.01,0.41,86.79,13.21,0.0,16.76,14.05,0.99,50.76,6.38,0.81,42.06,0.0,100.0,34.37,33.55,0.07,0.0,1628.0,1144.0,1245.0,34.0,2193.0,5.0,35.0,639.0,0.0,0.0,19.0,0.0,1.0,29.0,6079.0,925.0,0.0,1174.0,984.0,69.0,3555.0,447.0,57.0,2946.0,0.0,7004.0,2407.0,2350.0,5.0,0.0,58.33,41.67,2.2,16.53,13.84,1.13,50.51,6.56,0.79,42.13,0.0,100.0,33.92,33.04,0.83,0.31,2.36,9.71,35.0,35.46,9.75,5.5,0.0,4198.0,2999.0,158.0,1190.0,996.0,81.0,3635.0,472.0,57.0,3032.0,0.0,7197.0,2441.0,2378.0,60.0,22.0,170.0,699.0,2519.0,2552.0,702.0,396.0,0.0,22.77,16.07,17.62,0.47,31.54,0.07,0.57,9.27,0.0,0.0,0.37,0.0,0.01,0.46,50.44,6.61,0.79,42.16,0.0,100.0,19.11,14.18,49.35,17.36,1641.0,1158.0,1270.0,34.0,2273.0,5.0,41.0,668.0,0.0,0.0,27.0,0.0,1.0,33.0,3635.0,476.0,57.0,3038.0,0.0,7206.0,1377.0,1022.0,3556.0,1251.0
3536257,44.92,55.08,0.0,76.62,23.38,0.0,58.77,2.92,0.0,38.31,0.0,100.0,6.62,18.31,43.54,27.08,2.77,1.23,0.62,292.0,358.0,0.0,498.0,152.0,0.0,382.0,19.0,0.0,249.0,0.0,650.0,43.0,119.0,283.0,176.0,18.0,8.0,4.0,317.0,113.0,51.0,0.0,28.0,292.0,358.0,498.0,152.0,0.0,55.0,37.0,181.0,142.0,111.0,123.0,0.0,650.0,66.0,76.0,55.73,44.27,0.45,59.67,13.17,46.5,37.95,0.0,2.38,100.0,0.74,7.96,31.7,48.59,7.59,2.9,0.0,80.88,3.57,749.0,595.0,6.0,802.0,177.0,625.0,510.0,0.0,32.0,1344.0,10.0,107.0,426.0,653.0,102.0,39.0,0.0,1087.0,48.0,23.0,12.24,21.34,0.37,24.66,0.0,0.64,17.39,0.0,0.0,0.0,0.0,0.0,0.37,57.31,42.59,0.0,34.68,3.04,1.29,59.61,5.34,0.0,34.96,0.0,100.0,23.0,38.09,0.0,0.0,250.0,133.0,232.0,4.0,268.0,0.0,7.0,189.0,0.0,0.0,0.0,0.0,0.0,4.0,623.0,463.0,0.0,377.0,33.0,14.0,648.0,58.0,0.0,380.0,0.0,1087.0,250.0,414.0,0.0,0.0,54.27,45.64,0.0,33.22,3.79,1.76,59.56,5.11,0.0,35.33,0.0,100.0,22.03,38.68,0.0,0.62,0.88,8.28,33.04,48.02,6.78,3.0,0.0,616.0,518.0,0.0,377.0,43.0,20.0,676.0,58.0,0.0,401.0,0.0,1135.0,250.0,439.0,0.0,7.0,10.0,94.0,375.0,545.0,77.0,34.0,0.0,22.2,11.72,21.32,0.35,25.64,0.0,0.62,17.27,0.0,0.0,0.09,0.0,0.0,0.62,59.56,5.11,0.0,35.33,0.0,100.0,25.9,19.21,38.94,15.95,252.0,133.0,242.0,4.0,291.0,0.0,7.0,196.0,0.0,0.0,1.0,0.0,0.0,7.0,676.0,58.0,0.0,401.0,0.0,1135.0,294.0,218.0,442.0,181.0
3536307,53.82,46.18,0.34,83.01,16.77,0.22,53.85,7.98,0.18,38.01,0.0,100.0,6.32,20.81,42.51,23.24,4.35,1.33,1.08,1746.0,1498.0,11.0,2693.0,544.0,7.0,1747.0,259.0,6.0,1233.0,0.0,3244.0,205.0,675.0,1379.0,754.0,141.0,43.0,35.0,1809.0,471.0,25.0,15.0,312.0,1746.0,1498.0,2693.0,544.0,7.0,250.0,213.0,955.0,840.0,465.0,517.0,3.0,3244.0,273.0,339.0,59.84,40.16,1.39,78.88,13.99,64.89,19.53,0.0,0.7,100.0,0.83,9.23,35.32,42.16,7.33,3.76,0.0,82.16,2.27,4253.0,2854.0,99.0,5606.0,994.0,4612.0,1388.0,0.0,50.0,7107.0,59.0,656.0,2510.0,2996.0,521.0,267.0,0.0,5839.0,161.0,24.93,4.71,10.81,0.09,37.15,0.33,4.55,15.66,0.0,0.0,1.16,0.0,0.0,0.1,77.87,22.13,0.0,12.58,19.51,3.78,48.77,12.51,0.24,38.12,0.36,100.0,25.98,37.71,0.09,0.07,1457.0,275.0,632.0,5.0,2171.0,19.0,266.0,915.0,0.0,0.0,68.0,0.0,0.0,6.0,4551.0,1293.0,0.0,735.0,1140.0,221.0,2850.0,731.0,14.0,2228.0,21.0,5844.0,1518.0,2204.0,5.0,4.0,59.18,40.82,1.33,12.25,19.68,3.93,48.9,12.63,0.23,37.88,0.35,100.0,25.58,37.5,0.3,0.23,0.9,9.27,35.32,43.23,6.45,3.52,0.0,3551.0,2449.0,80.0,735.0,1181.0,236.0,2934.0,758.0,14.0,2273.0,21.0,6000.0,1535.0,2250.0,18.0,14.0,54.0,556.0,2119.0,2594.0,387.0,211.0,0.0,24.68,4.58,10.53,0.08,37.82,0.32,4.43,15.61,0.0,0.0,1.13,0.0,0.0,0.1,48.87,12.62,0.23,37.94,0.35,100.0,21.44,20.3,43.24,15.02,1482.0,275.0,632.0,5.0,2271.0,19.0,266.0,937.0,0.0,0.0,68.0,0.0,0.0,6.0,2934.0,758.0,14.0,2278.0,21.0,6004.0,1287.0,1219.0,2596.0,902.0
3536406,49.79,50.21,0.52,92.3,7.47,0.24,54.54,1.52,0.38,43.56,0.0,100.0,9.08,28.86,36.19,17.83,3.76,1.71,2.04,1047.0,1056.0,11.0,1941.0,157.0,5.0,1147.0,32.0,8.0,916.0,0.0,2103.0,191.0,607.0,761.0,375.0,79.0,36.0,43.0,1159.0,395.0,13.0,21.0,109.0,1047.0,1056.0,1941.0,157.0,5.0,128.0,195.0,613.0,449.0,314.0,378.0,26.0,2103.0,180.0,225.0,60.96,39.04,0.99,91.35,10.92,80.44,7.05,0.0,0.96,100.0,1.63,14.09,33.45,39.33,7.05,3.49,0.0,85.59,1.89,2094.0,1341.0,34.0,3138.0,375.0,2763.0,242.0,0.0,33.0,3435.0,56.0,484.0,1149.0,1351.0,242.0,120.0,0.0,2940.0,65.0,22.62,7.41,15.07,0.41,34.8,0.0,2.18,15.68,0.0,0.0,0.88,0.0,0.0,0.54,92.41,7.59,0.0,10.92,14.59,1.77,48.33,4.86,0.54,46.26,0.0,100.0,39.93,32.55,0.14,0.0,665.0,218.0,443.0,12.0,1023.0,0.0,64.0,461.0,0.0,0.0,26.0,0.0,0.0,16.0,2717.0,223.0,0.0,321.0,429.0,52.0,1421.0,143.0,16.0,1360.0,0.0,2940.0,1174.0,957.0,4.0,0.0,61.66,38.34,0.87,10.82,15.01,1.83,48.35,4.86,0.53,46.29,0.0,100.0,39.23,32.58,0.2,0.17,1.56,14.24,34.08,39.47,6.72,3.06,0.0,1853.0,1152.0,26.0,325.0,451.0,55.0,1453.0,146.0,16.0,1391.0,0.0,3005.0,1179.0,979.0,6.0,5.0,47.0,428.0,1024.0,1186.0,202.0,92.0,0.0,22.43,7.39,14.74,0.4,35.07,0.0,2.13,15.84,0.0,0.0,1.03,0.0,0.0,0.53,48.35,4.86,0.53,46.29,0.0,100.0,22.83,18.5,47.12,11.55,674.0,222.0,443.0,12.0,1054.0,0.0,64.0,476.0,0.0,0.0,31.0,0.0,0.0,16.0,1453.0,146.0,16.0,1391.0,0.0,3005.0,686.0,556.0,1416.0,347.0
3536505,50.37,49.64,7.28,82.66,17.23,0.07,61.65,5.39,0.88,32.08,0.0,100.0,3.58,8.31,24.12,28.43,13.19,11.73,3.36,16437.0,16199.0,2376.0,26977.0,5623.0,24.0,20120.0,1760.0,288.0,10468.0,0.0,32635.0,1169.0,2711.0,7873.0,9277.0,4304.0,3829.0,1096.0,14236.0,5987.0,1110.0,159.0,4714.0,16437.0,16199.0,26977.0,5623.0,24.0,3547.0,5305.0,7394.0,5870.0,4199.0,5732.0,587.0,32635.0,3773.0,2657.0,55.4,44.6,12.03,78.72,17.05,61.67,18.56,0.0,0.99,100.0,0.64,3.9,18.29,32.5,17.78,14.84,0.02,77.78,2.45,30500.0,24559.0,6624.0,43342.0,9387.0,33955.0,10220.0,0.0,544.0,55059.0,353.0,2147.0,10068.0,17895.0,9792.0,8169.0,11.0,42827.0,1347.0,7.49,2.27,5.17,0.25,56.88,0.2,2.95,22.03,0.05,0.0,0.14,0.06,0.03,0.46,77.87,22.13,0.0,7.28,18.34,5.22,60.56,7.37,0.8,31.16,0.11,100.0,25.17,42.78,0.36,0.0,3217.0,976.0,2222.0,108.0,24430.0,84.0,1269.0,9462.0,21.0,0.0,60.0,25.0,11.0,199.0,33446.0,9506.0,0.0,3126.0,7877.0,2240.0,26012.0,3166.0,345.0,13382.0,46.0,42952.0,10811.0,18373.0,155.0,0.0,56.9,43.1,12.41,7.21,18.36,5.47,60.73,7.42,0.89,30.9,0.07,100.0,24.6,42.45,0.53,0.34,0.54,3.97,18.19,32.15,18.01,14.7,0.02,25137.0,19038.0,5484.0,3186.0,8111.0,2417.0,26828.0,3276.0,392.0,13648.0,31.0,44175.0,10869.0,18753.0,236.0,150.0,237.0,1754.0,8036.0,14204.0,7956.0,6494.0,11.0,7.37,2.26,5.07,0.27,56.73,0.22,2.98,21.9,0.05,0.0,0.16,0.11,0.02,0.65,60.62,7.44,0.88,30.95,0.1,100.0,13.74,11.74,39.66,34.86,3264.0,1002.0,2246.0,120.0,25130.0,96.0,1318.0,9701.0,21.0,0.0,72.0,50.0,11.0,290.0,26854.0,3297.0,392.0,13710.0,46.0,44299.0,6085.0,5202.0,17570.0,15442.0
3536570,48.68,51.12,0.0,79.63,20.16,0.0,68.02,1.83,0.0,29.94,0.0,100.0,2.65,23.63,48.47,20.57,3.87,0.81,0.0,239.0,251.0,0.0,391.0,99.0,0.0,334.0,9.0,0.0,147.0,0.0,491.0,13.0,116.0,238.0,101.0,19.0,4.0,0.0,226.0,86.0,5.0,0.0,46.0,239.0,251.0,391.0,99.0,0.0,33.0,29.0,116.0,104.0,85.0,123.0,2.0,491.0,62.0,66.0,58.95,41.05,1.34,75.12,16.17,58.95,23.54,0.0,1.44,100.0,0.57,11.29,42.87,33.78,8.33,1.82,0.0,79.62,2.87,616.0,429.0,14.0,785.0,169.0,616.0,246.0,0.0,15.0,1045.0,6.0,118.0,448.0,353.0,87.0,19.0,0.0,832.0,30.0,35.94,0.84,3.97,0.12,28.0,0.0,5.17,23.8,0.0,0.0,1.92,0.0,0.0,0.12,73.8,26.32,0.0,17.19,27.4,4.57,64.9,4.33,0.0,30.77,0.0,100.0,33.29,17.67,0.0,0.0,299.0,7.0,33.0,1.0,233.0,0.0,43.0,198.0,0.0,0.0,16.0,0.0,0.0,1.0,614.0,219.0,0.0,143.0,228.0,38.0,540.0,36.0,0.0,256.0,0.0,832.0,277.0,147.0,0.0,0.0,56.61,43.39,1.28,16.59,27.84,5.34,65.43,4.52,0.0,30.05,0.0,100.0,32.37,17.52,0.35,0.0,0.23,10.32,43.04,35.61,7.54,2.09,0.0,488.0,374.0,11.0,143.0,240.0,46.0,564.0,39.0,0.0,259.0,0.0,862.0,279.0,151.0,3.0,0.0,2.0,89.0,371.0,307.0,65.0,18.0,0.0,34.92,0.81,3.83,0.12,29.23,0.0,4.99,23.2,0.0,0.0,2.9,0.0,0.0,0.12,65.43,4.52,0.0,30.05,0.0,100.0,26.8,17.17,42.11,14.04,301.0,7.0,33.0,1.0,252.0,0.0,43.0,200.0,0.0,0.0,25.0,0.0,0.0,1.0,564.0,39.0,0.0,259.0,0.0,862.0,231.0,148.0,363.0,121.0
3536604,48.1,51.84,0.37,85.72,14.22,0.0,39.64,12.87,0.0,47.49,0.0,100.0,10.36,19.67,39.4,19.67,5.21,2.57,2.7,785.0,846.0,6.0,1399.0,232.0,0.0,647.0,210.0,0.0,775.0,0.0,1632.0,169.0,321.0,643.0,321.0,85.0,42.0,44.0,823.0,299.0,19.0,3.0,164.0,785.0,846.0,1399.0,232.0,0.0,168.0,125.0,373.0,386.0,234.0,306.0,39.0,1632.0,162.0,161.0,58.23,41.77,1.47,85.55,13.9,71.68,12.95,0.0,1.07,100.0,1.47,9.44,33.85,38.74,8.52,6.48,0.0,72.87,11.73,1906.0,1367.0,48.0,2800.0,455.0,2346.0,424.0,0.0,35.0,3273.0,48.0,309.0,1108.0,1268.0,279.0,212.0,0.0,2385.0,384.0,36.52,7.21,3.65,0.25,29.35,0.0,2.52,19.66,0.0,0.0,0.0,0.0,0.0,0.0,84.7,15.3,0.0,19.41,15.3,2.6,46.0,13.5,0.67,39.87,0.0,100.0,33.71,28.18,0.42,0.0,871.0,172.0,87.0,6.0,700.0,0.0,60.0,469.0,0.0,0.0,0.0,0.0,0.0,0.0,2020.0,365.0,0.0,463.0,365.0,62.0,1097.0,322.0,16.0,951.0,0.0,2385.0,804.0,672.0,10.0,0.0,57.64,42.36,1.08,17.05,14.23,9.43,46.84,13.72,0.58,38.86,0.0,100.0,31.56,25.68,1.52,0.18,1.34,8.6,33.77,38.64,9.46,7.11,0.0,1596.0,1173.0,30.0,472.0,394.0,261.0,1297.0,380.0,16.0,1076.0,0.0,2769.0,874.0,711.0,42.0,5.0,37.0,238.0,935.0,1070.0,262.0,197.0,0.0,36.48,7.04,4.12,0.22,29.54,0.0,2.38,19.54,0.0,0.0,0.0,0.0,0.0,0.0,46.84,13.72,0.58,38.86,0.0,100.0,24.88,20.51,38.32,16.29,1010.0,195.0,114.0,6.0,818.0,0.0,66.0,541.0,0.0,0.0,0.0,0.0,0.0,0.0,1297.0,380.0,16.0,1076.0,0.0,2769.0,689.0,568.0,1061.0,451.0
3536703,50.61,49.4,0.68,91.37,8.63,0.0,61.51,6.59,0.0,31.86,0.05,100.0,8.22,14.91,36.69,24.6,6.41,3.18,5.31,5563.0,5430.0,75.0,10043.0,949.0,0.0,6761.0,724.0,0.0,3502.0,5.0,10992.0,904.0,1639.0,4033.0,2704.0,705.0,350.0,584.0,5711.0,1872.0,116.0,105.0,929.0,5563.0,5430.0,10043.0,949.0,0.0,980.0,1182.0,2774.0,2256.0,1598.0,2048.0,154.0,10992.0,990.0,1270.0,58.39,41.61,2.32,89.91,11.59,78.33,6.93,0.0,0.82,100.0,1.76,5.92,28.75,39.19,15.07,7.0,0.0,82.2,3.0,12186.0,8685.0,484.0,18766.0,2418.0,16348.0,1446.0,0.0,172.0,20871.0,367.0,1235.0,6001.0,8179.0,3146.0,1461.0,0.0,17156.0,626.0,15.67,5.17,23.78,0.51,43.06,0.06,1.77,9.16,0.0,0.0,0.24,0.1,0.06,0.19,92.28,7.72,0.0,12.46,11.53,2.56,58.73,8.64,0.11,32.52,0.0,100.0,39.46,33.8,0.12,0.0,2688.0,887.0,4079.0,88.0,7388.0,10.0,303.0,1572.0,0.0,0.0,42.0,17.0,10.0,33.0,15831.0,1325.0,0.0,2137.0,1978.0,440.0,10075.0,1483.0,19.0,5579.0,0.0,17156.0,6770.0,5799.0,21.0,0.0,59.43,40.56,2.38,12.57,11.73,2.66,58.83,8.45,0.11,32.6,0.0,100.0,39.1,33.4,0.3,0.07,1.64,5.7,28.59,39.69,15.49,6.5,0.0,10576.0,7218.0,424.0,2237.0,2087.0,473.0,10469.0,1504.0,19.0,5802.0,0.0,17795.0,6958.0,5943.0,53.0,13.0,292.0,1014.0,5087.0,7063.0,2757.0,1157.0,0.0,16.11,4.98,23.25,0.49,42.94,0.06,1.8,9.32,0.0,0.0,0.3,0.1,0.13,0.19,58.83,8.45,0.11,32.6,0.0,100.0,21.54,16.66,43.71,18.09,2867.0,887.0,4138.0,88.0,7641.0,10.0,321.0,1658.0,0.0,0.0,53.0,17.0,23.0,33.0,10469.0,1504.0,19.0,5802.0,0.0,17795.0,3833.0,2964.0,7779.0,3219.0
3536802,52.23,47.77,0.0,83.37,16.63,0.0,76.27,1.59,0.53,21.54,0.0,100.0,3.55,25.4,39.3,26.76,3.7,1.06,0.23,691.0,632.0,0.0,1103.0,220.0,0.0,1009.0,21.0,7.0,285.0,0.0,1323.0,47.0,336.0,520.0,354.0,49.0,14.0,3.0,752.0,260.0,14.0,6.0,85.0,691.0,632.0,1103.0,220.0,0.0,87.0,104.0,377.0,304.0,243.0,174.0,33.0,1323.0,95.0,111.0,63.53,36.47,1.57,81.8,22.71,59.08,16.34,0.0,0.46,100.0,0.95,10.59,33.89,39.64,10.29,3.07,0.0,73.89,1.5,1944.0,1116.0,48.0,2503.0,695.0,1808.0,500.0,0.0,14.0,3060.0,29.0,324.0,1037.0,1213.0,315.0,94.0,0.0,2261.0,46.0,26.45,0.13,20.43,1.46,37.73,0.0,2.26,7.16,0.0,0.0,1.59,0.22,0.0,1.81,79.66,20.34,0.0,11.54,15.44,2.74,73.82,1.9,0.27,24.06,0.0,100.0,32.99,36.8,0.27,0.0,598.0,3.0,462.0,33.0,853.0,0.0,51.0,162.0,0.0,0.0,36.0,5.0,0.0,41.0,1801.0,460.0,0.0,261.0,349.0,62.0,1669.0,43.0,6.0,544.0,0.0,2261.0,746.0,832.0,6.0,0.0,61.47,38.58,1.21,11.4,15.69,3.55,74.08,1.86,0.26,23.84,0.0,100.0,32.64,36.15,0.35,0.0,0.69,11.14,35.2,39.27,9.67,2.86,0.0,1418.0,890.0,28.0,263.0,362.0,82.0,1709.0,43.0,6.0,550.0,0.0,2307.0,753.0,834.0,8.0,0.0,16.0,257.0,812.0,906.0,223.0,66.0,0.0,26.01,0.13,20.5,1.43,38.14,0.0,2.21,7.2,0.0,0.0,1.65,0.22,0.0,1.78,74.08,1.86,0.26,23.84,0.0,100.0,33.07,15.08,38.01,13.87,600.0,3.0,473.0,33.0,880.0,0.0,51.0,166.0,0.0,0.0,38.0,5.0,0.0,41.0,1709.0,43.0,6.0,550.0,0.0,2307.0,763.0,348.0,877.0,320.0
3536901,50.44,49.56,0.73,76.39,23.61,0.0,69.79,1.76,0.0,28.15,0.29,100.0,5.57,17.89,37.24,30.35,6.45,1.61,0.0,344.0,338.0,5.0,521.0,161.0,0.0,476.0,12.0,0.0,192.0,2.0,682.0,38.0,122.0,254.0,207.0,44.0,11.0,0.0,381.0,126.0,2.0,2.0,75.0,344.0,338.0,521.0,161.0,0.0,79.0,139.0,146.0,124.0,80.0,78.0,36.0,682.0,37.0,59.0,60.57,39.43,1.63,71.54,23.33,48.13,23.9,0.0,2.85,100.0,1.71,7.72,26.18,44.55,12.2,6.02,0.0,70.81,1.3,745.0,485.0,20.0,880.0,287.0,592.0,294.0,0.0,35.0,1230.0,21.0,95.0,322.0,548.0,150.0,74.0,0.0,871.0,16.0,29.07,4.6,12.57,1.46,30.75,0.79,1.12,17.06,0.0,0.0,1.68,0.0,0.0,0.22,68.69,31.31,0.0,30.19,12.79,2.13,68.8,4.94,0.22,25.48,0.45,100.0,27.61,27.05,0.0,0.0,259.0,41.0,112.0,13.0,274.0,7.0,10.0,152.0,0.0,0.0,15.0,0.0,0.0,2.0,612.0,279.0,0.0,269.0,114.0,19.0,613.0,44.0,2.0,227.0,4.0,891.0,246.0,241.0,0.0,0.0,57.5,42.5,1.58,29.88,12.85,2.37,70.12,4.51,0.23,24.58,0.45,100.0,27.4,26.27,0.0,0.68,2.03,7.55,26.72,42.62,13.53,5.98,0.0,510.0,377.0,14.0,265.0,114.0,21.0,622.0,40.0,2.0,218.0,4.0,887.0,243.0,233.0,0.0,6.0,18.0,67.0,237.0,378.0,120.0,53.0,0.0,28.43,4.5,12.29,1.43,30.74,0.99,1.32,16.9,0.0,0.0,2.31,0.0,0.0,0.22,69.05,4.83,0.22,25.36,0.44,100.0,29.64,16.25,38.2,15.81,259.0,41.0,112.0,13.0,280.0,9.0,12.0,154.0,0.0,0.0,21.0,0.0,0.0,2.0,629.0,44.0,2.0,231.0,4.0,911.0,270.0,148.0,348.0,144.0
3537008,49.01,50.99,0.48,89.82,10.18,0.0,58.98,5.34,0.0,35.67,0.0,100.0,6.0,27.46,38.37,19.98,5.94,0.99,0.8,1724.0,1794.0,17.0,3160.0,358.0,0.0,2075.0,188.0,0.0,1255.0,0.0,3518.0,211.0,966.0,1350.0,703.0,209.0,35.0,28.0,1920.0,471.0,39.0,40.0,327.0,1724.0,1794.0,3160.0,358.0,0.0,305.0,200.0,974.0,799.0,606.0,610.0,24.0,3518.0,373.0,349.0,59.33,40.67,1.73,85.13,20.77,64.37,13.82,0.0,0.71,100.0,0.99,9.75,31.63,41.86,9.0,5.06,0.0,72.77,5.42,4436.0,3041.0,129.0,6365.0,1553.0,4813.0,1033.0,0.0,53.0,7477.0,74.0,729.0,2365.0,3130.0,673.0,378.0,0.0,5441.0,405.0,22.31,4.56,8.33,0.57,34.94,0.17,10.05,16.76,0.0,0.0,0.28,0.09,0.0,0.35,82.58,17.42,0.0,15.44,20.42,4.06,56.5,8.55,0.0,34.83,0.15,100.0,29.63,29.33,0.07,0.0,1214.0,248.0,453.0,31.0,1901.0,9.0,547.0,912.0,0.0,0.0,15.0,5.0,0.0,19.0,4493.0,948.0,0.0,840.0,1111.0,221.0,3074.0,465.0,0.0,1895.0,8.0,5441.0,1612.0,1596.0,4.0,0.0,60.2,39.8,1.54,15.4,19.5,4.48,56.67,8.64,0.0,34.55,0.14,100.0,29.49,29.75,0.21,0.19,1.16,10.04,32.79,40.93,8.31,5.23,0.0,3519.0,2327.0,90.0,900.0,1140.0,262.0,3313.0,505.0,0.0,2020.0,8.0,5846.0,1724.0,1739.0,12.0,11.0,68.0,587.0,1917.0,2393.0,486.0,306.0,0.0,23.01,4.58,8.06,0.53,35.02,0.15,10.2,15.98,0.0,0.0,0.34,0.09,0.0,0.33,56.67,8.64,0.0,34.55,0.14,100.0,25.85,18.41,39.89,15.86,1345.0,268.0,471.0,31.0,2047.0,9.0,596.0,934.0,0.0,0.0,20.0,5.0,0.0,19.0,3313.0,505.0,0.0,2020.0,8.0,5846.0,1511.0,1076.0,2332.0,927.0
3537107,51.36,48.64,1.38,90.83,9.13,0.0,61.1,3.23,0.43,35.24,0.0,100.0,3.07,14.44,37.38,34.46,4.73,3.04,1.51,4573.0,4330.0,123.0,8087.0,813.0,0.0,5440.0,288.0,38.0,3137.0,0.0,8903.0,273.0,1286.0,3328.0,3068.0,421.0,271.0,134.0,4606.0,1298.0,208.0,59.0,881.0,4573.0,4330.0,8087.0,813.0,0.0,744.0,702.0,2553.0,1877.0,1206.0,1733.0,87.0,8903.0,842.0,1007.0,54.77,45.24,2.67,91.33,11.18,80.15,6.74,0.0,1.08,100.0,0.6,3.92,23.66,49.3,13.34,6.51,0.0,85.77,1.12,13178.0,10884.0,643.0,21975.0,2691.0,19284.0,1622.0,0.0,259.0,24061.0,144.0,944.0,5692.0,11861.0,3209.0,1567.0,0.0,20637.0,269.0,20.98,1.81,32.46,0.92,35.37,0.2,2.43,4.58,0.0,0.0,0.11,0.0,0.06,0.47,92.67,7.33,0.0,14.8,8.12,1.04,64.21,4.78,0.35,30.57,0.1,100.0,44.08,31.55,0.0,0.0,4333.0,373.0,6703.0,191.0,7304.0,41.0,501.0,945.0,0.0,0.0,22.0,0.0,12.0,98.0,19137.0,1513.0,0.0,3057.0,1677.0,215.0,13259.0,987.0,72.0,6312.0,21.0,20651.0,9103.0,6516.0,0.0,0.0,54.97,45.03,2.58,14.68,8.27,1.27,64.41,4.69,0.34,30.46,0.1,100.0,43.87,31.45,0.0,0.07,0.57,3.83,23.98,49.79,12.6,6.64,0.0,11493.0,9413.0,539.0,3069.0,1729.0,265.0,13465.0,981.0,72.0,6367.0,21.0,20906.0,9171.0,6575.0,0.0,14.0,120.0,801.0,5013.0,10410.0,2634.0,1389.0,0.0,20.77,1.78,32.45,0.91,35.43,0.2,2.39,4.52,0.0,0.0,0.19,0.0,0.06,0.63,64.36,4.76,0.34,30.43,0.1,100.0,22.36,16.8,42.62,18.22,4346.0,373.0,6789.0,191.0,7411.0,41.0,501.0,945.0,0.0,0.0,39.0,0.0,12.0,132.0,13465.0,995.0,72.0,6367.0,21.0,20920.0,4678.0,3515.0,8916.0,3811.0
3537156,51.11,49.06,1.2,84.27,15.9,0.0,66.84,4.44,0.0,28.72,0.0,100.0,5.64,13.68,42.74,30.09,4.27,1.54,0.68,299.0,287.0,7.0,493.0,93.0,0.0,391.0,26.0,0.0,168.0,0.0,585.0,33.0,80.0,250.0,176.0,25.0,9.0,4.0,323.0,37.0,0.0,5.0,74.0,299.0,287.0,493.0,93.0,0.0,62.0,27.0,162.0,109.0,74.0,143.0,8.0,585.0,96.0,50.0,56.69,43.31,4.22,81.67,13.25,68.42,13.78,0.0,3.63,100.0,0.79,4.48,27.42,43.18,11.01,8.9,0.0,79.1,3.1,860.0,657.0,64.0,1239.0,201.0,1038.0,209.0,0.0,55.0,1517.0,12.0,68.0,416.0,655.0,167.0,135.0,0.0,1200.0,47.0,14.5,25.75,11.17,0.0,41.33,0.0,0.0,3.17,0.0,0.0,3.58,0.0,0.0,0.0,85.83,14.17,0.0,34.25,5.5,0.92,63.83,4.08,0.25,31.83,0.0,100.0,43.42,15.42,0.0,0.0,174.0,309.0,134.0,0.0,496.0,0.0,0.0,38.0,0.0,0.0,43.0,0.0,0.0,0.0,1030.0,170.0,0.0,411.0,66.0,11.0,766.0,49.0,3.0,382.0,0.0,1200.0,521.0,185.0,0.0,0.0,55.22,44.78,3.69,32.99,5.94,1.77,63.88,3.93,0.24,31.94,0.0,100.0,41.81,15.49,0.72,0.88,0.72,4.01,31.7,42.94,11.08,5.94,0.0,688.0,558.0,46.0,411.0,74.0,22.0,796.0,49.0,3.0,398.0,0.0,1246.0,521.0,193.0,9.0,11.0,9.0,50.0,395.0,535.0,138.0,74.0,0.0,13.96,24.8,10.75,0.0,43.18,0.0,0.0,3.45,0.0,0.0,3.45,0.0,0.0,0.0,63.88,3.93,0.24,31.94,0.0,100.0,16.21,45.35,12.76,25.68,174.0,309.0,134.0,0.0,538.0,0.0,0.0,43.0,0.0,0.0,43.0,0.0,0.0,0.0,796.0,49.0,3.0,398.0,0.0,1246.0,202.0,565.0,159.0,320.0
3537206,53.26,46.74,0.22,91.54,8.46,0.0,55.64,3.3,1.15,39.91,0.0,100.0,20.22,21.59,37.76,14.24,3.41,1.71,0.89,1436.0,1260.0,6.0,2468.0,228.0,0.0,1500.0,89.0,31.0,1076.0,0.0,2696.0,545.0,582.0,1018.0,384.0,92.0,46.0,24.0,1329.0,485.0,42.0,17.0,166.0,1436.0,1260.0,2468.0,228.0,0.0,87.0,250.0,843.0,626.0,395.0,494.0,0.0,2696.0,281.0,376.0,60.07,39.93,1.64,88.82,25.89,62.93,10.58,0.0,0.1,100.0,5.57,14.6,39.12,28.14,6.45,4.48,0.0,69.99,3.52,2374.0,1578.0,65.0,3510.0,1023.0,2487.0,418.0,0.0,4.0,3952.0,220.0,577.0,1546.0,1112.0,255.0,177.0,0.0,2766.0,139.0,27.72,14.24,10.17,0.0,35.54,0.18,2.78,7.61,0.0,0.0,0.14,0.0,0.0,0.5,87.53,12.51,0.0,14.28,12.44,3.79,46.32,4.94,2.02,46.43,0.29,100.0,33.06,35.26,0.68,0.0,769.0,395.0,282.0,0.0,986.0,5.0,77.0,211.0,0.0,0.0,4.0,0.0,0.0,14.0,2428.0,347.0,0.0,396.0,345.0,105.0,1285.0,137.0,56.0,1288.0,8.0,2774.0,917.0,978.0,19.0,0.0,56.08,43.92,1.62,13.49,12.87,5.03,46.47,4.72,2.17,46.4,0.28,100.0,31.81,34.04,2.31,0.0,4.17,13.84,38.18,30.15,6.75,5.34,0.0,1629.0,1276.0,47.0,392.0,374.0,146.0,1350.0,137.0,63.0,1348.0,8.0,2905.0,924.0,989.0,67.0,0.0,121.0,402.0,1109.0,876.0,196.0,155.0,0.0,26.74,13.9,9.85,0.0,35.87,0.17,2.64,8.24,0.21,0.0,0.62,0.0,0.0,0.72,46.62,4.7,2.16,46.28,0.27,100.0,17.78,17.75,50.84,13.66,779.0,405.0,287.0,0.0,1045.0,5.0,77.0,240.0,6.0,0.0,18.0,0.0,0.0,21.0,1358.0,137.0,63.0,1348.0,8.0,2913.0,518.0,517.0,1481.0,398.0
3537305,48.7,51.3,1.79,93.67,6.33,0.0,69.57,4.28,0.5,25.52,0.13,100.0,7.71,15.02,35.28,26.49,6.15,5.75,1.81,7527.0,7929.0,277.0,14478.0,978.0,0.0,10752.0,662.0,78.0,3945.0,20.0,15456.0,1192.0,2321.0,5453.0,4094.0,951.0,888.0,280.0,7589.0,2473.0,277.0,37.0,1779.0,7527.0,7929.0,14478.0,978.0,0.0,1309.0,1930.0,4018.0,2960.0,2071.0,2954.0,214.0,15456.0,2001.0,1300.0,55.53,44.47,3.22,91.9,10.87,81.04,5.3,0.05,1.11,100.0,1.23,6.34,27.36,41.33,12.44,8.08,0.0,83.36,3.03,16690.0,13368.0,967.0,27624.0,3266.0,24358.0,1593.0,15.0,334.0,30058.0,371.0,1907.0,8225.0,12422.0,3738.0,2429.0,0.0,25056.0,911.0,7.45,16.75,32.65,0.71,36.27,0.0,0.61,3.55,0.0,0.0,0.42,0.0,0.04,0.17,95.85,4.15,0.0,16.02,7.37,2.27,64.3,5.89,0.85,28.91,0.04,100.0,46.92,26.75,0.18,0.0,1867.0,4197.0,8180.0,178.0,9087.0,0.0,154.0,890.0,0.0,0.0,105.0,0.0,10.0,43.0,24015.0,1040.0,0.0,4015.0,1846.0,569.0,16112.0,1476.0,213.0,7244.0,10.0,25056.0,11757.0,6703.0,46.0,0.0,55.97,44.03,3.26,15.57,7.29,2.92,64.4,5.94,0.88,28.75,0.04,100.0,46.0,26.45,0.47,0.58,1.15,6.28,27.65,42.23,11.72,7.72,0.0,14534.0,11433.0,846.0,4044.0,1893.0,758.0,16722.0,1542.0,228.0,7465.0,10.0,25967.0,11946.0,6868.0,121.0,150.0,299.0,1630.0,7179.0,10965.0,3043.0,2004.0,0.0,7.34,16.38,31.86,0.72,36.37,0.0,0.62,3.79,0.0,0.0,0.79,0.0,0.04,0.24,64.4,5.94,0.88,28.75,0.04,100.0,17.19,17.91,41.74,23.15,1905.0,4254.0,8273.0,188.0,9445.0,0.0,160.0,984.0,0.0,0.0,205.0,0.0,10.0,62.0,16722.0,1542.0,228.0,7465.0,10.0,25967.0,4465.0,4651.0,10838.0,6012.0
3537404,49.6,50.38,1.12,89.56,10.3,0.14,45.22,4.95,4.17,45.65,0.0,100.0,7.02,21.59,36.5,22.11,7.04,2.98,1.65,2798.0,2842.0,63.0,5052.0,581.0,8.0,2551.0,279.0,235.0,2575.0,0.0,5641.0,396.0,1218.0,2059.0,1247.0,397.0,168.0,93.0,2811.0,1040.0,105.0,51.0,634.0,2798.0,2842.0,5052.0,581.0,8.0,565.0,620.0,1534.0,1205.0,802.0,854.0,61.0,5641.0,534.0,465.0,57.09,42.92,3.13,89.8,11.74,78.06,7.9,0.12,1.17,100.0,1.33,9.02,29.98,38.9,11.48,6.05,0.1,81.49,4.48,6346.0,4771.0,348.0,9982.0,1305.0,8677.0,878.0,13.0,130.0,11116.0,148.0,1003.0,3333.0,4324.0,1276.0,673.0,11.0,9058.0,498.0,12.02,21.88,22.38,0.82,25.62,0.0,1.59,13.91,0.0,0.0,0.49,0.0,0.0,0.0,93.75,6.24,0.0,17.58,14.34,3.57,43.09,6.79,3.7,46.42,0.0,100.0,40.78,23.04,0.36,0.1,1089.0,1982.0,2027.0,74.0,2321.0,0.0,144.0,1260.0,0.0,0.0,44.0,0.0,0.0,0.0,8492.0,565.0,0.0,1592.0,1299.0,323.0,3903.0,615.0,335.0,4205.0,0.0,9058.0,3694.0,2087.0,33.0,9.0,57.83,42.17,2.67,16.64,14.35,4.32,42.83,7.12,3.7,46.35,0.0,100.0,39.56,22.87,0.75,0.93,1.21,8.46,31.12,38.89,11.62,6.04,0.0,5533.0,4034.0,255.0,1592.0,1373.0,413.0,4098.0,681.0,354.0,4434.0,0.0,9567.0,3785.0,2188.0,72.0,89.0,116.0,809.0,2977.0,3721.0,1112.0,578.0,0.0,11.74,21.39,21.42,0.77,26.13,0.0,1.6,14.5,0.0,0.0,0.7,0.0,0.0,0.33,42.83,7.12,3.7,46.35,0.0,100.0,20.1,15.29,40.52,24.09,1123.0,2046.0,2049.0,74.0,2500.0,0.0,153.0,1387.0,0.0,0.0,67.0,0.0,0.0,32.0,4098.0,681.0,354.0,4434.0,0.0,9567.0,1923.0,1463.0,3877.0,2305.0
3537503,48.38,51.62,1.14,83.33,16.67,0.0,68.89,2.71,0.0,28.35,0.0,100.0,8.5,26.03,41.18,17.75,2.98,2.44,0.0,894.0,954.0,21.0,1540.0,308.0,0.0,1273.0,50.0,0.0,524.0,0.0,1848.0,157.0,481.0,761.0,328.0,55.0,45.0,0.0,1111.0,233.0,11.0,6.0,98.0,894.0,954.0,1540.0,308.0,0.0,77.0,55.0,631.0,465.0,280.0,339.0,0.0,1848.0,150.0,240.0,56.37,43.63,1.55,81.9,22.13,59.78,17.05,0.0,0.23,100.0,1.3,9.89,32.3,42.26,9.43,3.27,0.0,75.76,1.07,2433.0,1883.0,67.0,3535.0,955.0,2580.0,736.0,0.0,10.0,4316.0,56.0,427.0,1394.0,1824.0,407.0,141.0,0.0,3270.0,46.0,26.88,17.58,9.36,0.21,31.59,0.0,1.47,11.93,0.0,0.0,0.34,0.0,0.0,0.21,78.26,21.74,0.0,17.95,10.67,1.62,67.03,5.32,0.0,27.52,0.15,100.0,38.78,30.73,0.12,0.0,879.0,575.0,306.0,7.0,1033.0,0.0,48.0,390.0,0.0,0.0,11.0,0.0,0.0,7.0,2559.0,711.0,0.0,587.0,349.0,53.0,2192.0,174.0,0.0,900.0,5.0,3270.0,1268.0,1005.0,4.0,0.0,56.09,43.91,1.42,17.97,10.68,1.75,67.04,5.37,0.0,27.44,0.15,100.0,38.24,30.91,0.33,0.0,0.9,9.92,30.46,44.66,9.53,3.11,0.0,1860.0,1456.0,47.0,596.0,354.0,58.0,2223.0,178.0,0.0,910.0,5.0,3316.0,1268.0,1025.0,11.0,0.0,30.0,329.0,1010.0,1481.0,316.0,103.0,0.0,26.78,17.34,9.23,0.21,32.12,0.0,1.6,11.76,0.0,0.0,0.33,0.0,0.0,0.21,67.04,5.37,0.0,27.44,0.15,100.0,20.05,20.3,44.45,15.2,888.0,575.0,306.0,7.0,1065.0,0.0,53.0,390.0,0.0,0.0,11.0,0.0,0.0,7.0,2223.0,178.0,0.0,910.0,5.0,3316.0,665.0,673.0,1474.0,504.0
3537602,49.88,50.12,0.95,93.53,6.34,0.12,51.96,6.11,0.61,40.41,0.9,100.0,13.11,27.12,32.5,15.61,4.8,3.02,2.89,8444.0,8485.0,161.0,15832.0,1073.0,20.0,8796.0,1035.0,103.0,6841.0,153.0,16928.0,2220.0,4591.0,5501.0,2643.0,813.0,512.0,489.0,8844.0,2988.0,303.0,264.0,1429.0,8444.0,8485.0,15832.0,1073.0,20.0,1260.0,2103.0,4407.0,3804.0,2454.0,2505.0,396.0,16928.0,1546.0,1554.0,55.35,44.65,3.22,85.62,19.54,66.07,8.09,0.04,0.35,100.0,3.45,15.02,34.85,28.28,9.52,5.65,0.0,71.31,2.76,15145.0,12219.0,882.0,23429.0,5348.0,18080.0,2215.0,12.0,95.0,27364.0,943.0,4111.0,9537.0,7738.0,2606.0,1547.0,0.0,19514.0,755.0,12.89,32.01,9.31,0.34,29.1,0.64,3.88,8.52,0.0,0.0,0.31,0.0,0.07,0.41,90.7,9.3,0.0,9.24,16.69,4.56,49.37,9.19,0.91,39.98,0.57,100.0,30.83,36.89,0.77,0.0,2518.0,6251.0,1818.0,66.0,5683.0,125.0,757.0,1664.0,0.0,0.0,61.0,0.0,13.0,81.0,17713.0,1816.0,0.0,1805.0,3259.0,891.0,9641.0,1794.0,177.0,7807.0,111.0,19529.0,6020.0,7204.0,150.0,0.0,58.56,41.44,2.95,9.11,16.55,5.48,49.31,9.4,0.92,39.82,0.56,100.0,29.94,35.97,1.46,0.08,3.6,15.93,36.7,27.44,8.07,5.3,0.0,11892.0,8415.0,600.0,1850.0,3361.0,1113.0,10013.0,1909.0,186.0,8087.0,113.0,20307.0,6080.0,7305.0,296.0,17.0,732.0,3235.0,7452.0,5573.0,1638.0,1077.0,0.0,12.77,31.0,9.18,0.38,29.44,0.62,3.89,8.61,0.0,0.06,0.41,0.0,0.06,0.53,49.35,9.39,0.92,39.79,0.56,100.0,22.75,18.41,41.83,17.01,2596.0,6299.0,1866.0,78.0,5982.0,125.0,791.0,1750.0,0.0,12.0,83.0,0.0,13.0,108.0,10028.0,1909.0,186.0,8087.0,113.0,20322.0,4623.0,3741.0,8501.0,3457.0
3537701,49.96,50.12,0.0,84.69,15.07,0.0,56.23,3.09,0.95,39.73,0.0,100.0,5.15,21.73,39.89,22.28,7.93,1.67,1.43,630.0,632.0,0.0,1068.0,190.0,0.0,709.0,39.0,12.0,501.0,0.0,1261.0,65.0,274.0,503.0,281.0,100.0,21.0,18.0,649.0,169.0,18.0,0.0,176.0,630.0,632.0,1068.0,190.0,0.0,126.0,92.0,355.0,277.0,195.0,216.0,0.0,1261.0,128.0,121.0,57.64,42.36,0.91,72.12,12.48,59.64,23.18,0.0,4.35,100.0,1.16,8.06,33.2,39.97,12.2,4.49,0.0,80.79,2.07,1644.0,1208.0,26.0,2057.0,356.0,1701.0,661.0,0.0,124.0,2852.0,33.0,230.0,947.0,1140.0,348.0,128.0,0.0,2304.0,59.0,29.47,4.38,10.03,0.52,31.9,0.0,3.6,18.66,0.0,0.0,0.65,0.0,0.0,0.52,73.09,26.91,0.0,27.0,15.67,3.26,51.78,4.9,0.52,42.62,0.13,100.0,30.73,23.22,0.0,0.0,679.0,101.0,231.0,12.0,735.0,0.0,83.0,430.0,0.0,0.0,15.0,0.0,0.0,12.0,1684.0,620.0,0.0,622.0,361.0,75.0,1193.0,113.0,12.0,982.0,3.0,2304.0,708.0,535.0,0.0,0.0,56.92,43.04,0.68,26.66,16.04,3.43,52.26,4.78,0.51,42.32,0.13,100.0,30.09,23.28,0.13,0.25,1.02,8.0,33.86,40.92,10.83,4.66,0.0,1345.0,1017.0,16.0,630.0,379.0,81.0,1235.0,113.0,12.0,1000.0,3.0,2363.0,711.0,550.0,3.0,6.0,24.0,189.0,800.0,967.0,256.0,110.0,0.0,28.86,4.27,9.9,0.51,32.63,0.0,3.77,18.2,0.0,0.0,0.89,0.0,0.0,0.76,52.26,4.78,0.51,42.32,0.13,100.0,26.58,13.16,38.76,21.5,682.0,101.0,234.0,12.0,771.0,0.0,89.0,430.0,0.0,0.0,21.0,0.0,0.0,18.0,1235.0,113.0,12.0,1000.0,3.0,2363.0,628.0,311.0,916.0,508.0
3537800,50.37,49.63,1.1,91.91,8.0,0.0,72.76,1.08,1.18,24.98,0.0,100.0,7.6,20.62,38.22,24.83,5.81,0.77,1.03,5657.0,5574.0,123.0,10322.0,899.0,0.0,8172.0,121.0,133.0,2805.0,0.0,11231.0,854.0,2316.0,4293.0,2789.0,653.0,87.0,116.0,6198.0,2137.0,76.0,28.0,809.0,5657.0,5580.0,10328.0,899.0,0.0,875.0,1160.0,3255.0,2534.0,1500.0,1781.0,132.0,11237.0,715.0,1273.0,59.02,40.98,1.85,91.2,18.28,72.93,7.91,0.0,0.31,100.0,1.95,9.38,33.24,39.54,10.33,3.68,0.03,78.43,2.31,15565.0,10809.0,488.0,24054.0,4820.0,19235.0,2087.0,0.0,83.0,26374.0,514.0,2474.0,8767.0,10428.0,2724.0,971.0,9.0,20686.0,608.0,22.68,0.58,21.38,0.23,43.41,0.0,2.53,6.69,0.13,0.0,0.65,0.0,0.0,0.94,91.2,8.8,0.0,10.71,16.35,3.35,71.25,2.42,2.22,24.05,0.07,100.0,30.61,38.11,0.28,0.0,4691.0,121.0,4422.0,48.0,8979.0,0.0,523.0,1383.0,27.0,0.0,134.0,0.0,0.0,194.0,18866.0,1820.0,0.0,2216.0,3382.0,692.0,14739.0,500.0,459.0,4974.0,14.0,20686.0,6332.0,7884.0,57.0,0.0,59.4,40.6,1.74,10.51,16.77,3.45,71.34,2.4,2.24,23.96,0.07,100.0,30.58,37.32,0.45,0.22,1.58,9.16,33.03,40.17,10.78,3.48,0.04,12665.0,8657.0,372.0,2240.0,3576.0,736.0,15211.0,511.0,477.0,5108.0,14.0,21322.0,6521.0,7957.0,95.0,46.0,336.0,1954.0,7042.0,8566.0,2299.0,743.0,9.0,22.07,0.66,21.07,0.23,43.61,0.0,2.58,6.97,0.13,0.0,0.68,0.0,0.0,1.01,71.34,2.4,2.24,23.96,0.07,100.0,26.04,18.4,42.06,13.49,4706.0,141.0,4492.0,48.0,9298.0,0.0,551.0,1487.0,27.0,0.0,146.0,0.0,0.0,215.0,15211.0,511.0,477.0,5108.0,14.0,21322.0,5552.0,3923.0,8969.0,2877.0
3537909,51.54,48.46,2.02,92.46,7.32,0.22,67.35,1.52,4.61,26.54,0.0,100.0,5.54,23.08,33.2,29.84,4.03,1.01,1.29,3323.0,3125.0,130.0,5962.0,472.0,14.0,4343.0,98.0,297.0,1711.0,0.0,6448.0,357.0,1488.0,2141.0,1924.0,260.0,65.0,83.0,3345.0,1191.0,92.0,23.0,414.0,3323.0,3125.0,5962.0,472.0,14.0,503.0,312.0,1700.0,1620.0,1090.0,1201.0,22.0,6448.0,560.0,824.0,61.01,38.99,3.75,91.69,20.04,71.65,5.34,0.11,1.85,100.0,1.32,10.59,31.14,39.94,8.78,4.48,0.0,73.71,3.4,8015.0,5122.0,493.0,12045.0,2632.0,9413.0,702.0,15.0,243.0,13137.0,173.0,1391.0,4091.0,5247.0,1154.0,589.0,0.0,9683.0,447.0,24.77,2.21,19.04,0.0,48.35,0.0,1.93,2.46,0.0,0.0,0.22,0.0,0.0,0.22,94.61,5.39,0.0,18.51,11.6,2.91,66.1,2.49,3.05,28.37,0.0,100.0,41.4,25.11,0.0,0.0,2398.0,214.0,1844.0,0.0,4682.0,0.0,187.0,238.0,0.0,0.0,21.0,0.0,0.0,21.0,9161.0,522.0,0.0,1792.0,1123.0,282.0,6400.0,241.0,295.0,2747.0,0.0,9683.0,4009.0,2431.0,0.0,0.0,61.36,38.64,3.19,18.33,12.08,3.69,65.95,2.78,3.21,28.06,0.0,100.0,39.83,24.9,0.37,0.36,0.91,9.75,30.68,41.91,8.92,4.64,0.0,6216.0,3914.0,323.0,1857.0,1224.0,374.0,6681.0,282.0,325.0,2842.0,0.0,10130.0,4035.0,2522.0,37.0,36.0,92.0,988.0,3108.0,4245.0,904.0,470.0,0.0,24.44,2.11,18.52,0.0,48.37,0.0,2.0,2.35,0.0,0.0,0.35,0.0,0.0,0.36,65.95,2.78,3.21,28.06,0.0,100.0,23.41,17.5,40.36,18.74,2476.0,214.0,1876.0,0.0,4900.0,0.0,203.0,238.0,0.0,0.0,35.0,0.0,0.0,36.0,6681.0,282.0,325.0,2842.0,0.0,10130.0,2371.0,1773.0,4088.0,1898.0
3538006,49.2,50.8,1.39,93.3,6.6,0.07,61.32,5.63,0.47,32.51,0.02,100.0,10.21,21.91,31.63,22.38,6.53,3.47,2.47,21387.0,22084.0,605.0,40559.0,2871.0,31.0,26654.0,2446.0,206.0,14134.0,9.0,43470.0,4439.0,9523.0,13749.0,9730.0,2840.0,1509.0,1074.0,20460.0,9395.0,709.0,291.0,5019.0,21387.0,22084.0,40559.0,2871.0,31.0,3867.0,6713.0,11034.0,8356.0,6108.0,6479.0,914.0,43470.0,3027.0,4569.0,57.21,42.79,3.5,86.13,11.6,74.52,12.31,0.01,0.48,100.0,2.29,10.77,28.88,35.06,12.24,7.24,0.03,81.76,5.08,41974.0,31392.0,2565.0,63187.0,8511.0,54676.0,9032.0,11.0,350.0,73366.0,1680.0,7902.0,21186.0,25723.0,8980.0,5310.0,19.0,59985.0,3726.0,10.57,19.28,15.02,0.36,34.05,0.3,3.42,15.1,0.0,0.0,0.26,0.03,0.04,0.44,86.94,13.06,0.0,8.51,20.39,4.3,59.25,7.5,0.61,32.51,0.13,100.0,26.99,39.26,0.15,0.0,6346.0,11575.0,9014.0,217.0,20442.0,180.0,2055.0,9067.0,0.0,0.0,155.0,19.0,22.0,262.0,52191.0,7840.0,0.0,5107.0,12238.0,2580.0,35569.0,4502.0,366.0,19515.0,79.0,60031.0,16202.0,23568.0,93.0,0.0,59.04,40.97,3.4,8.4,20.35,4.5,59.47,7.56,0.59,32.26,0.12,100.0,26.35,39.05,0.59,0.22,1.98,10.9,29.2,35.36,12.23,6.91,0.03,37616.0,26103.0,2165.0,5351.0,12967.0,2866.0,37891.0,4815.0,376.0,20557.0,79.0,63718.0,16790.0,24882.0,376.0,143.0,1259.0,6945.0,18603.0,22532.0,7794.0,4402.0,19.0,10.42,19.3,15.09,0.36,33.56,0.39,3.4,15.19,0.0,0.02,0.35,0.05,0.03,0.53,59.46,7.55,0.59,32.28,0.12,100.0,12.08,12.89,50.75,24.28,6643.0,12305.0,9623.0,228.0,21401.0,247.0,2167.0,9685.0,0.0,11.0,223.0,29.0,22.0,335.0,37918.0,4815.0,376.0,20585.0,79.0,63773.0,7705.0,8220.0,32363.0,15486.0
3538105,51.94,48.06,0.55,74.47,25.5,0.0,68.23,1.65,0.0,30.09,0.0,100.0,6.46,15.55,35.71,31.71,5.24,3.07,1.68,1607.0,1487.0,17.0,2304.0,789.0,0.0,2111.0,51.0,0.0,931.0,0.0,3094.0,200.0,481.0,1105.0,981.0,162.0,95.0,52.0,1388.0,433.0,52.0,10.0,518.0,1607.0,1487.0,2304.0,789.0,0.0,415.0,240.0,805.0,708.0,444.0,478.0,5.0,3094.0,310.0,384.0,58.04,41.96,3.1,67.05,7.25,59.8,29.41,0.09,3.27,100.0,1.43,5.86,24.32,45.79,12.95,6.53,0.0,86.51,2.79,4097.0,2962.0,219.0,4733.0,512.0,4221.0,2076.0,6.0,231.0,7059.0,101.0,414.0,1717.0,3232.0,914.0,461.0,0.0,6107.0,197.0,19.31,3.77,13.38,0.49,45.05,0.0,3.34,12.92,0.0,0.0,0.05,0.0,0.1,1.0,67.5,32.5,0.0,16.41,8.37,1.34,66.5,3.95,0.08,29.47,0.0,100.0,37.81,35.73,0.0,0.0,1179.0,230.0,817.0,30.0,2751.0,0.0,204.0,789.0,0.0,0.0,3.0,0.0,6.0,61.0,4122.0,1985.0,0.0,1002.0,511.0,82.0,4061.0,241.0,5.0,1800.0,0.0,6107.0,2309.0,2182.0,0.0,0.0,58.11,41.91,3.16,16.31,8.68,1.35,66.35,3.9,0.08,29.68,0.0,100.0,37.53,35.12,0.3,0.4,1.49,5.27,25.03,45.83,12.91,6.3,0.0,3663.0,2642.0,199.0,1028.0,547.0,85.0,4183.0,246.0,5.0,1871.0,0.0,6304.0,2366.0,2214.0,19.0,25.0,94.0,332.0,1578.0,2889.0,814.0,397.0,0.0,19.4,3.76,13.1,0.48,45.29,0.0,3.24,12.8,0.0,0.0,0.13,0.19,0.1,0.97,66.35,3.9,0.08,29.68,0.0,100.0,20.61,14.86,45.03,19.5,1223.0,237.0,826.0,30.0,2855.0,0.0,204.0,807.0,0.0,0.0,8.0,12.0,6.0,61.0,4183.0,246.0,5.0,1871.0,0.0,6304.0,1299.0,937.0,2839.0,1229.0
3538204,50.28,49.72,0.91,85.44,14.56,0.0,74.86,3.85,0.33,20.73,0.2,100.0,10.15,21.84,36.17,21.12,6.92,1.5,1.37,1540.0,1523.0,28.0,2617.0,446.0,0.0,2293.0,118.0,10.0,635.0,6.0,3063.0,311.0,669.0,1108.0,647.0,212.0,46.0,42.0,1697.0,463.0,34.0,34.0,307.0,1540.0,1523.0,2617.0,446.0,0.0,260.0,271.0,829.0,745.0,422.0,504.0,32.0,3063.0,282.0,246.0,57.98,42.0,1.41,80.91,13.18,67.73,17.46,0.0,0.62,100.0,1.47,7.53,32.91,38.19,14.76,3.7,0.0,84.08,1.11,3712.0,2689.0,90.0,5180.0,844.0,4336.0,1118.0,0.0,40.0,6402.0,94.0,482.0,2107.0,2445.0,945.0,237.0,0.0,5383.0,71.0,29.13,0.41,12.93,0.54,45.87,0.11,1.8,7.38,0.0,0.0,0.33,0.04,0.0,0.61,79.97,20.03,0.0,10.09,18.11,3.57,73.86,4.33,0.74,21.07,0.0,100.0,31.56,36.26,0.0,0.0,1568.0,22.0,696.0,29.0,2469.0,6.0,97.0,397.0,0.0,0.0,18.0,2.0,0.0,33.0,4305.0,1078.0,0.0,543.0,975.0,192.0,3976.0,233.0,40.0,1134.0,0.0,5383.0,1699.0,1952.0,0.0,0.0,59.48,40.52,1.45,9.96,17.97,4.0,74.2,4.27,0.73,20.79,0.0,100.0,31.15,36.19,0.26,0.0,1.63,7.85,32.56,38.08,14.72,3.72,0.0,3244.0,2210.0,79.0,543.0,980.0,218.0,4047.0,233.0,40.0,1134.0,0.0,5454.0,1699.0,1974.0,14.0,0.0,89.0,428.0,1776.0,2077.0,803.0,203.0,0.0,28.97,0.48,12.94,0.53,45.69,0.11,1.78,7.5,0.0,0.0,0.33,0.04,0.0,0.72,74.2,4.27,0.73,20.79,0.0,100.0,23.95,15.93,44.5,15.62,1580.0,26.0,706.0,29.0,2492.0,6.0,97.0,409.0,0.0,0.0,18.0,2.0,0.0,39.0,4047.0,233.0,40.0,1134.0,0.0,5454.0,1306.0,869.0,2427.0,852.0
3538303,46.66,53.49,0.0,82.76,17.24,0.0,53.05,2.23,0.0,44.73,0.0,100.0,13.52,26.89,32.69,19.47,4.9,0.89,1.63,314.0,360.0,0.0,557.0,116.0,0.0,357.0,15.0,0.0,301.0,0.0,673.0,91.0,181.0,220.0,131.0,33.0,6.0,11.0,338.0,90.0,4.0,14.0,78.0,314.0,360.0,557.0,116.0,0.0,60.0,46.0,186.0,145.0,105.0,131.0,0.0,673.0,77.0,72.0,56.04,43.89,1.22,78.2,22.23,55.97,18.08,0.0,3.65,100.0,1.93,12.15,35.31,37.88,7.29,4.15,0.0,72.91,1.14,784.0,614.0,17.0,1094.0,311.0,783.0,253.0,0.0,51.0,1399.0,27.0,170.0,494.0,530.0,102.0,58.0,0.0,1020.0,16.0,37.94,5.29,11.96,0.0,38.24,0.0,0.78,5.49,0.0,0.0,0.29,0.0,0.0,0.0,76.18,23.82,0.0,25.98,5.1,2.84,55.88,4.22,0.39,39.51,0.0,100.0,37.25,28.82,0.0,0.0,387.0,54.0,122.0,0.0,390.0,0.0,8.0,56.0,0.0,0.0,3.0,0.0,0.0,0.0,777.0,243.0,0.0,265.0,52.0,29.0,570.0,43.0,4.0,403.0,0.0,1020.0,380.0,294.0,0.0,0.0,52.03,47.97,1.25,25.58,5.21,3.28,55.5,4.34,0.39,39.77,0.0,100.0,36.68,28.38,0.48,0.29,1.83,9.94,34.56,40.25,8.11,3.96,0.0,539.0,497.0,13.0,265.0,54.0,34.0,575.0,45.0,4.0,412.0,0.0,1036.0,380.0,294.0,5.0,3.0,19.0,103.0,358.0,417.0,84.0,41.0,0.0,37.36,5.21,11.78,0.0,38.71,0.0,0.77,5.89,0.0,0.0,0.29,0.0,0.0,0.0,55.5,4.34,0.39,39.77,0.0,100.0,21.53,11.97,49.23,17.37,387.0,54.0,122.0,0.0,401.0,0.0,8.0,61.0,0.0,0.0,3.0,0.0,0.0,0.0,575.0,45.0,4.0,412.0,0.0,1036.0,223.0,124.0,510.0,180.0
3538501,48.32,51.65,0.57,80.65,19.35,0.0,65.09,5.41,0.0,29.27,0.19,100.0,10.79,23.29,34.46,23.85,3.22,2.23,1.63,1276.0,1364.0,15.0,2130.0,511.0,0.0,1719.0,143.0,0.0,773.0,5.0,2641.0,285.0,615.0,910.0,630.0,85.0,59.0,43.0,1381.0,583.0,34.0,9.0,241.0,1276.0,1364.0,2130.0,511.0,0.0,207.0,306.0,779.0,578.0,406.0,337.0,27.0,2641.0,76.0,316.0,57.01,42.99,1.48,69.79,13.45,56.34,28.48,0.0,0.67,100.0,3.42,14.14,34.05,34.4,6.88,5.53,0.1,72.75,12.07,2734.0,2062.0,71.0,3347.0,645.0,2702.0,1366.0,0.0,32.0,4796.0,164.0,678.0,1633.0,1650.0,330.0,265.0,5.0,3489.0,579.0,34.22,12.12,11.58,0.29,24.16,0.0,0.75,14.04,0.0,0.0,0.0,0.0,0.0,1.92,68.84,31.16,0.0,13.07,23.65,4.21,61.68,8.48,0.23,29.35,0.26,100.0,23.16,35.51,0.14,0.0,1194.0,423.0,404.0,10.0,843.0,0.0,26.0,490.0,0.0,0.0,0.0,0.0,0.0,67.0,2402.0,1087.0,0.0,456.0,825.0,147.0,2152.0,296.0,8.0,1024.0,9.0,3489.0,808.0,1239.0,5.0,0.0,58.06,41.94,1.3,12.56,23.06,4.13,61.9,9.17,0.2,28.52,0.22,100.0,22.81,35.45,0.59,0.96,3.32,13.52,36.18,33.48,6.07,6.15,0.0,2362.0,1706.0,53.0,511.0,938.0,168.0,2518.0,373.0,8.0,1160.0,9.0,4068.0,928.0,1442.0,24.0,39.0,135.0,550.0,1472.0,1362.0,247.0,250.0,0.0,32.6,12.66,12.68,0.25,23.82,0.0,0.64,14.43,0.0,0.0,0.0,0.0,0.0,1.65,61.9,9.17,0.2,28.52,0.22,100.0,14.09,14.28,53.49,18.14,1326.0,515.0,516.0,10.0,969.0,0.0,26.0,587.0,0.0,0.0,0.0,0.0,0.0,67.0,2518.0,373.0,8.0,1160.0,9.0,4068.0,573.0,581.0,2176.0,738.0
3538600,47.1,52.9,0.83,82.35,17.65,0.0,64.87,3.73,0.52,30.89,0.0,100.0,4.07,15.12,37.3,31.51,6.97,2.86,1.29,2879.0,3233.0,51.0,5033.0,1079.0,0.0,3965.0,228.0,32.0,1888.0,0.0,6112.0,249.0,924.0,2280.0,1926.0,426.0,175.0,79.0,3103.0,1154.0,62.0,45.0,723.0,2879.0,3233.0,5033.0,1079.0,0.0,466.0,1076.0,1558.0,1031.0,873.0,866.0,242.0,6112.0,472.0,554.0,56.49,43.51,2.57,85.7,19.93,65.78,11.54,0.0,1.21,100.0,0.62,6.71,28.89,45.03,11.82,4.37,0.0,73.62,3.7,7795.0,6005.0,354.0,11827.0,2750.0,9077.0,1593.0,0.0,167.0,13800.0,85.0,926.0,3987.0,6214.0,1631.0,603.0,0.0,10160.0,510.0,27.29,4.04,13.6,0.43,39.23,0.0,1.72,8.83,0.0,0.0,0.29,0.07,0.0,0.2,85.52,14.48,0.0,10.31,13.9,4.75,64.51,4.49,0.69,30.31,0.0,100.0,29.73,39.74,0.0,0.0,2773.0,410.0,1382.0,44.0,3986.0,0.0,175.0,897.0,0.0,0.0,29.0,7.0,0.0,20.0,8689.0,1471.0,0.0,1047.0,1412.0,483.0,6554.0,456.0,70.0,3080.0,0.0,10160.0,3021.0,4038.0,0.0,0.0,59.41,40.6,2.34,10.52,14.33,5.38,64.6,4.27,0.76,30.37,0.0,100.0,29.01,38.72,0.22,0.22,0.72,6.96,28.74,45.7,11.56,3.98,0.0,6339.0,4332.0,250.0,1122.0,1529.0,574.0,6893.0,456.0,81.0,3240.0,0.0,10670.0,3095.0,4131.0,23.0,24.0,77.0,743.0,3067.0,4876.0,1233.0,425.0,0.0,26.97,4.22,13.23,0.41,39.19,0.0,1.73,8.91,0.0,0.0,0.41,0.07,0.0,0.19,64.6,4.27,0.76,30.37,0.0,100.0,22.07,17.11,40.32,20.5,2878.0,450.0,1412.0,44.0,4182.0,0.0,185.0,951.0,0.0,0.0,44.0,7.0,0.0,20.0,6893.0,456.0,81.0,3240.0,0.0,10670.0,2355.0,1826.0,4302.0,2187.0
3538709,50.19,49.81,3.89,96.01,3.85,0.12,62.35,6.97,0.49,30.06,0.13,100.0,5.89,14.84,30.48,28.28,8.59,6.27,1.75,50622.0,50243.0,3920.0,96837.0,3885.0,125.0,62885.0,7034.0,490.0,30317.0,127.0,100865.0,5944.0,14966.0,30746.0,28524.0,8669.0,6329.0,1768.0,47185.0,16504.0,2606.0,789.0,11412.0,50622.0,50262.0,96847.0,3895.0,125.0,9183.0,12558.0,25820.0,19588.0,13229.0,19512.0,995.0,100884.0,15216.0,7172.0,55.34,44.66,7.39,93.65,11.7,81.95,3.07,0.02,0.52,100.0,0.76,5.15,21.43,38.81,15.72,10.74,0.01,82.97,2.06,114988.0,92814.0,15355.0,194610.0,24320.0,170290.0,6378.0,45.0,1087.0,207802.0,1571.0,10709.0,44531.0,80639.0,32671.0,22309.0,17.0,172410.0,4280.0,9.63,1.55,11.85,0.56,49.62,0.59,1.46,22.59,0.0,0.0,0.3,0.08,0.02,0.47,96.92,3.08,0.0,6.41,22.04,5.48,62.23,8.71,0.55,28.42,0.09,100.0,26.6,38.57,0.15,0.16,16610.0,2669.0,20447.0,972.0,85583.0,1010.0,2522.0,38960.0,0.0,0.0,519.0,132.0,30.0,811.0,167174.0,5315.0,0.0,11059.0,38013.0,9458.0,107343.0,15019.0,947.0,49024.0,156.0,172490.0,45884.0,66523.0,263.0,269.0,56.41,43.59,7.01,6.35,22.04,5.67,62.23,8.66,0.55,28.47,0.09,100.0,26.38,38.33,0.32,0.25,0.74,5.09,21.99,39.66,15.37,10.13,0.01,99689.0,77025.0,12380.0,11226.0,38947.0,10019.0,109966.0,15311.0,974.0,50306.0,156.0,176713.0,46625.0,67736.0,558.0,436.0,1310.0,8989.0,38861.0,70086.0,27166.0,17905.0,17.0,9.62,1.54,11.8,0.58,49.4,0.59,1.47,22.55,0.0,0.01,0.36,0.09,0.02,0.56,62.24,8.66,0.55,28.46,0.09,100.0,12.3,13.59,47.66,26.45,17013.0,2725.0,20869.0,1021.0,87344.0,1043.0,2591.0,39878.0,0.0,23.0,632.0,157.0,30.0,982.0,110045.0,15311.0,974.0,50327.0,156.0,176814.0,21743.0,24032.0,84274.0,46765.0
3538808,49.66,50.34,1.61,89.22,10.44,0.33,78.02,3.89,0.3,17.76,0.0,100.0,7.7,17.47,36.18,26.2,6.6,3.42,0.83,3787.0,3839.0,123.0,6804.0,796.0,25.0,5950.0,297.0,23.0,1354.0,0.0,7626.0,587.0,1332.0,2759.0,1998.0,503.0,261.0,63.0,3402.0,1403.0,135.0,55.0,1087.0,3787.0,3839.0,6804.0,796.0,25.0,705.0,1076.0,1806.0,1442.0,1179.0,1304.0,113.0,7626.0,812.0,731.0,57.06,42.94,3.9,91.6,12.54,79.06,7.31,0.0,0.26,100.0,1.35,6.65,29.95,39.79,11.5,6.86,0.0,82.46,3.91,8093.0,6090.0,553.0,12992.0,1779.0,11213.0,1037.0,0.0,37.0,14183.0,192.0,943.0,4248.0,5644.0,1631.0,973.0,0.0,11695.0,555.0,25.53,1.13,13.57,1.57,48.98,0.18,1.21,5.01,0.0,0.0,0.65,0.08,0.0,0.79,92.63,7.37,0.0,15.38,12.31,3.25,76.89,4.18,0.16,18.69,0.07,100.0,33.81,34.83,0.0,0.0,2988.0,132.0,1589.0,184.0,5734.0,21.0,142.0,587.0,0.0,0.0,76.0,9.0,0.0,92.0,10843.0,863.0,0.0,1800.0,1441.0,381.0,9001.0,489.0,19.0,2188.0,8.0,11706.0,3958.0,4077.0,0.0,0.0,57.93,42.07,3.17,15.39,12.56,3.11,77.03,4.22,0.16,18.52,0.07,100.0,33.01,34.93,0.18,0.28,1.4,6.64,30.75,40.09,11.37,6.59,0.0,7096.0,5154.0,388.0,1885.0,1539.0,381.0,9436.0,517.0,19.0,2269.0,8.0,12250.0,4044.0,4279.0,22.0,34.0,171.0,813.0,3767.0,4911.0,1393.0,807.0,0.0,25.17,1.08,13.29,1.61,48.93,0.17,1.16,5.11,0.0,0.0,0.74,0.07,0.0,0.81,77.02,4.22,0.15,18.53,0.07,100.0,18.16,17.87,40.98,22.99,3086.0,132.0,1630.0,197.0,5999.0,21.0,142.0,627.0,0.0,0.0,91.0,9.0,0.0,99.0,9444.0,517.0,19.0,2272.0,8.0,12261.0,2226.0,2191.0,5024.0,2819.0
3538907,50.37,49.61,2.18,85.92,14.05,0.0,64.94,5.1,0.47,29.46,0.0,100.0,6.01,32.47,26.06,24.31,5.7,2.9,0.36,2122.0,2090.0,92.0,3620.0,592.0,0.0,2736.0,215.0,20.0,1241.0,0.0,4213.0,253.0,1368.0,1098.0,1024.0,240.0,122.0,15.0,2085.0,863.0,91.0,24.0,402.0,2122.0,2090.0,3620.0,592.0,0.0,364.0,333.0,1113.0,962.0,703.0,658.0,79.0,4213.0,297.0,451.0,55.18,44.82,3.5,89.53,11.27,78.26,9.32,0.0,0.87,100.0,1.35,11.76,23.22,38.31,14.14,7.72,0.0,85.51,2.08,4758.0,3864.0,302.0,7719.0,972.0,6748.0,804.0,0.0,75.0,8622.0,116.0,1014.0,2002.0,3303.0,1219.0,666.0,0.0,7373.0,179.0,23.95,2.71,12.19,0.47,50.06,0.27,1.32,6.98,0.0,0.0,0.57,0.0,0.0,0.45,90.86,9.14,0.0,17.66,15.05,3.99,62.42,7.61,0.43,29.39,0.15,100.0,34.26,28.79,0.0,0.0,1766.0,200.0,899.0,35.0,3691.0,20.0,97.0,515.0,0.0,0.0,42.0,0.0,0.0,33.0,6699.0,674.0,0.0,1302.0,1110.0,294.0,4602.0,561.0,32.0,2167.0,11.0,7373.0,2526.0,2123.0,0.0,0.0,55.19,44.81,3.51,17.41,15.03,4.04,62.5,7.43,0.42,29.52,0.15,100.0,33.9,28.26,0.94,0.17,1.44,12.04,23.57,36.93,14.29,8.24,0.0,4168.0,3384.0,265.0,1315.0,1135.0,305.0,4720.0,561.0,32.0,2229.0,11.0,7552.0,2560.0,2134.0,71.0,13.0,109.0,909.0,1780.0,2789.0,1079.0,622.0,0.0,23.38,2.65,11.9,0.46,50.77,0.26,1.44,6.82,0.0,0.0,0.87,0.0,0.0,0.44,62.5,7.43,0.42,29.52,0.15,100.0,15.74,11.75,50.3,22.19,1766.0,200.0,899.0,35.0,3834.0,20.0,109.0,515.0,0.0,0.0,66.0,0.0,0.0,33.0,4720.0,561.0,32.0,2229.0,11.0,7552.0,1189.0,887.0,3799.0,1676.0
3539004,53.1,46.85,1.34,81.42,17.89,0.26,70.09,2.97,0.0,26.9,0.0,100.0,3.58,16.94,31.42,36.03,5.82,4.18,0.69,1232.0,1087.0,31.0,1889.0,415.0,6.0,1626.0,69.0,0.0,624.0,0.0,2320.0,83.0,393.0,729.0,836.0,135.0,97.0,16.0,1056.0,401.0,4.0,0.0,387.0,1232.0,1087.0,1889.0,415.0,6.0,284.0,181.0,612.0,480.0,352.0,405.0,5.0,2320.0,183.0,288.0,59.13,40.85,2.56,84.67,12.89,71.78,10.44,0.0,4.44,100.0,0.55,5.44,25.59,48.16,10.09,7.59,0.0,79.97,2.26,3422.0,2364.0,148.0,4900.0,746.0,4154.0,604.0,0.0,257.0,5787.0,32.0,315.0,1481.0,2787.0,584.0,439.0,0.0,4628.0,131.0,28.24,2.44,9.92,0.8,37.95,0.0,5.39,13.73,0.0,0.0,1.08,0.0,0.0,0.0,87.95,12.05,0.0,21.84,9.83,1.21,70.98,4.51,0.0,24.51,0.0,100.0,42.32,24.47,0.0,0.0,1310.0,113.0,460.0,37.0,1760.0,0.0,250.0,637.0,0.0,0.0,50.0,0.0,0.0,0.0,4079.0,559.0,0.0,1013.0,456.0,56.0,3292.0,209.0,0.0,1137.0,0.0,4638.0,1963.0,1135.0,0.0,0.0,58.7,41.3,2.29,21.67,10.11,1.62,71.19,4.35,0.0,24.46,0.0,100.0,42.41,23.9,0.0,0.0,0.48,5.7,25.62,48.3,9.67,7.97,0.0,2793.0,1965.0,109.0,1031.0,481.0,77.0,3387.0,207.0,0.0,1164.0,0.0,4758.0,2018.0,1137.0,0.0,0.0,23.0,271.0,1219.0,2298.0,460.0,379.0,0.0,27.77,2.5,9.88,0.78,38.13,0.06,5.24,13.57,0.0,0.0,1.2,0.0,0.0,0.46,71.04,4.45,0.0,24.52,0.0,100.0,27.37,12.96,41.97,17.72,1324.0,119.0,471.0,37.0,1818.0,3.0,250.0,647.0,0.0,0.0,57.0,0.0,0.0,22.0,3387.0,212.0,0.0,1169.0,0.0,4768.0,1305.0,618.0,2001.0,845.0
3539103,52.17,47.83,0.13,87.95,11.99,0.0,42.91,6.86,0.0,50.21,0.04,100.0,11.15,24.72,38.09,21.06,2.52,1.07,1.28,2480.0,2274.0,6.0,4181.0,570.0,0.0,2040.0,326.0,0.0,2387.0,2.0,4754.0,530.0,1175.0,1811.0,1001.0,120.0,51.0,61.0,2576.0,780.0,32.0,55.0,245.0,2480.0,2274.0,4181.0,570.0,0.0,241.0,253.0,1458.0,1047.0,729.0,1027.0,0.0,4754.0,680.0,387.0,55.5,44.5,0.65,54.28,13.42,40.86,42.89,0.0,0.61,100.0,1.31,11.24,35.03,38.95,8.82,4.01,0.0,81.84,1.38,4760.0,3816.0,56.0,4655.0,1151.0,3504.0,3678.0,0.0,52.0,8576.0,112.0,964.0,3004.0,3340.0,756.0,344.0,0.0,7019.0,118.0,18.19,0.3,8.59,0.91,32.41,0.14,1.44,36.26,0.0,0.2,0.63,0.0,0.11,0.23,49.15,50.85,0.0,8.28,28.49,13.91,41.53,12.38,0.13,45.89,0.09,100.0,18.31,27.98,1.97,0.0,1277.0,21.0,603.0,64.0,2275.0,10.0,101.0,2545.0,0.0,14.0,44.0,0.0,8.0,16.0,3450.0,3569.0,0.0,581.0,2000.0,976.0,2915.0,869.0,9.0,3221.0,6.0,7019.0,1285.0,1964.0,138.0,0.0,56.44,43.56,0.45,8.16,28.26,13.81,41.68,12.35,0.13,45.77,0.08,100.0,18.13,27.57,2.21,0.07,1.21,11.17,36.08,38.92,8.4,3.8,0.0,4053.0,3128.0,32.0,586.0,2029.0,992.0,2993.0,887.0,9.0,3287.0,6.0,7181.0,1302.0,1980.0,159.0,5.0,87.0,802.0,2591.0,2795.0,603.0,273.0,0.0,18.09,0.29,8.51,0.89,32.43,0.14,1.41,36.25,0.0,0.19,0.68,0.0,0.11,0.22,41.68,12.35,0.13,45.77,0.08,100.0,18.54,14.34,53.92,13.19,1299.0,21.0,611.0,64.0,2329.0,10.0,101.0,2603.0,0.0,14.0,49.0,0.0,8.0,16.0,2993.0,887.0,9.0,3287.0,6.0,7181.0,1331.0,1030.0,3872.0,947.0
3539202,50.58,49.42,0.81,86.27,13.57,0.15,56.09,2.14,1.07,40.57,0.12,100.0,5.33,17.27,34.95,31.76,6.84,1.68,1.32,2981.0,2913.0,48.0,5085.0,800.0,9.0,3306.0,126.0,63.0,2391.0,7.0,5894.0,314.0,1018.0,2060.0,1872.0,403.0,99.0,78.0,2658.0,830.0,22.0,19.0,956.0,2981.0,2913.0,5085.0,800.0,9.0,733.0,449.0,1429.0,1182.0,799.0,1268.0,34.0,5894.0,579.0,830.0,54.81,45.18,1.42,74.24,16.12,58.11,24.34,0.0,1.13,100.0,0.74,7.04,29.36,44.75,11.73,4.82,0.13,80.05,2.41,7013.0,5780.0,182.0,9498.0,2063.0,7435.0,3114.0,0.0,144.0,12794.0,95.0,901.0,3756.0,5725.0,1501.0,617.0,16.0,10241.0,308.0,25.96,2.94,16.73,0.5,35.55,0.14,2.47,13.76,0.0,0.0,0.28,0.0,0.0,0.41,71.91,28.09,0.0,14.76,17.85,4.35,51.86,6.18,1.1,40.78,0.08,100.0,30.08,31.86,0.0,0.0,2659.0,301.0,1713.0,51.0,3641.0,14.0,253.0,1409.0,0.0,0.0,29.0,0.0,0.0,42.0,7364.0,2877.0,0.0,1512.0,1828.0,445.0,5311.0,633.0,113.0,4176.0,8.0,10241.0,3080.0,3263.0,0.0,0.0,56.45,43.55,1.37,14.46,17.6,4.68,51.76,6.46,1.07,40.64,0.08,100.0,29.31,31.94,0.57,0.22,0.58,6.53,29.45,44.83,12.29,4.81,0.15,5955.0,4594.0,144.0,1525.0,1857.0,494.0,5460.0,681.0,113.0,4287.0,8.0,10549.0,3092.0,3369.0,60.0,23.0,61.0,689.0,3107.0,4729.0,1296.0,507.0,16.0,25.31,2.85,16.36,0.48,36.32,0.13,2.4,13.79,0.0,0.0,0.37,0.0,0.0,0.6,51.76,6.46,1.07,40.64,0.08,100.0,17.03,13.95,48.47,20.55,2670.0,301.0,1726.0,51.0,3831.0,14.0,253.0,1455.0,0.0,0.0,39.0,0.0,0.0,63.0,5460.0,681.0,113.0,4287.0,8.0,10549.0,1796.0,1472.0,5113.0,2168.0
3539301,51.24,48.76,3.1,91.67,8.13,0.14,69.36,4.43,0.37,25.83,0.0,100.0,7.43,16.69,31.9,26.15,9.22,4.76,0.75,9045.0,8608.0,547.0,16182.0,1435.0,24.0,12245.0,782.0,66.0,4560.0,0.0,17653.0,1312.0,2947.0,5632.0,4616.0,1628.0,840.0,132.0,8453.0,3267.0,461.0,74.0,2276.0,9045.0,8608.0,16182.0,1435.0,24.0,1670.0,2586.0,4261.0,3665.0,2467.0,2820.0,183.0,17653.0,1339.0,1782.0,55.37,44.63,5.65,92.05,15.35,76.7,6.27,0.03,0.78,100.0,1.47,6.15,25.07,39.14,13.82,8.66,0.03,79.3,3.7,19457.0,15684.0,1984.0,32349.0,5395.0,26954.0,2204.0,10.0,273.0,35141.0,518.0,2162.0,8809.0,13755.0,4857.0,3044.0,11.0,27866.0,1299.0,12.11,8.81,17.68,0.52,48.4,0.28,0.68,8.87,0.0,0.0,0.45,0.1,0.1,0.95,94.07,5.93,0.0,12.5,11.47,2.5,67.04,7.03,0.19,25.73,0.0,100.0,41.07,31.61,0.38,0.14,3381.0,2459.0,4935.0,144.0,13512.0,77.0,191.0,2477.0,0.0,0.0,126.0,28.0,27.0,264.0,26262.0,1655.0,0.0,3490.0,3203.0,697.0,18717.0,1964.0,53.0,7184.0,0.0,27918.0,11465.0,8826.0,105.0,39.0,55.97,44.03,5.65,12.2,11.55,3.24,66.98,6.99,0.18,25.85,0.0,100.0,40.27,31.12,0.88,0.36,1.35,5.99,24.57,40.0,13.77,8.64,0.04,16325.0,12843.0,1649.0,3559.0,3370.0,945.0,19536.0,2038.0,53.0,7540.0,0.0,29168.0,11746.0,9078.0,258.0,104.0,394.0,1747.0,7166.0,11666.0,4015.0,2520.0,11.0,11.78,8.74,17.27,0.49,48.1,0.34,0.8,9.02,0.0,0.0,0.65,0.1,0.09,1.31,67.04,6.97,0.18,25.81,0.0,100.0,13.74,14.24,43.16,28.85,3443.0,2553.0,5045.0,144.0,14053.0,100.0,234.0,2635.0,0.0,0.0,189.0,28.0,27.0,383.0,19588.0,2038.0,53.0,7540.0,0.0,29219.0,4015.0,4162.0,12612.0,8429.0
3539400,47.6,52.4,3.76,73.87,26.13,0.0,72.13,3.33,0.3,24.23,0.0,100.0,2.96,14.38,29.68,30.18,10.95,7.51,0.57,1913.0,2106.0,151.0,2969.0,1050.0,0.0,2899.0,134.0,12.0,974.0,0.0,4019.0,119.0,578.0,1193.0,1213.0,440.0,302.0,23.0,1856.0,820.0,80.0,9.0,487.0,1913.0,2106.0,2969.0,1050.0,0.0,345.0,683.0,982.0,771.0,474.0,720.0,45.0,4019.0,341.0,426.0,56.52,43.5,5.48,58.16,14.23,43.93,37.78,0.0,3.18,100.0,1.21,5.48,22.94,39.82,13.83,11.18,0.06,79.84,1.86,4427.0,3407.0,429.0,4556.0,1115.0,3441.0,2959.0,0.0,249.0,7833.0,95.0,429.0,1797.0,3119.0,1083.0,876.0,5.0,6254.0,146.0,11.82,0.99,9.03,0.62,63.6,0.13,1.79,10.29,0.0,0.0,0.27,0.0,0.0,0.48,54.71,45.29,0.0,11.47,14.83,1.5,68.98,3.85,1.1,25.97,0.1,100.0,19.65,51.98,0.0,0.0,740.0,62.0,565.0,39.0,3980.0,8.0,112.0,644.0,0.0,0.0,17.0,0.0,0.0,30.0,3424.0,2834.0,0.0,718.0,928.0,94.0,4317.0,241.0,69.0,1625.0,6.0,6258.0,1230.0,3253.0,0.0,0.0,55.3,44.7,4.69,11.22,14.73,1.59,68.86,3.86,1.08,26.11,0.09,100.0,19.44,51.38,0.61,0.42,1.13,5.27,23.23,40.53,14.45,10.7,0.0,3539.0,2861.0,300.0,718.0,943.0,102.0,4407.0,247.0,69.0,1671.0,6.0,6400.0,1244.0,3288.0,39.0,27.0,72.0,337.0,1487.0,2594.0,925.0,685.0,0.0,11.63,0.97,8.91,0.61,63.4,0.12,1.75,10.57,0.0,0.0,0.45,0.0,0.0,0.47,68.87,3.86,1.08,26.09,0.09,100.0,14.25,14.85,43.83,27.07,745.0,62.0,571.0,39.0,4061.0,8.0,112.0,677.0,0.0,0.0,29.0,0.0,0.0,30.0,4411.0,247.0,69.0,1671.0,6.0,6405.0,913.0,951.0,2807.0,1734.0
3539509,50.76,49.24,0.14,90.21,9.79,0.0,52.29,4.67,0.0,43.04,0.0,100.0,10.79,18.91,36.59,25.17,5.71,1.28,1.41,4356.0,4225.0,12.0,7741.0,840.0,0.0,4487.0,401.0,0.0,3693.0,0.0,8581.0,926.0,1623.0,3140.0,2160.0,490.0,110.0,121.0,4136.0,1733.0,132.0,22.0,878.0,4356.0,4225.0,7741.0,840.0,0.0,777.0,1001.0,2216.0,1678.0,1286.0,1536.0,87.0,8581.0,670.0,1010.0,58.88,41.12,1.16,87.97,11.02,76.95,10.03,0.12,0.98,100.0,2.29,9.51,31.99,39.36,11.13,4.55,0.0,82.8,4.29,9531.0,6657.0,188.0,14241.0,1784.0,12456.0,1623.0,19.0,159.0,16188.0,371.0,1540.0,5179.0,6372.0,1801.0,736.0,0.0,13403.0,695.0,16.06,19.54,9.81,0.31,20.02,0.07,1.25,31.54,0.0,0.0,0.28,0.0,0.0,0.31,89.79,10.22,0.0,10.28,20.18,6.36,49.5,8.9,0.0,41.6,0.0,100.0,28.2,34.31,0.16,0.0,2152.0,2619.0,1315.0,42.0,2683.0,10.0,168.0,4227.0,0.0,0.0,37.0,0.0,0.0,41.0,12034.0,1370.0,0.0,1378.0,2705.0,853.0,6635.0,1193.0,0.0,5576.0,0.0,13403.0,3780.0,4598.0,22.0,0.0,60.61,39.39,1.16,10.21,20.34,6.91,49.96,9.24,0.0,40.8,0.0,100.0,27.62,33.47,0.4,0.45,2.15,9.43,32.87,39.03,10.75,4.62,0.0,8545.0,5553.0,164.0,1440.0,2868.0,974.0,7044.0,1302.0,0.0,5752.0,0.0,14098.0,3894.0,4719.0,56.0,63.0,303.0,1329.0,4634.0,5502.0,1515.0,652.0,0.0,15.58,19.32,9.74,0.36,20.66,0.13,1.19,31.27,0.0,0.0,0.35,0.0,0.0,0.43,49.96,9.24,0.0,40.8,0.0,100.0,22.62,19.23,43.61,14.54,2197.0,2724.0,1373.0,51.0,2912.0,19.0,168.0,4409.0,0.0,0.0,50.0,0.0,0.0,61.0,7044.0,1302.0,0.0,5752.0,0.0,14098.0,3189.0,2711.0,6148.0,2050.0
3539608,49.19,50.81,0.0,86.59,13.41,0.0,61.08,2.44,0.71,35.47,0.41,100.0,15.24,24.09,32.22,23.88,3.46,1.12,0.0,484.0,500.0,0.0,852.0,132.0,0.0,601.0,24.0,7.0,349.0,4.0,984.0,150.0,237.0,317.0,235.0,34.0,11.0,0.0,516.0,179.0,4.0,11.0,73.0,484.0,500.0,852.0,132.0,0.0,61.0,61.0,301.0,202.0,179.0,173.0,6.0,984.0,85.0,116.0,59.71,40.29,0.68,84.69,17.82,66.86,11.44,0.0,3.01,100.0,2.1,10.85,30.22,39.24,11.9,5.06,0.0,74.07,4.24,1310.0,884.0,15.0,1858.0,391.0,1467.0,251.0,0.0,66.0,2194.0,46.0,238.0,663.0,861.0,261.0,111.0,0.0,1625.0,93.0,14.15,27.02,9.23,0.62,22.34,0.0,2.34,20.92,0.0,0.0,0.86,0.0,0.0,1.85,87.14,12.86,0.0,30.28,11.63,1.78,55.08,5.35,0.25,38.89,0.43,100.0,33.11,22.4,0.37,0.0,230.0,439.0,150.0,10.0,363.0,0.0,38.0,340.0,0.0,0.0,14.0,0.0,0.0,30.0,1416.0,209.0,0.0,492.0,189.0,29.0,895.0,87.0,4.0,632.0,7.0,1625.0,538.0,364.0,6.0,0.0,61.41,38.59,0.7,29.22,12.46,2.04,54.83,5.24,0.23,39.35,0.41,100.0,32.01,22.53,0.81,0.23,2.44,10.59,32.25,36.79,12.22,5.06,0.0,1055.0,663.0,12.0,502.0,214.0,35.0,942.0,90.0,4.0,676.0,7.0,1718.0,550.0,387.0,14.0,4.0,42.0,182.0,554.0,632.0,210.0,87.0,0.0,13.62,25.73,8.73,0.58,23.34,0.0,2.74,21.3,0.0,0.0,1.05,0.0,0.0,2.21,54.83,5.24,0.23,39.35,0.41,100.0,30.73,11.93,44.94,12.4,234.0,442.0,150.0,10.0,401.0,0.0,47.0,366.0,0.0,0.0,18.0,0.0,0.0,38.0,942.0,90.0,4.0,676.0,7.0,1718.0,528.0,205.0,772.0,213.0
3539707,46.67,53.33,1.33,82.13,17.33,0.53,66.53,2.53,0.0,30.93,0.0,100.0,7.47,29.73,39.6,18.13,1.47,1.47,0.8,350.0,400.0,10.0,616.0,130.0,4.0,499.0,19.0,0.0,232.0,0.0,750.0,56.0,223.0,297.0,136.0,11.0,11.0,6.0,370.0,106.0,7.0,3.0,78.0,350.0,400.0,616.0,130.0,4.0,28.0,67.0,199.0,166.0,112.0,174.0,5.0,750.0,106.0,81.0,58.82,41.18,2.46,74.13,14.52,59.61,24.28,0.0,0.94,100.0,1.59,13.8,32.51,37.72,7.37,4.62,0.0,54.26,29.7,814.0,570.0,34.0,1026.0,201.0,825.0,336.0,0.0,13.0,1384.0,22.0,191.0,450.0,522.0,102.0,64.0,0.0,751.0,411.0,37.02,1.33,9.19,0.0,30.49,0.0,3.2,14.38,0.0,0.0,1.33,0.0,0.27,2.66,71.9,28.1,0.0,18.11,20.77,2.66,57.79,3.99,0.0,38.22,0.0,100.0,27.83,30.23,0.4,0.0,278.0,10.0,69.0,0.0,229.0,0.0,24.0,108.0,0.0,0.0,10.0,0.0,2.0,20.0,540.0,211.0,0.0,136.0,156.0,20.0,434.0,30.0,0.0,287.0,0.0,751.0,209.0,227.0,3.0,0.0,58.91,41.09,2.33,20.16,17.14,2.76,58.31,4.91,0.0,36.78,0.0,100.0,29.97,29.2,0.26,0.52,1.89,12.4,34.63,37.38,7.32,4.13,0.0,684.0,477.0,27.0,234.0,199.0,32.0,677.0,57.0,0.0,427.0,0.0,1161.0,348.0,339.0,3.0,6.0,22.0,144.0,402.0,434.0,85.0,48.0,0.0,33.94,2.58,9.99,0.0,28.6,0.0,3.53,17.74,0.52,0.0,0.86,0.0,0.17,1.72,58.31,4.91,0.0,36.78,0.0,100.0,23.34,13.26,54.01,9.3,394.0,30.0,116.0,0.0,332.0,0.0,41.0,206.0,6.0,0.0,10.0,0.0,2.0,20.0,677.0,57.0,0.0,427.0,0.0,1161.0,271.0,154.0,627.0,108.0
3539806,49.92,50.08,1.38,81.01,18.9,0.09,50.04,10.01,0.39,39.53,0.03,100.0,7.37,19.76,31.9,26.03,8.54,2.28,2.74,13508.0,13552.0,373.0,21921.0,5114.0,23.0,13541.0,2708.0,106.0,10696.0,9.0,27059.0,1993.0,5348.0,8633.0,7044.0,2310.0,616.0,741.0,12871.0,4317.0,537.0,135.0,4096.0,13508.0,13552.0,21921.0,5114.0,23.0,3054.0,3384.0,6552.0,5941.0,3413.0,4477.0,237.0,27059.0,2241.0,2862.0,55.18,44.82,2.07,53.23,12.98,40.25,43.77,0.0,1.0,100.0,1.74,9.71,29.98,38.01,12.51,5.98,0.0,81.78,2.16,26522.0,21544.0,994.0,25584.0,6239.0,19345.0,21037.0,0.0,482.0,48066.0,834.0,4668.0,14412.0,18271.0,6015.0,2872.0,0.0,39310.0,1039.0,18.14,3.22,3.97,0.13,27.9,0.53,0.38,15.77,0.38,27.95,0.25,0.0,0.03,0.32,48.37,51.63,0.0,5.0,25.63,25.16,45.77,13.4,0.42,40.33,0.07,100.0,15.03,25.78,2.8,0.02,7130.0,1266.0,1560.0,50.0,10969.0,208.0,148.0,6199.0,149.0,10989.0,97.0,0.0,11.0,126.0,19014.0,20296.0,0.0,1967.0,10074.0,9892.0,17994.0,5268.0,166.0,15853.0,29.0,39310.0,5907.0,10134.0,1101.0,9.0,56.48,43.52,1.91,5.05,25.29,25.45,45.54,13.71,0.45,40.23,0.07,100.0,14.75,25.63,3.13,0.08,1.43,9.63,30.55,37.96,12.53,5.99,0.0,22808.0,17575.0,771.0,2038.0,10214.0,10279.0,18389.0,5537.0,181.0,16245.0,30.0,40382.0,5957.0,10349.0,1263.0,33.0,577.0,3888.0,12337.0,15330.0,5061.0,2417.0,0.0,18.0,3.14,3.86,0.12,27.91,0.52,0.37,15.83,0.37,28.13,0.24,0.0,0.03,0.39,45.54,13.71,0.45,40.23,0.07,100.0,10.47,14.41,53.69,21.43,7270.0,1269.0,1560.0,50.0,11271.0,208.0,148.0,6393.0,149.0,11359.0,97.0,0.0,11.0,156.0,18389.0,5537.0,181.0,16245.0,30.0,40382.0,4227.0,5821.0,21680.0,8655.0
3539905,48.38,51.62,1.26,79.6,20.4,0.0,57.58,5.23,0.0,37.18,0.0,100.0,5.69,23.29,38.18,21.48,5.42,3.52,1.17,536.0,572.0,14.0,882.0,226.0,0.0,638.0,58.0,0.0,412.0,0.0,1108.0,63.0,258.0,423.0,238.0,60.0,39.0,13.0,621.0,127.0,5.0,3.0,106.0,536.0,572.0,882.0,226.0,0.0,88.0,33.0,323.0,285.0,169.0,209.0,0.0,1108.0,105.0,142.0,58.4,41.6,2.47,82.61,11.58,71.03,14.48,0.0,2.54,100.0,1.49,9.58,32.05,36.01,11.32,7.11,0.0,82.21,3.3,1609.0,1146.0,68.0,2276.0,319.0,1957.0,399.0,0.0,70.0,2755.0,41.0,264.0,883.0,992.0,312.0,196.0,0.0,2265.0,91.0,18.35,31.74,7.9,0.4,29.15,0.0,1.54,9.48,0.0,0.0,0.92,0.0,0.0,0.31,84.5,15.5,0.0,20.32,11.68,3.16,61.5,7.55,0.13,30.68,0.13,100.0,48.99,15.23,0.57,0.0,418.0,723.0,180.0,9.0,664.0,0.0,35.0,216.0,0.0,0.0,21.0,0.0,0.0,7.0,1925.0,353.0,0.0,463.0,266.0,72.0,1401.0,172.0,3.0,699.0,3.0,2278.0,1116.0,347.0,13.0,0.0,58.62,41.38,2.59,20.37,11.76,3.31,61.93,7.72,0.13,30.14,0.13,100.0,48.47,15.07,0.81,0.21,1.44,9.85,32.3,37.27,11.25,5.31,0.0,1381.0,975.0,61.0,480.0,277.0,78.0,1459.0,182.0,3.0,710.0,3.0,2356.0,1142.0,355.0,19.0,5.0,34.0,232.0,761.0,878.0,265.0,125.0,0.0,18.15,31.11,7.77,0.38,29.34,0.3,1.48,9.88,0.0,0.0,0.89,0.0,0.0,0.46,61.8,7.68,0.13,30.27,0.13,100.0,25.79,15.53,42.59,16.08,430.0,737.0,184.0,9.0,695.0,7.0,35.0,234.0,0.0,0.0,21.0,0.0,0.0,11.0,1464.0,182.0,3.0,717.0,3.0,2369.0,611.0,368.0,1009.0,381.0
3540002,50.9,49.1,1.8,86.61,13.39,0.0,52.75,4.12,3.73,39.4,0.0,100.0,4.6,13.81,31.28,35.01,8.78,3.63,1.06,2399.0,2314.0,85.0,4082.0,631.0,0.0,2486.0,194.0,176.0,1857.0,0.0,4713.0,217.0,651.0,1474.0,1650.0,414.0,171.0,50.0,2170.0,693.0,116.0,10.0,734.0,2399.0,2314.0,4082.0,631.0,0.0,618.0,458.0,1288.0,895.0,630.0,815.0,9.0,4713.0,314.0,677.0,56.04,43.96,5.19,90.57,10.28,80.29,5.65,0.0,0.54,100.0,0.82,4.69,22.04,46.33,13.46,7.45,0.0,82.62,3.33,5982.0,4692.0,554.0,9667.0,1097.0,8570.0,603.0,0.0,58.0,10674.0,88.0,501.0,2353.0,4945.0,1437.0,795.0,0.0,8819.0,355.0,20.06,9.72,15.97,0.87,44.24,0.0,0.92,7.07,0.0,0.0,0.18,0.0,0.0,0.17,94.25,5.75,0.0,16.14,7.57,1.04,50.78,7.98,3.03,38.19,0.0,100.0,45.84,29.02,0.14,0.0,1774.0,859.0,1412.0,77.0,3912.0,0.0,81.0,625.0,0.0,0.0,16.0,0.0,0.0,15.0,8334.0,508.0,0.0,1427.0,669.0,92.0,4490.0,706.0,268.0,3377.0,0.0,8842.0,4053.0,2566.0,12.0,0.0,55.85,44.14,4.61,16.07,7.74,1.22,51.11,7.85,2.83,38.21,0.0,100.0,44.96,28.83,0.22,0.53,0.69,4.56,23.19,46.25,13.31,7.39,0.0,5124.0,4049.0,423.0,1474.0,710.0,112.0,4689.0,720.0,260.0,3505.0,0.0,9174.0,4125.0,2645.0,20.0,49.0,63.0,418.0,2127.0,4243.0,1221.0,678.0,0.0,19.65,9.43,15.6,0.84,44.97,0.0,0.88,7.13,0.0,0.0,0.38,0.0,0.0,0.16,51.05,7.83,2.91,38.21,0.0,100.0,15.46,14.98,43.51,26.04,1807.0,867.0,1435.0,77.0,4136.0,0.0,81.0,656.0,0.0,0.0,35.0,0.0,0.0,15.0,4695.0,720.0,268.0,3514.0,0.0,9197.0,1422.0,1378.0,4002.0,2395.0
3540101,45.13,55.01,1.86,84.1,16.05,0.0,64.61,1.29,0.0,33.95,0.0,100.0,9.17,23.5,28.65,28.65,7.88,0.29,0.0,315.0,384.0,13.0,587.0,112.0,0.0,451.0,9.0,0.0,237.0,0.0,698.0,64.0,164.0,200.0,200.0,55.0,2.0,0.0,373.0,103.0,19.0,10.0,69.0,315.0,384.0,587.0,112.0,0.0,69.0,58.0,182.0,152.0,103.0,125.0,10.0,698.0,48.0,76.0,61.67,38.33,3.7,82.55,13.92,68.63,16.33,0.0,1.12,100.0,1.52,8.81,28.17,39.73,12.29,5.72,0.0,80.53,4.43,1099.0,683.0,66.0,1471.0,248.0,1223.0,291.0,0.0,20.0,1782.0,27.0,157.0,502.0,708.0,219.0,102.0,0.0,1435.0,79.0,29.97,1.39,5.09,0.21,44.6,0.0,4.81,11.85,0.0,0.0,1.81,0.0,0.0,0.28,84.39,15.61,0.0,30.45,12.89,2.09,77.21,3.34,0.21,19.02,0.21,100.0,36.03,18.54,0.0,0.0,430.0,20.0,73.0,3.0,640.0,0.0,69.0,170.0,0.0,0.0,26.0,0.0,0.0,4.0,1211.0,224.0,0.0,437.0,185.0,30.0,1108.0,48.0,3.0,273.0,3.0,1435.0,517.0,266.0,0.0,0.0,62.35,37.71,3.24,29.06,13.67,2.77,77.61,3.37,0.2,18.63,0.2,100.0,34.54,18.36,0.53,1.06,0.92,8.65,30.85,39.23,11.1,6.01,0.0,944.0,571.0,49.0,440.0,207.0,42.0,1175.0,51.0,3.0,282.0,3.0,1514.0,523.0,278.0,8.0,16.0,14.0,131.0,467.0,594.0,168.0,91.0,0.0,28.6,1.32,5.02,0.2,45.77,0.0,4.95,12.15,0.0,0.0,1.72,0.0,0.0,0.26,77.61,3.37,0.2,18.63,0.2,100.0,25.63,12.48,40.62,21.33,433.0,20.0,76.0,3.0,693.0,0.0,75.0,184.0,0.0,0.0,26.0,0.0,0.0,4.0,1175.0,51.0,3.0,282.0,3.0,1514.0,388.0,189.0,615.0,323.0
3540200,50.3,49.7,0.48,91.25,8.75,0.0,41.52,5.42,0.0,53.06,0.0,100.0,10.3,18.47,41.82,22.3,4.66,0.9,1.07,4600.0,4545.0,44.0,8345.0,800.0,0.0,3797.0,496.0,0.0,4852.0,0.0,9145.0,942.0,1689.0,3824.0,2039.0,426.0,82.0,98.0,4615.0,1784.0,82.0,71.0,578.0,4600.0,4545.0,8345.0,800.0,0.0,574.0,782.0,2345.0,2108.0,1530.0,1762.0,42.0,9145.0,1011.0,1004.0,60.83,39.17,1.25,82.07,8.75,73.32,16.26,0.0,0.27,100.0,1.15,7.78,33.54,38.74,12.49,5.05,0.0,85.0,4.58,10717.0,6900.0,221.0,14459.0,1542.0,12917.0,2864.0,0.0,47.0,17617.0,202.0,1371.0,5908.0,6825.0,2201.0,890.0,0.0,14975.0,806.0,9.48,17.54,5.48,0.29,19.19,0.0,0.52,46.28,0.0,0.0,0.62,0.0,0.0,0.1,82.48,17.52,0.0,6.23,15.23,5.7,39.81,10.6,0.06,49.53,0.0,100.0,26.23,45.9,0.53,0.0,1420.0,2626.0,821.0,44.0,2874.0,0.0,78.0,6930.0,0.0,0.0,93.0,0.0,0.0,15.0,12352.0,2623.0,0.0,933.0,2281.0,853.0,5961.0,1588.0,9.0,7417.0,0.0,14975.0,3928.0,6874.0,79.0,0.0,63.86,36.14,1.35,6.5,15.62,5.89,39.81,10.35,0.06,49.78,0.0,100.0,26.15,44.82,0.75,0.11,0.99,7.52,33.16,39.27,12.4,5.3,0.0,10078.0,5703.0,213.0,1025.0,2465.0,929.0,6282.0,1634.0,9.0,7855.0,0.0,15781.0,4126.0,7073.0,118.0,18.0,156.0,1186.0,5233.0,6197.0,1957.0,837.0,0.0,9.31,17.22,5.61,0.28,19.91,0.0,0.49,45.97,0.0,0.0,0.65,0.0,0.0,0.1,39.81,10.35,0.06,49.78,0.0,100.0,27.63,18.97,40.62,12.77,1469.0,2717.0,886.0,44.0,3142.0,0.0,78.0,7254.0,0.0,0.0,102.0,0.0,0.0,15.0,6282.0,1634.0,9.0,7855.0,0.0,15781.0,4360.0,2994.0,6411.0,2016.0
3540259,52.54,47.46,0.0,88.04,11.86,0.1,51.55,8.77,0.0,39.68,0.0,100.0,7.88,23.43,42.87,20.74,3.99,0.6,0.6,527.0,476.0,0.0,883.0,119.0,1.0,517.0,88.0,0.0,398.0,0.0,1003.0,79.0,235.0,430.0,208.0,40.0,6.0,6.0,514.0,157.0,21.0,0.0,57.0,527.0,476.0,883.0,119.0,1.0,61.0,39.0,251.0,263.0,163.0,225.0,0.0,1003.0,141.0,113.0,63.02,36.98,0.72,56.24,11.76,44.48,43.25,0.0,0.51,100.0,1.69,10.48,38.83,38.21,7.55,2.52,0.0,86.18,1.54,1227.0,720.0,14.0,1095.0,229.0,866.0,842.0,0.0,10.0,1947.0,33.0,204.0,756.0,744.0,147.0,49.0,0.0,1678.0,30.0,18.71,4.35,5.42,1.67,18.36,0.0,13.47,37.37,0.0,0.0,0.18,0.0,0.0,0.18,51.25,48.75,0.0,18.06,33.61,10.25,40.11,13.47,0.0,46.42,0.0,100.0,17.52,19.9,0.3,0.0,314.0,73.0,91.0,28.0,308.0,0.0,226.0,627.0,0.0,0.0,3.0,0.0,0.0,3.0,860.0,818.0,0.0,303.0,564.0,172.0,673.0,226.0,0.0,779.0,0.0,1678.0,294.0,334.0,5.0,0.0,62.94,37.06,0.82,17.92,33.61,10.07,39.7,13.41,0.0,46.9,0.0,100.0,17.51,19.91,0.47,0.23,1.64,10.48,39.75,38.35,7.08,1.87,0.0,1075.0,633.0,14.0,306.0,574.0,172.0,678.0,229.0,0.0,801.0,0.0,1708.0,299.0,340.0,8.0,4.0,28.0,179.0,679.0,655.0,121.0,32.0,0.0,18.74,4.27,5.5,1.64,18.5,0.0,13.29,37.3,0.0,0.0,0.18,0.0,0.0,0.29,39.7,13.41,0.0,46.9,0.0,100.0,32.38,17.86,33.31,16.45,320.0,73.0,94.0,28.0,316.0,0.0,227.0,637.0,0.0,0.0,3.0,0.0,0.0,5.0,678.0,229.0,0.0,801.0,0.0,1708.0,553.0,305.0,569.0,281.0
3540309,51.97,47.84,0.0,72.23,27.77,0.0,52.72,9.19,0.0,37.9,0.0,100.0,5.07,17.07,47.09,23.08,6.75,1.13,0.0,277.0,255.0,0.0,385.0,148.0,0.0,281.0,49.0,0.0,202.0,0.0,533.0,27.0,91.0,251.0,123.0,36.0,6.0,0.0,283.0,67.0,0.0,0.0,72.0,277.0,255.0,385.0,148.0,0.0,30.0,53.0,175.0,106.0,62.0,104.0,3.0,533.0,69.0,42.0,57.04,43.05,1.96,87.52,14.53,72.99,12.3,0.0,0.27,100.0,0.71,6.06,34.49,42.96,10.43,3.21,0.0,83.24,2.05,640.0,483.0,22.0,982.0,163.0,819.0,138.0,0.0,3.0,1122.0,8.0,68.0,387.0,482.0,117.0,36.0,0.0,934.0,23.0,16.38,31.48,5.46,0.0,23.02,0.0,0.21,22.7,0.0,0.0,0.0,0.0,0.0,0.21,86.19,13.81,0.0,24.95,11.88,0.54,55.35,8.89,0.0,35.76,0.0,100.0,32.66,29.76,0.0,0.0,153.0,294.0,51.0,0.0,215.0,0.0,2.0,212.0,0.0,0.0,0.0,0.0,0.0,2.0,805.0,129.0,0.0,233.0,111.0,5.0,517.0,83.0,0.0,334.0,0.0,934.0,305.0,278.0,0.0,0.0,57.05,42.95,1.78,25.39,11.6,0.52,54.86,8.67,0.0,36.47,0.0,100.0,31.87,29.78,0.0,0.73,0.84,7.11,34.06,43.68,10.24,2.3,0.0,546.0,411.0,17.0,243.0,111.0,5.0,525.0,83.0,0.0,349.0,0.0,957.0,305.0,285.0,0.0,7.0,8.0,68.0,326.0,418.0,98.0,22.0,0.0,16.3,31.24,5.33,0.0,23.09,0.0,0.21,23.2,0.0,0.0,0.0,0.0,0.0,0.21,54.86,8.67,0.0,36.47,0.0,100.0,19.33,15.57,44.62,20.48,156.0,299.0,51.0,0.0,221.0,0.0,2.0,222.0,0.0,0.0,0.0,0.0,0.0,2.0,525.0,83.0,0.0,349.0,0.0,957.0,185.0,149.0,427.0,196.0
3540408,46.7,53.3,0.67,94.64,5.36,0.0,61.34,4.47,0.0,34.19,0.0,100.0,7.49,30.84,33.85,21.9,3.02,1.79,0.34,418.0,477.0,6.0,847.0,48.0,0.0,549.0,40.0,0.0,306.0,0.0,895.0,67.0,276.0,303.0,196.0,27.0,16.0,3.0,472.0,157.0,5.0,0.0,46.0,418.0,477.0,847.0,48.0,0.0,51.0,48.0,235.0,241.0,138.0,183.0,0.0,895.0,90.0,123.0,59.29,40.65,1.28,86.47,18.16,68.25,12.86,0.0,0.37,100.0,1.58,12.55,34.0,35.22,10.6,4.81,0.0,79.89,1.22,973.0,667.0,21.0,1419.0,298.0,1120.0,211.0,0.0,6.0,1641.0,26.0,206.0,558.0,578.0,174.0,79.0,0.0,1311.0,20.0,22.73,23.65,3.89,0.31,18.84,0.0,1.6,28.68,0.0,0.0,0.31,0.0,0.0,0.0,84.74,15.18,0.0,39.66,19.83,1.37,54.54,6.48,0.15,38.83,0.0,100.0,20.14,18.99,0.0,0.0,298.0,310.0,51.0,4.0,247.0,0.0,21.0,376.0,0.0,0.0,4.0,0.0,0.0,0.0,1111.0,199.0,0.0,520.0,260.0,18.0,715.0,85.0,2.0,509.0,0.0,1311.0,264.0,249.0,0.0,0.0,57.85,42.15,1.05,39.37,19.76,1.5,54.4,6.91,0.15,38.62,0.0,100.0,19.83,18.71,0.15,0.53,1.43,13.15,34.56,35.46,10.37,3.98,0.0,770.0,561.0,14.0,524.0,263.0,20.0,724.0,92.0,2.0,514.0,0.0,1331.0,264.0,249.0,2.0,7.0,19.0,175.0,460.0,472.0,138.0,53.0,0.0,22.39,23.67,4.06,0.3,19.16,0.0,1.58,28.25,0.0,0.0,0.6,0.0,0.0,0.0,54.4,6.91,0.15,38.62,0.0,100.0,27.95,15.25,34.18,22.61,298.0,315.0,54.0,4.0,255.0,0.0,21.0,376.0,0.0,0.0,8.0,0.0,0.0,0.0,724.0,92.0,2.0,514.0,0.0,1331.0,372.0,203.0,455.0,301.0
3540507,51.09,48.91,0.52,80.21,19.1,0.17,66.23,4.47,0.0,29.25,0.0,100.0,10.46,23.61,39.24,16.02,4.08,4.25,1.78,1177.0,1127.0,12.0,1848.0,440.0,4.0,1526.0,103.0,0.0,674.0,0.0,2304.0,241.0,544.0,904.0,369.0,94.0,98.0,41.0,1325.0,451.0,9.0,4.0,180.0,1177.0,1127.0,1848.0,440.0,4.0,167.0,265.0,629.0,489.0,346.0,303.0,104.0,2304.0,155.0,180.0,62.53,37.44,3.17,89.37,24.83,64.52,9.21,0.0,0.54,100.0,2.15,11.41,36.29,34.07,6.9,6.0,0.0,71.44,2.32,2647.0,1585.0,134.0,3783.0,1051.0,2731.0,390.0,0.0,23.0,4233.0,91.0,483.0,1536.0,1442.0,292.0,254.0,0.0,3024.0,98.0,28.64,2.55,14.35,0.5,44.48,0.0,1.29,7.41,0.0,0.0,0.17,0.0,0.0,0.26,89.19,10.85,0.0,12.93,8.47,6.68,67.63,6.35,0.0,26.03,0.0,100.0,34.76,36.61,0.56,0.0,866.0,77.0,434.0,15.0,1345.0,0.0,39.0,224.0,0.0,0.0,5.0,0.0,0.0,8.0,2697.0,328.0,0.0,391.0,256.0,202.0,2045.0,192.0,0.0,787.0,0.0,3024.0,1051.0,1107.0,17.0,0.0,62.94,37.06,2.02,13.23,8.2,7.17,66.94,6.66,0.0,26.36,0.0,100.0,33.86,35.71,1.22,0.42,2.05,10.28,36.9,36.61,6.73,5.41,0.0,1965.0,1157.0,63.0,413.0,256.0,224.0,2090.0,208.0,0.0,823.0,0.0,3122.0,1057.0,1115.0,38.0,13.0,64.0,321.0,1152.0,1143.0,210.0,169.0,0.0,28.22,2.47,13.9,0.48,44.71,0.0,1.47,7.17,0.0,0.0,0.35,0.0,0.0,0.42,66.94,6.66,0.0,26.36,0.0,100.0,25.88,23.54,39.14,11.43,881.0,77.0,434.0,15.0,1396.0,0.0,46.0,224.0,0.0,0.0,11.0,0.0,0.0,13.0,2090.0,208.0,0.0,823.0,0.0,3122.0,808.0,735.0,1222.0,357.0
3540606,50.17,49.83,1.26,94.14,5.86,0.0,68.47,6.34,0.11,24.99,0.08,100.0,4.95,17.87,38.2,27.77,5.74,3.06,1.16,6032.0,5990.0,151.0,11318.0,704.0,0.0,8232.0,762.0,13.0,3004.0,10.0,12022.0,595.0,2148.0,4592.0,3339.0,690.0,368.0,140.0,6561.0,2013.0,153.0,31.0,966.0,6032.0,5990.0,11318.0,704.0,0.0,750.0,970.0,3383.0,2850.0,1809.0,2212.0,48.0,12022.0,1131.0,1167.0,57.4,42.6,2.66,92.86,20.36,72.49,6.0,0.0,0.34,100.0,1.07,6.55,29.44,41.62,12.33,6.32,0.0,73.88,4.62,15362.0,11400.0,713.0,24850.0,5449.0,19401.0,1607.0,0.0,92.0,26762.0,286.0,1753.0,7880.0,11139.0,3300.0,1692.0,0.0,19772.0,1236.0,16.69,3.2,11.44,0.7,50.4,0.17,2.77,12.87,0.0,0.0,0.24,0.17,0.0,0.63,92.05,7.95,0.0,11.13,19.23,3.93,66.92,8.43,0.24,24.29,0.11,100.0,33.44,32.04,0.13,0.0,3332.0,639.0,2283.0,140.0,10061.0,34.0,552.0,2570.0,0.0,0.0,48.0,34.0,0.0,125.0,18375.0,1588.0,0.0,2221.0,3838.0,784.0,13360.0,1683.0,48.0,4849.0,22.0,19963.0,6675.0,6396.0,26.0,0.0,58.2,41.8,2.76,10.85,18.05,5.04,67.09,8.12,0.23,24.45,0.1,100.0,32.8,32.12,0.6,0.19,0.72,5.53,28.37,43.85,12.22,6.54,0.0,12227.0,8782.0,580.0,2280.0,3791.0,1059.0,14095.0,1706.0,48.0,5137.0,22.0,21008.0,6890.0,6748.0,127.0,40.0,152.0,1162.0,5959.0,9213.0,2567.0,1374.0,0.0,16.36,3.17,11.33,0.66,50.18,0.16,2.67,13.09,0.0,0.08,0.41,0.16,0.0,0.64,66.81,8.22,0.23,24.64,0.1,100.0,16.48,16.58,49.2,17.75,3471.0,672.0,2405.0,140.0,10648.0,34.0,566.0,2778.0,0.0,16.0,87.0,34.0,0.0,136.0,14175.0,1745.0,48.0,5228.0,22.0,21218.0,3496.0,3518.0,10439.0,3766.0
3540705,50.6,49.39,0.89,90.43,9.56,0.0,59.35,4.66,0.12,35.88,0.0,100.0,5.13,17.19,39.2,27.69,5.83,3.25,0.82,6553.0,6396.0,115.0,11711.0,1238.0,0.0,7686.0,603.0,15.0,4646.0,0.0,12950.0,664.0,2226.0,5076.0,3586.0,755.0,421.0,106.0,6438.0,2412.0,298.0,74.0,1366.0,6553.0,6396.0,11711.0,1238.0,0.0,1283.0,1863.0,3121.0,2541.0,1987.0,2004.0,150.0,12950.0,1117.0,1246.0,55.96,44.04,2.47,94.78,10.85,83.93,4.31,0.0,0.76,100.0,0.9,6.05,25.94,44.8,13.86,5.98,0.0,82.9,5.34,15308.0,12046.0,676.0,25927.0,2968.0,22959.0,1179.0,0.0,208.0,27354.0,246.0,1655.0,7095.0,12255.0,3790.0,1637.0,0.0,22677.0,1462.0,17.2,10.8,24.5,0.85,37.43,0.05,0.62,7.27,0.0,0.0,0.37,0.0,0.04,0.37,95.66,4.34,0.0,12.55,8.16,2.3,59.18,8.21,0.04,32.54,0.04,100.0,50.28,26.29,0.24,0.0,3901.0,2448.0,5556.0,192.0,8487.0,12.0,141.0,1648.0,0.0,0.0,84.0,0.0,10.0,84.0,21692.0,984.0,0.0,2846.0,1850.0,521.0,13420.0,1861.0,8.0,7379.0,9.0,22677.0,11402.0,5962.0,54.0,0.0,56.56,43.44,2.23,12.39,8.15,2.45,59.2,7.95,0.03,32.79,0.04,100.0,49.7,26.55,0.35,0.21,0.92,5.79,26.53,44.96,14.12,5.44,0.0,13652.0,10486.0,539.0,2990.0,1968.0,592.0,14289.0,1918.0,8.0,7915.0,9.0,24138.0,11997.0,6408.0,84.0,50.0,221.0,1398.0,6405.0,10852.0,3409.0,1314.0,0.0,16.7,10.67,24.23,0.92,37.69,0.05,0.69,7.39,0.0,0.0,0.58,0.0,0.04,0.35,59.2,7.95,0.03,32.79,0.04,100.0,21.17,19.91,40.0,18.92,4032.0,2576.0,5848.0,222.0,9097.0,12.0,167.0,1784.0,0.0,0.0,139.0,0.0,10.0,84.0,14289.0,1918.0,8.0,7915.0,9.0,24138.0,5109.0,4807.0,9654.0,4568.0
3540754,49.82,50.16,0.63,77.8,22.2,0.0,62.77,3.52,0.0,33.52,0.17,100.0,9.06,29.65,39.78,14.52,2.03,1.05,3.31,2381.0,2397.0,30.0,3718.0,1061.0,0.0,3000.0,168.0,0.0,1602.0,8.0,4779.0,433.0,1417.0,1901.0,694.0,97.0,50.0,158.0,2525.0,851.0,36.0,56.0,284.0,2381.0,2397.0,3718.0,1061.0,0.0,420.0,556.0,1160.0,1120.0,705.0,803.0,16.0,4779.0,580.0,448.0,56.63,43.37,0.84,55.56,17.63,37.91,41.06,0.0,0.23,100.0,2.55,13.9,43.69,31.31,6.69,1.03,0.0,77.71,1.27,4776.0,3657.0,71.0,4685.0,1487.0,3197.0,3463.0,0.0,19.0,8433.0,215.0,1172.0,3684.0,2640.0,564.0,87.0,0.0,6553.0,107.0,15.52,28.31,16.27,4.13,26.25,2.45,1.2,3.78,0.0,0.0,0.41,0.0,0.0,0.0,47.65,52.33,0.0,10.22,8.53,2.0,52.24,9.02,0.0,38.42,0.3,100.0,40.27,37.87,0.0,0.0,1019.0,1858.0,1068.0,271.0,1723.0,161.0,79.0,248.0,0.0,0.0,27.0,0.0,0.0,0.0,3128.0,3435.0,0.0,671.0,560.0,131.0,3429.0,592.0,0.0,2522.0,20.0,6564.0,2643.0,2486.0,0.0,0.0,59.91,40.09,0.86,10.36,8.41,2.12,51.76,9.19,0.0,38.74,0.3,100.0,39.68,38.23,0.12,0.0,2.37,14.29,43.63,31.46,6.07,1.31,0.0,3990.0,2670.0,57.0,690.0,560.0,141.0,3447.0,612.0,0.0,2580.0,20.0,6660.0,2643.0,2546.0,8.0,0.0,158.0,952.0,2906.0,2095.0,404.0,87.0,0.0,15.62,28.11,16.01,4.06,26.16,2.62,1.18,4.03,0.0,0.0,0.4,0.0,0.0,0.13,51.84,9.18,0.0,38.68,0.3,100.0,25.92,21.41,43.31,9.37,1042.0,1875.0,1068.0,271.0,1745.0,175.0,79.0,269.0,0.0,0.0,27.0,0.0,0.0,9.0,3458.0,612.0,0.0,2580.0,20.0,6670.0,1729.0,1428.0,2889.0,625.0
3540804,48.53,51.47,2.02,87.08,12.79,0.12,65.05,3.06,0.0,31.77,0.1,100.0,3.87,15.18,41.56,26.32,6.46,4.29,0.25,1969.0,2088.0,82.0,3533.0,519.0,5.0,2639.0,124.0,0.0,1289.0,4.0,4057.0,157.0,616.0,1686.0,1068.0,262.0,174.0,10.0,2233.0,628.0,38.0,6.0,345.0,1969.0,2088.0,3533.0,519.0,5.0,272.0,304.0,1268.0,889.0,575.0,720.0,29.0,4057.0,401.0,405.0,58.46,41.53,2.86,83.07,11.64,71.42,15.21,0.0,1.46,100.0,0.68,5.9,28.56,44.6,12.02,5.36,0.0,82.99,3.64,5654.0,4017.0,277.0,8035.0,1126.0,6908.0,1471.0,0.0,141.0,9672.0,66.0,571.0,2762.0,4314.0,1163.0,518.0,0.0,8027.0,352.0,16.94,12.11,12.07,0.62,41.37,0.0,0.85,15.27,0.0,0.0,0.15,0.0,0.0,0.27,84.07,15.93,0.0,14.82,14.04,2.07,67.3,3.69,0.0,28.95,0.05,100.0,43.27,25.61,0.0,0.0,1360.0,972.0,969.0,50.0,3321.0,0.0,68.0,1226.0,0.0,0.0,12.0,0.0,0.0,22.0,6748.0,1279.0,0.0,1190.0,1127.0,166.0,5402.0,296.0,0.0,2324.0,4.0,8027.0,3473.0,2056.0,0.0,0.0,61.25,38.75,2.79,15.01,14.19,2.18,66.92,3.53,0.04,29.47,0.05,100.0,42.28,25.48,0.13,0.41,0.58,6.22,28.55,45.44,11.27,5.16,0.0,5132.0,3247.0,234.0,1258.0,1189.0,183.0,5607.0,296.0,3.0,2469.0,4.0,8379.0,3543.0,2135.0,11.0,34.0,49.0,521.0,2392.0,3807.0,944.0,432.0,0.0,16.92,11.76,12.23,0.6,41.6,0.0,0.81,15.06,0.0,0.0,0.14,0.0,0.0,0.45,66.92,3.53,0.04,29.47,0.05,100.0,25.66,18.92,40.14,15.29,1418.0,985.0,1025.0,50.0,3486.0,0.0,68.0,1262.0,0.0,0.0,12.0,0.0,0.0,38.0,5607.0,296.0,3.0,2469.0,4.0,8379.0,2150.0,1585.0,3363.0,1281.0
3540853,48.16,51.84,0.0,92.28,7.72,0.0,48.53,0.0,0.0,51.47,0.0,100.0,15.44,15.07,40.07,29.41,0.0,0.0,0.0,131.0,141.0,0.0,251.0,21.0,0.0,132.0,0.0,0.0,140.0,0.0,272.0,42.0,41.0,109.0,80.0,0.0,0.0,0.0,152.0,57.0,0.0,0.0,6.0,131.0,141.0,251.0,21.0,0.0,17.0,20.0,93.0,50.0,34.0,57.0,0.0,272.0,38.0,20.0,56.69,43.31,1.91,71.02,5.73,65.45,25.8,0.0,0.0,100.0,0.64,6.53,43.15,39.81,6.05,1.91,0.0,89.33,1.75,356.0,272.0,12.0,446.0,36.0,411.0,162.0,0.0,0.0,628.0,4.0,41.0,271.0,250.0,38.0,12.0,0.0,561.0,11.0,45.45,5.17,4.63,0.0,20.14,0.0,0.0,22.46,0.71,0.0,0.0,0.0,0.0,1.07,72.01,27.99,0.0,29.41,18.18,5.53,42.25,7.31,0.0,50.45,0.0,100.0,30.12,15.33,1.25,0.0,255.0,29.0,26.0,0.0,113.0,0.0,0.0,126.0,4.0,0.0,0.0,0.0,0.0,6.0,404.0,157.0,0.0,165.0,102.0,31.0,237.0,41.0,0.0,283.0,0.0,561.0,169.0,86.0,7.0,0.0,54.72,45.28,2.1,29.2,18.71,5.42,42.31,7.17,0.0,50.52,0.0,100.0,29.55,15.03,1.22,0.0,0.0,4.9,44.58,40.21,5.94,2.1,0.0,313.0,259.0,12.0,167.0,107.0,31.0,242.0,41.0,0.0,289.0,0.0,572.0,169.0,86.0,7.0,0.0,0.0,28.0,255.0,230.0,34.0,12.0,0.0,44.58,5.07,4.55,0.0,20.1,0.0,0.0,22.9,0.7,0.0,0.0,0.0,0.0,1.05,42.31,7.17,0.0,50.52,0.0,100.0,18.01,15.03,49.48,17.31,255.0,29.0,26.0,0.0,115.0,0.0,0.0,131.0,4.0,0.0,0.0,0.0,0.0,6.0,242.0,41.0,0.0,289.0,0.0,572.0,103.0,86.0,283.0,99.0
3540903,52.27,47.73,0.79,90.46,9.54,0.0,56.67,3.46,0.0,39.87,0.0,100.0,7.07,19.18,37.71,24.66,4.73,3.29,2.55,2175.0,1986.0,33.0,3764.0,397.0,0.0,2358.0,144.0,0.0,1659.0,0.0,4161.0,294.0,798.0,1569.0,1026.0,197.0,137.0,106.0,2133.0,666.0,22.0,44.0,471.0,2175.0,1986.0,3764.0,397.0,0.0,453.0,461.0,968.0,976.0,539.0,729.0,34.0,4161.0,468.0,357.0,60.34,39.66,2.77,84.76,13.06,71.69,14.53,0.0,0.3,100.0,1.64,7.28,27.9,39.64,13.61,7.03,0.12,83.49,2.73,4623.0,3039.0,212.0,6494.0,1001.0,5493.0,1113.0,0.0,23.0,7662.0,126.0,558.0,2138.0,3037.0,1043.0,539.0,9.0,6397.0,209.0,8.46,20.81,7.16,0.61,33.33,0.2,2.92,25.79,0.0,0.0,0.34,0.0,0.0,0.11,84.46,15.54,0.0,9.02,20.54,5.22,55.81,8.41,0.0,35.66,0.11,100.0,34.81,30.26,0.0,0.0,541.0,1331.0,458.0,39.0,2132.0,13.0,187.0,1650.0,0.0,0.0,22.0,0.0,0.0,7.0,5403.0,994.0,0.0,577.0,1314.0,334.0,3570.0,538.0,0.0,2281.0,7.0,6397.0,2227.0,1936.0,0.0,0.0,62.94,37.06,2.48,8.9,21.4,5.19,56.06,8.36,0.0,35.47,0.11,100.0,33.86,29.76,0.77,0.0,1.8,7.07,28.49,39.92,13.47,6.77,0.0,4158.0,2448.0,164.0,588.0,1414.0,343.0,3703.0,552.0,0.0,2343.0,7.0,6606.0,2237.0,1966.0,51.0,0.0,119.0,467.0,1882.0,2637.0,890.0,447.0,0.0,8.34,20.15,7.19,0.59,33.8,0.2,2.83,25.9,0.0,0.0,0.44,0.0,0.0,0.32,56.06,8.36,0.0,35.47,0.11,100.0,22.19,14.24,42.28,21.27,551.0,1331.0,475.0,39.0,2233.0,13.0,187.0,1711.0,0.0,0.0,29.0,0.0,0.0,21.0,3703.0,552.0,0.0,2343.0,7.0,6606.0,1466.0,941.0,2793.0,1405.0
3541000,49.58,50.42,1.63,90.24,9.69,0.04,50.7,8.2,0.28,40.68,0.11,100.0,10.19,18.82,30.18,25.27,6.81,3.87,3.24,44792.0,45550.0,1469.0,81520.0,8751.0,34.0,45806.0,7408.0,257.0,36753.0,98.0,90341.0,9209.0,17001.0,27263.0,22829.0,6152.0,3492.0,2925.0,44394.0,16312.0,1760.0,342.0,8824.0,44792.0,45550.0,81520.0,8751.0,34.0,7361.0,11037.0,23664.0,18576.0,12894.0,15933.0,876.0,90341.0,10282.0,8426.0,54.95,45.05,4.96,74.16,13.61,60.55,20.48,0.03,2.09,100.0,2.39,8.84,26.55,35.56,12.94,8.7,0.05,77.11,3.91,83330.0,68330.0,7528.0,112471.0,20644.0,91827.0,31062.0,44.0,3170.0,151660.0,3628.0,13404.0,40267.0,53933.0,19631.0,13198.0,72.0,116948.0,5937.0,10.81,19.89,12.8,0.39,30.26,0.37,0.78,22.04,0.08,0.04,0.18,0.03,0.02,0.29,75.7,24.3,0.0,6.75,27.78,12.88,47.01,11.84,0.52,40.49,0.14,100.0,20.41,30.67,0.61,0.02,12650.0,23269.0,14974.0,459.0,35404.0,432.0,912.0,25784.0,88.0,51.0,215.0,34.0,24.0,343.0,88575.0,28429.0,0.0,7899.0,32508.0,15073.0,55002.0,13855.0,609.0,47370.0,169.0,117004.0,23875.0,35888.0,712.0,26.0,56.21,43.79,3.97,6.66,27.54,13.31,46.9,11.86,0.53,40.57,0.15,100.0,19.96,30.36,0.88,0.25,2.49,9.04,27.42,36.52,12.64,7.87,0.03,69099.0,53835.0,4883.0,8187.0,33856.0,16366.0,57656.0,14577.0,646.0,49876.0,179.0,122934.0,24537.0,37317.0,1076.0,310.0,3061.0,11119.0,33712.0,44901.0,15542.0,9680.0,37.0,10.63,19.72,12.71,0.42,30.07,0.39,0.8,22.19,0.08,0.06,0.23,0.03,0.02,0.4,46.89,11.86,0.53,40.58,0.15,100.0,15.13,15.81,48.01,21.05,13071.0,24259.0,15634.0,514.0,36984.0,485.0,982.0,27291.0,97.0,77.0,283.0,34.0,24.0,491.0,57668.0,14587.0,646.0,49911.0,179.0,122990.0,18603.0,19448.0,59047.0,25893.0
3541059,50.6,49.4,0.88,88.82,11.18,0.0,57.92,5.79,0.0,36.36,0.0,100.0,7.96,24.54,36.36,25.99,2.65,1.29,0.16,629.0,614.0,11.0,1104.0,139.0,0.0,720.0,72.0,0.0,452.0,0.0,1243.0,99.0,305.0,452.0,323.0,33.0,16.0,2.0,678.0,206.0,9.0,0.0,107.0,629.0,614.0,1104.0,139.0,0.0,76.0,87.0,382.0,298.0,172.0,221.0,7.0,1243.0,120.0,123.0,59.98,40.02,0.92,78.46,13.67,64.79,17.93,0.11,3.34,100.0,1.32,8.12,33.77,44.25,8.2,3.38,0.0,79.57,3.31,1632.0,1089.0,25.0,2135.0,372.0,1763.0,488.0,3.0,91.0,2721.0,36.0,221.0,919.0,1204.0,223.0,92.0,0.0,2165.0,90.0,21.66,2.03,3.19,0.42,19.91,0.14,3.19,45.22,0.0,0.0,1.99,0.0,0.0,0.0,79.35,20.65,0.0,14.36,29.38,9.61,55.57,9.88,0.0,34.55,0.0,100.0,20.97,23.65,0.32,0.0,469.0,44.0,69.0,9.0,431.0,3.0,69.0,979.0,0.0,0.0,43.0,0.0,0.0,0.0,1718.0,447.0,0.0,311.0,636.0,208.0,1203.0,214.0,0.0,748.0,0.0,2165.0,454.0,512.0,7.0,0.0,59.16,40.84,1.11,14.41,29.4,9.49,55.7,9.76,0.0,34.55,0.0,100.0,21.11,23.15,0.71,0.0,1.46,7.98,33.61,43.55,8.43,3.86,0.0,1334.0,921.0,25.0,325.0,663.0,214.0,1256.0,220.0,0.0,779.0,0.0,2255.0,476.0,522.0,16.0,0.0,33.0,180.0,758.0,982.0,190.0,87.0,0.0,21.69,1.95,3.06,0.4,20.27,0.13,3.06,44.66,0.0,0.0,2.48,0.0,0.0,0.0,55.7,9.76,0.0,34.55,0.0,100.0,33.66,18.49,38.98,8.91,489.0,44.0,69.0,9.0,457.0,3.0,69.0,1007.0,0.0,0.0,56.0,0.0,0.0,0.0,1256.0,220.0,0.0,779.0,0.0,2255.0,759.0,417.0,879.0,201.0
3541109,50.33,49.67,0.53,88.84,11.16,0.0,69.99,2.39,0.0,27.62,0.0,100.0,7.7,29.35,37.98,19.52,3.19,1.33,0.66,379.0,374.0,4.0,669.0,84.0,0.0,527.0,18.0,0.0,208.0,0.0,753.0,58.0,221.0,286.0,147.0,24.0,10.0,5.0,441.0,117.0,0.0,2.0,32.0,379.0,374.0,669.0,84.0,0.0,25.0,32.0,243.0,199.0,101.0,153.0,0.0,753.0,70.0,92.0,57.84,42.11,1.86,70.01,14.36,55.65,28.13,0.0,0.99,100.0,1.7,9.92,30.04,39.31,11.68,5.37,0.0,81.58,2.19,1055.0,768.0,34.0,1277.0,262.0,1015.0,513.0,0.0,18.0,1824.0,31.0,181.0,548.0,717.0,213.0,98.0,0.0,1488.0,40.0,27.89,1.08,4.5,0.0,38.1,0.0,3.09,22.72,0.0,0.0,1.08,0.0,0.0,1.21,67.34,32.66,0.0,14.52,21.64,9.88,62.1,5.78,0.0,32.19,0.0,100.0,26.41,27.08,0.0,0.0,415.0,16.0,67.0,0.0,567.0,0.0,46.0,338.0,0.0,0.0,16.0,0.0,0.0,18.0,1002.0,486.0,0.0,216.0,322.0,147.0,924.0,86.0,0.0,479.0,0.0,1488.0,393.0,403.0,0.0,0.0,56.9,43.03,1.37,14.13,21.91,9.74,62.07,5.95,0.0,31.98,0.0,100.0,25.9,26.88,0.0,0.78,1.31,7.52,32.57,40.75,11.45,4.97,0.0,870.0,658.0,21.0,216.0,335.0,149.0,949.0,91.0,0.0,489.0,0.0,1529.0,396.0,411.0,0.0,12.0,20.0,115.0,498.0,623.0,175.0,76.0,0.0,27.14,1.05,4.38,0.0,38.39,0.0,3.27,22.76,0.0,0.0,1.05,0.0,0.0,1.37,62.07,5.95,0.0,31.98,0.0,100.0,21.65,15.83,50.69,11.77,415.0,16.0,67.0,0.0,587.0,0.0,50.0,348.0,0.0,0.0,16.0,0.0,0.0,21.0,949.0,91.0,0.0,489.0,0.0,1529.0,331.0,242.0,775.0,180.0
3541208,50.98,49.06,0.82,82.38,17.62,0.0,63.91,4.0,0.41,31.61,0.12,100.0,9.79,18.64,29.77,26.84,7.63,4.77,1.75,1250.0,1203.0,20.0,2020.0,432.0,0.0,1567.0,98.0,10.0,775.0,3.0,2452.0,240.0,457.0,730.0,658.0,187.0,117.0,43.0,1176.0,406.0,66.0,3.0,312.0,1250.0,1203.0,2020.0,432.0,0.0,257.0,207.0,623.0,528.0,368.0,439.0,30.0,2452.0,184.0,306.0,58.99,41.01,2.47,74.52,17.7,56.82,22.59,0.0,1.47,100.0,1.53,7.95,25.54,43.71,13.22,5.48,0.09,76.71,2.7,3123.0,2171.0,131.0,3945.0,937.0,3008.0,1196.0,0.0,78.0,5294.0,81.0,421.0,1352.0,2314.0,700.0,290.0,5.0,4061.0,143.0,19.6,1.4,14.16,0.42,47.89,0.0,3.52,10.76,0.0,0.0,1.53,0.1,0.0,0.15,73.65,26.35,0.0,16.72,17.24,3.15,64.52,4.41,0.94,30.14,0.0,100.0,29.92,32.75,0.0,0.0,796.0,57.0,575.0,17.0,1945.0,0.0,143.0,437.0,0.0,0.0,62.0,4.0,0.0,6.0,2991.0,1070.0,0.0,679.0,700.0,128.0,2620.0,179.0,38.0,1224.0,0.0,4061.0,1215.0,1330.0,0.0,0.0,56.73,43.27,2.16,16.32,17.39,3.35,64.65,4.4,1.02,29.95,0.0,100.0,29.02,32.37,0.19,1.12,1.59,6.68,25.14,44.15,14.8,5.35,0.12,2385.0,1819.0,91.0,686.0,731.0,141.0,2718.0,185.0,43.0,1259.0,0.0,4204.0,1220.0,1361.0,8.0,47.0,67.0,281.0,1057.0,1856.0,622.0,225.0,5.0,19.17,1.36,14.01,0.4,47.81,0.0,3.4,11.25,0.0,0.0,1.9,0.1,0.0,0.14,64.65,4.4,1.02,29.95,0.0,100.0,14.41,13.06,46.88,25.64,806.0,57.0,589.0,17.0,2010.0,0.0,143.0,473.0,0.0,0.0,80.0,4.0,0.0,6.0,2718.0,185.0,43.0,1259.0,0.0,4204.0,606.0,549.0,1971.0,1078.0
3541307,49.15,50.85,0.64,92.93,7.07,0.0,47.21,5.3,1.0,46.49,0.0,100.0,9.88,26.09,32.78,20.26,5.02,2.93,2.43,4791.0,4957.0,62.0,9059.0,689.0,0.0,4602.0,517.0,97.0,4532.0,0.0,9748.0,963.0,2543.0,3195.0,1975.0,489.0,286.0,237.0,4705.0,1793.0,163.0,72.0,1114.0,4791.0,4957.0,9059.0,689.0,0.0,856.0,1285.0,2585.0,1829.0,1391.0,1605.0,196.0,9748.0,831.0,1071.0,55.21,44.8,2.1,89.19,13.56,75.63,8.94,0.19,0.62,100.0,2.72,12.57,30.33,36.1,10.01,6.18,0.0,80.38,4.39,9302.0,7548.0,353.0,15027.0,2284.0,12743.0,1507.0,32.0,104.0,16849.0,459.0,2118.0,5110.0,6083.0,1686.0,1041.0,0.0,13543.0,739.0,10.99,28.49,20.13,0.52,29.71,0.16,0.45,7.32,0.0,0.0,0.39,0.16,0.3,0.45,92.25,7.75,0.0,13.73,12.26,4.5,44.46,7.18,0.52,47.63,0.21,100.0,41.14,27.8,0.08,0.0,1489.0,3859.0,2726.0,70.0,4024.0,21.0,61.0,991.0,0.0,0.0,53.0,21.0,41.0,61.0,12495.0,1049.0,0.0,1860.0,1660.0,610.0,6022.0,972.0,71.0,6451.0,28.0,13544.0,5572.0,3765.0,11.0,0.0,56.96,43.03,2.25,13.2,12.96,4.66,43.87,7.25,0.5,48.19,0.2,100.0,39.71,27.02,0.83,0.84,2.49,12.33,30.07,36.7,10.15,6.02,0.0,8135.0,6146.0,321.0,1885.0,1851.0,665.0,6266.0,1035.0,71.0,6882.0,28.0,14282.0,5672.0,3859.0,119.0,120.0,356.0,1761.0,4294.0,5241.0,1449.0,860.0,0.0,10.59,27.45,19.46,0.49,30.07,0.15,0.43,8.07,0.0,0.0,0.57,0.23,0.29,0.72,43.87,7.25,0.5,48.19,0.2,100.0,18.33,16.2,45.89,19.58,1512.0,3921.0,2780.0,70.0,4295.0,21.0,61.0,1152.0,0.0,0.0,82.0,33.0,41.0,103.0,6266.0,1035.0,71.0,6883.0,28.0,14283.0,2618.0,2314.0,6554.0,2796.0
3541406,50.18,49.82,3.78,96.11,3.79,0.08,60.01,5.08,2.25,32.55,0.1,100.0,5.94,15.31,30.47,26.94,9.06,6.2,2.31,27986.0,27780.0,2107.0,53598.0,2115.0,42.0,33467.0,2835.0,1255.0,18154.0,55.0,55766.0,3310.0,8539.0,16991.0,15022.0,5050.0,3457.0,1290.0,23911.0,9914.0,1371.0,297.0,9397.0,27986.0,27780.0,53598.0,2115.0,42.0,6340.0,8738.0,12955.0,10121.0,7126.0,9333.0,1153.0,55766.0,5326.0,5551.0,54.35,45.65,6.4,92.99,12.07,80.92,3.92,0.01,0.95,100.0,1.06,6.05,23.34,38.21,15.19,9.7,0.05,82.32,2.4,59381.0,49870.0,6987.0,101595.0,13189.0,88406.0,4281.0,9.0,1037.0,109251.0,1159.0,6606.0,25499.0,41750.0,16593.0,10602.0,55.0,89939.0,2623.0,9.84,1.2,20.05,0.83,50.56,0.75,0.59,14.23,0.0,0.0,0.28,0.03,0.01,0.34,96.27,3.73,0.0,9.23,13.24,4.58,58.99,7.41,2.04,31.49,0.08,100.0,35.36,36.68,0.09,0.16,8851.0,1077.0,18042.0,744.0,45491.0,678.0,533.0,12799.0,0.0,0.0,250.0,23.0,10.0,302.0,86610.0,3360.0,0.0,8308.0,11908.0,4124.0,53069.0,6666.0,1831.0,28328.0,75.0,89970.0,31817.0,33000.0,79.0,141.0,55.3,44.7,6.31,9.13,13.34,4.74,58.95,7.34,2.11,31.52,0.08,100.0,34.84,36.21,0.27,0.63,0.99,6.09,23.83,38.95,14.94,8.87,0.02,51263.0,41434.0,5846.0,8464.0,12370.0,4390.0,54644.0,6802.0,1960.0,29216.0,75.0,92696.0,32291.0,33567.0,246.0,585.0,922.0,5647.0,22090.0,36101.0,13849.0,8219.0,22.0,9.84,1.16,19.74,0.82,50.54,0.74,0.57,14.22,0.0,0.0,0.42,0.02,0.01,0.39,58.96,7.34,2.11,31.51,0.08,100.0,12.98,14.66,43.02,29.35,9125.0,1077.0,18306.0,763.0,46863.0,689.0,533.0,13189.0,0.0,0.0,387.0,23.0,10.0,365.0,54675.0,6802.0,1960.0,29216.0,75.0,92728.0,12032.0,13592.0,39888.0,27215.0
3541505,49.78,50.22,1.57,91.67,8.33,0.0,60.84,4.09,1.53,33.56,0.0,100.0,4.88,15.49,28.9,33.13,9.69,4.04,2.31,3680.0,3712.0,116.0,6776.0,616.0,0.0,4497.0,302.0,113.0,2481.0,0.0,7392.0,361.0,1145.0,2136.0,2449.0,716.0,299.0,171.0,3512.0,1430.0,109.0,54.0,823.0,3680.0,3712.0,6776.0,616.0,0.0,519.0,794.0,1734.0,1586.0,1207.0,1311.0,241.0,7392.0,742.0,722.0,53.32,46.68,4.65,86.95,12.65,74.29,10.88,0.0,1.49,100.0,1.13,7.04,21.59,42.99,13.65,8.95,0.0,79.86,5.31,8702.0,7617.0,759.0,14189.0,2065.0,12123.0,1775.0,0.0,243.0,16319.0,185.0,1149.0,3524.0,7015.0,2227.0,1461.0,0.0,13033.0,866.0,21.43,3.04,26.29,2.78,41.72,0.15,1.07,1.69,0.0,0.0,0.38,0.0,0.0,0.27,90.32,9.67,0.0,18.44,10.36,2.1,53.08,7.9,1.49,37.53,0.0,100.0,40.89,27.73,0.0,0.0,2795.0,396.0,3429.0,362.0,5442.0,20.0,139.0,220.0,0.0,0.0,49.0,0.0,0.0,35.0,11782.0,1262.0,0.0,2405.0,1352.0,274.0,6924.0,1031.0,194.0,4896.0,0.0,13045.0,5334.0,3618.0,0.0,0.0,53.7,46.3,4.17,17.6,10.82,2.98,51.67,8.22,1.52,38.59,0.0,100.0,39.32,26.91,0.49,1.4,0.87,6.84,22.37,42.75,13.86,9.14,0.0,7463.0,6435.0,579.0,2446.0,1504.0,414.0,7181.0,1143.0,211.0,5363.0,0.0,13898.0,5464.0,3740.0,68.0,194.0,121.0,951.0,3109.0,5942.0,1926.0,1270.0,0.0,20.7,2.93,25.5,2.75,41.59,0.14,1.07,3.07,0.0,0.0,0.66,0.0,0.0,0.42,51.62,8.22,1.52,38.64,0.0,100.0,17.04,12.89,44.86,25.21,2879.0,407.0,3547.0,382.0,5785.0,20.0,149.0,427.0,0.0,0.0,92.0,0.0,0.0,58.0,7181.0,1143.0,211.0,5375.0,0.0,13910.0,2370.0,1793.0,6240.0,3507.0
3541604,51.63,48.37,0.65,91.25,8.68,0.0,57.04,4.01,0.37,38.4,0.16,100.0,10.03,17.98,34.15,24.74,5.22,3.54,3.7,4439.0,4159.0,56.0,7846.0,746.0,0.0,4904.0,345.0,32.0,3302.0,14.0,8598.0,862.0,1546.0,2936.0,2127.0,449.0,304.0,318.0,4165.0,1448.0,211.0,143.0,1001.0,4439.0,4159.0,7846.0,746.0,0.0,779.0,1146.0,2225.0,1773.0,1354.0,1248.0,71.0,8598.0,525.0,1106.0,58.2,41.81,3.21,87.7,14.23,73.47,10.16,0.0,0.74,100.0,2.74,8.18,27.17,40.83,10.56,7.21,0.11,76.57,7.06,9309.0,6688.0,514.0,14028.0,2276.0,11752.0,1625.0,0.0,118.0,15996.0,438.0,1308.0,4346.0,6531.0,1689.0,1153.0,18.0,12248.0,1129.0,13.25,10.02,15.87,0.71,36.78,0.0,2.05,19.45,0.0,0.0,0.42,0.0,0.0,0.86,88.07,11.93,0.0,10.87,12.12,3.33,57.28,5.02,0.6,36.9,0.2,100.0,36.13,36.93,0.16,0.0,1623.0,1227.0,1944.0,87.0,4505.0,0.0,251.0,2382.0,0.0,0.0,51.0,0.0,0.0,105.0,10787.0,1461.0,0.0,1331.0,1484.0,408.0,7016.0,615.0,73.0,4519.0,24.0,12248.0,4425.0,4523.0,20.0,0.0,57.32,42.68,3.4,10.56,12.46,3.22,56.97,5.22,0.55,37.09,0.18,100.0,35.46,37.09,0.38,0.29,2.45,7.51,27.17,40.86,10.89,7.66,0.04,7668.0,5709.0,455.0,1412.0,1667.0,431.0,7621.0,698.0,73.0,4961.0,24.0,13377.0,4743.0,4961.0,51.0,39.0,328.0,1005.0,3634.0,5466.0,1457.0,1025.0,6.0,13.9,10.11,15.71,0.73,35.19,0.0,1.88,20.03,0.0,0.0,0.71,0.0,0.04,1.04,56.97,5.22,0.55,37.09,0.18,100.0,20.83,18.0,40.62,20.55,1859.0,1353.0,2101.0,97.0,4707.0,0.0,251.0,2679.0,0.0,0.0,95.0,0.0,6.0,139.0,7621.0,698.0,73.0,4961.0,24.0,13377.0,2787.0,2408.0,5434.0,2749.0
3541653,48.25,51.61,0.4,87.1,12.9,0.0,70.03,0.94,0.27,28.63,0.0,100.0,4.03,27.42,39.38,24.06,1.34,2.82,0.54,359.0,384.0,3.0,648.0,96.0,0.0,521.0,7.0,2.0,213.0,0.0,744.0,30.0,204.0,293.0,179.0,10.0,21.0,4.0,418.0,108.0,4.0,0.0,57.0,359.0,384.0,648.0,96.0,0.0,60.0,31.0,220.0,187.0,125.0,120.0,0.0,744.0,48.0,108.0,61.28,38.78,2.72,90.99,35.47,55.45,7.52,0.0,0.26,100.0,0.58,9.92,35.6,41.63,5.45,4.09,0.0,62.65,0.32,945.0,598.0,42.0,1403.0,547.0,855.0,116.0,0.0,4.0,1542.0,9.0,153.0,549.0,642.0,84.0,63.0,0.0,966.0,5.0,28.36,5.28,17.39,1.04,43.89,0.62,1.66,1.14,0.0,0.0,0.21,0.0,0.0,0.0,88.2,11.8,0.0,26.09,6.83,0.72,67.49,3.42,0.62,28.16,0.31,100.0,32.82,33.02,0.0,0.0,274.0,51.0,168.0,10.0,424.0,6.0,16.0,11.0,0.0,0.0,2.0,0.0,0.0,0.0,852.0,114.0,0.0,252.0,66.0,7.0,652.0,33.0,6.0,272.0,3.0,966.0,317.0,319.0,0.0,0.0,58.7,41.3,2.16,25.95,7.0,0.72,67.15,3.4,0.62,28.53,0.31,100.0,32.96,32.85,0.0,0.0,0.93,9.06,39.96,37.18,4.84,5.77,0.0,570.0,401.0,21.0,252.0,68.0,7.0,652.0,33.0,6.0,277.0,3.0,971.0,320.0,319.0,0.0,0.0,9.0,88.0,388.0,361.0,47.0,56.0,0.0,28.22,5.25,17.3,1.03,43.98,0.62,1.65,1.13,0.0,0.0,0.41,0.0,0.0,0.0,67.15,3.4,0.62,28.53,0.31,100.0,27.81,18.23,38.62,15.24,274.0,51.0,168.0,10.0,427.0,6.0,16.0,11.0,0.0,0.0,4.0,0.0,0.0,0.0,652.0,33.0,6.0,277.0,3.0,971.0,270.0,177.0,375.0,148.0
3541703,49.66,50.34,1.32,89.52,10.48,0.0,49.86,4.24,0.29,45.58,0.0,100.0,8.2,24.04,35.17,24.69,4.6,1.45,0.55,1545.0,1566.0,41.0,2785.0,326.0,0.0,1551.0,132.0,9.0,1418.0,0.0,3111.0,255.0,748.0,1094.0,768.0,143.0,45.0,17.0,1597.0,452.0,102.0,37.0,267.0,1545.0,1566.0,2785.0,326.0,0.0,236.0,305.0,862.0,737.0,410.0,551.0,10.0,3111.0,308.0,348.0,59.65,40.35,1.77,88.89,11.04,77.88,9.39,0.0,0.31,100.0,1.52,10.16,31.48,39.73,10.55,4.79,0.0,85.27,1.98,3411.0,2307.0,101.0,5083.0,631.0,4453.0,537.0,0.0,18.0,5718.0,87.0,581.0,1800.0,2272.0,603.0,274.0,0.0,4876.0,113.0,18.62,4.79,8.92,0.59,31.23,0.0,1.8,32.91,0.0,0.0,0.23,0.0,0.0,0.14,89.89,10.11,0.0,14.92,18.6,3.87,47.83,6.18,0.1,45.87,0.0,100.0,28.37,33.79,0.1,0.0,910.0,234.0,436.0,29.0,1526.0,0.0,88.0,1608.0,0.0,0.0,11.0,0.0,0.0,7.0,4392.0,494.0,0.0,729.0,909.0,189.0,2337.0,302.0,5.0,2241.0,0.0,4886.0,1386.0,1651.0,5.0,0.0,60.67,39.35,1.9,14.73,18.24,4.19,48.33,6.21,0.1,45.38,0.0,100.0,28.04,33.39,0.26,0.6,1.64,9.62,31.45,39.43,11.1,4.85,0.0,3027.0,1963.0,95.0,735.0,910.0,209.0,2411.0,310.0,5.0,2264.0,0.0,4989.0,1399.0,1666.0,13.0,30.0,82.0,480.0,1569.0,1967.0,554.0,242.0,0.0,18.2,5.02,8.84,0.58,31.27,0.0,1.88,32.69,0.0,0.0,0.46,0.0,0.0,0.14,48.29,6.2,0.1,45.41,0.0,100.0,19.04,13.26,49.61,18.08,910.0,251.0,442.0,29.0,1563.0,0.0,94.0,1634.0,0.0,0.0,23.0,0.0,0.0,7.0,2414.0,310.0,5.0,2270.0,0.0,4999.0,952.0,663.0,2480.0,904.0
3541802,48.5,51.5,0.38,88.13,11.88,0.0,41.5,4.5,0.0,53.88,0.0,100.0,1.88,26.0,44.13,21.13,3.13,2.13,1.38,388.0,412.0,3.0,705.0,95.0,0.0,332.0,36.0,0.0,431.0,0.0,800.0,15.0,208.0,353.0,169.0,25.0,17.0,11.0,439.0,117.0,7.0,2.0,69.0,388.0,412.0,705.0,95.0,0.0,48.0,42.0,266.0,157.0,123.0,165.0,0.0,800.0,94.0,72.0,60.49,39.51,2.2,89.17,10.34,78.9,10.46,0.0,0.37,100.0,0.37,8.69,35.66,39.88,8.81,4.4,0.0,87.46,1.9,989.0,646.0,36.0,1458.0,169.0,1290.0,171.0,0.0,6.0,1635.0,6.0,142.0,583.0,652.0,144.0,72.0,0.0,1430.0,31.0,33.01,2.02,5.22,0.0,27.99,0.21,2.37,27.51,0.21,0.0,0.28,0.0,0.28,0.21,90.04,9.89,0.0,21.59,13.51,1.67,35.45,7.38,0.14,56.96,0.0,100.0,40.95,21.73,0.0,0.0,474.0,29.0,75.0,0.0,402.0,3.0,34.0,395.0,3.0,0.0,4.0,0.0,4.0,3.0,1293.0,142.0,0.0,310.0,194.0,24.0,509.0,106.0,2.0,818.0,0.0,1436.0,588.0,312.0,0.0,0.0,61.51,38.49,1.85,21.23,13.42,1.99,36.3,7.12,0.14,56.51,0.0,100.0,40.0,21.99,0.0,0.89,0.41,9.52,36.78,38.49,8.22,4.79,0.0,898.0,562.0,27.0,310.0,196.0,29.0,530.0,104.0,2.0,825.0,0.0,1460.0,584.0,321.0,0.0,13.0,6.0,139.0,537.0,562.0,120.0,70.0,0.0,32.33,1.98,5.32,0.0,28.17,0.2,2.52,27.9,0.2,0.0,0.27,0.0,0.27,0.2,36.15,7.23,0.14,56.48,0.0,100.0,25.1,14.94,47.07,12.89,474.0,29.0,78.0,0.0,413.0,3.0,37.0,409.0,3.0,0.0,4.0,0.0,4.0,3.0,530.0,106.0,2.0,828.0,0.0,1466.0,368.0,219.0,690.0,189.0
3541901,50.35,49.65,0.0,85.7,14.3,0.0,57.6,4.83,0.0,37.56,0.0,100.0,9.92,28.85,41.24,13.34,3.37,1.41,1.86,1000.0,986.0,0.0,1702.0,284.0,0.0,1144.0,96.0,0.0,746.0,0.0,1986.0,197.0,573.0,819.0,265.0,67.0,28.0,37.0,1046.0,286.0,49.0,7.0,153.0,1000.0,986.0,1702.0,284.0,0.0,155.0,163.0,584.0,446.0,319.0,319.0,0.0,1986.0,121.0,324.0,57.02,42.95,1.18,81.21,8.53,72.68,17.74,0.0,0.58,100.0,2.36,14.35,38.01,31.46,8.5,4.11,0.0,86.05,4.34,2273.0,1712.0,47.0,3237.0,340.0,2897.0,707.0,0.0,23.0,3986.0,94.0,572.0,1515.0,1254.0,339.0,164.0,0.0,3430.0,173.0,34.69,8.83,9.91,0.15,31.57,0.26,8.02,4.61,0.0,0.0,0.47,0.35,0.0,0.15,83.18,16.82,0.0,13.99,14.96,3.15,55.71,7.78,0.17,36.18,0.15,100.0,26.59,40.99,0.0,0.0,1190.0,303.0,340.0,5.0,1083.0,9.0,275.0,158.0,0.0,0.0,16.0,12.0,0.0,5.0,2853.0,577.0,0.0,480.0,513.0,108.0,1911.0,267.0,6.0,1241.0,5.0,3430.0,912.0,1406.0,0.0,0.0,57.48,42.55,1.19,13.32,15.96,3.66,54.23,7.63,0.17,37.86,0.14,100.0,25.7,39.77,0.72,0.56,2.33,14.21,38.77,31.92,8.33,3.28,0.0,2071.0,1533.0,43.0,480.0,575.0,132.0,1954.0,275.0,6.0,1364.0,5.0,3603.0,926.0,1433.0,26.0,20.0,84.0,512.0,1397.0,1150.0,300.0,118.0,0.0,33.8,8.79,9.67,0.14,32.17,0.25,7.77,4.81,0.0,0.0,0.44,0.33,0.0,0.91,54.26,7.74,0.17,37.7,0.14,100.0,25.43,13.24,47.21,14.12,1223.0,318.0,350.0,5.0,1164.0,9.0,281.0,174.0,0.0,0.0,16.0,12.0,0.0,33.0,1963.0,280.0,6.0,1364.0,5.0,3618.0,920.0,479.0,1708.0,511.0
3542008,48.14,51.86,0.58,78.06,21.84,0.0,53.35,6.11,0.64,39.9,0.0,100.0,2.6,20.83,39.9,28.91,4.68,2.55,0.0,906.0,976.0,11.0,1469.0,411.0,0.0,1004.0,115.0,12.0,751.0,0.0,1882.0,49.0,392.0,751.0,544.0,88.0,48.0,0.0,879.0,386.0,47.0,23.0,178.0,906.0,976.0,1469.0,411.0,0.0,160.0,294.0,425.0,375.0,255.0,333.0,41.0,1882.0,143.0,227.0,58.69,41.31,1.31,69.91,8.49,61.42,26.74,0.0,3.11,100.0,0.84,8.66,31.95,42.91,10.09,4.22,0.0,87.47,0.7,2019.0,1421.0,45.0,2405.0,292.0,2113.0,920.0,0.0,107.0,3440.0,29.0,298.0,1099.0,1476.0,347.0,145.0,0.0,3009.0,24.0,25.66,9.21,6.71,0.17,34.5,0.0,2.13,18.74,0.0,0.0,1.76,0.0,0.1,0.4,70.12,29.91,0.0,19.21,11.03,2.82,50.02,7.44,0.76,41.67,0.13,100.0,35.93,30.64,0.0,0.0,772.0,277.0,202.0,5.0,1038.0,0.0,64.0,564.0,0.0,0.0,53.0,0.0,3.0,12.0,2110.0,900.0,0.0,578.0,332.0,85.0,1505.0,224.0,23.0,1254.0,4.0,3009.0,1081.0,922.0,0.0,0.0,58.33,41.67,1.25,19.06,11.08,3.0,50.21,7.52,0.76,41.41,0.13,100.0,35.74,30.53,0.23,0.0,0.66,8.28,31.36,43.98,9.73,4.75,0.0,1769.0,1264.0,38.0,578.0,336.0,91.0,1523.0,228.0,23.0,1256.0,4.0,3033.0,1084.0,926.0,7.0,0.0,20.0,251.0,951.0,1334.0,295.0,144.0,0.0,25.45,9.13,6.66,0.16,34.69,0.0,2.11,18.93,0.0,0.0,1.75,0.0,0.1,0.4,50.21,7.52,0.76,41.41,0.13,100.0,18.27,16.02,48.27,17.44,772.0,277.0,202.0,5.0,1052.0,0.0,64.0,574.0,0.0,0.0,53.0,0.0,3.0,12.0,1523.0,228.0,23.0,1256.0,4.0,3033.0,554.0,486.0,1464.0,529.0
3542107,53.52,46.48,1.46,78.68,21.32,0.0,60.59,7.17,0.0,32.19,0.0,100.0,5.34,11.92,43.11,29.41,5.53,2.1,1.14,1172.0,1018.0,32.0,1723.0,467.0,0.0,1327.0,157.0,0.0,705.0,0.0,2190.0,117.0,261.0,944.0,644.0,121.0,46.0,25.0,943.0,359.0,39.0,131.0,220.0,1172.0,1018.0,1723.0,467.0,0.0,174.0,228.0,564.0,451.0,383.0,371.0,20.0,2190.0,223.0,274.0,57.04,42.98,2.52,53.4,12.11,41.29,43.55,0.16,0.16,100.0,0.96,5.24,29.86,43.49,13.74,4.17,0.0,81.41,3.62,2491.0,1877.0,110.0,2332.0,529.0,1803.0,1902.0,7.0,7.0,4367.0,42.0,229.0,1304.0,1899.0,600.0,182.0,0.0,3555.0,158.0,20.96,4.92,15.5,0.34,38.99,0.42,0.65,14.94,0.0,0.0,0.28,0.0,0.0,0.0,49.28,50.72,0.0,15.81,13.39,1.52,59.97,11.48,0.62,27.9,0.0,100.0,36.26,32.24,0.0,0.0,745.0,175.0,551.0,12.0,1386.0,15.0,23.0,531.0,0.0,0.0,10.0,0.0,0.0,0.0,1752.0,1803.0,0.0,562.0,476.0,54.0,2132.0,408.0,22.0,992.0,0.0,3555.0,1289.0,1146.0,0.0,0.0,59.52,40.45,1.83,16.13,13.06,1.75,59.63,11.42,0.59,28.36,0.0,100.0,35.79,32.27,0.0,0.0,0.46,5.47,30.97,44.28,13.92,3.07,0.0,2210.0,1502.0,68.0,599.0,485.0,65.0,2214.0,424.0,22.0,1053.0,0.0,3713.0,1329.0,1198.0,0.0,0.0,17.0,203.0,1150.0,1644.0,517.0,114.0,0.0,20.41,4.71,15.43,0.32,39.59,0.4,0.73,14.46,0.0,0.0,0.86,0.0,0.0,0.0,59.63,11.42,0.59,28.36,0.0,100.0,26.12,14.46,42.53,16.89,758.0,175.0,573.0,12.0,1470.0,15.0,27.0,537.0,0.0,0.0,32.0,0.0,0.0,0.0,2214.0,424.0,22.0,1053.0,0.0,3713.0,970.0,537.0,1579.0,627.0
3542206,48.6,51.42,0.35,90.48,9.39,0.15,60.11,2.79,0.51,36.59,0.0,100.0,9.36,18.7,38.26,22.37,4.7,2.71,3.57,3226.0,3413.0,23.0,6006.0,623.0,10.0,3990.0,185.0,34.0,2429.0,0.0,6638.0,621.0,1241.0,2540.0,1485.0,312.0,180.0,237.0,3131.0,950.0,129.0,27.0,835.0,3226.0,3413.0,6006.0,623.0,10.0,528.0,769.0,1726.0,1412.0,907.0,1249.0,48.0,6638.0,723.0,844.0,56.18,43.82,1.94,92.48,16.54,75.95,5.68,0.0,1.15,100.0,2.15,8.46,30.87,39.69,10.6,6.29,0.0,79.17,2.31,6935.0,5410.0,240.0,11417.0,2042.0,9376.0,701.0,0.0,142.0,12345.0,265.0,1044.0,3811.0,4900.0,1308.0,777.0,0.0,9773.0,285.0,20.88,13.51,17.38,0.07,37.29,0.0,2.06,6.55,0.0,0.0,1.15,0.0,0.0,0.09,94.32,5.68,0.0,18.57,11.89,1.3,56.96,5.27,0.5,37.27,0.0,100.0,39.66,27.84,0.14,0.0,2041.0,1320.0,1699.0,7.0,3644.0,0.0,201.0,640.0,0.0,0.0,112.0,0.0,0.0,9.0,9218.0,555.0,0.0,1815.0,1162.0,127.0,5567.0,515.0,49.0,3642.0,0.0,9773.0,3876.0,2721.0,14.0,0.0,57.06,42.94,1.56,18.35,11.81,1.72,56.91,5.11,0.49,37.5,0.0,100.0,39.65,27.36,0.14,0.09,1.7,7.4,31.95,40.44,10.78,6.17,0.0,5749.0,4327.0,157.0,1849.0,1190.0,173.0,5734.0,515.0,49.0,3778.0,0.0,10076.0,3995.0,2757.0,14.0,9.0,171.0,746.0,3219.0,4075.0,1086.0,622.0,0.0,20.92,13.1,17.17,0.07,37.52,0.05,1.99,6.54,0.0,0.0,1.26,0.0,0.0,0.09,56.91,5.11,0.49,37.5,0.0,100.0,16.46,14.34,48.34,20.85,2108.0,1320.0,1730.0,7.0,3781.0,5.0,201.0,659.0,0.0,0.0,127.0,0.0,0.0,9.0,5734.0,515.0,49.0,3778.0,0.0,10076.0,1659.0,1445.0,4871.0,2101.0
3542305,51.87,48.13,0.0,88.67,11.33,0.0,69.42,4.19,0.34,26.05,0.0,100.0,18.01,31.82,36.81,9.63,2.49,0.0,1.36,458.0,425.0,0.0,783.0,100.0,0.0,613.0,37.0,3.0,230.0,0.0,883.0,159.0,281.0,325.0,85.0,22.0,0.0,12.0,567.0,174.0,0.0,5.0,40.0,458.0,425.0,783.0,100.0,0.0,41.0,92.0,273.0,220.0,155.0,89.0,13.0,883.0,17.0,79.0,67.44,32.5,0.66,82.53,28.31,54.22,14.24,0.0,0.0,100.0,4.07,18.25,41.65,27.89,5.27,2.15,0.0,64.57,3.83,1127.0,543.0,11.0,1379.0,473.0,906.0,238.0,0.0,0.0,1671.0,68.0,305.0,696.0,466.0,88.0,36.0,0.0,1079.0,64.0,27.25,5.47,19.65,1.3,25.49,0.0,1.11,17.7,0.0,0.0,1.3,0.0,0.0,0.0,80.17,19.83,0.0,10.94,30.4,5.19,69.14,6.95,0.19,23.73,0.0,100.0,24.37,28.54,0.0,0.0,294.0,59.0,212.0,14.0,275.0,0.0,12.0,191.0,0.0,0.0,14.0,0.0,0.0,0.0,865.0,214.0,0.0,118.0,328.0,56.0,746.0,75.0,2.0,256.0,0.0,1079.0,263.0,308.0,0.0,0.0,65.88,34.21,0.96,10.32,30.18,7.79,69.2,7.61,0.17,23.01,0.0,100.0,23.01,27.21,0.35,0.26,2.97,18.46,41.12,30.1,4.11,2.36,0.0,753.0,391.0,11.0,118.0,345.0,89.0,791.0,87.0,2.0,263.0,0.0,1143.0,263.0,311.0,4.0,3.0,34.0,211.0,470.0,344.0,47.0,27.0,0.0,27.65,5.16,19.69,1.22,25.63,0.0,1.05,16.97,0.0,0.0,1.22,0.0,0.0,0.0,69.2,7.61,0.17,23.01,0.0,100.0,32.55,20.73,34.91,11.81,316.0,59.0,225.0,14.0,293.0,0.0,12.0,194.0,0.0,0.0,14.0,0.0,0.0,0.0,791.0,87.0,2.0,263.0,0.0,1143.0,372.0,237.0,399.0,135.0
3542404,51.02,48.98,1.22,88.33,11.39,0.27,60.86,4.16,0.38,34.6,0.0,100.0,7.02,19.0,37.17,26.17,7.59,1.51,0.32,2427.0,2330.0,58.0,4202.0,542.0,13.0,2895.0,198.0,18.0,1646.0,0.0,4757.0,334.0,904.0,1768.0,1245.0,361.0,72.0,15.0,2242.0,773.0,49.0,12.0,489.0,2427.0,2330.0,4202.0,542.0,13.0,417.0,402.0,1200.0,921.0,744.0,1062.0,12.0,4757.0,502.0,690.0,56.66,43.34,3.06,77.61,10.6,67.0,20.18,0.0,1.65,100.0,1.57,7.93,26.84,42.8,12.96,4.84,0.0,85.06,2.12,5557.0,4250.0,300.0,7611.0,1040.0,6571.0,1979.0,0.0,162.0,9807.0,154.0,778.0,2632.0,4197.0,1271.0,475.0,0.0,8342.0,208.0,18.52,2.57,16.18,0.88,47.52,0.12,1.26,11.4,0.0,0.0,0.34,0.0,0.0,0.16,76.78,23.22,0.0,18.1,11.4,1.56,54.44,5.53,1.71,38.31,0.0,100.0,30.63,37.63,0.0,0.24,1545.0,214.0,1350.0,73.0,3964.0,10.0,105.0,951.0,0.0,0.0,28.0,0.0,0.0,13.0,6405.0,1937.0,0.0,1510.0,951.0,130.0,4541.0,461.0,143.0,3196.0,0.0,8342.0,2555.0,3139.0,0.0,20.0,57.32,42.67,3.13,18.26,11.49,1.52,54.3,5.53,1.67,38.48,0.0,100.0,30.67,36.98,0.09,0.44,1.12,7.79,26.53,43.35,13.84,4.25,0.0,4901.0,3648.0,268.0,1561.0,982.0,130.0,4643.0,473.0,143.0,3290.0,0.0,8550.0,2622.0,3162.0,8.0,38.0,96.0,666.0,2268.0,3706.0,1183.0,363.0,0.0,18.71,2.5,16.28,0.85,47.26,0.12,1.23,11.23,0.0,0.0,0.33,0.09,0.0,0.25,54.3,5.53,1.67,38.48,0.0,100.0,17.77,15.11,42.42,24.69,1600.0,214.0,1392.0,73.0,4041.0,10.0,105.0,960.0,0.0,0.0,28.0,8.0,0.0,21.0,4643.0,473.0,143.0,3290.0,0.0,8550.0,1519.0,1292.0,3627.0,2111.0
3542503,44.78,55.3,0.0,88.03,11.61,0.0,68.58,5.95,0.0,25.11,0.36,100.0,4.5,20.97,36.28,28.3,6.31,1.45,2.25,617.0,762.0,0.0,1213.0,160.0,0.0,945.0,82.0,0.0,346.0,5.0,1378.0,62.0,289.0,500.0,390.0,87.0,20.0,31.0,658.0,278.0,20.0,10.0,109.0,617.0,762.0,1213.0,160.0,0.0,118.0,216.0,363.0,219.0,158.0,263.0,41.0,1378.0,150.0,153.0,58.87,41.13,1.97,88.51,16.91,71.61,9.55,0.0,0.38,100.0,0.99,7.85,20.7,47.27,13.04,8.23,0.0,80.4,0.76,1553.0,1085.0,52.0,2335.0,446.0,1889.0,252.0,0.0,10.0,2638.0,26.0,207.0,546.0,1247.0,344.0,217.0,0.0,2121.0,20.0,19.71,10.23,6.13,0.47,38.47,0.0,2.69,20.18,0.0,0.0,0.71,0.0,0.0,0.0,88.59,11.41,0.0,15.46,20.65,12.35,70.72,5.37,0.0,23.39,0.47,100.0,28.38,22.44,0.47,0.0,418.0,217.0,130.0,10.0,816.0,0.0,57.0,428.0,0.0,0.0,15.0,0.0,0.0,0.0,1879.0,242.0,0.0,328.0,438.0,262.0,1500.0,114.0,0.0,496.0,10.0,2121.0,602.0,476.0,10.0,0.0,60.86,39.19,1.91,15.32,20.92,12.47,71.04,5.32,0.0,23.17,0.47,100.0,28.4,22.23,0.47,0.0,0.98,7.15,20.74,48.01,14.43,6.77,0.0,1303.0,839.0,41.0,328.0,448.0,267.0,1521.0,114.0,0.0,496.0,10.0,2141.0,608.0,476.0,10.0,0.0,21.0,153.0,444.0,1028.0,309.0,145.0,0.0,19.76,10.14,6.07,0.47,38.81,0.0,2.66,19.99,0.0,0.0,0.7,0.0,0.0,0.0,71.04,5.32,0.0,23.17,0.47,100.0,27.56,13.69,42.64,16.16,423.0,217.0,130.0,10.0,831.0,0.0,57.0,428.0,0.0,0.0,15.0,0.0,0.0,0.0,1521.0,114.0,0.0,496.0,10.0,2141.0,590.0,293.0,913.0,346.0
3542602,48.94,51.06,0.83,97.26,2.6,0.14,58.15,3.77,1.73,36.36,0.0,100.0,10.05,26.0,31.85,19.63,6.59,4.07,0.97,7234.0,7546.0,123.0,14375.0,385.0,20.0,8594.0,557.0,256.0,5374.0,0.0,14780.0,1485.0,3843.0,4707.0,2902.0,974.0,602.0,144.0,7861.0,2984.0,194.0,64.0,1334.0,7234.0,7546.0,14375.0,385.0,20.0,1148.0,1707.0,3968.0,3239.0,2266.0,2301.0,152.0,14780.0,952.0,1390.0,57.85,42.15,3.45,88.68,13.7,74.98,5.57,0.03,0.9,100.0,1.95,11.6,31.22,32.78,11.98,6.94,0.07,77.17,3.41,15495.0,11292.0,925.0,23756.0,3670.0,20085.0,1492.0,9.0,241.0,26787.0,522.0,3106.0,8364.0,8781.0,3208.0,1860.0,19.0,20672.0,914.0,19.74,9.67,16.45,1.01,39.78,0.21,0.51,10.09,0.0,0.0,0.73,0.06,0.0,0.36,94.58,5.42,0.0,10.36,21.15,2.53,51.99,6.45,3.04,38.46,0.05,100.0,35.74,29.44,0.33,0.0,4080.0,1999.0,3400.0,209.0,8224.0,43.0,105.0,2086.0,0.0,0.0,150.0,12.0,0.0,75.0,19551.0,1121.0,0.0,2142.0,4372.0,522.0,10748.0,1334.0,628.0,7951.0,11.0,20672.0,7388.0,6085.0,68.0,0.0,59.19,40.81,3.34,10.14,21.33,2.9,51.7,6.63,3.01,38.61,0.05,100.0,34.95,28.76,1.29,0.14,1.92,11.09,31.76,33.64,11.83,6.43,0.0,12776.0,8810.0,720.0,2189.0,4605.0,627.0,11161.0,1431.0,649.0,8334.0,11.0,21586.0,7544.0,6208.0,278.0,31.0,414.0,2394.0,6856.0,7261.0,2554.0,1388.0,0.0,19.47,9.44,16.39,1.01,39.63,0.2,0.49,10.33,0.0,0.0,1.0,0.06,0.0,0.51,51.7,6.63,3.01,38.61,0.05,100.0,18.67,16.9,43.26,21.17,4202.0,2038.0,3537.0,219.0,8555.0,43.0,105.0,2230.0,0.0,0.0,216.0,12.0,0.0,110.0,11161.0,1431.0,649.0,8334.0,11.0,21586.0,4030.0,3649.0,9339.0,4569.0
3542701,48.66,51.41,0.2,91.03,8.97,0.0,57.36,3.35,0.6,38.69,0.0,100.0,5.76,27.58,43.84,20.48,0.6,0.67,0.8,727.0,768.0,3.0,1360.0,134.0,0.0,857.0,50.0,9.0,578.0,0.0,1494.0,86.0,412.0,655.0,306.0,9.0,10.0,12.0,832.0,248.0,3.0,3.0,59.0,727.0,768.0,1360.0,134.0,0.0,82.0,81.0,477.0,366.0,213.0,272.0,2.0,1494.0,142.0,207.0,57.27,42.7,1.4,58.33,20.74,37.59,35.59,0.0,1.06,100.0,1.65,9.58,38.12,42.76,4.71,1.81,0.0,72.05,1.12,1836.0,1369.0,45.0,1870.0,665.0,1205.0,1141.0,0.0,34.0,3206.0,53.0,307.0,1222.0,1371.0,151.0,58.0,0.0,2310.0,36.0,17.23,6.45,19.7,1.34,37.62,0.22,4.2,11.0,0.0,0.0,0.65,0.0,0.0,0.0,51.69,48.31,0.0,9.61,5.63,1.82,55.37,7.79,0.13,36.71,0.0,100.0,29.09,53.38,0.0,0.0,398.0,149.0,455.0,31.0,869.0,5.0,97.0,254.0,0.0,0.0,15.0,0.0,0.0,0.0,1194.0,1116.0,0.0,222.0,130.0,42.0,1279.0,180.0,3.0,848.0,0.0,2310.0,672.0,1233.0,0.0,0.0,55.33,44.71,1.15,9.85,5.92,1.92,55.46,7.8,0.13,36.62,0.0,100.0,28.64,53.03,0.0,0.17,1.53,8.23,38.45,44.76,4.56,1.32,0.0,1298.0,1049.0,27.0,231.0,139.0,45.0,1301.0,183.0,3.0,859.0,0.0,2346.0,672.0,1244.0,0.0,4.0,36.0,193.0,902.0,1050.0,107.0,31.0,0.0,16.97,6.35,19.95,1.32,37.68,0.21,4.13,11.13,0.0,0.0,0.64,0.0,0.0,0.0,55.46,7.8,0.13,36.62,0.0,100.0,20.16,17.43,50.77,11.64,398.0,149.0,468.0,31.0,884.0,5.0,97.0,261.0,0.0,0.0,15.0,0.0,0.0,0.0,1301.0,183.0,3.0,859.0,0.0,2346.0,473.0,409.0,1191.0,273.0
3542800,50.51,49.49,1.15,96.68,3.32,0.0,45.74,2.45,0.58,51.08,0.0,100.0,16.02,33.19,32.18,17.17,0.43,0.0,0.0,350.0,343.0,8.0,670.0,23.0,0.0,317.0,17.0,4.0,354.0,0.0,693.0,111.0,230.0,223.0,119.0,3.0,0.0,0.0,378.0,135.0,6.0,2.0,42.0,350.0,343.0,670.0,23.0,0.0,20.0,45.0,192.0,196.0,139.0,99.0,2.0,693.0,37.0,92.0,67.39,32.52,2.79,85.79,20.31,65.48,13.86,0.0,0.26,100.0,3.49,19.09,40.1,26.77,5.14,2.44,0.26,76.37,3.05,773.0,373.0,32.0,984.0,233.0,751.0,159.0,0.0,3.0,1147.0,40.0,219.0,460.0,307.0,59.0,28.0,3.0,876.0,35.0,38.01,6.16,19.06,0.46,23.74,0.34,0.91,9.47,0.0,0.0,0.91,0.0,0.0,0.34,82.88,17.01,0.0,24.54,10.16,3.54,42.69,4.91,0.0,52.4,0.0,100.0,21.58,39.5,0.34,0.0,333.0,54.0,167.0,4.0,208.0,3.0,8.0,83.0,0.0,0.0,8.0,0.0,0.0,3.0,726.0,149.0,0.0,215.0,89.0,31.0,374.0,43.0,0.0,459.0,0.0,876.0,189.0,346.0,3.0,0.0,64.98,35.02,2.09,24.59,9.77,3.73,42.92,4.72,0.0,52.36,0.0,100.0,22.06,38.31,1.1,0.0,3.51,18.44,41.05,28.65,4.39,1.65,0.33,592.0,319.0,19.0,224.0,89.0,34.0,391.0,43.0,0.0,477.0,0.0,911.0,201.0,349.0,10.0,0.0,32.0,168.0,374.0,261.0,40.0,15.0,3.0,37.87,5.93,19.21,0.44,23.71,0.33,0.88,9.11,0.44,0.0,1.21,0.0,0.0,0.33,42.92,4.72,0.0,52.36,0.0,100.0,19.21,11.64,56.42,12.73,345.0,54.0,175.0,4.0,216.0,3.0,8.0,83.0,4.0,0.0,11.0,0.0,0.0,3.0,391.0,43.0,0.0,477.0,0.0,911.0,175.0,106.0,514.0,116.0
3542909,46.65,53.35,0.36,88.19,11.81,0.0,45.3,7.85,0.95,45.7,0.24,100.0,8.09,26.75,39.79,17.56,5.27,2.02,0.16,1177.0,1346.0,9.0,2225.0,298.0,0.0,1143.0,198.0,24.0,1153.0,6.0,2523.0,204.0,675.0,1004.0,443.0,133.0,51.0,4.0,1334.0,455.0,50.0,1.0,201.0,1177.0,1346.0,2225.0,298.0,0.0,198.0,217.0,766.0,503.0,367.0,427.0,45.0,2523.0,271.0,212.0,57.99,42.01,2.56,85.25,12.78,72.47,14.39,0.0,0.28,100.0,1.14,10.75,34.02,37.71,8.88,4.94,0.0,84.91,1.95,2736.0,1982.0,121.0,4022.0,603.0,3419.0,679.0,0.0,13.0,4718.0,54.0,507.0,1605.0,1779.0,419.0,233.0,0.0,4006.0,92.0,19.87,1.27,6.49,0.0,34.9,0.15,3.44,32.63,0.0,0.0,0.57,0.0,0.0,0.27,84.3,15.7,0.0,6.22,26.36,2.12,46.33,10.68,0.0,42.59,0.4,100.0,28.48,36.57,0.15,0.0,796.0,51.0,260.0,0.0,1398.0,6.0,138.0,1307.0,0.0,0.0,23.0,0.0,0.0,11.0,3377.0,629.0,0.0,249.0,1056.0,85.0,1856.0,428.0,0.0,1706.0,16.0,4006.0,1141.0,1465.0,6.0,0.0,58.05,41.95,2.73,6.08,26.53,2.46,46.46,10.71,0.0,42.44,0.39,100.0,28.06,36.65,0.15,0.0,1.32,11.2,33.72,37.58,8.25,5.2,0.0,2379.0,1719.0,112.0,249.0,1087.0,101.0,1904.0,439.0,0.0,1739.0,16.0,4098.0,1150.0,1502.0,6.0,0.0,54.0,459.0,1382.0,1540.0,338.0,213.0,0.0,19.57,1.24,6.34,0.0,35.09,0.15,3.49,32.58,0.0,0.0,0.56,0.0,0.0,0.27,46.46,10.71,0.0,42.44,0.39,100.0,23.82,14.25,45.68,16.25,802.0,51.0,260.0,0.0,1438.0,6.0,143.0,1335.0,0.0,0.0,23.0,0.0,0.0,11.0,1904.0,439.0,0.0,1739.0,16.0,4098.0,976.0,584.0,1872.0,666.0
3543006,48.06,51.94,0.31,92.73,7.27,0.0,64.76,3.12,0.38,31.74,0.0,100.0,10.43,33.4,35.53,13.32,4.36,1.4,1.24,2294.0,2479.0,15.0,4426.0,347.0,0.0,3091.0,149.0,18.0,1515.0,0.0,4773.0,498.0,1594.0,1696.0,636.0,208.0,67.0,59.0,2820.0,872.0,11.0,25.0,284.0,2294.0,2479.0,4426.0,347.0,0.0,279.0,508.0,1352.0,1076.0,735.0,712.0,112.0,4773.0,286.0,474.0,64.56,35.44,1.2,93.87,21.23,72.64,5.64,0.0,0.32,100.0,3.83,18.08,43.34,24.9,5.79,2.87,0.0,71.67,6.61,5264.0,2890.0,98.0,7654.0,1731.0,5923.0,460.0,0.0,26.0,8154.0,312.0,1474.0,3534.0,2030.0,472.0,234.0,0.0,5844.0,539.0,36.04,1.73,12.46,0.31,27.04,0.0,1.44,14.61,0.0,0.0,0.55,0.12,0.1,1.18,93.21,6.78,0.0,15.76,17.21,5.48,61.81,3.64,0.44,34.02,0.09,100.0,28.49,28.71,0.27,0.0,2106.0,101.0,728.0,18.0,1580.0,0.0,84.0,854.0,0.0,0.0,32.0,7.0,6.0,69.0,5447.0,396.0,0.0,921.0,1006.0,320.0,3612.0,213.0,26.0,1988.0,5.0,5844.0,1665.0,1678.0,16.0,0.0,64.06,35.95,1.11,14.63,17.17,5.34,61.37,3.42,0.41,34.75,0.08,100.0,28.65,29.03,0.66,0.27,2.98,16.2,44.79,25.35,6.28,3.29,0.0,4089.0,2295.0,71.0,934.0,1096.0,341.0,3917.0,218.0,26.0,2218.0,5.0,6383.0,1829.0,1853.0,42.0,17.0,190.0,1034.0,2859.0,1618.0,401.0,210.0,0.0,35.17,1.83,12.5,0.34,26.9,0.11,1.55,14.7,0.0,0.0,0.71,0.11,0.09,1.08,61.37,3.42,0.41,34.75,0.08,100.0,34.25,20.79,36.52,8.44,2245.0,117.0,798.0,22.0,1717.0,7.0,99.0,938.0,0.0,0.0,45.0,7.0,6.0,69.0,3917.0,218.0,26.0,2218.0,5.0,6383.0,2186.0,1327.0,2331.0,539.0
3543105,47.88,52.12,0.25,92.53,7.47,0.0,44.81,9.46,0.5,45.15,0.0,100.0,11.54,24.32,41.41,18.67,1.66,0.25,1.99,577.0,628.0,3.0,1115.0,90.0,0.0,540.0,114.0,6.0,544.0,0.0,1205.0,139.0,293.0,499.0,225.0,20.0,3.0,24.0,649.0,180.0,0.0,12.0,68.0,577.0,628.0,1115.0,90.0,0.0,70.0,39.0,379.0,263.0,174.0,277.0,3.0,1205.0,202.0,94.0,58.34,41.66,1.43,85.93,19.24,66.74,13.06,0.0,0.34,100.0,3.36,11.38,38.22,38.85,5.0,1.76,0.0,78.62,1.18,1389.0,992.0,34.0,2046.0,458.0,1589.0,311.0,0.0,8.0,2381.0,80.0,271.0,910.0,925.0,119.0,42.0,0.0,1872.0,28.0,22.01,8.6,6.46,1.34,30.4,0.16,11.27,18.96,0.0,0.0,0.32,0.0,0.0,0.16,84.08,15.92,0.0,18.54,16.13,4.54,40.65,13.46,1.44,44.5,0.0,100.0,26.39,34.24,0.0,0.0,412.0,161.0,121.0,25.0,569.0,3.0,211.0,355.0,0.0,0.0,6.0,0.0,0.0,3.0,1574.0,298.0,0.0,347.0,302.0,85.0,761.0,252.0,27.0,833.0,0.0,1872.0,494.0,641.0,0.0,0.0,56.11,43.89,1.42,18.26,16.63,4.79,40.68,13.37,1.42,44.53,0.0,100.0,26.0,33.74,0.11,0.26,3.32,10.47,39.16,38.11,5.37,2.05,0.0,1066.0,834.0,27.0,347.0,316.0,91.0,773.0,254.0,27.0,846.0,0.0,1900.0,494.0,641.0,2.0,5.0,63.0,199.0,744.0,724.0,102.0,39.0,0.0,21.68,8.47,6.74,1.32,30.37,0.16,11.42,18.84,0.0,0.0,0.58,0.0,0.0,0.16,40.68,13.37,1.42,44.53,0.0,100.0,26.16,20.47,40.47,12.95,412.0,161.0,128.0,25.0,577.0,3.0,217.0,358.0,0.0,0.0,11.0,0.0,0.0,3.0,773.0,254.0,27.0,846.0,0.0,1900.0,497.0,389.0,769.0,246.0
3543204,53.24,46.76,0.7,84.05,15.95,0.0,80.66,1.99,0.0,17.25,0.0,100.0,11.76,25.32,35.79,20.34,4.59,1.2,0.2,534.0,469.0,7.0,843.0,160.0,0.0,809.0,20.0,0.0,173.0,0.0,1003.0,118.0,254.0,359.0,204.0,46.0,12.0,2.0,493.0,150.0,0.0,0.0,132.0,534.0,469.0,843.0,160.0,0.0,106.0,42.0,293.0,195.0,173.0,195.0,0.0,1003.0,117.0,111.0,59.4,40.64,2.06,82.01,11.23,70.78,17.99,0.0,0.0,100.0,2.83,12.0,38.24,27.98,12.86,4.08,0.0,85.84,2.93,1238.0,847.0,43.0,1709.0,234.0,1475.0,375.0,0.0,0.0,2084.0,59.0,250.0,797.0,583.0,268.0,85.0,0.0,1789.0,61.0,19.17,25.55,11.4,0.5,32.48,0.0,1.06,8.66,0.0,0.0,0.73,0.0,0.0,0.0,81.78,18.22,0.0,21.97,7.71,1.4,74.79,4.64,0.11,20.46,0.0,100.0,36.22,32.36,0.17,0.0,343.0,457.0,204.0,9.0,581.0,0.0,19.0,155.0,0.0,0.0,13.0,0.0,0.0,0.0,1463.0,326.0,0.0,393.0,138.0,25.0,1338.0,83.0,2.0,366.0,0.0,1789.0,648.0,579.0,3.0,0.0,57.78,42.22,1.62,21.24,8.32,1.46,74.86,4.65,0.11,20.38,0.0,100.0,35.35,31.95,1.03,0.43,2.7,12.27,38.81,28.43,12.54,3.73,0.0,1069.0,781.0,30.0,393.0,154.0,27.0,1385.0,86.0,2.0,377.0,0.0,1850.0,654.0,591.0,19.0,8.0,50.0,227.0,718.0,526.0,232.0,69.0,0.0,19.08,24.7,11.3,0.49,33.3,0.0,1.24,8.7,0.0,0.0,0.7,0.0,0.0,0.0,74.86,4.65,0.11,20.38,0.0,100.0,25.51,16.38,33.46,24.65,353.0,457.0,209.0,9.0,616.0,0.0,23.0,161.0,0.0,0.0,13.0,0.0,0.0,0.0,1385.0,86.0,2.0,377.0,0.0,1850.0,472.0,303.0,619.0,456.0
3543238,47.37,52.87,0.0,79.43,20.81,0.0,54.78,1.91,0.0,43.54,0.0,100.0,6.22,28.23,43.78,17.94,2.87,0.24,0.96,198.0,221.0,0.0,332.0,87.0,0.0,229.0,8.0,0.0,182.0,0.0,418.0,26.0,118.0,183.0,75.0,12.0,1.0,4.0,196.0,75.0,4.0,0.0,57.0,198.0,221.0,332.0,87.0,0.0,53.0,32.0,104.0,81.0,63.0,79.0,6.0,418.0,45.0,40.0,53.89,46.11,1.58,71.37,10.21,61.16,28.21,0.0,0.11,100.0,1.26,12.0,36.74,39.47,6.53,2.42,0.0,85.37,4.0,512.0,438.0,15.0,678.0,97.0,581.0,268.0,0.0,1.0,950.0,12.0,114.0,349.0,375.0,62.0,23.0,0.0,811.0,38.0,38.84,1.11,15.91,0.99,20.72,0.0,1.97,16.89,0.0,0.0,2.47,0.0,0.0,0.62,70.16,29.84,0.0,28.73,14.06,5.67,57.46,2.47,0.0,40.07,0.0,100.0,26.88,24.17,0.12,0.0,315.0,9.0,129.0,8.0,168.0,0.0,16.0,137.0,0.0,0.0,20.0,0.0,0.0,5.0,569.0,242.0,0.0,233.0,114.0,46.0,466.0,20.0,0.0,325.0,0.0,811.0,218.0,196.0,1.0,0.0,53.65,46.24,1.41,27.65,14.47,6.71,57.29,2.59,0.0,40.12,0.0,100.0,26.71,23.65,0.12,0.24,0.94,12.0,37.65,38.47,6.59,2.71,0.0,456.0,393.0,12.0,235.0,123.0,57.0,487.0,22.0,0.0,341.0,0.0,850.0,227.0,201.0,1.0,2.0,8.0,102.0,320.0,327.0,56.0,23.0,0.0,38.12,1.06,15.41,1.18,21.29,0.0,2.12,16.47,0.0,0.0,2.94,0.0,0.0,0.59,57.29,2.59,0.0,40.12,0.0,100.0,25.29,16.35,44.0,14.24,324.0,9.0,131.0,10.0,181.0,0.0,18.0,140.0,0.0,0.0,25.0,0.0,0.0,5.0,487.0,22.0,0.0,341.0,0.0,850.0,215.0,139.0,374.0,121.0
3543253,51.46,48.54,0.0,89.65,10.17,0.0,72.75,0.65,1.37,25.16,0.0,100.0,7.14,30.99,38.49,18.08,4.46,0.0,0.77,865.0,816.0,0.0,1507.0,171.0,0.0,1223.0,11.0,23.0,423.0,0.0,1681.0,120.0,521.0,647.0,304.0,75.0,0.0,13.0,951.0,322.0,11.0,10.0,115.0,865.0,816.0,1507.0,171.0,0.0,139.0,103.0,479.0,382.0,327.0,249.0,2.0,1681.0,83.0,189.0,64.51,35.49,0.31,62.21,8.56,53.66,36.79,0.0,0.46,100.0,1.33,15.53,39.58,35.18,6.88,1.15,0.0,80.25,10.17,2081.0,1145.0,10.0,2007.0,276.0,1731.0,1187.0,0.0,15.0,3226.0,43.0,501.0,1277.0,1135.0,222.0,37.0,0.0,2589.0,328.0,29.08,2.09,27.19,0.08,23.45,0.08,1.7,14.29,0.0,0.0,0.39,0.0,0.0,0.27,65.51,34.49,0.0,18.81,11.51,8.07,73.0,1.89,0.27,24.76,0.12,100.0,26.61,33.29,0.77,0.15,753.0,54.0,704.0,2.0,607.0,2.0,44.0,370.0,0.0,0.0,10.0,0.0,0.0,7.0,1696.0,893.0,0.0,487.0,298.0,209.0,1890.0,49.0,7.0,641.0,3.0,2589.0,689.0,862.0,20.0,4.0,66.45,33.55,0.34,17.27,11.38,11.96,71.42,1.92,0.24,26.32,0.1,100.0,23.78,29.85,3.53,1.41,1.17,15.63,39.44,35.64,6.75,0.99,0.0,1939.0,979.0,10.0,504.0,332.0,349.0,2084.0,56.0,7.0,768.0,3.0,2918.0,694.0,871.0,103.0,41.0,34.0,456.0,1151.0,1040.0,197.0,29.0,0.0,26.01,1.85,25.43,0.07,24.74,0.07,2.16,17.17,0.0,0.0,0.48,0.0,0.17,0.34,71.42,1.92,0.24,26.32,0.1,100.0,24.33,18.78,45.89,10.97,759.0,54.0,742.0,2.0,722.0,2.0,63.0,501.0,0.0,0.0,14.0,0.0,5.0,10.0,2084.0,56.0,7.0,768.0,3.0,2918.0,710.0,548.0,1339.0,320.0
3543303,50.04,49.96,1.82,82.86,17.04,0.09,57.6,6.13,0.59,35.68,0.0,100.0,7.98,16.31,34.1,25.53,7.88,3.73,2.64,13244.0,13225.0,481.0,21933.0,4511.0,25.0,15247.0,1623.0,156.0,9443.0,0.0,26469.0,2113.0,4318.0,9025.0,6758.0,2087.0,988.0,699.0,12524.0,4351.0,560.0,421.0,3775.0,13244.0,13225.0,21933.0,4511.0,25.0,2485.0,3415.0,6702.0,5583.0,3582.0,4386.0,316.0,26469.0,2329.0,2510.0,55.8,44.2,3.58,60.35,12.64,47.72,34.07,0.02,3.28,100.0,1.6,7.23,26.02,38.99,14.36,8.23,0.0,79.49,2.29,29149.0,23087.0,1868.0,31524.0,6600.0,24924.0,17796.0,12.0,1714.0,52235.0,835.0,3775.0,13594.0,20367.0,7499.0,4297.0,0.0,41523.0,1197.0,13.59,1.36,3.72,0.31,32.57,0.41,1.89,27.72,0.25,15.07,0.23,0.1,0.06,0.47,58.79,41.21,0.0,4.43,27.06,21.03,54.27,9.38,0.66,35.57,0.12,100.0,16.16,28.05,1.92,0.02,5644.0,565.0,1544.0,129.0,13530.0,172.0,784.0,11517.0,102.0,6260.0,94.0,43.0,26.0,195.0,24421.0,17121.0,0.0,1839.0,11241.0,8738.0,22544.0,3898.0,274.0,14777.0,48.0,41542.0,6714.0,11653.0,797.0,10.0,56.86,43.14,3.38,4.32,26.8,21.03,54.44,9.33,0.64,35.48,0.11,100.0,16.37,27.67,2.17,0.12,1.24,7.12,26.04,39.64,14.35,8.23,0.0,24296.0,18436.0,1444.0,1844.0,11451.0,8985.0,23265.0,3985.0,274.0,15160.0,48.0,42732.0,6994.0,11826.0,927.0,52.0,528.0,3041.0,11129.0,16940.0,6133.0,3515.0,0.0,13.46,1.33,3.83,0.33,32.39,0.4,1.84,27.53,0.24,15.12,0.3,0.1,0.06,0.52,54.44,9.32,0.64,35.48,0.11,100.0,10.49,10.55,53.28,25.68,5756.0,568.0,1636.0,140.0,13846.0,172.0,788.0,11769.0,102.0,6464.0,130.0,43.0,26.0,222.0,23274.0,3985.0,274.0,15170.0,48.0,42751.0,4484.0,4512.0,22777.0,10977.0
3543402,49.3,50.69,5.81,95.85,3.92,0.14,63.87,6.66,0.39,28.95,0.1,100.0,4.22,12.8,26.79,28.18,9.73,8.27,4.19,83077.0,85420.0,9791.0,161507.0,6609.0,242.0,107625.0,11227.0,657.0,48782.0,173.0,168498.0,7111.0,21560.0,45137.0,47491.0,16399.0,13940.0,7068.0,75090.0,28561.0,5584.0,1775.0,25081.0,83077.0,85444.0,161531.0,6609.0,242.0,19118.0,26864.0,39193.0,32122.0,20203.0,27880.0,3141.0,168522.0,17524.0,14907.0,53.67,46.33,9.21,92.77,14.85,77.91,2.52,0.02,0.57,100.0,0.75,4.76,19.96,37.03,15.7,12.55,0.04,77.09,3.32,187715.0,162061.0,32225.0,324472.0,51959.0,272513.0,8802.0,78.0,1978.0,349776.0,2624.0,16640.0,69815.0,129522.0,54923.0,43880.0,148.0,269629.0,11621.0,7.48,3.31,16.9,0.82,50.29,1.07,0.98,16.36,0.0,0.0,0.23,0.0,0.01,0.48,97.61,2.39,0.0,7.09,16.9,6.46,60.63,9.96,0.69,28.55,0.16,100.0,26.71,41.85,0.3,0.01,20204.0,8929.0,45627.0,2212.0,135759.0,2889.0,2641.0,44174.0,0.0,0.0,611.0,0.0,20.0,1293.0,263489.0,6443.0,0.0,19136.0,45617.0,17441.0,163666.0,26891.0,1862.0,77070.0,443.0,269932.0,72099.0,112979.0,815.0,26.0,54.98,45.02,8.77,7.03,17.1,6.68,60.84,10.0,0.68,28.31,0.17,100.0,26.24,41.37,0.5,0.27,0.63,4.56,20.1,37.83,15.84,12.24,0.03,154721.0,126672.0,24665.0,19774.0,48110.0,18797.0,171193.0,28131.0,1908.0,79672.0,489.0,281393.0,73851.0,116407.0,1417.0,755.0,1776.0,12818.0,56572.0,106464.0,44572.0,34451.0,76.0,7.39,3.21,16.56,0.83,50.25,1.12,1.01,16.47,0.0,0.0,0.24,0.01,0.01,0.57,60.83,9.99,0.68,28.33,0.17,100.0,13.11,15.14,41.45,30.3,20808.0,9037.0,46662.0,2334.0,141555.0,3162.0,2850.0,46387.0,0.0,0.0,683.0,21.0,20.0,1612.0,171346.0,28153.0,1908.0,79801.0,489.0,281696.0,36942.0,42642.0,116755.0,85358.0
3543501,50.04,49.96,0.0,91.37,8.63,0.0,70.83,1.48,0.0,27.61,0.0,100.0,18.82,32.62,27.44,17.09,2.47,0.16,1.31,609.0,608.0,0.0,1112.0,105.0,0.0,862.0,18.0,0.0,336.0,0.0,1217.0,229.0,397.0,334.0,208.0,30.0,2.0,16.0,665.0,202.0,3.0,9.0,75.0,609.0,608.0,1112.0,105.0,0.0,69.0,67.0,327.0,334.0,189.0,225.0,7.0,1217.0,108.0,155.0,66.83,33.17,0.92,92.95,16.44,76.56,5.54,0.0,1.36,100.0,5.35,21.01,35.31,29.52,5.69,2.14,0.0,79.82,2.24,1374.0,682.0,19.0,1911.0,338.0,1574.0,114.0,0.0,28.0,2056.0,110.0,432.0,726.0,607.0,117.0,44.0,0.0,1641.0,46.0,49.48,2.99,18.34,0.49,19.01,0.18,1.65,6.4,0.0,0.0,0.24,0.0,0.0,0.18,95.06,4.94,0.0,20.48,7.13,2.01,63.99,4.27,0.0,31.44,0.3,100.0,37.23,32.91,0.0,0.0,812.0,49.0,301.0,8.0,312.0,3.0,27.0,105.0,0.0,0.0,4.0,0.0,0.0,3.0,1560.0,81.0,0.0,336.0,117.0,33.0,1050.0,70.0,0.0,516.0,5.0,1641.0,611.0,540.0,0.0,0.0,63.9,36.1,0.18,19.92,7.05,2.73,64.08,4.33,0.0,31.3,0.3,100.0,36.81,32.25,0.59,0.18,5.22,22.58,34.62,29.76,5.39,2.19,0.0,1078.0,609.0,3.0,336.0,119.0,46.0,1081.0,73.0,0.0,528.0,5.0,1687.0,621.0,544.0,10.0,3.0,88.0,381.0,584.0,502.0,91.0,37.0,0.0,48.37,3.08,18.08,0.47,19.38,0.18,1.6,6.94,0.0,0.0,0.24,0.0,0.0,0.18,64.08,4.33,0.0,31.3,0.3,100.0,29.93,19.44,36.57,14.11,816.0,52.0,305.0,8.0,327.0,3.0,27.0,117.0,0.0,0.0,4.0,0.0,0.0,3.0,1081.0,73.0,0.0,528.0,5.0,1687.0,505.0,328.0,617.0,238.0
3543600,49.69,50.31,1.6,83.64,16.36,0.0,63.22,1.35,0.0,35.42,0.0,100.0,3.32,19.19,37.39,31.73,3.32,2.46,0.98,404.0,409.0,13.0,680.0,133.0,0.0,514.0,11.0,0.0,288.0,0.0,813.0,27.0,156.0,304.0,258.0,27.0,20.0,8.0,458.0,101.0,2.0,0.0,71.0,404.0,409.0,680.0,133.0,0.0,61.0,27.0,247.0,184.0,120.0,157.0,15.0,813.0,76.0,104.0,59.49,40.51,2.24,96.18,15.46,80.68,3.44,0.0,0.14,100.0,0.76,6.44,28.63,46.42,10.45,5.01,0.0,83.25,0.91,1247.0,849.0,47.0,2016.0,324.0,1691.0,72.0,0.0,3.0,2096.0,16.0,135.0,600.0,973.0,219.0,105.0,0.0,1745.0,19.0,37.76,3.49,7.15,0.23,44.39,0.4,5.15,0.63,0.0,0.0,0.0,0.0,0.0,0.17,96.17,3.83,0.0,31.01,3.38,1.32,65.45,5.43,0.0,29.18,0.0,100.0,50.46,13.27,0.0,0.0,660.0,61.0,125.0,4.0,776.0,7.0,90.0,11.0,0.0,0.0,0.0,0.0,0.0,3.0,1681.0,67.0,0.0,542.0,59.0,23.0,1144.0,95.0,0.0,510.0,0.0,1748.0,882.0,232.0,0.0,0.0,59.44,40.61,1.42,31.08,3.46,1.3,65.57,5.16,0.0,29.27,0.0,100.0,50.43,13.16,0.0,0.0,0.79,6.69,27.0,48.33,10.27,5.5,0.0,1048.0,716.0,25.0,548.0,61.0,23.0,1156.0,91.0,0.0,516.0,0.0,1763.0,889.0,232.0,0.0,0.0,14.0,118.0,476.0,852.0,181.0,97.0,0.0,37.58,3.57,7.07,0.23,44.54,0.4,5.09,0.62,0.0,0.0,0.0,0.0,0.0,0.17,65.42,5.38,0.0,29.2,0.0,100.0,16.69,16.02,49.97,17.32,664.0,63.0,125.0,4.0,787.0,7.0,90.0,11.0,0.0,0.0,0.0,0.0,0.0,3.0,1156.0,95.0,0.0,516.0,0.0,1767.0,295.0,283.0,883.0,306.0
3543709,52.3,47.7,0.3,91.65,8.4,0.0,54.05,4.15,0.75,41.15,0.0,100.0,11.8,21.1,35.9,25.55,2.65,2.05,0.75,1046.0,954.0,6.0,1833.0,168.0,0.0,1081.0,83.0,15.0,823.0,0.0,2000.0,236.0,422.0,718.0,511.0,53.0,41.0,15.0,1026.0,346.0,16.0,13.0,180.0,1046.0,954.0,1833.0,168.0,0.0,146.0,173.0,527.0,476.0,293.0,373.0,11.0,2000.0,183.0,236.0,58.3,41.68,0.93,70.59,14.46,56.13,26.98,0.0,0.79,100.0,1.45,9.55,29.27,42.44,11.93,4.43,0.0,79.07,4.02,2448.0,1750.0,39.0,2964.0,607.0,2357.0,1133.0,0.0,33.0,4199.0,61.0,401.0,1229.0,1782.0,501.0,186.0,0.0,3320.0,169.0,28.04,4.43,6.81,0.6,27.62,0.12,3.25,26.05,0.0,0.0,1.93,0.0,0.12,0.0,69.01,30.99,0.0,13.13,26.2,5.75,55.21,8.13,0.48,36.2,0.0,100.0,24.4,29.49,0.3,0.0,931.0,147.0,226.0,20.0,917.0,4.0,108.0,865.0,0.0,0.0,64.0,0.0,4.0,0.0,2291.0,1029.0,0.0,436.0,870.0,191.0,1833.0,270.0,16.0,1202.0,0.0,3320.0,810.0,979.0,10.0,0.0,59.53,40.47,0.69,12.5,26.08,7.22,54.71,8.11,0.46,36.74,0.0,100.0,23.22,28.89,1.03,0.37,1.29,9.54,30.01,42.1,11.72,4.64,0.0,2077.0,1412.0,24.0,436.0,910.0,252.0,1909.0,283.0,16.0,1282.0,0.0,3489.0,810.0,1008.0,36.0,13.0,45.0,333.0,1047.0,1469.0,409.0,162.0,0.0,27.03,4.61,6.62,0.57,28.37,0.11,3.21,26.11,0.0,0.0,2.09,0.0,0.11,0.17,54.71,8.11,0.46,36.74,0.0,100.0,26.66,11.69,47.66,13.99,943.0,161.0,231.0,20.0,990.0,4.0,112.0,911.0,0.0,0.0,73.0,0.0,4.0,6.0,1909.0,283.0,16.0,1282.0,0.0,3489.0,930.0,408.0,1663.0,488.0
3543808,50.83,49.17,0.89,89.69,10.31,0.0,53.1,0.6,1.55,44.58,0.24,100.0,17.88,29.44,33.85,12.63,3.93,1.31,0.0,853.0,825.0,15.0,1505.0,173.0,0.0,891.0,10.0,26.0,748.0,4.0,1678.0,300.0,494.0,568.0,212.0,66.0,22.0,0.0,877.0,291.0,24.0,10.0,81.0,853.0,825.0,1505.0,173.0,0.0,65.0,61.0,487.0,393.0,330.0,331.0,10.0,1678.0,154.0,242.0,60.31,39.66,2.43,84.79,18.35,66.45,7.11,0.0,7.11,100.0,3.02,11.38,32.62,36.37,9.12,5.03,0.0,72.41,1.15,2459.0,1617.0,99.0,3457.0,748.0,2709.0,290.0,0.0,290.0,4077.0,123.0,464.0,1330.0,1483.0,372.0,205.0,0.0,2952.0,47.0,26.49,1.86,12.87,0.68,46.1,0.0,0.54,10.26,0.0,0.0,0.14,0.0,0.17,0.44,90.75,9.21,0.0,32.52,5.69,1.56,53.52,3.56,2.51,40.41,0.0,100.0,29.81,30.18,0.14,0.0,782.0,55.0,380.0,20.0,1361.0,0.0,16.0,303.0,0.0,0.0,4.0,0.0,5.0,13.0,2679.0,272.0,0.0,960.0,168.0,46.0,1580.0,105.0,74.0,1193.0,0.0,2952.0,880.0,891.0,4.0,0.0,56.09,43.95,2.57,32.51,5.84,1.9,54.08,3.5,2.47,39.95,0.0,100.0,29.51,29.98,0.13,0.0,2.3,10.87,31.54,38.31,9.4,5.0,0.0,1682.0,1318.0,77.0,975.0,175.0,57.0,1622.0,105.0,74.0,1198.0,0.0,2999.0,885.0,899.0,4.0,0.0,69.0,326.0,946.0,1149.0,282.0,150.0,0.0,26.24,1.83,12.67,0.67,45.68,0.0,0.53,10.1,0.0,0.0,0.77,0.0,0.17,0.67,54.08,3.5,2.47,39.95,0.0,100.0,17.77,18.57,41.61,22.07,787.0,55.0,380.0,20.0,1370.0,0.0,16.0,303.0,0.0,0.0,23.0,0.0,5.0,20.0,1622.0,105.0,74.0,1198.0,0.0,2999.0,533.0,557.0,1248.0,662.0
3543907,50.59,49.41,3.07,91.77,8.16,0.02,66.21,6.0,0.28,27.41,0.07,100.0,4.63,12.45,32.07,31.49,9.04,5.29,1.95,24489.0,23916.0,1486.0,44421.0,3949.0,11.0,32050.0,2906.0,135.0,13269.0,33.0,48405.0,2243.0,6025.0,15524.0,15245.0,4377.0,2562.0,944.0,22470.0,8726.0,1455.0,354.0,5827.0,24489.0,23916.0,44421.0,3949.0,11.0,5157.0,6594.0,12231.0,9239.0,6314.0,8359.0,511.0,48405.0,3568.0,6005.0,54.98,45.02,5.31,91.63,9.29,82.34,6.67,0.0,0.52,100.0,0.92,4.71,21.42,42.42,15.42,9.76,0.04,86.92,2.01,56986.0,46669.0,5499.0,94980.0,9631.0,85349.0,6917.0,0.0,544.0,103654.0,955.0,4886.0,22201.0,43969.0,15983.0,10117.0,44.0,90094.0,2085.0,9.59,11.15,25.24,0.7,41.26,0.49,1.08,8.68,0.0,0.02,0.22,0.01,0.01,0.4,93.35,6.65,0.0,9.23,12.12,1.69,66.19,8.07,0.21,25.47,0.05,100.0,38.53,37.66,0.1,0.02,8658.0,10062.0,22774.0,629.0,37233.0,443.0,971.0,7832.0,0.0,22.0,195.0,10.0,11.0,365.0,84236.0,6003.0,0.0,8332.0,10938.0,1527.0,59733.0,7286.0,189.0,22988.0,44.0,90239.0,34766.0,33986.0,88.0,22.0,56.06,43.94,5.04,9.08,12.16,1.99,66.4,7.97,0.22,25.36,0.05,100.0,38.21,37.4,0.26,0.14,0.84,4.74,21.91,42.77,15.25,9.4,0.05,51724.0,40542.0,4654.0,8376.0,11217.0,1836.0,61267.0,7358.0,200.0,23398.0,44.0,92267.0,35255.0,34504.0,242.0,132.0,778.0,4372.0,20215.0,39458.0,14071.0,8674.0,44.0,9.45,11.07,25.05,0.69,41.26,0.48,1.09,8.84,0.0,0.04,0.3,0.01,0.01,0.45,66.36,8.01,0.22,25.36,0.05,100.0,13.4,13.43,47.4,25.77,8736.0,10230.0,23153.0,640.0,38125.0,443.0,1005.0,8165.0,0.0,33.0,278.0,10.0,11.0,417.0,61324.0,7404.0,200.0,23440.0,44.0,92412.0,12385.0,12407.0,43804.0,23817.0
3544004,49.69,50.31,0.77,89.01,10.81,0.17,55.53,4.93,0.4,39.13,0.0,100.0,5.42,16.54,32.07,29.61,8.75,3.5,3.35,4263.0,4316.0,66.0,7636.0,927.0,15.0,4764.0,423.0,34.0,3357.0,0.0,8579.0,465.0,1419.0,2751.0,2540.0,751.0,300.0,287.0,4379.0,1675.0,247.0,271.0,507.0,4263.0,4316.0,7636.0,927.0,15.0,692.0,1261.0,1971.0,1744.0,1301.0,1370.0,241.0,8579.0,675.0,824.0,58.05,41.95,2.07,73.07,7.84,65.23,24.57,0.0,0.34,100.0,1.14,6.39,26.55,43.47,14.31,6.0,0.05,84.19,5.61,8769.0,6337.0,313.0,11038.0,1184.0,9854.0,3711.0,0.0,52.0,15106.0,172.0,966.0,4011.0,6566.0,2162.0,907.0,8.0,12717.0,847.0,19.27,2.28,9.15,0.57,45.26,0.0,3.26,18.31,0.0,0.0,0.17,0.0,0.0,0.2,72.03,27.97,0.0,11.98,15.48,3.56,56.47,7.39,0.07,36.08,0.0,100.0,23.94,44.24,0.0,0.42,2450.0,290.0,1163.0,72.0,5756.0,0.0,415.0,2328.0,0.0,0.0,21.0,0.0,0.0,25.0,9160.0,3557.0,0.0,1524.0,1968.0,453.0,7181.0,940.0,9.0,4588.0,0.0,12717.0,3044.0,5626.0,0.0,53.0,59.58,40.41,2.06,11.8,15.81,4.02,56.19,7.48,0.15,36.17,0.0,100.0,23.55,43.78,0.13,0.54,1.09,6.11,26.44,44.29,14.09,5.91,0.0,8082.0,5482.0,280.0,1600.0,2145.0,545.0,7622.0,1015.0,21.0,4906.0,0.0,13565.0,3194.0,5939.0,17.0,73.0,148.0,829.0,3586.0,6008.0,1911.0,802.0,0.0,18.86,2.46,9.19,0.53,44.94,0.0,3.32,18.3,0.0,0.0,0.24,0.0,0.0,0.42,56.19,7.48,0.15,36.17,0.0,100.0,16.46,17.64,51.23,14.66,2558.0,334.0,1247.0,72.0,6096.0,0.0,450.0,2482.0,0.0,0.0,32.0,0.0,0.0,57.0,7622.0,1015.0,21.0,4906.0,0.0,13565.0,2233.0,2393.0,6950.0,1989.0
3544103,51.22,48.78,1.02,77.2,22.65,0.1,44.92,8.35,0.55,46.04,0.14,100.0,9.67,24.29,37.38,19.84,3.62,0.52,3.67,6021.0,5735.0,120.0,9076.0,2663.0,12.0,5281.0,982.0,65.0,5412.0,17.0,11756.0,1137.0,2856.0,4394.0,2332.0,425.0,61.0,431.0,5711.0,2323.0,220.0,95.0,1232.0,6021.0,5735.0,9076.0,2663.0,12.0,1127.0,1314.0,3088.0,2399.0,1852.0,1939.0,38.0,11756.0,1230.0,946.0,55.82,44.18,2.32,41.73,11.14,30.6,55.73,0.01,1.75,100.0,2.22,11.38,34.95,36.86,9.16,3.12,0.0,82.64,3.64,10989.0,8696.0,456.0,8215.0,2192.0,6023.0,10970.0,2.0,344.0,19685.0,437.0,2241.0,6880.0,7255.0,1803.0,614.0,0.0,16268.0,717.0,15.93,1.06,2.82,0.34,20.44,0.12,2.46,20.38,0.49,33.85,0.0,0.09,0.21,0.46,35.41,64.59,0.0,3.58,30.45,29.13,40.61,16.02,0.22,42.94,0.21,100.0,12.71,21.01,2.44,0.01,2592.0,172.0,458.0,56.0,3325.0,19.0,400.0,3315.0,80.0,5507.0,0.0,15.0,34.0,75.0,5760.0,10507.0,0.0,582.0,4953.0,4739.0,6606.0,2606.0,36.0,6986.0,34.0,16268.0,2067.0,3418.0,397.0,1.0,56.98,43.02,2.15,3.51,29.57,29.1,40.6,15.83,0.21,43.16,0.2,100.0,12.95,20.86,2.73,0.18,2.11,11.37,34.24,37.98,9.04,3.11,0.0,9684.0,7311.0,365.0,596.0,5026.0,4946.0,6900.0,2690.0,36.0,7335.0,34.0,16995.0,2201.0,3545.0,464.0,31.0,359.0,1932.0,5819.0,6455.0,1537.0,529.0,0.0,15.63,1.01,2.85,0.35,20.62,0.11,2.45,20.63,0.47,33.25,0.0,0.09,0.2,0.47,40.6,15.83,0.21,43.16,0.2,100.0,13.87,13.52,58.71,13.91,2656.0,172.0,484.0,59.0,3505.0,19.0,416.0,3506.0,80.0,5650.0,0.0,15.0,34.0,80.0,6900.0,2690.0,36.0,7335.0,34.0,16995.0,2358.0,2297.0,9977.0,2364.0
3544202,50.18,49.82,0.25,93.99,5.76,0.25,46.44,6.16,0.25,46.84,0.3,100.0,17.69,27.59,35.73,11.67,3.99,1.06,2.07,993.0,986.0,5.0,1860.0,114.0,5.0,919.0,122.0,5.0,927.0,6.0,1979.0,350.0,546.0,707.0,231.0,79.0,21.0,41.0,956.0,431.0,27.0,35.0,90.0,993.0,986.0,1860.0,114.0,5.0,123.0,262.0,491.0,423.0,295.0,374.0,11.0,1979.0,258.0,184.0,59.66,40.34,0.97,88.58,23.75,64.82,9.57,0.0,0.0,100.0,4.59,13.43,41.71,27.83,7.56,3.92,0.0,72.24,2.16,1964.0,1328.0,32.0,2916.0,782.0,2134.0,315.0,0.0,0.0,3292.0,151.0,442.0,1373.0,916.0,249.0,129.0,0.0,2378.0,71.0,21.83,12.03,8.54,0.5,24.68,0.0,2.27,27.8,0.0,0.0,0.17,0.0,0.0,0.0,87.3,12.7,0.0,15.98,25.11,12.49,41.76,7.4,0.76,49.83,0.25,100.0,28.34,17.41,0.0,0.0,519.0,286.0,203.0,12.0,587.0,0.0,54.0,661.0,0.0,0.0,4.0,0.0,0.0,0.0,2076.0,302.0,0.0,380.0,597.0,297.0,993.0,176.0,18.0,1185.0,6.0,2378.0,674.0,414.0,0.0,0.0,59.74,40.26,1.02,16.09,24.99,12.29,41.85,7.76,0.73,49.41,0.25,100.0,28.3,17.48,0.0,0.25,4.78,13.52,41.61,27.93,7.59,3.59,0.0,1463.0,986.0,25.0,394.0,612.0,301.0,1025.0,190.0,18.0,1210.0,6.0,2449.0,693.0,428.0,0.0,6.0,117.0,331.0,1019.0,684.0,186.0,88.0,0.0,22.74,12.0,8.29,0.49,24.46,0.0,2.2,27.52,0.0,0.0,0.16,0.0,0.0,0.0,41.85,7.76,0.73,49.41,0.25,100.0,31.4,18.21,37.77,12.62,557.0,294.0,203.0,12.0,599.0,0.0,54.0,674.0,0.0,0.0,4.0,0.0,0.0,0.0,1025.0,190.0,18.0,1210.0,6.0,2449.0,769.0,446.0,925.0,309.0
3544251,50.94,49.04,1.86,89.7,10.04,0.26,41.4,6.28,0.68,51.41,0.21,100.0,11.4,21.42,28.87,24.09,6.04,3.83,2.47,2167.0,2086.0,79.0,3816.0,427.0,11.0,1761.0,267.0,29.0,2187.0,9.0,4254.0,485.0,911.0,1228.0,1025.0,257.0,163.0,105.0,1986.0,652.0,110.0,26.0,724.0,2167.0,2086.0,3816.0,427.0,11.0,459.0,541.0,1066.0,880.0,632.0,663.0,11.0,4254.0,238.0,517.0,55.55,44.45,3.72,86.1,15.59,70.52,9.93,0.05,2.01,100.0,4.19,11.21,25.72,35.82,11.84,7.44,0.05,69.28,11.09,4166.0,3333.0,279.0,6457.0,1169.0,5288.0,745.0,4.0,151.0,7499.0,314.0,841.0,1929.0,2686.0,888.0,558.0,4.0,5195.0,832.0,17.54,20.09,14.04,0.35,34.09,0.1,1.96,9.5,0.0,0.0,0.31,0.0,0.25,0.79,96.42,3.58,0.0,22.67,8.54,1.02,44.63,8.21,0.98,45.93,0.25,100.0,39.84,26.98,0.31,0.15,912.0,1045.0,730.0,18.0,1773.0,5.0,102.0,494.0,0.0,0.0,16.0,0.0,13.0,41.0,5015.0,186.0,0.0,1179.0,444.0,53.0,2321.0,427.0,51.0,2389.0,13.0,5201.0,2072.0,1403.0,16.0,8.0,55.39,44.61,3.61,20.24,9.11,2.52,43.91,8.38,0.75,46.55,0.4,100.0,36.41,25.29,1.61,3.91,4.39,10.67,26.74,35.68,11.51,7.32,0.07,3344.0,2693.0,218.0,1222.0,550.0,152.0,2651.0,506.0,45.0,2810.0,24.0,6037.0,2198.0,1527.0,97.0,236.0,265.0,644.0,1614.0,2154.0,695.0,442.0,4.0,16.07,18.75,12.66,0.3,34.77,0.08,2.02,12.3,0.0,0.0,0.43,0.0,0.22,1.09,43.87,8.37,0.84,46.5,0.4,100.0,17.36,13.35,43.6,25.67,971.0,1133.0,765.0,18.0,2101.0,5.0,122.0,743.0,0.0,0.0,26.0,0.0,13.0,66.0,2651.0,506.0,51.0,2810.0,24.0,6043.0,1049.0,807.0,2635.0,1551.0
3544301,52.4,47.6,0.68,79.79,20.21,0.0,58.97,3.24,0.16,37.47,0.16,100.0,9.29,23.9,36.95,22.67,4.4,1.65,0.49,1618.0,1470.0,21.0,2464.0,624.0,0.0,1821.0,100.0,5.0,1157.0,5.0,3088.0,287.0,738.0,1141.0,700.0,136.0,51.0,15.0,1474.0,483.0,55.0,14.0,446.0,1618.0,1470.0,2464.0,624.0,0.0,288.0,404.0,718.0,627.0,454.0,581.0,16.0,3088.0,367.0,248.0,56.08,43.9,2.26,59.62,10.06,49.56,38.25,0.0,1.0,100.0,2.16,11.74,35.38,34.85,9.85,3.75,0.0,86.26,1.55,2853.0,2233.0,115.0,3033.0,512.0,2521.0,1946.0,0.0,51.0,5087.0,110.0,597.0,1800.0,1773.0,501.0,191.0,0.0,4388.0,79.0,14.31,20.72,11.65,0.91,38.29,0.23,5.04,7.7,0.0,0.0,0.46,0.0,0.0,0.23,57.0,43.0,0.0,14.13,10.71,2.05,53.67,5.47,0.23,40.63,0.0,100.0,35.51,37.17,0.46,0.0,628.0,909.0,511.0,40.0,1680.0,10.0,221.0,338.0,0.0,0.0,20.0,0.0,0.0,10.0,2501.0,1887.0,0.0,620.0,470.0,90.0,2355.0,240.0,10.0,1783.0,0.0,4388.0,1558.0,1631.0,20.0,0.0,58.0,42.02,2.22,13.88,10.63,2.44,54.06,5.37,0.22,40.34,0.0,100.0,35.1,36.83,1.01,0.11,2.24,10.97,35.77,34.59,10.3,3.94,0.0,2591.0,1877.0,99.0,620.0,475.0,109.0,2415.0,240.0,10.0,1802.0,0.0,4467.0,1568.0,1645.0,45.0,5.0,100.0,490.0,1598.0,1545.0,460.0,176.0,0.0,14.17,20.46,11.55,0.9,38.39,0.22,5.06,7.99,0.0,0.0,0.45,0.0,0.0,0.34,54.06,5.37,0.22,40.34,0.0,100.0,17.73,15.16,46.16,20.98,633.0,914.0,516.0,40.0,1715.0,10.0,226.0,357.0,0.0,0.0,20.0,0.0,0.0,15.0,2415.0,240.0,10.0,1802.0,0.0,4467.0,792.0,677.0,2062.0,937.0
3544400,49.54,50.46,0.0,82.43,17.57,0.0,42.08,5.11,0.2,51.48,1.12,100.0,7.66,26.66,44.13,16.24,1.74,2.76,0.82,485.0,494.0,0.0,807.0,172.0,0.0,412.0,50.0,2.0,504.0,11.0,979.0,75.0,261.0,432.0,159.0,17.0,27.0,8.0,520.0,256.0,27.0,5.0,55.0,485.0,494.0,807.0,172.0,0.0,124.0,283.0,206.0,160.0,85.0,114.0,7.0,979.0,51.0,64.0,58.89,41.11,0.24,75.77,16.72,59.05,23.82,0.0,0.16,100.0,1.96,9.95,40.78,34.34,9.3,3.43,0.0,81.81,1.14,722.0,504.0,3.0,929.0,205.0,724.0,292.0,0.0,2.0,1226.0,24.0,122.0,500.0,421.0,114.0,42.0,0.0,1003.0,14.0,30.91,3.59,6.48,1.0,21.73,0.5,7.38,26.92,0.0,0.0,1.2,0.0,0.0,0.4,71.49,28.51,0.0,18.74,15.75,4.69,43.87,6.18,0.9,48.95,0.0,100.0,26.92,33.4,0.5,0.0,310.0,36.0,65.0,10.0,218.0,5.0,74.0,270.0,0.0,0.0,12.0,0.0,0.0,4.0,717.0,286.0,0.0,188.0,158.0,47.0,440.0,62.0,9.0,491.0,0.0,1003.0,270.0,335.0,5.0,0.0,60.87,39.13,0.29,18.88,15.73,4.62,43.95,6.1,0.88,48.97,0.0,100.0,26.55,33.63,0.49,0.0,1.97,9.93,42.08,34.12,8.65,2.95,0.0,619.0,398.0,3.0,192.0,160.0,47.0,447.0,62.0,9.0,498.0,0.0,1017.0,270.0,342.0,5.0,0.0,20.0,101.0,428.0,347.0,88.0,30.0,0.0,30.58,3.54,6.39,0.98,22.42,0.49,7.28,26.75,0.0,0.0,1.18,0.0,0.0,0.39,43.95,6.1,0.88,48.97,0.0,100.0,26.06,22.03,39.13,12.78,311.0,36.0,65.0,10.0,228.0,5.0,74.0,272.0,0.0,0.0,12.0,0.0,0.0,4.0,447.0,62.0,9.0,498.0,0.0,1017.0,265.0,224.0,398.0,130.0
3544509,47.45,52.55,0.89,73.98,26.15,0.0,59.06,4.72,1.15,35.2,0.0,100.0,5.1,23.47,42.98,23.34,0.77,2.04,1.53,372.0,412.0,7.0,580.0,205.0,0.0,463.0,37.0,9.0,276.0,0.0,784.0,40.0,184.0,337.0,183.0,6.0,16.0,12.0,376.0,96.0,9.0,0.0,99.0,372.0,412.0,580.0,205.0,0.0,76.0,49.0,224.0,155.0,104.0,174.0,3.0,784.0,143.0,62.0,59.76,40.24,1.28,72.01,15.75,56.26,26.38,0.0,1.01,100.0,1.01,7.4,33.92,42.87,9.02,4.44,0.0,80.01,2.69,888.0,598.0,19.0,1070.0,234.0,836.0,392.0,0.0,15.0,1486.0,15.0,110.0,504.0,637.0,134.0,66.0,0.0,1189.0,40.0,18.92,12.95,9.25,0.59,42.89,0.0,0.84,13.46,0.0,0.0,0.0,0.25,0.34,0.0,68.97,31.03,0.0,13.04,8.66,0.34,55.26,4.46,1.35,38.94,0.0,100.0,43.73,34.31,0.0,0.0,225.0,154.0,110.0,7.0,510.0,0.0,10.0,160.0,0.0,0.0,0.0,3.0,4.0,0.0,820.0,369.0,0.0,155.0,103.0,4.0,657.0,53.0,16.0,463.0,0.0,1189.0,520.0,408.0,0.0,0.0,60.05,39.95,0.81,12.86,8.38,1.38,55.09,4.31,1.3,39.3,0.0,100.0,43.04,33.36,0.0,0.9,0.49,7.73,35.39,42.88,7.57,5.04,0.0,738.0,491.0,10.0,158.0,103.0,17.0,677.0,53.0,16.0,483.0,0.0,1229.0,529.0,410.0,0.0,11.0,6.0,95.0,435.0,527.0,93.0,62.0,0.0,18.8,12.53,9.28,0.57,43.12,0.0,0.81,13.02,0.0,0.0,0.49,0.24,0.33,0.0,55.09,4.31,1.3,39.3,0.0,100.0,22.38,15.46,44.18,17.98,231.0,154.0,114.0,7.0,530.0,0.0,10.0,160.0,0.0,0.0,6.0,3.0,4.0,0.0,677.0,53.0,16.0,483.0,0.0,1229.0,275.0,190.0,543.0,221.0
3544608,47.37,52.63,1.01,87.8,11.93,0.0,65.7,2.76,0.13,31.4,0.0,100.0,6.47,23.72,37.53,23.85,5.59,0.2,1.55,703.0,781.0,15.0,1303.0,177.0,0.0,975.0,41.0,2.0,466.0,0.0,1484.0,96.0,352.0,557.0,354.0,83.0,3.0,23.0,765.0,379.0,67.0,0.0,39.0,703.0,781.0,1303.0,177.0,0.0,103.0,309.0,294.0,260.0,216.0,204.0,98.0,1484.0,113.0,121.0,57.99,42.01,2.13,80.44,16.57,63.88,18.33,0.0,0.95,100.0,2.26,10.37,31.91,40.11,11.0,2.22,0.0,81.3,0.95,1281.0,928.0,47.0,1777.0,366.0,1411.0,405.0,0.0,21.0,2209.0,50.0,229.0,705.0,886.0,243.0,49.0,0.0,1796.0,21.0,32.35,4.62,8.07,0.39,32.91,0.0,3.45,17.26,0.0,0.0,0.5,0.0,0.0,0.17,78.4,21.6,0.0,19.77,22.49,1.56,64.87,2.84,0.11,31.79,0.33,100.0,33.63,22.49,0.0,0.0,581.0,83.0,145.0,7.0,591.0,0.0,62.0,310.0,0.0,0.0,9.0,0.0,0.0,3.0,1408.0,388.0,0.0,355.0,404.0,28.0,1165.0,51.0,2.0,571.0,6.0,1796.0,604.0,404.0,0.0,0.0,57.27,42.73,2.09,19.55,22.25,1.82,65.03,2.97,0.11,31.61,0.33,100.0,33.43,22.25,0.17,0.55,1.87,10.19,30.95,42.84,10.19,1.93,0.0,1040.0,776.0,38.0,355.0,404.0,33.0,1181.0,54.0,2.0,574.0,6.0,1816.0,607.0,404.0,3.0,10.0,34.0,185.0,562.0,778.0,185.0,35.0,0.0,32.16,4.57,7.98,0.39,33.09,0.0,3.41,17.35,0.0,0.0,0.66,0.0,0.0,0.17,65.03,2.97,0.11,31.61,0.33,100.0,26.43,24.23,37.56,11.78,584.0,83.0,145.0,7.0,601.0,0.0,62.0,315.0,0.0,0.0,12.0,0.0,0.0,3.0,1181.0,54.0,2.0,574.0,6.0,1816.0,480.0,440.0,682.0,214.0
3544707,48.32,51.49,0.37,86.75,13.25,0.0,41.42,2.43,0.0,55.04,1.12,100.0,12.69,30.78,39.55,13.25,1.49,1.49,0.0,259.0,276.0,2.0,465.0,71.0,0.0,222.0,13.0,0.0,295.0,6.0,536.0,68.0,165.0,212.0,71.0,8.0,8.0,0.0,306.0,77.0,2.0,0.0,23.0,259.0,276.0,465.0,71.0,0.0,21.0,14.0,169.0,132.0,80.0,119.0,0.0,536.0,77.0,50.0,61.73,38.38,0.61,57.56,7.82,49.85,30.86,0.0,11.57,100.0,1.32,9.85,37.06,43.76,4.37,3.05,0.0,79.19,1.52,608.0,378.0,6.0,567.0,77.0,491.0,304.0,0.0,114.0,985.0,13.0,97.0,365.0,431.0,43.0,30.0,0.0,780.0,15.0,42.31,2.82,6.28,0.13,21.92,0.0,4.74,21.28,0.0,0.0,0.38,0.0,0.0,0.13,62.95,37.05,0.0,22.82,7.69,0.64,36.41,8.85,0.64,54.1,0.0,100.0,34.74,33.97,0.0,0.0,330.0,22.0,49.0,1.0,171.0,0.0,37.0,166.0,0.0,0.0,3.0,0.0,0.0,1.0,491.0,289.0,0.0,178.0,60.0,5.0,284.0,69.0,5.0,422.0,0.0,780.0,271.0,265.0,0.0,0.0,55.29,44.84,0.5,22.67,8.31,0.88,37.15,8.69,0.63,53.53,0.0,100.0,34.38,33.63,0.0,0.25,1.39,8.94,38.54,42.57,5.42,2.77,0.0,439.0,356.0,4.0,180.0,66.0,7.0,295.0,69.0,5.0,425.0,0.0,794.0,273.0,267.0,0.0,2.0,11.0,71.0,306.0,338.0,43.0,22.0,0.0,41.56,2.77,6.17,0.13,23.05,0.0,4.66,21.16,0.0,0.0,0.38,0.0,0.0,0.13,37.15,8.69,0.63,53.53,0.0,100.0,19.52,14.61,49.37,16.5,330.0,22.0,49.0,1.0,183.0,0.0,37.0,168.0,0.0,0.0,3.0,0.0,0.0,1.0,295.0,69.0,5.0,425.0,0.0,794.0,155.0,116.0,392.0,131.0
3544806,51.15,48.85,0.92,87.77,12.23,0.0,67.97,2.52,0.0,29.36,0.15,100.0,8.26,23.24,39.22,21.64,4.82,1.3,0.54,669.0,639.0,12.0,1148.0,160.0,0.0,889.0,33.0,0.0,384.0,2.0,1308.0,108.0,304.0,513.0,283.0,63.0,17.0,7.0,720.0,184.0,15.0,6.0,94.0,669.0,639.0,1148.0,160.0,0.0,79.0,80.0,352.0,345.0,212.0,228.0,12.0,1308.0,99.0,190.0,55.81,44.19,2.01,83.48,12.95,70.53,15.67,0.0,0.44,100.0,1.7,9.17,33.36,40.2,10.36,3.17,0.0,81.64,4.57,1638.0,1297.0,59.0,2450.0,380.0,2070.0,460.0,0.0,13.0,2935.0,50.0,269.0,979.0,1180.0,304.0,93.0,0.0,2396.0,134.0,15.06,26.41,7.09,0.0,29.7,0.0,2.5,17.27,0.0,0.0,1.42,0.0,0.0,0.42,82.81,17.19,0.0,25.53,12.02,5.67,66.04,3.92,0.0,29.91,0.13,100.0,33.63,23.11,0.0,0.0,361.0,633.0,170.0,0.0,712.0,0.0,60.0,414.0,0.0,0.0,34.0,0.0,0.0,10.0,1985.0,412.0,0.0,612.0,288.0,136.0,1583.0,94.0,0.0,717.0,3.0,2397.0,806.0,554.0,0.0,0.0,56.01,43.99,0.99,24.15,11.82,8.74,65.85,3.87,0.0,30.12,0.12,100.0,32.25,22.37,0.24,0.43,1.98,9.41,33.32,41.5,10.04,2.81,0.0,1417.0,1113.0,25.0,611.0,299.0,221.0,1666.0,98.0,0.0,762.0,3.0,2530.0,816.0,566.0,6.0,11.0,50.0,238.0,843.0,1050.0,254.0,71.0,0.0,14.58,26.31,7.03,0.0,29.28,0.0,2.73,17.38,0.0,0.0,1.62,0.0,0.0,0.4,65.86,3.87,0.0,30.11,0.12,100.0,24.69,19.6,41.41,14.3,369.0,666.0,178.0,0.0,741.0,0.0,69.0,440.0,0.0,0.0,41.0,0.0,0.0,10.0,1667.0,98.0,0.0,762.0,3.0,2531.0,625.0,496.0,1048.0,362.0
3544905,49.96,50.04,0.18,75.7,24.3,0.0,74.27,2.53,0.29,22.91,0.0,100.0,7.18,17.08,29.99,33.54,8.83,2.38,0.81,1363.0,1365.0,5.0,2065.0,663.0,0.0,2026.0,69.0,8.0,625.0,0.0,2728.0,196.0,466.0,818.0,915.0,241.0,65.0,22.0,1285.0,410.0,13.0,192.0,324.0,1363.0,1365.0,2065.0,663.0,0.0,246.0,389.0,653.0,562.0,387.0,464.0,27.0,2728.0,216.0,287.0,55.11,44.9,2.69,79.03,19.77,59.25,20.72,0.0,0.16,100.0,1.31,5.25,24.23,46.39,16.05,4.08,0.0,78.26,1.72,3077.0,2507.0,150.0,4412.0,1104.0,3308.0,1157.0,0.0,9.0,5583.0,73.0,293.0,1353.0,2590.0,896.0,228.0,0.0,4369.0,96.0,17.56,6.66,9.52,0.62,53.56,0.14,2.91,7.42,0.0,0.0,0.92,0.0,0.25,0.14,74.55,25.47,0.0,8.83,7.21,9.66,71.39,4.78,0.3,23.53,0.0,100.0,43.56,30.62,0.0,0.0,767.0,291.0,416.0,27.0,2340.0,6.0,127.0,324.0,0.0,0.0,40.0,0.0,11.0,6.0,3257.0,1113.0,0.0,386.0,315.0,422.0,3119.0,209.0,13.0,1028.0,0.0,4369.0,1903.0,1338.0,0.0,0.0,58.01,41.99,2.44,8.82,7.21,9.74,71.53,4.84,0.29,23.36,0.0,100.0,42.96,30.84,0.13,0.09,0.87,4.93,24.32,47.53,16.1,3.78,0.0,2590.0,1875.0,109.0,394.0,322.0,435.0,3194.0,216.0,13.0,1043.0,0.0,4465.0,1918.0,1377.0,6.0,4.0,39.0,220.0,1086.0,2122.0,719.0,169.0,0.0,17.54,6.52,9.47,0.6,53.24,0.13,3.18,7.35,0.0,0.0,1.28,0.0,0.25,0.13,71.53,4.84,0.29,23.36,0.0,100.0,28.13,10.35,36.62,24.9,783.0,291.0,423.0,27.0,2377.0,6.0,142.0,328.0,0.0,0.0,57.0,0.0,11.0,6.0,3194.0,216.0,13.0,1043.0,0.0,4465.0,1256.0,462.0,1635.0,1112.0
3545001,47.29,52.71,1.19,84.77,15.06,0.0,71.54,2.69,0.0,25.78,0.0,100.0,10.11,31.78,32.48,18.85,2.77,1.38,1.41,1708.0,1904.0,43.0,3062.0,544.0,0.0,2584.0,97.0,0.0,931.0,0.0,3612.0,365.0,1148.0,1173.0,681.0,100.0,50.0,51.0,1819.0,785.0,68.0,31.0,408.0,1708.0,1904.0,3062.0,544.0,0.0,385.0,397.0,923.0,779.0,624.0,457.0,46.0,3612.0,129.0,371.0,61.31,38.7,2.21,76.12,14.41,61.71,21.93,0.0,1.02,100.0,2.9,13.81,35.04,35.36,7.82,2.84,0.0,80.55,3.1,4208.0,2656.0,152.0,5224.0,989.0,4235.0,1505.0,0.0,70.0,6863.0,199.0,948.0,2405.0,2427.0,537.0,195.0,0.0,5528.0,213.0,30.52,4.05,14.13,0.0,29.92,0.0,0.96,17.96,0.11,0.29,0.34,0.0,0.0,0.31,75.4,24.58,0.0,10.76,18.6,14.76,75.13,4.4,0.27,20.21,0.0,100.0,26.45,26.28,2.37,0.0,1687.0,224.0,781.0,0.0,1654.0,0.0,53.0,993.0,6.0,16.0,19.0,0.0,0.0,17.0,4168.0,1359.0,0.0,595.0,1028.0,816.0,4153.0,243.0,15.0,1117.0,0.0,5528.0,1462.0,1453.0,131.0,0.0,61.28,38.7,1.43,10.43,18.72,14.98,75.0,4.32,0.26,20.4,0.0,100.0,25.57,25.9,3.12,0.31,2.65,13.92,35.48,35.13,8.29,3.1,0.0,3518.0,2222.0,82.0,599.0,1075.0,860.0,4306.0,248.0,15.0,1171.0,0.0,5741.0,1468.0,1487.0,179.0,18.0,152.0,799.0,2037.0,2017.0,476.0,178.0,0.0,29.75,3.9,14.13,0.09,30.31,0.0,0.92,17.98,0.1,0.37,0.52,0.07,0.0,0.3,75.0,4.32,0.26,20.4,0.0,100.0,25.17,17.99,40.86,15.96,1708.0,224.0,811.0,5.0,1740.0,0.0,53.0,1032.0,6.0,21.0,30.0,4.0,0.0,17.0,4306.0,248.0,15.0,1171.0,0.0,5741.0,1445.0,1033.0,2346.0,916.0
3545100,48.99,50.94,1.15,85.7,14.24,0.0,43.45,5.67,0.27,50.54,0.0,100.0,15.18,17.21,36.91,19.23,4.59,2.7,3.04,726.0,755.0,17.0,1270.0,211.0,0.0,644.0,84.0,4.0,749.0,0.0,1482.0,225.0,255.0,547.0,285.0,68.0,40.0,45.0,1070.0,134.0,0.0,17.0,89.0,726.0,755.0,1270.0,211.0,0.0,142.0,448.0,307.0,216.0,171.0,165.0,32.0,1482.0,88.0,84.0,63.17,36.88,1.72,69.73,8.81,60.92,30.03,0.0,0.0,100.0,2.49,10.25,37.93,35.11,8.0,4.55,0.0,88.17,2.78,1319.0,770.0,36.0,1456.0,184.0,1272.0,627.0,0.0,0.0,2088.0,52.0,214.0,792.0,733.0,167.0,95.0,0.0,1841.0,58.0,24.06,6.9,4.73,0.33,17.93,0.0,0.16,40.25,0.0,0.0,0.49,1.14,0.0,0.16,67.68,32.32,0.0,9.02,33.68,8.85,40.47,7.6,0.22,51.66,0.0,100.0,24.01,19.07,4.73,0.6,443.0,127.0,87.0,6.0,330.0,0.0,3.0,741.0,0.0,0.0,9.0,21.0,0.0,3.0,1246.0,595.0,0.0,166.0,620.0,163.0,745.0,140.0,4.0,951.0,0.0,1841.0,442.0,351.0,87.0,11.0,62.51,37.44,1.58,8.74,33.44,8.85,40.13,7.79,0.21,51.82,0.0,100.0,23.64,19.27,4.58,1.32,2.42,10.43,38.65,34.33,8.32,4.32,0.0,1187.0,711.0,30.0,166.0,635.0,168.0,762.0,148.0,4.0,984.0,0.0,1899.0,449.0,366.0,87.0,25.0,46.0,198.0,734.0,652.0,158.0,82.0,0.0,23.64,7.21,4.74,0.32,17.85,0.0,0.16,40.07,0.0,0.0,0.79,1.11,0.0,0.16,40.13,7.79,0.21,51.82,0.0,100.0,39.13,16.75,33.97,10.11,449.0,137.0,90.0,6.0,339.0,0.0,3.0,761.0,0.0,0.0,15.0,21.0,0.0,3.0,762.0,148.0,4.0,984.0,0.0,1899.0,743.0,318.0,645.0,192.0
3545159,50.11,49.89,1.94,81.37,18.63,0.0,78.29,0.86,0.0,20.8,0.0,100.0,1.94,11.66,37.89,35.71,7.14,3.71,0.0,877.0,873.0,34.0,1424.0,326.0,0.0,1370.0,15.0,0.0,364.0,0.0,1750.0,34.0,204.0,663.0,625.0,125.0,65.0,0.0,884.0,226.0,19.0,7.0,225.0,877.0,873.0,1424.0,326.0,0.0,213.0,159.0,433.0,354.0,244.0,342.0,5.0,1750.0,251.0,137.0,59.57,40.41,3.26,68.74,16.05,52.7,23.07,0.0,0.15,100.0,0.35,3.96,22.75,47.38,14.39,7.94,0.0,73.89,1.9,2409.0,1634.0,132.0,2780.0,649.0,2131.0,933.0,0.0,6.0,4044.0,14.0,160.0,920.0,1916.0,582.0,321.0,0.0,2988.0,77.0,24.97,4.45,8.57,0.2,49.63,0.0,2.04,8.47,0.0,0.0,1.1,0.0,0.0,0.23,70.28,29.72,0.0,25.23,13.99,4.42,76.67,3.51,0.0,19.78,0.0,100.0,27.68,28.48,0.0,0.0,746.0,133.0,256.0,6.0,1483.0,0.0,61.0,253.0,0.0,0.0,33.0,0.0,0.0,7.0,2100.0,888.0,0.0,754.0,418.0,132.0,2291.0,105.0,0.0,591.0,0.0,2988.0,827.0,851.0,0.0,0.0,62.17,37.83,3.39,24.8,13.87,4.73,76.5,3.59,0.0,19.91,0.0,100.0,27.61,28.66,0.16,0.0,0.46,4.47,22.1,48.69,13.54,7.34,0.0,1905.0,1159.0,104.0,760.0,425.0,145.0,2344.0,110.0,0.0,610.0,0.0,3064.0,846.0,878.0,5.0,0.0,14.0,137.0,677.0,1492.0,415.0,225.0,0.0,24.74,4.5,8.36,0.33,49.18,0.0,1.99,8.71,0.0,0.0,1.66,0.0,0.0,0.23,76.5,3.59,0.0,19.91,0.0,100.0,19.19,21.87,42.07,16.91,758.0,138.0,256.0,10.0,1507.0,0.0,61.0,267.0,0.0,0.0,51.0,0.0,0.0,7.0,2344.0,110.0,0.0,610.0,0.0,3064.0,588.0,670.0,1289.0,518.0
3545209,51.08,48.92,3.03,89.6,10.26,0.1,64.67,6.39,0.28,28.65,0.0,100.0,3.99,14.77,29.38,31.43,9.47,6.16,1.77,16947.0,16232.0,1005.0,29727.0,3405.0,34.0,21458.0,2120.0,94.0,9506.0,1.0,33179.0,1325.0,4901.0,9749.0,10427.0,3142.0,2043.0,588.0,15376.0,5375.0,1048.0,113.0,4132.0,16947.0,16232.0,29727.0,3405.0,34.0,3423.0,4278.0,8479.0,6403.0,4066.0,6227.0,304.0,33179.0,3291.0,3846.0,56.36,43.64,5.13,74.58,12.8,61.78,22.53,0.02,1.31,100.0,0.7,5.71,21.27,42.36,15.38,9.43,0.0,82.38,1.94,37083.0,28709.0,3378.0,49068.0,8419.0,40650.0,14825.0,12.0,863.0,65793.0,463.0,3759.0,13994.0,27873.0,10120.0,6206.0,0.0,54201.0,1276.0,11.75,2.39,11.87,0.29,47.68,0.47,5.81,17.27,0.21,0.0,0.45,0.06,0.06,0.44,73.81,26.19,0.0,7.26,16.74,3.63,60.51,8.14,0.37,30.88,0.1,100.0,31.56,40.11,0.15,0.0,6369.0,1296.0,6433.0,158.0,25841.0,253.0,3151.0,9362.0,114.0,0.0,243.0,32.0,34.0,237.0,40005.0,14196.0,0.0,3936.0,9072.0,1967.0,32798.0,4412.0,200.0,16736.0,55.0,54201.0,17106.0,21742.0,80.0,0.0,57.27,42.73,4.84,7.19,16.93,3.84,60.61,8.11,0.36,30.83,0.1,100.0,31.25,39.85,0.26,0.05,0.66,5.76,21.32,43.02,15.35,9.03,0.0,31775.0,23712.0,2687.0,3991.0,9392.0,2132.0,33628.0,4500.0,200.0,17104.0,55.0,55487.0,17340.0,22110.0,142.0,26.0,366.0,3194.0,11832.0,23873.0,8520.0,5013.0,0.0,11.82,2.38,11.78,0.3,47.55,0.48,5.76,17.33,0.21,0.0,0.44,0.06,0.06,0.49,60.61,8.11,0.36,30.83,0.1,100.0,13.07,13.07,50.23,23.64,6556.0,1319.0,6535.0,169.0,26386.0,266.0,3196.0,9618.0,114.0,0.0,243.0,32.0,34.0,273.0,33628.0,4500.0,200.0,17104.0,55.0,55487.0,7250.0,7250.0,27871.0,13116.0
3545308,49.97,50.03,0.76,86.23,13.77,0.0,61.61,5.27,0.49,32.63,0.0,100.0,7.15,19.73,40.33,25.41,4.61,1.14,0.87,5342.0,5349.0,81.0,9219.0,1472.0,0.0,6587.0,563.0,52.0,3489.0,0.0,10691.0,764.0,2109.0,4312.0,2717.0,493.0,122.0,93.0,5338.0,1652.0,99.0,51.0,1197.0,5342.0,5349.0,9219.0,1472.0,0.0,811.0,1225.0,2668.0,2364.0,1474.0,2016.0,133.0,10691.0,939.0,1416.0,56.07,43.93,1.83,73.42,13.97,59.45,23.48,0.0,1.45,100.0,1.06,8.06,31.3,41.88,10.74,5.07,0.06,78.8,4.14,11682.0,9154.0,382.0,15298.0,2910.0,12388.0,4892.0,0.0,302.0,20836.0,221.0,1679.0,6521.0,8727.0,2238.0,1057.0,12.0,16418.0,862.0,20.08,3.61,13.7,0.23,38.64,0.0,1.88,19.57,0.17,0.0,0.85,0.0,0.0,0.24,71.62,28.39,0.0,10.31,22.85,7.54,62.44,5.85,0.46,31.1,0.15,100.0,26.28,32.39,0.07,0.05,3296.0,593.0,2250.0,37.0,6344.0,0.0,308.0,3213.0,28.0,0.0,140.0,0.0,0.0,39.0,11758.0,4661.0,0.0,1693.0,3752.0,1238.0,10251.0,961.0,75.0,5106.0,25.0,16418.0,4315.0,5317.0,12.0,8.0,57.78,42.22,1.78,10.01,23.07,7.76,61.9,5.91,0.43,31.6,0.14,100.0,25.69,32.36,0.26,0.32,0.99,8.25,31.6,41.91,10.5,4.97,0.0,9984.0,7296.0,307.0,1729.0,3987.0,1341.0,10696.0,1022.0,75.0,5461.0,25.0,17280.0,4439.0,5591.0,45.0,55.0,171.0,1425.0,5461.0,7242.0,1815.0,858.0,0.0,19.9,3.43,13.5,0.21,39.16,0.0,1.78,19.31,0.16,0.0,0.93,0.0,0.0,0.23,61.9,5.91,0.43,31.6,0.14,100.0,19.58,15.2,51.34,13.89,3438.0,593.0,2332.0,37.0,6767.0,0.0,308.0,3337.0,28.0,0.0,161.0,0.0,0.0,39.0,10696.0,1022.0,75.0,5461.0,25.0,17280.0,3383.0,2626.0,8871.0,2400.0
3545407,49.63,50.37,0.46,83.92,15.8,0.23,62.74,5.33,0.0,31.93,0.0,100.0,14.32,23.31,38.14,18.12,3.57,1.16,0.88,1071.0,1087.0,10.0,1811.0,341.0,5.0,1354.0,115.0,0.0,689.0,0.0,2158.0,309.0,503.0,823.0,391.0,77.0,25.0,19.0,1061.0,356.0,45.0,5.0,210.0,1071.0,1087.0,1811.0,341.0,5.0,210.0,195.0,591.0,453.0,251.0,432.0,25.0,2158.0,212.0,269.0,58.52,41.48,1.78,78.13,15.21,62.92,20.11,0.13,1.13,100.0,3.54,12.23,32.97,37.21,9.11,3.19,0.0,79.49,3.67,2331.0,1652.0,71.0,3112.0,606.0,2506.0,801.0,5.0,45.0,3983.0,141.0,487.0,1313.0,1482.0,363.0,127.0,0.0,3166.0,146.0,22.16,22.89,13.18,0.0,31.46,0.0,0.63,7.28,0.0,0.0,0.82,0.0,0.0,0.79,77.43,22.54,0.0,17.43,6.81,1.58,60.75,6.65,0.16,32.44,0.0,100.0,32.63,40.89,0.32,0.0,703.0,726.0,418.0,0.0,998.0,0.0,20.0,231.0,0.0,0.0,26.0,0.0,0.0,25.0,2456.0,715.0,0.0,553.0,216.0,50.0,1927.0,211.0,5.0,1029.0,0.0,3172.0,1035.0,1297.0,10.0,0.0,59.6,40.4,1.84,17.15,6.94,1.96,60.45,6.82,0.15,32.58,0.0,100.0,31.88,40.22,0.6,0.75,3.44,12.41,32.7,38.1,8.61,2.9,0.0,1974.0,1338.0,61.0,568.0,230.0,65.0,2002.0,226.0,5.0,1079.0,0.0,3312.0,1056.0,1332.0,20.0,25.0,114.0,411.0,1083.0,1262.0,285.0,96.0,0.0,21.95,22.49,12.75,0.0,31.75,0.0,0.6,7.75,0.0,0.0,1.06,0.0,0.15,0.75,60.51,6.81,0.15,32.53,0.0,100.0,23.79,15.19,44.47,16.55,728.0,746.0,423.0,0.0,1053.0,0.0,20.0,257.0,0.0,0.0,35.0,0.0,5.0,25.0,2007.0,226.0,5.0,1079.0,0.0,3317.0,789.0,504.0,1475.0,549.0
3545506,52.38,47.52,0.0,91.41,8.59,0.0,39.54,4.14,0.72,55.59,0.0,100.0,7.56,26.81,40.27,15.94,6.94,2.28,0.21,506.0,459.0,0.0,883.0,83.0,0.0,382.0,40.0,7.0,537.0,0.0,966.0,73.0,259.0,389.0,154.0,67.0,22.0,2.0,550.0,125.0,6.0,9.0,70.0,506.0,459.0,883.0,83.0,0.0,49.0,78.0,287.0,214.0,141.0,191.0,6.0,966.0,98.0,108.0,57.35,42.65,1.12,85.13,18.94,66.19,10.15,0.0,4.07,100.0,2.6,12.68,35.81,31.98,9.68,6.14,0.0,73.1,3.24,972.0,723.0,19.0,1443.0,321.0,1122.0,172.0,0.0,69.0,1695.0,44.0,215.0,607.0,542.0,164.0,104.0,0.0,1239.0,55.0,39.39,0.65,4.76,0.0,29.38,0.0,1.69,23.08,0.0,0.0,0.89,0.0,0.0,0.24,90.07,9.93,0.0,16.71,20.98,5.33,35.35,8.88,0.65,55.13,0.0,100.0,30.51,26.23,0.32,0.0,488.0,8.0,59.0,0.0,364.0,0.0,21.0,286.0,0.0,0.0,11.0,0.0,0.0,3.0,1116.0,123.0,0.0,207.0,260.0,66.0,438.0,110.0,8.0,683.0,0.0,1239.0,378.0,325.0,4.0,0.0,53.55,46.37,0.77,16.0,21.41,6.88,35.86,8.89,0.62,54.64,0.0,100.0,29.44,25.58,0.77,0.0,2.09,12.75,35.09,33.85,9.58,5.8,0.0,693.0,600.0,10.0,207.0,277.0,89.0,464.0,115.0,8.0,707.0,0.0,1294.0,381.0,331.0,10.0,0.0,27.0,165.0,454.0,438.0,124.0,75.0,0.0,37.94,0.62,4.56,0.0,31.92,0.0,1.62,22.33,0.0,0.0,0.85,0.0,0.0,0.23,35.86,8.89,0.62,54.64,0.0,100.0,18.39,12.98,52.09,16.54,491.0,8.0,59.0,0.0,413.0,0.0,21.0,289.0,0.0,0.0,11.0,0.0,0.0,3.0,464.0,115.0,8.0,707.0,0.0,1294.0,238.0,168.0,674.0,214.0
3545605,50.75,49.25,0.85,83.42,16.54,0.0,64.14,3.63,0.31,31.93,0.0,100.0,3.97,23.22,36.07,25.59,5.46,1.36,3.46,1497.0,1453.0,25.0,2461.0,488.0,0.0,1892.0,107.0,9.0,942.0,0.0,2950.0,117.0,685.0,1064.0,755.0,161.0,40.0,102.0,1480.0,431.0,56.0,21.0,356.0,1497.0,1453.0,2461.0,488.0,0.0,322.0,210.0,832.0,584.0,463.0,496.0,43.0,2950.0,232.0,373.0,59.73,40.27,1.98,78.17,8.88,69.3,13.48,0.0,2.67,100.0,0.46,9.2,29.15,41.89,12.74,4.6,0.0,80.35,2.41,3648.0,2459.0,121.0,4774.0,542.0,4232.0,823.0,0.0,163.0,6107.0,28.0,562.0,1780.0,2558.0,778.0,281.0,0.0,4907.0,147.0,27.27,1.63,11.68,0.71,33.54,0.0,1.53,22.42,0.0,0.0,0.22,0.0,0.0,0.33,84.23,15.77,0.0,14.59,9.74,11.9,68.98,6.42,0.22,24.39,0.0,100.0,31.47,31.87,0.12,0.0,1338.0,80.0,573.0,35.0,1646.0,0.0,75.0,1100.0,0.0,0.0,11.0,0.0,0.0,16.0,4133.0,774.0,0.0,716.0,478.0,584.0,3385.0,315.0,11.0,1197.0,0.0,4907.0,1544.0,1564.0,6.0,0.0,58.17,41.83,1.46,15.04,9.87,11.97,69.65,6.23,0.3,23.82,0.0,100.0,31.02,31.6,0.2,0.0,0.42,8.19,28.27,44.08,12.78,4.79,0.0,2940.0,2114.0,74.0,760.0,499.0,605.0,3520.0,315.0,15.0,1204.0,0.0,5054.0,1568.0,1597.0,10.0,0.0,21.0,414.0,1429.0,2228.0,646.0,242.0,0.0,26.81,1.58,11.57,0.69,33.99,0.0,1.52,22.4,0.0,0.0,0.34,0.0,0.0,0.32,69.65,6.23,0.3,23.82,0.0,100.0,17.95,11.95,48.3,21.8,1355.0,80.0,585.0,35.0,1718.0,0.0,77.0,1132.0,0.0,0.0,17.0,0.0,0.0,16.0,3520.0,315.0,15.0,1204.0,0.0,5054.0,907.0,604.0,2441.0,1102.0
3545704,50.69,49.31,1.04,78.53,21.47,0.0,60.6,3.6,1.32,34.56,0.0,100.0,1.04,23.13,38.23,27.08,5.12,2.49,1.94,732.0,712.0,15.0,1134.0,310.0,0.0,875.0,52.0,19.0,499.0,0.0,1444.0,15.0,334.0,552.0,391.0,74.0,36.0,28.0,718.0,216.0,43.0,6.0,159.0,732.0,712.0,1134.0,310.0,0.0,117.0,203.0,410.0,261.0,200.0,238.0,15.0,1444.0,148.0,155.0,59.62,40.38,1.78,86.94,19.15,67.8,7.94,0.0,3.4,100.0,0.27,8.95,31.56,40.21,12.92,4.34,0.0,73.82,1.88,1772.0,1200.0,53.0,2584.0,569.0,2015.0,236.0,0.0,101.0,2972.0,8.0,266.0,938.0,1195.0,384.0,129.0,0.0,2194.0,56.0,21.49,10.75,16.39,1.23,20.13,0.18,0.09,27.64,0.0,0.0,0.41,0.14,0.5,0.23,90.94,9.06,0.0,24.45,10.88,2.5,59.02,6.1,1.09,33.52,0.27,100.0,29.42,31.79,0.14,0.0,472.0,236.0,360.0,27.0,442.0,4.0,2.0,607.0,0.0,0.0,9.0,3.0,11.0,5.0,1997.0,199.0,0.0,537.0,239.0,55.0,1296.0,134.0,24.0,736.0,6.0,2196.0,646.0,698.0,3.0,0.0,61.75,38.25,1.42,23.99,11.42,2.58,59.62,5.86,1.07,33.19,0.27,100.0,29.28,31.32,0.27,0.4,0.22,9.77,33.19,38.61,13.15,3.64,0.0,1390.0,861.0,32.0,540.0,257.0,58.0,1342.0,132.0,24.0,747.0,6.0,2251.0,659.0,705.0,6.0,9.0,5.0,220.0,747.0,869.0,296.0,82.0,0.0,21.23,10.48,16.34,1.2,20.91,0.18,0.09,27.4,0.0,0.0,0.53,0.13,0.49,0.22,59.59,5.95,1.07,33.17,0.27,100.0,26.2,16.52,35.35,21.98,478.0,236.0,368.0,27.0,471.0,4.0,2.0,617.0,0.0,0.0,12.0,3.0,11.0,5.0,1342.0,134.0,24.0,747.0,6.0,2252.0,590.0,372.0,796.0,495.0
3545803,49.81,50.19,1.58,86.45,13.46,0.09,67.17,4.37,0.16,28.19,0.11,100.0,3.9,11.47,33.77,34.61,8.73,4.85,1.09,20705.0,20861.0,655.0,35934.0,5595.0,37.0,27920.0,1816.0,66.0,11718.0,47.0,41566.0,1620.0,4767.0,14038.0,14388.0,3627.0,2017.0,453.0,18781.0,7312.0,763.0,952.0,5077.0,20705.0,20861.0,35934.0,5595.0,37.0,4160.0,4732.0,10585.0,7915.0,5980.0,7741.0,452.0,41566.0,4427.0,4254.0,55.51,44.49,3.15,70.51,11.02,59.5,25.21,0.0,1.93,100.0,0.56,3.8,20.78,45.36,17.83,8.5,0.02,82.98,1.73,52445.0,42028.0,2977.0,66616.0,10407.0,56209.0,23821.0,0.0,1823.0,94472.0,528.0,3587.0,19631.0,42856.0,16845.0,8027.0,20.0,78392.0,1630.0,11.41,5.53,15.35,0.65,46.15,0.44,1.59,16.59,0.15,0.0,0.28,0.03,0.04,0.47,70.59,29.41,0.0,8.31,16.47,2.52,64.08,6.4,0.35,29.12,0.05,100.0,31.86,40.38,0.13,0.0,8947.0,4336.0,12037.0,510.0,36194.0,346.0,1247.0,13008.0,120.0,0.0,222.0,23.0,34.0,367.0,55358.0,23069.0,0.0,6518.0,12920.0,1974.0,50252.0,5021.0,274.0,22841.0,38.0,78426.0,24988.0,31666.0,104.0,0.0,56.44,43.56,3.06,8.24,16.45,2.74,64.15,6.36,0.35,29.09,0.05,100.0,31.46,40.43,0.19,0.1,0.45,3.69,20.61,45.55,18.18,8.43,0.02,45169.0,34861.0,2452.0,6597.0,13161.0,2191.0,51339.0,5088.0,282.0,23283.0,38.0,80030.0,25178.0,32356.0,151.0,77.0,363.0,2955.0,16493.0,36453.0,14552.0,6744.0,20.0,11.31,5.46,15.3,0.65,46.23,0.43,1.59,16.59,0.15,0.01,0.31,0.03,0.04,0.51,64.12,6.36,0.35,29.11,0.05,100.0,15.36,13.84,50.52,20.29,9054.0,4375.0,12248.0,520.0,37017.0,346.0,1275.0,13280.0,120.0,10.0,252.0,23.0,34.0,405.0,51339.0,5096.0,282.0,23310.0,38.0,80065.0,12295.0,11079.0,40448.0,16243.0
3546009,50.36,49.64,0.2,83.22,16.58,0.2,66.81,3.77,0.59,28.87,0.0,100.0,10.4,29.39,31.01,21.88,5.27,1.72,0.13,1549.0,1527.0,6.0,2560.0,510.0,6.0,2055.0,116.0,18.0,888.0,0.0,3076.0,320.0,904.0,954.0,673.0,162.0,53.0,4.0,1647.0,674.0,48.0,11.0,240.0,1549.0,1527.0,2560.0,510.0,6.0,240.0,325.0,780.0,708.0,573.0,432.0,18.0,3076.0,232.0,225.0,58.29,41.72,2.91,74.05,15.68,58.35,24.07,0.0,1.63,100.0,2.28,12.64,28.61,39.93,8.56,5.09,0.0,77.11,5.33,3828.0,2740.0,191.0,4863.0,1030.0,3832.0,1581.0,0.0,107.0,6567.0,150.0,830.0,1879.0,2622.0,562.0,334.0,0.0,5064.0,350.0,31.81,2.41,8.61,0.0,37.84,0.0,1.26,17.12,0.0,0.0,0.47,0.12,0.0,0.0,70.75,29.23,0.0,10.56,24.53,7.78,67.22,4.9,0.14,27.74,0.0,100.0,23.91,31.91,0.97,0.08,1611.0,122.0,436.0,0.0,1916.0,0.0,64.0,867.0,0.0,0.0,24.0,6.0,0.0,0.0,3583.0,1480.0,0.0,535.0,1242.0,394.0,3404.0,248.0,7.0,1405.0,0.0,5064.0,1211.0,1616.0,49.0,4.0,58.56,41.44,2.77,10.38,23.91,7.85,66.75,5.19,0.26,27.8,0.0,100.0,23.5,31.09,1.16,1.87,2.4,12.05,28.23,41.29,8.54,4.73,0.0,3170.0,2243.0,150.0,562.0,1294.0,425.0,3613.0,281.0,14.0,1505.0,0.0,5413.0,1272.0,1683.0,63.0,101.0,130.0,652.0,1528.0,2235.0,462.0,256.0,0.0,32.22,2.25,8.79,0.0,37.17,0.0,1.18,17.07,0.0,0.0,0.57,0.11,0.0,0.18,66.75,5.19,0.26,27.8,0.0,100.0,18.94,16.79,46.15,18.12,1744.0,122.0,476.0,0.0,2012.0,0.0,64.0,924.0,0.0,0.0,31.0,6.0,0.0,10.0,3613.0,281.0,14.0,1505.0,0.0,5413.0,1025.0,909.0,2498.0,981.0
3546108,50.27,49.73,0.0,90.55,9.45,0.0,69.16,1.96,0.36,28.52,0.0,100.0,8.56,18.0,45.1,22.64,3.74,1.25,0.89,282.0,279.0,0.0,508.0,53.0,0.0,388.0,11.0,2.0,160.0,0.0,561.0,48.0,101.0,253.0,127.0,21.0,7.0,5.0,300.0,60.0,0.0,11.0,20.0,282.0,279.0,508.0,53.0,0.0,26.0,15.0,151.0,148.0,61.0,161.0,0.0,561.0,110.0,60.0,56.88,43.12,1.13,71.52,13.03,58.49,26.47,0.0,1.93,100.0,1.45,6.03,32.74,41.51,12.63,4.51,0.0,82.14,2.82,707.0,536.0,14.0,889.0,162.0,727.0,329.0,0.0,24.0,1243.0,18.0,75.0,407.0,516.0,157.0,56.0,0.0,1021.0,35.0,22.04,6.95,16.06,0.29,25.17,0.0,6.66,21.35,0.0,0.0,0.59,0.0,0.2,0.69,70.81,29.19,0.0,23.31,9.21,1.57,58.96,5.68,0.2,35.16,0.0,100.0,35.16,30.56,0.2,0.0,225.0,71.0,164.0,3.0,257.0,0.0,68.0,218.0,0.0,0.0,6.0,0.0,2.0,7.0,723.0,298.0,0.0,238.0,94.0,16.0,602.0,58.0,2.0,359.0,0.0,1021.0,359.0,312.0,2.0,0.0,54.87,45.13,0.85,22.71,9.84,1.51,59.41,5.87,0.19,34.63,0.0,100.0,34.15,29.71,0.66,0.57,1.14,5.11,32.26,43.8,12.58,4.35,0.0,580.0,477.0,9.0,240.0,104.0,16.0,628.0,62.0,2.0,366.0,0.0,1057.0,361.0,314.0,7.0,6.0,12.0,54.0,341.0,463.0,133.0,46.0,0.0,21.48,6.72,15.52,0.28,25.54,0.0,6.81,21.38,0.0,0.0,1.14,0.0,0.19,0.85,59.41,5.87,0.19,34.63,0.0,100.0,20.91,15.42,41.63,22.04,227.0,71.0,164.0,3.0,270.0,0.0,72.0,226.0,0.0,0.0,12.0,0.0,2.0,9.0,628.0,62.0,2.0,366.0,0.0,1057.0,221.0,163.0,440.0,233.0
3546207,50.66,49.45,0.33,66.7,33.3,0.0,77.18,1.97,0.33,20.52,0.0,100.0,8.84,18.34,29.8,33.84,5.13,2.07,1.64,464.0,453.0,3.0,611.0,305.0,0.0,707.0,18.0,3.0,188.0,0.0,916.0,81.0,168.0,273.0,310.0,47.0,19.0,15.0,458.0,123.0,9.0,11.0,154.0,464.0,453.0,611.0,305.0,0.0,136.0,72.0,240.0,199.0,132.0,133.0,4.0,916.0,56.0,105.0,59.33,40.67,3.49,66.84,18.23,48.62,27.14,0.0,5.14,100.0,1.55,6.59,23.17,44.98,13.57,6.54,0.15,73.15,2.57,1224.0,839.0,72.0,1379.0,376.0,1003.0,560.0,0.0,106.0,2063.0,32.0,136.0,478.0,928.0,280.0,135.0,3.0,1509.0,53.0,21.87,7.42,11.46,0.0,50.83,0.0,2.58,3.51,0.0,0.0,0.6,0.0,0.0,0.33,65.41,34.66,0.0,21.27,6.63,1.86,81.51,1.66,0.2,16.7,0.0,100.0,40.42,29.29,0.0,0.0,330.0,112.0,173.0,0.0,767.0,0.0,39.0,53.0,0.0,0.0,9.0,0.0,0.0,5.0,987.0,523.0,0.0,321.0,100.0,28.0,1230.0,25.0,3.0,252.0,0.0,1509.0,610.0,442.0,0.0,0.0,58.41,41.52,3.14,20.73,7.17,2.18,81.7,1.6,0.19,16.51,0.0,100.0,39.54,29.11,0.26,0.38,1.34,7.04,22.9,44.98,13.95,6.59,0.0,913.0,649.0,49.0,324.0,112.0,34.0,1277.0,25.0,3.0,258.0,0.0,1563.0,618.0,455.0,4.0,6.0,21.0,110.0,358.0,703.0,218.0,103.0,0.0,22.14,7.17,11.32,0.0,50.8,0.0,2.5,3.77,0.0,0.0,0.58,0.0,0.0,0.32,81.7,1.6,0.19,16.51,0.0,100.0,19.13,13.18,42.61,25.02,346.0,112.0,177.0,0.0,794.0,0.0,39.0,59.0,0.0,0.0,9.0,0.0,0.0,5.0,1277.0,25.0,3.0,258.0,0.0,1563.0,299.0,206.0,666.0,391.0
3546256,52.85,47.15,2.55,90.18,9.63,0.0,68.57,3.54,0.0,27.9,0.0,100.0,5.3,21.81,49.31,15.91,3.34,1.57,0.39,269.0,240.0,13.0,459.0,49.0,0.0,349.0,18.0,0.0,142.0,0.0,509.0,27.0,111.0,251.0,81.0,17.0,8.0,2.0,268.0,79.0,5.0,1.0,35.0,269.0,240.0,459.0,49.0,0.0,32.0,26.0,142.0,120.0,76.0,113.0,0.0,509.0,69.0,52.0,56.81,43.19,2.4,62.12,9.22,52.91,29.56,0.0,8.12,100.0,0.9,10.92,36.77,33.97,9.72,5.21,0.0,79.46,3.01,567.0,431.0,24.0,620.0,92.0,528.0,295.0,0.0,81.0,998.0,9.0,109.0,367.0,339.0,97.0,52.0,0.0,793.0,30.0,32.66,2.77,2.14,0.63,36.44,0.0,2.77,20.05,0.0,0.0,1.64,0.0,0.0,0.5,64.69,35.31,0.0,20.81,26.36,6.68,61.41,7.82,0.0,30.64,0.0,100.0,28.12,17.65,0.38,0.0,259.0,22.0,17.0,5.0,289.0,0.0,22.0,159.0,0.0,0.0,13.0,0.0,0.0,4.0,513.0,280.0,0.0,165.0,209.0,53.0,487.0,62.0,0.0,243.0,0.0,793.0,223.0,140.0,3.0,0.0,52.98,47.02,2.19,20.53,27.1,6.44,61.6,7.78,0.0,30.62,0.0,100.0,27.83,17.5,0.61,0.0,1.09,9.36,38.64,34.02,9.84,4.74,0.0,436.0,387.0,18.0,169.0,223.0,53.0,507.0,64.0,0.0,252.0,0.0,823.0,229.0,144.0,5.0,0.0,9.0,77.0,318.0,280.0,81.0,39.0,0.0,31.59,2.67,2.07,0.61,37.42,0.0,3.04,19.81,0.0,0.0,1.94,0.0,0.0,0.49,61.6,7.78,0.0,30.62,0.0,100.0,19.81,17.62,50.43,12.15,260.0,22.0,17.0,5.0,308.0,0.0,25.0,163.0,0.0,0.0,16.0,0.0,0.0,4.0,507.0,64.0,0.0,252.0,0.0,823.0,163.0,145.0,415.0,100.0
3546306,49.73,50.26,0.73,90.8,9.2,0.0,56.69,5.76,0.0,37.55,0.0,100.0,8.5,19.23,39.32,25.16,5.14,1.62,0.3,3287.0,3322.0,48.0,6002.0,608.0,0.0,3747.0,381.0,0.0,2482.0,0.0,6610.0,562.0,1271.0,2599.0,1663.0,340.0,107.0,20.0,3319.0,1087.0,90.0,47.0,712.0,3287.0,3322.0,6002.0,608.0,0.0,612.0,579.0,1816.0,1435.0,1043.0,1096.0,29.0,6610.0,370.0,987.0,59.3,40.7,2.5,74.52,7.33,67.19,23.68,0.0,1.73,100.0,1.76,7.17,30.7,40.32,10.78,6.76,0.0,86.49,4.38,8716.0,5982.0,367.0,10953.0,1077.0,9876.0,3481.0,0.0,255.0,14698.0,259.0,1054.0,4513.0,5926.0,1585.0,993.0,0.0,12713.0,644.0,20.86,8.64,9.19,0.44,28.55,0.0,5.39,25.27,0.0,0.0,0.52,0.0,0.0,0.73,75.45,24.56,0.0,13.97,21.03,8.94,54.01,9.55,0.31,35.95,0.19,100.0,25.36,30.06,0.57,0.0,2652.0,1098.0,1168.0,56.0,3630.0,0.0,685.0,3212.0,0.0,0.0,66.0,0.0,0.0,93.0,9592.0,3122.0,0.0,1776.0,2673.0,1136.0,6866.0,1214.0,40.0,4570.0,24.0,12713.0,3224.0,3821.0,73.0,0.0,59.64,40.36,2.16,13.41,20.57,9.47,53.84,9.53,0.3,36.16,0.18,100.0,25.08,29.89,1.25,0.21,1.68,6.95,31.57,40.77,10.73,6.14,0.0,7966.0,5391.0,288.0,1791.0,2747.0,1265.0,7191.0,1273.0,40.0,4830.0,24.0,13357.0,3350.0,3992.0,167.0,28.0,224.0,928.0,4217.0,5446.0,1433.0,820.0,0.0,19.97,8.22,9.43,0.42,29.06,0.0,5.73,24.71,0.18,0.0,0.94,0.0,0.0,0.9,53.84,9.53,0.3,36.16,0.18,100.0,28.47,18.72,36.42,16.4,2667.0,1098.0,1259.0,56.0,3882.0,0.0,766.0,3301.0,24.0,0.0,125.0,0.0,0.0,120.0,7191.0,1273.0,40.0,4830.0,24.0,13357.0,3803.0,2500.0,4864.0,2190.0
3546405,48.53,51.47,1.97,90.41,9.58,0.01,73.16,2.73,0.17,23.82,0.12,100.0,3.44,17.66,32.46,31.05,7.22,3.83,2.38,5615.0,5954.0,228.0,10460.0,1108.0,1.0,8464.0,316.0,20.0,2756.0,14.0,11569.0,398.0,2043.0,3755.0,3592.0,835.0,443.0,275.0,5800.0,1948.0,277.0,50.0,1269.0,5615.0,5954.0,10460.0,1108.0,1.0,1189.0,1434.0,2785.0,2384.0,1539.0,1984.0,254.0,11569.0,1154.0,1071.0,56.63,43.37,3.48,94.37,12.81,81.56,3.12,0.0,0.33,100.0,0.5,6.97,24.25,43.44,14.3,7.05,0.01,81.55,3.13,13101.0,10033.0,804.0,21832.0,2964.0,18868.0,722.0,0.0,77.0,23134.0,116.0,1612.0,5611.0,10049.0,3309.0,1632.0,2.0,18865.0,724.0,17.03,4.09,22.13,1.46,45.82,0.05,1.24,5.42,0.0,0.0,0.31,0.0,0.0,0.26,96.86,3.14,0.0,12.99,11.66,1.7,74.1,4.67,0.3,20.87,0.06,100.0,40.01,32.91,0.11,0.0,3217.0,773.0,4180.0,276.0,8655.0,9.0,235.0,1023.0,0.0,0.0,58.0,0.0,0.0,49.0,18296.0,594.0,0.0,2454.0,2202.0,321.0,13997.0,883.0,56.0,3942.0,12.0,18889.0,7558.0,6217.0,20.0,0.0,56.51,43.49,3.39,12.94,11.75,1.86,73.79,4.41,0.38,21.36,0.06,100.0,39.52,32.66,0.25,0.28,0.54,7.01,24.37,44.15,14.19,6.35,0.01,11069.0,8520.0,664.0,2535.0,2301.0,364.0,14454.0,863.0,75.0,4185.0,12.0,19589.0,7741.0,6397.0,48.0,55.0,105.0,1374.0,4773.0,8648.0,2779.0,1244.0,2.0,16.77,4.17,21.86,1.41,45.91,0.05,1.2,5.22,0.0,0.0,0.39,0.0,0.0,0.42,73.69,4.53,0.38,21.34,0.06,100.0,18.67,16.49,42.73,22.11,3290.0,817.0,4287.0,277.0,9005.0,9.0,236.0,1023.0,0.0,0.0,77.0,0.0,0.0,82.0,14454.0,888.0,75.0,4185.0,12.0,19614.0,3661.0,3234.0,8382.0,4336.0
3546504,53.36,46.64,0.64,80.18,19.89,0.0,47.28,4.25,0.21,48.27,0.0,100.0,4.1,20.59,37.86,26.82,6.86,1.49,1.7,754.0,659.0,9.0,1133.0,281.0,0.0,668.0,60.0,3.0,682.0,0.0,1413.0,58.0,291.0,535.0,379.0,97.0,21.0,24.0,704.0,262.0,10.0,2.0,180.0,754.0,659.0,1133.0,281.0,0.0,92.0,121.0,368.0,313.0,279.0,241.0,0.0,1413.0,134.0,122.0,61.81,38.15,1.73,39.43,6.26,33.17,57.18,0.0,3.29,100.0,0.81,7.85,28.47,42.29,14.5,4.28,0.0,87.62,2.76,1748.0,1079.0,49.0,1115.0,177.0,938.0,1617.0,0.0,93.0,2828.0,23.0,222.0,805.0,1196.0,410.0,121.0,0.0,2478.0,78.0,19.25,3.67,8.15,0.0,25.67,0.0,13.16,29.58,0.0,0.0,0.0,0.0,0.0,0.4,37.65,62.35,0.0,10.29,17.96,6.17,43.83,8.23,0.0,47.66,0.28,100.0,24.13,41.16,0.28,0.0,477.0,91.0,202.0,0.0,636.0,0.0,326.0,733.0,0.0,0.0,0.0,0.0,0.0,10.0,933.0,1545.0,0.0,255.0,445.0,153.0,1086.0,204.0,0.0,1181.0,7.0,2478.0,598.0,1020.0,7.0,0.0,62.66,37.38,1.6,10.1,18.16,6.89,43.68,8.14,0.0,47.91,0.27,100.0,23.52,40.78,0.39,0.16,0.78,7.83,29.12,42.04,14.52,4.07,0.0,1601.0,955.0,41.0,258.0,464.0,176.0,1116.0,208.0,0.0,1224.0,7.0,2555.0,601.0,1042.0,10.0,4.0,20.0,200.0,744.0,1074.0,371.0,104.0,0.0,18.79,3.56,8.14,0.0,26.5,0.0,12.76,29.55,0.0,0.0,0.12,0.0,0.0,0.47,43.68,8.14,0.0,47.91,0.27,100.0,17.65,12.33,50.41,19.61,480.0,91.0,208.0,0.0,677.0,0.0,326.0,755.0,0.0,0.0,3.0,0.0,0.0,12.0,1116.0,208.0,0.0,1224.0,7.0,2555.0,451.0,315.0,1288.0,501.0
3546603,49.47,50.53,2.13,92.97,6.82,0.1,68.11,5.44,0.48,25.98,0.0,100.0,3.17,15.84,31.78,31.4,9.22,4.37,2.09,3904.0,3988.0,168.0,7337.0,538.0,8.0,5375.0,429.0,38.0,2050.0,0.0,7892.0,250.0,1250.0,2508.0,2478.0,728.0,345.0,165.0,3503.0,1055.0,170.0,20.0,1185.0,3904.0,3988.0,7337.0,538.0,8.0,900.0,707.0,1911.0,1597.0,995.0,1700.0,82.0,7892.0,1032.0,927.0,54.84,45.16,4.63,87.18,14.54,72.64,11.05,0.0,1.27,100.0,0.51,5.53,21.98,43.52,15.74,8.03,0.05,81.37,2.31,9339.0,7690.0,789.0,14846.0,2476.0,12370.0,1881.0,0.0,217.0,17029.0,87.0,941.0,3743.0,7411.0,2681.0,1368.0,8.0,13856.0,394.0,13.21,12.67,21.28,0.18,45.4,0.04,0.89,4.83,0.0,0.0,0.28,0.0,0.0,0.32,87.84,12.16,0.0,21.05,6.79,1.61,61.16,7.18,1.0,30.66,0.0,100.0,46.23,23.97,0.09,0.0,1835.0,1759.0,2955.0,25.0,6304.0,6.0,124.0,670.0,0.0,0.0,39.0,0.0,0.0,44.0,12197.0,1688.0,0.0,2923.0,943.0,224.0,8492.0,997.0,139.0,4258.0,0.0,13886.0,6419.0,3328.0,13.0,0.0,56.09,43.9,4.2,20.62,6.85,2.08,61.21,7.15,0.98,30.66,0.0,100.0,45.44,24.05,0.27,0.43,0.46,5.07,21.84,44.63,16.07,7.68,0.06,7994.0,6256.0,598.0,2939.0,976.0,297.0,8723.0,1019.0,139.0,4369.0,0.0,14251.0,6475.0,3427.0,38.0,61.0,65.0,722.0,3113.0,6360.0,2290.0,1095.0,8.0,12.94,12.56,20.83,0.18,45.78,0.04,0.87,5.06,0.0,0.0,0.36,0.0,0.0,0.43,61.22,7.14,0.97,30.67,0.0,100.0,15.74,13.76,40.72,29.78,1848.0,1793.0,2974.0,25.0,6538.0,6.0,124.0,723.0,0.0,0.0,51.0,0.0,0.0,61.0,8742.0,1019.0,139.0,4380.0,0.0,14280.0,2247.0,1965.0,5815.0,4253.0
3546702,50.63,49.37,0.45,92.9,7.1,0.0,54.72,5.72,0.18,39.38,0.0,100.0,5.09,12.42,40.19,32.11,4.74,2.27,2.72,2832.0,2762.0,25.0,5197.0,397.0,0.0,3061.0,320.0,10.0,2203.0,0.0,5594.0,285.0,695.0,2248.0,1796.0,265.0,127.0,152.0,3100.0,812.0,62.0,31.0,312.0,2832.0,2762.0,5197.0,397.0,0.0,398.0,241.0,1610.0,1231.0,929.0,1174.0,11.0,5594.0,616.0,660.0,61.81,38.19,1.38,78.3,8.35,69.96,20.44,0.0,0.82,100.0,0.92,4.13,23.69,45.64,17.19,7.04,0.0,89.21,1.19,7211.0,4456.0,161.0,9135.0,974.0,8162.0,2385.0,0.0,96.0,11667.0,107.0,482.0,2764.0,5325.0,2006.0,821.0,0.0,10408.0,139.0,16.39,10.77,18.0,0.28,31.17,0.38,0.72,20.72,0.0,0.0,0.53,0.0,0.0,0.12,77.61,22.38,0.0,12.38,6.94,0.2,55.66,8.59,0.0,35.75,0.0,100.0,45.02,35.0,0.0,0.0,1706.0,1121.0,1873.0,29.0,3244.0,40.0,75.0,2157.0,0.0,0.0,55.0,0.0,0.0,13.0,8078.0,2329.0,0.0,1289.0,722.0,21.0,5793.0,894.0,0.0,3721.0,0.0,10408.0,4686.0,3643.0,0.0,0.0,63.57,36.43,1.41,12.22,6.96,0.2,55.53,8.63,0.0,35.85,0.0,100.0,44.67,35.24,0.0,0.23,0.54,4.1,23.9,45.65,17.7,6.7,0.0,6704.0,3842.0,149.0,1289.0,734.0,21.0,5856.0,910.0,0.0,3781.0,0.0,10546.0,4711.0,3716.0,0.0,24.0,57.0,432.0,2521.0,4814.0,1867.0,707.0,0.0,16.37,10.63,17.76,0.27,31.27,0.38,0.71,20.78,0.0,0.0,0.74,0.0,0.0,0.12,55.53,8.63,0.0,35.85,0.0,100.0,17.42,23.02,47.06,12.5,1726.0,1121.0,1873.0,29.0,3298.0,40.0,75.0,2191.0,0.0,0.0,78.0,0.0,0.0,13.0,5856.0,910.0,0.0,3781.0,0.0,10546.0,1837.0,2428.0,4963.0,1318.0
3546801,51.5,48.5,1.14,85.16,14.84,0.0,63.01,4.89,1.04,31.06,0.0,100.0,8.24,21.99,33.91,26.21,4.18,3.19,1.15,6558.0,6177.0,145.0,10845.0,1890.0,0.0,8024.0,623.0,132.0,3955.0,0.0,12735.0,1049.0,2801.0,4318.0,3338.0,532.0,406.0,146.0,6695.0,2116.0,240.0,25.0,1527.0,6558.0,6177.0,10845.0,1890.0,0.0,1048.0,1311.0,3341.0,2990.0,2008.0,1959.0,78.0,12735.0,960.0,1172.0,57.6,42.4,2.36,76.07,16.89,59.19,19.19,0.0,3.41,100.0,1.57,10.91,33.01,39.27,7.94,4.83,0.12,76.58,1.8,14223.0,10470.0,582.0,18785.0,4170.0,14615.0,4738.0,0.0,841.0,24693.0,388.0,2694.0,8151.0,9696.0,1960.0,1192.0,30.0,18909.0,444.0,28.06,3.33,10.12,0.57,30.75,0.41,2.75,21.17,0.37,0.0,0.65,0.0,0.06,0.15,76.23,23.77,0.0,6.03,21.65,9.23,59.65,7.05,0.85,32.44,0.0,100.0,20.83,40.17,1.27,0.0,5306.0,630.0,1914.0,108.0,5815.0,78.0,520.0,4003.0,70.0,0.0,123.0,0.0,12.0,29.0,14414.0,4495.0,0.0,1141.0,4093.0,1745.0,11280.0,1334.0,161.0,6134.0,0.0,18909.0,3938.0,7595.0,241.0,0.0,57.61,42.39,2.24,5.95,21.86,9.52,59.5,7.09,0.83,32.58,0.0,100.0,20.57,39.71,1.5,0.0,1.27,9.57,33.56,40.5,8.2,4.67,0.0,11150.0,8204.0,433.0,1151.0,4231.0,1842.0,11515.0,1372.0,161.0,6306.0,0.0,19353.0,3981.0,7686.0,291.0,0.0,246.0,1852.0,6495.0,7838.0,1586.0,904.0,0.0,27.78,3.33,9.89,0.62,31.01,0.4,2.69,21.25,0.36,0.0,0.74,0.0,0.06,0.2,59.5,7.09,0.83,32.58,0.0,100.0,17.08,12.7,50.71,19.51,5377.0,644.0,1914.0,120.0,6001.0,78.0,520.0,4112.0,70.0,0.0,143.0,0.0,12.0,38.0,11515.0,1372.0,161.0,6306.0,0.0,19353.0,3306.0,2458.0,9814.0,3775.0
3546900,54.88,45.12,0.62,83.09,16.91,0.0,62.41,5.8,0.31,31.48,0.0,100.0,10.06,23.09,37.72,19.75,5.31,3.46,0.0,889.0,731.0,10.0,1346.0,274.0,0.0,1011.0,94.0,5.0,510.0,0.0,1620.0,163.0,374.0,611.0,320.0,86.0,56.0,0.0,779.0,349.0,30.0,11.0,56.0,889.0,731.0,1346.0,274.0,0.0,97.0,174.0,458.0,311.0,245.0,314.0,21.0,1620.0,248.0,148.0,55.32,44.68,0.59,41.43,9.24,32.19,56.97,0.0,1.6,100.0,2.07,7.28,29.61,43.97,12.17,4.32,0.0,82.23,6.93,1868.0,1509.0,20.0,1399.0,312.0,1087.0,1924.0,0.0,54.0,3377.0,70.0,246.0,1000.0,1485.0,411.0,146.0,0.0,2777.0,234.0,15.74,5.83,7.42,0.76,24.81,0.0,4.18,38.49,0.0,0.0,0.54,0.0,0.0,0.36,35.4,64.6,0.0,8.75,33.45,6.99,55.67,8.21,0.36,35.72,0.0,100.0,17.28,33.13,0.0,0.0,437.0,162.0,206.0,21.0,689.0,0.0,116.0,1069.0,0.0,0.0,15.0,0.0,0.0,10.0,983.0,1794.0,0.0,243.0,929.0,194.0,1546.0,228.0,10.0,992.0,0.0,2777.0,480.0,920.0,0.0,0.0,56.45,43.59,0.66,8.57,32.16,7.44,55.51,8.21,0.33,35.95,0.0,100.0,17.44,34.02,0.0,0.0,2.16,8.04,30.33,43.09,11.76,3.99,0.0,1699.0,1312.0,20.0,258.0,968.0,224.0,1671.0,247.0,10.0,1082.0,0.0,3010.0,525.0,1024.0,0.0,0.0,65.0,242.0,913.0,1297.0,354.0,120.0,0.0,16.35,5.85,7.14,0.7,23.92,0.0,4.52,38.54,0.0,0.0,0.5,0.0,0.0,0.66,55.51,8.21,0.33,35.95,0.0,100.0,19.24,16.71,52.56,11.53,492.0,176.0,215.0,21.0,720.0,0.0,136.0,1160.0,0.0,0.0,15.0,0.0,0.0,20.0,1671.0,247.0,10.0,1082.0,0.0,3010.0,579.0,503.0,1582.0,347.0
3547007,48.68,51.32,0.83,92.3,7.78,0.0,54.14,4.06,0.0,41.8,0.0,100.0,12.33,22.35,37.83,20.94,2.81,1.66,1.24,588.0,620.0,10.0,1115.0,94.0,0.0,654.0,49.0,0.0,505.0,0.0,1208.0,149.0,270.0,457.0,253.0,34.0,20.0,15.0,644.0,183.0,2.0,17.0,63.0,588.0,620.0,1115.0,94.0,0.0,76.0,38.0,352.0,303.0,165.0,266.0,8.0,1208.0,130.0,170.0,58.69,41.31,1.45,88.62,41.09,47.52,10.91,0.0,0.0,100.0,1.73,8.57,30.21,42.25,11.42,4.26,0.11,55.58,2.82,1624.0,1143.0,40.0,2452.0,1137.0,1315.0,302.0,0.0,0.0,2767.0,48.0,237.0,836.0,1169.0,316.0,118.0,3.0,1538.0,78.0,31.14,0.98,3.77,0.0,35.05,0.0,10.14,12.94,0.0,0.0,4.68,0.0,0.0,0.26,83.36,16.64,0.0,24.32,15.67,6.7,54.36,8.45,0.0,36.67,0.52,100.0,30.43,21.33,0.39,0.26,479.0,15.0,58.0,0.0,539.0,0.0,156.0,199.0,0.0,0.0,72.0,0.0,0.0,4.0,1282.0,256.0,0.0,374.0,241.0,103.0,836.0,130.0,0.0,564.0,8.0,1538.0,468.0,328.0,6.0,4.0,60.89,39.11,2.48,23.27,15.84,7.49,55.57,8.04,0.0,35.89,0.5,100.0,29.7,21.29,0.62,0.68,1.3,9.34,31.13,40.04,10.21,5.32,0.19,984.0,632.0,40.0,376.0,256.0,121.0,898.0,130.0,0.0,580.0,8.0,1616.0,480.0,344.0,10.0,11.0,21.0,151.0,503.0,647.0,165.0,86.0,3.0,29.83,1.11,3.9,0.0,35.89,0.0,9.9,12.62,0.0,0.0,4.64,0.43,0.0,0.56,55.57,8.04,0.0,35.89,0.5,100.0,30.75,15.78,42.14,11.32,482.0,18.0,63.0,0.0,580.0,0.0,160.0,204.0,0.0,0.0,75.0,7.0,0.0,9.0,898.0,130.0,0.0,580.0,8.0,1616.0,497.0,255.0,681.0,183.0
3547106,48.93,51.22,1.83,84.86,15.14,0.0,58.1,5.35,0.46,36.24,0.0,100.0,8.56,33.79,30.89,17.13,5.5,2.14,0.31,320.0,335.0,12.0,555.0,99.0,0.0,380.0,35.0,3.0,237.0,0.0,654.0,56.0,221.0,202.0,112.0,36.0,14.0,2.0,377.0,100.0,4.0,0.0,31.0,320.0,335.0,555.0,99.0,0.0,15.0,31.0,203.0,148.0,116.0,141.0,0.0,654.0,88.0,55.0,61.61,38.39,2.26,62.82,13.06,49.76,35.81,0.0,1.37,100.0,1.21,10.97,35.48,34.03,11.77,4.35,0.0,82.9,2.66,764.0,476.0,28.0,779.0,162.0,617.0,444.0,0.0,17.0,1240.0,15.0,136.0,440.0,422.0,146.0,54.0,0.0,1028.0,33.0,24.9,5.93,7.88,0.49,27.14,0.0,8.66,23.25,0.0,0.0,0.68,0.0,0.0,1.07,59.73,40.27,0.0,17.12,16.93,3.02,50.97,10.21,0.19,38.72,0.0,100.0,32.2,30.74,0.0,0.0,256.0,61.0,81.0,5.0,279.0,0.0,89.0,239.0,0.0,0.0,7.0,0.0,0.0,11.0,614.0,414.0,0.0,176.0,174.0,31.0,524.0,105.0,2.0,398.0,0.0,1028.0,331.0,316.0,0.0,0.0,61.17,38.83,0.66,16.59,17.06,3.58,50.71,9.9,0.19,39.21,0.0,100.0,31.2,29.78,1.13,0.66,1.41,11.12,36.19,35.53,11.03,4.05,0.0,649.0,412.0,7.0,176.0,181.0,38.0,538.0,105.0,2.0,416.0,0.0,1061.0,331.0,316.0,12.0,7.0,15.0,118.0,384.0,377.0,117.0,43.0,0.0,24.13,5.75,8.01,0.47,28.37,0.0,8.67,22.53,0.0,0.0,1.04,0.0,0.0,1.04,50.71,9.9,0.19,39.21,0.0,100.0,17.53,14.23,55.33,13.01,256.0,61.0,85.0,5.0,301.0,0.0,92.0,239.0,0.0,0.0,11.0,0.0,0.0,11.0,538.0,105.0,2.0,416.0,0.0,1061.0,186.0,151.0,587.0,138.0
3547205,51.2,48.8,1.2,76.81,23.19,0.0,70.18,4.82,1.81,23.49,0.0,100.0,4.82,14.16,37.35,33.43,7.53,1.81,0.0,170.0,162.0,4.0,255.0,77.0,0.0,233.0,16.0,6.0,78.0,0.0,332.0,16.0,47.0,124.0,111.0,25.0,6.0,0.0,152.0,60.0,2.0,0.0,51.0,170.0,162.0,255.0,77.0,0.0,48.0,17.0,85.0,75.0,51.0,54.0,2.0,332.0,36.0,31.0,59.64,40.36,1.68,77.79,13.69,63.97,22.35,0.0,0.0,100.0,0.84,5.87,27.23,45.11,12.85,6.56,0.0,84.36,1.96,427.0,289.0,12.0,557.0,98.0,458.0,160.0,0.0,0.0,716.0,6.0,42.0,195.0,323.0,92.0,47.0,0.0,604.0,14.0,30.79,12.91,10.93,0.0,29.3,0.0,0.33,14.57,0.0,0.0,1.16,0.0,0.0,0.0,75.17,24.83,0.0,27.15,2.32,0.0,67.88,5.46,1.66,25.0,0.0,100.0,40.56,29.47,0.5,0.0,186.0,78.0,66.0,0.0,177.0,0.0,2.0,88.0,0.0,0.0,7.0,0.0,0.0,0.0,454.0,150.0,0.0,164.0,14.0,0.0,410.0,33.0,10.0,151.0,0.0,604.0,245.0,178.0,3.0,0.0,58.9,41.1,1.13,26.54,3.07,0.0,67.96,5.5,1.62,24.92,0.0,100.0,39.81,29.13,0.49,0.97,0.97,5.5,25.24,48.87,13.11,5.02,0.0,364.0,254.0,7.0,164.0,19.0,0.0,420.0,34.0,10.0,154.0,0.0,618.0,246.0,180.0,3.0,6.0,6.0,34.0,156.0,302.0,81.0,31.0,0.0,30.1,12.62,10.84,0.0,29.45,0.0,0.32,14.24,0.0,0.0,2.43,0.0,0.0,0.0,67.96,5.5,1.62,24.92,0.0,100.0,16.83,13.75,48.22,21.2,186.0,78.0,67.0,0.0,182.0,0.0,2.0,88.0,0.0,0.0,15.0,0.0,0.0,0.0,420.0,34.0,10.0,154.0,0.0,618.0,104.0,85.0,298.0,131.0
3547304,49.69,50.31,14.72,84.75,14.78,0.38,55.83,5.73,0.87,37.57,0.0,100.0,5.25,16.86,25.95,20.0,7.25,8.25,1.73,20531.0,20785.0,6081.0,35015.0,6107.0,159.0,23065.0,2367.0,361.0,15522.0,0.0,41315.0,2171.0,6965.0,10723.0,8262.0,2994.0,3407.0,714.0,20638.0,6489.0,670.0,212.0,4557.0,20548.0,20812.0,35041.0,6125.0,159.0,3852.0,2926.0,11258.0,9131.0,5535.0,8504.0,153.0,41360.0,4698.0,4097.0,56.0,44.0,19.78,58.87,15.41,43.47,36.56,0.06,1.36,100.0,1.1,6.49,21.98,30.61,10.3,9.75,0.0,77.41,2.52,42879.0,33697.0,15144.0,45084.0,11797.0,33287.0,27999.0,48.0,1043.0,76576.0,841.0,4968.0,16830.0,23440.0,7889.0,7463.0,0.0,59280.0,1932.0,11.73,0.68,7.33,0.37,48.33,0.26,0.52,28.65,0.11,0.5,0.28,0.0,0.02,0.19,55.17,44.83,0.0,4.47,28.83,16.08,51.21,8.62,0.77,39.32,0.07,100.0,17.24,31.09,1.63,0.0,6954.0,405.0,4348.0,219.0,28657.0,155.0,307.0,16987.0,64.0,296.0,164.0,0.0,13.0,111.0,32715.0,26584.0,0.0,2650.0,17098.0,9538.0,30369.0,5114.0,455.0,23317.0,44.0,59299.0,10226.0,18439.0,967.0,0.0,57.48,42.52,18.03,4.44,28.88,16.26,51.68,8.67,0.81,38.77,0.07,100.0,16.95,30.43,1.81,0.14,1.0,6.8,23.18,32.26,9.55,9.18,0.0,35253.0,26080.0,11058.0,2721.0,17712.0,9974.0,31698.0,5315.0,499.0,23777.0,44.0,61333.0,10395.0,18665.0,1112.0,83.0,612.0,4168.0,14214.0,19789.0,5859.0,5633.0,0.0,11.44,0.66,7.16,0.36,48.5,0.27,0.52,28.22,0.1,0.48,0.29,0.0,0.02,0.45,51.7,8.66,0.81,38.76,0.07,100.0,11.29,11.1,44.22,33.39,7021.0,405.0,4393.0,219.0,29756.0,166.0,320.0,17315.0,64.0,296.0,177.0,0.0,13.0,278.0,31716.0,5315.0,499.0,23777.0,44.0,61351.0,6927.0,6812.0,27129.0,20483.0
3547403,45.05,55.15,0.19,78.64,21.36,0.0,71.26,2.72,1.75,24.27,0.0,100.0,3.5,20.58,40.78,27.57,5.63,0.97,0.58,232.0,284.0,1.0,405.0,110.0,0.0,367.0,14.0,9.0,125.0,0.0,515.0,18.0,106.0,210.0,142.0,29.0,5.0,3.0,257.0,71.0,10.0,5.0,88.0,232.0,284.0,405.0,110.0,0.0,89.0,30.0,154.0,89.0,76.0,78.0,0.0,515.0,50.0,35.0,58.63,41.29,0.66,68.79,15.36,53.43,29.56,0.0,1.16,100.0,0.66,8.26,31.71,44.43,10.73,3.47,0.0,80.35,2.56,710.0,500.0,8.0,833.0,186.0,647.0,358.0,0.0,14.0,1211.0,8.0,100.0,384.0,538.0,130.0,42.0,0.0,973.0,31.0,24.36,7.71,14.18,0.51,32.17,0.0,0.62,18.81,0.0,0.0,0.51,0.0,0.0,0.82,66.08,33.92,0.0,27.34,10.48,1.75,74.61,4.21,0.82,20.45,0.0,100.0,25.59,34.84,0.0,0.0,237.0,75.0,138.0,5.0,313.0,0.0,6.0,183.0,0.0,0.0,5.0,0.0,0.0,8.0,643.0,330.0,0.0,266.0,102.0,17.0,726.0,41.0,8.0,199.0,0.0,973.0,249.0,339.0,0.0,0.0,56.97,43.13,0.8,26.59,10.16,2.39,73.9,4.28,0.8,21.12,0.0,100.0,25.1,35.16,0.2,0.2,0.6,7.17,31.47,45.52,10.76,3.78,0.0,572.0,433.0,8.0,267.0,102.0,24.0,742.0,43.0,8.0,212.0,0.0,1004.0,252.0,353.0,2.0,2.0,6.0,72.0,316.0,457.0,108.0,38.0,0.0,23.61,7.47,14.44,0.5,32.47,0.0,0.6,19.12,0.0,0.0,0.7,0.0,0.0,0.8,73.9,4.28,0.8,21.12,0.0,100.0,19.62,11.85,37.55,31.08,237.0,75.0,145.0,5.0,326.0,0.0,6.0,192.0,0.0,0.0,7.0,0.0,0.0,8.0,742.0,43.0,8.0,212.0,0.0,1004.0,197.0,119.0,377.0,312.0
3547502,49.26,50.74,1.58,92.25,7.6,0.0,68.74,3.15,0.0,27.88,0.21,100.0,5.31,18.52,28.24,28.45,7.54,3.69,6.68,2580.0,2657.0,83.0,4831.0,398.0,0.0,3600.0,165.0,0.0,1460.0,11.0,5237.0,278.0,970.0,1479.0,1490.0,395.0,193.0,350.0,2547.0,923.0,142.0,22.0,632.0,2580.0,2657.0,4831.0,398.0,0.0,534.0,643.0,1285.0,1054.0,793.0,847.0,81.0,5237.0,458.0,513.0,56.25,43.75,3.53,85.05,12.01,73.03,7.66,0.16,0.71,100.0,0.73,7.05,20.7,43.22,15.14,9.63,0.0,77.68,3.17,6233.0,4847.0,391.0,9423.0,1331.0,8092.0,849.0,18.0,79.0,11080.0,81.0,781.0,2294.0,4789.0,1677.0,1067.0,0.0,8607.0,351.0,18.06,10.43,10.55,0.1,50.56,0.0,2.16,5.34,0.0,0.0,0.4,0.0,0.0,0.09,92.89,7.12,0.0,14.14,12.4,1.24,69.86,8.43,0.16,21.41,0.13,100.0,41.83,29.06,0.0,0.0,1554.0,898.0,908.0,9.0,4352.0,0.0,186.0,460.0,0.0,0.0,34.0,0.0,0.0,8.0,7995.0,613.0,0.0,1217.0,1067.0,107.0,6013.0,726.0,14.0,1843.0,11.0,8607.0,3600.0,2501.0,0.0,0.0,57.59,42.41,3.11,13.71,13.03,1.63,70.33,8.1,0.25,21.2,0.12,100.0,40.82,28.58,0.16,0.41,0.27,7.39,20.9,43.01,16.28,9.03,0.0,5159.0,3799.0,279.0,1228.0,1167.0,146.0,6300.0,726.0,22.0,1899.0,11.0,8958.0,3657.0,2560.0,14.0,37.0,24.0,662.0,1872.0,3853.0,1458.0,809.0,0.0,17.63,10.02,10.24,0.1,50.42,0.0,2.08,6.22,0.0,0.0,0.5,0.0,0.0,0.2,70.33,8.1,0.25,21.2,0.12,100.0,15.23,15.62,45.02,24.12,1579.0,898.0,917.0,9.0,4517.0,0.0,186.0,557.0,0.0,0.0,45.0,0.0,0.0,18.0,6300.0,726.0,22.0,1899.0,11.0,8958.0,1364.0,1399.0,4033.0,2161.0
3547601,49.12,50.88,1.44,93.2,6.78,0.0,55.71,6.09,0.0,38.18,0.0,100.0,7.36,20.61,36.31,24.42,5.58,3.17,1.12,2631.0,2725.0,77.0,4992.0,363.0,0.0,2984.0,326.0,0.0,2045.0,0.0,5356.0,394.0,1104.0,1945.0,1308.0,299.0,170.0,60.0,2577.0,1030.0,93.0,30.0,563.0,2631.0,2725.0,4992.0,363.0,0.0,506.0,522.0,1255.0,1234.0,797.0,985.0,57.0,5356.0,500.0,562.0,58.32,41.69,2.39,84.36,12.5,71.87,14.38,0.0,0.33,100.0,1.13,8.36,32.01,35.51,12.62,8.01,0.0,83.23,3.01,6104.0,4363.0,250.0,8829.0,1308.0,7522.0,1505.0,0.0,35.0,10466.0,118.0,875.0,3350.0,3716.0,1321.0,838.0,0.0,8711.0,315.0,19.01,5.8,7.18,0.58,38.31,0.0,1.55,22.38,0.0,0.0,0.81,3.37,0.0,0.44,84.68,15.32,0.0,12.62,18.37,7.78,56.87,7.87,0.13,35.03,0.13,100.0,27.04,33.55,0.53,0.0,1658.0,506.0,626.0,51.0,3341.0,0.0,135.0,1952.0,0.0,0.0,71.0,294.0,0.0,38.0,7386.0,1336.0,0.0,1101.0,1602.0,679.0,4960.0,686.0,11.0,3055.0,11.0,8722.0,2358.0,2926.0,46.0,0.0,60.2,39.8,1.79,12.52,18.95,8.06,57.21,7.73,0.12,34.83,0.12,100.0,26.24,33.07,0.61,0.44,1.22,7.91,31.65,36.93,12.66,7.83,0.0,5434.0,3593.0,162.0,1130.0,1711.0,728.0,5164.0,698.0,11.0,3144.0,11.0,9027.0,2369.0,2985.0,55.0,40.0,110.0,714.0,2857.0,3334.0,1143.0,707.0,0.0,18.46,5.71,7.04,0.56,38.92,0.0,1.49,22.32,0.0,0.0,1.17,3.25,0.0,0.42,57.14,7.72,0.12,34.91,0.12,100.0,16.18,15.41,48.53,19.87,1668.0,516.0,636.0,51.0,3517.0,0.0,135.0,2017.0,0.0,0.0,106.0,294.0,0.0,38.0,5164.0,698.0,11.0,3155.0,11.0,9037.0,1462.0,1393.0,4386.0,1796.0
3547650,52.44,47.56,0.0,78.92,21.34,0.0,81.49,1.29,0.0,17.22,0.0,100.0,1.29,21.34,37.28,33.93,4.63,1.54,0.0,204.0,185.0,0.0,307.0,83.0,0.0,317.0,5.0,0.0,67.0,0.0,389.0,5.0,83.0,145.0,132.0,18.0,6.0,0.0,176.0,66.0,4.0,0.0,64.0,204.0,185.0,307.0,83.0,0.0,42.0,38.0,92.0,71.0,66.0,81.0,0.0,389.0,49.0,30.0,57.88,42.12,1.43,70.17,24.58,45.7,23.51,0.0,6.32,100.0,0.36,6.44,26.61,45.7,13.48,5.97,0.0,66.83,2.27,485.0,353.0,12.0,588.0,206.0,383.0,197.0,0.0,53.0,838.0,3.0,54.0,223.0,383.0,113.0,50.0,0.0,560.0,19.0,28.39,6.43,17.5,0.54,26.96,0.0,1.07,18.21,0.0,0.0,0.0,0.0,0.0,0.71,67.5,32.5,0.0,27.86,10.0,0.71,83.93,2.32,0.0,13.57,0.0,100.0,35.54,25.0,0.0,0.0,159.0,36.0,98.0,3.0,151.0,0.0,6.0,102.0,0.0,0.0,0.0,0.0,0.0,4.0,378.0,182.0,0.0,156.0,56.0,4.0,470.0,13.0,0.0,76.0,0.0,560.0,199.0,140.0,0.0,0.0,54.4,45.6,0.69,28.15,9.67,1.38,84.63,2.25,0.0,13.13,0.0,100.0,34.37,24.35,0.69,0.0,0.0,6.56,27.98,50.09,11.4,3.28,0.0,315.0,264.0,4.0,163.0,56.0,8.0,490.0,13.0,0.0,76.0,0.0,579.0,199.0,141.0,4.0,0.0,0.0,38.0,162.0,290.0,66.0,19.0,0.0,27.46,6.22,17.1,0.52,28.32,0.0,1.04,17.62,0.0,0.0,0.0,0.0,0.0,1.04,84.63,2.25,0.0,13.13,0.0,100.0,20.73,12.26,40.93,26.25,159.0,36.0,99.0,3.0,164.0,0.0,6.0,102.0,0.0,0.0,0.0,0.0,0.0,6.0,490.0,13.0,0.0,76.0,0.0,579.0,120.0,71.0,237.0,152.0
3547700,48.37,51.63,0.92,92.58,7.01,0.38,61.47,3.55,1.54,33.44,0.0,100.0,13.69,20.99,34.92,22.12,3.52,2.19,1.63,1636.0,1746.0,31.0,3131.0,237.0,13.0,2079.0,120.0,52.0,1131.0,0.0,3382.0,463.0,710.0,1181.0,748.0,119.0,74.0,55.0,1657.0,475.0,63.0,55.0,282.0,1636.0,1746.0,3131.0,237.0,13.0,202.0,240.0,901.0,774.0,470.0,749.0,46.0,3382.0,411.0,437.0,58.16,41.84,3.28,80.86,13.33,67.55,16.13,0.0,0.4,100.0,2.22,8.69,27.75,41.41,8.64,8.0,0.0,79.27,4.4,4057.0,2919.0,229.0,5641.0,930.0,4712.0,1125.0,0.0,28.0,6976.0,155.0,606.0,1936.0,2889.0,603.0,558.0,0.0,5530.0,307.0,25.39,1.07,16.18,0.87,42.3,0.0,0.92,10.99,0.0,0.0,1.28,0.0,0.0,0.25,82.08,17.92,0.0,14.38,13.56,3.25,58.05,5.84,1.43,34.54,0.16,100.0,42.26,25.77,0.2,0.0,1404.0,59.0,895.0,48.0,2339.0,0.0,51.0,608.0,0.0,0.0,71.0,0.0,0.0,14.0,4539.0,991.0,0.0,795.0,750.0,180.0,3210.0,323.0,79.0,1910.0,9.0,5530.0,2337.0,1425.0,11.0,0.0,58.78,41.22,3.68,14.13,14.03,3.73,57.68,6.12,1.54,34.52,0.15,100.0,40.74,25.18,0.34,1.28,2.06,8.26,27.46,43.46,7.95,7.13,0.0,3431.0,2406.0,215.0,825.0,819.0,218.0,3367.0,357.0,90.0,2015.0,9.0,5837.0,2378.0,1470.0,20.0,75.0,120.0,482.0,1603.0,2537.0,464.0,416.0,0.0,25.06,1.01,15.68,1.08,42.81,0.0,0.87,10.78,0.0,0.0,1.42,0.0,0.0,0.46,57.68,6.12,1.54,34.52,0.15,100.0,18.04,12.49,41.99,27.48,1463.0,59.0,915.0,63.0,2499.0,0.0,51.0,629.0,0.0,0.0,83.0,0.0,0.0,27.0,3367.0,357.0,90.0,2015.0,9.0,5837.0,1053.0,729.0,2451.0,1604.0
3547809,48.97,51.03,6.43,84.05,15.74,0.07,65.61,5.76,1.01,27.52,0.05,100.0,5.13,11.23,24.76,25.82,13.31,10.04,3.29,90400.0,94209.0,11867.0,155167.0,29050.0,131.0,121122.0,10628.0,1858.0,50797.0,91.0,184610.0,9472.0,20726.0,45710.0,47661.0,24572.0,18535.0,6067.0,76750.0,31365.0,7632.0,1832.0,34228.0,90400.0,94209.0,155167.0,29050.0,131.0,21278.0,32538.0,41714.0,33424.0,23064.0,28837.0,3754.0,184610.0,16935.0,15868.0,53.64,46.36,10.5,63.15,13.9,49.25,30.69,0.02,1.55,100.0,1.0,4.94,18.74,31.7,17.64,15.44,0.04,77.4,2.5,198037.0,171134.0,38780.0,233131.0,51330.0,181801.0,113299.0,72.0,5739.0,369172.0,3704.0,18249.0,69188.0,117017.0,65112.0,56988.0,134.0,285750.0,9245.0,12.31,1.01,6.2,0.22,42.21,0.68,0.87,27.11,0.29,6.2,0.1,0.05,0.04,0.38,62.14,37.86,0.0,4.18,29.66,18.16,62.49,7.79,1.17,28.48,0.07,100.0,15.64,29.81,1.34,0.0,35227.0,2886.0,17735.0,635.0,120751.0,1934.0,2489.0,77560.0,837.0,17740.0,277.0,137.0,112.0,1088.0,177764.0,108286.0,0.0,11965.0,84836.0,51939.0,178765.0,22278.0,3333.0,81467.0,206.0,286050.0,44744.0,85277.0,3836.0,0.0,54.94,45.06,10.08,4.12,29.59,18.4,62.4,7.82,1.21,28.48,0.08,100.0,15.33,29.52,1.47,0.08,1.01,5.07,19.07,32.29,17.25,15.22,0.01,162160.0,133013.0,29761.0,12147.0,87340.0,54304.0,184195.0,23095.0,3584.0,84069.0,229.0,295173.0,45247.0,87143.0,4337.0,234.0,2986.0,14980.0,56277.0,95298.0,50918.0,44928.0,23.0,12.05,1.03,6.15,0.21,42.13,0.69,0.86,26.96,0.29,6.21,0.09,0.09,0.04,0.44,62.42,7.82,1.22,28.47,0.08,100.0,9.14,9.92,43.28,37.67,35593.0,3045.0,18159.0,635.0,124487.0,2046.0,2534.0,79667.0,861.0,18358.0,277.0,252.0,112.0,1294.0,184442.0,23117.0,3591.0,84115.0,229.0,295494.0,27000.0,29304.0,127882.0,111308.0
3547908,52.39,47.61,0.28,84.37,15.35,0.0,64.51,1.97,0.0,33.59,0.0,100.0,7.25,29.93,36.76,20.85,3.94,0.77,0.21,744.0,676.0,4.0,1198.0,218.0,0.0,916.0,28.0,0.0,477.0,0.0,1420.0,103.0,425.0,522.0,296.0,56.0,11.0,3.0,799.0,166.0,5.0,6.0,137.0,744.0,676.0,1198.0,218.0,0.0,129.0,66.0,421.0,337.0,182.0,282.0,3.0,1420.0,172.0,135.0,58.55,41.45,1.94,92.24,15.94,76.27,5.76,0.13,1.88,100.0,1.03,11.99,36.66,38.1,7.08,3.19,0.0,79.46,2.69,1870.0,1324.0,62.0,2946.0,509.0,2436.0,184.0,4.0,60.0,3194.0,33.0,383.0,1171.0,1217.0,226.0,102.0,0.0,2538.0,86.0,31.97,5.82,4.88,0.39,43.81,0.0,6.02,6.69,0.0,0.0,0.0,0.0,0.0,0.08,93.98,5.98,0.0,20.09,12.62,2.99,64.22,5.7,0.0,30.04,0.0,100.0,34.01,30.28,0.0,0.0,813.0,148.0,124.0,10.0,1114.0,0.0,153.0,170.0,0.0,0.0,0.0,0.0,0.0,2.0,2390.0,152.0,0.0,511.0,321.0,76.0,1633.0,145.0,0.0,764.0,0.0,2543.0,865.0,770.0,0.0,0.0,57.28,42.72,1.37,19.47,13.07,3.16,64.71,5.53,0.0,29.76,0.0,100.0,33.27,30.49,0.08,0.27,0.84,10.75,38.3,38.45,6.59,3.7,0.0,1503.0,1121.0,36.0,511.0,343.0,83.0,1698.0,145.0,0.0,781.0,0.0,2624.0,873.0,800.0,2.0,7.0,22.0,282.0,1005.0,1009.0,173.0,97.0,0.0,31.08,5.63,4.75,0.53,44.5,0.0,5.82,6.81,0.0,0.0,0.15,0.0,0.0,0.08,64.78,5.52,0.0,29.71,0.0,100.0,26.36,16.2,38.49,18.9,817.0,148.0,125.0,14.0,1170.0,0.0,153.0,179.0,0.0,0.0,4.0,0.0,0.0,2.0,1703.0,145.0,0.0,781.0,0.0,2629.0,693.0,426.0,1012.0,497.0
3548005,50.55,49.45,1.14,90.98,8.61,0.0,59.59,3.63,0.0,36.78,0.0,100.0,5.2,17.33,38.96,30.16,4.96,0.47,1.78,2578.0,2522.0,58.0,4640.0,439.0,0.0,3039.0,185.0,0.0,1876.0,0.0,5100.0,265.0,884.0,1987.0,1538.0,253.0,24.0,91.0,2657.0,728.0,58.0,144.0,310.0,2578.0,2522.0,4640.0,439.0,0.0,396.0,377.0,1501.0,1175.0,687.0,942.0,22.0,5100.0,622.0,581.0,56.51,43.49,1.88,64.34,11.66,52.67,12.88,0.0,0.21,100.0,0.88,5.61,29.99,46.42,11.66,3.56,0.0,48.3,16.89,6779.0,5218.0,225.0,7719.0,1399.0,6319.0,1545.0,0.0,25.0,11997.0,105.0,673.0,3598.0,5569.0,1399.0,427.0,0.0,5794.0,2026.0,15.59,2.49,11.37,1.24,43.1,0.0,3.26,17.64,0.17,0.0,1.26,0.0,0.0,0.33,79.5,20.5,0.0,5.54,18.64,5.51,61.27,6.08,0.0,32.65,0.0,100.0,24.08,42.77,0.0,0.0,903.0,144.0,659.0,72.0,2497.0,0.0,189.0,1022.0,10.0,0.0,73.0,0.0,0.0,19.0,4606.0,1188.0,0.0,321.0,1080.0,319.0,3550.0,352.0,0.0,1892.0,0.0,5794.0,1395.0,2478.0,0.0,0.0,58.44,41.56,1.75,5.24,21.45,5.14,58.38,7.43,0.0,34.19,0.0,100.0,18.93,45.13,0.19,0.64,1.08,7.55,31.99,44.27,10.21,3.15,0.0,4596.0,3268.0,138.0,412.0,1687.0,404.0,4591.0,584.0,0.0,2689.0,0.0,7864.0,1489.0,3549.0,15.0,50.0,85.0,594.0,2516.0,3481.0,803.0,248.0,0.0,15.09,2.61,12.81,1.03,41.84,0.0,2.54,18.97,0.13,0.0,0.93,0.0,0.0,0.57,58.38,7.43,0.0,34.19,0.0,100.0,29.03,20.45,36.99,13.54,1187.0,205.0,1007.0,81.0,3290.0,0.0,200.0,1492.0,10.0,0.0,73.0,0.0,0.0,45.0,4591.0,584.0,0.0,2689.0,0.0,7864.0,2283.0,1608.0,2909.0,1065.0
3548054,47.77,52.23,0.53,84.89,15.11,0.0,50.32,4.52,0.59,44.57,0.0,100.0,3.3,21.38,39.52,26.44,6.81,1.54,0.48,898.0,982.0,10.0,1596.0,284.0,0.0,946.0,85.0,11.0,838.0,0.0,1880.0,62.0,402.0,743.0,497.0,128.0,29.0,9.0,1035.0,299.0,24.0,5.0,118.0,898.0,982.0,1596.0,284.0,0.0,124.0,73.0,566.0,455.0,302.0,360.0,0.0,1880.0,305.0,94.0,62.14,37.86,1.43,76.97,20.63,56.34,22.85,0.0,0.0,100.0,0.51,8.21,27.22,43.92,13.55,5.06,0.13,77.2,2.02,2431.0,1481.0,56.0,3011.0,807.0,2204.0,894.0,0.0,0.0,3912.0,20.0,321.0,1065.0,1718.0,530.0,198.0,5.0,3020.0,79.0,26.89,2.18,5.06,0.0,33.25,0.0,3.47,28.05,0.0,0.0,0.43,0.0,0.36,0.1,72.91,27.09,0.0,15.18,29.64,6.52,44.33,7.97,0.6,47.11,0.0,100.0,26.6,22.0,0.0,0.0,813.0,66.0,153.0,0.0,1005.0,0.0,105.0,848.0,0.0,0.0,13.0,0.0,11.0,3.0,2204.0,819.0,0.0,459.0,896.0,197.0,1340.0,241.0,18.0,1424.0,0.0,3023.0,804.0,665.0,0.0,0.0,61.91,38.12,0.68,14.82,29.47,7.33,43.74,7.94,0.58,47.77,0.0,100.0,25.86,21.76,0.13,0.61,0.65,7.07,25.82,46.71,14.17,4.97,0.0,1918.0,1181.0,21.0,459.0,913.0,227.0,1355.0,246.0,18.0,1480.0,0.0,3098.0,801.0,674.0,4.0,19.0,20.0,219.0,800.0,1447.0,439.0,154.0,0.0,26.22,2.13,5.1,0.0,33.7,0.0,3.55,28.09,0.0,0.0,0.42,0.0,0.35,0.29,43.79,7.93,0.58,47.73,0.0,100.0,19.03,17.61,47.15,16.22,813.0,66.0,158.0,0.0,1045.0,0.0,110.0,871.0,0.0,0.0,13.0,0.0,11.0,9.0,1358.0,246.0,18.0,1480.0,0.0,3101.0,590.0,546.0,1462.0,503.0
3548104,48.37,51.63,1.39,81.08,18.92,0.0,74.23,4.24,0.0,21.62,0.0,100.0,4.98,26.75,39.23,23.33,2.69,1.63,0.0,593.0,633.0,17.0,994.0,232.0,0.0,910.0,52.0,0.0,265.0,0.0,1226.0,61.0,328.0,481.0,286.0,33.0,20.0,0.0,647.0,196.0,0.0,2.0,130.0,593.0,633.0,994.0,232.0,0.0,130.0,27.0,340.0,276.0,221.0,232.0,0.0,1226.0,100.0,151.0,59.34,40.63,1.75,77.78,21.02,56.76,20.34,0.0,1.85,100.0,0.74,9.36,28.9,46.75,8.77,3.69,0.0,76.12,1.02,1928.0,1320.0,57.0,2527.0,683.0,1844.0,661.0,0.0,60.0,3249.0,24.0,304.0,939.0,1519.0,285.0,120.0,0.0,2473.0,33.0,31.66,0.69,8.09,0.12,45.86,0.4,3.19,9.46,0.0,0.0,0.0,0.12,0.16,0.24,74.12,25.84,0.0,21.31,9.79,0.93,74.08,3.8,0.12,22.0,0.0,100.0,34.9,33.12,0.0,0.0,783.0,17.0,200.0,3.0,1134.0,10.0,79.0,234.0,0.0,0.0,0.0,3.0,4.0,6.0,1833.0,639.0,0.0,527.0,242.0,23.0,1832.0,94.0,3.0,544.0,0.0,2473.0,863.0,819.0,0.0,0.0,56.65,43.39,2.04,21.12,9.98,1.0,74.25,3.83,0.12,21.84,0.0,100.0,34.77,32.77,0.16,0.16,0.56,9.26,29.5,48.1,7.23,3.31,0.0,1419.0,1087.0,51.0,529.0,250.0,25.0,1860.0,96.0,3.0,547.0,0.0,2505.0,871.0,821.0,4.0,4.0,14.0,232.0,739.0,1205.0,181.0,83.0,0.0,31.66,0.68,8.14,0.12,45.67,0.4,3.15,9.46,0.0,0.0,0.0,0.12,0.16,0.44,74.25,3.83,0.12,21.84,0.0,100.0,24.07,19.32,41.28,15.33,793.0,17.0,204.0,3.0,1144.0,10.0,79.0,237.0,0.0,0.0,0.0,3.0,4.0,11.0,1860.0,96.0,3.0,547.0,0.0,2505.0,603.0,484.0,1034.0,384.0
3548203,50.4,49.6,1.19,82.39,16.95,0.46,81.79,2.64,1.12,14.45,0.0,100.0,4.09,19.06,39.25,26.19,5.67,4.35,0.2,764.0,752.0,18.0,1249.0,257.0,7.0,1240.0,40.0,17.0,219.0,0.0,1516.0,62.0,289.0,595.0,397.0,86.0,66.0,3.0,826.0,264.0,33.0,18.0,163.0,764.0,752.0,1249.0,257.0,7.0,133.0,145.0,442.0,363.0,238.0,191.0,3.0,1516.0,75.0,138.0,58.6,41.37,3.51,88.84,26.46,62.35,10.11,0.08,0.24,100.0,0.74,9.18,30.47,39.82,10.37,5.88,0.0,69.1,3.46,2221.0,1568.0,133.0,3367.0,1003.0,2363.0,383.0,3.0,9.0,3790.0,28.0,348.0,1155.0,1509.0,393.0,223.0,0.0,2619.0,131.0,27.42,7.48,16.61,1.07,38.76,0.38,3.17,2.67,0.0,0.0,0.69,0.0,0.0,1.15,87.93,12.07,0.0,15.39,14.66,1.68,76.52,3.25,0.61,19.51,0.11,100.0,31.04,36.73,0.34,0.0,718.0,196.0,435.0,28.0,1015.0,10.0,83.0,70.0,0.0,0.0,18.0,0.0,0.0,30.0,2303.0,316.0,0.0,403.0,384.0,44.0,2004.0,85.0,16.0,511.0,3.0,2619.0,813.0,962.0,9.0,0.0,58.69,41.27,2.69,14.95,15.53,2.04,77.13,3.2,0.58,18.95,0.11,100.0,30.69,35.49,0.76,0.33,0.07,10.04,32.07,41.56,8.95,4.62,0.0,1614.0,1135.0,74.0,411.0,427.0,56.0,2121.0,88.0,16.0,521.0,3.0,2750.0,844.0,976.0,21.0,9.0,2.0,276.0,882.0,1143.0,246.0,127.0,0.0,26.51,7.53,16.36,1.13,39.13,0.36,3.35,2.87,0.0,0.11,0.65,0.0,0.0,1.31,77.13,3.2,0.58,18.95,0.11,100.0,27.13,16.87,39.82,16.15,729.0,207.0,450.0,31.0,1076.0,10.0,92.0,79.0,0.0,3.0,18.0,0.0,0.0,36.0,2121.0,88.0,16.0,521.0,3.0,2750.0,746.0,464.0,1095.0,444.0
3548302,50.72,49.28,0.0,88.55,11.45,0.0,54.21,3.34,0.0,42.45,0.0,100.0,6.04,23.37,43.4,23.37,3.82,0.0,0.0,319.0,310.0,0.0,557.0,72.0,0.0,341.0,21.0,0.0,267.0,0.0,629.0,38.0,147.0,273.0,147.0,24.0,0.0,0.0,297.0,117.0,0.0,0.0,62.0,319.0,310.0,557.0,72.0,0.0,57.0,23.0,170.0,127.0,121.0,130.0,0.0,629.0,79.0,75.0,58.45,41.55,1.15,73.07,42.85,30.22,26.63,0.0,0.0,100.0,1.53,10.56,40.02,40.7,5.2,0.84,0.0,55.78,1.07,764.0,543.0,15.0,955.0,560.0,395.0,348.0,0.0,0.0,1307.0,20.0,138.0,523.0,532.0,68.0,11.0,0.0,729.0,14.0,18.52,5.9,6.04,0.0,38.27,0.0,2.74,26.47,0.0,0.0,0.82,0.0,0.0,0.55,54.18,45.82,0.0,13.99,35.67,4.39,44.58,6.31,0.0,48.83,0.27,100.0,21.12,24.42,0.55,0.0,135.0,43.0,44.0,0.0,279.0,0.0,20.0,193.0,0.0,0.0,6.0,0.0,0.0,4.0,395.0,334.0,0.0,102.0,260.0,32.0,325.0,46.0,0.0,356.0,2.0,729.0,154.0,178.0,4.0,0.0,63.66,36.34,0.94,13.73,35.4,4.71,44.28,6.59,0.0,48.72,0.27,100.0,21.13,24.36,0.54,0.27,1.21,8.34,36.47,46.3,6.33,0.54,0.0,473.0,270.0,7.0,102.0,263.0,35.0,329.0,49.0,0.0,362.0,2.0,743.0,157.0,181.0,4.0,2.0,9.0,62.0,271.0,344.0,47.0,4.0,0.0,18.17,5.79,5.92,0.0,38.49,0.0,2.69,26.38,0.0,0.0,0.81,0.0,0.0,0.54,44.28,6.59,0.0,48.72,0.27,100.0,23.28,9.96,58.41,8.34,135.0,43.0,44.0,0.0,286.0,0.0,20.0,196.0,0.0,0.0,6.0,0.0,0.0,4.0,329.0,49.0,0.0,362.0,2.0,743.0,173.0,74.0,434.0,62.0
3548401,52.06,47.94,0.0,85.3,14.7,0.0,45.62,6.04,1.21,47.13,0.0,100.0,6.95,21.55,37.46,29.51,3.42,0.6,0.5,517.0,476.0,0.0,847.0,146.0,0.0,453.0,60.0,12.0,468.0,0.0,993.0,69.0,214.0,372.0,293.0,34.0,6.0,5.0,439.0,174.0,16.0,0.0,107.0,517.0,476.0,847.0,146.0,0.0,64.0,121.0,247.0,206.0,153.0,202.0,0.0,993.0,79.0,178.0,56.63,43.37,0.33,68.79,7.47,61.32,28.53,0.0,2.62,100.0,1.47,10.69,34.64,44.9,6.33,1.58,0.0,70.05,19.8,1038.0,795.0,6.0,1261.0,137.0,1124.0,523.0,0.0,48.0,1833.0,27.0,196.0,635.0,823.0,116.0,29.0,0.0,1284.0,363.0,32.4,7.17,3.82,0.0,20.56,0.0,1.71,34.42,0.0,0.0,0.0,0.0,0.0,0.0,69.47,30.53,0.0,16.43,24.3,6.78,38.4,11.68,0.47,49.3,0.23,100.0,30.76,21.65,0.16,0.0,416.0,92.0,49.0,0.0,264.0,0.0,22.0,442.0,0.0,0.0,0.0,0.0,0.0,0.0,892.0,392.0,0.0,211.0,312.0,87.0,493.0,150.0,6.0,633.0,3.0,1284.0,395.0,278.0,2.0,0.0,56.98,43.02,0.18,17.66,23.85,6.13,39.5,9.65,1.88,48.79,0.18,100.0,30.64,20.45,0.97,0.24,1.4,11.1,35.32,44.17,6.37,1.46,0.0,939.0,709.0,3.0,291.0,393.0,101.0,651.0,159.0,31.0,804.0,3.0,1648.0,505.0,337.0,16.0,4.0,23.0,183.0,582.0,728.0,105.0,24.0,0.0,31.92,7.04,3.82,0.0,20.39,0.0,1.52,33.74,0.0,0.0,0.61,0.0,0.0,0.97,39.5,9.65,1.88,48.79,0.18,100.0,16.63,23.67,44.96,14.68,526.0,116.0,63.0,0.0,336.0,0.0,25.0,556.0,0.0,0.0,10.0,0.0,0.0,16.0,651.0,159.0,31.0,804.0,3.0,1648.0,274.0,390.0,741.0,242.0
3548500,48.91,51.09,7.85,94.1,5.7,0.13,64.86,6.32,0.74,28.02,0.05,100.0,5.16,9.67,23.35,25.85,13.11,11.37,3.64,47400.0,49522.0,7611.0,91208.0,5526.0,127.0,62861.0,6129.0,718.0,27156.0,45.0,96922.0,5006.0,9371.0,22631.0,25052.0,12709.0,11017.0,3526.0,41429.0,17289.0,3878.0,774.0,17651.0,47413.0,49522.0,91220.0,5526.0,127.0,12893.0,18059.0,21053.0,17461.0,11482.0,14109.0,1878.0,96934.0,8266.0,7647.0,51.56,48.44,16.13,84.77,15.73,69.04,11.53,0.03,1.1,100.0,0.83,3.58,15.35,28.26,18.44,17.4,0.01,77.66,2.85,97061.0,91181.0,30359.0,159570.0,29602.0,129968.0,21695.0,59.0,2069.0,188242.0,1560.0,6733.0,28892.0,53205.0,34707.0,32762.0,24.0,146192.0,5357.0,16.74,9.34,9.21,0.31,35.13,1.37,0.87,23.84,0.05,0.04,0.21,0.07,0.07,0.58,86.81,13.19,0.0,6.06,23.09,7.42,65.76,7.86,1.03,25.23,0.12,100.0,24.64,37.32,0.42,0.05,24526.0,13688.0,13491.0,450.0,51461.0,2005.0,1269.0,34918.0,74.0,56.0,304.0,100.0,99.0,848.0,127167.0,19318.0,0.0,8883.0,33829.0,10872.0,96331.0,11519.0,1512.0,36956.0,169.0,146485.0,36095.0,54673.0,620.0,66.0,52.44,47.56,15.44,6.0,22.94,7.95,65.89,7.77,1.04,25.19,0.11,100.0,24.12,36.67,0.68,0.33,0.79,3.75,15.65,29.1,18.31,16.95,0.01,79556.0,72166.0,23421.0,9096.0,34801.0,12063.0,99970.0,11789.0,1573.0,38221.0,169.0,151722.0,36588.0,55644.0,1039.0,500.0,1201.0,5697.0,23743.0,44151.0,27784.0,25712.0,12.0,16.53,9.23,9.13,0.3,34.89,1.35,0.87,23.88,0.06,0.06,0.22,0.09,0.07,0.74,65.84,7.76,1.03,25.26,0.11,100.0,7.28,9.06,37.79,45.86,25134.0,14039.0,13887.0,459.0,53037.0,2047.0,1319.0,36299.0,85.0,90.0,334.0,133.0,99.0,1122.0,100089.0,11800.0,1573.0,38394.0,169.0,152025.0,11075.0,13778.0,57449.0,69725.0
3548609,49.66,50.34,2.74,81.18,18.61,0.21,73.29,4.6,0.0,22.11,0.0,100.0,7.89,22.07,36.58,21.81,5.06,2.49,1.31,1177.0,1193.0,65.0,1924.0,441.0,5.0,1737.0,109.0,0.0,524.0,0.0,2370.0,187.0,523.0,867.0,517.0,120.0,59.0,31.0,1317.0,410.0,79.0,31.0,131.0,1183.0,1193.0,1929.0,441.0,5.0,157.0,246.0,727.0,548.0,279.0,356.0,62.0,2375.0,217.0,191.0,56.44,43.57,3.54,88.02,18.71,69.31,11.44,0.0,0.33,100.0,2.06,9.76,34.25,34.8,8.65,6.87,0.09,78.08,2.67,3237.0,2499.0,203.0,5048.0,1073.0,3975.0,656.0,0.0,19.0,5735.0,118.0,560.0,1964.0,1996.0,496.0,394.0,5.0,4478.0,153.0,23.38,20.3,17.33,0.45,32.51,0.11,1.97,1.63,0.0,0.0,0.49,0.0,0.0,0.98,86.51,13.49,0.0,12.1,12.93,2.95,77.22,2.97,0.0,19.81,0.0,100.0,36.44,34.9,0.31,0.0,1047.0,909.0,776.0,20.0,1456.0,5.0,88.0,73.0,0.0,0.0,22.0,0.0,0.0,44.0,3874.0,604.0,0.0,542.0,579.0,132.0,3458.0,133.0,0.0,887.0,0.0,4478.0,1632.0,1563.0,14.0,0.0,57.09,42.91,2.42,11.9,14.62,3.33,76.74,3.09,0.0,20.17,0.0,100.0,35.44,33.88,0.52,0.0,1.94,10.17,37.55,34.77,7.3,5.72,0.11,2644.0,1987.0,112.0,551.0,677.0,154.0,3554.0,143.0,0.0,934.0,0.0,4631.0,1641.0,1569.0,24.0,0.0,90.0,471.0,1739.0,1610.0,338.0,265.0,5.0,23.28,19.97,17.36,0.43,32.48,0.11,1.9,1.79,0.0,0.0,0.65,0.0,0.0,0.95,76.74,3.09,0.0,20.17,0.0,100.0,28.48,14.92,38.35,18.25,1078.0,925.0,804.0,20.0,1504.0,5.0,88.0,83.0,0.0,0.0,30.0,0.0,0.0,44.0,3554.0,143.0,0.0,934.0,0.0,4631.0,1319.0,691.0,1776.0,845.0
3548708,49.43,50.57,5.08,90.13,9.63,0.14,59.48,6.93,0.96,32.52,0.11,100.0,5.73,13.04,26.65,27.1,10.42,8.35,3.62,106439.0,108905.0,10946.0,194094.0,20731.0,292.0,128082.0,14929.0,2069.0,70029.0,234.0,215343.0,12346.0,28086.0,57399.0,58361.0,22429.0,17987.0,7789.0,90615.0,40687.0,7588.0,1480.0,35830.0,106483.0,108905.0,194139.0,20731.0,292.0,26909.0,37862.0,48936.0,37410.0,26553.0,33955.0,3763.0,215388.0,16069.0,23118.0,53.32,46.68,9.45,71.51,14.19,57.32,23.0,0.04,1.27,100.0,1.16,5.78,20.81,34.66,15.67,12.43,0.04,76.9,3.41,210875.0,184643.0,37368.0,282847.0,56120.0,226727.0,90967.0,162.0,5025.0,395518.0,4579.0,22865.0,82323.0,137073.0,61989.0,49177.0,144.0,304152.0,13501.0,12.27,0.96,6.25,0.36,41.45,0.52,0.74,32.86,0.45,0.92,0.13,0.04,0.02,0.35,71.84,28.16,0.0,4.21,30.07,18.68,56.95,9.33,1.34,32.29,0.08,100.0,15.04,28.88,1.97,0.0,37342.0,2937.0,19019.0,1082.0,126167.0,1575.0,2251.0,100022.0,1358.0,2805.0,410.0,113.0,72.0,1067.0,218669.0,85703.0,0.0,12812.0,91533.0,56866.0,173328.0,28407.0,4089.0,98291.0,256.0,304372.0,45768.0,87906.0,5986.0,0.0,54.29,45.71,9.3,4.11,29.96,18.92,56.95,9.28,1.33,32.37,0.08,100.0,14.82,28.36,2.15,0.1,0.99,5.85,21.21,35.27,15.43,11.92,0.02,172564.0,145292.0,29564.0,13076.0,95217.0,60149.0,181006.0,29488.0,4226.0,102876.0,259.0,317856.0,47110.0,90150.0,6847.0,324.0,3141.0,18610.0,67424.0,112110.0,49058.0,37879.0,70.0,12.05,0.94,6.15,0.35,40.96,0.55,0.74,32.83,0.46,0.92,0.17,0.04,0.02,0.42,56.92,9.28,1.33,32.4,0.08,100.0,10.35,11.53,44.37,33.74,38340.0,2983.0,19566.0,1126.0,130291.0,1735.0,2341.0,104439.0,1457.0,2922.0,545.0,138.0,73.0,1344.0,181035.0,29515.0,4226.0,103041.0,259.0,318076.0,32927.0,36685.0,141143.0,107321.0
3548807,48.97,51.03,14.16,77.18,22.67,0.12,80.71,3.02,1.72,14.4,0.13,100.0,1.91,6.37,16.26,25.09,15.91,18.52,1.78,20592.0,21455.0,5953.0,32451.0,9533.0,52.0,33936.0,1270.0,724.0,6054.0,54.0,42048.0,802.0,2678.0,6836.0,10550.0,6691.0,7788.0,750.0,16275.0,5831.0,2991.0,146.0,8977.0,20592.0,21455.0,32451.0,9533.0,52.0,6142.0,7150.0,8869.0,6997.0,5232.0,7086.0,572.0,42048.0,4142.0,3685.0,50.84,49.16,22.83,54.6,16.53,38.07,40.67,0.04,1.93,100.0,0.5,2.28,9.95,25.13,17.73,21.58,0.0,76.31,2.44,43040.0,41611.0,19327.0,46219.0,13994.0,32225.0,34425.0,32.0,1635.0,84652.0,426.0,1931.0,8425.0,21270.0,15005.0,18267.0,0.0,64602.0,2066.0,16.72,1.02,4.19,0.16,52.15,1.08,0.36,11.68,0.17,9.58,0.02,0.0,0.02,0.44,48.98,51.02,0.0,7.95,26.49,13.09,78.72,4.24,1.91,15.0,0.14,100.0,24.02,26.61,0.72,0.02,10823.0,658.0,2713.0,105.0,33754.0,701.0,234.0,7561.0,108.0,6201.0,12.0,0.0,10.0,287.0,31697.0,33022.0,0.0,5142.0,17144.0,8470.0,50944.0,2742.0,1235.0,9711.0,88.0,64719.0,15548.0,17221.0,467.0,14.0,51.52,48.48,22.72,7.78,26.5,13.24,78.69,4.24,1.97,14.97,0.13,100.0,23.67,26.3,0.85,0.15,0.44,2.2,10.25,25.2,17.85,21.35,0.0,34355.0,32327.0,15151.0,5191.0,17668.0,8828.0,52472.0,2828.0,1314.0,9979.0,88.0,66682.0,15783.0,17538.0,565.0,102.0,291.0,1466.0,6835.0,16803.0,11902.0,14235.0,0.0,16.55,0.99,4.11,0.16,51.83,1.1,0.36,11.73,0.16,9.57,0.08,0.0,0.01,0.48,78.61,4.27,1.97,15.02,0.13,100.0,5.71,5.91,32.29,56.08,11057.0,658.0,2745.0,105.0,34623.0,734.0,243.0,7835.0,108.0,6391.0,54.0,0.0,10.0,323.0,52511.0,2855.0,1314.0,10031.0,88.0,66799.0,3815.0,3951.0,21571.0,37462.0
3548906,50.59,49.41,4.14,95.93,3.8,0.2,66.59,6.65,0.84,25.72,0.2,100.0,5.48,14.59,29.06,27.31,9.74,6.76,2.93,32922.0,32159.0,2696.0,62432.0,2474.0,131.0,43338.0,4325.0,544.0,16742.0,133.0,65081.0,3565.0,9496.0,18911.0,17771.0,6336.0,4400.0,1908.0,26653.0,9717.0,3014.0,182.0,12070.0,32944.0,32159.0,62454.0,2474.0,131.0,9204.0,9679.0,14743.0,11313.0,7798.0,11873.0,495.0,65104.0,6969.0,6499.0,55.06,44.94,8.12,94.72,13.47,81.25,3.53,0.02,0.75,100.0,1.04,5.55,21.75,36.54,15.64,11.34,0.02,82.04,2.71,69808.0,56978.0,10295.0,120086.0,17078.0,103008.0,4473.0,20.0,954.0,126786.0,1318.0,7036.0,27576.0,46324.0,19831.0,14374.0,31.0,104013.0,3438.0,11.05,3.14,12.27,0.59,52.2,0.59,1.37,17.2,0.0,0.0,0.24,0.02,0.01,0.28,96.72,3.28,0.0,9.42,15.5,4.06,64.91,8.56,0.86,25.49,0.17,100.0,35.11,35.23,0.1,0.0,11494.0,3271.0,12764.0,615.0,54315.0,614.0,1425.0,17901.0,0.0,0.0,246.0,20.0,11.0,290.0,100644.0,3415.0,0.0,9799.0,16128.0,4227.0,67548.0,8909.0,900.0,26527.0,174.0,104059.0,36534.0,36655.0,107.0,0.0,55.65,44.35,7.42,9.32,15.4,4.32,64.85,8.52,0.88,25.57,0.18,100.0,34.72,34.87,0.38,0.21,0.96,5.53,22.64,37.86,15.16,10.4,0.02,59823.0,47678.0,7976.0,10023.0,16560.0,4648.0,69713.0,9157.0,943.0,27493.0,196.0,107501.0,37322.0,37482.0,404.0,223.0,1029.0,5944.0,24343.0,40705.0,16300.0,11185.0,20.0,10.97,3.1,12.18,0.59,52.0,0.6,1.37,17.18,0.0,0.01,0.27,0.02,0.01,0.4,64.85,8.51,0.88,25.57,0.18,100.0,11.1,12.45,47.72,28.72,11794.0,3330.0,13098.0,635.0,55929.0,642.0,1473.0,18478.0,0.0,12.0,285.0,20.0,11.0,431.0,69747.0,9157.0,943.0,27505.0,196.0,107547.0,11943.0,13385.0,51326.0,30892.0
3549003,48.31,51.5,0.38,75.0,24.25,0.0,71.05,5.64,0.0,23.31,0.0,100.0,5.83,20.49,36.09,29.32,5.64,2.26,0.0,257.0,274.0,2.0,399.0,129.0,0.0,378.0,30.0,0.0,124.0,0.0,532.0,31.0,109.0,192.0,156.0,30.0,12.0,0.0,240.0,87.0,11.0,2.0,93.0,257.0,274.0,399.0,129.0,0.0,67.0,45.0,129.0,113.0,89.0,78.0,10.0,532.0,33.0,65.0,57.57,42.43,2.44,68.53,16.72,51.74,29.97,0.0,1.5,100.0,3.15,9.38,28.55,39.2,11.59,5.76,0.0,79.02,2.76,730.0,538.0,31.0,869.0,212.0,656.0,380.0,0.0,19.0,1268.0,40.0,119.0,362.0,497.0,147.0,73.0,0.0,1002.0,35.0,27.74,8.58,11.38,1.4,23.75,0.0,3.59,20.76,0.0,0.0,1.1,0.8,0.7,0.3,65.17,34.83,0.0,22.36,14.07,2.2,64.97,3.69,0.0,31.34,0.0,100.0,30.04,30.54,0.8,0.0,278.0,86.0,114.0,14.0,238.0,0.0,36.0,208.0,0.0,0.0,11.0,8.0,7.0,3.0,653.0,349.0,0.0,224.0,141.0,22.0,651.0,37.0,0.0,314.0,0.0,1002.0,301.0,306.0,8.0,0.0,55.74,44.26,2.03,21.99,14.95,2.31,64.42,3.76,0.0,31.73,0.0,100.0,29.03,30.18,1.35,0.29,3.86,10.03,31.73,37.9,9.16,5.3,0.0,578.0,459.0,21.0,228.0,155.0,24.0,668.0,39.0,0.0,329.0,0.0,1037.0,301.0,313.0,14.0,3.0,40.0,104.0,329.0,393.0,95.0,55.0,0.0,26.81,8.29,11.67,1.35,24.49,0.0,3.47,20.93,0.0,0.0,1.06,0.77,0.68,0.58,64.42,3.76,0.0,31.73,0.0,100.0,24.78,12.92,41.56,20.64,278.0,86.0,121.0,14.0,254.0,0.0,36.0,217.0,0.0,0.0,11.0,8.0,7.0,6.0,668.0,39.0,0.0,329.0,0.0,1037.0,257.0,134.0,431.0,214.0
3549102,48.47,51.52,2.46,94.89,4.82,0.13,75.09,4.24,0.15,20.32,0.21,100.0,4.81,15.16,35.0,28.02,8.21,4.58,1.75,10529.0,11192.0,535.0,20611.0,1047.0,29.0,16310.0,921.0,33.0,4413.0,46.0,21722.0,1044.0,3293.0,7603.0,6087.0,1784.0,994.0,381.0,9773.0,3359.0,615.0,189.0,3203.0,10529.0,11192.0,20611.0,1047.0,29.0,2392.0,2716.0,5108.0,4034.0,3191.0,4022.0,260.0,21722.0,2206.0,2377.0,55.54,44.46,4.92,93.14,11.83,81.3,4.81,0.02,0.75,100.0,0.99,5.39,25.45,39.96,15.02,8.26,0.0,83.26,2.87,25219.0,20187.0,2235.0,42289.0,5372.0,36917.0,2182.0,10.0,339.0,45406.0,450.0,2449.0,11555.0,18145.0,6822.0,3751.0,0.0,37805.0,1303.0,14.13,2.05,20.6,2.1,51.73,0.38,1.61,4.72,0.0,0.0,0.41,0.06,0.03,0.58,95.53,4.47,0.0,12.19,10.6,2.03,72.02,6.97,0.24,20.7,0.07,100.0,40.95,33.32,0.1,0.02,5347.0,775.0,7798.0,794.0,19580.0,143.0,610.0,1785.0,0.0,0.0,157.0,22.0,10.0,219.0,36162.0,1692.0,0.0,4616.0,4011.0,767.0,27263.0,2638.0,92.0,7835.0,26.0,37854.0,15500.0,12612.0,39.0,9.0,56.37,43.63,4.21,11.95,10.85,2.86,71.94,6.97,0.26,20.77,0.07,100.0,39.98,32.64,0.61,0.11,1.05,5.21,25.92,41.02,14.76,7.84,0.0,22047.0,17062.0,1645.0,4672.0,4245.0,1120.0,28134.0,2725.0,101.0,8123.0,26.0,39109.0,15637.0,12766.0,239.0,43.0,411.0,2036.0,10138.0,16041.0,5774.0,3065.0,0.0,14.02,2.03,20.39,2.07,51.75,0.37,1.56,4.59,0.03,0.03,0.51,0.06,0.03,0.58,71.97,6.96,0.26,20.74,0.07,100.0,16.99,14.56,42.12,26.34,5488.0,796.0,7984.0,812.0,20263.0,143.0,610.0,1796.0,10.0,10.0,201.0,22.0,10.0,229.0,28182.0,2725.0,101.0,8123.0,26.0,39157.0,6651.0,5700.0,16494.0,10312.0
3549201,47.99,52.01,2.55,82.66,17.34,0.0,64.42,2.01,0.0,33.58,0.0,100.0,6.2,19.34,37.59,30.66,2.37,1.28,0.0,263.0,285.0,14.0,453.0,95.0,0.0,353.0,11.0,0.0,184.0,0.0,548.0,34.0,106.0,206.0,168.0,13.0,7.0,0.0,283.0,89.0,7.0,0.0,60.0,263.0,285.0,453.0,95.0,0.0,54.0,34.0,149.0,116.0,83.0,112.0,0.0,548.0,71.0,38.0,56.08,43.92,1.78,59.16,11.35,47.81,40.28,0.0,0.0,100.0,1.38,8.67,35.33,39.47,10.29,3.08,0.0,85.49,2.59,692.0,542.0,22.0,730.0,140.0,590.0,497.0,0.0,0.0,1234.0,17.0,107.0,436.0,487.0,127.0,38.0,0.0,1055.0,32.0,28.15,2.37,6.92,0.0,30.52,0.0,3.13,28.06,0.0,0.0,0.28,0.0,0.0,0.0,54.88,45.12,0.0,24.93,8.91,0.95,51.09,5.21,0.38,43.32,0.0,100.0,28.82,36.49,0.0,0.0,297.0,25.0,73.0,0.0,322.0,0.0,33.0,296.0,0.0,0.0,3.0,0.0,0.0,0.0,579.0,476.0,0.0,263.0,94.0,10.0,539.0,55.0,4.0,457.0,0.0,1055.0,304.0,385.0,0.0,0.0,53.82,46.18,1.47,24.56,9.29,2.02,51.15,5.06,0.37,43.42,0.0,100.0,28.24,35.6,0.0,0.28,1.47,9.02,36.34,40.66,8.83,2.3,0.0,585.0,502.0,16.0,267.0,101.0,22.0,556.0,55.0,4.0,472.0,0.0,1087.0,307.0,387.0,0.0,3.0,16.0,98.0,395.0,442.0,96.0,25.0,0.0,27.32,2.3,6.99,0.0,30.82,0.0,3.4,28.06,0.0,0.0,0.55,0.0,0.0,0.0,51.15,5.06,0.37,43.42,0.0,100.0,23.74,16.56,47.19,12.51,297.0,25.0,76.0,0.0,335.0,0.0,37.0,305.0,0.0,0.0,6.0,0.0,0.0,0.0,556.0,55.0,4.0,472.0,0.0,1087.0,258.0,180.0,513.0,136.0
3549250,49.66,50.34,0.0,79.63,20.14,0.46,45.08,8.01,0.46,46.45,0.0,100.0,7.55,27.92,36.61,18.76,5.03,3.43,0.46,217.0,220.0,0.0,348.0,88.0,2.0,197.0,35.0,2.0,203.0,0.0,437.0,33.0,122.0,160.0,82.0,22.0,15.0,2.0,202.0,74.0,2.0,0.0,47.0,217.0,220.0,348.0,88.0,2.0,43.0,16.0,107.0,99.0,72.0,100.0,0.0,437.0,64.0,48.0,54.8,45.2,1.56,66.63,12.95,53.68,29.69,0.0,3.68,100.0,1.34,12.39,34.49,33.15,11.5,5.47,0.0,80.58,2.68,491.0,405.0,14.0,597.0,116.0,481.0,266.0,0.0,33.0,896.0,12.0,111.0,309.0,297.0,103.0,49.0,0.0,722.0,24.0,32.96,10.39,9.83,0.0,21.19,0.0,3.46,21.88,0.0,0.0,0.0,0.0,0.0,0.0,66.34,33.66,0.0,29.78,16.34,3.32,45.98,7.62,0.28,46.12,0.0,100.0,29.09,20.91,0.0,0.0,238.0,75.0,71.0,0.0,153.0,0.0,25.0,158.0,0.0,0.0,0.0,0.0,0.0,0.0,479.0,243.0,0.0,215.0,118.0,24.0,332.0,55.0,2.0,333.0,0.0,722.0,210.0,151.0,0.0,0.0,52.34,47.66,1.2,29.18,17.14,4.42,45.65,8.43,0.27,45.65,0.0,100.0,28.25,20.35,0.0,0.0,1.61,12.05,34.4,34.4,11.11,5.09,0.0,391.0,356.0,9.0,218.0,128.0,33.0,341.0,63.0,2.0,341.0,0.0,747.0,211.0,152.0,0.0,0.0,12.0,90.0,257.0,257.0,83.0,38.0,0.0,32.53,10.04,9.64,0.0,22.76,0.0,3.35,21.15,0.0,0.0,0.0,0.0,0.0,0.0,45.65,8.43,0.27,45.65,0.0,100.0,18.21,20.88,42.7,18.07,243.0,75.0,72.0,0.0,170.0,0.0,25.0,158.0,0.0,0.0,0.0,0.0,0.0,0.0,341.0,63.0,2.0,341.0,0.0,747.0,136.0,156.0,319.0,135.0
3549300,44.59,55.41,0.0,81.82,18.18,0.0,63.42,7.79,0.0,29.0,0.0,100.0,1.73,25.32,45.67,19.91,4.76,1.73,0.65,206.0,256.0,0.0,378.0,84.0,0.0,293.0,36.0,0.0,134.0,0.0,462.0,8.0,117.0,211.0,92.0,22.0,8.0,3.0,232.0,58.0,31.0,1.0,37.0,206.0,256.0,378.0,84.0,0.0,44.0,42.0,113.0,99.0,65.0,98.0,0.0,462.0,81.0,21.0,61.12,38.88,0.88,64.35,7.93,56.42,35.26,0.0,0.39,100.0,0.2,7.44,29.29,39.37,15.28,7.44,0.0,89.81,1.96,624.0,397.0,9.0,657.0,81.0,576.0,360.0,0.0,4.0,1021.0,2.0,76.0,299.0,402.0,156.0,76.0,0.0,917.0,20.0,31.73,7.52,10.58,0.65,26.61,0.0,0.44,18.43,0.0,0.0,2.51,0.0,0.44,0.33,62.81,37.19,0.0,27.37,24.43,2.94,68.7,4.91,0.33,26.06,0.0,100.0,29.99,15.05,0.22,0.0,291.0,69.0,97.0,6.0,244.0,0.0,4.0,169.0,0.0,0.0,23.0,0.0,4.0,3.0,576.0,341.0,0.0,251.0,224.0,27.0,630.0,45.0,3.0,239.0,0.0,917.0,275.0,138.0,2.0,0.0,60.79,39.21,0.96,27.24,24.57,2.88,69.02,4.81,0.32,25.96,0.0,100.0,29.38,14.74,0.43,0.64,0.21,7.59,28.21,40.81,14.42,7.69,0.0,569.0,367.0,9.0,255.0,230.0,27.0,646.0,45.0,3.0,243.0,0.0,936.0,275.0,138.0,4.0,6.0,2.0,71.0,264.0,382.0,135.0,72.0,0.0,31.52,7.37,10.9,0.64,27.03,0.0,0.43,18.27,0.0,0.0,2.46,0.0,0.43,0.32,69.02,4.81,0.32,25.96,0.0,100.0,19.55,10.36,49.25,20.83,295.0,69.0,102.0,6.0,253.0,0.0,4.0,171.0,0.0,0.0,23.0,0.0,4.0,3.0,646.0,45.0,3.0,243.0,0.0,936.0,183.0,97.0,461.0,195.0
3549409,50.04,49.96,0.49,89.29,10.52,0.08,55.73,9.04,0.5,34.6,0.13,100.0,4.17,15.9,39.03,27.05,7.12,3.35,2.88,6113.0,6104.0,60.0,10908.0,1285.0,10.0,6808.0,1104.0,61.0,4227.0,16.0,12217.0,510.0,1942.0,4768.0,3305.0,870.0,409.0,352.0,5789.0,2531.0,145.0,70.0,1475.0,6113.0,6104.0,10908.0,1285.0,10.0,1127.0,2131.0,2887.0,2487.0,1566.0,1825.0,193.0,12217.0,1029.0,1177.0,56.09,43.91,2.58,92.06,12.36,79.7,6.8,0.07,0.33,100.0,0.97,6.33,27.99,41.52,14.16,6.45,0.0,84.42,2.1,12713.0,9952.0,585.0,20866.0,2802.0,18065.0,1541.0,15.0,74.0,22665.0,219.0,1435.0,6344.0,9411.0,3209.0,1462.0,0.0,19134.0,475.0,16.06,7.34,23.94,0.79,32.68,0.0,2.0,13.58,0.0,0.0,0.65,0.0,0.0,0.4,93.24,6.76,0.0,11.35,16.21,4.31,51.99,12.65,0.22,35.07,0.06,100.0,37.65,29.76,0.11,0.05,3075.0,1404.0,4582.0,151.0,6255.0,0.0,382.0,2600.0,0.0,0.0,124.0,0.0,0.0,76.0,17847.0,1294.0,0.0,2172.0,3102.0,825.0,9952.0,2422.0,43.0,6713.0,11.0,19141.0,7206.0,5696.0,21.0,10.0,57.8,42.2,2.4,11.03,16.42,4.67,52.07,12.57,0.22,35.09,0.06,100.0,37.19,29.56,0.18,0.32,0.82,5.96,27.93,41.52,14.58,6.8,0.0,11340.0,8280.0,471.0,2164.0,3222.0,916.0,10216.0,2466.0,43.0,6885.0,11.0,19621.0,7298.0,5799.0,35.0,63.0,161.0,1170.0,5480.0,8146.0,2860.0,1334.0,0.0,15.77,7.15,23.57,0.77,32.97,0.0,2.13,13.74,0.0,0.0,0.77,0.0,0.0,0.54,52.08,12.56,0.22,35.08,0.06,100.0,16.88,16.83,44.28,22.0,3096.0,1404.0,4626.0,151.0,6471.0,0.0,419.0,2696.0,0.0,0.0,152.0,0.0,0.0,106.0,10223.0,2466.0,43.0,6885.0,11.0,19628.0,3314.0,3304.0,8691.0,4318.0
3549508,49.87,50.13,0.0,91.88,8.18,0.0,48.64,4.17,0.32,46.87,0.0,100.0,9.57,28.86,39.6,19.29,0.75,1.02,0.91,933.0,938.0,0.0,1719.0,153.0,0.0,910.0,78.0,6.0,877.0,0.0,1871.0,179.0,540.0,741.0,361.0,14.0,19.0,17.0,1050.0,281.0,29.0,14.0,89.0,933.0,938.0,1719.0,153.0,0.0,104.0,103.0,539.0,451.0,294.0,373.0,8.0,1871.0,243.0,165.0,57.25,42.75,0.98,56.18,9.72,46.46,41.24,0.0,1.97,100.0,2.64,11.26,39.1,37.89,4.63,3.48,0.0,86.24,1.43,2038.0,1522.0,35.0,2000.0,346.0,1654.0,1468.0,0.0,70.0,3560.0,94.0,401.0,1392.0,1349.0,165.0,124.0,0.0,3070.0,51.0,25.44,5.21,4.98,0.0,20.33,0.16,3.65,39.45,0.0,0.0,0.29,0.0,0.0,0.1,53.36,46.64,0.0,17.79,27.07,3.42,48.99,8.24,0.85,41.95,0.0,100.0,16.45,35.05,0.0,0.0,781.0,160.0,153.0,0.0,624.0,5.0,112.0,1211.0,0.0,0.0,9.0,0.0,0.0,3.0,1638.0,1432.0,0.0,546.0,831.0,105.0,1504.0,253.0,26.0,1288.0,0.0,3070.0,505.0,1076.0,0.0,0.0,57.61,42.42,0.87,17.49,26.82,3.75,49.22,8.11,0.83,41.88,0.0,100.0,16.18,34.48,0.45,0.13,2.4,10.93,38.19,39.76,4.81,3.08,0.0,1798.0,1324.0,27.0,546.0,837.0,117.0,1536.0,253.0,26.0,1307.0,0.0,3121.0,505.0,1076.0,14.0,4.0,75.0,341.0,1192.0,1241.0,150.0,96.0,0.0,25.02,5.22,4.9,0.0,20.67,0.16,3.59,39.09,0.0,0.0,0.45,0.0,0.0,0.29,49.22,8.11,0.83,41.88,0.0,100.0,24.06,20.73,43.06,12.18,781.0,163.0,153.0,0.0,645.0,5.0,112.0,1220.0,0.0,0.0,14.0,0.0,0.0,9.0,1536.0,253.0,26.0,1307.0,0.0,3121.0,751.0,647.0,1344.0,380.0
3549607,50.06,49.94,0.83,92.19,7.81,0.0,62.84,5.92,0.0,31.24,0.0,100.0,11.83,36.45,29.94,9.82,2.72,1.42,6.86,423.0,422.0,7.0,779.0,66.0,0.0,531.0,50.0,0.0,264.0,0.0,845.0,100.0,308.0,253.0,83.0,23.0,12.0,58.0,517.0,126.0,0.0,8.0,47.0,423.0,422.0,779.0,66.0,0.0,65.0,61.0,234.0,224.0,115.0,128.0,18.0,845.0,69.0,78.0,59.89,40.05,2.95,92.36,32.41,60.01,6.92,0.0,0.24,100.0,3.25,21.83,41.01,21.59,5.23,4.21,0.0,64.1,2.77,996.0,666.0,49.0,1536.0,539.0,998.0,115.0,0.0,4.0,1663.0,54.0,363.0,682.0,359.0,87.0,70.0,0.0,1066.0,46.0,57.81,4.86,9.17,0.0,24.88,0.0,0.75,1.03,0.0,0.0,0.75,0.0,0.0,0.65,92.05,7.95,0.0,29.09,11.6,3.65,63.7,5.43,0.0,30.87,0.0,100.0,27.78,26.66,1.12,0.0,618.0,52.0,98.0,0.0,266.0,0.0,8.0,11.0,0.0,0.0,8.0,0.0,0.0,7.0,984.0,85.0,0.0,311.0,124.0,39.0,681.0,58.0,0.0,330.0,0.0,1069.0,297.0,285.0,12.0,0.0,61.15,38.85,2.16,28.51,11.69,4.5,63.4,5.4,0.0,31.21,0.0,100.0,26.8,26.44,1.98,0.0,3.15,23.29,38.31,22.3,5.76,5.04,0.0,680.0,432.0,24.0,317.0,130.0,50.0,705.0,60.0,0.0,347.0,0.0,1112.0,298.0,294.0,22.0,0.0,35.0,259.0,426.0,248.0,64.0,56.0,0.0,55.96,4.66,9.69,0.0,25.74,0.0,0.9,1.26,0.0,0.0,1.26,0.0,0.0,0.63,63.23,5.38,0.0,31.39,0.0,100.0,31.21,11.21,42.78,14.89,624.0,52.0,108.0,0.0,287.0,0.0,10.0,14.0,0.0,0.0,14.0,0.0,0.0,7.0,705.0,60.0,0.0,350.0,0.0,1115.0,348.0,125.0,477.0,166.0
3549706,51.66,48.34,1.3,95.18,4.83,0.0,65.01,4.17,0.0,30.81,0.0,100.0,10.08,21.51,32.26,24.41,5.14,3.51,1.8,6450.0,6035.0,162.0,11883.0,603.0,0.0,8117.0,521.0,0.0,3847.0,0.0,12485.0,1259.0,2685.0,4028.0,3047.0,642.0,438.0,225.0,5893.0,1829.0,301.0,890.0,1134.0,6450.0,6035.0,11883.0,603.0,0.0,1205.0,1863.0,3000.0,2393.0,1491.0,2176.0,357.0,12485.0,936.0,1503.0,56.96,43.04,2.62,92.15,10.97,81.17,3.93,0.0,1.2,100.0,1.58,7.69,28.28,43.13,10.6,6.11,0.0,82.25,2.76,13260.0,10021.0,609.0,21453.0,2555.0,18898.0,915.0,0.0,280.0,23281.0,368.0,1790.0,6584.0,10040.0,2468.0,1423.0,0.0,19148.0,643.0,15.94,1.52,15.48,0.65,51.9,0.05,1.27,10.99,0.0,0.0,0.47,0.22,0.0,0.68,96.74,3.25,0.0,11.88,11.55,2.31,66.26,7.05,0.14,26.56,0.0,100.0,40.3,33.56,0.19,0.0,3052.0,292.0,2965.0,125.0,9938.0,10.0,243.0,2105.0,0.0,0.0,90.0,42.0,0.0,130.0,18524.0,623.0,0.0,2274.0,2212.0,442.0,12687.0,1349.0,26.0,5086.0,0.0,19148.0,7716.0,6426.0,37.0,0.0,57.83,42.17,2.65,11.63,11.72,2.65,66.09,7.12,0.13,26.66,0.0,100.0,39.63,33.2,0.47,0.31,1.51,7.06,27.5,45.06,10.88,5.33,0.0,11458.0,8355.0,525.0,2305.0,2323.0,526.0,13094.0,1410.0,26.0,5283.0,0.0,19813.0,7851.0,6578.0,94.0,61.0,300.0,1398.0,5449.0,8928.0,2156.0,1056.0,0.0,15.75,1.61,15.24,0.63,51.54,0.11,1.31,11.09,0.0,0.0,0.65,0.21,0.0,0.82,66.09,7.12,0.13,26.66,0.0,100.0,21.97,16.55,41.89,19.59,3120.0,319.0,3019.0,125.0,10211.0,21.0,259.0,2197.0,0.0,0.0,129.0,42.0,0.0,162.0,13094.0,1410.0,26.0,5283.0,0.0,19813.0,4352.0,3280.0,8300.0,3881.0
3549805,49.44,50.56,4.86,95.52,4.3,0.09,67.37,4.78,0.7,27.09,0.05,100.0,5.45,12.3,28.36,28.58,9.56,7.2,3.68,55472.0,56738.0,5457.0,107185.0,4824.0,97.0,75595.0,5367.0,781.0,30403.0,53.0,112210.0,6121.0,13806.0,31820.0,32065.0,10732.0,8078.0,4131.0,50690.0,19823.0,2677.0,903.0,15752.0,55483.0,56770.0,107228.0,4824.0,97.0,12157.0,15373.0,27863.0,21259.0,13731.0,19567.0,2302.0,112252.0,12325.0,10083.0,53.88,46.12,8.55,93.21,13.83,79.38,3.22,0.03,1.05,100.0,0.9,4.24,19.23,38.84,16.86,11.36,0.01,78.99,3.63,131872.0,112884.0,20916.0,228140.0,33850.0,194290.0,7878.0,75.0,2573.0,244757.0,2212.0,10370.0,47074.0,95073.0,41273.0,27810.0,29.0,193331.0,8894.0,8.46,1.98,19.57,0.75,50.7,0.49,0.23,15.73,0.0,0.0,0.26,0.02,0.01,0.36,96.94,3.06,0.0,7.39,16.99,6.07,65.77,6.9,0.67,26.59,0.07,100.0,28.54,40.47,0.09,0.02,16376.0,3832.0,37909.0,1451.0,98194.0,947.0,441.0,30472.0,0.0,0.0,503.0,41.0,12.0,692.0,187752.0,5927.0,0.0,14306.0,32913.0,11750.0,127390.0,13360.0,1292.0,51492.0,144.0,193679.0,55285.0,78381.0,166.0,39.0,54.97,45.03,7.45,7.27,16.99,6.38,65.84,6.87,0.67,26.55,0.07,100.0,28.25,40.0,0.24,0.26,0.85,4.35,19.83,39.96,16.69,10.86,0.01,111173.0,91071.0,15060.0,14713.0,34360.0,12910.0,133147.0,13897.0,1352.0,53703.0,144.0,202243.0,57128.0,80894.0,492.0,525.0,1724.0,8793.0,40113.0,80813.0,33764.0,21957.0,20.0,8.3,1.93,19.47,0.75,50.72,0.5,0.23,15.65,0.0,0.0,0.33,0.03,0.01,0.43,65.81,6.89,0.67,26.56,0.07,100.0,14.05,14.04,42.74,29.18,16815.0,3908.0,39456.0,1512.0,102757.0,1007.0,475.0,31702.0,0.0,0.0,668.0,54.0,12.0,866.0,133330.0,13968.0,1352.0,53807.0,144.0,202601.0,28461.0,28444.0,86585.0,59110.0
3549904,49.42,50.58,5.46,94.95,4.91,0.11,65.93,5.43,0.99,27.61,0.03,100.0,6.34,15.09,27.5,25.69,8.3,7.33,4.29,96746.0,99028.0,10697.0,185892.0,9608.0,209.0,129065.0,10625.0,1947.0,54061.0,56.0,195775.0,12411.0,29541.0,53834.0,50296.0,16248.0,14350.0,8396.0,83445.0,35909.0,7496.0,1299.0,30621.0,96746.0,99028.0,185892.0,9608.0,209.0,21529.0,34839.0,44785.0,34959.0,23052.0,32789.0,3821.0,195775.0,17761.0,19243.0,54.29,45.71,9.96,91.0,15.86,75.15,5.94,0.03,0.65,100.0,1.48,6.84,23.6,33.68,12.94,11.46,0.06,78.01,3.11,180028.0,151574.0,33011.0,301773.0,52576.0,249196.0,19693.0,110.0,2150.0,331602.0,4894.0,22669.0,78263.0,111677.0,42897.0,38004.0,187.0,258674.0,10308.0,10.51,3.67,5.73,0.16,43.03,0.74,2.16,31.21,0.02,0.01,0.22,0.08,0.0,0.49,93.81,6.19,0.0,5.62,25.44,9.06,64.35,7.66,1.16,26.76,0.07,100.0,23.29,35.36,0.42,0.03,27195.0,9492.0,14834.0,422.0,111355.0,1926.0,5594.0,80767.0,45.0,21.0,571.0,204.0,0.0,1256.0,242780.0,16027.0,0.0,14552.0,65834.0,23457.0,166554.0,19822.0,2990.0,69248.0,193.0,258807.0,60269.0,91511.0,1088.0,69.0,55.68,44.32,9.16,5.47,25.15,9.55,64.41,7.66,1.14,26.71,0.07,100.0,22.89,34.95,0.74,0.28,1.19,6.9,24.46,34.46,12.88,10.92,0.04,149786.0,119213.0,24631.0,14711.0,67662.0,25682.0,173250.0,20617.0,3078.0,71861.0,193.0,268999.0,61574.0,94020.0,1989.0,760.0,3201.0,18560.0,65789.0,92701.0,34653.0,29366.0,100.0,10.42,3.6,5.65,0.16,42.86,0.76,2.15,31.13,0.02,0.02,0.26,0.09,0.0,0.62,64.4,7.67,1.14,26.71,0.07,100.0,10.52,12.5,46.23,30.75,28039.0,9693.0,15220.0,422.0,115363.0,2048.0,5785.0,83797.0,66.0,45.0,697.0,242.0,0.0,1656.0,173363.0,20658.0,3078.0,71899.0,193.0,269191.0,28327.0,33645.0,124442.0,82777.0
3549953,50.25,49.75,1.2,87.91,12.09,0.0,58.62,4.13,0.61,36.63,0.0,100.0,8.9,25.62,37.07,19.91,4.42,1.76,1.14,1716.0,1699.0,41.0,3002.0,413.0,0.0,2002.0,141.0,21.0,1251.0,0.0,3415.0,304.0,875.0,1266.0,680.0,151.0,60.0,39.0,1941.0,548.0,26.0,0.0,264.0,1716.0,1699.0,3002.0,413.0,0.0,220.0,261.0,1096.0,800.0,506.0,514.0,17.0,3415.0,242.0,394.0,61.17,38.83,3.63,65.54,15.52,50.01,33.44,0.0,0.24,100.0,1.95,12.64,33.59,33.76,9.6,4.82,0.0,81.04,2.3,4544.0,2884.0,270.0,4868.0,1153.0,3715.0,2484.0,0.0,18.0,7428.0,145.0,939.0,2495.0,2508.0,713.0,358.0,0.0,6020.0,171.0,27.64,1.1,7.54,0.33,35.47,0.0,0.5,25.85,0.12,0.0,0.43,0.0,0.07,0.0,61.45,38.55,0.0,8.99,23.46,13.67,54.67,6.4,0.7,38.14,0.1,100.0,21.3,27.72,4.73,0.0,1664.0,66.0,454.0,20.0,2135.0,0.0,30.0,1556.0,7.0,0.0,26.0,0.0,4.0,0.0,3699.0,2321.0,0.0,541.0,1412.0,823.0,3291.0,385.0,42.0,2296.0,6.0,6020.0,1282.0,1669.0,285.0,0.0,60.19,39.81,3.9,9.08,23.37,13.99,54.4,6.73,0.68,38.09,0.1,100.0,21.0,26.92,5.39,0.11,1.79,12.41,33.31,34.8,9.13,4.65,0.0,3731.0,2468.0,242.0,563.0,1449.0,867.0,3372.0,417.0,42.0,2361.0,6.0,6199.0,1302.0,1669.0,334.0,7.0,111.0,769.0,2065.0,2157.0,566.0,288.0,0.0,27.13,1.06,7.57,0.32,35.67,0.0,0.48,26.07,0.11,0.0,0.6,0.0,0.06,0.0,54.4,6.73,0.68,38.09,0.1,100.0,17.29,15.78,48.41,18.5,1682.0,66.0,469.0,20.0,2211.0,0.0,30.0,1616.0,7.0,0.0,37.0,0.0,4.0,0.0,3372.0,417.0,42.0,2361.0,6.0,6199.0,1072.0,978.0,3001.0,1147.0
3550001,52.32,47.68,1.15,87.11,12.89,0.0,71.98,2.02,0.0,25.72,0.33,100.0,9.34,30.09,30.48,18.9,6.01,3.6,0.38,958.0,873.0,21.0,1595.0,236.0,0.0,1318.0,37.0,0.0,471.0,6.0,1831.0,171.0,551.0,558.0,346.0,110.0,66.0,7.0,994.0,354.0,33.0,6.0,175.0,958.0,873.0,1595.0,236.0,0.0,154.0,161.0,458.0,473.0,338.0,247.0,0.0,1831.0,20.0,251.0,60.9,39.1,4.01,88.77,21.32,67.46,9.34,0.0,1.59,100.0,1.89,13.95,31.77,36.35,7.07,4.86,0.13,74.81,2.01,2843.0,1825.0,187.0,4144.0,995.0,3149.0,436.0,0.0,74.0,4668.0,88.0,651.0,1483.0,1697.0,330.0,227.0,6.0,3492.0,94.0,41.69,4.83,18.91,0.0,27.86,0.0,1.37,3.23,0.0,0.0,0.37,0.0,0.14,0.63,89.34,10.63,0.0,19.2,13.17,4.66,72.26,2.4,0.26,24.94,0.14,100.0,33.77,28.8,0.11,0.0,1459.0,169.0,662.0,0.0,975.0,0.0,48.0,113.0,0.0,0.0,13.0,0.0,5.0,22.0,3127.0,372.0,0.0,672.0,461.0,163.0,2529.0,84.0,9.0,873.0,5.0,3500.0,1182.0,1008.0,4.0,0.0,61.38,38.59,2.98,18.74,13.83,5.16,72.06,2.59,0.25,24.96,0.14,100.0,33.32,28.25,0.45,0.0,1.62,14.97,31.96,38.06,6.39,4.02,0.0,2201.0,1384.0,107.0,672.0,496.0,185.0,2584.0,93.0,9.0,895.0,5.0,3586.0,1195.0,1013.0,16.0,0.0,58.0,537.0,1146.0,1365.0,229.0,144.0,0.0,40.65,4.7,19.28,0.0,27.77,0.0,1.34,3.98,0.0,0.0,0.36,0.0,0.14,0.78,72.01,2.59,0.25,24.99,0.14,100.0,30.36,13.94,38.95,16.72,1461.0,169.0,693.0,0.0,998.0,0.0,48.0,143.0,0.0,0.0,13.0,0.0,5.0,28.0,2588.0,93.0,9.0,898.0,5.0,3594.0,1091.0,501.0,1400.0,601.0
3550100,49.51,50.49,0.2,93.16,6.69,0.0,62.05,3.94,0.12,33.88,0.0,100.0,8.81,24.64,28.55,27.14,6.94,2.1,1.63,4017.0,4096.0,16.0,7558.0,543.0,0.0,5034.0,320.0,10.0,2749.0,0.0,8113.0,715.0,1999.0,2316.0,2202.0,563.0,170.0,132.0,3993.0,1473.0,87.0,45.0,790.0,4017.0,4096.0,7558.0,543.0,0.0,670.0,731.0,2335.0,1657.0,1237.0,1394.0,90.0,8113.0,787.0,937.0,59.71,40.3,1.28,79.89,12.79,67.09,17.87,0.0,1.6,100.0,1.43,8.7,27.08,40.57,13.39,7.55,0.0,82.63,2.34,9955.0,6718.0,214.0,13319.0,2132.0,11186.0,2980.0,0.0,266.0,16672.0,238.0,1451.0,4514.0,6764.0,2232.0,1259.0,0.0,13776.0,390.0,16.87,1.31,5.77,0.99,37.86,0.0,2.42,32.46,0.0,0.0,0.75,0.0,0.0,0.68,79.59,20.41,0.0,9.16,22.05,8.21,62.44,7.44,0.35,29.77,0.0,100.0,25.43,34.15,0.73,0.0,2324.0,180.0,795.0,137.0,5216.0,0.0,334.0,4472.0,0.0,0.0,103.0,0.0,0.0,94.0,10965.0,2812.0,0.0,1262.0,3038.0,1131.0,8602.0,1025.0,48.0,4101.0,0.0,13776.0,3503.0,4704.0,100.0,0.0,60.05,39.95,1.36,8.94,22.36,8.27,62.61,7.53,0.34,29.52,0.0,100.0,25.22,33.77,1.02,0.0,1.35,8.51,26.44,42.2,13.31,6.83,0.0,8507.0,5659.0,192.0,1267.0,3167.0,1172.0,8869.0,1067.0,48.0,4182.0,0.0,14166.0,3573.0,4784.0,145.0,0.0,191.0,1206.0,3746.0,5978.0,1886.0,967.0,0.0,16.62,1.27,5.82,0.97,37.96,0.06,2.44,32.47,0.0,0.0,0.73,0.0,0.0,0.66,62.61,7.53,0.34,29.52,0.0,100.0,15.52,14.77,50.55,19.17,2355.0,180.0,825.0,137.0,5377.0,9.0,345.0,4599.0,0.0,0.0,103.0,0.0,0.0,94.0,8869.0,1067.0,48.0,4182.0,0.0,14166.0,2198.0,2092.0,7161.0,2715.0
3550209,50.13,49.87,0.28,91.31,8.69,0.0,67.16,2.42,2.71,27.72,0.0,100.0,12.41,25.37,35.65,18.94,3.53,0.74,3.07,3590.0,3571.0,20.0,6539.0,622.0,0.0,4809.0,173.0,194.0,1985.0,0.0,7161.0,889.0,1817.0,2553.0,1356.0,253.0,53.0,220.0,4071.0,1393.0,57.0,81.0,462.0,3590.0,3571.0,6539.0,622.0,0.0,374.0,593.0,2177.0,1764.0,1258.0,925.0,70.0,7161.0,385.0,712.0,60.06,39.94,2.76,90.3,27.79,62.51,7.46,0.0,0.62,100.0,3.04,12.63,37.09,33.09,8.22,3.09,0.08,66.51,3.46,9260.0,6157.0,426.0,13921.0,4284.0,9637.0,1150.0,0.0,95.0,15417.0,468.0,1947.0,5718.0,5102.0,1267.0,477.0,12.0,10254.0,533.0,29.53,4.64,15.87,0.36,33.75,0.0,2.51,10.04,0.0,0.0,0.89,0.0,0.0,0.48,91.24,8.77,0.0,21.68,12.57,3.45,65.04,2.85,2.02,30.09,0.0,100.0,31.62,29.24,0.2,0.06,3033.0,477.0,1630.0,37.0,3466.0,0.0,258.0,1031.0,0.0,0.0,91.0,0.0,0.0,49.0,9370.0,901.0,0.0,2227.0,1291.0,354.0,6680.0,293.0,207.0,3090.0,0.0,10270.0,3247.0,3003.0,21.0,6.0,61.28,38.73,2.34,21.59,12.58,4.22,65.35,2.84,2.04,29.78,0.0,100.0,30.62,28.49,0.86,0.42,2.99,13.33,37.92,32.21,8.51,2.73,0.0,6610.0,4178.0,252.0,2329.0,1357.0,455.0,7049.0,306.0,220.0,3212.0,0.0,10787.0,3303.0,3073.0,93.0,45.0,322.0,1438.0,4090.0,3474.0,918.0,294.0,0.0,28.79,4.42,15.31,0.34,34.19,0.1,2.39,10.33,0.0,0.0,1.18,0.0,0.0,0.56,65.4,2.83,2.04,29.73,0.0,100.0,27.4,20.53,37.06,15.0,3110.0,477.0,1654.0,37.0,3694.0,11.0,258.0,1116.0,0.0,0.0,127.0,0.0,0.0,61.0,7065.0,306.0,220.0,3212.0,0.0,10803.0,2960.0,2218.0,4004.0,1620.0
3550308,49.07,50.93,7.33,96.74,2.84,0.31,53.38,9.57,1.49,35.35,0.16,100.0,7.74,16.05,26.98,21.81,8.27,7.01,4.8,1478889.0,1534853.0,220880.0,2915578.0,85665.0,9336.0,1608659.0,288505.0,44783.0,1065353.0,4705.0,3013743.0,233239.0,483854.0,813157.0,657183.0,249312.0,211398.0,144720.0,1264543.0,546307.0,113443.0,41777.0,452037.0,1479062.0,1535259.0,2916102.0,85690.0,9336.0,341560.0,541504.0,668171.0,524376.0,350296.0,530722.0,57693.0,3014321.0,339544.0,256671.0,52.36,47.64,14.25,92.38,19.04,73.34,2.67,0.03,0.31,100.0,1.44,6.68,21.78,30.99,13.14,11.66,0.06,73.28,2.73,2923051.0,2659036.0,795455.0,5156617.0,1062618.0,4093999.0,149070.0,1513.0,17335.0,5582087.0,80476.0,372629.0,1215941.0,1730155.0,733475.0,650687.0,3268.0,4090566.0,152478.0,12.12,1.01,4.14,0.24,29.64,0.82,0.57,36.92,0.38,11.19,0.16,0.02,0.02,0.44,96.83,3.17,0.0,3.8,32.57,25.84,52.29,12.22,1.95,33.38,0.16,100.0,11.24,22.28,3.27,0.04,496451.0,41561.0,169697.0,9774.0,1214251.0,33747.0,23469.0,1512610.0,15653.0,458550.0,6613.0,953.0,698.0,18177.0,3966968.0,129985.0,0.0,155766.0,1334465.0,1058537.0,2142352.0,500568.0,79700.0,1367592.0,6743.0,4096954.0,460294.0,912980.0,133999.0,1731.0,53.8,46.2,12.8,3.77,32.35,25.98,52.29,12.22,1.94,33.38,0.16,100.0,11.12,22.03,3.44,0.13,1.35,6.91,23.02,32.22,12.88,10.79,0.03,2283577.0,1961005.0,543423.0,159821.0,1373333.0,1102735.0,2219617.0,518587.0,82436.0,1416944.0,6972.0,4244582.0,472142.0,935125.0,146034.0,5656.0,57092.0,293251.0,976974.0,1367543.0,546854.0,458075.0,1370.0,12.03,1.01,4.11,0.24,29.45,0.86,0.58,36.85,0.38,11.13,0.17,0.03,0.02,0.51,52.28,12.22,1.94,33.4,0.17,100.0,13.31,13.62,40.31,32.76,511552.0,42997.0,174670.0,10223.0,1252138.0,36474.0,24516.0,1566409.0,16191.0,473042.0,7236.0,1189.0,720.0,21689.0,2222374.0,519592.0,82522.0,1419770.0,7022.0,4251307.0,565643.0,579174.0,1713620.0,1392870.0
3550407,53.33,46.65,1.82,90.3,9.7,0.0,68.0,2.62,0.0,29.37,0.0,100.0,6.71,17.34,35.03,30.27,5.64,2.88,0.31,4414.0,3861.0,151.0,7473.0,803.0,0.0,5628.0,217.0,0.0,2431.0,0.0,8276.0,555.0,1435.0,2899.0,2505.0,467.0,238.0,26.0,4065.0,1368.0,87.0,29.0,914.0,4414.0,3861.0,7473.0,803.0,0.0,787.0,525.0,2224.0,1797.0,1283.0,1660.0,0.0,8276.0,904.0,908.0,54.69,45.31,2.57,83.17,14.54,68.63,13.04,0.0,2.02,100.0,1.18,5.61,26.21,44.77,12.79,6.87,0.0,79.78,1.89,10282.0,8517.0,483.0,15636.0,2734.0,12902.0,2452.0,0.0,379.0,18799.0,221.0,1054.0,4928.0,8417.0,2404.0,1292.0,0.0,14998.0,356.0,18.54,2.89,10.83,0.55,52.26,0.35,3.54,8.3,0.0,0.0,0.25,0.09,0.0,0.92,84.97,15.04,0.0,10.62,15.91,2.73,68.46,3.33,0.21,28.0,0.0,100.0,38.15,31.26,0.07,0.0,2781.0,434.0,1624.0,82.0,7838.0,52.0,531.0,1245.0,0.0,0.0,37.0,13.0,0.0,138.0,12744.0,2255.0,0.0,1593.0,2386.0,410.0,10268.0,500.0,32.0,4199.0,0.0,14998.0,5721.0,4689.0,11.0,0.0,54.03,45.96,2.68,10.51,16.35,2.96,68.35,3.48,0.28,27.88,0.0,100.0,37.86,30.75,0.2,0.05,1.34,5.63,26.58,45.12,12.69,5.95,0.0,8296.0,7057.0,412.0,1613.0,2511.0,455.0,10495.0,535.0,43.0,4281.0,0.0,15354.0,5813.0,4722.0,31.0,8.0,206.0,865.0,4081.0,6928.0,1948.0,913.0,0.0,18.45,2.83,10.71,0.53,52.43,0.34,3.46,8.32,0.0,0.0,0.25,0.08,0.0,1.06,68.35,3.48,0.28,27.88,0.0,100.0,20.61,16.49,43.56,19.34,2833.0,434.0,1645.0,82.0,8050.0,52.0,531.0,1278.0,0.0,0.0,38.0,13.0,0.0,163.0,10495.0,535.0,43.0,4281.0,0.0,15354.0,3164.0,2532.0,6688.0,2970.0
3550506,49.32,50.68,0.89,82.93,17.07,0.0,72.32,1.9,0.0,25.79,0.0,100.0,5.16,25.84,38.83,24.36,2.73,2.13,0.0,832.0,855.0,15.0,1399.0,288.0,0.0,1220.0,32.0,0.0,435.0,0.0,1687.0,87.0,436.0,655.0,411.0,46.0,36.0,0.0,898.0,189.0,21.0,2.0,165.0,832.0,855.0,1399.0,288.0,0.0,123.0,77.0,496.0,366.0,252.0,374.0,0.0,1687.0,205.0,206.0,62.14,37.86,1.63,87.9,25.73,62.17,11.68,0.0,0.09,100.0,1.09,11.27,34.84,37.47,8.37,5.32,0.0,72.76,1.06,2101.0,1280.0,55.0,2972.0,870.0,2102.0,395.0,0.0,3.0,3381.0,37.0,381.0,1178.0,1267.0,283.0,180.0,0.0,2460.0,36.0,29.31,1.62,11.57,0.0,30.53,0.12,8.16,16.61,0.0,0.0,0.69,0.0,0.0,0.45,85.14,14.86,0.0,18.72,17.62,2.84,67.97,5.08,0.0,26.96,0.0,100.0,31.51,28.75,0.0,0.0,722.0,40.0,285.0,0.0,752.0,3.0,201.0,409.0,0.0,0.0,17.0,0.0,0.0,11.0,2097.0,366.0,0.0,461.0,434.0,70.0,1674.0,125.0,0.0,664.0,0.0,2463.0,776.0,708.0,0.0,0.0,59.67,40.33,0.92,18.46,17.58,3.08,67.92,5.01,0.0,27.03,0.0,100.0,31.16,28.71,0.16,0.24,0.96,10.57,37.48,37.77,7.97,4.37,0.0,1490.0,1007.0,23.0,461.0,439.0,77.0,1696.0,125.0,0.0,675.0,0.0,2497.0,778.0,717.0,4.0,6.0,24.0,264.0,936.0,943.0,199.0,109.0,0.0,28.96,1.6,11.4,0.0,30.76,0.24,8.04,16.72,0.0,0.0,0.88,0.0,0.0,0.44,67.84,5.0,0.0,27.12,0.0,100.0,27.08,18.48,40.2,14.24,724.0,40.0,285.0,0.0,769.0,6.0,201.0,418.0,0.0,0.0,22.0,0.0,0.0,11.0,1696.0,125.0,0.0,678.0,0.0,2500.0,677.0,462.0,1005.0,356.0
3550605,50.04,49.96,3.25,89.34,10.52,0.04,61.1,5.31,0.62,32.97,0.0,100.0,5.7,15.54,31.71,26.7,7.44,7.35,2.31,9663.0,9646.0,627.0,17250.0,2031.0,8.0,11797.0,1025.0,120.0,6367.0,0.0,19309.0,1101.0,3001.0,6122.0,5156.0,1437.0,1419.0,446.0,9147.0,3121.0,511.0,89.0,2616.0,9663.0,9646.0,17250.0,2031.0,8.0,1729.0,2419.0,4892.0,4009.0,2592.0,3419.0,248.0,19309.0,1779.0,2046.0,55.98,44.02,6.19,73.86,13.2,60.66,19.95,0.02,1.83,100.0,1.27,6.19,26.45,37.07,12.83,9.86,0.14,78.31,2.29,21890.0,17215.0,2421.0,28883.0,5161.0,23722.0,7802.0,8.0,715.0,39105.0,495.0,2419.0,10344.0,14496.0,5019.0,3857.0,54.0,30625.0,894.0,16.38,0.92,7.42,0.04,51.67,0.11,2.17,19.79,0.12,0.08,0.25,0.01,0.04,0.1,75.78,24.22,0.0,7.78,21.0,6.8,56.02,8.65,0.85,34.44,0.04,100.0,27.61,35.87,0.55,0.0,5026.0,281.0,2278.0,12.0,15858.0,34.0,665.0,6074.0,36.0,25.0,78.0,2.0,13.0,31.0,23259.0,7433.0,0.0,2388.0,6446.0,2088.0,17192.0,2656.0,261.0,10571.0,11.0,30691.0,8475.0,11008.0,168.0,0.0,56.45,43.55,6.33,7.82,21.04,7.11,56.18,8.7,0.86,34.22,0.03,100.0,27.25,35.33,0.82,0.09,0.88,6.05,26.6,38.71,12.32,9.01,0.1,17801.0,13732.0,1996.0,2465.0,6636.0,2242.0,17716.0,2743.0,271.0,10792.0,11.0,31533.0,8593.0,11140.0,258.0,27.0,276.0,1907.0,8389.0,12206.0,3886.0,2840.0,33.0,16.24,0.95,7.21,0.04,51.56,0.11,2.22,19.87,0.11,0.08,0.25,0.01,0.04,0.19,56.22,8.72,0.86,34.18,0.03,100.0,16.37,13.55,45.42,24.66,5131.0,299.0,2278.0,12.0,16291.0,35.0,700.0,6280.0,36.0,26.0,78.0,2.0,13.0,59.0,17764.0,2754.0,271.0,10799.0,11.0,31599.0,5173.0,4283.0,14352.0,7792.0
3550704,49.36,50.64,1.42,93.5,6.27,0.1,48.06,6.96,0.57,43.84,0.57,100.0,6.97,21.34,35.8,22.91,6.22,2.51,2.82,10570.0,10845.0,305.0,20023.0,1343.0,22.0,10293.0,1490.0,121.0,9388.0,123.0,21415.0,1493.0,4569.0,7667.0,4907.0,1331.0,538.0,604.0,10628.0,3945.0,402.0,143.0,1723.0,10570.0,10845.0,20023.0,1343.0,22.0,1513.0,2251.0,5763.0,4503.0,3135.0,4124.0,127.0,21415.0,2263.0,2309.0,54.36,45.64,3.67,92.35,15.93,76.42,5.71,0.05,0.39,100.0,1.46,9.59,31.05,39.03,9.54,5.65,0.0,79.33,2.84,22529.0,18914.0,1523.0,38271.0,6600.0,31671.0,2368.0,19.0,160.0,41443.0,605.0,3974.0,12870.0,16177.0,3952.0,2341.0,0.0,32875.0,1179.0,17.5,27.09,9.83,0.39,25.22,0.02,0.29,17.19,0.0,0.0,0.08,0.49,0.14,0.75,93.47,6.53,0.0,10.75,16.18,4.64,42.04,11.61,0.85,45.29,0.21,100.0,30.78,36.57,0.23,0.12,5758.0,8910.0,3233.0,127.0,8296.0,7.0,95.0,5654.0,0.0,0.0,26.0,160.0,46.0,247.0,30747.0,2149.0,0.0,3537.0,5324.0,1528.0,13829.0,3820.0,279.0,14897.0,70.0,32896.0,10127.0,12029.0,76.0,38.0,55.64,44.36,3.13,10.59,16.03,4.88,41.73,11.67,0.89,45.51,0.21,100.0,30.56,36.54,0.37,0.2,1.17,10.03,31.84,39.91,8.58,5.34,0.0,18949.0,15109.0,1065.0,3606.0,5458.0,1663.0,14214.0,3973.0,302.0,15500.0,70.0,34058.0,10409.0,12445.0,127.0,69.0,398.0,3415.0,10844.0,13593.0,2923.0,1820.0,0.0,17.51,26.92,9.85,0.37,25.1,0.02,0.28,17.22,0.0,0.03,0.08,0.47,0.13,0.81,41.72,11.66,0.89,45.53,0.21,100.0,21.9,17.18,45.23,15.69,5968.0,9174.0,3358.0,127.0,8553.0,7.0,95.0,5867.0,0.0,11.0,26.0,160.0,46.0,277.0,14219.0,3973.0,302.0,15516.0,70.0,34079.0,7463.0,5854.0,15415.0,5347.0
3550803,51.97,48.07,0.26,87.85,12.15,0.0,66.58,4.17,0.0,29.25,0.0,100.0,3.11,28.38,35.26,24.17,3.99,3.16,1.67,1185.0,1096.0,6.0,2003.0,277.0,0.0,1518.0,95.0,0.0,667.0,0.0,2280.0,71.0,647.0,804.0,551.0,91.0,72.0,38.0,1094.0,435.0,31.0,148.0,192.0,1185.0,1096.0,2003.0,277.0,0.0,204.0,322.0,592.0,469.0,346.0,309.0,40.0,2280.0,162.0,219.0,59.31,40.69,1.52,89.71,19.29,70.42,7.67,0.0,1.96,100.0,0.77,10.12,31.93,39.9,10.25,5.53,0.0,76.38,1.71,3154.0,2164.0,81.0,4771.0,1026.0,3745.0,408.0,0.0,104.0,5318.0,41.0,538.0,1698.0,2122.0,545.0,294.0,0.0,4062.0,91.0,38.58,2.04,6.77,0.64,35.08,0.0,7.21,7.11,0.0,0.0,0.49,0.2,0.07,0.52,90.45,9.55,0.0,24.22,8.1,3.55,66.1,6.18,0.0,27.72,0.0,100.0,34.64,29.25,0.0,0.0,1567.0,83.0,275.0,26.0,1425.0,0.0,293.0,289.0,0.0,0.0,20.0,8.0,3.0,21.0,3674.0,388.0,0.0,984.0,329.0,144.0,2685.0,251.0,0.0,1126.0,0.0,4062.0,1407.0,1188.0,0.0,0.0,58.39,41.61,1.95,23.69,7.92,4.19,66.14,6.36,0.0,27.5,0.0,100.0,34.48,28.61,0.65,0.19,0.41,8.91,30.92,41.99,10.74,5.08,0.0,2425.0,1728.0,81.0,984.0,329.0,174.0,2747.0,264.0,0.0,1142.0,0.0,4153.0,1432.0,1188.0,27.0,8.0,17.0,370.0,1284.0,1744.0,446.0,211.0,0.0,38.29,2.0,6.69,0.63,35.42,0.0,7.3,6.96,0.0,0.0,0.58,0.19,0.07,0.6,66.14,6.36,0.0,27.5,0.0,100.0,28.1,18.25,34.14,19.48,1590.0,83.0,278.0,26.0,1471.0,0.0,303.0,289.0,0.0,0.0,24.0,8.0,3.0,25.0,2747.0,264.0,0.0,1142.0,0.0,4153.0,1167.0,758.0,1418.0,809.0
3550902,51.44,48.56,1.01,89.3,10.7,0.0,66.02,5.05,0.19,28.58,0.16,100.0,8.75,22.23,32.55,21.57,10.74,2.53,0.63,1629.0,1538.0,32.0,2828.0,339.0,0.0,2091.0,160.0,6.0,905.0,5.0,3167.0,277.0,704.0,1031.0,683.0,340.0,80.0,20.0,1599.0,631.0,29.0,7.0,323.0,1629.0,1538.0,2828.0,339.0,0.0,284.0,356.0,796.0,667.0,480.0,524.0,59.0,3167.0,277.0,301.0,58.53,41.47,2.39,83.88,16.89,66.98,13.79,0.0,2.17,100.0,1.74,8.71,26.67,40.55,14.83,5.09,0.0,76.9,3.87,3643.0,2581.0,149.0,5221.0,1051.0,4169.0,858.0,0.0,135.0,6224.0,108.0,542.0,1660.0,2524.0,923.0,317.0,0.0,4786.0,241.0,22.71,5.39,3.78,0.1,45.72,0.0,3.68,17.18,0.0,0.0,0.42,0.1,0.08,0.0,83.54,16.49,0.0,12.93,16.95,3.41,64.44,11.12,0.25,24.2,0.0,100.0,33.62,32.93,0.17,0.0,1087.0,258.0,181.0,5.0,2188.0,0.0,176.0,822.0,0.0,0.0,20.0,5.0,4.0,0.0,3998.0,789.0,0.0,619.0,811.0,163.0,3084.0,532.0,12.0,1158.0,0.0,4786.0,1609.0,1576.0,8.0,0.0,58.9,41.1,2.31,12.51,16.75,3.66,64.73,11.36,0.24,23.67,0.0,100.0,33.06,33.16,0.68,0.2,1.55,8.33,27.43,40.92,13.98,5.47,0.0,2961.0,2066.0,116.0,629.0,842.0,184.0,3254.0,571.0,12.0,1190.0,0.0,5027.0,1662.0,1667.0,34.0,10.0,78.0,419.0,1379.0,2057.0,703.0,275.0,0.0,22.18,5.13,3.7,0.1,46.09,0.0,3.76,17.19,0.0,0.0,0.58,0.1,0.08,0.0,64.73,11.36,0.24,23.67,0.0,100.0,18.38,14.58,47.36,19.67,1115.0,258.0,186.0,5.0,2317.0,0.0,189.0,864.0,0.0,0.0,29.0,5.0,4.0,0.0,3254.0,571.0,12.0,1190.0,0.0,5027.0,924.0,733.0,2381.0,989.0
3551009,49.67,50.33,0.75,86.61,13.3,0.06,46.46,9.42,0.28,43.75,0.08,100.0,10.8,19.72,32.96,21.88,6.04,2.59,5.27,45611.0,46224.0,689.0,79536.0,12216.0,53.0,42663.0,8648.0,258.0,40181.0,75.0,91835.0,9917.0,18109.0,30266.0,20095.0,5546.0,2378.0,4836.0,43123.0,21552.0,1433.0,2444.0,9072.0,45611.0,46224.0,79536.0,12216.0,53.0,10139.0,19463.0,20325.0,16684.0,10835.0,12150.0,2239.0,91835.0,6610.0,7601.0,53.92,46.08,2.51,54.26,12.12,42.13,37.36,0.07,1.7,100.0,2.37,9.44,28.96,37.02,12.87,6.8,0.03,75.96,3.59,74745.0,63869.0,3474.0,75207.0,16801.0,58405.0,51782.0,91.0,2359.0,138614.0,3291.0,13091.0,40139.0,51313.0,17835.0,9425.0,46.0,105293.0,4975.0,10.3,12.47,13.76,0.57,18.26,0.36,1.12,39.35,0.02,0.02,0.28,0.02,0.02,1.38,53.16,46.84,0.0,3.46,35.26,16.84,44.54,11.76,0.32,43.25,0.13,100.0,11.4,31.58,0.68,0.0,10856.0,13139.0,14502.0,603.0,19239.0,378.0,1182.0,41463.0,22.0,25.0,300.0,21.0,22.0,1459.0,56008.0,49351.0,0.0,3643.0,37145.0,17740.0,46931.0,12394.0,335.0,45566.0,132.0,105359.0,12011.0,33271.0,712.0,0.0,55.19,44.81,2.42,3.46,34.97,17.3,44.5,11.87,0.34,43.13,0.17,100.0,11.15,30.87,0.87,0.31,2.09,9.5,29.28,37.34,12.82,6.54,0.02,60861.0,49417.0,2666.0,3821.0,38569.0,19073.0,49072.0,13088.0,370.0,47561.0,186.0,110278.0,12297.0,34039.0,963.0,346.0,2309.0,10479.0,32286.0,41173.0,14133.0,7209.0,23.0,10.18,12.15,13.53,0.62,18.36,0.34,1.17,39.31,0.02,0.06,0.35,0.03,0.02,1.48,44.5,11.86,0.34,43.13,0.17,100.0,15.29,18.61,47.73,18.37,11231.0,13409.0,14925.0,679.0,20258.0,378.0,1291.0,43371.0,22.0,70.0,386.0,30.0,22.0,1633.0,49108.0,13088.0,370.0,47591.0,186.0,110344.0,16868.0,20538.0,52663.0,20275.0
3551108,48.17,51.83,0.77,89.09,10.91,0.0,66.53,2.55,0.0,30.89,0.0,100.0,10.34,20.29,33.63,24.03,5.98,2.74,2.24,1249.0,1344.0,20.0,2310.0,283.0,0.0,1725.0,66.0,0.0,801.0,0.0,2593.0,268.0,526.0,872.0,623.0,155.0,71.0,58.0,1389.0,388.0,19.0,26.0,222.0,1249.0,1344.0,2310.0,283.0,0.0,222.0,242.0,815.0,503.0,358.0,420.0,32.0,2593.0,268.0,281.0,59.67,40.33,3.14,85.68,20.99,64.71,8.4,0.0,0.52,100.0,1.98,10.57,32.09,37.69,10.22,4.31,0.0,70.96,2.04,2891.0,1954.0,152.0,4151.0,1017.0,3135.0,407.0,0.0,25.0,4845.0,96.0,512.0,1555.0,1826.0,495.0,209.0,0.0,3438.0,99.0,25.45,11.84,25.28,0.15,31.09,0.0,2.12,1.89,0.0,0.0,0.44,0.0,0.0,0.47,89.3,10.7,0.0,12.01,11.2,2.39,67.66,2.68,0.0,29.23,0.41,100.0,35.49,37.41,0.47,0.64,875.0,407.0,869.0,5.0,1069.0,0.0,73.0,65.0,0.0,0.0,15.0,0.0,0.0,16.0,3070.0,368.0,0.0,413.0,385.0,82.0,2326.0,92.0,0.0,1005.0,14.0,3438.0,1220.0,1286.0,16.0,22.0,58.16,41.81,2.32,11.86,11.6,3.16,67.25,2.88,0.0,29.47,0.4,100.0,34.75,36.53,0.59,0.76,2.26,10.53,33.2,37.66,10.28,3.75,0.0,2060.0,1481.0,82.0,420.0,411.0,112.0,2382.0,102.0,0.0,1044.0,14.0,3542.0,1231.0,1294.0,21.0,27.0,80.0,373.0,1176.0,1334.0,364.0,133.0,0.0,25.24,12.03,24.87,0.14,30.75,0.0,2.06,2.32,0.0,0.0,0.65,0.0,0.0,0.45,67.25,2.88,0.0,29.47,0.4,100.0,21.68,12.17,50.54,15.61,894.0,426.0,881.0,5.0,1089.0,0.0,73.0,82.0,0.0,0.0,23.0,0.0,0.0,16.0,2382.0,102.0,0.0,1044.0,14.0,3542.0,768.0,431.0,1790.0,553.0
3551207,49.56,50.44,0.0,87.03,12.97,0.0,73.96,3.3,0.0,22.31,0.44,100.0,11.76,23.74,45.93,14.84,2.09,0.77,0.88,451.0,459.0,0.0,792.0,118.0,0.0,673.0,30.0,0.0,203.0,4.0,910.0,107.0,216.0,418.0,135.0,19.0,7.0,8.0,378.0,181.0,13.0,15.0,96.0,451.0,459.0,792.0,118.0,0.0,107.0,85.0,196.0,187.0,137.0,194.0,2.0,910.0,149.0,77.0,57.41,42.59,0.57,81.4,8.44,73.02,18.14,0.0,0.0,100.0,2.93,11.83,38.46,36.45,5.86,3.9,0.0,87.49,3.67,1000.0,742.0,10.0,1418.0,147.0,1272.0,316.0,0.0,0.0,1742.0,51.0,206.0,670.0,635.0,102.0,68.0,0.0,1524.0,64.0,47.31,0.52,4.72,0.2,28.74,0.2,5.18,11.75,0.0,0.0,1.31,0.0,0.0,0.0,80.84,19.16,0.0,12.66,11.75,5.05,71.0,3.87,0.0,24.61,0.52,100.0,38.19,31.96,0.39,0.0,721.0,8.0,72.0,3.0,438.0,3.0,79.0,179.0,0.0,0.0,20.0,0.0,0.0,0.0,1232.0,292.0,0.0,193.0,179.0,77.0,1082.0,59.0,0.0,375.0,8.0,1524.0,582.0,487.0,6.0,0.0,57.37,42.63,0.63,12.59,12.66,4.97,70.09,4.66,0.0,24.69,0.5,100.0,37.28,31.42,0.5,0.31,2.83,10.71,38.66,37.03,6.11,3.97,0.0,911.0,677.0,10.0,200.0,201.0,79.0,1113.0,74.0,0.0,392.0,8.0,1588.0,592.0,499.0,8.0,5.0,45.0,170.0,614.0,588.0,97.0,63.0,0.0,46.79,0.5,5.04,0.19,29.09,0.19,4.97,11.52,0.0,0.0,1.26,0.0,0.0,0.0,70.09,4.66,0.0,24.69,0.5,100.0,32.68,15.55,41.69,10.08,743.0,8.0,80.0,3.0,462.0,3.0,79.0,183.0,0.0,0.0,20.0,0.0,0.0,0.0,1113.0,74.0,0.0,392.0,8.0,1588.0,519.0,247.0,662.0,160.0
3551306,51.46,48.54,1.9,91.81,8.04,0.0,59.5,3.51,0.0,36.84,0.0,100.0,2.49,15.5,44.59,26.61,7.16,0.58,1.17,352.0,332.0,13.0,628.0,55.0,0.0,407.0,24.0,0.0,252.0,0.0,684.0,17.0,106.0,305.0,182.0,49.0,4.0,8.0,331.0,123.0,4.0,3.0,28.0,352.0,332.0,628.0,55.0,0.0,30.0,23.0,189.0,151.0,115.0,175.0,0.0,684.0,109.0,86.0,56.11,43.89,2.25,92.6,11.65,80.95,7.21,0.0,0.0,100.0,0.58,5.34,25.74,42.92,17.57,5.6,0.0,87.64,0.58,872.0,682.0,35.0,1439.0,181.0,1258.0,112.0,0.0,0.0,1554.0,9.0,83.0,400.0,667.0,273.0,87.0,0.0,1362.0,9.0,40.82,2.86,9.69,0.15,29.81,0.0,0.44,15.35,0.0,0.0,0.59,0.0,0.0,0.22,92.14,7.78,0.0,24.6,4.04,1.47,64.46,5.21,0.0,30.32,0.0,100.0,44.64,25.04,0.22,0.0,556.0,39.0,132.0,2.0,406.0,0.0,6.0,209.0,0.0,0.0,8.0,0.0,0.0,3.0,1255.0,106.0,0.0,335.0,55.0,20.0,878.0,71.0,0.0,413.0,0.0,1362.0,608.0,341.0,3.0,0.0,56.06,44.01,2.41,24.67,4.01,1.46,64.53,5.33,0.0,30.15,0.0,100.0,44.38,25.11,0.44,0.0,0.07,5.11,25.69,44.82,17.3,4.6,0.0,768.0,603.0,33.0,338.0,55.0,20.0,884.0,73.0,0.0,413.0,0.0,1370.0,608.0,344.0,6.0,0.0,1.0,70.0,352.0,614.0,237.0,63.0,0.0,41.02,2.85,9.64,0.15,29.64,0.0,0.44,15.26,0.0,0.0,0.58,0.0,0.0,0.51,64.53,5.33,0.0,30.15,0.0,100.0,20.95,18.03,41.39,19.71,562.0,39.0,132.0,2.0,406.0,0.0,6.0,209.0,0.0,0.0,8.0,0.0,0.0,7.0,884.0,73.0,0.0,413.0,0.0,1370.0,287.0,247.0,567.0,270.0
3551405,48.14,51.86,0.8,87.41,12.59,0.0,57.4,4.57,0.0,38.03,0.0,100.0,6.78,25.04,34.97,24.34,3.81,3.24,0.93,1086.0,1170.0,18.0,1972.0,284.0,0.0,1295.0,103.0,0.0,858.0,0.0,2256.0,153.0,565.0,789.0,549.0,86.0,73.0,21.0,1349.0,342.0,27.0,36.0,142.0,1086.0,1170.0,1972.0,284.0,0.0,194.0,195.0,637.0,500.0,352.0,317.0,62.0,2256.0,111.0,249.0,58.95,41.05,1.81,57.07,11.4,45.64,41.8,0.0,0.21,100.0,1.32,10.53,34.19,39.7,7.99,4.48,0.0,86.05,1.39,2502.0,1742.0,77.0,2422.0,484.0,1937.0,1774.0,0.0,9.0,4244.0,56.0,447.0,1451.0,1685.0,339.0,190.0,0.0,3652.0,59.0,23.38,1.97,3.48,0.0,36.2,0.0,1.97,31.65,0.0,0.0,0.71,0.0,0.0,0.08,52.85,47.15,0.0,9.67,32.42,13.77,53.2,9.99,0.11,36.66,0.0,100.0,20.18,23.27,0.58,0.0,854.0,72.0,127.0,0.0,1322.0,0.0,72.0,1156.0,0.0,0.0,26.0,0.0,0.0,3.0,1930.0,1722.0,0.0,353.0,1184.0,503.0,1943.0,365.0,4.0,1339.0,0.0,3652.0,737.0,850.0,21.0,0.0,61.28,38.72,1.94,9.51,32.66,13.55,53.0,10.32,0.11,36.57,0.0,100.0,19.86,23.26,0.86,0.22,1.35,9.81,34.68,39.83,7.68,4.74,0.0,2274.0,1437.0,72.0,353.0,1212.0,503.0,1967.0,383.0,4.0,1357.0,0.0,3711.0,737.0,863.0,32.0,8.0,50.0,364.0,1287.0,1478.0,285.0,176.0,0.0,23.07,1.94,3.58,0.0,36.3,0.0,1.94,31.57,0.0,0.0,0.7,0.0,0.0,0.08,52.89,10.3,0.11,36.7,0.0,100.0,25.49,16.72,46.68,11.11,858.0,72.0,133.0,0.0,1350.0,0.0,72.0,1174.0,0.0,0.0,26.0,0.0,0.0,3.0,1967.0,383.0,4.0,1365.0,0.0,3719.0,948.0,622.0,1736.0,413.0
3551504,49.3,50.7,0.0,90.01,9.99,0.0,46.57,7.82,0.0,45.61,0.0,100.0,9.71,17.04,40.77,23.73,4.92,1.77,2.08,6334.0,6515.0,0.0,11565.0,1284.0,0.0,5984.0,1005.0,0.0,5860.0,0.0,12849.0,1247.0,2189.0,5238.0,3049.0,632.0,227.0,267.0,6081.0,2623.0,123.0,58.0,1245.0,6334.0,6515.0,11565.0,1284.0,0.0,1246.0,1898.0,3009.0,2464.0,1688.0,2393.0,151.0,12849.0,1470.0,1249.0,56.18,43.82,0.57,52.75,8.04,44.71,41.27,0.04,1.4,100.0,1.71,7.25,33.91,42.32,10.37,3.87,0.0,83.37,2.65,11624.0,9068.0,118.0,10916.0,1664.0,9252.0,8540.0,9.0,289.0,20692.0,353.0,1501.0,7017.0,8757.0,2145.0,801.0,0.0,17251.0,549.0,16.13,2.9,7.44,1.39,31.83,0.0,7.07,31.67,0.0,0.0,0.45,0.0,0.0,0.35,52.63,47.37,0.0,6.76,28.36,7.85,44.55,11.43,0.0,44.03,0.0,100.0,21.2,35.57,0.16,0.0,2782.0,500.0,1284.0,239.0,5491.0,0.0,1219.0,5464.0,0.0,0.0,77.0,0.0,0.0,61.0,9080.0,8171.0,0.0,1167.0,4893.0,1354.0,7685.0,1971.0,0.0,7595.0,0.0,17251.0,3657.0,6137.0,28.0,0.0,57.31,42.69,0.61,6.56,28.16,8.09,44.15,11.45,0.04,44.35,0.0,100.0,20.85,35.23,0.63,0.35,1.51,7.06,34.29,42.47,10.42,3.64,0.0,10202.0,7598.0,109.0,1167.0,5013.0,1440.0,7859.0,2038.0,8.0,7895.0,0.0,17800.0,3711.0,6271.0,112.0,62.0,268.0,1256.0,6104.0,7560.0,1855.0,648.0,0.0,15.69,2.81,7.31,1.34,32.13,0.0,7.01,31.53,0.0,0.0,0.68,0.0,0.0,0.39,44.15,11.45,0.04,44.35,0.0,100.0,23.34,21.13,43.62,11.9,2792.0,500.0,1302.0,239.0,5720.0,0.0,1248.0,5612.0,0.0,0.0,121.0,0.0,0.0,69.0,7859.0,2038.0,8.0,7895.0,0.0,17800.0,4155.0,3761.0,7765.0,2118.0
3551603,52.61,47.39,0.84,87.39,12.61,0.0,73.21,2.45,0.45,23.89,0.0,100.0,5.54,17.02,33.82,28.35,8.54,3.55,2.35,3246.0,2924.0,52.0,5392.0,778.0,0.0,4517.0,151.0,28.0,1474.0,0.0,6170.0,342.0,1050.0,2087.0,1749.0,527.0,219.0,145.0,2983.0,1017.0,116.0,9.0,726.0,3246.0,2924.0,5392.0,778.0,0.0,431.0,593.0,1626.0,1219.0,881.0,1263.0,157.0,6170.0,673.0,646.0,55.24,44.77,3.16,90.43,17.74,72.68,7.84,0.0,0.84,100.0,0.96,5.79,24.29,45.27,13.93,6.6,0.0,77.19,3.34,8492.0,6883.0,486.0,13902.0,2728.0,11174.0,1205.0,0.0,129.0,15374.0,148.0,890.0,3735.0,6960.0,2142.0,1015.0,0.0,11867.0,513.0,18.59,1.03,20.97,0.57,45.45,0.37,1.62,9.04,0.0,0.0,0.11,0.1,0.12,0.11,91.23,8.77,0.0,15.37,9.4,3.42,76.54,3.63,0.15,19.57,0.11,100.0,43.01,28.44,0.12,0.0,2206.0,122.0,2488.0,68.0,5394.0,44.0,192.0,1073.0,0.0,0.0,13.0,12.0,14.0,13.0,10826.0,1041.0,0.0,1824.0,1115.0,406.0,9083.0,431.0,18.0,2322.0,13.0,11867.0,5104.0,3375.0,14.0,0.0,54.31,45.69,3.03,15.12,9.5,3.72,76.53,3.57,0.27,19.52,0.11,100.0,42.56,28.3,0.37,0.05,0.92,5.32,23.2,47.58,14.14,5.81,0.0,6723.0,5656.0,375.0,1872.0,1176.0,460.0,9474.0,442.0,34.0,2417.0,13.0,12380.0,5269.0,3504.0,46.0,6.0,114.0,659.0,2872.0,5891.0,1750.0,719.0,0.0,18.4,1.1,20.38,0.55,45.69,0.36,1.62,8.97,0.0,0.0,0.11,0.1,0.11,0.24,76.53,3.57,0.27,19.52,0.11,100.0,18.6,17.37,45.1,18.93,2278.0,136.0,2523.0,68.0,5657.0,44.0,200.0,1110.0,0.0,0.0,13.0,12.0,14.0,30.0,9474.0,442.0,34.0,2417.0,13.0,12380.0,2303.0,2150.0,5583.0,2343.0
3551702,49.62,50.38,1.1,92.62,7.32,0.02,50.72,6.58,0.26,42.44,0.0,100.0,6.56,16.05,32.81,30.35,8.61,3.71,0.8,15899.0,16140.0,354.0,29674.0,2345.0,6.0,16249.0,2108.0,83.0,13598.0,0.0,32039.0,2101.0,5143.0,10513.0,9725.0,2758.0,1188.0,256.0,16211.0,5102.0,480.0,254.0,3735.0,15899.0,16140.0,29674.0,2345.0,6.0,3076.0,3583.0,8513.0,6583.0,4347.0,5488.0,450.0,32039.0,2924.0,3333.0,57.29,42.71,4.03,91.34,8.69,82.65,7.31,0.01,0.48,100.0,1.19,6.55,24.47,39.6,15.32,8.83,0.0,82.98,6.98,35899.0,26765.0,2527.0,57237.0,5444.0,51794.0,4582.0,8.0,301.0,62664.0,748.0,4104.0,15336.0,24815.0,9602.0,5532.0,0.0,51999.0,4377.0,10.94,12.71,22.37,1.0,37.74,0.39,0.78,13.01,0.0,0.0,0.29,0.03,0.0,0.26,93.0,7.0,0.0,7.8,12.65,2.49,47.55,11.24,0.33,40.87,0.02,100.0,36.66,40.08,0.16,0.0,5689.0,6612.0,11632.0,520.0,19628.0,203.0,404.0,6768.0,0.0,0.0,150.0,15.0,0.0,135.0,48365.0,3641.0,0.0,4058.0,6577.0,1295.0,24728.0,5843.0,170.0,21256.0,10.0,52006.0,19067.0,20845.0,81.0,0.0,58.99,41.01,3.71,7.74,12.59,2.52,47.96,11.06,0.36,40.6,0.02,100.0,36.91,39.21,0.41,0.4,1.17,6.6,25.07,39.42,15.39,8.65,0.0,33263.0,23121.0,2090.0,4362.0,7097.0,1419.0,27042.0,6235.0,204.0,22893.0,10.0,56384.0,20809.0,22107.0,233.0,226.0,660.0,3722.0,14133.0,22225.0,8677.0,4876.0,0.0,10.63,12.24,22.41,1.06,38.7,0.36,0.74,12.63,0.0,0.0,0.37,0.03,0.0,0.29,47.97,11.06,0.36,40.6,0.02,100.0,19.25,17.1,42.19,21.46,5997.0,6901.0,12636.0,595.0,21825.0,203.0,418.0,7121.0,0.0,0.0,207.0,15.0,0.0,161.0,27049.0,6235.0,204.0,22893.0,10.0,56390.0,10855.0,9643.0,23792.0,12100.0
3551801,48.07,51.9,0.2,93.1,6.56,0.0,45.99,4.82,0.41,47.69,0.89,100.0,16.84,33.86,34.16,10.63,1.54,0.92,1.88,1407.0,1519.0,6.0,2725.0,192.0,0.0,1346.0,141.0,12.0,1396.0,26.0,2927.0,493.0,991.0,1000.0,311.0,45.0,27.0,55.0,1803.0,501.0,20.0,14.0,138.0,1407.0,1519.0,2725.0,192.0,0.0,125.0,186.0,923.0,810.0,463.0,407.0,13.0,2927.0,161.0,290.0,65.44,34.57,0.69,91.42,16.62,74.8,7.87,0.0,0.27,100.0,4.57,21.11,44.18,22.08,5.16,2.08,0.13,80.92,1.78,3426.0,1810.0,36.0,4786.0,870.0,3916.0,412.0,0.0,14.0,5235.0,239.0,1105.0,2313.0,1156.0,270.0,109.0,7.0,4236.0,93.0,32.65,9.98,15.26,0.42,29.25,0.0,2.85,7.5,0.0,0.0,0.83,0.0,0.0,0.28,91.77,8.23,0.0,11.23,13.49,2.81,40.55,6.91,0.85,51.69,0.0,100.0,31.0,40.39,0.26,0.0,1384.0,423.0,647.0,18.0,1240.0,0.0,121.0,318.0,0.0,0.0,35.0,0.0,0.0,12.0,3890.0,349.0,0.0,476.0,572.0,119.0,1719.0,293.0,36.0,2191.0,0.0,4239.0,1314.0,1712.0,11.0,0.0,64.36,35.64,0.55,11.0,14.14,3.07,40.61,7.07,0.99,51.31,0.0,100.0,30.35,39.82,0.65,0.0,4.3,20.14,45.78,21.44,5.84,1.94,0.0,2786.0,1543.0,24.0,476.0,612.0,133.0,1758.0,306.0,43.0,2221.0,0.0,4329.0,1314.0,1724.0,28.0,0.0,186.0,872.0,1982.0,928.0,253.0,84.0,0.0,31.94,9.76,15.32,0.42,29.22,0.0,2.79,8.01,0.0,0.16,0.81,0.0,0.0,0.28,40.66,7.06,0.99,51.26,0.0,100.0,31.27,20.82,38.59,9.32,1384.0,423.0,664.0,18.0,1266.0,0.0,121.0,347.0,0.0,7.0,35.0,0.0,0.0,12.0,1762.0,306.0,43.0,2221.0,0.0,4333.0,1355.0,902.0,1672.0,404.0
3551900,51.91,48.09,0.31,89.61,10.39,0.0,51.11,3.69,0.0,45.21,0.0,100.0,6.79,19.21,42.29,24.59,3.78,1.38,1.66,1689.0,1565.0,10.0,2916.0,338.0,0.0,1663.0,120.0,0.0,1471.0,0.0,3254.0,221.0,625.0,1376.0,800.0,123.0,45.0,54.0,1751.0,638.0,51.0,14.0,190.0,1689.0,1565.0,2916.0,338.0,0.0,229.0,276.0,943.0,696.0,542.0,528.0,40.0,3254.0,227.0,383.0,60.56,39.45,0.95,70.43,12.12,58.31,24.5,0.07,4.65,100.0,1.38,7.42,33.72,43.28,9.94,3.3,0.0,81.1,1.72,4333.0,2823.0,68.0,5039.0,867.0,4172.0,1753.0,5.0,333.0,7155.0,99.0,531.0,2413.0,3097.0,711.0,236.0,0.0,5803.0,123.0,18.65,3.87,3.78,0.19,28.29,0.1,3.27,38.97,0.0,0.0,1.32,0.0,0.02,0.5,71.12,28.88,0.0,8.85,29.27,13.66,48.5,7.24,0.0,44.26,0.0,100.0,18.13,29.19,0.36,0.0,1085.0,225.0,220.0,11.0,1646.0,6.0,190.0,2267.0,0.0,0.0,77.0,0.0,1.0,29.0,4138.0,1680.0,0.0,515.0,1703.0,795.0,2822.0,421.0,0.0,2575.0,0.0,5818.0,1055.0,1698.0,21.0,0.0,61.28,38.72,0.98,8.68,28.85,13.74,48.41,7.25,0.0,44.35,0.0,100.0,17.89,29.11,0.84,0.25,1.25,6.95,32.18,44.89,10.47,3.31,0.0,3634.0,2296.0,58.0,515.0,1711.0,815.0,2871.0,430.0,0.0,2630.0,0.0,5930.0,1061.0,1726.0,50.0,15.0,74.0,412.0,1908.0,2662.0,621.0,196.0,0.0,18.39,3.78,3.7,0.27,28.68,0.1,3.28,38.5,0.0,0.0,1.3,0.0,0.02,0.87,48.38,7.23,0.0,44.41,0.0,100.0,27.75,16.8,40.79,14.65,1093.0,225.0,220.0,16.0,1705.0,6.0,195.0,2289.0,0.0,0.0,77.0,0.0,1.0,52.0,2876.0,430.0,0.0,2640.0,0.0,5945.0,1650.0,999.0,2425.0,871.0
3552007,47.39,52.61,0.27,87.58,12.42,0.0,65.44,3.05,0.0,31.57,0.0,100.0,17.52,32.18,33.13,12.49,1.22,2.04,1.15,698.0,775.0,4.0,1290.0,183.0,0.0,964.0,45.0,0.0,465.0,0.0,1473.0,258.0,474.0,488.0,184.0,18.0,30.0,17.0,745.0,266.0,17.0,0.0,165.0,698.0,775.0,1290.0,183.0,0.0,148.0,126.0,426.0,275.0,246.0,241.0,11.0,1473.0,117.0,163.0,60.57,39.43,1.27,87.81,23.54,64.27,11.21,0.0,0.54,100.0,4.68,18.03,42.26,25.17,4.39,4.1,0.11,73.49,1.99,1670.0,1087.0,35.0,2421.0,649.0,1772.0,309.0,0.0,15.0,2757.0,129.0,497.0,1165.0,694.0,121.0,113.0,3.0,2026.0,55.0,24.2,21.49,18.43,0.15,28.59,0.0,3.45,1.33,0.0,0.0,0.2,0.0,0.0,0.59,86.2,13.8,0.0,23.85,12.12,2.32,61.9,6.85,0.0,31.3,0.0,100.0,30.85,29.57,0.0,0.0,491.0,436.0,374.0,3.0,580.0,0.0,70.0,27.0,0.0,0.0,4.0,0.0,0.0,12.0,1749.0,280.0,0.0,484.0,246.0,47.0,1256.0,139.0,0.0,635.0,0.0,2029.0,626.0,600.0,0.0,0.0,59.06,40.94,1.54,23.26,12.88,2.4,61.36,7.16,0.0,31.48,0.0,100.0,30.08,29.46,0.19,0.29,3.7,16.96,42.86,25.42,4.76,4.57,0.14,1229.0,852.0,32.0,484.0,268.0,50.0,1277.0,149.0,0.0,655.0,0.0,2081.0,626.0,613.0,4.0,6.0,77.0,353.0,892.0,529.0,99.0,95.0,3.0,23.66,21.07,18.67,0.14,28.6,0.1,3.6,1.68,0.0,0.0,0.19,0.0,0.0,0.58,61.42,7.15,0.0,31.43,0.0,100.0,28.65,14.4,43.67,13.29,493.0,439.0,389.0,3.0,596.0,2.0,75.0,35.0,0.0,0.0,4.0,0.0,0.0,12.0,1280.0,149.0,0.0,655.0,0.0,2084.0,597.0,300.0,910.0,277.0
3552106,49.72,50.28,0.66,94.05,5.82,0.13,77.9,1.81,0.48,19.8,0.0,100.0,5.28,14.56,35.22,32.05,5.88,4.94,1.41,3845.0,3889.0,51.0,7274.0,450.0,10.0,6025.0,140.0,37.0,1531.0,0.0,7734.0,408.0,1126.0,2724.0,2479.0,455.0,382.0,109.0,3975.0,1306.0,126.0,75.0,506.0,3845.0,3889.0,7274.0,450.0,10.0,566.0,551.0,2070.0,1832.0,1121.0,1520.0,73.0,7734.0,619.0,1126.0,56.18,43.82,3.24,93.25,18.05,75.2,4.79,0.0,0.57,100.0,0.61,5.11,26.26,44.46,12.58,7.7,0.04,77.84,2.15,11755.0,9170.0,677.0,19513.0,3777.0,15736.0,1003.0,0.0,120.0,20925.0,128.0,1070.0,5494.0,9303.0,2633.0,1611.0,9.0,16289.0,450.0,21.88,4.54,26.16,0.61,38.02,0.13,2.05,2.26,0.0,0.0,0.58,0.0,0.0,1.89,95.14,4.86,0.0,17.15,8.75,2.24,80.2,3.18,0.04,16.51,0.06,100.0,38.19,33.09,0.2,0.0,3569.0,741.0,4267.0,100.0,6202.0,22.0,334.0,368.0,0.0,0.0,94.0,0.0,0.0,308.0,15520.0,792.0,0.0,2797.0,1427.0,365.0,13083.0,519.0,7.0,2693.0,10.0,16312.0,6230.0,5397.0,32.0,0.0,57.18,42.82,3.44,16.78,8.83,2.79,80.29,3.1,0.04,16.51,0.06,100.0,37.93,32.65,0.5,0.08,0.65,5.23,25.81,45.84,12.32,6.67,0.05,9572.0,7167.0,575.0,2808.0,1478.0,467.0,13440.0,519.0,7.0,2763.0,10.0,16739.0,6349.0,5466.0,84.0,14.0,109.0,875.0,4321.0,7673.0,2062.0,1116.0,9.0,21.79,4.55,25.65,0.6,38.15,0.13,1.99,2.5,0.0,0.0,0.56,0.0,0.0,1.99,80.25,3.1,0.04,16.55,0.06,100.0,24.11,17.68,37.51,20.69,3653.0,762.0,4299.0,100.0,6394.0,22.0,334.0,419.0,0.0,0.0,94.0,0.0,0.0,333.0,13452.0,519.0,7.0,2774.0,10.0,16762.0,4042.0,2964.0,6288.0,3468.0
3552205,50.24,49.76,4.6,96.04,3.72,0.15,67.06,4.75,0.96,27.14,0.04,100.0,4.17,13.97,28.84,27.93,10.58,6.65,3.27,92097.0,91233.0,8438.0,176064.0,6818.0,280.0,122945.0,8709.0,1751.0,49753.0,78.0,183330.0,7636.0,25615.0,52875.0,51200.0,19392.0,12185.0,5990.0,81643.0,32658.0,4617.0,1488.0,27533.0,92097.0,91233.0,176064.0,6818.0,280.0,18742.0,27518.0,43948.0,35342.0,24587.0,30933.0,2261.0,183330.0,17511.0,17881.0,54.81,45.19,7.7,89.1,14.78,74.33,7.12,0.03,0.37,100.0,0.89,5.21,21.39,37.86,15.54,11.39,0.01,78.83,2.61,193885.0,159847.0,27247.0,315188.0,52269.0,262919.0,25197.0,118.0,1304.0,353732.0,3162.0,18439.0,75661.0,133918.0,54980.0,40279.0,45.0,278849.0,9243.0,10.42,1.88,10.31,0.24,44.61,0.4,2.04,24.91,2.62,0.03,0.17,0.11,0.11,0.56,92.03,7.97,0.0,5.28,28.08,11.8,64.59,6.89,0.87,27.52,0.14,100.0,19.79,33.85,0.39,0.01,29072.0,5257.0,28775.0,673.0,124472.0,1110.0,5686.0,69502.0,7304.0,75.0,471.0,317.0,302.0,1570.0,256805.0,22229.0,0.0,14743.0,78342.0,32940.0,180221.0,19225.0,2427.0,76777.0,385.0,279035.0,55229.0,94449.0,1090.0,23.0,56.35,43.65,6.92,5.24,27.84,12.25,64.66,6.93,0.87,27.41,0.13,100.0,19.53,33.38,0.64,0.13,0.85,5.18,21.98,38.76,15.29,10.99,0.02,162432.0,125803.0,19960.0,15110.0,80240.0,35307.0,186379.0,19973.0,2502.0,78995.0,385.0,288234.0,56284.0,96220.0,1844.0,361.0,2460.0,14939.0,63360.0,111711.0,44082.0,31677.0,45.0,10.36,1.85,10.2,0.24,44.39,0.4,2.03,24.92,2.55,0.03,0.23,0.11,0.1,0.63,64.65,6.93,0.87,27.41,0.13,100.0,11.42,12.22,48.36,28.0,29889.0,5350.0,29410.0,694.0,128025.0,1160.0,5857.0,71862.0,7343.0,99.0,653.0,317.0,302.0,1831.0,186475.0,19994.0,2502.0,79065.0,385.0,288420.0,32943.0,35240.0,139467.0,80770.0
3552304,51.28,48.77,0.29,86.23,13.77,0.0,53.09,3.91,0.18,42.82,0.0,100.0,7.29,18.38,41.07,23.1,5.13,1.58,3.15,879.0,836.0,5.0,1478.0,236.0,0.0,910.0,67.0,3.0,734.0,0.0,1714.0,125.0,315.0,704.0,396.0,88.0,27.0,54.0,908.0,289.0,8.0,4.0,225.0,879.0,836.0,1478.0,236.0,0.0,180.0,157.0,455.0,396.0,256.0,260.0,11.0,1714.0,102.0,178.0,59.99,40.01,1.08,80.14,15.4,64.74,18.84,0.0,0.4,100.0,1.61,7.87,35.54,38.49,11.34,4.09,0.0,80.57,2.82,1936.0,1291.0,35.0,2586.0,497.0,2089.0,608.0,0.0,13.0,3227.0,52.0,254.0,1147.0,1242.0,366.0,132.0,0.0,2600.0,91.0,19.04,11.5,5.73,0.81,30.88,0.0,3.92,26.35,0.08,0.0,0.65,0.0,0.0,0.27,79.35,20.65,0.0,16.73,22.15,3.92,49.35,5.73,0.19,44.73,0.0,100.0,26.96,29.62,0.12,0.0,495.0,299.0,149.0,21.0,803.0,0.0,102.0,685.0,2.0,0.0,17.0,0.0,0.0,7.0,2063.0,537.0,0.0,435.0,576.0,102.0,1283.0,149.0,5.0,1163.0,0.0,2600.0,701.0,770.0,3.0,0.0,60.25,39.75,0.85,16.28,21.84,4.93,49.13,5.64,0.19,45.05,0.0,100.0,26.66,28.85,0.52,0.41,1.67,7.93,35.74,38.49,11.23,4.04,0.0,1625.0,1072.0,23.0,439.0,589.0,133.0,1325.0,152.0,5.0,1215.0,0.0,2697.0,719.0,778.0,14.0,11.0,45.0,214.0,964.0,1038.0,303.0,109.0,0.0,18.72,11.2,5.64,0.78,31.96,0.0,3.89,25.99,0.07,0.0,0.74,0.0,0.0,0.26,49.13,5.64,0.19,45.05,0.0,100.0,18.35,17.83,45.31,18.5,505.0,302.0,152.0,21.0,862.0,0.0,105.0,701.0,2.0,0.0,20.0,0.0,0.0,7.0,1325.0,152.0,5.0,1215.0,0.0,2697.0,495.0,481.0,1222.0,499.0
3552403,50.35,49.65,1.81,87.25,12.67,0.05,52.91,5.35,0.36,41.32,0.05,100.0,6.84,16.57,34.53,27.06,6.61,3.96,2.62,35352.0,34854.0,1269.0,61252.0,8898.0,34.0,37147.0,3753.0,256.0,29009.0,32.0,70206.0,4801.0,11633.0,24244.0,19001.0,4638.0,2781.0,1841.0,34519.0,13224.0,1083.0,346.0,6815.0,35352.0,34854.0,61252.0,8898.0,34.0,5681.0,8049.0,18596.0,14957.0,9600.0,12678.0,646.0,70206.0,7251.0,6968.0,57.5,42.5,3.05,65.65,11.01,54.64,28.9,0.01,1.01,100.0,1.26,7.01,27.13,40.94,13.48,7.11,0.02,80.23,3.28,76437.0,56505.0,4053.0,87271.0,14637.0,72634.0,38421.0,16.0,1345.0,132942.0,1674.0,9325.0,36066.0,54421.0,17921.0,9458.0,24.0,106654.0,4359.0,10.82,3.38,8.83,0.51,46.07,0.25,2.24,25.18,0.27,0.0,0.43,0.15,0.07,0.52,65.81,34.19,0.0,5.83,24.62,8.84,50.44,8.64,0.33,40.53,0.06,100.0,19.32,40.6,0.31,0.0,11541.0,3601.0,9421.0,545.0,49152.0,264.0,2386.0,26866.0,289.0,0.0,461.0,160.0,74.0,555.0,70207.0,36474.0,0.0,6223.0,26268.0,9431.0,53807.0,9213.0,355.0,43241.0,65.0,106681.0,20607.0,43308.0,335.0,0.0,58.84,41.16,2.64,5.81,24.84,9.16,50.28,8.74,0.35,40.58,0.06,100.0,19.0,39.94,0.51,0.09,1.15,7.2,27.34,40.95,13.72,7.0,0.0,65356.0,45715.0,2928.0,6458.0,27587.0,10174.0,55842.0,9705.0,389.0,45070.0,65.0,111071.0,21100.0,44357.0,569.0,98.0,1277.0,7996.0,30367.0,45485.0,15243.0,7776.0,0.0,10.66,3.38,8.78,0.5,45.91,0.25,2.31,25.1,0.27,0.0,0.5,0.15,0.07,0.59,50.26,8.74,0.35,40.59,0.06,100.0,15.7,14.35,52.78,17.16,11846.0,3756.0,9757.0,557.0,51003.0,275.0,2568.0,27891.0,301.0,0.0,551.0,171.0,74.0,650.0,55842.0,9705.0,389.0,45098.0,65.0,111099.0,17446.0,15945.0,58641.0,19067.0
3552502,49.74,50.26,1.31,88.3,11.59,0.05,48.31,8.09,1.55,41.93,0.11,100.0,10.72,21.09,32.19,21.28,5.85,3.18,4.39,42996.0,43450.0,1129.0,76334.0,10019.0,45.0,41759.0,6995.0,1344.0,36250.0,98.0,86446.0,9268.0,18230.0,27823.0,18396.0,5055.0,2751.0,3793.0,40997.0,18052.0,1457.0,1033.0,9055.0,42996.0,43450.0,76334.0,10019.0,45.0,7518.0,13755.0,21434.0,17299.0,11191.0,13909.0,1340.0,86446.0,7475.0,8377.0,56.38,43.62,2.57,67.85,12.32,55.53,29.84,0.0,0.83,100.0,2.59,10.79,30.5,35.52,11.35,6.65,0.02,82.5,2.82,76559.0,59240.0,3491.0,92139.0,16730.0,75409.0,40523.0,0.0,1133.0,135799.0,3523.0,14657.0,41416.0,48235.0,15417.0,9035.0,25.0,112039.0,3826.0,13.82,3.34,3.71,0.21,29.71,0.35,5.73,23.88,0.13,17.24,0.21,0.07,0.0,0.49,65.74,34.26,0.0,3.95,29.79,21.38,45.98,11.59,1.85,40.47,0.11,100.0,13.03,27.18,4.13,0.01,15484.0,3744.0,4162.0,239.0,33294.0,395.0,6419.0,26761.0,143.0,19321.0,239.0,75.0,0.0,550.0,73666.0,38396.0,0.0,4423.0,33378.0,23954.0,51521.0,12985.0,2078.0,45353.0,125.0,112062.0,14604.0,30461.0,4624.0,10.0,58.27,41.73,2.5,3.93,29.66,21.57,45.93,11.69,1.89,40.38,0.11,100.0,12.76,26.81,4.59,0.07,2.34,10.58,30.42,36.1,11.43,6.61,0.01,67548.0,48383.0,2894.0,4552.0,34388.0,25001.0,53251.0,13547.0,2196.0,46812.0,125.0,115931.0,14793.0,31079.0,5321.0,79.0,2713.0,12271.0,35272.0,41846.0,13256.0,7666.0,12.0,13.63,3.3,3.65,0.23,29.66,0.34,5.66,23.84,0.12,17.55,0.23,0.06,0.01,0.53,45.92,11.68,1.89,40.39,0.11,100.0,12.92,13.68,53.63,19.77,15802.0,3827.0,4232.0,261.0,34393.0,395.0,6563.0,27639.0,143.0,20349.0,261.0,75.0,13.0,610.0,53251.0,13547.0,2196.0,46836.0,125.0,115955.0,14980.0,15858.0,62188.0,22928.0
3552551,49.62,50.51,0.0,82.32,17.68,0.0,47.58,1.65,0.0,50.76,0.0,100.0,5.98,20.1,35.75,28.24,7.12,2.16,0.64,390.0,397.0,0.0,647.0,139.0,0.0,374.0,13.0,0.0,399.0,0.0,786.0,47.0,158.0,281.0,222.0,56.0,17.0,5.0,399.0,124.0,7.0,0.0,119.0,390.0,397.0,647.0,139.0,0.0,92.0,61.0,223.0,160.0,120.0,127.0,3.0,786.0,41.0,96.0,62.61,37.39,0.4,92.35,10.25,82.04,7.39,0.0,0.0,100.0,1.4,8.98,25.95,45.44,13.51,4.26,0.0,87.09,2.33,941.0,562.0,6.0,1388.0,154.0,1233.0,111.0,0.0,0.0,1503.0,21.0,135.0,390.0,683.0,203.0,64.0,0.0,1309.0,35.0,22.0,13.83,8.1,0.0,23.22,0.0,0.23,31.09,0.0,0.0,0.53,0.0,0.0,0.53,93.43,6.57,0.0,22.92,26.81,3.9,42.7,6.57,0.0,50.73,0.0,100.0,23.38,22.99,0.0,0.0,288.0,181.0,106.0,0.0,304.0,0.0,3.0,407.0,0.0,0.0,7.0,0.0,0.0,7.0,1223.0,86.0,0.0,300.0,351.0,51.0,559.0,86.0,0.0,664.0,0.0,1309.0,306.0,301.0,0.0,0.0,63.62,36.38,0.0,22.32,26.26,3.94,43.6,6.62,0.0,49.78,0.0,100.0,23.66,22.77,0.22,0.82,0.97,8.48,25.97,46.35,13.69,4.54,0.0,855.0,489.0,0.0,300.0,353.0,53.0,586.0,89.0,0.0,669.0,0.0,1344.0,318.0,306.0,3.0,11.0,13.0,114.0,349.0,623.0,184.0,61.0,0.0,21.43,13.62,7.89,0.0,24.26,0.0,0.22,30.73,0.0,0.0,0.89,0.0,0.0,0.52,43.6,6.62,0.0,49.78,0.0,100.0,18.9,13.24,42.93,24.93,288.0,183.0,106.0,0.0,326.0,0.0,3.0,413.0,0.0,0.0,12.0,0.0,0.0,7.0,586.0,89.0,0.0,669.0,0.0,1344.0,254.0,178.0,577.0,335.0
3552601,50.12,49.88,0.73,86.05,13.95,0.0,60.52,2.82,0.0,36.09,0.52,100.0,5.89,21.9,37.62,26.01,4.76,2.7,0.36,1243.0,1237.0,18.0,2134.0,346.0,0.0,1501.0,70.0,0.0,895.0,13.0,2480.0,146.0,543.0,933.0,645.0,118.0,67.0,9.0,1340.0,457.0,35.0,25.0,186.0,1243.0,1237.0,2134.0,346.0,0.0,144.0,276.0,726.0,456.0,416.0,422.0,41.0,2480.0,198.0,239.0,57.19,42.81,2.57,73.01,13.03,59.99,23.85,0.0,2.88,100.0,0.83,6.58,29.11,43.73,10.87,6.32,0.0,75.67,8.16,3293.0,2465.0,148.0,4204.0,750.0,3454.0,1373.0,0.0,166.0,5758.0,48.0,379.0,1676.0,2518.0,626.0,364.0,0.0,4357.0,470.0,22.93,4.68,9.89,0.34,35.71,0.0,4.54,20.15,0.0,0.0,0.83,0.0,0.0,0.16,72.34,27.66,0.0,21.16,17.81,5.94,69.29,4.34,0.34,25.71,0.3,100.0,28.55,25.8,0.41,0.0,999.0,204.0,431.0,15.0,1556.0,0.0,198.0,878.0,0.0,0.0,36.0,0.0,0.0,7.0,3152.0,1205.0,0.0,922.0,776.0,259.0,3019.0,189.0,15.0,1120.0,13.0,4357.0,1244.0,1124.0,18.0,0.0,57.2,42.8,2.82,19.64,17.8,5.93,68.63,4.1,0.31,26.68,0.27,100.0,26.87,28.24,0.6,0.52,0.46,5.72,30.0,44.0,10.57,6.44,0.0,2761.0,2066.0,136.0,948.0,859.0,286.0,3313.0,198.0,15.0,1288.0,13.0,4827.0,1297.0,1363.0,29.0,25.0,22.0,276.0,1448.0,2124.0,510.0,311.0,0.0,21.98,4.41,9.61,0.52,36.94,0.1,4.64,19.08,0.0,0.0,1.08,0.0,0.0,0.83,68.63,4.1,0.31,26.68,0.27,100.0,22.71,17.09,42.61,17.61,1061.0,213.0,464.0,25.0,1783.0,5.0,224.0,921.0,0.0,0.0,52.0,0.0,0.0,40.0,3313.0,198.0,15.0,1288.0,13.0,4827.0,1096.0,825.0,2057.0,850.0
3552700,50.84,49.16,0.5,91.38,8.62,0.0,61.32,2.85,0.34,35.45,0.0,100.0,8.0,20.94,41.32,22.3,3.01,2.82,1.12,1639.0,1585.0,16.0,2946.0,278.0,0.0,1977.0,92.0,11.0,1143.0,0.0,3224.0,258.0,675.0,1332.0,719.0,97.0,91.0,36.0,1628.0,471.0,51.0,23.0,279.0,1639.0,1585.0,2946.0,278.0,0.0,200.0,226.0,944.0,725.0,464.0,665.0,0.0,3224.0,391.0,381.0,55.72,44.28,1.82,81.86,15.12,66.74,16.56,0.0,0.86,100.0,1.06,7.5,32.4,43.35,8.76,5.1,0.0,81.38,1.91,4193.0,3332.0,137.0,6160.0,1138.0,5022.0,1246.0,0.0,65.0,7525.0,80.0,564.0,2438.0,3262.0,659.0,384.0,0.0,6124.0,144.0,24.28,1.8,7.85,0.65,36.05,0.2,1.76,25.67,0.0,0.0,0.73,0.0,0.1,0.31,80.54,19.46,0.0,15.4,18.96,6.71,61.46,4.52,0.6,33.41,0.0,100.0,33.3,24.89,0.36,0.0,1487.0,110.0,481.0,40.0,2208.0,12.0,108.0,1572.0,0.0,0.0,45.0,0.0,6.0,19.0,4932.0,1192.0,0.0,943.0,1161.0,411.0,3764.0,277.0,37.0,2046.0,0.0,6124.0,2039.0,1524.0,22.0,0.0,59.11,40.89,1.47,15.04,18.91,6.86,61.76,4.42,0.59,33.23,0.0,100.0,33.17,24.82,0.64,0.08,0.86,7.8,32.2,44.51,8.42,4.74,0.0,3705.0,2563.0,92.0,943.0,1185.0,430.0,3871.0,277.0,37.0,2083.0,0.0,6268.0,2079.0,1556.0,40.0,5.0,54.0,489.0,2018.0,2790.0,528.0,297.0,0.0,23.92,1.91,7.87,0.64,36.34,0.19,1.8,25.4,0.0,0.0,0.91,0.0,0.1,0.3,61.76,4.42,0.59,33.23,0.0,100.0,29.13,17.31,39.68,13.86,1499.0,120.0,493.0,40.0,2278.0,12.0,113.0,1592.0,0.0,0.0,57.0,0.0,6.0,19.0,3871.0,277.0,37.0,2083.0,0.0,6268.0,1826.0,1085.0,2487.0,869.0
3552809,49.08,50.92,2.32,84.63,15.26,0.09,45.91,11.89,0.7,41.35,0.15,100.0,6.68,15.89,31.05,26.44,9.25,5.64,2.74,37457.0,38869.0,1773.0,64597.0,11646.0,72.0,35044.0,9076.0,535.0,31558.0,114.0,76326.0,5096.0,12126.0,23701.0,20181.0,7057.0,4303.0,2090.0,34576.0,15142.0,1944.0,767.0,10538.0,37457.0,38869.0,64597.0,11646.0,72.0,8353.0,12753.0,17891.0,14357.0,9851.0,12142.0,979.0,76326.0,6761.0,6598.0,52.54,47.46,4.36,52.56,10.58,41.98,42.37,0.02,1.47,100.0,1.34,6.88,24.72,38.39,15.31,8.96,0.04,81.04,3.28,72113.0,65152.0,5979.0,72140.0,14519.0,57622.0,58165.0,25.0,2017.0,137265.0,1845.0,9447.0,33931.0,52693.0,21014.0,12297.0,60.0,111235.0,4506.0,11.45,0.95,6.49,0.38,29.13,0.5,0.5,46.41,0.16,1.58,0.12,0.02,0.02,0.26,50.28,49.72,0.0,3.44,33.35,25.85,41.72,14.93,1.04,42.18,0.14,100.0,10.81,23.74,2.19,0.01,12743.0,1062.0,7215.0,419.0,32409.0,557.0,553.0,51634.0,180.0,1755.0,133.0,19.0,20.0,288.0,55933.0,55317.0,0.0,3827.0,37106.0,28760.0,46414.0,16605.0,1153.0,46926.0,151.0,111250.0,12023.0,26414.0,2434.0,11.0,53.26,46.74,4.37,3.38,33.15,25.92,41.68,15.03,1.02,42.13,0.13,100.0,10.72,23.54,2.24,0.08,1.23,6.59,24.33,39.23,15.22,9.03,0.0,61678.0,54133.0,5059.0,3918.0,38396.0,30023.0,48274.0,17412.0,1185.0,48788.0,151.0,115811.0,12413.0,27258.0,2590.0,92.0,1429.0,7633.0,28176.0,45431.0,17631.0,10452.0,0.0,11.29,0.94,6.45,0.4,29.04,0.51,0.49,46.17,0.16,1.59,0.11,0.02,0.02,0.33,41.68,15.03,1.02,42.13,0.13,100.0,14.28,14.61,46.33,24.77,13075.0,1091.0,7471.0,466.0,33633.0,595.0,568.0,53482.0,180.0,1839.0,133.0,19.0,20.0,382.0,48280.0,17412.0,1185.0,48798.0,151.0,115827.0,16544.0,16926.0,53665.0,28691.0
3552908,45.71,54.29,0.6,80.9,19.1,0.0,60.54,2.94,0.0,36.4,0.18,100.0,9.79,21.74,35.08,28.41,3.18,1.02,0.18,761.0,904.0,10.0,1347.0,318.0,0.0,1008.0,49.0,0.0,606.0,3.0,1665.0,163.0,362.0,584.0,473.0,53.0,17.0,3.0,794.0,196.0,27.0,0.0,245.0,761.0,904.0,1347.0,318.0,0.0,186.0,128.0,428.0,351.0,234.0,331.0,9.0,1665.0,196.0,207.0,57.33,42.67,2.56,71.2,10.87,60.33,26.24,0.0,2.52,100.0,2.01,11.55,31.29,39.98,9.1,3.51,0.0,83.16,3.41,1682.0,1252.0,75.0,2089.0,319.0,1770.0,770.0,0.0,74.0,2934.0,59.0,339.0,918.0,1173.0,267.0,103.0,0.0,2440.0,100.0,30.94,0.98,8.57,0.41,40.49,0.0,4.18,13.03,0.0,0.0,0.86,0.12,0.12,0.25,71.84,28.2,0.0,23.48,23.03,4.3,47.58,7.25,0.2,44.84,0.12,100.0,29.02,19.96,0.12,0.0,755.0,24.0,209.0,10.0,988.0,0.0,102.0,318.0,0.0,0.0,21.0,3.0,3.0,6.0,1753.0,688.0,0.0,573.0,562.0,105.0,1161.0,177.0,5.0,1094.0,3.0,2440.0,708.0,487.0,3.0,0.0,56.18,43.82,2.28,22.56,23.82,4.8,47.44,7.28,0.2,44.96,0.12,100.0,27.91,19.61,0.55,0.67,2.32,11.46,31.3,41.89,7.48,3.35,0.0,1427.0,1113.0,58.0,573.0,605.0,122.0,1205.0,185.0,5.0,1142.0,3.0,2540.0,709.0,498.0,14.0,17.0,59.0,291.0,795.0,1064.0,190.0,85.0,0.0,29.8,0.94,8.46,0.39,41.02,0.0,4.02,13.62,0.0,0.0,1.18,0.12,0.12,0.24,47.44,7.28,0.2,44.96,0.12,100.0,23.15,13.86,47.56,15.43,757.0,24.0,215.0,10.0,1042.0,0.0,102.0,346.0,0.0,0.0,30.0,3.0,3.0,6.0,1205.0,185.0,5.0,1142.0,3.0,2540.0,588.0,352.0,1208.0,392.0
3553005,48.87,51.13,1.04,90.11,9.89,0.0,79.84,2.08,1.1,17.01,0.0,100.0,4.98,20.38,45.27,23.38,2.65,1.42,0.88,1551.0,1623.0,33.0,2860.0,314.0,0.0,2534.0,66.0,35.0,540.0,0.0,3174.0,158.0,647.0,1437.0,742.0,84.0,45.0,28.0,1478.0,464.0,12.0,6.0,255.0,1551.0,1623.0,2860.0,314.0,0.0,167.0,209.0,824.0,701.0,429.0,808.0,35.0,3174.0,578.0,382.0,55.55,44.45,1.53,94.04,9.5,84.54,4.75,0.0,0.92,100.0,0.79,7.83,37.47,44.65,5.03,2.7,0.0,87.8,1.49,3730.0,2985.0,103.0,6315.0,638.0,5677.0,319.0,0.0,62.0,6715.0,53.0,526.0,2516.0,2998.0,338.0,181.0,0.0,5896.0,100.0,53.89,7.76,3.57,0.0,29.86,0.0,1.44,1.61,0.0,0.0,0.32,0.0,0.0,0.51,95.51,4.49,0.0,27.43,4.03,0.88,74.78,2.02,0.22,22.91,0.08,100.0,46.25,20.78,0.1,0.0,3182.0,458.0,211.0,0.0,1763.0,0.0,85.0,95.0,0.0,0.0,19.0,0.0,0.0,30.0,5640.0,265.0,0.0,1620.0,238.0,52.0,4416.0,119.0,13.0,1353.0,5.0,5905.0,2731.0,1227.0,6.0,0.0,55.05,44.95,1.35,27.18,4.15,1.22,74.95,1.98,0.22,22.78,0.08,100.0,45.66,20.91,0.18,0.15,0.83,7.82,37.93,45.45,4.59,2.03,0.0,3301.0,2695.0,81.0,1630.0,249.0,73.0,4494.0,119.0,13.0,1366.0,5.0,5996.0,2738.0,1254.0,11.0,9.0,50.0,469.0,2274.0,2725.0,275.0,122.0,0.0,53.21,7.86,3.51,0.0,30.02,0.0,1.42,2.03,0.0,0.0,0.38,0.0,0.0,0.5,74.92,1.98,0.22,22.81,0.08,100.0,25.6,25.18,39.12,10.09,3195.0,472.0,211.0,0.0,1803.0,0.0,85.0,122.0,0.0,0.0,23.0,0.0,0.0,30.0,4499.0,119.0,13.0,1370.0,5.0,6005.0,1537.0,1512.0,2349.0,606.0
3553104,51.73,48.27,0.8,87.73,12.27,0.0,55.64,3.11,0.36,40.53,0.27,100.0,13.51,27.02,36.62,19.38,1.16,1.16,0.27,582.0,543.0,9.0,987.0,138.0,0.0,626.0,35.0,4.0,456.0,3.0,1125.0,152.0,304.0,412.0,218.0,13.0,13.0,3.0,587.0,209.0,0.0,13.0,58.0,582.0,543.0,987.0,138.0,0.0,54.0,38.0,351.0,220.0,212.0,247.0,3.0,1125.0,145.0,113.0,61.07,38.97,0.75,63.25,11.62,51.63,26.28,0.0,10.48,100.0,1.86,10.44,33.46,40.15,10.51,2.72,0.11,69.4,8.51,1708.0,1090.0,21.0,1769.0,325.0,1444.0,735.0,0.0,293.0,2797.0,52.0,292.0,936.0,1123.0,294.0,76.0,3.0,1941.0,238.0,29.93,1.49,7.93,0.31,29.98,0.0,6.75,18.96,0.0,0.0,1.03,0.46,2.47,0.26,67.13,32.92,0.0,17.67,23.29,3.09,65.48,5.1,0.21,29.21,0.0,100.0,27.77,27.72,0.1,0.0,581.0,29.0,154.0,6.0,582.0,0.0,131.0,368.0,0.0,0.0,20.0,9.0,48.0,5.0,1303.0,639.0,0.0,343.0,452.0,60.0,1271.0,99.0,4.0,567.0,0.0,1941.0,539.0,538.0,2.0,0.0,59.98,40.06,0.96,18.77,22.4,3.58,67.23,4.73,0.32,27.72,0.0,100.0,27.4,25.7,0.92,0.69,2.02,9.78,32.08,42.45,9.22,3.49,0.0,1307.0,873.0,21.0,409.0,488.0,78.0,1465.0,103.0,7.0,604.0,0.0,2179.0,597.0,560.0,20.0,15.0,44.0,213.0,699.0,925.0,201.0,76.0,0.0,29.37,1.74,7.8,0.28,29.69,0.0,6.42,19.37,0.0,0.0,1.93,0.41,2.2,0.23,67.23,4.73,0.32,27.72,0.0,100.0,26.8,15.14,39.01,19.09,640.0,38.0,170.0,6.0,647.0,0.0,140.0,422.0,0.0,0.0,42.0,9.0,48.0,5.0,1465.0,103.0,7.0,604.0,0.0,2179.0,584.0,330.0,850.0,416.0
3553203,46.55,53.45,1.01,80.14,19.78,0.0,68.66,5.59,0.62,25.06,0.0,100.0,6.36,21.96,34.37,27.62,5.74,2.09,0.93,600.0,689.0,13.0,1033.0,255.0,0.0,885.0,72.0,8.0,323.0,0.0,1289.0,82.0,283.0,443.0,356.0,74.0,27.0,12.0,606.0,245.0,6.0,8.0,149.0,600.0,689.0,1033.0,255.0,0.0,111.0,176.0,305.0,237.0,185.0,258.0,15.0,1289.0,170.0,105.0,57.49,42.51,2.26,73.42,8.39,65.03,20.96,0.26,5.36,100.0,1.18,7.91,27.39,42.62,12.42,6.21,0.0,82.03,4.18,1555.0,1150.0,61.0,1986.0,227.0,1759.0,567.0,7.0,145.0,2705.0,32.0,214.0,741.0,1153.0,336.0,168.0,0.0,2219.0,113.0,27.08,2.25,9.15,0.41,40.29,0.0,4.78,13.52,0.0,0.0,1.31,0.32,0.0,0.59,77.29,22.76,0.0,21.99,10.82,3.74,70.8,4.15,0.72,24.2,0.14,100.0,32.76,29.88,0.5,0.14,601.0,50.0,203.0,9.0,894.0,0.0,106.0,300.0,0.0,0.0,29.0,7.0,0.0,13.0,1715.0,505.0,0.0,488.0,240.0,83.0,1571.0,92.0,16.0,537.0,3.0,2219.0,727.0,663.0,11.0,3.0,56.54,43.46,2.01,21.09,11.49,5.57,70.21,4.33,0.69,24.6,0.13,100.0,31.16,28.68,1.2,0.69,1.11,7.59,27.6,44.06,11.83,5.74,0.0,1319.0,1014.0,47.0,492.0,268.0,130.0,1638.0,101.0,16.0,574.0,3.0,2333.0,727.0,669.0,28.0,16.0,26.0,177.0,644.0,1028.0,276.0,134.0,0.0,25.76,2.14,8.83,0.39,39.73,0.0,4.89,14.83,0.0,0.0,1.8,0.47,0.0,0.86,70.21,4.33,0.69,24.6,0.13,100.0,23.36,15.17,42.09,19.33,601.0,50.0,206.0,9.0,927.0,0.0,114.0,346.0,0.0,0.0,42.0,11.0,0.0,20.0,1638.0,101.0,16.0,574.0,3.0,2333.0,545.0,354.0,982.0,451.0
3553302,48.6,51.4,1.47,87.26,12.74,0.0,60.67,3.48,0.0,35.84,0.0,100.0,5.52,22.94,38.39,22.75,5.29,2.01,1.58,2343.0,2478.0,71.0,4207.0,614.0,0.0,2925.0,168.0,0.0,1728.0,0.0,4821.0,266.0,1106.0,1851.0,1097.0,255.0,97.0,76.0,2288.0,738.0,132.0,5.0,510.0,2343.0,2478.0,4207.0,614.0,0.0,513.0,365.0,1297.0,1122.0,557.0,948.0,19.0,4821.0,693.0,455.0,56.79,43.21,2.81,91.82,12.29,79.54,6.46,0.0,1.39,100.0,1.04,6.89,27.7,42.75,11.34,7.45,0.0,82.27,3.73,6384.0,4857.0,316.0,10322.0,1381.0,8941.0,726.0,0.0,156.0,11241.0,117.0,775.0,3114.0,4806.0,1275.0,838.0,0.0,9248.0,419.0,27.5,8.75,16.0,0.37,38.35,0.11,2.88,4.16,0.0,0.0,0.33,0.0,0.0,0.9,94.61,5.39,0.0,18.67,8.98,1.51,57.5,5.63,0.15,36.48,0.24,100.0,41.93,28.54,0.23,0.0,2545.0,810.0,1481.0,34.0,3549.0,10.0,267.0,385.0,0.0,0.0,31.0,0.0,0.0,83.0,8756.0,499.0,0.0,1728.0,831.0,140.0,5322.0,521.0,14.0,3376.0,22.0,9255.0,3881.0,2641.0,21.0,0.0,57.47,42.52,2.24,18.3,9.58,2.08,57.3,5.54,0.3,36.63,0.23,100.0,40.96,27.49,1.02,0.42,1.14,6.19,28.96,43.53,10.37,7.58,0.0,5556.0,4110.0,217.0,1769.0,926.0,201.0,5539.0,536.0,29.0,3541.0,22.0,9667.0,3960.0,2657.0,99.0,41.0,110.0,598.0,2800.0,4208.0,1002.0,733.0,0.0,26.76,8.37,15.58,0.35,38.62,0.1,3.35,4.46,0.0,0.0,0.69,0.0,0.0,1.11,57.26,5.61,0.3,36.6,0.23,100.0,25.42,19.29,36.13,19.15,2589.0,810.0,1507.0,34.0,3736.0,10.0,324.0,431.0,0.0,0.0,67.0,0.0,0.0,107.0,5539.0,543.0,29.0,3541.0,22.0,9674.0,2459.0,1866.0,3495.0,1853.0
3553401,49.67,50.33,0.4,85.9,14.1,0.0,62.03,3.97,1.59,32.41,0.0,100.0,11.09,19.77,26.2,25.84,11.47,3.33,1.92,3226.0,3269.0,26.0,5579.0,916.0,0.0,4029.0,258.0,103.0,2105.0,0.0,6495.0,720.0,1284.0,1702.0,1678.0,745.0,216.0,125.0,2960.0,1317.0,127.0,75.0,893.0,3226.0,3269.0,5579.0,916.0,0.0,562.0,1443.0,1496.0,1137.0,789.0,879.0,189.0,6495.0,559.0,564.0,59.33,40.67,2.57,84.93,13.95,70.98,11.21,0.0,2.22,100.0,2.53,7.61,26.46,41.59,13.82,5.42,0.0,80.03,2.15,6998.0,4797.0,303.0,10017.0,1645.0,8372.0,1322.0,0.0,262.0,11795.0,299.0,898.0,3121.0,4905.0,1630.0,639.0,0.0,9439.0,254.0,14.76,7.25,14.28,1.11,40.63,0.0,1.37,17.17,0.0,0.0,0.59,0.36,0.0,0.74,87.4,12.61,0.0,12.15,15.67,2.97,67.69,4.7,0.1,27.51,0.0,100.0,30.56,37.68,0.36,0.0,1393.0,684.0,1348.0,105.0,3835.0,0.0,129.0,1621.0,0.0,0.0,56.0,34.0,0.0,70.0,8250.0,1190.0,0.0,1147.0,1479.0,280.0,6389.0,444.0,9.0,2597.0,0.0,9439.0,2885.0,3557.0,34.0,0.0,58.96,41.04,2.55,11.99,16.09,3.14,67.53,4.61,0.24,27.63,0.0,100.0,30.27,37.04,0.4,0.46,2.5,7.76,25.38,42.15,14.13,5.55,0.0,5716.0,3978.0,247.0,1162.0,1560.0,304.0,6546.0,447.0,23.0,2678.0,0.0,9694.0,2934.0,3591.0,39.0,45.0,242.0,752.0,2460.0,4086.0,1370.0,538.0,0.0,14.8,7.06,13.91,1.08,41.29,0.0,1.33,16.93,0.0,0.0,0.58,0.35,0.0,0.86,67.53,4.61,0.24,27.63,0.0,100.0,25.48,18.12,39.21,17.19,1435.0,684.0,1348.0,105.0,4003.0,0.0,129.0,1641.0,0.0,0.0,56.0,34.0,0.0,83.0,6546.0,447.0,23.0,2678.0,0.0,9694.0,2470.0,1757.0,3801.0,1666.0
3553500,49.53,50.53,0.44,92.54,7.46,0.0,53.29,3.87,0.72,39.25,2.87,100.0,14.81,28.36,35.32,16.47,2.49,0.5,1.71,896.0,914.0,8.0,1674.0,135.0,0.0,964.0,70.0,13.0,710.0,52.0,1809.0,268.0,513.0,639.0,298.0,45.0,9.0,31.0,1036.0,261.0,25.0,0.0,74.0,896.0,914.0,1674.0,135.0,0.0,55.0,70.0,563.0,492.0,302.0,328.0,0.0,1809.0,209.0,205.0,60.2,39.8,1.46,90.34,18.0,72.31,9.17,0.0,0.43,100.0,2.86,16.54,36.03,33.2,7.11,2.8,0.0,65.11,16.4,2107.0,1393.0,51.0,3162.0,630.0,2531.0,321.0,0.0,15.0,3500.0,100.0,579.0,1261.0,1162.0,249.0,98.0,0.0,2279.0,574.0,33.79,1.93,9.35,0.61,41.03,0.04,3.29,7.68,0.0,0.0,0.92,0.0,0.0,0.88,90.65,9.35,0.0,16.81,14.61,7.63,55.59,5.75,1.45,36.86,0.35,100.0,32.47,27.69,0.61,0.0,770.0,44.0,213.0,14.0,935.0,1.0,75.0,175.0,0.0,0.0,21.0,0.0,0.0,20.0,2066.0,213.0,0.0,383.0,333.0,174.0,1267.0,131.0,33.0,840.0,8.0,2279.0,740.0,631.0,14.0,0.0,60.5,39.5,1.12,14.72,16.02,7.08,54.5,5.85,1.37,37.61,0.67,100.0,29.41,29.65,1.47,0.18,2.66,17.32,35.86,33.23,7.05,2.73,0.0,1726.0,1127.0,32.0,420.0,457.0,202.0,1555.0,167.0,39.0,1073.0,19.0,2853.0,839.0,846.0,42.0,5.0,76.0,494.0,1023.0,948.0,201.0,78.0,0.0,31.27,1.54,10.3,0.49,39.89,0.04,3.47,9.18,0.0,0.0,0.98,0.11,0.0,0.7,54.5,5.85,1.37,37.61,0.67,100.0,29.72,16.93,42.69,10.66,892.0,44.0,294.0,14.0,1138.0,1.0,99.0,262.0,0.0,0.0,28.0,3.0,0.0,20.0,1555.0,167.0,39.0,1073.0,19.0,2853.0,848.0,483.0,1218.0,304.0
3553609,47.64,52.36,0.23,84.12,15.88,0.0,58.6,4.25,0.0,37.1,0.0,100.0,6.71,20.83,44.21,22.55,3.51,1.09,0.82,1221.0,1342.0,6.0,2156.0,407.0,0.0,1502.0,109.0,0.0,951.0,0.0,2563.0,172.0,534.0,1133.0,578.0,90.0,28.0,21.0,1317.0,432.0,22.0,29.0,298.0,1221.0,1342.0,2156.0,407.0,0.0,246.0,237.0,647.0,560.0,397.0,449.0,28.0,2563.0,194.0,271.0,58.05,41.95,0.69,75.94,14.59,61.36,22.07,0.0,1.77,100.0,1.43,6.63,33.6,41.63,10.14,5.9,0.0,80.48,2.93,3206.0,2317.0,38.0,4194.0,806.0,3389.0,1219.0,0.0,98.0,5523.0,79.0,366.0,1856.0,2299.0,560.0,326.0,0.0,4445.0,162.0,24.59,1.73,5.74,0.34,39.78,0.11,4.72,21.01,0.0,0.0,0.65,0.0,0.09,0.67,75.86,24.16,0.0,15.3,16.74,4.05,56.18,6.16,0.09,37.57,0.0,100.0,27.15,36.22,0.11,0.0,1093.0,77.0,255.0,15.0,1768.0,5.0,210.0,934.0,0.0,0.0,29.0,0.0,4.0,30.0,3372.0,1074.0,0.0,680.0,744.0,180.0,2497.0,274.0,4.0,1670.0,0.0,4445.0,1207.0,1610.0,5.0,0.0,59.39,40.63,0.69,14.76,16.65,4.95,56.37,5.99,0.09,37.55,0.0,100.0,26.57,35.45,0.82,0.37,1.41,6.86,34.56,41.2,9.57,5.71,0.0,2736.0,1872.0,32.0,680.0,767.0,228.0,2597.0,276.0,4.0,1730.0,0.0,4607.0,1224.0,1633.0,38.0,17.0,65.0,316.0,1592.0,1898.0,441.0,263.0,0.0,23.72,1.67,5.67,0.33,40.66,0.11,4.56,20.71,0.0,0.0,0.85,0.0,0.09,1.06,56.37,5.99,0.09,37.55,0.0,100.0,23.05,16.93,42.35,17.67,1093.0,77.0,261.0,15.0,1873.0,5.0,210.0,954.0,0.0,0.0,39.0,0.0,4.0,49.0,2597.0,276.0,4.0,1730.0,0.0,4607.0,1062.0,780.0,1951.0,814.0
3553658,46.91,52.95,2.3,73.24,26.76,0.0,71.22,4.6,0.0,24.17,0.0,100.0,4.46,19.42,44.89,16.55,7.77,3.6,1.01,326.0,368.0,16.0,509.0,186.0,0.0,495.0,32.0,0.0,168.0,0.0,695.0,31.0,135.0,312.0,115.0,54.0,25.0,7.0,290.0,128.0,14.0,0.0,130.0,326.0,368.0,509.0,186.0,0.0,93.0,80.0,142.0,136.0,113.0,128.0,2.0,695.0,94.0,39.0,58.01,41.99,3.54,75.35,16.33,59.01,19.95,0.0,4.7,100.0,0.92,6.55,39.75,33.2,11.86,4.16,0.0,72.42,6.63,753.0,545.0,46.0,978.0,212.0,766.0,259.0,0.0,61.0,1298.0,12.0,85.0,516.0,431.0,154.0,54.0,0.0,940.0,86.0,27.66,11.38,6.28,0.0,25.11,0.0,6.91,20.64,0.0,0.0,1.91,0.0,0.0,0.0,75.21,24.68,0.0,18.83,14.89,1.81,65.96,5.96,0.0,27.98,0.0,100.0,37.02,27.45,0.0,0.0,260.0,107.0,59.0,0.0,236.0,0.0,65.0,194.0,0.0,0.0,18.0,0.0,0.0,0.0,707.0,232.0,0.0,177.0,140.0,17.0,620.0,56.0,0.0,263.0,0.0,940.0,348.0,258.0,0.0,0.0,56.98,43.02,3.22,17.46,14.34,2.73,63.02,6.73,0.0,30.24,0.0,100.0,35.32,28.29,1.37,0.49,0.59,5.76,42.83,35.22,10.15,2.44,0.0,584.0,441.0,33.0,179.0,147.0,28.0,646.0,69.0,0.0,310.0,0.0,1025.0,362.0,290.0,14.0,5.0,6.0,59.0,439.0,361.0,104.0,25.0,0.0,26.63,10.44,5.76,0.0,24.59,0.0,8.29,22.24,0.0,0.0,2.05,0.0,0.0,0.0,63.02,6.73,0.0,30.24,0.0,100.0,23.41,16.39,41.76,18.44,273.0,107.0,59.0,0.0,252.0,0.0,85.0,228.0,0.0,0.0,21.0,0.0,0.0,0.0,646.0,69.0,0.0,310.0,0.0,1025.0,240.0,168.0,428.0,189.0
3553708,49.81,50.19,1.32,93.31,6.69,0.0,62.26,3.3,0.36,34.08,0.0,100.0,10.47,20.76,30.37,25.0,6.0,4.09,1.99,5888.0,5932.0,156.0,11029.0,791.0,0.0,7359.0,390.0,43.0,4028.0,0.0,11820.0,1237.0,2454.0,3590.0,2955.0,709.0,484.0,235.0,5740.0,2191.0,227.0,83.0,1360.0,5888.0,5932.0,11029.0,791.0,0.0,951.0,1323.0,3076.0,2648.0,1828.0,1861.0,135.0,11820.0,1114.0,1105.0,56.71,43.29,2.93,90.2,14.92,75.29,8.09,0.0,0.63,100.0,1.9,8.04,27.95,39.61,12.0,7.57,0.0,81.79,1.55,13848.0,10570.0,716.0,22026.0,3642.0,18384.0,1975.0,0.0,153.0,24418.0,465.0,1963.0,6825.0,9671.0,2930.0,1849.0,0.0,19972.0,378.0,15.65,3.37,17.77,2.16,44.07,0.32,3.95,9.75,0.0,0.0,0.76,0.05,0.0,0.39,90.92,9.08,0.0,13.69,15.4,4.24,58.9,7.98,0.36,32.51,0.25,100.0,36.89,29.1,0.09,0.1,3126.0,674.0,3549.0,431.0,8802.0,64.0,789.0,1948.0,0.0,0.0,152.0,10.0,0.0,77.0,18159.0,1813.0,0.0,2734.0,3076.0,847.0,11764.0,1594.0,72.0,6493.0,50.0,19972.0,7368.0,5811.0,18.0,20.0,57.35,42.65,2.78,13.58,15.58,4.47,58.85,7.89,0.4,32.62,0.25,100.0,36.28,28.82,0.28,0.45,1.56,8.17,28.22,39.25,11.97,8.06,0.0,11675.0,8684.0,566.0,2765.0,3172.0,911.0,11981.0,1606.0,82.0,6642.0,50.0,20359.0,7387.0,5868.0,57.0,92.0,318.0,1663.0,5745.0,7991.0,2437.0,1640.0,0.0,15.52,3.31,17.48,2.17,44.03,0.31,3.97,9.93,0.0,0.0,0.84,0.05,0.0,0.55,58.85,7.89,0.4,32.62,0.25,100.0,20.84,16.41,42.75,20.0,3159.0,674.0,3559.0,442.0,8965.0,64.0,809.0,2021.0,0.0,0.0,171.0,10.0,0.0,112.0,11981.0,1606.0,82.0,6642.0,50.0,20359.0,4243.0,3341.0,8704.0,4072.0
3553807,50.85,49.15,1.28,94.27,5.73,0.0,68.33,1.51,0.48,29.67,0.0,100.0,5.71,24.55,36.47,20.55,6.53,3.68,1.23,2858.0,2763.0,72.0,5299.0,322.0,0.0,3841.0,85.0,27.0,1668.0,0.0,5621.0,321.0,1380.0,2050.0,1155.0,367.0,207.0,69.0,2546.0,1047.0,102.0,22.0,331.0,2858.0,2763.0,5299.0,322.0,0.0,439.0,496.0,1424.0,1229.0,802.0,1217.0,13.0,5621.0,839.0,734.0,57.72,42.28,3.02,91.03,12.71,78.32,7.02,0.0,1.37,100.0,1.35,10.98,32.7,37.79,8.43,5.73,0.0,82.7,2.63,6488.0,4752.0,340.0,10232.0,1429.0,8803.0,789.0,0.0,154.0,11240.0,152.0,1234.0,3675.0,4248.0,948.0,644.0,0.0,9296.0,296.0,30.09,4.13,10.17,0.45,41.31,0.22,3.0,8.96,0.0,0.0,0.42,0.0,0.0,0.54,93.27,6.73,0.0,17.0,12.52,3.29,64.75,2.99,0.49,31.76,0.0,100.0,38.43,28.59,0.0,0.0,2797.0,384.0,945.0,42.0,3840.0,20.0,279.0,833.0,0.0,0.0,39.0,0.0,0.0,50.0,8670.0,626.0,0.0,1580.0,1164.0,306.0,6019.0,278.0,46.0,2952.0,0.0,9296.0,3572.0,2658.0,0.0,0.0,59.1,40.9,2.78,16.62,13.13,3.37,64.56,2.99,0.48,31.95,0.0,100.0,37.69,28.1,0.22,0.48,1.22,11.51,33.01,37.4,8.25,5.83,0.0,5669.0,3923.0,267.0,1594.0,1259.0,323.0,6193.0,287.0,46.0,3065.0,0.0,9592.0,3615.0,2695.0,21.0,46.0,117.0,1104.0,3166.0,3587.0,791.0,559.0,0.0,29.74,4.16,9.85,0.44,41.37,0.32,3.14,9.08,0.0,0.0,0.49,0.0,0.0,0.6,64.56,2.99,0.48,31.95,0.0,100.0,26.28,19.14,38.86,15.72,2853.0,399.0,945.0,42.0,3968.0,31.0,301.0,871.0,0.0,0.0,47.0,0.0,0.0,58.0,6193.0,287.0,46.0,3065.0,0.0,9592.0,2521.0,1836.0,3727.0,1508.0
3553856,50.25,49.75,0.68,88.99,11.01,0.0,69.68,0.87,0.8,28.59,0.0,100.0,7.8,22.83,41.71,19.12,3.16,3.4,1.24,812.0,804.0,11.0,1438.0,178.0,0.0,1126.0,14.0,13.0,462.0,0.0,1616.0,126.0,369.0,674.0,309.0,51.0,55.0,20.0,888.0,282.0,21.0,11.0,158.0,812.0,804.0,1438.0,178.0,0.0,109.0,125.0,496.0,377.0,295.0,215.0,0.0,1616.0,89.0,167.0,62.42,37.58,1.41,83.71,15.22,68.48,14.12,0.0,2.02,100.0,1.9,13.72,39.42,33.94,6.52,3.09,0.0,80.37,2.24,2038.0,1227.0,46.0,2733.0,497.0,2236.0,461.0,0.0,66.0,3265.0,62.0,448.0,1287.0,1108.0,213.0,101.0,0.0,2624.0,73.0,29.76,8.04,10.63,0.57,22.26,0.42,2.48,24.35,0.0,0.0,0.27,0.0,0.0,0.69,84.64,15.32,0.0,20.73,18.18,5.83,65.17,2.4,0.46,31.94,0.0,100.0,28.47,26.18,0.5,0.0,781.0,211.0,279.0,15.0,584.0,11.0,65.0,639.0,0.0,0.0,7.0,0.0,0.0,18.0,2221.0,402.0,0.0,544.0,477.0,153.0,1710.0,63.0,12.0,838.0,0.0,2624.0,747.0,687.0,13.0,0.0,63.92,36.08,0.82,20.43,18.65,6.19,64.48,2.48,0.44,32.59,0.0,100.0,28.07,25.58,0.67,0.3,1.97,14.09,40.49,34.22,5.64,2.78,0.0,1724.0,973.0,22.0,551.0,503.0,167.0,1739.0,67.0,12.0,879.0,0.0,2697.0,757.0,690.0,18.0,8.0,53.0,380.0,1092.0,923.0,152.0,75.0,0.0,29.29,7.82,10.68,0.56,22.62,0.41,2.41,24.47,0.0,0.0,0.44,0.0,0.0,0.74,64.48,2.48,0.44,32.59,0.0,100.0,32.59,16.05,42.64,8.71,790.0,211.0,288.0,15.0,610.0,11.0,65.0,660.0,0.0,0.0,12.0,0.0,0.0,20.0,1739.0,67.0,12.0,879.0,0.0,2697.0,879.0,433.0,1150.0,235.0
3553906,50.19,49.81,0.84,85.15,14.65,0.13,47.56,6.43,1.48,44.54,0.0,100.0,4.95,26.93,42.22,19.34,2.7,1.29,1.74,781.0,775.0,13.0,1325.0,228.0,2.0,740.0,100.0,23.0,693.0,0.0,1556.0,77.0,419.0,657.0,301.0,42.0,20.0,27.0,812.0,231.0,15.0,6.0,166.0,781.0,775.0,1325.0,228.0,2.0,123.0,139.0,419.0,363.0,228.0,280.0,3.0,1556.0,164.0,161.0,57.54,42.46,1.05,56.88,10.59,46.29,39.49,0.1,3.04,100.0,1.27,11.9,36.25,37.72,8.3,3.5,0.0,82.8,3.07,1760.0,1299.0,32.0,1740.0,324.0,1416.0,1208.0,3.0,93.0,3059.0,39.0,364.0,1109.0,1154.0,254.0,107.0,0.0,2533.0,94.0,23.06,4.06,9.78,1.5,31.3,0.0,4.45,23.57,0.0,0.0,0.51,0.0,0.0,0.12,55.58,44.38,0.0,14.98,27.32,6.9,39.57,10.68,0.91,48.88,0.0,100.0,27.71,21.44,0.24,0.0,585.0,103.0,248.0,38.0,794.0,0.0,113.0,598.0,0.0,0.0,13.0,0.0,0.0,3.0,1410.0,1126.0,0.0,380.0,693.0,175.0,1004.0,271.0,23.0,1240.0,0.0,2537.0,703.0,544.0,6.0,0.0,57.25,42.75,0.49,14.47,27.03,7.23,39.82,11.0,0.88,48.31,0.0,100.0,26.99,20.75,0.8,1.26,1.37,11.95,37.46,37.23,8.34,3.12,0.0,1504.0,1123.0,13.0,380.0,710.0,190.0,1046.0,289.0,23.0,1269.0,0.0,2627.0,709.0,545.0,21.0,33.0,36.0,314.0,984.0,978.0,219.0,82.0,0.0,22.32,3.92,9.81,1.52,31.56,0.0,4.45,23.8,0.0,0.0,0.68,0.0,0.0,0.23,39.77,10.99,0.87,48.37,0.0,100.0,19.77,20.19,47.83,12.21,587.0,103.0,258.0,40.0,830.0,0.0,117.0,626.0,0.0,0.0,18.0,0.0,0.0,6.0,1046.0,289.0,23.0,1272.0,0.0,2630.0,520.0,531.0,1258.0,321.0
3553955,48.84,51.16,0.53,88.3,11.7,0.0,55.69,4.37,0.0,39.96,0.0,100.0,9.05,19.72,38.89,25.57,3.06,1.22,1.98,2046.0,2143.0,22.0,3699.0,490.0,0.0,2333.0,183.0,0.0,1674.0,0.0,4189.0,379.0,826.0,1629.0,1071.0,128.0,51.0,83.0,2230.0,627.0,31.0,15.0,481.0,2046.0,2143.0,3699.0,490.0,0.0,379.0,455.0,1098.0,906.0,535.0,775.0,42.0,4189.0,413.0,393.0,60.23,39.77,0.9,83.83,10.49,73.34,11.02,0.07,4.93,100.0,1.28,8.41,33.78,40.28,10.93,4.42,0.0,81.31,3.13,4060.0,2681.0,61.0,5651.0,707.0,4944.0,743.0,5.0,332.0,6741.0,86.0,567.0,2277.0,2715.0,737.0,298.0,0.0,5481.0,211.0,20.88,9.06,8.18,0.2,28.74,0.0,2.41,28.75,0.0,0.0,1.2,0.05,0.07,0.11,88.99,10.99,0.0,14.58,17.38,0.86,56.61,6.61,0.07,36.68,0.0,100.0,33.09,33.95,0.0,0.0,1146.0,497.0,449.0,11.0,1577.0,0.0,132.0,1578.0,0.0,0.0,66.0,3.0,4.0,6.0,4884.0,603.0,0.0,800.0,954.0,47.0,3107.0,363.0,4.0,2013.0,0.0,5488.0,1816.0,1863.0,0.0,0.0,59.14,40.86,0.9,14.18,17.27,1.23,56.99,6.76,0.07,36.17,0.0,100.0,32.31,33.54,0.33,1.02,1.14,8.06,34.68,40.81,10.65,3.74,0.0,3366.0,2326.0,51.0,807.0,983.0,70.0,3244.0,385.0,4.0,2059.0,0.0,5692.0,1839.0,1909.0,19.0,58.0,65.0,459.0,1974.0,2323.0,606.0,213.0,0.0,20.28,8.72,8.04,0.19,29.57,0.0,2.32,28.43,0.0,0.0,1.65,0.05,0.07,0.21,56.92,6.76,0.07,36.25,0.0,100.0,18.37,17.6,47.46,16.56,1156.0,497.0,458.0,11.0,1685.0,0.0,132.0,1620.0,0.0,0.0,94.0,3.0,4.0,12.0,3244.0,385.0,4.0,2066.0,0.0,5699.0,1047.0,1003.0,2705.0,944.0
3554003,50.63,49.38,1.42,94.51,5.39,0.03,71.01,3.12,0.36,25.48,0.03,100.0,6.38,18.91,35.29,27.1,5.59,3.0,2.31,15524.0,15141.0,435.0,28980.0,1654.0,8.0,21776.0,957.0,110.0,7812.0,10.0,30664.0,1957.0,5798.0,10822.0,8311.0,1714.0,920.0,707.0,15061.0,5837.0,528.0,374.0,3261.0,15533.0,15141.0,28989.0,1654.0,8.0,2463.0,3773.0,7969.0,6625.0,4580.0,4829.0,434.0,30673.0,2456.0,3156.0,56.41,43.59,3.0,88.43,11.72,76.71,9.14,0.02,0.7,100.0,1.17,7.95,29.03,42.09,10.28,6.48,0.0,82.12,3.72,32477.0,25092.0,1725.0,50907.0,6745.0,44162.0,5262.0,14.0,403.0,57569.0,676.0,4577.0,16714.0,24231.0,5916.0,3730.0,0.0,47275.0,2142.0,15.42,3.47,24.23,1.19,37.48,0.38,0.87,14.97,0.06,0.0,0.32,0.02,0.02,0.46,90.27,9.73,0.0,9.56,16.55,4.43,68.97,5.34,0.39,25.25,0.04,100.0,35.72,32.92,0.19,0.0,7297.0,1640.0,11470.0,564.0,17741.0,182.0,414.0,7087.0,28.0,0.0,153.0,10.0,10.0,216.0,42727.0,4603.0,0.0,4527.0,7834.0,2099.0,32642.0,2527.0,186.0,11953.0,21.0,47330.0,16904.0,15583.0,88.0,0.0,57.03,42.97,2.51,9.4,16.64,4.87,68.85,5.4,0.38,25.34,0.04,100.0,35.15,32.77,0.37,0.13,1.07,7.58,29.46,42.79,10.4,6.19,0.0,28194.0,21244.0,1240.0,4646.0,8225.0,2407.0,34036.0,2668.0,186.0,12526.0,21.0,49437.0,17375.0,16201.0,181.0,63.0,531.0,3748.0,14566.0,21153.0,5141.0,3058.0,0.0,15.45,3.58,23.91,1.22,37.32,0.37,0.88,15.04,0.06,0.0,0.41,0.02,0.02,0.54,68.85,5.39,0.38,25.34,0.04,100.0,17.07,15.58,48.41,18.94,7648.0,1771.0,11837.0,605.0,18476.0,182.0,434.0,7447.0,28.0,0.0,204.0,10.0,10.0,267.0,34082.0,2668.0,186.0,12546.0,21.0,49504.0,8449.0,7714.0,23964.0,9377.0
3554102,49.48,50.52,3.04,94.93,4.98,0.06,69.26,4.51,0.45,25.63,0.14,100.0,8.61,16.66,29.98,24.77,8.4,5.97,2.58,38543.0,39348.0,2366.0,73942.0,3882.0,44.0,53948.0,3510.0,347.0,19962.0,111.0,77890.0,6705.0,12973.0,23352.0,19293.0,6539.0,4651.0,2011.0,35371.0,13157.0,2166.0,693.0,11143.0,38553.0,39348.0,73942.0,3892.0,44.0,8132.0,10633.0,19658.0,14744.0,10597.0,13447.0,692.0,77901.0,9365.0,6006.0,54.52,45.48,6.41,88.05,12.62,75.42,8.91,0.02,0.82,100.0,1.94,7.36,24.96,35.46,13.52,10.33,0.03,81.45,2.88,79222.0,66096.0,9313.0,127946.0,18345.0,109601.0,12953.0,31.0,1191.0,145318.0,2812.0,10699.0,36268.0,51524.0,19652.0,15007.0,43.0,118362.0,4184.0,12.54,11.76,16.66,0.66,39.49,1.13,4.27,11.38,0.0,0.02,0.23,0.02,0.03,0.44,90.36,9.64,0.0,7.63,16.39,4.05,68.32,5.76,0.63,25.21,0.07,100.0,30.94,40.17,0.16,0.03,14862.0,13947.0,19757.0,786.0,46812.0,1345.0,5063.0,13493.0,0.0,21.0,276.0,22.0,30.0,516.0,107132.0,11424.0,0.0,9051.0,19436.0,4801.0,81002.0,6827.0,748.0,29890.0,88.0,118555.0,36686.0,47627.0,190.0,32.0,55.84,44.16,6.17,7.54,16.48,4.3,68.38,5.75,0.62,25.17,0.07,100.0,30.55,39.74,0.48,0.18,1.77,7.37,25.19,36.11,13.23,10.14,0.02,68453.0,54132.0,7563.0,9247.0,20198.0,5275.0,83827.0,7050.0,766.0,30854.0,88.0,122585.0,37448.0,48710.0,584.0,226.0,2168.0,9035.0,30878.0,44267.0,16218.0,12431.0,24.0,12.48,11.71,16.38,0.67,39.49,1.13,4.21,11.53,0.0,0.02,0.28,0.02,0.02,0.52,68.36,5.77,0.62,25.18,0.07,100.0,11.61,10.67,47.74,29.97,15328.0,14382.0,20117.0,817.0,48487.0,1393.0,5172.0,14154.0,0.0,21.0,340.0,22.0,30.0,641.0,83926.0,7089.0,766.0,30910.0,88.0,122779.0,14256.0,13104.0,58620.0,36798.0
3554201,48.28,51.72,0.0,86.34,13.66,0.0,69.33,0.91,0.0,29.76,0.0,100.0,10.83,39.27,31.68,12.96,4.05,0.3,0.91,477.0,511.0,0.0,853.0,135.0,0.0,685.0,9.0,0.0,294.0,0.0,988.0,107.0,388.0,313.0,128.0,40.0,3.0,9.0,500.0,168.0,15.0,3.0,58.0,477.0,511.0,853.0,135.0,0.0,45.0,41.0,274.0,227.0,180.0,222.0,0.0,988.0,139.0,105.0,61.85,38.15,0.0,83.8,14.57,69.29,15.38,0.0,0.6,100.0,2.72,18.91,46.47,23.86,6.03,1.9,0.11,82.88,1.79,1138.0,702.0,0.0,1542.0,268.0,1275.0,283.0,0.0,11.0,1840.0,50.0,348.0,855.0,439.0,111.0,35.0,2.0,1525.0,33.0,43.54,1.05,2.82,0.0,24.39,0.0,10.03,16.26,0.0,0.0,0.85,0.0,0.0,0.85,83.08,16.92,0.0,14.56,20.66,5.77,69.57,2.43,0.0,27.34,0.59,100.0,23.34,34.62,0.72,0.2,664.0,16.0,43.0,0.0,372.0,0.0,153.0,248.0,0.0,0.0,13.0,0.0,0.0,13.0,1267.0,258.0,0.0,222.0,315.0,88.0,1061.0,37.0,0.0,417.0,9.0,1525.0,356.0,528.0,11.0,3.0,61.3,38.7,0.0,14.25,20.54,5.84,70.22,2.37,0.0,26.77,0.58,100.0,23.04,34.21,1.09,0.9,2.18,19.19,46.15,24.52,5.91,2.05,0.0,955.0,603.0,0.0,222.0,320.0,91.0,1094.0,37.0,0.0,417.0,9.0,1558.0,359.0,533.0,17.0,14.0,34.0,299.0,719.0,382.0,92.0,32.0,0.0,43.13,1.03,2.95,0.0,24.9,0.0,9.82,15.92,0.0,0.0,1.28,0.0,0.0,0.83,70.22,2.37,0.0,26.77,0.58,100.0,37.03,17.91,36.84,8.22,672.0,16.0,46.0,0.0,388.0,0.0,153.0,248.0,0.0,0.0,20.0,0.0,0.0,13.0,1094.0,37.0,0.0,417.0,9.0,1558.0,577.0,279.0,574.0,128.0
3554300,46.8,53.22,0.61,88.05,11.96,0.0,45.44,6.18,0.74,47.51,0.15,100.0,10.61,21.47,34.27,22.36,4.36,3.6,2.73,2899.0,3297.0,38.0,5455.0,741.0,0.0,2815.0,383.0,46.0,2943.0,9.0,6195.0,657.0,1330.0,2123.0,1385.0,270.0,223.0,169.0,2976.0,948.0,180.0,79.0,772.0,2899.0,3297.0,5455.0,741.0,0.0,523.0,920.0,1649.0,1131.0,912.0,968.0,93.0,6195.0,531.0,711.0,57.63,42.37,1.29,85.57,15.44,70.12,11.69,0.0,1.07,100.0,2.83,11.43,32.06,36.4,8.53,7.38,0.09,74.4,7.42,5806.0,4269.0,130.0,8621.0,1556.0,7065.0,1178.0,0.0,108.0,10075.0,285.0,1152.0,3230.0,3667.0,859.0,744.0,9.0,7496.0,748.0,23.65,11.22,16.7,0.15,30.24,0.0,1.29,13.38,0.0,0.0,0.6,0.0,0.0,0.2,90.23,9.77,0.0,17.86,13.59,3.47,41.42,7.79,1.41,49.24,0.12,100.0,32.82,30.1,0.27,0.0,1773.0,841.0,1252.0,11.0,2267.0,0.0,97.0,1003.0,0.0,0.0,45.0,0.0,0.0,15.0,6764.0,732.0,0.0,1339.0,1019.0,260.0,3105.0,584.0,106.0,3691.0,9.0,7496.0,2460.0,2256.0,20.0,0.0,58.02,41.98,1.14,17.55,14.1,4.29,41.92,8.07,1.29,48.63,0.11,100.0,31.38,27.98,1.41,0.61,2.57,11.62,33.03,35.86,8.25,7.52,0.0,4783.0,3461.0,94.0,1447.0,1162.0,354.0,3456.0,665.0,106.0,4009.0,9.0,8244.0,2587.0,2307.0,116.0,50.0,212.0,958.0,2723.0,2956.0,680.0,620.0,0.0,22.68,10.64,15.57,0.13,31.21,0.0,1.18,13.69,0.0,0.0,0.76,0.0,0.0,0.32,41.92,8.07,1.29,48.63,0.11,100.0,17.88,15.57,46.97,19.58,1870.0,877.0,1284.0,11.0,2573.0,0.0,97.0,1129.0,0.0,0.0,63.0,0.0,0.0,26.0,3456.0,665.0,106.0,4009.0,9.0,8244.0,1474.0,1284.0,3872.0,1614.0
3554409,49.8,50.2,1.53,79.91,20.09,0.0,61.8,2.66,0.91,34.3,0.34,100.0,9.28,14.6,39.16,28.64,4.81,2.04,0.0,880.0,887.0,27.0,1412.0,355.0,0.0,1092.0,47.0,16.0,606.0,6.0,1767.0,164.0,258.0,692.0,506.0,85.0,36.0,0.0,908.0,250.0,40.0,0.0,206.0,880.0,887.0,1412.0,355.0,0.0,193.0,110.0,487.0,394.0,268.0,310.0,5.0,1767.0,136.0,227.0,58.99,41.03,2.51,68.0,7.8,60.2,28.46,0.0,2.31,100.0,1.64,5.75,32.69,41.13,12.42,3.85,0.0,87.5,1.15,2299.0,1599.0,98.0,2650.0,304.0,2346.0,1109.0,0.0,90.0,3897.0,64.0,224.0,1274.0,1603.0,484.0,150.0,0.0,3410.0,45.0,22.14,3.02,6.36,0.15,29.0,0.0,2.17,35.75,0.0,0.0,0.59,0.0,0.12,0.0,68.5,31.5,0.0,13.78,25.84,7.71,56.57,5.78,0.85,36.63,0.18,100.0,29.35,22.05,1.26,0.0,755.0,103.0,217.0,5.0,989.0,0.0,74.0,1219.0,0.0,0.0,20.0,0.0,4.0,0.0,2336.0,1074.0,0.0,470.0,881.0,263.0,1929.0,197.0,29.0,1249.0,6.0,3410.0,1001.0,752.0,43.0,0.0,60.19,39.81,2.17,13.61,25.97,7.61,56.28,5.7,0.84,37.03,0.17,100.0,29.13,22.03,1.51,0.17,1.85,6.02,33.29,41.89,12.04,2.72,0.0,2079.0,1375.0,75.0,470.0,897.0,263.0,1944.0,197.0,29.0,1279.0,6.0,3454.0,1006.0,761.0,52.0,6.0,64.0,208.0,1150.0,1447.0,416.0,94.0,0.0,21.86,2.98,6.43,0.14,28.75,0.0,2.29,35.73,0.0,0.0,1.04,0.0,0.12,0.0,56.28,5.7,0.84,37.03,0.17,100.0,26.66,11.23,45.31,16.76,755.0,103.0,222.0,5.0,993.0,0.0,79.0,1234.0,0.0,0.0,36.0,0.0,4.0,0.0,1944.0,197.0,29.0,1279.0,6.0,3454.0,921.0,388.0,1565.0,579.0
3554508,52.33,47.67,2.51,90.07,9.93,0.0,68.2,4.15,0.26,27.4,0.0,100.0,5.62,13.75,30.79,28.06,9.13,4.21,5.94,4301.0,3918.0,206.0,7403.0,816.0,0.0,5605.0,341.0,21.0,2252.0,0.0,8219.0,462.0,1130.0,2531.0,2306.0,750.0,346.0,488.0,3858.0,1282.0,148.0,99.0,816.0,4301.0,3918.0,7403.0,816.0,0.0,714.0,619.0,2122.0,1769.0,1156.0,1781.0,59.0,8219.0,1030.0,986.0,55.71,44.29,6.44,87.46,12.17,75.3,7.98,0.0,1.23,100.0,0.88,4.1,23.77,38.44,15.11,11.25,0.0,75.6,7.68,10380.0,8253.0,1200.0,16297.0,2267.0,14030.0,1486.0,0.0,230.0,18633.0,164.0,764.0,4429.0,7163.0,2816.0,2096.0,0.0,14086.0,1431.0,16.25,2.73,13.09,0.98,48.63,0.18,2.49,13.22,0.0,0.0,0.18,0.0,0.0,0.86,91.67,8.33,0.0,12.68,9.49,2.2,67.52,5.19,0.11,27.17,0.0,100.0,44.19,30.29,0.2,0.0,2294.0,385.0,1848.0,139.0,6863.0,25.0,352.0,1866.0,0.0,0.0,25.0,0.0,0.0,122.0,12937.0,1176.0,0.0,1790.0,1339.0,311.0,9529.0,732.0,16.0,3835.0,0.0,14113.0,6236.0,4275.0,28.0,0.0,56.98,43.02,5.87,12.66,10.67,2.58,67.35,4.95,0.15,27.54,0.0,100.0,43.64,29.15,0.3,0.0,0.96,4.11,24.48,38.24,14.64,11.72,0.0,8842.0,6675.0,911.0,1965.0,1656.0,400.0,10450.0,768.0,24.0,4274.0,0.0,15517.0,6772.0,4523.0,46.0,0.0,149.0,637.0,3798.0,5934.0,2271.0,1818.0,0.0,15.65,2.48,13.03,0.89,48.73,0.16,2.98,12.89,0.0,0.0,0.21,0.0,0.0,0.93,67.4,4.94,0.15,27.5,0.0,100.0,17.14,15.7,43.85,23.31,2433.0,385.0,2026.0,139.0,7575.0,25.0,463.0,2004.0,0.0,0.0,32.0,0.0,0.0,144.0,10477.0,768.0,24.0,4274.0,0.0,15544.0,2664.0,2440.0,6816.0,3624.0
3554607,49.91,50.09,2.22,80.59,19.22,0.0,77.08,3.51,0.74,18.67,0.0,100.0,12.2,33.64,30.68,16.08,2.59,2.77,0.0,270.0,271.0,12.0,436.0,104.0,0.0,417.0,19.0,4.0,101.0,0.0,541.0,66.0,182.0,166.0,87.0,14.0,15.0,0.0,264.0,63.0,2.0,4.0,88.0,270.0,271.0,436.0,104.0,0.0,46.0,48.0,128.0,142.0,63.0,102.0,12.0,541.0,41.0,79.0,61.08,38.92,1.27,87.35,19.61,67.75,12.25,0.0,0.39,100.0,1.76,15.98,35.49,33.63,7.94,3.92,0.0,78.73,1.27,623.0,397.0,13.0,891.0,200.0,691.0,125.0,0.0,4.0,1020.0,18.0,163.0,362.0,343.0,81.0,40.0,0.0,803.0,13.0,41.84,0.75,3.49,0.0,44.46,0.12,4.11,4.86,0.0,0.0,0.37,0.0,0.0,0.0,85.55,14.45,0.0,26.28,10.46,1.99,74.84,4.23,0.0,20.55,0.37,100.0,36.86,24.41,0.0,0.0,336.0,6.0,28.0,0.0,357.0,1.0,33.0,39.0,0.0,0.0,3.0,0.0,0.0,0.0,687.0,116.0,0.0,211.0,84.0,16.0,601.0,34.0,0.0,165.0,3.0,803.0,296.0,196.0,0.0,0.0,57.35,42.65,0.74,25.86,10.29,2.82,74.63,4.17,0.0,20.96,0.37,100.0,36.27,24.51,0.37,0.0,1.59,13.97,36.64,34.31,8.7,4.29,0.0,468.0,348.0,6.0,211.0,84.0,23.0,609.0,34.0,0.0,171.0,3.0,816.0,296.0,200.0,3.0,0.0,13.0,114.0,299.0,280.0,71.0,35.0,0.0,41.18,0.74,3.43,0.0,45.34,0.12,4.04,4.78,0.0,0.0,0.37,0.0,0.0,0.0,74.63,4.17,0.0,20.96,0.37,100.0,20.1,14.46,50.49,15.07,336.0,6.0,28.0,0.0,370.0,1.0,33.0,39.0,0.0,0.0,3.0,0.0,0.0,0.0,609.0,34.0,0.0,171.0,3.0,816.0,164.0,118.0,412.0,123.0
3554656,55.07,45.16,0.0,87.56,12.67,0.0,75.81,3.69,0.0,20.51,0.0,100.0,4.61,35.94,33.87,18.66,4.61,2.53,0.0,239.0,196.0,0.0,380.0,55.0,0.0,329.0,16.0,0.0,89.0,0.0,434.0,20.0,156.0,147.0,81.0,20.0,11.0,0.0,225.0,81.0,4.0,0.0,41.0,239.0,196.0,380.0,55.0,0.0,31.0,28.0,104.0,96.0,93.0,83.0,0.0,434.0,43.0,41.0,62.07,37.93,0.0,84.4,22.67,61.84,14.48,0.0,0.67,100.0,0.79,14.37,33.89,38.38,8.87,3.48,0.0,74.3,2.02,553.0,338.0,0.0,752.0,202.0,551.0,129.0,0.0,6.0,891.0,7.0,128.0,302.0,342.0,79.0,31.0,0.0,662.0,18.0,40.79,0.6,8.31,0.0,42.75,0.3,1.06,6.04,0.0,0.0,0.0,0.0,0.0,0.0,82.33,17.67,0.0,21.6,13.44,2.72,72.66,5.74,0.0,21.6,0.0,100.0,32.93,28.4,0.3,0.0,270.0,4.0,55.0,0.0,283.0,2.0,7.0,40.0,0.0,0.0,0.0,0.0,0.0,0.0,545.0,117.0,0.0,143.0,89.0,18.0,481.0,38.0,0.0,143.0,0.0,662.0,218.0,188.0,2.0,0.0,63.38,36.62,0.0,21.03,14.12,2.94,71.76,5.88,0.0,22.21,0.0,100.0,32.79,28.09,0.29,0.0,1.03,14.56,34.26,38.38,7.79,3.97,0.0,431.0,249.0,0.0,143.0,96.0,20.0,488.0,40.0,0.0,151.0,0.0,680.0,223.0,191.0,2.0,0.0,7.0,99.0,233.0,261.0,53.0,27.0,0.0,40.0,0.88,8.38,0.0,42.5,0.29,1.03,6.47,0.0,0.0,0.0,0.0,0.0,0.0,71.76,5.88,0.0,22.21,0.0,100.0,25.44,23.09,42.21,9.26,272.0,6.0,57.0,0.0,289.0,2.0,7.0,44.0,0.0,0.0,0.0,0.0,0.0,0.0,488.0,40.0,0.0,151.0,0.0,680.0,173.0,157.0,287.0,63.0
3554706,49.36,50.6,0.79,87.75,12.25,0.0,68.65,2.43,0.0,28.92,0.0,100.0,6.35,22.57,34.57,25.1,5.41,2.08,3.13,995.0,1020.0,16.0,1769.0,247.0,0.0,1384.0,49.0,0.0,583.0,0.0,2016.0,128.0,455.0,697.0,506.0,109.0,42.0,63.0,1018.0,363.0,26.0,15.0,137.0,995.0,1020.0,1769.0,247.0,0.0,151.0,141.0,506.0,420.0,354.0,425.0,20.0,2016.0,201.0,257.0,60.36,39.64,1.9,92.81,22.78,70.03,4.29,0.0,0.45,100.0,1.36,9.62,29.97,39.44,10.88,6.83,0.0,71.08,3.24,2703.0,1775.0,85.0,4156.0,1020.0,3136.0,192.0,0.0,20.0,4478.0,61.0,431.0,1342.0,1766.0,487.0,306.0,0.0,3183.0,145.0,33.99,6.44,5.28,0.0,36.88,0.16,4.46,8.33,0.0,0.0,1.48,0.0,0.0,0.19,94.91,5.09,0.0,12.72,9.55,1.95,70.91,3.64,0.0,25.45,0.0,100.0,46.75,27.4,0.35,0.0,1082.0,205.0,168.0,0.0,1174.0,5.0,142.0,265.0,0.0,0.0,47.0,0.0,0.0,6.0,3021.0,162.0,0.0,405.0,304.0,62.0,2257.0,116.0,0.0,810.0,0.0,3183.0,1488.0,872.0,11.0,0.0,60.82,39.18,1.98,12.56,10.01,2.01,70.76,3.49,0.0,25.78,0.0,100.0,46.45,26.95,0.66,0.0,0.81,9.41,32.36,38.28,10.94,6.22,0.0,2024.0,1304.0,66.0,418.0,333.0,67.0,2355.0,116.0,0.0,858.0,0.0,3328.0,1546.0,897.0,22.0,0.0,27.0,313.0,1077.0,1274.0,364.0,207.0,0.0,33.14,6.16,5.59,0.0,36.96,0.15,4.42,8.23,0.0,0.0,1.56,0.0,0.0,0.45,70.76,3.49,0.0,25.78,0.0,100.0,34.1,22.09,26.68,17.16,1103.0,205.0,186.0,0.0,1230.0,5.0,147.0,274.0,0.0,0.0,52.0,0.0,0.0,15.0,2355.0,116.0,0.0,858.0,0.0,3328.0,1135.0,735.0,888.0,571.0
3554755,51.44,48.56,0.0,87.74,12.26,0.0,52.4,5.77,0.0,41.59,0.0,100.0,7.45,31.01,36.78,18.27,3.85,0.96,1.68,214.0,202.0,0.0,365.0,51.0,0.0,218.0,24.0,0.0,173.0,0.0,416.0,31.0,129.0,153.0,76.0,16.0,4.0,7.0,223.0,59.0,2.0,4.0,37.0,214.0,202.0,365.0,51.0,0.0,35.0,19.0,109.0,106.0,59.0,89.0,0.0,416.0,56.0,35.0,56.01,43.99,1.45,87.05,32.36,54.69,12.81,0.0,0.0,100.0,0.92,11.36,29.72,46.63,8.19,1.85,0.0,64.99,2.51,424.0,333.0,11.0,659.0,245.0,414.0,97.0,0.0,0.0,757.0,7.0,86.0,225.0,353.0,62.0,14.0,0.0,492.0,19.0,53.86,6.5,2.64,0.0,21.75,0.0,2.24,12.4,0.0,0.0,0.0,0.0,0.0,0.61,83.33,16.67,0.0,27.24,8.94,2.03,51.63,4.47,0.0,42.68,1.42,100.0,42.48,19.51,0.0,0.0,265.0,32.0,13.0,0.0,107.0,0.0,11.0,61.0,0.0,0.0,0.0,0.0,0.0,3.0,410.0,82.0,0.0,134.0,44.0,10.0,254.0,22.0,0.0,210.0,7.0,492.0,209.0,96.0,0.0,0.0,54.99,45.01,1.76,26.22,8.61,3.52,51.08,4.7,0.0,42.86,1.37,100.0,41.1,18.79,1.37,0.39,0.0,13.31,25.24,49.9,7.83,1.76,0.0,281.0,230.0,9.0,134.0,44.0,18.0,261.0,24.0,0.0,219.0,7.0,511.0,210.0,96.0,7.0,2.0,0.0,68.0,129.0,255.0,40.0,9.0,0.0,51.86,6.26,2.54,0.0,23.48,0.0,2.15,13.31,0.0,0.0,0.0,0.0,0.0,0.59,51.08,4.7,0.0,42.86,1.37,100.0,23.87,20.94,42.47,12.92,265.0,32.0,13.0,0.0,120.0,0.0,11.0,68.0,0.0,0.0,0.0,0.0,0.0,3.0,261.0,24.0,0.0,219.0,7.0,511.0,122.0,107.0,217.0,66.0
3554805,50.13,49.87,4.83,63.8,36.04,0.08,69.72,3.49,0.6,26.18,0.0,100.0,9.86,18.02,29.27,21.5,10.12,5.07,1.33,5899.0,5869.0,568.0,7508.0,4241.0,9.0,8205.0,411.0,71.0,3081.0,0.0,11768.0,1160.0,2121.0,3445.0,2530.0,1191.0,597.0,157.0,5573.0,2149.0,355.0,89.0,1504.0,5899.0,5869.0,7508.0,4241.0,9.0,1151.0,1570.0,3242.0,2225.0,1685.0,1807.0,86.0,11768.0,1034.0,1063.0,55.37,44.63,6.75,54.11,11.13,42.97,41.57,0.05,2.49,100.0,2.8,9.63,28.45,31.49,12.21,8.68,0.0,81.85,2.7,11433.0,9217.0,1394.0,11173.0,2299.0,8874.0,8585.0,11.0,514.0,20650.0,579.0,1989.0,5874.0,6503.0,2521.0,1792.0,0.0,16903.0,557.0,9.64,17.65,15.74,0.67,41.19,0.54,2.86,9.93,0.0,0.0,0.08,0.0,0.0,0.32,50.81,49.19,0.0,10.69,18.93,4.24,67.0,6.02,0.52,26.44,0.02,100.0,26.05,39.48,0.13,0.05,1657.0,3033.0,2705.0,116.0,7079.0,92.0,491.0,1706.0,0.0,0.0,14.0,0.0,0.0,55.0,8734.0,8454.0,0.0,1838.0,3254.0,729.0,11516.0,1035.0,89.0,4544.0,4.0,17188.0,4477.0,6786.0,22.0,9.0,56.87,43.13,6.75,10.37,19.17,4.48,67.46,6.01,0.51,25.93,0.09,100.0,25.82,39.04,0.32,0.11,2.04,9.9,28.54,31.86,11.85,9.07,0.0,9935.0,7536.0,1179.0,1811.0,3350.0,782.0,11786.0,1050.0,89.0,4530.0,15.0,17471.0,4511.0,6820.0,56.0,19.0,356.0,1729.0,4986.0,5567.0,2071.0,1584.0,0.0,9.53,17.4,15.6,0.71,40.93,0.58,2.95,10.04,0.0,0.0,0.08,0.0,0.0,0.36,66.99,6.02,0.5,26.4,0.08,100.0,15.69,13.43,42.69,28.18,1695.0,3093.0,2774.0,126.0,7276.0,103.0,525.0,1785.0,0.0,0.0,14.0,0.0,0.0,64.0,11910.0,1070.0,89.0,4693.0,15.0,17778.0,2790.0,2388.0,7589.0,5010.0
3554904,51.12,48.88,0.0,76.35,23.65,0.0,59.71,4.36,0.34,35.65,0.0,100.0,1.77,19.36,40.83,27.74,6.34,2.18,1.77,750.0,717.0,0.0,1120.0,347.0,0.0,876.0,64.0,5.0,523.0,0.0,1467.0,26.0,284.0,599.0,407.0,93.0,32.0,26.0,751.0,192.0,18.0,4.0,212.0,750.0,717.0,1120.0,347.0,0.0,167.0,103.0,395.0,343.0,194.0,259.0,6.0,1467.0,107.0,183.0,58.38,41.62,1.45,49.69,11.61,38.08,42.57,0.0,7.65,100.0,0.41,6.53,30.72,44.61,11.26,5.05,0.0,78.26,2.39,1976.0,1409.0,49.0,1682.0,393.0,1289.0,1441.0,0.0,259.0,3385.0,14.0,221.0,1040.0,1510.0,381.0,171.0,0.0,2649.0,81.0,15.19,8.74,22.54,0.0,28.57,0.0,2.11,21.49,0.0,0.0,0.38,0.0,0.0,0.64,48.36,51.68,0.0,16.51,11.68,1.88,57.86,7.09,0.72,34.38,0.0,100.0,39.13,30.38,0.15,0.11,403.0,232.0,598.0,0.0,758.0,0.0,56.0,570.0,0.0,0.0,10.0,0.0,0.0,17.0,1283.0,1371.0,0.0,438.0,310.0,50.0,1535.0,188.0,19.0,912.0,0.0,2653.0,1038.0,806.0,4.0,3.0,54.73,45.24,1.25,16.04,11.5,2.12,58.17,6.89,0.7,34.29,0.0,100.0,38.94,30.0,0.33,0.73,0.22,6.45,31.17,45.71,10.51,4.65,0.0,1494.0,1235.0,34.0,438.0,314.0,58.0,1588.0,188.0,19.0,936.0,0.0,2730.0,1063.0,819.0,9.0,20.0,6.0,176.0,851.0,1248.0,287.0,127.0,0.0,15.03,8.49,22.24,0.0,29.04,0.0,2.05,21.21,0.0,0.0,0.37,0.0,0.0,0.8,58.23,6.88,0.69,34.24,0.0,100.0,18.91,17.92,43.12,20.04,411.0,232.0,608.0,0.0,794.0,0.0,56.0,580.0,0.0,0.0,10.0,0.0,0.0,22.0,1592.0,188.0,19.0,936.0,0.0,2734.0,517.0,490.0,1179.0,548.0
3554953,47.9,52.18,0.33,80.82,19.26,0.0,63.37,0.74,1.4,34.49,0.0,100.0,7.49,25.43,38.6,18.19,8.07,0.82,1.23,582.0,634.0,4.0,982.0,234.0,0.0,770.0,9.0,17.0,419.0,0.0,1215.0,91.0,309.0,469.0,221.0,98.0,10.0,15.0,725.0,190.0,7.0,9.0,114.0,582.0,634.0,982.0,234.0,0.0,87.0,72.0,413.0,323.0,188.0,133.0,0.0,1215.0,45.0,126.0,59.94,40.06,1.81,67.32,24.82,42.5,26.37,0.0,0.54,100.0,1.27,10.02,31.44,39.68,9.79,5.86,0.13,68.27,0.6,1891.0,1264.0,57.0,2124.0,783.0,1341.0,832.0,0.0,17.0,3155.0,40.0,316.0,992.0,1252.0,309.0,185.0,4.0,2154.0,19.0,22.42,1.44,17.5,0.46,35.79,0.14,2.83,15.83,0.0,0.0,1.95,0.0,0.0,0.93,62.21,37.79,0.0,13.37,20.15,2.65,64.16,2.32,0.65,32.68,0.19,100.0,23.17,39.65,0.23,0.0,483.0,31.0,377.0,10.0,771.0,3.0,61.0,341.0,0.0,0.0,42.0,0.0,0.0,20.0,1340.0,814.0,0.0,288.0,434.0,57.0,1382.0,50.0,14.0,704.0,4.0,2154.0,499.0,854.0,5.0,0.0,58.35,41.65,1.75,13.25,20.06,3.08,64.2,2.3,0.64,32.72,0.18,100.0,22.96,39.3,0.6,0.0,1.2,10.58,33.64,38.15,9.25,5.38,0.0,1268.0,905.0,38.0,288.0,436.0,67.0,1395.0,50.0,14.0,711.0,4.0,2173.0,499.0,854.0,13.0,0.0,26.0,230.0,731.0,829.0,201.0,117.0,0.0,22.23,1.43,17.35,0.55,36.08,0.14,2.81,15.92,0.0,0.0,1.93,0.0,0.0,0.92,64.2,2.3,0.64,32.72,0.18,100.0,26.32,14.04,44.73,14.91,483.0,31.0,377.0,12.0,784.0,3.0,61.0,346.0,0.0,0.0,42.0,0.0,0.0,20.0,1395.0,50.0,14.0,711.0,4.0,2173.0,572.0,305.0,972.0,324.0
3555000,49.4,50.6,2.2,94.38,5.48,0.14,58.73,3.15,1.66,36.3,0.16,100.0,5.59,16.81,36.9,27.29,6.19,3.71,1.32,7236.0,7412.0,322.0,13825.0,802.0,21.0,8603.0,462.0,243.0,5317.0,23.0,14648.0,819.0,2463.0,5405.0,3998.0,906.0,543.0,193.0,6994.0,2912.0,185.0,107.0,1704.0,7236.0,7412.0,13825.0,802.0,21.0,1325.0,2102.0,3555.0,2780.0,1904.0,2497.0,485.0,14648.0,1177.0,1568.0,54.58,45.42,4.79,92.4,11.65,80.75,4.96,0.0,1.28,100.0,1.03,6.55,27.51,40.04,13.14,6.87,0.08,81.38,4.33,17451.0,14522.0,1530.0,29543.0,3726.0,25817.0,1587.0,0.0,410.0,31973.0,328.0,2095.0,8797.0,12801.0,4200.0,2197.0,24.0,26019.0,1384.0,14.24,4.05,32.21,1.21,42.25,0.08,0.55,2.86,0.0,0.0,0.51,0.0,0.04,0.2,94.87,5.13,0.0,13.91,8.05,1.81,55.41,5.83,1.91,36.62,0.24,100.0,47.6,27.67,0.04,0.04,3705.0,1054.0,8381.0,316.0,10993.0,22.0,143.0,744.0,0.0,0.0,132.0,0.0,11.0,51.0,24684.0,1335.0,0.0,3619.0,2094.0,472.0,14418.0,1516.0,497.0,9527.0,63.0,26019.0,12386.0,7200.0,10.0,11.0,55.37,44.63,4.82,13.65,7.99,1.86,55.2,5.69,1.93,36.96,0.23,100.0,47.17,27.9,0.12,0.22,0.99,6.52,28.54,39.78,12.74,6.52,0.09,15173.0,12230.0,1322.0,3742.0,2189.0,511.0,15127.0,1558.0,529.0,10128.0,63.0,27404.0,12926.0,7647.0,33.0,61.0,271.0,1788.0,7821.0,10900.0,3490.0,1787.0,24.0,14.07,3.97,32.06,1.2,42.34,0.08,0.52,2.83,0.0,0.0,0.6,0.0,0.04,0.3,55.2,5.69,1.93,36.96,0.23,100.0,16.24,16.06,42.05,25.65,3857.0,1087.0,8785.0,329.0,11603.0,22.0,143.0,775.0,0.0,0.0,165.0,0.0,11.0,82.0,15127.0,1558.0,529.0,10128.0,63.0,27404.0,4450.0,4400.0,11524.0,7029.0
3555109,49.6,50.4,2.72,84.92,15.08,0.0,65.75,1.47,0.4,32.34,0.0,100.0,4.38,21.85,31.42,26.34,7.69,4.67,0.92,1348.0,1370.0,74.0,2308.0,410.0,0.0,1787.0,40.0,11.0,879.0,0.0,2718.0,119.0,594.0,854.0,716.0,209.0,127.0,25.0,1402.0,403.0,31.0,0.0,311.0,1348.0,1370.0,2308.0,410.0,0.0,228.0,182.0,772.0,573.0,428.0,527.0,8.0,2718.0,304.0,266.0,56.45,43.53,5.4,77.34,12.93,64.41,19.75,0.06,2.75,100.0,0.95,6.4,24.88,39.79,13.38,9.05,0.15,81.18,3.03,3819.0,2945.0,365.0,5232.0,875.0,4357.0,1336.0,4.0,186.0,6765.0,64.0,433.0,1683.0,2692.0,905.0,612.0,10.0,5492.0,205.0,22.21,6.93,16.19,0.15,46.25,0.0,1.98,5.12,0.0,0.0,0.42,0.0,0.0,0.29,77.61,22.41,0.0,23.59,9.6,2.76,67.16,2.92,0.76,29.01,0.13,100.0,37.56,26.18,0.16,0.09,1224.0,382.0,892.0,8.0,2549.0,0.0,109.0,282.0,0.0,0.0,23.0,0.0,0.0,16.0,4277.0,1235.0,0.0,1300.0,529.0,152.0,3701.0,161.0,42.0,1599.0,7.0,5511.0,2070.0,1443.0,9.0,5.0,55.89,44.11,5.65,22.99,9.74,3.41,67.47,2.91,0.97,28.52,0.12,100.0,36.76,25.5,0.65,0.6,0.86,5.69,26.47,40.13,12.53,8.46,0.18,3184.0,2513.0,322.0,1310.0,555.0,194.0,3844.0,166.0,55.0,1625.0,7.0,5697.0,2094.0,1453.0,37.0,34.0,49.0,324.0,1508.0,2286.0,714.0,482.0,10.0,21.78,6.68,15.8,0.14,46.54,0.0,1.99,5.28,0.0,0.0,0.59,0.07,0.0,0.44,67.42,2.9,0.96,28.59,0.12,100.0,14.68,13.91,42.62,28.81,1245.0,382.0,903.0,8.0,2660.0,0.0,114.0,302.0,0.0,0.0,34.0,4.0,0.0,25.0,3854.0,166.0,55.0,1634.0,7.0,5716.0,839.0,795.0,2436.0,1647.0
3555208,55.81,44.19,1.03,82.69,16.54,1.03,74.42,5.94,0.0,19.64,0.0,100.0,4.65,32.82,33.59,18.35,2.58,6.98,0.0,216.0,171.0,4.0,320.0,64.0,4.0,288.0,23.0,0.0,76.0,0.0,387.0,18.0,127.0,130.0,71.0,10.0,27.0,0.0,183.0,62.0,4.0,0.0,50.0,216.0,171.0,320.0,64.0,4.0,49.0,18.0,102.0,81.0,60.0,74.0,2.0,387.0,63.0,24.0,55.14,44.86,3.19,85.95,17.71,68.24,13.7,0.0,0.24,100.0,1.18,12.16,27.86,39.32,9.68,6.61,0.0,78.75,3.07,467.0,380.0,27.0,728.0,150.0,578.0,116.0,0.0,2.0,847.0,10.0,103.0,236.0,333.0,82.0,56.0,0.0,667.0,26.0,35.23,14.69,15.59,0.3,25.94,0.0,1.35,5.1,0.0,0.0,0.6,0.0,0.0,1.05,85.76,14.24,0.0,32.53,8.7,0.75,69.72,7.05,0.0,23.39,0.0,100.0,33.13,24.74,0.3,0.0,235.0,98.0,104.0,2.0,173.0,0.0,9.0,34.0,0.0,0.0,4.0,0.0,0.0,7.0,572.0,95.0,0.0,217.0,58.0,5.0,465.0,47.0,0.0,156.0,0.0,667.0,221.0,165.0,2.0,0.0,54.03,45.82,2.16,31.7,9.8,1.15,70.46,6.77,0.0,22.77,0.0,100.0,32.42,24.64,0.43,0.0,1.01,11.24,27.52,42.22,8.65,7.06,0.0,375.0,318.0,15.0,220.0,68.0,8.0,489.0,47.0,0.0,158.0,0.0,694.0,225.0,171.0,3.0,0.0,7.0,78.0,191.0,293.0,60.0,49.0,0.0,34.29,14.41,15.27,0.29,26.37,0.0,1.59,5.91,0.0,0.0,0.58,0.0,0.0,1.01,70.46,6.77,0.0,22.77,0.0,100.0,19.6,13.54,43.23,23.63,238.0,100.0,106.0,2.0,183.0,0.0,11.0,41.0,0.0,0.0,4.0,0.0,0.0,7.0,489.0,47.0,0.0,158.0,0.0,694.0,136.0,94.0,300.0,164.0
3555307,45.71,54.29,0.0,72.65,27.35,0.0,68.98,4.49,0.0,26.53,0.0,100.0,0.82,13.88,43.67,31.43,6.12,4.08,0.0,112.0,133.0,0.0,178.0,67.0,0.0,169.0,11.0,0.0,65.0,0.0,245.0,2.0,34.0,107.0,77.0,15.0,10.0,0.0,105.0,46.0,0.0,5.0,36.0,112.0,133.0,178.0,67.0,0.0,31.0,11.0,47.0,59.0,47.0,50.0,0.0,245.0,24.0,30.0,54.68,45.32,2.03,84.44,27.73,56.6,15.45,0.0,0.11,100.0,0.45,5.86,24.46,44.19,14.66,8.46,0.0,69.22,2.82,485.0,402.0,18.0,749.0,246.0,502.0,137.0,0.0,1.0,887.0,4.0,52.0,217.0,392.0,130.0,75.0,0.0,614.0,25.0,35.99,10.42,4.07,0.0,34.69,0.0,0.0,11.4,0.0,0.0,2.44,0.81,0.0,0.0,79.48,20.36,0.0,37.95,10.59,0.0,74.92,4.56,0.0,20.52,0.0,100.0,28.66,22.31,0.33,0.0,221.0,64.0,25.0,0.0,213.0,0.0,0.0,70.0,0.0,0.0,15.0,5.0,0.0,0.0,488.0,125.0,0.0,233.0,65.0,0.0,460.0,28.0,0.0,126.0,0.0,614.0,176.0,137.0,2.0,0.0,59.78,40.22,1.88,37.72,10.95,0.0,74.8,4.38,0.0,20.81,0.0,100.0,28.79,21.75,0.78,0.0,0.31,6.73,27.54,42.88,12.36,8.14,0.0,382.0,257.0,12.0,241.0,70.0,0.0,478.0,28.0,0.0,133.0,0.0,639.0,184.0,139.0,5.0,0.0,2.0,43.0,176.0,274.0,79.0,52.0,0.0,35.21,10.02,3.91,0.0,35.99,0.0,0.0,11.74,0.0,0.0,2.35,0.78,0.0,0.0,74.8,4.38,0.0,20.81,0.0,100.0,17.37,13.62,44.13,24.88,225.0,64.0,25.0,0.0,230.0,0.0,0.0,75.0,0.0,0.0,15.0,5.0,0.0,0.0,478.0,28.0,0.0,133.0,0.0,639.0,111.0,87.0,282.0,159.0
3555356,50.9,49.1,0.0,93.3,6.7,0.0,52.77,3.35,0.0,43.96,0.0,100.0,9.74,21.51,42.87,20.27,1.79,0.55,3.35,653.0,630.0,0.0,1197.0,86.0,0.0,677.0,43.0,0.0,564.0,0.0,1283.0,125.0,276.0,550.0,260.0,23.0,7.0,43.0,714.0,186.0,3.0,4.0,65.0,653.0,630.0,1197.0,86.0,0.0,62.0,60.0,373.0,307.0,217.0,264.0,0.0,1283.0,140.0,171.0,59.72,40.28,0.33,76.53,13.55,63.02,21.93,0.0,1.34,100.0,2.77,10.94,40.56,34.62,7.24,3.54,0.0,81.16,3.78,1468.0,990.0,8.0,1881.0,333.0,1549.0,539.0,0.0,33.0,2458.0,68.0,269.0,997.0,851.0,178.0,87.0,0.0,1995.0,93.0,14.79,16.64,4.06,0.7,20.85,0.15,2.46,38.9,0.0,0.0,1.3,0.0,0.0,0.0,76.69,23.31,0.0,17.99,15.64,2.66,50.58,6.77,0.15,42.36,0.15,100.0,31.53,32.03,0.0,0.15,295.0,332.0,81.0,14.0,416.0,3.0,49.0,776.0,0.0,0.0,26.0,0.0,0.0,0.0,1530.0,465.0,0.0,359.0,312.0,53.0,1009.0,135.0,3.0,845.0,3.0,1995.0,629.0,639.0,0.0,3.0,61.54,38.46,0.38,17.43,15.71,3.26,50.72,6.47,0.29,42.34,0.14,100.0,30.6,31.37,0.24,1.34,2.59,10.06,40.13,36.78,6.42,3.64,0.0,1285.0,803.0,8.0,364.0,328.0,68.0,1059.0,135.0,6.0,884.0,3.0,2088.0,639.0,655.0,5.0,28.0,54.0,210.0,838.0,768.0,134.0,76.0,0.0,14.13,16.14,4.21,0.67,21.6,0.14,2.68,38.55,0.0,0.0,1.53,0.0,0.0,0.0,50.72,6.47,0.29,42.34,0.14,100.0,31.66,13.12,41.81,13.36,295.0,337.0,88.0,14.0,451.0,3.0,56.0,805.0,0.0,0.0,32.0,0.0,0.0,0.0,1059.0,135.0,6.0,884.0,3.0,2088.0,661.0,274.0,873.0,279.0
3555406,49.6,50.4,1.3,91.64,7.9,0.32,54.46,6.62,0.82,37.22,0.89,100.0,7.98,21.63,36.02,21.82,6.3,2.91,2.04,10975.0,11153.0,288.0,20278.0,1748.0,70.0,12051.0,1464.0,181.0,8236.0,196.0,22128.0,1766.0,4787.0,7970.0,4829.0,1393.0,643.0,451.0,10951.0,3741.0,377.0,169.0,1881.0,10988.0,11153.0,20291.0,1748.0,70.0,1426.0,2135.0,6210.0,4551.0,3245.0,4299.0,275.0,22141.0,2300.0,2721.0,55.54,44.46,3.37,94.97,13.73,81.24,2.45,0.04,0.34,100.0,1.9,9.56,31.42,36.99,11.12,5.57,0.08,79.73,3.99,26679.0,21359.0,1617.0,45624.0,6598.0,39026.0,1178.0,21.0,161.0,48038.0,912.0,4594.0,15092.0,17770.0,5342.0,2674.0,37.0,38302.0,1918.0,11.25,38.77,13.99,0.57,24.88,0.05,0.35,7.89,0.0,0.0,0.13,0.05,0.13,0.31,97.9,2.1,0.0,12.03,13.88,3.58,50.03,10.84,0.51,38.29,0.34,100.0,32.39,37.45,0.05,0.07,4313.0,14861.0,5361.0,220.0,9537.0,21.0,134.0,3024.0,0.0,0.0,49.0,20.0,51.0,120.0,37521.0,806.0,0.0,4610.0,5318.0,1374.0,19174.0,4154.0,195.0,14674.0,129.0,38327.0,12416.0,14354.0,18.0,25.0,56.92,43.08,2.86,11.83,13.79,4.33,49.86,10.83,0.48,38.45,0.37,100.0,31.73,36.87,0.44,0.27,1.86,9.92,32.4,37.72,10.15,5.03,0.07,22897.0,17328.0,1150.0,4757.0,5545.0,1740.0,20055.0,4356.0,195.0,15468.0,150.0,40224.0,12764.0,14832.0,175.0,109.0,747.0,3990.0,13032.0,15173.0,4081.0,2023.0,28.0,11.55,38.11,13.59,0.59,24.81,0.05,0.34,8.4,0.0,0.0,0.12,0.08,0.13,0.35,49.87,10.84,0.48,38.43,0.37,100.0,22.89,16.52,44.87,15.72,4647.0,15338.0,5470.0,238.0,9987.0,21.0,135.0,3379.0,0.0,0.0,49.0,31.0,51.0,142.0,20071.0,4364.0,195.0,15469.0,150.0,40249.0,9214.0,6649.0,18059.0,6327.0
3555505,49.18,50.82,0.0,87.03,12.97,0.0,63.3,0.82,0.33,35.64,0.0,100.0,10.69,25.61,37.11,18.76,6.2,0.98,0.57,603.0,623.0,0.0,1067.0,159.0,0.0,776.0,10.0,4.0,437.0,0.0,1226.0,131.0,314.0,455.0,230.0,76.0,12.0,7.0,665.0,205.0,3.0,0.0,61.0,603.0,623.0,1067.0,159.0,0.0,52.0,60.0,338.0,316.0,191.0,258.0,10.0,1226.0,71.0,220.0,64.39,35.61,1.44,91.43,18.12,73.3,8.15,0.0,0.34,100.0,2.16,11.93,36.97,34.25,8.19,5.09,0.0,79.88,1.53,1517.0,839.0,34.0,2154.0,427.0,1727.0,192.0,0.0,8.0,2356.0,51.0,281.0,871.0,807.0,193.0,120.0,0.0,1882.0,36.0,26.61,0.8,4.57,0.11,30.86,0.0,3.24,32.4,0.0,0.0,1.27,0.0,0.0,0.16,91.45,8.55,0.0,15.93,15.93,8.07,60.54,3.24,0.0,36.22,0.0,100.0,36.17,23.9,0.0,0.0,501.0,15.0,86.0,2.0,581.0,0.0,61.0,610.0,0.0,0.0,24.0,0.0,0.0,3.0,1722.0,161.0,0.0,300.0,300.0,152.0,1140.0,61.0,0.0,682.0,0.0,1883.0,681.0,450.0,0.0,0.0,63.71,36.29,0.94,15.64,15.8,8.86,60.74,3.18,0.0,36.08,0.0,100.0,35.45,23.46,0.16,0.47,2.09,11.73,37.02,34.88,8.45,5.01,0.0,1222.0,696.0,18.0,300.0,303.0,170.0,1165.0,61.0,0.0,692.0,0.0,1918.0,680.0,450.0,3.0,9.0,40.0,225.0,710.0,669.0,162.0,96.0,0.0,26.11,0.78,4.64,0.1,31.21,0.0,3.18,31.94,0.0,0.0,1.41,0.0,0.0,0.16,60.76,3.18,0.0,36.06,0.0,100.0,27.98,16.73,40.28,15.06,501.0,15.0,89.0,2.0,599.0,0.0,61.0,613.0,0.0,0.0,27.0,0.0,0.0,3.0,1166.0,61.0,0.0,692.0,0.0,1919.0,537.0,321.0,773.0,289.0
3555604,49.62,50.33,1.29,86.36,13.59,0.0,66.68,3.0,0.0,30.32,0.0,100.0,4.63,16.64,40.37,26.4,5.09,3.34,2.21,1190.0,1207.0,31.0,2071.0,326.0,0.0,1599.0,72.0,0.0,727.0,0.0,2398.0,111.0,399.0,968.0,633.0,122.0,80.0,53.0,1226.0,315.0,49.0,11.0,316.0,1190.0,1207.0,2071.0,326.0,0.0,289.0,219.0,617.0,503.0,319.0,434.0,18.0,2398.0,273.0,208.0,57.4,42.6,2.69,67.38,10.32,57.07,30.79,0.0,1.25,100.0,1.46,8.26,31.25,40.2,10.28,5.86,0.0,84.92,2.94,2988.0,2218.0,140.0,3508.0,537.0,2971.0,1603.0,0.0,65.0,5206.0,76.0,430.0,1627.0,2093.0,535.0,305.0,0.0,4421.0,153.0,23.95,3.03,14.25,0.2,38.95,0.0,1.36,16.38,0.0,0.0,0.5,0.0,0.0,0.7,66.03,34.0,0.0,14.91,20.9,2.49,65.73,5.86,0.11,28.3,0.0,100.0,30.45,30.4,0.48,0.0,1059.0,134.0,630.0,9.0,1722.0,0.0,60.0,724.0,0.0,0.0,22.0,0.0,0.0,31.0,2919.0,1503.0,0.0,659.0,924.0,110.0,2906.0,259.0,5.0,1251.0,0.0,4421.0,1346.0,1344.0,21.0,0.0,57.19,42.81,2.19,14.49,21.25,2.51,65.26,5.75,0.11,28.9,0.0,100.0,29.73,30.63,0.9,0.11,1.55,8.15,32.2,40.16,10.19,5.57,0.0,2616.0,1958.0,100.0,663.0,972.0,115.0,2985.0,263.0,5.0,1322.0,0.0,4574.0,1360.0,1401.0,41.0,5.0,71.0,373.0,1473.0,1837.0,466.0,255.0,0.0,23.46,3.06,14.28,0.2,39.11,0.0,1.31,16.44,0.0,0.0,0.72,0.0,0.0,0.79,65.26,5.75,0.11,28.9,0.0,100.0,27.87,19.06,34.32,18.74,1073.0,140.0,653.0,9.0,1789.0,0.0,60.0,752.0,0.0,0.0,33.0,0.0,0.0,36.0,2985.0,263.0,5.0,1322.0,0.0,4574.0,1275.0,872.0,1570.0,857.0
3555703,49.74,50.26,1.03,93.08,6.92,0.0,51.54,5.64,0.51,42.31,0.0,100.0,6.92,18.46,43.33,22.82,5.9,0.51,0.77,194.0,196.0,4.0,363.0,27.0,0.0,201.0,22.0,2.0,165.0,0.0,390.0,27.0,72.0,169.0,89.0,23.0,2.0,3.0,190.0,61.0,0.0,0.0,22.0,194.0,196.0,363.0,27.0,0.0,19.0,8.0,97.0,96.0,61.0,107.0,2.0,390.0,69.0,48.0,56.3,43.7,1.09,75.18,23.61,51.45,20.82,0.0,1.82,100.0,1.09,7.02,36.08,44.43,8.6,1.69,0.0,70.46,1.82,465.0,361.0,9.0,621.0,195.0,425.0,172.0,0.0,15.0,826.0,9.0,58.0,298.0,367.0,71.0,14.0,0.0,582.0,15.0,33.33,6.36,4.12,2.75,24.74,0.0,3.44,24.57,0.0,0.0,0.69,0.0,0.0,0.0,71.65,28.35,0.0,24.23,6.7,4.81,49.48,9.97,0.52,40.03,0.0,100.0,39.86,24.05,0.34,0.0,194.0,37.0,24.0,16.0,144.0,0.0,20.0,143.0,0.0,0.0,4.0,0.0,0.0,0.0,417.0,165.0,0.0,141.0,39.0,28.0,288.0,58.0,3.0,233.0,0.0,582.0,232.0,140.0,2.0,0.0,54.61,45.56,1.51,24.62,6.53,5.36,50.08,10.05,0.5,39.36,0.0,100.0,38.86,23.62,0.67,0.0,1.34,7.71,37.35,42.88,7.37,1.84,0.0,326.0,272.0,9.0,147.0,39.0,32.0,299.0,60.0,3.0,235.0,0.0,597.0,232.0,141.0,4.0,0.0,8.0,46.0,223.0,256.0,44.0,11.0,0.0,33.17,6.2,4.02,2.68,24.96,0.0,3.35,24.29,0.0,0.0,1.01,0.0,0.0,0.0,50.08,10.05,0.5,39.36,0.0,100.0,25.13,16.58,42.71,15.58,198.0,37.0,24.0,16.0,149.0,0.0,20.0,145.0,0.0,0.0,6.0,0.0,0.0,0.0,299.0,60.0,3.0,235.0,0.0,597.0,150.0,99.0,255.0,93.0
3555802,48.61,51.33,0.65,71.65,28.12,0.24,66.63,2.6,1.77,29.0,0.0,100.0,5.08,18.78,36.68,27.7,8.21,2.13,0.77,823.0,869.0,11.0,1213.0,476.0,4.0,1128.0,44.0,30.0,491.0,0.0,1693.0,86.0,318.0,621.0,469.0,139.0,36.0,13.0,884.0,217.0,50.0,21.0,195.0,823.0,869.0,1213.0,476.0,4.0,146.0,92.0,466.0,428.0,278.0,282.0,0.0,1693.0,115.0,211.0,60.37,39.61,2.0,71.1,10.91,60.19,24.93,0.0,3.52,100.0,1.02,5.57,27.95,46.44,12.35,4.69,0.0,81.96,3.17,2419.0,1587.0,80.0,2849.0,437.0,2412.0,999.0,0.0,141.0,4007.0,41.0,223.0,1120.0,1861.0,495.0,188.0,0.0,3284.0,127.0,15.07,8.83,22.53,0.15,36.3,0.0,3.96,11.51,0.0,0.0,0.18,0.0,0.0,0.21,71.59,28.41,0.0,19.18,13.79,1.71,64.8,3.44,0.94,30.79,0.0,100.0,36.57,27.71,0.0,0.0,495.0,290.0,740.0,5.0,1192.0,0.0,130.0,378.0,0.0,0.0,6.0,0.0,0.0,7.0,2351.0,933.0,0.0,630.0,453.0,56.0,2128.0,113.0,31.0,1011.0,0.0,3284.0,1201.0,910.0,0.0,0.0,59.66,40.34,1.76,18.79,13.4,1.88,64.53,3.31,0.91,31.05,0.21,100.0,36.85,27.47,0.0,0.62,1.2,5.54,27.7,47.35,11.73,4.75,0.0,2035.0,1376.0,60.0,641.0,457.0,64.0,2201.0,113.0,31.0,1059.0,7.0,3411.0,1257.0,937.0,0.0,21.0,41.0,189.0,945.0,1615.0,400.0,162.0,0.0,14.66,8.74,22.49,0.26,36.7,0.0,3.81,11.29,0.0,0.0,0.44,0.0,0.0,0.41,64.53,3.31,0.91,31.05,0.21,100.0,19.14,16.3,43.62,20.9,500.0,298.0,767.0,9.0,1252.0,0.0,130.0,385.0,0.0,0.0,15.0,0.0,0.0,14.0,2201.0,113.0,31.0,1059.0,7.0,3411.0,653.0,556.0,1488.0,713.0
3555901,49.71,50.29,0.58,84.1,15.9,0.0,76.01,1.73,0.0,22.25,0.0,100.0,13.58,13.29,39.31,26.59,4.62,2.02,0.0,172.0,174.0,2.0,291.0,55.0,0.0,263.0,6.0,0.0,77.0,0.0,346.0,47.0,46.0,136.0,92.0,16.0,7.0,0.0,151.0,38.0,4.0,0.0,70.0,172.0,174.0,291.0,55.0,0.0,42.0,36.0,89.0,72.0,38.0,68.0,0.0,346.0,53.0,30.0,57.79,42.21,1.75,82.97,16.74,66.23,17.03,0.0,0.0,100.0,4.08,9.46,34.79,37.12,9.46,3.49,0.0,81.66,1.46,397.0,290.0,12.0,570.0,115.0,455.0,117.0,0.0,0.0,687.0,28.0,65.0,239.0,255.0,65.0,24.0,0.0,561.0,10.0,46.35,1.6,7.66,0.89,34.94,0.0,1.6,4.63,0.0,0.0,0.36,0.0,0.0,0.53,80.39,19.79,0.0,29.23,8.38,2.14,69.16,5.35,0.0,25.49,0.0,100.0,42.78,15.86,0.71,0.0,260.0,9.0,43.0,5.0,196.0,0.0,9.0,26.0,0.0,0.0,2.0,0.0,0.0,3.0,451.0,111.0,0.0,164.0,47.0,12.0,388.0,30.0,0.0,143.0,0.0,561.0,240.0,89.0,4.0,0.0,55.94,44.06,1.22,28.67,8.22,2.45,69.06,5.59,0.0,25.52,0.0,100.0,42.31,15.91,0.7,0.52,2.27,8.74,37.24,36.89,10.14,3.5,0.0,320.0,252.0,7.0,164.0,47.0,14.0,395.0,32.0,0.0,146.0,0.0,572.0,242.0,91.0,4.0,3.0,13.0,50.0,213.0,211.0,58.0,20.0,0.0,45.63,1.57,7.87,0.87,35.14,0.0,1.57,4.55,0.0,0.0,0.35,0.0,0.0,0.52,69.06,5.59,0.0,25.52,0.0,100.0,28.32,13.46,35.66,22.55,261.0,9.0,45.0,5.0,201.0,0.0,9.0,26.0,0.0,0.0,2.0,0.0,0.0,3.0,395.0,32.0,0.0,146.0,0.0,572.0,162.0,77.0,204.0,129.0
3556008,48.55,51.45,1.24,89.78,10.22,0.0,67.97,1.77,0.0,30.29,0.0,100.0,6.22,17.2,37.42,29.16,4.83,2.79,1.13,1287.0,1364.0,33.0,2380.0,271.0,0.0,1802.0,47.0,0.0,803.0,0.0,2651.0,165.0,456.0,992.0,773.0,128.0,74.0,30.0,1325.0,397.0,11.0,15.0,287.0,1287.0,1364.0,2380.0,271.0,0.0,229.0,164.0,746.0,558.0,396.0,520.0,38.0,2651.0,227.0,389.0,57.04,42.96,2.56,89.23,10.15,79.09,9.79,0.0,0.27,100.0,0.78,5.61,27.36,44.68,13.49,5.44,0.09,87.04,1.83,4013.0,3023.0,180.0,6278.0,714.0,5565.0,689.0,0.0,19.0,7036.0,55.0,395.0,1925.0,3144.0,949.0,383.0,6.0,6124.0,129.0,20.61,9.83,14.21,0.08,41.75,0.11,1.16,9.68,0.0,0.0,0.88,0.0,0.1,0.87,89.97,10.03,0.0,22.19,7.35,2.45,70.95,3.35,0.1,25.46,0.16,100.0,40.38,27.17,0.07,0.0,1262.0,602.0,870.0,5.0,2557.0,7.0,71.0,593.0,0.0,0.0,54.0,0.0,6.0,53.0,5510.0,614.0,0.0,1359.0,450.0,150.0,4345.0,205.0,6.0,1559.0,10.0,6124.0,2473.0,1664.0,4.0,0.0,57.61,42.39,2.53,22.11,7.39,2.57,71.38,3.28,0.1,25.09,0.16,100.0,39.93,26.83,0.4,0.19,0.77,5.76,27.9,43.6,13.8,5.55,0.1,3603.0,2651.0,158.0,1383.0,462.0,161.0,4464.0,205.0,6.0,1569.0,10.0,6254.0,2497.0,1678.0,25.0,12.0,48.0,360.0,1745.0,2727.0,863.0,347.0,6.0,20.35,9.63,14.34,0.08,41.73,0.11,1.14,9.61,0.0,0.0,0.86,0.0,0.1,1.17,71.38,3.28,0.1,25.09,0.16,100.0,22.67,16.02,41.93,19.38,1273.0,602.0,897.0,5.0,2610.0,7.0,71.0,601.0,0.0,0.0,54.0,0.0,6.0,73.0,4464.0,205.0,6.0,1569.0,10.0,6254.0,1418.0,1002.0,2622.0,1212.0
3556107,51.18,48.82,0.85,80.7,19.3,0.0,58.35,3.52,0.07,38.07,0.0,100.0,4.8,19.99,35.7,28.73,5.06,2.1,2.73,1557.0,1485.0,26.0,2455.0,587.0,0.0,1775.0,107.0,2.0,1158.0,0.0,3042.0,146.0,608.0,1086.0,874.0,154.0,64.0,83.0,1587.0,590.0,7.0,56.0,186.0,1557.0,1485.0,2455.0,587.0,0.0,183.0,223.0,859.0,709.0,497.0,567.0,5.0,3042.0,219.0,397.0,57.56,42.44,1.42,84.68,16.47,68.2,14.13,0.0,0.23,100.0,0.44,6.51,27.77,46.54,12.87,4.45,0.0,77.3,5.03,3959.0,2919.0,98.0,5824.0,1133.0,4691.0,972.0,0.0,16.0,6878.0,30.0,448.0,1910.0,3201.0,885.0,306.0,0.0,5317.0,346.0,16.36,11.1,22.93,0.47,38.63,0.0,0.24,8.29,0.0,0.0,0.36,0.11,0.0,0.26,84.16,15.84,0.0,20.5,7.67,1.62,55.48,6.26,0.47,37.78,0.0,100.0,45.36,24.62,0.15,0.0,870.0,590.0,1219.0,25.0,2054.0,0.0,13.0,441.0,0.0,0.0,19.0,6.0,0.0,14.0,4475.0,842.0,0.0,1090.0,408.0,86.0,2950.0,333.0,25.0,2009.0,0.0,5317.0,2412.0,1309.0,8.0,0.0,57.23,42.77,1.48,20.47,8.26,2.14,55.43,6.37,0.44,37.74,0.0,100.0,44.18,24.0,0.23,0.32,0.46,6.04,27.12,46.9,13.33,4.66,0.0,3241.0,2422.0,84.0,1159.0,468.0,121.0,3139.0,361.0,25.0,2137.0,0.0,5663.0,2502.0,1359.0,13.0,18.0,26.0,342.0,1536.0,2656.0,755.0,264.0,0.0,16.1,10.77,22.41,0.44,38.8,0.0,0.23,8.32,0.0,0.0,0.9,0.11,0.0,0.58,55.43,6.37,0.44,37.74,0.0,100.0,23.49,19.28,42.26,14.97,912.0,610.0,1269.0,25.0,2197.0,0.0,13.0,471.0,0.0,0.0,51.0,6.0,0.0,33.0,3139.0,361.0,25.0,2137.0,0.0,5663.0,1330.0,1092.0,2393.0,848.0
3556206,49.33,50.67,11.5,76.9,22.92,0.18,73.01,3.59,1.25,22.1,0.04,100.0,2.84,7.64,21.9,29.26,13.06,12.61,1.18,14784.0,15184.0,3446.0,23046.0,6867.0,55.0,21880.0,1077.0,375.0,6624.0,11.0,29967.0,851.0,2290.0,6563.0,8769.0,3915.0,3780.0,354.0,12961.0,4766.0,1266.0,249.0,5013.0,14784.0,15203.0,23065.0,6867.0,55.0,3820.0,4136.0,6944.0,5532.0,3958.0,4959.0,639.0,29987.0,2597.0,3134.0,54.78,45.23,14.35,70.69,14.57,56.12,25.67,0.05,1.7,100.0,0.42,2.69,14.21,35.12,17.61,15.59,0.01,78.26,3.54,37467.0,30934.0,9816.0,48351.0,9964.0,38388.0,17557.0,31.0,1161.0,68400.0,285.0,1837.0,9723.0,24021.0,12044.0,10663.0,10.0,53533.0,2420.0,8.94,0.93,7.33,0.23,62.18,0.37,2.5,15.36,0.14,0.02,0.37,0.04,0.02,0.29,69.08,30.92,0.0,6.64,17.26,5.71,69.6,5.74,0.65,23.95,0.06,100.0,27.72,41.86,0.2,0.02,4794.0,496.0,3932.0,123.0,33338.0,198.0,1342.0,8234.0,73.0,11.0,198.0,21.0,11.0,155.0,37034.0,16580.0,0.0,3561.0,9256.0,3062.0,37313.0,3080.0,347.0,12840.0,33.0,53614.0,14863.0,22445.0,106.0,10.0,55.36,44.64,13.16,6.72,16.96,5.8,69.62,5.74,0.66,23.92,0.06,100.0,27.35,41.86,0.34,0.11,0.31,2.85,14.61,36.54,17.54,14.97,0.02,30989.0,24987.0,7367.0,3764.0,9494.0,3247.0,38969.0,3214.0,368.0,13392.0,33.0,55976.0,15311.0,23429.0,188.0,63.0,176.0,1595.0,8179.0,20454.0,9818.0,8377.0,10.0,8.96,0.92,7.29,0.22,61.9,0.39,2.43,15.28,0.15,0.02,0.39,0.04,0.02,0.41,69.6,5.73,0.66,23.96,0.06,100.0,12.63,12.43,39.37,35.57,5022.0,518.0,4089.0,123.0,34702.0,218.0,1362.0,8565.0,83.0,11.0,217.0,21.0,11.0,231.0,39013.0,3214.0,368.0,13429.0,33.0,56057.0,7078.0,6966.0,22071.0,19941.0
3556305,50.58,49.4,0.72,90.41,9.59,0.0,45.91,6.13,0.4,47.54,0.0,100.0,14.36,22.27,27.71,25.67,5.45,2.19,1.63,2796.0,2731.0,40.0,4998.0,530.0,0.0,2538.0,339.0,22.0,2628.0,0.0,5528.0,794.0,1231.0,1532.0,1419.0,301.0,121.0,90.0,2789.0,933.0,154.0,38.0,417.0,2796.0,2731.0,4998.0,530.0,0.0,401.0,656.0,1501.0,1208.0,749.0,933.0,79.0,5528.0,615.0,581.0,58.93,41.07,2.26,95.15,9.89,85.26,4.4,0.13,0.1,100.0,2.51,9.09,27.14,37.55,14.16,7.19,0.11,86.89,2.9,5485.0,3823.0,210.0,8857.0,921.0,7936.0,410.0,12.0,9.0,9308.0,234.0,846.0,2526.0,3495.0,1318.0,669.0,10.0,8088.0,270.0,23.46,3.11,6.64,1.15,35.56,0.0,3.48,24.15,0.0,0.0,0.79,0.0,0.11,0.48,96.09,3.91,0.0,18.35,20.81,7.34,42.61,10.18,0.65,46.56,0.0,100.0,26.01,26.74,0.11,0.0,1902.0,252.0,538.0,93.0,2883.0,0.0,282.0,1958.0,0.0,0.0,64.0,0.0,9.0,39.0,7791.0,317.0,0.0,1488.0,1687.0,595.0,3455.0,825.0,53.0,3775.0,0.0,8108.0,2109.0,2168.0,9.0,0.0,61.12,38.88,1.52,17.95,20.69,7.38,42.59,9.94,0.63,46.83,0.0,100.0,25.46,26.76,0.2,0.93,2.67,8.71,27.29,38.41,14.33,6.95,0.12,5108.0,3250.0,127.0,1500.0,1729.0,617.0,3560.0,831.0,53.0,3914.0,0.0,8358.0,2128.0,2237.0,17.0,78.0,223.0,728.0,2281.0,3210.0,1198.0,581.0,10.0,23.42,3.22,6.42,1.11,35.51,0.0,3.37,24.29,0.0,0.0,0.76,0.0,0.11,0.61,42.49,10.04,0.63,46.84,0.0,100.0,19.54,12.41,48.64,19.41,1962.0,270.0,538.0,93.0,2975.0,0.0,282.0,2035.0,0.0,0.0,64.0,0.0,9.0,51.0,3560.0,841.0,53.0,3924.0,0.0,8378.0,1637.0,1040.0,4075.0,1626.0
3556354,47.67,52.29,0.44,74.01,25.95,0.0,66.46,3.01,0.2,30.3,0.0,100.0,11.04,12.74,33.86,28.36,9.57,2.77,1.23,1205.0,1322.0,11.0,1871.0,656.0,0.0,1680.0,76.0,5.0,766.0,0.0,2528.0,279.0,322.0,856.0,717.0,242.0,70.0,31.0,1340.0,352.0,42.0,34.0,295.0,1205.0,1322.0,1871.0,656.0,0.0,207.0,384.0,682.0,544.0,294.0,361.0,55.0,2528.0,159.0,305.0,57.95,42.05,1.02,56.79,17.16,39.65,39.69,0.0,1.2,100.0,1.53,5.89,31.03,41.71,15.4,3.44,0.0,77.83,1.51,2951.0,2141.0,52.0,2892.0,874.0,2019.0,2021.0,0.0,61.0,5092.0,78.0,300.0,1580.0,2124.0,784.0,175.0,0.0,3963.0,77.0,16.63,1.94,7.27,0.71,35.53,0.0,5.45,29.25,0.0,0.0,0.38,0.0,0.0,0.98,50.11,49.89,0.0,7.24,16.81,2.47,64.47,5.22,0.2,30.1,0.0,100.0,25.59,47.49,0.18,0.0,659.0,77.0,288.0,28.0,1408.0,0.0,216.0,1159.0,0.0,0.0,15.0,0.0,0.0,39.0,1986.0,1977.0,0.0,287.0,666.0,98.0,2555.0,207.0,8.0,1193.0,0.0,3963.0,1014.0,1882.0,7.0,0.0,56.96,43.04,1.11,7.25,16.49,2.95,64.95,5.12,0.2,29.7,0.0,100.0,25.22,47.52,0.35,0.07,1.53,5.4,31.68,39.95,16.26,4.08,0.0,2301.0,1739.0,45.0,293.0,666.0,119.0,2624.0,207.0,8.0,1200.0,0.0,4040.0,1019.0,1920.0,14.0,3.0,62.0,218.0,1280.0,1614.0,657.0,165.0,0.0,16.88,2.03,7.13,0.69,35.25,0.0,5.42,29.16,0.0,0.0,0.45,0.0,0.0,0.97,64.95,5.12,0.2,29.7,0.0,100.0,26.39,17.4,44.23,11.96,682.0,82.0,288.0,28.0,1424.0,0.0,219.0,1178.0,0.0,0.0,18.0,0.0,0.0,39.0,2624.0,207.0,8.0,1200.0,0.0,4040.0,1066.0,703.0,1787.0,483.0
3556404,50.21,49.8,1.45,88.58,11.43,0.0,65.89,7.08,0.17,26.77,0.09,100.0,5.57,30.84,28.94,22.65,5.08,1.13,4.35,4814.0,4774.0,139.0,8492.0,1096.0,0.0,6317.0,679.0,16.0,2566.0,9.0,9587.0,534.0,2957.0,2774.0,2171.0,487.0,108.0,417.0,4454.0,1876.0,172.0,81.0,976.0,4819.0,4774.0,8497.0,1096.0,0.0,833.0,1559.0,2312.0,1678.0,1279.0,1743.0,188.0,9593.0,883.0,1152.0,59.64,40.36,2.45,85.93,10.8,75.12,12.13,0.0,0.37,100.0,1.42,11.92,29.13,41.76,9.86,3.41,0.06,82.47,4.79,10681.0,7227.0,439.0,15388.0,1934.0,13453.0,2173.0,0.0,67.0,17908.0,254.0,2134.0,5217.0,7478.0,1765.0,611.0,11.0,14769.0,858.0,19.7,10.18,15.99,0.68,31.53,0.0,3.12,16.09,0.0,0.0,1.07,0.07,0.0,0.37,87.0,13.0,0.0,14.97,14.71,2.99,64.89,8.4,0.05,26.61,0.05,100.0,33.8,33.05,0.16,0.0,2910.0,1504.0,2362.0,101.0,4657.0,0.0,461.0,2376.0,0.0,0.0,158.0,10.0,0.0,55.0,12849.0,1920.0,0.0,2211.0,2173.0,442.0,9583.0,1241.0,8.0,3930.0,7.0,14769.0,4992.0,4881.0,24.0,0.0,61.73,38.27,2.41,14.51,14.57,3.29,65.53,8.04,0.05,26.34,0.04,100.0,32.99,33.22,0.72,0.31,1.55,11.25,29.6,42.3,9.53,3.37,0.0,9646.0,5981.0,376.0,2267.0,2277.0,514.0,10240.0,1256.0,8.0,4116.0,7.0,15627.0,5156.0,5192.0,112.0,48.0,242.0,1758.0,4625.0,6610.0,1489.0,526.0,0.0,19.0,9.69,15.38,0.66,33.24,0.0,3.13,15.82,0.0,0.0,1.2,0.06,0.0,0.35,65.53,8.04,0.05,26.34,0.04,100.0,31.73,18.49,34.54,15.24,2969.0,1514.0,2403.0,103.0,5194.0,0.0,489.0,2472.0,0.0,0.0,187.0,10.0,0.0,55.0,10240.0,1256.0,8.0,4116.0,7.0,15627.0,4959.0,2890.0,5397.0,2381.0
3556453,50.66,49.34,5.03,84.19,15.46,0.25,59.15,5.53,1.46,33.86,0.0,100.0,5.28,18.62,27.91,26.66,6.04,7.91,2.55,6413.0,6247.0,637.0,10658.0,1957.0,32.0,7488.0,700.0,185.0,4287.0,0.0,12660.0,668.0,2357.0,3533.0,3375.0,765.0,1002.0,323.0,6277.0,2076.0,295.0,87.0,1656.0,6413.0,6257.0,10669.0,1957.0,32.0,1094.0,1416.0,3757.0,2532.0,1824.0,1962.0,84.0,12670.0,998.0,1281.0,56.14,43.86,7.96,69.13,15.25,53.88,28.19,0.0,0.74,100.0,1.02,8.33,24.45,35.16,11.38,11.64,0.05,78.85,3.22,12999.0,10154.0,1844.0,16005.0,3531.0,12474.0,6527.0,0.0,172.0,23153.0,237.0,1929.0,5662.0,8140.0,2635.0,2694.0,11.0,18256.0,745.0,17.92,1.14,5.97,0.18,49.47,0.12,0.61,20.78,0.0,0.13,0.38,0.07,0.0,0.45,66.76,33.24,0.0,5.9,24.06,12.71,55.42,6.99,2.08,35.45,0.05,100.0,24.62,29.27,2.36,0.13,3271.0,208.0,1089.0,32.0,9031.0,22.0,111.0,3793.0,0.0,23.0,69.0,12.0,0.0,83.0,12188.0,6068.0,0.0,1077.0,4392.0,2320.0,10118.0,1276.0,380.0,6472.0,10.0,18256.0,4495.0,5344.0,430.0,23.0,57.12,42.88,7.5,5.79,24.28,13.46,55.42,6.92,2.0,35.61,0.05,100.0,24.02,28.8,2.49,0.22,1.02,8.19,24.41,36.61,11.87,10.34,0.06,10853.0,8148.0,1425.0,1101.0,4613.0,2558.0,10530.0,1314.0,380.0,6767.0,10.0,19001.0,4564.0,5473.0,473.0,42.0,193.0,1557.0,4638.0,6956.0,2256.0,1965.0,11.0,17.37,1.21,5.9,0.17,49.82,0.12,0.58,21.1,0.0,0.12,0.36,0.06,0.0,0.44,55.42,6.92,2.0,35.61,0.05,100.0,13.2,15.31,43.42,28.06,3300.0,230.0,1121.0,32.0,9467.0,22.0,111.0,4009.0,0.0,23.0,69.0,12.0,0.0,83.0,10530.0,1314.0,380.0,6767.0,10.0,19001.0,2508.0,2909.0,8251.0,5332.0
3556503,50.2,49.8,0.49,81.83,18.1,0.07,56.3,6.61,0.15,36.84,0.0,100.0,5.52,18.29,36.92,28.82,5.6,1.92,2.46,14984.0,14867.0,145.0,24426.0,5402.0,22.0,16805.0,1972.0,44.0,10996.0,0.0,29851.0,1647.0,5459.0,11021.0,8602.0,1672.0,572.0,733.0,14325.0,5967.0,264.0,2024.0,2349.0,14984.0,14867.0,24426.0,5402.0,22.0,2592.0,5138.0,7806.0,5858.0,3885.0,3945.0,626.0,29851.0,1885.0,3036.0,57.23,42.77,1.69,50.33,9.0,41.33,42.41,0.0,3.06,100.0,1.03,6.97,27.67,44.68,13.29,4.67,0.0,79.95,3.77,31405.0,23474.0,927.0,27621.0,4938.0,22683.0,23272.0,0.0,1678.0,54879.0,567.0,3827.0,15187.0,24519.0,7291.0,2561.0,0.0,43874.0,2071.0,9.67,1.19,10.05,0.57,34.27,0.08,3.53,37.68,0.02,0.87,0.14,0.03,0.12,0.25,49.23,50.77,0.0,4.01,33.84,13.44,51.78,9.69,0.03,38.46,0.05,100.0,14.69,32.95,0.75,0.0,4243.0,522.0,4411.0,252.0,15039.0,34.0,1548.0,16537.0,9.0,383.0,61.0,11.0,53.0,111.0,21608.0,22280.0,0.0,1758.0,14851.0,5900.0,22725.0,4253.0,11.0,16878.0,20.0,43888.0,6448.0,14459.0,331.0,0.0,57.47,42.53,1.64,3.92,34.28,13.34,51.56,9.73,0.05,38.62,0.04,100.0,14.39,32.61,0.83,0.05,0.93,6.8,27.0,45.45,13.57,4.6,0.0,26410.0,19545.0,753.0,1803.0,15756.0,6130.0,23694.0,4470.0,22.0,17749.0,20.0,45956.0,6614.0,14988.0,383.0,23.0,428.0,3125.0,12410.0,20886.0,6237.0,2116.0,0.0,9.65,1.14,9.88,0.61,34.01,0.1,3.45,37.82,0.02,0.98,0.15,0.02,0.12,0.25,51.54,9.72,0.05,38.64,0.04,100.0,15.19,14.92,55.26,14.64,4438.0,522.0,4544.0,282.0,15635.0,45.0,1586.0,17385.0,9.0,452.0,67.0,11.0,53.0,116.0,23694.0,4470.0,22.0,17763.0,20.0,45970.0,6982.0,6859.0,25401.0,6728.0
3556602,49.37,50.67,1.3,80.73,19.05,0.0,53.05,3.82,0.31,42.81,0.0,100.0,4.18,20.44,36.34,23.72,7.1,4.36,2.52,1099.0,1128.0,29.0,1797.0,424.0,0.0,1181.0,85.0,7.0,953.0,0.0,2226.0,93.0,455.0,809.0,528.0,158.0,97.0,56.0,1070.0,453.0,43.0,17.0,233.0,1099.0,1128.0,1797.0,424.0,0.0,196.0,295.0,650.0,416.0,285.0,356.0,28.0,2226.0,130.0,279.0,56.94,43.06,1.96,61.89,17.37,44.52,35.1,0.0,0.45,100.0,0.22,8.88,31.19,38.27,12.34,7.17,0.0,64.04,15.57,2534.0,1916.0,87.0,2754.0,773.0,1981.0,1562.0,0.0,20.0,4450.0,10.0,395.0,1388.0,1703.0,549.0,319.0,0.0,2850.0,693.0,21.72,6.84,13.44,0.0,41.54,0.0,1.89,11.72,0.0,0.0,0.35,0.0,0.0,0.0,57.47,42.53,0.0,11.51,6.98,2.88,51.61,5.23,0.53,42.63,0.0,100.0,32.35,45.23,0.32,0.0,619.0,195.0,383.0,0.0,1184.0,0.0,54.0,334.0,0.0,0.0,10.0,0.0,0.0,0.0,1638.0,1212.0,0.0,328.0,199.0,82.0,1471.0,149.0,15.0,1215.0,0.0,2850.0,922.0,1289.0,9.0,0.0,57.78,42.22,1.35,12.14,6.92,2.51,51.59,5.59,0.42,42.39,0.0,100.0,32.49,44.12,0.9,0.34,0.11,8.19,29.18,41.18,12.53,7.45,0.0,2047.0,1496.0,48.0,430.0,245.0,89.0,1828.0,198.0,15.0,1502.0,0.0,3543.0,1151.0,1563.0,32.0,12.0,4.0,290.0,1034.0,1459.0,444.0,264.0,0.0,19.42,6.8,15.1,0.0,42.03,0.0,1.95,11.85,0.0,0.0,0.4,0.0,0.0,0.45,51.59,5.59,0.42,42.39,0.0,100.0,17.92,13.91,51.26,16.91,688.0,241.0,535.0,0.0,1489.0,0.0,69.0,420.0,0.0,0.0,14.0,0.0,0.0,16.0,1828.0,198.0,15.0,1502.0,0.0,3543.0,635.0,493.0,1816.0,599.0
3556701,50.37,49.63,13.88,85.18,14.5,0.2,67.91,5.25,0.63,26.16,0.04,100.0,2.29,6.84,25.38,27.96,10.12,11.86,1.66,9044.0,8912.0,2492.0,15295.0,2604.0,36.0,12194.0,943.0,114.0,4697.0,8.0,17956.0,412.0,1228.0,4558.0,5021.0,1817.0,2130.0,298.0,8778.0,2659.0,422.0,93.0,2162.0,9044.0,8912.0,15295.0,2604.0,36.0,1821.0,1537.0,4683.0,3964.0,2335.0,3493.0,122.0,17956.0,1930.0,1912.0,54.1,45.9,15.62,77.78,12.81,64.97,17.36,0.0,1.24,100.0,0.34,2.61,16.86,36.0,14.61,13.95,0.0,75.97,6.37,22527.0,19115.0,6506.0,32390.0,5336.0,27054.0,7231.0,0.0,517.0,41642.0,140.0,1088.0,7022.0,14993.0,6082.0,5809.0,0.0,31634.0,2651.0,11.53,1.12,8.06,0.24,59.25,0.67,1.52,16.79,0.1,0.0,0.01,0.0,0.0,0.29,79.5,20.5,0.0,7.26,21.24,4.9,63.85,6.8,0.85,28.39,0.12,100.0,29.48,36.75,0.09,0.0,3653.0,356.0,2552.0,76.0,18770.0,211.0,480.0,5318.0,33.0,0.0,2.0,0.0,0.0,93.0,25184.0,6495.0,0.0,2299.0,6730.0,1552.0,20227.0,2154.0,268.0,8995.0,37.0,31679.0,9340.0,11643.0,30.0,0.0,54.88,45.12,13.78,7.08,20.79,5.53,63.56,6.57,0.93,28.84,0.11,100.0,29.72,36.08,0.25,0.06,0.35,2.68,18.2,38.44,14.21,12.35,0.0,18816.0,15469.0,4726.0,2426.0,7127.0,1897.0,21791.0,2251.0,319.0,9887.0,37.0,34284.0,10189.0,12369.0,84.0,22.0,120.0,918.0,6238.0,13178.0,4871.0,4233.0,0.0,10.96,1.04,8.06,0.25,59.18,0.61,1.46,16.96,0.1,0.0,0.07,0.0,0.0,0.51,63.56,6.56,0.93,28.85,0.11,100.0,14.08,12.34,40.47,33.11,3761.0,356.0,2767.0,87.0,20318.0,211.0,502.0,5821.0,33.0,0.0,23.0,0.0,0.0,176.0,21820.0,2251.0,319.0,9904.0,37.0,34330.0,4834.0,4237.0,13892.0,11367.0
3556800,50.05,49.95,0.34,87.03,12.97,0.0,59.33,4.42,0.34,35.91,0.0,100.0,9.32,19.67,37.72,26.61,4.63,1.49,0.21,2346.0,2341.0,16.0,4079.0,608.0,0.0,2781.0,207.0,16.0,1683.0,0.0,4687.0,437.0,922.0,1768.0,1247.0,217.0,70.0,10.0,2174.0,1045.0,41.0,5.0,492.0,2346.0,2344.0,4079.0,611.0,0.0,537.0,576.0,1099.0,924.0,698.0,828.0,29.0,4690.0,538.0,395.0,57.76,42.24,1.6,81.05,7.92,73.14,18.34,0.0,0.5,100.0,1.39,8.61,31.49,41.65,11.48,3.78,0.0,89.61,1.86,4816.0,3522.0,133.0,6758.0,660.0,6098.0,1529.0,0.0,42.0,8338.0,116.0,718.0,2626.0,3473.0,957.0,315.0,0.0,7472.0,155.0,15.69,14.77,14.51,0.78,26.07,0.0,0.86,25.48,0.0,0.0,0.68,0.07,0.0,0.21,80.6,19.4,0.0,15.6,13.78,2.53,61.8,5.99,0.21,31.82,0.17,100.0,34.47,33.45,0.03,0.0,1173.0,1104.0,1085.0,58.0,1949.0,0.0,64.0,1905.0,0.0,0.0,51.0,5.0,0.0,16.0,6026.0,1450.0,0.0,1166.0,1030.0,189.0,4620.0,448.0,16.0,2379.0,13.0,7476.0,2577.0,2501.0,2.0,0.0,59.17,40.83,1.46,15.55,13.92,3.0,62.06,5.87,0.21,31.69,0.17,100.0,33.79,33.25,0.24,0.05,1.3,8.19,31.62,42.17,11.66,3.63,0.0,4513.0,3114.0,111.0,1186.0,1062.0,229.0,4733.0,448.0,16.0,2417.0,13.0,7627.0,2577.0,2536.0,18.0,4.0,99.0,625.0,2412.0,3216.0,889.0,277.0,0.0,15.52,14.55,14.3,0.76,26.71,0.0,0.84,25.19,0.0,0.0,0.79,0.07,0.0,0.28,62.08,5.87,0.21,31.68,0.17,100.0,24.64,17.77,40.76,16.83,1184.0,1110.0,1091.0,58.0,2038.0,0.0,64.0,1922.0,0.0,0.0,60.0,5.0,0.0,21.0,4737.0,448.0,16.0,2417.0,13.0,7630.0,1880.0,1356.0,3110.0,1284.0
3556909,51.49,48.51,1.12,80.77,19.23,0.0,49.73,6.3,0.0,43.97,0.0,100.0,6.93,20.5,38.51,24.89,4.73,2.59,0.59,1055.0,994.0,23.0,1655.0,394.0,0.0,1019.0,129.0,0.0,901.0,0.0,2049.0,142.0,420.0,789.0,510.0,97.0,53.0,12.0,996.0,313.0,21.0,21.0,195.0,1055.0,994.0,1655.0,394.0,0.0,197.0,151.0,544.0,399.0,282.0,456.0,18.0,2049.0,215.0,288.0,59.83,40.17,2.04,93.65,8.44,85.2,6.03,0.12,0.21,100.0,1.41,8.63,28.53,42.69,11.53,5.19,0.0,89.75,1.6,2580.0,1732.0,88.0,4038.0,364.0,3674.0,260.0,5.0,9.0,4312.0,61.0,372.0,1230.0,1841.0,497.0,224.0,0.0,3870.0,69.0,23.31,4.32,5.35,0.0,29.48,0.0,12.12,23.7,0.0,0.0,0.52,0.0,0.13,0.88,93.51,6.46,0.0,21.86,10.8,1.76,49.02,8.86,0.39,41.73,0.0,100.0,38.55,27.03,0.0,0.0,902.0,167.0,207.0,0.0,1141.0,0.0,469.0,917.0,0.0,0.0,20.0,0.0,5.0,34.0,3619.0,250.0,0.0,846.0,418.0,68.0,1897.0,343.0,15.0,1615.0,0.0,3870.0,1492.0,1046.0,0.0,0.0,60.29,39.71,1.8,21.76,10.89,1.73,48.92,8.81,0.38,41.86,0.0,100.0,38.46,26.94,0.0,0.25,1.42,8.71,29.12,42.3,11.6,5.08,0.0,2375.0,1564.0,71.0,857.0,429.0,68.0,1927.0,347.0,15.0,1649.0,0.0,3939.0,1515.0,1061.0,0.0,10.0,56.0,343.0,1147.0,1666.0,457.0,200.0,0.0,23.23,4.24,5.26,0.0,29.75,0.0,12.16,23.41,0.0,0.0,0.51,0.0,0.13,1.12,48.92,8.81,0.38,41.86,0.0,100.0,34.35,14.62,38.99,12.03,915.0,167.0,207.0,0.0,1172.0,0.0,479.0,922.0,0.0,0.0,20.0,0.0,5.0,44.0,1927.0,347.0,15.0,1649.0,0.0,3939.0,1353.0,576.0,1536.0,474.0
3556958,53.08,46.92,0.0,89.23,10.77,0.0,55.13,11.28,0.0,33.59,0.0,100.0,3.33,16.15,47.95,21.79,9.49,1.79,0.0,207.0,183.0,0.0,348.0,42.0,0.0,215.0,44.0,0.0,131.0,0.0,390.0,13.0,63.0,187.0,85.0,37.0,7.0,0.0,215.0,51.0,0.0,0.0,35.0,207.0,183.0,348.0,42.0,0.0,9.0,25.0,88.0,100.0,78.0,90.0,0.0,390.0,47.0,43.0,57.5,42.5,0.76,66.67,9.92,56.74,33.33,0.0,0.0,100.0,0.97,7.01,38.83,36.25,11.54,4.75,0.0,86.73,3.34,533.0,394.0,7.0,618.0,92.0,526.0,309.0,0.0,0.0,927.0,9.0,65.0,360.0,336.0,107.0,44.0,0.0,804.0,31.0,23.26,10.95,9.7,2.24,23.63,0.0,6.47,22.39,0.0,0.0,0.75,0.0,0.25,0.25,64.3,35.7,0.0,28.23,9.2,2.36,47.39,8.96,0.25,43.41,0.0,100.0,23.76,36.57,0.0,0.0,187.0,88.0,78.0,18.0,190.0,0.0,52.0,180.0,0.0,0.0,6.0,0.0,2.0,2.0,517.0,287.0,0.0,227.0,74.0,19.0,381.0,72.0,2.0,349.0,0.0,804.0,191.0,294.0,0.0,0.0,56.05,43.95,0.84,27.78,9.1,2.28,48.02,8.62,0.24,43.11,0.0,100.0,23.23,37.01,0.36,0.48,0.84,6.71,40.48,35.33,10.66,5.27,0.0,468.0,367.0,7.0,232.0,76.0,19.0,401.0,72.0,2.0,360.0,0.0,835.0,194.0,309.0,3.0,4.0,7.0,56.0,338.0,295.0,89.0,44.0,0.0,22.75,10.78,10.06,2.16,24.43,0.0,6.23,21.56,0.0,0.0,1.56,0.0,0.24,0.24,48.02,8.62,0.24,43.11,0.0,100.0,23.35,18.08,44.55,14.01,190.0,90.0,84.0,18.0,204.0,0.0,52.0,180.0,0.0,0.0,13.0,0.0,2.0,2.0,401.0,72.0,2.0,360.0,0.0,835.0,195.0,151.0,372.0,117.0
3557006,50.52,49.48,2.31,80.94,19.06,0.0,69.06,4.83,0.66,25.31,0.11,100.0,6.54,16.22,31.82,27.05,8.61,5.46,2.0,15790.0,15465.0,722.0,25299.0,5956.0,0.0,21584.0,1510.0,205.0,7911.0,34.0,31255.0,2044.0,5069.0,9945.0,8453.0,2690.0,1708.0,625.0,15226.0,5030.0,773.0,222.0,3399.0,15790.0,15465.0,25299.0,5956.0,0.0,2645.0,3369.0,8113.0,6720.0,4244.0,6005.0,160.0,31255.0,3297.0,3308.0,55.57,44.43,4.36,58.1,12.63,45.46,38.36,0.07,2.47,100.0,1.04,5.93,24.17,40.84,14.69,8.97,0.0,81.98,1.92,32365.0,25882.0,2539.0,33840.0,7359.0,26481.0,22344.0,39.0,1439.0,58247.0,607.0,3453.0,14079.0,23788.0,8558.0,5223.0,0.0,47748.0,1117.0,13.26,2.29,12.93,0.33,43.71,0.53,2.42,22.6,0.33,0.0,0.31,0.03,0.0,0.17,54.66,45.34,0.0,6.8,22.7,7.16,70.66,6.08,0.69,22.5,0.07,100.0,24.64,38.11,0.23,0.0,6333.0,1094.0,6179.0,156.0,20883.0,255.0,1157.0,10797.0,160.0,0.0,149.0,12.0,0.0,80.0,26110.0,21661.0,0.0,3250.0,10845.0,3422.0,33753.0,2906.0,328.0,10749.0,34.0,47771.0,11770.0,18206.0,112.0,0.0,56.43,43.57,3.98,6.74,22.74,7.43,70.58,6.06,0.7,22.59,0.07,100.0,24.39,37.73,0.43,0.15,0.88,5.83,24.79,41.46,14.5,8.55,0.0,27573.0,21291.0,1946.0,3294.0,11111.0,3632.0,34489.0,2963.0,340.0,11038.0,34.0,48865.0,11916.0,18435.0,212.0,72.0,431.0,2850.0,12115.0,20259.0,7086.0,4177.0,0.0,13.07,2.26,12.84,0.32,43.89,0.52,2.38,22.55,0.33,0.0,0.38,0.02,0.0,0.29,70.59,6.06,0.7,22.58,0.07,100.0,10.24,12.68,51.27,25.81,6391.0,1107.0,6275.0,156.0,21459.0,255.0,1165.0,11026.0,160.0,0.0,187.0,12.0,0.0,143.0,34512.0,2963.0,340.0,11038.0,34.0,48888.0,5006.0,6198.0,25063.0,12620.0
3557105,50.91,49.09,1.89,96.48,3.33,0.09,66.28,4.58,0.76,28.28,0.04,100.0,4.9,14.97,33.8,27.49,8.91,3.9,4.13,11367.0,10959.0,421.0,21540.0,744.0,20.0,14798.0,1023.0,170.0,6314.0,10.0,22326.0,1094.0,3343.0,7547.0,6138.0,1990.0,871.0,923.0,10259.0,3842.0,411.0,149.0,2951.0,11367.0,10969.0,21550.0,744.0,20.0,2225.0,3376.0,5332.0,4195.0,2675.0,4195.0,337.0,22336.0,2592.0,2133.0,55.74,44.26,4.24,90.87,12.4,78.47,5.67,0.02,1.28,100.0,0.61,6.02,24.48,41.02,16.1,7.53,0.0,81.56,2.56,25203.0,20016.0,1917.0,41091.0,5608.0,35484.0,2565.0,8.0,579.0,45219.0,276.0,2721.0,11069.0,18549.0,7281.0,3407.0,0.0,36881.0,1159.0,9.66,6.24,34.3,1.18,40.89,0.08,0.43,4.84,0.0,0.0,0.36,0.0,0.03,0.17,94.42,5.58,0.0,13.38,8.07,1.33,65.7,6.05,1.06,27.12,0.07,100.0,48.18,28.0,0.08,0.07,3563.0,2301.0,12652.0,434.0,15081.0,31.0,160.0,1784.0,0.0,0.0,134.0,0.0,11.0,61.0,34822.0,2059.0,0.0,4933.0,2975.0,490.0,24231.0,2232.0,392.0,10002.0,24.0,36881.0,17769.0,10328.0,29.0,25.0,56.81,43.19,4.25,13.18,8.32,1.7,65.68,6.09,1.08,27.09,0.06,100.0,47.35,27.75,0.26,0.41,0.64,5.75,23.87,41.78,16.1,7.61,0.0,21621.0,16435.0,1617.0,5017.0,3167.0,646.0,24994.0,2319.0,410.0,10310.0,24.0,38056.0,18021.0,10560.0,98.0,156.0,244.0,2190.0,9083.0,15898.0,6128.0,2896.0,0.0,9.61,6.25,33.68,1.14,41.13,0.08,0.46,4.98,0.0,0.0,0.47,0.0,0.03,0.23,65.68,6.09,1.08,27.09,0.06,100.0,15.02,16.54,42.91,25.53,3658.0,2380.0,12818.0,434.0,15652.0,31.0,175.0,1896.0,0.0,0.0,177.0,0.0,11.0,86.0,24994.0,2319.0,410.0,10310.0,24.0,38056.0,5715.0,6294.0,16329.0,9717.0
3557154,53.08,46.76,0.0,83.89,16.11,0.0,59.72,6.16,0.0,34.12,0.0,100.0,4.58,25.75,40.92,22.91,4.27,1.42,0.0,336.0,296.0,0.0,531.0,102.0,0.0,378.0,39.0,0.0,216.0,0.0,633.0,29.0,163.0,259.0,145.0,27.0,9.0,0.0,371.0,109.0,3.0,3.0,36.0,336.0,296.0,531.0,102.0,0.0,35.0,62.0,189.0,154.0,90.0,91.0,12.0,633.0,61.0,50.0,60.81,39.19,1.73,85.89,16.58,69.31,12.79,0.0,0.0,100.0,1.07,11.47,33.09,38.86,7.59,6.27,0.0,78.63,3.47,737.0,475.0,21.0,1041.0,201.0,840.0,155.0,0.0,0.0,1212.0,13.0,139.0,401.0,471.0,92.0,76.0,0.0,953.0,42.0,18.89,20.04,17.73,0.0,31.79,0.0,0.0,9.44,0.0,0.0,0.63,0.0,0.0,1.05,86.78,13.12,0.0,37.78,7.76,1.36,55.61,5.04,0.94,38.41,0.0,100.0,33.58,19.41,0.0,0.0,180.0,191.0,169.0,0.0,303.0,0.0,0.0,90.0,0.0,0.0,6.0,0.0,0.0,10.0,827.0,125.0,0.0,360.0,74.0,13.0,530.0,48.0,9.0,366.0,0.0,953.0,320.0,185.0,0.0,0.0,61.17,38.83,1.61,36.72,7.44,1.81,55.03,5.13,0.91,39.03,0.0,100.0,34.0,19.01,0.4,0.7,1.31,12.07,31.09,39.84,7.85,6.34,0.0,608.0,386.0,16.0,365.0,74.0,18.0,547.0,51.0,9.0,388.0,0.0,994.0,338.0,189.0,4.0,7.0,13.0,120.0,309.0,396.0,78.0,63.0,0.0,18.11,19.32,17.71,0.0,32.19,0.0,0.0,10.46,0.0,0.0,0.6,0.0,0.0,1.21,55.03,5.13,0.91,39.03,0.0,100.0,24.55,14.89,46.88,13.68,180.0,192.0,176.0,0.0,320.0,0.0,0.0,104.0,0.0,0.0,6.0,0.0,0.0,12.0,547.0,51.0,9.0,388.0,0.0,994.0,244.0,148.0,466.0,136.0
3557204,49.38,50.62,0.89,83.7,16.3,0.0,65.5,2.75,0.0,31.75,0.0,100.0,12.06,23.62,35.5,21.83,4.96,0.54,0.61,1384.0,1419.0,25.0,2346.0,457.0,0.0,1836.0,77.0,0.0,890.0,0.0,2803.0,338.0,662.0,995.0,612.0,139.0,15.0,17.0,1470.0,550.0,36.0,6.0,241.0,1384.0,1419.0,2346.0,457.0,0.0,220.0,260.0,765.0,693.0,409.0,452.0,5.0,2803.0,152.0,348.0,60.92,39.08,2.16,72.52,14.26,58.26,26.65,0.0,0.56,100.0,1.91,9.55,32.45,40.81,9.06,4.07,0.0,81.91,3.0,3132.0,2009.0,111.0,3728.0,733.0,2995.0,1370.0,0.0,29.0,5141.0,98.0,491.0,1668.0,2098.0,466.0,209.0,0.0,4211.0,154.0,29.4,8.03,6.39,0.0,26.38,0.0,2.26,26.45,0.0,0.0,0.5,0.0,0.0,0.19,69.63,30.37,0.0,6.2,15.63,2.42,60.08,6.86,0.21,32.87,0.0,100.0,30.61,44.69,0.31,0.0,1238.0,338.0,269.0,0.0,1111.0,0.0,95.0,1114.0,0.0,0.0,21.0,0.0,0.0,8.0,2932.0,1279.0,0.0,261.0,658.0,102.0,2530.0,289.0,9.0,1384.0,0.0,4211.0,1289.0,1882.0,13.0,0.0,61.59,38.39,2.4,5.98,15.74,2.86,59.85,7.19,0.21,32.75,0.0,100.0,29.89,44.32,0.98,0.11,1.81,9.44,33.05,40.15,9.48,3.64,0.0,2689.0,1676.0,105.0,261.0,687.0,125.0,2613.0,314.0,9.0,1430.0,0.0,4366.0,1305.0,1935.0,43.0,5.0,79.0,412.0,1443.0,1753.0,414.0,159.0,0.0,28.63,7.95,6.16,0.0,27.28,0.0,2.18,26.39,0.0,0.0,0.76,0.0,0.0,0.18,59.85,7.19,0.21,32.75,0.0,100.0,20.96,16.19,48.26,14.57,1250.0,347.0,269.0,0.0,1191.0,0.0,95.0,1152.0,0.0,0.0,33.0,0.0,0.0,8.0,2613.0,314.0,9.0,1430.0,0.0,4366.0,915.0,707.0,2107.0,636.0
3557303,50.26,49.74,1.54,84.45,15.55,0.0,69.66,4.26,0.88,25.2,0.0,100.0,3.63,15.81,36.72,31.14,5.69,3.63,1.8,1370.0,1356.0,42.0,2302.0,424.0,0.0,1899.0,116.0,24.0,687.0,0.0,2726.0,99.0,431.0,1001.0,849.0,155.0,99.0,49.0,1326.0,441.0,33.0,17.0,225.0,1370.0,1356.0,2302.0,424.0,0.0,223.0,218.0,692.0,594.0,441.0,529.0,29.0,2726.0,325.0,360.0,59.63,40.35,2.87,63.33,22.52,40.81,34.71,0.08,0.57,100.0,0.64,6.38,28.58,42.28,12.23,7.04,0.0,72.86,2.74,3159.0,2138.0,152.0,3355.0,1193.0,2162.0,1839.0,4.0,30.0,5298.0,34.0,338.0,1514.0,2240.0,648.0,373.0,0.0,3860.0,145.0,15.36,9.76,16.06,0.36,45.5,0.0,0.9,10.15,0.0,0.0,0.72,0.0,0.0,0.44,56.09,43.88,0.0,10.48,11.61,3.21,69.89,5.55,0.28,24.28,0.0,100.0,34.97,39.13,0.26,0.0,598.0,380.0,625.0,14.0,1771.0,0.0,35.0,395.0,0.0,0.0,28.0,0.0,0.0,17.0,2183.0,1708.0,0.0,408.0,452.0,125.0,2720.0,216.0,11.0,945.0,0.0,3892.0,1361.0,1523.0,10.0,0.0,59.85,40.15,3.27,10.31,12.13,3.8,70.26,5.69,0.27,23.77,0.0,100.0,33.66,38.8,0.62,0.1,0.6,6.44,27.04,41.97,13.18,7.49,0.0,2397.0,1608.0,131.0,413.0,486.0,152.0,2814.0,228.0,11.0,952.0,0.0,4005.0,1348.0,1554.0,25.0,4.0,24.0,258.0,1083.0,1681.0,528.0,300.0,0.0,14.91,9.41,15.68,0.5,45.7,0.0,1.14,10.28,0.0,0.0,0.84,0.0,0.0,0.52,70.05,5.65,0.27,24.03,0.0,100.0,15.51,15.85,47.78,20.86,602.0,380.0,633.0,20.0,1845.0,0.0,46.0,415.0,0.0,0.0,34.0,0.0,0.0,21.0,2828.0,228.0,11.0,970.0,0.0,4037.0,626.0,640.0,1929.0,842.0
