CD_MUN,V17000001,V17000002,V17000003,V17000004,V17000005,V17000006,V17000007,V17000008,V17000009,V17000010,V17000011,V17000012,V17000013,V17000014,V17000015,V17000016,V17000017,V17000018,V17000019,V17000020,V17000021,V17000022,V17000023,V17000024,V17000025,V17000026,V17000027,V17000028,V17000029,V17000030,V17000031,V17000032,V17000033,V17000034,V17000035,V17000036,V17000037,V17000038,V17000039,V17000040,V17000041,V17000042,V17000043,V17000044,V17000045,V17000046,V17000047,V17000048,V17000049,V17000050,V17000051,V17000052,V17000053,V17000054,V17000055,V17000056,V17000057,V17000058,V17000059,V17000060,V17000061,V17000062,V17000063,V17000064,V17000065,V17000066,V17000067,V17000068,V17000069,V17000070,V17000071,V17000072,V17000073,V17000074,V17000075,V17000076,V17000077,V17000078,V17000079,V17000080,V17000081,V17000082,V17000083,V17000084,V17000085,V17000086,V17000087,V17000088,V17000089,V17000090,V17000091,V17000092,V17000093,V17000094,V17000095,V17000096,V17000097,V17000098,V17000099,V17000100,V17000101,V17000102,V17000103,V17000104,V17000105,V17000106,V17000107,V17000108,V17000109,V17000110,V17000111,V17000112,V17000113,V17000114,V17000115,V17000116,V17000117,V17000118,V17000119,V17000120,V17000121,V17000122,V17000123,V17000124,V17000125,V17000126,V17000127,V17000128,V17000129,V17000130,V17000131,V17000132,V17000133,V17000134,V17000135,V17000136,V17000137,V17000138,V17000139,V17000140,V17000141,V17000142,V17000143,V17000144,V17000145,V17000146,V17000147,V17000148,V17000149,V17000150,V17000151,V17000152,V17000153,V17000154,V17000155,V17000156,V17000157,V17000158,V17000159,V17000160,V17000161,V17000162,V17000163,V17000164,V17000165,V17000166,V17000167
3500105,,,,,,,,,,,,,,,,,,,,,,,,,,,,,,,,,,,,,,,,,,,,,,,,,,,,,,,,,0.0,0.0,0.0,0.0,0.0,0.0,0.0,747.0,37.0,97.0,2204.0,3805.0,53.0,667.0,0.0,0.0,0.0,0.0,0.0,0.0,0.0,,,,,,,,,,,,,,,,,,,,,,,,,,,,,,,,,,,,,,,,,,,,,,,,,,,,,,,,,,,,,,,,,,,,,,,,,,,,,,,,,,,,,,,,,,
3500204,,,,,,,,,,,,,,,,,,,,,,,,,,,,,,,,,,,,,,,,,,,,,,,,,,,,,,,,,0.0,0.0,0.0,0.0,0.0,0.0,0.0,66.0,5.0,2.0,220.0,416.0,10.0,113.0,0.0,0.0,0.0,0.0,0.0,0.0,0.0,,,,,,,,,,,,,,,,,,,,,,,,,,,,,,,,,,,,,,,,,,,,,,,,,,,,,,,,,,,,,,,,,,,,,,,,,,,,,,,,,,,,,,,,,,
3500303,,,,,,,,,,,,,,,,,,,,,,,,,,,,,,,,,,,,,,,,,,,,,,,,,,,,,,,,,0.0,0.0,0.0,0.0,0.0,0.0,0.0,617.0,33.0,45.0,1926.0,3431.0,76.0,734.0,0.0,0.0,0.0,0.0,0.0,0.0,0.0,,,,,,,,,,,,,,,,,,,,,,,,,,,,,,,,,,,,,,,,,,,,,,,,,,,,,,,,,,,,,,,,,,,,,,,,,,,,,,,,,,,,,,,,,,
3500402,,,,,,,,,,,,,,,,,,,,,,,,,,,,,,,,,,,,,,,,,,,,,,,,,,,,,,,,,0.0,0.0,0.0,0.0,0.0,0.0,0.0,111.0,7.0,7.0,637.0,970.0,27.0,181.0,0.0,0.0,0.0,0.0,0.0,0.0,0.0,,,,,,,,,,,,,,,,,,,,,,,,,,,,,,,,,,,,,,,,,,,,,,,,,,,,,,,,,,,,,,,,,,,,,,,,,,,,,,,,,,,,,,,,,,
3500501,,,,,,,,,,,,,,,,,,,,,,,,,,,,,,,,,,,,,,,,,,,,,,,,,,,,,,,,,0.0,0.0,0.0,0.0,0.0,0.0,0.0,75.0,25.0,43.0,1578.0,2150.0,40.0,389.0,0.0,0.0,0.0,0.0,0.0,0.0,0.0,,,,,,,,,,,,,,,,,,,,,,,,,,,,,,,,,,,,,,,,,,,,,,,,,,,,,,,,,,,,,,,,,,,,,,,,,,,,,,,,,,,,,,,,,,
3500550,,,,,,,,,,,,,,,,,,,,,,,,,,,,,,,,,,,,,,,,,,,,,,,,,,,,,,,,,0.0,0.0,0.0,0.0,0.0,0.0,0.0,252.0,7.0,17.0,515.0,1285.0,28.0,466.0,0.0,0.0,0.0,0.0,0.0,0.0,0.0,,,,,,,,,,,,,,,,,,,,,,,,,,,,,,,,,,,,,,,,,,,,,,,,,,,,,,,,,,,,,,,,,,,,,,,,,,,,,,,,,,,,,,,,,,
3500600,,,,,,,,,,,,,,,,,,,,,,,,,,,,,,,,,,,,,,,,,,,,,,,,,,,,,,,,,0.0,0.0,0.0,0.0,0.0,0.0,0.0,1.0,4.0,4.0,213.0,282.0,1.0,59.0,0.0,0.0,0.0,0.0,0.0,0.0,0.0,,,,,,,,,,,,,,,,,,,,,,,,,,,,,,,,,,,,,,,,,,,,,,,,,,,,,,,,,,,,,,,,,,,,,,,,,,,,,,,,,,,,,,,,,,
3500709,,,,,,,,,,,,,,,,,,,,,,,,,,,,,,,,,,,,,,,,,,,,,,,,,,,,,,,,,0.0,0.0,0.0,0.0,0.0,0.0,0.0,347.0,36.0,26.0,2233.0,3410.0,87.0,681.0,0.0,0.0,0.0,0.0,0.0,0.0,0.0,,,,,,,,,,,,,,,,,,,,,,,,,,,,,,,,,,,,,,,,,,,,,,,,,,,,,,,,,,,,,,,,,,,,,,,,,,,,,,,,,,,,,,,,,,
3500758,,,,,,,,,,,,,,,,,,,,,,,,,,,,,,,,,,,,,,,,,,,,,,,,,,,,,,,,,0.0,0.0,0.0,0.0,0.0,0.0,0.0,136.0,9.0,12.0,627.0,1066.0,32.0,250.0,0.0,0.0,0.0,0.0,0.0,0.0,0.0,,,,,,,,,,,,,,,,,,,,,,,,,,,,,,,,,,,,,,,,,,,,,,,,,,,,,,,,,,,,,,,,,,,,,,,,,,,,,,,,,,,,,,,,,,
3500808,,,,,,,,,,,,,,,,,,,,,,,,,,,,,,,,,,,,,,,,,,,,,,,,,,,,,,,,,0.0,0.0,0.0,0.0,0.0,0.0,0.0,307.0,3.0,3.0,266.0,695.0,15.0,101.0,0.0,0.0,0.0,0.0,0.0,0.0,0.0,,,,,,,,,,,,,,,,,,,,,,,,,,,,,,,,,,,,,,,,,,,,,,,,,,,,,,,,,,,,,,,,,,,,,,,,,,,,,,,,,,,,,,,,,,
3500907,,,,,,,,,,,,,,,,,,,,,,,,,,,,,,,,,,,,,,,,,,,,,,,,,,,,,,,,,0.0,0.0,0.0,0.0,0.0,0.0,0.0,81.0,4.0,7.0,163.0,297.0,9.0,33.0,0.0,0.0,0.0,0.0,0.0,0.0,0.0,,,,,,,,,,,,,,,,,,,,,,,,,,,,,,,,,,,,,,,,,,,,,,,,,,,,,,,,,,,,,,,,,,,,,,,,,,,,,,,,,,,,,,,,,,
3501004,,,,,,,,,,,,,,,,,,,,,,,,,,,,,,,,,,,,,,,,,,,,,,,,,,,,,,,,,0.0,0.0,0.0,0.0,0.0,0.0,0.0,331.0,23.0,38.0,962.0,1797.0,32.0,411.0,0.0,0.0,0.0,0.0,0.0,0.0,0.0,,,,,,,,,,,,,,,,,,,,,,,,,,,,,,,,,,,,,,,,,,,,,,,,,,,,,,,,,,,,,,,,,,,,,,,,,,,,,,,,,,,,,,,,,,
3501103,,,,,,,,,,,,,,,,,,,,,,,,,,,,,,,,,,,,,,,,,,,,,,,,,,,,,,,,,0.0,0.0,0.0,0.0,0.0,0.0,0.0,288.0,4.0,8.0,206.0,533.0,9.0,18.0,0.0,0.0,0.0,0.0,0.0,0.0,0.0,,,,,,,,,,,,,,,,,,,,,,,,,,,,,,,,,,,,,,,,,,,,,,,,,,,,,,,,,,,,,,,,,,,,,,,,,,,,,,,,,,,,,,,,,,
3501152,,,,,,,,,,,,,,,,,,,,,,,,,,,,,,,,,,,,,,,,,,,,,,,,,,,,,,,,,0.0,0.0,0.0,0.0,0.0,0.0,0.0,4.0,20.0,10.0,732.0,1305.0,48.0,491.0,0.0,0.0,0.0,0.0,0.0,0.0,0.0,,,,,,,,,,,,,,,,,,,,,,,,,,,,,,,,,,,,,,,,,,,,,,,,,,,,,,,,,,,,,,,,,,,,,,,,,,,,,,,,,,,,,,,,,,
3501202,,,,,,,,,,,,,,,,,,,,,,,,,,,,,,,,,,,,,,,,,,,,,,,,,,,,,,,,,0.0,0.0,0.0,0.0,0.0,0.0,0.0,847.0,5.0,6.0,194.0,1121.0,12.0,57.0,0.0,0.0,0.0,0.0,0.0,0.0,0.0,,,,,,,,,,,,,,,,,,,,,,,,,,,,,,,,,,,,,,,,,,,,,,,,,,,,,,,,,,,,,,,,,,,,,,,,,,,,,,,,,,,,,,,,,,
3501301,,,,,,,,,,,,,,,,,,,,,,,,,,,,,,,,,,,,,,,,,,,,,,,,,,,,,,,,,0.0,0.0,0.0,0.0,0.0,0.0,0.0,826.0,20.0,15.0,1362.0,3249.0,86.0,940.0,0.0,0.0,0.0,0.0,0.0,0.0,0.0,,,,,,,,,,,,,,,,,,,,,,,,,,,,,,,,,,,,,,,,,,,,,,,,,,,,,,,,,,,,,,,,,,,,,,,,,,,,,,,,,,,,,,,,,,
3501400,,,,,,,,,,,,,,,,,,,,,,,,,,,,,,,,,,,,,,,,,,,,,,,,,,,,,,,,,0.0,0.0,0.0,0.0,0.0,0.0,0.0,93.0,3.0,3.0,158.0,307.0,8.0,42.0,0.0,0.0,0.0,0.0,0.0,0.0,0.0,,,,,,,,,,,,,,,,,,,,,,,,,,,,,,,,,,,,,,,,,,,,,,,,,,,,,,,,,,,,,,,,,,,,,,,,,,,,,,,,,,,,,,,,,,
3501509,,,,,,,,,,,,,,,,,,,,,,,,,,,,,,,,,,,,,,,,,,,,,,,,,,,,,,,,,0.0,0.0,0.0,0.0,0.0,0.0,0.0,76.0,4.0,0.0,197.0,333.0,7.0,49.0,0.0,0.0,0.0,0.0,0.0,0.0,0.0,,,,,,,,,,,,,,,,,,,,,,,,,,,,,,,,,,,,,,,,,,,,,,,,,,,,,,,,,,,,,,,,,,,,,,,,,,,,,,,,,,,,,,,,,,
3501608,1.0,0.0,0.0,0.0,100.0,0.0,100.0,100.0,98.96,1.04,0.0,0.0,0.0,100.0,0.0,0.0,0.0,100.0,0.0,100.0,93.68,91.95,1.72,6.32,6.32,0.0,100.0,0.0,0.0,0.0,481.0,0.0,481.0,481.0,476.0,5.0,0.0,0.0,0.0,481.0,0.0,0.0,0.0,174.0,0.0,174.0,163.0,160.0,3.0,11.0,11.0,0.0,174.0,6389.39,481.0,0.075,0.0,0.0,0.0,6.0,8.0,2.0,0.0,23.0,200.0,505.0,16117.0,19995.0,335.0,2815.0,0.0,0.0,0.0,0.04,0.04,0.6,0.0,0.0,100.0,0.0,98.16,0.0,0.0,1.84,0.0,163.0,0.0,160.0,0.0,0.0,3.0,82.21,14.72,100.0,1.23,0.61,0.61,0.0,0.61,0.0,79.75,3.07,17.18,134.0,24.0,163.0,2.0,1.0,1.0,0.0,1.0,0.0,130.0,5.0,28.0,9.82,100.0,98.16,1.23,0.61,0.0,0.0,100.0,0.0,0.0,1.23,8.59,3.07,3.07,84.05,0.0,0.0,0.0,16.0,163.0,160.0,2.0,1.0,0.0,0.0,163.0,0.0,0.0,2.0,14.0,5.0,5.0,137.0,0.0,0.0,0.0,0.0,100.0,100.0,12.88,87.12,0.0,0.0,0.0,0.0,163.0,163.0,21.0,142.0,0.0,0.0,0.0
3501707,,,,,,,,,,,,,,,,,,,,,,,,,,,,,,,,,,,,,,,,,,,,,,,,,,,,,,,,,0.0,0.0,0.0,0.0,0.0,0.0,0.0,14.0,27.0,34.0,1968.0,2499.0,77.0,379.0,0.0,0.0,0.0,0.0,0.0,0.0,0.0,,,,,,,,,,,,,,,,,,,,,,,,,,,,,,,,,,,,,,,,,,,,,,,,,,,,,,,,,,,,,,,,,,,,,,,,,,,,,,,,,,,,,,,,,,
3501806,,,,,,,,,,,,,,,,,,,,,,,,,,,,,,,,,,,,,,,,,,,,,,,,,,,,,,,,,0.0,0.0,0.0,0.0,0.0,0.0,0.0,390.0,6.0,6.0,429.0,964.0,27.0,106.0,0.0,0.0,0.0,0.0,0.0,0.0,0.0,,,,,,,,,,,,,,,,,,,,,,,,,,,,,,,,,,,,,,,,,,,,,,,,,,,,,,,,,,,,,,,,,,,,,,,,,,,,,,,,,,,,,,,,,,
3501905,1.0,0.0,0.0,0.0,100.0,0.0,100.0,100.0,95.26,4.74,0.0,0.0,0.0,100.0,0.0,0.69,0.69,99.31,0.0,100.0,75.86,71.72,4.14,23.45,11.72,11.72,99.31,0.0,0.0,0.0,359.0,0.0,359.0,359.0,342.0,17.0,0.0,0.0,0.0,359.0,0.0,1.0,1.0,144.0,0.0,145.0,110.0,104.0,6.0,34.0,17.0,17.0,144.0,1884.06,359.0,0.191,0.0,0.0,0.0,4.0,10.0,1.0,5.0,518.0,91.0,187.0,3957.0,6217.0,156.0,1308.0,0.0,0.0,0.0,0.1,0.16,0.64,0.38,0.91,100.0,0.0,68.18,30.91,0.0,0.0,1.0,110.0,0.0,75.0,34.0,0.0,0.0,0.91,88.18,100.0,5.45,0.91,2.73,0.0,0.0,1.82,7.27,26.36,66.36,1.0,97.0,110.0,6.0,1.0,3.0,0.0,0.0,2.0,8.0,29.0,73.0,0.0,98.18,86.36,8.18,3.64,0.0,0.0,100.0,1.82,0.0,0.0,0.0,4.55,90.0,0.91,0.0,4.55,0.0,0.0,108.0,95.0,9.0,4.0,0.0,0.0,110.0,2.0,0.0,0.0,0.0,5.0,99.0,1.0,0.0,5.0,0.0,0.0,100.0,100.0,5.45,94.55,0.0,0.0,0.0,0.0,110.0,110.0,6.0,104.0,0.0,0.0,0.0
3502002,,,,,,,,,,,,,,,,,,,,,,,,,,,,,,,,,,,,,,,,,,,,,,,,,,,,,,,,,0.0,0.0,0.0,0.0,0.0,0.0,0.0,133.0,2.0,5.0,577.0,840.0,22.0,101.0,0.0,0.0,0.0,0.0,0.0,0.0,0.0,,,,,,,,,,,,,,,,,,,,,,,,,,,,,,,,,,,,,,,,,,,,,,,,,,,,,,,,,,,,,,,,,,,,,,,,,,,,,,,,,,,,,,,,,,
3502101,,,,,,,,,,,,,,,,,,,,,,,,,,,,,,,,,,,,,,,,,,,,,,,,,,,,,,,,,0.0,0.0,0.0,0.0,0.0,0.0,0.0,1484.0,49.0,99.0,5148.0,7876.0,156.0,940.0,0.0,0.0,0.0,0.0,0.0,0.0,0.0,,,,,,,,,,,,,,,,,,,,,,,,,,,,,,,,,,,,,,,,,,,,,,,,,,,,,,,,,,,,,,,,,,,,,,,,,,,,,,,,,,,,,,,,,,
3502200,,,,,,,,,,,,,,,,,,,,,,,,,,,,,,,,,,,,,,,,,,,,,,,,,,,,,,,,,0.0,0.0,0.0,0.0,0.0,0.0,0.0,1049.0,24.0,29.0,1434.0,3227.0,105.0,586.0,0.0,0.0,0.0,0.0,0.0,0.0,0.0,,,,,,,,,,,,,,,,,,,,,,,,,,,,,,,,,,,,,,,,,,,,,,,,,,,,,,,,,,,,,,,,,,,,,,,,,,,,,,,,,,,,,,,,,,
3502309,,,,,,,,,,,,,,,,,,,,,,,,,,,,,,,,,,,,,,,,,,,,,,,,,,,,,,,,,0.0,0.0,0.0,0.0,0.0,0.0,0.0,167.0,5.0,6.0,589.0,964.0,20.0,177.0,0.0,0.0,0.0,0.0,0.0,0.0,0.0,,,,,,,,,,,,,,,,,,,,,,,,,,,,,,,,,,,,,,,,,,,,,,,,,,,,,,,,,,,,,,,,,,,,,,,,,,,,,,,,,,,,,,,,,,
3502408,,,,,,,,,,,,,,,,,,,,,,,,,,,,,,,,,,,,,,,,,,,,,,,,,,,,,,,,,0.0,0.0,0.0,0.0,0.0,0.0,0.0,272.0,6.0,7.0,209.0,614.0,11.0,109.0,0.0,0.0,0.0,0.0,0.0,0.0,0.0,,,,,,,,,,,,,,,,,,,,,,,,,,,,,,,,,,,,,,,,,,,,,,,,,,,,,,,,,,,,,,,,,,,,,,,,,,,,,,,,,,,,,,,,,,
3502507,,,,,,,,,,,,,,,,,,,,,,,,,,,,,,,,,,,,,,,,,,,,,,,,,,,,,,,,,0.0,0.0,0.0,0.0,0.0,0.0,0.0,87.0,41.0,47.0,3185.0,3791.0,60.0,371.0,0.0,0.0,0.0,0.0,0.0,0.0,0.0,,,,,,,,,,,,,,,,,,,,,,,,,,,,,,,,,,,,,,,,,,,,,,,,,,,,,,,,,,,,,,,,,,,,,,,,,,,,,,,,,,,,,,,,,,
3502606,,,,,,,,,,,,,,,,,,,,,,,,,,,,,,,,,,,,,,,,,,,,,,,,,,,,,,,,,0.0,0.0,0.0,0.0,0.0,0.0,0.0,417.0,3.0,6.0,273.0,761.0,21.0,41.0,0.0,0.0,0.0,0.0,0.0,0.0,0.0,,,,,,,,,,,,,,,,,,,,,,,,,,,,,,,,,,,,,,,,,,,,,,,,,,,,,,,,,,,,,,,,,,,,,,,,,,,,,,,,,,,,,,,,,,
3502705,,,,,,,,,,,,,,,,,,,,,,,,,,,,,,,,,,,,,,,,,,,,,,,,,,,,,,,,,0.0,0.0,0.0,0.0,0.0,0.0,0.0,338.0,34.0,42.0,1276.0,2298.0,92.0,516.0,0.0,0.0,0.0,0.0,0.0,0.0,0.0,,,,,,,,,,,,,,,,,,,,,,,,,,,,,,,,,,,,,,,,,,,,,,,,,,,,,,,,,,,,,,,,,,,,,,,,,,,,,,,,,,,,,,,,,,
3502754,,,,,,,,,,,,,,,,,,,,,,,,,,,,,,,,,,,,,,,,,,,,,,,,,,,,,,,,,0.0,0.0,0.0,0.0,0.0,0.0,0.0,9.0,27.0,15.0,1237.0,2209.0,80.0,841.0,0.0,0.0,0.0,0.0,0.0,0.0,0.0,,,,,,,,,,,,,,,,,,,,,,,,,,,,,,,,,,,,,,,,,,,,,,,,,,,,,,,,,,,,,,,,,,,,,,,,,,,,,,,,,,,,,,,,,,
3502804,,,,,,,,,,,,,,,,,,,,,,,,,,,,,,,,,,,,,,,,,,,,,,,,,,,,,,,,,0.0,0.0,0.0,0.0,0.0,0.0,0.0,1193.0,205.0,401.0,12622.0,17534.0,345.0,2768.0,0.0,0.0,0.0,0.0,0.0,0.0,0.0,,,,,,,,,,,,,,,,,,,,,,,,,,,,,,,,,,,,,,,,,,,,,,,,,,,,,,,,,,,,,,,,,,,,,,,,,,,,,,,,,,,,,,,,,,
3502903,,,,,,,,,,,,,,,,,,,,,,,,,,,,,,,,,,,,,,,,,,,,,,,,,,,,,,,,,0.0,0.0,0.0,0.0,0.0,0.0,0.0,184.0,33.0,29.0,1462.0,3254.0,88.0,1458.0,0.0,0.0,0.0,0.0,0.0,0.0,0.0,,,,,,,,,,,,,,,,,,,,,,,,,,,,,,,,,,,,,,,,,,,,,,,,,,,,,,,,,,,,,,,,,,,,,,,,,,,,,,,,,,,,,,,,,,
3503000,,,,,,,,,,,,,,,,,,,,,,,,,,,,,,,,,,,,,,,,,,,,,,,,,,,,,,,,,0.0,0.0,0.0,0.0,0.0,0.0,0.0,130.0,6.0,11.0,345.0,581.0,13.0,76.0,0.0,0.0,0.0,0.0,0.0,0.0,0.0,,,,,,,,,,,,,,,,,,,,,,,,,,,,,,,,,,,,,,,,,,,,,,,,,,,,,,,,,,,,,,,,,,,,,,,,,,,,,,,,,,,,,,,,,,
3503109,,,,,,,,,,,,,,,,,,,,,,,,,,,,,,,,,,,,,,,,,,,,,,,,,,,,,,,,,0.0,0.0,0.0,0.0,0.0,0.0,0.0,191.0,5.0,3.0,365.0,867.0,31.0,272.0,0.0,0.0,0.0,0.0,0.0,0.0,0.0,,,,,,,,,,,,,,,,,,,,,,,,,,,,,,,,,,,,,,,,,,,,,,,,,,,,,,,,,,,,,,,,,,,,,,,,,,,,,,,,,,,,,,,,,,
3503158,,,,,,,,,,,,,,,,,,,,,,,,,,,,,,,,,,,,,,,,,,,,,,,,,,,,,,,,,0.0,0.0,0.0,0.0,0.0,0.0,0.0,88.0,4.0,5.0,144.0,340.0,24.0,75.0,0.0,0.0,0.0,0.0,0.0,0.0,0.0,,,,,,,,,,,,,,,,,,,,,,,,,,,,,,,,,,,,,,,,,,,,,,,,,,,,,,,,,,,,,,,,,,,,,,,,,,,,,,,,,,,,,,,,,,
3503208,,,,,,,,,,,,,,,,,,,,,,,,,,,,,,,,,,,,,,,,,,,,,,,,,,,,,,,,,0.0,0.0,0.0,0.0,0.0,0.0,0.0,492.0,221.0,473.0,13702.0,18798.0,408.0,3502.0,0.0,0.0,0.0,0.0,0.0,0.0,0.0,,,,,,,,,,,,,,,,,,,,,,,,,,,,,,,,,,,,,,,,,,,,,,,,,,,,,,,,,,,,,,,,,,,,,,,,,,,,,,,,,,,,,,,,,,
3503307,,,,,,,,,,,,,,,,,,,,,,,,,,,,,,,,,,,,,,,,,,,,,,,,,,,,,,,,,0.0,0.0,0.0,0.0,0.0,0.0,0.0,274.0,139.0,238.0,7770.0,11343.0,262.0,2660.0,0.0,0.0,0.0,0.0,0.0,0.0,0.0,,,,,,,,,,,,,,,,,,,,,,,,,,,,,,,,,,,,,,,,,,,,,,,,,,,,,,,,,,,,,,,,,,,,,,,,,,,,,,,,,,,,,,,,,,
3503356,,,,,,,,,,,,,,,,,,,,,,,,,,,,,,,,,,,,,,,,,,,,,,,,,,,,,,,,,0.0,0.0,0.0,0.0,0.0,0.0,0.0,189.0,4.0,3.0,195.0,419.0,15.0,13.0,0.0,0.0,0.0,0.0,0.0,0.0,0.0,,,,,,,,,,,,,,,,,,,,,,,,,,,,,,,,,,,,,,,,,,,,,,,,,,,,,,,,,,,,,,,,,,,,,,,,,,,,,,,,,,,,,,,,,,
3503406,,,,,,,,,,,,,,,,,,,,,,,,,,,,,,,,,,,,,,,,,,,,,,,,,,,,,,,,,0.0,0.0,0.0,0.0,0.0,0.0,0.0,608.0,12.0,28.0,461.0,1384.0,50.0,225.0,0.0,0.0,0.0,0.0,0.0,0.0,0.0,,,,,,,,,,,,,,,,,,,,,,,,,,,,,,,,,,,,,,,,,,,,,,,,,,,,,,,,,,,,,,,,,,,,,,,,,,,,,,,,,,,,,,,,,,
3503505,,,,,,,,,,,,,,,,,,,,,,,,,,,,,,,,,,,,,,,,,,,,,,,,,,,,,,,,,0.0,0.0,0.0,0.0,0.0,0.0,0.0,97.0,11.0,5.0,226.0,432.0,12.0,81.0,0.0,0.0,0.0,0.0,0.0,0.0,0.0,,,,,,,,,,,,,,,,,,,,,,,,,,,,,,,,,,,,,,,,,,,,,,,,,,,,,,,,,,,,,,,,,,,,,,,,,,,,,,,,,,,,,,,,,,
3503604,,,,,,,,,,,,,,,,,,,,,,,,,,,,,,,,,,,,,,,,,,,,,,,,,,,,,,,,,0.0,0.0,0.0,0.0,0.0,0.0,0.0,8.0,8.0,20.0,473.0,660.0,27.0,124.0,0.0,0.0,0.0,0.0,0.0,0.0,0.0,,,,,,,,,,,,,,,,,,,,,,,,,,,,,,,,,,,,,,,,,,,,,,,,,,,,,,,,,,,,,,,,,,,,,,,,,,,,,,,,,,,,,,,,,,
3503703,,,,,,,,,,,,,,,,,,,,,,,,,,,,,,,,,,,,,,,,,,,,,,,,,,,,,,,,,0.0,0.0,0.0,0.0,0.0,0.0,0.0,50.0,6.0,18.0,425.0,587.0,29.0,59.0,0.0,0.0,0.0,0.0,0.0,0.0,0.0,,,,,,,,,,,,,,,,,,,,,,,,,,,,,,,,,,,,,,,,,,,,,,,,,,,,,,,,,,,,,,,,,,,,,,,,,,,,,,,,,,,,,,,,,,
3503802,,,,,,,,,,,,,,,,,,,,,,,,,,,,,,,,,,,,,,,,,,,,,,,,,,,,,,,,,0.0,0.0,0.0,0.0,0.0,0.0,0.0,431.0,45.0,49.0,2692.0,4247.0,100.0,930.0,0.0,0.0,0.0,0.0,0.0,0.0,0.0,,,,,,,,,,,,,,,,,,,,,,,,,,,,,,,,,,,,,,,,,,,,,,,,,,,,,,,,,,,,,,,,,,,,,,,,,,,,,,,,,,,,,,,,,,
3503901,4.0,0.0,0.0,0.0,100.0,0.0,100.0,100.0,88.52,11.48,0.0,0.0,0.0,100.0,0.0,0.0,0.0,100.0,0.0,100.0,88.91,78.91,10.0,11.09,6.96,4.13,100.0,0.0,0.0,0.0,1368.0,0.0,1368.0,1368.0,1211.0,157.0,0.0,0.0,0.0,1368.0,0.0,0.0,0.0,460.0,0.0,460.0,409.0,363.0,46.0,51.0,32.0,19.0,460.0,4043.68,1368.0,0.338,4.0,0.0,0.0,32.0,73.0,3.0,34.0,111.0,100.0,110.0,5028.0,6975.0,201.0,1425.0,3.6,0.0,0.0,0.64,1.05,1.49,2.39,0.0,100.0,0.0,99.76,0.0,0.0,0.24,0.0,409.0,0.0,408.0,0.0,0.0,1.0,81.17,0.0,100.0,11.49,0.49,0.98,0.0,0.0,5.87,98.29,0.24,1.47,332.0,0.0,409.0,47.0,2.0,4.0,0.0,0.0,24.0,402.0,1.0,6.0,60.64,99.76,85.33,11.0,2.69,0.73,0.0,100.0,0.24,0.0,59.41,1.22,12.96,19.8,2.93,0.24,3.42,0.0,248.0,408.0,349.0,45.0,11.0,3.0,0.0,409.0,1.0,0.0,243.0,5.0,53.0,81.0,12.0,1.0,14.0,0.0,0.0,100.0,99.76,66.26,33.5,0.24,0.0,0.0,0.0,409.0,408.0,271.0,137.0,1.0,0.0,0.0
3503950,,,,,,,,,,,,,,,,,,,,,,,,,,,,,,,,,,,,,,,,,,,,,,,,,,,,,,,,,0.0,0.0,0.0,0.0,0.0,0.0,0.0,202.0,3.0,3.0,101.0,343.0,5.0,29.0,0.0,0.0,0.0,0.0,0.0,0.0,0.0,,,,,,,,,,,,,,,,,,,,,,,,,,,,,,,,,,,,,,,,,,,,,,,,,,,,,,,,,,,,,,,,,,,,,,,,,,,,,,,,,,,,,,,,,,
3504008,,,,,,,,,,,,,,,,,,,,,,,,,,,,,,,,,,,,,,,,,,,,,,,,,,,,,,,,,0.0,0.0,0.0,0.0,0.0,0.0,0.0,460.0,92.0,301.0,6768.0,9640.0,165.0,1854.0,0.0,0.0,0.0,0.0,0.0,0.0,0.0,,,,,,,,,,,,,,,,,,,,,,,,,,,,,,,,,,,,,,,,,,,,,,,,,,,,,,,,,,,,,,,,,,,,,,,,,,,,,,,,,,,,,,,,,,
3504107,11.0,0.5,0.0,0.5,99.33,0.17,100.0,99.33,89.47,9.86,0.0,0.0,0.0,99.5,0.05,0.0,0.05,99.65,0.3,100.0,89.87,80.65,9.22,9.78,7.65,2.13,99.95,27.0,0.0,27.0,5368.0,9.0,5404.0,5368.0,4835.0,533.0,0.0,0.0,0.0,5377.0,1.0,0.0,1.0,1967.0,6.0,1974.0,1774.0,1592.0,182.0,193.0,151.0,42.0,1973.0,6857.91,5404.0,0.788,1.0,2.0,0.0,122.0,216.0,14.0,77.0,591.0,158.0,235.0,8591.0,14567.0,311.0,4681.0,0.17,1.27,0.0,1.42,1.48,4.5,1.64,0.39,100.0,2.87,96.39,0.23,0.0,0.11,7.0,1774.0,51.0,1710.0,4.0,0.0,2.0,56.31,1.35,100.0,6.37,35.29,0.28,0.0,0.0,0.39,98.59,0.51,0.9,999.0,24.0,1774.0,113.0,626.0,5.0,0.0,0.0,7.0,1749.0,9.0,16.0,29.76,99.77,80.44,15.95,2.65,0.73,0.0,100.0,0.17,0.06,29.14,0.62,9.86,28.69,31.17,0.0,0.51,0.0,528.0,1770.0,1427.0,283.0,47.0,13.0,0.0,1774.0,3.0,1.0,517.0,11.0,175.0,509.0,553.0,0.0,9.0,0.0,0.11,100.0,99.55,76.21,23.34,0.28,0.0,0.06,2.0,1774.0,1766.0,1352.0,414.0,5.0,0.0,1.0
3504206,,,,,,,,,,,,,,,,,,,,,,,,,,,,,,,,,,,,,,,,,,,,,,,,,,,,,,,,,0.0,0.0,0.0,0.0,0.0,0.0,0.0,480.0,16.0,34.0,1068.0,2159.0,29.0,532.0,0.0,0.0,0.0,0.0,0.0,0.0,0.0,,,,,,,,,,,,,,,,,,,,,,,,,,,,,,,,,,,,,,,,,,,,,,,,,,,,,,,,,,,,,,,,,,,,,,,,,,,,,,,,,,,,,,,,,,
3504305,,,,,,,,,,,,,,,,,,,,,,,,,,,,,,,,,,,,,,,,,,,,,,,,,,,,,,,,,0.0,0.0,0.0,0.0,0.0,0.0,0.0,382.0,10.0,12.0,269.0,818.0,33.0,112.0,0.0,0.0,0.0,0.0,0.0,0.0,0.0,,,,,,,,,,,,,,,,,,,,,,,,,,,,,,,,,,,,,,,,,,,,,,,,,,,,,,,,,,,,,,,,,,,,,,,,,,,,,,,,,,,,,,,,,,
3504404,,,,,,,,,,,,,,,,,,,,,,,,,,,,,,,,,,,,,,,,,,,,,,,,,,,,,,,,,0.0,0.0,0.0,0.0,0.0,0.0,0.0,165.0,9.0,8.0,469.0,821.0,34.0,136.0,0.0,0.0,0.0,0.0,0.0,0.0,0.0,,,,,,,,,,,,,,,,,,,,,,,,,,,,,,,,,,,,,,,,,,,,,,,,,,,,,,,,,,,,,,,,,,,,,,,,,,,,,,,,,,,,,,,,,,
3504503,1.0,0.0,0.0,0.0,49.41,50.59,100.0,49.41,49.41,0.0,0.0,0.0,0.0,100.0,0.0,0.0,0.0,64.29,35.71,100.0,34.29,34.29,0.0,30.0,28.57,1.43,100.0,0.0,0.0,0.0,84.0,86.0,170.0,84.0,84.0,0.0,0.0,0.0,0.0,170.0,0.0,0.0,0.0,45.0,25.0,70.0,24.0,24.0,0.0,21.0,20.0,1.0,70.0,3067.6,170.0,0.055,0.0,0.0,0.0,2.0,3.0,0.0,1.0,683.0,101.0,172.0,6067.0,8728.0,227.0,1478.0,0.0,0.0,0.0,0.03,0.03,0.0,0.07,0.0,100.0,0.0,100.0,0.0,0.0,0.0,0.0,24.0,0.0,24.0,0.0,0.0,0.0,54.17,0.0,100.0,29.17,4.17,12.5,0.0,0.0,0.0,95.83,4.17,0.0,13.0,0.0,24.0,7.0,1.0,3.0,0.0,0.0,0.0,23.0,1.0,0.0,4.17,100.0,91.67,4.17,4.17,0.0,0.0,100.0,0.0,0.0,4.17,0.0,0.0,95.83,0.0,0.0,0.0,0.0,1.0,24.0,22.0,1.0,1.0,0.0,0.0,24.0,0.0,0.0,1.0,0.0,0.0,23.0,0.0,0.0,0.0,0.0,0.0,100.0,95.83,95.83,0.0,4.17,0.0,0.0,0.0,24.0,23.0,23.0,0.0,1.0,0.0,0.0
3504602,,,,,,,,,,,,,,,,,,,,,,,,,,,,,,,,,,,,,,,,,,,,,,,,,,,,,,,,,0.0,0.0,0.0,0.0,0.0,0.0,0.0,228.0,13.0,15.0,1277.0,2522.0,46.0,943.0,0.0,0.0,0.0,0.0,0.0,0.0,0.0,,,,,,,,,,,,,,,,,,,,,,,,,,,,,,,,,,,,,,,,,,,,,,,,,,,,,,,,,,,,,,,,,,,,,,,,,,,,,,,,,,,,,,,,,,
3504701,,,,,,,,,,,,,,,,,,,,,,,,,,,,,,,,,,,,,,,,,,,,,,,,,,,,,,,,,0.0,0.0,0.0,0.0,0.0,0.0,0.0,67.0,4.0,4.0,71.0,176.0,7.0,23.0,0.0,0.0,0.0,0.0,0.0,0.0,0.0,,,,,,,,,,,,,,,,,,,,,,,,,,,,,,,,,,,,,,,,,,,,,,,,,,,,,,,,,,,,,,,,,,,,,,,,,,,,,,,,,,,,,,,,,,
3504800,,,,,,,,,,,,,,,,,,,,,,,,,,,,,,,,,,,,,,,,,,,,,,,,,,,,,,,,,0.0,0.0,0.0,0.0,0.0,0.0,0.0,271.0,4.0,13.0,844.0,1401.0,21.0,248.0,0.0,0.0,0.0,0.0,0.0,0.0,0.0,,,,,,,,,,,,,,,,,,,,,,,,,,,,,,,,,,,,,,,,,,,,,,,,,,,,,,,,,,,,,,,,,,,,,,,,,,,,,,,,,,,,,,,,,,
3504909,2.0,0.0,0.0,0.0,100.0,0.0,100.0,100.0,98.47,1.53,0.0,0.0,0.0,100.0,0.0,0.0,0.0,100.0,0.0,100.0,78.12,77.1,1.02,21.88,16.79,5.09,100.0,0.0,0.0,0.0,850.0,0.0,850.0,850.0,837.0,13.0,0.0,0.0,0.0,850.0,0.0,0.0,0.0,393.0,0.0,393.0,307.0,303.0,4.0,86.0,66.0,20.0,393.0,5972.16,850.0,0.142,0.0,0.0,0.0,22.0,51.0,4.0,25.0,236.0,12.0,11.0,616.0,1174.0,48.0,251.0,0.0,0.0,0.0,3.57,4.34,8.33,9.96,0.33,100.0,0.0,99.67,0.0,0.0,0.0,1.0,307.0,0.0,306.0,0.0,0.0,0.0,98.7,0.0,100.0,0.98,0.0,0.0,0.0,0.0,0.33,100.0,0.0,0.0,303.0,0.0,307.0,3.0,0.0,0.0,0.0,0.0,1.0,307.0,0.0,0.0,96.74,100.0,88.27,10.1,0.98,0.65,0.0,100.0,0.0,0.0,96.74,0.0,1.95,0.65,0.33,0.33,0.0,0.0,297.0,307.0,271.0,31.0,3.0,2.0,0.0,307.0,0.0,0.0,297.0,0.0,6.0,2.0,1.0,1.0,0.0,0.0,0.0,100.0,100.0,38.44,61.56,0.0,0.0,0.0,0.0,307.0,307.0,118.0,189.0,0.0,0.0,0.0
3505005,,,,,,,,,,,,,,,,,,,,,,,,,,,,,,,,,,,,,,,,,,,,,,,,,,,,,,,,,0.0,0.0,0.0,0.0,0.0,0.0,0.0,236.0,10.0,3.0,207.0,520.0,15.0,49.0,0.0,0.0,0.0,0.0,0.0,0.0,0.0,,,,,,,,,,,,,,,,,,,,,,,,,,,,,,,,,,,,,,,,,,,,,,,,,,,,,,,,,,,,,,,,,,,,,,,,,,,,,,,,,,,,,,,,,,
3505104,,,,,,,,,,,,,,,,,,,,,,,,,,,,,,,,,,,,,,,,,,,,,,,,,,,,,,,,,0.0,0.0,0.0,0.0,0.0,0.0,0.0,119.0,6.0,6.0,360.0,604.0,17.0,96.0,0.0,0.0,0.0,0.0,0.0,0.0,0.0,,,,,,,,,,,,,,,,,,,,,,,,,,,,,,,,,,,,,,,,,,,,,,,,,,,,,,,,,,,,,,,,,,,,,,,,,,,,,,,,,,,,,,,,,,
3505203,,,,,,,,,,,,,,,,,,,,,,,,,,,,,,,,,,,,,,,,,,,,,,,,,,,,,,,,,0.0,0.0,0.0,0.0,0.0,0.0,0.0,492.0,30.0,92.0,1984.0,3268.0,85.0,585.0,0.0,0.0,0.0,0.0,0.0,0.0,0.0,,,,,,,,,,,,,,,,,,,,,,,,,,,,,,,,,,,,,,,,,,,,,,,,,,,,,,,,,,,,,,,,,,,,,,,,,,,,,,,,,,,,,,,,,,
3505302,,,,,,,,,,,,,,,,,,,,,,,,,,,,,,,,,,,,,,,,,,,,,,,,,,,,,,,,,0.0,0.0,0.0,0.0,0.0,0.0,0.0,23.0,28.0,72.0,2381.0,3196.0,47.0,645.0,0.0,0.0,0.0,0.0,0.0,0.0,0.0,,,,,,,,,,,,,,,,,,,,,,,,,,,,,,,,,,,,,,,,,,,,,,,,,,,,,,,,,,,,,,,,,,,,,,,,,,,,,,,,,,,,,,,,,,
3505351,,,,,,,,,,,,,,,,,,,,,,,,,,,,,,,,,,,,,,,,,,,,,,,,,,,,,,,,,0.0,0.0,0.0,0.0,0.0,0.0,0.0,313.0,11.0,9.0,302.0,830.0,35.0,160.0,0.0,0.0,0.0,0.0,0.0,0.0,0.0,,,,,,,,,,,,,,,,,,,,,,,,,,,,,,,,,,,,,,,,,,,,,,,,,,,,,,,,,,,,,,,,,,,,,,,,,,,,,,,,,,,,,,,,,,
3505401,,,,,,,,,,,,,,,,,,,,,,,,,,,,,,,,,,,,,,,,,,,,,,,,,,,,,,,,,0.0,0.0,0.0,0.0,0.0,0.0,0.0,331.0,12.0,16.0,403.0,1049.0,71.0,216.0,0.0,0.0,0.0,0.0,0.0,0.0,0.0,,,,,,,,,,,,,,,,,,,,,,,,,,,,,,,,,,,,,,,,,,,,,,,,,,,,,,,,,,,,,,,,,,,,,,,,,,,,,,,,,,,,,,,,,,
3505500,,,,,,,,,,,,,,,,,,,,,,,,,,,,,,,,,,,,,,,,,,,,,,,,,,,,,,,,,0.0,0.0,0.0,0.0,0.0,0.0,0.0,915.0,128.0,223.0,7278.0,10899.0,187.0,2168.0,0.0,0.0,0.0,0.0,0.0,0.0,0.0,,,,,,,,,,,,,,,,,,,,,,,,,,,,,,,,,,,,,,,,,,,,,,,,,,,,,,,,,,,,,,,,,,,,,,,,,,,,,,,,,,,,,,,,,,
3505609,,,,,,,,,,,,,,,,,,,,,,,,,,,,,,,,,,,,,,,,,,,,,,,,,,,,,,,,,0.0,0.0,0.0,0.0,0.0,0.0,0.0,37.0,24.0,25.0,1829.0,2838.0,80.0,843.0,0.0,0.0,0.0,0.0,0.0,0.0,0.0,,,,,,,,,,,,,,,,,,,,,,,,,,,,,,,,,,,,,,,,,,,,,,,,,,,,,,,,,,,,,,,,,,,,,,,,,,,,,,,,,,,,,,,,,,
3505708,14.0,0.0,0.0,0.0,100.0,0.0,100.0,100.0,95.53,4.47,0.0,0.0,0.0,100.0,0.0,0.0,0.0,100.0,0.0,100.0,94.54,90.4,4.14,5.46,4.85,0.61,100.0,0.0,0.0,0.0,8717.0,0.0,8717.0,8717.0,8327.0,390.0,0.0,0.0,0.0,8717.0,0.0,0.0,0.0,3094.0,0.0,3094.0,2925.0,2797.0,128.0,169.0,150.0,19.0,3094.0,30105.54,8717.0,0.29,0.0,0.0,0.0,143.0,225.0,5.0,77.0,2.0,190.0,256.0,13923.0,17624.0,430.0,2823.0,0.0,0.0,0.0,1.03,1.28,1.16,2.73,6.26,100.0,0.0,92.31,1.3,0.0,0.14,183.0,2925.0,0.0,2700.0,38.0,0.0,4.0,99.76,0.0,100.0,0.03,0.03,0.0,0.0,0.0,0.17,99.83,0.14,0.03,2918.0,0.0,2925.0,1.0,1.0,0.0,0.0,0.0,5.0,2920.0,4.0,1.0,95.18,99.86,80.75,16.38,2.19,0.55,0.0,100.0,0.14,0.0,89.91,5.26,2.36,0.34,1.88,0.17,0.07,0.0,2784.0,2921.0,2362.0,479.0,64.0,16.0,0.0,2925.0,4.0,0.0,2630.0,154.0,69.0,10.0,55.0,5.0,2.0,0.0,0.0,100.0,99.93,45.23,54.7,0.0,0.0,0.07,0.0,2925.0,2923.0,1323.0,1600.0,0.0,0.0,2.0
3505807,,,,,,,,,,,,,,,,,,,,,,,,,,,,,,,,,,,,,,,,,,,,,,,,,,,,,,,,,0.0,0.0,0.0,0.0,0.0,0.0,0.0,363.0,21.0,31.0,1207.0,2146.0,49.0,475.0,0.0,0.0,0.0,0.0,0.0,0.0,0.0,,,,,,,,,,,,,,,,,,,,,,,,,,,,,,,,,,,,,,,,,,,,,,,,,,,,,,,,,,,,,,,,,,,,,,,,,,,,,,,,,,,,,,,,,,
3505906,,,,,,,,,,,,,,,,,,,,,,,,,,,,,,,,,,,,,,,,,,,,,,,,,,,,,,,,,0.0,0.0,0.0,0.0,0.0,0.0,0.0,526.0,57.0,135.0,4054.0,5842.0,101.0,969.0,0.0,0.0,0.0,0.0,0.0,0.0,0.0,,,,,,,,,,,,,,,,,,,,,,,,,,,,,,,,,,,,,,,,,,,,,,,,,,,,,,,,,,,,,,,,,,,,,,,,,,,,,,,,,,,,,,,,,,
3506003,15.0,0.0,0.0,0.0,97.24,2.76,100.0,97.24,93.04,4.2,0.0,0.0,0.0,100.0,0.0,0.0,0.0,97.53,2.47,100.0,78.04,74.28,3.75,19.49,12.26,7.23,100.0,0.0,0.0,0.0,6136.0,174.0,6310.0,6136.0,5871.0,265.0,0.0,0.0,0.0,6310.0,0.0,0.0,0.0,2522.0,64.0,2586.0,2018.0,1921.0,97.0,504.0,317.0,187.0,2586.0,2651.78,6310.0,2.38,0.0,1.0,1.0,165.0,442.0,20.0,255.0,354.0,334.0,650.0,21463.0,28681.0,719.0,5161.0,0.0,0.3,0.15,0.77,1.54,2.78,4.94,2.43,100.0,0.0,94.85,2.73,0.0,0.0,49.0,2018.0,0.0,1914.0,55.0,0.0,0.0,79.34,0.0,100.0,7.73,0.5,2.53,0.0,0.0,9.91,86.27,8.62,5.1,1601.0,0.0,2018.0,156.0,10.0,51.0,0.0,0.0,200.0,1741.0,174.0,103.0,58.23,97.82,83.75,12.34,1.44,0.3,0.15,100.0,1.83,0.2,57.78,0.45,2.73,35.08,1.44,2.08,0.3,0.15,1175.0,1974.0,1690.0,249.0,29.0,6.0,3.0,2018.0,37.0,4.0,1166.0,9.0,55.0,708.0,29.0,42.0,6.0,3.0,1.93,100.0,89.94,73.24,16.7,5.4,0.2,2.53,39.0,2018.0,1815.0,1478.0,337.0,109.0,4.0,51.0
3506102,,,,,,,,,,,,,,,,,,,,,,,,,,,,,,,,,,,,,,,,,,,,,,,,,,,,,,,,,0.0,0.0,0.0,0.0,0.0,0.0,0.0,752.0,77.0,172.0,4554.0,6682.0,232.0,895.0,0.0,0.0,0.0,0.0,0.0,0.0,0.0,,,,,,,,,,,,,,,,,,,,,,,,,,,,,,,,,,,,,,,,,,,,,,,,,,,,,,,,,,,,,,,,,,,,,,,,,,,,,,,,,,,,,,,,,,
3506201,,,,,,,,,,,,,,,,,,,,,,,,,,,,,,,,,,,,,,,,,,,,,,,,,,,,,,,,,0.0,0.0,0.0,0.0,0.0,0.0,0.0,79.0,3.0,1.0,156.0,287.0,12.0,36.0,0.0,0.0,0.0,0.0,0.0,0.0,0.0,,,,,,,,,,,,,,,,,,,,,,,,,,,,,,,,,,,,,,,,,,,,,,,,,,,,,,,,,,,,,,,,,,,,,,,,,,,,,,,,,,,,,,,,,,
3506300,,,,,,,,,,,,,,,,,,,,,,,,,,,,,,,,,,,,,,,,,,,,,,,,,,,,,,,,,0.0,0.0,0.0,0.0,0.0,0.0,0.0,376.0,18.0,28.0,812.0,1452.0,28.0,190.0,0.0,0.0,0.0,0.0,0.0,0.0,0.0,,,,,,,,,,,,,,,,,,,,,,,,,,,,,,,,,,,,,,,,,,,,,,,,,,,,,,,,,,,,,,,,,,,,,,,,,,,,,,,,,,,,,,,,,,
3506359,24.0,0.0,0.0,0.0,99.31,0.69,100.0,99.31,91.93,7.38,0.0,0.0,0.0,100.0,0.0,0.06,0.06,99.31,0.63,100.0,79.78,73.28,6.5,19.54,7.88,11.65,99.94,0.0,0.0,0.0,16296.0,113.0,16409.0,16296.0,15085.0,1211.0,0.0,0.0,0.0,16409.0,0.0,4.0,4.0,6954.0,44.0,7002.0,5586.0,5131.0,455.0,1368.0,552.0,816.0,6998.0,4088.34,16409.0,4.014,1.0,0.0,2.0,618.0,1046.0,60.0,365.0,5.0,61.0,54.0,3479.0,5450.0,171.0,1680.0,20.0,0.0,3.7,17.76,19.19,35.09,21.73,1.5,100.0,0.45,93.88,3.96,0.0,0.21,84.0,5586.0,25.0,5244.0,221.0,0.0,12.0,86.43,0.0,100.0,5.6,1.2,0.29,0.2,2.88,3.4,72.77,17.19,10.04,4828.0,0.0,5586.0,313.0,67.0,16.0,11.0,161.0,190.0,4065.0,960.0,561.0,50.48,99.46,79.56,16.6,2.49,0.82,0.05,100.0,0.32,0.16,43.04,7.45,20.77,10.58,3.65,1.24,13.23,0.05,2820.0,5556.0,4444.0,927.0,139.0,46.0,3.0,5586.0,18.0,9.0,2404.0,416.0,1160.0,591.0,204.0,69.0,739.0,3.0,0.36,100.0,98.53,72.48,26.05,1.0,0.02,0.09,20.0,5586.0,5504.0,4049.0,1455.0,56.0,1.0,5.0
3506409,,,,,,,,,,,,,,,,,,,,,,,,,,,,,,,,,,,,,,,,,,,,,,,,,,,,,,,,,0.0,0.0,0.0,0.0,0.0,0.0,0.0,280.0,5.0,5.0,567.0,1051.0,22.0,172.0,0.0,0.0,0.0,0.0,0.0,0.0,0.0,,,,,,,,,,,,,,,,,,,,,,,,,,,,,,,,,,,,,,,,,,,,,,,,,,,,,,,,,,,,,,,,,,,,,,,,,,,,,,,,,,,,,,,,,,
3506508,,,,,,,,,,,,,,,,,,,,,,,,,,,,,,,,,,,,,,,,,,,,,,,,,,,,,,,,,0.0,0.0,0.0,0.0,0.0,0.0,0.0,697.0,94.0,188.0,9078.0,12401.0,273.0,2071.0,0.0,0.0,0.0,0.0,0.0,0.0,0.0,,,,,,,,,,,,,,,,,,,,,,,,,,,,,,,,,,,,,,,,,,,,,,,,,,,,,,,,,,,,,,,,,,,,,,,,,,,,,,,,,,,,,,,,,,
3506607,4.0,0.0,0.0,0.0,100.0,0.0,100.0,100.0,97.67,2.33,0.0,0.0,0.0,100.0,0.0,0.0,0.0,100.0,0.0,100.0,89.73,87.81,1.92,10.27,7.9,2.37,100.0,0.0,0.0,0.0,2400.0,0.0,2400.0,2400.0,2344.0,56.0,0.0,0.0,0.0,2400.0,0.0,0.0,0.0,886.0,0.0,886.0,795.0,778.0,17.0,91.0,70.0,21.0,886.0,16408.57,2400.0,0.146,0.0,0.0,0.0,54.0,123.0,9.0,60.0,399.0,28.0,34.0,1496.0,2777.0,139.0,681.0,0.0,0.0,0.0,3.61,4.43,6.47,8.81,0.13,100.0,0.0,99.87,0.0,0.0,0.0,1.0,795.0,0.0,794.0,0.0,0.0,0.0,92.7,0.0,100.0,0.63,0.0,0.0,0.0,0.0,6.67,99.62,0.25,0.13,737.0,0.0,795.0,5.0,0.0,0.0,0.0,0.0,53.0,792.0,2.0,1.0,85.16,100.0,86.67,12.83,0.38,0.13,0.0,100.0,0.0,0.0,84.78,0.38,1.51,0.63,8.81,3.77,0.13,0.0,677.0,795.0,689.0,102.0,3.0,1.0,0.0,795.0,0.0,0.0,674.0,3.0,12.0,5.0,70.0,30.0,1.0,0.0,0.0,100.0,100.0,96.48,3.52,0.0,0.0,0.0,0.0,795.0,795.0,767.0,28.0,0.0,0.0,0.0
3506706,,,,,,,,,,,,,,,,,,,,,,,,,,,,,,,,,,,,,,,,,,,,,,,,,,,,,,,,,0.0,0.0,0.0,0.0,0.0,0.0,0.0,153.0,19.0,17.0,954.0,1396.0,40.0,213.0,0.0,0.0,0.0,0.0,0.0,0.0,0.0,,,,,,,,,,,,,,,,,,,,,,,,,,,,,,,,,,,,,,,,,,,,,,,,,,,,,,,,,,,,,,,,,,,,,,,,,,,,,,,,,,,,,,,,,,
3506805,,,,,,,,,,,,,,,,,,,,,,,,,,,,,,,,,,,,,,,,,,,,,,,,,,,,,,,,,0.0,0.0,0.0,0.0,0.0,0.0,0.0,136.0,15.0,27.0,888.0,1270.0,44.0,160.0,0.0,0.0,0.0,0.0,0.0,0.0,0.0,,,,,,,,,,,,,,,,,,,,,,,,,,,,,,,,,,,,,,,,,,,,,,,,,,,,,,,,,,,,,,,,,,,,,,,,,,,,,,,,,,,,,,,,,,
3506904,,,,,,,,,,,,,,,,,,,,,,,,,,,,,,,,,,,,,,,,,,,,,,,,,,,,,,,,,0.0,0.0,0.0,0.0,0.0,0.0,0.0,202.0,15.0,10.0,752.0,1637.0,50.0,608.0,0.0,0.0,0.0,0.0,0.0,0.0,0.0,,,,,,,,,,,,,,,,,,,,,,,,,,,,,,,,,,,,,,,,,,,,,,,,,,,,,,,,,,,,,,,,,,,,,,,,,,,,,,,,,,,,,,,,,,
3507001,,,,,,,,,,,,,,,,,,,,,,,,,,,,,,,,,,,,,,,,,,,,,,,,,,,,,,,,,0.0,0.0,0.0,0.0,0.0,0.0,0.0,113.0,76.0,94.0,3379.0,5628.0,129.0,1837.0,0.0,0.0,0.0,0.0,0.0,0.0,0.0,,,,,,,,,,,,,,,,,,,,,,,,,,,,,,,,,,,,,,,,,,,,,,,,,,,,,,,,,,,,,,,,,,,,,,,,,,,,,,,,,,,,,,,,,,
3507100,,,,,,,,,,,,,,,,,,,,,,,,,,,,,,,,,,,,,,,,,,,,,,,,,,,,,,,,,0.0,0.0,0.0,0.0,0.0,0.0,0.0,32.0,20.0,23.0,1280.0,2108.0,57.0,696.0,0.0,0.0,0.0,0.0,0.0,0.0,0.0,,,,,,,,,,,,,,,,,,,,,,,,,,,,,,,,,,,,,,,,,,,,,,,,,,,,,,,,,,,,,,,,,,,,,,,,,,,,,,,,,,,,,,,,,,
3507159,,,,,,,,,,,,,,,,,,,,,,,,,,,,,,,,,,,,,,,,,,,,,,,,,,,,,,,,,0.0,0.0,0.0,0.0,0.0,0.0,0.0,48.0,6.0,4.0,218.0,346.0,12.0,58.0,0.0,0.0,0.0,0.0,0.0,0.0,0.0,,,,,,,,,,,,,,,,,,,,,,,,,,,,,,,,,,,,,,,,,,,,,,,,,,,,,,,,,,,,,,,,,,,,,,,,,,,,,,,,,,,,,,,,,,
3507209,,,,,,,,,,,,,,,,,,,,,,,,,,,,,,,,,,,,,,,,,,,,,,,,,,,,,,,,,0.0,0.0,0.0,0.0,0.0,0.0,0.0,48.0,2.0,3.0,45.0,113.0,5.0,10.0,0.0,0.0,0.0,0.0,0.0,0.0,0.0,,,,,,,,,,,,,,,,,,,,,,,,,,,,,,,,,,,,,,,,,,,,,,,,,,,,,,,,,,,,,,,,,,,,,,,,,,,,,,,,,,,,,,,,,,
3507308,,,,,,,,,,,,,,,,,,,,,,,,,,,,,,,,,,,,,,,,,,,,,,,,,,,,,,,,,0.0,0.0,0.0,0.0,0.0,0.0,0.0,105.0,6.0,8.0,299.0,574.0,19.0,137.0,0.0,0.0,0.0,0.0,0.0,0.0,0.0,,,,,,,,,,,,,,,,,,,,,,,,,,,,,,,,,,,,,,,,,,,,,,,,,,,,,,,,,,,,,,,,,,,,,,,,,,,,,,,,,,,,,,,,,,
3507407,,,,,,,,,,,,,,,,,,,,,,,,,,,,,,,,,,,,,,,,,,,,,,,,,,,,,,,,,0.0,0.0,0.0,0.0,0.0,0.0,0.0,387.0,15.0,21.0,1063.0,1938.0,28.0,424.0,0.0,0.0,0.0,0.0,0.0,0.0,0.0,,,,,,,,,,,,,,,,,,,,,,,,,,,,,,,,,,,,,,,,,,,,,,,,,,,,,,,,,,,,,,,,,,,,,,,,,,,,,,,,,,,,,,,,,,
3507456,,,,,,,,,,,,,,,,,,,,,,,,,,,,,,,,,,,,,,,,,,,,,,,,,,,,,,,,,0.0,0.0,0.0,0.0,0.0,0.0,0.0,111.0,3.0,5.0,218.0,422.0,16.0,69.0,0.0,0.0,0.0,0.0,0.0,0.0,0.0,,,,,,,,,,,,,,,,,,,,,,,,,,,,,,,,,,,,,,,,,,,,,,,,,,,,,,,,,,,,,,,,,,,,,,,,,,,,,,,,,,,,,,,,,,
3507506,2.0,0.0,0.0,0.0,100.0,0.0,100.0,100.0,100.0,0.0,0.0,0.0,0.0,100.0,0.0,0.0,0.0,100.0,0.0,100.0,78.68,78.68,0.0,21.32,19.38,1.94,100.0,0.0,0.0,0.0,602.0,0.0,602.0,602.0,602.0,0.0,0.0,0.0,0.0,602.0,0.0,0.0,0.0,258.0,0.0,258.0,203.0,203.0,0.0,55.0,50.0,5.0,258.0,5176.54,602.0,0.116,0.0,1.0,0.0,10.0,22.0,3.0,8.0,425.0,171.0,318.0,8399.0,12363.0,320.0,2730.0,0.0,0.58,0.0,0.12,0.18,0.94,0.29,0.0,100.0,0.0,99.51,0.0,0.0,0.49,0.0,203.0,0.0,202.0,0.0,0.0,1.0,96.55,0.0,100.0,0.99,0.99,0.49,0.0,0.0,0.99,98.52,0.99,0.49,196.0,0.0,203.0,2.0,2.0,1.0,0.0,0.0,2.0,200.0,2.0,1.0,88.67,100.0,85.71,13.79,0.49,0.0,0.0,100.0,0.0,0.0,88.67,0.0,3.45,7.39,0.0,0.0,0.49,0.0,180.0,203.0,174.0,28.0,1.0,0.0,0.0,203.0,0.0,0.0,180.0,0.0,7.0,15.0,0.0,0.0,1.0,0.0,0.0,100.0,100.0,100.0,0.0,0.0,0.0,0.0,0.0,203.0,203.0,203.0,0.0,0.0,0.0,0.0
3507605,1.0,0.0,0.0,0.0,95.07,4.93,100.0,95.07,93.72,1.35,0.0,0.0,0.0,100.0,0.0,0.0,0.0,95.56,4.44,100.0,92.22,91.11,1.11,3.33,1.11,2.22,100.0,0.0,0.0,0.0,212.0,11.0,223.0,212.0,209.0,3.0,0.0,0.0,0.0,223.0,0.0,0.0,0.0,86.0,4.0,90.0,83.0,82.0,1.0,3.0,1.0,2.0,90.0,12008.62,223.0,0.019,0.0,0.0,0.0,6.0,9.0,2.0,1.0,329.0,168.0,288.0,9535.0,14251.0,340.0,3591.0,0.0,0.0,0.0,0.06,0.06,0.59,0.03,7.23,100.0,0.0,80.72,12.05,0.0,0.0,6.0,83.0,0.0,67.0,10.0,0.0,0.0,90.36,0.0,100.0,3.61,2.41,0.0,0.0,0.0,3.61,85.54,9.64,4.82,75.0,0.0,83.0,3.0,2.0,0.0,0.0,0.0,3.0,71.0,8.0,4.0,8.43,95.18,85.54,9.64,0.0,0.0,0.0,100.0,4.82,0.0,4.82,3.61,33.73,30.12,26.51,1.2,0.0,0.0,7.0,79.0,71.0,8.0,0.0,0.0,0.0,83.0,4.0,0.0,4.0,3.0,28.0,25.0,22.0,1.0,0.0,0.0,0.0,100.0,98.8,14.46,84.34,1.2,0.0,0.0,0.0,83.0,82.0,12.0,70.0,1.0,0.0,0.0
3507704,,,,,,,,,,,,,,,,,,,,,,,,,,,,,,,,,,,,,,,,,,,,,,,,,,,,,,,,,0.0,0.0,0.0,0.0,0.0,0.0,0.0,181.0,6.0,4.0,331.0,607.0,16.0,69.0,0.0,0.0,0.0,0.0,0.0,0.0,0.0,,,,,,,,,,,,,,,,,,,,,,,,,,,,,,,,,,,,,,,,,,,,,,,,,,,,,,,,,,,,,,,,,,,,,,,,,,,,,,,,,,,,,,,,,,
3507753,,,,,,,,,,,,,,,,,,,,,,,,,,,,,,,,,,,,,,,,,,,,,,,,,,,,,,,,,0.0,0.0,0.0,0.0,0.0,0.0,0.0,99.0,3.0,3.0,191.0,357.0,19.0,42.0,0.0,0.0,0.0,0.0,0.0,0.0,0.0,,,,,,,,,,,,,,,,,,,,,,,,,,,,,,,,,,,,,,,,,,,,,,,,,,,,,,,,,,,,,,,,,,,,,,,,,,,,,,,,,,,,,,,,,,
3507803,,,,,,,,,,,,,,,,,,,,,,,,,,,,,,,,,,,,,,,,,,,,,,,,,,,,,,,,,0.0,0.0,0.0,0.0,0.0,0.0,0.0,143.0,23.0,35.0,1476.0,2275.0,45.0,553.0,0.0,0.0,0.0,0.0,0.0,0.0,0.0,,,,,,,,,,,,,,,,,,,,,,,,,,,,,,,,,,,,,,,,,,,,,,,,,,,,,,,,,,,,,,,,,,,,,,,,,,,,,,,,,,,,,,,,,,
3507902,,,,,,,,,,,,,,,,,,,,,,,,,,,,,,,,,,,,,,,,,,,,,,,,,,,,,,,,,0.0,0.0,0.0,0.0,0.0,0.0,0.0,375.0,22.0,48.0,1524.0,2473.0,83.0,421.0,0.0,0.0,0.0,0.0,0.0,0.0,0.0,,,,,,,,,,,,,,,,,,,,,,,,,,,,,,,,,,,,,,,,,,,,,,,,,,,,,,,,,,,,,,,,,,,,,,,,,,,,,,,,,,,,,,,,,,
3508009,,,,,,,,,,,,,,,,,,,,,,,,,,,,,,,,,,,,,,,,,,,,,,,,,,,,,,,,,0.0,0.0,0.0,0.0,0.0,0.0,0.0,605.0,23.0,18.0,1287.0,2480.0,67.0,480.0,0.0,0.0,0.0,0.0,0.0,0.0,0.0,,,,,,,,,,,,,,,,,,,,,,,,,,,,,,,,,,,,,,,,,,,,,,,,,,,,,,,,,,,,,,,,,,,,,,,,,,,,,,,,,,,,,,,,,,
3508108,,,,,,,,,,,,,,,,,,,,,,,,,,,,,,,,,,,,,,,,,,,,,,,,,,,,,,,,,0.0,0.0,0.0,0.0,0.0,0.0,0.0,477.0,11.0,22.0,1128.0,2150.0,46.0,466.0,0.0,0.0,0.0,0.0,0.0,0.0,0.0,,,,,,,,,,,,,,,,,,,,,,,,,,,,,,,,,,,,,,,,,,,,,,,,,,,,,,,,,,,,,,,,,,,,,,,,,,,,,,,,,,,,,,,,,,
3508207,,,,,,,,,,,,,,,,,,,,,,,,,,,,,,,,,,,,,,,,,,,,,,,,,,,,,,,,,0.0,0.0,0.0,0.0,0.0,0.0,0.0,170.0,6.0,2.0,275.0,508.0,12.0,43.0,0.0,0.0,0.0,0.0,0.0,0.0,0.0,,,,,,,,,,,,,,,,,,,,,,,,,,,,,,,,,,,,,,,,,,,,,,,,,,,,,,,,,,,,,,,,,,,,,,,,,,,,,,,,,,,,,,,,,,
3508306,,,,,,,,,,,,,,,,,,,,,,,,,,,,,,,,,,,,,,,,,,,,,,,,,,,,,,,,,0.0,0.0,0.0,0.0,0.0,0.0,0.0,36.0,7.0,5.0,327.0,455.0,25.0,55.0,0.0,0.0,0.0,0.0,0.0,0.0,0.0,,,,,,,,,,,,,,,,,,,,,,,,,,,,,,,,,,,,,,,,,,,,,,,,,,,,,,,,,,,,,,,,,,,,,,,,,,,,,,,,,,,,,,,,,,
3508405,4.0,0.0,0.0,0.0,100.0,0.0,100.0,100.0,96.95,3.05,0.0,0.0,0.0,100.0,0.0,0.0,0.0,100.0,0.0,100.0,89.97,86.93,3.04,10.03,7.6,2.43,100.0,0.0,0.0,0.0,950.0,0.0,950.0,950.0,921.0,29.0,0.0,0.0,0.0,950.0,0.0,0.0,0.0,329.0,0.0,329.0,296.0,286.0,10.0,33.0,25.0,8.0,329.0,8396.83,950.0,0.113,0.0,0.0,0.0,11.0,50.0,2.0,37.0,95.0,40.0,39.0,2288.0,3398.0,104.0,832.0,0.0,0.0,0.0,0.48,1.47,1.92,4.45,1.01,100.0,0.0,98.65,0.0,0.0,0.34,3.0,296.0,0.0,292.0,0.0,0.0,1.0,86.15,0.68,100.0,5.07,7.43,0.34,0.0,0.0,0.34,99.32,0.34,0.34,255.0,2.0,296.0,15.0,22.0,1.0,0.0,0.0,1.0,294.0,1.0,1.0,45.95,99.32,82.43,15.2,0.68,1.01,0.0,100.0,0.68,0.0,45.61,0.34,0.68,50.0,0.34,0.68,2.36,0.0,136.0,294.0,244.0,45.0,2.0,3.0,0.0,296.0,2.0,0.0,135.0,1.0,2.0,148.0,1.0,2.0,7.0,0.0,0.0,100.0,100.0,17.57,82.43,0.0,0.0,0.0,0.0,296.0,296.0,52.0,244.0,0.0,0.0,0.0
3508504,1.0,0.0,0.0,0.0,100.0,0.0,100.0,100.0,92.71,7.29,0.0,0.0,0.0,100.0,0.0,0.0,0.0,100.0,0.0,100.0,82.54,76.19,6.35,17.46,16.67,0.79,100.0,0.0,0.0,0.0,343.0,0.0,343.0,343.0,318.0,25.0,0.0,0.0,0.0,343.0,0.0,0.0,0.0,126.0,0.0,126.0,104.0,96.0,8.0,22.0,21.0,1.0,126.0,12754.72,343.0,0.027,0.0,0.0,0.0,3.0,4.0,0.0,1.0,94.0,96.0,136.0,4381.0,6679.0,227.0,1745.0,0.0,0.0,0.0,0.07,0.06,0.0,0.06,0.0,100.0,0.0,100.0,0.0,0.0,0.0,0.0,104.0,0.0,104.0,0.0,0.0,0.0,99.04,0.0,100.0,0.0,0.0,0.0,0.0,0.0,0.96,99.04,0.0,0.96,103.0,0.0,104.0,0.0,0.0,0.0,0.0,0.0,1.0,103.0,0.0,1.0,93.27,100.0,84.62,14.42,0.96,0.0,0.0,100.0,0.0,0.0,93.27,0.0,0.0,0.0,0.0,4.81,1.92,0.0,97.0,104.0,88.0,15.0,1.0,0.0,0.0,104.0,0.0,0.0,97.0,0.0,0.0,0.0,0.0,5.0,2.0,0.0,0.0,100.0,100.0,90.38,9.62,0.0,0.0,0.0,0.0,104.0,104.0,94.0,10.0,0.0,0.0,0.0
3508603,,,,,,,,,,,,,,,,,,,,,,,,,,,,,,,,,,,,,,,,,,,,,,,,,,,,,,,,,0.0,0.0,0.0,0.0,0.0,0.0,0.0,283.0,42.0,63.0,1913.0,2949.0,87.0,561.0,0.0,0.0,0.0,0.0,0.0,0.0,0.0,,,,,,,,,,,,,,,,,,,,,,,,,,,,,,,,,,,,,,,,,,,,,,,,,,,,,,,,,,,,,,,,,,,,,,,,,,,,,,,,,,,,,,,,,,
3508702,,,,,,,,,,,,,,,,,,,,,,,,,,,,,,,,,,,,,,,,,,,,,,,,,,,,,,,,,0.0,0.0,0.0,0.0,0.0,0.0,0.0,1105.0,27.0,38.0,1031.0,2709.0,84.0,424.0,0.0,0.0,0.0,0.0,0.0,0.0,0.0,,,,,,,,,,,,,,,,,,,,,,,,,,,,,,,,,,,,,,,,,,,,,,,,,,,,,,,,,,,,,,,,,,,,,,,,,,,,,,,,,,,,,,,,,,
3508801,,,,,,,,,,,,,,,,,,,,,,,,,,,,,,,,,,,,,,,,,,,,,,,,,,,,,,,,,0.0,0.0,0.0,0.0,0.0,0.0,0.0,357.0,18.0,31.0,1053.0,1785.0,45.0,281.0,0.0,0.0,0.0,0.0,0.0,0.0,0.0,,,,,,,,,,,,,,,,,,,,,,,,,,,,,,,,,,,,,,,,,,,,,,,,,,,,,,,,,,,,,,,,,,,,,,,,,,,,,,,,,,,,,,,,,,
3508900,,,,,,,,,,,,,,,,,,,,,,,,,,,,,,,,,,,,,,,,,,,,,,,,,,,,,,,,,0.0,0.0,0.0,0.0,0.0,0.0,0.0,334.0,8.0,7.0,269.0,709.0,22.0,69.0,0.0,0.0,0.0,0.0,0.0,0.0,0.0,,,,,,,,,,,,,,,,,,,,,,,,,,,,,,,,,,,,,,,,,,,,,,,,,,,,,,,,,,,,,,,,,,,,,,,,,,,,,,,,,,,,,,,,,,
3509007,10.0,0.0,0.0,0.0,100.0,0.0,100.0,100.0,93.34,6.66,0.0,0.0,0.0,100.0,0.0,0.0,0.0,100.0,0.0,100.0,94.62,88.73,5.89,5.38,5.13,0.25,100.0,0.0,0.0,0.0,6850.0,0.0,6850.0,6850.0,6394.0,456.0,0.0,0.0,0.0,6850.0,0.0,0.0,0.0,2360.0,0.0,2360.0,2233.0,2094.0,139.0,127.0,121.0,6.0,2360.0,16142.98,6850.0,0.424,0.0,0.0,0.0,173.0,261.0,9.0,79.0,4.0,75.0,73.0,4545.0,6597.0,173.0,1727.0,0.0,0.0,0.0,3.81,3.96,5.2,4.57,0.0,100.0,0.0,100.0,0.0,0.0,0.0,0.0,2233.0,0.0,2233.0,0.0,0.0,0.0,92.57,0.04,100.0,0.4,0.27,2.02,0.04,0.22,4.43,98.79,0.72,0.49,2067.0,1.0,2233.0,9.0,6.0,45.0,1.0,5.0,99.0,2206.0,16.0,11.0,49.08,99.33,84.91,12.72,1.57,0.13,0.18,100.0,0.4,0.09,46.89,2.19,8.24,2.37,27.23,0.45,12.45,0.18,1096.0,2218.0,1896.0,284.0,35.0,3.0,4.0,2233.0,9.0,2.0,1047.0,49.0,184.0,53.0,608.0,10.0,278.0,4.0,0.09,100.0,98.57,53.29,45.28,0.49,0.0,0.85,2.0,2233.0,2201.0,1190.0,1011.0,11.0,0.0,19.0
3509106,,,,,,,,,,,,,,,,,,,,,,,,,,,,,,,,,,,,,,,,,,,,,,,,,,,,,,,,,0.0,0.0,0.0,0.0,0.0,0.0,0.0,866.0,6.0,2.0,198.0,1118.0,21.0,25.0,0.0,0.0,0.0,0.0,0.0,0.0,0.0,,,,,,,,,,,,,,,,,,,,,,,,,,,,,,,,,,,,,,,,,,,,,,,,,,,,,,,,,,,,,,,,,,,,,,,,,,,,,,,,,,,,,,,,,,
3509205,21.0,0.0,0.0,0.0,100.0,0.0,100.0,100.0,95.47,4.53,0.0,0.0,0.0,100.0,0.0,0.0,0.0,100.0,0.0,100.0,90.44,86.07,4.37,9.56,8.28,1.28,100.0,0.0,0.0,0.0,11071.0,0.0,11071.0,11071.0,10569.0,502.0,0.0,0.0,0.0,11071.0,0.0,0.0,0.0,4143.0,0.0,4143.0,3747.0,3566.0,181.0,396.0,343.0,53.0,4143.0,6731.66,11071.0,1.645,0.0,1.0,0.0,281.0,509.0,38.0,189.0,27.0,73.0,66.0,4303.0,6653.0,234.0,1950.0,0.0,1.37,0.0,6.53,7.65,16.24,9.69,0.43,100.0,0.0,97.62,1.95,0.0,0.0,16.0,3747.0,0.0,3658.0,73.0,0.0,0.0,72.94,0.13,100.0,5.74,19.03,0.75,0.0,0.03,1.39,92.13,0.8,7.07,2733.0,5.0,3747.0,215.0,713.0,28.0,0.0,1.0,52.0,3452.0,30.0,265.0,43.18,99.25,82.76,14.87,1.41,0.21,0.0,100.0,0.64,0.11,35.82,7.37,4.88,20.15,30.58,0.35,0.85,0.0,1618.0,3719.0,3101.0,557.0,53.0,8.0,0.0,3747.0,24.0,4.0,1342.0,276.0,183.0,755.0,1146.0,13.0,32.0,0.0,0.21,100.0,99.36,74.94,24.42,0.11,0.0,0.32,8.0,3747.0,3723.0,2808.0,915.0,4.0,0.0,12.0
3509254,,,,,,,,,,,,,,,,,,,,,,,,,,,,,,,,,,,,,,,,,,,,,,,,,,,,,,,,,0.0,0.0,0.0,0.0,0.0,0.0,0.0,351.0,36.0,22.0,1615.0,2782.0,130.0,628.0,0.0,0.0,0.0,0.0,0.0,0.0,0.0,,,,,,,,,,,,,,,,,,,,,,,,,,,,,,,,,,,,,,,,,,,,,,,,,,,,,,,,,,,,,,,,,,,,,,,,,,,,,,,,,,,,,,,,,,
3509304,,,,,,,,,,,,,,,,,,,,,,,,,,,,,,,,,,,,,,,,,,,,,,,,,,,,,,,,,0.0,0.0,0.0,0.0,0.0,0.0,0.0,190.0,10.0,15.0,549.0,904.0,35.0,105.0,0.0,0.0,0.0,0.0,0.0,0.0,0.0,,,,,,,,,,,,,,,,,,,,,,,,,,,,,,,,,,,,,,,,,,,,,,,,,,,,,,,,,,,,,,,,,,,,,,,,,,,,,,,,,,,,,,,,,,
3509403,,,,,,,,,,,,,,,,,,,,,,,,,,,,,,,,,,,,,,,,,,,,,,,,,,,,,,,,,0.0,0.0,0.0,0.0,0.0,0.0,0.0,758.0,23.0,44.0,1457.0,2761.0,50.0,429.0,0.0,0.0,0.0,0.0,0.0,0.0,0.0,,,,,,,,,,,,,,,,,,,,,,,,,,,,,,,,,,,,,,,,,,,,,,,,,,,,,,,,,,,,,,,,,,,,,,,,,,,,,,,,,,,,,,,,,,
3509452,,,,,,,,,,,,,,,,,,,,,,,,,,,,,,,,,,,,,,,,,,,,,,,,,,,,,,,,,0.0,0.0,0.0,0.0,0.0,0.0,0.0,183.0,7.0,3.0,392.0,776.0,29.0,162.0,0.0,0.0,0.0,0.0,0.0,0.0,0.0,,,,,,,,,,,,,,,,,,,,,,,,,,,,,,,,,,,,,,,,,,,,,,,,,,,,,,,,,,,,,,,,,,,,,,,,,,,,,,,,,,,,,,,,,,
3509502,118.0,0.02,0.0,0.02,99.76,0.23,100.0,99.76,96.18,3.58,0.0,0.0,0.0,99.98,0.01,0.01,0.02,99.76,0.22,100.0,91.91,88.45,3.46,7.85,6.46,1.4,99.98,23.0,0.0,23.0,140443.0,318.0,140784.0,140443.0,135404.0,5039.0,0.0,0.0,0.0,140761.0,4.0,7.0,11.0,49528.0,107.0,49646.0,45629.0,43912.0,1717.0,3899.0,3205.0,694.0,49635.0,10042.39,140784.0,14.019,20.0,39.0,10.0,4366.0,6696.0,336.0,1925.0,410.0,1096.0,1737.0,54898.0,72135.0,1863.0,12131.0,4.88,3.56,0.58,7.95,9.28,18.04,15.87,0.57,100.0,0.2,97.8,0.59,0.0,0.85,258.0,45629.0,90.0,44627.0,268.0,0.0,386.0,98.35,0.01,100.0,0.08,0.05,0.02,0.01,0.04,1.44,99.61,0.29,0.1,44878.0,3.0,45629.0,37.0,22.0,9.0,4.0,17.0,659.0,45449.0,134.0,46.0,69.53,99.9,80.77,17.17,1.65,0.3,0.01,100.0,0.06,0.03,67.73,1.8,3.76,11.09,13.81,0.97,0.84,0.01,31725.0,45582.0,36854.0,7836.0,753.0,139.0,5.0,45629.0,29.0,13.0,30905.0,820.0,1714.0,5060.0,6300.0,441.0,384.0,5.0,0.32,100.0,99.22,87.77,11.45,0.11,0.0,0.34,147.0,45629.0,45274.0,40050.0,5224.0,51.0,2.0,155.0
3509601,5.0,0.0,0.0,0.0,92.91,7.09,100.0,92.91,90.6,2.31,0.0,0.0,0.0,100.0,0.0,0.0,0.0,93.64,6.36,100.0,78.4,75.88,2.51,15.24,10.76,4.48,100.0,0.0,0.0,0.0,3093.0,236.0,3329.0,3093.0,3016.0,77.0,0.0,0.0,0.0,3329.0,0.0,0.0,0.0,1192.0,81.0,1273.0,998.0,966.0,32.0,194.0,137.0,57.0,1273.0,3391.76,3329.0,0.981,0.0,0.0,0.0,107.0,258.0,12.0,139.0,1.0,81.0,51.0,3383.0,4690.0,144.0,1030.0,0.0,0.0,0.0,3.16,5.5,8.33,13.5,0.8,100.0,0.0,98.7,0.5,0.0,0.0,8.0,998.0,0.0,985.0,5.0,0.0,0.0,72.65,0.1,100.0,3.61,15.73,0.3,0.0,0.0,7.62,88.78,8.52,2.71,725.0,1.0,998.0,36.0,157.0,3.0,0.0,0.0,76.0,886.0,85.0,27.0,11.12,100.0,85.67,12.63,1.4,0.3,0.0,100.0,0.0,0.0,10.92,0.2,9.72,66.83,11.72,0.3,0.3,0.0,111.0,998.0,855.0,126.0,14.0,3.0,0.0,998.0,0.0,0.0,109.0,2.0,97.0,667.0,117.0,3.0,3.0,0.0,1.9,100.0,97.6,71.94,25.65,0.4,0.0,0.1,19.0,998.0,974.0,718.0,256.0,4.0,0.0,1.0
3509700,11.0,0.0,0.0,0.0,99.98,0.02,100.0,99.98,98.2,1.78,0.0,0.0,0.0,100.0,0.0,0.18,0.18,99.78,0.03,100.0,89.36,87.63,1.72,10.43,8.77,1.66,99.82,0.0,0.0,0.0,9061.0,2.0,9063.0,9061.0,8900.0,161.0,0.0,0.0,0.0,9063.0,0.0,6.0,6.0,3244.0,1.0,3251.0,2905.0,2849.0,56.0,339.0,285.0,54.0,3245.0,9717.52,9063.0,0.933,0.0,1.0,2.0,164.0,237.0,23.0,47.0,25.0,68.0,74.0,2970.0,4218.0,119.0,962.0,0.0,1.47,2.7,5.52,5.62,19.33,4.89,0.21,100.0,0.07,99.48,0.0,0.0,0.24,6.0,2905.0,2.0,2890.0,0.0,0.0,7.0,88.88,0.62,100.0,0.07,0.24,8.61,0.0,0.07,1.51,99.62,0.07,0.31,2582.0,18.0,2905.0,2.0,7.0,250.0,0.0,2.0,44.0,2894.0,2.0,9.0,90.43,99.41,80.76,17.11,1.41,0.14,0.1,100.0,0.45,0.03,90.15,0.28,0.83,2.03,4.65,0.17,1.79,0.1,2627.0,2888.0,2346.0,497.0,41.0,4.0,3.0,2905.0,13.0,1.0,2619.0,8.0,24.0,59.0,135.0,5.0,52.0,3.0,0.0,100.0,100.0,46.44,53.56,0.0,0.0,0.0,0.0,2905.0,2905.0,1349.0,1556.0,0.0,0.0,0.0
3509809,,,,,,,,,,,,,,,,,,,,,,,,,,,,,,,,,,,,,,,,,,,,,,,,,,,,,,,,,0.0,0.0,0.0,0.0,0.0,0.0,0.0,278.0,5.0,7.0,321.0,744.0,12.0,121.0,0.0,0.0,0.0,0.0,0.0,0.0,0.0,,,,,,,,,,,,,,,,,,,,,,,,,,,,,,,,,,,,,,,,,,,,,,,,,,,,,,,,,,,,,,,,,,,,,,,,,,,,,,,,,,,,,,,,,,
3509908,,,,,,,,,,,,,,,,,,,,,,,,,,,,,,,,,,,,,,,,,,,,,,,,,,,,,,,,,0.0,0.0,0.0,0.0,0.0,0.0,0.0,51.0,24.0,15.0,846.0,1403.0,72.0,395.0,0.0,0.0,0.0,0.0,0.0,0.0,0.0,,,,,,,,,,,,,,,,,,,,,,,,,,,,,,,,,,,,,,,,,,,,,,,,,,,,,,,,,,,,,,,,,,,,,,,,,,,,,,,,,,,,,,,,,,
3509957,,,,,,,,,,,,,,,,,,,,,,,,,,,,,,,,,,,,,,,,,,,,,,,,,,,,,,,,,0.0,0.0,0.0,0.0,0.0,0.0,0.0,48.0,6.0,6.0,304.0,624.0,24.0,236.0,0.0,0.0,0.0,0.0,0.0,0.0,0.0,,,,,,,,,,,,,,,,,,,,,,,,,,,,,,,,,,,,,,,,,,,,,,,,,,,,,,,,,,,,,,,,,,,,,,,,,,,,,,,,,,,,,,,,,,
3510005,,,,,,,,,,,,,,,,,,,,,,,,,,,,,,,,,,,,,,,,,,,,,,,,,,,,,,,,,0.0,0.0,0.0,0.0,0.0,0.0,0.0,443.0,40.0,56.0,1836.0,3045.0,76.0,594.0,0.0,0.0,0.0,0.0,0.0,0.0,0.0,,,,,,,,,,,,,,,,,,,,,,,,,,,,,,,,,,,,,,,,,,,,,,,,,,,,,,,,,,,,,,,,,,,,,,,,,,,,,,,,,,,,,,,,,,
3510104,,,,,,,,,,,,,,,,,,,,,,,,,,,,,,,,,,,,,,,,,,,,,,,,,,,,,,,,,0.0,0.0,0.0,0.0,0.0,0.0,0.0,273.0,4.0,3.0,389.0,758.0,7.0,82.0,0.0,0.0,0.0,0.0,0.0,0.0,0.0,,,,,,,,,,,,,,,,,,,,,,,,,,,,,,,,,,,,,,,,,,,,,,,,,,,,,,,,,,,,,,,,,,,,,,,,,,,,,,,,,,,,,,,,,,
3510153,,,,,,,,,,,,,,,,,,,,,,,,,,,,,,,,,,,,,,,,,,,,,,,,,,,,,,,,,0.0,0.0,0.0,0.0,0.0,0.0,0.0,16.0,5.0,4.0,194.0,591.0,18.0,354.0,0.0,0.0,0.0,0.0,0.0,0.0,0.0,,,,,,,,,,,,,,,,,,,,,,,,,,,,,,,,,,,,,,,,,,,,,,,,,,,,,,,,,,,,,,,,,,,,,,,,,,,,,,,,,,,,,,,,,,
3510203,,,,,,,,,,,,,,,,,,,,,,,,,,,,,,,,,,,,,,,,,,,,,,,,,,,,,,,,,0.0,0.0,0.0,0.0,0.0,0.0,0.0,737.0,63.0,86.0,2695.0,4501.0,144.0,776.0,0.0,0.0,0.0,0.0,0.0,0.0,0.0,,,,,,,,,,,,,,,,,,,,,,,,,,,,,,,,,,,,,,,,,,,,,,,,,,,,,,,,,,,,,,,,,,,,,,,,,,,,,,,,,,,,,,,,,,
3510302,,,,,,,,,,,,,,,,,,,,,,,,,,,,,,,,,,,,,,,,,,,,,,,,,,,,,,,,,0.0,0.0,0.0,0.0,0.0,0.0,0.0,103.0,20.0,11.0,1170.0,2164.0,39.0,821.0,0.0,0.0,0.0,0.0,0.0,0.0,0.0,,,,,,,,,,,,,,,,,,,,,,,,,,,,,,,,,,,,,,,,,,,,,,,,,,,,,,,,,,,,,,,,,,,,,,,,,,,,,,,,,,,,,,,,,,
3510401,3.0,0.0,0.0,0.0,99.87,0.13,100.0,99.87,89.17,10.7,0.0,0.0,0.0,100.0,0.0,0.0,0.0,99.67,0.33,100.0,81.19,71.29,9.9,18.48,12.54,5.94,100.0,0.0,0.0,0.0,756.0,1.0,757.0,756.0,675.0,81.0,0.0,0.0,0.0,757.0,0.0,0.0,0.0,302.0,1.0,303.0,246.0,216.0,30.0,56.0,38.0,18.0,303.0,4079.85,757.0,0.186,0.0,0.0,0.0,10.0,33.0,1.0,22.0,114.0,52.0,126.0,3293.0,4744.0,103.0,1056.0,0.0,0.0,0.0,0.3,0.7,0.97,2.08,0.0,100.0,0.0,95.93,1.63,0.0,2.44,0.0,246.0,0.0,236.0,4.0,0.0,6.0,87.4,0.41,100.0,6.5,2.85,0.0,0.0,0.81,2.03,92.28,1.63,6.1,215.0,1.0,246.0,16.0,7.0,0.0,0.0,2.0,5.0,227.0,4.0,15.0,21.95,99.59,87.4,10.16,2.03,0.0,0.0,100.0,0.41,0.0,21.54,0.41,21.95,3.66,34.96,1.22,16.26,0.0,54.0,245.0,215.0,25.0,5.0,0.0,0.0,246.0,1.0,0.0,53.0,1.0,54.0,9.0,86.0,3.0,40.0,0.0,0.0,100.0,99.19,34.96,64.23,0.81,0.0,0.0,0.0,246.0,244.0,86.0,158.0,2.0,0.0,0.0
3510500,12.0,0.0,0.0,0.0,98.46,1.54,100.0,98.46,94.8,3.66,0.0,0.0,0.0,100.0,0.0,0.0,0.0,98.37,1.63,100.0,76.5,73.41,3.09,21.87,10.98,10.89,100.0,0.0,0.0,0.0,5515.0,86.0,5601.0,5515.0,5310.0,205.0,0.0,0.0,0.0,5601.0,0.0,0.0,0.0,2357.0,39.0,2396.0,1833.0,1759.0,74.0,524.0,263.0,261.0,2396.0,4321.23,5601.0,1.296,0.0,1.0,0.0,95.0,376.0,14.0,266.0,18.0,112.0,160.0,6727.0,10447.0,318.0,3112.0,0.0,0.89,0.0,1.41,3.6,4.4,8.55,0.16,100.0,0.05,96.89,0.71,0.0,2.18,3.0,1833.0,1.0,1776.0,13.0,0.0,40.0,76.76,0.0,100.0,0.22,0.11,4.09,0.05,0.38,18.39,83.09,2.62,14.29,1407.0,0.0,1833.0,4.0,2.0,75.0,1.0,7.0,337.0,1523.0,48.0,262.0,20.62,99.84,82.11,15.71,1.75,0.27,0.0,100.0,0.11,0.05,19.97,0.65,31.37,33.82,1.69,2.62,9.87,0.0,378.0,1830.0,1505.0,288.0,32.0,5.0,0.0,1833.0,2.0,1.0,366.0,12.0,575.0,620.0,31.0,48.0,181.0,0.0,0.16,100.0,94.27,80.31,13.97,0.55,0.0,5.02,3.0,1833.0,1728.0,1472.0,256.0,10.0,0.0,92.0
3510609,66.0,0.0,0.0,0.0,99.95,0.05,100.0,99.95,87.69,12.26,0.0,0.0,0.0,100.0,0.0,0.0,0.0,99.93,0.07,100.0,94.09,81.83,12.26,5.85,5.37,0.47,100.0,0.0,0.0,0.0,60533.0,29.0,60562.0,60533.0,53108.0,7425.0,0.0,0.0,0.0,60562.0,0.0,0.0,0.0,21677.0,15.0,21692.0,20409.0,17750.0,2659.0,1268.0,1165.0,103.0,21692.0,29957.24,60562.0,2.022,0.0,8.0,2.0,1384.0,1986.0,109.0,483.0,1.0,254.0,156.0,15236.0,19807.0,1013.0,3147.0,0.0,3.15,1.28,9.08,10.03,10.76,15.35,1.2,100.0,0.09,96.6,2.06,0.0,0.05,245.0,20409.0,19.0,19715.0,420.0,0.0,10.0,97.94,0.04,100.0,0.65,0.53,0.2,0.01,0.19,0.43,99.07,0.85,0.08,19988.0,9.0,20409.0,133.0,109.0,41.0,2.0,39.0,88.0,20220.0,173.0,16.0,62.25,99.82,82.19,15.31,1.86,0.47,0.01,100.0,0.14,0.02,61.07,1.18,3.73,4.56,27.43,0.14,1.88,0.01,12704.0,20373.0,16774.0,3124.0,380.0,95.0,3.0,20409.0,29.0,4.0,12464.0,240.0,761.0,931.0,5599.0,28.0,383.0,3.0,0.06,100.0,99.69,66.7,32.99,0.02,0.0,0.24,12.0,20409.0,20345.0,13612.0,6733.0,4.0,0.0,48.0
3510708,,,,,,,,,,,,,,,,,,,,,,,,,,,,,,,,,,,,,,,,,,,,,,,,,,,,,,,,,0.0,0.0,0.0,0.0,0.0,0.0,0.0,339.0,12.0,16.0,740.0,1496.0,51.0,338.0,0.0,0.0,0.0,0.0,0.0,0.0,0.0,,,,,,,,,,,,,,,,,,,,,,,,,,,,,,,,,,,,,,,,,,,,,,,,,,,,,,,,,,,,,,,,,,,,,,,,,,,,,,,,,,,,,,,,,,
3510807,,,,,,,,,,,,,,,,,,,,,,,,,,,,,,,,,,,,,,,,,,,,,,,,,,,,,,,,,0.0,0.0,0.0,0.0,0.0,0.0,0.0,595.0,36.0,43.0,1825.0,3138.0,113.0,526.0,0.0,0.0,0.0,0.0,0.0,0.0,0.0,,,,,,,,,,,,,,,,,,,,,,,,,,,,,,,,,,,,,,,,,,,,,,,,,,,,,,,,,,,,,,,,,,,,,,,,,,,,,,,,,,,,,,,,,,
3510906,,,,,,,,,,,,,,,,,,,,,,,,,,,,,,,,,,,,,,,,,,,,,,,,,,,,,,,,,0.0,0.0,0.0,0.0,0.0,0.0,0.0,322.0,5.0,4.0,205.0,655.0,21.0,98.0,0.0,0.0,0.0,0.0,0.0,0.0,0.0,,,,,,,,,,,,,,,,,,,,,,,,,,,,,,,,,,,,,,,,,,,,,,,,,,,,,,,,,,,,,,,,,,,,,,,,,,,,,,,,,,,,,,,,,,
3511003,,,,,,,,,,,,,,,,,,,,,,,,,,,,,,,,,,,,,,,,,,,,,,,,,,,,,,,,,0.0,0.0,0.0,0.0,0.0,0.0,0.0,1777.0,21.0,16.0,2251.0,4808.0,55.0,688.0,0.0,0.0,0.0,0.0,0.0,0.0,0.0,,,,,,,,,,,,,,,,,,,,,,,,,,,,,,,,,,,,,,,,,,,,,,,,,,,,,,,,,,,,,,,,,,,,,,,,,,,,,,,,,,,,,,,,,,
3511102,,,,,,,,,,,,,,,,,,,,,,,,,,,,,,,,,,,,,,,,,,,,,,,,,,,,,,,,,0.0,0.0,0.0,0.0,0.0,0.0,0.0,147.0,100.0,318.0,8034.0,10830.0,245.0,1986.0,0.0,0.0,0.0,0.0,0.0,0.0,0.0,,,,,,,,,,,,,,,,,,,,,,,,,,,,,,,,,,,,,,,,,,,,,,,,,,,,,,,,,,,,,,,,,,,,,,,,,,,,,,,,,,,,,,,,,,
3511201,,,,,,,,,,,,,,,,,,,,,,,,,,,,,,,,,,,,,,,,,,,,,,,,,,,,,,,,,0.0,0.0,0.0,0.0,0.0,0.0,0.0,56.0,5.0,15.0,278.0,436.0,21.0,61.0,0.0,0.0,0.0,0.0,0.0,0.0,0.0,,,,,,,,,,,,,,,,,,,,,,,,,,,,,,,,,,,,,,,,,,,,,,,,,,,,,,,,,,,,,,,,,,,,,,,,,,,,,,,,,,,,,,,,,,
3511300,,,,,,,,,,,,,,,,,,,,,,,,,,,,,,,,,,,,,,,,,,,,,,,,,,,,,,,,,0.0,0.0,0.0,0.0,0.0,0.0,0.0,454.0,8.0,15.0,686.0,1675.0,23.0,489.0,0.0,0.0,0.0,0.0,0.0,0.0,0.0,,,,,,,,,,,,,,,,,,,,,,,,,,,,,,,,,,,,,,,,,,,,,,,,,,,,,,,,,,,,,,,,,,,,,,,,,,,,,,,,,,,,,,,,,,
3511409,,,,,,,,,,,,,,,,,,,,,,,,,,,,,,,,,,,,,,,,,,,,,,,,,,,,,,,,,0.0,0.0,0.0,0.0,0.0,0.0,0.0,323.0,19.0,30.0,1192.0,2111.0,44.0,503.0,0.0,0.0,0.0,0.0,0.0,0.0,0.0,,,,,,,,,,,,,,,,,,,,,,,,,,,,,,,,,,,,,,,,,,,,,,,,,,,,,,,,,,,,,,,,,,,,,,,,,,,,,,,,,,,,,,,,,,
3511508,,,,,,,,,,,,,,,,,,,,,,,,,,,,,,,,,,,,,,,,,,,,,,,,,,,,,,,,,0.0,0.0,0.0,0.0,0.0,0.0,0.0,190.0,55.0,108.0,2506.0,4258.0,75.0,1324.0,0.0,0.0,0.0,0.0,0.0,0.0,0.0,,,,,,,,,,,,,,,,,,,,,,,,,,,,,,,,,,,,,,,,,,,,,,,,,,,,,,,,,,,,,,,,,,,,,,,,,,,,,,,,,,,,,,,,,,
3511607,,,,,,,,,,,,,,,,,,,,,,,,,,,,,,,,,,,,,,,,,,,,,,,,,,,,,,,,,0.0,0.0,0.0,0.0,0.0,0.0,0.0,328.0,23.0,21.0,911.0,1960.0,42.0,635.0,0.0,0.0,0.0,0.0,0.0,0.0,0.0,,,,,,,,,,,,,,,,,,,,,,,,,,,,,,,,,,,,,,,,,,,,,,,,,,,,,,,,,,,,,,,,,,,,,,,,,,,,,,,,,,,,,,,,,,
3511706,,,,,,,,,,,,,,,,,,,,,,,,,,,,,,,,,,,,,,,,,,,,,,,,,,,,,,,,,0.0,0.0,0.0,0.0,0.0,0.0,0.0,140.0,20.0,14.0,792.0,1285.0,34.0,285.0,0.0,0.0,0.0,0.0,0.0,0.0,0.0,,,,,,,,,,,,,,,,,,,,,,,,,,,,,,,,,,,,,,,,,,,,,,,,,,,,,,,,,,,,,,,,,,,,,,,,,,,,,,,,,,,,,,,,,,
3511904,,,,,,,,,,,,,,,,,,,,,,,,,,,,,,,,,,,,,,,,,,,,,,,,,,,,,,,,,0.0,0.0,0.0,0.0,0.0,0.0,0.0,194.0,7.0,5.0,399.0,719.0,24.0,90.0,0.0,0.0,0.0,0.0,0.0,0.0,0.0,,,,,,,,,,,,,,,,,,,,,,,,,,,,,,,,,,,,,,,,,,,,,,,,,,,,,,,,,,,,,,,,,,,,,,,,,,,,,,,,,,,,,,,,,,
3512001,,,,,,,,,,,,,,,,,,,,,,,,,,,,,,,,,,,,,,,,,,,,,,,,,,,,,,,,,0.0,0.0,0.0,0.0,0.0,0.0,0.0,224.0,21.0,39.0,1148.0,1790.0,45.0,313.0,0.0,0.0,0.0,0.0,0.0,0.0,0.0,,,,,,,,,,,,,,,,,,,,,,,,,,,,,,,,,,,,,,,,,,,,,,,,,,,,,,,,,,,,,,,,,,,,,,,,,,,,,,,,,,,,,,,,,,
3512100,,,,,,,,,,,,,,,,,,,,,,,,,,,,,,,,,,,,,,,,,,,,,,,,,,,,,,,,,0.0,0.0,0.0,0.0,0.0,0.0,0.0,141.0,7.0,9.0,442.0,749.0,23.0,127.0,0.0,0.0,0.0,0.0,0.0,0.0,0.0,,,,,,,,,,,,,,,,,,,,,,,,,,,,,,,,,,,,,,,,,,,,,,,,,,,,,,,,,,,,,,,,,,,,,,,,,,,,,,,,,,,,,,,,,,
3512209,,,,,,,,,,,,,,,,,,,,,,,,,,,,,,,,,,,,,,,,,,,,,,,,,,,,,,,,,0.0,0.0,0.0,0.0,0.0,0.0,0.0,208.0,36.0,30.0,1586.0,2437.0,68.0,509.0,0.0,0.0,0.0,0.0,0.0,0.0,0.0,,,,,,,,,,,,,,,,,,,,,,,,,,,,,,,,,,,,,,,,,,,,,,,,,,,,,,,,,,,,,,,,,,,,,,,,,,,,,,,,,,,,,,,,,,
3512308,,,,,,,,,,,,,,,,,,,,,,,,,,,,,,,,,,,,,,,,,,,,,,,,,,,,,,,,,0.0,0.0,0.0,0.0,0.0,0.0,0.0,749.0,24.0,29.0,993.0,2183.0,59.0,329.0,0.0,0.0,0.0,0.0,0.0,0.0,0.0,,,,,,,,,,,,,,,,,,,,,,,,,,,,,,,,,,,,,,,,,,,,,,,,,,,,,,,,,,,,,,,,,,,,,,,,,,,,,,,,,,,,,,,,,,
3512407,2.0,0.0,0.0,0.0,100.0,0.0,100.0,100.0,99.44,0.56,0.0,0.0,0.0,100.0,0.0,0.0,0.0,100.0,0.0,100.0,100.0,99.0,1.0,0.0,0.0,0.0,100.0,0.0,0.0,0.0,359.0,0.0,359.0,359.0,357.0,2.0,0.0,0.0,0.0,359.0,0.0,0.0,0.0,100.0,0.0,100.0,100.0,99.0,1.0,0.0,0.0,0.0,100.0,7429.33,359.0,0.048,0.0,0.0,0.0,4.0,5.0,0.0,1.0,138.0,23.0,44.0,1729.0,2641.0,45.0,662.0,0.0,0.0,0.0,0.23,0.19,0.0,0.15,0.0,100.0,0.0,100.0,0.0,0.0,0.0,0.0,100.0,0.0,100.0,0.0,0.0,0.0,100.0,0.0,100.0,0.0,0.0,0.0,0.0,0.0,0.0,97.0,3.0,0.0,100.0,0.0,100.0,0.0,0.0,0.0,0.0,0.0,0.0,97.0,3.0,0.0,76.0,100.0,80.0,19.0,0.0,1.0,0.0,100.0,0.0,0.0,76.0,0.0,0.0,24.0,0.0,0.0,0.0,0.0,76.0,100.0,80.0,19.0,0.0,1.0,0.0,100.0,0.0,0.0,76.0,0.0,0.0,24.0,0.0,0.0,0.0,0.0,0.0,100.0,100.0,100.0,0.0,0.0,0.0,0.0,0.0,100.0,100.0,100.0,0.0,0.0,0.0,0.0
3512506,,,,,,,,,,,,,,,,,,,,,,,,,,,,,,,,,,,,,,,,,,,,,,,,,,,,,,,,,0.0,0.0,0.0,0.0,0.0,0.0,0.0,339.0,4.0,2.0,341.0,787.0,28.0,73.0,0.0,0.0,0.0,0.0,0.0,0.0,0.0,,,,,,,,,,,,,,,,,,,,,,,,,,,,,,,,,,,,,,,,,,,,,,,,,,,,,,,,,,,,,,,,,,,,,,,,,,,,,,,,,,,,,,,,,,
3512605,,,,,,,,,,,,,,,,,,,,,,,,,,,,,,,,,,,,,,,,,,,,,,,,,,,,,,,,,0.0,0.0,0.0,0.0,0.0,0.0,0.0,337.0,4.0,9.0,288.0,713.0,19.0,56.0,0.0,0.0,0.0,0.0,0.0,0.0,0.0,,,,,,,,,,,,,,,,,,,,,,,,,,,,,,,,,,,,,,,,,,,,,,,,,,,,,,,,,,,,,,,,,,,,,,,,,,,,,,,,,,,,,,,,,,
3512704,,,,,,,,,,,,,,,,,,,,,,,,,,,,,,,,,,,,,,,,,,,,,,,,,,,,,,,,,0.0,0.0,0.0,0.0,0.0,0.0,0.0,305.0,6.0,4.0,271.0,740.0,27.0,127.0,0.0,0.0,0.0,0.0,0.0,0.0,0.0,,,,,,,,,,,,,,,,,,,,,,,,,,,,,,,,,,,,,,,,,,,,,,,,,,,,,,,,,,,,,,,,,,,,,,,,,,,,,,,,,,,,,,,,,,
3512803,4.0,0.0,0.0,0.0,99.7,0.3,100.0,99.7,97.58,2.12,0.0,0.0,0.0,100.0,0.0,0.0,0.0,99.72,0.28,100.0,83.38,81.56,1.82,16.34,10.2,6.15,100.0,0.0,0.0,0.0,1647.0,5.0,1652.0,1647.0,1612.0,35.0,0.0,0.0,0.0,1652.0,0.0,0.0,0.0,714.0,2.0,716.0,597.0,584.0,13.0,117.0,73.0,44.0,716.0,9982.9,1652.0,0.165,1.0,0.0,0.0,29.0,47.0,4.0,13.0,50.0,56.0,88.0,2804.0,4048.0,134.0,916.0,2.0,0.0,0.0,1.03,1.16,2.99,1.42,0.0,100.0,0.17,99.33,0.5,0.0,0.0,0.0,597.0,1.0,593.0,3.0,0.0,0.0,95.31,2.35,100.0,0.17,1.17,0.0,0.0,0.0,1.01,99.5,0.5,0.0,569.0,14.0,597.0,1.0,7.0,0.0,0.0,0.0,6.0,594.0,3.0,0.0,63.99,99.83,90.12,9.05,0.5,0.17,0.0,100.0,0.17,0.0,63.99,0.0,2.35,0.67,31.83,0.0,1.17,0.0,382.0,596.0,538.0,54.0,3.0,1.0,0.0,597.0,1.0,0.0,382.0,0.0,14.0,4.0,190.0,0.0,7.0,0.0,0.0,100.0,99.33,80.07,19.26,0.17,0.0,0.5,0.0,597.0,593.0,478.0,115.0,1.0,0.0,3.0
3512902,,,,,,,,,,,,,,,,,,,,,,,,,,,,,,,,,,,,,,,,,,,,,,,,,,,,,,,,,0.0,0.0,0.0,0.0,0.0,0.0,0.0,767.0,6.0,14.0,471.0,1446.0,31.0,157.0,0.0,0.0,0.0,0.0,0.0,0.0,0.0,,,,,,,,,,,,,,,,,,,,,,,,,,,,,,,,,,,,,,,,,,,,,,,,,,,,,,,,,,,,,,,,,,,,,,,,,,,,,,,,,,,,,,,,,,
3513009,19.0,0.0,0.0,0.0,99.89,0.11,100.0,99.89,88.03,11.86,0.0,0.0,0.0,100.0,0.0,0.0,0.0,99.88,0.12,100.0,88.87,77.54,11.33,11.01,9.9,1.11,100.0,0.0,0.0,0.0,11111.0,12.0,11123.0,11111.0,9792.0,1319.0,0.0,0.0,0.0,11123.0,0.0,0.0,0.0,4136.0,5.0,4141.0,3680.0,3211.0,469.0,456.0,410.0,46.0,4141.0,15472.46,11123.0,0.719,0.0,5.0,0.0,238.0,416.0,20.0,153.0,181.0,276.0,149.0,12103.0,21225.0,581.0,7935.0,0.0,1.81,0.0,1.97,1.96,3.44,1.93,0.71,100.0,3.42,90.87,4.62,0.0,0.38,26.0,3680.0,126.0,3344.0,170.0,0.0,14.0,98.59,0.0,100.0,0.22,0.03,0.03,0.0,0.08,1.06,99.43,0.33,0.24,3628.0,0.0,3680.0,8.0,1.0,1.0,0.0,3.0,39.0,3659.0,12.0,9.0,55.14,99.86,83.15,14.13,1.9,0.68,0.0,100.0,0.11,0.03,53.51,1.63,4.65,7.45,26.14,0.54,6.09,0.0,2029.0,3675.0,3060.0,520.0,70.0,25.0,0.0,3680.0,4.0,1.0,1969.0,60.0,171.0,274.0,962.0,20.0,224.0,0.0,0.03,100.0,99.62,55.14,44.48,0.05,0.0,0.3,1.0,3680.0,3666.0,2029.0,1637.0,2.0,0.0,11.0
3513108,,,,,,,,,,,,,,,,,,,,,,,,,,,,,,,,,,,,,,,,,,,,,,,,,,,,,,,,,0.0,0.0,0.0,0.0,0.0,0.0,0.0,113.0,33.0,24.0,2151.0,2964.0,39.0,604.0,0.0,0.0,0.0,0.0,0.0,0.0,0.0,,,,,,,,,,,,,,,,,,,,,,,,,,,,,,,,,,,,,,,,,,,,,,,,,,,,,,,,,,,,,,,,,,,,,,,,,,,,,,,,,,,,,,,,,,
3513207,,,,,,,,,,,,,,,,,,,,,,,,,,,,,,,,,,,,,,,,,,,,,,,,,,,,,,,,,0.0,0.0,0.0,0.0,0.0,0.0,0.0,432.0,7.0,12.0,436.0,1324.0,35.0,402.0,0.0,0.0,0.0,0.0,0.0,0.0,0.0,,,,,,,,,,,,,,,,,,,,,,,,,,,,,,,,,,,,,,,,,,,,,,,,,,,,,,,,,,,,,,,,,,,,,,,,,,,,,,,,,,,,,,,,,,
3513306,,,,,,,,,,,,,,,,,,,,,,,,,,,,,,,,,,,,,,,,,,,,,,,,,,,,,,,,,0.0,0.0,0.0,0.0,0.0,0.0,0.0,88.0,5.0,3.0,167.0,292.0,6.0,23.0,0.0,0.0,0.0,0.0,0.0,0.0,0.0,,,,,,,,,,,,,,,,,,,,,,,,,,,,,,,,,,,,,,,,,,,,,,,,,,,,,,,,,,,,,,,,,,,,,,,,,,,,,,,,,,,,,,,,,,
3513405,4.0,0.0,0.0,0.0,99.73,0.27,100.0,99.73,94.32,5.41,0.0,0.0,0.0,100.0,0.0,0.0,0.0,99.75,0.25,100.0,87.53,82.44,5.09,12.21,6.62,5.6,100.0,0.0,0.0,0.0,1106.0,3.0,1109.0,1106.0,1046.0,60.0,0.0,0.0,0.0,1109.0,0.0,0.0,0.0,392.0,1.0,393.0,344.0,324.0,20.0,48.0,26.0,22.0,393.0,8815.16,1109.0,0.126,0.0,0.0,0.0,10.0,24.0,1.0,13.0,144.0,79.0,194.0,3891.0,5169.0,120.0,741.0,0.0,0.0,0.0,0.26,0.46,0.83,1.75,5.52,100.0,0.0,94.48,0.0,0.0,0.0,19.0,344.0,0.0,325.0,0.0,0.0,0.0,99.71,0.0,100.0,0.0,0.0,0.0,0.0,0.0,0.29,99.42,0.29,0.29,343.0,0.0,344.0,0.0,0.0,0.0,0.0,0.0,1.0,342.0,1.0,1.0,66.57,99.71,88.95,10.17,0.58,0.0,0.0,100.0,0.29,0.0,66.57,0.0,0.29,7.56,25.58,0.0,0.0,0.0,229.0,343.0,306.0,35.0,2.0,0.0,0.0,344.0,1.0,0.0,229.0,0.0,1.0,26.0,88.0,0.0,0.0,0.0,0.0,100.0,100.0,100.0,0.0,0.0,0.0,0.0,0.0,344.0,344.0,344.0,0.0,0.0,0.0,0.0
3513504,12.0,0.0,0.0,0.0,99.99,0.01,100.0,99.99,94.92,5.07,0.0,0.0,0.0,100.0,0.0,0.02,0.02,99.96,0.02,100.0,84.89,80.31,4.58,15.07,13.27,1.8,99.98,0.0,0.0,0.0,36720.0,4.0,36724.0,36720.0,34857.0,1863.0,0.0,0.0,0.0,36724.0,0.0,3.0,3.0,15215.0,3.0,15221.0,12921.0,12224.0,697.0,2294.0,2020.0,274.0,15218.0,11944.73,36724.0,3.074,0.0,12.0,9.0,1214.0,1825.0,120.0,470.0,1.0,118.0,94.0,4761.0,6097.0,233.0,890.0,0.0,10.17,9.57,25.5,29.93,51.5,52.81,1.78,100.0,0.27,97.62,0.29,0.0,0.04,230.0,12921.0,35.0,12614.0,37.0,0.0,5.0,94.36,0.2,100.0,0.29,0.03,3.63,0.03,0.26,1.2,98.12,1.69,0.19,12192.0,26.0,12921.0,38.0,4.0,469.0,4.0,33.0,155.0,12678.0,219.0,24.0,37.27,99.83,85.9,12.7,1.01,0.22,0.02,100.0,0.09,0.06,34.32,2.96,2.11,8.27,27.44,0.27,24.63,0.02,4816.0,12899.0,11099.0,1641.0,131.0,28.0,3.0,12921.0,11.0,8.0,4434.0,382.0,272.0,1068.0,3545.0,35.0,3182.0,3.0,0.02,100.0,97.6,20.28,77.32,0.05,0.0,2.33,3.0,12921.0,12611.0,2620.0,9991.0,6.0,0.0,301.0
3513603,,,,,,,,,,,,,,,,,,,,,,,,,,,,,,,,,,,,,,,,,,,,,,,,,,,,,,,,,0.0,0.0,0.0,0.0,0.0,0.0,0.0,2613.0,82.0,26.0,1578.0,5133.0,110.0,724.0,0.0,0.0,0.0,0.0,0.0,0.0,0.0,,,,,,,,,,,,,,,,,,,,,,,,,,,,,,,,,,,,,,,,,,,,,,,,,,,,,,,,,,,,,,,,,,,,,,,,,,,,,,,,,,,,,,,,,,
3513702,,,,,,,,,,,,,,,,,,,,,,,,,,,,,,,,,,,,,,,,,,,,,,,,,,,,,,,,,0.0,0.0,0.0,0.0,0.0,0.0,0.0,479.0,42.0,82.0,1808.0,3036.0,58.0,567.0,0.0,0.0,0.0,0.0,0.0,0.0,0.0,,,,,,,,,,,,,,,,,,,,,,,,,,,,,,,,,,,,,,,,,,,,,,,,,,,,,,,,,,,,,,,,,,,,,,,,,,,,,,,,,,,,,,,,,,
3513801,109.0,0.0,0.0,0.0,99.98,0.02,100.0,99.98,93.3,6.68,0.0,0.0,0.0,100.0,0.0,0.0,0.0,99.98,0.02,100.0,93.32,86.76,6.56,6.66,6.19,0.46,100.0,0.0,0.0,0.0,87867.0,20.0,87887.0,87867.0,81999.0,5868.0,0.0,0.0,0.0,87887.0,0.0,1.0,1.0,33117.0,7.0,33125.0,30912.0,28740.0,2172.0,2205.0,2051.0,154.0,33124.0,40386.74,87887.0,2.176,0.0,8.0,4.0,2382.0,3072.0,91.0,587.0,5.0,291.0,215.0,20362.0,23948.0,604.0,2471.0,0.0,2.75,1.86,11.7,12.83,15.07,23.76,0.16,100.0,0.18,98.11,1.42,0.0,0.13,51.0,30912.0,57.0,30327.0,438.0,0.0,39.0,99.71,0.06,100.0,0.1,0.01,0.04,0.0,0.0,0.09,99.18,0.75,0.07,30821.0,18.0,30912.0,31.0,2.0,11.0,1.0,1.0,27.0,30659.0,232.0,21.0,98.49,99.89,75.89,20.59,2.91,0.5,0.01,100.0,0.07,0.03,98.18,0.31,0.39,0.17,0.53,0.15,0.26,0.01,30446.0,30879.0,23458.0,6365.0,900.0,156.0,3.0,30912.0,22.0,8.0,30349.0,97.0,120.0,52.0,163.0,47.0,81.0,3.0,0.1,100.0,98.92,90.39,8.53,0.0,0.0,0.97,32.0,30912.0,30579.0,27942.0,2637.0,0.0,0.0,301.0
3513850,,,,,,,,,,,,,,,,,,,,,,,,,,,,,,,,,,,,,,,,,,,,,,,,,,,,,,,,,0.0,0.0,0.0,0.0,0.0,0.0,0.0,161.0,2.0,1.0,86.0,261.0,4.0,7.0,0.0,0.0,0.0,0.0,0.0,0.0,0.0,,,,,,,,,,,,,,,,,,,,,,,,,,,,,,,,,,,,,,,,,,,,,,,,,,,,,,,,,,,,,,,,,,,,,,,,,,,,,,,,,,,,,,,,,,
3513900,,,,,,,,,,,,,,,,,,,,,,,,,,,,,,,,,,,,,,,,,,,,,,,,,,,,,,,,,0.0,0.0,0.0,0.0,0.0,0.0,0.0,681.0,13.0,28.0,748.0,1688.0,36.0,182.0,0.0,0.0,0.0,0.0,0.0,0.0,0.0,,,,,,,,,,,,,,,,,,,,,,,,,,,,,,,,,,,,,,,,,,,,,,,,,,,,,,,,,,,,,,,,,,,,,,,,,,,,,,,,,,,,,,,,,,
3514007,,,,,,,,,,,,,,,,,,,,,,,,,,,,,,,,,,,,,,,,,,,,,,,,,,,,,,,,,0.0,0.0,0.0,0.0,0.0,0.0,0.0,18.0,8.0,5.0,444.0,978.0,21.0,482.0,0.0,0.0,0.0,0.0,0.0,0.0,0.0,,,,,,,,,,,,,,,,,,,,,,,,,,,,,,,,,,,,,,,,,,,,,,,,,,,,,,,,,,,,,,,,,,,,,,,,,,,,,,,,,,,,,,,,,,
3514106,,,,,,,,,,,,,,,,,,,,,,,,,,,,,,,,,,,,,,,,,,,,,,,,,,,,,,,,,0.0,0.0,0.0,0.0,0.0,0.0,0.0,450.0,22.0,39.0,1786.0,2903.0,78.0,528.0,0.0,0.0,0.0,0.0,0.0,0.0,0.0,,,,,,,,,,,,,,,,,,,,,,,,,,,,,,,,,,,,,,,,,,,,,,,,,,,,,,,,,,,,,,,,,,,,,,,,,,,,,,,,,,,,,,,,,,
3514205,,,,,,,,,,,,,,,,,,,,,,,,,,,,,,,,,,,,,,,,,,,,,,,,,,,,,,,,,0.0,0.0,0.0,0.0,0.0,0.0,0.0,117.0,3.0,5.0,146.0,297.0,3.0,23.0,0.0,0.0,0.0,0.0,0.0,0.0,0.0,,,,,,,,,,,,,,,,,,,,,,,,,,,,,,,,,,,,,,,,,,,,,,,,,,,,,,,,,,,,,,,,,,,,,,,,,,,,,,,,,,,,,,,,,,
3514304,,,,,,,,,,,,,,,,,,,,,,,,,,,,,,,,,,,,,,,,,,,,,,,,,,,,,,,,,0.0,0.0,0.0,0.0,0.0,0.0,0.0,106.0,8.0,23.0,599.0,903.0,16.0,151.0,0.0,0.0,0.0,0.0,0.0,0.0,0.0,,,,,,,,,,,,,,,,,,,,,,,,,,,,,,,,,,,,,,,,,,,,,,,,,,,,,,,,,,,,,,,,,,,,,,,,,,,,,,,,,,,,,,,,,,
3514403,,,,,,,,,,,,,,,,,,,,,,,,,,,,,,,,,,,,,,,,,,,,,,,,,,,,,,,,,0.0,0.0,0.0,0.0,0.0,0.0,0.0,506.0,50.0,151.0,3169.0,4871.0,102.0,893.0,0.0,0.0,0.0,0.0,0.0,0.0,0.0,,,,,,,,,,,,,,,,,,,,,,,,,,,,,,,,,,,,,,,,,,,,,,,,,,,,,,,,,,,,,,,,,,,,,,,,,,,,,,,,,,,,,,,,,,
3514502,,,,,,,,,,,,,,,,,,,,,,,,,,,,,,,,,,,,,,,,,,,,,,,,,,,,,,,,,0.0,0.0,0.0,0.0,0.0,0.0,0.0,279.0,17.0,22.0,765.0,1399.0,35.0,281.0,0.0,0.0,0.0,0.0,0.0,0.0,0.0,,,,,,,,,,,,,,,,,,,,,,,,,,,,,,,,,,,,,,,,,,,,,,,,,,,,,,,,,,,,,,,,,,,,,,,,,,,,,,,,,,,,,,,,,,
3514601,,,,,,,,,,,,,,,,,,,,,,,,,,,,,,,,,,,,,,,,,,,,,,,,,,,,,,,,,0.0,0.0,0.0,0.0,0.0,0.0,0.0,44.0,7.0,13.0,592.0,984.0,14.0,314.0,0.0,0.0,0.0,0.0,0.0,0.0,0.0,,,,,,,,,,,,,,,,,,,,,,,,,,,,,,,,,,,,,,,,,,,,,,,,,,,,,,,,,,,,,,,,,,,,,,,,,,,,,,,,,,,,,,,,,,
3514700,,,,,,,,,,,,,,,,,,,,,,,,,,,,,,,,,,,,,,,,,,,,,,,,,,,,,,,,,0.0,0.0,0.0,0.0,0.0,0.0,0.0,331.0,5.0,8.0,437.0,911.0,22.0,108.0,0.0,0.0,0.0,0.0,0.0,0.0,0.0,,,,,,,,,,,,,,,,,,,,,,,,,,,,,,,,,,,,,,,,,,,,,,,,,,,,,,,,,,,,,,,,,,,,,,,,,,,,,,,,,,,,,,,,,,
3514809,,,,,,,,,,,,,,,,,,,,,,,,,,,,,,,,,,,,,,,,,,,,,,,,,,,,,,,,,0.0,0.0,0.0,0.0,0.0,0.0,0.0,550.0,34.0,24.0,949.0,1958.0,108.0,293.0,0.0,0.0,0.0,0.0,0.0,0.0,0.0,,,,,,,,,,,,,,,,,,,,,,,,,,,,,,,,,,,,,,,,,,,,,,,,,,,,,,,,,,,,,,,,,,,,,,,,,,,,,,,,,,,,,,,,,,
3514908,,,,,,,,,,,,,,,,,,,,,,,,,,,,,,,,,,,,,,,,,,,,,,,,,,,,,,,,,0.0,0.0,0.0,0.0,0.0,0.0,0.0,161.0,16.0,12.0,1050.0,1606.0,38.0,329.0,0.0,0.0,0.0,0.0,0.0,0.0,0.0,,,,,,,,,,,,,,,,,,,,,,,,,,,,,,,,,,,,,,,,,,,,,,,,,,,,,,,,,,,,,,,,,,,,,,,,,,,,,,,,,,,,,,,,,,
3514924,,,,,,,,,,,,,,,,,,,,,,,,,,,,,,,,,,,,,,,,,,,,,,,,,,,,,,,,,0.0,0.0,0.0,0.0,0.0,0.0,0.0,78.0,2.0,3.0,306.0,461.0,12.0,60.0,0.0,0.0,0.0,0.0,0.0,0.0,0.0,,,,,,,,,,,,,,,,,,,,,,,,,,,,,,,,,,,,,,,,,,,,,,,,,,,,,,,,,,,,,,,,,,,,,,,,,,,,,,,,,,,,,,,,,,
3514957,,,,,,,,,,,,,,,,,,,,,,,,,,,,,,,,,,,,,,,,,,,,,,,,,,,,,,,,,0.0,0.0,0.0,0.0,0.0,0.0,0.0,24.0,3.0,6.0,131.0,188.0,6.0,18.0,0.0,0.0,0.0,0.0,0.0,0.0,0.0,,,,,,,,,,,,,,,,,,,,,,,,,,,,,,,,,,,,,,,,,,,,,,,,,,,,,,,,,,,,,,,,,,,,,,,,,,,,,,,,,,,,,,,,,,
3515004,59.0,0.0,0.0,0.0,99.67,0.33,100.0,99.67,93.6,6.06,0.0,0.0,0.0,100.0,0.0,0.0,0.0,99.69,0.31,100.0,85.49,79.96,5.53,14.2,9.87,4.33,100.0,0.0,0.0,0.0,53115.0,177.0,53292.0,53115.0,49883.0,3232.0,0.0,0.0,0.0,53292.0,0.0,0.0,0.0,21242.0,66.0,21308.0,18216.0,17037.0,1179.0,3026.0,2104.0,922.0,21308.0,11634.38,53292.0,4.581,1.0,5.0,0.0,1279.0,3000.0,95.0,1620.0,16.0,177.0,83.0,11663.0,16783.0,573.0,4271.0,6.25,2.82,0.0,10.97,17.88,16.58,37.93,0.88,100.0,0.82,97.75,0.49,0.0,0.05,160.0,18216.0,150.0,17807.0,89.0,0.0,10.0,96.13,0.07,100.0,0.48,1.09,0.04,0.01,0.1,2.08,95.84,3.07,1.09,17511.0,13.0,18216.0,88.0,199.0,8.0,1.0,18.0,378.0,17458.0,560.0,198.0,54.76,99.25,84.04,13.18,1.7,0.33,0.06,100.0,0.52,0.18,52.94,1.82,6.44,11.08,24.84,1.19,1.63,0.06,9975.0,18079.0,15309.0,2400.0,309.0,61.0,11.0,18216.0,94.0,32.0,9644.0,331.0,1173.0,2018.0,4525.0,217.0,297.0,11.0,2.17,100.0,97.07,62.39,34.68,0.32,0.0,0.44,395.0,18216.0,17682.0,11365.0,6317.0,58.0,0.0,81.0
3515103,4.0,0.0,0.0,0.0,100.0,0.0,100.0,100.0,94.12,5.88,0.0,0.0,0.0,100.0,0.0,0.0,0.0,100.0,0.0,100.0,84.26,78.43,5.83,15.74,12.24,3.5,100.0,0.0,0.0,0.0,902.0,0.0,902.0,902.0,849.0,53.0,0.0,0.0,0.0,902.0,0.0,0.0,0.0,343.0,0.0,343.0,289.0,269.0,20.0,54.0,42.0,12.0,343.0,11112.21,902.0,0.081,0.0,0.0,0.0,21.0,30.0,1.0,8.0,68.0,73.0,51.0,3267.0,5574.0,246.0,1869.0,0.0,0.0,0.0,0.64,0.54,0.41,0.43,0.0,100.0,0.0,86.16,13.15,0.0,0.69,0.0,289.0,0.0,249.0,38.0,0.0,2.0,93.43,0.0,100.0,0.35,1.38,0.0,0.0,0.35,4.5,94.46,1.04,4.5,270.0,0.0,289.0,1.0,4.0,0.0,0.0,1.0,13.0,273.0,3.0,13.0,13.15,98.96,84.08,13.84,1.04,0.0,0.0,100.0,1.04,0.0,13.15,0.0,5.54,11.07,68.17,0.69,1.38,0.0,38.0,286.0,243.0,40.0,3.0,0.0,0.0,289.0,3.0,0.0,38.0,0.0,16.0,32.0,197.0,2.0,4.0,0.0,0.35,100.0,99.31,96.19,3.11,0.0,0.0,0.35,1.0,289.0,287.0,278.0,9.0,0.0,0.0,1.0
3515129,,,,,,,,,,,,,,,,,,,,,,,,,,,,,,,,,,,,,,,,,,,,,,,,,,,,,,,,,0.0,0.0,0.0,0.0,0.0,0.0,0.0,256.0,2.0,2.0,185.0,505.0,10.0,50.0,0.0,0.0,0.0,0.0,0.0,0.0,0.0,,,,,,,,,,,,,,,,,,,,,,,,,,,,,,,,,,,,,,,,,,,,,,,,,,,,,,,,,,,,,,,,,,,,,,,,,,,,,,,,,,,,,,,,,,
3515152,,,,,,,,,,,,,,,,,,,,,,,,,,,,,,,,,,,,,,,,,,,,,,,,,,,,,,,,,0.0,0.0,0.0,0.0,0.0,0.0,0.0,198.0,22.0,24.0,899.0,1537.0,43.0,351.0,0.0,0.0,0.0,0.0,0.0,0.0,0.0,,,,,,,,,,,,,,,,,,,,,,,,,,,,,,,,,,,,,,,,,,,,,,,,,,,,,,,,,,,,,,,,,,,,,,,,,,,,,,,,,,,,,,,,,,
3515186,,,,,,,,,,,,,,,,,,,,,,,,,,,,,,,,,,,,,,,,,,,,,,,,,,,,,,,,,0.0,0.0,0.0,0.0,0.0,0.0,0.0,498.0,51.0,85.0,2417.0,3694.0,105.0,538.0,0.0,0.0,0.0,0.0,0.0,0.0,0.0,,,,,,,,,,,,,,,,,,,,,,,,,,,,,,,,,,,,,,,,,,,,,,,,,,,,,,,,,,,,,,,,,,,,,,,,,,,,,,,,,,,,,,,,,,
3515194,,,,,,,,,,,,,,,,,,,,,,,,,,,,,,,,,,,,,,,,,,,,,,,,,,,,,,,,,0.0,0.0,0.0,0.0,0.0,0.0,0.0,86.0,3.0,2.0,215.0,360.0,17.0,37.0,0.0,0.0,0.0,0.0,0.0,0.0,0.0,,,,,,,,,,,,,,,,,,,,,,,,,,,,,,,,,,,,,,,,,,,,,,,,,,,,,,,,,,,,,,,,,,,,,,,,,,,,,,,,,,,,,,,,,,
3515202,,,,,,,,,,,,,,,,,,,,,,,,,,,,,,,,,,,,,,,,,,,,,,,,,,,,,,,,,0.0,0.0,0.0,0.0,0.0,0.0,0.0,664.0,10.0,20.0,634.0,1440.0,27.0,85.0,0.0,0.0,0.0,0.0,0.0,0.0,0.0,,,,,,,,,,,,,,,,,,,,,,,,,,,,,,,,,,,,,,,,,,,,,,,,,,,,,,,,,,,,,,,,,,,,,,,,,,,,,,,,,,,,,,,,,,
3515301,,,,,,,,,,,,,,,,,,,,,,,,,,,,,,,,,,,,,,,,,,,,,,,,,,,,,,,,,0.0,0.0,0.0,0.0,0.0,0.0,0.0,140.0,4.0,1.0,124.0,324.0,6.0,49.0,0.0,0.0,0.0,0.0,0.0,0.0,0.0,,,,,,,,,,,,,,,,,,,,,,,,,,,,,,,,,,,,,,,,,,,,,,,,,,,,,,,,,,,,,,,,,,,,,,,,,,,,,,,,,,,,,,,,,,
3515350,,,,,,,,,,,,,,,,,,,,,,,,,,,,,,,,,,,,,,,,,,,,,,,,,,,,,,,,,0.0,0.0,0.0,0.0,0.0,0.0,0.0,620.0,9.0,7.0,568.0,1335.0,21.0,110.0,0.0,0.0,0.0,0.0,0.0,0.0,0.0,,,,,,,,,,,,,,,,,,,,,,,,,,,,,,,,,,,,,,,,,,,,,,,,,,,,,,,,,,,,,,,,,,,,,,,,,,,,,,,,,,,,,,,,,,
3515400,,,,,,,,,,,,,,,,,,,,,,,,,,,,,,,,,,,,,,,,,,,,,,,,,,,,,,,,,0.0,0.0,0.0,0.0,0.0,0.0,0.0,609.0,23.0,29.0,1035.0,1998.0,40.0,262.0,0.0,0.0,0.0,0.0,0.0,0.0,0.0,,,,,,,,,,,,,,,,,,,,,,,,,,,,,,,,,,,,,,,,,,,,,,,,,,,,,,,,,,,,,,,,,,,,,,,,,,,,,,,,,,,,,,,,,,
3515509,,,,,,,,,,,,,,,,,,,,,,,,,,,,,,,,,,,,,,,,,,,,,,,,,,,,,,,,,0.0,0.0,0.0,0.0,0.0,0.0,0.0,778.0,69.0,234.0,4952.0,7402.0,113.0,1256.0,0.0,0.0,0.0,0.0,0.0,0.0,0.0,,,,,,,,,,,,,,,,,,,,,,,,,,,,,,,,,,,,,,,,,,,,,,,,,,,,,,,,,,,,,,,,,,,,,,,,,,,,,,,,,,,,,,,,,,
3515608,,,,,,,,,,,,,,,,,,,,,,,,,,,,,,,,,,,,,,,,,,,,,,,,,,,,,,,,,0.0,0.0,0.0,0.0,0.0,0.0,0.0,339.0,8.0,14.0,818.0,1309.0,31.0,99.0,0.0,0.0,0.0,0.0,0.0,0.0,0.0,,,,,,,,,,,,,,,,,,,,,,,,,,,,,,,,,,,,,,,,,,,,,,,,,,,,,,,,,,,,,,,,,,,,,,,,,,,,,,,,,,,,,,,,,,
3515657,,,,,,,,,,,,,,,,,,,,,,,,,,,,,,,,,,,,,,,,,,,,,,,,,,,,,,,,,0.0,0.0,0.0,0.0,0.0,0.0,0.0,230.0,6.0,4.0,122.0,400.0,11.0,27.0,0.0,0.0,0.0,0.0,0.0,0.0,0.0,,,,,,,,,,,,,,,,,,,,,,,,,,,,,,,,,,,,,,,,,,,,,,,,,,,,,,,,,,,,,,,,,,,,,,,,,,,,,,,,,,,,,,,,,,
3515707,38.0,0.07,0.0,0.07,98.87,1.06,100.0,98.87,89.61,9.26,0.0,0.0,0.0,99.93,0.01,0.01,0.02,98.99,0.99,100.0,87.63,78.93,8.7,11.35,10.09,1.26,99.98,20.0,0.0,20.0,30284.0,325.0,30629.0,30284.0,27448.0,2836.0,0.0,0.0,0.0,30609.0,1.0,1.0,2.0,11151.0,112.0,11265.0,9872.0,8892.0,980.0,1279.0,1137.0,142.0,11263.0,12652.92,30629.0,2.421,0.0,3.0,0.0,698.0,1361.0,73.0,587.0,8.0,122.0,91.0,7405.0,10121.0,431.0,2064.0,0.0,2.46,0.0,9.43,13.45,16.94,28.44,0.13,100.0,0.07,99.64,0.05,0.0,0.11,13.0,9872.0,7.0,9836.0,5.0,0.0,11.0,93.82,0.01,100.0,0.53,0.13,0.07,0.02,0.01,5.41,97.37,0.73,1.9,9262.0,1.0,9872.0,52.0,13.0,7.0,2.0,1.0,534.0,9612.0,72.0,188.0,59.44,99.68,82.9,14.57,1.78,0.43,0.07,100.0,0.2,0.05,57.53,1.91,11.19,8.71,16.58,1.18,2.83,0.07,5868.0,9840.0,8184.0,1438.0,176.0,42.0,7.0,9872.0,20.0,5.0,5679.0,189.0,1105.0,860.0,1637.0,116.0,279.0,7.0,0.91,100.0,98.0,75.05,22.95,0.36,0.02,0.7,90.0,9872.0,9675.0,7409.0,2266.0,36.0,2.0,69.0
3515806,,,,,,,,,,,,,,,,,,,,,,,,,,,,,,,,,,,,,,,,,,,,,,,,,,,,,,,,,0.0,0.0,0.0,0.0,0.0,0.0,0.0,221.0,3.0,1.0,117.0,368.0,8.0,18.0,0.0,0.0,0.0,0.0,0.0,0.0,0.0,,,,,,,,,,,,,,,,,,,,,,,,,,,,,,,,,,,,,,,,,,,,,,,,,,,,,,,,,,,,,,,,,,,,,,,,,,,,,,,,,,,,,,,,,,
3515905,,,,,,,,,,,,,,,,,,,,,,,,,,,,,,,,,,,,,,,,,,,,,,,,,,,,,,,,,0.0,0.0,0.0,0.0,0.0,0.0,0.0,236.0,3.0,3.0,221.0,512.0,11.0,38.0,0.0,0.0,0.0,0.0,0.0,0.0,0.0,,,,,,,,,,,,,,,,,,,,,,,,,,,,,,,,,,,,,,,,,,,,,,,,,,,,,,,,,,,,,,,,,,,,,,,,,,,,,,,,,,,,,,,,,,
3516002,,,,,,,,,,,,,,,,,,,,,,,,,,,,,,,,,,,,,,,,,,,,,,,,,,,,,,,,,0.0,0.0,0.0,0.0,0.0,0.0,0.0,533.0,9.0,20.0,732.0,1565.0,29.0,242.0,0.0,0.0,0.0,0.0,0.0,0.0,0.0,,,,,,,,,,,,,,,,,,,,,,,,,,,,,,,,,,,,,,,,,,,,,,,,,,,,,,,,,,,,,,,,,,,,,,,,,,,,,,,,,,,,,,,,,,
3516101,,,,,,,,,,,,,,,,,,,,,,,,,,,,,,,,,,,,,,,,,,,,,,,,,,,,,,,,,0.0,0.0,0.0,0.0,0.0,0.0,0.0,53.0,5.0,5.0,194.0,335.0,15.0,63.0,0.0,0.0,0.0,0.0,0.0,0.0,0.0,,,,,,,,,,,,,,,,,,,,,,,,,,,,,,,,,,,,,,,,,,,,,,,,,,,,,,,,,,,,,,,,,,,,,,,,,,,,,,,,,,,,,,,,,,
3516200,,,,,,,,,,,,,,,,,,,,,,,,,,,,,,,,,,,,,,,,,,,,,,,,,,,,,,,,,0.0,0.0,0.0,0.0,0.0,0.0,0.0,493.0,309.0,722.0,24925.0,30858.0,447.0,3962.0,0.0,0.0,0.0,0.0,0.0,0.0,0.0,,,,,,,,,,,,,,,,,,,,,,,,,,,,,,,,,,,,,,,,,,,,,,,,,,,,,,,,,,,,,,,,,,,,,,,,,,,,,,,,,,,,,,,,,,
3516309,36.0,0.0,0.0,0.0,99.99,0.01,100.0,99.99,92.37,7.61,0.0,0.0,0.0,100.0,0.0,0.0,0.0,99.99,0.01,100.0,91.86,84.19,7.66,8.13,7.53,0.6,100.0,0.0,0.0,0.0,22643.0,3.0,22646.0,22643.0,20919.0,1724.0,0.0,0.0,0.0,22646.0,0.0,0.0,0.0,8362.0,1.0,8363.0,7682.0,7041.0,641.0,680.0,630.0,50.0,8363.0,9070.79,22646.0,2.497,0.0,8.0,1.0,540.0,1112.0,56.0,507.0,14.0,115.0,65.0,6044.0,10082.0,384.0,3460.0,0.0,6.96,1.54,8.93,11.03,14.58,14.65,0.05,100.0,0.39,99.54,0.01,0.0,0.0,4.0,7682.0,30.0,7647.0,1.0,0.0,0.0,96.77,0.0,100.0,1.33,0.66,0.14,0.01,0.04,1.04,98.76,0.85,0.39,7434.0,0.0,7682.0,102.0,51.0,11.0,1.0,3.0,80.0,7587.0,65.0,30.0,49.92,99.66,83.32,14.4,1.5,0.44,0.07,100.0,0.23,0.04,47.51,2.41,5.74,10.26,30.92,0.78,2.32,0.07,3835.0,7656.0,6401.0,1106.0,115.0,34.0,5.0,7682.0,18.0,3.0,3650.0,185.0,441.0,788.0,2375.0,60.0,178.0,5.0,1.13,100.0,97.47,81.62,15.86,1.2,0.03,0.17,87.0,7682.0,7488.0,6270.0,1218.0,92.0,2.0,13.0
3516408,25.0,0.0,0.0,0.0,99.88,0.12,100.0,99.88,95.57,4.31,0.0,0.0,0.0,100.0,0.0,0.0,0.0,99.89,0.11,100.0,88.75,84.5,4.24,11.14,7.94,3.2,100.0,0.0,0.0,0.0,14708.0,18.0,14726.0,14708.0,14074.0,634.0,0.0,0.0,0.0,14726.0,0.0,0.0,0.0,5486.0,6.0,5492.0,4874.0,4641.0,233.0,612.0,436.0,176.0,5492.0,8181.61,14726.0,1.8,1.0,5.0,2.0,387.0,755.0,40.0,320.0,37.0,83.0,85.0,5750.0,8585.0,333.0,2297.0,2.7,6.02,2.35,6.73,8.79,12.01,13.93,0.16,100.0,0.04,97.11,0.06,0.0,2.63,8.0,4874.0,2.0,4733.0,3.0,0.0,128.0,98.93,0.0,100.0,0.04,0.0,0.0,0.02,0.08,0.92,99.3,0.33,0.37,4822.0,0.0,4874.0,2.0,0.0,0.0,1.0,4.0,45.0,4840.0,16.0,18.0,44.71,99.79,83.22,15.0,1.31,0.27,0.02,100.0,0.12,0.06,44.15,0.55,9.23,10.16,32.01,0.23,3.65,0.02,2179.0,4864.0,4056.0,731.0,64.0,13.0,1.0,4874.0,6.0,3.0,2152.0,27.0,450.0,495.0,1560.0,11.0,178.0,1.0,0.18,100.0,96.82,80.8,16.02,0.86,0.06,2.07,9.0,4874.0,4719.0,3938.0,781.0,42.0,3.0,101.0
3516507,,,,,,,,,,,,,,,,,,,,,,,,,,,,,,,,,,,,,,,,,,,,,,,,,,,,,,,,,0.0,0.0,0.0,0.0,0.0,0.0,0.0,151.0,3.0,1.0,195.0,394.0,10.0,34.0,0.0,0.0,0.0,0.0,0.0,0.0,0.0,,,,,,,,,,,,,,,,,,,,,,,,,,,,,,,,,,,,,,,,,,,,,,,,,,,,,,,,,,,,,,,,,,,,,,,,,,,,,,,,,,,,,,,,,,
3516606,,,,,,,,,,,,,,,,,,,,,,,,,,,,,,,,,,,,,,,,,,,,,,,,,,,,,,,,,0.0,0.0,0.0,0.0,0.0,0.0,0.0,211.0,6.0,20.0,381.0,919.0,26.0,275.0,0.0,0.0,0.0,0.0,0.0,0.0,0.0,,,,,,,,,,,,,,,,,,,,,,,,,,,,,,,,,,,,,,,,,,,,,,,,,,,,,,,,,,,,,,,,,,,,,,,,,,,,,,,,,,,,,,,,,,
3516705,,,,,,,,,,,,,,,,,,,,,,,,,,,,,,,,,,,,,,,,,,,,,,,,,,,,,,,,,0.0,0.0,0.0,0.0,0.0,0.0,0.0,424.0,55.0,65.0,2553.0,3935.0,100.0,738.0,0.0,0.0,0.0,0.0,0.0,0.0,0.0,,,,,,,,,,,,,,,,,,,,,,,,,,,,,,,,,,,,,,,,,,,,,,,,,,,,,,,,,,,,,,,,,,,,,,,,,,,,,,,,,,,,,,,,,,
3516804,,,,,,,,,,,,,,,,,,,,,,,,,,,,,,,,,,,,,,,,,,,,,,,,,,,,,,,,,0.0,0.0,0.0,0.0,0.0,0.0,0.0,326.0,3.0,3.0,235.0,606.0,9.0,30.0,0.0,0.0,0.0,0.0,0.0,0.0,0.0,,,,,,,,,,,,,,,,,,,,,,,,,,,,,,,,,,,,,,,,,,,,,,,,,,,,,,,,,,,,,,,,,,,,,,,,,,,,,,,,,,,,,,,,,,
3516853,,,,,,,,,,,,,,,,,,,,,,,,,,,,,,,,,,,,,,,,,,,,,,,,,,,,,,,,,0.0,0.0,0.0,0.0,0.0,0.0,0.0,69.0,7.0,5.0,332.0,542.0,19.0,110.0,0.0,0.0,0.0,0.0,0.0,0.0,0.0,,,,,,,,,,,,,,,,,,,,,,,,,,,,,,,,,,,,,,,,,,,,,,,,,,,,,,,,,,,,,,,,,,,,,,,,,,,,,,,,,,,,,,,,,,
3516903,,,,,,,,,,,,,,,,,,,,,,,,,,,,,,,,,,,,,,,,,,,,,,,,,,,,,,,,,0.0,0.0,0.0,0.0,0.0,0.0,0.0,472.0,14.0,29.0,749.0,1425.0,30.0,131.0,0.0,0.0,0.0,0.0,0.0,0.0,0.0,,,,,,,,,,,,,,,,,,,,,,,,,,,,,,,,,,,,,,,,,,,,,,,,,,,,,,,,,,,,,,,,,,,,,,,,,,,,,,,,,,,,,,,,,,
3517000,,,,,,,,,,,,,,,,,,,,,,,,,,,,,,,,,,,,,,,,,,,,,,,,,,,,,,,,,0.0,0.0,0.0,0.0,0.0,0.0,0.0,638.0,13.0,13.0,628.0,1442.0,36.0,114.0,0.0,0.0,0.0,0.0,0.0,0.0,0.0,,,,,,,,,,,,,,,,,,,,,,,,,,,,,,,,,,,,,,,,,,,,,,,,,,,,,,,,,,,,,,,,,,,,,,,,,,,,,,,,,,,,,,,,,,
3517109,,,,,,,,,,,,,,,,,,,,,,,,,,,,,,,,,,,,,,,,,,,,,,,,,,,,,,,,,0.0,0.0,0.0,0.0,0.0,0.0,0.0,228.0,9.0,4.0,280.0,783.0,14.0,248.0,0.0,0.0,0.0,0.0,0.0,0.0,0.0,,,,,,,,,,,,,,,,,,,,,,,,,,,,,,,,,,,,,,,,,,,,,,,,,,,,,,,,,,,,,,,,,,,,,,,,,,,,,,,,,,,,,,,,,,
3517208,,,,,,,,,,,,,,,,,,,,,,,,,,,,,,,,,,,,,,,,,,,,,,,,,,,,,,,,,0.0,0.0,0.0,0.0,0.0,0.0,0.0,168.0,9.0,15.0,687.0,1182.0,37.0,266.0,0.0,0.0,0.0,0.0,0.0,0.0,0.0,,,,,,,,,,,,,,,,,,,,,,,,,,,,,,,,,,,,,,,,,,,,,,,,,,,,,,,,,,,,,,,,,,,,,,,,,,,,,,,,,,,,,,,,,,
3517307,,,,,,,,,,,,,,,,,,,,,,,,,,,,,,,,,,,,,,,,,,,,,,,,,,,,,,,,,0.0,0.0,0.0,0.0,0.0,0.0,0.0,90.0,5.0,4.0,356.0,584.0,25.0,104.0,0.0,0.0,0.0,0.0,0.0,0.0,0.0,,,,,,,,,,,,,,,,,,,,,,,,,,,,,,,,,,,,,,,,,,,,,,,,,,,,,,,,,,,,,,,,,,,,,,,,,,,,,,,,,,,,,,,,,,
3517406,,,,,,,,,,,,,,,,,,,,,,,,,,,,,,,,,,,,,,,,,,,,,,,,,,,,,,,,,0.0,0.0,0.0,0.0,0.0,0.0,0.0,276.0,32.0,71.0,2395.0,3395.0,51.0,570.0,0.0,0.0,0.0,0.0,0.0,0.0,0.0,,,,,,,,,,,,,,,,,,,,,,,,,,,,,,,,,,,,,,,,,,,,,,,,,,,,,,,,,,,,,,,,,,,,,,,,,,,,,,,,,,,,,,,,,,
3517505,,,,,,,,,,,,,,,,,,,,,,,,,,,,,,,,,,,,,,,,,,,,,,,,,,,,,,,,,0.0,0.0,0.0,0.0,0.0,0.0,0.0,260.0,16.0,14.0,1090.0,1826.0,61.0,385.0,0.0,0.0,0.0,0.0,0.0,0.0,0.0,,,,,,,,,,,,,,,,,,,,,,,,,,,,,,,,,,,,,,,,,,,,,,,,,,,,,,,,,,,,,,,,,,,,,,,,,,,,,,,,,,,,,,,,,,
3517604,,,,,,,,,,,,,,,,,,,,,,,,,,,,,,,,,,,,,,,,,,,,,,,,,,,,,,,,,0.0,0.0,0.0,0.0,0.0,0.0,0.0,639.0,31.0,30.0,963.0,2116.0,98.0,355.0,0.0,0.0,0.0,0.0,0.0,0.0,0.0,,,,,,,,,,,,,,,,,,,,,,,,,,,,,,,,,,,,,,,,,,,,,,,,,,,,,,,,,,,,,,,,,,,,,,,,,,,,,,,,,,,,,,,,,,
3517703,,,,,,,,,,,,,,,,,,,,,,,,,,,,,,,,,,,,,,,,,,,,,,,,,,,,,,,,,0.0,0.0,0.0,0.0,0.0,0.0,0.0,77.0,19.0,36.0,1284.0,1886.0,38.0,432.0,0.0,0.0,0.0,0.0,0.0,0.0,0.0,,,,,,,,,,,,,,,,,,,,,,,,,,,,,,,,,,,,,,,,,,,,,,,,,,,,,,,,,,,,,,,,,,,,,,,,,,,,,,,,,,,,,,,,,,
3517802,,,,,,,,,,,,,,,,,,,,,,,,,,,,,,,,,,,,,,,,,,,,,,,,,,,,,,,,,0.0,0.0,0.0,0.0,0.0,0.0,0.0,536.0,8.0,15.0,897.0,1549.0,26.0,67.0,0.0,0.0,0.0,0.0,0.0,0.0,0.0,,,,,,,,,,,,,,,,,,,,,,,,,,,,,,,,,,,,,,,,,,,,,,,,,,,,,,,,,,,,,,,,,,,,,,,,,,,,,,,,,,,,,,,,,,
3517901,,,,,,,,,,,,,,,,,,,,,,,,,,,,,,,,,,,,,,,,,,,,,,,,,,,,,,,,,0.0,0.0,0.0,0.0,0.0,0.0,0.0,174.0,6.0,20.0,633.0,1357.0,19.0,505.0,0.0,0.0,0.0,0.0,0.0,0.0,0.0,,,,,,,,,,,,,,,,,,,,,,,,,,,,,,,,,,,,,,,,,,,,,,,,,,,,,,,,,,,,,,,,,,,,,,,,,,,,,,,,,,,,,,,,,,
3518008,,,,,,,,,,,,,,,,,,,,,,,,,,,,,,,,,,,,,,,,,,,,,,,,,,,,,,,,,0.0,0.0,0.0,0.0,0.0,0.0,0.0,208.0,5.0,0.0,112.0,358.0,5.0,28.0,0.0,0.0,0.0,0.0,0.0,0.0,0.0,,,,,,,,,,,,,,,,,,,,,,,,,,,,,,,,,,,,,,,,,,,,,,,,,,,,,,,,,,,,,,,,,,,,,,,,,,,,,,,,,,,,,,,,,,
3518107,,,,,,,,,,,,,,,,,,,,,,,,,,,,,,,,,,,,,,,,,,,,,,,,,,,,,,,,,0.0,0.0,0.0,0.0,0.0,0.0,0.0,293.0,6.0,8.0,455.0,946.0,33.0,151.0,0.0,0.0,0.0,0.0,0.0,0.0,0.0,,,,,,,,,,,,,,,,,,,,,,,,,,,,,,,,,,,,,,,,,,,,,,,,,,,,,,,,,,,,,,,,,,,,,,,,,,,,,,,,,,,,,,,,,,
3518206,,,,,,,,,,,,,,,,,,,,,,,,,,,,,,,,,,,,,,,,,,,,,,,,,,,,,,,,,0.0,0.0,0.0,0.0,0.0,0.0,0.0,391.0,37.0,40.0,1731.0,2702.0,50.0,453.0,0.0,0.0,0.0,0.0,0.0,0.0,0.0,,,,,,,,,,,,,,,,,,,,,,,,,,,,,,,,,,,,,,,,,,,,,,,,,,,,,,,,,,,,,,,,,,,,,,,,,,,,,,,,,,,,,,,,,,
3518305,,,,,,,,,,,,,,,,,,,,,,,,,,,,,,,,,,,,,,,,,,,,,,,,,,,,,,,,,0.0,0.0,0.0,0.0,0.0,0.0,0.0,183.0,44.0,25.0,1766.0,3103.0,137.0,948.0,0.0,0.0,0.0,0.0,0.0,0.0,0.0,,,,,,,,,,,,,,,,,,,,,,,,,,,,,,,,,,,,,,,,,,,,,,,,,,,,,,,,,,,,,,,,,,,,,,,,,,,,,,,,,,,,,,,,,,
3518404,1.0,0.0,0.0,0.0,79.13,20.87,100.0,79.13,78.34,0.79,0.0,0.0,0.0,100.0,0.0,0.0,0.0,82.5,17.5,100.0,68.33,67.5,0.83,14.17,13.33,0.83,100.0,0.0,0.0,0.0,800.0,211.0,1011.0,800.0,792.0,8.0,0.0,0.0,0.0,1011.0,0.0,0.0,0.0,297.0,63.0,360.0,246.0,243.0,3.0,51.0,48.0,3.0,360.0,4420.81,1011.0,0.229,0.0,0.0,0.0,48.0,60.0,2.0,10.0,467.0,113.0,221.0,6206.0,8749.0,264.0,1478.0,0.0,0.0,0.0,0.77,0.69,0.76,0.68,0.41,100.0,0.41,96.75,0.41,0.0,2.03,1.0,246.0,1.0,238.0,1.0,0.0,5.0,98.37,0.0,100.0,0.0,0.41,0.0,0.0,0.41,0.81,98.78,0.41,0.81,242.0,0.0,246.0,0.0,1.0,0.0,0.0,1.0,2.0,243.0,1.0,2.0,15.45,100.0,82.93,16.26,0.41,0.41,0.0,100.0,0.0,0.0,15.45,0.0,0.0,0.41,83.74,0.41,0.0,0.0,38.0,246.0,204.0,40.0,1.0,1.0,0.0,246.0,0.0,0.0,38.0,0.0,0.0,1.0,206.0,1.0,0.0,0.0,0.0,100.0,100.0,100.0,0.0,0.0,0.0,0.0,0.0,246.0,246.0,246.0,0.0,0.0,0.0,0.0
3518503,,,,,,,,,,,,,,,,,,,,,,,,,,,,,,,,,,,,,,,,,,,,,,,,,,,,,,,,,0.0,0.0,0.0,0.0,0.0,0.0,0.0,617.0,14.0,12.0,668.0,1729.0,52.0,366.0,0.0,0.0,0.0,0.0,0.0,0.0,0.0,,,,,,,,,,,,,,,,,,,,,,,,,,,,,,,,,,,,,,,,,,,,,,,,,,,,,,,,,,,,,,,,,,,,,,,,,,,,,,,,,,,,,,,,,,
3518602,,,,,,,,,,,,,,,,,,,,,,,,,,,,,,,,,,,,,,,,,,,,,,,,,,,,,,,,,0.0,0.0,0.0,0.0,0.0,0.0,0.0,126.0,35.0,63.0,2074.0,3269.0,79.0,892.0,0.0,0.0,0.0,0.0,0.0,0.0,0.0,,,,,,,,,,,,,,,,,,,,,,,,,,,,,,,,,,,,,,,,,,,,,,,,,,,,,,,,,,,,,,,,,,,,,,,,,,,,,,,,,,,,,,,,,,
3518701,55.0,0.02,0.0,0.02,99.74,0.25,100.0,99.74,92.72,7.02,0.0,0.0,0.0,99.98,0.01,0.02,0.03,99.71,0.26,100.0,87.39,80.59,6.8,12.32,8.9,3.42,99.97,18.0,0.0,18.0,105731.0,261.0,106010.0,105731.0,98290.0,7441.0,0.0,0.0,0.0,105992.0,3.0,7.0,10.0,39300.0,103.0,39413.0,34443.0,31764.0,2679.0,4857.0,3508.0,1349.0,39403.0,17265.04,106010.0,6.14,1.0,28.0,14.0,4118.0,5992.0,245.0,1586.0,9.0,220.0,211.0,14936.0,20198.0,556.0,4266.0,11.11,12.73,6.64,27.57,29.67,44.06,37.18,0.56,100.0,0.91,96.92,0.64,0.0,0.97,194.0,34443.0,314.0,33382.0,219.0,0.0,334.0,85.07,0.0,100.0,1.48,0.17,7.32,0.06,0.06,5.85,90.89,5.88,3.23,29300.0,1.0,34443.0,509.0,57.0,2520.0,20.0,21.0,2015.0,31306.0,2026.0,1111.0,64.49,99.32,76.62,19.0,3.02,0.68,0.05,100.0,0.24,0.39,61.59,2.89,8.26,1.7,12.51,2.35,10.64,0.05,22211.0,34208.0,26391.0,6543.0,1040.0,234.0,17.0,34443.0,84.0,134.0,21214.0,997.0,2845.0,587.0,4309.0,810.0,3664.0,17.0,0.17,100.0,99.45,58.12,41.33,0.09,0.02,0.28,57.0,34443.0,34254.0,20019.0,14235.0,30.0,6.0,96.0
3518800,170.0,0.02,0.0,0.02,99.77,0.21,100.0,99.77,93.96,5.81,0.0,0.0,0.0,99.98,0.0,0.0,0.01,99.76,0.23,100.0,91.35,85.81,5.54,8.42,7.21,1.21,99.99,42.0,0.0,42.0,215481.0,446.0,215969.0,215481.0,202925.0,12556.0,0.0,0.0,0.0,215927.0,2.0,2.0,4.0,76291.0,176.0,76471.0,69853.0,65616.0,4237.0,6438.0,5514.0,924.0,76467.0,19206.28,215969.0,11.245,1.0,41.0,10.0,6190.0,8939.0,429.0,2268.0,38.0,1039.0,997.0,65966.0,81700.0,2308.0,11352.0,2.63,3.95,1.0,9.38,10.94,18.59,19.98,0.4,100.0,0.21,96.28,2.96,0.0,0.16,281.0,69853.0,144.0,67251.0,2068.0,0.0,109.0,96.42,0.05,100.0,0.41,0.25,0.12,0.02,0.14,2.58,98.24,1.28,0.47,67353.0,33.0,69853.0,289.0,176.0,85.0,15.0,101.0,1801.0,68626.0,896.0,331.0,65.56,99.72,82.18,15.43,1.73,0.38,0.03,100.0,0.21,0.04,64.65,0.91,3.24,1.96,26.6,0.76,1.86,0.03,45794.0,69657.0,57407.0,10777.0,1208.0,265.0,19.0,69853.0,149.0,28.0,45159.0,635.0,2262.0,1366.0,18581.0,531.0,1300.0,19.0,0.45,100.0,98.03,86.81,11.22,0.17,0.01,1.34,315.0,69853.0,68477.0,60642.0,7835.0,119.0,6.0,936.0
3518859,,,,,,,,,,,,,,,,,,,,,,,,,,,,,,,,,,,,,,,,,,,,,,,,,,,,,,,,,0.0,0.0,0.0,0.0,0.0,0.0,0.0,56.0,12.0,10.0,451.0,871.0,17.0,325.0,0.0,0.0,0.0,0.0,0.0,0.0,0.0,,,,,,,,,,,,,,,,,,,,,,,,,,,,,,,,,,,,,,,,,,,,,,,,,,,,,,,,,,,,,,,,,,,,,,,,,,,,,,,,,,,,,,,,,,
3518909,,,,,,,,,,,,,,,,,,,,,,,,,,,,,,,,,,,,,,,,,,,,,,,,,,,,,,,,,0.0,0.0,0.0,0.0,0.0,0.0,0.0,225.0,4.0,4.0,286.0,609.0,9.0,81.0,0.0,0.0,0.0,0.0,0.0,0.0,0.0,,,,,,,,,,,,,,,,,,,,,,,,,,,,,,,,,,,,,,,,,,,,,,,,,,,,,,,,,,,,,,,,,,,,,,,,,,,,,,,,,,,,,,,,,,
3519006,,,,,,,,,,,,,,,,,,,,,,,,,,,,,,,,,,,,,,,,,,,,,,,,,,,,,,,,,0.0,0.0,0.0,0.0,0.0,0.0,0.0,332.0,10.0,16.0,589.0,1243.0,20.0,276.0,0.0,0.0,0.0,0.0,0.0,0.0,0.0,,,,,,,,,,,,,,,,,,,,,,,,,,,,,,,,,,,,,,,,,,,,,,,,,,,,,,,,,,,,,,,,,,,,,,,,,,,,,,,,,,,,,,,,,,
3519055,,,,,,,,,,,,,,,,,,,,,,,,,,,,,,,,,,,,,,,,,,,,,,,,,,,,,,,,,0.0,0.0,0.0,0.0,0.0,0.0,0.0,286.0,21.0,34.0,746.0,1418.0,23.0,308.0,0.0,0.0,0.0,0.0,0.0,0.0,0.0,,,,,,,,,,,,,,,,,,,,,,,,,,,,,,,,,,,,,,,,,,,,,,,,,,,,,,,,,,,,,,,,,,,,,,,,,,,,,,,,,,,,,,,,,,
3519071,7.0,0.0,0.0,0.0,100.0,0.0,100.0,100.0,97.23,2.77,0.0,0.0,0.0,100.0,0.0,0.0,0.0,100.0,0.0,100.0,94.4,91.85,2.56,5.6,4.56,1.04,100.0,0.0,0.0,0.0,4223.0,0.0,4223.0,4223.0,4106.0,117.0,0.0,0.0,0.0,4223.0,0.0,0.0,0.0,1447.0,0.0,1447.0,1366.0,1329.0,37.0,81.0,66.0,15.0,1447.0,11810.04,4223.0,0.358,0.0,0.0,0.0,50.0,121.0,9.0,62.0,18.0,158.0,117.0,10650.0,17368.0,355.0,6070.0,0.0,0.0,0.0,0.47,0.7,2.54,1.02,0.44,100.0,0.0,99.56,0.0,0.0,0.0,6.0,1366.0,0.0,1360.0,0.0,0.0,0.0,44.73,0.0,100.0,0.59,0.66,0.07,0.0,0.07,53.88,65.45,0.66,33.89,611.0,0.0,1366.0,8.0,9.0,1.0,0.0,1.0,736.0,894.0,9.0,463.0,29.21,99.93,88.36,10.25,1.02,0.29,0.0,100.0,0.07,0.0,28.4,0.81,33.38,14.49,21.01,1.46,0.44,0.0,399.0,1365.0,1207.0,140.0,14.0,4.0,0.0,1366.0,1.0,0.0,388.0,11.0,456.0,198.0,287.0,20.0,6.0,0.0,0.29,100.0,99.34,58.05,41.29,0.07,0.0,0.29,4.0,1366.0,1357.0,793.0,564.0,1.0,0.0,4.0
3519105,,,,,,,,,,,,,,,,,,,,,,,,,,,,,,,,,,,,,,,,,,,,,,,,,,,,,,,,,0.0,0.0,0.0,0.0,0.0,0.0,0.0,220.0,14.0,15.0,573.0,1024.0,20.0,182.0,0.0,0.0,0.0,0.0,0.0,0.0,0.0,,,,,,,,,,,,,,,,,,,,,,,,,,,,,,,,,,,,,,,,,,,,,,,,,,,,,,,,,,,,,,,,,,,,,,,,,,,,,,,,,,,,,,,,,,
3519204,,,,,,,,,,,,,,,,,,,,,,,,,,,,,,,,,,,,,,,,,,,,,,,,,,,,,,,,,0.0,0.0,0.0,0.0,0.0,0.0,0.0,311.0,7.0,7.0,394.0,904.0,23.0,162.0,0.0,0.0,0.0,0.0,0.0,0.0,0.0,,,,,,,,,,,,,,,,,,,,,,,,,,,,,,,,,,,,,,,,,,,,,,,,,,,,,,,,,,,,,,,,,,,,,,,,,,,,,,,,,,,,,,,,,,
3519253,,,,,,,,,,,,,,,,,,,,,,,,,,,,,,,,,,,,,,,,,,,,,,,,,,,,,,,,,0.0,0.0,0.0,0.0,0.0,0.0,0.0,453.0,7.0,5.0,274.0,892.0,33.0,120.0,0.0,0.0,0.0,0.0,0.0,0.0,0.0,,,,,,,,,,,,,,,,,,,,,,,,,,,,,,,,,,,,,,,,,,,,,,,,,,,,,,,,,,,,,,,,,,,,,,,,,,,,,,,,,,,,,,,,,,
3519303,,,,,,,,,,,,,,,,,,,,,,,,,,,,,,,,,,,,,,,,,,,,,,,,,,,,,,,,,0.0,0.0,0.0,0.0,0.0,0.0,0.0,84.0,31.0,32.0,1809.0,2859.0,84.0,819.0,0.0,0.0,0.0,0.0,0.0,0.0,0.0,,,,,,,,,,,,,,,,,,,,,,,,,,,,,,,,,,,,,,,,,,,,,,,,,,,,,,,,,,,,,,,,,,,,,,,,,,,,,,,,,,,,,,,,,,
3519402,,,,,,,,,,,,,,,,,,,,,,,,,,,,,,,,,,,,,,,,,,,,,,,,,,,,,,,,,0.0,0.0,0.0,0.0,0.0,0.0,0.0,348.0,9.0,12.0,776.0,1566.0,29.0,392.0,0.0,0.0,0.0,0.0,0.0,0.0,0.0,,,,,,,,,,,,,,,,,,,,,,,,,,,,,,,,,,,,,,,,,,,,,,,,,,,,,,,,,,,,,,,,,,,,,,,,,,,,,,,,,,,,,,,,,,
3519501,1.0,0.0,0.0,0.0,100.0,0.0,100.0,100.0,98.13,1.87,0.0,0.0,0.0,100.0,0.0,0.0,0.0,100.0,0.0,100.0,81.31,79.44,1.87,18.69,16.82,1.87,100.0,0.0,0.0,0.0,268.0,0.0,268.0,268.0,263.0,5.0,0.0,0.0,0.0,268.0,0.0,0.0,0.0,107.0,0.0,107.0,87.0,85.0,2.0,20.0,18.0,2.0,107.0,9948.77,268.0,0.027,0.0,0.0,0.0,8.0,12.0,3.0,1.0,184.0,6.0,13.0,411.0,822.0,34.0,174.0,0.0,0.0,0.0,1.95,1.46,8.82,0.57,65.52,100.0,0.0,34.48,0.0,0.0,0.0,57.0,87.0,0.0,30.0,0.0,0.0,0.0,97.7,0.0,100.0,2.3,0.0,0.0,0.0,0.0,0.0,100.0,0.0,0.0,85.0,0.0,87.0,2.0,0.0,0.0,0.0,0.0,0.0,87.0,0.0,0.0,100.0,98.85,86.21,10.34,1.15,1.15,0.0,100.0,0.0,1.15,100.0,0.0,0.0,0.0,0.0,0.0,0.0,0.0,87.0,86.0,75.0,9.0,1.0,1.0,0.0,87.0,0.0,1.0,87.0,0.0,0.0,0.0,0.0,0.0,0.0,0.0,0.0,100.0,100.0,100.0,0.0,0.0,0.0,0.0,0.0,87.0,87.0,87.0,0.0,0.0,0.0,0.0
3519600,,,,,,,,,,,,,,,,,,,,,,,,,,,,,,,,,,,,,,,,,,,,,,,,,,,,,,,,,0.0,0.0,0.0,0.0,0.0,0.0,0.0,389.0,54.0,123.0,4839.0,6626.0,107.0,1114.0,0.0,0.0,0.0,0.0,0.0,0.0,0.0,,,,,,,,,,,,,,,,,,,,,,,,,,,,,,,,,,,,,,,,,,,,,,,,,,,,,,,,,,,,,,,,,,,,,,,,,,,,,,,,,,,,,,,,,,
3519709,3.0,0.0,0.0,0.0,99.92,0.08,100.0,99.92,98.88,1.04,0.0,0.0,0.0,100.0,0.0,0.0,0.0,99.79,0.21,100.0,87.55,86.7,0.86,12.23,10.52,1.72,100.0,0.0,0.0,0.0,1251.0,1.0,1252.0,1251.0,1238.0,13.0,0.0,0.0,0.0,1252.0,0.0,0.0,0.0,465.0,1.0,466.0,408.0,404.0,4.0,57.0,49.0,8.0,466.0,6316.53,1252.0,0.198,0.0,1.0,0.0,23.0,35.0,3.0,8.0,861.0,120.0,78.0,4309.0,9071.0,292.0,3411.0,0.0,0.83,0.0,0.53,0.39,1.03,0.23,0.0,100.0,0.0,100.0,0.0,0.0,0.0,0.0,408.0,0.0,408.0,0.0,0.0,0.0,99.02,0.0,100.0,0.49,0.0,0.0,0.0,0.0,0.49,99.51,0.25,0.25,404.0,0.0,408.0,2.0,0.0,0.0,0.0,0.0,2.0,406.0,1.0,1.0,8.09,99.26,85.05,12.75,1.23,0.25,0.0,100.0,0.74,0.0,7.84,0.25,17.65,59.31,8.58,2.94,3.43,0.0,33.0,405.0,347.0,52.0,5.0,1.0,0.0,408.0,3.0,0.0,32.0,1.0,72.0,242.0,35.0,12.0,14.0,0.0,0.0,100.0,98.04,92.4,5.64,1.72,0.0,0.25,0.0,408.0,400.0,377.0,23.0,7.0,0.0,1.0
3519808,,,,,,,,,,,,,,,,,,,,,,,,,,,,,,,,,,,,,,,,,,,,,,,,,,,,,,,,,0.0,0.0,0.0,0.0,0.0,0.0,0.0,136.0,9.0,15.0,446.0,805.0,32.0,167.0,0.0,0.0,0.0,0.0,0.0,0.0,0.0,,,,,,,,,,,,,,,,,,,,,,,,,,,,,,,,,,,,,,,,,,,,,,,,,,,,,,,,,,,,,,,,,,,,,,,,,,,,,,,,,,,,,,,,,,
3519907,,,,,,,,,,,,,,,,,,,,,,,,,,,,,,,,,,,,,,,,,,,,,,,,,,,,,,,,,0.0,0.0,0.0,0.0,0.0,0.0,0.0,379.0,7.0,14.0,482.0,1095.0,25.0,188.0,0.0,0.0,0.0,0.0,0.0,0.0,0.0,,,,,,,,,,,,,,,,,,,,,,,,,,,,,,,,,,,,,,,,,,,,,,,,,,,,,,,,,,,,,,,,,,,,,,,,,,,,,,,,,,,,,,,,,,
3520004,,,,,,,,,,,,,,,,,,,,,,,,,,,,,,,,,,,,,,,,,,,,,,,,,,,,,,,,,0.0,0.0,0.0,0.0,0.0,0.0,0.0,27.0,16.0,14.0,1217.0,1678.0,58.0,346.0,0.0,0.0,0.0,0.0,0.0,0.0,0.0,,,,,,,,,,,,,,,,,,,,,,,,,,,,,,,,,,,,,,,,,,,,,,,,,,,,,,,,,,,,,,,,,,,,,,,,,,,,,,,,,,,,,,,,,,
3520103,,,,,,,,,,,,,,,,,,,,,,,,,,,,,,,,,,,,,,,,,,,,,,,,,,,,,,,,,0.0,0.0,0.0,0.0,0.0,0.0,0.0,321.0,27.0,54.0,1778.0,2633.0,56.0,397.0,0.0,0.0,0.0,0.0,0.0,0.0,0.0,,,,,,,,,,,,,,,,,,,,,,,,,,,,,,,,,,,,,,,,,,,,,,,,,,,,,,,,,,,,,,,,,,,,,,,,,,,,,,,,,,,,,,,,,,
3520202,,,,,,,,,,,,,,,,,,,,,,,,,,,,,,,,,,,,,,,,,,,,,,,,,,,,,,,,,0.0,0.0,0.0,0.0,0.0,0.0,0.0,82.0,12.0,12.0,522.0,1281.0,55.0,598.0,0.0,0.0,0.0,0.0,0.0,0.0,0.0,,,,,,,,,,,,,,,,,,,,,,,,,,,,,,,,,,,,,,,,,,,,,,,,,,,,,,,,,,,,,,,,,,,,,,,,,,,,,,,,,,,,,,,,,,
3520301,,,,,,,,,,,,,,,,,,,,,,,,,,,,,,,,,,,,,,,,,,,,,,,,,,,,,,,,,0.0,0.0,0.0,0.0,0.0,0.0,0.0,333.0,46.0,42.0,2033.0,3391.0,117.0,820.0,0.0,0.0,0.0,0.0,0.0,0.0,0.0,,,,,,,,,,,,,,,,,,,,,,,,,,,,,,,,,,,,,,,,,,,,,,,,,,,,,,,,,,,,,,,,,,,,,,,,,,,,,,,,,,,,,,,,,,
3520400,13.0,0.0,0.0,0.0,99.94,0.06,100.0,99.94,94.23,5.71,0.0,0.0,0.0,100.0,0.0,0.04,0.04,99.92,0.04,100.0,89.22,83.8,5.43,10.7,4.81,5.89,99.96,0.0,0.0,0.0,6829.0,4.0,6833.0,6829.0,6439.0,390.0,0.0,0.0,0.0,6833.0,0.0,1.0,1.0,2596.0,1.0,2598.0,2318.0,2177.0,141.0,278.0,125.0,153.0,2597.0,6237.17,6833.0,1.096,0.0,4.0,0.0,92.0,224.0,18.0,110.0,4.0,66.0,44.0,2010.0,2982.0,100.0,758.0,0.0,6.06,0.0,4.58,7.51,18.0,14.51,5.48,100.0,0.86,92.8,0.56,0.0,0.3,127.0,2318.0,20.0,2151.0,13.0,0.0,7.0,78.21,0.0,100.0,0.04,0.0,14.19,0.04,7.25,0.26,96.25,0.69,3.06,1813.0,0.0,2318.0,1.0,0.0,329.0,1.0,168.0,6.0,2231.0,16.0,71.0,62.68,99.78,82.01,14.8,2.11,0.86,0.0,100.0,0.22,0.0,54.44,8.24,30.2,5.61,1.04,0.13,0.35,0.0,1453.0,2313.0,1901.0,343.0,49.0,20.0,0.0,2318.0,5.0,0.0,1262.0,191.0,700.0,130.0,24.0,3.0,8.0,0.0,0.04,100.0,99.61,40.29,59.32,0.35,0.0,0.0,1.0,2318.0,2309.0,934.0,1375.0,8.0,0.0,0.0
3520426,,,,,,,,,,,,,,,,,,,,,,,,,,,,,,,,,,,,,,,,,,,,,,,,,,,,,,,,,0.0,0.0,0.0,0.0,0.0,0.0,0.0,4.0,15.0,22.0,1091.0,1974.0,52.0,790.0,0.0,0.0,0.0,0.0,0.0,0.0,0.0,,,,,,,,,,,,,,,,,,,,,,,,,,,,,,,,,,,,,,,,,,,,,,,,,,,,,,,,,,,,,,,,,,,,,,,,,,,,,,,,,,,,,,,,,,
3520442,,,,,,,,,,,,,,,,,,,,,,,,,,,,,,,,,,,,,,,,,,,,,,,,,,,,,,,,,0.0,0.0,0.0,0.0,0.0,0.0,0.0,423.0,38.0,50.0,1272.0,2187.0,51.0,353.0,0.0,0.0,0.0,0.0,0.0,0.0,0.0,,,,,,,,,,,,,,,,,,,,,,,,,,,,,,,,,,,,,,,,,,,,,,,,,,,,,,,,,,,,,,,,,,,,,,,,,,,,,,,,,,,,,,,,,,
3520509,,,,,,,,,,,,,,,,,,,,,,,,,,,,,,,,,,,,,,,,,,,,,,,,,,,,,,,,,0.0,0.0,0.0,0.0,0.0,0.0,0.0,248.0,183.0,286.0,12711.0,17017.0,310.0,3279.0,0.0,0.0,0.0,0.0,0.0,0.0,0.0,,,,,,,,,,,,,,,,,,,,,,,,,,,,,,,,,,,,,,,,,,,,,,,,,,,,,,,,,,,,,,,,,,,,,,,,,,,,,,,,,,,,,,,,,,
3520608,,,,,,,,,,,,,,,,,,,,,,,,,,,,,,,,,,,,,,,,,,,,,,,,,,,,,,,,,0.0,0.0,0.0,0.0,0.0,0.0,0.0,210.0,6.0,3.0,316.0,689.0,15.0,139.0,0.0,0.0,0.0,0.0,0.0,0.0,0.0,,,,,,,,,,,,,,,,,,,,,,,,,,,,,,,,,,,,,,,,,,,,,,,,,,,,,,,,,,,,,,,,,,,,,,,,,,,,,,,,,,,,,,,,,,
3520707,,,,,,,,,,,,,,,,,,,,,,,,,,,,,,,,,,,,,,,,,,,,,,,,,,,,,,,,,0.0,0.0,0.0,0.0,0.0,0.0,0.0,305.0,5.0,9.0,524.0,933.0,8.0,82.0,0.0,0.0,0.0,0.0,0.0,0.0,0.0,,,,,,,,,,,,,,,,,,,,,,,,,,,,,,,,,,,,,,,,,,,,,,,,,,,,,,,,,,,,,,,,,,,,,,,,,,,,,,,,,,,,,,,,,,
3520806,,,,,,,,,,,,,,,,,,,,,,,,,,,,,,,,,,,,,,,,,,,,,,,,,,,,,,,,,0.0,0.0,0.0,0.0,0.0,0.0,0.0,80.0,5.0,2.0,229.0,372.0,4.0,52.0,0.0,0.0,0.0,0.0,0.0,0.0,0.0,,,,,,,,,,,,,,,,,,,,,,,,,,,,,,,,,,,,,,,,,,,,,,,,,,,,,,,,,,,,,,,,,,,,,,,,,,,,,,,,,,,,,,,,,,
3520905,,,,,,,,,,,,,,,,,,,,,,,,,,,,,,,,,,,,,,,,,,,,,,,,,,,,,,,,,0.0,0.0,0.0,0.0,0.0,0.0,0.0,39.0,18.0,28.0,746.0,1035.0,38.0,166.0,0.0,0.0,0.0,0.0,0.0,0.0,0.0,,,,,,,,,,,,,,,,,,,,,,,,,,,,,,,,,,,,,,,,,,,,,,,,,,,,,,,,,,,,,,,,,,,,,,,,,,,,,,,,,,,,,,,,,,
3521002,,,,,,,,,,,,,,,,,,,,,,,,,,,,,,,,,,,,,,,,,,,,,,,,,,,,,,,,,0.0,0.0,0.0,0.0,0.0,0.0,0.0,159.0,27.0,26.0,1555.0,2935.0,101.0,1067.0,0.0,0.0,0.0,0.0,0.0,0.0,0.0,,,,,,,,,,,,,,,,,,,,,,,,,,,,,,,,,,,,,,,,,,,,,,,,,,,,,,,,,,,,,,,,,,,,,,,,,,,,,,,,,,,,,,,,,,
3521101,,,,,,,,,,,,,,,,,,,,,,,,,,,,,,,,,,,,,,,,,,,,,,,,,,,,,,,,,0.0,0.0,0.0,0.0,0.0,0.0,0.0,148.0,8.0,10.0,390.0,718.0,23.0,139.0,0.0,0.0,0.0,0.0,0.0,0.0,0.0,,,,,,,,,,,,,,,,,,,,,,,,,,,,,,,,,,,,,,,,,,,,,,,,,,,,,,,,,,,,,,,,,,,,,,,,,,,,,,,,,,,,,,,,,,
3521150,,,,,,,,,,,,,,,,,,,,,,,,,,,,,,,,,,,,,,,,,,,,,,,,,,,,,,,,,0.0,0.0,0.0,0.0,0.0,0.0,0.0,177.0,5.0,2.0,330.0,795.0,30.0,251.0,0.0,0.0,0.0,0.0,0.0,0.0,0.0,,,,,,,,,,,,,,,,,,,,,,,,,,,,,,,,,,,,,,,,,,,,,,,,,,,,,,,,,,,,,,,,,,,,,,,,,,,,,,,,,,,,,,,,,,
3521200,,,,,,,,,,,,,,,,,,,,,,,,,,,,,,,,,,,,,,,,,,,,,,,,,,,,,,,,,0.0,0.0,0.0,0.0,0.0,0.0,0.0,159.0,18.0,11.0,227.0,587.0,42.0,130.0,0.0,0.0,0.0,0.0,0.0,0.0,0.0,,,,,,,,,,,,,,,,,,,,,,,,,,,,,,,,,,,,,,,,,,,,,,,,,,,,,,,,,,,,,,,,,,,,,,,,,,,,,,,,,,,,,,,,,,
3521309,,,,,,,,,,,,,,,,,,,,,,,,,,,,,,,,,,,,,,,,,,,,,,,,,,,,,,,,,0.0,0.0,0.0,0.0,0.0,0.0,0.0,185.0,18.0,33.0,890.0,1507.0,26.0,355.0,0.0,0.0,0.0,0.0,0.0,0.0,0.0,,,,,,,,,,,,,,,,,,,,,,,,,,,,,,,,,,,,,,,,,,,,,,,,,,,,,,,,,,,,,,,,,,,,,,,,,,,,,,,,,,,,,,,,,,
3521408,,,,,,,,,,,,,,,,,,,,,,,,,,,,,,,,,,,,,,,,,,,,,,,,,,,,,,,,,0.0,0.0,0.0,0.0,0.0,0.0,0.0,20.0,16.0,32.0,1429.0,1900.0,24.0,379.0,0.0,0.0,0.0,0.0,0.0,0.0,0.0,,,,,,,,,,,,,,,,,,,,,,,,,,,,,,,,,,,,,,,,,,,,,,,,,,,,,,,,,,,,,,,,,,,,,,,,,,,,,,,,,,,,,,,,,,
3521507,,,,,,,,,,,,,,,,,,,,,,,,,,,,,,,,,,,,,,,,,,,,,,,,,,,,,,,,,0.0,0.0,0.0,0.0,0.0,0.0,0.0,195.0,5.0,4.0,395.0,722.0,19.0,104.0,0.0,0.0,0.0,0.0,0.0,0.0,0.0,,,,,,,,,,,,,,,,,,,,,,,,,,,,,,,,,,,,,,,,,,,,,,,,,,,,,,,,,,,,,,,,,,,,,,,,,,,,,,,,,,,,,,,,,,
3521606,,,,,,,,,,,,,,,,,,,,,,,,,,,,,,,,,,,,,,,,,,,,,,,,,,,,,,,,,0.0,0.0,0.0,0.0,0.0,0.0,0.0,318.0,5.0,9.0,302.0,723.0,24.0,65.0,0.0,0.0,0.0,0.0,0.0,0.0,0.0,,,,,,,,,,,,,,,,,,,,,,,,,,,,,,,,,,,,,,,,,,,,,,,,,,,,,,,,,,,,,,,,,,,,,,,,,,,,,,,,,,,,,,,,,,
3521705,,,,,,,,,,,,,,,,,,,,,,,,,,,,,,,,,,,,,,,,,,,,,,,,,,,,,,,,,0.0,0.0,0.0,0.0,0.0,0.0,0.0,629.0,25.0,27.0,1196.0,2385.0,73.0,435.0,0.0,0.0,0.0,0.0,0.0,0.0,0.0,,,,,,,,,,,,,,,,,,,,,,,,,,,,,,,,,,,,,,,,,,,,,,,,,,,,,,,,,,,,,,,,,,,,,,,,,,,,,,,,,,,,,,,,,,
3521804,,,,,,,,,,,,,,,,,,,,,,,,,,,,,,,,,,,,,,,,,,,,,,,,,,,,,,,,,0.0,0.0,0.0,0.0,0.0,0.0,0.0,682.0,27.0,36.0,1640.0,3257.0,75.0,797.0,0.0,0.0,0.0,0.0,0.0,0.0,0.0,,,,,,,,,,,,,,,,,,,,,,,,,,,,,,,,,,,,,,,,,,,,,,,,,,,,,,,,,,,,,,,,,,,,,,,,,,,,,,,,,,,,,,,,,,
3521903,,,,,,,,,,,,,,,,,,,,,,,,,,,,,,,,,,,,,,,,,,,,,,,,,,,,,,,,,0.0,0.0,0.0,0.0,0.0,0.0,0.0,589.0,12.0,31.0,1169.0,2335.0,34.0,500.0,0.0,0.0,0.0,0.0,0.0,0.0,0.0,,,,,,,,,,,,,,,,,,,,,,,,,,,,,,,,,,,,,,,,,,,,,,,,,,,,,,,,,,,,,,,,,,,,,,,,,,,,,,,,,,,,,,,,,,
3522000,,,,,,,,,,,,,,,,,,,,,,,,,,,,,,,,,,,,,,,,,,,,,,,,,,,,,,,,,0.0,0.0,0.0,0.0,0.0,0.0,0.0,336.0,3.0,4.0,179.0,676.0,17.0,137.0,0.0,0.0,0.0,0.0,0.0,0.0,0.0,,,,,,,,,,,,,,,,,,,,,,,,,,,,,,,,,,,,,,,,,,,,,,,,,,,,,,,,,,,,,,,,,,,,,,,,,,,,,,,,,,,,,,,,,,
3522109,3.0,0.0,0.0,0.0,100.0,0.0,100.0,100.0,92.78,7.22,0.0,0.0,0.0,100.0,0.0,0.0,0.0,100.0,0.0,100.0,68.82,63.8,5.02,31.18,8.6,22.58,100.0,0.0,0.0,0.0,554.0,0.0,554.0,554.0,514.0,40.0,0.0,0.0,0.0,554.0,0.0,0.0,0.0,279.0,0.0,279.0,192.0,178.0,14.0,87.0,24.0,63.0,279.0,4349.7,554.0,0.127,0.0,0.0,0.0,23.0,49.0,4.0,22.0,20.0,116.0,112.0,7008.0,11788.0,342.0,4190.0,0.0,0.0,0.0,0.33,0.42,1.17,0.53,0.52,100.0,0.52,98.96,0.0,0.0,0.0,1.0,192.0,1.0,190.0,0.0,0.0,0.0,90.1,0.0,100.0,0.52,0.0,0.0,0.0,0.0,9.38,90.63,0.52,8.85,173.0,0.0,192.0,1.0,0.0,0.0,0.0,0.0,18.0,174.0,1.0,17.0,30.21,100.0,80.73,16.67,2.6,0.0,0.0,100.0,0.0,0.0,27.6,2.6,43.75,15.1,3.13,0.52,7.29,0.0,58.0,192.0,155.0,32.0,5.0,0.0,0.0,192.0,0.0,0.0,53.0,5.0,84.0,29.0,6.0,1.0,14.0,0.0,0.52,100.0,99.48,98.96,0.52,0.0,0.0,0.0,1.0,192.0,191.0,190.0,1.0,0.0,0.0,0.0
3522158,,,,,,,,,,,,,,,,,,,,,,,,,,,,,,,,,,,,,,,,,,,,,,,,,,,,,,,,,0.0,0.0,0.0,0.0,0.0,0.0,0.0,131.0,9.0,4.0,214.0,469.0,25.0,86.0,0.0,0.0,0.0,0.0,0.0,0.0,0.0,,,,,,,,,,,,,,,,,,,,,,,,,,,,,,,,,,,,,,,,,,,,,,,,,,,,,,,,,,,,,,,,,,,,,,,,,,,,,,,,,,,,,,,,,,
3522208,20.0,0.0,0.0,0.0,99.8,0.2,100.0,99.8,86.45,13.35,0.0,0.0,0.0,100.0,0.0,0.0,0.0,99.83,0.17,100.0,83.11,71.77,11.34,16.72,10.64,6.08,100.0,0.0,0.0,0.0,14112.0,28.0,14140.0,14112.0,12224.0,1888.0,0.0,0.0,0.0,14140.0,0.0,0.0,0.0,5899.0,10.0,5909.0,4911.0,4241.0,670.0,988.0,629.0,359.0,5909.0,10808.22,14140.0,1.308,0.0,1.0,0.0,263.0,878.0,28.0,586.0,56.0,153.0,88.0,6917.0,11162.0,444.0,3504.0,0.0,0.65,0.0,3.8,7.87,6.31,16.72,0.06,100.0,0.0,99.61,0.04,0.0,0.29,3.0,4911.0,0.0,4892.0,2.0,0.0,14.0,98.74,0.0,100.0,0.14,0.2,0.06,0.0,0.0,0.86,98.66,1.14,0.2,4849.0,0.0,4911.0,7.0,10.0,3.0,0.0,0.0,42.0,4845.0,56.0,10.0,48.71,99.39,83.22,13.87,1.71,0.59,0.14,100.0,0.37,0.1,43.49,5.21,20.73,18.67,11.06,0.08,0.61,0.14,2392.0,4881.0,4087.0,681.0,84.0,29.0,7.0,4911.0,18.0,5.0,2136.0,256.0,1018.0,917.0,543.0,4.0,30.0,7.0,0.1,100.0,96.68,70.54,26.15,0.18,0.0,3.03,5.0,4911.0,4748.0,3464.0,1284.0,9.0,0.0,149.0
3522307,,,,,,,,,,,,,,,,,,,,,,,,,,,,,,,,,,,,,,,,,,,,,,,,,,,,,,,,,0.0,0.0,0.0,0.0,0.0,0.0,0.0,1253.0,168.0,281.0,8273.0,13432.0,360.0,3097.0,0.0,0.0,0.0,0.0,0.0,0.0,0.0,,,,,,,,,,,,,,,,,,,,,,,,,,,,,,,,,,,,,,,,,,,,,,,,,,,,,,,,,,,,,,,,,,,,,,,,,,,,,,,,,,,,,,,,,,
3522406,,,,,,,,,,,,,,,,,,,,,,,,,,,,,,,,,,,,,,,,,,,,,,,,,,,,,,,,,0.0,0.0,0.0,0.0,0.0,0.0,0.0,873.0,103.0,149.0,4647.0,7580.0,194.0,1614.0,0.0,0.0,0.0,0.0,0.0,0.0,0.0,,,,,,,,,,,,,,,,,,,,,,,,,,,,,,,,,,,,,,,,,,,,,,,,,,,,,,,,,,,,,,,,,,,,,,,,,,,,,,,,,,,,,,,,,,
3522505,20.0,0.0,0.0,0.0,99.83,0.17,100.0,99.83,97.74,2.09,0.0,0.0,0.0,100.0,0.0,0.0,0.0,99.62,0.38,100.0,96.82,94.8,2.02,2.81,2.57,0.24,100.0,0.0,0.0,0.0,13887.0,24.0,13911.0,13887.0,13596.0,291.0,0.0,0.0,0.0,13911.0,0.0,0.0,0.0,5040.0,19.0,5059.0,4898.0,4796.0,102.0,142.0,130.0,12.0,5059.0,21207.44,13911.0,0.656,0.0,0.0,0.0,240.0,401.0,26.0,135.0,5.0,160.0,87.0,9268.0,13526.0,491.0,3515.0,0.0,0.0,0.0,2.59,2.96,5.3,3.84,0.67,100.0,0.04,79.87,13.45,0.0,5.96,33.0,4898.0,2.0,3912.0,659.0,0.0,292.0,96.33,0.0,100.0,0.1,0.08,0.0,0.0,0.43,3.06,96.9,0.39,2.72,4718.0,0.0,4898.0,5.0,4.0,0.0,0.0,21.0,150.0,4746.0,19.0,133.0,61.31,99.55,92.28,6.41,0.71,0.14,0.04,100.0,0.39,0.02,60.53,0.78,2.04,3.86,28.24,2.8,1.71,0.04,3003.0,4876.0,4520.0,314.0,35.0,7.0,2.0,4898.0,19.0,1.0,2965.0,38.0,100.0,189.0,1383.0,137.0,84.0,2.0,5.63,100.0,92.94,54.08,38.85,0.14,0.04,1.25,276.0,4898.0,4552.0,2649.0,1903.0,7.0,2.0,61.0
3522604,,,,,,,,,,,,,,,,,,,,,,,,,,,,,,,,,,,,,,,,,,,,,,,,,,,,,,,,,0.0,0.0,0.0,0.0,0.0,0.0,0.0,371.0,80.0,139.0,4066.0,6025.0,156.0,1213.0,0.0,0.0,0.0,0.0,0.0,0.0,0.0,,,,,,,,,,,,,,,,,,,,,,,,,,,,,,,,,,,,,,,,,,,,,,,,,,,,,,,,,,,,,,,,,,,,,,,,,,,,,,,,,,,,,,,,,,
3522653,,,,,,,,,,,,,,,,,,,,,,,,,,,,,,,,,,,,,,,,,,,,,,,,,,,,,,,,,0.0,0.0,0.0,0.0,0.0,0.0,0.0,313.0,8.0,4.0,238.0,698.0,14.0,121.0,0.0,0.0,0.0,0.0,0.0,0.0,0.0,,,,,,,,,,,,,,,,,,,,,,,,,,,,,,,,,,,,,,,,,,,,,,,,,,,,,,,,,,,,,,,,,,,,,,,,,,,,,,,,,,,,,,,,,,
3522703,,,,,,,,,,,,,,,,,,,,,,,,,,,,,,,,,,,,,,,,,,,,,,,,,,,,,,,,,0.0,0.0,0.0,0.0,0.0,0.0,0.0,1216.0,50.0,85.0,2884.0,5005.0,91.0,679.0,0.0,0.0,0.0,0.0,0.0,0.0,0.0,,,,,,,,,,,,,,,,,,,,,,,,,,,,,,,,,,,,,,,,,,,,,,,,,,,,,,,,,,,,,,,,,,,,,,,,,,,,,,,,,,,,,,,,,,
3522802,,,,,,,,,,,,,,,,,,,,,,,,,,,,,,,,,,,,,,,,,,,,,,,,,,,,,,,,,0.0,0.0,0.0,0.0,0.0,0.0,0.0,1981.0,18.0,20.0,1211.0,3537.0,37.0,270.0,0.0,0.0,0.0,0.0,0.0,0.0,0.0,,,,,,,,,,,,,,,,,,,,,,,,,,,,,,,,,,,,,,,,,,,,,,,,,,,,,,,,,,,,,,,,,,,,,,,,,,,,,,,,,,,,,,,,,,
3522901,,,,,,,,,,,,,,,,,,,,,,,,,,,,,,,,,,,,,,,,,,,,,,,,,,,,,,,,,0.0,0.0,0.0,0.0,0.0,0.0,0.0,128.0,12.0,21.0,643.0,1147.0,37.0,306.0,0.0,0.0,0.0,0.0,0.0,0.0,0.0,,,,,,,,,,,,,,,,,,,,,,,,,,,,,,,,,,,,,,,,,,,,,,,,,,,,,,,,,,,,,,,,,,,,,,,,,,,,,,,,,,,,,,,,,,
3523008,,,,,,,,,,,,,,,,,,,,,,,,,,,,,,,,,,,,,,,,,,,,,,,,,,,,,,,,,0.0,0.0,0.0,0.0,0.0,0.0,0.0,260.0,5.0,2.0,222.0,598.0,16.0,93.0,0.0,0.0,0.0,0.0,0.0,0.0,0.0,,,,,,,,,,,,,,,,,,,,,,,,,,,,,,,,,,,,,,,,,,,,,,,,,,,,,,,,,,,,,,,,,,,,,,,,,,,,,,,,,,,,,,,,,,
3523107,69.0,0.01,0.0,0.01,99.94,0.04,100.0,99.94,86.12,13.83,0.0,0.0,0.0,99.99,0.0,0.0,0.0,99.93,0.06,100.0,88.92,75.44,13.48,11.01,9.6,1.41,100.0,12.0,0.0,12.0,91266.0,39.0,91317.0,91266.0,78639.0,12627.0,0.0,0.0,0.0,91305.0,1.0,0.0,1.0,32824.0,21.0,32846.0,29208.0,24779.0,4429.0,3616.0,3152.0,464.0,32845.0,12872.23,91317.0,7.094,0.0,14.0,1.0,2671.0,4671.0,220.0,1765.0,14.0,241.0,138.0,17063.0,23782.0,910.0,5416.0,0.0,5.81,0.72,15.65,19.64,24.18,32.59,0.32,100.0,0.14,98.89,0.64,0.0,0.02,93.0,29208.0,41.0,28883.0,186.0,0.0,5.0,95.67,0.05,100.0,0.83,0.29,0.05,0.01,0.15,2.93,99.45,0.42,0.13,27944.0,15.0,29208.0,243.0,86.0,16.0,3.0,45.0,856.0,29046.0,124.0,38.0,48.64,99.84,78.99,18.1,2.14,0.6,0.01,100.0,0.12,0.03,47.62,1.02,9.95,13.03,25.8,1.29,1.28,0.01,14206.0,29161.0,23072.0,5288.0,625.0,176.0,3.0,29208.0,36.0,8.0,13909.0,297.0,2906.0,3806.0,7536.0,376.0,375.0,3.0,0.24,100.0,99.21,86.38,12.82,0.14,0.0,0.41,70.0,29208.0,28976.0,25231.0,3745.0,42.0,0.0,120.0
3523206,,,,,,,,,,,,,,,,,,,,,,,,,,,,,,,,,,,,,,,,,,,,,,,,,,,,,,,,,0.0,0.0,0.0,0.0,0.0,0.0,0.0,522.0,57.0,76.0,2765.0,4126.0,123.0,583.0,0.0,0.0,0.0,0.0,0.0,0.0,0.0,,,,,,,,,,,,,,,,,,,,,,,,,,,,,,,,,,,,,,,,,,,,,,,,,,,,,,,,,,,,,,,,,,,,,,,,,,,,,,,,,,,,,,,,,,
3523305,,,,,,,,,,,,,,,,,,,,,,,,,,,,,,,,,,,,,,,,,,,,,,,,,,,,,,,,,0.0,0.0,0.0,0.0,0.0,0.0,0.0,181.0,21.0,21.0,815.0,1646.0,60.0,548.0,0.0,0.0,0.0,0.0,0.0,0.0,0.0,,,,,,,,,,,,,,,,,,,,,,,,,,,,,,,,,,,,,,,,,,,,,,,,,,,,,,,,,,,,,,,,,,,,,,,,,,,,,,,,,,,,,,,,,,
3523404,,,,,,,,,,,,,,,,,,,,,,,,,,,,,,,,,,,,,,,,,,,,,,,,,,,,,,,,,0.0,0.0,0.0,0.0,0.0,0.0,0.0,282.0,112.0,204.0,5838.0,8677.0,217.0,2024.0,0.0,0.0,0.0,0.0,0.0,0.0,0.0,,,,,,,,,,,,,,,,,,,,,,,,,,,,,,,,,,,,,,,,,,,,,,,,,,,,,,,,,,,,,,,,,,,,,,,,,,,,,,,,,,,,,,,,,,
3523503,,,,,,,,,,,,,,,,,,,,,,,,,,,,,,,,,,,,,,,,,,,,,,,,,,,,,,,,,0.0,0.0,0.0,0.0,0.0,0.0,0.0,332.0,22.0,17.0,937.0,1626.0,57.0,261.0,0.0,0.0,0.0,0.0,0.0,0.0,0.0,,,,,,,,,,,,,,,,,,,,,,,,,,,,,,,,,,,,,,,,,,,,,,,,,,,,,,,,,,,,,,,,,,,,,,,,,,,,,,,,,,,,,,,,,,
3523602,2.0,0.0,0.0,0.0,100.0,0.0,100.0,100.0,97.62,2.38,0.0,0.0,0.0,100.0,0.0,0.0,0.0,100.0,0.0,100.0,84.39,82.17,2.23,15.61,11.15,4.46,100.0,0.0,0.0,0.0,757.0,0.0,757.0,757.0,739.0,18.0,0.0,0.0,0.0,757.0,0.0,0.0,0.0,314.0,0.0,314.0,265.0,258.0,7.0,49.0,35.0,14.0,314.0,3726.07,757.0,0.203,0.0,0.0,0.0,11.0,74.0,0.0,63.0,239.0,15.0,23.0,794.0,1470.0,38.0,361.0,0.0,0.0,0.0,1.39,5.03,0.0,17.45,1.51,100.0,0.0,98.49,0.0,0.0,0.0,4.0,265.0,0.0,261.0,0.0,0.0,0.0,97.36,0.0,100.0,2.64,0.0,0.0,0.0,0.0,0.0,100.0,0.0,0.0,258.0,0.0,265.0,7.0,0.0,0.0,0.0,0.0,0.0,265.0,0.0,0.0,36.98,100.0,85.28,12.08,1.89,0.75,0.0,100.0,0.0,0.0,36.23,0.75,28.3,34.34,0.0,0.0,0.38,0.0,98.0,265.0,226.0,32.0,5.0,2.0,0.0,265.0,0.0,0.0,96.0,2.0,75.0,91.0,0.0,0.0,1.0,0.0,0.0,100.0,100.0,98.87,1.13,0.0,0.0,0.0,0.0,265.0,265.0,262.0,3.0,0.0,0.0,0.0
3523701,,,,,,,,,,,,,,,,,,,,,,,,,,,,,,,,,,,,,,,,,,,,,,,,,,,,,,,,,0.0,0.0,0.0,0.0,0.0,0.0,0.0,226.0,5.0,5.0,319.0,621.0,17.0,49.0,0.0,0.0,0.0,0.0,0.0,0.0,0.0,,,,,,,,,,,,,,,,,,,,,,,,,,,,,,,,,,,,,,,,,,,,,,,,,,,,,,,,,,,,,,,,,,,,,,,,,,,,,,,,,,,,,,,,,,
3523800,,,,,,,,,,,,,,,,,,,,,,,,,,,,,,,,,,,,,,,,,,,,,,,,,,,,,,,,,0.0,0.0,0.0,0.0,0.0,0.0,0.0,187.0,12.0,4.0,447.0,841.0,57.0,134.0,0.0,0.0,0.0,0.0,0.0,0.0,0.0,,,,,,,,,,,,,,,,,,,,,,,,,,,,,,,,,,,,,,,,,,,,,,,,,,,,,,,,,,,,,,,,,,,,,,,,,,,,,,,,,,,,,,,,,,
3523909,6.0,0.0,0.0,0.0,99.41,0.59,100.0,99.41,94.51,4.9,0.0,0.0,0.0,100.0,0.0,0.0,0.0,99.52,0.48,100.0,84.21,80.32,3.89,15.32,13.1,2.22,100.0,0.0,0.0,0.0,3226.0,19.0,3245.0,3226.0,3067.0,159.0,0.0,0.0,0.0,3245.0,0.0,0.0,0.0,1254.0,6.0,1260.0,1061.0,1012.0,49.0,193.0,165.0,28.0,1260.0,9256.54,3245.0,0.351,1.0,0.0,0.0,77.0,203.0,11.0,114.0,196.0,142.0,245.0,8913.0,12630.0,296.0,2838.0,0.51,0.0,0.0,0.86,1.61,3.72,4.02,0.0,100.0,0.47,92.55,6.97,0.0,0.0,0.0,1061.0,5.0,982.0,74.0,0.0,0.0,23.47,34.12,100.0,11.31,20.26,0.19,0.85,8.58,1.23,71.91,5.09,23.0,249.0,362.0,1061.0,120.0,215.0,2.0,9.0,91.0,13.0,763.0,54.0,244.0,7.82,99.15,92.93,5.66,0.57,0.0,0.0,100.0,0.75,0.09,7.54,0.28,34.59,42.13,1.13,7.26,7.07,0.0,83.0,1052.0,986.0,60.0,6.0,0.0,0.0,1061.0,8.0,1.0,80.0,3.0,367.0,447.0,12.0,77.0,75.0,0.0,0.09,100.0,99.53,7.45,92.08,0.38,0.0,0.0,1.0,1061.0,1056.0,79.0,977.0,4.0,0.0,0.0
3524006,,,,,,,,,,,,,,,,,,,,,,,,,,,,,,,,,,,,,,,,,,,,,,,,,,,,,,,,,0.0,0.0,0.0,0.0,0.0,0.0,0.0,104.0,55.0,52.0,3136.0,5939.0,135.0,2457.0,0.0,0.0,0.0,0.0,0.0,0.0,0.0,,,,,,,,,,,,,,,,,,,,,,,,,,,,,,,,,,,,,,,,,,,,,,,,,,,,,,,,,,,,,,,,,,,,,,,,,,,,,,,,,,,,,,,,,,
3524105,,,,,,,,,,,,,,,,,,,,,,,,,,,,,,,,,,,,,,,,,,,,,,,,,,,,,,,,,0.0,0.0,0.0,0.0,0.0,0.0,0.0,321.0,36.0,99.0,2539.0,3608.0,43.0,570.0,0.0,0.0,0.0,0.0,0.0,0.0,0.0,,,,,,,,,,,,,,,,,,,,,,,,,,,,,,,,,,,,,,,,,,,,,,,,,,,,,,,,,,,,,,,,,,,,,,,,,,,,,,,,,,,,,,,,,,
3524204,,,,,,,,,,,,,,,,,,,,,,,,,,,,,,,,,,,,,,,,,,,,,,,,,,,,,,,,,0.0,0.0,0.0,0.0,0.0,0.0,0.0,108.0,3.0,8.0,498.0,689.0,16.0,56.0,0.0,0.0,0.0,0.0,0.0,0.0,0.0,,,,,,,,,,,,,,,,,,,,,,,,,,,,,,,,,,,,,,,,,,,,,,,,,,,,,,,,,,,,,,,,,,,,,,,,,,,,,,,,,,,,,,,,,,
3524303,,,,,,,,,,,,,,,,,,,,,,,,,,,,,,,,,,,,,,,,,,,,,,,,,,,,,,,,,0.0,0.0,0.0,0.0,0.0,0.0,0.0,413.0,92.0,206.0,4501.0,6545.0,279.0,1054.0,0.0,0.0,0.0,0.0,0.0,0.0,0.0,,,,,,,,,,,,,,,,,,,,,,,,,,,,,,,,,,,,,,,,,,,,,,,,,,,,,,,,,,,,,,,,,,,,,,,,,,,,,,,,,,,,,,,,,,
3524402,10.0,0.0,0.0,0.0,100.0,0.0,100.0,100.0,95.11,4.89,0.0,0.0,0.0,100.0,0.0,0.0,0.0,100.0,0.0,100.0,87.8,83.35,4.45,12.2,10.78,1.42,100.0,0.0,0.0,0.0,6365.0,0.0,6365.0,6365.0,6054.0,311.0,0.0,0.0,0.0,6365.0,0.0,0.0,0.0,2402.0,0.0,2402.0,2109.0,2002.0,107.0,293.0,259.0,34.0,2402.0,7025.42,6365.0,0.906,1.0,1.0,0.0,110.0,206.0,15.0,79.0,397.0,202.0,294.0,9383.0,13711.0,457.0,2978.0,0.25,0.5,0.0,1.17,1.5,3.28,2.65,5.31,100.0,0.05,94.59,0.05,0.0,0.0,112.0,2109.0,1.0,1995.0,1.0,0.0,0.0,97.49,0.0,100.0,0.19,1.61,0.05,0.0,0.0,0.66,95.78,4.03,0.19,2056.0,0.0,2109.0,4.0,34.0,1.0,0.0,0.0,14.0,2020.0,85.0,4.0,51.73,99.72,86.87,11.19,1.42,0.24,0.09,100.0,0.14,0.05,50.83,0.9,30.39,1.47,11.14,0.05,5.12,0.09,1091.0,2103.0,1832.0,236.0,30.0,5.0,2.0,2109.0,3.0,1.0,1072.0,19.0,641.0,31.0,235.0,1.0,108.0,2.0,0.0,100.0,100.0,73.64,26.36,0.0,0.0,0.0,0.0,2109.0,2109.0,1553.0,556.0,0.0,0.0,0.0
3524501,,,,,,,,,,,,,,,,,,,,,,,,,,,,,,,,,,,,,,,,,,,,,,,,,,,,,,,,,0.0,0.0,0.0,0.0,0.0,0.0,0.0,138.0,6.0,10.0,494.0,793.0,12.0,133.0,0.0,0.0,0.0,0.0,0.0,0.0,0.0,,,,,,,,,,,,,,,,,,,,,,,,,,,,,,,,,,,,,,,,,,,,,,,,,,,,,,,,,,,,,,,,,,,,,,,,,,,,,,,,,,,,,,,,,,
3524600,,,,,,,,,,,,,,,,,,,,,,,,,,,,,,,,,,,,,,,,,,,,,,,,,,,,,,,,,0.0,0.0,0.0,0.0,0.0,0.0,0.0,446.0,26.0,15.0,1020.0,1987.0,76.0,404.0,0.0,0.0,0.0,0.0,0.0,0.0,0.0,,,,,,,,,,,,,,,,,,,,,,,,,,,,,,,,,,,,,,,,,,,,,,,,,,,,,,,,,,,,,,,,,,,,,,,,,,,,,,,,,,,,,,,,,,
3524709,,,,,,,,,,,,,,,,,,,,,,,,,,,,,,,,,,,,,,,,,,,,,,,,,,,,,,,,,0.0,0.0,0.0,0.0,0.0,0.0,0.0,86.0,62.0,75.0,2494.0,3830.0,76.0,1037.0,0.0,0.0,0.0,0.0,0.0,0.0,0.0,,,,,,,,,,,,,,,,,,,,,,,,,,,,,,,,,,,,,,,,,,,,,,,,,,,,,,,,,,,,,,,,,,,,,,,,,,,,,,,,,,,,,,,,,,
3524808,,,,,,,,,,,,,,,,,,,,,,,,,,,,,,,,,,,,,,,,,,,,,,,,,,,,,,,,,0.0,0.0,0.0,0.0,0.0,0.0,0.0,1200.0,51.0,140.0,3551.0,5742.0,66.0,734.0,0.0,0.0,0.0,0.0,0.0,0.0,0.0,,,,,,,,,,,,,,,,,,,,,,,,,,,,,,,,,,,,,,,,,,,,,,,,,,,,,,,,,,,,,,,,,,,,,,,,,,,,,,,,,,,,,,,,,,
3524907,,,,,,,,,,,,,,,,,,,,,,,,,,,,,,,,,,,,,,,,,,,,,,,,,,,,,,,,,0.0,0.0,0.0,0.0,0.0,0.0,0.0,116.0,8.0,9.0,241.0,621.0,21.0,226.0,0.0,0.0,0.0,0.0,0.0,0.0,0.0,,,,,,,,,,,,,,,,,,,,,,,,,,,,,,,,,,,,,,,,,,,,,,,,,,,,,,,,,,,,,,,,,,,,,,,,,,,,,,,,,,,,,,,,,,
3525003,8.0,0.0,0.0,0.0,99.78,0.22,100.0,99.78,94.13,5.65,0.0,0.0,0.0,100.0,0.0,0.0,0.0,99.79,0.21,100.0,89.48,84.4,5.08,10.31,9.99,0.32,100.0,0.0,0.0,0.0,4963.0,11.0,4974.0,4963.0,4682.0,281.0,0.0,0.0,0.0,4974.0,0.0,0.0,0.0,1887.0,4.0,1891.0,1692.0,1596.0,96.0,195.0,189.0,6.0,1891.0,24183.9,4974.0,0.206,0.0,0.0,0.0,84.0,159.0,10.0,65.0,1.0,84.0,36.0,5786.0,8096.0,209.0,1980.0,0.0,0.0,0.0,1.45,1.96,4.78,3.28,0.06,100.0,0.0,99.94,0.0,0.0,0.0,1.0,1692.0,0.0,1691.0,0.0,0.0,0.0,88.06,0.0,100.0,0.71,0.06,0.06,0.0,2.07,9.04,99.41,0.24,0.35,1490.0,0.0,1692.0,12.0,1.0,1.0,0.0,35.0,153.0,1682.0,4.0,6.0,58.92,100.0,83.98,14.66,1.06,0.3,0.0,100.0,0.0,0.0,58.87,0.06,0.12,0.35,37.47,2.6,0.53,0.0,997.0,1692.0,1421.0,248.0,18.0,5.0,0.0,1692.0,0.0,0.0,996.0,1.0,2.0,6.0,634.0,44.0,9.0,0.0,0.0,100.0,99.88,68.38,31.5,0.0,0.0,0.12,0.0,1692.0,1690.0,1157.0,533.0,0.0,0.0,2.0
3525102,,,,,,,,,,,,,,,,,,,,,,,,,,,,,,,,,,,,,,,,,,,,,,,,,,,,,,,,,0.0,0.0,0.0,0.0,0.0,0.0,0.0,215.0,54.0,56.0,2683.0,4121.0,87.0,1026.0,0.0,0.0,0.0,0.0,0.0,0.0,0.0,,,,,,,,,,,,,,,,,,,,,,,,,,,,,,,,,,,,,,,,,,,,,,,,,,,,,,,,,,,,,,,,,,,,,,,,,,,,,,,,,,,,,,,,,,
3525201,,,,,,,,,,,,,,,,,,,,,,,,,,,,,,,,,,,,,,,,,,,,,,,,,,,,,,,,,0.0,0.0,0.0,0.0,0.0,0.0,0.0,78.0,27.0,21.0,1729.0,3796.0,116.0,1825.0,0.0,0.0,0.0,0.0,0.0,0.0,0.0,,,,,,,,,,,,,,,,,,,,,,,,,,,,,,,,,,,,,,,,,,,,,,,,,,,,,,,,,,,,,,,,,,,,,,,,,,,,,,,,,,,,,,,,,,
3525300,,,,,,,,,,,,,,,,,,,,,,,,,,,,,,,,,,,,,,,,,,,,,,,,,,,,,,,,,0.0,0.0,0.0,0.0,0.0,0.0,0.0,371.0,139.0,408.0,9159.0,12410.0,258.0,2075.0,0.0,0.0,0.0,0.0,0.0,0.0,0.0,,,,,,,,,,,,,,,,,,,,,,,,,,,,,,,,,,,,,,,,,,,,,,,,,,,,,,,,,,,,,,,,,,,,,,,,,,,,,,,,,,,,,,,,,,
3525409,,,,,,,,,,,,,,,,,,,,,,,,,,,,,,,,,,,,,,,,,,,,,,,,,,,,,,,,,0.0,0.0,0.0,0.0,0.0,0.0,0.0,95.0,4.0,5.0,215.0,387.0,18.0,50.0,0.0,0.0,0.0,0.0,0.0,0.0,0.0,,,,,,,,,,,,,,,,,,,,,,,,,,,,,,,,,,,,,,,,,,,,,,,,,,,,,,,,,,,,,,,,,,,,,,,,,,,,,,,,,,,,,,,,,,
3525508,,,,,,,,,,,,,,,,,,,,,,,,,,,,,,,,,,,,,,,,,,,,,,,,,,,,,,,,,0.0,0.0,0.0,0.0,0.0,0.0,0.0,116.0,15.0,7.0,829.0,1471.0,57.0,447.0,0.0,0.0,0.0,0.0,0.0,0.0,0.0,,,,,,,,,,,,,,,,,,,,,,,,,,,,,,,,,,,,,,,,,,,,,,,,,,,,,,,,,,,,,,,,,,,,,,,,,,,,,,,,,,,,,,,,,,
3525607,,,,,,,,,,,,,,,,,,,,,,,,,,,,,,,,,,,,,,,,,,,,,,,,,,,,,,,,,0.0,0.0,0.0,0.0,0.0,0.0,0.0,309.0,4.0,4.0,232.0,607.0,17.0,41.0,0.0,0.0,0.0,0.0,0.0,0.0,0.0,,,,,,,,,,,,,,,,,,,,,,,,,,,,,,,,,,,,,,,,,,,,,,,,,,,,,,,,,,,,,,,,,,,,,,,,,,,,,,,,,,,,,,,,,,
3525706,,,,,,,,,,,,,,,,,,,,,,,,,,,,,,,,,,,,,,,,,,,,,,,,,,,,,,,,,0.0,0.0,0.0,0.0,0.0,0.0,0.0,906.0,40.0,53.0,2330.0,3984.0,69.0,586.0,0.0,0.0,0.0,0.0,0.0,0.0,0.0,,,,,,,,,,,,,,,,,,,,,,,,,,,,,,,,,,,,,,,,,,,,,,,,,,,,,,,,,,,,,,,,,,,,,,,,,,,,,,,,,,,,,,,,,,
3525805,,,,,,,,,,,,,,,,,,,,,,,,,,,,,,,,,,,,,,,,,,,,,,,,,,,,,,,,,0.0,0.0,0.0,0.0,0.0,0.0,0.0,63.0,6.0,7.0,281.0,439.0,18.0,64.0,0.0,0.0,0.0,0.0,0.0,0.0,0.0,,,,,,,,,,,,,,,,,,,,,,,,,,,,,,,,,,,,,,,,,,,,,,,,,,,,,,,,,,,,,,,,,,,,,,,,,,,,,,,,,,,,,,,,,,
3525854,,,,,,,,,,,,,,,,,,,,,,,,,,,,,,,,,,,,,,,,,,,,,,,,,,,,,,,,,0.0,0.0,0.0,0.0,0.0,0.0,0.0,122.0,5.0,4.0,144.0,319.0,6.0,38.0,0.0,0.0,0.0,0.0,0.0,0.0,0.0,,,,,,,,,,,,,,,,,,,,,,,,,,,,,,,,,,,,,,,,,,,,,,,,,,,,,,,,,,,,,,,,,,,,,,,,,,,,,,,,,,,,,,,,,,
3525904,9.0,0.0,0.0,0.0,99.93,0.07,100.0,99.93,93.41,6.52,0.0,0.0,0.0,100.0,0.0,0.0,0.0,99.92,0.08,100.0,96.3,89.43,6.87,3.62,3.22,0.4,100.0,0.0,0.0,0.0,17986.0,13.0,17999.0,17986.0,16812.0,1174.0,0.0,0.0,0.0,17999.0,0.0,0.0,0.0,6020.0,5.0,6025.0,5802.0,5388.0,414.0,218.0,194.0,24.0,6025.0,20769.51,17999.0,0.867,0.0,1.0,0.0,469.0,570.0,29.0,71.0,331.0,403.0,669.0,18740.0,24354.0,489.0,3722.0,0.0,0.25,0.0,2.5,2.34,5.93,1.91,0.09,100.0,0.05,99.47,0.38,0.0,0.02,5.0,5802.0,3.0,5771.0,22.0,0.0,1.0,97.45,0.0,100.0,1.62,0.16,0.38,0.02,0.02,0.36,99.74,0.17,0.09,5654.0,0.0,5802.0,94.0,9.0,22.0,1.0,1.0,21.0,5787.0,10.0,5.0,93.93,99.71,83.7,13.48,1.81,0.72,0.03,100.0,0.26,0.0,93.78,0.16,3.17,0.88,1.91,0.03,0.03,0.03,5450.0,5785.0,4856.0,782.0,105.0,42.0,2.0,5802.0,15.0,0.0,5441.0,9.0,184.0,51.0,111.0,2.0,2.0,2.0,0.0,100.0,99.93,53.5,46.43,0.07,0.0,0.0,0.0,5802.0,5798.0,3104.0,2694.0,4.0,0.0,0.0
3526001,,,,,,,,,,,,,,,,,,,,,,,,,,,,,,,,,,,,,,,,,,,,,,,,,,,,,,,,,0.0,0.0,0.0,0.0,0.0,0.0,0.0,446.0,18.0,20.0,1041.0,2037.0,50.0,462.0,0.0,0.0,0.0,0.0,0.0,0.0,0.0,,,,,,,,,,,,,,,,,,,,,,,,,,,,,,,,,,,,,,,,,,,,,,,,,,,,,,,,,,,,,,,,,,,,,,,,,,,,,,,,,,,,,,,,,,
3526100,,,,,,,,,,,,,,,,,,,,,,,,,,,,,,,,,,,,,,,,,,,,,,,,,,,,,,,,,0.0,0.0,0.0,0.0,0.0,0.0,0.0,458.0,29.0,27.0,1020.0,2021.0,110.0,377.0,0.0,0.0,0.0,0.0,0.0,0.0,0.0,,,,,,,,,,,,,,,,,,,,,,,,,,,,,,,,,,,,,,,,,,,,,,,,,,,,,,,,,,,,,,,,,,,,,,,,,,,,,,,,,,,,,,,,,,
3526209,,,,,,,,,,,,,,,,,,,,,,,,,,,,,,,,,,,,,,,,,,,,,,,,,,,,,,,,,0.0,0.0,0.0,0.0,0.0,0.0,0.0,76.0,37.0,48.0,1442.0,2642.0,130.0,909.0,0.0,0.0,0.0,0.0,0.0,0.0,0.0,,,,,,,,,,,,,,,,,,,,,,,,,,,,,,,,,,,,,,,,,,,,,,,,,,,,,,,,,,,,,,,,,,,,,,,,,,,,,,,,,,,,,,,,,,
3526308,,,,,,,,,,,,,,,,,,,,,,,,,,,,,,,,,,,,,,,,,,,,,,,,,,,,,,,,,0.0,0.0,0.0,0.0,0.0,0.0,0.0,435.0,3.0,12.0,276.0,951.0,24.0,201.0,0.0,0.0,0.0,0.0,0.0,0.0,0.0,,,,,,,,,,,,,,,,,,,,,,,,,,,,,,,,,,,,,,,,,,,,,,,,,,,,,,,,,,,,,,,,,,,,,,,,,,,,,,,,,,,,,,,,,,
3526407,,,,,,,,,,,,,,,,,,,,,,,,,,,,,,,,,,,,,,,,,,,,,,,,,,,,,,,,,0.0,0.0,0.0,0.0,0.0,0.0,0.0,488.0,41.0,41.0,1626.0,2722.0,75.0,451.0,0.0,0.0,0.0,0.0,0.0,0.0,0.0,,,,,,,,,,,,,,,,,,,,,,,,,,,,,,,,,,,,,,,,,,,,,,,,,,,,,,,,,,,,,,,,,,,,,,,,,,,,,,,,,,,,,,,,,,
3526506,,,,,,,,,,,,,,,,,,,,,,,,,,,,,,,,,,,,,,,,,,,,,,,,,,,,,,,,,0.0,0.0,0.0,0.0,0.0,0.0,0.0,292.0,5.0,7.0,820.0,1190.0,22.0,44.0,0.0,0.0,0.0,0.0,0.0,0.0,0.0,,,,,,,,,,,,,,,,,,,,,,,,,,,,,,,,,,,,,,,,,,,,,,,,,,,,,,,,,,,,,,,,,,,,,,,,,,,,,,,,,,,,,,,,,,
3526605,,,,,,,,,,,,,,,,,,,,,,,,,,,,,,,,,,,,,,,,,,,,,,,,,,,,,,,,,0.0,0.0,0.0,0.0,0.0,0.0,0.0,52.0,8.0,9.0,212.0,417.0,19.0,117.0,0.0,0.0,0.0,0.0,0.0,0.0,0.0,,,,,,,,,,,,,,,,,,,,,,,,,,,,,,,,,,,,,,,,,,,,,,,,,,,,,,,,,,,,,,,,,,,,,,,,,,,,,,,,,,,,,,,,,,
3526704,,,,,,,,,,,,,,,,,,,,,,,,,,,,,,,,,,,,,,,,,,,,,,,,,,,,,,,,,0.0,0.0,0.0,0.0,0.0,0.0,0.0,277.0,89.0,136.0,6431.0,9196.0,198.0,2065.0,0.0,0.0,0.0,0.0,0.0,0.0,0.0,,,,,,,,,,,,,,,,,,,,,,,,,,,,,,,,,,,,,,,,,,,,,,,,,,,,,,,,,,,,,,,,,,,,,,,,,,,,,,,,,,,,,,,,,,
3526803,,,,,,,,,,,,,,,,,,,,,,,,,,,,,,,,,,,,,,,,,,,,,,,,,,,,,,,,,0.0,0.0,0.0,0.0,0.0,0.0,0.0,387.0,76.0,125.0,3875.0,5609.0,141.0,1005.0,0.0,0.0,0.0,0.0,0.0,0.0,0.0,,,,,,,,,,,,,,,,,,,,,,,,,,,,,,,,,,,,,,,,,,,,,,,,,,,,,,,,,,,,,,,,,,,,,,,,,,,,,,,,,,,,,,,,,,
3526902,,,,,,,,,,,,,,,,,,,,,,,,,,,,,,,,,,,,,,,,,,,,,,,,,,,,,,,,,0.0,0.0,0.0,0.0,0.0,0.0,0.0,949.0,291.0,644.0,18220.0,26187.0,518.0,5565.0,0.0,0.0,0.0,0.0,0.0,0.0,0.0,,,,,,,,,,,,,,,,,,,,,,,,,,,,,,,,,,,,,,,,,,,,,,,,,,,,,,,,,,,,,,,,,,,,,,,,,,,,,,,,,,,,,,,,,,
3527009,,,,,,,,,,,,,,,,,,,,,,,,,,,,,,,,,,,,,,,,,,,,,,,,,,,,,,,,,0.0,0.0,0.0,0.0,0.0,0.0,0.0,68.0,5.0,15.0,533.0,764.0,11.0,132.0,0.0,0.0,0.0,0.0,0.0,0.0,0.0,,,,,,,,,,,,,,,,,,,,,,,,,,,,,,,,,,,,,,,,,,,,,,,,,,,,,,,,,,,,,,,,,,,,,,,,,,,,,,,,,,,,,,,,,,
3527108,,,,,,,,,,,,,,,,,,,,,,,,,,,,,,,,,,,,,,,,,,,,,,,,,,,,,,,,,0.0,0.0,0.0,0.0,0.0,0.0,0.0,142.0,79.0,165.0,4364.0,6696.0,176.0,1770.0,0.0,0.0,0.0,0.0,0.0,0.0,0.0,,,,,,,,,,,,,,,,,,,,,,,,,,,,,,,,,,,,,,,,,,,,,,,,,,,,,,,,,,,,,,,,,,,,,,,,,,,,,,,,,,,,,,,,,,
3527207,1.0,0.0,0.0,0.0,100.0,0.0,100.0,100.0,100.0,0.0,0.0,0.0,0.0,100.0,0.0,0.0,0.0,100.0,0.0,100.0,91.07,91.07,0.0,8.93,7.14,1.79,100.0,0.0,0.0,0.0,1025.0,0.0,1025.0,1025.0,1025.0,0.0,0.0,0.0,0.0,1025.0,0.0,0.0,0.0,336.0,0.0,336.0,306.0,306.0,0.0,30.0,24.0,6.0,336.0,8542.24,1025.0,0.12,0.0,0.0,0.0,8.0,23.0,3.0,12.0,287.0,101.0,142.0,4440.0,6230.0,191.0,1069.0,0.0,0.0,0.0,0.18,0.37,1.57,1.12,0.33,100.0,0.33,99.35,0.0,0.0,0.0,1.0,306.0,1.0,304.0,0.0,0.0,0.0,35.62,0.0,100.0,49.35,14.38,0.0,0.0,0.0,0.65,35.95,0.0,64.05,109.0,0.0,306.0,151.0,44.0,0.0,0.0,0.0,2.0,110.0,0.0,196.0,36.27,98.37,87.58,9.48,1.31,0.0,0.33,100.0,1.31,0.0,36.27,0.0,13.07,49.35,0.0,0.0,0.98,0.33,111.0,301.0,268.0,29.0,4.0,0.0,1.0,306.0,4.0,0.0,111.0,0.0,40.0,151.0,0.0,0.0,3.0,1.0,0.0,100.0,100.0,39.87,60.13,0.0,0.0,0.0,0.0,306.0,306.0,122.0,184.0,0.0,0.0,0.0
3527256,,,,,,,,,,,,,,,,,,,,,,,,,,,,,,,,,,,,,,,,,,,,,,,,,,,,,,,,,0.0,0.0,0.0,0.0,0.0,0.0,0.0,82.0,5.0,2.0,106.0,222.0,10.0,17.0,0.0,0.0,0.0,0.0,0.0,0.0,0.0,,,,,,,,,,,,,,,,,,,,,,,,,,,,,,,,,,,,,,,,,,,,,,,,,,,,,,,,,,,,,,,,,,,,,,,,,,,,,,,,,,,,,,,,,,
3527306,1.0,0.0,0.0,0.0,100.0,0.0,100.0,100.0,90.24,9.76,0.0,0.0,0.0,100.0,0.0,0.0,0.0,100.0,0.0,100.0,100.0,88.61,11.39,0.0,0.0,0.0,100.0,0.0,0.0,0.0,246.0,0.0,246.0,246.0,222.0,24.0,0.0,0.0,0.0,246.0,0.0,0.0,0.0,79.0,0.0,79.0,79.0,70.0,9.0,0.0,0.0,0.0,79.0,23399.6,246.0,0.011,0.0,0.0,0.0,10.0,10.0,0.0,0.0,81.0,39.0,34.0,1884.0,2726.0,66.0,622.0,0.0,0.0,0.0,0.53,0.37,0.0,0.0,0.0,100.0,0.0,98.73,1.27,0.0,0.0,0.0,79.0,0.0,78.0,1.0,0.0,0.0,89.87,0.0,100.0,0.0,0.0,0.0,0.0,0.0,10.13,98.73,1.27,0.0,71.0,0.0,79.0,0.0,0.0,0.0,0.0,0.0,8.0,78.0,1.0,0.0,24.05,98.73,96.2,1.27,1.27,0.0,0.0,100.0,1.27,0.0,24.05,0.0,3.8,45.57,26.58,0.0,0.0,0.0,19.0,78.0,76.0,1.0,1.0,0.0,0.0,79.0,1.0,0.0,19.0,0.0,3.0,36.0,21.0,0.0,0.0,0.0,0.0,100.0,100.0,34.18,65.82,0.0,0.0,0.0,0.0,79.0,79.0,27.0,52.0,0.0,0.0,0.0
3527405,,,,,,,,,,,,,,,,,,,,,,,,,,,,,,,,,,,,,,,,,,,,,,,,,,,,,,,,,0.0,0.0,0.0,0.0,0.0,0.0,0.0,518.0,16.0,33.0,941.0,1697.0,37.0,152.0,0.0,0.0,0.0,0.0,0.0,0.0,0.0,,,,,,,,,,,,,,,,,,,,,,,,,,,,,,,,,,,,,,,,,,,,,,,,,,,,,,,,,,,,,,,,,,,,,,,,,,,,,,,,,,,,,,,,,,
3527504,,,,,,,,,,,,,,,,,,,,,,,,,,,,,,,,,,,,,,,,,,,,,,,,,,,,,,,,,0.0,0.0,0.0,0.0,0.0,0.0,0.0,179.0,5.0,7.0,138.0,378.0,26.0,23.0,0.0,0.0,0.0,0.0,0.0,0.0,0.0,,,,,,,,,,,,,,,,,,,,,,,,,,,,,,,,,,,,,,,,,,,,,,,,,,,,,,,,,,,,,,,,,,,,,,,,,,,,,,,,,,,,,,,,,,
3527603,,,,,,,,,,,,,,,,,,,,,,,,,,,,,,,,,,,,,,,,,,,,,,,,,,,,,,,,,0.0,0.0,0.0,0.0,0.0,0.0,0.0,65.0,15.0,23.0,779.0,1205.0,29.0,294.0,0.0,0.0,0.0,0.0,0.0,0.0,0.0,,,,,,,,,,,,,,,,,,,,,,,,,,,,,,,,,,,,,,,,,,,,,,,,,,,,,,,,,,,,,,,,,,,,,,,,,,,,,,,,,,,,,,,,,,
3527702,,,,,,,,,,,,,,,,,,,,,,,,,,,,,,,,,,,,,,,,,,,,,,,,,,,,,,,,,0.0,0.0,0.0,0.0,0.0,0.0,0.0,232.0,5.0,7.0,291.0,701.0,9.0,157.0,0.0,0.0,0.0,0.0,0.0,0.0,0.0,,,,,,,,,,,,,,,,,,,,,,,,,,,,,,,,,,,,,,,,,,,,,,,,,,,,,,,,,,,,,,,,,,,,,,,,,,,,,,,,,,,,,,,,,,
3527801,,,,,,,,,,,,,,,,,,,,,,,,,,,,,,,,,,,,,,,,,,,,,,,,,,,,,,,,,0.0,0.0,0.0,0.0,0.0,0.0,0.0,107.0,8.0,3.0,201.0,362.0,20.0,23.0,0.0,0.0,0.0,0.0,0.0,0.0,0.0,,,,,,,,,,,,,,,,,,,,,,,,,,,,,,,,,,,,,,,,,,,,,,,,,,,,,,,,,,,,,,,,,,,,,,,,,,,,,,,,,,,,,,,,,,
3527900,,,,,,,,,,,,,,,,,,,,,,,,,,,,,,,,,,,,,,,,,,,,,,,,,,,,,,,,,0.0,0.0,0.0,0.0,0.0,0.0,0.0,175.0,3.0,1.0,131.0,377.0,10.0,57.0,0.0,0.0,0.0,0.0,0.0,0.0,0.0,,,,,,,,,,,,,,,,,,,,,,,,,,,,,,,,,,,,,,,,,,,,,,,,,,,,,,,,,,,,,,,,,,,,,,,,,,,,,,,,,,,,,,,,,,
3528007,,,,,,,,,,,,,,,,,,,,,,,,,,,,,,,,,,,,,,,,,,,,,,,,,,,,,,,,,0.0,0.0,0.0,0.0,0.0,0.0,0.0,127.0,9.0,31.0,1025.0,1506.0,47.0,267.0,0.0,0.0,0.0,0.0,0.0,0.0,0.0,,,,,,,,,,,,,,,,,,,,,,,,,,,,,,,,,,,,,,,,,,,,,,,,,,,,,,,,,,,,,,,,,,,,,,,,,,,,,,,,,,,,,,,,,,
3528106,,,,,,,,,,,,,,,,,,,,,,,,,,,,,,,,,,,,,,,,,,,,,,,,,,,,,,,,,0.0,0.0,0.0,0.0,0.0,0.0,0.0,612.0,6.0,8.0,546.0,1315.0,18.0,125.0,0.0,0.0,0.0,0.0,0.0,0.0,0.0,,,,,,,,,,,,,,,,,,,,,,,,,,,,,,,,,,,,,,,,,,,,,,,,,,,,,,,,,,,,,,,,,,,,,,,,,,,,,,,,,,,,,,,,,,
3528205,,,,,,,,,,,,,,,,,,,,,,,,,,,,,,,,,,,,,,,,,,,,,,,,,,,,,,,,,0.0,0.0,0.0,0.0,0.0,0.0,0.0,319.0,7.0,4.0,239.0,666.0,20.0,77.0,0.0,0.0,0.0,0.0,0.0,0.0,0.0,,,,,,,,,,,,,,,,,,,,,,,,,,,,,,,,,,,,,,,,,,,,,,,,,,,,,,,,,,,,,,,,,,,,,,,,,,,,,,,,,,,,,,,,,,
3528304,,,,,,,,,,,,,,,,,,,,,,,,,,,,,,,,,,,,,,,,,,,,,,,,,,,,,,,,,0.0,0.0,0.0,0.0,0.0,0.0,0.0,237.0,3.0,6.0,186.0,477.0,5.0,40.0,0.0,0.0,0.0,0.0,0.0,0.0,0.0,,,,,,,,,,,,,,,,,,,,,,,,,,,,,,,,,,,,,,,,,,,,,,,,,,,,,,,,,,,,,,,,,,,,,,,,,,,,,,,,,,,,,,,,,,
3528403,2.0,0.0,0.0,0.0,100.0,0.0,100.0,100.0,95.63,4.37,0.0,0.0,0.0,100.0,0.0,0.0,0.0,100.0,0.0,100.0,85.24,80.95,4.29,14.76,13.33,1.43,100.0,0.0,0.0,0.0,572.0,0.0,572.0,572.0,547.0,25.0,0.0,0.0,0.0,572.0,0.0,0.0,0.0,210.0,0.0,210.0,179.0,170.0,9.0,31.0,28.0,3.0,210.0,2071.11,572.0,0.276,0.0,0.0,0.0,6.0,18.0,2.0,10.0,68.0,63.0,58.0,2477.0,5049.0,150.0,2233.0,0.0,0.0,0.0,0.24,0.36,1.33,0.45,0.0,100.0,0.0,99.44,0.56,0.0,0.0,0.0,179.0,0.0,178.0,1.0,0.0,0.0,50.84,0.0,100.0,11.73,22.35,12.29,0.0,2.79,0.0,98.32,1.12,0.56,91.0,0.0,179.0,21.0,40.0,22.0,0.0,5.0,0.0,176.0,2.0,1.0,15.08,99.44,84.36,12.85,1.68,0.56,0.0,100.0,0.56,0.0,15.08,0.0,2.23,79.33,2.79,0.0,0.56,0.0,27.0,178.0,151.0,23.0,3.0,1.0,0.0,179.0,1.0,0.0,27.0,0.0,4.0,142.0,5.0,0.0,1.0,0.0,0.0,100.0,91.62,39.11,52.51,8.38,0.0,0.0,0.0,179.0,164.0,70.0,94.0,15.0,0.0,0.0
3528502,11.0,0.0,0.0,0.0,99.94,0.06,100.0,99.94,96.86,3.08,0.0,0.0,0.0,100.0,0.0,0.0,0.0,99.92,0.08,100.0,89.67,86.85,2.81,10.26,8.13,2.13,100.0,0.0,0.0,0.0,3468.0,2.0,3470.0,3468.0,3361.0,107.0,0.0,0.0,0.0,3470.0,0.0,0.0,0.0,1315.0,1.0,1316.0,1180.0,1143.0,37.0,135.0,107.0,28.0,1316.0,5310.06,3470.0,0.653,0.0,0.0,0.0,99.0,163.0,17.0,47.0,50.0,89.0,90.0,4598.0,8275.0,363.0,3085.0,0.0,0.0,0.0,2.15,1.97,4.68,1.52,0.25,100.0,0.0,99.66,0.0,0.0,0.08,3.0,1180.0,0.0,1176.0,0.0,0.0,1.0,65.17,9.83,100.0,5.25,12.46,6.53,0.25,0.0,0.51,96.61,2.12,1.27,769.0,116.0,1180.0,62.0,147.0,77.0,3.0,0.0,6.0,1140.0,25.0,15.0,28.9,99.49,81.1,17.37,0.68,0.34,0.0,100.0,0.42,0.08,25.25,3.64,46.44,23.47,0.68,0.25,0.25,0.0,341.0,1174.0,957.0,205.0,8.0,4.0,0.0,1180.0,5.0,1.0,298.0,43.0,548.0,277.0,8.0,3.0,3.0,0.0,2.12,100.0,96.44,67.37,29.07,1.44,0.0,0.0,25.0,1180.0,1138.0,795.0,343.0,17.0,0.0,0.0
3528601,,,,,,,,,,,,,,,,,,,,,,,,,,,,,,,,,,,,,,,,,,,,,,,,,,,,,,,,,0.0,0.0,0.0,0.0,0.0,0.0,0.0,323.0,7.0,15.0,664.0,1253.0,30.0,214.0,0.0,0.0,0.0,0.0,0.0,0.0,0.0,,,,,,,,,,,,,,,,,,,,,,,,,,,,,,,,,,,,,,,,,,,,,,,,,,,,,,,,,,,,,,,,,,,,,,,,,,,,,,,,,,,,,,,,,,
3528700,,,,,,,,,,,,,,,,,,,,,,,,,,,,,,,,,,,,,,,,,,,,,,,,,,,,,,,,,0.0,0.0,0.0,0.0,0.0,0.0,0.0,419.0,7.0,10.0,281.0,773.0,9.0,47.0,0.0,0.0,0.0,0.0,0.0,0.0,0.0,,,,,,,,,,,,,,,,,,,,,,,,,,,,,,,,,,,,,,,,,,,,,,,,,,,,,,,,,,,,,,,,,,,,,,,,,,,,,,,,,,,,,,,,,,
3528809,,,,,,,,,,,,,,,,,,,,,,,,,,,,,,,,,,,,,,,,,,,,,,,,,,,,,,,,,0.0,0.0,0.0,0.0,0.0,0.0,0.0,367.0,18.0,17.0,750.0,1467.0,38.0,277.0,0.0,0.0,0.0,0.0,0.0,0.0,0.0,,,,,,,,,,,,,,,,,,,,,,,,,,,,,,,,,,,,,,,,,,,,,,,,,,,,,,,,,,,,,,,,,,,,,,,,,,,,,,,,,,,,,,,,,,
3528858,,,,,,,,,,,,,,,,,,,,,,,,,,,,,,,,,,,,,,,,,,,,,,,,,,,,,,,,,0.0,0.0,0.0,0.0,0.0,0.0,0.0,180.0,4.0,5.0,292.0,568.0,6.0,81.0,0.0,0.0,0.0,0.0,0.0,0.0,0.0,,,,,,,,,,,,,,,,,,,,,,,,,,,,,,,,,,,,,,,,,,,,,,,,,,,,,,,,,,,,,,,,,,,,,,,,,,,,,,,,,,,,,,,,,,
3528908,,,,,,,,,,,,,,,,,,,,,,,,,,,,,,,,,,,,,,,,,,,,,,,,,,,,,,,,,0.0,0.0,0.0,0.0,0.0,0.0,0.0,479.0,4.0,5.0,191.0,734.0,17.0,38.0,0.0,0.0,0.0,0.0,0.0,0.0,0.0,,,,,,,,,,,,,,,,,,,,,,,,,,,,,,,,,,,,,,,,,,,,,,,,,,,,,,,,,,,,,,,,,,,,,,,,,,,,,,,,,,,,,,,,,,
3529005,13.0,0.0,0.0,0.0,99.97,0.03,100.0,99.97,97.96,2.01,0.0,0.0,0.0,100.0,0.0,0.0,0.0,99.92,0.08,100.0,88.71,86.74,1.96,11.21,10.39,0.82,100.0,0.0,0.0,0.0,3189.0,1.0,3190.0,3189.0,3125.0,64.0,0.0,0.0,0.0,3190.0,0.0,0.0,0.0,1221.0,1.0,1222.0,1084.0,1060.0,24.0,137.0,127.0,10.0,1222.0,4206.36,3190.0,0.758,0.0,0.0,1.0,45.0,63.0,4.0,13.0,768.0,182.0,636.0,13317.0,18186.0,437.0,2846.0,0.0,0.0,0.16,0.34,0.35,0.92,0.46,0.0,100.0,0.0,97.79,2.21,0.0,0.0,0.0,1084.0,0.0,1060.0,24.0,0.0,0.0,98.06,0.0,100.0,1.01,0.0,0.09,0.0,0.09,0.74,98.34,1.48,0.18,1063.0,0.0,1084.0,11.0,0.0,1.0,0.0,1.0,8.0,1066.0,16.0,2.0,40.68,98.8,86.35,11.44,0.74,0.28,0.09,100.0,0.65,0.46,40.68,0.0,0.92,7.01,33.12,7.75,10.42,0.09,441.0,1071.0,936.0,124.0,8.0,3.0,1.0,1084.0,7.0,5.0,441.0,0.0,10.0,76.0,359.0,84.0,113.0,1.0,0.92,100.0,92.8,69.65,23.15,1.94,0.09,4.24,10.0,1084.0,1006.0,755.0,251.0,21.0,1.0,46.0
3529104,,,,,,,,,,,,,,,,,,,,,,,,,,,,,,,,,,,,,,,,,,,,,,,,,,,,,,,,,0.0,0.0,0.0,0.0,0.0,0.0,0.0,159.0,5.0,3.0,115.0,312.0,8.0,22.0,0.0,0.0,0.0,0.0,0.0,0.0,0.0,,,,,,,,,,,,,,,,,,,,,,,,,,,,,,,,,,,,,,,,,,,,,,,,,,,,,,,,,,,,,,,,,,,,,,,,,,,,,,,,,,,,,,,,,,
3529203,,,,,,,,,,,,,,,,,,,,,,,,,,,,,,,,,,,,,,,,,,,,,,,,,,,,,,,,,0.0,0.0,0.0,0.0,0.0,0.0,0.0,628.0,28.0,35.0,1401.0,2510.0,60.0,358.0,0.0,0.0,0.0,0.0,0.0,0.0,0.0,,,,,,,,,,,,,,,,,,,,,,,,,,,,,,,,,,,,,,,,,,,,,,,,,,,,,,,,,,,,,,,,,,,,,,,,,,,,,,,,,,,,,,,,,,
3529302,,,,,,,,,,,,,,,,,,,,,,,,,,,,,,,,,,,,,,,,,,,,,,,,,,,,,,,,,0.0,0.0,0.0,0.0,0.0,0.0,0.0,240.0,73.0,121.0,5178.0,7427.0,137.0,1678.0,0.0,0.0,0.0,0.0,0.0,0.0,0.0,,,,,,,,,,,,,,,,,,,,,,,,,,,,,,,,,,,,,,,,,,,,,,,,,,,,,,,,,,,,,,,,,,,,,,,,,,,,,,,,,,,,,,,,,,
3529401,60.0,0.0,0.0,0.0,99.88,0.12,100.0,99.88,95.44,4.44,0.0,0.0,0.0,100.0,0.0,0.0,0.0,99.87,0.13,100.0,90.87,86.56,4.31,9.0,8.49,0.51,100.0,0.0,0.0,0.0,115117.0,134.0,115251.0,115117.0,109999.0,5118.0,0.0,0.0,0.0,115251.0,0.0,1.0,1.0,44102.0,58.0,44161.0,40127.0,38225.0,1902.0,3975.0,3749.0,226.0,44160.0,19641.43,115251.0,5.868,2.0,12.0,7.0,2688.0,4886.0,168.0,2009.0,39.0,229.0,331.0,18127.0,23985.0,699.0,4560.0,5.13,5.24,2.11,14.83,20.37,24.03,44.06,0.17,100.0,0.05,98.89,0.11,0.0,0.77,70.0,40127.0,21.0,39683.0,45.0,0.0,308.0,97.1,0.06,100.0,0.08,0.07,0.1,0.01,0.16,2.43,97.96,0.96,1.08,38962.0,23.0,40127.0,31.0,30.0,39.0,4.0,63.0,975.0,39309.0,385.0,433.0,81.07,99.8,79.77,17.68,1.95,0.4,0.01,100.0,0.15,0.03,80.29,0.79,1.26,1.59,12.67,1.86,1.53,0.01,32532.0,40048.0,32011.0,7095.0,781.0,161.0,5.0,40127.0,60.0,14.0,32217.0,315.0,507.0,637.0,5084.0,747.0,615.0,5.0,0.66,100.0,98.05,85.01,13.04,0.15,0.01,1.13,265.0,40127.0,39344.0,34113.0,5231.0,62.0,4.0,452.0
3529500,,,,,,,,,,,,,,,,,,,,,,,,,,,,,,,,,,,,,,,,,,,,,,,,,,,,,,,,,0.0,0.0,0.0,0.0,0.0,0.0,0.0,427.0,5.0,6.0,378.0,1032.0,19.0,197.0,0.0,0.0,0.0,0.0,0.0,0.0,0.0,,,,,,,,,,,,,,,,,,,,,,,,,,,,,,,,,,,,,,,,,,,,,,,,,,,,,,,,,,,,,,,,,,,,,,,,,,,,,,,,,,,,,,,,,,
3529609,,,,,,,,,,,,,,,,,,,,,,,,,,,,,,,,,,,,,,,,,,,,,,,,,,,,,,,,,0.0,0.0,0.0,0.0,0.0,0.0,0.0,687.0,3.0,3.0,350.0,1304.0,26.0,235.0,0.0,0.0,0.0,0.0,0.0,0.0,0.0,,,,,,,,,,,,,,,,,,,,,,,,,,,,,,,,,,,,,,,,,,,,,,,,,,,,,,,,,,,,,,,,,,,,,,,,,,,,,,,,,,,,,,,,,,
3529658,,,,,,,,,,,,,,,,,,,,,,,,,,,,,,,,,,,,,,,,,,,,,,,,,,,,,,,,,0.0,0.0,0.0,0.0,0.0,0.0,0.0,137.0,4.0,3.0,95.0,267.0,6.0,22.0,0.0,0.0,0.0,0.0,0.0,0.0,0.0,,,,,,,,,,,,,,,,,,,,,,,,,,,,,,,,,,,,,,,,,,,,,,,,,,,,,,,,,,,,,,,,,,,,,,,,,,,,,,,,,,,,,,,,,,
3529708,,,,,,,,,,,,,,,,,,,,,,,,,,,,,,,,,,,,,,,,,,,,,,,,,,,,,,,,,0.0,0.0,0.0,0.0,0.0,0.0,0.0,199.0,19.0,43.0,1342.0,1875.0,28.0,244.0,0.0,0.0,0.0,0.0,0.0,0.0,0.0,,,,,,,,,,,,,,,,,,,,,,,,,,,,,,,,,,,,,,,,,,,,,,,,,,,,,,,,,,,,,,,,,,,,,,,,,,,,,,,,,,,,,,,,,,
3529807,,,,,,,,,,,,,,,,,,,,,,,,,,,,,,,,,,,,,,,,,,,,,,,,,,,,,,,,,0.0,0.0,0.0,0.0,0.0,0.0,0.0,89.0,13.0,21.0,778.0,1182.0,43.0,238.0,0.0,0.0,0.0,0.0,0.0,0.0,0.0,,,,,,,,,,,,,,,,,,,,,,,,,,,,,,,,,,,,,,,,,,,,,,,,,,,,,,,,,,,,,,,,,,,,,,,,,,,,,,,,,,,,,,,,,,
3529906,,,,,,,,,,,,,,,,,,,,,,,,,,,,,,,,,,,,,,,,,,,,,,,,,,,,,,,,,0.0,0.0,0.0,0.0,0.0,0.0,0.0,324.0,43.0,24.0,1191.0,2230.0,138.0,510.0,0.0,0.0,0.0,0.0,0.0,0.0,0.0,,,,,,,,,,,,,,,,,,,,,,,,,,,,,,,,,,,,,,,,,,,,,,,,,,,,,,,,,,,,,,,,,,,,,,,,,,,,,,,,,,,,,,,,,,
3530003,,,,,,,,,,,,,,,,,,,,,,,,,,,,,,,,,,,,,,,,,,,,,,,,,,,,,,,,,0.0,0.0,0.0,0.0,0.0,0.0,0.0,379.0,4.0,3.0,209.0,701.0,4.0,102.0,0.0,0.0,0.0,0.0,0.0,0.0,0.0,,,,,,,,,,,,,,,,,,,,,,,,,,,,,,,,,,,,,,,,,,,,,,,,,,,,,,,,,,,,,,,,,,,,,,,,,,,,,,,,,,,,,,,,,,
3530102,,,,,,,,,,,,,,,,,,,,,,,,,,,,,,,,,,,,,,,,,,,,,,,,,,,,,,,,,0.0,0.0,0.0,0.0,0.0,0.0,0.0,1710.0,33.0,66.0,3573.0,5961.0,95.0,484.0,0.0,0.0,0.0,0.0,0.0,0.0,0.0,,,,,,,,,,,,,,,,,,,,,,,,,,,,,,,,,,,,,,,,,,,,,,,,,,,,,,,,,,,,,,,,,,,,,,,,,,,,,,,,,,,,,,,,,,
3530201,,,,,,,,,,,,,,,,,,,,,,,,,,,,,,,,,,,,,,,,,,,,,,,,,,,,,,,,,0.0,0.0,0.0,0.0,0.0,0.0,0.0,2048.0,24.0,20.0,1039.0,3383.0,60.0,192.0,0.0,0.0,0.0,0.0,0.0,0.0,0.0,,,,,,,,,,,,,,,,,,,,,,,,,,,,,,,,,,,,,,,,,,,,,,,,,,,,,,,,,,,,,,,,,,,,,,,,,,,,,,,,,,,,,,,,,,
3530300,,,,,,,,,,,,,,,,,,,,,,,,,,,,,,,,,,,,,,,,,,,,,,,,,,,,,,,,,0.0,0.0,0.0,0.0,0.0,0.0,0.0,165.0,47.0,99.0,4075.0,5965.0,119.0,1460.0,0.0,0.0,0.0,0.0,0.0,0.0,0.0,,,,,,,,,,,,,,,,,,,,,,,,,,,,,,,,,,,,,,,,,,,,,,,,,,,,,,,,,,,,,,,,,,,,,,,,,,,,,,,,,,,,,,,,,,
3530409,,,,,,,,,,,,,,,,,,,,,,,,,,,,,,,,,,,,,,,,,,,,,,,,,,,,,,,,,0.0,0.0,0.0,0.0,0.0,0.0,0.0,167.0,6.0,6.0,240.0,510.0,25.0,66.0,0.0,0.0,0.0,0.0,0.0,0.0,0.0,,,,,,,,,,,,,,,,,,,,,,,,,,,,,,,,,,,,,,,,,,,,,,,,,,,,,,,,,,,,,,,,,,,,,,,,,,,,,,,,,,,,,,,,,,
3530508,,,,,,,,,,,,,,,,,,,,,,,,,,,,,,,,,,,,,,,,,,,,,,,,,,,,,,,,,0.0,0.0,0.0,0.0,0.0,0.0,0.0,713.0,61.0,148.0,4252.0,6420.0,144.0,1102.0,0.0,0.0,0.0,0.0,0.0,0.0,0.0,,,,,,,,,,,,,,,,,,,,,,,,,,,,,,,,,,,,,,,,,,,,,,,,,,,,,,,,,,,,,,,,,,,,,,,,,,,,,,,,,,,,,,,,,,
3530607,16.0,0.0,0.0,0.0,99.95,0.05,100.0,99.95,94.15,5.8,0.0,0.0,0.0,100.0,0.0,0.0,0.0,99.9,0.1,100.0,89.89,84.14,5.75,10.02,8.48,1.54,100.0,0.0,0.0,0.0,17625.0,9.0,17634.0,17625.0,16602.0,1023.0,0.0,0.0,0.0,17634.0,0.0,0.0,0.0,6293.0,6.0,6299.0,5662.0,5300.0,362.0,631.0,534.0,97.0,6299.0,9046.51,17634.0,1.949,4.0,1.0,0.0,469.0,808.0,63.0,271.0,1225.0,448.0,570.0,19241.0,28813.0,1233.0,6096.0,0.33,0.22,0.0,2.44,2.8,5.11,4.45,1.25,100.0,0.11,96.93,1.47,0.0,0.25,71.0,5662.0,6.0,5488.0,83.0,0.0,14.0,80.13,0.23,100.0,5.4,8.87,0.11,0.05,0.12,5.09,94.77,1.68,3.55,4537.0,13.0,5662.0,306.0,502.0,6.0,3.0,7.0,288.0,5366.0,95.0,201.0,40.0,98.41,86.91,10.44,0.81,0.25,0.09,100.0,1.17,0.34,39.09,0.92,11.6,13.67,28.7,0.6,5.33,0.09,2265.0,5572.0,4921.0,591.0,46.0,14.0,5.0,5662.0,66.0,19.0,2213.0,52.0,657.0,774.0,1625.0,34.0,302.0,5.0,1.36,100.0,96.29,82.02,14.27,1.68,0.6,0.07,77.0,5662.0,5452.0,4644.0,808.0,95.0,34.0,4.0
3530706,,,,,,,,,,,,,,,,,,,,,,,,,,,,,,,,,,,,,,,,,,,,,,,,,,,,,,,,,0.0,0.0,0.0,0.0,0.0,0.0,0.0,575.0,148.0,253.0,8605.0,12649.0,264.0,2804.0,0.0,0.0,0.0,0.0,0.0,0.0,0.0,,,,,,,,,,,,,,,,,,,,,,,,,,,,,,,,,,,,,,,,,,,,,,,,,,,,,,,,,,,,,,,,,,,,,,,,,,,,,,,,,,,,,,,,,,
3530805,,,,,,,,,,,,,,,,,,,,,,,,,,,,,,,,,,,,,,,,,,,,,,,,,,,,,,,,,0.0,0.0,0.0,0.0,0.0,0.0,0.0,589.0,80.0,173.0,5092.0,7586.0,178.0,1474.0,0.0,0.0,0.0,0.0,0.0,0.0,0.0,,,,,,,,,,,,,,,,,,,,,,,,,,,,,,,,,,,,,,,,,,,,,,,,,,,,,,,,,,,,,,,,,,,,,,,,,,,,,,,,,,,,,,,,,,
3530904,,,,,,,,,,,,,,,,,,,,,,,,,,,,,,,,,,,,,,,,,,,,,,,,,,,,,,,,,0.0,0.0,0.0,0.0,0.0,0.0,0.0,108.0,7.0,3.0,192.0,490.0,16.0,164.0,0.0,0.0,0.0,0.0,0.0,0.0,0.0,,,,,,,,,,,,,,,,,,,,,,,,,,,,,,,,,,,,,,,,,,,,,,,,,,,,,,,,,,,,,,,,,,,,,,,,,,,,,,,,,,,,,,,,,,
3531001,,,,,,,,,,,,,,,,,,,,,,,,,,,,,,,,,,,,,,,,,,,,,,,,,,,,,,,,,0.0,0.0,0.0,0.0,0.0,0.0,0.0,133.0,3.0,4.0,144.0,345.0,14.0,47.0,0.0,0.0,0.0,0.0,0.0,0.0,0.0,,,,,,,,,,,,,,,,,,,,,,,,,,,,,,,,,,,,,,,,,,,,,,,,,,,,,,,,,,,,,,,,,,,,,,,,,,,,,,,,,,,,,,,,,,
3531100,,,,,,,,,,,,,,,,,,,,,,,,,,,,,,,,,,,,,,,,,,,,,,,,,,,,,,,,,0.0,0.0,0.0,0.0,0.0,0.0,0.0,51.0,77.0,63.0,3694.0,5776.0,198.0,1693.0,0.0,0.0,0.0,0.0,0.0,0.0,0.0,,,,,,,,,,,,,,,,,,,,,,,,,,,,,,,,,,,,,,,,,,,,,,,,,,,,,,,,,,,,,,,,,,,,,,,,,,,,,,,,,,,,,,,,,,
3531209,,,,,,,,,,,,,,,,,,,,,,,,,,,,,,,,,,,,,,,,,,,,,,,,,,,,,,,,,0.0,0.0,0.0,0.0,0.0,0.0,0.0,134.0,10.0,8.0,634.0,1105.0,35.0,284.0,0.0,0.0,0.0,0.0,0.0,0.0,0.0,,,,,,,,,,,,,,,,,,,,,,,,,,,,,,,,,,,,,,,,,,,,,,,,,,,,,,,,,,,,,,,,,,,,,,,,,,,,,,,,,,,,,,,,,,
3531308,,,,,,,,,,,,,,,,,,,,,,,,,,,,,,,,,,,,,,,,,,,,,,,,,,,,,,,,,0.0,0.0,0.0,0.0,0.0,0.0,0.0,630.0,48.0,134.0,2949.0,4702.0,113.0,828.0,0.0,0.0,0.0,0.0,0.0,0.0,0.0,,,,,,,,,,,,,,,,,,,,,,,,,,,,,,,,,,,,,,,,,,,,,,,,,,,,,,,,,,,,,,,,,,,,,,,,,,,,,,,,,,,,,,,,,,
3531407,,,,,,,,,,,,,,,,,,,,,,,,,,,,,,,,,,,,,,,,,,,,,,,,,,,,,,,,,0.0,0.0,0.0,0.0,0.0,0.0,0.0,750.0,22.0,54.0,1358.0,2560.0,42.0,334.0,0.0,0.0,0.0,0.0,0.0,0.0,0.0,,,,,,,,,,,,,,,,,,,,,,,,,,,,,,,,,,,,,,,,,,,,,,,,,,,,,,,,,,,,,,,,,,,,,,,,,,,,,,,,,,,,,,,,,,
3531506,,,,,,,,,,,,,,,,,,,,,,,,,,,,,,,,,,,,,,,,,,,,,,,,,,,,,,,,,0.0,0.0,0.0,0.0,0.0,0.0,0.0,276.0,15.0,35.0,1314.0,1941.0,46.0,255.0,0.0,0.0,0.0,0.0,0.0,0.0,0.0,,,,,,,,,,,,,,,,,,,,,,,,,,,,,,,,,,,,,,,,,,,,,,,,,,,,,,,,,,,,,,,,,,,,,,,,,,,,,,,,,,,,,,,,,,
3531605,,,,,,,,,,,,,,,,,,,,,,,,,,,,,,,,,,,,,,,,,,,,,,,,,,,,,,,,,0.0,0.0,0.0,0.0,0.0,0.0,0.0,278.0,4.0,2.0,198.0,587.0,11.0,94.0,0.0,0.0,0.0,0.0,0.0,0.0,0.0,,,,,,,,,,,,,,,,,,,,,,,,,,,,,,,,,,,,,,,,,,,,,,,,,,,,,,,,,,,,,,,,,,,,,,,,,,,,,,,,,,,,,,,,,,
3531704,,,,,,,,,,,,,,,,,,,,,,,,,,,,,,,,,,,,,,,,,,,,,,,,,,,,,,,,,0.0,0.0,0.0,0.0,0.0,0.0,0.0,174.0,9.0,6.0,343.0,702.0,27.0,143.0,0.0,0.0,0.0,0.0,0.0,0.0,0.0,,,,,,,,,,,,,,,,,,,,,,,,,,,,,,,,,,,,,,,,,,,,,,,,,,,,,,,,,,,,,,,,,,,,,,,,,,,,,,,,,,,,,,,,,,
3531803,,,,,,,,,,,,,,,,,,,,,,,,,,,,,,,,,,,,,,,,,,,,,,,,,,,,,,,,,0.0,0.0,0.0,0.0,0.0,0.0,0.0,90.0,63.0,35.0,2824.0,5255.0,177.0,2066.0,0.0,0.0,0.0,0.0,0.0,0.0,0.0,,,,,,,,,,,,,,,,,,,,,,,,,,,,,,,,,,,,,,,,,,,,,,,,,,,,,,,,,,,,,,,,,,,,,,,,,,,,,,,,,,,,,,,,,,
3531902,,,,,,,,,,,,,,,,,,,,,,,,,,,,,,,,,,,,,,,,,,,,,,,,,,,,,,,,,0.0,0.0,0.0,0.0,0.0,0.0,0.0,282.0,29.0,37.0,1844.0,2680.0,69.0,419.0,0.0,0.0,0.0,0.0,0.0,0.0,0.0,,,,,,,,,,,,,,,,,,,,,,,,,,,,,,,,,,,,,,,,,,,,,,,,,,,,,,,,,,,,,,,,,,,,,,,,,,,,,,,,,,,,,,,,,,
3532009,,,,,,,,,,,,,,,,,,,,,,,,,,,,,,,,,,,,,,,,,,,,,,,,,,,,,,,,,0.0,0.0,0.0,0.0,0.0,0.0,0.0,164.0,16.0,30.0,699.0,1180.0,27.0,244.0,0.0,0.0,0.0,0.0,0.0,0.0,0.0,,,,,,,,,,,,,,,,,,,,,,,,,,,,,,,,,,,,,,,,,,,,,,,,,,,,,,,,,,,,,,,,,,,,,,,,,,,,,,,,,,,,,,,,,,
3532058,,,,,,,,,,,,,,,,,,,,,,,,,,,,,,,,,,,,,,,,,,,,,,,,,,,,,,,,,0.0,0.0,0.0,0.0,0.0,0.0,0.0,170.0,4.0,2.0,235.0,499.0,20.0,68.0,0.0,0.0,0.0,0.0,0.0,0.0,0.0,,,,,,,,,,,,,,,,,,,,,,,,,,,,,,,,,,,,,,,,,,,,,,,,,,,,,,,,,,,,,,,,,,,,,,,,,,,,,,,,,,,,,,,,,,
3532108,,,,,,,,,,,,,,,,,,,,,,,,,,,,,,,,,,,,,,,,,,,,,,,,,,,,,,,,,0.0,0.0,0.0,0.0,0.0,0.0,0.0,632.0,3.0,6.0,262.0,980.0,19.0,58.0,0.0,0.0,0.0,0.0,0.0,0.0,0.0,,,,,,,,,,,,,,,,,,,,,,,,,,,,,,,,,,,,,,,,,,,,,,,,,,,,,,,,,,,,,,,,,,,,,,,,,,,,,,,,,,,,,,,,,,
3532157,,,,,,,,,,,,,,,,,,,,,,,,,,,,,,,,,,,,,,,,,,,,,,,,,,,,,,,,,0.0,0.0,0.0,0.0,0.0,0.0,0.0,48.0,2.0,4.0,178.0,309.0,8.0,69.0,0.0,0.0,0.0,0.0,0.0,0.0,0.0,,,,,,,,,,,,,,,,,,,,,,,,,,,,,,,,,,,,,,,,,,,,,,,,,,,,,,,,,,,,,,,,,,,,,,,,,,,,,,,,,,,,,,,,,,
3532207,,,,,,,,,,,,,,,,,,,,,,,,,,,,,,,,,,,,,,,,,,,,,,,,,,,,,,,,,0.0,0.0,0.0,0.0,0.0,0.0,0.0,111.0,7.0,9.0,255.0,531.0,18.0,131.0,0.0,0.0,0.0,0.0,0.0,0.0,0.0,,,,,,,,,,,,,,,,,,,,,,,,,,,,,,,,,,,,,,,,,,,,,,,,,,,,,,,,,,,,,,,,,,,,,,,,,,,,,,,,,,,,,,,,,,
3532306,,,,,,,,,,,,,,,,,,,,,,,,,,,,,,,,,,,,,,,,,,,,,,,,,,,,,,,,,0.0,0.0,0.0,0.0,0.0,0.0,0.0,592.0,13.0,7.0,531.0,1549.0,58.0,348.0,0.0,0.0,0.0,0.0,0.0,0.0,0.0,,,,,,,,,,,,,,,,,,,,,,,,,,,,,,,,,,,,,,,,,,,,,,,,,,,,,,,,,,,,,,,,,,,,,,,,,,,,,,,,,,,,,,,,,,
3532405,,,,,,,,,,,,,,,,,,,,,,,,,,,,,,,,,,,,,,,,,,,,,,,,,,,,,,,,,0.0,0.0,0.0,0.0,0.0,0.0,0.0,288.0,32.0,13.0,1121.0,2545.0,119.0,972.0,0.0,0.0,0.0,0.0,0.0,0.0,0.0,,,,,,,,,,,,,,,,,,,,,,,,,,,,,,,,,,,,,,,,,,,,,,,,,,,,,,,,,,,,,,,,,,,,,,,,,,,,,,,,,,,,,,,,,,
3532504,,,,,,,,,,,,,,,,,,,,,,,,,,,,,,,,,,,,,,,,,,,,,,,,,,,,,,,,,0.0,0.0,0.0,0.0,0.0,0.0,0.0,270.0,9.0,14.0,544.0,1068.0,26.0,205.0,0.0,0.0,0.0,0.0,0.0,0.0,0.0,,,,,,,,,,,,,,,,,,,,,,,,,,,,,,,,,,,,,,,,,,,,,,,,,,,,,,,,,,,,,,,,,,,,,,,,,,,,,,,,,,,,,,,,,,
3532603,,,,,,,,,,,,,,,,,,,,,,,,,,,,,,,,,,,,,,,,,,,,,,,,,,,,,,,,,0.0,0.0,0.0,0.0,0.0,0.0,0.0,918.0,13.0,15.0,721.0,1843.0,26.0,150.0,0.0,0.0,0.0,0.0,0.0,0.0,0.0,,,,,,,,,,,,,,,,,,,,,,,,,,,,,,,,,,,,,,,,,,,,,,,,,,,,,,,,,,,,,,,,,,,,,,,,,,,,,,,,,,,,,,,,,,
3532702,,,,,,,,,,,,,,,,,,,,,,,,,,,,,,,,,,,,,,,,,,,,,,,,,,,,,,,,,0.0,0.0,0.0,0.0,0.0,0.0,0.0,146.0,6.0,4.0,330.0,655.0,14.0,155.0,0.0,0.0,0.0,0.0,0.0,0.0,0.0,,,,,,,,,,,,,,,,,,,,,,,,,,,,,,,,,,,,,,,,,,,,,,,,,,,,,,,,,,,,,,,,,,,,,,,,,,,,,,,,,,,,,,,,,,
3532801,,,,,,,,,,,,,,,,,,,,,,,,,,,,,,,,,,,,,,,,,,,,,,,,,,,,,,,,,0.0,0.0,0.0,0.0,0.0,0.0,0.0,230.0,9.0,8.0,400.0,818.0,20.0,151.0,0.0,0.0,0.0,0.0,0.0,0.0,0.0,,,,,,,,,,,,,,,,,,,,,,,,,,,,,,,,,,,,,,,,,,,,,,,,,,,,,,,,,,,,,,,,,,,,,,,,,,,,,,,,,,,,,,,,,,
3532827,,,,,,,,,,,,,,,,,,,,,,,,,,,,,,,,,,,,,,,,,,,,,,,,,,,,,,,,,0.0,0.0,0.0,0.0,0.0,0.0,0.0,131.0,9.0,9.0,387.0,767.0,30.0,201.0,0.0,0.0,0.0,0.0,0.0,0.0,0.0,,,,,,,,,,,,,,,,,,,,,,,,,,,,,,,,,,,,,,,,,,,,,,,,,,,,,,,,,,,,,,,,,,,,,,,,,,,,,,,,,,,,,,,,,,
3532843,,,,,,,,,,,,,,,,,,,,,,,,,,,,,,,,,,,,,,,,,,,,,,,,,,,,,,,,,0.0,0.0,0.0,0.0,0.0,0.0,0.0,400.0,3.0,3.0,175.0,623.0,13.0,29.0,0.0,0.0,0.0,0.0,0.0,0.0,0.0,,,,,,,,,,,,,,,,,,,,,,,,,,,,,,,,,,,,,,,,,,,,,,,,,,,,,,,,,,,,,,,,,,,,,,,,,,,,,,,,,,,,,,,,,,
3532868,,,,,,,,,,,,,,,,,,,,,,,,,,,,,,,,,,,,,,,,,,,,,,,,,,,,,,,,,0.0,0.0,0.0,0.0,0.0,0.0,0.0,119.0,2.0,2.0,89.0,231.0,6.0,13.0,0.0,0.0,0.0,0.0,0.0,0.0,0.0,,,,,,,,,,,,,,,,,,,,,,,,,,,,,,,,,,,,,,,,,,,,,,,,,,,,,,,,,,,,,,,,,,,,,,,,,,,,,,,,,,,,,,,,,,
3532900,,,,,,,,,,,,,,,,,,,,,,,,,,,,,,,,,,,,,,,,,,,,,,,,,,,,,,,,,0.0,0.0,0.0,0.0,0.0,0.0,0.0,53.0,12.0,21.0,485.0,763.0,20.0,172.0,0.0,0.0,0.0,0.0,0.0,0.0,0.0,,,,,,,,,,,,,,,,,,,,,,,,,,,,,,,,,,,,,,,,,,,,,,,,,,,,,,,,,,,,,,,,,,,,,,,,,,,,,,,,,,,,,,,,,,
3533007,,,,,,,,,,,,,,,,,,,,,,,,,,,,,,,,,,,,,,,,,,,,,,,,,,,,,,,,,0.0,0.0,0.0,0.0,0.0,0.0,0.0,618.0,18.0,36.0,1012.0,1984.0,67.0,233.0,0.0,0.0,0.0,0.0,0.0,0.0,0.0,,,,,,,,,,,,,,,,,,,,,,,,,,,,,,,,,,,,,,,,,,,,,,,,,,,,,,,,,,,,,,,,,,,,,,,,,,,,,,,,,,,,,,,,,,
3533106,,,,,,,,,,,,,,,,,,,,,,,,,,,,,,,,,,,,,,,,,,,,,,,,,,,,,,,,,0.0,0.0,0.0,0.0,0.0,0.0,0.0,87.0,2.0,4.0,134.0,290.0,14.0,49.0,0.0,0.0,0.0,0.0,0.0,0.0,0.0,,,,,,,,,,,,,,,,,,,,,,,,,,,,,,,,,,,,,,,,,,,,,,,,,,,,,,,,,,,,,,,,,,,,,,,,,,,,,,,,,,,,,,,,,,
3533205,,,,,,,,,,,,,,,,,,,,,,,,,,,,,,,,,,,,,,,,,,,,,,,,,,,,,,,,,0.0,0.0,0.0,0.0,0.0,0.0,0.0,183.0,7.0,7.0,256.0,592.0,11.0,128.0,0.0,0.0,0.0,0.0,0.0,0.0,0.0,,,,,,,,,,,,,,,,,,,,,,,,,,,,,,,,,,,,,,,,,,,,,,,,,,,,,,,,,,,,,,,,,,,,,,,,,,,,,,,,,,,,,,,,,,
3533254,,,,,,,,,,,,,,,,,,,,,,,,,,,,,,,,,,,,,,,,,,,,,,,,,,,,,,,,,0.0,0.0,0.0,0.0,0.0,0.0,0.0,135.0,7.0,2.0,258.0,490.0,16.0,72.0,0.0,0.0,0.0,0.0,0.0,0.0,0.0,,,,,,,,,,,,,,,,,,,,,,,,,,,,,,,,,,,,,,,,,,,,,,,,,,,,,,,,,,,,,,,,,,,,,,,,,,,,,,,,,,,,,,,,,,
3533304,,,,,,,,,,,,,,,,,,,,,,,,,,,,,,,,,,,,,,,,,,,,,,,,,,,,,,,,,0.0,0.0,0.0,0.0,0.0,0.0,0.0,162.0,3.0,7.0,230.0,502.0,15.0,85.0,0.0,0.0,0.0,0.0,0.0,0.0,0.0,,,,,,,,,,,,,,,,,,,,,,,,,,,,,,,,,,,,,,,,,,,,,,,,,,,,,,,,,,,,,,,,,,,,,,,,,,,,,,,,,,,,,,,,,,
3533403,,,,,,,,,,,,,,,,,,,,,,,,,,,,,,,,,,,,,,,,,,,,,,,,,,,,,,,,,0.0,0.0,0.0,0.0,0.0,0.0,0.0,33.0,46.0,47.0,3563.0,5615.0,110.0,1816.0,0.0,0.0,0.0,0.0,0.0,0.0,0.0,,,,,,,,,,,,,,,,,,,,,,,,,,,,,,,,,,,,,,,,,,,,,,,,,,,,,,,,,,,,,,,,,,,,,,,,,,,,,,,,,,,,,,,,,,
3533502,,,,,,,,,,,,,,,,,,,,,,,,,,,,,,,,,,,,,,,,,,,,,,,,,,,,,,,,,0.0,0.0,0.0,0.0,0.0,0.0,0.0,734.0,42.0,74.0,2534.0,4101.0,78.0,639.0,0.0,0.0,0.0,0.0,0.0,0.0,0.0,,,,,,,,,,,,,,,,,,,,,,,,,,,,,,,,,,,,,,,,,,,,,,,,,,,,,,,,,,,,,,,,,,,,,,,,,,,,,,,,,,,,,,,,,,
3533601,,,,,,,,,,,,,,,,,,,,,,,,,,,,,,,,,,,,,,,,,,,,,,,,,,,,,,,,,0.0,0.0,0.0,0.0,0.0,0.0,0.0,258.0,9.0,15.0,626.0,1049.0,22.0,119.0,0.0,0.0,0.0,0.0,0.0,0.0,0.0,,,,,,,,,,,,,,,,,,,,,,,,,,,,,,,,,,,,,,,,,,,,,,,,,,,,,,,,,,,,,,,,,,,,,,,,,,,,,,,,,,,,,,,,,,
3533700,,,,,,,,,,,,,,,,,,,,,,,,,,,,,,,,,,,,,,,,,,,,,,,,,,,,,,,,,0.0,0.0,0.0,0.0,0.0,0.0,0.0,212.0,5.0,4.0,267.0,555.0,15.0,52.0,0.0,0.0,0.0,0.0,0.0,0.0,0.0,,,,,,,,,,,,,,,,,,,,,,,,,,,,,,,,,,,,,,,,,,,,,,,,,,,,,,,,,,,,,,,,,,,,,,,,,,,,,,,,,,,,,,,,,,
3533809,,,,,,,,,,,,,,,,,,,,,,,,,,,,,,,,,,,,,,,,,,,,,,,,,,,,,,,,,0.0,0.0,0.0,0.0,0.0,0.0,0.0,313.0,5.0,3.0,163.0,543.0,24.0,35.0,0.0,0.0,0.0,0.0,0.0,0.0,0.0,,,,,,,,,,,,,,,,,,,,,,,,,,,,,,,,,,,,,,,,,,,,,,,,,,,,,,,,,,,,,,,,,,,,,,,,,,,,,,,,,,,,,,,,,,
3533908,,,,,,,,,,,,,,,,,,,,,,,,,,,,,,,,,,,,,,,,,,,,,,,,,,,,,,,,,0.0,0.0,0.0,0.0,0.0,0.0,0.0,750.0,59.0,178.0,3531.0,5758.0,113.0,1127.0,0.0,0.0,0.0,0.0,0.0,0.0,0.0,,,,,,,,,,,,,,,,,,,,,,,,,,,,,,,,,,,,,,,,,,,,,,,,,,,,,,,,,,,,,,,,,,,,,,,,,,,,,,,,,,,,,,,,,,
3534005,,,,,,,,,,,,,,,,,,,,,,,,,,,,,,,,,,,,,,,,,,,,,,,,,,,,,,,,,0.0,0.0,0.0,0.0,0.0,0.0,0.0,79.0,4.0,8.0,241.0,449.0,23.0,94.0,0.0,0.0,0.0,0.0,0.0,0.0,0.0,,,,,,,,,,,,,,,,,,,,,,,,,,,,,,,,,,,,,,,,,,,,,,,,,,,,,,,,,,,,,,,,,,,,,,,,,,,,,,,,,,,,,,,,,,
3534104,,,,,,,,,,,,,,,,,,,,,,,,,,,,,,,,,,,,,,,,,,,,,,,,,,,,,,,,,0.0,0.0,0.0,0.0,0.0,0.0,0.0,70.0,6.0,6.0,343.0,517.0,16.0,76.0,0.0,0.0,0.0,0.0,0.0,0.0,0.0,,,,,,,,,,,,,,,,,,,,,,,,,,,,,,,,,,,,,,,,,,,,,,,,,,,,,,,,,,,,,,,,,,,,,,,,,,,,,,,,,,,,,,,,,,
3534203,,,,,,,,,,,,,,,,,,,,,,,,,,,,,,,,,,,,,,,,,,,,,,,,,,,,,,,,,0.0,0.0,0.0,0.0,0.0,0.0,0.0,123.0,5.0,12.0,366.0,615.0,11.0,98.0,0.0,0.0,0.0,0.0,0.0,0.0,0.0,,,,,,,,,,,,,,,,,,,,,,,,,,,,,,,,,,,,,,,,,,,,,,,,,,,,,,,,,,,,,,,,,,,,,,,,,,,,,,,,,,,,,,,,,,
3534302,,,,,,,,,,,,,,,,,,,,,,,,,,,,,,,,,,,,,,,,,,,,,,,,,,,,,,,,,0.0,0.0,0.0,0.0,0.0,0.0,0.0,115.0,43.0,109.0,2482.0,3287.0,54.0,484.0,0.0,0.0,0.0,0.0,0.0,0.0,0.0,,,,,,,,,,,,,,,,,,,,,,,,,,,,,,,,,,,,,,,,,,,,,,,,,,,,,,,,,,,,,,,,,,,,,,,,,,,,,,,,,,,,,,,,,,
3534401,84.0,0.0,0.0,0.0,98.31,1.69,100.0,98.31,90.76,7.55,0.0,0.0,0.0,100.0,0.0,0.01,0.01,98.31,1.67,100.0,92.82,85.14,7.68,5.49,4.78,0.71,99.99,0.0,0.0,0.0,96549.0,1658.0,98207.0,96549.0,89136.0,7413.0,0.0,0.0,0.0,98207.0,0.0,4.0,4.0,33355.0,568.0,33927.0,31491.0,28885.0,2606.0,1864.0,1623.0,241.0,33923.0,33639.76,98207.0,2.919,0.0,13.0,1.0,2272.0,3657.0,196.0,1175.0,9.0,525.0,586.0,29986.0,38265.0,1505.0,5654.0,0.0,2.48,0.17,7.58,9.56,13.02,20.78,0.55,100.0,0.42,97.11,1.41,0.0,0.52,172.0,31491.0,131.0,30580.0,445.0,0.0,163.0,98.32,0.0,100.0,0.71,0.04,0.05,0.0,0.07,0.81,99.5,0.36,0.14,30961.0,0.0,31491.0,224.0,12.0,16.0,1.0,21.0,256.0,31334.0,114.0,43.0,68.73,99.82,81.62,15.49,2.28,0.44,0.02,100.0,0.14,0.02,63.46,5.27,1.95,0.96,26.33,0.87,1.14,0.02,21645.0,31435.0,25703.0,4877.0,718.0,137.0,7.0,31491.0,44.0,5.0,19985.0,1660.0,613.0,301.0,8291.0,275.0,359.0,7.0,0.44,100.0,97.14,61.98,35.16,0.05,0.0,2.37,138.0,31491.0,30590.0,19518.0,11072.0,17.0,1.0,745.0
3534500,,,,,,,,,,,,,,,,,,,,,,,,,,,,,,,,,,,,,,,,,,,,,,,,,,,,,,,,,0.0,0.0,0.0,0.0,0.0,0.0,0.0,160.0,4.0,3.0,146.0,375.0,7.0,55.0,0.0,0.0,0.0,0.0,0.0,0.0,0.0,,,,,,,,,,,,,,,,,,,,,,,,,,,,,,,,,,,,,,,,,,,,,,,,,,,,,,,,,,,,,,,,,,,,,,,,,,,,,,,,,,,,,,,,,,
3534609,,,,,,,,,,,,,,,,,,,,,,,,,,,,,,,,,,,,,,,,,,,,,,,,,,,,,,,,,0.0,0.0,0.0,0.0,0.0,0.0,0.0,854.0,37.0,88.0,1901.0,3466.0,53.0,533.0,0.0,0.0,0.0,0.0,0.0,0.0,0.0,,,,,,,,,,,,,,,,,,,,,,,,,,,,,,,,,,,,,,,,,,,,,,,,,,,,,,,,,,,,,,,,,,,,,,,,,,,,,,,,,,,,,,,,,,
3534708,,,,,,,,,,,,,,,,,,,,,,,,,,,,,,,,,,,,,,,,,,,,,,,,,,,,,,,,,0.0,0.0,0.0,0.0,0.0,0.0,0.0,168.0,107.0,253.0,6552.0,8479.0,177.0,1222.0,0.0,0.0,0.0,0.0,0.0,0.0,0.0,,,,,,,,,,,,,,,,,,,,,,,,,,,,,,,,,,,,,,,,,,,,,,,,,,,,,,,,,,,,,,,,,,,,,,,,,,,,,,,,,,,,,,,,,,
3534757,,,,,,,,,,,,,,,,,,,,,,,,,,,,,,,,,,,,,,,,,,,,,,,,,,,,,,,,,0.0,0.0,0.0,0.0,0.0,0.0,0.0,273.0,13.0,21.0,772.0,1322.0,21.0,222.0,0.0,0.0,0.0,0.0,0.0,0.0,0.0,,,,,,,,,,,,,,,,,,,,,,,,,,,,,,,,,,,,,,,,,,,,,,,,,,,,,,,,,,,,,,,,,,,,,,,,,,,,,,,,,,,,,,,,,,
3534807,,,,,,,,,,,,,,,,,,,,,,,,,,,,,,,,,,,,,,,,,,,,,,,,,,,,,,,,,0.0,0.0,0.0,0.0,0.0,0.0,0.0,263.0,6.0,3.0,443.0,895.0,30.0,150.0,0.0,0.0,0.0,0.0,0.0,0.0,0.0,,,,,,,,,,,,,,,,,,,,,,,,,,,,,,,,,,,,,,,,,,,,,,,,,,,,,,,,,,,,,,,,,,,,,,,,,,,,,,,,,,,,,,,,,,
3534906,,,,,,,,,,,,,,,,,,,,,,,,,,,,,,,,,,,,,,,,,,,,,,,,,,,,,,,,,0.0,0.0,0.0,0.0,0.0,0.0,0.0,818.0,13.0,18.0,539.0,1599.0,32.0,179.0,0.0,0.0,0.0,0.0,0.0,0.0,0.0,,,,,,,,,,,,,,,,,,,,,,,,,,,,,,,,,,,,,,,,,,,,,,,,,,,,,,,,,,,,,,,,,,,,,,,,,,,,,,,,,,,,,,,,,,
3535002,,,,,,,,,,,,,,,,,,,,,,,,,,,,,,,,,,,,,,,,,,,,,,,,,,,,,,,,,0.0,0.0,0.0,0.0,0.0,0.0,0.0,483.0,12.0,30.0,563.0,1339.0,35.0,216.0,0.0,0.0,0.0,0.0,0.0,0.0,0.0,,,,,,,,,,,,,,,,,,,,,,,,,,,,,,,,,,,,,,,,,,,,,,,,,,,,,,,,,,,,,,,,,,,,,,,,,,,,,,,,,,,,,,,,,,
3535101,,,,,,,,,,,,,,,,,,,,,,,,,,,,,,,,,,,,,,,,,,,,,,,,,,,,,,,,,0.0,0.0,0.0,0.0,0.0,0.0,0.0,23.0,10.0,9.0,588.0,765.0,27.0,108.0,0.0,0.0,0.0,0.0,0.0,0.0,0.0,,,,,,,,,,,,,,,,,,,,,,,,,,,,,,,,,,,,,,,,,,,,,,,,,,,,,,,,,,,,,,,,,,,,,,,,,,,,,,,,,,,,,,,,,,
3535200,,,,,,,,,,,,,,,,,,,,,,,,,,,,,,,,,,,,,,,,,,,,,,,,,,,,,,,,,0.0,0.0,0.0,0.0,0.0,0.0,0.0,852.0,10.0,13.0,1208.0,2247.0,31.0,133.0,0.0,0.0,0.0,0.0,0.0,0.0,0.0,,,,,,,,,,,,,,,,,,,,,,,,,,,,,,,,,,,,,,,,,,,,,,,,,,,,,,,,,,,,,,,,,,,,,,,,,,,,,,,,,,,,,,,,,,
3535309,,,,,,,,,,,,,,,,,,,,,,,,,,,,,,,,,,,,,,,,,,,,,,,,,,,,,,,,,0.0,0.0,0.0,0.0,0.0,0.0,0.0,313.0,24.0,25.0,1732.0,2565.0,45.0,426.0,0.0,0.0,0.0,0.0,0.0,0.0,0.0,,,,,,,,,,,,,,,,,,,,,,,,,,,,,,,,,,,,,,,,,,,,,,,,,,,,,,,,,,,,,,,,,,,,,,,,,,,,,,,,,,,,,,,,,,
3535408,,,,,,,,,,,,,,,,,,,,,,,,,,,,,,,,,,,,,,,,,,,,,,,,,,,,,,,,,0.0,0.0,0.0,0.0,0.0,0.0,0.0,136.0,12.0,26.0,1079.0,1758.0,42.0,463.0,0.0,0.0,0.0,0.0,0.0,0.0,0.0,,,,,,,,,,,,,,,,,,,,,,,,,,,,,,,,,,,,,,,,,,,,,,,,,,,,,,,,,,,,,,,,,,,,,,,,,,,,,,,,,,,,,,,,,,
3535507,,,,,,,,,,,,,,,,,,,,,,,,,,,,,,,,,,,,,,,,,,,,,,,,,,,,,,,,,0.0,0.0,0.0,0.0,0.0,0.0,0.0,624.0,45.0,38.0,2414.0,3663.0,109.0,433.0,0.0,0.0,0.0,0.0,0.0,0.0,0.0,,,,,,,,,,,,,,,,,,,,,,,,,,,,,,,,,,,,,,,,,,,,,,,,,,,,,,,,,,,,,,,,,,,,,,,,,,,,,,,,,,,,,,,,,,
3535606,,,,,,,,,,,,,,,,,,,,,,,,,,,,,,,,,,,,,,,,,,,,,,,,,,,,,,,,,0.0,0.0,0.0,0.0,0.0,0.0,0.0,352.0,22.0,28.0,1030.0,2078.0,112.0,534.0,0.0,0.0,0.0,0.0,0.0,0.0,0.0,,,,,,,,,,,,,,,,,,,,,,,,,,,,,,,,,,,,,,,,,,,,,,,,,,,,,,,,,,,,,,,,,,,,,,,,,,,,,,,,,,,,,,,,,,
3535705,,,,,,,,,,,,,,,,,,,,,,,,,,,,,,,,,,,,,,,,,,,,,,,,,,,,,,,,,0.0,0.0,0.0,0.0,0.0,0.0,0.0,141.0,5.0,15.0,355.0,616.0,23.0,77.0,0.0,0.0,0.0,0.0,0.0,0.0,0.0,,,,,,,,,,,,,,,,,,,,,,,,,,,,,,,,,,,,,,,,,,,,,,,,,,,,,,,,,,,,,,,,,,,,,,,,,,,,,,,,,,,,,,,,,,
3535804,,,,,,,,,,,,,,,,,,,,,,,,,,,,,,,,,,,,,,,,,,,,,,,,,,,,,,,,,0.0,0.0,0.0,0.0,0.0,0.0,0.0,804.0,26.0,36.0,1493.0,3515.0,67.0,1089.0,0.0,0.0,0.0,0.0,0.0,0.0,0.0,,,,,,,,,,,,,,,,,,,,,,,,,,,,,,,,,,,,,,,,,,,,,,,,,,,,,,,,,,,,,,,,,,,,,,,,,,,,,,,,,,,,,,,,,,
3535903,,,,,,,,,,,,,,,,,,,,,,,,,,,,,,,,,,,,,,,,,,,,,,,,,,,,,,,,,0.0,0.0,0.0,0.0,0.0,0.0,0.0,197.0,2.0,6.0,200.0,494.0,8.0,81.0,0.0,0.0,0.0,0.0,0.0,0.0,0.0,,,,,,,,,,,,,,,,,,,,,,,,,,,,,,,,,,,,,,,,,,,,,,,,,,,,,,,,,,,,,,,,,,,,,,,,,,,,,,,,,,,,,,,,,,
3536000,,,,,,,,,,,,,,,,,,,,,,,,,,,,,,,,,,,,,,,,,,,,,,,,,,,,,,,,,0.0,0.0,0.0,0.0,0.0,0.0,0.0,656.0,18.0,11.0,663.0,1549.0,27.0,174.0,0.0,0.0,0.0,0.0,0.0,0.0,0.0,,,,,,,,,,,,,,,,,,,,,,,,,,,,,,,,,,,,,,,,,,,,,,,,,,,,,,,,,,,,,,,,,,,,,,,,,,,,,,,,,,,,,,,,,,
3536109,,,,,,,,,,,,,,,,,,,,,,,,,,,,,,,,,,,,,,,,,,,,,,,,,,,,,,,,,0.0,0.0,0.0,0.0,0.0,0.0,0.0,177.0,13.0,3.0,476.0,1420.0,24.0,727.0,0.0,0.0,0.0,0.0,0.0,0.0,0.0,,,,,,,,,,,,,,,,,,,,,,,,,,,,,,,,,,,,,,,,,,,,,,,,,,,,,,,,,,,,,,,,,,,,,,,,,,,,,,,,,,,,,,,,,,
3536208,,,,,,,,,,,,,,,,,,,,,,,,,,,,,,,,,,,,,,,,,,,,,,,,,,,,,,,,,0.0,0.0,0.0,0.0,0.0,0.0,0.0,257.0,24.0,38.0,1051.0,1896.0,97.0,429.0,0.0,0.0,0.0,0.0,0.0,0.0,0.0,,,,,,,,,,,,,,,,,,,,,,,,,,,,,,,,,,,,,,,,,,,,,,,,,,,,,,,,,,,,,,,,,,,,,,,,,,,,,,,,,,,,,,,,,,
3536257,,,,,,,,,,,,,,,,,,,,,,,,,,,,,,,,,,,,,,,,,,,,,,,,,,,,,,,,,0.0,0.0,0.0,0.0,0.0,0.0,0.0,264.0,4.0,1.0,141.0,460.0,7.0,43.0,0.0,0.0,0.0,0.0,0.0,0.0,0.0,,,,,,,,,,,,,,,,,,,,,,,,,,,,,,,,,,,,,,,,,,,,,,,,,,,,,,,,,,,,,,,,,,,,,,,,,,,,,,,,,,,,,,,,,,
3536307,,,,,,,,,,,,,,,,,,,,,,,,,,,,,,,,,,,,,,,,,,,,,,,,,,,,,,,,,0.0,0.0,0.0,0.0,0.0,0.0,0.0,421.0,8.0,19.0,699.0,1557.0,37.0,373.0,0.0,0.0,0.0,0.0,0.0,0.0,0.0,,,,,,,,,,,,,,,,,,,,,,,,,,,,,,,,,,,,,,,,,,,,,,,,,,,,,,,,,,,,,,,,,,,,,,,,,,,,,,,,,,,,,,,,,,
3536406,,,,,,,,,,,,,,,,,,,,,,,,,,,,,,,,,,,,,,,,,,,,,,,,,,,,,,,,,0.0,0.0,0.0,0.0,0.0,0.0,0.0,152.0,7.0,8.0,558.0,1187.0,26.0,436.0,0.0,0.0,0.0,0.0,0.0,0.0,0.0,,,,,,,,,,,,,,,,,,,,,,,,,,,,,,,,,,,,,,,,,,,,,,,,,,,,,,,,,,,,,,,,,,,,,,,,,,,,,,,,,,,,,,,,,,
3536505,,,,,,,,,,,,,,,,,,,,,,,,,,,,,,,,,,,,,,,,,,,,,,,,,,,,,,,,,0.0,0.0,0.0,0.0,0.0,0.0,0.0,62.0,117.0,169.0,4402.0,6473.0,142.0,1581.0,0.0,0.0,0.0,0.0,0.0,0.0,0.0,,,,,,,,,,,,,,,,,,,,,,,,,,,,,,,,,,,,,,,,,,,,,,,,,,,,,,,,,,,,,,,,,,,,,,,,,,,,,,,,,,,,,,,,,,
3536570,,,,,,,,,,,,,,,,,,,,,,,,,,,,,,,,,,,,,,,,,,,,,,,,,,,,,,,,,0.0,0.0,0.0,0.0,0.0,0.0,0.0,204.0,4.0,2.0,165.0,423.0,11.0,37.0,0.0,0.0,0.0,0.0,0.0,0.0,0.0,,,,,,,,,,,,,,,,,,,,,,,,,,,,,,,,,,,,,,,,,,,,,,,,,,,,,,,,,,,,,,,,,,,,,,,,,,,,,,,,,,,,,,,,,,
3536604,,,,,,,,,,,,,,,,,,,,,,,,,,,,,,,,,,,,,,,,,,,,,,,,,,,,,,,,,0.0,0.0,0.0,0.0,0.0,0.0,0.0,170.0,8.0,12.0,505.0,796.0,20.0,81.0,0.0,0.0,0.0,0.0,0.0,0.0,0.0,,,,,,,,,,,,,,,,,,,,,,,,,,,,,,,,,,,,,,,,,,,,,,,,,,,,,,,,,,,,,,,,,,,,,,,,,,,,,,,,,,,,,,,,,,
3536703,1.0,0.0,0.0,0.0,96.2,3.8,100.0,96.2,93.67,2.53,0.0,0.0,0.0,100.0,0.0,0.0,0.0,96.04,3.96,100.0,57.43,55.45,1.98,38.61,9.9,28.71,100.0,0.0,0.0,0.0,152.0,6.0,158.0,152.0,148.0,4.0,0.0,0.0,0.0,158.0,0.0,0.0,0.0,97.0,4.0,101.0,58.0,56.0,2.0,39.0,10.0,29.0,101.0,398.94,158.0,0.396,0.0,0.0,0.0,1.0,7.0,0.0,6.0,664.0,53.0,82.0,2742.0,4628.0,142.0,945.0,0.0,0.0,0.0,0.04,0.15,0.0,0.63,0.0,100.0,0.0,100.0,0.0,0.0,0.0,0.0,58.0,0.0,58.0,0.0,0.0,0.0,0.0,1.72,100.0,46.55,48.28,0.0,0.0,0.0,3.45,93.1,1.72,5.17,0.0,1.0,58.0,27.0,28.0,0.0,0.0,0.0,2.0,54.0,1.0,3.0,3.45,98.28,91.38,5.17,1.72,0.0,0.0,100.0,0.0,1.72,0.0,3.45,18.97,75.86,0.0,1.72,0.0,0.0,2.0,57.0,53.0,3.0,1.0,0.0,0.0,58.0,0.0,1.0,0.0,2.0,11.0,44.0,0.0,1.0,0.0,0.0,0.0,100.0,77.59,3.45,74.14,22.41,0.0,0.0,0.0,58.0,45.0,2.0,43.0,13.0,0.0,0.0
3536802,,,,,,,,,,,,,,,,,,,,,,,,,,,,,,,,,,,,,,,,,,,,,,,,,,,,,,,,,0.0,0.0,0.0,0.0,0.0,0.0,0.0,171.0,9.0,8.0,606.0,1071.0,34.0,243.0,0.0,0.0,0.0,0.0,0.0,0.0,0.0,,,,,,,,,,,,,,,,,,,,,,,,,,,,,,,,,,,,,,,,,,,,,,,,,,,,,,,,,,,,,,,,,,,,,,,,,,,,,,,,,,,,,,,,,,
3536901,,,,,,,,,,,,,,,,,,,,,,,,,,,,,,,,,,,,,,,,,,,,,,,,,,,,,,,,,0.0,0.0,0.0,0.0,0.0,0.0,0.0,393.0,5.0,6.0,132.0,621.0,13.0,72.0,0.0,0.0,0.0,0.0,0.0,0.0,0.0,,,,,,,,,,,,,,,,,,,,,,,,,,,,,,,,,,,,,,,,,,,,,,,,,,,,,,,,,,,,,,,,,,,,,,,,,,,,,,,,,,,,,,,,,,
3537008,,,,,,,,,,,,,,,,,,,,,,,,,,,,,,,,,,,,,,,,,,,,,,,,,,,,,,,,,0.0,0.0,0.0,0.0,0.0,0.0,0.0,462.0,20.0,26.0,890.0,1705.0,76.0,231.0,0.0,0.0,0.0,0.0,0.0,0.0,0.0,,,,,,,,,,,,,,,,,,,,,,,,,,,,,,,,,,,,,,,,,,,,,,,,,,,,,,,,,,,,,,,,,,,,,,,,,,,,,,,,,,,,,,,,,,
3537107,,,,,,,,,,,,,,,,,,,,,,,,,,,,,,,,,,,,,,,,,,,,,,,,,,,,,,,,,0.0,0.0,0.0,0.0,0.0,0.0,0.0,43.0,40.0,77.0,2979.0,3657.0,61.0,457.0,0.0,0.0,0.0,0.0,0.0,0.0,0.0,,,,,,,,,,,,,,,,,,,,,,,,,,,,,,,,,,,,,,,,,,,,,,,,,,,,,,,,,,,,,,,,,,,,,,,,,,,,,,,,,,,,,,,,,,
3537156,,,,,,,,,,,,,,,,,,,,,,,,,,,,,,,,,,,,,,,,,,,,,,,,,,,,,,,,,0.0,0.0,0.0,0.0,0.0,0.0,0.0,95.0,4.0,12.0,218.0,386.0,0.0,57.0,0.0,0.0,0.0,0.0,0.0,0.0,0.0,,,,,,,,,,,,,,,,,,,,,,,,,,,,,,,,,,,,,,,,,,,,,,,,,,,,,,,,,,,,,,,,,,,,,,,,,,,,,,,,,,,,,,,,,,
3537206,,,,,,,,,,,,,,,,,,,,,,,,,,,,,,,,,,,,,,,,,,,,,,,,,,,,,,,,,0.0,0.0,0.0,0.0,0.0,0.0,0.0,170.0,21.0,20.0,594.0,1293.0,61.0,427.0,0.0,0.0,0.0,0.0,0.0,0.0,0.0,,,,,,,,,,,,,,,,,,,,,,,,,,,,,,,,,,,,,,,,,,,,,,,,,,,,,,,,,,,,,,,,,,,,,,,,,,,,,,,,,,,,,,,,,,
3537305,,,,,,,,,,,,,,,,,,,,,,,,,,,,,,,,,,,,,,,,,,,,,,,,,,,,,,,,,0.0,0.0,0.0,0.0,0.0,0.0,0.0,586.0,71.0,109.0,3687.0,5627.0,112.0,1062.0,0.0,0.0,0.0,0.0,0.0,0.0,0.0,,,,,,,,,,,,,,,,,,,,,,,,,,,,,,,,,,,,,,,,,,,,,,,,,,,,,,,,,,,,,,,,,,,,,,,,,,,,,,,,,,,,,,,,,,
3537404,,,,,,,,,,,,,,,,,,,,,,,,,,,,,,,,,,,,,,,,,,,,,,,,,,,,,,,,,0.0,0.0,0.0,0.0,0.0,0.0,0.0,555.0,22.0,30.0,1499.0,2651.0,63.0,482.0,0.0,0.0,0.0,0.0,0.0,0.0,0.0,,,,,,,,,,,,,,,,,,,,,,,,,,,,,,,,,,,,,,,,,,,,,,,,,,,,,,,,,,,,,,,,,,,,,,,,,,,,,,,,,,,,,,,,,,
3537503,,,,,,,,,,,,,,,,,,,,,,,,,,,,,,,,,,,,,,,,,,,,,,,,,,,,,,,,,0.0,0.0,0.0,0.0,0.0,0.0,0.0,245.0,9.0,14.0,418.0,856.0,31.0,139.0,0.0,0.0,0.0,0.0,0.0,0.0,0.0,,,,,,,,,,,,,,,,,,,,,,,,,,,,,,,,,,,,,,,,,,,,,,,,,,,,,,,,,,,,,,,,,,,,,,,,,,,,,,,,,,,,,,,,,,
3537602,1.0,0.0,0.0,0.0,100.0,0.0,100.0,100.0,77.62,22.38,0.0,0.0,0.0,100.0,0.0,0.0,0.0,100.0,0.0,100.0,88.78,70.41,18.37,11.22,9.18,2.04,100.0,0.0,0.0,0.0,277.0,0.0,277.0,277.0,215.0,62.0,0.0,0.0,0.0,277.0,0.0,0.0,0.0,98.0,0.0,98.0,87.0,69.0,18.0,11.0,9.0,2.0,98.0,8751.15,277.0,0.032,0.0,0.0,0.0,0.0,0.0,0.0,0.0,20.0,99.0,99.0,4781.0,7582.0,216.0,2367.0,0.0,0.0,0.0,0.0,0.0,0.0,0.0,0.0,100.0,1.15,98.85,0.0,0.0,0.0,0.0,87.0,1.0,86.0,0.0,0.0,0.0,97.7,0.0,100.0,0.0,0.0,0.0,0.0,0.0,2.3,98.85,1.15,0.0,85.0,0.0,87.0,0.0,0.0,0.0,0.0,0.0,2.0,86.0,1.0,0.0,27.59,98.85,88.51,9.2,1.15,0.0,0.0,100.0,1.15,0.0,25.29,2.3,18.39,0.0,48.28,0.0,5.75,0.0,24.0,86.0,77.0,8.0,1.0,0.0,0.0,87.0,1.0,0.0,22.0,2.0,16.0,0.0,42.0,0.0,5.0,0.0,0.0,100.0,100.0,85.06,14.94,0.0,0.0,0.0,0.0,87.0,87.0,74.0,13.0,0.0,0.0,0.0
3537701,,,,,,,,,,,,,,,,,,,,,,,,,,,,,,,,,,,,,,,,,,,,,,,,,,,,,,,,,0.0,0.0,0.0,0.0,0.0,0.0,0.0,190.0,5.0,3.0,389.0,667.0,13.0,67.0,0.0,0.0,0.0,0.0,0.0,0.0,0.0,,,,,,,,,,,,,,,,,,,,,,,,,,,,,,,,,,,,,,,,,,,,,,,,,,,,,,,,,,,,,,,,,,,,,,,,,,,,,,,,,,,,,,,,,,
3537800,,,,,,,,,,,,,,,,,,,,,,,,,,,,,,,,,,,,,,,,,,,,,,,,,,,,,,,,,0.0,0.0,0.0,0.0,0.0,0.0,0.0,1388.0,65.0,85.0,3689.0,7153.0,195.0,1731.0,0.0,0.0,0.0,0.0,0.0,0.0,0.0,,,,,,,,,,,,,,,,,,,,,,,,,,,,,,,,,,,,,,,,,,,,,,,,,,,,,,,,,,,,,,,,,,,,,,,,,,,,,,,,,,,,,,,,,,
3537909,,,,,,,,,,,,,,,,,,,,,,,,,,,,,,,,,,,,,,,,,,,,,,,,,,,,,,,,,0.0,0.0,0.0,0.0,0.0,0.0,0.0,706.0,27.0,35.0,1580.0,3049.0,90.0,611.0,0.0,0.0,0.0,0.0,0.0,0.0,0.0,,,,,,,,,,,,,,,,,,,,,,,,,,,,,,,,,,,,,,,,,,,,,,,,,,,,,,,,,,,,,,,,,,,,,,,,,,,,,,,,,,,,,,,,,,
3538006,1.0,0.0,0.0,0.0,100.0,0.0,100.0,100.0,100.0,0.0,0.0,0.0,0.0,100.0,0.0,0.0,0.0,100.0,0.0,100.0,80.0,80.0,0.0,20.0,16.67,3.33,100.0,0.0,0.0,0.0,148.0,0.0,148.0,148.0,148.0,0.0,0.0,0.0,0.0,148.0,0.0,0.0,0.0,60.0,0.0,60.0,48.0,48.0,0.0,12.0,10.0,2.0,60.0,5862.78,148.0,0.025,0.0,0.0,0.0,1.0,4.0,1.0,2.0,324.0,173.0,229.0,7437.0,11057.0,323.0,2571.0,0.0,0.0,0.0,0.01,0.04,0.31,0.08,0.0,100.0,0.0,100.0,0.0,0.0,0.0,0.0,48.0,0.0,48.0,0.0,0.0,0.0,89.58,0.0,100.0,10.42,0.0,0.0,0.0,0.0,0.0,100.0,0.0,0.0,43.0,0.0,48.0,5.0,0.0,0.0,0.0,0.0,0.0,48.0,0.0,0.0,16.67,100.0,91.67,8.33,0.0,0.0,0.0,100.0,0.0,0.0,16.67,0.0,0.0,0.0,79.17,4.17,0.0,0.0,8.0,48.0,44.0,4.0,0.0,0.0,0.0,48.0,0.0,0.0,8.0,0.0,0.0,0.0,38.0,2.0,0.0,0.0,0.0,100.0,100.0,100.0,0.0,0.0,0.0,0.0,0.0,48.0,48.0,48.0,0.0,0.0,0.0,0.0
3538105,,,,,,,,,,,,,,,,,,,,,,,,,,,,,,,,,,,,,,,,,,,,,,,,,,,,,,,,,0.0,0.0,0.0,0.0,0.0,0.0,0.0,160.0,14.0,29.0,954.0,1366.0,43.0,166.0,0.0,0.0,0.0,0.0,0.0,0.0,0.0,,,,,,,,,,,,,,,,,,,,,,,,,,,,,,,,,,,,,,,,,,,,,,,,,,,,,,,,,,,,,,,,,,,,,,,,,,,,,,,,,,,,,,,,,,
3538204,,,,,,,,,,,,,,,,,,,,,,,,,,,,,,,,,,,,,,,,,,,,,,,,,,,,,,,,,0.0,0.0,0.0,0.0,0.0,0.0,0.0,203.0,16.0,33.0,1012.0,1982.0,54.0,664.0,0.0,0.0,0.0,0.0,0.0,0.0,0.0,,,,,,,,,,,,,,,,,,,,,,,,,,,,,,,,,,,,,,,,,,,,,,,,,,,,,,,,,,,,,,,,,,,,,,,,,,,,,,,,,,,,,,,,,,
3538303,,,,,,,,,,,,,,,,,,,,,,,,,,,,,,,,,,,,,,,,,,,,,,,,,,,,,,,,,0.0,0.0,0.0,0.0,0.0,0.0,0.0,420.0,3.0,3.0,172.0,655.0,9.0,48.0,0.0,0.0,0.0,0.0,0.0,0.0,0.0,,,,,,,,,,,,,,,,,,,,,,,,,,,,,,,,,,,,,,,,,,,,,,,,,,,,,,,,,,,,,,,,,,,,,,,,,,,,,,,,,,,,,,,,,,
3538501,,,,,,,,,,,,,,,,,,,,,,,,,,,,,,,,,,,,,,,,,,,,,,,,,,,,,,,,,0.0,0.0,0.0,0.0,0.0,0.0,0.0,137.0,22.0,24.0,684.0,1021.0,37.0,117.0,0.0,0.0,0.0,0.0,0.0,0.0,0.0,,,,,,,,,,,,,,,,,,,,,,,,,,,,,,,,,,,,,,,,,,,,,,,,,,,,,,,,,,,,,,,,,,,,,,,,,,,,,,,,,,,,,,,,,,
3538600,,,,,,,,,,,,,,,,,,,,,,,,,,,,,,,,,,,,,,,,,,,,,,,,,,,,,,,,,0.0,0.0,0.0,0.0,0.0,0.0,0.0,234.0,32.0,20.0,1497.0,2550.0,69.0,698.0,0.0,0.0,0.0,0.0,0.0,0.0,0.0,,,,,,,,,,,,,,,,,,,,,,,,,,,,,,,,,,,,,,,,,,,,,,,,,,,,,,,,,,,,,,,,,,,,,,,,,,,,,,,,,,,,,,,,,,
3538709,16.0,0.0,0.0,0.0,89.5,10.5,100.0,89.5,81.95,7.55,0.0,0.0,0.0,100.0,0.0,0.04,0.04,90.09,9.87,100.0,75.16,68.47,6.69,14.92,13.16,1.76,99.96,0.0,0.0,0.0,9722.0,1141.0,10863.0,9722.0,8902.0,820.0,0.0,0.0,0.0,10863.0,0.0,2.0,2.0,4135.0,453.0,4590.0,3450.0,3143.0,307.0,685.0,604.0,81.0,4588.0,12807.95,10863.0,0.848,0.0,1.0,0.0,225.0,784.0,35.0,523.0,748.0,357.0,654.0,22978.0,33806.0,733.0,8336.0,0.0,0.28,0.0,0.98,2.32,4.77,6.27,0.12,100.0,0.03,93.36,0.32,0.0,6.17,4.0,3450.0,1.0,3221.0,11.0,0.0,213.0,87.51,0.0,100.0,0.14,0.26,0.06,0.0,0.0,12.03,99.04,0.43,0.52,3019.0,0.0,3450.0,5.0,9.0,2.0,0.0,0.0,415.0,3417.0,15.0,18.0,83.01,99.62,90.03,8.78,0.64,0.17,0.0,100.0,0.38,0.0,82.78,0.23,0.72,4.2,9.04,2.78,0.23,0.0,2864.0,3437.0,3106.0,303.0,22.0,6.0,0.0,3450.0,13.0,0.0,2856.0,8.0,25.0,145.0,312.0,96.0,8.0,0.0,0.09,100.0,99.22,61.07,38.14,0.2,0.12,0.38,3.0,3450.0,3423.0,2107.0,1316.0,7.0,4.0,13.0
3538808,,,,,,,,,,,,,,,,,,,,,,,,,,,,,,,,,,,,,,,,,,,,,,,,,,,,,,,,,0.0,0.0,0.0,0.0,0.0,0.0,0.0,663.0,55.0,46.0,2079.0,3439.0,77.0,519.0,0.0,0.0,0.0,0.0,0.0,0.0,0.0,,,,,,,,,,,,,,,,,,,,,,,,,,,,,,,,,,,,,,,,,,,,,,,,,,,,,,,,,,,,,,,,,,,,,,,,,,,,,,,,,,,,,,,,,,
3538907,,,,,,,,,,,,,,,,,,,,,,,,,,,,,,,,,,,,,,,,,,,,,,,,,,,,,,,,,0.0,0.0,0.0,0.0,0.0,0.0,0.0,469.0,23.0,63.0,1074.0,1999.0,99.0,271.0,0.0,0.0,0.0,0.0,0.0,0.0,0.0,,,,,,,,,,,,,,,,,,,,,,,,,,,,,,,,,,,,,,,,,,,,,,,,,,,,,,,,,,,,,,,,,,,,,,,,,,,,,,,,,,,,,,,,,,
3539004,,,,,,,,,,,,,,,,,,,,,,,,,,,,,,,,,,,,,,,,,,,,,,,,,,,,,,,,,0.0,0.0,0.0,0.0,0.0,0.0,0.0,390.0,11.0,24.0,682.0,1272.0,34.0,131.0,0.0,0.0,0.0,0.0,0.0,0.0,0.0,,,,,,,,,,,,,,,,,,,,,,,,,,,,,,,,,,,,,,,,,,,,,,,,,,,,,,,,,,,,,,,,,,,,,,,,,,,,,,,,,,,,,,,,,,
3539103,4.0,0.0,0.0,0.0,99.8,0.2,100.0,99.8,97.52,2.28,0.0,0.0,0.0,100.0,0.0,0.0,0.0,99.59,0.41,100.0,91.75,89.31,2.44,7.84,5.8,2.04,100.0,0.0,0.0,0.0,2972.0,6.0,2978.0,2972.0,2904.0,68.0,0.0,0.0,0.0,2978.0,0.0,0.0,0.0,978.0,4.0,982.0,901.0,877.0,24.0,77.0,57.0,20.0,982.0,13957.76,2978.0,0.213,0.0,0.0,0.0,45.0,96.0,7.0,44.0,13.0,21.0,8.0,901.0,1681.0,78.0,660.0,0.0,0.0,0.0,4.99,5.71,8.97,6.67,0.44,100.0,0.0,99.56,0.0,0.0,0.0,4.0,901.0,0.0,897.0,0.0,0.0,0.0,97.67,0.0,100.0,0.22,0.44,0.11,0.0,0.22,1.33,99.67,0.11,0.22,880.0,0.0,901.0,2.0,4.0,1.0,0.0,2.0,12.0,898.0,1.0,2.0,41.95,99.67,85.46,11.54,2.11,0.55,0.0,100.0,0.22,0.11,41.73,0.22,0.44,4.55,52.5,0.0,0.55,0.0,378.0,898.0,770.0,104.0,19.0,5.0,0.0,901.0,2.0,1.0,376.0,2.0,4.0,41.0,473.0,0.0,5.0,0.0,0.0,100.0,99.67,73.7,25.97,0.11,0.11,0.11,0.0,901.0,898.0,664.0,234.0,1.0,1.0,1.0
3539202,,,,,,,,,,,,,,,,,,,,,,,,,,,,,,,,,,,,,,,,,,,,,,,,,,,,,,,,,0.0,0.0,0.0,0.0,0.0,0.0,0.0,273.0,25.0,45.0,1504.0,2400.0,64.0,489.0,0.0,0.0,0.0,0.0,0.0,0.0,0.0,,,,,,,,,,,,,,,,,,,,,,,,,,,,,,,,,,,,,,,,,,,,,,,,,,,,,,,,,,,,,,,,,,,,,,,,,,,,,,,,,,,,,,,,,,
3539301,,,,,,,,,,,,,,,,,,,,,,,,,,,,,,,,,,,,,,,,,,,,,,,,,,,,,,,,,0.0,0.0,0.0,0.0,0.0,0.0,0.0,710.0,109.0,176.0,4342.0,6712.0,171.0,1204.0,0.0,0.0,0.0,0.0,0.0,0.0,0.0,,,,,,,,,,,,,,,,,,,,,,,,,,,,,,,,,,,,,,,,,,,,,,,,,,,,,,,,,,,,,,,,,,,,,,,,,,,,,,,,,,,,,,,,,,
3539400,,,,,,,,,,,,,,,,,,,,,,,,,,,,,,,,,,,,,,,,,,,,,,,,,,,,,,,,,0.0,0.0,0.0,0.0,0.0,0.0,0.0,539.0,13.0,13.0,925.0,2005.0,61.0,454.0,0.0,0.0,0.0,0.0,0.0,0.0,0.0,,,,,,,,,,,,,,,,,,,,,,,,,,,,,,,,,,,,,,,,,,,,,,,,,,,,,,,,,,,,,,,,,,,,,,,,,,,,,,,,,,,,,,,,,,
3539509,,,,,,,,,,,,,,,,,,,,,,,,,,,,,,,,,,,,,,,,,,,,,,,,,,,,,,,,,0.0,0.0,0.0,0.0,0.0,0.0,0.0,265.0,26.0,74.0,1894.0,3085.0,119.0,707.0,0.0,0.0,0.0,0.0,0.0,0.0,0.0,,,,,,,,,,,,,,,,,,,,,,,,,,,,,,,,,,,,,,,,,,,,,,,,,,,,,,,,,,,,,,,,,,,,,,,,,,,,,,,,,,,,,,,,,,
3539608,,,,,,,,,,,,,,,,,,,,,,,,,,,,,,,,,,,,,,,,,,,,,,,,,,,,,,,,,0.0,0.0,0.0,0.0,0.0,0.0,0.0,193.0,5.0,3.0,267.0,539.0,20.0,51.0,0.0,0.0,0.0,0.0,0.0,0.0,0.0,,,,,,,,,,,,,,,,,,,,,,,,,,,,,,,,,,,,,,,,,,,,,,,,,,,,,,,,,,,,,,,,,,,,,,,,,,,,,,,,,,,,,,,,,,
3539707,,,,,,,,,,,,,,,,,,,,,,,,,,,,,,,,,,,,,,,,,,,,,,,,,,,,,,,,,0.0,0.0,0.0,0.0,0.0,0.0,0.0,212.0,4.0,3.0,177.0,447.0,9.0,42.0,0.0,0.0,0.0,0.0,0.0,0.0,0.0,,,,,,,,,,,,,,,,,,,,,,,,,,,,,,,,,,,,,,,,,,,,,,,,,,,,,,,,,,,,,,,,,,,,,,,,,,,,,,,,,,,,,,,,,,
3539806,4.0,0.0,0.0,0.0,100.0,0.0,100.0,100.0,85.78,14.22,0.0,0.0,0.0,100.0,0.0,0.0,0.0,100.0,0.0,100.0,87.35,73.29,14.06,12.65,9.42,3.23,100.0,0.0,0.0,0.0,2040.0,0.0,2040.0,2040.0,1750.0,290.0,0.0,0.0,0.0,2040.0,0.0,0.0,0.0,775.0,0.0,775.0,677.0,568.0,109.0,98.0,73.0,25.0,775.0,7504.99,2040.0,0.272,0.0,0.0,0.0,96.0,165.0,4.0,65.0,12.0,109.0,99.0,5729.0,7153.0,220.0,984.0,0.0,0.0,0.0,1.68,2.31,1.82,6.61,0.0,100.0,0.0,99.56,0.3,0.0,0.15,0.0,677.0,0.0,674.0,2.0,0.0,1.0,73.41,0.0,100.0,1.48,0.59,0.0,0.0,0.15,24.37,92.61,6.2,1.18,497.0,0.0,677.0,10.0,4.0,0.0,0.0,1.0,165.0,627.0,42.0,8.0,33.68,99.7,85.38,12.85,1.48,0.0,0.0,100.0,0.3,0.0,33.23,0.44,9.6,32.5,21.71,1.33,1.18,0.0,228.0,675.0,578.0,87.0,10.0,0.0,0.0,677.0,2.0,0.0,225.0,3.0,65.0,220.0,147.0,9.0,8.0,0.0,0.59,100.0,89.07,70.46,18.61,0.74,0.0,9.6,4.0,677.0,603.0,477.0,126.0,5.0,0.0,65.0
3539905,,,,,,,,,,,,,,,,,,,,,,,,,,,,,,,,,,,,,,,,,,,,,,,,,,,,,,,,,0.0,0.0,0.0,0.0,0.0,0.0,0.0,163.0,5.0,6.0,445.0,778.0,20.0,139.0,0.0,0.0,0.0,0.0,0.0,0.0,0.0,,,,,,,,,,,,,,,,,,,,,,,,,,,,,,,,,,,,,,,,,,,,,,,,,,,,,,,,,,,,,,,,,,,,,,,,,,,,,,,,,,,,,,,,,,
3540002,,,,,,,,,,,,,,,,,,,,,,,,,,,,,,,,,,,,,,,,,,,,,,,,,,,,,,,,,0.0,0.0,0.0,0.0,0.0,0.0,0.0,269.0,23.0,70.0,1227.0,2159.0,43.0,527.0,0.0,0.0,0.0,0.0,0.0,0.0,0.0,,,,,,,,,,,,,,,,,,,,,,,,,,,,,,,,,,,,,,,,,,,,,,,,,,,,,,,,,,,,,,,,,,,,,,,,,,,,,,,,,,,,,,,,,,
3540101,,,,,,,,,,,,,,,,,,,,,,,,,,,,,,,,,,,,,,,,,,,,,,,,,,,,,,,,,0.0,0.0,0.0,0.0,0.0,0.0,0.0,175.0,4.0,2.0,256.0,539.0,17.0,85.0,0.0,0.0,0.0,0.0,0.0,0.0,0.0,,,,,,,,,,,,,,,,,,,,,,,,,,,,,,,,,,,,,,,,,,,,,,,,,,,,,,,,,,,,,,,,,,,,,,,,,,,,,,,,,,,,,,,,,,
3540200,,,,,,,,,,,,,,,,,,,,,,,,,,,,,,,,,,,,,,,,,,,,,,,,,,,,,,,,,0.0,0.0,0.0,0.0,0.0,0.0,0.0,83.0,34.0,48.0,2125.0,3137.0,93.0,754.0,0.0,0.0,0.0,0.0,0.0,0.0,0.0,,,,,,,,,,,,,,,,,,,,,,,,,,,,,,,,,,,,,,,,,,,,,,,,,,,,,,,,,,,,,,,,,,,,,,,,,,,,,,,,,,,,,,,,,,
3540259,,,,,,,,,,,,,,,,,,,,,,,,,,,,,,,,,,,,,,,,,,,,,,,,,,,,,,,,,0.0,0.0,0.0,0.0,0.0,0.0,0.0,300.0,4.0,3.0,240.0,609.0,15.0,47.0,0.0,0.0,0.0,0.0,0.0,0.0,0.0,,,,,,,,,,,,,,,,,,,,,,,,,,,,,,,,,,,,,,,,,,,,,,,,,,,,,,,,,,,,,,,,,,,,,,,,,,,,,,,,,,,,,,,,,,
3540309,,,,,,,,,,,,,,,,,,,,,,,,,,,,,,,,,,,,,,,,,,,,,,,,,,,,,,,,,0.0,0.0,0.0,0.0,0.0,0.0,0.0,113.0,5.0,4.0,147.0,312.0,15.0,28.0,0.0,0.0,0.0,0.0,0.0,0.0,0.0,,,,,,,,,,,,,,,,,,,,,,,,,,,,,,,,,,,,,,,,,,,,,,,,,,,,,,,,,,,,,,,,,,,,,,,,,,,,,,,,,,,,,,,,,,
3540408,,,,,,,,,,,,,,,,,,,,,,,,,,,,,,,,,,,,,,,,,,,,,,,,,,,,,,,,,0.0,0.0,0.0,0.0,0.0,0.0,0.0,347.0,3.0,7.0,249.0,683.0,15.0,62.0,0.0,0.0,0.0,0.0,0.0,0.0,0.0,,,,,,,,,,,,,,,,,,,,,,,,,,,,,,,,,,,,,,,,,,,,,,,,,,,,,,,,,,,,,,,,,,,,,,,,,,,,,,,,,,,,,,,,,,
3540507,,,,,,,,,,,,,,,,,,,,,,,,,,,,,,,,,,,,,,,,,,,,,,,,,,,,,,,,,0.0,0.0,0.0,0.0,0.0,0.0,0.0,489.0,10.0,15.0,507.0,1964.0,43.0,900.0,0.0,0.0,0.0,0.0,0.0,0.0,0.0,,,,,,,,,,,,,,,,,,,,,,,,,,,,,,,,,,,,,,,,,,,,,,,,,,,,,,,,,,,,,,,,,,,,,,,,,,,,,,,,,,,,,,,,,,
3540606,,,,,,,,,,,,,,,,,,,,,,,,,,,,,,,,,,,,,,,,,,,,,,,,,,,,,,,,,0.0,0.0,0.0,0.0,0.0,0.0,0.0,458.0,58.0,54.0,2849.0,4887.0,113.0,1355.0,0.0,0.0,0.0,0.0,0.0,0.0,0.0,,,,,,,,,,,,,,,,,,,,,,,,,,,,,,,,,,,,,,,,,,,,,,,,,,,,,,,,,,,,,,,,,,,,,,,,,,,,,,,,,,,,,,,,,,
3540705,1.0,0.0,0.0,0.0,100.0,0.0,100.0,100.0,99.19,0.81,0.0,0.0,0.0,100.0,0.0,0.0,0.0,100.0,0.0,100.0,87.21,86.28,0.93,12.79,11.16,1.63,100.0,0.0,0.0,0.0,1234.0,0.0,1234.0,1234.0,1224.0,10.0,0.0,0.0,0.0,1234.0,0.0,0.0,0.0,430.0,0.0,430.0,375.0,371.0,4.0,55.0,48.0,7.0,430.0,7287.42,1234.0,0.169,0.0,0.0,0.0,15.0,19.0,1.0,3.0,171.0,46.0,111.0,3462.0,4848.0,88.0,970.0,0.0,0.0,0.0,0.43,0.39,1.14,0.31,0.27,100.0,0.0,99.73,0.0,0.0,0.0,1.0,375.0,0.0,374.0,0.0,0.0,0.0,99.73,0.0,100.0,0.27,0.0,0.0,0.0,0.0,0.0,100.0,0.0,0.0,374.0,0.0,375.0,1.0,0.0,0.0,0.0,0.0,0.0,375.0,0.0,0.0,76.8,100.0,91.2,8.0,0.8,0.0,0.0,100.0,0.0,0.0,75.47,1.33,0.27,9.6,10.13,0.27,2.93,0.0,288.0,375.0,342.0,30.0,3.0,0.0,0.0,375.0,0.0,0.0,283.0,5.0,1.0,36.0,38.0,1.0,11.0,0.0,0.0,100.0,100.0,100.0,0.0,0.0,0.0,0.0,0.0,375.0,375.0,375.0,0.0,0.0,0.0,0.0
3540754,,,,,,,,,,,,,,,,,,,,,,,,,,,,,,,,,,,,,,,,,,,,,,,,,,,,,,,,,0.0,0.0,0.0,0.0,0.0,0.0,0.0,77.0,14.0,16.0,985.0,1443.0,47.0,304.0,0.0,0.0,0.0,0.0,0.0,0.0,0.0,,,,,,,,,,,,,,,,,,,,,,,,,,,,,,,,,,,,,,,,,,,,,,,,,,,,,,,,,,,,,,,,,,,,,,,,,,,,,,,,,,,,,,,,,,
3540804,,,,,,,,,,,,,,,,,,,,,,,,,,,,,,,,,,,,,,,,,,,,,,,,,,,,,,,,,0.0,0.0,0.0,0.0,0.0,0.0,0.0,609.0,15.0,15.0,1151.0,2227.0,42.0,395.0,0.0,0.0,0.0,0.0,0.0,0.0,0.0,,,,,,,,,,,,,,,,,,,,,,,,,,,,,,,,,,,,,,,,,,,,,,,,,,,,,,,,,,,,,,,,,,,,,,,,,,,,,,,,,,,,,,,,,,
3540853,,,,,,,,,,,,,,,,,,,,,,,,,,,,,,,,,,,,,,,,,,,,,,,,,,,,,,,,,0.0,0.0,0.0,0.0,0.0,0.0,0.0,124.0,3.0,2.0,85.0,231.0,6.0,11.0,0.0,0.0,0.0,0.0,0.0,0.0,0.0,,,,,,,,,,,,,,,,,,,,,,,,,,,,,,,,,,,,,,,,,,,,,,,,,,,,,,,,,,,,,,,,,,,,,,,,,,,,,,,,,,,,,,,,,,
3540903,,,,,,,,,,,,,,,,,,,,,,,,,,,,,,,,,,,,,,,,,,,,,,,,,,,,,,,,,0.0,0.0,0.0,0.0,0.0,0.0,0.0,260.0,15.0,43.0,902.0,1792.0,37.0,535.0,0.0,0.0,0.0,0.0,0.0,0.0,0.0,,,,,,,,,,,,,,,,,,,,,,,,,,,,,,,,,,,,,,,,,,,,,,,,,,,,,,,,,,,,,,,,,,,,,,,,,,,,,,,,,,,,,,,,,,
3541000,12.0,0.13,0.0,0.13,99.66,0.22,100.0,99.66,95.4,4.26,0.0,0.0,0.0,99.87,0.01,0.01,0.02,99.74,0.23,100.0,84.76,80.73,4.03,14.99,13.08,1.91,99.98,27.0,0.0,27.0,21242.0,46.0,21315.0,21242.0,20334.0,908.0,0.0,0.0,0.0,21288.0,1.0,1.0,2.0,8193.0,19.0,8214.0,6962.0,6631.0,331.0,1231.0,1074.0,157.0,8212.0,10030.22,21315.0,2.125,0.0,3.0,1.0,922.0,1385.0,72.0,387.0,4.0,212.0,202.0,15958.0,22484.0,584.0,5524.0,0.0,1.42,0.5,5.78,6.16,12.33,7.01,1.49,100.0,0.3,97.34,0.17,0.0,0.69,104.0,6962.0,21.0,6777.0,12.0,0.0,48.0,98.89,0.0,100.0,0.0,0.0,0.56,0.0,0.04,0.5,98.95,0.82,0.23,6885.0,0.0,6962.0,0.0,0.0,39.0,0.0,3.0,35.0,6889.0,57.0,16.0,87.98,99.55,78.2,18.59,2.2,0.57,0.07,100.0,0.2,0.17,75.91,12.07,1.77,2.27,5.3,0.23,2.38,0.07,6125.0,6931.0,5444.0,1294.0,153.0,40.0,5.0,6962.0,14.0,12.0,5285.0,840.0,123.0,158.0,369.0,16.0,166.0,5.0,0.75,100.0,98.68,93.79,4.88,0.2,0.01,0.36,52.0,6962.0,6870.0,6530.0,340.0,14.0,1.0,25.0
3541059,,,,,,,,,,,,,,,,,,,,,,,,,,,,,,,,,,,,,,,,,,,,,,,,,,,,,,,,,0.0,0.0,0.0,0.0,0.0,0.0,0.0,73.0,6.0,7.0,262.0,455.0,24.0,83.0,0.0,0.0,0.0,0.0,0.0,0.0,0.0,,,,,,,,,,,,,,,,,,,,,,,,,,,,,,,,,,,,,,,,,,,,,,,,,,,,,,,,,,,,,,,,,,,,,,,,,,,,,,,,,,,,,,,,,,
3541109,,,,,,,,,,,,,,,,,,,,,,,,,,,,,,,,,,,,,,,,,,,,,,,,,,,,,,,,,0.0,0.0,0.0,0.0,0.0,0.0,0.0,118.0,4.0,3.0,216.0,442.0,26.0,75.0,0.0,0.0,0.0,0.0,0.0,0.0,0.0,,,,,,,,,,,,,,,,,,,,,,,,,,,,,,,,,,,,,,,,,,,,,,,,,,,,,,,,,,,,,,,,,,,,,,,,,,,,,,,,,,,,,,,,,,
3541208,,,,,,,,,,,,,,,,,,,,,,,,,,,,,,,,,,,,,,,,,,,,,,,,,,,,,,,,,0.0,0.0,0.0,0.0,0.0,0.0,0.0,1279.0,14.0,43.0,691.0,2309.0,49.0,233.0,0.0,0.0,0.0,0.0,0.0,0.0,0.0,,,,,,,,,,,,,,,,,,,,,,,,,,,,,,,,,,,,,,,,,,,,,,,,,,,,,,,,,,,,,,,,,,,,,,,,,,,,,,,,,,,,,,,,,,
3541307,1.0,6.25,0.0,6.25,91.67,2.08,100.0,91.67,83.33,8.33,0.0,0.0,0.0,93.75,2.17,0.0,2.17,95.65,2.17,100.0,71.74,65.22,6.52,23.91,17.39,6.52,97.83,6.0,0.0,6.0,88.0,2.0,96.0,88.0,80.0,8.0,0.0,0.0,0.0,90.0,1.0,0.0,1.0,44.0,1.0,46.0,33.0,30.0,3.0,11.0,8.0,3.0,45.0,1356.2,96.0,0.071,0.0,0.0,0.0,7.0,12.0,0.0,5.0,857.0,37.0,76.0,2564.0,4366.0,108.0,724.0,0.0,0.0,0.0,0.27,0.27,0.0,0.69,0.0,100.0,0.0,100.0,0.0,0.0,0.0,0.0,33.0,0.0,33.0,0.0,0.0,0.0,100.0,0.0,100.0,0.0,0.0,0.0,0.0,0.0,0.0,100.0,0.0,0.0,33.0,0.0,33.0,0.0,0.0,0.0,0.0,0.0,0.0,33.0,0.0,0.0,51.52,100.0,72.73,24.24,3.03,0.0,0.0,100.0,0.0,0.0,48.48,3.03,18.18,18.18,0.0,12.12,0.0,0.0,17.0,33.0,24.0,8.0,1.0,0.0,0.0,33.0,0.0,0.0,16.0,1.0,6.0,6.0,0.0,4.0,0.0,0.0,0.0,100.0,96.97,96.97,0.0,0.0,0.0,3.03,0.0,33.0,32.0,32.0,0.0,0.0,0.0,1.0
3541406,,,,,,,,,,,,,,,,,,,,,,,,,,,,,,,,,,,,,,,,,,,,,,,,,,,,,,,,,0.0,0.0,0.0,0.0,0.0,0.0,0.0,562.0,188.0,631.0,12921.0,18164.0,401.0,3461.0,0.0,0.0,0.0,0.0,0.0,0.0,0.0,,,,,,,,,,,,,,,,,,,,,,,,,,,,,,,,,,,,,,,,,,,,,,,,,,,,,,,,,,,,,,,,,,,,,,,,,,,,,,,,,,,,,,,,,,
3541505,,,,,,,,,,,,,,,,,,,,,,,,,,,,,,,,,,,,,,,,,,,,,,,,,,,,,,,,,0.0,0.0,0.0,0.0,0.0,0.0,0.0,619.0,38.0,105.0,2426.0,3803.0,80.0,535.0,0.0,0.0,0.0,0.0,0.0,0.0,0.0,,,,,,,,,,,,,,,,,,,,,,,,,,,,,,,,,,,,,,,,,,,,,,,,,,,,,,,,,,,,,,,,,,,,,,,,,,,,,,,,,,,,,,,,,,
3541604,,,,,,,,,,,,,,,,,,,,,,,,,,,,,,,,,,,,,,,,,,,,,,,,,,,,,,,,,0.0,0.0,0.0,0.0,0.0,0.0,0.0,1115.0,39.0,69.0,2115.0,4015.0,96.0,581.0,0.0,0.0,0.0,0.0,0.0,0.0,0.0,,,,,,,,,,,,,,,,,,,,,,,,,,,,,,,,,,,,,,,,,,,,,,,,,,,,,,,,,,,,,,,,,,,,,,,,,,,,,,,,,,,,,,,,,,
3541653,,,,,,,,,,,,,,,,,,,,,,,,,,,,,,,,,,,,,,,,,,,,,,,,,,,,,,,,,0.0,0.0,0.0,0.0,0.0,0.0,0.0,264.0,3.0,4.0,228.0,751.0,20.0,232.0,0.0,0.0,0.0,0.0,0.0,0.0,0.0,,,,,,,,,,,,,,,,,,,,,,,,,,,,,,,,,,,,,,,,,,,,,,,,,,,,,,,,,,,,,,,,,,,,,,,,,,,,,,,,,,,,,,,,,,
3541703,,,,,,,,,,,,,,,,,,,,,,,,,,,,,,,,,,,,,,,,,,,,,,,,,,,,,,,,,0.0,0.0,0.0,0.0,0.0,0.0,0.0,222.0,14.0,23.0,680.0,1179.0,31.0,209.0,0.0,0.0,0.0,0.0,0.0,0.0,0.0,,,,,,,,,,,,,,,,,,,,,,,,,,,,,,,,,,,,,,,,,,,,,,,,,,,,,,,,,,,,,,,,,,,,,,,,,,,,,,,,,,,,,,,,,,
3541802,,,,,,,,,,,,,,,,,,,,,,,,,,,,,,,,,,,,,,,,,,,,,,,,,,,,,,,,,0.0,0.0,0.0,0.0,0.0,0.0,0.0,88.0,5.0,5.0,199.0,390.0,6.0,87.0,0.0,0.0,0.0,0.0,0.0,0.0,0.0,,,,,,,,,,,,,,,,,,,,,,,,,,,,,,,,,,,,,,,,,,,,,,,,,,,,,,,,,,,,,,,,,,,,,,,,,,,,,,,,,,,,,,,,,,
3541901,,,,,,,,,,,,,,,,,,,,,,,,,,,,,,,,,,,,,,,,,,,,,,,,,,,,,,,,,0.0,0.0,0.0,0.0,0.0,0.0,0.0,39.0,7.0,12.0,644.0,909.0,39.0,168.0,0.0,0.0,0.0,0.0,0.0,0.0,0.0,,,,,,,,,,,,,,,,,,,,,,,,,,,,,,,,,,,,,,,,,,,,,,,,,,,,,,,,,,,,,,,,,,,,,,,,,,,,,,,,,,,,,,,,,,
3542008,,,,,,,,,,,,,,,,,,,,,,,,,,,,,,,,,,,,,,,,,,,,,,,,,,,,,,,,,0.0,0.0,0.0,0.0,0.0,0.0,0.0,139.0,6.0,14.0,434.0,780.0,31.0,156.0,0.0,0.0,0.0,0.0,0.0,0.0,0.0,,,,,,,,,,,,,,,,,,,,,,,,,,,,,,,,,,,,,,,,,,,,,,,,,,,,,,,,,,,,,,,,,,,,,,,,,,,,,,,,,,,,,,,,,,
3542107,,,,,,,,,,,,,,,,,,,,,,,,,,,,,,,,,,,,,,,,,,,,,,,,,,,,,,,,,0.0,0.0,0.0,0.0,0.0,0.0,0.0,57.0,14.0,10.0,636.0,1042.0,36.0,289.0,0.0,0.0,0.0,0.0,0.0,0.0,0.0,,,,,,,,,,,,,,,,,,,,,,,,,,,,,,,,,,,,,,,,,,,,,,,,,,,,,,,,,,,,,,,,,,,,,,,,,,,,,,,,,,,,,,,,,,
3542206,,,,,,,,,,,,,,,,,,,,,,,,,,,,,,,,,,,,,,,,,,,,,,,,,,,,,,,,,0.0,0.0,0.0,0.0,0.0,0.0,0.0,873.0,38.0,60.0,1888.0,3321.0,79.0,383.0,0.0,0.0,0.0,0.0,0.0,0.0,0.0,,,,,,,,,,,,,,,,,,,,,,,,,,,,,,,,,,,,,,,,,,,,,,,,,,,,,,,,,,,,,,,,,,,,,,,,,,,,,,,,,,,,,,,,,,
3542305,,,,,,,,,,,,,,,,,,,,,,,,,,,,,,,,,,,,,,,,,,,,,,,,,,,,,,,,,0.0,0.0,0.0,0.0,0.0,0.0,0.0,378.0,5.0,5.0,184.0,729.0,29.0,128.0,0.0,0.0,0.0,0.0,0.0,0.0,0.0,,,,,,,,,,,,,,,,,,,,,,,,,,,,,,,,,,,,,,,,,,,,,,,,,,,,,,,,,,,,,,,,,,,,,,,,,,,,,,,,,,,,,,,,,,
3542404,,,,,,,,,,,,,,,,,,,,,,,,,,,,,,,,,,,,,,,,,,,,,,,,,,,,,,,,,0.0,0.0,0.0,0.0,0.0,0.0,0.0,369.0,24.0,30.0,1157.0,2037.0,49.0,408.0,0.0,0.0,0.0,0.0,0.0,0.0,0.0,,,,,,,,,,,,,,,,,,,,,,,,,,,,,,,,,,,,,,,,,,,,,,,,,,,,,,,,,,,,,,,,,,,,,,,,,,,,,,,,,,,,,,,,,,
3542503,,,,,,,,,,,,,,,,,,,,,,,,,,,,,,,,,,,,,,,,,,,,,,,,,,,,,,,,,0.0,0.0,0.0,0.0,0.0,0.0,0.0,149.0,6.0,4.0,360.0,604.0,17.0,68.0,0.0,0.0,0.0,0.0,0.0,0.0,0.0,,,,,,,,,,,,,,,,,,,,,,,,,,,,,,,,,,,,,,,,,,,,,,,,,,,,,,,,,,,,,,,,,,,,,,,,,,,,,,,,,,,,,,,,,,
3542602,,,,,,,,,,,,,,,,,,,,,,,,,,,,,,,,,,,,,,,,,,,,,,,,,,,,,,,,,0.0,0.0,0.0,0.0,0.0,0.0,0.0,466.0,74.0,112.0,3314.0,5148.0,257.0,925.0,0.0,0.0,0.0,0.0,0.0,0.0,0.0,,,,,,,,,,,,,,,,,,,,,,,,,,,,,,,,,,,,,,,,,,,,,,,,,,,,,,,,,,,,,,,,,,,,,,,,,,,,,,,,,,,,,,,,,,
3542701,,,,,,,,,,,,,,,,,,,,,,,,,,,,,,,,,,,,,,,,,,,,,,,,,,,,,,,,,0.0,0.0,0.0,0.0,0.0,0.0,0.0,262.0,6.0,7.0,344.0,768.0,29.0,120.0,0.0,0.0,0.0,0.0,0.0,0.0,0.0,,,,,,,,,,,,,,,,,,,,,,,,,,,,,,,,,,,,,,,,,,,,,,,,,,,,,,,,,,,,,,,,,,,,,,,,,,,,,,,,,,,,,,,,,,
3542800,,,,,,,,,,,,,,,,,,,,,,,,,,,,,,,,,,,,,,,,,,,,,,,,,,,,,,,,,0.0,0.0,0.0,0.0,0.0,0.0,0.0,182.0,7.0,5.0,167.0,463.0,32.0,70.0,0.0,0.0,0.0,0.0,0.0,0.0,0.0,,,,,,,,,,,,,,,,,,,,,,,,,,,,,,,,,,,,,,,,,,,,,,,,,,,,,,,,,,,,,,,,,,,,,,,,,,,,,,,,,,,,,,,,,,
3542909,,,,,,,,,,,,,,,,,,,,,,,,,,,,,,,,,,,,,,,,,,,,,,,,,,,,,,,,,0.0,0.0,0.0,0.0,0.0,0.0,0.0,302.0,17.0,26.0,742.0,1311.0,45.0,179.0,0.0,0.0,0.0,0.0,0.0,0.0,0.0,,,,,,,,,,,,,,,,,,,,,,,,,,,,,,,,,,,,,,,,,,,,,,,,,,,,,,,,,,,,,,,,,,,,,,,,,,,,,,,,,,,,,,,,,,
3543006,,,,,,,,,,,,,,,,,,,,,,,,,,,,,,,,,,,,,,,,,,,,,,,,,,,,,,,,,0.0,0.0,0.0,0.0,0.0,0.0,0.0,593.0,41.0,22.0,952.0,2117.0,86.0,423.0,0.0,0.0,0.0,0.0,0.0,0.0,0.0,,,,,,,,,,,,,,,,,,,,,,,,,,,,,,,,,,,,,,,,,,,,,,,,,,,,,,,,,,,,,,,,,,,,,,,,,,,,,,,,,,,,,,,,,,
3543105,,,,,,,,,,,,,,,,,,,,,,,,,,,,,,,,,,,,,,,,,,,,,,,,,,,,,,,,,0.0,0.0,0.0,0.0,0.0,0.0,0.0,374.0,6.0,4.0,240.0,713.0,18.0,71.0,0.0,0.0,0.0,0.0,0.0,0.0,0.0,,,,,,,,,,,,,,,,,,,,,,,,,,,,,,,,,,,,,,,,,,,,,,,,,,,,,,,,,,,,,,,,,,,,,,,,,,,,,,,,,,,,,,,,,,
3543204,,,,,,,,,,,,,,,,,,,,,,,,,,,,,,,,,,,,,,,,,,,,,,,,,,,,,,,,,0.0,0.0,0.0,0.0,0.0,0.0,0.0,221.0,4.0,8.0,282.0,622.0,12.0,95.0,0.0,0.0,0.0,0.0,0.0,0.0,0.0,,,,,,,,,,,,,,,,,,,,,,,,,,,,,,,,,,,,,,,,,,,,,,,,,,,,,,,,,,,,,,,,,,,,,,,,,,,,,,,,,,,,,,,,,,
3543238,,,,,,,,,,,,,,,,,,,,,,,,,,,,,,,,,,,,,,,,,,,,,,,,,,,,,,,,,0.0,0.0,0.0,0.0,0.0,0.0,0.0,160.0,2.0,2.0,113.0,297.0,7.0,13.0,0.0,0.0,0.0,0.0,0.0,0.0,0.0,,,,,,,,,,,,,,,,,,,,,,,,,,,,,,,,,,,,,,,,,,,,,,,,,,,,,,,,,,,,,,,,,,,,,,,,,,,,,,,,,,,,,,,,,,
3543253,,,,,,,,,,,,,,,,,,,,,,,,,,,,,,,,,,,,,,,,,,,,,,,,,,,,,,,,,0.0,0.0,0.0,0.0,0.0,0.0,0.0,230.0,13.0,1.0,408.0,873.0,30.0,191.0,0.0,0.0,0.0,0.0,0.0,0.0,0.0,,,,,,,,,,,,,,,,,,,,,,,,,,,,,,,,,,,,,,,,,,,,,,,,,,,,,,,,,,,,,,,,,,,,,,,,,,,,,,,,,,,,,,,,,,
3543303,4.0,0.0,0.0,0.0,98.03,1.97,100.0,98.03,91.11,6.93,0.0,0.0,0.0,100.0,0.0,0.0,0.0,97.24,2.76,100.0,91.88,84.83,7.05,5.36,5.08,0.28,100.0,0.0,0.0,0.0,4586.0,92.0,4678.0,4586.0,4262.0,324.0,0.0,0.0,0.0,4678.0,0.0,0.0,0.0,1724.0,49.0,1773.0,1629.0,1504.0,125.0,95.0,90.0,5.0,1773.0,14830.45,4678.0,0.315,2.0,0.0,0.0,70.0,120.0,3.0,45.0,9.0,111.0,91.0,4580.0,6261.0,240.0,1230.0,22.22,0.0,0.0,1.53,1.92,1.25,3.66,0.12,100.0,0.0,96.62,2.95,0.0,0.31,2.0,1629.0,0.0,1574.0,48.0,0.0,5.0,97.67,0.0,100.0,0.25,0.0,0.0,0.0,0.18,1.9,99.75,0.18,0.06,1591.0,0.0,1629.0,4.0,0.0,0.0,0.0,3.0,31.0,1625.0,3.0,1.0,70.29,99.88,85.76,12.77,1.17,0.18,0.0,100.0,0.06,0.06,69.67,0.61,3.38,1.72,20.44,1.47,2.7,0.0,1145.0,1627.0,1397.0,208.0,19.0,3.0,0.0,1629.0,1.0,1.0,1135.0,10.0,55.0,28.0,333.0,24.0,44.0,0.0,0.86,100.0,98.22,93.49,4.73,0.12,0.0,0.8,14.0,1629.0,1600.0,1523.0,77.0,2.0,0.0,13.0
3543402,47.0,0.0,0.0,0.0,97.92,2.08,100.0,97.92,88.39,9.53,0.0,0.0,0.0,100.0,0.0,0.0,0.0,97.94,2.06,100.0,87.76,78.86,8.9,10.19,8.88,1.31,100.0,0.0,0.0,0.0,23286.0,495.0,23781.0,23286.0,21020.0,2266.0,0.0,0.0,0.0,23781.0,0.0,0.0,0.0,8625.0,181.0,8806.0,7728.0,6944.0,784.0,897.0,782.0,115.0,8806.0,13245.63,23781.0,1.795,2.0,0.0,1.0,645.0,1027.0,39.0,340.0,630.0,654.0,1134.0,43024.0,54831.0,857.0,8532.0,0.32,0.0,0.09,1.5,1.87,4.55,3.98,0.76,100.0,0.0,89.66,2.59,0.0,6.99,59.0,7728.0,0.0,6929.0,200.0,0.0,540.0,95.01,0.0,100.0,0.1,0.04,0.32,0.01,0.0,4.52,98.05,1.5,0.45,7342.0,0.0,7728.0,8.0,3.0,25.0,1.0,0.0,349.0,7577.0,116.0,35.0,70.23,99.51,87.59,10.82,1.01,0.09,0.08,100.0,0.26,0.16,67.77,2.46,7.23,18.53,3.39,0.16,0.39,0.08,5427.0,7690.0,6769.0,836.0,78.0,7.0,6.0,7728.0,20.0,12.0,5237.0,190.0,559.0,1432.0,262.0,12.0,30.0,6.0,0.79,100.0,97.76,60.33,37.44,0.09,0.0,1.36,61.0,7728.0,7555.0,4662.0,2893.0,7.0,0.0,105.0
3543501,,,,,,,,,,,,,,,,,,,,,,,,,,,,,,,,,,,,,,,,,,,,,,,,,,,,,,,,,0.0,0.0,0.0,0.0,0.0,0.0,0.0,567.0,12.0,4.0,358.0,1258.0,21.0,296.0,0.0,0.0,0.0,0.0,0.0,0.0,0.0,,,,,,,,,,,,,,,,,,,,,,,,,,,,,,,,,,,,,,,,,,,,,,,,,,,,,,,,,,,,,,,,,,,,,,,,,,,,,,,,,,,,,,,,,,
3543600,,,,,,,,,,,,,,,,,,,,,,,,,,,,,,,,,,,,,,,,,,,,,,,,,,,,,,,,,0.0,0.0,0.0,0.0,0.0,0.0,0.0,48.0,3.0,1.0,400.0,830.0,9.0,369.0,0.0,0.0,0.0,0.0,0.0,0.0,0.0,,,,,,,,,,,,,,,,,,,,,,,,,,,,,,,,,,,,,,,,,,,,,,,,,,,,,,,,,,,,,,,,,,,,,,,,,,,,,,,,,,,,,,,,,,
3543709,,,,,,,,,,,,,,,,,,,,,,,,,,,,,,,,,,,,,,,,,,,,,,,,,,,,,,,,,0.0,0.0,0.0,0.0,0.0,0.0,0.0,76.0,12.0,12.0,608.0,946.0,30.0,208.0,0.0,0.0,0.0,0.0,0.0,0.0,0.0,,,,,,,,,,,,,,,,,,,,,,,,,,,,,,,,,,,,,,,,,,,,,,,,,,,,,,,,,,,,,,,,,,,,,,,,,,,,,,,,,,,,,,,,,,
3543808,,,,,,,,,,,,,,,,,,,,,,,,,,,,,,,,,,,,,,,,,,,,,,,,,,,,,,,,,0.0,0.0,0.0,0.0,0.0,0.0,0.0,418.0,13.0,11.0,505.0,1103.0,23.0,133.0,0.0,0.0,0.0,0.0,0.0,0.0,0.0,,,,,,,,,,,,,,,,,,,,,,,,,,,,,,,,,,,,,,,,,,,,,,,,,,,,,,,,,,,,,,,,,,,,,,,,,,,,,,,,,,,,,,,,,,
3543907,3.0,0.0,0.0,0.0,93.59,6.41,100.0,93.59,88.64,4.95,0.0,0.0,0.0,100.0,0.0,0.0,0.0,93.2,6.8,100.0,83.01,77.18,5.83,10.19,8.25,1.94,100.0,0.0,0.0,0.0,511.0,35.0,546.0,511.0,484.0,27.0,0.0,0.0,0.0,546.0,0.0,0.0,0.0,192.0,14.0,206.0,171.0,159.0,12.0,21.0,17.0,4.0,206.0,2584.27,546.0,0.211,0.0,0.0,0.0,12.0,34.0,1.0,21.0,773.0,192.0,452.0,11779.0,16290.0,379.0,2715.0,0.0,0.0,0.0,0.1,0.21,0.26,0.77,0.0,100.0,0.0,100.0,0.0,0.0,0.0,0.0,171.0,0.0,171.0,0.0,0.0,0.0,42.11,0.58,100.0,2.92,2.92,2.92,0.58,0.0,47.95,86.55,3.51,9.94,72.0,1.0,171.0,5.0,5.0,5.0,1.0,0.0,82.0,148.0,6.0,17.0,19.88,97.66,88.89,8.19,0.58,0.0,0.0,100.0,1.75,0.58,12.28,7.6,2.34,74.85,0.0,1.17,1.75,0.0,34.0,167.0,152.0,14.0,1.0,0.0,0.0,171.0,3.0,1.0,21.0,13.0,4.0,128.0,0.0,2.0,3.0,0.0,0.0,100.0,92.4,87.72,4.68,4.68,0.58,2.34,0.0,171.0,158.0,150.0,8.0,8.0,1.0,4.0
3544004,,,,,,,,,,,,,,,,,,,,,,,,,,,,,,,,,,,,,,,,,,,,,,,,,,,,,,,,,0.0,0.0,0.0,0.0,0.0,0.0,0.0,73.0,45.0,29.0,1821.0,2993.0,85.0,940.0,0.0,0.0,0.0,0.0,0.0,0.0,0.0,,,,,,,,,,,,,,,,,,,,,,,,,,,,,,,,,,,,,,,,,,,,,,,,,,,,,,,,,,,,,,,,,,,,,,,,,,,,,,,,,,,,,,,,,,
3544103,7.0,0.56,0.0,0.56,99.44,0.0,100.0,99.44,89.87,9.57,0.0,0.0,0.0,99.44,0.05,0.0,0.05,99.95,0.0,100.0,89.9,80.92,8.98,10.05,8.69,1.37,99.95,29.0,0.0,29.0,5166.0,0.0,5195.0,5166.0,4669.0,497.0,0.0,0.0,0.0,5166.0,1.0,0.0,1.0,2048.0,0.0,2049.0,1842.0,1658.0,184.0,206.0,178.0,28.0,2048.0,7328.35,5195.0,0.709,0.0,0.0,2.0,123.0,223.0,11.0,87.0,1.0,38.0,12.0,1709.0,2675.0,154.0,761.0,0.0,0.0,16.67,7.2,8.34,7.14,11.43,0.0,100.0,0.27,99.67,0.05,0.0,0.0,0.0,1842.0,5.0,1836.0,1.0,0.0,0.0,98.97,0.0,100.0,0.71,0.16,0.11,0.05,0.0,0.0,99.73,0.22,0.05,1823.0,0.0,1842.0,13.0,3.0,2.0,1.0,0.0,0.0,1837.0,4.0,1.0,60.48,99.84,84.09,14.17,1.25,0.33,0.0,100.0,0.16,0.0,60.15,0.33,6.08,2.93,11.45,4.34,14.71,0.0,1114.0,1839.0,1549.0,261.0,23.0,6.0,0.0,1842.0,3.0,0.0,1108.0,6.0,112.0,54.0,211.0,80.0,271.0,0.0,0.16,100.0,99.62,96.96,2.66,0.11,0.0,0.11,3.0,1842.0,1835.0,1786.0,49.0,2.0,0.0,2.0
3544202,,,,,,,,,,,,,,,,,,,,,,,,,,,,,,,,,,,,,,,,,,,,,,,,,,,,,,,,,0.0,0.0,0.0,0.0,0.0,0.0,0.0,165.0,10.0,16.0,480.0,873.0,23.0,179.0,0.0,0.0,0.0,0.0,0.0,0.0,0.0,,,,,,,,,,,,,,,,,,,,,,,,,,,,,,,,,,,,,,,,,,,,,,,,,,,,,,,,,,,,,,,,,,,,,,,,,,,,,,,,,,,,,,,,,,
3544251,,,,,,,,,,,,,,,,,,,,,,,,,,,,,,,,,,,,,,,,,,,,,,,,,,,,,,,,,0.0,0.0,0.0,0.0,0.0,0.0,0.0,645.0,29.0,39.0,1168.0,2224.0,57.0,286.0,0.0,0.0,0.0,0.0,0.0,0.0,0.0,,,,,,,,,,,,,,,,,,,,,,,,,,,,,,,,,,,,,,,,,,,,,,,,,,,,,,,,,,,,,,,,,,,,,,,,,,,,,,,,,,,,,,,,,,
3544301,,,,,,,,,,,,,,,,,,,,,,,,,,,,,,,,,,,,,,,,,,,,,,,,,,,,,,,,,0.0,0.0,0.0,0.0,0.0,0.0,0.0,65.0,15.0,19.0,605.0,864.0,27.0,133.0,0.0,0.0,0.0,0.0,0.0,0.0,0.0,,,,,,,,,,,,,,,,,,,,,,,,,,,,,,,,,,,,,,,,,,,,,,,,,,,,,,,,,,,,,,,,,,,,,,,,,,,,,,,,,,,,,,,,,,
3544400,,,,,,,,,,,,,,,,,,,,,,,,,,,,,,,,,,,,,,,,,,,,,,,,,,,,,,,,,0.0,0.0,0.0,0.0,0.0,0.0,0.0,142.0,6.0,3.0,158.0,375.0,17.0,49.0,0.0,0.0,0.0,0.0,0.0,0.0,0.0,,,,,,,,,,,,,,,,,,,,,,,,,,,,,,,,,,,,,,,,,,,,,,,,,,,,,,,,,,,,,,,,,,,,,,,,,,,,,,,,,,,,,,,,,,
3544509,,,,,,,,,,,,,,,,,,,,,,,,,,,,,,,,,,,,,,,,,,,,,,,,,,,,,,,,,0.0,0.0,0.0,0.0,0.0,0.0,0.0,191.0,8.0,4.0,322.0,828.0,21.0,282.0,0.0,0.0,0.0,0.0,0.0,0.0,0.0,,,,,,,,,,,,,,,,,,,,,,,,,,,,,,,,,,,,,,,,,,,,,,,,,,,,,,,,,,,,,,,,,,,,,,,,,,,,,,,,,,,,,,,,,,
3544608,,,,,,,,,,,,,,,,,,,,,,,,,,,,,,,,,,,,,,,,,,,,,,,,,,,,,,,,,0.0,0.0,0.0,0.0,0.0,0.0,0.0,90.0,7.0,7.0,346.0,541.0,30.0,61.0,0.0,0.0,0.0,0.0,0.0,0.0,0.0,,,,,,,,,,,,,,,,,,,,,,,,,,,,,,,,,,,,,,,,,,,,,,,,,,,,,,,,,,,,,,,,,,,,,,,,,,,,,,,,,,,,,,,,,,
3544707,,,,,,,,,,,,,,,,,,,,,,,,,,,,,,,,,,,,,,,,,,,,,,,,,,,,,,,,,0.0,0.0,0.0,0.0,0.0,0.0,0.0,302.0,5.0,2.0,107.0,448.0,10.0,22.0,0.0,0.0,0.0,0.0,0.0,0.0,0.0,,,,,,,,,,,,,,,,,,,,,,,,,,,,,,,,,,,,,,,,,,,,,,,,,,,,,,,,,,,,,,,,,,,,,,,,,,,,,,,,,,,,,,,,,,
3544806,,,,,,,,,,,,,,,,,,,,,,,,,,,,,,,,,,,,,,,,,,,,,,,,,,,,,,,,,0.0,0.0,0.0,0.0,0.0,0.0,0.0,168.0,8.0,11.0,465.0,976.0,21.0,303.0,0.0,0.0,0.0,0.0,0.0,0.0,0.0,,,,,,,,,,,,,,,,,,,,,,,,,,,,,,,,,,,,,,,,,,,,,,,,,,,,,,,,,,,,,,,,,,,,,,,,,,,,,,,,,,,,,,,,,,
3544905,,,,,,,,,,,,,,,,,,,,,,,,,,,,,,,,,,,,,,,,,,,,,,,,,,,,,,,,,0.0,0.0,0.0,0.0,0.0,0.0,0.0,137.0,4.0,38.0,898.0,1357.0,26.0,254.0,0.0,0.0,0.0,0.0,0.0,0.0,0.0,,,,,,,,,,,,,,,,,,,,,,,,,,,,,,,,,,,,,,,,,,,,,,,,,,,,,,,,,,,,,,,,,,,,,,,,,,,,,,,,,,,,,,,,,,
3545001,,,,,,,,,,,,,,,,,,,,,,,,,,,,,,,,,,,,,,,,,,,,,,,,,,,,,,,,,0.0,0.0,0.0,0.0,0.0,0.0,0.0,262.0,19.0,14.0,828.0,1568.0,75.0,370.0,0.0,0.0,0.0,0.0,0.0,0.0,0.0,,,,,,,,,,,,,,,,,,,,,,,,,,,,,,,,,,,,,,,,,,,,,,,,,,,,,,,,,,,,,,,,,,,,,,,,,,,,,,,,,,,,,,,,,,
3545100,,,,,,,,,,,,,,,,,,,,,,,,,,,,,,,,,,,,,,,,,,,,,,,,,,,,,,,,,0.0,0.0,0.0,0.0,0.0,0.0,0.0,215.0,7.0,4.0,251.0,577.0,17.0,83.0,0.0,0.0,0.0,0.0,0.0,0.0,0.0,,,,,,,,,,,,,,,,,,,,,,,,,,,,,,,,,,,,,,,,,,,,,,,,,,,,,,,,,,,,,,,,,,,,,,,,,,,,,,,,,,,,,,,,,,
3545159,,,,,,,,,,,,,,,,,,,,,,,,,,,,,,,,,,,,,,,,,,,,,,,,,,,,,,,,,0.0,0.0,0.0,0.0,0.0,0.0,0.0,77.0,6.0,8.0,523.0,960.0,14.0,332.0,0.0,0.0,0.0,0.0,0.0,0.0,0.0,,,,,,,,,,,,,,,,,,,,,,,,,,,,,,,,,,,,,,,,,,,,,,,,,,,,,,,,,,,,,,,,,,,,,,,,,,,,,,,,,,,,,,,,,,
3545209,1.0,0.0,0.0,0.0,100.0,0.0,100.0,100.0,97.61,2.39,0.0,0.0,0.0,100.0,0.0,0.0,0.0,100.0,0.0,100.0,86.26,83.21,3.05,13.74,12.98,0.76,100.0,0.0,0.0,0.0,335.0,0.0,335.0,335.0,327.0,8.0,0.0,0.0,0.0,335.0,0.0,0.0,0.0,131.0,0.0,131.0,113.0,109.0,4.0,18.0,17.0,1.0,131.0,27423.05,335.0,0.012,0.0,0.0,0.0,11.0,16.0,0.0,5.0,61.0,104.0,112.0,6883.0,9949.0,153.0,2636.0,0.0,0.0,0.0,0.16,0.16,0.0,0.19,0.0,100.0,0.0,100.0,0.0,0.0,0.0,0.0,113.0,0.0,113.0,0.0,0.0,0.0,100.0,0.0,100.0,0.0,0.0,0.0,0.0,0.0,0.0,99.12,0.88,0.0,113.0,0.0,113.0,0.0,0.0,0.0,0.0,0.0,0.0,112.0,1.0,0.0,100.0,100.0,92.04,7.08,0.88,0.0,0.0,100.0,0.0,0.0,100.0,0.0,0.0,0.0,0.0,0.0,0.0,0.0,113.0,113.0,104.0,8.0,1.0,0.0,0.0,113.0,0.0,0.0,113.0,0.0,0.0,0.0,0.0,0.0,0.0,0.0,0.0,100.0,100.0,2.65,97.35,0.0,0.0,0.0,0.0,113.0,113.0,3.0,110.0,0.0,0.0,0.0
3545308,,,,,,,,,,,,,,,,,,,,,,,,,,,,,,,,,,,,,,,,,,,,,,,,,,,,,,,,,0.0,0.0,0.0,0.0,0.0,0.0,0.0,140.0,41.0,31.0,1950.0,3444.0,101.0,1181.0,0.0,0.0,0.0,0.0,0.0,0.0,0.0,,,,,,,,,,,,,,,,,,,,,,,,,,,,,,,,,,,,,,,,,,,,,,,,,,,,,,,,,,,,,,,,,,,,,,,,,,,,,,,,,,,,,,,,,,
3545407,,,,,,,,,,,,,,,,,,,,,,,,,,,,,,,,,,,,,,,,,,,,,,,,,,,,,,,,,0.0,0.0,0.0,0.0,0.0,0.0,0.0,215.0,8.0,10.0,497.0,1007.0,41.0,236.0,0.0,0.0,0.0,0.0,0.0,0.0,0.0,,,,,,,,,,,,,,,,,,,,,,,,,,,,,,,,,,,,,,,,,,,,,,,,,,,,,,,,,,,,,,,,,,,,,,,,,,,,,,,,,,,,,,,,,,
3545506,,,,,,,,,,,,,,,,,,,,,,,,,,,,,,,,,,,,,,,,,,,,,,,,,,,,,,,,,0.0,0.0,0.0,0.0,0.0,0.0,0.0,185.0,5.0,2.0,186.0,438.0,10.0,50.0,0.0,0.0,0.0,0.0,0.0,0.0,0.0,,,,,,,,,,,,,,,,,,,,,,,,,,,,,,,,,,,,,,,,,,,,,,,,,,,,,,,,,,,,,,,,,,,,,,,,,,,,,,,,,,,,,,,,,,
3545605,,,,,,,,,,,,,,,,,,,,,,,,,,,,,,,,,,,,,,,,,,,,,,,,,,,,,,,,,0.0,0.0,0.0,0.0,0.0,0.0,0.0,229.0,17.0,31.0,739.0,1190.0,26.0,148.0,0.0,0.0,0.0,0.0,0.0,0.0,0.0,,,,,,,,,,,,,,,,,,,,,,,,,,,,,,,,,,,,,,,,,,,,,,,,,,,,,,,,,,,,,,,,,,,,,,,,,,,,,,,,,,,,,,,,,,
3545704,,,,,,,,,,,,,,,,,,,,,,,,,,,,,,,,,,,,,,,,,,,,,,,,,,,,,,,,,0.0,0.0,0.0,0.0,0.0,0.0,0.0,398.0,6.0,8.0,459.0,990.0,26.0,93.0,0.0,0.0,0.0,0.0,0.0,0.0,0.0,,,,,,,,,,,,,,,,,,,,,,,,,,,,,,,,,,,,,,,,,,,,,,,,,,,,,,,,,,,,,,,,,,,,,,,,,,,,,,,,,,,,,,,,,,
3545803,,,,,,,,,,,,,,,,,,,,,,,,,,,,,,,,,,,,,,,,,,,,,,,,,,,,,,,,,0.0,0.0,0.0,0.0,0.0,0.0,0.0,33.0,148.0,188.0,9579.0,12339.0,289.0,2102.0,0.0,0.0,0.0,0.0,0.0,0.0,0.0,,,,,,,,,,,,,,,,,,,,,,,,,,,,,,,,,,,,,,,,,,,,,,,,,,,,,,,,,,,,,,,,,,,,,,,,,,,,,,,,,,,,,,,,,,
3546009,,,,,,,,,,,,,,,,,,,,,,,,,,,,,,,,,,,,,,,,,,,,,,,,,,,,,,,,,0.0,0.0,0.0,0.0,0.0,0.0,0.0,94.0,17.0,10.0,698.0,1324.0,66.0,439.0,0.0,0.0,0.0,0.0,0.0,0.0,0.0,,,,,,,,,,,,,,,,,,,,,,,,,,,,,,,,,,,,,,,,,,,,,,,,,,,,,,,,,,,,,,,,,,,,,,,,,,,,,,,,,,,,,,,,,,
3546108,,,,,,,,,,,,,,,,,,,,,,,,,,,,,,,,,,,,,,,,,,,,,,,,,,,,,,,,,0.0,0.0,0.0,0.0,0.0,0.0,0.0,184.0,3.0,2.0,829.0,1104.0,14.0,72.0,0.0,0.0,0.0,0.0,0.0,0.0,0.0,,,,,,,,,,,,,,,,,,,,,,,,,,,,,,,,,,,,,,,,,,,,,,,,,,,,,,,,,,,,,,,,,,,,,,,,,,,,,,,,,,,,,,,,,,
3546207,,,,,,,,,,,,,,,,,,,,,,,,,,,,,,,,,,,,,,,,,,,,,,,,,,,,,,,,,0.0,0.0,0.0,0.0,0.0,0.0,0.0,207.0,6.0,5.0,413.0,779.0,24.0,124.0,0.0,0.0,0.0,0.0,0.0,0.0,0.0,,,,,,,,,,,,,,,,,,,,,,,,,,,,,,,,,,,,,,,,,,,,,,,,,,,,,,,,,,,,,,,,,,,,,,,,,,,,,,,,,,,,,,,,,,
3546256,,,,,,,,,,,,,,,,,,,,,,,,,,,,,,,,,,,,,,,,,,,,,,,,,,,,,,,,,0.0,0.0,0.0,0.0,0.0,0.0,0.0,99.0,6.0,3.0,121.0,286.0,12.0,45.0,0.0,0.0,0.0,0.0,0.0,0.0,0.0,,,,,,,,,,,,,,,,,,,,,,,,,,,,,,,,,,,,,,,,,,,,,,,,,,,,,,,,,,,,,,,,,,,,,,,,,,,,,,,,,,,,,,,,,,
3546306,,,,,,,,,,,,,,,,,,,,,,,,,,,,,,,,,,,,,,,,,,,,,,,,,,,,,,,,,0.0,0.0,0.0,0.0,0.0,0.0,0.0,74.0,25.0,82.0,2246.0,2864.0,51.0,386.0,0.0,0.0,0.0,0.0,0.0,0.0,0.0,,,,,,,,,,,,,,,,,,,,,,,,,,,,,,,,,,,,,,,,,,,,,,,,,,,,,,,,,,,,,,,,,,,,,,,,,,,,,,,,,,,,,,,,,,
3546405,1.0,0.0,0.0,0.0,100.0,0.0,100.0,100.0,97.89,2.11,0.0,0.0,0.0,100.0,0.0,0.0,0.0,100.0,0.0,100.0,90.71,88.85,1.86,9.29,7.74,1.55,100.0,0.0,0.0,0.0,995.0,0.0,995.0,995.0,974.0,21.0,0.0,0.0,0.0,995.0,0.0,0.0,0.0,323.0,0.0,323.0,293.0,287.0,6.0,30.0,25.0,5.0,323.0,5501.71,995.0,0.181,0.0,0.0,0.0,24.0,38.0,3.0,11.0,639.0,58.0,104.0,3017.0,4825.0,96.0,911.0,0.0,0.0,0.0,0.8,0.79,3.13,1.21,0.68,100.0,0.0,99.32,0.0,0.0,0.0,2.0,293.0,0.0,291.0,0.0,0.0,0.0,99.32,0.0,100.0,0.0,0.34,0.0,0.0,0.0,0.34,99.66,0.0,0.34,291.0,0.0,293.0,0.0,1.0,0.0,0.0,0.0,1.0,292.0,0.0,1.0,96.25,99.66,89.42,9.22,1.02,0.0,0.34,100.0,0.0,0.0,96.25,0.0,0.34,1.37,1.37,0.34,0.0,0.34,282.0,292.0,262.0,27.0,3.0,0.0,1.0,293.0,0.0,0.0,282.0,0.0,1.0,4.0,4.0,1.0,0.0,1.0,0.0,100.0,100.0,94.2,5.8,0.0,0.0,0.0,0.0,293.0,293.0,276.0,17.0,0.0,0.0,0.0
3546504,,,,,,,,,,,,,,,,,,,,,,,,,,,,,,,,,,,,,,,,,,,,,,,,,,,,,,,,,0.0,0.0,0.0,0.0,0.0,0.0,0.0,55.0,7.0,9.0,328.0,586.0,12.0,175.0,0.0,0.0,0.0,0.0,0.0,0.0,0.0,,,,,,,,,,,,,,,,,,,,,,,,,,,,,,,,,,,,,,,,,,,,,,,,,,,,,,,,,,,,,,,,,,,,,,,,,,,,,,,,,,,,,,,,,,
3546603,,,,,,,,,,,,,,,,,,,,,,,,,,,,,,,,,,,,,,,,,,,,,,,,,,,,,,,,,0.0,0.0,0.0,0.0,0.0,0.0,0.0,566.0,36.0,94.0,2646.0,4228.0,93.0,793.0,0.0,0.0,0.0,0.0,0.0,0.0,0.0,,,,,,,,,,,,,,,,,,,,,,,,,,,,,,,,,,,,,,,,,,,,,,,,,,,,,,,,,,,,,,,,,,,,,,,,,,,,,,,,,,,,,,,,,,
3546702,,,,,,,,,,,,,,,,,,,,,,,,,,,,,,,,,,,,,,,,,,,,,,,,,,,,,,,,,0.0,0.0,0.0,0.0,0.0,0.0,0.0,32.0,21.0,35.0,1393.0,1818.0,44.0,293.0,0.0,0.0,0.0,0.0,0.0,0.0,0.0,,,,,,,,,,,,,,,,,,,,,,,,,,,,,,,,,,,,,,,,,,,,,,,,,,,,,,,,,,,,,,,,,,,,,,,,,,,,,,,,,,,,,,,,,,
3546801,,,,,,,,,,,,,,,,,,,,,,,,,,,,,,,,,,,,,,,,,,,,,,,,,,,,,,,,,0.0,0.0,0.0,0.0,0.0,0.0,0.0,199.0,58.0,35.0,2850.0,4898.0,172.0,1584.0,0.0,0.0,0.0,0.0,0.0,0.0,0.0,,,,,,,,,,,,,,,,,,,,,,,,,,,,,,,,,,,,,,,,,,,,,,,,,,,,,,,,,,,,,,,,,,,,,,,,,,,,,,,,,,,,,,,,,,
3546900,,,,,,,,,,,,,,,,,,,,,,,,,,,,,,,,,,,,,,,,,,,,,,,,,,,,,,,,,0.0,0.0,0.0,0.0,0.0,0.0,0.0,24.0,6.0,14.0,312.0,418.0,18.0,44.0,0.0,0.0,0.0,0.0,0.0,0.0,0.0,,,,,,,,,,,,,,,,,,,,,,,,,,,,,,,,,,,,,,,,,,,,,,,,,,,,,,,,,,,,,,,,,,,,,,,,,,,,,,,,,,,,,,,,,,
3547007,,,,,,,,,,,,,,,,,,,,,,,,,,,,,,,,,,,,,,,,,,,,,,,,,,,,,,,,,0.0,0.0,0.0,0.0,0.0,0.0,0.0,170.0,5.0,10.0,341.0,659.0,26.0,107.0,0.0,0.0,0.0,0.0,0.0,0.0,0.0,,,,,,,,,,,,,,,,,,,,,,,,,,,,,,,,,,,,,,,,,,,,,,,,,,,,,,,,,,,,,,,,,,,,,,,,,,,,,,,,,,,,,,,,,,
3547106,,,,,,,,,,,,,,,,,,,,,,,,,,,,,,,,,,,,,,,,,,,,,,,,,,,,,,,,,0.0,0.0,0.0,0.0,0.0,0.0,0.0,130.0,4.0,4.0,175.0,391.0,16.0,62.0,0.0,0.0,0.0,0.0,0.0,0.0,0.0,,,,,,,,,,,,,,,,,,,,,,,,,,,,,,,,,,,,,,,,,,,,,,,,,,,,,,,,,,,,,,,,,,,,,,,,,,,,,,,,,,,,,,,,,,
3547205,,,,,,,,,,,,,,,,,,,,,,,,,,,,,,,,,,,,,,,,,,,,,,,,,,,,,,,,,0.0,0.0,0.0,0.0,0.0,0.0,0.0,355.0,3.0,3.0,113.0,496.0,11.0,11.0,0.0,0.0,0.0,0.0,0.0,0.0,0.0,,,,,,,,,,,,,,,,,,,,,,,,,,,,,,,,,,,,,,,,,,,,,,,,,,,,,,,,,,,,,,,,,,,,,,,,,,,,,,,,,,,,,,,,,,
3547304,8.0,0.0,0.0,0.0,100.0,0.0,100.0,100.0,93.72,6.28,0.0,0.0,0.0,100.0,0.0,0.0,0.0,100.0,0.0,100.0,93.36,85.31,8.04,6.64,6.13,0.52,100.0,0.0,0.0,0.0,3790.0,0.0,3790.0,3790.0,3552.0,238.0,0.0,0.0,0.0,3790.0,0.0,0.0,0.0,1355.0,0.0,1355.0,1265.0,1156.0,109.0,90.0,83.0,7.0,1355.0,12726.58,3790.0,0.298,0.0,0.0,0.0,89.0,128.0,10.0,29.0,14.0,114.0,36.0,6558.0,11504.0,369.0,4413.0,0.0,0.0,0.0,1.36,1.11,2.71,0.66,0.0,100.0,0.24,99.76,0.0,0.0,0.0,0.0,1265.0,3.0,1262.0,0.0,0.0,0.0,95.42,0.0,100.0,1.82,2.69,0.0,0.0,0.0,0.08,98.89,0.95,0.16,1207.0,0.0,1265.0,23.0,34.0,0.0,0.0,0.0,1.0,1251.0,12.0,2.0,84.11,99.92,85.69,13.2,0.79,0.24,0.0,100.0,0.08,0.0,83.72,0.4,0.95,4.35,7.27,0.0,3.32,0.0,1064.0,1264.0,1084.0,167.0,10.0,3.0,0.0,1265.0,1.0,0.0,1059.0,5.0,12.0,55.0,92.0,0.0,42.0,0.0,0.08,100.0,99.92,94.07,5.85,0.0,0.0,0.0,1.0,1265.0,1264.0,1190.0,74.0,0.0,0.0,0.0
3547403,,,,,,,,,,,,,,,,,,,,,,,,,,,,,,,,,,,,,,,,,,,,,,,,,,,,,,,,,0.0,0.0,0.0,0.0,0.0,0.0,0.0,447.0,6.0,2.0,127.0,621.0,4.0,35.0,0.0,0.0,0.0,0.0,0.0,0.0,0.0,,,,,,,,,,,,,,,,,,,,,,,,,,,,,,,,,,,,,,,,,,,,,,,,,,,,,,,,,,,,,,,,,,,,,,,,,,,,,,,,,,,,,,,,,,
3547502,,,,,,,,,,,,,,,,,,,,,,,,,,,,,,,,,,,,,,,,,,,,,,,,,,,,,,,,,0.0,0.0,0.0,0.0,0.0,0.0,0.0,939.0,29.0,69.0,1562.0,3117.0,73.0,445.0,0.0,0.0,0.0,0.0,0.0,0.0,0.0,,,,,,,,,,,,,,,,,,,,,,,,,,,,,,,,,,,,,,,,,,,,,,,,,,,,,,,,,,,,,,,,,,,,,,,,,,,,,,,,,,,,,,,,,,
3547601,,,,,,,,,,,,,,,,,,,,,,,,,,,,,,,,,,,,,,,,,,,,,,,,,,,,,,,,,0.0,0.0,0.0,0.0,0.0,0.0,0.0,213.0,29.0,42.0,1301.0,2033.0,50.0,398.0,0.0,0.0,0.0,0.0,0.0,0.0,0.0,,,,,,,,,,,,,,,,,,,,,,,,,,,,,,,,,,,,,,,,,,,,,,,,,,,,,,,,,,,,,,,,,,,,,,,,,,,,,,,,,,,,,,,,,,
3547650,,,,,,,,,,,,,,,,,,,,,,,,,,,,,,,,,,,,,,,,,,,,,,,,,,,,,,,,,0.0,0.0,0.0,0.0,0.0,0.0,0.0,311.0,5.0,2.0,92.0,447.0,12.0,25.0,0.0,0.0,0.0,0.0,0.0,0.0,0.0,,,,,,,,,,,,,,,,,,,,,,,,,,,,,,,,,,,,,,,,,,,,,,,,,,,,,,,,,,,,,,,,,,,,,,,,,,,,,,,,,,,,,,,,,,
3547700,,,,,,,,,,,,,,,,,,,,,,,,,,,,,,,,,,,,,,,,,,,,,,,,,,,,,,,,,0.0,0.0,0.0,0.0,0.0,0.0,0.0,630.0,13.0,30.0,1048.0,1996.0,47.0,228.0,0.0,0.0,0.0,0.0,0.0,0.0,0.0,,,,,,,,,,,,,,,,,,,,,,,,,,,,,,,,,,,,,,,,,,,,,,,,,,,,,,,,,,,,,,,,,,,,,,,,,,,,,,,,,,,,,,,,,,
3547809,76.0,0.02,0.0,0.02,99.84,0.14,100.0,99.84,89.62,10.21,0.0,0.0,0.0,99.98,0.0,0.0,0.01,99.87,0.13,100.0,90.58,81.11,9.47,9.29,8.01,1.28,99.99,23.0,0.0,23.0,99039.0,139.0,99201.0,99039.0,88908.0,10131.0,0.0,0.0,0.0,99178.0,1.0,1.0,2.0,37388.0,47.0,37437.0,33909.0,30364.0,3545.0,3479.0,3000.0,479.0,37435.0,29149.79,99201.0,3.403,0.0,4.0,2.0,2514.0,3843.0,185.0,1138.0,29.0,587.0,1301.0,37011.0,46394.0,1143.0,6323.0,0.0,0.68,0.15,6.79,8.28,16.19,18.0,0.46,100.0,0.82,94.9,3.76,0.0,0.06,157.0,33909.0,277.0,32178.0,1275.0,0.0,22.0,98.06,0.04,100.0,0.04,0.07,0.14,0.01,0.02,1.61,98.93,0.63,0.45,33252.0,14.0,33909.0,15.0,23.0,48.0,3.0,8.0,546.0,33545.0,212.0,152.0,88.15,99.39,81.51,15.78,1.78,0.31,0.17,100.0,0.24,0.21,86.09,2.06,1.29,1.32,7.15,0.75,1.16,0.17,29892.0,33701.0,27640.0,5351.0,604.0,106.0,58.0,33909.0,80.0,70.0,29193.0,699.0,439.0,449.0,2423.0,256.0,392.0,58.0,0.2,100.0,99.62,73.51,26.11,0.04,0.0,0.13,68.0,33909.0,33781.0,24928.0,8853.0,15.0,0.0,45.0
3547908,,,,,,,,,,,,,,,,,,,,,,,,,,,,,,,,,,,,,,,,,,,,,,,,,,,,,,,,,0.0,0.0,0.0,0.0,0.0,0.0,0.0,569.0,9.0,13.0,458.0,1174.0,21.0,104.0,0.0,0.0,0.0,0.0,0.0,0.0,0.0,,,,,,,,,,,,,,,,,,,,,,,,,,,,,,,,,,,,,,,,,,,,,,,,,,,,,,,,,,,,,,,,,,,,,,,,,,,,,,,,,,,,,,,,,,
3548005,,,,,,,,,,,,,,,,,,,,,,,,,,,,,,,,,,,,,,,,,,,,,,,,,,,,,,,,,0.0,0.0,0.0,0.0,0.0,0.0,0.0,153.0,20.0,18.0,1204.0,1926.0,49.0,482.0,0.0,0.0,0.0,0.0,0.0,0.0,0.0,,,,,,,,,,,,,,,,,,,,,,,,,,,,,,,,,,,,,,,,,,,,,,,,,,,,,,,,,,,,,,,,,,,,,,,,,,,,,,,,,,,,,,,,,,
3548054,,,,,,,,,,,,,,,,,,,,,,,,,,,,,,,,,,,,,,,,,,,,,,,,,,,,,,,,,0.0,0.0,0.0,0.0,0.0,0.0,0.0,598.0,9.0,6.0,529.0,1467.0,27.0,298.0,0.0,0.0,0.0,0.0,0.0,0.0,0.0,,,,,,,,,,,,,,,,,,,,,,,,,,,,,,,,,,,,,,,,,,,,,,,,,,,,,,,,,,,,,,,,,,,,,,,,,,,,,,,,,,,,,,,,,,
3548104,,,,,,,,,,,,,,,,,,,,,,,,,,,,,,,,,,,,,,,,,,,,,,,,,,,,,,,,,0.0,0.0,0.0,0.0,0.0,0.0,0.0,351.0,6.0,3.0,891.0,1403.0,36.0,116.0,0.0,0.0,0.0,0.0,0.0,0.0,0.0,,,,,,,,,,,,,,,,,,,,,,,,,,,,,,,,,,,,,,,,,,,,,,,,,,,,,,,,,,,,,,,,,,,,,,,,,,,,,,,,,,,,,,,,,,
3548203,,,,,,,,,,,,,,,,,,,,,,,,,,,,,,,,,,,,,,,,,,,,,,,,,,,,,,,,,0.0,0.0,0.0,0.0,0.0,0.0,0.0,112.0,16.0,15.0,703.0,1189.0,39.0,304.0,0.0,0.0,0.0,0.0,0.0,0.0,0.0,,,,,,,,,,,,,,,,,,,,,,,,,,,,,,,,,,,,,,,,,,,,,,,,,,,,,,,,,,,,,,,,,,,,,,,,,,,,,,,,,,,,,,,,,,
3548302,,,,,,,,,,,,,,,,,,,,,,,,,,,,,,,,,,,,,,,,,,,,,,,,,,,,,,,,,0.0,0.0,0.0,0.0,0.0,0.0,0.0,249.0,4.0,7.0,210.0,575.0,15.0,90.0,0.0,0.0,0.0,0.0,0.0,0.0,0.0,,,,,,,,,,,,,,,,,,,,,,,,,,,,,,,,,,,,,,,,,,,,,,,,,,,,,,,,,,,,,,,,,,,,,,,,,,,,,,,,,,,,,,,,,,
3548401,,,,,,,,,,,,,,,,,,,,,,,,,,,,,,,,,,,,,,,,,,,,,,,,,,,,,,,,,0.0,0.0,0.0,0.0,0.0,0.0,0.0,101.0,6.0,4.0,274.0,439.0,18.0,36.0,0.0,0.0,0.0,0.0,0.0,0.0,0.0,,,,,,,,,,,,,,,,,,,,,,,,,,,,,,,,,,,,,,,,,,,,,,,,,,,,,,,,,,,,,,,,,,,,,,,,,,,,,,,,,,,,,,,,,,
3548500,46.0,0.2,0.0,0.2,99.78,0.02,100.0,99.78,91.51,8.27,0.0,0.0,0.0,99.8,0.03,0.01,0.04,99.93,0.03,100.0,87.45,80.12,7.34,12.47,10.42,2.06,99.96,93.0,0.0,93.0,46162.0,7.0,46262.0,46162.0,42335.0,3827.0,0.0,0.0,0.0,46169.0,6.0,2.0,8.0,19243.0,6.0,19257.0,16841.0,15428.0,1413.0,2402.0,2006.0,396.0,19249.0,9019.42,46262.0,5.129,1.0,19.0,14.0,1451.0,2106.0,107.0,514.0,5.0,471.0,905.0,18641.0,22394.0,400.0,1972.0,20.0,4.03,1.55,7.78,9.4,26.75,26.06,1.31,100.0,1.15,95.47,0.93,0.0,1.15,221.0,16841.0,193.0,16078.0,156.0,0.0,193.0,94.85,0.03,100.0,1.69,0.3,1.61,0.02,0.07,1.44,95.7,4.18,0.12,15973.0,5.0,16841.0,285.0,50.0,271.0,4.0,11.0,242.0,16116.0,704.0,21.0,67.09,99.78,82.33,14.64,1.98,0.82,0.02,100.0,0.17,0.04,64.15,2.93,3.55,1.62,11.82,1.29,14.61,0.02,11298.0,16804.0,13866.0,2466.0,334.0,138.0,3.0,16841.0,28.0,6.0,10804.0,494.0,598.0,273.0,1991.0,218.0,2460.0,3.0,0.13,100.0,98.81,30.5,68.31,0.25,0.02,0.79,22.0,16841.0,16640.0,5136.0,11504.0,42.0,4.0,133.0
3548609,,,,,,,,,,,,,,,,,,,,,,,,,,,,,,,,,,,,,,,,,,,,,,,,,,,,,,,,,0.0,0.0,0.0,0.0,0.0,0.0,0.0,430.0,19.0,16.0,794.0,1638.0,57.0,322.0,0.0,0.0,0.0,0.0,0.0,0.0,0.0,,,,,,,,,,,,,,,,,,,,,,,,,,,,,,,,,,,,,,,,,,,,,,,,,,,,,,,,,,,,,,,,,,,,,,,,,,,,,,,,,,,,,,,,,,
3548708,94.0,0.0,0.0,0.0,99.97,0.03,100.0,99.97,92.2,7.76,0.0,0.0,0.0,100.0,0.0,0.0,0.01,99.96,0.04,100.0,93.26,85.73,7.53,6.7,6.09,0.62,99.99,3.0,0.0,3.0,158190.0,52.0,158245.0,158190.0,145906.0,12284.0,0.0,0.0,0.0,158242.0,1.0,2.0,3.0,59201.0,21.0,59225.0,55231.0,50772.0,4459.0,3970.0,3604.0,366.0,59222.0,29894.64,158245.0,5.293,1.0,20.0,10.0,5017.0,6377.0,287.0,1042.0,29.0,652.0,804.0,34546.0,41574.0,1135.0,4408.0,3.45,3.07,1.24,14.52,15.34,25.29,23.64,0.89,100.0,0.88,94.78,3.34,0.0,0.11,490.0,55231.0,486.0,52349.0,1847.0,0.0,59.0,99.23,0.0,100.0,0.13,0.05,0.02,0.0,0.12,0.45,99.59,0.18,0.23,54805.0,1.0,55231.0,71.0,25.0,10.0,1.0,69.0,249.0,55004.0,102.0,125.0,86.82,99.89,76.04,20.48,2.87,0.5,0.01,100.0,0.08,0.02,84.79,2.03,1.56,2.13,7.56,0.35,1.57,0.01,47950.0,55168.0,41997.0,11309.0,1587.0,275.0,7.0,55231.0,44.0,12.0,46830.0,1120.0,864.0,1178.0,4173.0,194.0,865.0,7.0,0.03,100.0,99.3,70.13,29.16,0.05,0.0,0.62,19.0,55231.0,54842.0,38735.0,16107.0,26.0,0.0,344.0
3548807,,,,,,,,,,,,,,,,,,,,,,,,,,,,,,,,,,,,,,,,,,,,,,,,,,,,,,,,,0.0,0.0,0.0,0.0,0.0,0.0,0.0,0.0,173.0,370.0,10140.0,11785.0,168.0,934.0,0.0,0.0,0.0,0.0,0.0,0.0,0.0,,,,,,,,,,,,,,,,,,,,,,,,,,,,,,,,,,,,,,,,,,,,,,,,,,,,,,,,,,,,,,,,,,,,,,,,,,,,,,,,,,,,,,,,,,
3548906,5.0,0.0,0.0,0.0,60.03,39.97,100.0,60.03,57.52,2.51,0.0,0.0,0.0,100.0,0.0,0.0,0.0,60.14,39.86,100.0,52.31,49.11,3.2,7.83,2.85,4.98,100.0,0.0,0.0,0.0,479.0,319.0,798.0,479.0,459.0,20.0,0.0,0.0,0.0,798.0,0.0,0.0,0.0,169.0,112.0,281.0,147.0,138.0,9.0,22.0,8.0,14.0,281.0,4699.37,798.0,0.17,1.0,0.0,0.0,6.0,33.0,2.0,24.0,558.0,237.0,534.0,15435.0,20727.0,405.0,3558.0,0.18,0.0,0.0,0.04,0.16,0.49,0.67,0.0,100.0,0.0,74.15,10.2,0.0,15.65,0.0,147.0,0.0,109.0,15.0,0.0,23.0,68.71,1.36,100.0,0.0,0.68,0.68,0.0,0.68,27.89,89.12,2.04,8.84,101.0,2.0,147.0,0.0,1.0,1.0,0.0,1.0,41.0,131.0,3.0,13.0,62.59,97.96,92.52,4.08,1.36,0.0,0.0,100.0,1.36,0.68,61.9,0.68,1.36,29.25,5.44,1.36,0.0,0.0,92.0,144.0,136.0,6.0,2.0,0.0,0.0,147.0,2.0,1.0,91.0,1.0,2.0,43.0,8.0,2.0,0.0,0.0,0.0,100.0,98.64,82.99,15.65,0.68,0.0,0.68,0.0,147.0,145.0,122.0,23.0,1.0,0.0,1.0
3549003,,,,,,,,,,,,,,,,,,,,,,,,,,,,,,,,,,,,,,,,,,,,,,,,,,,,,,,,,0.0,0.0,0.0,0.0,0.0,0.0,0.0,301.0,2.0,4.0,136.0,467.0,3.0,21.0,0.0,0.0,0.0,0.0,0.0,0.0,0.0,,,,,,,,,,,,,,,,,,,,,,,,,,,,,,,,,,,,,,,,,,,,,,,,,,,,,,,,,,,,,,,,,,,,,,,,,,,,,,,,,,,,,,,,,,
3549102,,,,,,,,,,,,,,,,,,,,,,,,,,,,,,,,,,,,,,,,,,,,,,,,,,,,,,,,,0.0,0.0,0.0,0.0,0.0,0.0,0.0,537.0,101.0,237.0,6923.0,9593.0,151.0,1644.0,0.0,0.0,0.0,0.0,0.0,0.0,0.0,,,,,,,,,,,,,,,,,,,,,,,,,,,,,,,,,,,,,,,,,,,,,,,,,,,,,,,,,,,,,,,,,,,,,,,,,,,,,,,,,,,,,,,,,,
3549201,,,,,,,,,,,,,,,,,,,,,,,,,,,,,,,,,,,,,,,,,,,,,,,,,,,,,,,,,0.0,0.0,0.0,0.0,0.0,0.0,0.0,82.0,3.0,4.0,114.0,238.0,4.0,31.0,0.0,0.0,0.0,0.0,0.0,0.0,0.0,,,,,,,,,,,,,,,,,,,,,,,,,,,,,,,,,,,,,,,,,,,,,,,,,,,,,,,,,,,,,,,,,,,,,,,,,,,,,,,,,,,,,,,,,,
3549250,,,,,,,,,,,,,,,,,,,,,,,,,,,,,,,,,,,,,,,,,,,,,,,,,,,,,,,,,0.0,0.0,0.0,0.0,0.0,0.0,0.0,180.0,4.0,7.0,193.0,401.0,6.0,11.0,0.0,0.0,0.0,0.0,0.0,0.0,0.0,,,,,,,,,,,,,,,,,,,,,,,,,,,,,,,,,,,,,,,,,,,,,,,,,,,,,,,,,,,,,,,,,,,,,,,,,,,,,,,,,,,,,,,,,,
3549300,,,,,,,,,,,,,,,,,,,,,,,,,,,,,,,,,,,,,,,,,,,,,,,,,,,,,,,,,0.0,0.0,0.0,0.0,0.0,0.0,0.0,174.0,3.0,5.0,169.0,394.0,8.0,35.0,0.0,0.0,0.0,0.0,0.0,0.0,0.0,,,,,,,,,,,,,,,,,,,,,,,,,,,,,,,,,,,,,,,,,,,,,,,,,,,,,,,,,,,,,,,,,,,,,,,,,,,,,,,,,,,,,,,,,,
3549409,,,,,,,,,,,,,,,,,,,,,,,,,,,,,,,,,,,,,,,,,,,,,,,,,,,,,,,,,0.0,0.0,0.0,0.0,0.0,0.0,0.0,166.0,44.0,104.0,3149.0,4403.0,89.0,851.0,0.0,0.0,0.0,0.0,0.0,0.0,0.0,,,,,,,,,,,,,,,,,,,,,,,,,,,,,,,,,,,,,,,,,,,,,,,,,,,,,,,,,,,,,,,,,,,,,,,,,,,,,,,,,,,,,,,,,,
3549508,,,,,,,,,,,,,,,,,,,,,,,,,,,,,,,,,,,,,,,,,,,,,,,,,,,,,,,,,0.0,0.0,0.0,0.0,0.0,0.0,0.0,242.0,6.0,8.0,478.0,835.0,19.0,82.0,0.0,0.0,0.0,0.0,0.0,0.0,0.0,,,,,,,,,,,,,,,,,,,,,,,,,,,,,,,,,,,,,,,,,,,,,,,,,,,,,,,,,,,,,,,,,,,,,,,,,,,,,,,,,,,,,,,,,,
3549607,,,,,,,,,,,,,,,,,,,,,,,,,,,,,,,,,,,,,,,,,,,,,,,,,,,,,,,,,0.0,0.0,0.0,0.0,0.0,0.0,0.0,231.0,18.0,8.0,256.0,602.0,11.0,78.0,0.0,0.0,0.0,0.0,0.0,0.0,0.0,,,,,,,,,,,,,,,,,,,,,,,,,,,,,,,,,,,,,,,,,,,,,,,,,,,,,,,,,,,,,,,,,,,,,,,,,,,,,,,,,,,,,,,,,,
3549706,,,,,,,,,,,,,,,,,,,,,,,,,,,,,,,,,,,,,,,,,,,,,,,,,,,,,,,,,0.0,0.0,0.0,0.0,0.0,0.0,0.0,517.0,59.0,155.0,3229.0,5030.0,129.0,941.0,0.0,0.0,0.0,0.0,0.0,0.0,0.0,,,,,,,,,,,,,,,,,,,,,,,,,,,,,,,,,,,,,,,,,,,,,,,,,,,,,,,,,,,,,,,,,,,,,,,,,,,,,,,,,,,,,,,,,,
3549805,,,,,,,,,,,,,,,,,,,,,,,,,,,,,,,,,,,,,,,,,,,,,,,,,,,,,,,,,0.0,0.0,0.0,0.0,0.0,0.0,0.0,298.0,418.0,1063.0,29246.0,38376.0,738.0,6613.0,0.0,0.0,0.0,0.0,0.0,0.0,0.0,,,,,,,,,,,,,,,,,,,,,,,,,,,,,,,,,,,,,,,,,,,,,,,,,,,,,,,,,,,,,,,,,,,,,,,,,,,,,,,,,,,,,,,,,,
3549904,12.0,0.0,0.0,0.0,99.6,0.4,100.0,99.6,93.06,6.54,0.0,0.0,0.0,100.0,0.0,0.04,0.04,99.53,0.43,100.0,92.42,86.16,6.26,7.11,5.96,1.15,99.96,0.0,0.0,0.0,6471.0,26.0,6497.0,6471.0,6046.0,425.0,0.0,0.0,0.0,6497.0,0.0,1.0,1.0,2338.0,10.0,2349.0,2171.0,2024.0,147.0,167.0,140.0,27.0,2348.0,5793.41,6497.0,1.121,1.0,2.0,0.0,161.0,252.0,26.0,62.0,360.0,548.0,943.0,29510.0,38636.0,1063.0,6212.0,0.28,0.36,0.0,0.55,0.65,2.45,1.0,0.74,100.0,0.0,96.08,1.01,0.0,2.16,16.0,2171.0,0.0,2086.0,22.0,0.0,47.0,93.18,4.19,100.0,0.51,0.09,1.01,0.0,0.05,0.97,95.58,2.07,2.35,2023.0,91.0,2171.0,11.0,2.0,22.0,0.0,1.0,21.0,2075.0,45.0,51.0,71.67,99.36,87.43,10.96,0.74,0.23,0.0,100.0,0.55,0.09,71.3,0.37,3.18,12.44,3.04,0.23,9.44,0.0,1556.0,2157.0,1898.0,238.0,16.0,5.0,0.0,2171.0,12.0,2.0,1548.0,8.0,69.0,270.0,66.0,5.0,205.0,0.0,0.0,100.0,99.26,65.36,33.9,0.64,0.05,0.05,0.0,2171.0,2155.0,1419.0,736.0,14.0,1.0,1.0
3549953,,,,,,,,,,,,,,,,,,,,,,,,,,,,,,,,,,,,,,,,,,,,,,,,,,,,,,,,,0.0,0.0,0.0,0.0,0.0,0.0,0.0,43.0,19.0,7.0,840.0,1733.0,74.0,750.0,0.0,0.0,0.0,0.0,0.0,0.0,0.0,,,,,,,,,,,,,,,,,,,,,,,,,,,,,,,,,,,,,,,,,,,,,,,,,,,,,,,,,,,,,,,,,,,,,,,,,,,,,,,,,,,,,,,,,,
3550001,,,,,,,,,,,,,,,,,,,,,,,,,,,,,,,,,,,,,,,,,,,,,,,,,,,,,,,,,0.0,0.0,0.0,0.0,0.0,0.0,0.0,542.0,12.0,15.0,545.0,1397.0,58.0,225.0,0.0,0.0,0.0,0.0,0.0,0.0,0.0,,,,,,,,,,,,,,,,,,,,,,,,,,,,,,,,,,,,,,,,,,,,,,,,,,,,,,,,,,,,,,,,,,,,,,,,,,,,,,,,,,,,,,,,,,
3550100,,,,,,,,,,,,,,,,,,,,,,,,,,,,,,,,,,,,,,,,,,,,,,,,,,,,,,,,,0.0,0.0,0.0,0.0,0.0,0.0,0.0,270.0,43.0,52.0,2042.0,3143.0,83.0,653.0,0.0,0.0,0.0,0.0,0.0,0.0,0.0,,,,,,,,,,,,,,,,,,,,,,,,,,,,,,,,,,,,,,,,,,,,,,,,,,,,,,,,,,,,,,,,,,,,,,,,,,,,,,,,,,,,,,,,,,
3550209,,,,,,,,,,,,,,,,,,,,,,,,,,,,,,,,,,,,,,,,,,,,,,,,,,,,,,,,,0.0,0.0,0.0,0.0,0.0,0.0,0.0,1656.0,31.0,43.0,1929.0,4430.0,126.0,645.0,0.0,0.0,0.0,0.0,0.0,0.0,0.0,,,,,,,,,,,,,,,,,,,,,,,,,,,,,,,,,,,,,,,,,,,,,,,,,,,,,,,,,,,,,,,,,,,,,,,,,,,,,,,,,,,,,,,,,,
3550308,1359.0,0.01,0.0,0.01,99.36,0.63,100.0,99.36,87.48,11.88,0.0,0.0,0.0,99.99,0.0,0.0,0.0,99.37,0.62,100.0,89.78,78.64,11.14,9.59,8.67,0.92,100.0,121.0,0.0,121.0,1717171.0,10943.0,1728235.0,1717171.0,1511824.0,205347.0,0.0,0.0,0.0,1728114.0,13.0,19.0,32.0,649765.0,4081.0,653878.0,587049.0,514189.0,72860.0,62716.0,56709.0,6007.0,653846.0,27163.23,1728235.0,63.624,13.0,312.0,112.0,51706.0,75185.0,2643.0,20399.0,332.0,10108.0,10717.0,570229.0,692862.0,15662.0,85814.0,3.92,3.09,1.05,9.07,10.85,16.88,23.77,1.4,100.0,0.59,96.09,1.67,0.0,0.25,8198.0,587049.0,3454.0,564107.0,9800.0,0.0,1490.0,97.1,0.04,100.0,0.1,0.06,0.09,0.01,0.09,2.5,99.08,0.46,0.46,570026.0,240.0,587049.0,607.0,346.0,555.0,54.0,542.0,14679.0,581640.0,2715.0,2694.0,78.07,99.81,84.01,14.12,1.42,0.27,0.03,100.0,0.14,0.03,76.93,1.14,2.64,1.95,15.16,1.25,0.91,0.03,458299.0,585936.0,493164.0,82870.0,8322.0,1580.0,169.0,587049.0,795.0,149.0,451596.0,6703.0,15473.0,11440.0,88995.0,7341.0,5332.0,169.0,0.28,100.0,98.65,77.2,21.45,0.04,0.0,1.03,1661.0,587049.0,579115.0,453218.0,125897.0,239.0,16.0,6018.0
3550407,1.0,0.0,0.0,0.0,96.72,3.28,100.0,96.72,88.05,8.67,0.0,0.0,0.0,100.0,0.0,0.0,0.0,97.03,2.97,100.0,93.43,84.11,9.32,3.6,3.39,0.21,100.0,0.0,0.0,0.0,1506.0,51.0,1557.0,1506.0,1371.0,135.0,0.0,0.0,0.0,1557.0,0.0,0.0,0.0,458.0,14.0,472.0,441.0,397.0,44.0,17.0,16.0,1.0,472.0,7443.53,1557.0,0.209,0.0,0.0,0.0,17.0,45.0,4.0,24.0,344.0,32.0,53.0,2164.0,3309.0,88.0,628.0,0.0,0.0,0.0,0.79,1.36,4.55,3.82,0.0,100.0,0.0,97.51,0.68,0.0,1.81,0.0,441.0,0.0,430.0,3.0,0.0,8.0,99.77,0.0,100.0,0.0,0.0,0.0,0.0,0.0,0.23,99.77,0.23,0.0,440.0,0.0,441.0,0.0,0.0,0.0,0.0,0.0,1.0,440.0,1.0,0.0,97.96,99.77,87.53,11.56,0.23,0.45,0.0,100.0,0.23,0.0,97.96,0.0,1.59,0.45,0.0,0.0,0.0,0.0,432.0,440.0,386.0,51.0,1.0,2.0,0.0,441.0,1.0,0.0,432.0,0.0,7.0,2.0,0.0,0.0,0.0,0.0,0.0,100.0,100.0,100.0,0.0,0.0,0.0,0.0,0.0,441.0,441.0,441.0,0.0,0.0,0.0,0.0
3550506,,,,,,,,,,,,,,,,,,,,,,,,,,,,,,,,,,,,,,,,,,,,,,,,,,,,,,,,,0.0,0.0,0.0,0.0,0.0,0.0,0.0,696.0,8.0,4.0,365.0,1223.0,38.0,112.0,0.0,0.0,0.0,0.0,0.0,0.0,0.0,,,,,,,,,,,,,,,,,,,,,,,,,,,,,,,,,,,,,,,,,,,,,,,,,,,,,,,,,,,,,,,,,,,,,,,,,,,,,,,,,,,,,,,,,,
3550605,7.0,0.0,0.0,0.0,99.92,0.08,100.0,99.92,95.44,4.48,0.0,0.0,0.0,100.0,0.0,0.0,0.0,99.89,0.11,100.0,89.48,84.5,4.98,10.41,8.26,2.15,100.0,0.0,0.0,0.0,2519.0,2.0,2521.0,2519.0,2406.0,113.0,0.0,0.0,0.0,2521.0,0.0,0.0,0.0,883.0,1.0,884.0,791.0,747.0,44.0,92.0,73.0,19.0,884.0,5309.16,2521.0,0.475,0.0,1.0,2.0,46.0,87.0,8.0,30.0,90.0,95.0,142.0,3885.0,6287.0,204.0,1871.0,0.0,1.05,1.41,1.18,1.38,3.92,1.6,0.13,100.0,0.51,99.24,0.13,0.0,0.0,1.0,791.0,4.0,785.0,1.0,0.0,0.0,91.78,0.13,100.0,2.53,4.55,0.63,0.0,0.0,0.38,99.87,0.0,0.13,726.0,1.0,791.0,20.0,36.0,5.0,0.0,0.0,3.0,790.0,0.0,1.0,59.92,99.87,79.52,17.32,2.53,0.51,0.0,100.0,0.13,0.0,58.79,1.14,10.24,17.07,12.14,0.51,0.13,0.0,474.0,790.0,629.0,137.0,20.0,4.0,0.0,791.0,1.0,0.0,465.0,9.0,81.0,135.0,96.0,4.0,1.0,0.0,0.0,100.0,99.75,51.2,48.55,0.25,0.0,0.0,0.0,791.0,789.0,405.0,384.0,2.0,0.0,0.0
3550704,23.0,0.02,0.0,0.02,99.89,0.1,100.0,99.89,94.12,5.77,0.0,0.0,0.0,99.98,0.01,0.03,0.04,99.86,0.1,100.0,82.52,77.41,5.1,17.34,9.99,7.35,99.96,4.0,0.0,4.0,24678.0,24.0,24706.0,24678.0,23253.0,1425.0,0.0,0.0,0.0,24702.0,1.0,3.0,4.0,10076.0,10.0,10090.0,8326.0,7811.0,515.0,1750.0,1008.0,742.0,10086.0,6404.67,24706.0,3.857,0.0,5.0,4.0,710.0,1155.0,57.0,379.0,7.0,93.0,110.0,4513.0,6793.0,210.0,1860.0,0.0,5.38,3.64,15.73,17.0,27.14,20.38,0.71,100.0,0.22,98.29,0.72,0.0,0.06,59.0,8326.0,18.0,8184.0,60.0,0.0,5.0,39.96,0.01,100.0,3.59,0.19,46.5,0.05,9.37,0.32,97.59,0.34,2.08,3327.0,1.0,8326.0,299.0,16.0,3872.0,4.0,780.0,27.0,8125.0,28.0,173.0,42.31,99.89,74.6,20.93,3.48,0.88,0.0,100.0,0.08,0.02,38.84,3.47,36.0,15.36,0.97,0.83,4.53,0.0,3523.0,8317.0,6211.0,1743.0,290.0,73.0,0.0,8326.0,7.0,2.0,3234.0,289.0,2997.0,1279.0,81.0,69.0,377.0,0.0,4.65,100.0,95.16,57.91,37.24,0.12,0.0,0.07,387.0,8326.0,7923.0,4822.0,3101.0,10.0,0.0,6.0
3550803,,,,,,,,,,,,,,,,,,,,,,,,,,,,,,,,,,,,,,,,,,,,,,,,,,,,,,,,,0.0,0.0,0.0,0.0,0.0,0.0,0.0,301.0,17.0,29.0,895.0,1469.0,60.0,167.0,0.0,0.0,0.0,0.0,0.0,0.0,0.0,,,,,,,,,,,,,,,,,,,,,,,,,,,,,,,,,,,,,,,,,,,,,,,,,,,,,,,,,,,,,,,,,,,,,,,,,,,,,,,,,,,,,,,,,,
3550902,,,,,,,,,,,,,,,,,,,,,,,,,,,,,,,,,,,,,,,,,,,,,,,,,,,,,,,,,0.0,0.0,0.0,0.0,0.0,0.0,0.0,257.0,24.0,19.0,798.0,1328.0,71.0,159.0,0.0,0.0,0.0,0.0,0.0,0.0,0.0,,,,,,,,,,,,,,,,,,,,,,,,,,,,,,,,,,,,,,,,,,,,,,,,,,,,,,,,,,,,,,,,,,,,,,,,,,,,,,,,,,,,,,,,,,
3551009,38.0,0.0,0.0,0.0,99.66,0.34,100.0,99.66,93.18,6.49,0.0,0.0,0.0,100.0,0.0,0.01,0.01,99.68,0.31,100.0,88.72,82.25,6.47,10.96,10.46,0.49,99.99,0.0,0.0,0.0,85364.0,287.0,85651.0,85364.0,79809.0,5555.0,0.0,0.0,0.0,85651.0,0.0,4.0,4.0,32454.0,100.0,32558.0,28887.0,26779.0,2108.0,3567.0,3406.0,161.0,32554.0,13019.45,85651.0,6.579,2.0,31.0,7.0,2901.0,4444.0,201.0,1302.0,12.0,320.0,205.0,13207.0,18294.0,612.0,3938.0,16.67,9.69,3.41,21.97,24.29,32.84,33.06,0.93,100.0,1.51,94.59,1.27,0.0,1.7,268.0,28887.0,435.0,27325.0,368.0,0.0,491.0,94.37,0.05,100.0,0.42,0.02,0.57,0.01,0.1,4.45,97.92,1.62,0.46,27262.0,14.0,28887.0,121.0,6.0,166.0,3.0,29.0,1286.0,28286.0,468.0,133.0,69.44,99.87,79.76,17.42,2.22,0.48,0.03,100.0,0.06,0.03,67.69,1.74,9.08,2.61,11.11,1.54,6.18,0.03,20059.0,28850.0,23040.0,5031.0,641.0,138.0,10.0,28887.0,17.0,10.0,19555.0,504.0,2624.0,755.0,3210.0,445.0,1784.0,10.0,0.06,100.0,98.98,78.27,20.7,0.7,0.03,0.22,18.0,28887.0,28592.0,22611.0,5981.0,203.0,10.0,64.0
3551108,,,,,,,,,,,,,,,,,,,,,,,,,,,,,,,,,,,,,,,,,,,,,,,,,,,,,,,,,0.0,0.0,0.0,0.0,0.0,0.0,0.0,296.0,17.0,10.0,644.0,1345.0,41.0,337.0,0.0,0.0,0.0,0.0,0.0,0.0,0.0,,,,,,,,,,,,,,,,,,,,,,,,,,,,,,,,,,,,,,,,,,,,,,,,,,,,,,,,,,,,,,,,,,,,,,,,,,,,,,,,,,,,,,,,,,
3551207,,,,,,,,,,,,,,,,,,,,,,,,,,,,,,,,,,,,,,,,,,,,,,,,,,,,,,,,,0.0,0.0,0.0,0.0,0.0,0.0,0.0,104.0,5.0,4.0,340.0,552.0,8.0,91.0,0.0,0.0,0.0,0.0,0.0,0.0,0.0,,,,,,,,,,,,,,,,,,,,,,,,,,,,,,,,,,,,,,,,,,,,,,,,,,,,,,,,,,,,,,,,,,,,,,,,,,,,,,,,,,,,,,,,,,
3551306,,,,,,,,,,,,,,,,,,,,,,,,,,,,,,,,,,,,,,,,,,,,,,,,,,,,,,,,,0.0,0.0,0.0,0.0,0.0,0.0,0.0,330.0,7.0,0.0,218.0,596.0,14.0,27.0,0.0,0.0,0.0,0.0,0.0,0.0,0.0,,,,,,,,,,,,,,,,,,,,,,,,,,,,,,,,,,,,,,,,,,,,,,,,,,,,,,,,,,,,,,,,,,,,,,,,,,,,,,,,,,,,,,,,,,
3551405,,,,,,,,,,,,,,,,,,,,,,,,,,,,,,,,,,,,,,,,,,,,,,,,,,,,,,,,,0.0,0.0,0.0,0.0,0.0,0.0,0.0,129.0,9.0,14.0,506.0,918.0,39.0,221.0,0.0,0.0,0.0,0.0,0.0,0.0,0.0,,,,,,,,,,,,,,,,,,,,,,,,,,,,,,,,,,,,,,,,,,,,,,,,,,,,,,,,,,,,,,,,,,,,,,,,,,,,,,,,,,,,,,,,,,
3551504,,,,,,,,,,,,,,,,,,,,,,,,,,,,,,,,,,,,,,,,,,,,,,,,,,,,,,,,,0.0,0.0,0.0,0.0,0.0,0.0,0.0,18.0,32.0,37.0,2779.0,3860.0,53.0,941.0,0.0,0.0,0.0,0.0,0.0,0.0,0.0,,,,,,,,,,,,,,,,,,,,,,,,,,,,,,,,,,,,,,,,,,,,,,,,,,,,,,,,,,,,,,,,,,,,,,,,,,,,,,,,,,,,,,,,,,
3551603,,,,,,,,,,,,,,,,,,,,,,,,,,,,,,,,,,,,,,,,,,,,,,,,,,,,,,,,,0.0,0.0,0.0,0.0,0.0,0.0,0.0,384.0,30.0,72.0,2458.0,3760.0,92.0,724.0,0.0,0.0,0.0,0.0,0.0,0.0,0.0,,,,,,,,,,,,,,,,,,,,,,,,,,,,,,,,,,,,,,,,,,,,,,,,,,,,,,,,,,,,,,,,,,,,,,,,,,,,,,,,,,,,,,,,,,
3551702,,,,,,,,,,,,,,,,,,,,,,,,,,,,,,,,,,,,,,,,,,,,,,,,,,,,,,,,,0.0,0.0,0.0,0.0,0.0,0.0,0.0,124.0,102.0,189.0,8184.0,11038.0,211.0,2228.0,0.0,0.0,0.0,0.0,0.0,0.0,0.0,,,,,,,,,,,,,,,,,,,,,,,,,,,,,,,,,,,,,,,,,,,,,,,,,,,,,,,,,,,,,,,,,,,,,,,,,,,,,,,,,,,,,,,,,,
3551801,,,,,,,,,,,,,,,,,,,,,,,,,,,,,,,,,,,,,,,,,,,,,,,,,,,,,,,,,0.0,0.0,0.0,0.0,0.0,0.0,0.0,581.0,28.0,12.0,776.0,1794.0,98.0,299.0,0.0,0.0,0.0,0.0,0.0,0.0,0.0,,,,,,,,,,,,,,,,,,,,,,,,,,,,,,,,,,,,,,,,,,,,,,,,,,,,,,,,,,,,,,,,,,,,,,,,,,,,,,,,,,,,,,,,,,
3551900,,,,,,,,,,,,,,,,,,,,,,,,,,,,,,,,,,,,,,,,,,,,,,,,,,,,,,,,,0.0,0.0,0.0,0.0,0.0,0.0,0.0,131.0,17.0,12.0,863.0,1416.0,43.0,350.0,0.0,0.0,0.0,0.0,0.0,0.0,0.0,,,,,,,,,,,,,,,,,,,,,,,,,,,,,,,,,,,,,,,,,,,,,,,,,,,,,,,,,,,,,,,,,,,,,,,,,,,,,,,,,,,,,,,,,,
3552007,,,,,,,,,,,,,,,,,,,,,,,,,,,,,,,,,,,,,,,,,,,,,,,,,,,,,,,,,0.0,0.0,0.0,0.0,0.0,0.0,0.0,373.0,12.0,11.0,359.0,936.0,31.0,150.0,0.0,0.0,0.0,0.0,0.0,0.0,0.0,,,,,,,,,,,,,,,,,,,,,,,,,,,,,,,,,,,,,,,,,,,,,,,,,,,,,,,,,,,,,,,,,,,,,,,,,,,,,,,,,,,,,,,,,,
3552106,,,,,,,,,,,,,,,,,,,,,,,,,,,,,,,,,,,,,,,,,,,,,,,,,,,,,,,,,0.0,0.0,0.0,0.0,0.0,0.0,0.0,1591.0,49.0,81.0,2709.0,5684.0,138.0,1116.0,0.0,0.0,0.0,0.0,0.0,0.0,0.0,,,,,,,,,,,,,,,,,,,,,,,,,,,,,,,,,,,,,,,,,,,,,,,,,,,,,,,,,,,,,,,,,,,,,,,,,,,,,,,,,,,,,,,,,,
3552205,22.0,0.0,0.0,0.0,97.96,2.04,100.0,97.96,92.84,5.12,0.0,0.0,0.0,100.0,0.0,0.02,0.02,97.96,2.01,100.0,86.56,81.23,5.33,11.4,9.21,2.19,99.98,0.0,0.0,0.0,12179.0,254.0,12433.0,12179.0,11543.0,636.0,0.0,0.0,0.0,12433.0,0.0,1.0,1.0,4426.0,91.0,4518.0,3911.0,3670.0,241.0,515.0,416.0,99.0,4517.0,5766.82,12433.0,2.156,0.0,0.0,1.0,331.0,690.0,32.0,326.0,194.0,580.0,986.0,34882.0,47980.0,925.0,10413.0,0.0,0.0,0.1,0.95,1.44,3.46,3.13,0.49,100.0,0.1,96.5,1.25,0.0,1.66,19.0,3911.0,4.0,3774.0,49.0,0.0,65.0,77.24,0.0,100.0,2.86,0.33,0.15,0.31,0.61,18.49,97.7,0.74,1.56,3021.0,0.0,3911.0,112.0,13.0,6.0,12.0,24.0,723.0,3821.0,29.0,61.0,60.78,99.54,82.46,14.73,1.97,0.38,0.08,100.0,0.2,0.18,57.68,3.09,5.52,15.29,17.03,0.89,0.41,0.08,2377.0,3893.0,3225.0,576.0,77.0,15.0,3.0,3911.0,8.0,7.0,2256.0,121.0,216.0,598.0,666.0,35.0,16.0,3.0,0.46,100.0,98.67,34.31,64.36,0.61,0.0,0.26,18.0,3911.0,3859.0,1342.0,2517.0,24.0,0.0,10.0
3552304,,,,,,,,,,,,,,,,,,,,,,,,,,,,,,,,,,,,,,,,,,,,,,,,,,,,,,,,,0.0,0.0,0.0,0.0,0.0,0.0,0.0,324.0,13.0,13.0,450.0,940.0,23.0,117.0,0.0,0.0,0.0,0.0,0.0,0.0,0.0,,,,,,,,,,,,,,,,,,,,,,,,,,,,,,,,,,,,,,,,,,,,,,,,,,,,,,,,,,,,,,,,,,,,,,,,,,,,,,,,,,,,,,,,,,
3552403,13.0,0.0,0.0,0.0,99.84,0.16,100.0,99.84,97.33,2.5,0.0,0.0,0.0,100.0,0.0,0.0,0.0,99.86,0.14,100.0,86.73,84.51,2.22,13.13,10.19,2.94,100.0,0.0,0.0,0.0,11120.0,18.0,11138.0,11120.0,10841.0,279.0,0.0,0.0,0.0,11138.0,0.0,0.0,0.0,4281.0,6.0,4287.0,3718.0,3623.0,95.0,563.0,437.0,126.0,4287.0,7581.57,11138.0,1.469,0.0,3.0,1.0,296.0,727.0,39.0,388.0,72.0,215.0,211.0,13012.0,17556.0,448.0,3598.0,0.0,1.4,0.47,2.27,4.14,8.71,10.78,0.05,100.0,0.0,85.99,0.35,0.0,13.61,2.0,3718.0,0.0,3197.0,13.0,0.0,506.0,42.33,16.65,100.0,19.66,18.99,1.64,0.0,0.48,0.24,89.03,9.04,1.94,1574.0,619.0,3718.0,731.0,706.0,61.0,0.0,18.0,9.0,3310.0,336.0,72.0,26.9,98.44,87.63,10.44,0.32,0.05,0.08,100.0,0.32,1.16,25.36,1.53,2.58,44.54,23.83,0.65,1.43,0.08,1000.0,3660.0,3258.0,388.0,12.0,2.0,3.0,3718.0,12.0,43.0,943.0,57.0,96.0,1656.0,886.0,24.0,53.0,3.0,2.69,100.0,96.05,89.86,6.19,0.65,0.03,0.59,100.0,3718.0,3571.0,3341.0,230.0,24.0,1.0,22.0
3552502,21.0,0.0,0.0,0.0,99.85,0.15,100.0,99.85,91.05,8.8,0.0,0.0,0.0,100.0,0.0,0.03,0.03,99.82,0.16,100.0,89.03,80.29,8.74,10.78,9.17,1.61,99.97,0.0,0.0,0.0,21094.0,32.0,21126.0,21094.0,19235.0,1859.0,0.0,0.0,0.0,21126.0,0.0,2.0,2.0,7572.0,12.0,7586.0,6754.0,6091.0,663.0,818.0,696.0,122.0,7584.0,11418.32,21126.0,1.85,1.0,0.0,0.0,482.0,939.0,44.0,412.0,264.0,239.0,279.0,15276.0,20834.0,650.0,4126.0,0.38,0.0,0.0,3.16,4.51,6.77,9.99,0.27,100.0,0.06,97.71,1.24,0.0,0.73,18.0,6754.0,4.0,6599.0,84.0,0.0,49.0,86.16,0.98,100.0,1.01,1.54,0.37,0.0,0.03,9.92,92.97,1.58,5.45,5819.0,66.0,6754.0,68.0,104.0,25.0,0.0,2.0,670.0,6279.0,107.0,368.0,58.0,98.85,84.04,13.43,1.18,0.19,0.01,100.0,0.3,0.84,57.12,0.87,8.54,17.94,11.45,0.33,3.73,0.01,3917.0,6676.0,5676.0,907.0,80.0,13.0,1.0,6754.0,20.0,57.0,3858.0,59.0,577.0,1212.0,773.0,22.0,252.0,1.0,0.1,100.0,97.85,68.51,29.35,1.81,0.0,0.24,7.0,6754.0,6609.0,4627.0,1982.0,122.0,0.0,16.0
3552551,,,,,,,,,,,,,,,,,,,,,,,,,,,,,,,,,,,,,,,,,,,,,,,,,,,,,,,,,0.0,0.0,0.0,0.0,0.0,0.0,0.0,313.0,4.0,3.0,159.0,646.0,9.0,158.0,0.0,0.0,0.0,0.0,0.0,0.0,0.0,,,,,,,,,,,,,,,,,,,,,,,,,,,,,,,,,,,,,,,,,,,,,,,,,,,,,,,,,,,,,,,,,,,,,,,,,,,,,,,,,,,,,,,,,,
3552601,,,,,,,,,,,,,,,,,,,,,,,,,,,,,,,,,,,,,,,,,,,,,,,,,,,,,,,,,0.0,0.0,0.0,0.0,0.0,0.0,0.0,174.0,7.0,18.0,671.0,1130.0,37.0,223.0,0.0,0.0,0.0,0.0,0.0,0.0,0.0,,,,,,,,,,,,,,,,,,,,,,,,,,,,,,,,,,,,,,,,,,,,,,,,,,,,,,,,,,,,,,,,,,,,,,,,,,,,,,,,,,,,,,,,,,
3552700,1.0,0.0,0.0,0.0,100.0,0.0,100.0,100.0,94.81,5.19,0.0,0.0,0.0,100.0,0.0,0.0,0.0,100.0,0.0,100.0,87.3,84.13,3.17,12.7,12.7,0.0,100.0,0.0,0.0,0.0,154.0,0.0,154.0,154.0,146.0,8.0,0.0,0.0,0.0,154.0,0.0,0.0,0.0,63.0,0.0,63.0,55.0,53.0,2.0,8.0,8.0,0.0,63.0,11346.05,154.0,0.014,0.0,0.0,0.0,3.0,4.0,0.0,1.0,320.0,14.0,41.0,862.0,1491.0,48.0,206.0,0.0,0.0,0.0,0.35,0.27,0.0,0.49,0.0,100.0,0.0,100.0,0.0,0.0,0.0,0.0,55.0,0.0,55.0,0.0,0.0,0.0,96.36,0.0,100.0,0.0,0.0,0.0,0.0,0.0,3.64,94.55,3.64,1.82,53.0,0.0,55.0,0.0,0.0,0.0,0.0,0.0,2.0,52.0,2.0,1.0,90.91,98.18,87.27,10.91,0.0,0.0,0.0,100.0,0.0,1.82,90.91,0.0,0.0,9.09,0.0,0.0,0.0,0.0,50.0,54.0,48.0,6.0,0.0,0.0,0.0,55.0,0.0,1.0,50.0,0.0,0.0,5.0,0.0,0.0,0.0,0.0,0.0,100.0,100.0,100.0,0.0,0.0,0.0,0.0,0.0,55.0,55.0,55.0,0.0,0.0,0.0,0.0
3552809,29.0,0.0,0.0,0.0,99.95,0.05,100.0,99.95,89.36,10.59,0.0,0.0,0.0,100.0,0.0,0.0,0.0,99.96,0.04,100.0,91.11,81.08,10.03,8.85,7.9,0.95,100.0,0.0,0.0,0.0,42009.0,22.0,42031.0,42009.0,37558.0,4451.0,0.0,0.0,0.0,42031.0,0.0,0.0,0.0,16002.0,7.0,16009.0,14586.0,12980.0,1606.0,1416.0,1264.0,152.0,16009.0,30462.1,42031.0,1.38,0.0,3.0,6.0,1154.0,1695.0,67.0,465.0,5.0,201.0,173.0,11685.0,14457.0,449.0,1944.0,0.0,1.49,3.47,9.88,11.72,14.92,23.92,1.3,100.0,0.2,97.43,0.91,0.0,0.16,190.0,14586.0,29.0,14211.0,133.0,0.0,23.0,97.2,0.32,100.0,0.35,0.08,0.7,0.01,0.19,1.15,99.33,0.28,0.38,14178.0,47.0,14586.0,51.0,12.0,102.0,1.0,27.0,168.0,14489.0,41.0,56.0,86.77,99.81,78.73,18.11,2.32,0.65,0.01,100.0,0.17,0.01,85.16,1.62,3.15,2.32,6.18,0.21,1.36,0.01,12657.0,14559.0,11484.0,2641.0,339.0,95.0,1.0,14586.0,25.0,1.0,12421.0,236.0,460.0,338.0,901.0,31.0,198.0,1.0,0.08,100.0,96.74,72.24,24.5,0.01,0.0,3.17,12.0,14586.0,14111.0,10537.0,3574.0,1.0,0.0,462.0
3552908,,,,,,,,,,,,,,,,,,,,,,,,,,,,,,,,,,,,,,,,,,,,,,,,,,,,,,,,,0.0,0.0,0.0,0.0,0.0,0.0,0.0,295.0,8.0,7.0,386.0,795.0,19.0,80.0,0.0,0.0,0.0,0.0,0.0,0.0,0.0,,,,,,,,,,,,,,,,,,,,,,,,,,,,,,,,,,,,,,,,,,,,,,,,,,,,,,,,,,,,,,,,,,,,,,,,,,,,,,,,,,,,,,,,,,
3553005,,,,,,,,,,,,,,,,,,,,,,,,,,,,,,,,,,,,,,,,,,,,,,,,,,,,,,,,,0.0,0.0,0.0,0.0,0.0,0.0,0.0,191.0,15.0,23.0,746.0,1273.0,28.0,270.0,0.0,0.0,0.0,0.0,0.0,0.0,0.0,,,,,,,,,,,,,,,,,,,,,,,,,,,,,,,,,,,,,,,,,,,,,,,,,,,,,,,,,,,,,,,,,,,,,,,,,,,,,,,,,,,,,,,,,,
3553104,,,,,,,,,,,,,,,,,,,,,,,,,,,,,,,,,,,,,,,,,,,,,,,,,,,,,,,,,0.0,0.0,0.0,0.0,0.0,0.0,0.0,303.0,7.0,6.0,335.0,736.0,24.0,61.0,0.0,0.0,0.0,0.0,0.0,0.0,0.0,,,,,,,,,,,,,,,,,,,,,,,,,,,,,,,,,,,,,,,,,,,,,,,,,,,,,,,,,,,,,,,,,,,,,,,,,,,,,,,,,,,,,,,,,,
3553203,,,,,,,,,,,,,,,,,,,,,,,,,,,,,,,,,,,,,,,,,,,,,,,,,,,,,,,,,0.0,0.0,0.0,0.0,0.0,0.0,0.0,179.0,5.0,10.0,451.0,779.0,18.0,116.0,0.0,0.0,0.0,0.0,0.0,0.0,0.0,,,,,,,,,,,,,,,,,,,,,,,,,,,,,,,,,,,,,,,,,,,,,,,,,,,,,,,,,,,,,,,,,,,,,,,,,,,,,,,,,,,,,,,,,,
3553302,,,,,,,,,,,,,,,,,,,,,,,,,,,,,,,,,,,,,,,,,,,,,,,,,,,,,,,,,0.0,0.0,0.0,0.0,0.0,0.0,0.0,403.0,27.0,43.0,1447.0,2359.0,74.0,365.0,0.0,0.0,0.0,0.0,0.0,0.0,0.0,,,,,,,,,,,,,,,,,,,,,,,,,,,,,,,,,,,,,,,,,,,,,,,,,,,,,,,,,,,,,,,,,,,,,,,,,,,,,,,,,,,,,,,,,,
3553401,,,,,,,,,,,,,,,,,,,,,,,,,,,,,,,,,,,,,,,,,,,,,,,,,,,,,,,,,0.0,0.0,0.0,0.0,0.0,0.0,0.0,1295.0,19.0,71.0,1436.0,3309.0,69.0,419.0,0.0,0.0,0.0,0.0,0.0,0.0,0.0,,,,,,,,,,,,,,,,,,,,,,,,,,,,,,,,,,,,,,,,,,,,,,,,,,,,,,,,,,,,,,,,,,,,,,,,,,,,,,,,,,,,,,,,,,
3553500,,,,,,,,,,,,,,,,,,,,,,,,,,,,,,,,,,,,,,,,,,,,,,,,,,,,,,,,,0.0,0.0,0.0,0.0,0.0,0.0,0.0,77.0,9.0,10.0,389.0,753.0,45.0,223.0,0.0,0.0,0.0,0.0,0.0,0.0,0.0,,,,,,,,,,,,,,,,,,,,,,,,,,,,,,,,,,,,,,,,,,,,,,,,,,,,,,,,,,,,,,,,,,,,,,,,,,,,,,,,,,,,,,,,,,
3553609,,,,,,,,,,,,,,,,,,,,,,,,,,,,,,,,,,,,,,,,,,,,,,,,,,,,,,,,,0.0,0.0,0.0,0.0,0.0,0.0,0.0,112.0,18.0,33.0,746.0,1159.0,44.0,206.0,0.0,0.0,0.0,0.0,0.0,0.0,0.0,,,,,,,,,,,,,,,,,,,,,,,,,,,,,,,,,,,,,,,,,,,,,,,,,,,,,,,,,,,,,,,,,,,,,,,,,,,,,,,,,,,,,,,,,,
3553658,,,,,,,,,,,,,,,,,,,,,,,,,,,,,,,,,,,,,,,,,,,,,,,,,,,,,,,,,0.0,0.0,0.0,0.0,0.0,0.0,0.0,46.0,4.0,1.0,135.0,220.0,7.0,27.0,0.0,0.0,0.0,0.0,0.0,0.0,0.0,,,,,,,,,,,,,,,,,,,,,,,,,,,,,,,,,,,,,,,,,,,,,,,,,,,,,,,,,,,,,,,,,,,,,,,,,,,,,,,,,,,,,,,,,,
3553708,,,,,,,,,,,,,,,,,,,,,,,,,,,,,,,,,,,,,,,,,,,,,,,,,,,,,,,,,0.0,0.0,0.0,0.0,0.0,0.0,0.0,869.0,57.0,120.0,3167.0,5105.0,124.0,768.0,0.0,0.0,0.0,0.0,0.0,0.0,0.0,,,,,,,,,,,,,,,,,,,,,,,,,,,,,,,,,,,,,,,,,,,,,,,,,,,,,,,,,,,,,,,,,,,,,,,,,,,,,,,,,,,,,,,,,,
3553807,,,,,,,,,,,,,,,,,,,,,,,,,,,,,,,,,,,,,,,,,,,,,,,,,,,,,,,,,0.0,0.0,0.0,0.0,0.0,0.0,0.0,673.0,32.0,50.0,1415.0,2559.0,54.0,335.0,0.0,0.0,0.0,0.0,0.0,0.0,0.0,,,,,,,,,,,,,,,,,,,,,,,,,,,,,,,,,,,,,,,,,,,,,,,,,,,,,,,,,,,,,,,,,,,,,,,,,,,,,,,,,,,,,,,,,,
3553856,,,,,,,,,,,,,,,,,,,,,,,,,,,,,,,,,,,,,,,,,,,,,,,,,,,,,,,,,0.0,0.0,0.0,0.0,0.0,0.0,0.0,83.0,20.0,9.0,344.0,713.0,22.0,235.0,0.0,0.0,0.0,0.0,0.0,0.0,0.0,,,,,,,,,,,,,,,,,,,,,,,,,,,,,,,,,,,,,,,,,,,,,,,,,,,,,,,,,,,,,,,,,,,,,,,,,,,,,,,,,,,,,,,,,,
3553906,,,,,,,,,,,,,,,,,,,,,,,,,,,,,,,,,,,,,,,,,,,,,,,,,,,,,,,,,0.0,0.0,0.0,0.0,0.0,0.0,0.0,168.0,5.0,7.0,315.0,627.0,25.0,107.0,0.0,0.0,0.0,0.0,0.0,0.0,0.0,,,,,,,,,,,,,,,,,,,,,,,,,,,,,,,,,,,,,,,,,,,,,,,,,,,,,,,,,,,,,,,,,,,,,,,,,,,,,,,,,,,,,,,,,,
3553955,,,,,,,,,,,,,,,,,,,,,,,,,,,,,,,,,,,,,,,,,,,,,,,,,,,,,,,,,0.0,0.0,0.0,0.0,0.0,0.0,0.0,169.0,15.0,19.0,833.0,1296.0,37.0,223.0,0.0,0.0,0.0,0.0,0.0,0.0,0.0,,,,,,,,,,,,,,,,,,,,,,,,,,,,,,,,,,,,,,,,,,,,,,,,,,,,,,,,,,,,,,,,,,,,,,,,,,,,,,,,,,,,,,,,,,
3554003,,,,,,,,,,,,,,,,,,,,,,,,,,,,,,,,,,,,,,,,,,,,,,,,,,,,,,,,,0.0,0.0,0.0,0.0,0.0,0.0,0.0,231.0,115.0,253.0,6329.0,9228.0,219.0,2081.0,0.0,0.0,0.0,0.0,0.0,0.0,0.0,,,,,,,,,,,,,,,,,,,,,,,,,,,,,,,,,,,,,,,,,,,,,,,,,,,,,,,,,,,,,,,,,,,,,,,,,,,,,,,,,,,,,,,,,,
3554102,,,,,,,,,,,,,,,,,,,,,,,,,,,,,,,,,,,,,,,,,,,,,,,,,,,,,,,,,0.0,0.0,0.0,0.0,0.0,0.0,0.0,395.0,298.0,669.0,15647.0,21811.0,569.0,4233.0,0.0,0.0,0.0,0.0,0.0,0.0,0.0,,,,,,,,,,,,,,,,,,,,,,,,,,,,,,,,,,,,,,,,,,,,,,,,,,,,,,,,,,,,,,,,,,,,,,,,,,,,,,,,,,,,,,,,,,
3554201,,,,,,,,,,,,,,,,,,,,,,,,,,,,,,,,,,,,,,,,,,,,,,,,,,,,,,,,,0.0,0.0,0.0,0.0,0.0,0.0,0.0,509.0,11.0,3.0,331.0,1019.0,29.0,136.0,0.0,0.0,0.0,0.0,0.0,0.0,0.0,,,,,,,,,,,,,,,,,,,,,,,,,,,,,,,,,,,,,,,,,,,,,,,,,,,,,,,,,,,,,,,,,,,,,,,,,,,,,,,,,,,,,,,,,,
3554300,,,,,,,,,,,,,,,,,,,,,,,,,,,,,,,,,,,,,,,,,,,,,,,,,,,,,,,,,0.0,0.0,0.0,0.0,0.0,0.0,0.0,1070.0,28.0,42.0,1292.0,2781.0,64.0,285.0,0.0,0.0,0.0,0.0,0.0,0.0,0.0,,,,,,,,,,,,,,,,,,,,,,,,,,,,,,,,,,,,,,,,,,,,,,,,,,,,,,,,,,,,,,,,,,,,,,,,,,,,,,,,,,,,,,,,,,
3554409,,,,,,,,,,,,,,,,,,,,,,,,,,,,,,,,,,,,,,,,,,,,,,,,,,,,,,,,,0.0,0.0,0.0,0.0,0.0,0.0,0.0,82.0,10.0,13.0,595.0,781.0,25.0,56.0,0.0,0.0,0.0,0.0,0.0,0.0,0.0,,,,,,,,,,,,,,,,,,,,,,,,,,,,,,,,,,,,,,,,,,,,,,,,,,,,,,,,,,,,,,,,,,,,,,,,,,,,,,,,,,,,,,,,,,
3554508,,,,,,,,,,,,,,,,,,,,,,,,,,,,,,,,,,,,,,,,,,,,,,,,,,,,,,,,,0.0,0.0,0.0,0.0,0.0,0.0,0.0,411.0,41.0,68.0,2124.0,3050.0,77.0,329.0,0.0,0.0,0.0,0.0,0.0,0.0,0.0,,,,,,,,,,,,,,,,,,,,,,,,,,,,,,,,,,,,,,,,,,,,,,,,,,,,,,,,,,,,,,,,,,,,,,,,,,,,,,,,,,,,,,,,,,
3554607,,,,,,,,,,,,,,,,,,,,,,,,,,,,,,,,,,,,,,,,,,,,,,,,,,,,,,,,,0.0,0.0,0.0,0.0,0.0,0.0,0.0,153.0,7.0,2.0,255.0,488.0,29.0,42.0,0.0,0.0,0.0,0.0,0.0,0.0,0.0,,,,,,,,,,,,,,,,,,,,,,,,,,,,,,,,,,,,,,,,,,,,,,,,,,,,,,,,,,,,,,,,,,,,,,,,,,,,,,,,,,,,,,,,,,
3554656,,,,,,,,,,,,,,,,,,,,,,,,,,,,,,,,,,,,,,,,,,,,,,,,,,,,,,,,,0.0,0.0,0.0,0.0,0.0,0.0,0.0,184.0,3.0,5.0,168.0,469.0,13.0,96.0,0.0,0.0,0.0,0.0,0.0,0.0,0.0,,,,,,,,,,,,,,,,,,,,,,,,,,,,,,,,,,,,,,,,,,,,,,,,,,,,,,,,,,,,,,,,,,,,,,,,,,,,,,,,,,,,,,,,,,
3554706,,,,,,,,,,,,,,,,,,,,,,,,,,,,,,,,,,,,,,,,,,,,,,,,,,,,,,,,,0.0,0.0,0.0,0.0,0.0,0.0,0.0,661.0,8.0,16.0,600.0,1426.0,18.0,123.0,0.0,0.0,0.0,0.0,0.0,0.0,0.0,,,,,,,,,,,,,,,,,,,,,,,,,,,,,,,,,,,,,,,,,,,,,,,,,,,,,,,,,,,,,,,,,,,,,,,,,,,,,,,,,,,,,,,,,,
3554755,,,,,,,,,,,,,,,,,,,,,,,,,,,,,,,,,,,,,,,,,,,,,,,,,,,,,,,,,0.0,0.0,0.0,0.0,0.0,0.0,0.0,27.0,5.0,1.0,137.0,196.0,12.0,14.0,0.0,0.0,0.0,0.0,0.0,0.0,0.0,,,,,,,,,,,,,,,,,,,,,,,,,,,,,,,,,,,,,,,,,,,,,,,,,,,,,,,,,,,,,,,,,,,,,,,,,,,,,,,,,,,,,,,,,,
3554805,6.0,0.0,0.0,0.0,99.96,0.04,100.0,99.96,98.74,1.22,0.0,0.0,0.0,100.0,0.0,0.0,0.0,99.91,0.09,100.0,77.36,76.24,1.11,22.56,12.52,10.03,100.0,0.0,0.0,0.0,2787.0,1.0,2788.0,2787.0,2753.0,34.0,0.0,0.0,0.0,2788.0,0.0,0.0,0.0,1165.0,1.0,1166.0,902.0,889.0,13.0,263.0,146.0,117.0,1166.0,1700.04,2788.0,1.64,0.0,2.0,0.0,79.0,230.0,5.0,144.0,253.0,34.0,37.0,1810.0,3077.0,114.0,829.0,0.0,5.88,0.0,4.36,7.47,4.39,17.37,0.11,100.0,0.67,98.89,0.0,0.0,0.33,1.0,902.0,6.0,892.0,0.0,0.0,3.0,90.47,0.0,100.0,0.78,8.09,0.11,0.11,0.11,0.33,98.34,0.44,1.22,816.0,0.0,902.0,7.0,73.0,1.0,1.0,1.0,3.0,887.0,4.0,11.0,65.74,99.22,81.93,14.97,1.77,0.55,0.0,100.0,0.78,0.0,65.52,0.22,11.31,17.41,0.11,0.11,5.32,0.0,593.0,895.0,739.0,135.0,16.0,5.0,0.0,902.0,7.0,0.0,591.0,2.0,102.0,157.0,1.0,1.0,48.0,0.0,0.11,100.0,99.56,97.67,1.88,0.33,0.0,0.0,1.0,902.0,898.0,881.0,17.0,3.0,0.0,0.0
3554904,,,,,,,,,,,,,,,,,,,,,,,,,,,,,,,,,,,,,,,,,,,,,,,,,,,,,,,,,0.0,0.0,0.0,0.0,0.0,0.0,0.0,421.0,5.0,9.0,398.0,1108.0,28.0,247.0,0.0,0.0,0.0,0.0,0.0,0.0,0.0,,,,,,,,,,,,,,,,,,,,,,,,,,,,,,,,,,,,,,,,,,,,,,,,,,,,,,,,,,,,,,,,,,,,,,,,,,,,,,,,,,,,,,,,,,
3554953,,,,,,,,,,,,,,,,,,,,,,,,,,,,,,,,,,,,,,,,,,,,,,,,,,,,,,,,,0.0,0.0,0.0,0.0,0.0,0.0,0.0,136.0,6.0,9.0,311.0,828.0,25.0,341.0,0.0,0.0,0.0,0.0,0.0,0.0,0.0,,,,,,,,,,,,,,,,,,,,,,,,,,,,,,,,,,,,,,,,,,,,,,,,,,,,,,,,,,,,,,,,,,,,,,,,,,,,,,,,,,,,,,,,,,
3555000,,,,,,,,,,,,,,,,,,,,,,,,,,,,,,,,,,,,,,,,,,,,,,,,,,,,,,,,,0.0,0.0,0.0,0.0,0.0,0.0,0.0,615.0,80.0,164.0,3997.0,5962.0,117.0,989.0,0.0,0.0,0.0,0.0,0.0,0.0,0.0,,,,,,,,,,,,,,,,,,,,,,,,,,,,,,,,,,,,,,,,,,,,,,,,,,,,,,,,,,,,,,,,,,,,,,,,,,,,,,,,,,,,,,,,,,
3555109,,,,,,,,,,,,,,,,,,,,,,,,,,,,,,,,,,,,,,,,,,,,,,,,,,,,,,,,,0.0,0.0,0.0,0.0,0.0,0.0,0.0,786.0,11.0,34.0,900.0,2083.0,35.0,317.0,0.0,0.0,0.0,0.0,0.0,0.0,0.0,,,,,,,,,,,,,,,,,,,,,,,,,,,,,,,,,,,,,,,,,,,,,,,,,,,,,,,,,,,,,,,,,,,,,,,,,,,,,,,,,,,,,,,,,,
3555208,,,,,,,,,,,,,,,,,,,,,,,,,,,,,,,,,,,,,,,,,,,,,,,,,,,,,,,,,0.0,0.0,0.0,0.0,0.0,0.0,0.0,203.0,3.0,2.0,118.0,349.0,7.0,16.0,0.0,0.0,0.0,0.0,0.0,0.0,0.0,,,,,,,,,,,,,,,,,,,,,,,,,,,,,,,,,,,,,,,,,,,,,,,,,,,,,,,,,,,,,,,,,,,,,,,,,,,,,,,,,,,,,,,,,,
3555307,,,,,,,,,,,,,,,,,,,,,,,,,,,,,,,,,,,,,,,,,,,,,,,,,,,,,,,,,0.0,0.0,0.0,0.0,0.0,0.0,0.0,349.0,4.0,5.0,90.0,467.0,8.0,11.0,0.0,0.0,0.0,0.0,0.0,0.0,0.0,,,,,,,,,,,,,,,,,,,,,,,,,,,,,,,,,,,,,,,,,,,,,,,,,,,,,,,,,,,,,,,,,,,,,,,,,,,,,,,,,,,,,,,,,,
3555356,,,,,,,,,,,,,,,,,,,,,,,,,,,,,,,,,,,,,,,,,,,,,,,,,,,,,,,,,0.0,0.0,0.0,0.0,0.0,0.0,0.0,44.0,4.0,3.0,238.0,399.0,23.0,87.0,0.0,0.0,0.0,0.0,0.0,0.0,0.0,,,,,,,,,,,,,,,,,,,,,,,,,,,,,,,,,,,,,,,,,,,,,,,,,,,,,,,,,,,,,,,,,,,,,,,,,,,,,,,,,,,,,,,,,,
3555406,18.0,0.08,0.0,0.08,99.68,0.24,100.0,99.68,95.68,4.0,0.0,0.0,0.0,99.92,0.07,0.07,0.15,99.59,0.26,100.0,79.92,76.51,3.41,19.67,10.75,8.92,99.85,13.0,0.0,13.0,16371.0,40.0,16424.0,16371.0,15714.0,657.0,0.0,0.0,0.0,16411.0,5.0,5.0,10.0,6864.0,18.0,6892.0,5508.0,5273.0,235.0,1356.0,741.0,615.0,6882.0,2981.48,16424.0,5.509,3.0,9.0,3.0,343.0,970.0,59.0,553.0,51.0,103.0,151.0,6096.0,9801.0,289.0,3111.0,5.88,8.74,1.99,5.63,9.9,20.42,17.78,0.4,100.0,0.91,98.42,0.05,0.0,0.22,22.0,5508.0,50.0,5421.0,3.0,0.0,12.0,45.08,0.0,100.0,1.14,0.13,45.95,0.0,7.37,0.33,96.77,2.65,0.58,2483.0,0.0,5508.0,63.0,7.0,2531.0,0.0,406.0,18.0,5330.0,146.0,32.0,5.41,99.75,75.13,20.99,2.74,0.89,0.04,100.0,0.18,0.04,4.81,0.6,55.97,31.68,5.17,0.4,1.33,0.04,298.0,5494.0,4138.0,1156.0,151.0,49.0,2.0,5508.0,10.0,2.0,265.0,33.0,3083.0,1745.0,285.0,22.0,73.0,2.0,0.31,100.0,99.35,73.55,25.8,0.25,0.02,0.07,17.0,5508.0,5472.0,4051.0,1421.0,14.0,1.0,4.0
3555505,,,,,,,,,,,,,,,,,,,,,,,,,,,,,,,,,,,,,,,,,,,,,,,,,,,,,,,,,0.0,0.0,0.0,0.0,0.0,0.0,0.0,385.0,9.0,3.0,308.0,823.0,29.0,89.0,0.0,0.0,0.0,0.0,0.0,0.0,0.0,,,,,,,,,,,,,,,,,,,,,,,,,,,,,,,,,,,,,,,,,,,,,,,,,,,,,,,,,,,,,,,,,,,,,,,,,,,,,,,,,,,,,,,,,,
3555604,,,,,,,,,,,,,,,,,,,,,,,,,,,,,,,,,,,,,,,,,,,,,,,,,,,,,,,,,0.0,0.0,0.0,0.0,0.0,0.0,0.0,312.0,8.0,14.0,569.0,1149.0,44.0,202.0,0.0,0.0,0.0,0.0,0.0,0.0,0.0,,,,,,,,,,,,,,,,,,,,,,,,,,,,,,,,,,,,,,,,,,,,,,,,,,,,,,,,,,,,,,,,,,,,,,,,,,,,,,,,,,,,,,,,,,
3555703,,,,,,,,,,,,,,,,,,,,,,,,,,,,,,,,,,,,,,,,,,,,,,,,,,,,,,,,,0.0,0.0,0.0,0.0,0.0,0.0,0.0,133.0,2.0,1.0,95.0,248.0,2.0,15.0,0.0,0.0,0.0,0.0,0.0,0.0,0.0,,,,,,,,,,,,,,,,,,,,,,,,,,,,,,,,,,,,,,,,,,,,,,,,,,,,,,,,,,,,,,,,,,,,,,,,,,,,,,,,,,,,,,,,,,
3555802,,,,,,,,,,,,,,,,,,,,,,,,,,,,,,,,,,,,,,,,,,,,,,,,,,,,,,,,,0.0,0.0,0.0,0.0,0.0,0.0,0.0,490.0,9.0,13.0,553.0,1241.0,27.0,149.0,0.0,0.0,0.0,0.0,0.0,0.0,0.0,,,,,,,,,,,,,,,,,,,,,,,,,,,,,,,,,,,,,,,,,,,,,,,,,,,,,,,,,,,,,,,,,,,,,,,,,,,,,,,,,,,,,,,,,,
3555901,,,,,,,,,,,,,,,,,,,,,,,,,,,,,,,,,,,,,,,,,,,,,,,,,,,,,,,,,0.0,0.0,0.0,0.0,0.0,0.0,0.0,98.0,3.0,2.0,102.0,248.0,5.0,38.0,0.0,0.0,0.0,0.0,0.0,0.0,0.0,,,,,,,,,,,,,,,,,,,,,,,,,,,,,,,,,,,,,,,,,,,,,,,,,,,,,,,,,,,,,,,,,,,,,,,,,,,,,,,,,,,,,,,,,,
3556008,,,,,,,,,,,,,,,,,,,,,,,,,,,,,,,,,,,,,,,,,,,,,,,,,,,,,,,,,0.0,0.0,0.0,0.0,0.0,0.0,0.0,814.0,15.0,43.0,1273.0,2524.0,46.0,333.0,0.0,0.0,0.0,0.0,0.0,0.0,0.0,,,,,,,,,,,,,,,,,,,,,,,,,,,,,,,,,,,,,,,,,,,,,,,,,,,,,,,,,,,,,,,,,,,,,,,,,,,,,,,,,,,,,,,,,,
3556107,,,,,,,,,,,,,,,,,,,,,,,,,,,,,,,,,,,,,,,,,,,,,,,,,,,,,,,,,0.0,0.0,0.0,0.0,0.0,0.0,0.0,279.0,5.0,13.0,836.0,1370.0,27.0,210.0,0.0,0.0,0.0,0.0,0.0,0.0,0.0,,,,,,,,,,,,,,,,,,,,,,,,,,,,,,,,,,,,,,,,,,,,,,,,,,,,,,,,,,,,,,,,,,,,,,,,,,,,,,,,,,,,,,,,,,
3556206,,,,,,,,,,,,,,,,,,,,,,,,,,,,,,,,,,,,,,,,,,,,,,,,,,,,,,,,,0.0,0.0,0.0,0.0,0.0,0.0,0.0,176.0,114.0,156.0,5625.0,7692.0,142.0,1479.0,0.0,0.0,0.0,0.0,0.0,0.0,0.0,,,,,,,,,,,,,,,,,,,,,,,,,,,,,,,,,,,,,,,,,,,,,,,,,,,,,,,,,,,,,,,,,,,,,,,,,,,,,,,,,,,,,,,,,,
3556305,,,,,,,,,,,,,,,,,,,,,,,,,,,,,,,,,,,,,,,,,,,,,,,,,,,,,,,,,0.0,0.0,0.0,0.0,0.0,0.0,0.0,202.0,17.0,34.0,1096.0,1926.0,44.0,533.0,0.0,0.0,0.0,0.0,0.0,0.0,0.0,,,,,,,,,,,,,,,,,,,,,,,,,,,,,,,,,,,,,,,,,,,,,,,,,,,,,,,,,,,,,,,,,,,,,,,,,,,,,,,,,,,,,,,,,,
3556354,,,,,,,,,,,,,,,,,,,,,,,,,,,,,,,,,,,,,,,,,,,,,,,,,,,,,,,,,0.0,0.0,0.0,0.0,0.0,0.0,0.0,150.0,15.0,10.0,543.0,1282.0,41.0,523.0,0.0,0.0,0.0,0.0,0.0,0.0,0.0,,,,,,,,,,,,,,,,,,,,,,,,,,,,,,,,,,,,,,,,,,,,,,,,,,,,,,,,,,,,,,,,,,,,,,,,,,,,,,,,,,,,,,,,,,
3556404,,,,,,,,,,,,,,,,,,,,,,,,,,,,,,,,,,,,,,,,,,,,,,,,,,,,,,,,,0.0,0.0,0.0,0.0,0.0,0.0,0.0,307.0,34.0,87.0,3129.0,4299.0,87.0,655.0,0.0,0.0,0.0,0.0,0.0,0.0,0.0,,,,,,,,,,,,,,,,,,,,,,,,,,,,,,,,,,,,,,,,,,,,,,,,,,,,,,,,,,,,,,,,,,,,,,,,,,,,,,,,,,,,,,,,,,
3556453,,,,,,,,,,,,,,,,,,,,,,,,,,,,,,,,,,,,,,,,,,,,,,,,,,,,,,,,,0.0,0.0,0.0,0.0,0.0,0.0,0.0,43.0,63.0,62.0,2453.0,4062.0,123.0,1318.0,0.0,0.0,0.0,0.0,0.0,0.0,0.0,,,,,,,,,,,,,,,,,,,,,,,,,,,,,,,,,,,,,,,,,,,,,,,,,,,,,,,,,,,,,,,,,,,,,,,,,,,,,,,,,,,,,,,,,,
3556503,3.0,0.0,0.0,0.0,99.94,0.06,100.0,99.94,97.7,2.23,0.0,0.0,0.0,100.0,0.0,0.02,0.02,99.92,0.06,100.0,94.9,92.53,2.37,5.02,4.49,0.53,99.98,0.0,0.0,0.0,15401.0,10.0,15411.0,15401.0,15057.0,344.0,0.0,0.0,0.0,15411.0,0.0,1.0,1.0,5231.0,3.0,5235.0,4968.0,4844.0,124.0,263.0,235.0,28.0,5234.0,19116.01,15411.0,0.806,0.0,3.0,0.0,441.0,599.0,36.0,119.0,18.0,51.0,71.0,4864.0,6640.0,178.0,1458.0,0.0,5.88,0.0,9.07,9.02,20.22,8.16,0.1,100.0,0.0,99.76,0.14,0.0,0.0,5.0,4968.0,0.0,4956.0,7.0,0.0,0.0,97.85,0.02,100.0,1.43,0.32,0.0,0.0,0.0,0.38,99.52,0.1,0.38,4861.0,1.0,4968.0,71.0,16.0,0.0,0.0,0.0,19.0,4944.0,5.0,19.0,88.81,99.96,85.55,13.33,0.97,0.12,0.02,100.0,0.0,0.02,88.67,0.14,0.4,2.15,8.35,0.08,0.18,0.02,4412.0,4966.0,4250.0,662.0,48.0,6.0,1.0,4968.0,0.0,1.0,4405.0,7.0,20.0,107.0,415.0,4.0,9.0,1.0,0.06,100.0,99.94,97.2,2.74,0.0,0.0,0.0,3.0,4968.0,4965.0,4829.0,136.0,0.0,0.0,0.0
3556602,,,,,,,,,,,,,,,,,,,,,,,,,,,,,,,,,,,,,,,,,,,,,,,,,,,,,,,,,0.0,0.0,0.0,0.0,0.0,0.0,0.0,272.0,10.0,13.0,485.0,909.0,20.0,109.0,0.0,0.0,0.0,0.0,0.0,0.0,0.0,,,,,,,,,,,,,,,,,,,,,,,,,,,,,,,,,,,,,,,,,,,,,,,,,,,,,,,,,,,,,,,,,,,,,,,,,,,,,,,,,,,,,,,,,,
3556701,,,,,,,,,,,,,,,,,,,,,,,,,,,,,,,,,,,,,,,,,,,,,,,,,,,,,,,,,0.0,0.0,0.0,0.0,0.0,0.0,0.0,76.0,70.0,114.0,3869.0,5252.0,89.0,1034.0,0.0,0.0,0.0,0.0,0.0,0.0,0.0,,,,,,,,,,,,,,,,,,,,,,,,,,,,,,,,,,,,,,,,,,,,,,,,,,,,,,,,,,,,,,,,,,,,,,,,,,,,,,,,,,,,,,,,,,
3556800,,,,,,,,,,,,,,,,,,,,,,,,,,,,,,,,,,,,,,,,,,,,,,,,,,,,,,,,,0.0,0.0,0.0,0.0,0.0,0.0,0.0,191.0,19.0,39.0,1105.0,1597.0,37.0,206.0,0.0,0.0,0.0,0.0,0.0,0.0,0.0,,,,,,,,,,,,,,,,,,,,,,,,,,,,,,,,,,,,,,,,,,,,,,,,,,,,,,,,,,,,,,,,,,,,,,,,,,,,,,,,,,,,,,,,,,
3556909,,,,,,,,,,,,,,,,,,,,,,,,,,,,,,,,,,,,,,,,,,,,,,,,,,,,,,,,,0.0,0.0,0.0,0.0,0.0,0.0,0.0,197.0,7.0,14.0,636.0,979.0,17.0,108.0,0.0,0.0,0.0,0.0,0.0,0.0,0.0,,,,,,,,,,,,,,,,,,,,,,,,,,,,,,,,,,,,,,,,,,,,,,,,,,,,,,,,,,,,,,,,,,,,,,,,,,,,,,,,,,,,,,,,,,
3556958,,,,,,,,,,,,,,,,,,,,,,,,,,,,,,,,,,,,,,,,,,,,,,,,,,,,,,,,,0.0,0.0,0.0,0.0,0.0,0.0,0.0,79.0,4.0,4.0,105.0,213.0,4.0,17.0,0.0,0.0,0.0,0.0,0.0,0.0,0.0,,,,,,,,,,,,,,,,,,,,,,,,,,,,,,,,,,,,,,,,,,,,,,,,,,,,,,,,,,,,,,,,,,,,,,,,,,,,,,,,,,,,,,,,,,
3557006,9.0,0.0,0.0,0.0,92.93,7.07,100.0,92.93,89.55,3.37,0.0,0.0,0.0,100.0,0.0,0.0,0.0,92.68,7.32,100.0,87.04,83.57,3.47,5.64,4.77,0.87,100.0,0.0,0.0,0.0,4571.0,348.0,4919.0,4571.0,4405.0,166.0,0.0,0.0,0.0,4919.0,0.0,0.0,0.0,1495.0,118.0,1613.0,1404.0,1348.0,56.0,91.0,77.0,14.0,1613.0,8897.32,4919.0,0.553,0.0,3.0,0.0,78.0,121.0,9.0,31.0,50.0,103.0,107.0,4871.0,7326.0,151.0,2044.0,0.0,2.91,0.0,1.6,1.65,5.96,1.52,0.0,100.0,0.0,99.07,0.36,0.0,0.57,0.0,1404.0,0.0,1391.0,5.0,0.0,8.0,72.01,14.6,100.0,3.28,0.07,0.07,0.0,0.43,9.54,83.48,0.93,15.6,1011.0,205.0,1404.0,46.0,1.0,1.0,0.0,6.0,134.0,1172.0,13.0,219.0,45.94,98.93,89.67,7.62,1.35,0.28,0.28,100.0,0.78,0.0,45.44,0.5,17.38,15.17,9.97,1.71,9.54,0.28,645.0,1389.0,1259.0,107.0,19.0,4.0,4.0,1404.0,11.0,0.0,638.0,7.0,244.0,213.0,140.0,24.0,134.0,4.0,0.0,100.0,99.43,61.97,37.46,0.43,0.0,0.14,0.0,1404.0,1396.0,870.0,526.0,6.0,0.0,2.0
3557105,,,,,,,,,,,,,,,,,,,,,,,,,,,,,,,,,,,,,,,,,,,,,,,,,,,,,,,,,0.0,0.0,0.0,0.0,0.0,0.0,0.0,734.0,90.0,240.0,5908.0,8801.0,163.0,1666.0,0.0,0.0,0.0,0.0,0.0,0.0,0.0,,,,,,,,,,,,,,,,,,,,,,,,,,,,,,,,,,,,,,,,,,,,,,,,,,,,,,,,,,,,,,,,,,,,,,,,,,,,,,,,,,,,,,,,,,
3557154,,,,,,,,,,,,,,,,,,,,,,,,,,,,,,,,,,,,,,,,,,,,,,,,,,,,,,,,,0.0,0.0,0.0,0.0,0.0,0.0,0.0,188.0,3.0,2.0,158.0,464.0,7.0,106.0,0.0,0.0,0.0,0.0,0.0,0.0,0.0,,,,,,,,,,,,,,,,,,,,,,,,,,,,,,,,,,,,,,,,,,,,,,,,,,,,,,,,,,,,,,,,,,,,,,,,,,,,,,,,,,,,,,,,,,
3557204,,,,,,,,,,,,,,,,,,,,,,,,,,,,,,,,,,,,,,,,,,,,,,,,,,,,,,,,,0.0,0.0,0.0,0.0,0.0,0.0,0.0,27.0,16.0,18.0,812.0,1209.0,53.0,283.0,0.0,0.0,0.0,0.0,0.0,0.0,0.0,,,,,,,,,,,,,,,,,,,,,,,,,,,,,,,,,,,,,,,,,,,,,,,,,,,,,,,,,,,,,,,,,,,,,,,,,,,,,,,,,,,,,,,,,,
3557303,,,,,,,,,,,,,,,,,,,,,,,,,,,,,,,,,,,,,,,,,,,,,,,,,,,,,,,,,0.0,0.0,0.0,0.0,0.0,0.0,0.0,62.0,17.0,16.0,504.0,900.0,20.0,281.0,0.0,0.0,0.0,0.0,0.0,0.0,0.0,,,,,,,,,,,,,,,,,,,,,,,,,,,,,,,,,,,,,,,,,,,,,,,,,,,,,,,,,,,,,,,,,,,,,,,,,,,,,,,,,,,,,,,,,,
