CD_MUN,V18000001,V18000002,V18000003,V18000004,V18000005,V18000006,V18000007,V18000008,V18000009,V18000010,V18000011,V18000012,V18000013,V18000014,V18000015,V18000016,V18000017,V18000018,V18000019,V18000020,V18000021,V18000022,V18000023,V18000024,V18000025,V18000026,V18000027,V18000028,V18000029,V18000030,V18000031,V18000032,V18000033,V18000034,V18000035,V18000036,V18000037,V18000038,V18000039,V18000040,V18000041,V18000042,V18000043,V18000044,V18000045,V18000046,V18000047,V18000048,V18000049,V18000050,V18000051,V18000052,V18000053,V18000054,V18000055,V18000056,V18000057,V18000058,V18000059,V18000060,V18000061,V18000062,V18000063,V18000064,V18000065,V18000066,V18000067,V18000068,V18000069,V18000070,V18000071,V18000072,V18000073,V18000074,V18000075,V18000076,V18000077,V18000078,V18000079,V18000080,V18000081,V18000082,V18000083,V18000084,V18000085,V18000086,V18000087,V18000088,V18000089,V18000090,V18000091,V18000092,V18000093,V18000094,V18000095,V18000096,V18000097,V18000098,V18000099,V18000100,V18000101,V18000102,V18000103,V18000104,V18000105,V18000106,V18000107,V18000108,V18000109,V18000110,V18000111,V18000112,V18000113,V18000114,V18000115,V18000116,V18000117,V18000118,V18000119,V18000120,V18000121,V18000122,V18000123,V18000124,V18000125,V18000126,V18000127,V18000128,V18000129,V18000130,V18000131,V18000132,V18000133,V18000134,V18000135,V18000136,V18000137,V18000138,V18000139,V18000140,V18000141,V18000142,V18000143,V18000144,V18000145,V18000146,V18000147,V18000148,V18000149,V18000150,V18000151,V18000152,V18000153,V18000154,V18000155,V18000156,V18000157,V18000158,V18000159,V18000160,V18000161,V18000162,V18000163,V18000164,V18000165,V18000166
3500105,0.0,54.53,45.47,100.0,0.94,0.35,1.06,0.12,0.12,0.12,0.24,1.18,0.24,0.82,1.77,2.24,2.59,5.42,5.77,6.48,9.19,10.13,13.55,15.31,12.25,8.24,2.24,0.71,0.35,0.47,0.12,0.0,0.0,18.85,21.55,13.43,11.19,14.02,11.43,9.54,0.0,0.0,463.0,386.0,849.0,8.0,3.0,9.0,1.0,1.0,1.0,2.0,10.0,2.0,7.0,15.0,19.0,22.0,46.0,49.0,55.0,78.0,86.0,115.0,130.0,104.0,70.0,19.0,6.0,3.0,4.0,1.0,0.0,0.0,160.0,183.0,114.0,95.0,119.0,97.0,81.0,0.0,99.76,99.76,,0.0,0.05,0.19,0.0,73.38,2.35,0.62,23.59,0.05,0.0,100.0,17.2,16.43,17.01,18.6,15.47,15.28,1.39,2.11,1.87,1.49,1.68,1.2,1.25,1.11,1.59,1.35,1.2,0.96,2076.0,2076.0,,0.0,1.0,4.0,0.0,1527.0,49.0,13.0,491.0,1.0,0.0,2081.0,358.0,342.0,354.0,387.0,322.0,318.0,29.0,44.0,39.0,31.0,35.0,25.0,26.0,23.0,33.0,28.0,25.0,20.0,99.76,99.44,100.0,99.15,100.0,100.0,100.0,99.78,100.0,100.0,100.0,100.0,97.14,100.0,100.0,100.0,100.0,100.0,100.0,95.0
3500204,0.0,53.57,46.43,100.0,1.19,0.0,1.19,0.0,0.0,0.0,0.0,0.0,1.19,0.0,0.0,5.95,3.57,4.76,5.95,11.9,9.52,4.76,10.71,17.86,10.71,7.14,4.76,0.0,1.19,0.0,0.0,0.0,0.0,22.62,19.05,10.71,15.48,17.86,5.95,8.33,0.0,0.0,45.0,39.0,84.0,1.0,0.0,1.0,0.0,0.0,0.0,0.0,0.0,1.0,0.0,0.0,5.0,3.0,4.0,5.0,10.0,8.0,4.0,9.0,15.0,9.0,6.0,4.0,0.0,1.0,0.0,0.0,0.0,0.0,19.0,16.0,9.0,13.0,15.0,5.0,7.0,0.0,98.62,98.62,,0.0,0.69,0.69,0.0,63.67,3.11,0.0,33.22,0.0,0.0,100.0,18.69,17.99,15.22,14.88,16.96,16.26,0.35,0.69,0.35,2.08,1.38,3.46,1.38,2.77,1.38,1.04,1.04,2.77,285.0,285.0,,0.0,2.0,2.0,0.0,184.0,9.0,0.0,96.0,0.0,0.0,289.0,54.0,52.0,44.0,43.0,49.0,47.0,1.0,2.0,1.0,6.0,4.0,10.0,4.0,8.0,4.0,3.0,3.0,8.0,98.62,98.15,98.08,100.0,100.0,100.0,95.74,98.91,100.0,100.0,100.0,100.0,75.0,100.0,100.0,100.0,100.0,100.0,100.0,100.0
3500303,0.0,55.38,44.62,100.0,1.3,0.13,2.08,0.78,0.26,0.13,0.52,1.69,1.17,2.59,1.43,3.5,4.54,6.49,8.04,9.08,10.38,11.15,9.34,11.67,8.82,4.54,2.2,0.26,0.52,0.26,0.13,0.39,0.0,22.31,20.23,11.28,11.02,14.92,7.91,12.32,0.0,0.0,427.0,344.0,771.0,10.0,1.0,16.0,6.0,2.0,1.0,4.0,13.0,9.0,20.0,11.0,27.0,35.0,50.0,62.0,70.0,80.0,86.0,72.0,90.0,68.0,35.0,17.0,2.0,4.0,2.0,1.0,3.0,0.0,172.0,156.0,87.0,85.0,115.0,61.0,95.0,0.0,99.67,99.67,,0.0,0.17,0.12,0.04,67.63,3.4,0.17,28.8,0.0,0.0,100.0,14.98,15.48,15.98,17.43,17.88,18.26,1.16,1.04,1.7,1.58,1.66,1.12,0.87,1.41,1.37,1.29,0.95,0.83,2402.0,2402.0,,0.0,4.0,3.0,1.0,1630.0,82.0,4.0,694.0,0.0,0.0,2410.0,361.0,373.0,385.0,420.0,431.0,440.0,28.0,25.0,41.0,38.0,40.0,27.0,21.0,34.0,33.0,31.0,23.0,20.0,99.67,99.72,99.46,99.74,99.76,99.77,99.55,99.7,96.43,100.0,100.0,100.0,100.0,100.0,100.0,100.0,100.0,100.0,100.0,100.0
3500402,0.0,51.04,48.96,100.0,0.0,0.0,0.0,0.0,0.0,0.0,0.52,1.04,0.52,2.6,0.0,1.04,3.13,4.17,8.33,10.42,9.38,8.85,8.85,14.58,8.85,11.98,4.17,1.56,0.0,0.0,0.0,0.0,0.0,25.52,19.27,9.38,10.94,12.5,13.54,8.85,0.0,0.0,98.0,94.0,192.0,0.0,0.0,0.0,0.0,0.0,0.0,1.0,2.0,1.0,5.0,0.0,2.0,6.0,8.0,16.0,20.0,18.0,17.0,17.0,28.0,17.0,23.0,8.0,3.0,0.0,0.0,0.0,0.0,0.0,49.0,37.0,18.0,21.0,24.0,26.0,17.0,0.0,99.08,99.08,,0.0,0.69,0.23,0.0,74.6,0.92,0.69,23.79,0.0,0.0,100.0,15.7,16.4,14.78,14.78,17.55,20.79,2.08,1.15,1.15,0.69,1.85,1.62,1.62,0.69,1.15,1.15,1.62,0.92,429.0,429.0,,0.0,3.0,1.0,0.0,323.0,4.0,3.0,103.0,0.0,0.0,433.0,68.0,71.0,64.0,64.0,76.0,90.0,9.0,5.0,5.0,3.0,8.0,7.0,7.0,3.0,5.0,5.0,7.0,4.0,99.08,98.53,98.59,100.0,100.0,98.68,98.89,99.32,100.0,100.0,100.0,100.0,100.0,85.71,100.0,100.0,100.0,100.0,100.0,100.0
3500501,0.0,53.83,46.17,100.0,0.49,0.0,0.74,0.25,0.49,0.0,0.25,0.99,0.74,1.73,2.22,2.22,3.21,6.67,4.2,8.4,10.37,9.14,12.35,14.57,10.37,8.4,2.72,0.25,0.25,0.25,0.0,0.0,0.0,19.51,21.98,12.59,14.81,11.85,9.14,10.12,0.0,0.0,218.0,187.0,405.0,2.0,0.0,3.0,1.0,2.0,0.0,1.0,4.0,3.0,7.0,9.0,9.0,13.0,27.0,17.0,34.0,42.0,37.0,50.0,59.0,42.0,34.0,11.0,1.0,1.0,1.0,0.0,0.0,0.0,79.0,89.0,51.0,60.0,48.0,37.0,41.0,0.0,99.7,99.7,,0.0,0.1,0.1,0.1,72.47,1.9,0.0,25.63,0.0,0.0,100.0,14.21,13.61,18.02,18.52,16.02,19.62,1.8,0.9,1.3,1.5,1.3,1.0,1.3,1.4,1.3,1.1,0.5,0.8,996.0,996.0,,0.0,1.0,1.0,1.0,724.0,19.0,0.0,256.0,0.0,0.0,999.0,142.0,136.0,180.0,185.0,160.0,196.0,18.0,9.0,13.0,15.0,13.0,10.0,13.0,14.0,13.0,11.0,5.0,8.0,99.7,100.0,98.53,100.0,100.0,99.38,100.0,99.86,100.0,100.0,100.0,100.0,100.0,100.0,100.0,100.0,100.0,100.0,100.0,100.0
3500550,0.0,56.97,43.03,100.0,1.21,0.0,1.82,0.61,0.0,0.0,1.82,0.61,4.85,0.0,1.21,0.61,4.85,4.24,10.3,9.09,10.91,9.7,8.48,13.94,8.48,7.27,1.21,0.61,0.61,0.0,0.61,0.0,0.0,17.58,26.06,11.52,14.55,10.91,10.3,9.09,0.0,0.0,94.0,71.0,165.0,2.0,0.0,3.0,1.0,0.0,0.0,3.0,1.0,8.0,0.0,2.0,1.0,8.0,7.0,17.0,15.0,18.0,16.0,14.0,23.0,14.0,12.0,2.0,1.0,1.0,0.0,1.0,0.0,0.0,29.0,43.0,19.0,24.0,18.0,17.0,15.0,0.0,99.78,99.78,,0.0,0.0,0.22,0.0,67.4,2.41,0.22,29.98,0.0,0.0,100.0,11.6,15.97,15.75,20.57,18.6,17.51,0.66,1.31,0.66,0.66,0.22,1.31,1.53,1.97,0.0,0.88,1.31,1.09,456.0,456.0,,0.0,0.0,1.0,0.0,308.0,11.0,1.0,137.0,0.0,0.0,457.0,53.0,73.0,72.0,94.0,85.0,80.0,3.0,6.0,3.0,3.0,1.0,6.0,7.0,9.0,0.0,4.0,6.0,5.0,99.78,100.0,98.63,100.0,100.0,100.0,100.0,100.0,100.0,100.0,100.0,100.0,100.0,100.0,100.0,100.0,0.0,100.0,100.0,100.0
3500600,0.0,55.95,44.05,100.0,0.0,0.0,0.0,0.0,0.0,0.0,1.19,0.0,0.0,0.0,1.19,1.19,1.19,0.0,2.38,7.14,7.14,16.67,14.29,14.29,14.29,14.29,2.38,2.38,0.0,0.0,0.0,0.0,0.0,16.67,23.81,15.48,14.29,15.48,5.95,8.33,0.0,0.0,47.0,37.0,84.0,0.0,0.0,0.0,0.0,0.0,0.0,1.0,0.0,0.0,0.0,1.0,1.0,1.0,0.0,2.0,6.0,6.0,14.0,12.0,12.0,12.0,12.0,2.0,2.0,0.0,0.0,0.0,0.0,0.0,14.0,20.0,13.0,12.0,13.0,5.0,7.0,0.0,100.0,100.0,,0.0,0.0,0.0,0.0,79.65,0.88,3.54,15.93,0.0,0.0,100.0,11.5,18.58,18.58,16.81,20.35,14.16,0.0,0.0,0.88,0.88,0.0,0.0,2.65,2.65,0.88,1.77,1.77,0.0,113.0,113.0,,0.0,0.0,0.0,0.0,90.0,1.0,4.0,18.0,0.0,0.0,113.0,13.0,21.0,21.0,19.0,23.0,16.0,0.0,0.0,1.0,1.0,0.0,0.0,3.0,3.0,1.0,2.0,2.0,0.0,100.0,100.0,100.0,100.0,100.0,100.0,100.0,100.0,0.0,0.0,100.0,100.0,0.0,0.0,100.0,100.0,100.0,100.0,100.0,0.0
3500709,0.0,55.01,44.99,100.0,1.19,0.0,1.43,0.24,0.0,0.24,0.24,2.03,1.55,1.55,3.46,2.63,4.18,5.25,6.68,9.67,9.43,12.65,10.5,11.1,9.31,5.13,2.03,0.95,0.48,0.36,0.24,0.12,0.0,18.74,21.6,12.65,12.29,14.08,11.22,9.43,0.0,0.0,461.0,377.0,838.0,10.0,0.0,12.0,2.0,0.0,2.0,2.0,17.0,13.0,13.0,29.0,22.0,35.0,44.0,56.0,81.0,79.0,106.0,88.0,93.0,78.0,43.0,17.0,8.0,4.0,3.0,2.0,1.0,0.0,157.0,181.0,106.0,103.0,118.0,94.0,79.0,0.0,99.65,99.65,,0.0,0.18,0.18,0.0,63.24,3.01,0.18,33.54,0.04,0.0,100.0,15.93,14.95,15.97,16.88,18.14,18.14,1.51,1.61,1.09,1.26,1.19,1.23,1.33,1.51,1.37,1.19,1.19,1.47,2846.0,2846.0,,0.0,5.0,5.0,0.0,1806.0,86.0,5.0,958.0,1.0,0.0,2856.0,455.0,427.0,456.0,482.0,518.0,518.0,43.0,46.0,31.0,36.0,34.0,35.0,38.0,43.0,39.0,34.0,34.0,42.0,99.65,99.78,99.53,99.56,99.59,99.81,99.61,99.65,100.0,100.0,100.0,100.0,100.0,100.0,100.0,100.0,100.0,97.06,100.0,100.0
3500758,0.0,56.1,43.9,100.0,0.0,0.0,1.22,1.22,0.0,1.22,0.61,1.83,2.44,2.44,1.83,5.49,4.27,3.05,3.66,11.59,15.24,6.1,8.54,11.59,9.15,6.1,3.05,0.61,0.0,0.0,0.0,0.0,0.0,17.07,28.66,11.59,10.98,14.63,6.71,10.37,0.0,0.0,92.0,72.0,164.0,0.0,0.0,2.0,2.0,0.0,2.0,1.0,3.0,4.0,4.0,3.0,9.0,7.0,5.0,6.0,19.0,25.0,10.0,14.0,19.0,15.0,10.0,5.0,1.0,0.0,0.0,0.0,0.0,0.0,28.0,47.0,19.0,18.0,24.0,11.0,17.0,0.0,99.78,99.78,,0.0,0.22,0.0,0.0,74.56,1.99,0.0,23.45,0.0,0.0,100.0,13.05,14.82,17.7,19.47,16.15,18.81,0.22,0.88,0.88,1.55,1.11,0.88,1.99,0.44,1.77,0.88,0.88,1.55,451.0,451.0,,0.0,1.0,0.0,0.0,337.0,9.0,0.0,106.0,0.0,0.0,452.0,59.0,67.0,80.0,88.0,73.0,85.0,1.0,4.0,4.0,7.0,5.0,4.0,9.0,2.0,8.0,4.0,4.0,7.0,99.78,100.0,100.0,100.0,98.86,100.0,100.0,99.69,100.0,100.0,100.0,100.0,100.0,100.0,100.0,100.0,100.0,100.0,100.0,100.0
3500808,0.0,58.1,41.9,100.0,2.86,0.0,3.81,0.95,0.0,0.0,0.0,0.95,0.95,0.0,1.9,3.81,0.95,2.86,1.9,4.76,10.48,9.52,17.14,13.33,19.05,6.67,1.9,0.0,1.9,0.0,0.95,0.0,0.0,17.14,20.0,8.57,17.14,16.19,9.52,11.43,0.0,0.0,61.0,44.0,105.0,3.0,0.0,4.0,1.0,0.0,0.0,0.0,1.0,1.0,0.0,2.0,4.0,1.0,3.0,2.0,5.0,11.0,10.0,18.0,14.0,20.0,7.0,2.0,0.0,2.0,0.0,1.0,0.0,0.0,18.0,21.0,9.0,18.0,17.0,10.0,12.0,0.0,99.64,99.64,,0.0,0.36,0.0,0.0,60.85,4.63,0.36,34.16,0.0,0.0,100.0,14.59,17.44,15.3,16.73,22.42,13.52,0.71,0.71,2.14,1.42,1.07,1.78,0.71,1.42,0.71,1.78,1.42,0.71,280.0,280.0,,0.0,1.0,0.0,0.0,171.0,13.0,1.0,96.0,0.0,0.0,281.0,41.0,49.0,43.0,47.0,63.0,38.0,2.0,2.0,6.0,4.0,3.0,5.0,2.0,4.0,2.0,5.0,4.0,2.0,99.64,100.0,100.0,100.0,100.0,98.41,100.0,99.48,100.0,100.0,100.0,100.0,100.0,100.0,100.0,100.0,100.0,100.0,100.0,100.0
3500907,0.0,46.99,53.01,100.0,0.0,0.0,1.2,1.2,0.0,0.0,0.0,1.2,1.2,0.0,1.2,4.82,2.41,8.43,6.02,9.64,13.25,4.82,10.84,15.66,4.82,9.64,4.82,0.0,0.0,0.0,0.0,0.0,0.0,18.07,26.51,14.46,7.23,9.64,16.87,7.23,0.0,0.0,39.0,44.0,83.0,0.0,0.0,1.0,1.0,0.0,0.0,0.0,1.0,1.0,0.0,1.0,4.0,2.0,7.0,5.0,8.0,11.0,4.0,9.0,13.0,4.0,8.0,4.0,0.0,0.0,0.0,0.0,0.0,0.0,15.0,22.0,12.0,6.0,8.0,14.0,6.0,0.0,100.0,100.0,,0.0,0.0,0.0,0.0,61.0,2.49,0.0,36.51,0.0,0.0,100.0,15.35,16.6,15.35,12.45,22.82,17.43,0.83,0.41,0.41,1.66,0.83,1.66,1.24,0.83,1.66,2.07,1.24,2.49,241.0,241.0,,0.0,0.0,0.0,0.0,147.0,6.0,0.0,88.0,0.0,0.0,241.0,37.0,40.0,37.0,30.0,55.0,42.0,2.0,1.0,1.0,4.0,2.0,4.0,3.0,2.0,4.0,5.0,3.0,6.0,100.0,100.0,100.0,100.0,100.0,100.0,100.0,100.0,100.0,100.0,100.0,100.0,100.0,100.0,100.0,100.0,100.0,100.0,100.0,100.0
3501004,0.0,60.0,40.0,100.0,1.94,0.0,2.22,0.28,0.0,0.56,0.28,1.67,0.56,0.83,1.39,4.17,4.17,3.89,4.17,9.72,10.0,13.33,10.56,13.61,9.72,4.72,3.89,0.56,0.56,1.11,0.28,0.0,0.0,22.78,21.39,9.17,12.5,14.17,10.28,9.72,0.0,0.0,216.0,144.0,360.0,7.0,0.0,8.0,1.0,0.0,2.0,1.0,6.0,2.0,3.0,5.0,15.0,15.0,14.0,15.0,35.0,36.0,48.0,38.0,49.0,35.0,17.0,14.0,2.0,2.0,4.0,1.0,0.0,0.0,82.0,77.0,33.0,45.0,51.0,37.0,35.0,0.0,99.58,99.58,,0.0,0.25,0.17,0.0,66.75,3.09,0.08,30.08,0.0,0.0,100.0,15.2,13.7,16.46,18.13,18.88,17.63,1.25,0.5,1.84,1.17,1.34,0.84,1.0,1.92,1.17,1.42,1.59,1.17,1192.0,1192.0,,0.0,3.0,2.0,0.0,799.0,37.0,1.0,360.0,0.0,0.0,1197.0,182.0,164.0,197.0,217.0,226.0,211.0,15.0,6.0,22.0,14.0,16.0,10.0,12.0,23.0,14.0,17.0,19.0,14.0,99.58,100.0,100.0,98.98,100.0,99.12,99.53,99.41,100.0,100.0,100.0,100.0,100.0,100.0,100.0,100.0,100.0,100.0,100.0,100.0
3501103,0.0,57.25,42.75,100.0,0.76,3.05,1.53,0.76,0.0,0.76,1.53,0.0,0.0,1.53,5.34,4.58,3.82,4.58,3.82,6.87,7.63,7.63,17.56,12.21,13.74,3.05,0.76,0.0,0.0,0.0,0.0,0.76,0.0,17.56,26.72,4.58,8.4,16.03,12.21,14.5,0.0,0.0,75.0,56.0,131.0,1.0,4.0,2.0,1.0,0.0,1.0,2.0,0.0,0.0,2.0,7.0,6.0,5.0,6.0,5.0,9.0,10.0,10.0,23.0,16.0,18.0,4.0,1.0,0.0,0.0,0.0,0.0,1.0,0.0,23.0,35.0,6.0,11.0,21.0,16.0,19.0,0.0,100.0,100.0,,0.0,0.0,0.0,0.0,67.68,2.02,0.0,30.3,0.0,0.0,100.0,18.18,15.15,19.7,13.13,18.18,15.66,1.01,0.0,2.53,1.52,0.0,1.52,0.51,2.02,3.03,2.53,2.02,1.52,198.0,198.0,,0.0,0.0,0.0,0.0,134.0,4.0,0.0,60.0,0.0,0.0,198.0,36.0,30.0,39.0,26.0,36.0,31.0,2.0,0.0,5.0,3.0,0.0,3.0,1.0,4.0,6.0,5.0,4.0,3.0,100.0,100.0,100.0,100.0,100.0,100.0,100.0,100.0,100.0,0.0,100.0,100.0,0.0,100.0,100.0,100.0,100.0,100.0,100.0,100.0
3501152,0.0,57.01,42.99,100.0,1.49,0.0,1.79,0.3,0.0,0.0,0.6,1.49,1.79,1.79,2.99,2.39,2.99,6.57,7.16,10.15,12.24,11.94,12.24,11.64,7.46,3.88,0.9,0.0,0.3,0.9,0.3,0.0,0.0,18.51,22.09,14.63,10.15,13.73,9.25,11.64,0.0,0.0,191.0,144.0,335.0,5.0,0.0,6.0,1.0,0.0,0.0,2.0,5.0,6.0,6.0,10.0,8.0,10.0,22.0,24.0,34.0,41.0,40.0,41.0,39.0,25.0,13.0,3.0,0.0,1.0,3.0,1.0,0.0,0.0,62.0,74.0,49.0,34.0,46.0,31.0,39.0,0.0,99.85,99.85,,0.0,0.15,0.0,0.0,56.19,3.67,0.0,40.14,0.0,0.0,100.0,14.98,15.14,16.9,17.43,17.2,18.35,1.53,0.69,0.92,0.92,1.53,1.07,0.61,2.06,1.22,1.68,1.15,1.61,1306.0,1306.0,,0.0,2.0,0.0,0.0,735.0,48.0,0.0,525.0,0.0,0.0,1308.0,196.0,198.0,221.0,228.0,225.0,240.0,20.0,9.0,12.0,12.0,20.0,14.0,8.0,27.0,16.0,22.0,15.0,21.0,99.85,99.49,100.0,99.55,100.0,100.0,100.0,99.89,100.0,100.0,100.0,100.0,100.0,100.0,100.0,96.3,100.0,100.0,100.0,100.0
3501202,0.0,61.21,38.79,100.0,0.86,0.0,1.72,0.86,0.0,0.0,1.72,0.0,2.59,3.45,4.31,1.72,1.72,4.31,8.62,5.17,8.62,5.17,11.21,18.1,8.62,6.9,6.03,0.0,0.0,0.0,0.0,0.86,0.0,23.28,18.97,6.03,13.79,12.93,14.66,10.34,0.0,0.0,71.0,45.0,116.0,1.0,0.0,2.0,1.0,0.0,0.0,2.0,0.0,3.0,4.0,5.0,2.0,2.0,5.0,10.0,6.0,10.0,6.0,13.0,21.0,10.0,8.0,7.0,0.0,0.0,0.0,0.0,1.0,0.0,27.0,22.0,7.0,16.0,15.0,17.0,12.0,0.0,99.52,99.52,,0.0,0.48,0.0,0.0,68.27,4.33,0.0,27.4,0.0,0.0,100.0,14.9,11.54,20.19,19.71,14.9,18.75,0.48,1.92,0.96,1.92,2.4,1.92,1.92,0.48,0.48,0.96,0.96,0.48,207.0,207.0,,0.0,1.0,0.0,0.0,142.0,9.0,0.0,57.0,0.0,0.0,208.0,31.0,24.0,42.0,41.0,31.0,39.0,1.0,4.0,2.0,4.0,5.0,4.0,4.0,1.0,1.0,2.0,2.0,1.0,99.52,100.0,100.0,100.0,100.0,100.0,97.44,99.35,100.0,100.0,100.0,100.0,100.0,100.0,100.0,100.0,100.0,100.0,100.0,100.0
3501301,0.0,55.5,44.5,100.0,1.05,0.0,1.22,0.17,0.0,0.7,0.35,1.57,1.05,1.57,1.4,2.44,3.49,6.11,7.16,9.42,11.34,10.47,12.04,9.95,8.38,8.2,2.79,0.35,0.17,0.87,0.0,0.0,0.0,20.94,19.9,11.34,13.61,15.01,9.08,10.12,0.0,0.0,318.0,255.0,573.0,6.0,0.0,7.0,1.0,0.0,4.0,2.0,9.0,6.0,9.0,8.0,14.0,20.0,35.0,41.0,54.0,65.0,60.0,69.0,57.0,48.0,47.0,16.0,2.0,1.0,5.0,0.0,0.0,0.0,120.0,114.0,65.0,78.0,86.0,52.0,58.0,0.0,99.85,99.85,,0.0,0.15,0.0,0.0,58.96,3.26,0.73,37.05,0.0,0.0,100.0,14.85,14.8,17.38,17.58,17.96,17.43,1.31,0.93,1.46,1.22,1.61,1.07,1.46,1.27,1.41,0.88,0.88,1.36,2051.0,2051.0,,0.0,3.0,0.0,0.0,1211.0,67.0,15.0,761.0,0.0,0.0,2054.0,305.0,304.0,357.0,361.0,369.0,358.0,27.0,19.0,30.0,25.0,33.0,22.0,30.0,26.0,29.0,18.0,18.0,28.0,99.85,99.67,99.67,100.0,99.72,100.0,100.0,99.93,100.0,100.0,100.0,100.0,100.0,100.0,100.0,100.0,100.0,100.0,94.44,100.0
3501400,0.0,56.98,43.02,100.0,0.0,0.0,1.16,1.16,1.16,0.0,0.0,0.0,2.33,2.33,2.33,4.65,4.65,3.49,3.49,3.49,11.63,15.12,18.6,16.28,4.65,3.49,0.0,1.16,0.0,0.0,0.0,0.0,0.0,15.12,19.77,12.79,17.44,10.47,15.12,9.3,0.0,0.0,49.0,37.0,86.0,0.0,0.0,1.0,1.0,1.0,0.0,0.0,0.0,2.0,2.0,2.0,4.0,4.0,3.0,3.0,3.0,10.0,13.0,16.0,14.0,4.0,3.0,0.0,1.0,0.0,0.0,0.0,0.0,0.0,13.0,17.0,11.0,15.0,9.0,13.0,8.0,0.0,99.56,99.56,,0.0,0.44,0.0,0.0,49.78,7.42,0.0,42.79,0.0,0.0,100.0,17.47,11.79,15.72,19.21,19.21,16.59,1.31,1.31,1.75,0.44,1.75,0.87,0.87,0.0,2.62,1.31,2.62,2.62,228.0,228.0,,0.0,1.0,0.0,0.0,114.0,17.0,0.0,98.0,0.0,0.0,229.0,40.0,27.0,36.0,44.0,44.0,38.0,3.0,3.0,4.0,1.0,4.0,2.0,2.0,0.0,6.0,3.0,6.0,6.0,99.56,100.0,96.3,100.0,100.0,100.0,100.0,100.0,100.0,100.0,100.0,100.0,100.0,100.0,100.0,0.0,100.0,100.0,100.0,100.0
3501509,0.0,57.78,42.22,100.0,0.0,0.0,0.0,0.0,0.0,0.0,2.22,0.0,0.0,0.0,2.22,4.44,6.67,4.44,2.22,11.11,2.22,15.56,26.67,8.89,6.67,4.44,0.0,2.22,0.0,0.0,0.0,0.0,0.0,31.11,17.78,11.11,17.78,17.78,2.22,2.22,0.0,0.0,26.0,19.0,45.0,0.0,0.0,0.0,0.0,0.0,0.0,1.0,0.0,0.0,0.0,1.0,2.0,3.0,2.0,1.0,5.0,1.0,7.0,12.0,4.0,3.0,2.0,0.0,1.0,0.0,0.0,0.0,0.0,0.0,14.0,8.0,5.0,8.0,8.0,1.0,1.0,0.0,97.67,97.67,,0.0,0.93,0.47,0.93,56.74,5.12,0.0,38.14,0.0,0.0,100.0,16.28,14.42,13.02,20.47,13.95,21.86,1.86,0.47,1.4,1.4,4.19,0.0,1.86,0.93,0.47,1.4,1.4,0.93,210.0,210.0,,0.0,2.0,1.0,2.0,122.0,11.0,0.0,82.0,0.0,0.0,215.0,35.0,31.0,28.0,44.0,30.0,47.0,4.0,1.0,3.0,3.0,9.0,0.0,4.0,2.0,1.0,3.0,3.0,2.0,97.67,97.14,96.77,100.0,100.0,96.67,95.74,97.99,75.0,100.0,100.0,100.0,100.0,0.0,100.0,100.0,100.0,100.0,100.0,100.0
3501608,0.0,55.59,44.41,100.0,0.95,0.06,1.23,0.28,0.13,0.11,0.43,0.95,0.95,1.34,1.84,3.21,3.68,5.35,6.65,9.34,10.29,11.59,10.49,12.63,11.35,5.94,1.91,0.52,0.39,0.3,0.13,0.11,0.02,21.08,21.99,10.98,13.6,12.91,10.75,8.69,0.0,0.0,2566.0,2050.0,4616.0,44.0,3.0,57.0,13.0,6.0,5.0,20.0,44.0,44.0,62.0,85.0,148.0,170.0,247.0,307.0,431.0,475.0,535.0,484.0,583.0,524.0,274.0,88.0,24.0,18.0,14.0,6.0,5.0,1.0,973.0,1015.0,507.0,628.0,596.0,496.0,401.0,0.0,99.5,99.49,,0.01,0.26,0.21,0.03,72.0,3.02,0.3,24.59,0.09,0.01,100.0,15.64,15.05,16.29,18.2,17.75,17.07,1.24,1.31,1.36,1.3,1.45,1.23,1.3,1.44,1.21,1.22,1.31,1.27,14759.0,14758.0,,1.0,39.0,31.0,4.0,10680.0,448.0,44.0,3647.0,13.0,1.0,14833.0,2320.0,2232.0,2417.0,2699.0,2633.0,2532.0,184.0,194.0,201.0,193.0,215.0,183.0,193.0,214.0,179.0,181.0,194.0,189.0,99.49,99.48,99.42,99.3,99.59,99.51,99.64,99.51,98.91,99.48,99.5,98.96,100.0,100.0,99.48,99.07,98.88,100.0,100.0,99.47
3501707,0.0,57.62,42.38,100.0,2.25,0.0,2.89,0.64,0.0,0.0,0.64,1.61,1.61,1.12,2.73,3.69,4.65,7.87,7.87,10.75,10.91,10.91,11.56,9.15,6.26,3.85,1.61,0.32,1.28,0.64,0.0,0.16,0.16,19.1,24.88,13.8,14.93,12.52,7.87,6.9,0.0,0.0,359.0,264.0,623.0,14.0,0.0,18.0,4.0,0.0,0.0,4.0,10.0,10.0,7.0,17.0,23.0,29.0,49.0,49.0,67.0,68.0,68.0,72.0,57.0,39.0,24.0,10.0,2.0,8.0,4.0,0.0,1.0,1.0,119.0,155.0,86.0,93.0,78.0,49.0,43.0,0.0,99.74,99.74,,0.0,0.13,0.13,0.0,54.17,5.21,0.13,40.49,0.0,0.0,100.0,14.67,15.02,16.57,17.73,18.89,17.13,1.12,1.03,1.33,1.38,1.12,0.99,1.16,1.38,1.51,1.12,1.08,1.46,2318.0,2318.0,,0.0,3.0,3.0,0.0,1259.0,121.0,3.0,941.0,0.0,0.0,2324.0,341.0,349.0,385.0,412.0,439.0,398.0,26.0,24.0,31.0,32.0,26.0,23.0,27.0,32.0,35.0,26.0,25.0,34.0,99.74,99.71,99.71,100.0,100.0,99.77,99.25,99.76,100.0,95.83,100.0,100.0,100.0,100.0,100.0,100.0,100.0,100.0,100.0,100.0
3501806,0.0,58.71,41.29,100.0,0.0,0.0,0.0,0.0,0.0,0.65,0.0,1.29,1.29,0.0,0.0,2.58,6.45,7.1,5.81,11.61,9.68,12.9,9.68,16.77,7.1,6.45,0.65,0.0,0.0,0.0,0.0,0.0,0.0,18.71,24.52,10.32,10.97,9.68,11.61,14.19,0.0,0.0,91.0,64.0,155.0,0.0,0.0,0.0,0.0,0.0,1.0,0.0,2.0,2.0,0.0,0.0,4.0,10.0,11.0,9.0,18.0,15.0,20.0,15.0,26.0,11.0,10.0,1.0,0.0,0.0,0.0,0.0,0.0,0.0,29.0,38.0,16.0,17.0,15.0,18.0,22.0,0.0,99.7,99.7,,0.0,0.0,0.3,0.0,72.84,2.39,0.0,24.48,0.3,0.0,100.0,14.33,18.21,15.82,21.49,14.03,16.12,1.19,0.9,0.9,1.19,1.49,0.6,0.6,0.9,2.39,2.09,0.9,1.19,334.0,334.0,,0.0,0.0,1.0,0.0,244.0,8.0,0.0,82.0,1.0,0.0,335.0,48.0,61.0,53.0,72.0,47.0,54.0,4.0,3.0,3.0,4.0,5.0,2.0,2.0,3.0,8.0,7.0,3.0,4.0,99.7,97.92,100.0,100.0,100.0,100.0,100.0,100.0,100.0,100.0,100.0,100.0,100.0,100.0,100.0,100.0,87.5,100.0,100.0,100.0
3501905,0.0,55.85,44.15,100.0,0.83,0.06,1.02,0.19,0.13,0.06,0.38,0.7,1.21,1.21,1.46,2.54,3.44,4.26,5.85,9.67,9.16,12.09,9.67,13.8,12.91,7.57,2.29,0.51,0.19,0.25,0.06,0.32,0.0,20.29,22.01,12.4,13.93,13.42,9.35,8.59,0.0,0.0,878.0,694.0,1572.0,13.0,1.0,16.0,3.0,2.0,1.0,6.0,11.0,19.0,19.0,23.0,40.0,54.0,67.0,92.0,152.0,144.0,190.0,152.0,217.0,203.0,119.0,36.0,8.0,3.0,4.0,1.0,5.0,0.0,319.0,346.0,195.0,219.0,211.0,147.0,135.0,0.0,99.71,99.71,,0.0,0.15,0.15,0.0,72.7,3.0,0.07,24.23,0.0,0.0,100.0,16.67,14.52,16.19,17.35,17.5,17.76,1.21,1.43,1.16,1.38,1.21,1.43,1.33,1.36,1.55,1.31,1.77,1.55,4120.0,4120.0,,0.0,6.0,6.0,0.0,3004.0,124.0,3.0,1001.0,0.0,0.0,4132.0,689.0,600.0,669.0,717.0,723.0,734.0,50.0,59.0,48.0,57.0,50.0,59.0,55.0,56.0,64.0,54.0,73.0,64.0,99.71,99.13,99.67,99.7,100.0,99.86,99.86,99.86,98.0,100.0,100.0,98.25,98.0,98.31,98.18,100.0,100.0,100.0,98.63,100.0
3502002,0.0,53.64,46.36,100.0,1.82,0.0,1.82,0.0,0.0,0.0,0.0,0.91,0.91,1.82,0.91,0.0,7.27,1.82,7.27,8.18,10.91,15.45,11.82,16.36,10.91,3.64,0.0,0.0,1.82,0.0,0.0,0.0,0.0,21.82,20.91,12.73,11.82,13.64,9.09,9.09,0.91,0.0,59.0,51.0,110.0,2.0,0.0,2.0,0.0,0.0,0.0,0.0,1.0,1.0,2.0,1.0,0.0,8.0,2.0,8.0,9.0,12.0,17.0,13.0,18.0,12.0,4.0,0.0,0.0,2.0,0.0,0.0,0.0,0.0,24.0,23.0,14.0,13.0,15.0,10.0,10.0,1.0,99.71,99.71,,0.0,0.29,0.0,0.0,61.43,1.71,0.0,36.86,0.0,0.0,100.0,18.0,13.14,14.29,17.43,18.0,19.14,1.43,2.29,0.86,1.71,2.29,0.57,2.0,1.14,1.14,1.14,1.71,1.71,349.0,349.0,,0.0,1.0,0.0,0.0,215.0,6.0,0.0,129.0,0.0,0.0,350.0,63.0,46.0,50.0,61.0,63.0,67.0,5.0,8.0,3.0,6.0,8.0,2.0,7.0,4.0,4.0,4.0,6.0,6.0,99.71,100.0,100.0,100.0,100.0,98.41,100.0,99.59,100.0,100.0,100.0,100.0,100.0,100.0,100.0,100.0,100.0,100.0,100.0,100.0
3502101,0.0,53.02,46.98,100.0,0.9,0.39,1.22,0.32,0.19,0.26,0.39,0.96,0.77,1.22,1.28,2.31,4.04,4.69,6.61,9.31,9.24,12.26,11.3,13.35,10.91,6.23,2.63,0.45,0.45,0.39,0.06,0.0,0.0,19.51,21.89,11.1,12.0,14.18,12.39,8.92,0.0,0.0,826.0,732.0,1558.0,14.0,6.0,19.0,5.0,3.0,4.0,6.0,15.0,12.0,19.0,20.0,36.0,63.0,73.0,103.0,145.0,144.0,191.0,176.0,208.0,170.0,97.0,41.0,7.0,7.0,6.0,1.0,0.0,0.0,304.0,341.0,173.0,187.0,221.0,193.0,139.0,0.0,99.79,99.79,,0.0,0.11,0.05,0.05,61.97,2.79,0.58,34.67,0.0,0.0,100.0,15.1,15.7,16.44,17.89,18.17,16.7,1.18,1.18,1.08,1.08,1.16,1.05,1.66,1.24,1.18,1.47,1.5,1.32,3794.0,3794.0,,0.0,4.0,2.0,2.0,2356.0,106.0,22.0,1318.0,0.0,0.0,3802.0,574.0,597.0,625.0,680.0,691.0,635.0,45.0,45.0,41.0,41.0,44.0,40.0,63.0,47.0,45.0,56.0,57.0,50.0,99.79,100.0,99.5,100.0,99.56,99.86,99.84,99.81,100.0,100.0,100.0,100.0,100.0,100.0,100.0,100.0,100.0,100.0,100.0,100.0
3502200,0.0,57.69,42.31,100.0,2.27,0.0,2.45,0.17,0.17,0.0,1.4,0.87,1.22,1.22,0.87,2.45,2.45,3.67,8.39,12.24,10.31,10.84,13.46,10.84,7.52,7.34,1.75,0.52,1.05,0.7,0.0,0.52,0.0,19.41,23.08,10.84,12.76,16.08,9.97,7.87,0.0,0.0,330.0,242.0,572.0,13.0,0.0,14.0,1.0,1.0,0.0,8.0,5.0,7.0,7.0,5.0,14.0,14.0,21.0,48.0,70.0,59.0,62.0,77.0,62.0,43.0,42.0,10.0,3.0,6.0,4.0,0.0,3.0,0.0,111.0,132.0,62.0,73.0,92.0,57.0,45.0,0.0,99.74,99.74,,0.0,0.16,0.11,0.0,79.37,1.64,0.21,18.73,0.05,0.0,100.0,17.09,15.98,16.14,16.08,15.98,18.73,1.64,1.53,1.32,1.69,1.11,1.48,1.59,1.38,1.11,1.69,1.69,0.85,1885.0,1885.0,,0.0,3.0,2.0,0.0,1500.0,31.0,4.0,354.0,1.0,0.0,1890.0,323.0,302.0,305.0,304.0,302.0,354.0,31.0,29.0,25.0,32.0,21.0,28.0,30.0,26.0,21.0,32.0,32.0,16.0,99.74,99.69,100.0,100.0,99.67,100.0,99.15,99.68,96.77,100.0,100.0,100.0,100.0,100.0,100.0,100.0,100.0,100.0,100.0,100.0
3502309,0.0,58.97,41.03,100.0,0.0,0.0,0.85,0.85,0.0,0.0,0.0,0.85,0.85,2.56,0.85,4.27,4.27,4.27,8.55,7.69,14.53,7.69,13.68,12.82,5.13,7.69,1.71,1.71,0.0,0.0,0.0,0.0,0.0,17.95,15.38,17.95,6.84,7.69,18.8,15.38,0.0,0.0,69.0,48.0,117.0,0.0,0.0,1.0,1.0,0.0,0.0,0.0,1.0,1.0,3.0,1.0,5.0,5.0,5.0,10.0,9.0,17.0,9.0,16.0,15.0,6.0,9.0,2.0,2.0,0.0,0.0,0.0,0.0,0.0,21.0,18.0,21.0,8.0,9.0,22.0,18.0,0.0,99.78,99.78,,0.0,0.0,0.22,0.0,62.92,2.47,0.0,34.38,0.22,0.0,100.0,12.13,15.51,16.63,18.65,19.55,17.53,0.45,0.9,0.45,0.67,1.35,0.9,1.35,1.35,0.9,1.57,0.67,1.57,444.0,444.0,,0.0,0.0,1.0,0.0,280.0,11.0,0.0,153.0,1.0,0.0,445.0,54.0,69.0,74.0,83.0,87.0,78.0,2.0,4.0,2.0,3.0,6.0,4.0,6.0,6.0,4.0,7.0,3.0,7.0,99.78,100.0,100.0,98.65,100.0,100.0,100.0,99.69,100.0,100.0,100.0,100.0,100.0,100.0,100.0,100.0,100.0,100.0,100.0,100.0
3502408,0.0,57.83,42.17,100.0,0.0,0.0,0.0,0.0,0.0,0.0,0.0,2.41,2.41,1.2,3.61,0.0,3.61,7.23,7.23,9.64,9.64,9.64,12.05,9.64,9.64,9.64,2.41,0.0,0.0,0.0,0.0,0.0,0.0,26.51,21.69,12.05,15.66,8.43,7.23,8.43,0.0,0.0,48.0,35.0,83.0,0.0,0.0,0.0,0.0,0.0,0.0,0.0,2.0,2.0,1.0,3.0,0.0,3.0,6.0,6.0,8.0,8.0,8.0,10.0,8.0,8.0,8.0,2.0,0.0,0.0,0.0,0.0,0.0,0.0,22.0,18.0,10.0,13.0,7.0,6.0,7.0,0.0,100.0,100.0,,0.0,0.0,0.0,0.0,65.89,1.34,0.33,32.44,0.0,0.0,100.0,16.05,11.37,19.73,18.06,15.38,19.4,1.0,2.01,2.01,1.67,0.67,2.01,0.67,0.33,1.0,0.67,1.0,3.01,299.0,299.0,,0.0,0.0,0.0,0.0,197.0,4.0,1.0,97.0,0.0,0.0,299.0,48.0,34.0,59.0,54.0,46.0,58.0,3.0,6.0,6.0,5.0,2.0,6.0,2.0,1.0,3.0,2.0,3.0,9.0,100.0,100.0,100.0,100.0,100.0,100.0,100.0,100.0,100.0,100.0,100.0,100.0,100.0,100.0,100.0,100.0,100.0,100.0,100.0,100.0
3502507,0.0,54.86,45.14,100.0,1.14,0.0,1.83,0.69,0.11,0.11,0.69,1.14,0.8,1.71,1.71,2.51,2.51,7.43,7.43,12.11,10.4,11.89,10.51,9.71,8.46,5.49,2.86,0.57,0.91,0.11,0.0,0.0,0.11,16.69,22.74,13.26,15.09,13.83,8.8,9.6,0.0,0.0,480.0,395.0,875.0,10.0,0.0,16.0,6.0,1.0,1.0,6.0,10.0,7.0,15.0,15.0,22.0,22.0,65.0,65.0,106.0,91.0,104.0,92.0,85.0,74.0,48.0,25.0,5.0,8.0,1.0,0.0,0.0,1.0,146.0,199.0,116.0,132.0,121.0,77.0,84.0,0.0,99.54,99.54,,0.0,0.27,0.18,0.0,72.36,3.39,0.37,23.79,0.09,0.0,100.0,13.98,15.72,16.77,16.36,18.79,18.38,1.74,0.92,1.28,1.01,1.24,1.1,0.87,1.42,1.05,0.82,1.01,1.51,2172.0,2172.0,,0.0,6.0,4.0,0.0,1579.0,74.0,8.0,519.0,2.0,0.0,2182.0,305.0,343.0,366.0,357.0,410.0,401.0,38.0,20.0,28.0,22.0,27.0,24.0,19.0,31.0,23.0,18.0,22.0,33.0,99.54,99.34,99.71,99.18,99.44,99.51,100.0,99.54,100.0,100.0,100.0,100.0,100.0,100.0,100.0,93.55,100.0,100.0,100.0,100.0
3502606,0.0,51.49,48.51,100.0,2.24,0.0,2.24,0.0,0.0,0.0,0.75,0.75,0.0,0.75,2.24,2.24,3.73,1.49,6.72,9.7,12.69,7.46,12.69,13.43,10.45,8.21,3.73,0.75,1.49,0.0,0.75,0.0,0.0,12.69,15.67,16.42,10.45,14.93,17.16,12.69,0.0,0.0,69.0,65.0,134.0,3.0,0.0,3.0,0.0,0.0,0.0,1.0,1.0,0.0,1.0,3.0,3.0,5.0,2.0,9.0,13.0,17.0,10.0,17.0,18.0,14.0,11.0,5.0,1.0,2.0,0.0,1.0,0.0,0.0,17.0,21.0,22.0,14.0,20.0,23.0,17.0,0.0,100.0,100.0,,0.0,0.0,0.0,0.0,70.91,0.91,0.45,27.73,0.0,0.0,100.0,22.27,15.91,10.91,16.36,20.45,14.09,0.91,1.36,1.36,1.82,5.45,2.27,0.45,2.27,0.45,1.82,1.82,2.27,220.0,220.0,,0.0,0.0,0.0,0.0,156.0,2.0,1.0,61.0,0.0,0.0,220.0,49.0,35.0,24.0,36.0,45.0,31.0,2.0,3.0,3.0,4.0,12.0,5.0,1.0,5.0,1.0,4.0,4.0,5.0,100.0,100.0,100.0,100.0,100.0,100.0,100.0,100.0,100.0,100.0,100.0,100.0,100.0,100.0,100.0,100.0,100.0,100.0,100.0,100.0
3502705,0.0,55.87,44.13,100.0,0.66,0.0,0.83,0.17,0.17,0.0,0.33,0.83,2.15,1.98,2.64,3.64,5.62,6.45,7.6,10.91,7.77,11.57,12.23,10.91,7.77,4.63,1.49,0.5,0.17,0.33,0.0,0.17,0.0,20.17,22.31,11.4,11.9,11.57,11.74,10.91,0.0,0.0,338.0,267.0,605.0,4.0,0.0,5.0,1.0,1.0,0.0,2.0,5.0,13.0,12.0,16.0,22.0,34.0,39.0,46.0,66.0,47.0,70.0,74.0,66.0,47.0,28.0,9.0,3.0,1.0,2.0,0.0,1.0,0.0,122.0,135.0,69.0,72.0,70.0,71.0,66.0,0.0,99.78,99.78,,0.0,0.22,0.0,0.0,56.69,2.81,0.06,40.45,0.0,0.0,100.0,14.86,14.64,18.27,17.5,16.68,18.05,1.38,1.16,1.32,1.21,1.54,0.72,0.94,1.54,1.21,1.54,1.21,1.1,1813.0,1813.0,,0.0,4.0,0.0,0.0,1030.0,51.0,1.0,735.0,0.0,0.0,1817.0,270.0,266.0,332.0,318.0,303.0,328.0,25.0,21.0,24.0,22.0,28.0,13.0,17.0,28.0,22.0,28.0,22.0,20.0,99.78,99.26,99.62,99.7,100.0,100.0,100.0,99.92,100.0,95.24,100.0,100.0,100.0,100.0,100.0,100.0,95.45,100.0,100.0,100.0
3502754,0.0,54.02,45.98,100.0,1.94,0.0,2.22,0.28,1.11,0.0,1.66,1.94,1.11,1.94,2.77,6.09,5.26,8.31,10.25,9.97,8.59,10.53,9.7,7.48,6.09,3.05,1.66,0.28,0.28,0.55,0.28,0.55,0.28,20.78,24.38,8.59,10.53,17.73,10.53,7.2,0.28,0.0,195.0,166.0,361.0,7.0,0.0,8.0,1.0,4.0,0.0,6.0,7.0,4.0,7.0,10.0,22.0,19.0,30.0,37.0,36.0,31.0,38.0,35.0,27.0,22.0,11.0,6.0,1.0,1.0,2.0,1.0,2.0,1.0,75.0,88.0,31.0,38.0,64.0,38.0,26.0,1.0,99.48,99.48,,0.0,0.47,0.05,0.0,51.23,4.86,0.05,43.86,0.0,0.0,100.0,15.47,14.27,16.0,18.82,17.83,17.62,0.89,1.15,1.2,1.46,1.52,1.2,1.41,1.1,1.31,1.1,1.1,2.04,1903.0,1903.0,,0.0,9.0,1.0,0.0,980.0,93.0,1.0,839.0,0.0,0.0,1913.0,296.0,273.0,306.0,360.0,341.0,337.0,17.0,22.0,23.0,28.0,29.0,23.0,27.0,21.0,25.0,21.0,21.0,39.0,99.48,99.66,100.0,99.35,99.44,99.12,99.41,99.33,100.0,100.0,100.0,96.43,100.0,100.0,100.0,100.0,100.0,100.0,100.0,100.0
3502804,0.0,52.8,47.2,100.0,0.73,0.22,1.08,0.35,0.18,0.31,0.69,1.06,1.13,1.93,2.21,2.99,3.68,5.38,7.44,9.14,9.7,11.05,11.27,11.8,9.87,6.46,1.95,0.46,0.24,0.24,0.11,0.09,0.04,18.93,23.11,11.6,12.4,13.35,11.93,8.68,0.0,0.0,2385.0,2132.0,4517.0,33.0,10.0,49.0,16.0,8.0,14.0,31.0,48.0,51.0,87.0,100.0,135.0,166.0,243.0,336.0,413.0,438.0,499.0,509.0,533.0,446.0,292.0,88.0,21.0,11.0,11.0,5.0,4.0,2.0,855.0,1044.0,524.0,560.0,603.0,539.0,392.0,0.0,99.64,99.64,,0.0,0.19,0.15,0.02,63.67,4.1,0.9,31.31,0.02,0.0,100.0,15.1,14.78,16.57,17.38,18.3,17.86,1.15,1.25,1.49,1.2,1.42,1.16,1.19,1.42,1.35,1.05,1.21,1.22,12667.0,12667.0,,0.0,24.0,19.0,3.0,8094.0,521.0,114.0,3981.0,3.0,0.0,12713.0,1920.0,1879.0,2106.0,2210.0,2327.0,2271.0,146.0,159.0,190.0,152.0,180.0,147.0,151.0,180.0,172.0,134.0,154.0,155.0,99.64,99.48,99.47,99.76,99.64,99.79,99.65,99.71,97.95,100.0,98.95,100.0,100.0,99.32,99.34,99.44,100.0,100.0,99.35,99.35
3502903,0.0,56.48,43.52,100.0,0.71,1.24,1.24,0.53,0.36,0.0,0.53,1.95,1.07,1.24,2.49,3.55,4.62,4.26,7.82,8.7,9.41,10.66,11.01,10.66,8.53,7.46,2.31,0.89,0.36,0.0,0.0,0.36,0.0,23.27,17.23,13.32,10.66,15.99,9.41,10.12,0.0,0.0,318.0,245.0,563.0,4.0,7.0,7.0,3.0,2.0,0.0,3.0,11.0,6.0,7.0,14.0,20.0,26.0,24.0,44.0,49.0,53.0,60.0,62.0,60.0,48.0,42.0,13.0,5.0,2.0,0.0,0.0,2.0,0.0,131.0,97.0,75.0,60.0,90.0,53.0,57.0,0.0,99.69,99.69,,0.0,0.1,0.16,0.05,73.98,2.51,0.63,22.67,0.16,0.05,100.0,14.71,14.61,15.45,18.32,17.59,19.32,1.36,1.15,1.36,1.26,1.47,0.89,0.99,1.26,1.36,1.2,0.84,1.57,1904.0,1904.0,,0.0,2.0,3.0,1.0,1413.0,48.0,12.0,433.0,3.0,1.0,1910.0,281.0,279.0,295.0,350.0,336.0,369.0,26.0,22.0,26.0,24.0,28.0,17.0,19.0,24.0,26.0,23.0,16.0,30.0,99.69,98.93,99.28,100.0,99.71,100.0,100.0,99.93,100.0,100.0,96.15,100.0,100.0,100.0,100.0,100.0,92.31,100.0,100.0,100.0
3503000,0.0,67.63,32.37,100.0,0.0,0.0,0.0,0.0,0.0,0.72,0.0,1.44,2.16,3.6,2.88,0.72,5.76,10.79,11.51,10.07,8.63,7.19,11.51,10.07,8.63,2.88,1.44,0.0,0.0,0.0,0.0,0.0,0.0,15.11,20.86,15.83,13.67,12.23,7.91,14.39,0.0,0.0,94.0,45.0,139.0,0.0,0.0,0.0,0.0,0.0,1.0,0.0,2.0,3.0,5.0,4.0,1.0,8.0,15.0,16.0,14.0,12.0,10.0,16.0,14.0,12.0,4.0,2.0,0.0,0.0,0.0,0.0,0.0,0.0,21.0,29.0,22.0,19.0,17.0,11.0,20.0,0.0,100.0,100.0,,0.0,0.0,0.0,0.0,59.3,3.78,0.29,36.63,0.0,0.0,100.0,16.28,12.5,15.12,17.44,18.31,20.35,1.74,1.16,1.45,2.33,0.87,1.16,1.16,0.29,1.16,1.16,2.33,1.45,344.0,344.0,,0.0,0.0,0.0,0.0,204.0,13.0,1.0,126.0,0.0,0.0,344.0,56.0,43.0,52.0,60.0,63.0,70.0,6.0,4.0,5.0,8.0,3.0,4.0,4.0,1.0,4.0,4.0,8.0,5.0,100.0,100.0,100.0,100.0,100.0,100.0,100.0,100.0,100.0,100.0,100.0,100.0,100.0,100.0,100.0,100.0,100.0,100.0,100.0,100.0
3503109,0.0,46.27,53.73,100.0,1.49,0.0,2.24,0.75,0.0,0.0,0.0,0.0,0.75,1.49,1.49,2.24,6.72,7.46,7.46,11.94,12.69,11.19,8.96,14.18,8.21,2.24,0.75,0.0,0.75,0.0,0.0,0.75,0.0,16.42,23.88,8.21,12.69,16.42,11.94,10.45,0.0,0.0,62.0,72.0,134.0,2.0,0.0,3.0,1.0,0.0,0.0,0.0,0.0,1.0,2.0,2.0,3.0,9.0,10.0,10.0,16.0,17.0,15.0,12.0,19.0,11.0,3.0,1.0,0.0,1.0,0.0,0.0,1.0,0.0,22.0,32.0,11.0,17.0,22.0,16.0,14.0,0.0,99.82,99.82,,0.0,0.18,0.0,0.0,61.12,2.8,0.0,36.08,0.0,0.0,100.0,14.89,15.94,17.86,14.36,18.39,18.56,0.53,1.05,1.93,1.23,2.28,1.05,1.05,1.23,2.28,0.35,0.88,1.05,570.0,570.0,,0.0,1.0,0.0,0.0,349.0,16.0,0.0,206.0,0.0,0.0,571.0,85.0,91.0,102.0,82.0,105.0,106.0,3.0,6.0,11.0,7.0,13.0,6.0,6.0,7.0,13.0,2.0,5.0,6.0,99.82,98.82,100.0,100.0,100.0,100.0,100.0,100.0,100.0,100.0,100.0,100.0,100.0,100.0,100.0,100.0,100.0,100.0,100.0,83.33
3503158,0.0,46.97,53.03,100.0,0.0,0.0,0.0,0.0,0.0,1.52,0.0,0.0,0.0,0.0,1.52,3.03,1.52,4.55,3.03,6.06,13.64,9.09,15.15,9.09,15.15,15.15,1.52,0.0,0.0,0.0,0.0,0.0,0.0,27.27,22.73,16.67,10.61,10.61,7.58,4.55,0.0,0.0,31.0,35.0,66.0,0.0,0.0,0.0,0.0,0.0,1.0,0.0,0.0,0.0,0.0,1.0,2.0,1.0,3.0,2.0,4.0,9.0,6.0,10.0,6.0,10.0,10.0,1.0,0.0,0.0,0.0,0.0,0.0,0.0,18.0,15.0,11.0,7.0,7.0,5.0,3.0,0.0,98.6,98.6,,0.0,0.7,0.7,0.0,58.74,3.5,0.7,36.36,0.7,0.0,100.0,18.18,16.08,14.69,16.78,16.08,18.18,0.7,2.8,1.4,2.1,1.4,0.7,2.1,0.0,0.0,4.2,0.7,2.1,141.0,141.0,,0.0,1.0,1.0,0.0,84.0,5.0,1.0,52.0,1.0,0.0,143.0,26.0,23.0,21.0,24.0,23.0,26.0,1.0,4.0,2.0,3.0,2.0,1.0,3.0,0.0,0.0,6.0,1.0,3.0,98.6,96.15,100.0,100.0,100.0,100.0,96.15,98.94,0.0,100.0,100.0,100.0,100.0,100.0,100.0,0.0,0.0,100.0,100.0,100.0
3503208,0.0,54.92,45.08,100.0,0.62,0.04,0.74,0.12,0.08,0.27,0.45,0.94,1.09,1.44,2.32,3.16,3.7,5.55,6.43,8.71,10.04,11.05,11.36,11.69,10.1,7.64,2.77,0.43,0.29,0.12,0.08,0.1,0.02,21.73,20.74,12.45,12.18,13.31,10.06,9.53,0.0,0.0,2674.0,2195.0,4869.0,30.0,2.0,36.0,6.0,4.0,13.0,22.0,46.0,53.0,70.0,113.0,154.0,180.0,270.0,313.0,424.0,489.0,538.0,553.0,569.0,492.0,372.0,135.0,21.0,14.0,6.0,4.0,5.0,1.0,1058.0,1010.0,606.0,593.0,648.0,490.0,464.0,0.0,99.75,99.75,,0.0,0.12,0.12,0.01,65.86,5.08,0.3,28.74,0.02,0.0,100.0,15.04,15.43,15.74,17.89,18.29,17.61,1.05,1.12,1.29,1.43,1.38,1.22,1.3,1.34,1.03,1.32,1.29,1.26,15252.0,15252.0,,0.0,18.0,18.0,2.0,10070.0,776.0,46.0,4395.0,3.0,0.0,15290.0,2299.0,2359.0,2407.0,2736.0,2796.0,2693.0,160.0,172.0,198.0,219.0,211.0,186.0,199.0,205.0,157.0,202.0,197.0,193.0,99.75,99.7,99.75,99.79,99.85,99.71,99.7,99.76,98.75,98.84,100.0,99.54,100.0,100.0,100.0,100.0,98.73,100.0,100.0,100.0
3503307,0.0,55.62,44.38,100.0,1.03,0.14,1.27,0.25,0.21,0.39,0.28,0.85,1.49,1.38,2.37,3.64,4.21,4.88,6.58,9.3,10.64,11.7,10.18,11.24,10.61,5.94,2.02,0.67,0.53,0.21,0.04,0.14,0.11,20.54,21.11,11.74,13.51,11.88,10.89,10.33,0.0,0.0,1573.0,1255.0,2828.0,29.0,4.0,36.0,7.0,6.0,11.0,8.0,24.0,42.0,39.0,67.0,103.0,119.0,138.0,186.0,263.0,301.0,331.0,288.0,318.0,300.0,168.0,57.0,19.0,15.0,6.0,1.0,4.0,3.0,581.0,597.0,332.0,382.0,336.0,308.0,292.0,0.0,99.63,99.63,,0.0,0.21,0.13,0.03,67.89,3.52,0.15,28.42,0.01,0.01,100.0,15.71,15.39,16.69,17.06,17.8,17.35,1.08,1.42,1.37,1.66,1.5,1.13,1.36,1.49,1.18,1.31,1.22,1.01,8585.0,8585.0,,0.0,18.0,11.0,3.0,5850.0,303.0,13.0,2449.0,1.0,1.0,8617.0,1354.0,1326.0,1438.0,1470.0,1534.0,1495.0,93.0,122.0,118.0,143.0,129.0,97.0,117.0,128.0,102.0,113.0,105.0,87.0,99.63,99.56,100.0,99.79,99.39,99.74,99.33,99.56,98.92,99.18,99.15,100.0,99.22,97.94,100.0,100.0,100.0,100.0,100.0,100.0
3503356,0.0,63.89,36.11,100.0,0.0,0.0,0.0,0.0,2.78,0.0,0.0,2.78,0.0,2.78,2.78,2.78,0.0,2.78,8.33,8.33,8.33,16.67,11.11,13.89,5.56,5.56,5.56,0.0,0.0,0.0,0.0,0.0,0.0,13.89,22.22,13.89,13.89,11.11,16.67,8.33,0.0,0.0,23.0,13.0,36.0,0.0,0.0,0.0,0.0,1.0,0.0,0.0,1.0,0.0,1.0,1.0,1.0,0.0,1.0,3.0,3.0,3.0,6.0,4.0,5.0,2.0,2.0,2.0,0.0,0.0,0.0,0.0,0.0,0.0,5.0,8.0,5.0,5.0,4.0,6.0,3.0,0.0,100.0,100.0,,0.0,0.0,0.0,0.0,58.44,0.65,0.65,25.32,14.94,0.0,100.0,12.99,12.99,20.78,16.23,16.23,20.78,0.65,0.65,2.6,1.3,0.65,0.65,0.0,1.3,2.6,0.0,1.3,1.3,154.0,154.0,,0.0,0.0,0.0,0.0,90.0,1.0,1.0,39.0,23.0,0.0,154.0,20.0,20.0,32.0,25.0,25.0,32.0,1.0,1.0,4.0,2.0,1.0,1.0,0.0,2.0,4.0,0.0,2.0,2.0,100.0,100.0,100.0,100.0,100.0,100.0,100.0,100.0,100.0,100.0,100.0,100.0,100.0,100.0,0.0,100.0,100.0,0.0,100.0,100.0
3503406,0.0,60.65,39.35,100.0,0.93,0.0,0.93,0.0,0.0,0.0,0.46,0.0,0.46,2.31,2.78,3.24,1.85,5.09,4.63,14.81,6.48,7.41,12.96,15.28,6.94,9.26,3.24,1.85,0.0,0.0,0.0,0.93,0.0,19.91,23.15,13.89,9.26,14.35,11.57,7.87,0.0,0.0,131.0,85.0,216.0,2.0,0.0,2.0,0.0,0.0,0.0,1.0,0.0,1.0,5.0,6.0,7.0,4.0,11.0,10.0,32.0,14.0,16.0,28.0,33.0,15.0,20.0,7.0,4.0,0.0,0.0,0.0,2.0,0.0,43.0,50.0,30.0,20.0,31.0,25.0,17.0,0.0,99.63,99.63,,0.0,0.19,0.19,0.0,71.54,4.49,0.19,23.78,0.0,0.0,100.0,15.17,17.6,19.85,17.79,10.67,18.91,0.94,1.31,2.25,1.31,1.69,1.5,0.75,1.31,1.31,0.75,0.94,1.12,532.0,532.0,,0.0,1.0,1.0,0.0,382.0,24.0,1.0,127.0,0.0,0.0,534.0,81.0,94.0,106.0,95.0,57.0,101.0,5.0,7.0,12.0,7.0,9.0,8.0,4.0,7.0,7.0,4.0,5.0,6.0,99.63,100.0,100.0,98.11,100.0,100.0,100.0,99.44,100.0,100.0,100.0,100.0,100.0,100.0,100.0,100.0,100.0,100.0,100.0,100.0
3503505,0.0,54.1,45.9,100.0,0.0,0.0,0.0,0.0,0.0,1.64,0.0,1.64,0.0,4.92,3.28,1.64,8.2,4.92,6.56,3.28,6.56,8.2,14.75,13.11,9.84,6.56,3.28,1.64,0.0,0.0,0.0,0.0,0.0,27.87,18.03,18.03,6.56,14.75,8.2,6.56,0.0,0.0,33.0,28.0,61.0,0.0,0.0,0.0,0.0,0.0,1.0,0.0,1.0,0.0,3.0,2.0,1.0,5.0,3.0,4.0,2.0,4.0,5.0,9.0,8.0,6.0,4.0,2.0,1.0,0.0,0.0,0.0,0.0,0.0,17.0,11.0,11.0,4.0,9.0,5.0,4.0,0.0,98.87,98.87,,0.0,0.38,0.75,0.0,56.77,4.14,0.38,38.72,0.0,0.0,100.0,18.8,19.17,9.77,18.42,18.42,15.41,1.13,0.38,1.5,1.13,1.5,1.13,1.5,2.63,2.63,1.5,1.13,2.63,263.0,263.0,,0.0,1.0,2.0,0.0,151.0,11.0,1.0,103.0,0.0,0.0,266.0,50.0,51.0,26.0,49.0,49.0,41.0,3.0,1.0,4.0,3.0,4.0,3.0,4.0,7.0,7.0,4.0,3.0,7.0,98.87,98.0,100.0,96.15,100.0,97.96,100.0,98.79,100.0,100.0,100.0,100.0,100.0,100.0,100.0,100.0,85.71,100.0,100.0,100.0
3503604,0.0,56.13,43.87,100.0,0.0,0.0,0.47,0.47,0.0,0.47,0.94,2.36,1.89,3.3,3.77,2.83,2.83,6.6,5.66,10.85,13.21,7.08,12.74,12.74,7.08,4.72,0.0,0.47,0.0,0.0,0.0,0.0,0.0,18.87,17.45,16.04,13.68,14.15,9.91,9.91,0.0,0.0,119.0,93.0,212.0,0.0,0.0,1.0,1.0,0.0,1.0,2.0,5.0,4.0,7.0,8.0,6.0,6.0,14.0,12.0,23.0,28.0,15.0,27.0,27.0,15.0,10.0,0.0,1.0,0.0,0.0,0.0,0.0,0.0,40.0,37.0,34.0,29.0,30.0,21.0,21.0,0.0,99.74,99.74,,0.0,0.26,0.0,0.0,61.3,2.86,0.13,35.45,0.26,0.0,100.0,15.97,15.45,16.36,15.97,19.22,17.01,0.65,0.91,1.43,1.17,1.04,1.43,1.69,1.82,2.21,1.43,1.17,1.04,768.0,768.0,,0.0,2.0,0.0,0.0,472.0,22.0,1.0,273.0,2.0,0.0,770.0,123.0,119.0,126.0,123.0,148.0,131.0,5.0,7.0,11.0,9.0,8.0,11.0,13.0,14.0,17.0,11.0,9.0,8.0,99.74,100.0,100.0,98.41,100.0,100.0,100.0,99.62,100.0,100.0,100.0,100.0,100.0,100.0,100.0,100.0,100.0,100.0,100.0,100.0
3503703,0.0,52.38,47.62,100.0,1.19,0.0,1.19,0.0,0.0,0.0,0.0,0.6,0.6,2.38,5.95,2.38,2.98,2.38,11.9,7.14,11.31,11.9,8.93,12.5,12.5,4.17,1.19,0.0,0.6,0.6,0.0,0.0,0.0,23.81,19.05,13.69,12.5,12.5,10.12,8.33,0.0,0.0,88.0,80.0,168.0,2.0,0.0,2.0,0.0,0.0,0.0,0.0,1.0,1.0,4.0,10.0,4.0,5.0,4.0,20.0,12.0,19.0,20.0,15.0,21.0,21.0,7.0,2.0,0.0,1.0,1.0,0.0,0.0,0.0,40.0,32.0,23.0,21.0,21.0,17.0,14.0,0.0,99.32,99.32,,0.0,0.68,0.0,0.0,75.91,1.36,0.0,22.73,0.0,0.0,100.0,18.18,17.27,14.32,16.82,17.95,15.45,1.14,0.91,1.14,1.82,1.14,2.05,1.36,2.5,2.27,1.82,0.91,1.14,437.0,437.0,,0.0,3.0,0.0,0.0,334.0,6.0,0.0,100.0,0.0,0.0,440.0,80.0,76.0,63.0,74.0,79.0,68.0,5.0,4.0,5.0,8.0,5.0,9.0,6.0,11.0,10.0,8.0,4.0,5.0,99.32,97.5,100.0,98.41,100.0,100.0,100.0,99.65,80.0,100.0,100.0,100.0,100.0,100.0,100.0,100.0,90.0,100.0,100.0,100.0
3503802,0.0,51.51,48.49,100.0,1.12,0.9,2.35,1.23,0.22,0.11,1.01,1.68,1.57,2.13,3.36,3.02,4.48,5.15,6.83,9.41,9.85,10.3,9.63,10.19,9.52,6.16,1.9,0.22,0.56,0.45,0.0,0.11,0.0,19.26,21.84,11.98,13.21,13.21,10.86,9.63,0.0,0.0,460.0,433.0,893.0,10.0,8.0,21.0,11.0,2.0,1.0,9.0,15.0,14.0,19.0,30.0,27.0,40.0,46.0,61.0,84.0,88.0,92.0,86.0,91.0,85.0,55.0,17.0,2.0,5.0,4.0,0.0,1.0,0.0,172.0,195.0,107.0,118.0,118.0,97.0,86.0,0.0,99.6,99.6,,0.0,0.13,0.19,0.08,61.29,3.36,0.24,35.12,0.0,0.0,100.0,16.01,14.58,16.14,18.15,17.6,17.52,1.32,1.14,1.14,1.27,1.64,1.46,1.38,1.48,1.35,1.38,1.27,1.19,3764.0,3764.0,,0.0,5.0,7.0,3.0,2316.0,127.0,9.0,1327.0,0.0,0.0,3779.0,605.0,551.0,610.0,686.0,665.0,662.0,50.0,43.0,43.0,48.0,62.0,55.0,52.0,56.0,51.0,52.0,48.0,45.0,99.6,99.83,99.64,99.51,99.85,99.25,99.55,99.54,100.0,100.0,100.0,100.0,100.0,98.18,100.0,100.0,100.0,100.0,100.0,100.0
3503901,0.0,53.33,46.67,100.0,1.52,0.38,1.97,0.44,0.32,0.44,0.95,1.52,1.46,2.03,2.85,3.36,3.49,6.47,7.29,9.89,12.43,12.3,9.13,7.67,7.29,5.26,2.73,0.76,0.38,0.32,0.44,0.38,0.0,20.48,22.19,11.98,13.38,11.98,10.27,9.7,0.0,0.0,841.0,736.0,1577.0,24.0,6.0,31.0,7.0,5.0,7.0,15.0,24.0,23.0,32.0,45.0,53.0,55.0,102.0,115.0,156.0,196.0,194.0,144.0,121.0,115.0,83.0,43.0,12.0,6.0,5.0,7.0,6.0,0.0,323.0,350.0,189.0,211.0,189.0,162.0,153.0,0.0,99.68,99.68,,0.0,0.22,0.03,0.06,57.53,4.55,0.62,37.25,0.06,0.0,100.0,14.78,14.59,16.9,18.1,17.82,17.8,1.15,1.17,1.5,1.12,1.2,1.17,0.9,1.58,1.47,1.33,1.22,0.98,6311.0,6311.0,,0.0,14.0,2.0,4.0,3642.0,288.0,39.0,2358.0,4.0,0.0,6331.0,936.0,924.0,1070.0,1146.0,1128.0,1127.0,73.0,74.0,95.0,71.0,76.0,74.0,57.0,100.0,93.0,84.0,77.0,62.0,99.68,99.68,99.68,99.63,99.65,99.82,99.65,99.69,100.0,98.65,100.0,100.0,100.0,100.0,100.0,100.0,98.92,98.81,100.0,100.0
3503950,0.0,61.54,38.46,100.0,0.0,0.0,1.92,1.92,0.0,0.0,0.0,1.92,0.0,1.92,1.92,3.85,3.85,3.85,7.69,3.85,15.38,7.69,11.54,11.54,9.62,11.54,1.92,0.0,0.0,0.0,0.0,0.0,0.0,17.31,23.08,19.23,13.46,9.62,13.46,3.85,0.0,0.0,32.0,20.0,52.0,0.0,0.0,1.0,1.0,0.0,0.0,0.0,1.0,0.0,1.0,1.0,2.0,2.0,2.0,4.0,2.0,8.0,4.0,6.0,6.0,5.0,6.0,1.0,0.0,0.0,0.0,0.0,0.0,0.0,9.0,12.0,10.0,7.0,5.0,7.0,2.0,0.0,100.0,100.0,,0.0,0.0,0.0,0.0,66.67,6.2,0.0,27.13,0.0,0.0,100.0,16.28,13.18,16.28,17.05,17.83,19.38,2.33,3.1,1.55,1.55,0.78,0.78,0.0,0.0,3.1,0.78,1.55,0.78,129.0,129.0,,0.0,0.0,0.0,0.0,86.0,8.0,0.0,35.0,0.0,0.0,129.0,21.0,17.0,21.0,22.0,23.0,25.0,3.0,4.0,2.0,2.0,1.0,1.0,0.0,0.0,4.0,1.0,2.0,1.0,100.0,100.0,100.0,100.0,100.0,100.0,100.0,100.0,100.0,100.0,100.0,100.0,100.0,100.0,0.0,0.0,100.0,100.0,100.0,100.0
3504008,0.0,53.97,46.03,100.0,0.85,0.09,1.29,0.45,0.13,0.09,0.4,0.85,0.89,1.52,1.92,2.45,4.1,5.61,7.17,8.73,9.67,10.74,13.1,12.39,10.65,5.48,2.5,0.22,0.53,0.13,0.04,0.13,0.0,20.37,22.46,12.61,12.66,13.99,9.31,8.6,0.0,0.0,1211.0,1033.0,2244.0,19.0,2.0,29.0,10.0,3.0,2.0,9.0,19.0,20.0,34.0,43.0,55.0,92.0,126.0,161.0,196.0,217.0,241.0,294.0,278.0,239.0,123.0,56.0,5.0,12.0,3.0,1.0,3.0,0.0,457.0,504.0,283.0,284.0,314.0,209.0,193.0,0.0,99.69,99.69,,0.0,0.19,0.11,0.02,75.55,2.1,0.2,22.15,0.0,0.0,100.0,13.93,15.17,15.78,18.14,17.92,19.07,1.18,1.18,1.31,1.27,1.07,1.2,1.01,0.9,1.21,1.21,1.2,1.18,6414.0,6414.0,,0.0,12.0,7.0,1.0,4861.0,135.0,13.0,1425.0,0.0,0.0,6434.0,896.0,976.0,1015.0,1167.0,1153.0,1227.0,76.0,76.0,84.0,82.0,69.0,77.0,65.0,58.0,78.0,78.0,77.0,76.0,99.69,99.55,99.69,99.8,99.83,99.65,99.59,99.72,98.68,100.0,100.0,100.0,100.0,98.7,100.0,98.28,100.0,100.0,98.7,100.0
3504107,0.0,53.72,46.28,100.0,1.29,0.03,1.56,0.27,0.24,0.1,0.34,1.15,1.32,1.9,2.4,2.81,2.84,4.5,6.67,8.97,10.97,11.44,11.1,11.98,9.11,7.18,3.08,0.3,0.71,0.2,0.1,0.2,0.07,20.04,21.12,12.42,13.07,13.17,11.0,9.17,0.0,0.0,1587.0,1367.0,2954.0,38.0,1.0,46.0,8.0,7.0,3.0,10.0,34.0,39.0,56.0,71.0,83.0,84.0,133.0,197.0,265.0,324.0,338.0,328.0,354.0,269.0,212.0,91.0,9.0,21.0,6.0,3.0,6.0,2.0,592.0,624.0,367.0,386.0,389.0,325.0,271.0,0.0,99.44,99.44,,0.0,0.26,0.22,0.07,66.37,3.64,1.0,28.94,0.05,0.0,100.0,14.96,14.76,16.47,17.3,17.99,18.53,1.19,1.33,1.38,1.25,1.24,1.2,1.26,1.27,1.2,1.18,1.17,1.31,11058.0,11058.0,,0.0,29.0,25.0,8.0,7380.0,405.0,111.0,3218.0,6.0,0.0,11120.0,1664.0,1641.0,1831.0,1924.0,2000.0,2060.0,132.0,148.0,153.0,139.0,138.0,133.0,140.0,141.0,133.0,131.0,130.0,146.0,99.44,99.7,99.51,99.45,99.22,99.45,99.37,99.37,100.0,99.32,99.35,100.0,100.0,100.0,100.0,100.0,100.0,99.24,100.0,98.63
3504206,0.0,54.04,45.96,100.0,0.28,0.0,0.84,0.56,0.28,0.0,0.28,0.56,0.56,0.84,2.51,2.79,4.74,6.41,4.74,10.03,11.14,11.42,10.31,15.32,9.47,4.74,2.51,0.56,0.28,0.0,0.0,0.0,0.0,19.22,20.06,11.14,16.16,13.65,11.7,8.08,0.0,0.0,194.0,165.0,359.0,1.0,0.0,3.0,2.0,1.0,0.0,1.0,2.0,2.0,3.0,9.0,10.0,17.0,23.0,17.0,36.0,40.0,41.0,37.0,55.0,34.0,17.0,9.0,2.0,1.0,0.0,0.0,0.0,0.0,69.0,72.0,40.0,58.0,49.0,42.0,29.0,0.0,99.41,99.41,,0.0,0.12,0.47,0.0,73.22,1.66,0.36,24.76,0.0,0.0,100.0,14.69,16.94,16.23,16.82,16.59,18.72,0.71,1.3,1.54,1.07,1.9,1.54,1.78,1.07,0.59,0.71,0.95,1.54,839.0,839.0,,0.0,1.0,4.0,0.0,618.0,14.0,3.0,209.0,0.0,0.0,844.0,124.0,143.0,137.0,142.0,140.0,158.0,6.0,11.0,13.0,9.0,16.0,13.0,15.0,9.0,5.0,6.0,8.0,13.0,99.41,99.19,99.3,100.0,100.0,100.0,98.1,99.48,100.0,100.0,100.0,100.0,100.0,100.0,100.0,88.89,100.0,100.0,100.0,100.0
3504305,0.0,43.69,56.31,100.0,0.0,2.91,0.0,0.0,0.0,0.0,0.0,0.0,0.97,3.88,1.94,8.74,4.85,2.91,4.85,10.68,11.65,6.8,15.53,6.8,3.88,5.83,2.91,4.85,0.0,0.0,0.0,0.0,0.0,28.16,18.45,16.5,2.91,8.74,16.5,8.74,0.0,0.0,45.0,58.0,103.0,0.0,3.0,0.0,0.0,0.0,0.0,0.0,0.0,1.0,4.0,2.0,9.0,5.0,3.0,5.0,11.0,12.0,7.0,16.0,7.0,4.0,6.0,3.0,5.0,0.0,0.0,0.0,0.0,0.0,29.0,19.0,17.0,3.0,9.0,17.0,9.0,0.0,99.71,99.71,,0.0,0.0,0.0,0.29,54.2,1.74,0.0,23.19,20.87,0.0,100.0,20.0,16.23,18.26,16.81,13.04,15.65,1.16,1.45,2.61,2.03,1.74,1.16,1.45,1.74,1.45,1.16,1.45,2.61,344.0,344.0,,0.0,0.0,0.0,1.0,187.0,6.0,0.0,80.0,72.0,0.0,345.0,69.0,56.0,63.0,58.0,45.0,54.0,4.0,5.0,9.0,7.0,6.0,4.0,5.0,6.0,5.0,4.0,5.0,9.0,99.71,100.0,100.0,100.0,100.0,100.0,98.15,99.55,100.0,100.0,100.0,100.0,100.0,100.0,100.0,100.0,100.0,100.0,100.0,100.0
3504404,0.0,59.14,40.86,100.0,1.95,0.0,1.95,0.0,0.39,0.78,1.56,0.39,3.11,3.11,4.67,2.33,3.89,5.45,8.17,11.28,9.34,10.89,8.56,9.73,9.34,2.33,2.72,0.0,0.78,0.39,0.39,0.39,0.0,21.4,23.74,10.51,10.89,16.34,6.23,10.89,0.0,0.0,152.0,105.0,257.0,5.0,0.0,5.0,0.0,1.0,2.0,4.0,1.0,8.0,8.0,12.0,6.0,10.0,14.0,21.0,29.0,24.0,28.0,22.0,25.0,24.0,6.0,7.0,0.0,2.0,1.0,1.0,1.0,0.0,55.0,61.0,27.0,28.0,42.0,16.0,28.0,0.0,98.7,98.7,,0.0,0.0,1.3,0.0,63.68,2.59,0.26,33.46,0.0,0.0,100.0,14.92,15.69,16.08,16.86,16.73,19.71,1.04,0.52,1.43,1.3,1.56,1.17,1.3,1.17,1.69,1.56,1.56,0.65,761.0,761.0,,0.0,0.0,10.0,0.0,491.0,20.0,2.0,258.0,0.0,0.0,771.0,115.0,121.0,124.0,130.0,129.0,152.0,8.0,4.0,11.0,10.0,12.0,9.0,10.0,9.0,13.0,12.0,12.0,5.0,98.7,99.13,99.17,98.39,99.23,97.67,98.68,98.5,100.0,100.0,100.0,100.0,100.0,88.89,100.0,100.0,100.0,100.0,100.0,100.0
3504503,0.0,53.47,46.53,100.0,1.63,0.2,2.03,0.4,0.15,0.15,0.74,1.29,1.29,1.98,1.98,3.27,3.12,5.05,7.87,9.55,10.45,11.44,10.35,10.5,9.55,6.24,2.23,0.59,0.94,0.45,0.2,0.05,0.0,21.73,21.88,12.08,12.77,12.48,9.16,9.9,0.0,0.0,1080.0,940.0,2020.0,33.0,4.0,41.0,8.0,3.0,3.0,15.0,26.0,26.0,40.0,40.0,66.0,63.0,102.0,159.0,193.0,211.0,231.0,209.0,212.0,193.0,126.0,45.0,12.0,19.0,9.0,4.0,1.0,0.0,439.0,442.0,244.0,258.0,252.0,185.0,200.0,0.0,99.61,99.61,,0.0,0.25,0.07,0.06,70.74,2.84,0.42,25.99,0.01,0.0,100.0,14.84,16.23,16.74,16.83,18.24,17.12,1.16,1.24,1.15,1.06,1.67,1.1,1.24,1.3,1.42,1.13,1.57,0.79,6672.0,6672.0,,0.0,17.0,5.0,4.0,4738.0,190.0,28.0,1741.0,1.0,0.0,6698.0,994.0,1087.0,1121.0,1127.0,1222.0,1147.0,78.0,83.0,77.0,71.0,112.0,74.0,83.0,87.0,95.0,76.0,105.0,53.0,99.61,99.6,99.72,99.73,99.82,99.67,99.13,99.59,97.44,98.8,100.0,100.0,100.0,100.0,100.0,100.0,100.0,100.0,99.05,100.0
3504602,0.0,53.77,46.23,100.0,2.13,0.0,2.32,0.19,0.19,0.0,1.55,0.58,1.16,0.77,2.51,2.51,2.71,6.19,9.09,6.77,10.83,11.41,11.61,13.15,8.7,4.84,1.55,1.55,0.19,1.35,0.19,0.39,0.0,17.79,23.79,10.83,11.8,13.35,11.03,11.41,0.0,0.0,278.0,239.0,517.0,11.0,0.0,12.0,1.0,1.0,0.0,8.0,3.0,6.0,4.0,13.0,13.0,14.0,32.0,47.0,35.0,56.0,59.0,60.0,68.0,45.0,25.0,8.0,8.0,1.0,7.0,1.0,2.0,0.0,92.0,123.0,56.0,61.0,69.0,57.0,59.0,0.0,99.67,99.67,,0.0,0.19,0.09,0.05,67.77,3.09,0.09,29.0,0.05,0.0,100.0,15.25,16.18,16.88,19.27,17.12,15.29,1.03,1.36,1.73,1.36,1.54,1.12,0.89,1.45,1.22,1.17,1.54,0.84,2131.0,2131.0,,0.0,4.0,2.0,1.0,1449.0,66.0,2.0,620.0,1.0,0.0,2138.0,326.0,346.0,361.0,412.0,366.0,327.0,22.0,29.0,37.0,29.0,33.0,24.0,19.0,31.0,26.0,25.0,33.0,18.0,99.67,99.69,99.42,99.72,99.76,99.73,99.69,99.73,100.0,96.55,100.0,100.0,100.0,100.0,100.0,100.0,100.0,100.0,100.0,100.0
3504701,0.0,55.56,44.44,100.0,0.0,0.0,0.0,0.0,0.0,7.41,0.0,0.0,0.0,0.0,0.0,0.0,7.41,3.7,3.7,3.7,11.11,25.93,7.41,3.7,14.81,7.41,3.7,0.0,0.0,0.0,0.0,0.0,0.0,18.52,11.11,3.7,11.11,11.11,22.22,22.22,0.0,0.0,15.0,12.0,27.0,0.0,0.0,0.0,0.0,0.0,2.0,0.0,0.0,0.0,0.0,0.0,0.0,2.0,1.0,1.0,1.0,3.0,7.0,2.0,1.0,4.0,2.0,1.0,0.0,0.0,0.0,0.0,0.0,0.0,5.0,3.0,1.0,3.0,3.0,6.0,6.0,0.0,100.0,100.0,,0.0,0.0,0.0,0.0,71.91,1.12,0.0,26.97,0.0,0.0,100.0,17.98,12.36,14.61,14.61,21.35,19.1,1.12,1.12,2.25,2.25,0.0,0.0,1.12,2.25,0.0,2.25,3.37,2.25,89.0,89.0,,0.0,0.0,0.0,0.0,64.0,1.0,0.0,24.0,0.0,0.0,89.0,16.0,11.0,13.0,13.0,19.0,17.0,1.0,1.0,2.0,2.0,0.0,0.0,1.0,2.0,0.0,2.0,3.0,2.0,100.0,100.0,100.0,100.0,100.0,100.0,100.0,100.0,100.0,100.0,100.0,100.0,0.0,0.0,100.0,100.0,0.0,100.0,100.0,100.0
3504800,0.0,58.23,41.77,100.0,1.61,0.0,1.61,0.0,0.0,0.0,0.0,2.01,1.2,0.8,1.2,1.61,2.41,4.42,6.83,8.43,11.65,11.65,16.06,11.65,8.84,7.23,1.61,0.8,1.61,0.0,0.0,0.0,0.0,14.46,22.89,9.24,16.06,13.65,14.46,9.24,0.0,0.0,145.0,104.0,249.0,4.0,0.0,4.0,0.0,0.0,0.0,0.0,5.0,3.0,2.0,3.0,4.0,6.0,11.0,17.0,21.0,29.0,29.0,40.0,29.0,22.0,18.0,4.0,2.0,4.0,0.0,0.0,0.0,0.0,36.0,57.0,23.0,40.0,34.0,36.0,23.0,0.0,99.82,99.82,,0.0,0.18,0.0,0.0,73.67,3.18,0.0,23.14,0.0,0.0,100.0,14.84,14.13,17.49,20.67,18.02,14.84,1.24,2.12,1.06,2.12,1.06,1.24,0.71,1.41,0.88,0.88,0.71,1.41,565.0,565.0,,0.0,1.0,0.0,0.0,417.0,18.0,0.0,131.0,0.0,0.0,566.0,84.0,80.0,99.0,117.0,102.0,84.0,7.0,12.0,6.0,12.0,6.0,7.0,4.0,8.0,5.0,5.0,4.0,8.0,99.82,100.0,100.0,100.0,100.0,99.02,100.0,99.75,100.0,100.0,100.0,100.0,100.0,100.0,100.0,100.0,100.0,100.0,100.0,100.0
3504909,0.0,58.94,41.06,100.0,0.41,0.0,0.41,0.0,0.41,0.0,0.0,1.63,0.41,2.03,2.85,3.66,3.25,2.85,8.94,7.32,10.57,8.54,13.82,10.57,11.38,6.1,3.25,2.03,0.0,0.0,0.41,0.0,0.0,21.95,15.04,15.45,12.6,12.6,12.6,9.76,0.0,0.0,145.0,101.0,246.0,1.0,0.0,1.0,0.0,1.0,0.0,0.0,4.0,1.0,5.0,7.0,9.0,8.0,7.0,22.0,18.0,26.0,21.0,34.0,26.0,28.0,15.0,8.0,5.0,0.0,0.0,1.0,0.0,0.0,54.0,37.0,38.0,31.0,31.0,31.0,24.0,0.0,99.72,99.72,,0.0,0.14,0.14,0.0,56.56,6.35,0.0,37.09,0.0,0.0,100.0,16.22,15.23,18.62,16.5,17.49,15.94,1.27,1.55,0.99,0.85,1.27,1.83,0.85,1.97,2.12,1.41,0.99,1.13,707.0,707.0,,0.0,1.0,1.0,0.0,401.0,45.0,0.0,263.0,0.0,0.0,709.0,115.0,108.0,132.0,117.0,124.0,113.0,9.0,11.0,7.0,6.0,9.0,13.0,6.0,14.0,15.0,10.0,7.0,8.0,99.72,100.0,100.0,99.24,100.0,99.19,100.0,99.59,100.0,100.0,100.0,100.0,100.0,100.0,100.0,100.0,100.0,100.0,100.0,100.0
3505005,0.0,53.19,46.81,100.0,0.0,2.13,2.13,2.13,0.0,0.0,4.26,2.13,0.0,2.13,2.13,2.13,4.26,2.13,4.26,10.64,8.51,17.02,10.64,6.38,10.64,8.51,0.0,0.0,0.0,0.0,0.0,0.0,0.0,38.3,8.51,8.51,10.64,8.51,12.77,12.77,0.0,0.0,25.0,22.0,47.0,0.0,1.0,1.0,1.0,0.0,0.0,2.0,1.0,0.0,1.0,1.0,1.0,2.0,1.0,2.0,5.0,4.0,8.0,5.0,3.0,5.0,4.0,0.0,0.0,0.0,0.0,0.0,0.0,0.0,18.0,4.0,4.0,5.0,4.0,6.0,6.0,0.0,100.0,100.0,,0.0,0.0,0.0,0.0,72.0,0.73,0.36,20.0,6.91,0.0,100.0,17.09,16.0,16.36,15.64,18.18,16.73,0.73,2.91,1.09,0.0,1.45,1.45,1.09,1.09,1.45,2.91,1.45,1.45,275.0,275.0,,0.0,0.0,0.0,0.0,198.0,2.0,1.0,55.0,19.0,0.0,275.0,47.0,44.0,45.0,43.0,50.0,46.0,2.0,8.0,3.0,0.0,4.0,4.0,3.0,3.0,4.0,8.0,4.0,4.0,100.0,100.0,100.0,100.0,100.0,100.0,100.0,100.0,100.0,100.0,100.0,0.0,100.0,100.0,100.0,100.0,100.0,100.0,100.0,100.0
3505104,0.0,59.76,40.24,100.0,1.83,0.0,1.83,0.0,0.0,0.0,1.22,0.61,3.66,1.22,0.61,3.66,3.66,4.27,8.54,8.54,10.98,6.71,13.41,12.8,9.76,7.32,0.61,0.61,0.61,0.0,0.0,1.22,0.0,16.46,25.61,12.2,12.2,9.15,12.2,12.2,0.0,0.0,98.0,66.0,164.0,3.0,0.0,3.0,0.0,0.0,0.0,2.0,1.0,6.0,2.0,1.0,6.0,6.0,7.0,14.0,14.0,18.0,11.0,22.0,21.0,16.0,12.0,1.0,1.0,1.0,0.0,0.0,2.0,0.0,27.0,42.0,20.0,20.0,15.0,20.0,20.0,0.0,100.0,100.0,,0.0,0.0,0.0,0.0,58.96,3.54,0.71,36.79,0.0,0.0,100.0,12.97,14.62,17.69,17.69,17.45,19.58,0.24,0.24,2.12,0.94,0.94,1.18,2.36,1.42,1.18,1.18,0.71,0.47,424.0,424.0,,0.0,0.0,0.0,0.0,250.0,15.0,3.0,156.0,0.0,0.0,424.0,55.0,62.0,75.0,75.0,74.0,83.0,1.0,1.0,9.0,4.0,4.0,5.0,10.0,6.0,5.0,5.0,3.0,2.0,100.0,100.0,100.0,100.0,100.0,100.0,100.0,100.0,100.0,100.0,100.0,100.0,100.0,100.0,100.0,100.0,100.0,100.0,100.0,100.0
3505203,0.0,59.22,40.78,100.0,2.01,0.0,2.36,0.35,0.0,0.47,0.24,0.35,1.3,1.42,2.96,2.72,3.66,5.08,7.57,9.57,10.05,8.51,9.69,13.59,9.81,7.33,2.96,0.35,0.95,0.35,0.35,0.24,0.12,18.44,22.58,10.4,11.94,13.71,11.82,11.11,0.0,0.0,501.0,345.0,846.0,17.0,0.0,20.0,3.0,0.0,4.0,2.0,3.0,11.0,12.0,25.0,23.0,31.0,43.0,64.0,81.0,85.0,72.0,82.0,115.0,83.0,62.0,25.0,3.0,8.0,3.0,3.0,2.0,1.0,156.0,191.0,88.0,101.0,116.0,100.0,94.0,0.0,99.86,99.86,,0.0,0.14,0.0,0.0,71.12,3.04,0.0,25.79,0.05,0.0,100.0,14.96,15.73,16.73,18.5,17.32,16.77,1.54,1.22,1.41,1.31,0.86,1.04,1.18,1.54,1.09,1.27,1.27,1.22,2203.0,2203.0,,0.0,3.0,0.0,0.0,1569.0,67.0,0.0,569.0,1.0,0.0,2206.0,330.0,347.0,369.0,408.0,382.0,370.0,34.0,27.0,31.0,29.0,19.0,23.0,26.0,34.0,24.0,28.0,28.0,27.0,99.86,99.39,100.0,100.0,100.0,99.74,100.0,99.93,94.12,100.0,100.0,100.0,100.0,100.0,100.0,100.0,100.0,100.0,100.0,100.0
3505302,0.0,54.1,45.9,100.0,1.44,0.55,1.77,0.33,0.11,0.33,0.11,0.55,1.0,1.0,2.22,2.88,3.55,5.32,9.09,10.09,9.53,12.97,9.42,11.31,9.31,6.21,2.22,0.44,1.11,0.11,0.0,0.22,0.0,21.06,22.95,11.31,13.3,11.2,11.31,8.87,0.0,0.0,488.0,414.0,902.0,13.0,5.0,16.0,3.0,1.0,3.0,1.0,5.0,9.0,9.0,20.0,26.0,32.0,48.0,82.0,91.0,86.0,117.0,85.0,102.0,84.0,56.0,20.0,4.0,10.0,1.0,0.0,2.0,0.0,190.0,207.0,102.0,120.0,101.0,102.0,80.0,0.0,99.74,99.74,,0.0,0.16,0.11,0.0,74.64,2.48,0.05,22.82,0.0,0.0,100.0,15.27,17.01,15.0,18.54,17.96,16.22,0.79,1.74,1.27,1.27,1.53,1.22,0.95,1.74,1.48,1.0,1.43,0.85,1888.0,1888.0,,0.0,3.0,2.0,0.0,1413.0,47.0,1.0,432.0,0.0,0.0,1893.0,289.0,322.0,284.0,351.0,340.0,307.0,15.0,33.0,24.0,24.0,29.0,23.0,18.0,33.0,28.0,19.0,27.0,16.0,99.74,98.96,99.69,99.65,100.0,100.0,100.0,99.92,100.0,100.0,100.0,100.0,100.0,100.0,100.0,96.97,100.0,89.47,100.0,100.0
3505351,0.0,48.62,51.38,100.0,0.92,0.0,1.83,0.92,1.83,0.92,0.92,0.0,1.83,1.83,3.67,0.92,7.34,9.17,4.59,7.34,10.09,6.42,11.93,12.84,9.17,5.5,0.92,0.92,0.0,0.0,0.0,0.92,0.0,23.85,21.1,14.68,13.76,8.26,6.42,11.93,0.0,0.0,53.0,56.0,109.0,1.0,0.0,2.0,1.0,2.0,1.0,1.0,0.0,2.0,2.0,4.0,1.0,8.0,10.0,5.0,8.0,11.0,7.0,13.0,14.0,10.0,6.0,1.0,1.0,0.0,0.0,0.0,1.0,0.0,26.0,23.0,16.0,15.0,9.0,7.0,13.0,0.0,100.0,100.0,,0.0,0.0,0.0,0.0,49.66,2.53,0.69,47.13,0.0,0.0,100.0,14.71,13.33,20.69,15.4,20.69,15.17,0.46,0.69,1.38,0.92,1.61,1.61,1.15,0.69,1.84,2.3,0.92,1.15,435.0,435.0,,0.0,0.0,0.0,0.0,216.0,11.0,3.0,205.0,0.0,0.0,435.0,64.0,58.0,90.0,67.0,90.0,66.0,2.0,3.0,6.0,4.0,7.0,7.0,5.0,3.0,8.0,10.0,4.0,5.0,100.0,100.0,100.0,100.0,100.0,100.0,100.0,100.0,100.0,100.0,100.0,100.0,100.0,100.0,100.0,100.0,100.0,100.0,100.0,100.0
3505401,0.0,67.53,32.47,100.0,1.95,0.0,2.6,0.65,0.0,0.0,1.3,2.6,0.65,1.95,1.3,3.9,1.95,4.55,11.69,8.44,9.74,9.74,8.44,14.94,10.39,5.84,0.0,0.0,0.65,1.3,0.0,0.0,0.0,22.08,21.43,14.29,18.18,7.14,9.09,7.79,0.0,0.0,104.0,50.0,154.0,3.0,0.0,4.0,1.0,0.0,0.0,2.0,4.0,1.0,3.0,2.0,6.0,3.0,7.0,18.0,13.0,15.0,15.0,13.0,23.0,16.0,9.0,0.0,0.0,1.0,2.0,0.0,0.0,0.0,34.0,33.0,22.0,28.0,11.0,14.0,12.0,0.0,100.0,100.0,,0.0,0.0,0.0,0.0,52.19,4.38,0.18,42.52,0.73,0.0,100.0,13.69,16.24,18.43,21.9,14.96,14.78,0.55,0.18,2.01,0.73,0.73,0.91,2.19,0.91,1.09,1.64,1.28,1.46,548.0,548.0,,0.0,0.0,0.0,0.0,286.0,24.0,1.0,233.0,4.0,0.0,548.0,75.0,89.0,101.0,120.0,82.0,81.0,3.0,1.0,11.0,4.0,4.0,5.0,12.0,5.0,6.0,9.0,7.0,8.0,100.0,100.0,100.0,100.0,100.0,100.0,100.0,100.0,100.0,100.0,100.0,100.0,100.0,100.0,100.0,100.0,100.0,100.0,100.0,100.0
3505500,0.0,53.45,46.55,100.0,0.83,0.26,1.55,0.72,0.3,0.38,0.83,1.13,0.75,1.66,2.41,3.17,3.77,4.98,6.14,10.63,9.61,10.93,11.84,12.59,9.05,5.47,2.11,0.45,0.26,0.41,0.08,0.04,0.04,18.85,21.18,11.99,14.59,13.98,9.39,10.03,0.0,0.0,1418.0,1235.0,2653.0,22.0,7.0,41.0,19.0,8.0,10.0,22.0,30.0,20.0,44.0,64.0,84.0,100.0,132.0,163.0,282.0,255.0,290.0,314.0,334.0,240.0,145.0,56.0,12.0,7.0,11.0,2.0,1.0,1.0,500.0,562.0,318.0,387.0,371.0,249.0,266.0,0.0,99.39,99.39,,0.0,0.21,0.35,0.05,64.85,6.09,0.25,28.77,0.02,0.0,100.0,14.91,15.2,16.5,17.4,17.89,18.1,1.46,1.04,1.24,1.27,1.25,1.27,1.01,1.38,1.38,1.1,1.19,1.3,8187.0,8187.0,,0.0,17.0,29.0,4.0,5342.0,502.0,21.0,2370.0,2.0,0.0,8237.0,1228.0,1252.0,1359.0,1433.0,1474.0,1491.0,120.0,86.0,102.0,105.0,103.0,105.0,83.0,114.0,114.0,91.0,98.0,107.0,99.39,99.35,99.68,99.04,99.51,99.32,99.46,99.34,99.17,97.67,100.0,98.1,100.0,100.0,100.0,98.25,99.12,100.0,100.0,100.0
3505609,0.0,57.38,42.62,100.0,3.36,0.0,3.52,0.17,0.0,0.67,0.5,1.34,2.01,2.52,2.68,4.53,5.7,6.04,7.21,11.41,9.56,10.74,8.89,10.23,5.54,4.7,1.68,0.5,1.51,1.34,0.0,0.5,0.0,19.13,22.32,14.93,13.26,9.4,10.57,10.4,0.0,0.0,342.0,254.0,596.0,20.0,0.0,21.0,1.0,0.0,4.0,3.0,8.0,12.0,15.0,16.0,27.0,34.0,36.0,43.0,68.0,57.0,64.0,53.0,61.0,33.0,28.0,10.0,3.0,9.0,8.0,0.0,3.0,0.0,114.0,133.0,89.0,79.0,56.0,63.0,62.0,0.0,99.62,99.62,,0.0,0.27,0.11,0.0,46.27,5.94,0.08,47.6,0.11,0.0,100.0,15.46,14.89,17.14,17.02,18.66,16.83,1.1,1.26,1.6,1.45,1.45,1.03,1.68,1.18,1.33,1.37,1.14,0.88,2616.0,2616.0,,0.0,7.0,3.0,0.0,1215.0,156.0,2.0,1250.0,3.0,0.0,2626.0,406.0,391.0,450.0,447.0,490.0,442.0,29.0,33.0,42.0,38.0,38.0,27.0,44.0,31.0,35.0,36.0,30.0,23.0,99.62,99.01,99.23,100.0,100.0,99.8,99.55,99.84,93.1,100.0,100.0,100.0,100.0,100.0,95.45,100.0,100.0,100.0,100.0,100.0
3505708,0.0,55.76,44.24,100.0,1.52,0.13,2.01,0.49,0.25,0.36,0.78,1.41,1.41,2.41,2.46,4.2,4.27,6.19,7.32,10.41,11.52,11.57,10.38,9.4,6.81,4.4,1.94,0.38,0.51,0.47,0.13,0.27,0.13,18.89,20.84,10.92,15.83,13.51,10.41,9.6,0.0,0.0,2497.0,1981.0,4478.0,68.0,6.0,90.0,22.0,11.0,16.0,35.0,63.0,63.0,108.0,110.0,188.0,191.0,277.0,328.0,466.0,516.0,518.0,465.0,421.0,305.0,197.0,87.0,17.0,23.0,21.0,6.0,12.0,6.0,846.0,933.0,489.0,709.0,605.0,466.0,430.0,0.0,99.66,99.66,,0.0,0.16,0.09,0.09,58.69,4.8,0.46,35.99,0.05,0.01,100.0,13.99,14.14,16.31,17.41,18.28,19.87,1.14,1.15,1.36,1.02,1.24,1.02,1.13,1.26,1.26,1.13,1.2,1.08,23086.0,23086.0,,0.0,36.0,21.0,21.0,13596.0,1112.0,106.0,8337.0,11.0,2.0,23164.0,3240.0,3276.0,3778.0,4033.0,4235.0,4602.0,264.0,267.0,316.0,236.0,288.0,236.0,262.0,292.0,291.0,261.0,277.0,250.0,99.66,99.66,99.76,99.71,99.7,99.55,99.63,99.65,99.62,100.0,99.68,99.15,100.0,99.58,98.85,99.66,99.66,100.0,99.64,100.0
3505807,0.0,54.01,45.99,100.0,1.95,0.0,2.17,0.22,0.0,0.65,0.65,1.74,0.87,1.74,2.82,1.52,5.42,4.56,8.46,6.94,7.59,12.15,10.41,11.93,8.68,7.16,3.47,1.08,1.08,0.43,0.22,0.22,0.0,19.96,27.11,10.85,12.15,13.23,8.03,8.68,0.0,0.0,249.0,212.0,461.0,9.0,0.0,10.0,1.0,0.0,3.0,3.0,8.0,4.0,8.0,13.0,7.0,25.0,21.0,39.0,32.0,35.0,56.0,48.0,55.0,40.0,33.0,16.0,5.0,5.0,2.0,1.0,1.0,0.0,92.0,125.0,50.0,56.0,61.0,37.0,40.0,0.0,99.66,99.66,,0.0,0.2,0.07,0.07,55.84,0.75,4.48,38.86,0.0,0.07,100.0,15.49,15.96,15.56,19.57,15.9,17.53,0.75,1.02,1.36,2.38,1.43,1.36,1.36,1.29,1.02,1.09,1.09,1.36,1467.0,1467.0,,0.0,3.0,1.0,1.0,822.0,11.0,66.0,572.0,0.0,1.0,1472.0,228.0,235.0,229.0,288.0,234.0,258.0,11.0,15.0,20.0,35.0,21.0,20.0,20.0,19.0,15.0,16.0,16.0,20.0,99.66,100.0,98.72,99.56,99.65,100.0,100.0,99.8,100.0,100.0,100.0,100.0,100.0,100.0,100.0,100.0,100.0,100.0,100.0,100.0
3505906,0.0,54.93,45.07,100.0,1.53,0.0,1.78,0.24,0.08,0.32,0.57,0.57,1.21,1.62,1.62,3.8,3.15,5.33,6.14,8.8,10.34,10.34,11.07,12.12,10.82,7.27,2.26,0.81,0.48,0.73,0.08,0.24,0.0,18.66,20.92,12.68,13.25,15.35,9.77,9.37,0.0,0.0,680.0,558.0,1238.0,19.0,0.0,22.0,3.0,1.0,4.0,7.0,7.0,15.0,20.0,20.0,47.0,39.0,66.0,76.0,109.0,128.0,128.0,137.0,150.0,134.0,90.0,28.0,10.0,6.0,9.0,1.0,3.0,0.0,231.0,259.0,157.0,164.0,190.0,121.0,116.0,0.0,99.74,99.74,,0.0,0.15,0.1,0.0,68.62,3.54,0.13,27.71,0.0,0.0,100.0,14.71,14.84,17.46,17.95,17.54,17.49,1.0,1.16,1.39,1.28,1.28,1.16,1.13,1.26,1.1,1.64,1.18,1.13,3884.0,3884.0,,0.0,6.0,4.0,0.0,2672.0,138.0,5.0,1079.0,0.0,0.0,3894.0,573.0,578.0,680.0,699.0,683.0,681.0,39.0,45.0,54.0,50.0,50.0,45.0,44.0,49.0,43.0,64.0,46.0,44.0,99.74,99.65,99.65,99.56,99.86,99.85,99.85,99.78,94.87,100.0,100.0,100.0,100.0,100.0,100.0,100.0,100.0,100.0,100.0,100.0
3506003,0.0,54.31,45.69,100.0,1.17,0.19,1.59,0.42,0.18,0.17,0.64,1.19,1.03,1.29,2.15,2.65,3.73,4.72,7.29,9.91,9.99,11.1,10.56,11.7,10.23,6.23,2.94,0.51,0.47,0.37,0.06,0.22,0.05,20.95,21.0,12.77,12.46,13.1,10.36,9.35,0.0,0.0,4262.0,3585.0,7847.0,92.0,15.0,125.0,33.0,14.0,13.0,50.0,93.0,81.0,101.0,169.0,208.0,293.0,370.0,572.0,778.0,784.0,871.0,829.0,918.0,803.0,489.0,231.0,40.0,37.0,29.0,5.0,17.0,4.0,1644.0,1648.0,1002.0,978.0,1028.0,813.0,734.0,0.0,99.64,99.64,,0.0,0.21,0.13,0.02,65.84,4.52,0.51,29.01,0.12,0.0,100.0,15.54,15.51,16.48,17.16,17.87,17.43,1.31,1.26,1.38,1.34,1.43,1.32,1.34,1.23,1.22,1.28,1.25,1.18,25228.0,25228.0,,0.0,53.0,33.0,4.0,16669.0,1144.0,130.0,7344.0,30.0,1.0,25318.0,3934.0,3928.0,4173.0,4345.0,4525.0,4413.0,332.0,320.0,350.0,338.0,362.0,333.0,340.0,312.0,308.0,325.0,316.0,298.0,99.64,99.34,99.75,99.57,99.84,99.69,99.66,99.69,97.59,99.38,100.0,99.7,99.17,99.4,99.12,99.36,100.0,99.08,99.37,100.0
3506102,0.0,54.22,45.78,100.0,0.49,0.11,0.77,0.27,0.11,0.16,0.71,0.6,2.14,1.2,2.9,2.63,4.05,6.3,6.85,8.71,10.62,12.38,10.46,10.46,8.6,6.74,2.9,0.6,0.33,0.11,0.05,0.0,0.0,19.0,24.53,10.68,10.95,12.43,11.12,11.28,0.0,0.0,990.0,836.0,1826.0,9.0,2.0,14.0,5.0,2.0,3.0,13.0,11.0,39.0,22.0,53.0,48.0,74.0,115.0,125.0,159.0,194.0,226.0,191.0,191.0,157.0,123.0,53.0,11.0,6.0,2.0,1.0,0.0,0.0,347.0,448.0,195.0,200.0,227.0,203.0,206.0,0.0,99.75,99.75,,0.0,0.09,0.09,0.06,68.89,3.84,0.27,26.98,0.02,0.0,100.0,13.86,15.68,17.23,17.29,18.12,17.83,1.08,1.25,1.53,1.17,1.36,0.87,1.17,1.14,1.23,0.98,0.91,1.15,5269.0,5269.0,,0.0,5.0,5.0,3.0,3639.0,203.0,14.0,1425.0,1.0,0.0,5282.0,732.0,828.0,910.0,913.0,957.0,942.0,57.0,66.0,81.0,62.0,72.0,46.0,62.0,60.0,65.0,52.0,48.0,61.0,99.75,99.73,99.76,99.67,99.78,99.79,99.79,99.76,98.25,100.0,98.77,100.0,100.0,100.0,100.0,100.0,100.0,100.0,100.0,100.0
3506201,0.0,57.58,42.42,100.0,0.0,0.0,1.52,1.52,0.0,0.0,1.52,1.52,0.0,0.0,1.52,1.52,9.09,3.03,3.03,3.03,13.64,9.09,18.18,15.15,7.58,6.06,4.55,0.0,0.0,0.0,0.0,0.0,0.0,24.24,16.67,15.15,13.64,9.09,16.67,4.55,0.0,0.0,38.0,28.0,66.0,0.0,0.0,1.0,1.0,0.0,0.0,1.0,1.0,0.0,0.0,1.0,1.0,6.0,2.0,2.0,2.0,9.0,6.0,12.0,10.0,5.0,4.0,3.0,0.0,0.0,0.0,0.0,0.0,0.0,16.0,11.0,10.0,9.0,6.0,11.0,3.0,0.0,100.0,100.0,,0.0,0.0,0.0,0.0,52.66,1.93,0.0,45.41,0.0,0.0,100.0,14.49,16.91,15.46,17.87,15.46,19.81,2.42,0.97,0.48,2.42,1.45,0.97,0.97,1.93,0.97,0.0,0.97,0.97,207.0,207.0,,0.0,0.0,0.0,0.0,109.0,4.0,0.0,94.0,0.0,0.0,207.0,30.0,35.0,32.0,37.0,32.0,41.0,5.0,2.0,1.0,5.0,3.0,2.0,2.0,4.0,2.0,0.0,2.0,2.0,100.0,100.0,100.0,100.0,100.0,100.0,100.0,100.0,100.0,100.0,100.0,100.0,100.0,100.0,100.0,100.0,100.0,0.0,100.0,100.0
3506300,0.0,56.7,43.3,100.0,0.0,0.38,0.38,0.38,0.38,0.0,0.38,1.53,0.77,0.0,1.53,1.15,2.3,4.98,6.13,11.11,10.34,17.24,10.34,9.58,10.34,8.81,2.3,0.0,0.0,0.0,0.0,0.0,0.0,25.29,21.84,8.05,9.96,14.18,10.34,10.34,0.0,0.0,148.0,113.0,261.0,0.0,1.0,1.0,1.0,1.0,0.0,1.0,4.0,2.0,0.0,4.0,3.0,6.0,13.0,16.0,29.0,27.0,45.0,27.0,25.0,27.0,23.0,6.0,0.0,0.0,0.0,0.0,0.0,0.0,66.0,57.0,21.0,26.0,37.0,27.0,27.0,0.0,99.08,99.08,,0.0,0.13,0.4,0.4,80.32,0.66,0.0,18.89,0.13,0.0,100.0,14.66,12.81,17.17,17.57,19.29,18.49,0.4,1.59,1.32,1.72,0.53,1.72,1.59,0.79,1.19,1.19,1.72,0.92,750.0,750.0,,0.0,1.0,3.0,3.0,608.0,5.0,0.0,143.0,1.0,0.0,757.0,111.0,97.0,130.0,133.0,146.0,140.0,3.0,12.0,10.0,13.0,4.0,13.0,12.0,6.0,9.0,9.0,13.0,7.0,99.08,96.4,100.0,99.23,100.0,99.32,99.29,99.45,100.0,100.0,100.0,92.31,100.0,84.62,100.0,100.0,88.89,100.0,100.0,100.0
3506359,0.0,58.01,41.99,100.0,1.45,0.31,2.28,0.83,0.41,0.31,1.96,2.17,1.86,2.38,2.9,3.1,4.86,7.14,9.0,10.65,12.2,10.13,9.2,6.72,6.51,4.55,1.14,0.21,0.21,0.62,0.31,0.31,0.0,20.27,21.61,12.1,13.44,14.17,9.0,9.41,0.0,0.0,561.0,406.0,967.0,14.0,3.0,22.0,8.0,4.0,3.0,19.0,21.0,18.0,23.0,28.0,30.0,47.0,69.0,87.0,103.0,118.0,98.0,89.0,65.0,63.0,44.0,11.0,2.0,2.0,6.0,3.0,3.0,0.0,196.0,209.0,117.0,130.0,137.0,87.0,91.0,0.0,99.45,99.45,,0.0,0.21,0.29,0.06,47.22,5.25,0.44,46.36,0.73,0.0,100.0,15.73,14.32,17.59,16.42,18.2,17.74,1.22,1.13,1.43,1.79,0.99,1.28,1.43,1.24,1.37,1.62,1.11,1.11,5208.0,5208.0,,0.0,11.0,15.0,3.0,2473.0,275.0,23.0,2428.0,38.0,0.0,5237.0,824.0,750.0,921.0,860.0,953.0,929.0,64.0,59.0,75.0,94.0,52.0,67.0,75.0,65.0,72.0,85.0,58.0,58.0,99.45,99.03,99.33,99.35,99.53,99.58,99.78,99.56,100.0,98.31,100.0,97.87,100.0,100.0,100.0,96.92,97.22,98.82,100.0,100.0
3506409,0.0,58.33,41.67,100.0,1.96,0.0,1.96,0.0,0.0,0.0,1.47,1.96,0.0,2.45,1.47,2.94,2.94,6.37,4.9,8.33,9.31,11.27,13.24,12.25,9.31,6.86,2.94,0.0,1.47,0.49,0.0,0.0,0.0,21.57,21.57,12.25,11.76,14.22,6.86,11.76,0.0,0.0,119.0,85.0,204.0,4.0,0.0,4.0,0.0,0.0,0.0,3.0,4.0,0.0,5.0,3.0,6.0,6.0,13.0,10.0,17.0,19.0,23.0,27.0,25.0,19.0,14.0,6.0,0.0,3.0,1.0,0.0,0.0,0.0,44.0,44.0,25.0,24.0,29.0,14.0,24.0,0.0,99.77,99.77,,0.0,0.0,0.23,0.0,69.23,2.71,0.9,27.15,0.0,0.0,100.0,14.25,12.22,16.74,19.68,18.1,19.0,1.36,0.68,1.36,1.36,1.81,0.45,0.9,1.81,0.9,1.36,1.13,1.13,441.0,441.0,,0.0,0.0,1.0,0.0,306.0,12.0,4.0,120.0,0.0,0.0,442.0,63.0,54.0,74.0,87.0,80.0,84.0,6.0,3.0,6.0,6.0,8.0,2.0,4.0,8.0,4.0,6.0,5.0,5.0,99.77,98.41,100.0,100.0,100.0,100.0,100.0,100.0,100.0,100.0,100.0,100.0,100.0,100.0,100.0,100.0,100.0,100.0,80.0,100.0
3506508,0.0,54.33,45.67,100.0,1.16,0.11,1.44,0.29,0.25,0.22,0.4,1.05,1.16,1.62,2.38,3.57,4.08,5.96,7.29,9.31,9.89,11.99,11.62,11.95,7.98,5.34,2.02,0.36,0.47,0.25,0.11,0.29,0.04,17.73,25.52,11.66,11.91,12.78,10.18,10.22,0.0,0.0,1505.0,1265.0,2770.0,32.0,3.0,40.0,8.0,7.0,6.0,11.0,29.0,32.0,45.0,66.0,99.0,113.0,165.0,202.0,258.0,274.0,332.0,322.0,331.0,221.0,148.0,56.0,10.0,13.0,7.0,3.0,8.0,1.0,491.0,707.0,323.0,330.0,354.0,282.0,283.0,0.0,99.5,99.5,,0.0,0.31,0.19,0.0,69.15,2.23,0.4,28.18,0.04,0.0,100.0,14.95,15.1,16.08,17.67,18.15,18.05,1.32,1.17,1.45,1.28,0.99,1.01,1.28,1.62,1.05,1.35,1.26,1.16,7747.0,7747.0,,0.0,24.0,15.0,0.0,5384.0,174.0,31.0,2194.0,3.0,0.0,7786.0,1164.0,1176.0,1252.0,1376.0,1413.0,1405.0,103.0,91.0,113.0,100.0,77.0,79.0,100.0,126.0,82.0,105.0,98.0,90.0,99.5,98.8,99.66,99.36,99.56,99.5,100.0,99.61,99.03,98.9,100.0,98.0,98.7,100.0,99.0,99.21,97.56,98.1,97.96,98.89
3506607,0.0,55.04,44.96,100.0,1.01,0.0,1.15,0.14,0.14,0.29,0.72,1.01,1.59,1.01,3.03,1.59,4.03,6.2,7.49,11.82,8.65,11.67,11.82,12.68,7.93,5.33,1.15,0.72,0.72,0.14,0.14,0.0,0.0,19.31,21.18,11.96,11.96,14.55,11.1,9.94,0.0,0.0,382.0,312.0,694.0,7.0,0.0,8.0,1.0,1.0,2.0,5.0,7.0,11.0,7.0,21.0,11.0,28.0,43.0,52.0,82.0,60.0,81.0,82.0,88.0,55.0,37.0,8.0,5.0,5.0,1.0,1.0,0.0,0.0,134.0,147.0,83.0,83.0,101.0,77.0,69.0,0.0,99.54,99.54,,0.0,0.23,0.19,0.05,63.1,3.39,1.16,32.3,0.05,0.0,100.0,16.31,14.45,16.54,17.8,17.15,17.75,0.79,1.3,1.02,1.25,1.39,1.67,1.77,1.72,1.02,1.35,1.49,1.53,2142.0,2142.0,,0.0,5.0,4.0,1.0,1358.0,73.0,25.0,695.0,1.0,0.0,2152.0,351.0,311.0,356.0,383.0,369.0,382.0,17.0,28.0,22.0,27.0,30.0,36.0,38.0,37.0,22.0,29.0,32.0,33.0,99.54,99.43,99.68,99.72,99.74,99.46,99.21,99.53,100.0,100.0,95.45,100.0,100.0,100.0,100.0,100.0,95.45,100.0,100.0,100.0
3506706,0.0,57.86,42.14,100.0,2.34,0.0,2.34,0.0,0.33,0.67,0.67,0.67,1.67,2.34,3.01,1.67,3.34,4.01,11.04,9.36,12.04,8.7,11.37,9.7,7.36,7.02,1.67,1.0,1.67,0.33,0.0,0.33,0.0,22.41,18.73,14.72,10.37,11.04,11.37,11.37,0.0,0.0,173.0,126.0,299.0,7.0,0.0,7.0,0.0,1.0,2.0,2.0,2.0,5.0,7.0,9.0,5.0,10.0,12.0,33.0,28.0,36.0,26.0,34.0,29.0,22.0,21.0,5.0,3.0,5.0,1.0,0.0,1.0,0.0,67.0,56.0,44.0,31.0,33.0,34.0,34.0,0.0,99.81,99.81,,0.0,0.1,0.1,0.0,59.44,2.14,0.0,38.42,0.0,0.0,100.0,17.61,16.54,16.54,17.12,15.47,16.73,1.17,1.26,1.46,2.63,1.46,1.85,1.26,1.95,0.68,1.46,1.17,1.26,1026.0,1026.0,,0.0,1.0,1.0,0.0,611.0,22.0,0.0,395.0,0.0,0.0,1028.0,181.0,170.0,170.0,176.0,159.0,172.0,12.0,13.0,15.0,27.0,15.0,19.0,13.0,20.0,7.0,15.0,12.0,13.0,99.81,99.45,99.41,100.0,100.0,100.0,100.0,100.0,100.0,100.0,100.0,100.0,100.0,100.0,92.31,100.0,100.0,100.0,100.0,100.0
3506805,0.0,53.79,46.21,100.0,0.38,0.0,0.38,0.0,0.0,1.14,0.76,0.76,0.0,0.0,3.79,4.17,1.89,6.44,7.2,9.85,10.23,10.61,9.09,10.61,13.64,6.06,2.65,0.76,0.38,0.0,0.0,0.0,0.0,19.7,21.59,12.5,10.98,14.77,8.71,11.74,0.0,0.0,142.0,122.0,264.0,1.0,0.0,1.0,0.0,0.0,3.0,2.0,2.0,0.0,0.0,10.0,11.0,5.0,17.0,19.0,26.0,27.0,28.0,24.0,28.0,36.0,16.0,7.0,2.0,1.0,0.0,0.0,0.0,0.0,52.0,57.0,33.0,29.0,39.0,23.0,31.0,0.0,99.73,99.73,,0.0,0.13,0.13,0.0,69.31,1.21,0.0,29.21,0.27,0.0,100.0,15.61,14.27,14.94,20.19,17.63,17.36,1.35,0.81,1.62,1.35,1.35,0.67,1.88,0.94,0.94,0.81,1.75,2.15,741.0,741.0,,0.0,1.0,1.0,0.0,515.0,9.0,0.0,217.0,2.0,0.0,743.0,116.0,106.0,111.0,150.0,131.0,129.0,10.0,6.0,12.0,10.0,10.0,5.0,14.0,7.0,7.0,6.0,13.0,16.0,99.73,100.0,100.0,100.0,100.0,98.47,100.0,99.62,100.0,100.0,100.0,100.0,100.0,100.0,100.0,100.0,100.0,100.0,100.0,100.0
3506904,0.0,56.6,43.4,100.0,2.36,0.0,2.83,0.47,0.0,0.0,2.36,0.47,0.47,0.47,1.42,1.42,3.77,8.02,5.66,8.96,8.96,16.98,13.68,9.91,8.96,3.77,1.42,0.47,1.42,0.94,0.0,0.0,0.0,22.64,21.7,13.21,12.26,10.85,10.38,8.96,0.0,0.0,120.0,92.0,212.0,5.0,0.0,6.0,1.0,0.0,0.0,5.0,1.0,1.0,1.0,3.0,3.0,8.0,17.0,12.0,19.0,19.0,36.0,29.0,21.0,19.0,8.0,3.0,1.0,3.0,2.0,0.0,0.0,0.0,48.0,46.0,28.0,26.0,23.0,22.0,19.0,0.0,99.86,99.86,,0.0,0.14,0.0,0.0,68.08,3.39,0.0,28.39,0.14,0.0,100.0,13.7,15.82,13.84,21.61,16.81,18.22,0.42,1.98,1.55,1.41,0.99,1.13,1.27,0.99,1.13,0.85,1.13,0.85,707.0,707.0,,0.0,1.0,0.0,0.0,482.0,24.0,0.0,201.0,1.0,0.0,708.0,97.0,112.0,98.0,153.0,119.0,129.0,3.0,14.0,11.0,10.0,7.0,8.0,9.0,7.0,8.0,6.0,8.0,6.0,99.86,98.97,100.0,100.0,100.0,100.0,100.0,100.0,100.0,100.0,100.0,90.0,100.0,100.0,100.0,100.0,100.0,100.0,100.0,100.0
3507001,0.0,56.34,43.66,100.0,2.08,0.1,2.67,0.59,0.1,0.1,0.69,1.39,0.79,1.29,2.97,3.56,3.47,5.05,7.52,10.89,11.78,12.28,9.8,10.1,8.51,4.85,1.88,0.2,0.99,0.59,0.4,0.1,0.0,19.21,22.28,12.77,12.87,14.06,9.9,8.91,0.0,0.0,569.0,441.0,1010.0,21.0,1.0,27.0,6.0,1.0,1.0,7.0,14.0,8.0,13.0,30.0,36.0,35.0,51.0,76.0,110.0,119.0,124.0,99.0,102.0,86.0,49.0,19.0,2.0,10.0,6.0,4.0,1.0,0.0,194.0,225.0,129.0,130.0,142.0,100.0,90.0,0.0,99.54,99.54,,0.0,0.32,0.12,0.02,67.43,3.43,0.14,28.92,0.09,0.0,100.0,15.48,14.93,16.31,18.04,17.85,17.39,1.24,1.31,1.29,1.47,1.59,1.2,1.22,1.27,1.31,1.24,1.27,1.08,4327.0,4327.0,,0.0,14.0,5.0,1.0,2931.0,149.0,6.0,1257.0,4.0,0.0,4347.0,673.0,649.0,709.0,784.0,776.0,756.0,54.0,57.0,56.0,64.0,69.0,52.0,53.0,55.0,57.0,54.0,55.0,47.0,99.54,99.26,99.54,99.58,99.87,99.36,99.6,99.6,96.3,96.49,100.0,100.0,100.0,100.0,98.11,100.0,100.0,100.0,100.0,100.0
3507100,0.0,58.94,41.06,100.0,1.51,0.0,2.27,0.76,0.25,0.5,1.01,1.51,1.01,2.27,2.02,4.03,4.53,7.3,7.56,9.82,10.08,10.08,8.82,9.57,8.82,5.79,2.27,0.5,0.5,0.5,0.0,0.5,0.0,24.18,23.17,10.83,11.34,9.82,13.35,7.3,0.0,0.0,234.0,163.0,397.0,6.0,0.0,9.0,3.0,1.0,2.0,4.0,6.0,4.0,9.0,8.0,16.0,18.0,29.0,30.0,39.0,40.0,40.0,35.0,38.0,35.0,23.0,9.0,2.0,2.0,2.0,0.0,2.0,0.0,96.0,92.0,43.0,45.0,39.0,53.0,29.0,0.0,99.63,99.63,,0.0,0.24,0.12,0.0,62.94,3.61,0.49,32.97,0.0,0.0,100.0,16.02,13.21,16.76,18.23,18.9,16.88,1.53,1.35,1.1,1.53,1.16,0.86,1.53,1.65,1.04,1.47,1.35,1.47,1629.0,1629.0,,0.0,4.0,2.0,0.0,1029.0,59.0,8.0,539.0,0.0,0.0,1635.0,262.0,216.0,274.0,298.0,309.0,276.0,25.0,22.0,18.0,25.0,19.0,14.0,25.0,27.0,17.0,24.0,22.0,24.0,99.63,99.62,100.0,99.64,99.66,99.03,100.0,99.57,96.0,100.0,100.0,100.0,100.0,100.0,100.0,100.0,100.0,100.0,100.0,100.0
3507159,0.0,59.42,40.58,100.0,0.0,0.0,2.9,2.9,1.45,0.0,0.0,2.9,1.45,1.45,0.0,2.9,4.35,7.25,10.14,5.8,11.59,14.49,11.59,13.04,4.35,1.45,2.9,0.0,0.0,0.0,0.0,0.0,0.0,18.84,15.94,15.94,10.14,20.29,8.7,10.14,0.0,0.0,41.0,28.0,69.0,0.0,0.0,2.0,2.0,1.0,0.0,0.0,2.0,1.0,1.0,0.0,2.0,3.0,5.0,7.0,4.0,8.0,10.0,8.0,9.0,3.0,1.0,2.0,0.0,0.0,0.0,0.0,0.0,0.0,13.0,11.0,11.0,7.0,14.0,6.0,7.0,0.0,99.41,99.41,,0.0,0.3,0.3,0.0,73.0,3.86,0.3,22.85,0.0,0.0,100.0,15.13,14.84,18.69,18.69,14.54,18.1,1.19,2.67,1.19,2.08,0.89,1.19,0.89,0.59,0.59,1.78,0.59,1.48,335.0,335.0,,0.0,1.0,1.0,0.0,246.0,13.0,1.0,77.0,0.0,0.0,337.0,51.0,50.0,63.0,63.0,49.0,61.0,4.0,9.0,4.0,7.0,3.0,4.0,3.0,2.0,2.0,6.0,2.0,5.0,99.41,100.0,100.0,100.0,100.0,100.0,96.72,99.15,100.0,100.0,100.0,100.0,100.0,100.0,100.0,100.0,100.0,100.0,100.0,100.0
3507209,0.0,55.56,44.44,100.0,0.0,0.0,0.0,0.0,0.0,0.0,5.56,5.56,0.0,5.56,0.0,0.0,0.0,0.0,5.56,0.0,16.67,11.11,5.56,11.11,22.22,11.11,0.0,0.0,0.0,0.0,0.0,0.0,0.0,38.89,16.67,0.0,11.11,11.11,0.0,22.22,0.0,0.0,10.0,8.0,18.0,0.0,0.0,0.0,0.0,0.0,0.0,1.0,1.0,0.0,1.0,0.0,0.0,0.0,0.0,1.0,0.0,3.0,2.0,1.0,2.0,4.0,2.0,0.0,0.0,0.0,0.0,0.0,0.0,0.0,7.0,3.0,0.0,2.0,2.0,0.0,4.0,0.0,100.0,100.0,,0.0,0.0,0.0,0.0,61.04,2.6,0.0,36.36,0.0,0.0,100.0,12.99,15.58,23.38,14.29,16.88,16.88,1.3,1.3,0.0,1.3,1.3,0.0,0.0,0.0,1.3,0.0,2.6,3.9,77.0,77.0,,0.0,0.0,0.0,0.0,47.0,2.0,0.0,28.0,0.0,0.0,77.0,10.0,12.0,18.0,11.0,13.0,13.0,1.0,1.0,0.0,1.0,1.0,0.0,0.0,0.0,1.0,0.0,2.0,3.0,100.0,100.0,100.0,100.0,100.0,100.0,100.0,100.0,100.0,100.0,0.0,100.0,100.0,0.0,0.0,0.0,100.0,0.0,100.0,100.0
3507308,0.0,55.24,44.76,100.0,2.86,0.0,2.86,0.0,0.0,0.0,0.95,0.95,0.95,1.9,0.95,2.86,2.86,2.86,10.48,7.62,14.29,16.19,5.71,9.52,13.33,4.76,0.95,0.0,0.95,0.0,0.0,0.95,0.95,22.86,25.71,13.33,5.71,11.43,9.52,11.43,0.0,0.0,58.0,47.0,105.0,3.0,0.0,3.0,0.0,0.0,0.0,1.0,1.0,1.0,2.0,1.0,3.0,3.0,3.0,11.0,8.0,15.0,17.0,6.0,10.0,14.0,5.0,1.0,0.0,1.0,0.0,0.0,1.0,1.0,24.0,27.0,14.0,6.0,12.0,10.0,12.0,0.0,100.0,100.0,,0.0,0.0,0.0,0.0,64.92,4.45,0.0,30.63,0.0,0.0,100.0,16.75,15.97,13.61,20.16,15.71,17.8,1.57,1.57,0.79,1.83,2.36,0.52,1.05,1.31,1.05,1.05,1.83,1.83,382.0,382.0,,0.0,0.0,0.0,0.0,248.0,17.0,0.0,117.0,0.0,0.0,382.0,64.0,61.0,52.0,77.0,60.0,68.0,6.0,6.0,3.0,7.0,9.0,2.0,4.0,5.0,4.0,4.0,7.0,7.0,100.0,100.0,100.0,100.0,100.0,100.0,100.0,100.0,100.0,100.0,100.0,100.0,100.0,100.0,100.0,100.0,100.0,100.0,100.0,100.0
3507407,0.0,57.68,42.32,100.0,1.16,0.0,1.16,0.0,0.29,0.58,0.29,1.16,1.16,2.61,1.74,1.74,4.06,4.64,7.83,6.96,10.72,13.62,11.59,11.88,10.43,4.64,2.03,0.87,0.87,0.29,0.0,0.0,0.0,23.77,21.74,12.75,10.43,10.72,11.88,8.7,0.0,0.0,199.0,146.0,345.0,4.0,0.0,4.0,0.0,1.0,2.0,1.0,4.0,4.0,9.0,6.0,6.0,14.0,16.0,27.0,24.0,37.0,47.0,40.0,41.0,36.0,16.0,7.0,3.0,3.0,1.0,0.0,0.0,0.0,82.0,75.0,44.0,36.0,37.0,41.0,30.0,0.0,99.76,99.76,,0.0,0.12,0.12,0.0,73.3,1.55,0.0,25.15,0.0,0.0,100.0,14.54,16.09,16.57,16.09,18.0,18.71,0.83,0.6,1.43,1.07,1.91,1.43,1.55,0.83,0.95,0.95,1.19,1.79,837.0,837.0,,0.0,1.0,1.0,0.0,615.0,13.0,0.0,211.0,0.0,0.0,839.0,122.0,135.0,139.0,135.0,151.0,157.0,7.0,5.0,12.0,9.0,16.0,12.0,13.0,7.0,8.0,8.0,10.0,15.0,99.76,100.0,100.0,100.0,99.26,99.34,100.0,99.66,100.0,100.0,100.0,100.0,100.0,100.0,100.0,100.0,100.0,100.0,100.0,100.0
3507456,0.0,54.0,46.0,100.0,2.0,0.0,6.0,4.0,0.0,0.0,0.0,4.0,0.0,0.0,6.0,2.0,2.0,2.0,12.0,10.0,20.0,10.0,4.0,10.0,2.0,8.0,2.0,0.0,2.0,0.0,0.0,0.0,0.0,22.0,12.0,20.0,10.0,20.0,12.0,4.0,0.0,0.0,27.0,23.0,50.0,1.0,0.0,3.0,2.0,0.0,0.0,0.0,2.0,0.0,0.0,3.0,1.0,1.0,1.0,6.0,5.0,10.0,5.0,2.0,5.0,1.0,4.0,1.0,0.0,1.0,0.0,0.0,0.0,0.0,11.0,6.0,10.0,5.0,10.0,6.0,2.0,0.0,98.72,98.72,,0.0,1.28,0.0,0.0,65.81,0.85,0.0,33.33,0.0,0.0,100.0,12.82,15.81,14.53,15.81,16.67,24.36,2.14,0.0,1.28,1.28,1.28,0.0,0.85,2.14,0.85,0.43,1.71,0.85,231.0,231.0,,0.0,3.0,0.0,0.0,154.0,2.0,0.0,78.0,0.0,0.0,234.0,30.0,37.0,34.0,37.0,39.0,57.0,5.0,0.0,3.0,3.0,3.0,0.0,2.0,5.0,2.0,1.0,4.0,2.0,98.72,100.0,100.0,97.06,94.59,100.0,100.0,98.2,100.0,0.0,100.0,100.0,100.0,0.0,100.0,100.0,100.0,100.0,100.0,100.0
3507506,0.0,51.61,48.39,100.0,0.81,0.07,1.66,0.85,0.18,0.37,0.41,0.81,0.92,1.07,1.89,2.96,3.88,4.18,5.99,9.17,10.4,12.25,10.88,11.84,10.06,7.44,2.74,0.81,0.33,0.26,0.11,0.04,0.07,21.16,20.94,12.21,12.95,13.61,9.25,9.88,0.0,0.0,1395.0,1308.0,2703.0,22.0,2.0,45.0,23.0,5.0,10.0,11.0,22.0,25.0,29.0,51.0,80.0,105.0,113.0,162.0,248.0,281.0,331.0,294.0,320.0,272.0,201.0,74.0,22.0,9.0,7.0,3.0,1.0,2.0,572.0,566.0,330.0,350.0,368.0,250.0,267.0,0.0,99.64,99.64,,0.0,0.21,0.14,0.01,72.06,3.06,0.29,24.58,0.01,0.0,100.0,14.51,15.81,16.53,17.68,17.44,18.04,1.26,0.97,1.25,1.38,1.23,1.0,1.29,1.17,1.12,1.18,1.44,1.23,9486.0,9486.0,,0.0,20.0,13.0,1.0,6860.0,291.0,28.0,2340.0,1.0,0.0,9520.0,1381.0,1505.0,1574.0,1683.0,1660.0,1717.0,120.0,92.0,119.0,131.0,117.0,95.0,123.0,111.0,107.0,112.0,137.0,117.0,99.64,99.42,99.87,99.68,99.76,99.58,99.53,99.64,98.33,100.0,98.32,98.47,100.0,100.0,99.19,100.0,100.0,99.11,100.0,100.0
3507605,0.0,55.67,44.33,100.0,0.87,0.14,1.48,0.61,0.14,0.17,0.61,0.64,0.78,1.1,2.03,2.78,3.39,4.67,6.66,9.5,11.1,12.34,11.21,12.17,9.45,6.87,2.32,0.43,0.35,0.35,0.09,0.06,0.03,21.3,20.63,11.27,13.33,13.36,10.58,9.53,0.0,0.0,1921.0,1530.0,3451.0,30.0,5.0,51.0,21.0,5.0,6.0,21.0,22.0,27.0,38.0,70.0,96.0,117.0,161.0,230.0,328.0,383.0,426.0,387.0,420.0,326.0,237.0,80.0,15.0,12.0,12.0,3.0,2.0,1.0,735.0,712.0,389.0,460.0,461.0,365.0,329.0,0.0,99.57,99.57,,0.0,0.15,0.23,0.05,71.22,3.09,0.41,25.22,0.04,0.01,100.0,15.55,14.67,16.6,16.78,18.35,18.05,1.5,1.28,1.16,1.42,1.53,1.36,1.08,1.25,1.3,1.3,1.23,1.15,11587.0,11587.0,,0.0,17.0,27.0,6.0,8288.0,360.0,48.0,2935.0,5.0,1.0,11637.0,1810.0,1707.0,1932.0,1953.0,2135.0,2100.0,175.0,149.0,135.0,165.0,178.0,158.0,126.0,145.0,151.0,151.0,143.0,134.0,99.57,99.56,99.71,99.74,99.64,99.3,99.52,99.54,98.29,99.33,100.0,99.39,100.0,98.73,100.0,100.0,100.0,100.0,99.3,100.0
3507704,0.0,54.42,45.58,100.0,1.36,1.36,1.36,0.0,0.0,0.0,0.68,0.68,0.0,1.36,1.36,4.76,2.72,8.16,3.4,6.8,11.56,8.16,10.2,13.61,10.88,8.16,4.08,0.68,0.68,0.68,0.0,0.0,0.0,14.97,25.17,10.2,13.61,13.61,13.61,8.84,0.0,0.0,80.0,67.0,147.0,2.0,2.0,2.0,0.0,0.0,0.0,1.0,1.0,0.0,2.0,2.0,7.0,4.0,12.0,5.0,10.0,17.0,12.0,15.0,20.0,16.0,12.0,6.0,1.0,1.0,1.0,0.0,0.0,0.0,22.0,37.0,15.0,20.0,20.0,20.0,13.0,0.0,99.76,99.76,,0.0,0.24,0.0,0.0,59.28,0.48,0.0,36.14,4.1,0.0,100.0,15.9,15.9,15.9,16.63,21.69,13.98,0.72,1.45,1.45,1.69,1.93,1.2,0.96,0.96,1.45,0.48,2.41,1.2,414.0,414.0,,0.0,1.0,0.0,0.0,246.0,2.0,0.0,150.0,17.0,0.0,415.0,66.0,66.0,66.0,69.0,90.0,58.0,3.0,6.0,6.0,7.0,8.0,5.0,4.0,4.0,6.0,2.0,10.0,5.0,99.76,100.0,100.0,100.0,100.0,98.89,100.0,99.65,100.0,100.0,100.0,100.0,100.0,100.0,100.0,100.0,100.0,100.0,100.0,100.0
3507753,0.0,47.73,52.27,100.0,1.14,0.0,2.27,1.14,0.0,0.0,2.27,1.14,0.0,2.27,4.55,4.55,2.27,5.68,6.82,9.09,10.23,9.09,11.36,6.82,9.09,7.95,4.55,0.0,0.0,0.0,0.0,1.14,0.0,14.77,17.05,19.32,7.95,12.5,14.77,13.64,0.0,0.0,42.0,46.0,88.0,1.0,0.0,2.0,1.0,0.0,0.0,2.0,1.0,0.0,2.0,4.0,4.0,2.0,5.0,6.0,8.0,9.0,8.0,10.0,6.0,8.0,7.0,4.0,0.0,0.0,0.0,0.0,1.0,0.0,13.0,15.0,17.0,7.0,11.0,13.0,12.0,0.0,100.0,100.0,,0.0,0.0,0.0,0.0,55.63,2.65,1.32,40.4,0.0,0.0,100.0,14.57,11.92,18.54,18.54,23.18,13.25,3.31,0.0,0.66,1.32,0.0,0.66,1.32,1.32,1.32,0.0,1.32,3.31,151.0,151.0,,0.0,0.0,0.0,0.0,84.0,4.0,2.0,61.0,0.0,0.0,151.0,22.0,18.0,28.0,28.0,35.0,20.0,5.0,0.0,1.0,2.0,0.0,1.0,2.0,2.0,2.0,0.0,2.0,5.0,100.0,100.0,100.0,100.0,100.0,100.0,100.0,100.0,100.0,0.0,100.0,100.0,0.0,100.0,100.0,100.0,100.0,0.0,100.0,100.0
3507803,0.0,51.24,48.76,100.0,1.42,0.18,1.6,0.18,0.0,0.0,0.71,0.89,0.71,1.95,3.72,3.55,3.55,4.26,5.32,10.46,7.98,12.06,10.11,12.41,9.4,7.27,3.01,0.89,0.35,0.53,0.18,0.35,0.0,21.81,23.4,10.64,11.52,10.82,11.52,10.28,0.0,0.0,289.0,275.0,564.0,8.0,1.0,9.0,1.0,0.0,0.0,4.0,5.0,4.0,11.0,21.0,20.0,20.0,24.0,30.0,59.0,45.0,68.0,57.0,70.0,53.0,41.0,17.0,5.0,2.0,3.0,1.0,2.0,0.0,123.0,132.0,60.0,65.0,61.0,65.0,58.0,0.0,99.84,99.84,,0.0,0.11,0.05,0.0,71.67,1.9,0.11,26.32,0.0,0.0,100.0,15.82,15.55,16.48,17.67,17.02,17.46,0.92,0.98,1.58,1.31,1.25,1.52,1.14,1.79,1.9,1.09,1.2,1.14,1836.0,1836.0,,0.0,2.0,1.0,0.0,1318.0,35.0,2.0,484.0,0.0,0.0,1839.0,291.0,286.0,303.0,325.0,313.0,321.0,17.0,18.0,29.0,24.0,23.0,28.0,21.0,33.0,35.0,20.0,22.0,21.0,99.84,100.0,99.65,100.0,100.0,100.0,99.38,99.84,100.0,100.0,100.0,100.0,100.0,100.0,100.0,100.0,100.0,100.0,100.0,100.0
3507902,0.0,56.5,43.5,100.0,1.59,0.53,2.65,1.06,0.0,0.27,0.8,0.53,1.33,1.86,2.12,2.92,5.57,5.31,4.51,9.02,11.94,8.49,11.41,9.81,10.88,7.16,2.65,0.27,0.27,0.53,0.27,0.53,0.0,23.61,22.81,14.59,9.28,10.88,9.81,9.02,0.0,0.0,213.0,164.0,377.0,6.0,2.0,10.0,4.0,0.0,1.0,3.0,2.0,5.0,7.0,8.0,11.0,21.0,20.0,17.0,34.0,45.0,32.0,43.0,37.0,41.0,27.0,10.0,1.0,1.0,2.0,1.0,2.0,0.0,89.0,86.0,55.0,35.0,41.0,37.0,34.0,0.0,99.82,99.82,,0.0,0.06,0.06,0.06,67.89,3.49,0.06,28.5,0.0,0.06,100.0,13.21,16.09,18.29,17.49,17.98,16.94,0.67,0.98,1.22,1.28,1.16,1.47,1.65,0.8,1.04,0.49,1.35,1.1,1632.0,1632.0,,0.0,1.0,1.0,1.0,1110.0,57.0,1.0,466.0,0.0,1.0,1635.0,216.0,263.0,299.0,286.0,294.0,277.0,11.0,16.0,20.0,21.0,19.0,24.0,27.0,13.0,17.0,8.0,22.0,18.0,99.82,100.0,100.0,99.67,99.65,100.0,99.64,99.74,100.0,100.0,100.0,100.0,100.0,100.0,100.0,100.0,100.0,100.0,100.0,100.0
3508009,0.0,56.68,43.32,100.0,3.27,1.01,4.28,1.01,0.76,0.25,0.76,3.53,1.01,2.02,3.02,2.77,4.03,6.8,8.31,6.8,8.56,10.33,7.81,14.36,7.81,4.28,1.01,0.5,0.5,2.27,0.0,0.5,0.0,21.41,23.43,10.58,6.55,21.91,9.57,6.55,0.0,0.0,225.0,172.0,397.0,13.0,4.0,17.0,4.0,3.0,1.0,3.0,14.0,4.0,8.0,12.0,11.0,16.0,27.0,33.0,27.0,34.0,41.0,31.0,57.0,31.0,17.0,4.0,2.0,2.0,9.0,0.0,2.0,0.0,85.0,93.0,42.0,26.0,87.0,38.0,26.0,0.0,99.89,99.89,,0.0,0.11,0.0,0.0,71.25,1.12,0.0,27.62,0.0,0.0,100.0,16.0,14.71,16.62,17.86,18.08,16.73,1.35,1.4,1.29,1.4,1.01,1.18,1.35,1.18,1.68,1.35,1.74,1.07,1779.0,1779.0,,0.0,2.0,0.0,0.0,1269.0,20.0,0.0,492.0,0.0,0.0,1781.0,285.0,262.0,296.0,318.0,322.0,298.0,24.0,25.0,23.0,25.0,18.0,21.0,24.0,21.0,30.0,24.0,31.0,19.0,99.89,99.65,100.0,100.0,100.0,100.0,99.66,99.92,100.0,96.0,100.0,100.0,100.0,100.0,100.0,100.0,100.0,100.0,100.0,100.0
3508108,0.0,56.64,43.36,100.0,1.42,0.0,1.66,0.24,0.0,0.0,0.47,0.47,1.18,2.84,2.37,3.32,3.32,5.69,5.69,8.77,9.72,11.37,9.95,12.8,10.9,5.45,3.08,0.95,0.71,0.24,0.24,0.24,0.0,15.88,22.04,12.09,16.82,13.74,10.43,9.0,0.0,0.0,239.0,183.0,422.0,6.0,0.0,7.0,1.0,0.0,0.0,2.0,2.0,5.0,12.0,10.0,14.0,14.0,24.0,24.0,37.0,41.0,48.0,42.0,54.0,46.0,23.0,13.0,4.0,3.0,1.0,1.0,1.0,0.0,67.0,93.0,51.0,71.0,58.0,44.0,38.0,0.0,99.63,99.63,,0.0,0.28,0.09,0.0,68.09,2.32,0.19,29.41,0.0,0.0,100.0,15.21,14.66,17.9,15.21,18.09,18.92,1.21,1.67,1.3,1.21,1.48,1.58,1.21,1.86,0.93,1.39,0.83,0.56,1074.0,1074.0,,0.0,3.0,1.0,0.0,734.0,25.0,2.0,317.0,0.0,0.0,1078.0,164.0,158.0,193.0,164.0,195.0,204.0,13.0,18.0,14.0,13.0,16.0,17.0,13.0,20.0,10.0,15.0,9.0,6.0,99.63,98.78,99.37,100.0,100.0,99.49,100.0,99.87,92.31,100.0,100.0,100.0,93.75,100.0,100.0,100.0,100.0,100.0,100.0,100.0
3508207,0.0,61.4,38.6,100.0,1.75,0.0,2.63,0.88,0.0,0.0,0.88,0.88,3.51,2.63,0.88,3.51,0.88,2.63,3.51,10.53,13.16,10.53,12.28,12.28,8.77,7.02,1.75,1.75,0.88,0.88,0.0,0.0,0.0,20.18,18.42,14.91,12.28,16.67,9.65,7.89,0.0,0.0,70.0,44.0,114.0,2.0,0.0,3.0,1.0,0.0,0.0,1.0,1.0,4.0,3.0,1.0,4.0,1.0,3.0,4.0,12.0,15.0,12.0,14.0,14.0,10.0,8.0,2.0,2.0,1.0,1.0,0.0,0.0,0.0,23.0,21.0,17.0,14.0,19.0,11.0,9.0,0.0,100.0,100.0,,0.0,0.0,0.0,0.0,70.95,2.03,0.34,26.69,0.0,0.0,100.0,16.55,13.85,20.61,16.55,14.86,17.57,1.35,0.0,3.38,2.7,0.68,1.35,0.34,2.7,1.69,0.68,1.35,0.34,296.0,296.0,,0.0,0.0,0.0,0.0,210.0,6.0,1.0,79.0,0.0,0.0,296.0,49.0,41.0,61.0,49.0,44.0,52.0,4.0,0.0,10.0,8.0,2.0,4.0,1.0,8.0,5.0,2.0,4.0,1.0,100.0,100.0,100.0,100.0,100.0,100.0,100.0,100.0,100.0,0.0,100.0,100.0,100.0,100.0,100.0,100.0,100.0,100.0,100.0,100.0
3508306,0.0,49.14,50.86,100.0,0.86,0.0,0.86,0.0,0.0,0.0,0.86,0.0,2.59,3.45,2.59,3.45,9.48,4.31,8.62,2.59,10.34,14.66,8.62,8.62,12.93,4.31,1.72,0.0,0.86,0.0,0.0,0.0,0.0,22.41,17.24,10.34,19.83,9.48,10.34,10.34,0.0,0.0,57.0,59.0,116.0,1.0,0.0,1.0,0.0,0.0,0.0,1.0,0.0,3.0,4.0,3.0,4.0,11.0,5.0,10.0,3.0,12.0,17.0,10.0,10.0,15.0,5.0,2.0,0.0,1.0,0.0,0.0,0.0,0.0,26.0,20.0,12.0,23.0,11.0,12.0,12.0,0.0,100.0,100.0,,0.0,0.0,0.0,0.0,70.35,0.32,0.0,29.34,0.0,0.0,100.0,15.46,14.2,12.3,17.98,21.45,18.61,0.95,0.95,0.63,0.95,2.21,0.95,1.58,0.63,1.89,1.89,1.26,1.58,317.0,317.0,,0.0,0.0,0.0,0.0,223.0,1.0,0.0,93.0,0.0,0.0,317.0,49.0,45.0,39.0,57.0,68.0,59.0,3.0,3.0,2.0,3.0,7.0,3.0,5.0,2.0,6.0,6.0,4.0,5.0,100.0,100.0,100.0,100.0,100.0,100.0,100.0,100.0,100.0,100.0,100.0,100.0,100.0,100.0,100.0,100.0,100.0,100.0,100.0,100.0
3508405,0.0,59.91,40.09,100.0,2.19,0.0,2.88,0.69,0.23,0.46,1.04,1.15,1.73,1.96,3.11,3.92,4.03,6.45,6.11,9.68,11.29,11.06,10.71,10.37,6.68,3.92,2.3,0.92,0.81,1.04,0.35,0.0,0.0,21.2,18.55,13.71,13.13,12.67,9.33,11.41,0.0,0.0,520.0,348.0,868.0,19.0,0.0,25.0,6.0,2.0,4.0,9.0,10.0,15.0,17.0,27.0,34.0,35.0,56.0,53.0,84.0,98.0,96.0,93.0,90.0,58.0,34.0,20.0,8.0,7.0,9.0,3.0,0.0,0.0,184.0,161.0,119.0,114.0,110.0,81.0,99.0,0.0,99.84,99.84,,0.0,0.16,0.0,0.0,58.75,3.15,0.29,37.75,0.05,0.0,100.0,15.31,15.72,16.22,17.74,17.9,17.1,1.65,0.99,0.99,1.17,1.39,1.47,1.17,1.31,1.57,0.93,1.44,1.23,3742.0,3742.0,,0.0,6.0,0.0,0.0,2202.0,118.0,11.0,1415.0,2.0,0.0,3748.0,574.0,589.0,608.0,665.0,671.0,641.0,62.0,37.0,37.0,44.0,52.0,55.0,44.0,49.0,59.0,35.0,54.0,46.0,99.84,99.65,99.83,99.84,99.85,99.85,100.0,99.88,100.0,100.0,100.0,97.73,100.0,100.0,100.0,97.96,100.0,100.0,100.0,100.0
3508504,0.0,57.63,42.37,100.0,0.95,0.05,1.75,0.79,0.11,0.26,0.69,1.38,1.43,1.59,2.91,2.97,2.44,5.99,6.3,9.64,12.61,10.7,11.97,10.91,8.53,4.82,1.91,1.06,0.42,0.42,0.05,0.05,0.0,22.35,22.3,11.92,12.29,12.82,10.65,7.68,0.0,0.0,1088.0,800.0,1888.0,18.0,1.0,33.0,15.0,2.0,5.0,13.0,26.0,27.0,30.0,55.0,56.0,46.0,113.0,119.0,182.0,238.0,202.0,226.0,206.0,161.0,91.0,36.0,20.0,8.0,8.0,1.0,1.0,0.0,422.0,421.0,225.0,232.0,242.0,201.0,145.0,0.0,99.49,99.49,,0.0,0.25,0.2,0.06,68.37,3.1,0.3,28.2,0.01,0.01,100.0,14.8,14.96,16.95,17.95,18.6,16.75,1.1,0.91,1.45,1.24,1.13,1.23,1.3,1.45,1.39,1.08,1.26,1.26,6879.0,6879.0,,0.0,17.0,14.0,4.0,4727.0,214.0,21.0,1950.0,1.0,1.0,6914.0,1023.0,1034.0,1172.0,1241.0,1286.0,1158.0,76.0,63.0,100.0,86.0,78.0,85.0,90.0,100.0,96.0,75.0,87.0,87.0,99.49,99.22,99.42,99.66,99.6,99.3,99.74,99.57,96.05,100.0,100.0,100.0,98.72,97.65,100.0,100.0,98.96,100.0,98.85,100.0
3508603,0.0,55.89,44.11,100.0,0.85,0.0,0.99,0.14,0.14,0.14,1.28,1.84,2.13,2.84,2.7,3.12,2.98,6.81,7.52,9.36,8.79,10.92,9.36,12.2,9.79,3.83,2.98,0.28,0.43,0.43,0.0,0.0,0.0,20.71,20.85,10.64,13.76,15.04,9.08,9.93,0.0,0.0,394.0,311.0,705.0,6.0,0.0,7.0,1.0,1.0,1.0,9.0,13.0,15.0,20.0,19.0,22.0,21.0,48.0,53.0,66.0,62.0,77.0,66.0,86.0,69.0,27.0,21.0,2.0,3.0,3.0,0.0,0.0,0.0,146.0,147.0,75.0,97.0,106.0,64.0,70.0,0.0,99.65,99.65,,0.0,0.27,0.09,0.0,68.58,2.78,0.13,28.46,0.04,0.0,100.0,15.86,14.23,17.63,17.19,18.25,16.84,1.24,0.88,1.1,1.68,1.15,1.77,1.19,1.24,1.02,1.41,1.19,1.99,2255.0,2255.0,,0.0,6.0,2.0,0.0,1552.0,63.0,3.0,644.0,1.0,0.0,2263.0,359.0,322.0,399.0,389.0,413.0,381.0,28.0,20.0,25.0,38.0,26.0,40.0,27.0,28.0,23.0,32.0,27.0,45.0,99.65,99.16,99.38,100.0,99.74,99.76,99.74,99.81,100.0,100.0,100.0,97.37,96.15,97.5,100.0,100.0,100.0,100.0,100.0,100.0
3508702,0.0,53.95,46.05,100.0,0.54,0.0,0.54,0.0,0.0,0.27,0.82,0.82,1.36,0.82,2.18,1.63,2.45,3.54,6.54,8.17,9.81,11.72,14.71,13.62,11.44,7.9,1.09,0.54,0.27,0.27,0.0,0.0,0.0,24.8,18.8,11.72,12.26,10.9,11.44,10.08,0.0,0.0,198.0,169.0,367.0,2.0,0.0,2.0,0.0,0.0,1.0,3.0,3.0,5.0,3.0,8.0,6.0,9.0,13.0,24.0,30.0,36.0,43.0,54.0,50.0,42.0,29.0,4.0,2.0,1.0,1.0,0.0,0.0,0.0,91.0,69.0,43.0,45.0,40.0,42.0,37.0,0.0,99.41,99.41,,0.0,0.42,0.17,0.0,67.68,2.87,0.17,29.28,0.0,0.0,100.0,13.16,14.94,19.83,16.37,18.82,16.88,1.35,0.93,0.76,0.84,1.35,0.93,1.52,0.76,1.27,0.76,1.1,1.6,1178.0,1178.0,,0.0,5.0,2.0,0.0,802.0,34.0,2.0,347.0,0.0,0.0,1185.0,156.0,177.0,235.0,194.0,223.0,200.0,16.0,11.0,9.0,10.0,16.0,11.0,18.0,9.0,15.0,9.0,13.0,19.0,99.41,98.72,100.0,100.0,99.48,99.1,99.0,99.41,100.0,100.0,100.0,100.0,100.0,100.0,94.44,100.0,93.33,100.0,100.0,100.0
3508801,0.0,57.36,42.64,100.0,0.64,0.21,0.64,0.0,0.21,0.0,0.85,0.64,0.85,0.21,1.49,1.71,4.9,6.4,6.61,10.02,12.58,10.45,12.15,10.87,12.15,4.9,1.92,0.21,0.21,0.43,0.0,0.0,0.0,22.39,22.17,13.01,12.79,11.51,10.23,7.89,0.0,0.0,269.0,200.0,469.0,3.0,1.0,3.0,0.0,1.0,0.0,4.0,3.0,4.0,1.0,7.0,8.0,23.0,30.0,31.0,47.0,59.0,49.0,57.0,51.0,57.0,23.0,9.0,1.0,1.0,2.0,0.0,0.0,0.0,105.0,104.0,61.0,60.0,54.0,48.0,37.0,0.0,99.66,99.66,,0.0,0.17,0.17,0.0,63.3,3.28,0.67,32.74,0.0,0.0,100.0,15.07,15.82,15.74,19.44,16.67,17.26,0.84,1.26,0.42,1.52,1.6,1.43,1.68,1.35,1.52,1.09,1.18,1.18,1184.0,1184.0,,0.0,2.0,2.0,0.0,752.0,39.0,8.0,389.0,0.0,0.0,1188.0,179.0,188.0,187.0,231.0,198.0,205.0,10.0,15.0,5.0,18.0,19.0,17.0,20.0,16.0,18.0,13.0,14.0,14.0,99.66,100.0,99.47,99.47,100.0,98.99,100.0,99.63,100.0,100.0,100.0,100.0,100.0,100.0,100.0,100.0,100.0,100.0,100.0,100.0
3508900,0.0,60.55,39.45,100.0,0.92,0.0,0.92,0.0,0.0,0.0,0.0,0.0,0.92,0.0,0.92,1.83,1.83,3.67,7.34,11.93,7.34,11.01,8.26,15.6,15.6,9.17,1.83,1.83,0.0,0.0,0.92,0.0,0.0,21.1,20.18,11.93,12.84,12.84,11.93,9.17,0.0,0.0,66.0,43.0,109.0,1.0,0.0,1.0,0.0,0.0,0.0,0.0,0.0,1.0,0.0,1.0,2.0,2.0,4.0,8.0,13.0,8.0,12.0,9.0,17.0,17.0,10.0,2.0,2.0,0.0,0.0,1.0,0.0,0.0,23.0,22.0,13.0,14.0,14.0,13.0,10.0,0.0,100.0,100.0,,0.0,0.0,0.0,0.0,60.53,1.32,0.88,37.28,0.0,0.0,100.0,16.23,18.42,16.67,14.04,20.18,14.47,0.44,0.44,1.32,2.19,1.32,2.19,1.32,1.32,2.19,2.19,1.32,0.0,228.0,228.0,,0.0,0.0,0.0,0.0,138.0,3.0,2.0,85.0,0.0,0.0,228.0,37.0,42.0,38.0,32.0,46.0,33.0,1.0,1.0,3.0,5.0,3.0,5.0,3.0,3.0,5.0,5.0,3.0,0.0,100.0,100.0,100.0,100.0,100.0,100.0,100.0,100.0,100.0,100.0,100.0,100.0,100.0,100.0,100.0,100.0,100.0,100.0,100.0,0.0
3509007,0.0,55.71,44.29,100.0,0.93,0.11,1.53,0.6,0.11,0.11,0.71,1.48,1.48,1.26,2.73,3.55,4.98,5.52,8.8,10.17,11.54,14.0,9.73,9.24,7.38,3.94,1.48,0.16,0.6,0.16,0.05,0.11,0.0,20.01,21.98,10.72,14.87,12.58,10.01,9.84,0.0,0.0,1019.0,810.0,1829.0,17.0,2.0,28.0,11.0,2.0,2.0,13.0,27.0,27.0,23.0,50.0,65.0,91.0,101.0,161.0,186.0,211.0,256.0,178.0,169.0,135.0,72.0,27.0,3.0,11.0,3.0,1.0,2.0,0.0,366.0,402.0,196.0,272.0,230.0,183.0,180.0,0.0,99.41,99.41,,0.0,0.37,0.21,0.01,58.61,6.21,0.1,35.03,0.04,0.0,100.0,15.34,15.24,16.41,17.8,16.9,18.3,1.25,1.17,1.26,1.25,1.46,1.14,1.28,1.41,1.37,1.28,1.35,1.12,6686.0,6686.0,,0.0,25.0,14.0,1.0,3942.0,418.0,7.0,2356.0,3.0,0.0,6726.0,1032.0,1025.0,1104.0,1197.0,1137.0,1231.0,84.0,79.0,85.0,84.0,98.0,77.0,86.0,95.0,92.0,86.0,91.0,75.0,99.41,98.93,99.32,99.37,99.83,99.47,99.43,99.53,92.86,100.0,98.82,100.0,100.0,98.7,97.67,98.95,100.0,100.0,100.0,100.0
3509106,0.0,63.55,36.45,100.0,0.0,0.0,0.93,0.93,0.0,0.0,0.0,1.87,0.93,0.93,1.87,3.74,0.0,8.41,8.41,5.61,9.35,15.89,13.08,14.02,8.41,4.67,1.87,0.0,0.0,0.0,0.0,0.0,0.0,16.82,26.17,6.54,15.89,12.15,11.21,11.21,0.0,0.0,68.0,39.0,107.0,0.0,0.0,1.0,1.0,0.0,0.0,0.0,2.0,1.0,1.0,2.0,4.0,0.0,9.0,9.0,6.0,10.0,17.0,14.0,15.0,9.0,5.0,2.0,0.0,0.0,0.0,0.0,0.0,0.0,18.0,28.0,7.0,17.0,13.0,12.0,12.0,0.0,100.0,100.0,,0.0,0.0,0.0,0.0,54.02,2.3,0.0,43.68,0.0,0.0,100.0,12.26,16.86,13.41,18.39,21.07,18.01,1.53,1.15,0.77,1.15,0.38,1.15,1.15,0.38,1.15,1.15,1.15,1.15,261.0,261.0,,0.0,0.0,0.0,0.0,141.0,6.0,0.0,114.0,0.0,0.0,261.0,32.0,44.0,35.0,48.0,55.0,47.0,4.0,3.0,2.0,3.0,1.0,3.0,3.0,1.0,3.0,3.0,3.0,3.0,100.0,100.0,100.0,100.0,100.0,100.0,100.0,100.0,100.0,100.0,100.0,100.0,100.0,100.0,100.0,100.0,100.0,100.0,100.0,100.0
3509205,0.0,57.59,42.41,100.0,1.93,0.08,2.55,0.62,0.15,0.08,1.7,2.63,2.63,2.24,3.02,3.64,4.57,5.88,7.97,11.69,10.76,9.83,8.44,9.52,6.11,4.41,1.32,0.77,0.39,1.16,0.31,0.08,0.0,20.51,21.13,12.31,13.0,13.24,10.06,9.75,0.0,0.0,744.0,548.0,1292.0,25.0,1.0,33.0,8.0,2.0,1.0,22.0,34.0,34.0,29.0,39.0,47.0,59.0,76.0,103.0,151.0,139.0,127.0,109.0,123.0,79.0,57.0,17.0,10.0,5.0,15.0,4.0,1.0,0.0,265.0,273.0,159.0,168.0,171.0,130.0,126.0,0.0,99.78,99.78,,0.0,0.11,0.08,0.04,56.52,5.1,0.17,38.19,0.03,0.0,100.0,15.4,15.9,16.54,17.21,18.08,16.87,1.05,1.24,1.24,1.51,1.29,1.37,1.28,1.28,1.33,1.45,1.33,1.05,7588.0,7588.0,,0.0,8.0,6.0,3.0,4298.0,388.0,13.0,2904.0,2.0,0.0,7605.0,1171.0,1209.0,1258.0,1309.0,1375.0,1283.0,80.0,94.0,94.0,115.0,98.0,104.0,97.0,97.0,101.0,110.0,101.0,80.0,99.78,99.74,99.92,99.76,99.77,99.71,99.77,99.75,100.0,100.0,98.94,100.0,100.0,100.0,100.0,100.0,99.01,99.09,100.0,100.0
3509254,0.0,54.87,45.13,100.0,0.88,0.35,1.95,1.06,0.0,0.53,1.06,1.59,1.42,1.06,2.83,3.01,1.95,5.49,7.26,9.38,11.68,11.33,8.5,12.74,8.85,5.31,3.01,0.71,0.35,0.35,0.18,0.0,0.0,18.41,22.12,12.92,14.87,12.04,10.09,9.56,0.0,0.0,310.0,255.0,565.0,5.0,2.0,11.0,6.0,0.0,3.0,6.0,9.0,8.0,6.0,16.0,17.0,11.0,31.0,41.0,53.0,66.0,64.0,48.0,72.0,50.0,30.0,17.0,4.0,2.0,2.0,1.0,0.0,0.0,104.0,125.0,73.0,84.0,68.0,57.0,54.0,0.0,99.79,99.79,,0.0,0.13,0.08,0.0,56.55,1.1,0.3,42.01,0.04,0.0,100.0,16.83,14.62,15.98,17.04,18.4,17.13,1.36,1.23,1.31,1.95,1.7,1.1,1.44,1.4,1.31,1.1,1.57,1.36,2354.0,2354.0,,0.0,3.0,2.0,0.0,1334.0,26.0,7.0,991.0,1.0,0.0,2359.0,397.0,345.0,377.0,402.0,434.0,404.0,32.0,29.0,31.0,46.0,40.0,26.0,34.0,33.0,31.0,26.0,37.0,32.0,99.79,98.99,100.0,100.0,99.75,100.0,100.0,99.94,100.0,93.1,100.0,100.0,100.0,100.0,100.0,100.0,100.0,100.0,100.0,93.75
3509304,0.0,58.37,41.63,100.0,1.22,0.0,1.63,0.41,0.0,0.82,0.41,0.82,2.45,0.0,2.04,1.22,6.12,4.49,4.9,7.76,10.2,11.02,13.06,12.65,10.61,6.12,2.86,0.82,0.41,0.82,0.0,0.0,0.0,21.22,20.41,13.47,13.88,10.61,13.06,7.35,0.0,0.0,143.0,102.0,245.0,3.0,0.0,4.0,1.0,0.0,2.0,1.0,2.0,6.0,0.0,5.0,3.0,15.0,11.0,12.0,19.0,25.0,27.0,32.0,31.0,26.0,15.0,7.0,2.0,1.0,2.0,0.0,0.0,0.0,52.0,50.0,33.0,34.0,26.0,32.0,18.0,0.0,99.82,99.82,,0.0,0.18,0.0,0.0,69.4,2.67,0.0,27.94,0.0,0.0,100.0,16.55,17.79,17.26,16.9,15.48,16.01,0.71,1.42,0.89,1.42,1.6,2.14,1.78,1.07,1.42,0.71,1.96,1.42,561.0,561.0,,0.0,1.0,0.0,0.0,390.0,15.0,0.0,157.0,0.0,0.0,562.0,93.0,100.0,97.0,95.0,87.0,90.0,4.0,8.0,5.0,8.0,9.0,12.0,10.0,6.0,8.0,4.0,11.0,8.0,99.82,100.0,99.0,100.0,100.0,100.0,100.0,100.0,100.0,100.0,100.0,100.0,100.0,100.0,100.0,100.0,100.0,100.0,100.0,100.0
3509403,0.18,55.6,44.22,100.0,1.83,0.0,2.2,0.37,0.18,0.0,0.37,0.73,1.47,2.39,1.65,2.75,3.49,4.95,6.06,8.81,9.72,6.79,13.03,15.05,11.01,6.61,1.65,1.1,0.73,0.18,0.55,0.37,0.0,21.83,20.18,10.46,12.66,14.5,12.11,8.07,0.18,1.0,303.0,241.0,545.0,10.0,0.0,12.0,2.0,1.0,0.0,2.0,4.0,8.0,13.0,9.0,15.0,19.0,27.0,33.0,48.0,53.0,37.0,71.0,82.0,60.0,36.0,9.0,6.0,4.0,1.0,3.0,2.0,0.0,119.0,110.0,57.0,69.0,79.0,66.0,44.0,1.0,99.76,99.76,,0.0,0.12,0.12,0.0,68.58,1.61,0.0,29.81,0.0,0.0,100.0,17.32,14.58,16.37,17.14,16.79,17.8,1.43,1.73,1.55,1.55,1.67,1.49,1.55,1.14,1.55,1.19,1.02,1.43,1670.0,1670.0,,0.0,2.0,2.0,0.0,1148.0,27.0,0.0,499.0,0.0,0.0,1674.0,290.0,244.0,274.0,287.0,281.0,298.0,24.0,29.0,26.0,26.0,28.0,25.0,26.0,19.0,26.0,20.0,17.0,24.0,99.76,99.66,100.0,100.0,100.0,99.64,99.33,99.74,100.0,100.0,100.0,100.0,100.0,100.0,100.0,100.0,96.15,100.0,100.0,100.0
3509452,0.0,62.59,37.41,100.0,2.16,0.0,2.16,0.0,0.72,0.72,0.0,1.44,0.72,2.16,2.88,3.6,3.6,7.91,6.47,12.23,10.79,12.23,6.47,7.19,10.07,5.76,2.88,0.0,0.72,1.44,0.0,0.0,0.0,28.06,23.02,12.23,9.35,15.83,5.76,5.76,0.0,0.0,87.0,52.0,139.0,3.0,0.0,3.0,0.0,1.0,1.0,0.0,2.0,1.0,3.0,4.0,5.0,5.0,11.0,9.0,17.0,15.0,17.0,9.0,10.0,14.0,8.0,4.0,0.0,1.0,2.0,0.0,0.0,0.0,39.0,32.0,17.0,13.0,22.0,8.0,8.0,0.0,99.56,99.56,,0.0,0.44,0.0,0.0,74.89,1.09,0.0,24.02,0.0,0.0,100.0,16.16,15.07,16.38,19.0,17.47,15.94,1.97,1.97,1.09,2.18,1.75,0.66,1.75,1.09,0.66,0.44,1.31,1.31,456.0,456.0,,0.0,2.0,0.0,0.0,343.0,5.0,0.0,110.0,0.0,0.0,458.0,74.0,69.0,75.0,87.0,80.0,73.0,9.0,9.0,5.0,10.0,8.0,3.0,8.0,5.0,3.0,2.0,6.0,6.0,99.56,98.65,100.0,98.67,100.0,100.0,100.0,99.68,100.0,100.0,100.0,100.0,100.0,100.0,100.0,100.0,100.0,100.0,83.33,100.0
3509502,0.0,54.58,45.42,100.0,0.9,0.06,1.21,0.3,0.18,0.17,0.6,1.08,1.24,1.5,2.07,2.89,3.65,5.21,6.77,9.19,9.84,11.43,10.9,11.71,10.07,6.83,2.66,0.75,0.33,0.32,0.09,0.15,0.0,20.01,20.68,11.87,14.17,13.63,10.29,9.35,0.01,0.0,12014.0,9998.0,22012.0,199.0,13.0,266.0,67.0,39.0,38.0,131.0,237.0,273.0,330.0,455.0,636.0,804.0,1146.0,1491.0,2023.0,2165.0,2516.0,2400.0,2578.0,2216.0,1504.0,586.0,165.0,73.0,71.0,20.0,34.0,1.0,4404.0,4552.0,2612.0,3119.0,3001.0,2264.0,2058.0,2.0,99.6,99.6,,0.0,0.18,0.18,0.03,59.06,6.6,0.48,33.81,0.05,0.0,100.0,15.13,14.75,16.57,17.85,18.01,17.69,1.13,1.26,1.34,1.3,1.36,1.17,1.39,1.22,1.33,1.2,1.24,1.19,71780.0,71780.0,,0.0,133.0,129.0,25.0,42562.0,4757.0,349.0,24365.0,34.0,0.0,72067.0,10905.0,10629.0,11943.0,12861.0,12979.0,12750.0,815.0,906.0,964.0,938.0,983.0,843.0,1004.0,879.0,961.0,867.0,891.0,854.0,99.6,99.59,99.58,99.55,99.64,99.62,99.62,99.61,99.02,99.12,99.38,99.89,99.59,99.53,99.4,99.89,99.69,99.54,100.0,100.0
3509601,0.0,55.64,44.36,100.0,1.12,0.19,1.61,0.5,0.31,0.56,0.56,1.05,1.67,1.55,3.04,3.22,4.34,6.07,7.31,12.02,10.66,11.71,9.85,10.29,7.43,4.09,1.98,0.5,0.37,0.25,0.19,0.25,0.06,20.57,22.43,13.01,12.64,12.27,9.67,9.42,0.0,0.0,898.0,716.0,1614.0,18.0,3.0,26.0,8.0,5.0,9.0,9.0,17.0,27.0,25.0,49.0,52.0,70.0,98.0,118.0,194.0,172.0,189.0,159.0,166.0,120.0,66.0,32.0,8.0,6.0,4.0,3.0,4.0,1.0,332.0,362.0,210.0,204.0,198.0,156.0,152.0,0.0,99.57,99.57,,0.0,0.16,0.24,0.04,61.29,4.52,0.14,33.95,0.07,0.02,100.0,14.74,14.46,16.98,17.07,17.88,18.88,1.19,1.21,1.39,1.46,1.27,0.83,1.36,1.37,1.28,0.94,1.43,0.99,5507.0,5507.0,,0.0,9.0,13.0,2.0,3390.0,250.0,8.0,1878.0,4.0,1.0,5531.0,815.0,800.0,939.0,944.0,989.0,1044.0,66.0,67.0,77.0,81.0,70.0,46.0,75.0,76.0,71.0,52.0,79.0,55.0,99.57,99.75,99.38,99.68,99.47,99.8,99.33,99.57,100.0,100.0,98.7,100.0,100.0,100.0,100.0,100.0,98.59,100.0,100.0,100.0
3509700,0.0,57.74,42.26,100.0,1.04,0.1,1.04,0.0,0.31,0.1,0.93,2.08,1.87,1.66,2.6,4.67,4.05,6.65,9.35,9.87,10.8,11.94,9.97,8.83,6.65,4.67,1.87,0.0,0.42,0.31,0.21,0.0,0.1,20.98,18.17,14.95,11.94,12.77,11.01,10.18,0.0,0.0,556.0,407.0,963.0,10.0,1.0,10.0,0.0,3.0,1.0,9.0,20.0,18.0,16.0,25.0,45.0,39.0,64.0,90.0,95.0,104.0,115.0,96.0,85.0,64.0,45.0,18.0,0.0,4.0,3.0,2.0,0.0,1.0,202.0,175.0,144.0,115.0,123.0,106.0,98.0,0.0,99.89,99.89,,0.0,0.06,0.06,0.0,75.52,1.69,0.26,22.53,0.0,0.0,100.0,14.4,14.49,17.5,16.84,17.56,19.2,1.38,1.41,1.15,1.32,1.15,1.29,1.35,0.66,1.32,0.89,0.98,1.52,3481.0,3481.0,,0.0,2.0,2.0,0.0,2632.0,59.0,9.0,785.0,0.0,0.0,3485.0,502.0,505.0,610.0,587.0,612.0,669.0,48.0,49.0,40.0,46.0,40.0,45.0,47.0,23.0,46.0,31.0,34.0,53.0,99.89,99.8,99.8,100.0,99.83,99.84,100.0,99.92,97.92,100.0,100.0,100.0,100.0,100.0,100.0,100.0,100.0,100.0,100.0,100.0
3509809,0.0,56.35,43.65,100.0,0.0,0.0,0.79,0.79,0.0,0.0,0.79,3.17,0.79,0.79,2.38,3.17,5.56,10.32,8.73,7.94,7.94,11.9,11.11,9.52,5.56,3.97,4.76,0.79,0.0,0.0,0.0,0.0,0.0,20.63,21.43,10.32,9.52,15.08,13.49,9.52,0.0,0.0,71.0,55.0,126.0,0.0,0.0,1.0,1.0,0.0,0.0,1.0,4.0,1.0,1.0,3.0,4.0,7.0,13.0,11.0,10.0,10.0,15.0,14.0,12.0,7.0,5.0,6.0,1.0,0.0,0.0,0.0,0.0,0.0,26.0,27.0,13.0,12.0,19.0,17.0,12.0,0.0,99.5,99.5,,0.0,0.25,0.0,0.25,67.51,2.02,0.5,29.97,0.0,0.0,100.0,14.11,15.37,15.11,19.4,19.9,16.12,1.26,1.01,1.01,1.76,1.01,0.76,1.26,2.02,1.51,1.26,1.01,0.25,395.0,395.0,,0.0,1.0,0.0,1.0,268.0,8.0,2.0,119.0,0.0,0.0,397.0,56.0,61.0,60.0,77.0,79.0,64.0,5.0,4.0,4.0,7.0,4.0,3.0,5.0,8.0,6.0,5.0,4.0,1.0,99.5,100.0,100.0,100.0,100.0,97.47,100.0,99.29,100.0,100.0,100.0,100.0,100.0,100.0,100.0,100.0,100.0,100.0,100.0,100.0
3509908,0.0,53.36,46.64,100.0,0.4,0.4,0.79,0.4,0.79,1.19,0.4,0.4,0.4,1.19,1.98,0.4,2.77,5.53,5.93,10.67,9.49,11.86,15.42,13.83,7.51,5.93,1.98,1.19,0.0,0.0,0.0,0.4,0.0,19.37,21.34,13.44,14.62,11.07,10.28,9.88,0.0,0.0,135.0,118.0,253.0,1.0,1.0,2.0,1.0,2.0,3.0,1.0,1.0,1.0,3.0,5.0,1.0,7.0,14.0,15.0,27.0,24.0,30.0,39.0,35.0,19.0,15.0,5.0,3.0,0.0,0.0,0.0,1.0,0.0,49.0,54.0,34.0,37.0,28.0,26.0,25.0,0.0,99.66,99.66,,0.0,0.34,0.0,0.0,61.45,2.79,0.45,32.51,2.79,0.0,100.0,12.96,16.42,17.43,17.65,18.88,16.65,0.56,1.56,1.34,0.89,1.79,1.23,0.34,1.01,1.34,0.56,1.12,1.23,892.0,892.0,,0.0,3.0,0.0,0.0,550.0,25.0,4.0,291.0,25.0,0.0,895.0,116.0,147.0,156.0,158.0,169.0,149.0,5.0,14.0,12.0,8.0,16.0,11.0,3.0,9.0,12.0,5.0,10.0,11.0,99.66,100.0,99.32,99.36,100.0,99.41,100.0,99.68,100.0,100.0,100.0,100.0,100.0,100.0,100.0,100.0,100.0,100.0,100.0,100.0
3509957,0.0,53.06,46.94,100.0,4.08,0.0,4.08,0.0,0.0,0.0,2.04,5.1,2.04,4.08,2.04,1.02,2.04,5.1,3.06,10.2,14.29,7.14,9.18,8.16,8.16,7.14,5.1,0.0,2.04,0.0,1.02,1.02,0.0,28.57,18.37,15.31,11.22,13.27,5.1,8.16,0.0,0.0,52.0,46.0,98.0,4.0,0.0,4.0,0.0,0.0,0.0,2.0,5.0,2.0,4.0,2.0,1.0,2.0,5.0,3.0,10.0,14.0,7.0,9.0,8.0,8.0,7.0,5.0,0.0,2.0,0.0,1.0,1.0,0.0,28.0,18.0,15.0,11.0,13.0,5.0,8.0,0.0,99.06,99.06,,0.0,0.23,0.7,0.0,59.72,1.87,0.0,38.41,0.0,0.0,100.0,13.58,17.33,16.39,16.16,18.27,18.27,1.17,0.94,0.94,0.47,1.87,0.94,1.17,0.94,1.17,1.41,0.7,1.87,423.0,423.0,,0.0,1.0,3.0,0.0,255.0,8.0,0.0,164.0,0.0,0.0,427.0,58.0,74.0,70.0,69.0,78.0,78.0,5.0,4.0,4.0,2.0,8.0,4.0,5.0,4.0,5.0,6.0,3.0,8.0,99.06,96.55,97.3,100.0,100.0,100.0,100.0,100.0,100.0,100.0,100.0,100.0,100.0,100.0,100.0,100.0,100.0,100.0,100.0,75.0
3510005,0.0,56.7,43.3,100.0,0.77,0.0,1.53,0.77,0.26,0.77,0.38,0.51,1.02,2.3,1.66,1.92,3.32,5.75,8.68,10.22,10.86,11.88,10.09,10.73,9.83,6.26,1.53,0.51,0.38,0.13,0.0,0.26,0.0,21.07,26.56,10.6,12.13,13.15,8.05,8.43,0.0,0.0,444.0,339.0,783.0,6.0,0.0,12.0,6.0,2.0,6.0,3.0,4.0,8.0,18.0,13.0,15.0,26.0,45.0,68.0,80.0,85.0,93.0,79.0,84.0,77.0,49.0,12.0,4.0,3.0,1.0,0.0,2.0,0.0,165.0,208.0,83.0,95.0,103.0,63.0,66.0,0.0,99.75,99.75,,0.0,0.15,0.1,0.0,76.02,1.52,0.2,22.21,0.05,0.0,100.0,15.09,15.4,16.67,17.23,17.84,17.78,0.97,1.32,1.02,1.58,1.27,1.17,1.37,1.52,1.58,0.86,1.63,0.81,1963.0,1963.0,,0.0,3.0,2.0,0.0,1496.0,30.0,4.0,437.0,1.0,0.0,1968.0,297.0,303.0,328.0,339.0,351.0,350.0,19.0,26.0,20.0,31.0,25.0,23.0,27.0,30.0,31.0,17.0,32.0,16.0,99.75,99.33,99.67,99.7,99.71,100.0,100.0,99.85,94.74,100.0,100.0,100.0,100.0,95.65,100.0,100.0,100.0,100.0,100.0,100.0
3510104,0.0,56.32,43.68,100.0,2.3,0.0,2.3,0.0,1.15,0.0,0.0,0.0,0.0,1.15,2.3,2.3,2.3,3.45,8.05,6.9,8.05,13.79,16.09,13.79,9.2,8.05,1.15,0.0,1.15,0.0,0.0,1.15,0.0,21.84,12.64,10.34,19.54,16.09,8.05,11.49,0.0,0.0,49.0,38.0,87.0,2.0,0.0,2.0,0.0,1.0,0.0,0.0,0.0,0.0,1.0,2.0,2.0,2.0,3.0,7.0,6.0,7.0,12.0,14.0,12.0,8.0,7.0,1.0,0.0,1.0,0.0,0.0,1.0,0.0,19.0,11.0,9.0,17.0,14.0,7.0,10.0,0.0,100.0,100.0,,0.0,0.0,0.0,0.0,69.68,3.23,0.0,27.1,0.0,0.0,100.0,13.55,15.48,16.13,18.06,23.23,13.55,0.0,1.29,1.29,1.94,1.94,1.29,0.0,0.65,0.0,1.94,1.29,1.94,155.0,155.0,,0.0,0.0,0.0,0.0,108.0,5.0,0.0,42.0,0.0,0.0,155.0,21.0,24.0,25.0,28.0,36.0,21.0,0.0,2.0,2.0,3.0,3.0,2.0,0.0,1.0,0.0,3.0,2.0,3.0,100.0,100.0,100.0,100.0,100.0,100.0,100.0,100.0,0.0,100.0,100.0,100.0,100.0,100.0,0.0,100.0,0.0,100.0,100.0,100.0
3510153,0.0,59.06,40.94,100.0,2.01,0.67,2.68,0.67,0.0,0.67,2.01,1.34,2.68,3.36,3.36,4.7,3.36,6.04,4.03,8.72,14.09,12.75,10.07,5.37,10.74,2.68,0.67,0.0,0.0,1.34,0.0,0.67,0.0,18.12,36.91,6.71,10.74,14.09,8.72,4.7,0.0,0.0,88.0,61.0,149.0,3.0,1.0,4.0,1.0,0.0,1.0,3.0,2.0,4.0,5.0,5.0,7.0,5.0,9.0,6.0,13.0,21.0,19.0,15.0,8.0,16.0,4.0,1.0,0.0,0.0,2.0,0.0,1.0,0.0,27.0,55.0,10.0,16.0,21.0,13.0,7.0,0.0,100.0,100.0,,0.0,0.0,0.0,0.0,60.68,3.93,0.34,35.04,0.0,0.0,100.0,16.41,18.97,15.9,16.92,15.73,16.07,1.71,1.37,2.22,1.37,1.2,0.68,1.03,1.2,1.88,1.03,1.37,1.37,585.0,585.0,,0.0,0.0,0.0,0.0,355.0,23.0,2.0,205.0,0.0,0.0,585.0,96.0,111.0,93.0,99.0,92.0,94.0,10.0,8.0,13.0,8.0,7.0,4.0,6.0,7.0,11.0,6.0,8.0,8.0,100.0,100.0,100.0,100.0,100.0,100.0,100.0,100.0,100.0,100.0,100.0,100.0,100.0,100.0,100.0,100.0,100.0,100.0,100.0,100.0
3510203,0.0,58.18,41.82,100.0,1.35,0.08,2.11,0.76,0.25,0.25,0.67,2.02,1.35,1.6,3.04,4.13,4.13,6.32,6.91,10.03,10.2,11.13,11.55,10.03,7.76,4.38,1.6,0.42,1.01,0.17,0.17,0.0,0.0,19.06,24.54,13.41,11.64,12.31,9.87,9.19,0.0,0.0,690.0,496.0,1186.0,16.0,1.0,25.0,9.0,3.0,3.0,8.0,24.0,16.0,19.0,36.0,49.0,49.0,75.0,82.0,119.0,121.0,132.0,137.0,119.0,92.0,52.0,19.0,5.0,12.0,2.0,2.0,0.0,0.0,226.0,291.0,159.0,138.0,146.0,117.0,109.0,0.0,99.57,99.57,,0.0,0.2,0.17,0.06,75.9,1.1,0.92,22.02,0.06,0.0,100.0,15.56,16.19,15.7,17.6,16.59,18.35,1.21,1.15,1.27,1.07,1.21,1.15,1.33,1.73,1.47,1.27,1.67,1.01,3450.0,3450.0,,0.0,7.0,6.0,2.0,2630.0,38.0,32.0,763.0,2.0,0.0,3465.0,539.0,561.0,544.0,610.0,575.0,636.0,42.0,40.0,44.0,37.0,42.0,40.0,46.0,60.0,51.0,44.0,58.0,35.0,99.57,99.07,100.0,99.45,99.67,99.3,99.84,99.58,97.62,97.5,100.0,97.3,100.0,100.0,97.83,100.0,100.0,100.0,98.28,100.0
3510302,0.0,59.5,40.5,100.0,2.75,0.28,3.86,1.1,0.28,0.83,0.28,1.93,1.1,1.1,1.93,4.68,4.41,6.89,6.06,11.02,9.92,7.99,12.67,11.02,7.99,4.96,0.83,0.0,1.93,0.28,0.55,0.0,0.0,23.42,21.21,9.37,13.22,12.4,13.5,6.89,0.0,0.0,216.0,147.0,363.0,10.0,1.0,14.0,4.0,1.0,3.0,1.0,7.0,4.0,4.0,7.0,17.0,16.0,25.0,22.0,40.0,36.0,29.0,46.0,40.0,29.0,18.0,3.0,0.0,7.0,1.0,2.0,0.0,0.0,85.0,77.0,34.0,48.0,45.0,49.0,25.0,0.0,99.14,99.14,,0.0,0.29,0.17,0.4,75.92,1.03,0.0,23.05,0.0,0.0,100.0,14.74,16.63,17.03,16.34,17.72,17.55,1.15,1.03,1.61,1.09,1.09,1.43,1.38,1.15,1.32,1.09,1.55,0.86,1729.0,1729.0,,0.0,5.0,3.0,7.0,1324.0,18.0,0.0,402.0,0.0,0.0,1744.0,257.0,290.0,297.0,285.0,309.0,306.0,20.0,18.0,28.0,19.0,19.0,25.0,24.0,20.0,23.0,19.0,27.0,15.0,99.14,99.61,99.66,99.66,98.95,98.71,98.37,98.91,100.0,94.44,100.0,100.0,100.0,100.0,100.0,100.0,100.0,100.0,100.0,100.0
3510401,0.0,54.45,45.55,100.0,0.96,0.48,1.32,0.36,0.12,0.0,1.08,1.32,1.92,1.32,2.28,3.85,3.61,7.33,5.53,9.38,9.98,10.58,10.7,10.82,9.01,5.77,2.88,0.72,0.12,0.36,0.12,0.36,0.0,21.51,23.68,9.98,13.58,12.98,9.13,9.13,0.0,0.0,453.0,379.0,832.0,8.0,4.0,11.0,3.0,1.0,0.0,9.0,11.0,16.0,11.0,19.0,32.0,30.0,61.0,46.0,78.0,83.0,88.0,89.0,90.0,75.0,48.0,24.0,6.0,1.0,3.0,1.0,3.0,0.0,179.0,197.0,83.0,113.0,108.0,76.0,76.0,0.0,99.53,99.53,,0.0,0.19,0.14,0.14,62.17,6.74,0.17,30.93,0.0,0.0,100.0,14.23,15.56,17.51,17.82,17.65,17.23,1.0,1.22,1.36,1.22,1.03,1.36,1.39,1.03,1.17,1.22,0.86,1.34,3575.0,3575.0,,0.0,7.0,5.0,5.0,2233.0,242.0,6.0,1111.0,0.0,0.0,3592.0,511.0,559.0,629.0,640.0,634.0,619.0,36.0,44.0,49.0,44.0,37.0,49.0,50.0,37.0,42.0,44.0,31.0,48.0,99.53,99.02,99.46,99.36,99.84,99.84,99.52,99.64,94.44,100.0,95.92,100.0,100.0,97.96,100.0,100.0,100.0,100.0,100.0,100.0
3510500,0.0,54.39,45.61,100.0,1.51,0.11,2.39,0.88,0.18,0.32,1.51,1.54,1.23,2.14,3.23,3.27,3.23,4.46,6.21,10.96,10.81,11.76,11.27,9.38,7.76,5.3,2.14,0.81,0.35,0.67,0.14,0.32,0.04,20.51,19.84,12.64,12.54,13.41,10.81,10.25,0.0,0.0,1549.0,1299.0,2848.0,43.0,3.0,68.0,25.0,5.0,9.0,43.0,44.0,35.0,61.0,92.0,93.0,92.0,127.0,177.0,312.0,308.0,335.0,321.0,267.0,221.0,151.0,61.0,23.0,10.0,19.0,4.0,9.0,1.0,584.0,565.0,360.0,357.0,382.0,308.0,292.0,0.0,99.75,99.75,,0.0,0.2,0.04,0.01,61.41,3.77,0.39,34.32,0.12,0.0,100.0,15.49,14.11,16.35,17.66,18.81,17.57,1.1,1.5,1.35,1.26,1.48,1.34,1.12,1.44,1.18,1.23,1.16,1.33,10052.0,10052.0,,0.0,20.0,4.0,1.0,6188.0,380.0,39.0,3458.0,12.0,0.0,10077.0,1561.0,1422.0,1648.0,1780.0,1895.0,1771.0,111.0,151.0,136.0,127.0,149.0,135.0,113.0,145.0,119.0,124.0,117.0,134.0,99.75,99.55,99.72,99.88,99.78,99.74,99.83,99.8,97.3,99.34,100.0,99.21,100.0,100.0,99.12,100.0,100.0,99.19,100.0,100.0
3510609,0.0,54.15,45.85,100.0,1.43,0.25,2.06,0.63,0.24,0.17,0.74,1.32,1.62,1.98,2.63,4.01,4.55,6.04,7.89,11.37,11.26,12.34,10.05,9.35,6.44,3.61,1.55,0.52,0.41,0.36,0.32,0.23,0.11,19.83,19.6,12.62,14.96,13.16,10.26,9.57,0.0,0.0,4050.0,3429.0,7479.0,107.0,19.0,154.0,47.0,18.0,13.0,55.0,99.0,121.0,148.0,197.0,300.0,340.0,452.0,590.0,850.0,842.0,923.0,752.0,699.0,482.0,270.0,116.0,39.0,31.0,27.0,24.0,17.0,8.0,1483.0,1466.0,944.0,1119.0,984.0,767.0,716.0,0.0,99.44,99.44,,0.0,0.31,0.19,0.05,51.58,6.89,0.17,41.24,0.11,0.01,100.0,13.97,14.27,16.47,17.97,18.7,18.61,0.93,1.21,1.2,1.22,1.13,1.05,1.19,1.24,1.26,1.26,1.1,1.17,28668.0,28668.0,,0.0,90.0,56.0,15.0,14871.0,1987.0,48.0,11890.0,31.0,2.0,28829.0,4028.0,4114.0,4749.0,5182.0,5391.0,5365.0,269.0,349.0,347.0,352.0,327.0,303.0,342.0,357.0,363.0,364.0,318.0,337.0,99.44,99.5,99.44,99.45,99.46,99.52,99.29,99.43,98.88,99.71,99.71,98.86,100.0,98.68,100.0,98.88,99.72,99.73,99.69,100.0
3510708,0.0,58.6,41.4,100.0,0.58,0.58,0.87,0.29,0.0,0.29,0.29,0.58,0.58,2.04,1.17,3.21,3.79,6.41,4.37,7.87,10.79,16.33,8.75,14.29,9.33,5.25,2.33,0.87,0.0,0.58,0.0,0.0,0.0,20.99,18.66,14.87,11.95,15.16,9.33,9.04,0.0,0.0,201.0,142.0,343.0,2.0,2.0,3.0,1.0,0.0,1.0,1.0,2.0,2.0,7.0,4.0,11.0,13.0,22.0,15.0,27.0,37.0,56.0,30.0,49.0,32.0,18.0,8.0,3.0,0.0,2.0,0.0,0.0,0.0,72.0,64.0,51.0,41.0,52.0,32.0,31.0,0.0,99.52,99.52,,0.0,0.48,0.0,0.0,54.97,2.4,0.32,42.31,0.0,0.0,100.0,15.87,15.22,15.22,15.87,21.15,16.67,1.28,0.96,0.8,1.6,1.92,2.4,1.76,0.96,1.12,1.12,0.64,1.28,621.0,621.0,,0.0,3.0,0.0,0.0,343.0,15.0,2.0,264.0,0.0,0.0,624.0,99.0,95.0,95.0,99.0,132.0,104.0,8.0,6.0,5.0,10.0,12.0,15.0,11.0,6.0,7.0,7.0,4.0,8.0,99.52,100.0,100.0,100.0,98.99,98.48,100.0,99.3,100.0,100.0,100.0,100.0,100.0,100.0,100.0,100.0,100.0,100.0,100.0,100.0
3510807,0.0,58.6,41.4,100.0,0.32,0.16,0.48,0.16,0.16,0.16,1.11,1.27,1.43,1.59,2.39,2.55,3.34,6.05,7.48,10.35,13.69,9.24,9.55,12.58,8.28,5.41,2.55,0.16,0.16,0.16,0.0,0.0,0.0,20.86,19.9,13.06,13.85,12.26,9.39,10.51,0.16,0.0,368.0,260.0,628.0,2.0,1.0,3.0,1.0,1.0,1.0,7.0,8.0,9.0,10.0,15.0,16.0,21.0,38.0,47.0,65.0,86.0,58.0,60.0,79.0,52.0,34.0,16.0,1.0,1.0,1.0,0.0,0.0,0.0,131.0,125.0,82.0,87.0,77.0,59.0,66.0,1.0,100.0,100.0,,0.0,0.0,0.0,0.0,68.15,3.97,0.05,27.82,0.0,0.0,100.0,15.19,15.19,17.26,16.6,18.62,17.15,1.31,1.42,1.74,1.25,1.09,1.14,1.69,1.03,1.2,1.14,1.42,0.76,1837.0,1837.0,,0.0,0.0,0.0,0.0,1252.0,73.0,1.0,511.0,0.0,0.0,1837.0,279.0,279.0,317.0,305.0,342.0,315.0,24.0,26.0,32.0,23.0,20.0,21.0,31.0,19.0,22.0,21.0,26.0,14.0,100.0,100.0,100.0,100.0,100.0,100.0,100.0,100.0,100.0,100.0,100.0,100.0,100.0,100.0,100.0,100.0,100.0,100.0,100.0,100.0
3510906,0.0,61.67,38.33,100.0,1.67,0.0,1.67,0.0,0.0,0.0,0.0,3.33,0.0,3.33,1.67,0.0,3.33,3.33,1.67,13.33,5.0,15.0,11.67,10.0,13.33,6.67,3.33,3.33,1.67,0.0,0.0,0.0,0.0,16.67,15.0,15.0,15.0,11.67,16.67,10.0,0.0,0.0,37.0,23.0,60.0,1.0,0.0,1.0,0.0,0.0,0.0,0.0,2.0,0.0,2.0,1.0,0.0,2.0,2.0,1.0,8.0,3.0,9.0,7.0,6.0,8.0,4.0,2.0,2.0,1.0,0.0,0.0,0.0,0.0,10.0,9.0,9.0,9.0,7.0,10.0,6.0,0.0,100.0,100.0,,0.0,0.0,0.0,0.0,67.95,3.21,0.0,28.85,0.0,0.0,100.0,14.1,8.33,16.67,21.15,16.67,23.08,0.0,0.64,0.0,2.56,1.28,1.28,0.64,0.0,0.64,1.28,1.92,3.85,156.0,156.0,,0.0,0.0,0.0,0.0,106.0,5.0,0.0,45.0,0.0,0.0,156.0,22.0,13.0,26.0,33.0,26.0,36.0,0.0,1.0,0.0,4.0,2.0,2.0,1.0,0.0,1.0,2.0,3.0,6.0,100.0,100.0,100.0,100.0,100.0,100.0,100.0,100.0,0.0,100.0,0.0,100.0,100.0,100.0,100.0,0.0,100.0,100.0,100.0,100.0
3511003,0.0,56.21,43.79,100.0,0.81,0.41,1.02,0.2,0.2,0.2,0.2,0.81,1.43,1.43,3.26,3.87,3.46,6.92,8.96,9.16,10.59,11.41,10.59,9.98,8.76,4.28,2.65,0.41,0.81,0.0,0.0,0.0,0.0,16.09,25.87,11.2,9.78,12.02,14.46,10.59,0.0,0.0,276.0,215.0,491.0,4.0,2.0,5.0,1.0,1.0,1.0,1.0,4.0,7.0,7.0,16.0,19.0,17.0,34.0,44.0,45.0,52.0,56.0,52.0,49.0,43.0,21.0,13.0,2.0,4.0,0.0,0.0,0.0,0.0,79.0,127.0,55.0,48.0,59.0,71.0,52.0,0.0,99.86,99.86,,0.0,0.14,0.0,0.0,57.27,3.51,0.14,39.08,0.0,0.0,100.0,15.25,15.46,15.68,18.68,17.39,17.54,0.64,0.86,1.36,1.36,1.29,1.86,0.93,1.36,1.57,1.65,1.22,1.15,1395.0,1395.0,,0.0,2.0,0.0,0.0,800.0,49.0,2.0,546.0,0.0,0.0,1397.0,213.0,216.0,219.0,261.0,243.0,245.0,9.0,12.0,19.0,19.0,18.0,26.0,13.0,19.0,22.0,23.0,17.0,16.0,99.86,100.0,100.0,100.0,100.0,99.59,99.59,99.79,100.0,100.0,100.0,100.0,100.0,100.0,100.0,100.0,100.0,100.0,100.0,100.0
3511102,0.0,54.69,45.31,100.0,0.8,0.17,1.05,0.24,0.17,0.14,0.24,0.77,1.01,1.43,2.31,3.08,3.67,5.56,6.86,9.06,9.94,11.48,10.99,11.86,10.32,6.79,2.55,0.52,0.35,0.31,0.03,0.07,0.03,21.2,21.73,12.28,14.07,10.29,10.85,9.59,0.0,0.0,1563.0,1295.0,2858.0,23.0,5.0,30.0,7.0,5.0,4.0,7.0,22.0,29.0,41.0,66.0,88.0,105.0,159.0,196.0,259.0,284.0,328.0,314.0,339.0,295.0,194.0,73.0,15.0,10.0,9.0,1.0,2.0,1.0,606.0,621.0,351.0,402.0,294.0,310.0,274.0,0.0,99.78,99.78,,0.0,0.1,0.08,0.04,70.76,3.39,0.24,25.6,0.01,0.0,100.0,15.41,14.87,17.46,17.06,17.53,17.66,1.26,1.23,1.56,1.4,1.12,1.44,1.3,1.36,1.01,1.23,1.13,1.37,7211.0,7211.0,,0.0,7.0,6.0,3.0,5114.0,245.0,17.0,1850.0,1.0,0.0,7227.0,1114.0,1075.0,1262.0,1233.0,1267.0,1276.0,91.0,89.0,113.0,101.0,81.0,104.0,94.0,98.0,73.0,89.0,82.0,99.0,99.78,99.82,99.81,99.68,99.59,99.92,99.84,99.76,100.0,100.0,100.0,99.01,100.0,100.0,100.0,100.0,100.0,98.88,100.0,100.0
3511201,0.0,54.14,45.86,100.0,1.27,0.0,1.91,0.64,0.0,0.0,0.0,0.64,0.0,0.64,1.27,3.82,1.27,7.64,8.92,11.46,11.46,11.46,9.55,10.19,12.1,7.64,0.0,0.0,0.0,1.27,0.0,0.0,0.0,15.29,28.66,11.46,15.29,12.1,10.83,6.37,0.0,0.0,85.0,72.0,157.0,2.0,0.0,3.0,1.0,0.0,0.0,0.0,1.0,0.0,1.0,2.0,6.0,2.0,12.0,14.0,18.0,18.0,18.0,15.0,16.0,19.0,12.0,0.0,0.0,0.0,2.0,0.0,0.0,0.0,24.0,45.0,18.0,24.0,19.0,17.0,10.0,0.0,99.08,99.08,,0.0,0.92,0.0,0.0,65.59,3.0,0.0,31.41,0.0,0.0,100.0,17.32,13.86,15.24,15.47,18.71,19.4,0.92,2.31,1.39,0.69,1.15,2.54,1.62,0.92,2.08,0.46,1.15,2.08,429.0,429.0,,0.0,4.0,0.0,0.0,284.0,13.0,0.0,136.0,0.0,0.0,433.0,75.0,60.0,66.0,67.0,81.0,84.0,4.0,10.0,6.0,3.0,5.0,11.0,7.0,4.0,9.0,2.0,5.0,9.0,99.08,98.67,100.0,98.48,100.0,98.77,98.81,98.99,100.0,90.0,100.0,100.0,100.0,100.0,100.0,100.0,100.0,100.0,100.0,100.0
3511300,0.0,58.5,41.5,100.0,0.4,0.0,0.79,0.4,0.0,0.4,0.0,1.19,1.58,1.58,2.77,3.16,5.14,3.16,7.11,9.88,6.72,11.07,13.04,14.23,9.09,7.11,1.98,0.0,0.0,0.4,0.0,0.0,0.0,20.95,19.37,12.25,13.04,15.81,11.07,7.51,0.0,0.0,148.0,105.0,253.0,1.0,0.0,2.0,1.0,0.0,1.0,0.0,3.0,4.0,4.0,7.0,8.0,13.0,8.0,18.0,25.0,17.0,28.0,33.0,36.0,23.0,18.0,5.0,0.0,0.0,1.0,0.0,0.0,0.0,53.0,49.0,31.0,33.0,40.0,28.0,19.0,0.0,99.77,99.77,,0.0,0.0,0.23,0.0,65.73,4.28,0.11,29.88,0.0,0.0,100.0,16.57,14.54,17.14,17.59,16.35,17.81,1.35,1.47,1.13,1.58,1.69,0.9,1.47,1.58,1.58,1.24,1.35,1.24,885.0,885.0,,0.0,0.0,2.0,0.0,583.0,38.0,1.0,265.0,0.0,0.0,887.0,147.0,129.0,152.0,156.0,145.0,158.0,12.0,13.0,10.0,14.0,15.0,8.0,13.0,14.0,14.0,11.0,12.0,11.0,99.77,100.0,99.22,100.0,100.0,99.31,100.0,99.84,100.0,100.0,100.0,100.0,100.0,100.0,100.0,100.0,100.0,100.0,100.0,100.0
3511409,0.0,54.74,45.26,100.0,1.58,0.0,1.78,0.2,0.2,0.4,1.19,0.79,0.59,1.98,2.17,2.37,5.14,6.13,5.73,11.07,7.91,10.08,11.07,14.03,10.47,3.36,2.96,0.59,0.99,0.2,0.4,0.0,0.0,17.98,21.34,13.83,11.46,13.83,11.07,10.47,0.0,0.0,277.0,229.0,506.0,8.0,0.0,9.0,1.0,1.0,2.0,6.0,4.0,3.0,10.0,11.0,12.0,26.0,31.0,29.0,56.0,40.0,51.0,56.0,71.0,53.0,17.0,15.0,3.0,5.0,1.0,2.0,0.0,0.0,91.0,108.0,70.0,58.0,70.0,56.0,53.0,0.0,99.74,99.74,,0.0,0.19,0.0,0.06,74.17,1.54,0.13,24.17,0.0,0.0,100.0,15.77,14.29,17.63,17.31,17.24,17.76,1.03,0.64,0.83,1.41,1.28,1.47,1.28,1.67,1.6,1.28,1.67,1.6,1556.0,1556.0,,0.0,3.0,0.0,1.0,1157.0,24.0,2.0,377.0,0.0,0.0,1560.0,246.0,223.0,275.0,270.0,269.0,277.0,16.0,10.0,13.0,22.0,20.0,23.0,20.0,26.0,25.0,20.0,26.0,25.0,99.74,99.59,100.0,99.64,100.0,99.63,99.64,99.73,100.0,100.0,100.0,95.45,100.0,100.0,100.0,100.0,100.0,100.0,100.0,100.0
3511508,0.0,55.83,44.17,100.0,0.59,0.0,1.06,0.47,0.12,0.35,0.35,0.94,0.82,1.3,1.18,2.59,3.77,4.95,7.3,9.07,11.66,12.01,9.31,12.25,11.9,6.12,2.71,0.24,0.35,0.24,0.0,0.0,0.0,22.26,20.61,10.95,13.31,12.49,10.6,9.78,0.0,0.0,474.0,375.0,849.0,5.0,0.0,9.0,4.0,1.0,3.0,3.0,8.0,7.0,11.0,10.0,22.0,32.0,42.0,62.0,77.0,99.0,102.0,79.0,104.0,101.0,52.0,23.0,2.0,3.0,2.0,0.0,0.0,0.0,189.0,175.0,93.0,113.0,106.0,90.0,83.0,0.0,99.9,99.9,,0.0,0.0,0.1,0.0,74.07,1.84,0.17,23.81,0.1,0.0,100.0,15.75,14.11,17.05,17.66,17.46,17.97,1.26,1.26,1.43,1.61,1.5,1.2,1.5,1.61,1.2,1.3,0.82,1.06,2924.0,2924.0,,0.0,0.0,3.0,0.0,2168.0,54.0,5.0,697.0,3.0,0.0,2927.0,461.0,413.0,499.0,517.0,511.0,526.0,37.0,37.0,42.0,47.0,44.0,35.0,44.0,47.0,35.0,38.0,24.0,31.0,99.9,100.0,100.0,99.6,100.0,99.8,100.0,99.85,100.0,100.0,100.0,100.0,100.0,100.0,100.0,100.0,100.0,100.0,100.0,100.0
3511607,0.0,54.96,45.04,100.0,1.69,0.0,1.94,0.24,0.0,0.24,2.66,0.73,1.94,0.73,3.15,3.15,5.57,5.57,7.02,6.05,12.11,12.83,11.62,10.65,7.75,4.84,1.21,0.24,0.24,0.24,0.73,0.48,0.0,19.85,23.0,12.59,13.56,10.9,7.26,12.83,0.0,0.0,227.0,186.0,413.0,7.0,0.0,8.0,1.0,0.0,1.0,11.0,3.0,8.0,3.0,13.0,13.0,23.0,23.0,29.0,25.0,50.0,53.0,48.0,44.0,32.0,20.0,5.0,1.0,1.0,1.0,3.0,2.0,0.0,82.0,95.0,52.0,56.0,45.0,30.0,53.0,0.0,99.85,99.85,,0.0,0.15,0.0,0.0,74.32,1.76,0.0,23.92,0.0,0.0,100.0,15.0,14.48,18.14,15.44,18.14,18.8,0.88,1.46,2.05,1.17,1.39,1.02,1.39,1.39,1.17,0.88,1.39,0.8,1365.0,1365.0,,0.0,2.0,0.0,0.0,1016.0,24.0,0.0,327.0,0.0,0.0,1367.0,205.0,198.0,248.0,211.0,248.0,257.0,12.0,20.0,28.0,16.0,19.0,14.0,19.0,19.0,16.0,12.0,19.0,11.0,99.85,99.51,100.0,100.0,100.0,100.0,99.61,99.9,100.0,100.0,96.43,100.0,100.0,100.0,100.0,100.0,100.0,100.0,100.0,100.0
3511706,0.0,56.13,43.87,100.0,0.57,0.0,0.57,0.0,0.28,0.28,1.42,1.71,0.85,1.71,3.13,3.99,3.7,5.13,6.27,9.69,8.83,12.54,11.4,12.54,9.97,4.84,0.85,0.28,0.0,0.28,0.28,0.0,0.0,19.94,18.8,14.81,12.82,12.25,12.82,8.55,0.0,0.0,197.0,154.0,351.0,2.0,0.0,2.0,0.0,1.0,1.0,5.0,6.0,3.0,6.0,11.0,14.0,13.0,18.0,22.0,34.0,31.0,44.0,40.0,44.0,35.0,17.0,3.0,1.0,0.0,1.0,1.0,0.0,0.0,70.0,66.0,52.0,45.0,43.0,45.0,30.0,0.0,99.83,99.83,,0.0,0.17,0.0,0.0,68.12,1.66,0.0,30.23,0.0,0.0,100.0,14.9,15.85,15.59,15.07,21.52,17.07,0.87,1.31,1.83,1.83,1.22,1.31,1.31,1.05,0.52,1.31,1.22,1.13,1146.0,1146.0,,0.0,2.0,0.0,0.0,782.0,19.0,0.0,347.0,0.0,0.0,1148.0,171.0,182.0,179.0,173.0,247.0,196.0,10.0,15.0,21.0,21.0,14.0,15.0,15.0,12.0,6.0,15.0,14.0,13.0,99.83,100.0,100.0,99.44,100.0,100.0,99.49,99.75,100.0,100.0,100.0,100.0,100.0,100.0,100.0,100.0,100.0,100.0,100.0,100.0
3511904,0.0,47.86,52.14,100.0,0.71,0.0,0.71,0.0,0.0,0.0,0.0,0.71,0.0,2.86,2.86,4.29,4.29,6.43,7.14,10.0,7.14,10.71,6.43,11.43,10.71,10.0,2.14,2.14,0.0,0.0,0.0,0.71,0.0,18.57,13.57,14.29,15.0,15.0,10.0,13.57,0.0,0.0,67.0,73.0,140.0,1.0,0.0,1.0,0.0,0.0,0.0,0.0,1.0,0.0,4.0,4.0,6.0,6.0,9.0,10.0,14.0,10.0,15.0,9.0,16.0,15.0,14.0,3.0,3.0,0.0,0.0,0.0,1.0,0.0,26.0,19.0,20.0,21.0,21.0,14.0,19.0,0.0,99.62,99.62,,0.0,0.38,0.0,0.0,55.41,2.85,0.0,41.18,0.57,0.0,100.0,15.94,14.23,16.32,19.92,18.79,14.8,1.9,1.33,0.76,1.33,2.28,1.9,1.52,1.52,1.33,0.38,1.14,0.57,525.0,525.0,,0.0,2.0,0.0,0.0,292.0,15.0,0.0,217.0,3.0,0.0,527.0,84.0,75.0,86.0,105.0,99.0,78.0,10.0,7.0,4.0,7.0,12.0,10.0,8.0,8.0,7.0,2.0,6.0,3.0,99.62,97.62,100.0,100.0,100.0,100.0,100.0,100.0,100.0,100.0,100.0,100.0,100.0,100.0,100.0,87.5,100.0,100.0,83.33,100.0
3512001,0.0,57.92,42.08,100.0,0.27,0.0,0.27,0.0,0.0,0.82,1.09,1.09,0.82,1.09,3.28,3.55,3.83,7.1,5.74,10.11,9.02,12.3,9.84,13.66,7.38,6.83,1.64,0.55,0.27,0.0,0.0,0.0,0.0,21.31,23.22,13.66,12.02,12.3,10.38,7.1,0.0,0.0,212.0,154.0,366.0,1.0,0.0,1.0,0.0,0.0,3.0,4.0,4.0,3.0,4.0,12.0,13.0,14.0,26.0,21.0,37.0,33.0,45.0,36.0,50.0,27.0,25.0,6.0,2.0,1.0,0.0,0.0,0.0,0.0,78.0,85.0,50.0,44.0,45.0,38.0,26.0,0.0,99.32,99.32,,0.0,0.23,0.15,0.3,60.86,2.78,0.0,36.29,0.08,0.0,100.0,15.4,15.63,15.33,16.08,18.26,19.31,1.13,0.98,1.5,1.43,1.35,0.9,1.35,1.95,1.05,1.73,0.9,1.13,1322.0,1322.0,,0.0,3.0,2.0,4.0,810.0,37.0,0.0,483.0,1.0,0.0,1331.0,205.0,208.0,204.0,214.0,243.0,257.0,15.0,13.0,20.0,19.0,18.0,12.0,18.0,26.0,14.0,23.0,12.0,15.0,99.32,99.02,99.04,99.02,99.07,100.0,99.61,99.46,100.0,100.0,100.0,94.74,94.44,100.0,100.0,100.0,100.0,100.0,100.0,100.0
3512100,0.0,55.09,44.91,100.0,0.6,0.0,1.8,1.2,0.0,0.0,0.0,1.2,1.2,2.99,4.79,3.59,7.19,5.39,7.19,8.38,7.78,12.57,14.37,8.38,8.38,2.4,1.8,0.6,0.6,0.0,0.0,0.0,0.0,17.37,29.94,14.97,8.98,11.98,8.38,8.38,0.0,0.0,92.0,75.0,167.0,1.0,0.0,3.0,2.0,0.0,0.0,0.0,2.0,2.0,5.0,8.0,6.0,12.0,9.0,12.0,14.0,13.0,21.0,24.0,14.0,14.0,4.0,3.0,1.0,1.0,0.0,0.0,0.0,0.0,29.0,50.0,25.0,15.0,20.0,14.0,14.0,0.0,99.6,99.6,,0.0,0.4,0.0,0.0,50.1,4.81,0.8,44.29,0.0,0.0,100.0,18.84,13.03,16.63,17.23,17.43,16.83,1.2,1.8,1.8,1.8,2.4,1.2,1.0,1.4,1.6,1.6,1.6,1.4,497.0,497.0,,0.0,2.0,0.0,0.0,250.0,24.0,4.0,221.0,0.0,0.0,499.0,94.0,65.0,83.0,86.0,87.0,84.0,6.0,9.0,9.0,9.0,12.0,6.0,5.0,7.0,8.0,8.0,8.0,7.0,99.6,98.94,100.0,98.8,100.0,100.0,100.0,99.71,100.0,100.0,100.0,88.89,100.0,100.0,100.0,100.0,100.0,100.0,100.0,100.0
3512209,0.0,61.08,38.92,100.0,1.22,0.0,2.09,0.87,0.35,0.17,0.87,2.62,1.92,1.92,3.32,3.84,3.49,6.81,9.08,8.55,9.25,9.77,9.25,11.69,7.85,5.58,1.4,0.17,0.52,0.52,0.17,0.0,0.0,20.77,21.29,14.66,12.39,11.52,9.42,9.95,0.0,0.0,350.0,223.0,573.0,7.0,0.0,12.0,5.0,2.0,1.0,5.0,15.0,11.0,11.0,19.0,22.0,20.0,39.0,52.0,49.0,53.0,56.0,53.0,67.0,45.0,32.0,8.0,1.0,3.0,3.0,1.0,0.0,0.0,119.0,122.0,84.0,71.0,66.0,54.0,57.0,0.0,99.62,99.62,,0.0,0.13,0.17,0.09,58.8,4.18,0.43,36.59,0.0,0.0,100.0,16.44,14.82,16.57,17.81,17.42,16.95,1.02,1.49,1.79,1.32,1.41,1.2,1.84,1.49,1.41,1.07,1.24,1.15,2333.0,2333.0,,0.0,3.0,4.0,2.0,1377.0,98.0,10.0,857.0,0.0,0.0,2342.0,385.0,347.0,388.0,417.0,408.0,397.0,24.0,35.0,42.0,31.0,33.0,28.0,43.0,35.0,33.0,25.0,29.0,27.0,99.62,99.48,99.71,99.48,99.76,99.75,99.5,99.63,100.0,100.0,100.0,100.0,100.0,96.43,100.0,100.0,100.0,100.0,100.0,96.3
3512308,0.0,53.82,46.18,100.0,2.65,0.0,2.94,0.29,0.0,0.29,0.0,1.18,0.29,0.59,1.76,1.18,3.24,5.29,7.06,9.41,7.94,13.24,10.88,12.65,10.59,8.53,2.35,0.59,0.59,0.59,0.59,0.88,0.0,19.41,21.18,9.12,12.06,13.24,13.53,11.47,0.0,0.0,183.0,157.0,340.0,9.0,0.0,10.0,1.0,0.0,1.0,0.0,4.0,1.0,2.0,6.0,4.0,11.0,18.0,24.0,32.0,27.0,45.0,37.0,43.0,36.0,29.0,8.0,2.0,2.0,2.0,2.0,3.0,0.0,66.0,72.0,31.0,41.0,45.0,46.0,39.0,0.0,99.4,99.4,,0.0,0.4,0.2,0.0,78.87,1.81,0.2,19.11,0.0,0.0,100.0,14.29,15.49,15.9,17.0,18.71,18.61,1.81,0.8,1.01,1.41,1.01,1.61,0.8,1.01,1.31,1.31,0.91,1.31,988.0,988.0,,0.0,4.0,2.0,0.0,784.0,18.0,2.0,190.0,0.0,0.0,994.0,142.0,154.0,158.0,169.0,186.0,185.0,18.0,8.0,10.0,14.0,10.0,16.0,8.0,10.0,13.0,13.0,9.0,13.0,99.4,97.18,99.35,100.0,100.0,100.0,99.46,99.86,83.33,100.0,100.0,100.0,100.0,100.0,100.0,100.0,92.31,100.0,100.0,100.0
3512407,0.0,52.93,47.07,100.0,0.76,0.0,0.76,0.0,0.0,0.25,1.02,0.51,0.51,1.78,4.07,2.29,3.05,6.62,4.58,7.89,11.45,11.45,13.99,10.69,7.63,7.89,2.8,0.76,0.25,0.51,0.0,0.0,0.0,20.36,26.46,9.92,13.74,12.98,9.41,7.12,0.0,0.0,208.0,185.0,393.0,3.0,0.0,3.0,0.0,0.0,1.0,4.0,2.0,2.0,7.0,16.0,9.0,12.0,26.0,18.0,31.0,45.0,45.0,55.0,42.0,30.0,31.0,11.0,3.0,1.0,2.0,0.0,0.0,0.0,80.0,104.0,39.0,54.0,51.0,37.0,28.0,0.0,99.83,99.83,,0.0,0.11,0.0,0.06,63.49,4.43,0.33,31.63,0.11,0.0,100.0,14.29,13.96,18.23,18.73,17.4,17.4,1.33,0.94,1.5,1.33,0.83,1.16,1.77,0.89,1.33,0.83,1.05,1.33,1802.0,1802.0,,0.0,2.0,0.0,1.0,1146.0,80.0,6.0,571.0,2.0,0.0,1805.0,258.0,252.0,329.0,338.0,314.0,314.0,24.0,17.0,27.0,24.0,15.0,21.0,32.0,16.0,24.0,15.0,19.0,24.0,99.83,99.61,100.0,99.7,100.0,99.68,100.0,99.85,100.0,100.0,100.0,100.0,93.33,100.0,100.0,100.0,100.0,100.0,100.0,100.0
3512506,0.0,57.35,42.65,100.0,0.0,0.0,0.74,0.74,0.0,0.0,0.74,1.47,2.94,1.47,1.47,2.94,5.15,2.94,6.62,9.56,10.29,16.91,10.29,11.03,5.88,8.82,0.74,0.0,0.0,0.0,0.0,0.0,0.0,22.06,18.38,14.71,12.5,8.82,14.71,8.82,0.0,0.0,78.0,58.0,136.0,0.0,0.0,1.0,1.0,0.0,0.0,1.0,2.0,4.0,2.0,2.0,4.0,7.0,4.0,9.0,13.0,14.0,23.0,14.0,15.0,8.0,12.0,1.0,0.0,0.0,0.0,0.0,0.0,0.0,30.0,25.0,20.0,17.0,12.0,20.0,12.0,0.0,99.71,99.71,,0.0,0.29,0.0,0.0,66.96,2.34,0.88,29.24,0.58,0.0,100.0,16.67,11.11,17.84,16.96,19.59,17.84,1.17,0.58,1.17,2.34,1.46,1.17,1.46,1.46,1.75,1.46,2.05,0.58,341.0,341.0,,0.0,1.0,0.0,0.0,229.0,8.0,3.0,100.0,2.0,0.0,342.0,57.0,38.0,61.0,58.0,67.0,61.0,4.0,2.0,4.0,8.0,5.0,4.0,5.0,5.0,6.0,5.0,7.0,2.0,99.71,98.25,100.0,100.0,100.0,100.0,100.0,100.0,75.0,100.0,100.0,100.0,100.0,100.0,100.0,100.0,100.0,100.0,100.0,100.0
3512605,0.0,52.31,47.69,100.0,1.54,0.0,1.54,0.0,0.0,0.0,0.0,2.31,1.54,0.0,2.31,2.31,4.62,7.69,11.54,8.46,9.23,10.77,8.46,14.62,9.23,3.08,1.54,0.77,0.77,0.0,0.0,0.77,0.0,25.38,26.15,10.0,7.69,15.38,6.92,8.46,0.0,0.0,68.0,62.0,130.0,2.0,0.0,2.0,0.0,0.0,0.0,0.0,3.0,2.0,0.0,3.0,3.0,6.0,10.0,15.0,11.0,12.0,14.0,11.0,19.0,12.0,4.0,2.0,1.0,1.0,0.0,0.0,1.0,0.0,33.0,34.0,13.0,10.0,20.0,9.0,11.0,0.0,100.0,100.0,,0.0,0.0,0.0,0.0,68.54,2.25,0.0,29.21,0.0,0.0,100.0,13.86,17.6,14.61,19.48,17.6,16.85,0.75,0.75,1.12,0.75,1.5,1.87,1.87,1.5,1.12,1.5,0.37,0.75,267.0,267.0,,0.0,0.0,0.0,0.0,183.0,6.0,0.0,78.0,0.0,0.0,267.0,37.0,47.0,39.0,52.0,47.0,45.0,2.0,2.0,3.0,2.0,4.0,5.0,5.0,4.0,3.0,4.0,1.0,2.0,100.0,100.0,100.0,100.0,100.0,100.0,100.0,100.0,100.0,100.0,100.0,100.0,100.0,100.0,100.0,100.0,100.0,100.0,100.0,100.0
3512704,0.0,58.89,41.11,100.0,0.0,0.0,0.0,0.0,0.0,0.0,0.0,4.44,2.22,3.33,0.0,3.33,3.33,4.44,6.67,6.67,13.33,11.11,10.0,16.67,8.89,5.56,0.0,0.0,0.0,0.0,0.0,0.0,0.0,18.89,21.11,17.78,8.89,12.22,8.89,12.22,0.0,0.0,53.0,37.0,90.0,0.0,0.0,0.0,0.0,0.0,0.0,0.0,4.0,2.0,3.0,0.0,3.0,3.0,4.0,6.0,6.0,12.0,10.0,9.0,15.0,8.0,5.0,0.0,0.0,0.0,0.0,0.0,0.0,0.0,17.0,19.0,16.0,8.0,11.0,8.0,11.0,0.0,99.36,99.36,,0.0,0.64,0.0,0.0,65.71,1.92,0.0,32.37,0.0,0.0,100.0,14.42,15.38,18.59,17.95,16.03,17.63,2.24,0.32,1.28,1.92,0.64,1.6,1.6,0.96,1.28,0.96,0.96,0.64,310.0,310.0,,0.0,2.0,0.0,0.0,205.0,6.0,0.0,101.0,0.0,0.0,312.0,45.0,48.0,58.0,56.0,50.0,55.0,7.0,1.0,4.0,6.0,2.0,5.0,5.0,3.0,4.0,3.0,3.0,2.0,99.36,97.78,100.0,100.0,100.0,98.0,100.0,99.54,85.71,100.0,100.0,100.0,100.0,100.0,100.0,100.0,100.0,100.0,100.0,100.0
3512803,0.0,57.56,42.44,100.0,2.01,0.08,2.09,0.08,0.0,0.16,0.64,1.29,1.69,2.17,1.77,2.65,3.7,6.35,8.52,11.33,10.93,11.74,10.21,10.21,7.15,5.31,1.93,0.08,1.05,0.48,0.08,0.32,0.08,19.77,22.75,12.7,11.5,11.41,11.82,10.05,0.0,0.0,716.0,528.0,1244.0,25.0,1.0,26.0,1.0,0.0,2.0,8.0,16.0,21.0,27.0,22.0,33.0,46.0,79.0,106.0,141.0,136.0,146.0,127.0,127.0,89.0,66.0,24.0,1.0,13.0,6.0,1.0,4.0,1.0,246.0,283.0,158.0,143.0,142.0,147.0,125.0,0.0,99.93,99.93,,0.0,0.05,0.02,0.0,58.1,5.0,0.19,36.71,0.0,0.0,100.0,15.51,15.48,15.27,18.18,18.22,17.34,1.43,1.19,1.19,1.41,1.5,1.07,1.45,1.43,1.33,1.24,0.98,1.29,4195.0,4195.0,,0.0,2.0,1.0,0.0,2439.0,210.0,8.0,1541.0,0.0,0.0,4198.0,651.0,650.0,641.0,763.0,765.0,728.0,60.0,50.0,50.0,59.0,63.0,45.0,61.0,60.0,56.0,52.0,41.0,54.0,99.93,99.85,99.85,100.0,99.87,100.0,100.0,99.97,100.0,100.0,100.0,100.0,100.0,100.0,100.0,100.0,100.0,98.08,100.0,100.0
3512902,0.0,58.29,41.71,100.0,0.95,0.0,0.95,0.0,0.0,0.0,0.95,0.0,0.47,0.47,1.9,2.84,2.84,5.21,7.11,12.32,6.64,12.32,10.9,16.11,11.85,4.74,2.37,0.0,0.47,0.47,0.0,0.0,0.0,27.01,15.64,13.74,11.85,10.9,10.43,10.43,0.0,0.0,123.0,88.0,211.0,2.0,0.0,2.0,0.0,0.0,0.0,2.0,0.0,1.0,1.0,4.0,6.0,6.0,11.0,15.0,26.0,14.0,26.0,23.0,34.0,25.0,10.0,5.0,0.0,1.0,1.0,0.0,0.0,0.0,57.0,33.0,29.0,25.0,23.0,22.0,22.0,0.0,99.83,99.83,,0.0,0.17,0.0,0.0,61.63,4.15,0.0,34.22,0.0,0.0,100.0,18.6,14.29,17.44,17.11,15.45,17.11,1.99,1.83,1.66,1.83,1.66,0.66,1.83,1.66,1.83,1.0,1.66,1.0,601.0,601.0,,0.0,1.0,0.0,0.0,371.0,25.0,0.0,206.0,0.0,0.0,602.0,112.0,86.0,105.0,103.0,93.0,103.0,12.0,11.0,10.0,11.0,10.0,4.0,11.0,10.0,11.0,6.0,10.0,6.0,99.83,100.0,100.0,99.05,100.0,100.0,100.0,99.75,100.0,100.0,100.0,100.0,100.0,100.0,100.0,100.0,100.0,100.0,100.0,100.0
3513009,0.0,56.13,43.87,100.0,1.24,0.11,1.72,0.48,0.24,0.35,0.7,1.28,1.69,2.5,2.3,3.74,4.47,5.99,7.17,9.95,11.21,11.88,10.64,9.9,7.41,4.56,1.69,0.5,0.52,0.3,0.15,0.17,0.09,19.79,20.24,12.51,14.6,13.55,10.43,8.88,0.0,0.0,2584.0,2020.0,4604.0,57.0,5.0,79.0,22.0,11.0,16.0,32.0,59.0,78.0,115.0,106.0,172.0,206.0,276.0,330.0,458.0,516.0,547.0,490.0,456.0,341.0,210.0,78.0,23.0,24.0,14.0,7.0,8.0,4.0,911.0,932.0,576.0,672.0,624.0,480.0,409.0,0.0,99.65,99.65,,0.0,0.15,0.15,0.04,54.79,5.68,0.57,38.9,0.06,0.0,100.0,14.77,14.42,16.43,17.56,18.18,18.65,0.99,1.23,1.1,1.15,1.39,1.15,1.15,1.43,1.25,1.32,1.31,1.3,21407.0,21407.0,,0.0,33.0,33.0,9.0,11771.0,1220.0,122.0,8356.0,12.0,1.0,21482.0,3172.0,3097.0,3530.0,3772.0,3905.0,4006.0,213.0,265.0,236.0,247.0,298.0,246.0,247.0,307.0,269.0,283.0,282.0,279.0,99.65,99.34,99.71,99.75,99.73,99.69,99.65,99.7,99.06,98.87,100.0,98.79,98.99,99.19,100.0,99.67,99.26,98.94,99.65,99.64
3513108,0.0,56.33,43.67,100.0,1.09,0.82,1.22,0.14,0.41,0.27,0.27,1.09,0.54,2.18,2.45,4.22,5.44,5.85,5.31,10.88,10.07,10.61,9.66,11.29,8.16,5.71,2.59,0.95,0.14,0.14,0.27,0.41,0.14,20.54,20.68,12.24,15.1,12.24,9.8,9.39,0.0,0.0,414.0,321.0,735.0,8.0,6.0,9.0,1.0,3.0,2.0,2.0,8.0,4.0,16.0,18.0,31.0,40.0,43.0,39.0,80.0,74.0,78.0,71.0,83.0,60.0,42.0,19.0,7.0,1.0,1.0,2.0,3.0,1.0,151.0,152.0,90.0,111.0,90.0,72.0,69.0,0.0,99.72,99.72,,0.0,0.19,0.09,0.0,69.87,3.2,0.05,26.79,0.09,0.0,100.0,14.67,15.83,16.62,18.48,17.36,17.04,0.79,0.88,1.72,1.3,1.62,0.97,1.49,0.97,1.3,1.02,1.25,1.35,2148.0,2148.0,,0.0,4.0,2.0,0.0,1505.0,69.0,1.0,577.0,2.0,0.0,2154.0,316.0,341.0,358.0,398.0,374.0,367.0,17.0,19.0,37.0,28.0,35.0,21.0,32.0,21.0,28.0,22.0,27.0,29.0,99.72,100.0,98.83,100.0,99.75,100.0,99.73,99.87,100.0,100.0,100.0,100.0,100.0,100.0,100.0,100.0,100.0,100.0,100.0,100.0
3513207,0.0,53.55,46.45,100.0,0.95,0.47,1.42,0.47,0.47,0.47,0.47,2.37,1.42,1.9,1.9,2.37,3.79,5.69,5.21,10.43,9.48,15.17,7.58,13.27,6.64,7.58,1.9,0.0,0.0,0.47,0.0,0.47,0.0,26.07,17.54,10.9,9.48,16.11,10.9,9.0,0.0,0.0,113.0,98.0,211.0,2.0,1.0,3.0,1.0,1.0,1.0,1.0,5.0,3.0,4.0,4.0,5.0,8.0,12.0,11.0,22.0,20.0,32.0,16.0,28.0,14.0,16.0,4.0,0.0,0.0,1.0,0.0,1.0,0.0,55.0,37.0,23.0,20.0,34.0,23.0,19.0,0.0,99.86,99.86,,0.0,0.0,0.14,0.0,63.0,2.78,0.28,33.94,0.0,0.0,100.0,15.72,15.72,17.39,17.11,17.11,16.97,1.11,0.97,1.11,0.97,2.36,0.97,1.25,1.53,1.39,1.53,1.39,1.11,718.0,718.0,,0.0,0.0,1.0,0.0,453.0,20.0,2.0,244.0,0.0,0.0,719.0,113.0,113.0,125.0,123.0,123.0,122.0,8.0,7.0,8.0,7.0,17.0,7.0,9.0,11.0,10.0,11.0,10.0,8.0,99.86,99.12,100.0,100.0,100.0,100.0,100.0,100.0,100.0,100.0,100.0,100.0,100.0,100.0,100.0,100.0,100.0,100.0,100.0,87.5
3513306,0.0,50.0,50.0,100.0,2.0,0.0,2.0,0.0,0.0,0.0,0.0,0.0,2.0,0.0,0.0,0.0,0.0,8.0,4.0,12.0,14.0,6.0,12.0,12.0,10.0,12.0,4.0,2.0,0.0,0.0,0.0,2.0,0.0,26.0,20.0,8.0,12.0,14.0,12.0,8.0,0.0,0.0,25.0,25.0,50.0,1.0,0.0,1.0,0.0,0.0,0.0,0.0,0.0,1.0,0.0,0.0,0.0,0.0,4.0,2.0,6.0,7.0,3.0,6.0,6.0,5.0,6.0,2.0,1.0,0.0,0.0,0.0,1.0,0.0,13.0,10.0,4.0,6.0,7.0,6.0,4.0,0.0,99.2,99.2,,0.0,0.8,0.0,0.0,71.2,0.0,0.0,28.8,0.0,0.0,100.0,12.0,16.0,15.2,15.2,24.0,17.6,1.6,0.8,0.8,0.8,0.0,0.8,0.0,1.6,4.0,1.6,0.0,0.0,124.0,124.0,,0.0,1.0,0.0,0.0,89.0,0.0,0.0,36.0,0.0,0.0,125.0,15.0,20.0,19.0,19.0,30.0,22.0,2.0,1.0,1.0,1.0,0.0,1.0,0.0,2.0,5.0,2.0,0.0,0.0,99.2,100.0,100.0,100.0,100.0,96.67,100.0,98.89,100.0,100.0,100.0,100.0,0.0,100.0,0.0,100.0,100.0,100.0,0.0,0.0
3513405,0.0,56.49,43.51,100.0,0.93,0.26,1.19,0.26,0.15,0.1,2.01,2.37,2.22,1.96,2.68,2.94,3.3,5.26,6.8,10.88,9.59,12.68,8.92,11.91,7.47,5.0,2.01,0.31,0.31,0.41,0.15,0.05,0.0,19.9,20.41,12.16,14.23,13.97,10.05,9.28,0.0,0.0,1096.0,844.0,1940.0,18.0,5.0,23.0,5.0,3.0,2.0,39.0,46.0,43.0,38.0,52.0,57.0,64.0,102.0,132.0,211.0,186.0,246.0,173.0,231.0,145.0,97.0,39.0,6.0,6.0,8.0,3.0,1.0,0.0,386.0,396.0,236.0,276.0,271.0,195.0,180.0,0.0,99.7,99.7,,0.0,0.16,0.1,0.04,72.67,3.62,0.06,23.63,0.0,0.02,100.0,15.81,16.31,16.75,17.37,17.13,16.61,1.32,1.18,1.68,1.44,1.22,1.42,1.08,1.22,1.18,1.4,1.3,1.38,4987.0,4987.0,,0.0,8.0,5.0,2.0,3635.0,181.0,3.0,1182.0,0.0,1.0,5002.0,791.0,816.0,838.0,869.0,857.0,831.0,66.0,59.0,84.0,72.0,61.0,71.0,54.0,61.0,59.0,70.0,65.0,69.0,99.7,99.62,99.39,99.64,99.77,100.0,99.76,99.79,98.48,98.31,100.0,100.0,100.0,100.0,98.15,100.0,100.0,100.0,100.0,100.0
3513504,0.0,55.29,44.71,100.0,1.22,0.3,1.48,0.26,0.3,0.26,1.09,1.65,2.18,1.78,2.92,3.31,3.92,6.49,7.62,10.88,11.45,12.1,9.62,9.93,6.18,4.57,1.61,0.35,0.39,0.3,0.3,0.22,0.0,18.72,19.33,12.36,15.67,13.41,10.71,9.8,0.0,0.0,1270.0,1027.0,2297.0,28.0,7.0,34.0,6.0,7.0,6.0,25.0,38.0,50.0,41.0,67.0,76.0,90.0,149.0,175.0,250.0,263.0,278.0,221.0,228.0,142.0,105.0,37.0,8.0,9.0,7.0,7.0,5.0,0.0,430.0,444.0,284.0,360.0,308.0,246.0,225.0,0.0,99.77,99.77,,0.0,0.11,0.12,0.01,48.0,5.65,0.04,46.27,0.06,0.0,100.0,15.29,15.71,16.84,17.56,16.95,17.65,1.04,0.95,1.45,1.37,1.43,1.32,1.24,1.27,1.15,1.39,1.34,1.34,8535.0,8535.0,,0.0,9.0,10.0,1.0,4106.0,483.0,3.0,3958.0,5.0,0.0,8555.0,1308.0,1344.0,1441.0,1502.0,1450.0,1510.0,89.0,81.0,124.0,117.0,122.0,113.0,106.0,109.0,98.0,119.0,115.0,115.0,99.77,99.69,99.7,99.79,99.73,99.86,99.8,99.8,100.0,96.3,100.0,100.0,100.0,100.0,99.06,100.0,100.0,100.0,100.0,100.0
3513603,0.0,60.56,39.44,100.0,0.8,0.0,1.61,0.8,0.2,0.4,0.4,3.42,0.4,1.81,1.61,2.21,4.63,5.84,7.04,6.24,11.07,13.68,9.86,12.68,9.46,4.63,2.82,0.0,0.0,0.4,0.0,0.4,0.0,21.13,20.93,14.08,10.06,15.69,8.65,9.46,0.0,0.0,301.0,196.0,497.0,4.0,0.0,8.0,4.0,1.0,2.0,2.0,17.0,2.0,9.0,8.0,11.0,23.0,29.0,35.0,31.0,55.0,68.0,49.0,63.0,47.0,23.0,14.0,0.0,0.0,2.0,0.0,2.0,0.0,105.0,104.0,70.0,50.0,78.0,43.0,47.0,0.0,100.0,100.0,,0.0,0.0,0.0,0.0,72.87,1.08,0.34,25.71,0.0,0.0,100.0,16.98,15.16,17.66,16.31,17.25,16.64,1.76,1.08,1.56,1.22,1.76,1.29,1.56,1.15,1.29,1.69,1.35,1.29,1478.0,1478.0,,0.0,0.0,0.0,0.0,1077.0,16.0,5.0,380.0,0.0,0.0,1478.0,251.0,224.0,261.0,241.0,255.0,246.0,26.0,16.0,23.0,18.0,26.0,19.0,23.0,17.0,19.0,25.0,20.0,19.0,100.0,100.0,100.0,100.0,100.0,100.0,100.0,100.0,100.0,100.0,100.0,100.0,100.0,100.0,100.0,100.0,100.0,100.0,100.0,100.0
3513702,0.0,52.15,47.85,100.0,0.94,0.0,1.34,0.4,0.0,0.13,0.4,0.81,1.08,1.61,0.94,2.69,2.96,5.78,6.32,7.26,10.89,11.42,11.42,14.11,9.81,6.99,3.36,0.67,0.27,0.54,0.0,0.0,0.13,20.7,20.56,13.84,12.37,13.17,11.16,8.2,0.0,0.0,388.0,356.0,744.0,7.0,0.0,10.0,3.0,0.0,1.0,3.0,6.0,8.0,12.0,7.0,20.0,22.0,43.0,47.0,54.0,81.0,85.0,85.0,105.0,73.0,52.0,25.0,5.0,2.0,4.0,0.0,0.0,1.0,154.0,153.0,103.0,92.0,98.0,83.0,61.0,0.0,99.95,99.95,,0.0,0.0,0.05,0.0,70.98,2.2,0.05,26.72,0.05,0.0,100.0,12.98,16.81,15.74,16.96,19.98,17.53,1.28,0.92,1.18,0.97,1.23,0.77,1.12,1.12,1.07,0.77,1.23,1.33,1956.0,1956.0,,0.0,0.0,1.0,0.0,1389.0,43.0,1.0,523.0,1.0,0.0,1957.0,254.0,329.0,308.0,332.0,391.0,343.0,25.0,18.0,23.0,19.0,24.0,15.0,22.0,22.0,21.0,15.0,24.0,26.0,99.95,100.0,100.0,100.0,100.0,99.74,100.0,99.93,100.0,100.0,100.0,100.0,100.0,100.0,100.0,100.0,100.0,100.0,100.0,100.0
3513801,0.0,54.62,45.38,100.0,1.18,0.22,1.54,0.36,0.22,0.23,0.69,1.17,1.43,1.72,2.77,3.53,4.31,7.0,8.24,10.34,11.92,11.66,9.64,10.42,7.2,4.11,1.43,0.22,0.45,0.42,0.14,0.16,0.01,18.79,21.04,12.73,15.03,13.03,10.84,8.56,0.0,0.0,3786.0,3145.0,6931.0,82.0,15.0,107.0,25.0,15.0,16.0,48.0,81.0,99.0,119.0,192.0,245.0,299.0,485.0,571.0,717.0,826.0,808.0,668.0,722.0,499.0,285.0,99.0,15.0,31.0,29.0,10.0,11.0,1.0,1302.0,1458.0,882.0,1042.0,903.0,751.0,593.0,0.0,99.72,99.72,,0.0,0.12,0.13,0.03,53.27,6.34,0.25,40.11,0.03,0.01,100.0,14.35,14.31,16.6,17.6,18.56,18.58,1.18,1.04,1.12,1.28,1.25,1.03,1.12,1.3,1.19,1.28,1.37,1.2,26036.0,26035.0,,1.0,31.0,33.0,8.0,13908.0,1655.0,65.0,10471.0,7.0,2.0,26108.0,3746.0,3735.0,4335.0,4596.0,4845.0,4851.0,307.0,271.0,292.0,334.0,327.0,268.0,293.0,340.0,310.0,333.0,357.0,314.0,99.72,99.76,99.73,99.75,99.65,99.69,99.75,99.71,99.35,100.0,99.32,99.7,99.69,100.0,99.32,100.0,100.0,99.7,100.0,100.0
3513850,0.0,45.45,54.55,100.0,4.55,0.0,9.09,4.55,0.0,0.0,0.0,0.0,0.0,0.0,2.27,2.27,2.27,11.36,4.55,11.36,6.82,11.36,4.55,20.45,4.55,9.09,0.0,0.0,0.0,0.0,2.27,2.27,0.0,11.36,20.45,13.64,15.91,9.09,20.45,9.09,0.0,0.0,20.0,24.0,44.0,2.0,0.0,4.0,2.0,0.0,0.0,0.0,0.0,0.0,0.0,1.0,1.0,1.0,5.0,2.0,5.0,3.0,5.0,2.0,9.0,2.0,4.0,0.0,0.0,0.0,0.0,1.0,1.0,0.0,5.0,9.0,6.0,7.0,4.0,9.0,4.0,0.0,100.0,100.0,,0.0,0.0,0.0,0.0,77.38,1.19,0.0,21.43,0.0,0.0,100.0,13.1,29.76,11.9,19.05,19.05,7.14,1.19,2.38,1.19,1.19,2.38,0.0,1.19,1.19,0.0,0.0,1.19,1.19,84.0,84.0,,0.0,0.0,0.0,0.0,65.0,1.0,0.0,18.0,0.0,0.0,84.0,11.0,25.0,10.0,16.0,16.0,6.0,1.0,2.0,1.0,1.0,2.0,0.0,1.0,1.0,0.0,0.0,1.0,1.0,100.0,100.0,100.0,100.0,100.0,100.0,100.0,100.0,100.0,100.0,100.0,100.0,100.0,0.0,100.0,100.0,0.0,0.0,100.0,100.0
3513900,0.0,56.43,43.57,100.0,0.36,0.0,0.36,0.0,0.71,0.36,0.71,1.43,1.43,1.79,2.5,3.21,2.5,4.64,2.86,12.14,7.86,14.29,8.93,16.43,10.0,4.64,3.21,0.0,0.0,0.36,0.0,0.0,0.0,20.71,24.29,9.64,13.93,11.79,11.07,8.57,0.0,0.0,158.0,122.0,280.0,1.0,0.0,1.0,0.0,2.0,1.0,2.0,4.0,4.0,5.0,7.0,9.0,7.0,13.0,8.0,34.0,22.0,40.0,25.0,46.0,28.0,13.0,9.0,0.0,0.0,1.0,0.0,0.0,0.0,58.0,68.0,27.0,39.0,33.0,31.0,24.0,0.0,99.7,99.7,,0.0,0.3,0.0,0.0,80.97,0.61,0.15,18.26,0.0,0.0,100.0,15.68,15.83,18.42,18.87,18.57,12.63,1.67,0.61,1.22,1.07,0.91,1.37,2.74,0.91,0.91,1.67,1.52,1.07,655.0,655.0,,0.0,2.0,0.0,0.0,532.0,4.0,1.0,120.0,0.0,0.0,657.0,103.0,104.0,121.0,124.0,122.0,83.0,11.0,4.0,8.0,7.0,6.0,9.0,18.0,6.0,6.0,11.0,10.0,7.0,99.7,98.06,100.0,100.0,100.0,100.0,100.0,100.0,100.0,100.0,100.0,100.0,83.33,100.0,100.0,100.0,100.0,100.0,90.0,100.0
3514007,0.0,58.74,41.26,100.0,0.0,0.0,0.0,0.0,0.0,0.0,0.0,0.7,0.7,2.1,0.0,1.4,4.9,4.2,11.89,9.09,11.19,11.89,13.99,12.59,8.39,4.9,2.1,0.0,0.0,0.0,0.0,0.0,0.0,22.38,17.48,13.99,8.39,19.58,8.39,9.79,0.0,0.0,84.0,59.0,143.0,0.0,0.0,0.0,0.0,0.0,0.0,0.0,1.0,1.0,3.0,0.0,2.0,7.0,6.0,17.0,13.0,16.0,17.0,20.0,18.0,12.0,7.0,3.0,0.0,0.0,0.0,0.0,0.0,0.0,32.0,25.0,20.0,12.0,28.0,12.0,14.0,0.0,99.21,99.21,,0.0,0.31,0.47,0.0,47.56,2.99,0.0,49.45,0.0,0.0,100.0,16.06,15.28,17.01,18.11,15.75,17.8,1.42,1.73,0.63,1.26,1.1,1.73,1.89,1.57,1.1,1.57,1.26,0.79,630.0,630.0,,0.0,2.0,3.0,0.0,302.0,19.0,0.0,314.0,0.0,0.0,635.0,102.0,97.0,108.0,115.0,100.0,113.0,9.0,11.0,4.0,8.0,7.0,11.0,12.0,10.0,7.0,10.0,8.0,5.0,99.21,99.02,98.97,99.07,100.0,99.0,99.12,99.31,100.0,90.91,100.0,100.0,100.0,100.0,100.0,100.0,100.0,100.0,100.0,100.0
3514106,0.0,57.67,42.33,100.0,0.97,0.19,1.17,0.19,0.0,0.58,0.97,1.17,1.36,1.75,3.11,4.27,3.3,3.5,7.96,8.16,8.93,12.62,10.49,12.43,10.29,6.02,1.55,0.19,0.58,0.19,0.0,0.19,0.0,21.17,19.42,11.84,12.04,14.76,8.74,12.04,0.0,0.0,297.0,218.0,515.0,5.0,1.0,6.0,1.0,0.0,3.0,5.0,6.0,7.0,9.0,16.0,22.0,17.0,18.0,41.0,42.0,46.0,65.0,54.0,64.0,53.0,31.0,8.0,1.0,3.0,1.0,0.0,1.0,0.0,109.0,100.0,61.0,62.0,76.0,45.0,62.0,0.0,99.89,99.89,,0.0,0.06,0.06,0.0,65.6,2.76,0.06,31.47,0.11,0.0,100.0,14.89,14.33,16.64,18.27,18.27,17.6,0.96,1.75,1.3,1.47,1.47,1.69,0.79,1.07,1.13,1.24,0.79,1.24,1771.0,1771.0,,0.0,1.0,1.0,0.0,1163.0,49.0,1.0,558.0,2.0,0.0,1773.0,264.0,254.0,295.0,324.0,324.0,312.0,17.0,31.0,23.0,26.0,26.0,30.0,14.0,19.0,20.0,22.0,14.0,22.0,99.89,99.62,100.0,99.66,100.0,100.0,100.0,99.92,94.12,100.0,100.0,100.0,100.0,100.0,100.0,100.0,100.0,100.0,100.0,100.0
3514205,0.0,51.11,48.89,100.0,0.0,0.0,0.0,0.0,0.0,0.0,0.0,0.0,0.0,2.22,0.0,6.67,2.22,0.0,6.67,8.89,11.11,15.56,8.89,28.89,4.44,4.44,0.0,0.0,0.0,0.0,0.0,0.0,0.0,20.0,22.22,15.56,13.33,2.22,13.33,13.33,0.0,0.0,23.0,22.0,45.0,0.0,0.0,0.0,0.0,0.0,0.0,0.0,0.0,0.0,1.0,0.0,3.0,1.0,0.0,3.0,4.0,5.0,7.0,4.0,13.0,2.0,2.0,0.0,0.0,0.0,0.0,0.0,0.0,0.0,9.0,10.0,7.0,6.0,1.0,6.0,6.0,0.0,100.0,100.0,,0.0,0.0,0.0,0.0,65.29,3.31,0.0,31.4,0.0,0.0,100.0,15.7,14.88,19.83,19.83,11.57,18.18,0.0,0.83,1.65,1.65,0.83,0.0,0.83,2.48,1.65,2.48,1.65,1.65,121.0,121.0,,0.0,0.0,0.0,0.0,79.0,4.0,0.0,38.0,0.0,0.0,121.0,19.0,18.0,24.0,24.0,14.0,22.0,0.0,1.0,2.0,2.0,1.0,0.0,1.0,3.0,2.0,3.0,2.0,2.0,100.0,100.0,100.0,100.0,100.0,100.0,100.0,100.0,0.0,100.0,100.0,100.0,100.0,0.0,100.0,100.0,100.0,100.0,100.0,100.0
3514304,0.0,53.1,46.9,100.0,1.77,0.0,2.65,0.88,0.44,0.0,0.0,1.33,1.77,1.33,3.54,3.1,1.77,4.42,7.08,12.39,7.96,12.83,12.39,12.83,7.52,5.31,1.33,0.0,0.0,0.0,0.0,1.77,0.0,18.58,18.58,12.39,15.04,12.39,12.39,10.62,0.0,0.0,120.0,106.0,226.0,4.0,0.0,6.0,2.0,1.0,0.0,0.0,3.0,4.0,3.0,8.0,7.0,4.0,10.0,16.0,28.0,18.0,29.0,28.0,29.0,17.0,12.0,3.0,0.0,0.0,0.0,0.0,4.0,0.0,42.0,42.0,28.0,34.0,28.0,28.0,24.0,0.0,100.0,100.0,,0.0,0.0,0.0,0.0,73.38,2.16,0.0,24.46,0.0,0.0,100.0,15.58,12.34,18.18,14.5,17.75,21.65,0.87,1.08,1.08,1.52,2.16,1.95,1.08,1.08,1.52,0.22,1.3,1.73,462.0,462.0,,0.0,0.0,0.0,0.0,339.0,10.0,0.0,113.0,0.0,0.0,462.0,72.0,57.0,84.0,67.0,82.0,100.0,4.0,5.0,5.0,7.0,10.0,9.0,5.0,5.0,7.0,1.0,6.0,8.0,100.0,100.0,100.0,100.0,100.0,100.0,100.0,100.0,100.0,100.0,100.0,100.0,100.0,100.0,100.0,100.0,100.0,100.0,100.0,100.0
3514403,0.0,57.45,42.55,100.0,0.44,0.09,0.52,0.09,0.26,0.44,0.44,1.05,0.87,1.05,1.92,2.88,4.18,5.32,7.41,8.28,8.81,12.29,10.55,13.69,9.5,7.76,2.09,0.61,0.26,0.0,0.09,0.09,0.0,17.87,24.32,11.94,12.29,13.6,10.64,9.33,0.0,0.0,659.0,488.0,1147.0,5.0,1.0,6.0,1.0,3.0,5.0,5.0,12.0,10.0,12.0,22.0,33.0,48.0,61.0,85.0,95.0,101.0,141.0,121.0,157.0,109.0,89.0,24.0,7.0,3.0,0.0,1.0,1.0,0.0,205.0,279.0,137.0,141.0,156.0,122.0,107.0,0.0,99.74,99.74,,0.0,0.15,0.04,0.07,69.01,1.79,0.82,28.39,0.0,0.0,100.0,16.0,15.29,17.86,18.23,16.7,15.92,1.26,1.56,1.64,1.45,1.75,0.97,1.64,1.49,0.89,0.86,1.34,1.15,2681.0,2681.0,,0.0,4.0,1.0,2.0,1855.0,48.0,22.0,763.0,0.0,0.0,2688.0,430.0,411.0,480.0,490.0,449.0,428.0,34.0,42.0,44.0,39.0,47.0,26.0,44.0,40.0,24.0,23.0,36.0,31.0,99.74,99.77,100.0,99.17,99.8,100.0,99.77,99.68,100.0,97.62,100.0,100.0,100.0,100.0,100.0,100.0,100.0,100.0,100.0,100.0
3514502,0.0,50.67,49.33,100.0,0.54,0.0,0.54,0.0,0.0,0.0,0.0,1.07,1.07,1.34,2.41,1.61,2.95,5.63,7.77,7.24,11.26,9.38,10.19,13.4,11.26,9.65,2.95,0.27,0.27,0.0,0.27,0.0,0.0,19.3,19.3,11.53,13.67,12.06,10.72,13.4,0.0,0.0,189.0,184.0,373.0,2.0,0.0,2.0,0.0,0.0,0.0,0.0,4.0,4.0,5.0,9.0,6.0,11.0,21.0,29.0,27.0,42.0,35.0,38.0,50.0,42.0,36.0,11.0,1.0,1.0,0.0,1.0,0.0,0.0,72.0,72.0,43.0,51.0,45.0,40.0,50.0,0.0,99.87,99.87,,0.0,0.13,0.0,0.0,68.73,2.37,0.26,28.1,0.53,0.0,100.0,15.04,15.04,18.34,17.94,16.23,17.41,0.92,0.92,2.11,1.06,1.58,1.58,0.92,1.45,1.06,0.66,1.19,1.58,757.0,757.0,,0.0,1.0,0.0,0.0,521.0,18.0,2.0,213.0,4.0,0.0,758.0,114.0,114.0,139.0,136.0,123.0,132.0,7.0,7.0,16.0,8.0,12.0,12.0,7.0,11.0,8.0,5.0,9.0,12.0,99.87,100.0,100.0,100.0,100.0,99.19,100.0,99.81,100.0,100.0,100.0,100.0,100.0,100.0,100.0,100.0,100.0,100.0,100.0,100.0
3514601,0.0,54.84,45.16,100.0,1.29,0.0,1.29,0.0,0.0,0.0,1.94,0.0,0.65,1.94,3.87,2.58,1.94,3.23,4.52,9.68,15.48,12.26,12.9,9.03,9.68,5.16,3.87,0.0,0.65,0.0,0.0,0.65,0.0,21.29,19.35,10.32,11.61,14.84,12.9,9.68,0.0,0.0,85.0,70.0,155.0,2.0,0.0,2.0,0.0,0.0,0.0,3.0,0.0,1.0,3.0,6.0,4.0,3.0,5.0,7.0,15.0,24.0,19.0,20.0,14.0,15.0,8.0,6.0,0.0,1.0,0.0,0.0,1.0,0.0,33.0,30.0,16.0,18.0,23.0,20.0,15.0,0.0,99.85,99.85,,0.0,0.15,0.0,0.0,56.77,4.66,0.0,38.57,0.0,0.0,100.0,16.01,14.41,16.01,17.61,18.78,17.18,1.89,1.16,0.58,1.6,0.87,1.02,1.46,1.6,1.46,1.46,0.87,2.04,686.0,686.0,,0.0,1.0,0.0,0.0,390.0,32.0,0.0,265.0,0.0,0.0,687.0,110.0,99.0,110.0,121.0,129.0,118.0,13.0,8.0,4.0,11.0,6.0,7.0,10.0,11.0,10.0,10.0,6.0,14.0,99.85,100.0,100.0,100.0,100.0,100.0,99.15,99.79,100.0,100.0,100.0,100.0,100.0,100.0,100.0,100.0,100.0,100.0,100.0,100.0
3514700,0.0,55.33,44.67,100.0,1.33,0.0,1.33,0.0,0.0,0.0,0.0,0.67,2.0,0.67,2.0,4.67,4.67,6.67,2.67,10.0,9.33,8.67,14.0,16.0,6.0,6.67,4.0,0.0,0.67,0.67,0.0,0.0,0.0,20.0,17.33,16.0,16.67,10.0,10.0,10.0,0.0,0.0,83.0,67.0,150.0,2.0,0.0,2.0,0.0,0.0,0.0,0.0,1.0,3.0,1.0,3.0,7.0,7.0,10.0,4.0,15.0,14.0,13.0,21.0,24.0,9.0,10.0,6.0,0.0,1.0,1.0,0.0,0.0,0.0,30.0,26.0,24.0,25.0,15.0,15.0,15.0,0.0,99.6,99.6,,0.0,0.0,0.4,0.0,64.17,1.82,0.2,33.81,0.0,0.0,100.0,16.19,14.17,17.21,18.02,16.8,17.61,1.21,1.82,1.82,2.02,1.21,1.62,1.01,1.62,0.81,0.61,1.62,0.81,492.0,492.0,,0.0,0.0,2.0,0.0,317.0,9.0,1.0,167.0,0.0,0.0,494.0,80.0,70.0,85.0,89.0,83.0,87.0,6.0,9.0,9.0,10.0,6.0,8.0,5.0,8.0,4.0,3.0,8.0,4.0,99.6,100.0,100.0,100.0,100.0,100.0,97.7,99.42,100.0,100.0,100.0,100.0,100.0,100.0,100.0,100.0,100.0,100.0,100.0,100.0
3514809,0.0,56.14,43.86,100.0,0.0,0.0,0.35,0.35,0.35,0.7,1.4,1.05,1.75,1.75,3.51,2.11,2.11,3.86,8.42,6.67,10.88,7.72,12.98,11.93,12.28,6.67,2.46,1.05,0.0,0.0,0.0,0.0,0.0,18.95,21.05,16.49,11.93,11.93,10.88,8.77,0.0,0.0,160.0,125.0,285.0,0.0,0.0,1.0,1.0,1.0,2.0,4.0,3.0,5.0,5.0,10.0,6.0,6.0,11.0,24.0,19.0,31.0,22.0,37.0,34.0,35.0,19.0,7.0,3.0,0.0,0.0,0.0,0.0,0.0,54.0,60.0,47.0,34.0,34.0,31.0,25.0,0.0,99.3,99.3,,0.0,0.26,0.44,0.0,43.31,9.77,0.09,45.51,1.32,0.0,100.0,15.05,17.52,13.91,16.29,20.33,16.9,1.32,1.14,0.79,1.06,1.58,1.14,0.97,2.02,1.06,1.14,1.41,1.41,1128.0,1128.0,,0.0,3.0,5.0,0.0,492.0,111.0,1.0,517.0,15.0,0.0,1136.0,171.0,199.0,158.0,185.0,231.0,192.0,15.0,13.0,9.0,12.0,18.0,13.0,11.0,23.0,12.0,13.0,16.0,16.0,99.3,97.66,99.5,99.37,100.0,99.57,99.48,99.61,100.0,92.31,100.0,100.0,100.0,100.0,100.0,95.65,83.33,100.0,100.0,100.0
3514908,0.0,56.27,43.73,100.0,1.61,0.0,2.57,0.96,0.0,0.32,0.32,1.61,1.93,0.64,3.22,2.57,5.14,6.75,7.07,9.65,15.43,9.97,7.07,10.29,9.32,3.54,1.61,0.96,0.64,0.64,0.0,0.32,0.0,14.79,24.12,12.22,10.93,16.72,10.93,10.29,0.0,0.0,175.0,136.0,311.0,5.0,0.0,8.0,3.0,0.0,1.0,1.0,5.0,6.0,2.0,10.0,8.0,16.0,21.0,22.0,30.0,48.0,31.0,22.0,32.0,29.0,11.0,5.0,3.0,2.0,2.0,0.0,1.0,0.0,46.0,75.0,38.0,34.0,52.0,34.0,32.0,0.0,99.93,99.93,,0.0,0.07,0.0,0.0,63.98,2.14,0.0,33.88,0.0,0.0,100.0,16.2,15.83,16.05,16.94,17.97,17.01,1.33,1.18,1.33,1.63,1.26,1.18,1.63,1.55,1.41,1.18,1.04,1.48,1351.0,1351.0,,0.0,1.0,0.0,0.0,865.0,29.0,0.0,458.0,0.0,0.0,1352.0,219.0,214.0,217.0,229.0,243.0,230.0,18.0,16.0,18.0,22.0,17.0,16.0,22.0,21.0,19.0,16.0,14.0,20.0,99.93,99.54,100.0,100.0,100.0,100.0,100.0,100.0,100.0,100.0,100.0,100.0,100.0,93.75,100.0,100.0,100.0,100.0,100.0,100.0
3514924,0.0,57.14,42.86,100.0,1.1,0.0,2.2,1.1,0.0,0.0,0.0,1.1,0.0,2.2,2.2,4.4,1.1,8.79,2.2,8.79,12.09,16.48,5.49,23.08,5.49,1.1,2.2,1.1,1.1,0.0,0.0,0.0,0.0,21.98,15.38,15.38,6.59,10.99,15.38,14.29,0.0,0.0,52.0,39.0,91.0,1.0,0.0,2.0,1.0,0.0,0.0,0.0,1.0,0.0,2.0,2.0,4.0,1.0,8.0,2.0,8.0,11.0,15.0,5.0,21.0,5.0,1.0,2.0,1.0,1.0,0.0,0.0,0.0,0.0,20.0,14.0,14.0,6.0,10.0,14.0,13.0,0.0,100.0,100.0,,0.0,0.0,0.0,0.0,69.31,1.06,0.0,29.63,0.0,0.0,100.0,11.11,17.99,13.23,20.11,14.29,23.28,0.0,0.53,1.59,1.06,0.0,0.0,2.12,2.65,1.06,1.06,0.53,0.53,189.0,189.0,,0.0,0.0,0.0,0.0,131.0,2.0,0.0,56.0,0.0,0.0,189.0,21.0,34.0,25.0,38.0,27.0,44.0,0.0,1.0,3.0,2.0,0.0,0.0,4.0,5.0,2.0,2.0,1.0,1.0,100.0,100.0,100.0,100.0,100.0,100.0,100.0,100.0,0.0,100.0,100.0,100.0,0.0,0.0,100.0,100.0,100.0,100.0,100.0,100.0
3514957,0.0,56.52,43.48,100.0,0.0,0.0,0.0,0.0,0.0,0.0,2.9,0.0,1.45,1.45,4.35,2.9,2.9,4.35,15.94,5.8,11.59,11.59,7.25,18.84,4.35,2.9,1.45,0.0,0.0,0.0,0.0,0.0,0.0,18.84,28.99,10.14,7.25,7.25,11.59,15.94,0.0,0.0,39.0,30.0,69.0,0.0,0.0,0.0,0.0,0.0,0.0,2.0,0.0,1.0,1.0,3.0,2.0,2.0,3.0,11.0,4.0,8.0,8.0,5.0,13.0,3.0,2.0,1.0,0.0,0.0,0.0,0.0,0.0,0.0,13.0,20.0,7.0,5.0,5.0,8.0,11.0,0.0,100.0,100.0,,0.0,0.0,0.0,0.0,72.14,0.71,0.0,27.14,0.0,0.0,100.0,10.0,17.86,18.57,13.57,17.14,22.86,0.71,1.43,0.0,0.71,1.43,0.0,0.71,1.43,2.14,1.43,0.0,0.0,140.0,140.0,,0.0,0.0,0.0,0.0,101.0,1.0,0.0,38.0,0.0,0.0,140.0,14.0,25.0,26.0,19.0,24.0,32.0,1.0,2.0,0.0,1.0,2.0,0.0,1.0,2.0,3.0,2.0,0.0,0.0,100.0,100.0,100.0,100.0,100.0,100.0,100.0,100.0,100.0,100.0,0.0,100.0,100.0,0.0,100.0,100.0,100.0,100.0,0.0,0.0
3515004,0.0,56.12,43.88,100.0,1.25,0.16,1.96,0.72,0.28,0.25,1.02,2.13,2.36,2.31,3.0,3.9,5.04,7.12,7.74,10.74,11.55,11.67,9.91,7.95,5.85,3.26,1.43,0.37,0.51,0.35,0.28,0.05,0.07,19.06,20.38,12.71,14.95,13.12,10.03,9.75,0.0,0.0,2429.0,1899.0,4328.0,54.0,7.0,85.0,31.0,12.0,11.0,44.0,92.0,102.0,100.0,130.0,169.0,218.0,308.0,335.0,465.0,500.0,505.0,429.0,344.0,253.0,141.0,62.0,16.0,22.0,15.0,12.0,2.0,3.0,825.0,882.0,550.0,647.0,568.0,434.0,422.0,0.0,99.72,99.72,,0.0,0.14,0.11,0.03,45.8,8.21,0.17,45.79,0.03,0.01,100.0,14.1,14.81,16.22,18.27,18.23,18.38,1.22,1.13,1.05,1.08,1.21,1.07,1.33,1.23,1.32,1.13,1.23,1.11,19248.0,19248.0,,0.0,27.0,22.0,6.0,8841.0,1584.0,32.0,8838.0,6.0,2.0,19303.0,2722.0,2858.0,3130.0,3527.0,3518.0,3548.0,235.0,218.0,202.0,209.0,233.0,206.0,257.0,237.0,254.0,219.0,237.0,215.0,99.72,99.38,99.76,99.74,99.72,99.77,99.86,99.77,98.3,99.08,99.01,100.0,100.0,99.51,99.22,99.16,99.61,99.54,99.58,99.53
3515103,0.0,55.92,44.08,100.0,1.09,0.22,2.32,1.23,0.29,0.73,0.65,1.74,1.09,1.6,3.05,3.34,4.43,6.97,8.21,10.89,10.6,12.2,10.75,7.99,6.46,4.72,1.45,0.29,0.51,0.22,0.0,0.36,0.0,18.59,20.48,13.73,12.64,13.44,10.82,10.31,0.0,0.0,770.0,607.0,1377.0,15.0,3.0,32.0,17.0,4.0,10.0,9.0,24.0,15.0,22.0,42.0,46.0,61.0,96.0,113.0,150.0,146.0,168.0,148.0,110.0,89.0,65.0,20.0,4.0,7.0,3.0,0.0,5.0,0.0,256.0,282.0,189.0,174.0,185.0,149.0,142.0,0.0,99.62,99.62,,0.0,0.2,0.1,0.08,52.11,4.56,0.36,42.88,0.1,0.0,100.0,14.62,13.84,16.48,17.81,18.04,19.21,0.83,0.89,1.23,1.27,1.41,1.17,1.49,1.25,1.49,1.11,1.23,1.27,5030.0,5030.0,,0.0,10.0,5.0,4.0,2631.0,230.0,18.0,2165.0,5.0,0.0,5049.0,738.0,699.0,832.0,899.0,911.0,970.0,42.0,45.0,62.0,64.0,71.0,59.0,75.0,63.0,75.0,56.0,62.0,64.0,99.62,98.92,99.14,99.76,99.78,100.0,99.9,99.86,95.24,95.56,100.0,100.0,100.0,100.0,98.67,98.41,98.67,100.0,98.39,100.0
3515129,0.0,62.5,37.5,100.0,2.27,0.0,2.27,0.0,0.0,0.0,1.14,3.41,2.27,1.14,2.27,2.27,2.27,2.27,4.55,7.95,12.5,7.95,15.91,15.91,7.95,5.68,2.27,0.0,0.0,1.14,0.0,1.14,0.0,14.77,23.86,10.23,11.36,15.91,11.36,12.5,0.0,0.0,55.0,33.0,88.0,2.0,0.0,2.0,0.0,0.0,0.0,1.0,3.0,2.0,1.0,2.0,2.0,2.0,2.0,4.0,7.0,11.0,7.0,14.0,14.0,7.0,5.0,2.0,0.0,0.0,1.0,0.0,1.0,0.0,13.0,21.0,9.0,10.0,14.0,10.0,11.0,0.0,99.46,99.46,,0.0,0.0,0.54,0.0,57.84,4.32,1.62,36.22,0.0,0.0,100.0,14.59,12.43,17.84,22.16,20.0,12.97,0.54,0.54,1.08,2.7,2.7,0.0,1.08,1.62,1.62,0.0,2.16,0.54,184.0,184.0,,0.0,0.0,1.0,0.0,107.0,8.0,3.0,67.0,0.0,0.0,185.0,27.0,23.0,33.0,41.0,37.0,24.0,1.0,1.0,2.0,5.0,5.0,0.0,2.0,3.0,3.0,0.0,4.0,1.0,99.46,100.0,100.0,96.97,100.0,100.0,100.0,99.26,100.0,100.0,100.0,100.0,100.0,0.0,100.0,100.0,100.0,0.0,100.0,100.0
3515152,0.0,53.8,46.2,100.0,2.53,0.0,3.48,0.95,0.32,0.95,0.0,2.85,2.85,2.85,3.48,1.9,4.11,10.13,6.65,6.96,10.76,9.81,9.49,7.91,9.49,4.11,1.27,0.63,0.63,1.58,0.0,0.32,0.0,20.57,23.73,9.81,13.29,15.19,9.49,7.91,0.0,0.0,170.0,146.0,316.0,8.0,0.0,11.0,3.0,1.0,3.0,0.0,9.0,9.0,9.0,11.0,6.0,13.0,32.0,21.0,22.0,34.0,31.0,30.0,25.0,30.0,13.0,4.0,2.0,2.0,5.0,0.0,1.0,0.0,65.0,75.0,31.0,42.0,48.0,30.0,25.0,0.0,99.44,99.44,,0.0,0.31,0.19,0.06,51.51,3.27,0.12,45.03,0.06,0.0,100.0,17.17,14.95,18.41,17.11,16.43,15.94,1.24,1.11,1.61,1.11,1.42,1.42,1.17,1.79,1.54,1.73,1.61,1.42,1610.0,1610.0,,0.0,5.0,3.0,1.0,834.0,53.0,2.0,729.0,1.0,0.0,1619.0,278.0,242.0,298.0,277.0,266.0,258.0,20.0,18.0,26.0,18.0,23.0,23.0,19.0,29.0,25.0,28.0,26.0,23.0,99.44,99.28,99.59,99.33,99.64,99.62,99.22,99.45,95.0,100.0,100.0,100.0,100.0,95.65,100.0,100.0,100.0,100.0,100.0,100.0
3515186,0.0,53.3,46.7,100.0,1.15,0.0,1.24,0.1,0.1,0.29,0.38,1.05,0.96,1.72,1.82,2.68,4.88,6.41,5.36,9.95,9.76,12.15,11.2,10.81,10.81,6.51,1.63,0.29,0.48,0.38,0.1,0.19,0.0,20.29,19.43,12.06,13.59,13.49,10.24,10.91,0.0,0.0,557.0,488.0,1045.0,12.0,0.0,13.0,1.0,1.0,3.0,4.0,11.0,10.0,18.0,19.0,28.0,51.0,67.0,56.0,104.0,102.0,127.0,117.0,113.0,113.0,68.0,17.0,3.0,5.0,4.0,1.0,2.0,0.0,212.0,203.0,126.0,142.0,141.0,107.0,114.0,0.0,99.69,99.69,,0.0,0.09,0.18,0.04,79.83,2.59,0.31,17.27,0.0,0.0,100.0,14.59,14.63,17.27,17.66,18.45,17.4,0.88,0.92,1.05,1.36,1.58,1.32,1.1,0.92,1.32,1.14,1.76,1.23,2269.0,2269.0,,0.0,2.0,4.0,1.0,1817.0,59.0,7.0,393.0,0.0,0.0,2276.0,332.0,333.0,393.0,402.0,420.0,396.0,20.0,21.0,24.0,31.0,36.0,30.0,25.0,21.0,30.0,26.0,40.0,28.0,99.69,99.4,100.0,99.49,99.75,100.0,99.49,99.69,100.0,100.0,100.0,96.77,97.22,100.0,100.0,100.0,100.0,100.0,100.0,100.0
3515194,0.0,54.84,45.16,100.0,0.0,0.0,1.08,1.08,0.0,0.0,1.08,2.15,1.08,0.0,3.23,6.45,5.38,9.68,7.53,5.38,5.38,13.98,10.75,11.83,7.53,6.45,0.0,1.08,0.0,0.0,0.0,0.0,0.0,18.28,22.58,9.68,16.13,10.75,13.98,8.6,0.0,0.0,51.0,42.0,93.0,0.0,0.0,1.0,1.0,0.0,0.0,1.0,2.0,1.0,0.0,3.0,6.0,5.0,9.0,7.0,5.0,5.0,13.0,10.0,11.0,7.0,6.0,0.0,1.0,0.0,0.0,0.0,0.0,0.0,17.0,21.0,9.0,15.0,10.0,13.0,8.0,0.0,100.0,100.0,,0.0,0.0,0.0,0.0,67.7,3.09,0.0,29.21,0.0,0.0,100.0,17.98,11.8,18.54,16.01,19.38,16.29,0.84,2.25,1.69,0.84,2.81,0.84,0.84,1.97,1.97,1.69,0.84,1.4,356.0,356.0,,0.0,0.0,0.0,0.0,241.0,11.0,0.0,104.0,0.0,0.0,356.0,64.0,42.0,66.0,57.0,69.0,58.0,3.0,8.0,6.0,3.0,10.0,3.0,3.0,7.0,7.0,6.0,3.0,5.0,100.0,100.0,100.0,100.0,100.0,100.0,100.0,100.0,100.0,100.0,100.0,100.0,100.0,100.0,100.0,100.0,100.0,100.0,100.0,100.0
3515202,0.0,56.73,43.27,100.0,1.44,0.0,1.44,0.0,0.0,0.0,1.44,0.96,0.0,2.4,2.4,1.92,2.88,3.37,3.37,7.21,12.02,9.13,14.42,19.23,6.25,8.65,1.92,0.96,0.96,0.48,0.0,0.0,0.0,25.0,16.83,11.54,8.17,13.46,11.54,13.46,0.0,0.0,118.0,90.0,208.0,3.0,0.0,3.0,0.0,0.0,0.0,3.0,2.0,0.0,5.0,5.0,4.0,6.0,7.0,7.0,15.0,25.0,19.0,30.0,40.0,13.0,18.0,4.0,2.0,2.0,1.0,0.0,0.0,0.0,52.0,35.0,24.0,17.0,28.0,24.0,28.0,0.0,100.0,100.0,,0.0,0.0,0.0,0.0,67.34,2.37,0.17,30.12,0.0,0.0,100.0,15.23,18.1,14.55,16.92,13.54,21.66,1.18,1.35,0.85,1.35,1.86,1.02,1.86,1.18,0.85,1.02,0.68,2.03,591.0,591.0,,0.0,0.0,0.0,0.0,398.0,14.0,1.0,178.0,0.0,0.0,591.0,90.0,107.0,86.0,100.0,80.0,128.0,7.0,8.0,5.0,8.0,11.0,6.0,11.0,7.0,5.0,6.0,4.0,12.0,100.0,100.0,100.0,100.0,100.0,100.0,100.0,100.0,100.0,100.0,100.0,100.0,100.0,100.0,100.0,100.0,100.0,100.0,100.0,100.0
3515301,0.0,53.33,46.67,100.0,0.0,0.0,0.0,0.0,0.0,4.44,0.0,2.22,0.0,2.22,0.0,4.44,4.44,6.67,4.44,13.33,8.89,13.33,6.67,11.11,6.67,8.89,0.0,2.22,0.0,0.0,0.0,0.0,0.0,15.56,24.44,8.89,11.11,17.78,15.56,6.67,0.0,0.0,24.0,21.0,45.0,0.0,0.0,0.0,0.0,0.0,2.0,0.0,1.0,0.0,1.0,0.0,2.0,2.0,3.0,2.0,6.0,4.0,6.0,3.0,5.0,3.0,4.0,0.0,1.0,0.0,0.0,0.0,0.0,0.0,7.0,11.0,4.0,5.0,8.0,7.0,3.0,0.0,100.0,100.0,,0.0,0.0,0.0,0.0,59.14,1.08,1.08,38.71,0.0,0.0,100.0,16.13,10.75,13.98,20.43,18.82,19.89,1.61,1.08,0.54,1.61,1.08,0.0,2.69,1.08,1.08,1.61,2.15,1.61,186.0,186.0,,0.0,0.0,0.0,0.0,110.0,2.0,2.0,72.0,0.0,0.0,186.0,30.0,20.0,26.0,38.0,35.0,37.0,3.0,2.0,1.0,3.0,2.0,0.0,5.0,2.0,2.0,3.0,4.0,3.0,100.0,100.0,100.0,100.0,100.0,100.0,100.0,100.0,100.0,100.0,100.0,100.0,100.0,0.0,100.0,100.0,100.0,100.0,100.0,100.0
3515350,0.0,56.5,43.5,100.0,1.13,0.56,1.13,0.0,0.0,0.0,2.26,0.56,1.13,1.69,3.95,2.82,2.26,5.65,3.95,10.17,7.34,15.25,13.56,10.73,7.91,6.21,1.69,1.13,1.13,0.0,0.0,0.0,0.0,22.6,19.21,11.3,14.69,15.25,11.86,5.08,0.0,0.0,100.0,77.0,177.0,2.0,1.0,2.0,0.0,0.0,0.0,4.0,1.0,2.0,3.0,7.0,5.0,4.0,10.0,7.0,18.0,13.0,27.0,24.0,19.0,14.0,11.0,3.0,2.0,2.0,0.0,0.0,0.0,0.0,40.0,34.0,20.0,26.0,27.0,21.0,9.0,0.0,100.0,100.0,,0.0,0.0,0.0,0.0,41.08,2.52,0.0,56.4,0.0,0.0,100.0,14.05,14.05,18.38,19.82,17.12,16.58,1.44,1.08,1.08,1.26,0.54,0.9,1.8,1.26,0.54,1.08,1.62,1.44,555.0,555.0,,0.0,0.0,0.0,0.0,228.0,14.0,0.0,313.0,0.0,0.0,555.0,78.0,78.0,102.0,110.0,95.0,92.0,8.0,6.0,6.0,7.0,3.0,5.0,10.0,7.0,3.0,6.0,9.0,8.0,100.0,100.0,100.0,100.0,100.0,100.0,100.0,100.0,100.0,100.0,100.0,100.0,100.0,100.0,100.0,100.0,100.0,100.0,100.0,100.0
3515400,0.0,56.55,43.45,100.0,0.73,0.0,0.73,0.0,0.0,0.0,0.97,1.21,1.46,2.67,2.18,2.18,2.18,4.85,9.47,8.01,8.98,12.86,12.62,10.92,9.71,4.37,2.91,1.7,0.49,0.0,0.24,0.0,0.0,20.87,22.09,9.47,11.65,13.59,11.89,10.44,0.0,0.0,233.0,179.0,412.0,3.0,0.0,3.0,0.0,0.0,0.0,4.0,5.0,6.0,11.0,9.0,9.0,9.0,20.0,39.0,33.0,37.0,53.0,52.0,45.0,40.0,18.0,12.0,7.0,2.0,0.0,1.0,0.0,0.0,86.0,91.0,39.0,48.0,56.0,49.0,43.0,0.0,99.73,99.73,,0.0,0.0,0.27,0.0,79.65,1.86,0.09,18.41,0.0,0.0,100.0,14.34,16.46,15.66,20.97,16.37,16.19,0.71,0.97,1.15,1.06,1.5,1.33,1.42,1.42,0.88,2.39,0.71,0.8,1127.0,1127.0,,0.0,0.0,3.0,0.0,900.0,21.0,1.0,208.0,0.0,0.0,1130.0,162.0,186.0,177.0,237.0,185.0,183.0,8.0,11.0,13.0,12.0,17.0,15.0,16.0,16.0,10.0,27.0,8.0,9.0,99.73,99.38,100.0,100.0,99.58,99.46,100.0,99.74,100.0,100.0,100.0,100.0,100.0,100.0,93.75,100.0,100.0,100.0,100.0,100.0
3515509,0.0,56.87,43.13,100.0,0.63,0.11,1.03,0.4,0.11,0.11,0.34,0.74,1.03,1.6,2.29,2.69,3.55,5.44,5.96,9.62,8.93,10.42,11.23,15.01,9.79,6.64,2.58,0.74,0.4,0.11,0.0,0.11,0.0,18.33,22.39,11.11,12.94,14.38,10.65,10.19,0.0,0.0,993.0,753.0,1746.0,11.0,2.0,18.0,7.0,2.0,2.0,6.0,13.0,18.0,28.0,40.0,47.0,62.0,95.0,104.0,168.0,156.0,182.0,196.0,262.0,171.0,116.0,45.0,13.0,7.0,2.0,0.0,2.0,0.0,320.0,391.0,194.0,226.0,251.0,186.0,178.0,0.0,99.75,99.71,,0.04,0.18,0.07,0.0,71.81,2.35,0.34,25.43,0.07,0.0,100.0,15.41,15.29,16.57,18.08,17.56,17.09,1.23,1.53,1.23,1.14,1.26,1.5,1.28,1.28,1.32,1.37,1.03,1.23,4448.0,4446.0,,2.0,8.0,3.0,0.0,3202.0,105.0,15.0,1134.0,3.0,0.0,4459.0,687.0,682.0,739.0,806.0,783.0,762.0,55.0,68.0,55.0,51.0,56.0,67.0,57.0,57.0,59.0,61.0,46.0,55.0,99.71,99.27,100.0,99.73,99.75,99.87,99.61,99.74,96.36,100.0,100.0,100.0,100.0,100.0,100.0,96.49,100.0,100.0,97.83,100.0
3515608,0.0,56.41,43.59,100.0,1.28,0.0,1.28,0.0,0.0,0.0,0.64,2.56,0.64,0.0,1.92,3.85,3.21,2.56,5.77,8.33,10.26,16.03,8.97,15.38,13.46,5.13,0.0,0.0,0.64,0.64,0.0,0.0,0.0,19.23,16.03,16.03,12.82,12.18,13.46,10.26,0.0,0.0,88.0,68.0,156.0,2.0,0.0,2.0,0.0,0.0,0.0,1.0,4.0,1.0,0.0,3.0,6.0,5.0,4.0,9.0,13.0,16.0,25.0,14.0,24.0,21.0,8.0,0.0,0.0,1.0,1.0,0.0,0.0,0.0,30.0,25.0,25.0,20.0,19.0,21.0,16.0,0.0,100.0,100.0,,0.0,0.0,0.0,0.0,69.32,2.74,0.0,27.95,0.0,0.0,100.0,15.62,14.52,17.26,15.34,16.44,20.82,1.64,1.1,1.92,1.64,0.82,1.1,1.1,0.82,1.37,1.64,0.55,1.92,365.0,365.0,,0.0,0.0,0.0,0.0,253.0,10.0,0.0,102.0,0.0,0.0,365.0,57.0,53.0,63.0,56.0,60.0,76.0,6.0,4.0,7.0,6.0,3.0,4.0,4.0,3.0,5.0,6.0,2.0,7.0,100.0,100.0,100.0,100.0,100.0,100.0,100.0,100.0,100.0,100.0,100.0,100.0,100.0,100.0,100.0,100.0,100.0,100.0,100.0,100.0
3515657,0.0,61.36,38.64,100.0,0.0,0.0,0.0,0.0,0.0,0.0,0.0,2.27,0.0,2.27,2.27,2.27,0.0,4.55,0.0,9.09,9.09,11.36,15.91,15.91,11.36,6.82,6.82,0.0,0.0,0.0,0.0,0.0,0.0,25.0,25.0,4.55,4.55,27.27,11.36,2.27,0.0,0.0,27.0,17.0,44.0,0.0,0.0,0.0,0.0,0.0,0.0,0.0,1.0,0.0,1.0,1.0,1.0,0.0,2.0,0.0,4.0,4.0,5.0,7.0,7.0,5.0,3.0,3.0,0.0,0.0,0.0,0.0,0.0,0.0,11.0,11.0,2.0,2.0,12.0,5.0,1.0,0.0,100.0,100.0,,0.0,0.0,0.0,0.0,62.88,3.03,0.0,34.09,0.0,0.0,100.0,15.15,18.18,12.88,15.91,14.39,23.48,1.52,0.0,1.52,0.76,3.79,0.76,0.76,0.76,0.76,0.76,1.52,2.27,132.0,132.0,,0.0,0.0,0.0,0.0,83.0,4.0,0.0,45.0,0.0,0.0,132.0,20.0,24.0,17.0,21.0,19.0,31.0,2.0,0.0,2.0,1.0,5.0,1.0,1.0,1.0,1.0,1.0,2.0,3.0,100.0,100.0,100.0,100.0,100.0,100.0,100.0,100.0,100.0,0.0,100.0,100.0,100.0,100.0,100.0,100.0,100.0,100.0,100.0,100.0
3515707,0.0,53.27,46.73,100.0,1.4,0.15,1.89,0.49,0.12,0.2,1.22,1.75,2.09,2.56,2.76,3.81,5.12,6.63,8.96,10.88,11.99,11.11,9.08,8.44,5.79,3.4,1.37,0.67,0.52,0.55,0.12,0.2,0.0,18.39,21.53,12.1,13.41,14.11,10.53,9.92,0.0,0.0,1831.0,1606.0,3437.0,48.0,5.0,65.0,17.0,4.0,7.0,42.0,60.0,72.0,88.0,95.0,131.0,176.0,228.0,308.0,374.0,412.0,382.0,312.0,290.0,199.0,117.0,47.0,23.0,18.0,19.0,4.0,7.0,0.0,632.0,740.0,416.0,461.0,485.0,362.0,341.0,0.0,99.63,99.63,,0.0,0.15,0.18,0.04,49.18,7.47,0.13,43.1,0.13,0.0,100.0,14.66,14.99,16.55,17.82,18.34,17.65,1.1,1.14,1.38,1.29,1.23,1.23,1.26,1.25,1.06,1.25,1.11,1.34,14131.0,14131.0,,0.0,21.0,26.0,6.0,6976.0,1059.0,18.0,6113.0,18.0,0.0,14184.0,2079.0,2126.0,2347.0,2528.0,2601.0,2503.0,156.0,162.0,196.0,183.0,174.0,175.0,179.0,178.0,151.0,178.0,157.0,190.0,99.63,99.71,99.62,99.7,99.53,99.5,99.72,99.61,99.36,99.38,100.0,100.0,99.43,100.0,99.44,98.88,100.0,100.0,100.0,100.0
3515806,0.0,59.26,40.74,100.0,0.0,0.0,0.0,0.0,0.0,0.0,3.7,0.0,0.0,0.0,0.0,1.85,1.85,3.7,5.56,3.7,11.11,9.26,9.26,16.67,20.37,7.41,3.7,1.85,0.0,0.0,0.0,0.0,0.0,20.37,20.37,9.26,7.41,14.81,16.67,11.11,0.0,0.0,32.0,22.0,54.0,0.0,0.0,0.0,0.0,0.0,0.0,2.0,0.0,0.0,0.0,0.0,1.0,1.0,2.0,3.0,2.0,6.0,5.0,5.0,9.0,11.0,4.0,2.0,1.0,0.0,0.0,0.0,0.0,0.0,11.0,11.0,5.0,4.0,8.0,9.0,6.0,0.0,100.0,100.0,,0.0,0.0,0.0,0.0,58.23,1.27,1.27,39.24,0.0,0.0,100.0,21.52,8.86,21.52,17.72,12.66,17.72,2.53,1.27,0.0,2.53,1.27,2.53,0.0,1.27,2.53,2.53,3.8,1.27,79.0,79.0,,0.0,0.0,0.0,0.0,46.0,1.0,1.0,31.0,0.0,0.0,79.0,17.0,7.0,17.0,14.0,10.0,14.0,2.0,1.0,0.0,2.0,1.0,2.0,0.0,1.0,2.0,2.0,3.0,1.0,100.0,100.0,100.0,100.0,100.0,100.0,100.0,100.0,100.0,100.0,0.0,100.0,100.0,100.0,0.0,100.0,100.0,100.0,100.0,100.0
3515905,0.0,55.0,45.0,100.0,0.0,0.0,0.0,0.0,1.25,0.0,0.0,0.0,0.0,0.0,2.5,0.0,1.25,5.0,6.25,7.5,10.0,12.5,13.75,16.25,11.25,8.75,3.75,0.0,0.0,0.0,0.0,0.0,0.0,23.75,20.0,6.25,8.75,13.75,15.0,12.5,0.0,0.0,44.0,36.0,80.0,0.0,0.0,0.0,0.0,1.0,0.0,0.0,0.0,0.0,0.0,2.0,0.0,1.0,4.0,5.0,6.0,8.0,10.0,11.0,13.0,9.0,7.0,3.0,0.0,0.0,0.0,0.0,0.0,0.0,19.0,16.0,5.0,7.0,11.0,12.0,10.0,0.0,99.19,99.19,,0.0,0.81,0.0,0.0,72.58,1.61,0.0,25.81,0.0,0.0,100.0,12.9,14.52,14.52,20.16,16.13,21.77,1.61,0.0,0.0,0.81,0.81,3.23,3.23,0.81,0.0,0.81,0.81,0.81,123.0,123.0,,0.0,1.0,0.0,0.0,90.0,2.0,0.0,32.0,0.0,0.0,124.0,16.0,18.0,18.0,25.0,20.0,27.0,2.0,0.0,0.0,1.0,1.0,4.0,4.0,1.0,0.0,1.0,1.0,1.0,99.19,93.75,100.0,100.0,100.0,100.0,100.0,100.0,100.0,0.0,0.0,100.0,100.0,75.0,100.0,100.0,0.0,100.0,100.0,100.0
3516002,0.0,60.9,39.1,100.0,1.04,0.0,1.38,0.35,0.35,0.0,0.69,1.38,0.69,1.73,2.42,2.77,2.42,4.84,6.57,8.3,8.65,11.42,9.0,18.34,10.38,6.92,0.69,1.04,0.35,0.35,0.0,0.35,0.0,20.76,18.69,12.46,13.49,12.11,10.03,12.46,0.0,0.0,176.0,113.0,289.0,3.0,0.0,4.0,1.0,1.0,0.0,2.0,4.0,2.0,5.0,7.0,8.0,7.0,14.0,19.0,24.0,25.0,33.0,26.0,53.0,30.0,20.0,2.0,3.0,1.0,1.0,0.0,1.0,0.0,60.0,54.0,36.0,39.0,35.0,29.0,36.0,0.0,100.0,100.0,,0.0,0.0,0.0,0.0,61.97,1.46,0.4,36.17,0.0,0.0,100.0,15.43,14.63,16.89,16.76,19.28,17.02,0.66,1.33,1.86,1.86,0.93,1.2,0.93,1.6,0.27,1.6,1.86,1.33,752.0,752.0,,0.0,0.0,0.0,0.0,466.0,11.0,3.0,272.0,0.0,0.0,752.0,116.0,110.0,127.0,126.0,145.0,128.0,5.0,10.0,14.0,14.0,7.0,9.0,7.0,12.0,2.0,12.0,14.0,10.0,100.0,100.0,100.0,100.0,100.0,100.0,100.0,100.0,100.0,100.0,100.0,100.0,100.0,100.0,100.0,100.0,100.0,100.0,100.0,100.0
3516101,0.0,55.7,44.3,100.0,0.0,0.0,0.0,0.0,0.0,0.0,1.27,0.0,1.27,2.53,1.27,1.27,5.06,5.06,5.06,8.86,11.39,12.66,10.13,16.46,13.92,3.8,0.0,0.0,0.0,0.0,0.0,0.0,0.0,29.11,16.46,6.33,12.66,18.99,11.39,5.06,0.0,0.0,44.0,35.0,79.0,0.0,0.0,0.0,0.0,0.0,0.0,1.0,0.0,1.0,2.0,1.0,1.0,4.0,4.0,4.0,7.0,9.0,10.0,8.0,13.0,11.0,3.0,0.0,0.0,0.0,0.0,0.0,0.0,0.0,23.0,13.0,5.0,10.0,15.0,9.0,4.0,0.0,98.89,98.89,,0.0,0.56,0.56,0.0,63.89,3.89,0.0,32.22,0.0,0.0,100.0,13.89,13.89,18.89,16.67,16.11,20.56,0.0,1.67,2.78,1.11,2.22,0.56,1.67,1.67,1.11,0.0,0.0,1.11,178.0,178.0,,0.0,1.0,1.0,0.0,115.0,7.0,0.0,58.0,0.0,0.0,180.0,25.0,25.0,34.0,30.0,29.0,37.0,0.0,3.0,5.0,2.0,4.0,1.0,3.0,3.0,2.0,0.0,0.0,2.0,98.89,100.0,100.0,97.06,100.0,96.55,100.0,98.46,0.0,100.0,100.0,100.0,100.0,100.0,100.0,100.0,100.0,0.0,0.0,100.0
3516200,0.0,55.24,44.76,100.0,0.78,0.06,1.11,0.33,0.1,0.27,0.64,1.02,1.3,1.63,1.8,2.86,4.33,5.89,7.12,9.53,10.8,10.83,11.07,11.48,9.5,6.12,1.91,0.65,0.28,0.25,0.16,0.09,0.0,20.74,20.41,12.66,12.31,13.89,10.67,9.32,0.0,0.0,3734.0,3026.0,6760.0,53.0,4.0,75.0,22.0,7.0,18.0,43.0,69.0,88.0,110.0,122.0,193.0,293.0,398.0,481.0,644.0,730.0,732.0,748.0,776.0,642.0,414.0,129.0,44.0,19.0,17.0,11.0,6.0,0.0,1402.0,1380.0,856.0,832.0,939.0,721.0,630.0,0.0,99.72,99.72,,0.0,0.09,0.16,0.03,68.07,4.87,0.16,26.86,0.04,0.0,100.0,15.01,14.76,16.19,17.6,18.41,18.03,1.2,1.24,1.36,1.32,1.22,1.29,1.31,1.23,1.31,1.22,1.25,1.07,24885.0,24885.0,,0.0,23.0,41.0,7.0,16987.0,1215.0,39.0,6703.0,11.0,1.0,24956.0,3746.0,3683.0,4040.0,4393.0,4594.0,4500.0,299.0,309.0,340.0,329.0,304.0,321.0,328.0,306.0,326.0,305.0,312.0,267.0,99.72,99.63,99.78,99.75,99.66,99.78,99.69,99.72,99.67,100.0,99.71,100.0,99.34,99.69,99.39,99.67,99.69,99.34,99.68,99.25
3516309,0.0,55.98,44.02,100.0,1.89,0.64,2.5,0.61,0.44,0.37,1.18,2.26,1.62,3.07,2.97,4.16,5.2,7.16,7.43,12.09,12.67,11.45,9.36,6.76,4.86,2.4,0.84,0.54,0.61,0.64,0.34,0.24,0.07,21.01,18.99,13.45,14.53,14.59,8.61,8.82,0.0,0.0,1657.0,1303.0,2960.0,56.0,19.0,74.0,18.0,13.0,11.0,35.0,67.0,48.0,91.0,88.0,123.0,154.0,212.0,220.0,358.0,375.0,339.0,277.0,200.0,144.0,71.0,25.0,16.0,18.0,19.0,10.0,7.0,2.0,622.0,562.0,398.0,430.0,432.0,255.0,261.0,0.0,99.52,99.52,,0.0,0.24,0.18,0.06,44.41,8.51,0.13,46.91,0.04,0.0,100.0,21.38,13.62,15.22,16.8,16.45,16.53,0.87,1.51,1.98,1.69,1.79,1.78,1.95,2.12,2.0,2.24,2.05,1.41,14574.0,14574.0,,0.0,35.0,26.0,9.0,6504.0,1246.0,19.0,6869.0,6.0,0.0,14644.0,3131.0,1995.0,2229.0,2460.0,2409.0,2420.0,127.0,221.0,290.0,248.0,262.0,260.0,285.0,310.0,293.0,328.0,300.0,207.0,99.52,99.3,99.55,99.6,99.55,99.63,99.59,99.59,99.21,98.64,98.97,98.79,99.24,100.0,99.65,99.35,99.32,99.39,99.67,99.03
3516408,0.0,56.63,43.37,100.0,1.46,0.08,2.08,0.62,0.27,0.35,0.81,1.65,1.81,2.58,2.69,3.77,5.46,6.46,7.61,10.69,11.57,13.53,10.19,7.54,5.34,3.61,1.58,0.35,0.19,0.58,0.31,0.31,0.08,19.57,19.84,12.07,14.23,13.92,9.88,10.5,0.0,0.0,1473.0,1128.0,2601.0,38.0,2.0,54.0,16.0,7.0,9.0,21.0,43.0,47.0,67.0,70.0,98.0,142.0,168.0,198.0,278.0,301.0,352.0,265.0,196.0,139.0,94.0,41.0,9.0,5.0,15.0,8.0,8.0,2.0,509.0,516.0,314.0,370.0,362.0,257.0,273.0,0.0,99.6,99.59,,0.01,0.23,0.14,0.04,50.62,6.86,0.12,42.38,0.02,0.0,100.0,15.02,14.64,16.69,17.52,17.74,18.38,1.29,1.12,1.4,1.18,1.51,1.14,1.3,1.31,1.08,1.4,1.09,1.19,10999.0,10998.0,,1.0,25.0,15.0,4.0,5590.0,758.0,13.0,4680.0,2.0,0.0,11043.0,1659.0,1617.0,1843.0,1935.0,1959.0,2030.0,143.0,124.0,155.0,130.0,167.0,126.0,144.0,145.0,119.0,155.0,120.0,131.0,99.59,99.22,99.57,99.73,99.79,99.74,99.46,99.68,98.6,99.19,100.0,100.0,100.0,99.21,100.0,99.31,100.0,96.77,99.17,98.47
3516507,0.0,60.24,39.76,100.0,0.0,0.0,0.0,0.0,0.0,0.0,0.0,0.0,0.0,2.41,0.0,2.41,4.82,3.61,4.82,10.84,7.23,8.43,16.87,9.64,12.05,13.25,3.61,0.0,0.0,0.0,0.0,0.0,0.0,21.69,22.89,7.23,13.25,7.23,13.25,14.46,0.0,0.0,50.0,33.0,83.0,0.0,0.0,0.0,0.0,0.0,0.0,0.0,0.0,0.0,2.0,0.0,2.0,4.0,3.0,4.0,9.0,6.0,7.0,14.0,8.0,10.0,11.0,3.0,0.0,0.0,0.0,0.0,0.0,0.0,18.0,19.0,6.0,11.0,6.0,11.0,12.0,0.0,100.0,100.0,,0.0,0.0,0.0,0.0,65.84,0.0,0.0,34.16,0.0,0.0,100.0,13.04,12.42,14.91,16.77,25.47,17.39,0.0,0.62,1.24,1.24,0.62,1.86,1.24,0.62,0.0,2.48,0.62,2.48,161.0,161.0,,0.0,0.0,0.0,0.0,106.0,0.0,0.0,55.0,0.0,0.0,161.0,21.0,20.0,24.0,27.0,41.0,28.0,0.0,1.0,2.0,2.0,1.0,3.0,2.0,1.0,0.0,4.0,1.0,4.0,100.0,100.0,100.0,100.0,100.0,100.0,100.0,100.0,0.0,100.0,100.0,100.0,100.0,100.0,100.0,100.0,0.0,100.0,100.0,100.0
3516606,0.0,57.5,42.5,100.0,0.63,0.63,0.63,0.0,0.0,0.0,1.25,0.63,0.63,1.88,2.5,3.13,0.63,3.13,5.63,7.5,10.63,10.0,13.13,15.0,12.5,5.63,3.75,1.25,0.0,0.0,0.0,0.63,0.0,20.63,18.13,13.75,11.25,13.13,14.38,8.75,0.0,0.0,92.0,68.0,160.0,1.0,1.0,1.0,0.0,0.0,0.0,2.0,1.0,1.0,3.0,4.0,5.0,1.0,5.0,9.0,12.0,17.0,16.0,21.0,24.0,20.0,9.0,6.0,2.0,0.0,0.0,0.0,1.0,0.0,33.0,29.0,22.0,18.0,21.0,23.0,14.0,0.0,99.74,99.74,,0.0,0.26,0.0,0.0,63.12,4.42,0.26,32.21,0.0,0.0,100.0,14.03,12.47,18.18,15.58,21.82,17.92,1.56,1.04,0.26,1.04,2.6,0.78,1.3,1.04,1.3,0.52,1.56,1.04,384.0,384.0,,0.0,1.0,0.0,0.0,243.0,17.0,1.0,124.0,0.0,0.0,385.0,54.0,48.0,70.0,60.0,84.0,69.0,6.0,4.0,1.0,4.0,10.0,3.0,5.0,4.0,5.0,2.0,6.0,4.0,99.74,100.0,100.0,100.0,98.33,100.0,100.0,99.65,100.0,100.0,100.0,100.0,100.0,100.0,100.0,100.0,100.0,100.0,100.0,100.0
3516705,0.0,55.2,44.8,100.0,0.82,0.0,1.12,0.31,0.0,0.0,0.41,0.92,1.02,1.73,1.73,3.16,2.45,4.9,8.98,7.24,10.82,12.35,11.12,11.43,9.08,7.76,3.27,0.51,0.2,0.41,0.1,0.1,0.0,20.82,21.33,9.29,12.65,13.88,10.31,11.73,0.0,0.0,541.0,439.0,980.0,8.0,0.0,11.0,3.0,0.0,0.0,4.0,9.0,10.0,17.0,17.0,31.0,24.0,48.0,88.0,71.0,106.0,121.0,109.0,112.0,89.0,76.0,32.0,5.0,2.0,4.0,1.0,1.0,0.0,204.0,209.0,91.0,124.0,136.0,101.0,115.0,0.0,99.85,99.85,,0.0,0.11,0.04,0.0,63.13,3.29,0.63,32.88,0.07,0.0,100.0,16.03,15.52,16.96,17.58,17.84,16.07,1.33,1.11,1.48,1.11,1.33,1.0,1.96,1.44,1.26,0.96,1.66,1.4,2703.0,2703.0,,0.0,3.0,1.0,0.0,1709.0,89.0,17.0,890.0,2.0,0.0,2707.0,434.0,420.0,459.0,476.0,483.0,435.0,36.0,30.0,40.0,30.0,36.0,27.0,53.0,39.0,34.0,26.0,45.0,38.0,99.85,99.77,100.0,100.0,99.79,99.79,99.77,99.84,100.0,100.0,100.0,100.0,100.0,100.0,100.0,100.0,100.0,100.0,100.0,97.37
3516804,0.0,64.71,35.29,100.0,0.0,0.0,0.0,0.0,0.0,0.0,1.18,1.18,0.0,2.35,1.18,3.53,5.88,4.71,4.71,7.06,12.94,11.76,9.41,18.82,8.24,5.88,1.18,0.0,0.0,0.0,0.0,0.0,0.0,22.35,3.53,15.29,21.18,11.76,15.29,10.59,0.0,0.0,55.0,30.0,85.0,0.0,0.0,0.0,0.0,0.0,0.0,1.0,1.0,0.0,2.0,1.0,3.0,5.0,4.0,4.0,6.0,11.0,10.0,8.0,16.0,7.0,5.0,1.0,0.0,0.0,0.0,0.0,0.0,0.0,19.0,3.0,13.0,18.0,10.0,13.0,9.0,0.0,99.47,99.47,,0.0,0.0,0.53,0.0,64.36,2.66,0.0,32.98,0.0,0.0,100.0,11.17,17.02,17.55,15.43,16.49,22.34,1.06,0.53,0.53,1.6,2.13,1.06,0.53,1.6,0.0,1.06,1.06,0.0,187.0,187.0,,0.0,0.0,1.0,0.0,121.0,5.0,0.0,62.0,0.0,0.0,188.0,21.0,32.0,33.0,29.0,31.0,42.0,2.0,1.0,1.0,3.0,4.0,2.0,1.0,3.0,0.0,2.0,2.0,0.0,99.47,100.0,96.88,100.0,100.0,100.0,100.0,100.0,100.0,100.0,100.0,100.0,100.0,100.0,100.0,100.0,0.0,100.0,100.0,0.0
3516853,0.0,59.09,40.91,100.0,0.91,0.0,0.91,0.0,0.0,0.91,0.0,0.91,0.0,3.64,0.91,3.64,2.73,6.36,9.09,5.45,13.64,14.55,10.91,8.18,10.0,4.55,2.73,0.91,0.0,0.0,0.0,0.91,0.0,14.55,24.55,15.45,7.27,16.36,10.0,11.82,0.0,0.0,65.0,45.0,110.0,1.0,0.0,1.0,0.0,0.0,1.0,0.0,1.0,0.0,4.0,1.0,4.0,3.0,7.0,10.0,6.0,15.0,16.0,12.0,9.0,11.0,5.0,3.0,1.0,0.0,0.0,0.0,1.0,0.0,16.0,27.0,17.0,8.0,18.0,11.0,13.0,0.0,100.0,100.0,,0.0,0.0,0.0,0.0,55.3,2.33,0.0,42.38,0.0,0.0,100.0,12.92,16.8,16.02,20.16,18.09,16.02,0.52,0.78,0.52,1.29,0.78,0.78,1.03,1.81,1.29,1.29,2.33,0.52,387.0,387.0,,0.0,0.0,0.0,0.0,214.0,9.0,0.0,164.0,0.0,0.0,387.0,50.0,65.0,62.0,78.0,70.0,62.0,2.0,3.0,2.0,5.0,3.0,3.0,4.0,7.0,5.0,5.0,9.0,2.0,100.0,100.0,100.0,100.0,100.0,100.0,100.0,100.0,100.0,100.0,100.0,100.0,100.0,100.0,100.0,100.0,100.0,100.0,100.0,100.0
3516903,0.0,61.72,38.28,100.0,0.78,0.0,1.17,0.39,0.0,0.39,0.78,0.39,0.39,1.56,2.73,3.13,2.34,5.08,7.42,9.77,7.81,12.11,11.33,13.28,11.33,7.42,1.56,0.0,0.78,0.0,0.0,0.0,0.0,23.05,21.09,11.72,11.72,11.72,12.11,8.59,0.0,0.0,158.0,98.0,256.0,2.0,0.0,3.0,1.0,0.0,1.0,2.0,1.0,1.0,4.0,7.0,8.0,6.0,13.0,19.0,25.0,20.0,31.0,29.0,34.0,29.0,19.0,4.0,0.0,2.0,0.0,0.0,0.0,0.0,59.0,54.0,30.0,30.0,30.0,31.0,22.0,0.0,99.35,99.35,,0.0,0.32,0.32,0.0,69.37,2.59,0.0,28.04,0.0,0.0,100.0,14.26,13.61,16.37,18.15,17.67,19.94,0.97,1.13,1.13,0.65,1.46,0.81,0.97,1.78,2.11,0.97,0.97,1.3,613.0,613.0,,0.0,2.0,2.0,0.0,428.0,16.0,0.0,173.0,0.0,0.0,617.0,88.0,84.0,101.0,112.0,109.0,123.0,6.0,7.0,7.0,4.0,9.0,5.0,6.0,11.0,13.0,6.0,6.0,8.0,99.35,98.86,100.0,100.0,99.11,100.0,98.37,99.33,100.0,100.0,100.0,100.0,100.0,100.0,100.0,100.0,92.31,100.0,100.0,100.0
3517000,0.0,58.37,41.63,100.0,2.15,2.15,3.43,1.29,0.43,0.0,0.43,0.43,0.86,2.15,1.72,2.15,1.72,6.01,3.43,6.87,14.59,9.87,10.73,12.45,9.44,6.87,2.15,2.15,1.29,0.43,0.0,0.43,0.0,18.88,19.31,17.6,9.87,13.3,10.3,10.73,0.0,0.0,136.0,97.0,233.0,5.0,5.0,8.0,3.0,1.0,0.0,1.0,1.0,2.0,5.0,4.0,5.0,4.0,14.0,8.0,16.0,34.0,23.0,25.0,29.0,22.0,16.0,5.0,5.0,3.0,1.0,0.0,1.0,0.0,44.0,45.0,41.0,23.0,31.0,24.0,25.0,0.0,100.0,100.0,,0.0,0.0,0.0,0.0,58.65,2.91,0.18,38.25,0.0,0.0,100.0,16.58,15.12,16.76,16.58,16.94,18.03,1.28,2.19,1.64,0.36,1.82,0.91,1.09,2.55,1.28,0.91,1.28,1.28,549.0,549.0,,0.0,0.0,0.0,0.0,322.0,16.0,1.0,210.0,0.0,0.0,549.0,91.0,83.0,92.0,91.0,93.0,99.0,7.0,12.0,9.0,2.0,10.0,5.0,6.0,14.0,7.0,5.0,7.0,7.0,100.0,100.0,100.0,100.0,100.0,100.0,100.0,100.0,100.0,100.0,100.0,100.0,100.0,100.0,100.0,100.0,100.0,100.0,100.0,100.0
3517109,0.0,59.79,40.21,100.0,2.06,0.0,3.09,1.03,0.0,0.0,1.03,0.0,0.0,3.09,3.09,0.0,6.19,3.09,13.4,6.19,10.31,6.19,7.22,11.34,14.43,4.12,6.19,1.03,0.0,1.03,0.0,1.03,0.0,24.74,21.65,14.43,12.37,15.46,7.22,4.12,0.0,0.0,58.0,39.0,97.0,2.0,0.0,3.0,1.0,0.0,0.0,1.0,0.0,0.0,3.0,3.0,0.0,6.0,3.0,13.0,6.0,10.0,6.0,7.0,11.0,14.0,4.0,6.0,1.0,0.0,1.0,0.0,1.0,0.0,24.0,21.0,14.0,12.0,15.0,7.0,4.0,0.0,100.0,100.0,,0.0,0.0,0.0,0.0,62.46,3.75,0.0,33.79,0.0,0.0,100.0,14.33,15.02,13.99,16.72,22.87,17.06,0.68,1.02,0.68,0.68,1.02,2.05,0.68,2.05,0.68,0.68,2.05,2.05,293.0,293.0,,0.0,0.0,0.0,0.0,183.0,11.0,0.0,99.0,0.0,0.0,293.0,42.0,44.0,41.0,49.0,67.0,50.0,2.0,3.0,2.0,2.0,3.0,6.0,2.0,6.0,2.0,2.0,6.0,6.0,100.0,100.0,100.0,100.0,100.0,100.0,100.0,100.0,100.0,100.0,100.0,100.0,100.0,100.0,100.0,100.0,100.0,100.0,100.0,100.0
3517208,0.0,52.8,47.2,100.0,1.2,0.0,1.6,0.4,0.8,0.4,0.8,1.6,3.2,2.0,1.6,3.6,4.8,6.4,6.4,10.0,8.4,10.8,7.2,10.8,12.4,4.8,2.4,0.0,0.4,0.0,0.4,0.0,0.4,21.6,18.4,12.8,11.2,14.4,10.4,11.2,0.0,0.0,132.0,118.0,250.0,3.0,0.0,4.0,1.0,2.0,1.0,2.0,4.0,8.0,5.0,4.0,9.0,12.0,16.0,16.0,25.0,21.0,27.0,18.0,27.0,31.0,12.0,6.0,0.0,1.0,0.0,1.0,0.0,1.0,54.0,46.0,32.0,28.0,36.0,26.0,28.0,0.0,99.77,99.77,,0.0,0.23,0.0,0.0,59.02,2.46,0.59,37.7,0.23,0.0,100.0,14.87,15.34,17.92,17.92,17.45,16.51,1.52,1.76,1.64,1.17,1.29,2.22,0.82,1.52,1.05,0.35,0.94,0.59,852.0,852.0,,0.0,2.0,0.0,0.0,504.0,21.0,5.0,322.0,2.0,0.0,854.0,127.0,131.0,153.0,153.0,149.0,141.0,13.0,15.0,14.0,10.0,11.0,19.0,7.0,13.0,9.0,3.0,8.0,5.0,99.77,100.0,100.0,100.0,100.0,99.33,99.29,99.66,100.0,100.0,100.0,100.0,100.0,100.0,100.0,100.0,100.0,100.0,100.0,100.0
3517307,0.0,55.2,44.8,100.0,0.8,0.0,4.0,3.2,0.0,0.0,0.8,0.0,1.6,1.6,1.6,0.0,4.8,4.0,10.4,11.2,10.4,14.4,10.4,10.4,8.8,4.8,0.0,0.8,0.0,0.8,0.0,0.0,0.0,21.6,21.6,10.4,10.4,18.4,12.8,4.8,0.0,0.0,69.0,56.0,125.0,1.0,0.0,5.0,4.0,0.0,0.0,1.0,0.0,2.0,2.0,2.0,0.0,6.0,5.0,13.0,14.0,13.0,18.0,13.0,13.0,11.0,6.0,0.0,1.0,0.0,1.0,0.0,0.0,0.0,27.0,27.0,13.0,13.0,23.0,16.0,6.0,0.0,99.75,99.75,,0.0,0.0,0.25,0.0,53.52,1.51,0.75,44.22,0.0,0.0,100.0,12.56,15.08,16.58,15.58,19.6,20.6,1.01,0.75,0.5,2.26,0.75,0.75,0.75,0.5,2.01,0.5,1.01,1.76,397.0,397.0,,0.0,0.0,1.0,0.0,213.0,6.0,3.0,176.0,0.0,0.0,398.0,50.0,60.0,66.0,62.0,78.0,82.0,4.0,3.0,2.0,9.0,3.0,3.0,3.0,2.0,8.0,2.0,4.0,7.0,99.75,100.0,100.0,98.48,100.0,100.0,100.0,99.65,100.0,100.0,100.0,100.0,100.0,100.0,100.0,100.0,100.0,100.0,100.0,100.0
3517406,0.0,56.03,43.97,100.0,0.99,0.59,1.28,0.3,0.0,0.4,0.4,1.38,0.99,1.28,2.96,4.15,4.15,5.24,7.21,12.25,10.28,13.64,10.67,10.08,6.72,3.85,2.08,0.4,0.59,0.1,0.1,0.2,0.0,16.3,25.69,12.35,10.47,12.55,14.03,8.6,0.0,0.0,567.0,445.0,1012.0,10.0,6.0,13.0,3.0,0.0,4.0,4.0,14.0,10.0,13.0,30.0,42.0,42.0,53.0,73.0,124.0,104.0,138.0,108.0,102.0,68.0,39.0,21.0,4.0,6.0,1.0,1.0,2.0,0.0,165.0,260.0,125.0,106.0,127.0,142.0,87.0,0.0,99.73,99.73,,0.0,0.08,0.12,0.08,64.3,3.5,0.96,31.21,0.0,0.04,100.0,15.41,15.53,16.41,17.83,17.91,16.91,1.0,1.23,1.11,1.23,1.58,1.46,1.23,1.23,1.15,1.38,1.46,1.35,2595.0,2595.0,,0.0,2.0,3.0,2.0,1673.0,91.0,25.0,812.0,0.0,1.0,2602.0,401.0,404.0,427.0,464.0,466.0,440.0,26.0,32.0,29.0,32.0,41.0,38.0,32.0,32.0,30.0,36.0,38.0,35.0,99.73,99.5,99.75,99.77,100.0,99.57,99.77,99.78,100.0,100.0,100.0,100.0,100.0,100.0,100.0,100.0,100.0,100.0,94.74,100.0
3517505,0.0,57.96,42.04,100.0,0.48,0.0,0.71,0.24,0.0,0.24,0.48,0.48,1.43,2.61,3.33,2.85,2.61,5.46,6.41,9.98,9.5,11.64,13.78,12.35,11.16,3.8,1.19,0.0,0.0,0.48,0.0,0.0,0.0,20.67,21.85,10.69,12.35,14.25,12.83,7.36,0.0,0.0,244.0,177.0,421.0,2.0,0.0,3.0,1.0,0.0,1.0,2.0,2.0,6.0,11.0,14.0,12.0,11.0,23.0,27.0,42.0,40.0,49.0,58.0,52.0,47.0,16.0,5.0,0.0,0.0,2.0,0.0,0.0,0.0,87.0,92.0,45.0,52.0,60.0,54.0,31.0,0.0,99.05,99.05,,0.0,0.25,0.57,0.13,59.06,3.43,0.19,37.32,0.0,0.0,100.0,16.53,14.37,16.4,17.36,17.1,18.25,0.89,1.02,1.27,0.95,1.34,1.78,1.21,1.46,1.91,1.4,1.91,1.4,1558.0,1558.0,,0.0,4.0,9.0,2.0,929.0,54.0,3.0,587.0,0.0,0.0,1573.0,260.0,226.0,258.0,273.0,269.0,287.0,14.0,16.0,20.0,15.0,21.0,28.0,19.0,23.0,30.0,22.0,30.0,22.0,99.05,99.62,98.67,98.45,99.27,98.88,99.3,98.99,100.0,100.0,100.0,100.0,100.0,100.0,100.0,100.0,100.0,100.0,96.67,100.0
3517604,0.0,57.09,42.91,100.0,1.42,0.0,2.13,0.71,0.0,0.71,0.71,0.71,0.35,2.13,2.84,3.9,4.26,4.61,7.45,8.16,9.57,11.35,11.35,14.54,6.74,5.32,3.19,0.0,0.0,0.71,0.35,0.35,0.0,24.82,18.79,9.57,12.06,14.89,10.64,9.22,0.0,0.0,161.0,121.0,282.0,4.0,0.0,6.0,2.0,0.0,2.0,2.0,2.0,1.0,6.0,8.0,11.0,12.0,13.0,21.0,23.0,27.0,32.0,32.0,41.0,19.0,15.0,9.0,0.0,0.0,2.0,1.0,1.0,0.0,70.0,53.0,27.0,34.0,42.0,30.0,26.0,0.0,100.0,100.0,,0.0,0.0,0.0,0.0,60.9,0.72,0.72,37.66,0.0,0.0,100.0,13.38,13.78,14.82,19.39,19.71,18.91,0.56,1.12,1.52,1.12,1.28,0.32,1.36,0.96,1.36,1.36,1.36,1.04,1248.0,1248.0,,0.0,0.0,0.0,0.0,760.0,9.0,9.0,470.0,0.0,0.0,1248.0,167.0,172.0,185.0,242.0,246.0,236.0,7.0,14.0,19.0,14.0,16.0,4.0,17.0,12.0,17.0,17.0,17.0,13.0,100.0,100.0,100.0,100.0,100.0,100.0,100.0,100.0,100.0,100.0,100.0,100.0,100.0,100.0,100.0,100.0,100.0,100.0,100.0,100.0
3517703,0.0,51.07,48.93,100.0,1.43,0.48,1.43,0.0,0.0,0.48,0.95,1.19,0.72,1.43,2.63,6.21,4.06,6.68,8.35,10.74,7.16,16.23,11.46,8.83,4.77,4.53,1.19,0.48,0.72,0.72,0.0,0.0,0.0,14.08,23.15,13.13,14.56,12.89,12.17,10.02,0.0,0.0,214.0,205.0,419.0,6.0,2.0,6.0,0.0,0.0,2.0,4.0,5.0,3.0,6.0,11.0,26.0,17.0,28.0,35.0,45.0,30.0,68.0,48.0,37.0,20.0,19.0,5.0,2.0,3.0,3.0,0.0,0.0,0.0,59.0,97.0,55.0,61.0,54.0,51.0,42.0,0.0,99.62,99.62,,0.0,0.08,0.23,0.08,51.05,6.16,0.0,42.79,0.0,0.0,100.0,14.71,13.89,17.42,17.57,18.17,18.24,1.5,1.2,0.98,1.5,0.83,1.28,1.28,1.28,1.5,0.9,1.05,1.43,1327.0,1327.0,,0.0,1.0,3.0,1.0,680.0,82.0,0.0,570.0,0.0,0.0,1332.0,196.0,185.0,232.0,234.0,242.0,243.0,20.0,16.0,13.0,20.0,11.0,17.0,17.0,17.0,20.0,12.0,14.0,19.0,99.62,99.49,99.46,100.0,99.57,99.17,100.0,99.68,100.0,100.0,100.0,100.0,100.0,100.0,100.0,94.12,100.0,100.0,100.0,100.0
3517802,0.0,54.46,45.54,100.0,1.88,0.94,1.88,0.0,0.0,0.0,0.94,1.41,0.94,0.94,1.41,1.88,4.23,2.82,7.04,8.45,7.51,12.21,11.74,17.37,7.51,5.63,3.76,1.41,0.94,0.94,0.0,0.0,0.0,20.19,18.31,15.49,13.15,15.02,8.45,9.39,0.0,0.0,116.0,97.0,213.0,4.0,2.0,4.0,0.0,0.0,0.0,2.0,3.0,2.0,2.0,3.0,4.0,9.0,6.0,15.0,18.0,16.0,26.0,25.0,37.0,16.0,12.0,8.0,3.0,2.0,2.0,0.0,0.0,0.0,43.0,39.0,33.0,28.0,32.0,18.0,20.0,0.0,99.22,99.22,,0.0,0.26,0.52,0.0,60.26,2.08,1.56,36.1,0.0,0.0,100.0,10.39,19.74,14.55,18.96,20.78,15.58,0.26,0.78,0.78,0.78,1.82,1.04,0.52,1.3,0.0,1.56,1.04,0.52,382.0,382.0,,0.0,1.0,2.0,0.0,232.0,8.0,6.0,139.0,0.0,0.0,385.0,40.0,76.0,56.0,73.0,80.0,60.0,1.0,3.0,3.0,3.0,7.0,4.0,2.0,5.0,0.0,6.0,4.0,2.0,99.22,100.0,97.37,100.0,100.0,98.75,100.0,99.63,100.0,100.0,100.0,100.0,100.0,100.0,100.0,100.0,0.0,100.0,100.0,100.0
3517901,0.0,57.85,42.15,100.0,0.38,0.0,0.38,0.0,0.0,0.0,0.38,1.92,0.77,3.07,2.3,3.83,3.45,3.83,6.9,11.49,7.66,13.41,9.96,10.73,10.73,6.51,1.92,0.77,0.38,0.0,0.0,0.0,0.0,25.29,21.46,10.73,13.79,8.81,11.88,8.05,0.0,0.0,151.0,110.0,261.0,1.0,0.0,1.0,0.0,0.0,0.0,1.0,5.0,2.0,8.0,6.0,10.0,9.0,10.0,18.0,30.0,20.0,35.0,26.0,28.0,28.0,17.0,5.0,2.0,1.0,0.0,0.0,0.0,0.0,66.0,56.0,28.0,36.0,23.0,31.0,21.0,0.0,99.85,99.85,,0.0,0.0,0.15,0.0,56.18,3.36,0.15,40.31,0.0,0.0,100.0,14.5,17.1,16.95,17.71,16.03,17.71,1.37,1.07,1.68,1.22,1.37,1.07,1.98,1.22,0.15,1.07,1.22,1.07,654.0,654.0,,0.0,0.0,1.0,0.0,368.0,22.0,1.0,264.0,0.0,0.0,655.0,95.0,112.0,111.0,116.0,105.0,116.0,9.0,7.0,11.0,8.0,9.0,7.0,13.0,8.0,1.0,7.0,8.0,7.0,99.85,100.0,100.0,100.0,100.0,99.05,100.0,99.78,100.0,100.0,100.0,100.0,100.0,100.0,100.0,100.0,100.0,100.0,100.0,100.0
3518008,0.0,56.45,43.55,100.0,0.0,0.0,0.0,0.0,0.0,0.0,0.0,3.23,1.61,0.0,3.23,3.23,1.61,4.84,4.84,4.84,14.52,11.29,12.9,11.29,9.68,6.45,6.45,0.0,0.0,0.0,0.0,0.0,0.0,17.74,17.74,8.06,12.9,4.84,22.58,16.13,0.0,0.0,35.0,27.0,62.0,0.0,0.0,0.0,0.0,0.0,0.0,0.0,2.0,1.0,0.0,2.0,2.0,1.0,3.0,3.0,3.0,9.0,7.0,8.0,7.0,6.0,4.0,4.0,0.0,0.0,0.0,0.0,0.0,0.0,11.0,11.0,5.0,8.0,3.0,14.0,10.0,0.0,100.0,100.0,,0.0,0.0,0.0,0.0,70.94,4.27,0.0,24.79,0.0,0.0,100.0,11.11,14.53,16.24,22.22,17.95,17.95,0.0,0.85,0.85,2.56,0.0,0.85,0.85,0.0,1.71,0.85,1.71,0.85,117.0,117.0,,0.0,0.0,0.0,0.0,83.0,5.0,0.0,29.0,0.0,0.0,117.0,13.0,17.0,19.0,26.0,21.0,21.0,0.0,1.0,1.0,3.0,0.0,1.0,1.0,0.0,2.0,1.0,2.0,1.0,100.0,100.0,100.0,100.0,100.0,100.0,100.0,100.0,0.0,100.0,100.0,100.0,0.0,100.0,100.0,0.0,100.0,100.0,100.0,100.0
3518107,0.0,58.75,41.25,100.0,0.0,0.0,0.0,0.0,0.0,0.0,0.0,1.88,0.0,0.63,1.88,3.13,3.75,5.0,7.5,8.13,13.75,10.63,10.63,11.25,13.13,5.63,3.13,0.0,0.0,0.0,0.0,0.0,0.0,18.75,28.13,11.88,11.88,14.38,8.13,6.88,0.0,0.0,94.0,66.0,160.0,0.0,0.0,0.0,0.0,0.0,0.0,0.0,3.0,0.0,1.0,3.0,5.0,6.0,8.0,12.0,13.0,22.0,17.0,17.0,18.0,21.0,9.0,5.0,0.0,0.0,0.0,0.0,0.0,0.0,30.0,45.0,19.0,19.0,23.0,13.0,11.0,0.0,99.79,99.79,,0.0,0.21,0.0,0.0,62.94,1.86,0.0,35.2,0.0,0.0,100.0,18.22,14.49,14.7,16.15,20.29,16.15,1.24,2.28,1.45,1.66,2.07,1.04,0.62,2.48,1.45,1.24,1.24,1.45,482.0,482.0,,0.0,1.0,0.0,0.0,304.0,9.0,0.0,170.0,0.0,0.0,483.0,88.0,70.0,71.0,78.0,98.0,78.0,6.0,11.0,7.0,8.0,10.0,5.0,3.0,12.0,7.0,6.0,6.0,7.0,99.79,100.0,100.0,100.0,100.0,98.98,100.0,99.69,100.0,100.0,100.0,100.0,100.0,100.0,100.0,100.0,100.0,100.0,100.0,100.0
3518206,0.0,55.12,44.88,100.0,1.31,0.79,2.1,0.79,0.0,0.26,0.26,0.66,0.79,1.44,1.44,1.97,4.86,5.77,6.17,8.92,10.1,12.86,12.99,12.07,8.01,5.77,2.36,0.39,0.39,0.66,0.0,0.26,0.0,20.34,22.97,12.47,12.07,10.76,10.1,11.29,0.0,0.0,420.0,342.0,762.0,10.0,6.0,16.0,6.0,0.0,2.0,2.0,5.0,6.0,11.0,11.0,15.0,37.0,44.0,47.0,68.0,77.0,98.0,99.0,92.0,61.0,44.0,18.0,3.0,3.0,5.0,0.0,2.0,0.0,155.0,175.0,95.0,92.0,82.0,77.0,86.0,0.0,99.79,99.79,,0.0,0.0,0.16,0.05,59.79,2.22,0.62,37.21,0.1,0.05,100.0,14.83,13.8,17.26,18.55,16.95,18.6,1.29,1.45,1.71,1.14,1.45,1.14,1.14,1.24,1.14,0.93,1.14,1.09,1931.0,1931.0,,0.0,0.0,3.0,1.0,1157.0,43.0,12.0,720.0,2.0,1.0,1935.0,287.0,267.0,334.0,359.0,328.0,360.0,25.0,28.0,33.0,22.0,28.0,22.0,22.0,24.0,22.0,18.0,22.0,21.0,99.79,99.65,100.0,100.0,99.44,100.0,99.72,99.78,100.0,100.0,100.0,100.0,100.0,100.0,100.0,100.0,100.0,100.0,100.0,95.24
3518305,0.0,57.48,42.52,100.0,1.51,0.0,1.85,0.34,0.0,0.17,1.18,0.84,2.18,1.68,3.03,2.18,2.69,5.71,6.72,7.73,11.76,10.92,10.08,11.93,9.24,7.56,2.18,0.34,0.5,0.84,0.0,0.0,0.17,22.35,18.66,8.91,14.45,14.62,12.27,8.74,0.0,0.0,342.0,253.0,595.0,9.0,0.0,11.0,2.0,0.0,1.0,7.0,5.0,13.0,10.0,18.0,13.0,16.0,34.0,40.0,46.0,70.0,65.0,60.0,71.0,55.0,45.0,13.0,2.0,3.0,5.0,0.0,0.0,1.0,133.0,111.0,53.0,86.0,87.0,73.0,52.0,0.0,99.77,99.72,,0.05,0.14,0.09,0.0,62.91,3.05,0.47,33.33,0.23,0.0,100.0,12.44,15.54,18.69,18.17,17.89,17.28,1.22,1.13,1.22,0.94,0.94,1.22,0.8,1.13,1.08,0.7,1.08,0.99,2125.0,2124.0,,1.0,3.0,2.0,0.0,1340.0,65.0,10.0,710.0,5.0,0.0,2130.0,265.0,331.0,398.0,387.0,381.0,368.0,26.0,24.0,26.0,20.0,20.0,26.0,17.0,24.0,23.0,15.0,23.0,21.0,99.72,98.87,100.0,99.75,99.74,100.0,99.73,99.8,96.15,95.83,100.0,100.0,100.0,100.0,100.0,100.0,100.0,100.0,100.0,95.24
3518404,0.0,54.63,45.37,100.0,0.95,0.04,1.18,0.23,0.19,0.27,0.61,1.18,1.48,1.75,1.97,2.81,3.45,4.86,7.13,8.8,10.96,11.68,10.77,12.82,8.76,6.45,2.39,0.46,0.3,0.42,0.15,0.08,0.0,20.33,20.22,13.24,13.24,13.13,9.71,10.13,0.0,0.0,1440.0,1196.0,2636.0,25.0,1.0,31.0,6.0,5.0,7.0,16.0,31.0,39.0,46.0,52.0,74.0,91.0,128.0,188.0,232.0,289.0,308.0,284.0,338.0,231.0,170.0,63.0,12.0,8.0,11.0,4.0,2.0,0.0,536.0,533.0,349.0,349.0,346.0,256.0,267.0,0.0,99.76,99.76,,0.0,0.09,0.13,0.03,69.78,3.1,0.18,26.94,0.0,0.0,100.0,15.02,15.6,16.5,17.39,17.58,17.9,1.05,1.48,1.34,1.32,1.33,1.07,1.28,1.31,1.32,1.19,1.19,1.13,7864.0,7864.0,,0.0,7.0,10.0,2.0,5501.0,244.0,14.0,2124.0,0.0,0.0,7883.0,1184.0,1230.0,1301.0,1371.0,1386.0,1411.0,83.0,117.0,106.0,104.0,105.0,84.0,101.0,103.0,104.0,94.0,94.0,89.0,99.76,99.75,99.84,99.62,99.78,99.71,99.86,99.74,98.8,100.0,99.06,100.0,100.0,100.0,100.0,100.0,100.0,100.0,100.0,98.88
3518503,0.0,53.0,47.0,100.0,1.33,0.0,1.67,0.33,0.0,0.33,0.0,1.33,2.33,2.0,2.33,4.0,6.67,6.67,4.0,10.0,13.0,11.0,9.67,7.67,11.0,3.67,2.67,0.0,0.67,0.33,0.0,0.0,0.33,18.33,20.67,11.33,15.0,15.0,12.0,7.67,0.0,0.0,159.0,141.0,300.0,4.0,0.0,5.0,1.0,0.0,1.0,0.0,4.0,7.0,6.0,7.0,12.0,20.0,20.0,12.0,30.0,39.0,33.0,29.0,23.0,33.0,11.0,8.0,0.0,2.0,1.0,0.0,0.0,1.0,55.0,62.0,34.0,45.0,45.0,36.0,23.0,0.0,99.89,99.89,,0.0,0.0,0.11,0.0,71.11,1.22,0.0,27.44,0.22,0.0,100.0,15.22,12.0,18.11,17.0,21.67,16.0,1.22,1.11,0.89,1.33,1.78,1.44,1.78,1.22,1.22,0.78,1.11,1.33,899.0,899.0,,0.0,0.0,1.0,0.0,640.0,11.0,0.0,247.0,2.0,0.0,900.0,137.0,108.0,163.0,153.0,195.0,144.0,11.0,10.0,8.0,12.0,16.0,13.0,16.0,11.0,11.0,7.0,10.0,12.0,99.89,100.0,100.0,100.0,99.35,100.0,100.0,99.85,100.0,100.0,100.0,100.0,100.0,100.0,100.0,100.0,100.0,100.0,100.0,100.0
3518602,0.0,56.21,43.79,100.0,0.65,0.0,0.65,0.0,0.26,0.65,1.05,1.44,1.96,3.53,2.48,3.27,3.79,4.18,9.02,9.93,10.07,9.67,9.93,10.2,9.15,5.88,2.48,0.39,0.39,0.13,0.13,0.0,0.0,23.79,19.08,14.9,12.94,12.29,10.07,6.93,0.0,0.0,430.0,335.0,765.0,5.0,0.0,5.0,0.0,2.0,5.0,8.0,11.0,15.0,27.0,19.0,25.0,29.0,32.0,69.0,76.0,77.0,74.0,76.0,78.0,70.0,45.0,19.0,3.0,3.0,1.0,1.0,0.0,0.0,182.0,146.0,114.0,99.0,94.0,77.0,53.0,0.0,99.66,99.66,,0.0,0.15,0.19,0.0,44.62,5.1,0.11,50.09,0.07,0.0,100.0,15.42,14.75,16.42,18.51,16.8,18.1,1.79,1.6,1.19,1.45,0.93,1.68,0.74,1.27,1.12,1.15,1.12,1.38,2676.0,2676.0,,0.0,4.0,5.0,0.0,1198.0,137.0,3.0,1345.0,2.0,0.0,2685.0,414.0,396.0,441.0,497.0,451.0,486.0,48.0,43.0,32.0,39.0,25.0,45.0,20.0,34.0,30.0,31.0,30.0,37.0,99.66,99.76,99.49,99.77,100.0,98.89,100.0,99.68,97.92,100.0,100.0,100.0,100.0,100.0,100.0,100.0,100.0,100.0,100.0,100.0
3518701,0.0,53.67,46.33,100.0,1.41,0.08,2.12,0.71,0.2,0.44,0.74,1.38,1.41,2.3,2.69,3.58,4.08,6.3,7.98,10.59,11.58,11.5,9.4,9.97,7.11,3.97,2.05,0.52,0.32,0.49,0.24,0.34,0.03,18.88,20.41,12.94,15.06,13.41,9.72,9.58,0.0,0.0,3193.0,2756.0,5949.0,84.0,5.0,126.0,42.0,12.0,26.0,44.0,82.0,84.0,137.0,160.0,213.0,243.0,375.0,475.0,630.0,689.0,684.0,559.0,593.0,423.0,236.0,122.0,31.0,19.0,29.0,14.0,20.0,2.0,1123.0,1214.0,770.0,896.0,798.0,578.0,570.0,0.0,99.57,99.57,,0.0,0.2,0.16,0.07,49.7,4.85,0.13,45.23,0.08,0.0,100.0,14.05,14.87,17.12,17.97,18.05,17.93,0.97,1.1,1.18,1.22,1.15,1.08,1.27,1.22,1.29,1.33,1.14,1.11,21032.0,21032.0,,0.0,42.0,34.0,14.0,10498.0,1025.0,28.0,9554.0,17.0,0.0,21122.0,2968.0,3141.0,3617.0,3795.0,3813.0,3788.0,205.0,232.0,250.0,257.0,242.0,228.0,268.0,258.0,273.0,280.0,241.0,234.0,99.57,99.49,99.46,99.25,99.66,99.71,99.82,99.61,99.02,99.57,99.6,99.61,98.76,99.56,99.25,100.0,99.63,99.64,99.59,99.57
3518800,0.0,55.1,44.9,100.0,1.45,0.22,1.97,0.53,0.22,0.22,0.92,1.57,1.47,2.06,2.72,3.55,4.7,6.56,7.89,10.41,11.33,11.9,9.77,9.39,7.14,4.0,1.57,0.42,0.46,0.46,0.22,0.22,0.08,19.13,21.06,12.31,14.39,14.28,9.66,9.16,0.0,0.0,12800.0,10430.0,23230.0,336.0,50.0,458.0,122.0,52.0,50.0,213.0,365.0,341.0,479.0,632.0,825.0,1092.0,1525.0,1832.0,2419.0,2632.0,2764.0,2269.0,2182.0,1658.0,930.0,364.0,98.0,106.0,108.0,52.0,52.0,18.0,4443.0,4893.0,2860.0,3342.0,3318.0,2244.0,2129.0,1.0,99.55,99.54,,0.01,0.25,0.14,0.07,53.26,5.99,0.47,40.19,0.09,0.0,100.0,14.81,14.63,16.63,17.88,18.03,18.02,1.1,1.11,1.25,1.17,1.36,1.26,1.24,1.27,1.27,1.31,1.22,1.26,95257.0,95252.0,,5.0,236.0,134.0,64.0,50967.0,5730.0,446.0,38462.0,82.0,4.0,95691.0,14175.0,14001.0,15910.0,17109.0,17257.0,17239.0,1051.0,1062.0,1199.0,1123.0,1297.0,1207.0,1186.0,1211.0,1213.0,1255.0,1164.0,1207.0,99.54,99.32,99.62,99.6,99.51,99.62,99.55,99.57,98.86,99.06,99.08,99.38,99.23,99.5,99.16,99.09,99.34,99.68,99.74,99.67
3518859,0.0,55.56,44.44,100.0,0.56,0.0,1.67,1.11,0.0,0.56,1.11,1.11,1.11,0.0,1.67,5.0,6.67,3.33,3.33,9.44,11.67,13.89,11.67,8.89,7.78,6.11,5.0,0.0,0.56,0.0,0.0,0.0,0.0,14.44,25.56,15.56,9.44,15.0,6.67,13.33,0.0,0.0,100.0,80.0,180.0,1.0,0.0,3.0,2.0,0.0,1.0,2.0,2.0,2.0,0.0,3.0,9.0,12.0,6.0,6.0,17.0,21.0,25.0,21.0,16.0,14.0,11.0,9.0,0.0,1.0,0.0,0.0,0.0,0.0,26.0,46.0,28.0,17.0,27.0,12.0,24.0,0.0,99.62,99.62,,0.0,0.38,0.0,0.0,54.56,4.75,1.33,39.35,0.0,0.0,100.0,14.26,13.12,20.15,17.3,19.2,15.97,1.71,1.71,0.95,2.28,1.14,0.57,1.33,2.09,1.14,0.38,0.19,0.76,524.0,524.0,,0.0,2.0,0.0,0.0,287.0,25.0,7.0,207.0,0.0,0.0,526.0,75.0,69.0,106.0,91.0,101.0,84.0,9.0,9.0,5.0,12.0,6.0,3.0,7.0,11.0,6.0,2.0,1.0,4.0,99.62,100.0,100.0,99.06,100.0,99.01,100.0,99.48,100.0,100.0,100.0,100.0,100.0,100.0,100.0,100.0,100.0,100.0,100.0,100.0
3518909,0.0,51.82,48.18,100.0,0.0,0.0,0.91,0.91,0.0,0.0,0.0,0.0,0.91,3.64,2.73,1.82,1.82,5.45,10.0,15.45,14.55,6.36,14.55,9.09,9.09,3.64,0.0,0.0,0.0,0.0,0.0,0.0,0.0,15.45,20.91,8.18,20.0,9.09,11.82,14.55,0.0,0.0,57.0,53.0,110.0,0.0,0.0,1.0,1.0,0.0,0.0,0.0,0.0,1.0,4.0,3.0,2.0,2.0,6.0,11.0,17.0,16.0,7.0,16.0,10.0,10.0,4.0,0.0,0.0,0.0,0.0,0.0,0.0,0.0,17.0,23.0,9.0,22.0,10.0,13.0,16.0,0.0,100.0,100.0,,0.0,0.0,0.0,0.0,62.14,3.21,0.0,34.64,0.0,0.0,100.0,18.57,16.79,17.14,15.0,16.43,16.07,0.36,2.5,1.43,1.43,1.43,2.5,0.71,2.86,1.43,1.07,0.71,2.14,280.0,280.0,,0.0,0.0,0.0,0.0,174.0,9.0,0.0,97.0,0.0,0.0,280.0,52.0,47.0,48.0,42.0,46.0,45.0,1.0,7.0,4.0,4.0,4.0,7.0,2.0,8.0,4.0,3.0,2.0,6.0,100.0,100.0,100.0,100.0,100.0,100.0,100.0,100.0,100.0,100.0,100.0,100.0,100.0,100.0,100.0,100.0,100.0,100.0,100.0,100.0
3519006,0.0,67.44,32.56,100.0,0.0,0.0,0.47,0.47,0.0,0.0,0.47,1.86,3.26,0.47,2.79,0.47,6.51,5.12,6.51,10.23,6.98,9.77,12.09,10.7,13.02,7.91,0.93,0.47,0.0,0.0,0.0,0.0,0.0,14.42,23.72,10.7,15.35,15.81,9.77,10.23,0.0,0.0,145.0,70.0,215.0,0.0,0.0,1.0,1.0,0.0,0.0,1.0,4.0,7.0,1.0,6.0,1.0,14.0,11.0,14.0,22.0,15.0,21.0,26.0,23.0,28.0,17.0,2.0,1.0,0.0,0.0,0.0,0.0,0.0,31.0,51.0,23.0,33.0,34.0,21.0,22.0,0.0,99.85,99.85,,0.0,0.0,0.15,0.0,58.11,1.65,0.0,40.24,0.0,0.0,100.0,18.62,14.11,18.92,20.12,13.51,14.71,1.35,1.2,1.65,1.2,1.8,1.2,1.65,1.8,1.95,1.65,2.4,0.75,665.0,665.0,,0.0,0.0,1.0,0.0,387.0,11.0,0.0,268.0,0.0,0.0,666.0,124.0,94.0,126.0,134.0,90.0,98.0,9.0,8.0,11.0,8.0,12.0,8.0,11.0,12.0,13.0,11.0,16.0,5.0,99.85,99.19,100.0,100.0,100.0,100.0,100.0,100.0,100.0,100.0,100.0,100.0,100.0,87.5,100.0,100.0,100.0,100.0,100.0,100.0
3519055,0.0,54.92,45.08,100.0,2.05,0.0,2.05,0.0,0.41,0.41,0.0,1.64,1.64,1.23,4.51,2.05,5.33,4.92,7.38,7.79,7.79,11.07,13.11,12.7,7.79,6.15,2.05,0.0,0.41,1.23,0.41,0.0,0.0,20.49,20.08,15.98,10.66,13.93,11.07,7.79,0.0,0.0,134.0,110.0,244.0,5.0,0.0,5.0,0.0,1.0,1.0,0.0,4.0,4.0,3.0,11.0,5.0,13.0,12.0,18.0,19.0,19.0,27.0,32.0,31.0,19.0,15.0,5.0,0.0,1.0,3.0,1.0,0.0,0.0,50.0,49.0,39.0,26.0,34.0,27.0,19.0,0.0,100.0,100.0,,0.0,0.0,0.0,0.0,61.26,1.86,0.09,36.79,0.0,0.0,100.0,16.31,14.63,15.43,16.22,18.88,18.53,1.68,1.42,1.95,1.33,1.95,1.42,0.71,1.42,1.06,1.24,1.06,1.06,1128.0,1128.0,,0.0,0.0,0.0,0.0,691.0,21.0,1.0,415.0,0.0,0.0,1128.0,184.0,165.0,174.0,183.0,213.0,209.0,19.0,16.0,22.0,15.0,22.0,16.0,8.0,16.0,12.0,14.0,12.0,12.0,100.0,100.0,100.0,100.0,100.0,100.0,100.0,100.0,100.0,100.0,100.0,100.0,100.0,100.0,100.0,100.0,100.0,100.0,100.0,100.0
3519071,0.0,57.2,42.8,100.0,1.53,0.05,1.9,0.38,0.33,0.43,0.83,1.93,1.78,2.36,2.91,4.64,4.71,6.72,8.9,10.35,10.55,9.97,9.57,8.44,6.49,4.99,1.85,0.33,0.63,0.5,0.15,0.23,0.03,19.67,22.7,11.4,13.68,13.96,9.65,8.95,0.0,0.0,2283.0,1708.0,3991.0,61.0,2.0,76.0,15.0,13.0,17.0,33.0,77.0,71.0,94.0,116.0,185.0,188.0,268.0,355.0,413.0,421.0,398.0,382.0,337.0,259.0,199.0,74.0,13.0,25.0,20.0,6.0,9.0,1.0,785.0,906.0,455.0,546.0,557.0,385.0,357.0,0.0,99.67,99.67,,0.01,0.14,0.17,0.02,55.74,5.26,0.21,38.74,0.05,0.0,100.0,14.48,15.33,16.26,17.47,18.56,17.9,1.15,1.15,1.21,1.19,1.26,1.11,1.28,1.31,1.1,1.27,1.2,1.26,17467.0,17466.0,,1.0,24.0,29.0,4.0,9768.0,921.0,37.0,6789.0,9.0,0.0,17524.0,2538.0,2686.0,2850.0,3062.0,3252.0,3136.0,201.0,202.0,212.0,209.0,221.0,195.0,224.0,229.0,192.0,222.0,211.0,220.0,99.67,99.45,99.74,99.79,99.67,99.57,99.78,99.7,99.5,97.52,99.53,99.52,100.0,99.49,100.0,99.56,100.0,98.65,99.53,100.0
3519105,0.0,52.97,47.03,100.0,1.49,0.0,2.97,1.49,0.0,0.5,0.99,1.49,0.5,0.0,1.49,1.49,3.96,4.95,6.93,9.41,7.43,12.38,12.87,12.38,11.88,6.93,1.49,0.0,0.99,0.0,0.0,0.5,0.0,21.29,18.81,15.35,10.89,14.36,7.92,11.39,0.0,0.0,107.0,95.0,202.0,3.0,0.0,6.0,3.0,0.0,1.0,2.0,3.0,1.0,0.0,3.0,3.0,8.0,10.0,14.0,19.0,15.0,25.0,26.0,25.0,24.0,14.0,3.0,0.0,2.0,0.0,0.0,1.0,0.0,43.0,38.0,31.0,22.0,29.0,16.0,23.0,0.0,99.59,99.59,,0.0,0.14,0.27,0.0,72.42,1.9,0.14,25.54,0.0,0.0,100.0,17.26,14.95,16.03,16.17,18.75,16.85,1.63,1.9,0.95,2.04,2.45,1.49,0.68,0.68,1.22,1.09,2.04,1.09,733.0,733.0,,0.0,1.0,2.0,0.0,533.0,14.0,1.0,188.0,0.0,0.0,736.0,127.0,110.0,118.0,119.0,138.0,124.0,12.0,14.0,7.0,15.0,18.0,11.0,5.0,5.0,9.0,8.0,15.0,8.0,99.59,99.21,100.0,100.0,99.16,99.28,100.0,99.6,100.0,92.86,100.0,100.0,100.0,100.0,100.0,100.0,100.0,100.0,100.0,100.0
3519204,0.0,51.68,48.32,100.0,2.01,0.0,2.01,0.0,0.67,0.0,0.0,2.01,1.34,1.34,1.34,3.36,2.68,1.34,6.04,8.72,11.41,14.77,12.75,12.75,6.71,7.38,2.01,1.34,0.67,0.67,0.67,0.0,0.0,24.16,21.48,7.38,10.74,14.77,11.41,10.07,0.0,0.0,77.0,72.0,149.0,3.0,0.0,3.0,0.0,1.0,0.0,0.0,3.0,2.0,2.0,2.0,5.0,4.0,2.0,9.0,13.0,17.0,22.0,19.0,19.0,10.0,11.0,3.0,2.0,1.0,1.0,1.0,0.0,0.0,36.0,32.0,11.0,16.0,22.0,17.0,15.0,0.0,99.48,99.48,,0.0,0.26,0.26,0.0,64.04,1.31,1.05,33.33,0.26,0.0,100.0,16.01,15.49,16.01,18.11,18.37,16.01,1.57,1.84,1.84,1.57,2.36,1.57,0.79,1.05,1.05,0.52,0.79,1.05,379.0,379.0,,0.0,1.0,1.0,0.0,244.0,5.0,4.0,127.0,1.0,0.0,381.0,61.0,59.0,61.0,69.0,70.0,61.0,6.0,7.0,7.0,6.0,9.0,6.0,3.0,4.0,4.0,2.0,3.0,4.0,99.48,98.36,100.0,98.36,100.0,100.0,100.0,99.62,83.33,100.0,100.0,100.0,100.0,100.0,100.0,100.0,100.0,100.0,100.0,100.0
3519253,0.0,60.0,40.0,100.0,4.44,2.22,5.56,1.11,1.11,1.11,2.22,3.33,2.22,0.0,3.33,3.33,3.33,8.89,4.44,10.0,10.0,11.11,10.0,7.78,3.33,4.44,1.11,1.11,1.11,2.22,1.11,0.0,0.0,13.33,24.44,14.44,12.22,11.11,6.67,17.78,0.0,0.0,54.0,36.0,90.0,4.0,2.0,5.0,1.0,1.0,1.0,2.0,3.0,2.0,0.0,3.0,3.0,3.0,8.0,4.0,9.0,9.0,10.0,9.0,7.0,3.0,4.0,1.0,1.0,1.0,2.0,1.0,0.0,0.0,12.0,22.0,13.0,11.0,10.0,6.0,16.0,0.0,100.0,100.0,,0.0,0.0,0.0,0.0,59.75,4.45,0.0,35.59,0.21,0.0,100.0,15.04,17.8,16.1,19.49,14.41,17.16,0.64,1.06,1.27,2.33,1.69,1.27,1.06,1.48,1.48,1.48,0.21,1.06,472.0,472.0,,0.0,0.0,0.0,0.0,282.0,21.0,0.0,168.0,1.0,0.0,472.0,71.0,84.0,76.0,92.0,68.0,81.0,3.0,5.0,6.0,11.0,8.0,6.0,5.0,7.0,7.0,7.0,1.0,5.0,100.0,100.0,100.0,100.0,100.0,100.0,100.0,100.0,100.0,100.0,100.0,100.0,100.0,100.0,100.0,100.0,100.0,100.0,100.0,100.0
3519303,0.0,60.94,39.06,100.0,1.89,0.0,2.83,0.94,0.16,0.16,1.26,1.26,1.57,2.2,3.46,2.99,5.2,6.46,7.72,12.44,9.13,9.92,8.66,10.39,8.66,3.62,1.42,0.47,0.63,0.16,0.47,0.31,0.31,22.05,22.05,13.39,10.55,12.76,8.66,10.55,0.0,0.0,387.0,248.0,635.0,12.0,0.0,18.0,6.0,1.0,1.0,8.0,8.0,10.0,14.0,22.0,19.0,33.0,41.0,49.0,79.0,58.0,63.0,55.0,66.0,55.0,23.0,9.0,3.0,4.0,1.0,3.0,2.0,2.0,140.0,140.0,85.0,67.0,81.0,55.0,67.0,0.0,99.76,99.76,,0.0,0.16,0.08,0.0,58.15,4.01,0.08,37.72,0.04,0.0,100.0,14.55,16.65,16.38,17.73,16.93,17.77,1.43,1.59,1.07,1.03,1.23,0.91,1.27,1.27,1.11,1.23,1.19,1.19,2510.0,2510.0,,0.0,4.0,2.0,0.0,1463.0,101.0,2.0,949.0,1.0,0.0,2516.0,366.0,419.0,412.0,446.0,426.0,447.0,36.0,40.0,27.0,26.0,31.0,23.0,32.0,32.0,28.0,31.0,30.0,30.0,99.76,100.0,99.28,99.76,100.0,100.0,99.55,99.83,100.0,100.0,100.0,100.0,100.0,100.0,100.0,100.0,100.0,100.0,100.0,100.0
3519402,0.0,55.19,44.81,100.0,0.41,0.0,0.41,0.0,0.83,0.0,0.83,0.83,1.24,0.83,1.66,1.66,2.07,7.05,6.64,9.13,9.54,8.3,13.69,11.62,12.03,8.3,2.49,0.83,0.0,0.0,0.0,0.41,0.0,22.41,18.26,13.28,13.28,14.52,11.2,7.05,0.0,0.0,133.0,108.0,241.0,1.0,0.0,1.0,0.0,2.0,0.0,2.0,2.0,3.0,2.0,4.0,4.0,5.0,17.0,16.0,22.0,23.0,20.0,33.0,28.0,29.0,20.0,6.0,2.0,0.0,0.0,0.0,1.0,0.0,54.0,44.0,32.0,32.0,35.0,27.0,17.0,0.0,99.87,99.87,,0.0,0.13,0.0,0.0,71.09,2.08,0.39,26.43,0.0,0.0,100.0,15.63,16.8,18.49,16.02,16.28,16.8,2.6,0.78,1.95,0.65,1.17,1.69,0.91,1.82,1.3,0.78,1.17,0.78,767.0,767.0,,0.0,1.0,0.0,0.0,546.0,16.0,3.0,203.0,0.0,0.0,768.0,120.0,129.0,142.0,123.0,125.0,129.0,20.0,6.0,15.0,5.0,9.0,13.0,7.0,14.0,10.0,6.0,9.0,6.0,99.87,100.0,100.0,100.0,100.0,100.0,99.22,99.81,100.0,100.0,100.0,100.0,100.0,100.0,100.0,100.0,100.0,100.0,100.0,100.0
3519501,0.0,53.14,46.86,100.0,1.71,0.0,1.71,0.0,0.0,0.0,0.57,1.14,1.71,1.14,1.14,2.86,6.29,6.29,6.29,9.71,12.57,13.14,13.14,8.57,6.29,2.86,4.0,0.57,0.0,0.0,0.57,0.57,0.57,14.86,27.43,13.14,10.29,13.71,14.86,5.71,0.0,0.0,93.0,82.0,175.0,3.0,0.0,3.0,0.0,0.0,0.0,1.0,2.0,3.0,2.0,2.0,5.0,11.0,11.0,11.0,17.0,22.0,23.0,23.0,15.0,11.0,5.0,7.0,1.0,0.0,0.0,1.0,1.0,1.0,26.0,48.0,23.0,18.0,24.0,26.0,10.0,0.0,100.0,100.0,,0.0,0.0,0.0,0.0,73.32,1.16,0.0,25.52,0.0,0.0,100.0,15.31,15.31,15.55,15.31,19.03,19.49,1.16,1.16,1.62,1.86,0.7,1.39,0.93,1.16,0.93,0.7,2.32,1.39,431.0,431.0,,0.0,0.0,0.0,0.0,316.0,5.0,0.0,110.0,0.0,0.0,431.0,66.0,66.0,67.0,66.0,82.0,84.0,5.0,5.0,7.0,8.0,3.0,6.0,4.0,5.0,4.0,3.0,10.0,6.0,100.0,100.0,100.0,100.0,100.0,100.0,100.0,100.0,100.0,100.0,100.0,100.0,100.0,100.0,100.0,100.0,100.0,100.0,100.0,100.0
3519600,0.0,53.61,46.39,100.0,1.05,0.0,1.19,0.14,0.07,0.28,0.77,1.26,0.98,2.94,2.31,3.22,3.99,7.5,8.06,9.46,9.6,10.3,9.67,11.21,9.81,5.4,1.47,0.49,0.56,0.42,0.0,0.07,0.0,20.67,23.55,12.4,12.26,11.84,10.37,8.9,0.0,0.0,765.0,662.0,1427.0,15.0,0.0,17.0,2.0,1.0,4.0,11.0,18.0,14.0,42.0,33.0,46.0,57.0,107.0,115.0,135.0,137.0,147.0,138.0,160.0,140.0,77.0,21.0,7.0,8.0,6.0,0.0,1.0,0.0,295.0,336.0,177.0,175.0,169.0,148.0,127.0,0.0,99.71,99.68,,0.02,0.25,0.02,0.02,67.89,2.86,0.02,29.18,0.05,0.0,100.0,15.99,14.9,17.61,17.34,17.99,16.17,1.15,1.56,1.44,1.62,1.47,1.47,1.15,1.31,1.15,1.33,1.17,1.17,4422.0,4421.0,,1.0,11.0,1.0,1.0,3011.0,127.0,1.0,1294.0,2.0,0.0,4435.0,709.0,661.0,781.0,769.0,798.0,717.0,51.0,69.0,64.0,72.0,65.0,65.0,51.0,58.0,51.0,59.0,52.0,52.0,99.68,99.86,99.39,99.87,100.0,99.25,99.72,99.71,100.0,100.0,100.0,98.61,100.0,100.0,100.0,100.0,100.0,100.0,100.0,100.0
3519709,0.0,57.68,42.32,100.0,2.04,0.06,2.22,0.19,0.0,0.49,0.8,1.36,1.67,2.59,2.16,3.15,4.87,6.35,7.96,9.93,10.55,10.8,9.01,10.67,8.57,4.75,1.67,0.37,0.68,0.62,0.31,0.43,0.0,21.65,21.34,11.91,14.5,14.13,9.62,6.85,0.0,0.0,935.0,686.0,1621.0,33.0,1.0,36.0,3.0,0.0,8.0,13.0,22.0,27.0,42.0,35.0,51.0,79.0,103.0,129.0,161.0,171.0,175.0,146.0,173.0,139.0,77.0,27.0,6.0,11.0,10.0,5.0,7.0,0.0,351.0,346.0,193.0,235.0,229.0,156.0,111.0,0.0,99.62,99.62,,0.0,0.14,0.2,0.03,64.91,2.71,1.06,31.3,0.0,0.02,100.0,15.12,15.53,16.52,17.14,17.65,18.04,1.16,1.43,1.31,1.48,1.59,1.18,1.62,1.07,1.36,0.8,0.95,1.16,5843.0,5843.0,,0.0,8.0,12.0,2.0,3807.0,159.0,62.0,1836.0,0.0,1.0,5865.0,887.0,911.0,969.0,1005.0,1035.0,1058.0,68.0,84.0,77.0,87.0,93.0,69.0,95.0,63.0,80.0,47.0,56.0,68.0,99.62,99.77,99.23,99.9,99.6,99.61,99.62,99.68,100.0,100.0,100.0,100.0,100.0,100.0,98.95,100.0,100.0,100.0,100.0,98.53
3519808,0.0,57.45,42.55,100.0,0.71,0.0,0.71,0.0,0.0,0.71,0.0,0.0,0.71,2.13,2.13,0.71,2.84,4.96,8.51,10.64,10.64,9.93,9.93,14.89,10.64,7.8,2.13,0.0,0.0,0.71,0.0,0.0,0.0,24.82,22.7,12.77,14.18,10.64,5.67,9.22,0.0,0.0,81.0,60.0,141.0,1.0,0.0,1.0,0.0,0.0,1.0,0.0,0.0,1.0,3.0,3.0,1.0,4.0,7.0,12.0,15.0,15.0,14.0,14.0,21.0,15.0,11.0,3.0,0.0,0.0,1.0,0.0,0.0,0.0,35.0,32.0,18.0,20.0,15.0,8.0,13.0,0.0,99.78,99.78,,0.0,0.0,0.0,0.22,58.28,2.43,0.88,38.41,0.0,0.0,100.0,16.56,11.7,15.45,17.0,18.76,20.53,1.1,0.88,1.1,1.1,2.43,1.32,1.99,1.1,0.66,0.88,1.77,2.21,452.0,452.0,,0.0,0.0,0.0,1.0,264.0,11.0,4.0,174.0,0.0,0.0,453.0,75.0,53.0,70.0,77.0,85.0,93.0,5.0,4.0,5.0,5.0,11.0,6.0,9.0,5.0,3.0,4.0,8.0,10.0,99.78,100.0,98.11,100.0,100.0,100.0,100.0,100.0,100.0,100.0,100.0,100.0,100.0,100.0,100.0,100.0,100.0,100.0,100.0,100.0
3519907,0.0,58.65,41.35,100.0,0.48,0.0,1.92,1.44,0.0,0.0,1.44,0.96,1.92,0.48,0.96,0.96,2.88,8.17,7.21,8.17,9.13,11.06,9.13,13.46,8.17,10.1,2.88,0.96,0.48,0.0,0.0,0.0,0.0,24.04,21.63,11.06,9.62,11.54,10.58,11.54,0.0,0.0,122.0,86.0,208.0,1.0,0.0,4.0,3.0,0.0,0.0,3.0,2.0,4.0,1.0,2.0,2.0,6.0,17.0,15.0,17.0,19.0,23.0,19.0,28.0,17.0,21.0,6.0,2.0,1.0,0.0,0.0,0.0,0.0,50.0,45.0,23.0,20.0,24.0,22.0,24.0,0.0,100.0,100.0,,0.0,0.0,0.0,0.0,78.29,1.79,0.2,19.72,0.0,0.0,100.0,14.94,15.94,13.75,16.93,19.52,18.92,1.39,0.6,1.0,1.0,2.19,1.0,0.2,1.39,0.8,2.99,1.79,0.6,502.0,502.0,,0.0,0.0,0.0,0.0,393.0,9.0,1.0,99.0,0.0,0.0,502.0,75.0,80.0,69.0,85.0,98.0,95.0,7.0,3.0,5.0,5.0,11.0,5.0,1.0,7.0,4.0,15.0,9.0,3.0,100.0,100.0,100.0,100.0,100.0,100.0,100.0,100.0,100.0,100.0,100.0,100.0,100.0,100.0,100.0,100.0,100.0,100.0,100.0,100.0
3520004,0.0,56.11,43.89,100.0,1.2,0.0,1.89,0.69,0.34,0.0,1.03,1.2,0.86,1.03,1.55,3.79,3.27,6.71,8.78,12.91,12.39,9.47,10.33,12.05,7.92,3.27,1.2,0.0,0.86,0.17,0.0,0.17,0.0,21.51,22.2,12.22,10.15,12.22,10.67,11.02,0.0,0.0,326.0,255.0,581.0,7.0,0.0,11.0,4.0,2.0,0.0,6.0,7.0,5.0,6.0,9.0,22.0,19.0,39.0,51.0,75.0,72.0,55.0,60.0,70.0,46.0,19.0,7.0,0.0,5.0,1.0,0.0,1.0,0.0,125.0,129.0,71.0,59.0,71.0,62.0,64.0,0.0,99.81,99.81,,0.0,0.06,0.13,0.0,63.61,3.7,0.19,32.5,0.0,0.0,100.0,15.93,14.53,15.81,18.36,18.36,17.02,1.15,1.4,0.83,1.66,1.72,1.47,1.08,0.7,1.98,1.15,1.15,1.66,1566.0,1566.0,,0.0,1.0,2.0,0.0,998.0,58.0,3.0,510.0,0.0,0.0,1569.0,250.0,228.0,248.0,288.0,288.0,267.0,18.0,22.0,13.0,26.0,27.0,23.0,17.0,11.0,31.0,18.0,18.0,26.0,99.81,100.0,99.56,100.0,100.0,99.65,99.63,99.82,100.0,100.0,100.0,100.0,100.0,100.0,100.0,100.0,100.0,100.0,100.0,100.0
3520103,0.0,53.02,46.98,100.0,1.09,0.0,1.09,0.0,0.16,0.16,0.62,0.47,0.62,2.02,2.33,2.95,3.1,5.12,8.53,9.92,8.53,11.16,13.33,12.25,8.37,5.89,2.02,1.4,0.31,0.47,0.16,0.16,0.0,20.31,20.31,11.78,13.8,13.95,10.08,9.77,0.0,0.0,342.0,303.0,645.0,7.0,0.0,7.0,0.0,1.0,1.0,4.0,3.0,4.0,13.0,15.0,19.0,20.0,33.0,55.0,64.0,55.0,72.0,86.0,79.0,54.0,38.0,13.0,9.0,2.0,3.0,1.0,1.0,0.0,131.0,131.0,76.0,89.0,90.0,65.0,63.0,0.0,99.6,99.6,,0.0,0.4,0.0,0.0,59.24,2.79,0.11,37.86,0.0,0.0,100.0,13.25,16.49,15.52,17.62,19.5,17.62,1.08,1.36,0.97,1.36,0.68,0.97,1.19,1.19,0.85,1.36,1.02,1.19,1752.0,1752.0,,0.0,7.0,0.0,0.0,1042.0,49.0,2.0,666.0,0.0,0.0,1759.0,233.0,290.0,273.0,310.0,343.0,310.0,19.0,24.0,17.0,24.0,12.0,17.0,21.0,21.0,15.0,24.0,18.0,21.0,99.6,99.14,99.66,99.27,99.68,100.0,99.68,99.68,89.47,100.0,100.0,100.0,100.0,100.0,100.0,100.0,100.0,100.0,100.0,100.0
3520202,0.0,61.97,38.03,100.0,0.94,0.0,1.41,0.47,0.0,0.0,1.41,0.94,2.35,3.76,2.35,2.82,3.29,4.23,9.39,10.33,13.62,9.86,12.68,6.1,10.8,3.29,0.47,0.94,0.0,0.0,0.47,0.47,0.0,21.13,21.6,11.27,14.55,15.96,8.92,6.57,0.0,0.0,132.0,81.0,213.0,2.0,0.0,3.0,1.0,0.0,0.0,3.0,2.0,5.0,8.0,5.0,6.0,7.0,9.0,20.0,22.0,29.0,21.0,27.0,13.0,23.0,7.0,1.0,2.0,0.0,0.0,1.0,1.0,0.0,45.0,46.0,24.0,31.0,34.0,19.0,14.0,0.0,99.61,99.48,,0.13,0.0,0.39,0.0,67.45,2.6,0.13,29.3,0.52,0.0,100.0,15.76,15.76,17.71,16.8,17.71,16.28,0.65,0.78,1.56,2.08,0.78,0.78,1.04,2.08,1.95,1.17,1.04,1.82,765.0,764.0,,1.0,0.0,3.0,0.0,518.0,20.0,1.0,225.0,4.0,0.0,768.0,121.0,121.0,136.0,129.0,136.0,125.0,5.0,6.0,12.0,16.0,6.0,6.0,8.0,16.0,15.0,9.0,8.0,14.0,99.48,100.0,100.0,99.26,98.45,100.0,99.2,99.24,100.0,100.0,100.0,100.0,100.0,100.0,100.0,100.0,100.0,100.0,100.0,100.0
3520301,0.0,54.93,45.07,100.0,0.72,0.0,0.87,0.14,0.0,0.0,0.43,0.72,1.16,3.04,1.59,1.74,2.9,4.2,6.09,9.71,10.58,14.06,12.03,12.75,9.28,5.65,2.46,0.72,0.43,0.29,0.0,0.0,0.0,19.13,19.71,12.17,13.33,12.32,12.03,11.3,0.0,0.0,379.0,311.0,690.0,5.0,0.0,6.0,1.0,0.0,0.0,3.0,5.0,8.0,21.0,11.0,12.0,20.0,29.0,42.0,67.0,73.0,97.0,83.0,88.0,64.0,39.0,17.0,5.0,3.0,2.0,0.0,0.0,0.0,132.0,136.0,84.0,92.0,85.0,83.0,78.0,0.0,99.55,99.55,,0.0,0.1,0.3,0.05,56.34,2.41,0.45,37.89,2.91,0.0,100.0,14.84,13.93,17.04,17.44,18.45,18.3,1.3,1.55,1.2,1.6,0.95,1.3,1.0,1.8,1.35,1.0,0.85,0.9,1986.0,1986.0,,0.0,2.0,6.0,1.0,1124.0,48.0,9.0,756.0,58.0,0.0,1995.0,296.0,278.0,340.0,348.0,368.0,365.0,26.0,31.0,24.0,32.0,19.0,26.0,20.0,36.0,27.0,20.0,17.0,18.0,99.55,100.0,100.0,99.41,99.71,99.46,98.9,99.37,100.0,100.0,100.0,100.0,100.0,100.0,100.0,100.0,100.0,100.0,100.0,100.0
3520400,0.0,50.98,49.02,100.0,1.09,0.0,1.31,0.22,0.44,0.0,0.44,1.74,1.31,1.74,1.31,4.36,4.79,5.23,5.66,8.93,8.06,11.55,10.89,12.2,9.59,5.66,3.92,0.87,0.44,0.44,0.0,0.22,0.0,23.75,19.61,14.16,12.2,12.64,8.28,9.37,0.0,0.0,234.0,225.0,459.0,5.0,0.0,6.0,1.0,2.0,0.0,2.0,8.0,6.0,8.0,6.0,20.0,22.0,24.0,26.0,41.0,37.0,53.0,50.0,56.0,44.0,26.0,18.0,4.0,2.0,2.0,0.0,1.0,0.0,109.0,90.0,65.0,56.0,58.0,38.0,43.0,0.0,99.72,99.72,,0.0,0.24,0.04,0.0,56.73,4.66,0.16,38.37,0.08,0.0,100.0,14.78,13.35,16.45,17.81,19.08,18.53,1.0,1.2,1.67,0.96,1.51,1.08,1.31,0.96,1.12,1.55,1.31,1.12,2503.0,2503.0,,0.0,6.0,1.0,0.0,1424.0,117.0,4.0,963.0,2.0,0.0,2510.0,371.0,335.0,413.0,447.0,479.0,465.0,25.0,30.0,42.0,24.0,38.0,27.0,33.0,24.0,28.0,39.0,33.0,28.0,99.72,99.46,99.7,99.76,99.55,99.79,100.0,99.78,100.0,96.67,100.0,100.0,100.0,100.0,100.0,100.0,100.0,100.0,100.0,96.43
3520426,0.0,52.32,47.68,100.0,0.62,0.31,0.62,0.0,0.0,0.62,0.0,2.48,0.93,2.17,3.1,1.86,1.55,4.95,6.81,12.38,10.53,14.55,7.74,11.46,7.43,5.88,4.64,0.0,0.31,0.31,0.0,0.0,0.0,25.08,18.89,13.31,10.22,16.1,8.67,7.74,0.0,0.0,169.0,154.0,323.0,2.0,1.0,2.0,0.0,0.0,2.0,0.0,8.0,3.0,7.0,10.0,6.0,5.0,16.0,22.0,40.0,34.0,47.0,25.0,37.0,24.0,19.0,15.0,0.0,1.0,1.0,0.0,0.0,0.0,81.0,61.0,43.0,33.0,52.0,28.0,25.0,0.0,98.92,98.92,,0.0,0.48,0.6,0.0,60.77,2.89,0.72,35.5,0.12,0.0,100.0,14.2,13.36,15.52,20.7,18.53,17.69,1.56,1.32,0.84,1.08,1.32,1.32,1.44,0.96,0.96,1.56,0.84,0.96,822.0,822.0,,0.0,4.0,5.0,0.0,505.0,24.0,6.0,295.0,1.0,0.0,831.0,118.0,111.0,129.0,172.0,154.0,147.0,13.0,11.0,7.0,9.0,11.0,11.0,12.0,8.0,8.0,13.0,7.0,8.0,98.92,98.31,98.2,99.22,98.84,100.0,98.64,99.17,100.0,100.0,100.0,100.0,100.0,100.0,91.67,100.0,100.0,100.0,100.0,87.5
3520442,0.0,57.46,42.54,100.0,1.03,0.0,1.33,0.3,0.0,0.3,0.59,0.59,1.18,0.74,0.89,2.07,2.81,4.43,7.53,8.27,10.64,11.52,12.85,14.62,9.31,7.98,2.22,0.15,0.59,0.15,0.15,0.15,0.0,19.35,20.38,13.74,12.26,15.36,9.01,9.9,0.0,0.0,389.0,288.0,677.0,7.0,0.0,9.0,2.0,0.0,2.0,4.0,4.0,8.0,5.0,6.0,14.0,19.0,30.0,51.0,56.0,72.0,78.0,87.0,99.0,63.0,54.0,15.0,1.0,4.0,1.0,1.0,1.0,0.0,131.0,138.0,93.0,83.0,104.0,61.0,67.0,0.0,99.86,99.86,,0.0,0.14,0.0,0.0,60.35,2.35,0.97,36.33,0.0,0.0,100.0,13.84,16.54,16.4,18.06,16.33,18.82,1.25,0.76,1.45,0.97,1.31,1.25,1.04,1.52,0.9,0.83,1.31,1.25,1443.0,1443.0,,0.0,2.0,0.0,0.0,872.0,34.0,14.0,525.0,0.0,0.0,1445.0,200.0,239.0,237.0,261.0,236.0,272.0,18.0,11.0,21.0,14.0,19.0,18.0,15.0,22.0,13.0,12.0,19.0,18.0,99.86,100.0,100.0,100.0,100.0,99.58,99.63,99.8,100.0,100.0,100.0,100.0,100.0,100.0,100.0,100.0,100.0,100.0,100.0,100.0
3520509,0.0,55.84,44.16,100.0,1.16,0.51,1.75,0.59,0.28,0.39,0.77,1.03,1.11,1.21,1.96,3.17,3.58,5.71,6.69,9.32,10.5,11.01,10.83,11.73,9.39,5.87,2.62,0.57,0.44,0.49,0.05,0.13,0.05,20.64,20.64,11.68,13.43,13.77,10.89,8.96,0.0,0.0,2170.0,1716.0,3886.0,45.0,20.0,68.0,23.0,11.0,15.0,30.0,40.0,43.0,47.0,76.0,123.0,139.0,222.0,260.0,362.0,408.0,428.0,421.0,456.0,365.0,228.0,102.0,22.0,17.0,19.0,2.0,5.0,2.0,802.0,802.0,454.0,522.0,535.0,423.0,348.0,0.0,99.67,99.67,,0.0,0.18,0.07,0.07,67.08,3.13,0.69,29.03,0.06,0.01,100.0,14.94,14.88,16.28,18.2,18.31,17.39,1.31,1.18,1.28,1.17,1.25,1.19,1.28,1.36,1.15,1.34,1.21,1.22,17479.0,17479.0,,0.0,32.0,13.0,12.0,11764.0,549.0,121.0,5091.0,10.0,1.0,17536.0,2620.0,2609.0,2855.0,3192.0,3211.0,3049.0,229.0,207.0,224.0,205.0,220.0,209.0,224.0,239.0,201.0,235.0,213.0,214.0,99.67,99.62,99.73,99.82,99.69,99.44,99.77,99.67,98.25,98.55,99.55,99.51,100.0,99.52,100.0,100.0,100.0,100.0,100.0,100.0
3520608,0.0,54.03,45.97,100.0,1.61,0.0,1.61,0.0,0.0,0.0,0.0,1.61,0.0,0.81,1.61,2.42,3.23,5.65,4.84,8.06,13.71,13.71,14.52,10.48,12.9,3.23,1.61,0.0,0.81,0.0,0.0,0.81,0.0,19.35,20.16,13.71,9.68,18.55,8.87,9.68,0.0,0.0,67.0,57.0,124.0,2.0,0.0,2.0,0.0,0.0,0.0,0.0,2.0,0.0,1.0,2.0,3.0,4.0,7.0,6.0,10.0,17.0,17.0,18.0,13.0,16.0,4.0,2.0,0.0,1.0,0.0,0.0,1.0,0.0,24.0,25.0,17.0,12.0,23.0,11.0,12.0,0.0,100.0,100.0,,0.0,0.0,0.0,0.0,66.57,3.55,0.89,28.99,0.0,0.0,100.0,12.13,14.5,20.41,16.86,22.19,13.91,0.3,1.48,1.18,1.48,0.3,0.59,0.3,1.48,0.89,0.89,2.07,1.18,338.0,338.0,,0.0,0.0,0.0,0.0,225.0,12.0,3.0,98.0,0.0,0.0,338.0,41.0,49.0,69.0,57.0,75.0,47.0,1.0,5.0,4.0,5.0,1.0,2.0,1.0,5.0,3.0,3.0,7.0,4.0,100.0,100.0,100.0,100.0,100.0,100.0,100.0,100.0,100.0,100.0,100.0,100.0,100.0,100.0,100.0,100.0,100.0,100.0,100.0,100.0
3520707,0.0,55.0,45.0,100.0,4.17,0.0,4.17,0.0,0.0,0.0,0.0,0.0,0.0,0.83,1.67,3.33,3.33,5.83,6.67,6.67,10.0,15.83,10.0,15.83,5.83,7.5,2.5,0.0,1.67,0.83,0.0,1.67,0.0,11.67,20.0,16.67,13.33,16.67,15.0,6.67,0.0,0.0,66.0,54.0,120.0,5.0,0.0,5.0,0.0,0.0,0.0,0.0,0.0,0.0,1.0,2.0,4.0,4.0,7.0,8.0,8.0,12.0,19.0,12.0,19.0,7.0,9.0,3.0,0.0,2.0,1.0,0.0,2.0,0.0,14.0,24.0,20.0,16.0,20.0,18.0,8.0,0.0,100.0,100.0,,0.0,0.0,0.0,0.0,57.64,2.62,0.0,39.74,0.0,0.0,100.0,15.72,16.16,16.16,16.59,15.28,20.09,0.44,2.18,1.75,2.18,1.75,1.75,0.87,0.0,1.31,2.18,0.44,0.87,229.0,229.0,,0.0,0.0,0.0,0.0,132.0,6.0,0.0,91.0,0.0,0.0,229.0,36.0,37.0,37.0,38.0,35.0,46.0,1.0,5.0,4.0,5.0,4.0,4.0,2.0,0.0,3.0,5.0,1.0,2.0,100.0,100.0,100.0,100.0,100.0,100.0,100.0,100.0,100.0,100.0,100.0,100.0,100.0,100.0,100.0,0.0,100.0,100.0,100.0,100.0
3520806,0.0,54.44,45.56,100.0,1.11,0.0,1.11,0.0,0.0,0.0,0.0,3.33,0.0,0.0,1.11,2.22,3.33,8.89,4.44,6.67,6.67,7.78,13.33,20.0,12.22,3.33,4.44,1.11,1.11,0.0,0.0,0.0,0.0,24.44,22.22,11.11,8.89,7.78,12.22,13.33,0.0,0.0,49.0,41.0,90.0,1.0,0.0,1.0,0.0,0.0,0.0,0.0,3.0,0.0,0.0,1.0,2.0,3.0,8.0,4.0,6.0,6.0,7.0,12.0,18.0,11.0,3.0,4.0,1.0,1.0,0.0,0.0,0.0,0.0,22.0,20.0,10.0,8.0,7.0,11.0,12.0,0.0,100.0,100.0,,0.0,0.0,0.0,0.0,70.83,1.85,0.0,27.31,0.0,0.0,100.0,23.15,12.5,12.04,18.52,19.91,13.89,1.85,1.85,0.46,1.39,3.7,2.78,2.31,0.46,0.46,1.85,2.31,3.7,216.0,216.0,,0.0,0.0,0.0,0.0,153.0,4.0,0.0,59.0,0.0,0.0,216.0,50.0,27.0,26.0,40.0,43.0,30.0,4.0,4.0,1.0,3.0,8.0,6.0,5.0,1.0,1.0,4.0,5.0,8.0,100.0,100.0,100.0,100.0,100.0,100.0,100.0,100.0,100.0,100.0,100.0,100.0,100.0,100.0,100.0,100.0,100.0,100.0,100.0,100.0
3520905,0.0,55.36,44.64,100.0,1.16,0.29,1.16,0.0,0.29,0.58,0.58,0.29,1.74,2.03,1.45,2.9,3.77,7.54,8.41,11.01,9.28,11.01,15.07,9.86,5.8,4.06,2.9,0.0,0.58,0.0,0.0,0.29,0.29,17.39,23.48,13.91,13.62,10.43,10.72,10.43,0.0,0.0,191.0,154.0,345.0,4.0,1.0,4.0,0.0,1.0,2.0,2.0,1.0,6.0,7.0,5.0,10.0,13.0,26.0,29.0,38.0,32.0,38.0,52.0,34.0,20.0,14.0,10.0,0.0,2.0,0.0,0.0,1.0,1.0,60.0,81.0,48.0,47.0,36.0,37.0,36.0,0.0,99.61,99.61,,0.0,0.2,0.2,0.0,70.43,1.87,0.0,27.7,0.0,0.0,100.0,14.93,13.75,15.82,16.7,20.43,18.37,1.47,1.08,1.57,1.47,1.77,1.18,0.88,1.08,1.28,1.18,1.38,0.59,1014.0,1014.0,,0.0,2.0,2.0,0.0,717.0,19.0,0.0,282.0,0.0,0.0,1018.0,152.0,140.0,161.0,170.0,208.0,187.0,15.0,11.0,16.0,15.0,18.0,12.0,9.0,11.0,13.0,12.0,14.0,6.0,99.61,99.34,99.29,100.0,99.41,99.52,100.0,99.72,100.0,100.0,93.75,100.0,100.0,100.0,100.0,100.0,100.0,100.0,100.0,100.0
3521002,0.0,54.46,45.54,100.0,2.53,0.0,3.27,0.74,0.15,0.45,0.6,1.64,1.34,2.53,1.04,4.76,4.46,6.4,7.14,12.05,12.2,11.61,10.42,7.14,6.55,4.32,1.64,0.3,1.04,0.89,0.0,0.45,0.15,22.92,21.13,13.39,13.69,11.16,8.33,9.38,0.0,0.0,366.0,306.0,672.0,17.0,0.0,22.0,5.0,1.0,3.0,4.0,11.0,9.0,17.0,7.0,32.0,30.0,43.0,48.0,81.0,82.0,78.0,70.0,48.0,44.0,29.0,11.0,2.0,7.0,6.0,0.0,3.0,1.0,154.0,142.0,90.0,92.0,75.0,56.0,63.0,0.0,99.55,99.55,,0.0,0.24,0.14,0.07,60.15,4.18,0.0,35.67,0.0,0.0,100.0,15.12,14.91,16.13,17.66,17.97,18.22,1.36,0.91,1.11,1.53,1.08,1.11,1.92,1.46,1.15,1.11,1.32,1.04,2858.0,2858.0,,0.0,7.0,4.0,2.0,1727.0,120.0,0.0,1024.0,0.0,0.0,2871.0,434.0,428.0,463.0,507.0,516.0,523.0,39.0,26.0,32.0,44.0,31.0,32.0,55.0,42.0,33.0,32.0,38.0,30.0,99.55,98.85,99.77,99.35,99.8,99.42,100.0,99.65,94.87,96.15,96.88,100.0,96.77,100.0,100.0,100.0,100.0,100.0,100.0,100.0
3521101,0.0,55.88,44.12,100.0,2.94,0.0,2.94,0.0,1.47,0.74,1.47,2.21,2.21,0.0,2.21,2.21,5.15,9.56,8.09,8.09,8.82,13.24,6.62,13.97,7.35,2.21,1.47,0.0,0.74,0.74,0.0,1.47,0.0,16.91,25.0,18.38,12.5,11.03,5.88,10.29,0.0,0.0,76.0,60.0,136.0,4.0,0.0,4.0,0.0,2.0,1.0,2.0,3.0,3.0,0.0,3.0,3.0,7.0,13.0,11.0,11.0,12.0,18.0,9.0,19.0,10.0,3.0,2.0,0.0,1.0,1.0,0.0,2.0,0.0,23.0,34.0,25.0,17.0,15.0,8.0,14.0,0.0,99.8,99.8,,0.0,0.0,0.2,0.0,63.31,4.64,0.2,31.85,0.0,0.0,100.0,15.73,13.51,17.54,17.94,17.34,17.94,2.82,0.2,1.81,2.02,0.2,0.4,1.61,1.61,1.21,1.41,1.21,1.21,495.0,495.0,,0.0,0.0,1.0,0.0,314.0,23.0,1.0,158.0,0.0,0.0,496.0,78.0,67.0,87.0,89.0,86.0,89.0,14.0,1.0,9.0,10.0,1.0,2.0,8.0,8.0,6.0,7.0,6.0,6.0,99.8,100.0,100.0,98.85,100.0,100.0,100.0,99.72,100.0,100.0,100.0,100.0,100.0,100.0,100.0,100.0,100.0,100.0,100.0,100.0
3521150,0.0,56.1,43.9,100.0,1.22,0.0,1.22,0.0,0.0,0.61,0.61,1.83,0.61,1.83,4.27,4.27,3.66,6.71,7.32,5.49,9.15,15.85,10.37,10.37,7.93,6.1,1.83,0.0,1.22,0.0,0.0,0.0,0.0,22.56,23.78,9.15,14.02,12.2,8.54,9.76,0.0,0.0,92.0,72.0,164.0,2.0,0.0,2.0,0.0,0.0,1.0,1.0,3.0,1.0,3.0,7.0,7.0,6.0,11.0,12.0,9.0,15.0,26.0,17.0,17.0,13.0,10.0,3.0,0.0,2.0,0.0,0.0,0.0,0.0,37.0,39.0,15.0,23.0,20.0,14.0,16.0,0.0,99.8,99.8,,0.0,0.0,0.2,0.0,67.62,2.44,0.0,29.94,0.0,0.0,100.0,13.65,16.29,13.85,20.77,17.31,18.13,1.02,0.81,1.43,1.22,1.83,0.61,1.63,1.02,1.22,1.63,0.81,0.41,490.0,490.0,,0.0,0.0,1.0,0.0,332.0,12.0,0.0,147.0,0.0,0.0,491.0,67.0,80.0,68.0,102.0,85.0,89.0,5.0,4.0,7.0,6.0,9.0,3.0,8.0,5.0,6.0,8.0,4.0,2.0,99.8,100.0,98.75,100.0,100.0,100.0,100.0,100.0,100.0,100.0,100.0,100.0,100.0,100.0,100.0,100.0,100.0,100.0,100.0,100.0
3521200,0.0,63.83,36.17,100.0,2.13,0.0,2.13,0.0,0.0,1.06,1.06,2.13,2.13,0.0,1.06,3.19,1.06,4.26,7.45,10.64,11.7,7.45,18.09,9.57,7.45,6.38,3.19,0.0,0.0,2.13,0.0,0.0,0.0,15.96,21.28,14.89,12.77,13.83,13.83,7.45,0.0,0.0,60.0,34.0,94.0,2.0,0.0,2.0,0.0,0.0,1.0,1.0,2.0,2.0,0.0,1.0,3.0,1.0,4.0,7.0,10.0,11.0,7.0,17.0,9.0,7.0,6.0,3.0,0.0,0.0,2.0,0.0,0.0,0.0,15.0,20.0,14.0,12.0,13.0,13.0,7.0,0.0,99.67,99.67,,0.0,0.0,0.33,0.0,25.82,14.38,0.0,59.8,0.0,0.0,100.0,16.99,17.32,13.07,15.69,19.93,16.99,1.63,1.63,1.31,0.65,2.29,1.31,1.31,0.98,0.98,1.31,1.63,1.96,305.0,305.0,,0.0,0.0,1.0,0.0,79.0,44.0,0.0,183.0,0.0,0.0,306.0,52.0,53.0,40.0,48.0,61.0,52.0,5.0,5.0,4.0,2.0,7.0,4.0,4.0,3.0,3.0,4.0,5.0,6.0,99.67,100.0,100.0,100.0,100.0,100.0,98.08,99.5,100.0,100.0,100.0,100.0,100.0,100.0,100.0,100.0,100.0,100.0,100.0,100.0
3521309,0.0,55.97,44.03,100.0,1.99,0.0,1.99,0.0,0.57,0.28,0.57,1.14,1.7,1.7,1.99,1.99,5.68,9.94,9.66,7.67,9.38,10.8,7.67,10.23,9.66,4.55,2.56,0.28,0.85,0.85,0.0,0.28,0.0,18.47,25.28,13.64,10.8,9.66,9.94,12.22,0.0,0.0,197.0,155.0,352.0,7.0,0.0,7.0,0.0,2.0,1.0,2.0,4.0,6.0,6.0,7.0,7.0,20.0,35.0,34.0,27.0,33.0,38.0,27.0,36.0,34.0,16.0,9.0,1.0,3.0,3.0,0.0,1.0,0.0,65.0,89.0,48.0,38.0,34.0,35.0,43.0,0.0,99.81,99.81,,0.0,0.0,0.19,0.0,59.29,2.79,0.1,37.82,0.0,0.0,100.0,14.63,16.75,16.27,16.75,18.0,17.61,1.06,1.15,1.25,1.25,1.54,1.15,1.35,2.12,1.35,1.06,0.29,1.06,1037.0,1037.0,,0.0,0.0,2.0,0.0,616.0,29.0,1.0,393.0,0.0,0.0,1039.0,152.0,174.0,169.0,174.0,187.0,183.0,11.0,12.0,13.0,13.0,16.0,12.0,14.0,22.0,14.0,11.0,3.0,11.0,99.81,100.0,98.85,100.0,100.0,100.0,100.0,100.0,100.0,100.0,100.0,100.0,100.0,100.0,100.0,100.0,100.0,100.0,100.0,100.0
3521408,0.0,58.45,41.55,100.0,0.41,0.41,0.61,0.2,0.0,0.0,1.02,1.22,1.83,1.22,2.65,2.65,3.46,7.54,6.11,9.78,13.24,11.81,11.61,11.2,9.37,3.26,0.61,0.41,0.41,0.0,0.0,0.0,0.0,19.35,24.64,11.2,12.42,14.26,9.98,8.15,0.0,0.0,287.0,204.0,491.0,2.0,2.0,3.0,1.0,0.0,0.0,5.0,6.0,9.0,6.0,13.0,13.0,17.0,37.0,30.0,48.0,65.0,58.0,57.0,55.0,46.0,16.0,3.0,2.0,2.0,0.0,0.0,0.0,0.0,95.0,121.0,55.0,61.0,70.0,49.0,40.0,0.0,100.0,100.0,,0.0,0.0,0.0,0.0,63.4,4.07,0.19,32.28,0.06,0.0,100.0,14.27,14.72,17.43,17.82,18.33,17.43,1.42,1.03,1.16,1.42,0.9,1.36,0.77,1.23,1.87,1.36,0.58,1.16,1549.0,1549.0,,0.0,0.0,0.0,0.0,982.0,63.0,3.0,500.0,1.0,0.0,1549.0,221.0,228.0,270.0,276.0,284.0,270.0,22.0,16.0,18.0,22.0,14.0,21.0,12.0,19.0,29.0,21.0,9.0,18.0,100.0,100.0,100.0,100.0,100.0,100.0,100.0,100.0,100.0,100.0,100.0,100.0,100.0,100.0,100.0,100.0,100.0,100.0,100.0,100.0
3521507,0.0,58.21,41.79,100.0,1.49,0.0,1.49,0.0,0.0,0.0,0.0,0.0,0.0,1.49,2.24,3.73,4.48,5.22,5.97,9.7,11.94,11.19,14.18,11.19,11.94,4.48,0.75,0.0,0.0,0.75,0.0,0.75,0.0,14.93,27.61,11.19,8.21,17.91,9.7,10.45,0.0,0.0,78.0,56.0,134.0,2.0,0.0,2.0,0.0,0.0,0.0,0.0,0.0,0.0,2.0,3.0,5.0,6.0,7.0,8.0,13.0,16.0,15.0,19.0,15.0,16.0,6.0,1.0,0.0,0.0,1.0,0.0,1.0,0.0,20.0,37.0,15.0,11.0,24.0,13.0,14.0,0.0,100.0,100.0,,0.0,0.0,0.0,0.0,67.32,1.31,0.0,31.37,0.0,0.0,100.0,12.85,14.38,20.92,16.34,16.99,18.52,1.53,0.44,1.09,1.31,0.65,1.31,1.74,0.44,1.09,0.87,0.65,1.74,459.0,459.0,,0.0,0.0,0.0,0.0,309.0,6.0,0.0,144.0,0.0,0.0,459.0,59.0,66.0,96.0,75.0,78.0,85.0,7.0,2.0,5.0,6.0,3.0,6.0,8.0,2.0,5.0,4.0,3.0,8.0,100.0,100.0,100.0,100.0,100.0,100.0,100.0,100.0,100.0,100.0,100.0,100.0,100.0,100.0,100.0,100.0,100.0,100.0,100.0,100.0
3521606,0.0,53.89,46.11,100.0,2.07,0.0,2.59,0.52,0.0,0.0,0.52,0.0,0.0,1.04,0.0,3.11,5.7,3.63,7.25,5.18,10.36,11.4,13.47,11.92,7.77,11.92,4.15,0.0,1.04,0.0,1.04,0.0,0.0,19.17,27.98,15.54,11.92,9.33,6.22,9.84,0.0,0.0,104.0,89.0,193.0,4.0,0.0,5.0,1.0,0.0,0.0,1.0,0.0,0.0,2.0,0.0,6.0,11.0,7.0,14.0,10.0,20.0,22.0,26.0,23.0,15.0,23.0,8.0,0.0,2.0,0.0,2.0,0.0,0.0,37.0,54.0,30.0,23.0,18.0,12.0,19.0,0.0,100.0,100.0,,0.0,0.0,0.0,0.0,57.7,2.8,0.56,38.94,0.0,0.0,100.0,14.57,13.73,15.41,18.77,19.61,17.93,0.28,1.12,2.24,1.12,1.12,1.12,1.4,1.68,1.12,1.12,1.12,1.12,357.0,357.0,,0.0,0.0,0.0,0.0,206.0,10.0,2.0,139.0,0.0,0.0,357.0,52.0,49.0,55.0,67.0,70.0,64.0,1.0,4.0,8.0,4.0,4.0,4.0,5.0,6.0,4.0,4.0,4.0,4.0,100.0,100.0,100.0,100.0,100.0,100.0,100.0,100.0,100.0,100.0,100.0,100.0,100.0,100.0,100.0,100.0,100.0,100.0,100.0,100.0
3521705,0.0,57.0,43.0,100.0,2.25,0.0,2.5,0.25,0.0,0.0,0.25,0.75,0.75,1.25,2.25,2.0,4.5,7.25,7.25,10.0,8.75,11.25,14.5,11.5,9.5,3.25,2.25,0.25,1.0,0.5,0.5,0.25,0.0,20.25,22.5,14.0,11.0,14.75,9.0,8.5,0.0,0.0,228.0,172.0,400.0,9.0,0.0,10.0,1.0,0.0,0.0,1.0,3.0,3.0,5.0,9.0,8.0,18.0,29.0,29.0,40.0,35.0,45.0,58.0,46.0,38.0,13.0,9.0,1.0,4.0,2.0,2.0,1.0,0.0,81.0,90.0,56.0,44.0,59.0,36.0,34.0,0.0,99.84,99.84,,0.0,0.16,0.0,0.0,77.11,1.33,0.08,21.48,0.0,0.0,100.0,14.77,17.11,17.58,18.67,18.67,13.2,1.17,1.33,0.86,1.64,1.56,1.09,1.33,1.56,1.09,0.78,1.72,0.63,1278.0,1278.0,,0.0,2.0,0.0,0.0,987.0,17.0,1.0,275.0,0.0,0.0,1280.0,189.0,219.0,225.0,239.0,239.0,169.0,15.0,17.0,11.0,21.0,20.0,14.0,17.0,20.0,14.0,10.0,22.0,8.0,99.84,99.47,99.54,100.0,100.0,100.0,100.0,100.0,100.0,100.0,100.0,100.0,100.0,100.0,100.0,100.0,100.0,100.0,95.45,100.0
3521804,0.0,56.44,43.56,100.0,1.63,0.18,2.36,0.73,0.0,0.18,1.09,2.72,3.63,2.18,3.09,3.99,3.27,6.9,7.8,9.07,8.35,11.07,10.16,9.44,7.8,4.9,1.45,0.36,0.73,0.18,0.18,0.54,0.0,16.33,23.41,12.89,10.53,14.34,14.52,7.99,0.0,0.0,311.0,240.0,551.0,9.0,1.0,13.0,4.0,0.0,1.0,6.0,15.0,20.0,12.0,17.0,22.0,18.0,38.0,43.0,50.0,46.0,61.0,56.0,52.0,43.0,27.0,8.0,2.0,4.0,1.0,1.0,3.0,0.0,90.0,129.0,71.0,58.0,79.0,80.0,44.0,0.0,99.75,99.75,,0.0,0.1,0.15,0.0,71.45,1.83,0.45,26.27,0.0,0.0,100.0,16.18,14.94,16.23,16.33,17.96,18.36,1.14,1.34,1.83,1.09,1.78,1.29,1.48,1.34,1.53,1.34,0.94,1.09,2016.0,2016.0,,0.0,2.0,3.0,0.0,1444.0,37.0,9.0,531.0,0.0,0.0,2021.0,327.0,302.0,328.0,330.0,363.0,371.0,23.0,27.0,37.0,22.0,36.0,26.0,30.0,27.0,31.0,27.0,19.0,22.0,99.75,100.0,100.0,99.7,100.0,99.72,99.19,99.64,100.0,100.0,100.0,100.0,100.0,100.0,100.0,100.0,100.0,100.0,100.0,100.0
3521903,0.0,59.36,40.64,100.0,1.87,0.27,2.14,0.27,0.27,0.27,0.53,1.87,1.34,0.8,1.6,2.94,2.67,4.55,6.42,8.82,9.09,10.16,14.71,10.96,9.09,8.29,2.94,0.27,1.07,0.27,0.27,0.27,0.0,24.06,17.11,10.43,15.78,12.83,10.96,8.82,0.0,0.0,222.0,152.0,374.0,7.0,1.0,8.0,1.0,1.0,1.0,2.0,7.0,5.0,3.0,6.0,11.0,10.0,17.0,24.0,33.0,34.0,38.0,55.0,41.0,34.0,31.0,11.0,1.0,4.0,1.0,1.0,1.0,0.0,90.0,64.0,39.0,59.0,48.0,41.0,33.0,0.0,99.83,99.83,,0.0,0.17,0.0,0.0,68.03,2.64,0.34,28.99,0.0,0.0,100.0,18.33,15.52,17.65,16.03,15.26,17.22,1.96,1.62,1.88,1.19,1.53,0.85,1.53,1.36,1.71,1.71,1.79,1.19,1171.0,1171.0,,0.0,2.0,0.0,0.0,798.0,31.0,4.0,340.0,0.0,0.0,1173.0,215.0,182.0,207.0,188.0,179.0,202.0,23.0,19.0,22.0,14.0,18.0,10.0,18.0,16.0,20.0,20.0,21.0,14.0,99.83,99.53,99.45,100.0,100.0,100.0,100.0,100.0,100.0,100.0,100.0,92.86,100.0,100.0,100.0,100.0,100.0,100.0,100.0,100.0
3522000,0.0,50.63,49.37,100.0,0.0,0.0,0.0,0.0,0.0,0.0,1.27,3.8,0.0,0.0,0.0,3.8,1.27,5.06,2.53,8.86,10.13,10.13,15.19,17.72,7.59,8.86,3.8,0.0,0.0,0.0,0.0,0.0,0.0,18.99,15.19,16.46,10.13,10.13,18.99,10.13,0.0,0.0,40.0,39.0,79.0,0.0,0.0,0.0,0.0,0.0,0.0,1.0,3.0,0.0,0.0,0.0,3.0,1.0,4.0,2.0,7.0,8.0,8.0,12.0,14.0,6.0,7.0,3.0,0.0,0.0,0.0,0.0,0.0,0.0,15.0,12.0,13.0,8.0,8.0,15.0,8.0,0.0,100.0,100.0,,0.0,0.0,0.0,0.0,64.13,0.72,0.0,35.14,0.0,0.0,100.0,17.39,17.39,14.13,19.57,16.67,14.86,0.72,0.36,1.45,0.72,1.81,2.17,2.17,1.81,0.36,1.45,2.17,2.17,276.0,276.0,,0.0,0.0,0.0,0.0,177.0,2.0,0.0,97.0,0.0,0.0,276.0,48.0,48.0,39.0,54.0,46.0,41.0,2.0,1.0,4.0,2.0,5.0,6.0,6.0,5.0,1.0,4.0,6.0,6.0,100.0,100.0,100.0,100.0,100.0,100.0,100.0,100.0,100.0,100.0,100.0,100.0,100.0,100.0,100.0,100.0,100.0,100.0,100.0,100.0
3522109,0.0,55.67,44.33,100.0,1.29,0.04,1.59,0.3,0.48,0.18,0.92,1.81,1.62,1.85,2.18,2.84,3.8,4.43,8.01,10.3,11.41,11.66,11.92,10.26,7.53,4.54,2.18,0.44,0.55,0.41,0.22,0.11,0.0,20.49,20.41,13.62,12.0,14.25,9.27,9.97,0.0,0.0,1508.0,1201.0,2709.0,35.0,1.0,43.0,8.0,13.0,5.0,25.0,49.0,44.0,50.0,59.0,77.0,103.0,120.0,217.0,279.0,309.0,316.0,323.0,278.0,204.0,123.0,59.0,12.0,15.0,11.0,6.0,3.0,0.0,555.0,553.0,369.0,325.0,386.0,251.0,270.0,0.0,99.38,99.37,,0.01,0.33,0.18,0.1,57.6,5.26,0.24,36.18,0.72,0.0,100.0,14.94,14.59,16.07,16.43,18.63,19.34,1.31,1.46,1.5,1.3,1.36,1.09,1.33,1.19,1.21,1.25,1.02,0.93,7575.0,7574.0,,1.0,25.0,14.0,8.0,4390.0,401.0,18.0,2758.0,55.0,0.0,7622.0,1139.0,1112.0,1225.0,1252.0,1420.0,1474.0,100.0,111.0,114.0,99.0,104.0,83.0,101.0,91.0,92.0,95.0,78.0,71.0,99.37,98.77,98.92,99.51,99.6,99.72,99.53,99.59,94.0,98.2,98.25,98.99,100.0,98.8,100.0,98.9,100.0,100.0,98.72,100.0
3522158,0.0,53.25,46.75,100.0,2.6,0.0,3.9,1.3,1.3,0.0,0.0,0.0,1.3,0.0,1.3,3.9,3.9,3.9,5.19,1.3,10.39,16.88,19.48,6.49,11.69,7.79,1.3,0.0,0.0,2.6,0.0,0.0,0.0,16.88,16.88,9.09,11.69,23.38,14.29,7.79,0.0,0.0,41.0,36.0,77.0,2.0,0.0,3.0,1.0,1.0,0.0,0.0,0.0,1.0,0.0,1.0,3.0,3.0,3.0,4.0,1.0,8.0,13.0,15.0,5.0,9.0,6.0,1.0,0.0,0.0,2.0,0.0,0.0,0.0,13.0,13.0,7.0,9.0,18.0,11.0,6.0,0.0,100.0,100.0,,0.0,0.0,0.0,0.0,43.02,3.88,0.39,52.71,0.0,0.0,100.0,18.99,13.57,13.57,22.87,14.34,16.67,1.94,1.94,1.16,1.55,1.55,0.78,0.78,1.16,1.94,1.94,1.55,2.71,258.0,258.0,,0.0,0.0,0.0,0.0,111.0,10.0,1.0,136.0,0.0,0.0,258.0,49.0,35.0,35.0,59.0,37.0,43.0,5.0,5.0,3.0,4.0,4.0,2.0,2.0,3.0,5.0,5.0,4.0,7.0,100.0,100.0,100.0,100.0,100.0,100.0,100.0,100.0,100.0,100.0,100.0,100.0,100.0,100.0,100.0,100.0,100.0,100.0,100.0,100.0
3522208,0.0,55.89,44.11,100.0,2.19,0.36,2.66,0.47,0.22,0.15,1.13,2.08,2.37,2.04,3.76,2.99,4.78,6.13,8.61,9.6,12.04,11.6,9.41,8.39,5.58,4.01,1.64,0.44,0.84,0.51,0.62,0.18,0.04,19.12,19.55,13.32,13.72,14.74,9.6,9.96,0.0,0.0,1532.0,1209.0,2741.0,60.0,10.0,73.0,13.0,6.0,4.0,31.0,57.0,65.0,56.0,103.0,82.0,131.0,168.0,236.0,263.0,330.0,318.0,258.0,230.0,153.0,110.0,45.0,12.0,23.0,14.0,17.0,5.0,1.0,524.0,536.0,365.0,376.0,404.0,263.0,273.0,0.0,99.56,99.56,,0.0,0.25,0.13,0.06,48.62,7.18,0.25,43.89,0.07,0.0,100.0,14.3,14.8,16.27,17.83,18.63,18.16,1.13,1.24,1.05,1.23,1.08,0.97,1.26,1.58,1.31,1.39,1.08,0.97,12043.0,12043.0,,0.0,30.0,16.0,7.0,5881.0,868.0,30.0,5309.0,8.0,0.0,12096.0,1730.0,1790.0,1968.0,2157.0,2254.0,2197.0,137.0,150.0,127.0,149.0,131.0,117.0,153.0,191.0,159.0,168.0,131.0,117.0,99.56,99.19,99.33,99.54,99.72,99.69,99.77,99.69,97.81,100.0,98.43,100.0,99.24,99.15,99.35,100.0,98.11,98.21,100.0,100.0
3522307,0.0,55.9,44.1,100.0,1.18,0.03,1.59,0.41,0.32,0.09,0.65,1.23,1.38,1.65,2.44,2.5,4.5,6.29,7.23,11.14,10.64,11.08,10.14,9.59,9.29,5.17,2.44,0.59,0.35,0.41,0.18,0.15,0.09,18.67,22.2,14.14,11.06,13.67,11.41,8.85,0.0,0.0,1901.0,1500.0,3401.0,40.0,1.0,54.0,14.0,11.0,3.0,22.0,42.0,47.0,56.0,83.0,85.0,153.0,214.0,246.0,379.0,362.0,377.0,345.0,326.0,316.0,176.0,83.0,20.0,12.0,14.0,6.0,5.0,3.0,635.0,755.0,481.0,376.0,465.0,388.0,301.0,0.0,99.67,99.67,,0.0,0.16,0.1,0.07,75.39,1.47,0.62,22.49,0.02,0.01,100.0,15.13,15.43,17.23,17.04,17.65,17.52,1.35,1.29,1.34,1.12,1.25,1.3,1.51,1.25,1.26,1.23,1.08,1.15,11520.0,11520.0,,0.0,18.0,12.0,8.0,8714.0,170.0,72.0,2599.0,2.0,1.0,11558.0,1749.0,1783.0,1992.0,1969.0,2040.0,2025.0,156.0,149.0,155.0,130.0,144.0,150.0,175.0,144.0,146.0,142.0,125.0,133.0,99.67,99.66,99.66,99.65,99.85,99.61,99.6,99.68,100.0,100.0,100.0,100.0,100.0,99.33,98.86,100.0,100.0,100.0,100.0,97.74
3522406,0.0,57.91,42.09,100.0,1.68,0.25,2.27,0.59,0.3,0.35,0.59,0.94,1.09,1.53,2.67,3.56,4.59,6.27,8.25,8.89,11.22,12.01,10.42,10.38,7.21,5.19,1.78,0.25,0.64,0.59,0.15,0.25,0.05,19.47,25.4,11.17,12.15,13.09,9.49,9.24,0.0,0.0,1172.0,852.0,2024.0,34.0,5.0,46.0,12.0,6.0,7.0,12.0,19.0,22.0,31.0,54.0,72.0,93.0,127.0,167.0,180.0,227.0,243.0,211.0,210.0,146.0,105.0,36.0,5.0,13.0,12.0,3.0,5.0,1.0,394.0,514.0,226.0,246.0,265.0,192.0,187.0,0.0,99.59,99.59,,0.0,0.12,0.18,0.12,76.29,1.72,0.19,21.79,0.0,0.0,100.0,14.54,15.84,17.44,17.91,17.44,16.82,1.43,1.19,1.25,1.16,1.26,1.16,1.26,1.12,1.1,1.18,0.91,1.51,6772.0,6772.0,,0.0,8.0,12.0,8.0,5188.0,117.0,13.0,1482.0,0.0,0.0,6800.0,989.0,1077.0,1186.0,1218.0,1186.0,1144.0,97.0,81.0,85.0,79.0,86.0,79.0,86.0,76.0,75.0,80.0,62.0,103.0,99.59,99.49,99.35,99.49,99.92,99.58,99.65,99.66,100.0,100.0,98.82,98.73,100.0,98.73,98.84,100.0,100.0,98.75,100.0,100.0
3522505,0.0,54.27,45.73,100.0,1.6,0.36,2.55,0.95,0.22,0.34,0.84,1.49,2.02,2.38,3.08,4.31,5.24,7.03,7.73,10.73,11.74,11.6,8.77,8.29,5.72,3.73,1.51,0.31,0.48,0.53,0.31,0.28,0.0,19.39,20.79,14.88,14.51,13.81,8.8,7.82,0.0,0.0,1937.0,1632.0,3569.0,57.0,13.0,91.0,34.0,8.0,12.0,30.0,53.0,72.0,85.0,110.0,154.0,187.0,251.0,276.0,383.0,419.0,414.0,313.0,296.0,204.0,133.0,54.0,11.0,17.0,19.0,11.0,10.0,0.0,692.0,742.0,531.0,518.0,493.0,314.0,279.0,0.0,99.73,99.73,,0.01,0.1,0.1,0.06,43.19,6.67,0.1,50.03,0.01,0.0,100.0,13.92,14.28,16.75,18.03,18.11,18.9,1.03,1.29,1.12,1.12,1.11,1.05,1.2,1.16,1.25,1.37,1.11,1.11,19479.0,19478.0,,1.0,20.0,20.0,12.0,8436.0,1302.0,19.0,9772.0,2.0,0.0,19531.0,2719.0,2790.0,3271.0,3522.0,3537.0,3692.0,202.0,251.0,219.0,218.0,217.0,206.0,234.0,227.0,245.0,267.0,216.0,217.0,99.73,99.56,99.75,99.76,99.91,99.72,99.65,99.76,98.51,99.2,99.54,100.0,99.54,99.51,99.15,100.0,100.0,99.63,99.54,100.0
3522604,0.0,58.07,41.93,100.0,0.54,0.12,0.73,0.18,0.18,0.42,0.24,0.91,1.21,1.15,1.87,2.36,3.63,5.92,8.4,9.91,10.39,12.21,11.66,10.76,8.7,6.53,2.3,0.42,0.18,0.18,0.12,0.06,0.0,20.66,23.14,12.27,11.84,13.96,9.61,8.52,0.0,0.0,961.0,694.0,1655.0,9.0,2.0,12.0,3.0,3.0,7.0,4.0,15.0,20.0,19.0,31.0,39.0,60.0,98.0,139.0,164.0,172.0,202.0,193.0,178.0,144.0,108.0,38.0,7.0,3.0,3.0,2.0,1.0,0.0,342.0,383.0,203.0,196.0,231.0,159.0,141.0,0.0,99.59,99.59,,0.0,0.27,0.11,0.02,73.2,3.87,0.18,22.74,0.0,0.0,100.0,14.66,15.0,16.51,19.0,17.77,17.07,1.1,1.22,1.22,1.28,1.22,1.19,1.33,1.15,1.17,0.95,1.33,1.51,4423.0,4423.0,,0.0,12.0,5.0,1.0,3251.0,172.0,8.0,1010.0,0.0,0.0,4441.0,651.0,666.0,733.0,844.0,789.0,758.0,49.0,54.0,54.0,57.0,54.0,53.0,59.0,51.0,52.0,42.0,59.0,67.0,99.59,99.23,99.25,99.86,99.76,99.49,99.87,99.74,97.96,98.15,100.0,98.25,100.0,100.0,98.31,100.0,98.08,100.0,100.0,100.0
3522653,0.0,61.76,38.24,100.0,4.41,0.0,5.88,1.47,0.0,0.0,1.47,0.0,1.47,1.47,1.47,2.94,5.88,1.47,4.41,10.29,8.82,5.88,11.76,20.59,11.76,1.47,2.94,0.0,0.0,4.41,0.0,0.0,0.0,23.53,22.06,17.65,2.94,11.76,8.82,13.24,0.0,0.0,42.0,26.0,68.0,3.0,0.0,4.0,1.0,0.0,0.0,1.0,0.0,1.0,1.0,1.0,2.0,4.0,1.0,3.0,7.0,6.0,4.0,8.0,14.0,8.0,1.0,2.0,0.0,0.0,3.0,0.0,0.0,0.0,16.0,15.0,12.0,2.0,8.0,6.0,9.0,0.0,99.74,99.74,,0.0,0.0,0.0,0.26,65.0,1.32,0.0,33.68,0.0,0.0,100.0,14.21,18.68,16.84,18.16,15.79,16.32,0.79,0.26,1.32,1.32,2.37,0.79,1.58,1.58,1.58,0.79,1.58,0.26,379.0,379.0,,0.0,0.0,0.0,1.0,247.0,5.0,0.0,128.0,0.0,0.0,380.0,54.0,71.0,64.0,69.0,60.0,62.0,3.0,1.0,5.0,5.0,9.0,3.0,6.0,6.0,6.0,3.0,6.0,1.0,99.74,100.0,100.0,100.0,100.0,100.0,98.39,99.61,100.0,100.0,100.0,100.0,100.0,100.0,100.0,100.0,100.0,100.0,100.0,100.0
3522703,0.0,56.88,43.12,100.0,1.17,0.1,1.66,0.49,0.0,0.2,0.78,1.37,0.59,1.56,2.93,3.9,3.71,5.76,7.22,9.95,8.29,11.51,12.0,11.61,10.05,4.68,1.76,0.39,0.39,0.39,0.1,0.29,0.0,19.71,20.59,14.44,14.63,12.98,8.98,8.68,0.0,0.0,583.0,442.0,1025.0,12.0,1.0,17.0,5.0,0.0,2.0,8.0,14.0,6.0,16.0,30.0,40.0,38.0,59.0,74.0,102.0,85.0,118.0,123.0,119.0,103.0,48.0,18.0,4.0,4.0,4.0,1.0,3.0,0.0,202.0,211.0,148.0,150.0,133.0,92.0,89.0,0.0,99.77,99.77,,0.0,0.16,0.08,0.0,73.06,1.87,0.08,25.0,0.0,0.0,100.0,16.52,13.57,16.29,17.92,17.92,17.77,1.56,1.28,1.24,1.59,1.67,1.13,1.36,1.32,1.75,1.56,0.97,1.09,2566.0,2566.0,,0.0,4.0,2.0,0.0,1879.0,48.0,2.0,643.0,0.0,0.0,2572.0,425.0,349.0,419.0,461.0,461.0,457.0,40.0,33.0,32.0,41.0,43.0,29.0,35.0,34.0,45.0,40.0,25.0,28.0,99.77,100.0,100.0,99.52,99.57,99.78,99.78,99.67,100.0,100.0,100.0,100.0,100.0,100.0,100.0,100.0,100.0,100.0,100.0,100.0
3522802,0.0,58.77,41.23,100.0,0.84,0.0,1.39,0.56,0.0,0.0,0.56,0.56,1.67,2.79,4.18,1.67,3.34,4.18,5.57,8.64,9.47,13.37,13.37,14.76,8.91,3.34,1.95,0.28,0.84,0.0,0.0,0.0,0.0,20.89,19.5,13.37,16.16,12.26,8.91,8.91,0.0,0.0,211.0,148.0,359.0,3.0,0.0,5.0,2.0,0.0,0.0,2.0,2.0,6.0,10.0,15.0,6.0,12.0,15.0,20.0,31.0,34.0,48.0,48.0,53.0,32.0,12.0,7.0,1.0,3.0,0.0,0.0,0.0,0.0,75.0,70.0,48.0,58.0,44.0,32.0,32.0,0.0,99.58,99.58,,0.0,0.32,0.11,0.0,78.34,0.85,0.64,19.11,1.06,0.0,100.0,15.82,15.71,16.03,17.3,16.67,18.47,1.06,2.02,2.02,1.91,1.38,1.49,1.38,0.64,0.74,1.38,0.64,1.17,938.0,938.0,,0.0,3.0,1.0,0.0,738.0,8.0,6.0,180.0,10.0,0.0,942.0,149.0,148.0,151.0,163.0,157.0,174.0,10.0,19.0,19.0,18.0,13.0,14.0,13.0,6.0,7.0,13.0,6.0,11.0,99.58,97.99,100.0,100.0,99.39,100.0,100.0,99.84,100.0,84.21,100.0,100.0,100.0,100.0,100.0,100.0,100.0,100.0,100.0,100.0
3522901,0.0,54.22,45.78,100.0,2.27,0.0,2.27,0.0,0.32,0.32,0.65,1.3,0.65,1.62,0.97,1.95,5.52,5.52,8.12,12.99,12.99,10.39,6.82,10.71,9.09,6.17,1.3,0.32,0.65,0.65,0.32,0.65,0.0,21.1,21.43,12.34,13.64,10.71,10.06,10.71,0.0,0.0,167.0,141.0,308.0,7.0,0.0,7.0,0.0,1.0,1.0,2.0,4.0,2.0,5.0,3.0,6.0,17.0,17.0,25.0,40.0,40.0,32.0,21.0,33.0,28.0,19.0,4.0,1.0,2.0,2.0,1.0,2.0,0.0,65.0,66.0,38.0,42.0,33.0,31.0,33.0,0.0,99.56,99.56,,0.0,0.35,0.09,0.0,63.3,3.9,0.18,32.62,0.0,0.0,100.0,17.02,18.53,16.13,18.35,15.69,14.27,1.6,0.98,2.04,0.89,0.98,1.95,1.24,1.51,0.89,1.6,1.86,1.51,1123.0,1123.0,,0.0,4.0,1.0,0.0,714.0,44.0,2.0,368.0,0.0,0.0,1128.0,192.0,209.0,182.0,207.0,177.0,161.0,18.0,11.0,23.0,10.0,11.0,22.0,14.0,17.0,10.0,18.0,21.0,17.0,99.56,98.44,99.52,100.0,100.0,100.0,99.38,99.86,88.89,100.0,100.0,100.0,100.0,100.0,100.0,100.0,100.0,100.0,100.0,94.12
3523008,0.0,52.21,47.79,100.0,1.77,0.0,1.77,0.0,0.0,0.88,0.88,4.42,0.88,0.88,0.0,7.08,5.31,5.31,6.19,12.39,11.5,11.5,8.85,11.5,4.42,2.65,3.54,0.0,1.77,0.0,0.0,0.0,0.0,26.55,16.81,11.5,8.85,12.39,8.85,15.04,0.0,0.0,59.0,54.0,113.0,2.0,0.0,2.0,0.0,0.0,1.0,1.0,5.0,1.0,1.0,0.0,8.0,6.0,6.0,7.0,14.0,13.0,13.0,10.0,13.0,5.0,3.0,4.0,0.0,2.0,0.0,0.0,0.0,0.0,30.0,19.0,13.0,10.0,14.0,10.0,17.0,0.0,100.0,100.0,,0.0,0.0,0.0,0.0,44.28,4.06,0.37,51.29,0.0,0.0,100.0,15.13,14.02,14.76,18.08,20.3,17.71,0.74,1.48,0.74,2.21,0.74,2.21,1.11,2.21,0.74,0.74,1.48,0.74,271.0,271.0,,0.0,0.0,0.0,0.0,120.0,11.0,1.0,139.0,0.0,0.0,271.0,41.0,38.0,40.0,49.0,55.0,48.0,2.0,4.0,2.0,6.0,2.0,6.0,3.0,6.0,2.0,2.0,4.0,2.0,100.0,100.0,100.0,100.0,100.0,100.0,100.0,100.0,100.0,100.0,100.0,100.0,100.0,100.0,100.0,100.0,100.0,100.0,100.0,100.0
3523107,0.0,54.69,45.31,100.0,2.01,0.03,2.54,0.53,0.23,0.37,1.14,1.75,1.98,2.29,3.14,4.33,5.34,7.36,8.86,11.25,11.53,11.72,8.32,7.73,5.54,2.86,1.25,0.47,0.69,0.72,0.25,0.22,0.13,19.99,20.16,13.05,14.18,12.92,10.5,9.19,0.0,0.0,3729.0,3090.0,6819.0,137.0,2.0,173.0,36.0,16.0,25.0,78.0,119.0,135.0,156.0,214.0,295.0,364.0,502.0,604.0,767.0,786.0,799.0,567.0,527.0,378.0,195.0,85.0,32.0,47.0,49.0,17.0,15.0,9.0,1363.0,1375.0,890.0,967.0,881.0,716.0,627.0,0.0,99.6,99.6,,0.0,0.26,0.1,0.04,46.77,5.89,0.12,47.12,0.09,0.01,100.0,14.14,14.82,16.96,18.01,18.14,17.94,1.08,1.12,1.32,1.19,1.37,1.17,1.18,1.15,1.06,1.18,1.16,1.15,31185.0,31185.0,,0.0,82.0,32.0,12.0,14644.0,1843.0,39.0,14754.0,29.0,2.0,31311.0,4427.0,4639.0,5309.0,5640.0,5679.0,5617.0,339.0,351.0,414.0,372.0,428.0,367.0,370.0,361.0,333.0,368.0,364.0,360.0,99.6,99.32,99.57,99.51,99.72,99.72,99.68,99.66,98.82,98.86,98.79,99.19,100.0,100.0,99.46,100.0,99.7,98.91,99.18,98.89
3523206,0.0,57.14,42.86,100.0,1.47,0.0,1.73,0.26,0.0,0.09,0.43,0.87,1.82,1.65,2.16,2.68,3.55,5.63,6.93,9.87,10.56,12.29,11.77,10.91,9.09,4.94,2.6,0.43,0.61,0.35,0.26,0.26,0.0,19.48,24.16,12.55,11.0,13.33,10.65,8.83,0.0,0.0,660.0,495.0,1155.0,17.0,0.0,20.0,3.0,0.0,1.0,5.0,10.0,21.0,19.0,25.0,31.0,41.0,65.0,80.0,114.0,122.0,142.0,136.0,126.0,105.0,57.0,30.0,5.0,7.0,4.0,3.0,3.0,0.0,225.0,279.0,145.0,127.0,154.0,123.0,102.0,0.0,99.76,99.76,,0.0,0.12,0.09,0.03,82.06,1.32,0.24,16.33,0.06,0.0,100.0,15.55,16.15,16.24,16.6,17.97,17.5,1.38,1.35,1.14,1.29,1.59,1.44,1.32,1.32,1.17,1.2,1.38,0.99,3330.0,3330.0,,0.0,4.0,3.0,1.0,2739.0,44.0,8.0,545.0,2.0,0.0,3338.0,519.0,539.0,542.0,554.0,600.0,584.0,46.0,45.0,38.0,43.0,53.0,48.0,44.0,44.0,39.0,40.0,46.0,33.0,99.76,99.23,99.63,100.0,100.0,99.67,100.0,99.91,95.65,100.0,100.0,100.0,100.0,100.0,100.0,100.0,100.0,97.5,100.0,96.97
3523305,0.0,62.26,37.74,100.0,1.29,0.32,1.29,0.0,0.0,0.65,1.29,1.29,0.65,1.29,1.61,4.52,3.55,5.48,6.13,11.29,12.9,12.9,9.68,10.0,9.35,4.19,0.97,0.65,0.32,0.97,0.0,0.0,0.0,22.9,18.39,11.29,12.9,19.35,8.06,7.1,0.0,0.0,193.0,117.0,310.0,4.0,1.0,4.0,0.0,0.0,2.0,4.0,4.0,2.0,4.0,5.0,14.0,11.0,17.0,19.0,35.0,40.0,40.0,30.0,31.0,29.0,13.0,3.0,2.0,1.0,3.0,0.0,0.0,0.0,71.0,57.0,35.0,40.0,60.0,25.0,22.0,0.0,99.53,99.29,,0.24,0.31,0.16,0.0,50.31,2.35,1.18,45.69,0.47,0.0,100.0,15.13,15.75,16.07,16.85,19.44,16.77,1.25,1.1,1.65,1.18,1.25,1.33,1.33,0.86,1.25,1.49,1.41,1.02,1270.0,1267.0,,3.0,4.0,2.0,0.0,642.0,30.0,15.0,583.0,6.0,0.0,1276.0,193.0,201.0,205.0,215.0,248.0,214.0,16.0,14.0,21.0,15.0,16.0,17.0,17.0,11.0,16.0,19.0,18.0,13.0,99.29,99.48,99.0,99.02,100.0,99.19,99.07,99.32,93.75,100.0,100.0,100.0,100.0,100.0,100.0,100.0,100.0,100.0,100.0,100.0
3523404,0.0,55.72,44.28,100.0,1.02,0.0,1.35,0.33,0.08,0.25,0.37,1.23,1.59,1.92,2.74,3.88,4.33,6.09,7.44,10.18,9.36,10.96,9.48,11.0,9.73,5.85,1.84,0.33,0.29,0.49,0.12,0.12,0.0,23.18,20.77,11.65,12.84,13.29,9.98,8.3,0.0,0.0,1363.0,1083.0,2446.0,25.0,0.0,33.0,8.0,2.0,6.0,9.0,30.0,39.0,47.0,67.0,95.0,106.0,149.0,182.0,249.0,229.0,268.0,232.0,269.0,238.0,143.0,45.0,8.0,7.0,12.0,3.0,3.0,0.0,567.0,508.0,285.0,314.0,325.0,244.0,203.0,0.0,99.78,99.78,,0.0,0.11,0.05,0.06,63.93,4.6,0.48,30.97,0.02,0.0,100.0,16.36,15.08,16.97,17.38,17.12,17.1,1.62,1.51,1.4,1.38,1.47,1.09,1.38,1.25,1.52,1.35,1.28,1.09,8120.0,8120.0,,0.0,9.0,4.0,5.0,5203.0,374.0,39.0,2520.0,2.0,0.0,8138.0,1331.0,1227.0,1381.0,1414.0,1393.0,1392.0,132.0,123.0,114.0,112.0,120.0,89.0,112.0,102.0,124.0,110.0,104.0,89.0,99.78,99.55,99.84,99.86,99.93,99.78,99.71,99.82,98.48,99.19,100.0,100.0,99.17,100.0,100.0,100.0,100.0,99.09,100.0,98.88
3523503,0.0,55.04,44.96,100.0,2.58,0.0,3.62,1.03,0.52,0.0,0.52,1.29,2.58,2.58,3.62,3.62,5.43,4.91,8.27,8.79,9.04,9.04,12.92,10.85,7.49,2.84,2.07,0.0,1.55,0.78,0.26,0.0,0.0,21.71,23.26,14.47,11.37,13.7,7.49,8.01,0.0,0.0,213.0,174.0,387.0,10.0,0.0,14.0,4.0,2.0,0.0,2.0,5.0,10.0,10.0,14.0,14.0,21.0,19.0,32.0,34.0,35.0,35.0,50.0,42.0,29.0,11.0,8.0,0.0,6.0,3.0,1.0,0.0,0.0,84.0,90.0,56.0,44.0,53.0,29.0,31.0,0.0,99.65,99.65,,0.0,0.14,0.21,0.0,67.6,2.39,0.0,29.87,0.14,0.0,100.0,16.94,14.41,16.73,16.58,18.2,17.15,1.69,1.34,1.05,1.55,1.26,1.19,1.76,1.62,1.48,1.26,1.34,1.41,1418.0,1418.0,,0.0,2.0,3.0,0.0,962.0,34.0,0.0,425.0,2.0,0.0,1423.0,241.0,205.0,238.0,236.0,259.0,244.0,24.0,19.0,15.0,22.0,18.0,17.0,25.0,23.0,21.0,18.0,19.0,20.0,99.65,99.17,99.51,100.0,100.0,99.61,99.59,99.8,95.83,100.0,93.33,100.0,100.0,100.0,100.0,100.0,100.0,100.0,100.0,100.0
3523602,0.0,54.88,45.12,100.0,1.63,0.0,2.44,0.81,0.41,0.0,0.81,1.22,1.22,2.03,1.63,2.85,4.07,4.88,7.72,7.32,15.04,13.41,9.35,8.94,8.13,5.28,2.85,0.41,0.0,0.41,0.0,0.81,0.41,17.48,17.48,17.89,12.2,12.2,12.2,10.57,0.0,0.0,135.0,111.0,246.0,4.0,0.0,6.0,2.0,1.0,0.0,2.0,3.0,3.0,5.0,4.0,7.0,10.0,12.0,19.0,18.0,37.0,33.0,23.0,22.0,20.0,13.0,7.0,1.0,0.0,1.0,0.0,2.0,1.0,43.0,43.0,44.0,30.0,30.0,30.0,26.0,0.0,99.7,99.7,,0.0,0.0,0.1,0.2,61.5,4.3,0.2,34.0,0.0,0.0,100.0,14.1,15.6,15.3,17.1,20.6,17.3,1.5,1.0,1.1,1.1,1.2,1.4,0.6,1.2,1.0,1.0,1.0,2.0,997.0,997.0,,0.0,0.0,1.0,2.0,615.0,43.0,2.0,340.0,0.0,0.0,1000.0,141.0,156.0,153.0,171.0,206.0,173.0,15.0,10.0,11.0,11.0,12.0,14.0,6.0,12.0,10.0,10.0,10.0,20.0,99.7,99.29,100.0,100.0,99.42,100.0,99.42,99.72,100.0,100.0,100.0,100.0,100.0,100.0,100.0,91.67,100.0,100.0,100.0,100.0
3523701,0.0,49.65,50.35,100.0,0.7,0.0,0.7,0.0,0.7,0.0,0.7,0.7,1.4,2.1,1.4,3.5,2.8,7.69,9.09,11.19,12.59,11.89,7.69,4.9,9.79,6.99,4.2,0.0,0.7,0.0,0.0,0.0,0.0,20.98,13.29,15.38,20.28,11.89,8.39,9.79,0.0,0.0,71.0,72.0,143.0,1.0,0.0,1.0,0.0,1.0,0.0,1.0,1.0,2.0,3.0,2.0,5.0,4.0,11.0,13.0,16.0,18.0,17.0,11.0,7.0,14.0,10.0,6.0,0.0,1.0,0.0,0.0,0.0,0.0,30.0,19.0,22.0,29.0,17.0,12.0,14.0,0.0,100.0,100.0,,0.0,0.0,0.0,0.0,59.42,2.0,0.0,38.58,0.0,0.0,100.0,15.74,16.63,18.18,17.96,17.07,14.41,1.77,0.89,1.33,2.22,1.11,0.67,0.67,2.0,1.11,1.77,1.33,0.89,451.0,451.0,,0.0,0.0,0.0,0.0,268.0,9.0,0.0,174.0,0.0,0.0,451.0,71.0,75.0,82.0,81.0,77.0,65.0,8.0,4.0,6.0,10.0,5.0,3.0,3.0,9.0,5.0,8.0,6.0,4.0,100.0,100.0,100.0,100.0,100.0,100.0,100.0,100.0,100.0,100.0,100.0,100.0,100.0,100.0,100.0,100.0,100.0,100.0,100.0,100.0
3523800,0.0,56.35,43.65,100.0,0.55,0.55,0.55,0.0,0.0,0.0,0.0,0.0,2.21,1.66,2.21,1.66,2.76,6.08,8.29,8.29,8.29,11.6,14.36,13.81,7.18,6.63,2.76,1.1,0.55,0.0,0.0,0.0,0.0,18.78,23.2,15.47,13.81,13.26,6.63,8.84,0.0,0.0,102.0,79.0,181.0,1.0,1.0,1.0,0.0,0.0,0.0,0.0,0.0,4.0,3.0,4.0,3.0,5.0,11.0,15.0,15.0,15.0,21.0,26.0,25.0,13.0,12.0,5.0,2.0,1.0,0.0,0.0,0.0,0.0,34.0,42.0,28.0,25.0,24.0,12.0,16.0,0.0,100.0,100.0,,0.0,0.0,0.0,0.0,64.07,2.83,0.0,33.1,0.0,0.0,100.0,16.81,15.75,16.99,15.22,18.76,16.46,1.42,1.77,1.06,1.42,1.42,1.59,1.06,1.77,2.3,1.24,1.06,0.71,565.0,565.0,,0.0,0.0,0.0,0.0,362.0,16.0,0.0,187.0,0.0,0.0,565.0,95.0,89.0,96.0,86.0,106.0,93.0,8.0,10.0,6.0,8.0,8.0,9.0,6.0,10.0,13.0,7.0,6.0,4.0,100.0,100.0,100.0,100.0,100.0,100.0,100.0,100.0,100.0,100.0,100.0,100.0,100.0,100.0,100.0,100.0,100.0,100.0,100.0,100.0
3523909,0.0,55.85,44.15,100.0,1.13,0.06,1.51,0.38,0.19,0.25,0.6,1.07,1.54,1.72,2.07,3.17,4.3,6.52,7.78,10.85,9.78,11.41,10.47,10.1,8.09,5.49,2.45,0.6,0.22,0.53,0.13,0.22,0.03,19.16,21.35,12.98,12.57,12.57,11.41,9.94,0.0,0.0,1781.0,1408.0,3189.0,36.0,2.0,48.0,12.0,6.0,8.0,19.0,34.0,49.0,55.0,66.0,101.0,137.0,208.0,248.0,346.0,312.0,364.0,334.0,322.0,258.0,175.0,78.0,19.0,7.0,17.0,4.0,7.0,1.0,611.0,681.0,414.0,401.0,401.0,364.0,317.0,0.0,99.7,99.7,,0.0,0.16,0.09,0.06,66.28,3.52,0.21,29.94,0.04,0.0,100.0,15.33,15.71,16.52,16.8,17.85,17.8,1.25,1.1,1.47,1.34,1.23,1.28,1.28,1.34,1.53,1.2,1.12,1.18,12167.0,12167.0,,0.0,19.0,11.0,7.0,8089.0,430.0,26.0,3654.0,5.0,0.0,12204.0,1871.0,1917.0,2016.0,2050.0,2178.0,2172.0,152.0,134.0,180.0,164.0,150.0,156.0,156.0,164.0,187.0,147.0,137.0,144.0,99.7,99.41,99.84,99.7,99.76,99.63,99.82,99.73,97.37,99.25,99.44,100.0,100.0,99.36,100.0,99.39,100.0,99.32,99.27,99.31
3524006,0.0,59.89,40.11,100.0,2.33,0.11,3.17,0.85,0.32,0.21,0.21,1.27,1.27,2.01,2.54,3.6,4.66,5.71,9.52,9.74,9.63,10.58,10.37,11.64,7.51,3.6,2.12,0.21,0.95,0.63,0.42,0.32,0.0,22.54,21.8,12.28,14.07,11.85,9.63,7.83,0.0,0.0,566.0,379.0,945.0,22.0,1.0,30.0,8.0,3.0,2.0,2.0,12.0,12.0,19.0,24.0,34.0,44.0,54.0,90.0,92.0,91.0,100.0,98.0,110.0,71.0,34.0,20.0,2.0,9.0,6.0,4.0,3.0,0.0,213.0,206.0,116.0,133.0,112.0,91.0,74.0,0.0,99.65,99.65,,0.0,0.14,0.07,0.14,56.23,3.91,0.26,39.58,0.0,0.02,100.0,15.81,15.39,16.58,17.54,17.64,17.04,1.43,1.32,1.34,1.58,1.21,1.2,1.09,1.36,1.43,1.2,1.34,1.32,5660.0,5660.0,,0.0,8.0,4.0,8.0,3194.0,222.0,15.0,2248.0,0.0,1.0,5680.0,898.0,874.0,942.0,996.0,1002.0,968.0,81.0,75.0,76.0,90.0,69.0,68.0,62.0,77.0,81.0,68.0,76.0,75.0,99.65,99.33,99.66,99.79,99.7,99.5,99.9,99.72,96.3,100.0,98.68,100.0,100.0,98.53,100.0,100.0,100.0,100.0,100.0,98.67
3524105,0.0,54.91,45.09,100.0,1.56,0.11,1.79,0.22,0.0,0.11,0.45,0.33,1.23,1.12,2.68,2.68,3.57,6.36,6.03,10.38,9.6,14.62,10.71,10.71,10.04,5.25,1.79,0.45,0.89,0.22,0.11,0.33,0.0,21.99,18.75,10.83,9.26,15.07,12.39,11.72,0.0,0.0,492.0,404.0,896.0,14.0,1.0,16.0,2.0,0.0,1.0,4.0,3.0,11.0,10.0,24.0,24.0,32.0,57.0,54.0,93.0,86.0,131.0,96.0,96.0,90.0,47.0,16.0,4.0,8.0,2.0,1.0,3.0,0.0,197.0,168.0,97.0,83.0,135.0,111.0,105.0,0.0,99.8,99.8,,0.0,0.12,0.08,0.0,63.59,3.34,0.44,32.63,0.0,0.0,100.0,16.39,15.4,16.79,17.11,17.51,16.79,1.19,1.31,1.83,1.23,1.91,1.71,1.47,1.27,1.11,0.99,1.51,0.84,2508.0,2508.0,,0.0,3.0,2.0,0.0,1598.0,84.0,11.0,820.0,0.0,0.0,2513.0,412.0,387.0,422.0,430.0,440.0,422.0,30.0,33.0,46.0,31.0,48.0,43.0,37.0,32.0,28.0,25.0,38.0,21.0,99.8,100.0,99.22,100.0,99.77,100.0,99.76,99.88,100.0,100.0,100.0,100.0,100.0,100.0,100.0,100.0,100.0,100.0,100.0,100.0
3524204,0.0,59.67,40.33,100.0,2.76,2.21,3.31,0.55,0.0,0.55,0.0,1.66,1.66,0.0,3.87,3.31,3.31,4.97,8.29,8.84,7.73,7.18,12.15,16.57,8.84,4.42,1.1,0.0,1.1,0.55,0.55,0.0,0.55,17.68,19.89,15.47,12.15,15.47,8.29,11.05,0.0,0.0,108.0,73.0,181.0,5.0,4.0,6.0,1.0,0.0,1.0,0.0,3.0,3.0,0.0,7.0,6.0,6.0,9.0,15.0,16.0,14.0,13.0,22.0,30.0,16.0,8.0,2.0,0.0,2.0,1.0,1.0,0.0,1.0,32.0,36.0,28.0,22.0,28.0,15.0,20.0,0.0,99.73,99.73,,0.0,0.0,0.27,0.0,57.22,5.18,0.27,37.33,0.0,0.0,100.0,14.44,15.8,17.71,18.53,17.44,16.08,0.54,0.82,0.54,1.36,1.63,2.45,1.09,0.54,1.36,0.27,1.63,2.18,366.0,366.0,,0.0,0.0,1.0,0.0,210.0,19.0,1.0,137.0,0.0,0.0,367.0,53.0,58.0,65.0,68.0,64.0,59.0,2.0,3.0,2.0,5.0,6.0,9.0,4.0,2.0,5.0,1.0,6.0,8.0,99.73,100.0,98.28,100.0,100.0,100.0,100.0,100.0,100.0,100.0,100.0,100.0,100.0,100.0,100.0,100.0,100.0,100.0,100.0,100.0
3524303,0.0,56.38,43.62,100.0,0.59,0.0,0.71,0.12,0.18,0.12,0.59,1.06,0.71,1.35,2.0,3.12,3.47,5.17,6.94,10.17,9.88,10.93,12.29,11.64,9.35,6.94,2.82,0.59,0.29,0.18,0.0,0.12,0.0,20.87,20.87,12.82,13.46,12.76,10.58,8.64,0.0,0.0,959.0,742.0,1701.0,10.0,0.0,12.0,2.0,3.0,2.0,10.0,18.0,12.0,23.0,34.0,53.0,59.0,88.0,118.0,173.0,168.0,186.0,209.0,198.0,159.0,118.0,48.0,10.0,5.0,3.0,0.0,2.0,0.0,355.0,355.0,218.0,229.0,217.0,180.0,147.0,0.0,99.81,99.81,,0.0,0.14,0.05,0.0,66.6,3.82,0.42,29.16,0.0,0.0,100.0,16.37,14.78,17.1,16.94,18.11,16.7,1.2,1.22,1.31,1.5,1.36,1.31,1.29,1.48,1.6,1.31,1.48,1.31,4255.0,4255.0,,0.0,6.0,2.0,0.0,2839.0,163.0,18.0,1243.0,0.0,0.0,4263.0,698.0,630.0,729.0,722.0,772.0,712.0,51.0,52.0,56.0,64.0,58.0,56.0,55.0,63.0,68.0,56.0,63.0,56.0,99.81,99.71,99.84,99.73,100.0,99.87,99.72,99.83,100.0,100.0,100.0,100.0,98.28,100.0,100.0,98.41,100.0,100.0,100.0,100.0
3524402,0.0,55.61,44.39,100.0,1.03,0.07,1.34,0.31,0.13,0.2,0.77,1.61,1.63,1.72,2.15,3.39,3.96,5.72,7.39,9.19,11.92,11.32,10.42,10.95,8.14,5.23,2.13,0.64,0.46,0.24,0.2,0.11,0.02,21.22,21.64,12.09,12.82,12.91,10.09,9.23,0.0,0.0,2529.0,2019.0,4548.0,47.0,3.0,61.0,14.0,6.0,9.0,35.0,73.0,74.0,78.0,98.0,154.0,180.0,260.0,336.0,418.0,542.0,515.0,474.0,498.0,370.0,238.0,97.0,29.0,21.0,11.0,9.0,5.0,1.0,965.0,984.0,550.0,583.0,587.0,459.0,420.0,0.0,99.72,99.72,,0.0,0.07,0.14,0.07,70.0,3.35,0.44,26.18,0.02,0.01,100.0,14.86,15.26,16.05,17.44,18.38,18.01,1.25,1.26,1.45,1.17,1.2,1.31,1.2,1.24,1.31,1.1,1.22,1.15,16177.0,16177.0,,0.0,12.0,22.0,11.0,11355.0,543.0,72.0,4247.0,3.0,2.0,16222.0,2411.0,2475.0,2603.0,2829.0,2982.0,2922.0,203.0,204.0,236.0,189.0,195.0,212.0,195.0,201.0,212.0,179.0,198.0,187.0,99.72,99.75,99.84,99.54,99.65,99.77,99.79,99.69,99.01,100.0,99.58,100.0,99.49,99.53,100.0,100.0,99.53,100.0,100.0,100.0
3524501,0.0,52.8,47.2,100.0,0.8,0.0,0.8,0.0,0.0,0.0,0.0,0.0,4.0,0.8,0.0,4.0,4.0,4.8,3.2,5.6,11.2,17.6,12.8,10.4,12.8,4.8,3.2,0.0,0.0,0.0,0.0,0.8,0.0,21.6,14.4,12.8,13.6,20.0,7.2,10.4,0.0,0.0,66.0,59.0,125.0,1.0,0.0,1.0,0.0,0.0,0.0,0.0,0.0,5.0,1.0,0.0,5.0,5.0,6.0,4.0,7.0,14.0,22.0,16.0,13.0,16.0,6.0,4.0,0.0,0.0,0.0,0.0,1.0,0.0,27.0,18.0,16.0,17.0,25.0,9.0,13.0,0.0,99.5,99.5,,0.0,0.0,0.5,0.0,59.57,4.46,0.0,35.97,0.0,0.0,100.0,12.21,16.5,15.68,18.15,19.31,18.15,1.32,0.66,1.98,1.16,1.65,1.16,1.16,0.5,0.83,0.66,0.17,0.99,603.0,603.0,,0.0,0.0,3.0,0.0,361.0,27.0,0.0,218.0,0.0,0.0,606.0,74.0,100.0,95.0,110.0,117.0,110.0,8.0,4.0,12.0,7.0,10.0,7.0,7.0,3.0,5.0,4.0,1.0,6.0,99.5,100.0,100.0,98.95,99.09,100.0,99.09,99.31,100.0,100.0,100.0,100.0,100.0,100.0,100.0,100.0,100.0,100.0,100.0,100.0
3524600,0.0,54.87,45.13,100.0,2.06,0.29,3.24,1.18,0.0,0.59,1.18,0.29,1.47,1.47,1.47,2.06,3.24,5.6,5.9,9.14,10.03,9.73,9.44,10.91,11.8,7.96,3.24,0.88,0.59,0.88,0.59,0.0,0.0,16.81,19.47,11.8,13.57,16.81,11.8,9.73,0.0,0.0,186.0,153.0,339.0,7.0,1.0,11.0,4.0,0.0,2.0,4.0,1.0,5.0,5.0,5.0,7.0,11.0,19.0,20.0,31.0,34.0,33.0,32.0,37.0,40.0,27.0,11.0,3.0,2.0,3.0,2.0,0.0,0.0,57.0,66.0,40.0,46.0,57.0,40.0,33.0,0.0,99.61,99.61,,0.0,0.16,0.16,0.08,59.47,1.02,0.08,39.36,0.08,0.0,100.0,15.4,15.95,16.97,17.67,16.65,17.36,1.02,0.94,1.18,1.41,1.26,1.34,1.1,1.34,1.65,1.49,1.34,1.34,1268.0,1268.0,,0.0,2.0,2.0,1.0,757.0,13.0,1.0,501.0,1.0,0.0,1273.0,196.0,203.0,216.0,225.0,212.0,221.0,13.0,12.0,15.0,18.0,16.0,17.0,14.0,17.0,21.0,19.0,17.0,17.0,99.61,100.0,99.01,99.54,100.0,99.53,99.55,99.66,100.0,100.0,100.0,100.0,100.0,100.0,100.0,100.0,100.0,100.0,100.0,100.0
3524709,0.0,53.43,46.57,100.0,2.25,0.67,2.36,0.11,0.34,0.34,0.79,1.12,0.67,2.02,2.59,3.15,4.95,4.05,6.3,10.46,9.79,11.25,12.82,11.14,7.31,5.51,2.14,0.22,0.9,0.67,0.45,0.22,0.0,21.48,22.5,12.37,12.82,13.16,8.32,9.34,0.0,0.0,475.0,414.0,889.0,20.0,6.0,21.0,1.0,3.0,3.0,7.0,10.0,6.0,18.0,23.0,28.0,44.0,36.0,56.0,93.0,87.0,100.0,114.0,99.0,65.0,49.0,19.0,2.0,8.0,6.0,4.0,2.0,0.0,191.0,200.0,110.0,114.0,117.0,74.0,83.0,0.0,99.59,99.59,,0.0,0.29,0.05,0.07,65.77,3.75,0.24,30.24,0.0,0.0,100.0,16.92,14.9,15.19,17.74,19.4,15.84,1.68,1.68,1.2,1.25,1.66,1.59,1.59,1.63,1.32,1.01,1.11,1.2,4143.0,4143.0,,0.0,12.0,2.0,3.0,2736.0,156.0,10.0,1258.0,0.0,0.0,4160.0,704.0,620.0,632.0,738.0,807.0,659.0,70.0,70.0,50.0,52.0,69.0,66.0,66.0,68.0,55.0,42.0,46.0,50.0,99.59,99.57,99.19,99.68,99.32,99.88,99.85,99.68,100.0,100.0,100.0,100.0,100.0,100.0,98.48,100.0,100.0,97.62,97.83,100.0
3524808,0.0,56.54,43.46,100.0,0.98,0.25,1.14,0.16,0.25,0.25,0.41,0.98,0.82,1.06,1.96,2.12,4.0,4.82,7.84,7.6,9.23,11.27,13.73,13.64,10.05,5.8,2.12,0.65,0.16,0.33,0.41,0.08,0.0,18.14,20.59,12.01,12.09,12.99,14.3,9.89,0.0,0.0,692.0,532.0,1224.0,12.0,3.0,14.0,2.0,3.0,3.0,5.0,12.0,10.0,13.0,24.0,26.0,49.0,59.0,96.0,93.0,113.0,138.0,168.0,167.0,123.0,71.0,26.0,8.0,2.0,4.0,5.0,1.0,0.0,222.0,252.0,147.0,148.0,159.0,175.0,121.0,0.0,99.7,99.7,,0.0,0.2,0.1,0.0,76.38,1.28,0.67,21.67,0.0,0.0,100.0,15.66,15.02,17.57,17.41,17.14,17.2,0.87,1.44,1.08,1.28,1.68,1.41,1.48,1.38,1.04,1.34,1.48,1.18,2967.0,2967.0,,0.0,6.0,3.0,0.0,2273.0,38.0,20.0,645.0,0.0,0.0,2976.0,466.0,447.0,523.0,518.0,510.0,512.0,26.0,43.0,32.0,38.0,50.0,42.0,44.0,41.0,31.0,40.0,44.0,35.0,99.7,99.36,99.78,99.43,100.0,99.61,100.0,99.76,92.31,100.0,100.0,100.0,100.0,97.62,100.0,100.0,100.0,100.0,100.0,100.0
3524907,0.0,63.28,36.72,100.0,2.34,0.0,3.13,0.78,0.0,0.78,0.0,0.78,1.56,0.78,1.56,0.78,5.47,6.25,6.25,6.25,17.19,9.38,4.69,11.72,7.81,12.5,1.56,1.56,1.56,0.0,0.78,0.0,0.0,22.66,25.0,10.94,13.28,10.16,8.59,9.38,0.0,0.0,81.0,47.0,128.0,3.0,0.0,4.0,1.0,0.0,1.0,0.0,1.0,2.0,1.0,2.0,1.0,7.0,8.0,8.0,8.0,22.0,12.0,6.0,15.0,10.0,16.0,2.0,2.0,2.0,0.0,1.0,0.0,0.0,29.0,32.0,14.0,17.0,13.0,11.0,12.0,0.0,100.0,100.0,,0.0,0.0,0.0,0.0,67.81,2.79,0.43,28.97,0.0,0.0,100.0,14.38,19.1,16.52,17.6,18.45,13.95,1.07,0.64,1.5,0.64,1.07,1.72,1.29,0.86,0.64,1.5,2.15,1.29,466.0,466.0,,0.0,0.0,0.0,0.0,316.0,13.0,2.0,135.0,0.0,0.0,466.0,67.0,89.0,77.0,82.0,86.0,65.0,5.0,3.0,7.0,3.0,5.0,8.0,6.0,4.0,3.0,7.0,10.0,6.0,100.0,100.0,100.0,100.0,100.0,100.0,100.0,100.0,100.0,100.0,100.0,100.0,100.0,100.0,100.0,100.0,100.0,100.0,100.0,100.0
3525003,0.0,56.83,43.17,100.0,1.57,0.15,1.96,0.39,0.2,0.15,0.73,1.47,1.42,2.35,2.99,3.43,5.34,7.74,8.72,10.19,12.4,11.07,10.58,8.48,5.54,3.28,1.62,0.2,0.69,0.29,0.24,0.29,0.05,17.98,20.97,12.74,15.04,14.16,9.7,9.41,0.0,0.0,1160.0,881.0,2041.0,32.0,3.0,40.0,8.0,4.0,3.0,15.0,30.0,29.0,48.0,61.0,70.0,109.0,158.0,178.0,208.0,253.0,226.0,216.0,173.0,113.0,67.0,33.0,4.0,14.0,6.0,5.0,6.0,1.0,367.0,428.0,260.0,307.0,289.0,198.0,192.0,0.0,99.67,99.67,,0.0,0.18,0.07,0.08,52.25,6.62,0.19,40.9,0.03,0.0,100.0,14.93,15.17,17.1,16.65,18.4,17.76,0.98,1.2,1.32,1.15,1.14,1.22,1.26,1.71,1.11,1.36,1.43,1.04,8807.0,8807.0,,0.0,16.0,6.0,7.0,4617.0,585.0,17.0,3614.0,3.0,0.0,8836.0,1319.0,1340.0,1511.0,1471.0,1626.0,1569.0,87.0,106.0,117.0,102.0,101.0,108.0,111.0,151.0,98.0,120.0,126.0,92.0,99.67,99.62,99.63,99.47,99.86,99.69,99.75,99.69,100.0,100.0,100.0,99.02,100.0,100.0,99.1,98.68,100.0,99.17,100.0,100.0
3525102,0.0,60.66,39.34,100.0,0.79,0.0,0.79,0.0,0.11,0.0,0.57,1.02,1.59,2.15,2.61,3.06,3.63,5.44,7.37,10.77,9.18,12.59,11.56,12.36,7.94,5.1,2.04,0.11,0.45,0.0,0.11,0.23,0.0,20.41,21.32,11.45,12.24,13.61,12.81,8.16,0.0,0.0,535.0,347.0,882.0,7.0,0.0,7.0,0.0,1.0,0.0,5.0,9.0,14.0,19.0,23.0,27.0,32.0,48.0,65.0,95.0,81.0,111.0,102.0,109.0,70.0,45.0,18.0,1.0,4.0,0.0,1.0,2.0,0.0,180.0,188.0,101.0,108.0,120.0,113.0,72.0,0.0,99.76,99.76,,0.0,0.18,0.06,0.0,62.71,4.33,0.18,32.77,0.0,0.0,100.0,14.02,15.83,16.79,16.73,19.26,17.36,1.47,0.99,0.93,1.26,1.05,1.23,1.32,1.2,1.17,0.99,1.11,1.26,3315.0,3315.0,,0.0,6.0,2.0,0.0,2084.0,144.0,6.0,1089.0,0.0,0.0,3323.0,466.0,526.0,558.0,556.0,640.0,577.0,49.0,33.0,31.0,42.0,35.0,41.0,44.0,40.0,39.0,33.0,37.0,42.0,99.76,99.79,99.81,99.64,99.82,100.0,99.48,99.74,100.0,96.97,100.0,100.0,100.0,100.0,100.0,100.0,100.0,100.0,100.0,100.0
3525201,0.0,57.87,42.13,100.0,1.05,0.17,1.92,0.87,0.35,0.0,1.22,1.75,2.27,2.27,3.32,3.67,5.07,5.77,6.47,10.49,10.66,11.36,9.44,9.09,8.22,4.37,1.75,0.35,0.17,0.35,0.35,0.0,0.17,16.96,20.63,14.34,12.76,12.41,12.94,9.97,0.0,0.0,331.0,241.0,572.0,6.0,1.0,11.0,5.0,2.0,0.0,7.0,10.0,13.0,13.0,19.0,21.0,29.0,33.0,37.0,60.0,61.0,65.0,54.0,52.0,47.0,25.0,10.0,2.0,1.0,2.0,2.0,0.0,1.0,97.0,118.0,82.0,73.0,71.0,74.0,57.0,0.0,99.77,99.77,,0.0,0.1,0.07,0.07,56.92,3.49,0.26,39.3,0.03,0.0,100.0,15.97,14.47,14.7,18.28,18.51,18.08,1.17,1.14,1.34,1.43,1.56,1.24,1.63,1.14,1.34,1.24,1.04,1.69,3062.0,3062.0,,0.0,3.0,2.0,2.0,1747.0,107.0,8.0,1206.0,1.0,0.0,3069.0,490.0,444.0,451.0,561.0,568.0,555.0,36.0,35.0,41.0,44.0,48.0,38.0,50.0,35.0,41.0,38.0,32.0,52.0,99.77,99.8,99.77,99.56,99.82,99.82,99.82,99.77,97.22,100.0,100.0,100.0,100.0,100.0,100.0,100.0,100.0,100.0,100.0,100.0
3525300,0.0,55.93,44.07,100.0,0.8,0.52,1.36,0.56,0.17,0.21,0.7,0.98,1.08,1.29,2.06,2.79,4.05,5.2,7.68,10.29,10.99,11.69,10.33,11.37,8.51,6.28,2.13,0.31,0.38,0.24,0.03,0.07,0.07,21.28,23.06,11.58,12.74,11.72,10.4,9.21,0.0,0.0,1603.0,1263.0,2866.0,23.0,15.0,39.0,16.0,5.0,6.0,20.0,28.0,31.0,37.0,59.0,80.0,116.0,149.0,220.0,295.0,315.0,335.0,296.0,326.0,244.0,180.0,61.0,9.0,11.0,7.0,1.0,2.0,2.0,610.0,661.0,332.0,365.0,336.0,298.0,264.0,0.0,99.55,99.55,,0.0,0.21,0.2,0.04,72.49,3.46,0.14,23.91,0.0,0.0,100.0,15.93,15.32,16.23,17.18,17.67,17.67,1.28,1.32,1.78,1.4,1.33,1.18,1.39,1.41,1.34,1.21,1.17,1.12,8453.0,8453.0,,0.0,18.0,17.0,3.0,6155.0,294.0,12.0,2030.0,0.0,0.0,8491.0,1353.0,1301.0,1378.0,1459.0,1500.0,1500.0,109.0,112.0,151.0,119.0,113.0,100.0,118.0,120.0,114.0,103.0,99.0,95.0,99.55,99.33,99.46,99.56,99.52,99.73,99.67,99.62,96.33,100.0,99.34,100.0,99.12,99.0,100.0,100.0,100.0,100.0,98.99,98.95
3525409,0.0,60.98,39.02,100.0,1.22,0.0,2.44,1.22,0.0,0.0,1.22,2.44,0.0,1.22,1.22,4.88,2.44,6.1,7.32,9.76,12.2,7.32,4.88,13.41,10.98,9.76,2.44,0.0,0.0,0.0,0.0,0.0,1.22,29.27,17.07,8.54,8.54,13.41,14.63,8.54,0.0,0.0,50.0,32.0,82.0,1.0,0.0,2.0,1.0,0.0,0.0,1.0,2.0,0.0,1.0,1.0,4.0,2.0,5.0,6.0,8.0,10.0,6.0,4.0,11.0,9.0,8.0,2.0,0.0,0.0,0.0,0.0,0.0,1.0,24.0,14.0,7.0,7.0,11.0,12.0,7.0,0.0,100.0,100.0,,0.0,0.0,0.0,0.0,48.79,5.76,0.3,45.15,0.0,0.0,100.0,15.15,19.39,12.73,15.76,17.58,19.39,1.52,1.21,0.61,1.52,0.91,0.61,2.42,2.12,0.61,0.61,1.21,1.82,330.0,330.0,,0.0,0.0,0.0,0.0,161.0,19.0,1.0,149.0,0.0,0.0,330.0,50.0,64.0,42.0,52.0,58.0,64.0,5.0,4.0,2.0,5.0,3.0,2.0,8.0,7.0,2.0,2.0,4.0,6.0,100.0,100.0,100.0,100.0,100.0,100.0,100.0,100.0,100.0,100.0,100.0,100.0,100.0,100.0,100.0,100.0,100.0,100.0,100.0,100.0
3525508,0.0,56.12,43.88,100.0,1.02,0.0,1.36,0.34,0.0,1.02,0.68,0.34,0.68,1.7,2.04,2.04,2.38,2.04,6.8,12.24,10.54,14.29,9.86,10.54,10.88,7.48,3.06,0.0,0.0,0.68,0.0,0.34,0.0,25.17,15.31,10.2,13.95,20.07,5.78,9.52,0.0,0.0,165.0,129.0,294.0,3.0,0.0,4.0,1.0,0.0,3.0,2.0,1.0,2.0,5.0,6.0,6.0,7.0,6.0,20.0,36.0,31.0,42.0,29.0,31.0,32.0,22.0,9.0,0.0,0.0,2.0,0.0,1.0,0.0,74.0,45.0,30.0,41.0,59.0,17.0,28.0,0.0,99.65,99.65,,0.0,0.12,0.23,0.0,72.27,2.19,0.23,25.32,0.0,0.0,100.0,14.04,16.69,16.23,18.87,16.57,17.61,0.69,0.58,0.81,1.27,1.73,1.61,0.92,1.15,1.73,1.27,1.38,0.92,866.0,866.0,,0.0,1.0,2.0,0.0,628.0,19.0,2.0,220.0,0.0,0.0,869.0,122.0,145.0,141.0,164.0,144.0,153.0,6.0,5.0,7.0,11.0,15.0,14.0,8.0,10.0,15.0,11.0,12.0,8.0,99.65,100.0,99.31,100.0,100.0,100.0,98.69,99.67,100.0,100.0,100.0,100.0,100.0,100.0,100.0,100.0,100.0,100.0,100.0,100.0
3525607,0.0,55.13,44.87,100.0,0.0,0.0,1.28,1.28,0.0,0.0,3.85,2.56,1.28,6.41,1.28,3.85,2.56,5.13,3.85,7.69,8.97,11.54,12.82,6.41,12.82,7.69,0.0,0.0,0.0,0.0,0.0,0.0,0.0,16.67,20.51,17.95,7.69,19.23,10.26,7.69,0.0,0.0,43.0,35.0,78.0,0.0,0.0,1.0,1.0,0.0,0.0,3.0,2.0,1.0,5.0,1.0,3.0,2.0,4.0,3.0,6.0,7.0,9.0,10.0,5.0,10.0,6.0,0.0,0.0,0.0,0.0,0.0,0.0,0.0,13.0,16.0,14.0,6.0,15.0,8.0,6.0,0.0,100.0,100.0,,0.0,0.0,0.0,0.0,57.69,2.07,0.59,39.64,0.0,0.0,100.0,14.5,15.98,15.98,15.68,16.86,21.01,0.89,1.18,1.48,1.48,1.18,1.48,1.48,0.3,1.18,0.89,1.48,1.48,338.0,338.0,,0.0,0.0,0.0,0.0,195.0,7.0,2.0,134.0,0.0,0.0,338.0,49.0,54.0,54.0,53.0,57.0,71.0,3.0,4.0,5.0,5.0,4.0,5.0,5.0,1.0,4.0,3.0,5.0,5.0,100.0,100.0,100.0,100.0,100.0,100.0,100.0,100.0,100.0,100.0,100.0,100.0,100.0,100.0,100.0,100.0,100.0,100.0,100.0,100.0
3525706,0.0,58.51,41.49,100.0,1.89,0.0,2.02,0.13,0.13,0.38,0.76,1.77,0.38,0.88,1.89,3.4,3.78,4.92,6.43,8.07,10.97,11.35,12.11,11.22,10.84,6.05,2.14,0.5,0.38,0.88,0.25,0.38,0.0,18.92,19.29,13.62,11.98,14.63,9.84,11.73,0.0,0.0,464.0,329.0,793.0,15.0,0.0,16.0,1.0,1.0,3.0,6.0,14.0,3.0,7.0,15.0,27.0,30.0,39.0,51.0,64.0,87.0,90.0,96.0,89.0,86.0,48.0,17.0,4.0,3.0,7.0,2.0,3.0,0.0,150.0,153.0,108.0,95.0,116.0,78.0,93.0,0.0,99.61,99.61,,0.0,0.15,0.23,0.0,68.6,2.62,0.0,28.78,0.0,0.0,100.0,15.9,16.51,15.24,17.36,18.63,16.36,1.43,0.89,1.7,1.23,1.47,1.77,1.08,1.16,1.39,1.27,1.47,1.04,2582.0,2582.0,,0.0,4.0,6.0,0.0,1778.0,68.0,0.0,746.0,0.0,0.0,2592.0,412.0,428.0,395.0,450.0,483.0,424.0,37.0,23.0,44.0,32.0,38.0,46.0,28.0,30.0,36.0,33.0,38.0,27.0,99.61,99.51,99.53,100.0,99.56,99.38,99.76,99.66,94.59,100.0,100.0,100.0,100.0,100.0,100.0,100.0,100.0,100.0,100.0,100.0
3525805,0.0,50.0,50.0,100.0,0.0,0.0,0.0,0.0,0.0,0.0,0.0,1.61,1.61,3.23,2.42,4.03,3.23,8.06,4.84,8.87,12.9,13.71,8.87,8.87,8.87,5.65,3.23,0.0,0.0,0.0,0.0,0.0,0.0,21.77,20.16,14.52,13.71,13.71,4.03,12.1,0.0,0.0,62.0,62.0,124.0,0.0,0.0,0.0,0.0,0.0,0.0,0.0,2.0,2.0,4.0,3.0,5.0,4.0,10.0,6.0,11.0,16.0,17.0,11.0,11.0,11.0,7.0,4.0,0.0,0.0,0.0,0.0,0.0,0.0,27.0,25.0,18.0,17.0,17.0,5.0,15.0,0.0,99.69,99.69,,0.0,0.0,0.0,0.31,55.35,2.14,0.0,42.51,0.0,0.0,100.0,14.37,17.74,16.82,19.57,18.65,12.84,0.61,1.53,1.53,0.61,0.92,0.92,0.92,1.53,0.92,1.22,0.61,3.06,326.0,326.0,,0.0,0.0,0.0,1.0,181.0,7.0,0.0,139.0,0.0,0.0,327.0,47.0,58.0,55.0,64.0,61.0,42.0,2.0,5.0,5.0,2.0,3.0,3.0,3.0,5.0,3.0,4.0,2.0,10.0,99.69,97.87,100.0,100.0,100.0,100.0,100.0,100.0,100.0,100.0,100.0,100.0,100.0,100.0,100.0,80.0,100.0,100.0,100.0,100.0
3525854,0.0,54.69,45.31,100.0,0.0,0.0,1.56,1.56,0.0,1.56,0.0,3.13,0.0,3.13,0.0,1.56,0.0,7.81,9.38,9.38,9.38,7.81,7.81,10.94,17.19,6.25,3.13,0.0,0.0,0.0,0.0,0.0,0.0,20.31,29.69,9.38,4.69,12.5,14.06,9.38,0.0,0.0,35.0,29.0,64.0,0.0,0.0,1.0,1.0,0.0,1.0,0.0,2.0,0.0,2.0,0.0,1.0,0.0,5.0,6.0,6.0,6.0,5.0,5.0,7.0,11.0,4.0,2.0,0.0,0.0,0.0,0.0,0.0,0.0,13.0,19.0,6.0,3.0,8.0,9.0,6.0,0.0,100.0,100.0,,0.0,0.0,0.0,0.0,65.0,5.0,0.0,30.0,0.0,0.0,100.0,18.08,13.08,15.77,14.62,19.23,19.23,1.15,1.92,1.92,0.38,1.54,2.69,1.15,1.54,0.77,0.38,1.54,3.08,260.0,260.0,,0.0,0.0,0.0,0.0,169.0,13.0,0.0,78.0,0.0,0.0,260.0,47.0,34.0,41.0,38.0,50.0,50.0,3.0,5.0,5.0,1.0,4.0,7.0,3.0,4.0,2.0,1.0,4.0,8.0,100.0,100.0,100.0,100.0,100.0,100.0,100.0,100.0,100.0,100.0,100.0,100.0,100.0,100.0,100.0,100.0,100.0,100.0,100.0,100.0
3525904,0.0,56.33,43.67,100.0,0.96,0.24,1.33,0.37,0.11,0.11,0.38,1.1,1.02,1.72,1.79,2.43,3.69,4.87,6.82,8.7,9.37,11.33,11.19,12.44,10.58,7.47,2.69,0.63,0.36,0.44,0.07,0.04,0.05,19.73,21.36,12.29,13.84,13.39,9.98,9.42,0.0,0.0,4708.0,3650.0,8358.0,80.0,20.0,111.0,31.0,9.0,9.0,32.0,92.0,85.0,144.0,150.0,203.0,308.0,407.0,570.0,727.0,783.0,947.0,935.0,1040.0,884.0,624.0,225.0,53.0,30.0,37.0,6.0,3.0,4.0,1649.0,1785.0,1027.0,1157.0,1119.0,834.0,787.0,0.0,99.76,99.76,,0.0,0.12,0.08,0.04,70.56,3.66,0.61,25.1,0.05,0.01,100.0,14.96,14.46,16.77,18.0,18.32,17.49,1.22,1.11,1.38,1.33,1.27,1.24,1.17,1.26,1.3,1.24,1.25,1.19,28714.0,28714.0,,0.0,35.0,22.0,11.0,20310.0,1054.0,177.0,7224.0,14.0,3.0,28782.0,4305.0,4162.0,4826.0,5182.0,5273.0,5034.0,350.0,319.0,398.0,382.0,365.0,357.0,338.0,364.0,373.0,358.0,359.0,342.0,99.76,99.7,99.9,99.65,99.83,99.85,99.66,99.75,98.86,100.0,100.0,100.0,99.73,99.44,100.0,99.45,99.73,99.72,99.72,99.71
3526001,0.0,55.6,44.4,100.0,0.8,0.4,1.4,0.6,0.2,0.2,0.0,0.6,1.2,0.8,1.8,2.6,4.0,4.6,7.0,10.2,9.8,11.2,10.6,12.2,11.2,6.2,3.6,0.2,0.2,0.2,0.0,0.2,0.2,22.0,24.4,10.8,12.0,15.4,9.0,6.4,0.0,0.0,278.0,222.0,500.0,4.0,2.0,7.0,3.0,1.0,1.0,0.0,3.0,6.0,4.0,9.0,13.0,20.0,23.0,35.0,51.0,49.0,56.0,53.0,61.0,56.0,31.0,18.0,1.0,1.0,1.0,0.0,1.0,1.0,110.0,122.0,54.0,60.0,77.0,45.0,32.0,0.0,99.76,99.76,,0.0,0.24,0.0,0.0,64.39,1.69,0.56,33.36,0.0,0.0,100.0,15.51,14.87,17.85,16.0,17.77,18.01,1.13,1.45,1.05,1.45,1.53,1.21,1.05,1.53,1.61,1.21,1.29,1.05,1241.0,1241.0,,0.0,3.0,0.0,0.0,801.0,21.0,7.0,415.0,0.0,0.0,1244.0,193.0,185.0,222.0,199.0,221.0,224.0,14.0,18.0,13.0,18.0,19.0,15.0,13.0,19.0,20.0,15.0,16.0,13.0,99.76,98.96,99.46,100.0,100.0,100.0,100.0,100.0,100.0,100.0,100.0,88.89,100.0,100.0,100.0,100.0,100.0,100.0,100.0,100.0
3526100,0.0,62.19,37.81,100.0,2.05,0.0,2.73,0.68,0.0,0.0,1.14,1.14,1.37,2.73,1.82,2.96,3.19,6.61,6.38,8.88,7.97,11.39,11.85,9.11,11.16,6.61,2.51,0.46,1.14,0.46,0.46,0.0,0.0,20.27,19.59,10.48,14.12,15.03,11.39,9.11,0.0,0.0,273.0,166.0,439.0,9.0,0.0,12.0,3.0,0.0,0.0,5.0,5.0,6.0,12.0,8.0,13.0,14.0,29.0,28.0,39.0,35.0,50.0,52.0,40.0,49.0,29.0,11.0,2.0,5.0,2.0,2.0,0.0,0.0,89.0,86.0,46.0,62.0,66.0,50.0,40.0,0.0,99.54,99.54,,0.0,0.15,0.31,0.0,52.6,2.44,0.46,44.5,0.0,0.0,100.0,16.95,12.9,15.65,19.39,15.8,19.31,1.22,0.84,2.21,1.37,2.9,1.37,1.3,1.6,1.07,0.61,1.15,1.3,1304.0,1304.0,,0.0,2.0,4.0,0.0,689.0,32.0,6.0,583.0,0.0,0.0,1310.0,222.0,169.0,205.0,254.0,207.0,253.0,16.0,11.0,29.0,18.0,38.0,18.0,17.0,21.0,14.0,8.0,15.0,17.0,99.54,99.55,100.0,99.02,100.0,98.55,100.0,99.46,100.0,100.0,100.0,100.0,100.0,100.0,100.0,100.0,100.0,100.0,93.33,100.0
3526209,0.0,58.14,41.86,100.0,0.97,0.19,1.94,0.97,0.0,0.0,2.52,0.97,1.55,0.78,1.36,3.1,3.29,6.59,7.95,11.05,9.3,12.79,11.05,10.66,7.75,5.81,1.16,0.19,0.19,0.39,0.0,0.39,0.0,16.28,18.99,16.47,13.37,14.15,9.88,10.85,0.0,0.0,300.0,216.0,516.0,5.0,1.0,10.0,5.0,0.0,0.0,13.0,5.0,8.0,4.0,7.0,16.0,17.0,34.0,41.0,57.0,48.0,66.0,57.0,55.0,40.0,30.0,6.0,1.0,1.0,2.0,0.0,2.0,0.0,84.0,98.0,85.0,69.0,73.0,51.0,56.0,0.0,99.77,99.77,,0.0,0.0,0.05,0.19,60.41,3.24,0.28,36.02,0.05,0.0,100.0,12.95,14.49,17.5,17.21,19.23,18.62,1.03,1.27,0.94,1.36,0.98,1.27,0.98,0.98,1.41,0.89,0.8,1.03,2127.0,2127.0,,0.0,0.0,1.0,4.0,1288.0,69.0,6.0,768.0,1.0,0.0,2132.0,276.0,309.0,373.0,367.0,410.0,397.0,22.0,27.0,20.0,29.0,21.0,27.0,21.0,21.0,30.0,19.0,17.0,22.0,99.77,99.64,99.68,99.46,100.0,100.0,99.75,99.81,100.0,100.0,100.0,100.0,100.0,100.0,100.0,100.0,100.0,94.74,100.0,100.0
3526308,0.0,59.48,40.52,100.0,0.0,0.0,0.86,0.86,0.86,0.0,0.0,0.0,2.59,1.72,5.17,2.59,5.17,5.17,4.31,11.21,6.9,8.62,14.66,11.21,11.21,6.03,1.72,0.0,0.0,0.0,0.0,0.0,0.0,22.41,20.69,12.07,6.9,15.52,9.48,12.93,0.0,0.0,69.0,47.0,116.0,0.0,0.0,1.0,1.0,1.0,0.0,0.0,0.0,3.0,2.0,6.0,3.0,6.0,6.0,5.0,13.0,8.0,10.0,17.0,13.0,13.0,7.0,2.0,0.0,0.0,0.0,0.0,0.0,0.0,26.0,24.0,14.0,8.0,18.0,11.0,15.0,0.0,100.0,100.0,,0.0,0.0,0.0,0.0,77.7,2.09,0.0,20.21,0.0,0.0,100.0,18.12,15.68,12.89,20.56,14.63,18.12,1.05,1.74,2.09,1.39,0.7,1.74,1.05,1.39,0.35,1.74,2.44,2.44,287.0,287.0,,0.0,0.0,0.0,0.0,223.0,6.0,0.0,58.0,0.0,0.0,287.0,52.0,45.0,37.0,59.0,42.0,52.0,3.0,5.0,6.0,4.0,2.0,5.0,3.0,4.0,1.0,5.0,7.0,7.0,100.0,100.0,100.0,100.0,100.0,100.0,100.0,100.0,100.0,100.0,100.0,100.0,100.0,100.0,100.0,100.0,100.0,100.0,100.0,100.0
3526407,0.0,56.91,43.09,100.0,0.54,0.0,0.54,0.0,0.0,0.0,0.18,0.72,1.62,1.62,2.33,2.87,3.41,5.21,10.05,8.44,11.31,12.21,11.31,9.52,8.8,7.54,1.8,0.54,0.18,0.18,0.18,0.0,0.0,22.08,25.31,9.34,13.11,12.39,8.62,9.16,0.0,0.0,317.0,240.0,557.0,3.0,0.0,3.0,0.0,0.0,0.0,1.0,4.0,9.0,9.0,13.0,16.0,19.0,29.0,56.0,47.0,63.0,68.0,63.0,53.0,49.0,42.0,10.0,3.0,1.0,1.0,1.0,0.0,0.0,123.0,141.0,52.0,73.0,69.0,48.0,51.0,0.0,99.67,99.67,,0.0,0.05,0.22,0.05,67.05,4.6,0.05,28.3,0.0,0.0,100.0,15.54,15.22,16.48,18.23,18.77,15.76,1.42,1.2,1.2,1.59,1.09,1.37,1.15,1.31,1.31,1.42,1.31,1.15,1821.0,1821.0,,0.0,1.0,4.0,1.0,1225.0,84.0,1.0,517.0,0.0,0.0,1827.0,284.0,278.0,301.0,333.0,343.0,288.0,26.0,22.0,22.0,29.0,20.0,25.0,21.0,24.0,24.0,26.0,24.0,21.0,99.67,98.94,100.0,99.67,99.7,99.71,100.0,99.76,100.0,90.91,100.0,100.0,100.0,100.0,100.0,100.0,100.0,100.0,100.0,95.24
3526506,0.0,59.32,40.68,100.0,1.69,0.0,1.69,0.0,0.0,0.85,0.85,0.0,0.0,1.69,0.85,0.85,5.93,2.54,6.78,7.63,7.63,11.86,10.17,16.1,13.56,6.78,1.69,2.54,0.85,0.85,0.0,0.0,0.0,16.1,25.42,8.47,11.86,14.41,10.17,13.56,0.0,0.0,70.0,48.0,118.0,2.0,0.0,2.0,0.0,0.0,1.0,1.0,0.0,0.0,2.0,1.0,1.0,7.0,3.0,8.0,9.0,9.0,14.0,12.0,19.0,16.0,8.0,2.0,3.0,1.0,1.0,0.0,0.0,0.0,19.0,30.0,10.0,14.0,17.0,12.0,16.0,0.0,100.0,100.0,,0.0,0.0,0.0,0.0,63.79,3.45,1.38,30.69,0.69,0.0,100.0,17.93,13.45,15.86,12.07,22.41,18.28,1.03,2.76,2.76,2.76,2.07,1.38,1.03,0.34,0.69,0.34,1.03,1.72,290.0,290.0,,0.0,0.0,0.0,0.0,185.0,10.0,4.0,89.0,2.0,0.0,290.0,52.0,39.0,46.0,35.0,65.0,53.0,3.0,8.0,8.0,8.0,6.0,4.0,3.0,1.0,2.0,1.0,3.0,5.0,100.0,100.0,100.0,100.0,100.0,100.0,100.0,100.0,100.0,100.0,100.0,100.0,100.0,100.0,100.0,100.0,100.0,100.0,100.0,100.0
3526605,0.0,54.25,45.75,100.0,1.96,0.0,3.27,1.31,0.0,0.0,1.31,1.96,1.96,0.0,2.61,3.27,4.58,3.92,7.84,11.11,16.34,8.5,9.15,8.5,11.11,2.61,1.96,0.0,1.31,0.65,0.0,0.0,0.0,15.03,25.49,14.38,12.42,16.99,8.5,7.19,0.0,0.0,83.0,70.0,153.0,3.0,0.0,5.0,2.0,0.0,0.0,2.0,3.0,3.0,0.0,4.0,5.0,7.0,6.0,12.0,17.0,25.0,13.0,14.0,13.0,17.0,4.0,3.0,0.0,2.0,1.0,0.0,0.0,0.0,23.0,39.0,22.0,19.0,26.0,13.0,11.0,0.0,99.83,99.83,,0.0,0.17,0.0,0.0,72.48,2.05,0.34,25.13,0.0,0.0,100.0,15.38,15.73,15.04,18.12,16.41,19.32,2.05,1.54,1.88,1.54,1.88,1.54,0.68,0.68,1.03,1.03,0.51,1.03,584.0,584.0,,0.0,1.0,0.0,0.0,424.0,12.0,2.0,147.0,0.0,0.0,585.0,90.0,92.0,88.0,106.0,96.0,113.0,12.0,9.0,11.0,9.0,11.0,9.0,4.0,4.0,6.0,6.0,3.0,6.0,99.83,100.0,100.0,100.0,99.06,100.0,100.0,99.75,100.0,100.0,100.0,100.0,100.0,100.0,100.0,100.0,100.0,100.0,100.0,100.0
3526704,0.0,56.83,43.17,100.0,1.21,0.13,1.57,0.36,0.22,0.36,0.58,1.48,1.52,1.7,3.31,2.73,5.02,6.22,7.61,9.31,10.93,11.73,10.21,10.34,8.15,4.93,1.57,0.36,0.54,0.31,0.22,0.09,0.04,20.47,24.32,11.96,13.66,12.09,8.87,8.64,0.0,0.0,1269.0,964.0,2233.0,27.0,3.0,35.0,8.0,5.0,8.0,13.0,33.0,34.0,38.0,74.0,61.0,112.0,139.0,170.0,208.0,244.0,262.0,228.0,231.0,182.0,110.0,35.0,8.0,12.0,7.0,5.0,2.0,1.0,457.0,543.0,267.0,305.0,270.0,198.0,193.0,0.0,99.81,99.81,,0.0,0.1,0.04,0.04,67.48,2.9,0.13,29.47,0.01,0.0,100.0,14.95,14.7,17.64,17.15,17.98,17.58,0.97,1.09,1.29,1.5,1.5,1.31,1.1,1.34,1.32,1.03,1.09,1.41,6790.0,6790.0,,0.0,7.0,3.0,3.0,4591.0,197.0,9.0,2005.0,1.0,0.0,6803.0,1017.0,1000.0,1200.0,1167.0,1223.0,1196.0,66.0,74.0,88.0,102.0,102.0,89.0,75.0,91.0,90.0,70.0,74.0,96.0,99.81,99.51,99.8,99.83,99.91,99.92,99.83,99.87,100.0,98.65,100.0,100.0,100.0,100.0,98.67,100.0,98.89,98.57,100.0,98.96
3526803,0.0,55.2,44.8,100.0,1.36,0.09,1.7,0.34,0.09,0.26,0.68,0.77,0.85,1.7,2.56,2.98,4.51,5.79,6.05,9.71,11.5,12.69,9.45,11.41,9.11,5.62,1.87,0.6,0.51,0.6,0.0,0.17,0.09,19.08,21.12,12.27,14.65,12.27,10.05,10.56,0.0,0.0,648.0,526.0,1174.0,16.0,1.0,20.0,4.0,1.0,3.0,8.0,9.0,10.0,20.0,30.0,35.0,53.0,68.0,71.0,114.0,135.0,149.0,111.0,134.0,107.0,66.0,22.0,7.0,6.0,7.0,0.0,2.0,1.0,224.0,248.0,144.0,172.0,144.0,118.0,124.0,0.0,99.72,99.72,,0.0,0.13,0.15,0.0,71.24,2.45,0.09,26.2,0.02,0.0,100.0,16.86,15.47,16.17,17.6,17.2,16.71,1.24,1.24,1.34,1.45,1.54,1.45,1.43,1.51,1.62,1.24,1.34,1.45,4674.0,4674.0,,0.0,6.0,7.0,0.0,3339.0,115.0,4.0,1228.0,1.0,0.0,4687.0,790.0,725.0,758.0,825.0,806.0,783.0,58.0,58.0,63.0,68.0,72.0,68.0,67.0,71.0,76.0,58.0,63.0,68.0,99.72,99.75,100.0,99.74,99.64,99.75,99.49,99.65,98.28,100.0,100.0,100.0,100.0,100.0,100.0,100.0,98.68,100.0,100.0,100.0
3526902,0.0,57.15,42.85,100.0,0.96,0.18,1.39,0.44,0.13,0.2,0.65,0.62,1.21,1.65,2.69,3.31,4.06,5.73,6.77,10.29,11.05,11.47,10.9,11.2,8.28,5.99,1.75,0.49,0.34,0.32,0.08,0.18,0.03,20.08,22.18,12.68,13.72,12.22,10.19,8.93,0.0,0.0,3404.0,2552.0,5956.0,57.0,11.0,83.0,26.0,8.0,12.0,39.0,37.0,72.0,98.0,160.0,197.0,242.0,341.0,403.0,613.0,658.0,683.0,649.0,667.0,493.0,357.0,104.0,29.0,20.0,19.0,5.0,11.0,2.0,1196.0,1321.0,755.0,817.0,728.0,607.0,532.0,0.0,99.77,99.77,,0.0,0.14,0.06,0.03,67.7,4.41,0.19,27.64,0.06,0.01,100.0,14.87,15.12,16.29,17.71,18.79,17.21,1.21,1.11,1.28,1.12,1.36,1.15,1.31,1.32,1.2,1.4,1.07,1.35,18681.0,18681.0,,0.0,27.0,12.0,5.0,12677.0,825.0,35.0,5176.0,11.0,1.0,18725.0,2784.0,2832.0,3051.0,3317.0,3519.0,3222.0,227.0,208.0,239.0,209.0,255.0,215.0,245.0,247.0,225.0,262.0,200.0,252.0,99.77,99.68,99.79,99.74,99.79,99.74,99.84,99.78,99.56,99.04,99.58,100.0,99.61,100.0,99.59,100.0,100.0,99.24,100.0,99.6
3527009,0.0,55.86,44.14,100.0,0.0,0.0,0.0,0.0,0.0,0.0,0.0,1.38,1.38,2.07,2.07,4.14,1.38,5.52,2.07,11.03,12.41,11.72,13.1,13.79,8.97,6.9,1.38,0.69,0.0,0.0,0.0,0.0,0.0,20.69,20.69,10.34,11.03,18.62,11.03,7.59,0.0,0.0,81.0,64.0,145.0,0.0,0.0,0.0,0.0,0.0,0.0,0.0,2.0,2.0,3.0,3.0,6.0,2.0,8.0,3.0,16.0,18.0,17.0,19.0,20.0,13.0,10.0,2.0,1.0,0.0,0.0,0.0,0.0,0.0,30.0,30.0,15.0,16.0,27.0,16.0,11.0,0.0,99.58,99.58,,0.0,0.42,0.0,0.0,69.31,1.46,0.0,29.23,0.0,0.0,100.0,17.12,16.08,16.91,15.45,16.91,17.54,1.46,1.25,1.46,2.51,1.67,1.25,0.63,1.46,2.09,0.84,1.46,1.04,477.0,477.0,,0.0,2.0,0.0,0.0,332.0,7.0,0.0,140.0,0.0,0.0,479.0,82.0,77.0,81.0,74.0,81.0,84.0,7.0,6.0,7.0,12.0,8.0,6.0,3.0,7.0,10.0,4.0,7.0,5.0,99.58,98.78,98.7,100.0,100.0,100.0,100.0,100.0,85.71,100.0,100.0,100.0,100.0,100.0,100.0,100.0,100.0,100.0,100.0,100.0
3527108,0.0,52.63,47.37,100.0,1.31,0.11,1.37,0.06,0.23,0.17,0.91,1.14,1.26,1.71,2.34,3.31,3.94,5.19,6.62,9.7,9.59,12.33,9.76,11.7,9.3,6.96,1.77,0.57,0.57,0.29,0.23,0.11,0.11,19.35,22.66,12.16,11.7,13.7,10.05,10.39,0.0,0.0,922.0,830.0,1752.0,23.0,2.0,24.0,1.0,4.0,3.0,16.0,20.0,22.0,30.0,41.0,58.0,69.0,91.0,116.0,170.0,168.0,216.0,171.0,205.0,163.0,122.0,31.0,10.0,10.0,5.0,4.0,2.0,2.0,339.0,397.0,213.0,205.0,240.0,176.0,182.0,0.0,99.78,99.78,,0.0,0.1,0.12,0.0,63.84,3.59,0.54,31.99,0.04,0.0,100.0,14.58,15.71,16.46,17.99,18.15,17.1,1.15,1.11,1.39,1.21,1.09,1.33,1.65,1.31,1.37,0.87,0.95,1.15,4947.0,4947.0,,0.0,5.0,6.0,0.0,3165.0,178.0,27.0,1586.0,2.0,0.0,4958.0,723.0,779.0,816.0,892.0,900.0,848.0,57.0,55.0,69.0,60.0,54.0,66.0,82.0,65.0,68.0,43.0,47.0,57.0,99.78,99.31,99.61,99.88,99.89,99.89,100.0,99.91,98.25,98.18,100.0,98.33,100.0,98.48,98.78,100.0,100.0,100.0,100.0,100.0
3527207,0.0,54.41,45.59,100.0,1.14,0.1,1.44,0.3,0.0,0.15,1.04,2.23,1.49,1.44,2.03,3.62,3.62,4.86,6.89,10.16,10.51,13.08,10.36,10.36,8.72,4.71,3.02,0.2,0.55,0.35,0.15,0.1,0.0,22.2,18.38,13.38,13.18,14.27,9.42,9.17,0.0,0.0,1098.0,920.0,2018.0,23.0,2.0,29.0,6.0,0.0,3.0,21.0,45.0,30.0,29.0,41.0,73.0,73.0,98.0,139.0,205.0,212.0,264.0,209.0,209.0,176.0,95.0,61.0,4.0,11.0,7.0,3.0,2.0,0.0,448.0,371.0,270.0,266.0,288.0,190.0,185.0,0.0,99.68,99.68,,0.0,0.2,0.08,0.03,68.76,3.66,0.15,27.43,0.0,0.0,100.0,15.41,15.26,16.33,16.71,18.2,18.1,1.15,1.39,1.25,1.12,1.72,1.14,1.24,1.17,1.4,1.24,1.37,1.24,5971.0,5971.0,,0.0,12.0,5.0,2.0,4119.0,219.0,9.0,1643.0,0.0,0.0,5990.0,923.0,914.0,978.0,1001.0,1090.0,1084.0,69.0,83.0,75.0,67.0,103.0,68.0,74.0,70.0,84.0,74.0,82.0,74.0,99.68,99.46,99.56,99.39,99.7,100.0,99.91,99.76,97.1,100.0,100.0,100.0,100.0,100.0,98.65,100.0,98.81,100.0,100.0,98.65
3527256,0.0,50.0,50.0,100.0,2.0,0.0,2.0,0.0,0.0,0.0,2.0,0.0,2.0,2.0,0.0,4.0,6.0,4.0,12.0,6.0,10.0,10.0,14.0,6.0,8.0,6.0,6.0,0.0,2.0,0.0,0.0,0.0,0.0,20.0,16.0,18.0,12.0,8.0,18.0,8.0,0.0,0.0,25.0,25.0,50.0,1.0,0.0,1.0,0.0,0.0,0.0,1.0,0.0,1.0,1.0,0.0,2.0,3.0,2.0,6.0,3.0,5.0,5.0,7.0,3.0,4.0,3.0,3.0,0.0,1.0,0.0,0.0,0.0,0.0,10.0,8.0,9.0,6.0,4.0,9.0,4.0,0.0,100.0,100.0,,0.0,0.0,0.0,0.0,63.87,1.68,0.0,34.45,0.0,0.0,100.0,14.29,19.33,15.13,25.21,10.08,15.97,0.84,2.52,0.84,1.68,1.68,0.84,0.84,0.84,0.0,1.68,1.68,0.84,119.0,119.0,,0.0,0.0,0.0,0.0,76.0,2.0,0.0,41.0,0.0,0.0,119.0,17.0,23.0,18.0,30.0,12.0,19.0,1.0,3.0,1.0,2.0,2.0,1.0,1.0,1.0,0.0,2.0,2.0,1.0,100.0,100.0,100.0,100.0,100.0,100.0,100.0,100.0,100.0,100.0,100.0,100.0,100.0,100.0,100.0,100.0,0.0,100.0,100.0,100.0
3527306,0.0,57.69,42.31,100.0,2.47,0.0,3.16,0.69,0.27,0.27,0.82,1.79,1.24,2.06,1.51,2.88,3.02,6.18,7.14,10.03,11.4,11.4,10.44,11.26,8.1,3.98,2.2,0.82,0.27,1.24,0.27,0.55,0.14,20.6,19.78,10.85,16.21,11.81,10.3,10.44,0.0,0.0,420.0,308.0,728.0,18.0,0.0,23.0,5.0,2.0,2.0,6.0,13.0,9.0,15.0,11.0,21.0,22.0,45.0,52.0,73.0,83.0,83.0,76.0,82.0,59.0,29.0,16.0,6.0,2.0,9.0,2.0,4.0,1.0,150.0,144.0,79.0,118.0,86.0,75.0,76.0,0.0,99.86,99.86,,0.0,0.07,0.05,0.02,56.76,3.55,0.26,39.36,0.05,0.02,100.0,14.32,13.67,17.24,18.64,17.73,18.41,1.57,0.93,1.19,1.14,1.26,1.19,1.14,1.21,1.19,1.31,1.1,1.07,4275.0,4275.0,,0.0,3.0,2.0,1.0,2430.0,152.0,11.0,1685.0,2.0,1.0,4281.0,613.0,585.0,738.0,798.0,759.0,788.0,67.0,40.0,51.0,49.0,54.0,51.0,49.0,52.0,51.0,56.0,47.0,46.0,99.86,99.67,100.0,100.0,99.75,100.0,99.75,99.87,100.0,100.0,98.04,100.0,100.0,100.0,100.0,100.0,98.04,100.0,100.0,100.0
3527405,0.0,55.07,44.93,100.0,0.83,0.0,1.24,0.41,0.41,0.0,0.62,1.04,1.45,1.86,2.28,1.66,4.55,4.55,7.66,8.28,8.9,12.01,12.22,11.8,11.59,6.63,1.04,0.21,0.21,0.41,0.21,0.0,0.0,17.6,22.36,14.08,14.91,14.08,8.9,8.07,0.0,0.0,266.0,217.0,483.0,4.0,0.0,6.0,2.0,2.0,0.0,3.0,5.0,7.0,9.0,11.0,8.0,22.0,22.0,37.0,40.0,43.0,58.0,59.0,57.0,56.0,32.0,5.0,1.0,1.0,2.0,1.0,0.0,0.0,85.0,108.0,68.0,72.0,68.0,43.0,39.0,0.0,99.91,99.91,,0.0,0.09,0.0,0.0,72.38,1.73,0.17,25.71,0.0,0.0,100.0,16.28,16.8,15.67,18.27,16.54,16.45,1.65,1.47,1.13,1.04,1.82,0.95,1.3,1.39,1.39,1.99,0.78,1.39,1154.0,1154.0,,0.0,1.0,0.0,0.0,836.0,20.0,2.0,297.0,0.0,0.0,1155.0,188.0,194.0,181.0,211.0,191.0,190.0,19.0,17.0,13.0,12.0,21.0,11.0,15.0,16.0,16.0,23.0,9.0,16.0,99.91,100.0,100.0,99.45,100.0,100.0,100.0,99.87,100.0,100.0,100.0,100.0,100.0,100.0,100.0,100.0,100.0,100.0,100.0,100.0
3527504,0.0,61.7,38.3,100.0,2.13,0.0,2.13,0.0,0.0,0.0,0.0,0.0,0.0,2.13,6.38,0.0,0.0,4.26,8.51,10.64,14.89,14.89,14.89,4.26,10.64,6.38,0.0,0.0,0.0,0.0,2.13,0.0,0.0,14.89,14.89,12.77,19.15,21.28,12.77,4.26,0.0,0.0,29.0,18.0,47.0,1.0,0.0,1.0,0.0,0.0,0.0,0.0,0.0,0.0,1.0,3.0,0.0,0.0,2.0,4.0,5.0,7.0,7.0,7.0,2.0,5.0,3.0,0.0,0.0,0.0,0.0,1.0,0.0,0.0,7.0,7.0,6.0,9.0,10.0,6.0,2.0,0.0,100.0,100.0,,0.0,0.0,0.0,0.0,64.9,3.31,0.66,31.13,0.0,0.0,100.0,12.58,15.23,22.52,17.22,14.57,17.88,0.66,0.66,1.32,0.0,0.66,0.66,1.32,0.66,2.65,0.66,0.66,2.65,151.0,151.0,,0.0,0.0,0.0,0.0,98.0,5.0,1.0,47.0,0.0,0.0,151.0,19.0,23.0,34.0,26.0,22.0,27.0,1.0,1.0,2.0,0.0,1.0,1.0,2.0,1.0,4.0,1.0,1.0,4.0,100.0,100.0,100.0,100.0,100.0,100.0,100.0,100.0,100.0,100.0,100.0,0.0,100.0,100.0,100.0,100.0,100.0,100.0,100.0,100.0
3527603,0.0,60.18,39.82,100.0,1.81,0.0,2.26,0.45,0.0,0.0,0.9,0.9,1.81,1.81,3.17,3.62,4.52,5.43,7.69,14.93,9.95,9.95,12.67,8.14,4.52,4.07,3.17,0.45,0.9,0.45,0.0,0.45,0.0,22.62,14.48,11.31,19.0,15.38,6.33,10.86,0.0,0.0,133.0,88.0,221.0,4.0,0.0,5.0,1.0,0.0,0.0,2.0,2.0,4.0,4.0,7.0,8.0,10.0,12.0,17.0,33.0,22.0,22.0,28.0,18.0,10.0,9.0,7.0,1.0,2.0,1.0,0.0,1.0,0.0,50.0,32.0,25.0,42.0,34.0,14.0,24.0,0.0,99.9,99.9,,0.0,0.0,0.1,0.0,52.66,5.02,0.31,42.01,0.0,0.0,100.0,16.09,15.46,16.3,17.35,18.18,16.61,1.04,0.94,1.15,1.25,1.67,1.04,0.63,1.46,1.99,2.4,1.46,1.04,956.0,956.0,,0.0,0.0,1.0,0.0,504.0,48.0,3.0,402.0,0.0,0.0,957.0,154.0,148.0,156.0,166.0,174.0,159.0,10.0,9.0,11.0,12.0,16.0,10.0,6.0,14.0,19.0,23.0,14.0,10.0,99.9,100.0,100.0,100.0,100.0,99.43,100.0,99.85,100.0,100.0,100.0,100.0,100.0,100.0,100.0,100.0,100.0,100.0,100.0,100.0
3527702,0.0,54.13,45.87,100.0,3.67,0.0,4.59,0.92,0.0,0.0,0.0,1.83,0.92,3.67,0.92,1.83,0.92,4.59,4.59,11.01,7.34,11.93,7.34,10.09,15.6,10.09,2.75,0.0,0.0,0.0,2.75,0.92,0.0,18.35,17.43,12.84,9.17,14.68,11.93,15.6,0.0,0.0,59.0,50.0,109.0,4.0,0.0,5.0,1.0,0.0,0.0,0.0,2.0,1.0,4.0,1.0,2.0,1.0,5.0,5.0,12.0,8.0,13.0,8.0,11.0,17.0,11.0,3.0,0.0,0.0,0.0,3.0,1.0,0.0,20.0,19.0,14.0,10.0,16.0,13.0,17.0,0.0,100.0,100.0,,0.0,0.0,0.0,0.0,53.19,5.26,0.0,41.55,0.0,0.0,100.0,18.28,14.68,17.45,15.24,17.17,17.17,0.83,2.22,1.94,1.94,1.66,1.66,0.83,1.11,1.39,1.94,1.66,1.11,361.0,361.0,,0.0,0.0,0.0,0.0,192.0,19.0,0.0,150.0,0.0,0.0,361.0,66.0,53.0,63.0,55.0,62.0,62.0,3.0,8.0,7.0,7.0,6.0,6.0,3.0,4.0,5.0,7.0,6.0,4.0,100.0,100.0,100.0,100.0,100.0,100.0,100.0,100.0,100.0,100.0,100.0,100.0,100.0,100.0,100.0,100.0,100.0,100.0,100.0,100.0
3527801,0.0,50.0,50.0,100.0,2.5,1.25,5.0,2.5,2.5,1.25,0.0,0.0,0.0,0.0,3.75,5.0,2.5,3.75,5.0,6.25,6.25,11.25,11.25,15.0,6.25,8.75,3.75,1.25,2.5,0.0,0.0,0.0,0.0,12.5,23.75,20.0,8.75,6.25,11.25,17.5,0.0,0.0,40.0,40.0,80.0,2.0,1.0,4.0,2.0,2.0,1.0,0.0,0.0,0.0,0.0,3.0,4.0,2.0,3.0,4.0,5.0,5.0,9.0,9.0,12.0,5.0,7.0,3.0,1.0,2.0,0.0,0.0,0.0,0.0,10.0,19.0,16.0,7.0,5.0,9.0,14.0,0.0,100.0,100.0,,0.0,0.0,0.0,0.0,48.78,3.83,0.0,47.39,0.0,0.0,100.0,13.59,15.68,13.94,18.47,19.51,18.82,0.35,0.35,1.74,2.79,0.35,1.74,1.74,0.35,1.39,1.05,0.7,1.05,287.0,287.0,,0.0,0.0,0.0,0.0,140.0,11.0,0.0,136.0,0.0,0.0,287.0,39.0,45.0,40.0,53.0,56.0,54.0,1.0,1.0,5.0,8.0,1.0,5.0,5.0,1.0,4.0,3.0,2.0,3.0,100.0,100.0,100.0,100.0,100.0,100.0,100.0,100.0,100.0,100.0,100.0,100.0,100.0,100.0,100.0,100.0,100.0,100.0,100.0,100.0
3527900,0.0,56.94,43.06,100.0,2.78,0.0,2.78,0.0,0.0,0.0,0.0,0.0,0.0,1.39,1.39,1.39,4.17,8.33,5.56,6.94,12.5,9.72,11.11,16.67,8.33,6.94,2.78,0.0,1.39,1.39,0.0,0.0,0.0,16.67,22.22,18.06,16.67,9.72,9.72,6.94,0.0,0.0,41.0,31.0,72.0,2.0,0.0,2.0,0.0,0.0,0.0,0.0,0.0,0.0,1.0,1.0,1.0,3.0,6.0,4.0,5.0,9.0,7.0,8.0,12.0,6.0,5.0,2.0,0.0,1.0,1.0,0.0,0.0,0.0,12.0,16.0,13.0,12.0,7.0,7.0,5.0,0.0,100.0,100.0,,0.0,0.0,0.0,0.0,64.84,1.1,0.0,34.07,0.0,0.0,100.0,14.29,17.58,11.54,18.68,19.23,18.68,3.3,1.1,0.55,0.55,0.55,0.55,1.1,1.65,2.2,1.1,1.1,0.55,182.0,182.0,,0.0,0.0,0.0,0.0,118.0,2.0,0.0,62.0,0.0,0.0,182.0,26.0,32.0,21.0,34.0,35.0,34.0,6.0,2.0,1.0,1.0,1.0,1.0,2.0,3.0,4.0,2.0,2.0,1.0,100.0,100.0,100.0,100.0,100.0,100.0,100.0,100.0,100.0,100.0,100.0,100.0,100.0,100.0,100.0,100.0,100.0,100.0,100.0,100.0
3528007,0.0,58.46,41.54,100.0,0.66,0.0,0.88,0.22,0.22,0.22,0.44,0.88,1.76,1.76,1.76,3.96,5.49,6.15,6.15,10.55,11.21,9.23,9.89,11.21,8.13,7.69,1.76,0.66,0.22,0.44,0.0,0.0,0.0,18.46,21.76,15.82,12.97,12.53,8.57,9.89,0.0,0.0,266.0,189.0,455.0,3.0,0.0,4.0,1.0,1.0,1.0,2.0,4.0,8.0,8.0,8.0,18.0,25.0,28.0,28.0,48.0,51.0,42.0,45.0,51.0,37.0,35.0,8.0,3.0,1.0,2.0,0.0,0.0,0.0,84.0,99.0,72.0,59.0,57.0,39.0,45.0,0.0,99.84,99.84,,0.0,0.08,0.0,0.08,65.52,3.35,0.08,30.72,0.33,0.0,100.0,14.87,15.85,17.24,17.32,18.14,16.58,1.06,0.9,1.63,1.31,1.72,1.06,0.98,2.04,1.06,1.31,0.65,1.14,1222.0,1222.0,,0.0,1.0,0.0,1.0,802.0,41.0,1.0,376.0,4.0,0.0,1224.0,182.0,194.0,211.0,212.0,222.0,203.0,13.0,11.0,20.0,16.0,21.0,13.0,12.0,25.0,13.0,16.0,8.0,14.0,99.84,100.0,100.0,99.53,100.0,100.0,99.51,99.76,100.0,100.0,100.0,100.0,100.0,100.0,100.0,100.0,100.0,100.0,100.0,100.0
3528106,0.0,57.14,42.86,100.0,1.1,0.0,1.1,0.0,0.0,0.0,1.65,1.1,1.1,1.65,1.65,1.1,2.75,6.04,3.85,6.59,13.19,12.64,13.74,15.38,6.04,7.69,2.75,0.0,0.0,0.55,0.55,0.0,0.0,22.53,20.88,8.24,12.09,13.74,13.19,9.34,0.0,0.0,104.0,78.0,182.0,2.0,0.0,2.0,0.0,0.0,0.0,3.0,2.0,2.0,3.0,3.0,2.0,5.0,11.0,7.0,12.0,24.0,23.0,25.0,28.0,11.0,14.0,5.0,0.0,0.0,1.0,1.0,0.0,0.0,41.0,38.0,15.0,22.0,25.0,24.0,17.0,0.0,99.78,99.78,,0.0,0.22,0.0,0.0,70.47,4.25,0.22,25.06,0.0,0.0,100.0,14.54,14.54,18.34,18.57,18.57,15.44,1.12,0.67,0.67,2.01,0.89,1.57,1.12,1.12,0.89,2.24,1.12,1.12,446.0,446.0,,0.0,1.0,0.0,0.0,315.0,19.0,1.0,112.0,0.0,0.0,447.0,65.0,65.0,82.0,83.0,83.0,69.0,5.0,3.0,3.0,9.0,4.0,7.0,5.0,5.0,4.0,10.0,5.0,5.0,99.78,100.0,100.0,100.0,98.8,100.0,100.0,99.68,100.0,100.0,100.0,100.0,100.0,100.0,100.0,100.0,100.0,100.0,100.0,100.0
3528205,0.0,54.17,45.83,100.0,0.69,0.0,0.69,0.0,0.0,0.0,0.0,0.0,2.08,2.08,0.0,1.39,2.08,9.03,6.94,9.03,9.72,16.67,12.5,13.19,5.56,6.94,2.08,0.0,0.69,0.0,0.0,0.0,0.0,19.44,27.08,7.64,7.64,15.97,13.89,8.33,0.0,0.0,78.0,66.0,144.0,1.0,0.0,1.0,0.0,0.0,0.0,0.0,0.0,3.0,3.0,0.0,2.0,3.0,13.0,10.0,13.0,14.0,24.0,18.0,19.0,8.0,10.0,3.0,0.0,1.0,0.0,0.0,0.0,0.0,28.0,39.0,11.0,11.0,23.0,20.0,12.0,0.0,100.0,100.0,,0.0,0.0,0.0,0.0,73.33,0.83,0.0,25.83,0.0,0.0,100.0,15.0,12.92,17.5,18.33,20.0,16.25,0.83,2.08,1.25,1.25,1.67,1.67,0.83,0.83,2.08,0.0,1.67,0.83,240.0,240.0,,0.0,0.0,0.0,0.0,176.0,2.0,0.0,62.0,0.0,0.0,240.0,36.0,31.0,42.0,44.0,48.0,39.0,2.0,5.0,3.0,3.0,4.0,4.0,2.0,2.0,5.0,0.0,4.0,2.0,100.0,100.0,100.0,100.0,100.0,100.0,100.0,100.0,100.0,100.0,100.0,100.0,100.0,100.0,100.0,100.0,100.0,0.0,100.0,100.0
3528304,0.0,61.54,38.46,100.0,0.0,0.0,0.0,0.0,0.0,0.0,0.0,2.56,1.28,0.0,1.28,0.0,6.41,7.69,8.97,5.13,10.26,14.1,14.1,10.26,8.97,5.13,3.85,0.0,0.0,0.0,0.0,0.0,0.0,21.79,14.1,11.54,14.1,14.1,17.95,6.41,0.0,0.0,48.0,30.0,78.0,0.0,0.0,0.0,0.0,0.0,0.0,0.0,2.0,1.0,0.0,1.0,0.0,5.0,6.0,7.0,4.0,8.0,11.0,11.0,8.0,7.0,4.0,3.0,0.0,0.0,0.0,0.0,0.0,0.0,17.0,11.0,9.0,11.0,11.0,14.0,5.0,0.0,100.0,100.0,,0.0,0.0,0.0,0.0,71.43,3.9,0.0,24.68,0.0,0.0,100.0,14.94,11.04,17.53,19.48,17.53,19.48,0.65,2.6,1.95,0.65,1.3,1.95,0.65,0.0,0.65,0.0,0.65,3.9,154.0,154.0,,0.0,0.0,0.0,0.0,110.0,6.0,0.0,38.0,0.0,0.0,154.0,23.0,17.0,27.0,30.0,27.0,30.0,1.0,4.0,3.0,1.0,2.0,3.0,1.0,0.0,1.0,0.0,1.0,6.0,100.0,100.0,100.0,100.0,100.0,100.0,100.0,100.0,100.0,100.0,100.0,100.0,100.0,100.0,100.0,0.0,100.0,0.0,100.0,100.0
3528403,0.0,58.71,41.29,100.0,1.78,0.0,2.38,0.59,0.3,0.59,1.09,1.39,1.58,1.49,2.57,3.27,3.37,7.13,6.04,9.9,10.79,12.08,10.79,10.4,7.72,4.36,1.98,0.79,0.79,0.4,0.1,0.5,0.0,18.71,22.28,12.57,11.29,16.14,9.5,9.5,0.0,0.0,593.0,417.0,1010.0,18.0,0.0,24.0,6.0,3.0,6.0,11.0,14.0,16.0,15.0,26.0,33.0,34.0,72.0,61.0,100.0,109.0,122.0,109.0,105.0,78.0,44.0,20.0,8.0,8.0,4.0,1.0,5.0,0.0,189.0,225.0,127.0,114.0,163.0,96.0,96.0,0.0,99.75,99.75,,0.0,0.11,0.11,0.03,59.39,4.11,0.34,36.16,0.0,0.0,100.0,14.83,14.53,16.88,18.47,18.3,16.99,1.23,1.2,1.48,1.4,1.12,1.2,1.57,1.01,1.29,1.23,1.06,1.04,3564.0,3564.0,,0.0,4.0,4.0,1.0,2122.0,147.0,12.0,1292.0,0.0,0.0,3573.0,530.0,519.0,603.0,660.0,654.0,607.0,44.0,43.0,53.0,50.0,40.0,43.0,56.0,36.0,46.0,44.0,38.0,37.0,99.75,99.62,99.61,99.83,99.85,99.69,99.84,99.8,100.0,100.0,100.0,100.0,100.0,100.0,100.0,100.0,97.83,100.0,97.37,100.0
3528502,0.0,54.99,45.01,100.0,1.34,0.06,1.9,0.56,0.17,0.17,1.12,1.0,2.01,1.78,2.68,2.73,3.96,6.25,7.03,10.65,11.49,12.6,10.43,10.15,7.03,4.8,1.62,0.39,0.5,0.5,0.0,0.28,0.06,20.86,18.24,11.1,14.39,14.61,10.15,10.65,0.0,0.0,986.0,807.0,1793.0,24.0,1.0,34.0,10.0,3.0,3.0,20.0,18.0,36.0,32.0,48.0,49.0,71.0,112.0,126.0,191.0,206.0,226.0,187.0,182.0,126.0,86.0,29.0,7.0,9.0,9.0,0.0,5.0,1.0,374.0,327.0,199.0,258.0,262.0,182.0,191.0,0.0,99.57,99.57,,0.0,0.19,0.13,0.1,59.22,3.66,0.3,36.8,0.01,0.0,100.0,14.96,15.32,16.42,17.89,17.35,18.06,1.11,1.34,1.05,1.18,1.36,1.34,1.21,1.3,1.33,1.23,1.43,1.08,6742.0,6742.0,,0.0,13.0,9.0,7.0,4010.0,248.0,20.0,2492.0,1.0,0.0,6771.0,1013.0,1037.0,1112.0,1211.0,1175.0,1223.0,75.0,91.0,71.0,80.0,92.0,91.0,82.0,88.0,90.0,83.0,97.0,73.0,99.57,99.51,99.42,99.46,99.75,99.4,99.84,99.62,98.67,98.9,98.59,100.0,100.0,100.0,100.0,100.0,97.78,100.0,100.0,100.0
3528601,0.0,58.63,41.37,100.0,0.4,0.0,0.8,0.4,0.0,0.0,1.2,0.4,0.8,4.82,2.81,4.02,4.02,5.62,9.64,9.64,7.63,16.87,10.84,9.24,5.62,4.02,1.2,0.8,0.0,0.0,0.0,0.4,0.0,17.67,22.49,12.85,10.84,12.45,10.44,13.25,0.0,0.0,146.0,103.0,249.0,1.0,0.0,2.0,1.0,0.0,0.0,3.0,1.0,2.0,12.0,7.0,10.0,10.0,14.0,24.0,24.0,19.0,42.0,27.0,23.0,14.0,10.0,3.0,2.0,0.0,0.0,0.0,1.0,0.0,44.0,56.0,32.0,27.0,31.0,26.0,33.0,0.0,99.71,99.71,,0.0,0.0,0.0,0.29,77.11,1.9,0.0,20.99,0.0,0.0,100.0,13.12,15.31,16.91,19.53,17.49,17.64,0.87,0.58,1.6,1.6,0.58,0.87,1.9,1.02,1.02,0.15,1.31,1.6,684.0,684.0,,0.0,0.0,0.0,2.0,529.0,13.0,0.0,144.0,0.0,0.0,686.0,90.0,105.0,116.0,134.0,120.0,121.0,6.0,4.0,11.0,11.0,4.0,6.0,13.0,7.0,7.0,1.0,9.0,11.0,99.71,100.0,99.05,100.0,100.0,99.17,100.0,99.8,100.0,100.0,100.0,100.0,100.0,100.0,100.0,100.0,100.0,100.0,100.0,100.0
3528700,0.0,58.23,41.77,100.0,0.0,1.27,0.0,0.0,0.0,1.27,0.0,1.27,3.8,0.0,2.53,1.27,2.53,6.33,5.06,13.92,8.86,16.46,7.59,11.39,12.66,3.8,0.0,0.0,0.0,0.0,0.0,0.0,0.0,26.58,15.19,12.66,16.46,11.39,11.39,6.33,0.0,0.0,46.0,33.0,79.0,0.0,1.0,0.0,0.0,0.0,1.0,0.0,1.0,3.0,0.0,2.0,1.0,2.0,5.0,4.0,11.0,7.0,13.0,6.0,9.0,10.0,3.0,0.0,0.0,0.0,0.0,0.0,0.0,0.0,21.0,12.0,10.0,13.0,9.0,9.0,5.0,0.0,99.13,99.13,,0.0,0.44,0.44,0.0,57.64,1.31,0.44,40.61,0.0,0.0,100.0,15.28,15.72,18.78,18.78,17.9,13.54,2.18,0.87,0.87,1.31,1.31,2.18,0.0,2.62,0.44,2.62,0.44,0.44,227.0,227.0,,0.0,1.0,1.0,0.0,132.0,3.0,1.0,93.0,0.0,0.0,229.0,35.0,36.0,43.0,43.0,41.0,31.0,5.0,2.0,2.0,3.0,3.0,5.0,0.0,6.0,1.0,6.0,1.0,1.0,99.13,97.14,100.0,100.0,97.67,100.0,100.0,99.37,100.0,100.0,100.0,100.0,66.67,100.0,0.0,100.0,100.0,100.0,100.0,100.0
3528809,0.0,56.83,43.17,100.0,2.48,0.0,2.8,0.31,0.31,0.0,0.31,2.17,1.86,1.24,2.17,3.42,0.31,6.83,9.01,12.11,9.94,10.87,10.56,11.49,9.01,4.04,0.93,0.62,1.24,0.93,0.0,0.0,0.31,20.81,21.12,13.66,12.11,11.8,9.32,11.18,0.0,0.0,183.0,139.0,322.0,8.0,0.0,9.0,1.0,1.0,0.0,1.0,7.0,6.0,4.0,7.0,11.0,1.0,22.0,29.0,39.0,32.0,35.0,34.0,37.0,29.0,13.0,3.0,2.0,4.0,3.0,0.0,0.0,1.0,67.0,68.0,44.0,39.0,38.0,30.0,36.0,0.0,99.77,99.77,,0.0,0.23,0.0,0.0,69.42,2.52,0.11,27.95,0.0,0.0,100.0,13.29,18.33,17.41,15.12,19.13,16.72,0.92,1.37,1.15,1.15,1.15,0.69,0.57,1.15,1.26,1.26,1.6,1.03,871.0,871.0,,0.0,2.0,0.0,0.0,606.0,22.0,1.0,244.0,0.0,0.0,873.0,116.0,160.0,152.0,132.0,167.0,146.0,8.0,12.0,10.0,10.0,10.0,6.0,5.0,10.0,11.0,11.0,14.0,9.0,99.77,100.0,99.38,100.0,100.0,99.4,100.0,99.83,100.0,100.0,100.0,100.0,100.0,100.0,100.0,100.0,100.0,100.0,100.0,100.0
3528858,0.0,63.04,36.96,100.0,3.26,0.0,4.35,1.09,0.0,2.17,0.0,0.0,1.09,1.09,2.17,3.26,4.35,3.26,4.35,11.96,7.61,10.87,18.48,7.61,5.43,5.43,4.35,2.17,0.0,2.17,0.0,1.09,0.0,19.57,13.04,9.78,11.96,23.91,14.13,7.61,0.0,0.0,58.0,34.0,92.0,3.0,0.0,4.0,1.0,0.0,2.0,0.0,0.0,1.0,1.0,2.0,3.0,4.0,3.0,4.0,11.0,7.0,10.0,17.0,7.0,5.0,5.0,4.0,2.0,0.0,2.0,0.0,1.0,0.0,18.0,12.0,9.0,11.0,22.0,13.0,7.0,0.0,99.15,99.15,,0.0,0.85,0.0,0.0,76.69,2.12,0.0,21.19,0.0,0.0,100.0,16.53,17.37,19.07,14.83,16.53,15.68,1.27,2.54,0.85,0.85,0.42,1.27,2.54,0.42,2.97,2.54,0.0,0.85,234.0,234.0,,0.0,2.0,0.0,0.0,181.0,5.0,0.0,50.0,0.0,0.0,236.0,39.0,41.0,45.0,35.0,39.0,37.0,3.0,6.0,2.0,2.0,1.0,3.0,6.0,1.0,7.0,6.0,0.0,2.0,99.15,100.0,100.0,100.0,97.14,100.0,97.3,98.72,100.0,100.0,100.0,100.0,100.0,100.0,100.0,100.0,100.0,100.0,0.0,100.0
3528908,0.0,64.84,35.16,100.0,0.0,0.0,0.0,0.0,0.0,0.0,0.0,2.2,2.2,2.2,5.49,3.3,0.0,2.2,3.3,6.59,8.79,13.19,12.09,14.29,12.09,9.89,1.1,1.1,0.0,0.0,0.0,0.0,0.0,20.88,17.58,7.69,15.38,16.48,9.89,12.09,0.0,0.0,59.0,32.0,91.0,0.0,0.0,0.0,0.0,0.0,0.0,0.0,2.0,2.0,2.0,5.0,3.0,0.0,2.0,3.0,6.0,8.0,12.0,11.0,13.0,11.0,9.0,1.0,1.0,0.0,0.0,0.0,0.0,0.0,19.0,16.0,7.0,14.0,15.0,9.0,11.0,0.0,100.0,100.0,,0.0,0.0,0.0,0.0,64.84,2.28,0.0,32.88,0.0,0.0,100.0,16.44,16.89,18.26,20.55,14.61,13.24,0.0,1.37,0.46,1.83,3.2,1.37,1.83,2.28,0.46,0.91,0.91,1.83,219.0,219.0,,0.0,0.0,0.0,0.0,142.0,5.0,0.0,72.0,0.0,0.0,219.0,36.0,37.0,40.0,45.0,32.0,29.0,0.0,3.0,1.0,4.0,7.0,3.0,4.0,5.0,1.0,2.0,2.0,4.0,100.0,100.0,100.0,100.0,100.0,100.0,100.0,100.0,0.0,100.0,100.0,100.0,100.0,100.0,100.0,100.0,100.0,100.0,100.0,100.0
3529005,0.0,53.93,46.07,100.0,0.93,0.04,1.25,0.32,0.2,0.22,0.52,0.79,0.97,1.89,1.95,2.42,3.66,5.56,6.81,8.48,9.12,11.22,10.47,12.5,10.53,7.79,2.78,0.83,0.24,0.42,0.18,0.04,0.06,19.86,23.76,11.34,11.88,14.08,10.11,8.96,0.0,0.0,2715.0,2319.0,5034.0,47.0,2.0,63.0,16.0,10.0,11.0,26.0,40.0,49.0,95.0,98.0,122.0,184.0,280.0,343.0,427.0,459.0,565.0,527.0,629.0,530.0,392.0,140.0,42.0,12.0,21.0,9.0,2.0,3.0,1000.0,1196.0,571.0,598.0,709.0,509.0,451.0,0.0,99.72,99.72,,0.0,0.17,0.08,0.02,64.33,3.48,1.09,31.07,0.03,0.0,100.0,15.66,14.88,17.07,17.41,17.64,17.34,1.3,1.17,1.36,1.44,1.27,1.34,1.27,1.42,1.21,1.26,1.34,1.26,16668.0,16668.0,,0.0,29.0,14.0,4.0,10753.0,581.0,182.0,5194.0,5.0,0.0,16715.0,2618.0,2487.0,2853.0,2910.0,2949.0,2898.0,218.0,196.0,228.0,241.0,213.0,224.0,212.0,238.0,203.0,211.0,224.0,210.0,99.72,99.77,99.72,99.54,99.73,99.86,99.69,99.71,99.54,100.0,100.0,99.59,100.0,99.55,99.06,100.0,100.0,100.0,99.55,100.0
3529104,0.0,69.57,30.43,100.0,0.0,0.0,0.0,0.0,0.0,0.0,0.0,0.0,4.35,0.0,0.0,0.0,6.52,8.7,10.87,10.87,17.39,10.87,10.87,6.52,8.7,4.35,0.0,0.0,0.0,0.0,0.0,0.0,0.0,13.04,13.04,15.22,26.09,6.52,4.35,21.74,0.0,0.0,32.0,14.0,46.0,0.0,0.0,0.0,0.0,0.0,0.0,0.0,0.0,2.0,0.0,0.0,0.0,3.0,4.0,5.0,5.0,8.0,5.0,5.0,3.0,4.0,2.0,0.0,0.0,0.0,0.0,0.0,0.0,0.0,6.0,6.0,7.0,12.0,3.0,2.0,10.0,0.0,100.0,100.0,,0.0,0.0,0.0,0.0,73.56,2.3,0.0,24.14,0.0,0.0,100.0,11.49,21.84,12.64,22.99,19.54,11.49,1.15,1.15,0.0,1.15,2.3,1.15,0.0,2.3,1.15,1.15,0.0,0.0,87.0,87.0,,0.0,0.0,0.0,0.0,64.0,2.0,0.0,21.0,0.0,0.0,87.0,10.0,19.0,11.0,20.0,17.0,10.0,1.0,1.0,0.0,1.0,2.0,1.0,0.0,2.0,1.0,1.0,0.0,0.0,100.0,100.0,100.0,100.0,100.0,100.0,100.0,100.0,100.0,100.0,0.0,100.0,100.0,100.0,0.0,100.0,100.0,100.0,0.0,0.0
3529203,0.0,54.99,45.01,100.0,0.63,0.48,1.11,0.48,0.63,0.32,0.95,1.43,1.9,1.58,1.43,4.12,3.17,6.97,7.92,6.34,9.03,9.35,9.67,14.9,9.19,6.66,1.11,1.74,0.32,0.16,0.16,0.0,0.0,20.92,23.93,12.04,12.52,13.31,10.3,6.97,0.0,0.0,347.0,284.0,631.0,4.0,3.0,7.0,3.0,4.0,2.0,6.0,9.0,12.0,10.0,9.0,26.0,20.0,44.0,50.0,40.0,57.0,59.0,61.0,94.0,58.0,42.0,7.0,11.0,2.0,1.0,1.0,0.0,0.0,132.0,151.0,76.0,79.0,84.0,65.0,44.0,0.0,99.81,99.81,,0.0,0.13,0.0,0.06,65.12,2.38,0.13,32.31,0.0,0.06,100.0,15.72,14.78,17.35,18.47,17.41,16.28,0.69,1.31,1.31,1.69,1.5,1.25,1.5,1.19,1.44,1.31,1.44,1.06,1594.0,1594.0,,0.0,2.0,0.0,1.0,1040.0,38.0,2.0,516.0,0.0,1.0,1597.0,251.0,236.0,277.0,295.0,278.0,260.0,11.0,21.0,21.0,27.0,24.0,20.0,24.0,19.0,23.0,21.0,23.0,17.0,99.81,100.0,99.58,100.0,99.66,100.0,99.62,99.82,100.0,100.0,100.0,100.0,100.0,100.0,100.0,100.0,100.0,100.0,100.0,100.0
3529302,0.0,58.01,41.99,100.0,0.87,0.12,0.99,0.12,0.12,0.17,0.46,0.7,1.39,1.63,1.86,3.02,3.25,5.4,8.77,8.65,9.81,11.9,11.44,12.54,9.23,6.21,1.86,0.46,0.12,0.29,0.17,0.17,0.12,21.54,18.99,13.24,12.78,12.14,10.16,11.15,0.0,0.0,999.0,723.0,1722.0,15.0,2.0,17.0,2.0,2.0,3.0,8.0,12.0,24.0,28.0,32.0,52.0,56.0,93.0,151.0,149.0,169.0,205.0,197.0,216.0,159.0,107.0,32.0,8.0,2.0,5.0,3.0,3.0,2.0,371.0,327.0,228.0,220.0,209.0,175.0,192.0,0.0,99.5,99.5,,0.0,0.1,0.37,0.02,65.85,3.1,0.17,30.88,0.0,0.0,100.0,14.45,14.87,16.51,18.34,18.18,17.66,1.02,1.12,1.25,1.23,1.56,1.1,1.25,1.39,1.17,0.9,1.31,1.15,4779.0,4779.0,,0.0,5.0,18.0,1.0,3163.0,149.0,8.0,1483.0,0.0,0.0,4803.0,694.0,714.0,793.0,881.0,873.0,848.0,49.0,54.0,60.0,59.0,75.0,53.0,60.0,67.0,56.0,43.0,63.0,55.0,99.5,99.42,99.3,99.87,99.55,99.77,99.06,99.56,97.96,100.0,100.0,100.0,100.0,98.11,98.33,100.0,98.21,100.0,100.0,100.0
3529401,0.0,55.92,44.08,100.0,1.39,0.17,1.87,0.48,0.14,0.12,1.0,1.51,1.65,2.41,2.47,3.46,4.21,6.43,8.36,10.53,11.94,11.89,9.58,9.67,6.96,3.71,1.56,0.34,0.59,0.5,0.17,0.1,0.02,18.31,21.4,12.26,14.56,13.52,10.8,9.14,0.0,0.0,4546.0,3584.0,8130.0,113.0,14.0,152.0,39.0,11.0,10.0,81.0,123.0,134.0,196.0,201.0,281.0,342.0,523.0,680.0,856.0,971.0,967.0,779.0,786.0,566.0,302.0,127.0,28.0,48.0,41.0,14.0,8.0,2.0,1489.0,1740.0,997.0,1184.0,1099.0,878.0,743.0,0.0,99.69,99.69,,0.0,0.15,0.14,0.02,56.89,5.57,0.22,37.28,0.05,0.0,100.0,15.39,14.92,16.6,17.62,17.98,17.49,1.3,1.16,1.35,1.42,1.35,1.11,1.25,1.29,1.26,1.14,1.36,1.4,29522.0,29522.0,,0.0,45.0,40.0,6.0,16846.0,1650.0,64.0,11039.0,14.0,0.0,29613.0,4557.0,4418.0,4916.0,5218.0,5324.0,5180.0,385.0,343.0,399.0,420.0,401.0,329.0,369.0,381.0,374.0,338.0,404.0,414.0,99.69,99.54,99.75,99.72,99.69,99.66,99.79,99.71,98.96,99.13,99.5,99.76,99.75,99.7,98.92,99.48,100.0,99.7,99.5,100.0
3529500,0.0,56.08,43.92,100.0,0.68,0.0,0.68,0.0,0.0,0.0,0.68,0.0,0.68,0.0,4.05,1.35,2.7,4.73,5.41,12.16,11.49,12.16,12.16,11.49,14.19,3.38,2.7,0.0,0.68,0.0,0.0,0.0,0.0,14.19,21.62,14.86,17.57,8.11,15.54,8.11,0.0,0.0,83.0,65.0,148.0,1.0,0.0,1.0,0.0,0.0,0.0,1.0,0.0,1.0,0.0,6.0,2.0,4.0,7.0,8.0,18.0,17.0,18.0,18.0,17.0,21.0,5.0,4.0,0.0,1.0,0.0,0.0,0.0,0.0,21.0,32.0,22.0,26.0,12.0,23.0,12.0,0.0,100.0,100.0,,0.0,0.0,0.0,0.0,67.04,1.34,0.0,31.63,0.0,0.0,100.0,10.91,15.59,17.15,20.71,18.93,16.7,1.11,1.34,0.22,0.89,1.56,0.22,0.67,0.89,1.11,1.11,0.67,1.11,449.0,449.0,,0.0,0.0,0.0,0.0,301.0,6.0,0.0,142.0,0.0,0.0,449.0,49.0,70.0,77.0,93.0,85.0,75.0,5.0,6.0,1.0,4.0,7.0,1.0,3.0,4.0,5.0,5.0,3.0,5.0,100.0,100.0,100.0,100.0,100.0,100.0,100.0,100.0,100.0,100.0,100.0,100.0,100.0,100.0,100.0,100.0,100.0,100.0,100.0,100.0
3529609,0.0,53.96,46.04,100.0,0.0,1.44,1.44,1.44,0.0,0.0,0.72,0.0,1.44,3.6,2.88,2.16,2.88,3.6,7.91,9.35,12.23,7.91,11.51,13.67,7.91,7.19,2.16,0.0,0.0,0.0,0.0,0.0,0.0,16.55,23.02,15.11,15.11,9.35,12.23,8.63,0.0,0.0,75.0,64.0,139.0,0.0,2.0,2.0,2.0,0.0,0.0,1.0,0.0,2.0,5.0,4.0,3.0,4.0,5.0,11.0,13.0,17.0,11.0,16.0,19.0,11.0,10.0,3.0,0.0,0.0,0.0,0.0,0.0,0.0,23.0,32.0,21.0,21.0,13.0,17.0,12.0,0.0,100.0,100.0,,0.0,0.0,0.0,0.0,68.0,2.91,0.36,28.73,0.0,0.0,100.0,17.09,16.73,15.27,14.91,16.0,20.0,2.55,2.18,1.82,0.0,2.55,1.45,1.45,0.36,2.18,0.73,0.73,1.09,275.0,275.0,,0.0,0.0,0.0,0.0,187.0,8.0,1.0,79.0,0.0,0.0,275.0,47.0,46.0,42.0,41.0,44.0,55.0,7.0,6.0,5.0,0.0,7.0,4.0,4.0,1.0,6.0,2.0,2.0,3.0,100.0,100.0,100.0,100.0,100.0,100.0,100.0,100.0,100.0,100.0,100.0,0.0,100.0,100.0,100.0,100.0,100.0,100.0,100.0,100.0
3529658,0.0,56.0,44.0,100.0,0.0,4.0,0.0,0.0,0.0,0.0,0.0,0.0,4.0,4.0,4.0,4.0,0.0,16.0,0.0,16.0,8.0,8.0,4.0,12.0,8.0,8.0,0.0,0.0,0.0,0.0,0.0,0.0,0.0,32.0,20.0,12.0,4.0,20.0,4.0,8.0,0.0,0.0,14.0,11.0,25.0,0.0,1.0,0.0,0.0,0.0,0.0,0.0,0.0,1.0,1.0,1.0,1.0,0.0,4.0,0.0,4.0,2.0,2.0,1.0,3.0,2.0,2.0,0.0,0.0,0.0,0.0,0.0,0.0,0.0,8.0,5.0,3.0,1.0,5.0,1.0,2.0,0.0,99.22,99.22,,0.0,0.0,0.78,0.0,55.81,6.2,0.0,37.98,0.0,0.0,100.0,14.73,15.5,15.5,20.93,16.28,17.05,0.0,0.78,0.78,3.1,0.0,1.55,0.78,2.33,0.78,1.55,1.55,1.55,128.0,128.0,,0.0,0.0,1.0,0.0,72.0,8.0,0.0,49.0,0.0,0.0,129.0,19.0,20.0,20.0,27.0,21.0,22.0,0.0,1.0,1.0,4.0,0.0,2.0,1.0,3.0,1.0,2.0,2.0,2.0,99.22,100.0,100.0,95.0,100.0,100.0,100.0,98.89,0.0,100.0,100.0,100.0,0.0,100.0,100.0,100.0,100.0,100.0,100.0,100.0
3529708,0.0,54.23,45.77,100.0,0.6,0.4,0.6,0.0,0.2,0.4,0.4,0.6,0.81,2.62,5.04,3.43,4.03,5.04,8.67,9.88,11.9,11.69,10.48,11.9,6.05,3.02,1.41,1.41,0.4,0.0,0.2,0.0,0.0,17.34,23.19,11.09,14.31,15.52,9.07,9.48,0.0,0.0,269.0,227.0,496.0,3.0,2.0,3.0,0.0,1.0,2.0,2.0,3.0,4.0,13.0,25.0,17.0,20.0,25.0,43.0,49.0,59.0,58.0,52.0,59.0,30.0,15.0,7.0,7.0,2.0,0.0,1.0,0.0,0.0,86.0,115.0,55.0,71.0,77.0,45.0,47.0,0.0,99.65,99.65,,0.0,0.14,0.21,0.0,59.04,3.14,0.28,37.47,0.07,0.0,100.0,15.42,16.19,17.73,17.1,17.93,15.63,1.33,1.12,1.33,1.95,1.54,1.33,1.4,0.98,1.26,1.05,1.47,0.7,1428.0,1428.0,,0.0,2.0,3.0,0.0,846.0,45.0,4.0,537.0,1.0,0.0,1433.0,221.0,232.0,254.0,245.0,257.0,224.0,19.0,16.0,19.0,28.0,22.0,19.0,20.0,14.0,18.0,15.0,21.0,10.0,99.65,99.55,100.0,100.0,98.78,100.0,99.55,99.59,100.0,100.0,100.0,100.0,100.0,100.0,100.0,100.0,94.44,100.0,100.0,100.0
3529807,0.0,53.31,46.69,100.0,1.05,0.0,1.74,0.7,0.7,0.35,0.35,0.7,2.44,1.74,2.44,2.44,4.53,4.53,8.01,12.54,13.94,8.36,11.85,9.06,7.67,4.88,0.7,1.05,0.35,0.35,0.0,0.35,0.0,16.38,17.77,15.33,13.94,13.94,11.5,11.15,0.0,0.0,153.0,134.0,287.0,3.0,0.0,5.0,2.0,2.0,1.0,1.0,2.0,7.0,5.0,7.0,7.0,13.0,13.0,23.0,36.0,40.0,24.0,34.0,26.0,22.0,14.0,2.0,3.0,1.0,1.0,0.0,1.0,0.0,47.0,51.0,44.0,40.0,40.0,33.0,32.0,0.0,99.87,99.87,,0.0,0.13,0.0,0.0,68.73,1.84,0.0,29.43,0.0,0.0,100.0,17.48,16.29,15.24,18.79,15.24,16.95,0.92,1.71,1.97,2.5,1.58,1.71,1.31,1.05,1.05,1.97,0.79,0.92,760.0,760.0,,0.0,1.0,0.0,0.0,523.0,14.0,0.0,224.0,0.0,0.0,761.0,133.0,124.0,116.0,143.0,116.0,129.0,7.0,13.0,15.0,19.0,12.0,13.0,10.0,8.0,8.0,15.0,6.0,7.0,99.87,100.0,100.0,100.0,100.0,99.14,100.0,99.8,100.0,100.0,100.0,100.0,100.0,100.0,100.0,100.0,100.0,100.0,100.0,100.0
3529906,0.0,58.52,41.48,100.0,2.8,0.0,2.8,0.0,0.0,0.76,1.27,2.29,2.29,1.27,0.76,4.83,2.8,5.85,6.36,11.96,9.67,8.91,11.96,12.98,7.38,3.56,1.53,0.76,1.53,0.76,0.25,0.25,0.0,18.32,21.88,10.94,11.45,15.52,12.47,9.41,0.0,0.0,230.0,163.0,393.0,11.0,0.0,11.0,0.0,0.0,3.0,5.0,9.0,9.0,5.0,3.0,19.0,11.0,23.0,25.0,47.0,38.0,35.0,47.0,51.0,29.0,14.0,6.0,3.0,6.0,3.0,1.0,1.0,0.0,72.0,86.0,43.0,45.0,61.0,49.0,37.0,0.0,99.66,99.66,,0.0,0.27,0.07,0.0,54.53,2.97,0.34,41.01,1.15,0.0,100.0,16.35,13.58,17.77,18.38,16.76,17.16,1.28,1.28,1.55,1.42,1.55,1.08,1.35,1.15,1.28,1.42,1.55,1.42,1475.0,1475.0,,0.0,4.0,1.0,0.0,807.0,44.0,5.0,607.0,17.0,0.0,1480.0,242.0,201.0,263.0,272.0,248.0,254.0,19.0,19.0,23.0,21.0,23.0,16.0,20.0,17.0,19.0,21.0,23.0,21.0,99.66,99.17,99.0,100.0,100.0,99.6,100.0,99.9,94.74,100.0,100.0,95.24,100.0,100.0,100.0,100.0,100.0,100.0,100.0,100.0
3530003,0.0,62.03,37.97,100.0,0.0,0.0,1.27,1.27,0.0,0.0,0.0,0.0,0.0,0.0,2.53,2.53,0.0,5.06,11.39,8.86,10.13,17.72,11.39,12.66,10.13,5.06,1.27,0.0,0.0,0.0,0.0,0.0,0.0,21.52,20.25,11.39,17.72,12.66,11.39,5.06,0.0,0.0,49.0,30.0,79.0,0.0,0.0,1.0,1.0,0.0,0.0,0.0,0.0,0.0,0.0,2.0,2.0,0.0,4.0,9.0,7.0,8.0,14.0,9.0,10.0,8.0,4.0,1.0,0.0,0.0,0.0,0.0,0.0,0.0,17.0,16.0,9.0,14.0,10.0,9.0,4.0,0.0,100.0,100.0,,0.0,0.0,0.0,0.0,70.41,2.55,0.0,27.04,0.0,0.0,100.0,17.86,13.78,13.78,12.24,24.49,17.86,1.02,2.55,1.53,0.51,1.53,3.06,2.04,1.53,1.53,1.02,1.53,0.0,196.0,196.0,,0.0,0.0,0.0,0.0,138.0,5.0,0.0,53.0,0.0,0.0,196.0,35.0,27.0,27.0,24.0,48.0,35.0,2.0,5.0,3.0,1.0,3.0,6.0,4.0,3.0,3.0,2.0,3.0,0.0,100.0,100.0,100.0,100.0,100.0,100.0,100.0,100.0,100.0,100.0,100.0,100.0,100.0,100.0,100.0,100.0,100.0,100.0,100.0,0.0
3530102,0.0,58.33,41.67,100.0,0.94,0.31,1.1,0.16,0.31,0.31,0.47,1.1,1.42,1.26,2.04,2.83,3.77,4.09,7.86,7.55,9.43,13.36,12.58,11.48,10.22,5.82,2.67,0.0,0.47,0.16,0.16,0.16,0.0,20.44,23.11,14.62,12.26,11.95,9.91,7.7,0.0,0.0,371.0,265.0,636.0,6.0,2.0,7.0,1.0,2.0,2.0,3.0,7.0,9.0,8.0,13.0,18.0,24.0,26.0,50.0,48.0,60.0,85.0,80.0,73.0,65.0,37.0,17.0,0.0,3.0,1.0,1.0,1.0,0.0,130.0,147.0,93.0,78.0,76.0,63.0,49.0,0.0,99.56,99.56,,0.0,0.22,0.22,0.0,63.51,2.0,2.22,32.27,0.0,0.0,100.0,14.95,14.36,17.25,17.84,17.17,18.43,1.48,0.96,1.18,1.63,1.18,0.96,1.78,1.18,0.89,1.41,0.74,1.55,1345.0,1345.0,,0.0,3.0,3.0,0.0,858.0,27.0,30.0,436.0,0.0,0.0,1351.0,202.0,194.0,233.0,241.0,232.0,249.0,20.0,13.0,16.0,22.0,16.0,13.0,24.0,16.0,12.0,19.0,10.0,21.0,99.56,99.5,100.0,99.57,99.17,99.57,99.6,99.48,95.0,100.0,100.0,100.0,100.0,100.0,100.0,100.0,100.0,100.0,100.0,100.0
3530201,0.0,57.89,42.11,100.0,1.44,0.0,1.67,0.24,0.0,0.0,1.67,0.72,0.96,1.44,2.15,2.39,2.15,5.02,7.42,7.89,9.57,7.66,15.55,12.92,11.24,5.98,3.11,0.48,0.48,0.48,0.24,0.24,0.0,16.51,20.1,13.4,12.2,15.55,10.77,11.48,0.0,0.0,242.0,176.0,418.0,6.0,0.0,7.0,1.0,0.0,0.0,7.0,3.0,4.0,6.0,9.0,10.0,9.0,21.0,31.0,33.0,40.0,32.0,65.0,54.0,47.0,25.0,13.0,2.0,2.0,2.0,1.0,1.0,0.0,69.0,84.0,56.0,51.0,65.0,45.0,48.0,0.0,99.52,99.52,,0.0,0.48,0.0,0.0,57.66,1.65,0.97,39.73,0.0,0.0,100.0,17.54,13.86,15.12,17.34,18.31,17.83,1.74,1.36,0.78,1.74,1.94,1.26,1.16,1.94,1.65,1.36,1.45,1.16,1027.0,1027.0,,0.0,5.0,0.0,0.0,595.0,17.0,10.0,410.0,0.0,0.0,1032.0,181.0,143.0,156.0,179.0,189.0,184.0,18.0,14.0,8.0,18.0,20.0,13.0,12.0,20.0,17.0,14.0,15.0,12.0,99.52,99.45,100.0,100.0,98.88,99.47,99.46,99.44,94.44,100.0,100.0,100.0,100.0,100.0,100.0,100.0,100.0,100.0,100.0,100.0
3530300,0.0,53.93,46.07,100.0,0.86,0.0,1.14,0.29,0.29,0.21,0.57,1.14,1.0,1.0,2.43,3.21,3.36,5.43,7.36,7.79,10.5,12.57,11.71,11.21,9.14,7.07,2.36,0.5,0.36,0.14,0.14,0.21,0.0,20.07,23.64,12.93,13.29,10.29,10.36,9.43,0.0,0.0,755.0,645.0,1400.0,12.0,0.0,16.0,4.0,4.0,3.0,8.0,16.0,14.0,14.0,34.0,45.0,47.0,76.0,103.0,109.0,147.0,176.0,164.0,157.0,128.0,99.0,33.0,7.0,5.0,2.0,2.0,3.0,0.0,281.0,331.0,181.0,186.0,144.0,145.0,132.0,0.0,99.66,99.66,,0.0,0.13,0.18,0.02,69.07,3.23,0.2,27.45,0.04,0.0,100.0,15.33,15.13,17.46,17.73,18.29,16.07,1.23,1.17,1.34,1.46,1.41,1.19,1.19,1.55,1.19,0.94,1.41,1.26,4447.0,4447.0,,0.0,6.0,8.0,1.0,3082.0,144.0,9.0,1225.0,2.0,0.0,4462.0,684.0,675.0,779.0,791.0,816.0,717.0,55.0,52.0,60.0,65.0,63.0,53.0,53.0,69.0,53.0,42.0,63.0,56.0,99.66,99.27,99.56,99.87,100.0,99.63,99.58,99.77,98.18,100.0,100.0,100.0,100.0,100.0,100.0,98.55,98.11,100.0,96.83,100.0
3530409,0.0,60.76,39.24,100.0,5.06,3.8,5.06,0.0,0.0,1.27,0.0,2.53,0.0,1.27,1.27,1.27,6.33,6.33,8.86,7.59,8.86,10.13,6.33,10.13,7.59,7.59,1.27,2.53,0.0,3.8,1.27,0.0,0.0,30.38,25.32,8.86,13.92,8.86,6.33,6.33,0.0,0.0,48.0,31.0,79.0,4.0,3.0,4.0,0.0,0.0,1.0,0.0,2.0,0.0,1.0,1.0,1.0,5.0,5.0,7.0,6.0,7.0,8.0,5.0,8.0,6.0,6.0,1.0,2.0,0.0,3.0,1.0,0.0,0.0,24.0,20.0,7.0,11.0,7.0,5.0,5.0,0.0,96.53,96.53,,0.0,3.47,0.0,0.0,58.96,6.36,0.0,34.68,0.0,0.0,100.0,17.05,14.45,16.18,20.52,12.72,19.08,1.45,1.45,1.16,0.87,2.02,0.58,1.45,1.16,1.73,2.89,0.87,1.45,334.0,334.0,,0.0,12.0,0.0,0.0,204.0,22.0,0.0,120.0,0.0,0.0,346.0,59.0,50.0,56.0,71.0,44.0,66.0,5.0,5.0,4.0,3.0,7.0,2.0,5.0,4.0,6.0,10.0,3.0,5.0,96.53,98.31,96.0,96.43,95.77,97.73,95.45,96.2,100.0,100.0,100.0,100.0,100.0,100.0,100.0,100.0,100.0,100.0,100.0,80.0
3530508,0.0,57.5,42.5,100.0,0.86,0.18,1.54,0.68,0.12,0.06,0.43,0.68,1.72,1.11,1.72,3.32,3.75,4.24,7.63,9.04,10.7,12.92,12.55,11.87,8.92,5.54,1.66,0.31,0.12,0.49,0.06,0.12,0.06,19.37,21.53,10.76,11.99,14.82,11.25,10.27,0.0,0.0,935.0,691.0,1626.0,14.0,3.0,25.0,11.0,2.0,1.0,7.0,11.0,28.0,18.0,28.0,54.0,61.0,69.0,124.0,147.0,174.0,210.0,204.0,193.0,145.0,90.0,27.0,5.0,2.0,8.0,1.0,2.0,1.0,315.0,350.0,175.0,195.0,241.0,183.0,167.0,0.0,99.74,99.74,,0.0,0.14,0.09,0.02,68.73,3.03,0.09,28.14,0.0,0.0,100.0,16.0,14.82,16.24,17.07,17.99,17.89,0.8,1.23,1.73,1.59,1.73,1.25,1.3,1.37,1.23,1.11,1.33,1.33,4214.0,4214.0,,0.0,6.0,4.0,1.0,2904.0,128.0,4.0,1189.0,0.0,0.0,4225.0,676.0,626.0,686.0,721.0,760.0,756.0,34.0,52.0,73.0,67.0,73.0,53.0,55.0,58.0,52.0,47.0,56.0,56.0,99.74,99.7,100.0,99.42,99.86,99.74,99.74,99.69,100.0,100.0,100.0,100.0,100.0,100.0,100.0,100.0,96.15,100.0,100.0,100.0
3530607,0.0,55.04,44.96,100.0,1.27,0.14,1.7,0.43,0.14,0.25,0.98,1.48,1.48,1.71,2.09,3.24,3.97,6.12,7.66,10.13,11.37,11.8,10.17,10.6,8.05,4.54,1.94,0.45,0.45,0.48,0.18,0.13,0.02,18.92,20.52,12.77,13.47,13.73,11.42,9.17,0.0,0.0,4767.0,3894.0,8661.0,110.0,12.0,147.0,37.0,12.0,22.0,85.0,128.0,128.0,148.0,181.0,281.0,344.0,530.0,663.0,877.0,985.0,1022.0,881.0,918.0,697.0,393.0,168.0,39.0,39.0,42.0,16.0,11.0,2.0,1639.0,1777.0,1106.0,1167.0,1189.0,989.0,794.0,0.0,99.64,99.64,,0.0,0.15,0.15,0.07,59.06,5.4,1.55,33.87,0.12,0.01,100.0,14.59,14.87,16.53,17.99,18.35,17.68,1.21,1.05,1.09,1.26,1.27,1.13,1.22,1.29,1.27,1.29,1.28,1.23,32937.0,32937.0,,0.0,48.0,49.0,23.0,19522.0,1786.0,513.0,11195.0,39.0,2.0,33057.0,4822.0,4917.0,5463.0,5947.0,6065.0,5843.0,399.0,346.0,360.0,418.0,421.0,372.0,404.0,425.0,420.0,427.0,422.0,408.0,99.64,99.56,99.57,99.69,99.76,99.72,99.49,99.67,99.5,99.42,99.72,100.0,99.52,99.46,99.75,99.53,99.05,99.53,99.29,100.0
3530706,0.0,58.33,41.67,100.0,1.19,0.12,1.6,0.41,0.09,0.44,0.61,1.28,1.05,1.69,2.5,2.56,3.84,5.42,8.5,9.76,10.6,12.23,10.95,10.48,8.21,6.0,1.66,0.41,0.55,0.38,0.15,0.09,0.03,20.38,21.67,12.61,12.35,13.8,9.58,9.58,0.03,0.0,2003.0,1431.0,3434.0,41.0,4.0,55.0,14.0,3.0,15.0,21.0,44.0,36.0,58.0,86.0,88.0,132.0,186.0,292.0,335.0,364.0,420.0,376.0,360.0,282.0,206.0,57.0,14.0,19.0,13.0,5.0,3.0,1.0,700.0,744.0,433.0,424.0,474.0,329.0,329.0,1.0,99.72,99.72,,0.0,0.12,0.15,0.01,75.43,2.76,0.11,21.69,0.01,0.0,100.0,14.97,14.66,16.53,18.12,18.87,16.85,1.37,1.15,1.52,1.18,1.5,1.32,1.12,1.14,1.15,1.11,1.1,1.29,10380.0,10380.0,,0.0,12.0,16.0,1.0,7852.0,287.0,11.0,2258.0,1.0,0.0,10409.0,1558.0,1526.0,1721.0,1886.0,1964.0,1754.0,143.0,120.0,158.0,123.0,156.0,137.0,117.0,119.0,120.0,116.0,115.0,134.0,99.72,99.87,99.67,99.54,99.79,99.8,99.66,99.7,99.3,100.0,100.0,99.19,100.0,100.0,100.0,100.0,100.0,100.0,100.0,100.0
3530805,0.0,57.35,42.65,100.0,0.65,0.05,0.85,0.2,0.1,0.1,0.65,1.1,0.7,1.79,2.54,3.59,3.74,5.13,7.57,9.12,11.06,11.31,11.91,11.01,8.37,6.78,2.19,0.35,0.1,0.05,0.2,0.2,0.1,21.23,21.08,12.31,12.71,13.9,10.16,8.62,0.0,0.0,1151.0,856.0,2007.0,13.0,1.0,17.0,4.0,2.0,2.0,13.0,22.0,14.0,36.0,51.0,72.0,75.0,103.0,152.0,183.0,222.0,227.0,239.0,221.0,168.0,136.0,44.0,7.0,2.0,1.0,4.0,4.0,2.0,426.0,423.0,247.0,255.0,279.0,204.0,173.0,0.0,99.44,99.44,,0.0,0.15,0.27,0.14,74.71,2.57,0.15,22.43,0.14,0.0,100.0,15.44,14.62,16.85,17.39,18.4,17.29,1.35,0.98,1.28,1.42,1.49,1.25,1.42,1.18,1.22,1.15,1.22,1.49,5808.0,5808.0,,0.0,9.0,16.0,8.0,4364.0,150.0,9.0,1310.0,8.0,0.0,5841.0,902.0,854.0,984.0,1016.0,1075.0,1010.0,79.0,57.0,75.0,83.0,87.0,73.0,83.0,69.0,71.0,67.0,71.0,87.0,99.44,99.33,99.88,99.09,99.11,99.72,99.5,99.36,100.0,100.0,98.67,97.59,100.0,100.0,97.59,100.0,98.59,100.0,100.0,100.0
3530904,0.0,63.49,36.51,100.0,1.59,0.0,1.59,0.0,0.0,0.0,0.0,0.0,3.17,3.17,1.59,6.35,4.76,6.35,6.35,11.11,14.29,9.52,11.11,6.35,7.94,6.35,0.0,0.0,0.0,1.59,0.0,0.0,0.0,33.33,22.22,6.35,14.29,9.52,7.94,6.35,0.0,0.0,40.0,23.0,63.0,1.0,0.0,1.0,0.0,0.0,0.0,0.0,0.0,2.0,2.0,1.0,4.0,3.0,4.0,4.0,7.0,9.0,6.0,7.0,4.0,5.0,4.0,0.0,0.0,0.0,1.0,0.0,0.0,0.0,21.0,14.0,4.0,9.0,6.0,5.0,4.0,0.0,99.43,99.43,,0.0,0.28,0.28,0.0,58.24,3.98,0.0,37.78,0.0,0.0,100.0,17.61,12.78,20.45,14.49,17.61,17.05,0.57,1.7,0.85,1.99,0.85,0.85,1.42,2.27,2.27,2.56,1.7,0.57,350.0,350.0,,0.0,1.0,1.0,0.0,205.0,14.0,0.0,133.0,0.0,0.0,352.0,62.0,45.0,72.0,51.0,62.0,60.0,2.0,6.0,3.0,7.0,3.0,3.0,5.0,8.0,8.0,9.0,6.0,2.0,99.43,98.39,100.0,100.0,98.04,100.0,100.0,99.59,100.0,100.0,100.0,100.0,100.0,100.0,100.0,100.0,87.5,100.0,100.0,100.0
3531001,0.0,60.32,39.68,100.0,0.0,0.0,0.0,0.0,0.0,0.0,3.17,1.59,0.0,3.17,3.17,1.59,0.0,7.94,3.17,1.59,0.0,7.94,15.87,20.63,17.46,9.52,3.17,0.0,0.0,0.0,0.0,0.0,0.0,14.29,19.05,6.35,19.05,12.7,11.11,17.46,0.0,0.0,38.0,25.0,63.0,0.0,0.0,0.0,0.0,0.0,0.0,2.0,1.0,0.0,2.0,2.0,1.0,0.0,5.0,2.0,1.0,0.0,5.0,10.0,13.0,11.0,6.0,2.0,0.0,0.0,0.0,0.0,0.0,0.0,9.0,12.0,4.0,12.0,8.0,7.0,11.0,0.0,100.0,100.0,,0.0,0.0,0.0,0.0,72.41,6.03,0.0,21.55,0.0,0.0,100.0,15.52,8.62,12.07,14.66,25.0,24.14,0.0,1.72,4.31,0.0,0.0,1.72,1.72,2.59,0.86,1.72,0.0,0.86,116.0,116.0,,0.0,0.0,0.0,0.0,84.0,7.0,0.0,25.0,0.0,0.0,116.0,18.0,10.0,14.0,17.0,29.0,28.0,0.0,2.0,5.0,0.0,0.0,2.0,2.0,3.0,1.0,2.0,0.0,1.0,100.0,100.0,100.0,100.0,100.0,100.0,100.0,100.0,0.0,100.0,100.0,0.0,0.0,100.0,100.0,100.0,100.0,100.0,0.0,100.0
3531100,0.0,54.07,45.93,100.0,0.87,0.32,1.9,1.03,0.0,0.24,0.71,1.11,1.5,1.5,1.98,3.0,4.43,5.14,6.56,10.75,11.78,13.28,11.15,9.17,7.75,5.53,1.58,0.63,0.24,0.24,0.16,0.16,0.08,20.4,19.45,11.15,14.62,14.15,11.23,9.01,0.0,0.0,684.0,581.0,1265.0,11.0,4.0,24.0,13.0,0.0,3.0,9.0,14.0,19.0,19.0,25.0,38.0,56.0,65.0,83.0,136.0,149.0,168.0,141.0,116.0,98.0,70.0,20.0,8.0,3.0,3.0,2.0,2.0,1.0,258.0,246.0,141.0,185.0,179.0,142.0,114.0,0.0,99.45,99.4,,0.05,0.29,0.26,0.0,51.89,9.29,0.1,37.16,1.56,0.0,100.0,12.52,14.99,16.65,17.49,20.01,18.35,1.07,1.07,1.14,0.99,1.07,0.94,1.09,1.33,0.94,0.78,0.83,1.28,3822.0,3820.0,,2.0,11.0,10.0,0.0,1994.0,357.0,4.0,1428.0,60.0,0.0,3843.0,481.0,576.0,640.0,672.0,769.0,705.0,41.0,41.0,44.0,38.0,41.0,36.0,42.0,51.0,36.0,30.0,32.0,49.0,99.4,98.13,99.65,99.69,99.55,99.48,99.57,99.57,97.56,97.56,97.73,100.0,97.56,94.44,100.0,96.08,100.0,100.0,100.0,97.96
3531209,0.0,56.8,43.2,100.0,0.0,0.0,0.97,0.97,0.0,0.0,0.49,0.97,1.46,0.49,0.97,1.46,1.94,4.85,5.34,10.68,9.71,10.19,11.17,16.5,11.17,7.28,2.91,1.46,0.0,0.0,0.0,0.0,0.0,18.93,18.93,14.56,13.11,13.59,9.71,11.17,0.0,0.0,117.0,89.0,206.0,0.0,0.0,2.0,2.0,0.0,0.0,1.0,2.0,3.0,1.0,2.0,3.0,4.0,10.0,11.0,22.0,20.0,21.0,23.0,34.0,23.0,15.0,6.0,3.0,0.0,0.0,0.0,0.0,0.0,39.0,39.0,30.0,27.0,28.0,20.0,23.0,0.0,99.8,99.8,,0.0,0.0,0.2,0.0,76.52,2.83,0.2,20.45,0.0,0.0,100.0,16.8,15.38,16.8,15.79,16.8,18.42,1.21,2.02,1.42,1.21,1.42,0.81,1.82,1.42,1.21,2.23,1.01,1.01,493.0,493.0,,0.0,0.0,1.0,0.0,378.0,14.0,1.0,101.0,0.0,0.0,494.0,83.0,76.0,83.0,78.0,83.0,91.0,6.0,10.0,7.0,6.0,7.0,4.0,9.0,7.0,6.0,11.0,5.0,5.0,99.8,100.0,98.68,100.0,100.0,100.0,100.0,100.0,100.0,100.0,100.0,100.0,100.0,100.0,100.0,100.0,100.0,100.0,100.0,100.0
3531308,0.0,58.96,41.04,100.0,0.85,0.0,0.94,0.09,0.19,0.66,0.57,0.38,0.94,1.6,1.42,2.83,4.15,5.28,5.38,9.06,11.51,11.13,11.98,12.74,10.0,5.94,2.83,0.47,0.19,0.28,0.09,0.19,0.09,19.53,20.85,13.58,11.98,12.55,11.23,10.28,0.0,0.0,625.0,435.0,1060.0,9.0,0.0,10.0,1.0,2.0,7.0,6.0,4.0,10.0,17.0,15.0,30.0,44.0,56.0,57.0,96.0,122.0,118.0,127.0,135.0,106.0,63.0,30.0,5.0,2.0,3.0,1.0,2.0,1.0,207.0,221.0,144.0,127.0,133.0,119.0,109.0,0.0,99.86,99.86,,0.0,0.1,0.03,0.0,73.25,2.41,0.56,23.74,0.03,0.0,100.0,15.15,15.47,17.35,18.47,18.02,15.54,1.26,1.26,1.47,1.33,1.43,0.94,1.43,1.33,1.08,1.26,1.4,0.98,2860.0,2860.0,,0.0,3.0,1.0,0.0,2098.0,69.0,16.0,680.0,1.0,0.0,2864.0,434.0,443.0,497.0,529.0,516.0,445.0,36.0,36.0,42.0,38.0,41.0,27.0,41.0,38.0,31.0,36.0,40.0,28.0,99.86,99.77,100.0,100.0,100.0,99.61,99.78,99.85,97.22,100.0,100.0,100.0,100.0,100.0,100.0,100.0,100.0,100.0,100.0,100.0
3531407,0.0,58.1,41.9,100.0,1.38,0.0,1.9,0.52,0.0,0.0,0.52,1.03,1.21,0.86,1.38,2.24,3.28,6.21,6.72,7.59,9.48,9.14,14.48,13.28,9.66,6.9,3.62,0.52,0.86,0.17,0.17,0.17,0.0,18.45,22.93,14.48,10.69,11.72,9.83,11.9,0.0,0.0,337.0,243.0,580.0,8.0,0.0,11.0,3.0,0.0,0.0,3.0,6.0,7.0,5.0,8.0,13.0,19.0,36.0,39.0,44.0,55.0,53.0,84.0,77.0,56.0,40.0,21.0,3.0,5.0,1.0,1.0,1.0,0.0,107.0,133.0,84.0,62.0,68.0,57.0,69.0,0.0,99.86,99.86,,0.0,0.07,0.07,0.0,68.74,3.4,0.14,27.5,0.22,0.0,100.0,13.31,16.86,16.14,18.45,18.38,16.86,1.23,1.3,1.45,1.09,1.01,1.37,1.52,1.09,0.8,1.23,0.36,0.87,1380.0,1380.0,,0.0,1.0,1.0,0.0,950.0,47.0,2.0,380.0,3.0,0.0,1382.0,184.0,233.0,223.0,255.0,254.0,233.0,17.0,18.0,20.0,15.0,14.0,19.0,21.0,15.0,11.0,17.0,5.0,12.0,99.86,100.0,99.57,99.55,100.0,100.0,100.0,99.9,100.0,100.0,100.0,100.0,100.0,100.0,100.0,100.0,100.0,100.0,100.0,100.0
3531506,0.0,52.87,47.13,100.0,1.15,1.84,1.61,0.46,0.0,0.0,0.69,0.69,0.46,1.61,2.76,3.68,2.99,5.29,7.13,9.2,9.2,12.41,8.74,12.41,9.89,6.21,2.76,0.46,0.69,0.0,0.46,0.0,0.0,21.15,20.23,14.48,14.02,11.03,9.66,9.43,0.0,0.0,230.0,205.0,435.0,5.0,8.0,7.0,2.0,0.0,0.0,3.0,3.0,2.0,7.0,12.0,16.0,13.0,23.0,31.0,40.0,40.0,54.0,38.0,54.0,43.0,27.0,12.0,2.0,3.0,0.0,2.0,0.0,0.0,92.0,88.0,63.0,61.0,48.0,42.0,41.0,0.0,99.73,99.73,,0.0,0.09,0.18,0.0,75.2,2.34,0.0,22.45,0.0,0.0,100.0,14.7,15.24,16.77,17.85,18.21,17.22,0.99,1.44,1.71,0.9,1.08,0.99,0.9,1.71,1.08,0.81,1.53,1.53,1106.0,1106.0,,0.0,1.0,2.0,0.0,834.0,26.0,0.0,249.0,0.0,0.0,1109.0,163.0,169.0,186.0,198.0,202.0,191.0,11.0,16.0,19.0,10.0,12.0,11.0,10.0,19.0,12.0,9.0,17.0,17.0,99.73,99.39,100.0,99.46,100.0,99.5,100.0,99.74,90.91,100.0,100.0,100.0,100.0,100.0,100.0,100.0,100.0,100.0,100.0,100.0
3531605,0.0,60.75,39.25,100.0,0.0,0.0,0.0,0.0,0.0,0.0,0.0,0.0,0.93,0.0,0.0,2.8,4.67,3.74,5.61,11.21,14.02,13.08,8.41,12.15,7.48,9.35,3.74,2.8,0.0,0.0,0.0,0.0,0.0,24.3,14.95,11.21,10.28,15.89,13.08,10.28,0.0,0.0,65.0,42.0,107.0,0.0,0.0,0.0,0.0,0.0,0.0,0.0,0.0,1.0,0.0,0.0,3.0,5.0,4.0,6.0,12.0,15.0,14.0,9.0,13.0,8.0,10.0,4.0,3.0,0.0,0.0,0.0,0.0,0.0,26.0,16.0,12.0,11.0,17.0,14.0,11.0,0.0,98.63,98.63,,0.0,1.03,0.34,0.0,69.07,3.09,0.0,27.84,0.0,0.0,100.0,18.56,16.84,14.78,20.27,16.15,13.4,1.72,1.72,1.72,1.37,0.69,2.06,2.06,1.72,1.37,1.72,1.37,1.03,287.0,287.0,,0.0,3.0,1.0,0.0,201.0,9.0,0.0,81.0,0.0,0.0,291.0,54.0,49.0,43.0,59.0,47.0,39.0,5.0,5.0,5.0,4.0,2.0,6.0,6.0,5.0,4.0,5.0,4.0,3.0,98.63,98.15,97.96,100.0,100.0,97.87,97.44,98.94,100.0,100.0,100.0,100.0,100.0,100.0,100.0,100.0,100.0,100.0,75.0,100.0
3531704,0.0,55.45,44.55,100.0,0.99,0.0,1.98,0.99,0.0,0.0,0.0,1.98,0.0,2.97,0.99,2.97,2.97,2.97,8.91,11.88,4.95,6.93,14.85,12.87,10.89,7.92,3.96,0.0,0.99,0.0,0.0,0.0,0.0,23.76,17.82,6.93,12.87,13.86,14.85,9.9,0.0,0.0,56.0,45.0,101.0,1.0,0.0,2.0,1.0,0.0,0.0,0.0,2.0,0.0,3.0,1.0,3.0,3.0,3.0,9.0,12.0,5.0,7.0,15.0,13.0,11.0,8.0,4.0,0.0,1.0,0.0,0.0,0.0,0.0,24.0,18.0,7.0,13.0,14.0,15.0,10.0,0.0,100.0,100.0,,0.0,0.0,0.0,0.0,64.81,2.59,0.0,32.59,0.0,0.0,100.0,16.67,19.26,11.85,17.78,19.26,15.19,2.59,0.74,2.59,1.85,3.33,1.11,0.37,1.85,0.37,0.37,0.37,1.11,270.0,270.0,,0.0,0.0,0.0,0.0,175.0,7.0,0.0,88.0,0.0,0.0,270.0,45.0,52.0,32.0,48.0,52.0,41.0,7.0,2.0,7.0,5.0,9.0,3.0,1.0,5.0,1.0,1.0,1.0,3.0,100.0,100.0,100.0,100.0,100.0,100.0,100.0,100.0,100.0,100.0,100.0,100.0,100.0,100.0,100.0,100.0,100.0,100.0,100.0,100.0
3531803,0.0,60.04,39.96,100.0,2.04,0.2,2.75,0.71,0.1,0.0,0.82,1.33,1.43,2.04,3.67,4.59,4.18,6.52,6.73,11.42,10.4,11.01,9.58,9.38,7.34,4.79,1.43,0.31,0.82,0.82,0.31,0.1,0.0,18.65,22.32,9.28,15.19,13.76,10.5,10.3,0.0,0.0,589.0,392.0,981.0,20.0,2.0,27.0,7.0,1.0,0.0,8.0,13.0,14.0,20.0,36.0,45.0,41.0,64.0,66.0,112.0,102.0,108.0,94.0,92.0,72.0,47.0,14.0,3.0,8.0,8.0,3.0,1.0,0.0,183.0,219.0,91.0,149.0,135.0,103.0,101.0,0.0,99.53,99.53,,0.0,0.29,0.17,0.0,53.43,4.47,0.21,41.87,0.02,0.0,100.0,15.63,15.48,16.68,17.17,17.56,17.48,0.97,1.05,1.55,1.28,1.15,1.17,1.42,1.73,1.44,1.46,1.36,1.07,5125.0,5125.0,,0.0,15.0,9.0,0.0,2751.0,230.0,11.0,2156.0,1.0,0.0,5149.0,805.0,797.0,859.0,884.0,904.0,900.0,50.0,54.0,80.0,66.0,59.0,60.0,73.0,89.0,74.0,75.0,70.0,55.0,99.53,99.25,99.62,99.3,99.66,99.67,99.67,99.58,96.0,100.0,98.75,98.48,98.31,100.0,100.0,98.88,100.0,100.0,100.0,100.0
3531902,0.0,55.97,44.03,100.0,0.93,0.0,1.4,0.47,0.31,0.47,0.78,1.24,0.78,1.71,1.4,4.03,2.64,8.37,8.68,11.63,11.47,13.8,9.92,7.13,7.13,5.12,1.71,0.31,0.78,0.16,0.0,0.0,0.0,18.6,26.67,12.4,13.33,12.09,9.61,7.29,0.0,0.0,361.0,284.0,645.0,6.0,0.0,9.0,3.0,2.0,3.0,5.0,8.0,5.0,11.0,9.0,26.0,17.0,54.0,56.0,75.0,74.0,89.0,64.0,46.0,46.0,33.0,11.0,2.0,5.0,1.0,0.0,0.0,0.0,120.0,172.0,80.0,86.0,78.0,62.0,47.0,0.0,99.71,99.66,,0.05,0.19,0.05,0.05,51.01,3.74,0.14,45.06,0.05,0.0,100.0,15.07,13.77,16.51,18.71,18.14,17.8,1.1,1.44,1.2,1.54,1.39,1.34,1.15,1.2,1.15,1.25,1.44,0.86,2078.0,2077.0,,1.0,4.0,1.0,1.0,1063.0,78.0,3.0,939.0,1.0,0.0,2084.0,314.0,287.0,344.0,390.0,378.0,371.0,23.0,30.0,25.0,32.0,29.0,28.0,24.0,25.0,24.0,26.0,30.0,18.0,99.66,99.68,99.3,99.42,100.0,100.0,99.46,99.73,100.0,100.0,100.0,100.0,100.0,100.0,100.0,100.0,100.0,96.15,100.0,100.0
3532009,0.0,57.86,42.14,100.0,0.0,0.0,0.0,0.0,0.63,0.0,0.0,2.83,0.63,1.26,1.89,3.77,4.4,4.09,3.77,11.01,9.12,16.98,11.64,11.64,7.86,5.03,3.14,0.31,0.0,0.0,0.0,0.0,0.0,22.33,23.9,8.81,13.84,12.58,10.69,7.86,0.0,0.0,184.0,134.0,318.0,0.0,0.0,0.0,0.0,2.0,0.0,0.0,9.0,2.0,4.0,6.0,12.0,14.0,13.0,12.0,35.0,29.0,54.0,37.0,37.0,25.0,16.0,10.0,1.0,0.0,0.0,0.0,0.0,0.0,71.0,76.0,28.0,44.0,40.0,34.0,25.0,0.0,100.0,100.0,,0.0,0.0,0.0,0.0,64.27,2.46,0.49,32.78,0.0,0.0,100.0,13.88,15.16,17.62,19.0,18.8,15.55,1.18,0.98,1.28,1.18,0.79,1.28,1.87,1.08,0.79,0.98,0.89,1.57,1016.0,1016.0,,0.0,0.0,0.0,0.0,653.0,25.0,5.0,333.0,0.0,0.0,1016.0,141.0,154.0,179.0,193.0,191.0,158.0,12.0,10.0,13.0,12.0,8.0,13.0,19.0,11.0,8.0,10.0,9.0,16.0,100.0,100.0,100.0,100.0,100.0,100.0,100.0,100.0,100.0,100.0,100.0,100.0,100.0,100.0,100.0,100.0,100.0,100.0,100.0,100.0
3532058,0.0,48.78,51.22,100.0,1.22,0.0,3.66,2.44,0.0,0.0,0.0,0.0,0.0,1.22,2.44,1.22,3.66,6.1,7.32,8.54,8.54,17.07,13.41,10.98,7.32,7.32,1.22,0.0,0.0,0.0,0.0,1.22,0.0,23.17,18.29,12.2,13.41,10.98,8.54,13.41,0.0,0.0,40.0,42.0,82.0,1.0,0.0,3.0,2.0,0.0,0.0,0.0,0.0,0.0,1.0,2.0,1.0,3.0,5.0,6.0,7.0,7.0,14.0,11.0,9.0,6.0,6.0,1.0,0.0,0.0,0.0,0.0,1.0,0.0,19.0,15.0,10.0,11.0,9.0,7.0,11.0,0.0,99.63,99.63,,0.0,0.37,0.0,0.0,58.43,5.62,0.0,35.96,0.0,0.0,100.0,12.36,11.61,19.1,17.98,19.1,19.85,0.0,0.75,1.87,0.75,0.75,0.37,1.5,1.12,1.87,0.0,1.12,2.25,266.0,266.0,,0.0,1.0,0.0,0.0,156.0,15.0,0.0,96.0,0.0,0.0,267.0,33.0,31.0,51.0,48.0,51.0,53.0,0.0,2.0,5.0,2.0,2.0,1.0,4.0,3.0,5.0,0.0,3.0,6.0,99.63,100.0,100.0,98.04,100.0,100.0,100.0,99.51,0.0,100.0,100.0,100.0,100.0,100.0,100.0,100.0,100.0,0.0,100.0,100.0
3532108,0.0,63.16,36.84,100.0,1.75,0.0,1.75,0.0,0.0,0.0,0.88,0.88,0.0,2.63,3.51,1.75,3.51,6.14,6.14,5.26,11.4,7.89,13.16,21.93,10.53,2.63,0.0,0.0,0.0,0.88,0.88,0.0,0.0,22.81,14.04,15.79,14.91,17.54,8.77,6.14,0.0,0.0,72.0,42.0,114.0,2.0,0.0,2.0,0.0,0.0,0.0,1.0,1.0,0.0,3.0,4.0,2.0,4.0,7.0,7.0,6.0,13.0,9.0,15.0,25.0,12.0,3.0,0.0,0.0,0.0,1.0,1.0,0.0,0.0,26.0,16.0,18.0,17.0,20.0,10.0,7.0,0.0,100.0,100.0,,0.0,0.0,0.0,0.0,67.34,1.51,1.01,30.15,0.0,0.0,100.0,16.58,10.55,16.08,16.08,26.13,14.57,1.51,1.51,0.5,1.01,1.51,0.0,1.51,1.01,1.51,3.52,2.01,1.01,199.0,199.0,,0.0,0.0,0.0,0.0,134.0,3.0,2.0,60.0,0.0,0.0,199.0,33.0,21.0,32.0,32.0,52.0,29.0,3.0,3.0,1.0,2.0,3.0,0.0,3.0,2.0,3.0,7.0,4.0,2.0,100.0,100.0,100.0,100.0,100.0,100.0,100.0,100.0,100.0,100.0,100.0,100.0,100.0,0.0,100.0,100.0,100.0,100.0,100.0,100.0
3532157,0.0,64.0,36.0,100.0,0.0,0.0,0.0,0.0,0.0,2.0,0.0,2.0,4.0,2.0,0.0,4.0,8.0,12.0,8.0,10.0,6.0,10.0,10.0,8.0,4.0,4.0,6.0,0.0,0.0,0.0,0.0,0.0,0.0,28.0,16.0,8.0,20.0,14.0,10.0,4.0,0.0,0.0,32.0,18.0,50.0,0.0,0.0,0.0,0.0,0.0,1.0,0.0,1.0,2.0,1.0,0.0,2.0,4.0,6.0,4.0,5.0,3.0,5.0,5.0,4.0,2.0,2.0,3.0,0.0,0.0,0.0,0.0,0.0,0.0,14.0,8.0,4.0,10.0,7.0,5.0,2.0,0.0,100.0,100.0,,0.0,0.0,0.0,0.0,56.42,2.29,0.0,41.28,0.0,0.0,100.0,16.97,15.6,15.14,14.22,15.6,22.48,1.38,0.92,1.83,1.83,1.38,3.67,0.92,0.92,1.83,1.38,0.0,0.92,218.0,218.0,,0.0,0.0,0.0,0.0,123.0,5.0,0.0,90.0,0.0,0.0,218.0,37.0,34.0,33.0,31.0,34.0,49.0,3.0,2.0,4.0,4.0,3.0,8.0,2.0,2.0,4.0,3.0,0.0,2.0,100.0,100.0,100.0,100.0,100.0,100.0,100.0,100.0,100.0,100.0,100.0,100.0,100.0,100.0,100.0,100.0,100.0,100.0,0.0,100.0
3532207,0.0,62.9,37.1,100.0,4.84,0.0,6.45,1.61,0.0,0.81,0.81,1.61,2.42,0.81,0.0,2.42,4.84,10.48,5.65,7.26,5.65,15.32,12.1,10.48,7.26,2.42,2.42,0.81,4.84,0.0,0.0,0.0,0.0,18.55,20.97,12.9,10.48,13.71,15.32,8.06,0.0,0.0,78.0,46.0,124.0,6.0,0.0,8.0,2.0,0.0,1.0,1.0,2.0,3.0,1.0,0.0,3.0,6.0,13.0,7.0,9.0,7.0,19.0,15.0,13.0,9.0,3.0,3.0,1.0,6.0,0.0,0.0,0.0,0.0,23.0,26.0,16.0,13.0,17.0,19.0,10.0,0.0,100.0,100.0,,0.0,0.0,0.0,0.0,55.81,2.75,0.0,41.44,0.0,0.0,100.0,17.34,18.18,15.22,17.34,16.07,15.86,1.69,1.27,2.11,1.48,0.21,1.48,0.21,1.27,1.27,1.9,1.69,2.75,473.0,473.0,,0.0,0.0,0.0,0.0,264.0,13.0,0.0,196.0,0.0,0.0,473.0,82.0,86.0,72.0,82.0,76.0,75.0,8.0,6.0,10.0,7.0,1.0,7.0,1.0,6.0,6.0,9.0,8.0,13.0,100.0,100.0,100.0,100.0,100.0,100.0,100.0,100.0,100.0,100.0,100.0,100.0,100.0,100.0,100.0,100.0,100.0,100.0,100.0,100.0
3532306,0.0,57.89,42.11,100.0,1.32,0.0,1.32,0.0,0.0,0.66,1.32,1.32,2.63,1.97,1.32,0.66,2.63,5.92,7.89,2.63,13.16,9.87,6.58,14.47,12.5,7.89,4.61,0.66,0.0,0.66,0.0,0.0,0.66,19.74,17.76,12.5,16.45,9.87,13.16,10.53,0.0,0.0,88.0,64.0,152.0,2.0,0.0,2.0,0.0,0.0,1.0,2.0,2.0,4.0,3.0,2.0,1.0,4.0,9.0,12.0,4.0,20.0,15.0,10.0,22.0,19.0,12.0,7.0,1.0,0.0,1.0,0.0,0.0,1.0,30.0,27.0,19.0,25.0,15.0,20.0,16.0,0.0,100.0,100.0,,0.0,0.0,0.0,0.0,71.82,3.34,0.0,24.84,0.0,0.0,100.0,17.75,12.94,14.2,17.75,18.37,19.0,1.46,1.04,1.88,0.21,1.46,3.55,1.88,0.63,1.25,1.46,1.88,1.04,479.0,479.0,,0.0,0.0,0.0,0.0,344.0,16.0,0.0,119.0,0.0,0.0,479.0,85.0,62.0,68.0,85.0,88.0,91.0,7.0,5.0,9.0,1.0,7.0,17.0,9.0,3.0,6.0,7.0,9.0,5.0,100.0,100.0,100.0,100.0,100.0,100.0,100.0,100.0,100.0,100.0,100.0,100.0,100.0,100.0,100.0,100.0,100.0,100.0,100.0,100.0
3532405,0.0,57.85,42.15,100.0,0.79,0.0,1.05,0.26,0.52,0.0,0.79,2.88,2.09,1.57,1.05,3.66,5.24,4.71,6.02,8.12,7.07,13.09,10.47,13.09,10.73,4.19,2.88,0.79,0.52,0.0,0.0,0.26,0.0,23.56,23.04,9.16,8.9,18.59,9.69,7.07,0.0,0.0,221.0,161.0,382.0,3.0,0.0,4.0,1.0,2.0,0.0,3.0,11.0,8.0,6.0,4.0,14.0,20.0,18.0,23.0,31.0,27.0,50.0,40.0,50.0,41.0,16.0,11.0,3.0,2.0,0.0,0.0,1.0,0.0,90.0,88.0,35.0,34.0,71.0,37.0,27.0,0.0,99.77,99.77,,0.0,0.08,0.16,0.0,66.67,1.94,0.23,31.16,0.0,0.0,100.0,16.67,14.34,15.58,16.43,21.24,15.74,0.78,1.24,1.01,1.16,1.09,1.47,1.4,1.86,1.09,2.17,1.78,1.63,1287.0,1287.0,,0.0,1.0,2.0,0.0,860.0,25.0,3.0,402.0,0.0,0.0,1290.0,215.0,185.0,201.0,212.0,274.0,203.0,10.0,16.0,13.0,15.0,14.0,19.0,18.0,24.0,14.0,28.0,23.0,21.0,99.77,99.53,100.0,99.5,100.0,100.0,99.51,99.78,100.0,100.0,100.0,100.0,100.0,100.0,94.44,100.0,100.0,100.0,100.0,100.0
3532504,0.0,53.21,46.79,100.0,1.92,0.0,2.56,0.64,0.0,0.32,0.0,0.0,0.64,0.96,1.28,2.24,1.6,2.56,7.37,8.33,10.26,14.42,12.18,13.46,10.58,8.65,2.56,0.0,1.6,0.0,0.0,0.32,0.0,21.47,20.19,10.9,12.82,11.22,10.26,13.14,0.0,0.0,166.0,146.0,312.0,6.0,0.0,8.0,2.0,0.0,1.0,0.0,0.0,2.0,3.0,4.0,7.0,5.0,8.0,23.0,26.0,32.0,45.0,38.0,42.0,33.0,27.0,8.0,0.0,5.0,0.0,0.0,1.0,0.0,67.0,63.0,34.0,40.0,35.0,32.0,41.0,0.0,99.67,99.67,,0.0,0.16,0.16,0.0,71.8,3.11,0.0,25.08,0.0,0.0,100.0,16.23,15.9,12.95,20.0,21.15,13.77,0.82,0.82,1.8,1.48,2.62,1.31,1.8,1.15,0.66,1.8,0.98,0.98,608.0,608.0,,0.0,1.0,1.0,0.0,438.0,19.0,0.0,153.0,0.0,0.0,610.0,99.0,97.0,79.0,122.0,129.0,84.0,5.0,5.0,11.0,9.0,16.0,8.0,11.0,7.0,4.0,11.0,6.0,6.0,99.67,100.0,100.0,100.0,100.0,98.45,100.0,99.52,100.0,100.0,100.0,100.0,100.0,100.0,100.0,100.0,100.0,100.0,100.0,100.0
3532603,0.0,61.57,38.43,100.0,0.39,0.78,1.18,0.78,0.39,0.39,0.78,1.18,0.78,2.35,1.96,1.18,4.31,3.14,7.45,5.88,10.98,11.37,9.02,16.86,9.8,6.27,3.53,0.39,0.0,0.39,0.0,0.0,0.0,23.14,20.78,10.98,12.94,11.37,12.94,7.84,0.0,0.0,157.0,98.0,255.0,1.0,2.0,3.0,2.0,1.0,1.0,2.0,3.0,2.0,6.0,5.0,3.0,11.0,8.0,19.0,15.0,28.0,29.0,23.0,43.0,25.0,16.0,9.0,1.0,0.0,1.0,0.0,0.0,0.0,59.0,53.0,28.0,33.0,29.0,33.0,20.0,0.0,99.23,99.23,,0.0,0.58,0.19,0.0,68.02,4.62,0.0,27.36,0.0,0.0,100.0,11.75,16.18,16.96,16.57,19.08,19.46,0.58,0.96,0.58,0.58,2.12,1.93,1.16,0.96,0.96,0.77,1.16,0.0,515.0,515.0,,0.0,3.0,1.0,0.0,353.0,24.0,0.0,142.0,0.0,0.0,519.0,61.0,84.0,88.0,86.0,99.0,101.0,3.0,5.0,3.0,3.0,11.0,10.0,6.0,5.0,5.0,4.0,6.0,0.0,99.23,98.36,98.81,98.86,98.84,100.0,100.0,99.47,100.0,100.0,100.0,100.0,100.0,100.0,100.0,80.0,100.0,100.0,100.0,0.0
3532702,0.0,54.81,45.19,100.0,2.88,0.0,2.88,0.0,0.96,0.0,0.96,0.96,2.88,0.0,1.92,6.73,7.69,9.62,4.81,4.81,7.69,11.54,8.65,8.65,10.58,2.88,4.81,0.96,1.92,0.0,0.0,0.96,0.0,31.73,23.08,7.69,8.65,11.54,11.54,5.77,0.0,0.0,57.0,47.0,104.0,3.0,0.0,3.0,0.0,1.0,0.0,1.0,1.0,3.0,0.0,2.0,7.0,8.0,10.0,5.0,5.0,8.0,12.0,9.0,9.0,11.0,3.0,5.0,1.0,2.0,0.0,0.0,1.0,0.0,33.0,24.0,8.0,9.0,12.0,12.0,6.0,0.0,99.74,99.74,,0.0,0.26,0.0,0.0,59.07,3.89,0.0,37.05,0.0,0.0,100.0,14.25,16.84,15.28,16.58,18.13,18.91,1.04,1.04,1.81,2.07,0.78,1.04,2.59,1.3,0.26,1.04,0.78,0.52,385.0,385.0,,0.0,1.0,0.0,0.0,228.0,15.0,0.0,143.0,0.0,0.0,386.0,55.0,65.0,59.0,64.0,70.0,73.0,4.0,4.0,7.0,8.0,3.0,4.0,10.0,5.0,1.0,4.0,3.0,2.0,99.74,98.18,100.0,100.0,100.0,100.0,100.0,100.0,100.0,100.0,100.0,100.0,66.67,100.0,100.0,100.0,100.0,100.0,100.0,100.0
3532801,0.0,61.58,38.42,100.0,1.69,0.56,1.69,0.0,0.56,0.0,0.56,0.56,0.56,1.13,1.69,1.69,3.95,3.95,5.08,9.04,12.43,12.43,10.73,15.25,7.34,7.34,2.82,0.56,1.13,0.56,0.0,0.0,0.0,24.29,19.21,11.86,10.73,14.12,11.3,8.47,0.0,0.0,109.0,68.0,177.0,3.0,1.0,3.0,0.0,1.0,0.0,1.0,1.0,1.0,2.0,3.0,3.0,7.0,7.0,9.0,16.0,22.0,22.0,19.0,27.0,13.0,13.0,5.0,1.0,2.0,1.0,0.0,0.0,0.0,43.0,34.0,21.0,19.0,25.0,20.0,15.0,0.0,100.0,100.0,,0.0,0.0,0.0,0.0,71.73,4.71,0.0,23.13,0.43,0.0,100.0,17.77,13.7,16.49,16.49,20.99,14.56,1.5,1.28,0.64,1.5,0.86,1.07,0.86,1.93,1.71,1.71,2.57,2.14,467.0,467.0,,0.0,0.0,0.0,0.0,335.0,22.0,0.0,108.0,2.0,0.0,467.0,83.0,64.0,77.0,77.0,98.0,68.0,7.0,6.0,3.0,7.0,4.0,5.0,4.0,9.0,8.0,8.0,12.0,10.0,100.0,100.0,100.0,100.0,100.0,100.0,100.0,100.0,100.0,100.0,100.0,100.0,100.0,100.0,100.0,100.0,100.0,100.0,100.0,100.0
3532827,0.0,59.02,40.98,100.0,0.0,0.0,1.09,1.09,0.0,0.0,2.19,2.19,2.19,2.73,2.19,4.92,7.1,8.74,15.3,7.65,11.48,7.65,7.65,8.74,4.37,2.73,0.55,0.55,0.0,0.0,0.0,0.0,0.0,20.22,23.5,12.02,13.11,10.93,10.38,9.84,0.0,0.0,108.0,75.0,183.0,0.0,0.0,2.0,2.0,0.0,0.0,4.0,4.0,4.0,5.0,4.0,9.0,13.0,16.0,28.0,14.0,21.0,14.0,14.0,16.0,8.0,5.0,1.0,1.0,0.0,0.0,0.0,0.0,0.0,37.0,43.0,22.0,24.0,20.0,19.0,18.0,0.0,99.73,99.73,,0.0,0.27,0.0,0.0,74.7,0.94,0.0,24.36,0.0,0.0,100.0,15.07,14.94,16.29,18.03,17.09,18.57,1.35,1.48,1.75,1.08,1.35,0.81,1.08,1.08,1.48,1.35,1.48,0.81,741.0,741.0,,0.0,2.0,0.0,0.0,555.0,7.0,0.0,181.0,0.0,0.0,743.0,112.0,111.0,121.0,134.0,127.0,138.0,10.0,11.0,13.0,8.0,10.0,6.0,8.0,8.0,11.0,10.0,11.0,6.0,99.73,100.0,100.0,100.0,99.25,99.21,100.0,99.62,100.0,100.0,100.0,100.0,100.0,100.0,100.0,100.0,100.0,100.0,100.0,100.0
3532843,0.0,61.54,38.46,100.0,3.08,1.54,3.08,0.0,0.0,0.0,0.0,1.54,0.0,1.54,6.15,1.54,1.54,6.15,9.23,6.15,9.23,7.69,7.69,20.0,6.15,9.23,1.54,0.0,0.0,0.0,0.0,3.08,0.0,18.46,20.0,20.0,13.85,13.85,4.62,9.23,0.0,0.0,40.0,25.0,65.0,2.0,1.0,2.0,0.0,0.0,0.0,0.0,1.0,0.0,1.0,4.0,1.0,1.0,4.0,6.0,4.0,6.0,5.0,5.0,13.0,4.0,6.0,1.0,0.0,0.0,0.0,0.0,2.0,0.0,12.0,13.0,13.0,9.0,9.0,3.0,6.0,0.0,100.0,100.0,,0.0,0.0,0.0,0.0,73.33,3.33,0.0,23.33,0.0,0.0,100.0,21.11,12.22,15.56,23.33,16.67,11.11,1.11,3.33,0.0,1.11,1.11,3.33,2.22,1.11,3.33,1.11,3.33,0.0,90.0,90.0,,0.0,0.0,0.0,0.0,66.0,3.0,0.0,21.0,0.0,0.0,90.0,19.0,11.0,14.0,21.0,15.0,10.0,1.0,3.0,0.0,1.0,1.0,3.0,2.0,1.0,3.0,1.0,3.0,0.0,100.0,100.0,100.0,100.0,100.0,100.0,100.0,100.0,100.0,100.0,0.0,100.0,100.0,100.0,100.0,100.0,100.0,100.0,100.0,0.0
3532868,0.0,38.46,61.54,100.0,0.0,0.0,0.0,0.0,0.0,0.0,0.0,0.0,3.85,3.85,3.85,7.69,3.85,7.69,0.0,0.0,7.69,15.38,11.54,7.69,19.23,7.69,0.0,0.0,0.0,0.0,0.0,0.0,0.0,19.23,19.23,15.38,15.38,19.23,11.54,0.0,0.0,0.0,10.0,16.0,26.0,0.0,0.0,0.0,0.0,0.0,0.0,0.0,0.0,1.0,1.0,1.0,2.0,1.0,2.0,0.0,0.0,2.0,4.0,3.0,2.0,5.0,2.0,0.0,0.0,0.0,0.0,0.0,0.0,0.0,5.0,5.0,4.0,4.0,5.0,3.0,0.0,0.0,100.0,100.0,,0.0,0.0,0.0,0.0,68.06,1.39,0.0,30.56,0.0,0.0,100.0,22.22,9.72,13.89,12.5,20.83,20.83,1.39,2.78,1.39,5.56,0.0,2.78,2.78,0.0,1.39,0.0,2.78,1.39,72.0,72.0,,0.0,0.0,0.0,0.0,49.0,1.0,0.0,22.0,0.0,0.0,72.0,16.0,7.0,10.0,9.0,15.0,15.0,1.0,2.0,1.0,4.0,0.0,2.0,2.0,0.0,1.0,0.0,2.0,1.0,100.0,100.0,100.0,100.0,100.0,100.0,100.0,100.0,100.0,100.0,100.0,100.0,0.0,100.0,100.0,0.0,100.0,0.0,100.0,100.0
3532900,0.0,58.33,41.67,100.0,1.11,0.0,1.11,0.0,0.0,0.0,0.56,1.11,2.78,1.11,2.78,2.78,4.44,4.44,6.67,11.67,11.11,8.33,12.22,13.89,7.78,5.0,2.22,0.0,0.0,0.56,0.0,0.0,0.56,15.0,24.44,12.22,10.0,15.56,11.67,11.11,0.0,0.0,105.0,75.0,180.0,2.0,0.0,2.0,0.0,0.0,0.0,1.0,2.0,5.0,2.0,5.0,5.0,8.0,8.0,12.0,21.0,20.0,15.0,22.0,25.0,14.0,9.0,4.0,0.0,0.0,1.0,0.0,0.0,1.0,27.0,44.0,22.0,18.0,28.0,21.0,20.0,0.0,100.0,100.0,,0.0,0.0,0.0,0.0,55.83,2.81,0.0,41.36,0.0,0.0,100.0,13.74,15.51,16.99,18.46,17.87,17.43,0.59,1.33,1.03,1.03,0.89,1.62,1.18,1.03,1.03,1.03,1.33,1.62,677.0,677.0,,0.0,0.0,0.0,0.0,378.0,19.0,0.0,280.0,0.0,0.0,677.0,93.0,105.0,115.0,125.0,121.0,118.0,4.0,9.0,7.0,7.0,6.0,11.0,8.0,7.0,7.0,7.0,9.0,11.0,100.0,100.0,100.0,100.0,100.0,100.0,100.0,100.0,100.0,100.0,100.0,100.0,100.0,100.0,100.0,100.0,100.0,100.0,100.0,100.0
3533007,0.0,56.16,43.84,100.0,0.65,0.0,1.3,0.65,0.0,0.43,0.43,0.86,1.94,1.3,1.94,2.81,4.32,4.32,6.26,7.99,11.66,9.07,11.45,15.55,9.07,4.32,4.32,0.65,0.22,0.22,0.22,0.0,0.0,20.3,19.87,14.69,13.61,11.66,10.58,9.29,0.0,0.0,260.0,203.0,463.0,3.0,0.0,6.0,3.0,0.0,2.0,2.0,4.0,9.0,6.0,9.0,13.0,20.0,20.0,29.0,37.0,54.0,42.0,53.0,72.0,42.0,20.0,20.0,3.0,1.0,1.0,1.0,0.0,0.0,94.0,92.0,68.0,63.0,54.0,49.0,43.0,0.0,99.43,99.43,,0.0,0.35,0.21,0.0,64.0,4.04,0.0,31.96,0.0,0.0,100.0,15.73,15.24,16.44,17.72,16.02,18.85,0.99,1.35,1.49,1.98,1.77,0.78,1.13,1.06,0.99,1.28,1.35,1.56,1403.0,1403.0,,0.0,5.0,3.0,0.0,903.0,57.0,0.0,451.0,0.0,0.0,1411.0,222.0,215.0,232.0,250.0,226.0,266.0,14.0,19.0,21.0,28.0,25.0,11.0,16.0,15.0,14.0,18.0,19.0,22.0,99.43,97.75,99.07,100.0,99.6,100.0,100.0,99.9,100.0,94.74,90.48,100.0,100.0,100.0,100.0,100.0,100.0,88.89,100.0,100.0
3533106,0.0,68.85,31.15,100.0,0.0,0.0,1.64,1.64,0.0,0.0,0.0,0.0,0.0,0.0,1.64,4.92,1.64,4.92,6.56,9.84,11.48,13.11,8.2,16.39,4.92,9.84,3.28,1.64,0.0,0.0,0.0,0.0,0.0,16.39,14.75,14.75,18.03,13.11,14.75,8.2,0.0,0.0,42.0,19.0,61.0,0.0,0.0,1.0,1.0,0.0,0.0,0.0,0.0,0.0,0.0,1.0,3.0,1.0,3.0,4.0,6.0,7.0,8.0,5.0,10.0,3.0,6.0,2.0,1.0,0.0,0.0,0.0,0.0,0.0,10.0,9.0,9.0,11.0,8.0,9.0,5.0,0.0,100.0,100.0,,0.0,0.0,0.0,0.0,77.63,3.29,0.0,19.08,0.0,0.0,100.0,13.16,14.47,17.11,21.05,19.74,14.47,1.97,1.32,0.66,0.0,1.97,2.63,1.32,1.32,0.0,0.0,1.32,0.66,152.0,152.0,,0.0,0.0,0.0,0.0,118.0,5.0,0.0,29.0,0.0,0.0,152.0,20.0,22.0,26.0,32.0,30.0,22.0,3.0,2.0,1.0,0.0,3.0,4.0,2.0,2.0,0.0,0.0,2.0,1.0,100.0,100.0,100.0,100.0,100.0,100.0,100.0,100.0,100.0,100.0,100.0,0.0,100.0,100.0,100.0,100.0,0.0,0.0,100.0,100.0
3533205,0.0,50.48,49.52,100.0,0.95,0.0,0.95,0.0,0.0,0.0,0.95,3.81,2.86,1.9,0.95,3.81,6.67,7.62,5.71,6.67,9.52,8.57,9.52,14.29,8.57,4.76,1.9,0.95,0.0,0.95,0.0,0.0,0.0,18.1,20.95,17.14,11.43,14.29,14.29,3.81,0.0,0.0,53.0,52.0,105.0,1.0,0.0,1.0,0.0,0.0,0.0,1.0,4.0,3.0,2.0,1.0,4.0,7.0,8.0,6.0,7.0,10.0,9.0,10.0,15.0,9.0,5.0,2.0,1.0,0.0,1.0,0.0,0.0,0.0,19.0,22.0,18.0,12.0,15.0,15.0,4.0,0.0,99.69,99.69,,0.0,0.31,0.0,0.0,63.95,1.25,0.0,34.8,0.0,0.0,100.0,14.73,13.79,15.05,21.32,17.55,17.55,2.19,1.57,1.88,1.25,1.25,0.31,0.63,0.63,1.88,1.57,0.94,0.63,318.0,318.0,,0.0,1.0,0.0,0.0,204.0,4.0,0.0,111.0,0.0,0.0,319.0,47.0,44.0,48.0,68.0,56.0,56.0,7.0,5.0,6.0,4.0,4.0,1.0,2.0,2.0,6.0,5.0,3.0,2.0,99.69,97.87,100.0,100.0,100.0,100.0,100.0,100.0,85.71,100.0,100.0,100.0,100.0,100.0,100.0,100.0,100.0,100.0,100.0,100.0
3533254,0.0,56.45,43.55,100.0,0.0,0.0,0.0,0.0,0.0,0.0,3.23,3.23,1.61,1.61,0.0,4.84,6.45,6.45,6.45,4.84,8.06,6.45,8.06,14.52,16.13,6.45,1.61,0.0,0.0,0.0,0.0,0.0,0.0,24.19,20.97,3.23,11.29,12.9,14.52,12.9,0.0,0.0,35.0,27.0,62.0,0.0,0.0,0.0,0.0,0.0,0.0,2.0,2.0,1.0,1.0,0.0,3.0,4.0,4.0,4.0,3.0,5.0,4.0,5.0,9.0,10.0,4.0,1.0,0.0,0.0,0.0,0.0,0.0,0.0,15.0,13.0,2.0,7.0,8.0,9.0,8.0,0.0,99.72,99.72,,0.0,0.28,0.0,0.0,51.52,4.71,0.28,43.49,0.0,0.0,100.0,13.3,15.51,18.56,14.13,18.56,19.94,0.83,0.83,0.28,2.22,2.49,0.55,1.66,1.11,0.83,1.11,0.28,1.11,360.0,360.0,,0.0,1.0,0.0,0.0,186.0,17.0,1.0,157.0,0.0,0.0,361.0,48.0,56.0,67.0,51.0,67.0,72.0,3.0,3.0,1.0,8.0,9.0,2.0,6.0,4.0,3.0,4.0,1.0,4.0,99.72,100.0,100.0,98.51,100.0,100.0,100.0,99.61,100.0,100.0,100.0,100.0,100.0,100.0,100.0,100.0,100.0,100.0,100.0,100.0
3533304,0.0,53.23,46.77,100.0,1.61,0.0,1.61,0.0,0.0,0.0,0.0,4.84,3.23,1.61,0.0,3.23,0.0,8.06,4.84,11.29,9.68,14.52,11.29,9.68,8.06,4.84,1.61,1.61,1.61,0.0,0.0,0.0,0.0,17.74,22.58,9.68,9.68,14.52,4.84,20.97,0.0,0.0,33.0,29.0,62.0,1.0,0.0,1.0,0.0,0.0,0.0,0.0,3.0,2.0,1.0,0.0,2.0,0.0,5.0,3.0,7.0,6.0,9.0,7.0,6.0,5.0,3.0,1.0,1.0,1.0,0.0,0.0,0.0,0.0,11.0,14.0,6.0,6.0,9.0,3.0,13.0,0.0,100.0,100.0,,0.0,0.0,0.0,0.0,61.24,1.69,0.0,37.08,0.0,0.0,100.0,19.1,14.04,14.04,21.35,17.98,13.48,2.25,0.56,2.81,2.25,0.0,2.25,1.69,2.81,2.25,0.56,1.69,0.0,178.0,178.0,,0.0,0.0,0.0,0.0,109.0,3.0,0.0,66.0,0.0,0.0,178.0,34.0,25.0,25.0,38.0,32.0,24.0,4.0,1.0,5.0,4.0,0.0,4.0,3.0,5.0,4.0,1.0,3.0,0.0,100.0,100.0,100.0,100.0,100.0,100.0,100.0,100.0,100.0,100.0,100.0,100.0,0.0,100.0,100.0,100.0,100.0,100.0,100.0,0.0
3533403,0.0,57.83,42.17,100.0,1.36,0.09,1.45,0.09,0.45,0.0,0.36,1.18,1.0,1.36,3.35,2.35,2.81,5.97,6.88,10.95,12.49,10.32,10.32,10.86,9.95,5.61,1.81,0.45,0.27,0.36,0.36,0.09,0.27,18.64,22.62,10.86,14.03,14.57,10.77,8.51,0.0,0.0,639.0,466.0,1105.0,15.0,1.0,16.0,1.0,5.0,0.0,4.0,13.0,11.0,15.0,37.0,26.0,31.0,66.0,76.0,121.0,138.0,114.0,114.0,120.0,110.0,62.0,20.0,5.0,3.0,4.0,4.0,1.0,3.0,206.0,250.0,120.0,155.0,161.0,119.0,94.0,0.0,99.76,99.76,,0.0,0.14,0.1,0.0,69.12,3.7,0.24,26.84,0.1,0.0,100.0,14.13,15.18,17.2,17.97,17.23,18.3,1.05,1.22,1.31,1.0,1.24,1.05,1.29,1.05,1.29,1.36,0.98,1.29,4181.0,4181.0,,0.0,6.0,4.0,0.0,2897.0,155.0,10.0,1125.0,4.0,0.0,4191.0,592.0,636.0,721.0,753.0,722.0,767.0,44.0,51.0,55.0,42.0,52.0,44.0,54.0,44.0,54.0,57.0,41.0,54.0,99.76,99.66,99.84,99.72,99.87,99.45,100.0,99.76,100.0,100.0,100.0,100.0,100.0,100.0,100.0,95.45,100.0,100.0,100.0,100.0
3533502,0.0,56.55,43.45,100.0,1.26,0.58,1.65,0.39,0.19,0.1,0.19,1.26,1.26,2.23,2.72,3.39,5.33,6.01,4.85,9.7,9.89,10.38,10.77,9.89,10.48,5.33,3.01,0.78,0.68,0.39,0.1,0.1,0.0,20.56,23.08,11.06,12.03,14.16,10.57,8.54,0.0,0.0,583.0,448.0,1031.0,13.0,6.0,17.0,4.0,2.0,1.0,2.0,13.0,13.0,23.0,28.0,35.0,55.0,62.0,50.0,100.0,102.0,107.0,111.0,102.0,108.0,55.0,31.0,8.0,7.0,4.0,1.0,1.0,0.0,212.0,238.0,114.0,124.0,146.0,109.0,88.0,0.0,99.8,99.8,,0.0,0.16,0.04,0.0,74.15,2.37,0.12,23.32,0.04,0.0,100.0,13.4,15.14,16.64,18.22,19.17,17.43,1.19,1.11,1.3,1.26,1.15,0.71,1.19,1.26,1.23,0.91,0.95,1.15,2525.0,2525.0,,0.0,4.0,1.0,0.0,1876.0,60.0,3.0,590.0,1.0,0.0,2530.0,339.0,383.0,421.0,461.0,485.0,441.0,30.0,28.0,33.0,32.0,29.0,18.0,30.0,32.0,31.0,23.0,24.0,29.0,99.8,99.41,99.48,99.76,100.0,100.0,100.0,99.94,96.67,100.0,100.0,100.0,96.55,100.0,100.0,100.0,100.0,100.0,100.0,100.0
3533601,0.0,48.68,51.32,100.0,2.65,0.0,2.65,0.0,0.0,0.0,0.0,0.53,1.06,1.59,0.0,3.17,4.76,1.59,7.41,13.76,10.05,13.23,10.58,15.34,6.35,4.76,2.65,0.53,1.59,0.0,0.0,1.06,0.0,20.63,19.05,12.17,14.29,12.7,12.17,8.99,0.0,0.0,92.0,97.0,189.0,5.0,0.0,5.0,0.0,0.0,0.0,0.0,1.0,2.0,3.0,0.0,6.0,9.0,3.0,14.0,26.0,19.0,25.0,20.0,29.0,12.0,9.0,5.0,1.0,3.0,0.0,0.0,2.0,0.0,39.0,36.0,23.0,27.0,24.0,23.0,17.0,0.0,99.81,99.81,,0.0,0.0,0.19,0.0,72.68,3.04,0.0,24.29,0.0,0.0,100.0,15.75,17.65,17.08,17.46,16.32,15.75,0.76,0.57,2.28,1.33,0.95,1.52,1.14,2.09,1.14,1.14,1.33,1.52,526.0,526.0,,0.0,0.0,1.0,0.0,383.0,16.0,0.0,128.0,0.0,0.0,527.0,83.0,93.0,90.0,92.0,86.0,83.0,4.0,3.0,12.0,7.0,5.0,8.0,6.0,11.0,6.0,6.0,7.0,8.0,99.81,100.0,100.0,100.0,100.0,98.84,100.0,99.72,100.0,100.0,100.0,100.0,100.0,100.0,100.0,100.0,100.0,100.0,100.0,100.0
3533700,0.0,62.65,37.35,100.0,0.0,0.0,0.0,0.0,0.0,1.2,0.0,0.0,1.2,1.2,1.2,2.41,2.41,1.2,7.23,7.23,14.46,18.07,12.05,12.05,9.64,6.02,1.2,1.2,0.0,0.0,0.0,0.0,0.0,21.69,16.87,10.84,13.25,15.66,9.64,12.05,0.0,0.0,52.0,31.0,83.0,0.0,0.0,0.0,0.0,0.0,1.0,0.0,0.0,1.0,1.0,1.0,2.0,2.0,1.0,6.0,6.0,12.0,15.0,10.0,10.0,8.0,5.0,1.0,1.0,0.0,0.0,0.0,0.0,0.0,18.0,14.0,9.0,11.0,13.0,8.0,10.0,0.0,99.72,99.72,,0.0,0.28,0.0,0.0,61.28,1.11,0.0,37.6,0.0,0.0,100.0,18.94,12.81,17.83,14.21,14.76,21.45,2.23,1.11,1.67,2.51,1.11,1.67,1.39,2.51,1.39,1.39,1.39,0.56,358.0,358.0,,0.0,1.0,0.0,0.0,220.0,4.0,0.0,135.0,0.0,0.0,359.0,68.0,46.0,64.0,51.0,53.0,77.0,8.0,4.0,6.0,9.0,4.0,6.0,5.0,9.0,5.0,5.0,5.0,2.0,99.72,100.0,100.0,98.44,100.0,100.0,100.0,99.59,100.0,100.0,100.0,100.0,100.0,100.0,100.0,100.0,100.0,100.0,100.0,100.0
3533809,0.0,62.32,37.68,100.0,0.0,0.0,1.45,1.45,0.0,0.0,1.45,0.0,0.0,1.45,1.45,7.25,0.0,4.35,4.35,10.14,4.35,17.39,10.14,17.39,10.14,7.25,0.0,1.45,0.0,0.0,0.0,0.0,0.0,17.39,23.19,13.04,7.25,21.74,5.8,11.59,0.0,0.0,43.0,26.0,69.0,0.0,0.0,1.0,1.0,0.0,0.0,1.0,0.0,0.0,1.0,1.0,5.0,0.0,3.0,3.0,7.0,3.0,12.0,7.0,12.0,7.0,5.0,0.0,1.0,0.0,0.0,0.0,0.0,0.0,12.0,16.0,9.0,5.0,15.0,4.0,8.0,0.0,100.0,100.0,,0.0,0.0,0.0,0.0,74.31,1.39,0.0,24.31,0.0,0.0,100.0,16.67,11.81,15.97,18.75,17.36,19.44,1.39,2.08,0.0,0.69,1.39,1.39,2.78,3.47,0.69,1.39,0.69,0.69,144.0,144.0,,0.0,0.0,0.0,0.0,107.0,2.0,0.0,35.0,0.0,0.0,144.0,24.0,17.0,23.0,27.0,25.0,28.0,2.0,3.0,0.0,1.0,2.0,2.0,4.0,5.0,1.0,2.0,1.0,1.0,100.0,100.0,100.0,100.0,100.0,100.0,100.0,100.0,100.0,100.0,0.0,100.0,100.0,100.0,100.0,100.0,100.0,100.0,100.0,100.0
3533908,0.0,58.06,41.94,100.0,1.52,0.0,1.6,0.08,0.0,0.17,0.59,0.59,1.6,1.27,2.11,2.95,2.87,4.05,6.75,9.7,8.78,12.66,11.73,12.66,10.38,6.92,2.28,0.34,0.68,0.34,0.0,0.51,0.0,19.66,21.18,13.5,13.0,12.24,11.31,9.11,0.0,0.0,688.0,497.0,1185.0,18.0,0.0,19.0,1.0,0.0,2.0,7.0,7.0,19.0,15.0,25.0,35.0,34.0,48.0,80.0,115.0,104.0,150.0,139.0,150.0,123.0,82.0,27.0,4.0,8.0,4.0,0.0,6.0,0.0,233.0,251.0,160.0,154.0,145.0,134.0,108.0,0.0,99.79,99.79,,0.0,0.13,0.05,0.03,65.96,3.08,0.16,30.81,0.0,0.0,100.0,14.44,14.89,17.13,18.42,18.02,17.1,1.21,1.08,1.79,1.24,1.05,1.26,1.39,1.16,1.05,1.08,1.1,1.03,3793.0,3793.0,,0.0,5.0,2.0,1.0,2507.0,117.0,6.0,1171.0,0.0,0.0,3801.0,549.0,566.0,651.0,700.0,685.0,650.0,46.0,41.0,68.0,47.0,40.0,48.0,53.0,44.0,40.0,41.0,42.0,39.0,99.79,99.82,99.82,99.85,99.86,99.56,99.85,99.78,100.0,100.0,98.53,100.0,100.0,100.0,100.0,100.0,100.0,100.0,100.0,100.0
3534005,0.0,60.67,39.33,100.0,1.12,0.0,2.25,1.12,0.0,1.12,0.0,3.37,1.12,3.37,3.37,2.25,4.49,6.74,7.87,8.99,8.99,11.24,8.99,8.99,8.99,5.62,2.25,0.0,1.12,0.0,0.0,0.0,0.0,20.22,21.35,8.99,12.36,4.49,20.22,12.36,0.0,0.0,54.0,35.0,89.0,1.0,0.0,2.0,1.0,0.0,1.0,0.0,3.0,1.0,3.0,3.0,2.0,4.0,6.0,7.0,8.0,8.0,10.0,8.0,8.0,8.0,5.0,2.0,0.0,1.0,0.0,0.0,0.0,0.0,18.0,19.0,8.0,11.0,4.0,18.0,11.0,0.0,100.0,100.0,,0.0,0.0,0.0,0.0,59.56,4.71,0.28,35.18,0.28,0.0,100.0,13.57,15.79,16.9,19.94,13.85,19.94,0.83,1.11,0.83,1.66,0.83,0.55,1.11,2.22,0.55,0.83,2.49,0.55,361.0,361.0,,0.0,0.0,0.0,0.0,215.0,17.0,1.0,127.0,1.0,0.0,361.0,49.0,57.0,61.0,72.0,50.0,72.0,3.0,4.0,3.0,6.0,3.0,2.0,4.0,8.0,2.0,3.0,9.0,2.0,100.0,100.0,100.0,100.0,100.0,100.0,100.0,100.0,100.0,100.0,100.0,100.0,100.0,100.0,100.0,100.0,100.0,100.0,100.0,100.0
3534104,0.0,54.01,45.99,100.0,1.07,0.0,1.6,0.53,0.53,0.0,0.53,1.07,0.53,0.53,2.14,3.74,2.67,5.35,7.49,5.35,8.02,13.37,13.37,11.23,8.56,8.56,4.28,1.07,0.0,0.53,0.0,0.53,0.0,23.53,18.18,14.44,8.56,14.97,11.76,8.56,0.0,0.0,101.0,86.0,187.0,2.0,0.0,3.0,1.0,1.0,0.0,1.0,2.0,1.0,1.0,4.0,7.0,5.0,10.0,14.0,10.0,15.0,25.0,25.0,21.0,16.0,16.0,8.0,2.0,0.0,1.0,0.0,1.0,0.0,44.0,34.0,27.0,16.0,28.0,22.0,16.0,0.0,100.0,100.0,,0.0,0.0,0.0,0.0,59.85,3.99,0.25,35.91,0.0,0.0,100.0,13.72,17.71,13.47,15.71,20.2,19.2,1.0,1.0,1.5,1.25,1.5,1.5,1.5,1.75,0.5,0.75,0.75,0.75,401.0,401.0,,0.0,0.0,0.0,0.0,240.0,16.0,1.0,144.0,0.0,0.0,401.0,55.0,71.0,54.0,63.0,81.0,77.0,4.0,4.0,6.0,5.0,6.0,6.0,6.0,7.0,2.0,3.0,3.0,3.0,100.0,100.0,100.0,100.0,100.0,100.0,100.0,100.0,100.0,100.0,100.0,100.0,100.0,100.0,100.0,100.0,100.0,100.0,100.0,100.0
3534203,0.0,54.26,45.74,100.0,0.0,0.0,0.78,0.78,0.0,0.0,0.0,1.55,0.0,5.43,2.33,1.55,4.65,10.08,3.88,9.3,8.53,11.63,16.28,8.53,10.08,3.1,1.55,0.78,0.0,0.0,0.0,0.0,0.0,21.71,20.16,6.98,9.3,13.95,13.18,14.73,0.0,0.0,70.0,59.0,129.0,0.0,0.0,1.0,1.0,0.0,0.0,0.0,2.0,0.0,7.0,3.0,2.0,6.0,13.0,5.0,12.0,11.0,15.0,21.0,11.0,13.0,4.0,2.0,1.0,0.0,0.0,0.0,0.0,0.0,28.0,26.0,9.0,12.0,18.0,17.0,19.0,0.0,99.79,99.79,,0.0,0.21,0.0,0.0,59.28,2.77,0.0,37.95,0.0,0.0,100.0,18.76,14.71,15.99,16.63,18.98,14.93,0.85,0.85,1.07,3.2,1.49,1.71,1.71,2.35,1.71,1.49,0.43,1.92,468.0,468.0,,0.0,1.0,0.0,0.0,278.0,13.0,0.0,178.0,0.0,0.0,469.0,88.0,69.0,75.0,78.0,89.0,70.0,4.0,4.0,5.0,15.0,7.0,8.0,8.0,11.0,8.0,7.0,2.0,9.0,99.79,98.86,100.0,100.0,100.0,100.0,100.0,100.0,100.0,100.0,100.0,93.33,100.0,100.0,100.0,100.0,100.0,100.0,100.0,100.0
3534302,0.0,58.96,41.04,100.0,1.24,0.12,1.48,0.25,0.37,0.25,0.25,1.36,0.25,1.73,3.46,2.1,4.94,5.07,5.93,7.29,11.5,13.35,11.12,12.24,8.53,6.92,1.48,0.25,0.62,0.37,0.0,0.25,0.0,19.78,20.64,10.75,12.98,14.09,11.0,10.75,0.0,0.0,477.0,332.0,809.0,10.0,1.0,12.0,2.0,3.0,2.0,2.0,11.0,2.0,14.0,28.0,17.0,40.0,41.0,48.0,59.0,93.0,108.0,90.0,99.0,69.0,56.0,12.0,2.0,5.0,3.0,0.0,2.0,0.0,160.0,167.0,87.0,105.0,114.0,89.0,87.0,0.0,99.71,99.71,,0.0,0.13,0.08,0.08,63.09,2.76,0.0,34.14,0.0,0.0,100.0,15.17,16.09,16.21,16.84,18.85,16.84,0.96,1.21,1.09,1.38,1.72,1.05,1.63,1.34,1.01,1.38,1.34,1.05,2380.0,2380.0,,0.0,3.0,2.0,2.0,1506.0,66.0,0.0,815.0,0.0,0.0,2387.0,362.0,384.0,387.0,402.0,450.0,402.0,23.0,29.0,26.0,33.0,41.0,25.0,39.0,32.0,24.0,33.0,32.0,25.0,99.71,99.17,99.74,99.74,100.0,99.78,99.75,99.82,95.65,96.55,100.0,96.97,100.0,100.0,100.0,100.0,100.0,100.0,100.0,100.0
3534401,0.0,54.36,45.64,100.0,1.03,0.13,1.51,0.48,0.19,0.3,0.84,1.25,1.38,1.89,2.55,3.3,4.01,6.35,7.12,10.54,10.56,11.52,9.98,11.26,7.83,5.01,2.09,0.38,0.29,0.39,0.14,0.17,0.04,19.62,20.04,13.45,14.32,13.63,9.75,9.2,0.0,0.0,7894.0,6628.0,14522.0,150.0,19.0,220.0,70.0,28.0,44.0,122.0,181.0,200.0,274.0,371.0,479.0,582.0,922.0,1034.0,1531.0,1534.0,1673.0,1449.0,1635.0,1137.0,728.0,304.0,55.0,42.0,56.0,21.0,25.0,6.0,2849.0,2910.0,1953.0,2079.0,1979.0,1416.0,1336.0,0.0,99.55,99.55,,0.0,0.24,0.14,0.06,55.6,6.08,0.42,37.84,0.05,0.0,100.0,14.66,14.64,16.3,17.56,18.18,18.66,1.13,1.1,1.32,1.24,1.32,1.14,1.23,1.28,1.19,1.2,1.3,1.22,50547.0,50547.0,,0.0,122.0,73.0,32.0,28228.0,3089.0,214.0,19215.0,27.0,1.0,50774.0,7445.0,7432.0,8275.0,8915.0,9232.0,9475.0,574.0,556.0,668.0,631.0,670.0,577.0,627.0,649.0,604.0,611.0,659.0,619.0,99.55,99.48,99.41,99.61,99.57,99.58,99.63,99.6,99.13,99.28,99.7,99.37,99.85,98.79,99.36,99.38,99.83,99.02,100.0,99.84
3534500,0.0,70.49,29.51,100.0,0.0,0.0,0.0,0.0,0.0,0.0,0.0,1.64,1.64,1.64,6.56,3.28,4.92,3.28,4.92,4.92,6.56,16.39,14.75,13.11,6.56,3.28,4.92,1.64,0.0,0.0,0.0,0.0,0.0,26.23,13.11,13.11,8.2,13.11,14.75,11.48,0.0,0.0,43.0,18.0,61.0,0.0,0.0,0.0,0.0,0.0,0.0,0.0,1.0,1.0,1.0,4.0,2.0,3.0,2.0,3.0,3.0,4.0,10.0,9.0,8.0,4.0,2.0,3.0,1.0,0.0,0.0,0.0,0.0,0.0,16.0,8.0,8.0,5.0,8.0,9.0,7.0,0.0,100.0,100.0,,0.0,0.0,0.0,0.0,72.66,1.56,1.56,24.22,0.0,0.0,100.0,13.28,10.16,8.59,20.31,24.22,23.44,0.0,1.56,1.56,0.78,2.34,1.56,0.78,0.0,0.78,1.56,1.56,0.78,128.0,128.0,,0.0,0.0,0.0,0.0,93.0,2.0,2.0,31.0,0.0,0.0,128.0,17.0,13.0,11.0,26.0,31.0,30.0,0.0,2.0,2.0,1.0,3.0,2.0,1.0,0.0,1.0,2.0,2.0,1.0,100.0,100.0,100.0,100.0,100.0,100.0,100.0,100.0,0.0,100.0,100.0,100.0,100.0,100.0,100.0,0.0,100.0,100.0,100.0,100.0
3534609,0.0,56.18,43.82,100.0,1.18,0.0,1.32,0.13,0.13,0.13,0.26,0.53,1.18,1.32,2.11,2.11,3.95,5.53,6.84,9.21,9.61,12.89,9.87,14.47,11.45,5.39,1.18,0.53,0.39,0.26,0.39,0.0,0.13,20.0,22.76,11.58,13.29,13.55,9.61,9.21,0.0,0.0,427.0,333.0,760.0,9.0,0.0,10.0,1.0,1.0,1.0,2.0,4.0,9.0,10.0,16.0,16.0,30.0,42.0,52.0,70.0,73.0,98.0,75.0,110.0,87.0,41.0,9.0,4.0,3.0,2.0,3.0,0.0,1.0,152.0,173.0,88.0,101.0,103.0,73.0,70.0,0.0,99.89,99.89,,0.0,0.11,0.0,0.0,66.46,1.14,0.45,31.95,0.0,0.0,100.0,15.72,15.78,15.55,17.31,17.42,18.22,0.96,1.65,1.14,1.25,1.48,1.42,1.82,1.31,1.36,0.74,1.31,1.31,1760.0,1760.0,,0.0,2.0,0.0,0.0,1171.0,20.0,8.0,563.0,0.0,0.0,1762.0,277.0,278.0,274.0,305.0,307.0,321.0,17.0,29.0,20.0,22.0,26.0,25.0,32.0,23.0,24.0,13.0,23.0,23.0,99.89,100.0,100.0,99.64,100.0,99.67,100.0,99.83,100.0,100.0,100.0,100.0,100.0,100.0,100.0,100.0,100.0,100.0,100.0,100.0
3534708,0.0,56.66,43.34,100.0,0.78,0.04,1.06,0.27,0.23,0.35,0.39,1.06,0.78,1.37,1.88,3.32,5.12,6.21,7.11,10.51,10.24,11.41,11.53,10.59,8.99,5.39,1.99,0.43,0.2,0.35,0.04,0.2,0.0,20.71,25.71,10.2,11.57,13.76,9.5,8.56,0.0,0.0,1450.0,1109.0,2559.0,20.0,1.0,27.0,7.0,6.0,9.0,10.0,27.0,20.0,35.0,48.0,85.0,131.0,159.0,182.0,269.0,262.0,292.0,295.0,271.0,230.0,138.0,51.0,11.0,5.0,9.0,1.0,5.0,0.0,530.0,658.0,261.0,296.0,352.0,243.0,219.0,0.0,99.64,99.64,,0.0,0.26,0.1,0.0,71.93,3.05,0.6,24.35,0.07,0.0,100.0,15.74,15.57,16.87,17.63,16.6,17.6,1.43,1.08,1.37,1.8,1.27,1.14,1.36,1.36,1.3,1.2,1.28,1.16,6982.0,6982.0,,0.0,18.0,7.0,0.0,5040.0,214.0,42.0,1706.0,5.0,0.0,7007.0,1103.0,1091.0,1182.0,1235.0,1163.0,1233.0,100.0,76.0,96.0,126.0,89.0,80.0,95.0,95.0,91.0,84.0,90.0,81.0,99.64,99.55,99.54,99.66,99.43,99.83,99.84,99.69,100.0,100.0,100.0,98.41,98.88,100.0,98.95,98.95,100.0,100.0,100.0,100.0
3534757,0.0,58.57,41.43,100.0,2.39,1.59,3.98,1.59,0.0,0.0,0.0,0.8,0.8,0.8,1.2,3.98,6.37,3.59,9.56,8.76,11.95,9.56,12.35,10.76,7.17,5.58,1.2,0.0,0.4,0.8,0.8,0.4,0.0,18.73,26.69,11.55,8.76,14.34,13.15,6.77,0.0,0.0,147.0,104.0,251.0,6.0,4.0,10.0,4.0,0.0,0.0,0.0,2.0,2.0,2.0,3.0,10.0,16.0,9.0,24.0,22.0,30.0,24.0,31.0,27.0,18.0,14.0,3.0,0.0,1.0,2.0,2.0,1.0,0.0,47.0,67.0,29.0,22.0,36.0,33.0,17.0,0.0,99.71,99.71,,0.0,0.14,0.0,0.14,68.59,1.87,0.58,28.96,0.0,0.0,100.0,15.42,13.26,17.15,18.59,18.73,16.86,1.3,1.87,1.3,0.72,1.44,1.15,1.59,1.15,1.3,1.3,1.15,1.15,692.0,692.0,,0.0,1.0,0.0,1.0,476.0,13.0,4.0,201.0,0.0,0.0,694.0,107.0,92.0,119.0,129.0,130.0,117.0,9.0,13.0,9.0,5.0,10.0,8.0,11.0,8.0,9.0,9.0,8.0,8.0,99.71,99.07,100.0,100.0,99.22,100.0,100.0,99.8,100.0,100.0,100.0,100.0,90.0,100.0,100.0,100.0,100.0,100.0,100.0,100.0
3534807,0.0,61.76,38.24,100.0,2.35,0.0,4.12,1.76,0.0,0.0,0.0,0.0,2.35,2.35,1.76,2.35,2.35,5.29,7.06,8.24,8.24,11.76,11.18,15.29,14.12,1.76,1.18,0.59,0.59,0.59,0.59,0.59,0.0,18.82,15.29,15.29,14.12,13.53,10.0,12.94,0.0,0.0,105.0,65.0,170.0,4.0,0.0,7.0,3.0,0.0,0.0,0.0,0.0,4.0,4.0,3.0,4.0,4.0,9.0,12.0,14.0,14.0,20.0,19.0,26.0,24.0,3.0,2.0,1.0,1.0,1.0,1.0,1.0,0.0,32.0,26.0,26.0,24.0,23.0,17.0,22.0,0.0,100.0,100.0,,0.0,0.0,0.0,0.0,50.32,3.51,0.0,46.17,0.0,0.0,100.0,15.18,17.89,16.61,16.61,19.81,13.9,1.44,1.12,1.28,0.8,0.96,1.6,1.6,0.96,1.6,1.12,1.6,1.12,626.0,626.0,,0.0,0.0,0.0,0.0,315.0,22.0,0.0,289.0,0.0,0.0,626.0,95.0,112.0,104.0,104.0,124.0,87.0,9.0,7.0,8.0,5.0,6.0,10.0,10.0,6.0,10.0,7.0,10.0,7.0,100.0,100.0,100.0,100.0,100.0,100.0,100.0,100.0,100.0,100.0,100.0,100.0,100.0,100.0,100.0,100.0,100.0,100.0,100.0,100.0
3534906,0.0,55.6,44.4,100.0,1.6,0.0,2.0,0.4,0.4,0.0,0.4,0.4,1.2,2.4,1.2,4.4,2.0,6.4,4.8,11.2,8.8,10.4,10.4,10.8,15.6,6.0,0.8,0.4,0.4,0.8,0.0,0.4,0.0,16.8,16.0,10.4,16.0,18.0,10.8,12.0,0.0,0.0,139.0,111.0,250.0,4.0,0.0,5.0,1.0,1.0,0.0,1.0,1.0,3.0,6.0,3.0,11.0,5.0,16.0,12.0,28.0,22.0,26.0,26.0,27.0,39.0,15.0,2.0,1.0,1.0,2.0,0.0,1.0,0.0,42.0,40.0,26.0,40.0,45.0,27.0,30.0,0.0,100.0,100.0,,0.0,0.0,0.0,0.0,60.21,1.37,1.54,36.88,0.0,0.0,100.0,14.92,18.18,16.64,17.15,16.64,16.47,1.2,1.72,1.72,1.72,1.37,1.03,1.54,1.37,0.34,0.86,1.37,0.69,583.0,583.0,,0.0,0.0,0.0,0.0,351.0,8.0,9.0,215.0,0.0,0.0,583.0,87.0,106.0,97.0,100.0,97.0,96.0,7.0,10.0,10.0,10.0,8.0,6.0,9.0,8.0,2.0,5.0,8.0,4.0,100.0,100.0,100.0,100.0,100.0,100.0,100.0,100.0,100.0,100.0,100.0,100.0,100.0,100.0,100.0,100.0,100.0,100.0,100.0,100.0
3535002,0.0,54.31,45.69,100.0,0.37,0.0,0.37,0.0,0.0,0.0,0.37,1.12,0.75,2.62,0.75,1.5,3.37,4.87,7.49,5.62,11.99,8.99,13.86,15.36,10.49,7.87,2.25,0.37,0.0,0.37,0.0,0.0,0.0,17.23,18.73,12.36,11.99,14.98,11.61,13.11,0.0,0.0,145.0,122.0,267.0,1.0,0.0,1.0,0.0,0.0,0.0,1.0,3.0,2.0,7.0,2.0,4.0,9.0,13.0,20.0,15.0,32.0,24.0,37.0,41.0,28.0,21.0,6.0,1.0,0.0,1.0,0.0,0.0,0.0,46.0,50.0,33.0,32.0,40.0,31.0,35.0,0.0,99.88,99.88,,0.0,0.12,0.0,0.0,62.86,3.35,0.12,33.66,0.0,0.0,100.0,14.16,16.65,17.52,17.52,18.14,16.02,0.87,1.24,0.87,1.61,1.49,1.24,1.24,0.62,1.24,0.99,1.49,1.24,804.0,804.0,,0.0,1.0,0.0,0.0,506.0,27.0,1.0,271.0,0.0,0.0,805.0,114.0,134.0,141.0,141.0,146.0,129.0,7.0,10.0,7.0,13.0,12.0,10.0,10.0,5.0,10.0,8.0,12.0,10.0,99.88,100.0,99.25,100.0,100.0,100.0,100.0,100.0,100.0,100.0,100.0,100.0,100.0,100.0,100.0,100.0,100.0,100.0,100.0,100.0
3535101,0.0,53.93,46.07,100.0,1.57,0.52,2.09,0.52,0.52,0.0,1.05,1.05,1.57,1.05,2.09,4.71,5.24,8.9,9.42,9.95,8.9,10.47,8.9,12.57,5.24,4.71,0.52,0.52,0.52,0.52,0.0,0.52,0.0,17.8,24.61,9.42,10.47,14.14,8.9,14.66,0.0,0.0,103.0,88.0,191.0,3.0,1.0,4.0,1.0,1.0,0.0,2.0,2.0,3.0,2.0,4.0,9.0,10.0,17.0,18.0,19.0,17.0,20.0,17.0,24.0,10.0,9.0,1.0,1.0,1.0,1.0,0.0,1.0,0.0,34.0,47.0,18.0,20.0,27.0,17.0,28.0,0.0,100.0,100.0,,0.0,0.0,0.0,0.0,51.32,7.49,0.14,41.05,0.0,0.0,100.0,16.23,17.2,15.26,15.95,16.5,18.86,1.94,1.11,0.69,1.11,1.11,1.11,1.8,1.66,1.66,1.11,1.66,1.25,721.0,721.0,,0.0,0.0,0.0,0.0,370.0,54.0,1.0,296.0,0.0,0.0,721.0,117.0,124.0,110.0,115.0,119.0,136.0,14.0,8.0,5.0,8.0,8.0,8.0,13.0,12.0,12.0,8.0,12.0,9.0,100.0,100.0,100.0,100.0,100.0,100.0,100.0,100.0,100.0,100.0,100.0,100.0,100.0,100.0,100.0,100.0,100.0,100.0,100.0,100.0
3535200,0.0,52.25,47.75,100.0,0.45,0.0,0.45,0.0,0.0,0.45,0.0,0.45,2.25,1.35,2.25,2.7,2.7,4.95,5.41,11.71,6.31,10.36,13.06,16.67,10.81,5.41,2.7,0.0,0.0,0.0,0.0,0.0,0.45,19.37,20.72,13.06,11.71,13.06,14.41,7.66,0.0,0.0,116.0,106.0,222.0,1.0,0.0,1.0,0.0,0.0,1.0,0.0,1.0,5.0,3.0,5.0,6.0,6.0,11.0,12.0,26.0,14.0,23.0,29.0,37.0,24.0,12.0,6.0,0.0,0.0,0.0,0.0,0.0,1.0,43.0,46.0,29.0,26.0,29.0,32.0,17.0,0.0,99.79,99.79,,0.0,0.0,0.21,0.0,67.09,1.47,1.89,29.56,0.0,0.0,100.0,13.84,16.98,17.61,15.93,18.03,17.61,1.47,1.05,1.47,1.47,0.63,0.84,1.68,1.26,1.26,0.21,1.47,1.05,476.0,476.0,,0.0,0.0,1.0,0.0,320.0,7.0,9.0,141.0,0.0,0.0,477.0,66.0,81.0,84.0,76.0,86.0,84.0,7.0,5.0,7.0,7.0,3.0,4.0,8.0,6.0,6.0,1.0,7.0,5.0,99.79,100.0,98.77,100.0,100.0,100.0,100.0,100.0,100.0,100.0,100.0,100.0,100.0,100.0,100.0,100.0,100.0,100.0,100.0,100.0
3535309,0.0,57.96,42.04,100.0,0.71,0.0,0.71,0.0,0.0,0.0,0.95,0.24,0.24,0.71,1.9,2.61,4.04,4.99,7.36,6.41,12.35,12.83,13.3,12.35,11.4,6.89,0.71,0.0,0.24,0.24,0.0,0.24,0.0,19.95,22.8,12.11,13.06,11.4,10.45,10.21,0.0,0.0,244.0,177.0,421.0,3.0,0.0,3.0,0.0,0.0,0.0,4.0,1.0,1.0,3.0,8.0,11.0,17.0,21.0,31.0,27.0,52.0,54.0,56.0,52.0,48.0,29.0,3.0,0.0,1.0,1.0,0.0,1.0,0.0,84.0,96.0,51.0,55.0,48.0,44.0,43.0,0.0,99.83,99.83,,0.0,0.09,0.0,0.09,76.82,2.31,0.0,20.79,0.0,0.09,100.0,13.0,16.42,15.74,17.19,20.27,17.37,1.2,2.4,0.94,0.86,1.11,0.86,0.6,1.11,0.94,0.86,1.11,1.03,1167.0,1167.0,,0.0,1.0,0.0,1.0,898.0,27.0,0.0,243.0,0.0,1.0,1169.0,152.0,192.0,184.0,201.0,237.0,203.0,14.0,28.0,11.0,10.0,13.0,10.0,7.0,13.0,11.0,10.0,13.0,12.0,99.83,100.0,99.48,100.0,99.5,100.0,100.0,99.88,100.0,100.0,100.0,100.0,100.0,100.0,100.0,100.0,100.0,100.0,100.0,100.0
3535408,0.0,57.67,42.33,100.0,1.32,0.26,1.59,0.26,0.0,0.53,0.0,0.53,0.26,1.59,3.17,3.44,6.08,5.82,7.41,8.99,10.32,12.96,7.94,10.85,9.26,6.61,2.12,0.26,0.53,0.53,0.0,0.0,0.26,17.99,25.13,10.32,13.76,12.17,10.85,9.79,0.0,0.0,218.0,160.0,378.0,5.0,1.0,6.0,1.0,0.0,2.0,0.0,2.0,1.0,6.0,12.0,13.0,23.0,22.0,28.0,34.0,39.0,49.0,30.0,41.0,35.0,25.0,8.0,1.0,2.0,2.0,0.0,0.0,1.0,68.0,95.0,39.0,52.0,46.0,41.0,37.0,0.0,99.74,99.74,,0.0,0.0,0.17,0.09,58.23,1.72,0.09,39.97,0.0,0.0,100.0,16.12,16.55,15.52,17.92,16.98,16.9,1.46,0.94,1.2,0.94,1.89,2.06,1.2,0.94,1.63,0.86,1.72,1.29,1163.0,1163.0,,0.0,0.0,2.0,1.0,679.0,20.0,1.0,466.0,0.0,0.0,1166.0,188.0,193.0,181.0,209.0,198.0,197.0,17.0,11.0,14.0,11.0,22.0,24.0,14.0,11.0,19.0,10.0,20.0,15.0,99.74,100.0,100.0,99.45,99.04,100.0,100.0,99.62,100.0,100.0,100.0,100.0,100.0,100.0,100.0,100.0,100.0,100.0,100.0,100.0
3535507,0.0,52.39,47.61,100.0,1.76,0.1,2.05,0.29,0.2,0.2,0.78,1.07,1.37,1.27,2.54,3.61,5.07,5.95,7.51,7.9,9.95,11.12,9.85,10.24,10.73,5.46,2.44,0.59,0.78,0.59,0.2,0.2,0.0,17.85,24.29,10.93,12.88,12.98,11.9,9.17,0.0,0.0,537.0,488.0,1025.0,18.0,1.0,21.0,3.0,2.0,2.0,8.0,11.0,14.0,13.0,26.0,37.0,52.0,61.0,77.0,81.0,102.0,114.0,101.0,105.0,110.0,56.0,25.0,6.0,8.0,6.0,2.0,2.0,0.0,183.0,249.0,112.0,132.0,133.0,122.0,94.0,0.0,99.48,99.48,,0.0,0.35,0.17,0.0,63.3,2.12,0.14,34.34,0.1,0.0,100.0,15.09,15.16,15.3,18.42,18.0,18.04,1.53,0.97,0.9,1.7,1.28,1.11,1.39,1.42,1.21,1.14,1.25,1.18,2868.0,2868.0,,0.0,10.0,5.0,0.0,1825.0,61.0,4.0,990.0,3.0,0.0,2883.0,435.0,437.0,441.0,531.0,519.0,520.0,44.0,28.0,26.0,49.0,37.0,32.0,40.0,41.0,35.0,33.0,36.0,34.0,99.48,98.85,99.54,100.0,99.06,99.81,99.62,99.6,97.73,100.0,100.0,97.96,100.0,100.0,97.5,97.56,100.0,100.0,97.22,100.0
3535606,0.0,57.52,42.48,100.0,0.48,0.0,0.72,0.24,0.0,0.48,0.0,0.95,1.91,1.43,1.43,1.67,2.15,5.49,7.88,8.11,12.65,8.11,16.47,13.37,9.55,5.01,2.15,0.48,0.0,0.24,0.24,0.0,0.0,22.67,16.47,12.65,12.89,15.75,11.46,8.11,0.0,0.0,241.0,178.0,419.0,2.0,0.0,3.0,1.0,0.0,2.0,0.0,4.0,8.0,6.0,6.0,7.0,9.0,23.0,33.0,34.0,53.0,34.0,69.0,56.0,40.0,21.0,9.0,2.0,0.0,1.0,1.0,0.0,0.0,95.0,69.0,53.0,54.0,66.0,48.0,34.0,0.0,99.69,99.69,,0.0,0.15,0.15,0.0,72.03,1.16,0.0,26.81,0.0,0.0,100.0,16.49,15.56,14.71,17.18,18.34,17.72,1.77,1.69,1.77,1.62,0.92,1.0,1.0,1.46,2.0,1.31,0.77,1.16,1294.0,1294.0,,0.0,2.0,2.0,0.0,935.0,15.0,0.0,348.0,0.0,0.0,1298.0,214.0,202.0,191.0,223.0,238.0,230.0,23.0,22.0,23.0,21.0,12.0,13.0,13.0,19.0,26.0,17.0,10.0,15.0,99.69,99.53,100.0,100.0,99.55,99.58,99.57,99.66,100.0,100.0,100.0,100.0,100.0,100.0,100.0,100.0,96.15,100.0,100.0,100.0
3535705,0.0,60.31,39.69,100.0,2.06,0.0,2.58,0.52,0.0,0.0,1.03,0.52,1.03,2.58,2.58,0.52,4.64,6.19,7.22,9.79,6.7,13.92,12.37,9.79,9.28,6.19,3.09,0.0,0.52,0.52,0.0,0.52,0.52,22.16,24.23,9.79,9.79,13.92,8.25,11.86,0.0,0.0,117.0,77.0,194.0,4.0,0.0,5.0,1.0,0.0,0.0,2.0,1.0,2.0,5.0,5.0,1.0,9.0,12.0,14.0,19.0,13.0,27.0,24.0,19.0,18.0,12.0,6.0,0.0,1.0,1.0,0.0,1.0,1.0,43.0,47.0,19.0,19.0,27.0,16.0,23.0,0.0,99.48,99.48,,0.0,0.26,0.26,0.0,72.73,2.08,0.0,24.94,0.26,0.0,100.0,19.74,14.55,15.06,16.36,17.4,16.88,1.56,1.3,2.86,0.78,1.3,1.04,2.34,2.08,0.78,2.34,2.08,1.3,383.0,383.0,,0.0,1.0,1.0,0.0,280.0,8.0,0.0,96.0,1.0,0.0,385.0,76.0,56.0,58.0,63.0,67.0,65.0,6.0,5.0,11.0,3.0,5.0,4.0,9.0,8.0,3.0,9.0,8.0,5.0,99.48,97.37,100.0,100.0,100.0,100.0,100.0,100.0,83.33,100.0,100.0,100.0,100.0,100.0,100.0,100.0,100.0,100.0,87.5,100.0
3535804,0.0,58.29,41.71,100.0,1.76,0.0,2.26,0.5,0.25,0.0,0.0,1.01,2.01,2.01,1.26,2.01,5.03,5.03,5.28,8.79,11.81,11.81,12.81,13.57,8.79,4.52,1.26,0.5,0.5,0.25,0.75,0.25,0.0,23.37,21.11,13.57,12.06,10.8,10.8,8.29,0.0,0.0,232.0,166.0,398.0,7.0,0.0,9.0,2.0,1.0,0.0,0.0,4.0,8.0,8.0,5.0,8.0,20.0,20.0,21.0,35.0,47.0,47.0,51.0,54.0,35.0,18.0,5.0,2.0,2.0,1.0,3.0,1.0,0.0,93.0,84.0,54.0,48.0,43.0,43.0,33.0,0.0,99.45,99.45,,0.0,0.31,0.24,0.0,72.95,1.04,0.0,25.95,0.06,0.0,100.0,16.0,17.83,14.53,16.24,17.64,17.77,0.92,1.77,1.71,1.71,1.1,1.4,1.4,1.16,1.83,0.73,1.04,1.22,1629.0,1629.0,,0.0,5.0,4.0,0.0,1195.0,17.0,0.0,425.0,1.0,0.0,1638.0,262.0,292.0,238.0,266.0,289.0,291.0,15.0,29.0,28.0,28.0,18.0,23.0,23.0,19.0,30.0,12.0,17.0,20.0,99.45,98.47,99.66,99.58,99.25,100.0,99.66,99.63,93.33,96.55,100.0,100.0,100.0,100.0,100.0,100.0,96.67,100.0,94.12,100.0
3535903,0.0,58.7,41.3,100.0,1.09,0.0,1.09,0.0,0.0,0.0,1.09,3.26,1.09,1.09,2.17,2.17,2.17,2.17,2.17,10.87,16.3,8.7,10.87,15.22,13.04,5.43,1.09,0.0,1.09,0.0,0.0,0.0,0.0,22.83,21.74,8.7,9.78,16.3,13.04,7.61,0.0,0.0,54.0,38.0,92.0,1.0,0.0,1.0,0.0,0.0,0.0,1.0,3.0,1.0,1.0,2.0,2.0,2.0,2.0,2.0,10.0,15.0,8.0,10.0,14.0,12.0,5.0,1.0,0.0,1.0,0.0,0.0,0.0,0.0,21.0,20.0,8.0,9.0,15.0,12.0,7.0,0.0,99.67,99.67,,0.0,0.33,0.0,0.0,62.62,3.93,0.66,32.79,0.0,0.0,100.0,13.11,19.67,19.02,11.15,17.05,20.0,0.66,1.31,0.0,1.97,0.33,1.97,1.97,0.33,0.98,0.98,1.97,0.66,304.0,304.0,,0.0,1.0,0.0,0.0,191.0,12.0,2.0,100.0,0.0,0.0,305.0,40.0,60.0,58.0,34.0,52.0,61.0,2.0,4.0,0.0,6.0,1.0,6.0,6.0,1.0,3.0,3.0,6.0,2.0,99.67,100.0,100.0,98.28,100.0,100.0,100.0,99.51,100.0,100.0,0.0,100.0,100.0,100.0,100.0,100.0,100.0,100.0,100.0,100.0
3536000,0.0,57.56,42.44,100.0,0.74,0.37,1.11,0.37,0.37,0.0,0.74,0.74,1.85,1.85,1.48,4.8,3.32,3.32,6.27,7.38,5.17,12.18,15.13,15.5,7.75,8.12,2.21,0.37,0.0,0.74,0.0,0.0,0.0,19.93,20.3,12.18,15.87,11.44,11.07,9.23,0.0,0.0,156.0,115.0,271.0,2.0,1.0,3.0,1.0,1.0,0.0,2.0,2.0,5.0,5.0,4.0,13.0,9.0,9.0,17.0,20.0,14.0,33.0,41.0,42.0,21.0,22.0,6.0,1.0,0.0,2.0,0.0,0.0,0.0,54.0,55.0,33.0,43.0,31.0,30.0,25.0,0.0,100.0,100.0,,0.0,0.0,0.0,0.0,63.3,1.6,0.32,34.78,0.0,0.0,100.0,16.67,14.74,19.07,15.38,17.63,16.51,1.92,1.44,1.76,1.44,0.64,2.08,0.96,1.12,0.8,1.28,1.12,2.08,624.0,624.0,,0.0,0.0,0.0,0.0,395.0,10.0,2.0,217.0,0.0,0.0,624.0,104.0,92.0,119.0,96.0,110.0,103.0,12.0,9.0,11.0,9.0,4.0,13.0,6.0,7.0,5.0,8.0,7.0,13.0,100.0,100.0,100.0,100.0,100.0,100.0,100.0,100.0,100.0,100.0,100.0,100.0,100.0,100.0,100.0,100.0,100.0,100.0,100.0,100.0
3536109,0.0,53.53,46.47,100.0,2.35,0.0,3.53,1.18,0.59,0.0,1.76,0.59,1.18,1.76,1.18,3.53,3.53,4.12,6.47,5.29,12.94,8.82,14.12,14.12,7.06,7.06,1.76,0.59,1.18,0.59,0.59,0.0,0.0,23.53,16.47,14.71,8.82,15.29,10.59,10.59,0.0,0.0,91.0,79.0,170.0,4.0,0.0,6.0,2.0,1.0,0.0,3.0,1.0,2.0,3.0,2.0,6.0,6.0,7.0,11.0,9.0,22.0,15.0,24.0,24.0,12.0,12.0,3.0,1.0,2.0,1.0,1.0,0.0,0.0,40.0,28.0,25.0,15.0,26.0,18.0,18.0,0.0,99.81,99.81,,0.0,0.19,0.0,0.0,69.91,2.24,0.19,27.66,0.0,0.0,100.0,16.82,16.26,14.58,17.2,16.82,18.32,1.87,1.31,1.87,0.75,1.31,2.24,1.87,0.93,1.68,0.75,1.31,0.93,534.0,534.0,,0.0,1.0,0.0,0.0,374.0,12.0,1.0,148.0,0.0,0.0,535.0,90.0,87.0,78.0,92.0,90.0,98.0,10.0,7.0,10.0,4.0,7.0,12.0,10.0,5.0,9.0,4.0,7.0,5.0,99.81,100.0,100.0,100.0,98.91,100.0,100.0,99.72,100.0,100.0,100.0,100.0,100.0,100.0,100.0,100.0,100.0,100.0,100.0,100.0
3536208,0.0,57.41,42.59,100.0,1.39,0.0,1.39,0.0,0.23,0.46,1.62,0.93,1.16,2.31,1.16,1.39,3.94,5.09,4.63,9.72,8.8,11.81,15.97,11.81,9.26,6.71,0.46,1.16,0.69,0.23,0.23,0.23,0.0,21.3,17.59,15.51,13.89,11.34,10.65,9.72,0.0,0.0,248.0,184.0,432.0,6.0,0.0,6.0,0.0,1.0,2.0,7.0,4.0,5.0,10.0,5.0,6.0,17.0,22.0,20.0,42.0,38.0,51.0,69.0,51.0,40.0,29.0,2.0,5.0,3.0,1.0,1.0,1.0,0.0,92.0,76.0,67.0,60.0,49.0,46.0,42.0,0.0,99.51,99.51,,0.0,0.35,0.14,0.0,60.65,1.83,0.7,35.42,1.41,0.0,100.0,14.97,14.83,15.32,19.61,16.73,18.55,1.41,1.05,1.69,1.12,0.98,0.91,1.05,1.12,1.76,1.12,0.98,1.76,1416.0,1416.0,,0.0,5.0,2.0,0.0,863.0,26.0,10.0,504.0,20.0,0.0,1423.0,213.0,211.0,218.0,279.0,238.0,264.0,20.0,15.0,24.0,16.0,14.0,13.0,15.0,16.0,25.0,16.0,14.0,25.0,99.51,99.53,99.05,100.0,99.64,99.16,99.62,99.6,100.0,100.0,100.0,100.0,100.0,100.0,93.33,100.0,100.0,100.0,100.0,100.0
3536257,0.0,70.89,29.11,100.0,0.0,1.27,0.0,0.0,0.0,1.27,0.0,0.0,0.0,1.27,1.27,1.27,3.8,13.92,5.06,6.33,3.8,16.46,16.46,11.39,6.33,3.8,5.06,1.27,0.0,0.0,0.0,0.0,0.0,13.92,25.32,11.39,8.86,21.52,6.33,12.66,0.0,0.0,56.0,23.0,79.0,0.0,1.0,0.0,0.0,0.0,1.0,0.0,0.0,0.0,1.0,1.0,1.0,3.0,11.0,4.0,5.0,3.0,13.0,13.0,9.0,5.0,3.0,4.0,1.0,0.0,0.0,0.0,0.0,0.0,11.0,20.0,9.0,7.0,17.0,5.0,10.0,0.0,100.0,100.0,,0.0,0.0,0.0,0.0,61.5,2.67,0.0,35.83,0.0,0.0,100.0,11.76,18.72,14.97,17.11,18.18,19.25,0.0,3.21,0.0,0.53,0.53,0.53,1.07,0.53,1.07,1.6,2.14,0.53,187.0,187.0,,0.0,0.0,0.0,0.0,115.0,5.0,0.0,67.0,0.0,0.0,187.0,22.0,35.0,28.0,32.0,34.0,36.0,0.0,6.0,0.0,1.0,1.0,1.0,2.0,1.0,2.0,3.0,4.0,1.0,100.0,100.0,100.0,100.0,100.0,100.0,100.0,100.0,0.0,100.0,0.0,100.0,100.0,100.0,100.0,100.0,100.0,100.0,100.0,100.0
3536307,0.0,58.54,41.46,100.0,2.09,0.7,3.14,1.05,0.0,0.0,0.7,2.44,0.35,2.44,1.05,3.14,4.88,4.88,8.71,10.8,8.36,12.2,7.67,14.63,8.01,3.48,2.44,0.0,0.0,1.05,0.35,0.35,0.35,22.65,20.56,14.63,10.8,13.24,7.67,10.45,0.0,0.0,168.0,119.0,287.0,6.0,2.0,9.0,3.0,0.0,0.0,2.0,7.0,1.0,7.0,3.0,9.0,14.0,14.0,25.0,31.0,24.0,35.0,22.0,42.0,23.0,10.0,7.0,0.0,0.0,3.0,1.0,1.0,1.0,65.0,59.0,42.0,31.0,38.0,22.0,30.0,0.0,99.82,99.82,,0.0,0.18,0.0,0.0,58.02,3.74,0.09,38.15,0.0,0.0,100.0,16.22,14.97,16.67,18.0,16.13,18.0,1.69,1.34,1.96,1.87,0.98,1.34,0.62,1.25,1.16,1.43,1.16,1.43,1120.0,1120.0,,0.0,2.0,0.0,0.0,651.0,42.0,1.0,428.0,0.0,0.0,1122.0,182.0,168.0,187.0,202.0,181.0,202.0,19.0,15.0,22.0,21.0,11.0,15.0,7.0,14.0,13.0,16.0,13.0,16.0,99.82,100.0,100.0,98.93,100.0,100.0,100.0,99.74,100.0,100.0,100.0,100.0,100.0,100.0,100.0,100.0,100.0,100.0,100.0,100.0
3536406,0.0,50.6,49.4,100.0,2.38,0.0,2.98,0.6,0.6,0.0,0.0,1.19,0.0,2.38,1.79,4.76,7.14,8.93,5.36,5.36,6.55,13.1,10.71,10.71,10.12,7.14,1.19,0.0,0.0,2.38,0.0,0.0,0.0,23.21,17.26,13.1,7.14,18.45,6.55,14.29,0.0,0.0,85.0,83.0,168.0,4.0,0.0,5.0,1.0,1.0,0.0,0.0,2.0,0.0,4.0,3.0,8.0,12.0,15.0,9.0,9.0,11.0,22.0,18.0,18.0,17.0,12.0,2.0,0.0,0.0,4.0,0.0,0.0,0.0,39.0,29.0,22.0,12.0,31.0,11.0,24.0,0.0,99.84,99.84,,0.0,0.0,0.16,0.0,56.27,1.13,0.48,42.12,0.0,0.0,100.0,16.08,15.43,15.11,17.52,15.11,20.74,0.96,0.64,1.61,1.29,1.77,1.61,0.96,1.77,1.61,0.8,1.29,1.77,621.0,621.0,,0.0,0.0,1.0,0.0,350.0,7.0,3.0,262.0,0.0,0.0,622.0,100.0,96.0,94.0,109.0,94.0,129.0,6.0,4.0,10.0,8.0,11.0,10.0,6.0,11.0,10.0,5.0,8.0,11.0,99.84,100.0,100.0,100.0,100.0,100.0,99.22,99.77,100.0,100.0,100.0,100.0,100.0,100.0,100.0,100.0,100.0,100.0,100.0,100.0
3536505,0.0,55.87,44.13,100.0,1.95,0.0,2.14,0.19,0.45,0.32,0.58,1.1,1.49,1.56,1.88,2.6,3.37,5.65,6.62,9.86,10.19,11.88,11.94,9.99,8.83,6.16,2.79,0.58,0.65,0.84,0.19,0.26,0.0,21.54,20.64,11.49,13.69,13.76,10.32,8.57,0.0,0.0,861.0,680.0,1541.0,30.0,0.0,33.0,3.0,7.0,5.0,9.0,17.0,23.0,24.0,29.0,40.0,52.0,87.0,102.0,152.0,157.0,183.0,184.0,154.0,136.0,95.0,43.0,9.0,10.0,13.0,3.0,4.0,0.0,332.0,318.0,177.0,211.0,212.0,159.0,132.0,0.0,99.68,99.68,,0.0,0.11,0.18,0.03,65.93,4.3,0.62,29.11,0.04,0.0,100.0,14.1,13.51,16.73,18.02,18.97,18.68,1.07,1.21,1.16,1.09,1.01,1.16,1.35,1.09,1.28,1.1,1.37,1.21,7579.0,7579.0,,0.0,8.0,14.0,2.0,5013.0,327.0,47.0,2213.0,3.0,0.0,7603.0,1072.0,1027.0,1272.0,1370.0,1442.0,1420.0,81.0,92.0,88.0,83.0,77.0,88.0,103.0,83.0,97.0,84.0,104.0,92.0,99.68,99.53,99.81,99.61,99.71,99.65,99.79,99.69,98.77,100.0,100.0,100.0,98.7,100.0,99.03,98.8,98.97,100.0,100.0,100.0
3536570,0.0,50.98,49.02,100.0,0.0,0.0,0.0,0.0,0.0,0.0,0.0,3.92,0.0,3.92,3.92,5.88,1.96,7.84,5.88,5.88,9.8,9.8,13.73,13.73,5.88,0.0,3.92,3.92,0.0,0.0,0.0,0.0,0.0,21.57,25.49,15.69,7.84,17.65,7.84,3.92,0.0,0.0,26.0,25.0,51.0,0.0,0.0,0.0,0.0,0.0,0.0,0.0,2.0,0.0,2.0,2.0,3.0,1.0,4.0,3.0,3.0,5.0,5.0,7.0,7.0,3.0,0.0,2.0,2.0,0.0,0.0,0.0,0.0,0.0,11.0,13.0,8.0,4.0,9.0,4.0,2.0,0.0,100.0,100.0,,0.0,0.0,0.0,0.0,66.67,0.58,0.0,32.75,0.0,0.0,100.0,16.96,13.45,16.96,16.37,19.3,16.96,1.17,0.58,0.0,2.34,2.34,1.17,2.34,1.75,0.58,0.58,1.17,2.92,171.0,171.0,,0.0,0.0,0.0,0.0,114.0,1.0,0.0,56.0,0.0,0.0,171.0,29.0,23.0,29.0,28.0,33.0,29.0,2.0,1.0,0.0,4.0,4.0,2.0,4.0,3.0,1.0,1.0,2.0,5.0,100.0,100.0,100.0,100.0,100.0,100.0,100.0,100.0,100.0,100.0,0.0,100.0,100.0,100.0,100.0,100.0,100.0,100.0,100.0,100.0
3536604,0.0,55.3,44.7,100.0,1.38,0.0,1.38,0.0,0.0,0.46,0.0,1.84,3.69,1.38,1.38,1.38,2.3,7.37,9.22,10.14,11.06,10.6,8.76,13.36,12.9,2.76,0.0,0.0,0.0,0.92,0.46,0.0,0.0,21.66,22.58,13.36,8.29,16.13,10.14,7.83,0.0,0.0,120.0,97.0,217.0,3.0,0.0,3.0,0.0,0.0,1.0,0.0,4.0,8.0,3.0,3.0,3.0,5.0,16.0,20.0,22.0,24.0,23.0,19.0,29.0,28.0,6.0,0.0,0.0,0.0,2.0,1.0,0.0,0.0,47.0,49.0,29.0,18.0,35.0,22.0,17.0,0.0,99.77,99.77,,0.0,0.23,0.0,0.0,48.76,8.35,0.0,42.89,0.0,0.0,100.0,15.12,16.25,18.28,16.7,17.38,16.25,1.81,0.9,1.81,1.13,1.58,1.81,0.68,0.68,0.23,1.35,1.58,1.58,442.0,442.0,,0.0,1.0,0.0,0.0,216.0,37.0,0.0,190.0,0.0,0.0,443.0,67.0,72.0,81.0,74.0,77.0,72.0,8.0,4.0,8.0,5.0,7.0,8.0,3.0,3.0,1.0,6.0,7.0,7.0,99.77,100.0,100.0,100.0,98.65,100.0,100.0,99.67,100.0,100.0,100.0,100.0,100.0,100.0,100.0,100.0,100.0,100.0,100.0,100.0
3536703,0.0,54.28,45.72,100.0,0.98,0.65,1.41,0.43,0.11,0.11,0.54,1.08,0.65,2.06,2.38,3.36,4.12,5.31,8.34,9.64,10.94,11.59,9.53,10.94,9.1,5.74,1.95,0.43,0.11,0.0,0.76,0.11,0.0,18.96,21.45,14.08,13.43,12.89,9.97,9.21,0.0,0.0,501.0,422.0,923.0,9.0,6.0,13.0,4.0,1.0,1.0,5.0,10.0,6.0,19.0,22.0,31.0,38.0,49.0,77.0,89.0,101.0,107.0,88.0,101.0,84.0,53.0,18.0,4.0,1.0,0.0,7.0,1.0,0.0,175.0,198.0,130.0,124.0,119.0,92.0,85.0,0.0,99.68,99.68,,0.0,0.13,0.19,0.0,65.05,2.91,0.13,31.91,0.0,0.0,100.0,16.13,14.48,16.84,17.43,17.69,17.43,1.03,1.29,1.49,1.58,1.55,1.29,1.1,1.62,1.07,1.29,1.58,1.23,3083.0,3083.0,,0.0,4.0,6.0,0.0,2012.0,90.0,4.0,987.0,0.0,0.0,3093.0,499.0,448.0,521.0,539.0,547.0,539.0,32.0,40.0,46.0,49.0,48.0,40.0,34.0,50.0,33.0,40.0,49.0,38.0,99.68,99.4,99.55,99.81,99.81,99.63,99.81,99.77,100.0,100.0,100.0,100.0,97.92,100.0,100.0,98.0,100.0,100.0,100.0,97.37
3536802,0.0,55.1,44.9,100.0,1.36,0.68,2.72,1.36,0.0,0.0,0.0,1.36,0.0,0.68,2.04,1.36,3.4,6.12,7.48,10.88,4.76,15.65,8.16,19.05,7.48,6.12,1.36,0.68,0.0,0.0,0.0,1.36,0.0,24.49,13.61,14.29,17.69,19.05,6.12,4.76,0.0,0.0,81.0,66.0,147.0,2.0,1.0,4.0,2.0,0.0,0.0,0.0,2.0,0.0,1.0,3.0,2.0,5.0,9.0,11.0,16.0,7.0,23.0,12.0,28.0,11.0,9.0,2.0,1.0,0.0,0.0,0.0,2.0,0.0,36.0,20.0,21.0,26.0,28.0,9.0,7.0,0.0,99.76,99.76,,0.0,0.24,0.0,0.0,75.42,2.65,0.0,21.45,0.48,0.0,100.0,17.35,13.25,17.83,20.24,15.42,15.9,1.93,1.2,1.45,0.72,1.45,2.41,1.45,1.93,1.2,1.69,0.72,1.2,414.0,414.0,,0.0,1.0,0.0,0.0,313.0,11.0,0.0,89.0,2.0,0.0,415.0,72.0,55.0,74.0,84.0,64.0,66.0,8.0,5.0,6.0,3.0,6.0,10.0,6.0,8.0,5.0,7.0,3.0,5.0,99.76,100.0,100.0,100.0,100.0,98.44,100.0,99.65,100.0,100.0,100.0,100.0,100.0,100.0,100.0,100.0,100.0,100.0,100.0,100.0
3536901,0.0,55.79,44.21,100.0,2.11,0.0,3.16,1.05,0.0,0.0,1.05,1.05,1.05,1.05,1.05,2.11,5.26,3.16,10.53,7.37,5.26,5.26,12.63,12.63,8.42,10.53,5.26,3.16,1.05,1.05,0.0,0.0,0.0,14.74,20.0,15.79,17.89,15.79,10.53,5.26,0.0,0.0,53.0,42.0,95.0,2.0,0.0,3.0,1.0,0.0,0.0,1.0,1.0,1.0,1.0,1.0,2.0,5.0,3.0,10.0,7.0,5.0,5.0,12.0,12.0,8.0,10.0,5.0,3.0,1.0,1.0,0.0,0.0,0.0,14.0,19.0,15.0,17.0,15.0,10.0,5.0,0.0,100.0,100.0,,0.0,0.0,0.0,0.0,62.76,0.69,0.0,36.55,0.0,0.0,100.0,12.41,17.93,16.55,20.69,14.48,17.93,0.0,2.07,1.38,0.69,2.07,0.69,0.69,0.0,1.38,0.69,1.38,1.38,145.0,145.0,,0.0,0.0,0.0,0.0,91.0,1.0,0.0,53.0,0.0,0.0,145.0,18.0,26.0,24.0,30.0,21.0,26.0,0.0,3.0,2.0,1.0,3.0,1.0,1.0,0.0,2.0,1.0,2.0,2.0,100.0,100.0,100.0,100.0,100.0,100.0,100.0,100.0,0.0,100.0,100.0,100.0,100.0,100.0,100.0,0.0,100.0,100.0,100.0,100.0
3537008,0.0,57.83,42.17,100.0,0.85,0.28,1.42,0.57,0.0,0.0,0.0,1.71,1.71,2.85,1.14,2.85,3.99,5.41,6.55,8.55,13.11,13.68,11.68,9.4,10.54,3.13,1.42,0.57,0.0,0.0,0.85,0.0,0.0,20.8,19.09,11.68,11.97,17.66,10.83,7.98,0.0,0.0,203.0,148.0,351.0,3.0,1.0,5.0,2.0,0.0,0.0,0.0,6.0,6.0,10.0,4.0,10.0,14.0,19.0,23.0,30.0,46.0,48.0,41.0,33.0,37.0,11.0,5.0,2.0,0.0,0.0,3.0,0.0,0.0,73.0,67.0,41.0,42.0,62.0,38.0,28.0,0.0,99.64,99.64,,0.0,0.18,0.18,0.0,63.76,3.33,0.0,32.82,0.09,0.0,100.0,14.66,17.36,16.19,17.9,16.55,17.36,0.9,1.71,0.9,1.08,2.16,0.81,0.63,1.08,0.9,1.53,1.26,1.71,1108.0,1108.0,,0.0,2.0,2.0,0.0,709.0,37.0,0.0,365.0,1.0,0.0,1112.0,163.0,193.0,180.0,199.0,184.0,193.0,10.0,19.0,10.0,12.0,24.0,9.0,7.0,12.0,10.0,17.0,14.0,19.0,99.64,99.39,100.0,100.0,100.0,98.91,99.48,99.6,100.0,100.0,100.0,100.0,100.0,100.0,100.0,91.67,100.0,100.0,100.0,100.0
3537107,0.0,53.59,46.41,100.0,1.01,0.0,1.12,0.11,0.22,0.11,0.67,1.12,0.67,1.12,1.79,2.24,3.48,5.83,7.29,11.1,9.3,11.43,9.42,16.03,8.97,5.72,2.02,0.34,0.22,0.22,0.0,0.56,0.0,19.73,22.09,15.58,11.77,12.78,9.08,8.97,0.0,0.0,478.0,414.0,892.0,9.0,0.0,10.0,1.0,2.0,1.0,6.0,10.0,6.0,10.0,16.0,20.0,31.0,52.0,65.0,99.0,83.0,102.0,84.0,143.0,80.0,51.0,18.0,3.0,2.0,2.0,0.0,5.0,0.0,176.0,197.0,139.0,105.0,114.0,81.0,80.0,0.0,99.81,99.81,,0.0,0.08,0.08,0.04,66.8,2.94,0.11,30.11,0.04,0.0,100.0,14.23,15.39,16.94,17.99,18.37,17.09,1.32,0.98,1.13,1.35,1.24,1.13,0.98,1.54,1.28,1.2,1.09,0.98,2652.0,2652.0,,0.0,2.0,2.0,1.0,1775.0,78.0,3.0,800.0,1.0,0.0,2657.0,378.0,409.0,450.0,478.0,488.0,454.0,35.0,26.0,30.0,36.0,33.0,30.0,26.0,41.0,34.0,32.0,29.0,26.0,99.81,99.74,100.0,100.0,100.0,100.0,99.12,99.79,100.0,100.0,100.0,100.0,100.0,100.0,100.0,97.56,100.0,100.0,100.0,100.0
3537156,0.0,62.5,37.5,100.0,0.0,0.0,0.0,0.0,4.17,0.0,1.39,0.0,2.78,4.17,1.39,1.39,0.0,4.17,9.72,1.39,9.72,9.72,8.33,15.28,12.5,9.72,4.17,0.0,0.0,0.0,0.0,0.0,0.0,22.22,25.0,5.56,11.11,11.11,16.67,8.33,0.0,0.0,45.0,27.0,72.0,0.0,0.0,0.0,0.0,3.0,0.0,1.0,0.0,2.0,3.0,1.0,1.0,0.0,3.0,7.0,1.0,7.0,7.0,6.0,11.0,9.0,7.0,3.0,0.0,0.0,0.0,0.0,0.0,0.0,16.0,18.0,4.0,8.0,8.0,12.0,6.0,0.0,100.0,100.0,,0.0,0.0,0.0,0.0,73.89,0.64,0.0,25.48,0.0,0.0,100.0,13.38,14.65,17.83,15.92,23.57,14.65,0.64,1.27,1.27,0.64,2.55,1.27,0.64,0.64,1.27,0.64,1.27,1.27,157.0,157.0,,0.0,0.0,0.0,0.0,116.0,1.0,0.0,40.0,0.0,0.0,157.0,21.0,23.0,28.0,25.0,37.0,23.0,1.0,2.0,2.0,1.0,4.0,2.0,1.0,1.0,2.0,1.0,2.0,2.0,100.0,100.0,100.0,100.0,100.0,100.0,100.0,100.0,100.0,100.0,100.0,100.0,100.0,100.0,100.0,100.0,100.0,100.0,100.0,100.0
3537206,0.0,52.23,47.77,100.0,4.46,0.0,5.8,1.34,0.45,0.89,0.89,0.45,0.0,2.23,1.79,3.13,3.13,1.79,5.36,12.5,9.38,10.71,11.16,12.05,9.38,8.04,0.89,0.0,0.89,0.45,2.23,0.89,0.0,25.0,17.41,16.96,8.93,16.07,7.14,8.48,0.0,0.0,117.0,107.0,224.0,10.0,0.0,13.0,3.0,1.0,2.0,2.0,1.0,0.0,5.0,4.0,7.0,7.0,4.0,12.0,28.0,21.0,24.0,25.0,27.0,21.0,18.0,2.0,0.0,2.0,1.0,5.0,2.0,0.0,56.0,39.0,38.0,20.0,36.0,16.0,19.0,0.0,99.49,99.49,,0.0,0.38,0.13,0.0,61.22,2.04,0.38,36.35,0.0,0.0,100.0,11.35,11.1,14.92,17.86,22.7,22.07,1.53,0.64,0.51,1.15,1.28,1.53,0.51,1.02,1.02,0.77,0.51,0.89,780.0,780.0,,0.0,3.0,1.0,0.0,480.0,16.0,3.0,285.0,0.0,0.0,784.0,89.0,87.0,117.0,140.0,178.0,173.0,12.0,5.0,4.0,9.0,10.0,12.0,4.0,8.0,8.0,6.0,4.0,7.0,99.49,96.63,98.85,100.0,100.0,100.0,100.0,100.0,83.33,100.0,100.0,100.0,90.0,100.0,100.0,100.0,100.0,100.0,100.0,100.0
3537305,0.0,54.42,45.58,100.0,0.76,0.0,1.52,0.76,0.0,0.13,0.32,1.39,0.95,0.95,1.96,2.78,3.1,5.69,7.71,9.04,11.63,12.45,10.62,11.57,8.85,6.89,2.28,0.19,0.44,0.19,0.0,0.06,0.06,23.32,21.05,13.08,11.5,12.52,10.75,7.77,0.0,0.0,861.0,721.0,1582.0,12.0,0.0,24.0,12.0,0.0,2.0,5.0,22.0,15.0,15.0,31.0,44.0,49.0,90.0,122.0,143.0,184.0,197.0,168.0,183.0,140.0,109.0,36.0,3.0,7.0,3.0,0.0,1.0,1.0,369.0,333.0,207.0,182.0,198.0,170.0,123.0,0.0,99.55,99.55,,0.0,0.26,0.17,0.02,71.26,2.03,0.17,26.54,0.0,0.0,100.0,15.04,15.09,16.02,17.58,18.17,18.1,1.41,1.05,1.22,1.29,1.39,1.12,1.41,1.43,1.17,1.2,1.2,1.15,4163.0,4163.0,,0.0,11.0,7.0,1.0,2980.0,85.0,7.0,1110.0,0.0,0.0,4182.0,629.0,631.0,670.0,735.0,760.0,757.0,59.0,44.0,51.0,54.0,58.0,47.0,59.0,60.0,49.0,50.0,50.0,48.0,99.55,99.21,99.84,99.7,99.32,99.34,99.87,99.56,98.31,100.0,100.0,100.0,98.28,97.87,100.0,100.0,100.0,100.0,100.0,95.83
3537404,0.0,53.28,46.72,100.0,1.07,0.92,1.53,0.46,0.0,0.0,0.46,0.76,0.92,1.53,2.44,3.82,4.12,5.19,6.72,8.24,10.38,10.84,10.08,12.06,10.23,5.8,3.36,0.61,0.46,0.61,0.0,0.0,0.0,18.02,24.27,10.69,12.67,14.35,9.16,10.84,0.0,0.0,349.0,306.0,655.0,7.0,6.0,10.0,3.0,0.0,0.0,3.0,5.0,6.0,10.0,16.0,25.0,27.0,34.0,44.0,54.0,68.0,71.0,66.0,79.0,67.0,38.0,22.0,4.0,3.0,4.0,0.0,0.0,0.0,118.0,159.0,70.0,83.0,94.0,60.0,71.0,0.0,99.8,99.8,,0.0,0.13,0.07,0.0,50.95,2.96,1.78,44.31,0.0,0.0,100.0,13.94,16.31,15.71,19.26,17.75,17.03,0.79,0.72,1.71,1.31,1.12,1.25,0.79,0.92,1.58,1.31,1.31,1.12,1518.0,1518.0,,0.0,2.0,1.0,0.0,775.0,45.0,27.0,674.0,0.0,0.0,1521.0,212.0,248.0,239.0,293.0,270.0,259.0,12.0,11.0,26.0,20.0,17.0,19.0,12.0,14.0,24.0,20.0,20.0,17.0,99.8,99.53,100.0,99.58,100.0,100.0,99.61,99.81,100.0,100.0,100.0,100.0,100.0,100.0,100.0,100.0,95.83,100.0,100.0,100.0
3537503,0.0,50.0,50.0,100.0,3.43,0.0,4.41,0.98,0.0,0.49,2.94,1.96,0.98,1.47,1.96,2.94,3.43,3.92,5.39,10.29,11.76,12.75,10.78,9.31,5.88,7.35,1.96,0.0,1.96,0.49,0.98,0.0,0.0,20.59,24.02,13.24,12.25,13.73,7.84,8.33,0.0,0.0,102.0,102.0,204.0,7.0,0.0,9.0,2.0,0.0,1.0,6.0,4.0,2.0,3.0,4.0,6.0,7.0,8.0,11.0,21.0,24.0,26.0,22.0,19.0,12.0,15.0,4.0,0.0,4.0,1.0,2.0,0.0,0.0,42.0,49.0,27.0,25.0,28.0,16.0,17.0,0.0,100.0,100.0,,0.0,0.0,0.0,0.0,67.46,3.33,0.16,28.57,0.48,0.0,100.0,16.51,13.81,16.35,17.46,18.41,17.46,1.43,1.59,1.75,1.11,2.22,1.11,0.95,1.11,1.11,1.59,0.95,1.59,630.0,630.0,,0.0,0.0,0.0,0.0,425.0,21.0,1.0,180.0,3.0,0.0,630.0,104.0,87.0,103.0,110.0,116.0,110.0,9.0,10.0,11.0,7.0,14.0,7.0,6.0,7.0,7.0,10.0,6.0,10.0,100.0,100.0,100.0,100.0,100.0,100.0,100.0,100.0,100.0,100.0,100.0,100.0,100.0,100.0,100.0,100.0,100.0,100.0,100.0,100.0
3537602,0.0,56.14,43.86,100.0,1.18,0.72,1.97,0.79,0.26,0.2,0.98,0.79,1.58,1.77,2.36,2.82,3.74,5.98,5.98,10.31,11.23,11.23,10.64,10.18,8.54,5.52,2.5,0.72,0.13,0.59,0.13,0.26,0.07,21.01,21.6,11.95,11.49,14.25,10.7,9.0,0.0,0.0,855.0,668.0,1523.0,18.0,11.0,30.0,12.0,4.0,3.0,15.0,12.0,24.0,27.0,36.0,43.0,57.0,91.0,91.0,157.0,171.0,171.0,162.0,155.0,130.0,84.0,38.0,11.0,2.0,9.0,2.0,4.0,1.0,320.0,329.0,182.0,175.0,217.0,163.0,137.0,0.0,99.57,99.57,,0.0,0.24,0.19,0.0,55.85,4.21,0.26,38.28,1.4,0.0,100.0,13.77,15.56,16.7,16.81,19.53,17.63,1.17,1.12,1.51,1.53,1.1,1.04,1.42,1.14,0.91,0.95,1.04,0.84,4614.0,4614.0,,0.0,11.0,9.0,0.0,2588.0,195.0,12.0,1774.0,65.0,0.0,4634.0,638.0,721.0,774.0,779.0,905.0,817.0,54.0,52.0,70.0,71.0,51.0,48.0,66.0,53.0,42.0,44.0,48.0,39.0,99.57,98.9,99.72,99.87,99.61,99.34,99.88,99.66,92.59,100.0,98.57,98.59,100.0,100.0,100.0,100.0,97.62,100.0,100.0,100.0
3537701,0.0,56.21,43.79,100.0,0.0,0.0,1.31,1.31,0.0,0.0,0.0,1.96,1.31,3.92,2.61,1.31,3.92,5.23,7.19,5.88,9.15,16.34,7.84,15.03,11.11,3.27,1.96,0.65,0.0,0.0,0.0,0.0,0.0,16.99,20.92,9.8,15.03,12.42,14.38,10.46,0.0,0.0,86.0,67.0,153.0,0.0,0.0,2.0,2.0,0.0,0.0,0.0,3.0,2.0,6.0,4.0,2.0,6.0,8.0,11.0,9.0,14.0,25.0,12.0,23.0,17.0,5.0,3.0,1.0,0.0,0.0,0.0,0.0,0.0,26.0,32.0,15.0,23.0,19.0,22.0,16.0,0.0,99.42,99.42,,0.0,0.29,0.29,0.0,56.73,1.75,0.29,41.23,0.0,0.0,100.0,15.5,18.71,13.74,16.67,15.79,19.59,1.46,1.46,2.05,2.34,0.88,0.58,0.58,1.46,1.46,1.46,0.88,0.88,340.0,340.0,,0.0,1.0,1.0,0.0,194.0,6.0,1.0,141.0,0.0,0.0,342.0,53.0,64.0,47.0,57.0,54.0,67.0,5.0,5.0,7.0,8.0,3.0,2.0,2.0,5.0,5.0,5.0,3.0,3.0,99.42,98.11,100.0,100.0,100.0,98.15,100.0,99.56,100.0,100.0,100.0,100.0,100.0,100.0,100.0,100.0,100.0,80.0,100.0,100.0
3537800,0.0,56.8,43.2,100.0,1.2,0.0,1.64,0.43,0.26,0.34,0.86,1.12,0.69,1.72,2.32,3.27,2.67,6.02,5.94,9.38,10.93,13.6,11.62,12.05,8.95,5.08,1.38,0.17,0.26,0.34,0.43,0.17,0.0,17.21,21.69,13.6,11.62,14.8,9.12,11.96,0.0,0.0,660.0,502.0,1162.0,14.0,0.0,19.0,5.0,3.0,4.0,10.0,13.0,8.0,20.0,27.0,38.0,31.0,70.0,69.0,109.0,127.0,158.0,135.0,140.0,104.0,59.0,16.0,2.0,3.0,4.0,5.0,2.0,0.0,200.0,252.0,158.0,135.0,172.0,106.0,139.0,0.0,99.72,99.72,,0.0,0.22,0.06,0.0,77.42,1.0,0.56,21.0,0.03,0.0,100.0,15.59,14.15,15.96,18.69,17.32,18.3,1.42,1.59,1.34,1.36,1.39,0.72,1.28,1.56,1.09,1.34,1.53,0.97,3581.0,3581.0,,0.0,8.0,2.0,0.0,2780.0,36.0,20.0,754.0,1.0,0.0,3591.0,560.0,508.0,573.0,671.0,622.0,657.0,51.0,57.0,48.0,49.0,50.0,26.0,46.0,56.0,39.0,48.0,55.0,35.0,99.72,99.46,99.61,100.0,99.7,100.0,99.54,99.8,96.08,100.0,100.0,100.0,100.0,100.0,100.0,100.0,97.44,100.0,100.0,100.0
3537909,0.0,57.59,42.41,100.0,1.57,0.0,1.75,0.17,0.35,0.0,0.52,1.22,1.92,1.92,2.79,2.44,2.97,5.06,7.68,10.82,13.09,11.69,10.47,10.99,6.11,6.63,0.87,0.7,0.52,0.52,0.17,0.35,0.0,20.94,22.69,12.91,12.22,11.34,11.17,8.73,0.0,0.0,330.0,243.0,573.0,9.0,0.0,10.0,1.0,2.0,0.0,3.0,7.0,11.0,11.0,16.0,14.0,17.0,29.0,44.0,62.0,75.0,67.0,60.0,63.0,35.0,38.0,5.0,4.0,3.0,3.0,1.0,2.0,0.0,120.0,130.0,74.0,70.0,65.0,64.0,50.0,0.0,99.85,99.85,,0.0,0.05,0.1,0.0,71.12,1.26,1.84,25.78,0.0,0.0,100.0,14.47,17.23,17.09,17.91,17.09,16.21,1.12,1.12,1.12,1.5,1.41,1.12,1.12,1.07,1.12,1.26,1.12,1.41,2057.0,2057.0,,0.0,1.0,2.0,0.0,1465.0,26.0,38.0,531.0,0.0,0.0,2060.0,298.0,355.0,352.0,369.0,352.0,334.0,23.0,23.0,23.0,31.0,29.0,23.0,23.0,22.0,23.0,26.0,23.0,29.0,99.85,100.0,99.72,99.72,99.73,100.0,100.0,99.86,100.0,100.0,100.0,100.0,100.0,100.0,100.0,100.0,100.0,100.0,100.0,100.0
3538006,0.0,56.57,43.43,100.0,1.35,0.21,1.62,0.27,0.09,0.21,1.53,1.71,1.17,1.82,2.66,3.41,3.68,5.56,7.09,8.97,12.2,12.5,10.95,10.44,6.82,4.79,2.06,0.51,0.66,0.36,0.18,0.12,0.03,19.11,22.76,12.26,13.19,13.85,9.12,9.69,0.0,0.0,1891.0,1452.0,3343.0,45.0,7.0,54.0,9.0,3.0,7.0,51.0,57.0,39.0,61.0,89.0,114.0,123.0,186.0,237.0,300.0,408.0,418.0,366.0,349.0,228.0,160.0,69.0,17.0,22.0,12.0,6.0,4.0,1.0,639.0,761.0,410.0,441.0,463.0,305.0,324.0,0.0,99.72,99.72,,0.0,0.19,0.06,0.04,67.09,3.42,0.38,29.1,0.01,0.01,100.0,14.89,15.58,17.04,17.17,17.84,17.46,1.11,1.14,1.32,1.37,1.28,1.2,1.15,1.27,1.13,1.26,1.28,1.38,12350.0,12350.0,,0.0,23.0,7.0,5.0,8309.0,423.0,47.0,3604.0,1.0,1.0,12385.0,1844.0,1930.0,2111.0,2127.0,2210.0,2163.0,137.0,141.0,163.0,170.0,159.0,149.0,142.0,157.0,140.0,156.0,159.0,171.0,99.72,99.62,99.74,99.62,99.72,99.86,99.72,99.73,97.81,98.58,100.0,100.0,100.0,99.33,100.0,100.0,100.0,99.36,100.0,100.0
3538105,0.0,60.39,39.61,100.0,0.83,0.0,0.83,0.0,0.0,0.28,0.0,0.55,1.11,1.39,1.39,2.22,3.88,5.26,5.26,8.59,8.86,11.63,14.96,16.07,9.42,7.2,1.11,0.0,0.0,0.55,0.28,0.0,0.0,19.94,20.5,13.57,12.47,13.3,9.42,10.8,0.0,0.0,218.0,143.0,361.0,3.0,0.0,3.0,0.0,0.0,1.0,0.0,2.0,4.0,5.0,5.0,8.0,14.0,19.0,19.0,31.0,32.0,42.0,54.0,58.0,34.0,26.0,4.0,0.0,0.0,2.0,1.0,0.0,0.0,72.0,74.0,49.0,45.0,48.0,34.0,39.0,0.0,99.76,99.76,,0.0,0.12,0.12,0.0,69.53,1.31,0.0,29.15,0.0,0.0,100.0,15.65,16.37,15.77,17.56,16.85,17.8,0.96,0.96,0.96,0.48,2.03,0.96,0.6,2.03,1.79,1.67,1.43,1.79,835.0,835.0,,0.0,1.0,1.0,0.0,582.0,11.0,0.0,244.0,0.0,0.0,837.0,131.0,137.0,132.0,147.0,141.0,149.0,8.0,8.0,8.0,4.0,17.0,8.0,5.0,17.0,15.0,14.0,12.0,15.0,99.76,100.0,100.0,99.24,99.32,100.0,100.0,99.65,100.0,100.0,100.0,100.0,100.0,100.0,100.0,100.0,100.0,100.0,100.0,100.0
3538204,0.0,53.06,46.94,100.0,1.02,0.0,1.36,0.34,0.0,0.34,0.34,0.34,0.34,0.68,0.68,2.04,3.74,4.76,6.12,6.46,11.56,12.93,9.52,15.65,9.18,9.18,3.74,1.02,0.68,0.0,0.34,0.0,0.0,24.15,21.09,13.27,12.24,14.97,5.78,8.5,0.0,0.0,156.0,138.0,294.0,3.0,0.0,4.0,1.0,0.0,1.0,1.0,1.0,1.0,2.0,2.0,6.0,11.0,14.0,18.0,19.0,34.0,38.0,28.0,46.0,27.0,27.0,11.0,3.0,2.0,0.0,1.0,0.0,0.0,71.0,62.0,39.0,36.0,44.0,17.0,25.0,0.0,99.48,99.48,,0.0,0.21,0.31,0.0,74.4,2.2,0.31,23.08,0.0,0.0,100.0,13.54,14.06,17.73,19.41,15.32,19.94,0.73,0.42,1.26,1.57,1.05,1.15,0.73,2.2,0.94,0.73,1.26,1.47,948.0,948.0,,0.0,2.0,3.0,0.0,709.0,21.0,3.0,220.0,0.0,0.0,953.0,129.0,134.0,169.0,185.0,146.0,190.0,7.0,4.0,12.0,15.0,10.0,11.0,7.0,21.0,9.0,7.0,12.0,14.0,99.48,99.22,99.25,100.0,99.46,99.32,99.47,99.57,100.0,100.0,100.0,100.0,100.0,100.0,100.0,100.0,100.0,100.0,91.67,100.0
3538303,0.0,74.14,25.86,100.0,0.0,0.0,0.0,0.0,0.0,0.0,0.0,0.0,3.45,0.0,0.0,5.17,6.9,12.07,6.9,13.79,3.45,13.79,12.07,8.62,8.62,1.72,3.45,0.0,0.0,0.0,0.0,0.0,0.0,18.97,22.41,10.34,13.79,18.97,3.45,12.07,0.0,0.0,43.0,15.0,58.0,0.0,0.0,0.0,0.0,0.0,0.0,0.0,0.0,2.0,0.0,0.0,3.0,4.0,7.0,4.0,8.0,2.0,8.0,7.0,5.0,5.0,1.0,2.0,0.0,0.0,0.0,0.0,0.0,0.0,11.0,13.0,6.0,8.0,11.0,2.0,7.0,0.0,98.97,98.97,,0.0,1.03,0.0,0.0,61.86,2.58,0.0,35.57,0.0,0.0,100.0,15.46,15.98,14.43,18.04,16.49,19.59,0.0,1.55,3.09,1.03,0.52,0.0,3.09,2.06,2.06,0.52,0.52,1.03,192.0,192.0,,0.0,2.0,0.0,0.0,120.0,5.0,0.0,69.0,0.0,0.0,194.0,30.0,31.0,28.0,35.0,32.0,38.0,0.0,3.0,6.0,2.0,1.0,0.0,6.0,4.0,4.0,1.0,1.0,2.0,98.97,96.67,100.0,100.0,97.14,100.0,100.0,99.25,0.0,66.67,100.0,100.0,100.0,0.0,100.0,100.0,100.0,100.0,100.0,100.0
3538501,0.0,55.27,44.73,100.0,1.14,1.71,1.99,0.85,0.57,0.57,0.85,0.85,1.71,2.28,1.14,0.57,5.13,6.84,5.98,12.54,9.97,10.26,11.11,8.55,9.12,5.7,1.71,0.85,0.85,0.28,0.0,0.0,0.0,19.37,22.51,15.67,9.69,14.25,9.97,8.55,0.0,0.0,194.0,157.0,351.0,4.0,6.0,7.0,3.0,2.0,2.0,3.0,3.0,6.0,8.0,4.0,2.0,18.0,24.0,21.0,44.0,35.0,36.0,39.0,30.0,32.0,20.0,6.0,3.0,3.0,1.0,0.0,0.0,0.0,68.0,79.0,55.0,34.0,50.0,35.0,30.0,0.0,99.31,99.31,,0.0,0.56,0.0,0.14,71.11,2.92,0.0,25.97,0.0,0.0,100.0,14.31,14.03,17.5,17.92,16.53,19.72,1.11,1.11,1.67,1.25,0.28,1.53,0.83,1.39,1.39,1.25,1.25,1.25,715.0,715.0,,0.0,4.0,0.0,1.0,512.0,21.0,0.0,187.0,0.0,0.0,720.0,103.0,101.0,126.0,129.0,119.0,142.0,8.0,8.0,12.0,9.0,2.0,11.0,6.0,10.0,10.0,9.0,9.0,9.0,99.31,100.0,99.01,98.41,100.0,99.16,99.3,99.22,100.0,100.0,100.0,100.0,100.0,100.0,100.0,100.0,100.0,100.0,100.0,100.0
3538600,0.0,58.18,41.82,100.0,1.19,0.45,1.49,0.3,0.0,0.0,0.6,0.89,1.19,0.6,0.6,2.98,2.53,4.76,8.48,8.48,11.31,11.76,11.31,12.5,10.86,6.1,2.68,0.45,0.45,0.3,0.0,0.45,0.0,17.71,19.05,11.46,12.5,18.75,10.86,9.67,0.0,0.0,391.0,281.0,672.0,8.0,3.0,10.0,2.0,0.0,0.0,4.0,6.0,8.0,4.0,4.0,20.0,17.0,32.0,57.0,57.0,76.0,79.0,76.0,84.0,73.0,41.0,18.0,3.0,3.0,2.0,0.0,3.0,0.0,119.0,128.0,77.0,84.0,126.0,73.0,65.0,0.0,99.32,99.32,,0.0,0.31,0.37,0.0,69.31,2.17,0.62,27.9,0.0,0.0,100.0,16.8,13.39,16.18,17.23,18.29,18.1,1.24,1.18,1.86,1.55,1.92,1.3,1.12,1.05,1.12,1.49,1.43,1.55,1602.0,1602.0,,0.0,5.0,6.0,0.0,1118.0,35.0,10.0,450.0,0.0,0.0,1613.0,271.0,216.0,261.0,278.0,295.0,292.0,20.0,19.0,30.0,25.0,31.0,21.0,18.0,17.0,18.0,24.0,23.0,25.0,99.32,98.52,99.54,100.0,99.28,99.66,98.97,99.47,100.0,100.0,96.67,100.0,96.77,100.0,100.0,94.12,100.0,95.83,100.0,100.0
3538709,0.0,55.42,44.58,100.0,0.98,0.13,1.33,0.34,0.13,0.12,0.58,0.95,1.06,1.58,1.89,2.99,3.6,5.28,6.5,10.11,10.95,11.55,11.48,11.32,8.9,6.57,2.43,0.56,0.37,0.33,0.16,0.11,0.03,21.42,20.55,12.3,13.03,13.18,10.22,9.31,0.0,0.0,4221.0,3395.0,7616.0,75.0,10.0,101.0,26.0,10.0,9.0,44.0,72.0,81.0,120.0,144.0,228.0,274.0,402.0,495.0,770.0,834.0,880.0,874.0,862.0,678.0,500.0,185.0,43.0,28.0,25.0,12.0,8.0,2.0,1631.0,1565.0,937.0,992.0,1004.0,778.0,709.0,0.0,99.67,99.67,,0.0,0.15,0.14,0.04,63.21,5.44,0.4,30.89,0.05,0.0,100.0,15.25,14.77,16.68,17.59,17.69,18.03,1.19,1.15,1.36,1.26,1.32,1.23,1.35,1.29,1.3,1.23,1.36,1.22,27642.0,27642.0,,0.0,42.0,39.0,11.0,17532.0,1508.0,111.0,8568.0,15.0,0.0,27734.0,4230.0,4095.0,4625.0,4878.0,4905.0,5001.0,329.0,318.0,377.0,349.0,365.0,342.0,374.0,357.0,360.0,342.0,378.0,339.0,99.67,99.48,99.66,99.72,99.67,99.86,99.6,99.71,99.09,98.74,100.0,98.28,99.45,99.42,99.73,99.44,100.0,100.0,99.74,99.71
3538808,0.0,55.2,44.8,100.0,0.88,0.15,1.17,0.29,0.15,0.15,0.59,0.88,0.88,0.59,2.34,3.22,2.64,4.98,6.88,8.2,10.25,14.2,11.71,12.74,9.22,6.3,2.05,0.73,0.59,0.15,0.0,0.15,0.0,19.77,20.2,11.86,12.88,12.45,12.15,10.69,0.0,0.0,377.0,306.0,683.0,6.0,1.0,8.0,2.0,1.0,1.0,4.0,6.0,6.0,4.0,16.0,22.0,18.0,34.0,47.0,56.0,70.0,97.0,80.0,87.0,63.0,43.0,14.0,5.0,4.0,1.0,0.0,1.0,0.0,135.0,138.0,81.0,88.0,85.0,83.0,73.0,0.0,99.49,99.49,,0.0,0.31,0.2,0.0,82.27,1.43,0.25,16.0,0.05,0.0,100.0,14.37,15.54,17.63,16.3,17.58,18.59,1.17,1.07,1.22,0.97,1.27,1.63,0.82,1.43,1.12,1.32,1.38,0.97,1953.0,1953.0,,0.0,6.0,4.0,0.0,1615.0,28.0,5.0,314.0,1.0,0.0,1963.0,282.0,305.0,346.0,320.0,345.0,365.0,23.0,21.0,24.0,19.0,25.0,32.0,16.0,28.0,22.0,26.0,27.0,19.0,99.49,98.23,99.67,99.71,99.69,100.0,99.45,99.71,91.3,100.0,100.0,100.0,96.0,100.0,87.5,100.0,100.0,100.0,100.0,100.0
3538907,0.0,53.31,46.69,100.0,1.65,0.0,1.84,0.18,0.18,0.18,1.47,0.55,1.47,1.65,1.65,2.76,3.31,5.33,6.99,7.9,8.09,12.5,12.68,13.6,10.85,4.96,1.84,0.18,1.1,0.18,0.18,0.18,0.0,20.77,20.96,14.52,13.24,12.13,9.56,8.82,0.0,0.0,290.0,254.0,544.0,9.0,0.0,10.0,1.0,1.0,1.0,8.0,3.0,8.0,9.0,9.0,15.0,18.0,29.0,38.0,43.0,44.0,68.0,69.0,74.0,59.0,27.0,10.0,1.0,6.0,1.0,1.0,1.0,0.0,113.0,114.0,79.0,72.0,66.0,52.0,48.0,0.0,99.76,99.76,,0.0,0.0,0.24,0.0,68.17,3.49,0.16,28.17,0.0,0.0,100.0,15.48,15.87,15.87,18.57,16.51,17.7,1.19,0.95,1.27,1.59,1.27,1.67,1.19,2.06,0.56,0.79,1.83,1.11,1257.0,1257.0,,0.0,0.0,3.0,0.0,859.0,44.0,2.0,355.0,0.0,0.0,1260.0,195.0,200.0,200.0,234.0,208.0,223.0,15.0,12.0,16.0,20.0,16.0,21.0,15.0,26.0,7.0,10.0,23.0,14.0,99.76,99.49,100.0,99.5,100.0,100.0,99.55,99.77,100.0,100.0,100.0,95.0,100.0,100.0,100.0,100.0,100.0,100.0,100.0,100.0
3539004,0.0,56.6,43.4,100.0,1.13,0.0,1.89,0.75,0.0,0.0,0.38,0.75,0.75,1.13,1.89,4.53,3.4,7.92,5.66,6.04,11.32,11.7,14.72,10.19,10.94,5.66,1.13,0.0,0.0,0.75,0.0,0.38,0.0,17.36,22.26,12.83,14.72,9.43,12.45,10.94,0.0,0.0,150.0,115.0,265.0,3.0,0.0,5.0,2.0,0.0,0.0,1.0,2.0,2.0,3.0,5.0,12.0,9.0,21.0,15.0,16.0,30.0,31.0,39.0,27.0,29.0,15.0,3.0,0.0,0.0,2.0,0.0,1.0,0.0,46.0,59.0,34.0,39.0,25.0,33.0,29.0,0.0,99.43,99.43,,0.0,0.43,0.14,0.0,69.76,2.0,0.0,28.25,0.0,0.0,100.0,15.69,16.83,14.69,18.26,15.83,18.69,1.14,0.71,1.28,1.14,2.14,2.0,1.28,1.71,0.43,1.71,1.0,1.14,697.0,697.0,,0.0,3.0,1.0,0.0,489.0,14.0,0.0,198.0,0.0,0.0,701.0,110.0,118.0,103.0,128.0,111.0,131.0,8.0,5.0,9.0,8.0,15.0,14.0,9.0,12.0,3.0,12.0,7.0,8.0,99.43,99.09,100.0,100.0,99.22,99.1,99.24,99.37,87.5,100.0,100.0,100.0,100.0,100.0,100.0,100.0,100.0,100.0,100.0,100.0
3539103,0.0,55.32,44.68,100.0,1.22,0.3,1.52,0.3,0.3,0.0,2.13,1.52,2.74,4.26,1.82,3.34,5.17,8.51,8.21,8.81,10.03,12.16,8.51,8.81,4.26,6.08,0.91,0.61,0.3,0.3,0.3,0.3,0.0,22.8,18.24,8.21,16.11,13.68,9.42,11.55,0.0,0.0,182.0,147.0,329.0,4.0,1.0,5.0,1.0,1.0,0.0,7.0,5.0,9.0,14.0,6.0,11.0,17.0,28.0,27.0,29.0,33.0,40.0,28.0,29.0,14.0,20.0,3.0,2.0,1.0,1.0,1.0,1.0,0.0,75.0,60.0,27.0,53.0,45.0,31.0,38.0,0.0,99.57,99.57,,0.0,0.24,0.18,0.0,45.21,6.59,0.0,48.08,0.12,0.0,100.0,15.31,14.4,17.33,17.57,18.43,16.96,0.73,1.4,1.77,1.53,1.46,0.98,1.53,1.34,1.1,1.34,1.16,0.98,1632.0,1632.0,,0.0,4.0,3.0,0.0,741.0,108.0,0.0,788.0,2.0,0.0,1639.0,251.0,236.0,284.0,288.0,302.0,278.0,12.0,23.0,29.0,25.0,24.0,16.0,25.0,22.0,18.0,22.0,19.0,16.0,99.57,99.2,100.0,99.65,99.65,99.01,100.0,99.57,100.0,95.65,100.0,100.0,100.0,100.0,96.0,100.0,100.0,100.0,100.0,100.0
3539202,0.0,58.2,41.8,100.0,1.55,0.0,1.73,0.17,0.0,0.35,0.86,0.86,1.9,0.86,1.73,3.63,4.32,4.66,6.22,8.98,10.88,9.33,12.44,12.61,9.84,4.49,3.63,0.69,0.86,0.17,0.35,0.17,0.0,17.96,19.86,13.13,10.02,15.72,11.57,11.74,0.0,0.0,337.0,242.0,579.0,9.0,0.0,10.0,1.0,0.0,2.0,5.0,5.0,11.0,5.0,10.0,21.0,25.0,27.0,36.0,52.0,63.0,54.0,72.0,73.0,57.0,26.0,21.0,4.0,5.0,1.0,2.0,1.0,0.0,104.0,115.0,76.0,58.0,91.0,67.0,68.0,0.0,99.83,99.83,,0.0,0.11,0.06,0.0,59.35,2.52,0.74,37.34,0.06,0.0,100.0,14.92,14.87,18.24,17.27,17.32,17.38,0.97,1.43,1.2,1.49,1.66,1.2,1.37,1.77,0.97,1.09,0.97,0.8,1746.0,1746.0,,0.0,2.0,1.0,0.0,1038.0,44.0,13.0,653.0,1.0,0.0,1749.0,261.0,260.0,319.0,302.0,303.0,304.0,17.0,25.0,21.0,26.0,29.0,21.0,24.0,31.0,17.0,19.0,17.0,14.0,99.83,99.62,99.62,99.69,100.0,100.0,100.0,99.92,94.12,100.0,100.0,100.0,100.0,100.0,100.0,100.0,100.0,100.0,100.0,100.0
3539301,0.0,53.65,46.35,100.0,1.33,0.12,2.14,0.81,0.35,0.17,0.23,1.39,0.7,1.27,2.32,2.09,3.42,4.69,6.08,8.11,9.79,12.11,11.53,13.5,10.08,6.84,2.67,0.41,0.41,0.7,0.06,0.06,0.12,21.55,20.05,12.86,13.96,12.22,11.12,8.23,0.0,0.0,926.0,800.0,1726.0,23.0,2.0,37.0,14.0,6.0,3.0,4.0,24.0,12.0,22.0,40.0,36.0,59.0,81.0,105.0,140.0,169.0,209.0,199.0,233.0,174.0,118.0,46.0,7.0,7.0,12.0,1.0,1.0,2.0,372.0,346.0,222.0,241.0,211.0,192.0,142.0,0.0,99.71,99.71,,0.0,0.16,0.1,0.02,70.13,3.05,0.19,26.57,0.06,0.0,100.0,15.42,15.13,16.92,16.51,18.41,17.6,1.03,1.42,1.59,1.11,1.44,1.42,1.22,1.4,1.24,1.09,0.99,1.46,4837.0,4837.0,,0.0,8.0,5.0,1.0,3402.0,148.0,9.0,1289.0,3.0,0.0,4851.0,748.0,734.0,821.0,801.0,893.0,854.0,50.0,69.0,77.0,54.0,70.0,69.0,59.0,68.0,60.0,53.0,48.0,71.0,99.71,99.6,99.18,100.0,99.88,99.89,99.65,99.85,98.0,100.0,97.4,100.0,100.0,100.0,100.0,100.0,100.0,100.0,100.0,100.0
3539400,0.0,52.05,47.95,100.0,0.63,0.0,1.58,0.95,0.0,0.0,0.32,0.63,0.32,1.26,1.89,2.52,3.79,4.42,5.68,9.78,8.52,13.25,10.73,11.67,11.67,5.99,5.36,0.63,0.32,0.32,0.0,0.0,0.0,17.67,22.08,14.83,13.56,15.77,9.15,6.94,0.0,0.0,165.0,152.0,317.0,2.0,0.0,5.0,3.0,0.0,0.0,1.0,2.0,1.0,4.0,6.0,8.0,12.0,14.0,18.0,31.0,27.0,42.0,34.0,37.0,37.0,19.0,17.0,2.0,1.0,1.0,0.0,0.0,0.0,56.0,70.0,47.0,43.0,50.0,29.0,22.0,0.0,100.0,100.0,,0.0,0.0,0.0,0.0,76.33,2.26,0.45,20.87,0.09,0.0,100.0,15.0,15.09,16.35,17.71,16.8,19.06,1.26,1.17,1.26,0.9,2.35,0.99,0.99,1.36,1.99,0.9,0.81,0.99,1107.0,1107.0,,0.0,0.0,0.0,0.0,845.0,25.0,5.0,231.0,1.0,0.0,1107.0,166.0,167.0,181.0,196.0,186.0,211.0,14.0,13.0,14.0,10.0,26.0,11.0,11.0,15.0,22.0,10.0,9.0,11.0,100.0,100.0,100.0,100.0,100.0,100.0,100.0,100.0,100.0,100.0,100.0,100.0,100.0,100.0,100.0,100.0,100.0,100.0,100.0,100.0
3539509,0.0,55.15,44.85,100.0,1.29,0.12,1.64,0.35,0.12,0.0,0.47,1.17,1.17,1.99,2.58,2.93,5.5,4.57,7.03,10.89,9.95,13.23,10.54,9.84,9.6,4.68,1.99,0.0,0.59,0.7,0.0,0.0,0.0,18.85,26.93,11.12,11.36,11.24,12.65,7.85,0.0,0.0,471.0,383.0,854.0,11.0,1.0,14.0,3.0,1.0,0.0,4.0,10.0,10.0,17.0,22.0,25.0,47.0,39.0,60.0,93.0,85.0,113.0,90.0,84.0,82.0,40.0,17.0,0.0,5.0,6.0,0.0,0.0,0.0,161.0,230.0,95.0,97.0,96.0,108.0,67.0,0.0,99.84,99.84,,0.0,0.12,0.04,0.0,59.65,3.48,0.08,36.75,0.04,0.0,100.0,16.26,15.23,16.77,17.44,18.71,15.59,1.42,1.03,1.31,1.15,1.5,1.42,1.27,1.03,1.78,1.42,1.19,1.74,2524.0,2524.0,,0.0,3.0,1.0,0.0,1508.0,88.0,2.0,929.0,1.0,0.0,2528.0,411.0,385.0,424.0,441.0,473.0,394.0,36.0,26.0,33.0,29.0,38.0,36.0,32.0,26.0,45.0,36.0,30.0,44.0,99.84,100.0,99.22,100.0,100.0,100.0,99.75,99.94,100.0,100.0,100.0,100.0,100.0,100.0,100.0,100.0,100.0,100.0,100.0,100.0
3539608,0.0,60.17,39.83,100.0,0.0,0.85,0.85,0.85,0.85,1.69,2.54,2.54,3.39,0.85,0.85,4.24,6.78,7.63,6.78,10.17,11.86,7.63,10.17,8.47,3.39,5.93,2.54,0.0,0.0,0.0,0.0,0.0,0.0,22.03,17.8,12.71,12.71,10.17,14.41,10.17,0.0,0.0,71.0,47.0,118.0,0.0,1.0,1.0,1.0,1.0,2.0,3.0,3.0,4.0,1.0,1.0,5.0,8.0,9.0,8.0,12.0,14.0,9.0,12.0,10.0,4.0,7.0,3.0,0.0,0.0,0.0,0.0,0.0,0.0,26.0,21.0,15.0,15.0,12.0,17.0,12.0,0.0,100.0,100.0,,0.0,0.0,0.0,0.0,58.33,2.78,0.0,38.89,0.0,0.0,100.0,12.5,17.36,16.67,19.44,18.4,15.63,1.39,0.69,2.08,0.69,1.74,0.0,0.0,1.04,1.74,0.69,1.04,1.39,288.0,288.0,,0.0,0.0,0.0,0.0,168.0,8.0,0.0,112.0,0.0,0.0,288.0,36.0,50.0,48.0,56.0,53.0,45.0,4.0,2.0,6.0,2.0,5.0,0.0,0.0,3.0,5.0,2.0,3.0,4.0,100.0,100.0,100.0,100.0,100.0,100.0,100.0,100.0,100.0,100.0,100.0,100.0,100.0,0.0,0.0,100.0,100.0,100.0,100.0,100.0
3539707,0.0,65.85,34.15,100.0,6.1,0.0,6.1,0.0,0.0,0.0,0.0,3.66,0.0,1.22,1.22,1.22,4.88,6.1,3.66,6.1,10.98,18.29,7.32,12.2,9.76,6.1,1.22,0.0,2.44,3.66,0.0,0.0,0.0,15.85,18.29,13.41,8.54,20.73,10.98,12.2,0.0,0.0,54.0,28.0,82.0,5.0,0.0,5.0,0.0,0.0,0.0,0.0,3.0,0.0,1.0,1.0,1.0,4.0,5.0,3.0,5.0,9.0,15.0,6.0,10.0,8.0,5.0,1.0,0.0,2.0,3.0,0.0,0.0,0.0,13.0,15.0,11.0,7.0,17.0,9.0,10.0,0.0,100.0,100.0,,0.0,0.0,0.0,0.0,69.96,1.65,0.0,28.4,0.0,0.0,100.0,10.7,13.58,18.11,20.16,17.28,20.16,1.65,1.23,1.23,1.65,1.23,0.0,0.0,0.82,0.0,1.65,0.82,0.41,243.0,243.0,,0.0,0.0,0.0,0.0,170.0,4.0,0.0,69.0,0.0,0.0,243.0,26.0,33.0,44.0,49.0,42.0,49.0,4.0,3.0,3.0,4.0,3.0,0.0,0.0,2.0,0.0,4.0,2.0,1.0,100.0,100.0,100.0,100.0,100.0,100.0,100.0,100.0,100.0,100.0,100.0,100.0,100.0,0.0,0.0,100.0,0.0,100.0,100.0,100.0
3539806,0.0,53.95,46.05,100.0,1.35,0.76,1.73,0.38,0.3,0.34,0.68,1.35,1.35,1.61,2.53,3.25,4.31,5.87,8.15,10.94,12.04,11.83,10.27,9.34,6.72,4.27,2.03,0.34,0.63,0.38,0.17,0.13,0.04,18.42,20.41,11.53,15.0,12.8,10.69,11.15,0.0,0.0,1277.0,1090.0,2367.0,32.0,18.0,41.0,9.0,7.0,8.0,16.0,32.0,32.0,38.0,60.0,77.0,102.0,139.0,193.0,259.0,285.0,280.0,243.0,221.0,159.0,101.0,48.0,8.0,15.0,9.0,4.0,3.0,1.0,436.0,483.0,273.0,355.0,303.0,253.0,264.0,0.0,99.71,99.71,,0.0,0.15,0.13,0.01,56.12,7.2,0.43,36.23,0.01,0.0,100.0,14.37,14.31,17.43,17.5,18.65,17.75,1.11,1.16,1.21,1.04,1.07,1.05,1.38,1.32,1.5,1.08,1.16,1.29,7106.0,7106.0,,0.0,11.0,9.0,1.0,4000.0,513.0,31.0,2582.0,1.0,0.0,7127.0,1024.0,1020.0,1242.0,1247.0,1329.0,1265.0,79.0,83.0,86.0,74.0,76.0,75.0,98.0,94.0,107.0,77.0,83.0,92.0,99.71,99.61,99.61,99.68,99.92,99.62,99.76,99.74,98.73,100.0,100.0,100.0,100.0,100.0,100.0,100.0,99.07,100.0,98.8,98.91
3539905,0.0,59.84,40.16,100.0,2.36,0.0,2.36,0.0,1.57,0.0,0.0,0.79,0.0,0.79,2.36,5.51,2.36,3.94,6.3,7.09,8.66,9.45,12.6,20.47,10.24,1.57,3.15,0.79,1.57,0.0,0.79,0.0,0.0,19.69,21.26,13.39,11.81,14.96,11.02,7.87,0.0,0.0,76.0,51.0,127.0,3.0,0.0,3.0,0.0,2.0,0.0,0.0,1.0,0.0,1.0,3.0,7.0,3.0,5.0,8.0,9.0,11.0,12.0,16.0,26.0,13.0,2.0,4.0,1.0,2.0,0.0,1.0,0.0,0.0,25.0,27.0,17.0,15.0,19.0,14.0,10.0,0.0,100.0,100.0,,0.0,0.0,0.0,0.0,56.1,7.59,0.0,36.31,0.0,0.0,100.0,17.34,17.89,14.36,17.89,17.34,15.18,1.36,2.17,1.36,1.63,2.71,1.08,0.81,1.9,1.08,1.08,1.08,1.08,369.0,369.0,,0.0,0.0,0.0,0.0,207.0,28.0,0.0,134.0,0.0,0.0,369.0,64.0,66.0,53.0,66.0,64.0,56.0,5.0,8.0,5.0,6.0,10.0,4.0,3.0,7.0,4.0,4.0,4.0,4.0,100.0,100.0,100.0,100.0,100.0,100.0,100.0,100.0,100.0,100.0,100.0,100.0,100.0,100.0,100.0,100.0,100.0,100.0,100.0,100.0
3540002,0.0,55.17,44.83,100.0,0.92,0.23,1.38,0.46,0.23,0.0,1.38,0.92,0.46,1.61,2.07,3.91,4.14,4.6,5.29,9.2,10.11,12.64,12.87,10.57,8.97,6.44,2.99,0.0,0.23,0.23,0.46,0.0,0.0,16.32,18.39,12.87,14.02,16.55,10.11,11.72,0.0,0.0,240.0,195.0,435.0,4.0,1.0,6.0,2.0,1.0,0.0,6.0,4.0,2.0,7.0,9.0,17.0,18.0,20.0,23.0,40.0,44.0,55.0,56.0,46.0,39.0,28.0,13.0,0.0,1.0,1.0,2.0,0.0,0.0,71.0,80.0,56.0,61.0,72.0,44.0,51.0,0.0,99.55,99.55,,0.0,0.38,0.08,0.0,61.47,2.86,1.88,33.78,0.0,0.0,100.0,15.43,15.65,14.97,17.61,16.7,19.64,1.43,1.5,1.28,1.05,1.73,1.05,1.28,0.98,1.43,0.68,1.88,1.13,1323.0,1323.0,,0.0,5.0,1.0,0.0,817.0,38.0,25.0,449.0,0.0,0.0,1329.0,205.0,208.0,199.0,234.0,222.0,261.0,19.0,20.0,17.0,14.0,23.0,14.0,17.0,13.0,19.0,9.0,25.0,15.0,99.55,99.02,99.52,99.5,99.15,100.0,100.0,99.67,94.74,100.0,100.0,100.0,100.0,92.86,100.0,100.0,100.0,100.0,100.0,100.0
3540101,0.0,69.64,30.36,100.0,0.0,0.0,0.0,0.0,0.0,0.89,0.89,1.79,0.0,0.89,0.0,0.89,7.14,7.14,8.04,12.5,9.82,9.82,7.14,8.04,13.39,9.82,1.79,0.0,0.0,0.0,0.0,0.0,0.0,23.21,19.64,16.07,6.25,12.5,11.61,10.71,0.0,0.0,78.0,34.0,112.0,0.0,0.0,0.0,0.0,0.0,1.0,1.0,2.0,0.0,1.0,0.0,1.0,8.0,8.0,9.0,14.0,11.0,11.0,8.0,9.0,15.0,11.0,2.0,0.0,0.0,0.0,0.0,0.0,0.0,26.0,22.0,18.0,7.0,14.0,13.0,12.0,0.0,100.0,100.0,,0.0,0.0,0.0,0.0,71.58,1.09,0.0,27.32,0.0,0.0,100.0,8.74,18.58,16.94,17.49,19.13,19.13,0.0,0.0,1.09,1.09,2.73,1.09,0.55,0.0,1.09,0.55,0.0,0.55,183.0,183.0,,0.0,0.0,0.0,0.0,131.0,2.0,0.0,50.0,0.0,0.0,183.0,16.0,34.0,31.0,32.0,35.0,35.0,0.0,0.0,2.0,2.0,5.0,2.0,1.0,0.0,2.0,1.0,0.0,1.0,100.0,100.0,100.0,100.0,100.0,100.0,100.0,100.0,0.0,0.0,100.0,100.0,100.0,100.0,100.0,0.0,100.0,100.0,0.0,100.0
3540200,0.0,56.6,43.4,100.0,0.88,0.15,1.47,0.59,0.15,0.44,1.32,0.59,2.35,2.93,1.76,4.69,5.13,7.18,8.21,11.44,9.82,8.5,9.82,8.94,8.21,4.55,1.61,0.73,0.44,0.29,0.0,0.15,0.0,19.35,25.66,12.76,12.76,14.22,7.77,7.48,0.0,0.0,386.0,296.0,682.0,6.0,1.0,10.0,4.0,1.0,3.0,9.0,4.0,16.0,20.0,12.0,32.0,35.0,49.0,56.0,78.0,67.0,58.0,67.0,61.0,56.0,31.0,11.0,5.0,3.0,2.0,0.0,1.0,0.0,132.0,175.0,87.0,87.0,97.0,53.0,51.0,0.0,99.83,99.83,,0.0,0.1,0.03,0.03,47.21,5.12,0.0,47.68,0.0,0.0,100.0,15.93,15.32,16.8,16.97,16.84,18.15,0.91,1.04,1.28,1.48,2.02,1.25,1.65,1.08,1.04,1.18,1.52,1.48,2965.0,2965.0,,0.0,3.0,1.0,1.0,1402.0,152.0,0.0,1416.0,0.0,0.0,2970.0,473.0,455.0,499.0,504.0,500.0,539.0,27.0,31.0,38.0,44.0,60.0,37.0,49.0,32.0,31.0,35.0,45.0,44.0,99.83,100.0,99.78,99.6,99.8,100.0,99.81,99.8,100.0,100.0,100.0,100.0,100.0,100.0,100.0,100.0,100.0,100.0,100.0,100.0
3540259,0.0,54.44,45.56,100.0,1.11,0.0,1.11,0.0,0.0,1.11,2.22,0.0,0.0,1.11,1.11,0.0,7.78,7.78,7.78,13.33,7.78,12.22,7.78,13.33,6.67,5.56,3.33,0.0,0.0,1.11,0.0,0.0,0.0,24.44,20.0,12.22,12.22,12.22,11.11,7.78,0.0,0.0,49.0,41.0,90.0,1.0,0.0,1.0,0.0,0.0,1.0,2.0,0.0,0.0,1.0,1.0,0.0,7.0,7.0,7.0,12.0,7.0,11.0,7.0,12.0,6.0,5.0,3.0,0.0,0.0,1.0,0.0,0.0,0.0,22.0,18.0,11.0,11.0,11.0,10.0,7.0,0.0,100.0,100.0,,0.0,0.0,0.0,0.0,52.6,3.9,0.0,43.51,0.0,0.0,100.0,17.53,13.64,17.21,17.53,18.83,15.26,0.32,1.62,2.27,1.95,0.97,0.0,2.27,1.62,1.3,1.62,1.62,1.95,308.0,308.0,,0.0,0.0,0.0,0.0,162.0,12.0,0.0,134.0,0.0,0.0,308.0,54.0,42.0,53.0,54.0,58.0,47.0,1.0,5.0,7.0,6.0,3.0,0.0,7.0,5.0,4.0,5.0,5.0,6.0,100.0,100.0,100.0,100.0,100.0,100.0,100.0,100.0,100.0,100.0,100.0,100.0,100.0,0.0,100.0,100.0,100.0,100.0,100.0,100.0
3540309,0.0,69.81,30.19,100.0,0.0,1.89,0.0,0.0,0.0,0.0,0.0,0.0,1.89,3.77,3.77,0.0,0.0,5.66,7.55,11.32,9.43,9.43,11.32,11.32,9.43,11.32,0.0,1.89,0.0,0.0,0.0,0.0,0.0,16.98,11.32,22.64,16.98,7.55,11.32,13.21,0.0,0.0,37.0,16.0,53.0,0.0,1.0,0.0,0.0,0.0,0.0,0.0,0.0,1.0,2.0,2.0,0.0,0.0,3.0,4.0,6.0,5.0,5.0,6.0,6.0,5.0,6.0,0.0,1.0,0.0,0.0,0.0,0.0,0.0,9.0,6.0,12.0,9.0,4.0,6.0,7.0,0.0,100.0,100.0,,0.0,0.0,0.0,0.0,55.77,3.21,0.0,41.03,0.0,0.0,100.0,15.38,15.38,18.59,17.31,14.74,18.59,0.0,3.21,0.0,1.28,0.64,1.28,2.56,0.64,1.28,1.28,1.28,1.92,156.0,156.0,,0.0,0.0,0.0,0.0,87.0,5.0,0.0,64.0,0.0,0.0,156.0,24.0,24.0,29.0,27.0,23.0,29.0,0.0,5.0,0.0,2.0,1.0,2.0,4.0,1.0,2.0,2.0,2.0,3.0,100.0,100.0,100.0,100.0,100.0,100.0,100.0,100.0,0.0,100.0,0.0,100.0,100.0,100.0,100.0,100.0,100.0,100.0,100.0,100.0
3540408,0.0,56.57,43.43,100.0,0.0,0.0,0.0,0.0,0.0,0.0,0.0,1.01,1.01,2.02,2.02,1.01,8.08,3.03,9.09,7.07,8.08,12.12,10.1,20.2,10.1,2.02,1.01,2.02,0.0,0.0,0.0,0.0,0.0,23.23,15.15,14.14,11.11,13.13,7.07,16.16,0.0,0.0,56.0,43.0,99.0,0.0,0.0,0.0,0.0,0.0,0.0,0.0,1.0,1.0,2.0,2.0,1.0,8.0,3.0,9.0,7.0,8.0,12.0,10.0,20.0,10.0,2.0,1.0,2.0,0.0,0.0,0.0,0.0,0.0,23.0,15.0,14.0,11.0,13.0,7.0,16.0,0.0,100.0,100.0,,0.0,0.0,0.0,0.0,69.7,4.33,0.0,25.97,0.0,0.0,100.0,12.55,12.55,18.61,16.02,18.18,22.08,0.87,0.43,1.73,0.43,1.3,1.3,1.73,2.16,0.43,0.43,0.43,1.3,231.0,231.0,,0.0,0.0,0.0,0.0,161.0,10.0,0.0,60.0,0.0,0.0,231.0,29.0,29.0,43.0,37.0,42.0,51.0,2.0,1.0,4.0,1.0,3.0,3.0,4.0,5.0,1.0,1.0,1.0,3.0,100.0,100.0,100.0,100.0,100.0,100.0,100.0,100.0,100.0,100.0,100.0,100.0,100.0,100.0,100.0,100.0,100.0,100.0,100.0,100.0
3540507,0.0,57.39,42.61,100.0,1.3,0.0,1.74,0.43,0.43,0.0,0.43,0.43,0.0,0.87,2.61,1.3,3.91,6.09,4.35,6.96,10.87,11.74,12.17,13.91,10.43,8.7,1.74,1.3,0.43,0.43,0.0,0.43,0.0,20.87,19.13,17.39,12.61,12.17,7.83,10.0,0.0,0.0,132.0,98.0,230.0,3.0,0.0,4.0,1.0,1.0,0.0,1.0,1.0,0.0,2.0,6.0,3.0,9.0,14.0,10.0,16.0,25.0,27.0,28.0,32.0,24.0,20.0,4.0,3.0,1.0,1.0,0.0,1.0,0.0,48.0,44.0,40.0,29.0,28.0,18.0,23.0,0.0,99.85,99.85,,0.0,0.15,0.0,0.0,67.48,2.44,0.46,29.62,0.0,0.0,100.0,16.64,15.88,17.86,15.27,19.24,15.11,2.29,1.22,0.46,0.92,1.53,1.98,1.68,1.37,1.68,0.92,1.22,1.37,654.0,654.0,,0.0,1.0,0.0,0.0,442.0,16.0,3.0,194.0,0.0,0.0,655.0,109.0,104.0,117.0,100.0,126.0,99.0,15.0,8.0,3.0,6.0,10.0,13.0,11.0,9.0,11.0,6.0,8.0,9.0,99.85,100.0,100.0,100.0,99.0,100.0,100.0,99.77,100.0,100.0,100.0,100.0,100.0,100.0,100.0,100.0,100.0,100.0,100.0,100.0
3540606,0.0,53.17,46.83,100.0,1.09,0.0,1.09,0.0,0.2,0.1,0.3,1.39,1.29,1.09,1.79,2.38,3.17,5.75,7.74,9.92,8.73,13.69,10.81,10.91,10.91,5.36,2.88,0.5,0.6,0.1,0.3,0.0,0.1,20.73,20.73,12.6,13.0,12.4,10.62,9.92,0.0,0.0,536.0,472.0,1008.0,11.0,0.0,11.0,0.0,2.0,1.0,3.0,14.0,13.0,11.0,18.0,24.0,32.0,58.0,78.0,100.0,88.0,138.0,109.0,110.0,110.0,54.0,29.0,5.0,6.0,1.0,3.0,0.0,1.0,209.0,209.0,127.0,131.0,125.0,107.0,100.0,0.0,99.61,99.61,,0.0,0.18,0.21,0.0,68.04,4.86,0.23,26.86,0.0,0.0,100.0,13.48,14.5,17.2,18.29,18.81,17.72,1.33,1.2,1.51,1.04,1.04,1.09,1.04,1.17,1.14,1.07,0.81,1.07,3834.0,3834.0,,0.0,7.0,8.0,0.0,2619.0,187.0,9.0,1034.0,0.0,0.0,3849.0,519.0,558.0,662.0,704.0,724.0,682.0,51.0,46.0,58.0,40.0,40.0,42.0,40.0,45.0,44.0,41.0,31.0,41.0,99.61,99.42,99.64,99.7,99.15,99.72,100.0,99.64,98.04,100.0,100.0,97.5,100.0,100.0,100.0,97.78,100.0,100.0,100.0,100.0
3540705,0.0,55.93,44.07,100.0,0.93,0.17,1.19,0.25,0.08,0.17,0.34,0.93,1.19,1.36,2.12,2.8,4.83,6.1,7.71,9.75,10.68,9.49,10.25,12.97,9.41,6.1,2.2,0.17,0.42,0.0,0.17,0.08,0.25,18.56,23.22,12.2,13.39,12.29,11.44,8.9,0.0,0.0,660.0,520.0,1180.0,11.0,2.0,14.0,3.0,1.0,2.0,4.0,11.0,14.0,16.0,25.0,33.0,57.0,72.0,91.0,115.0,126.0,112.0,121.0,153.0,111.0,72.0,26.0,2.0,5.0,0.0,2.0,1.0,3.0,219.0,274.0,144.0,158.0,145.0,135.0,105.0,0.0,99.69,99.69,,0.0,0.09,0.21,0.0,61.84,3.86,0.09,34.18,0.03,0.0,100.0,16.05,14.49,16.75,17.52,18.16,17.03,0.95,1.19,1.72,1.41,1.59,1.19,1.23,1.47,1.47,1.56,0.95,1.32,3255.0,3255.0,,0.0,3.0,7.0,0.0,2019.0,126.0,3.0,1116.0,1.0,0.0,3265.0,524.0,473.0,547.0,572.0,593.0,556.0,31.0,39.0,56.0,46.0,52.0,39.0,40.0,48.0,48.0,51.0,31.0,43.0,99.69,99.62,100.0,99.82,99.3,99.83,99.64,99.65,100.0,100.0,100.0,97.83,100.0,100.0,100.0,100.0,100.0,100.0,96.77,100.0
3540754,0.0,58.81,41.19,100.0,1.19,0.0,1.9,0.71,0.24,0.24,2.14,1.43,2.38,1.43,4.05,2.86,3.57,8.57,9.29,9.52,11.43,10.0,10.24,9.52,5.95,3.81,1.19,0.24,0.24,0.48,0.0,0.48,0.0,21.43,20.24,10.24,14.05,15.95,8.57,9.52,0.0,0.0,247.0,173.0,420.0,5.0,0.0,8.0,3.0,1.0,1.0,9.0,6.0,10.0,6.0,17.0,12.0,15.0,36.0,39.0,40.0,48.0,42.0,43.0,40.0,25.0,16.0,5.0,1.0,1.0,2.0,0.0,2.0,0.0,90.0,85.0,43.0,59.0,67.0,36.0,40.0,0.0,99.8,99.8,,0.0,0.2,0.0,0.0,67.67,2.35,0.07,29.91,0.0,0.0,100.0,15.9,17.71,15.96,16.16,17.37,16.9,1.27,1.34,1.74,1.27,0.67,1.61,1.27,1.41,1.07,1.41,1.41,1.41,1488.0,1488.0,,0.0,3.0,0.0,0.0,1009.0,35.0,1.0,446.0,0.0,0.0,1491.0,237.0,264.0,238.0,241.0,259.0,252.0,19.0,20.0,26.0,19.0,10.0,24.0,19.0,21.0,16.0,21.0,21.0,21.0,99.8,99.58,99.62,100.0,100.0,99.61,100.0,99.9,94.74,100.0,100.0,100.0,100.0,100.0,100.0,100.0,100.0,100.0,100.0,100.0
3540804,0.0,61.54,38.46,100.0,2.31,0.0,2.56,0.26,0.0,0.0,0.0,1.79,1.03,2.05,2.31,2.05,2.31,4.36,6.15,7.44,9.49,12.05,13.08,12.05,10.51,7.44,2.31,1.03,0.77,1.03,0.26,0.26,0.0,16.92,23.85,12.56,11.79,13.08,12.56,9.23,0.0,0.0,240.0,150.0,390.0,9.0,0.0,10.0,1.0,0.0,0.0,0.0,7.0,4.0,8.0,9.0,8.0,9.0,17.0,24.0,29.0,37.0,47.0,51.0,47.0,41.0,29.0,9.0,4.0,3.0,4.0,1.0,1.0,0.0,66.0,93.0,49.0,46.0,51.0,49.0,36.0,0.0,99.85,99.85,,0.0,0.08,0.08,0.0,71.26,2.08,0.23,26.43,0.0,0.0,100.0,16.72,14.79,17.49,18.88,14.79,17.33,1.0,1.31,1.46,1.16,1.85,1.69,1.39,1.23,1.77,1.08,1.31,1.46,1296.0,1296.0,,0.0,1.0,1.0,0.0,925.0,27.0,3.0,343.0,0.0,0.0,1298.0,217.0,192.0,227.0,245.0,192.0,225.0,13.0,17.0,19.0,15.0,24.0,22.0,18.0,16.0,23.0,14.0,17.0,19.0,99.85,100.0,100.0,100.0,100.0,99.48,99.56,99.78,100.0,100.0,100.0,100.0,100.0,100.0,100.0,100.0,100.0,100.0,100.0,100.0
3540853,0.0,57.89,42.11,100.0,2.63,0.0,2.63,0.0,0.0,0.0,0.0,0.0,0.0,2.63,0.0,5.26,0.0,5.26,5.26,10.53,13.16,2.63,7.89,5.26,15.79,13.16,5.26,5.26,0.0,2.63,0.0,0.0,0.0,15.79,10.53,13.16,13.16,21.05,10.53,15.79,0.0,0.0,22.0,16.0,38.0,1.0,0.0,1.0,0.0,0.0,0.0,0.0,0.0,0.0,1.0,0.0,2.0,0.0,2.0,2.0,4.0,5.0,1.0,3.0,2.0,6.0,5.0,2.0,2.0,0.0,1.0,0.0,0.0,0.0,6.0,4.0,5.0,5.0,8.0,4.0,6.0,0.0,100.0,100.0,,0.0,0.0,0.0,0.0,58.14,3.49,0.0,38.37,0.0,0.0,100.0,17.44,11.63,16.28,13.95,22.09,18.6,2.33,3.49,1.16,0.0,2.33,0.0,0.0,1.16,3.49,1.16,2.33,0.0,86.0,86.0,,0.0,0.0,0.0,0.0,50.0,3.0,0.0,33.0,0.0,0.0,86.0,15.0,10.0,14.0,12.0,19.0,16.0,2.0,3.0,1.0,0.0,2.0,0.0,0.0,1.0,3.0,1.0,2.0,0.0,100.0,100.0,100.0,100.0,100.0,100.0,100.0,100.0,100.0,100.0,100.0,0.0,100.0,0.0,0.0,100.0,100.0,100.0,100.0,0.0
3540903,0.0,58.57,41.43,100.0,2.29,0.0,2.29,0.0,0.57,0.57,1.43,1.71,1.43,0.29,3.43,0.86,4.0,4.0,6.29,7.71,12.0,13.14,11.71,12.57,10.0,3.71,1.43,0.86,1.43,0.29,0.0,0.57,0.0,20.29,20.0,15.14,11.71,12.0,12.57,8.29,0.0,0.0,205.0,145.0,350.0,8.0,0.0,8.0,0.0,2.0,2.0,5.0,6.0,5.0,1.0,12.0,3.0,14.0,14.0,22.0,27.0,42.0,46.0,41.0,44.0,35.0,13.0,5.0,3.0,5.0,1.0,0.0,2.0,0.0,71.0,70.0,53.0,41.0,42.0,44.0,29.0,0.0,99.74,99.74,,0.0,0.17,0.09,0.0,62.31,1.82,0.09,35.79,0.0,0.0,100.0,13.17,15.77,15.16,18.2,18.54,19.15,1.21,0.43,0.69,0.87,1.47,0.78,1.39,1.21,1.3,1.3,1.39,1.13,1151.0,1151.0,,0.0,2.0,1.0,0.0,719.0,21.0,1.0,413.0,0.0,0.0,1154.0,152.0,182.0,175.0,210.0,214.0,221.0,14.0,5.0,8.0,10.0,17.0,9.0,16.0,14.0,15.0,15.0,16.0,13.0,99.74,100.0,99.45,100.0,99.52,99.53,100.0,99.76,100.0,100.0,100.0,100.0,100.0,100.0,100.0,100.0,100.0,100.0,100.0,100.0
3541000,0.0,55.41,44.59,100.0,1.44,0.14,2.02,0.57,0.24,0.24,0.7,1.07,1.5,1.7,2.54,3.23,4.06,5.49,7.98,9.66,12.04,12.11,10.71,10.04,6.89,5.46,1.89,0.29,0.66,0.4,0.21,0.16,0.01,19.44,20.41,13.0,14.5,13.14,10.05,9.46,0.0,0.0,3876.0,3119.0,6995.0,101.0,10.0,141.0,40.0,17.0,17.0,49.0,75.0,105.0,119.0,178.0,226.0,284.0,384.0,558.0,676.0,842.0,847.0,749.0,702.0,482.0,382.0,132.0,20.0,46.0,28.0,15.0,11.0,1.0,1360.0,1428.0,909.0,1014.0,919.0,703.0,662.0,0.0,99.63,99.63,,0.0,0.17,0.16,0.03,56.85,5.29,0.34,37.41,0.11,0.0,100.0,14.75,14.54,16.52,17.67,18.3,18.22,1.16,1.23,1.21,1.36,1.27,1.14,1.31,1.26,1.28,1.16,1.15,1.21,24540.0,24540.0,,0.0,43.0,39.0,8.0,14002.0,1303.0,83.0,9214.0,27.0,1.0,24630.0,3632.0,3582.0,4069.0,4352.0,4508.0,4487.0,286.0,303.0,297.0,336.0,314.0,282.0,322.0,311.0,315.0,285.0,283.0,298.0,99.63,99.67,99.53,99.78,99.56,99.67,99.6,99.65,98.95,99.67,99.66,99.7,99.36,99.65,100.0,99.68,99.68,100.0,100.0,99.66
3541059,0.0,66.67,33.33,100.0,0.0,0.0,0.0,0.0,0.0,0.0,2.15,5.38,0.0,2.15,3.23,2.15,6.45,3.23,6.45,13.98,13.98,5.38,11.83,6.45,11.83,5.38,0.0,0.0,0.0,0.0,0.0,0.0,0.0,25.81,26.88,8.6,8.6,9.68,8.6,11.83,0.0,0.0,62.0,31.0,93.0,0.0,0.0,0.0,0.0,0.0,0.0,2.0,5.0,0.0,2.0,3.0,2.0,6.0,3.0,6.0,13.0,13.0,5.0,11.0,6.0,11.0,5.0,0.0,0.0,0.0,0.0,0.0,0.0,0.0,24.0,25.0,8.0,8.0,9.0,8.0,11.0,0.0,99.75,99.75,,0.0,0.0,0.25,0.0,58.4,3.51,0.25,37.84,0.0,0.0,100.0,15.54,16.04,18.05,16.04,16.29,18.05,1.25,0.75,1.5,2.26,1.5,1.25,1.75,1.0,1.5,1.0,1.0,0.75,398.0,398.0,,0.0,0.0,1.0,0.0,233.0,14.0,1.0,151.0,0.0,0.0,399.0,62.0,64.0,72.0,64.0,65.0,72.0,5.0,3.0,6.0,9.0,6.0,5.0,7.0,4.0,6.0,4.0,4.0,3.0,99.75,100.0,100.0,100.0,98.44,100.0,100.0,99.63,100.0,100.0,100.0,100.0,100.0,100.0,100.0,100.0,100.0,100.0,100.0,100.0
3541109,0.0,53.85,46.15,100.0,1.92,1.92,1.92,0.0,0.0,0.0,0.0,0.0,0.0,0.0,0.96,3.85,2.88,5.77,6.73,9.62,14.42,11.54,10.58,12.5,6.73,5.77,4.81,0.0,0.96,0.96,0.0,0.0,0.0,28.85,16.35,13.46,13.46,9.62,7.69,10.58,0.0,0.0,56.0,48.0,104.0,2.0,2.0,2.0,0.0,0.0,0.0,0.0,0.0,0.0,0.0,1.0,4.0,3.0,6.0,7.0,10.0,15.0,12.0,11.0,13.0,7.0,6.0,5.0,0.0,1.0,1.0,0.0,0.0,0.0,30.0,17.0,14.0,14.0,10.0,8.0,11.0,0.0,100.0,100.0,,0.0,0.0,0.0,0.0,68.8,2.8,0.0,28.4,0.0,0.0,100.0,13.2,18.4,15.6,18.8,18.0,16.0,1.2,1.2,1.2,1.2,0.8,0.8,1.2,2.4,0.4,1.2,0.0,1.6,250.0,250.0,,0.0,0.0,0.0,0.0,172.0,7.0,0.0,71.0,0.0,0.0,250.0,33.0,46.0,39.0,47.0,45.0,40.0,3.0,3.0,3.0,3.0,2.0,2.0,3.0,6.0,1.0,3.0,0.0,4.0,100.0,100.0,100.0,100.0,100.0,100.0,100.0,100.0,100.0,100.0,100.0,100.0,100.0,100.0,100.0,100.0,100.0,100.0,0.0,100.0
3541208,0.0,53.35,46.65,100.0,1.6,0.32,2.24,0.64,0.0,0.0,0.0,0.32,0.32,0.32,0.32,1.6,1.6,5.43,6.71,9.9,8.95,13.42,12.46,12.14,10.86,9.58,2.56,0.96,0.64,0.64,0.0,0.32,0.0,20.77,19.49,13.74,13.42,15.65,7.35,9.58,0.0,0.0,167.0,146.0,313.0,5.0,1.0,7.0,2.0,0.0,0.0,0.0,1.0,1.0,1.0,1.0,5.0,5.0,17.0,21.0,31.0,28.0,42.0,39.0,38.0,34.0,30.0,8.0,3.0,2.0,2.0,0.0,1.0,0.0,65.0,61.0,43.0,42.0,49.0,23.0,30.0,0.0,99.86,99.86,,0.0,0.14,0.0,0.0,71.67,2.1,0.7,25.39,0.14,0.0,100.0,16.69,15.43,15.57,18.23,13.74,20.34,1.26,2.1,0.98,2.38,0.98,1.4,1.4,1.82,1.4,0.98,0.7,1.26,712.0,712.0,,0.0,1.0,0.0,0.0,511.0,15.0,5.0,181.0,1.0,0.0,713.0,119.0,110.0,111.0,130.0,98.0,145.0,9.0,15.0,7.0,17.0,7.0,10.0,10.0,13.0,10.0,7.0,5.0,9.0,99.86,100.0,100.0,99.1,100.0,100.0,100.0,99.79,100.0,100.0,100.0,100.0,100.0,100.0,100.0,100.0,100.0,100.0,100.0,100.0
3541307,0.0,57.82,42.18,100.0,1.34,0.1,1.44,0.1,0.21,0.1,0.72,1.03,1.13,1.54,1.54,2.98,4.42,5.45,6.17,8.74,11.63,11.83,12.14,10.19,10.7,5.86,1.44,0.62,0.41,0.51,0.1,0.21,0.1,20.27,19.96,13.89,12.65,14.3,9.36,9.57,0.0,0.0,562.0,410.0,972.0,13.0,1.0,14.0,1.0,2.0,1.0,7.0,10.0,11.0,15.0,15.0,29.0,43.0,53.0,60.0,85.0,113.0,115.0,118.0,99.0,104.0,57.0,14.0,6.0,4.0,5.0,1.0,2.0,1.0,197.0,194.0,135.0,123.0,139.0,91.0,93.0,0.0,99.77,99.77,,0.0,0.19,0.0,0.04,56.58,2.41,0.49,40.48,0.04,0.0,100.0,14.03,14.94,16.71,17.77,17.31,19.24,1.06,1.02,1.21,1.24,1.55,1.09,1.02,1.17,1.13,1.06,1.55,0.94,2645.0,2645.0,,0.0,5.0,0.0,1.0,1500.0,64.0,13.0,1073.0,1.0,0.0,2651.0,372.0,396.0,443.0,471.0,459.0,510.0,28.0,27.0,32.0,33.0,41.0,29.0,27.0,31.0,30.0,28.0,41.0,25.0,99.77,99.46,100.0,99.55,100.0,99.78,99.8,99.79,100.0,100.0,100.0,96.97,100.0,100.0,100.0,100.0,100.0,100.0,100.0,96.0
3541406,0.0,55.58,44.42,100.0,1.23,0.06,1.49,0.26,0.04,0.16,0.56,0.77,1.33,1.33,1.79,3.08,3.24,5.22,6.71,8.9,10.21,10.89,11.1,12.3,10.17,7.27,2.58,0.81,0.44,0.34,0.26,0.14,0.04,20.46,22.35,11.12,12.34,13.89,10.51,9.32,0.0,0.0,2760.0,2206.0,4966.0,61.0,3.0,74.0,13.0,2.0,8.0,28.0,38.0,66.0,66.0,89.0,153.0,161.0,259.0,333.0,442.0,507.0,541.0,551.0,611.0,505.0,361.0,128.0,40.0,22.0,17.0,13.0,7.0,2.0,1016.0,1110.0,552.0,613.0,690.0,522.0,463.0,0.0,99.67,99.67,,0.0,0.19,0.13,0.01,63.85,3.9,1.15,31.07,0.03,0.0,100.0,15.0,15.08,16.55,17.54,18.42,17.41,1.25,1.17,1.39,1.25,1.1,1.15,1.28,1.26,1.26,1.34,1.26,1.29,14794.0,14794.0,,0.0,28.0,20.0,1.0,9477.0,579.0,170.0,4612.0,5.0,0.0,14843.0,2226.0,2239.0,2457.0,2603.0,2734.0,2584.0,185.0,173.0,207.0,185.0,164.0,170.0,190.0,187.0,187.0,199.0,187.0,192.0,99.67,99.46,99.55,99.67,99.69,99.74,99.85,99.74,99.46,98.84,98.55,100.0,100.0,99.41,99.47,99.47,99.47,100.0,98.93,100.0
3541505,0.0,57.49,42.51,100.0,1.02,0.25,1.02,0.0,0.13,0.25,0.13,0.38,1.52,0.89,1.78,2.54,4.44,4.82,6.47,9.01,10.41,11.68,11.17,12.56,10.53,5.96,3.43,0.63,0.51,0.38,0.0,0.13,0.0,21.45,19.16,13.45,12.82,15.36,9.14,8.63,0.0,0.0,453.0,335.0,788.0,8.0,2.0,8.0,0.0,1.0,2.0,1.0,3.0,12.0,7.0,14.0,20.0,35.0,38.0,51.0,71.0,82.0,92.0,88.0,99.0,83.0,47.0,27.0,5.0,4.0,3.0,0.0,1.0,0.0,169.0,151.0,106.0,101.0,121.0,72.0,68.0,0.0,99.76,99.76,,0.0,0.1,0.15,0.0,65.92,1.71,0.78,31.54,0.05,0.0,100.0,14.01,15.77,16.7,16.94,18.95,17.63,1.46,1.07,1.27,1.56,1.17,1.27,0.93,1.42,0.73,0.88,1.03,1.22,2043.0,2043.0,,0.0,2.0,3.0,0.0,1350.0,35.0,16.0,646.0,1.0,0.0,2048.0,287.0,323.0,342.0,347.0,388.0,361.0,30.0,22.0,26.0,32.0,24.0,26.0,19.0,29.0,15.0,18.0,21.0,25.0,99.76,99.65,100.0,99.71,99.71,99.48,100.0,99.72,100.0,100.0,100.0,100.0,95.83,100.0,100.0,100.0,100.0,100.0,100.0,100.0
3541604,0.0,53.35,46.65,100.0,0.82,0.12,2.0,1.18,0.12,0.59,0.71,1.53,1.18,2.82,3.06,3.88,4.23,5.05,7.76,7.64,9.99,11.52,11.16,11.16,8.46,5.29,1.41,0.35,0.59,0.24,0.0,0.0,0.0,18.68,21.03,11.99,13.51,14.34,11.75,8.7,0.0,0.0,454.0,397.0,851.0,7.0,1.0,17.0,10.0,1.0,5.0,6.0,13.0,10.0,24.0,26.0,33.0,36.0,43.0,66.0,65.0,85.0,98.0,95.0,95.0,72.0,45.0,12.0,3.0,5.0,2.0,0.0,0.0,0.0,159.0,179.0,102.0,115.0,122.0,100.0,74.0,0.0,99.92,99.92,,0.0,0.04,0.04,0.0,68.86,1.87,0.29,28.98,0.0,0.0,100.0,15.03,14.53,17.99,17.86,17.57,17.03,1.42,1.37,1.5,0.96,1.87,1.12,1.5,1.08,0.96,1.0,1.04,1.21,2400.0,2400.0,,0.0,1.0,1.0,0.0,1654.0,45.0,7.0,696.0,0.0,0.0,2402.0,361.0,349.0,432.0,429.0,422.0,409.0,34.0,33.0,36.0,23.0,45.0,27.0,36.0,26.0,23.0,24.0,25.0,29.0,99.92,99.72,100.0,100.0,100.0,100.0,99.76,99.94,100.0,100.0,100.0,100.0,97.78,100.0,100.0,100.0,100.0,100.0,100.0,100.0
3541653,0.0,59.72,40.28,100.0,0.0,0.0,0.0,0.0,0.0,0.0,0.0,0.0,1.39,1.39,2.78,0.0,6.94,4.17,5.56,11.11,11.11,13.89,12.5,15.28,5.56,6.94,0.0,1.39,0.0,0.0,0.0,0.0,0.0,23.61,19.44,15.28,8.33,15.28,8.33,9.72,0.0,0.0,43.0,29.0,72.0,0.0,0.0,0.0,0.0,0.0,0.0,0.0,0.0,1.0,1.0,2.0,0.0,5.0,3.0,4.0,8.0,8.0,10.0,9.0,11.0,4.0,5.0,0.0,1.0,0.0,0.0,0.0,0.0,0.0,17.0,14.0,11.0,6.0,11.0,6.0,7.0,0.0,100.0,100.0,,0.0,0.0,0.0,0.0,71.82,1.82,0.0,25.91,0.45,0.0,100.0,14.09,16.36,19.55,15.91,14.09,20.0,0.91,1.82,2.27,0.91,0.45,0.0,1.82,0.45,0.91,0.0,0.91,3.64,220.0,220.0,,0.0,0.0,0.0,0.0,158.0,4.0,0.0,57.0,1.0,0.0,220.0,31.0,36.0,43.0,35.0,31.0,44.0,2.0,4.0,5.0,2.0,1.0,0.0,4.0,1.0,2.0,0.0,2.0,8.0,100.0,100.0,100.0,100.0,100.0,100.0,100.0,100.0,100.0,100.0,100.0,100.0,100.0,0.0,100.0,100.0,100.0,0.0,100.0,100.0
3541703,0.0,63.43,36.57,100.0,2.24,0.0,2.24,0.0,0.75,0.0,0.0,1.87,1.49,1.49,2.61,4.85,4.1,4.85,7.84,10.07,9.33,11.19,12.31,10.45,8.96,4.85,0.75,0.0,1.49,0.37,0.0,0.37,0.0,25.0,17.91,10.45,10.45,13.81,12.69,9.7,0.0,0.0,170.0,98.0,268.0,6.0,0.0,6.0,0.0,2.0,0.0,0.0,5.0,4.0,4.0,7.0,13.0,11.0,13.0,21.0,27.0,25.0,30.0,33.0,28.0,24.0,13.0,2.0,0.0,4.0,1.0,0.0,1.0,0.0,67.0,48.0,28.0,28.0,37.0,34.0,26.0,0.0,100.0,100.0,,0.0,0.0,0.0,0.0,59.83,2.02,0.0,38.15,0.0,0.0,100.0,16.68,15.41,17.53,16.05,17.75,16.58,0.85,1.59,1.38,1.91,1.38,1.17,1.91,1.49,1.7,1.59,0.96,0.74,941.0,941.0,,0.0,0.0,0.0,0.0,563.0,19.0,0.0,359.0,0.0,0.0,941.0,157.0,145.0,165.0,151.0,167.0,156.0,8.0,15.0,13.0,18.0,13.0,11.0,18.0,14.0,16.0,15.0,9.0,7.0,100.0,100.0,100.0,100.0,100.0,100.0,100.0,100.0,100.0,100.0,100.0,100.0,100.0,100.0,100.0,100.0,100.0,100.0,100.0,100.0
3541802,0.0,56.58,43.42,100.0,0.0,0.0,0.0,0.0,0.0,1.32,0.0,5.26,3.95,1.32,1.32,2.63,3.95,3.95,3.95,6.58,15.79,9.21,15.79,7.89,5.26,5.26,3.95,2.63,0.0,0.0,0.0,0.0,0.0,23.68,18.42,10.53,18.42,7.89,9.21,11.84,0.0,0.0,43.0,33.0,76.0,0.0,0.0,0.0,0.0,0.0,1.0,0.0,4.0,3.0,1.0,1.0,2.0,3.0,3.0,3.0,5.0,12.0,7.0,12.0,6.0,4.0,4.0,3.0,2.0,0.0,0.0,0.0,0.0,0.0,18.0,14.0,8.0,14.0,6.0,7.0,9.0,0.0,100.0,100.0,,0.0,0.0,0.0,0.0,45.53,2.33,0.0,52.14,0.0,0.0,100.0,17.12,17.12,14.4,15.56,16.34,19.46,1.95,0.39,1.56,0.39,2.72,1.95,0.0,1.17,1.56,1.95,1.95,1.56,257.0,257.0,,0.0,0.0,0.0,0.0,117.0,6.0,0.0,134.0,0.0,0.0,257.0,44.0,44.0,37.0,40.0,42.0,50.0,5.0,1.0,4.0,1.0,7.0,5.0,0.0,3.0,4.0,5.0,5.0,4.0,100.0,100.0,100.0,100.0,100.0,100.0,100.0,100.0,100.0,100.0,100.0,100.0,100.0,100.0,0.0,100.0,100.0,100.0,100.0,100.0
3541901,0.0,57.39,42.61,100.0,3.04,0.0,3.91,0.87,0.0,0.0,0.43,1.74,0.87,3.04,1.3,3.04,3.48,3.48,7.39,10.0,11.74,15.65,13.04,9.57,3.48,5.65,1.74,0.43,0.43,2.17,0.43,0.0,0.0,18.7,22.17,15.65,10.0,13.04,12.17,8.26,0.0,0.0,132.0,98.0,230.0,7.0,0.0,9.0,2.0,0.0,0.0,1.0,4.0,2.0,7.0,3.0,7.0,8.0,8.0,17.0,23.0,27.0,36.0,30.0,22.0,8.0,13.0,4.0,1.0,1.0,5.0,1.0,0.0,0.0,43.0,51.0,36.0,23.0,30.0,28.0,19.0,0.0,100.0,100.0,,0.0,0.0,0.0,0.0,66.53,3.06,0.14,30.28,0.0,0.0,100.0,19.58,13.75,17.5,15.69,16.39,17.08,1.94,0.97,0.83,1.81,1.94,1.81,1.25,1.81,1.67,1.53,1.39,2.64,720.0,720.0,,0.0,0.0,0.0,0.0,479.0,22.0,1.0,218.0,0.0,0.0,720.0,141.0,99.0,126.0,113.0,118.0,123.0,14.0,7.0,6.0,13.0,14.0,13.0,9.0,13.0,12.0,11.0,10.0,19.0,100.0,100.0,100.0,100.0,100.0,100.0,100.0,100.0,100.0,100.0,100.0,100.0,100.0,100.0,100.0,100.0,100.0,100.0,100.0,100.0
3542008,0.0,61.4,38.6,100.0,1.17,0.0,1.17,0.0,0.0,2.34,0.58,1.75,0.58,2.34,2.34,4.68,3.51,7.02,10.53,8.77,12.28,8.77,8.19,9.36,7.02,4.09,3.51,1.17,0.58,0.0,0.0,0.58,0.0,16.37,27.49,11.11,14.04,14.04,4.68,12.28,0.0,0.0,105.0,66.0,171.0,2.0,0.0,2.0,0.0,0.0,4.0,1.0,3.0,1.0,4.0,4.0,8.0,6.0,12.0,18.0,15.0,21.0,15.0,14.0,16.0,12.0,7.0,6.0,2.0,1.0,0.0,0.0,1.0,0.0,28.0,47.0,19.0,24.0,24.0,8.0,21.0,0.0,100.0,99.82,,0.18,0.0,0.0,0.0,63.09,1.76,0.0,34.97,0.18,0.0,100.0,15.29,18.8,16.17,17.57,17.22,14.94,1.23,0.88,1.76,1.05,1.05,1.05,1.05,2.11,1.41,1.05,1.41,1.23,569.0,568.0,,1.0,0.0,0.0,0.0,359.0,10.0,0.0,199.0,1.0,0.0,569.0,87.0,107.0,92.0,100.0,98.0,85.0,7.0,5.0,10.0,6.0,6.0,6.0,6.0,12.0,8.0,6.0,8.0,7.0,99.82,100.0,100.0,100.0,99.0,100.0,100.0,99.73,100.0,100.0,100.0,100.0,100.0,100.0,100.0,100.0,100.0,100.0,100.0,100.0
3542107,0.0,55.03,44.97,100.0,1.59,0.0,2.12,0.53,1.06,0.53,0.53,0.0,0.53,1.06,0.53,1.59,5.82,5.29,8.47,10.58,13.76,8.47,10.58,10.58,9.52,7.41,1.06,0.53,1.59,0.0,0.0,0.0,0.0,20.11,21.16,14.29,8.47,17.99,8.99,8.99,0.0,0.0,104.0,85.0,189.0,3.0,0.0,4.0,1.0,2.0,1.0,1.0,0.0,1.0,2.0,1.0,3.0,11.0,10.0,16.0,20.0,26.0,16.0,20.0,20.0,18.0,14.0,2.0,1.0,3.0,0.0,0.0,0.0,0.0,38.0,40.0,27.0,16.0,34.0,17.0,17.0,0.0,100.0,100.0,,0.0,0.0,0.0,0.0,71.26,3.59,0.0,25.15,0.0,0.0,100.0,16.47,15.57,18.26,18.86,16.62,14.22,0.9,0.6,1.65,2.1,1.5,0.6,2.1,0.75,1.05,0.9,2.1,2.25,668.0,668.0,,0.0,0.0,0.0,0.0,476.0,24.0,0.0,168.0,0.0,0.0,668.0,110.0,104.0,122.0,126.0,111.0,95.0,6.0,4.0,11.0,14.0,10.0,4.0,14.0,5.0,7.0,6.0,14.0,15.0,100.0,100.0,100.0,100.0,100.0,100.0,100.0,100.0,100.0,100.0,100.0,100.0,100.0,100.0,100.0,100.0,100.0,100.0,100.0,100.0
3542206,0.0,57.14,42.86,100.0,1.38,0.0,1.84,0.46,0.15,0.0,1.38,1.38,0.77,2.0,3.99,3.07,4.3,5.07,7.07,11.52,9.52,12.6,10.75,8.29,9.22,5.38,1.38,0.31,0.77,0.31,0.31,0.0,0.0,22.12,20.28,11.83,11.37,13.67,10.45,10.29,0.0,0.0,372.0,279.0,651.0,9.0,0.0,12.0,3.0,1.0,0.0,9.0,9.0,5.0,13.0,26.0,20.0,28.0,33.0,46.0,75.0,62.0,82.0,70.0,54.0,60.0,35.0,9.0,2.0,5.0,2.0,2.0,0.0,0.0,144.0,132.0,77.0,74.0,89.0,68.0,67.0,0.0,99.7,99.7,,0.0,0.1,0.15,0.05,64.97,2.66,0.3,32.06,0.0,0.0,100.0,14.47,15.33,16.23,17.64,18.44,17.89,1.11,0.45,1.36,1.46,1.36,1.11,1.51,1.36,1.01,1.11,1.31,1.36,1984.0,1984.0,,0.0,2.0,3.0,1.0,1293.0,53.0,6.0,638.0,0.0,0.0,1990.0,288.0,305.0,323.0,351.0,367.0,356.0,22.0,9.0,27.0,29.0,27.0,22.0,30.0,27.0,20.0,22.0,26.0,27.0,99.7,99.65,100.0,99.07,99.72,100.0,99.72,99.64,95.45,100.0,100.0,100.0,100.0,100.0,100.0,100.0,100.0,100.0,100.0,100.0
3542305,0.0,49.46,50.54,100.0,2.15,0.0,2.15,0.0,1.08,0.0,1.08,0.0,3.23,1.08,4.3,1.08,9.68,5.38,7.53,6.45,11.83,6.45,11.83,11.83,7.53,5.38,2.15,0.0,0.0,0.0,1.08,1.08,0.0,17.2,15.05,15.05,15.05,10.75,11.83,15.05,0.0,0.0,46.0,47.0,93.0,2.0,0.0,2.0,0.0,1.0,0.0,1.0,0.0,3.0,1.0,4.0,1.0,9.0,5.0,7.0,6.0,11.0,6.0,11.0,11.0,7.0,5.0,2.0,0.0,0.0,0.0,1.0,1.0,0.0,16.0,14.0,14.0,14.0,10.0,11.0,14.0,0.0,100.0,100.0,,0.0,0.0,0.0,0.0,68.86,2.08,0.0,29.07,0.0,0.0,100.0,12.11,16.61,17.65,16.26,17.99,19.38,1.38,0.69,0.69,0.0,0.35,0.35,2.42,1.04,1.04,1.38,1.38,1.38,289.0,289.0,,0.0,0.0,0.0,0.0,199.0,6.0,0.0,84.0,0.0,0.0,289.0,35.0,48.0,51.0,47.0,52.0,56.0,4.0,2.0,2.0,0.0,1.0,1.0,7.0,3.0,3.0,4.0,4.0,4.0,100.0,100.0,100.0,100.0,100.0,100.0,100.0,100.0,100.0,100.0,100.0,0.0,100.0,100.0,100.0,100.0,100.0,100.0,100.0,100.0
3542404,0.0,56.73,43.27,100.0,0.44,0.22,0.88,0.44,0.0,0.66,0.66,1.77,2.43,0.88,3.09,3.75,4.19,5.52,7.28,7.51,9.71,10.6,10.82,9.05,11.48,6.18,2.87,0.44,0.22,0.0,0.22,0.0,0.0,25.39,19.43,10.15,12.14,14.13,10.6,8.17,0.0,0.0,257.0,196.0,453.0,2.0,1.0,4.0,2.0,0.0,3.0,3.0,8.0,11.0,4.0,14.0,17.0,19.0,25.0,33.0,34.0,44.0,48.0,49.0,41.0,52.0,28.0,13.0,2.0,1.0,0.0,1.0,0.0,0.0,115.0,88.0,46.0,55.0,64.0,48.0,37.0,0.0,99.63,99.63,,0.0,0.07,0.22,0.07,62.66,2.12,0.59,34.55,0.0,0.07,100.0,15.23,14.2,15.15,18.16,18.16,19.11,0.95,1.32,0.95,1.17,1.68,1.46,1.98,1.02,1.68,1.46,0.59,0.95,1361.0,1361.0,,0.0,1.0,3.0,1.0,856.0,29.0,8.0,472.0,0.0,1.0,1366.0,208.0,194.0,207.0,248.0,248.0,261.0,13.0,18.0,13.0,16.0,23.0,20.0,27.0,14.0,23.0,20.0,8.0,13.0,99.63,100.0,99.48,99.52,100.0,98.79,100.0,99.59,100.0,100.0,100.0,100.0,100.0,100.0,100.0,100.0,100.0,100.0,100.0,100.0
3542503,0.0,64.71,35.29,100.0,3.68,0.0,3.68,0.0,0.0,0.0,0.0,3.68,2.21,0.74,1.47,2.21,3.68,2.21,3.68,13.24,9.56,11.76,8.09,15.44,11.03,4.41,2.94,0.0,1.47,1.47,0.0,0.74,0.0,18.38,20.59,12.5,13.97,16.91,5.15,12.5,0.0,0.0,88.0,48.0,136.0,5.0,0.0,5.0,0.0,0.0,0.0,0.0,5.0,3.0,1.0,2.0,3.0,5.0,3.0,5.0,18.0,13.0,16.0,11.0,21.0,15.0,6.0,4.0,0.0,2.0,2.0,0.0,1.0,0.0,25.0,28.0,17.0,19.0,23.0,7.0,17.0,0.0,99.15,99.15,,0.0,0.85,0.0,0.0,71.39,1.98,0.0,26.63,0.0,0.0,100.0,17.28,12.75,15.58,15.86,16.71,21.81,1.13,2.27,1.13,1.98,1.13,1.42,1.98,1.13,0.57,0.57,2.55,1.42,350.0,350.0,,0.0,3.0,0.0,0.0,252.0,7.0,0.0,94.0,0.0,0.0,353.0,61.0,45.0,55.0,56.0,59.0,77.0,4.0,8.0,4.0,7.0,4.0,5.0,7.0,4.0,2.0,2.0,9.0,5.0,99.15,98.36,97.78,100.0,98.21,100.0,100.0,99.6,75.0,100.0,100.0,100.0,100.0,100.0,100.0,100.0,100.0,100.0,100.0,100.0
3542602,0.0,54.35,45.65,100.0,0.9,0.0,1.48,0.57,0.16,0.25,0.74,0.99,1.23,2.13,2.22,3.04,4.27,4.35,5.99,8.29,9.2,10.34,10.67,12.81,11.9,6.32,2.63,0.99,0.33,0.33,0.0,0.25,0.0,20.85,22.09,10.51,14.2,14.45,9.44,8.46,0.0,0.0,662.0,556.0,1218.0,11.0,0.0,18.0,7.0,2.0,3.0,9.0,12.0,15.0,26.0,27.0,37.0,52.0,53.0,73.0,101.0,112.0,126.0,130.0,156.0,145.0,77.0,32.0,12.0,4.0,4.0,0.0,3.0,0.0,254.0,269.0,128.0,173.0,176.0,115.0,103.0,0.0,99.72,99.72,,0.0,0.14,0.12,0.02,62.27,2.44,1.09,34.12,0.07,0.0,100.0,14.59,15.67,16.11,18.72,17.39,17.53,1.35,1.21,1.35,1.26,1.02,0.98,1.0,1.56,1.35,1.16,0.91,1.44,4284.0,4284.0,,0.0,6.0,5.0,1.0,2675.0,105.0,47.0,1466.0,3.0,0.0,4296.0,627.0,673.0,692.0,804.0,747.0,753.0,58.0,52.0,58.0,54.0,44.0,42.0,43.0,67.0,58.0,50.0,39.0,62.0,99.72,99.68,99.7,99.71,99.88,99.73,99.6,99.73,100.0,98.08,100.0,100.0,100.0,97.62,100.0,100.0,100.0,100.0,100.0,100.0
3542701,0.0,51.61,48.39,100.0,3.23,0.0,4.84,1.61,0.0,0.81,0.81,2.42,1.61,0.81,4.84,2.42,1.61,8.06,8.87,8.87,11.29,7.26,12.9,8.06,7.26,5.65,1.61,0.0,0.81,1.61,0.0,0.81,0.0,22.58,27.42,9.68,12.9,8.87,12.1,6.45,0.0,0.0,64.0,60.0,124.0,4.0,0.0,6.0,2.0,0.0,1.0,1.0,3.0,2.0,1.0,6.0,3.0,2.0,10.0,11.0,11.0,14.0,9.0,16.0,10.0,9.0,7.0,2.0,0.0,1.0,2.0,0.0,1.0,0.0,28.0,34.0,12.0,16.0,11.0,15.0,8.0,0.0,99.79,99.79,,0.0,0.0,0.21,0.0,62.81,2.48,0.62,34.09,0.0,0.0,100.0,15.91,13.84,16.74,13.84,18.8,20.87,1.24,1.24,1.65,0.41,1.03,0.41,1.65,2.27,1.86,2.07,1.45,0.62,483.0,483.0,,0.0,0.0,1.0,0.0,304.0,12.0,3.0,165.0,0.0,0.0,484.0,77.0,67.0,81.0,67.0,91.0,101.0,6.0,6.0,8.0,2.0,5.0,2.0,8.0,11.0,9.0,10.0,7.0,3.0,99.79,100.0,100.0,100.0,100.0,100.0,99.01,99.71,100.0,100.0,100.0,100.0,100.0,100.0,100.0,100.0,100.0,100.0,100.0,100.0
3542800,0.0,54.55,45.45,100.0,0.0,0.0,0.0,0.0,0.0,1.52,0.0,0.0,0.0,4.55,3.03,1.52,3.03,4.55,4.55,7.58,10.61,18.18,4.55,21.21,9.09,3.03,3.03,0.0,0.0,0.0,0.0,0.0,0.0,18.18,27.27,18.18,13.64,6.06,7.58,9.09,0.0,0.0,36.0,30.0,66.0,0.0,0.0,0.0,0.0,0.0,1.0,0.0,0.0,0.0,3.0,2.0,1.0,2.0,3.0,3.0,5.0,7.0,12.0,3.0,14.0,6.0,2.0,2.0,0.0,0.0,0.0,0.0,0.0,0.0,12.0,18.0,12.0,9.0,4.0,5.0,6.0,0.0,100.0,100.0,,0.0,0.0,0.0,0.0,48.66,1.34,0.0,50.0,0.0,0.0,100.0,16.96,16.52,16.96,19.64,16.52,13.39,1.34,0.89,1.34,2.68,2.68,1.79,1.34,0.89,0.45,1.79,1.34,0.45,224.0,224.0,,0.0,0.0,0.0,0.0,109.0,3.0,0.0,112.0,0.0,0.0,224.0,38.0,37.0,38.0,44.0,37.0,30.0,3.0,2.0,3.0,6.0,6.0,4.0,3.0,2.0,1.0,4.0,3.0,1.0,100.0,100.0,100.0,100.0,100.0,100.0,100.0,100.0,100.0,100.0,100.0,100.0,100.0,100.0,100.0,100.0,100.0,100.0,100.0,100.0
3542909,0.0,54.55,45.45,100.0,1.73,0.43,1.73,0.0,0.43,0.43,0.43,0.87,0.87,4.76,2.16,2.6,3.03,4.76,5.19,8.23,8.23,15.58,8.66,15.15,5.63,6.06,3.9,0.87,0.0,1.73,0.0,0.0,0.0,18.61,23.38,9.52,6.93,13.42,12.12,16.02,0.0,0.0,126.0,105.0,231.0,4.0,1.0,4.0,0.0,1.0,1.0,1.0,2.0,2.0,11.0,5.0,6.0,7.0,11.0,12.0,19.0,19.0,36.0,20.0,35.0,13.0,14.0,9.0,2.0,0.0,4.0,0.0,0.0,0.0,43.0,54.0,22.0,16.0,31.0,28.0,37.0,0.0,99.87,99.87,,0.0,0.13,0.0,0.0,53.88,5.12,0.13,40.87,0.0,0.0,100.0,13.93,16.16,17.35,18.4,15.77,18.4,1.05,2.1,0.92,1.31,1.71,1.31,1.05,0.92,1.05,0.79,1.05,0.66,760.0,760.0,,0.0,1.0,0.0,0.0,410.0,39.0,1.0,311.0,0.0,0.0,761.0,106.0,123.0,132.0,140.0,120.0,140.0,8.0,16.0,7.0,10.0,13.0,10.0,8.0,7.0,8.0,6.0,8.0,5.0,99.87,100.0,100.0,100.0,99.29,100.0,100.0,99.81,100.0,100.0,100.0,100.0,100.0,100.0,100.0,100.0,100.0,100.0,100.0,100.0
3543006,0.0,63.14,36.86,100.0,1.97,0.0,3.19,1.23,0.25,0.25,1.47,1.97,1.97,2.7,3.19,2.7,4.67,5.9,8.35,8.6,11.3,13.02,11.79,10.57,5.16,2.7,0.25,0.0,0.98,0.25,0.25,0.49,0.0,21.13,20.39,11.3,17.2,10.57,8.85,10.57,0.0,0.0,257.0,150.0,407.0,8.0,0.0,13.0,5.0,1.0,1.0,6.0,8.0,8.0,11.0,13.0,11.0,19.0,24.0,34.0,35.0,46.0,53.0,48.0,43.0,21.0,11.0,1.0,0.0,4.0,1.0,1.0,2.0,0.0,86.0,83.0,46.0,70.0,43.0,36.0,43.0,0.0,99.76,99.76,,0.0,0.12,0.12,0.0,69.16,1.1,0.31,29.38,0.06,0.0,100.0,16.28,14.44,17.81,17.5,19.4,14.57,1.9,1.04,1.1,1.53,1.35,1.04,1.84,1.77,1.9,0.86,1.22,0.73,1630.0,1630.0,,0.0,2.0,2.0,0.0,1130.0,18.0,5.0,480.0,1.0,0.0,1634.0,266.0,236.0,291.0,286.0,317.0,238.0,31.0,17.0,18.0,25.0,22.0,17.0,30.0,29.0,31.0,14.0,20.0,12.0,99.76,99.62,99.58,99.31,100.0,100.0,100.0,99.82,100.0,100.0,100.0,100.0,100.0,100.0,100.0,96.55,100.0,100.0,100.0,100.0
3543105,0.0,53.85,46.15,100.0,0.0,0.0,0.0,0.0,1.28,0.0,0.0,0.0,0.0,1.28,2.56,0.0,3.85,12.82,5.13,15.38,7.69,14.1,5.13,15.38,10.26,5.13,0.0,0.0,0.0,0.0,0.0,0.0,0.0,14.1,26.92,7.69,10.26,24.36,6.41,10.26,0.0,0.0,42.0,36.0,78.0,0.0,0.0,0.0,0.0,1.0,0.0,0.0,0.0,0.0,1.0,2.0,0.0,3.0,10.0,4.0,12.0,6.0,11.0,4.0,12.0,8.0,4.0,0.0,0.0,0.0,0.0,0.0,0.0,0.0,11.0,21.0,6.0,8.0,19.0,5.0,8.0,0.0,100.0,100.0,,0.0,0.0,0.0,0.0,50.95,6.81,0.27,41.96,0.0,0.0,100.0,11.72,16.62,14.17,22.34,16.62,18.53,0.82,0.27,1.36,1.63,1.36,1.09,0.54,1.36,0.82,1.36,0.27,0.82,367.0,367.0,,0.0,0.0,0.0,0.0,187.0,25.0,1.0,154.0,0.0,0.0,367.0,43.0,61.0,52.0,82.0,61.0,68.0,3.0,1.0,5.0,6.0,5.0,4.0,2.0,5.0,3.0,5.0,1.0,3.0,100.0,100.0,100.0,100.0,100.0,100.0,100.0,100.0,100.0,100.0,100.0,100.0,100.0,100.0,100.0,100.0,100.0,100.0,100.0,100.0
3543204,0.0,58.4,41.6,100.0,2.4,0.8,3.2,0.8,0.0,0.8,0.0,0.8,0.0,0.8,5.6,1.6,4.0,8.8,4.0,10.4,7.2,8.0,12.0,9.6,11.2,7.2,3.2,0.8,0.8,0.8,0.0,0.8,0.0,22.4,24.8,15.2,12.8,11.2,8.0,5.6,0.0,0.0,73.0,52.0,125.0,3.0,1.0,4.0,1.0,0.0,1.0,0.0,1.0,0.0,1.0,7.0,2.0,5.0,11.0,5.0,13.0,9.0,10.0,15.0,12.0,14.0,9.0,4.0,1.0,1.0,1.0,0.0,1.0,0.0,28.0,31.0,19.0,16.0,14.0,10.0,7.0,0.0,100.0,100.0,,0.0,0.0,0.0,0.0,79.75,1.58,0.0,18.67,0.0,0.0,100.0,16.46,18.35,16.77,17.41,14.24,16.77,0.95,1.9,2.53,0.95,1.27,1.58,1.58,1.27,1.58,1.27,0.95,0.63,316.0,316.0,,0.0,0.0,0.0,0.0,252.0,5.0,0.0,59.0,0.0,0.0,316.0,52.0,58.0,53.0,55.0,45.0,53.0,3.0,6.0,8.0,3.0,4.0,5.0,5.0,4.0,5.0,4.0,3.0,2.0,100.0,100.0,100.0,100.0,100.0,100.0,100.0,100.0,100.0,100.0,100.0,100.0,100.0,100.0,100.0,100.0,100.0,100.0,100.0,100.0
3543238,0.0,51.47,48.53,100.0,0.0,0.0,0.0,0.0,0.0,0.0,0.0,0.0,0.0,7.35,1.47,4.41,5.88,8.82,7.35,4.41,10.29,10.29,10.29,16.18,5.88,4.41,0.0,2.94,0.0,0.0,0.0,0.0,0.0,23.53,14.71,16.18,11.76,11.76,11.76,10.29,0.0,0.0,35.0,33.0,68.0,0.0,0.0,0.0,0.0,0.0,0.0,0.0,0.0,0.0,5.0,1.0,3.0,4.0,6.0,5.0,3.0,7.0,7.0,7.0,11.0,4.0,3.0,0.0,2.0,0.0,0.0,0.0,0.0,0.0,16.0,10.0,11.0,8.0,8.0,8.0,7.0,0.0,100.0,100.0,,0.0,0.0,0.0,0.0,70.64,0.92,0.0,28.44,0.0,0.0,100.0,11.93,17.43,14.68,19.27,24.77,11.93,0.92,1.83,0.92,0.92,0.0,0.92,1.83,0.92,0.0,0.0,0.92,2.75,109.0,109.0,,0.0,0.0,0.0,0.0,77.0,1.0,0.0,31.0,0.0,0.0,109.0,13.0,19.0,16.0,21.0,27.0,13.0,1.0,2.0,1.0,1.0,0.0,1.0,2.0,1.0,0.0,0.0,1.0,3.0,100.0,100.0,100.0,100.0,100.0,100.0,100.0,100.0,100.0,100.0,100.0,100.0,0.0,100.0,100.0,100.0,0.0,0.0,100.0,100.0
3543253,0.0,58.15,41.85,100.0,1.63,0.0,2.17,0.54,0.0,0.0,0.0,1.63,1.09,3.26,4.35,1.09,2.72,9.24,8.7,8.7,8.7,12.5,9.24,13.04,7.07,5.43,0.54,0.54,1.63,0.0,0.0,0.0,0.0,12.5,28.26,10.33,16.85,10.87,13.59,7.61,0.0,0.0,107.0,77.0,184.0,3.0,0.0,4.0,1.0,0.0,0.0,0.0,3.0,2.0,6.0,8.0,2.0,5.0,17.0,16.0,16.0,16.0,23.0,17.0,24.0,13.0,10.0,1.0,1.0,3.0,0.0,0.0,0.0,0.0,23.0,52.0,19.0,31.0,20.0,25.0,14.0,0.0,99.8,99.8,,0.0,0.2,0.0,0.0,80.39,0.59,0.0,19.02,0.0,0.0,100.0,15.88,14.71,15.29,16.47,21.18,16.47,0.98,1.57,1.76,0.78,0.98,0.59,1.18,1.18,1.37,2.35,1.37,1.76,509.0,509.0,,0.0,1.0,0.0,0.0,410.0,3.0,0.0,97.0,0.0,0.0,510.0,81.0,75.0,78.0,84.0,108.0,84.0,5.0,8.0,9.0,4.0,5.0,3.0,6.0,6.0,7.0,12.0,7.0,9.0,99.8,100.0,100.0,100.0,100.0,99.07,100.0,99.72,100.0,100.0,100.0,100.0,100.0,100.0,100.0,100.0,100.0,100.0,100.0,100.0
3543303,0.0,55.4,44.6,100.0,1.08,0.08,1.24,0.16,0.04,0.28,0.52,1.75,1.24,1.24,2.51,2.99,3.95,5.22,7.13,9.88,12.0,12.75,10.84,11.4,7.89,4.54,2.11,0.4,0.52,0.32,0.0,0.2,0.04,19.37,22.28,11.92,14.11,12.51,9.33,10.48,0.0,0.0,1390.0,1119.0,2509.0,27.0,2.0,31.0,4.0,1.0,7.0,13.0,44.0,31.0,31.0,63.0,75.0,99.0,131.0,179.0,248.0,301.0,320.0,272.0,286.0,198.0,114.0,53.0,10.0,13.0,8.0,0.0,5.0,1.0,486.0,559.0,299.0,354.0,314.0,234.0,263.0,0.0,99.74,99.74,,0.0,0.14,0.08,0.04,62.27,4.12,0.38,33.15,0.08,0.0,100.0,14.09,14.09,17.4,17.94,18.16,18.31,1.35,1.0,1.36,1.1,1.14,1.04,1.48,1.11,1.17,1.07,1.1,1.16,7161.0,7161.0,,0.0,10.0,6.0,3.0,4471.0,296.0,27.0,2380.0,6.0,0.0,7180.0,1012.0,1012.0,1249.0,1288.0,1304.0,1315.0,97.0,72.0,98.0,79.0,82.0,75.0,106.0,80.0,84.0,77.0,79.0,83.0,99.74,99.8,99.6,99.76,99.69,99.69,99.85,99.75,100.0,100.0,100.0,100.0,100.0,100.0,98.11,100.0,100.0,100.0,100.0,100.0
3543402,0.0,54.34,45.66,100.0,1.03,0.18,1.43,0.4,0.22,0.18,0.58,0.97,1.09,1.56,2.02,2.84,3.86,5.47,6.94,9.03,9.92,11.33,10.26,12.0,9.92,6.73,2.86,0.61,0.46,0.32,0.15,0.1,0.01,20.38,20.65,12.14,14.12,13.18,10.66,8.86,0.0,0.0,7003.0,5884.0,12887.0,133.0,23.0,184.0,51.0,28.0,23.0,75.0,125.0,141.0,201.0,260.0,366.0,498.0,705.0,895.0,1164.0,1279.0,1460.0,1322.0,1547.0,1278.0,867.0,368.0,78.0,59.0,41.0,19.0,13.0,1.0,2627.0,2661.0,1565.0,1820.0,1698.0,1374.0,1142.0,0.0,99.57,99.55,,0.02,0.23,0.15,0.05,64.05,5.22,0.35,30.31,0.06,0.01,100.0,15.75,15.43,16.53,17.29,18.25,16.75,1.32,1.23,1.36,1.36,1.3,1.34,1.23,1.43,1.27,1.42,1.22,1.27,44496.0,44485.0,,11.0,104.0,65.0,22.0,28623.0,2332.0,156.0,13544.0,29.0,3.0,44687.0,7039.0,6896.0,7385.0,7727.0,8156.0,7484.0,591.0,548.0,606.0,609.0,583.0,598.0,551.0,639.0,569.0,634.0,545.0,566.0,99.55,99.32,99.64,99.53,99.66,99.61,99.52,99.58,97.97,98.36,99.34,99.34,99.66,99.83,99.64,99.69,99.47,99.37,99.45,99.65
3543501,0.0,64.12,35.88,100.0,2.94,0.0,3.53,0.59,0.0,1.18,0.59,0.59,1.18,2.35,1.76,0.59,2.94,4.12,4.71,12.35,12.94,11.76,12.94,10.0,9.41,2.35,2.94,1.76,0.59,1.18,0.0,1.18,0.0,20.59,27.65,12.35,12.35,5.88,11.76,9.41,0.0,0.0,109.0,61.0,170.0,5.0,0.0,6.0,1.0,0.0,2.0,1.0,1.0,2.0,4.0,3.0,1.0,5.0,7.0,8.0,21.0,22.0,20.0,22.0,17.0,16.0,4.0,5.0,3.0,1.0,2.0,0.0,2.0,0.0,35.0,47.0,21.0,21.0,10.0,20.0,16.0,0.0,100.0,100.0,,0.0,0.0,0.0,0.0,77.93,1.61,0.0,20.46,0.0,0.0,100.0,13.56,17.93,18.16,18.39,14.48,17.47,0.46,1.61,1.15,0.92,0.69,1.61,1.38,1.38,1.38,1.15,1.84,0.0,435.0,435.0,,0.0,0.0,0.0,0.0,339.0,7.0,0.0,89.0,0.0,0.0,435.0,59.0,78.0,79.0,80.0,63.0,76.0,2.0,7.0,5.0,4.0,3.0,7.0,6.0,6.0,6.0,5.0,8.0,0.0,100.0,100.0,100.0,100.0,100.0,100.0,100.0,100.0,100.0,100.0,100.0,100.0,100.0,100.0,100.0,100.0,100.0,100.0,100.0,0.0
3543600,0.0,55.83,44.17,100.0,1.67,0.0,1.67,0.0,0.0,0.83,0.0,0.83,2.5,1.67,0.0,1.67,8.33,4.17,6.67,10.83,4.17,15.0,11.67,13.33,9.17,4.17,0.83,2.5,0.83,0.0,0.0,0.83,0.0,15.83,24.17,14.17,8.33,13.33,12.5,11.67,0.0,0.0,67.0,53.0,120.0,2.0,0.0,2.0,0.0,0.0,1.0,0.0,1.0,3.0,2.0,0.0,2.0,10.0,5.0,8.0,13.0,5.0,18.0,14.0,16.0,11.0,5.0,1.0,3.0,1.0,0.0,0.0,1.0,0.0,19.0,29.0,17.0,10.0,16.0,15.0,14.0,0.0,100.0,100.0,,0.0,0.0,0.0,0.0,68.42,0.38,0.0,31.2,0.0,0.0,100.0,14.66,13.91,15.04,20.3,20.3,15.79,0.75,0.75,1.88,0.38,0.38,1.5,1.5,2.63,1.13,1.13,1.5,1.13,266.0,266.0,,0.0,0.0,0.0,0.0,182.0,1.0,0.0,83.0,0.0,0.0,266.0,39.0,37.0,40.0,54.0,54.0,42.0,2.0,2.0,5.0,1.0,1.0,4.0,4.0,7.0,3.0,3.0,4.0,3.0,100.0,100.0,100.0,100.0,100.0,100.0,100.0,100.0,100.0,100.0,100.0,100.0,100.0,100.0,100.0,100.0,100.0,100.0,100.0,100.0
3543709,0.0,56.36,43.64,100.0,0.85,0.0,1.27,0.42,0.42,0.0,0.42,0.42,2.12,0.85,1.69,2.97,3.81,5.93,6.36,6.78,8.47,16.95,11.86,7.2,10.59,8.05,3.39,0.42,0.42,0.42,0.0,0.0,0.0,26.27,19.92,15.25,9.32,16.1,6.36,6.78,0.0,0.0,133.0,103.0,236.0,2.0,0.0,3.0,1.0,1.0,0.0,1.0,1.0,5.0,2.0,4.0,7.0,9.0,14.0,15.0,16.0,20.0,40.0,28.0,17.0,25.0,19.0,8.0,1.0,1.0,1.0,0.0,0.0,0.0,62.0,47.0,36.0,22.0,38.0,15.0,16.0,0.0,99.84,99.84,,0.0,0.16,0.0,0.0,62.5,4.43,0.0,33.07,0.0,0.0,100.0,14.56,16.3,15.82,16.14,18.99,18.2,0.32,1.27,0.95,1.42,1.42,1.27,0.79,1.58,0.47,2.06,1.58,1.42,631.0,631.0,,0.0,1.0,0.0,0.0,395.0,28.0,0.0,209.0,0.0,0.0,632.0,92.0,103.0,100.0,102.0,120.0,115.0,2.0,8.0,6.0,9.0,9.0,8.0,5.0,10.0,3.0,13.0,10.0,9.0,99.84,100.0,100.0,100.0,99.02,100.0,100.0,99.77,100.0,100.0,100.0,100.0,100.0,100.0,100.0,100.0,100.0,100.0,100.0,100.0
3543808,0.0,67.34,32.66,100.0,0.0,0.0,0.5,0.5,0.0,0.5,0.5,0.5,0.5,1.51,1.01,1.51,4.02,7.04,4.52,8.04,10.05,8.54,13.57,17.09,10.05,9.55,0.5,0.5,0.0,0.0,0.0,0.0,0.0,21.11,18.09,14.07,15.58,10.05,12.06,9.05,0.0,0.0,134.0,65.0,199.0,0.0,0.0,1.0,1.0,0.0,1.0,1.0,1.0,1.0,3.0,2.0,3.0,8.0,14.0,9.0,16.0,20.0,17.0,27.0,34.0,20.0,19.0,1.0,1.0,0.0,0.0,0.0,0.0,0.0,42.0,36.0,28.0,31.0,20.0,24.0,18.0,0.0,99.83,99.83,,0.0,0.17,0.0,0.0,61.54,1.75,1.4,35.31,0.0,0.0,100.0,16.08,13.64,17.83,17.31,17.66,17.48,1.92,1.57,1.4,0.87,1.4,1.75,0.35,0.7,1.4,1.75,1.75,1.22,571.0,571.0,,0.0,1.0,0.0,0.0,352.0,10.0,8.0,202.0,0.0,0.0,572.0,92.0,78.0,102.0,99.0,101.0,100.0,11.0,9.0,8.0,5.0,8.0,10.0,2.0,4.0,8.0,10.0,10.0,7.0,99.83,100.0,100.0,99.02,100.0,100.0,100.0,99.75,100.0,100.0,100.0,100.0,100.0,100.0,100.0,100.0,100.0,100.0,100.0,100.0
3543907,0.0,56.5,43.5,100.0,0.82,0.0,1.21,0.39,0.22,0.27,0.51,1.14,1.55,1.64,2.3,3.09,4.28,5.68,6.29,8.8,10.37,11.39,10.66,11.7,9.36,6.67,2.32,0.56,0.36,0.17,0.07,0.17,0.05,20.38,20.87,11.85,13.88,12.09,11.51,9.43,0.0,0.0,2337.0,1799.0,4136.0,34.0,0.0,50.0,16.0,9.0,11.0,21.0,47.0,64.0,68.0,95.0,128.0,177.0,235.0,260.0,364.0,429.0,471.0,441.0,484.0,387.0,276.0,96.0,23.0,15.0,7.0,3.0,7.0,2.0,843.0,863.0,490.0,574.0,500.0,476.0,390.0,0.0,99.57,99.57,,0.0,0.18,0.2,0.05,67.49,4.33,0.26,27.88,0.02,0.01,100.0,15.09,15.26,16.33,17.95,18.36,17.0,1.32,1.26,1.17,1.17,1.36,1.33,1.12,1.37,1.3,1.13,1.24,1.33,12909.0,12909.0,,0.0,23.0,26.0,7.0,8750.0,562.0,34.0,3615.0,3.0,1.0,12965.0,1957.0,1979.0,2117.0,2327.0,2381.0,2204.0,171.0,163.0,152.0,152.0,176.0,173.0,145.0,177.0,169.0,146.0,161.0,172.0,99.57,99.18,99.65,99.53,99.53,99.75,99.73,99.63,98.83,98.16,100.0,99.34,99.43,100.0,97.93,99.44,99.41,99.32,99.38,98.84
3544004,0.0,59.25,40.75,100.0,1.02,0.17,1.36,0.34,0.0,0.51,1.02,1.02,1.19,1.53,1.87,3.74,3.74,5.6,6.62,9.68,11.54,10.7,9.17,13.75,9.51,4.41,2.38,0.51,0.34,0.51,0.0,0.17,0.0,21.56,22.41,9.34,14.6,11.71,10.87,9.51,0.0,0.0,349.0,240.0,589.0,6.0,1.0,8.0,2.0,0.0,3.0,6.0,6.0,7.0,9.0,11.0,22.0,22.0,33.0,39.0,57.0,68.0,63.0,54.0,81.0,56.0,26.0,14.0,3.0,2.0,3.0,0.0,1.0,0.0,127.0,132.0,55.0,86.0,69.0,64.0,56.0,0.0,99.74,99.74,,0.0,0.09,0.17,0.0,61.07,2.98,0.0,35.95,0.0,0.0,100.0,15.8,14.72,16.79,17.95,18.17,16.57,1.34,1.25,1.42,1.34,1.38,1.08,1.42,1.55,0.95,1.21,1.38,1.47,2311.0,2311.0,,0.0,2.0,4.0,0.0,1415.0,69.0,0.0,833.0,0.0,0.0,2317.0,366.0,341.0,389.0,416.0,421.0,384.0,31.0,29.0,33.0,31.0,32.0,25.0,33.0,36.0,22.0,28.0,32.0,34.0,99.74,99.73,99.41,99.74,99.76,100.0,99.74,99.81,100.0,100.0,100.0,100.0,96.88,100.0,100.0,100.0,100.0,100.0,100.0,100.0
3544103,0.0,58.21,41.79,100.0,1.18,0.0,2.13,0.94,0.0,0.35,1.06,1.53,2.13,2.13,3.9,2.72,5.67,7.67,8.15,9.92,10.63,12.16,7.79,8.03,7.32,4.25,2.01,0.47,0.59,0.12,0.12,0.35,0.0,19.83,19.6,12.51,11.45,16.17,8.85,11.57,0.0,0.0,493.0,354.0,847.0,10.0,0.0,18.0,8.0,0.0,3.0,9.0,13.0,18.0,18.0,33.0,23.0,48.0,65.0,69.0,84.0,90.0,103.0,66.0,68.0,62.0,36.0,17.0,4.0,5.0,1.0,1.0,3.0,0.0,168.0,166.0,106.0,97.0,137.0,75.0,98.0,0.0,99.78,99.78,,0.0,0.09,0.09,0.03,52.3,4.88,0.16,42.6,0.06,0.0,100.0,14.17,14.95,17.56,16.94,18.52,17.87,1.21,0.81,1.24,1.24,1.4,1.15,1.37,1.15,1.15,1.43,1.18,0.84,3211.0,3211.0,,0.0,3.0,3.0,1.0,1683.0,157.0,5.0,1371.0,2.0,0.0,3218.0,456.0,481.0,565.0,545.0,596.0,575.0,39.0,26.0,40.0,40.0,45.0,37.0,44.0,37.0,37.0,46.0,38.0,27.0,99.78,99.56,99.79,99.65,100.0,99.83,99.83,99.82,97.44,100.0,100.0,100.0,100.0,100.0,100.0,100.0,100.0,97.83,100.0,100.0
3544202,0.0,53.8,46.2,100.0,2.53,1.9,2.53,0.0,0.0,0.63,0.63,1.27,1.27,1.27,3.16,3.8,6.33,5.7,9.49,6.96,9.49,10.76,14.56,9.49,6.33,3.8,0.63,0.0,0.63,1.27,0.0,0.63,0.0,17.72,19.62,17.72,18.99,10.76,8.23,6.96,0.0,0.0,85.0,73.0,158.0,4.0,3.0,4.0,0.0,0.0,1.0,1.0,2.0,2.0,2.0,5.0,6.0,10.0,9.0,15.0,11.0,15.0,17.0,23.0,15.0,10.0,6.0,1.0,0.0,1.0,2.0,0.0,1.0,0.0,28.0,31.0,28.0,30.0,17.0,13.0,11.0,0.0,100.0,100.0,,0.0,0.0,0.0,0.0,52.28,2.88,0.17,44.67,0.0,0.0,100.0,16.58,19.12,17.26,14.21,17.94,14.89,1.02,0.85,1.18,2.2,2.03,1.02,1.52,1.86,0.85,1.52,0.68,1.86,591.0,591.0,,0.0,0.0,0.0,0.0,309.0,17.0,1.0,264.0,0.0,0.0,591.0,98.0,113.0,102.0,84.0,106.0,88.0,6.0,5.0,7.0,13.0,12.0,6.0,9.0,11.0,5.0,9.0,4.0,11.0,100.0,100.0,100.0,100.0,100.0,100.0,100.0,100.0,100.0,100.0,100.0,100.0,100.0,100.0,100.0,100.0,100.0,100.0,100.0,100.0
3544251,0.0,61.96,38.04,100.0,1.3,0.0,1.52,0.22,0.0,0.0,0.43,0.65,0.65,1.96,4.35,3.04,2.61,6.74,7.83,9.13,8.91,14.35,10.22,11.3,9.35,5.22,1.09,0.65,0.87,0.43,0.0,0.0,0.0,20.65,21.52,13.04,13.04,11.96,9.57,10.22,0.0,0.0,285.0,175.0,460.0,6.0,0.0,7.0,1.0,0.0,0.0,2.0,3.0,3.0,9.0,20.0,14.0,12.0,31.0,36.0,42.0,41.0,66.0,47.0,52.0,43.0,24.0,5.0,3.0,4.0,2.0,0.0,0.0,0.0,95.0,99.0,60.0,60.0,55.0,44.0,47.0,0.0,99.48,99.48,,0.0,0.43,0.09,0.0,48.1,2.6,0.35,48.88,0.09,0.0,100.0,14.27,15.92,16.61,18.17,16.35,18.69,1.04,1.12,0.61,1.3,2.08,1.21,1.12,1.38,0.95,0.95,1.38,1.12,1150.0,1150.0,,0.0,5.0,1.0,0.0,556.0,30.0,4.0,565.0,1.0,0.0,1156.0,165.0,184.0,192.0,210.0,189.0,216.0,12.0,13.0,7.0,15.0,24.0,14.0,13.0,16.0,11.0,11.0,16.0,13.0,99.48,99.39,99.46,98.96,100.0,98.94,100.0,99.5,100.0,100.0,100.0,100.0,100.0,100.0,92.31,100.0,100.0,100.0,100.0,100.0
3544301,0.0,56.52,43.48,100.0,1.3,0.0,1.3,0.0,0.0,0.0,0.43,0.87,0.87,2.17,2.17,3.04,4.35,8.26,10.0,9.57,10.43,10.0,10.0,9.13,9.13,4.78,3.48,0.0,0.0,0.87,0.43,0.0,0.0,20.0,19.57,8.26,13.48,15.65,11.3,11.74,0.0,0.0,130.0,100.0,230.0,3.0,0.0,3.0,0.0,0.0,0.0,1.0,2.0,2.0,5.0,5.0,7.0,10.0,19.0,23.0,22.0,24.0,23.0,23.0,21.0,21.0,11.0,8.0,0.0,0.0,2.0,1.0,0.0,0.0,46.0,45.0,19.0,31.0,36.0,26.0,27.0,0.0,99.63,99.63,,0.0,0.25,0.12,0.0,62.52,2.84,0.0,34.53,0.12,0.0,100.0,12.33,12.7,17.51,17.88,20.47,19.11,0.74,1.6,0.74,0.86,1.23,0.62,0.99,1.36,1.11,0.62,1.23,1.23,808.0,808.0,,0.0,2.0,1.0,0.0,507.0,23.0,0.0,280.0,1.0,0.0,811.0,100.0,103.0,142.0,145.0,166.0,155.0,6.0,13.0,6.0,7.0,10.0,5.0,8.0,11.0,9.0,5.0,10.0,10.0,99.63,100.0,100.0,100.0,99.31,99.4,99.35,99.51,100.0,100.0,100.0,100.0,100.0,100.0,100.0,100.0,100.0,100.0,100.0,100.0
3544400,0.0,44.44,55.56,100.0,1.85,0.0,3.7,1.85,0.0,0.0,0.0,0.0,3.7,3.7,1.85,1.85,11.11,9.26,7.41,11.11,3.7,3.7,14.81,9.26,9.26,3.7,1.85,0.0,0.0,1.85,0.0,0.0,0.0,20.37,27.78,14.81,9.26,9.26,9.26,9.26,0.0,0.0,24.0,30.0,54.0,1.0,0.0,2.0,1.0,0.0,0.0,0.0,0.0,2.0,2.0,1.0,1.0,6.0,5.0,4.0,6.0,2.0,2.0,8.0,5.0,5.0,2.0,1.0,0.0,0.0,1.0,0.0,0.0,0.0,11.0,15.0,8.0,5.0,5.0,5.0,5.0,0.0,100.0,100.0,,0.0,0.0,0.0,0.0,58.37,1.44,1.44,38.28,0.48,0.0,100.0,14.35,15.79,15.31,18.18,19.14,17.22,1.44,0.48,0.48,0.48,1.91,0.96,2.39,0.48,1.91,1.91,1.91,0.0,209.0,209.0,,0.0,0.0,0.0,0.0,122.0,3.0,3.0,80.0,1.0,0.0,209.0,30.0,33.0,32.0,38.0,40.0,36.0,3.0,1.0,1.0,1.0,4.0,2.0,5.0,1.0,4.0,4.0,4.0,0.0,100.0,100.0,100.0,100.0,100.0,100.0,100.0,100.0,100.0,100.0,100.0,100.0,100.0,100.0,100.0,100.0,100.0,100.0,100.0,0.0
3544509,0.0,53.61,46.39,100.0,1.03,0.0,1.03,0.0,0.0,0.0,1.03,2.06,1.03,0.0,1.03,4.12,4.12,8.25,10.31,9.28,7.22,8.25,10.31,16.49,6.19,5.15,2.06,2.06,1.03,0.0,0.0,0.0,0.0,26.8,13.4,9.28,17.53,9.28,13.4,10.31,0.0,0.0,52.0,45.0,97.0,1.0,0.0,1.0,0.0,0.0,0.0,1.0,2.0,1.0,0.0,1.0,4.0,4.0,8.0,10.0,9.0,7.0,8.0,10.0,16.0,6.0,5.0,2.0,2.0,1.0,0.0,0.0,0.0,0.0,26.0,13.0,9.0,17.0,9.0,13.0,10.0,0.0,100.0,100.0,,0.0,0.0,0.0,0.0,68.02,3.24,0.0,28.74,0.0,0.0,100.0,14.98,14.98,18.22,17.0,19.84,14.98,1.21,0.81,1.62,0.81,0.81,0.81,2.02,1.62,1.62,1.62,1.21,0.81,247.0,247.0,,0.0,0.0,0.0,0.0,168.0,8.0,0.0,71.0,0.0,0.0,247.0,37.0,37.0,45.0,42.0,49.0,37.0,3.0,2.0,4.0,2.0,2.0,2.0,5.0,4.0,4.0,4.0,3.0,2.0,100.0,100.0,100.0,100.0,100.0,100.0,100.0,100.0,100.0,100.0,100.0,100.0,100.0,100.0,100.0,100.0,100.0,100.0,100.0,100.0
3544608,0.0,60.87,39.13,100.0,0.62,0.0,0.62,0.0,0.0,0.0,0.0,0.62,1.24,0.62,2.48,1.86,7.45,6.21,9.32,6.21,9.94,11.18,9.32,13.04,9.94,5.59,3.11,1.24,0.0,0.62,0.0,0.0,0.0,19.25,25.47,12.42,16.15,8.07,13.66,4.97,0.0,0.0,98.0,63.0,161.0,1.0,0.0,1.0,0.0,0.0,0.0,0.0,1.0,2.0,1.0,4.0,3.0,12.0,10.0,15.0,10.0,16.0,18.0,15.0,21.0,16.0,9.0,5.0,2.0,0.0,1.0,0.0,0.0,0.0,31.0,41.0,20.0,26.0,13.0,22.0,8.0,0.0,99.68,99.68,,0.0,0.32,0.0,0.0,72.58,0.97,0.0,26.45,0.0,0.0,100.0,11.94,14.52,17.1,18.39,16.77,21.29,1.61,1.29,0.97,0.97,0.97,0.32,0.65,0.97,1.61,0.97,0.65,0.97,309.0,309.0,,0.0,1.0,0.0,0.0,225.0,3.0,0.0,82.0,0.0,0.0,310.0,37.0,45.0,53.0,57.0,52.0,66.0,5.0,4.0,3.0,3.0,3.0,1.0,2.0,3.0,5.0,3.0,2.0,3.0,99.68,100.0,100.0,100.0,100.0,100.0,98.48,99.56,100.0,100.0,100.0,100.0,100.0,100.0,100.0,100.0,100.0,100.0,100.0,100.0
3544707,0.0,60.78,39.22,100.0,0.0,0.0,0.0,0.0,0.0,1.96,0.0,0.0,9.8,1.96,0.0,5.88,1.96,1.96,5.88,7.84,5.88,11.76,5.88,19.61,7.84,7.84,3.92,0.0,0.0,0.0,0.0,0.0,0.0,23.53,21.57,19.61,11.76,5.88,11.76,5.88,0.0,0.0,31.0,20.0,51.0,0.0,0.0,0.0,0.0,0.0,1.0,0.0,0.0,5.0,1.0,0.0,3.0,1.0,1.0,3.0,4.0,3.0,6.0,3.0,10.0,4.0,4.0,2.0,0.0,0.0,0.0,0.0,0.0,0.0,12.0,11.0,10.0,6.0,3.0,6.0,3.0,0.0,100.0,100.0,,0.0,0.0,0.0,0.0,56.18,1.12,0.56,42.13,0.0,0.0,100.0,20.22,17.42,19.66,15.17,14.61,12.92,1.12,1.69,1.69,1.69,1.12,2.25,0.56,1.12,1.12,3.93,1.12,2.81,178.0,178.0,,0.0,0.0,0.0,0.0,100.0,2.0,1.0,75.0,0.0,0.0,178.0,36.0,31.0,35.0,27.0,26.0,23.0,2.0,3.0,3.0,3.0,2.0,4.0,1.0,2.0,2.0,7.0,2.0,5.0,100.0,100.0,100.0,100.0,100.0,100.0,100.0,100.0,100.0,100.0,100.0,100.0,100.0,100.0,100.0,100.0,100.0,100.0,100.0,100.0
3544806,0.0,59.49,40.51,100.0,0.0,0.0,1.54,1.54,0.0,0.51,0.0,0.0,1.54,0.0,2.56,1.54,2.05,5.64,10.77,13.85,8.72,16.41,9.23,10.26,9.74,3.59,1.54,0.51,0.0,0.0,0.0,0.0,0.0,21.03,21.54,13.85,11.28,14.87,8.21,9.23,0.0,0.0,116.0,79.0,195.0,0.0,0.0,3.0,3.0,0.0,1.0,0.0,0.0,3.0,0.0,5.0,3.0,4.0,11.0,21.0,27.0,17.0,32.0,18.0,20.0,19.0,7.0,3.0,1.0,0.0,0.0,0.0,0.0,0.0,41.0,42.0,27.0,22.0,29.0,16.0,18.0,0.0,100.0,100.0,,0.0,0.0,0.0,0.0,71.17,2.3,0.0,26.53,0.0,0.0,100.0,11.99,14.03,15.05,18.62,18.37,21.94,1.02,0.26,2.55,0.77,1.79,1.79,1.02,0.26,0.26,0.77,0.51,1.02,392.0,392.0,,0.0,0.0,0.0,0.0,279.0,9.0,0.0,104.0,0.0,0.0,392.0,47.0,55.0,59.0,73.0,72.0,86.0,4.0,1.0,10.0,3.0,7.0,7.0,4.0,1.0,1.0,3.0,2.0,4.0,100.0,100.0,100.0,100.0,100.0,100.0,100.0,100.0,100.0,100.0,100.0,100.0,100.0,100.0,100.0,100.0,100.0,100.0,100.0,100.0
3544905,0.0,54.03,45.97,100.0,0.47,0.0,1.42,0.95,0.0,0.47,0.47,1.42,2.84,0.0,3.32,3.32,3.32,6.64,8.06,8.53,6.16,10.9,10.43,12.32,9.95,8.06,1.42,0.95,0.0,0.0,0.47,0.0,0.0,16.59,23.22,15.17,11.37,12.32,9.48,11.85,0.0,0.0,114.0,97.0,211.0,1.0,0.0,3.0,2.0,0.0,1.0,1.0,3.0,6.0,0.0,7.0,7.0,7.0,14.0,17.0,18.0,13.0,23.0,22.0,26.0,21.0,17.0,3.0,2.0,0.0,0.0,1.0,0.0,0.0,35.0,49.0,32.0,24.0,26.0,20.0,25.0,0.0,100.0,100.0,,0.0,0.0,0.0,0.0,77.24,1.47,0.4,20.88,0.0,0.0,100.0,14.46,17.67,15.93,14.99,19.01,17.94,2.01,1.2,0.54,1.61,0.8,0.8,1.61,1.47,0.94,1.2,1.34,0.94,747.0,747.0,,0.0,0.0,0.0,0.0,577.0,11.0,3.0,156.0,0.0,0.0,747.0,108.0,132.0,119.0,112.0,142.0,134.0,15.0,9.0,4.0,12.0,6.0,6.0,12.0,11.0,7.0,9.0,10.0,7.0,100.0,100.0,100.0,100.0,100.0,100.0,100.0,100.0,100.0,100.0,100.0,100.0,100.0,100.0,100.0,100.0,100.0,100.0,100.0,100.0
3545001,0.0,56.89,43.11,100.0,0.88,0.29,2.05,1.17,0.29,0.0,0.88,1.17,0.88,2.64,1.47,2.05,3.52,6.16,7.62,9.38,8.8,14.37,7.62,13.2,9.38,4.4,2.93,0.88,0.29,0.0,0.59,0.0,0.0,19.94,18.18,12.61,12.9,14.96,11.73,9.68,0.0,0.0,194.0,147.0,341.0,3.0,1.0,7.0,4.0,1.0,0.0,3.0,4.0,3.0,9.0,5.0,7.0,12.0,21.0,26.0,32.0,30.0,49.0,26.0,45.0,32.0,15.0,10.0,3.0,1.0,0.0,2.0,0.0,0.0,68.0,62.0,43.0,44.0,51.0,40.0,33.0,0.0,99.91,99.91,,0.0,0.0,0.09,0.0,80.07,1.38,0.28,18.27,0.0,0.0,100.0,14.69,16.8,17.45,16.9,17.91,16.25,2.3,1.1,0.92,0.64,0.83,0.92,1.38,1.74,0.55,1.74,1.19,1.38,1088.0,1088.0,,0.0,0.0,1.0,0.0,872.0,15.0,3.0,199.0,0.0,0.0,1089.0,160.0,183.0,190.0,184.0,195.0,177.0,25.0,12.0,10.0,7.0,9.0,10.0,15.0,19.0,6.0,19.0,13.0,15.0,99.91,100.0,99.45,100.0,100.0,100.0,100.0,100.0,100.0,100.0,100.0,100.0,100.0,100.0,100.0,100.0,100.0,100.0,100.0,100.0
3545100,0.0,58.65,41.35,100.0,1.5,3.01,3.76,2.26,1.5,0.0,0.0,0.0,0.75,0.75,1.5,3.76,3.01,9.02,3.01,10.53,10.53,6.77,7.52,12.78,11.28,8.27,2.26,0.0,0.0,0.75,0.0,0.75,0.0,17.29,22.56,12.78,9.77,15.79,9.02,12.78,0.0,0.0,78.0,55.0,133.0,2.0,4.0,5.0,3.0,2.0,0.0,0.0,0.0,1.0,1.0,2.0,5.0,4.0,12.0,4.0,14.0,14.0,9.0,10.0,17.0,15.0,11.0,3.0,0.0,0.0,1.0,0.0,1.0,0.0,23.0,30.0,17.0,13.0,21.0,12.0,17.0,0.0,100.0,100.0,,0.0,0.0,0.0,0.0,53.68,1.91,0.27,44.14,0.0,0.0,100.0,11.72,11.99,17.98,21.8,17.17,19.35,0.54,1.91,0.82,0.27,0.54,0.82,0.82,0.82,1.09,0.82,1.91,1.36,367.0,367.0,,0.0,0.0,0.0,0.0,197.0,7.0,1.0,162.0,0.0,0.0,367.0,43.0,44.0,66.0,80.0,63.0,71.0,2.0,7.0,3.0,1.0,2.0,3.0,3.0,3.0,4.0,3.0,7.0,5.0,100.0,100.0,100.0,100.0,100.0,100.0,100.0,100.0,100.0,100.0,100.0,100.0,100.0,100.0,100.0,100.0,100.0,100.0,100.0,100.0
3545159,0.0,55.41,44.59,100.0,0.0,0.0,0.68,0.68,0.0,0.0,1.35,0.0,0.68,1.35,1.35,0.68,2.03,6.08,8.11,6.08,14.86,18.92,12.16,10.14,8.78,5.41,0.68,0.68,0.0,0.0,0.0,0.0,0.0,23.65,24.32,10.14,11.49,12.16,8.11,10.14,0.0,0.0,82.0,66.0,148.0,0.0,0.0,1.0,1.0,0.0,0.0,2.0,0.0,1.0,2.0,2.0,1.0,3.0,9.0,12.0,9.0,22.0,28.0,18.0,15.0,13.0,8.0,1.0,1.0,0.0,0.0,0.0,0.0,0.0,35.0,36.0,15.0,17.0,18.0,12.0,15.0,0.0,99.61,99.61,,0.0,0.0,0.39,0.0,77.45,1.57,0.0,20.98,0.0,0.0,100.0,14.51,14.9,17.25,20.0,18.24,15.1,1.18,1.18,2.75,0.78,1.18,1.57,2.16,0.59,0.98,0.98,0.78,0.39,508.0,508.0,,0.0,0.0,2.0,0.0,395.0,8.0,0.0,107.0,0.0,0.0,510.0,74.0,76.0,88.0,102.0,93.0,77.0,6.0,6.0,14.0,4.0,6.0,8.0,11.0,3.0,5.0,5.0,4.0,2.0,99.61,100.0,100.0,100.0,99.02,98.92,100.0,99.44,100.0,100.0,100.0,100.0,100.0,100.0,100.0,100.0,100.0,100.0,100.0,100.0
3545209,0.0,57.08,42.92,100.0,1.3,0.32,1.97,0.67,0.43,0.55,0.67,1.26,0.99,1.97,1.93,3.39,3.82,5.52,7.77,9.26,11.23,11.0,10.76,10.17,8.67,6.15,1.85,0.32,0.51,0.39,0.24,0.16,0.0,21.44,23.61,10.56,12.57,12.81,9.97,9.03,0.0,0.0,1448.0,1089.0,2537.0,33.0,8.0,50.0,17.0,11.0,14.0,17.0,32.0,25.0,50.0,49.0,86.0,97.0,140.0,197.0,235.0,285.0,279.0,273.0,258.0,220.0,156.0,47.0,8.0,13.0,10.0,6.0,4.0,0.0,544.0,599.0,268.0,319.0,325.0,253.0,229.0,0.0,99.59,99.59,,0.0,0.25,0.11,0.05,68.5,3.88,0.37,27.21,0.03,0.01,100.0,15.53,15.35,16.55,17.51,17.73,17.32,1.09,1.25,1.34,1.52,1.35,1.15,1.33,1.49,1.32,1.06,1.4,1.25,9970.0,9970.0,,0.0,25.0,11.0,5.0,6858.0,388.0,37.0,2724.0,3.0,1.0,10011.0,1555.0,1537.0,1657.0,1753.0,1775.0,1734.0,109.0,125.0,134.0,152.0,135.0,115.0,133.0,149.0,132.0,106.0,140.0,125.0,99.59,99.49,99.61,99.76,99.6,99.44,99.65,99.61,96.33,100.0,100.0,100.0,99.26,100.0,99.25,99.33,100.0,100.0,100.0,99.2
3545308,0.0,57.44,42.56,100.0,1.69,0.5,1.98,0.3,0.1,0.1,1.39,1.39,1.29,2.08,1.98,3.17,3.17,5.36,6.75,10.91,11.61,12.8,11.61,10.22,7.14,4.37,1.69,0.4,0.5,0.69,0.3,0.2,0.0,19.35,23.91,12.4,10.02,15.38,9.72,9.23,0.0,0.0,579.0,429.0,1008.0,17.0,5.0,20.0,3.0,1.0,1.0,14.0,14.0,13.0,21.0,20.0,32.0,32.0,54.0,68.0,110.0,117.0,129.0,117.0,103.0,72.0,44.0,17.0,4.0,5.0,7.0,3.0,2.0,0.0,195.0,241.0,125.0,101.0,155.0,98.0,93.0,0.0,99.83,99.83,,0.0,0.03,0.13,0.0,69.72,2.91,0.23,27.14,0.0,0.0,100.0,14.51,14.54,16.78,17.55,18.05,18.58,1.17,1.3,1.37,1.37,1.2,1.24,1.2,1.1,1.24,1.3,1.14,0.87,2987.0,2987.0,,0.0,1.0,4.0,0.0,2086.0,87.0,7.0,812.0,0.0,0.0,2992.0,434.0,435.0,502.0,525.0,540.0,556.0,35.0,39.0,41.0,41.0,36.0,37.0,36.0,33.0,37.0,39.0,34.0,26.0,99.83,100.0,100.0,99.8,100.0,99.44,99.82,99.76,100.0,100.0,100.0,100.0,100.0,100.0,100.0,100.0,100.0,100.0,100.0,100.0
3545407,0.0,61.14,38.86,100.0,0.0,0.0,0.47,0.47,0.47,0.0,0.95,0.0,1.42,1.9,2.37,4.27,5.21,3.79,7.11,8.53,9.95,10.43,11.37,9.48,12.32,8.53,1.42,0.0,0.0,0.0,0.0,0.0,0.0,20.38,19.91,7.58,16.59,15.64,9.0,10.9,0.0,0.0,129.0,82.0,211.0,0.0,0.0,1.0,1.0,1.0,0.0,2.0,0.0,3.0,4.0,5.0,9.0,11.0,8.0,15.0,18.0,21.0,22.0,24.0,20.0,26.0,18.0,3.0,0.0,0.0,0.0,0.0,0.0,0.0,43.0,42.0,16.0,35.0,33.0,19.0,23.0,0.0,100.0,100.0,,0.0,0.0,0.0,0.0,73.43,1.73,0.0,24.84,0.0,0.0,100.0,17.45,17.14,16.19,14.94,17.14,17.14,1.89,0.94,1.57,1.73,1.26,1.73,1.1,1.42,1.42,1.42,1.1,1.89,636.0,636.0,,0.0,0.0,0.0,0.0,467.0,11.0,0.0,158.0,0.0,0.0,636.0,111.0,109.0,103.0,95.0,109.0,109.0,12.0,6.0,10.0,11.0,8.0,11.0,7.0,9.0,9.0,9.0,7.0,12.0,100.0,100.0,100.0,100.0,100.0,100.0,100.0,100.0,100.0,100.0,100.0,100.0,100.0,100.0,100.0,100.0,100.0,100.0,100.0,100.0
3545506,0.0,52.75,47.25,100.0,2.2,0.0,3.3,1.1,0.0,0.0,4.4,1.1,1.1,1.1,1.1,3.3,3.3,1.1,7.69,12.09,8.79,12.09,10.99,9.89,13.19,3.3,2.2,0.0,1.1,1.1,0.0,0.0,0.0,18.68,27.47,4.4,15.38,7.69,12.09,14.29,0.0,0.0,48.0,43.0,91.0,2.0,0.0,3.0,1.0,0.0,0.0,4.0,1.0,1.0,1.0,1.0,3.0,3.0,1.0,7.0,11.0,8.0,11.0,10.0,9.0,12.0,3.0,2.0,0.0,1.0,1.0,0.0,0.0,0.0,17.0,25.0,4.0,14.0,7.0,11.0,13.0,0.0,100.0,100.0,,0.0,0.0,0.0,0.0,44.44,4.51,0.0,51.04,0.0,0.0,100.0,13.19,15.97,18.06,17.01,17.36,18.4,1.74,1.74,2.08,1.04,0.35,0.35,1.39,0.35,2.08,0.35,0.69,1.04,288.0,288.0,,0.0,0.0,0.0,0.0,128.0,13.0,0.0,147.0,0.0,0.0,288.0,38.0,46.0,52.0,49.0,50.0,53.0,5.0,5.0,6.0,3.0,1.0,1.0,4.0,1.0,6.0,1.0,2.0,3.0,100.0,100.0,100.0,100.0,100.0,100.0,100.0,100.0,100.0,100.0,100.0,100.0,100.0,100.0,100.0,100.0,100.0,100.0,100.0,100.0
3545605,0.0,52.35,47.65,100.0,0.31,0.31,0.31,0.0,0.0,0.63,1.57,0.63,2.51,0.31,1.25,3.45,2.82,6.9,6.27,9.09,10.03,9.4,9.4,15.36,9.09,7.84,2.19,0.63,0.31,0.0,0.0,0.0,0.0,19.44,24.76,8.78,13.79,11.91,12.23,9.09,0.0,0.0,167.0,152.0,319.0,1.0,1.0,1.0,0.0,0.0,2.0,5.0,2.0,8.0,1.0,4.0,11.0,9.0,22.0,20.0,29.0,32.0,30.0,30.0,49.0,29.0,25.0,7.0,2.0,1.0,0.0,0.0,0.0,0.0,62.0,79.0,28.0,44.0,38.0,39.0,29.0,0.0,99.89,99.89,,0.0,0.11,0.0,0.0,68.99,1.77,0.11,29.13,0.0,0.0,100.0,17.72,15.39,15.84,15.61,15.5,19.93,1.77,0.89,1.77,1.44,2.33,1.55,1.44,1.0,1.77,1.0,1.33,1.44,902.0,902.0,,0.0,1.0,0.0,0.0,623.0,16.0,1.0,263.0,0.0,0.0,903.0,160.0,139.0,143.0,141.0,140.0,180.0,16.0,8.0,16.0,13.0,21.0,14.0,13.0,9.0,16.0,9.0,12.0,13.0,99.89,100.0,100.0,100.0,100.0,99.29,100.0,99.83,100.0,100.0,100.0,100.0,100.0,100.0,100.0,100.0,100.0,100.0,100.0,100.0
3545704,0.0,50.48,49.52,100.0,0.48,0.0,1.44,0.96,0.0,0.0,1.44,0.48,0.48,0.48,1.44,0.48,5.77,3.37,6.73,7.69,8.65,10.58,13.46,15.38,13.94,5.29,2.4,0.48,0.0,0.48,0.0,0.0,0.0,21.15,19.71,10.58,13.46,13.46,11.06,10.58,0.0,0.0,105.0,103.0,208.0,1.0,0.0,3.0,2.0,0.0,0.0,3.0,1.0,1.0,1.0,3.0,1.0,12.0,7.0,14.0,16.0,18.0,22.0,28.0,32.0,29.0,11.0,5.0,1.0,0.0,1.0,0.0,0.0,0.0,44.0,41.0,22.0,28.0,28.0,23.0,22.0,0.0,99.32,99.32,,0.0,0.23,0.46,0.0,65.07,3.2,0.46,30.82,0.46,0.0,100.0,15.07,17.12,19.86,15.98,15.75,16.21,0.91,0.91,0.46,1.6,2.51,1.83,0.68,1.6,2.05,0.46,0.91,1.14,435.0,435.0,,0.0,1.0,2.0,0.0,285.0,14.0,2.0,135.0,2.0,0.0,438.0,66.0,75.0,87.0,70.0,69.0,71.0,4.0,4.0,2.0,7.0,11.0,8.0,3.0,7.0,9.0,2.0,4.0,5.0,99.32,100.0,100.0,100.0,100.0,97.1,98.59,98.99,100.0,100.0,100.0,100.0,100.0,100.0,100.0,100.0,100.0,100.0,100.0,100.0
3545803,0.0,56.77,43.23,100.0,1.15,0.03,1.48,0.33,0.15,0.2,0.43,0.61,0.87,1.28,2.38,2.84,3.91,5.24,8.21,10.51,12.23,11.61,10.26,12.02,8.42,5.17,1.66,0.46,0.59,0.26,0.05,0.2,0.05,19.44,22.28,11.95,13.48,13.25,10.69,8.9,0.0,0.0,2219.0,1690.0,3909.0,45.0,1.0,58.0,13.0,6.0,8.0,17.0,24.0,34.0,50.0,93.0,111.0,153.0,205.0,321.0,411.0,478.0,454.0,401.0,470.0,329.0,202.0,65.0,18.0,23.0,10.0,2.0,8.0,2.0,760.0,871.0,467.0,527.0,518.0,418.0,348.0,0.0,99.69,99.69,,0.0,0.19,0.1,0.02,68.5,3.5,0.11,27.85,0.03,0.0,100.0,14.86,15.32,16.43,17.06,18.85,17.47,1.33,0.96,1.17,1.33,1.3,1.05,1.34,1.43,1.39,1.16,1.28,1.11,11725.0,11725.0,,0.0,22.0,12.0,2.0,8056.0,412.0,13.0,3276.0,4.0,0.0,11761.0,1748.0,1802.0,1932.0,2007.0,2217.0,2055.0,156.0,113.0,138.0,157.0,153.0,124.0,158.0,168.0,164.0,137.0,150.0,130.0,99.69,99.54,99.78,99.84,99.55,99.73,99.71,99.71,100.0,98.23,100.0,98.73,99.35,100.0,100.0,99.4,99.39,100.0,100.0,99.23
3546009,0.0,55.52,44.48,100.0,2.07,0.0,2.07,0.0,0.34,0.0,1.38,2.07,2.41,0.34,2.41,3.79,3.45,6.21,7.24,10.0,9.66,11.03,12.41,11.38,7.24,5.86,0.69,0.0,0.34,1.38,0.0,0.34,0.0,17.59,18.97,14.83,15.17,14.48,9.66,9.31,0.0,0.0,161.0,129.0,290.0,6.0,0.0,6.0,0.0,1.0,0.0,4.0,6.0,7.0,1.0,7.0,11.0,10.0,18.0,21.0,29.0,28.0,32.0,36.0,33.0,21.0,17.0,2.0,0.0,1.0,4.0,0.0,1.0,0.0,51.0,55.0,43.0,44.0,42.0,28.0,27.0,0.0,99.78,99.78,,0.0,0.22,0.0,0.0,70.32,2.91,0.11,26.65,0.0,0.0,100.0,15.79,14.0,18.48,14.78,19.82,17.13,1.46,1.79,1.23,1.23,1.34,0.78,0.9,1.79,1.12,1.57,2.02,0.56,891.0,891.0,,0.0,2.0,0.0,0.0,628.0,26.0,1.0,238.0,0.0,0.0,893.0,141.0,125.0,165.0,132.0,177.0,153.0,13.0,16.0,11.0,11.0,12.0,7.0,8.0,16.0,10.0,14.0,18.0,5.0,99.78,99.29,100.0,99.39,100.0,100.0,100.0,99.84,100.0,100.0,100.0,90.91,100.0,100.0,100.0,100.0,100.0,100.0,100.0,100.0
3546108,0.0,50.77,49.23,100.0,0.0,0.0,1.54,1.54,0.0,0.0,1.54,1.54,0.0,0.0,1.54,3.08,1.54,6.15,12.31,10.77,9.23,16.92,7.69,13.85,7.69,3.08,1.54,0.0,0.0,0.0,0.0,0.0,0.0,23.08,10.77,15.38,10.77,9.23,16.92,13.85,0.0,0.0,33.0,32.0,65.0,0.0,0.0,1.0,1.0,0.0,0.0,1.0,1.0,0.0,0.0,1.0,2.0,1.0,4.0,8.0,7.0,6.0,11.0,5.0,9.0,5.0,2.0,1.0,0.0,0.0,0.0,0.0,0.0,0.0,15.0,7.0,10.0,7.0,6.0,11.0,9.0,0.0,100.0,100.0,,0.0,0.0,0.0,0.0,68.6,2.42,0.0,28.99,0.0,0.0,100.0,17.87,16.91,14.01,20.29,17.87,13.04,0.48,1.45,2.42,0.97,0.48,0.48,2.9,1.93,1.45,1.93,1.45,1.93,207.0,207.0,,0.0,0.0,0.0,0.0,142.0,5.0,0.0,60.0,0.0,0.0,207.0,37.0,35.0,29.0,42.0,37.0,27.0,1.0,3.0,5.0,2.0,1.0,1.0,6.0,4.0,3.0,4.0,3.0,4.0,100.0,100.0,100.0,100.0,100.0,100.0,100.0,100.0,100.0,100.0,100.0,100.0,100.0,100.0,100.0,100.0,100.0,100.0,100.0,100.0
3546207,0.0,53.33,46.67,100.0,0.0,0.0,0.95,0.95,0.0,0.0,0.0,0.95,0.0,1.9,0.95,1.9,6.67,2.86,7.62,9.52,7.62,11.43,10.48,6.67,12.38,10.48,6.67,0.95,0.0,0.0,0.0,0.0,0.0,23.81,24.76,5.71,12.38,16.19,7.62,9.52,0.0,0.0,56.0,49.0,105.0,0.0,0.0,1.0,1.0,0.0,0.0,0.0,1.0,0.0,2.0,1.0,2.0,7.0,3.0,8.0,10.0,8.0,12.0,11.0,7.0,13.0,11.0,7.0,1.0,0.0,0.0,0.0,0.0,0.0,25.0,26.0,6.0,13.0,17.0,8.0,10.0,0.0,98.58,98.58,,0.0,0.47,0.95,0.0,81.99,1.9,0.0,16.11,0.0,0.0,100.0,14.69,16.11,14.69,16.59,18.01,19.91,0.95,0.47,1.9,1.42,0.47,1.9,0.47,1.9,0.47,2.84,1.9,0.0,208.0,208.0,,0.0,1.0,2.0,0.0,173.0,4.0,0.0,34.0,0.0,0.0,211.0,31.0,34.0,31.0,35.0,38.0,42.0,2.0,1.0,4.0,3.0,1.0,4.0,1.0,4.0,1.0,6.0,4.0,0.0,98.58,100.0,97.06,100.0,97.14,100.0,97.62,98.63,100.0,100.0,100.0,100.0,100.0,100.0,100.0,100.0,100.0,100.0,100.0,0.0
3546256,0.0,55.38,44.62,100.0,1.54,0.0,3.08,1.54,0.0,0.0,0.0,4.62,1.54,1.54,1.54,0.0,7.69,0.0,4.62,6.15,10.77,10.77,13.85,6.15,13.85,9.23,4.62,0.0,0.0,1.54,0.0,0.0,0.0,26.15,21.54,7.69,20.0,9.23,6.15,9.23,0.0,0.0,36.0,29.0,65.0,1.0,0.0,2.0,1.0,0.0,0.0,0.0,3.0,1.0,1.0,1.0,0.0,5.0,0.0,3.0,4.0,7.0,7.0,9.0,4.0,9.0,6.0,3.0,0.0,0.0,1.0,0.0,0.0,0.0,17.0,14.0,5.0,13.0,6.0,4.0,6.0,0.0,100.0,100.0,,0.0,0.0,0.0,0.0,69.12,5.15,0.0,25.74,0.0,0.0,100.0,19.85,16.18,13.97,19.12,16.18,14.71,2.94,1.47,2.21,1.47,1.47,2.94,0.0,0.74,1.47,3.68,0.74,0.74,136.0,136.0,,0.0,0.0,0.0,0.0,94.0,7.0,0.0,35.0,0.0,0.0,136.0,27.0,22.0,19.0,26.0,22.0,20.0,4.0,2.0,3.0,2.0,2.0,4.0,0.0,1.0,2.0,5.0,1.0,1.0,100.0,100.0,100.0,100.0,100.0,100.0,100.0,100.0,100.0,100.0,100.0,100.0,100.0,100.0,0.0,100.0,100.0,100.0,100.0,100.0
3546306,0.0,61.87,38.13,100.0,1.54,0.0,2.23,0.7,0.14,0.28,0.28,0.7,0.56,2.37,2.37,2.93,4.61,6.01,6.42,12.15,9.5,12.01,9.22,12.57,8.38,5.17,1.68,0.42,0.84,0.7,0.0,0.0,0.0,19.13,22.35,15.08,12.99,11.17,9.78,9.5,0.0,0.0,443.0,273.0,716.0,11.0,0.0,16.0,5.0,1.0,2.0,2.0,5.0,4.0,17.0,17.0,21.0,33.0,43.0,46.0,87.0,68.0,86.0,66.0,90.0,60.0,37.0,12.0,3.0,6.0,5.0,0.0,0.0,0.0,137.0,160.0,108.0,93.0,80.0,70.0,68.0,0.0,99.75,99.75,,0.0,0.05,0.2,0.0,57.94,4.44,0.1,37.52,0.0,0.0,100.0,14.99,17.21,14.64,16.81,17.6,18.74,1.38,1.38,1.38,0.84,1.13,1.28,1.43,1.28,0.94,1.43,0.84,1.68,2023.0,2023.0,,0.0,1.0,4.0,0.0,1175.0,90.0,2.0,761.0,0.0,0.0,2028.0,304.0,349.0,297.0,341.0,357.0,380.0,28.0,28.0,28.0,17.0,23.0,26.0,29.0,26.0,19.0,29.0,17.0,34.0,99.75,99.67,100.0,99.33,100.0,99.72,99.74,99.71,100.0,100.0,100.0,100.0,100.0,100.0,96.55,100.0,100.0,100.0,100.0,100.0
3546405,0.0,57.48,42.52,100.0,0.91,0.27,1.45,0.54,0.09,0.27,1.18,1.63,1.45,1.81,2.27,2.9,4.26,4.44,7.16,8.88,9.88,11.15,11.24,12.15,10.24,4.71,1.99,0.54,0.27,0.18,0.09,0.18,0.18,21.85,23.39,12.06,10.79,11.88,9.97,10.06,0.0,0.0,634.0,469.0,1103.0,10.0,3.0,16.0,6.0,1.0,3.0,13.0,18.0,16.0,20.0,25.0,32.0,47.0,49.0,79.0,98.0,109.0,123.0,124.0,134.0,113.0,52.0,22.0,6.0,3.0,2.0,1.0,2.0,2.0,241.0,258.0,133.0,119.0,131.0,110.0,111.0,0.0,99.7,99.7,,0.0,0.21,0.09,0.0,75.66,2.04,0.18,22.12,0.0,0.0,100.0,15.61,15.58,16.43,16.52,18.47,17.4,1.34,1.58,1.64,1.58,1.46,1.31,1.16,0.88,1.03,1.31,1.16,1.16,3277.0,3277.0,,0.0,7.0,3.0,0.0,2487.0,67.0,6.0,727.0,0.0,0.0,3287.0,513.0,512.0,540.0,543.0,607.0,572.0,44.0,52.0,54.0,52.0,48.0,43.0,38.0,29.0,34.0,43.0,38.0,38.0,99.7,99.81,100.0,99.44,99.63,100.0,99.3,99.6,100.0,98.08,100.0,100.0,100.0,100.0,100.0,100.0,100.0,100.0,100.0,100.0
3546504,0.0,61.83,38.17,100.0,2.29,0.0,2.29,0.0,0.0,0.0,0.0,1.53,1.53,4.58,3.05,6.87,6.11,5.34,6.87,11.45,8.4,10.69,8.4,6.87,9.92,4.58,1.53,0.0,0.76,0.0,0.76,0.0,0.76,19.85,25.19,12.21,9.16,16.03,9.16,8.4,0.0,0.0,81.0,50.0,131.0,3.0,0.0,3.0,0.0,0.0,0.0,0.0,2.0,2.0,6.0,4.0,9.0,8.0,7.0,9.0,15.0,11.0,14.0,11.0,9.0,13.0,6.0,2.0,0.0,1.0,0.0,1.0,0.0,1.0,26.0,33.0,16.0,12.0,21.0,12.0,11.0,0.0,99.78,99.78,,0.0,0.22,0.0,0.0,53.46,3.46,0.0,43.07,0.0,0.0,100.0,17.97,17.97,16.67,16.45,18.18,12.77,1.08,1.52,1.08,3.03,1.52,1.3,1.52,1.73,1.52,1.08,1.08,1.52,461.0,461.0,,0.0,1.0,0.0,0.0,247.0,16.0,0.0,199.0,0.0,0.0,462.0,83.0,83.0,77.0,76.0,84.0,59.0,5.0,7.0,5.0,14.0,7.0,6.0,7.0,8.0,7.0,5.0,5.0,7.0,99.78,100.0,98.8,100.0,100.0,100.0,100.0,100.0,100.0,100.0,100.0,100.0,100.0,100.0,100.0,100.0,100.0,100.0,100.0,100.0
3546603,0.0,58.31,41.69,100.0,0.67,0.0,0.67,0.0,0.0,0.0,0.56,1.12,1.24,1.12,2.25,2.81,3.93,4.61,7.3,9.55,9.1,11.57,12.13,12.25,11.35,6.29,1.69,0.45,0.45,0.22,0.0,0.0,0.0,17.53,20.0,12.7,12.92,14.27,11.57,11.01,0.0,0.0,519.0,371.0,890.0,6.0,0.0,6.0,0.0,0.0,0.0,5.0,10.0,11.0,10.0,20.0,25.0,35.0,41.0,65.0,85.0,81.0,103.0,108.0,109.0,101.0,56.0,15.0,4.0,4.0,2.0,0.0,0.0,0.0,156.0,178.0,113.0,115.0,127.0,103.0,98.0,0.0,99.83,99.79,,0.04,0.17,0.0,0.0,73.25,1.72,0.88,24.02,0.13,0.0,100.0,16.0,15.29,17.14,16.63,17.64,17.3,1.18,1.3,1.55,1.55,1.39,1.34,1.09,1.26,0.92,1.39,1.26,1.76,2377.0,2376.0,,1.0,4.0,0.0,0.0,1744.0,41.0,21.0,572.0,3.0,0.0,2381.0,381.0,364.0,408.0,396.0,420.0,412.0,28.0,31.0,37.0,37.0,33.0,32.0,26.0,30.0,22.0,33.0,30.0,42.0,99.79,99.74,100.0,99.75,99.75,99.52,100.0,99.76,100.0,100.0,97.3,100.0,100.0,100.0,100.0,100.0,100.0,100.0,100.0,100.0
3546702,0.0,53.03,46.97,100.0,0.61,0.0,0.91,0.3,0.0,0.0,0.61,1.52,1.52,1.82,3.33,2.73,7.27,6.97,7.27,10.61,10.3,12.42,7.58,9.39,7.27,6.97,1.21,0.3,0.61,0.0,0.0,0.0,0.0,16.67,23.64,11.82,9.7,14.85,12.73,10.61,0.0,0.0,175.0,155.0,330.0,2.0,0.0,3.0,1.0,0.0,0.0,2.0,5.0,5.0,6.0,11.0,9.0,24.0,23.0,24.0,35.0,34.0,41.0,25.0,31.0,24.0,23.0,4.0,1.0,2.0,0.0,0.0,0.0,0.0,55.0,78.0,39.0,32.0,49.0,42.0,35.0,0.0,99.78,99.78,,0.0,0.0,0.22,0.0,59.3,2.72,0.22,37.7,0.05,0.0,100.0,14.69,15.78,18.12,16.7,17.19,17.52,1.09,0.76,1.41,1.41,1.52,0.71,1.03,1.31,1.03,1.47,1.52,1.41,1834.0,1834.0,,0.0,0.0,4.0,0.0,1090.0,50.0,4.0,693.0,1.0,0.0,1838.0,270.0,290.0,333.0,307.0,316.0,322.0,20.0,14.0,26.0,26.0,28.0,13.0,19.0,24.0,19.0,27.0,28.0,26.0,99.78,99.26,100.0,99.7,100.0,99.68,100.0,99.84,100.0,100.0,100.0,100.0,100.0,100.0,94.74,100.0,94.74,100.0,100.0,100.0
3546801,0.0,56.12,43.88,100.0,1.49,0.16,2.12,0.63,0.31,0.24,0.86,0.55,1.33,1.18,2.51,3.85,3.69,6.67,8.16,9.65,10.13,12.79,11.3,9.42,8.95,4.08,1.41,0.63,0.55,0.47,0.24,0.24,0.0,19.39,21.27,12.17,15.07,12.32,10.44,9.34,0.0,0.0,715.0,559.0,1274.0,19.0,2.0,27.0,8.0,4.0,3.0,11.0,7.0,17.0,15.0,32.0,49.0,47.0,85.0,104.0,123.0,129.0,163.0,144.0,120.0,114.0,52.0,18.0,8.0,7.0,6.0,3.0,3.0,0.0,247.0,271.0,155.0,192.0,157.0,133.0,119.0,0.0,99.68,99.68,,0.0,0.16,0.16,0.0,68.42,2.67,0.62,28.27,0.03,0.0,100.0,14.59,15.75,16.42,17.07,18.01,18.15,0.94,1.18,1.32,1.18,1.08,1.43,1.43,1.18,1.43,1.08,1.18,1.16,3702.0,3702.0,,0.0,6.0,6.0,0.0,2541.0,99.0,23.0,1050.0,1.0,0.0,3714.0,542.0,585.0,610.0,634.0,669.0,674.0,35.0,44.0,49.0,44.0,40.0,53.0,53.0,44.0,53.0,40.0,44.0,43.0,99.68,100.0,100.0,99.18,99.21,99.85,99.85,99.54,100.0,100.0,100.0,100.0,100.0,100.0,100.0,100.0,100.0,100.0,100.0,100.0
3546900,0.0,61.08,38.92,100.0,0.0,0.0,0.0,0.0,0.0,0.0,0.6,0.0,1.2,1.8,2.4,1.2,4.19,6.59,9.58,7.78,11.38,11.38,8.98,15.57,11.98,4.79,0.6,0.0,0.0,0.0,0.0,0.0,0.0,20.96,16.77,11.98,13.17,16.77,7.78,12.57,0.0,0.0,102.0,65.0,167.0,0.0,0.0,0.0,0.0,0.0,0.0,1.0,0.0,2.0,3.0,4.0,2.0,7.0,11.0,16.0,13.0,19.0,19.0,15.0,26.0,20.0,8.0,1.0,0.0,0.0,0.0,0.0,0.0,0.0,35.0,28.0,20.0,22.0,28.0,13.0,21.0,0.0,99.59,99.59,,0.0,0.21,0.21,0.0,59.38,4.74,0.0,35.88,0.0,0.0,100.0,16.29,14.23,15.67,16.91,16.29,20.62,1.24,0.41,0.82,1.03,0.82,2.27,3.3,1.24,0.82,1.86,1.03,1.44,483.0,483.0,,0.0,1.0,1.0,0.0,288.0,23.0,0.0,174.0,0.0,0.0,485.0,79.0,69.0,76.0,82.0,79.0,100.0,6.0,2.0,4.0,5.0,4.0,11.0,16.0,6.0,4.0,9.0,5.0,7.0,99.59,98.73,100.0,100.0,98.78,100.0,100.0,99.7,100.0,100.0,100.0,100.0,100.0,100.0,100.0,100.0,75.0,100.0,100.0,100.0
3547007,0.0,59.79,40.21,100.0,1.03,0.0,1.03,0.0,0.0,0.0,1.03,2.06,3.09,1.03,5.15,4.12,5.15,7.22,5.15,6.19,11.34,12.37,6.19,12.37,7.22,7.22,2.06,0.0,1.03,0.0,0.0,0.0,0.0,17.53,19.59,13.4,15.46,11.34,11.34,11.34,0.0,0.0,58.0,39.0,97.0,1.0,0.0,1.0,0.0,0.0,0.0,1.0,2.0,3.0,1.0,5.0,4.0,5.0,7.0,5.0,6.0,11.0,12.0,6.0,12.0,7.0,7.0,2.0,0.0,1.0,0.0,0.0,0.0,0.0,17.0,19.0,13.0,15.0,11.0,11.0,11.0,0.0,99.52,99.52,,0.0,0.48,0.0,0.0,59.38,2.4,0.0,38.22,0.0,0.0,100.0,13.7,14.66,18.75,15.14,19.71,18.03,0.72,0.96,1.68,1.44,0.96,0.96,1.2,1.92,0.72,0.48,1.68,0.96,414.0,414.0,,0.0,2.0,0.0,0.0,247.0,10.0,0.0,159.0,0.0,0.0,416.0,57.0,61.0,78.0,63.0,82.0,75.0,3.0,4.0,7.0,6.0,4.0,4.0,5.0,8.0,3.0,2.0,7.0,4.0,99.52,96.49,100.0,100.0,100.0,100.0,100.0,100.0,66.67,75.0,100.0,100.0,100.0,100.0,100.0,100.0,100.0,100.0,100.0,100.0
3547106,0.0,60.92,39.08,100.0,0.0,0.0,0.0,0.0,0.0,0.0,0.0,0.0,1.15,0.0,0.0,4.6,5.75,4.6,8.05,9.2,11.49,6.9,12.64,16.09,10.34,5.75,3.45,0.0,0.0,0.0,0.0,0.0,0.0,25.29,18.39,12.64,9.2,17.24,9.2,8.05,0.0,0.0,53.0,34.0,87.0,0.0,0.0,0.0,0.0,0.0,0.0,0.0,0.0,1.0,0.0,0.0,4.0,5.0,4.0,7.0,8.0,10.0,6.0,11.0,14.0,9.0,5.0,3.0,0.0,0.0,0.0,0.0,0.0,0.0,22.0,16.0,11.0,8.0,15.0,8.0,7.0,0.0,99.53,99.53,,0.0,0.0,0.47,0.0,69.16,4.67,0.47,25.7,0.0,0.0,100.0,15.89,17.76,14.02,17.76,14.95,19.63,0.93,2.34,0.47,1.4,3.74,0.47,0.47,0.47,1.4,0.93,1.87,1.4,213.0,213.0,,0.0,0.0,1.0,0.0,148.0,10.0,1.0,55.0,0.0,0.0,214.0,34.0,38.0,30.0,38.0,32.0,42.0,2.0,5.0,1.0,3.0,8.0,1.0,1.0,1.0,3.0,2.0,4.0,3.0,99.53,100.0,100.0,96.67,100.0,100.0,100.0,99.3,100.0,100.0,100.0,100.0,100.0,100.0,100.0,100.0,100.0,100.0,100.0,100.0
3547205,0.0,57.14,42.86,100.0,0.0,0.0,0.0,0.0,0.0,0.0,0.0,0.0,2.04,2.04,0.0,2.04,2.04,2.04,2.04,4.08,18.37,18.37,10.2,16.33,8.16,12.24,0.0,0.0,0.0,0.0,0.0,0.0,0.0,20.41,16.33,12.24,12.24,22.45,6.12,10.2,0.0,0.0,28.0,21.0,49.0,0.0,0.0,0.0,0.0,0.0,0.0,0.0,0.0,1.0,1.0,0.0,1.0,1.0,1.0,1.0,2.0,9.0,9.0,5.0,8.0,4.0,6.0,0.0,0.0,0.0,0.0,0.0,0.0,0.0,10.0,8.0,6.0,6.0,11.0,3.0,5.0,0.0,100.0,100.0,,0.0,0.0,0.0,0.0,80.0,2.67,0.0,17.33,0.0,0.0,100.0,24.0,14.67,10.67,10.67,13.33,26.67,0.0,1.33,2.67,1.33,0.0,1.33,2.67,2.67,5.33,2.67,2.67,1.33,75.0,75.0,,0.0,0.0,0.0,0.0,60.0,2.0,0.0,13.0,0.0,0.0,75.0,18.0,11.0,8.0,8.0,10.0,20.0,0.0,1.0,2.0,1.0,0.0,1.0,2.0,2.0,4.0,2.0,2.0,1.0,100.0,100.0,100.0,100.0,100.0,100.0,100.0,100.0,0.0,100.0,100.0,100.0,0.0,100.0,100.0,100.0,100.0,100.0,100.0,100.0
3547304,0.0,53.39,46.61,100.0,1.85,0.0,2.15,0.29,0.38,0.29,0.46,1.56,1.51,2.15,3.07,2.86,4.29,5.3,7.66,9.72,10.85,11.19,9.63,9.3,8.25,5.51,3.2,0.67,0.59,0.59,0.38,0.25,0.04,19.52,20.45,12.54,14.09,13.5,10.85,9.05,0.0,0.0,1269.0,1108.0,2377.0,44.0,0.0,51.0,7.0,9.0,7.0,11.0,37.0,36.0,51.0,73.0,68.0,102.0,126.0,182.0,231.0,258.0,266.0,229.0,221.0,196.0,131.0,76.0,16.0,14.0,14.0,9.0,6.0,1.0,464.0,486.0,298.0,335.0,321.0,258.0,215.0,0.0,99.72,99.72,,0.0,0.11,0.12,0.05,58.32,4.25,0.73,36.66,0.03,0.01,100.0,14.25,15.08,16.76,17.2,18.87,17.83,1.17,1.17,1.3,1.24,1.16,1.2,1.11,1.31,1.03,1.17,1.21,1.2,11894.0,11894.0,,0.0,13.0,14.0,6.0,6956.0,507.0,87.0,4372.0,4.0,1.0,11927.0,1700.0,1799.0,1999.0,2052.0,2251.0,2126.0,139.0,140.0,155.0,148.0,138.0,143.0,132.0,156.0,123.0,139.0,144.0,143.0,99.72,99.53,99.89,99.85,99.9,99.56,99.62,99.73,99.28,99.29,98.06,98.65,99.28,100.0,100.0,100.0,100.0,100.0,100.0,100.0
3547403,0.0,60.81,39.19,100.0,0.0,0.0,0.0,0.0,0.0,0.0,4.05,1.35,1.35,1.35,0.0,2.7,1.35,1.35,6.76,8.11,9.46,10.81,13.51,12.16,16.22,6.76,1.35,1.35,0.0,0.0,0.0,0.0,0.0,18.92,17.57,14.86,13.51,14.86,10.81,9.46,0.0,0.0,45.0,29.0,74.0,0.0,0.0,0.0,0.0,0.0,0.0,3.0,1.0,1.0,1.0,0.0,2.0,1.0,1.0,5.0,6.0,7.0,8.0,10.0,9.0,12.0,5.0,1.0,1.0,0.0,0.0,0.0,0.0,0.0,14.0,13.0,11.0,10.0,11.0,8.0,7.0,0.0,100.0,100.0,,0.0,0.0,0.0,0.0,74.68,1.95,1.95,21.43,0.0,0.0,100.0,15.58,16.23,13.64,21.43,18.83,14.29,1.3,1.3,0.65,0.65,2.6,1.3,2.6,1.95,0.0,1.95,0.65,0.65,154.0,154.0,,0.0,0.0,0.0,0.0,115.0,3.0,3.0,33.0,0.0,0.0,154.0,24.0,25.0,21.0,33.0,29.0,22.0,2.0,2.0,1.0,1.0,4.0,2.0,4.0,3.0,0.0,3.0,1.0,1.0,100.0,100.0,100.0,100.0,100.0,100.0,100.0,100.0,100.0,100.0,100.0,100.0,100.0,100.0,100.0,100.0,0.0,100.0,100.0,100.0
3547502,0.0,54.41,45.59,100.0,1.05,0.0,1.2,0.15,0.0,0.3,0.3,1.05,1.2,0.3,1.35,1.79,2.39,5.38,5.38,8.37,8.82,10.76,12.71,14.2,10.61,9.27,3.44,1.2,0.45,0.3,0.15,0.0,0.15,20.78,19.58,11.06,12.41,12.26,9.27,14.65,0.0,0.0,364.0,305.0,669.0,7.0,0.0,8.0,1.0,0.0,2.0,2.0,7.0,8.0,2.0,9.0,12.0,16.0,36.0,36.0,56.0,59.0,72.0,85.0,95.0,71.0,62.0,23.0,8.0,3.0,2.0,1.0,0.0,1.0,139.0,131.0,74.0,83.0,82.0,62.0,98.0,0.0,99.7,99.7,,0.0,0.3,0.0,0.0,71.9,2.99,0.22,24.89,0.0,0.0,100.0,15.25,16.14,16.29,17.86,17.26,17.19,1.42,0.75,1.72,1.42,1.79,1.12,0.97,0.67,1.2,1.42,1.42,1.35,1334.0,1334.0,,0.0,4.0,0.0,0.0,962.0,40.0,3.0,333.0,0.0,0.0,1338.0,204.0,216.0,218.0,239.0,231.0,230.0,19.0,10.0,23.0,19.0,24.0,15.0,13.0,9.0,16.0,19.0,19.0,18.0,99.7,100.0,98.61,99.54,100.0,100.0,100.0,99.89,100.0,100.0,100.0,100.0,100.0,100.0,100.0,100.0,100.0,100.0,100.0,100.0
3547601,0.0,59.19,40.81,100.0,1.65,0.0,1.84,0.18,0.37,0.18,1.1,1.1,1.1,0.55,2.94,1.84,2.94,5.15,6.07,8.09,10.85,10.85,11.21,13.05,10.85,6.07,3.13,0.74,0.0,1.29,0.0,0.37,0.0,21.32,19.85,14.71,10.11,12.87,11.95,9.19,0.0,0.0,322.0,222.0,544.0,9.0,0.0,10.0,1.0,2.0,1.0,6.0,6.0,6.0,3.0,16.0,10.0,16.0,28.0,33.0,44.0,59.0,59.0,61.0,71.0,59.0,33.0,17.0,4.0,0.0,7.0,0.0,2.0,0.0,116.0,108.0,80.0,55.0,70.0,65.0,50.0,0.0,99.66,99.66,,0.0,0.27,0.07,0.0,62.31,3.8,0.2,33.69,0.0,0.0,100.0,14.03,15.86,15.32,16.95,19.32,18.51,1.15,0.81,1.15,1.29,1.15,1.56,1.02,0.88,1.83,0.68,1.42,1.08,1470.0,1470.0,,0.0,4.0,1.0,0.0,919.0,56.0,3.0,497.0,0.0,0.0,1475.0,207.0,234.0,226.0,250.0,285.0,273.0,17.0,12.0,17.0,19.0,17.0,23.0,15.0,13.0,27.0,10.0,21.0,16.0,99.66,99.03,100.0,100.0,99.6,99.65,99.63,99.71,100.0,91.67,100.0,100.0,100.0,100.0,100.0,100.0,100.0,100.0,95.24,100.0
3547650,0.0,57.14,42.86,100.0,2.38,0.0,2.38,0.0,0.0,0.0,0.0,2.38,2.38,0.0,4.76,2.38,7.14,2.38,7.14,4.76,9.52,4.76,11.9,16.67,11.9,7.14,2.38,0.0,2.38,0.0,0.0,0.0,0.0,11.9,16.67,14.29,26.19,7.14,14.29,9.52,0.0,0.0,24.0,18.0,42.0,1.0,0.0,1.0,0.0,0.0,0.0,0.0,1.0,1.0,0.0,2.0,1.0,3.0,1.0,3.0,2.0,4.0,2.0,5.0,7.0,5.0,3.0,1.0,0.0,1.0,0.0,0.0,0.0,0.0,5.0,7.0,6.0,11.0,3.0,6.0,4.0,0.0,100.0,100.0,,0.0,0.0,0.0,0.0,79.79,2.13,1.06,17.02,0.0,0.0,100.0,14.89,19.15,15.96,12.77,19.15,18.09,1.06,0.0,1.06,1.06,2.13,0.0,0.0,2.13,1.06,1.06,2.13,3.19,94.0,94.0,,0.0,0.0,0.0,0.0,75.0,2.0,1.0,16.0,0.0,0.0,94.0,14.0,18.0,15.0,12.0,18.0,17.0,1.0,0.0,1.0,1.0,2.0,0.0,0.0,2.0,1.0,1.0,2.0,3.0,100.0,100.0,100.0,100.0,100.0,100.0,100.0,100.0,100.0,0.0,100.0,100.0,100.0,0.0,0.0,100.0,100.0,100.0,100.0,100.0
3547700,0.0,52.39,47.61,100.0,1.3,0.0,1.52,0.22,0.0,0.0,0.22,0.87,0.87,0.87,2.61,2.39,3.91,5.65,5.22,8.04,8.26,13.26,11.52,13.91,10.0,6.96,2.83,1.09,0.65,0.65,0.0,0.0,0.0,18.48,17.61,12.61,15.43,15.43,10.87,9.57,0.0,0.0,241.0,219.0,460.0,6.0,0.0,7.0,1.0,0.0,0.0,1.0,4.0,4.0,4.0,12.0,11.0,18.0,26.0,24.0,37.0,38.0,61.0,53.0,64.0,46.0,32.0,13.0,5.0,3.0,3.0,0.0,0.0,0.0,85.0,81.0,58.0,71.0,71.0,50.0,44.0,0.0,100.0,100.0,,0.0,0.0,0.0,0.0,64.86,1.81,0.82,32.52,0.0,0.0,100.0,14.95,14.95,16.3,17.57,19.38,16.85,1.36,0.72,1.09,1.18,1.72,1.18,1.54,1.36,0.72,1.72,1.0,1.36,1104.0,1104.0,,0.0,0.0,0.0,0.0,716.0,20.0,9.0,359.0,0.0,0.0,1104.0,165.0,165.0,180.0,194.0,214.0,186.0,15.0,8.0,12.0,13.0,19.0,13.0,17.0,15.0,8.0,19.0,11.0,15.0,100.0,100.0,100.0,100.0,100.0,100.0,100.0,100.0,100.0,100.0,100.0,100.0,100.0,100.0,100.0,100.0,100.0,100.0,100.0,100.0
3547809,0.0,54.89,45.11,100.0,0.96,0.1,1.26,0.3,0.12,0.21,0.56,1.16,1.02,1.53,1.82,2.55,3.43,4.97,7.08,9.05,10.57,11.04,10.84,12.77,10.11,6.65,2.65,0.51,0.38,0.32,0.07,0.16,0.03,18.63,21.45,12.22,14.61,12.38,11.3,9.41,0.01,0.0,8424.0,6924.0,15348.0,148.0,15.0,194.0,46.0,18.0,32.0,86.0,178.0,156.0,235.0,280.0,392.0,526.0,763.0,1087.0,1389.0,1622.0,1695.0,1664.0,1960.0,1551.0,1020.0,407.0,78.0,59.0,49.0,11.0,24.0,5.0,2859.0,3292.0,1875.0,2243.0,1900.0,1734.0,1444.0,1.0,99.68,99.68,,0.0,0.16,0.11,0.05,67.46,4.05,0.65,27.76,0.06,0.01,100.0,14.94,15.05,16.53,17.42,18.02,18.04,1.31,1.18,1.31,1.19,1.29,1.16,1.25,1.33,1.18,1.2,1.29,1.25,44755.0,44755.0,,0.0,72.0,50.0,21.0,30288.0,1820.0,292.0,12465.0,29.0,4.0,44898.0,6709.0,6757.0,7420.0,7822.0,8089.0,8101.0,590.0,532.0,586.0,533.0,581.0,523.0,562.0,598.0,530.0,538.0,577.0,559.0,99.68,99.57,99.84,99.65,99.71,99.63,99.7,99.67,98.64,99.25,99.83,99.62,99.83,99.43,99.82,100.0,99.62,99.81,99.31,99.64
3547908,0.0,59.54,40.46,100.0,0.0,0.0,0.76,0.76,2.29,0.76,0.76,3.05,1.53,3.05,0.0,2.29,0.0,3.82,4.58,10.69,12.98,14.5,15.27,9.92,7.63,6.11,0.0,0.0,0.0,0.0,0.0,0.0,0.0,18.32,21.37,12.98,14.5,8.4,12.98,11.45,0.0,0.0,78.0,53.0,131.0,0.0,0.0,1.0,1.0,3.0,1.0,1.0,4.0,2.0,4.0,0.0,3.0,0.0,5.0,6.0,14.0,17.0,19.0,20.0,13.0,10.0,8.0,0.0,0.0,0.0,0.0,0.0,0.0,0.0,24.0,28.0,17.0,19.0,11.0,17.0,15.0,0.0,99.6,99.6,,0.0,0.4,0.0,0.0,66.47,1.79,0.0,31.75,0.0,0.0,100.0,18.45,16.47,13.69,19.64,16.47,15.28,1.19,1.59,2.18,0.99,1.59,1.79,1.39,0.99,0.99,1.98,2.38,1.39,502.0,502.0,,0.0,2.0,0.0,0.0,335.0,9.0,0.0,160.0,0.0,0.0,504.0,93.0,83.0,69.0,99.0,83.0,77.0,6.0,8.0,11.0,5.0,8.0,9.0,7.0,5.0,5.0,10.0,12.0,7.0,99.6,98.92,100.0,100.0,100.0,100.0,98.7,99.7,100.0,87.5,100.0,100.0,100.0,100.0,100.0,100.0,100.0,100.0,100.0,100.0
3548005,0.0,56.12,43.88,100.0,0.77,0.0,1.02,0.26,0.0,0.26,0.0,0.77,1.28,2.81,1.53,3.32,5.1,7.4,7.4,11.48,10.2,12.5,11.22,8.42,7.4,5.36,1.53,1.02,0.51,0.0,0.0,0.26,0.0,18.37,21.68,9.69,15.82,16.84,7.91,9.69,0.0,0.0,220.0,172.0,392.0,3.0,0.0,4.0,1.0,0.0,1.0,0.0,3.0,5.0,11.0,6.0,13.0,20.0,29.0,29.0,45.0,40.0,49.0,44.0,33.0,29.0,21.0,6.0,4.0,2.0,0.0,0.0,1.0,0.0,72.0,85.0,38.0,62.0,66.0,31.0,38.0,0.0,99.65,99.65,,0.0,0.24,0.12,0.0,59.4,2.84,0.06,37.71,0.0,0.0,100.0,16.19,13.59,16.9,17.61,19.09,16.61,1.54,1.42,1.42,1.42,1.3,1.12,1.83,1.54,1.3,1.12,1.0,1.18,1686.0,1686.0,,0.0,4.0,2.0,0.0,1005.0,48.0,1.0,638.0,0.0,0.0,1692.0,274.0,230.0,286.0,298.0,323.0,281.0,26.0,24.0,24.0,24.0,22.0,19.0,31.0,26.0,22.0,19.0,17.0,20.0,99.65,100.0,100.0,100.0,99.66,99.38,98.93,99.49,100.0,100.0,100.0,100.0,100.0,100.0,100.0,100.0,100.0,100.0,100.0,100.0
3548054,0.0,53.3,46.7,100.0,2.36,0.0,2.36,0.0,0.0,0.94,0.47,0.94,2.36,0.47,1.89,3.3,3.77,6.13,6.6,10.38,7.55,15.09,7.55,9.91,12.26,4.25,2.83,0.94,0.94,1.42,0.0,0.0,0.0,23.11,19.81,9.43,13.21,10.85,14.15,9.43,0.0,0.0,113.0,99.0,212.0,5.0,0.0,5.0,0.0,0.0,2.0,1.0,2.0,5.0,1.0,4.0,7.0,8.0,13.0,14.0,22.0,16.0,32.0,16.0,21.0,26.0,9.0,6.0,2.0,2.0,3.0,0.0,0.0,0.0,49.0,42.0,20.0,28.0,23.0,30.0,20.0,0.0,100.0,100.0,,0.0,0.0,0.0,0.0,51.97,3.41,0.0,44.62,0.0,0.0,100.0,14.16,14.87,13.8,20.07,18.28,18.82,0.9,1.08,1.25,1.43,1.43,0.72,1.08,1.61,1.43,1.43,0.54,1.25,558.0,558.0,,0.0,0.0,0.0,0.0,290.0,19.0,0.0,249.0,0.0,0.0,558.0,79.0,83.0,77.0,112.0,102.0,105.0,5.0,6.0,7.0,8.0,8.0,4.0,6.0,9.0,8.0,8.0,3.0,7.0,100.0,100.0,100.0,100.0,100.0,100.0,100.0,100.0,100.0,100.0,100.0,100.0,100.0,100.0,100.0,100.0,100.0,100.0,100.0,100.0
3548104,0.0,54.65,45.35,100.0,0.58,0.0,0.58,0.0,0.0,0.58,1.16,0.58,0.0,2.33,2.33,4.65,3.49,5.81,5.23,8.14,5.81,11.05,10.47,13.37,12.21,6.98,2.91,2.33,0.0,0.58,0.0,0.0,0.0,18.6,19.77,11.63,16.86,12.21,8.14,12.79,0.0,0.0,94.0,78.0,172.0,1.0,0.0,1.0,0.0,0.0,1.0,2.0,1.0,0.0,4.0,4.0,8.0,6.0,10.0,9.0,14.0,10.0,19.0,18.0,23.0,21.0,12.0,5.0,4.0,0.0,1.0,0.0,0.0,0.0,32.0,34.0,20.0,29.0,21.0,14.0,22.0,0.0,100.0,100.0,,0.0,0.0,0.0,0.0,76.2,1.77,0.0,22.03,0.0,0.0,100.0,13.92,15.19,16.46,18.48,17.47,18.48,0.76,0.76,1.27,0.0,1.01,2.28,1.52,1.01,2.53,0.76,1.52,0.51,395.0,395.0,,0.0,0.0,0.0,0.0,301.0,7.0,0.0,87.0,0.0,0.0,395.0,55.0,60.0,65.0,73.0,69.0,73.0,3.0,3.0,5.0,0.0,4.0,9.0,6.0,4.0,10.0,3.0,6.0,2.0,100.0,100.0,100.0,100.0,100.0,100.0,100.0,100.0,100.0,100.0,100.0,0.0,100.0,100.0,100.0,100.0,100.0,100.0,100.0,100.0
3548203,0.0,58.21,41.79,100.0,2.24,0.0,3.73,1.49,0.0,0.0,0.0,0.75,0.75,0.75,1.49,2.24,1.49,7.46,9.7,8.21,12.69,9.7,13.43,11.94,7.46,3.73,2.99,1.49,2.24,0.0,0.0,0.0,0.0,15.67,19.4,19.4,11.19,8.96,9.7,15.67,0.0,0.0,78.0,56.0,134.0,3.0,0.0,5.0,2.0,0.0,0.0,0.0,1.0,1.0,1.0,2.0,3.0,2.0,10.0,13.0,11.0,17.0,13.0,18.0,16.0,10.0,5.0,4.0,2.0,3.0,0.0,0.0,0.0,0.0,21.0,26.0,26.0,15.0,12.0,13.0,21.0,0.0,99.13,99.13,,0.0,0.22,0.65,0.0,86.3,0.65,0.43,12.61,0.0,0.0,100.0,15.0,17.17,14.57,16.74,19.78,16.74,0.87,0.87,1.09,1.3,1.3,1.3,1.3,1.52,1.52,0.87,1.74,1.3,456.0,456.0,,0.0,1.0,3.0,0.0,397.0,3.0,2.0,58.0,0.0,0.0,460.0,69.0,79.0,67.0,77.0,91.0,77.0,4.0,4.0,5.0,6.0,6.0,6.0,6.0,7.0,7.0,4.0,8.0,6.0,99.13,98.55,98.73,98.51,100.0,100.0,98.7,99.36,100.0,100.0,100.0,100.0,100.0,100.0,100.0,85.71,100.0,100.0,100.0,100.0
3548302,0.0,45.33,54.67,100.0,0.0,0.0,1.33,1.33,0.0,0.0,0.0,1.33,4.0,0.0,2.67,0.0,2.67,5.33,5.33,8.0,6.67,12.0,12.0,16.0,10.67,2.67,9.33,0.0,0.0,0.0,0.0,0.0,0.0,25.33,8.0,12.0,12.0,20.0,10.67,12.0,0.0,0.0,34.0,41.0,75.0,0.0,0.0,1.0,1.0,0.0,0.0,0.0,1.0,3.0,0.0,2.0,0.0,2.0,4.0,4.0,6.0,5.0,9.0,9.0,12.0,8.0,2.0,7.0,0.0,0.0,0.0,0.0,0.0,0.0,19.0,6.0,9.0,9.0,15.0,8.0,9.0,0.0,100.0,100.0,,0.0,0.0,0.0,0.0,58.79,3.02,1.01,37.19,0.0,0.0,100.0,16.58,16.58,15.08,20.1,16.58,15.08,2.01,0.5,1.01,0.5,0.5,2.01,3.02,1.01,1.51,2.01,1.51,1.01,199.0,199.0,,0.0,0.0,0.0,0.0,117.0,6.0,2.0,74.0,0.0,0.0,199.0,33.0,33.0,30.0,40.0,33.0,30.0,4.0,1.0,2.0,1.0,1.0,4.0,6.0,2.0,3.0,4.0,3.0,2.0,100.0,100.0,100.0,100.0,100.0,100.0,100.0,100.0,100.0,100.0,100.0,100.0,100.0,100.0,100.0,100.0,100.0,100.0,100.0,100.0
3548401,0.0,59.17,40.83,100.0,1.67,0.0,1.67,0.0,0.0,0.0,0.83,0.0,0.83,2.5,0.0,5.0,3.33,5.83,7.5,10.83,9.17,9.17,14.17,12.5,7.5,6.67,2.5,0.0,0.83,0.83,0.0,0.0,0.0,22.5,20.83,10.0,10.83,12.5,14.17,9.17,0.0,0.0,71.0,49.0,120.0,2.0,0.0,2.0,0.0,0.0,0.0,1.0,0.0,1.0,3.0,0.0,6.0,4.0,7.0,9.0,13.0,11.0,11.0,17.0,15.0,9.0,8.0,3.0,0.0,1.0,1.0,0.0,0.0,0.0,27.0,25.0,12.0,13.0,15.0,17.0,11.0,0.0,99.67,99.67,,0.0,0.33,0.0,0.0,53.59,3.92,0.33,42.16,0.0,0.0,100.0,12.75,13.4,16.99,16.67,17.32,22.88,1.63,0.98,1.63,0.65,2.29,0.65,0.98,0.33,1.63,0.98,0.65,0.33,305.0,305.0,,0.0,1.0,0.0,0.0,164.0,12.0,1.0,129.0,0.0,0.0,306.0,39.0,41.0,52.0,51.0,53.0,70.0,5.0,3.0,5.0,2.0,7.0,2.0,3.0,1.0,5.0,3.0,2.0,1.0,99.67,100.0,100.0,100.0,98.04,100.0,100.0,99.56,100.0,100.0,100.0,100.0,100.0,100.0,100.0,100.0,100.0,100.0,100.0,100.0
3548500,0.0,51.97,48.03,100.0,0.56,0.23,0.9,0.33,0.1,0.18,0.32,0.66,0.69,1.07,1.18,1.99,2.67,3.81,5.35,8.47,8.87,11.29,11.52,13.81,12.67,9.43,3.86,0.94,0.18,0.17,0.09,0.1,0.03,20.44,20.58,11.97,14.02,12.56,11.21,9.2,0.01,0.0,5441.0,5028.0,10469.0,59.0,24.0,94.0,35.0,10.0,19.0,34.0,69.0,72.0,112.0,124.0,208.0,279.0,399.0,560.0,887.0,929.0,1182.0,1206.0,1446.0,1326.0,987.0,404.0,98.0,19.0,18.0,9.0,10.0,3.0,2140.0,2155.0,1253.0,1468.0,1315.0,1174.0,963.0,1.0,99.61,99.61,,0.0,0.14,0.2,0.05,68.79,4.45,0.62,26.1,0.04,0.0,100.0,14.57,14.38,16.58,17.58,18.89,17.99,1.33,1.12,1.17,1.24,1.23,1.2,1.02,1.3,1.17,1.22,1.34,1.23,21199.0,21199.0,,0.0,29.0,42.0,11.0,14640.0,947.0,131.0,5555.0,8.0,0.0,21281.0,3101.0,3060.0,3529.0,3742.0,4020.0,3829.0,283.0,238.0,250.0,263.0,262.0,255.0,217.0,277.0,248.0,260.0,286.0,262.0,99.61,99.52,99.38,99.55,99.81,99.53,99.84,99.68,99.29,99.16,100.0,99.62,99.24,99.22,100.0,99.28,99.6,99.23,100.0,99.62
3548609,0.0,58.26,41.74,100.0,0.0,0.0,0.87,0.87,0.43,0.0,0.0,1.3,1.74,0.87,1.3,1.3,2.17,4.35,8.26,9.13,8.26,10.0,14.78,13.91,11.3,7.39,2.17,0.43,0.0,0.0,0.0,0.0,0.0,25.65,18.26,11.3,11.74,12.17,11.74,9.13,0.0,0.0,134.0,96.0,230.0,0.0,0.0,2.0,2.0,1.0,0.0,0.0,3.0,4.0,2.0,3.0,3.0,5.0,10.0,19.0,21.0,19.0,23.0,34.0,32.0,26.0,17.0,5.0,1.0,0.0,0.0,0.0,0.0,0.0,59.0,42.0,26.0,27.0,28.0,27.0,21.0,0.0,100.0,100.0,,0.0,0.0,0.0,0.0,82.23,0.85,0.14,16.78,0.0,0.0,100.0,15.66,15.23,16.22,17.77,17.21,17.91,1.55,0.99,1.41,1.27,1.55,1.55,1.27,1.55,1.13,0.85,1.41,1.13,709.0,709.0,,0.0,0.0,0.0,0.0,583.0,6.0,1.0,119.0,0.0,0.0,709.0,111.0,108.0,115.0,126.0,122.0,127.0,11.0,7.0,10.0,9.0,11.0,11.0,9.0,11.0,8.0,6.0,10.0,8.0,100.0,100.0,100.0,100.0,100.0,100.0,100.0,100.0,100.0,100.0,100.0,100.0,100.0,100.0,100.0,100.0,100.0,100.0,100.0,100.0
3548708,0.0,55.24,44.76,100.0,1.09,0.16,1.55,0.46,0.14,0.21,0.64,1.09,1.26,1.74,2.2,2.8,3.58,5.92,7.38,9.84,10.57,11.73,11.13,11.03,8.57,5.86,2.11,0.47,0.37,0.35,0.17,0.16,0.03,19.47,20.6,12.19,14.94,13.23,10.5,9.09,0.0,0.0,8092.0,6557.0,14649.0,159.0,24.0,227.0,68.0,21.0,31.0,94.0,160.0,185.0,255.0,323.0,410.0,525.0,867.0,1081.0,1441.0,1548.0,1719.0,1630.0,1616.0,1256.0,858.0,309.0,69.0,54.0,52.0,25.0,24.0,4.0,2852.0,3017.0,1785.0,2188.0,1938.0,1538.0,1331.0,0.0,99.73,99.73,,0.0,0.12,0.12,0.03,63.95,4.16,0.72,31.07,0.1,0.0,100.0,14.02,14.91,16.17,17.6,18.56,18.73,1.13,1.01,1.21,1.19,1.22,1.09,1.17,1.15,1.2,1.19,1.18,1.29,50314.0,50313.0,,1.0,60.0,60.0,15.0,32261.0,2097.0,364.0,15675.0,51.0,1.0,50449.0,7075.0,7523.0,8160.0,8881.0,9363.0,9447.0,568.0,512.0,609.0,601.0,614.0,549.0,592.0,578.0,603.0,599.0,597.0,653.0,99.73,99.65,99.67,99.75,99.81,99.74,99.74,99.76,99.47,99.41,99.34,99.83,99.67,99.82,99.32,99.65,99.83,99.83,99.66,99.85
3548807,0.0,53.6,46.4,100.0,0.47,0.16,0.72,0.26,0.21,0.21,0.21,0.28,0.41,0.7,1.27,1.52,2.56,3.18,5.14,8.11,9.3,11.08,11.5,14.18,14.13,10.57,3.77,0.8,0.31,0.08,0.03,0.03,0.03,19.4,20.41,12.19,14.23,12.55,11.5,9.71,0.0,0.0,2075.0,1796.0,3871.0,18.0,6.0,28.0,10.0,8.0,8.0,8.0,11.0,16.0,27.0,49.0,59.0,99.0,123.0,199.0,314.0,360.0,429.0,445.0,549.0,547.0,409.0,146.0,31.0,12.0,3.0,1.0,1.0,1.0,751.0,790.0,472.0,551.0,486.0,445.0,376.0,0.0,99.83,99.83,,0.0,0.09,0.08,0.0,82.19,2.18,1.42,14.13,0.08,0.0,100.0,13.56,14.26,16.05,18.04,19.51,18.57,1.16,1.23,1.11,1.05,1.23,0.89,1.29,1.08,1.18,1.12,0.99,1.22,8974.0,8974.0,,0.0,8.0,7.0,0.0,7388.0,196.0,128.0,1270.0,7.0,0.0,8989.0,1219.0,1282.0,1443.0,1622.0,1754.0,1669.0,104.0,111.0,100.0,94.0,111.0,80.0,116.0,97.0,106.0,101.0,89.0,110.0,99.83,99.67,99.84,99.93,99.69,100.0,99.82,99.86,100.0,100.0,100.0,100.0,99.1,100.0,100.0,98.97,100.0,98.02,100.0,100.0
3548906,0.0,55.85,44.15,100.0,1.25,0.06,1.68,0.43,0.18,0.1,0.68,1.13,1.07,1.46,1.99,2.95,3.42,4.75,7.42,9.0,10.25,10.86,10.15,12.24,10.29,7.03,2.54,0.74,0.53,0.45,0.14,0.14,0.0,20.27,21.25,12.42,12.75,14.63,9.57,9.1,0.02,0.0,2860.0,2261.0,5121.0,64.0,3.0,86.0,22.0,9.0,5.0,35.0,58.0,55.0,75.0,102.0,151.0,175.0,243.0,380.0,461.0,525.0,556.0,520.0,627.0,527.0,360.0,130.0,38.0,27.0,23.0,7.0,7.0,0.0,1038.0,1088.0,636.0,653.0,749.0,490.0,466.0,1.0,99.68,99.68,,0.01,0.13,0.16,0.03,67.11,4.97,0.33,27.49,0.1,0.01,100.0,14.44,14.79,16.66,17.7,18.69,17.71,1.03,1.08,1.3,1.24,1.3,1.11,1.18,1.3,1.23,1.24,1.3,1.13,16655.0,16654.0,,1.0,21.0,27.0,5.0,11212.0,831.0,55.0,4593.0,16.0,1.0,16708.0,2413.0,2471.0,2784.0,2958.0,3123.0,2959.0,172.0,180.0,218.0,207.0,217.0,186.0,197.0,218.0,205.0,207.0,217.0,189.0,99.68,99.63,99.64,99.78,99.73,99.55,99.73,99.7,98.84,98.89,99.08,100.0,99.54,99.46,100.0,99.54,100.0,100.0,100.0,100.0
3549003,0.0,59.74,40.26,100.0,0.0,0.0,0.0,0.0,0.0,2.6,0.0,0.0,0.0,0.0,1.3,5.19,0.0,2.6,5.19,6.49,3.9,12.99,14.29,20.78,10.39,12.99,1.3,0.0,0.0,0.0,0.0,0.0,0.0,19.48,20.78,12.99,12.99,9.09,9.09,15.58,0.0,0.0,46.0,31.0,77.0,0.0,0.0,0.0,0.0,0.0,2.0,0.0,0.0,0.0,0.0,1.0,4.0,0.0,2.0,4.0,5.0,3.0,10.0,11.0,16.0,8.0,10.0,1.0,0.0,0.0,0.0,0.0,0.0,0.0,15.0,16.0,10.0,10.0,7.0,7.0,12.0,0.0,100.0,100.0,,0.0,0.0,0.0,0.0,70.07,2.19,0.0,27.74,0.0,0.0,100.0,17.52,20.44,16.06,13.14,17.52,15.33,1.46,2.19,2.19,2.92,2.19,1.46,0.73,1.46,0.73,0.73,1.46,0.0,137.0,137.0,,0.0,0.0,0.0,0.0,96.0,3.0,0.0,38.0,0.0,0.0,137.0,24.0,28.0,22.0,18.0,24.0,21.0,2.0,3.0,3.0,4.0,3.0,2.0,1.0,2.0,1.0,1.0,2.0,0.0,100.0,100.0,100.0,100.0,100.0,100.0,100.0,100.0,100.0,100.0,100.0,100.0,100.0,100.0,100.0,100.0,100.0,100.0,100.0,0.0
3549102,0.0,54.42,45.58,100.0,1.08,0.04,1.17,0.09,0.18,0.22,0.45,1.3,0.94,1.3,2.02,2.73,3.0,5.38,6.95,9.77,10.49,10.67,12.46,12.55,8.87,6.72,2.47,0.31,0.4,0.27,0.18,0.18,0.04,20.08,22.1,13.13,12.01,12.55,10.17,9.95,0.0,0.0,1214.0,1017.0,2231.0,24.0,1.0,26.0,2.0,4.0,5.0,10.0,29.0,21.0,29.0,45.0,61.0,67.0,120.0,155.0,218.0,234.0,238.0,278.0,280.0,198.0,150.0,55.0,7.0,9.0,6.0,4.0,4.0,1.0,448.0,493.0,293.0,268.0,280.0,227.0,222.0,0.0,99.66,99.66,,0.0,0.24,0.1,0.0,77.63,2.96,0.07,19.32,0.02,0.0,100.0,14.89,14.26,16.98,17.87,17.87,18.14,0.99,1.25,1.39,1.68,1.39,1.22,1.22,1.18,1.23,1.08,1.18,1.1,5823.0,5823.0,,0.0,14.0,6.0,0.0,4536.0,173.0,4.0,1129.0,1.0,0.0,5843.0,870.0,833.0,992.0,1044.0,1044.0,1060.0,58.0,73.0,81.0,98.0,81.0,71.0,71.0,69.0,72.0,63.0,69.0,64.0,99.66,99.08,99.76,99.7,99.71,99.71,99.91,99.76,94.83,97.26,100.0,98.98,98.77,100.0,98.59,100.0,100.0,100.0,100.0,100.0
3549201,0.0,48.28,51.72,100.0,1.72,0.0,1.72,0.0,0.0,1.72,0.0,0.0,0.0,0.0,1.72,1.72,1.72,1.72,6.9,8.62,10.34,18.97,10.34,12.07,12.07,5.17,3.45,1.72,0.0,1.72,0.0,0.0,0.0,20.69,13.79,22.41,15.52,10.34,8.62,8.62,0.0,0.0,28.0,30.0,58.0,1.0,0.0,1.0,0.0,0.0,1.0,0.0,0.0,0.0,0.0,1.0,1.0,1.0,1.0,4.0,5.0,6.0,11.0,6.0,7.0,7.0,3.0,2.0,1.0,0.0,1.0,0.0,0.0,0.0,12.0,8.0,13.0,9.0,6.0,5.0,5.0,0.0,99.36,99.36,,0.0,0.0,0.64,0.0,59.62,3.21,0.0,37.18,0.0,0.0,100.0,16.67,7.05,20.51,23.72,21.15,10.9,0.0,1.92,2.56,1.92,1.92,1.28,1.28,0.64,0.64,2.56,0.64,1.28,155.0,155.0,,0.0,0.0,1.0,0.0,93.0,5.0,0.0,58.0,0.0,0.0,156.0,26.0,11.0,32.0,37.0,33.0,17.0,0.0,3.0,4.0,3.0,3.0,2.0,2.0,1.0,1.0,4.0,1.0,2.0,99.36,100.0,100.0,100.0,97.3,100.0,100.0,99.16,0.0,100.0,100.0,100.0,100.0,100.0,100.0,100.0,100.0,100.0,100.0,100.0
3549250,0.0,53.19,46.81,100.0,0.0,0.0,0.0,0.0,0.0,0.0,0.0,2.13,4.26,2.13,6.38,6.38,4.26,4.26,2.13,6.38,8.51,14.89,8.51,8.51,8.51,12.77,0.0,0.0,0.0,0.0,0.0,0.0,0.0,23.4,14.89,4.26,23.4,12.77,12.77,8.51,0.0,0.0,25.0,22.0,47.0,0.0,0.0,0.0,0.0,0.0,0.0,0.0,1.0,2.0,1.0,3.0,3.0,2.0,2.0,1.0,3.0,4.0,7.0,4.0,4.0,4.0,6.0,0.0,0.0,0.0,0.0,0.0,0.0,0.0,11.0,7.0,2.0,11.0,6.0,6.0,4.0,0.0,100.0,100.0,,0.0,0.0,0.0,0.0,56.06,3.03,0.0,40.91,0.0,0.0,100.0,17.42,18.94,10.61,18.18,21.21,13.64,1.52,3.03,2.27,0.76,3.03,2.27,0.76,0.0,0.0,1.52,0.0,2.27,132.0,132.0,,0.0,0.0,0.0,0.0,74.0,4.0,0.0,54.0,0.0,0.0,132.0,23.0,25.0,14.0,24.0,28.0,18.0,2.0,4.0,3.0,1.0,4.0,3.0,1.0,0.0,0.0,2.0,0.0,3.0,100.0,100.0,100.0,100.0,100.0,100.0,100.0,100.0,100.0,100.0,100.0,100.0,100.0,100.0,100.0,0.0,0.0,100.0,0.0,100.0
3549300,0.0,49.33,50.67,100.0,2.67,2.67,5.33,2.67,0.0,1.33,0.0,0.0,1.33,2.67,0.0,2.67,1.33,4.0,2.67,5.33,1.33,8.0,14.67,14.67,16.0,9.33,5.33,1.33,0.0,0.0,0.0,1.33,1.33,38.67,9.33,10.67,8.0,13.33,8.0,12.0,0.0,0.0,37.0,38.0,75.0,2.0,2.0,4.0,2.0,0.0,1.0,0.0,0.0,1.0,2.0,0.0,2.0,1.0,3.0,2.0,4.0,1.0,6.0,11.0,11.0,12.0,7.0,4.0,1.0,0.0,0.0,0.0,1.0,1.0,29.0,7.0,8.0,6.0,10.0,6.0,9.0,0.0,100.0,100.0,,0.0,0.0,0.0,0.0,69.23,5.38,0.0,25.38,0.0,0.0,100.0,15.38,11.54,12.31,27.69,18.46,14.62,1.54,0.77,0.77,0.0,3.08,3.08,1.54,1.54,0.77,1.54,0.77,0.0,130.0,130.0,,0.0,0.0,0.0,0.0,90.0,7.0,0.0,33.0,0.0,0.0,130.0,20.0,15.0,16.0,36.0,24.0,19.0,2.0,1.0,1.0,0.0,4.0,4.0,2.0,2.0,1.0,2.0,1.0,0.0,100.0,100.0,100.0,100.0,100.0,100.0,100.0,100.0,100.0,100.0,100.0,0.0,100.0,100.0,100.0,100.0,100.0,100.0,100.0,0.0
3549409,0.0,58.7,41.3,100.0,1.37,0.0,1.62,0.26,0.17,0.26,0.51,1.28,0.68,1.45,2.05,3.84,4.35,7.34,6.4,9.3,9.64,11.77,11.18,11.43,8.19,5.97,2.22,0.34,0.34,0.34,0.17,0.43,0.09,20.22,20.99,14.16,10.41,13.14,10.75,10.32,0.0,0.0,688.0,484.0,1172.0,16.0,0.0,19.0,3.0,2.0,3.0,6.0,15.0,8.0,17.0,24.0,45.0,51.0,86.0,75.0,109.0,113.0,138.0,131.0,134.0,96.0,70.0,26.0,4.0,4.0,4.0,2.0,5.0,1.0,237.0,246.0,166.0,122.0,154.0,126.0,121.0,0.0,99.55,99.55,,0.0,0.29,0.13,0.03,56.92,6.01,0.16,36.9,0.0,0.0,100.0,14.68,15.29,15.38,19.09,17.78,17.78,1.25,1.09,1.38,0.99,1.6,1.28,0.86,1.63,0.9,1.38,1.38,0.96,3113.0,3113.0,,0.0,9.0,4.0,1.0,1780.0,188.0,5.0,1154.0,0.0,0.0,3127.0,459.0,478.0,481.0,597.0,556.0,556.0,39.0,34.0,43.0,31.0,50.0,40.0,27.0,51.0,28.0,43.0,43.0,30.0,99.55,98.69,99.58,99.79,99.5,99.64,100.0,99.73,100.0,100.0,95.35,100.0,98.0,100.0,100.0,98.04,100.0,97.67,97.67,100.0
3549508,0.0,55.38,44.62,100.0,1.54,0.0,1.54,0.0,0.0,0.0,1.54,3.08,4.1,2.05,3.59,3.59,2.56,7.69,7.18,7.18,7.18,9.74,12.82,11.28,7.69,5.64,0.51,1.03,0.0,0.0,0.51,1.03,0.0,23.08,19.49,11.79,12.31,16.41,10.77,6.15,0.0,0.0,108.0,87.0,195.0,3.0,0.0,3.0,0.0,0.0,0.0,3.0,6.0,8.0,4.0,7.0,7.0,5.0,15.0,14.0,14.0,14.0,19.0,25.0,22.0,15.0,11.0,1.0,2.0,0.0,0.0,1.0,2.0,0.0,45.0,38.0,23.0,24.0,32.0,21.0,12.0,0.0,99.31,99.31,,0.0,0.35,0.0,0.35,58.93,3.99,0.0,37.09,0.0,0.0,100.0,14.38,14.38,15.6,19.76,20.62,15.25,1.91,0.17,0.35,1.91,1.56,1.21,1.04,1.39,1.04,1.73,0.52,1.56,573.0,573.0,,0.0,2.0,0.0,2.0,340.0,23.0,0.0,214.0,0.0,0.0,577.0,83.0,83.0,90.0,114.0,119.0,88.0,11.0,1.0,2.0,11.0,9.0,7.0,6.0,8.0,6.0,10.0,3.0,9.0,99.31,98.8,98.8,100.0,100.0,98.32,100.0,99.51,100.0,100.0,100.0,100.0,100.0,100.0,100.0,87.5,100.0,100.0,100.0,100.0
3549607,0.0,52.7,47.3,100.0,0.0,0.0,0.0,0.0,0.0,0.0,0.0,1.35,0.0,2.7,2.7,0.0,0.0,5.41,8.11,1.35,6.76,12.16,17.57,9.46,12.16,14.86,2.7,2.7,0.0,0.0,0.0,0.0,0.0,24.32,24.32,6.76,12.16,14.86,9.46,8.11,0.0,0.0,39.0,35.0,74.0,0.0,0.0,0.0,0.0,0.0,0.0,0.0,1.0,0.0,2.0,2.0,0.0,0.0,4.0,6.0,1.0,5.0,9.0,13.0,7.0,9.0,11.0,2.0,2.0,0.0,0.0,0.0,0.0,0.0,18.0,18.0,5.0,9.0,11.0,7.0,6.0,0.0,100.0,100.0,,0.0,0.0,0.0,0.0,65.64,3.09,0.34,30.93,0.0,0.0,100.0,17.87,13.4,19.59,16.84,15.46,16.84,0.69,1.72,1.72,1.37,2.06,2.75,0.69,1.37,1.03,1.72,0.34,2.41,291.0,291.0,,0.0,0.0,0.0,0.0,191.0,9.0,1.0,90.0,0.0,0.0,291.0,52.0,39.0,57.0,49.0,45.0,49.0,2.0,5.0,5.0,4.0,6.0,8.0,2.0,4.0,3.0,5.0,1.0,7.0,100.0,100.0,100.0,100.0,100.0,100.0,100.0,100.0,100.0,100.0,100.0,100.0,100.0,100.0,100.0,100.0,100.0,100.0,100.0,100.0
3549706,0.0,57.25,42.75,100.0,1.85,0.0,2.61,0.76,0.0,0.08,0.51,0.59,1.1,1.26,1.85,2.95,3.63,5.14,5.65,8.85,9.53,10.79,11.8,11.8,11.21,7.84,2.28,0.51,0.93,0.59,0.08,0.25,0.0,19.56,20.15,12.23,11.55,12.82,13.58,10.12,0.0,0.0,679.0,507.0,1186.0,22.0,0.0,31.0,9.0,0.0,1.0,6.0,7.0,13.0,15.0,22.0,35.0,43.0,61.0,67.0,105.0,113.0,128.0,140.0,140.0,133.0,93.0,27.0,6.0,11.0,7.0,1.0,3.0,0.0,232.0,239.0,145.0,137.0,152.0,161.0,120.0,0.0,99.48,99.48,,0.0,0.23,0.26,0.03,69.48,2.98,0.06,27.48,0.0,0.0,100.0,14.21,14.24,16.68,17.54,18.94,18.4,1.15,1.12,1.09,1.63,1.29,1.12,1.32,1.15,0.89,1.12,1.15,1.2,3472.0,3472.0,,0.0,8.0,9.0,1.0,2425.0,104.0,2.0,959.0,0.0,0.0,3490.0,496.0,497.0,582.0,612.0,661.0,642.0,40.0,39.0,38.0,57.0,45.0,39.0,46.0,40.0,31.0,39.0,40.0,42.0,99.48,99.19,99.6,99.66,99.18,99.55,99.69,99.52,97.5,100.0,97.37,100.0,100.0,100.0,97.83,100.0,100.0,97.44,100.0,100.0
3549805,0.0,54.88,45.12,100.0,0.84,0.08,1.39,0.55,0.21,0.15,0.6,0.82,0.95,1.38,2.14,2.83,3.61,5.4,6.78,9.47,9.94,11.35,10.57,12.99,10.05,6.4,2.37,0.52,0.28,0.27,0.12,0.13,0.04,18.63,22.41,11.18,13.32,13.17,12.63,8.66,0.0,0.0,5492.0,4516.0,10008.0,84.0,8.0,139.0,55.0,21.0,15.0,60.0,82.0,95.0,138.0,214.0,283.0,361.0,540.0,679.0,948.0,995.0,1136.0,1058.0,1300.0,1006.0,641.0,237.0,52.0,28.0,27.0,12.0,13.0,4.0,1864.0,2243.0,1119.0,1333.0,1318.0,1264.0,867.0,0.0,99.56,99.56,,0.0,0.26,0.12,0.06,69.14,3.73,0.48,26.62,0.03,0.0,100.0,15.45,15.38,16.83,18.04,17.59,16.72,1.31,1.22,1.3,1.32,1.36,1.28,1.23,1.37,1.37,1.3,1.19,1.21,30849.0,30849.0,,0.0,81.0,38.0,18.0,21425.0,1155.0,148.0,8250.0,8.0,0.0,30986.0,4786.0,4766.0,5215.0,5590.0,5449.0,5180.0,406.0,377.0,403.0,409.0,421.0,397.0,381.0,424.0,423.0,402.0,369.0,374.0,99.56,99.19,99.58,99.83,99.55,99.61,99.56,99.64,96.8,98.14,99.5,99.76,99.52,99.75,99.74,99.76,99.76,99.5,98.64,99.2
3549904,0.0,56.82,43.18,100.0,1.23,0.03,1.7,0.47,0.11,0.18,0.68,1.45,1.3,1.61,2.12,2.86,3.7,5.34,7.0,9.52,10.67,11.97,11.34,10.5,8.52,6.12,2.73,0.55,0.54,0.41,0.1,0.14,0.03,19.68,20.6,12.28,13.12,13.74,10.72,9.85,0.0,0.0,6760.0,5138.0,11898.0,146.0,4.0,202.0,56.0,13.0,22.0,81.0,172.0,155.0,192.0,252.0,340.0,440.0,635.0,833.0,1133.0,1269.0,1424.0,1349.0,1249.0,1014.0,728.0,325.0,66.0,64.0,49.0,12.0,17.0,4.0,2342.0,2451.0,1461.0,1561.0,1635.0,1276.0,1172.0,0.0,99.71,99.71,,0.0,0.13,0.12,0.04,70.11,3.79,0.71,25.36,0.03,0.0,100.0,15.09,15.12,16.18,17.61,18.01,18.0,1.25,1.24,1.29,1.26,1.26,1.2,1.22,1.33,1.22,1.26,1.31,1.26,48623.0,48623.0,,0.0,63.0,58.0,18.0,34186.0,1849.0,345.0,12366.0,16.0,0.0,48762.0,7358.0,7371.0,7889.0,8587.0,8782.0,8775.0,611.0,603.0,627.0,613.0,613.0,585.0,596.0,647.0,597.0,615.0,638.0,613.0,99.71,99.63,99.69,99.76,99.73,99.7,99.76,99.74,99.35,99.67,99.68,99.35,99.51,99.66,99.66,99.38,99.66,99.84,100.0,99.84
3549953,0.0,51.52,48.48,100.0,1.83,0.0,2.13,0.3,0.3,0.61,1.22,1.52,1.83,1.83,2.74,2.74,3.05,4.57,7.01,13.72,7.93,14.94,12.2,10.06,5.18,4.88,1.22,0.3,0.61,0.3,0.3,0.3,0.3,21.34,20.73,14.63,12.8,12.2,9.15,9.15,0.0,0.0,169.0,159.0,328.0,6.0,0.0,7.0,1.0,1.0,2.0,4.0,5.0,6.0,6.0,9.0,9.0,10.0,15.0,23.0,45.0,26.0,49.0,40.0,33.0,17.0,16.0,4.0,1.0,2.0,1.0,1.0,1.0,1.0,70.0,68.0,48.0,42.0,40.0,30.0,30.0,0.0,99.91,99.91,,0.0,0.0,0.09,0.0,61.48,3.35,0.34,34.82,0.0,0.0,100.0,15.74,15.31,18.57,15.82,17.11,17.45,0.86,1.46,1.72,1.63,1.38,1.03,1.38,1.38,1.12,1.72,1.03,1.03,1162.0,1162.0,,0.0,0.0,1.0,0.0,715.0,39.0,4.0,405.0,0.0,0.0,1163.0,183.0,178.0,216.0,184.0,199.0,203.0,10.0,17.0,20.0,19.0,16.0,12.0,16.0,16.0,13.0,20.0,12.0,12.0,99.91,99.45,100.0,100.0,100.0,100.0,100.0,100.0,100.0,100.0,95.0,100.0,100.0,100.0,100.0,100.0,100.0,100.0,100.0,100.0
3550001,0.0,55.56,44.44,100.0,1.08,0.0,1.79,0.72,0.0,0.0,0.72,1.08,1.43,1.43,1.08,2.15,5.38,2.87,6.09,8.96,7.89,8.24,18.28,13.98,11.11,5.02,2.51,0.0,0.0,0.36,0.36,0.0,0.36,20.43,21.86,12.9,12.19,11.83,11.11,9.68,0.0,0.0,155.0,124.0,279.0,3.0,0.0,5.0,2.0,0.0,0.0,2.0,3.0,4.0,4.0,3.0,6.0,15.0,8.0,17.0,25.0,22.0,23.0,51.0,39.0,31.0,14.0,7.0,0.0,0.0,1.0,1.0,0.0,1.0,57.0,61.0,36.0,34.0,33.0,31.0,27.0,0.0,99.52,99.52,,0.0,0.32,0.16,0.0,79.1,0.96,0.32,19.61,0.0,0.0,100.0,14.79,15.59,17.04,17.68,15.92,18.97,1.13,1.13,0.64,2.09,1.61,1.29,0.8,1.29,0.96,1.13,1.45,1.29,619.0,619.0,,0.0,2.0,1.0,0.0,492.0,6.0,2.0,122.0,0.0,0.0,622.0,92.0,97.0,106.0,110.0,99.0,118.0,7.0,7.0,4.0,13.0,10.0,8.0,5.0,8.0,6.0,7.0,9.0,8.0,99.52,97.83,98.97,100.0,100.0,100.0,100.0,100.0,85.71,85.71,100.0,100.0,100.0,100.0,100.0,100.0,100.0,100.0,100.0,100.0
3550100,0.0,53.62,46.38,100.0,0.75,0.64,1.6,0.85,0.43,0.32,0.85,1.07,1.17,0.85,1.92,3.3,4.48,4.8,6.08,11.62,9.49,11.62,11.73,11.73,8.96,5.01,1.6,0.75,0.32,0.11,0.11,0.11,0.11,17.91,24.73,12.79,13.22,12.69,10.13,8.53,0.0,0.0,503.0,435.0,938.0,7.0,6.0,15.0,8.0,4.0,3.0,8.0,10.0,11.0,8.0,18.0,31.0,42.0,45.0,57.0,109.0,89.0,109.0,110.0,110.0,84.0,47.0,15.0,7.0,3.0,1.0,1.0,1.0,1.0,168.0,232.0,120.0,124.0,119.0,95.0,80.0,0.0,99.76,99.76,,0.0,0.04,0.16,0.04,65.58,3.02,0.2,31.16,0.04,0.0,100.0,14.8,16.35,16.87,16.28,17.67,18.03,1.11,1.35,1.23,1.39,1.63,1.11,0.96,1.39,1.27,0.88,1.19,1.27,2507.0,2507.0,,0.0,1.0,4.0,1.0,1648.0,76.0,5.0,783.0,1.0,0.0,2513.0,372.0,411.0,424.0,409.0,444.0,453.0,28.0,34.0,31.0,35.0,41.0,28.0,24.0,35.0,32.0,22.0,30.0,32.0,99.76,99.73,100.0,99.76,99.76,99.55,99.78,99.71,100.0,100.0,100.0,100.0,100.0,96.43,100.0,100.0,100.0,100.0,100.0,100.0
3550209,0.0,56.4,43.6,100.0,0.84,0.14,1.41,0.56,0.7,0.0,0.7,1.41,1.69,0.7,1.83,2.81,3.8,5.34,8.3,10.69,10.27,10.41,11.81,12.24,8.86,3.38,2.67,0.84,0.7,0.14,0.0,0.0,0.0,18.57,24.19,12.66,11.95,12.8,11.53,8.3,0.0,0.0,401.0,310.0,711.0,6.0,1.0,10.0,4.0,5.0,0.0,5.0,10.0,12.0,5.0,13.0,20.0,27.0,38.0,59.0,76.0,73.0,74.0,84.0,87.0,63.0,24.0,19.0,6.0,5.0,1.0,0.0,0.0,0.0,132.0,172.0,90.0,85.0,91.0,82.0,59.0,0.0,99.66,99.66,,0.0,0.17,0.09,0.09,74.87,0.85,1.32,22.87,0.09,0.0,100.0,15.39,15.48,15.73,18.07,18.24,17.09,1.62,1.36,0.85,1.57,1.23,1.53,1.45,1.11,0.94,0.81,1.7,1.23,2344.0,2344.0,,0.0,4.0,2.0,2.0,1761.0,20.0,31.0,538.0,2.0,0.0,2352.0,362.0,364.0,370.0,425.0,429.0,402.0,38.0,32.0,20.0,37.0,29.0,36.0,34.0,26.0,22.0,19.0,40.0,29.0,99.66,99.17,100.0,99.73,99.53,99.77,99.75,99.69,97.37,100.0,100.0,100.0,100.0,100.0,100.0,100.0,100.0,100.0,97.5,96.55
3550308,0.0,53.15,46.85,100.0,1.02,0.08,1.48,0.46,0.16,0.21,0.82,1.31,1.33,1.56,2.12,2.78,3.54,5.16,6.67,9.23,10.21,11.17,10.38,11.57,9.51,7.14,2.9,0.69,0.39,0.33,0.14,0.15,0.02,18.95,20.19,12.41,15.32,13.4,10.26,9.47,0.0,0.0,117586.0,103638.0,221224.0,2265.0,183.0,3274.0,1009.0,360.0,460.0,1809.0,2891.0,2935.0,3456.0,4681.0,6156.0,7828.0,11418.0,14765.0,20421.0,22578.0,24706.0,22957.0,25586.0,21032.0,15788.0,6419.0,1521.0,855.0,722.0,302.0,331.0,55.0,41912.0,44672.0,27443.0,33901.0,29647.0,22689.0,20958.0,2.0,99.52,99.51,,0.0,0.26,0.16,0.07,55.86,7.2,1.09,35.67,0.17,0.01,100.0,14.53,14.72,16.63,17.65,18.46,18.01,1.16,1.18,1.26,1.2,1.26,1.14,1.21,1.26,1.24,1.21,1.2,1.22,728184.0,728152.0,,32.0,1878.0,1135.0,529.0,408763.0,52693.0,8006.0,260990.0,1235.0,39.0,731726.0,106299.0,107727.0,121666.0,129134.0,135105.0,131795.0,8490.0,8610.0,9188.0,8803.0,9237.0,8337.0,8832.0,9203.0,9047.0,8875.0,8778.0,8899.0,99.51,99.37,99.51,99.51,99.55,99.56,99.54,99.54,98.81,99.11,99.47,99.39,99.31,99.46,99.42,99.49,99.44,99.47,99.51,99.53
3550407,0.0,54.32,45.68,100.0,0.67,0.0,0.78,0.11,0.11,0.44,0.78,1.11,1.44,1.0,2.11,2.11,4.1,4.77,6.32,7.32,10.31,10.98,13.75,12.31,10.64,6.32,2.66,0.67,0.67,0.0,0.0,0.0,0.0,21.84,22.28,13.64,11.31,12.2,8.98,9.76,0.0,0.0,490.0,412.0,902.0,6.0,0.0,7.0,1.0,1.0,4.0,7.0,10.0,13.0,9.0,19.0,19.0,37.0,43.0,57.0,66.0,93.0,99.0,124.0,111.0,96.0,57.0,24.0,6.0,6.0,0.0,0.0,0.0,0.0,197.0,201.0,123.0,102.0,110.0,81.0,88.0,0.0,99.63,99.63,,0.0,0.2,0.16,0.0,72.34,2.07,0.12,25.43,0.04,0.0,100.0,13.69,16.21,16.08,16.61,19.01,18.4,1.02,0.85,1.26,1.02,1.3,1.18,1.14,1.34,0.89,1.3,1.38,1.02,2453.0,2453.0,,0.0,5.0,4.0,0.0,1781.0,51.0,3.0,626.0,1.0,0.0,2462.0,337.0,399.0,396.0,409.0,468.0,453.0,25.0,21.0,31.0,25.0,32.0,29.0,28.0,33.0,22.0,32.0,34.0,25.0,99.63,100.0,99.75,99.24,100.0,99.36,99.56,99.54,100.0,100.0,100.0,100.0,100.0,100.0,100.0,100.0,100.0,100.0,100.0,100.0
3550506,0.0,52.2,47.8,100.0,1.26,0.0,1.26,0.0,1.89,1.26,0.63,0.0,2.52,0.0,3.77,1.89,0.63,6.92,6.29,10.69,12.58,12.58,10.69,8.18,11.32,6.29,0.63,0.0,0.0,0.63,0.0,0.63,0.0,21.38,23.27,12.58,13.21,13.21,8.18,8.18,0.0,0.0,83.0,76.0,159.0,2.0,0.0,2.0,0.0,3.0,2.0,1.0,0.0,4.0,0.0,6.0,3.0,1.0,11.0,10.0,17.0,20.0,20.0,17.0,13.0,18.0,10.0,1.0,0.0,0.0,1.0,0.0,1.0,0.0,34.0,37.0,20.0,21.0,21.0,13.0,13.0,0.0,99.83,99.83,,0.0,0.17,0.0,0.0,73.01,2.42,0.0,24.57,0.0,0.0,100.0,14.01,14.53,16.96,20.07,17.99,16.44,1.56,0.69,1.56,1.04,1.9,1.04,1.73,1.04,0.69,1.04,0.69,1.04,577.0,577.0,,0.0,1.0,0.0,0.0,422.0,14.0,0.0,142.0,0.0,0.0,578.0,81.0,84.0,98.0,116.0,104.0,95.0,9.0,4.0,9.0,6.0,11.0,6.0,10.0,6.0,4.0,6.0,4.0,6.0,99.83,100.0,100.0,100.0,99.14,100.0,100.0,99.76,100.0,100.0,100.0,100.0,100.0,100.0,100.0,100.0,100.0,100.0,100.0,100.0
3550605,0.0,54.31,45.69,100.0,1.32,0.05,1.59,0.27,0.16,0.22,0.6,0.99,1.15,1.1,1.59,3.07,3.78,5.16,6.42,10.2,10.75,11.68,11.46,11.35,8.45,6.53,2.91,0.77,0.66,0.27,0.05,0.33,0.0,19.42,18.92,13.71,14.87,12.84,9.49,10.75,0.0,0.0,990.0,833.0,1823.0,24.0,1.0,29.0,5.0,3.0,4.0,11.0,18.0,21.0,20.0,29.0,56.0,69.0,94.0,117.0,186.0,196.0,213.0,209.0,207.0,154.0,119.0,53.0,14.0,12.0,5.0,1.0,6.0,0.0,354.0,345.0,250.0,271.0,234.0,173.0,196.0,0.0,99.76,99.76,,0.0,0.09,0.11,0.04,62.42,3.73,0.34,33.48,0.04,0.0,100.0,14.48,14.69,16.48,17.99,18.4,17.97,1.25,1.31,1.42,0.9,1.06,1.36,1.19,1.59,1.04,1.19,0.93,1.23,5346.0,5346.0,,0.0,5.0,6.0,2.0,3345.0,200.0,18.0,1794.0,2.0,0.0,5359.0,776.0,787.0,883.0,964.0,986.0,963.0,67.0,70.0,76.0,48.0,57.0,73.0,64.0,85.0,56.0,64.0,50.0,66.0,99.76,99.87,99.62,99.89,99.79,99.8,99.58,99.76,100.0,100.0,100.0,100.0,100.0,100.0,98.44,100.0,100.0,100.0,100.0,100.0
3550704,0.0,56.02,43.98,100.0,2.34,0.16,3.05,0.7,0.08,0.23,1.88,1.95,1.48,1.48,2.27,3.05,4.45,7.42,6.88,10.47,11.8,8.91,9.77,9.3,8.2,4.45,2.11,0.63,0.7,0.94,0.23,0.47,0.0,20.7,17.97,13.67,13.59,14.22,9.45,10.39,0.0,0.0,717.0,563.0,1280.0,30.0,2.0,39.0,9.0,1.0,3.0,24.0,25.0,19.0,19.0,29.0,39.0,57.0,95.0,88.0,134.0,151.0,114.0,125.0,119.0,105.0,57.0,27.0,8.0,9.0,12.0,3.0,6.0,0.0,265.0,230.0,175.0,174.0,182.0,121.0,133.0,0.0,99.64,99.64,,0.0,0.17,0.17,0.02,51.12,5.14,0.44,42.32,0.97,0.02,100.0,15.17,15.66,15.79,17.1,18.32,17.96,1.22,1.08,1.47,1.34,1.5,1.42,0.93,1.04,1.38,1.19,1.42,1.17,6298.0,6298.0,,0.0,11.0,11.0,1.0,3231.0,325.0,28.0,2675.0,61.0,1.0,6321.0,959.0,990.0,998.0,1081.0,1158.0,1135.0,77.0,68.0,93.0,85.0,95.0,90.0,59.0,66.0,87.0,75.0,90.0,74.0,99.64,99.37,99.7,99.5,99.81,99.65,99.74,99.68,97.4,100.0,100.0,100.0,100.0,100.0,98.31,98.48,98.85,100.0,100.0,98.65
3550803,0.0,60.65,39.35,100.0,0.93,0.0,0.93,0.0,0.0,0.46,0.46,1.39,0.46,1.39,0.46,2.31,4.63,2.78,9.72,8.33,10.19,17.13,8.8,12.04,9.26,7.87,1.39,0.0,0.93,0.0,0.0,0.0,0.0,18.52,21.76,16.2,12.5,8.8,11.57,10.65,0.0,0.0,131.0,85.0,216.0,2.0,0.0,2.0,0.0,0.0,1.0,1.0,3.0,1.0,3.0,1.0,5.0,10.0,6.0,21.0,18.0,22.0,37.0,19.0,26.0,20.0,17.0,3.0,0.0,2.0,0.0,0.0,0.0,0.0,40.0,47.0,35.0,27.0,19.0,25.0,23.0,0.0,100.0,100.0,,0.0,0.0,0.0,0.0,73.88,2.63,0.0,23.49,0.0,0.0,100.0,16.07,14.68,14.99,20.4,16.38,17.47,0.77,1.08,1.24,1.39,2.94,2.01,0.31,1.08,1.08,1.85,1.24,1.08,647.0,647.0,,0.0,0.0,0.0,0.0,478.0,17.0,0.0,152.0,0.0,0.0,647.0,104.0,95.0,97.0,132.0,106.0,113.0,5.0,7.0,8.0,9.0,19.0,13.0,2.0,7.0,7.0,12.0,8.0,7.0,100.0,100.0,100.0,100.0,100.0,100.0,100.0,100.0,100.0,100.0,100.0,100.0,100.0,100.0,100.0,100.0,100.0,100.0,100.0,100.0
3550902,0.0,57.05,42.95,100.0,0.0,0.0,0.34,0.34,0.67,0.34,0.0,0.67,0.34,1.34,1.68,1.68,4.36,7.05,5.7,11.74,10.07,10.07,10.4,11.07,13.09,6.04,3.02,0.34,0.0,0.0,0.0,0.0,0.0,24.83,16.78,11.74,13.42,13.76,11.41,8.05,0.0,0.0,170.0,128.0,298.0,0.0,0.0,1.0,1.0,2.0,1.0,0.0,2.0,1.0,4.0,5.0,5.0,13.0,21.0,17.0,35.0,30.0,30.0,31.0,33.0,39.0,18.0,9.0,1.0,0.0,0.0,0.0,0.0,0.0,74.0,50.0,35.0,40.0,41.0,34.0,24.0,0.0,99.46,99.46,,0.0,0.4,0.13,0.0,63.36,4.56,0.13,31.81,0.13,0.0,100.0,13.96,16.11,17.18,17.45,18.79,16.51,0.94,0.81,1.07,1.07,2.15,0.94,1.48,1.34,1.61,0.54,0.81,1.21,741.0,741.0,,0.0,3.0,1.0,0.0,472.0,34.0,1.0,237.0,1.0,0.0,745.0,104.0,120.0,128.0,130.0,140.0,123.0,7.0,6.0,8.0,8.0,16.0,7.0,11.0,10.0,12.0,4.0,6.0,9.0,99.46,98.08,100.0,100.0,99.23,100.0,99.19,99.62,85.71,100.0,100.0,100.0,100.0,100.0,100.0,100.0,91.67,100.0,100.0,100.0
3551009,0.0,52.02,47.98,100.0,0.99,0.28,1.8,0.8,0.26,0.35,0.92,1.44,1.29,1.8,2.6,3.08,4.44,6.43,7.42,10.72,12.38,11.59,9.94,9.89,6.52,4.66,1.77,0.44,0.26,0.39,0.13,0.16,0.05,20.32,19.06,12.3,14.69,14.37,10.23,9.03,0.0,0.0,4144.0,3822.0,7966.0,79.0,22.0,143.0,64.0,21.0,28.0,73.0,115.0,103.0,143.0,207.0,245.0,354.0,512.0,591.0,854.0,986.0,923.0,792.0,788.0,519.0,371.0,141.0,35.0,21.0,31.0,10.0,13.0,4.0,1619.0,1518.0,980.0,1170.0,1145.0,815.0,719.0,0.0,99.57,99.57,,0.0,0.2,0.14,0.09,51.94,6.27,0.14,41.55,0.09,0.01,100.0,14.84,15.05,16.28,17.51,17.75,18.57,1.18,1.29,1.32,1.21,1.31,1.19,1.24,1.31,1.14,1.13,1.24,1.28,22203.0,22203.0,,0.0,45.0,32.0,20.0,11583.0,1398.0,32.0,9265.0,19.0,3.0,22300.0,3309.0,3356.0,3630.0,3905.0,3959.0,4141.0,263.0,288.0,294.0,270.0,293.0,265.0,277.0,292.0,254.0,251.0,277.0,285.0,99.57,99.58,99.37,99.72,99.54,99.75,99.42,99.6,99.24,99.65,99.32,99.26,100.0,100.0,99.28,98.97,99.61,99.6,100.0,100.0
3551108,0.0,59.92,40.08,100.0,1.27,0.0,2.11,0.84,0.0,0.0,0.84,1.69,2.53,1.27,3.8,4.22,2.53,2.95,7.59,7.59,10.97,10.97,10.55,13.92,8.86,6.33,1.27,0.0,0.42,0.42,0.0,0.0,0.42,20.68,14.35,18.99,13.5,13.08,8.44,10.97,0.0,0.0,142.0,95.0,237.0,3.0,0.0,5.0,2.0,0.0,0.0,2.0,4.0,6.0,3.0,9.0,10.0,6.0,7.0,18.0,18.0,26.0,26.0,25.0,33.0,21.0,15.0,3.0,0.0,1.0,1.0,0.0,0.0,1.0,49.0,34.0,45.0,32.0,31.0,20.0,26.0,0.0,99.73,99.73,,0.0,0.27,0.0,0.0,74.15,2.03,0.14,23.55,0.14,0.0,100.0,15.97,15.02,18.27,17.46,15.43,17.86,1.62,1.76,0.68,2.03,2.44,1.08,0.81,1.08,0.68,1.49,1.35,0.95,737.0,737.0,,0.0,2.0,0.0,0.0,548.0,15.0,1.0,174.0,1.0,0.0,739.0,118.0,111.0,135.0,129.0,114.0,132.0,12.0,13.0,5.0,15.0,18.0,8.0,6.0,8.0,5.0,11.0,10.0,7.0,99.73,99.15,99.1,100.0,100.0,100.0,100.0,100.0,100.0,100.0,100.0,100.0,94.44,100.0,100.0,100.0,100.0,100.0,100.0,100.0
3551207,0.0,53.26,46.74,100.0,0.0,0.0,0.0,0.0,1.09,0.0,0.0,0.0,2.17,3.26,1.09,5.43,5.43,8.7,6.52,8.7,8.7,10.87,17.39,10.87,8.7,1.09,0.0,0.0,0.0,0.0,0.0,0.0,0.0,19.57,23.91,11.96,13.04,11.96,11.96,7.61,0.0,0.0,49.0,43.0,92.0,0.0,0.0,0.0,0.0,1.0,0.0,0.0,0.0,2.0,3.0,1.0,5.0,5.0,8.0,6.0,8.0,8.0,10.0,16.0,10.0,8.0,1.0,0.0,0.0,0.0,0.0,0.0,0.0,0.0,18.0,22.0,11.0,12.0,11.0,11.0,7.0,0.0,100.0,100.0,,0.0,0.0,0.0,0.0,85.4,0.73,0.0,13.87,0.0,0.0,100.0,15.33,18.25,14.6,18.98,14.23,18.61,0.73,1.46,1.82,1.46,1.09,1.82,1.82,0.36,1.46,0.0,1.46,1.82,274.0,274.0,,0.0,0.0,0.0,0.0,234.0,2.0,0.0,38.0,0.0,0.0,274.0,42.0,50.0,40.0,52.0,39.0,51.0,2.0,4.0,5.0,4.0,3.0,5.0,5.0,1.0,4.0,0.0,4.0,5.0,100.0,100.0,100.0,100.0,100.0,100.0,100.0,100.0,100.0,100.0,100.0,100.0,100.0,100.0,100.0,100.0,100.0,0.0,100.0,100.0
3551306,0.0,54.17,45.83,100.0,0.0,0.0,4.17,4.17,0.0,0.0,1.39,1.39,0.0,2.78,2.78,0.0,0.0,5.56,4.17,9.72,13.89,5.56,8.33,16.67,13.89,6.94,2.78,0.0,0.0,0.0,0.0,0.0,0.0,23.61,5.56,9.72,19.44,15.28,11.11,15.28,0.0,0.0,39.0,33.0,72.0,0.0,0.0,3.0,3.0,0.0,0.0,1.0,1.0,0.0,2.0,2.0,0.0,0.0,4.0,3.0,7.0,10.0,4.0,6.0,12.0,10.0,5.0,2.0,0.0,0.0,0.0,0.0,0.0,0.0,17.0,4.0,7.0,14.0,11.0,8.0,11.0,0.0,99.54,99.54,,0.0,0.46,0.0,0.0,66.82,1.84,0.0,31.34,0.0,0.0,100.0,15.67,14.75,15.67,19.82,16.59,17.51,0.46,0.46,0.92,1.38,1.84,1.84,1.84,1.38,1.38,0.92,2.3,0.92,216.0,216.0,,0.0,1.0,0.0,0.0,145.0,4.0,0.0,68.0,0.0,0.0,217.0,34.0,32.0,34.0,43.0,36.0,38.0,1.0,1.0,2.0,3.0,4.0,4.0,4.0,3.0,3.0,2.0,5.0,2.0,99.54,100.0,100.0,100.0,97.67,100.0,100.0,99.34,100.0,100.0,100.0,100.0,100.0,100.0,100.0,100.0,100.0,100.0,100.0,100.0
3551405,0.0,53.07,46.93,100.0,1.12,0.0,1.68,0.56,0.0,0.56,0.0,0.56,2.79,2.23,3.35,2.79,2.79,3.91,8.38,11.17,10.06,6.15,8.38,13.41,11.17,7.82,2.79,0.0,0.0,1.12,0.0,0.0,0.0,21.23,16.76,14.53,12.85,16.2,12.29,6.15,0.0,0.0,95.0,84.0,179.0,2.0,0.0,3.0,1.0,0.0,1.0,0.0,1.0,5.0,4.0,6.0,5.0,5.0,7.0,15.0,20.0,18.0,11.0,15.0,24.0,20.0,14.0,5.0,0.0,0.0,2.0,0.0,0.0,0.0,38.0,30.0,26.0,23.0,29.0,22.0,11.0,0.0,99.85,99.85,,0.0,0.15,0.0,0.0,61.48,3.93,0.15,34.44,0.0,0.0,100.0,15.41,15.11,17.98,17.37,18.13,16.01,1.96,1.36,2.11,0.6,0.6,1.36,1.36,1.36,0.91,1.21,1.06,1.51,661.0,661.0,,0.0,1.0,0.0,0.0,407.0,26.0,1.0,228.0,0.0,0.0,662.0,102.0,100.0,119.0,115.0,120.0,106.0,13.0,9.0,14.0,4.0,4.0,9.0,9.0,9.0,6.0,8.0,7.0,10.0,99.85,99.02,100.0,100.0,100.0,100.0,100.0,100.0,92.31,100.0,100.0,100.0,100.0,100.0,100.0,100.0,100.0,100.0,100.0,100.0
3551504,0.0,54.1,45.9,100.0,1.33,0.12,1.45,0.12,0.12,0.36,0.48,1.69,1.69,1.81,2.29,3.49,3.98,6.63,8.67,11.33,11.33,9.88,10.0,11.08,7.95,4.34,1.08,0.24,0.6,0.24,0.24,0.12,0.12,19.88,18.43,10.48,15.42,14.7,10.72,10.36,0.0,0.0,449.0,381.0,830.0,11.0,1.0,12.0,1.0,1.0,3.0,4.0,14.0,14.0,15.0,19.0,29.0,33.0,55.0,72.0,94.0,94.0,82.0,83.0,92.0,66.0,36.0,9.0,2.0,5.0,2.0,2.0,1.0,1.0,165.0,153.0,87.0,128.0,122.0,89.0,86.0,0.0,99.88,99.88,,0.0,0.06,0.06,0.0,52.6,5.54,0.03,41.83,0.0,0.0,100.0,14.07,15.3,16.89,18.17,16.86,18.71,0.96,0.69,1.35,1.47,1.53,1.08,1.02,1.05,1.08,1.41,1.05,1.41,3336.0,3336.0,,0.0,2.0,2.0,0.0,1757.0,185.0,1.0,1397.0,0.0,0.0,3340.0,470.0,511.0,564.0,607.0,563.0,625.0,32.0,23.0,45.0,49.0,51.0,36.0,34.0,35.0,36.0,47.0,35.0,47.0,99.88,100.0,99.8,100.0,99.67,100.0,99.84,99.87,100.0,100.0,100.0,100.0,100.0,100.0,100.0,100.0,100.0,100.0,100.0,100.0
3551603,0.0,55.01,44.99,100.0,0.15,0.0,0.29,0.15,0.15,0.15,0.88,0.88,1.03,0.88,1.18,2.51,3.69,4.72,5.9,8.55,10.77,10.18,13.86,13.42,9.0,7.82,3.39,0.74,0.0,0.0,0.0,0.15,0.0,18.29,20.35,14.75,12.24,14.01,8.85,11.5,0.0,0.0,373.0,305.0,678.0,1.0,0.0,2.0,1.0,1.0,1.0,6.0,6.0,7.0,6.0,8.0,17.0,25.0,32.0,40.0,58.0,73.0,69.0,94.0,91.0,61.0,53.0,23.0,5.0,0.0,0.0,0.0,1.0,0.0,124.0,138.0,100.0,83.0,95.0,60.0,78.0,0.0,99.89,99.89,,0.0,0.11,0.0,0.0,74.09,1.83,0.06,24.03,0.0,0.0,100.0,14.78,14.73,16.78,18.27,17.77,17.66,1.0,1.88,1.5,1.11,0.94,0.89,1.33,1.05,1.5,1.22,1.22,1.16,1804.0,1804.0,,0.0,2.0,0.0,0.0,1338.0,33.0,1.0,434.0,0.0,0.0,1806.0,267.0,266.0,303.0,330.0,321.0,319.0,18.0,34.0,27.0,20.0,17.0,16.0,24.0,19.0,27.0,22.0,22.0,21.0,99.89,100.0,99.62,100.0,99.7,100.0,100.0,99.92,100.0,100.0,100.0,100.0,100.0,100.0,100.0,100.0,100.0,100.0,100.0,100.0
3551702,0.0,55.46,44.54,100.0,1.05,0.08,1.28,0.23,0.08,0.15,0.53,1.05,0.98,1.92,2.26,3.46,5.72,6.28,7.34,9.67,10.8,11.89,10.05,10.72,9.07,4.89,1.43,0.38,0.41,0.49,0.08,0.0,0.08,20.09,22.72,12.45,13.43,12.23,10.08,8.99,0.0,0.0,1474.0,1184.0,2658.0,28.0,2.0,34.0,6.0,2.0,4.0,14.0,28.0,26.0,51.0,60.0,92.0,152.0,167.0,195.0,257.0,287.0,316.0,267.0,285.0,241.0,130.0,38.0,10.0,11.0,13.0,2.0,0.0,2.0,534.0,604.0,331.0,357.0,325.0,268.0,239.0,0.0,99.86,99.86,,0.0,0.09,0.03,0.02,54.99,4.65,0.14,40.2,0.01,0.0,100.0,15.63,15.68,17.54,17.41,17.11,16.63,1.2,1.37,1.21,1.27,1.38,1.19,1.31,1.32,1.36,1.21,1.21,1.6,9057.0,9057.0,,0.0,8.0,3.0,2.0,4988.0,422.0,13.0,3646.0,1.0,0.0,9070.0,1418.0,1422.0,1591.0,1579.0,1552.0,1508.0,109.0,124.0,110.0,115.0,125.0,108.0,119.0,120.0,123.0,110.0,110.0,145.0,99.86,99.86,99.93,99.81,99.81,99.87,99.87,99.84,100.0,99.19,100.0,100.0,99.2,100.0,100.0,100.0,100.0,100.0,100.0,100.0
3551801,0.0,55.86,44.14,100.0,1.38,0.0,2.41,1.03,0.0,0.69,1.03,2.07,1.03,1.03,3.45,3.1,4.48,4.48,7.24,11.72,6.9,12.07,8.28,13.45,7.93,6.9,1.72,0.0,1.03,0.34,0.0,0.0,0.0,17.59,18.97,10.69,20.0,14.48,9.66,8.62,0.0,0.0,162.0,128.0,290.0,4.0,0.0,7.0,3.0,0.0,2.0,3.0,6.0,3.0,3.0,10.0,9.0,13.0,13.0,21.0,34.0,20.0,35.0,24.0,39.0,23.0,20.0,5.0,0.0,3.0,1.0,0.0,0.0,0.0,51.0,55.0,31.0,58.0,42.0,28.0,25.0,0.0,100.0,100.0,,0.0,0.0,0.0,0.0,50.87,2.81,0.29,44.19,1.84,0.0,100.0,13.86,18.12,14.83,18.99,18.12,16.09,1.07,0.48,1.36,1.07,1.26,0.87,1.45,1.07,1.26,0.87,1.45,1.65,1032.0,1032.0,,0.0,0.0,0.0,0.0,525.0,29.0,3.0,456.0,19.0,0.0,1032.0,143.0,187.0,153.0,196.0,187.0,166.0,11.0,5.0,14.0,11.0,13.0,9.0,15.0,11.0,13.0,9.0,15.0,17.0,100.0,100.0,100.0,100.0,100.0,100.0,100.0,100.0,100.0,100.0,100.0,100.0,100.0,100.0,100.0,100.0,100.0,100.0,100.0,100.0
3551900,0.0,54.41,45.59,100.0,1.52,0.0,2.13,0.61,0.0,0.3,0.3,0.91,1.22,2.13,2.13,4.86,5.17,5.78,9.42,9.42,8.81,10.64,12.16,10.64,5.78,4.26,3.34,0.61,0.91,0.61,0.0,0.0,0.0,17.63,25.23,11.55,11.55,13.68,12.46,7.9,0.0,0.0,179.0,150.0,329.0,5.0,0.0,7.0,2.0,0.0,1.0,1.0,3.0,4.0,7.0,7.0,16.0,17.0,19.0,31.0,31.0,29.0,35.0,40.0,35.0,19.0,14.0,11.0,2.0,3.0,2.0,0.0,0.0,0.0,58.0,83.0,38.0,38.0,45.0,41.0,26.0,0.0,99.91,99.91,,0.0,0.0,0.09,0.0,54.15,2.77,0.0,43.08,0.0,0.0,100.0,15.5,15.77,17.07,18.08,16.05,17.53,1.01,1.2,1.01,1.75,1.38,1.11,1.2,1.85,1.2,1.2,1.29,1.29,1083.0,1083.0,,0.0,0.0,1.0,0.0,587.0,30.0,0.0,467.0,0.0,0.0,1084.0,168.0,171.0,185.0,196.0,174.0,190.0,11.0,13.0,11.0,19.0,15.0,12.0,13.0,20.0,13.0,13.0,14.0,14.0,99.91,100.0,100.0,100.0,99.49,100.0,100.0,99.87,100.0,100.0,100.0,100.0,100.0,100.0,100.0,100.0,100.0,100.0,100.0,100.0
3552007,0.0,56.52,43.48,100.0,1.74,0.0,1.74,0.0,0.0,0.87,3.48,4.35,0.87,0.87,0.0,2.61,6.09,4.35,5.22,9.57,7.83,13.04,7.83,12.17,7.83,10.43,0.87,0.0,0.87,0.87,0.0,0.0,0.0,16.52,20.0,12.17,14.78,10.43,11.3,14.78,0.0,0.0,65.0,50.0,115.0,2.0,0.0,2.0,0.0,0.0,1.0,4.0,5.0,1.0,1.0,0.0,3.0,7.0,5.0,6.0,11.0,9.0,15.0,9.0,14.0,9.0,12.0,1.0,0.0,1.0,1.0,0.0,0.0,0.0,19.0,23.0,14.0,17.0,12.0,13.0,17.0,0.0,99.11,99.11,,0.0,0.45,0.45,0.0,70.25,2.01,0.0,27.74,0.0,0.0,100.0,14.77,17.0,15.66,18.34,16.78,17.45,1.12,0.67,0.89,1.12,1.57,1.79,1.57,1.57,1.12,1.34,0.67,1.34,443.0,443.0,,0.0,2.0,2.0,0.0,314.0,9.0,0.0,124.0,0.0,0.0,447.0,66.0,76.0,70.0,82.0,75.0,78.0,5.0,3.0,4.0,5.0,7.0,8.0,7.0,7.0,5.0,6.0,3.0,6.0,99.11,100.0,98.68,98.57,100.0,97.33,100.0,99.02,100.0,100.0,100.0,100.0,100.0,100.0,100.0,100.0,100.0,100.0,100.0,100.0
3552106,0.0,55.3,44.7,100.0,0.72,0.0,0.93,0.21,0.21,0.21,0.51,0.82,0.51,1.54,2.27,1.96,2.68,4.02,5.05,8.14,9.89,12.26,12.36,13.8,12.26,7.42,2.78,0.41,0.62,0.1,0.0,0.0,0.0,21.63,19.05,11.23,12.56,12.98,10.92,11.64,0.0,0.0,537.0,434.0,971.0,7.0,0.0,9.0,2.0,2.0,2.0,5.0,8.0,5.0,15.0,22.0,19.0,26.0,39.0,49.0,79.0,96.0,119.0,120.0,134.0,119.0,72.0,27.0,4.0,6.0,1.0,0.0,0.0,0.0,210.0,185.0,109.0,122.0,126.0,106.0,113.0,0.0,99.53,99.53,,0.0,0.3,0.13,0.04,82.46,1.19,0.21,16.09,0.04,0.0,100.0,15.75,15.2,16.86,17.28,17.07,17.83,1.06,1.23,1.53,1.53,1.57,1.74,1.15,1.02,1.06,1.32,1.53,1.02,2344.0,2344.0,,0.0,7.0,3.0,1.0,1942.0,28.0,5.0,379.0,1.0,0.0,2355.0,371.0,358.0,397.0,407.0,402.0,420.0,25.0,29.0,36.0,36.0,37.0,41.0,27.0,24.0,25.0,31.0,36.0,24.0,99.53,99.19,100.0,99.75,99.26,99.5,99.52,99.51,96.0,100.0,100.0,100.0,100.0,100.0,96.3,95.83,100.0,100.0,100.0,100.0
3552205,0.0,55.19,44.81,100.0,1.24,0.09,1.69,0.44,0.15,0.21,0.69,1.14,1.3,1.72,2.6,3.58,4.24,5.38,8.18,10.16,10.77,11.01,10.1,10.21,8.31,5.93,2.11,0.46,0.53,0.36,0.2,0.12,0.04,19.25,23.57,11.93,13.77,12.45,10.21,8.82,0.0,0.0,7587.0,6161.0,13748.0,171.0,13.0,232.0,61.0,20.0,29.0,95.0,157.0,179.0,236.0,357.0,492.0,583.0,739.0,1125.0,1397.0,1480.0,1513.0,1388.0,1403.0,1142.0,815.0,290.0,63.0,73.0,49.0,27.0,17.0,5.0,2647.0,3241.0,1640.0,1893.0,1711.0,1403.0,1213.0,0.0,99.67,99.67,,0.0,0.2,0.1,0.03,69.78,4.04,0.57,25.57,0.04,0.0,100.0,16.14,15.2,16.63,17.12,17.65,17.25,1.45,1.29,1.4,1.28,1.41,1.34,1.43,1.32,1.22,1.24,1.41,1.35,51019.0,51019.0,,0.0,104.0,53.0,13.0,35719.0,2068.0,294.0,13087.0,21.0,0.0,51189.0,8261.0,7783.0,8513.0,8765.0,9036.0,8831.0,742.0,660.0,719.0,653.0,724.0,685.0,731.0,678.0,625.0,633.0,720.0,691.0,99.67,99.37,99.72,99.6,99.75,99.76,99.8,99.73,97.3,99.24,99.44,99.39,99.45,100.0,99.59,99.12,99.68,100.0,99.72,99.71
3552304,0.0,58.57,41.43,100.0,0.71,0.71,0.71,0.0,0.71,0.0,1.43,2.14,2.86,0.71,1.43,2.14,4.29,3.57,9.29,8.57,9.29,16.43,12.14,9.29,5.0,5.71,3.57,0.0,0.0,0.71,0.0,0.0,0.0,24.29,24.29,12.14,11.43,9.29,8.57,10.0,0.0,0.0,82.0,58.0,140.0,1.0,1.0,1.0,0.0,1.0,0.0,2.0,3.0,4.0,1.0,2.0,3.0,6.0,5.0,13.0,12.0,13.0,23.0,17.0,13.0,7.0,8.0,5.0,0.0,0.0,1.0,0.0,0.0,0.0,34.0,34.0,17.0,16.0,13.0,12.0,14.0,0.0,99.42,99.42,,0.0,0.58,0.0,0.0,61.87,1.36,0.19,36.58,0.0,0.0,100.0,15.76,15.56,16.34,20.04,17.12,15.18,0.97,1.95,1.56,1.56,1.75,0.97,0.78,0.58,1.56,1.75,0.97,1.36,511.0,511.0,,0.0,3.0,0.0,0.0,318.0,7.0,1.0,188.0,0.0,0.0,514.0,81.0,80.0,84.0,103.0,88.0,78.0,5.0,10.0,8.0,8.0,9.0,5.0,4.0,3.0,8.0,9.0,5.0,7.0,99.42,97.53,98.75,100.0,100.0,100.0,100.0,100.0,100.0,100.0,100.0,100.0,100.0,100.0,100.0,100.0,100.0,88.89,100.0,85.71
3552403,0.0,56.98,43.02,100.0,1.22,0.14,1.81,0.59,0.23,0.39,1.04,1.56,1.16,1.9,3.54,3.15,4.33,6.73,8.91,10.0,11.75,11.45,9.12,9.0,6.94,4.38,2.0,0.48,0.43,0.36,0.16,0.2,0.07,19.27,22.06,11.77,13.95,13.58,10.57,8.8,0.0,0.0,2513.0,1897.0,4410.0,54.0,6.0,80.0,26.0,10.0,17.0,46.0,69.0,51.0,84.0,156.0,139.0,191.0,297.0,393.0,441.0,518.0,505.0,402.0,397.0,306.0,193.0,88.0,21.0,19.0,16.0,7.0,9.0,3.0,850.0,973.0,519.0,615.0,599.0,466.0,388.0,0.0,99.67,99.67,,0.0,0.17,0.14,0.03,57.08,5.09,0.26,37.54,0.04,0.0,100.0,14.19,14.68,17.07,17.71,17.62,18.73,1.06,1.16,1.31,1.18,1.3,1.03,1.3,1.24,1.17,1.1,1.11,1.23,20533.0,20533.0,,0.0,34.0,29.0,6.0,11759.0,1048.0,54.0,7733.0,8.0,0.0,20602.0,2923.0,3024.0,3517.0,3648.0,3631.0,3859.0,219.0,239.0,269.0,243.0,267.0,213.0,268.0,256.0,241.0,226.0,229.0,253.0,99.67,99.73,99.67,99.63,99.53,99.81,99.64,99.65,99.54,100.0,99.26,100.0,99.63,100.0,99.63,99.22,99.59,100.0,100.0,100.0
3552502,0.0,53.83,46.17,100.0,1.58,0.25,2.21,0.63,0.17,0.17,1.14,1.43,1.83,2.02,3.02,3.5,4.52,6.0,7.98,10.87,11.96,10.26,9.73,9.6,6.98,4.45,1.55,0.36,0.7,0.53,0.25,0.07,0.03,19.98,20.86,12.76,13.84,13.66,10.29,8.61,0.0,0.0,3169.0,2718.0,5887.0,93.0,15.0,130.0,37.0,10.0,10.0,67.0,84.0,108.0,119.0,178.0,206.0,266.0,353.0,470.0,640.0,704.0,604.0,573.0,565.0,411.0,262.0,91.0,21.0,41.0,31.0,15.0,4.0,2.0,1176.0,1228.0,751.0,815.0,804.0,606.0,507.0,0.0,99.73,99.73,,0.0,0.11,0.11,0.05,53.58,5.75,0.81,39.81,0.05,0.0,100.0,14.72,14.84,16.72,17.24,18.48,18.01,1.04,1.26,1.21,1.17,1.36,1.14,1.45,1.11,1.26,1.25,1.19,1.27,23673.0,23672.0,,1.0,26.0,26.0,12.0,12718.0,1365.0,192.0,9450.0,12.0,0.0,23737.0,3494.0,3522.0,3968.0,4092.0,4387.0,4274.0,247.0,299.0,287.0,277.0,322.0,271.0,345.0,264.0,300.0,297.0,283.0,302.0,99.73,99.57,99.66,99.87,99.71,99.79,99.72,99.77,99.6,99.67,100.0,99.64,99.69,100.0,100.0,99.62,99.67,98.99,99.29,98.68
3552551,0.0,59.52,40.48,100.0,2.38,0.0,2.38,0.0,1.19,0.0,0.0,0.0,0.0,1.19,1.19,3.57,5.95,3.57,8.33,10.71,10.71,9.52,15.48,5.95,8.33,7.14,2.38,2.38,2.38,0.0,0.0,0.0,0.0,23.81,13.1,15.48,16.67,11.9,10.71,8.33,0.0,0.0,50.0,34.0,84.0,2.0,0.0,2.0,0.0,1.0,0.0,0.0,0.0,0.0,1.0,1.0,3.0,5.0,3.0,7.0,9.0,9.0,8.0,13.0,5.0,7.0,6.0,2.0,2.0,2.0,0.0,0.0,0.0,0.0,20.0,11.0,13.0,14.0,10.0,9.0,7.0,0.0,100.0,100.0,,0.0,0.0,0.0,0.0,55.71,0.0,0.48,43.81,0.0,0.0,100.0,18.57,16.67,10.95,12.86,21.43,19.52,1.9,0.95,1.43,1.43,0.95,1.43,0.48,3.81,0.48,0.95,2.86,1.9,210.0,210.0,,0.0,0.0,0.0,0.0,117.0,0.0,1.0,92.0,0.0,0.0,210.0,39.0,35.0,23.0,27.0,45.0,41.0,4.0,2.0,3.0,3.0,2.0,3.0,1.0,8.0,1.0,2.0,6.0,4.0,100.0,100.0,100.0,100.0,100.0,100.0,100.0,100.0,100.0,100.0,100.0,100.0,100.0,100.0,100.0,100.0,100.0,100.0,100.0,100.0
3552601,0.0,56.8,43.2,100.0,0.34,0.0,1.02,0.68,0.0,0.0,1.02,2.72,0.0,0.68,1.7,2.04,4.42,3.4,5.78,9.52,11.9,10.2,13.27,13.95,8.84,7.14,2.04,0.34,0.34,0.0,0.0,0.0,0.0,23.81,21.43,8.16,12.93,13.95,7.48,12.24,0.0,0.0,167.0,127.0,294.0,1.0,0.0,3.0,2.0,0.0,0.0,3.0,8.0,0.0,2.0,5.0,6.0,13.0,10.0,17.0,28.0,35.0,30.0,39.0,41.0,26.0,21.0,6.0,1.0,1.0,0.0,0.0,0.0,0.0,70.0,63.0,24.0,38.0,41.0,22.0,36.0,0.0,99.52,99.52,,0.0,0.0,0.48,0.0,68.53,2.56,0.0,28.75,0.16,0.0,100.0,16.45,16.93,17.41,14.86,16.93,17.41,1.6,1.28,1.92,1.76,0.96,0.8,1.12,1.28,1.12,1.6,1.44,1.6,623.0,623.0,,0.0,0.0,3.0,0.0,429.0,16.0,0.0,180.0,1.0,0.0,626.0,103.0,106.0,109.0,93.0,106.0,109.0,10.0,8.0,12.0,11.0,6.0,5.0,7.0,8.0,7.0,10.0,9.0,10.0,99.52,100.0,100.0,99.08,98.92,99.06,100.0,99.28,100.0,100.0,100.0,100.0,100.0,100.0,100.0,100.0,100.0,100.0,100.0,100.0
3552700,0.0,61.47,38.53,100.0,1.53,0.0,1.83,0.31,0.0,0.31,0.61,3.06,0.31,1.83,2.45,3.36,3.36,4.28,6.73,7.65,10.7,11.93,11.31,11.62,10.4,5.5,2.14,0.61,1.22,0.0,0.31,0.0,0.0,18.04,25.99,12.54,11.31,12.23,11.01,8.87,0.0,0.0,201.0,126.0,327.0,5.0,0.0,6.0,1.0,0.0,1.0,2.0,10.0,1.0,6.0,8.0,11.0,11.0,14.0,22.0,25.0,35.0,39.0,37.0,38.0,34.0,18.0,7.0,2.0,4.0,0.0,1.0,0.0,0.0,59.0,85.0,41.0,37.0,40.0,36.0,29.0,0.0,99.75,99.75,,0.0,0.0,0.25,0.0,66.81,2.46,0.08,30.65,0.0,0.0,100.0,14.52,16.55,16.72,17.23,17.15,17.83,1.02,1.19,1.27,0.68,1.87,0.51,1.95,1.36,1.1,1.19,1.61,0.76,1175.0,1175.0,,0.0,0.0,3.0,0.0,787.0,29.0,1.0,361.0,0.0,0.0,1178.0,171.0,195.0,197.0,203.0,202.0,210.0,12.0,14.0,15.0,8.0,22.0,6.0,23.0,16.0,13.0,14.0,19.0,9.0,99.75,100.0,99.49,100.0,100.0,99.01,100.0,99.75,100.0,100.0,100.0,100.0,100.0,100.0,100.0,100.0,100.0,100.0,100.0,100.0
3552809,0.0,54.18,45.82,100.0,1.62,0.11,2.1,0.48,0.35,0.22,1.08,2.2,1.9,1.79,2.74,3.31,4.64,6.26,7.02,10.8,11.19,12.12,9.18,9.57,6.89,4.15,1.99,0.39,0.52,0.63,0.26,0.22,0.0,20.26,19.83,12.9,14.39,13.18,10.28,9.16,0.0,0.0,2508.0,2121.0,4629.0,75.0,5.0,97.0,22.0,16.0,10.0,50.0,102.0,88.0,83.0,127.0,153.0,215.0,290.0,325.0,500.0,518.0,561.0,425.0,443.0,319.0,192.0,92.0,18.0,24.0,29.0,12.0,10.0,0.0,938.0,918.0,597.0,666.0,610.0,476.0,424.0,0.0,99.57,99.57,,0.0,0.25,0.13,0.05,53.33,8.13,0.42,38.09,0.04,0.0,100.0,14.15,14.31,16.54,17.4,18.59,19.0,1.1,1.26,1.12,1.11,1.32,1.11,1.28,1.15,1.14,1.2,1.09,1.26,18946.0,18946.0,,0.0,47.0,24.0,10.0,10147.0,1546.0,79.0,7248.0,7.0,0.0,19027.0,2692.0,2723.0,3147.0,3311.0,3538.0,3616.0,210.0,240.0,214.0,212.0,251.0,211.0,244.0,219.0,216.0,229.0,207.0,239.0,99.57,99.0,99.56,99.68,99.64,99.69,99.75,99.69,98.57,96.67,99.07,100.0,99.6,99.05,98.36,99.09,99.07,100.0,99.03,99.58
3552908,0.0,51.85,48.15,100.0,0.62,0.0,1.23,0.62,0.0,0.62,1.23,0.62,0.62,0.62,0.62,5.56,2.47,3.7,8.02,8.02,8.64,10.49,12.35,12.35,12.96,7.41,1.85,0.62,0.62,0.0,0.0,0.0,0.0,17.9,26.54,12.96,12.96,8.64,8.64,12.35,0.0,0.0,84.0,78.0,162.0,1.0,0.0,2.0,1.0,0.0,1.0,2.0,1.0,1.0,1.0,1.0,9.0,4.0,6.0,13.0,13.0,14.0,17.0,20.0,20.0,21.0,12.0,3.0,1.0,1.0,0.0,0.0,0.0,0.0,29.0,43.0,21.0,21.0,14.0,14.0,20.0,0.0,99.79,99.79,,0.0,0.21,0.0,0.0,61.78,2.69,0.21,35.33,0.0,0.0,100.0,15.7,18.8,15.5,19.01,15.29,15.7,1.24,0.62,2.89,1.03,1.86,2.07,0.83,0.21,0.41,1.86,1.03,1.65,483.0,483.0,,0.0,1.0,0.0,0.0,299.0,13.0,1.0,171.0,0.0,0.0,484.0,76.0,91.0,75.0,92.0,74.0,76.0,6.0,3.0,14.0,5.0,9.0,10.0,4.0,1.0,2.0,9.0,5.0,8.0,99.79,100.0,100.0,98.67,100.0,100.0,100.0,99.68,100.0,100.0,100.0,100.0,100.0,100.0,100.0,100.0,100.0,100.0,100.0,100.0
3553005,0.0,55.44,44.56,100.0,0.7,0.0,0.7,0.0,0.35,0.7,0.0,2.46,0.7,2.81,2.46,4.91,4.56,5.61,6.67,9.47,7.72,10.88,9.12,13.33,10.88,5.61,0.35,0.7,0.7,0.0,0.0,0.0,0.0,22.11,20.35,12.28,10.53,10.88,10.88,12.98,0.0,0.0,158.0,127.0,285.0,2.0,0.0,2.0,0.0,1.0,2.0,0.0,7.0,2.0,8.0,7.0,14.0,13.0,16.0,19.0,27.0,22.0,31.0,26.0,38.0,31.0,16.0,1.0,2.0,2.0,0.0,0.0,0.0,0.0,63.0,58.0,35.0,30.0,31.0,31.0,37.0,0.0,99.31,99.31,,0.0,0.1,0.59,0.0,79.94,1.19,0.2,18.68,0.0,0.0,100.0,13.93,16.5,17.09,18.48,18.87,15.12,1.19,1.48,1.09,1.38,0.79,1.48,0.89,1.09,1.19,1.19,1.88,0.3,1005.0,1005.0,,0.0,1.0,6.0,0.0,809.0,12.0,2.0,189.0,0.0,0.0,1012.0,141.0,167.0,173.0,187.0,191.0,153.0,12.0,15.0,11.0,14.0,8.0,15.0,9.0,11.0,12.0,12.0,19.0,3.0,99.31,99.29,98.8,100.0,99.47,98.95,99.35,99.43,91.67,100.0,100.0,100.0,100.0,100.0,100.0,100.0,100.0,100.0,100.0,100.0
3553104,0.0,52.53,47.47,100.0,0.63,0.0,0.63,0.0,0.0,0.0,0.0,1.27,2.53,3.16,2.53,2.53,3.8,8.23,5.7,7.59,8.23,9.49,10.76,17.72,6.33,6.96,2.53,0.0,0.0,0.0,0.63,0.0,0.0,25.32,17.72,10.76,8.86,13.29,15.82,8.23,0.0,0.0,83.0,75.0,158.0,1.0,0.0,1.0,0.0,0.0,0.0,0.0,2.0,4.0,5.0,4.0,4.0,6.0,13.0,9.0,12.0,13.0,15.0,17.0,28.0,10.0,11.0,4.0,0.0,0.0,0.0,1.0,0.0,0.0,40.0,28.0,17.0,14.0,21.0,25.0,13.0,0.0,100.0,100.0,,0.0,0.0,0.0,0.0,62.28,1.99,0.0,35.73,0.0,0.0,100.0,15.88,14.39,16.63,19.6,15.88,17.62,0.74,0.99,0.5,2.73,0.5,1.74,0.74,1.24,1.49,2.48,0.5,2.23,403.0,403.0,,0.0,0.0,0.0,0.0,251.0,8.0,0.0,144.0,0.0,0.0,403.0,64.0,58.0,67.0,79.0,64.0,71.0,3.0,4.0,2.0,11.0,2.0,7.0,3.0,5.0,6.0,10.0,2.0,9.0,100.0,100.0,100.0,100.0,100.0,100.0,100.0,100.0,100.0,100.0,100.0,100.0,100.0,100.0,100.0,100.0,100.0,100.0,100.0,100.0
3553203,0.0,53.55,46.45,100.0,1.29,0.0,1.29,0.0,0.0,0.0,0.0,0.65,2.58,0.65,1.29,1.29,4.52,6.45,6.45,7.74,11.61,10.32,10.97,12.26,11.61,7.1,3.23,0.0,0.65,0.65,0.0,0.0,0.0,21.29,19.35,16.77,9.68,9.03,16.13,7.74,0.0,0.0,83.0,72.0,155.0,2.0,0.0,2.0,0.0,0.0,0.0,0.0,1.0,4.0,1.0,2.0,2.0,7.0,10.0,10.0,12.0,18.0,16.0,17.0,19.0,18.0,11.0,5.0,0.0,1.0,1.0,0.0,0.0,0.0,33.0,30.0,26.0,15.0,14.0,25.0,12.0,0.0,99.73,99.73,,0.0,0.27,0.0,0.0,76.88,2.15,0.27,20.7,0.0,0.0,100.0,12.63,15.05,16.94,16.67,19.62,19.09,1.08,1.08,1.61,0.27,2.15,1.34,0.27,1.61,1.61,0.27,0.0,1.34,371.0,371.0,,0.0,1.0,0.0,0.0,286.0,8.0,1.0,77.0,0.0,0.0,372.0,47.0,56.0,63.0,62.0,73.0,71.0,4.0,4.0,6.0,1.0,8.0,5.0,1.0,6.0,6.0,1.0,0.0,5.0,99.73,97.87,100.0,100.0,100.0,100.0,100.0,100.0,100.0,75.0,100.0,100.0,100.0,100.0,100.0,100.0,100.0,100.0,0.0,100.0
3553302,0.0,57.79,42.21,100.0,0.56,0.0,0.56,0.0,0.0,0.0,0.0,0.94,1.88,0.94,1.88,2.81,3.94,5.07,8.82,12.38,10.88,10.88,9.01,13.88,8.07,6.19,1.88,0.0,0.38,0.0,0.0,0.19,0.0,16.14,19.51,14.63,13.88,14.45,10.88,10.51,0.0,0.0,308.0,225.0,533.0,3.0,0.0,3.0,0.0,0.0,0.0,0.0,5.0,10.0,5.0,10.0,15.0,21.0,27.0,47.0,66.0,58.0,58.0,48.0,74.0,43.0,33.0,10.0,0.0,2.0,0.0,0.0,1.0,0.0,86.0,104.0,78.0,74.0,77.0,58.0,56.0,0.0,99.93,99.93,,0.0,0.0,0.07,0.0,65.65,2.64,0.0,31.71,0.0,0.0,100.0,14.13,15.89,14.74,17.04,19.68,18.53,1.15,1.56,1.49,1.08,1.35,1.15,0.54,1.15,0.88,1.49,1.01,1.28,1478.0,1478.0,,0.0,0.0,1.0,0.0,971.0,39.0,0.0,469.0,0.0,0.0,1479.0,209.0,235.0,218.0,252.0,291.0,274.0,17.0,23.0,22.0,16.0,20.0,17.0,8.0,17.0,13.0,22.0,15.0,19.0,99.93,100.0,100.0,100.0,99.6,100.0,100.0,99.9,100.0,100.0,100.0,100.0,100.0,100.0,100.0,100.0,100.0,100.0,100.0,100.0
3553401,0.0,54.27,45.73,100.0,0.79,0.16,1.11,0.32,0.16,0.16,0.47,1.11,1.9,2.06,1.42,4.75,3.96,3.8,7.28,7.91,9.18,10.6,9.97,13.29,11.08,7.28,2.06,0.32,0.47,0.32,0.0,0.0,0.0,21.04,18.2,11.55,14.4,11.87,12.82,10.13,0.0,0.0,343.0,289.0,632.0,5.0,1.0,7.0,2.0,1.0,1.0,3.0,7.0,12.0,13.0,9.0,30.0,25.0,24.0,46.0,50.0,58.0,67.0,63.0,84.0,70.0,46.0,13.0,2.0,3.0,2.0,0.0,0.0,0.0,133.0,115.0,73.0,91.0,75.0,81.0,64.0,0.0,99.58,99.58,,0.0,0.3,0.12,0.0,68.65,3.22,0.3,27.83,0.0,0.0,100.0,15.38,15.2,17.88,17.04,17.34,17.16,1.55,1.07,1.19,1.85,0.95,1.07,1.67,1.67,0.83,1.43,0.95,1.13,1671.0,1671.0,,0.0,5.0,2.0,0.0,1152.0,54.0,5.0,467.0,0.0,0.0,1678.0,258.0,255.0,300.0,286.0,291.0,288.0,26.0,18.0,20.0,31.0,16.0,18.0,28.0,28.0,14.0,24.0,16.0,19.0,99.58,99.61,99.61,99.0,99.65,100.0,99.65,99.57,96.15,100.0,100.0,100.0,100.0,100.0,100.0,100.0,100.0,100.0,100.0,100.0
3553500,0.0,54.32,45.68,100.0,1.85,0.0,2.47,0.62,0.0,0.0,0.62,1.23,1.23,1.85,4.94,2.47,4.32,3.09,6.79,7.41,9.88,17.28,10.49,14.2,5.56,4.32,1.85,0.0,0.0,0.0,1.23,0.62,0.0,25.93,24.69,13.58,11.11,6.17,8.02,10.49,0.0,0.0,88.0,74.0,162.0,3.0,0.0,4.0,1.0,0.0,0.0,1.0,2.0,2.0,3.0,8.0,4.0,7.0,5.0,11.0,12.0,16.0,28.0,17.0,23.0,9.0,7.0,3.0,0.0,0.0,0.0,2.0,1.0,0.0,42.0,40.0,22.0,18.0,10.0,13.0,17.0,0.0,99.53,99.53,,0.0,0.16,0.32,0.0,59.46,4.26,1.26,31.55,3.47,0.0,100.0,13.41,17.19,17.51,19.4,15.14,17.35,0.63,1.58,1.58,1.1,1.89,1.26,0.79,0.63,0.95,0.95,0.95,1.1,631.0,631.0,,0.0,1.0,2.0,0.0,377.0,27.0,8.0,200.0,22.0,0.0,634.0,85.0,109.0,111.0,123.0,96.0,110.0,4.0,10.0,10.0,7.0,12.0,8.0,5.0,4.0,6.0,6.0,6.0,7.0,99.53,100.0,100.0,98.2,99.19,100.0,100.0,99.32,100.0,100.0,100.0,100.0,100.0,100.0,100.0,100.0,100.0,100.0,100.0,100.0
3553609,0.0,59.08,40.92,100.0,1.32,0.0,1.98,0.66,0.0,0.33,1.98,1.65,0.66,0.99,3.3,2.97,3.63,4.95,8.91,8.25,7.59,11.22,10.23,14.85,8.91,5.28,2.31,0.0,0.66,0.33,0.0,0.33,0.0,17.49,23.1,11.55,14.19,14.19,11.22,8.25,0.0,0.0,179.0,124.0,303.0,4.0,0.0,6.0,2.0,0.0,1.0,6.0,5.0,2.0,3.0,10.0,9.0,11.0,15.0,27.0,25.0,23.0,34.0,31.0,45.0,27.0,16.0,7.0,0.0,2.0,1.0,0.0,1.0,0.0,53.0,70.0,35.0,43.0,43.0,34.0,25.0,0.0,99.72,99.72,,0.0,0.28,0.0,0.0,67.84,2.26,0.0,29.9,0.0,0.0,100.0,13.12,13.68,21.02,15.23,17.63,19.32,0.99,0.85,0.42,1.83,0.71,1.69,0.71,0.85,1.27,2.12,0.71,0.99,707.0,707.0,,0.0,2.0,0.0,0.0,481.0,16.0,0.0,212.0,0.0,0.0,709.0,93.0,97.0,149.0,108.0,125.0,137.0,7.0,6.0,3.0,13.0,5.0,12.0,5.0,6.0,9.0,15.0,5.0,7.0,99.72,100.0,100.0,99.33,99.07,100.0,100.0,99.61,100.0,100.0,100.0,100.0,100.0,100.0,100.0,100.0,100.0,100.0,100.0,100.0
3553658,0.0,59.09,40.91,100.0,0.0,0.0,0.0,0.0,0.0,0.0,0.0,3.41,2.27,1.14,2.27,3.41,3.41,3.41,11.36,4.55,10.23,12.5,11.36,12.5,10.23,6.82,1.14,0.0,0.0,0.0,0.0,0.0,0.0,21.59,26.14,15.91,13.64,6.82,7.95,7.95,0.0,0.0,52.0,36.0,88.0,0.0,0.0,0.0,0.0,0.0,0.0,0.0,3.0,2.0,1.0,2.0,3.0,3.0,3.0,10.0,4.0,9.0,11.0,10.0,11.0,9.0,6.0,1.0,0.0,0.0,0.0,0.0,0.0,0.0,19.0,23.0,14.0,12.0,6.0,7.0,7.0,0.0,100.0,100.0,,0.0,0.0,0.0,0.0,68.49,2.05,0.0,29.45,0.0,0.0,100.0,10.96,13.7,19.86,21.23,19.18,15.07,0.68,0.68,1.37,1.37,0.68,0.68,0.68,1.37,0.0,1.37,1.37,0.68,146.0,146.0,,0.0,0.0,0.0,0.0,100.0,3.0,0.0,43.0,0.0,0.0,146.0,16.0,20.0,29.0,31.0,28.0,22.0,1.0,1.0,2.0,2.0,1.0,1.0,1.0,2.0,0.0,2.0,2.0,1.0,100.0,100.0,100.0,100.0,100.0,100.0,100.0,100.0,100.0,100.0,100.0,100.0,100.0,100.0,100.0,100.0,0.0,100.0,100.0,100.0
3553708,0.0,56.43,43.57,100.0,1.66,0.0,1.95,0.29,0.0,0.14,0.43,0.51,1.16,1.81,2.1,3.11,3.47,5.64,6.29,10.33,9.61,11.05,13.01,11.34,8.24,7.37,2.1,0.36,0.94,0.36,0.14,0.14,0.07,19.51,20.95,14.16,11.2,12.5,11.34,10.33,0.0,0.0,781.0,603.0,1384.0,23.0,0.0,27.0,4.0,0.0,2.0,6.0,7.0,16.0,25.0,29.0,43.0,48.0,78.0,87.0,143.0,133.0,153.0,180.0,157.0,114.0,102.0,29.0,5.0,13.0,5.0,2.0,2.0,1.0,270.0,290.0,196.0,155.0,173.0,157.0,143.0,0.0,99.64,99.64,,0.0,0.18,0.12,0.06,60.23,3.07,0.24,36.39,0.06,0.0,100.0,15.29,15.2,15.95,16.41,18.81,18.33,0.99,1.29,1.75,1.2,1.23,0.93,1.69,1.32,1.44,1.26,1.14,1.02,3310.0,3310.0,,0.0,6.0,4.0,2.0,2001.0,102.0,8.0,1209.0,2.0,0.0,3322.0,508.0,505.0,530.0,545.0,625.0,609.0,33.0,43.0,58.0,40.0,41.0,31.0,56.0,44.0,48.0,42.0,38.0,34.0,99.64,99.21,99.41,99.81,99.63,99.84,99.84,99.78,96.97,100.0,100.0,100.0,97.56,100.0,98.21,100.0,100.0,97.62,100.0,100.0
3553807,0.0,61.43,38.57,100.0,0.87,0.17,1.92,1.05,0.17,0.7,0.35,1.4,1.22,0.7,2.62,4.19,3.49,6.81,8.03,11.87,10.12,12.91,9.08,9.95,9.08,3.32,1.57,0.35,0.17,0.52,0.0,0.17,0.0,20.77,24.61,8.2,12.57,15.36,8.9,9.6,0.0,0.0,352.0,221.0,573.0,5.0,1.0,11.0,6.0,1.0,4.0,2.0,8.0,7.0,4.0,15.0,24.0,20.0,39.0,46.0,68.0,58.0,74.0,52.0,57.0,52.0,19.0,9.0,2.0,1.0,3.0,0.0,1.0,0.0,119.0,141.0,47.0,72.0,88.0,51.0,55.0,0.0,99.82,99.82,,0.0,0.18,0.0,0.0,75.52,1.08,0.42,22.98,0.0,0.0,100.0,14.16,14.7,18.9,19.5,16.32,16.44,1.14,0.78,1.2,1.2,1.5,1.08,1.02,1.08,1.62,1.32,1.02,1.2,1664.0,1664.0,,0.0,3.0,0.0,0.0,1259.0,18.0,7.0,383.0,0.0,0.0,1667.0,236.0,245.0,315.0,325.0,272.0,274.0,19.0,13.0,20.0,20.0,25.0,18.0,17.0,18.0,27.0,22.0,17.0,20.0,99.82,99.58,100.0,99.68,100.0,100.0,99.64,99.83,100.0,92.31,100.0,100.0,100.0,100.0,100.0,100.0,100.0,100.0,100.0,100.0
3553856,0.0,53.96,46.04,100.0,1.44,0.0,3.6,2.16,0.0,0.0,0.0,1.44,2.16,2.88,1.44,5.76,7.19,7.91,8.63,8.63,9.35,3.6,13.67,6.47,11.51,5.04,0.0,0.72,0.0,0.0,0.72,0.72,0.0,20.86,23.02,7.19,13.67,17.99,5.04,12.23,0.0,0.0,75.0,64.0,139.0,2.0,0.0,5.0,3.0,0.0,0.0,0.0,2.0,3.0,4.0,2.0,8.0,10.0,11.0,12.0,12.0,13.0,5.0,19.0,9.0,16.0,7.0,0.0,1.0,0.0,0.0,1.0,1.0,0.0,29.0,32.0,10.0,19.0,25.0,7.0,17.0,0.0,100.0,100.0,,0.0,0.0,0.0,0.0,73.92,1.28,0.32,24.48,0.0,0.0,100.0,14.08,17.6,18.08,18.24,17.28,14.72,1.44,0.96,1.6,1.12,1.44,0.64,0.64,0.8,1.44,2.08,0.64,1.28,625.0,625.0,,0.0,0.0,0.0,0.0,462.0,8.0,2.0,153.0,0.0,0.0,625.0,88.0,110.0,113.0,114.0,108.0,92.0,9.0,6.0,10.0,7.0,9.0,4.0,4.0,5.0,9.0,13.0,4.0,8.0,100.0,100.0,100.0,100.0,100.0,100.0,100.0,100.0,100.0,100.0,100.0,100.0,100.0,100.0,100.0,100.0,100.0,100.0,100.0,100.0
3553906,0.0,58.72,41.28,100.0,1.16,0.0,2.33,1.16,0.0,0.0,0.0,1.16,0.58,1.16,2.33,2.33,2.33,4.07,5.81,12.79,11.05,8.72,11.63,15.7,6.98,7.56,2.33,1.16,0.0,0.0,0.58,0.58,0.0,20.93,16.86,18.02,15.12,10.47,9.88,8.72,0.0,0.0,101.0,71.0,172.0,2.0,0.0,4.0,2.0,0.0,0.0,0.0,2.0,1.0,2.0,4.0,4.0,4.0,7.0,10.0,22.0,19.0,15.0,20.0,27.0,12.0,13.0,4.0,2.0,0.0,0.0,1.0,1.0,0.0,36.0,29.0,31.0,26.0,18.0,17.0,15.0,0.0,100.0,100.0,,0.0,0.0,0.0,0.0,56.33,3.59,0.84,39.24,0.0,0.0,100.0,15.4,15.61,15.19,21.73,16.46,15.61,1.05,0.84,1.05,0.63,1.69,1.69,1.69,1.69,0.84,1.27,0.63,2.32,474.0,474.0,,0.0,0.0,0.0,0.0,267.0,17.0,4.0,186.0,0.0,0.0,474.0,73.0,74.0,72.0,103.0,78.0,74.0,5.0,4.0,5.0,3.0,8.0,8.0,8.0,8.0,4.0,6.0,3.0,11.0,100.0,100.0,100.0,100.0,100.0,100.0,100.0,100.0,100.0,100.0,100.0,100.0,100.0,100.0,100.0,100.0,100.0,100.0,100.0,100.0
3553955,0.0,58.02,41.98,100.0,1.02,0.0,1.37,0.34,0.0,0.68,0.34,1.37,3.07,2.73,1.02,3.07,5.12,7.85,5.12,7.85,9.9,7.17,9.56,11.95,11.95,5.8,3.75,0.34,0.0,1.02,0.0,0.0,0.0,16.38,27.65,13.99,9.9,12.97,9.56,9.56,0.0,0.0,170.0,123.0,293.0,3.0,0.0,4.0,1.0,0.0,2.0,1.0,4.0,9.0,8.0,3.0,9.0,15.0,23.0,15.0,23.0,29.0,21.0,28.0,35.0,35.0,17.0,11.0,1.0,0.0,3.0,0.0,0.0,0.0,48.0,81.0,41.0,29.0,38.0,28.0,28.0,0.0,100.0,100.0,,0.0,0.0,0.0,0.0,67.52,1.59,0.09,30.8,0.0,0.0,100.0,15.45,14.56,16.33,17.92,16.95,18.8,1.59,1.41,1.5,1.24,1.06,1.32,1.24,0.53,1.41,1.5,1.32,1.32,1133.0,1133.0,,0.0,0.0,0.0,0.0,765.0,18.0,1.0,349.0,0.0,0.0,1133.0,175.0,165.0,185.0,203.0,192.0,213.0,18.0,16.0,17.0,14.0,12.0,15.0,14.0,6.0,16.0,17.0,15.0,15.0,100.0,100.0,100.0,100.0,100.0,100.0,100.0,100.0,100.0,100.0,100.0,100.0,100.0,100.0,100.0,100.0,100.0,100.0,100.0,100.0
3554003,0.0,55.66,44.34,100.0,1.27,0.0,1.87,0.6,0.19,0.22,0.49,1.05,1.16,1.19,2.54,3.14,4.52,5.52,7.54,9.37,10.41,13.14,10.82,10.34,8.44,5.52,2.02,0.52,0.63,0.3,0.07,0.26,0.0,20.08,24.04,12.39,13.77,11.27,9.71,8.73,0.0,0.0,1491.0,1188.0,2679.0,34.0,0.0,50.0,16.0,5.0,6.0,13.0,28.0,31.0,32.0,68.0,84.0,121.0,148.0,202.0,251.0,279.0,352.0,290.0,277.0,226.0,148.0,54.0,14.0,17.0,8.0,2.0,7.0,0.0,538.0,644.0,332.0,369.0,302.0,260.0,234.0,0.0,99.69,99.69,,0.0,0.14,0.12,0.04,75.09,2.08,0.19,22.57,0.07,0.0,100.0,16.2,14.71,16.03,17.98,17.88,17.21,1.67,1.27,1.58,1.12,1.7,1.27,1.52,1.25,1.13,1.2,1.17,1.32,9089.0,9089.0,,0.0,13.0,11.0,4.0,6846.0,190.0,17.0,2058.0,6.0,0.0,9117.0,1477.0,1341.0,1461.0,1639.0,1630.0,1569.0,152.0,116.0,144.0,102.0,155.0,116.0,139.0,114.0,103.0,109.0,107.0,120.0,99.69,99.59,99.63,99.73,99.63,99.82,99.75,99.73,100.0,100.0,100.0,100.0,100.0,99.14,97.84,100.0,100.0,99.08,100.0,99.17
3554102,0.0,56.71,43.29,100.0,0.91,0.08,1.35,0.44,0.13,0.22,1.32,1.5,1.83,1.36,2.04,2.73,3.43,5.11,7.27,9.15,10.2,11.81,10.83,11.97,8.49,6.57,2.12,0.5,0.41,0.25,0.08,0.14,0.03,20.23,22.22,11.64,13.13,13.37,10.17,9.24,0.0,0.0,3619.0,2763.0,6382.0,58.0,5.0,86.0,28.0,8.0,14.0,84.0,96.0,117.0,87.0,130.0,174.0,219.0,326.0,464.0,584.0,651.0,754.0,691.0,764.0,542.0,419.0,135.0,32.0,26.0,16.0,5.0,9.0,2.0,1291.0,1418.0,743.0,838.0,853.0,649.0,590.0,0.0,99.67,99.67,,0.0,0.19,0.09,0.05,73.53,2.75,0.39,23.28,0.05,0.0,100.0,14.46,15.12,16.41,17.96,18.5,17.55,1.14,1.35,1.5,1.31,1.28,1.05,1.04,1.19,1.09,1.21,1.17,1.15,20897.0,20897.0,,0.0,39.0,19.0,11.0,15417.0,576.0,82.0,4881.0,10.0,0.0,20966.0,3032.0,3170.0,3441.0,3765.0,3878.0,3680.0,238.0,282.0,314.0,274.0,268.0,220.0,217.0,250.0,229.0,253.0,245.0,242.0,99.67,99.47,99.81,99.51,99.73,99.77,99.7,99.68,98.74,98.94,99.68,100.0,98.88,100.0,99.54,100.0,100.0,99.21,100.0,98.76
3554201,0.0,58.16,41.84,100.0,1.02,0.0,1.02,0.0,1.02,2.04,0.0,4.08,1.02,3.06,3.06,2.04,7.14,4.08,7.14,14.29,12.24,6.12,15.31,10.2,3.06,2.04,1.02,0.0,0.0,1.02,0.0,0.0,0.0,18.37,20.41,15.31,9.18,13.27,8.16,15.31,0.0,0.0,57.0,41.0,98.0,1.0,0.0,1.0,0.0,1.0,2.0,0.0,4.0,1.0,3.0,3.0,2.0,7.0,4.0,7.0,14.0,12.0,6.0,15.0,10.0,3.0,2.0,1.0,0.0,0.0,1.0,0.0,0.0,0.0,18.0,20.0,15.0,9.0,13.0,8.0,15.0,0.0,99.38,99.38,,0.0,0.0,0.62,0.0,76.0,0.62,0.0,23.38,0.0,0.0,100.0,16.62,15.38,15.69,19.08,14.15,19.08,0.92,0.62,1.23,0.92,2.15,2.77,0.62,2.15,1.54,1.54,1.23,0.92,323.0,323.0,,0.0,0.0,2.0,0.0,247.0,2.0,0.0,76.0,0.0,0.0,325.0,54.0,50.0,51.0,62.0,46.0,62.0,3.0,2.0,4.0,3.0,7.0,9.0,2.0,7.0,5.0,5.0,4.0,3.0,99.38,100.0,100.0,100.0,100.0,97.83,98.39,99.1,100.0,100.0,100.0,100.0,100.0,100.0,100.0,100.0,100.0,100.0,100.0,100.0
3554300,0.0,54.61,45.39,100.0,1.61,0.0,2.07,0.46,0.69,0.23,1.15,1.38,0.92,1.15,3.46,3.92,4.84,4.38,7.37,7.6,10.83,10.6,10.37,12.21,9.22,5.76,1.15,0.69,0.23,0.46,0.69,0.23,0.0,23.27,22.35,11.52,14.06,10.6,8.06,10.14,0.0,0.0,237.0,197.0,434.0,7.0,0.0,9.0,2.0,3.0,1.0,5.0,6.0,4.0,5.0,15.0,17.0,21.0,19.0,32.0,33.0,47.0,46.0,45.0,53.0,40.0,25.0,5.0,3.0,1.0,2.0,3.0,1.0,0.0,101.0,97.0,50.0,61.0,46.0,35.0,44.0,0.0,99.89,99.89,,0.0,0.11,0.0,0.0,54.78,2.79,0.38,42.0,0.05,0.0,100.0,16.0,14.42,15.89,17.7,17.8,18.19,1.09,1.15,1.47,1.09,1.37,1.31,1.37,1.37,1.42,1.15,1.15,2.08,1829.0,1829.0,,0.0,2.0,0.0,0.0,1003.0,51.0,7.0,769.0,1.0,0.0,1831.0,293.0,264.0,291.0,324.0,326.0,333.0,20.0,21.0,27.0,20.0,25.0,24.0,25.0,25.0,26.0,21.0,21.0,38.0,99.89,100.0,100.0,99.66,99.69,100.0,100.0,99.84,100.0,100.0,100.0,100.0,100.0,100.0,100.0,100.0,100.0,100.0,100.0,100.0
3554409,0.0,55.96,44.04,100.0,0.0,0.0,0.0,0.0,0.0,0.0,0.46,0.92,0.0,0.92,2.29,1.83,4.59,6.42,8.72,9.63,10.55,12.39,11.47,10.09,9.17,9.17,1.38,0.0,0.0,0.0,0.0,0.0,0.0,19.27,26.15,9.17,13.3,11.93,11.47,8.72,0.0,0.0,122.0,96.0,218.0,0.0,0.0,0.0,0.0,0.0,0.0,1.0,2.0,0.0,2.0,5.0,4.0,10.0,14.0,19.0,21.0,23.0,27.0,25.0,22.0,20.0,20.0,3.0,0.0,0.0,0.0,0.0,0.0,0.0,42.0,57.0,20.0,29.0,26.0,25.0,19.0,0.0,100.0,100.0,,0.0,0.0,0.0,0.0,71.01,2.96,0.0,25.84,0.2,0.0,100.0,15.38,13.21,15.98,19.13,20.91,15.38,1.78,1.18,1.78,0.59,0.99,1.18,1.38,1.38,1.18,0.99,1.38,1.58,507.0,507.0,,0.0,0.0,0.0,0.0,360.0,15.0,0.0,131.0,1.0,0.0,507.0,78.0,67.0,81.0,97.0,106.0,78.0,9.0,6.0,9.0,3.0,5.0,6.0,7.0,7.0,6.0,5.0,7.0,8.0,100.0,100.0,100.0,100.0,100.0,100.0,100.0,100.0,100.0,100.0,100.0,100.0,100.0,100.0,100.0,100.0,100.0,100.0,100.0,100.0
3554508,0.0,55.16,44.84,100.0,1.35,0.15,1.64,0.3,0.0,0.45,0.45,0.9,1.05,1.35,1.79,2.54,5.08,4.19,7.62,8.97,11.36,9.27,9.42,11.81,11.36,7.17,3.29,0.15,0.75,0.45,0.15,0.0,0.0,19.43,20.33,14.05,15.99,9.27,9.72,11.21,0.0,0.0,369.0,300.0,669.0,9.0,1.0,11.0,2.0,0.0,3.0,3.0,6.0,7.0,9.0,12.0,17.0,34.0,28.0,51.0,60.0,76.0,62.0,63.0,79.0,76.0,48.0,22.0,1.0,5.0,3.0,1.0,0.0,0.0,130.0,136.0,94.0,107.0,62.0,65.0,75.0,0.0,99.84,99.84,,0.0,0.08,0.08,0.0,67.96,4.21,0.12,27.71,0.0,0.0,100.0,15.57,13.81,16.59,18.06,17.9,18.06,1.31,1.39,1.35,1.1,1.14,1.19,1.06,1.84,1.43,1.39,1.35,1.02,2443.0,2443.0,,0.0,2.0,2.0,0.0,1663.0,103.0,3.0,678.0,0.0,0.0,2447.0,381.0,338.0,406.0,442.0,438.0,442.0,32.0,34.0,33.0,27.0,28.0,29.0,26.0,45.0,35.0,34.0,33.0,25.0,99.84,100.0,99.41,99.51,100.0,100.0,100.0,99.88,100.0,100.0,100.0,100.0,100.0,100.0,100.0,100.0,100.0,100.0,100.0,100.0
3554607,0.0,39.51,60.49,100.0,0.0,0.0,0.0,0.0,0.0,0.0,0.0,1.23,0.0,0.0,6.17,0.0,2.47,6.17,3.7,11.11,7.41,7.41,20.99,8.64,13.58,9.88,1.23,0.0,0.0,0.0,0.0,0.0,0.0,22.22,23.46,8.64,14.81,14.81,6.17,9.88,0.0,0.0,32.0,49.0,81.0,0.0,0.0,0.0,0.0,0.0,0.0,0.0,1.0,0.0,0.0,5.0,0.0,2.0,5.0,3.0,9.0,6.0,6.0,17.0,7.0,11.0,8.0,1.0,0.0,0.0,0.0,0.0,0.0,0.0,18.0,19.0,7.0,12.0,12.0,5.0,8.0,0.0,100.0,100.0,,0.0,0.0,0.0,0.0,79.41,0.0,0.0,20.59,0.0,0.0,100.0,13.24,13.97,13.97,15.44,18.38,25.0,0.0,1.47,0.74,0.0,2.21,0.0,1.47,0.74,2.21,0.74,1.47,2.21,136.0,136.0,,0.0,0.0,0.0,0.0,108.0,0.0,0.0,28.0,0.0,0.0,136.0,18.0,19.0,19.0,21.0,25.0,34.0,0.0,2.0,1.0,0.0,3.0,0.0,2.0,1.0,3.0,1.0,2.0,3.0,100.0,100.0,100.0,100.0,100.0,100.0,100.0,100.0,0.0,100.0,100.0,0.0,100.0,0.0,100.0,100.0,100.0,100.0,100.0,100.0
3554656,0.0,54.24,45.76,100.0,0.0,0.0,0.0,0.0,1.69,0.0,0.0,1.69,1.69,1.69,0.0,0.0,0.0,8.47,8.47,3.39,8.47,11.86,15.25,20.34,8.47,6.78,1.69,0.0,0.0,0.0,0.0,0.0,0.0,33.9,23.73,10.17,11.86,15.25,3.39,1.69,0.0,0.0,32.0,27.0,59.0,0.0,0.0,0.0,0.0,1.0,0.0,0.0,1.0,1.0,1.0,0.0,0.0,0.0,5.0,5.0,2.0,5.0,7.0,9.0,12.0,5.0,4.0,1.0,0.0,0.0,0.0,0.0,0.0,0.0,20.0,14.0,6.0,7.0,9.0,2.0,1.0,0.0,100.0,100.0,,0.0,0.0,0.0,0.0,78.68,4.41,0.0,16.91,0.0,0.0,100.0,13.97,16.18,14.71,19.85,19.85,15.44,1.47,2.21,0.74,0.74,0.74,0.74,0.74,2.21,2.21,0.0,1.47,0.74,136.0,136.0,,0.0,0.0,0.0,0.0,107.0,6.0,0.0,23.0,0.0,0.0,136.0,19.0,22.0,20.0,27.0,27.0,21.0,2.0,3.0,1.0,1.0,1.0,1.0,1.0,3.0,3.0,0.0,2.0,1.0,100.0,100.0,100.0,100.0,100.0,100.0,100.0,100.0,100.0,100.0,100.0,100.0,100.0,100.0,100.0,100.0,100.0,0.0,100.0,100.0
3554706,0.0,59.89,40.11,100.0,0.55,0.55,0.55,0.0,0.0,1.1,0.0,0.55,1.65,2.2,1.65,1.65,2.2,4.95,4.4,7.69,8.24,11.54,13.19,15.93,9.89,9.89,2.2,0.0,0.0,0.55,0.0,0.0,0.0,18.68,17.03,13.19,12.64,15.38,10.44,12.64,0.0,0.0,109.0,73.0,182.0,1.0,1.0,1.0,0.0,0.0,2.0,0.0,1.0,3.0,4.0,3.0,3.0,4.0,9.0,8.0,14.0,15.0,21.0,24.0,29.0,18.0,18.0,4.0,0.0,0.0,1.0,0.0,0.0,0.0,34.0,31.0,24.0,23.0,28.0,19.0,23.0,0.0,99.69,99.69,,0.0,0.31,0.0,0.0,75.88,1.69,0.0,22.43,0.0,0.0,100.0,13.52,14.29,19.05,15.51,19.51,18.13,1.23,0.77,1.23,1.54,0.92,1.84,1.23,0.46,1.23,0.61,1.23,1.23,649.0,649.0,,0.0,2.0,0.0,0.0,494.0,11.0,0.0,146.0,0.0,0.0,651.0,88.0,93.0,124.0,101.0,127.0,118.0,8.0,5.0,8.0,10.0,6.0,12.0,8.0,3.0,8.0,4.0,8.0,8.0,99.69,98.86,100.0,99.19,100.0,100.0,100.0,99.79,100.0,100.0,100.0,100.0,100.0,91.67,100.0,100.0,100.0,100.0,100.0,100.0
3554755,0.0,60.61,39.39,100.0,0.0,0.0,0.0,0.0,0.0,0.0,0.0,0.0,0.0,0.0,3.03,0.0,3.03,3.03,3.03,12.12,9.09,27.27,6.06,21.21,9.09,3.03,0.0,0.0,0.0,0.0,0.0,0.0,0.0,24.24,18.18,12.12,6.06,21.21,3.03,15.15,0.0,0.0,20.0,13.0,33.0,0.0,0.0,0.0,0.0,0.0,0.0,0.0,0.0,0.0,0.0,1.0,0.0,1.0,1.0,1.0,4.0,3.0,9.0,2.0,7.0,3.0,1.0,0.0,0.0,0.0,0.0,0.0,0.0,0.0,8.0,6.0,4.0,2.0,7.0,1.0,5.0,0.0,99.15,99.15,,0.0,0.85,0.0,0.0,60.17,3.39,0.0,36.44,0.0,0.0,100.0,12.71,18.64,16.95,14.41,18.64,18.64,0.85,0.0,1.69,0.85,0.85,2.54,0.0,0.0,3.39,0.0,0.85,1.69,117.0,117.0,,0.0,1.0,0.0,0.0,71.0,4.0,0.0,43.0,0.0,0.0,118.0,15.0,22.0,20.0,17.0,22.0,22.0,1.0,0.0,2.0,1.0,1.0,3.0,0.0,0.0,4.0,0.0,1.0,2.0,99.15,100.0,100.0,100.0,94.12,100.0,100.0,98.77,100.0,0.0,100.0,100.0,100.0,100.0,0.0,0.0,100.0,0.0,100.0,100.0
3554805,0.0,56.22,43.78,100.0,0.79,0.11,0.9,0.11,0.23,0.0,1.02,1.92,0.68,1.7,2.94,3.05,3.96,6.11,7.13,12.9,8.6,11.2,9.28,11.65,7.81,6.67,1.36,0.79,0.45,0.0,0.23,0.0,0.11,19.34,21.49,13.01,13.35,14.25,9.84,8.71,0.0,0.0,497.0,387.0,884.0,7.0,1.0,8.0,1.0,2.0,0.0,9.0,17.0,6.0,15.0,26.0,27.0,35.0,54.0,63.0,114.0,76.0,99.0,82.0,103.0,69.0,59.0,12.0,7.0,4.0,0.0,2.0,0.0,1.0,171.0,190.0,115.0,118.0,126.0,87.0,77.0,0.0,99.66,99.66,,0.0,0.19,0.16,0.0,69.82,2.86,0.59,26.73,0.0,0.0,100.0,13.97,14.31,16.21,17.98,18.51,19.01,1.09,1.03,1.31,1.49,1.31,1.28,0.9,1.24,1.09,1.0,1.12,1.12,3203.0,3203.0,,0.0,6.0,5.0,0.0,2244.0,92.0,19.0,859.0,0.0,0.0,3214.0,449.0,460.0,521.0,578.0,595.0,611.0,35.0,33.0,42.0,48.0,42.0,41.0,29.0,40.0,35.0,32.0,36.0,36.0,99.66,99.33,100.0,99.04,100.0,99.83,99.67,99.65,100.0,100.0,100.0,97.92,97.62,100.0,100.0,100.0,100.0,100.0,97.22,100.0
3554904,0.0,59.59,40.41,100.0,0.52,0.0,1.55,1.04,0.52,0.0,0.52,2.59,3.11,1.04,3.63,1.04,3.63,4.66,7.77,6.22,12.44,9.33,9.33,12.44,9.84,7.25,3.11,0.0,0.52,0.0,0.0,0.0,0.0,21.76,17.1,13.47,13.47,8.29,12.95,12.95,0.0,0.0,115.0,78.0,193.0,1.0,0.0,3.0,2.0,1.0,0.0,1.0,5.0,6.0,2.0,7.0,2.0,7.0,9.0,15.0,12.0,24.0,18.0,18.0,24.0,19.0,14.0,6.0,0.0,1.0,0.0,0.0,0.0,0.0,42.0,33.0,26.0,26.0,16.0,25.0,25.0,0.0,99.55,99.55,,0.0,0.0,0.45,0.0,63.92,2.23,0.22,33.63,0.0,0.0,100.0,15.37,13.36,20.04,17.15,17.37,16.7,1.34,1.11,1.34,2.45,0.89,1.78,0.67,1.78,1.11,1.11,1.11,0.67,447.0,447.0,,0.0,0.0,2.0,0.0,287.0,10.0,1.0,151.0,0.0,0.0,449.0,69.0,60.0,90.0,77.0,78.0,75.0,6.0,5.0,6.0,11.0,4.0,8.0,3.0,8.0,5.0,5.0,5.0,3.0,99.55,100.0,98.33,100.0,98.7,100.0,100.0,99.69,100.0,100.0,100.0,100.0,100.0,100.0,100.0,100.0,100.0,100.0,100.0,100.0
3554953,0.0,58.55,41.45,100.0,0.0,0.0,0.0,0.0,0.0,0.52,0.52,1.04,1.04,0.52,1.55,0.52,2.07,3.63,8.81,7.25,11.4,13.47,16.58,14.51,9.84,4.15,1.55,1.04,0.0,0.0,0.0,0.0,0.0,25.39,18.65,12.95,9.33,10.88,12.44,10.36,0.0,0.0,113.0,80.0,193.0,0.0,0.0,0.0,0.0,0.0,1.0,1.0,2.0,2.0,1.0,3.0,1.0,4.0,7.0,17.0,14.0,22.0,26.0,32.0,28.0,19.0,8.0,3.0,2.0,0.0,0.0,0.0,0.0,0.0,49.0,36.0,25.0,18.0,21.0,24.0,20.0,0.0,99.23,99.23,,0.0,0.26,0.51,0.0,70.33,1.02,0.51,28.13,0.0,0.0,100.0,12.28,19.44,18.93,17.39,16.88,15.09,1.53,2.56,1.53,1.02,1.28,0.77,0.26,1.02,0.51,0.26,0.77,0.77,388.0,388.0,,0.0,1.0,2.0,0.0,275.0,4.0,2.0,110.0,0.0,0.0,391.0,48.0,76.0,74.0,68.0,66.0,59.0,6.0,10.0,6.0,4.0,5.0,3.0,1.0,4.0,2.0,1.0,3.0,3.0,99.23,100.0,100.0,100.0,100.0,96.97,98.31,98.88,100.0,100.0,100.0,100.0,100.0,100.0,100.0,100.0,100.0,100.0,100.0,100.0
3555000,0.0,56.93,43.07,100.0,0.65,0.0,0.89,0.24,0.18,0.18,0.47,1.36,1.24,0.47,1.72,2.61,3.2,4.8,6.75,8.83,8.65,10.25,12.26,14.4,10.96,7.58,2.43,0.77,0.24,0.3,0.06,0.06,0.0,20.5,21.8,12.68,11.14,13.51,11.26,9.12,0.0,0.0,961.0,727.0,1688.0,11.0,0.0,15.0,4.0,3.0,3.0,8.0,23.0,21.0,8.0,29.0,44.0,54.0,81.0,114.0,149.0,146.0,173.0,207.0,243.0,185.0,128.0,41.0,13.0,4.0,5.0,1.0,1.0,0.0,346.0,368.0,214.0,188.0,228.0,190.0,154.0,0.0,99.87,99.87,,0.0,0.08,0.05,0.0,64.59,1.96,1.56,31.78,0.1,0.0,100.0,14.05,15.29,15.71,18.23,19.29,17.43,1.01,1.18,1.13,1.31,1.11,1.13,1.11,1.39,1.23,0.93,1.26,1.26,3966.0,3966.0,,0.0,3.0,2.0,0.0,2565.0,78.0,62.0,1262.0,4.0,0.0,3971.0,558.0,607.0,624.0,724.0,766.0,692.0,40.0,47.0,45.0,52.0,44.0,45.0,44.0,55.0,49.0,37.0,50.0,50.0,99.87,99.64,99.84,99.68,100.0,100.0,100.0,99.93,100.0,100.0,100.0,100.0,100.0,97.78,100.0,100.0,100.0,100.0,100.0,98.0
3555109,0.0,56.22,43.78,100.0,0.0,0.0,0.0,0.0,0.0,0.24,0.72,0.24,1.44,1.2,2.87,3.11,2.63,3.35,7.42,7.89,9.81,12.92,13.16,10.53,12.2,5.98,3.59,0.72,0.0,0.0,0.0,0.0,0.0,19.86,19.14,14.35,15.31,11.24,10.29,9.81,0.0,0.0,235.0,183.0,418.0,0.0,0.0,0.0,0.0,0.0,1.0,3.0,1.0,6.0,5.0,12.0,13.0,11.0,14.0,31.0,33.0,41.0,54.0,55.0,44.0,51.0,25.0,15.0,3.0,0.0,0.0,0.0,0.0,0.0,83.0,80.0,60.0,64.0,47.0,43.0,41.0,0.0,99.75,99.75,,0.0,0.13,0.13,0.0,75.06,1.25,0.63,23.06,0.0,0.0,100.0,14.79,17.42,15.66,16.67,17.92,17.54,1.38,1.13,2.01,1.0,1.13,2.01,0.88,1.38,0.75,0.75,1.0,1.38,796.0,796.0,,0.0,1.0,1.0,0.0,599.0,10.0,5.0,184.0,0.0,0.0,798.0,118.0,139.0,125.0,133.0,143.0,140.0,11.0,9.0,16.0,8.0,9.0,16.0,7.0,11.0,6.0,6.0,8.0,11.0,99.75,100.0,100.0,99.2,100.0,100.0,99.29,99.63,100.0,100.0,100.0,100.0,100.0,100.0,100.0,100.0,100.0,100.0,100.0,100.0
3555208,0.0,50.0,50.0,100.0,0.0,0.0,0.0,0.0,0.0,0.0,0.0,0.0,0.0,0.0,4.0,0.0,0.0,4.0,6.0,8.0,6.0,14.0,18.0,16.0,16.0,4.0,2.0,2.0,0.0,0.0,0.0,0.0,0.0,20.0,18.0,18.0,2.0,14.0,20.0,8.0,0.0,0.0,25.0,25.0,50.0,0.0,0.0,0.0,0.0,0.0,0.0,0.0,0.0,0.0,0.0,2.0,0.0,0.0,2.0,3.0,4.0,3.0,7.0,9.0,8.0,8.0,2.0,1.0,1.0,0.0,0.0,0.0,0.0,0.0,10.0,9.0,9.0,1.0,7.0,10.0,4.0,0.0,100.0,100.0,,0.0,0.0,0.0,0.0,68.52,5.56,0.0,25.93,0.0,0.0,100.0,13.89,21.3,12.96,19.44,15.74,16.67,0.0,0.0,0.93,1.85,1.85,1.85,0.93,0.93,0.93,1.85,0.93,1.85,108.0,108.0,,0.0,0.0,0.0,0.0,74.0,6.0,0.0,28.0,0.0,0.0,108.0,15.0,23.0,14.0,21.0,17.0,18.0,0.0,0.0,1.0,2.0,2.0,2.0,1.0,1.0,1.0,2.0,1.0,2.0,100.0,100.0,100.0,100.0,100.0,100.0,100.0,100.0,0.0,0.0,100.0,100.0,100.0,100.0,100.0,100.0,100.0,100.0,100.0,100.0
3555307,0.0,54.9,45.1,100.0,0.0,0.0,0.0,0.0,0.0,0.0,0.0,0.0,0.0,0.0,1.96,3.92,3.92,11.76,1.96,5.88,9.8,9.8,15.69,19.61,9.8,1.96,3.92,0.0,0.0,0.0,0.0,0.0,0.0,17.65,23.53,15.69,13.73,11.76,7.84,9.8,0.0,0.0,28.0,23.0,51.0,0.0,0.0,0.0,0.0,0.0,0.0,0.0,0.0,0.0,0.0,1.0,2.0,2.0,6.0,1.0,3.0,5.0,5.0,8.0,10.0,5.0,1.0,2.0,0.0,0.0,0.0,0.0,0.0,0.0,9.0,12.0,8.0,7.0,6.0,4.0,5.0,0.0,100.0,100.0,,0.0,0.0,0.0,0.0,87.01,1.3,0.0,11.69,0.0,0.0,100.0,15.58,16.88,22.08,10.39,20.78,14.29,1.3,0.0,1.3,1.3,2.6,1.3,2.6,0.0,2.6,0.0,1.3,1.3,77.0,77.0,,0.0,0.0,0.0,0.0,67.0,1.0,0.0,9.0,0.0,0.0,77.0,12.0,13.0,17.0,8.0,16.0,11.0,1.0,0.0,1.0,1.0,2.0,1.0,2.0,0.0,2.0,0.0,1.0,1.0,100.0,100.0,100.0,100.0,100.0,100.0,100.0,100.0,100.0,0.0,100.0,100.0,100.0,100.0,100.0,0.0,100.0,0.0,100.0,100.0
3555356,0.0,58.59,41.41,100.0,0.78,6.25,3.13,2.34,0.78,0.78,0.0,0.0,0.0,0.78,1.56,1.56,2.34,5.47,6.25,10.94,17.19,14.06,10.94,7.81,6.25,1.56,2.34,0.0,0.0,0.78,0.0,0.0,0.0,28.13,19.53,7.81,7.81,17.97,11.72,7.03,0.0,0.0,75.0,53.0,128.0,1.0,8.0,4.0,3.0,1.0,1.0,0.0,0.0,0.0,1.0,2.0,2.0,3.0,7.0,8.0,14.0,22.0,18.0,14.0,10.0,8.0,2.0,3.0,0.0,0.0,1.0,0.0,0.0,0.0,36.0,25.0,10.0,10.0,23.0,15.0,9.0,0.0,99.52,99.52,,0.0,0.0,0.48,0.0,56.8,2.63,0.0,40.57,0.0,0.0,100.0,14.08,16.23,17.42,20.53,15.75,15.99,1.19,0.48,1.91,0.48,1.91,0.72,0.95,1.19,0.95,1.91,1.19,1.19,417.0,417.0,,0.0,0.0,2.0,0.0,238.0,11.0,0.0,170.0,0.0,0.0,419.0,59.0,68.0,73.0,86.0,66.0,67.0,5.0,2.0,8.0,2.0,8.0,3.0,4.0,5.0,4.0,8.0,5.0,5.0,99.52,100.0,100.0,97.26,100.0,100.0,100.0,99.32,100.0,100.0,100.0,100.0,100.0,100.0,100.0,100.0,100.0,100.0,100.0,100.0
3555406,0.0,56.91,43.09,100.0,0.85,0.07,1.3,0.46,0.59,0.39,0.91,2.22,2.48,2.35,2.93,3.26,3.98,5.02,6.98,10.17,11.02,9.84,9.58,11.15,7.82,5.02,2.35,0.59,0.33,0.2,0.2,0.07,0.07,21.19,18.58,12.13,12.32,15.06,11.15,9.58,0.0,0.0,873.0,661.0,1534.0,13.0,1.0,20.0,7.0,9.0,6.0,14.0,34.0,38.0,36.0,45.0,50.0,61.0,77.0,107.0,156.0,169.0,151.0,147.0,171.0,120.0,77.0,36.0,9.0,5.0,3.0,3.0,1.0,1.0,325.0,285.0,186.0,189.0,231.0,171.0,147.0,0.0,99.6,99.6,,0.0,0.25,0.13,0.01,56.37,4.5,0.48,37.75,0.9,0.0,100.0,15.2,15.31,16.72,16.93,18.81,17.03,1.02,1.28,1.14,1.5,1.4,1.11,1.37,1.3,1.31,1.23,1.24,1.3,7059.0,7059.0,,0.0,18.0,9.0,1.0,3995.0,319.0,34.0,2675.0,64.0,0.0,7087.0,1077.0,1085.0,1185.0,1200.0,1333.0,1207.0,72.0,91.0,81.0,106.0,99.0,79.0,97.0,92.0,93.0,87.0,88.0,92.0,99.6,99.07,99.91,99.49,99.75,99.62,99.75,99.65,95.83,96.7,98.77,100.0,100.0,100.0,97.94,100.0,100.0,100.0,98.86,100.0
3555505,0.0,58.14,41.86,100.0,1.16,0.0,2.33,1.16,1.16,0.0,1.16,0.0,0.0,1.16,4.65,3.49,2.33,2.33,8.14,4.65,10.47,12.79,11.63,16.28,9.3,6.98,1.16,0.0,0.0,0.0,0.0,0.0,1.16,22.09,22.09,9.3,6.98,10.47,11.63,17.44,0.0,0.0,50.0,36.0,86.0,1.0,0.0,2.0,1.0,1.0,0.0,1.0,0.0,0.0,1.0,4.0,3.0,2.0,2.0,7.0,4.0,9.0,11.0,10.0,14.0,8.0,6.0,1.0,0.0,0.0,0.0,0.0,0.0,1.0,19.0,19.0,8.0,6.0,9.0,10.0,15.0,0.0,100.0,100.0,,0.0,0.0,0.0,0.0,71.3,0.9,0.0,27.8,0.0,0.0,100.0,15.25,13.9,17.49,14.13,20.4,18.83,1.79,2.02,0.9,1.57,1.35,1.57,0.45,1.79,0.9,0.45,1.35,1.12,446.0,446.0,,0.0,0.0,0.0,0.0,318.0,4.0,0.0,124.0,0.0,0.0,446.0,68.0,62.0,78.0,63.0,91.0,84.0,8.0,9.0,4.0,7.0,6.0,7.0,2.0,8.0,4.0,2.0,6.0,5.0,100.0,100.0,100.0,100.0,100.0,100.0,100.0,100.0,100.0,100.0,100.0,100.0,100.0,100.0,100.0,100.0,100.0,100.0,100.0,100.0
3555604,0.0,59.79,40.21,100.0,2.1,0.0,2.8,0.7,0.0,0.35,0.35,0.35,0.35,1.05,1.4,2.45,3.15,3.85,5.59,7.34,9.79,10.49,11.19,16.43,11.54,8.74,2.1,0.7,1.05,0.35,0.35,0.0,0.35,23.78,16.78,11.54,13.99,16.43,10.84,6.64,0.0,0.0,171.0,115.0,286.0,6.0,0.0,8.0,2.0,0.0,1.0,1.0,1.0,1.0,3.0,4.0,7.0,9.0,11.0,16.0,21.0,28.0,30.0,32.0,47.0,33.0,25.0,6.0,2.0,3.0,1.0,1.0,0.0,1.0,68.0,48.0,33.0,40.0,47.0,31.0,19.0,0.0,99.84,99.84,,0.0,0.16,0.0,0.0,67.48,2.75,0.0,29.77,0.0,0.0,100.0,16.5,13.92,17.48,15.86,17.96,18.28,0.81,1.46,2.27,1.29,1.13,1.46,1.13,1.29,0.49,1.13,1.46,2.59,617.0,617.0,,0.0,1.0,0.0,0.0,417.0,17.0,0.0,184.0,0.0,0.0,618.0,102.0,86.0,108.0,98.0,111.0,113.0,5.0,9.0,14.0,8.0,7.0,9.0,7.0,8.0,3.0,7.0,9.0,16.0,99.84,100.0,100.0,99.07,100.0,100.0,100.0,99.77,100.0,100.0,100.0,100.0,100.0,100.0,100.0,100.0,100.0,100.0,100.0,100.0
3555703,0.0,53.49,46.51,100.0,0.0,0.0,0.0,0.0,0.0,0.0,0.0,2.33,0.0,0.0,0.0,4.65,6.98,4.65,9.3,6.98,6.98,11.63,23.26,9.3,9.3,4.65,0.0,0.0,0.0,0.0,0.0,0.0,0.0,25.58,13.95,11.63,9.3,18.6,16.28,4.65,0.0,0.0,23.0,20.0,43.0,0.0,0.0,0.0,0.0,0.0,0.0,0.0,1.0,0.0,0.0,0.0,2.0,3.0,2.0,4.0,3.0,3.0,5.0,10.0,4.0,4.0,2.0,0.0,0.0,0.0,0.0,0.0,0.0,0.0,11.0,6.0,5.0,4.0,8.0,7.0,2.0,0.0,100.0,100.0,,0.0,0.0,0.0,0.0,55.7,4.03,0.67,39.6,0.0,0.0,100.0,13.42,13.42,18.79,18.12,21.48,14.77,0.0,0.67,0.67,0.0,1.34,0.0,3.36,1.34,2.01,2.01,0.0,2.01,149.0,149.0,,0.0,0.0,0.0,0.0,83.0,6.0,1.0,59.0,0.0,0.0,149.0,20.0,20.0,28.0,27.0,32.0,22.0,0.0,1.0,1.0,0.0,2.0,0.0,5.0,2.0,3.0,3.0,0.0,3.0,100.0,100.0,100.0,100.0,100.0,100.0,100.0,100.0,0.0,100.0,100.0,0.0,100.0,0.0,100.0,100.0,100.0,100.0,0.0,100.0
3555802,0.0,61.36,38.64,100.0,0.91,0.0,0.91,0.0,0.0,0.91,0.0,1.82,1.36,1.36,1.82,0.45,3.18,5.0,6.36,10.91,8.64,13.18,12.73,13.64,9.55,7.27,0.45,0.45,0.45,0.0,0.0,0.45,0.0,19.09,20.45,13.64,13.64,12.27,11.36,9.55,0.0,0.0,135.0,85.0,220.0,2.0,0.0,2.0,0.0,0.0,2.0,0.0,4.0,3.0,3.0,4.0,1.0,7.0,11.0,14.0,24.0,19.0,29.0,28.0,30.0,21.0,16.0,1.0,1.0,1.0,0.0,0.0,1.0,0.0,42.0,45.0,30.0,30.0,27.0,25.0,21.0,0.0,99.81,99.61,,0.19,0.19,0.0,0.0,70.46,1.35,0.97,27.03,0.19,0.0,100.0,16.99,13.32,16.6,17.57,18.73,16.8,0.97,1.16,1.74,1.35,1.93,2.32,1.16,1.35,0.97,2.51,0.77,0.77,517.0,516.0,,1.0,1.0,0.0,0.0,365.0,7.0,5.0,140.0,1.0,0.0,518.0,88.0,69.0,86.0,91.0,97.0,87.0,5.0,6.0,9.0,7.0,10.0,12.0,6.0,7.0,5.0,13.0,4.0,4.0,99.61,98.86,98.55,100.0,100.0,100.0,100.0,100.0,100.0,100.0,100.0,100.0,100.0,100.0,100.0,100.0,80.0,100.0,100.0,100.0
3555901,0.0,59.62,40.38,100.0,0.0,0.0,0.0,0.0,1.92,0.0,0.0,1.92,1.92,0.0,1.92,3.85,1.92,3.85,3.85,5.77,7.69,23.08,11.54,9.62,7.69,9.62,3.85,0.0,0.0,0.0,0.0,0.0,0.0,23.08,15.38,19.23,7.69,15.38,9.62,9.62,0.0,0.0,31.0,21.0,52.0,0.0,0.0,0.0,0.0,1.0,0.0,0.0,1.0,1.0,0.0,1.0,2.0,1.0,2.0,2.0,3.0,4.0,12.0,6.0,5.0,4.0,5.0,2.0,0.0,0.0,0.0,0.0,0.0,0.0,12.0,8.0,10.0,4.0,8.0,5.0,5.0,0.0,97.87,97.87,,0.0,1.06,1.06,0.0,81.91,1.06,0.0,17.02,0.0,0.0,100.0,18.09,15.96,17.02,17.02,22.34,9.57,1.06,0.0,1.06,2.13,2.13,1.06,3.19,2.13,2.13,1.06,1.06,1.06,92.0,92.0,,0.0,1.0,1.0,0.0,77.0,1.0,0.0,16.0,0.0,0.0,94.0,17.0,15.0,16.0,16.0,21.0,9.0,1.0,0.0,1.0,2.0,2.0,1.0,3.0,2.0,2.0,1.0,1.0,1.0,97.87,100.0,93.33,100.0,93.75,100.0,100.0,98.39,100.0,0.0,100.0,100.0,100.0,100.0,100.0,100.0,100.0,100.0,100.0,100.0
3556008,0.0,57.33,42.67,100.0,2.0,0.0,2.0,0.0,0.0,0.0,0.67,0.67,0.67,1.33,2.33,5.0,4.0,5.33,5.0,7.0,12.67,12.0,12.0,13.67,9.0,4.67,2.0,0.0,1.0,1.0,0.0,0.0,0.0,21.0,18.67,13.67,13.67,11.67,11.67,9.67,0.0,0.0,172.0,128.0,300.0,6.0,0.0,6.0,0.0,0.0,0.0,2.0,2.0,2.0,4.0,7.0,15.0,12.0,16.0,15.0,21.0,38.0,36.0,36.0,41.0,27.0,14.0,6.0,0.0,3.0,3.0,0.0,0.0,0.0,63.0,56.0,41.0,41.0,35.0,35.0,29.0,0.0,99.76,99.76,,0.0,0.12,0.0,0.12,72.26,1.19,0.12,26.43,0.0,0.0,100.0,15.36,14.64,15.24,18.45,17.74,18.57,0.48,1.9,1.19,1.43,1.07,0.83,1.79,1.55,1.07,1.9,0.6,1.55,838.0,838.0,,0.0,1.0,0.0,1.0,607.0,10.0,1.0,222.0,0.0,0.0,840.0,129.0,123.0,128.0,155.0,149.0,156.0,4.0,16.0,10.0,12.0,9.0,7.0,15.0,13.0,9.0,16.0,5.0,13.0,99.76,100.0,100.0,100.0,100.0,100.0,98.72,99.66,100.0,100.0,100.0,100.0,100.0,100.0,100.0,100.0,100.0,100.0,100.0,100.0
3556107,0.0,56.18,43.82,100.0,0.37,0.0,1.12,0.75,0.75,0.0,1.12,0.0,3.37,2.25,2.62,1.87,4.49,5.99,7.49,9.36,6.37,11.61,14.98,13.48,5.99,4.87,1.12,1.12,0.0,0.0,0.0,0.37,0.0,20.22,21.72,9.36,13.11,13.86,10.86,10.86,0.0,0.0,150.0,117.0,267.0,1.0,0.0,3.0,2.0,2.0,0.0,3.0,0.0,9.0,6.0,7.0,5.0,12.0,16.0,20.0,25.0,17.0,31.0,40.0,36.0,16.0,13.0,3.0,3.0,0.0,0.0,0.0,1.0,0.0,54.0,58.0,25.0,35.0,37.0,29.0,29.0,0.0,99.81,99.81,,0.0,0.19,0.0,0.0,65.73,1.6,0.09,32.58,0.0,0.0,100.0,15.91,15.82,16.29,18.36,17.42,16.2,1.32,1.41,1.13,1.6,1.88,1.13,1.22,1.41,1.41,1.41,0.94,1.04,1060.0,1060.0,,0.0,2.0,0.0,0.0,698.0,17.0,1.0,346.0,0.0,0.0,1062.0,169.0,168.0,173.0,195.0,185.0,172.0,14.0,15.0,12.0,17.0,20.0,12.0,13.0,15.0,15.0,15.0,10.0,11.0,99.81,99.41,100.0,100.0,100.0,99.46,100.0,99.86,100.0,100.0,100.0,94.12,100.0,100.0,100.0,100.0,100.0,100.0,100.0,100.0
3556206,0.0,55.96,44.04,100.0,0.96,0.0,1.27,0.32,0.14,0.09,0.68,0.73,0.96,0.91,2.14,2.91,3.87,5.05,7.05,8.01,9.55,11.87,10.69,13.24,10.51,7.69,2.27,0.36,0.5,0.18,0.14,0.09,0.05,20.56,19.7,13.01,14.01,12.37,9.96,10.37,0.0,0.0,1230.0,968.0,2198.0,21.0,0.0,28.0,7.0,3.0,2.0,15.0,16.0,21.0,20.0,47.0,64.0,85.0,111.0,155.0,176.0,210.0,261.0,235.0,291.0,231.0,169.0,50.0,8.0,11.0,4.0,3.0,2.0,1.0,452.0,433.0,286.0,308.0,272.0,219.0,228.0,0.0,99.7,99.68,,0.01,0.11,0.16,0.04,72.66,2.89,0.5,23.91,0.04,0.0,100.0,15.01,14.57,16.13,17.9,18.71,17.68,1.03,1.28,1.21,1.43,1.24,1.15,1.29,1.35,1.11,1.27,1.32,1.33,7552.0,7551.0,,1.0,8.0,12.0,3.0,5504.0,219.0,38.0,1811.0,3.0,0.0,7575.0,1137.0,1104.0,1222.0,1356.0,1417.0,1339.0,78.0,97.0,92.0,108.0,94.0,87.0,98.0,102.0,84.0,96.0,100.0,101.0,99.68,99.65,99.73,99.43,99.71,99.86,99.7,99.68,98.72,100.0,98.91,99.07,100.0,100.0,98.98,100.0,100.0,100.0,100.0,100.0
3556305,0.0,54.89,45.11,100.0,1.28,0.0,1.91,0.64,0.21,0.21,0.0,0.21,1.28,1.7,2.98,3.83,3.83,7.02,8.94,11.49,10.21,10.85,8.51,9.15,9.57,4.89,2.77,0.43,0.64,0.21,0.0,0.43,0.0,14.89,23.83,10.85,16.6,14.04,10.85,8.94,0.0,0.0,258.0,212.0,470.0,6.0,0.0,9.0,3.0,1.0,1.0,0.0,1.0,6.0,8.0,14.0,18.0,18.0,33.0,42.0,54.0,48.0,51.0,40.0,43.0,45.0,23.0,13.0,2.0,3.0,1.0,0.0,2.0,0.0,70.0,112.0,51.0,78.0,66.0,51.0,42.0,0.0,99.82,99.82,,0.0,0.06,0.12,0.0,48.12,4.18,0.3,47.4,0.0,0.0,100.0,14.33,14.69,16.24,17.13,18.69,18.93,1.01,1.19,1.25,1.61,0.96,1.01,0.84,1.13,1.37,1.13,1.43,1.37,1672.0,1672.0,,0.0,1.0,2.0,0.0,806.0,70.0,5.0,794.0,0.0,0.0,1675.0,240.0,246.0,272.0,287.0,313.0,317.0,17.0,20.0,21.0,27.0,16.0,17.0,14.0,19.0,23.0,19.0,24.0,23.0,99.82,100.0,100.0,99.63,100.0,100.0,99.37,99.75,100.0,100.0,100.0,100.0,100.0,100.0,100.0,100.0,100.0,100.0,100.0,100.0
3556354,0.0,57.21,42.79,100.0,1.0,0.5,1.99,1.0,1.0,0.0,1.99,2.49,1.49,1.0,2.99,2.99,3.98,1.0,5.97,8.46,12.44,11.94,10.45,10.95,10.95,4.48,2.49,0.5,0.0,0.5,0.5,0.0,0.0,19.9,22.39,11.44,12.44,17.41,6.97,9.45,0.0,0.0,115.0,86.0,201.0,2.0,1.0,4.0,2.0,2.0,0.0,4.0,5.0,3.0,2.0,6.0,6.0,8.0,2.0,12.0,17.0,25.0,24.0,21.0,22.0,22.0,9.0,5.0,1.0,0.0,1.0,1.0,0.0,0.0,40.0,45.0,23.0,25.0,35.0,14.0,19.0,0.0,99.52,99.52,,0.0,0.24,0.12,0.12,73.79,2.66,0.0,23.55,0.0,0.0,100.0,16.43,14.61,14.49,17.63,19.81,17.03,0.97,1.69,1.57,1.57,1.57,1.57,0.85,1.57,2.54,0.97,0.36,1.21,824.0,824.0,,0.0,2.0,1.0,1.0,611.0,22.0,0.0,195.0,0.0,0.0,828.0,136.0,121.0,120.0,146.0,164.0,141.0,8.0,14.0,13.0,13.0,13.0,13.0,7.0,13.0,21.0,8.0,3.0,10.0,99.52,100.0,99.17,99.17,100.0,98.78,100.0,99.47,100.0,100.0,100.0,100.0,100.0,100.0,100.0,100.0,100.0,100.0,100.0,100.0
3556404,0.0,55.07,44.93,100.0,1.15,0.1,1.25,0.1,0.1,0.1,0.31,1.15,0.94,2.09,3.03,4.49,3.55,5.96,6.37,10.24,9.82,11.49,12.23,10.87,8.36,4.81,2.51,0.21,0.52,0.63,0.0,0.0,0.0,22.15,21.11,12.43,11.49,14.52,9.3,8.99,0.0,0.0,527.0,430.0,957.0,11.0,1.0,12.0,1.0,1.0,1.0,3.0,11.0,9.0,20.0,29.0,43.0,34.0,57.0,61.0,98.0,94.0,110.0,117.0,104.0,80.0,46.0,24.0,2.0,5.0,6.0,0.0,0.0,0.0,212.0,202.0,119.0,110.0,139.0,89.0,86.0,0.0,99.65,99.65,,0.0,0.14,0.11,0.11,72.1,2.3,0.11,25.5,0.0,0.0,100.0,14.91,15.62,16.18,17.78,17.81,17.71,1.38,1.24,2.02,0.81,0.96,1.24,1.2,0.67,1.27,0.99,1.13,1.98,2814.0,2814.0,,0.0,4.0,3.0,3.0,2036.0,65.0,3.0,720.0,0.0,0.0,2824.0,421.0,441.0,457.0,502.0,503.0,500.0,39.0,35.0,57.0,23.0,27.0,35.0,34.0,19.0,36.0,28.0,32.0,56.0,99.65,99.29,99.55,99.34,100.0,99.8,99.8,99.75,100.0,100.0,98.25,100.0,100.0,97.14,97.06,100.0,100.0,100.0,100.0,100.0
3556453,0.0,57.23,42.77,100.0,1.63,0.12,2.33,0.7,0.23,0.23,0.47,1.28,0.7,1.86,1.98,3.38,4.78,6.64,7.34,9.79,11.66,11.19,8.39,8.97,8.62,6.64,2.91,0.47,0.35,0.82,0.12,0.35,0.0,20.98,20.98,11.42,13.52,13.99,9.67,9.44,0.0,0.0,491.0,367.0,858.0,14.0,1.0,20.0,6.0,2.0,2.0,4.0,11.0,6.0,16.0,17.0,29.0,41.0,57.0,63.0,84.0,100.0,96.0,72.0,77.0,74.0,57.0,25.0,4.0,3.0,7.0,1.0,3.0,0.0,180.0,180.0,98.0,116.0,120.0,83.0,81.0,0.0,99.48,99.48,,0.0,0.19,0.16,0.16,62.38,4.0,1.04,32.58,0.0,0.0,100.0,14.66,14.9,17.38,17.95,17.92,17.19,0.76,1.2,1.14,1.36,1.31,1.14,1.28,1.09,1.39,1.36,1.2,1.42,3652.0,3652.0,,0.0,7.0,6.0,6.0,2290.0,147.0,38.0,1196.0,0.0,0.0,3671.0,538.0,547.0,638.0,659.0,658.0,631.0,28.0,44.0,42.0,50.0,48.0,42.0,47.0,40.0,51.0,50.0,44.0,52.0,99.48,99.44,99.63,99.22,99.39,99.39,99.84,99.46,96.43,100.0,100.0,98.0,100.0,100.0,100.0,100.0,98.04,100.0,100.0,100.0
3556503,0.0,58.28,41.72,100.0,1.54,0.05,2.45,0.9,0.21,0.27,0.59,0.85,1.01,2.02,2.55,4.36,4.84,6.39,8.09,11.18,11.76,12.99,9.05,9.37,6.55,3.94,1.01,0.48,0.11,1.01,0.27,0.11,0.05,21.13,19.9,13.3,13.04,13.04,9.47,10.11,0.0,0.0,1095.0,784.0,1879.0,29.0,1.0,46.0,17.0,4.0,5.0,11.0,16.0,19.0,38.0,48.0,82.0,91.0,120.0,152.0,210.0,221.0,244.0,170.0,176.0,123.0,74.0,19.0,9.0,2.0,19.0,5.0,2.0,1.0,397.0,374.0,250.0,245.0,245.0,178.0,190.0,0.0,99.54,99.54,,0.0,0.19,0.16,0.11,58.92,4.91,0.05,35.99,0.11,0.02,100.0,13.97,14.85,17.21,18.08,18.17,17.73,0.92,1.09,1.32,1.45,1.26,1.26,1.4,1.12,1.21,0.97,1.02,0.94,8508.0,8508.0,,0.0,16.0,14.0,9.0,5036.0,420.0,4.0,3076.0,9.0,2.0,8547.0,1194.0,1269.0,1471.0,1545.0,1553.0,1515.0,79.0,93.0,113.0,124.0,108.0,108.0,120.0,96.0,103.0,83.0,87.0,80.0,99.54,99.5,99.53,99.73,99.48,99.55,99.47,99.56,98.73,100.0,99.12,99.19,100.0,99.07,99.17,100.0,100.0,100.0,100.0,98.75
3556602,0.0,60.59,39.41,100.0,0.85,0.0,1.27,0.42,0.0,0.0,0.0,1.27,0.42,2.54,2.12,2.97,2.54,6.78,4.66,6.36,7.63,11.02,14.41,11.44,11.86,10.17,2.54,0.0,0.42,0.0,0.0,0.42,0.0,21.61,26.27,10.59,10.59,13.14,9.75,8.05,0.0,0.0,143.0,93.0,236.0,2.0,0.0,3.0,1.0,0.0,0.0,0.0,3.0,1.0,6.0,5.0,7.0,6.0,16.0,11.0,15.0,18.0,26.0,34.0,27.0,28.0,24.0,6.0,0.0,1.0,0.0,0.0,1.0,0.0,51.0,62.0,25.0,25.0,31.0,23.0,19.0,0.0,99.68,99.68,,0.0,0.16,0.16,0.0,54.75,1.9,0.0,43.35,0.0,0.0,100.0,15.35,14.4,18.35,16.61,18.67,16.61,0.95,1.42,1.27,1.74,1.58,1.27,0.95,2.69,0.63,1.27,0.95,0.63,630.0,630.0,,0.0,1.0,1.0,0.0,346.0,12.0,0.0,274.0,0.0,0.0,632.0,97.0,91.0,116.0,105.0,118.0,105.0,6.0,9.0,8.0,11.0,10.0,8.0,6.0,17.0,4.0,8.0,6.0,4.0,99.68,100.0,100.0,98.28,100.0,100.0,100.0,99.55,100.0,100.0,100.0,100.0,100.0,100.0,100.0,100.0,100.0,100.0,100.0,100.0
3556701,0.0,55.63,44.37,100.0,0.87,0.0,1.19,0.32,0.16,0.08,0.55,0.71,0.71,1.43,1.98,2.69,3.17,4.99,6.02,8.24,11.17,11.49,10.54,11.41,10.54,9.11,2.85,0.95,0.71,0.08,0.08,0.0,0.0,20.68,21.47,11.65,13.0,13.15,9.9,10.14,0.0,0.0,702.0,560.0,1262.0,11.0,0.0,15.0,4.0,2.0,1.0,7.0,9.0,9.0,18.0,25.0,34.0,40.0,63.0,76.0,104.0,141.0,145.0,133.0,144.0,133.0,115.0,36.0,12.0,9.0,1.0,1.0,0.0,0.0,261.0,271.0,147.0,164.0,166.0,125.0,128.0,0.0,99.76,99.76,,0.0,0.1,0.06,0.08,68.03,3.37,0.71,27.81,0.08,0.0,100.0,14.13,14.56,16.97,18.11,18.19,18.05,1.02,1.08,1.43,1.14,1.53,1.0,1.1,0.98,1.16,1.12,1.22,1.33,4886.0,4886.0,,0.0,5.0,3.0,4.0,3332.0,165.0,35.0,1362.0,4.0,0.0,4898.0,692.0,713.0,831.0,887.0,891.0,884.0,50.0,53.0,70.0,56.0,75.0,49.0,54.0,48.0,57.0,55.0,60.0,65.0,99.76,99.86,100.0,99.64,99.77,99.78,99.55,99.69,100.0,100.0,98.57,100.0,100.0,100.0,100.0,100.0,100.0,100.0,100.0,100.0
3556800,0.0,54.26,45.74,100.0,1.7,1.22,2.19,0.49,0.49,0.24,0.49,1.7,0.97,1.46,1.46,2.68,2.92,6.08,7.54,9.25,10.71,11.44,10.22,12.41,7.79,6.57,1.46,0.73,0.49,0.24,0.49,0.0,0.49,20.92,26.28,11.68,11.19,13.38,9.49,7.06,0.0,0.0,223.0,188.0,411.0,7.0,5.0,9.0,2.0,2.0,1.0,2.0,7.0,4.0,6.0,6.0,11.0,12.0,25.0,31.0,38.0,44.0,47.0,42.0,51.0,32.0,27.0,6.0,3.0,2.0,1.0,2.0,0.0,2.0,86.0,108.0,48.0,46.0,55.0,39.0,29.0,0.0,99.84,99.84,,0.0,0.16,0.0,0.0,68.09,1.9,0.63,29.37,0.0,0.0,100.0,16.79,14.01,17.18,18.21,17.81,15.99,1.35,1.19,1.74,1.27,1.74,1.43,1.98,1.27,0.95,0.95,1.35,1.58,1261.0,1261.0,,0.0,2.0,0.0,0.0,860.0,24.0,8.0,371.0,0.0,0.0,1263.0,212.0,177.0,217.0,230.0,225.0,202.0,17.0,15.0,22.0,16.0,22.0,18.0,25.0,16.0,12.0,12.0,17.0,20.0,99.84,99.06,100.0,100.0,100.0,100.0,100.0,100.0,94.12,100.0,95.45,100.0,100.0,100.0,100.0,100.0,100.0,100.0,100.0,100.0
3556909,0.0,56.89,43.11,100.0,1.8,0.0,2.4,0.6,0.0,0.0,0.0,1.2,0.6,1.2,1.2,2.4,4.79,4.79,7.78,5.39,11.38,13.17,11.38,10.18,10.18,9.58,1.8,0.6,0.6,0.6,0.0,0.0,0.6,19.16,26.35,16.77,7.19,13.77,9.58,7.19,0.0,0.0,95.0,72.0,167.0,3.0,0.0,4.0,1.0,0.0,0.0,0.0,2.0,1.0,2.0,2.0,4.0,8.0,8.0,13.0,9.0,19.0,22.0,19.0,17.0,17.0,16.0,3.0,1.0,1.0,1.0,0.0,0.0,1.0,32.0,44.0,28.0,12.0,23.0,16.0,12.0,0.0,99.85,99.85,,0.0,0.15,0.0,0.0,52.71,3.31,0.0,43.98,0.0,0.0,100.0,17.92,15.96,14.61,18.52,15.36,17.62,1.66,1.05,1.81,1.36,1.05,1.05,0.9,1.36,2.41,2.56,0.9,1.81,663.0,663.0,,0.0,1.0,0.0,0.0,350.0,22.0,0.0,292.0,0.0,0.0,664.0,119.0,106.0,97.0,123.0,102.0,117.0,11.0,7.0,12.0,9.0,7.0,7.0,6.0,9.0,16.0,17.0,6.0,12.0,99.85,99.16,100.0,100.0,100.0,100.0,100.0,100.0,100.0,100.0,100.0,100.0,100.0,85.71,100.0,100.0,100.0,100.0,100.0,100.0
3556958,0.0,61.11,38.89,100.0,0.0,0.0,0.0,0.0,0.0,0.0,0.0,0.0,0.0,0.0,0.0,2.78,0.0,5.56,2.78,5.56,16.67,2.78,22.22,8.33,16.67,13.89,2.78,0.0,0.0,0.0,0.0,0.0,0.0,13.89,33.33,5.56,13.89,25.0,2.78,5.56,0.0,0.0,22.0,14.0,36.0,0.0,0.0,0.0,0.0,0.0,0.0,0.0,0.0,0.0,0.0,0.0,1.0,0.0,2.0,1.0,2.0,6.0,1.0,8.0,3.0,6.0,5.0,1.0,0.0,0.0,0.0,0.0,0.0,0.0,5.0,12.0,2.0,5.0,9.0,1.0,2.0,0.0,100.0,100.0,,0.0,0.0,0.0,0.0,58.33,5.56,0.0,36.11,0.0,0.0,100.0,14.81,15.74,19.44,19.44,14.81,15.74,1.85,0.0,0.0,0.0,0.93,4.63,4.63,0.0,0.0,0.0,0.93,1.85,108.0,108.0,,0.0,0.0,0.0,0.0,63.0,6.0,0.0,39.0,0.0,0.0,108.0,16.0,17.0,21.0,21.0,16.0,17.0,2.0,0.0,0.0,0.0,1.0,5.0,5.0,0.0,0.0,0.0,1.0,2.0,100.0,100.0,100.0,100.0,100.0,100.0,100.0,100.0,100.0,0.0,0.0,0.0,100.0,100.0,100.0,0.0,0.0,0.0,100.0,100.0
3557006,0.0,56.49,43.51,100.0,1.16,0.15,1.88,0.71,0.04,0.26,0.6,1.39,1.54,2.18,3.0,3.83,3.83,6.12,8.48,10.85,10.44,12.8,9.95,9.16,6.76,4.73,1.84,0.19,0.26,0.49,0.11,0.19,0.11,17.04,24.36,11.45,14.08,12.35,11.3,9.42,0.0,0.0,1505.0,1159.0,2664.0,31.0,4.0,50.0,19.0,1.0,7.0,16.0,37.0,41.0,58.0,80.0,102.0,102.0,163.0,226.0,289.0,278.0,341.0,265.0,244.0,180.0,126.0,49.0,5.0,7.0,13.0,3.0,5.0,3.0,454.0,649.0,305.0,375.0,329.0,301.0,251.0,0.0,99.77,99.77,,0.0,0.18,0.04,0.01,71.68,2.91,0.49,24.89,0.04,0.0,100.0,15.7,14.7,16.9,16.84,18.75,17.11,1.35,1.18,1.46,1.34,1.38,1.28,1.5,1.11,1.2,1.22,1.45,1.24,9409.0,9409.0,,0.0,17.0,4.0,1.0,6760.0,274.0,46.0,2347.0,4.0,0.0,9431.0,1481.0,1386.0,1594.0,1588.0,1768.0,1614.0,127.0,111.0,138.0,126.0,130.0,121.0,141.0,105.0,113.0,115.0,137.0,117.0,99.77,99.66,99.86,99.81,99.69,99.94,99.63,99.77,99.21,100.0,100.0,100.0,100.0,99.17,100.0,100.0,99.12,99.13,100.0,99.15
3557105,0.0,55.75,44.25,100.0,0.61,0.05,1.08,0.47,0.19,0.05,0.38,0.85,1.18,2.36,2.03,2.64,3.02,4.39,6.08,8.21,9.06,12.59,11.51,14.01,10.66,6.46,2.64,0.57,0.33,0.09,0.05,0.14,0.0,19.86,19.43,13.16,13.35,13.87,12.03,8.3,0.0,0.0,1182.0,938.0,2120.0,13.0,1.0,23.0,10.0,4.0,1.0,8.0,18.0,25.0,50.0,43.0,56.0,64.0,93.0,129.0,174.0,192.0,267.0,244.0,297.0,226.0,137.0,56.0,12.0,7.0,2.0,1.0,3.0,0.0,421.0,412.0,279.0,283.0,294.0,255.0,176.0,0.0,99.8,99.8,,0.0,0.13,0.06,0.02,68.0,3.45,0.5,28.02,0.03,0.0,100.0,15.54,16.47,15.81,18.05,17.55,16.59,1.35,1.37,1.24,1.41,1.4,1.11,1.33,1.27,1.21,1.13,1.43,1.29,6358.0,6358.0,,0.0,8.0,4.0,1.0,4332.0,220.0,32.0,1785.0,2.0,0.0,6371.0,990.0,1049.0,1007.0,1150.0,1118.0,1057.0,86.0,87.0,79.0,90.0,89.0,71.0,85.0,81.0,77.0,72.0,91.0,82.0,99.8,99.9,99.81,99.6,100.0,99.73,99.72,99.77,100.0,100.0,100.0,100.0,100.0,100.0,98.82,100.0,100.0,100.0,100.0,100.0
3557154,0.0,62.82,37.18,100.0,0.0,0.0,0.0,0.0,0.0,0.0,1.28,1.28,1.28,1.28,1.28,1.28,6.41,5.13,2.56,7.69,5.13,12.82,16.67,15.38,10.26,7.69,2.56,0.0,0.0,0.0,0.0,0.0,0.0,25.64,29.49,11.54,8.97,6.41,11.54,6.41,0.0,0.0,49.0,29.0,78.0,0.0,0.0,0.0,0.0,0.0,0.0,1.0,1.0,1.0,1.0,1.0,1.0,5.0,4.0,2.0,6.0,4.0,10.0,13.0,12.0,8.0,6.0,2.0,0.0,0.0,0.0,0.0,0.0,0.0,20.0,23.0,9.0,7.0,5.0,9.0,5.0,0.0,100.0,100.0,,0.0,0.0,0.0,0.0,70.69,0.57,0.0,28.74,0.0,0.0,100.0,8.62,18.97,17.82,18.39,17.82,18.39,0.0,1.15,0.0,1.15,1.15,0.57,0.57,1.72,0.57,1.15,0.0,0.57,174.0,174.0,,0.0,0.0,0.0,0.0,123.0,1.0,0.0,50.0,0.0,0.0,174.0,15.0,33.0,31.0,32.0,31.0,32.0,0.0,2.0,0.0,2.0,2.0,1.0,1.0,3.0,1.0,2.0,0.0,1.0,100.0,100.0,100.0,100.0,100.0,100.0,100.0,100.0,0.0,100.0,0.0,100.0,100.0,100.0,100.0,100.0,100.0,100.0,0.0,100.0
3557204,0.0,56.93,43.07,100.0,1.5,0.0,1.5,0.0,0.0,0.37,0.0,0.0,0.75,0.75,3.0,3.0,4.49,5.99,5.99,11.24,14.61,12.36,12.36,9.36,5.62,4.87,2.62,1.12,0.37,0.75,0.37,0.0,0.0,22.1,22.85,13.86,12.73,11.61,8.99,7.87,0.0,0.0,152.0,115.0,267.0,4.0,0.0,4.0,0.0,0.0,1.0,0.0,0.0,2.0,2.0,8.0,8.0,12.0,16.0,16.0,30.0,39.0,33.0,33.0,25.0,15.0,13.0,7.0,3.0,1.0,2.0,1.0,0.0,0.0,59.0,61.0,37.0,34.0,31.0,24.0,21.0,0.0,99.89,99.89,,0.0,0.0,0.11,0.0,67.42,3.03,0.11,29.44,0.0,0.0,100.0,16.18,15.96,15.06,16.52,16.97,19.33,1.12,1.12,1.01,1.35,1.57,1.57,1.12,1.57,1.24,1.69,1.24,1.57,889.0,889.0,,0.0,0.0,1.0,0.0,600.0,27.0,1.0,262.0,0.0,0.0,890.0,144.0,142.0,134.0,147.0,151.0,172.0,10.0,10.0,9.0,12.0,14.0,14.0,10.0,14.0,11.0,15.0,11.0,14.0,99.89,99.31,100.0,100.0,100.0,100.0,100.0,100.0,100.0,100.0,100.0,100.0,100.0,100.0,100.0,92.86,100.0,100.0,100.0,100.0
3557303,0.0,55.38,44.62,100.0,0.38,0.0,0.38,0.0,0.38,0.38,0.77,1.54,1.15,1.54,1.92,5.38,3.85,5.0,8.46,12.31,10.38,10.38,6.54,11.54,8.08,8.08,1.54,0.38,0.0,0.0,0.0,0.0,0.38,18.46,21.15,12.31,15.38,13.85,8.46,10.38,0.0,0.0,144.0,116.0,260.0,1.0,0.0,1.0,0.0,1.0,1.0,2.0,4.0,3.0,4.0,5.0,14.0,10.0,13.0,22.0,32.0,27.0,27.0,17.0,30.0,21.0,21.0,4.0,1.0,0.0,0.0,0.0,0.0,1.0,48.0,55.0,32.0,40.0,36.0,22.0,27.0,0.0,99.41,99.41,,0.0,0.23,0.0,0.35,76.23,1.64,0.12,21.9,0.12,0.0,100.0,15.69,16.28,15.22,17.21,18.85,16.74,0.82,0.94,1.64,1.29,0.94,1.64,1.52,2.11,1.29,1.05,0.94,1.52,849.0,849.0,,0.0,2.0,0.0,3.0,651.0,14.0,1.0,187.0,1.0,0.0,854.0,134.0,139.0,130.0,147.0,161.0,143.0,7.0,8.0,14.0,11.0,8.0,14.0,13.0,18.0,11.0,9.0,8.0,13.0,99.41,98.51,100.0,100.0,99.32,100.0,98.6,99.48,100.0,100.0,100.0,90.91,100.0,100.0,100.0,94.44,100.0,100.0,100.0,100.0
