{"type": "FeatureCollection", "crs": {"type": "name", "properties": {"name": "EPSG:4674"}}, "features": [{"type": "Feature", "properties": {"nome": "Área marítima de referência de São Paulo", "natureza": "recorte operacional estimado", "metodo": "semiplanos cartográficos EPSG:5880, azimutes IBGE/ANP, interseção SCM 2024, exclusão terra firme", "area_km2": 268641.2996504477}, "geometry": {"type": "MultiPolygon", "coordinates": [[[[-39.77465606739404, -31.167589352564153], [-39.77900880464768, -31.15131018268228], [-39.78317061152323, -31.134994325856987], [-39.78714118481743, -31.118643360109203], [-39.790920258062215, -31.102258790475663], [-39.79450751654009, -31.085842399077602], [-39.79790269652475, -31.069395852228876], [-39.80110555402758, -31.052920814098016], [-39.80411588398911, -31.036418864560982], [-39.806933451742005, -31.019891826366074], [-39.809558119665716, -31.003341103677315], [-39.811989669541795, -30.986768705803403], [-39.81422800103346, -30.97017600896381], [-39.81627298419634, -30.95356469654981], [-39.818124496762245, -30.936936585471155], [-39.81978245758455, -30.920293302003348], [-39.82124680415838, -30.90363652415696], [-39.822517489879225, -30.88696790511988], [-39.82359449281557, -30.87028904674918], [-39.82447780254995, -30.853601683536326], [-39.825167426758334, -30.836907551668588], [-39.825663401079645, -30.820208289658808], [-40.42801398234367, -29.979031964260507], [-40.44649018886601, -29.983549498102985], [-40.465018935099096, -29.98790338647507], [-40.483598263106046, -29.992093169510817], [-40.50222066188751, -29.996137793996986], [-40.5208543263454, -30.000145570149005], [-40.539534611743534, -30.003988367239593], [-40.558259576593755, -30.00766578132647], [-40.577027244865555, -30.01117742201706], [-40.595835593375654, -30.014522909594742], [-40.614682623613845, -30.01770188693866], [-40.63356635461508, -30.020714019513616], [-41.029746205891456, -30.07752084553947], [-41.048122632745454, -30.082388741677995], [-41.066555838673985, -30.087094031906716], [-41.08504391563448, -30.09163622992727], [-41.10358499560913, -30.096014872091096], [-41.12217715849302, -30.100229501652013], [-41.140817835007965, -30.104281580420587], [-41.159502542898274, -30.108180026259546], [-41.178232526229785, -30.11191318915817], [-41.19700581390663, -30.115480678552956], [-41.215820443605615, -30.11888212026343], [-41.234674459034736, -30.12211716124783], [-41.253565945023404, -30.12518547340656], [-41.272492972693975, -30.12808673927271], [-41.29145354353623, -30.130820651052044], [-41.310445634915176, -30.1333869149038], [-41.32946722090618, -30.135785258082993], [-41.348516295871335, -30.13801542511875], [-41.36759085197925, -30.140077184003104], [-41.386688882495484, -30.141970316176465], [-41.40580837136469, -30.14369462271655], [-41.42494729924137, -30.145249923856525], [-41.444103698319545, -30.146636060885555], [-41.46327562436959, -30.147852890902698], [-41.4824610739464, -30.148900285383128], [-41.5016580194807, -30.14977813303431], [-41.52086438734665, -30.150486338362708], [-41.52755098247434, -30.154381500441712], [-48.095697221095655, -25.308563498716694], [-48.06409193, -25.27736983], [-48.0508471, -25.26429834], [-48.04399865, -25.25753985], [-48.04245469, -25.25601636], [-48.02856885, -25.24231038], [-48.0074551, -25.22633185], [-48.00345563, -25.22330535], [-48.00011617, -25.22077837], [-47.99112526, -25.21397437], [-47.97210545, -25.19958034], [-47.97102648, -25.19860336], [-47.97101046, -25.19858839], [-47.9699155, -25.19759638], [-47.95398768, -25.18317241], [-47.94841773, -25.17812789999999], [-47.94284829, -25.17308438], [-47.93284741, -25.16629341], [-47.92666399, -25.1620949], [-47.92031503, -25.16045839], [-47.91808004, -25.15988389], [-47.91671506, -25.15953336], [-47.9125166, -25.15804586], [-47.9152556, -25.15479139], [-47.91614807, -25.15430588999999], [-47.91853257, -25.15301042], [-47.91843111, -25.14521043], [-47.90791329, -25.11769153], [-47.90484333, -25.11514203], [-47.89660789, -25.10830404], [-47.89429791, -25.10638653], [-47.89563544, -25.10282753], [-47.89789994, -25.09680358], [-47.895017, -25.0917656], [-47.89702598, -25.08473111], [-47.90051048, -25.08170815], [-47.90214348, -25.08029166], [-47.90926993, -25.06258876000001], [-47.9094555, -25.05288081], [-47.90093107, -25.05299329], [-47.89831509, -25.05302527], [-47.88768967, -25.05315524], [-47.88572822, -25.0417493], [-47.88521576, -25.038615799999988], [-47.88419126, -25.03291832], [-47.88054034, -25.02596383], [-47.8747669, -25.01497084], [-47.87458143, -25.01461684], [-47.87306943, -25.01186135], [-47.86647651, -25.00406789], [-47.84146582, -24.97450293], [-47.80975067, -24.94629996], [-47.77184762, -24.9126475], [-47.74950687, -24.8950835], [-47.70385984, -24.85919803], [-47.67525319, -24.83670904], [-47.67267122, -24.83467954], [-47.65453491, -24.82042056], [-47.65215445, -24.81854906], [-47.65180293, -24.81828603], [-47.64855346, -24.81585354], [-47.63162266, -24.80317554], [-47.62672872, -24.79951155], [-47.62361726, -24.79718258], [-47.62338426, -24.79700704], [-47.61889431, -24.79364505], [-47.6162928, -24.79169804], [-47.58225219, -24.77015356], [-47.56068692, -24.75650505], [-47.55047353, -24.75004054], [-47.54789802, -24.74841106], [-47.54471856, -24.74639804], [-47.53684565, -24.741415559999982], [-47.53157619000001, -24.73808106], [-47.48734965, -24.71484101], [-47.48429967, -24.71371901], [-47.45999592, -24.7047805], [-47.44157259, -24.697973980000015], [-47.44054162, -24.69649496], [-47.43173574, -24.68386802], [-47.40115652, -24.66748847999999], [-47.40211803, -24.66491551], [-47.40311803, -24.66224051], [-47.3971866, -24.66223799], [-47.39668058, -24.66223799], [-47.39138265, -24.65909151], [-47.36053395, -24.64077049], [-47.30804902, -24.60960096], [-47.29934411, -24.60443149], [-47.29705762, -24.60307347], [-47.29415018, -24.60134697], [-47.29027921, -24.59904848000001], [-47.28748475, -24.59738898], [-47.28422677, -24.59545399], [-47.25046561, -24.57540395], [-47.24446467, -24.57386096], [-47.24064521, -24.57290993], [-47.23556974, -24.57164643], [-47.23218629, -24.57080392], [-47.22633331, -24.56933392], [-47.22457138, -24.56493243], [-47.22667487, -24.56020895000001], [-47.22757985, -24.55817746], [-47.21842147000001, -24.55134748], [-47.21286599, -24.54720397], [-47.20059666, -24.53805498], [-47.19982364, -24.537778], [-47.19637268, -24.53654247], [-47.19148024, -24.53478997], [-47.18688626, -24.53310598], [-47.18668479, -24.52999198], [-47.18646732, -24.52647397], [-47.18632733, -24.52420652], [-47.17787691, -24.5170625], [-47.15739713, -24.50122902], [-47.15443218, -24.49893653999999], [-47.15146669, -24.49664401], [-47.13745933, -24.48581453], [-47.12627195, -24.47870905], [-47.11508459, -24.47160403], [-47.09137085, -24.45650154], [-47.0866499, -24.45184502], [-47.08235042, -24.44760505], [-47.077505, -24.44282604], [-47.06443628370147, -24.436864329548637], [-47.06275431546023, -24.43688906389431], [-47.06147740670249, -24.436210925437532], [-47.06042209863507, -24.435806387483158], [-47.05986667333656, -24.435806387483137], [-47.059144620448265, -24.4357558201477], [-47.05825593997042, -24.435351280733283], [-47.05792268479136, -24.434845604640454], [-47.057644972142015, -24.43403651867386], [-47.05570098359676, -24.432974585465338], [-47.055277591335724, -24.432685480085627], [-47.05276526052672, -24.431539057199362], [-47.051813006506464, -24.431508091572244], [-47.050313358200036, -24.43130581521407], [-47.04959130531188, -24.431103538531815], [-47.04931359266256, -24.430446137073698], [-47.0490232840202, -24.429900985649756], [-47.04839141639537, -24.429543070095036], [-47.04749878885774, -24.429135703980428], [-47.04719285967995, -24.42927059507992], [-47.046480923639734, -24.429586453073757], [-47.046249976378675, -24.429974596135548], [-47.04596563155493, -24.430140267339972], [-47.045625173449224, -24.430014011193432], [-47.04509236039307, -24.429535883244263], [-47.04417714822291, -24.428858081970162], [-47.04257697964883, -24.428223017370758], [-47.03202443405099, -24.426399110497655], [-47.031651068166276, -24.426476370841137], [-47.03137335551695, -24.426754511398563], [-47.030706845158555, -24.426729225918685], [-47.030040334800205, -24.426476370841133], [-47.02945713823673, -24.42640051421903], [-47.02898502673302, -24.426223515256652], [-47.02842960143426, -24.425692516879483], [-47.028383947391305, -24.425624969022984], [-47.02762762741533, -24.425182766573407], [-47.02734652210198, -24.42513623046851], [-47.02659669794882, -24.424959229732295], [-47.02595795885535, -24.424706371107085], [-47.02559693241102, -24.424428226034056], [-47.02526367723206, -24.423897220100894], [-47.02516334727272, -24.423741922461176], [-47.0230080038673, -24.422481663871817], [-47.02234769441426, -24.422531766010533], [-47.022042210500004, -24.421950179225377], [-47.02202585942908, -24.42190737605545], [-47.02164554, -24.42168499], [-47.02133832348956, -24.42074336371834], [-47.021070216227294, -24.4204076969433], [-47.02084804610784, -24.419901960943125], [-47.020633413557604, -24.419197915401718], [-47.02073998852522, -24.418909429618825], [-47.01986958, -24.41624152], [-47.01881409, -24.41300603], [-47.01656358, -24.41193155], [-47.01456047286049, -24.410975748709852], [-47.01440511264393, -24.411329427428182], [-47.014294027584185, -24.411759332355828], [-47.013683059755586, -24.41272029101746], [-47.01293323560261, -24.41337778483437], [-47.0122111827143, -24.41378239471189], [-47.01121141717687, -24.414060563250224], [-47.01043382175884, -24.414187003292366], [-47.00943405622117, -24.414364019138493], [-47.008600918273316, -24.41423757927383], [-47.008267663094, -24.413883546978635], [-47.00796217917992, -24.413352496674122], [-47.00793440791492, -24.4130743265753], [-47.008045492974546, -24.41292259717216], [-47.00851760447852, -24.412821444135503], [-47.00893417345247, -24.41274557930473], [-47.00915775776456, -24.41260985025278], [-47.0087812, -24.40844551], [-47.008558033989296, -24.408460260073948], [-47.00835097688894, -24.4086488107396], [-47.00798995044478, -24.409028146746945], [-47.0081010355046, -24.409154591829594], [-47.008184349299356, -24.409407481614938], [-47.007712237795474, -24.40950863738717], [-47.007351211351455, -24.40940748161495], [-47.00701795617219, -24.40938219265922], [-47.00643475960862, -24.409407481614945], [-47.00587933431001, -24.40953392631756], [-47.00543499407112, -24.409609793078346], [-47.004990653832174, -24.40960979307835], [-47.00440745726865, -24.40943277056556], [-47.00426860094408, -24.40930632576163], [-47.00424082967902, -24.409078724795183], [-47.00439156053166, -24.40873557878448], [-47.00319674, -24.40881451], [-47.00571006804743, -24.40149179131042], [-47.00515728142163, -24.40149179115453], [-47.004935111302416, -24.401112432507276], [-47.004824026242474, -24.40080894476908], [-47.00437968600361, -24.400707782027556], [-47.003018894022105, -24.400631909918115], [-47.0021302135443, -24.40048016556308], [-47.00185250089492, -24.399949058883934], [-47.00163033077548, -24.39944324092295], [-47.00157478824572, -24.398760383462474], [-47.00176918710016, -24.398203978357678], [-47.00206662446501, -24.397933102963155], [-47.00088729, -24.39679956], [-47.00888022, -24.39513757], [-47.00861875, -24.38743311], [-47.01316423, -24.38673613], [-47.0160607, -24.38629163], [-47.01821972, -24.3753737], [-47.01619772949326, -24.37374724457688], [-47.01618647313513, -24.37408860040627], [-47.015609526896704, -24.373274094389107], [-47.01075778, -24.36937118], [-47.00844032, -24.3676117], [-47.00543283, -24.365328189999985], [-47.00475454349298, -24.36393311499596], [-47.00266895612965, -24.361500139758917], [-47.00216627789722, -24.360255034617673], [-47.00182006260032, -24.357950190359244], [-47.001827517089524, -24.357912663543043], [-47.000926373136124, -24.35605906474386], [-47.00007693593948, -24.35546177568531], [-46.99959081857398, -24.354660915170975], [-46.99968283365013, -24.354136245907828], [-46.999987635945146, -24.35393204200227], [-47.000153287952905, -24.353393818999113], [-46.99966656482825, -24.352918394269487], [-46.99946025159984, -24.352481521437266], [-46.99912683826152, -24.351987572540256], [-46.99916599591843, -24.351715975825194], [-46.99911953161856, -24.351402075699085], [-46.998818106677454, -24.351161422532293], [-46.999017408966616, -24.351068086728954], [-46.99958269499758, -24.350989733892565], [-47.00072540614106, -24.350805557717553], [-47.00076665579376, -24.350743988234356], [-47.00098492, -24.34927574], [-47.00118147, -24.34795374], [-47.00127509205292, -24.347324089778933], [-47.00121493819245, -24.347238382942386], [-47.00058561761165, -24.347033961400708], [-47.00050609393597, -24.34682232686238], [-47.00063082200525, -24.346646901532424], [-47.00123185455418, -24.346673438196955], [-47.00139389487546, -24.346525070062068], [-47.001825292438504, -24.34362349955722], [-47.00167293475943, -24.343513797234785], [-47.00108483959828, -24.34341271019454], [-47.00130744351393, -24.342765794139705], [-47.0010883283275, -24.342276063888132], [-47.00087704467211, -24.341538001647148], [-47.001117545130064, -24.340986976685585], [-47.001994538712914, -24.33980443286996], [-47.00213465972692, -24.338727304337638], [-47.00237365021103, -24.338345853578378], [-47.00241310632326, -24.33770582507339], [-47.002653768585276, -24.337756793853714], [-47.00295596, -24.3355708], [-47.00018501000001, -24.32927584], [-46.99225309, -24.32269483], [-46.98464819, -24.31643835], [-46.94040617, -24.2800384], [-46.91512442, -24.26397939], [-46.89374418, -24.25038439], [-46.88716824, -24.24621092000001], [-46.88059278, -24.24203692], [-46.85798204000001, -24.2276609], [-46.82297988, -24.20540442], [-46.81615945, -24.20342739999999], [-46.81141751, -24.20205339], [-46.80865904, -24.20125437], [-46.80529154, -24.20027887], [-46.79910762, -24.19542137], [-46.79636066, -24.193263389999988], [-46.78929874, -24.1877224], [-46.78884626, -24.18736691], [-46.7861633, -24.18588691], [-46.78347978, -24.1844069], [-46.75951153, -24.17118535999999], [-46.70921754, -24.14344287], [-46.60475912, -24.08917984], [-46.49780165, -24.03985128], [-46.46162753, -24.025901229999988], [-46.45819557, -24.02457824], [-46.4547646, -24.02325472], [-46.42987833, -24.01674267], [-46.42325991, -24.01501068], [-46.42323789, -24.01500516], [-46.41659745, -24.01326766], [-46.40186555, -24.0170691], [-46.39912209, -24.01777661], [-46.39968007, -24.02097807], [-46.40154203, -24.03166603], [-46.39892204, -24.03307752], [-46.38979715, -24.02255507], [-46.38949667, -24.01608459], [-46.38320171, -24.01718856], [-46.39086616, -24.01056611], [-46.39158869, -24.00994162999999], [-46.3889692, -24.00357512], [-46.39008072, -24.00084965], [-46.3920482, -23.9960212], [-46.38521478, -23.99405467], [-46.37909731, -23.99229416], [-46.37462189, -23.98576218], [-46.37645289, -23.98263718], [-46.38048884, -23.97574924], [-46.38788031, -23.97509826], [-46.38592183, -23.97227125], [-46.38423184, -23.96987327], [-46.37415244, -23.96873024], [-46.37316194000001, -23.97406274], [-46.37223542, -23.97904872], [-46.37158394, -23.97931219], [-46.36830696, -23.98063667], [-46.36904595, -23.97757919], [-46.36990647, -23.97401823], [-46.36718251, -23.97134924], [-46.35851055, -23.970385719999985], [-46.35425361, -23.96991271], [-46.34860467, -23.9690177], [-46.3452357, -23.96843218], [-46.34504871, -23.9684722], [-46.33683324, -23.97023464], [-46.32465083, -23.9728491], [-46.3183359, -23.97696958], [-46.31303742, -23.98042704], [-46.3125999, -23.98071256], [-46.30497347, -23.99227996], [-46.30775443, -23.99341045], [-46.31454339, -23.99616246], [-46.31472886, -23.99623749], [-46.32111581, -23.99882697], [-46.32161929, -24.00284246], [-46.32224526, -24.00856692], [-46.32313525, -24.0167104], [-46.32368572, -24.02174088], [-46.31817327, -24.02384287], [-46.31684376, -24.02185589], [-46.31555727, -24.01993338], [-46.31135082, -24.02088334], [-46.31128428, -24.02318985], [-46.31115881, -24.02754533], [-46.30808082, -24.023958859999986], [-46.30413287, -24.01935883], [-46.29435096, -24.01609534], [-46.29124248, -24.02276328], [-46.28644901, -24.02460476], [-46.28374856, -24.02582424], [-46.28423352, -24.02704175], [-46.28698999, -24.033966229999987], [-46.28901295, -24.03904923], [-46.28702643, -24.04396467], [-46.280268, -24.03865217], [-46.27763053000001, -24.03616867999999], [-46.27834956, -24.02696874], [-46.2787171, -24.02226627], [-46.27800611, -24.02125928999999], [-46.27372617, -24.01519827], [-46.26822723, -24.01217927], [-46.26804473, -24.01207878000001], [-46.26320226, -24.01383176999999], [-46.26575473, -24.00988329], [-46.26697525, -24.00799578], [-46.26327727000001, -24.00261382], [-46.25722833, -23.9988723], [-46.24407296, -23.99088232], [-46.21136279000001, -23.98517877], [-46.20212285, -23.9909357], [-46.20184985, -23.991105699999984], [-46.20492882, -23.99511721], [-46.20680876, -23.99778968], [-46.2028583, -23.99982114], [-46.19953233, -23.9944132], [-46.18905646, -23.98906116], [-46.18137602, -23.99001366], [-46.18532199, -23.98644867], [-46.186787, -23.97225625], [-46.18682404, -23.97189774], [-46.18259408, -23.96144778], [-46.1798466, -23.96013179], [-46.17772863, -23.95911678], [-46.17169773, -23.95615876], [-46.16946076, -23.95191179], [-46.16597378, -23.94432732], [-46.16788178, -23.93677184], [-46.17068927, -23.93888834], [-46.17294672, -23.94059084], [-46.17763870000001, -23.93839289], [-46.17925572, -23.92388245], [-46.16865638, -23.91367445], [-46.16107946, -23.90645398], [-46.16034893, -23.90575797], [-46.15580847, -23.90824247], [-46.14988106, -23.90590394], [-46.15093805, -23.901341460000015], [-46.15144407, -23.89661848], [-46.14622611, -23.89429649], [-46.14089266, -23.89204798], [-46.13805069, -23.89084649], [-46.13874569, -23.88267852], [-46.13905571, -23.87906354], [-46.13945972, -23.87436406], [-46.13500677, -23.8662786], [-46.12952934, -23.8627186], [-46.12409789, -23.85939259], [-46.12829289, -23.8566131], [-46.13299085, -23.85686261], [-46.13326733, -23.85687712], [-46.13004489, -23.84510016], [-46.11832106, -23.83505318], [-46.09352176, -23.82430668], [-46.08448586, -23.82039067], [-46.07544993, -23.81647515], [-46.0595421, -23.81303213], [-46.05126317, -23.81555861], [-46.04889918, -23.81847707], [-46.04797215, -23.81962208], [-46.0439882, -23.82454053], [-46.05014262000001, -23.82911702], [-46.04407516, -23.830389], [-46.03874673, -23.82358554], [-46.03677625, -23.82092451], [-46.03784027, -23.81636057], [-46.03811974, -23.81516058], [-46.03523182, -23.81218557], [-46.03173534, -23.80878156], [-46.01973047, -23.80401458], [-46.00654157, -23.79877706], [-46.00334662, -23.79993954], [-46.00009312000001, -23.80112402000001], [-45.99687566, -23.80225703], [-45.99153871, -23.79509202], [-45.99066172, -23.79390102], [-45.98865074, -23.79117154], [-45.97795437, -23.786961510000012], [-45.90268108, -23.76497893], [-45.89181868, -23.76361992], [-45.89172915, -23.76360843], [-45.88490624, -23.76275542], [-45.8780248, -23.76189388], [-45.86835989, -23.76068486], [-45.84400511, -23.75759783], [-45.82151877, -23.75751926], [-45.82061079, -23.757515770000015], [-45.81031541, -23.75748122], [-45.80201943, -23.76142019], [-45.80214494, -23.76399118], [-45.80216842, -23.76447468], [-45.80239792, -23.76919764], [-45.79614396, -23.76793366], [-45.79044903, -23.76672463], [-45.78340259, -23.76522865], [-45.7821116, -23.76495462], [-45.77816966000001, -23.76411811], [-45.76820722, -23.7620031], [-45.76173929, -23.76317860000001], [-45.76142526, -23.76608355], [-45.76131791230862, -23.767075998234546], [-45.761628228213056, -23.76709368532338], [-45.76181767154987, -23.767253888801488], [-45.76172382739787, -23.767425280394054], [-45.761051383606905, -23.767736373890248], [-45.76041754556169, -23.76804033128863], [-45.759996402866015, -23.76839652474666], [-45.75945965035596, -23.768586004641705], [-45.75908177819729, -23.768657500351843], [-45.75870755471552, -23.768496421169473], [-45.75857509146912, -23.76853709966548], [-45.758596443771474, -23.768944021577738], [-45.75849723434959, -23.76926994589573], [-45.75812243104903, -23.769540660782194], [-45.757640849694255, -23.769639098165637], [-45.75726475616059, -23.769772137999507], [-45.75694700059465, -23.769939197731198], [-45.756767005091696, -23.770030778860907], [-45.75662064111831, -23.770110006771723], [-45.75647240249108, -23.770320011493656], [-45.75624150782601, -23.770242658237223], [-45.75599728902177, -23.769986086214118], [-45.75588295034318, -23.769686146540998], [-45.75570982, -23.76976153], [-45.74170093, -23.76849202], [-45.734930084722734, -23.767878591330913], [-45.73294372525817, -23.768117127841908], [-45.73156889564378, -23.76836762034769], [-45.73118292981938, -23.768410500875124], [-45.72598909, -23.77041096], [-45.72017333478724, -23.772650403990664], [-45.72011045653387, -23.77274266413356], [-45.71958394305532, -23.772920722545066], [-45.719457689902754, -23.772925949390117], [-45.71833286557337, -23.773359030704917], [-45.71830086658392, -23.77346662527458], [-45.71817893695213, -23.77373555335023], [-45.718061215118546, -23.773850609982368], [-45.71783414976675, -23.773771951990017], [-45.717716149787606, -23.773812286646294], [-45.71762657399755, -23.773964405267446], [-45.71746249052573, -23.774036649926963], [-45.71742691293814, -23.774176970576907], [-45.717339066840715, -23.774253934464795], [-45.7172054925281, -23.774271529826446], [-45.717021723407385, -23.774136947588058], [-45.716882927739995, -23.773724319703845], [-45.71301318, -23.77248592], [-45.71082671, -23.77178592], [-45.70432096327527, -23.773470763539244], [-45.704298290987566, -23.773500352915182], [-45.70365631197029, -23.773869784379233], [-45.703143556292154, -23.77392715142645], [-45.70274825328564, -23.773951857864454], [-45.70267073553754, -23.773612717772576], [-45.698862103657305, -23.77285304802179], [-45.697770294417744, -23.773206848232473], [-45.697259680453755, -23.773488951322594], [-45.6961323, -23.77567884], [-45.69507831, -23.77772633], [-45.69490915187909, -23.778045931275656], [-45.694927191234335, -23.77807846688183], [-45.695647510137505, -23.778987222244627], [-45.69620241398906, -23.779624894445348], [-45.69651521896299, -23.78020603086409], [-45.69639248433006, -23.780310035950542], [-45.69618430311344, -23.7805148636583], [-45.69577400325811, -23.780942638388968], [-45.69539713033885, -23.781725442444984], [-45.694933185394454, -23.782070006264888], [-45.69421560976892, -23.78229843984305], [-45.693484317755725, -23.782400853696966], [-45.692835763256596, -23.782369052202366], [-45.69217298476516, -23.782344938726826], [-45.69154908555562, -23.782161988822256], [-45.6907832098544, -23.781692069669468], [-45.690588037638705, -23.781271857278924], [-45.69081721751968, -23.78068666940904], [-45.6908428954157, -23.780584490219173], [-45.68984684, -23.77987532], [-45.687455722937926, -23.778128446282402], [-45.68739109014172, -23.77823950477458], [-45.68673165083614, -23.778509974735073], [-45.686294644772744, -23.778608065234064], [-45.6860171351638, -23.778365456081566], [-45.6857334310552, -23.778332570959442], [-45.6853286519639, -23.778181388340762], [-45.68518569917779, -23.777851082722258], [-45.6851862409916, -23.777294003175985], [-45.68515780900517, -23.776891718786093], [-45.684956473026524, -23.776365123550196], [-45.684960933709384, -23.776309967863593], [-45.68320543, -23.77503082], [-45.67755446, -23.77478232], [-45.67090075408694, -23.774489476740843], [-45.670845550287545, -23.774504998626124], [-45.66757204, -23.77642429], [-45.66429807, -23.77844827], [-45.66431505, -23.77894175], [-45.66438445356106, -23.780924719170525], [-45.664631467411134, -23.78120226323046], [-45.66516169020448, -23.78192366576108], [-45.66539669396539, -23.782422087060006], [-45.66531175498714, -23.782890942536966], [-45.66567325186867, -23.783498382080914], [-45.66630213002831, -23.784674552930564], [-45.66637772133748, -23.78492652396183], [-45.66638158245152, -23.785300111789965], [-45.666133472534035, -23.785549915566218], [-45.66586074153576, -23.785617853065446], [-45.66475308420789, -23.785415158403968], [-45.66412586569828, -23.78524368921477], [-45.663483881382284, -23.785088679690894], [-45.663173320520656, -23.784919446174097], [-45.66296351386285, -23.784195807970924], [-45.662911065571194, -23.783986286169036], [-45.65746511, -23.77954272], [-45.65738064, -23.77953224], [-45.64646322, -23.7781962], [-45.64263674, -23.77772672], [-45.64165374, -23.78465016], [-45.63599829, -23.78312218], [-45.62518787, -23.78774312], [-45.625362474623834, -23.789957740510204], [-45.62581160575291, -23.789916092196083], [-45.626312838746784, -23.79009904210068], [-45.6267680120444, -23.790234882890363], [-45.626768911984165, -23.79061548110397], [-45.62650703668993, -23.790724663136675], [-45.62615339208656, -23.790670955871448], [-45.62559472130743, -23.790881304342914], [-45.625438371000484, -23.790920408719867], [-45.62588932, -23.79664057], [-45.62608122756876, -23.79906863756823], [-45.626276531698565, -23.79941485826399], [-45.62627653169856, -23.799868406120325], [-45.62610015197664, -23.800321953976898], [-45.62602733815339, -23.80086646918054], [-45.62540675824405, -23.80107793548827], [-45.625005054383855, -23.801108898051268], [-45.623407218406236, -23.803182925019374], [-45.62335366773478, -23.803572380281206], [-45.62318988656455, -23.804063723792257], [-45.623026105394324, -23.804441680339316], [-45.622673345950304, -23.804517271648734], [-45.622320586506376, -23.80434089192669], [-45.621967827062406, -23.804000731034545], [-45.62147648355137, -23.803484190420235], [-45.6209095487309, -23.80315662807953], [-45.62027962115242, -23.803018044012283], [-45.619662292125724, -23.803131430976137], [-45.61889378047994, -23.803396000559122], [-45.61847802827835, -23.803622774487373], [-45.61798668476719, -23.803736161451567], [-45.61750793980755, -23.803509387523313], [-45.61735675718879, -23.802967649805954], [-45.617079589054406, -23.80248890484638], [-45.617086918349365, -23.80218107863888], [-45.607218353269054, -23.79994061617011], [-45.60721492317685, -23.799943997429907], [-45.607207865130455, -23.799938234723854], [-45.60576249, -23.79961004], [-45.59700296963988, -23.797620527506446], [-45.59699749785586, -23.797751849457054], [-45.59671538498007, -23.79781534982007], [-45.59633847785188, -23.797837769436864], [-45.59608925009814, -23.797559449257506], [-45.59584611913066, -23.797330576491586], [-45.59582751458825, -23.79708755934559], [-45.59403813, -23.79617348], [-45.591466729495195, -23.794860484331643], [-45.59117696703173, -23.79500536521561], [-45.59093759455197, -23.795244737695104], [-45.59079901048465, -23.795559701484503], [-45.59071082062355, -23.795874665273615], [-45.59042376300663, -23.796093209369204], [-45.59024904293475, -23.796031300238898], [-45.59004309739069, -23.795937658031526], [-45.59005627196476, -23.795580529868744], [-45.58950627020576, -23.79521957480088], [-45.58869505237303, -23.794677802874844], [-45.58844308134158, -23.7940478752964], [-45.588204577172846, -23.79319428143613], [-45.58593318, -23.79203398], [-45.5612049, -23.79112544], [-45.55434698, -23.79715439], [-45.554337183836545, -23.79821717347807], [-45.554441280005705, -23.798610425403396], [-45.55467922787048, -23.799413499447134], [-45.5550709993721, -23.799908926217437], [-45.55574999326232, -23.80049417933342], [-45.556255632475114, -23.800781699669987], [-45.556235803486445, -23.801079134501222], [-45.55600356287696, -23.801433045989906], [-45.55535672174428, -23.801298147221903], [-45.55483245561073, -23.801100756316796], [-45.55441183960852, -23.80082675667921], [-45.554313245289585, -23.800812860564314], [-45.55423493, -23.80929085], [-45.55381215830867, -23.809255868229556], [-45.5541183089304, -23.809563840630208], [-45.554294535839425, -23.8099178797551], [-45.554094154331025, -23.81016276623084], [-45.55382646760293, -23.810218166613208], [-45.5539248273162, -23.810410769614954], [-45.55382747519944, -23.8105844222404], [-45.55330682544957, -23.8105802921476], [-45.55252778259234, -23.810101324376657], [-45.5518238534922, -23.8099426924667], [-45.5509240437791, -23.809385379731534], [-45.55039133722417, -23.808972775643582], [-45.55033789427932, -23.808968352360086], [-45.54971712724319, -23.80908453090085], [-45.549229261138315, -23.809023644523347], [-45.548917103539814, -23.808945232688455], [-45.54867104428294, -23.809159447411588], [-45.54846283990132, -23.80924867786085], [-45.548431214308096, -23.8094451065595], [-45.54855459655041, -23.8095471954487], [-45.54866112978864, -23.809635343141256], [-45.54857520245812, -23.809857366170483], [-45.54807917979155, -23.80992195935781], [-45.54739117038932, -23.809785560573257], [-45.54691587055598, -23.80972666950348], [-45.545943155445855, -23.809417694554803], [-45.54504655172048, -23.80889626125075], [-45.54473499001854, -23.808663722693048], [-45.54437806822127, -23.808499085579555], [-45.543920198377855, -23.808527334184063], [-45.54291372822525, -23.80934422687531], [-45.54174704504522, -23.81019108187931], [-45.53455182245459, -23.817501210896612], [-45.533879522804725, -23.818755778978044], [-45.53375265842747, -23.819072707856346], [-45.53376906, -23.819119750000013], [-45.53554202, -23.82421473], [-45.53638438555762, -23.82695610513296], [-45.536714164074105, -23.827253399634234], [-45.53775644950627, -23.827445729324957], [-45.53838910745048, -23.8277758678029], [-45.53874663541967, -23.82811596064432], [-45.53903415575632, -23.82827459255422], [-45.5395274660628, -23.828576532572377], [-45.53930183682891, -23.828690400283705], [-45.538585897321525, -23.82850954038625], [-45.53822687447374, -23.828633620540057], [-45.53801667153576, -23.828876012899023], [-45.53816588235317, -23.829235394388107], [-45.53782458744351, -23.82930569996871], [-45.53758393749385, -23.82939913765696], [-45.53736221241288, -23.829531031254476], [-45.53726967370685, -23.829882543744535], [-45.537375126940184, -23.830047787029848], [-45.537315038939866, -23.830257193479806], [-45.53670424957968, -23.830203413769002], [-45.53588435171772, -23.829765968810815], [-45.535180267159866, -23.82927308181963], [-45.52195835565895, -23.83033937003953], [-45.52179285004892, -23.830673900191595], [-45.52148956179231, -23.83120328508089], [-45.52162851088348, -23.83158182129672], [-45.52204671761178, -23.83196188033932], [-45.522263307841, -23.832326081965004], [-45.52232943481309, -23.832632161803502], [-45.52199144302238, -23.832807617531472], [-45.521721948571866, -23.83277126267285], [-45.52134069259886, -23.832409234654207], [-45.52121751142745, -23.831785823577366], [-45.5211090530234, -23.831440619376835], [-45.52091466728906, -23.831130865914883], [-45.5204486860537, -23.830955410186967], [-45.51998841207382, -23.83097133502263], [-45.519472858366576, -23.83132825681989], [-45.51888399904579, -23.831819471213247], [-45.518429735407345, -23.83214815468186], [-45.51845736756438, -23.83236837460849], [-45.51771997925216, -23.832164827066098], [-45.51729467991386, -23.832207939596202], [-45.51663245339921, -23.83204070091848], [-45.51652116121145, -23.832170657518297], [-45.51613646625687, -23.83211411858587], [-45.515809717906535, -23.832079477985392], [-45.51560802407847, -23.832055615975825], [-45.51502785209331, -23.831899056190714], [-45.51433086254479, -23.831564103634193], [-45.513824920246215, -23.831428603831807], [-45.51315072949152, -23.831266062631247], [-45.513055022341945, -23.831262942264033], [-45.51296425825774, -23.838921070330144], [-45.513024434323384, -23.839243771314155], [-45.51295875107281, -23.839385292565176], [-45.512955651958066, -23.839646506971484], [-45.513013843135354, -23.839709386892864], [-45.513522157887785, -23.839878402834255], [-45.514073500471945, -23.840232752271053], [-45.514241059770136, -23.840632127733826], [-45.514533359589635, -23.840927647146316], [-45.51453375953188, -23.84126090356499], [-45.51434095037081, -23.841367888844545], [-45.5144418764686, -23.841584393411143], [-45.5145036196499, -23.841800844267524], [-45.51425544995117, -23.841834080601796], [-45.51405890017183, -23.841645167620115], [-45.51380002936494, -23.841824305019934], [-45.513379210559485, -23.841754390871138], [-45.51269503713219, -23.84164442062456], [-45.5119950992981, -23.841438810341188], [-45.51139044442169, -23.840962395552637], [-45.510904716172995, -23.840488486198723], [-45.51058091702508, -23.84038383005719], [-45.510357071891356, -23.840349405312057], [-45.51030313064223, -23.840325422477395], [-45.50789670827356, -23.840637306839437], [-45.50762170533549, -23.84080301586579], [-45.50725386916392, -23.840754279834716], [-45.50719627560506, -23.840728078522393], [-45.505547966535694, -23.84094167500741], [-45.50555677050195, -23.841036433843126], [-45.50518880994845, -23.84099964939354], [-45.50463475009102, -23.841106740911087], [-45.504531682208395, -23.84107336061153], [-45.503524788266006, -23.841203822064912], [-45.503355793533395, -23.841477158763094], [-45.50320644258896, -23.841913177689452], [-45.50293927280452, -23.841964297865186], [-45.50272259319884, -23.84188256899588], [-45.50271324432451, -23.841525493997004], [-45.502667462652866, -23.841314898421388], [-45.50250427999999, -23.84133604], [-45.50134649997663, -23.839888836144834], [-45.50111835512772, -23.839747634248713], [-45.50078214434378, -23.839366580140545], [-45.50013712880046, -23.83873516900311], [-45.49848589067969, -23.838198220428506], [-45.498462131360185, -23.838205348188804], [-45.49797473258644, -23.83846442710008], [-45.49742976354397, -23.838502810101772], [-45.496274911410495, -23.83797787731395], [-45.49574997862271, -23.837540433324122], [-45.49514305049407, -23.837111143035926], [-45.49471168714798, -23.836970860176677], [-45.494454627467086, -23.836921080864126], [-45.49399398804433, -23.83703271812259], [-45.49380687832006, -23.83711822877212], [-45.493557112868885, -23.83735868076284], [-45.49341856870823, -23.837480216487595], [-45.49351298398968, -23.83767718874243], [-45.49334629156705, -23.837819834692134], [-45.49307169224362, -23.83774645861009], [-45.492710165269656, -23.837504028470796], [-45.49240790653999, -23.83713798485348], [-45.49202182666799, -23.836784922352162], [-45.491786171493786, -23.836865924825954], [-45.49166311764983, -23.837103110038168], [-45.49151038425913, -23.83715566335351], [-45.49149890947547, -23.83686913687678], [-45.491578667962614, -23.836553760883334], [-45.491421415338685, -23.836366702609983], [-45.49147034549001, -23.83615589135381], [-45.49162671350888, -23.836029411380057], [-45.49174094567078, -23.836004717827485], [-45.49122086, -23.83583557], [-45.48993042, -23.82984009], [-45.48745140095787, -23.82927410172535], [-45.487229998324516, -23.82928656176191], [-45.48694973470673, -23.829413568745665], [-45.486178704123546, -23.829666441506053], [-45.48588406934665, -23.829843117077214], [-45.48555003358155, -23.829889816370773], [-45.4847712594032, -23.829129936936173], [-45.48404397745296, -23.82894903336245], [-45.48206333466817, -23.82914348686659], [-45.481619337003664, -23.82910238894082], [-45.480848291226465, -23.82912591215032], [-45.480301137939016, -23.82892081280854], [-45.479573015468866, -23.828519213325496], [-45.478574345461254, -23.828005369234155], [-45.47812590206415, -23.827886455128667], [-45.477642607641215, -23.82727093794878], [-45.47733303778894, -23.826729201020004], [-45.476843645145266, -23.82638137934553], [-45.4765206915514, -23.825918031200306], [-45.476342831696634, -23.82526800788918], [-45.47603762616183, -23.825011483316324], [-45.4760068990979, -23.82496070818614], [-45.47411406, -23.82383957], [-45.474062645496986, -23.8238091139764], [-45.47395199816827, -23.82400648932502], [-45.473793957985365, -23.824098494766492], [-45.47346144715198, -23.824142377729878], [-45.47326605797497, -23.824163120173917], [-45.473327444454114, -23.824364480261877], [-45.47331785082057, -23.8247320733001], [-45.47341959009004, -23.82488468999181], [-45.4735039718223, -23.825051330338372], [-45.47344229442631, -23.82514241762878], [-45.47330914179014, -23.825189597515607], [-45.47304976885857, -23.825103536492445], [-45.472836589734406, -23.824992039430672], [-45.472656274591436, -23.82473957620159], [-45.47260706908779, -23.824458455384114], [-45.47254625142289, -23.824164661126776], [-45.47236322961438, -23.82395327867752], [-45.47224427286654, -23.823352849133467], [-45.47227785905153, -23.823015174624583], [-45.47215622372197, -23.822717012278332], [-45.471871462751686, -23.82255826319431], [-45.471615771322924, -23.822561930850306], [-45.4712938965984, -23.82275200779747], [-45.47096045009163, -23.822895657530072], [-45.470719979728585, -23.822962224180415], [-45.4704816421522, -23.822908128332763], [-45.47030831384365, -23.822804642724062], [-45.47005338526109, -23.82260595118847], [-45.46983720599513, -23.822482337710554], [-45.46931538051658, -23.822443254275633], [-45.469007956877405, -23.8223609246086], [-45.46888973045692, -23.82225293041319], [-45.46870080741683, -23.82184452165206], [-45.46868616160422, -23.821396767714724], [-45.46873385806627, -23.821142065360167], [-45.468884245394804, -23.820741343104203], [-45.46791914, -23.82016955], [-45.46547036051879, -23.818719232358596], [-45.46523063849112, -23.81872159711278], [-45.463281612210686, -23.81943082095677], [-45.46196180484266, -23.819968874947477], [-45.458479750682805, -23.821492729452995], [-45.45706243215569, -23.82215990263947], [-45.45433278165874, -23.823647212205003], [-45.45323007180596, -23.824104682790963], [-45.4528574259501, -23.824039589483377], [-45.45270030865136, -23.824036251466826], [-45.452539955877654, -23.823928498252915], [-45.452374751374784, -23.823950824763614], [-45.452296512381096, -23.824175385552294], [-45.45215641126463, -23.82458311103868], [-45.45149123157435, -23.824910847653037], [-45.45108511342553, -23.82510065541234], [-45.449505001834446, -23.825836960979192], [-45.44894840013879, -23.826016473356763], [-45.44844858906323, -23.82628571471594], [-45.448098073524775, -23.82642823528769], [-45.44739858340088, -23.8268775312328], [-45.4471388725713, -23.82691120953436], [-45.44711185274988, -23.826989004114523], [-45.44688775317342, -23.8272562213823], [-45.446318519122606, -23.827612857395877], [-45.4466512651961, -23.82800415434438], [-45.44688212355333, -23.828454719536968], [-45.44726227744772, -23.829264133121885], [-45.44752884022527, -23.830027688306565], [-45.44738053376246, -23.83040233648322], [-45.447038762869916, -23.830853750663476], [-45.446684431121184, -23.83136019661767], [-45.44647346893168, -23.83158230186123], [-45.4464710588541, -23.831793605604787], [-45.446404496560326, -23.831982964220252], [-45.44616457532325, -23.83224778554023], [-45.446221532236834, -23.832399267476585], [-45.44630411531904, -23.832553301949037], [-45.44627371883611, -23.832664633353694], [-45.446363076065715, -23.83288490433521], [-45.446209698631996, -23.832808912742614], [-45.44592788506231, -23.83261528253029], [-45.445776237129614, -23.832452541578622], [-45.44559146592452, -23.83232551932612], [-45.44546028838243, -23.83212840853235], [-45.445139682905356, -23.83184731521793], [-45.44473949275659, -23.83149298346918], [-45.44439405420802, -23.83110125779295], [-45.44422979740523, -23.830783307567007], [-45.443142857005, -23.829679376351685], [-45.44279400106708, -23.829466724518934], [-45.44249455398376, -23.829386197179222], [-45.44208744878304, -23.829421052611718], [-45.44183288651504, -23.829519833018526], [-45.44176367344279, -23.82927191595624], [-45.44162496576366, -23.82906594013822], [-45.44163458624544, -23.82887679994301], [-45.441766423045834, -23.82863788143241], [-45.44171412327594, -23.828228281876385], [-45.44075434, -23.82725346], [-45.43971884748989, -23.826202007407364], [-45.43844326652471, -23.82628570624809], [-45.43738771569361, -23.826607433061117], [-45.4359012384401, -23.827122081716126], [-45.434981808966256, -23.827512238927312], [-45.43365423755864, -23.827989615339728], [-45.43234515298474, -23.82859864944283], [-45.43159289119603, -23.828969728336503], [-45.43126611781306, -23.829147746122803], [-45.43101659318216, -23.83061064865936], [-45.43107120401697, -23.830662964815442], [-45.431467705596404, -23.83121472564992], [-45.43191593366193, -23.83201281034381], [-45.4322157620836, -23.832494592236365], [-45.43226615041595, -23.83276270186596], [-45.43226479883777, -23.832917271572978], [-45.4321874774439, -23.832996529856427], [-45.431827188852736, -23.832681233756297], [-45.43159693944422, -23.8324305943837], [-45.43144939272796, -23.832314255510024], [-45.43135299776449, -23.832334425350624], [-45.43121232750825, -23.832377308634467], [-45.43089072070319, -23.832273467599222], [-45.43030384108977, -23.831921254085458], [-45.42943318111233, -23.8313628751993], [-45.428826265244304, -23.831103656201293], [-45.42812127787034, -23.830829197765397], [-45.42743888468989, -23.830576139847214], [-45.42720695872422, -23.830475743852258], [-45.4269623956824, -23.830314879937177], [-45.4268134540763, -23.830004396188183], [-45.42684083411041, -23.82981389898124], [-45.42685438404094, -23.829561314861905], [-45.426344690690975, -23.829130785923724], [-45.42576712453751, -23.82887763299014], [-45.42539939129815, -23.828682490153668], [-45.4251496752039, -23.828588139427513], [-45.425100765065714, -23.82880886662423], [-45.42499399330883, -23.82900870045684], [-45.424592669407645, -23.829158460322702], [-45.42443841550141, -23.829113997065026], [-45.42421701915866, -23.82886606120814], [-45.4239950124807, -23.828649918546272], [-45.42376532480523, -23.828666382159668], [-45.42354377990814, -23.828617276363282], [-45.42341014406861, -23.82843482336906], [-45.42327834629144, -23.828189434474808], [-45.42325224397256, -23.82801798444815], [-45.42282284419538, -23.827842157864588], [-45.42248432069879, -23.827874895062042], [-45.42244088455971, -23.828050591596], [-45.42231693389987, -23.828223116437304], [-45.42210871299768, -23.828374376296562], [-45.42185457163323, -23.828367682474035], [-45.42169126724466, -23.828250400694127], [-45.42158165463262, -23.828081752401534], [-45.42157088439096, -23.827842380675573], [-45.42165341171676, -23.827632373555186], [-45.421816379655475, -23.82748845928653], [-45.42195127053734, -23.82747037767071], [-45.42211468241464, -23.827511978748124], [-45.422148823450236, -23.82721933128376], [-45.42211978552483, -23.826969511914285], [-45.421939091225376, -23.826565052522408], [-45.42185439288545, -23.826399849243742], [-45.421965165334115, -23.826209071863445], [-45.421938214027655, -23.82596805952594], [-45.421995223949864, -23.825776293071428], [-45.42207184986681, -23.825589323433483], [-45.42189685462821, -23.825417339704774], [-45.421271079538485, -23.824969465132916], [-45.42097626597745, -23.824816314702066], [-45.420712546439866, -23.82465815646232], [-45.42029620144686, -23.824497562647586], [-45.42026983589765, -23.82438438510374], [-45.42026643128609, -23.82425046974626], [-45.420156415492656, -23.82417174071735], [-45.42011633726231, -23.824346133514595], [-45.41998644285198, -23.824621908168098], [-45.41985888279207, -23.824623224761034], [-45.41970407156582, -23.824523430689197], [-45.41960339494448, -23.824227589476408], [-45.419429828254515, -23.82407562290812], [-45.41915424065773, -23.823906431203], [-45.41851839533475, -23.823773504264842], [-45.41788769957575, -23.823731020327962], [-45.41777214608617, -23.82386076745649], [-45.417699790201596, -23.823851026083084], [-45.41754765310638, -23.823719991915425], [-45.417477555032434, -23.823615100912743], [-45.41739387645696, -23.82338497649833], [-45.417360389705266, -23.82332223657784], [-45.41700456509608, -23.823218991941378], [-45.416976589501026, -23.823245071835945], [-45.416910628246974, -23.82319173546845], [-45.41546895883238, -23.82277341733666], [-45.41480534273108, -23.822894808542618], [-45.41384296595328, -23.82324476373437], [-45.413233113247266, -23.82357975955209], [-45.413300535405725, -23.823664709964735], [-45.41349710714494, -23.823790293123462], [-45.4135614462921, -23.823875604120392], [-45.41348154577595, -23.824096668935102], [-45.413569697924125, -23.824301669490417], [-45.41371624179228, -23.8244509953465], [-45.413580677464026, -23.82471204217008], [-45.41349054716253, -23.824885599840954], [-45.413330895643966, -23.824926366122305], [-45.41318764374327, -23.824891212036587], [-45.41295648667828, -23.824664132073075], [-45.41259328124242, -23.824481598947916], [-45.41241336674308, -23.8243991871401], [-45.412271084606985, -23.82446006385678], [-45.41219565991236, -23.82453603621848], [-45.41212425354038, -23.824540552567047], [-45.4120719902122, -23.824460076920918], [-45.41209084924098, -23.824288903983167], [-45.41212959484705, -23.824178631317015], [-45.41194417462993, -23.823949470935023], [-45.41160607139316, -23.823489312108787], [-45.41148273687892, -23.823233439599843], [-45.41139865409125, -23.82272623168618], [-45.41137684765909, -23.822311935464217], [-45.41121255339255, -23.822126242204376], [-45.41096090599683, -23.821893429981433], [-45.41097303722297, -23.821620748292855], [-45.41102359263577, -23.821483882254086], [-45.410127830224255, -23.82122408731868], [-45.4098789458146, -23.821408234014086], [-45.40965141624405, -23.82158050689211], [-45.4092985164865, -23.821579485807327], [-45.408663068766266, -23.82136700620767], [-45.40782359656556, -23.82092306742585], [-45.406948848672414, -23.82084757066991], [-45.406272532251606, -23.820881906701906], [-45.40594625083079, -23.820635339232965], [-45.405817560362905, -23.820386702942706], [-45.40556073977336, -23.820013324013445], [-45.405398255460675, -23.81989021561491], [-45.40532806985398, -23.819797106052352], [-45.40462868, -23.8195889], [-45.4057017, -23.81538994], [-45.40697648683879, -23.810801719957876], [-45.40688033840555, -23.810802592673987], [-45.40681326228785, -23.810666743123043], [-45.406835337145694, -23.810401448331966], [-45.40680980686458, -23.810300387590352], [-45.405965743734086, -23.809526586462855], [-45.405448838163835, -23.809930386483927], [-45.40492630378442, -23.81041199936654], [-45.404494365512264, -23.81071693667815], [-45.40428355187718, -23.81089487302903], [-45.4035336867096, -23.811520844545278], [-45.40296981057337, -23.811872489244593], [-45.40199826042191, -23.812670190960993], [-45.40117501673343, -23.81335133433764], [-45.400511651289385, -23.813802188171447], [-45.3999020483717, -23.813137693566567], [-45.39951836690816, -23.812706884455395], [-45.39942847970211, -23.81183495523052], [-45.39931756716662, -23.811342759639903], [-45.39914611714009, -23.811045157640276], [-45.39875960854027, -23.810586828408105], [-45.399106187226565, -23.810258506737352], [-45.39880942323743, -23.809959587644308], [-45.398260560132606, -23.809660732274192], [-45.397709034063624, -23.809454270851184], [-45.39720719192635, -23.809160803021953], [-45.39703720414706, -23.80903813236345], [-45.39653613378798, -23.808849902064892], [-45.396344141670475, -23.80866590336915], [-45.39634962834032, -23.808500907226986], [-45.39636612561641, -23.808274475869595], [-45.39645706915989, -23.808176327439057], [-45.39688311179338, -23.808173538450337], [-45.397475925852326, -23.808127820136836], [-45.39792677968607, -23.80803313611365], [-45.398711788927216, -23.807897250420517], [-45.3987782274953, -23.80761232224771], [-45.39871270847594, -23.807466414035712], [-45.39776153581014, -23.807435533705668], [-45.39653357686142, -23.807435962433374], [-45.39646062706811, -23.80733436335833], [-45.39641970557123, -23.807113387275614], [-45.3965725286775, -23.806624579167835], [-45.3966100626917, -23.806276462037673], [-45.396905100509905, -23.804720288970408], [-45.39702599307933, -23.804008416710744], [-45.39705912351568, -23.803835771377237], [-45.39719525279782, -23.80370172747878], [-45.39761125119895, -23.80354834402608], [-45.39787851440971, -23.80342741759743], [-45.397931931064896, -23.803261947174583], [-45.3965483, -23.79768299], [-45.39873128, -23.79470252], [-45.39785775993842, -23.789336815585205], [-45.397652873128976, -23.788429710920997], [-45.397515312191125, -23.788135243908542], [-45.39749638705181, -23.78797340986358], [-45.39755240321479, -23.787789777682093], [-45.397594200495405, -23.787717877093257], [-45.39759333, -23.78771253], [-45.39693083, -23.78364457], [-45.39630635, -23.77981055], [-45.39940785000001, -23.77628408], [-45.40058332, -23.7749481], [-45.40089965399992, -23.774158542604138], [-45.400848795071084, -23.774100837586282], [-45.40071549559827, -23.77403158172367], [-45.400552275677406, -23.773993070180325], [-45.4004062275365, -23.77388286654607], [-45.40035105567604, -23.773738796553413], [-45.40048723001025, -23.773570313749556], [-45.400789208566884, -23.773286822026797], [-45.40147628314772, -23.77271925914505], [-45.403130033104176, -23.76859116745949], [-45.40308917911338, -23.768433027566864], [-45.402742322763174, -23.768171270073804], [-45.4031665054636, -23.767774747580773], [-45.40362234986925, -23.767362165050873], [-45.40578331, -23.76196718], [-45.41095533, -23.74965624], [-45.40976934366752, -23.74838043422566], [-45.40965940016374, -23.74840904038914], [-45.409418390402564, -23.74843882970869], [-45.40922652922372, -23.74846088560408], [-45.40908497543017, -23.748356651136017], [-45.4090453239603, -23.748093715864684], [-45.408845373206226, -23.747907026400195], [-45.408873242471316, -23.747684799376852], [-45.40893307701508, -23.74749180524428], [-45.408919936114124, -23.74746668375521], [-45.40717986, -23.74559476000001], [-45.40475439, -23.74304427], [-45.40312644, -23.74133227], [-45.402812399452735, -23.741002028140578], [-45.40250609013104, -23.740925773686772], [-45.40220892550252, -23.740637280336415], [-45.40204947598543, -23.74030538325057], [-45.401921910447165, -23.7400655905408], [-45.40178109818304, -23.73991751133045], [-45.40166638111201, -23.739863129592017], [-45.40147657678872, -23.73963311130292], [-45.40147776515845, -23.73959852304337], [-45.39823449, -23.73618777], [-45.39753398, -23.73057329], [-45.39684002, -23.72500631], [-45.39715723941834, -23.724921514311998], [-45.39722394645285, -23.72478632980415], [-45.39746186557362, -23.724304177470092], [-45.39739845094768, -23.723817119612473], [-45.397468186937736, -23.72367208046639], [-45.39756713435815, -23.72346976950264], [-45.39782074895862, -23.723342861921605], [-45.39812614424005, -23.723393428998193], [-45.39822817244632, -23.723628389203014], [-45.398403126137794, -23.723919505632573], [-45.398628729483974, -23.72406411710948], [-45.398876058003864, -23.72426104205799], [-45.398994563441605, -23.724430363340236], [-45.40035251, -23.724067340000012], [-45.40440894, -23.72369784], [-45.41217138, -23.72299537], [-45.41433888000001, -23.72375835], [-45.41993132282606, -23.72572650991364], [-45.42020575427752, -23.725332482224168], [-45.42048309824835, -23.724992568347112], [-45.42075599879566, -23.724743371710254], [-45.420825704085004, -23.724706873127385], [-45.4209995246205, -23.724198685351478], [-45.42097988923494, -23.724161340008617], [-45.42109864603879, -23.72390888761163], [-45.421823388343746, -23.721789920348794], [-45.42179881556551, -23.721780437361495], [-45.42227865948491, -23.720317930327553], [-45.422326405559346, -23.720319156061045], [-45.42654084, -23.7079945], [-45.42820584, -23.70092403], [-45.42925931, -23.69645153], [-45.42998934, -23.69335154], [-45.42999161195331, -23.693341893722486], [-45.43017402146087, -23.69226105204424], [-45.43075568399783, -23.689546360811793], [-45.431234898471985, -23.68570531817339], [-45.43134694016792, -23.683343120628013], [-45.43147873794538, -23.68045458096052], [-45.431628882470065, -23.679035004111498], [-45.43135286614582, -23.67389066279027], [-45.431149099181425, -23.67150419252016], [-45.43095549466494, -23.66952468736413], [-45.43072322697359, -23.667694197571773], [-45.43061796024271, -23.66650688841436], [-45.43028352466189, -23.66501591119278], [-45.42986837524827, -23.663025963415482], [-45.42912217773638, -23.65953374680811], [-45.42896370770952, -23.658602117867975], [-45.42893283004719, -23.65792075774992], [-45.429051331215184, -23.657613573621997], [-45.42941061483055, -23.657305877067454], [-45.42945323430237, -23.657029028691042], [-45.42891317217743, -23.65678305987739], [-45.428642331261265, -23.656539785397605], [-45.428453595216006, -23.656176155114316], [-45.42799865346648, -23.65492534971039], [-45.42743985432018, -23.653634463329485], [-45.426380675284335, -23.650534541212615], [-45.42574144247872, -23.64858212744952], [-45.42529592534446, -23.64752750467273], [-45.41992257, -23.63815626], [-45.41835161, -23.63541780999999], [-45.41608463, -23.63308681], [-45.41034122, -23.6271803], [-45.40644923622287, -23.623178848680524], [-45.405795974687564, -23.622900773526553], [-45.40565467426053, -23.622882500990087], [-45.400160383730295, -23.62327948319817], [-45.39990628484208, -23.623413013839205], [-45.39933591391403, -23.62375252641007], [-45.39896987029652, -23.624312734890488], [-45.3985329866532, -23.624851209140992], [-45.39813519491255, -23.62506358066455], [-45.39782197053014, -23.62540205061228], [-45.396848254923555, -23.627943259723388], [-45.396894670679686, -23.628227082630463], [-45.39711284945753, -23.628650769936073], [-45.39749780016872, -23.628977581564044], [-45.397570049528795, -23.629194609817652], [-45.39731593259712, -23.629513928131892], [-45.39691727929659, -23.629758744885866], [-45.39653541492318, -23.629764140226083], [-45.39587953334546, -23.629753697604933], [-45.39566801199893, -23.629771607535144], [-45.39476380750644, -23.630305634402983], [-45.39475319040721, -23.630356517089453], [-45.39452882684168, -23.63055463824926], [-45.39438143132653, -23.630531463694943], [-45.38986384640471, -23.633199360884873], [-45.38993038178573, -23.63359697126543], [-45.38966924649078, -23.63401948329019], [-45.389330582907476, -23.634271787236553], [-45.38892923892134, -23.63446758313892], [-45.38844873054973, -23.63459425090579], [-45.38821942162353, -23.634503361007145], [-45.387931882833016, -23.634439989867257], [-45.387759732373034, -23.634240739546332], [-45.387543833280375, -23.633744027312552], [-45.38714843994816, -23.63322812781168], [-45.38682642513684, -23.63278165053478], [-45.38639434677795, -23.63213027713262], [-45.38604918840284, -23.631657837623703], [-45.38568625209468, -23.631225479091633], [-45.38481869942665, -23.62997749235589], [-45.383984732943595, -23.62889376042192], [-45.383851714944214, -23.628728743683045], [-45.38264543, -23.62772572], [-45.38076794, -23.62616375], [-45.38003345, -23.62555274], [-45.378705892656775, -23.62448789840841], [-45.37776623638644, -23.624010747866098], [-45.377407341789244, -23.62391625956654], [-45.37569648, -23.62534873], [-45.375164267914315, -23.62579436561083], [-45.37532841893379, -23.625943719592055], [-45.3755217517447, -23.626158200882994], [-45.375421850645, -23.62635546458745], [-45.37501617891584, -23.62660430672142], [-45.37497260776536, -23.626795460362807], [-45.374526683352755, -23.626841084902065], [-45.37415684105156, -23.62700755503525], [-45.37389959573621, -23.627377034011893], [-45.37358774924937, -23.62756877060546], [-45.37316461425364, -23.62773327941984], [-45.372863204511404, -23.627877209325703], [-45.37252087327227, -23.628220389552343], [-45.3722581267051, -23.628662630359045], [-45.37190337469632, -23.628949929824305], [-45.3715372559577, -23.629277691951675], [-45.371127258655406, -23.62938370615836], [-45.37092801680236, -23.629529894386096], [-45.37053904015265, -23.629771736098323], [-45.370319262872584, -23.62993488135166], [-45.37023121372807, -23.630127636880584], [-45.36998275003688, -23.63025934224656], [-45.36975696238549, -23.630222577076754], [-45.369419821994605, -23.630077401923433], [-45.36915368794477, -23.629562062769185], [-45.36902740978805, -23.62934107684453], [-45.36414462, -23.62714517999998], [-45.3607492478715, -23.62557686701674], [-45.360580054365876, -23.625664904667968], [-45.36014234175266, -23.62548508478334], [-45.3592849515326, -23.625012645274175], [-45.35890000082148, -23.62485516543791], [-45.358262746164186, -23.624656483931467], [-45.35779482329861, -23.624286492484984], [-45.35751720046642, -23.62399771678621], [-45.35726387337256, -23.623603723084486], [-45.357120740492896, -23.623189357578397], [-45.35712898897201, -23.62302706712045], [-45.35500619, -23.61982918], [-45.35109776, -23.6139427], [-45.33897838, -23.59568726], [-45.33821693, -23.59454026], [-45.33645544, -23.59188776], [-45.333413, -23.58940177], [-45.32873153, -23.58572381], [-45.32234703663622, -23.58048001292083], [-45.3208773692191, -23.579605959123366], [-45.31931147829489, -23.578120875813628], [-45.31885836036792, -23.577946490630005], [-45.3180024890804, -23.57800295294552], [-45.317045359867556, -23.577908676442455], [-45.316281104249605, -23.57756266907979], [-45.31550696635713, -23.57716699557428], [-45.31512599576824, -23.576882428454457], [-45.31452916, -23.57674231], [-45.30848440265464, -23.574965513156734], [-45.30837879524093, -23.575224916908617], [-45.308294475693955, -23.575493831088643], [-45.308178392270115, -23.575660535984973], [-45.30795081759698, -23.575807146709202], [-45.30772469133942, -23.575779043697384], [-45.307363822311366, -23.575758385468358], [-45.307135413317475, -23.57570367856023], [-45.30672111289138, -23.575748547886246], [-45.306414057344846, -23.57558908990135], [-45.30605225019768, -23.575084193368046], [-45.30557105757484, -23.574770082682935], [-45.3050802797864, -23.574475728079133], [-45.30364207601673, -23.57398917829321], [-45.30246492083947, -23.573597452616745], [-45.30083932717213, -23.572883712129123], [-45.29961647623595, -23.572504880621068], [-45.29868540476661, -23.572194244366507], [-45.297146767977516, -23.571672838498053], [-45.29305284, -23.57505427], [-45.2859664, -23.57382723], [-45.28117597, -23.57299722], [-45.27712448, -23.577686199999988], [-45.28018193, -23.58411369], [-45.27989604295402, -23.58473238944661], [-45.279895926737424, -23.58477287519406], [-45.27976751644276, -23.585265070784537], [-45.27951210518725, -23.58595340938635], [-45.27919714551439, -23.586481449483692], [-45.2789248053138, -23.586889823931823], [-45.278813415174504, -23.587075583367817], [-45.27826495, -23.58826314], [-45.2781051225477, -23.588207533790378], [-45.27807023376187, -23.58826171278673], [-45.27775894174501, -23.58835794623048], [-45.27749437843903, -23.588375642797537], [-45.277150467988356, -23.588074874767614], [-45.276944363002116, -23.58780368426539], [-45.27588947, -23.58743666], [-45.27288751, -23.586392129999982], [-45.27125386659645, -23.586849395960957], [-45.271226631611306, -23.586915505990888], [-45.27130264021517, -23.587749284280875], [-45.27109822131647, -23.588136970147637], [-45.27097242881803, -23.58854387566673], [-45.27079144594308, -23.58870987957095], [-45.270359927930855, -23.58824194823765], [-45.2697839111984, -23.587987385969654], [-45.269126051472256, -23.587697828182716], [-45.26869041935077, -23.58756689303028], [-45.26348205, -23.58902461999999], [-45.26338254, -23.59101459], [-45.26310055, -23.59668355999999], [-45.26264635201807, -23.59609483789641], [-45.26252234096593, -23.59614134194121], [-45.26210425985946, -23.596181764423452], [-45.261717444024505, -23.595878875547395], [-45.261227506755816, -23.595511422595827], [-45.26091254708324, -23.595056480846367], [-45.26047510309324, -23.59440906374138], [-45.260117243775184, -23.5939002193789], [-45.260020161343675, -23.593114229531107], [-45.25979579144095, -23.592399904466816], [-45.25956911, -23.592106069999986], [-45.25929829750685, -23.591755031765643], [-45.25898345022368, -23.591594141466864], [-45.2589042525587, -23.591295591694113], [-45.25858166834011, -23.590936802098312], [-45.25840535108652, -23.59059754757029], [-45.2578511, -23.58987909], [-45.25500315, -23.59169659], [-45.25272265, -23.59315257], [-45.25259115793122, -23.593149121581117], [-45.25262406570756, -23.59322261008514], [-45.25286357766904, -23.59349918024232], [-45.25284082711802, -23.593760578879383], [-45.252582609516985, -23.59375511318457], [-45.25224719978611, -23.593582432570066], [-45.25192716312329, -23.593443579654224], [-45.25140674697886, -23.593246307481913], [-45.25122385106664, -23.593113257126024], [-45.24589074249933, -23.59297325770656], [-45.24582558875743, -23.593190334572625], [-45.24552355034412, -23.5932082011291], [-45.24506210691634, -23.593206803787], [-45.24454931472467, -23.593292314436578], [-45.24419992834713, -23.593205105811872], [-45.24390472475573, -23.59297424745448], [-45.24374385743664, -23.592526360843262], [-45.24368443316518, -23.592140853429367], [-45.23426836, -23.58265406], [-45.22888137000001, -23.58198306], [-45.227800794032255, -23.58184844042528], [-45.22773933338391, -23.582086412983603], [-45.22783726480294, -23.582377380104685], [-45.228440701997606, -23.582991835048453], [-45.22861878436613, -23.58329327231915], [-45.228517678779575, -23.583520971562276], [-45.22830490749524, -23.583613234711848], [-45.22789031842818, -23.58352206979026], [-45.22744694846076, -23.58359685764534], [-45.2270821480194, -23.58357493085173], [-45.226488519512124, -23.583171545784], [-45.22587497723318, -23.58301237644023], [-45.225355916728105, -23.582703422740835], [-45.225119217168185, -23.582636693235436], [-45.224717907337784, -23.58260683929052], [-45.224504217539256, -23.582751319380247], [-45.22405915806438, -23.582674273203548], [-45.223740250562585, -23.582539936931102], [-45.22302989755752, -23.58193316114959], [-45.222767431163625, -23.581530712678966], [-45.22239068979662, -23.58117433639393], [-45.22197497, -23.58112253], [-45.2215527034989, -23.581069900534178], [-45.22144747524111, -23.581128833022543], [-45.22136309375245, -23.581429682418264], [-45.221483888561984, -23.581901841754107], [-45.22129508086242, -23.582227524221032], [-45.220850581734155, -23.58229581728434], [-45.220300247060635, -23.58231811186073], [-45.21984530531107, -23.58212563650516], [-45.219092901648374, -23.581828174592015], [-45.218375493505015, -23.581460721640468], [-45.21756777789529, -23.58099223842831], [-45.216987821801126, -23.58075856140266], [-45.216520722918204, -23.580460419960502], [-45.212683602390676, -23.58191501798629], [-45.2126779988418, -23.581997226210266], [-45.21233989560494, -23.582340126263773], [-45.21177883813728, -23.582405600658706], [-45.21146859675599, -23.582375577518114], [-45.21105854000001, -23.58253101], [-45.20844358, -23.57869554], [-45.20848224708236, -23.578516143136405], [-45.20834165330357, -23.57844799968053], [-45.20843826479926, -23.578342808692295], [-45.20852109464576, -23.57833590799191], [-45.21020907, -23.57050356], [-45.21487955, -23.56820807], [-45.20945962, -23.56461961], [-45.21140738554213, -23.564668834939305], [-45.21130450407274, -23.564594053081212], [-45.21090336440743, -23.56460867270677], [-45.210572604950464, -23.564490144686623], [-45.21051589213691, -23.564264651960265], [-45.2107384895239, -23.564191538236482], [-45.21102481752079, -23.564211883836176], [-45.211474030673166, -23.564330199774904], [-45.21203454650152, -23.564669367220475], [-45.21209957583213, -23.56468632260656], [-45.21240706, -23.56469409], [-45.21568303, -23.56463262], [-45.21705656, -23.55890112], [-45.21750958759824, -23.557753112498304], [-45.21750185813011, -23.55774821267631], [-45.21635397961852, -23.55718676305772], [-45.21586696251944, -23.556893373372134], [-45.21568191102803, -23.556601344543488], [-45.21523885249043, -23.556522449451812], [-45.21518633173267, -23.556284282248345], [-45.21564697216883, -23.556270434146846], [-45.21609711350525, -23.556493160659826], [-45.21663109164422, -23.55681851896645], [-45.21741678438307, -23.55705981147711], [-45.21773348124686, -23.557185736410993], [-45.21809656, -23.55626563], [-45.22045307442934, -23.554854932037458], [-45.22038490025469, -23.554797795204692], [-45.220483400488106, -23.554567785834923], [-45.22085526765874, -23.554121047505618], [-45.221507320767095, -23.55333079359922], [-45.222083906313934, -23.553066917871114], [-45.222370917138335, -23.552623836544708], [-45.22283500239713, -23.55202480638784], [-45.22321394211773, -23.55182198302112], [-45.22358774502924, -23.55179671971158], [-45.22383962360636, -23.55151778782279], [-45.22406426045753, -23.55154264310557], [-45.22460273470815, -23.551575388770683], [-45.22545907158053, -23.551273492330907], [-45.226087271940294, -23.551240639414637], [-45.22636520098549, -23.551315343681075], [-45.22783347, -23.55043621], [-45.22796299, -23.55035871], [-45.2311125501699, -23.54847982695851], [-45.23112198468215, -23.548346073441035], [-45.229899393423935, -23.544400182301306], [-45.22973153948292, -23.544015516105407], [-45.229725522483065, -23.543839009794244], [-45.22778251, -23.53756777], [-45.2130302, -23.52533128], [-45.19511084, -23.51974024], [-45.18686141, -23.52827721], [-45.18838788, -23.53103518], [-45.18966739, -23.53334566], [-45.18949815908199, -23.533657026407568], [-45.189511822591925, -23.533907448395706], [-45.189171385110534, -23.53425824814393], [-45.186478156244014, -23.53921310460073], [-45.1864770777613, -23.539256125495523], [-45.1864697424494, -23.539982847099203], [-45.18603963377136, -23.54042932437602], [-45.185744995457604, -23.540561830464853], [-45.18548987, -23.54103115], [-45.17787744000001, -23.53792413], [-45.17697869177633, -23.53914942564318], [-45.17713779078027, -23.539386794112062], [-45.17723431286536, -23.539687643507836], [-45.17711832334009, -23.539976921121596], [-45.176232704098034, -23.540237409367116], [-45.17609667831825, -23.540476163382692], [-45.17609357947668, -23.540990933722668], [-45.17599480753782, -23.541371647963597], [-45.17570506973412, -23.541854509235126], [-45.174921165834874, -23.542247389901217], [-45.17457353890273, -23.542589315192814], [-45.17442499232175, -23.542630766683622], [-45.17430296, -23.542797119999985], [-45.16918805, -23.53910461], [-45.165696195497695, -23.540494260346048], [-45.16560709682228, -23.540639454880754], [-45.16563182633045, -23.540833060467776], [-45.16581222367817, -23.541110888012582], [-45.16560225056302, -23.541320861127858], [-45.16540124206844, -23.541473477231918], [-45.16491983793878, -23.54144334544508], [-45.16430036121446, -23.541441655937607], [-45.163860658902756, -23.541529993723152], [-45.16327871619265, -23.541663200834662], [-45.16277946546374, -23.541806850567337], [-45.162361432147776, -23.54181181151296], [-45.162297095581486, -23.541721522291386], [-45.16196657, -23.54183708], [-45.1610098341538, -23.538644201468472], [-45.16096364629484, -23.53860419174703], [-45.16057926439814, -23.538514444627346], [-45.15998546973264, -23.538503721832896], [-45.15960051902138, -23.538328744236907], [-45.159376715802715, -23.538040595784192], [-45.15912863985905, -23.537604561128433], [-45.15907388825831, -23.537063259741736], [-45.15897567666619, -23.53672826381443], [-45.15858592913806, -23.536008317175995], [-45.1583454771473, -23.535364567726912], [-45.15818070648122, -23.535008246509015], [-45.158311610789035, -23.534638686643063], [-45.158459777165106, -23.534302841728028], [-45.15876994002125, -23.53443520831981], [-45.15921556831042, -23.53460172144308], [-45.15952149469618, -23.53447472048242], [-45.15970707495257, -23.534296465151474], [-45.15841015, -23.529968099999987], [-45.16559957, -23.52835464], [-45.16605657, -23.52825214], [-45.16421256524056, -23.519088450696856], [-45.16369262141014, -23.518809839547163], [-45.163164724851775, -23.517985356618134], [-45.162938990337295, -23.517455894226128], [-45.16301890883269, -23.51707668137471], [-45.16315309820296, -23.516863491516215], [-45.16345238850265, -23.516673164937277], [-45.16362221417211, -23.516445480469233], [-45.163874697102926, -23.516527390154035], [-45.164284766666796, -23.516484666745004], [-45.16444449440461, -23.516560148137955], [-45.166631375334106, -23.514837702391514], [-45.166485614009275, -23.514739722322037], [-45.16616077767021, -23.514242484350174], [-45.16614295952062, -23.513869986268773], [-45.16629754300359, -23.513325406944787], [-45.166392332504806, -23.51296804425282], [-45.166557326637665, -23.51285769217551], [-45.166967075811456, -23.512737463431627], [-45.16740451980145, -23.51285200626558], [-45.168061706776186, -23.512662320466642], [-45.168364320615936, -23.51279468145014], [-45.168596836620516, -23.513064662140696], [-45.16885158061504, -23.513088908807564], [-45.17304607, -23.50978475], [-45.172555353795225, -23.506403232091312], [-45.17253136336317, -23.50639533297475], [-45.17226161397847, -23.50600414426867], [-45.172443602205696, -23.50563316000586], [-45.17204361072706, -23.502876867310768], [-45.172020456653726, -23.502881846327693], [-45.17165647538322, -23.50280829225768], [-45.171682441255356, -23.502647761218604], [-45.17192839125697, -23.502466171752268], [-45.17198817599381, -23.502494875706507], [-45.1719796, -23.50243578], [-45.17488561, -23.49998481], [-45.17124315, -23.49309181], [-45.16615932814589, -23.49202120121531], [-45.16604666464896, -23.492026860284525], [-45.16533509955673, -23.49203354802739], [-45.165307015416566, -23.492027980467594], [-45.164668275379775, -23.49289170320074], [-45.16472656902861, -23.49297424447732], [-45.16477584749046, -23.493355601937292], [-45.1645513721291, -23.493604862050052], [-45.16432013847939, -23.493876471157723], [-45.16476492510037, -23.49453604553631], [-45.16483456316875, -23.494934439963313], [-45.16452156627845, -23.495262711027365], [-45.16440279912243, -23.496369878040554], [-45.16414753984961, -23.49675627424398], [-45.16409285831119, -23.497214717115597], [-45.16387140021205, -23.49738386395585], [-45.16332644458197, -23.497525813814377], [-45.163040540391435, -23.497768799947156], [-45.162654528815075, -23.49789969885397], [-45.16233474785508, -23.498670079268404], [-45.16181864865264, -23.499012776090087], [-45.161237198683914, -23.499408216003886], [-45.1607750545793, -23.499296038786746], [-45.16043023529425, -23.4996173190856], [-45.160013987625106, -23.49976348848007], [-45.15957389625061, -23.499618972051387], [-45.15915666560478, -23.499323506635417], [-45.15875146497362, -23.499416072665774], [-45.15844853425247, -23.499185137366922], [-45.15829394785108, -23.499006256240637], [-45.154239156322454, -23.498204389990867], [-45.15425761324686, -23.498286880768717], [-45.15416018970335, -23.49904868330079], [-45.153825017931176, -23.4991040500926], [-45.15339189149686, -23.49897448114503], [-45.152933144211154, -23.498911799182956], [-45.152257675080676, -23.498520328326883], [-45.151991428088216, -23.498688451162387], [-45.15175845670093, -23.498628354566275], [-45.15129894325356, -23.498161516844362], [-45.150256390284234, -23.497627526299052], [-45.149442690405756, -23.497271532602387], [-45.14893412798171, -23.49711896387513], [-45.14830449057456, -23.49733495014218], [-45.14778986252759, -23.497246104481203], [-45.147179587618886, -23.496788398299532], [-45.14704741894567, -23.49670287757197], [-45.14635134000001, -23.49655722], [-45.14427473640984, -23.500774412655733], [-45.14519588863877, -23.501212585862223], [-45.14554183329766, -23.501505897596953], [-45.145399313608564, -23.50170429804762], [-45.14454186421466, -23.501801721591203], [-45.14346456966393, -23.50151343437558], [-45.14322726998982, -23.501274548660373], [-45.13600942, -23.50289919], [-45.13632441, -23.50452467], [-45.13695941, -23.50780167], [-45.137142138328905, -23.508745197842455], [-45.13755519650703, -23.508711980409746], [-45.13810174834977, -23.509222749566902], [-45.138254317076814, -23.509629599506333], [-45.13825609375876, -23.5101460042349], [-45.13810530171324, -23.510647765458195], [-45.13779691642155, -23.51132752352996], [-45.13742125470038, -23.51118426826304], [-45.13702666053226, -23.5110213449715], [-45.13693058739362, -23.510832463651205], [-45.136685331500345, -23.510721716185078], [-45.13645744187847, -23.510723563294658], [-45.13626668396809, -23.510532671199794], [-45.13298142, -23.50904913], [-45.13164955475442, -23.509893337830785], [-45.131595702685544, -23.510101643666946], [-45.131592149322145, -23.51057043999068], [-45.131261583746515, -23.510926433687445], [-45.13090454894548, -23.511181450477242], [-45.130193602656014, -23.511307855505436], [-45.129532471504696, -23.51176556168713], [-45.12890001631173, -23.513131573505056], [-45.12822083453149, -23.513909696734732], [-45.12756935712782, -23.51395532242139], [-45.12710203195979, -23.514394707208808], [-45.12688574016652, -23.514864239110086], [-45.12660143636564, -23.515007494377095], [-45.12584704593514, -23.51479483704027], [-45.125057122173104, -23.51491864871594], [-45.12440358756613, -23.515026404971792], [-45.12377850044155, -23.51488185698202], [-45.12270480924858, -23.51556226461161], [-45.1226734475039, -23.515672696648043], [-45.1222467074947, -23.515887848313497], [-45.12218369481718, -23.51589249281048], [-45.12200601, -23.51600509], [-45.12134487138335, -23.519253016700993], [-45.12134720263634, -23.519266145361218], [-45.12163324700783, -23.519729285895526], [-45.12149718520496, -23.519953416713925], [-45.1211411915082, -23.52028398228953], [-45.12113283174317, -23.520294622038286], [-45.12112348, -23.52034056], [-45.12109832102405, -23.520338544937825], [-45.12086148217482, -23.52063997598633], [-45.12040377599328, -23.521072254046665], [-45.119971497932724, -23.521097682167916], [-45.11920865429673, -23.520512835380345], [-45.11867250843664, -23.520144235807688], [-45.11641705, -23.51996354], [-45.11337357, -23.51972005], [-45.11363905, -23.52540354], [-45.11339257860582, -23.525328368128015], [-45.113398175838945, -23.525479161319396], [-45.1131937233788, -23.526013175126362], [-45.11272448339012, -23.526157878287055], [-45.1119362116331, -23.52597988143871], [-45.11117336799681, -23.525674743984144], [-45.110766518057744, -23.52544589089338], [-45.11030881187621, -23.525344178408606], [-45.109774821330866, -23.525191609681354], [-45.10934254327049, -23.52486104410579], [-45.10873226836159, -23.52458133477266], [-45.10824913405881, -23.524581334772652], [-45.107842284119464, -23.524555906651386], [-45.107537146665074, -23.524352481681813], [-45.10700315611979, -23.524352481681824], [-45.10654544993819, -23.524276197318187], [-45.106164028120176, -23.524072772348568], [-45.105915373230566, -23.523762101987394], [-45.105979230071014, -23.52318946478192], [-45.10626887638471, -23.523003140216446], [-45.10674613, -23.514337570000013], [-45.1100041, -23.51239157999999], [-45.109386093479735, -23.51091257810648], [-45.109123777661125, -23.510980263508984], [-45.108607284562744, -23.510373175912548], [-45.10825182731928, -23.51008007443559], [-45.10759112621951, -23.50993547253832], [-45.107332250539926, -23.50968695142317], [-45.10727110906565, -23.509346778060358], [-45.107481143500564, -23.50902458070654], [-45.107781808890714, -23.508530735724094], [-45.107675969821166, -23.508060236174106], [-45.10798442587951, -23.50755806968231], [-45.10787664, -23.50730010999999], [-45.1126281, -23.5058001], [-45.11722808, -23.50434814], [-45.11994405, -23.50347965], [-45.123519318638785, -23.502337049167163], [-45.123455150537424, -23.502250419838884], [-45.123493258414335, -23.50195946267057], [-45.12045620192741, -23.500469197628846], [-45.120276635387235, -23.50052633211622], [-45.11989521356923, -23.500907753934175], [-45.11959585590002, -23.50113247596425], [-45.119374825425396, -23.50116099404216], [-45.119156523774855, -23.50101578196498], [-45.11899268658277, -23.500471933975565], [-45.11860046159586, -23.500139455727535], [-45.11839853973601, -23.499866222880975], [-45.117985881860534, -23.499257353310966], [-45.11267691126541, -23.496661539090628], [-45.11222866326464, -23.496518002426544], [-45.1121037342258, -23.496381272417345], [-45.11120164, -23.49594017], [-45.11103224804849, -23.4956784175813], [-45.11062160070755, -23.49553242760574], [-45.11014472295545, -23.495081466341702], [-45.10950191319841, -23.494309309245505], [-45.10845255902841, -23.4935081706645], [-45.10755057064359, -23.49284043442414], [-45.10745204809323, -23.492657517820774], [-45.10746619234673, -23.49247848451903], [-45.107151741432176, -23.49189081994573], [-45.106949150675035, -23.491555835170423], [-45.106958497463545, -23.491039418102297], [-45.107245217146954, -23.49069593380358], [-45.107053180465336, -23.490228925416158], [-45.10696583823035, -23.489614632483953], [-45.10697137456617, -23.48940314741399], [-45.1064547, -23.4886047], [-45.10309476, -23.48979268], [-45.10316217877512, -23.49068649237732], [-45.103328639843006, -23.49100438906723], [-45.103445731411114, -23.49153482624897], [-45.1033415066668, -23.491702774059288], [-45.103251560648815, -23.49187150931709], [-45.10355375, -23.495878129999987], [-45.103013594449685, -23.495576704682172], [-45.103528816975405, -23.49603590922771], [-45.104283082728955, -23.496530133672497], [-45.104539140622805, -23.49687932616858], [-45.10445458390283, -23.497386847488713], [-45.1044857721209, -23.497830951268824], [-45.10390092533319, -23.49775466690519], [-45.10354493163639, -23.49729696072366], [-45.103239794181874, -23.49678839829952], [-45.102522782269304, -23.495878010455318], [-45.10172550257806, -23.49497975385706], [-45.10112926012217, -23.494550723633836], [-45.100417272728606, -23.49429644242174], [-45.09991091703789, -23.494337679677738], [-45.09938669453035, -23.49414526159006], [-45.09889513882001, -23.493411177172664], [-45.09883193463804, -23.493243115773936], [-45.0977103, -23.492617160000012], [-45.083694941786, -23.49524034738755], [-45.083610722738655, -23.495374106945654], [-45.08400287, -23.49822158], [-45.08412538, -23.49911158], [-45.08460686, -23.50261005], [-45.08483797553935, -23.504289996434423], [-45.084931546916664, -23.504543975265868], [-45.08502665441951, -23.505661487676107], [-45.08507385, -23.50600455], [-45.08534792171379, -23.507995554699384], [-45.08542148242003, -23.508117944687104], [-45.08543813214415, -23.508650896420168], [-45.08605531, -23.5131345], [-45.08573654015735, -23.51372406821245], [-45.08572839655641, -23.51385140320327], [-45.08549096558302, -23.51425751756486], [-45.08542956642834, -23.514291811361854], [-45.08505552223781, -23.51498358964654], [-45.08507081876861, -23.51502759245306], [-45.08510807260953, -23.51546520055867], [-45.08503430050544, -23.51591034544287], [-45.08464959858248, -23.516019377565176], [-45.08439816742387, -23.51622228409799], [-45.08446628459912, -23.516474382984285], [-45.084506805634696, -23.51671191407539], [-45.0841707625628, -23.5166192258496], [-45.083430929262946, -23.5179680959374], [-45.08343453560297, -23.518166647029105], [-45.08311968156656, -23.518535551973663], [-45.08304447846637, -23.518672658484164], [-45.08306889649489, -23.51897448731214], [-45.083374671426554, -23.51927868316133], [-45.0837256406043, -23.519639701377088], [-45.0838882583697, -23.51998386935409], [-45.083761853341365, -23.52030941041078], [-45.08343055218791, -23.520587648588364], [-45.08327724788292, -23.52112311028912], [-45.08320243467484, -23.52127567901648], [-45.08282101285684, -23.521334807615133], [-45.08259215976607, -23.521072254046665], [-45.08218708650871, -23.52063109257765], [-45.08209014911208, -23.520412503845094], [-45.08162283, -23.52126445], [-45.081207659869335, -23.517605457869053], [-45.081066472494015, -23.517436032714965], [-45.08071047879721, -23.517003754654624], [-45.08048660606369, -23.516658291977574], [-45.08068933961713, -23.516248017745475], [-45.08101199534306, -23.515881063747628], [-45.08084426723587, -23.514402895815714], [-45.08083718935163, -23.514392194949327], [-45.080338981491856, -23.513499268396245], [-45.08031698420286, -23.513261678743387], [-45.08072099976659, -23.513316567253497], [-45.08024389, -23.50911201], [-45.079522874414224, -23.50826884190753], [-45.079325907017015, -23.508255703810317], [-45.078528990418974, -23.507731498350026], [-45.077439870148574, -23.50704169124032], [-45.076768689959216, -23.50643423411716], [-45.07660251883061, -23.505890930111956], [-45.07652681440129, -23.505255533739245], [-45.07694600082661, -23.505255327917506], [-45.07651692, -23.50475353], [-45.07219, -23.49969352], [-45.06867251474886, -23.49557277362486], [-45.06847955249919, -23.495466135997198], [-45.06801222733078, -23.495008429815403], [-45.067640424499466, -23.49444901114908], [-45.06764531921471, -23.494369370042918], [-45.06696904, -23.49357707], [-45.06746114787872, -23.493393383612872], [-45.06728388529912, -23.493110651292742], [-45.06722579589632, -23.49287433063059], [-45.067428076693204, -23.492876164565065], [-45.067902878710335, -23.493180191274156], [-45.06801755471916, -23.493185693705186], [-45.07008602, -23.49241357], [-45.07348147, -23.49114559], [-45.07358898, -23.49110557], [-45.07357952, -23.48686261], [-45.06844209, -23.47768866], [-45.06337114, -23.46865016], [-45.06197718, -23.46791815], [-45.059849512921495, -23.466799998280933], [-45.05981254658416, -23.466828005901483], [-45.05926348248207, -23.4671449690757], [-45.05881686644236, -23.46752063079687], [-45.05856938643111, -23.467330502702467], [-45.05844397432407, -23.46694183267514], [-45.058412528762666, -23.466618085257355], [-45.05807981108592, -23.466401877574842], [-45.05833979776256, -23.46611307619682], [-45.058389096653755, -23.466045248324242], [-45.05635823, -23.46499715999999], [-45.05215573, -23.46840963], [-45.0490373, -23.465230629999983], [-45.04472683, -23.46113014], [-45.04372079720582, -23.461401862858974], [-45.04368713432717, -23.461595878556924], [-45.043637782513464, -23.46188946865587], [-45.04313518297883, -23.461900685146546], [-45.04287837098227, -23.46162938985882], [-45.03771939, -23.46302262], [-45.036255931823746, -23.463417778223068], [-45.03611843761784, -23.46353534149439], [-45.03578641895252, -23.46354455060159], [-45.03564540951636, -23.463582623945822], [-45.03540112017888, -23.46392815898036], [-45.034926258232375, -23.464225759656422], [-45.03438295422682, -23.464357189203717], [-45.033553139687484, -23.464408045446127], [-45.03296610424057, -23.464317588024134], [-45.032924006067574, -23.46431738424209], [-45.03279542, -23.4643521], [-45.03262684718926, -23.464315945484543], [-45.03252418911955, -23.464315448314018], [-45.03228355597419, -23.464608536409568], [-45.03220510209583, -23.464895980040016], [-45.03227617570002, -23.465180957127632], [-45.03205654987194, -23.465109378990594], [-45.0319506099202, -23.464835576683555], [-45.03196138704338, -23.46417321979208], [-45.0202891351704, -23.461669359776852], [-45.019962697245916, -23.46169759104185], [-45.01981411805734, -23.46156744462574], [-45.01865654, -23.46131908], [-45.01879944453291, -23.461301201245572], [-45.01862254360079, -23.461243438223516], [-45.01841711624676, -23.46079529879991], [-45.01854523516148, -23.4603407559613], [-45.018842867757996, -23.460055490277202], [-45.0195396652795, -23.45995581820921], [-45.02002801599278, -23.460019335042425], [-45.020851334857745, -23.459756781474226], [-45.02146650976033, -23.459804084353138], [-45.02202935823785, -23.45965506898934], [-45.02265807809313, -23.459841338194053], [-45.0239318741531, -23.460375409635], [-45.02460880905968, -23.460371154825218], [-45.02504190866143, -23.46052006526853], [-45.027738, -23.46018261], [-45.0296979686508, -23.459946723901236], [-45.02975841234148, -23.459740522449653], [-45.02987108663212, -23.459521002657375], [-45.03033204065109, -23.459552620926843], [-45.031064431646854, -23.459493186801918], [-45.03211032129492, -23.459656354956273], [-45.03452944, -23.45936513], [-45.03470193, -23.45611816], [-45.03505945, -23.44938918], [-45.03792742000001, -23.44775719], [-45.039072827190225, -23.448504049879006], [-45.039923772389265, -23.448652964865474], [-45.04047634057596, -23.44866045916505], [-45.041112379838175, -23.449276571928422], [-45.041551172146185, -23.44954294910755], [-45.04282227268017, -23.449511760889642], [-45.043720560153226, -23.449390801878625], [-45.044214139851455, -23.449489811528807], [-45.04441976395785, -23.449624434719446], [-45.04444557673481, -23.450026709131663], [-45.044568913236205, -23.450609498470417], [-45.04490590746309, -23.45095436259714], [-45.045618032182496, -23.45136361506545], [-45.04632182974849, -23.451713709541313], [-45.04681375213116, -23.452492611167003], [-45.04745157679704, -23.453046593336964], [-45.04816750817782, -23.45359815162446], [-45.04866926940105, -23.45439573684202], [-45.04907697565481, -23.455026728248257], [-45.04964828, -23.45539919], [-45.05331786055112, -23.457791544982342], [-45.05432774772709, -23.45810314133237], [-45.05484695622285, -23.45866882683319], [-45.05482289606497, -23.458772706334063], [-45.05498774, -23.45888017], [-45.05926070000001, -23.45659069], [-45.06012623, -23.455473210000015], [-45.06698968, -23.446614289999985], [-45.06874572, -23.43518932], [-45.06553741576282, -23.431110721424563], [-45.06497978523347, -23.431125452579394], [-45.06460142783652, -23.43120896657742], [-45.0642476997638, -23.4315187001169], [-45.063749921955576, -23.431565267418268], [-45.062957791308555, -23.431594678954554], [-45.061588531653385, -23.431234701842556], [-45.060499716909035, -23.431214298240516], [-45.0600655719807, -23.43076467499503], [-45.05999227, -23.43076282], [-45.06002904528296, -23.43072684590591], [-45.05993600930157, -23.430630492556663], [-45.05957022501798, -23.429842072551363], [-45.059619046127146, -23.429538429975207], [-45.05993821603471, -23.42917385839588], [-45.06025946815011, -23.42875236495146], [-45.06090197238082, -23.42834447390818], [-45.061660527075844, -23.427932599449957], [-45.06269198990293, -23.427729174480366], [-45.06299142252928, -23.427828884031968], [-45.06422877, -23.42661837], [-45.06092433, -23.41964837], [-45.05287707934056, -23.41618834229946], [-45.05257318114412, -23.416609980953872], [-45.05234109550516, -23.416763676591188], [-45.05129014256642, -23.416798330201008], [-45.0502881736206, -23.41683870128166], [-45.04844044, -23.41834585], [-45.04520693, -23.42098432], [-45.04566420560589, -23.421971275827485], [-45.046239753920474, -23.422243847352746], [-45.04666539329486, -23.42257136228633], [-45.047045423007674, -23.423128155698393], [-45.047548720309244, -23.42347104172538], [-45.047984486810435, -23.423936831057915], [-45.04811162741642, -23.42449624972426], [-45.047831918083205, -23.42510652463315], [-45.047544374896354, -23.425303359510263], [-45.04717078693194, -23.425208237118014], [-45.04656051202304, -23.425182808996777], [-45.04600109335647, -23.42523366523917], [-45.04544167469025, -23.425462518329965], [-45.044983968508454, -23.425538802693392], [-45.04429740923615, -23.425411662087583], [-45.04400772735941, -23.42524126115481], [-45.04362345, -23.4252568], [-45.04049703712354, -23.422049028119744], [-45.04020170504084, -23.422231370255645], [-45.039720347419745, -23.422589140634194], [-45.03927875589909, -23.42262994783868], [-45.0386743604796, -23.42227585341394], [-45.03857387523238, -23.42170007297096], [-45.03878704371369, -23.421399960035355], [-45.0391402196248, -23.4213445093255], [-45.03941239217956, -23.42130946221779], [-45.03951596945826, -23.421042638300374], [-45.03730252, -23.41877034999999], [-45.0317156, -23.41345585], [-45.031337262432054, -23.41355746754033], [-45.03116896191727, -23.4136870914805], [-45.030589445174996, -23.414281987306182], [-45.03023565821146, -23.41463013869817], [-45.02914224899976, -23.414375857486185], [-45.02860430309769, -23.41429147503482], [-45.02446414, -23.4154033], [-45.02225816, -23.41599531], [-45.02200756425002, -23.41606136924955], [-45.02204780318449, -23.41641010718227], [-45.02214951566936, -23.41714752269713], [-45.02230208439651, -23.417859510090743], [-45.022378368760116, -23.41829178815113], [-45.02202237506331, -23.41854606936325], [-45.02110696269984, -23.41854606936324], [-45.020013553488155, -23.418418928757163], [-45.01930156609465, -23.417986650696733], [-45.018767575549425, -23.417859510090736], [-45.0176487382165, -23.41803750693914], [-45.01696217894412, -23.418240931908617], [-45.01579248536869, -23.418266360029865], [-45.01495335736898, -23.418240931908603], [-45.014063373127115, -23.418139219424006], [-45.01345309821823, -23.417783225727014], [-45.0131733888849, -23.41730009142437], [-45.01299539203661, -23.41668981651527], [-45.01266482646099, -23.4162066822127], [-45.012130835915706, -23.415876116637083], [-45.01190198282493, -23.41557097918263], [-45.01206698401798, -23.415189950245882], [-45.01262549041209, -23.41499899921863], [-45.01266482646099, -23.41455385433456], [-45.01266517458998, -23.41452350959863], [-45.011675447669525, -23.412736180863508], [-45.011349365359145, -23.412763101234727], [-45.010799260152965, -23.41299624326678], [-45.01038309675363, -23.413076816571767], [-45.00969727305877, -23.412969038463846], [-45.009473444487114, -23.412675726729095], [-45.00930831446232, -23.412341607790164], [-45.00941609257003, -23.411586300932495], [-45.00924489692243, -23.410911567379845], [-45.008977748886636, -23.410154789366743], [-45.00872346767466, -23.409493658215595], [-45.00873598290009, -23.40919475741426], [-45.009059306424874, -23.408892559688397], [-45.008606163199495, -23.408442562391116], [-45.008639621982546, -23.408089203865547], [-45.008881023671755, -23.408036701559627], [-45.00911971144096, -23.408120771143953], [-45.00797229, -23.4060488], [-44.99326095, -23.3976348], [-44.99198445353743, -23.397541004364296], [-44.9919409076815, -23.397567869372086], [-44.9915594858634, -23.397644153735683], [-44.991152635924095, -23.39784757870538], [-44.99066698936182, -23.398065647180463], [-44.990327845903806, -23.398331018534442], [-44.989960026487196, -23.398515081005726], [-44.989621924133154, -23.398577027390022], [-44.98919111722815, -23.39857096176715], [-44.98876061584943, -23.398491429566405], [-44.988393532010775, -23.398359264441414], [-44.987985946493744, -23.398061358239183], [-44.98720018699591, -23.397508005195682], [-44.98624323185056, -23.39714092135696], [-44.98606268129093, -23.39710580912587], [-44.98474751, -23.39700931], [-44.98301303, -23.39688181], [-44.98109133391947, -23.39826682785049], [-44.980854246837424, -23.398788419189735], [-44.98062539374671, -23.399627547189453], [-44.98070167811027, -23.400161537734675], [-44.980854246837424, -23.400568387673847], [-44.98077796247369, -23.400873525128212], [-44.97991340635302, -23.40082266888588], [-44.97851485968683, -23.400466675189087], [-44.97734516611171, -23.4002632502193], [-44.976989172414726, -23.39995811276514], [-44.97688745992994, -23.399424122219838], [-44.97681997582154, -23.398659301692998], [-44.97351364, -23.39603378], [-44.97129020051542, -23.39383890862457], [-44.97093632189155, -23.393657659943887], [-44.97093617844654, -23.39348942898378], [-44.97078966, -23.39334479], [-44.97067318, -23.38950031], [-44.97064366, -23.38852879], [-44.96703971, -23.38702679], [-44.96619624, -23.38667529], [-44.966037321797295, -23.386598959585406], [-44.96582622720721, -23.386710061619073], [-44.96526680854069, -23.38671006161908], [-44.964732817995476, -23.386684633497904], [-44.964402252419966, -23.386532064770815], [-44.96402083060185, -23.386404924164736], [-44.96377659842788, -23.386254132119294], [-44.96359933715713, -23.386048194890222], [-44.96350871481435, -23.38587522256083], [-44.963563124420226, -23.38554036804393], [-44.96367334022328, -23.385463487804063], [-44.96288077, -23.38508279], [-44.962350062790954, -23.38384990811698], [-44.962186758037916, -23.38372210461495], [-44.96172727517462, -23.383444171963337], [-44.96130002163318, -23.383378977741724], [-44.96102031229993, -23.38317555277226], [-44.9607335012902, -23.38300770032342], [-44.9609603358796, -23.382615116751147], [-44.961182243476834, -23.382231060344598], [-44.96142492619911, -23.382013715661554], [-44.961553704341036, -23.381997526208206], [-44.96092381, -23.38053231], [-44.95630983, -23.37972229], [-44.95253219552081, -23.379059333300845], [-44.95234932297017, -23.379132481501195], [-44.951688191818796, -23.379157909622432], [-44.951013028214604, -23.37903076901639], [-44.95009553364353, -23.378818030586586], [-44.949529783430634, -23.378543014541354], [-44.949527945900115, -23.378532041198383], [-44.94931287, -23.37849429], [-44.94900739, -23.3752988], [-44.94895142, -23.3747133], [-44.94839843, -23.36893134], [-44.94838739847432, -23.368340835377587], [-44.948110265867925, -23.36782316018774], [-44.94792503376552, -23.36732945365341], [-44.947932942148384, -23.366894741126327], [-44.94835507503722, -23.366610866887097], [-44.948349481684346, -23.3663115479195], [-44.94821740603806, -23.36588123899383], [-44.94833942577542, -23.36577345267406], [-44.94830193, -23.36376738], [-44.94691140076099, -23.362325213023684], [-44.94558219489309, -23.361573169944585], [-44.94428536071183, -23.360400228532086], [-44.94316830006078, -23.35883226290006], [-44.942930391394185, -23.358196212241513], [-44.9419105, -23.35713837], [-44.92658165000001, -23.35298634], [-44.92607259163624, -23.352684293868272], [-44.92603550315685, -23.352779238795943], [-44.92568810216045, -23.353071689276362], [-44.92527621619497, -23.35287852917561], [-44.92466735341005, -23.352394231738153], [-44.923946111587654, -23.35182267933103], [-44.92187534362835, -23.35080776121625], [-44.921057030627416, -23.35032447636466], [-44.9200523612066, -23.349399165512004], [-44.919363122081535, -23.349040091430574], [-44.91878724618984, -23.348533894379944], [-44.91819234538887, -23.34806623382447], [-44.91801749487419, -23.347894754913504], [-44.91718326, -23.34739786], [-44.915563215209204, -23.345082861264036], [-44.91508532667043, -23.344769147688766], [-44.91479908438092, -23.344377753749225], [-44.91443303926834, -23.344284560746384], [-44.914171247148815, -23.343891881289835], [-44.91404597462169, -23.34348905906653], [-44.91356772484948, -23.343189924038576], [-44.913335413961, -23.342916501271585], [-44.913339206343295, -23.34260099224341], [-44.91341436668529, -23.342075949349788], [-44.91326027157803, -23.34179191928018], [-44.912921591880604, -23.34130793087734], [-44.91257932719487, -23.34124972955251], [-44.912113269112076, -23.340788709056714], [-44.91201275422919, -23.340456010328026], [-44.91172250582161, -23.34009341323853], [-44.9113666363525, -23.339347884779453], [-44.91130386190387, -23.3389960875658], [-44.91094334, -23.33848087], [-44.90888246866093, -23.335438225880292], [-44.908824611725855, -23.335398968888807], [-44.908589619660724, -23.335006358187176], [-44.90858263191813, -23.334995542570706], [-44.90748850970013, -23.33338014707602], [-44.907340344446105, -23.33340652327834], [-44.906778818013336, -23.33365781483246], [-44.906216391110725, -23.333579493430005], [-44.905692356865075, -23.33366539613277], [-44.904173359566464, -23.333929210499388], [-44.90307520013797, -23.334199526666456], [-44.902458725633736, -23.334352108119795], [-44.902297674145466, -23.334298911669578], [-44.89748147000001, -23.33534788], [-44.89570260835459, -23.335637950793004], [-44.895258750395406, -23.335839196909074], [-44.89404451144442, -23.33607572355515], [-44.89346966274979, -23.336286041980507], [-44.89241633846246, -23.336861116495548], [-44.891321643354196, -23.33742318740988], [-44.890562458634605, -23.337681378456722], [-44.8895559274686, -23.337688532917035], [-44.888802591889124, -23.337582620534352], [-44.88815019803235, -23.33763199949545], [-44.88752293289628, -23.337655170236054], [-44.88718254749955, -23.33765734726397], [-44.88653531538857, -23.339105798441615], [-44.88674881139639, -23.33935350809931], [-44.8867808687574, -23.33970310158844], [-44.886586365592414, -23.34006958983784], [-44.88598008739645, -23.340636882033007], [-44.885733840094986, -23.340899361640336], [-44.88544406, -23.341547820000013], [-44.88302108, -23.34828926], [-44.88487551, -23.350871770000015], [-44.8866775, -23.35338127], [-44.88713083761345, -23.35398244722111], [-44.887472511009605, -23.35433486675588], [-44.88762645649041, -23.354639689513178], [-44.89064596, -23.35864376000001], [-44.89050304540976, -23.35901550779354], [-44.89052151465331, -23.35904002098765], [-44.890464887029296, -23.359114764352746], [-44.88812348, -23.3652047], [-44.8889035704734, -23.367104862671233], [-44.888917390892026, -23.367110519996096], [-44.88922842522009, -23.367470079605493], [-44.88947014834641, -23.36810731086171], [-44.88955501661858, -23.368603115236812], [-44.88974761897373, -23.368903523602263], [-44.89045280483441, -23.368986539335566], [-44.89114075967497, -23.369189390419347], [-44.891702591251466, -23.369548778446134], [-44.89191599744969, -23.369944070109014], [-44.89200913205193, -23.370303629718514], [-44.891971652390865, -23.37063070512712], [-44.89155513252012, -23.37086052895322], [-44.891503996598274, -23.37108992593977], [-44.8913941682551, -23.37128508176478], [-44.89099928749136, -23.371565191607694], [-44.89083114145314, -23.371799971608144], [-44.89111493, -23.3724912], [-44.89049604028834, -23.372082499049235], [-44.89036446634893, -23.37218740790737], [-44.88982013350132, -23.37243268058549], [-44.88931094104208, -23.372403123832513], [-44.888562600922995, -23.372077579564326], [-44.888204346633714, -23.371739910175872], [-44.88780406886334, -23.371470246668927], [-44.88740617591302, -23.371528286430156], [-44.88712654628584, -23.3712835258238], [-44.886737966795856, -23.370793577771252], [-44.8863004351846, -23.370344573699676], [-44.88612368045981, -23.370216344256374], [-44.885787944250815, -23.370330264779014], [-44.884976794730306, -23.36984119520669], [-44.88468134984255, -23.36956502989944], [-44.88455030873928, -23.36926092421168], [-44.88450785841811, -23.3686648379562], [-44.88469455407532, -23.368250875795074], [-44.87773106, -23.3636067], [-44.87598335017536, -23.36244943242723], [-44.87593749483769, -23.362503245857326], [-44.8761482153026, -23.362980617149443], [-44.87602907349913, -23.363268480737], [-44.87559457936808, -23.36369084974793], [-44.87542909608374, -23.363968747214972], [-44.87521574017813, -23.36423841072193], [-44.87479337116721, -23.36427220024281], [-44.87448926547942, -23.364187726440683], [-44.87428652835426, -23.363900515513173], [-44.87448449583906, -23.363107767092814], [-44.87429453649418, -23.362779612184315], [-44.87395054506918, -23.362429232277595], [-44.87362581265835, -23.362245810308366], [-44.87319866976119, -23.36202700499692], [-44.87313248816437, -23.361564067912983], [-44.872816752954364, -23.361334844152395], [-44.87212314533849, -23.360935497457007], [-44.87168669322718, -23.36082351011389], [-44.87122641771515, -23.36077694281277], [-44.870772418183265, -23.36036951058204], [-44.87064931967202, -23.360148373927494], [-44.87078931294365, -23.35972750968544], [-44.87102037379968, -23.359466757503885], [-44.871035684548055, -23.3593530530953], [-44.85351027, -23.36099916], [-44.83820388, -23.36928205], [-44.83847437, -23.37287704], [-44.838635151517146, -23.37401853886753], [-44.8387568471561, -23.374138740337568], [-44.839145426646205, -23.374510425066887], [-44.83929747948997, -23.374780741233877], [-44.839437181393535, -23.374910061007522], [-44.83929747948998, -23.375084846921983], [-44.83886606782265, -23.375657985354554], [-44.83901136, -23.37668953], [-44.83932536, -23.37891901], [-44.83988032727039, -23.379918945329106], [-44.840189152135174, -23.379890085887112], [-44.84025642901024, -23.380021003322568], [-44.84033061457079, -23.38031825592433], [-44.84060118770366, -23.38044068699989], [-44.84096250123199, -23.380267569594636], [-44.841205910336875, -23.380232770974654], [-44.84178944055569, -23.380792323291296], [-44.84231161147338, -23.381549577157184], [-44.84268592162069, -23.382381102666976], [-44.842995893791496, -23.382571530995055], [-44.84335699163495, -23.382919898784145], [-44.84351835793926, -23.38341504331691], [-44.843301503027824, -23.38390152704948], [-44.84293335327929, -23.384091932743676], [-44.84275121686945, -23.38444741240118], [-44.84255731706346, -23.384742192502422], [-44.84281332289276, -23.385203437853146], [-44.842948439404736, -23.385290474387254], [-44.84296248562066, -23.38547218322381], [-44.843212210299114, -23.385922108806433], [-44.84355418785169, -23.386101768960497], [-44.843785337131976, -23.386306040017352], [-44.84380069365835, -23.38669845863889], [-44.84368902539164, -23.386781174899703], [-44.84377829, -23.386942], [-44.84347690276307, -23.38694371783886], [-44.84325085343209, -23.387147705873268], [-44.84299667366503, -23.38734353170129], [-44.84271921472953, -23.387395241826095], [-44.8423270318815, -23.387317416141002], [-44.84158135291975, -23.38772289469401], [-44.84068284984575, -23.387857285811705], [-44.84026048083507, -23.38782349629086], [-44.83968605898008, -23.387519390602925], [-44.83932130289069, -23.38704872213061], [-44.83927995167617, -23.38696757953301], [-44.83735436, -23.386978489999983], [-44.83713127511552, -23.38693335430654], [-44.83664499173405, -23.386877349856128], [-44.83607672027564, -23.38694035834801], [-44.83506995024927, -23.386603230105287], [-44.83429770990085, -23.386470183295913], [-44.83418832496043, -23.386337893524782], [-44.83131989, -23.38575746], [-44.82828093, -23.38790394000001], [-44.82735775546562, -23.38728489655456], [-44.826806878464325, -23.387171507628473], [-44.826564638629016, -23.3870248148076], [-44.826297967667806, -23.386822848950747], [-44.8261626113558, -23.38655099885213], [-44.82613230483476, -23.38646314705763], [-44.82563095, -23.38612695], [-44.82010001, -23.38198347], [-44.80604264, -23.37957395], [-44.80136068, -23.37646245], [-44.8005207, -23.37590396], [-44.800498406959164, -23.375661014194087], [-44.80046443338643, -23.375651260636694], [-44.80002093402671, -23.375462165220487], [-44.79993725897129, -23.375264019751143], [-44.80024876681222, -23.374945842968717], [-44.80042143665357, -23.37482221203907], [-44.80013772, -23.37173044], [-44.79714121, -23.37093346], [-44.79165277, -23.36965346], [-44.78911004437874, -23.370274078206855], [-44.78921987132206, -23.37080816733164], [-44.78923137567641, -23.37108729049884], [-44.78912242581361, -23.371272480203473], [-44.78879796104527, -23.371336594925094], [-44.7883935662946, -23.37123284154247], [-44.7880049868048, -23.37096252537543], [-44.78782152926009, -23.370614664046503], [-44.787824304761905, -23.370587875661986], [-44.78569534, -23.37110744], [-44.78503832, -23.37382342], [-44.78437428581534, -23.376568616754092], [-44.78489635088429, -23.37696016533042], [-44.785069904586116, -23.377298060539097], [-44.78488058443785, -23.37736403849666], [-44.78497391338917, -23.37758757236382], [-44.78459884761881, -23.377643786057217], [-44.78414248462542, -23.37752686071243], [-44.78398584, -23.3781744], [-44.77297694, -23.37449588], [-44.767095, -23.37240636], [-44.76640114182912, -23.37215992497606], [-44.76608654918638, -23.372346463532367], [-44.76574250347636, -23.372080762774857], [-44.765210490655775, -23.37183412427806], [-44.76501023123409, -23.371665911146238], [-44.76254101, -23.37078888], [-44.759818694580325, -23.3698220949712], [-44.759571104990016, -23.369864365947123], [-44.75909936880224, -23.369566630459186], [-44.75024517, -23.36642184], [-44.74562417, -23.36714135], [-44.73554377, -23.36905281], [-44.73500600597048, -23.369147392553966], [-44.73500612331527, -23.369154786008636], [-44.73498503884461, -23.36915108023139], [-44.7299628, -23.37003429], [-44.728519020086814, -23.369445146359656], [-44.7284534979879, -23.369666718494067], [-44.72820065947546, -23.36981263849416], [-44.727831675098436, -23.36984015251423], [-44.72760046421479, -23.36950128803093], [-44.72757245352382, -23.36927003665222], [-44.72721136277402, -23.36927935011259], [-44.726899023472534, -23.36959773094812], [-44.72652909247701, -23.369622197744974], [-44.72609934606541, -23.369507416978067], [-44.72545754618844, -23.36897890976429], [-44.72488485649356, -23.368586865954178], [-44.724418731841475, -23.368246159085643], [-44.72433134460988, -23.368072311767204], [-36.87779736592096, -33.031611308449804], [-39.72753169236899, -31.321550619607695], [-39.760456021462716, -31.216189407386636], [-39.76537931722109, -31.200030553775157], [-39.77011277588814, -31.183830048799905], [-39.77465606739404, -31.167589352564153]], [[-45.31710611, -23.91449723], [-45.31334115, -23.91354126], [-45.30916969, -23.91112574], [-45.30399825, -23.90862774], [-45.30173978, -23.91457519], [-45.29629682, -23.9124037], [-45.29018286, -23.9102007], [-45.28564489, -23.91809014], [-45.28391938, -23.92108962], [-45.2795794, -23.9287116], [-45.28195637000001, -23.93402407], [-45.28316537, -23.93662855], [-45.28323487, -23.93677905999998], [-45.28542084, -23.94149206], [-45.27997683000001, -23.9481095], [-45.27771936, -23.95080549], [-45.27565088, -23.95327547], [-45.27025589, -23.95971791], [-45.26729242, -23.96325741], [-45.26231793, -23.9639424], [-45.25486352, -23.96496936], [-45.25046804, -23.96547736], [-45.23809467, -23.95789735], [-45.23660721000001, -23.95388037], [-45.23413474, -23.9471974], [-45.22676931, -23.94079289], [-45.23573226, -23.94187143], [-45.23574422, -23.94177443], [-45.23678778, -23.93363496], [-45.23543177, -23.93196744], [-45.23274432, -23.92866197], [-45.23585878, -23.92567898], [-45.23769131, -23.923923], [-45.23812232, -23.90803505], [-45.23713487, -23.90686656], [-45.23597087, -23.90548809], [-45.22607642, -23.90652507], [-45.22443545, -23.90247305], [-45.22912442, -23.89752011], [-45.23512237, -23.89887761], [-45.24257133, -23.89164268], [-45.24512381, -23.89677216], [-45.2452273, -23.89696666], [-45.24753276, -23.90128615], [-45.25144673, -23.898578149999988], [-45.26151666, -23.89163321], [-45.26779614, -23.89126121], [-45.27184758, -23.89152772], [-45.27692355, -23.88328979], [-45.27053264, -23.8799213], [-45.26875416, -23.8789843], [-45.26892417, -23.87449333], [-45.27188766, -23.87414532], [-45.28777299, -23.87228088], [-45.28974251, -23.86588939], [-45.28574756, -23.86187091], [-45.28552457, -23.85786295], [-45.28533009, -23.85437794], [-45.28500660000001, -23.84998847], [-45.27864718, -23.84410797], [-45.27573421, -23.84142996], [-45.27216873, -23.83826798], [-45.26872827, -23.83786549], [-45.26418433, -23.83733195], [-45.2556319, -23.83633244], [-45.25135894, -23.83794991], [-45.25077244, -23.83817142], [-45.24731195, -23.83957741], [-45.23837301, -23.84314488], [-45.22785865, -23.83817588], [-45.2324021, -23.83592989], [-45.23701757, -23.83734588], [-45.24116802000001, -23.83851492], [-45.24334052, -23.83598943], [-45.23829305, -23.83098391], [-45.24168853, -23.83112346], [-45.24459652, -23.83124295], [-45.24401754, -23.82758145], [-45.24818351, -23.824372], [-45.24454806, -23.82206197], [-45.23884658, -23.81855299], [-45.23867159, -23.81844548], [-45.2383651, -23.81642298999999], [-45.23750611, -23.81075454], [-45.24168709, -23.81145201], [-45.24187558, -23.80833755], [-45.23984412, -23.80543154], [-45.23573419, -23.79955306], [-45.23544521, -23.79704606], [-45.23520171, -23.79492807], [-45.23489722, -23.79103562], [-45.23415074, -23.78242216], [-45.23205075, -23.77959614], [-45.2295933, -23.77629014], [-45.23387176, -23.77594719], [-45.24542121, -23.76133475], [-45.24919169000001, -23.762426779999984], [-45.25438363, -23.76048029], [-45.25471363, -23.7603253], [-45.25822159, -23.75868132], [-45.25721762, -23.7555553], [-45.25513018, -23.75000935999999], [-45.25687368, -23.747591839999988], [-45.26116011, -23.74250689], [-45.26606307, -23.74272239], [-45.27169904, -23.73794244], [-45.27518155, -23.73494346], [-45.2893064, -23.73606399], [-45.29001641, -23.73612051], [-45.29041641, -23.73559149], [-45.29265288, -23.73263654], [-45.29753487, -23.73205252], [-45.29919084, -23.73185455], [-45.30698679, -23.73092158], [-45.30699676, -23.73091256], [-45.31102274, -23.72763608], [-45.31586971, -23.723690130000012], [-45.3288246, -23.720992169999988], [-45.33506504, -23.72491318], [-45.341001, -23.72705168], [-45.34662441, -23.73871611], [-45.3477234, -23.7438491], [-45.34856638, -23.7477901], [-45.35059182, -23.75725155], [-45.35004783, -23.75934856], [-45.34881179, -23.76411550999999], [-45.35171128, -23.7702635], [-45.35313776, -23.77316449999999], [-45.3555072, -23.77524099], [-45.35835218, -23.77773398], [-45.35837918, -23.77994847], [-45.35843268, -23.78440894], [-45.36264014000001, -23.78613943], [-45.36423309, -23.7974159], [-45.36469308, -23.8007214], [-45.36593352, -23.80964685], [-45.37059799, -23.81366433999999], [-45.3765774, -23.818429859999988], [-45.37999089, -23.82114983], [-45.3855198, -23.82555585], [-45.39007225000001, -23.82918333], [-45.39282873, -23.83137933], [-45.40768558, -23.84321432], [-45.40964107, -23.84479881], [-45.41184202, -23.846583809999988], [-45.41387651, -23.85095027], [-45.41457147, -23.85244228], [-45.41785645, -23.85866574999999], [-45.42401939, -23.85921876], [-45.43005432, -23.85975978], [-45.43260829, -23.86535278], [-45.43323729, -23.86673276], [-45.43407926, -23.86857777], [-45.43701774, -23.86981426], [-45.44162617, -23.87175378], [-45.44501315, -23.87590624], [-45.44603512, -23.87716524], [-45.44745461, -23.87891323], [-45.44809661, -23.87970426], [-45.45136108, -23.88372574], [-45.45692453, -23.88367525], [-45.46165699, -23.88775675], [-45.46112747, -23.89558272], [-45.46013644, -23.90888763], [-45.45968242, -23.9149871], [-45.45551795, -23.91978459999999], [-45.45048945, -23.92557606], [-45.445307, -23.931546], [-45.44317948, -23.93399798], [-45.43716102, -23.93643294], [-45.43232256, -23.93839091], [-45.4273736, -23.94039343], [-45.40690329000001, -23.93829987], [-45.40015885, -23.933442889999988], [-45.39920386, -23.9327554], [-45.39537789, -23.93232987], [-45.38990295, -23.93171983], [-45.37939055, -23.93054930999999], [-45.37391509, -23.92993933], [-45.36860864, -23.92934879], [-45.36184872, -23.9285963], [-45.35824221, -23.92815129], [-45.35555875, -23.92526279], [-45.35016532, -23.9194563], [-45.34785336, -23.91696732], [-45.34337089000001, -23.9214068], [-45.34271241, -23.92205927999999], [-45.33974289, -23.92500177], [-45.33788945, -23.92285725], [-45.33406695, -23.918462770000012], [-45.33184649, -23.91591077], [-45.32380307, -23.91169625], [-45.32093462000001, -23.91493827], [-45.31710611, -23.91449723]], [[-45.32517157, -23.91590677], [-45.32456858, -23.91739775], [-45.32407205, -23.91862623], [-45.32299159, -23.91735723], [-45.32093462000001, -23.91493827], [-45.32517157, -23.91590677]], [[-45.07667784, -23.53001591], [-45.08050181, -23.52541144], [-45.08031431, -23.52982444], [-45.08014881, -23.53349838], [-45.08353126, -23.53760689], [-45.08148728, -23.54095236], [-45.07827629, -23.54559884], [-45.08189872, -23.55308782], [-45.08062172000001, -23.55826728999999], [-45.07919774, -23.56383577], [-45.07557678, -23.56097478], [-45.06981534, -23.556151289999985], [-45.05726195, -23.54581177], [-45.04677706, -23.54283527], [-45.04199863, -23.54144275], [-45.03939617, -23.5343838], [-45.04369961, -23.53257031], [-45.05914403, -23.52623187], [-45.06127545, -23.532952340000012], [-45.06481744, -23.53801683], [-45.07211389, -23.53834238], [-45.07784783, -23.53528587], [-45.07667784, -23.53001591]], [[-45.1391515, -23.79675784], [-45.13833305, -23.79267137], [-45.14857646, -23.79454636], [-45.15834784, -23.80517836], [-45.15639032, -23.8128948], [-45.1461534, -23.82093176], [-45.13229551, -23.81254523], [-45.11968111, -23.81727869], [-45.11834413, -23.814470199999988], [-45.11491618, -23.80717073], [-45.13977451, -23.79986581], [-45.1391515, -23.79675784]], [[-45.16113, -23.56912944], [-45.15762003, -23.5728134], [-45.15267708, -23.56840792], [-45.15005811000001, -23.56954092], [-45.14579915, -23.57018041], [-45.14761413, -23.5664399], [-45.15165711, -23.56310792], [-45.1563131, -23.55926896], [-45.1633765, -23.56670945], [-45.16113, -23.56912944]], [[-45.01966019, -23.75869221], [-45.02033763, -23.76285118], [-45.01591267, -23.76532315], [-45.01185621, -23.76209166], [-45.00873225, -23.75940418], [-45.00929129, -23.75220669], [-45.01859518, -23.75424072], [-45.01966019, -23.75869221]], [[-45.01681419, -23.75080475], [-45.01463074, -23.74673226], [-45.01843973, -23.74398676], [-45.02274518, -23.7435628], [-45.02428562, -23.75193073], [-45.01859518, -23.75424072], [-45.01681419, -23.75080475]], [[-45.77549935, -23.85866118], [-45.77883734000001, -23.8572542], [-45.7846008, -23.8583717], [-45.78736726, -23.861994679999988], [-45.78686426, -23.86728666], [-45.7817498, -23.87050766], [-45.77901181, -23.86761065], [-45.77549935, -23.85866118]], [[-45.29526979, -23.60004162], [-45.28856134, -23.60079063], [-45.28281539, -23.6010861], [-45.28083042, -23.59307062], [-45.28596488, -23.59314867], [-45.29230679, -23.59324567], [-45.29357627, -23.59609717], [-45.29526979, -23.60004162]], [[-45.72401150000001, -23.80295331], [-45.71744904, -23.80415378], [-45.71454756, -23.80298028], [-45.71912255, -23.7978293], [-45.72593398, -23.80063733], [-45.72401150000001, -23.80295331]], [[-45.52520652, -23.85402056], [-45.52220554, -23.85442156], [-45.52023907, -23.84862956], [-45.52275208, -23.845662109999985], [-45.52603303, -23.84932808], [-45.52520652, -23.85402056]], [[-46.9062601, -24.3944123], [-46.90339562, -24.39662579], [-46.90177716, -24.39416582], [-46.90312314, -24.38724835], [-46.90665162, -24.38968433], [-46.9062601, -24.3944123]], [[-46.91065112, -24.3774464], [-46.9085896, -24.38052838], [-46.90445917, -24.37740188], [-46.90453668, -24.37383141], [-46.90940864, -24.37383139], [-46.91065112, -24.3774464]], [[-45.02582272, -23.54925621], [-45.02465425, -23.54396023], [-45.02801073, -23.545077729999985], [-45.03331815, -23.54871173], [-45.02582272, -23.54925621]], [[-44.84942919, -23.39493999], [-44.85504263, -23.39804796], [-44.85338116, -23.403232460000012], [-44.85137869, -23.39917744], [-44.84942919, -23.39493999]], [[-44.9445004, -23.38735072], [-44.94053745, -23.383517739999984], [-44.9450459, -23.38338227], [-44.94853736000001, -23.38620974], [-44.9445004, -23.38735072]], [[-46.97701608, -24.37228107], [-46.97488211000001, -24.3696211], [-46.97899559, -24.36789611], [-46.97987605, -24.370959589999988], [-46.97701608, -24.37228107]], [[-47.90840808, -25.16694832], [-47.91141059, -25.16291886], [-47.91350558, -25.16684733], [-47.90840808, -25.16694832]], [[-45.22822518, -23.81708646], [-45.22524225, -23.81367847], [-45.22860717, -23.813211], [-45.22822518, -23.81708646]], [[-45.70908364, -23.78821134], [-45.71256414, -23.78726237], [-45.71404262, -23.79018085], [-45.70908364, -23.78821134]], [[-45.27612917, -23.85241591], [-45.27700565, -23.85233594], [-45.27975812, -23.85208345], [-45.27863465, -23.85494691], [-45.27682264, -23.85311593], [-45.27612917, -23.85241591]], [[-45.2944808, -23.91875568], [-45.29700282000001, -23.91696717], [-45.29718927, -23.92058516], [-45.2944808, -23.91875568]], [[-45.15307777000001, -23.83162722], [-45.15385532, -23.82862722], [-45.15635627, -23.83077423], [-45.15307777000001, -23.83162722]], [[-45.66882946, -23.80494215], [-45.67032695000001, -23.80200318], [-45.67172541, -23.80467664], [-45.66882946, -23.80494215]]], [[[-45.01935116906698, -23.461161927504538], [-45.018945877924054, -23.46118608630657], [-45.018962330813174, -23.461280822400884], [-45.019421340901026, -23.461223394226426], [-45.01935116906698, -23.461161927504538]]], [[[-44.73004832, -23.360462819999984], [-44.73109535, -23.35922633], [-44.730765663442284, -23.358855780097603], [-44.72775246260834, -23.363172163872196], [-44.73004832, -23.360462819999984]]], [[[-46.13772329, -23.85888213], [-46.14286672, -23.86009162], [-46.13848681, -23.85554515], [-46.13326733, -23.85687712], [-46.13772329, -23.85888213]]]]}}]}